exp_time,od_measured,od_setpoint,od_zero_setpoint,thermostat_setpoint,heating_rate,internal_air_temp,external_air_temp,media_temp,opt_gen_act_int,pump_1_rate,pump_2_rate,pump_3_rate,pump_4_rate,media_vol,stirring_rate,LED_395nm_setpoint,LED_457nm_setpoint,LED_500nm_setpoint,LED_523nm_setpoint,LED_595nm_setpoint,LED_623nm_setpoint,LED_6500K_setpoint,laser_setpoint,LED_UV_int,FP1_base,FP1_emit1,FP1_emit2,FP2_base,FP2_emit1,FP2_emit2,FP3_base,FP3_emit1,FP3_emit2,custom_prog_param1,custom_prog_param2,custom_prog_param3,custom_prog_status,zigzag_target,growth_rate
0.19,0.7340577364241736,0.0,16352.0,37.0,1.0,23.4375,32.0625,22.53000000000003,0.0,0.0,0.0,0.0,0.0,20.0,0.3,0.1,0.2,0.1,0.4,0.1,0.1,0.1,0.5,0.0,60412.0,0.06136198106336489,0.0,65535.0,0.05267414358739605,0.0,0.0,0.0,0.0,0.0,0.0,0.0,0.0,0.0,0.0
60.29,0.6573913981440345,0.0,16352.0,37.0,1.0,23.6875,32.0625,24.27000000000004,0.0,0.0,0.0,0.0,0.0,20.0,0.3,0.1,0.2,0.1,0.4,0.1,0.1,0.1,0.5,0.0,58299.0,0.06260827801506029,0.0,65535.0,0.052307927061875335,0.0,0.0,0.0,0.0,0.0,0.0,0.0,0.0,0.0,0.0
120.36,0.666809019667906,0.0,16352.0,37.0,1.0,24.5,32.0625,26.29000000000002,0.0,0.0,0.0,0.0,0.0,20.0,0.3,0.1,0.2,0.1,0.4,0.1,0.1,0.1,0.5,0.0,59645.0,0.06094391818258026,0.0,65535.0,0.051804379339284355,0.0,0.0,0.0,0.0,0.0,0.0,0.0,0.0,0.0,0.0
180.44,0.6688839707375495,0.0,16352.0,37.0,1.0,25.3125,32.125,28.33000000000004,0.0,0.0,0.0,0.0,0.0,20.0,0.3,0.1,0.2,0.1,0.4,0.1,0.1,0.1,0.5,0.0,59012.0,0.06093675862536433,0.0,65535.0,0.05233844510566873,0.0,0.0,0.0,0.0,0.0,0.0,0.0,0.0,0.0,0.0
240.52,0.6722225073419874,0.0,16352.0,37.0,1.0,26.0625,32.125,30.090000000000032,0.0,0.0,0.0,0.0,0.0,20.0,0.3,0.1,0.2,0.1,0.4,0.1,0.1,0.1,0.5,0.0,59125.0,0.06019450317124736,0.0,65535.0,0.05207904173342489,0.0,0.0,0.0,0.0,0.0,0.0,0.0,0.0,0.0,0.0
300.59,0.6849005491180085,0.0,16352.0,37.0,1.0,26.8125,32.1875,31.810000000000002,0.0,0.0,0.0,0.0,0.0,20.0,0.3,0.1,0.2,0.1,0.4,0.1,0.1,0.1,0.5,0.0,59141.0,0.059501868416157996,0.0,65535.0,0.051850156404974444,0.0,0.0,0.0,0.0,0.0,0.0,0.0,0.0,0.0,0.0
360.66,0.6824599105731314,0.0,16352.0,37.0,1.0,27.6875,32.1875,33.77000000000004,0.0,0.0,0.0,0.0,0.0,20.0,0.3,0.1,0.2,0.1,0.4,0.1,0.1,0.1,0.5,0.0,58525.0,0.058966253737718924,0.0,65535.0,0.05070572976272221,0.0,0.0,0.0,0.0,0.0,0.0,0.0,0.0,0.0,0.0
420.72,0.6463936648842286,0.0,16352.0,37.0,0.3683499999999964,28.5625,32.1875,35.59000000000003,0.0,0.0,0.0,0.0,0.0,20.0,0.3,0.1,0.2,0.1,0.4,0.1,0.1,0.1,0.5,0.0,58929.0,0.05813775899811638,0.0,65535.0,0.05189593347066453,0.0,0.0,0.0,0.0,0.0,0.0,0.0,0.0,0.0,0.0
480.8,0.6653811600590298,0.0,16352.0,37.0,0.17934999999998724,29.1875,32.1875,36.33000000000004,0.0,0.0,0.0,0.0,0.0,20.0,0.3,0.1,0.2,0.1,0.4,0.1,0.1,0.1,0.5,0.0,57898.0,0.05867214756986425,0.0,65535.0,0.051148241397726404,0.0,0.0,0.0,0.0,0.0,0.0,0.0,0.0,0.0,0.0
540.85,0.6756749971453101,0.0,16352.0,37.0,0.21174999999998645,29.375,32.25,36.29000000000002,0.0,0.0,0.0,0.0,0.0,20.0,0.3,0.1,0.2,0.1,0.4,0.1,0.1,0.1,0.5,0.0,58991.0,0.05814446271465139,0.0,65535.0,0.05149919890135042,0.0,0.0,0.0,0.0,0.0,0.0,0.0,0.0,0.0,0.0
600.92,0.6669740345906134,0.0,16352.0,37.0,0.22114999999998985,29.625,32.25,36.170000000000016,0.0,0.0,0.0,0.0,0.0,20.0,0.3,0.1,0.2,0.1,0.4,0.1,0.1,0.1,0.5,0.0,59214.0,0.05817880906542372,0.0,65535.0,0.05146868085755703,0.0,0.0,0.0,0.0,0.0,0.0,0.0,0.0,0.0,0.0
660.95,0.682440822050214,0.0,16352.0,37.0,0.26564999999999483,29.875,32.1875,36.25000000000006,0.0,0.0,0.0,0.0,0.0,20.0,0.3,0.1,0.2,0.1,0.4,0.1,0.1,0.1,0.5,0.0,58193.0,0.058735586754420636,0.0,65535.0,0.051651789120317385,0.0,0.0,0.0,0.0,0.0,0.0,0.0,0.0,0.0,0.0
721.0,0.6870299697384434,0.0,16352.0,37.0,0.19234999999998564,29.9375,32.25,36.23000000000002,0.0,0.0,0.0,0.0,0.0,20.0,0.3,0.1,0.2,0.1,0.4,0.1,0.1,0.1,0.5,0.0,58381.0,0.05885476439252497,0.0,65535.0,0.051316090638590064,0.0,0.0,0.0,0.0,0.0,0.0,0.0,0.0,0.0,0.0
781.08,0.6923948856897817,0.0,16352.0,37.0,0.2500499999999911,30.0,32.25,36.25000000000006,0.0,0.0,0.0,0.0,0.0,20.0,0.3,0.1,0.2,0.1,0.4,0.1,0.1,0.1,0.5,0.0,59420.0,0.058465163244698755,0.0,65535.0,0.05250629434653239,0.0,0.0,0.0,0.0,0.0,0.0,0.0,0.0,0.0,0.0
841.16,0.6814626340644055,0.0,16352.0,37.0,0.2550499999999851,30.125,32.25,36.25000000000006,0.0,0.0,0.0,0.0,0.0,20.0,0.3,0.1,0.2,0.1,0.4,0.1,0.1,0.1,0.5,0.0,58696.0,0.058760392531007226,0.0,65535.0,0.05188067444876784,0.0,0.0,0.0,0.0,0.0,0.0,0.0,0.0,0.0,0.0
901.23,0.696857004823905,0.0,16352.0,37.0,0.3182499999999814,30.25,32.25,36.29000000000002,0.0,0.0,0.0,0.0,0.0,20.0,0.3,0.1,0.2,0.1,0.4,0.1,0.1,0.1,0.5,0.0,59109.0,0.05860359674499653,0.0,65535.0,0.052689402609292744,0.0,0.0,0.0,0.0,0.0,0.0,0.0,0.0,0.0,0.0
961.3,0.6962054274015889,0.0,16352.0,37.0,0.2119499999999854,30.3125,32.3125,36.49000000000001,0.0,0.0,0.0,0.0,0.0,20.0,0.3,0.1,0.2,0.1,0.4,0.1,0.1,0.1,0.5,0.0,60279.0,0.058395129315350285,0.0,65535.0,0.0532997634851606,0.0,0.0,0.0,0.0,0.0,0.0,0.0,0.0,0.0,0.0
1021.35,0.7048447582193238,0.0,16352.0,37.0,0.2683499999999861,30.375,32.25,36.410000000000025,0.0,0.0,0.0,0.0,0.0,20.0,0.3,0.1,0.2,0.1,0.4,0.1,0.1,0.1,0.5,0.0,59127.0,0.05878870905001099,0.0,65535.0,0.05299458304722667,0.0,0.0,0.0,0.0,0.0,0.0,0.0,0.0,0.0,0.0
1081.39,0.701512332856731,0.0,16352.0,37.0,0.22944999999998825,30.4375,32.25,36.63000000000005,0.0,0.0,0.0,0.0,0.0,20.0,0.3,0.1,0.2,0.1,0.4,0.1,0.1,0.1,0.5,0.0,58574.0,0.05895107044080992,0.0,65535.0,0.05186541542687114,0.0,0.0,0.0,0.0,0.0,0.0,0.0,0.0,0.0,0.0
1141.45,0.703749340589169,0.0,16352.0,37.0,0.18394999999997536,30.5625,32.25,36.690000000000055,0.0,0.0,0.0,0.0,0.0,20.0,0.3,0.1,0.2,0.1,0.4,0.1,0.1,0.1,0.5,0.0,59339.0,0.058848312239842264,0.0,65535.0,0.05220111390859846,0.0,0.0,0.0,0.0,0.0,0.0,0.0,0.0,0.0,0.0
1201.5,0.6885487950995888,0.0,16352.0,37.0,0.2873499999999734,30.625,32.3125,36.55000000000001,0.0,0.0,0.0,0.0,0.0,20.0,0.3,0.1,0.2,0.1,0.4,0.1,0.1,0.1,0.5,0.0,59582.0,0.058742573260380654,0.0,65535.0,0.05300984206912337,0.0,0.0,0.0,0.0,0.0,0.0,0.0,0.0,0.0,0.0
1261.58,0.7060101861643834,0.0,16352.0,37.0,0.21534999999998458,30.6875,32.3125,36.57000000000005,0.0,0.0,0.0,0.0,0.0,20.0,0.3,0.1,0.2,0.1,0.4,0.1,0.1,0.1,0.5,0.0,59461.0,0.058912564538100606,0.0,65535.0,0.05194171053635462,0.0,0.0,0.0,0.0,0.0,0.0,0.0,0.0,0.0,0.0
1321.65,0.7054314164785565,0.0,16352.0,37.0,0.24044999999998024,30.75,32.3125,36.63000000000005,0.0,0.0,0.0,0.0,0.0,20.0,0.3,0.1,0.2,0.1,0.4,0.1,0.1,0.1,0.5,0.0,58888.0,0.05924806412172259,0.0,65535.0,0.05265888456549935,0.0,0.0,0.0,0.0,0.0,0.0,0.0,0.0,0.0,0.0
1381.72,0.6948444143661965,0.0,16352.0,37.0,0.22344999999998402,30.75,32.3125,36.77000000000004,0.0,0.0,0.0,0.0,0.0,20.0,0.3,0.1,0.2,0.1,0.4,0.1,0.1,0.1,0.5,0.0,59724.0,0.058870805706248745,0.0,65535.0,0.05267414358739605,0.0,0.0,0.0,0.0,0.0,0.0,0.0,0.0,0.0,0.0
1441.78,0.6710603362573682,0.0,16352.0,37.0,0.2591499999999851,30.8125,32.3125,36.79000000000002,0.0,0.0,0.0,0.0,0.0,20.0,0.3,0.1,0.2,0.1,0.4,0.1,0.1,0.1,0.5,0.0,60572.0,0.05859142838275111,0.0,65535.0,0.05337605859464408,0.0,0.0,0.0,0.0,0.0,0.0,0.0,0.0,0.0,0.0
1501.84,0.7098662415578343,0.0,16352.0,37.0,0.2509499999999792,30.875,32.375,36.89000000000004,0.0,0.0,0.0,0.0,0.0,20.0,0.3,0.1,0.2,0.1,0.4,0.1,0.1,0.1,0.5,0.0,59193.0,0.059263764296453976,0.0,65535.0,0.052094300755321586,0.0,0.0,0.0,0.0,0.0,0.0,0.0,0.0,0.0,0.0
1561.93,0.7014814383924204,0.0,16352.0,37.0,0.20124999999998175,30.875,32.375,36.79000000000002,0.0,0.0,0.0,0.0,0.0,20.0,0.3,0.1,0.2,0.1,0.4,0.1,0.1,0.1,0.5,0.0,59138.0,0.05964016368494031,0.0,65535.0,0.05294880598153658,0.0,0.0,0.0,0.0,0.0,0.0,0.0,0.0,0.0,0.0
1622.02,0.7169572601004511,0.0,16352.0,37.0,0.23184999999998232,30.9375,32.3125,36.950000000000045,0.0,0.0,0.0,0.0,0.0,20.0,0.3,0.1,0.2,0.1,0.4,0.1,0.1,0.1,0.5,0.0,59863.0,0.059251958638892134,0.0,65535.0,0.05250629434653239,0.0,0.0,0.0,0.0,0.0,0.0,0.0,0.0,0.0,0.0
1682.1,0.7123897293004124,0.0,16352.0,37.0,0.20184999999998032,30.9375,32.3125,36.81,0.0,0.0,0.0,0.0,0.0,20.0,0.3,0.1,0.2,0.1,0.4,0.1,0.1,0.1,0.5,0.0,60300.0,0.05915422885572139,0.0,65535.0,0.053482871747920956,0.0,0.0,0.0,0.0,0.0,0.0,0.0,0.0,0.0,0.0
1742.13,0.7101801812502111,0.0,16352.0,37.0,0.26924999999997756,30.9375,32.3125,36.73000000000002,0.0,0.0,0.0,0.0,0.0,20.0,0.3,0.1,0.2,0.1,0.4,0.1,0.1,0.1,0.5,0.0,60126.0,0.05924225792502412,0.0,65535.0,0.05270466163118944,0.0,0.0,0.0,0.0,0.0,0.0,0.0,0.0,0.0,0.0
1802.17,0.7015455943832863,0.0,16352.0,37.0,0.2298499999999699,31.0,32.375,36.81,0.0,0.0,0.0,0.0,0.0,20.0,0.3,0.1,0.2,0.1,0.4,0.1,0.1,0.1,0.5,0.0,60034.0,0.05956624579405004,0.0,65535.0,0.05249103532463569,0.0,0.0,0.0,0.0,0.0,0.0,0.0,0.0,0.0,0.0
1862.21,0.712258520944761,0.0,16352.0,37.0,0.22924999999996873,31.0625,32.375,36.85000000000002,0.0,0.0,0.0,0.0,0.0,20.0,0.3,0.1,0.2,0.1,0.4,0.1,0.1,0.1,0.5,0.0,61237.0,0.05911458758593661,0.0,65535.0,0.05383382925154498,0.0,0.0,0.0,0.0,0.0,0.0,0.0,0.0,0.0,0.0
1922.24,0.6946151503295244,0.0,16352.0,37.0,0.21454999999996704,31.0,32.375,36.81,0.0,0.0,0.0,0.0,0.0,20.0,0.3,0.1,0.2,0.1,0.4,0.1,0.1,0.1,0.5,0.0,59966.0,0.05976720141413468,0.0,65535.0,0.05291828793774319,0.0,0.0,0.0,0.0,0.0,0.0,0.0,0.0,0.0,0.0
1982.3,0.7001394008478308,0.0,16352.0,37.0,0.216649999999966,31.0625,32.4375,36.77000000000004,0.0,0.0,0.0,0.0,0.0,20.0,0.3,0.1,0.2,0.1,0.4,0.1,0.1,0.1,0.5,0.0,60657.0,0.05946551923108627,0.0,65535.0,0.052903028915846494,0.0,0.0,0.0,0.0,0.0,0.0,0.0,0.0,0.0,0.0
2042.37,0.7070521758817091,0.0,16352.0,37.0,0.21394999999996506,31.125,32.375,36.77000000000004,0.0,0.0,0.0,0.0,0.0,20.0,0.3,0.1,0.2,0.1,0.4,0.1,0.1,0.1,0.5,0.0,61632.0,0.059173805815160956,0.0,65535.0,0.05346761272602426,0.0,0.0,0.0,0.0,0.0,0.0,0.0,0.0,0.0,0.0
2102.45,0.6992369423031091,0.0,16352.0,37.0,0.22304999999996927,31.0625,32.4375,36.81,0.0,0.0,0.0,0.0,0.0,20.0,0.3,0.1,0.2,0.1,0.4,0.1,0.1,0.1,0.5,0.0,60253.0,0.0600633993328133,0.0,65535.0,0.05325398641947051,0.0,0.0,0.0,0.0,0.0,0.0,0.0,0.0,0.0,0.0
2162.49,0.6841572391305268,0.0,16352.0,37.0,0.2360499999999742,31.0625,32.4375,36.77000000000004,0.0,0.0,0.0,0.0,0.0,20.0,0.3,0.1,0.2,0.1,0.4,0.1,0.1,0.1,0.5,0.0,61336.0,0.05947567497065345,0.0,65535.0,0.05262836652170596,0.0,0.0,0.0,0.0,0.0,0.0,0.0,0.0,0.0,0.0
2222.57,0.7014452173240712,0.0,16352.0,37.0,0.2154499999999628,31.125,32.4375,36.79000000000002,0.0,0.0,0.0,0.0,0.0,20.0,0.3,0.1,0.2,0.1,0.4,0.1,0.1,0.1,0.5,0.0,61349.0,0.059495672301097,0.0,65535.0,0.053147173266193636,0.0,0.0,0.0,0.0,0.0,0.0,0.0,0.0,0.0,0.0
2282.64,0.7039340482645299,0.0,16352.0,37.0,0.2451499999999625,31.125,32.4375,36.79000000000002,0.0,0.0,0.0,0.0,0.0,20.0,0.3,0.1,0.2,0.1,0.4,0.1,0.1,0.1,0.5,0.0,60752.0,0.060080326573610746,0.0,65535.0,0.054108491645685514,0.0,0.0,0.0,0.0,0.0,0.0,0.0,0.0,0.0,0.0
2342.71,0.7002270799671445,0.0,16352.0,37.0,0.25194999999997136,31.125,32.4375,36.85000000000002,0.0,0.0,0.0,0.0,0.0,20.0,0.3,0.1,0.2,0.1,0.4,0.1,0.1,0.1,0.5,0.0,60618.0,0.060378105513213896,0.0,65535.0,0.05368123903257801,0.0,0.0,0.0,0.0,0.0,0.0,0.0,0.0,0.0,0.0
2402.79,0.7036999862964632,0.0,16352.0,37.0,0.17194999999995803,31.125,32.5,36.710000000000036,0.0,0.0,0.0,0.0,0.0,20.0,0.3,0.1,0.2,0.1,0.4,0.1,0.1,0.1,0.5,0.0,61606.0,0.05978313800603837,0.0,65535.0,0.05398641947051194,0.0,0.0,0.0,0.0,0.0,0.0,0.0,0.0,0.0,0.0
2462.83,0.6998452550087999,0.0,16352.0,37.0,0.20664999999996825,31.1875,32.5,36.93000000000001,0.0,0.0,0.0,0.0,0.0,20.0,0.3,0.1,0.2,0.1,0.4,0.1,0.1,0.1,0.5,0.0,61290.0,0.060336107032142275,0.0,65535.0,0.053269245441367206,0.0,0.0,0.0,0.0,0.0,0.0,0.0,0.0,0.0,0.0
2522.86,0.6930308707588697,0.0,16352.0,37.0,0.23514999999996902,31.1875,32.5,37.03000000000003,0.0,0.0,0.0,0.0,0.0,20.0,0.3,0.1,0.2,0.1,0.4,0.1,0.1,0.1,0.5,0.0,61082.0,0.06065616711960971,0.0,65535.0,0.053360799572747385,0.0,0.0,0.0,0.0,0.0,0.0,0.0,0.0,0.0,0.0
2582.9,0.7034938004439448,0.0,16352.0,37.0,0.2271499999999578,31.125,32.5,36.79000000000002,0.0,0.0,0.0,0.0,0.0,20.0,0.3,0.1,0.2,0.1,0.4,0.1,0.1,0.1,0.5,0.0,60584.0,0.060907170209956424,0.0,65535.0,0.0532845044632639,0.0,0.0,0.0,0.0,0.0,0.0,0.0,0.0,0.0,0.0
2642.97,0.703939687321317,0.0,16352.0,37.0,0.1871499999999649,31.125,32.5625,36.81,0.0,0.0,0.0,0.0,0.0,20.0,0.3,0.1,0.2,0.1,0.4,0.1,0.1,0.1,0.5,0.0,61132.0,0.060851926977687626,0.0,65535.0,0.05342183566033417,0.0,0.0,0.0,0.0,0.0,0.0,0.0,0.0,0.0,0.0
2703.01,0.7060543021456434,0.0,16352.0,37.0,0.22834999999995584,31.1875,32.5625,36.650000000000034,0.0,0.0,0.0,0.0,0.0,20.0,0.3,0.1,0.2,0.1,0.4,0.1,0.1,0.1,0.5,0.0,61361.0,0.06080409380551165,0.0,65535.0,0.05363546196688792,0.0,0.0,0.0,0.0,0.0,0.0,0.0,0.0,0.0,0.0
2763.06,0.6877809996913918,0.0,16352.0,37.0,0.24604999999995564,31.1875,32.5625,36.79000000000002,0.0,0.0,0.0,0.0,0.0,20.0,0.3,0.1,0.2,0.1,0.4,0.1,0.1,0.1,0.5,0.0,62298.0,0.060451378856464094,0.0,65535.0,0.054230563820859085,0.0,0.0,0.0,0.0,0.0,0.0,0.0,0.0,0.0,0.0
2823.13,0.696239927136206,0.0,16352.0,37.0,0.2063499999999633,31.25,32.5625,36.81,0.0,0.0,0.0,0.0,0.0,20.0,0.3,0.1,0.2,0.1,0.4,0.1,0.1,0.1,0.5,0.0,61822.0,0.06114328232667982,0.0,65535.0,0.054016937514305335,0.0,0.0,0.0,0.0,0.0,0.0,0.0,0.0,0.0,0.0
2883.19,0.6998923684869222,0.0,16352.0,37.0,0.2113499999999579,31.1875,32.5,36.97000000000003,0.0,0.0,0.0,0.0,0.0,20.0,0.3,0.1,0.2,0.1,0.4,0.1,0.1,0.1,0.5,0.0,61943.0,0.06124985874110069,0.0,65535.0,0.05424582284275578,0.0,0.0,0.0,0.0,0.0,0.0,0.0,0.0,0.0,0.0
2943.27,0.6886028478652484,0.0,16352.0,37.0,0.18304999999995095,31.25,32.5,36.85000000000002,0.0,0.0,0.0,0.0,0.0,20.0,0.3,0.1,0.2,0.1,0.4,0.1,0.1,0.1,0.5,0.0,61211.0,0.06181895410955547,0.0,65535.0,0.053803311207751586,0.0,0.0,0.0,0.0,0.0,0.0,0.0,0.0,0.0,0.0
3003.35,0.6987817353627753,0.0,16352.0,37.0,0.27044999999995845,31.1875,32.5625,36.950000000000045,0.0,0.0,0.0,0.0,0.0,20.0,0.3,0.1,0.2,0.1,0.4,0.1,0.1,0.1,0.5,0.0,62128.0,0.061389389647180014,0.0,65535.0,0.05334554055085069,0.0,0.0,0.0,0.0,0.0,0.0,0.0,0.0,0.0,0.0
3063.41,0.6944199826026561,0.0,16352.0,37.0,0.23574999999996155,31.25,32.5625,36.93000000000001,0.0,0.0,0.0,0.0,0.0,20.0,0.3,0.1,0.2,0.1,0.4,0.1,0.1,0.1,0.5,0.0,62182.0,0.06143256891061722,0.0,65535.0,0.053894865339131764,0.0,0.0,0.0,0.0,0.0,0.0,0.0,0.0,0.0,0.0
3123.48,0.6951075693299777,0.0,16352.0,37.0,0.20334999999996003,31.25,32.5625,36.93000000000001,0.0,0.0,0.0,0.0,0.0,20.0,0.3,0.1,0.2,0.1,0.4,0.1,0.1,0.1,0.5,0.0,61610.0,0.062100308391494885,0.0,65535.0,0.0537422751201648,0.0,0.0,0.0,0.0,0.0,0.0,0.0,0.0,0.0,0.0
3183.56,0.6931595371658934,0.0,16352.0,37.0,0.22714999999995003,31.25,32.5625,36.89000000000004,0.0,0.0,0.0,0.0,0.0,20.0,0.3,0.1,0.2,0.1,0.4,0.1,0.1,0.1,0.5,0.0,62119.0,0.061913424234131265,0.0,65535.0,0.053406576638437474,0.0,0.0,0.0,0.0,0.0,0.0,0.0,0.0,0.0,0.0
3243.62,0.7024454656800049,0.0,16352.0,37.0,0.21484999999994872,31.1875,32.5625,36.79000000000002,0.0,0.0,0.0,0.0,0.0,20.0,0.3,0.1,0.2,0.1,0.4,0.1,0.1,0.1,0.5,0.0,61639.0,0.062411784746670126,0.0,65535.0,0.054276340886549174,0.0,0.0,0.0,0.0,0.0,0.0,0.0,0.0,0.0,0.0
3303.69,0.6864262774934913,0.0,16352.0,37.0,0.22394999999995294,31.3125,32.5625,36.85000000000002,0.0,0.0,0.0,0.0,0.0,20.0,0.3,0.1,0.2,0.1,0.4,0.1,0.1,0.1,0.5,0.0,62529.0,0.06206720081882007,0.0,65535.0,0.053772793163958194,0.0,0.0,0.0,0.0,0.0,0.0,0.0,0.0,0.0,0.0
3363.75,0.6868722522294886,0.0,16352.0,37.0,0.20774999999995175,31.25,32.5625,36.950000000000045,0.0,0.0,0.0,0.0,0.0,20.0,0.3,0.1,0.2,0.1,0.4,0.1,0.1,0.1,0.5,0.0,62276.0,0.0625602158134755,0.0,65535.0,0.05391012436102846,0.0,0.0,0.0,0.0,0.0,0.0,0.0,0.0,0.0,0.0
3423.85,0.7058535028899411,0.0,16352.0,37.0,0.20244999999995572,31.3125,32.5625,36.81,0.0,0.0,0.0,0.0,0.0,20.0,0.3,0.1,0.2,0.1,0.4,0.1,0.1,0.1,0.5,0.0,62430.0,0.06264616370334775,0.0,65535.0,0.0545967803463798,0.0,0.0,0.0,0.0,0.0,0.0,0.0,0.0,0.0,0.0
3483.92,0.6909130724674566,0.0,16352.0,37.0,0.20564999999995023,31.25,32.5625,36.63000000000005,0.0,0.0,0.0,0.0,0.0,20.0,0.3,0.1,0.2,0.1,0.4,0.1,0.1,0.1,0.5,0.0,62120.0,0.06299098518995493,0.0,65535.0,0.054139009689478906,0.0,0.0,0.0,0.0,0.0,0.0,0.0,0.0,0.0,0.0
3544.01,0.6916250462399408,0.0,16352.0,37.0,0.2606499999999562,31.25,32.625,36.93000000000001,0.0,0.0,0.0,0.0,0.0,20.0,0.3,0.1,0.2,0.1,0.4,0.1,0.1,0.1,0.5,0.0,62910.0,0.06293117151486251,0.0,65535.0,0.05441367208361944,0.0,0.0,0.0,0.0,0.0,0.0,0.0,0.0,0.0,0.0
3604.08,0.6917508547091398,0.0,16352.0,37.0,0.23214999999995453,31.3125,32.625,36.81,0.0,0.0,0.0,0.0,0.0,20.0,0.3,0.1,0.2,0.1,0.4,0.1,0.1,0.1,0.5,0.0,63318.0,0.06277835686534634,0.0,65535.0,0.05516136415655756,0.0,0.0,0.0,0.0,0.0,0.0,0.0,0.0,0.0,0.0
3664.15,0.6942618730970127,0.0,16352.0,37.0,0.2645499999999552,31.3125,32.5625,37.03000000000003,0.0,0.0,0.0,0.0,0.0,20.0,0.3,0.1,0.2,0.1,0.4,0.1,0.1,0.1,0.5,0.0,63057.0,0.06303820353013939,0.0,65535.0,0.05386434729533837,0.0,0.0,0.0,0.0,0.0,0.0,0.0,0.0,0.0,0.0
3724.19,0.6914175147645086,0.0,16352.0,37.0,0.16384999999994046,31.3125,32.625,36.77000000000004,0.0,0.0,0.0,0.0,0.0,20.0,0.3,0.1,0.2,0.1,0.4,0.1,0.1,0.1,0.5,0.0,63247.0,0.06338640567932076,0.0,65535.0,0.055359731441214616,0.0,0.0,0.0,0.0,0.0,0.0,0.0,0.0,0.0,0.0
3784.26,0.6922380308915211,0.0,16352.0,37.0,0.227449999999942,31.3125,32.625,36.85000000000002,0.0,0.0,0.0,0.0,0.0,20.0,0.3,0.1,0.2,0.1,0.4,0.1,0.1,0.1,0.5,0.0,62821.0,0.06383215803632543,0.0,65535.0,0.05432211795223926,0.0,0.0,0.0,0.0,0.0,0.0,0.0,0.0,0.0,0.0
3844.31,0.6886257089455529,0.0,16352.0,37.0,0.263349999999952,31.3125,32.625,36.85000000000002,0.0,0.0,0.0,0.0,0.0,20.0,0.3,0.1,0.2,0.1,0.4,0.1,0.1,0.1,0.5,0.0,62519.0,0.06433244293734705,0.0,65535.0,0.054306858930342566,0.0,0.0,0.0,0.0,0.0,0.0,0.0,0.0,0.0,0.0
3904.35,0.6922466041251722,0.0,16352.0,37.0,0.23484999999995032,31.25,32.625,36.79000000000002,0.0,0.0,0.0,0.0,0.0,20.0,0.3,0.1,0.2,0.1,0.4,0.1,0.1,0.1,0.5,0.0,63044.0,0.0640980902227016,0.0,65535.0,0.054612039368276494,0.0,0.0,0.0,0.0,0.0,0.0,0.0,0.0,0.0,0.0
3964.39,0.6866625588601312,0.0,16352.0,37.0,0.21394999999993922,31.375,32.6875,36.950000000000045,0.0,0.0,0.0,0.0,0.0,20.0,0.3,0.1,0.2,0.1,0.4,0.1,0.1,0.1,0.5,0.0,63440.0,0.0641078184110971,0.0,65535.0,0.05424582284275578,0.0,0.0,0.0,0.0,0.0,0.0,0.0,0.0,0.0,0.0
4024.46,0.6915820640675007,0.0,16352.0,37.0,0.245449999999939,31.3125,32.625,37.03000000000003,0.0,0.0,0.0,0.0,0.0,20.0,0.3,0.1,0.2,0.1,0.4,0.1,0.1,0.1,0.5,0.0,63534.0,0.06450089715742752,0.0,65535.0,0.054520485236896316,0.0,0.0,0.0,0.0,0.0,0.0,0.0,0.0,0.0,0.0
4084.55,0.6984077002692507,0.0,16352.0,37.0,0.18154999999993515,31.375,32.6875,36.950000000000045,0.0,0.0,0.0,0.0,0.0,20.0,0.3,0.1,0.2,0.1,0.4,0.1,0.1,0.1,0.5,0.0,62816.0,0.06498344370860927,0.0,65535.0,0.054398413061722745,0.0,0.0,0.0,0.0,0.0,0.0,0.0,0.0,0.0,0.0
4144.62,0.6972098600763159,0.0,16352.0,37.0,0.20884999999993534,31.375,32.625,37.09000000000003,0.0,0.0,0.0,0.0,0.0,20.0,0.3,0.1,0.2,0.1,0.4,0.1,0.1,0.1,0.5,0.0,63915.0,0.06474223578189783,0.0,65535.0,0.05566491187914855,0.0,0.0,0.0,0.0,0.0,0.0,0.0,0.0,0.0,0.0
4204.69,0.6807000351354398,0.0,16352.0,37.0,0.2409499999999354,31.375,32.6875,36.73000000000002,0.0,0.0,0.0,0.0,0.0,20.0,0.3,0.1,0.2,0.1,0.4,0.1,0.1,0.1,0.5,0.0,62915.0,0.0655169673368831,0.0,65535.0,0.05445944914930953,0.0,0.0,0.0,0.0,0.0,0.0,0.0,0.0,0.0,0.0
4264.77,0.6910955064023728,0.0,16352.0,37.0,0.23244999999994398,31.3125,32.6875,36.73000000000002,0.0,0.0,0.0,0.0,0.0,20.0,0.3,0.1,0.2,0.1,0.4,0.1,0.1,0.1,0.5,0.0,64126.0,0.06504381997941552,0.0,65535.0,0.0558632791638056,0.0,0.0,0.0,0.0,0.0,0.0,0.0,0.0,0.0,0.0
4324.84,0.6893144073638715,0.0,16352.0,37.0,0.254549999999939,31.375,32.625,36.93000000000001,0.0,0.0,0.0,0.0,0.0,20.0,0.3,0.1,0.2,0.1,0.4,0.1,0.1,0.1,0.5,0.0,63019.0,0.06588489185801108,0.0,65535.0,0.054856183718623636,0.0,0.0,0.0,0.0,0.0,0.0,0.0,0.0,0.0,0.0
4384.89,0.6711935907005404,0.0,16352.0,37.0,0.15304999999992924,31.3125,32.625,37.01000000000005,0.0,0.0,0.0,0.0,0.0,20.0,0.3,0.1,0.2,0.1,0.4,0.1,0.1,0.1,0.5,0.0,62985.0,0.0662697467651028,0.0,65535.0,0.0545967803463798,0.0,0.0,0.0,0.0,0.0,0.0,0.0,0.0,0.0,0.0
4444.99,0.6788512084261602,0.0,16352.0,37.0,0.1997499999999402,31.375,32.6875,36.89000000000004,0.0,0.0,0.0,0.0,0.0,20.0,0.3,0.1,0.2,0.1,0.4,0.1,0.1,0.1,0.5,0.0,62898.0,0.06637730929441318,0.0,65535.0,0.05453574425879301,0.0,0.0,0.0,0.0,0.0,0.0,0.0,0.0,0.0,0.0
4505.05,0.6789148219774702,0.0,16352.0,37.0,0.2612499999999419,31.375,32.6875,36.79000000000002,0.0,0.0,0.0,0.0,0.0,20.0,0.3,0.1,0.2,0.1,0.4,0.1,0.1,0.1,0.5,0.0,62800.0,0.06700636942675159,0.0,65535.0,0.05482566567483024,0.0,0.0,0.0,0.0,0.0,0.0,0.0,0.0,0.0,0.0
4565.12,0.6599854954363128,0.0,16352.0,37.0,0.2009499999999391,31.375,32.6875,36.870000000000005,0.0,0.0,0.0,0.0,0.0,20.0,0.3,0.1,0.2,0.1,0.4,0.1,0.1,0.1,0.5,0.0,63801.0,0.06653500728828701,0.0,65535.0,0.05534447241931792,0.0,0.0,0.0,0.0,0.0,0.0,0.0,0.0,0.0,0.0
4625.19,0.6625144632511111,0.0,16352.0,37.0,0.24864999999994003,31.375,32.6875,36.710000000000036,0.0,0.0,0.0,0.0,0.0,20.0,0.3,0.1,0.2,0.1,0.4,0.1,0.1,0.1,0.5,0.0,63431.0,0.06720688622282481,0.0,65535.0,0.054947737850003814,0.0,0.0,0.0,0.0,0.0,0.0,0.0,0.0,0.0,0.0
4685.23,0.6678805384132461,0.0,16352.0,37.0,0.20394999999993804,31.375,32.6875,36.85000000000002,0.0,0.0,0.0,0.0,0.0,20.0,0.3,0.1,0.2,0.1,0.4,0.1,0.1,0.1,0.5,0.0,64146.0,0.06708134568016712,0.0,65535.0,0.05471885252155337,0.0,0.0,0.0,0.0,0.0,0.0,0.0,0.0,0.0,0.0
4745.31,0.6749713097961889,0.0,16352.0,37.0,0.21094999999992742,31.375,32.625,36.63000000000005,0.0,0.0,0.0,0.0,0.0,20.0,0.3,0.1,0.2,0.1,0.4,0.1,0.1,0.1,0.5,0.0,63923.0,0.06747180201179544,0.0,65535.0,0.05508506904707408,0.0,0.0,0.0,0.0,0.0,0.0,0.0,0.0,0.0,0.0
4805.4,0.679210902998042,0.0,16352.0,37.0,0.2118499999999266,31.4375,32.6875,36.89000000000004,0.0,0.0,0.0,0.0,0.0,20.0,0.3,0.1,0.2,0.1,0.4,0.1,0.1,0.1,0.5,0.0,63687.0,0.06792595035093504,0.0,65535.0,0.055527580682078276,0.0,0.0,0.0,0.0,0.0,0.0,0.0,0.0,0.0,0.0
4865.49,0.6725592751487032,0.0,16352.0,37.0,0.18094999999992456,31.375,32.6875,37.01000000000005,0.0,0.0,0.0,0.0,0.0,20.0,0.3,0.1,0.2,0.1,0.4,0.1,0.1,0.1,0.5,0.0,63391.0,0.06838510198608636,0.0,65535.0,0.055069810025177385,0.0,0.0,0.0,0.0,0.0,0.0,0.0,0.0,0.0,0.0
4925.59,0.6765278383177415,0.0,16352.0,37.0,0.22384999999992475,31.375,32.6875,36.870000000000005,0.0,0.0,0.0,0.0,0.0,20.0,0.3,0.1,0.2,0.1,0.4,0.1,0.1,0.1,0.5,0.0,63646.0,0.06848820035823147,0.0,65535.0,0.05513084611276417,0.0,0.0,0.0,0.0,0.0,0.0,0.0,0.0,0.0,0.0
4985.63,0.6765735017765213,0.0,16352.0,37.0,0.19764999999993266,31.375,32.6875,37.01000000000005,0.0,0.0,0.0,0.0,0.0,20.0,0.3,0.1,0.2,0.1,0.4,0.1,0.1,0.1,0.5,0.0,63121.0,0.06901031352481742,0.0,65535.0,0.05493247882810712,0.0,0.0,0.0,0.0,0.0,0.0,0.0,0.0,0.0,0.0
5045.7,0.6639750605130672,0.0,16352.0,37.0,0.2067499999999227,31.375,32.6875,36.85000000000002,0.0,0.0,0.0,0.0,0.0,20.0,0.3,0.1,0.2,0.1,0.4,0.1,0.1,0.1,0.5,0.0,63123.0,0.06927744245362229,0.0,65535.0,0.05465781643396658,0.0,0.0,0.0,0.0,0.0,0.0,0.0,0.0,0.0,0.0
5105.78,0.6614804427351397,0.0,16352.0,37.0,0.25884999999993386,31.4375,32.6875,36.81,0.0,0.0,0.0,0.0,0.0,20.0,0.3,0.1,0.2,0.1,0.4,0.1,0.1,0.1,0.5,0.0,64078.0,0.06913449233746372,0.0,65535.0,0.055191882200350956,0.0,0.0,0.0,0.0,0.0,0.0,0.0,0.0,0.0,0.0
5165.86,0.6765510666232065,0.0,16352.0,37.0,0.25304999999992833,31.375,32.6875,36.81,0.0,0.0,0.0,0.0,0.0,20.0,0.3,0.1,0.2,0.1,0.4,0.1,0.1,0.1,0.5,0.0,63601.0,0.06973160799358501,0.0,65535.0,0.05525291828793774,0.0,0.0,0.0,0.0,0.0,0.0,0.0,0.0,0.0,0.0
5225.92,0.6804182700996153,0.0,16352.0,37.0,0.21124999999992117,31.375,32.6875,37.01000000000005,0.0,0.0,0.0,0.0,0.0,20.0,0.3,0.1,0.2,0.1,0.4,0.1,0.1,0.1,0.5,0.0,63773.0,0.06990419142897464,0.0,65535.0,0.054947737850003814,0.0,0.0,0.0,0.0,0.0,0.0,0.0,0.0,0.0,0.0
5285.99,0.6872090404242905,0.0,16352.0,37.0,0.22124999999992542,31.4375,32.6875,36.85000000000002,0.0,0.0,0.0,0.0,0.0,20.0,0.3,0.1,0.2,0.1,0.4,0.1,0.1,0.1,0.5,0.0,63690.0,0.07026220756790705,0.0,65535.0,0.05647364003967346,0.0,0.0,0.0,0.0,0.0,0.0,0.0,0.0,0.0,0.0
5346.06,0.6706278482020448,0.0,16352.0,37.0,0.1882499999999236,31.4375,32.6875,36.950000000000045,0.0,0.0,0.0,0.0,0.0,20.0,0.3,0.1,0.2,0.1,0.4,0.1,0.1,0.1,0.5,0.0,63824.0,0.07041238405615442,0.0,65535.0,0.05516136415655756,0.0,0.0,0.0,0.0,0.0,0.0,0.0,0.0,0.0,0.0
5406.13,0.6894734980633193,0.0,16352.0,37.0,0.24384999999992985,31.4375,32.75,36.85000000000002,0.0,0.0,0.0,0.0,0.0,20.0,0.3,0.1,0.2,0.1,0.4,0.1,0.1,0.1,0.5,0.0,64199.0,0.07053069362451128,0.0,65535.0,0.05526817730983444,0.0,0.0,0.0,0.0,0.0,0.0,0.0,0.0,0.0,0.0
5466.21,0.6629253188892102,0.0,16352.0,37.0,0.21794999999992326,31.375,32.6875,36.89000000000004,0.0,0.0,0.0,0.0,0.0,20.0,0.3,0.1,0.2,0.1,0.4,0.1,0.1,0.1,0.5,0.0,63445.0,0.07140042556545038,0.0,65535.0,0.0554207675288014,0.0,0.0,0.0,0.0,0.0,0.0,0.0,0.0,0.0,0.0
5526.33,0.6694246429667834,0.0,16352.0,37.0,0.19554999999992687,31.375,32.6875,36.690000000000055,0.0,0.0,0.0,0.0,0.0,20.0,0.3,0.1,0.2,0.1,0.4,0.1,0.1,0.1,0.5,0.0,64985.0,0.07044702623682388,0.0,65535.0,0.05595483329518578,0.0,0.0,0.0,0.0,0.0,0.0,0.0,0.0,0.0,0.0
5586.46,0.6951404252688045,0.0,16352.0,37.0,0.19964999999992142,31.4375,32.6875,36.85000000000002,0.0,0.0,0.0,0.0,0.0,20.0,0.3,0.1,0.2,0.1,0.4,0.1,0.1,0.1,0.5,0.0,64329.0,0.07116541528704005,0.0,65535.0,0.05522240024414435,0.0,0.0,0.0,0.0,0.0,0.0,0.0,0.0,0.0,0.0
5646.54,0.6758283906123482,0.0,16352.0,37.0,0.23704999999991666,31.375,32.6875,36.870000000000005,0.0,0.0,0.0,0.0,0.0,20.0,0.3,0.1,0.2,0.1,0.4,0.1,0.1,0.1,0.5,0.0,64197.0,0.07149866816206364,0.0,65535.0,0.05534447241931792,0.0,0.0,0.0,0.0,0.0,0.0,0.0,0.0,0.0,0.0
5706.6,0.68209849147014,0.0,16352.0,37.0,0.2052499999999146,31.375,32.75,36.73000000000002,0.0,0.0,0.0,0.0,0.0,20.0,0.3,0.1,0.2,0.1,0.4,0.1,0.1,0.1,0.5,0.0,64082.0,0.07197028806841235,0.0,65535.0,0.05558861676966506,0.0,0.0,0.0,0.0,0.0,0.0,0.0,0.0,0.0,0.0
5766.64,0.6781192945643554,0.0,16352.0,37.0,0.2155499999999186,31.375,32.6875,36.950000000000045,0.0,0.0,0.0,0.0,0.0,20.0,0.3,0.1,0.2,0.1,0.4,0.1,0.1,0.1,0.5,0.0,64308.0,0.07195061267649437,0.0,65535.0,0.055573357747768365,0.0,0.0,0.0,0.0,0.0,0.0,0.0,0.0,0.0,0.0
5826.71,0.6878444245822157,0.0,16352.0,37.0,0.20524999999991209,31.375,32.75,36.81,0.0,0.0,0.0,0.0,0.0,20.0,0.3,0.1,0.2,0.1,0.4,0.1,0.1,0.1,0.5,0.0,64069.0,0.0724999609795689,0.0,65535.0,0.055573357747768365,0.0,0.0,0.0,0.0,0.0,0.0,0.0,0.0,0.0,0.0
5886.83,0.6865942015074256,0.0,16352.0,37.0,0.23494999999991178,31.375,32.75,36.690000000000055,0.0,0.0,0.0,0.0,0.0,20.0,0.3,0.1,0.2,0.1,0.4,0.1,0.1,0.1,0.5,0.0,63918.0,0.07282768547201102,0.0,65535.0,0.055725947966735336,0.0,0.0,0.0,0.0,0.0,0.0,0.0,0.0,0.0,0.0
5946.92,0.669726648520699,0.0,16352.0,37.0,0.24674999999991612,31.3125,32.75,36.57000000000005,0.0,0.0,0.0,0.0,0.0,20.0,0.3,0.1,0.2,0.1,0.4,0.1,0.1,0.1,0.5,0.0,64004.0,0.07308918192612962,0.0,65535.0,0.05574120698863203,0.0,0.0,0.0,0.0,0.0,0.0,0.0,0.0,0.0,0.0
6006.98,0.677495099709975,0.0,16352.0,37.0,0.2600499999999208,31.375,32.75,37.03000000000003,0.0,0.0,0.0,0.0,0.0,20.0,0.3,0.1,0.2,0.1,0.4,0.1,0.1,0.1,0.5,0.0,64360.0,0.07290242386575513,0.0,65535.0,0.055817502098115514,0.0,0.0,0.0,0.0,0.0,0.0,0.0,0.0,0.0,0.0
6067.05,0.6828908867229175,0.0,16352.0,37.0,0.22004999999991368,31.375,32.6875,36.73000000000002,0.0,0.0,0.0,0.0,0.0,20.0,0.3,0.1,0.2,0.1,0.4,0.1,0.1,0.1,0.5,0.0,64467.0,0.07321575379651604,0.0,65535.0,0.05636682688639658,0.0,0.0,0.0,0.0,0.0,0.0,0.0,0.0,0.0,0.0
6127.13,0.6796099955621872,0.0,16352.0,37.0,0.2456499999999188,31.4375,32.6875,37.03000000000003,0.0,0.0,0.0,0.0,0.0,20.0,0.3,0.1,0.2,0.1,0.4,0.1,0.1,0.1,0.5,0.0,64165.0,0.07363827631886542,0.0,65535.0,0.056229495689326316,0.0,0.0,0.0,0.0,0.0,0.0,0.0,0.0,0.0,0.0
6187.2,0.6830089235604235,0.0,16352.0,37.0,0.2415499999999083,31.4375,32.75,36.93000000000001,0.0,0.0,0.0,0.0,0.0,20.0,0.3,0.1,0.2,0.1,0.4,0.1,0.1,0.1,0.5,0.0,63564.0,0.07427160027688628,0.0,65535.0,0.05603112840466926,0.0,0.0,0.0,0.0,0.0,0.0,0.0,0.0,0.0,0.0
6247.26,0.6766383133225273,0.0,16352.0,37.0,0.2015499999999154,31.4375,32.75,36.870000000000005,0.0,0.0,0.0,0.0,0.0,20.0,0.3,0.1,0.2,0.1,0.4,0.1,0.1,0.1,0.5,0.0,64446.0,0.07386028613102442,0.0,65535.0,0.0562905317769131,0.0,0.0,0.0,0.0,0.0,0.0,0.0,0.0,0.0,0.0
6307.3,0.6665761013992618,0.0,16352.0,37.0,0.2253499999999054,31.4375,32.75,37.05000000000001,0.0,0.0,0.0,0.0,0.0,20.0,0.3,0.1,0.2,0.1,0.4,0.1,0.1,0.1,0.5,0.0,64624.0,0.07385800940826938,0.0,65535.0,0.05645838101777676,0.0,0.0,0.0,0.0,0.0,0.0,0.0,0.0,0.0,0.0
6367.37,0.6736672543158646,0.0,16352.0,37.0,0.23004999999991446,31.4375,32.75,36.89000000000004,0.0,0.0,0.0,0.0,0.0,20.0,0.3,0.1,0.2,0.1,0.4,0.1,0.1,0.1,0.5,0.0,65535.0,0.07359426260776684,0.0,65535.0,0.05746547646295872,0.0,0.0,0.0,0.0,0.0,0.0,0.0,0.0,0.0,0.0
6427.5,0.6699211426754486,0.0,16352.0,37.0,0.20854999999990304,31.4375,32.75,36.870000000000005,0.0,0.0,0.0,0.0,0.0,20.0,0.3,0.1,0.2,0.1,0.4,0.1,0.1,0.1,0.5,0.0,64819.0,0.07436091269535167,0.0,65535.0,0.05720607309071488,0.0,0.0,0.0,0.0,0.0,0.0,0.0,0.0,0.0,0.0
6487.56,0.6759149398047306,0.0,16352.0,37.0,0.1882499999999064,31.4375,32.75,36.89000000000004,0.0,0.0,0.0,0.0,0.0,20.0,0.3,0.1,0.2,0.1,0.4,0.1,0.1,0.1,0.5,0.0,64744.0,0.07423081675522056,0.0,65535.0,0.056397344930189976,0.0,0.0,0.0,0.0,0.0,0.0,0.0,0.0,0.0,0.0
6547.62,0.6727993604413093,0.0,16352.0,37.0,0.21974999999990702,31.5,32.75,36.85000000000002,0.0,0.0,0.0,0.0,0.0,20.0,0.3,0.1,0.2,0.1,0.4,0.1,0.1,0.1,0.5,0.0,65034.0,0.07440723313958852,0.0,65535.0,0.05697718776226444,0.0,0.0,0.0,0.0,0.0,0.0,0.0,0.0,0.0,0.0
6607.69,0.6618892999163426,0.0,16352.0,37.0,0.2291499999999118,31.4375,32.75,36.93000000000001,0.0,0.0,0.0,0.0,0.0,20.0,0.3,0.1,0.2,0.1,0.4,0.1,0.1,0.1,0.5,0.0,64193.0,0.07530416088981665,0.0,65535.0,0.05687037460898756,0.0,0.0,0.0,0.0,0.0,0.0,0.0,0.0,0.0,0.0
6667.76,0.6699762815553296,0.0,16352.0,37.0,0.2109499999999008,31.4375,32.75,36.89000000000004,0.0,0.0,0.0,0.0,0.0,20.0,0.3,0.1,0.2,0.1,0.4,0.1,0.1,0.1,0.5,0.0,64405.0,0.07530471236705225,0.0,65535.0,0.05653467612726024,0.0,0.0,0.0,0.0,0.0,0.0,0.0,0.0,0.0,0.0
6727.84,0.6763423662133269,0.0,16352.0,37.0,0.18434999999990395,31.4375,32.75,36.89000000000004,0.0,0.0,0.0,0.0,0.0,20.0,0.3,0.1,0.2,0.1,0.4,0.1,0.1,0.1,0.5,0.0,64323.0,0.07569609626416679,0.0,65535.0,0.05680933852140078,0.0,0.0,0.0,0.0,0.0,0.0,0.0,0.0,0.0,0.0
6787.87,0.6882809516528278,0.0,16352.0,37.0,0.2034499999998991,31.4375,32.75,36.81,0.0,0.0,0.0,0.0,0.0,20.0,0.3,0.1,0.2,0.1,0.4,0.1,0.1,0.1,0.5,0.0,65064.0,0.07531046354358785,0.0,65535.0,0.056946669718471045,0.0,0.0,0.0,0.0,0.0,0.0,0.0,0.0,0.0,0.0
6847.96,0.6623792850852741,0.0,16352.0,37.0,0.19964999999990254,31.4375,32.75,36.870000000000005,0.0,0.0,0.0,0.0,0.0,20.0,0.3,0.1,0.2,0.1,0.4,0.1,0.1,0.1,0.5,0.0,64661.0,0.07574890583195434,0.0,65535.0,0.057114518959334705,0.0,0.0,0.0,0.0,0.0,0.0,0.0,0.0,0.0,0.0
6908.06,0.6669696897472904,0.0,16352.0,37.0,0.25944999999990925,31.4375,32.8125,36.950000000000045,0.0,0.0,0.0,0.0,0.0,20.0,0.3,0.1,0.2,0.1,0.4,0.1,0.1,0.1,0.5,0.0,65389.0,0.07556316811696157,0.0,65535.0,0.058274204623483636,0.0,0.0,0.0,0.0,0.0,0.0,0.0,0.0,0.0,0.0
6968.16,0.6663991595427976,0.0,16352.0,37.0,0.21974999999990188,31.5,32.75,36.85000000000002,0.0,0.0,0.0,0.0,0.0,20.0,0.3,0.1,0.2,0.1,0.4,0.1,0.1,0.1,0.5,0.0,64810.0,0.07588335133467057,0.0,65535.0,0.057160296025024794,0.0,0.0,0.0,0.0,0.0,0.0,0.0,0.0,0.0,0.0
7028.24,0.6687757173133252,0.0,16352.0,37.0,0.1900499999998996,31.4375,32.75,37.01000000000005,0.0,0.0,0.0,0.0,0.0,20.0,0.3,0.1,0.2,0.1,0.4,0.1,0.1,0.1,0.5,0.0,65187.0,0.07587402396183288,0.0,65535.0,0.05789272907606623,0.0,0.0,0.0,0.0,0.0,0.0,0.0,0.0,0.0,0.0
7088.31,0.674191165623748,0.0,16352.0,37.0,0.19764999999990435,31.4375,32.8125,36.89000000000004,0.0,0.0,0.0,0.0,0.0,20.0,0.3,0.1,0.2,0.1,0.4,0.1,0.1,0.1,0.5,0.0,65326.0,0.07595750543428344,0.0,65535.0,0.05760280766002899,0.0,0.0,0.0,0.0,0.0,0.0,0.0,0.0,0.0,0.0
7148.39,0.6709510353795984,0.0,16352.0,37.0,0.22384999999989472,31.4375,32.8125,36.89000000000004,0.0,0.0,0.0,0.0,0.0,20.0,0.3,0.1,0.2,0.1,0.4,0.1,0.1,0.1,0.5,0.0,64400.0,0.07666149068322982,0.0,65535.0,0.057495994506752114,0.0,0.0,0.0,0.0,0.0,0.0,0.0,0.0,0.0,0.0
7208.48,0.6743943571893207,0.0,16352.0,37.0,0.20564999999989791,31.5,32.8125,36.89000000000004,0.0,0.0,0.0,0.0,0.0,20.0,0.3,0.1,0.2,0.1,0.4,0.1,0.1,0.1,0.5,0.0,65010.0,0.07671127518843254,0.0,65535.0,0.058533607995727474,0.0,0.0,0.0,0.0,0.0,0.0,0.0,0.0,0.0,0.0
7268.56,0.6750776122762698,0.0,16352.0,37.0,0.20354999999989726,31.4375,32.75,36.950000000000045,0.0,0.005,0.25,0.0,0.0,20.0,0.3,0.1,0.2,0.1,0.4,0.1,0.1,0.1,0.5,0.0,65535.0,0.07656977187762265,0.0,65535.0,0.05867093919279774,0.0,0.0,0.0,0.0,0.0,0.0,0.0,0.0,0.0,0.0
7328.62,0.6513801362555258,0.0,16352.0,37.0,0.2972499999998899,31.4375,32.8125,36.63000000000005,0.0,0.0,0.0,0.0,0.0,20.0,0.3,0.1,0.2,0.1,0.4,0.1,0.1,0.1,0.5,0.0,64083.0,0.07649454613548055,0.0,65535.0,0.05668726634622721,0.0,0.0,0.0,0.0,0.0,0.0,0.0,0.0,0.0,0.0
7388.68,0.6845733124789158,0.0,16352.0,37.0,0.2349499999998914,31.4375,32.75,36.97000000000003,0.0,0.0,0.0,0.0,0.0,20.0,0.3,0.1,0.2,0.1,0.4,0.1,0.1,0.1,0.5,0.0,63787.0,0.07659867998181448,0.0,65535.0,0.05696192874036774,0.0,0.0,0.0,0.0,0.0,0.0,0.0,0.0,0.0,0.0
7448.74,0.6642752906761931,0.0,16352.0,37.0,0.27114999999990197,31.5,32.6875,36.73000000000002,0.0,0.0,0.0,0.0,0.0,20.0,0.3,0.1,0.2,0.1,0.4,0.1,0.1,0.1,0.5,0.0,63839.0,0.07684957471138332,0.0,65535.0,0.0575417715724422,0.0,0.0,0.0,0.0,0.0,0.0,0.0,0.0,0.0,0.0
7508.83,0.5898027768399865,0.0,16352.0,37.0,0.2759499999999019,31.5,32.75,37.13000000000005,0.0,0.0,0.0,0.0,0.0,20.0,0.3,0.1,0.2,0.1,0.4,0.1,0.1,0.1,0.5,0.0,64472.0,0.0765603672912272,0.0,65535.0,0.05766384374761578,0.0,0.0,0.0,0.0,0.0,0.0,0.0,0.0,0.0,0.0
7568.9,0.5451648672940504,0.0,16352.0,37.0,0.19854999999989864,31.5,32.8125,37.05000000000001,0.0,0.0,0.0,0.0,0.0,20.0,0.3,0.1,0.2,0.1,0.4,0.1,0.1,0.1,0.5,0.0,63865.0,0.07695921083535583,0.0,65535.0,0.05722133211261158,0.0,0.0,0.0,0.0,0.0,0.0,0.0,0.0,0.0,0.0
7628.97,0.7320469512901578,0.0,16352.0,37.0,0.19314999999989757,31.5625,32.8125,36.950000000000045,0.0,0.0,0.0,0.0,0.0,20.0,0.3,0.1,0.2,0.1,0.4,0.1,0.1,0.1,0.5,0.0,64209.0,0.07706084816770235,0.0,65535.0,0.0580148012512398,0.0,0.0,0.0,0.0,0.0,0.0,0.0,0.0,0.0,0.0
7689.03,0.6259924253260483,0.0,16352.0,37.0,0.2260499999998935,31.5625,32.8125,36.870000000000005,0.0,0.0,0.0,0.0,0.0,20.0,0.3,0.1,0.2,0.1,0.4,0.1,0.1,0.1,0.5,0.0,64254.0,0.07700687894917048,0.0,65535.0,0.05763332570382239,0.0,0.0,0.0,0.0,0.0,0.0,0.0,0.0,0.0,0.0
7749.11,0.5820440757797096,0.0,16352.0,37.0,0.22394999999989285,31.5,32.8125,36.93000000000001,0.0,0.0,0.0,0.0,0.0,20.0,0.3,0.1,0.2,0.1,0.4,0.1,0.1,0.1,0.5,0.0,64437.0,0.07694337104458618,0.0,65535.0,0.05752651255054551,0.0,0.0,0.0,0.0,0.0,0.0,0.0,0.0,0.0,0.0
7809.19,0.6386488408752371,0.0,16352.0,37.0,0.23304999999989706,31.5625,32.75,36.950000000000045,0.0,0.0,0.0,0.0,0.0,20.0,0.3,0.1,0.2,0.1,0.4,0.1,0.1,0.1,0.5,0.0,63864.0,0.07782162094450708,0.0,65535.0,0.058152132448310065,0.0,0.0,0.0,0.0,0.0,0.0,0.0,0.0,0.0,0.0
7869.24,0.5824009893872942,0.0,16352.0,37.0,0.2430499999998871,31.5625,32.8125,36.89000000000004,0.0,0.0,0.0,0.0,0.0,20.0,0.3,0.1,0.2,0.1,0.4,0.1,0.1,0.1,0.5,0.0,64379.0,0.07741654887463303,0.0,65535.0,0.05822842755779355,0.0,0.0,0.0,0.0,0.0,0.0,0.0,0.0,0.0,0.0
7929.32,0.6052673261949193,0.0,16352.0,37.0,0.2009499999998944,31.5625,32.8125,36.870000000000005,0.0,0.0,0.0,0.0,0.0,20.0,0.3,0.1,0.2,0.1,0.4,0.1,0.1,0.1,0.5,0.0,63861.0,0.07787225380122453,0.0,65535.0,0.05792324711985962,0.0,0.0,0.0,0.0,0.0,0.0,0.0,0.0,0.0,0.0
7989.38,0.6186699579590631,0.0,16352.0,37.0,0.22624999999988474,31.5,32.8125,37.03000000000003,0.0,0.0,0.0,0.0,0.0,20.0,0.3,0.1,0.2,0.1,0.4,0.1,0.1,0.1,0.5,0.0,64307.0,0.07778313402895486,0.0,65535.0,0.058487830930037385,0.0,0.0,0.0,0.0,0.0,0.0,0.0,0.0,0.0,0.0
8049.43,0.5623590358455803,0.0,16352.0,37.0,0.23214999999989358,31.5,32.8125,36.81,0.0,0.0,0.0,0.0,0.0,20.0,0.3,0.1,0.2,0.1,0.4,0.1,0.1,0.1,0.5,0.0,65229.0,0.07722025479464656,0.0,65535.0,0.059037155718318454,0.0,0.0,0.0,0.0,0.0,0.0,0.0,0.0,0.0,0.0
8109.47,0.6366560386441613,0.0,16352.0,37.0,0.19124999999988643,31.5625,32.8125,36.710000000000036,0.0,0.0,0.0,0.0,0.0,20.0,0.3,0.1,0.2,0.1,0.4,0.1,0.1,0.1,0.5,0.0,63732.0,0.07835937990334525,0.0,65535.0,0.05879301136797131,0.0,0.0,0.0,0.0,0.0,0.0,0.0,0.0,0.0,0.0
8169.52,0.6445650325980045,0.0,16352.0,37.0,0.24274999999988223,31.5,32.75,36.89000000000004,0.0,0.0,0.0,0.0,0.0,20.0,0.3,0.1,0.2,0.1,0.4,0.1,0.1,0.1,0.5,0.0,65348.0,0.07723266205545694,0.0,65535.0,0.05943389028763256,0.0,0.0,0.0,0.0,0.0,0.0,0.0,0.0,0.0,0.0
8229.58,0.5474633104871212,0.0,16352.0,37.0,0.22064999999988555,31.5625,32.75,36.97000000000003,0.0,0.0,0.0,0.0,0.0,20.0,0.3,0.1,0.2,0.1,0.4,0.1,0.1,0.1,0.5,0.0,64239.0,0.0782546428182257,0.0,65535.0,0.05931181811245899,0.0,0.0,0.0,0.0,0.0,0.0,0.0,0.0,0.0,0.0
8289.65,0.601185170240609,0.0,16352.0,37.0,0.18794999999988343,31.5625,32.75,36.97000000000003,0.0,0.0,0.0,0.0,0.0,20.0,0.3,0.1,0.2,0.1,0.4,0.1,0.1,0.1,0.5,0.0,64132.0,0.07822927711594836,0.0,65535.0,0.059327077134355685,0.0,0.0,0.0,0.0,0.0,0.0,0.0,0.0,0.0,0.0
8349.73,0.6040992106197787,0.0,16352.0,37.0,0.2591499999998906,31.5,32.75,37.03000000000003,0.0,0.0,0.0,0.0,0.0,20.0,0.3,0.1,0.2,0.1,0.4,0.1,0.1,0.1,0.5,0.0,63848.0,0.078765192331788,0.0,65535.0,0.05935759517814908,0.0,0.0,0.0,0.0,0.0,0.0,0.0,0.0,0.0,0.0
8409.8,0.6470700697344833,0.0,16352.0,37.0,0.20234999999988282,31.5625,32.8125,36.870000000000005,0.0,0.0,0.0,0.0,0.0,20.0,0.3,0.1,0.2,0.1,0.4,0.1,0.1,0.1,0.5,0.0,64273.0,0.07858665380486363,0.0,65535.0,0.059906919966430154,0.0,0.0,0.0,0.0,0.0,0.0,0.0,0.0,0.0,0.0
8469.85,0.7372226701883681,0.0,16352.0,37.0,0.21734999999988253,31.5,32.8125,36.870000000000005,0.0,0.0,0.0,0.0,0.0,20.0,0.3,0.1,0.2,0.1,0.4,0.1,0.1,0.1,0.5,0.0,64119.0,0.07888457399522762,0.0,65535.0,0.059861142900740065,0.0,0.0,0.0,0.0,0.0,0.0,0.0,0.0,0.0,0.0
8529.93,0.7549449608923773,0.0,16352.0,37.0,0.2597499999998883,31.5,32.8125,36.950000000000045,0.0,0.0,0.0,0.0,0.0,20.0,0.3,0.1,0.2,0.1,0.4,0.1,0.1,0.1,0.5,0.0,64339.0,0.07870809306952237,0.0,65535.0,0.060028992141603725,0.0,0.0,0.0,0.0,0.0,0.0,0.0,0.0,0.0,0.0
8590.01,0.7764322073676166,0.0,16352.0,37.0,0.2106499999998761,31.5625,32.8125,36.85000000000002,0.0,0.0,0.0,0.0,0.0,20.0,0.3,0.1,0.2,0.1,0.4,0.1,0.1,0.1,0.5,0.0,64319.0,0.07899687495141404,0.0,65535.0,0.060578316929884794,0.0,0.0,0.0,0.0,0.0,0.0,0.0,0.0,0.0,0.0
8650.06,0.6164993925465073,0.0,16352.0,37.0,0.2088499999998752,31.5625,32.8125,36.93000000000001,0.0,0.0,0.0,0.0,0.0,20.0,0.3,0.1,0.2,0.1,0.4,0.1,0.1,0.1,0.5,0.0,64387.0,0.07900663177349465,0.0,65535.0,0.0605630579079881,0.0,0.0,0.0,0.0,0.0,0.0,0.0,0.0,0.0,0.0
8710.12,0.6185340083276397,0.0,16352.0,37.0,0.24004999999987522,31.5625,32.8125,36.97000000000003,0.0,0.0,0.0,0.0,0.0,20.0,0.3,0.1,0.2,0.1,0.4,0.1,0.1,0.1,0.5,0.0,65220.0,0.07859552284575283,0.0,65535.0,0.0614023041123064,0.0,0.0,0.0,0.0,0.0,0.0,0.0,0.0,0.0,0.0
8770.2,0.5652677228859685,0.0,16352.0,37.0,0.24034999999987408,31.5,32.875,36.93000000000001,0.0,0.0,0.0,0.0,0.0,20.0,0.3,0.1,0.2,0.1,0.4,0.1,0.1,0.1,0.5,0.0,64664.0,0.07902387727328962,0.0,65535.0,0.06143282215609979,0.0,0.0,0.0,0.0,0.0,0.0,0.0,0.0,0.0,0.0
8830.26,0.5832672624086892,0.0,16352.0,37.0,0.26924999999987875,31.5625,32.8125,36.85000000000002,0.0,0.0,0.0,0.0,0.0,20.0,0.3,0.1,0.2,0.1,0.4,0.1,0.1,0.1,0.5,0.0,65110.0,0.07871294731992014,0.0,65535.0,0.06172274357213703,0.0,0.0,0.0,0.0,0.0,0.0,0.0,0.0,0.0,0.0
8890.33,0.5755229634891365,0.0,16352.0,37.0,0.22274999999987585,31.5,32.8125,37.03000000000003,0.0,0.0,0.0,0.0,0.0,20.0,0.3,0.1,0.2,0.1,0.4,0.1,0.1,0.1,0.5,0.0,64215.0,0.07957642295413844,0.0,65535.0,0.06128023193713283,0.0,0.0,0.0,0.0,0.0,0.0,0.0,0.0,0.0,0.0
8950.37,0.7803465897191681,0.0,16352.0,37.0,0.22354999999987,31.5625,32.8125,36.950000000000045,0.0,0.0,0.0,0.0,0.0,20.0,0.3,0.1,0.2,0.1,0.4,0.1,0.1,0.1,0.5,0.0,65535.0,0.07879758907454032,0.0,65535.0,0.06248569466697185,0.0,0.0,0.0,0.0,0.0,0.0,0.0,0.0,0.0,0.0
9010.42,0.6129878489029885,0.0,16352.0,37.0,0.20464999999986785,31.5625,32.75,36.93000000000001,0.0,0.0,0.0,0.0,0.0,20.0,0.3,0.1,0.2,0.1,0.4,0.1,0.1,0.1,0.5,0.0,64098.0,0.07984648506973696,0.0,65535.0,0.06176852063782712,0.0,0.0,0.0,0.0,0.0,0.0,0.0,0.0,0.0,0.0
9070.49,0.605614284772809,0.0,16352.0,37.0,0.24264999999987846,31.5,32.8125,36.870000000000005,0.0,0.0,0.0,0.0,0.0,20.0,0.3,0.1,0.2,0.1,0.4,0.1,0.1,0.1,0.5,0.0,64863.0,0.07927477914990055,0.0,65535.0,0.06291294728007935,0.0,0.0,0.0,0.0,0.0,0.0,0.0,0.0,0.0,0.0
9130.53,0.6119103257050553,0.0,16352.0,37.0,0.24734999999987334,31.5,32.8125,36.97000000000003,0.0,0.0,0.0,0.0,0.0,20.0,0.3,0.1,0.2,0.1,0.4,0.1,0.1,0.1,0.5,0.0,64411.0,0.07978450885718277,0.0,65535.0,0.06239414053559167,0.0,0.0,0.0,0.0,0.0,0.0,0.0,0.0,0.0,0.0
9190.59,0.5996984344496832,0.0,16352.0,37.0,0.23854999999986712,31.5,32.875,36.950000000000045,0.0,0.0,0.0,0.0,0.0,20.0,0.3,0.1,0.2,0.1,0.4,0.1,0.1,0.1,0.5,0.0,64315.0,0.08002798725025266,0.0,65535.0,0.06265354390783551,0.0,0.0,0.0,0.0,0.0,0.0,0.0,0.0,0.0,0.0
9250.66,0.6155258325527445,0.0,16352.0,37.0,0.1817499999998736,31.5625,32.75,36.870000000000005,0.0,0.0,0.0,0.0,0.0,20.0,0.3,0.1,0.2,0.1,0.4,0.1,0.1,0.1,0.5,0.0,64570.0,0.07999070775902122,0.0,65535.0,0.06277561608300908,0.0,0.0,0.0,0.0,0.0,0.0,0.0,0.0,0.0,0.0
9310.74,0.6012188928118314,0.0,16352.0,37.0,0.22114999999986446,31.5625,32.75,36.93000000000001,0.0,0.0,0.0,0.0,0.0,20.0,0.3,0.1,0.2,0.1,0.4,0.1,0.1,0.1,0.5,0.0,64765.0,0.07987338840423068,0.0,65535.0,0.06323338673990997,0.0,0.0,0.0,0.0,0.0,0.0,0.0,0.0,0.0,0.0
9370.82,0.6041017036902646,0.0,16352.0,37.0,0.257349999999875,31.5625,32.8125,36.85000000000002,0.0,0.0,0.0,0.0,0.0,20.0,0.3,0.1,0.2,0.1,0.4,0.1,0.1,0.1,0.5,0.0,64333.0,0.08022321359178027,0.0,65535.0,0.063080796520943,0.0,0.0,0.0,0.0,0.0,0.0,0.0,0.0,0.0,0.0
9430.86,0.6186678799608218,0.0,16352.0,37.0,0.23884999999986342,31.5,32.8125,36.89000000000004,0.0,0.0,0.0,0.0,0.0,20.0,0.3,0.1,0.2,0.1,0.4,0.1,0.1,0.1,0.5,0.0,63766.0,0.08066994950286986,0.0,65535.0,0.06321812771801327,0.0,0.0,0.0,0.0,0.0,0.0,0.0,0.0,0.0,0.0
9490.89,0.637706155867935,0.0,16352.0,37.0,0.2020499999998659,31.5625,32.75,36.79000000000002,0.0,0.0,0.0,0.0,0.0,20.0,0.3,0.1,0.2,0.1,0.4,0.1,0.1,0.1,0.5,0.0,64234.0,0.0803624248840178,0.0,65535.0,0.06337071793698024,0.0,0.0,0.0,0.0,0.0,0.0,0.0,0.0,0.0,0.0
9550.97,0.5921278803158108,0.0,16352.0,37.0,0.22554999999987121,31.5625,32.8125,37.05000000000001,0.0,0.0,0.0,0.0,0.0,20.0,0.3,0.1,0.2,0.1,0.4,0.1,0.1,0.1,0.5,0.0,64089.0,0.08085630919502566,0.0,65535.0,0.06366063935301747,0.0,0.0,0.0,0.0,0.0,0.0,0.0,0.0,0.0,0.0
9611.02,0.5786919853498809,0.0,16352.0,37.0,0.1787499999998686,31.4375,32.75,36.85000000000002,0.0,0.0,0.0,0.0,0.0,20.0,0.3,0.1,0.2,0.1,0.4,0.1,0.1,0.1,0.5,0.0,64429.0,0.08061587173477781,0.0,65535.0,0.06367589837491416,0.0,0.0,0.0,0.0,0.0,0.0,0.0,0.0,0.0,0.0
9671.08,0.5833306199025856,0.0,16352.0,37.0,0.22524999999986978,31.4375,32.75,36.77000000000004,0.0,0.0,0.0,0.0,0.0,20.0,0.3,0.1,0.2,0.1,0.4,0.1,0.1,0.1,0.5,0.0,64590.0,0.08058522991175104,0.0,65535.0,0.06384374761577782,0.0,0.0,0.0,0.0,0.0,0.0,0.0,0.0,0.0,0.0
9731.15,0.5744040059887058,0.0,16352.0,37.0,0.24434999999986493,31.4375,32.75,36.77000000000004,0.0,0.0,0.0,0.0,0.0,20.0,0.3,0.1,0.2,0.1,0.4,0.1,0.1,0.1,0.5,0.0,64279.0,0.08091289534684734,0.0,65535.0,0.0643930724040589,0.0,0.0,0.0,0.0,0.0,0.0,0.0,0.0,0.0,0.0
9791.23,0.632059154175113,0.0,16352.0,37.0,0.26644999999985985,31.4375,32.8125,36.870000000000005,0.0,0.0,0.0,0.0,0.0,20.0,0.3,0.1,0.2,0.1,0.4,0.1,0.1,0.1,0.5,0.0,64218.0,0.08103646952567815,0.0,65535.0,0.06478980697337301,0.0,0.0,0.0,0.0,0.0,0.0,0.0,0.0,0.0,0.0
9851.26,0.6265913998580437,0.0,16352.0,37.0,0.18434999999986093,31.5,32.75,36.950000000000045,0.0,0.0,0.0,0.0,0.0,20.0,0.3,0.1,0.2,0.1,0.4,0.1,0.1,0.1,0.5,0.0,64090.0,0.08118271181151505,0.0,65535.0,0.06459143968871596,0.0,0.0,0.0,0.0,0.0,0.0,0.0,0.0,0.0,0.0
9911.3,0.568559734510088,0.0,16352.0,37.0,0.22174999999985617,31.5,32.6875,36.89000000000004,0.0,0.0,0.0,0.0,0.0,20.0,0.3,0.1,0.2,0.1,0.4,0.1,0.1,0.1,0.5,0.0,63877.0,0.08165693442084006,0.0,65535.0,0.06466773479819944,0.0,0.0,0.0,0.0,0.0,0.0,0.0,0.0,0.0,0.0
9971.36,0.5407527706561701,0.0,16352.0,37.0,0.2370499999998556,31.5,32.75,36.870000000000005,0.0,0.0,0.0,0.0,0.0,20.0,0.3,0.1,0.2,0.1,0.4,0.1,0.1,0.1,0.5,0.0,64161.0,0.08127990523838469,0.0,65535.0,0.06469825284199283,0.0,0.0,0.0,0.0,0.0,0.0,0.0,0.0,0.0,0.0
10031.45,0.6000873121275949,0.0,16352.0,37.0,0.24974999999985997,31.5,32.8125,37.01000000000005,0.0,0.0,0.0,0.0,0.0,20.0,0.3,0.1,0.2,0.1,0.4,0.1,0.1,0.1,0.5,0.0,64373.0,0.08124524257064297,0.0,65535.0,0.0648661020828565,0.0,0.0,0.0,0.0,0.0,0.0,0.0,0.0,0.0,0.0
10091.49,0.6535957588320885,0.0,16352.0,37.0,0.20914999999985256,31.5,32.75,36.89000000000004,0.0,0.0,0.0,0.0,0.0,20.0,0.3,0.1,0.2,0.1,0.4,0.1,0.1,0.1,0.5,0.0,65062.0,0.08083059235805846,0.0,65535.0,0.06535439078355078,0.0,0.0,0.0,0.0,0.0,0.0,0.0,0.0,0.0,0.0
10151.55,0.5593985561713186,0.0,16352.0,37.0,0.23914999999985284,31.5,32.75,36.93000000000001,0.0,0.0,0.0,0.0,0.0,20.0,0.3,0.1,0.2,0.1,0.4,0.1,0.1,0.1,0.5,0.0,64291.0,0.08142663825418799,0.0,65535.0,0.06550698100251774,0.0,0.0,0.0,0.0,0.0,0.0,0.0,0.0,0.0,0.0
10211.61,0.5869411968166598,0.0,16352.0,37.0,0.2432499999998616,31.5625,32.75,36.89000000000004,0.0,0.0,0.0,0.0,0.0,20.0,0.3,0.1,0.2,0.1,0.4,0.1,0.1,0.1,0.5,0.0,64333.0,0.08149783159498236,0.0,65535.0,0.06538490882734417,0.0,0.0,0.0,0.0,0.0,0.0,0.0,0.0,0.0,0.0
10271.68,0.5900530244802039,0.0,16352.0,37.0,0.22794999999986043,31.5,32.8125,36.870000000000005,0.0,0.0,0.0,0.0,0.0,20.0,0.3,0.1,0.2,0.1,0.4,0.1,0.1,0.1,0.5,0.0,65045.0,0.08097470981628103,0.0,65535.0,0.06625467307545586,0.0,0.0,0.0,0.0,0.0,0.0,0.0,0.0,0.0,0.0
10331.71,0.5906910175076272,0.0,16352.0,37.0,0.2382499999998502,31.4375,32.8125,37.05000000000001,0.0,0.0,0.0,0.0,0.0,20.0,0.3,0.1,0.2,0.1,0.4,0.1,0.1,0.1,0.5,0.0,65110.0,0.08109353401935186,0.0,65535.0,0.06585793850614176,0.0,0.0,0.0,0.0,0.0,0.0,0.0,0.0,0.0,0.0
10391.77,0.6046879280705603,0.0,16352.0,37.0,0.243249999999859,31.5,32.8125,36.870000000000005,0.0,0.0,0.0,0.0,0.0,20.0,0.3,0.1,0.2,0.1,0.4,0.1,0.1,0.1,0.5,0.0,64663.0,0.0815922552309667,0.0,65535.0,0.06622415503166247,0.0,0.0,0.0,0.0,0.0,0.0,0.0,0.0,0.0,0.0
10451.85,0.5581636668933845,0.0,16352.0,37.0,0.21674999999985212,31.5,32.75,36.85000000000002,0.0,0.0,0.0,0.0,0.0,20.0,0.3,0.1,0.2,0.1,0.4,0.1,0.1,0.1,0.5,0.0,64184.0,0.08190514770036146,0.0,65535.0,0.06620889600976577,0.0,0.0,0.0,0.0,0.0,0.0,0.0,0.0,0.0,0.0
10511.92,0.6112415231368156,0.0,16352.0,37.0,0.23584999999984724,31.5,32.8125,36.81,0.0,0.0,0.0,0.0,0.0,20.0,0.3,0.1,0.2,0.1,0.4,0.1,0.1,0.1,0.5,0.0,64837.0,0.08166633249533445,0.0,65535.0,0.06659037155718318,0.0,0.0,0.0,0.0,0.0,0.0,0.0,0.0,0.0,0.0
10571.99,0.6462714774021929,0.0,16352.0,37.0,0.28384999999984795,31.5,32.75,36.870000000000005,0.0,0.0,0.0,0.0,0.0,20.0,0.3,0.1,0.2,0.1,0.4,0.1,0.1,0.1,0.5,0.0,63711.0,0.08273296604981871,0.0,65535.0,0.06640726329442283,0.0,0.0,0.0,0.0,0.0,0.0,0.0,0.0,0.0,0.0
10632.05,0.6086794719314188,0.0,16352.0,37.0,0.22734999999985495,31.5,32.75,36.81,0.0,0.0,0.0,0.0,0.0,20.0,0.3,0.1,0.2,0.1,0.4,0.1,0.1,0.1,0.5,0.0,64321.0,0.0822437462104134,0.0,65535.0,0.06655985351338979,0.0,0.0,0.0,0.0,0.0,0.0,0.0,0.0,0.0,0.0
10692.1,0.613494901414243,0.0,16352.0,37.0,0.26124999999985593,31.5625,32.75,36.81,0.0,0.0,0.0,0.0,0.0,20.0,0.3,0.1,0.2,0.1,0.4,0.1,0.1,0.1,0.5,0.0,64623.0,0.08189034863748201,0.0,65535.0,0.06717021438925765,0.0,0.0,0.0,0.0,0.0,0.0,0.0,0.0,0.0,0.0
10752.14,0.6895289472231123,0.0,16352.0,37.0,0.25334999999984975,31.5,32.75,36.85000000000002,0.0,0.0,0.0,0.0,0.0,20.0,0.3,0.1,0.2,0.1,0.4,0.1,0.1,0.1,0.5,0.0,64633.0,0.08220259000820014,0.0,65535.0,0.06785687037460898,0.0,0.0,0.0,0.0,0.0,0.0,0.0,0.0,0.0,0.0
10812.18,0.5646834614369162,0.0,16352.0,37.0,0.2312499999998531,31.5,32.75,36.89000000000004,0.0,0.0,0.0,0.0,0.0,20.0,0.3,0.1,0.2,0.1,0.4,0.1,0.1,0.1,0.5,0.0,64555.0,0.08217798776237317,0.0,65535.0,0.06732280460822461,0.0,0.0,0.0,0.0,0.0,0.0,0.0,0.0,0.0,0.0
10872.23,0.6189785168932078,0.0,16352.0,37.0,0.28274999999984973,31.5,32.75,37.09000000000003,0.0,0.0,0.0,0.0,0.0,20.0,0.3,0.1,0.2,0.1,0.4,0.1,0.1,0.1,0.5,0.0,64401.0,0.08212605394326175,0.0,65535.0,0.06712443732356756,0.0,0.0,0.0,0.0,0.0,0.0,0.0,0.0,0.0,0.0
10932.29,0.5525919525229783,0.0,16352.0,37.0,0.20234999999984582,31.5,32.75,37.13000000000005,0.0,0.0,0.0,0.0,0.0,20.0,0.3,0.1,0.2,0.1,0.4,0.1,0.1,0.1,0.5,0.0,63648.0,0.08295625942684766,0.0,65535.0,0.06752117189288166,0.0,0.0,0.0,0.0,0.0,0.0,0.0,0.0,0.0,0.0
10992.34,0.6139992452025168,0.0,16352.0,37.0,0.22174999999984066,31.5625,32.8125,36.89000000000004,0.0,0.0,0.0,0.0,0.0,20.0,0.3,0.1,0.2,0.1,0.4,0.1,0.1,0.1,0.5,0.0,64206.0,0.08288944958415101,0.0,65535.0,0.06782635233081559,0.0,0.0,0.0,0.0,0.0,0.0,0.0,0.0,0.0,0.0
11052.38,0.5786067954037418,0.0,16352.0,37.0,0.21464999999984455,31.5625,32.8125,36.870000000000005,0.0,0.0,0.0,0.0,0.0,20.0,0.3,0.1,0.2,0.1,0.4,0.1,0.1,0.1,0.5,0.0,64625.0,0.08269245647969052,0.0,65535.0,0.06784161135271229,0.0,0.0,0.0,0.0,0.0,0.0,0.0,0.0,0.0,0.0
11112.45,0.6540007775035291,0.0,16352.0,37.0,0.28444999999984133,31.5,32.8125,36.710000000000036,0.0,0.0,0.0,0.0,0.0,20.0,0.3,0.1,0.2,0.1,0.4,0.1,0.1,0.1,0.5,0.0,64822.0,0.08251828083058221,0.0,65535.0,0.06797894254978255,0.0,0.0,0.0,0.0,0.0,0.0,0.0,0.0,0.0,0.0
11172.53,0.5746057195755292,0.0,16352.0,37.0,0.2430499999998389,31.5,32.75,36.89000000000004,0.0,0.0,0.0,0.0,0.0,20.0,0.3,0.1,0.2,0.1,0.4,0.1,0.1,0.1,0.5,0.0,64258.0,0.08294687042858477,0.0,65535.0,0.06807049668116273,0.0,0.0,0.0,0.0,0.0,0.0,0.0,0.0,0.0,0.0
11232.62,0.5836565791415875,0.0,16352.0,37.0,0.1850499999998456,31.5,32.75,37.110000000000014,0.0,0.0,0.0,0.0,0.0,20.0,0.3,0.1,0.2,0.1,0.4,0.1,0.1,0.1,0.5,0.0,64982.0,0.08245360253608691,0.0,65535.0,0.0686808575570306,0.0,0.0,0.0,0.0,0.0,0.0,0.0,0.0,0.0,0.0
11292.66,0.637659609966972,0.0,16352.0,37.0,0.24384999999984724,31.5625,32.75,36.870000000000005,0.0,0.0,0.0,0.0,0.0,20.0,0.3,0.1,0.2,0.1,0.4,0.1,0.1,0.1,0.5,0.0,65116.0,0.08248356778671909,0.0,65535.0,0.06900129701686122,0.0,0.0,0.0,0.0,0.0,0.0,0.0,0.0,0.0,0.0
11352.74,0.6562351810309558,0.0,16352.0,37.0,0.28274999999984285,31.5625,32.75,36.73000000000002,0.0,0.0,0.0,0.0,0.0,20.0,0.3,0.1,0.2,0.1,0.4,0.1,0.1,0.1,0.5,0.0,64971.0,0.08249834541564698,0.0,65535.0,0.06881818875410087,0.0,0.0,0.0,0.0,0.0,0.0,0.0,0.0,0.0,0.0
11412.82,0.57253089883895,0.0,16352.0,37.0,0.22714999999983485,31.5625,32.8125,36.950000000000045,0.0,0.0,0.0,0.0,0.0,20.0,0.3,0.1,0.2,0.1,0.4,0.1,0.1,0.1,0.5,0.0,64303.0,0.08332426169852107,0.0,65535.0,0.06834515907530327,0.0,0.0,0.0,0.0,0.0,0.0,0.0,0.0,0.0,0.0
11472.89,0.6137440197180809,0.0,16352.0,37.0,0.24184999999983398,31.5625,32.75,36.89000000000004,0.0,0.0,0.0,0.0,0.0,20.0,0.3,0.1,0.2,0.1,0.4,0.1,0.1,0.1,0.5,0.0,63837.0,0.08394818052226766,0.0,65535.0,0.06858930342565042,0.0,0.0,0.0,0.0,0.0,0.0,0.0,0.0,0.0,0.0
11532.96,0.7837833243104415,0.0,16352.0,37.0,0.19974999999984128,31.5625,32.75,37.05000000000001,0.0,0.0,0.0,0.0,0.0,20.0,0.3,0.1,0.2,0.1,0.4,0.1,0.1,0.1,0.5,0.0,64117.0,0.08362836689177597,0.0,65535.0,0.06872663462272069,0.0,0.0,0.0,0.0,0.0,0.0,0.0,0.0,0.0,0.0
11593.02,0.5659994142791243,0.0,16352.0,37.0,0.2076499999998307,31.5625,32.75,37.01000000000005,0.0,0.0,0.0,0.0,0.0,20.0,0.3,0.1,0.2,0.1,0.4,0.1,0.1,0.1,0.5,0.0,64696.0,0.08326635340670212,0.0,65535.0,0.06906233310444801,0.0,0.0,0.0,0.0,0.0,0.0,0.0,0.0,0.0,0.0
11653.06,0.5646303751623978,0.0,16352.0,37.0,0.2270499999998406,31.5625,32.8125,36.93000000000001,0.0,0.0,0.0,0.0,0.0,20.0,0.3,0.1,0.2,0.1,0.4,0.1,0.1,0.1,0.5,0.0,64271.0,0.08356801667937327,0.0,65535.0,0.06900129701686122,0.0,0.0,0.0,0.0,0.0,0.0,0.0,0.0,0.0,0.0
11713.11,0.7095820404414837,0.0,16352.0,37.0,0.2582499999998415,31.5,32.75,36.81,0.0,0.0,0.0,0.0,0.0,20.0,0.3,0.1,0.2,0.1,0.4,0.1,0.1,0.1,0.5,0.0,64880.0,0.08309186189889026,0.0,65535.0,0.06958113984893569,0.0,0.0,0.0,0.0,0.0,0.0,0.0,0.0,0.0,0.0
11773.15,0.5883195792040745,0.0,16352.0,37.0,0.24884999999983584,31.5625,32.75,36.85000000000002,0.0,0.0,0.0,0.0,0.0,20.0,0.3,0.1,0.2,0.1,0.4,0.1,0.1,0.1,0.5,0.0,63742.0,0.08418311317498667,0.0,65535.0,0.06918440527962158,0.0,0.0,0.0,0.0,0.0,0.0,0.0,0.0,0.0,0.0
11833.2,0.5502469337289779,0.0,16352.0,37.0,0.18024999999983712,31.5625,32.8125,37.110000000000014,0.0,0.0,0.0,0.0,0.0,20.0,0.3,0.1,0.2,0.1,0.4,0.1,0.1,0.1,0.5,0.0,63918.0,0.084170343252292,0.0,65535.0,0.06933699549858854,0.0,0.0,0.0,0.0,0.0,0.0,0.0,0.0,0.0,0.0
11893.28,0.5874453626733618,0.0,16352.0,37.0,0.24054999999983911,31.5625,32.75,36.870000000000005,0.0,0.0,0.0,0.0,0.0,20.0,0.3,0.1,0.2,0.1,0.4,0.1,0.1,0.1,0.5,0.0,64199.0,0.08420691911088958,0.0,65535.0,0.06997787441824979,0.0,0.0,0.0,0.0,0.0,0.0,0.0,0.0,0.0,0.0
11953.37,0.5482304091754231,0.0,16352.0,37.0,0.2579499999998392,31.5,32.75,36.81,0.0,0.0,0.0,0.0,0.0,20.0,0.3,0.1,0.2,0.1,0.4,0.1,0.1,0.1,0.5,0.0,64613.0,0.08369832696206646,0.0,65535.0,0.06979476615548943,0.0,0.0,0.0,0.0,0.0,0.0,0.0,0.0,0.0,0.0
12013.44,0.5285532274641771,0.0,16352.0,37.0,0.223549999999827,31.5625,32.8125,36.950000000000045,0.0,0.0,0.0,0.0,0.0,20.0,0.3,0.1,0.2,0.1,0.4,0.1,0.1,0.1,0.5,0.0,64422.0,0.08386886467355872,0.0,65535.0,0.06973373006790265,0.0,0.0,0.0,0.0,0.0,0.0,0.0,0.0,0.0,0.0
12073.49,0.5406667060457847,0.0,16352.0,37.0,0.24214999999982684,31.5,32.75,36.89000000000004,0.0,0.0,0.0,0.0,0.0,20.0,0.3,0.1,0.2,0.1,0.4,0.1,0.1,0.1,0.5,0.0,64546.0,0.08383168592941469,0.0,65535.0,0.07022201876859693,0.0,0.0,0.0,0.0,0.0,0.0,0.0,0.0,0.0,0.0
12133.52,0.6334189435767517,0.0,16352.0,37.0,0.24534999999983556,31.5625,32.8125,36.870000000000005,0.0,0.0,0.0,0.0,0.0,20.0,0.3,0.1,0.2,0.1,0.4,0.1,0.1,0.1,0.5,0.0,65399.0,0.08325815379440053,0.0,65535.0,0.07025253681239033,0.0,0.0,0.0,0.0,0.0,0.0,0.0,0.0,0.0,0.0
12193.58,0.7211256242754022,0.0,16352.0,37.0,0.22124999999982906,31.5,32.8125,36.97000000000003,0.0,0.0,0.0,0.0,0.0,20.0,0.3,0.1,0.2,0.1,0.4,0.1,0.1,0.1,0.5,0.0,64015.0,0.08452706396938217,0.0,65535.0,0.06979476615548943,0.0,0.0,0.0,0.0,0.0,0.0,0.0,0.0,0.0,0.0
12253.66,0.547316098267613,0.0,16352.0,37.0,0.20734999999982237,31.5625,32.8125,37.01000000000005,0.0,0.0,0.0,0.0,0.0,20.0,0.3,0.1,0.2,0.1,0.4,0.1,0.1,0.1,0.5,0.0,63963.0,0.08465831809014586,0.0,65535.0,0.07002365148393988,0.0,0.0,0.0,0.0,0.0,0.0,0.0,0.0,0.0,0.0
12313.73,0.5970304537115916,0.0,16352.0,37.0,0.23464999999982256,31.5625,32.75,36.89000000000004,0.0,0.0,0.0,0.0,0.0,20.0,0.3,0.1,0.2,0.1,0.4,0.1,0.1,0.1,0.5,0.0,64857.0,0.08409269623941903,0.0,65535.0,0.07083237964446479,0.0,0.0,0.0,0.0,0.0,0.0,0.0,0.0,0.0,0.0
12373.8,0.7865278336148354,0.0,16352.0,37.0,0.18134999999982412,31.5625,32.8125,37.09000000000003,0.0,0.0,0.0,0.0,0.0,20.0,0.3,0.1,0.2,0.1,0.4,0.1,0.1,0.1,0.5,0.0,64201.0,0.08467157832432516,0.0,65535.0,0.07043564507515068,0.0,0.0,0.0,0.0,0.0,0.0,0.0,0.0,0.0,0.0
12433.84,0.5675938918576298,0.0,16352.0,37.0,0.2805499999998218,31.5,32.8125,36.710000000000036,0.0,0.0,0.0,0.0,0.0,20.0,0.3,0.1,0.2,0.1,0.4,0.1,0.1,0.1,0.5,0.0,64060.0,0.0849516078676241,0.0,65535.0,0.0707560845349813,0.0,0.0,0.0,0.0,0.0,0.0,0.0,0.0,0.0,0.0
12493.91,0.5640131500143228,0.0,16352.0,37.0,0.24404999999982396,31.4375,32.75,36.85000000000002,0.0,0.0,0.0,0.0,0.0,20.0,0.3,0.1,0.2,0.1,0.4,0.1,0.1,0.1,0.5,0.0,64783.0,0.08438942315113533,0.0,65535.0,0.0711833371480888,0.0,0.0,0.0,0.0,0.0,0.0,0.0,0.0,0.0,0.0
12553.98,0.5842453787273949,0.0,16352.0,37.0,0.19814999999982136,31.5,32.8125,37.03000000000003,0.0,0.0,0.0,0.0,0.0,20.0,0.3,0.1,0.2,0.1,0.4,0.1,0.1,0.1,0.5,0.0,64732.0,0.08445591052338874,0.0,65535.0,0.07113756008239872,0.0,0.0,0.0,0.0,0.0,0.0,0.0,0.0,0.0,0.0
12614.05,0.601099533171235,0.0,16352.0,37.0,0.28854999999981357,31.4375,32.75,36.690000000000055,0.0,0.0,0.0,0.0,0.0,20.0,0.3,0.1,0.2,0.1,0.4,0.1,0.1,0.1,0.5,0.0,64436.0,0.08479731826929046,0.0,65535.0,0.07116807812619211,0.0,0.0,0.0,0.0,0.0,0.0,0.0,0.0,0.0,0.0
12674.1,0.6111595327418818,0.0,16352.0,37.0,0.22384999999981472,31.5,32.8125,36.950000000000045,0.0,0.0,0.0,0.0,0.0,20.0,0.3,0.1,0.2,0.1,0.4,0.1,0.1,0.1,0.5,0.0,64474.0,0.08456121847566461,0.0,65535.0,0.07096971084153506,0.0,0.0,0.0,0.0,0.0,0.0,0.0,0.0,0.0,0.0
12734.14,0.543386534171624,0.0,16352.0,37.0,0.3024499999998168,31.5,32.8125,36.650000000000034,0.0,0.0,0.0,0.0,0.0,20.0,0.3,0.1,0.2,0.1,0.4,0.1,0.1,0.1,0.5,0.0,63890.0,0.08541242760995461,0.0,65535.0,0.07081712062256809,0.0,0.0,0.0,0.0,0.0,0.0,0.0,0.0,0.0,0.0
12794.18,0.6029859368288045,0.0,16352.0,37.0,0.21154999999981255,31.5625,32.8125,37.01000000000005,0.0,0.0,0.0,0.0,0.0,20.0,0.3,0.1,0.2,0.1,0.4,0.1,0.1,0.1,0.5,0.0,65104.0,0.08426517571884984,0.0,65535.0,0.07148851758602273,0.0,0.0,0.0,0.0,0.0,0.0,0.0,0.0,0.0,0.0
12854.25,0.5764336476809675,0.0,16352.0,37.0,0.19644999999982118,31.5625,32.8125,37.05000000000001,0.0,0.0,0.0,0.0,0.0,20.0,0.3,0.1,0.2,0.1,0.4,0.1,0.1,0.1,0.5,0.0,64574.0,0.08489484932015981,0.0,65535.0,0.07139696345464255,0.0,0.0,0.0,0.0,0.0,0.0,0.0,0.0,0.0,0.0
12914.33,0.5771566857739935,0.0,16352.0,37.0,0.1831499999998148,31.5625,32.8125,37.09000000000003,0.0,0.0,0.0,0.0,0.0,20.0,0.3,0.1,0.2,0.1,0.4,0.1,0.1,0.1,0.5,0.0,64641.0,0.08476044615646416,0.0,65535.0,0.0712291142137789,0.0,0.0,0.0,0.0,0.0,0.0,0.0,0.0,0.0,0.0
12974.41,0.6221394538366507,0.0,16352.0,37.0,0.23934999999982137,31.5625,32.8125,36.870000000000005,0.0,0.0,0.0,0.0,0.0,20.0,0.3,0.1,0.2,0.1,0.4,0.1,0.1,0.1,0.5,0.0,64708.0,0.08498176423317055,0.0,65535.0,0.07200732433051041,0.0,0.0,0.0,0.0,0.0,0.0,0.0,0.0,0.0,0.0
13034.49,0.6231134649433556,0.0,16352.0,37.0,0.2399499999998208,31.4375,32.75,36.870000000000005,0.0,0.0,0.0,0.0,0.0,20.0,0.3,0.1,0.2,0.1,0.4,0.1,0.1,0.1,0.5,0.0,64265.0,0.08520967867423948,0.0,65535.0,0.0720225833524071,0.0,0.0,0.0,0.0,0.0,0.0,0.0,0.0,0.0,0.0
13094.54,0.5982564457771656,0.0,16352.0,37.0,0.23704999999981008,31.4375,32.8125,36.89000000000004,0.0,0.0,0.0,0.0,0.0,20.0,0.3,0.1,0.2,0.1,0.4,0.1,0.1,0.1,0.5,0.0,64318.0,0.08541932274013496,0.0,65535.0,0.0720378423743038,0.0,0.0,0.0,0.0,0.0,0.0,0.0,0.0,0.0,0.0
13154.59,0.5539085663756363,0.0,16352.0,37.0,0.25674999999981973,31.5,32.8125,36.81,0.0,0.0,0.0,0.0,0.0,20.0,0.3,0.1,0.2,0.1,0.4,0.1,0.1,0.1,0.5,0.0,64010.0,0.08584596156850492,0.0,65535.0,0.07168688487067978,0.0,0.0,0.0,0.0,0.0,0.0,0.0,0.0,0.0,0.0
13214.67,0.5755658526692877,0.0,16352.0,37.0,0.2588499999998195,31.5,32.75,36.81,0.0,0.0,0.0,0.0,0.0,20.0,0.3,0.1,0.2,0.1,0.4,0.1,0.1,0.1,0.5,0.0,63961.0,0.08592736198621034,0.0,65535.0,0.07165636682688639,0.0,0.0,0.0,0.0,0.0,0.0,0.0,0.0,0.0,0.0
13274.73,0.5732632666042929,0.0,16352.0,37.0,0.2444499999998184,31.5,32.8125,36.870000000000005,0.0,0.0,0.0,0.0,0.0,20.0,0.3,0.1,0.2,0.1,0.4,0.1,0.1,0.1,0.5,0.0,63970.0,0.08589964045646396,0.0,65535.0,0.07151903562981612,0.0,0.0,0.0,0.0,0.0,0.0,0.0,0.0,0.0,0.0
13334.81,0.546037299920556,0.0,16352.0,37.0,0.18644999999981088,31.5,32.8125,37.09000000000003,0.0,0.0,0.0,0.0,0.0,20.0,0.3,0.1,0.2,0.1,0.4,0.1,0.1,0.1,0.5,0.0,64123.0,0.08589741590380987,0.0,65535.0,0.07168688487067978,0.0,0.0,0.0,0.0,0.0,0.0,0.0,0.0,0.0,0.0
13394.89,0.5650659981000458,0.0,16352.0,37.0,0.19724999999981013,31.5,32.8125,37.03000000000003,0.0,0.0,0.0,0.0,0.0,20.0,0.3,0.1,0.2,0.1,0.4,0.1,0.1,0.1,0.5,0.0,64406.0,0.08592367170760488,0.0,65535.0,0.07255664911879149,0.0,0.0,0.0,0.0,0.0,0.0,0.0,0.0,0.0,0.0
13454.96,0.5563360938159417,0.0,16352.0,37.0,0.25464999999981647,31.5,32.875,36.81,0.0,0.0,0.0,0.0,0.0,20.0,0.3,0.1,0.2,0.1,0.4,0.1,0.1,0.1,0.5,0.0,64134.0,0.08627249196993794,0.0,65535.0,0.0720531013962005,0.0,0.0,0.0,0.0,0.0,0.0,0.0,0.0,0.0,0.0
13515.03,0.5597082083518115,0.0,16352.0,37.0,0.21314999999980902,31.5,32.8125,36.97000000000003,0.0,0.0,0.0,0.0,0.0,20.0,0.3,0.1,0.2,0.1,0.4,0.1,0.1,0.1,0.5,0.0,64548.0,0.08559521596331413,0.0,65535.0,0.07248035400930801,0.0,0.0,0.0,0.0,0.0,0.0,0.0,0.0,0.0,0.0
13575.1,0.6586443809935235,0.0,16352.0,37.0,0.24374999999980962,31.5,32.8125,36.85000000000002,0.0,0.0,0.0,0.0,0.0,20.0,0.3,0.1,0.2,0.1,0.4,0.1,0.1,0.1,0.5,0.0,63971.0,0.08644542058120086,0.0,65535.0,0.07200732433051041,0.0,0.0,0.0,0.0,0.0,0.0,0.0,0.0,0.0,0.0
13635.16,0.5896124283810796,0.0,16352.0,37.0,0.27644999999981,31.5625,32.875,36.73000000000002,0.0,0.0,0.0,0.0,0.0,20.0,0.3,0.1,0.2,0.1,0.4,0.1,0.1,0.1,0.5,0.0,63611.0,0.08690320856455644,0.0,65535.0,0.07211413748378728,0.0,0.0,0.0,0.0,0.0,0.0,0.0,0.0,0.0,0.0
13695.22,0.6263103164302777,0.0,16352.0,37.0,0.23764999999980263,31.5,32.8125,36.89000000000004,0.0,0.0,0.0,0.0,0.0,20.0,0.3,0.1,0.2,0.1,0.4,0.1,0.1,0.1,0.5,0.0,63754.0,0.08675534084135897,0.0,65535.0,0.07235828183413444,0.0,0.0,0.0,0.0,0.0,0.0,0.0,0.0,0.0,0.0
13755.3,0.5571559418919169,0.0,16352.0,37.0,0.2482499999998072,31.5,32.8125,36.85000000000002,0.0,0.0,0.0,0.0,0.0,20.0,0.3,0.1,0.2,0.1,0.4,0.1,0.1,0.1,0.5,0.0,64095.0,0.08644980107652703,0.0,65535.0,0.07225146868085755,0.0,0.0,0.0,0.0,0.0,0.0,0.0,0.0,0.0,0.0
13815.34,0.5774531964366657,0.0,16352.0,37.0,0.25154999999980676,31.5,32.8125,36.85000000000002,0.0,0.0,0.0,0.0,0.0,20.0,0.3,0.1,0.2,0.1,0.4,0.1,0.1,0.1,0.5,0.0,64017.0,0.0863208210319134,0.0,65535.0,0.07234302281223774,0.0,0.0,0.0,0.0,0.0,0.0,0.0,0.0,0.0,0.0
13875.4,0.6330066827783429,0.0,16352.0,37.0,0.21944999999980497,31.5625,32.8125,36.97000000000003,0.0,0.0,0.0,0.0,0.0,20.0,0.3,0.1,0.2,0.1,0.4,0.1,0.1,0.1,0.5,0.0,63524.0,0.0870694540646055,0.0,65535.0,0.07260242618448158,0.0,0.0,0.0,0.0,0.0,0.0,0.0,0.0,0.0,0.0
13935.45,0.5950232292397898,0.0,16352.0,37.0,0.18674999999980285,31.5,32.75,37.09000000000003,0.0,0.0,0.0,0.0,0.0,20.0,0.3,0.1,0.2,0.1,0.4,0.1,0.1,0.1,0.5,0.0,63900.0,0.08688575899843505,0.0,65535.0,0.07246509498741131,0.0,0.0,0.0,0.0,0.0,0.0,0.0,0.0,0.0,0.0
13995.52,0.5763431243889856,0.0,16352.0,37.0,0.2241499999997981,31.5625,32.75,36.950000000000045,0.0,0.0,0.0,0.0,0.0,20.0,0.3,0.1,0.2,0.1,0.4,0.1,0.1,0.1,0.5,0.0,63748.0,0.08713998870552801,0.0,65535.0,0.07280079346913863,0.0,0.0,0.0,0.0,0.0,0.0,0.0,0.0,0.0,0.0
14055.58,0.5915492742410113,0.0,16352.0,37.0,0.22414999999979723,31.5625,32.8125,36.950000000000045,0.0,0.0,0.0,0.0,0.0,20.0,0.3,0.1,0.2,0.1,0.4,0.1,0.1,0.1,0.5,0.0,63759.0,0.08699948242601045,0.0,65535.0,0.07255664911879149,0.0,0.0,0.0,0.0,0.0,0.0,0.0,0.0,0.0,0.0
14115.62,0.6176419360181234,0.0,16352.0,37.0,0.25824999999980713,31.5625,32.8125,36.81,0.0,0.0,0.0,0.0,0.0,20.0,0.3,0.1,0.2,0.1,0.4,0.1,0.1,0.1,0.5,0.0,63583.0,0.08760203198968278,0.0,65535.0,0.07350270847638667,0.0,0.0,0.0,0.0,0.0,0.0,0.0,0.0,0.0,0.0
14175.66,0.5925405615610496,0.0,16352.0,37.0,0.26444999999980145,31.5,32.75,36.79000000000002,0.0,0.0,0.0,0.0,0.0,20.0,0.3,0.1,0.2,0.1,0.4,0.1,0.1,0.1,0.5,0.0,63728.0,0.08743409490333919,0.0,65535.0,0.07315175097276265,0.0,0.0,0.0,0.0,0.0,0.0,0.0,0.0,0.0,0.0
14235.71,0.5358110433747598,0.0,16352.0,37.0,0.24264999999980452,31.5625,32.8125,36.870000000000005,0.0,0.0,0.0,0.0,0.0,20.0,0.3,0.1,0.2,0.1,0.4,0.1,0.1,0.1,0.5,0.0,63673.0,0.08714839885037615,0.0,65535.0,0.07269398031586176,0.0,0.0,0.0,0.0,0.0,0.0,0.0,0.0,0.0,0.0
14295.79,0.5991034583205608,0.0,16352.0,37.0,0.23794999999979372,31.5625,32.875,36.89000000000004,0.0,0.0,0.0,0.0,0.0,20.0,0.3,0.1,0.2,0.1,0.4,0.1,0.1,0.1,0.5,0.0,63865.0,0.08734048383308542,0.0,65535.0,0.07304493781948578,0.0,0.0,0.0,0.0,0.0,0.0,0.0,0.0,0.0,0.0
14355.86,0.6388585819133225,0.0,16352.0,37.0,0.26324999999979826,31.5625,32.75,36.79000000000002,0.0,0.0,0.0,0.0,0.0,20.0,0.3,0.1,0.2,0.1,0.4,0.1,0.1,0.1,0.5,0.0,63450.0,0.08778565799842396,0.0,65535.0,0.07301441977569238,0.0,0.0,0.0,0.0,0.0,0.0,0.0,0.0,0.0,0.0
14415.94,0.5439318356826727,0.0,16352.0,37.0,0.2809499999997981,31.5625,32.8125,36.73000000000002,0.0,0.0,0.0,0.0,0.0,20.0,0.3,0.1,0.2,0.1,0.4,0.1,0.1,0.1,0.5,0.0,64081.0,0.08746742404144754,0.0,65535.0,0.07347219043259327,0.0,0.0,0.0,0.0,0.0,0.0,0.0,0.0,0.0,0.0
14476.0,0.6083358709772669,0.0,16352.0,37.0,0.2465499999998009,31.5625,32.8125,36.870000000000005,0.0,0.005,0.25,0.0,0.0,20.0,0.3,0.1,0.2,0.1,0.4,0.1,0.1,0.1,0.5,0.0,63665.0,0.08766198068012251,0.0,65535.0,0.07347219043259327,0.0,0.0,0.0,0.0,0.0,0.0,0.0,0.0,0.0,0.0
14536.06,0.6097218099188926,0.0,16352.0,37.0,0.3140499999997881,31.5,32.6875,36.63000000000005,0.0,0.0,0.0,0.0,0.0,20.0,0.3,0.1,0.2,0.1,0.4,0.1,0.1,0.1,0.5,0.0,63089.0,0.08711502797635087,0.0,65535.0,0.07248035400930801,0.0,0.0,0.0,0.0,0.0,0.0,0.0,0.0,0.0,0.0
14596.13,0.561943837149006,0.0,16352.0,37.0,0.2950499999997963,31.4375,32.75,36.73000000000002,0.0,0.0,0.0,0.0,0.0,20.0,0.3,0.1,0.2,0.1,0.4,0.1,0.1,0.1,0.5,0.0,62043.0,0.08800348145640927,0.0,65535.0,0.07174792095826657,0.0,0.0,0.0,0.0,0.0,0.0,0.0,0.0,0.0,0.0
14656.21,0.5540386286306715,0.0,16352.0,37.0,0.2029499999997922,31.5625,32.8125,37.09000000000003,0.0,0.0,0.0,0.0,0.0,20.0,0.3,0.1,0.2,0.1,0.4,0.1,0.1,0.1,0.5,0.0,62277.0,0.08773704577934069,0.0,65535.0,0.07214465552758068,0.0,0.0,0.0,0.0,0.0,0.0,0.0,0.0,0.0,0.0
14716.26,0.5517339138389108,0.0,16352.0,37.0,0.21824999999979164,31.625,32.8125,37.03000000000003,0.0,0.0,0.0,0.0,0.0,20.0,0.3,0.1,0.2,0.1,0.4,0.1,0.1,0.1,0.5,0.0,62234.0,0.0876530513867018,0.0,65535.0,0.07188525215533684,0.0,0.0,0.0,0.0,0.0,0.0,0.0,0.0,0.0,0.0
14776.33,0.5628000087800002,0.0,16352.0,37.0,0.1937499999997946,31.5625,32.75,37.110000000000014,0.0,0.0,0.0,0.0,0.0,20.0,0.3,0.1,0.2,0.1,0.4,0.1,0.1,0.1,0.5,0.0,62156.0,0.08776304781517472,0.0,65535.0,0.07191577019913023,0.0,0.0,0.0,0.0,0.0,0.0,0.0,0.0,0.0,0.0
14836.4,0.5556798002441219,0.0,16352.0,37.0,0.24664999999978568,31.625,32.8125,36.89000000000004,0.0,0.0,0.0,0.0,0.0,20.0,0.3,0.1,0.2,0.1,0.4,0.1,0.1,0.1,0.5,0.0,62172.0,0.08798172810911664,0.0,65535.0,0.07264820325017167,0.0,0.0,0.0,0.0,0.0,0.0,0.0,0.0,0.0,0.0
14896.48,0.5896033636423137,0.0,16352.0,37.0,0.18544999999978193,31.5625,32.8125,37.13000000000005,0.0,0.0,0.0,0.0,0.0,20.0,0.3,0.1,0.2,0.1,0.4,0.1,0.1,0.1,0.5,0.0,62448.0,0.0878651037663336,0.0,65535.0,0.07197680628671702,0.0,0.0,0.0,0.0,0.0,0.0,0.0,0.0,0.0,0.0
14956.55,0.5697223946054352,0.0,16352.0,37.0,0.23574999999979301,31.5625,32.8125,36.93000000000001,0.0,0.0,0.0,0.0,0.0,20.0,0.3,0.1,0.2,0.1,0.4,0.1,0.1,0.1,0.5,0.0,62708.0,0.08753269120367417,0.0,65535.0,0.07229724574654765,0.0,0.0,0.0,0.0,0.0,0.0,0.0,0.0,0.0,0.0
15016.58,0.5789468079916826,0.0,16352.0,37.0,0.18094999999978004,31.5625,32.75,37.13000000000005,0.0,0.0,0.0,0.0,0.0,20.0,0.3,0.1,0.2,0.1,0.4,0.1,0.1,0.1,0.5,0.0,62310.0,0.08781896966779008,0.0,65535.0,0.07237354085603113,0.0,0.0,0.0,0.0,0.0,0.0,0.0,0.0,0.0,0.0
15076.63,0.5620152718636374,0.0,16352.0,37.0,0.22534999999978056,31.5,32.8125,36.950000000000045,0.0,0.0,0.0,0.0,0.0,20.0,0.3,0.1,0.2,0.1,0.4,0.1,0.1,0.1,0.5,0.0,62397.0,0.08811321057102105,0.0,65535.0,0.07234302281223774,0.0,0.0,0.0,0.0,0.0,0.0,0.0,0.0,0.0,0.0
15136.69,0.5831652714020966,0.0,16352.0,37.0,0.24474999999979047,31.5625,32.8125,36.870000000000005,0.0,0.0,0.0,0.0,0.0,20.0,0.3,0.1,0.2,0.1,0.4,0.1,0.1,0.1,0.5,0.0,62414.0,0.08805716666132599,0.0,65535.0,0.07248035400930801,0.0,0.0,0.0,0.0,0.0,0.0,0.0,0.0,0.0,0.0
15196.74,0.5468342009714884,0.0,16352.0,37.0,0.2091499999997785,31.5625,32.8125,37.01000000000005,0.0,0.0,0.0,0.0,0.0,20.0,0.3,0.1,0.2,0.1,0.4,0.1,0.1,0.1,0.5,0.0,62421.0,0.0881594335239743,0.0,65535.0,0.07299916075379569,0.0,0.0,0.0,0.0,0.0,0.0,0.0,0.0,0.0,0.0
15256.78,0.5429046473128244,0.0,16352.0,37.0,0.22594999999977827,31.5,32.75,36.950000000000045,0.0,0.0,0.0,0.0,0.0,20.0,0.3,0.1,0.2,0.1,0.4,0.1,0.1,0.1,0.5,0.0,62929.0,0.08755899505792242,0.0,65535.0,0.07232776379034105,0.0,0.0,0.0,0.0,0.0,0.0,0.0,0.0,0.0,0.0
15316.85,0.5407553613115186,0.0,16352.0,37.0,0.17899999999977578,31.5,32.8125,36.870000000000005,0.0,0.0,0.0,0.0,0.0,20.0,0.3,0.1,0.2,0.1,0.4,0.1,0.1,0.1,0.5,0.0,62762.0,0.08788757528440776,0.0,65535.0,0.07273975738155185,0.0,0.0,0.0,0.0,0.0,0.0,0.0,0.0,0.0,0.0
15376.91,0.5352555891158426,0.0,16352.0,37.0,0.18429999999978516,31.5,32.8125,37.190000000000055,0.0,0.0,0.0,0.0,0.0,20.0,0.3,0.1,0.2,0.1,0.4,0.1,0.1,0.1,0.5,0.0,62210.0,0.08868349140009645,0.0,65535.0,0.07330434119172961,0.0,0.0,0.0,0.0,0.0,0.0,0.0,0.0,0.0,0.0
15436.98,0.5539705238780788,0.0,16352.0,37.0,0.1821999999997845,31.5,32.75,36.870000000000005,0.0,0.0,0.0,0.0,0.0,20.0,0.3,0.1,0.2,0.1,0.4,0.1,0.1,0.1,0.5,0.0,62756.0,0.08797565173051182,0.0,65535.0,0.07270923933775846,0.0,0.0,0.0,0.0,0.0,0.0,0.0,0.0,0.0,0.0
15497.08,0.5528084508691917,0.0,16352.0,37.0,0.20779999999977458,31.4375,32.8125,36.870000000000005,0.0,0.0,0.0,0.0,0.0,20.0,0.3,0.1,0.2,0.1,0.4,0.1,0.1,0.1,0.5,0.0,62563.0,0.08827901475312884,0.0,65535.0,0.0729228656443122,0.0,0.0,0.0,0.0,0.0,0.0,0.0,0.0,0.0,0.0
15557.16,0.5791501437974416,0.0,16352.0,37.0,0.15509999999977647,31.5625,32.75,36.93000000000001,0.0,0.0,0.0,0.0,0.0,20.0,0.3,0.1,0.2,0.1,0.4,0.1,0.1,0.1,0.5,0.0,62419.0,0.08854675659654913,0.0,65535.0,0.07341115434500649,0.0,0.0,0.0,0.0,0.0,0.0,0.0,0.0,0.0,0.0
15617.22,0.5548999344897704,0.0,16352.0,37.0,0.1859999999997768,31.5,32.75,36.93000000000001,0.0,0.0,0.0,0.0,0.0,20.0,0.3,0.1,0.2,0.1,0.4,0.1,0.1,0.1,0.5,0.0,62927.0,0.08794317224720709,0.0,65535.0,0.0733806363012131,0.0,0.0,0.0,0.0,0.0,0.0,0.0,0.0,0.0,0.0
15677.27,0.5566179777278324,0.0,16352.0,37.0,0.17629999999977056,31.5,32.8125,36.89000000000004,0.0,0.0,0.0,0.0,0.0,20.0,0.3,0.1,0.2,0.1,0.4,0.1,0.1,0.1,0.5,0.0,62392.0,0.08866521348890884,0.0,65535.0,0.07301441977569238,0.0,0.0,0.0,0.0,0.0,0.0,0.0,0.0,0.0,0.0
15737.31,0.5592066681901043,0.0,16352.0,37.0,0.18659999999977453,31.5,32.8125,36.89000000000004,0.0,0.0,0.0,0.0,0.0,20.0,0.3,0.1,0.2,0.1,0.4,0.1,0.1,0.1,0.5,0.0,62522.0,0.08860880969898596,0.0,65535.0,0.07306019684138247,0.0,0.0,0.0,0.0,0.0,0.0,0.0,0.0,0.0,0.0
15797.38,0.5376764133667284,0.0,16352.0,37.0,0.19539999999977903,31.4375,32.75,36.81,0.0,0.0,0.0,0.0,0.0,20.0,0.3,0.1,0.2,0.1,0.4,0.1,0.1,0.1,0.5,0.0,62523.0,0.0887513395070614,0.0,65535.0,0.07359426260776684,0.0,0.0,0.0,0.0,0.0,0.0,0.0,0.0,0.0,0.0
15857.45,0.5400826885820994,0.0,16352.0,37.0,0.19559999999977373,31.4375,32.75,36.710000000000036,0.0,0.0,0.0,0.0,0.0,20.0,0.3,0.1,0.2,0.1,0.4,0.1,0.1,0.1,0.5,0.0,62276.0,0.08900700109191342,0.0,65535.0,0.07344167238879988,0.0,0.0,0.0,0.0,0.0,0.0,0.0,0.0,0.0,0.0
15917.49,0.5550072066030725,0.0,16352.0,37.0,0.16939999999976657,31.375,32.75,36.81,0.0,0.0,0.0,0.0,0.0,20.0,0.3,0.1,0.2,0.1,0.4,0.1,0.1,0.1,0.5,0.0,63549.0,0.08796361862499803,0.0,65535.0,0.07408255130846113,0.0,0.0,0.0,0.0,0.0,0.0,0.0,0.0,0.0,0.0
15977.53,0.555283269305629,0.0,16352.0,37.0,0.18209999999977092,31.4375,32.75,36.79000000000002,0.0,0.0,0.0,0.0,0.0,20.0,0.3,0.1,0.2,0.1,0.4,0.1,0.1,0.1,0.5,0.0,62624.0,0.08881578947368421,0.0,65535.0,0.07403677424277104,0.0,0.0,0.0,0.0,0.0,0.0,0.0,0.0,0.0,0.0
16037.58,0.5529048595306133,0.0,16352.0,37.0,0.21179999999977148,31.375,32.75,36.85000000000002,0.0,0.0,0.0,0.0,0.0,20.0,0.3,0.1,0.2,0.1,0.4,0.1,0.1,0.1,0.5,0.0,62840.0,0.08868555060471038,0.0,65535.0,0.07374685282673381,0.0,0.0,0.0,0.0,0.0,0.0,0.0,0.0,0.0,0.0
16097.62,0.5618420548319524,0.0,16352.0,37.0,0.20149999999976495,31.4375,32.75,36.97000000000003,0.0,0.0,0.0,0.0,0.0,20.0,0.3,0.1,0.2,0.1,0.4,0.1,0.1,0.1,0.5,0.0,62335.0,0.08937194192668645,0.0,65535.0,0.07385366598001068,0.0,0.0,0.0,0.0,0.0,0.0,0.0,0.0,0.0,0.0
16157.66,0.5559941916030613,0.0,16352.0,37.0,0.1782999999997727,31.4375,32.75,36.97000000000003,0.0,0.0,0.0,0.0,0.0,20.0,0.3,0.1,0.2,0.1,0.4,0.1,0.1,0.1,0.5,0.0,62798.0,0.0888563330042358,0.0,65535.0,0.07402151522087434,0.0,0.0,0.0,0.0,0.0,0.0,0.0,0.0,0.0,0.0
16217.71,0.531072614957235,0.0,16352.0,37.0,0.1997999999997682,31.375,32.75,36.85000000000002,0.0,0.0,0.0,0.0,0.0,20.0,0.3,0.1,0.2,0.1,0.4,0.1,0.1,0.1,0.5,0.0,62517.0,0.0892077354959451,0.0,65535.0,0.0733653772793164,0.0,0.0,0.0,0.0,0.0,0.0,0.0,0.0,0.0,0.0
16277.75,0.5429704075532644,0.0,16352.0,37.0,0.22009999999976307,31.4375,32.6875,36.85000000000002,0.0,0.0,0.0,0.0,0.0,20.0,0.3,0.1,0.2,0.1,0.4,0.1,0.1,0.1,0.5,0.0,62211.0,0.08956615389561332,0.0,65535.0,0.07356374456397345,0.0,0.0,0.0,0.0,0.0,0.0,0.0,0.0,0.0,0.0
16337.83,0.5557017383163206,0.0,16352.0,37.0,0.1788999999997704,31.4375,32.75,36.870000000000005,0.0,0.0,0.0,0.0,0.0,20.0,0.3,0.1,0.2,0.1,0.4,0.1,0.1,0.1,0.5,0.0,62980.0,0.08885360431883138,0.0,65535.0,0.0742046234836347,0.0,0.0,0.0,0.0,0.0,0.0,0.0,0.0,0.0,0.0
16397.89,0.5595577647624776,0.0,16352.0,37.0,0.24009999999977244,31.375,32.75,36.85000000000002,0.0,0.0,0.0,0.0,0.0,20.0,0.3,0.1,0.2,0.1,0.4,0.1,0.1,0.1,0.5,0.0,62395.0,0.08949435050885488,0.0,65535.0,0.07389944304570077,0.0,0.0,0.0,0.0,0.0,0.0,0.0,0.0,0.0,0.0
16457.97,0.5517954898472098,0.0,16352.0,37.0,0.27959999999976837,31.375,32.8125,36.93000000000001,0.0,0.0,0.0,0.0,0.0,20.0,0.3,0.1,0.2,0.1,0.4,0.1,0.1,0.1,0.5,0.0,62344.0,0.08969588091877326,0.0,65535.0,0.0741741054398413,0.0,0.0,0.0,0.0,0.0,0.0,0.0,0.0,0.0,0.0
16518.03,0.5559106478683835,0.0,16352.0,37.0,0.2089999999997598,31.4375,32.6875,37.01000000000005,0.0,0.0,0.0,0.0,0.0,20.0,0.3,0.1,0.2,0.1,0.4,0.1,0.1,0.1,0.5,0.0,62829.0,0.0891626478218657,0.0,65535.0,0.07475394827191577,0.0,0.0,0.0,0.0,0.0,0.0,0.0,0.0,0.0,0.0
16578.08,0.5446967344458211,0.0,16352.0,37.0,0.1344999999997656,31.375,32.75,36.97000000000003,0.0,0.0,0.0,0.0,0.0,20.0,0.3,0.1,0.2,0.1,0.4,0.1,0.1,0.1,0.5,0.0,62050.0,0.08994359387590653,0.0,65535.0,0.07409781033035782,0.0,0.0,0.0,0.0,0.0,0.0,0.0,0.0,0.0,0.0
16638.12,0.541686499420738,0.0,16352.0,37.0,0.1782999999997667,31.375,32.6875,36.85000000000002,0.0,0.0,0.0,0.0,0.0,20.0,0.3,0.1,0.2,0.1,0.4,0.1,0.1,0.1,0.5,0.0,62223.0,0.08982209150957042,0.0,65535.0,0.07392996108949416,0.0,0.0,0.0,0.0,0.0,0.0,0.0,0.0,0.0,0.0
16698.19,0.5292400574666616,0.0,16352.0,37.0,0.23209999999975783,31.4375,32.75,36.57000000000005,0.0,0.0,0.0,0.0,0.0,20.0,0.3,0.1,0.2,0.1,0.4,0.1,0.1,0.1,0.5,0.0,62465.0,0.08974625790442647,0.0,65535.0,0.07426565957122148,0.0,0.0,0.0,0.0,0.0,0.0,0.0,0.0,0.0,0.0
16758.27,0.5390815989193933,0.0,16352.0,37.0,0.265999999999758,31.4375,32.75,36.710000000000036,0.0,0.0,0.0,0.0,0.0,20.0,0.3,0.1,0.2,0.1,0.4,0.1,0.1,0.1,0.5,0.0,62577.0,0.08964955175224124,0.0,65535.0,0.0746013580529488,0.0,0.0,0.0,0.0,0.0,0.0,0.0,0.0,0.0,0.0
16818.31,0.5254740704984582,0.0,16352.0,37.0,0.1615999999997526,31.375,32.6875,36.79000000000002,0.0,0.0,0.0,0.0,0.0,20.0,0.3,0.1,0.2,0.1,0.4,0.1,0.1,0.1,0.5,0.0,62383.0,0.08980010579805396,0.0,65535.0,0.07469291218432898,0.0,0.0,0.0,0.0,0.0,0.0,0.0,0.0,0.0,0.0
16878.36,0.5307918733295656,0.0,16352.0,37.0,0.20509999999975312,31.375,32.6875,36.81,0.0,0.0,0.0,0.0,0.0,20.0,0.3,0.1,0.2,0.1,0.4,0.1,0.1,0.1,0.5,0.0,63137.0,0.08915532888797377,0.0,65535.0,0.0746013580529488,0.0,0.0,0.0,0.0,0.0,0.0,0.0,0.0,0.0,0.0
16938.44,0.5470870614408399,0.0,16352.0,37.0,0.2165999999997577,31.375,32.75,36.89000000000004,0.0,0.0,0.0,0.0,0.0,20.0,0.3,0.1,0.2,0.1,0.4,0.1,0.1,0.1,0.5,0.0,62329.0,0.0902308716648751,0.0,65535.0,0.07466239414053559,0.0,0.0,0.0,0.0,0.0,0.0,0.0,0.0,0.0,0.0
16998.48,0.5358257914442737,0.0,16352.0,37.0,0.2174999999997569,31.4375,32.75,36.610000000000014,0.0,0.0,0.0,0.0,0.0,20.0,0.3,0.1,0.2,0.1,0.4,0.1,0.1,0.1,0.5,0.0,62672.0,0.09007212152157264,0.0,65535.0,0.07524223697261005,0.0,0.0,0.0,0.0,0.0,0.0,0.0,0.0,0.0,0.0
17058.53,0.5564100507481315,0.0,16352.0,37.0,0.18599999999975456,31.4375,32.75,36.950000000000045,0.0,0.0,0.0,0.0,0.0,20.0,0.3,0.1,0.2,0.1,0.4,0.1,0.1,0.1,0.5,0.0,62572.0,0.0899603656587611,0.0,65535.0,0.07479972533760586,0.0,0.0,0.0,0.0,0.0,0.0,0.0,0.0,0.0,0.0
17118.57,0.6082475107444528,0.0,16352.0,37.0,0.20629999999974946,31.4375,32.6875,36.870000000000005,0.0,0.0,0.0,0.0,0.0,20.0,0.3,0.1,0.2,0.1,0.4,0.1,0.1,0.1,0.5,0.0,62973.0,0.08970511171454433,0.0,65535.0,0.07551689936675059,0.0,0.0,0.0,0.0,0.0,0.0,0.0,0.0,0.0,0.0
17178.62,0.5566184947937738,0.0,16352.0,37.0,0.2035999999997485,31.375,32.6875,36.55000000000001,0.0,0.0,0.0,0.0,0.0,20.0,0.3,0.1,0.2,0.1,0.4,0.1,0.1,0.1,0.5,0.0,62667.0,0.0899197344694975,0.0,65535.0,0.07479972533760586,0.0,0.0,0.0,0.0,0.0,0.0,0.0,0.0,0.0,0.0
17238.7,0.5469659337689384,0.0,16352.0,37.0,0.21689999999975318,31.375,32.75,36.650000000000034,0.0,0.0,0.0,0.0,0.0,20.0,0.3,0.1,0.2,0.1,0.4,0.1,0.1,0.1,0.5,0.0,62489.0,0.09036790475123621,0.0,65535.0,0.07479972533760586,0.0,0.0,0.0,0.0,0.0,0.0,0.0,0.0,0.0,0.0
17298.75,0.5500965755664097,0.0,16352.0,37.0,0.21779999999975236,31.4375,32.6875,36.93000000000001,0.0,0.0,0.0,0.0,0.0,20.0,0.3,0.1,0.2,0.1,0.4,0.1,0.1,0.1,0.5,0.0,62160.0,0.09058880308880309,0.0,65535.0,0.07518120088502327,0.0,0.0,0.0,0.0,0.0,0.0,0.0,0.0,0.0,0.0
17358.83,0.5487849907813522,0.0,16352.0,37.0,0.24279999999975718,31.375,32.6875,36.57000000000005,0.0,0.0,0.0,0.0,0.0,20.0,0.3,0.1,0.2,0.1,0.4,0.1,0.1,0.1,0.5,0.0,62570.0,0.09018699057056097,0.0,65535.0,0.07530327306019684,0.0,0.0,0.0,0.0,0.0,0.0,0.0,0.0,0.0,0.0
17418.87,0.5373902106423117,0.0,16352.0,37.0,0.2504999999997519,31.375,32.6875,36.85000000000002,0.0,0.0,0.0,0.0,0.0,20.0,0.3,0.1,0.2,0.1,0.4,0.1,0.1,0.1,0.5,0.0,63349.0,0.08975674438428388,0.0,65535.0,0.07560845349813076,0.0,0.0,0.0,0.0,0.0,0.0,0.0,0.0,0.0,0.0
17478.93,0.5645751861721806,0.0,16352.0,37.0,0.21929999999975014,31.4375,32.6875,36.97000000000003,0.0,0.0,0.0,0.0,0.0,20.0,0.3,0.1,0.2,0.1,0.4,0.1,0.1,0.1,0.5,0.0,62966.0,0.09006447924276594,0.0,65535.0,0.07556267643244068,0.0,0.0,0.0,0.0,0.0,0.0,0.0,0.0,0.0,0.0
17539.0,0.5671226989100984,0.0,16352.0,37.0,0.2489999999997507,31.4375,32.75,36.950000000000045,0.0,0.0,0.0,0.0,0.0,20.0,0.3,0.1,0.2,0.1,0.4,0.1,0.1,0.1,0.5,0.0,61992.0,0.09117305458768873,0.0,65535.0,0.07493705653467612,0.0,0.0,0.0,0.0,0.0,0.0,0.0,0.0,0.0,0.0
17599.07,0.5329309276546023,0.0,16352.0,37.0,0.24109999999974452,31.4375,32.6875,36.870000000000005,0.0,0.0,0.0,0.0,0.0,20.0,0.3,0.1,0.2,0.1,0.4,0.1,0.1,0.1,0.5,0.0,62518.0,0.0905499216225727,0.0,65535.0,0.07530327306019684,0.0,0.0,0.0,0.0,0.0,0.0,0.0,0.0,0.0,0.0
17659.14,0.5353626415500461,0.0,16352.0,37.0,0.21139999999974227,31.5,32.6875,37.13000000000005,0.0,0.0,0.0,0.0,0.0,20.0,0.3,0.1,0.2,0.1,0.4,0.1,0.1,0.1,0.5,0.0,62335.0,0.09083179594128499,0.0,65535.0,0.07512016479743648,0.0,0.0,0.0,0.0,0.0,0.0,0.0,0.0,0.0,0.0
17719.23,0.5370485437082664,0.0,16352.0,37.0,0.2128999999997409,31.4375,32.6875,36.89000000000004,0.0,0.0,0.0,0.0,0.0,20.0,0.3,0.1,0.2,0.1,0.4,0.1,0.1,0.1,0.5,0.0,62244.0,0.09085213032581453,0.0,65535.0,0.07527275501640344,0.0,0.0,0.0,0.0,0.0,0.0,0.0,0.0,0.0,0.0
17779.3,0.5572692607624166,0.0,16352.0,37.0,0.191999999999744,31.375,32.6875,36.870000000000005,0.0,0.0,0.0,0.0,0.0,20.0,0.3,0.1,0.2,0.1,0.4,0.1,0.1,0.1,0.5,0.0,62851.0,0.09011789788547517,0.0,65535.0,0.07563897154192416,0.0,0.0,0.0,0.0,0.0,0.0,0.0,0.0,0.0,0.0
17839.36,0.5394761289755603,0.0,16352.0,37.0,0.17689999999973754,31.4375,32.6875,36.85000000000002,0.0,0.0,0.0,0.0,0.0,20.0,0.3,0.1,0.2,0.1,0.4,0.1,0.1,0.1,0.5,0.0,62684.0,0.09040584519175547,0.0,65535.0,0.0758678568703746,0.0,0.0,0.0,0.0,0.0,0.0,0.0,0.0,0.0,0.0
17899.4,0.5254625621391862,0.0,16352.0,37.0,0.21899999999974273,31.375,32.75,36.870000000000005,0.0,0.0,0.0,0.0,0.0,20.0,0.3,0.1,0.2,0.1,0.4,0.1,0.1,0.1,0.5,0.0,62536.0,0.09074772930791863,0.0,65535.0,0.07618829633020524,0.0,0.0,0.0,0.0,0.0,0.0,0.0,0.0,0.0,0.0
17959.45,0.5135665008217164,0.0,16352.0,37.0,0.18069999999974573,31.4375,32.6875,36.93000000000001,0.0,0.0,0.0,0.0,0.0,20.0,0.3,0.1,0.2,0.1,0.4,0.1,0.1,0.1,0.5,0.0,62377.0,0.09089888901357872,0.0,65535.0,0.07551689936675059,0.0,0.0,0.0,0.0,0.0,0.0,0.0,0.0,0.0,0.0
18019.5,0.562856086769453,0.0,16352.0,37.0,0.1823999999997399,31.375,32.75,36.81,0.0,0.0,0.0,0.0,0.0,20.0,0.3,0.1,0.2,0.1,0.4,0.1,0.1,0.1,0.5,0.0,62842.0,0.09071958244486171,0.0,65535.0,0.0763714045929656,0.0,0.0,0.0,0.0,0.0,0.0,0.0,0.0,0.0,0.0
18079.54,0.593862048674112,0.0,16352.0,37.0,0.24509999999974144,31.4375,32.75,36.79000000000002,0.0,0.0,0.0,0.0,0.0,20.0,0.3,0.1,0.2,0.1,0.4,0.1,0.1,0.1,0.5,0.0,62619.0,0.09096280681582268,0.0,65535.0,0.07553215838864728,0.0,0.0,0.0,0.0,0.0,0.0,0.0,0.0,0.0,0.0
18139.58,0.5433115813265741,0.0,16352.0,37.0,0.2056999999997338,31.4375,32.75,36.93000000000001,0.0,0.0,0.0,0.0,0.0,20.0,0.3,0.1,0.2,0.1,0.4,0.1,0.1,0.1,0.5,0.0,62084.0,0.09142452161587526,0.0,65535.0,0.07554741741054398,0.0,0.0,0.0,0.0,0.0,0.0,0.0,0.0,0.0,0.0
18199.66,0.5369536572731946,0.0,16352.0,37.0,0.2483999999997393,31.375,32.6875,36.650000000000034,0.0,0.0,0.0,0.0,0.0,20.0,0.3,0.1,0.2,0.1,0.4,0.1,0.1,0.1,0.5,0.0,62041.0,0.09160071565577602,0.0,65535.0,0.07603570611123826,0.0,0.0,0.0,0.0,0.0,0.0,0.0,0.0,0.0,0.0
18259.69,0.5394926114823975,0.0,16352.0,37.0,0.22159999999973268,31.4375,32.6875,36.73000000000002,0.0,0.0,0.0,0.0,0.0,20.0,0.3,0.1,0.2,0.1,0.4,0.1,0.1,0.1,0.5,0.0,62637.0,0.09100052684515542,0.0,65535.0,0.07595941100175478,0.0,0.0,0.0,0.0,0.0,0.0,0.0,0.0,0.0,0.0
18319.77,0.5600178091320469,0.0,16352.0,37.0,0.22279999999973157,31.4375,32.75,36.89000000000004,0.0,0.0,0.0,0.0,0.0,20.0,0.3,0.1,0.2,0.1,0.4,0.1,0.1,0.1,0.5,0.0,62247.0,0.09152248301122946,0.0,65535.0,0.075898374914168,0.0,0.0,0.0,0.0,0.0,0.0,0.0,0.0,0.0,0.0
18379.8,0.5514090603877589,0.0,16352.0,37.0,0.2577999999997415,31.3125,32.75,36.81,0.0,0.0,0.0,0.0,0.0,20.0,0.3,0.1,0.2,0.1,0.4,0.1,0.1,0.1,0.5,0.0,62339.0,0.09148366191308811,0.0,65535.0,0.07580682078278782,0.0,0.0,0.0,0.0,0.0,0.0,0.0,0.0,0.0,0.0
18439.85,0.593651136845176,0.0,16352.0,37.0,0.24959999999973562,31.4375,32.6875,36.85000000000002,0.0,0.0,0.0,0.0,0.0,20.0,0.3,0.1,0.2,0.1,0.4,0.1,0.1,0.1,0.5,0.0,62550.0,0.09130295763389289,0.0,65535.0,0.0767681391622797,0.0,0.0,0.0,0.0,0.0,0.0,0.0,0.0,0.0,0.0
18499.92,0.5975186043455303,0.0,16352.0,37.0,0.19929999999973788,31.375,32.6875,36.85000000000002,0.0,0.0,0.0,0.0,0.0,20.0,0.3,0.1,0.2,0.1,0.4,0.1,0.1,0.1,0.5,0.0,62629.0,0.09106005205256351,0.0,65535.0,0.07579156176089112,0.0,0.0,0.0,0.0,0.0,0.0,0.0,0.0,0.0,0.0
18559.98,0.5321757103854202,0.0,16352.0,37.0,0.23229999999973883,31.375,32.6875,36.870000000000005,0.0,0.0,0.0,0.0,0.0,20.0,0.3,0.1,0.2,0.1,0.4,0.1,0.1,0.1,0.5,0.0,62517.0,0.09146312203080761,0.0,65535.0,0.07611200122072175,0.0,0.0,0.0,0.0,0.0,0.0,0.0,0.0,0.0,0.0
18620.04,0.5586549208675596,0.0,16352.0,37.0,0.20839999999972703,31.4375,32.6875,36.73000000000002,0.0,0.0,0.0,0.0,0.0,20.0,0.3,0.1,0.2,0.1,0.4,0.1,0.1,0.1,0.5,0.0,62718.0,0.09139322044708058,0.0,65535.0,0.07647821774624247,0.0,0.0,0.0,0.0,0.0,0.0,0.0,0.0,0.0,0.0
18680.08,0.5797980204510197,0.0,16352.0,37.0,0.20249999999973067,31.4375,32.6875,36.710000000000036,0.0,0.0,0.0,0.0,0.0,20.0,0.3,0.1,0.2,0.1,0.4,0.1,0.1,0.1,0.5,0.0,62550.0,0.09173461231015188,0.0,65535.0,0.07663080796520944,0.0,0.0,0.0,0.0,0.0,0.0,0.0,0.0,0.0,0.0
18740.13,0.5169802902682957,0.0,16352.0,37.0,0.21509999999973,31.4375,32.6875,36.85000000000002,0.0,0.0,0.0,0.0,0.0,20.0,0.3,0.1,0.2,0.1,0.4,0.1,0.1,0.1,0.5,0.0,62613.0,0.09162633957804289,0.0,65535.0,0.07667658503089952,0.0,0.0,0.0,0.0,0.0,0.0,0.0,0.0,0.0,0.0
18800.19,0.541723666213828,0.0,16352.0,37.0,0.24659999999973065,31.4375,32.75,36.81,0.0,0.0,0.0,0.0,0.0,20.0,0.3,0.1,0.2,0.1,0.4,0.1,0.1,0.1,0.5,0.0,62468.0,0.0916949478132804,0.0,65535.0,0.07615777828641183,0.0,0.0,0.0,0.0,0.0,0.0,0.0,0.0,0.0,0.0
18860.24,0.5458749851620642,0.0,16352.0,37.0,0.18279999999973268,31.375,32.75,36.93000000000001,0.0,0.0,0.0,0.0,0.0,20.0,0.3,0.1,0.2,0.1,0.4,0.1,0.1,0.1,0.5,0.0,62322.0,0.09200603318250378,0.0,65535.0,0.07687495231555658,0.0,0.0,0.0,0.0,0.0,0.0,0.0,0.0,0.0,0.0
18920.28,0.5464849598356663,0.0,16352.0,37.0,0.21869999999972844,31.4375,32.6875,36.89000000000004,0.0,0.0,0.0,0.0,0.0,20.0,0.3,0.1,0.2,0.1,0.4,0.1,0.1,0.1,0.5,0.0,62435.0,0.09191959638023545,0.0,65535.0,0.0763714045929656,0.0,0.0,0.0,0.0,0.0,0.0,0.0,0.0,0.0,0.0
18980.36,0.5343545488832253,0.0,16352.0,37.0,0.20929999999972193,31.4375,32.6875,36.81,0.0,0.0,0.0,0.0,0.0,20.0,0.3,0.1,0.2,0.1,0.4,0.1,0.1,0.1,0.5,0.0,62643.0,0.09190172884440401,0.0,65535.0,0.07707331960021363,0.0,0.0,0.0,0.0,0.0,0.0,0.0,0.0,0.0,0.0
19040.41,0.5598797232983985,0.0,16352.0,37.0,0.20219999999972582,31.375,32.6875,36.93000000000001,0.0,0.0,0.0,0.0,0.0,20.0,0.3,0.1,0.2,0.1,0.4,0.1,0.1,0.1,0.5,0.0,62408.0,0.09215164722471478,0.0,65535.0,0.07660028992141604,0.0,0.0,0.0,0.0,0.0,0.0,0.0,0.0,0.0,0.0
19100.49,0.53564716421191,0.0,16352.0,37.0,0.19919999999972512,31.4375,32.6875,36.710000000000036,0.0,0.0,0.0,0.0,0.0,20.0,0.3,0.1,0.2,0.1,0.4,0.1,0.1,0.1,0.5,0.0,62372.0,0.09188417879817867,0.0,65535.0,0.07661554894331274,0.0,0.0,0.0,0.0,0.0,0.0,0.0,0.0,0.0,0.0
19160.53,0.5386341376208426,0.0,16352.0,37.0,0.22689999999973004,31.375,32.625,36.710000000000036,0.0,0.0,0.0,0.0,0.0,20.0,0.3,0.1,0.2,0.1,0.4,0.1,0.1,0.1,0.5,0.0,62821.0,0.09168908486015823,0.0,65535.0,0.07661554894331274,0.0,0.0,0.0,0.0,0.0,0.0,0.0,0.0,0.0,0.0
19220.6,0.5336111955437844,0.0,16352.0,37.0,0.22219999999971923,31.375,32.6875,36.81,0.0,0.0,0.0,0.0,0.0,20.0,0.3,0.1,0.2,0.1,0.4,0.1,0.1,0.1,0.5,0.0,62669.0,0.09223060843479232,0.0,65535.0,0.0771801327534905,0.0,0.0,0.0,0.0,0.0,0.0,0.0,0.0,0.0,0.0
19280.66,0.5681119726614887,0.0,16352.0,37.0,0.2583999999997298,31.3125,32.6875,36.77000000000004,0.0,0.0,0.0,0.0,0.0,20.0,0.3,0.1,0.2,0.1,0.4,0.1,0.1,0.1,0.5,0.0,62647.0,0.09219914760483343,0.0,65535.0,0.07725642786297399,0.0,0.0,0.0,0.0,0.0,0.0,0.0,0.0,0.0,0.0
19340.73,0.5092099017885615,0.0,16352.0,37.0,0.20629999999971693,31.375,32.6875,36.81,0.0,0.0,0.0,0.0,0.0,20.0,0.3,0.1,0.2,0.1,0.4,0.1,0.1,0.1,0.5,0.0,62514.0,0.09225133570080302,0.0,65535.0,0.0771953917753872,0.0,0.0,0.0,0.0,0.0,0.0,0.0,0.0,0.0,0.0
19400.8,0.5361984355257813,0.0,16352.0,37.0,0.21509999999972143,31.375,32.6875,36.79000000000002,0.0,0.0,0.0,0.0,0.0,20.0,0.3,0.1,0.2,0.1,0.4,0.1,0.1,0.1,0.5,0.0,62405.0,0.09242849130678632,0.0,65535.0,0.07699702449073015,0.0,0.0,0.0,0.0,0.0,0.0,0.0,0.0,0.0,0.0
19460.88,0.5686454061695702,0.0,16352.0,37.0,0.21919999999971598,31.4375,32.75,36.79000000000002,0.0,0.0,0.0,0.0,0.0,20.0,0.3,0.1,0.2,0.1,0.4,0.1,0.1,0.1,0.5,0.0,62386.0,0.09250472862501202,0.0,65535.0,0.07728694590676738,0.0,0.0,0.0,0.0,0.0,0.0,0.0,0.0,0.0,0.0
19520.94,0.5188112963295751,0.0,16352.0,37.0,0.22159999999971464,31.375,32.75,36.870000000000005,0.0,0.0,0.0,0.0,0.0,20.0,0.3,0.1,0.2,0.1,0.4,0.1,0.1,0.1,0.5,0.0,62003.0,0.09306001322516652,0.0,65535.0,0.0767681391622797,0.0,0.0,0.0,0.0,0.0,0.0,0.0,0.0,0.0,0.0
19580.99,0.565018035539818,0.0,16352.0,37.0,0.2162999999997186,31.4375,32.6875,36.650000000000034,0.0,0.0,0.0,0.0,0.0,20.0,0.3,0.1,0.2,0.1,0.4,0.1,0.1,0.1,0.5,0.0,63268.0,0.09181576784472403,0.0,65535.0,0.07757686732280461,0.0,0.0,0.0,0.0,0.0,0.0,0.0,0.0,0.0,0.0
19641.07,0.5469803787996119,0.0,16352.0,37.0,0.20569999999971234,31.375,32.6875,36.85000000000002,0.0,0.0,0.0,0.0,0.0,20.0,0.3,0.1,0.2,0.1,0.4,0.1,0.1,0.1,0.5,0.0,62239.0,0.09277141342245215,0.0,65535.0,0.07747005416952774,0.0,0.0,0.0,0.0,0.0,0.0,0.0,0.0,0.0,0.0
19701.14,0.5436898502824148,0.0,16352.0,37.0,0.19979999999971598,31.4375,32.6875,36.73000000000002,0.0,0.0,0.0,0.0,0.0,20.0,0.3,0.1,0.2,0.1,0.4,0.1,0.1,0.1,0.5,0.0,62440.0,0.0927290198590647,0.0,65535.0,0.07733272297245747,0.0,0.0,0.0,0.0,0.0,0.0,0.0,0.0,0.0,0.0
19761.2,0.5034802328802515,0.0,16352.0,37.0,0.23839999999971184,31.375,32.625,36.57000000000005,0.0,0.0,0.0,0.0,0.0,20.0,0.3,0.1,0.2,0.1,0.4,0.1,0.1,0.1,0.5,0.0,62400.0,0.09274038461538461,0.0,65535.0,0.07750057221332113,0.0,0.0,0.0,0.0,0.0,0.0,0.0,0.0,0.0,0.0
19821.28,0.5209897485436098,0.0,16352.0,37.0,0.27289999999971226,31.375,32.6875,36.650000000000034,0.0,0.0,0.0,0.0,0.0,20.0,0.3,0.1,0.2,0.1,0.4,0.1,0.1,0.1,0.5,0.0,62347.0,0.09278714292588255,0.0,65535.0,0.07739375906004425,0.0,0.0,0.0,0.0,0.0,0.0,0.0,0.0,0.0,0.0
19881.35,0.5533627640826864,0.0,16352.0,37.0,0.20609999999971362,31.4375,32.6875,36.77000000000004,0.0,0.0,0.0,0.0,0.0,20.0,0.3,0.1,0.2,0.1,0.4,0.1,0.1,0.1,0.5,0.0,62133.0,0.09312281718249561,0.0,65535.0,0.07730220492866408,0.0,0.0,0.0,0.0,0.0,0.0,0.0,0.0,0.0,0.0
19941.42,0.5778912550128522,0.0,16352.0,37.0,0.3043999999997112,31.375,32.75,36.690000000000055,0.0,0.0,0.0,0.0,0.0,20.0,0.3,0.1,0.2,0.1,0.4,0.1,0.1,0.1,0.5,0.0,62360.0,0.09297626683771648,0.0,65535.0,0.07765316243228809,0.0,0.0,0.0,0.0,0.0,0.0,0.0,0.0,0.0,0.0
20001.46,0.540464058817829,0.0,16352.0,37.0,0.2496999999997183,31.375,32.625,37.01000000000005,0.0,0.0,0.0,0.0,0.0,20.0,0.3,0.1,0.2,0.1,0.4,0.1,0.1,0.1,0.5,0.0,62623.0,0.09280935119684461,0.0,65535.0,0.0780651560234989,0.0,0.0,0.0,0.0,0.0,0.0,0.0,0.0,0.0,0.0
20061.52,0.515719582518172,0.0,16352.0,37.0,0.19289999999971053,31.375,32.6875,36.93000000000001,0.0,0.0,0.0,0.0,0.0,20.0,0.3,0.1,0.2,0.1,0.4,0.1,0.1,0.1,0.5,0.0,62395.0,0.09306835483612469,0.0,65535.0,0.07769893949797818,0.0,0.0,0.0,0.0,0.0,0.0,0.0,0.0,0.0,0.0
20121.55,0.522493434991912,0.0,16352.0,37.0,0.17929999999970442,31.375,32.625,36.85000000000002,0.0,0.0,0.0,0.0,0.0,20.0,0.3,0.1,0.2,0.1,0.4,0.1,0.1,0.1,0.5,0.0,62722.0,0.09259908803928446,0.0,65535.0,0.07774471656366827,0.0,0.0,0.0,0.0,0.0,0.0,0.0,0.0,0.0,0.0
20181.63,0.5325940247787653,0.0,16352.0,37.0,0.23079999999971526,31.4375,32.6875,36.79000000000002,0.0,0.0,0.0,0.0,0.0,20.0,0.3,0.1,0.2,0.1,0.4,0.1,0.1,0.1,0.5,0.0,62351.0,0.09298968741479688,0.0,65535.0,0.0776226443884947,0.0,0.0,0.0,0.0,0.0,0.0,0.0,0.0,0.0,0.0
20241.7,0.5158444344214135,0.0,16352.0,37.0,0.21049999999970362,31.4375,32.6875,36.73000000000002,0.0,0.0,0.0,0.0,0.0,20.0,0.3,0.1,0.2,0.1,0.4,0.1,0.1,0.1,0.5,0.0,62726.0,0.09295985715652201,0.0,65535.0,0.07814145113298238,0.0,0.0,0.0,0.0,0.0,0.0,0.0,0.0,0.0,0.0
20301.78,0.5747961651390208,0.0,16352.0,37.0,0.22729999999970338,31.4375,32.6875,36.85000000000002,0.0,0.0,0.0,0.0,0.0,20.0,0.3,0.1,0.2,0.1,0.4,0.1,0.1,0.1,0.5,0.0,62535.0,0.09313184616614696,0.0,65535.0,0.07777523460746166,0.0,0.0,0.0,0.0,0.0,0.0,0.0,0.0,0.0,0.0
20361.84,0.5786974122086079,0.0,16352.0,37.0,0.2037999999997114,31.5,32.6875,36.85000000000002,0.0,0.0,0.0,0.0,0.0,20.0,0.3,0.1,0.2,0.1,0.4,0.1,0.1,0.1,0.5,0.0,62424.0,0.09328143021914648,0.0,65535.0,0.07769893949797818,0.0,0.0,0.0,0.0,0.0,0.0,0.0,0.0,0.0,0.0
20421.88,0.5249455502718952,0.0,16352.0,37.0,0.18139999999969994,31.4375,32.6875,36.870000000000005,0.0,0.0,0.0,0.0,0.0,20.0,0.3,0.1,0.2,0.1,0.4,0.1,0.1,0.1,0.5,0.0,62165.0,0.09349312314003057,0.0,65535.0,0.07766842145418479,0.0,0.0,0.0,0.0,0.0,0.0,0.0,0.0,0.0,0.0
20481.93,0.5058978869613405,0.0,16352.0,37.0,0.18049999999969904,31.5,32.6875,36.950000000000045,0.0,0.0,0.0,0.0,0.0,20.0,0.3,0.1,0.2,0.1,0.4,0.1,0.1,0.1,0.5,0.0,62516.0,0.09309616738115042,0.0,65535.0,0.07777523460746166,0.0,0.0,0.0,0.0,0.0,0.0,0.0,0.0,0.0,0.0
20541.98,0.5305587646215739,0.0,16352.0,37.0,0.22019999999970472,31.4375,32.625,36.950000000000045,0.0,0.0,0.0,0.0,0.0,20.0,0.3,0.1,0.2,0.1,0.4,0.1,0.1,0.1,0.5,0.0,62951.0,0.0928499944401201,0.0,65535.0,0.07817196917677577,0.0,0.0,0.0,0.0,0.0,0.0,0.0,0.0,0.0,0.0
20602.01,0.5232788483566073,0.0,16352.0,37.0,0.18099999999970767,31.4375,32.6875,36.81,0.0,0.0,0.0,0.0,0.0,20.0,0.3,0.1,0.2,0.1,0.4,0.1,0.1,0.1,0.5,0.0,62670.0,0.09315461943513643,0.0,65535.0,0.07800411993591211,0.0,0.0,0.0,0.0,0.0,0.0,0.0,0.0,0.0,0.0
20662.05,0.5366677064040909,0.0,16352.0,37.0,0.21569999999970368,31.375,32.625,36.79000000000002,0.0,0.0,0.0,0.0,0.0,20.0,0.3,0.1,0.2,0.1,0.4,0.1,0.1,0.1,0.5,0.0,62817.0,0.09309581801104796,0.0,65535.0,0.07873655298695353,0.0,0.0,0.0,0.0,0.0,0.0,0.0,0.0,0.0,0.0
20722.12,0.5552868750429025,0.0,16352.0,37.0,0.227499999999708,31.375,32.6875,36.85000000000002,0.0,0.0,0.0,0.0,0.0,20.0,0.3,0.1,0.2,0.1,0.4,0.1,0.1,0.1,0.5,0.0,62164.0,0.09373592432919374,0.0,65535.0,0.0780498970016022,0.0,0.0,0.0,0.0,0.0,0.0,0.0,0.0,0.0,0.0
20782.16,0.5255147661777816,0.0,16352.0,37.0,0.21839999999970205,31.375,32.625,36.950000000000045,0.0,0.0,0.0,0.0,0.0,20.0,0.3,0.1,0.2,0.1,0.4,0.1,0.1,0.1,0.5,0.0,62610.0,0.09345152531544482,0.0,65535.0,0.07827878233005264,0.0,0.0,0.0,0.0,0.0,0.0,0.0,0.0,0.0,0.0
20842.22,0.5542073894344616,0.0,16352.0,37.0,0.21929999999970123,31.4375,32.625,36.85000000000002,0.0,0.0,0.0,0.0,0.0,20.0,0.3,0.1,0.2,0.1,0.4,0.1,0.1,0.1,0.5,0.0,62393.0,0.09364832593399901,0.0,65535.0,0.07826352330815595,0.0,0.0,0.0,0.0,0.0,0.0,0.0,0.0,0.0,0.0
20902.29,0.6097639804517196,0.0,16352.0,37.0,0.16509999999970362,31.4375,32.6875,36.73000000000002,0.0,0.0,0.0,0.0,0.0,20.0,0.3,0.1,0.2,0.1,0.4,0.1,0.1,0.1,0.5,0.0,63119.0,0.09295140924285873,0.0,65535.0,0.0788586251621271,0.0,0.0,0.0,0.0,0.0,0.0,0.0,0.0,0.0,0.0
20962.36,0.525541885104287,0.0,16352.0,37.0,0.23869999999969607,31.375,32.6875,36.950000000000045,0.0,0.0,0.0,0.0,0.0,20.0,0.3,0.1,0.2,0.1,0.4,0.1,0.1,0.1,0.5,0.0,62769.0,0.093453774952604,0.0,65535.0,0.0784771496147097,0.0,0.0,0.0,0.0,0.0,0.0,0.0,0.0,0.0,0.0
21022.43,0.5919652644356976,0.0,16352.0,37.0,0.22399999999969436,31.375,32.6875,36.81,0.0,0.0,0.0,0.0,0.0,20.0,0.3,0.1,0.2,0.1,0.4,0.1,0.1,0.1,0.5,0.0,62256.0,0.09393472115137497,0.0,65535.0,0.07855344472419318,0.0,0.0,0.0,0.0,0.0,0.0,0.0,0.0,0.0,0.0
21082.5,0.5294455821742797,0.0,16352.0,37.0,0.20189999999969768,31.375,32.6875,36.81,0.0,0.0,0.0,0.0,0.0,20.0,0.3,0.1,0.2,0.1,0.4,0.1,0.1,0.1,0.5,0.0,62954.0,0.09335387743431713,0.0,65535.0,0.0788586251621271,0.0,0.0,0.0,0.0,0.0,0.0,0.0,0.0,0.0,0.0
21142.54,0.5290876886110215,0.0,16352.0,37.0,0.20509999999969222,31.3125,32.6875,36.870000000000005,0.0,0.0,0.0,0.0,0.0,20.0,0.3,0.1,0.2,0.1,0.4,0.1,0.1,0.1,0.5,0.0,63096.0,0.09347660707493344,0.0,65535.0,0.07917906462195773,0.0,0.0,0.0,0.0,0.0,0.0,0.0,0.0,0.0,0.0
21202.58,0.5135430404180003,0.0,16352.0,37.0,0.2371999999996923,31.375,32.625,36.870000000000005,0.0,0.0,0.0,0.0,0.0,20.0,0.3,0.1,0.2,0.1,0.4,0.1,0.1,0.1,0.5,0.0,63357.0,0.09294947677446849,0.0,65535.0,0.07913328755626764,0.0,0.0,0.0,0.0,0.0,0.0,0.0,0.0,0.0,0.0
21262.64,0.49982380346454197,0.0,16352.0,37.0,0.19689999999969968,31.375,32.625,36.81,0.0,0.0,0.0,0.0,0.0,20.0,0.3,0.1,0.2,0.1,0.4,0.1,0.1,0.1,0.5,0.0,63002.0,0.09348909558426717,0.0,65535.0,0.0788586251621271,0.0,0.0,0.0,0.0,0.0,0.0,0.0,0.0,0.0,0.0
21322.69,0.5167345581575601,0.0,16352.0,37.0,0.20219999999969399,31.3125,32.6875,36.710000000000036,0.0,0.0,0.0,0.0,0.0,20.0,0.3,0.1,0.2,0.1,0.4,0.1,0.1,0.1,0.5,0.0,62519.0,0.0941633743342024,0.0,65535.0,0.07867551689936675,0.0,0.0,0.0,0.0,0.0,0.0,0.0,0.0,0.0,0.0
21382.75,0.5487907143137032,0.0,16352.0,37.0,0.21479999999969332,31.375,32.6875,36.73000000000002,0.0,0.0,0.0,0.0,0.0,20.0,0.3,0.1,0.2,0.1,0.4,0.1,0.1,0.1,0.5,0.0,63132.0,0.09348666286510803,0.0,65535.0,0.0788586251621271,0.0,0.0,0.0,0.0,0.0,0.0,0.0,0.0,0.0,0.0
21442.82,0.5074563263913723,0.0,16352.0,37.0,0.1991999999996916,31.375,32.6875,36.85000000000002,0.0,0.0,0.0,0.0,0.0,20.0,0.3,0.1,0.2,0.1,0.4,0.1,0.1,0.1,0.5,0.0,62845.0,0.09391359694486436,0.0,65535.0,0.07901121538109407,0.0,0.0,0.0,0.0,0.0,0.0,0.0,0.0,0.0,0.0
21502.89,0.5352258866544847,0.0,16352.0,37.0,0.2268999999996965,31.4375,32.625,36.85000000000002,0.0,0.0,0.0,0.0,0.0,20.0,0.3,0.1,0.2,0.1,0.4,0.1,0.1,0.1,0.5,0.0,62645.0,0.09402186926330912,0.0,65535.0,0.07905699244678416,0.0,0.0,0.0,0.0,0.0,0.0,0.0,0.0,0.0,0.0
21562.96,0.5577475722629703,0.0,16352.0,37.0,0.28729999999968847,31.375,32.625,36.81,0.0,0.0,0.0,0.0,0.0,20.0,0.3,0.1,0.2,0.1,0.4,0.1,0.1,0.1,0.5,0.0,62708.0,0.09424634815334566,0.0,65535.0,0.07914854657816434,0.0,0.0,0.0,0.0,0.0,0.0,0.0,0.0,0.0,0.0
21623.03,0.5536654045756046,0.0,16352.0,37.0,0.20609999999968956,31.375,32.625,36.93000000000001,0.0,0.0,0.0,0.0,0.0,20.0,0.3,0.1,0.2,0.1,0.4,0.1,0.1,0.1,0.5,0.0,62794.0,0.09389432111348218,0.0,65535.0,0.07895017929350728,0.0,0.0,0.0,0.0,0.0,0.0,0.0,0.0,0.0,0.0
21683.1,0.5166540025544248,0.0,16352.0,37.0,0.16429999999968237,31.4375,32.625,36.85000000000002,0.0,0.005,0.25,0.0,0.0,20.0,0.3,0.1,0.2,0.1,0.4,0.1,0.1,0.1,0.5,0.0,62522.0,0.09441476600236717,0.0,65535.0,0.07899595635919737,0.0,0.0,0.0,0.0,0.0,0.0,0.0,0.0,0.0,0.0
21743.16,0.5230642872571517,0.0,16352.0,37.0,0.35684999999969313,31.3125,32.625,36.49000000000001,0.0,0.0,0.0,0.0,0.0,20.0,0.3,0.1,0.2,0.1,0.4,0.1,0.1,0.1,0.5,0.0,61321.0,0.09388300908334828,0.0,65535.0,0.0771953917753872,0.0,0.0,0.0,0.0,0.0,0.0,0.0,0.0,0.0,0.0
21803.22,0.476770147909083,0.0,16352.0,37.0,0.26909999999968937,31.4375,32.625,36.950000000000045,0.0,0.0,0.0,0.0,0.0,20.0,0.3,0.1,0.2,0.1,0.4,0.1,0.1,0.1,0.5,0.0,61991.0,0.09344904905550806,0.0,65535.0,0.07786678873884184,0.0,0.0,0.0,0.0,0.0,0.0,0.0,0.0,0.0,0.0
21863.29,0.515601738076406,0.0,16352.0,37.0,0.20349999999969132,31.5,32.625,37.13000000000005,0.0,0.0,0.0,0.0,0.0,20.0,0.3,0.1,0.2,0.1,0.4,0.1,0.1,0.1,0.5,0.0,61212.0,0.09416454290008495,0.0,65535.0,0.07742427710383765,0.0,0.0,0.0,0.0,0.0,0.0,0.0,0.0,0.0,0.0
21923.34,0.5039966592652132,0.0,16352.0,37.0,0.2263999999996813,31.5,32.6875,36.81,0.0,0.0,0.0,0.0,0.0,20.0,0.3,0.1,0.2,0.1,0.4,0.1,0.1,0.1,0.5,0.0,62047.0,0.09318742243782939,0.0,65535.0,0.07756160830090791,0.0,0.0,0.0,0.0,0.0,0.0,0.0,0.0,0.0,0.0
21983.41,0.5040793764182415,0.0,16352.0,37.0,0.21519999999968978,31.4375,32.6875,36.93000000000001,0.0,0.0,0.0,0.0,0.0,20.0,0.3,0.1,0.2,0.1,0.4,0.1,0.1,0.1,0.5,0.0,61355.0,0.09409176106266808,0.0,65535.0,0.07769893949797818,0.0,0.0,0.0,0.0,0.0,0.0,0.0,0.0,0.0,0.0
22043.49,0.5070917292100796,0.0,16352.0,37.0,0.19189999999967827,31.4375,32.6875,37.01000000000005,0.0,0.0,0.0,0.0,0.0,20.0,0.3,0.1,0.2,0.1,0.4,0.1,0.1,0.1,0.5,0.0,62243.0,0.09316710312806259,0.0,65535.0,0.07780575265125506,0.0,0.0,0.0,0.0,0.0,0.0,0.0,0.0,0.0,0.0
22103.56,0.4798271179014873,0.0,16352.0,37.0,0.17239999999967667,31.4375,32.6875,36.85000000000002,0.0,0.0,0.0,0.0,0.0,20.0,0.3,0.1,0.2,0.1,0.4,0.1,0.1,0.1,0.5,0.0,61673.0,0.09388224993108815,0.0,65535.0,0.0776379034103914,0.0,0.0,0.0,0.0,0.0,0.0,0.0,0.0,0.0,0.0
22163.61,0.46861651667901094,0.0,16352.0,37.0,0.20409999999968706,31.375,32.625,37.03000000000003,0.0,0.0,0.0,0.0,0.0,20.0,0.3,0.1,0.2,0.1,0.4,0.1,0.1,0.1,0.5,0.0,61716.0,0.09405988722535485,0.0,65535.0,0.07827878233005264,0.0,0.0,0.0,0.0,0.0,0.0,0.0,0.0,0.0,0.0
22223.66,0.4690748318626481,0.0,16352.0,37.0,0.21469999999967657,31.375,32.625,36.97000000000003,0.0,0.0,0.0,0.0,0.0,20.0,0.3,0.1,0.2,0.1,0.4,0.1,0.1,0.1,0.5,0.0,61952.0,0.0939114152892562,0.0,65535.0,0.07814145113298238,0.0,0.0,0.0,0.0,0.0,0.0,0.0,0.0,0.0,0.0
22283.7,0.45307530272861923,0.0,16352.0,37.0,0.2655999999996871,31.3125,32.625,36.81,0.0,0.0,0.0,0.0,0.0,20.0,0.3,0.1,0.2,0.1,0.4,0.1,0.1,0.1,0.5,0.0,62276.0,0.09339071231292954,0.0,65535.0,0.0784771496147097,0.0,0.0,0.0,0.0,0.0,0.0,0.0,0.0,0.0,0.0
22343.74,0.451502691527852,0.0,16352.0,37.0,0.22939999999967484,31.375,32.625,36.650000000000034,0.0,0.0,0.0,0.0,0.0,20.0,0.3,0.1,0.2,0.1,0.4,0.1,0.1,0.1,0.5,0.0,62056.0,0.09357676936960165,0.0,65535.0,0.07812619211108568,0.0,0.0,0.0,0.0,0.0,0.0,0.0,0.0,0.0,0.0
22403.79,0.45787184408982295,0.0,16352.0,37.0,0.2455999999996743,31.375,32.625,36.97000000000003,0.0,0.0,0.0,0.0,0.0,20.0,0.3,0.1,0.2,0.1,0.4,0.1,0.1,0.1,0.5,0.0,61953.0,0.09382919309799365,0.0,65535.0,0.07832455939574273,0.0,0.0,0.0,0.0,0.0,0.0,0.0,0.0,0.0,0.0
22463.83,0.4571854836207895,0.0,16352.0,37.0,0.18879999999968078,31.375,32.625,36.870000000000005,0.0,0.0,0.0,0.0,0.0,20.0,0.3,0.1,0.2,0.1,0.4,0.1,0.1,0.1,0.5,0.0,62288.0,0.09348510146416646,0.0,65535.0,0.07864499885557336,0.0,0.0,0.0,0.0,0.0,0.0,0.0,0.0,0.0,0.0
22523.87,0.46245685671927256,0.0,16352.0,37.0,0.23319999999968216,31.375,32.625,37.05000000000001,0.0,0.0,0.0,0.0,0.0,20.0,0.3,0.1,0.2,0.1,0.4,0.1,0.1,0.1,0.5,0.0,61896.0,0.09404484942484168,0.0,65535.0,0.07809567406729229,0.0,0.0,0.0,0.0,0.0,0.0,0.0,0.0,0.0,0.0
22583.9,0.4650425535753797,0.0,16352.0,37.0,0.16869999999967886,31.375,32.625,36.85000000000002,0.0,0.0,0.0,0.0,0.0,20.0,0.3,0.1,0.2,0.1,0.4,0.1,0.1,0.1,0.5,0.0,61830.0,0.09403202328966521,0.0,65535.0,0.07823300526436255,0.0,0.0,0.0,0.0,0.0,0.0,0.0,0.0,0.0,0.0
22643.96,0.463628459335937,0.0,16352.0,37.0,0.2501999999996767,31.375,32.625,36.85000000000002,0.0,0.0,0.0,0.0,0.0,20.0,0.3,0.1,0.2,0.1,0.4,0.1,0.1,0.1,0.5,0.0,62063.0,0.09393680614859094,0.0,65535.0,0.07837033646143282,0.0,0.0,0.0,0.0,0.0,0.0,0.0,0.0,0.0,0.0
22704.03,0.47159945434111644,0.0,16352.0,37.0,0.22229999999967445,31.3125,32.625,36.93000000000001,0.0,0.0,0.0,0.0,0.0,20.0,0.3,0.1,0.2,0.1,0.4,0.1,0.1,0.1,0.5,0.0,61482.0,0.09462932240330503,0.0,65535.0,0.07808041504539559,0.0,0.0,0.0,0.0,0.0,0.0,0.0,0.0,0.0,0.0
22764.11,0.44985509039695465,0.0,16352.0,37.0,0.20639999999967298,31.25,32.625,36.950000000000045,0.0,0.0,0.0,0.0,0.0,20.0,0.3,0.1,0.2,0.1,0.4,0.1,0.1,0.1,0.5,0.0,62132.0,0.09397733856949719,0.0,65535.0,0.07878233005264362,0.0,0.0,0.0,0.0,0.0,0.0,0.0,0.0,0.0,0.0
22824.16,0.45006867658557864,0.0,16352.0,37.0,0.2213999999996727,31.375,32.625,36.870000000000005,0.0,0.0,0.0,0.0,0.0,20.0,0.3,0.1,0.2,0.1,0.4,0.1,0.1,0.1,0.5,0.0,61891.0,0.09429480861514598,0.0,65535.0,0.07850766765850309,0.0,0.0,0.0,0.0,0.0,0.0,0.0,0.0,0.0,0.0
22884.24,0.4569112166118259,0.0,16352.0,37.0,0.17989999999966524,31.375,32.625,37.01000000000005,0.0,0.0,0.0,0.0,0.0,20.0,0.3,0.1,0.2,0.1,0.4,0.1,0.1,0.1,0.5,0.0,61628.0,0.0946647627701694,0.0,65535.0,0.0784466315709163,0.0,0.0,0.0,0.0,0.0,0.0,0.0,0.0,0.0,0.0
22944.3,0.4639589294416508,0.0,16352.0,37.0,0.20959999999966497,31.3125,32.625,36.870000000000005,0.0,0.0,0.0,0.0,0.0,20.0,0.3,0.1,0.2,0.1,0.4,0.1,0.1,0.1,0.5,0.0,62735.0,0.09348848330278155,0.0,65535.0,0.07907225146868085,0.0,0.0,0.0,0.0,0.0,0.0,0.0,0.0,0.0,0.0
23004.35,0.46379837240053823,0.0,16352.0,37.0,0.20749999999966348,31.375,32.625,36.690000000000055,0.0,0.0,0.0,0.0,0.0,20.0,0.3,0.1,0.2,0.1,0.4,0.1,0.1,0.1,0.5,0.0,61701.0,0.09456896970875675,0.0,65535.0,0.07866025787747005,0.0,0.0,0.0,0.0,0.0,0.0,0.0,0.0,0.0,0.0
23064.42,0.4730935668609636,0.0,16352.0,37.0,0.23869999999966351,31.3125,32.625,36.81,0.0,0.0,0.0,0.0,0.0,20.0,0.3,0.1,0.2,0.1,0.4,0.1,0.1,0.1,0.5,0.0,61780.0,0.09464227905471026,0.0,65535.0,0.07869077592126345,0.0,0.0,0.0,0.0,0.0,0.0,0.0,0.0,0.0,0.0
23124.46,0.45738359054845246,0.0,16352.0,37.0,0.2398999999996624,31.375,32.625,36.79000000000002,0.0,0.0,0.0,0.0,0.0,20.0,0.3,0.1,0.2,0.1,0.4,0.1,0.1,0.1,0.5,0.0,62005.0,0.09449237964680268,0.0,65535.0,0.07899595635919737,0.0,0.0,0.0,0.0,0.0,0.0,0.0,0.0,0.0,0.0
23184.5,0.4510621761371551,0.0,16352.0,37.0,0.2451999999996718,31.25,32.625,36.870000000000005,0.0,0.0,0.0,0.0,0.0,20.0,0.3,0.1,0.2,0.1,0.4,0.1,0.1,0.1,0.5,0.0,62186.0,0.09431383269546201,0.0,65535.0,0.07872129396505684,0.0,0.0,0.0,0.0,0.0,0.0,0.0,0.0,0.0,0.0
23244.57,0.47604518439744575,0.0,16352.0,37.0,0.18279999999966914,31.375,32.625,36.79000000000002,0.0,0.0,0.0,0.0,0.0,20.0,0.3,0.1,0.2,0.1,0.4,0.1,0.1,0.1,0.5,0.0,61834.0,0.09460814438658344,0.0,65535.0,0.0788738841840238,0.0,0.0,0.0,0.0,0.0,0.0,0.0,0.0,0.0,0.0
23304.65,0.45942694370086323,0.0,16352.0,37.0,0.19509999999966876,31.3125,32.625,36.97000000000003,0.0,0.0,0.0,0.0,0.0,20.0,0.3,0.1,0.2,0.1,0.4,0.1,0.1,0.1,0.5,0.0,62401.0,0.09410105607281935,0.0,65535.0,0.07895017929350728,0.0,0.0,0.0,0.0,0.0,0.0,0.0,0.0,0.0,0.0
23364.72,0.45984516267479886,0.0,16352.0,37.0,0.20569999999965827,31.25,32.5625,36.870000000000005,0.0,0.0,0.0,0.0,0.0,20.0,0.3,0.1,0.2,0.1,0.4,0.1,0.1,0.1,0.5,0.0,61653.0,0.09501565211749631,0.0,65535.0,0.07907225146868085,0.0,0.0,0.0,0.0,0.0,0.0,0.0,0.0,0.0,0.0
23424.78,0.48755058274915797,0.0,16352.0,37.0,0.23839999999965863,31.25,32.625,36.77000000000004,0.0,0.0,0.0,0.0,0.0,20.0,0.3,0.1,0.2,0.1,0.4,0.1,0.1,0.1,0.5,0.0,61884.0,0.09480641199663888,0.0,65535.0,0.0788586251621271,0.0,0.0,0.0,0.0,0.0,0.0,0.0,0.0,0.0,0.0
23484.86,0.47237247968210216,0.0,16352.0,37.0,0.22369999999965692,31.3125,32.625,36.79000000000002,0.0,0.0,0.0,0.0,0.0,20.0,0.3,0.1,0.2,0.1,0.4,0.1,0.1,0.1,0.5,0.0,62249.0,0.09447541325965075,0.0,65535.0,0.07957579919127183,0.0,0.0,0.0,0.0,0.0,0.0,0.0,0.0,0.0,0.0
23544.93,0.45413207818082707,0.0,16352.0,37.0,0.22399999999965578,31.3125,32.625,36.710000000000036,0.0,0.0,0.0,0.0,0.0,20.0,0.3,0.1,0.2,0.1,0.4,0.1,0.1,0.1,0.5,0.0,62020.0,0.09495324089003547,0.0,65535.0,0.07939269092851148,0.0,0.0,0.0,0.0,0.0,0.0,0.0,0.0,0.0,0.0
23605.0,0.47080299524223235,0.0,16352.0,37.0,0.21079999999965443,31.25,32.625,36.93000000000001,0.0,0.0,0.0,0.0,0.0,20.0,0.3,0.1,0.2,0.1,0.4,0.1,0.1,0.1,0.5,0.0,62069.0,0.09463661409076995,0.0,65535.0,0.07893492027161059,0.0,0.0,0.0,0.0,0.0,0.0,0.0,0.0,0.0,0.0
23665.06,0.4542760984774571,0.0,16352.0,37.0,0.22229999999965902,31.3125,32.625,37.01000000000005,0.0,0.0,0.0,0.0,0.0,20.0,0.3,0.1,0.2,0.1,0.4,0.1,0.1,0.1,0.5,0.0,61775.0,0.09503844597329017,0.0,65535.0,0.07907225146868085,0.0,0.0,0.0,0.0,0.0,0.0,0.0,0.0,0.0,0.0
23725.13,0.4664517541258598,0.0,16352.0,37.0,0.21139999999965303,31.3125,32.625,36.870000000000005,0.0,0.0,0.0,0.0,0.0,20.0,0.3,0.1,0.2,0.1,0.4,0.1,0.1,0.1,0.5,0.0,62080.0,0.0947326030927835,0.0,65535.0,0.07914854657816434,0.0,0.0,0.0,0.0,0.0,0.0,0.0,0.0,0.0,0.0
23785.2,0.47297339680143957,0.0,16352.0,37.0,0.20639999999965672,31.3125,32.625,36.85000000000002,0.0,0.0,0.0,0.0,0.0,20.0,0.3,0.1,0.2,0.1,0.4,0.1,0.1,0.1,0.5,0.0,63107.0,0.09396738872074413,0.0,65535.0,0.07978942549782558,0.0,0.0,0.0,0.0,0.0,0.0,0.0,0.0,0.0,0.0
23845.27,0.46410542186479264,0.0,16352.0,37.0,0.1854999999996598,31.3125,32.625,36.79000000000002,0.0,0.0,0.0,0.0,0.0,20.0,0.3,0.1,0.2,0.1,0.4,0.1,0.1,0.1,0.5,0.0,62268.0,0.09459112224577632,0.0,65535.0,0.0792858777752346,0.0,0.0,0.0,0.0,0.0,0.0,0.0,0.0,0.0,0.0
23905.32,0.47858088757427153,0.0,16352.0,37.0,0.2395999999996515,31.25,32.625,36.85000000000002,0.0,0.0,0.0,0.0,0.0,20.0,0.3,0.1,0.2,0.1,0.4,0.1,0.1,0.1,0.5,0.0,61963.0,0.09515355938221197,0.0,65535.0,0.07946898603799496,0.0,0.0,0.0,0.0,0.0,0.0,0.0,0.0,0.0,0.0
23965.39,0.47318700546224113,0.0,16352.0,37.0,0.2033999999996543,31.375,32.5625,36.81,0.0,0.0,0.0,0.0,0.0,20.0,0.3,0.1,0.2,0.1,0.4,0.1,0.1,0.1,0.5,0.0,62594.0,0.09448189922356776,0.0,65535.0,0.07981994354161898,0.0,0.0,0.0,0.0,0.0,0.0,0.0,0.0,0.0,0.0
24025.47,0.4544585235791283,0.0,16352.0,37.0,0.2433999999996597,31.3125,32.625,36.89000000000004,0.0,0.0,0.0,0.0,0.0,20.0,0.3,0.1,0.2,0.1,0.4,0.1,0.1,0.1,0.5,0.0,61652.0,0.095520015571271,0.0,65535.0,0.07925535973144121,0.0,0.0,0.0,0.0,0.0,0.0,0.0,0.0,0.0,0.0
24085.54,0.4636430994729947,0.0,16352.0,37.0,0.23109999999965836,31.3125,32.625,36.93000000000001,0.0,0.0,0.0,0.0,0.0,20.0,0.3,0.1,0.2,0.1,0.4,0.1,0.1,0.1,0.5,0.0,62176.0,0.0951170869788986,0.0,65535.0,0.08009460593575952,0.0,0.0,0.0,0.0,0.0,0.0,0.0,0.0,0.0,0.0
24145.63,0.4572988037787299,0.0,16352.0,37.0,0.2119999999996473,31.25,32.5625,36.77000000000004,0.0,0.0,0.0,0.0,0.0,20.0,0.3,0.1,0.2,0.1,0.4,0.1,0.1,0.1,0.5,0.0,61733.0,0.09539468355660667,0.0,65535.0,0.07954528114747844,0.0,0.0,0.0,0.0,0.0,0.0,0.0,0.0,0.0,0.0
24205.69,0.44862146416017645,0.0,16352.0,37.0,0.1698999999996546,31.25,32.625,36.93000000000001,0.0,0.0,0.0,0.0,0.0,20.0,0.3,0.1,0.2,0.1,0.4,0.1,0.1,0.1,0.5,0.0,61770.0,0.09554800064756354,0.0,65535.0,0.07948424505989166,0.0,0.0,0.0,0.0,0.0,0.0,0.0,0.0,0.0,0.0
24265.75,0.4582480213388048,0.0,16352.0,37.0,0.24229999999964644,31.3125,32.625,36.710000000000036,0.0,0.0,0.0,0.0,0.0,20.0,0.3,0.1,0.2,0.1,0.4,0.1,0.1,0.1,0.5,0.0,62120.0,0.09539600772698004,0.0,65535.0,0.07963683527885862,0.0,0.0,0.0,0.0,0.0,0.0,0.0,0.0,0.0,0.0
24325.83,0.4652463377657199,0.0,16352.0,37.0,0.2119999999996439,31.375,32.625,36.85000000000002,0.0,0.0,0.0,0.0,0.0,20.0,0.3,0.1,0.2,0.1,0.4,0.1,0.1,0.1,0.5,0.0,61907.0,0.09554654562488894,0.0,65535.0,0.07962157625696192,0.0,0.0,0.0,0.0,0.0,0.0,0.0,0.0,0.0,0.0
24385.94,0.4435886339518774,0.0,16352.0,37.0,0.2334999999996536,31.375,32.625,37.01000000000005,0.0,0.0,0.0,0.0,0.0,20.0,0.3,0.1,0.2,0.1,0.4,0.1,0.1,0.1,0.5,0.0,61832.0,0.09546836589468237,0.0,65535.0,0.07945372701609826,0.0,0.0,0.0,0.0,0.0,0.0,0.0,0.0,0.0,0.0
24446.01,0.46065434911641717,0.0,16352.0,37.0,0.20849999999964705,31.3125,32.625,36.97000000000003,0.0,0.0,0.0,0.0,0.0,20.0,0.3,0.1,0.2,0.1,0.4,0.1,0.1,0.1,0.5,0.0,62435.0,0.09499479458636982,0.0,65535.0,0.07980468451972228,0.0,0.0,0.0,0.0,0.0,0.0,0.0,0.0,0.0,0.0
24506.1,0.45564865150521416,0.0,16352.0,37.0,0.23409999999965217,31.375,32.625,36.85000000000002,0.0,0.0,0.0,0.0,0.0,20.0,0.3,0.1,0.2,0.1,0.4,0.1,0.1,0.1,0.5,0.0,61571.0,0.09605171265693264,0.0,65535.0,0.07963683527885862,0.0,0.0,0.0,0.0,0.0,0.0,0.0,0.0,0.0,0.0
24566.2,0.44860440780046185,0.0,16352.0,37.0,0.22439999999964594,31.3125,32.625,36.93000000000001,0.0,0.0,0.0,0.0,0.0,20.0,0.3,0.1,0.2,0.1,0.4,0.1,0.1,0.1,0.5,0.0,62156.0,0.09538902117253363,0.0,65535.0,0.07989623865110246,0.0,0.0,0.0,0.0,0.0,0.0,0.0,0.0,0.0,0.0
24626.28,0.44852643667108555,0.0,16352.0,37.0,0.20879999999964421,31.375,32.5625,36.85000000000002,0.0,0.0,0.0,0.0,0.0,20.0,0.3,0.1,0.2,0.1,0.4,0.1,0.1,0.1,0.5,0.0,61918.0,0.09580412804031138,0.0,65535.0,0.07983520256351567,0.0,0.0,0.0,0.0,0.0,0.0,0.0,0.0,0.0,0.0
24686.37,0.4439838764931661,0.0,16352.0,37.0,0.16429999999963693,31.3125,32.625,36.97000000000003,0.0,0.0,0.0,0.0,0.0,20.0,0.3,0.1,0.2,0.1,0.4,0.1,0.1,0.1,0.5,0.0,62143.0,0.09542506798834945,0.0,65535.0,0.08009460593575952,0.0,0.0,0.0,0.0,0.0,0.0,0.0,0.0,0.0,0.0
24746.46,0.45258592441798495,0.0,16352.0,37.0,0.16539999999964586,31.3125,32.5625,36.89000000000004,0.0,0.0,0.0,0.0,0.0,20.0,0.3,0.1,0.2,0.1,0.4,0.1,0.1,0.1,0.5,0.0,62308.0,0.0953489118572254,0.0,65535.0,0.0801861600671397,0.0,0.0,0.0,0.0,0.0,0.0,0.0,0.0,0.0,0.0
24806.55,0.44263669069434297,0.0,16352.0,37.0,0.1985999999996415,31.3125,32.5625,36.85000000000002,0.0,0.0,0.0,0.0,0.0,20.0,0.3,0.1,0.2,0.1,0.4,0.1,0.1,0.1,0.5,0.0,61807.0,0.09613797789894349,0.0,65535.0,0.08010986495765622,0.0,0.0,0.0,0.0,0.0,0.0,0.0,0.0,0.0,0.0
24866.61,0.44921586891659915,0.0,16352.0,37.0,0.21799999999963635,31.3125,32.625,36.77000000000004,0.0,0.0,0.0,0.0,0.0,20.0,0.3,0.1,0.2,0.1,0.4,0.1,0.1,0.1,0.5,0.0,62662.0,0.09520921770770163,0.0,65535.0,0.08026245517662318,0.0,0.0,0.0,0.0,0.0,0.0,0.0,0.0,0.0,0.0
24926.69,0.4444144941194922,0.0,16352.0,37.0,0.2683999999996374,31.25,32.5625,36.89000000000004,0.0,0.0,0.0,0.0,0.0,20.0,0.3,0.1,0.2,0.1,0.4,0.1,0.1,0.1,0.5,0.0,61721.0,0.09636914502357383,0.0,65535.0,0.0802166781109331,0.0,0.0,0.0,0.0,0.0,0.0,0.0,0.0,0.0,0.0
24986.72,0.45697632861315485,0.0,16352.0,37.0,0.2310999999996446,31.3125,32.5625,36.89000000000004,0.0,0.0,0.0,0.0,0.0,20.0,0.3,0.1,0.2,0.1,0.4,0.1,0.1,0.1,0.5,0.0,62531.0,0.0955685979754042,0.0,65535.0,0.08094911116197452,0.0,0.0,0.0,0.0,0.0,0.0,0.0,0.0,0.0,0.0
25046.8,0.45860770058535777,0.0,16352.0,37.0,0.22259999999963895,31.3125,32.5625,36.81,0.0,0.0,0.0,0.0,0.0,20.0,0.3,0.1,0.2,0.1,0.4,0.1,0.1,0.1,0.5,0.0,61939.0,0.09599767513198469,0.0,65535.0,0.08036926832990006,0.0,0.0,0.0,0.0,0.0,0.0,0.0,0.0,0.0,0.0
25106.86,0.4598958318439893,0.0,16352.0,37.0,0.18309999999964133,31.3125,32.5625,36.650000000000034,0.0,0.0,0.0,0.0,0.0,20.0,0.3,0.1,0.2,0.1,0.4,0.1,0.1,0.1,0.5,0.0,61742.0,0.09620679602215672,0.0,65535.0,0.0801861600671397,0.0,0.0,0.0,0.0,0.0,0.0,0.0,0.0,0.0,0.0
25166.94,0.4410572861358734,0.0,16352.0,37.0,0.24019999999963287,31.3125,32.5625,36.77000000000004,0.0,0.0,0.0,0.0,0.0,20.0,0.3,0.1,0.2,0.1,0.4,0.1,0.1,0.1,0.5,0.0,62387.0,0.09577315786942793,0.0,65535.0,0.08076600289921416,0.0,0.0,0.0,0.0,0.0,0.0,0.0,0.0,0.0,0.0
25227.0,0.4625569093299631,0.0,16352.0,37.0,0.22109999999963603,31.375,32.625,36.85000000000002,0.0,0.0,0.0,0.0,0.0,20.0,0.3,0.1,0.2,0.1,0.4,0.1,0.1,0.1,0.5,0.0,62179.0,0.09602920600202641,0.0,65535.0,0.08015564202334631,0.0,0.0,0.0,0.0,0.0,0.0,0.0,0.0,0.0,0.0
25287.08,0.45507721217756136,0.0,16352.0,37.0,0.2027999999996342,31.3125,32.5625,36.79000000000002,0.0,0.0,0.0,0.0,0.0,20.0,0.3,0.1,0.2,0.1,0.4,0.1,0.1,0.1,0.5,0.0,62371.0,0.09574962723060397,0.0,65535.0,0.08052185854886702,0.0,0.0,0.0,0.0,0.0,0.0,0.0,0.0,0.0,0.0
25347.15,0.4571515213656613,0.0,16352.0,37.0,0.24459999999963966,31.3125,32.5625,36.79000000000002,0.0,0.0,0.0,0.0,0.0,20.0,0.3,0.1,0.2,0.1,0.4,0.1,0.1,0.1,0.5,0.0,61907.0,0.09619267611094061,0.0,65535.0,0.08043030441748684,0.0,0.0,0.0,0.0,0.0,0.0,0.0,0.0,0.0,0.0
25407.23,0.4535282582501836,0.0,16352.0,37.0,0.20629999999962761,31.25,32.625,36.870000000000005,0.0,0.0,0.0,0.0,0.0,20.0,0.3,0.1,0.2,0.1,0.4,0.1,0.1,0.1,0.5,0.0,62645.0,0.09568201771889218,0.0,65535.0,0.0806134126802472,0.0,0.0,0.0,0.0,0.0,0.0,0.0,0.0,0.0,0.0
25467.31,0.44538546172116245,0.0,16352.0,37.0,0.18129999999963528,31.25,32.5625,36.73000000000002,0.0,0.0,0.0,0.0,0.0,20.0,0.3,0.1,0.2,0.1,0.4,0.1,0.1,0.1,0.5,0.0,62406.0,0.09582411947569144,0.0,65535.0,0.08052185854886702,0.0,0.0,0.0,0.0,0.0,0.0,0.0,0.0,0.0,0.0
25527.37,0.44185136079787535,0.0,16352.0,37.0,0.20009999999963068,31.25,32.625,36.85000000000002,0.0,0.0,0.0,0.0,0.0,20.0,0.3,0.1,0.2,0.1,0.4,0.1,0.1,0.1,0.5,0.0,61844.0,0.09667874005562382,0.0,65535.0,0.08072022583352408,0.0,0.0,0.0,0.0,0.0,0.0,0.0,0.0,0.0,0.0
25587.44,0.4511539705816039,0.0,16352.0,37.0,0.24249999999963645,31.25,32.5625,36.79000000000002,0.0,0.0,0.0,0.0,0.0,20.0,0.3,0.1,0.2,0.1,0.4,0.1,0.1,0.1,0.5,0.0,61806.0,0.09659256382875449,0.0,65535.0,0.08076600289921416,0.0,0.0,0.0,0.0,0.0,0.0,0.0,0.0,0.0,0.0
25647.51,0.4694193162789195,0.0,16352.0,37.0,0.2036999999996291,31.25,32.5625,36.81,0.0,0.0,0.0,0.0,0.0,20.0,0.3,0.1,0.2,0.1,0.4,0.1,0.1,0.1,0.5,0.0,62376.0,0.0959022701038861,0.0,65535.0,0.08075074387731747,0.0,0.0,0.0,0.0,0.0,0.0,0.0,0.0,0.0,0.0
25707.59,0.4667743562249238,0.0,16352.0,37.0,0.18839999999962792,31.25,32.625,36.650000000000034,0.0,0.0,0.0,0.0,0.0,20.0,0.3,0.1,0.2,0.1,0.4,0.1,0.1,0.1,0.5,0.0,62137.0,0.0961423950303362,0.0,65535.0,0.08090333409628443,0.0,0.0,0.0,0.0,0.0,0.0,0.0,0.0,0.0,0.0
25767.63,0.45613321733437473,0.0,16352.0,37.0,0.24369999999963446,31.3125,32.5625,36.79000000000002,0.0,0.0,0.0,0.0,0.0,20.0,0.3,0.1,0.2,0.1,0.4,0.1,0.1,0.1,0.5,0.0,62193.0,0.09657035357676909,0.0,65535.0,0.0810406652933547,0.0,0.0,0.0,0.0,0.0,0.0,0.0,0.0,0.0,0.0
25827.7,0.4474304062417596,0.0,16352.0,37.0,0.1636999999996211,31.25,32.625,36.650000000000034,0.0,0.0,0.0,0.0,0.0,20.0,0.3,0.1,0.2,0.1,0.4,0.1,0.1,0.1,0.5,0.0,62038.0,0.0965859634417615,0.0,65535.0,0.08072022583352408,0.0,0.0,0.0,0.0,0.0,0.0,0.0,0.0,0.0,0.0
25887.75,0.4535778879086452,0.0,16352.0,37.0,0.21019999999962144,31.25,32.625,36.950000000000045,0.0,0.0,0.0,0.0,0.0,20.0,0.3,0.1,0.2,0.1,0.4,0.1,0.1,0.1,0.5,0.0,62159.0,0.09638185942502292,0.0,65535.0,0.08049134050507363,0.0,0.0,0.0,0.0,0.0,0.0,0.0,0.0,0.0,0.0
25947.83,0.4469549444438685,0.0,16352.0,37.0,0.20399999999962537,31.25,32.5625,36.950000000000045,0.0,0.0,0.0,0.0,0.0,20.0,0.3,0.1,0.2,0.1,0.4,0.1,0.1,0.1,0.5,0.0,62511.0,0.09625505910959671,0.0,65535.0,0.08139162279697872,0.0,0.0,0.0,0.0,0.0,0.0,0.0,0.0,0.0,0.0
26007.9,0.46300621845291395,0.0,16352.0,37.0,0.2222999999996255,31.3125,32.5625,37.01000000000005,0.0,0.0,0.0,0.0,0.0,20.0,0.3,0.1,0.2,0.1,0.4,0.1,0.1,0.1,0.5,0.0,62973.0,0.09566004478109666,0.0,65535.0,0.08131532768749523,0.0,0.0,0.0,0.0,0.0,0.0,0.0,0.0,0.0,0.0
26067.98,0.4539843465664002,0.0,16352.0,37.0,0.2528999999996261,31.25,32.625,36.870000000000005,0.0,0.0,0.0,0.0,0.0,20.0,0.3,0.1,0.2,0.1,0.4,0.1,0.1,0.1,0.5,0.0,62305.0,0.0963807078083621,0.0,65535.0,0.0806286717021439,0.0,0.0,0.0,0.0,0.0,0.0,0.0,0.0,0.0,0.0
26128.06,0.4405067074137439,0.0,16352.0,37.0,0.22819999999961926,31.25,32.5625,36.81,0.0,0.0,0.0,0.0,0.0,20.0,0.3,0.1,0.2,0.1,0.4,0.1,0.1,0.1,0.5,0.0,62061.0,0.09663073427756562,0.0,65535.0,0.08114747844663157,0.0,0.0,0.0,0.0,0.0,0.0,0.0,0.0,0.0,0.0
26188.12,0.45198107549492245,0.0,16352.0,37.0,0.18169999999961636,31.25,32.5625,36.950000000000045,0.0,0.0,0.0,0.0,0.0,20.0,0.3,0.1,0.2,0.1,0.4,0.1,0.1,0.1,0.5,0.0,62038.0,0.09681163158064413,0.0,65535.0,0.08085755703059434,0.0,0.0,0.0,0.0,0.0,0.0,0.0,0.0,0.0,0.0
26248.17,0.46094052319246076,0.0,16352.0,37.0,0.2074999999996162,31.3125,32.625,37.03000000000003,0.0,0.0,0.0,0.0,0.0,20.0,0.3,0.1,0.2,0.1,0.4,0.1,0.1,0.1,0.5,0.0,62322.0,0.0965790571547768,0.0,65535.0,0.08126955062180514,0.0,0.0,0.0,0.0,0.0,0.0,0.0,0.0,0.0,0.0
26308.23,0.45218519725706285,0.0,16352.0,37.0,0.24369999999962677,31.25,32.5625,36.73000000000002,0.0,0.0,0.0,0.0,0.0,20.0,0.3,0.1,0.2,0.1,0.4,0.1,0.1,0.1,0.5,0.0,62783.0,0.0962521701734546,0.0,65535.0,0.08116273746852827,0.0,0.0,0.0,0.0,0.0,0.0,0.0,0.0,0.0,0.0
26368.3,0.4461249673949671,0.0,16352.0,37.0,0.22429999999961514,31.3125,32.5625,36.89000000000004,0.0,0.0,0.0,0.0,0.0,20.0,0.3,0.1,0.2,0.1,0.4,0.1,0.1,0.1,0.5,0.0,61988.0,0.09714783506485127,0.0,65535.0,0.08136110475318532,0.0,0.0,0.0,0.0,0.0,0.0,0.0,0.0,0.0,0.0
26428.36,0.46174935895882196,0.0,16352.0,37.0,0.26079999999962544,31.25,32.625,36.79000000000002,0.0,0.0,0.0,0.0,0.0,20.0,0.3,0.1,0.2,0.1,0.4,0.1,0.1,0.1,0.5,0.0,62622.0,0.09646769505924435,0.0,65535.0,0.08152895399404898,0.0,0.0,0.0,0.0,0.0,0.0,0.0,0.0,0.0,0.0
26488.39,0.43574546822211546,0.0,16352.0,37.0,0.16219999999961135,31.3125,32.625,36.93000000000001,0.0,0.0,0.0,0.0,0.0,20.0,0.3,0.1,0.2,0.1,0.4,0.1,0.1,0.1,0.5,0.0,62486.0,0.09658163428608008,0.0,65535.0,0.08097962920576791,0.0,0.0,0.0,0.0,0.0,0.0,0.0,0.0,0.0,0.0
26548.44,0.46174245109123024,0.0,16352.0,37.0,0.2486999999996188,31.25,32.5625,37.09000000000003,0.0,0.0,0.0,0.0,0.0,20.0,0.3,0.1,0.2,0.1,0.4,0.1,0.1,0.1,0.5,0.0,62105.0,0.09720634409467836,0.0,65535.0,0.08151369497215229,0.0,0.0,0.0,0.0,0.0,0.0,0.0,0.0,0.0,0.0
26608.49,0.4541685378163869,0.0,16352.0,37.0,0.24109999999961235,31.3125,32.5625,36.81,0.0,0.0,0.0,0.0,0.0,20.0,0.3,0.1,0.2,0.1,0.4,0.1,0.1,0.1,0.5,0.0,62683.0,0.09629405101861749,0.0,65535.0,0.08136110475318532,0.0,0.0,0.0,0.0,0.0,0.0,0.0,0.0,0.0,0.0
26668.53,0.4453018345177903,0.0,16352.0,37.0,0.21379999999961047,31.3125,32.625,36.870000000000005,0.0,0.0,0.0,0.0,0.0,20.0,0.3,0.1,0.2,0.1,0.4,0.1,0.1,0.1,0.5,0.0,62777.0,0.0962772990107842,0.0,65535.0,0.08126955062180514,0.0,0.0,0.0,0.0,0.0,0.0,0.0,0.0,0.0,0.0
26728.57,0.45039419578362305,0.0,16352.0,37.0,0.22819999999960985,31.3125,32.625,36.81,0.0,0.0,0.0,0.0,0.0,20.0,0.3,0.1,0.2,0.1,0.4,0.1,0.1,0.1,0.5,0.0,62550.0,0.09678657074340527,0.0,65535.0,0.08166628519111925,0.0,0.0,0.0,0.0,0.0,0.0,0.0,0.0,0.0,0.0
26788.67,0.4667324762197494,0.0,16352.0,37.0,0.19049999999961229,31.375,32.5625,36.97000000000003,0.0,0.0,0.0,0.0,0.0,20.0,0.3,0.1,0.2,0.1,0.4,0.1,0.1,0.1,0.5,0.0,62766.0,0.09662874804830641,0.0,65535.0,0.08192568856336309,0.0,0.0,0.0,0.0,0.0,0.0,0.0,0.0,0.0,0.0
26848.73,0.4453027272878028,0.0,16352.0,37.0,0.22319999999961268,31.3125,32.5625,36.73000000000002,0.0,0.0,0.0,0.0,0.0,20.0,0.3,0.1,0.2,0.1,0.4,0.1,0.1,0.1,0.5,0.0,62493.0,0.0967468356455923,0.0,65535.0,0.08175783932249943,0.0,0.0,0.0,0.0,0.0,0.0,0.0,0.0,0.0,0.0
26908.78,0.4453795512929872,0.0,16352.0,37.0,0.20819999999961125,31.375,32.5,36.950000000000045,0.0,0.0,0.0,0.0,0.0,20.0,0.3,0.1,0.2,0.1,0.4,0.1,0.1,0.1,0.5,0.0,62600.0,0.09693290734824281,0.0,65535.0,0.0818646524757763,0.0,0.0,0.0,0.0,0.0,0.0,0.0,0.0,0.0,0.0
26968.82,0.4517528038705939,0.0,16352.0,37.0,0.21229999999960583,31.25,32.5625,36.950000000000045,0.0,0.0,0.0,0.0,0.0,20.0,0.3,0.1,0.2,0.1,0.4,0.1,0.1,0.1,0.5,0.0,62374.0,0.09691538140892038,0.0,65535.0,0.08128480964370184,0.0,0.0,0.0,0.0,0.0,0.0,0.0,0.0,0.0,0.0
27028.9,0.4419086768423553,0.0,16352.0,37.0,0.23529999999961587,31.3125,32.5625,36.77000000000004,0.0,0.0,0.0,0.0,0.0,20.0,0.3,0.1,0.2,0.1,0.4,0.1,0.1,0.1,0.5,0.0,62811.0,0.09644807438187579,0.0,65535.0,0.08200198367284657,0.0,0.0,0.0,0.0,0.0,0.0,0.0,0.0,0.0,0.0
27088.97,0.445907046118582,0.0,16352.0,37.0,0.20409999999961412,31.3125,32.5,36.97000000000003,0.0,0.0,0.0,0.0,0.0,20.0,0.3,0.1,0.2,0.1,0.4,0.1,0.1,0.1,0.5,0.0,62179.0,0.09733189662104569,0.0,65535.0,0.081879911497673,0.0,0.0,0.0,0.0,0.0,0.0,0.0,0.0,0.0,0.0
27149.0,0.4612997118319577,0.0,16352.0,37.0,0.23319999999961435,31.25,32.5625,36.73000000000002,0.0,0.0,0.0,0.0,0.0,20.0,0.3,0.1,0.2,0.1,0.4,0.1,0.1,0.1,0.5,0.0,62095.0,0.0973186246879781,0.0,65535.0,0.08183413443198291,0.0,0.0,0.0,0.0,0.0,0.0,0.0,0.0,0.0,0.0
27209.05,0.4304386002120554,0.0,16352.0,37.0,0.20079999999961284,31.3125,32.5625,36.870000000000005,0.0,0.0,0.0,0.0,0.0,20.0,0.3,0.1,0.2,0.1,0.4,0.1,0.1,0.1,0.5,0.0,61992.0,0.09760936895083236,0.0,65535.0,0.08154421301594568,0.0,0.0,0.0,0.0,0.0,0.0,0.0,0.0,0.0,0.0
27269.1,0.4451783082372524,0.0,16352.0,37.0,0.18289999999960155,31.3125,32.5625,36.950000000000045,0.0,0.0,0.0,0.0,0.0,20.0,0.3,0.1,0.2,0.1,0.4,0.1,0.1,0.1,0.5,0.0,62239.0,0.09727020035668954,0.0,65535.0,0.08252079041733425,0.0,0.0,0.0,0.0,0.0,0.0,0.0,0.0,0.0,0.0
27329.17,0.4594660096816409,0.0,16352.0,37.0,0.19959999999961137,31.3125,32.5,36.89000000000004,0.0,0.0,0.0,0.0,0.0,20.0,0.3,0.1,0.2,0.1,0.4,0.1,0.1,0.1,0.5,0.0,61947.0,0.09800313170936446,0.0,65535.0,0.08213931486991684,0.0,0.0,0.0,0.0,0.0,0.0,0.0,0.0,0.0,0.0
27389.22,0.44810708138523003,0.0,16352.0,37.0,0.20199999999961088,31.25,32.5,36.79000000000002,0.0,0.0,0.0,0.0,0.0,20.0,0.3,0.1,0.2,0.1,0.4,0.1,0.1,0.1,0.5,0.0,62066.0,0.09778300518802566,0.0,65535.0,0.08194094758525979,0.0,0.0,0.0,0.0,0.0,0.0,0.0,0.0,0.0,0.0
27449.29,0.45933192246109045,0.0,16352.0,37.0,0.18399999999960961,31.3125,32.5,36.85000000000002,0.0,0.0,0.0,0.0,0.0,20.0,0.3,0.1,0.2,0.1,0.4,0.1,0.1,0.1,0.5,0.0,62326.0,0.0972467349099894,0.0,65535.0,0.08183413443198291,0.0,0.0,0.0,0.0,0.0,0.0,0.0,0.0,0.0,0.0
27509.35,0.46026435827524775,0.0,16352.0,37.0,0.2180999999996053,31.25,32.5625,36.89000000000004,0.0,0.0,0.0,0.0,0.0,20.0,0.3,0.1,0.2,0.1,0.4,0.1,0.1,0.1,0.5,0.0,62347.0,0.09771119701028116,0.0,65535.0,0.08181887541008621,0.0,0.0,0.0,0.0,0.0,0.0,0.0,0.0,0.0,0.0
27569.4,0.4356425910030882,0.0,16352.0,37.0,0.1430999999996016,31.3125,32.5625,36.81,0.0,0.0,0.0,0.0,0.0,20.0,0.3,0.1,0.2,0.1,0.4,0.1,0.1,0.1,0.5,0.0,62463.0,0.09738565230616525,0.0,65535.0,0.08180361638818952,0.0,0.0,0.0,0.0,0.0,0.0,0.0,0.0,0.0,0.0
27629.46,0.467361211531123,0.0,16352.0,37.0,0.24899999999960476,31.3125,32.5,36.950000000000045,0.0,0.0,0.0,0.0,0.0,20.0,0.3,0.1,0.2,0.1,0.4,0.1,0.1,0.1,0.5,0.0,62692.0,0.09738084604096216,0.0,65535.0,0.08184939345387961,0.0,0.0,0.0,0.0,0.0,0.0,0.0,0.0,0.0,0.0
27689.53,0.4648357745898132,0.0,16352.0,37.0,0.22309999999959818,31.25,32.5,36.73000000000002,0.0,0.0,0.0,0.0,0.0,20.0,0.3,0.1,0.2,0.1,0.4,0.1,0.1,0.1,0.5,0.0,62327.0,0.09780672902594381,0.0,65535.0,0.08209353780422675,0.0,0.0,0.0,0.0,0.0,0.0,0.0,0.0,0.0,0.0
27749.61,0.46765971262999967,0.0,16352.0,37.0,0.2507999999996031,31.1875,32.5625,36.690000000000055,0.0,0.0,0.0,0.0,0.0,20.0,0.3,0.1,0.2,0.1,0.4,0.1,0.1,0.1,0.5,0.0,62675.0,0.09718388512165935,0.0,65535.0,0.08213931486991684,0.0,0.0,0.0,0.0,0.0,0.0,0.0,0.0,0.0,0.0
27809.68,0.4482585037327047,0.0,16352.0,37.0,0.2101999999995957,31.25,32.5,36.79000000000002,0.0,0.0,0.0,0.0,0.0,20.0,0.3,0.1,0.2,0.1,0.4,0.1,0.1,0.1,0.5,0.0,62374.0,0.09774906210921218,0.0,65535.0,0.08220035095750362,0.0,0.0,0.0,0.0,0.0,0.0,0.0,0.0,0.0,0.0
27869.75,0.4442908212397634,0.0,16352.0,37.0,0.2210999999996,31.25,32.5625,37.03000000000003,0.0,0.0,0.0,0.0,0.0,20.0,0.3,0.1,0.2,0.1,0.4,0.1,0.1,0.1,0.5,0.0,62715.0,0.09736107789205134,0.0,65535.0,0.0822919050888838,0.0,0.0,0.0,0.0,0.0,0.0,0.0,0.0,0.0,0.0
27929.83,0.4445563340251541,0.0,16352.0,37.0,0.2195999999995988,31.25,32.5625,36.73000000000002,0.0,0.0,0.0,0.0,0.0,20.0,0.3,0.1,0.2,0.1,0.4,0.1,0.1,0.1,0.5,0.0,61746.0,0.09864606614193631,0.0,65535.0,0.08258182650492103,0.0,0.0,0.0,0.0,0.0,0.0,0.0,0.0,0.0,0.0
27989.91,0.4453898123006366,0.0,16352.0,37.0,0.2398999999995937,31.25,32.5625,36.81,0.0,0.0,0.0,0.0,0.0,20.0,0.3,0.1,0.2,0.1,0.4,0.1,0.1,0.1,0.5,0.0,62491.0,0.0978380886847706,0.0,65535.0,0.08259708552681773,0.0,0.0,0.0,0.0,0.0,0.0,0.0,0.0,0.0,0.0
28049.99,0.43567911009791205,0.0,16352.0,37.0,0.20079999999960083,31.25,32.5625,36.73000000000002,0.0,0.0,0.0,0.0,0.0,20.0,0.3,0.1,0.2,0.1,0.4,0.1,0.1,0.1,0.5,0.0,62807.0,0.09758466412979445,0.0,65535.0,0.08233768215457389,0.0,0.0,0.0,0.0,0.0,0.0,0.0,0.0,0.0,0.0
28110.06,0.44405846579320435,0.0,16352.0,37.0,0.22169999999959603,31.3125,32.5625,36.79000000000002,0.0,0.0,0.0,0.0,0.0,20.0,0.3,0.1,0.2,0.1,0.4,0.1,0.1,0.1,0.5,0.0,63277.0,0.09708108791504022,0.0,65535.0,0.08358892195010299,0.0,0.0,0.0,0.0,0.0,0.0,0.0,0.0,0.0,0.0
28170.13,0.4439106677985543,0.0,16352.0,37.0,0.1860999999995991,31.25,32.5,36.85000000000002,0.0,0.0,0.0,0.0,0.0,20.0,0.3,0.1,0.2,0.1,0.4,0.1,0.1,0.1,0.5,0.0,62700.0,0.09762360446570972,0.0,65535.0,0.08267338063630121,0.0,0.0,0.0,0.0,0.0,0.0,0.0,0.0,0.0,0.0
28230.21,0.43796165319739244,0.0,16352.0,37.0,0.2201999999995948,31.3125,32.5625,36.950000000000045,0.0,0.0,0.0,0.0,0.0,20.0,0.3,0.1,0.2,0.1,0.4,0.1,0.1,0.1,0.5,0.0,62589.0,0.09781271469427535,0.0,65535.0,0.08281071183337148,0.0,0.0,0.0,0.0,0.0,0.0,0.0,0.0,0.0,0.0
28290.29,0.4385399686446371,0.0,16352.0,37.0,0.20789999999959347,31.25,32.5,37.01000000000005,0.0,0.0,0.0,0.0,0.0,20.0,0.3,0.1,0.2,0.1,0.4,0.1,0.1,0.1,0.5,0.0,62575.0,0.09785057930483419,0.0,65535.0,0.0827038986800946,0.0,0.0,0.0,0.0,0.0,0.0,0.0,0.0,0.0,0.0
28350.36,0.45915002718501646,0.0,16352.0,37.0,0.16659999999959577,31.3125,32.5,36.610000000000014,0.0,0.0,0.0,0.0,0.0,20.0,0.3,0.1,0.2,0.1,0.4,0.1,0.1,0.1,0.5,0.0,63095.0,0.09736112211744195,0.0,65535.0,0.08293278400854505,0.0,0.0,0.0,0.0,0.0,0.0,0.0,0.0,0.0,0.0
28410.44,0.439517663324823,0.0,16352.0,37.0,0.18689999999959064,31.25,32.5,36.77000000000004,0.0,0.0,0.0,0.0,0.0,20.0,0.3,0.1,0.2,0.1,0.4,0.1,0.1,0.1,0.5,0.0,62781.0,0.09764100603685828,0.0,65535.0,0.08293278400854505,0.0,0.0,0.0,0.0,0.0,0.0,0.0,0.0,0.0,0.0
28470.52,0.42770601811456205,0.0,16352.0,37.0,0.19539999999959543,31.25,32.5,36.93000000000001,0.0,0.0,0.0,0.0,0.0,20.0,0.3,0.1,0.2,0.1,0.4,0.1,0.1,0.1,0.5,0.0,62504.0,0.0981857161141687,0.0,65535.0,0.08250553139543755,0.0,0.0,0.0,0.0,0.0,0.0,0.0,0.0,0.0,0.0
28530.62,0.4442487472563992,0.0,16352.0,37.0,0.26259999999959716,31.25,32.5625,36.690000000000055,0.0,0.0,0.0,0.0,0.0,20.0,0.3,0.1,0.2,0.1,0.4,0.1,0.1,0.1,0.5,0.0,62287.0,0.09838329025318285,0.0,65535.0,0.08279545281147478,0.0,0.0,0.0,0.0,0.0,0.0,0.0,0.0,0.0,0.0
28590.7,0.4399596897016467,0.0,16352.0,37.0,0.23409999999959547,31.25,32.5,36.79000000000002,0.0,0.0,0.0,0.0,0.0,20.0,0.3,0.1,0.2,0.1,0.4,0.1,0.1,0.1,0.5,0.0,62730.0,0.09776821297624741,0.0,65535.0,0.08242923628595407,0.0,0.0,0.0,0.0,0.0,0.0,0.0,0.0,0.0,0.0
28650.73,0.4524409296422666,0.0,16352.0,37.0,0.17019999999959246,31.3125,32.5625,36.77000000000004,0.0,0.0,0.0,0.0,0.0,20.0,0.3,0.1,0.2,0.1,0.4,0.1,0.1,0.1,0.5,0.0,63729.0,0.09689466334008065,0.0,65535.0,0.08342107270923933,0.0,0.0,0.0,0.0,0.0,0.0,0.0,0.0,0.0,0.0
28710.81,0.4724402409166474,0.0,16352.0,37.0,0.16989999999959188,31.25,32.5625,36.89000000000004,0.0,0.0,0.0,0.0,0.0,20.0,0.3,0.1,0.2,0.1,0.4,0.1,0.1,0.1,0.5,0.0,63233.0,0.0977970363575981,0.0,65535.0,0.08368047608148317,0.0,0.0,0.0,0.0,0.0,0.0,0.0,0.0,0.0,0.0
28770.89,0.43360987808284346,0.0,16352.0,37.0,0.20929999999958276,31.25,32.5,36.77000000000004,0.0,0.0,0.0,0.0,0.0,20.0,0.3,0.1,0.2,0.1,0.4,0.1,0.1,0.1,0.5,0.0,62915.0,0.09794166732893586,0.0,65535.0,0.08296330205233844,0.0,0.0,0.0,0.0,0.0,0.0,0.0,0.0,0.0,0.0
28830.95,0.4518413849580031,0.0,16352.0,37.0,0.2601999999995933,31.3125,32.5625,36.73000000000002,0.0,0.0,0.0,0.0,0.0,20.0,0.3,0.1,0.2,0.1,0.4,0.1,0.1,0.1,0.5,0.0,62787.0,0.09809355439820346,0.0,65535.0,0.08297856107423514,0.0,0.0,0.0,0.0,0.0,0.0,0.0,0.0,0.0,0.0
28891.02,0.4865779682212257,0.0,16352.0,37.0,0.2257999999995811,31.25,32.5625,36.73000000000002,0.0,0.005,0.25,0.0,0.0,20.0,0.3,0.1,0.2,0.1,0.4,0.1,0.1,0.1,0.5,0.0,62560.0,0.09808184143222506,0.0,65535.0,0.08282597085526817,0.0,0.0,0.0,0.0,0.0,0.0,0.0,0.0,0.0,0.0
28951.1,0.4437903457500244,0.0,16352.0,37.0,0.34774999999958417,31.1875,32.5,36.53000000000003,0.0,0.0,0.0,0.0,0.0,20.0,0.3,0.1,0.2,0.1,0.4,0.1,0.1,0.1,0.5,0.0,60839.0,0.09852232942684791,0.0,65535.0,0.08136110475318532,0.0,0.0,0.0,0.0,0.0,0.0,0.0,0.0,0.0,0.0
29011.16,0.42018533291918275,0.0,16352.0,37.0,0.22229999999958372,31.3125,32.5625,36.79000000000002,0.0,0.0,0.0,0.0,0.0,20.0,0.3,0.1,0.2,0.1,0.4,0.1,0.1,0.1,0.5,0.0,61764.0,0.0976458778576517,0.0,65535.0,0.08155947203784238,0.0,0.0,0.0,0.0,0.0,0.0,0.0,0.0,0.0,0.0
29071.2,0.45283560158853403,0.0,16352.0,37.0,0.27179999999958476,31.3125,32.5625,36.85000000000002,0.0,0.0,0.0,0.0,0.0,20.0,0.3,0.1,0.2,0.1,0.4,0.1,0.1,0.1,0.5,0.0,61730.0,0.09753766402073547,0.0,65535.0,0.08085755703059434,0.0,0.0,0.0,0.0,0.0,0.0,0.0,0.0,0.0,0.0
29131.25,0.44229013880375406,0.0,16352.0,37.0,0.19729999999957634,31.375,32.4375,36.93000000000001,0.0,0.0,0.0,0.0,0.0,20.0,0.3,0.1,0.2,0.1,0.4,0.1,0.1,0.1,0.5,0.0,61380.0,0.0979309221244705,0.0,65535.0,0.08111696040283818,0.0,0.0,0.0,0.0,0.0,0.0,0.0,0.0,0.0,0.0
29191.29,0.44216694147839636,0.0,16352.0,37.0,0.2569999999995772,31.3125,32.5625,36.81,0.0,0.0,0.0,0.0,0.0,20.0,0.3,0.1,0.2,0.1,0.4,0.1,0.1,0.1,0.5,0.0,61341.0,0.09802579025447906,0.0,65535.0,0.0814373998626688,0.0,0.0,0.0,0.0,0.0,0.0,0.0,0.0,0.0,0.0
29251.34,0.41461148558859423,0.0,16352.0,37.0,0.19839999999958358,31.3125,32.5625,37.03000000000003,0.0,0.0,0.0,0.0,0.0,20.0,0.3,0.1,0.2,0.1,0.4,0.1,0.1,0.1,0.5,0.0,61537.0,0.09784357378487739,0.0,65535.0,0.08137636377508202,0.0,0.0,0.0,0.0,0.0,0.0,0.0,0.0,0.0,0.0
29311.38,0.4225088316023222,0.0,16352.0,37.0,0.17919999999958255,31.3125,32.5625,36.81,0.0,0.0,0.0,0.0,0.0,20.0,0.3,0.1,0.2,0.1,0.4,0.1,0.1,0.1,0.5,0.0,61405.0,0.09816790163667453,0.0,65535.0,0.08136110475318532,0.0,0.0,0.0,0.0,0.0,0.0,0.0,0.0,0.0,0.0
29371.42,0.41969667345172484,0.0,16352.0,37.0,0.20679999999958332,31.3125,32.5625,36.870000000000005,0.0,0.0,0.0,0.0,0.0,20.0,0.3,0.1,0.2,0.1,0.4,0.1,0.1,0.1,0.5,0.0,60751.0,0.098763806357097,0.0,65535.0,0.08125429159990845,0.0,0.0,0.0,0.0,0.0,0.0,0.0,0.0,0.0,0.0
29431.49,0.4164902776820282,0.0,16352.0,37.0,0.19739999999957764,31.3125,32.5625,36.81,0.0,0.0,0.0,0.0,0.0,20.0,0.3,0.1,0.2,0.1,0.4,0.1,0.1,0.1,0.5,0.0,60963.0,0.09868280760461264,0.0,65535.0,0.0810406652933547,0.0,0.0,0.0,0.0,0.0,0.0,0.0,0.0,0.0,0.0
29491.53,0.41688499092811115,0.0,16352.0,37.0,0.20589999999958242,31.3125,32.5625,36.85000000000002,0.0,0.0,0.0,0.0,0.0,20.0,0.3,0.1,0.2,0.1,0.4,0.1,0.1,0.1,0.5,0.0,61301.0,0.0984486386845239,0.0,65535.0,0.08126955062180514,0.0,0.0,0.0,0.0,0.0,0.0,0.0,0.0,0.0,0.0
29551.56,0.41928514709424397,0.0,16352.0,37.0,0.21529999999957217,31.3125,32.5625,36.85000000000002,0.0,0.0,0.0,0.0,0.0,20.0,0.3,0.1,0.2,0.1,0.4,0.1,0.1,0.1,0.5,0.0,61803.0,0.09781078588418038,0.0,65535.0,0.08194094758525979,0.0,0.0,0.0,0.0,0.0,0.0,0.0,0.0,0.0,0.0
29611.64,0.4084820927782611,0.0,16352.0,37.0,0.24679999999957195,31.3125,32.5625,36.870000000000005,0.0,0.0,0.0,0.0,0.0,20.0,0.3,0.1,0.2,0.1,0.4,0.1,0.1,0.1,0.5,0.0,61166.0,0.09869862341823889,0.0,65535.0,0.08160524910353247,0.0,0.0,0.0,0.0,0.0,0.0,0.0,0.0,0.0,0.0
29671.7,0.42655076055529284,0.0,16352.0,37.0,0.1869999999995786,31.375,32.5625,36.85000000000002,0.0,0.0,0.0,0.0,0.0,20.0,0.3,0.1,0.2,0.1,0.4,0.1,0.1,0.1,0.5,0.0,61173.0,0.09862194105242508,0.0,65535.0,0.08162050812542916,0.0,0.0,0.0,0.0,0.0,0.0,0.0,0.0,0.0,0.0
29731.73,0.45547337591743076,0.0,16352.0,37.0,0.17869999999956765,31.3125,32.5,36.710000000000036,0.0,0.0,0.0,0.0,0.0,20.0,0.3,0.1,0.2,0.1,0.4,0.1,0.1,0.1,0.5,0.0,61617.0,0.09825210575003651,0.0,65535.0,0.08160524910353247,0.0,0.0,0.0,0.0,0.0,0.0,0.0,0.0,0.0,0.0
29791.77,0.4513186311847872,0.0,16352.0,37.0,0.20899999999956767,31.25,32.5625,36.79000000000002,0.0,0.0,0.0,0.0,0.0,20.0,0.3,0.1,0.2,0.1,0.4,0.1,0.1,0.1,0.5,0.0,61123.0,0.098669895129493,0.0,65535.0,0.08166628519111925,0.0,0.0,0.0,0.0,0.0,0.0,0.0,0.0,0.0,0.0
29851.82,0.42995925191867856,0.0,16352.0,37.0,0.2334999999995772,31.3125,32.5625,36.81,0.0,0.0,0.0,0.0,0.0,20.0,0.3,0.1,0.2,0.1,0.4,0.1,0.1,0.1,0.5,0.0,61477.0,0.09839452152837647,0.0,65535.0,0.08239871824216068,0.0,0.0,0.0,0.0,0.0,0.0,0.0,0.0,0.0,0.0
29911.9,0.41263361865071446,0.0,16352.0,37.0,0.22969999999956645,31.3125,32.5,36.93000000000001,0.0,0.0,0.0,0.0,0.0,20.0,0.3,0.1,0.2,0.1,0.4,0.1,0.1,0.1,0.5,0.0,61092.0,0.09890001964250639,0.0,65535.0,0.08194094758525979,0.0,0.0,0.0,0.0,0.0,0.0,0.0,0.0,0.0,0.0
29971.95,0.4202415202760813,0.0,16352.0,37.0,0.1819999999995638,31.3125,32.5,36.97000000000003,0.0,0.0,0.0,0.0,0.0,20.0,0.3,0.1,0.2,0.1,0.4,0.1,0.1,0.1,0.5,0.0,61574.0,0.09822327605807646,0.0,65535.0,0.08171206225680934,0.0,0.0,0.0,0.0,0.0,0.0,0.0,0.0,0.0,0.0
30031.99,0.4319753859641512,0.0,16352.0,37.0,0.20169999999957344,31.25,32.5625,36.85000000000002,0.0,0.0,0.0,0.0,0.0,20.0,0.3,0.1,0.2,0.1,0.4,0.1,0.1,0.1,0.5,0.0,61683.0,0.09832530843182076,0.0,65535.0,0.0818646524757763,0.0,0.0,0.0,0.0,0.0,0.0,0.0,0.0,0.0,0.0
30092.04,0.4230883917370339,0.0,16352.0,37.0,0.20939999999956813,31.25,32.5,36.85000000000002,0.0,0.0,0.0,0.0,0.0,20.0,0.3,0.1,0.2,0.1,0.4,0.1,0.1,0.1,0.5,0.0,62058.0,0.09789229430532727,0.0,65535.0,0.08184939345387961,0.0,0.0,0.0,0.0,0.0,0.0,0.0,0.0,0.0,0.0
30152.08,0.4319701808633219,0.0,16352.0,37.0,0.1922999999995669,31.3125,32.5,36.85000000000002,0.0,0.0,0.0,0.0,0.0,20.0,0.3,0.1,0.2,0.1,0.4,0.1,0.1,0.1,0.5,0.0,61620.0,0.09845829276209023,0.0,65535.0,0.0818646524757763,0.0,0.0,0.0,0.0,0.0,0.0,0.0,0.0,0.0,0.0
30212.12,0.41818576144039,0.0,16352.0,37.0,0.16929999999957018,31.3125,32.5,36.650000000000034,0.0,0.0,0.0,0.0,0.0,20.0,0.3,0.1,0.2,0.1,0.4,0.1,0.1,0.1,0.5,0.0,61671.0,0.0981012145092507,0.0,65535.0,0.08206301976043336,0.0,0.0,0.0,0.0,0.0,0.0,0.0,0.0,0.0,0.0
30272.17,0.45216072472224156,0.0,16352.0,37.0,0.22459999999956165,31.25,32.5,36.81,0.0,0.0,0.0,0.0,0.0,20.0,0.3,0.1,0.2,0.1,0.4,0.1,0.1,0.1,0.5,0.0,61593.0,0.09848521747601188,0.0,65535.0,0.0818951705195697,0.0,0.0,0.0,0.0,0.0,0.0,0.0,0.0,0.0,0.0
30332.2,0.4364167853990107,0.0,16352.0,37.0,0.22809999999957095,31.25,32.5,36.85000000000002,0.0,0.0,0.0,0.0,0.0,20.0,0.3,0.1,0.2,0.1,0.4,0.1,0.1,0.1,0.5,0.0,61324.0,0.09901506751027331,0.0,65535.0,0.08200198367284657,0.0,0.0,0.0,0.0,0.0,0.0,0.0,0.0,0.0,0.0
30392.26,0.45463127578683277,0.0,16352.0,37.0,0.25019999999956594,31.25,32.5625,36.690000000000055,0.0,0.0,0.0,0.0,0.0,20.0,0.3,0.1,0.2,0.1,0.4,0.1,0.1,0.1,0.5,0.0,61416.0,0.09891559202813599,0.0,65535.0,0.0823071641107805,0.0,0.0,0.0,0.0,0.0,0.0,0.0,0.0,0.0,0.0
30452.34,0.4243236523075795,0.0,16352.0,37.0,0.22819999999955923,31.25,32.5,36.73000000000002,0.0,0.0,0.0,0.0,0.0,20.0,0.3,0.1,0.2,0.1,0.4,0.1,0.1,0.1,0.5,0.0,61826.0,0.09859929479507004,0.0,65535.0,0.08215457389181353,0.0,0.0,0.0,0.0,0.0,0.0,0.0,0.0,0.0,0.0
30512.42,0.442697865486416,0.0,16352.0,37.0,0.21169999999955746,31.25,32.5,36.89000000000004,0.0,0.0,0.0,0.0,0.0,20.0,0.3,0.1,0.2,0.1,0.4,0.1,0.1,0.1,0.5,0.0,61779.0,0.09852862623221482,0.0,65535.0,0.08223086900129702,0.0,0.0,0.0,0.0,0.0,0.0,0.0,0.0,0.0,0.0
30572.49,0.4162951976153007,0.0,16352.0,37.0,0.2525999999995629,31.25,32.5,36.77000000000004,0.0,0.0,0.0,0.0,0.0,20.0,0.3,0.1,0.2,0.1,0.4,0.1,0.1,0.1,0.5,0.0,61005.0,0.09938529628718958,0.0,65535.0,0.0818951705195697,0.0,0.0,0.0,0.0,0.0,0.0,0.0,0.0,0.0,0.0
30632.56,0.4268880927298009,0.0,16352.0,37.0,0.2258999999995613,31.25,32.5625,36.79000000000002,0.0,0.0,0.0,0.0,0.0,20.0,0.3,0.1,0.2,0.1,0.4,0.1,0.1,0.1,0.5,0.0,61592.0,0.09866541109234965,0.0,65535.0,0.08203250171663996,0.0,0.0,0.0,0.0,0.0,0.0,0.0,0.0,0.0,0.0
30692.64,0.4101257937117305,0.0,16352.0,37.0,0.2270999999995602,31.3125,32.5,36.85000000000002,0.0,0.0,0.0,0.0,0.0,20.0,0.3,0.1,0.2,0.1,0.4,0.1,0.1,0.1,0.5,0.0,61589.0,0.0987514004124113,0.0,65535.0,0.08218509193560693,0.0,0.0,0.0,0.0,0.0,0.0,0.0,0.0,0.0,0.0
30752.72,0.4297009723613056,0.0,16352.0,37.0,0.1654999999995517,31.3125,32.5,37.05000000000001,0.0,0.0,0.0,0.0,0.0,20.0,0.3,0.1,0.2,0.1,0.4,0.1,0.1,0.1,0.5,0.0,61552.0,0.09887574733558617,0.0,65535.0,0.08245975432974746,0.0,0.0,0.0,0.0,0.0,0.0,0.0,0.0,0.0,0.0
30812.8,0.4259474149975969,0.0,16352.0,37.0,0.2319999999995631,31.25,32.5,36.77000000000004,0.0,0.0,0.0,0.0,0.0,20.0,0.3,0.1,0.2,0.1,0.4,0.1,0.1,0.1,0.5,0.0,61926.0,0.09834318380001938,0.0,65535.0,0.08284122987716487,0.0,0.0,0.0,0.0,0.0,0.0,0.0,0.0,0.0,0.0
30872.85,0.4138110069261005,0.0,16352.0,37.0,0.26679999999956416,31.25,32.5,36.77000000000004,0.0,0.0,0.0,0.0,0.0,20.0,0.3,0.1,0.2,0.1,0.4,0.1,0.1,0.1,0.5,0.0,61466.0,0.09917678065922624,0.0,65535.0,0.08198672465094987,0.0,0.0,0.0,0.0,0.0,0.0,0.0,0.0,0.0,0.0
30932.93,0.40333293444326956,0.0,16352.0,37.0,0.16819999999955007,31.3125,32.5,36.81,0.0,0.0,0.0,0.0,0.0,20.0,0.3,0.1,0.2,0.1,0.4,0.1,0.1,0.1,0.5,0.0,61393.0,0.09921326535598521,0.0,65535.0,0.08223086900129702,0.0,0.0,0.0,0.0,0.0,0.0,0.0,0.0,0.0,0.0
30992.96,0.4763227757837928,0.0,16352.0,37.0,0.20639999999955538,31.25,32.5,37.05000000000001,0.0,0.0,0.0,0.0,0.0,20.0,0.3,0.1,0.2,0.1,0.4,0.1,0.1,0.1,0.5,0.0,61673.0,0.09905469168031392,0.0,65535.0,0.08252079041733425,0.0,0.0,0.0,0.0,0.0,0.0,0.0,0.0,0.0,0.0
31053.0,0.4295439513633512,0.0,16352.0,37.0,0.23229999999956025,31.3125,32.5,36.85000000000002,0.0,0.0,0.0,0.0,0.0,20.0,0.3,0.1,0.2,0.1,0.4,0.1,0.1,0.1,0.5,0.0,61819.0,0.09895016095375209,0.0,65535.0,0.08256656748302434,0.0,0.0,0.0,0.0,0.0,0.0,0.0,0.0,0.0,0.0
31113.05,0.44527242920946136,0.0,16352.0,37.0,0.18369999999955755,31.25,32.5,36.81,0.0,0.0,0.0,0.0,0.0,20.0,0.3,0.1,0.2,0.1,0.4,0.1,0.1,0.1,0.5,0.0,61436.0,0.09932287258285044,0.0,65535.0,0.08252079041733425,0.0,0.0,0.0,0.0,0.0,0.0,0.0,0.0,0.0,0.0
31173.09,0.42808788715112944,0.0,16352.0,37.0,0.21869999999955328,31.25,32.5625,37.03000000000003,0.0,0.0,0.0,0.0,0.0,20.0,0.3,0.1,0.2,0.1,0.4,0.1,0.1,0.1,0.5,0.0,61298.0,0.09969330157590786,0.0,65535.0,0.08267338063630121,0.0,0.0,0.0,0.0,0.0,0.0,0.0,0.0,0.0,0.0
31233.14,0.4244761278743885,0.0,16352.0,37.0,0.2943999999995455,31.3125,32.5,36.710000000000036,0.0,0.0,0.0,0.0,0.0,20.0,0.3,0.1,0.2,0.1,0.4,0.1,0.1,0.1,0.5,0.0,61586.0,0.09927580943720976,0.0,65535.0,0.0827191577019913,0.0,0.0,0.0,0.0,0.0,0.0,0.0,0.0,0.0,0.0
31293.22,0.4533678289545158,0.0,16352.0,37.0,0.2164999999995462,31.25,32.5,36.89000000000004,0.0,0.0,0.0,0.0,0.0,20.0,0.3,0.1,0.2,0.1,0.4,0.1,0.1,0.1,0.5,0.0,61265.0,0.0993226148698278,0.0,65535.0,0.08242923628595407,0.0,0.0,0.0,0.0,0.0,0.0,0.0,0.0,0.0,0.0
31353.3,0.4489188179728378,0.0,16352.0,37.0,0.24649999999954647,31.3125,32.5,36.89000000000004,0.0,0.0,0.0,0.0,0.0,20.0,0.3,0.1,0.2,0.1,0.4,0.1,0.1,0.1,0.5,0.0,61883.0,0.09886398526251151,0.0,65535.0,0.0831616693369955,0.0,0.0,0.0,0.0,0.0,0.0,0.0,0.0,0.0,0.0
31413.36,0.4502457620732054,0.0,16352.0,37.0,0.23149999999954504,31.3125,32.5,36.79000000000002,0.0,0.0,0.0,0.0,0.0,20.0,0.3,0.1,0.2,0.1,0.4,0.1,0.1,0.1,0.5,0.0,61265.0,0.09960009793519954,0.0,65535.0,0.08250553139543755,0.0,0.0,0.0,0.0,0.0,0.0,0.0,0.0,0.0,0.0
31473.44,0.4347768100245284,0.0,16352.0,37.0,0.206199999999553,31.25,32.5,36.93000000000001,0.0,0.0,0.0,0.0,0.0,20.0,0.3,0.1,0.2,0.1,0.4,0.1,0.1,0.1,0.5,0.0,61199.0,0.0999689537410742,0.0,65535.0,0.08265812161440451,0.0,0.0,0.0,0.0,0.0,0.0,0.0,0.0,0.0,0.0
31533.48,0.42770180329426793,0.0,16352.0,37.0,0.2376999999995536,31.3125,32.5,36.85000000000002,0.0,0.0,0.0,0.0,0.0,20.0,0.3,0.1,0.2,0.1,0.4,0.1,0.1,0.1,0.5,0.0,61885.0,0.09894158519835178,0.0,65535.0,0.08252079041733425,0.0,0.0,0.0,0.0,0.0,0.0,0.0,0.0,0.0,0.0
31593.52,0.4325816999682991,0.0,16352.0,37.0,0.19949999999954654,31.3125,32.5,36.79000000000002,0.0,0.0,0.0,0.0,0.0,20.0,0.3,0.1,0.2,0.1,0.4,0.1,0.1,0.1,0.5,0.0,61467.0,0.0995493516846438,0.0,65535.0,0.08259708552681773,0.0,0.0,0.0,0.0,0.0,0.0,0.0,0.0,0.0,0.0
31653.59,0.43232177358318774,0.0,16352.0,37.0,0.19679999999954556,31.3125,32.4375,37.01000000000005,0.0,0.0,0.0,0.0,0.0,20.0,0.3,0.1,0.2,0.1,0.4,0.1,0.1,0.1,0.5,0.0,61943.0,0.0989296611400804,0.0,65535.0,0.08279545281147478,0.0,0.0,0.0,0.0,0.0,0.0,0.0,0.0,0.0,0.0
31713.63,0.45123583953039703,0.0,16352.0,37.0,0.18529999999953925,31.3125,32.5,36.85000000000002,0.0,0.0,0.0,0.0,0.0,20.0,0.3,0.1,0.2,0.1,0.4,0.1,0.1,0.1,0.5,0.0,61832.0,0.09904256695562169,0.0,65535.0,0.08285648889906157,0.0,0.0,0.0,0.0,0.0,0.0,0.0,0.0,0.0,0.0
31773.68,0.4268258311697351,0.0,16352.0,37.0,0.22969999999953977,31.3125,32.5,37.03000000000003,0.0,0.0,0.0,0.0,0.0,20.0,0.3,0.1,0.2,0.1,0.4,0.1,0.1,0.1,0.5,0.0,61725.0,0.09934386391251519,0.0,65535.0,0.08288700694285496,0.0,0.0,0.0,0.0,0.0,0.0,0.0,0.0,0.0,0.0
31833.72,0.42443931534824497,0.0,16352.0,37.0,0.2255999999995435,31.3125,32.4375,36.870000000000005,0.0,0.0,0.0,0.0,0.0,20.0,0.3,0.1,0.2,0.1,0.4,0.1,0.1,0.1,0.5,0.0,62221.0,0.09874479677279376,0.0,65535.0,0.0831311512932021,0.0,0.0,0.0,0.0,0.0,0.0,0.0,0.0,0.0,0.0
31893.79,0.4456455234941614,0.0,16352.0,37.0,0.23589999999954833,31.25,32.5,36.93000000000001,0.0,0.0,0.0,0.0,0.0,20.0,0.3,0.1,0.2,0.1,0.4,0.1,0.1,0.1,0.5,0.0,61529.0,0.09957906028051813,0.0,65535.0,0.08276493476768139,0.0,0.0,0.0,0.0,0.0,0.0,0.0,0.0,0.0,0.0
31953.83,0.45730043477631854,0.0,16352.0,37.0,0.2455999999995378,31.375,32.4375,36.93000000000001,0.0,0.0,0.0,0.0,0.0,20.0,0.3,0.1,0.2,0.1,0.4,0.1,0.1,0.1,0.5,0.0,61837.0,0.0992609602665071,0.0,65535.0,0.08291752498664835,0.0,0.0,0.0,0.0,0.0,0.0,0.0,0.0,0.0,0.0
32013.87,0.43185197770302586,0.0,16352.0,37.0,0.25619999999954235,31.3125,32.5,36.85000000000002,0.0,0.0,0.0,0.0,0.0,20.0,0.3,0.1,0.2,0.1,0.4,0.1,0.1,0.1,0.5,0.0,61577.0,0.09974503467203663,0.0,65535.0,0.08310063324940871,0.0,0.0,0.0,0.0,0.0,0.0,0.0,0.0,0.0,0.0
32073.94,0.45061306694770253,0.0,16352.0,37.0,0.1640999999995383,31.3125,32.5,37.05000000000001,0.0,0.0,0.0,0.0,0.0,20.0,0.3,0.1,0.2,0.1,0.4,0.1,0.1,0.1,0.5,0.0,61476.0,0.09972997592556444,0.0,65535.0,0.08281071183337148,0.0,0.0,0.0,0.0,0.0,0.0,0.0,0.0,0.0,0.0
32134.01,0.4230383717597529,0.0,16352.0,37.0,0.21379999999953406,31.25,32.5,36.950000000000045,0.0,0.0,0.0,0.0,0.0,20.0,0.3,0.1,0.2,0.1,0.4,0.1,0.1,0.1,0.5,0.0,62194.0,0.0992700260475287,0.0,65535.0,0.08302433813992523,0.0,0.0,0.0,0.0,0.0,0.0,0.0,0.0,0.0,0.0
32194.07,0.4394766420359374,0.0,16352.0,37.0,0.25119999999954434,31.25,32.5,36.870000000000005,0.0,0.0,0.0,0.0,0.0,20.0,0.3,0.1,0.2,0.1,0.4,0.1,0.1,0.1,0.5,0.0,61645.0,0.099683672641739,0.0,65535.0,0.08340581368734264,0.0,0.0,0.0,0.0,0.0,0.0,0.0,0.0,0.0,0.0
32254.14,0.4583173544940518,0.0,16352.0,37.0,0.24499999999953323,31.25,32.4375,36.950000000000045,0.0,0.0,0.0,0.0,0.0,20.0,0.3,0.1,0.2,0.1,0.4,0.1,0.1,0.1,0.5,0.0,62527.0,0.09862939210261167,0.0,65535.0,0.08319218738078889,0.0,0.0,0.0,0.0,0.0,0.0,0.0,0.0,0.0,0.0
32314.22,0.4358487561694282,0.0,16352.0,37.0,0.2540999999995375,31.3125,32.5,36.89000000000004,0.0,0.0,0.0,0.0,0.0,20.0,0.3,0.1,0.2,0.1,0.4,0.1,0.1,0.1,0.5,0.0,61729.0,0.09987202125419171,0.0,65535.0,0.0831464103150988,0.0,0.0,0.0,0.0,0.0,0.0,0.0,0.0,0.0,0.0
32374.29,0.4552352323333461,0.0,16352.0,37.0,0.24379999999953092,31.3125,32.5625,36.97000000000003,0.0,0.0,0.0,0.0,0.0,20.0,0.3,0.1,0.2,0.1,0.4,0.1,0.1,0.1,0.5,0.0,62118.0,0.09947197269712482,0.0,65535.0,0.08436713206683452,0.0,0.0,0.0,0.0,0.0,0.0,0.0,0.0,0.0,0.0
32434.37,0.41192835107468645,0.0,16352.0,37.0,0.24499999999952982,31.3125,32.5,36.63000000000005,0.0,0.0,0.0,0.0,0.0,20.0,0.3,0.1,0.2,0.1,0.4,0.1,0.1,0.1,0.5,0.0,61729.0,0.09993682061915793,0.0,65535.0,0.08342107270923933,0.0,0.0,0.0,0.0,0.0,0.0,0.0,0.0,0.0,0.0
32494.44,0.42338622487289246,0.0,16352.0,37.0,0.2343999999995386,31.375,32.5,36.89000000000004,0.0,0.0,0.0,0.0,0.0,20.0,0.3,0.1,0.2,0.1,0.4,0.1,0.1,0.1,0.5,0.0,62026.0,0.09947441395543805,0.0,65535.0,0.08328374151216907,0.0,0.0,0.0,0.0,0.0,0.0,0.0,0.0,0.0,0.0
32554.51,0.4195648563445775,0.0,16352.0,37.0,0.208499999999532,31.3125,32.5,36.870000000000005,0.0,0.0,0.0,0.0,0.0,20.0,0.3,0.1,0.2,0.1,0.4,0.1,0.1,0.1,0.5,0.0,61229.0,0.10039360433781377,0.0,65535.0,0.08307011520561532,0.0,0.0,0.0,0.0,0.0,0.0,0.0,0.0,0.0,0.0
32614.58,0.42202578025973203,0.0,16352.0,37.0,0.22439999999953175,31.25,32.5,36.950000000000045,0.0,0.0,0.0,0.0,0.0,20.0,0.3,0.1,0.2,0.1,0.4,0.1,0.1,0.1,0.5,0.0,61853.0,0.10007598661342215,0.0,65535.0,0.08368047608148317,0.0,0.0,0.0,0.0,0.0,0.0,0.0,0.0,0.0,0.0
32674.66,0.4230065561428771,0.0,16352.0,37.0,0.25469999999953175,31.25,32.4375,36.89000000000004,0.0,0.0,0.0,0.0,0.0,20.0,0.3,0.1,0.2,0.1,0.4,0.1,0.1,0.1,0.5,0.0,61594.0,0.10022080072734357,0.0,65535.0,0.08364995803768978,0.0,0.0,0.0,0.0,0.0,0.0,0.0,0.0,0.0,0.0
32734.73,0.4210505505632474,0.0,16352.0,37.0,0.22559999999952982,31.3125,32.5,36.950000000000045,0.0,0.0,0.0,0.0,0.0,20.0,0.3,0.1,0.2,0.1,0.4,0.1,0.1,0.1,0.5,0.0,61654.0,0.10009082946767445,0.0,65535.0,0.08339055466544594,0.0,0.0,0.0,0.0,0.0,0.0,0.0,0.0,0.0,0.0
32794.77,0.41432926827174155,0.0,16352.0,37.0,0.23529999999953433,31.3125,32.5,36.79000000000002,0.0,0.0,0.0,0.0,0.0,20.0,0.3,0.1,0.2,0.1,0.4,0.1,0.1,0.1,0.5,0.0,61609.0,0.10026132545569641,0.0,65535.0,0.08307011520561532,0.0,0.0,0.0,0.0,0.0,0.0,0.0,0.0,0.0,0.0
32854.81,0.4186339350133618,0.0,16352.0,37.0,0.18789999999953225,31.3125,32.5,36.93000000000001,0.0,0.0,0.0,0.0,0.0,20.0,0.3,0.1,0.2,0.1,0.4,0.1,0.1,0.1,0.5,0.0,62123.0,0.09972152020990616,0.0,65535.0,0.0835431448844129,0.0,0.0,0.0,0.0,0.0,0.0,0.0,0.0,0.0,0.0
32914.86,0.43132770032105844,0.0,16352.0,37.0,0.2261999999995284,31.3125,32.5,36.710000000000036,0.0,0.0,0.0,0.0,0.0,20.0,0.3,0.1,0.2,0.1,0.4,0.1,0.1,0.1,0.5,0.0,62321.0,0.09958120055839925,0.0,65535.0,0.08360418097199969,0.0,0.0,0.0,0.0,0.0,0.0,0.0,0.0,0.0,0.0
32974.94,0.41278765468866996,0.0,16352.0,37.0,0.22999999999952236,31.25,32.5,37.03000000000003,0.0,0.0,0.0,0.0,0.0,20.0,0.3,0.1,0.2,0.1,0.4,0.1,0.1,0.1,0.5,0.0,61983.0,0.09988222577158253,0.0,65535.0,0.0840314335851072,0.0,0.0,0.0,0.0,0.0,0.0,0.0,0.0,0.0,0.0
33035.02,0.4492445488761464,0.0,16352.0,37.0,0.21199999999952027,31.3125,32.5,36.73000000000002,0.0,0.0,0.0,0.0,0.0,20.0,0.3,0.1,0.2,0.1,0.4,0.1,0.1,0.1,0.5,0.0,62888.0,0.0990013993130645,0.0,65535.0,0.08480964370183872,0.0,0.0,0.0,0.0,0.0,0.0,0.0,0.0,0.0,0.0
33095.06,0.431396369655147,0.0,16352.0,37.0,0.2663999999995259,31.25,32.5,36.89000000000004,0.0,0.0,0.0,0.0,0.0,20.0,0.3,0.1,0.2,0.1,0.4,0.1,0.1,0.1,0.5,0.0,62110.0,0.09987119626469168,0.0,65535.0,0.08369573510337987,0.0,0.0,0.0,0.0,0.0,0.0,0.0,0.0,0.0,0.0
33155.13,0.42238859914423665,0.0,16352.0,37.0,0.2322999999995285,31.3125,32.5,36.85000000000002,0.0,0.0,0.0,0.0,0.0,20.0,0.3,0.1,0.2,0.1,0.4,0.1,0.1,0.1,0.5,0.0,62719.0,0.09914061129801177,0.0,65535.0,0.08392462043183031,0.0,0.0,0.0,0.0,0.0,0.0,0.0,0.0,0.0,0.0
33215.22,0.40714030507672505,0.0,16352.0,37.0,0.2113999999995174,31.25,32.5,36.97000000000003,0.0,0.0,0.0,0.0,0.0,20.0,0.3,0.1,0.2,0.1,0.4,0.1,0.1,0.1,0.5,0.0,61433.0,0.10093923461331858,0.0,65535.0,0.08366521705958647,0.0,0.0,0.0,0.0,0.0,0.0,0.0,0.0,0.0,0.0
33275.27,0.4190547985891365,0.0,16352.0,37.0,0.1907999999995202,31.25,32.4375,36.97000000000003,0.0,0.0,0.0,0.0,0.0,20.0,0.3,0.1,0.2,0.1,0.4,0.1,0.1,0.1,0.5,0.0,61669.0,0.10042322722923998,0.0,65535.0,0.08346684977492942,0.0,0.0,0.0,0.0,0.0,0.0,0.0,0.0,0.0,0.0
33335.34,0.43720651472668937,0.0,16352.0,37.0,0.22579999999951592,31.25,32.5,36.85000000000002,0.0,0.0,0.0,0.0,0.0,20.0,0.3,0.1,0.2,0.1,0.4,0.1,0.1,0.1,0.5,0.0,62207.0,0.09982799363415693,0.0,65535.0,0.08393987945372701,0.0,0.0,0.0,0.0,0.0,0.0,0.0,0.0,0.0,0.0
33395.37,0.44737737190337057,0.0,16352.0,37.0,0.22819999999951457,31.3125,32.4375,36.81,0.0,0.0,0.0,0.0,0.0,20.0,0.3,0.1,0.2,0.1,0.4,0.1,0.1,0.1,0.5,0.0,62309.0,0.09987321253751465,0.0,65535.0,0.08436713206683452,0.0,0.0,0.0,0.0,0.0,0.0,0.0,0.0,0.0,0.0
33455.42,0.42470291647279723,0.0,16352.0,37.0,0.2693999999995197,31.25,32.5,36.97000000000003,0.0,0.0,0.0,0.0,0.0,20.0,0.3,0.1,0.2,0.1,0.4,0.1,0.1,0.1,0.5,0.0,62244.0,0.0999935736777842,0.0,65535.0,0.08386358434424353,0.0,0.0,0.0,0.0,0.0,0.0,0.0,0.0,0.0,0.0
33515.48,0.42422116398163895,0.0,16352.0,37.0,0.20349999999952112,31.25,32.4375,36.950000000000045,0.0,0.0,0.0,0.0,0.0,20.0,0.3,0.1,0.2,0.1,0.4,0.1,0.1,0.1,0.5,0.0,62125.0,0.10020120724346077,0.0,65535.0,0.08378728923476005,0.0,0.0,0.0,0.0,0.0,0.0,0.0,0.0,0.0,0.0
33575.57,0.4104339651453282,0.0,16352.0,37.0,0.24909999999952226,31.3125,32.4375,36.97000000000003,0.0,0.0,0.0,0.0,0.0,20.0,0.3,0.1,0.2,0.1,0.4,0.1,0.1,0.1,0.5,0.0,62239.0,0.10013014347916901,0.0,65535.0,0.08422980086976425,0.0,0.0,0.0,0.0,0.0,0.0,0.0,0.0,0.0,0.0
33635.63,0.4134945664204685,0.0,16352.0,37.0,0.22789999999951055,31.25,32.5,37.01000000000005,0.0,0.0,0.0,0.0,0.0,20.0,0.3,0.1,0.2,0.1,0.4,0.1,0.1,0.1,0.5,0.0,62080.0,0.10019329896907217,0.0,65535.0,0.08366521705958647,0.0,0.0,0.0,0.0,0.0,0.0,0.0,0.0,0.0,0.0
33695.67,0.4067266765841609,0.0,16352.0,37.0,0.24789999999951992,31.3125,32.4375,36.79000000000002,0.0,0.0,0.0,0.0,0.0,20.0,0.3,0.1,0.2,0.1,0.4,0.1,0.1,0.1,0.5,0.0,61661.0,0.10077682814096431,0.0,65535.0,0.08386358434424353,0.0,0.0,0.0,0.0,0.0,0.0,0.0,0.0,0.0,0.0
33755.72,0.4187051333560192,0.0,16352.0,37.0,0.18049999999950675,31.25,32.5,36.950000000000045,0.0,0.0,0.0,0.0,0.0,20.0,0.3,0.1,0.2,0.1,0.4,0.1,0.1,0.1,0.5,0.0,61830.0,0.10064693514475175,0.0,65535.0,0.08374151216906996,0.0,0.0,0.0,0.0,0.0,0.0,0.0,0.0,0.0,0.0
33815.76,0.40283986280643025,0.0,16352.0,37.0,0.20609999999951187,31.1875,32.4375,36.89000000000004,0.0,0.0,0.0,0.0,0.0,20.0,0.3,0.1,0.2,0.1,0.4,0.1,0.1,0.1,0.5,0.0,61289.0,0.1013721875050988,0.0,65535.0,0.08415350576028077,0.0,0.0,0.0,0.0,0.0,0.0,0.0,0.0,0.0,0.0
33875.79,0.4113129656492087,0.0,16352.0,37.0,0.20899999999950583,31.25,32.5,36.950000000000045,0.0,0.0,0.0,0.0,0.0,20.0,0.3,0.1,0.2,0.1,0.4,0.1,0.1,0.1,0.5,0.0,61784.0,0.10078661142043248,0.0,65535.0,0.08418402380407417,0.0,0.0,0.0,0.0,0.0,0.0,0.0,0.0,0.0,0.0
33935.84,0.4214042489278303,0.0,16352.0,37.0,0.25049999999951156,31.25,32.5,36.870000000000005,0.0,0.0,0.0,0.0,0.0,20.0,0.3,0.1,0.2,0.1,0.4,0.1,0.1,0.1,0.5,0.0,61816.0,0.10086385401837712,0.0,65535.0,0.08407721065079729,0.0,0.0,0.0,0.0,0.0,0.0,0.0,0.0,0.0,0.0
33995.92,0.40269041116057924,0.0,16352.0,37.0,0.23229999999951476,31.25,32.5,36.81,0.0,0.0,0.0,0.0,0.0,20.0,0.3,0.1,0.2,0.1,0.4,0.1,0.1,0.1,0.5,0.0,63101.0,0.09919018716026687,0.0,65535.0,0.08458075837338827,0.0,0.0,0.0,0.0,0.0,0.0,0.0,0.0,0.0,0.0
34055.99,0.42113323641724587,0.0,16352.0,37.0,0.2658999999995152,31.25,32.5,36.81,0.0,0.0,0.0,0.0,0.0,20.0,0.3,0.1,0.2,0.1,0.4,0.1,0.1,0.1,0.5,0.0,61986.0,0.10049043332365373,0.0,65535.0,0.0840619516289006,0.0,0.0,0.0,0.0,0.0,0.0,0.0,0.0,0.0,0.0
34116.06,0.42069719500716674,0.0,16352.0,37.0,0.23499999999951313,31.3125,32.4375,36.81,0.0,0.0,0.0,0.0,0.0,20.0,0.3,0.1,0.2,0.1,0.4,0.1,0.1,0.1,0.5,0.0,62724.0,0.09988202283017665,0.0,65535.0,0.08458075837338827,0.0,0.0,0.0,0.0,0.0,0.0,0.0,0.0,0.0,0.0
34176.12,0.4236761917802023,0.0,16352.0,37.0,0.21409999999950202,31.25,32.5,37.09000000000003,0.0,0.0,0.0,0.0,0.0,20.0,0.3,0.1,0.2,0.1,0.4,0.1,0.1,0.1,0.5,0.0,61593.0,0.10119656454467228,0.0,65535.0,0.08433661402304113,0.0,0.0,0.0,0.0,0.0,0.0,0.0,0.0,0.0,0.0
34236.17,0.4055863908513211,0.0,16352.0,37.0,0.2296999999995012,31.3125,32.5,36.870000000000005,0.0,0.0,0.0,0.0,0.0,20.0,0.3,0.1,0.2,0.1,0.4,0.1,0.1,0.1,0.5,0.0,61968.0,0.10068099664342886,0.0,65535.0,0.08439765011062791,0.0,0.0,0.0,0.0,0.0,0.0,0.0,0.0,0.0,0.0
34296.23,0.39792883511175714,0.0,16352.0,37.0,0.23289999999950992,31.25,32.5,36.870000000000005,0.0,0.0,0.0,0.0,0.0,20.0,0.3,0.1,0.2,0.1,0.4,0.1,0.1,0.1,0.5,0.0,62149.0,0.10056477175819402,0.0,65535.0,0.08424505989166095,0.0,0.0,0.0,0.0,0.0,0.0,0.0,0.0,0.0,0.0
34356.28,0.40626996181294484,0.0,16352.0,37.0,0.2107999999994982,31.25,32.4375,36.85000000000002,0.0,0.0,0.0,0.0,0.0,20.0,0.3,0.1,0.2,0.1,0.4,0.1,0.1,0.1,0.5,0.0,61855.0,0.10110742866381052,0.0,65535.0,0.08432135500114443,0.0,0.0,0.0,0.0,0.0,0.0,0.0,0.0,0.0,0.0
34416.34,0.41441974277004323,0.0,16352.0,37.0,0.2301999999995081,31.25,32.5,36.950000000000045,0.0,0.0,0.0,0.0,0.0,20.0,0.3,0.1,0.2,0.1,0.4,0.1,0.1,0.1,0.5,0.0,62203.0,0.10091153159815443,0.0,65535.0,0.08476386663614863,0.0,0.0,0.0,0.0,0.0,0.0,0.0,0.0,0.0,0.0
34476.44,0.39598404895792905,0.0,16352.0,37.0,0.25989999999950864,31.1875,32.5,36.610000000000014,0.0,0.0,0.0,0.0,0.0,20.0,0.3,0.1,0.2,0.1,0.4,0.1,0.1,0.1,0.5,0.0,62225.0,0.10069907593411008,0.0,65535.0,0.08505378805218586,0.0,0.0,0.0,0.0,0.0,0.0,0.0,0.0,0.0,0.0
34536.54,0.400179838272433,0.0,16352.0,37.0,0.2525999999995028,31.25,32.5,36.77000000000004,0.0,0.0,0.0,0.0,0.0,20.0,0.3,0.1,0.2,0.1,0.4,0.1,0.1,0.1,0.5,0.0,62563.0,0.1004107859277848,0.0,65535.0,0.08450446326390479,0.0,0.0,0.0,0.0,0.0,0.0,0.0,0.0,0.0,0.0
34596.63,0.4119562398529421,0.0,16352.0,37.0,0.19169999999949963,31.25,32.5,36.77000000000004,0.0,0.0,0.0,0.0,0.0,20.0,0.3,0.1,0.2,0.1,0.4,0.1,0.1,0.1,0.5,0.0,62202.0,0.10089707726439665,0.0,65535.0,0.08497749294270238,0.0,0.0,0.0,0.0,0.0,0.0,0.0,0.0,0.0,0.0
34656.72,0.420562119321447,0.0,16352.0,37.0,0.2401999999994956,31.25,32.5,36.85000000000002,0.0,0.0,0.0,0.0,0.0,20.0,0.3,0.1,0.2,0.1,0.4,0.1,0.1,0.1,0.5,0.0,62209.0,0.10104647237537977,0.0,65535.0,0.0844586861982147,0.0,0.0,0.0,0.0,0.0,0.0,0.0,0.0,0.0,0.0
34716.82,0.4026099356678738,0.0,16352.0,37.0,0.2958999999994918,31.25,32.4375,36.81,0.0,0.0,0.0,0.0,0.0,20.0,0.3,0.1,0.2,0.1,0.4,0.1,0.1,0.1,0.5,0.0,62068.0,0.10122768576400078,0.0,65535.0,0.08476386663614863,0.0,0.0,0.0,0.0,0.0,0.0,0.0,0.0,0.0,0.0
34776.94,0.4070274902973842,0.0,16352.0,37.0,0.2485999999994939,31.25,32.4375,36.81,0.0,0.0,0.0,0.0,0.0,20.0,0.3,0.1,0.2,0.1,0.4,0.1,0.1,0.1,0.5,0.0,61551.0,0.10160679761498595,0.0,65535.0,0.08476386663614863,0.0,0.0,0.0,0.0,0.0,0.0,0.0,0.0,0.0,0.0
34837.02,0.4292186162215409,0.0,16352.0,37.0,0.17409999999949968,31.3125,32.5,36.950000000000045,0.0,0.0,0.0,0.0,0.0,20.0,0.3,0.1,0.2,0.1,0.4,0.1,0.1,0.1,0.5,0.0,63093.0,0.09970995197565499,0.0,65535.0,0.08439765011062791,0.0,0.0,0.0,0.0,0.0,0.0,0.0,0.0,0.0,0.0
34897.09,0.4342454870989863,0.0,16352.0,37.0,0.205799999999495,31.25,32.5,36.97000000000003,0.0,0.0,0.0,0.0,0.0,20.0,0.3,0.1,0.2,0.1,0.4,0.1,0.1,0.1,0.5,0.0,61855.0,0.10136609813272977,0.0,65535.0,0.0849011978332189,0.0,0.0,0.0,0.0,0.0,0.0,0.0,0.0,0.0,0.0
34957.19,0.41857342284280646,0.0,16352.0,37.0,0.22989999999949978,31.3125,32.4375,36.950000000000045,0.0,0.0,0.0,0.0,0.0,20.0,0.3,0.1,0.2,0.1,0.4,0.1,0.1,0.1,0.5,0.0,62170.0,0.10136721891587583,0.0,65535.0,0.08517586022735943,0.0,0.0,0.0,0.0,0.0,0.0,0.0,0.0,0.0,0.0
35017.28,0.4148640720960396,0.0,16352.0,37.0,0.2531999999994954,31.25,32.4375,36.85000000000002,0.0,0.0,0.0,0.0,0.0,20.0,0.3,0.1,0.2,0.1,0.4,0.1,0.1,0.1,0.5,0.0,61863.0,0.10156313143559155,0.0,65535.0,0.08491645685511559,0.0,0.0,0.0,0.0,0.0,0.0,0.0,0.0,0.0,0.0
35077.37,0.43404291549433976,0.0,16352.0,37.0,0.2564999999994949,31.3125,32.5,36.93000000000001,0.0,0.0,0.0,0.0,0.0,20.0,0.3,0.1,0.2,0.1,0.4,0.1,0.1,0.1,0.5,0.0,62500.0,0.100768,0.0,65535.0,0.08557259479667353,0.0,0.0,0.0,0.0,0.0,0.0,0.0,0.0,0.0,0.0
35137.47,0.44438204339769855,0.0,16352.0,37.0,0.2520999999994989,31.3125,32.4375,36.85000000000002,0.0,0.0,0.0,0.0,0.0,20.0,0.3,0.1,0.2,0.1,0.4,0.1,0.1,0.1,0.5,0.0,62371.0,0.10094434913661798,0.0,65535.0,0.08462653543907836,0.0,0.0,0.0,0.0,0.0,0.0,0.0,0.0,0.0,0.0
35197.57,0.4473404496670286,0.0,16352.0,37.0,0.1731999999994953,31.25,32.4375,36.870000000000005,0.0,0.0,0.0,0.0,0.0,20.0,0.3,0.1,0.2,0.1,0.4,0.1,0.1,0.1,0.5,0.0,62167.0,0.10137211060530507,0.0,65535.0,0.08561837186236362,0.0,0.0,0.0,0.0,0.0,0.0,0.0,0.0,0.0,0.0
35257.67,0.42886435214012436,0.0,16352.0,37.0,0.26559999999949824,31.3125,32.4375,37.01000000000005,0.0,0.0,0.0,0.0,0.0,20.0,0.3,0.1,0.2,0.1,0.4,0.1,0.1,0.1,0.5,0.0,62152.0,0.10133221778864719,0.0,65535.0,0.08494697489890898,0.0,0.0,0.0,0.0,0.0,0.0,0.0,0.0,0.0,0.0
35317.74,0.45197210183672,0.0,16352.0,37.0,0.21589999999948575,31.375,32.4375,36.85000000000002,0.0,0.0,0.0,0.0,0.0,20.0,0.3,0.1,0.2,0.1,0.4,0.1,0.1,0.1,0.5,0.0,62701.0,0.10097127637517743,0.0,65535.0,0.08519111924925613,0.0,0.0,0.0,0.0,0.0,0.0,0.0,0.0,0.0,0.0
35377.81,0.4260979023106142,0.0,16352.0,37.0,0.20909999999948936,31.3125,32.5,36.81,0.0,0.0,0.0,0.0,0.0,20.0,0.3,0.1,0.2,0.1,0.4,0.1,0.1,0.1,0.5,0.0,62120.0,0.10132002575660012,0.0,65535.0,0.0853131914244297,0.0,0.0,0.0,0.0,0.0,0.0,0.0,0.0,0.0,0.0
35437.9,0.43459444680153,0.0,16352.0,37.0,0.18139999999948273,31.25,32.5,36.950000000000045,0.0,0.0,0.0,0.0,0.0,20.0,0.3,0.1,0.2,0.1,0.4,0.1,0.1,0.1,0.5,0.0,61959.0,0.10197065801578463,0.0,65535.0,0.08499275196459907,0.0,0.0,0.0,0.0,0.0,0.0,0.0,0.0,0.0,0.0
35497.94,0.41301803224794337,0.0,16352.0,37.0,0.2675999999994896,31.25,32.4375,36.63000000000005,0.0,0.0,0.0,0.0,0.0,20.0,0.3,0.1,0.2,0.1,0.4,0.1,0.1,0.1,0.5,0.0,62572.0,0.10098766221313048,0.0,65535.0,0.08494697489890898,0.0,0.0,0.0,0.0,0.0,0.0,0.0,0.0,0.0,0.0
35558.04,0.45008321763095716,0.0,16352.0,37.0,0.22139999999948726,31.25,32.5625,37.01000000000005,0.0,0.0,0.0,0.0,0.0,20.0,0.3,0.1,0.2,0.1,0.4,0.1,0.1,0.1,0.5,0.0,61987.0,0.10173100811460467,0.0,65535.0,0.08477912565804532,0.0,0.0,0.0,0.0,0.0,0.0,0.0,0.0,0.0,0.0
35618.11,0.4105770273478591,0.0,16352.0,37.0,0.21169999999948103,31.3125,32.4375,36.85000000000002,0.0,0.0,0.0,0.0,0.0,20.0,0.3,0.1,0.2,0.1,0.4,0.1,0.1,0.1,0.5,0.0,62362.0,0.10150412109938745,0.0,65535.0,0.08578622110322728,0.0,0.0,0.0,0.0,0.0,0.0,0.0,0.0,0.0,0.0
35678.17,0.40486607379005757,0.0,16352.0,37.0,0.23349999999949045,31.25,32.5,36.63000000000005,0.0,0.0,0.0,0.0,0.0,20.0,0.3,0.1,0.2,0.1,0.4,0.1,0.1,0.1,0.5,0.0,62523.0,0.10111478975736929,0.0,65535.0,0.08542000457770657,0.0,0.0,0.0,0.0,0.0,0.0,0.0,0.0,0.0,0.0
35738.26,0.4157115676708293,0.0,16352.0,37.0,0.23439999999948963,31.3125,32.5,36.81,0.0,0.0,0.0,0.0,0.0,20.0,0.3,0.1,0.2,0.1,0.4,0.1,0.1,0.1,0.5,0.0,62260.0,0.10152585929971089,0.0,65535.0,0.08513008316166934,0.0,0.0,0.0,0.0,0.0,0.0,0.0,0.0,0.0,0.0
35798.35,0.4183276924268752,0.0,16352.0,37.0,0.27949999999948044,31.3125,32.5,36.97000000000003,0.0,0.0,0.0,0.0,0.0,20.0,0.3,0.1,0.2,0.1,0.4,0.1,0.1,0.1,0.5,0.0,62227.0,0.10125829623796744,0.0,65535.0,0.0857251850156405,0.0,0.0,0.0,0.0,0.0,0.0,0.0,0.0,0.0,0.0
35858.43,0.4207024072897332,0.0,16352.0,37.0,0.19449999999948583,31.3125,32.5,36.93000000000001,0.0,0.0,0.0,0.0,0.0,20.0,0.3,0.1,0.2,0.1,0.4,0.1,0.1,0.1,0.5,0.0,62025.0,0.10165255945183393,0.0,65535.0,0.08493171587701229,0.0,0.0,0.0,0.0,0.0,0.0,0.0,0.0,0.0,0.0
35918.51,0.40419366153676145,0.0,16352.0,37.0,0.20379999999948561,31.375,32.5,37.01000000000005,0.0,0.0,0.0,0.0,0.0,20.0,0.3,0.1,0.2,0.1,0.4,0.1,0.1,0.1,0.5,0.0,62100.0,0.1017230273752013,0.0,65535.0,0.08526741435873961,0.0,0.0,0.0,0.0,0.0,0.0,0.0,0.0,0.0,0.0
35978.58,0.41157384142237274,0.0,16352.0,37.0,0.2093999999994805,31.25,32.4375,36.85000000000002,0.0,0.0,0.0,0.0,0.0,20.0,0.3,0.1,0.2,0.1,0.4,0.1,0.1,0.1,0.5,0.0,62158.0,0.10166028507995753,0.0,65535.0,0.08534370946822309,0.0,0.0,0.0,0.0,0.0,0.0,0.0,0.0,0.0,0.0
36038.66,0.41852363799391357,0.0,16352.0,37.0,0.22319999999948045,31.25,32.4375,37.05000000000001,0.0,0.0,0.0,0.0,0.0,20.0,0.3,0.1,0.2,0.1,0.4,0.1,0.1,0.1,0.5,0.0,62841.0,0.10117598383221145,0.0,65535.0,0.08610666056305791,0.0,0.0,0.0,0.0,0.0,0.0,0.0,0.0,0.0,0.0
36098.7,0.4121441453094964,0.0,16352.0,37.0,0.29119999999947715,31.3125,32.4375,36.85000000000002,0.0,0.005,0.25,0.0,0.0,20.0,0.3,0.1,0.2,0.1,0.4,0.1,0.1,0.1,0.5,0.0,62506.0,0.10136626883819154,0.0,65535.0,0.08555733577477684,0.0,0.0,0.0,0.0,0.0,0.0,0.0,0.0,0.0,0.0
36158.75,0.4198874442781177,0.0,16352.0,37.0,0.30309999999947146,31.25,32.5,36.77000000000004,0.0,0.0,0.0,0.0,0.0,20.0,0.3,0.1,0.2,0.1,0.4,0.1,0.1,0.1,0.5,0.0,60682.0,0.10192478824033487,0.0,65535.0,0.08369573510337987,0.0,0.0,0.0,0.0,0.0,0.0,0.0,0.0,0.0,0.0
36218.79,0.4096599482334101,0.0,16352.0,37.0,0.2607999999994832,31.3125,32.4375,36.81,0.0,0.0,0.0,0.0,0.0,20.0,0.3,0.1,0.2,0.1,0.4,0.1,0.1,0.1,0.5,0.0,61057.0,0.10129878637994005,0.0,65535.0,0.08375677119096665,0.0,0.0,0.0,0.0,0.0,0.0,0.0,0.0,0.0,0.0
36278.84,0.4218967118031706,0.0,16352.0,37.0,0.24019999999947178,31.25,32.4375,36.93000000000001,0.0,0.0,0.0,0.0,0.0,20.0,0.3,0.1,0.2,0.1,0.4,0.1,0.1,0.1,0.5,0.0,61388.0,0.10073630025412132,0.0,65535.0,0.08393987945372701,0.0,0.0,0.0,0.0,0.0,0.0,0.0,0.0,0.0,0.0
36338.88,0.4325374945328082,0.0,16352.0,37.0,0.26609999999947664,31.3125,32.5,37.01000000000005,0.0,0.0,0.0,0.0,0.0,20.0,0.3,0.1,0.2,0.1,0.4,0.1,0.1,0.1,0.5,0.0,60899.0,0.10131529253353914,0.0,65535.0,0.08364995803768978,0.0,0.0,0.0,0.0,0.0,0.0,0.0,0.0,0.0,0.0
36398.96,0.43861058073898795,0.0,16352.0,37.0,0.27029999999947624,31.375,32.4375,36.93000000000001,0.0,0.0,0.0,0.0,0.0,20.0,0.3,0.1,0.2,0.1,0.4,0.1,0.1,0.1,0.5,0.0,61122.0,0.10137102843493341,0.0,65535.0,0.0831311512932021,0.0,0.0,0.0,0.0,0.0,0.0,0.0,0.0,0.0,0.0
36459.04,0.40711074220374566,0.0,16352.0,37.0,0.22849999999946907,31.3125,32.5,37.03000000000003,0.0,0.0,0.0,0.0,0.0,20.0,0.3,0.1,0.2,0.1,0.4,0.1,0.1,0.1,0.5,0.0,61088.0,0.10129649030906233,0.0,65535.0,0.08361943999389639,0.0,0.0,0.0,0.0,0.0,0.0,0.0,0.0,0.0,0.0
36519.13,0.4400671044340753,0.0,16352.0,37.0,0.26819999999947475,31.3125,32.4375,37.05000000000001,0.0,0.0,0.0,0.0,0.0,20.0,0.3,0.1,0.2,0.1,0.4,0.1,0.1,0.1,0.5,0.0,61154.0,0.1012689276253393,0.0,65535.0,0.08377203021286335,0.0,0.0,0.0,0.0,0.0,0.0,0.0,0.0,0.0,0.0
36579.18,0.40182161339150413,0.0,16352.0,37.0,0.19309999999946603,31.3125,32.5,37.05000000000001,0.0,0.0,0.0,0.0,0.0,20.0,0.3,0.1,0.2,0.1,0.4,0.1,0.1,0.1,0.5,0.0,61333.0,0.10118533252898114,0.0,65535.0,0.0840161745632105,0.0,0.0,0.0,0.0,0.0,0.0,0.0,0.0,0.0,0.0
36639.25,0.4089979638845889,0.0,16352.0,37.0,0.20859999999947523,31.3125,32.5,37.110000000000014,0.0,0.0,0.0,0.0,0.0,20.0,0.3,0.1,0.2,0.1,0.4,0.1,0.1,0.1,0.5,0.0,61568.0,0.10084784303534304,0.0,65535.0,0.0840161745632105,0.0,0.0,0.0,0.0,0.0,0.0,0.0,0.0,0.0,0.0
36699.31,0.4264979897557779,0.0,16352.0,37.0,0.2158999999994652,31.3125,32.5,36.710000000000036,0.0,0.0,0.0,0.0,0.0,20.0,0.3,0.1,0.2,0.1,0.4,0.1,0.1,0.1,0.5,0.0,61131.0,0.10129067085439467,0.0,65535.0,0.08392462043183031,0.0,0.0,0.0,0.0,0.0,0.0,0.0,0.0,0.0,0.0
36759.38,0.39575050828199754,0.0,16352.0,37.0,0.2090999999994688,31.375,32.4375,36.93000000000001,0.0,0.0,0.0,0.0,0.0,20.0,0.3,0.1,0.2,0.1,0.4,0.1,0.1,0.1,0.5,0.0,61420.0,0.10131878866818626,0.0,65535.0,0.08430609597924774,0.0,0.0,0.0,0.0,0.0,0.0,0.0,0.0,0.0,0.0
36819.46,0.4373174271543191,0.0,16352.0,37.0,0.23619999999947425,31.3125,32.5,36.85000000000002,0.0,0.0,0.0,0.0,0.0,20.0,0.3,0.1,0.2,0.1,0.4,0.1,0.1,0.1,0.5,0.0,61351.0,0.10135124121856204,0.0,65535.0,0.08398565651941711,0.0,0.0,0.0,0.0,0.0,0.0,0.0,0.0,0.0,0.0
36879.52,0.4177101484861723,0.0,16352.0,37.0,0.23649999999947396,31.3125,32.4375,36.950000000000045,0.0,0.0,0.0,0.0,0.0,20.0,0.3,0.1,0.2,0.1,0.4,0.1,0.1,0.1,0.5,0.0,60862.0,0.10205054056718478,0.0,65535.0,0.0839551384756237,0.0,0.0,0.0,0.0,0.0,0.0,0.0,0.0,0.0,0.0
36939.59,0.3951792264074684,0.0,16352.0,37.0,0.23149999999946344,31.3125,32.5,36.89000000000004,0.0,0.0,0.0,0.0,0.0,20.0,0.3,0.1,0.2,0.1,0.4,0.1,0.1,0.1,0.5,0.0,61171.0,0.10143695542005199,0.0,65535.0,0.08429083695735104,0.0,0.0,0.0,0.0,0.0,0.0,0.0,0.0,0.0,0.0
36999.65,0.39536681491619075,0.0,16352.0,37.0,0.27389999999946923,31.25,32.4375,37.03000000000003,0.0,0.0,0.0,0.0,0.0,20.0,0.3,0.1,0.2,0.1,0.4,0.1,0.1,0.1,0.5,0.0,60826.0,0.10219314109098084,0.0,65535.0,0.08407721065079729,0.0,0.0,0.0,0.0,0.0,0.0,0.0,0.0,0.0,0.0
37059.69,0.43022138025516,0.0,16352.0,37.0,0.23739999999947226,31.3125,32.4375,36.950000000000045,0.0,0.0,0.0,0.0,0.0,20.0,0.3,0.1,0.2,0.1,0.4,0.1,0.1,0.1,0.5,0.0,61098.0,0.10193459687714819,0.0,65535.0,0.0844739452201114,0.0,0.0,0.0,0.0,0.0,0.0,0.0,0.0,0.0,0.0
37119.74,0.43197326808880854,0.0,16352.0,37.0,0.24829999999946234,31.3125,32.4375,36.79000000000002,0.0,0.0,0.0,0.0,0.0,20.0,0.3,0.1,0.2,0.1,0.4,0.1,0.1,0.1,0.5,0.0,60742.0,0.10233446379770175,0.0,65535.0,0.08384832532234683,0.0,0.0,0.0,0.0,0.0,0.0,0.0,0.0,0.0,0.0
37179.77,0.3970403416509946,0.0,16352.0,37.0,0.19739999999946428,31.3125,32.4375,37.01000000000005,0.0,0.0,0.0,0.0,0.0,20.0,0.3,0.1,0.2,0.1,0.4,0.1,0.1,0.1,0.5,0.0,62035.0,0.10071733698718466,0.0,65535.0,0.08464179446097506,0.0,0.0,0.0,0.0,0.0,0.0,0.0,0.0,0.0,0.0
37239.84,0.4270541460483236,0.0,16352.0,37.0,0.20999999999946362,31.3125,32.5,36.73000000000002,0.0,0.0,0.0,0.0,0.0,20.0,0.3,0.1,0.2,0.1,0.4,0.1,0.1,0.1,0.5,0.0,60840.0,0.1022518080210388,0.0,65535.0,0.08389410238803692,0.0,0.0,0.0,0.0,0.0,0.0,0.0,0.0,0.0,0.0
37299.9,0.4134170400414369,0.0,16352.0,37.0,0.24379999999945873,31.25,32.5,36.97000000000003,0.0,0.0,0.0,0.0,0.0,20.0,0.3,0.1,0.2,0.1,0.4,0.1,0.1,0.1,0.5,0.0,61697.0,0.10125289722352789,0.0,65535.0,0.084443427176318,0.0,0.0,0.0,0.0,0.0,0.0,0.0,0.0,0.0,0.0
37359.98,0.42036405674873634,0.0,16352.0,37.0,0.22669999999945664,31.3125,32.5,36.77000000000004,0.0,0.0,0.0,0.0,0.0,20.0,0.3,0.1,0.2,0.1,0.4,0.1,0.1,0.1,0.5,0.0,61144.0,0.10189061886693707,0.0,65535.0,0.08470283054856184,0.0,0.0,0.0,0.0,0.0,0.0,0.0,0.0,0.0,0.0
37420.06,0.39301000441116046,0.0,16352.0,37.0,0.20669999999945976,31.25,32.4375,36.85000000000002,0.0,0.0,0.0,0.0,0.0,20.0,0.3,0.1,0.2,0.1,0.4,0.1,0.1,0.1,0.5,0.0,61366.0,0.10183163315190823,0.0,65535.0,0.08458075837338827,0.0,0.0,0.0,0.0,0.0,0.0,0.0,0.0,0.0,0.0
37480.12,0.42785035383418635,0.0,16352.0,37.0,0.2720999999994614,31.3125,32.4375,36.710000000000036,0.0,0.0,0.0,0.0,0.0,20.0,0.3,0.1,0.2,0.1,0.4,0.1,0.1,0.1,0.5,0.0,61349.0,0.10200655267404522,0.0,65535.0,0.0844586861982147,0.0,0.0,0.0,0.0,0.0,0.0,0.0,0.0,0.0,0.0
37540.19,0.39378148143520375,0.0,16352.0,37.0,0.2747999999994606,31.25,32.4375,37.09000000000003,0.0,0.0,0.0,0.0,0.0,20.0,0.3,0.1,0.2,0.1,0.4,0.1,0.1,0.1,0.5,0.0,61791.0,0.1012283342234306,0.0,65535.0,0.08422980086976425,0.0,0.0,0.0,0.0,0.0,0.0,0.0,0.0,0.0,0.0
37600.23,0.4016159839693867,0.0,16352.0,37.0,0.2061999999994619,31.3125,32.4375,37.03000000000003,0.0,0.0,0.0,0.0,0.0,20.0,0.3,0.1,0.2,0.1,0.4,0.1,0.1,0.1,0.5,0.0,61207.0,0.10181841946182627,0.0,65535.0,0.08474860761425193,0.0,0.0,0.0,0.0,0.0,0.0,0.0,0.0,0.0,0.0
37660.3,0.4153769352677763,0.0,16352.0,37.0,0.2464999999994528,31.25,32.4375,36.93000000000001,0.0,0.0,0.0,0.0,0.0,20.0,0.3,0.1,0.2,0.1,0.4,0.1,0.1,0.1,0.5,0.0,61130.0,0.10197938818910518,0.0,65535.0,0.08387884336614022,0.0,0.0,0.0,0.0,0.0,0.0,0.0,0.0,0.0,0.0
37720.34,0.41726638388556997,0.0,16352.0,37.0,0.2296999999994513,31.3125,32.4375,36.950000000000045,0.0,0.0,0.0,0.0,0.0,20.0,0.3,0.1,0.2,0.1,0.4,0.1,0.1,0.1,0.5,0.0,61127.0,0.10232794019009603,0.0,65535.0,0.08421454184786756,0.0,0.0,0.0,0.0,0.0,0.0,0.0,0.0,0.0,0.0
37780.38,0.43265844601494335,0.0,16352.0,37.0,0.24439999999945042,31.3125,32.4375,36.81,0.0,0.0,0.0,0.0,0.0,20.0,0.3,0.1,0.2,0.1,0.4,0.1,0.1,0.1,0.5,0.0,61618.0,0.10143139991560908,0.0,65535.0,0.08419928282597086,0.0,0.0,0.0,0.0,0.0,0.0,0.0,0.0,0.0,0.0
37840.42,0.41785786423078936,0.0,16352.0,37.0,0.254999999999455,31.25,32.4375,36.73000000000002,0.0,0.0,0.0,0.0,0.0,20.0,0.3,0.1,0.2,0.1,0.4,0.1,0.1,0.1,0.5,0.0,61511.0,0.10207930288891418,0.0,65535.0,0.08432135500114443,0.0,0.0,0.0,0.0,0.0,0.0,0.0,0.0,0.0,0.0
37900.45,0.4516114739084967,0.0,16352.0,37.0,0.21649999999944738,31.25,32.4375,36.93000000000001,0.0,0.0,0.0,0.0,0.0,20.0,0.3,0.1,0.2,0.1,0.4,0.1,0.1,0.1,0.5,0.0,60784.0,0.10267504606475389,0.0,65535.0,0.08430609597924774,0.0,0.0,0.0,0.0,0.0,0.0,0.0,0.0,0.0,0.0
37960.5,0.4247716063349154,0.0,16352.0,37.0,0.22789999999944696,31.3125,32.4375,36.97000000000003,0.0,0.0,0.0,0.0,0.0,20.0,0.3,0.1,0.2,0.1,0.4,0.1,0.1,0.1,0.5,0.0,61000.0,0.10265573770491804,0.0,65535.0,0.08455024032959488,0.0,0.0,0.0,0.0,0.0,0.0,0.0,0.0,0.0,0.0
38020.54,0.4095721195584697,0.0,16352.0,37.0,0.22849999999944556,31.3125,32.4375,36.89000000000004,0.0,0.0,0.0,0.0,0.0,20.0,0.3,0.1,0.2,0.1,0.4,0.1,0.1,0.1,0.5,0.0,61547.0,0.10149966692121468,0.0,65535.0,0.08503852903028916,0.0,0.0,0.0,0.0,0.0,0.0,0.0,0.0,0.0,0.0
38080.57,0.41757799547326074,0.0,16352.0,37.0,0.25089999999945534,31.25,32.375,36.79000000000002,0.0,0.0,0.0,0.0,0.0,20.0,0.3,0.1,0.2,0.1,0.4,0.1,0.1,0.1,0.5,0.0,61912.0,0.10153120558211655,0.0,65535.0,0.08441290913252461,0.0,0.0,0.0,0.0,0.0,0.0,0.0,0.0,0.0,0.0
38140.6,0.39303721166086214,0.0,16352.0,37.0,0.2302999999994439,31.25,32.4375,36.81,0.0,0.0,0.0,0.0,0.0,20.0,0.3,0.1,0.2,0.1,0.4,0.1,0.1,0.1,0.5,0.0,60860.0,0.1025303976339139,0.0,65535.0,0.0840619516289006,0.0,0.0,0.0,0.0,0.0,0.0,0.0,0.0,0.0,0.0
38200.68,0.40245083615299093,0.0,16352.0,37.0,0.2514999999994539,31.3125,32.5,36.870000000000005,0.0,0.0,0.0,0.0,0.0,20.0,0.3,0.1,0.2,0.1,0.4,0.1,0.1,0.1,0.5,0.0,62022.0,0.10112540711360485,0.0,65535.0,0.08470283054856184,0.0,0.0,0.0,0.0,0.0,0.0,0.0,0.0,0.0,0.0
38260.75,0.4277173145573718,0.0,16352.0,37.0,0.22679999999944708,31.25,32.5,36.89000000000004,0.0,0.0,0.0,0.0,0.0,20.0,0.3,0.1,0.2,0.1,0.4,0.1,0.1,0.1,0.5,0.0,60948.0,0.1025956553127256,0.0,65535.0,0.08442816815442131,0.0,0.0,0.0,0.0,0.0,0.0,0.0,0.0,0.0,0.0
38320.79,0.4017172387383681,0.0,16352.0,37.0,0.27419999999944833,31.25,32.4375,36.89000000000004,0.0,0.0,0.0,0.0,0.0,20.0,0.3,0.1,0.2,0.1,0.4,0.1,0.1,0.1,0.5,0.0,61022.0,0.1023729146865065,0.0,65535.0,0.08432135500114443,0.0,0.0,0.0,0.0,0.0,0.0,0.0,0.0,0.0,0.0
38380.85,0.3932414928784632,0.0,16352.0,37.0,0.25829999999944686,31.3125,32.4375,36.89000000000004,0.0,0.0,0.0,0.0,0.0,20.0,0.3,0.1,0.2,0.1,0.4,0.1,0.1,0.1,0.5,0.0,61028.0,0.10254309497279937,0.0,65535.0,0.08534370946822309,0.0,0.0,0.0,0.0,0.0,0.0,0.0,0.0,0.0,0.0
38440.94,0.4349107867958745,0.0,16352.0,37.0,0.2503999999994407,31.3125,32.4375,36.81,0.0,0.0,0.0,0.0,0.0,20.0,0.3,0.1,0.2,0.1,0.4,0.1,0.1,0.1,0.5,0.0,61843.0,0.10164448684572223,0.0,65535.0,0.08468757152666515,0.0,0.0,0.0,0.0,0.0,0.0,0.0,0.0,0.0,0.0
38500.99,0.41051102560335595,0.0,16352.0,37.0,0.25479999999945,31.3125,32.4375,37.170000000000016,0.0,0.0,0.0,0.0,0.0,20.0,0.3,0.1,0.2,0.1,0.4,0.1,0.1,0.1,0.5,0.0,61136.0,0.1027218005757655,0.0,65535.0,0.08473334859235523,0.0,0.0,0.0,0.0,0.0,0.0,0.0,0.0,0.0,0.0
38561.06,0.4031862221499387,0.0,16352.0,37.0,0.2509999999994392,31.3125,32.4375,36.89000000000004,0.0,0.0,0.0,0.0,0.0,20.0,0.3,0.1,0.2,0.1,0.4,0.1,0.1,0.1,0.5,0.0,61498.0,0.1024098344661615,0.0,65535.0,0.08494697489890898,0.0,0.0,0.0,0.0,0.0,0.0,0.0,0.0,0.0,0.0
38621.1,0.3981969392093186,0.0,16352.0,37.0,0.19709999999944136,31.3125,32.4375,36.89000000000004,0.0,0.0,0.0,0.0,0.0,20.0,0.3,0.1,0.2,0.1,0.4,0.1,0.1,0.1,0.5,0.0,61307.0,0.10217430309752557,0.0,65535.0,0.0840466926070039,0.0,0.0,0.0,0.0,0.0,0.0,0.0,0.0,0.0,0.0
38681.19,0.42987850833830055,0.0,16352.0,37.0,0.2364999999994473,31.375,32.4375,36.85000000000002,0.0,0.0,0.0,0.0,0.0,20.0,0.3,0.1,0.2,0.1,0.4,0.1,0.1,0.1,0.5,0.0,60494.0,0.1034978675571131,0.0,65535.0,0.08426031891355765,0.0,0.0,0.0,0.0,0.0,0.0,0.0,0.0,0.0,0.0
38741.23,0.44668137213025816,0.0,16352.0,37.0,0.2579999999994428,31.3125,32.4375,36.85000000000002,0.0,0.0,0.0,0.0,0.0,20.0,0.3,0.1,0.2,0.1,0.4,0.1,0.1,0.1,0.5,0.0,61297.0,0.102713020213061,0.0,65535.0,0.0852826733806363,0.0,0.0,0.0,0.0,0.0,0.0,0.0,0.0,0.0,0.0
38801.31,0.43082212086460925,0.0,16352.0,37.0,0.2585999999994423,31.375,32.4375,37.03000000000003,0.0,0.0,0.0,0.0,0.0,20.0,0.3,0.1,0.2,0.1,0.4,0.1,0.1,0.1,0.5,0.0,62062.0,0.10143082723727885,0.0,65535.0,0.08508430609597925,0.0,0.0,0.0,0.0,0.0,0.0,0.0,0.0,0.0,0.0
38861.38,0.39061351642745934,0.0,16352.0,37.0,0.2582999999994417,31.3125,32.4375,36.870000000000005,0.0,0.0,0.0,0.0,0.0,20.0,0.3,0.1,0.2,0.1,0.4,0.1,0.1,0.1,0.5,0.0,61427.0,0.10230029140280333,0.0,65535.0,0.08459601739528497,0.0,0.0,0.0,0.0,0.0,0.0,0.0,0.0,0.0,0.0
38921.46,0.4278527499780067,0.0,16352.0,37.0,0.23739999999944478,31.3125,32.4375,36.950000000000045,0.0,0.0,0.0,0.0,0.0,20.0,0.3,0.1,0.2,0.1,0.4,0.1,0.1,0.1,0.5,0.0,60856.0,0.10314512948599974,0.0,65535.0,0.08468757152666515,0.0,0.0,0.0,0.0,0.0,0.0,0.0,0.0,0.0,0.0
38981.53,0.4331500669704681,0.0,16352.0,37.0,0.25679999999943964,31.375,32.4375,36.85000000000002,0.0,0.0,0.0,0.0,0.0,20.0,0.3,0.1,0.2,0.1,0.4,0.1,0.1,0.1,0.5,0.0,60812.0,0.10331842399526409,0.0,65535.0,0.085297932402533,0.0,0.0,0.0,0.0,0.0,0.0,0.0,0.0,0.0,0.0
39041.56,0.4198884980044314,0.0,16352.0,37.0,0.21499999999943248,31.3125,32.4375,37.110000000000014,0.0,0.0,0.0,0.0,0.0,20.0,0.3,0.1,0.2,0.1,0.4,0.1,0.1,0.1,0.5,0.0,61250.0,0.10256326530612245,0.0,65535.0,0.08480964370183872,0.0,0.0,0.0,0.0,0.0,0.0,0.0,0.0,0.0,0.0
39101.62,0.4162626512072381,0.0,16352.0,37.0,0.2661999999994436,31.3125,32.4375,36.870000000000005,0.0,0.0,0.0,0.0,0.0,20.0,0.3,0.1,0.2,0.1,0.4,0.1,0.1,0.1,0.5,0.0,61314.0,0.10271716084417915,0.0,65535.0,0.08505378805218586,0.0,0.0,0.0,0.0,0.0,0.0,0.0,0.0,0.0,0.0
39161.68,0.39510986109504215,0.0,16352.0,37.0,0.2261999999994365,31.3125,32.4375,37.09000000000003,0.0,0.0,0.0,0.0,0.0,20.0,0.3,0.1,0.2,0.1,0.4,0.1,0.1,0.1,0.5,0.0,60985.0,0.10336968106911536,0.0,65535.0,0.08519111924925613,0.0,0.0,0.0,0.0,0.0,0.0,0.0,0.0,0.0,0.0
39221.76,0.3977811524666398,0.0,16352.0,37.0,0.2331999999994409,31.3125,32.4375,36.97000000000003,0.0,0.0,0.0,0.0,0.0,20.0,0.3,0.1,0.2,0.1,0.4,0.1,0.1,0.1,0.5,0.0,61535.0,0.10264077354351182,0.0,65535.0,0.08506904707408255,0.0,0.0,0.0,0.0,0.0,0.0,0.0,0.0,0.0,0.0
39281.81,0.40208474077232365,0.0,16352.0,37.0,0.2672999999994366,31.375,32.4375,36.89000000000004,0.0,0.0,0.0,0.0,0.0,20.0,0.3,0.1,0.2,0.1,0.4,0.1,0.1,0.1,0.5,0.0,60996.0,0.10318709423568759,0.0,65535.0,0.08514534218356604,0.0,0.0,0.0,0.0,0.0,0.0,0.0,0.0,0.0,0.0
39341.87,0.41370394567133356,0.0,16352.0,37.0,0.2496999999994401,31.3125,32.4375,36.85000000000002,0.0,0.0,0.0,0.0,0.0,20.0,0.3,0.1,0.2,0.1,0.4,0.1,0.1,0.1,0.5,0.0,61497.0,0.10262289217360196,0.0,65535.0,0.08558785381857023,0.0,0.0,0.0,0.0,0.0,0.0,0.0,0.0,0.0,0.0
39401.95,0.42330586778688023,0.0,16352.0,37.0,0.2231999999994332,31.3125,32.4375,36.97000000000003,0.0,0.0,0.0,0.0,0.0,20.0,0.3,0.1,0.2,0.1,0.4,0.1,0.1,0.1,0.5,0.0,61398.0,0.10264177986253624,0.0,65535.0,0.08513008316166934,0.0,0.0,0.0,0.0,0.0,0.0,0.0,0.0,0.0,0.0
39461.98,0.425795684735118,0.0,16352.0,37.0,0.2340999999994375,31.3125,32.4375,36.93000000000001,0.0,0.0,0.0,0.0,0.0,20.0,0.3,0.1,0.2,0.1,0.4,0.1,0.1,0.1,0.5,0.0,60946.0,0.10325534079348932,0.0,65535.0,0.08532845044632639,0.0,0.0,0.0,0.0,0.0,0.0,0.0,0.0,0.0,0.0
39522.03,0.395511067495793,0.0,16352.0,37.0,0.22199999999943174,31.3125,32.4375,36.97000000000003,0.0,0.0,0.0,0.0,0.0,20.0,0.3,0.1,0.2,0.1,0.4,0.1,0.1,0.1,0.5,0.0,61372.0,0.10286449846835691,0.0,65535.0,0.08520637827115282,0.0,0.0,0.0,0.0,0.0,0.0,0.0,0.0,0.0,0.0
39582.09,0.42608526173470196,0.0,16352.0,37.0,0.22229999999943062,31.25,32.4375,36.97000000000003,0.0,0.0,0.0,0.0,0.0,20.0,0.3,0.1,0.2,0.1,0.4,0.1,0.1,0.1,0.5,0.0,61179.0,0.10312362085029177,0.0,65535.0,0.08587777523460746,0.0,0.0,0.0,0.0,0.0,0.0,0.0,0.0,0.0,0.0
39642.17,0.407403112254762,0.0,16352.0,37.0,0.2655999999994364,31.3125,32.4375,36.81,0.0,0.0,0.0,0.0,0.0,20.0,0.3,0.1,0.2,0.1,0.4,0.1,0.1,0.1,0.5,0.0,61199.0,0.10333502181408193,0.0,65535.0,0.08516060120546273,0.0,0.0,0.0,0.0,0.0,0.0,0.0,0.0,0.0,0.0
39702.22,0.4262152082116145,0.0,16352.0,37.0,0.2570999999994308,31.3125,32.4375,36.85000000000002,0.0,0.0,0.0,0.0,0.0,20.0,0.3,0.1,0.2,0.1,0.4,0.1,0.1,0.1,0.5,0.0,61914.0,0.10223858901056304,0.0,65535.0,0.08577096208133059,0.0,0.0,0.0,0.0,0.0,0.0,0.0,0.0,0.0,0.0
39762.29,0.4174343047675722,0.0,16352.0,37.0,0.25979999999943004,31.3125,32.4375,36.85000000000002,0.0,0.0,0.0,0.0,0.0,20.0,0.3,0.1,0.2,0.1,0.4,0.1,0.1,0.1,0.5,0.0,61026.0,0.10348048372824697,0.0,65535.0,0.08506904707408255,0.0,0.0,0.0,0.0,0.0,0.0,0.0,0.0,0.0,0.0
39822.35,0.40722356523984604,0.0,16352.0,37.0,0.19239999999943197,31.375,32.4375,37.110000000000014,0.0,0.0,0.0,0.0,0.0,20.0,0.3,0.1,0.2,0.1,0.4,0.1,0.1,0.1,0.5,0.0,61362.0,0.10276718490270852,0.0,65535.0,0.08532845044632639,0.0,0.0,0.0,0.0,0.0,0.0,0.0,0.0,0.0,0.0
39882.39,0.41543622446800654,0.0,16352.0,37.0,0.24709999999942314,31.3125,32.4375,36.89000000000004,0.0,0.0,0.0,0.0,0.0,20.0,0.3,0.1,0.2,0.1,0.4,0.1,0.1,0.1,0.5,0.0,62394.0,0.10204506843606757,0.0,65535.0,0.08628976882581826,0.0,0.0,0.0,0.0,0.0,0.0,0.0,0.0,0.0,0.0
39942.45,0.39301557669904813,0.0,16352.0,37.0,0.1937999999994247,31.3125,32.4375,37.09000000000003,0.0,0.0,0.0,0.0,0.0,20.0,0.3,0.1,0.2,0.1,0.4,0.1,0.1,0.1,0.5,0.0,61803.0,0.10250311473553064,0.0,65535.0,0.08523689631494621,0.0,0.0,0.0,0.0,0.0,0.0,0.0,0.0,0.0,0.0
40002.52,0.3906209177606932,0.0,16352.0,37.0,0.21349999999941932,31.3125,32.4375,37.01000000000005,0.0,0.0,0.0,0.0,0.0,20.0,0.3,0.1,0.2,0.1,0.4,0.1,0.1,0.1,0.5,0.0,61393.0,0.10326910234065773,0.0,65535.0,0.08537422751201648,0.0,0.0,0.0,0.0,0.0,0.0,0.0,0.0,0.0,0.0
40062.62,0.39868430928734877,0.0,16352.0,37.0,0.25679999999942515,31.3125,32.375,36.85000000000002,0.0,0.0,0.0,0.0,0.0,20.0,0.3,0.1,0.2,0.1,0.4,0.1,0.1,0.1,0.5,0.0,61188.0,0.10351702948290514,0.0,65535.0,0.08514534218356604,0.0,0.0,0.0,0.0,0.0,0.0,0.0,0.0,0.0,0.0
40122.7,0.404993619525023,0.0,16352.0,37.0,0.23059999999941797,31.3125,32.4375,36.950000000000045,0.0,0.0,0.0,0.0,0.0,20.0,0.3,0.1,0.2,0.1,0.4,0.1,0.1,0.1,0.5,0.0,60990.0,0.10390227906214133,0.0,65535.0,0.08514534218356604,0.0,0.0,0.0,0.0,0.0,0.0,0.0,0.0,0.0,0.0
40182.77,0.419762890869928,0.0,16352.0,37.0,0.2264999999994217,31.25,32.4375,36.97000000000003,0.0,0.0,0.0,0.0,0.0,20.0,0.3,0.1,0.2,0.1,0.4,0.1,0.1,0.1,0.5,0.0,60821.0,0.10396080301211752,0.0,65535.0,0.08508430609597925,0.0,0.0,0.0,0.0,0.0,0.0,0.0,0.0,0.0,0.0
40242.86,0.3897083633630634,0.0,16352.0,37.0,0.2708999999994222,31.375,32.375,36.79000000000002,0.0,0.0,0.0,0.0,0.0,20.0,0.3,0.1,0.2,0.1,0.4,0.1,0.1,0.1,0.5,0.0,61414.0,0.1034617513921907,0.0,65535.0,0.08558785381857023,0.0,0.0,0.0,0.0,0.0,0.0,0.0,0.0,0.0,0.0
40302.93,0.43350056914343627,0.0,16352.0,37.0,0.18729999999942293,31.3125,32.4375,37.110000000000014,0.0,0.0,0.0,0.0,0.0,20.0,0.3,0.1,0.2,0.1,0.4,0.1,0.1,0.1,0.5,0.0,61467.0,0.10325865911790066,0.0,65535.0,0.08560311284046693,0.0,0.0,0.0,0.0,0.0,0.0,0.0,0.0,0.0,0.0
40363.01,0.39078252834695026,0.0,16352.0,37.0,0.2737999999994153,31.3125,32.4375,36.77000000000004,0.0,0.0,0.0,0.0,0.0,20.0,0.3,0.1,0.2,0.1,0.4,0.1,0.1,0.1,0.5,0.0,61386.0,0.10344378196983026,0.0,65535.0,0.08542000457770657,0.0,0.0,0.0,0.0,0.0,0.0,0.0,0.0,0.0,0.0
40423.07,0.3866055754293064,0.0,16352.0,37.0,0.3094999999994155,31.3125,32.5,36.650000000000034,0.0,0.0,0.0,0.0,0.0,20.0,0.3,0.1,0.2,0.1,0.4,0.1,0.1,0.1,0.5,0.0,61730.0,0.10298072250121497,0.0,65535.0,0.08607614251926451,0.0,0.0,0.0,0.0,0.0,0.0,0.0,0.0,0.0,0.0
40483.15,0.4038582623748902,0.0,16352.0,37.0,0.24739999999941173,31.3125,32.4375,36.89000000000004,0.0,0.0,0.0,0.0,0.0,20.0,0.3,0.1,0.2,0.1,0.4,0.1,0.1,0.1,0.5,0.0,61504.0,0.10335913111342351,0.0,65535.0,0.0857099259937438,0.0,0.0,0.0,0.0,0.0,0.0,0.0,0.0,0.0,0.0
40543.19,0.39730342399765833,0.0,16352.0,37.0,0.20939999999941444,31.25,32.4375,37.03000000000003,0.0,0.0,0.0,0.0,0.0,20.0,0.3,0.1,0.2,0.1,0.4,0.1,0.1,0.1,0.5,0.0,61498.0,0.1036293863215064,0.0,65535.0,0.08581673914702068,0.0,0.0,0.0,0.0,0.0,0.0,0.0,0.0,0.0,0.0
40603.27,0.39709449355857007,0.0,16352.0,37.0,0.2564999999994151,31.3125,32.4375,36.85000000000002,0.0,0.0,0.0,0.0,0.0,20.0,0.3,0.1,0.2,0.1,0.4,0.1,0.1,0.1,0.5,0.0,62604.0,0.10199028816050093,0.0,65535.0,0.086152437628748,0.0,0.0,0.0,0.0,0.0,0.0,0.0,0.0,0.0,0.0
40663.35,0.4051878905737345,0.0,16352.0,37.0,0.2534999999994144,31.3125,32.4375,36.85000000000002,0.0,0.0,0.0,0.0,0.0,20.0,0.3,0.1,0.2,0.1,0.4,0.1,0.1,0.1,0.5,0.0,61467.0,0.10377926366993671,0.0,65535.0,0.08555733577477684,0.0,0.0,0.0,0.0,0.0,0.0,0.0,0.0,0.0,0.0
40723.43,0.43124837679624384,0.0,16352.0,37.0,0.22139999999941265,31.3125,32.4375,36.97000000000003,0.0,0.0,0.0,0.0,0.0,20.0,0.3,0.1,0.2,0.1,0.4,0.1,0.1,0.1,0.5,0.0,62040.0,0.10291747259832366,0.0,65535.0,0.08593881132219425,0.0,0.0,0.0,0.0,0.0,0.0,0.0,0.0,0.0,0.0
40783.51,0.3972795128606532,0.0,16352.0,37.0,0.2658999999994182,31.25,32.5,36.81,0.0,0.0,0.0,0.0,0.0,20.0,0.3,0.1,0.2,0.1,0.4,0.1,0.1,0.1,0.5,0.0,61120.0,0.10415575916230367,0.0,65535.0,0.0857404440375372,0.0,0.0,0.0,0.0,0.0,0.0,0.0,0.0,0.0,0.0
40843.58,0.43296825880266965,0.0,16352.0,37.0,0.25649999999941253,31.3125,32.4375,36.85000000000002,0.0,0.0,0.0,0.0,0.0,20.0,0.3,0.1,0.2,0.1,0.4,0.1,0.1,0.1,0.5,0.0,61621.0,0.10345499099333019,0.0,65535.0,0.08593881132219425,0.0,0.0,0.0,0.0,0.0,0.0,0.0,0.0,0.0,0.0
40903.66,0.3922499477887574,0.0,16352.0,37.0,0.2962999999994082,31.25,32.4375,36.710000000000036,0.0,0.0,0.0,0.0,0.0,20.0,0.3,0.1,0.2,0.1,0.4,0.1,0.1,0.1,0.5,0.0,61900.0,0.10294022617124395,0.0,65535.0,0.08604562447547112,0.0,0.0,0.0,0.0,0.0,0.0,0.0,0.0,0.0,0.0
40963.72,0.40999283183663293,0.0,16352.0,37.0,0.1767999999994123,31.3125,32.375,37.170000000000016,0.0,0.0,0.0,0.0,0.0,20.0,0.3,0.1,0.2,0.1,0.4,0.1,0.1,0.1,0.5,0.0,61233.0,0.10406153544657293,0.0,65535.0,0.08549629968719005,0.0,0.0,0.0,0.0,0.0,0.0,0.0,0.0,0.0,0.0
41023.75,0.4086864113677651,0.0,16352.0,37.0,0.28769999999941087,31.3125,32.4375,36.73000000000002,0.0,0.0,0.0,0.0,0.0,20.0,0.3,0.1,0.2,0.1,0.4,0.1,0.1,0.1,0.5,0.0,61654.0,0.103513154053265,0.0,65535.0,0.08564888990615702,0.0,0.0,0.0,0.0,0.0,0.0,0.0,0.0,0.0,0.0
41083.8,0.4182493754098213,0.0,16352.0,37.0,0.22679999999940773,31.3125,32.4375,36.97000000000003,0.0,0.0,0.0,0.0,0.0,20.0,0.3,0.1,0.2,0.1,0.4,0.1,0.1,0.1,0.5,0.0,61177.0,0.10418948297562809,0.0,65535.0,0.08587777523460746,0.0,0.0,0.0,0.0,0.0,0.0,0.0,0.0,0.0,0.0
41143.84,0.3974420018249967,0.0,16352.0,37.0,0.25709999999940775,31.375,32.4375,36.85000000000002,0.0,0.0,0.0,0.0,0.0,20.0,0.3,0.1,0.2,0.1,0.4,0.1,0.1,0.1,0.5,0.0,61708.0,0.10360082971413755,0.0,65535.0,0.08648813611047532,0.0,0.0,0.0,0.0,0.0,0.0,0.0,0.0,0.0,0.0
41203.89,0.4077818641008597,0.0,16352.0,37.0,0.23089999999940058,31.3125,32.4375,36.950000000000045,0.0,0.0,0.0,0.0,0.0,20.0,0.3,0.1,0.2,0.1,0.4,0.1,0.1,0.1,0.5,0.0,61487.0,0.10385935238343065,0.0,65535.0,0.08581673914702068,0.0,0.0,0.0,0.0,0.0,0.0,0.0,0.0,0.0,0.0
41263.96,0.39797813525642284,0.0,16352.0,37.0,0.2535999999994101,31.3125,32.4375,36.870000000000005,0.0,0.0,0.0,0.0,0.0,20.0,0.3,0.1,0.2,0.1,0.4,0.1,0.1,0.1,0.5,0.0,61601.0,0.1035048132335514,0.0,65535.0,0.08628976882581826,0.0,0.0,0.0,0.0,0.0,0.0,0.0,0.0,0.0,0.0
41324.04,0.41081444758130276,0.0,16352.0,37.0,0.2697999999994104,31.3125,32.4375,36.81,0.0,0.0,0.0,0.0,0.0,20.0,0.3,0.1,0.2,0.1,0.4,0.1,0.1,0.1,0.5,0.0,62762.0,0.10251426022115293,0.0,65535.0,0.08677805752651255,0.0,0.0,0.0,0.0,0.0,0.0,0.0,0.0,0.0,0.0
41384.08,0.416886879074518,0.0,16352.0,37.0,0.22709999999940317,31.3125,32.4375,36.97000000000003,0.0,0.0,0.0,0.0,0.0,20.0,0.3,0.1,0.2,0.1,0.4,0.1,0.1,0.1,0.5,0.0,61553.0,0.1035530355953406,0.0,65535.0,0.08603036545357443,0.0,0.0,0.0,0.0,0.0,0.0,0.0,0.0,0.0,0.0
41444.12,0.40861010131607567,0.0,16352.0,37.0,0.26919999999940925,31.3125,32.4375,36.81,0.0,0.0,0.0,0.0,0.0,20.0,0.3,0.1,0.2,0.1,0.4,0.1,0.1,0.1,0.5,0.0,61252.0,0.10432312414288512,0.0,65535.0,0.08693064774547951,0.0,0.0,0.0,0.0,0.0,0.0,0.0,0.0,0.0,0.0
41504.17,0.39572667199433176,0.0,16352.0,37.0,0.19499999999940051,31.3125,32.5,37.09000000000003,0.0,0.0,0.0,0.0,0.0,20.0,0.3,0.1,0.2,0.1,0.4,0.1,0.1,0.1,0.5,0.0,61896.0,0.10346387488690707,0.0,65535.0,0.08676279850461585,0.0,0.0,0.0,0.0,0.0,0.0,0.0,0.0,0.0,0.0
41564.21,0.4361069590257141,0.0,16352.0,37.0,0.22379999999940103,31.3125,32.4375,36.97000000000003,0.0,0.0,0.0,0.0,0.0,20.0,0.3,0.1,0.2,0.1,0.4,0.1,0.1,0.1,0.5,0.0,62167.0,0.10315762381971143,0.0,65535.0,0.08644235904478523,0.0,0.0,0.0,0.0,0.0,0.0,0.0,0.0,0.0,0.0
41624.26,0.4134458545289734,0.0,16352.0,37.0,0.20909999999939932,31.25,32.375,37.03000000000003,0.0,0.0,0.0,0.0,0.0,20.0,0.3,0.1,0.2,0.1,0.4,0.1,0.1,0.1,0.5,0.0,61300.0,0.10456769983686787,0.0,65535.0,0.08619821469443809,0.0,0.0,0.0,0.0,0.0,0.0,0.0,0.0,0.0,0.0
41684.33,0.4135294549487059,0.0,16352.0,37.0,0.20259999999940353,31.3125,32.4375,37.05000000000001,0.0,0.0,0.0,0.0,0.0,20.0,0.3,0.1,0.2,0.1,0.4,0.1,0.1,0.1,0.5,0.0,61605.0,0.10411492573654736,0.0,65535.0,0.08645761806668192,0.0,0.0,0.0,0.0,0.0,0.0,0.0,0.0,0.0,0.0
41744.4,0.42569677170819653,0.0,16352.0,37.0,0.28769999999940143,31.3125,32.4375,36.73000000000002,0.0,0.0,0.0,0.0,0.0,20.0,0.3,0.1,0.2,0.1,0.4,0.1,0.1,0.1,0.5,0.0,61932.0,0.1036620809920558,0.0,65535.0,0.08644235904478523,0.0,0.0,0.0,0.0,0.0,0.0,0.0,0.0,0.0,0.0
41804.44,0.4333618533894661,0.0,16352.0,37.0,0.24979999999939412,31.3125,32.375,36.89000000000004,0.0,0.0,0.0,0.0,0.0,20.0,0.3,0.1,0.2,0.1,0.4,0.1,0.1,0.1,0.5,0.0,61613.0,0.10374433966857644,0.0,65535.0,0.08595407034409094,0.0,0.0,0.0,0.0,0.0,0.0,0.0,0.0,0.0,0.0
41864.5,0.3961939334494395,0.0,16352.0,37.0,0.2709999999994041,31.3125,32.4375,36.81,0.0,0.0,0.0,0.0,0.0,20.0,0.3,0.1,0.2,0.1,0.4,0.1,0.1,0.1,0.5,0.0,62348.0,0.1033232822223648,0.0,65535.0,0.08650339513237201,0.0,0.0,0.0,0.0,0.0,0.0,0.0,0.0,0.0,0.0
41924.57,0.38693909626337514,0.0,16352.0,37.0,0.188799999999401,31.375,32.4375,37.110000000000014,0.0,0.0,0.0,0.0,0.0,20.0,0.3,0.1,0.2,0.1,0.4,0.1,0.1,0.1,0.5,0.0,61399.0,0.10423622534568967,0.0,65535.0,0.08607614251926451,0.0,0.0,0.0,0.0,0.0,0.0,0.0,0.0,0.0,0.0
41984.64,0.3859134644456925,0.0,16352.0,37.0,0.24999999999940303,31.3125,32.4375,36.870000000000005,0.0,0.0,0.0,0.0,0.0,20.0,0.3,0.1,0.2,0.1,0.4,0.1,0.1,0.1,0.5,0.0,61927.0,0.10358971046554814,0.0,65535.0,0.08679331654840924,0.0,0.0,0.0,0.0,0.0,0.0,0.0,0.0,0.0,0.0
42044.69,0.3924120148391314,0.0,16352.0,37.0,0.25149999999940253,31.3125,32.5,36.870000000000005,0.0,0.0,0.0,0.0,0.0,20.0,0.3,0.1,0.2,0.1,0.4,0.1,0.1,0.1,0.5,0.0,61253.0,0.1046805870732862,0.0,65535.0,0.08624399176012817,0.0,0.0,0.0,0.0,0.0,0.0,0.0,0.0,0.0,0.0
42104.75,0.392130051164805,0.0,16352.0,37.0,0.31269999999938947,31.3125,32.4375,36.63000000000005,0.0,0.0,0.0,0.0,0.0,20.0,0.3,0.1,0.2,0.1,0.4,0.1,0.1,0.1,0.5,0.0,61914.0,0.10391833834027846,0.0,65535.0,0.08725108720531013,0.0,0.0,0.0,0.0,0.0,0.0,0.0,0.0,0.0,0.0
42164.8,0.3854802156396202,0.0,16352.0,37.0,0.23709999999940054,31.25,32.4375,36.93000000000001,0.0,0.0,0.0,0.0,0.0,20.0,0.3,0.1,0.2,0.1,0.4,0.1,0.1,0.1,0.5,0.0,62003.0,0.10367240294824444,0.0,65535.0,0.08662546730754558,0.0,0.0,0.0,0.0,0.0,0.0,0.0,0.0,0.0,0.0
42224.84,0.3874152103918023,0.0,16352.0,37.0,0.27039999999940123,31.3125,32.4375,36.81,0.0,0.0,0.0,0.0,0.0,20.0,0.3,0.1,0.2,0.1,0.4,0.1,0.1,0.1,0.5,0.0,61456.0,0.10467651653215308,0.0,65535.0,0.08636606393530175,0.0,0.0,0.0,0.0,0.0,0.0,0.0,0.0,0.0,0.0
42284.9,0.41973927886944723,0.0,16352.0,37.0,0.23209999999938916,31.3125,32.4375,36.950000000000045,0.0,0.0,0.0,0.0,0.0,20.0,0.3,0.1,0.2,0.1,0.4,0.1,0.1,0.1,0.5,0.0,61487.0,0.10426594239432725,0.0,65535.0,0.08642710002288853,0.0,0.0,0.0,0.0,0.0,0.0,0.0,0.0,0.0,0.0
42344.95,0.43597521598372874,0.0,16352.0,37.0,0.2552999999993939,31.375,32.375,36.85000000000002,0.0,0.0,0.0,0.0,0.0,20.0,0.3,0.1,0.2,0.1,0.4,0.1,0.1,0.1,0.5,0.0,62189.0,0.10381257135506279,0.0,65535.0,0.08665598535133898,0.0,0.0,0.0,0.0,0.0,0.0,0.0,0.0,0.0,0.0
42404.99,0.4133665250780755,0.0,16352.0,37.0,0.2782999999993889,31.3125,32.4375,36.77000000000004,0.0,0.0,0.0,0.0,0.0,20.0,0.3,0.1,0.2,0.1,0.4,0.1,0.1,0.1,0.5,0.0,61705.0,0.10446479215622721,0.0,65535.0,0.08709849698634317,0.0,0.0,0.0,0.0,0.0,0.0,0.0,0.0,0.0,0.0
42465.06,0.43678447986217084,0.0,16352.0,37.0,0.21319999999938533,31.375,32.375,37.01000000000005,0.0,0.0,0.0,0.0,0.0,20.0,0.3,0.1,0.2,0.1,0.4,0.1,0.1,0.1,0.5,0.0,61142.0,0.10521409178633345,0.0,65535.0,0.08676279850461585,0.0,0.0,0.0,0.0,0.0,0.0,0.0,0.0,0.0,0.0
42525.12,0.4085876518793297,0.0,16352.0,37.0,0.199899999999394,31.3125,32.4375,37.05000000000001,0.0,0.0,0.0,0.0,0.0,20.0,0.3,0.1,0.2,0.1,0.4,0.1,0.1,0.1,0.5,0.0,61647.0,0.10438464158839847,0.0,65535.0,0.08671702143892576,0.0,0.0,0.0,0.0,0.0,0.0,0.0,0.0,0.0,0.0
42585.19,0.40826485385608796,0.0,16352.0,37.0,0.2622999999993958,31.3125,32.4375,36.81,0.0,0.0,0.0,0.0,0.0,20.0,0.3,0.1,0.2,0.1,0.4,0.1,0.1,0.1,0.5,0.0,61740.0,0.10443796566245546,0.0,65535.0,0.08636606393530175,0.0,0.0,0.0,0.0,0.0,0.0,0.0,0.0,0.0,0.0
42645.28,0.41558894512261424,0.0,16352.0,37.0,0.22729999999938413,31.3125,32.4375,36.950000000000045,0.0,0.0,0.0,0.0,0.0,20.0,0.3,0.1,0.2,0.1,0.4,0.1,0.1,0.1,0.5,0.0,61181.0,0.10501626321897321,0.0,65535.0,0.08650339513237201,0.0,0.0,0.0,0.0,0.0,0.0,0.0,0.0,0.0,0.0
42705.33,0.4085427898219872,0.0,16352.0,37.0,0.2319999999993932,31.25,32.4375,36.93000000000001,0.0,0.0,0.0,0.0,0.0,20.0,0.3,0.1,0.2,0.1,0.4,0.1,0.1,0.1,0.5,0.0,61939.0,0.10419929285264534,0.0,65535.0,0.08661020828564889,0.0,0.0,0.0,0.0,0.0,0.0,0.0,0.0,0.0,0.0
42765.4,0.3770218503528956,0.0,16352.0,37.0,0.2840999999993893,31.3125,32.4375,36.73000000000002,0.0,0.0,0.0,0.0,0.0,20.0,0.3,0.1,0.2,0.1,0.4,0.1,0.1,0.1,0.5,0.0,62006.0,0.10416733864464729,0.0,65535.0,0.08667124437323567,0.0,0.0,0.0,0.0,0.0,0.0,0.0,0.0,0.0,0.0
42825.48,0.3941300221516717,0.0,16352.0,37.0,0.23709999999939194,31.25,32.375,36.93000000000001,0.0,0.0,0.0,0.0,0.0,20.0,0.3,0.1,0.2,0.1,0.4,0.1,0.1,0.1,0.5,0.0,61349.0,0.10510358767054068,0.0,65535.0,0.08677805752651255,0.0,0.0,0.0,0.0,0.0,0.0,0.0,0.0,0.0,0.0
42885.51,0.4032765490481278,0.0,16352.0,37.0,0.25739999999938684,31.3125,32.375,36.85000000000002,0.0,0.0,0.0,0.0,0.0,20.0,0.3,0.1,0.2,0.1,0.4,0.1,0.1,0.1,0.5,0.0,61959.0,0.10429477557739796,0.0,65535.0,0.08682383459220264,0.0,0.0,0.0,0.0,0.0,0.0,0.0,0.0,0.0,0.0
42945.54,0.39254165020114273,0.0,16352.0,37.0,0.24589999999938053,31.25,32.4375,36.89000000000004,0.0,0.0,0.0,0.0,0.0,20.0,0.3,0.1,0.2,0.1,0.4,0.1,0.1,0.1,0.5,0.0,61178.0,0.10528294484945569,0.0,65535.0,0.0869916838330663,0.0,0.0,0.0,0.0,0.0,0.0,0.0,0.0,0.0,0.0
43005.62,0.3909404377706133,0.0,16352.0,37.0,0.3103999999993821,31.3125,32.4375,36.650000000000034,0.0,0.0,0.0,0.0,0.0,20.0,0.3,0.1,0.2,0.1,0.4,0.1,0.1,0.1,0.5,0.0,61534.0,0.10496636006110444,0.0,65535.0,0.08728160524910353,0.0,0.0,0.0,0.0,0.0,0.0,0.0,0.0,0.0,0.0
43065.66,0.3790604544343893,0.0,16352.0,37.0,0.2105999999993825,31.3125,32.4375,37.03000000000003,0.0,0.0,0.0,0.0,0.0,20.0,0.3,0.1,0.2,0.1,0.4,0.1,0.1,0.1,0.5,0.0,61234.0,0.10526831498840514,0.0,65535.0,0.08673228046082246,0.0,0.0,0.0,0.0,0.0,0.0,0.0,0.0,0.0,0.0
43125.73,0.37030693362700334,0.0,16352.0,37.0,0.23649999999938737,31.25,32.4375,36.93000000000001,0.0,0.0,0.0,0.0,0.0,20.0,0.3,0.1,0.2,0.1,0.4,0.1,0.1,0.1,0.5,0.0,61984.0,0.10423657718120806,0.0,65535.0,0.0865796902418555,0.0,0.0,0.0,0.0,0.0,0.0,0.0,0.0,0.0,0.0
43185.79,0.38894073399189893,0.0,16352.0,37.0,0.23259999999938663,31.3125,32.4375,36.93000000000001,0.0,0.0,0.0,0.0,0.0,20.0,0.3,0.1,0.2,0.1,0.4,0.1,0.1,0.1,0.5,0.0,61161.0,0.10568826539788427,0.0,65535.0,0.08712901503013656,0.0,0.0,0.0,0.0,0.0,0.0,0.0,0.0,0.0,0.0
43245.86,0.37203458474826023,0.0,16352.0,37.0,0.2213999999993809,31.3125,32.4375,36.97000000000003,0.0,0.0,0.0,0.0,0.0,20.0,0.3,0.1,0.2,0.1,0.4,0.1,0.1,0.1,0.5,0.0,61100.0,0.10540098199672668,0.0,65535.0,0.08676279850461585,0.0,0.0,0.0,0.0,0.0,0.0,0.0,0.0,0.0,0.0
43305.92,0.381529244798988,0.0,16352.0,37.0,0.2858999999993825,31.25,32.4375,36.73000000000002,0.0,0.005,0.25,0.0,0.0,20.0,0.3,0.1,0.2,0.1,0.4,0.1,0.1,0.1,0.5,0.0,61671.0,0.10520341813818489,0.0,65535.0,0.08725108720531013,0.0,0.0,0.0,0.0,0.0,0.0,0.0,0.0,0.0,0.0
43365.98,0.3819367090782599,0.0,16352.0,37.0,0.36319999999937924,31.1875,32.4375,36.47000000000003,0.0,0.0,0.0,0.0,0.0,20.0,0.3,0.1,0.2,0.1,0.4,0.1,0.1,0.1,0.5,0.0,61377.0,0.10362187790214575,0.0,65535.0,0.085297932402533,0.0,0.0,0.0,0.0,0.0,0.0,0.0,0.0,0.0,0.0
43426.04,0.3628889240674922,0.0,16352.0,37.0,0.26619999999938476,31.25,32.4375,36.870000000000005,0.0,0.0,0.0,0.0,0.0,20.0,0.3,0.1,0.2,0.1,0.4,0.1,0.1,0.1,0.5,0.0,60371.0,0.10455351079160524,0.0,65535.0,0.08503852903028916,0.0,0.0,0.0,0.0,0.0,0.0,0.0,0.0,0.0,0.0
43486.11,0.36914278138353285,0.0,16352.0,37.0,0.22789999999937272,31.3125,32.375,37.01000000000005,0.0,0.0,0.0,0.0,0.0,20.0,0.3,0.1,0.2,0.1,0.4,0.1,0.1,0.1,0.5,0.0,60008.0,0.10506932409012132,0.0,65535.0,0.08520637827115282,0.0,0.0,0.0,0.0,0.0,0.0,0.0,0.0,0.0,0.0
43546.19,0.3836009199118421,0.0,16352.0,37.0,0.24759999999938234,31.3125,32.375,36.93000000000001,0.0,0.0,0.0,0.0,0.0,20.0,0.3,0.1,0.2,0.1,0.4,0.1,0.1,0.1,0.5,0.0,60343.0,0.10465174088129527,0.0,65535.0,0.08513008316166934,0.0,0.0,0.0,0.0,0.0,0.0,0.0,0.0,0.0,0.0
43606.26,0.37528695732879946,0.0,16352.0,37.0,0.24909999999938182,31.25,32.4375,36.93000000000001,0.0,0.0,0.0,0.0,0.0,20.0,0.3,0.1,0.2,0.1,0.4,0.1,0.1,0.1,0.5,0.0,60535.0,0.10435285372098786,0.0,65535.0,0.08494697489890898,0.0,0.0,0.0,0.0,0.0,0.0,0.0,0.0,0.0,0.0
43666.34,0.36163851556760174,0.0,16352.0,37.0,0.23699999999937604,31.375,32.375,36.97000000000003,0.0,0.0,0.0,0.0,0.0,20.0,0.3,0.1,0.2,0.1,0.4,0.1,0.1,0.1,0.5,0.0,60360.0,0.10447316103379721,0.0,65535.0,0.08534370946822309,0.0,0.0,0.0,0.0,0.0,0.0,0.0,0.0,0.0,0.0
43726.39,0.4020213718927913,0.0,16352.0,37.0,0.2666999999993766,31.3125,32.375,36.85000000000002,0.0,0.0,0.0,0.0,0.0,20.0,0.3,0.1,0.2,0.1,0.4,0.1,0.1,0.1,0.5,0.0,60590.0,0.10417560653573196,0.0,65535.0,0.08520637827115282,0.0,0.0,0.0,0.0,0.0,0.0,0.0,0.0,0.0,0.0
43786.45,0.4014792997805772,0.0,16352.0,37.0,0.21429999999937907,31.3125,32.4375,37.05000000000001,0.0,0.0,0.0,0.0,0.0,20.0,0.3,0.1,0.2,0.1,0.4,0.1,0.1,0.1,0.5,0.0,61657.0,0.10294046093711988,0.0,65535.0,0.08583199816891737,0.0,0.0,0.0,0.0,0.0,0.0,0.0,0.0,0.0,0.0
43846.5,0.4306342204567253,0.0,16352.0,37.0,0.2433999999993793,31.3125,32.4375,36.93000000000001,0.0,0.0,0.0,0.0,0.0,20.0,0.3,0.1,0.2,0.1,0.4,0.1,0.1,0.1,0.5,0.0,60781.0,0.10462151001135223,0.0,65535.0,0.08484016174563211,0.0,0.0,0.0,0.0,0.0,0.0,0.0,0.0,0.0,0.0
43906.54,0.4016682167898237,0.0,16352.0,37.0,0.21479999999937263,31.3125,32.4375,37.03000000000003,0.0,0.0,0.0,0.0,0.0,20.0,0.3,0.1,0.2,0.1,0.4,0.1,0.1,0.1,0.5,0.0,60730.0,0.10423184587518525,0.0,65535.0,0.08513008316166934,0.0,0.0,0.0,0.0,0.0,0.0,0.0,0.0,0.0,0.0
43966.58,0.41159648647769753,0.0,16352.0,37.0,0.1772499999993758,31.3125,32.375,36.79000000000002,0.0,0.0,0.0,0.0,0.0,20.0,0.3,0.1,0.2,0.1,0.4,0.1,0.1,0.1,0.5,0.0,61611.0,0.10322831961824999,0.0,65535.0,0.08540474555580987,0.0,0.0,0.0,0.0,0.0,0.0,0.0,0.0,0.0,0.0
44026.66,0.402086240851207,0.0,16352.0,37.0,0.19634999999937092,31.3125,32.375,36.77000000000004,0.0,0.0,0.0,0.0,0.0,20.0,0.3,0.1,0.2,0.1,0.4,0.1,0.1,0.1,0.5,0.0,60152.0,0.10513366139114244,0.0,65535.0,0.08561837186236362,0.0,0.0,0.0,0.0,0.0,0.0,0.0,0.0,0.0,0.0
44086.73,0.38413510794235556,0.0,16352.0,37.0,0.18364999999936485,31.25,32.375,36.93000000000001,0.0,0.0,0.0,0.0,0.0,20.0,0.3,0.1,0.2,0.1,0.4,0.1,0.1,0.1,0.5,0.0,60427.0,0.1049861816737551,0.0,65535.0,0.08580148012512398,0.0,0.0,0.0,0.0,0.0,0.0,0.0,0.0,0.0,0.0
44146.82,0.3759388711518762,0.0,16352.0,37.0,0.22244999999937048,31.3125,32.4375,36.79000000000002,0.0,0.0,0.0,0.0,0.0,20.0,0.3,0.1,0.2,0.1,0.4,0.1,0.1,0.1,0.5,0.0,60508.0,0.10466384610299465,0.0,65535.0,0.08546578164339666,0.0,0.0,0.0,0.0,0.0,0.0,0.0,0.0,0.0,0.0
44206.89,0.3853229374738531,0.0,16352.0,37.0,0.2089499999993694,31.1875,32.375,36.81,0.0,0.0,0.0,0.0,0.0,20.0,0.3,0.1,0.2,0.1,0.4,0.1,0.1,0.1,0.5,0.0,60530.0,0.10472492978688254,0.0,65535.0,0.08537422751201648,0.0,0.0,0.0,0.0,0.0,0.0,0.0,0.0,0.0,0.0
44266.96,0.3958500205594429,0.0,16352.0,37.0,0.25134999999937513,31.25,32.375,36.89000000000004,0.0,0.0,0.0,0.0,0.0,20.0,0.3,0.1,0.2,0.1,0.4,0.1,0.1,0.1,0.5,0.0,60066.0,0.10531748410082242,0.0,65535.0,0.08555733577477684,0.0,0.0,0.0,0.0,0.0,0.0,0.0,0.0,0.0,0.0
44327.03,0.3964083993268999,0.0,16352.0,37.0,0.18514999999936174,31.25,32.4375,37.110000000000014,0.0,0.0,0.0,0.0,0.0,20.0,0.3,0.1,0.2,0.1,0.4,0.1,0.1,0.1,0.5,0.0,60263.0,0.10528848547201433,0.0,65535.0,0.08542000457770657,0.0,0.0,0.0,0.0,0.0,0.0,0.0,0.0,0.0,0.0
44387.1,0.4016217824267484,0.0,16352.0,37.0,0.21604999999936206,31.25,32.4375,36.73000000000002,0.0,0.0,0.0,0.0,0.0,20.0,0.3,0.1,0.2,0.1,0.4,0.1,0.1,0.1,0.5,0.0,61082.0,0.10428604171441669,0.0,65535.0,0.08578622110322728,0.0,0.0,0.0,0.0,0.0,0.0,0.0,0.0,0.0,0.0
44447.18,0.41284344055337685,0.0,16352.0,37.0,0.15154999999935875,31.25,32.4375,37.03000000000003,0.0,0.0,0.0,0.0,0.0,20.0,0.3,0.1,0.2,0.1,0.4,0.1,0.1,0.1,0.5,0.0,60837.0,0.10419645939148874,0.0,65535.0,0.08549629968719005,0.0,0.0,0.0,0.0,0.0,0.0,0.0,0.0,0.0,0.0
44507.26,0.418482259727431,0.0,16352.0,37.0,0.20474999999936463,31.1875,32.375,36.710000000000036,0.0,0.0,0.0,0.0,0.0,20.0,0.3,0.1,0.2,0.1,0.4,0.1,0.1,0.1,0.5,0.0,60328.0,0.10515846704681077,0.0,65535.0,0.08566414892805371,0.0,0.0,0.0,0.0,0.0,0.0,0.0,0.0,0.0,0.0
44567.33,0.41650757434884517,0.0,16352.0,37.0,0.22304999999936476,31.25,32.4375,36.85000000000002,0.0,0.0,0.0,0.0,0.0,20.0,0.3,0.1,0.2,0.1,0.4,0.1,0.1,0.1,0.5,0.0,60018.0,0.10565163784198074,0.0,65535.0,0.08555733577477684,0.0,0.0,0.0,0.0,0.0,0.0,0.0,0.0,0.0,0.0
44627.37,0.40191707365397344,0.0,16352.0,37.0,0.22544999999936427,31.1875,32.375,36.81,0.0,0.0,0.0,0.0,0.0,20.0,0.3,0.1,0.2,0.1,0.4,0.1,0.1,0.1,0.5,0.0,61011.0,0.1046368687613709,0.0,65535.0,0.08627450980392157,0.0,0.0,0.0,0.0,0.0,0.0,0.0,0.0,0.0,0.0
44687.42,0.3909142085020894,0.0,16352.0,37.0,0.18954999999936678,31.1875,32.375,36.93000000000001,0.0,0.0,0.0,0.0,0.0,20.0,0.3,0.1,0.2,0.1,0.4,0.1,0.1,0.1,0.5,0.0,60702.0,0.10503772528088037,0.0,65535.0,0.08549629968719005,0.0,0.0,0.0,0.0,0.0,0.0,0.0,0.0,0.0,0.0
44747.46,0.39893831347902353,0.0,16352.0,37.0,0.17274999999936527,31.3125,32.4375,36.93000000000001,0.0,0.0,0.0,0.0,0.0,20.0,0.3,0.1,0.2,0.1,0.4,0.1,0.1,0.1,0.5,0.0,60572.0,0.10521363006009378,0.0,65535.0,0.0856946669718471,0.0,0.0,0.0,0.0,0.0,0.0,0.0,0.0,0.0,0.0
44807.5,0.37453710004692886,0.0,16352.0,37.0,0.23244999999936694,31.25,32.4375,36.79000000000002,0.0,0.0,0.0,0.0,0.0,20.0,0.3,0.1,0.2,0.1,0.4,0.1,0.1,0.1,0.5,0.0,61358.0,0.10414289905146844,0.0,65535.0,0.08586251621271077,0.0,0.0,0.0,0.0,0.0,0.0,0.0,0.0,0.0,0.0
44867.55,0.3931437655141008,0.0,16352.0,37.0,0.23514999999936617,31.25,32.375,36.710000000000036,0.0,0.0,0.0,0.0,0.0,20.0,0.3,0.1,0.2,0.1,0.4,0.1,0.1,0.1,0.5,0.0,60554.0,0.10511279188823199,0.0,65535.0,0.08526741435873961,0.0,0.0,0.0,0.0,0.0,0.0,0.0,0.0,0.0,0.0
44927.58,0.4141755071062805,0.0,16352.0,37.0,0.2319499999993557,31.1875,32.4375,37.05000000000001,0.0,0.0,0.0,0.0,0.0,20.0,0.3,0.1,0.2,0.1,0.4,0.1,0.1,0.1,0.5,0.0,60603.0,0.10504430473738924,0.0,65535.0,0.0856946669718471,0.0,0.0,0.0,0.0,0.0,0.0,0.0,0.0,0.0,0.0
44987.62,0.4167547573028131,0.0,16352.0,37.0,0.1501499999993565,31.3125,32.4375,37.110000000000014,0.0,0.0,0.0,0.0,0.0,20.0,0.3,0.1,0.2,0.1,0.4,0.1,0.1,0.1,0.5,0.0,60604.0,0.10519107649660088,0.0,65535.0,0.08566414892805371,0.0,0.0,0.0,0.0,0.0,0.0,0.0,0.0,0.0,0.0
45047.66,0.37287379749341026,0.0,16352.0,37.0,0.22364999999935814,31.25,32.375,36.870000000000005,0.0,0.0,0.0,0.0,0.0,20.0,0.3,0.1,0.2,0.1,0.4,0.1,0.1,0.1,0.5,0.0,60994.0,0.10491195855330032,0.0,65535.0,0.0856946669718471,0.0,0.0,0.0,0.0,0.0,0.0,0.0,0.0,0.0,0.0
45107.7,0.42401017339783004,0.0,16352.0,37.0,0.20804999999935642,31.25,32.4375,36.93000000000001,0.0,0.0,0.0,0.0,0.0,20.0,0.3,0.1,0.2,0.1,0.4,0.1,0.1,0.1,0.5,0.0,60906.0,0.10448888451055725,0.0,65535.0,0.08587777523460746,0.0,0.0,0.0,0.0,0.0,0.0,0.0,0.0,0.0,0.0
45167.73,0.3960402110002741,0.0,16352.0,37.0,0.20804999999935556,31.1875,32.375,36.93000000000001,0.0,0.0,0.0,0.0,0.0,20.0,0.3,0.1,0.2,0.1,0.4,0.1,0.1,0.1,0.5,0.0,60537.0,0.10532401671704908,0.0,65535.0,0.08561837186236362,0.0,0.0,0.0,0.0,0.0,0.0,0.0,0.0,0.0,0.0
45227.8,0.4031681574283146,0.0,16352.0,37.0,0.18714999999935863,31.25,32.4375,36.73000000000002,0.0,0.0,0.0,0.0,0.0,20.0,0.3,0.1,0.2,0.1,0.4,0.1,0.1,0.1,0.5,0.0,60507.0,0.10559108863437289,0.0,65535.0,0.086152437628748,0.0,0.0,0.0,0.0,0.0,0.0,0.0,0.0,0.0,0.0
45287.85,0.3920077941827663,0.0,16352.0,37.0,0.20534999999935372,31.25,32.4375,36.85000000000002,0.0,0.0,0.0,0.0,0.0,20.0,0.3,0.1,0.2,0.1,0.4,0.1,0.1,0.1,0.5,0.0,60130.0,0.10600365873939797,0.0,65535.0,0.0857404440375372,0.0,0.0,0.0,0.0,0.0,0.0,0.0,0.0,0.0,0.0
45347.92,0.3957040241181099,0.0,16352.0,37.0,0.18414999999935708,31.25,32.375,36.77000000000004,0.0,0.0,0.0,0.0,0.0,20.0,0.3,0.1,0.2,0.1,0.4,0.1,0.1,0.1,0.5,0.0,60665.0,0.10549740377482898,0.0,65535.0,0.08595407034409094,0.0,0.0,0.0,0.0,0.0,0.0,0.0,0.0,0.0,0.0
45408.0,0.39229299513044147,0.0,16352.0,37.0,0.22474999999934772,31.1875,32.375,36.81,0.0,0.0,0.0,0.0,0.0,20.0,0.3,0.1,0.2,0.1,0.4,0.1,0.1,0.1,0.5,0.0,60507.0,0.10535971044672517,0.0,65535.0,0.08575570305943389,0.0,0.0,0.0,0.0,0.0,0.0,0.0,0.0,0.0,0.0
45468.08,0.3890939167313814,0.0,16352.0,37.0,0.2645499999993584,31.1875,32.375,36.81,0.0,0.0,0.0,0.0,0.0,20.0,0.3,0.1,0.2,0.1,0.4,0.1,0.1,0.1,0.5,0.0,60896.0,0.10529427220178665,0.0,65535.0,0.08630502784771496,0.0,0.0,0.0,0.0,0.0,0.0,0.0,0.0,0.0,0.0
45528.13,0.3935787335734436,0.0,16352.0,37.0,0.20714999999935035,31.25,32.375,36.93000000000001,0.0,0.0,0.0,0.0,0.0,20.0,0.3,0.1,0.2,0.1,0.4,0.1,0.1,0.1,0.5,0.0,61657.0,0.10409199279887117,0.0,65535.0,0.08668650339513237,0.0,0.0,0.0,0.0,0.0,0.0,0.0,0.0,0.0,0.0
45588.2,0.39486143108772187,0.0,16352.0,37.0,0.20094999999935428,31.25,32.375,36.690000000000055,0.0,0.0,0.0,0.0,0.0,20.0,0.3,0.1,0.2,0.1,0.4,0.1,0.1,0.1,0.5,0.0,60978.0,0.1054314670864902,0.0,65535.0,0.08642710002288853,0.0,0.0,0.0,0.0,0.0,0.0,0.0,0.0,0.0,0.0
45648.24,0.3805500574173114,0.0,16352.0,37.0,0.22184999999934948,31.1875,32.375,36.79000000000002,0.0,0.0,0.0,0.0,0.0,20.0,0.3,0.1,0.2,0.1,0.4,0.1,0.1,0.1,0.5,0.0,60905.0,0.1051145226171907,0.0,65535.0,0.08642710002288853,0.0,0.0,0.0,0.0,0.0,0.0,0.0,0.0,0.0,0.0
45708.29,0.42168357968048287,0.0,16352.0,37.0,0.22304999999934838,31.25,32.4375,37.01000000000005,0.0,0.0,0.0,0.0,0.0,20.0,0.3,0.1,0.2,0.1,0.4,0.1,0.1,0.1,0.5,0.0,60053.0,0.10643931194111868,0.0,65535.0,0.08624399176012817,0.0,0.0,0.0,0.0,0.0,0.0,0.0,0.0,0.0,0.0
45768.33,0.4216045772692458,0.0,16352.0,37.0,0.22804999999934297,31.1875,32.4375,36.81,0.0,0.0,0.0,0.0,0.0,20.0,0.3,0.1,0.2,0.1,0.4,0.1,0.1,0.1,0.5,0.0,60495.0,0.10590957930407471,0.0,65535.0,0.0857404440375372,0.0,0.0,0.0,0.0,0.0,0.0,0.0,0.0,0.0,0.0
45828.38,0.4116978813656043,0.0,16352.0,37.0,0.18064999999934003,31.1875,32.375,36.73000000000002,0.0,0.0,0.0,0.0,0.0,20.0,0.3,0.1,0.2,0.1,0.4,0.1,0.1,0.1,0.5,0.0,60664.0,0.10559804826585784,0.0,65535.0,0.08599984740978103,0.0,0.0,0.0,0.0,0.0,0.0,0.0,0.0,0.0,0.0
45888.42,0.39387341760298855,0.0,16352.0,37.0,0.2006499999993494,31.1875,32.375,36.950000000000045,0.0,0.0,0.0,0.0,0.0,20.0,0.3,0.1,0.2,0.1,0.4,0.1,0.1,0.1,0.5,0.0,60947.0,0.1053866474149671,0.0,65535.0,0.08661020828564889,0.0,0.0,0.0,0.0,0.0,0.0,0.0,0.0,0.0,0.0
45948.46,0.3815012356934685,0.0,16352.0,37.0,0.23244999999934973,31.1875,32.375,36.710000000000036,0.0,0.0,0.0,0.0,0.0,20.0,0.3,0.1,0.2,0.1,0.4,0.1,0.1,0.1,0.5,0.0,60862.0,0.10532023265748743,0.0,65535.0,0.08603036545357443,0.0,0.0,0.0,0.0,0.0,0.0,0.0,0.0,0.0,0.0
46008.51,0.3873137219626178,0.0,16352.0,37.0,0.23154999999934883,31.1875,32.375,36.63000000000005,0.0,0.0,0.0,0.0,0.0,20.0,0.3,0.1,0.2,0.1,0.4,0.1,0.1,0.1,0.5,0.0,61501.0,0.10453488561161607,0.0,65535.0,0.0865644312199588,0.0,0.0,0.0,0.0,0.0,0.0,0.0,0.0,0.0,0.0
46068.54,0.4045062641278469,0.0,16352.0,37.0,0.24774999999934916,31.25,32.375,36.81,0.0,0.0,0.0,0.0,0.0,20.0,0.3,0.1,0.2,0.1,0.4,0.1,0.1,0.1,0.5,0.0,60607.0,0.10553236424835415,0.0,65535.0,0.08595407034409094,0.0,0.0,0.0,0.0,0.0,0.0,0.0,0.0,0.0,0.0
46128.6,0.4044639915635944,0.0,16352.0,37.0,0.21184999999933748,31.1875,32.4375,36.79000000000002,0.0,0.0,0.0,0.0,0.0,20.0,0.3,0.1,0.2,0.1,0.4,0.1,0.1,0.1,0.5,0.0,61534.0,0.10498261123931485,0.0,65535.0,0.08685435263599603,0.0,0.0,0.0,0.0,0.0,0.0,0.0,0.0,0.0,0.0
46188.67,0.3918364206860836,0.0,16352.0,37.0,0.2250499999993371,31.1875,32.375,36.870000000000005,0.0,0.0,0.0,0.0,0.0,20.0,0.3,0.1,0.2,0.1,0.4,0.1,0.1,0.1,0.5,0.0,60480.0,0.10601851851851851,0.0,65535.0,0.08627450980392157,0.0,0.0,0.0,0.0,0.0,0.0,0.0,0.0,0.0,0.0
46248.74,0.3925269157808548,0.0,16352.0,37.0,0.24744999999934686,31.125,32.4375,36.73000000000002,0.0,0.0,0.0,0.0,0.0,20.0,0.3,0.1,0.2,0.1,0.4,0.1,0.1,0.1,0.5,0.0,60368.0,0.10599986747945932,0.0,65535.0,0.08662546730754558,0.0,0.0,0.0,0.0,0.0,0.0,0.0,0.0,0.0,0.0
46308.81,0.3859017940506332,0.0,16352.0,37.0,0.20454999999934495,31.25,32.4375,36.81,0.0,0.0,0.0,0.0,0.0,20.0,0.3,0.1,0.2,0.1,0.4,0.1,0.1,0.1,0.5,0.0,61006.0,0.10564534635937449,0.0,65535.0,0.08714427405203326,0.0,0.0,0.0,0.0,0.0,0.0,0.0,0.0,0.0,0.0
46368.88,0.42366648545085217,0.0,16352.0,37.0,0.23544999999934527,31.1875,32.375,36.690000000000055,0.0,0.0,0.0,0.0,0.0,20.0,0.3,0.1,0.2,0.1,0.4,0.1,0.1,0.1,0.5,0.0,60414.0,0.10621710199622604,0.0,65535.0,0.08632028686961166,0.0,0.0,0.0,0.0,0.0,0.0,0.0,0.0,0.0,0.0
46428.95,0.3705693547355129,0.0,16352.0,37.0,0.20574999999934385,31.1875,32.375,36.81,0.0,0.0,0.0,0.0,0.0,20.0,0.3,0.1,0.2,0.1,0.4,0.1,0.1,0.1,0.5,0.0,61311.0,0.10510348877036747,0.0,65535.0,0.0865339131761654,0.0,0.0,0.0,0.0,0.0,0.0,0.0,0.0,0.0,0.0
46489.01,0.3866939703778134,0.0,16352.0,37.0,0.23664999999934416,31.3125,32.375,36.79000000000002,0.0,0.0,0.0,0.0,0.0,20.0,0.3,0.1,0.2,0.1,0.4,0.1,0.1,0.1,0.5,0.0,61437.0,0.10482282663541515,0.0,65535.0,0.0865644312199588,0.0,0.0,0.0,0.0,0.0,0.0,0.0,0.0,0.0,0.0
46549.05,0.3714729650559434,0.0,16352.0,37.0,0.1895499999993418,31.1875,32.375,36.710000000000036,0.0,0.0,0.0,0.0,0.0,20.0,0.3,0.1,0.2,0.1,0.4,0.1,0.1,0.1,0.5,0.0,61491.0,0.10481208632157551,0.0,65535.0,0.08676279850461585,0.0,0.0,0.0,0.0,0.0,0.0,0.0,0.0,0.0,0.0
46609.13,0.3639968546775093,0.0,16352.0,37.0,0.2298499999993327,31.1875,32.4375,36.89000000000004,0.0,0.0,0.0,0.0,0.0,20.0,0.3,0.1,0.2,0.1,0.4,0.1,0.1,0.1,0.5,0.0,60694.0,0.1060071835766303,0.0,65535.0,0.08618295567254139,0.0,0.0,0.0,0.0,0.0,0.0,0.0,0.0,0.0,0.0
46669.2,0.3599518887877432,0.0,16352.0,37.0,0.2175499999993314,31.1875,32.375,36.81,0.0,0.0,0.0,0.0,0.0,20.0,0.3,0.1,0.2,0.1,0.4,0.1,0.1,0.1,0.5,0.0,61108.0,0.10528899653073247,0.0,65535.0,0.08622873273823148,0.0,0.0,0.0,0.0,0.0,0.0,0.0,0.0,0.0,0.0
46729.26,0.4026490929488009,0.0,16352.0,37.0,0.20424999999934007,31.25,32.375,36.73000000000002,0.0,0.0,0.0,0.0,0.0,20.0,0.3,0.1,0.2,0.1,0.4,0.1,0.1,0.1,0.5,0.0,60450.0,0.10628618693134823,0.0,65535.0,0.0861219195849546,0.0,0.0,0.0,0.0,0.0,0.0,0.0,0.0,0.0,0.0
46789.32,0.38419767954553136,0.0,16352.0,37.0,0.22984999999933015,31.1875,32.4375,37.03000000000003,0.0,0.0,0.0,0.0,0.0,20.0,0.3,0.1,0.2,0.1,0.4,0.1,0.1,0.1,0.5,0.0,60901.0,0.10576181015090064,0.0,65535.0,0.08670176241702907,0.0,0.0,0.0,0.0,0.0,0.0,0.0,0.0,0.0,0.0
46849.39,0.3675357504807433,0.0,16352.0,37.0,0.1927499999993329,31.25,32.375,36.81,0.0,0.0,0.0,0.0,0.0,20.0,0.3,0.1,0.2,0.1,0.4,0.1,0.1,0.1,0.5,0.0,60356.0,0.10626946782424282,0.0,65535.0,0.08642710002288853,0.0,0.0,0.0,0.0,0.0,0.0,0.0,0.0,0.0,0.0
46909.43,0.3770975247325276,0.0,16352.0,37.0,0.23214999999933883,31.1875,32.375,36.79000000000002,0.0,0.0,0.0,0.0,0.0,20.0,0.3,0.1,0.2,0.1,0.4,0.1,0.1,0.1,0.5,0.0,61459.0,0.10519207927236043,0.0,65535.0,0.08752574959945067,0.0,0.0,0.0,0.0,0.0,0.0,0.0,0.0,0.0,0.0
46969.46,0.4337807249849387,0.0,16352.0,37.0,0.2734499999993348,31.25,32.375,36.85000000000002,0.0,0.0,0.0,0.0,0.0,20.0,0.3,0.1,0.2,0.1,0.4,0.1,0.1,0.1,0.5,0.0,60740.0,0.10599275600921962,0.0,65535.0,0.08661020828564889,0.0,0.0,0.0,0.0,0.0,0.0,0.0,0.0,0.0,0.0
47029.54,0.3747071583521181,0.0,16352.0,37.0,0.21694999999932676,31.1875,32.3125,36.93000000000001,0.0,0.0,0.0,0.0,0.0,20.0,0.3,0.1,0.2,0.1,0.4,0.1,0.1,0.1,0.5,0.0,61104.0,0.1057050274941084,0.0,65535.0,0.08691538872358281,0.0,0.0,0.0,0.0,0.0,0.0,0.0,0.0,0.0,0.0
47089.6,0.3985855893676179,0.0,16352.0,37.0,0.1845499999993244,31.25,32.375,36.710000000000036,0.0,0.0,0.0,0.0,0.0,20.0,0.3,0.1,0.2,0.1,0.4,0.1,0.1,0.1,0.5,0.0,60571.0,0.10633801654256987,0.0,65535.0,0.08661020828564889,0.0,0.0,0.0,0.0,0.0,0.0,0.0,0.0,0.0,0.0
47149.67,0.42243590708562595,0.0,16352.0,37.0,0.2310499999993247,31.25,32.4375,36.690000000000055,0.0,0.0,0.0,0.0,0.0,20.0,0.3,0.1,0.2,0.1,0.4,0.1,0.1,0.1,0.5,0.0,60722.0,0.10622179770099799,0.0,65535.0,0.0865339131761654,0.0,0.0,0.0,0.0,0.0,0.0,0.0,0.0,0.0,0.0
47209.72,0.3638018240586701,0.0,16352.0,37.0,0.20484999999933262,31.25,32.375,36.93000000000001,0.0,0.0,0.0,0.0,0.0,20.0,0.3,0.1,0.2,0.1,0.4,0.1,0.1,0.1,0.5,0.0,61021.0,0.10604545975975484,0.0,65535.0,0.08686961165789273,0.0,0.0,0.0,0.0,0.0,0.0,0.0,0.0,0.0,0.0
47269.8,0.3710761896381691,0.0,16352.0,37.0,0.2151499999993224,31.25,32.375,36.870000000000005,0.0,0.0,0.0,0.0,0.0,20.0,0.3,0.1,0.2,0.1,0.4,0.1,0.1,0.1,0.5,0.0,61529.0,0.1051699198751808,0.0,65535.0,0.08702220187685969,0.0,0.0,0.0,0.0,0.0,0.0,0.0,0.0,0.0,0.0
47329.83,0.37565572170381245,0.0,16352.0,37.0,0.20244999999933055,31.1875,32.375,36.89000000000004,0.0,0.0,0.0,0.0,0.0,20.0,0.3,0.1,0.2,0.1,0.4,0.1,0.1,0.1,0.5,0.0,60995.0,0.10574637265349619,0.0,65535.0,0.08679331654840924,0.0,0.0,0.0,0.0,0.0,0.0,0.0,0.0,0.0,0.0
47389.89,0.38095332341426985,0.0,16352.0,37.0,0.25424999999932696,31.25,32.375,36.710000000000036,0.0,0.0,0.0,0.0,0.0,20.0,0.3,0.1,0.2,0.1,0.4,0.1,0.1,0.1,0.5,0.0,60691.0,0.1061277619416388,0.0,65535.0,0.08662546730754558,0.0,0.0,0.0,0.0,0.0,0.0,0.0,0.0,0.0,0.0
47449.95,0.4239712513168272,0.0,16352.0,37.0,0.19154999999932368,31.25,32.375,36.85000000000002,0.0,0.0,0.0,0.0,0.0,20.0,0.3,0.1,0.2,0.1,0.4,0.1,0.1,0.1,0.5,0.0,61340.0,0.10555917835017933,0.0,65535.0,0.08679331654840924,0.0,0.0,0.0,0.0,0.0,0.0,0.0,0.0,0.0,0.0
47510.02,0.40504403428529795,0.0,16352.0,37.0,0.24654999999932964,31.1875,32.375,36.81,0.0,0.0,0.0,0.0,0.0,20.0,0.3,0.1,0.2,0.1,0.4,0.1,0.1,0.1,0.5,0.0,61020.0,0.10622746640445756,0.0,65535.0,0.08747997253376058,0.0,0.0,0.0,0.0,0.0,0.0,0.0,0.0,0.0,0.0
47570.09,0.38513277273852825,0.0,16352.0,37.0,0.21334999999931806,31.25,32.375,37.03000000000003,0.0,0.0,0.0,0.0,0.0,20.0,0.3,0.1,0.2,0.1,0.4,0.1,0.1,0.1,0.5,0.0,60863.0,0.10617288007492237,0.0,65535.0,0.08709849698634317,0.0,0.0,0.0,0.0,0.0,0.0,0.0,0.0,0.0,0.0
47630.12,0.38648521132409575,0.0,16352.0,37.0,0.24424999999931837,31.1875,32.375,36.81,0.0,0.0,0.0,0.0,0.0,20.0,0.3,0.1,0.2,0.1,0.4,0.1,0.1,0.1,0.5,0.0,60959.0,0.10610410275759116,0.0,65535.0,0.08670176241702907,0.0,0.0,0.0,0.0,0.0,0.0,0.0,0.0,0.0,0.0
47690.19,0.41531535997116736,0.0,16352.0,37.0,0.22864999999931662,31.25,32.375,36.85000000000002,0.0,0.0,0.0,0.0,0.0,20.0,0.3,0.1,0.2,0.1,0.4,0.1,0.1,0.1,0.5,0.0,60454.0,0.1070069805141099,0.0,65535.0,0.0874189364461738,0.0,0.0,0.0,0.0,0.0,0.0,0.0,0.0,0.0,0.0
47750.27,0.4183282858423697,0.0,16352.0,37.0,0.2304499999993158,31.1875,32.375,36.73000000000002,0.0,0.0,0.0,0.0,0.0,20.0,0.3,0.1,0.2,0.1,0.4,0.1,0.1,0.1,0.5,0.0,60412.0,0.10686618552605442,0.0,65535.0,0.08659494926375219,0.0,0.0,0.0,0.0,0.0,0.0,0.0,0.0,0.0,0.0
47810.35,0.37161339347623124,0.0,16352.0,37.0,0.23724999999932467,31.1875,32.375,36.93000000000001,0.0,0.0,0.0,0.0,0.0,20.0,0.3,0.1,0.2,0.1,0.4,0.1,0.1,0.1,0.5,0.0,60674.0,0.10648712792959093,0.0,65535.0,0.08682383459220264,0.0,0.0,0.0,0.0,0.0,0.0,0.0,0.0,0.0,0.0
47870.45,0.41854377296973244,0.0,16352.0,37.0,0.21104999999931837,31.1875,32.375,36.89000000000004,0.0,0.0,0.0,0.0,0.0,20.0,0.3,0.1,0.2,0.1,0.4,0.1,0.1,0.1,0.5,0.0,60676.0,0.1065989847715736,0.0,65535.0,0.08661020828564889,0.0,0.0,0.0,0.0,0.0,0.0,0.0,0.0,0.0,0.0
47930.53,0.38779088347859175,0.0,16352.0,37.0,0.14624999999931534,31.25,32.4375,36.73000000000002,0.0,0.0,0.0,0.0,0.0,20.0,0.3,0.1,0.2,0.1,0.4,0.1,0.1,0.1,0.5,0.0,61890.0,0.10491194053966715,0.0,65535.0,0.0873731593804837,0.0,0.0,0.0,0.0,0.0,0.0,0.0,0.0,0.0,0.0
47990.6,0.3764314769447581,0.0,16352.0,37.0,0.2551499999993183,31.1875,32.4375,36.85000000000002,0.0,0.0,0.0,0.0,0.0,20.0,0.3,0.1,0.2,0.1,0.4,0.1,0.1,0.1,0.5,0.0,61166.0,0.10612104764084622,0.0,65535.0,0.08694590676737621,0.0,0.0,0.0,0.0,0.0,0.0,0.0,0.0,0.0,0.0
48050.64,0.4093037926664097,0.0,16352.0,37.0,0.21334999999931117,31.1875,32.375,36.77000000000004,0.0,0.0,0.0,0.0,0.0,20.0,0.3,0.1,0.2,0.1,0.4,0.1,0.1,0.1,0.5,0.0,60575.0,0.10700784151877837,0.0,65535.0,0.0873884184023804,0.0,0.0,0.0,0.0,0.0,0.0,0.0,0.0,0.0,0.0
48110.71,0.37413284492004206,0.0,16352.0,37.0,0.2033499999993194,31.25,32.4375,36.89000000000004,0.0,0.0,0.0,0.0,0.0,20.0,0.3,0.1,0.2,0.1,0.4,0.1,0.1,0.1,0.5,0.0,60713.0,0.10676461383888129,0.0,65535.0,0.08711375600823987,0.0,0.0,0.0,0.0,0.0,0.0,0.0,0.0,0.0,0.0
48170.78,0.39204963676909477,0.0,16352.0,37.0,0.1730499999993177,31.1875,32.375,36.77000000000004,0.0,0.0,0.0,0.0,0.0,20.0,0.3,0.1,0.2,0.1,0.4,0.1,0.1,0.1,0.5,0.0,61003.0,0.10655213678015835,0.0,65535.0,0.08719005111772335,0.0,0.0,0.0,0.0,0.0,0.0,0.0,0.0,0.0,0.0
48230.83,0.3708240400681133,0.0,16352.0,37.0,0.23334999999931968,31.1875,32.375,36.650000000000034,0.0,0.0,0.0,0.0,0.0,20.0,0.3,0.1,0.2,0.1,0.4,0.1,0.1,0.1,0.5,0.0,60909.0,0.1066837413190169,0.0,65535.0,0.08734264133669031,0.0,0.0,0.0,0.0,0.0,0.0,0.0,0.0,0.0,0.0
48290.87,0.35385236302385226,0.0,16352.0,37.0,0.21304999999930804,31.1875,32.4375,36.870000000000005,0.0,0.0,0.0,0.0,0.0,20.0,0.3,0.1,0.2,0.1,0.4,0.1,0.1,0.1,0.5,0.0,61016.0,0.1065949914776452,0.0,65535.0,0.08708323796444647,0.0,0.0,0.0,0.0,0.0,0.0,0.0,0.0,0.0,0.0
48350.92,0.35577985259643663,0.0,16352.0,37.0,0.22834999999930747,31.1875,32.375,36.89000000000004,0.0,0.0,0.0,0.0,0.0,20.0,0.3,0.1,0.2,0.1,0.4,0.1,0.1,0.1,0.5,0.0,61703.0,0.10552161159100854,0.0,65535.0,0.08734264133669031,0.0,0.0,0.0,0.0,0.0,0.0,0.0,0.0,0.0,0.0
48410.96,0.3690138091272947,0.0,16352.0,37.0,0.16214999999930912,31.1875,32.375,36.73000000000002,0.0,0.0,0.0,0.0,0.0,20.0,0.3,0.1,0.2,0.1,0.4,0.1,0.1,0.1,0.5,0.0,61866.0,0.10546988652894966,0.0,65535.0,0.08708323796444647,0.0,0.0,0.0,0.0,0.0,0.0,0.0,0.0,0.0,0.0
48471.0,0.36151042980480635,0.0,16352.0,37.0,0.23544999999931607,31.1875,32.375,36.85000000000002,0.0,0.0,0.0,0.0,0.0,20.0,0.3,0.1,0.2,0.1,0.4,0.1,0.1,0.1,0.5,0.0,60753.0,0.1068753806396392,0.0,65535.0,0.08726634622720683,0.0,0.0,0.0,0.0,0.0,0.0,0.0,0.0,0.0,0.0
48531.03,0.37469639423062784,0.0,16352.0,37.0,0.20984999999930923,31.25,32.375,36.870000000000005,0.0,0.0,0.0,0.0,0.0,20.0,0.3,0.1,0.2,0.1,0.4,0.1,0.1,0.1,0.5,0.0,61644.0,0.10601193952371682,0.0,65535.0,0.0878461890592813,0.0,0.0,0.0,0.0,0.0,0.0,0.0,0.0,0.0,0.0
48591.07,0.3701285438234982,0.0,16352.0,37.0,0.17154999999931222,31.1875,32.3125,36.870000000000005,0.0,0.0,0.0,0.0,0.0,20.0,0.3,0.1,0.2,0.1,0.4,0.1,0.1,0.1,0.5,0.0,60328.0,0.1075619944304469,0.0,65535.0,0.08715953307392996,0.0,0.0,0.0,0.0,0.0,0.0,0.0,0.0,0.0,0.0
48651.14,0.3958878567430647,0.0,16352.0,37.0,0.2312499999993139,31.1875,32.375,36.73000000000002,0.0,0.0,0.0,0.0,0.0,20.0,0.3,0.1,0.2,0.1,0.4,0.1,0.1,0.1,0.5,0.0,61004.0,0.1065012130352108,0.0,65535.0,0.08731212329289692,0.0,0.0,0.0,0.0,0.0,0.0,0.0,0.0,0.0,0.0
48711.18,0.4044631096589122,0.0,16352.0,37.0,0.20274999999931226,31.25,32.375,36.93000000000001,0.0,0.0,0.0,0.0,0.0,20.0,0.3,0.1,0.2,0.1,0.4,0.1,0.1,0.1,0.5,0.0,61151.0,0.10634331409134765,0.0,65535.0,0.08734264133669031,0.0,0.0,0.0,0.0,0.0,0.0,0.0,0.0,0.0,0.0
48771.25,0.39309195577202205,0.0,16352.0,37.0,0.23334999999931283,31.1875,32.375,36.870000000000005,0.0,0.0,0.0,0.0,0.0,20.0,0.3,0.1,0.2,0.1,0.4,0.1,0.1,0.1,0.5,0.0,60766.0,0.10711582134746404,0.0,65535.0,0.08729686427100022,0.0,0.0,0.0,0.0,0.0,0.0,0.0,0.0,0.0,0.0
48831.3,0.4234607611331399,0.0,16352.0,37.0,0.21544999999930156,31.125,32.375,36.690000000000055,0.0,0.0,0.0,0.0,0.0,20.0,0.3,0.1,0.2,0.1,0.4,0.1,0.1,0.1,0.5,0.0,61786.0,0.10594633088401903,0.0,65535.0,0.08793774319066149,0.0,0.0,0.0,0.0,0.0,0.0,0.0,0.0,0.0,0.0
48891.37,0.37275767900342366,0.0,16352.0,37.0,0.21634999999930074,31.1875,32.375,36.89000000000004,0.0,0.0,0.0,0.0,0.0,20.0,0.3,0.1,0.2,0.1,0.4,0.1,0.1,0.1,0.5,0.0,61135.0,0.10681279136337614,0.0,65535.0,0.08702220187685969,0.0,0.0,0.0,0.0,0.0,0.0,0.0,0.0,0.0,0.0
48951.45,0.37997730205813196,0.0,16352.0,37.0,0.25024999999930087,31.1875,32.375,36.77000000000004,0.0,0.0,0.0,0.0,0.0,20.0,0.3,0.1,0.2,0.1,0.4,0.1,0.1,0.1,0.5,0.0,61486.0,0.10607292717041278,0.0,65535.0,0.08709849698634317,0.0,0.0,0.0,0.0,0.0,0.0,0.0,0.0,0.0,0.0
49011.53,0.3733329243448087,0.0,16352.0,37.0,0.2081499999993082,31.25,32.375,36.97000000000003,0.0,0.0,0.0,0.0,0.0,20.0,0.3,0.1,0.2,0.1,0.4,0.1,0.1,0.1,0.5,0.0,61040.0,0.1067824377457405,0.0,65535.0,0.08776989394979781,0.0,0.0,0.0,0.0,0.0,0.0,0.0,0.0,0.0,0.0
49071.58,0.3841782385688086,0.0,16352.0,37.0,0.1471499999993,31.25,32.375,36.81,0.0,0.0,0.0,0.0,0.0,20.0,0.3,0.1,0.2,0.1,0.4,0.1,0.1,0.1,0.5,0.0,60900.0,0.10669950738916256,0.0,65535.0,0.08717479209582665,0.0,0.0,0.0,0.0,0.0,0.0,0.0,0.0,0.0,0.0
49131.65,0.3628134246543706,0.0,16352.0,37.0,0.23304999999930714,31.25,32.375,36.89000000000004,0.0,0.0,0.0,0.0,0.0,20.0,0.3,0.1,0.2,0.1,0.4,0.1,0.1,0.1,0.5,0.0,61493.0,0.10633730668531377,0.0,65535.0,0.0878004119935912,0.0,0.0,0.0,0.0,0.0,0.0,0.0,0.0,0.0,0.0
49191.72,0.3756787391836903,0.0,16352.0,37.0,0.22634999999930158,31.1875,32.375,36.610000000000014,0.0,0.0,0.0,0.0,0.0,20.0,0.3,0.1,0.2,0.1,0.4,0.1,0.1,0.1,0.5,0.0,61227.0,0.10668495925000408,0.0,65535.0,0.08818188754100863,0.0,0.0,0.0,0.0,0.0,0.0,0.0,0.0,0.0,0.0
49251.78,0.4037739858406406,0.0,16352.0,37.0,0.20304999999930515,31.1875,32.375,36.79000000000002,0.0,0.0,0.0,0.0,0.0,20.0,0.3,0.1,0.2,0.1,0.4,0.1,0.1,0.1,0.5,0.0,61687.0,0.1061649942451408,0.0,65535.0,0.0878309300373846,0.0,0.0,0.0,0.0,0.0,0.0,0.0,0.0,0.0,0.0
49311.85,0.36379358197110406,0.0,16352.0,37.0,0.24544999999929584,31.1875,32.375,36.650000000000034,0.0,0.0,0.0,0.0,0.0,20.0,0.3,0.1,0.2,0.1,0.4,0.1,0.1,0.1,0.5,0.0,60755.0,0.10720105341124188,0.0,65535.0,0.0874189364461738,0.0,0.0,0.0,0.0,0.0,0.0,0.0,0.0,0.0,0.0
49371.93,0.3907207105959352,0.0,16352.0,37.0,0.2304499999992944,31.125,32.375,36.77000000000004,0.0,0.0,0.0,0.0,0.0,20.0,0.3,0.1,0.2,0.1,0.4,0.1,0.1,0.1,0.5,0.0,60748.0,0.10762494238493449,0.0,65535.0,0.08729686427100022,0.0,0.0,0.0,0.0,0.0,0.0,0.0,0.0,0.0,0.0
49431.97,0.4100179744572222,0.0,16352.0,37.0,0.202749999999302,31.1875,32.375,36.81,0.0,0.0,0.0,0.0,0.0,20.0,0.3,0.1,0.2,0.1,0.4,0.1,0.1,0.1,0.5,0.0,61204.0,0.10665969544474217,0.0,65535.0,0.08758678568703746,0.0,0.0,0.0,0.0,0.0,0.0,0.0,0.0,0.0,0.0
49492.04,0.38735209360501677,0.0,16352.0,37.0,0.1827499999992909,31.1875,32.375,36.950000000000045,0.0,0.0,0.0,0.0,0.0,20.0,0.3,0.1,0.2,0.1,0.4,0.1,0.1,0.1,0.5,0.0,60480.0,0.10796957671957672,0.0,65535.0,0.0873884184023804,0.0,0.0,0.0,0.0,0.0,0.0,0.0,0.0,0.0,0.0
49552.1,0.3700339456316548,0.0,16352.0,37.0,0.21334999999929063,31.25,32.375,36.93000000000001,0.0,0.0,0.0,0.0,0.0,20.0,0.3,0.1,0.2,0.1,0.4,0.1,0.1,0.1,0.5,0.0,60902.0,0.10740205576171555,0.0,65535.0,0.08773937590600442,0.0,0.0,0.0,0.0,0.0,0.0,0.0,0.0,0.0,0.0
49612.17,0.4034841911511528,0.0,16352.0,37.0,0.2233499999992949,31.1875,32.375,36.650000000000034,0.0,0.0,0.0,0.0,0.0,20.0,0.3,0.1,0.2,0.1,0.4,0.1,0.1,0.1,0.5,0.0,62278.0,0.10592825716946594,0.0,65535.0,0.08848706797894255,0.0,0.0,0.0,0.0,0.0,0.0,0.0,0.0,0.0,0.0
49672.24,0.3851781862875614,0.0,16352.0,37.0,0.2351499999992992,31.25,32.375,36.79000000000002,0.0,0.0,0.0,0.0,0.0,20.0,0.3,0.1,0.2,0.1,0.4,0.1,0.1,0.1,0.5,0.0,61064.0,0.10733001441110966,0.0,65535.0,0.0878156710154879,0.0,0.0,0.0,0.0,0.0,0.0,0.0,0.0,0.0,0.0
49732.32,0.39819529738012316,0.0,16352.0,37.0,0.24484999999928866,31.25,32.375,36.77000000000004,0.0,0.0,0.0,0.0,0.0,20.0,0.3,0.1,0.2,0.1,0.4,0.1,0.1,0.1,0.5,0.0,60973.0,0.1071293851376839,0.0,65535.0,0.08775463492790112,0.0,0.0,0.0,0.0,0.0,0.0,0.0,0.0,0.0,0.0
49792.39,0.42191510324379444,0.0,16352.0,37.0,0.19274999999929085,31.1875,32.375,36.710000000000036,0.0,0.0,0.0,0.0,0.0,20.0,0.3,0.1,0.2,0.1,0.4,0.1,0.1,0.1,0.5,0.0,61637.0,0.10681895614647047,0.0,65535.0,0.08824292362859541,0.0,0.0,0.0,0.0,0.0,0.0,0.0,0.0,0.0,0.0
49852.47,0.41316357902996964,0.0,16352.0,37.0,0.2280499999992863,31.1875,32.375,36.73000000000002,0.0,0.0,0.0,0.0,0.0,20.0,0.3,0.1,0.2,0.1,0.4,0.1,0.1,0.1,0.5,0.0,61568.0,0.1067762474012474,0.0,65535.0,0.0882887006942855,0.0,0.0,0.0,0.0,0.0,0.0,0.0,0.0,0.0,0.0
49912.53,0.360940907319696,0.0,16352.0,37.0,0.24424999999928576,31.25,32.375,36.710000000000036,0.0,0.0,0.0,0.0,0.0,20.0,0.3,0.1,0.2,0.1,0.4,0.1,0.1,0.1,0.5,0.0,61519.0,0.10673125375900129,0.0,65535.0,0.08796826123445488,0.0,0.0,0.0,0.0,0.0,0.0,0.0,0.0,0.0,0.0
49972.58,0.40279143955380037,0.0,16352.0,37.0,0.2307499999992838,31.1875,32.3125,36.79000000000002,0.0,0.0,0.0,0.0,0.0,20.0,0.3,0.1,0.2,0.1,0.4,0.1,0.1,0.1,0.5,0.0,61907.0,0.1064176910527081,0.0,65535.0,0.08812085145342184,0.0,0.0,0.0,0.0,0.0,0.0,0.0,0.0,0.0,0.0
50032.66,0.3920818679200277,0.0,16352.0,37.0,0.25224999999929354,31.1875,32.375,36.97000000000003,0.0,0.0,0.0,0.0,0.0,20.0,0.3,0.1,0.2,0.1,0.4,0.1,0.1,0.1,0.5,0.0,60789.0,0.10768395597887775,0.0,65535.0,0.08778515297169451,0.0,0.0,0.0,0.0,0.0,0.0,0.0,0.0,0.0,0.0
50092.72,0.3930923051190358,0.0,16352.0,37.0,0.21664999999928156,31.1875,32.375,36.97000000000003,0.0,0.0,0.0,0.0,0.0,20.0,0.3,0.1,0.2,0.1,0.4,0.1,0.1,0.1,0.5,0.0,61454.0,0.10687668825462948,0.0,65535.0,0.08834973678187229,0.0,0.0,0.0,0.0,0.0,0.0,0.0,0.0,0.0,0.0
50152.76,0.4107217139525433,0.0,16352.0,37.0,0.18834999999928967,31.25,32.375,36.85000000000002,0.0,0.0,0.0,0.0,0.0,20.0,0.3,0.1,0.2,0.1,0.4,0.1,0.1,0.1,0.5,0.0,61449.0,0.10685283731224267,0.0,65535.0,0.08865491721980621,0.0,0.0,0.0,0.0,0.0,0.0,0.0,0.0,0.0,0.0
50212.81,0.3607655278791778,0.0,16352.0,37.0,0.24484999999928092,31.1875,32.375,36.73000000000002,0.0,0.0,0.0,0.0,0.0,20.0,0.3,0.1,0.2,0.1,0.4,0.1,0.1,0.1,0.5,0.0,61124.0,0.10735553955892939,0.0,65535.0,0.08801403830014497,0.0,0.0,0.0,0.0,0.0,0.0,0.0,0.0,0.0,0.0
50272.84,0.4091586381607762,0.0,16352.0,37.0,0.24334999999927973,31.1875,32.375,36.93000000000001,0.0,0.0,0.0,0.0,0.0,20.0,0.3,0.1,0.2,0.1,0.4,0.1,0.1,0.1,0.5,0.0,60885.0,0.10764556130409789,0.0,65535.0,0.08769359884031433,0.0,0.0,0.0,0.0,0.0,0.0,0.0,0.0,0.0,0.0
50332.88,0.3757835325124044,0.0,16352.0,37.0,0.19184999999928137,31.125,32.375,36.690000000000055,0.0,0.0,0.0,0.0,0.0,20.0,0.3,0.1,0.2,0.1,0.4,0.1,0.1,0.1,0.5,0.0,61192.0,0.10723624003137665,0.0,65535.0,0.08886854352635996,0.0,0.0,0.0,0.0,0.0,0.0,0.0,0.0,0.0,0.0
50392.92,0.3815688495936764,0.0,16352.0,37.0,0.22154999999928193,31.1875,32.375,36.79000000000002,0.0,0.0,0.0,0.0,0.0,20.0,0.3,0.1,0.2,0.1,0.4,0.1,0.1,0.1,0.5,0.0,61428.0,0.10723123005795403,0.0,65535.0,0.08880750743877318,0.0,0.0,0.0,0.0,0.0,0.0,0.0,0.0,0.0,0.0
50452.96,0.3906891858917552,0.0,16352.0,37.0,0.212449999999276,31.1875,32.375,36.690000000000055,0.0,0.0,0.0,0.0,0.0,20.0,0.3,0.1,0.2,0.1,0.4,0.1,0.1,0.1,0.5,0.0,61114.0,0.10735674313577903,0.0,65535.0,0.08766308079652094,0.0,0.0,0.0,0.0,0.0,0.0,0.0,0.0,0.0,0.0
50513.04,0.3842569609257213,0.0,16352.0,37.0,0.20624999999927993,31.125,32.375,36.870000000000005,0.0,0.005,0.25,0.0,0.0,20.0,0.3,0.1,0.2,0.1,0.4,0.1,0.1,0.1,0.5,0.0,61009.0,0.10793489485157927,0.0,65535.0,0.08755626764324406,0.0,0.0,0.0,0.0,0.0,0.0,0.0,0.0,0.0,0.0
50573.1,0.3842256556611673,0.0,16352.0,37.0,0.37059999999927457,31.125,32.375,36.450000000000045,0.0,0.0,0.0,0.0,0.0,20.0,0.3,0.1,0.2,0.1,0.4,0.1,0.1,0.1,0.5,0.0,60392.0,0.10681878394489336,0.0,65535.0,0.08598458838788434,0.0,0.0,0.0,0.0,0.0,0.0,0.0,0.0,0.0,0.0
50633.16,0.3661086313446151,0.0,16352.0,37.0,0.24634999999927387,31.125,32.375,36.63000000000005,0.0,0.0,0.0,0.0,0.0,20.0,0.3,0.1,0.2,0.1,0.4,0.1,0.1,0.1,0.5,0.0,60253.0,0.10660050121985627,0.0,65535.0,0.08603036545357443,0.0,0.0,0.0,0.0,0.0,0.0,0.0,0.0,0.0,0.0
50693.24,0.36622038995882455,0.0,16352.0,37.0,0.20664999999928155,31.25,32.3125,36.950000000000045,0.0,0.0,0.0,0.0,0.0,20.0,0.3,0.1,0.2,0.1,0.4,0.1,0.1,0.1,0.5,0.0,61167.0,0.10543266794186408,0.0,65535.0,0.08627450980392157,0.0,0.0,0.0,0.0,0.0,0.0,0.0,0.0,0.0,0.0
50753.28,0.36547994128265604,0.0,16352.0,37.0,0.26374999999927307,31.25,32.375,37.03000000000003,0.0,0.0,0.0,0.0,0.0,20.0,0.3,0.1,0.2,0.1,0.4,0.1,0.1,0.1,0.5,0.0,59446.0,0.10759344615281095,0.0,65535.0,0.08639658197909514,0.0,0.0,0.0,0.0,0.0,0.0,0.0,0.0,0.0,0.0
50813.33,0.3578805861504507,0.0,16352.0,37.0,0.20864999999927458,31.25,32.375,36.85000000000002,0.0,0.0,0.0,0.0,0.0,20.0,0.3,0.1,0.2,0.1,0.4,0.1,0.1,0.1,0.5,0.0,59647.0,0.10734823209884822,0.0,65535.0,0.08557259479667353,0.0,0.0,0.0,0.0,0.0,0.0,0.0,0.0,0.0,0.0
50873.38,0.35146123975294324,0.0,16352.0,37.0,0.22594999999926965,31.1875,32.375,36.79000000000002,0.0,0.0,0.0,0.0,0.0,20.0,0.3,0.1,0.2,0.1,0.4,0.1,0.1,0.1,0.5,0.0,60075.0,0.10686641697877652,0.0,65535.0,0.0857404440375372,0.0,0.0,0.0,0.0,0.0,0.0,0.0,0.0,0.0,0.0
50933.42,0.34631086518224224,0.0,16352.0,37.0,0.20504999999927273,31.25,32.375,36.77000000000004,0.0,0.0,0.0,0.0,0.0,20.0,0.3,0.1,0.2,0.1,0.4,0.1,0.1,0.1,0.5,0.0,60160.0,0.1065658244680851,0.0,65535.0,0.0861371786068513,0.0,0.0,0.0,0.0,0.0,0.0,0.0,0.0,0.0,0.0
50993.49,0.3374907374427412,0.0,16352.0,37.0,0.22414999999926788,31.1875,32.375,36.870000000000005,0.0,0.0,0.0,0.0,0.0,20.0,0.3,0.1,0.2,0.1,0.4,0.1,0.1,0.1,0.5,0.0,59768.0,0.10713090617052604,0.0,65535.0,0.08566414892805371,0.0,0.0,0.0,0.0,0.0,0.0,0.0,0.0,0.0,0.0
51053.55,0.3549079587194395,0.0,16352.0,37.0,0.275349999999279,31.25,32.375,36.85000000000002,0.0,0.0,0.0,0.0,0.0,20.0,0.3,0.1,0.2,0.1,0.4,0.1,0.1,0.1,0.5,0.0,59780.0,0.10729340916694546,0.0,65535.0,0.08645761806668192,0.0,0.0,0.0,0.0,0.0,0.0,0.0,0.0,0.0,0.0
51113.62,0.3542136392617543,0.0,16352.0,37.0,0.193249999999265,31.1875,32.375,36.89000000000004,0.0,0.0,0.0,0.0,0.0,20.0,0.3,0.1,0.2,0.1,0.4,0.1,0.1,0.1,0.5,0.0,59657.0,0.10751462527448581,0.0,65535.0,0.08586251621271077,0.0,0.0,0.0,0.0,0.0,0.0,0.0,0.0,0.0,0.0
51173.68,0.3435856620004108,0.0,16352.0,37.0,0.1758499999992632,31.1875,32.375,37.03000000000003,0.0,0.0,0.0,0.0,0.0,20.0,0.3,0.1,0.2,0.1,0.4,0.1,0.1,0.1,0.5,0.0,60356.0,0.10676651865597456,0.0,65535.0,0.08647287708857862,0.0,0.0,0.0,0.0,0.0,0.0,0.0,0.0,0.0,0.0
51233.72,0.4003032348113701,0.0,16352.0,37.0,0.20054999999926829,31.1875,32.375,36.93000000000001,0.0,0.0,0.0,0.0,0.0,20.0,0.3,0.1,0.2,0.1,0.4,0.1,0.1,0.1,0.5,0.0,59980.0,0.10741913971323774,0.0,65535.0,0.08618295567254139,0.0,0.0,0.0,0.0,0.0,0.0,0.0,0.0,0.0,0.0
51293.76,0.37613247123368687,0.0,16352.0,37.0,0.1719499999992616,31.25,32.375,36.870000000000005,0.0,0.0,0.0,0.0,0.0,20.0,0.3,0.1,0.2,0.1,0.4,0.1,0.1,0.1,0.5,0.0,60313.0,0.10661051514598843,0.0,65535.0,0.0861371786068513,0.0,0.0,0.0,0.0,0.0,0.0,0.0,0.0,0.0,0.0
51353.81,0.36233528421753525,0.0,16352.0,37.0,0.18834999999927085,31.25,32.375,36.73000000000002,0.0,0.0,0.0,0.0,0.0,20.0,0.3,0.1,0.2,0.1,0.4,0.1,0.1,0.1,0.5,0.0,59992.0,0.1071142819042539,0.0,65535.0,0.08622873273823148,0.0,0.0,0.0,0.0,0.0,0.0,0.0,0.0,0.0,0.0
51413.85,0.3681049182637095,0.0,16352.0,37.0,0.2542499999992678,31.25,32.4375,36.870000000000005,0.0,0.0,0.0,0.0,0.0,20.0,0.3,0.1,0.2,0.1,0.4,0.1,0.1,0.1,0.5,0.0,59781.0,0.10750907478964888,0.0,65535.0,0.08587777523460746,0.0,0.0,0.0,0.0,0.0,0.0,0.0,0.0,0.0,0.0
51473.93,0.3774308407639072,0.0,16352.0,37.0,0.20984999999926549,31.1875,32.375,36.89000000000004,0.0,0.0,0.0,0.0,0.0,20.0,0.3,0.1,0.2,0.1,0.4,0.1,0.1,0.1,0.5,0.0,60169.0,0.10676594259502402,0.0,65535.0,0.08601510643167773,0.0,0.0,0.0,0.0,0.0,0.0,0.0,0.0,0.0,0.0
51534.0,0.4032150255600814,0.0,16352.0,37.0,0.20454999999926946,31.25,32.375,36.870000000000005,0.0,0.0,0.0,0.0,0.0,20.0,0.3,0.1,0.2,0.1,0.4,0.1,0.1,0.1,0.5,0.0,59800.0,0.10777591973244147,0.0,65535.0,0.08641184100099183,0.0,0.0,0.0,0.0,0.0,0.0,0.0,0.0,0.0,0.0
51594.06,0.388676273827946,0.0,16352.0,37.0,0.24934999999926052,31.1875,32.375,36.81,0.0,0.0,0.0,0.0,0.0,20.0,0.3,0.1,0.2,0.1,0.4,0.1,0.1,0.1,0.5,0.0,59991.0,0.10743278158390425,0.0,65535.0,0.08603036545357443,0.0,0.0,0.0,0.0,0.0,0.0,0.0,0.0,0.0,0.0
51654.14,0.3898403657876033,0.0,16352.0,37.0,0.21104999999926266,31.1875,32.375,37.03000000000003,0.0,0.0,0.0,0.0,0.0,20.0,0.3,0.1,0.2,0.1,0.4,0.1,0.1,0.1,0.5,0.0,60281.0,0.10706524443854615,0.0,65535.0,0.086152437628748,0.0,0.0,0.0,0.0,0.0,0.0,0.0,0.0,0.0,0.0
51714.21,0.3940307622442217,0.0,16352.0,37.0,0.19634999999926095,31.1875,32.375,36.93000000000001,0.0,0.0,0.0,0.0,0.0,20.0,0.3,0.1,0.2,0.1,0.4,0.1,0.1,0.1,0.5,0.0,59539.0,0.10796284788122071,0.0,65535.0,0.08607614251926451,0.0,0.0,0.0,0.0,0.0,0.0,0.0,0.0,0.0,0.0
51774.3,0.4127779689734648,0.0,16352.0,37.0,0.20484999999926573,31.1875,32.375,36.85000000000002,0.0,0.0,0.0,0.0,0.0,20.0,0.3,0.1,0.2,0.1,0.4,0.1,0.1,0.1,0.5,0.0,60358.0,0.10684581994101859,0.0,65535.0,0.08676279850461585,0.0,0.0,0.0,0.0,0.0,0.0,0.0,0.0,0.0,0.0
51834.36,0.3884594670568279,0.0,16352.0,37.0,0.23454999999926626,31.1875,32.375,36.79000000000002,0.0,0.0,0.0,0.0,0.0,20.0,0.3,0.1,0.2,0.1,0.4,0.1,0.1,0.1,0.5,0.0,60448.0,0.10718303335097935,0.0,65535.0,0.0869611657892729,0.0,0.0,0.0,0.0,0.0,0.0,0.0,0.0,0.0,0.0
51894.41,0.34933019912497776,0.0,16352.0,37.0,0.24574999999925606,31.25,32.375,36.89000000000004,0.0,0.0,0.0,0.0,0.0,20.0,0.3,0.1,0.2,0.1,0.4,0.1,0.1,0.1,0.5,0.0,60044.0,0.10722137099460395,0.0,65535.0,0.08621347371633478,0.0,0.0,0.0,0.0,0.0,0.0,0.0,0.0,0.0,0.0
51954.48,0.378546656769461,0.0,16352.0,37.0,0.24934999999925533,31.1875,32.375,36.690000000000055,0.0,0.0,0.0,0.0,0.0,20.0,0.3,0.1,0.2,0.1,0.4,0.1,0.1,0.1,0.5,0.0,60685.0,0.10676443931778858,0.0,65535.0,0.08667124437323567,0.0,0.0,0.0,0.0,0.0,0.0,0.0,0.0,0.0,0.0
52014.54,0.3569289889529793,0.0,16352.0,37.0,0.19544999999925744,31.1875,32.375,36.93000000000001,0.0,0.0,0.0,0.0,0.0,20.0,0.3,0.1,0.2,0.1,0.4,0.1,0.1,0.1,0.5,0.0,60357.0,0.10706297529698296,0.0,65535.0,0.08642710002288853,0.0,0.0,0.0,0.0,0.0,0.0,0.0,0.0,0.0,0.0
52074.6,0.37897312732483535,0.0,16352.0,37.0,0.16924999999925028,31.25,32.375,36.97000000000003,0.0,0.0,0.0,0.0,0.0,20.0,0.3,0.1,0.2,0.1,0.4,0.1,0.1,0.1,0.5,0.0,60115.0,0.1073276220577227,0.0,65535.0,0.08647287708857862,0.0,0.0,0.0,0.0,0.0,0.0,0.0,0.0,0.0,0.0
52134.67,0.37357078845249236,0.0,16352.0,37.0,0.19394999999925536,31.25,32.375,36.81,0.0,0.0,0.0,0.0,0.0,20.0,0.3,0.1,0.2,0.1,0.4,0.1,0.1,0.1,0.5,0.0,60170.0,0.10709655974738241,0.0,65535.0,0.0869764248111696,0.0,0.0,0.0,0.0,0.0,0.0,0.0,0.0,0.0,0.0
52194.74,0.36423345204042334,0.0,16352.0,37.0,0.21544999999925002,31.1875,32.4375,37.03000000000003,0.0,0.0,0.0,0.0,0.0,20.0,0.3,0.1,0.2,0.1,0.4,0.1,0.1,0.1,0.5,0.0,59741.0,0.1077819253109255,0.0,65535.0,0.08690012970168612,0.0,0.0,0.0,0.0,0.0,0.0,0.0,0.0,0.0,0.0
52254.81,0.3964315759392698,0.0,16352.0,37.0,0.21394999999924882,31.1875,32.375,37.05000000000001,0.0,0.0,0.0,0.0,0.0,20.0,0.3,0.1,0.2,0.1,0.4,0.1,0.1,0.1,0.5,0.0,60043.0,0.10750628716086805,0.0,65535.0,0.08642710002288853,0.0,0.0,0.0,0.0,0.0,0.0,0.0,0.0,0.0,0.0
52314.89,0.38521962207602106,0.0,16352.0,37.0,0.1889499999992565,31.1875,32.375,36.950000000000045,0.0,0.0,0.0,0.0,0.0,20.0,0.3,0.1,0.2,0.1,0.4,0.1,0.1,0.1,0.5,0.0,59868.0,0.10805438631656311,0.0,65535.0,0.08633554589150835,0.0,0.0,0.0,0.0,0.0,0.0,0.0,0.0,0.0,0.0
52374.96,0.37446068051464326,0.0,16352.0,37.0,0.21484999999924714,31.1875,32.375,37.03000000000003,0.0,0.0,0.0,0.0,0.0,20.0,0.3,0.1,0.2,0.1,0.4,0.1,0.1,0.1,0.5,0.0,60214.0,0.10733384262796028,0.0,65535.0,0.08642710002288853,0.0,0.0,0.0,0.0,0.0,0.0,0.0,0.0,0.0,0.0
52435.03,0.3774629175172557,0.0,16352.0,37.0,0.14564999999924813,31.25,32.375,36.97000000000003,0.0,0.0,0.0,0.0,0.0,20.0,0.3,0.1,0.2,0.1,0.4,0.1,0.1,0.1,0.5,0.0,59619.0,0.10805280195910699,0.0,65535.0,0.08683909361409933,0.0,0.0,0.0,0.0,0.0,0.0,0.0,0.0,0.0,0.0
52495.1,0.3420159973847628,0.0,16352.0,37.0,0.24984999999925625,31.1875,32.375,36.710000000000036,0.0,0.0,0.0,0.0,0.0,20.0,0.3,0.1,0.2,0.1,0.4,0.1,0.1,0.1,0.5,0.0,60146.0,0.10757157583214179,0.0,65535.0,0.0869916838330663,0.0,0.0,0.0,0.0,0.0,0.0,0.0,0.0,0.0,0.0
52555.18,0.34453937274057755,0.0,16352.0,37.0,0.24574999999924577,31.1875,32.375,36.85000000000002,0.0,0.0,0.0,0.0,0.0,20.0,0.3,0.1,0.2,0.1,0.4,0.1,0.1,0.1,0.5,0.0,59935.0,0.10788354050221073,0.0,65535.0,0.08650339513237201,0.0,0.0,0.0,0.0,0.0,0.0,0.0,0.0,0.0,0.0
52615.26,0.34788738159012905,0.0,16352.0,37.0,0.20364999999925307,31.1875,32.375,36.63000000000005,0.0,0.0,0.0,0.0,0.0,20.0,0.3,0.1,0.2,0.1,0.4,0.1,0.1,0.1,0.5,0.0,60579.0,0.10700077584641543,0.0,65535.0,0.08664072632944228,0.0,0.0,0.0,0.0,0.0,0.0,0.0,0.0,0.0,0.0
52675.34,0.34422816774020193,0.0,16352.0,37.0,0.18274999999924194,31.1875,32.375,36.63000000000005,0.0,0.0,0.0,0.0,0.0,20.0,0.3,0.1,0.2,0.1,0.4,0.1,0.1,0.1,0.5,0.0,59768.0,0.1079842055949672,0.0,65535.0,0.08647287708857862,0.0,0.0,0.0,0.0,0.0,0.0,0.0,0.0,0.0,0.0
52735.41,0.3346027487428198,0.0,16352.0,37.0,0.2507499999992537,31.1875,32.375,36.81,0.0,0.0,0.0,0.0,0.0,20.0,0.3,0.1,0.2,0.1,0.4,0.1,0.1,0.1,0.5,0.0,60613.0,0.10672627984095821,0.0,65535.0,0.08690012970168612,0.0,0.0,0.0,0.0,0.0,0.0,0.0,0.0,0.0,0.0
52795.45,0.36377028551459345,0.0,16352.0,37.0,0.1963499999992463,31.1875,32.375,36.93000000000001,0.0,0.0,0.0,0.0,0.0,20.0,0.3,0.1,0.2,0.1,0.4,0.1,0.1,0.1,0.5,0.0,59693.0,0.10820364196806996,0.0,65535.0,0.08625925078202487,0.0,0.0,0.0,0.0,0.0,0.0,0.0,0.0,0.0,0.0
52855.5,0.35479013855929653,0.0,16352.0,37.0,0.18924999999925018,31.1875,32.3125,36.77000000000004,0.0,0.0,0.0,0.0,0.0,20.0,0.3,0.1,0.2,0.1,0.4,0.1,0.1,0.1,0.5,0.0,60300.0,0.10754560530679934,0.0,65535.0,0.08677805752651255,0.0,0.0,0.0,0.0,0.0,0.0,0.0,0.0,0.0,0.0
52915.54,0.34858181067724403,0.0,16352.0,37.0,0.20744999999924527,31.1875,32.375,36.89000000000004,0.0,0.0,0.0,0.0,0.0,20.0,0.3,0.1,0.2,0.1,0.4,0.1,0.1,0.1,0.5,0.0,59948.0,0.1080770000667245,0.0,65535.0,0.0865339131761654,0.0,0.0,0.0,0.0,0.0,0.0,0.0,0.0,0.0,0.0
52975.62,0.37671704753120155,0.0,16352.0,37.0,0.20214999999924924,31.1875,32.3125,36.89000000000004,0.0,0.0,0.0,0.0,0.0,20.0,0.3,0.1,0.2,0.1,0.4,0.1,0.1,0.1,0.5,0.0,60736.0,0.10726751844046364,0.0,65535.0,0.08686961165789273,0.0,0.0,0.0,0.0,0.0,0.0,0.0,0.0,0.0,0.0
53035.69,0.39750580415295167,0.0,16352.0,37.0,0.19124999999924322,31.1875,32.375,36.870000000000005,0.0,0.0,0.0,0.0,0.0,20.0,0.3,0.1,0.2,0.1,0.4,0.1,0.1,0.1,0.5,0.0,59776.0,0.10848835653104925,0.0,65535.0,0.08661020828564889,0.0,0.0,0.0,0.0,0.0,0.0,0.0,0.0,0.0,0.0
53095.73,0.39753631326876804,0.0,16352.0,37.0,0.23034999999924857,31.1875,32.3125,36.93000000000001,0.0,0.0,0.0,0.0,0.0,20.0,0.3,0.1,0.2,0.1,0.4,0.1,0.1,0.1,0.5,0.0,59831.0,0.1082549180190871,0.0,65535.0,0.08662546730754558,0.0,0.0,0.0,0.0,0.0,0.0,0.0,0.0,0.0,0.0
53155.8,0.353189600914147,0.0,16352.0,37.0,0.20654999999924178,31.1875,32.375,36.73000000000002,0.0,0.0,0.0,0.0,0.0,20.0,0.3,0.1,0.2,0.1,0.4,0.1,0.1,0.1,0.5,0.0,60134.0,0.1077925965344065,0.0,65535.0,0.08728160524910353,0.0,0.0,0.0,0.0,0.0,0.0,0.0,0.0,0.0,0.0
53215.88,0.41114722364168266,0.0,16352.0,37.0,0.20564999999924088,31.125,32.3125,36.690000000000055,0.0,0.0,0.0,0.0,0.0,20.0,0.3,0.1,0.2,0.1,0.4,0.1,0.1,0.1,0.5,0.0,59802.0,0.10845791110665196,0.0,65535.0,0.08731212329289692,0.0,0.0,0.0,0.0,0.0,0.0,0.0,0.0,0.0,0.0
53275.93,0.34974373188150565,0.0,16352.0,37.0,0.2468499999992469,31.125,32.3125,36.870000000000005,0.0,0.0,0.0,0.0,0.0,20.0,0.3,0.1,0.2,0.1,0.4,0.1,0.1,0.1,0.5,0.0,60082.0,0.10818547984421291,0.0,65535.0,0.08685435263599603,0.0,0.0,0.0,0.0,0.0,0.0,0.0,0.0,0.0,0.0
53335.98,0.38547559259619246,0.0,16352.0,37.0,0.1862499999992443,31.125,32.3125,36.690000000000055,0.0,0.0,0.0,0.0,0.0,20.0,0.3,0.1,0.2,0.1,0.4,0.1,0.1,0.1,0.5,0.0,60661.0,0.10731771649000181,0.0,65535.0,0.08667124437323567,0.0,0.0,0.0,0.0,0.0,0.0,0.0,0.0,0.0,0.0
53396.06,0.3675069379249077,0.0,16352.0,37.0,0.21214999999923495,31.125,32.375,36.710000000000036,0.0,0.0,0.0,0.0,0.0,20.0,0.3,0.1,0.2,0.1,0.4,0.1,0.1,0.1,0.5,0.0,59900.0,0.10839732888146912,0.0,65535.0,0.0865796902418555,0.0,0.0,0.0,0.0,0.0,0.0,0.0,0.0,0.0,0.0
53456.11,0.3755432237016198,0.0,16352.0,37.0,0.18534999999924257,31.1875,32.375,36.710000000000036,0.0,0.0,0.0,0.0,0.0,20.0,0.3,0.1,0.2,0.1,0.4,0.1,0.1,0.1,0.5,0.0,61005.0,0.1072698959101713,0.0,65535.0,0.08719005111772335,0.0,0.0,0.0,0.0,0.0,0.0,0.0,0.0,0.0,0.0
53516.19,0.36348864482235643,0.0,16352.0,37.0,0.2130499999992333,31.125,32.375,36.650000000000034,0.0,0.0,0.0,0.0,0.0,20.0,0.3,0.1,0.2,0.1,0.4,0.1,0.1,0.1,0.5,0.0,59555.0,0.10880698513978675,0.0,65535.0,0.08670176241702907,0.0,0.0,0.0,0.0,0.0,0.0,0.0,0.0,0.0,0.0
53576.26,0.3849939747166418,0.0,16352.0,37.0,0.20394999999924157,31.125,32.375,36.85000000000002,0.0,0.0,0.0,0.0,0.0,20.0,0.3,0.1,0.2,0.1,0.4,0.1,0.1,0.1,0.5,0.0,60480.0,0.10775462962962963,0.0,65535.0,0.08705271992065308,0.0,0.0,0.0,0.0,0.0,0.0,0.0,0.0,0.0,0.0
53636.31,0.3912201461101401,0.0,16352.0,37.0,0.18834999999924068,31.1875,32.375,36.79000000000002,0.0,0.0,0.0,0.0,0.0,20.0,0.3,0.1,0.2,0.1,0.4,0.1,0.1,0.1,0.5,0.0,61026.0,0.1066922295415069,0.0,65535.0,0.08691538872358281,0.0,0.0,0.0,0.0,0.0,0.0,0.0,0.0,0.0,0.0
53696.36,0.3726077807404288,0.0,16352.0,37.0,0.20484999999924075,31.125,32.375,36.690000000000055,0.0,0.0,0.0,0.0,0.0,20.0,0.3,0.1,0.2,0.1,0.4,0.1,0.1,0.1,0.5,0.0,60345.0,0.10791283453475847,0.0,65535.0,0.0874189364461738,0.0,0.0,0.0,0.0,0.0,0.0,0.0,0.0,0.0,0.0
53756.4,0.3958701177839292,0.0,16352.0,37.0,0.21454999999923025,31.0625,32.3125,36.63000000000005,0.0,0.0,0.0,0.0,0.0,20.0,0.3,0.1,0.2,0.1,0.4,0.1,0.1,0.1,0.5,0.0,60063.0,0.10840284368080183,0.0,65535.0,0.08622873273823148,0.0,0.0,0.0,0.0,0.0,0.0,0.0,0.0,0.0,0.0
53816.44,0.35740739807859634,0.0,16352.0,37.0,0.256049999999236,31.1875,32.375,36.81,0.0,0.0,0.0,0.0,0.0,20.0,0.3,0.1,0.2,0.1,0.4,0.1,0.1,0.1,0.5,0.0,60166.0,0.1084499551241565,0.0,65535.0,0.08677805752651255,0.0,0.0,0.0,0.0,0.0,0.0,0.0,0.0,0.0,0.0
53876.49,0.359424333901564,0.0,16352.0,37.0,0.21454999999922855,31.1875,32.375,36.690000000000055,0.0,0.0,0.0,0.0,0.0,20.0,0.3,0.1,0.2,0.1,0.4,0.1,0.1,0.1,0.5,0.0,59981.0,0.10835097780963972,0.0,65535.0,0.08679331654840924,0.0,0.0,0.0,0.0,0.0,0.0,0.0,0.0,0.0,0.0
53936.53,0.37418555632357503,0.0,16352.0,37.0,0.2313499999992283,31.1875,32.375,36.870000000000005,0.0,0.0,0.0,0.0,0.0,20.0,0.3,0.1,0.2,0.1,0.4,0.1,0.1,0.1,0.5,0.0,59998.0,0.10802026734224474,0.0,65535.0,0.08668650339513237,0.0,0.0,0.0,0.0,0.0,0.0,0.0,0.0,0.0,0.0
53996.57,0.37318618789845426,0.0,16352.0,37.0,0.17424999999923504,31.1875,32.375,36.89000000000004,0.0,0.0,0.0,0.0,0.0,20.0,0.3,0.1,0.2,0.1,0.4,0.1,0.1,0.1,0.5,0.0,60058.0,0.10844516966931966,0.0,65535.0,0.08668650339513237,0.0,0.0,0.0,0.0,0.0,0.0,0.0,0.0,0.0,0.0
54056.64,0.3756337472761441,0.0,16352.0,37.0,0.18714999999923496,31.1875,32.3125,36.79000000000002,0.0,0.0,0.0,0.0,0.0,20.0,0.3,0.1,0.2,0.1,0.4,0.1,0.1,0.1,0.5,0.0,59571.0,0.10929814842792634,0.0,65535.0,0.08702220187685969,0.0,0.0,0.0,0.0,0.0,0.0,0.0,0.0,0.0,0.0
54116.7,0.348969755471697,0.0,16352.0,37.0,0.21244999999922531,31.1875,32.375,36.81,0.0,0.0,0.0,0.0,0.0,20.0,0.3,0.1,0.2,0.1,0.4,0.1,0.1,0.1,0.5,0.0,60255.0,0.10838934528254916,0.0,65535.0,0.0873731593804837,0.0,0.0,0.0,0.0,0.0,0.0,0.0,0.0,0.0,0.0
54176.76,0.36292213243185883,0.0,16352.0,37.0,0.22804999999922448,31.1875,32.375,36.79000000000002,0.0,0.0,0.0,0.0,0.0,20.0,0.3,0.1,0.2,0.1,0.4,0.1,0.1,0.1,0.5,0.0,59865.0,0.10909546479579053,0.0,65535.0,0.08729686427100022,0.0,0.0,0.0,0.0,0.0,0.0,0.0,0.0,0.0,0.0
54236.84,0.336257625961646,0.0,16352.0,37.0,0.2239499999992282,31.125,32.375,36.690000000000055,0.0,0.0,0.0,0.0,0.0,20.0,0.3,0.1,0.2,0.1,0.4,0.1,0.1,0.1,0.5,0.0,59860.0,0.10890410958904109,0.0,65535.0,0.08664072632944228,0.0,0.0,0.0,0.0,0.0,0.0,0.0,0.0,0.0,0.0
54296.92,0.33386460103232457,0.0,16352.0,37.0,0.19424999999922593,31.125,32.375,36.870000000000005,0.0,0.0,0.0,0.0,0.0,20.0,0.3,0.1,0.2,0.1,0.4,0.1,0.1,0.1,0.5,0.0,59878.0,0.10907177928454524,0.0,65535.0,0.08715953307392996,0.0,0.0,0.0,0.0,0.0,0.0,0.0,0.0,0.0,0.0
54356.99,0.34947158566002434,0.0,16352.0,37.0,0.2062499999992258,31.1875,32.375,37.03000000000003,0.0,0.0,0.0,0.0,0.0,20.0,0.3,0.1,0.2,0.1,0.4,0.1,0.1,0.1,0.5,0.0,59996.0,0.10845723048203214,0.0,65535.0,0.0869916838330663,0.0,0.0,0.0,0.0,0.0,0.0,0.0,0.0,0.0,0.0
54417.03,0.33736212706286556,0.0,16352.0,37.0,0.2209499999992258,31.1875,32.375,37.01000000000005,0.0,0.0,0.0,0.0,0.0,20.0,0.3,0.1,0.2,0.1,0.4,0.1,0.1,0.1,0.5,0.0,60101.0,0.10853396782083492,0.0,65535.0,0.08715953307392996,0.0,0.0,0.0,0.0,0.0,0.0,0.0,0.0,0.0,0.0
54477.07,0.3855451542250373,0.0,16352.0,37.0,0.1912499999992235,31.125,32.375,36.650000000000034,0.0,0.0,0.0,0.0,0.0,20.0,0.3,0.1,0.2,0.1,0.4,0.1,0.1,0.1,0.5,0.0,60587.0,0.10812550547147078,0.0,65535.0,0.08793774319066149,0.0,0.0,0.0,0.0,0.0,0.0,0.0,0.0,0.0,0.0
54537.12,0.38599872099840077,0.0,16352.0,37.0,0.22894999999921933,31.125,32.375,36.89000000000004,0.0,0.0,0.0,0.0,0.0,20.0,0.3,0.1,0.2,0.1,0.4,0.1,0.1,0.1,0.5,0.0,59887.0,0.10897189707282048,0.0,65535.0,0.08693064774547951,0.0,0.0,0.0,0.0,0.0,0.0,0.0,0.0,0.0,0.0
54597.16,0.3958917636335026,0.0,16352.0,37.0,0.2263499999992234,31.1875,32.375,36.85000000000002,0.0,0.0,0.0,0.0,0.0,20.0,0.3,0.1,0.2,0.1,0.4,0.1,0.1,0.1,0.5,0.0,60069.0,0.10889144150893139,0.0,65535.0,0.08732738231479362,0.0,0.0,0.0,0.0,0.0,0.0,0.0,0.0,0.0,0.0
54657.2,0.3842309916991034,0.0,16352.0,37.0,0.17544999999922534,31.1875,32.3125,37.01000000000005,0.0,0.0,0.0,0.0,0.0,20.0,0.3,0.1,0.2,0.1,0.4,0.1,0.1,0.1,0.5,0.0,60104.0,0.10891122055104485,0.0,65535.0,0.08714427405203326,0.0,0.0,0.0,0.0,0.0,0.0,0.0,0.0,0.0,0.0
54717.25,0.34761114006561533,0.0,16352.0,37.0,0.23694999999922708,31.1875,32.375,36.81,0.0,0.0,0.0,0.0,0.0,20.0,0.3,0.1,0.2,0.1,0.4,0.1,0.1,0.1,0.5,0.0,59893.0,0.10881071243717964,0.0,65535.0,0.08717479209582665,0.0,0.0,0.0,0.0,0.0,0.0,0.0,0.0,0.0,0.0
54777.29,0.35649714983362835,0.0,16352.0,37.0,0.2110499999992205,31.1875,32.375,36.81,0.0,0.0,0.0,0.0,0.0,20.0,0.3,0.1,0.2,0.1,0.4,0.1,0.1,0.1,0.5,0.0,60290.0,0.10855863327251618,0.0,65535.0,0.08714427405203326,0.0,0.0,0.0,0.0,0.0,0.0,0.0,0.0,0.0,0.0
54837.34,0.37071710271483926,0.0,16352.0,37.0,0.20484999999922443,31.25,32.375,36.81,0.0,0.0,0.0,0.0,0.0,20.0,0.3,0.1,0.2,0.1,0.4,0.1,0.1,0.1,0.5,0.0,60547.0,0.10816390572613012,0.0,65535.0,0.08773937590600442,0.0,0.0,0.0,0.0,0.0,0.0,0.0,0.0,0.0,0.0
54897.38,0.3516639513389251,0.0,16352.0,37.0,0.22574999999921963,31.1875,32.375,36.81,0.0,0.0,0.0,0.0,0.0,20.0,0.3,0.1,0.2,0.1,0.4,0.1,0.1,0.1,0.5,0.0,60280.0,0.10870935633709357,0.0,65535.0,0.08758678568703746,0.0,0.0,0.0,0.0,0.0,0.0,0.0,0.0,0.0,0.0
54957.46,0.35624289819672644,0.0,16352.0,37.0,0.18954999999922242,31.1875,32.375,36.85000000000002,0.0,0.0,0.0,0.0,0.0,20.0,0.3,0.1,0.2,0.1,0.4,0.1,0.1,0.1,0.5,0.0,60044.0,0.10903670641529545,0.0,65535.0,0.08717479209582665,0.0,0.0,0.0,0.0,0.0,0.0,0.0,0.0,0.0,0.0
55017.54,0.3624227890119934,0.0,16352.0,37.0,0.21154999999921237,31.1875,32.3125,36.690000000000055,0.0,0.0,0.0,0.0,0.0,20.0,0.3,0.1,0.2,0.1,0.4,0.1,0.1,0.1,0.5,0.0,60663.0,0.10830324909747292,0.0,65535.0,0.08751049057755397,0.0,0.0,0.0,0.0,0.0,0.0,0.0,0.0,0.0,0.0
55077.58,0.3598668554680915,0.0,16352.0,37.0,0.24244999999921268,31.25,32.3125,36.690000000000055,0.0,0.0,0.0,0.0,0.0,20.0,0.3,0.1,0.2,0.1,0.4,0.1,0.1,0.1,0.5,0.0,59925.0,0.10923654568210263,0.0,65535.0,0.08732738231479362,0.0,0.0,0.0,0.0,0.0,0.0,0.0,0.0,0.0,0.0
55137.66,0.35837477578663435,0.0,16352.0,37.0,0.2330499999992212,31.1875,32.375,36.63000000000005,0.0,0.0,0.0,0.0,0.0,20.0,0.3,0.1,0.2,0.1,0.4,0.1,0.1,0.1,0.5,0.0,60496.0,0.10868487172705633,0.0,65535.0,0.08816662851911193,0.0,0.0,0.0,0.0,0.0,0.0,0.0,0.0,0.0,0.0
55197.74,0.36132412234810823,0.0,16352.0,37.0,0.22454999999921557,31.1875,32.375,36.81,0.0,0.0,0.0,0.0,0.0,20.0,0.3,0.1,0.2,0.1,0.4,0.1,0.1,0.1,0.5,0.0,60309.0,0.10892238306057139,0.0,65535.0,0.08723582818341344,0.0,0.0,0.0,0.0,0.0,0.0,0.0,0.0,0.0,0.0
55257.82,0.34785254821573985,0.0,16352.0,37.0,0.2457499999992105,31.125,32.375,37.03000000000003,0.0,0.0,0.0,0.0,0.0,20.0,0.3,0.1,0.2,0.1,0.4,0.1,0.1,0.1,0.5,0.0,60385.0,0.10852032789600066,0.0,65535.0,0.08703746089875639,0.0,0.0,0.0,0.0,0.0,0.0,0.0,0.0,0.0,0.0
55317.86,0.3624907135083,0.0,16352.0,37.0,0.24664999999920967,31.125,32.375,36.81,0.0,0.0,0.0,0.0,0.0,20.0,0.3,0.1,0.2,0.1,0.4,0.1,0.1,0.1,0.5,0.0,60257.0,0.10850191678975057,0.0,65535.0,0.0874036774242771,0.0,0.0,0.0,0.0,0.0,0.0,0.0,0.0,0.0,0.0
55377.93,0.39260985087548594,0.0,16352.0,37.0,0.21074999999921218,31.1875,32.375,36.81,0.0,0.0,0.0,0.0,0.0,20.0,0.3,0.1,0.2,0.1,0.4,0.1,0.1,0.1,0.5,0.0,59829.0,0.1093951093951094,0.0,65535.0,0.08723582818341344,0.0,0.0,0.0,0.0,0.0,0.0,0.0,0.0,0.0,0.0
55438.0,0.3816450368765485,0.0,16352.0,37.0,0.22604999999921163,31.1875,32.3125,37.01000000000005,0.0,0.0,0.0,0.0,0.0,20.0,0.3,0.1,0.2,0.1,0.4,0.1,0.1,0.1,0.5,0.0,60044.0,0.10923655985610552,0.0,65535.0,0.08734264133669031,0.0,0.0,0.0,0.0,0.0,0.0,0.0,0.0,0.0,0.0
55498.06,0.3673957048472535,0.0,16352.0,37.0,0.22394999999921097,31.1875,32.375,36.81,0.0,0.0,0.0,0.0,0.0,20.0,0.3,0.1,0.2,0.1,0.4,0.1,0.1,0.1,0.5,0.0,59711.0,0.10987925172916213,0.0,65535.0,0.08751049057755397,0.0,0.0,0.0,0.0,0.0,0.0,0.0,0.0,0.0,0.0
55558.11,0.3907849766939268,0.0,16352.0,37.0,0.22514999999920987,31.125,32.3125,36.85000000000002,0.0,0.0,0.0,0.0,0.0,20.0,0.3,0.1,0.2,0.1,0.4,0.1,0.1,0.1,0.5,0.0,60839.0,0.10843373493975904,0.0,65535.0,0.08815136949721523,0.0,0.0,0.0,0.0,0.0,0.0,0.0,0.0,0.0,0.0
55618.15,0.35022552740778423,0.0,16352.0,37.0,0.20954999999920815,31.1875,32.375,36.81,0.0,0.0,0.0,0.0,0.0,20.0,0.3,0.1,0.2,0.1,0.4,0.1,0.1,0.1,0.5,0.0,60460.0,0.10860072775388686,0.0,65535.0,0.08766308079652094,0.0,0.0,0.0,0.0,0.0,0.0,0.0,0.0,0.0,0.0
55678.2,0.4071499733615006,0.0,16352.0,37.0,0.2360499999992133,31.1875,32.375,36.870000000000005,0.0,0.0,0.0,0.0,0.0,20.0,0.3,0.1,0.2,0.1,0.4,0.1,0.1,0.1,0.5,0.0,60101.0,0.10928270744247184,0.0,65535.0,0.08763256275272754,0.0,0.0,0.0,0.0,0.0,0.0,0.0,0.0,0.0,0.0
55738.24,0.3499292315078698,0.0,16352.0,37.0,0.1880499999992109,31.1875,32.3125,36.73000000000002,0.0,0.0,0.0,0.0,0.0,20.0,0.3,0.1,0.2,0.1,0.4,0.1,0.1,0.1,0.5,0.0,61030.0,0.10796329673930853,0.0,65535.0,0.08732738231479362,0.0,0.0,0.0,0.0,0.0,0.0,0.0,0.0,0.0,0.0
55798.28,0.39301722379973547,0.0,16352.0,37.0,0.25754999999920797,31.125,32.3125,36.89000000000004,0.0,0.0,0.0,0.0,0.0,20.0,0.3,0.1,0.2,0.1,0.4,0.1,0.1,0.1,0.5,0.0,60018.0,0.109283881502216,0.0,65535.0,0.08747997253376058,0.0,0.0,0.0,0.0,0.0,0.0,0.0,0.0,0.0,0.0
55858.35,0.36215425404480206,0.0,16352.0,37.0,0.2063499999992102,31.125,32.3125,36.93000000000001,0.0,0.0,0.0,0.0,0.0,20.0,0.3,0.1,0.2,0.1,0.4,0.1,0.1,0.1,0.5,0.0,59964.0,0.10959909278900674,0.0,65535.0,0.08767833981841763,0.0,0.0,0.0,0.0,0.0,0.0,0.0,0.0,0.0,0.0
55918.42,0.34949788400061116,0.0,16352.0,37.0,0.1863499999991991,31.1875,32.375,36.77000000000004,0.0,0.0,0.0,0.0,0.0,20.0,0.3,0.1,0.2,0.1,0.4,0.1,0.1,0.1,0.5,0.0,60689.0,0.10871821911713819,0.0,65535.0,0.08786144808117799,0.0,0.0,0.0,0.0,0.0,0.0,0.0,0.0,0.0,0.0
55978.48,0.38186266017726567,0.0,16352.0,37.0,0.20894999999920355,31.1875,32.375,36.81,0.0,0.0,0.0,0.0,0.0,20.0,0.3,0.1,0.2,0.1,0.4,0.1,0.1,0.1,0.5,0.0,60342.0,0.10917768718305658,0.0,65535.0,0.08754100862134737,0.0,0.0,0.0,0.0,0.0,0.0,0.0,0.0,0.0,0.0
56038.54,0.38529277963484787,0.0,16352.0,37.0,0.24544999999919878,31.1875,32.375,36.690000000000055,0.0,0.0,0.0,0.0,0.0,20.0,0.3,0.1,0.2,0.1,0.4,0.1,0.1,0.1,0.5,0.0,61137.0,0.10792155323290316,0.0,65535.0,0.08807507438773175,0.0,0.0,0.0,0.0,0.0,0.0,0.0,0.0,0.0,0.0
56098.61,0.4059900830173291,0.0,16352.0,37.0,0.25754999999920286,31.1875,32.375,36.97000000000003,0.0,0.0,0.0,0.0,0.0,20.0,0.3,0.1,0.2,0.1,0.4,0.1,0.1,0.1,0.5,0.0,60111.0,0.10933107085225666,0.0,65535.0,0.08751049057755397,0.0,0.0,0.0,0.0,0.0,0.0,0.0,0.0,0.0,0.0
56158.68,0.3735979487858715,0.0,16352.0,37.0,0.2451499999991965,31.1875,32.375,36.73000000000002,0.0,0.0,0.0,0.0,0.0,20.0,0.3,0.1,0.2,0.1,0.4,0.1,0.1,0.1,0.5,0.0,60837.0,0.10861811068921873,0.0,65535.0,0.0878461890592813,0.0,0.0,0.0,0.0,0.0,0.0,0.0,0.0,0.0,0.0
56218.72,0.3829973155981592,0.0,16352.0,37.0,0.17364999999920297,31.25,32.3125,36.79000000000002,0.0,0.0,0.0,0.0,0.0,20.0,0.3,0.1,0.2,0.1,0.4,0.1,0.1,0.1,0.5,0.0,60564.0,0.10912423221715871,0.0,65535.0,0.08772411688410772,0.0,0.0,0.0,0.0,0.0,0.0,0.0,0.0,0.0,0.0
56278.81,0.35605256642141186,0.0,16352.0,37.0,0.21514999999919365,31.1875,32.375,36.77000000000004,0.0,0.0,0.0,0.0,0.0,20.0,0.3,0.1,0.2,0.1,0.4,0.1,0.1,0.1,0.5,0.0,59988.0,0.10957191438287657,0.0,65535.0,0.08751049057755397,0.0,0.0,0.0,0.0,0.0,0.0,0.0,0.0,0.0,0.0
56338.86,0.3640817971299687,0.0,16352.0,37.0,0.22604999999919795,31.1875,32.3125,36.89000000000004,0.0,0.0,0.0,0.0,0.0,20.0,0.3,0.1,0.2,0.1,0.4,0.1,0.1,0.1,0.5,0.0,60662.0,0.10879957798951567,0.0,65535.0,0.0882887006942855,0.0,0.0,0.0,0.0,0.0,0.0,0.0,0.0,0.0,0.0
56398.93,0.3523655412043477,0.0,16352.0,37.0,0.1509499999991892,31.25,32.3125,37.03000000000003,0.0,0.0,0.0,0.0,0.0,20.0,0.3,0.1,0.2,0.1,0.4,0.1,0.1,0.1,0.5,0.0,60291.0,0.10963493722114412,0.0,65535.0,0.08790722514686809,0.0,0.0,0.0,0.0,0.0,0.0,0.0,0.0,0.0,0.0
56459.0,0.3441735955790373,0.0,16352.0,37.0,0.28984999999919336,31.125,32.3125,36.79000000000002,0.0,0.0,0.0,0.0,0.0,20.0,0.3,0.1,0.2,0.1,0.4,0.1,0.1,0.1,0.5,0.0,60120.0,0.10946440452428477,0.0,65535.0,0.08754100862134737,0.0,0.0,0.0,0.0,0.0,0.0,0.0,0.0,0.0,0.0
56519.08,0.3719241910314064,0.0,16352.0,37.0,0.21424999999918934,31.25,32.3125,36.85000000000002,0.0,0.0,0.0,0.0,0.0,20.0,0.3,0.1,0.2,0.1,0.4,0.1,0.1,0.1,0.5,0.0,60561.0,0.10912963788576807,0.0,65535.0,0.08790722514686809,0.0,0.0,0.0,0.0,0.0,0.0,0.0,0.0,0.0,0.0
56579.15,0.3661338487406892,0.0,16352.0,37.0,0.26424999999919985,31.25,32.375,36.77000000000004,0.0,0.0,0.0,0.0,0.0,20.0,0.3,0.1,0.2,0.1,0.4,0.1,0.1,0.1,0.5,0.0,60221.0,0.10952989820826622,0.0,65535.0,0.08825818265049211,0.0,0.0,0.0,0.0,0.0,0.0,0.0,0.0,0.0,0.0
56639.22,0.3649128889079629,0.0,16352.0,37.0,0.24784999999918889,31.1875,32.375,36.73000000000002,0.0,0.0,0.0,0.0,0.0,20.0,0.3,0.1,0.2,0.1,0.4,0.1,0.1,0.1,0.5,0.0,60714.0,0.10895345389860658,0.0,65535.0,0.08807507438773175,0.0,0.0,0.0,0.0,0.0,0.0,0.0,0.0,0.0,0.0
56699.29,0.3946565086839861,0.0,16352.0,37.0,0.2275499999991923,31.25,32.375,36.89000000000004,0.0,0.0,0.0,0.0,0.0,20.0,0.3,0.1,0.2,0.1,0.4,0.1,0.1,0.1,0.5,0.0,59916.0,0.11010414580412578,0.0,65535.0,0.08761730373083085,0.0,0.0,0.0,0.0,0.0,0.0,0.0,0.0,0.0,0.0
56759.37,0.3569534047766589,0.0,16352.0,37.0,0.2487499999991872,31.1875,32.375,36.690000000000055,0.0,0.0,0.0,0.0,0.0,20.0,0.3,0.1,0.2,0.1,0.4,0.1,0.1,0.1,0.5,0.0,60391.0,0.10943683661472736,0.0,65535.0,0.08787670710307469,0.0,0.0,0.0,0.0,0.0,0.0,0.0,0.0,0.0,0.0
56819.44,0.39279688963843173,0.0,16352.0,37.0,0.20514999999919417,31.25,32.375,36.950000000000045,0.0,0.0,0.0,0.0,0.0,20.0,0.3,0.1,0.2,0.1,0.4,0.1,0.1,0.1,0.5,0.0,60370.0,0.1093589531224118,0.0,65535.0,0.08761730373083085,0.0,0.0,0.0,0.0,0.0,0.0,0.0,0.0,0.0,0.0
56879.51,0.39772114621019644,0.0,16352.0,37.0,0.23014999999918478,31.1875,32.375,36.690000000000055,0.0,0.0,0.0,0.0,0.0,20.0,0.3,0.1,0.2,0.1,0.4,0.1,0.1,0.1,0.5,0.0,60588.0,0.10911401597676107,0.0,65535.0,0.08793774319066149,0.0,0.0,0.0,0.0,0.0,0.0,0.0,0.0,0.0,0.0
56939.59,0.38644402841213055,0.0,16352.0,37.0,0.26874999999919486,31.1875,32.375,36.81,0.0,0.0,0.0,0.0,0.0,20.0,0.3,0.1,0.2,0.1,0.4,0.1,0.1,0.1,0.5,0.0,60174.0,0.10994781799448267,0.0,65535.0,0.08769359884031433,0.0,0.0,0.0,0.0,0.0,0.0,0.0,0.0,0.0,0.0
56999.66,0.3932263307655068,0.0,16352.0,37.0,0.18664999999918086,31.1875,32.375,36.93000000000001,0.0,0.0,0.0,0.0,0.0,20.0,0.3,0.1,0.2,0.1,0.4,0.1,0.1,0.1,0.5,0.0,59701.0,0.11033316024857205,0.0,65535.0,0.08770885786221103,0.0,0.0,0.0,0.0,0.0,0.0,0.0,0.0,0.0,0.0
57059.72,0.363521725625044,0.0,16352.0,37.0,0.2098499999991856,31.25,32.375,36.89000000000004,0.0,0.0,0.0,0.0,0.0,20.0,0.3,0.1,0.2,0.1,0.4,0.1,0.1,0.1,0.5,0.0,60475.0,0.10933443571723853,0.0,65535.0,0.08778515297169451,0.0,0.0,0.0,0.0,0.0,0.0,0.0,0.0,0.0,0.0
57119.79,0.37880561666684354,0.0,16352.0,37.0,0.2110499999991845,31.1875,32.375,36.79000000000002,0.0,0.0,0.0,0.0,0.0,20.0,0.3,0.1,0.2,0.1,0.4,0.1,0.1,0.1,0.5,0.0,60480.0,0.10944113756613756,0.0,65535.0,0.08798352025635157,0.0,0.0,0.0,0.0,0.0,0.0,0.0,0.0,0.0,0.0
57179.84,0.3680533651649115,0.0,16352.0,37.0,0.2257499999991845,31.25,32.375,36.85000000000002,0.0,0.0,0.0,0.0,0.0,20.0,0.3,0.1,0.2,0.1,0.4,0.1,0.1,0.1,0.5,0.0,60408.0,0.1094391471328301,0.0,65535.0,0.08757152666514076,0.0,0.0,0.0,0.0,0.0,0.0,0.0,0.0,0.0,0.0
57239.89,0.3905052018483246,0.0,16352.0,37.0,0.2148499999991785,31.25,32.375,36.89000000000004,0.0,0.0,0.0,0.0,0.0,20.0,0.3,0.1,0.2,0.1,0.4,0.1,0.1,0.1,0.5,0.0,60627.0,0.10935721708149834,0.0,65535.0,0.08836499580376898,0.0,0.0,0.0,0.0,0.0,0.0,0.0,0.0,0.0,0.0
57299.93,0.36725648664829513,0.0,16352.0,37.0,0.2292499999991779,31.1875,32.375,36.79000000000002,0.0,0.0,0.0,0.0,0.0,20.0,0.3,0.1,0.2,0.1,0.4,0.1,0.1,0.1,0.5,0.0,59875.0,0.11031315240083507,0.0,65535.0,0.08786144808117799,0.0,0.0,0.0,0.0,0.0,0.0,0.0,0.0,0.0,0.0
57359.98,0.35741677131192595,0.0,16352.0,37.0,0.20274999999918608,31.1875,32.375,36.710000000000036,0.0,0.0,0.0,0.0,0.0,20.0,0.3,0.1,0.2,0.1,0.4,0.1,0.1,0.1,0.5,0.0,60885.0,0.10918945553091895,0.0,65535.0,0.0891584649423972,0.0,0.0,0.0,0.0,0.0,0.0,0.0,0.0,0.0,0.0
57420.02,0.3755831993616647,0.0,16352.0,37.0,0.19304999999917982,31.1875,32.375,36.93000000000001,0.0,0.0,0.0,0.0,0.0,20.0,0.3,0.1,0.2,0.1,0.4,0.1,0.1,0.1,0.5,0.0,60506.0,0.10936105510197336,0.0,65535.0,0.08813611047531854,0.0,0.0,0.0,0.0,0.0,0.0,0.0,0.0,0.0,0.0
57480.06,0.3796711899285194,0.0,16352.0,37.0,0.24954999999918612,31.25,32.375,36.710000000000036,0.0,0.0,0.0,0.0,0.0,20.0,0.3,0.1,0.2,0.1,0.4,0.1,0.1,0.1,0.5,0.0,60647.0,0.1094365755931868,0.0,65535.0,0.08775463492790112,0.0,0.0,0.0,0.0,0.0,0.0,0.0,0.0,0.0,0.0
57540.11,0.3974282250827511,0.0,16352.0,37.0,0.20714999999917863,31.1875,32.4375,36.79000000000002,0.0,0.0,0.0,0.0,0.0,20.0,0.3,0.1,0.2,0.1,0.4,0.1,0.1,0.1,0.5,0.0,60516.0,0.1098387203384229,0.0,65535.0,0.08902113374532693,0.0,0.0,0.0,0.0,0.0,0.0,0.0,0.0,0.0,0.0
57600.18,0.3800225507652081,0.0,16352.0,37.0,0.22894999999917384,31.1875,32.375,36.93000000000001,0.0,0.0,0.0,0.0,0.0,20.0,0.3,0.1,0.2,0.1,0.4,0.1,0.1,0.1,0.5,0.0,60036.0,0.11018388966620028,0.0,65535.0,0.08815136949721523,0.0,0.0,0.0,0.0,0.0,0.0,0.0,0.0,0.0,0.0
57660.23,0.3792716582186719,0.0,16352.0,37.0,0.22274999999917777,31.1875,32.375,36.85000000000002,0.0,0.0,0.0,0.0,0.0,20.0,0.3,0.1,0.2,0.1,0.4,0.1,0.1,0.1,0.5,0.0,60955.0,0.10896563038306947,0.0,65535.0,0.088715953307393,0.0,0.0,0.0,0.0,0.0,0.0,0.0,0.0,0.0,0.0
57720.31,0.3677021200605619,0.0,16352.0,37.0,0.2533499999991784,31.1875,32.375,36.85000000000002,0.0,0.005,0.25,0.0,0.0,20.0,0.3,0.1,0.2,0.1,0.4,0.1,0.1,0.1,0.5,0.0,60847.0,0.10927408089141617,0.0,65535.0,0.0882887006942855,0.0,0.0,0.0,0.0,0.0,0.0,0.0,0.0,0.0,0.0
57780.36,0.3830336927992106,0.0,16352.0,37.0,0.2767499999991781,31.125,32.375,36.47000000000003,0.0,0.0,0.0,0.0,0.0,20.0,0.3,0.1,0.2,0.1,0.4,0.1,0.1,0.1,0.5,0.0,59392.0,0.10935816271551724,0.0,65535.0,0.08650339513237201,0.0,0.0,0.0,0.0,0.0,0.0,0.0,0.0,0.0,0.0
57840.41,0.34058327201074223,0.0,16352.0,37.0,0.32814999999916916,31.125,32.375,36.710000000000036,0.0,0.0,0.0,0.0,0.0,20.0,0.3,0.1,0.2,0.1,0.4,0.1,0.1,0.1,0.5,0.0,58514.0,0.11033256998325187,0.0,65535.0,0.08590829327840085,0.0,0.0,0.0,0.0,0.0,0.0,0.0,0.0,0.0,0.0
57900.44,0.33589542496596786,0.0,16352.0,37.0,0.2440499999991746,31.25,32.375,37.01000000000005,0.0,0.0,0.0,0.0,0.0,20.0,0.3,0.1,0.2,0.1,0.4,0.1,0.1,0.1,0.5,0.0,58862.0,0.10973123577180524,0.0,65535.0,0.08603036545357443,0.0,0.0,0.0,0.0,0.0,0.0,0.0,0.0,0.0,0.0
57960.49,0.34027129819661256,0.0,16352.0,37.0,0.1922499999991765,31.25,32.375,37.01000000000005,0.0,0.0,0.0,0.0,0.0,20.0,0.3,0.1,0.2,0.1,0.4,0.1,0.1,0.1,0.5,0.0,59249.0,0.10930142280882378,0.0,65535.0,0.08630502784771496,0.0,0.0,0.0,0.0,0.0,0.0,0.0,0.0,0.0,0.0
58020.56,0.3324740016609706,0.0,16352.0,37.0,0.1600499999991697,31.25,32.375,37.03000000000003,0.0,0.0,0.0,0.0,0.0,20.0,0.3,0.1,0.2,0.1,0.4,0.1,0.1,0.1,0.5,0.0,58423.0,0.11048730808072163,0.0,65535.0,0.0856946669718471,0.0,0.0,0.0,0.0,0.0,0.0,0.0,0.0,0.0,0.0
58080.63,0.33114123583812133,0.0,16352.0,37.0,0.2406499999991666,31.25,32.375,36.77000000000004,0.0,0.0,0.0,0.0,0.0,20.0,0.3,0.1,0.2,0.1,0.4,0.1,0.1,0.1,0.5,0.0,58898.0,0.10990186423987232,0.0,65535.0,0.08679331654840924,0.0,0.0,0.0,0.0,0.0,0.0,0.0,0.0,0.0,0.0
58140.67,0.3574483164758503,0.0,16352.0,37.0,0.21974999999916967,31.25,32.375,36.85000000000002,0.0,0.0,0.0,0.0,0.0,20.0,0.3,0.1,0.2,0.1,0.4,0.1,0.1,0.1,0.5,0.0,59171.0,0.10958070676513833,0.0,65535.0,0.08636606393530175,0.0,0.0,0.0,0.0,0.0,0.0,0.0,0.0,0.0,0.0
58200.72,0.3437274315132164,0.0,16352.0,37.0,0.2041499999991679,31.25,32.375,36.81,0.0,0.0,0.0,0.0,0.0,20.0,0.3,0.1,0.2,0.1,0.4,0.1,0.1,0.1,0.5,0.0,58968.0,0.10960181793515127,0.0,65535.0,0.086152437628748,0.0,0.0,0.0,0.0,0.0,0.0,0.0,0.0,0.0,0.0
58260.76,0.33797584205067877,0.0,16352.0,37.0,0.21794999999916786,31.25,32.375,36.93000000000001,0.0,0.0,0.0,0.0,0.0,20.0,0.3,0.1,0.2,0.1,0.4,0.1,0.1,0.1,0.5,0.0,59007.0,0.10980053214025455,0.0,65535.0,0.08604562447547112,0.0,0.0,0.0,0.0,0.0,0.0,0.0,0.0,0.0,0.0
58320.8,0.34592890017629624,0.0,16352.0,37.0,0.20024999999916632,31.25,32.375,36.81,0.0,0.0,0.0,0.0,0.0,20.0,0.3,0.1,0.2,0.1,0.4,0.1,0.1,0.1,0.5,0.0,59042.0,0.10965075708817452,0.0,65535.0,0.08587777523460746,0.0,0.0,0.0,0.0,0.0,0.0,0.0,0.0,0.0,0.0
58380.85,0.38303644555760513,0.0,16352.0,37.0,0.23524999999916205,31.25,32.3125,36.73000000000002,0.0,0.0,0.0,0.0,0.0,20.0,0.3,0.1,0.2,0.1,0.4,0.1,0.1,0.1,0.5,0.0,59257.0,0.10955667684830483,0.0,65535.0,0.08628976882581826,0.0,0.0,0.0,0.0,0.0,0.0,0.0,0.0,0.0,0.0
58440.89,0.3817066249924641,0.0,16352.0,37.0,0.21964999999916032,31.25,32.375,36.73000000000002,0.0,0.0,0.0,0.0,0.0,20.0,0.3,0.1,0.2,0.1,0.4,0.1,0.1,0.1,0.5,0.0,59235.0,0.10936101966742635,0.0,65535.0,0.08633554589150835,0.0,0.0,0.0,0.0,0.0,0.0,0.0,0.0,0.0,0.0
58500.94,0.34610851218894256,0.0,16352.0,37.0,0.23934999999916995,31.25,32.375,36.89000000000004,0.0,0.0,0.0,0.0,0.0,20.0,0.3,0.1,0.2,0.1,0.4,0.1,0.1,0.1,0.5,0.0,59660.0,0.10925243043915521,0.0,65535.0,0.08642710002288853,0.0,0.0,0.0,0.0,0.0,0.0,0.0,0.0,0.0,0.0
58561.01,0.34139821001005594,0.0,16352.0,37.0,0.24024999999916913,31.1875,32.375,36.870000000000005,0.0,0.0,0.0,0.0,0.0,20.0,0.3,0.1,0.2,0.1,0.4,0.1,0.1,0.1,0.5,0.0,59404.0,0.10920140057908559,0.0,65535.0,0.08642710002288853,0.0,0.0,0.0,0.0,0.0,0.0,0.0,0.0,0.0,0.0
58621.08,0.3586870777974669,0.0,16352.0,37.0,0.23464999999915828,31.1875,32.375,37.03000000000003,0.0,0.0,0.0,0.0,0.0,20.0,0.3,0.1,0.2,0.1,0.4,0.1,0.1,0.1,0.5,0.0,58910.0,0.10987947716856221,0.0,65535.0,0.08648813611047532,0.0,0.0,0.0,0.0,0.0,0.0,0.0,0.0,0.0,0.0
58681.13,0.3631719372339738,0.0,16352.0,37.0,0.23644999999915747,31.1875,32.375,36.85000000000002,0.0,0.0,0.0,0.0,0.0,20.0,0.3,0.1,0.2,0.1,0.4,0.1,0.1,0.1,0.5,0.0,59152.0,0.10975114958074114,0.0,65535.0,0.08680857557030594,0.0,0.0,0.0,0.0,0.0,0.0,0.0,0.0,0.0,0.0
58741.21,0.36575576595911946,0.0,16352.0,37.0,0.1716499999991536,31.1875,32.375,36.81,0.0,0.0,0.0,0.0,0.0,20.0,0.3,0.1,0.2,0.1,0.4,0.1,0.1,0.1,0.5,0.0,58744.0,0.110172953833583,0.0,65535.0,0.08619821469443809,0.0,0.0,0.0,0.0,0.0,0.0,0.0,0.0,0.0,0.0
58801.28,0.38653712287008407,0.0,16352.0,37.0,0.2469499999991553,31.25,32.375,36.85000000000002,0.0,0.0,0.0,0.0,0.0,20.0,0.3,0.1,0.2,0.1,0.4,0.1,0.1,0.1,0.5,0.0,59429.0,0.1094078648471285,0.0,65535.0,0.08628976882581826,0.0,0.0,0.0,0.0,0.0,0.0,0.0,0.0,0.0,0.0
58861.36,0.3925463450127391,0.0,16352.0,37.0,0.16744999999915142,31.25,32.375,36.97000000000003,0.0,0.0,0.0,0.0,0.0,20.0,0.3,0.1,0.2,0.1,0.4,0.1,0.1,0.1,0.5,0.0,59050.0,0.10972057578323455,0.0,65535.0,0.08667124437323567,0.0,0.0,0.0,0.0,0.0,0.0,0.0,0.0,0.0,0.0
58921.4,0.3647584088872766,0.0,16352.0,37.0,0.22364999999915713,31.1875,32.375,36.650000000000034,0.0,0.0,0.0,0.0,0.0,20.0,0.3,0.1,0.2,0.1,0.4,0.1,0.1,0.1,0.5,0.0,59393.0,0.10944050645698988,0.0,65535.0,0.08693064774547951,0.0,0.0,0.0,0.0,0.0,0.0,0.0,0.0,0.0,0.0
58981.48,0.3760051005915847,0.0,16352.0,37.0,0.2280499999991514,31.1875,32.375,36.870000000000005,0.0,0.0,0.0,0.0,0.0,20.0,0.3,0.1,0.2,0.1,0.4,0.1,0.1,0.1,0.5,0.0,59114.0,0.10968636871130358,0.0,65535.0,0.0865491721980621,0.0,0.0,0.0,0.0,0.0,0.0,0.0,0.0,0.0,0.0
59041.52,0.3728901959205635,0.0,16352.0,37.0,0.2522499999991612,31.25,32.375,36.870000000000005,0.0,0.0,0.0,0.0,0.0,20.0,0.3,0.1,0.2,0.1,0.4,0.1,0.1,0.1,0.5,0.0,59969.0,0.10873951541629842,0.0,65535.0,0.08691538872358281,0.0,0.0,0.0,0.0,0.0,0.0,0.0,0.0,0.0,0.0
59101.58,0.3593750018538634,0.0,16352.0,37.0,0.2581499999991559,31.25,32.375,36.81,0.0,0.0,0.0,0.0,0.0,20.0,0.3,0.1,0.2,0.1,0.4,0.1,0.1,0.1,0.5,0.0,59752.0,0.1090005355469273,0.0,65535.0,0.08691538872358281,0.0,0.0,0.0,0.0,0.0,0.0,0.0,0.0,0.0,0.0
59161.66,0.3538722429203618,0.0,16352.0,37.0,0.19784999999915298,31.25,32.375,37.03000000000003,0.0,0.0,0.0,0.0,0.0,20.0,0.3,0.1,0.2,0.1,0.4,0.1,0.1,0.1,0.5,0.0,58821.0,0.11030074293194607,0.0,65535.0,0.08648813611047532,0.0,0.0,0.0,0.0,0.0,0.0,0.0,0.0,0.0,0.0
59221.73,0.3550883571869675,0.0,16352.0,37.0,0.195149999999152,31.1875,32.375,36.79000000000002,0.0,0.0,0.0,0.0,0.0,20.0,0.3,0.1,0.2,0.1,0.4,0.1,0.1,0.1,0.5,0.0,59527.0,0.10932853999025652,0.0,65535.0,0.08624399176012817,0.0,0.0,0.0,0.0,0.0,0.0,0.0,0.0,0.0,0.0
59281.79,0.36600525737512773,0.0,16352.0,37.0,0.22514999999915228,31.25,32.375,36.73000000000002,0.0,0.0,0.0,0.0,0.0,20.0,0.3,0.1,0.2,0.1,0.4,0.1,0.1,0.1,0.5,0.0,59578.0,0.10946993856792776,0.0,65535.0,0.0865796902418555,0.0,0.0,0.0,0.0,0.0,0.0,0.0,0.0,0.0,0.0
59341.84,0.3637618009710546,0.0,16352.0,37.0,0.24544999999914716,31.1875,32.375,36.85000000000002,0.0,0.0,0.0,0.0,0.0,20.0,0.3,0.1,0.2,0.1,0.4,0.1,0.1,0.1,0.5,0.0,59268.0,0.10980630357022339,0.0,65535.0,0.08690012970168612,0.0,0.0,0.0,0.0,0.0,0.0,0.0,0.0,0.0,0.0
59401.9,0.385763739366357,0.0,16352.0,37.0,0.23604999999915569,31.1875,32.375,36.870000000000005,0.0,0.0,0.0,0.0,0.0,20.0,0.3,0.1,0.2,0.1,0.4,0.1,0.1,0.1,0.5,0.0,59519.0,0.1096960634419261,0.0,65535.0,0.08725108720531013,0.0,0.0,0.0,0.0,0.0,0.0,0.0,0.0,0.0,0.0
59461.95,0.34187438608666043,0.0,16352.0,37.0,0.26604999999915596,31.1875,32.375,36.85000000000002,0.0,0.0,0.0,0.0,0.0,20.0,0.3,0.1,0.2,0.1,0.4,0.1,0.1,0.1,0.5,0.0,59284.0,0.10979353619863706,0.0,65535.0,0.08670176241702907,0.0,0.0,0.0,0.0,0.0,0.0,0.0,0.0,0.0,0.0
59522.02,0.33648411896038277,0.0,16352.0,37.0,0.21044999999914799,31.1875,32.375,36.81,0.0,0.0,0.0,0.0,0.0,20.0,0.3,0.1,0.2,0.1,0.4,0.1,0.1,0.1,0.5,0.0,58998.0,0.1104613715719177,0.0,65535.0,0.08651865415426871,0.0,0.0,0.0,0.0,0.0,0.0,0.0,0.0,0.0,0.0
59582.09,0.3825772043657494,0.0,16352.0,37.0,0.19604999999914685,31.1875,32.375,37.01000000000005,0.0,0.0,0.0,0.0,0.0,20.0,0.3,0.1,0.2,0.1,0.4,0.1,0.1,0.1,0.5,0.0,59146.0,0.10998207824704967,0.0,65535.0,0.08633554589150835,0.0,0.0,0.0,0.0,0.0,0.0,0.0,0.0,0.0,0.0
59642.17,0.33076525225668796,0.0,16352.0,37.0,0.25224999999915343,31.25,32.375,36.77000000000004,0.0,0.0,0.0,0.0,0.0,20.0,0.3,0.1,0.2,0.1,0.4,0.1,0.1,0.1,0.5,0.0,59322.0,0.10989177708101547,0.0,65535.0,0.08688487067978942,0.0,0.0,0.0,0.0,0.0,0.0,0.0,0.0,0.0,0.0
59702.21,0.34965781032318144,0.0,16352.0,37.0,0.2175499999991415,31.25,32.375,36.81,0.0,0.0,0.0,0.0,0.0,20.0,0.3,0.1,0.2,0.1,0.4,0.1,0.1,0.1,0.5,0.0,59818.0,0.10933163930589454,0.0,65535.0,0.08723582818341344,0.0,0.0,0.0,0.0,0.0,0.0,0.0,0.0,0.0,0.0
59762.27,0.34347419646807903,0.0,16352.0,37.0,0.25814999999914723,31.1875,32.375,36.81,0.0,0.0,0.0,0.0,0.0,20.0,0.3,0.1,0.2,0.1,0.4,0.1,0.1,0.1,0.5,0.0,59628.0,0.1095793922318374,0.0,65535.0,0.08693064774547951,0.0,0.0,0.0,0.0,0.0,0.0,0.0,0.0,0.0,0.0
59822.31,0.3669752822230326,0.0,16352.0,37.0,0.2460499999991406,31.25,32.375,36.77000000000004,0.0,0.0,0.0,0.0,0.0,20.0,0.3,0.1,0.2,0.1,0.4,0.1,0.1,0.1,0.5,0.0,59031.0,0.11026409852450407,0.0,65535.0,0.08661020828564889,0.0,0.0,0.0,0.0,0.0,0.0,0.0,0.0,0.0,0.0
59882.36,0.35353927588241085,0.0,16352.0,37.0,0.23784999999914888,31.1875,32.375,36.89000000000004,0.0,0.0,0.0,0.0,0.0,20.0,0.3,0.1,0.2,0.1,0.4,0.1,0.1,0.1,0.5,0.0,58727.0,0.11068162855245457,0.0,65535.0,0.08651865415426871,0.0,0.0,0.0,0.0,0.0,0.0,0.0,0.0,0.0,0.0
59942.4,0.3406194376952834,0.0,16352.0,37.0,0.18544999999913628,31.25,32.375,36.89000000000004,0.0,0.0,0.0,0.0,0.0,20.0,0.3,0.1,0.2,0.1,0.4,0.1,0.1,0.1,0.5,0.0,59170.0,0.11010647287476762,0.0,65535.0,0.08659494926375219,0.0,0.0,0.0,0.0,0.0,0.0,0.0,0.0,0.0,0.0
60002.44,0.37251724157054406,0.0,16352.0,37.0,0.226849999999137,31.25,32.375,36.870000000000005,0.0,0.0,0.0,0.0,0.0,20.0,0.3,0.1,0.2,0.1,0.4,0.1,0.1,0.1,0.5,0.0,59299.0,0.10986694547968769,0.0,65535.0,0.08673228046082246,0.0,0.0,0.0,0.0,0.0,0.0,0.0,0.0,0.0,0.0
60062.49,0.38514319880690107,0.0,16352.0,37.0,0.24094999999913666,31.1875,32.375,36.710000000000036,0.0,0.0,0.0,0.0,0.0,20.0,0.3,0.1,0.2,0.1,0.4,0.1,0.1,0.1,0.5,0.0,59196.0,0.1102439354010406,0.0,65535.0,0.08673228046082246,0.0,0.0,0.0,0.0,0.0,0.0,0.0,0.0,0.0,0.0
60122.56,0.3548269089689152,0.0,16352.0,37.0,0.29014999999913715,31.25,32.3125,36.77000000000004,0.0,0.0,0.0,0.0,0.0,20.0,0.3,0.1,0.2,0.1,0.4,0.1,0.1,0.1,0.5,0.0,59732.0,0.10950579254001205,0.0,65535.0,0.0869764248111696,0.0,0.0,0.0,0.0,0.0,0.0,0.0,0.0,0.0,0.0
60182.64,0.34836601748438745,0.0,16352.0,37.0,0.2275499999991389,31.1875,32.3125,36.97000000000003,0.0,0.0,0.0,0.0,0.0,20.0,0.3,0.1,0.2,0.1,0.4,0.1,0.1,0.1,0.5,0.0,59171.0,0.11029051393419073,0.0,65535.0,0.08671702143892576,0.0,0.0,0.0,0.0,0.0,0.0,0.0,0.0,0.0,0.0
60242.7,0.34914685532201584,0.0,16352.0,37.0,0.21484999999913285,31.25,32.3125,36.870000000000005,0.0,0.0,0.0,0.0,0.0,20.0,0.3,0.1,0.2,0.1,0.4,0.1,0.1,0.1,0.5,0.0,58986.0,0.1108059539551758,0.0,65535.0,0.08703746089875639,0.0,0.0,0.0,0.0,0.0,0.0,0.0,0.0,0.0,0.0
60302.75,0.33360471033292594,0.0,16352.0,37.0,0.26694999999914404,31.1875,32.3125,36.81,0.0,0.0,0.0,0.0,0.0,20.0,0.3,0.1,0.2,0.1,0.4,0.1,0.1,0.1,0.5,0.0,59326.0,0.11012035195361225,0.0,65535.0,0.08691538872358281,0.0,0.0,0.0,0.0,0.0,0.0,0.0,0.0,0.0,0.0
60362.82,0.3377761357276667,0.0,16352.0,37.0,0.2248499999991371,31.1875,32.3125,36.81,0.0,0.0,0.0,0.0,0.0,20.0,0.3,0.1,0.2,0.1,0.4,0.1,0.1,0.1,0.5,0.0,58761.0,0.11100900256973162,0.0,65535.0,0.08662546730754558,0.0,0.0,0.0,0.0,0.0,0.0,0.0,0.0,0.0,0.0
60422.89,0.34568151184727347,0.0,16352.0,37.0,0.25634999999913777,31.25,32.3125,36.870000000000005,0.0,0.0,0.0,0.0,0.0,20.0,0.3,0.1,0.2,0.1,0.4,0.1,0.1,0.1,0.5,0.0,59737.0,0.10968076736361049,0.0,65535.0,0.08650339513237201,0.0,0.0,0.0,0.0,0.0,0.0,0.0,0.0,0.0,0.0
60482.95,0.38898646541909887,0.0,16352.0,37.0,0.20804999999913476,31.25,32.3125,36.93000000000001,0.0,0.0,0.0,0.0,0.0,20.0,0.3,0.1,0.2,0.1,0.4,0.1,0.1,0.1,0.5,0.0,59413.0,0.11022840119165839,0.0,65535.0,0.08682383459220264,0.0,0.0,0.0,0.0,0.0,0.0,0.0,0.0,0.0,0.0
60543.03,0.33026803201369037,0.0,16352.0,37.0,0.2663499999991411,31.1875,32.3125,36.81,0.0,0.0,0.0,0.0,0.0,20.0,0.3,0.1,0.2,0.1,0.4,0.1,0.1,0.1,0.5,0.0,59236.0,0.11033830778580593,0.0,65535.0,0.08673228046082246,0.0,0.0,0.0,0.0,0.0,0.0,0.0,0.0,0.0,0.0
60603.1,0.3761849255755601,0.0,16352.0,37.0,0.2699499999991404,31.1875,32.3125,36.870000000000005,0.0,0.0,0.0,0.0,0.0,20.0,0.3,0.1,0.2,0.1,0.4,0.1,0.1,0.1,0.5,0.0,59544.0,0.11008665860540105,0.0,65535.0,0.08763256275272754,0.0,0.0,0.0,0.0,0.0,0.0,0.0,0.0,0.0,0.0
60663.17,0.3680640889403892,0.0,16352.0,37.0,0.23964999999913866,31.1875,32.4375,36.97000000000003,0.0,0.0,0.0,0.0,0.0,20.0,0.3,0.1,0.2,0.1,0.4,0.1,0.1,0.1,0.5,0.0,59006.0,0.11095481815408602,0.0,65535.0,0.08676279850461585,0.0,0.0,0.0,0.0,0.0,0.0,0.0,0.0,0.0,0.0
60723.25,0.34212376114421045,0.0,16352.0,37.0,0.19104999999913597,31.1875,32.375,36.950000000000045,0.0,0.0,0.0,0.0,0.0,20.0,0.3,0.1,0.2,0.1,0.4,0.1,0.1,0.1,0.5,0.0,58799.0,0.11103930338951343,0.0,65535.0,0.08671702143892576,0.0,0.0,0.0,0.0,0.0,0.0,0.0,0.0,0.0,0.0
60783.3,0.37314213031542287,0.0,16352.0,37.0,0.24754999999912722,31.1875,32.375,36.97000000000003,0.0,0.0,0.0,0.0,0.0,20.0,0.3,0.1,0.2,0.1,0.4,0.1,0.1,0.1,0.5,0.0,58845.0,0.11102047752570311,0.0,65535.0,0.08668650339513237,0.0,0.0,0.0,0.0,0.0,0.0,0.0,0.0,0.0,0.0
60843.34,0.3650504375824505,0.0,16352.0,37.0,0.24784999999912607,31.25,32.375,36.870000000000005,0.0,0.0,0.0,0.0,0.0,20.0,0.3,0.1,0.2,0.1,0.4,0.1,0.1,0.1,0.5,0.0,59693.0,0.10981187073861257,0.0,65535.0,0.08714427405203326,0.0,0.0,0.0,0.0,0.0,0.0,0.0,0.0,0.0,0.0
60903.39,0.3415459047012126,0.0,16352.0,37.0,0.19604999999912798,31.25,32.375,36.85000000000002,0.0,0.0,0.0,0.0,0.0,20.0,0.3,0.1,0.2,0.1,0.4,0.1,0.1,0.1,0.5,0.0,59658.0,0.11012772804988434,0.0,65535.0,0.08708323796444647,0.0,0.0,0.0,0.0,0.0,0.0,0.0,0.0,0.0,0.0
60963.46,0.3432642044851049,0.0,16352.0,37.0,0.2354499999991339,31.1875,32.4375,36.81,0.0,0.0,0.0,0.0,0.0,20.0,0.3,0.1,0.2,0.1,0.4,0.1,0.1,0.1,0.5,0.0,59102.0,0.11080843287875199,0.0,65535.0,0.08670176241702907,0.0,0.0,0.0,0.0,0.0,0.0,0.0,0.0,0.0,0.0
61023.54,0.34269294388952265,0.0,16352.0,37.0,0.2051499999991322,31.25,32.375,37.190000000000055,0.0,0.0,0.0,0.0,0.0,20.0,0.3,0.1,0.2,0.1,0.4,0.1,0.1,0.1,0.5,0.0,58951.0,0.11085477769673119,0.0,65535.0,0.08667124437323567,0.0,0.0,0.0,0.0,0.0,0.0,0.0,0.0,0.0,0.0
61083.61,0.36885888293320895,0.0,16352.0,37.0,0.25724999999912834,31.1875,32.375,36.710000000000036,0.0,0.0,0.0,0.0,0.0,20.0,0.3,0.1,0.2,0.1,0.4,0.1,0.1,0.1,0.5,0.0,58921.0,0.11099607949627467,0.0,65535.0,0.08693064774547951,0.0,0.0,0.0,0.0,0.0,0.0,0.0,0.0,0.0,0.0
61143.67,0.35393745051129977,0.0,16352.0,37.0,0.23784999999913173,31.25,32.375,36.89000000000004,0.0,0.0,0.0,0.0,0.0,20.0,0.3,0.1,0.2,0.1,0.4,0.1,0.1,0.1,0.5,0.0,59361.0,0.11059449807112413,0.0,65535.0,0.08703746089875639,0.0,0.0,0.0,0.0,0.0,0.0,0.0,0.0,0.0,0.0
61203.75,0.38219696961980754,0.0,16352.0,37.0,0.20664999999912997,31.1875,32.375,36.870000000000005,0.0,0.0,0.0,0.0,0.0,20.0,0.3,0.1,0.2,0.1,0.4,0.1,0.1,0.1,0.5,0.0,58914.0,0.11092439827545235,0.0,65535.0,0.08693064774547951,0.0,0.0,0.0,0.0,0.0,0.0,0.0,0.0,0.0,0.0
61263.83,0.3307040144252277,0.0,16352.0,37.0,0.23724999999913055,31.25,32.375,36.85000000000002,0.0,0.0,0.0,0.0,0.0,20.0,0.3,0.1,0.2,0.1,0.4,0.1,0.1,0.1,0.5,0.0,58996.0,0.11093972472710015,0.0,65535.0,0.08694590676737621,0.0,0.0,0.0,0.0,0.0,0.0,0.0,0.0,0.0,0.0
61323.88,0.3336439134346334,0.0,16352.0,37.0,0.2710499999991265,31.1875,32.375,36.870000000000005,0.0,0.0,0.0,0.0,0.0,20.0,0.3,0.1,0.2,0.1,0.4,0.1,0.1,0.1,0.5,0.0,59147.0,0.1110960826415541,0.0,65535.0,0.08722056916151674,0.0,0.0,0.0,0.0,0.0,0.0,0.0,0.0,0.0,0.0
61383.93,0.3355389732702782,0.0,16352.0,37.0,0.23904999999912974,31.25,32.375,36.89000000000004,0.0,0.0,0.0,0.0,0.0,20.0,0.3,0.1,0.2,0.1,0.4,0.1,0.1,0.1,0.5,0.0,58985.0,0.11112994829193863,0.0,65535.0,0.08715953307392996,0.0,0.0,0.0,0.0,0.0,0.0,0.0,0.0,0.0,0.0
61444.0,0.36367569002613753,0.0,16352.0,37.0,0.23224999999911913,31.25,32.375,36.81,0.0,0.0,0.0,0.0,0.0,20.0,0.3,0.1,0.2,0.1,0.4,0.1,0.1,0.1,0.5,0.0,58950.0,0.11119592875318066,0.0,65535.0,0.08709849698634317,0.0,0.0,0.0,0.0,0.0,0.0,0.0,0.0,0.0,0.0
61504.04,0.3346078148679351,0.0,16352.0,37.0,0.1927499999991215,31.25,32.375,36.79000000000002,0.0,0.0,0.0,0.0,0.0,20.0,0.3,0.1,0.2,0.1,0.4,0.1,0.1,0.1,0.5,0.0,59039.0,0.11101136536865462,0.0,65535.0,0.08726634622720683,0.0,0.0,0.0,0.0,0.0,0.0,0.0,0.0,0.0,0.0
61564.12,0.35287818395045223,0.0,16352.0,37.0,0.20684999999912118,31.3125,32.375,36.77000000000004,0.0,0.0,0.0,0.0,0.0,20.0,0.3,0.1,0.2,0.1,0.4,0.1,0.1,0.1,0.5,0.0,59070.0,0.11107160995429152,0.0,65535.0,0.08760204470893415,0.0,0.0,0.0,0.0,0.0,0.0,0.0,0.0,0.0,0.0
61624.19,0.37327539697173995,0.0,16352.0,37.0,0.23274999999912604,31.1875,32.375,36.81,0.0,0.0,0.0,0.0,0.0,20.0,0.3,0.1,0.2,0.1,0.4,0.1,0.1,0.1,0.5,0.0,59040.0,0.11104336043360434,0.0,65535.0,0.08677805752651255,0.0,0.0,0.0,0.0,0.0,0.0,0.0,0.0,0.0,0.0
61684.26,0.3756052016256526,0.0,16352.0,37.0,0.23014999999911503,31.1875,32.4375,36.81,0.0,0.0,0.0,0.0,0.0,20.0,0.3,0.1,0.2,0.1,0.4,0.1,0.1,0.1,0.5,0.0,59432.0,0.11052968097994346,0.0,65535.0,0.08712901503013656,0.0,0.0,0.0,0.0,0.0,0.0,0.0,0.0,0.0,0.0
61744.31,0.35640331137904824,0.0,16352.0,37.0,0.2304499999991139,31.25,32.4375,36.89000000000004,0.0,0.0,0.0,0.0,0.0,20.0,0.3,0.1,0.2,0.1,0.4,0.1,0.1,0.1,0.5,0.0,59973.0,0.11006619645507144,0.0,65535.0,0.08802929732204166,0.0,0.0,0.0,0.0,0.0,0.0,0.0,0.0,0.0,0.0
61804.35,0.36677069949704016,0.0,16352.0,37.0,0.2269499999991179,31.1875,32.375,36.89000000000004,0.0,0.0,0.0,0.0,0.0,20.0,0.3,0.1,0.2,0.1,0.4,0.1,0.1,0.1,0.5,0.0,59441.0,0.11086623710906614,0.0,65535.0,0.08743419546807049,0.0,0.0,0.0,0.0,0.0,0.0,0.0,0.0,0.0,0.0
61864.39,0.37501714241084516,0.0,16352.0,37.0,0.23134999999911218,31.25,32.375,36.81,0.0,0.0,0.0,0.0,0.0,20.0,0.3,0.1,0.2,0.1,0.4,0.1,0.1,0.1,0.5,0.0,59315.0,0.11105116749557448,0.0,65535.0,0.08726634622720683,0.0,0.0,0.0,0.0,0.0,0.0,0.0,0.0,0.0,0.0
61924.44,0.33887831481738656,0.0,16352.0,37.0,0.230749999999111,31.25,32.375,36.89000000000004,0.0,0.0,0.0,0.0,0.0,20.0,0.3,0.1,0.2,0.1,0.4,0.1,0.1,0.1,0.5,0.0,59050.0,0.11127857747671464,0.0,65535.0,0.08705271992065308,0.0,0.0,0.0,0.0,0.0,0.0,0.0,0.0,0.0,0.0
61984.48,0.35245988673767265,0.0,16352.0,37.0,0.1954499999991138,31.25,32.375,36.93000000000001,0.0,0.0,0.0,0.0,0.0,20.0,0.3,0.1,0.2,0.1,0.4,0.1,0.1,0.1,0.5,0.0,59149.0,0.1110247003330572,0.0,65535.0,0.08711375600823987,0.0,0.0,0.0,0.0,0.0,0.0,0.0,0.0,0.0,0.0
62044.53,0.3374969099020878,0.0,16352.0,37.0,0.2454499999991101,31.25,32.4375,37.03000000000003,0.0,0.0,0.0,0.0,0.0,20.0,0.3,0.1,0.2,0.1,0.4,0.1,0.1,0.1,0.5,0.0,59477.0,0.11046286799939473,0.0,65535.0,0.08719005111772335,0.0,0.0,0.0,0.0,0.0,0.0,0.0,0.0,0.0,0.0
62104.57,0.33851303940419597,0.0,16352.0,37.0,0.27164999999911466,31.25,32.4375,36.73000000000002,0.0,0.0,0.0,0.0,0.0,20.0,0.3,0.1,0.2,0.1,0.4,0.1,0.1,0.1,0.5,0.0,60169.0,0.1098738553075504,0.0,65535.0,0.08726634622720683,0.0,0.0,0.0,0.0,0.0,0.0,0.0,0.0,0.0,0.0
62164.62,0.34433183193246986,0.0,16352.0,37.0,0.23074999999910753,31.25,32.375,36.93000000000001,0.0,0.0,0.0,0.0,0.0,20.0,0.3,0.1,0.2,0.1,0.4,0.1,0.1,0.1,0.5,0.0,59703.0,0.11029596502688307,0.0,65535.0,0.0874189364461738,0.0,0.0,0.0,0.0,0.0,0.0,0.0,0.0,0.0,0.0
62224.69,0.35486838708196816,0.0,16352.0,37.0,0.26664999999911754,31.1875,32.375,36.870000000000005,0.0,0.0,0.0,0.0,0.0,20.0,0.3,0.1,0.2,0.1,0.4,0.1,0.1,0.1,0.5,0.0,59502.0,0.11060132432523277,0.0,65535.0,0.08712901503013656,0.0,0.0,0.0,0.0,0.0,0.0,0.0,0.0,0.0,0.0
62284.78,0.3730761288307342,0.0,16352.0,37.0,0.22514999999911006,31.1875,32.375,37.03000000000003,0.0,0.0,0.0,0.0,0.0,20.0,0.3,0.1,0.2,0.1,0.4,0.1,0.1,0.1,0.5,0.0,59334.0,0.11128526645768025,0.0,65535.0,0.08708323796444647,0.0,0.0,0.0,0.0,0.0,0.0,0.0,0.0,0.0,0.0
62344.84,0.35750428234360054,0.0,16352.0,37.0,0.2516499999991152,31.1875,32.4375,36.79000000000002,0.0,0.0,0.0,0.0,0.0,20.0,0.3,0.1,0.2,0.1,0.4,0.1,0.1,0.1,0.5,0.0,59628.0,0.11070302542429732,0.0,65535.0,0.08758678568703746,0.0,0.0,0.0,0.0,0.0,0.0,0.0,0.0,0.0,0.0
62404.9,0.35322933580894844,0.0,16352.0,37.0,0.2466499999991047,31.25,32.4375,36.77000000000004,0.0,0.0,0.0,0.0,0.0,20.0,0.3,0.1,0.2,0.1,0.4,0.1,0.1,0.1,0.5,0.0,59248.0,0.11119362678908992,0.0,65535.0,0.08722056916151674,0.0,0.0,0.0,0.0,0.0,0.0,0.0,0.0,0.0,0.0
62464.94,0.34405684366100114,0.0,16352.0,37.0,0.19394999999910656,31.25,32.375,36.950000000000045,0.0,0.0,0.0,0.0,0.0,20.0,0.3,0.1,0.2,0.1,0.4,0.1,0.1,0.1,0.5,0.0,58905.0,0.11185807656395892,0.0,65535.0,0.08717479209582665,0.0,0.0,0.0,0.0,0.0,0.0,0.0,0.0,0.0,0.0
62524.98,0.33795016911062015,0.0,16352.0,37.0,0.27374999999910843,31.25,32.375,36.89000000000004,0.0,0.0,0.0,0.0,0.0,20.0,0.3,0.1,0.2,0.1,0.4,0.1,0.1,0.1,0.5,0.0,59546.0,0.11083867934034192,0.0,65535.0,0.08726634622720683,0.0,0.0,0.0,0.0,0.0,0.0,0.0,0.0,0.0,0.0
62585.03,0.32538257165814494,0.0,16352.0,37.0,0.24874999999910188,31.25,32.4375,36.93000000000001,0.0,0.0,0.0,0.0,0.0,20.0,0.3,0.1,0.2,0.1,0.4,0.1,0.1,0.1,0.5,0.0,60003.0,0.10996116860823625,0.0,65535.0,0.0874036774242771,0.0,0.0,0.0,0.0,0.0,0.0,0.0,0.0,0.0,0.0
62645.07,0.33703839333906205,0.0,16352.0,37.0,0.22754999999910525,31.25,32.375,36.93000000000001,0.0,0.0,0.0,0.0,0.0,20.0,0.3,0.1,0.2,0.1,0.4,0.1,0.1,0.1,0.5,0.0,58668.0,0.1121906320310902,0.0,65535.0,0.08706797894254978,0.0,0.0,0.0,0.0,0.0,0.0,0.0,0.0,0.0,0.0
62705.12,0.383588007538053,0.0,16352.0,37.0,0.21694999999909897,31.3125,32.375,36.89000000000004,0.0,0.0,0.0,0.0,0.0,20.0,0.3,0.1,0.2,0.1,0.4,0.1,0.1,0.1,0.5,0.0,59674.0,0.11060093172906123,0.0,65535.0,0.08751049057755397,0.0,0.0,0.0,0.0,0.0,0.0,0.0,0.0,0.0,0.0
62765.16,0.35259874492300636,0.0,16352.0,37.0,0.26724999999911003,31.3125,32.375,36.81,0.0,0.0,0.0,0.0,0.0,20.0,0.3,0.1,0.2,0.1,0.4,0.1,0.1,0.1,0.5,0.0,59848.0,0.11044646437642026,0.0,65535.0,0.08735790035858701,0.0,0.0,0.0,0.0,0.0,0.0,0.0,0.0,0.0,0.0
62825.2,0.37860712424417603,0.0,16352.0,37.0,0.21164999999910208,31.3125,32.375,36.89000000000004,0.0,0.0,0.0,0.0,0.0,20.0,0.3,0.1,0.2,0.1,0.4,0.1,0.1,0.1,0.5,0.0,59018.0,0.11174556914839541,0.0,65535.0,0.08735790035858701,0.0,0.0,0.0,0.0,0.0,0.0,0.0,0.0,0.0,0.0
62885.25,0.36963813661075784,0.0,16352.0,37.0,0.25634999999910324,31.25,32.4375,37.05000000000001,0.0,0.0,0.0,0.0,0.0,20.0,0.3,0.1,0.2,0.1,0.4,0.1,0.1,0.1,0.5,0.0,59074.0,0.11184277347056235,0.0,65535.0,0.08746471351186388,0.0,0.0,0.0,0.0,0.0,0.0,0.0,0.0,0.0,0.0
62945.29,0.3582675394561773,0.0,16352.0,37.0,0.25434999999910757,31.25,32.4375,36.81,0.0,0.0,0.0,0.0,0.0,20.0,0.3,0.1,0.2,0.1,0.4,0.1,0.1,0.1,0.5,0.0,60026.0,0.11030220237896911,0.0,65535.0,0.08757152666514076,0.0,0.0,0.0,0.0,0.0,0.0,0.0,0.0,0.0,0.0
63005.33,0.33448554751722254,0.0,16352.0,37.0,0.23584999999909595,31.3125,32.375,36.950000000000045,0.0,0.0,0.0,0.0,0.0,20.0,0.3,0.1,0.2,0.1,0.4,0.1,0.1,0.1,0.5,0.0,59546.0,0.11087226681892991,0.0,65535.0,0.08744945448996719,0.0,0.0,0.0,0.0,0.0,0.0,0.0,0.0,0.0,0.0
63065.4,0.34982029369819134,0.0,16352.0,37.0,0.2299499999990996,31.3125,32.4375,36.950000000000045,0.0,0.0,0.0,0.0,0.0,20.0,0.3,0.1,0.2,0.1,0.4,0.1,0.1,0.1,0.5,0.0,59518.0,0.11129406230048053,0.0,65535.0,0.08744945448996719,0.0,0.0,0.0,0.0,0.0,0.0,0.0,0.0,0.0,0.0
63125.45,0.3498492242532767,0.0,16352.0,37.0,0.20634999999910258,31.3125,32.375,37.05000000000001,0.0,0.0,0.0,0.0,0.0,20.0,0.3,0.1,0.2,0.1,0.4,0.1,0.1,0.1,0.5,0.0,58978.0,0.11177049069144426,0.0,65535.0,0.08757152666514076,0.0,0.0,0.0,0.0,0.0,0.0,0.0,0.0,0.0,0.0
63185.5,0.3691215604980896,0.0,16352.0,37.0,0.2483499999991036,31.25,32.375,36.89000000000004,0.0,0.0,0.0,0.0,0.0,20.0,0.3,0.1,0.2,0.1,0.4,0.1,0.1,0.1,0.5,0.0,59395.0,0.11130566546005556,0.0,65535.0,0.08746471351186388,0.0,0.0,0.0,0.0,0.0,0.0,0.0,0.0,0.0,0.0
63245.57,0.35605167549284655,0.0,16352.0,37.0,0.1906499999990958,31.3125,32.4375,36.85000000000002,0.0,0.0,0.0,0.0,0.0,20.0,0.3,0.1,0.2,0.1,0.4,0.1,0.1,0.1,0.5,0.0,58941.0,0.1119085186881797,0.0,65535.0,0.08749523155565728,0.0,0.0,0.0,0.0,0.0,0.0,0.0,0.0,0.0,0.0
63305.64,0.3554096315681538,0.0,16352.0,37.0,0.2288499999991011,31.25,32.5,36.77000000000004,0.0,0.0,0.0,0.0,0.0,20.0,0.3,0.1,0.2,0.1,0.4,0.1,0.1,0.1,0.5,0.0,59479.0,0.11129978647926159,0.0,65535.0,0.08763256275272754,0.0,0.0,0.0,0.0,0.0,0.0,0.0,0.0,0.0,0.0
63365.71,0.3389025519706137,0.0,16352.0,37.0,0.24804999999910127,31.25,32.4375,36.89000000000004,0.0,0.0,0.0,0.0,0.0,20.0,0.3,0.1,0.2,0.1,0.4,0.1,0.1,0.1,0.5,0.0,59729.0,0.11101809841115706,0.0,65535.0,0.08758678568703746,0.0,0.0,0.0,0.0,0.0,0.0,0.0,0.0,0.0,0.0
63425.75,0.33470859156088645,0.0,16352.0,37.0,0.1806499999990881,31.3125,32.4375,37.05000000000001,0.0,0.0,0.0,0.0,0.0,20.0,0.3,0.1,0.2,0.1,0.4,0.1,0.1,0.1,0.5,0.0,59645.0,0.11110738536340012,0.0,65535.0,0.08813611047531854,0.0,0.0,0.0,0.0,0.0,0.0,0.0,0.0,0.0,0.0
63485.79,0.33855396400398957,0.0,16352.0,37.0,0.25394999999909507,31.25,32.375,36.79000000000002,0.0,0.0,0.0,0.0,0.0,20.0,0.3,0.1,0.2,0.1,0.4,0.1,0.1,0.1,0.5,0.0,59236.0,0.11195894388547505,0.0,65535.0,0.08763256275272754,0.0,0.0,0.0,0.0,0.0,0.0,0.0,0.0,0.0,0.0
63545.83,0.3900509257787767,0.0,16352.0,37.0,0.23044999999908797,31.25,32.4375,36.97000000000003,0.0,0.0,0.0,0.0,0.0,20.0,0.3,0.1,0.2,0.1,0.4,0.1,0.1,0.1,0.5,0.0,59260.0,0.11154235572055349,0.0,65535.0,0.08758678568703746,0.0,0.0,0.0,0.0,0.0,0.0,0.0,0.0,0.0,0.0
63605.86,0.32557638750717416,0.0,16352.0,37.0,0.29224999999908946,31.3125,32.4375,36.79000000000002,0.0,0.0,0.0,0.0,0.0,20.0,0.3,0.1,0.2,0.1,0.4,0.1,0.1,0.1,0.5,0.0,60238.0,0.11036222982170722,0.0,65535.0,0.0882887006942855,0.0,0.0,0.0,0.0,0.0,0.0,0.0,0.0,0.0,0.0
63665.92,0.3355909868108546,0.0,16352.0,37.0,0.22724999999909087,31.25,32.4375,36.950000000000045,0.0,0.0,0.0,0.0,0.0,20.0,0.3,0.1,0.2,0.1,0.4,0.1,0.1,0.1,0.5,0.0,59718.0,0.11087109414246961,0.0,65535.0,0.08778515297169451,0.0,0.0,0.0,0.0,0.0,0.0,0.0,0.0,0.0,0.0
63725.97,0.38487026027190885,0.0,16352.0,37.0,0.2166499999990846,31.25,32.4375,36.97000000000003,0.0,0.0,0.0,0.0,0.0,20.0,0.3,0.1,0.2,0.1,0.4,0.1,0.1,0.1,0.5,0.0,59728.0,0.11120412536833646,0.0,65535.0,0.08767833981841763,0.0,0.0,0.0,0.0,0.0,0.0,0.0,0.0,0.0,0.0
63786.01,0.3473565432447389,0.0,16352.0,37.0,0.22574999999908882,31.25,32.4375,36.85000000000002,0.0,0.0,0.0,0.0,0.0,20.0,0.3,0.1,0.2,0.1,0.4,0.1,0.1,0.1,0.5,0.0,59639.0,0.11120240111336542,0.0,65535.0,0.08816662851911193,0.0,0.0,0.0,0.0,0.0,0.0,0.0,0.0,0.0,0.0
63846.06,0.34387949505027193,0.0,16352.0,37.0,0.2293499999990881,31.3125,32.4375,37.25000000000006,0.0,0.0,0.0,0.0,0.0,20.0,0.3,0.1,0.2,0.1,0.4,0.1,0.1,0.1,0.5,0.0,59361.0,0.11168949310153131,0.0,65535.0,0.0878309300373846,0.0,0.0,0.0,0.0,0.0,0.0,0.0,0.0,0.0,0.0
63906.1,0.33549871750342974,0.0,16352.0,37.0,0.17014999999907995,31.375,32.4375,36.79000000000002,0.0,0.0,0.0,0.0,0.0,20.0,0.3,0.1,0.2,0.1,0.4,0.1,0.1,0.1,0.5,0.0,59413.0,0.11159173918166058,0.0,65535.0,0.08767833981841763,0.0,0.0,0.0,0.0,0.0,0.0,0.0,0.0,0.0,0.0
63966.14,0.3406261231454047,0.0,16352.0,37.0,0.2480499999990918,31.3125,32.375,36.79000000000002,0.0,0.0,0.0,0.0,0.0,20.0,0.3,0.1,0.2,0.1,0.4,0.1,0.1,0.1,0.5,0.0,59422.0,0.11152435125037864,0.0,65535.0,0.08798352025635157,0.0,0.0,0.0,0.0,0.0,0.0,0.0,0.0,0.0,0.0
64026.21,0.3694495239805329,0.0,16352.0,37.0,0.24924999999909156,31.3125,32.5,36.81,0.0,0.0,0.0,0.0,0.0,20.0,0.3,0.1,0.2,0.1,0.4,0.1,0.1,0.1,0.5,0.0,59722.0,0.11146646127055357,0.0,65535.0,0.08773937590600442,0.0,0.0,0.0,0.0,0.0,0.0,0.0,0.0,0.0,0.0
64086.27,0.3775895536079843,0.0,16352.0,37.0,0.21454999999907964,31.25,32.4375,36.950000000000045,0.0,0.0,0.0,0.0,0.0,20.0,0.3,0.1,0.2,0.1,0.4,0.1,0.1,0.1,0.5,0.0,59856.0,0.11120021384656509,0.0,65535.0,0.08850232700083925,0.0,0.0,0.0,0.0,0.0,0.0,0.0,0.0,0.0,0.0
64146.35,0.3886216237822679,0.0,16352.0,37.0,0.22694999999908427,31.3125,32.4375,36.85000000000002,0.0,0.0,0.0,0.0,0.0,20.0,0.3,0.1,0.2,0.1,0.4,0.1,0.1,0.1,0.5,0.0,59376.0,0.11181285367825385,0.0,65535.0,0.08792248416876479,0.0,0.0,0.0,0.0,0.0,0.0,0.0,0.0,0.0,0.0
64206.39,0.3725250788223863,0.0,16352.0,37.0,0.18544999999907683,31.3125,32.4375,36.870000000000005,0.0,0.0,0.0,0.0,0.0,20.0,0.3,0.1,0.2,0.1,0.4,0.1,0.1,0.1,0.5,0.0,59254.0,0.1121105748135147,0.0,65535.0,0.0878004119935912,0.0,0.0,0.0,0.0,0.0,0.0,0.0,0.0,0.0,0.0
64266.47,0.35394683121552095,0.0,16352.0,37.0,0.27194999999908426,31.3125,32.4375,36.89000000000004,0.0,0.0,0.0,0.0,0.0,20.0,0.3,0.1,0.2,0.1,0.4,0.1,0.1,0.1,0.5,0.0,60141.0,0.11080627192763672,0.0,65535.0,0.08793774319066149,0.0,0.0,0.0,0.0,0.0,0.0,0.0,0.0,0.0,0.0
64326.51,0.35098717920482303,0.0,16352.0,37.0,0.2693499999990883,31.3125,32.4375,36.79000000000002,0.0,0.0,0.0,0.0,0.0,20.0,0.3,0.1,0.2,0.1,0.4,0.1,0.1,0.1,0.5,0.0,59601.0,0.11150819617120518,0.0,65535.0,0.0878919661249714,0.0,0.0,0.0,0.0,0.0,0.0,0.0,0.0,0.0,0.0
64386.56,0.36317283823909513,0.0,16352.0,37.0,0.27174999999908783,31.3125,32.4375,36.81,0.0,0.0,0.0,0.0,0.0,20.0,0.3,0.1,0.2,0.1,0.4,0.1,0.1,0.1,0.5,0.0,59353.0,0.11178878910922783,0.0,65535.0,0.08821240558480202,0.0,0.0,0.0,0.0,0.0,0.0,0.0,0.0,0.0,0.0
64446.59,0.36531641009309895,0.0,16352.0,37.0,0.2155499999990804,31.3125,32.4375,36.97000000000003,0.0,0.0,0.0,0.0,0.0,20.0,0.3,0.1,0.2,0.1,0.4,0.1,0.1,0.1,0.5,0.0,59540.0,0.11153846153846154,0.0,65535.0,0.08758678568703746,0.0,0.0,0.0,0.0,0.0,0.0,0.0,0.0,0.0,0.0
64506.62,0.3491600850041947,0.0,16352.0,37.0,0.1621499999990778,31.3125,32.4375,36.870000000000005,0.0,0.0,0.0,0.0,0.0,20.0,0.3,0.1,0.2,0.1,0.4,0.1,0.1,0.1,0.5,0.0,59485.0,0.11192737664957553,0.0,65535.0,0.08812085145342184,0.0,0.0,0.0,0.0,0.0,0.0,0.0,0.0,0.0,0.0
64566.67,0.3615462572025122,0.0,16352.0,37.0,0.22334999999907898,31.375,32.4375,36.81,0.0,0.0,0.0,0.0,0.0,20.0,0.3,0.1,0.2,0.1,0.4,0.1,0.1,0.1,0.5,0.0,59849.0,0.11122992865377868,0.0,65535.0,0.08764782177462424,0.0,0.0,0.0,0.0,0.0,0.0,0.0,0.0,0.0,0.0
64626.71,0.3646443837575373,0.0,16352.0,37.0,0.25314999999908455,31.3125,32.4375,36.85000000000002,0.0,0.0,0.0,0.0,0.0,20.0,0.3,0.1,0.2,0.1,0.4,0.1,0.1,0.1,0.5,0.0,58928.0,0.11262897094759707,0.0,65535.0,0.08787670710307469,0.0,0.0,0.0,0.0,0.0,0.0,0.0,0.0,0.0,0.0
64686.76,0.3454037199986709,0.0,16352.0,37.0,0.18724999999907171,31.3125,32.4375,37.170000000000016,0.0,0.0,0.0,0.0,0.0,20.0,0.3,0.1,0.2,0.1,0.4,0.1,0.1,0.1,0.5,0.0,60139.0,0.11102612281547748,0.0,65535.0,0.08816662851911193,0.0,0.0,0.0,0.0,0.0,0.0,0.0,0.0,0.0,0.0
64746.8,0.3615821937500682,0.0,16352.0,37.0,0.19574999999907564,31.375,32.4375,37.03000000000003,0.0,0.0,0.0,0.0,0.0,20.0,0.3,0.1,0.2,0.1,0.4,0.1,0.1,0.1,0.5,0.0,59328.0,0.11210558252427184,0.0,65535.0,0.0878309300373846,0.0,0.0,0.0,0.0,0.0,0.0,0.0,0.0,0.0,0.0
64806.84,0.334204870006377,0.0,16352.0,37.0,0.1939499999990747,31.25,32.4375,37.01000000000005,0.0,0.0,0.0,0.0,0.0,20.0,0.3,0.1,0.2,0.1,0.4,0.1,0.1,0.1,0.5,0.0,59543.0,0.11178476059318476,0.0,65535.0,0.0878461890592813,0.0,0.0,0.0,0.0,0.0,0.0,0.0,0.0,0.0,0.0
64866.89,0.35313839194693436,0.0,16352.0,37.0,0.20444999999907423,31.3125,32.4375,36.73000000000002,0.0,0.0,0.0,0.0,0.0,20.0,0.3,0.1,0.2,0.1,0.4,0.1,0.1,0.1,0.5,0.0,59746.0,0.11177317309945435,0.0,65535.0,0.0883039597161822,0.0,0.0,0.0,0.0,0.0,0.0,0.0,0.0,0.0,0.0
64926.97,0.3397882717457766,0.0,16352.0,37.0,0.21914999999907422,31.3125,32.4375,36.89000000000004,0.0,0.005,0.25,0.0,0.0,20.0,0.3,0.1,0.2,0.1,0.4,0.1,0.1,0.1,0.5,0.0,59466.0,0.11187905694010022,0.0,65535.0,0.08798352025635157,0.0,0.0,0.0,0.0,0.0,0.0,0.0,0.0,0.0,0.0
64987.03,0.3308042056796484,0.0,16352.0,37.0,0.32994999999906727,31.25,32.4375,36.710000000000036,0.0,0.0,0.0,0.0,0.0,20.0,0.3,0.1,0.2,0.1,0.4,0.1,0.1,0.1,0.5,0.0,58270.0,0.11173845889823236,0.0,65535.0,0.08601510643167773,0.0,0.0,0.0,0.0,0.0,0.0,0.0,0.0,0.0,0.0
65047.07,0.36776381916152046,0.0,16352.0,37.0,0.2576499999990779,31.1875,32.4375,36.77000000000004,0.0,0.0,0.0,0.0,0.0,20.0,0.3,0.1,0.2,0.1,0.4,0.1,0.1,0.1,0.5,0.0,58584.0,0.1112590468387273,0.0,65535.0,0.08616769665064469,0.0,0.0,0.0,0.0,0.0,0.0,0.0,0.0,0.0,0.0
65107.15,0.3205465197125872,0.0,16352.0,37.0,0.2471499999990766,31.3125,32.375,36.79000000000002,0.0,0.0,0.0,0.0,0.0,20.0,0.3,0.1,0.2,0.1,0.4,0.1,0.1,0.1,0.5,0.0,58246.0,0.11175016310132885,0.0,65535.0,0.08604562447547112,0.0,0.0,0.0,0.0,0.0,0.0,0.0,0.0,0.0,0.0
65167.18,0.3037415773902257,0.0,16352.0,37.0,0.25954999999906614,31.25,32.4375,36.85000000000002,0.0,0.0,0.0,0.0,0.0,20.0,0.3,0.1,0.2,0.1,0.4,0.1,0.1,0.1,0.5,0.0,58252.0,0.11165281878733778,0.0,65535.0,0.08595407034409094,0.0,0.0,0.0,0.0,0.0,0.0,0.0,0.0,0.0,0.0
65227.25,0.317427657235722,0.0,16352.0,37.0,0.2680499999990701,31.3125,32.4375,36.93000000000001,0.0,0.0,0.0,0.0,0.0,20.0,0.3,0.1,0.2,0.1,0.4,0.1,0.1,0.1,0.5,0.0,58514.0,0.1113921454694603,0.0,65535.0,0.08641184100099183,0.0,0.0,0.0,0.0,0.0,0.0,0.0,0.0,0.0,0.0
65287.29,0.30517835944369764,0.0,16352.0,37.0,0.25714999999906407,31.3125,32.5,37.190000000000055,0.0,0.0,0.0,0.0,0.0,20.0,0.3,0.1,0.2,0.1,0.4,0.1,0.1,0.1,0.5,0.0,57559.0,0.11259750864330513,0.0,65535.0,0.08552681773098345,0.0,0.0,0.0,0.0,0.0,0.0,0.0,0.0,0.0,0.0
65347.32,0.31982590130661126,0.0,16352.0,37.0,0.2238499999990617,31.25,32.4375,36.870000000000005,0.0,0.0,0.0,0.0,0.0,20.0,0.3,0.1,0.2,0.1,0.4,0.1,0.1,0.1,0.5,0.0,58433.0,0.11158078483048962,0.0,65535.0,0.08592355230029755,0.0,0.0,0.0,0.0,0.0,0.0,0.0,0.0,0.0,0.0
65407.36,0.3198173251372759,0.0,16352.0,37.0,0.20234999999906447,31.375,32.4375,36.950000000000045,0.0,0.0,0.0,0.0,0.0,20.0,0.3,0.1,0.2,0.1,0.4,0.1,0.1,0.1,0.5,0.0,58211.0,0.11164556527116867,0.0,65535.0,0.08607614251926451,0.0,0.0,0.0,0.0,0.0,0.0,0.0,0.0,0.0,0.0
65467.46,0.3467001373328158,0.0,16352.0,37.0,0.21524999999906438,31.3125,32.4375,36.85000000000002,0.0,0.0,0.0,0.0,0.0,20.0,0.3,0.1,0.2,0.1,0.4,0.1,0.1,0.1,0.5,0.0,58417.0,0.1112689799202287,0.0,65535.0,0.08604562447547112,0.0,0.0,0.0,0.0,0.0,0.0,0.0,0.0,0.0,0.0
65527.5,0.34490576035819753,0.0,16352.0,37.0,0.20934999999906806,31.3125,32.4375,36.950000000000045,0.0,0.0,0.0,0.0,0.0,20.0,0.3,0.1,0.2,0.1,0.4,0.1,0.1,0.1,0.5,0.0,58568.0,0.11154555388608113,0.0,65535.0,0.0865491721980621,0.0,0.0,0.0,0.0,0.0,0.0,0.0,0.0,0.0,0.0
65587.56,0.3217177898894955,0.0,16352.0,37.0,0.25374999999906944,31.3125,32.4375,36.870000000000005,0.0,0.0,0.0,0.0,0.0,20.0,0.3,0.1,0.2,0.1,0.4,0.1,0.1,0.1,0.5,0.0,58062.0,0.11225930901450173,0.0,65535.0,0.08595407034409094,0.0,0.0,0.0,0.0,0.0,0.0,0.0,0.0,0.0,0.0
65647.66,0.34432751055876404,0.0,16352.0,37.0,0.27554999999906465,31.25,32.4375,37.03000000000003,0.0,0.0,0.0,0.0,0.0,20.0,0.3,0.1,0.2,0.1,0.4,0.1,0.1,0.1,0.5,0.0,58051.0,0.11217722347590911,0.0,65535.0,0.086152437628748,0.0,0.0,0.0,0.0,0.0,0.0,0.0,0.0,0.0,0.0
65707.74,0.3231923054517115,0.0,16352.0,37.0,0.23084999999906183,31.375,32.4375,36.870000000000005,0.0,0.0,0.0,0.0,0.0,20.0,0.3,0.1,0.2,0.1,0.4,0.1,0.1,0.1,0.5,0.0,58531.0,0.11147938699150878,0.0,65535.0,0.08624399176012817,0.0,0.0,0.0,0.0,0.0,0.0,0.0,0.0,0.0,0.0
65767.82,0.35367606037487936,0.0,16352.0,37.0,0.26054999999906236,31.3125,32.5,36.870000000000005,0.0,0.0,0.0,0.0,0.0,20.0,0.3,0.1,0.2,0.1,0.4,0.1,0.1,0.1,0.5,0.0,57747.0,0.1125599598247528,0.0,65535.0,0.08604562447547112,0.0,0.0,0.0,0.0,0.0,0.0,0.0,0.0,0.0,0.0
65827.87,0.3732533416435111,0.0,16352.0,37.0,0.1489499999990576,31.3125,32.5,36.89000000000004,0.0,0.0,0.0,0.0,0.0,20.0,0.3,0.1,0.2,0.1,0.4,0.1,0.1,0.1,0.5,0.0,58185.0,0.11181576007562087,0.0,65535.0,0.08592355230029755,0.0,0.0,0.0,0.0,0.0,0.0,0.0,0.0,0.0,0.0
65887.95,0.3563121839186992,0.0,16352.0,37.0,0.26544999999906616,31.3125,32.4375,36.85000000000002,0.0,0.0,0.0,0.0,0.0,20.0,0.3,0.1,0.2,0.1,0.4,0.1,0.1,0.1,0.5,0.0,57924.0,0.11219874318071957,0.0,65535.0,0.08638132295719844,0.0,0.0,0.0,0.0,0.0,0.0,0.0,0.0,0.0,0.0
65948.02,0.35561580191279424,0.0,16352.0,37.0,0.23394999999906466,31.3125,32.4375,36.650000000000034,0.0,0.0,0.0,0.0,0.0,20.0,0.3,0.1,0.2,0.1,0.4,0.1,0.1,0.1,0.5,0.0,58496.0,0.11166575492341356,0.0,65535.0,0.08679331654840924,0.0,0.0,0.0,0.0,0.0,0.0,0.0,0.0,0.0,0.0
66008.07,0.34779467246504203,0.0,16352.0,37.0,0.21184999999905293,31.25,32.4375,36.89000000000004,0.0,0.0,0.0,0.0,0.0,20.0,0.3,0.1,0.2,0.1,0.4,0.1,0.1,0.1,0.5,0.0,59021.0,0.11106216431439657,0.0,65535.0,0.08662546730754558,0.0,0.0,0.0,0.0,0.0,0.0,0.0,0.0,0.0,0.0
66068.15,0.35070979225917986,0.0,16352.0,37.0,0.262149999999064,31.25,32.5,36.81,0.0,0.0,0.0,0.0,0.0,20.0,0.3,0.1,0.2,0.1,0.4,0.1,0.1,0.1,0.5,0.0,58015.0,0.11243643885202102,0.0,65535.0,0.0861219195849546,0.0,0.0,0.0,0.0,0.0,0.0,0.0,0.0,0.0,0.0
66128.21,0.34184017627576685,0.0,16352.0,37.0,0.29224999999905427,31.25,32.4375,37.01000000000005,0.0,0.0,0.0,0.0,0.0,20.0,0.3,0.1,0.2,0.1,0.4,0.1,0.1,0.1,0.5,0.0,58589.0,0.1116762532215945,0.0,65535.0,0.08638132295719844,0.0,0.0,0.0,0.0,0.0,0.0,0.0,0.0,0.0,0.0
66188.24,0.36300022409299093,0.0,16352.0,37.0,0.2487499999990512,31.25,32.4375,36.97000000000003,0.0,0.0,0.0,0.0,0.0,20.0,0.3,0.1,0.2,0.1,0.4,0.1,0.1,0.1,0.5,0.0,58502.0,0.1115346483880893,0.0,65535.0,0.08624399176012817,0.0,0.0,0.0,0.0,0.0,0.0,0.0,0.0,0.0,0.0
66248.29,0.36114194225487173,0.0,16352.0,37.0,0.23434999999904924,31.3125,32.5,37.09000000000003,0.0,0.0,0.0,0.0,0.0,20.0,0.3,0.1,0.2,0.1,0.4,0.1,0.1,0.1,0.5,0.0,58366.0,0.11164033855326731,0.0,65535.0,0.08662546730754558,0.0,0.0,0.0,0.0,0.0,0.0,0.0,0.0,0.0,0.0
66308.35,0.3471388742911229,0.0,16352.0,37.0,0.22724999999905313,31.3125,32.4375,37.03000000000003,0.0,0.0,0.0,0.0,0.0,20.0,0.3,0.1,0.2,0.1,0.4,0.1,0.1,0.1,0.5,0.0,58361.0,0.11206113671801374,0.0,65535.0,0.08642710002288853,0.0,0.0,0.0,0.0,0.0,0.0,0.0,0.0,0.0,0.0
66368.4,0.3678303787357119,0.0,16352.0,37.0,0.2534499999990586,31.3125,32.4375,36.97000000000003,0.0,0.0,0.0,0.0,0.0,20.0,0.3,0.1,0.2,0.1,0.4,0.1,0.1,0.1,0.5,0.0,58068.0,0.11241992147137839,0.0,65535.0,0.086152437628748,0.0,0.0,0.0,0.0,0.0,0.0,0.0,0.0,0.0,0.0
66428.44,0.3584014381185119,0.0,16352.0,37.0,0.2316499999990474,31.3125,32.5,36.950000000000045,0.0,0.0,0.0,0.0,0.0,20.0,0.3,0.1,0.2,0.1,0.4,0.1,0.1,0.1,0.5,0.0,58074.0,0.11225333195578055,0.0,65535.0,0.08630502784771496,0.0,0.0,0.0,0.0,0.0,0.0,0.0,0.0,0.0,0.0
66488.48,0.36551035709610835,0.0,16352.0,37.0,0.23844999999905625,31.3125,32.4375,36.93000000000001,0.0,0.0,0.0,0.0,0.0,20.0,0.3,0.1,0.2,0.1,0.4,0.1,0.1,0.1,0.5,0.0,58503.0,0.11196007042373896,0.0,65535.0,0.08610666056305791,0.0,0.0,0.0,0.0,0.0,0.0,0.0,0.0,0.0,0.0
66548.55,0.35401900890434096,0.0,16352.0,37.0,0.26934999999905657,31.3125,32.4375,36.81,0.0,0.0,0.0,0.0,0.0,20.0,0.3,0.1,0.2,0.1,0.4,0.1,0.1,0.1,0.5,0.0,58253.0,0.11218306353320859,0.0,65535.0,0.08645761806668192,0.0,0.0,0.0,0.0,0.0,0.0,0.0,0.0,0.0,0.0
66608.59,0.3166228969110183,0.0,16352.0,37.0,0.23494999999904437,31.3125,32.5,36.950000000000045,0.0,0.0,0.0,0.0,0.0,20.0,0.3,0.1,0.2,0.1,0.4,0.1,0.1,0.1,0.5,0.0,58184.0,0.11212704523580366,0.0,65535.0,0.08628976882581826,0.0,0.0,0.0,0.0,0.0,0.0,0.0,0.0,0.0,0.0
66668.67,0.3142488780990265,0.0,16352.0,37.0,0.25494999999905377,31.25,32.5,36.870000000000005,0.0,0.0,0.0,0.0,0.0,20.0,0.3,0.1,0.2,0.1,0.4,0.1,0.1,0.1,0.5,0.0,58323.0,0.11204842000582961,0.0,65535.0,0.08647287708857862,0.0,0.0,0.0,0.0,0.0,0.0,0.0,0.0,0.0,0.0
66728.72,0.315357117707678,0.0,16352.0,37.0,0.24844999999904288,31.3125,32.5,36.89000000000004,0.0,0.0,0.0,0.0,0.0,20.0,0.3,0.1,0.2,0.1,0.4,0.1,0.1,0.1,0.5,0.0,58322.0,0.11215321833956311,0.0,65535.0,0.08686961165789273,0.0,0.0,0.0,0.0,0.0,0.0,0.0,0.0,0.0,0.0
66788.8,0.3460918090856837,0.0,16352.0,37.0,0.2763499999990434,31.3125,32.4375,36.77000000000004,0.0,0.0,0.0,0.0,0.0,20.0,0.3,0.1,0.2,0.1,0.4,0.1,0.1,0.1,0.5,0.0,58623.0,0.11179912321102639,0.0,65535.0,0.08691538872358281,0.0,0.0,0.0,0.0,0.0,0.0,0.0,0.0,0.0,0.0
66848.87,0.3644134446621875,0.0,16352.0,37.0,0.21484999999903992,31.3125,32.5,37.01000000000005,0.0,0.0,0.0,0.0,0.0,20.0,0.3,0.1,0.2,0.1,0.4,0.1,0.1,0.1,0.5,0.0,57799.0,0.11292582916659458,0.0,65535.0,0.08638132295719844,0.0,0.0,0.0,0.0,0.0,0.0,0.0,0.0,0.0,0.0
66908.95,0.3307984437900809,0.0,16352.0,37.0,0.20624999999904348,31.375,32.5,37.03000000000003,0.0,0.0,0.0,0.0,0.0,20.0,0.3,0.1,0.2,0.1,0.4,0.1,0.1,0.1,0.5,0.0,58572.0,0.11155500921942225,0.0,65535.0,0.08622873273823148,0.0,0.0,0.0,0.0,0.0,0.0,0.0,0.0,0.0,0.0
66969.03,0.3431493812592126,0.0,16352.0,37.0,0.20914999999903744,31.3125,32.5,37.01000000000005,0.0,0.0,0.0,0.0,0.0,20.0,0.3,0.1,0.2,0.1,0.4,0.1,0.1,0.1,0.5,0.0,58563.0,0.11196489250892201,0.0,65535.0,0.0865339131761654,0.0,0.0,0.0,0.0,0.0,0.0,0.0,0.0,0.0,0.0
67029.09,0.3491045417877348,0.0,16352.0,37.0,0.26034999999904856,31.3125,32.4375,36.81,0.0,0.0,0.0,0.0,0.0,20.0,0.3,0.1,0.2,0.1,0.4,0.1,0.1,0.1,0.5,0.0,58445.0,0.11205406792711096,0.0,65535.0,0.08644235904478523,0.0,0.0,0.0,0.0,0.0,0.0,0.0,0.0,0.0,0.0
67089.16,0.3678328698785922,0.0,16352.0,37.0,0.2412499999990375,31.3125,32.5,36.89000000000004,0.0,0.0,0.0,0.0,0.0,20.0,0.3,0.1,0.2,0.1,0.4,0.1,0.1,0.1,0.5,0.0,58460.0,0.11142661648990763,0.0,65535.0,0.08636606393530175,0.0,0.0,0.0,0.0,0.0,0.0,0.0,0.0,0.0,0.0
67149.21,0.3176139217805651,0.0,16352.0,37.0,0.22124999999904063,31.3125,32.5,36.97000000000003,0.0,0.0,0.0,0.0,0.0,20.0,0.3,0.1,0.2,0.1,0.4,0.1,0.1,0.1,0.5,0.0,58214.0,0.11249871165011853,0.0,65535.0,0.08639658197909514,0.0,0.0,0.0,0.0,0.0,0.0,0.0,0.0,0.0,0.0
67209.26,0.3323022825416527,0.0,16352.0,37.0,0.22684999999903468,31.25,32.5,36.950000000000045,0.0,0.0,0.0,0.0,0.0,20.0,0.3,0.1,0.2,0.1,0.4,0.1,0.1,0.1,0.5,0.0,58461.0,0.11178392432561879,0.0,65535.0,0.08644235904478523,0.0,0.0,0.0,0.0,0.0,0.0,0.0,0.0,0.0,0.0
67269.33,0.3572472272367768,0.0,16352.0,37.0,0.18474999999904199,31.3125,32.4375,37.110000000000014,0.0,0.0,0.0,0.0,0.0,20.0,0.3,0.1,0.2,0.1,0.4,0.1,0.1,0.1,0.5,0.0,58172.0,0.11263150656673314,0.0,65535.0,0.08639658197909514,0.0,0.0,0.0,0.0,0.0,0.0,0.0,0.0,0.0,0.0
67329.4,0.36047393364786284,0.0,16352.0,37.0,0.24124999999903324,31.25,32.4375,36.89000000000004,0.0,0.0,0.0,0.0,0.0,20.0,0.3,0.1,0.2,0.1,0.4,0.1,0.1,0.1,0.5,0.0,58479.0,0.11200601925477521,0.0,65535.0,0.08670176241702907,0.0,0.0,0.0,0.0,0.0,0.0,0.0,0.0,0.0,0.0
67389.48,0.3605349472052742,0.0,16352.0,37.0,0.26214999999904265,31.3125,32.5,36.81,0.0,0.0,0.0,0.0,0.0,20.0,0.3,0.1,0.2,0.1,0.4,0.1,0.1,0.1,0.5,0.0,58794.0,0.11171207946389088,0.0,65535.0,0.08673228046082246,0.0,0.0,0.0,0.0,0.0,0.0,0.0,0.0,0.0,0.0
67449.55,0.3555786652216876,0.0,16352.0,37.0,0.252749999999037,31.25,32.5,36.85000000000002,0.0,0.0,0.0,0.0,0.0,20.0,0.3,0.1,0.2,0.1,0.4,0.1,0.1,0.1,0.5,0.0,58339.0,0.1123090899741168,0.0,65535.0,0.08670176241702907,0.0,0.0,0.0,0.0,0.0,0.0,0.0,0.0,0.0,0.0
67509.62,0.33309102367673105,0.0,16352.0,37.0,0.24484999999903082,31.3125,32.5,36.89000000000004,0.0,0.0,0.0,0.0,0.0,20.0,0.3,0.1,0.2,0.1,0.4,0.1,0.1,0.1,0.5,0.0,58123.0,0.1127264594050548,0.0,65535.0,0.08647287708857862,0.0,0.0,0.0,0.0,0.0,0.0,0.0,0.0,0.0,0.0
67569.67,0.3430229902447407,0.0,16352.0,37.0,0.24514999999902967,31.3125,32.5,36.89000000000004,0.0,0.0,0.0,0.0,0.0,20.0,0.3,0.1,0.2,0.1,0.4,0.1,0.1,0.1,0.5,0.0,59196.0,0.11110548010000676,0.0,65535.0,0.08677805752651255,0.0,0.0,0.0,0.0,0.0,0.0,0.0,0.0,0.0,0.0
67629.72,0.358046305159073,0.0,16352.0,37.0,0.25484999999903424,31.3125,32.5,36.85000000000002,0.0,0.0,0.0,0.0,0.0,20.0,0.3,0.1,0.2,0.1,0.4,0.1,0.1,0.1,0.5,0.0,58494.0,0.11218244606284405,0.0,65535.0,0.08635080491340505,0.0,0.0,0.0,0.0,0.0,0.0,0.0,0.0,0.0,0.0
67689.8,0.34783420195348236,0.0,16352.0,37.0,0.2477499999990381,31.375,32.5,36.870000000000005,0.0,0.0,0.0,0.0,0.0,20.0,0.3,0.1,0.2,0.1,0.4,0.1,0.1,0.1,0.5,0.0,58045.0,0.11287793952967526,0.0,65535.0,0.08641184100099183,0.0,0.0,0.0,0.0,0.0,0.0,0.0,0.0,0.0,0.0
67749.86,0.340714196868234,0.0,16352.0,37.0,0.2692499999990336,31.25,32.5,36.79000000000002,0.0,0.0,0.0,0.0,0.0,20.0,0.3,0.1,0.2,0.1,0.4,0.1,0.1,0.1,0.5,0.0,58563.0,0.112511312603521,0.0,65535.0,0.08673228046082246,0.0,0.0,0.0,0.0,0.0,0.0,0.0,0.0,0.0,0.0
67809.93,0.3260370457582954,0.0,16352.0,37.0,0.2719499999990328,31.3125,32.4375,36.79000000000002,0.0,0.0,0.0,0.0,0.0,20.0,0.3,0.1,0.2,0.1,0.4,0.1,0.1,0.1,0.5,0.0,57968.0,0.11301062655258073,0.0,65535.0,0.0865491721980621,0.0,0.0,0.0,0.0,0.0,0.0,0.0,0.0,0.0,0.0
67870.0,0.3166436675148991,0.0,16352.0,37.0,0.2098499999990299,31.3125,32.5,37.03000000000003,0.0,0.0,0.0,0.0,0.0,20.0,0.3,0.1,0.2,0.1,0.4,0.1,0.1,0.1,0.5,0.0,58318.0,0.11233238451250042,0.0,65535.0,0.08651865415426871,0.0,0.0,0.0,0.0,0.0,0.0,0.0,0.0,0.0,0.0
67930.07,0.318381590525584,0.0,16352.0,37.0,0.24924999999903583,31.375,32.5,36.870000000000005,0.0,0.0,0.0,0.0,0.0,20.0,0.3,0.1,0.2,0.1,0.4,0.1,0.1,0.1,0.5,0.0,58025.0,0.1130202498922878,0.0,65535.0,0.08659494926375219,0.0,0.0,0.0,0.0,0.0,0.0,0.0,0.0,0.0,0.0
67990.11,0.32030536057556236,0.0,16352.0,37.0,0.20184999999903375,31.3125,32.5,37.05000000000001,0.0,0.0,0.0,0.0,0.0,20.0,0.3,0.1,0.2,0.1,0.4,0.1,0.1,0.1,0.5,0.0,58104.0,0.11303868924686769,0.0,65535.0,0.08642710002288853,0.0,0.0,0.0,0.0,0.0,0.0,0.0,0.0,0.0,0.0
68050.18,0.3105878951097024,0.0,16352.0,37.0,0.2845499999990313,31.3125,32.5,36.73000000000002,0.0,0.0,0.0,0.0,0.0,20.0,0.3,0.1,0.2,0.1,0.4,0.1,0.1,0.1,0.5,0.0,58176.0,0.11284722222222222,0.0,65535.0,0.0869764248111696,0.0,0.0,0.0,0.0,0.0,0.0,0.0,0.0,0.0,0.0
68110.22,0.313247856691829,0.0,16352.0,37.0,0.25424999999902953,31.375,32.5,36.85000000000002,0.0,0.0,0.0,0.0,0.0,20.0,0.3,0.1,0.2,0.1,0.4,0.1,0.1,0.1,0.5,0.0,57911.0,0.11303552002210288,0.0,65535.0,0.08659494926375219,0.0,0.0,0.0,0.0,0.0,0.0,0.0,0.0,0.0,0.0
68170.28,0.3163476584410673,0.0,16352.0,37.0,0.20394999999903182,31.3125,32.4375,37.05000000000001,0.0,0.0,0.0,0.0,0.0,20.0,0.3,0.1,0.2,0.1,0.4,0.1,0.1,0.1,0.5,0.0,58085.0,0.11290350348627012,0.0,65535.0,0.08639658197909514,0.0,0.0,0.0,0.0,0.0,0.0,0.0,0.0,0.0,0.0
68230.33,0.3347324900841647,0.0,16352.0,37.0,0.26484999999903325,31.3125,32.5,36.81,0.0,0.0,0.0,0.0,0.0,20.0,0.3,0.1,0.2,0.1,0.4,0.1,0.1,0.1,0.5,0.0,58740.0,0.1118828736806265,0.0,65535.0,0.08673228046082246,0.0,0.0,0.0,0.0,0.0,0.0,0.0,0.0,0.0,0.0
68290.37,0.337679612946895,0.0,16352.0,37.0,0.26634999999903275,31.3125,32.5625,36.81,0.0,0.0,0.0,0.0,0.0,20.0,0.3,0.1,0.2,0.1,0.4,0.1,0.1,0.1,0.5,0.0,58089.0,0.11311952348981735,0.0,65535.0,0.0865339131761654,0.0,0.0,0.0,0.0,0.0,0.0,0.0,0.0,0.0,0.0
68350.45,0.3714632439021087,0.0,16352.0,37.0,0.21364999999902043,31.375,32.5,37.01000000000005,0.0,0.0,0.0,0.0,0.0,20.0,0.3,0.1,0.2,0.1,0.4,0.1,0.1,0.1,0.5,0.0,58057.0,0.11314742408322855,0.0,65535.0,0.0865644312199588,0.0,0.0,0.0,0.0,0.0,0.0,0.0,0.0,0.0,0.0
68410.54,0.32620603905022794,0.0,16352.0,37.0,0.26604999999903134,31.3125,32.5,36.81,0.0,0.0,0.0,0.0,0.0,20.0,0.3,0.1,0.2,0.1,0.4,0.1,0.1,0.1,0.5,0.0,58302.0,0.11282631813659909,0.0,65535.0,0.0865339131761654,0.0,0.0,0.0,0.0,0.0,0.0,0.0,0.0,0.0,0.0
68470.61,0.35995605840336004,0.0,16352.0,37.0,0.2575499999990257,31.375,32.5,36.85000000000002,0.0,0.0,0.0,0.0,0.0,20.0,0.3,0.1,0.2,0.1,0.4,0.1,0.1,0.1,0.5,0.0,58416.0,0.1125034237195289,0.0,65535.0,0.08607614251926451,0.0,0.0,0.0,0.0,0.0,0.0,0.0,0.0,0.0,0.0
68530.66,0.3208420488433653,0.0,16352.0,37.0,0.2566499999990248,31.375,32.5625,36.85000000000002,0.0,0.0,0.0,0.0,0.0,20.0,0.3,0.1,0.2,0.1,0.4,0.1,0.1,0.1,0.5,0.0,58899.0,0.11207321007147829,0.0,65535.0,0.08731212329289692,0.0,0.0,0.0,0.0,0.0,0.0,0.0,0.0,0.0,0.0
68590.72,0.3217835528237054,0.0,16352.0,37.0,0.2539499999990239,31.375,32.5625,36.85000000000002,0.0,0.0,0.0,0.0,0.0,20.0,0.3,0.1,0.2,0.1,0.4,0.1,0.1,0.1,0.5,0.0,58436.0,0.11267027175029092,0.0,65535.0,0.08688487067978942,0.0,0.0,0.0,0.0,0.0,0.0,0.0,0.0,0.0,0.0
68650.8,0.36209050837661805,0.0,16352.0,37.0,0.2504499999990279,31.375,32.5,36.870000000000005,0.0,0.0,0.0,0.0,0.0,20.0,0.3,0.1,0.2,0.1,0.4,0.1,0.1,0.1,0.5,0.0,58406.0,0.1126254151970688,0.0,65535.0,0.08694590676737621,0.0,0.0,0.0,0.0,0.0,0.0,0.0,0.0,0.0,0.0
68710.88,0.359280499140883,0.0,16352.0,37.0,0.25724999999902254,31.375,32.5,36.85000000000002,0.0,0.0,0.0,0.0,0.0,20.0,0.3,0.1,0.2,0.1,0.4,0.1,0.1,0.1,0.5,0.0,59225.0,0.11157450401013086,0.0,65535.0,0.08734264133669031,0.0,0.0,0.0,0.0,0.0,0.0,0.0,0.0,0.0,0.0
68770.95,0.35510601911123657,0.0,16352.0,37.0,0.21514999999901482,31.3125,32.5,37.01000000000005,0.0,0.0,0.0,0.0,0.0,20.0,0.3,0.1,0.2,0.1,0.4,0.1,0.1,0.1,0.5,0.0,58136.0,0.11321728361084354,0.0,65535.0,0.08647287708857862,0.0,0.0,0.0,0.0,0.0,0.0,0.0,0.0,0.0,0.0
68830.99,0.3533540948700937,0.0,16352.0,37.0,0.248949999999025,31.3125,32.5,36.870000000000005,0.0,0.0,0.0,0.0,0.0,20.0,0.3,0.1,0.2,0.1,0.4,0.1,0.1,0.1,0.5,0.0,58396.0,0.11288444414000959,0.0,65535.0,0.087006942854963,0.0,0.0,0.0,0.0,0.0,0.0,0.0,0.0,0.0,0.0
68891.04,0.3212903906212583,0.0,16352.0,37.0,0.24954999999902444,31.375,32.5,36.870000000000005,0.0,0.0,0.0,0.0,0.0,20.0,0.3,0.1,0.2,0.1,0.4,0.1,0.1,0.1,0.5,0.0,58759.0,0.11215303187596794,0.0,65535.0,0.087006942854963,0.0,0.0,0.0,0.0,0.0,0.0,0.0,0.0,0.0,0.0
68951.08,0.33099792340388,0.0,16352.0,37.0,0.22124999999901748,31.375,32.5625,36.97000000000003,0.0,0.0,0.0,0.0,0.0,20.0,0.3,0.1,0.2,0.1,0.4,0.1,0.1,0.1,0.5,0.0,58165.0,0.11329837531161352,0.0,65535.0,0.08677805752651255,0.0,0.0,0.0,0.0,0.0,0.0,0.0,0.0,0.0,0.0
69011.12,0.35858462680016395,0.0,16352.0,37.0,0.23184999999902203,31.3125,32.5625,36.93000000000001,0.0,0.0,0.0,0.0,0.0,20.0,0.3,0.1,0.2,0.1,0.4,0.1,0.1,0.1,0.5,0.0,58241.0,0.11318486976528562,0.0,65535.0,0.08728160524910353,0.0,0.0,0.0,0.0,0.0,0.0,0.0,0.0,0.0,0.0
69071.16,0.3339535109716518,0.0,16352.0,37.0,0.21824999999901593,31.3125,32.5625,36.97000000000003,0.0,0.0,0.0,0.0,0.0,20.0,0.3,0.1,0.2,0.1,0.4,0.1,0.1,0.1,0.5,0.0,58384.0,0.11297615785146616,0.0,65535.0,0.08673228046082246,0.0,0.0,0.0,0.0,0.0,0.0,0.0,0.0,0.0,0.0
69131.18,0.3395371249507823,0.0,16352.0,37.0,0.3292499999990196,31.375,32.5625,36.55000000000001,0.0,0.0,0.0,0.0,0.0,20.0,0.3,0.1,0.2,0.1,0.4,0.1,0.1,0.1,0.5,0.0,58655.0,0.1128463046628591,0.0,65535.0,0.08720531013962005,0.0,0.0,0.0,0.0,0.0,0.0,0.0,0.0,0.0,0.0
69191.28,0.3206857806949892,0.0,16352.0,37.0,0.2666499999990214,31.3125,32.5,36.81,0.0,0.0,0.0,0.0,0.0,20.0,0.3,0.1,0.2,0.1,0.4,0.1,0.1,0.1,0.5,0.0,58455.0,0.11282182875716364,0.0,65535.0,0.08705271992065308,0.0,0.0,0.0,0.0,0.0,0.0,0.0,0.0,0.0,0.0
69251.35,0.3212998711629341,0.0,16352.0,37.0,0.23284999999900946,31.3125,32.5625,36.950000000000045,0.0,0.0,0.0,0.0,0.0,20.0,0.3,0.1,0.2,0.1,0.4,0.1,0.1,0.1,0.5,0.0,58930.0,0.1119972849143051,0.0,65535.0,0.08680857557030594,0.0,0.0,0.0,0.0,0.0,0.0,0.0,0.0,0.0,0.0
69311.43,0.3240653941792925,0.0,16352.0,37.0,0.2519499999990188,31.375,32.5625,36.870000000000005,0.0,0.0,0.0,0.0,0.0,20.0,0.3,0.1,0.2,0.1,0.4,0.1,0.1,0.1,0.5,0.0,58239.0,0.11318875667508027,0.0,65535.0,0.0869611657892729,0.0,0.0,0.0,0.0,0.0,0.0,0.0,0.0,0.0,0.0
69371.51,0.36583209972313335,0.0,16352.0,37.0,0.2254499999990119,31.3125,32.5625,36.97000000000003,0.0,0.0,0.0,0.0,0.0,20.0,0.3,0.1,0.2,0.1,0.4,0.1,0.1,0.1,0.5,0.0,58782.0,0.11263652138409717,0.0,65535.0,0.08680857557030594,0.0,0.0,0.0,0.0,0.0,0.0,0.0,0.0,0.0,0.0
69431.56,0.3285226479849319,0.0,16352.0,37.0,0.16884999999901393,31.3125,32.5625,37.170000000000016,0.0,0.0,0.0,0.0,0.0,20.0,0.3,0.1,0.2,0.1,0.4,0.1,0.1,0.1,0.5,0.0,58428.0,0.11316492092832203,0.0,65535.0,0.08679331654840924,0.0,0.0,0.0,0.0,0.0,0.0,0.0,0.0,0.0,0.0
69491.64,0.3086729106548548,0.0,16352.0,37.0,0.25794999999901647,31.3125,32.5625,36.81,0.0,0.0,0.0,0.0,0.0,20.0,0.3,0.1,0.2,0.1,0.4,0.1,0.1,0.1,0.5,0.0,58461.0,0.11316946340295239,0.0,65535.0,0.08734264133669031,0.0,0.0,0.0,0.0,0.0,0.0,0.0,0.0,0.0,0.0
69551.71,0.3282149142636458,0.0,16352.0,37.0,0.24854999999901078,31.25,32.5625,36.85000000000002,0.0,0.0,0.0,0.0,0.0,20.0,0.3,0.1,0.2,0.1,0.4,0.1,0.1,0.1,0.5,0.0,58471.0,0.11340664602965572,0.0,65535.0,0.08682383459220264,0.0,0.0,0.0,0.0,0.0,0.0,0.0,0.0,0.0,0.0
69611.79,0.32716547614159697,0.0,16352.0,37.0,0.3254499999990028,31.3125,32.5625,36.57000000000005,0.0,0.0,0.0,0.0,0.0,20.0,0.3,0.1,0.2,0.1,0.4,0.1,0.1,0.1,0.5,0.0,58272.0,0.1134678747940692,0.0,65535.0,0.08722056916151674,0.0,0.0,0.0,0.0,0.0,0.0,0.0,0.0,0.0,0.0
69671.87,0.31585379773985034,0.0,16352.0,37.0,0.22634999999900768,31.3125,32.5,36.97000000000003,0.0,0.0,0.0,0.0,0.0,20.0,0.3,0.1,0.2,0.1,0.4,0.1,0.1,0.1,0.5,0.0,58570.0,0.11301007341642479,0.0,65535.0,0.08688487067978942,0.0,0.0,0.0,0.0,0.0,0.0,0.0,0.0,0.0,0.0
69731.95,0.35132633293476,0.0,16352.0,37.0,0.2566499999990077,31.375,32.5625,36.85000000000002,0.0,0.0,0.0,0.0,0.0,20.0,0.3,0.1,0.2,0.1,0.4,0.1,0.1,0.1,0.5,0.0,58463.0,0.11318269674837077,0.0,65535.0,0.08682383459220264,0.0,0.0,0.0,0.0,0.0,0.0,0.0,0.0,0.0,0.0
69791.98,0.36055216323012174,0.0,16352.0,37.0,0.22924999999900078,31.375,32.5625,36.950000000000045,0.0,0.0,0.0,0.0,0.0,20.0,0.3,0.1,0.2,0.1,0.4,0.1,0.1,0.1,0.5,0.0,58705.0,0.11292053487777873,0.0,65535.0,0.08786144808117799,0.0,0.0,0.0,0.0,0.0,0.0,0.0,0.0,0.0,0.0
69852.04,0.3384216541655175,0.0,16352.0,37.0,0.2092499999990039,31.3125,32.5625,37.03000000000003,0.0,0.0,0.0,0.0,0.0,20.0,0.3,0.1,0.2,0.1,0.4,0.1,0.1,0.1,0.5,0.0,58250.0,0.1134077253218884,0.0,65535.0,0.08709849698634317,0.0,0.0,0.0,0.0,0.0,0.0,0.0,0.0,0.0,0.0
69912.09,0.35919569940690965,0.0,16352.0,37.0,0.2056499999990029,31.375,32.5625,37.03000000000003,0.0,0.0,0.0,0.0,0.0,20.0,0.3,0.1,0.2,0.1,0.4,0.1,0.1,0.1,0.5,0.0,58438.0,0.1133680139635169,0.0,65535.0,0.08705271992065308,0.0,0.0,0.0,0.0,0.0,0.0,0.0,0.0,0.0,0.0
69972.13,0.3123003747622671,0.0,16352.0,37.0,0.20734999999899711,31.4375,32.5625,37.01000000000005,0.0,0.0,0.0,0.0,0.0,20.0,0.3,0.1,0.2,0.1,0.4,0.1,0.1,0.1,0.5,0.0,58822.0,0.11264492876814797,0.0,65535.0,0.08725108720531013,0.0,0.0,0.0,0.0,0.0,0.0,0.0,0.0,0.0,0.0
70032.18,0.3133639950016152,0.0,16352.0,37.0,0.2830499999990036,31.375,32.5,36.73000000000002,0.0,0.0,0.0,0.0,0.0,20.0,0.3,0.1,0.2,0.1,0.4,0.1,0.1,0.1,0.5,0.0,58266.0,0.11347955926269179,0.0,65535.0,0.08690012970168612,0.0,0.0,0.0,0.0,0.0,0.0,0.0,0.0,0.0,0.0
70092.25,0.30694899838953515,0.0,16352.0,37.0,0.2536499999990019,31.3125,32.625,36.85000000000002,0.0,0.0,0.0,0.0,0.0,20.0,0.3,0.1,0.2,0.1,0.4,0.1,0.1,0.1,0.5,0.0,59200.0,0.11221283783783784,0.0,65535.0,0.08731212329289692,0.0,0.0,0.0,0.0,0.0,0.0,0.0,0.0,0.0,0.0
70152.31,0.36005929908738277,0.0,16352.0,37.0,0.22244999999900014,31.3125,32.5625,36.97000000000003,0.0,0.0,0.0,0.0,0.0,20.0,0.3,0.1,0.2,0.1,0.4,0.1,0.1,0.1,0.5,0.0,58005.0,0.1143004913369537,0.0,65535.0,0.08703746089875639,0.0,0.0,0.0,0.0,0.0,0.0,0.0,0.0,0.0,0.0
70212.36,0.3405187080064306,0.0,16352.0,37.0,0.20324999999899826,31.375,32.5625,37.03000000000003,0.0,0.0,0.0,0.0,0.0,20.0,0.3,0.1,0.2,0.1,0.4,0.1,0.1,0.1,0.5,0.0,58552.0,0.1135571799426151,0.0,65535.0,0.08715953307392996,0.0,0.0,0.0,0.0,0.0,0.0,0.0,0.0,0.0,0.0
70272.44,0.3678471568964673,0.0,16352.0,37.0,0.2662499999989995,31.3125,32.625,36.79000000000002,0.0,0.0,0.0,0.0,0.0,20.0,0.3,0.1,0.2,0.1,0.4,0.1,0.1,0.1,0.5,0.0,58457.0,0.11386147082470877,0.0,65535.0,0.08719005111772335,0.0,0.0,0.0,0.0,0.0,0.0,0.0,0.0,0.0,0.0
70332.47,0.3702132130799145,0.0,16352.0,37.0,0.2521499999989981,31.3125,32.5625,36.85000000000002,0.0,0.0,0.0,0.0,0.0,20.0,0.3,0.1,0.2,0.1,0.4,0.1,0.1,0.1,0.5,0.0,58584.0,0.11356343028813327,0.0,65535.0,0.0874036774242771,0.0,0.0,0.0,0.0,0.0,0.0,0.0,0.0,0.0,0.0
70392.55,0.3386651482314867,0.0,16352.0,37.0,0.24954999999900218,31.3125,32.5625,36.870000000000005,0.0,0.0,0.0,0.0,0.0,20.0,0.3,0.1,0.2,0.1,0.4,0.1,0.1,0.1,0.5,0.0,59011.0,0.11297893613055193,0.0,65535.0,0.08735790035858701,0.0,0.0,0.0,0.0,0.0,0.0,0.0,0.0,0.0,0.0
70452.62,0.34944054811266745,0.0,16352.0,37.0,0.22604999999899597,31.375,32.5625,36.97000000000003,0.0,0.0,0.0,0.0,0.0,20.0,0.3,0.1,0.2,0.1,0.4,0.1,0.1,0.1,0.5,0.0,58341.0,0.11371076944173052,0.0,65535.0,0.08719005111772335,0.0,0.0,0.0,0.0,0.0,0.0,0.0,0.0,0.0,0.0
70512.7,0.37062870708208023,0.0,16352.0,37.0,0.2080499999989947,31.375,32.5,37.03000000000003,0.0,0.0,0.0,0.0,0.0,20.0,0.3,0.1,0.2,0.1,0.4,0.1,0.1,0.1,0.5,0.0,58504.0,0.11375290578421988,0.0,65535.0,0.08686961165789273,0.0,0.0,0.0,0.0,0.0,0.0,0.0,0.0,0.0,0.0
70572.74,0.36542303502775775,0.0,16352.0,37.0,0.16144999999898677,31.375,32.5625,37.190000000000055,0.0,0.0,0.0,0.0,0.0,20.0,0.3,0.1,0.2,0.1,0.4,0.1,0.1,0.1,0.5,0.0,58489.0,0.11362820359383816,0.0,65535.0,0.08726634622720683,0.0,0.0,0.0,0.0,0.0,0.0,0.0,0.0,0.0,0.0
70632.77,0.3571907794500435,0.0,16352.0,37.0,0.20734999999898765,31.3125,32.5625,37.01000000000005,0.0,0.0,0.0,0.0,0.0,20.0,0.3,0.1,0.2,0.1,0.4,0.1,0.1,0.1,0.5,0.0,59103.0,0.11287075106170584,0.0,65535.0,0.08722056916151674,0.0,0.0,0.0,0.0,0.0,0.0,0.0,0.0,0.0,0.0
70692.8,0.34067814733338564,0.0,16352.0,37.0,0.21854999999899166,31.3125,32.5625,36.97000000000003,0.0,0.0,0.0,0.0,0.0,20.0,0.3,0.1,0.2,0.1,0.4,0.1,0.1,0.1,0.5,0.0,58395.0,0.11370836544224677,0.0,65535.0,0.08715953307392996,0.0,0.0,0.0,0.0,0.0,0.0,0.0,0.0,0.0,0.0
70752.85,0.339920968547549,0.0,16352.0,37.0,0.17854999999898455,31.3125,32.5625,37.13000000000005,0.0,0.0,0.0,0.0,0.0,20.0,0.3,0.1,0.2,0.1,0.4,0.1,0.1,0.1,0.5,0.0,58670.0,0.11334583262314642,0.0,65535.0,0.08717479209582665,0.0,0.0,0.0,0.0,0.0,0.0,0.0,0.0,0.0,0.0
70812.89,0.34261304549298527,0.0,16352.0,37.0,0.22264999999898535,31.3125,32.5625,36.950000000000045,0.0,0.0,0.0,0.0,0.0,20.0,0.3,0.1,0.2,0.1,0.4,0.1,0.1,0.1,0.5,0.0,58929.0,0.11313614688862869,0.0,65535.0,0.08778515297169451,0.0,0.0,0.0,0.0,0.0,0.0,0.0,0.0,0.0,0.0
70872.97,0.3537203792379054,0.0,16352.0,37.0,0.21974999999898884,31.3125,32.5625,36.97000000000003,0.0,0.0,0.0,0.0,0.0,20.0,0.3,0.1,0.2,0.1,0.4,0.1,0.1,0.1,0.5,0.0,59128.0,0.11314436476796104,0.0,65535.0,0.08796826123445488,0.0,0.0,0.0,0.0,0.0,0.0,0.0,0.0,0.0,0.0
70933.04,0.3216991907099481,0.0,16352.0,37.0,0.26654999999898976,31.3125,32.5625,36.79000000000002,0.0,0.0,0.0,0.0,0.0,20.0,0.3,0.1,0.2,0.1,0.4,0.1,0.1,0.1,0.5,0.0,58775.0,0.11363675031901319,0.0,65535.0,0.08758678568703746,0.0,0.0,0.0,0.0,0.0,0.0,0.0,0.0,0.0,0.0
70993.13,0.3058979899530586,0.0,16352.0,37.0,0.25424999999898845,31.25,32.5,36.85000000000002,0.0,0.0,0.0,0.0,0.0,20.0,0.3,0.1,0.2,0.1,0.4,0.1,0.1,0.1,0.5,0.0,58525.0,0.11360956856044425,0.0,65535.0,0.08775463492790112,0.0,0.0,0.0,0.0,0.0,0.0,0.0,0.0,0.0,0.0
71053.17,0.37047680088569407,0.0,16352.0,37.0,0.24664999999898196,31.3125,32.5625,36.89000000000004,0.0,0.0,0.0,0.0,0.0,20.0,0.3,0.1,0.2,0.1,0.4,0.1,0.1,0.1,0.5,0.0,58204.0,0.11432203972235586,0.0,65535.0,0.08755626764324406,0.0,0.0,0.0,0.0,0.0,0.0,0.0,0.0,0.0,0.0
71113.24,0.34166056088790164,0.0,16352.0,37.0,0.21649999999898012,31.375,32.5625,37.190000000000055,0.0,0.0,0.0,0.0,0.0,20.0,0.3,0.1,0.2,0.1,0.4,0.1,0.1,0.1,0.5,0.0,58312.0,0.11404170668130059,0.0,65535.0,0.08731212329289692,0.0,0.0,0.0,0.0,0.0,0.0,0.0,0.0,0.0,0.0
71173.31,0.3582125386389406,0.0,16352.0,37.0,0.17319999999898766,31.3125,32.5,37.01000000000005,0.0,0.0,0.0,0.0,0.0,20.0,0.3,0.1,0.2,0.1,0.4,0.1,0.1,0.1,0.5,0.0,58380.0,0.11418293936279547,0.0,65535.0,0.08709849698634317,0.0,0.0,0.0,0.0,0.0,0.0,0.0,0.0,0.0,0.0
71233.37,0.3258839473950514,0.0,16352.0,37.0,0.2528999999989854,31.375,32.5625,37.05000000000001,0.0,0.0,0.0,0.0,0.0,20.0,0.3,0.1,0.2,0.1,0.4,0.1,0.1,0.1,0.5,0.0,58566.0,0.11383738004985829,0.0,65535.0,0.08714427405203326,0.0,0.0,0.0,0.0,0.0,0.0,0.0,0.0,0.0,0.0
71293.44,0.36314671732121884,0.0,16352.0,37.0,0.1698999999989864,31.375,32.5625,36.85000000000002,0.0,0.0,0.0,0.0,0.0,20.0,0.3,0.1,0.2,0.1,0.4,0.1,0.1,0.1,0.5,0.0,58412.0,0.11417174553174006,0.0,65535.0,0.08722056916151674,0.0,0.0,0.0,0.0,0.0,0.0,0.0,0.0,0.0,0.0
71353.49,0.3684228871524008,0.0,16352.0,37.0,0.2015999999989817,31.375,32.5625,36.870000000000005,0.0,0.0,0.0,0.0,0.0,20.0,0.3,0.1,0.2,0.1,0.4,0.1,0.1,0.1,0.5,0.0,58246.0,0.11470315558149916,0.0,65535.0,0.08752574959945067,0.0,0.0,0.0,0.0,0.0,0.0,0.0,0.0,0.0,0.0
71413.54,0.3452582875279624,0.0,16352.0,37.0,0.19749999999898543,31.3125,32.5625,36.77000000000004,0.0,0.0,0.0,0.0,0.0,20.0,0.3,0.1,0.2,0.1,0.4,0.1,0.1,0.1,0.5,0.0,58533.0,0.11385030666461654,0.0,65535.0,0.08752574959945067,0.0,0.0,0.0,0.0,0.0,0.0,0.0,0.0,0.0,0.0
71473.62,0.32862135832674033,0.0,16352.0,37.0,0.1753999999989737,31.3125,32.5625,36.89000000000004,0.0,0.0,0.0,0.0,0.0,20.0,0.3,0.1,0.2,0.1,0.4,0.1,0.1,0.1,0.5,0.0,58609.0,0.11395860703987443,0.0,65535.0,0.08799877927824827,0.0,0.0,0.0,0.0,0.0,0.0,0.0,0.0,0.0,0.0
71533.69,0.3495300411044592,0.0,16352.0,37.0,0.2233999999989744,31.25,32.5,36.81,0.0,0.0,0.0,0.0,0.0,20.0,0.3,0.1,0.2,0.1,0.4,0.1,0.1,0.1,0.5,0.0,58540.0,0.11405876323881108,0.0,65535.0,0.08728160524910353,0.0,0.0,0.0,0.0,0.0,0.0,0.0,0.0,0.0,0.0
71593.74,0.35246808092403625,0.0,16352.0,37.0,0.14419999999897024,31.25,32.5625,36.79000000000002,0.0,0.0,0.0,0.0,0.0,20.0,0.3,0.1,0.2,0.1,0.4,0.1,0.1,0.1,0.5,0.0,58860.0,0.11379544682296976,0.0,65535.0,0.08761730373083085,0.0,0.0,0.0,0.0,0.0,0.0,0.0,0.0,0.0,0.0
71653.81,0.3274125024626859,0.0,16352.0,37.0,0.2586999999989832,31.3125,32.5,36.710000000000036,0.0,0.0,0.0,0.0,0.0,20.0,0.3,0.1,0.2,0.1,0.4,0.1,0.1,0.1,0.5,0.0,58765.0,0.1137071386029099,0.0,65535.0,0.08793774319066149,0.0,0.0,0.0,0.0,0.0,0.0,0.0,0.0,0.0,0.0
71713.88,0.37097000143725106,0.0,16352.0,37.0,0.22959999999898123,31.25,32.5625,36.79000000000002,0.0,0.0,0.0,0.0,0.0,20.0,0.3,0.1,0.2,0.1,0.4,0.1,0.1,0.1,0.5,0.0,58520.0,0.11421736158578263,0.0,65535.0,0.08758678568703746,0.0,0.0,0.0,0.0,0.0,0.0,0.0,0.0,0.0,0.0
71773.92,0.36433056844434003,0.0,16352.0,37.0,0.24609999999898127,31.3125,32.5625,36.950000000000045,0.0,0.0,0.0,0.0,0.0,20.0,0.3,0.1,0.2,0.1,0.4,0.1,0.1,0.1,0.5,0.0,58965.0,0.113236665818706,0.0,65535.0,0.08812085145342184,0.0,0.0,0.0,0.0,0.0,0.0,0.0,0.0,0.0,0.0
71833.99,0.3394723456646292,0.0,16352.0,37.0,0.20849999999897453,31.375,32.5,36.79000000000002,0.0,0.0,0.0,0.0,0.0,20.0,0.3,0.1,0.2,0.1,0.4,0.1,0.1,0.1,0.5,0.0,58686.0,0.11380908564223154,0.0,65535.0,0.08755626764324406,0.0,0.0,0.0,0.0,0.0,0.0,0.0,0.0,0.0,0.0
71894.05,0.3304899615219519,0.0,16352.0,37.0,0.1872999999989779,31.3125,32.5625,36.97000000000003,0.0,0.0,0.0,0.0,0.0,20.0,0.3,0.1,0.2,0.1,0.4,0.1,0.1,0.1,0.5,0.0,58480.0,0.11390218878248974,0.0,65535.0,0.08746471351186388,0.0,0.0,0.0,0.0,0.0,0.0,0.0,0.0,0.0,0.0
71954.12,0.33381052793161453,0.0,16352.0,37.0,0.1689999999989769,31.3125,32.5625,37.05000000000001,0.0,0.0,0.0,0.0,0.0,20.0,0.3,0.1,0.2,0.1,0.4,0.1,0.1,0.1,0.5,0.0,58851.0,0.11386382559344786,0.0,65535.0,0.0878919661249714,0.0,0.0,0.0,0.0,0.0,0.0,0.0,0.0,0.0,0.0
72014.2,0.3260358179436298,0.0,16352.0,37.0,0.21929999999897296,31.3125,32.5625,36.79000000000002,0.0,0.0,0.0,0.0,0.0,20.0,0.3,0.1,0.2,0.1,0.4,0.1,0.1,0.1,0.5,0.0,59376.0,0.11322756669361358,0.0,65535.0,0.0883192187380789,0.0,0.0,0.0,0.0,0.0,0.0,0.0,0.0,0.0,0.0
72074.27,0.3284081329897226,0.0,16352.0,37.0,0.22579999999896702,31.3125,32.5625,36.650000000000034,0.0,0.0,0.0,0.0,0.0,20.0,0.3,0.1,0.2,0.1,0.4,0.1,0.1,0.1,0.5,0.0,59124.0,0.11327041472160206,0.0,65535.0,0.08793774319066149,0.0,0.0,0.0,0.0,0.0,0.0,0.0,0.0,0.0,0.0
72134.35,0.3486840907151926,0.0,16352.0,37.0,0.17929999999896412,31.3125,32.5625,36.85000000000002,0.0,0.005,0.25,0.0,0.0,20.0,0.3,0.1,0.2,0.1,0.4,0.1,0.1,0.1,0.5,0.0,58725.0,0.11417624521072797,0.0,65535.0,0.0878156710154879,0.0,0.0,0.0,0.0,0.0,0.0,0.0,0.0,0.0,0.0
72194.41,0.32448223586532776,0.0,16352.0,37.0,0.35504999999897424,31.3125,32.5625,36.49000000000001,0.0,0.0,0.0,0.0,0.0,20.0,0.3,0.1,0.2,0.1,0.4,0.1,0.1,0.1,0.5,0.0,57430.0,0.11380811422601428,0.0,65535.0,0.0857251850156405,0.0,0.0,0.0,0.0,0.0,0.0,0.0,0.0,0.0,0.0
72254.45,0.32402174332811995,0.0,16352.0,37.0,0.21959999999896868,31.3125,32.5625,36.73000000000002,0.0,0.0,0.0,0.0,0.0,20.0,0.3,0.1,0.2,0.1,0.4,0.1,0.1,0.1,0.5,0.0,57761.0,0.11324249926420941,0.0,65535.0,0.08558785381857023,0.0,0.0,0.0,0.0,0.0,0.0,0.0,0.0,0.0,0.0
72314.52,0.32250473367474647,0.0,16352.0,37.0,0.2595999999989741,31.375,32.5625,36.85000000000002,0.0,0.0,0.0,0.0,0.0,20.0,0.3,0.1,0.2,0.1,0.4,0.1,0.1,0.1,0.5,0.0,57563.0,0.11344092559456595,0.0,65535.0,0.08534370946822309,0.0,0.0,0.0,0.0,0.0,0.0,0.0,0.0,0.0,0.0
72374.6,0.3600202496512804,0.0,16352.0,37.0,0.1827999999989703,31.3125,32.5,37.03000000000003,0.0,0.0,0.0,0.0,0.0,20.0,0.3,0.1,0.2,0.1,0.4,0.1,0.1,0.1,0.5,0.0,56920.0,0.11451159522136331,0.0,65535.0,0.08543526359960327,0.0,0.0,0.0,0.0,0.0,0.0,0.0,0.0,0.0,0.0
72434.65,0.3253819641313389,0.0,16352.0,37.0,0.22189999999896146,31.375,32.5625,36.870000000000005,0.0,0.0,0.0,0.0,0.0,20.0,0.3,0.1,0.2,0.1,0.4,0.1,0.1,0.1,0.5,0.0,57304.0,0.11400600307133882,0.0,65535.0,0.08607614251926451,0.0,0.0,0.0,0.0,0.0,0.0,0.0,0.0,0.0,0.0
72494.7,0.32326823326329374,0.0,16352.0,37.0,0.21159999999896997,31.3125,32.5625,36.89000000000004,0.0,0.0,0.0,0.0,0.0,20.0,0.3,0.1,0.2,0.1,0.4,0.1,0.1,0.1,0.5,0.0,57193.0,0.11419229626003183,0.0,65535.0,0.0856946669718471,0.0,0.0,0.0,0.0,0.0,0.0,0.0,0.0,0.0,0.0
72554.74,0.3056022651599631,0.0,16352.0,37.0,0.19889999999896388,31.375,32.5625,36.79000000000002,0.0,0.0,0.0,0.0,0.0,20.0,0.3,0.1,0.2,0.1,0.4,0.1,0.1,0.1,0.5,0.0,57151.0,0.11408374306661301,0.0,65535.0,0.08535896849011979,0.0,0.0,0.0,0.0,0.0,0.0,0.0,0.0,0.0,0.0
72614.78,0.32466851745699377,0.0,16352.0,37.0,0.25159999999896027,31.375,32.5625,36.85000000000002,0.0,0.0,0.0,0.0,0.0,20.0,0.3,0.1,0.2,0.1,0.4,0.1,0.1,0.1,0.5,0.0,57365.0,0.1140242308027543,0.0,65535.0,0.08534370946822309,0.0,0.0,0.0,0.0,0.0,0.0,0.0,0.0,0.0,0.0
72674.82,0.31742609033506264,0.0,16352.0,37.0,0.1764999999989666,31.4375,32.625,36.690000000000055,0.0,0.0,0.0,0.0,0.0,20.0,0.3,0.1,0.2,0.1,0.4,0.1,0.1,0.1,0.5,0.0,58062.0,0.11281044400812924,0.0,65535.0,0.08618295567254139,0.0,0.0,0.0,0.0,0.0,0.0,0.0,0.0,0.0,0.0
72734.87,0.3443387825050981,0.0,16352.0,37.0,0.2370999999989683,31.375,32.625,36.63000000000005,0.0,0.0,0.0,0.0,0.0,20.0,0.3,0.1,0.2,0.1,0.4,0.1,0.1,0.1,0.5,0.0,57200.0,0.1140034965034965,0.0,65535.0,0.08564888990615702,0.0,0.0,0.0,0.0,0.0,0.0,0.0,0.0,0.0,0.0
72794.91,0.3474032322072851,0.0,16352.0,37.0,0.20879999999896134,31.3125,32.5625,36.73000000000002,0.0,0.0,0.0,0.0,0.0,20.0,0.3,0.1,0.2,0.1,0.4,0.1,0.1,0.1,0.5,0.0,57452.0,0.11388637471280373,0.0,65535.0,0.08542000457770657,0.0,0.0,0.0,0.0,0.0,0.0,0.0,0.0,0.0,0.0
72854.98,0.3303014893765078,0.0,16352.0,37.0,0.17899999999895405,31.375,32.5625,36.79000000000002,0.0,0.0,0.0,0.0,0.0,20.0,0.3,0.1,0.2,0.1,0.4,0.1,0.1,0.1,0.5,0.0,57278.0,0.11409267083347882,0.0,65535.0,0.08558785381857023,0.0,0.0,0.0,0.0,0.0,0.0,0.0,0.0,0.0,0.0
72915.06,0.3597076202761167,0.0,16352.0,37.0,0.21989999999895948,31.3125,32.5625,36.85000000000002,0.0,0.0,0.0,0.0,0.0,20.0,0.3,0.1,0.2,0.1,0.4,0.1,0.1,0.1,0.5,0.0,57469.0,0.11414849745079957,0.0,65535.0,0.0856946669718471,0.0,0.0,0.0,0.0,0.0,0.0,0.0,0.0,0.0,0.0
72975.13,0.29641123025630434,0.0,16352.0,37.0,0.21899999999895858,31.375,32.5625,36.89000000000004,0.0,0.0,0.0,0.0,0.0,20.0,0.3,0.1,0.2,0.1,0.4,0.1,0.1,0.1,0.5,0.0,57595.0,0.11353416095147148,0.0,65535.0,0.08564888990615702,0.0,0.0,0.0,0.0,0.0,0.0,0.0,0.0,0.0,0.0
73035.2,0.31416079241376643,0.0,16352.0,37.0,0.18749999999895625,31.3125,32.5625,36.870000000000005,0.0,0.0,0.0,0.0,0.0,20.0,0.3,0.1,0.2,0.1,0.4,0.1,0.1,0.1,0.5,0.0,57294.0,0.11423534750584703,0.0,65535.0,0.08593881132219425,0.0,0.0,0.0,0.0,0.0,0.0,0.0,0.0,0.0,0.0
73095.27,0.3332026845148406,0.0,16352.0,37.0,0.2501999999989578,31.375,32.5625,36.710000000000036,0.0,0.0,0.0,0.0,0.0,20.0,0.3,0.1,0.2,0.1,0.4,0.1,0.1,0.1,0.5,0.0,57414.0,0.11434493329153168,0.0,65535.0,0.08584725719081407,0.0,0.0,0.0,0.0,0.0,0.0,0.0,0.0,0.0,0.0
73155.34,0.31477302810524815,0.0,16352.0,37.0,0.22759999999895075,31.25,32.625,36.89000000000004,0.0,0.0,0.0,0.0,0.0,20.0,0.3,0.1,0.2,0.1,0.4,0.1,0.1,0.1,0.5,0.0,57208.0,0.11428471542441616,0.0,65535.0,0.086152437628748,0.0,0.0,0.0,0.0,0.0,0.0,0.0,0.0,0.0,0.0
73215.38,0.32275570901996475,0.0,16352.0,37.0,0.2216999999989544,31.3125,32.5625,36.77000000000004,0.0,0.0,0.0,0.0,0.0,20.0,0.3,0.1,0.2,0.1,0.4,0.1,0.1,0.1,0.5,0.0,58160.0,0.11301581843191197,0.0,65535.0,0.08619821469443809,0.0,0.0,0.0,0.0,0.0,0.0,0.0,0.0,0.0,0.0
73275.43,0.3252986731521323,0.0,16352.0,37.0,0.18079999999894725,31.3125,32.625,36.85000000000002,0.0,0.0,0.0,0.0,0.0,20.0,0.3,0.1,0.2,0.1,0.4,0.1,0.1,0.1,0.5,0.0,57533.0,0.11395199276936714,0.0,65535.0,0.08625925078202487,0.0,0.0,0.0,0.0,0.0,0.0,0.0,0.0,0.0,0.0
73335.47,0.3136247947644413,0.0,16352.0,37.0,0.25499999999895423,31.375,32.5625,36.73000000000002,0.0,0.0,0.0,0.0,0.0,20.0,0.3,0.1,0.2,0.1,0.4,0.1,0.1,0.1,0.5,0.0,57670.0,0.11342118952661696,0.0,65535.0,0.08593881132219425,0.0,0.0,0.0,0.0,0.0,0.0,0.0,0.0,0.0,0.0
73395.52,0.313398343766384,0.0,16352.0,37.0,0.21349999999894678,31.375,32.5625,36.950000000000045,0.0,0.0,0.0,0.0,0.0,20.0,0.3,0.1,0.2,0.1,0.4,0.1,0.1,0.1,0.5,0.0,57275.0,0.11470973374072457,0.0,65535.0,0.08644235904478523,0.0,0.0,0.0,0.0,0.0,0.0,0.0,0.0,0.0,0.0
73455.56,0.3174482303353778,0.0,16352.0,37.0,0.21409999999894538,31.375,32.625,36.93000000000001,0.0,0.0,0.0,0.0,0.0,20.0,0.3,0.1,0.2,0.1,0.4,0.1,0.1,0.1,0.5,0.0,57515.0,0.11381378770755456,0.0,65535.0,0.08604562447547112,0.0,0.0,0.0,0.0,0.0,0.0,0.0,0.0,0.0,0.0
73515.6,0.3536040495956628,0.0,16352.0,37.0,0.18259999999894305,31.375,32.625,36.93000000000001,0.0,0.0,0.0,0.0,0.0,20.0,0.3,0.1,0.2,0.1,0.4,0.1,0.1,0.1,0.5,0.0,57520.0,0.11397774687065368,0.0,65535.0,0.08595407034409094,0.0,0.0,0.0,0.0,0.0,0.0,0.0,0.0,0.0,0.0
73575.68,0.3178956819127784,0.0,16352.0,37.0,0.2189999999989483,31.3125,32.625,36.81,0.0,0.0,0.0,0.0,0.0,20.0,0.3,0.1,0.2,0.1,0.4,0.1,0.1,0.1,0.5,0.0,57572.0,0.11436114778017091,0.0,65535.0,0.08610666056305791,0.0,0.0,0.0,0.0,0.0,0.0,0.0,0.0,0.0,0.0
73635.73,0.3203090866962511,0.0,16352.0,37.0,0.19869999999895172,31.375,32.625,36.77000000000004,0.0,0.0,0.0,0.0,0.0,20.0,0.3,0.1,0.2,0.1,0.4,0.1,0.1,0.1,0.5,0.0,57946.0,0.11348496876402167,0.0,65535.0,0.08625925078202487,0.0,0.0,0.0,0.0,0.0,0.0,0.0,0.0,0.0,0.0
73695.78,0.3378803712441043,0.0,16352.0,37.0,0.2407999999989427,31.3125,32.625,36.85000000000002,0.0,0.0,0.0,0.0,0.0,20.0,0.3,0.1,0.2,0.1,0.4,0.1,0.1,0.1,0.5,0.0,57574.0,0.11404453399103762,0.0,65535.0,0.08633554589150835,0.0,0.0,0.0,0.0,0.0,0.0,0.0,0.0,0.0,0.0
73755.86,0.3209579032551598,0.0,16352.0,37.0,0.20579999999894524,31.375,32.625,36.97000000000003,0.0,0.0,0.0,0.0,0.0,20.0,0.3,0.1,0.2,0.1,0.4,0.1,0.1,0.1,0.5,0.0,58220.0,0.11312263826863621,0.0,65535.0,0.08630502784771496,0.0,0.0,0.0,0.0,0.0,0.0,0.0,0.0,0.0,0.0
73815.94,0.3332247533839739,0.0,16352.0,37.0,0.1692999999989483,31.375,32.625,36.93000000000001,0.0,0.0,0.0,0.0,0.0,20.0,0.3,0.1,0.2,0.1,0.4,0.1,0.1,0.1,0.5,0.0,57494.0,0.114168434967127,0.0,65535.0,0.08590829327840085,0.0,0.0,0.0,0.0,0.0,0.0,0.0,0.0,0.0,0.0
73876.02,0.3367346583960578,0.0,16352.0,37.0,0.16779999999894793,31.4375,32.625,37.13000000000005,0.0,0.0,0.0,0.0,0.0,20.0,0.3,0.1,0.2,0.1,0.4,0.1,0.1,0.1,0.5,0.0,57284.0,0.11493610781370016,0.0,65535.0,0.08595407034409094,0.0,0.0,0.0,0.0,0.0,0.0,0.0,0.0,0.0,0.0
73936.1,0.32571911076925025,0.0,16352.0,37.0,0.20039999999894328,31.375,32.625,36.870000000000005,0.0,0.0,0.0,0.0,0.0,20.0,0.3,0.1,0.2,0.1,0.4,0.1,0.1,0.1,0.5,0.0,57868.0,0.11381074168797954,0.0,65535.0,0.08592355230029755,0.0,0.0,0.0,0.0,0.0,0.0,0.0,0.0,0.0,0.0
73996.14,0.3527582172458823,0.0,16352.0,37.0,0.2468999999989445,31.375,32.625,36.710000000000036,0.0,0.0,0.0,0.0,0.0,20.0,0.3,0.1,0.2,0.1,0.4,0.1,0.1,0.1,0.5,0.0,57861.0,0.11398005565061095,0.0,65535.0,0.08645761806668192,0.0,0.0,0.0,0.0,0.0,0.0,0.0,0.0,0.0,0.0
74056.19,0.3468854144553339,0.0,16352.0,37.0,0.21839999999894283,31.375,32.5625,36.63000000000005,0.0,0.0,0.0,0.0,0.0,20.0,0.3,0.1,0.2,0.1,0.4,0.1,0.1,0.1,0.5,0.0,57826.0,0.11354753916923184,0.0,65535.0,0.08630502784771496,0.0,0.0,0.0,0.0,0.0,0.0,0.0,0.0,0.0,0.0
74116.27,0.32755598483758225,0.0,16352.0,37.0,0.22049999999894176,31.375,32.625,36.97000000000003,0.0,0.0,0.0,0.0,0.0,20.0,0.3,0.1,0.2,0.1,0.4,0.1,0.1,0.1,0.5,0.0,57454.0,0.1143175409893132,0.0,65535.0,0.08606088349736782,0.0,0.0,0.0,0.0,0.0,0.0,0.0,0.0,0.0,0.0
74176.34,0.2992360835909651,0.0,16352.0,37.0,0.24729999999894667,31.375,32.625,36.85000000000002,0.0,0.0,0.0,0.0,0.0,20.0,0.3,0.1,0.2,0.1,0.4,0.1,0.1,0.1,0.5,0.0,57333.0,0.11457624753632288,0.0,65535.0,0.08584725719081407,0.0,0.0,0.0,0.0,0.0,0.0,0.0,0.0,0.0,0.0
74236.4,0.3104624308467702,0.0,16352.0,37.0,0.20199999999894439,31.375,32.625,36.89000000000004,0.0,0.0,0.0,0.0,0.0,20.0,0.3,0.1,0.2,0.1,0.4,0.1,0.1,0.1,0.5,0.0,57626.0,0.1143754555235484,0.0,65535.0,0.0861371786068513,0.0,0.0,0.0,0.0,0.0,0.0,0.0,0.0,0.0,0.0
74296.44,0.31450515366398907,0.0,16352.0,37.0,0.2104999999989341,31.3125,32.625,36.97000000000003,0.0,0.0,0.0,0.0,0.0,20.0,0.3,0.1,0.2,0.1,0.4,0.1,0.1,0.1,0.5,0.0,57889.0,0.1138385530929883,0.0,65535.0,0.08627450980392157,0.0,0.0,0.0,0.0,0.0,0.0,0.0,0.0,0.0,0.0
74356.48,0.33189096096355386,0.0,16352.0,37.0,0.20219999999893737,31.3125,32.6875,36.81,0.0,0.0,0.0,0.0,0.0,20.0,0.3,0.1,0.2,0.1,0.4,0.1,0.1,0.1,0.5,0.0,58414.0,0.11339747320847741,0.0,65535.0,0.0869916838330663,0.0,0.0,0.0,0.0,0.0,0.0,0.0,0.0,0.0,0.0
74416.56,0.35614371732321926,0.0,16352.0,37.0,0.20989999999893208,31.375,32.625,36.81,0.0,0.0,0.0,0.0,0.0,20.0,0.3,0.1,0.2,0.1,0.4,0.1,0.1,0.1,0.5,0.0,57461.0,0.11454725814030386,0.0,65535.0,0.08584725719081407,0.0,0.0,0.0,0.0,0.0,0.0,0.0,0.0,0.0,0.0
74476.61,0.3591177024972024,0.0,16352.0,37.0,0.20189999999893593,31.375,32.625,36.690000000000055,0.0,0.0,0.0,0.0,0.0,20.0,0.3,0.1,0.2,0.1,0.4,0.1,0.1,0.1,0.5,0.0,57687.0,0.11435852098393053,0.0,65535.0,0.08622873273823148,0.0,0.0,0.0,0.0,0.0,0.0,0.0,0.0,0.0,0.0
74536.69,0.3260075623838897,0.0,16352.0,37.0,0.17479999999892876,31.4375,32.5625,36.73000000000002,0.0,0.0,0.0,0.0,0.0,20.0,0.3,0.1,0.2,0.1,0.4,0.1,0.1,0.1,0.5,0.0,57719.0,0.11408721564822676,0.0,65535.0,0.08601510643167773,0.0,0.0,0.0,0.0,0.0,0.0,0.0,0.0,0.0,0.0
74596.76,0.3447466330919232,0.0,16352.0,37.0,0.24459999999894058,31.375,32.625,36.77000000000004,0.0,0.0,0.0,0.0,0.0,20.0,0.3,0.1,0.2,0.1,0.4,0.1,0.1,0.1,0.5,0.0,58247.0,0.11379126821982248,0.0,65535.0,0.08677805752651255,0.0,0.0,0.0,0.0,0.0,0.0,0.0,0.0,0.0,0.0
74656.81,0.3222310919383634,0.0,16352.0,37.0,0.1815999999989376,31.375,32.5625,36.63000000000005,0.0,0.0,0.0,0.0,0.0,20.0,0.3,0.1,0.2,0.1,0.4,0.1,0.1,0.1,0.5,0.0,57885.0,0.11377731709423858,0.0,65535.0,0.08604562447547112,0.0,0.0,0.0,0.0,0.0,0.0,0.0,0.0,0.0,0.0
74716.86,0.3303874247245312,0.0,16352.0,37.0,0.21809999999893367,31.375,32.625,36.690000000000055,0.0,0.0,0.0,0.0,0.0,20.0,0.3,0.1,0.2,0.1,0.4,0.1,0.1,0.1,0.5,0.0,57386.0,0.11480151953438121,0.0,65535.0,0.08644235904478523,0.0,0.0,0.0,0.0,0.0,0.0,0.0,0.0,0.0,0.0
74776.93,0.3258241265980989,0.0,16352.0,37.0,0.19689999999893704,31.375,32.625,36.85000000000002,0.0,0.0,0.0,0.0,0.0,20.0,0.3,0.1,0.2,0.1,0.4,0.1,0.1,0.1,0.5,0.0,57491.0,0.11441790889008714,0.0,65535.0,0.08630502784771496,0.0,0.0,0.0,0.0,0.0,0.0,0.0,0.0,0.0,0.0
74837.01,0.33973808291197793,0.0,16352.0,37.0,0.2209999999989276,31.3125,32.625,36.85000000000002,0.0,0.0,0.0,0.0,0.0,20.0,0.3,0.1,0.2,0.1,0.4,0.1,0.1,0.1,0.5,0.0,57636.0,0.11471996668748699,0.0,65535.0,0.08606088349736782,0.0,0.0,0.0,0.0,0.0,0.0,0.0,0.0,0.0,0.0
74897.09,0.3172338928044209,0.0,16352.0,37.0,0.23839999999892683,31.375,32.625,36.81,0.0,0.0,0.0,0.0,0.0,20.0,0.3,0.1,0.2,0.1,0.4,0.1,0.1,0.1,0.5,0.0,58090.0,0.113995524186607,0.0,65535.0,0.08639658197909514,0.0,0.0,0.0,0.0,0.0,0.0,0.0,0.0,0.0,0.0
74957.15,0.303971707415743,0.0,16352.0,37.0,0.19599999999893442,31.25,32.625,36.710000000000036,0.0,0.0,0.0,0.0,0.0,20.0,0.3,0.1,0.2,0.1,0.4,0.1,0.1,0.1,0.5,0.0,57623.0,0.11446818110823803,0.0,65535.0,0.08638132295719844,0.0,0.0,0.0,0.0,0.0,0.0,0.0,0.0,0.0,0.0
75017.23,0.3429610635399485,0.0,16352.0,37.0,0.19859999999892863,31.3125,32.5625,36.79000000000002,0.0,0.0,0.0,0.0,0.0,20.0,0.3,0.1,0.2,0.1,0.4,0.1,0.1,0.1,0.5,0.0,57660.0,0.11453347207769685,0.0,65535.0,0.08635080491340505,0.0,0.0,0.0,0.0,0.0,0.0,0.0,0.0,0.0,0.0
75077.28,0.353269295950726,0.0,16352.0,37.0,0.20449999999892327,31.25,32.6875,36.73000000000002,0.0,0.0,0.0,0.0,0.0,20.0,0.3,0.1,0.2,0.1,0.4,0.1,0.1,0.1,0.5,0.0,57713.0,0.1145322544314106,0.0,65535.0,0.08630502784771496,0.0,0.0,0.0,0.0,0.0,0.0,0.0,0.0,0.0,0.0
75137.32,0.31136020032992634,0.0,16352.0,37.0,0.2474999999989285,31.3125,32.625,36.79000000000002,0.0,0.0,0.0,0.0,0.0,20.0,0.3,0.1,0.2,0.1,0.4,0.1,0.1,0.1,0.5,0.0,57534.0,0.11471477734904578,0.0,65535.0,0.08619821469443809,0.0,0.0,0.0,0.0,0.0,0.0,0.0,0.0,0.0,0.0
75197.36,0.3044700633794948,0.0,16352.0,37.0,0.24399999999893252,31.3125,32.625,36.690000000000055,0.0,0.0,0.0,0.0,0.0,20.0,0.3,0.1,0.2,0.1,0.4,0.1,0.1,0.1,0.5,0.0,57806.0,0.11434799155796976,0.0,65535.0,0.08659494926375219,0.0,0.0,0.0,0.0,0.0,0.0,0.0,0.0,0.0,0.0
75257.41,0.3472112228790201,0.0,16352.0,37.0,0.24259999999892212,31.3125,32.625,36.870000000000005,0.0,0.0,0.0,0.0,0.0,20.0,0.3,0.1,0.2,0.1,0.4,0.1,0.1,0.1,0.5,0.0,57509.0,0.11459075970717626,0.0,65535.0,0.08604562447547112,0.0,0.0,0.0,0.0,0.0,0.0,0.0,0.0,0.0,0.0
75317.45,0.32550442892828446,0.0,16352.0,37.0,0.24379999999892102,31.3125,32.625,37.05000000000001,0.0,0.0,0.0,0.0,0.0,20.0,0.3,0.1,0.2,0.1,0.4,0.1,0.1,0.1,0.5,0.0,58111.0,0.11410920479771472,0.0,65535.0,0.08648813611047532,0.0,0.0,0.0,0.0,0.0,0.0,0.0,0.0,0.0,0.0
75377.5,0.300352740532813,0.0,16352.0,37.0,0.21049999999891864,31.3125,32.625,36.73000000000002,0.0,0.0,0.0,0.0,0.0,20.0,0.3,0.1,0.2,0.1,0.4,0.1,0.1,0.1,0.5,0.0,57440.0,0.11502437325905293,0.0,65535.0,0.08635080491340505,0.0,0.0,0.0,0.0,0.0,0.0,0.0,0.0,0.0,0.0
75437.57,0.3388377447289673,0.0,16352.0,37.0,0.22429999999891773,31.375,32.625,36.81,0.0,0.0,0.0,0.0,0.0,20.0,0.3,0.1,0.2,0.1,0.4,0.1,0.1,0.1,0.5,0.0,57653.0,0.11470348464086864,0.0,65535.0,0.08659494926375219,0.0,0.0,0.0,0.0,0.0,0.0,0.0,0.0,0.0,0.0
75497.65,0.31617333693393923,0.0,16352.0,37.0,0.24139999999891723,31.3125,32.625,36.97000000000003,0.0,0.0,0.0,0.0,0.0,20.0,0.3,0.1,0.2,0.1,0.4,0.1,0.1,0.1,0.5,0.0,58254.0,0.11376042846843135,0.0,65535.0,0.08647287708857862,0.0,0.0,0.0,0.0,0.0,0.0,0.0,0.0,0.0,0.0
75557.73,0.33160694831113274,0.0,16352.0,37.0,0.20639999999891978,31.3125,32.625,36.97000000000003,0.0,0.0,0.0,0.0,0.0,20.0,0.3,0.1,0.2,0.1,0.4,0.1,0.1,0.1,0.5,0.0,57869.0,0.11458639340579585,0.0,65535.0,0.0865491721980621,0.0,0.0,0.0,0.0,0.0,0.0,0.0,0.0,0.0,0.0
75617.8,0.29940372819843597,0.0,16352.0,37.0,0.19749999999892362,31.375,32.625,36.63000000000005,0.0,0.0,0.0,0.0,0.0,20.0,0.3,0.1,0.2,0.1,0.4,0.1,0.1,0.1,0.5,0.0,57928.0,0.11443516088937992,0.0,65535.0,0.08665598535133898,0.0,0.0,0.0,0.0,0.0,0.0,0.0,0.0,0.0,0.0
75677.87,0.2959071294499244,0.0,16352.0,37.0,0.2601999999989252,31.3125,32.6875,36.710000000000036,0.0,0.0,0.0,0.0,0.0,20.0,0.3,0.1,0.2,0.1,0.4,0.1,0.1,0.1,0.5,0.0,58067.0,0.1141440060619629,0.0,65535.0,0.08659494926375219,0.0,0.0,0.0,0.0,0.0,0.0,0.0,0.0,0.0,0.0
75737.95,0.2967125280624909,0.0,16352.0,37.0,0.23079999999892345,31.3125,32.625,36.81,0.0,0.0,0.0,0.0,0.0,20.0,0.3,0.1,0.2,0.1,0.4,0.1,0.1,0.1,0.5,0.0,57666.0,0.11446953143966983,0.0,65535.0,0.08641184100099183,0.0,0.0,0.0,0.0,0.0,0.0,0.0,0.0,0.0,0.0
75798.01,0.33387370995152044,0.0,16352.0,37.0,0.21869999999891768,31.375,32.625,36.85000000000002,0.0,0.0,0.0,0.0,0.0,20.0,0.3,0.1,0.2,0.1,0.4,0.1,0.1,0.1,0.5,0.0,57605.0,0.11485114139397622,0.0,65535.0,0.08645761806668192,0.0,0.0,0.0,0.0,0.0,0.0,0.0,0.0,0.0,0.0
75858.08,0.3521317180853746,0.0,16352.0,37.0,0.16779999999891962,31.375,32.625,36.89000000000004,0.0,0.0,0.0,0.0,0.0,20.0,0.3,0.1,0.2,0.1,0.4,0.1,0.1,0.1,0.5,0.0,58303.0,0.11388779308097353,0.0,65535.0,0.08644235904478523,0.0,0.0,0.0,0.0,0.0,0.0,0.0,0.0,0.0,0.0
75918.14,0.29497110576746033,0.0,16352.0,37.0,0.23659999999891132,31.375,32.625,36.85000000000002,0.0,0.0,0.0,0.0,0.0,20.0,0.3,0.1,0.2,0.1,0.4,0.1,0.1,0.1,0.5,0.0,57343.0,0.11551540728598085,0.0,65535.0,0.08650339513237201,0.0,0.0,0.0,0.0,0.0,0.0,0.0,0.0,0.0,0.0
75978.21,0.34266272789043284,0.0,16352.0,37.0,0.21659999999891444,31.375,32.625,36.690000000000055,0.0,0.0,0.0,0.0,0.0,20.0,0.3,0.1,0.2,0.1,0.4,0.1,0.1,0.1,0.5,0.0,57249.0,0.11558280493982427,0.0,65535.0,0.08648813611047532,0.0,0.0,0.0,0.0,0.0,0.0,0.0,0.0,0.0,0.0
76038.27,0.3140080082187396,0.0,16352.0,37.0,0.24019999999890973,31.3125,32.625,36.73000000000002,0.0,0.0,0.0,0.0,0.0,20.0,0.3,0.1,0.2,0.1,0.4,0.1,0.1,0.1,0.5,0.0,58463.0,0.11374715632109197,0.0,65535.0,0.08668650339513237,0.0,0.0,0.0,0.0,0.0,0.0,0.0,0.0,0.0,0.0
76098.35,0.3227114202262581,0.0,16352.0,37.0,0.20719999999890706,31.375,32.625,36.77000000000004,0.0,0.0,0.0,0.0,0.0,20.0,0.3,0.1,0.2,0.1,0.4,0.1,0.1,0.1,0.5,0.0,57517.0,0.11547890188987604,0.0,65535.0,0.08665598535133898,0.0,0.0,0.0,0.0,0.0,0.0,0.0,0.0,0.0,0.0
76158.39,0.3237837829280558,0.0,16352.0,37.0,0.2460999999989177,31.375,32.6875,36.710000000000036,0.0,0.0,0.0,0.0,0.0,20.0,0.3,0.1,0.2,0.1,0.4,0.1,0.1,0.1,0.5,0.0,57457.0,0.11504255356179403,0.0,65535.0,0.08648813611047532,0.0,0.0,0.0,0.0,0.0,0.0,0.0,0.0,0.0,0.0
76218.44,0.3204620404478677,0.0,16352.0,37.0,0.209299999998906,31.3125,32.625,36.81,0.0,0.0,0.0,0.0,0.0,20.0,0.3,0.1,0.2,0.1,0.4,0.1,0.1,0.1,0.5,0.0,57853.0,0.11480822083556601,0.0,65535.0,0.08627450980392157,0.0,0.0,0.0,0.0,0.0,0.0,0.0,0.0,0.0,0.0
76278.48,0.32019281917992765,0.0,16352.0,37.0,0.2071999999989045,31.375,32.625,36.79000000000002,0.0,0.0,0.0,0.0,0.0,20.0,0.3,0.1,0.2,0.1,0.4,0.1,0.1,0.1,0.5,0.0,57435.0,0.11526072952032733,0.0,65535.0,0.0865796902418555,0.0,0.0,0.0,0.0,0.0,0.0,0.0,0.0,0.0,0.0
76338.52,0.32501771552973596,0.0,16352.0,37.0,0.18249999999891275,31.375,32.6875,36.93000000000001,0.0,0.0,0.0,0.0,0.0,20.0,0.3,0.1,0.2,0.1,0.4,0.1,0.1,0.1,0.5,0.0,57779.0,0.11476487997369286,0.0,65535.0,0.0865339131761654,0.0,0.0,0.0,0.0,0.0,0.0,0.0,0.0,0.0,0.0
76398.59,0.342033822257885,0.0,16352.0,37.0,0.20599999999890303,31.375,32.625,36.81,0.0,0.0,0.0,0.0,0.0,20.0,0.3,0.1,0.2,0.1,0.4,0.1,0.1,0.1,0.5,0.0,57935.0,0.11499093812030724,0.0,65535.0,0.0869764248111696,0.0,0.0,0.0,0.0,0.0,0.0,0.0,0.0,0.0,0.0
76458.66,0.33659061784465566,0.0,16352.0,37.0,0.22539999999891294,31.3125,32.625,36.73000000000002,0.0,0.0,0.0,0.0,0.0,20.0,0.3,0.1,0.2,0.1,0.4,0.1,0.1,0.1,0.5,0.0,57569.0,0.11525300074692978,0.0,65535.0,0.08651865415426871,0.0,0.0,0.0,0.0,0.0,0.0,0.0,0.0,0.0,0.0
76518.74,0.3214651842167331,0.0,16352.0,37.0,0.23869999999890254,31.375,32.625,36.79000000000002,0.0,0.0,0.0,0.0,0.0,20.0,0.3,0.1,0.2,0.1,0.4,0.1,0.1,0.1,0.5,0.0,57449.0,0.1155285557625024,0.0,65535.0,0.08651865415426871,0.0,0.0,0.0,0.0,0.0,0.0,0.0,0.0,0.0,0.0
76578.81,0.32408335393964316,0.0,16352.0,37.0,0.21989999999890542,31.375,32.625,36.85000000000002,0.0,0.0,0.0,0.0,0.0,20.0,0.3,0.1,0.2,0.1,0.4,0.1,0.1,0.1,0.5,0.0,57953.0,0.11464462581747278,0.0,65535.0,0.08691538872358281,0.0,0.0,0.0,0.0,0.0,0.0,0.0,0.0,0.0,0.0
76638.85,0.31308805628326175,0.0,16352.0,37.0,0.21959999999890484,31.375,32.625,36.97000000000003,0.0,0.0,0.0,0.0,0.0,20.0,0.3,0.1,0.2,0.1,0.4,0.1,0.1,0.1,0.5,0.0,57430.0,0.1154797144349643,0.0,65535.0,0.08648813611047532,0.0,0.0,0.0,0.0,0.0,0.0,0.0,0.0,0.0,0.0
76698.92,0.3017812110573077,0.0,16352.0,37.0,0.2251999999988989,31.375,32.6875,36.97000000000003,0.0,0.0,0.0,0.0,0.0,20.0,0.3,0.1,0.2,0.1,0.4,0.1,0.1,0.1,0.5,0.0,57076.0,0.11605578526876445,0.0,65535.0,0.08645761806668192,0.0,0.0,0.0,0.0,0.0,0.0,0.0,0.0,0.0,0.0
76758.96,0.3168753117136767,0.0,16352.0,37.0,0.24789999999890835,31.375,32.6875,36.81,0.0,0.0,0.0,0.0,0.0,20.0,0.3,0.1,0.2,0.1,0.4,0.1,0.1,0.1,0.5,0.0,58260.0,0.11455544112598695,0.0,65535.0,0.08706797894254978,0.0,0.0,0.0,0.0,0.0,0.0,0.0,0.0,0.0,0.0
76819.0,0.30695251244620586,0.0,16352.0,37.0,0.21379999999889673,31.5,32.625,36.89000000000004,0.0,0.0,0.0,0.0,0.0,20.0,0.3,0.1,0.2,0.1,0.4,0.1,0.1,0.1,0.5,0.0,57752.0,0.11528605069954287,0.0,65535.0,0.08642710002288853,0.0,0.0,0.0,0.0,0.0,0.0,0.0,0.0,0.0,0.0
76879.04,0.3018257033508135,0.0,16352.0,37.0,0.20019999999890484,31.375,32.625,36.870000000000005,0.0,0.0,0.0,0.0,0.0,20.0,0.3,0.1,0.2,0.1,0.4,0.1,0.1,0.1,0.5,0.0,58671.0,0.11341207751700158,0.0,65535.0,0.08651865415426871,0.0,0.0,0.0,0.0,0.0,0.0,0.0,0.0,0.0,0.0
76939.09,0.3132123406676314,0.0,16352.0,37.0,0.2622999999989069,31.4375,32.625,36.97000000000003,0.0,0.0,0.0,0.0,0.0,20.0,0.3,0.1,0.2,0.1,0.4,0.1,0.1,0.1,0.5,0.0,57711.0,0.11503872745230545,0.0,65535.0,0.08644235904478523,0.0,0.0,0.0,0.0,0.0,0.0,0.0,0.0,0.0,0.0
76999.13,0.3128889930849014,0.0,16352.0,37.0,0.1607999999988972,31.4375,32.6875,37.05000000000001,0.0,0.0,0.0,0.0,0.0,20.0,0.3,0.1,0.2,0.1,0.4,0.1,0.1,0.1,0.5,0.0,57367.0,0.11588543936409434,0.0,65535.0,0.08630502784771496,0.0,0.0,0.0,0.0,0.0,0.0,0.0,0.0,0.0,0.0
77059.2,0.3276813051646546,0.0,16352.0,37.0,0.24819999999890466,31.375,32.625,37.13000000000005,0.0,0.0,0.0,0.0,0.0,20.0,0.3,0.1,0.2,0.1,0.4,0.1,0.1,0.1,0.5,0.0,57954.0,0.11469441281015978,0.0,65535.0,0.08670176241702907,0.0,0.0,0.0,0.0,0.0,0.0,0.0,0.0,0.0,0.0
77119.24,0.33182054298566216,0.0,16352.0,37.0,0.18339999999890164,31.375,32.625,36.950000000000045,0.0,0.0,0.0,0.0,0.0,20.0,0.3,0.1,0.2,0.1,0.4,0.1,0.1,0.1,0.5,0.0,57889.0,0.11492684275078167,0.0,65535.0,0.08682383459220264,0.0,0.0,0.0,0.0,0.0,0.0,0.0,0.0,0.0,0.0
77179.28,0.3335160408946107,0.0,16352.0,37.0,0.22899999999890278,31.4375,32.6875,36.950000000000045,0.0,0.0,0.0,0.0,0.0,20.0,0.3,0.1,0.2,0.1,0.4,0.1,0.1,0.1,0.5,0.0,57507.0,0.11581198810579582,0.0,65535.0,0.08635080491340505,0.0,0.0,0.0,0.0,0.0,0.0,0.0,0.0,0.0,0.0
77239.36,0.33719528855463,0.0,16352.0,37.0,0.20339999999889594,31.375,32.625,36.870000000000005,0.0,0.0,0.0,0.0,0.0,20.0,0.3,0.1,0.2,0.1,0.4,0.1,0.1,0.1,0.5,0.0,57707.0,0.11541060876496785,0.0,65535.0,0.08662546730754558,0.0,0.0,0.0,0.0,0.0,0.0,0.0,0.0,0.0,0.0
77299.44,0.32509220658839344,0.0,16352.0,37.0,0.1988999999988949,31.375,32.625,36.77000000000004,0.0,0.0,0.0,0.0,0.0,20.0,0.3,0.1,0.2,0.1,0.4,0.1,0.1,0.1,0.5,0.0,57190.0,0.1164014687882497,0.0,65535.0,0.08685435263599603,0.0,0.0,0.0,0.0,0.0,0.0,0.0,0.0,0.0,0.0
77359.52,0.3189403863093119,0.0,16352.0,37.0,0.24659999999889587,31.375,32.625,36.97000000000003,0.0,0.0,0.0,0.0,0.0,20.0,0.3,0.1,0.2,0.1,0.4,0.1,0.1,0.1,0.5,0.0,57834.0,0.11503613791195491,0.0,65535.0,0.08680857557030594,0.0,0.0,0.0,0.0,0.0,0.0,0.0,0.0,0.0,0.0
77419.58,0.33096713040408826,0.0,16352.0,37.0,0.20399999999889368,31.375,32.6875,37.01000000000005,0.0,0.0,0.0,0.0,0.0,20.0,0.3,0.1,0.2,0.1,0.4,0.1,0.1,0.1,0.5,0.0,57291.0,0.11637080867850098,0.0,65535.0,0.0865796902418555,0.0,0.0,0.0,0.0,0.0,0.0,0.0,0.0,0.0,0.0
77479.66,0.3011593911683414,0.0,16352.0,37.0,0.20049999999889773,31.375,32.625,36.89000000000004,0.0,0.0,0.0,0.0,0.0,20.0,0.3,0.1,0.2,0.1,0.4,0.1,0.1,0.1,0.5,0.0,58027.0,0.11511882399572612,0.0,65535.0,0.08670176241702907,0.0,0.0,0.0,0.0,0.0,0.0,0.0,0.0,0.0,0.0
77539.74,0.3110349590993591,0.0,16352.0,37.0,0.20549999999889232,31.375,32.6875,36.79000000000002,0.0,0.0,0.0,0.0,0.0,20.0,0.3,0.1,0.2,0.1,0.4,0.1,0.1,0.1,0.5,0.0,57813.0,0.115527649490599,0.0,65535.0,0.08683909361409933,0.0,0.0,0.0,0.0,0.0,0.0,0.0,0.0,0.0,0.0
77599.79,0.3275437053452479,0.0,16352.0,37.0,0.24789999999889809,31.4375,32.6875,36.950000000000045,0.0,0.0,0.0,0.0,0.0,20.0,0.3,0.1,0.2,0.1,0.4,0.1,0.1,0.1,0.5,0.0,57760.0,0.11556440443213296,0.0,65535.0,0.08662546730754558,0.0,0.0,0.0,0.0,0.0,0.0,0.0,0.0,0.0,0.0
77659.86,0.33121507965067115,0.0,16352.0,37.0,0.200499999998896,31.375,32.6875,36.85000000000002,0.0,0.0,0.0,0.0,0.0,20.0,0.3,0.1,0.2,0.1,0.4,0.1,0.1,0.1,0.5,0.0,58206.0,0.11498814555200494,0.0,65535.0,0.0874189364461738,0.0,0.0,0.0,0.0,0.0,0.0,0.0,0.0,0.0,0.0
77719.93,0.3275673711825664,0.0,16352.0,37.0,0.1971999999988956,31.4375,32.75,36.93000000000001,0.0,0.0,0.0,0.0,0.0,20.0,0.3,0.1,0.2,0.1,0.4,0.1,0.1,0.1,0.5,0.0,57767.0,0.11555040074783181,0.0,65535.0,0.08676279850461585,0.0,0.0,0.0,0.0,0.0,0.0,0.0,0.0,0.0,0.0
77779.99,0.3401379322256577,0.0,16352.0,37.0,0.1974999999988953,31.4375,32.6875,36.93000000000001,0.0,0.0,0.0,0.0,0.0,20.0,0.3,0.1,0.2,0.1,0.4,0.1,0.1,0.1,0.5,0.0,58531.0,0.11431549093642684,0.0,65535.0,0.08683909361409933,0.0,0.0,0.0,0.0,0.0,0.0,0.0,0.0,0.0,0.0
77840.03,0.35595109822923354,0.0,16352.0,37.0,0.18479999999888921,31.5,32.6875,36.85000000000002,0.0,0.0,0.0,0.0,0.0,20.0,0.3,0.1,0.2,0.1,0.4,0.1,0.1,0.1,0.5,0.0,58211.0,0.11472058545635705,0.0,65535.0,0.08676279850461585,0.0,0.0,0.0,0.0,0.0,0.0,0.0,0.0,0.0,0.0
77900.08,0.32345752239091263,0.0,16352.0,37.0,0.20449999999888382,31.4375,32.6875,36.870000000000005,0.0,0.0,0.0,0.0,0.0,20.0,0.3,0.1,0.2,0.1,0.4,0.1,0.1,0.1,0.5,0.0,57715.0,0.11553322359871784,0.0,65535.0,0.0869916838330663,0.0,0.0,0.0,0.0,0.0,0.0,0.0,0.0,0.0,0.0
77960.12,0.32558452711775776,0.0,16352.0,37.0,0.220999999998883,31.375,32.625,36.650000000000034,0.0,0.0,0.0,0.0,0.0,20.0,0.3,0.1,0.2,0.1,0.4,0.1,0.1,0.1,0.5,0.0,58067.0,0.11534951004873681,0.0,65535.0,0.0869611657892729,0.0,0.0,0.0,0.0,0.0,0.0,0.0,0.0,0.0,0.0
78020.16,0.34497737016847807,0.0,16352.0,37.0,0.24159999999889267,31.375,32.625,36.85000000000002,0.0,0.0,0.0,0.0,0.0,20.0,0.3,0.1,0.2,0.1,0.4,0.1,0.1,0.1,0.5,0.0,57614.0,0.11632589301211511,0.0,65535.0,0.08676279850461585,0.0,0.0,0.0,0.0,0.0,0.0,0.0,0.0,0.0,0.0
78080.21,0.323108208650703,0.0,16352.0,37.0,0.26019999999889254,31.375,32.6875,36.85000000000002,0.0,0.0,0.0,0.0,0.0,20.0,0.3,0.1,0.2,0.1,0.4,0.1,0.1,0.1,0.5,0.0,57685.0,0.11576666377741181,0.0,65535.0,0.08661020828564889,0.0,0.0,0.0,0.0,0.0,0.0,0.0,0.0,0.0,0.0
78140.28,0.34680993660677606,0.0,16352.0,37.0,0.20929999999888027,31.4375,32.6875,36.81,0.0,0.0,0.0,0.0,0.0,20.0,0.3,0.1,0.2,0.1,0.4,0.1,0.1,0.1,0.5,0.0,58000.0,0.11539655172413793,0.0,65535.0,0.08674753948271915,0.0,0.0,0.0,0.0,0.0,0.0,0.0,0.0,0.0,0.0
78200.33,0.31505961252733333,0.0,16352.0,37.0,0.1397999999988815,31.375,32.6875,36.89000000000004,0.0,0.0,0.0,0.0,0.0,20.0,0.3,0.1,0.2,0.1,0.4,0.1,0.1,0.1,0.5,0.0,58111.0,0.11527937911927173,0.0,65535.0,0.08706797894254978,0.0,0.0,0.0,0.0,0.0,0.0,0.0,0.0,0.0,0.0
78260.39,0.3057022028671611,0.0,16352.0,37.0,0.246299999998885,31.375,32.75,36.79000000000002,0.0,0.0,0.0,0.0,0.0,20.0,0.3,0.1,0.2,0.1,0.4,0.1,0.1,0.1,0.5,0.0,57650.0,0.11601040763226365,0.0,65535.0,0.08746471351186388,0.0,0.0,0.0,0.0,0.0,0.0,0.0,0.0,0.0,0.0
78320.46,0.3028642386287486,0.0,16352.0,37.0,0.20689999999887734,31.375,32.75,36.710000000000036,0.0,0.0,0.0,0.0,0.0,20.0,0.3,0.1,0.2,0.1,0.4,0.1,0.1,0.1,0.5,0.0,57752.0,0.11620376783488018,0.0,65535.0,0.08714427405203326,0.0,0.0,0.0,0.0,0.0,0.0,0.0,0.0,0.0,0.0
78380.5,0.3028416145679402,0.0,16352.0,37.0,0.2038999999988758,31.375,32.75,36.73000000000002,0.0,0.0,0.0,0.0,0.0,20.0,0.3,0.1,0.2,0.1,0.4,0.1,0.1,0.1,0.5,0.0,58104.0,0.11570631970260223,0.0,65535.0,0.08734264133669031,0.0,0.0,0.0,0.0,0.0,0.0,0.0,0.0,0.0,0.0
78440.54,0.34253042295896624,0.0,16352.0,37.0,0.20299999999887494,31.375,32.6875,36.73000000000002,0.0,0.0,0.0,0.0,0.0,20.0,0.3,0.1,0.2,0.1,0.4,0.1,0.1,0.1,0.5,0.0,57619.0,0.11641993092556274,0.0,65535.0,0.08690012970168612,0.0,0.0,0.0,0.0,0.0,0.0,0.0,0.0,0.0,0.0
78500.57,0.3226935269684335,0.0,16352.0,37.0,0.21569999999887932,31.375,32.75,36.77000000000004,0.0,0.0,0.0,0.0,0.0,20.0,0.3,0.1,0.2,0.1,0.4,0.1,0.1,0.1,0.5,0.0,57733.0,0.11601683612491989,0.0,65535.0,0.08691538872358281,0.0,0.0,0.0,0.0,0.0,0.0,0.0,0.0,0.0,0.0
78560.62,0.31821711125130275,0.0,16352.0,37.0,0.17449999999887159,31.375,32.75,36.81,0.0,0.0,0.0,0.0,0.0,20.0,0.3,0.1,0.2,0.1,0.4,0.1,0.1,0.1,0.5,0.0,58152.0,0.11552483147613152,0.0,65535.0,0.08712901503013656,0.0,0.0,0.0,0.0,0.0,0.0,0.0,0.0,0.0,0.0
78620.69,0.2986142951324674,0.0,16352.0,37.0,0.2495999999988786,31.375,32.75,36.81,0.0,0.0,0.0,0.0,0.0,20.0,0.3,0.1,0.2,0.1,0.4,0.1,0.1,0.1,0.5,0.0,57860.0,0.1161596958174905,0.0,65535.0,0.08743419546807049,0.0,0.0,0.0,0.0,0.0,0.0,0.0,0.0,0.0,0.0
78680.75,0.3120519269460375,0.0,16352.0,37.0,0.15719999999887396,31.4375,32.75,36.81,0.0,0.0,0.0,0.0,0.0,20.0,0.3,0.1,0.2,0.1,0.4,0.1,0.1,0.1,0.5,0.0,57753.0,0.11604591969248351,0.0,65535.0,0.08703746089875639,0.0,0.0,0.0,0.0,0.0,0.0,0.0,0.0,0.0,0.0
78740.82,0.3341299738920852,0.0,16352.0,37.0,0.18659999999887392,31.375,32.75,36.93000000000001,0.0,0.0,0.0,0.0,0.0,20.0,0.3,0.1,0.2,0.1,0.4,0.1,0.1,0.1,0.5,0.0,57550.0,0.11664639443961772,0.0,65535.0,0.08694590676737621,0.0,0.0,0.0,0.0,0.0,0.0,0.0,0.0,0.0,0.0
78800.89,0.3286661949903217,0.0,16352.0,37.0,0.18509999999887272,31.4375,32.8125,36.79000000000002,0.0,0.0,0.0,0.0,0.0,20.0,0.3,0.1,0.2,0.1,0.4,0.1,0.1,0.1,0.5,0.0,57549.0,0.11664842134528837,0.0,65535.0,0.0874036774242771,0.0,0.0,0.0,0.0,0.0,0.0,0.0,0.0,0.0,0.0
78860.94,0.30565902754798974,0.0,16352.0,37.0,0.19539999999887755,31.3125,32.75,36.870000000000005,0.0,0.0,0.0,0.0,0.0,20.0,0.3,0.1,0.2,0.1,0.4,0.1,0.1,0.1,0.5,0.0,57897.0,0.11594728569701367,0.0,65535.0,0.0869611657892729,0.0,0.0,0.0,0.0,0.0,0.0,0.0,0.0,0.0,0.0
78920.99,0.3296228823133159,0.0,16352.0,37.0,0.2250999999988781,31.4375,32.8125,36.690000000000055,0.0,0.0,0.0,0.0,0.0,20.0,0.3,0.1,0.2,0.1,0.4,0.1,0.1,0.1,0.5,0.0,58418.0,0.11546098805162792,0.0,65535.0,0.08749523155565728,0.0,0.0,0.0,0.0,0.0,0.0,0.0,0.0,0.0,0.0
78981.05,0.35072280879311934,0.0,16352.0,37.0,0.20539999999886674,31.375,32.8125,36.63000000000005,0.0,0.0,0.0,0.0,0.0,20.0,0.3,0.1,0.2,0.1,0.4,0.1,0.1,0.1,0.5,0.0,57249.0,0.11720728746353648,0.0,65535.0,0.08725108720531013,0.0,0.0,0.0,0.0,0.0,0.0,0.0,0.0,0.0,0.0
79041.1,0.34854809276731036,0.0,16352.0,37.0,0.17419999999886412,31.4375,32.8125,36.950000000000045,0.0,0.0,0.0,0.0,0.0,20.0,0.3,0.1,0.2,0.1,0.4,0.1,0.1,0.1,0.5,0.0,57930.0,0.11600207146556188,0.0,65535.0,0.0869611657892729,0.0,0.0,0.0,0.0,0.0,0.0,0.0,0.0,0.0,0.0
79101.17,0.3395318595763889,0.0,16352.0,37.0,0.2450999999988707,31.4375,32.75,36.73000000000002,0.0,0.0,0.0,0.0,0.0,20.0,0.3,0.1,0.2,0.1,0.4,0.1,0.1,0.1,0.5,0.0,57836.0,0.1163462203471886,0.0,65535.0,0.08705271992065308,0.0,0.0,0.0,0.0,0.0,0.0,0.0,0.0,0.0,0.0
79161.24,0.3350220891316706,0.0,16352.0,37.0,0.22659999999887415,31.375,32.75,36.85000000000002,0.0,0.0,0.0,0.0,0.0,20.0,0.3,0.1,0.2,0.1,0.4,0.1,0.1,0.1,0.5,0.0,57709.0,0.11653294979985791,0.0,65535.0,0.08726634622720683,0.0,0.0,0.0,0.0,0.0,0.0,0.0,0.0,0.0,0.0
79221.32,0.31842049789529797,0.0,16352.0,37.0,0.22759999999886327,31.375,32.75,36.97000000000003,0.0,0.0,0.0,0.0,0.0,20.0,0.3,0.1,0.2,0.1,0.4,0.1,0.1,0.1,0.5,0.0,57868.0,0.11633372502937721,0.0,65535.0,0.08732738231479362,0.0,0.0,0.0,0.0,0.0,0.0,0.0,0.0,0.0,0.0
79281.4,0.34708509100657353,0.0,16352.0,37.0,0.24529999999886307,31.4375,32.75,37.09000000000003,0.0,0.0,0.0,0.0,0.0,20.0,0.3,0.1,0.2,0.1,0.4,0.1,0.1,0.1,0.5,0.0,57468.0,0.11677803299227396,0.0,65535.0,0.08717479209582665,0.0,0.0,0.0,0.0,0.0,0.0,0.0,0.0,0.0,0.0
79341.48,0.31231335867801274,0.0,16352.0,37.0,0.20909999999886586,31.5,32.75,36.79000000000002,0.0,0.005,0.25,0.0,0.0,20.0,0.3,0.1,0.2,0.1,0.4,0.1,0.1,0.1,0.5,0.0,58409.0,0.11523908986628772,0.0,65535.0,0.08752574959945067,0.0,0.0,0.0,0.0,0.0,0.0,0.0,0.0,0.0,0.0
79401.54,0.31192516744592924,0.0,16352.0,37.0,0.4007499999988615,31.375,32.75,36.33000000000004,0.0,0.0,0.0,0.0,0.0,20.0,0.3,0.1,0.2,0.1,0.4,0.1,0.1,0.1,0.5,0.0,57140.0,0.11524326216310815,0.0,65535.0,0.08537422751201648,0.0,0.0,0.0,0.0,0.0,0.0,0.0,0.0,0.0,0.0
79461.6,0.3058358664174113,0.0,16352.0,37.0,0.1987999999988579,31.4375,32.8125,36.85000000000002,0.0,0.0,0.0,0.0,0.0,20.0,0.3,0.1,0.2,0.1,0.4,0.1,0.1,0.1,0.5,0.0,56989.0,0.11528540595553528,0.0,65535.0,0.08514534218356604,0.0,0.0,0.0,0.0,0.0,0.0,0.0,0.0,0.0,0.0
79521.63,0.3200472883961472,0.0,16352.0,37.0,0.2363999999988629,31.4375,32.75,36.89000000000004,0.0,0.0,0.0,0.0,0.0,20.0,0.3,0.1,0.2,0.1,0.4,0.1,0.1,0.1,0.5,0.0,56768.0,0.11539952085682074,0.0,65535.0,0.08503852903028916,0.0,0.0,0.0,0.0,0.0,0.0,0.0,0.0,0.0,0.0
79581.68,0.2906223542274256,0.0,16352.0,37.0,0.22139999999886148,31.375,32.8125,36.93000000000001,0.0,0.0,0.0,0.0,0.0,20.0,0.3,0.1,0.2,0.1,0.4,0.1,0.1,0.1,0.5,0.0,56648.0,0.11573224120886881,0.0,65535.0,0.08494697489890898,0.0,0.0,0.0,0.0,0.0,0.0,0.0,0.0,0.0,0.0
79641.71,0.2906549649251807,0.0,16352.0,37.0,0.1771999999988539,31.5,32.8125,37.01000000000005,0.0,0.0,0.0,0.0,0.0,20.0,0.3,0.1,0.2,0.1,0.4,0.1,0.1,0.1,0.5,0.0,56962.0,0.11530494013552894,0.0,65535.0,0.08549629968719005,0.0,0.0,0.0,0.0,0.0,0.0,0.0,0.0,0.0,0.0
79701.76,0.28017726731012377,0.0,16352.0,37.0,0.1885999999988535,31.375,32.8125,37.01000000000005,0.0,0.0,0.0,0.0,0.0,20.0,0.3,0.1,0.2,0.1,0.4,0.1,0.1,0.1,0.5,0.0,56666.0,0.11615430769773762,0.0,65535.0,0.08523689631494621,0.0,0.0,0.0,0.0,0.0,0.0,0.0,0.0,0.0,0.0
79761.84,0.27009271533040297,0.0,16352.0,37.0,0.1943999999988573,31.375,32.75,36.89000000000004,0.0,0.0,0.0,0.0,0.0,20.0,0.3,0.1,0.2,0.1,0.4,0.1,0.1,0.1,0.5,0.0,56765.0,0.115722716462609,0.0,65535.0,0.08506904707408255,0.0,0.0,0.0,0.0,0.0,0.0,0.0,0.0,0.0,0.0
79821.87,0.32473337805011093,0.0,16352.0,37.0,0.2099999999988573,31.3125,32.8125,36.79000000000002,0.0,0.0,0.0,0.0,0.0,20.0,0.3,0.1,0.2,0.1,0.4,0.1,0.1,0.1,0.5,0.0,56704.0,0.11609410270880362,0.0,65535.0,0.08523689631494621,0.0,0.0,0.0,0.0,0.0,0.0,0.0,0.0,0.0,0.0
79881.94,0.2904471821094515,0.0,16352.0,37.0,0.1675999999988498,31.25,32.75,36.79000000000002,0.0,0.0,0.0,0.0,0.0,20.0,0.3,0.1,0.2,0.1,0.4,0.1,0.1,0.1,0.5,0.0,56984.0,0.11559385090551734,0.0,65535.0,0.08538948653391318,0.0,0.0,0.0,0.0,0.0,0.0,0.0,0.0,0.0,0.0
79942.02,0.28036960627732627,0.0,16352.0,37.0,0.22819999999885068,31.1875,32.8125,36.81,0.0,0.0,0.0,0.0,0.0,20.0,0.3,0.1,0.2,0.1,0.4,0.1,0.1,0.1,0.5,0.0,57005.0,0.11528813261994562,0.0,65535.0,0.085297932402533,0.0,0.0,0.0,0.0,0.0,0.0,0.0,0.0,0.0,0.0
80002.16,0.2747894772439461,0.0,16352.0,37.0,0.18819999999885778,31.125,32.8125,36.85000000000002,0.0,0.0,0.0,0.0,0.0,20.0,0.3,0.1,0.2,0.1,0.4,0.1,0.1,0.1,0.5,0.0,56755.0,0.11572548674125628,0.0,65535.0,0.08514534218356604,0.0,0.0,0.0,0.0,0.0,0.0,0.0,0.0,0.0,0.0
80156.8,0.19275627466778852,0.0,16352.0,37.0,1.0,29.8125,32.6875,35.01000000000005,0.0,0.0,0.0,0.0,0.0,20.0,0.3,0.1,0.2,0.1,0.4,0.1,0.1,0.1,0.5,0.0,57162.0,0.1164934746859802,0.0,65535.0,0.08647287708857862,0.0,0.0,0.0,0.0,0.0,0.0,0.0,0.0,0.0,0.0
80216.88,0.23196598564398968,0.0,16352.0,37.0,0.4019999999988586,30.5,32.75,36.31,0.0,0.0,0.0,0.0,0.0,20.0,0.3,0.1,0.2,0.1,0.4,0.1,0.1,0.1,0.5,0.0,56329.0,0.11695574215768077,0.0,65535.0,0.08517586022735943,0.0,0.0,0.0,0.0,0.0,0.0,0.0,0.0,0.0,0.0
80276.92,0.21768894612506812,0.0,16352.0,37.0,0.28889999999885285,30.8125,32.6875,36.63000000000005,0.0,0.0,0.0,0.0,0.0,20.0,0.3,0.1,0.2,0.1,0.4,0.1,0.1,0.1,0.5,0.0,56210.0,0.11642056573563422,0.0,65535.0,0.08502327000839247,0.0,0.0,0.0,0.0,0.0,0.0,0.0,0.0,0.0,0.0
80336.99,0.22894203677083677,0.0,16352.0,37.0,0.22209999999885421,31.0,32.6875,37.01000000000005,0.0,0.0,0.0,0.0,0.0,20.0,0.3,0.1,0.2,0.1,0.4,0.1,0.1,0.1,0.5,0.0,56394.0,0.11616484023123028,0.0,65535.0,0.08476386663614863,0.0,0.0,0.0,0.0,0.0,0.0,0.0,0.0,0.0,0.0
80397.05,0.22659713680569188,0.0,16352.0,37.0,0.20169999999885257,31.125,32.6875,37.05000000000001,0.0,0.0,0.0,0.0,0.0,20.0,0.3,0.1,0.2,0.1,0.4,0.1,0.1,0.1,0.5,0.0,56162.0,0.11668031765250525,0.0,65535.0,0.0848859388113222,0.0,0.0,0.0,0.0,0.0,0.0,0.0,0.0,0.0,0.0
80457.12,0.2304572209852047,0.0,16352.0,37.0,0.2283999999988533,31.125,32.6875,36.870000000000005,0.0,0.0,0.0,0.0,0.0,20.0,0.3,0.1,0.2,0.1,0.4,0.1,0.1,0.1,0.5,0.0,56258.0,0.11699669380354794,0.0,65535.0,0.08519111924925613,0.0,0.0,0.0,0.0,0.0,0.0,0.0,0.0,0.0,0.0
80517.2,0.24726408052023593,0.0,16352.0,37.0,0.22599999999885292,31.125,32.6875,37.05000000000001,0.0,0.0,0.0,0.0,0.0,20.0,0.3,0.1,0.2,0.1,0.4,0.1,0.1,0.1,0.5,0.0,56141.0,0.11684864893749666,0.0,65535.0,0.08479438467994202,0.0,0.0,0.0,0.0,0.0,0.0,0.0,0.0,0.0,0.0
80577.27,0.2252379053949523,0.0,16352.0,37.0,0.2096999999988467,31.1875,32.625,36.97000000000003,0.0,0.0,0.0,0.0,0.0,20.0,0.3,0.1,0.2,0.1,0.4,0.1,0.1,0.1,0.5,0.0,55848.0,0.11760492766079358,0.0,65535.0,0.08502327000839247,0.0,0.0,0.0,0.0,0.0,0.0,0.0,0.0,0.0,0.0
80637.34,0.26074781195500374,0.0,16352.0,37.0,0.22169999999884657,31.1875,32.625,36.79000000000002,0.0,0.0,0.0,0.0,0.0,20.0,0.3,0.1,0.2,0.1,0.4,0.1,0.1,0.1,0.5,0.0,56761.0,0.11571325381864309,0.0,65535.0,0.08509956511787595,0.0,0.0,0.0,0.0,0.0,0.0,0.0,0.0,0.0,0.0
80697.41,0.24940573031229035,0.0,16352.0,37.0,0.21929999999884534,31.1875,32.6875,36.81,0.0,0.0,0.0,0.0,0.0,20.0,0.3,0.1,0.2,0.1,0.4,0.1,0.1,0.1,0.5,0.0,56492.0,0.11629965304821922,0.0,65535.0,0.08506904707408255,0.0,0.0,0.0,0.0,0.0,0.0,0.0,0.0,0.0,0.0
80757.49,0.24585083211823366,0.0,16352.0,37.0,0.20339999999884387,31.25,32.6875,36.950000000000045,0.0,0.0,0.0,0.0,0.0,20.0,0.3,0.1,0.2,0.1,0.4,0.1,0.1,0.1,0.5,0.0,55953.0,0.11718763962611478,0.0,65535.0,0.08480964370183872,0.0,0.0,0.0,0.0,0.0,0.0,0.0,0.0,0.0,0.0
80817.52,0.25325926530251014,0.0,16352.0,37.0,0.23489999999884448,31.25,32.625,36.79000000000002,0.0,0.0,0.0,0.0,0.0,20.0,0.3,0.1,0.2,0.1,0.4,0.1,0.1,0.1,0.5,0.0,56457.0,0.11633632676196043,0.0,65535.0,0.08508430609597925,0.0,0.0,0.0,0.0,0.0,0.0,0.0,0.0,0.0,0.0
80877.56,0.25097795389472866,0.0,16352.0,37.0,0.2168999999988432,31.25,32.625,36.93000000000001,0.0,0.0,0.0,0.0,0.0,20.0,0.3,0.1,0.2,0.1,0.4,0.1,0.1,0.1,0.5,0.0,55966.0,0.11733909873851982,0.0,65535.0,0.08497749294270238,0.0,0.0,0.0,0.0,0.0,0.0,0.0,0.0,0.0,0.0
80937.6,0.25024431292588223,0.0,16352.0,37.0,0.2303999999988426,31.3125,32.6875,36.85000000000002,0.0,0.0,0.0,0.0,0.0,20.0,0.3,0.1,0.2,0.1,0.4,0.1,0.1,0.1,0.5,0.0,56372.0,0.11672461505712056,0.0,65535.0,0.08543526359960327,0.0,0.0,0.0,0.0,0.0,0.0,0.0,0.0,0.0,0.0
80997.64,0.24916193242571583,0.0,16352.0,37.0,0.18709999999883506,31.3125,32.625,36.89000000000004,0.0,0.0,0.0,0.0,0.0,20.0,0.3,0.1,0.2,0.1,0.4,0.1,0.1,0.1,0.5,0.0,55804.0,0.11742885814636944,0.0,65535.0,0.08514534218356604,0.0,0.0,0.0,0.0,0.0,0.0,0.0,0.0,0.0,0.0
81057.7,0.24653509370046633,0.0,16352.0,37.0,0.207399999998845,31.375,32.625,36.710000000000036,0.0,0.0,0.0,0.0,0.0,20.0,0.3,0.1,0.2,0.1,0.4,0.1,0.1,0.1,0.5,0.0,56301.0,0.11656986554412888,0.0,65535.0,0.08476386663614863,0.0,0.0,0.0,0.0,0.0,0.0,0.0,0.0,0.0,0.0
81117.73,0.2691203539300827,0.0,16352.0,37.0,0.1946999999988389,31.3125,32.625,36.79000000000002,0.0,0.0,0.0,0.0,0.0,20.0,0.3,0.1,0.2,0.1,0.4,0.1,0.1,0.1,0.5,0.0,56197.0,0.11671441536025055,0.0,65535.0,0.08516060120546273,0.0,0.0,0.0,0.0,0.0,0.0,0.0,0.0,0.0,0.0
81177.79,0.2610170758281717,0.0,16352.0,37.0,0.2246999999988392,31.3125,32.625,36.79000000000002,0.0,0.0,0.0,0.0,0.0,20.0,0.3,0.1,0.2,0.1,0.4,0.1,0.1,0.1,0.5,0.0,56011.0,0.11751263144739427,0.0,65535.0,0.085297932402533,0.0,0.0,0.0,0.0,0.0,0.0,0.0,0.0,0.0,0.0
81237.85,0.25338745315116706,0.0,16352.0,37.0,0.21199999999883312,31.375,32.625,36.690000000000055,0.0,0.0,0.0,0.0,0.0,20.0,0.3,0.1,0.2,0.1,0.4,0.1,0.1,0.1,0.5,0.0,56028.0,0.1176376097665453,0.0,65535.0,0.08493171587701229,0.0,0.0,0.0,0.0,0.0,0.0,0.0,0.0,0.0,0.0
81297.9,0.24350458385363147,0.0,16352.0,37.0,0.18989999999883644,31.4375,32.6875,36.85000000000002,0.0,0.0,0.0,0.0,0.0,20.0,0.3,0.1,0.2,0.1,0.4,0.1,0.1,0.1,0.5,0.0,56315.0,0.11730444819319898,0.0,65535.0,0.08535896849011979,0.0,0.0,0.0,0.0,0.0,0.0,0.0,0.0,0.0,0.0
81357.94,0.22751742289560373,0.0,16352.0,37.0,0.24639999999884274,31.375,32.75,36.610000000000014,0.0,0.0,0.0,0.0,0.0,20.0,0.3,0.1,0.2,0.1,0.4,0.1,0.1,0.1,0.5,0.0,56309.0,0.11673089559395479,0.0,65535.0,0.08513008316166934,0.0,0.0,0.0,0.0,0.0,0.0,0.0,0.0,0.0,0.0
81417.98,0.23955498558412577,0.0,16352.0,37.0,0.24289999999883172,31.375,32.6875,36.710000000000036,0.0,0.0,0.0,0.0,0.0,20.0,0.3,0.1,0.2,0.1,0.4,0.1,0.1,0.1,0.5,0.0,56117.0,0.11732630040807598,0.0,65535.0,0.08499275196459907,0.0,0.0,0.0,0.0,0.0,0.0,0.0,0.0,0.0,0.0
81478.02,0.26630224993068463,0.0,16352.0,37.0,0.24439999999883036,31.375,32.6875,36.93000000000001,0.0,0.0,0.0,0.0,0.0,20.0,0.3,0.1,0.2,0.1,0.4,0.1,0.1,0.1,0.5,0.0,56659.0,0.1165216470463651,0.0,65535.0,0.08542000457770657,0.0,0.0,0.0,0.0,0.0,0.0,0.0,0.0,0.0,0.0
81538.05,0.25830095160447064,0.0,16352.0,37.0,0.2010999999988379,31.4375,32.625,36.870000000000005,0.0,0.0,0.0,0.0,0.0,20.0,0.3,0.1,0.2,0.1,0.4,0.1,0.1,0.1,0.5,0.0,56303.0,0.11677885725449798,0.0,65535.0,0.08520637827115282,0.0,0.0,0.0,0.0,0.0,0.0,0.0,0.0,0.0,0.0
81598.1,0.26622419390138535,0.0,16352.0,37.0,0.2039999999988327,31.5,32.6875,36.81,0.0,0.0,0.0,0.0,0.0,20.0,0.3,0.1,0.2,0.1,0.4,0.1,0.1,0.1,0.5,0.0,56050.0,0.1176092774308653,0.0,65535.0,0.08516060120546273,0.0,0.0,0.0,0.0,0.0,0.0,0.0,0.0,0.0,0.0
81658.18,0.2639226139078888,0.0,16352.0,37.0,0.200199999998837,31.4375,32.75,36.870000000000005,0.0,0.0,0.0,0.0,0.0,20.0,0.3,0.1,0.2,0.1,0.4,0.1,0.1,0.1,0.5,0.0,56526.0,0.11695502954392668,0.0,65535.0,0.08552681773098345,0.0,0.0,0.0,0.0,0.0,0.0,0.0,0.0,0.0,0.0
81718.22,0.2622140366893122,0.0,16352.0,37.0,0.17749999999882582,31.4375,32.6875,36.89000000000004,0.0,0.0,0.0,0.0,0.0,20.0,0.3,0.1,0.2,0.1,0.4,0.1,0.1,0.1,0.5,0.0,56324.0,0.11721468645692777,0.0,65535.0,0.08508430609597925,0.0,0.0,0.0,0.0,0.0,0.0,0.0,0.0,0.0,0.0
81778.3,0.25443385018969633,0.0,16352.0,37.0,0.19839999999883523,31.5,32.6875,37.03000000000003,0.0,0.0,0.0,0.0,0.0,20.0,0.3,0.1,0.2,0.1,0.4,0.1,0.1,0.1,0.5,0.0,56003.0,0.11794011035123118,0.0,65535.0,0.08523689631494621,0.0,0.0,0.0,0.0,0.0,0.0,0.0,0.0,0.0,0.0
81838.38,0.23345127885630737,0.0,16352.0,37.0,0.2239999999988253,31.5,32.6875,36.85000000000002,0.0,0.0,0.0,0.0,0.0,20.0,0.3,0.1,0.2,0.1,0.4,0.1,0.1,0.1,0.5,0.0,56267.0,0.11729788330637851,0.0,65535.0,0.08516060120546273,0.0,0.0,0.0,0.0,0.0,0.0,0.0,0.0,0.0,0.0
81898.44,0.2668085598345359,0.0,16352.0,37.0,0.24989999999883017,31.5,32.75,36.77000000000004,0.0,0.0,0.0,0.0,0.0,20.0,0.3,0.1,0.2,0.1,0.4,0.1,0.1,0.1,0.5,0.0,56419.0,0.1171059394884702,0.0,65535.0,0.085297932402533,0.0,0.0,0.0,0.0,0.0,0.0,0.0,0.0,0.0,0.0
81958.5,0.2647187873631698,0.0,16352.0,37.0,0.20189999999882777,31.4375,32.6875,36.81,0.0,0.0,0.0,0.0,0.0,20.0,0.3,0.1,0.2,0.1,0.4,0.1,0.1,0.1,0.5,0.0,56125.0,0.11757683741648108,0.0,65535.0,0.08491645685511559,0.0,0.0,0.0,0.0,0.0,0.0,0.0,0.0,0.0,0.0
82018.57,0.2404104774456826,0.0,16352.0,37.0,0.22959999999883268,31.4375,32.75,36.950000000000045,0.0,0.0,0.0,0.0,0.0,20.0,0.3,0.1,0.2,0.1,0.4,0.1,0.1,0.1,0.5,0.0,56191.0,0.11743873574059903,0.0,65535.0,0.08513008316166934,0.0,0.0,0.0,0.0,0.0,0.0,0.0,0.0,0.0,0.0
82078.63,0.26710906142302765,0.0,16352.0,37.0,0.24079999999882248,31.5,32.75,37.01000000000005,0.0,0.0,0.0,0.0,0.0,20.0,0.3,0.1,0.2,0.1,0.4,0.1,0.1,0.1,0.5,0.0,55992.0,0.11778468352621803,0.0,65535.0,0.08520637827115282,0.0,0.0,0.0,0.0,0.0,0.0,0.0,0.0,0.0,0.0
82138.68,0.2603494220599577,0.0,16352.0,37.0,0.18279999999882918,31.4375,32.6875,36.950000000000045,0.0,0.0,0.0,0.0,0.0,20.0,0.3,0.1,0.2,0.1,0.4,0.1,0.1,0.1,0.5,0.0,56308.0,0.11747886623570362,0.0,65535.0,0.08497749294270238,0.0,0.0,0.0,0.0,0.0,0.0,0.0,0.0,0.0,0.0
82198.74,0.24955826646158305,0.0,16352.0,37.0,0.22109999999882532,31.5625,32.6875,37.05000000000001,0.0,0.0,0.0,0.0,0.0,20.0,0.3,0.1,0.2,0.1,0.4,0.1,0.1,0.1,0.5,0.0,56310.0,0.11759900550523886,0.0,65535.0,0.08526741435873961,0.0,0.0,0.0,0.0,0.0,0.0,0.0,0.0,0.0,0.0
82258.78,0.24443122900804606,0.0,16352.0,37.0,0.16779999999882775,31.625,32.75,36.97000000000003,0.0,0.0,0.0,0.0,0.0,20.0,0.3,0.1,0.2,0.1,0.4,0.1,0.1,0.1,0.5,0.0,55827.0,0.118150715603561,0.0,65535.0,0.0852826733806363,0.0,0.0,0.0,0.0,0.0,0.0,0.0,0.0,0.0,0.0
82318.86,0.25685393594357203,0.0,16352.0,37.0,0.1809999999988274,31.5625,32.6875,36.89000000000004,0.0,0.0,0.0,0.0,0.0,20.0,0.3,0.1,0.2,0.1,0.4,0.1,0.1,0.1,0.5,0.0,56355.0,0.11691952799219235,0.0,65535.0,0.08538948653391318,0.0,0.0,0.0,0.0,0.0,0.0,0.0,0.0,0.0,0.0
82378.91,0.25532179994811993,0.0,16352.0,37.0,0.21979999999881797,31.5625,32.6875,36.77000000000004,0.0,0.0,0.0,0.0,0.0,20.0,0.3,0.1,0.2,0.1,0.4,0.1,0.1,0.1,0.5,0.0,56291.0,0.11746105061199837,0.0,65535.0,0.08514534218356604,0.0,0.0,0.0,0.0,0.0,0.0,0.0,0.0,0.0,0.0
82438.96,0.24506819902355856,0.0,16352.0,37.0,0.21329999999882132,31.5625,32.75,36.93000000000001,0.0,0.0,0.0,0.0,0.0,20.0,0.3,0.1,0.2,0.1,0.4,0.1,0.1,0.1,0.5,0.0,56359.0,0.11728384109015419,0.0,65535.0,0.0857251850156405,0.0,0.0,0.0,0.0,0.0,0.0,0.0,0.0,0.0,0.0
82499.03,0.23838210643278498,0.0,16352.0,37.0,0.23449999999881624,31.5,32.6875,36.81,0.0,0.0,0.0,0.0,0.0,20.0,0.3,0.1,0.2,0.1,0.4,0.1,0.1,0.1,0.5,0.0,55911.0,0.1182057198046896,0.0,65535.0,0.08532845044632639,0.0,0.0,0.0,0.0,0.0,0.0,0.0,0.0,0.0,0.0
82559.08,0.24549511261501597,0.0,16352.0,37.0,0.23539999999881542,31.5625,32.75,36.85000000000002,0.0,0.0,0.0,0.0,0.0,20.0,0.3,0.1,0.2,0.1,0.4,0.1,0.1,0.1,0.5,0.0,56280.0,0.11762615493958778,0.0,65535.0,0.08535896849011979,0.0,0.0,0.0,0.0,0.0,0.0,0.0,0.0,0.0,0.0
82619.16,0.234526829329138,0.0,16352.0,37.0,0.22189999999881346,31.5625,32.75,36.93000000000001,0.0,0.0,0.0,0.0,0.0,20.0,0.3,0.1,0.2,0.1,0.4,0.1,0.1,0.1,0.5,0.0,56041.0,0.11823486376046109,0.0,65535.0,0.08542000457770657,0.0,0.0,0.0,0.0,0.0,0.0,0.0,0.0,0.0,0.0
82679.21,0.2712767808921816,0.0,16352.0,37.0,0.23839999999881267,31.625,32.6875,36.93000000000001,0.0,0.0,0.0,0.0,0.0,20.0,0.3,0.1,0.2,0.1,0.4,0.1,0.1,0.1,0.5,0.0,56746.0,0.11692454093680611,0.0,65535.0,0.08532845044632639,0.0,0.0,0.0,0.0,0.0,0.0,0.0,0.0,0.0,0.0
82739.29,0.2662191968586124,0.0,16352.0,37.0,0.22339999999881124,31.5625,32.8125,37.01000000000005,0.0,0.0,0.0,0.0,0.0,20.0,0.3,0.1,0.2,0.1,0.4,0.1,0.1,0.1,0.5,0.0,56069.0,0.11772993989548591,0.0,65535.0,0.0852826733806363,0.0,0.0,0.0,0.0,0.0,0.0,0.0,0.0,0.0,0.0
82799.36,0.24136827926067483,0.0,16352.0,37.0,0.18749999999881375,31.625,32.75,36.85000000000002,0.0,0.0,0.0,0.0,0.0,20.0,0.3,0.1,0.2,0.1,0.4,0.1,0.1,0.1,0.5,0.0,56399.0,0.11751981418110251,0.0,65535.0,0.08557259479667353,0.0,0.0,0.0,0.0,0.0,0.0,0.0,0.0,0.0,0.0
82859.43,0.27037187406063856,0.0,16352.0,37.0,0.17359999999880707,31.625,32.8125,36.93000000000001,0.0,0.0,0.0,0.0,0.0,20.0,0.3,0.1,0.2,0.1,0.4,0.1,0.1,0.1,0.5,0.0,56353.0,0.11718985679555657,0.0,65535.0,0.08480964370183872,0.0,0.0,0.0,0.0,0.0,0.0,0.0,0.0,0.0,0.0
82919.51,0.26825376839578263,0.0,16352.0,37.0,0.17209999999880587,31.5625,32.75,36.950000000000045,0.0,0.0,0.0,0.0,0.0,20.0,0.3,0.1,0.2,0.1,0.4,0.1,0.1,0.1,0.5,0.0,56387.0,0.11740294748789615,0.0,65535.0,0.08522163729304952,0.0,0.0,0.0,0.0,0.0,0.0,0.0,0.0,0.0,0.0
82979.58,0.26463560187715995,0.0,16352.0,37.0,0.1681999999988043,31.625,32.6875,36.710000000000036,0.0,0.0,0.0,0.0,0.0,20.0,0.3,0.1,0.2,0.1,0.4,0.1,0.1,0.1,0.5,0.0,56137.0,0.1175873309938187,0.0,65535.0,0.08516060120546273,0.0,0.0,0.0,0.0,0.0,0.0,0.0,0.0,0.0,0.0
83039.66,0.26013734356211926,0.0,16352.0,37.0,0.23029999999880552,31.5625,32.6875,36.77000000000004,0.0,0.0,0.0,0.0,0.0,20.0,0.3,0.1,0.2,0.1,0.4,0.1,0.1,0.1,0.5,0.0,56399.0,0.1176971222894023,0.0,65535.0,0.08542000457770657,0.0,0.0,0.0,0.0,0.0,0.0,0.0,0.0,0.0,0.0
83099.72,0.24298215938909967,0.0,16352.0,37.0,0.17879999999880716,31.5625,32.75,36.81,0.0,0.0,0.0,0.0,0.0,20.0,0.3,0.1,0.2,0.1,0.4,0.1,0.1,0.1,0.5,0.0,56285.0,0.11788220662698765,0.0,65535.0,0.08543526359960327,0.0,0.0,0.0,0.0,0.0,0.0,0.0,0.0,0.0,0.0
83159.79,0.26146593461048945,0.0,16352.0,37.0,0.21029999999880777,31.5,32.75,36.77000000000004,0.0,0.0,0.0,0.0,0.0,20.0,0.3,0.1,0.2,0.1,0.4,0.1,0.1,0.1,0.5,0.0,56607.0,0.11742364018584274,0.0,65535.0,0.08552681773098345,0.0,0.0,0.0,0.0,0.0,0.0,0.0,0.0,0.0,0.0
83219.83,0.23648687239619584,0.0,16352.0,37.0,0.2358999999988129,31.5625,32.75,36.81,0.0,0.0,0.0,0.0,0.0,20.0,0.3,0.1,0.2,0.1,0.4,0.1,0.1,0.1,0.5,0.0,56272.0,0.11776727324424226,0.0,65535.0,0.08522163729304952,0.0,0.0,0.0,0.0,0.0,0.0,0.0,0.0,0.0,0.0
83279.9,0.27200248254166953,0.0,16352.0,37.0,0.21739999999880127,31.5625,32.8125,36.85000000000002,0.0,0.0,0.0,0.0,0.0,20.0,0.3,0.1,0.2,0.1,0.4,0.1,0.1,0.1,0.5,0.0,56218.0,0.11768472731153723,0.0,65535.0,0.08522163729304952,0.0,0.0,0.0,0.0,0.0,0.0,0.0,0.0,0.0,0.0
83339.94,0.23814031682632067,0.0,16352.0,37.0,0.24099999999881078,31.5625,32.8125,36.85000000000002,0.0,0.0,0.0,0.0,0.0,20.0,0.3,0.1,0.2,0.1,0.4,0.1,0.1,0.1,0.5,0.0,56085.0,0.1183738967638406,0.0,65535.0,0.0856946669718471,0.0,0.0,0.0,0.0,0.0,0.0,0.0,0.0,0.0,0.0
83399.98,0.2647841997158471,0.0,16352.0,37.0,0.17889999999880785,31.625,32.75,36.93000000000001,0.0,0.0,0.0,0.0,0.0,20.0,0.3,0.1,0.2,0.1,0.4,0.1,0.1,0.1,0.5,0.0,56311.0,0.11793432899433504,0.0,65535.0,0.08552681773098345,0.0,0.0,0.0,0.0,0.0,0.0,0.0,0.0,0.0,0.0
83460.03,0.2518937974535215,0.0,16352.0,37.0,0.2194999999987985,31.5625,32.8125,36.77000000000004,0.0,0.0,0.0,0.0,0.0,20.0,0.3,0.1,0.2,0.1,0.4,0.1,0.1,0.1,0.5,0.0,56244.0,0.11818149491501316,0.0,65535.0,0.08555733577477684,0.0,0.0,0.0,0.0,0.0,0.0,0.0,0.0,0.0,0.0
83520.07,0.26816053013510643,0.0,16352.0,37.0,0.2250999999988076,31.5625,32.875,36.89000000000004,0.0,0.0,0.0,0.0,0.0,20.0,0.3,0.1,0.2,0.1,0.4,0.1,0.1,0.1,0.5,0.0,56242.0,0.1181501369083603,0.0,65535.0,0.08563363088426032,0.0,0.0,0.0,0.0,0.0,0.0,0.0,0.0,0.0,0.0
83580.15,0.2769881134397057,0.0,16352.0,37.0,0.17889999999880526,31.5625,32.8125,37.05000000000001,0.0,0.0,0.0,0.0,0.0,20.0,0.3,0.1,0.2,0.1,0.4,0.1,0.1,0.1,0.5,0.0,56173.0,0.11831306855606787,0.0,65535.0,0.0856946669718471,0.0,0.0,0.0,0.0,0.0,0.0,0.0,0.0,0.0,0.0
83640.19,0.23467286820597083,0.0,16352.0,37.0,0.2194999999987959,31.625,32.8125,36.950000000000045,0.0,0.0,0.0,0.0,0.0,20.0,0.3,0.1,0.2,0.1,0.4,0.1,0.1,0.1,0.5,0.0,56604.0,0.11776552893788425,0.0,65535.0,0.08563363088426032,0.0,0.0,0.0,0.0,0.0,0.0,0.0,0.0,0.0,0.0
83700.22,0.26620133527733647,0.0,16352.0,37.0,0.250799999998801,31.625,32.75,36.950000000000045,0.0,0.0,0.0,0.0,0.0,20.0,0.3,0.1,0.2,0.1,0.4,0.1,0.1,0.1,0.5,0.0,56507.0,0.11764914081441237,0.0,65535.0,0.08532845044632639,0.0,0.0,0.0,0.0,0.0,0.0,0.0,0.0,0.0,0.0
83760.3,0.2252738532862443,0.0,16352.0,37.0,0.1809999999988025,31.5625,32.75,36.870000000000005,0.0,0.0,0.0,0.0,0.0,20.0,0.3,0.1,0.2,0.1,0.4,0.1,0.1,0.1,0.5,0.0,57154.0,0.11684221576792525,0.0,65535.0,0.08589303425650416,0.0,0.0,0.0,0.0,0.0,0.0,0.0,0.0,0.0,0.0
83820.36,0.23817762694363157,0.0,16352.0,37.0,0.16299999999880124,31.5625,32.8125,37.01000000000005,0.0,0.0,0.0,0.0,0.0,20.0,0.3,0.1,0.2,0.1,0.4,0.1,0.1,0.1,0.5,0.0,56436.0,0.11777943156850237,0.0,65535.0,0.08509956511787595,0.0,0.0,0.0,0.0,0.0,0.0,0.0,0.0,0.0,0.0
83880.42,0.26016497224768137,0.0,16352.0,37.0,0.1729999999987913,31.5625,32.8125,36.870000000000005,0.0,0.0,0.0,0.0,0.0,20.0,0.3,0.1,0.2,0.1,0.4,0.1,0.1,0.1,0.5,0.0,56462.0,0.11781375084127378,0.0,65535.0,0.08555733577477684,0.0,0.0,0.0,0.0,0.0,0.0,0.0,0.0,0.0,0.0
83940.44,0.2774098958831849,0.0,16352.0,37.0,0.20089999999879093,31.5625,32.8125,36.89000000000004,0.0,0.0,0.0,0.0,0.0,20.0,0.3,0.1,0.2,0.1,0.4,0.1,0.1,0.1,0.5,0.0,56402.0,0.11811637885181377,0.0,65535.0,0.08554207675288014,0.0,0.0,0.0,0.0,0.0,0.0,0.0,0.0,0.0,0.0
84000.49,0.24202547656010892,0.0,16352.0,37.0,0.21209999999879495,31.625,32.8125,36.93000000000001,0.0,0.0,0.0,0.0,0.0,20.0,0.3,0.1,0.2,0.1,0.4,0.1,0.1,0.1,0.5,0.0,56110.0,0.11867759757618963,0.0,65535.0,0.08577096208133059,0.0,0.0,0.0,0.0,0.0,0.0,0.0,0.0,0.0,0.0
84060.53,0.25875610964061846,0.0,16352.0,37.0,0.18029999999879287,31.5625,32.875,36.93000000000001,0.0,0.0,0.0,0.0,0.0,20.0,0.3,0.1,0.2,0.1,0.4,0.1,0.1,0.1,0.5,0.0,56338.0,0.11825055912527956,0.0,65535.0,0.08542000457770657,0.0,0.0,0.0,0.0,0.0,0.0,0.0,0.0,0.0,0.0
84120.57,0.227212229523512,0.0,16352.0,37.0,0.1883999999987929,31.5625,32.8125,36.97000000000003,0.0,0.0,0.0,0.0,0.0,20.0,0.3,0.1,0.2,0.1,0.4,0.1,0.1,0.1,0.5,0.0,56338.0,0.11844580922290461,0.0,65535.0,0.08589303425650416,0.0,0.0,0.0,0.0,0.0,0.0,0.0,0.0,0.0,0.0
84180.62,0.25736279274317125,0.0,16352.0,37.0,0.25229999999879416,31.625,32.8125,36.77000000000004,0.0,0.0,0.0,0.0,0.0,20.0,0.3,0.1,0.2,0.1,0.4,0.1,0.1,0.1,0.5,0.0,56733.0,0.11772689616272716,0.0,65535.0,0.08578622110322728,0.0,0.0,0.0,0.0,0.0,0.0,0.0,0.0,0.0,0.0
84240.66,0.24195793189966475,0.0,16352.0,37.0,0.19909999999878655,31.5625,32.8125,36.85000000000002,0.0,0.0,0.0,0.0,0.0,20.0,0.3,0.1,0.2,0.1,0.4,0.1,0.1,0.1,0.5,0.0,56404.0,0.11834267073257215,0.0,65535.0,0.08551155870908675,0.0,0.0,0.0,0.0,0.0,0.0,0.0,0.0,0.0,0.0
84300.71,0.2447338110811373,0.0,16352.0,37.0,0.19289999999879048,31.5625,32.8125,36.870000000000005,0.0,0.0,0.0,0.0,0.0,20.0,0.3,0.1,0.2,0.1,0.4,0.1,0.1,0.1,0.5,0.0,56095.0,0.11886977448970497,0.0,65535.0,0.08578622110322728,0.0,0.0,0.0,0.0,0.0,0.0,0.0,0.0,0.0,0.0
84360.75,0.23985864541705879,0.0,16352.0,37.0,0.2317999999987861,31.5,32.875,36.870000000000005,0.0,0.0,0.0,0.0,0.0,20.0,0.3,0.1,0.2,0.1,0.4,0.1,0.1,0.1,0.5,0.0,56224.0,0.11872154240182128,0.0,65535.0,0.08575570305943389,0.0,0.0,0.0,0.0,0.0,0.0,0.0,0.0,0.0,0.0
84420.8,0.2670778151060494,0.0,16352.0,37.0,0.23209999999878494,31.5625,32.875,36.81,0.0,0.0,0.0,0.0,0.0,20.0,0.3,0.1,0.2,0.1,0.4,0.1,0.1,0.1,0.5,0.0,56497.0,0.11816556631325557,0.0,65535.0,0.08564888990615702,0.0,0.0,0.0,0.0,0.0,0.0,0.0,0.0,0.0,0.0
84480.84,0.2624967367416089,0.0,16352.0,37.0,0.1973999999987872,31.625,32.875,36.97000000000003,0.0,0.0,0.0,0.0,0.0,20.0,0.3,0.1,0.2,0.1,0.4,0.1,0.1,0.1,0.5,0.0,56473.0,0.11823349211127442,0.0,65535.0,0.08558785381857023,0.0,0.0,0.0,0.0,0.0,0.0,0.0,0.0,0.0,0.0
84540.89,0.2625545940017743,0.0,16352.0,37.0,0.22389999999879237,31.5625,32.875,36.950000000000045,0.0,0.0,0.0,0.0,0.0,20.0,0.3,0.1,0.2,0.1,0.4,0.1,0.1,0.1,0.5,0.0,56819.0,0.1177599042573787,0.0,65535.0,0.08603036545357443,0.0,0.0,0.0,0.0,0.0,0.0,0.0,0.0,0.0,0.0
84600.97,0.23952157982788688,0.0,16352.0,37.0,0.21419999999878614,31.625,32.8125,36.870000000000005,0.0,0.0,0.0,0.0,0.0,20.0,0.3,0.1,0.2,0.1,0.4,0.1,0.1,0.1,0.5,0.0,56563.0,0.11864646500362427,0.0,65535.0,0.08554207675288014,0.0,0.0,0.0,0.0,0.0,0.0,0.0,0.0,0.0,0.0
84661.04,0.2591959474905728,0.0,16352.0,37.0,0.16819999999877852,31.5625,32.8125,36.97000000000003,0.0,0.0,0.0,0.0,0.0,20.0,0.3,0.1,0.2,0.1,0.4,0.1,0.1,0.1,0.5,0.0,56590.0,0.11811274076691995,0.0,65535.0,0.08592355230029755,0.0,0.0,0.0,0.0,0.0,0.0,0.0,0.0,0.0,0.0
84721.12,0.24480981552769188,0.0,16352.0,37.0,0.22149999999878944,31.625,32.8125,36.55000000000001,0.0,0.0,0.0,0.0,0.0,20.0,0.3,0.1,0.2,0.1,0.4,0.1,0.1,0.1,0.5,0.0,56531.0,0.11853673205851657,0.0,65535.0,0.08590829327840085,0.0,0.0,0.0,0.0,0.0,0.0,0.0,0.0,0.0,0.0
84781.23,0.23994023290953156,0.0,16352.0,37.0,0.23919999999878924,31.5625,32.875,36.870000000000005,0.0,0.0,0.0,0.0,0.0,20.0,0.3,0.1,0.2,0.1,0.4,0.1,0.1,0.1,0.5,0.0,56564.0,0.11827310656954954,0.0,65535.0,0.08567940794995041,0.0,0.0,0.0,0.0,0.0,0.0,0.0,0.0,0.0,0.0
84841.31,0.24197879517962045,0.0,16352.0,37.0,0.13849999999877452,31.625,32.875,37.01000000000005,0.0,0.0,0.0,0.0,0.0,20.0,0.3,0.1,0.2,0.1,0.4,0.1,0.1,0.1,0.5,0.0,56886.0,0.11763878634461906,0.0,65535.0,0.08549629968719005,0.0,0.0,0.0,0.0,0.0,0.0,0.0,0.0,0.0,0.0
84901.38,0.26279275769590926,0.0,16352.0,37.0,0.2161999999987766,31.625,32.875,36.93000000000001,0.0,0.0,0.0,0.0,0.0,20.0,0.3,0.1,0.2,0.1,0.4,0.1,0.1,0.1,0.5,0.0,56233.0,0.11902263795280352,0.0,65535.0,0.08601510643167773,0.0,0.0,0.0,0.0,0.0,0.0,0.0,0.0,0.0,0.0
84961.46,0.2727140194807207,0.0,16352.0,37.0,0.23149999999877602,31.625,32.8125,36.950000000000045,0.0,0.0,0.0,0.0,0.0,20.0,0.3,0.1,0.2,0.1,0.4,0.1,0.1,0.1,0.5,0.0,56384.0,0.11896992054483542,0.0,65535.0,0.0857099259937438,0.0,0.0,0.0,0.0,0.0,0.0,0.0,0.0,0.0,0.0
85021.52,0.24766683563739322,0.0,16352.0,37.0,0.1917999999987837,31.6875,32.75,36.85000000000002,0.0,0.0,0.0,0.0,0.0,20.0,0.3,0.1,0.2,0.1,0.4,0.1,0.1,0.1,0.5,0.0,56432.0,0.11876240430961157,0.0,65535.0,0.0857251850156405,0.0,0.0,0.0,0.0,0.0,0.0,0.0,0.0,0.0,0.0
85081.56,0.25584007894169397,0.0,16352.0,37.0,0.2320999999987746,31.5625,32.875,36.93000000000001,0.0,0.0,0.0,0.0,0.0,20.0,0.3,0.1,0.2,0.1,0.4,0.1,0.1,0.1,0.5,0.0,56415.0,0.11867411149516972,0.0,65535.0,0.08586251621271077,0.0,0.0,0.0,0.0,0.0,0.0,0.0,0.0,0.0,0.0
85141.61,0.2665394414618869,0.0,16352.0,37.0,0.2435999999987792,31.625,32.8125,36.89000000000004,0.0,0.0,0.0,0.0,0.0,20.0,0.3,0.1,0.2,0.1,0.4,0.1,0.1,0.1,0.5,0.0,56419.0,0.11861252414966589,0.0,65535.0,0.08551155870908675,0.0,0.0,0.0,0.0,0.0,0.0,0.0,0.0,0.0,0.0
85201.65,0.23531441330927796,0.0,16352.0,37.0,0.181799999998776,31.625,32.875,37.05000000000001,0.0,0.0,0.0,0.0,0.0,20.0,0.3,0.1,0.2,0.1,0.4,0.1,0.1,0.1,0.5,0.0,56437.0,0.11861013165122172,0.0,65535.0,0.08587777523460746,0.0,0.0,0.0,0.0,0.0,0.0,0.0,0.0,0.0,0.0
85261.68,0.2568647150946012,0.0,16352.0,37.0,0.19909999999877107,31.625,32.875,36.690000000000055,0.0,0.0,0.0,0.0,0.0,20.0,0.3,0.1,0.2,0.1,0.4,0.1,0.1,0.1,0.5,0.0,56540.0,0.11848249027237354,0.0,65535.0,0.08540474555580987,0.0,0.0,0.0,0.0,0.0,0.0,0.0,0.0,0.0,0.0
85321.72,0.24794813287608514,0.0,16352.0,37.0,0.16789999999876845,31.625,32.8125,36.85000000000002,0.0,0.0,0.0,0.0,0.0,20.0,0.3,0.1,0.2,0.1,0.4,0.1,0.1,0.1,0.5,0.0,56402.0,0.11909152157724903,0.0,65535.0,0.08551155870908675,0.0,0.0,0.0,0.0,0.0,0.0,0.0,0.0,0.0,0.0
85381.77,0.2547008783710857,0.0,16352.0,37.0,0.25769999999877546,31.5625,32.875,36.97000000000003,0.0,0.0,0.0,0.0,0.0,20.0,0.3,0.1,0.2,0.1,0.4,0.1,0.1,0.1,0.5,0.0,56429.0,0.11892821067181768,0.0,65535.0,0.08609140154116121,0.0,0.0,0.0,0.0,0.0,0.0,0.0,0.0,0.0,0.0
85441.81,0.25033201454406206,0.0,16352.0,37.0,0.21829999999876779,31.5625,32.875,36.73000000000002,0.0,0.0,0.0,0.0,0.0,20.0,0.3,0.1,0.2,0.1,0.4,0.1,0.1,0.1,0.5,0.0,56537.0,0.11886021543414048,0.0,65535.0,0.08601510643167773,0.0,0.0,0.0,0.0,0.0,0.0,0.0,0.0,0.0,0.0
85501.89,0.25827777123614587,0.0,16352.0,37.0,0.19859999999877062,31.5625,32.875,36.870000000000005,0.0,0.0,0.0,0.0,0.0,20.0,0.3,0.1,0.2,0.1,0.4,0.1,0.1,0.1,0.5,0.0,56790.0,0.11891178024300053,0.0,65535.0,0.08592355230029755,0.0,0.0,0.0,0.0,0.0,0.0,0.0,0.0,0.0,0.0
85561.96,0.25046205127192045,0.0,16352.0,37.0,0.2544999999987766,31.5625,32.8125,36.97000000000003,0.0,0.0,0.0,0.0,0.0,20.0,0.3,0.1,0.2,0.1,0.4,0.1,0.1,0.1,0.5,0.0,56531.0,0.11912048256708709,0.0,65535.0,0.08577096208133059,0.0,0.0,0.0,0.0,0.0,0.0,0.0,0.0,0.0,0.0
85622.03,0.23638820498490015,0.0,16352.0,37.0,0.19949999999876894,31.5625,32.8125,37.110000000000014,0.0,0.0,0.0,0.0,0.0,20.0,0.3,0.1,0.2,0.1,0.4,0.1,0.1,0.1,0.5,0.0,56658.0,0.1185534258180663,0.0,65535.0,0.08575570305943389,0.0,0.0,0.0,0.0,0.0,0.0,0.0,0.0,0.0,0.0
85682.1,0.26534803425098075,0.0,16352.0,37.0,0.21449999999876865,31.625,32.875,36.97000000000003,0.0,0.0,0.0,0.0,0.0,20.0,0.3,0.1,0.2,0.1,0.4,0.1,0.1,0.1,0.5,0.0,56851.0,0.11829167472867672,0.0,65535.0,0.08567940794995041,0.0,0.0,0.0,0.0,0.0,0.0,0.0,0.0,0.0,0.0
85742.18,0.25674302453869663,0.0,16352.0,37.0,0.19769999999876714,31.625,32.875,36.97000000000003,0.0,0.0,0.0,0.0,0.0,20.0,0.3,0.1,0.2,0.1,0.4,0.1,0.1,0.1,0.5,0.0,56549.0,0.11881730888256202,0.0,65535.0,0.08598458838788434,0.0,0.0,0.0,0.0,0.0,0.0,0.0,0.0,0.0,0.0
85802.25,0.2704688787830685,0.0,16352.0,37.0,0.23509999999876238,31.6875,32.8125,36.89000000000004,0.0,0.0,0.0,0.0,0.0,20.0,0.3,0.1,0.2,0.1,0.4,0.1,0.1,0.1,0.5,0.0,56933.0,0.1184198970719969,0.0,65535.0,0.08587777523460746,0.0,0.0,0.0,0.0,0.0,0.0,0.0,0.0,0.0,0.0
85862.32,0.26454312770927,0.0,16352.0,37.0,0.2150999999987655,31.75,32.875,37.09000000000003,0.0,0.0,0.0,0.0,0.0,20.0,0.3,0.1,0.2,0.1,0.4,0.1,0.1,0.1,0.5,0.0,56506.0,0.1188192404346441,0.0,65535.0,0.08561837186236362,0.0,0.0,0.0,0.0,0.0,0.0,0.0,0.0,0.0,0.0
85922.39,0.2707096197122486,0.0,16352.0,37.0,0.18009999999876805,31.6875,32.8125,36.690000000000055,0.0,0.0,0.0,0.0,0.0,20.0,0.3,0.1,0.2,0.1,0.4,0.1,0.1,0.1,0.5,0.0,56653.0,0.11872275078107072,0.0,65535.0,0.08563363088426032,0.0,0.0,0.0,0.0,0.0,0.0,0.0,0.0,0.0,0.0
85982.47,0.23631630477595855,0.0,16352.0,37.0,0.17239999999875744,31.75,32.8125,37.01000000000005,0.0,0.0,0.0,0.0,0.0,20.0,0.3,0.1,0.2,0.1,0.4,0.1,0.1,0.1,0.5,0.0,56614.0,0.1186808916522415,0.0,65535.0,0.0857404440375372,0.0,0.0,0.0,0.0,0.0,0.0,0.0,0.0,0.0,0.0
86042.53,0.2331943380411169,0.0,16352.0,37.0,0.25769999999876425,31.625,32.875,37.01000000000005,0.0,0.0,0.0,0.0,0.0,20.0,0.3,0.1,0.2,0.1,0.4,0.1,0.1,0.1,0.5,0.0,56051.0,0.11992649551301493,0.0,65535.0,0.08584725719081407,0.0,0.0,0.0,0.0,0.0,0.0,0.0,0.0,0.0,0.0
86102.6,0.2571423042084951,0.0,16352.0,37.0,0.1996999999987559,31.5625,32.8125,36.79000000000002,0.0,0.0,0.0,0.0,0.0,20.0,0.3,0.1,0.2,0.1,0.4,0.1,0.1,0.1,0.5,0.0,56377.0,0.11949908650690885,0.0,65535.0,0.08616769665064469,0.0,0.0,0.0,0.0,0.0,0.0,0.0,0.0,0.0,0.0
86162.68,0.22889857916136067,0.0,16352.0,37.0,0.25209999999876676,31.5625,32.875,36.93000000000001,0.0,0.0,0.0,0.0,0.0,20.0,0.3,0.1,0.2,0.1,0.4,0.1,0.1,0.1,0.5,0.0,56796.0,0.11926896260300021,0.0,65535.0,0.08604562447547112,0.0,0.0,0.0,0.0,0.0,0.0,0.0,0.0,0.0,0.0
86222.75,0.23825667191400962,0.0,16352.0,37.0,0.1929999999987637,31.625,32.875,37.01000000000005,0.0,0.0,0.0,0.0,0.0,20.0,0.3,0.1,0.2,0.1,0.4,0.1,0.1,0.1,0.5,0.0,56936.0,0.11878249262329633,0.0,65535.0,0.08610666056305791,0.0,0.0,0.0,0.0,0.0,0.0,0.0,0.0,0.0,0.0
86282.82,0.2346705910471574,0.0,16352.0,37.0,0.21449999999875918,31.625,32.8125,36.97000000000003,0.0,0.0,0.0,0.0,0.0,20.0,0.3,0.1,0.2,0.1,0.4,0.1,0.1,0.1,0.5,0.0,56791.0,0.11883925269849095,0.0,65535.0,0.08596932936598764,0.0,0.0,0.0,0.0,0.0,0.0,0.0,0.0,0.0,0.0
86342.88,0.27556912089882496,0.0,16352.0,37.0,0.22389999999876398,31.625,32.8125,37.03000000000003,0.0,0.0,0.0,0.0,0.0,20.0,0.3,0.1,0.2,0.1,0.4,0.1,0.1,0.1,0.5,0.0,56690.0,0.119121538190157,0.0,65535.0,0.08583199816891737,0.0,0.0,0.0,0.0,0.0,0.0,0.0,0.0,0.0,0.0
86402.94,0.23988083440597438,0.0,16352.0,37.0,0.20299999999875287,31.6875,32.875,36.89000000000004,0.0,0.0,0.0,0.0,0.0,20.0,0.3,0.1,0.2,0.1,0.4,0.1,0.1,0.1,0.5,0.0,56887.0,0.11884964930476208,0.0,65535.0,0.08586251621271077,0.0,0.0,0.0,0.0,0.0,0.0,0.0,0.0,0.0,0.0
86462.98,0.24553802488435628,0.0,16352.0,37.0,0.2120999999987571,31.6875,32.875,36.870000000000005,0.0,0.0,0.0,0.0,0.0,20.0,0.3,0.1,0.2,0.1,0.4,0.1,0.1,0.1,0.5,0.0,56892.0,0.11850523799479716,0.0,65535.0,0.08604562447547112,0.0,0.0,0.0,0.0,0.0,0.0,0.0,0.0,0.0,0.0
86523.05,0.24831788565207039,0.0,16352.0,37.0,0.21499999999875102,31.625,32.8125,36.97000000000003,0.0,0.0,0.0,0.0,0.0,20.0,0.3,0.1,0.2,0.1,0.4,0.1,0.1,0.1,0.5,0.0,56863.0,0.11897015634067848,0.0,65535.0,0.08621347371633478,0.0,0.0,0.0,0.0,0.0,0.0,0.0,0.0,0.0,0.0
86583.12,0.26112775061689414,0.0,16352.0,37.0,0.24539999999875606,31.625,32.875,36.89000000000004,0.0,0.005,0.25,0.0,0.0,20.0,0.3,0.1,0.2,0.1,0.4,0.1,0.1,0.1,0.5,0.0,56923.0,0.11900286351738314,0.0,65535.0,0.0856946669718471,0.0,0.0,0.0,0.0,0.0,0.0,0.0,0.0,0.0,0.0
86643.16,0.23637740306454014,0.0,16352.0,37.0,0.27589999999875103,31.625,32.8125,36.77000000000004,0.0,0.0,0.0,0.0,0.0,20.0,0.3,0.1,0.2,0.1,0.4,0.1,0.1,0.1,0.5,0.0,55423.0,0.11884957508615557,0.0,65535.0,0.08413824673838408,0.0,0.0,0.0,0.0,0.0,0.0,0.0,0.0,0.0,0.0
86703.2,0.2213342932690266,0.0,16352.0,37.0,0.24439999999874873,31.5625,32.8125,36.73000000000002,0.0,0.0,0.0,0.0,0.0,20.0,0.3,0.1,0.2,0.1,0.4,0.1,0.1,0.1,0.5,0.0,55433.0,0.11875597568235527,0.0,65535.0,0.08393987945372701,0.0,0.0,0.0,0.0,0.0,0.0,0.0,0.0,0.0,0.0
86763.24,0.23648285115175433,0.0,16352.0,37.0,0.255299999998753,31.625,32.875,36.79000000000002,0.0,0.0,0.0,0.0,0.0,20.0,0.3,0.1,0.2,0.1,0.4,0.1,0.1,0.1,0.5,0.0,55571.0,0.11865901279444314,0.0,65535.0,0.08413824673838408,0.0,0.0,0.0,0.0,0.0,0.0,0.0,0.0,0.0,0.0
86823.29,0.2540447931782959,0.0,16352.0,37.0,0.23089999999874594,31.6875,32.875,36.89000000000004,0.0,0.0,0.0,0.0,0.0,20.0,0.3,0.1,0.2,0.1,0.4,0.1,0.1,0.1,0.5,0.0,55910.0,0.11799320336254696,0.0,65535.0,0.08389410238803692,0.0,0.0,0.0,0.0,0.0,0.0,0.0,0.0,0.0,0.0
86883.33,0.2351766131997325,0.0,16352.0,37.0,0.22619999999874937,31.6875,32.875,37.05000000000001,0.0,0.0,0.0,0.0,0.0,20.0,0.3,0.1,0.2,0.1,0.4,0.1,0.1,0.1,0.5,0.0,55551.0,0.1183777069719717,0.0,65535.0,0.08378728923476005,0.0,0.0,0.0,0.0,0.0,0.0,0.0,0.0,0.0,0.0
86943.38,0.23442542873267752,0.0,16352.0,37.0,0.24619999999874453,31.75,32.875,36.85000000000002,0.0,0.0,0.0,0.0,0.0,20.0,0.3,0.1,0.2,0.1,0.4,0.1,0.1,0.1,0.5,0.0,55676.0,0.11847115453696386,0.0,65535.0,0.08398565651941711,0.0,0.0,0.0,0.0,0.0,0.0,0.0,0.0,0.0,0.0
87003.42,0.22888634003033143,0.0,16352.0,37.0,0.2025999999987515,31.6875,32.875,37.01000000000005,0.0,0.0,0.0,0.0,0.0,20.0,0.3,0.1,0.2,0.1,0.4,0.1,0.1,0.1,0.5,0.0,55573.0,0.11856477066201213,0.0,65535.0,0.08386358434424353,0.0,0.0,0.0,0.0,0.0,0.0,0.0,0.0,0.0,0.0
87063.46,0.24076407670889247,0.0,16352.0,37.0,0.20429999999874568,31.6875,32.8125,37.03000000000003,0.0,0.0,0.0,0.0,0.0,20.0,0.3,0.1,0.2,0.1,0.4,0.1,0.1,0.1,0.5,0.0,55596.0,0.11864162889416505,0.0,65535.0,0.08390936140993362,0.0,0.0,0.0,0.0,0.0,0.0,0.0,0.0,0.0,0.0
87123.51,0.2242607835680006,0.0,16352.0,37.0,0.22659999999875038,31.6875,32.8125,37.03000000000003,0.0,0.0,0.0,0.0,0.0,20.0,0.3,0.1,0.2,0.1,0.4,0.1,0.1,0.1,0.5,0.0,55750.0,0.11788340807174888,0.0,65535.0,0.08433661402304113,0.0,0.0,0.0,0.0,0.0,0.0,0.0,0.0,0.0,0.0
87183.54,0.22142657290499512,0.0,16352.0,37.0,0.24309999999875043,31.6875,32.75,36.73000000000002,0.0,0.0,0.0,0.0,0.0,20.0,0.3,0.1,0.2,0.1,0.4,0.1,0.1,0.1,0.5,0.0,55664.0,0.11864041391204369,0.0,65535.0,0.08384832532234683,0.0,0.0,0.0,0.0,0.0,0.0,0.0,0.0,0.0,0.0
87243.58,0.24010466009204146,0.0,16352.0,37.0,0.24429999999875018,31.625,32.8125,36.93000000000001,0.0,0.0,0.0,0.0,0.0,20.0,0.3,0.1,0.2,0.1,0.4,0.1,0.1,0.1,0.5,0.0,55485.0,0.11848247274038028,0.0,65535.0,0.08375677119096665,0.0,0.0,0.0,0.0,0.0,0.0,0.0,0.0,0.0,0.0
87303.61,0.22636451563681012,0.0,16352.0,37.0,0.2083999999987385,31.75,32.875,37.01000000000005,0.0,0.0,0.0,0.0,0.0,20.0,0.3,0.1,0.2,0.1,0.4,0.1,0.1,0.1,0.5,0.0,55816.0,0.11804858821843199,0.0,65535.0,0.0840161745632105,0.0,0.0,0.0,0.0,0.0,0.0,0.0,0.0,0.0,0.0
87363.69,0.24458338624329118,0.0,16352.0,37.0,0.23629999999873813,31.6875,32.875,36.97000000000003,0.0,0.0,0.0,0.0,0.0,20.0,0.3,0.1,0.2,0.1,0.4,0.1,0.1,0.1,0.5,0.0,55314.0,0.11895722601872943,0.0,65535.0,0.08398565651941711,0.0,0.0,0.0,0.0,0.0,0.0,0.0,0.0,0.0,0.0
87423.77,0.23469853233346055,0.0,16352.0,37.0,0.24659999999874213,31.75,32.8125,36.85000000000002,0.0,0.0,0.0,0.0,0.0,20.0,0.3,0.1,0.2,0.1,0.4,0.1,0.1,0.1,0.5,0.0,56015.0,0.11775417298937785,0.0,65535.0,0.08432135500114443,0.0,0.0,0.0,0.0,0.0,0.0,0.0,0.0,0.0,0.0
87483.83,0.24478608059401885,0.0,16352.0,37.0,0.21689999999873988,31.6875,32.875,36.950000000000045,0.0,0.0,0.0,0.0,0.0,20.0,0.3,0.1,0.2,0.1,0.4,0.1,0.1,0.1,0.5,0.0,55686.0,0.11832417483748159,0.0,65535.0,0.08348210879682612,0.0,0.0,0.0,0.0,0.0,0.0,0.0,0.0,0.0,0.0
87543.9,0.23875443991857248,0.0,16352.0,37.0,0.24009999999874462,31.625,32.8125,36.950000000000045,0.0,0.0,0.0,0.0,0.0,20.0,0.3,0.1,0.2,0.1,0.4,0.1,0.1,0.1,0.5,0.0,55887.0,0.11807754934063378,0.0,65535.0,0.08384832532234683,0.0,0.0,0.0,0.0,0.0,0.0,0.0,0.0,0.0,0.0
87603.94,0.23394185545012014,0.0,16352.0,37.0,0.2365999999987336,31.625,32.8125,36.89000000000004,0.0,0.0,0.0,0.0,0.0,20.0,0.3,0.1,0.2,0.1,0.4,0.1,0.1,0.1,0.5,0.0,55791.0,0.11867505511641663,0.0,65535.0,0.0840314335851072,0.0,0.0,0.0,0.0,0.0,0.0,0.0,0.0,0.0,0.0
87663.98,0.24637464828873523,0.0,16352.0,37.0,0.19979999999873607,31.75,32.8125,37.03000000000003,0.0,0.0,0.0,0.0,0.0,20.0,0.3,0.1,0.2,0.1,0.4,0.1,0.1,0.1,0.5,0.0,55646.0,0.11851705423570427,0.0,65535.0,0.08369573510337987,0.0,0.0,0.0,0.0,0.0,0.0,0.0,0.0,0.0,0.0
87724.01,0.26037217101180765,0.0,16352.0,37.0,0.24159999999874154,31.6875,32.875,36.93000000000001,0.0,0.0,0.0,0.0,0.0,20.0,0.3,0.1,0.2,0.1,0.4,0.1,0.1,0.1,0.5,0.0,55839.0,0.1186267662386504,0.0,65535.0,0.08407721065079729,0.0,0.0,0.0,0.0,0.0,0.0,0.0,0.0,0.0,0.0
87784.06,0.23810626655248626,0.0,16352.0,37.0,0.2589999999987416,31.6875,32.8125,37.01000000000005,0.0,0.0,0.0,0.0,0.0,20.0,0.3,0.1,0.2,0.1,0.4,0.1,0.1,0.1,0.5,0.0,55957.0,0.11846596493736261,0.0,65535.0,0.08390936140993362,0.0,0.0,0.0,0.0,0.0,0.0,0.0,0.0,0.0,0.0
87844.1,0.24142629576661337,0.0,16352.0,37.0,0.2498999999987357,31.6875,32.875,36.85000000000002,0.0,0.0,0.0,0.0,0.0,20.0,0.3,0.1,0.2,0.1,0.4,0.1,0.1,0.1,0.5,0.0,55994.0,0.11799478515555238,0.0,65535.0,0.08424505989166095,0.0,0.0,0.0,0.0,0.0,0.0,0.0,0.0,0.0,0.0
87904.14,0.23264261657745317,0.0,16352.0,37.0,0.22489999999872914,31.6875,32.875,37.110000000000014,0.0,0.0,0.0,0.0,0.0,20.0,0.3,0.1,0.2,0.1,0.4,0.1,0.1,0.1,0.5,0.0,55855.0,0.11855697788917734,0.0,65535.0,0.08389410238803692,0.0,0.0,0.0,0.0,0.0,0.0,0.0,0.0,0.0,0.0
87964.19,0.26406780994667556,0.0,16352.0,37.0,0.225199999998728,31.75,32.8125,37.05000000000001,0.0,0.0,0.0,0.0,0.0,20.0,0.3,0.1,0.2,0.1,0.4,0.1,0.1,0.1,0.5,0.0,56106.0,0.11809788614408441,0.0,65535.0,0.08413824673838408,0.0,0.0,0.0,0.0,0.0,0.0,0.0,0.0,0.0,0.0
88024.25,0.23761570885889444,0.0,16352.0,37.0,0.19509999999873606,31.75,32.8125,37.25000000000006,0.0,0.0,0.0,0.0,0.0,20.0,0.3,0.1,0.2,0.1,0.4,0.1,0.1,0.1,0.5,0.0,55704.0,0.11855522045095505,0.0,65535.0,0.0840161745632105,0.0,0.0,0.0,0.0,0.0,0.0,0.0,0.0,0.0,0.0
88084.33,0.25362287568324193,0.0,16352.0,37.0,0.21539999999873097,31.75,32.875,36.870000000000005,0.0,0.0,0.0,0.0,0.0,20.0,0.3,0.1,0.2,0.1,0.4,0.1,0.1,0.1,0.5,0.0,55673.0,0.11869308282291237,0.0,65535.0,0.0839703974975204,0.0,0.0,0.0,0.0,0.0,0.0,0.0,0.0,0.0,0.0
88144.38,0.23830159665396916,0.0,16352.0,37.0,0.23809999999872622,31.6875,32.875,37.05000000000001,0.0,0.0,0.0,0.0,0.0,20.0,0.3,0.1,0.2,0.1,0.4,0.1,0.1,0.1,0.5,0.0,55559.0,0.11927860472650696,0.0,65535.0,0.08429083695735104,0.0,0.0,0.0,0.0,0.0,0.0,0.0,0.0,0.0,0.0
88204.42,0.22867226390911727,0.0,16352.0,37.0,0.24219999999873498,31.6875,32.875,36.950000000000045,0.0,0.0,0.0,0.0,0.0,20.0,0.3,0.1,0.2,0.1,0.4,0.1,0.1,0.1,0.5,0.0,55940.0,0.1180550589917769,0.0,65535.0,0.08398565651941711,0.0,0.0,0.0,0.0,0.0,0.0,0.0,0.0,0.0,0.0
88264.46,0.24362682406756003,0.0,16352.0,37.0,0.2003999999987278,31.6875,32.875,37.01000000000005,0.0,0.0,0.0,0.0,0.0,20.0,0.3,0.1,0.2,0.1,0.4,0.1,0.1,0.1,0.5,0.0,55528.0,0.1188949719060654,0.0,65535.0,0.0840314335851072,0.0,0.0,0.0,0.0,0.0,0.0,0.0,0.0,0.0,0.0
88324.5,0.2527550081112941,0.0,16352.0,37.0,0.20389999999872205,31.6875,32.875,36.950000000000045,0.0,0.0,0.0,0.0,0.0,20.0,0.3,0.1,0.2,0.1,0.4,0.1,0.1,0.1,0.5,0.0,55720.0,0.1187724335965542,0.0,65535.0,0.0840619516289006,0.0,0.0,0.0,0.0,0.0,0.0,0.0,0.0,0.0,0.0
88384.58,0.2631837039217252,0.0,16352.0,37.0,0.25839999999873275,31.6875,32.875,36.870000000000005,0.0,0.0,0.0,0.0,0.0,20.0,0.3,0.1,0.2,0.1,0.4,0.1,0.1,0.1,0.5,0.0,55621.0,0.11867819708383524,0.0,65535.0,0.08386358434424353,0.0,0.0,0.0,0.0,0.0,0.0,0.0,0.0,0.0,0.0
88444.64,0.25947129587605033,0.0,16352.0,37.0,0.2486999999987265,31.75,32.875,36.97000000000003,0.0,0.0,0.0,0.0,0.0,20.0,0.3,0.1,0.2,0.1,0.4,0.1,0.1,0.1,0.5,0.0,55847.0,0.11826955789926048,0.0,65535.0,0.08393987945372701,0.0,0.0,0.0,0.0,0.0,0.0,0.0,0.0,0.0,0.0
88504.71,0.25884334932582753,0.0,16352.0,37.0,0.19749999999872872,31.75,32.875,36.870000000000005,0.0,0.0,0.0,0.0,0.0,20.0,0.3,0.1,0.2,0.1,0.4,0.1,0.1,0.1,0.5,0.0,55701.0,0.11883090070196227,0.0,65535.0,0.0840466926070039,0.0,0.0,0.0,0.0,0.0,0.0,0.0,0.0,0.0,0.0
88564.79,0.24038859938519763,0.0,16352.0,37.0,0.16359999999872685,31.75,32.875,36.85000000000002,0.0,0.0,0.0,0.0,0.0,20.0,0.3,0.1,0.2,0.1,0.4,0.1,0.1,0.1,0.5,0.0,55718.0,0.11906385728130946,0.0,65535.0,0.08412298771648738,0.0,0.0,0.0,0.0,0.0,0.0,0.0,0.0,0.0,0.0
88624.84,0.24466250870292988,0.0,16352.0,37.0,0.2229999999987288,31.625,32.9375,36.85000000000002,0.0,0.0,0.0,0.0,0.0,20.0,0.3,0.1,0.2,0.1,0.4,0.1,0.1,0.1,0.5,0.0,56914.0,0.11687809677759427,0.0,65535.0,0.08441290913252461,0.0,0.0,0.0,0.0,0.0,0.0,0.0,0.0,0.0,0.0
88684.88,0.22055585045844686,0.0,16352.0,37.0,0.24479999999872404,31.625,32.8125,36.97000000000003,0.0,0.0,0.0,0.0,0.0,20.0,0.3,0.1,0.2,0.1,0.4,0.1,0.1,0.1,0.5,0.0,55870.0,0.11841775550384821,0.0,65535.0,0.08410772869459068,0.0,0.0,0.0,0.0,0.0,0.0,0.0,0.0,0.0,0.0
88744.92,0.22763584726884112,0.0,16352.0,37.0,0.25629999999872866,31.625,32.9375,36.870000000000005,0.0,0.0,0.0,0.0,0.0,20.0,0.3,0.1,0.2,0.1,0.4,0.1,0.1,0.1,0.5,0.0,56013.0,0.11843679145912556,0.0,65535.0,0.08416876478217747,0.0,0.0,0.0,0.0,0.0,0.0,0.0,0.0,0.0,0.0
88804.97,0.24617383607501428,0.0,16352.0,37.0,0.22189999999871643,31.625,32.875,36.870000000000005,0.0,0.0,0.0,0.0,0.0,20.0,0.3,0.1,0.2,0.1,0.4,0.1,0.1,0.1,0.5,0.0,55907.0,0.11867923515838803,0.0,65535.0,0.08451972228580149,0.0,0.0,0.0,0.0,0.0,0.0,0.0,0.0,0.0,0.0
88865.01,0.2504304965643811,0.0,16352.0,37.0,0.25719999999872695,31.75,32.875,36.81,0.0,0.0,0.0,0.0,0.0,20.0,0.3,0.1,0.2,0.1,0.4,0.1,0.1,0.1,0.5,0.0,56272.0,0.118104918965027,0.0,65535.0,0.08439765011062791,0.0,0.0,0.0,0.0,0.0,0.0,0.0,0.0,0.0,0.0
88925.08,0.2461395467983907,0.0,16352.0,37.0,0.17799999999872365,31.75,32.875,37.110000000000014,0.0,0.0,0.0,0.0,0.0,20.0,0.3,0.1,0.2,0.1,0.4,0.1,0.1,0.1,0.5,0.0,55758.0,0.11921159295527099,0.0,65535.0,0.08412298771648738,0.0,0.0,0.0,0.0,0.0,0.0,0.0,0.0,0.0,0.0
88985.14,0.25695099984114855,0.0,16352.0,37.0,0.19619999999871873,31.6875,32.875,37.03000000000003,0.0,0.0,0.0,0.0,0.0,20.0,0.3,0.1,0.2,0.1,0.4,0.1,0.1,0.1,0.5,0.0,56062.0,0.11860083479005387,0.0,65535.0,0.08450446326390479,0.0,0.0,0.0,0.0,0.0,0.0,0.0,0.0,0.0,0.0
89045.2,0.24053542560044455,0.0,16352.0,37.0,0.24509999999871945,31.6875,32.875,36.85000000000002,0.0,0.0,0.0,0.0,0.0,20.0,0.3,0.1,0.2,0.1,0.4,0.1,0.1,0.1,0.5,0.0,55735.0,0.11899165694805777,0.0,65535.0,0.08415350576028077,0.0,0.0,0.0,0.0,0.0,0.0,0.0,0.0,0.0,0.0
89105.28,0.2633819316965473,0.0,16352.0,37.0,0.24039999999872372,31.6875,32.875,36.870000000000005,0.0,0.0,0.0,0.0,0.0,20.0,0.3,0.1,0.2,0.1,0.4,0.1,0.1,0.1,0.5,0.0,55909.0,0.11878230696310076,0.0,65535.0,0.08407721065079729,0.0,0.0,0.0,0.0,0.0,0.0,0.0,0.0,0.0,0.0
89165.35,0.23595478400286962,0.0,16352.0,37.0,0.25869999999872384,31.625,32.9375,36.81,0.0,0.0,0.0,0.0,0.0,20.0,0.3,0.1,0.2,0.1,0.4,0.1,0.1,0.1,0.5,0.0,56106.0,0.11872170534345702,0.0,65535.0,0.08412298771648738,0.0,0.0,0.0,0.0,0.0,0.0,0.0,0.0,0.0,0.0
89225.43,0.254040153293919,0.0,16352.0,37.0,0.22719999999872234,31.6875,32.875,36.93000000000001,0.0,0.0,0.0,0.0,0.0,20.0,0.3,0.1,0.2,0.1,0.4,0.1,0.1,0.1,0.5,0.0,55987.0,0.11870612820833408,0.0,65535.0,0.08409246967269399,0.0,0.0,0.0,0.0,0.0,0.0,0.0,0.0,0.0,0.0
89285.5,0.24729741782185374,0.0,16352.0,37.0,0.2462999999987175,31.75,32.8125,36.85000000000002,0.0,0.0,0.0,0.0,0.0,20.0,0.3,0.1,0.2,0.1,0.4,0.1,0.1,0.1,0.5,0.0,56408.0,0.11790880726138137,0.0,65535.0,0.08413824673838408,0.0,0.0,0.0,0.0,0.0,0.0,0.0,0.0,0.0,0.0
89345.58,0.25149573643136114,0.0,16352.0,37.0,0.19599999999871975,31.6875,32.9375,37.05000000000001,0.0,0.0,0.0,0.0,0.0,20.0,0.3,0.1,0.2,0.1,0.4,0.1,0.1,0.1,0.5,0.0,55712.0,0.11898693279724297,0.0,65535.0,0.08416876478217747,0.0,0.0,0.0,0.0,0.0,0.0,0.0,0.0,0.0,0.0
89405.65,0.24953903505824426,0.0,16352.0,37.0,0.19919999999871427,31.75,32.9375,37.03000000000003,0.0,0.0,0.0,0.0,0.0,20.0,0.3,0.1,0.2,0.1,0.4,0.1,0.1,0.1,0.5,0.0,55727.0,0.1190625729000305,0.0,65535.0,0.08465705348287175,0.0,0.0,0.0,0.0,0.0,0.0,0.0,0.0,0.0,0.0
89465.73,0.23313151093194157,0.0,16352.0,37.0,0.2117999999987136,31.6875,32.875,36.97000000000003,0.0,0.0,0.0,0.0,0.0,20.0,0.3,0.1,0.2,0.1,0.4,0.1,0.1,0.1,0.5,0.0,56108.0,0.1184857774292436,0.0,65535.0,0.08432135500114443,0.0,0.0,0.0,0.0,0.0,0.0,0.0,0.0,0.0,0.0
89525.8,0.2554653967054463,0.0,16352.0,37.0,0.25569999999871973,31.6875,32.875,36.81,0.0,0.0,0.0,0.0,0.0,20.0,0.3,0.1,0.2,0.1,0.4,0.1,0.1,0.1,0.5,0.0,55861.0,0.11900968475322676,0.0,65535.0,0.08383306630045013,0.0,0.0,0.0,0.0,0.0,0.0,0.0,0.0,0.0,0.0
89585.87,0.2538821559275628,0.0,16352.0,37.0,0.23599999999870833,31.625,32.9375,36.89000000000004,0.0,0.0,0.0,0.0,0.0,20.0,0.3,0.1,0.2,0.1,0.4,0.1,0.1,0.1,0.5,0.0,56275.0,0.11831186139493559,0.0,65535.0,0.08416876478217747,0.0,0.0,0.0,0.0,0.0,0.0,0.0,0.0,0.0,0.0
89645.95,0.23178097121826768,0.0,16352.0,37.0,0.22449999999871706,31.75,32.9375,36.93000000000001,0.0,0.0,0.0,0.0,0.0,20.0,0.3,0.1,0.2,0.1,0.4,0.1,0.1,0.1,0.5,0.0,56174.0,0.11841777334710009,0.0,65535.0,0.08410772869459068,0.0,0.0,0.0,0.0,0.0,0.0,0.0,0.0,0.0,0.0
89706.02,0.23814299934318936,0.0,16352.0,37.0,0.26189999999871316,31.6875,32.875,36.79000000000002,0.0,0.0,0.0,0.0,0.0,20.0,0.3,0.1,0.2,0.1,0.4,0.1,0.1,0.1,0.5,0.0,55894.0,0.11922567717465202,0.0,65535.0,0.08409246967269399,0.0,0.0,0.0,0.0,0.0,0.0,0.0,0.0,0.0,0.0
89766.09,0.24867229238046337,0.0,16352.0,37.0,0.18179999999870897,31.75,32.875,37.09000000000003,0.0,0.0,0.0,0.0,0.0,20.0,0.3,0.1,0.2,0.1,0.4,0.1,0.1,0.1,0.5,0.0,56020.0,0.1188325598000714,0.0,65535.0,0.08436713206683452,0.0,0.0,0.0,0.0,0.0,0.0,0.0,0.0,0.0,0.0
89826.17,0.2562454421285609,0.0,16352.0,37.0,0.1996999999987035,31.6875,32.875,37.01000000000005,0.0,0.0,0.0,0.0,0.0,20.0,0.3,0.1,0.2,0.1,0.4,0.1,0.1,0.1,0.5,0.0,56275.0,0.11884495779653487,0.0,65535.0,0.08407721065079729,0.0,0.0,0.0,0.0,0.0,0.0,0.0,0.0,0.0,0.0
89886.24,0.2781544420597084,0.0,16352.0,37.0,0.2600999999987097,31.6875,32.9375,36.79000000000002,0.0,0.0,0.0,0.0,0.0,20.0,0.3,0.1,0.2,0.1,0.4,0.1,0.1,0.1,0.5,0.0,55955.0,0.11950674649271736,0.0,65535.0,0.08462653543907836,0.0,0.0,0.0,0.0,0.0,0.0,0.0,0.0,0.0,0.0
89946.32,0.25342149261650837,0.0,16352.0,37.0,0.22479999999871247,31.6875,32.875,36.93000000000001,0.0,0.0,0.0,0.0,0.0,20.0,0.3,0.1,0.2,0.1,0.4,0.1,0.1,0.1,0.5,0.0,56012.0,0.11911733200028565,0.0,65535.0,0.08461127641718166,0.0,0.0,0.0,0.0,0.0,0.0,0.0,0.0,0.0,0.0
90006.39,0.23276203754556546,0.0,16352.0,37.0,0.2203999999987014,31.6875,32.875,36.950000000000045,0.0,0.0,0.0,0.0,0.0,20.0,0.3,0.1,0.2,0.1,0.4,0.1,0.1,0.1,0.5,0.0,56022.0,0.11902466888008283,0.0,65535.0,0.0840619516289006,0.0,0.0,0.0,0.0,0.0,0.0,0.0,0.0,0.0,0.0
90066.47,0.24548759763025157,0.0,16352.0,37.0,0.2553999999987113,31.6875,32.9375,36.81,0.0,0.0,0.0,0.0,0.0,20.0,0.3,0.1,0.2,0.1,0.4,0.1,0.1,0.1,0.5,0.0,55989.0,0.11916626480201468,0.0,65535.0,0.08438239108873122,0.0,0.0,0.0,0.0,0.0,0.0,0.0,0.0,0.0,0.0
90126.54,0.22976243378503328,0.0,16352.0,37.0,0.2203999999986997,31.6875,32.9375,36.950000000000045,0.0,0.0,0.0,0.0,0.0,20.0,0.3,0.1,0.2,0.1,0.4,0.1,0.1,0.1,0.5,0.0,55834.0,0.11951499086578071,0.0,65535.0,0.08448920424200809,0.0,0.0,0.0,0.0,0.0,0.0,0.0,0.0,0.0,0.0
90186.61,0.26314055943076675,0.0,16352.0,37.0,0.21539999999870338,31.6875,32.875,36.97000000000003,0.0,0.0,0.0,0.0,0.0,20.0,0.3,0.1,0.2,0.1,0.4,0.1,0.1,0.1,0.5,0.0,55514.0,0.12014987210433405,0.0,65535.0,0.08413824673838408,0.0,0.0,0.0,0.0,0.0,0.0,0.0,0.0,0.0,0.0
90246.69,0.2356045123920255,0.0,16352.0,37.0,0.19179999999870637,31.75,32.9375,37.05000000000001,0.0,0.0,0.0,0.0,0.0,20.0,0.3,0.1,0.2,0.1,0.4,0.1,0.1,0.1,0.5,0.0,56239.0,0.11900993972154554,0.0,65535.0,0.08482490272373541,0.0,0.0,0.0,0.0,0.0,0.0,0.0,0.0,0.0,0.0
90306.76,0.25347909320632445,0.0,16352.0,37.0,0.24359999999870274,31.75,32.875,36.85000000000002,0.0,0.0,0.0,0.0,0.0,20.0,0.3,0.1,0.2,0.1,0.4,0.1,0.1,0.1,0.5,0.0,56104.0,0.11902894624269214,0.0,65535.0,0.08432135500114443,0.0,0.0,0.0,0.0,0.0,0.0,0.0,0.0,0.0,0.0
90366.84,0.23641583687339196,0.0,16352.0,37.0,0.22689999999870628,31.6875,32.875,36.93000000000001,0.0,0.0,0.0,0.0,0.0,20.0,0.3,0.1,0.2,0.1,0.4,0.1,0.1,0.1,0.5,0.0,55843.0,0.11947782175026413,0.0,65535.0,0.08432135500114443,0.0,0.0,0.0,0.0,0.0,0.0,0.0,0.0,0.0,0.0
90426.91,0.22578198225874627,0.0,16352.0,37.0,0.24099999999870594,31.75,32.875,36.870000000000005,0.0,0.0,0.0,0.0,0.0,20.0,0.3,0.1,0.2,0.1,0.4,0.1,0.1,0.1,0.5,0.0,55954.0,0.11938377953318798,0.0,65535.0,0.08426031891355765,0.0,0.0,0.0,0.0,0.0,0.0,0.0,0.0,0.0,0.0
90486.98,0.24240451444473368,0.0,16352.0,37.0,0.19679999999869838,31.6875,32.9375,37.03000000000003,0.0,0.0,0.0,0.0,0.0,20.0,0.3,0.1,0.2,0.1,0.4,0.1,0.1,0.1,0.5,0.0,55896.0,0.11952554744525548,0.0,65535.0,0.08429083695735104,0.0,0.0,0.0,0.0,0.0,0.0,0.0,0.0,0.0,0.0
90547.06,0.22871349379603634,0.0,16352.0,37.0,0.2403999999987039,31.6875,32.9375,36.870000000000005,0.0,0.0,0.0,0.0,0.0,20.0,0.3,0.1,0.2,0.1,0.4,0.1,0.1,0.1,0.5,0.0,55732.0,0.1199490418431063,0.0,65535.0,0.0840466926070039,0.0,0.0,0.0,0.0,0.0,0.0,0.0,0.0,0.0,0.0
90607.13,0.24406367521817657,0.0,16352.0,37.0,0.23859999999870296,31.6875,32.875,36.870000000000005,0.0,0.0,0.0,0.0,0.0,20.0,0.3,0.1,0.2,0.1,0.4,0.1,0.1,0.1,0.5,0.0,56269.0,0.11898203273560931,0.0,65535.0,0.08441290913252461,0.0,0.0,0.0,0.0,0.0,0.0,0.0,0.0,0.0,0.0
90667.21,0.23118428295062646,0.0,16352.0,37.0,0.2161999999986915,31.6875,32.9375,36.950000000000045,0.0,0.0,0.0,0.0,0.0,20.0,0.3,0.1,0.2,0.1,0.4,0.1,0.1,0.1,0.5,0.0,56203.0,0.11935305944522534,0.0,65535.0,0.08465705348287175,0.0,0.0,0.0,0.0,0.0,0.0,0.0,0.0,0.0,0.0
90727.27,0.24360811154714274,0.0,16352.0,37.0,0.2173999999986904,31.75,32.875,36.950000000000045,0.0,0.0,0.0,0.0,0.0,20.0,0.3,0.1,0.2,0.1,0.4,0.1,0.1,0.1,0.5,0.0,56059.0,0.11923152393014502,0.0,65535.0,0.08433661402304113,0.0,0.0,0.0,0.0,0.0,0.0,0.0,0.0,0.0,0.0
90787.35,0.23413027878605278,0.0,16352.0,37.0,0.2099999999986937,31.6875,32.875,36.97000000000003,0.0,0.0,0.0,0.0,0.0,20.0,0.3,0.1,0.2,0.1,0.4,0.1,0.1,0.1,0.5,0.0,55762.0,0.12004590940066712,0.0,65535.0,0.08426031891355765,0.0,0.0,0.0,0.0,0.0,0.0,0.0,0.0,0.0,0.0
90847.42,0.25549127692312346,0.0,16352.0,37.0,0.2367999999986986,31.625,32.9375,36.870000000000005,0.0,0.0,0.0,0.0,0.0,20.0,0.3,0.1,0.2,0.1,0.4,0.1,0.1,0.1,0.5,0.0,56167.0,0.11937614613563124,0.0,65535.0,0.08439765011062791,0.0,0.0,0.0,0.0,0.0,0.0,0.0,0.0,0.0,0.0
90907.5,0.24264379870616823,0.0,16352.0,37.0,0.25739999999869406,31.6875,32.9375,36.79000000000002,0.0,0.0,0.0,0.0,0.0,20.0,0.3,0.1,0.2,0.1,0.4,0.1,0.1,0.1,0.5,0.0,55648.0,0.12021995399654974,0.0,65535.0,0.08459601739528497,0.0,0.0,0.0,0.0,0.0,0.0,0.0,0.0,0.0,0.0
90967.57,0.2475447246921112,0.0,16352.0,37.0,0.2559999999986979,31.75,32.9375,36.81,0.0,0.0,0.0,0.0,0.0,20.0,0.3,0.1,0.2,0.1,0.4,0.1,0.1,0.1,0.5,0.0,55942.0,0.1197490257766973,0.0,65535.0,0.08462653543907836,0.0,0.0,0.0,0.0,0.0,0.0,0.0,0.0,0.0,0.0
91027.64,0.23474046436047194,0.0,16352.0,37.0,0.22009999999868618,31.6875,32.9375,36.950000000000045,0.0,0.0,0.0,0.0,0.0,20.0,0.3,0.1,0.2,0.1,0.4,0.1,0.1,0.1,0.5,0.0,56123.0,0.11916682999839638,0.0,65535.0,0.08451972228580149,0.0,0.0,0.0,0.0,0.0,0.0,0.0,0.0,0.0,0.0
91087.71,0.25367487744649886,0.0,16352.0,37.0,0.1979999999986895,31.6875,32.9375,37.03000000000003,0.0,0.0,0.0,0.0,0.0,20.0,0.3,0.1,0.2,0.1,0.4,0.1,0.1,0.1,0.5,0.0,55867.0,0.11964129092308519,0.0,65535.0,0.08419928282597086,0.0,0.0,0.0,0.0,0.0,0.0,0.0,0.0,0.0,0.0
91147.79,0.2594930966397501,0.0,16352.0,37.0,0.25689999999869617,31.75,32.9375,36.81,0.0,0.0,0.0,0.0,0.0,20.0,0.3,0.1,0.2,0.1,0.4,0.1,0.1,0.1,0.5,0.0,55734.0,0.12007033408691284,0.0,65535.0,0.08458075837338827,0.0,0.0,0.0,0.0,0.0,0.0,0.0,0.0,0.0,0.0
91207.87,0.23927578543285868,0.0,16352.0,37.0,0.1997999999986887,31.75,32.875,37.03000000000003,0.0,0.0,0.0,0.0,0.0,20.0,0.3,0.1,0.2,0.1,0.4,0.1,0.1,0.1,0.5,0.0,56141.0,0.11918205945743753,0.0,65535.0,0.08453498130769818,0.0,0.0,0.0,0.0,0.0,0.0,0.0,0.0,0.0,0.0
91267.94,0.24916656224246966,0.0,16352.0,37.0,0.2432999999986892,31.6875,32.875,36.85000000000002,0.0,0.0,0.0,0.0,0.0,20.0,0.3,0.1,0.2,0.1,0.4,0.1,0.1,0.1,0.5,0.0,56083.0,0.11916266961467825,0.0,65535.0,0.08438239108873122,0.0,0.0,0.0,0.0,0.0,0.0,0.0,0.0,0.0,0.0
91328.02,0.25455039239908794,0.0,16352.0,37.0,0.15169999999867956,31.75,32.875,37.190000000000055,0.0,0.0,0.0,0.0,0.0,20.0,0.3,0.1,0.2,0.1,0.4,0.1,0.1,0.1,0.5,0.0,55934.0,0.11983766582043122,0.0,65535.0,0.08482490272373541,0.0,0.0,0.0,0.0,0.0,0.0,0.0,0.0,0.0,0.0
91388.09,0.2637656008687491,0.0,16352.0,37.0,0.27969999999867856,31.6875,32.9375,36.690000000000055,0.0,0.0,0.0,0.0,0.0,20.0,0.3,0.1,0.2,0.1,0.4,0.1,0.1,0.1,0.5,0.0,55792.0,0.12005305420131919,0.0,65535.0,0.08441290913252461,0.0,0.0,0.0,0.0,0.0,0.0,0.0,0.0,0.0,0.0
91448.16,0.23040201372798078,0.0,16352.0,37.0,0.2782999999986824,31.6875,32.8125,36.710000000000036,0.0,0.0,0.0,0.0,0.0,20.0,0.3,0.1,0.2,0.1,0.4,0.1,0.1,0.1,0.5,0.0,56389.0,0.11904804128464772,0.0,65535.0,0.08458075837338827,0.0,0.0,0.0,0.0,0.0,0.0,0.0,0.0,0.0,0.0
91508.23,0.263327246924593,0.0,16352.0,37.0,0.21209999999868404,31.6875,32.9375,36.97000000000003,0.0,0.0,0.0,0.0,0.0,20.0,0.3,0.1,0.2,0.1,0.4,0.1,0.1,0.1,0.5,0.0,56029.0,0.11945599600207035,0.0,65535.0,0.08453498130769818,0.0,0.0,0.0,0.0,0.0,0.0,0.0,0.0,0.0,0.0
91568.31,0.24118961542181977,0.0,16352.0,37.0,0.19999999999867743,31.75,32.875,37.01000000000005,0.0,0.0,0.0,0.0,0.0,20.0,0.3,0.1,0.2,0.1,0.4,0.1,0.1,0.1,0.5,0.0,55923.0,0.11982547431289452,0.0,65535.0,0.0844739452201114,0.0,0.0,0.0,0.0,0.0,0.0,0.0,0.0,0.0,0.0
91628.38,0.22764357329092041,0.0,16352.0,37.0,0.2535999999986881,31.625,32.875,36.81,0.0,0.0,0.0,0.0,0.0,20.0,0.3,0.1,0.2,0.1,0.4,0.1,0.1,0.1,0.5,0.0,55777.0,0.12021083959338079,0.0,65535.0,0.08435187304493783,0.0,0.0,0.0,0.0,0.0,0.0,0.0,0.0,0.0,0.0
91688.45,0.24110153593470507,0.0,16352.0,37.0,0.2535999999986872,31.6875,32.9375,36.81,0.0,0.0,0.0,0.0,0.0,20.0,0.3,0.1,0.2,0.1,0.4,0.1,0.1,0.1,0.5,0.0,56103.0,0.11983316400192504,0.0,65535.0,0.08453498130769818,0.0,0.0,0.0,0.0,0.0,0.0,0.0,0.0,0.0,0.0
91748.52,0.2607539849068522,0.0,16352.0,37.0,0.20209999999867465,31.6875,32.875,37.01000000000005,0.0,0.0,0.0,0.0,0.0,20.0,0.3,0.1,0.2,0.1,0.4,0.1,0.1,0.1,0.5,0.0,55774.0,0.12037867106537097,0.0,65535.0,0.08484016174563211,0.0,0.0,0.0,0.0,0.0,0.0,0.0,0.0,0.0,0.0
91808.6,0.22879783527822992,0.0,16352.0,37.0,0.23769999999868488,31.6875,32.875,36.870000000000005,0.0,0.0,0.0,0.0,0.0,20.0,0.3,0.1,0.2,0.1,0.4,0.1,0.1,0.1,0.5,0.0,56361.0,0.11940881105729138,0.0,65535.0,0.08448920424200809,0.0,0.0,0.0,0.0,0.0,0.0,0.0,0.0,0.0,0.0
91868.67,0.23747384660998316,0.0,16352.0,37.0,0.24689999999867993,31.625,32.875,36.85000000000002,0.0,0.0,0.0,0.0,0.0,20.0,0.3,0.1,0.2,0.1,0.4,0.1,0.1,0.1,0.5,0.0,55635.0,0.12076929990114137,0.0,65535.0,0.0844739452201114,0.0,0.0,0.0,0.0,0.0,0.0,0.0,0.0,0.0,0.0
91928.73,0.25260854017264367,0.0,16352.0,37.0,0.2359999999986739,31.6875,32.9375,36.89000000000004,0.0,0.0,0.0,0.0,0.0,20.0,0.3,0.1,0.2,0.1,0.4,0.1,0.1,0.1,0.5,0.0,55682.0,0.12038001508566502,0.0,65535.0,0.08436713206683452,0.0,0.0,0.0,0.0,0.0,0.0,0.0,0.0,0.0,0.0
91988.77,0.23585304159622517,0.0,16352.0,37.0,0.19769999999867605,31.6875,32.9375,37.03000000000003,0.0,0.0,0.0,0.0,0.0,20.0,0.3,0.1,0.2,0.1,0.4,0.1,0.1,0.1,0.5,0.0,55955.0,0.12023947815208649,0.0,65535.0,0.08470283054856184,0.0,0.0,0.0,0.0,0.0,0.0,0.0,0.0,0.0,0.0
92048.84,0.2652021292529264,0.0,16352.0,37.0,0.25479999999868264,31.625,32.9375,36.81,0.0,0.0,0.0,0.0,0.0,20.0,0.3,0.1,0.2,0.1,0.4,0.1,0.1,0.1,0.5,0.0,56357.0,0.11961247050055894,0.0,65535.0,0.08491645685511559,0.0,0.0,0.0,0.0,0.0,0.0,0.0,0.0,0.0,0.0
92108.91,0.23628152794584167,0.0,16352.0,37.0,0.21769999999867035,31.6875,32.875,36.950000000000045,0.0,0.0,0.0,0.0,0.0,20.0,0.3,0.1,0.2,0.1,0.4,0.1,0.1,0.1,0.5,0.0,56055.0,0.12007849433592008,0.0,65535.0,0.08450446326390479,0.0,0.0,0.0,0.0,0.0,0.0,0.0,0.0,0.0,0.0
92168.95,0.2578298491164245,0.0,16352.0,37.0,0.22089999999867907,31.6875,32.8125,36.93000000000001,0.0,0.0,0.0,0.0,0.0,20.0,0.3,0.1,0.2,0.1,0.4,0.1,0.1,0.1,0.5,0.0,56358.0,0.1197168103907165,0.0,65535.0,0.08448920424200809,0.0,0.0,0.0,0.0,0.0,0.0,0.0,0.0,0.0,0.0
92228.99,0.2565230636800574,0.0,16352.0,37.0,0.23819999999867414,31.625,32.875,36.85000000000002,0.0,0.0,0.0,0.0,0.0,20.0,0.3,0.1,0.2,0.1,0.4,0.1,0.1,0.1,0.5,0.0,56165.0,0.12014599839757856,0.0,65535.0,0.08480964370183872,0.0,0.0,0.0,0.0,0.0,0.0,0.0,0.0,0.0,0.0
92289.03,0.22784246531516097,0.0,16352.0,37.0,0.2791999999986695,31.625,32.875,36.710000000000036,0.0,0.0,0.0,0.0,0.0,20.0,0.3,0.1,0.2,0.1,0.4,0.1,0.1,0.1,0.5,0.0,56548.0,0.11929688052627856,0.0,65535.0,0.08451972228580149,0.0,0.0,0.0,0.0,0.0,0.0,0.0,0.0,0.0,0.0
92349.11,0.26793352110616486,0.0,16352.0,37.0,0.23509999999866701,31.6875,32.875,36.89000000000004,0.0,0.0,0.0,0.0,0.0,20.0,0.3,0.1,0.2,0.1,0.4,0.1,0.1,0.1,0.5,0.0,55846.0,0.12020556530458762,0.0,65535.0,0.08462653543907836,0.0,0.0,0.0,0.0,0.0,0.0,0.0,0.0,0.0,0.0
92409.17,0.2313660308626878,0.0,16352.0,37.0,0.22299999999867545,31.75,32.875,36.93000000000001,0.0,0.0,0.0,0.0,0.0,20.0,0.3,0.1,0.2,0.1,0.4,0.1,0.1,0.1,0.5,0.0,55891.0,0.12046662253314487,0.0,65535.0,0.08461127641718166,0.0,0.0,0.0,0.0,0.0,0.0,0.0,0.0,0.0,0.0
92469.22,0.23108987236082967,0.0,16352.0,37.0,0.252699999998676,31.6875,32.875,36.81,0.0,0.0,0.0,0.0,0.0,20.0,0.3,0.1,0.2,0.1,0.4,0.1,0.1,0.1,0.5,0.0,56319.0,0.12006605230916742,0.0,65535.0,0.08459601739528497,0.0,0.0,0.0,0.0,0.0,0.0,0.0,0.0,0.0,0.0
92529.3,0.24330975570773106,0.0,16352.0,37.0,0.2547999999986758,31.6875,32.875,36.81,0.0,0.0,0.0,0.0,0.0,20.0,0.3,0.1,0.2,0.1,0.4,0.1,0.1,0.1,0.5,0.0,56710.0,0.11907952742020808,0.0,65535.0,0.08465705348287175,0.0,0.0,0.0,0.0,0.0,0.0,0.0,0.0,0.0,0.0
92589.38,0.26301397305232604,0.0,16352.0,37.0,0.27019999999866606,31.75,32.8125,36.77000000000004,0.0,0.0,0.0,0.0,0.0,20.0,0.3,0.1,0.2,0.1,0.4,0.1,0.1,0.1,0.5,0.0,56445.0,0.1197094516786252,0.0,65535.0,0.08468757152666515,0.0,0.0,0.0,0.0,0.0,0.0,0.0,0.0,0.0,0.0
92649.45,0.22955911031187753,0.0,16352.0,37.0,0.24639999999867435,31.6875,32.8125,36.870000000000005,0.0,0.0,0.0,0.0,0.0,20.0,0.3,0.1,0.2,0.1,0.4,0.1,0.1,0.1,0.5,0.0,56877.0,0.11887054521159696,0.0,65535.0,0.08474860761425193,0.0,0.0,0.0,0.0,0.0,0.0,0.0,0.0,0.0,0.0
92709.49,0.2641667882033718,0.0,16352.0,37.0,0.24839999999866913,31.75,32.875,36.85000000000002,0.0,0.0,0.0,0.0,0.0,20.0,0.3,0.1,0.2,0.1,0.4,0.1,0.1,0.1,0.5,0.0,56117.0,0.12008838676336939,0.0,65535.0,0.08516060120546273,0.0,0.0,0.0,0.0,0.0,0.0,0.0,0.0,0.0,0.0
92769.55,0.2507080781624564,0.0,16352.0,37.0,0.2280999999986725,31.75,32.9375,36.93000000000001,0.0,0.0,0.0,0.0,0.0,20.0,0.3,0.1,0.2,0.1,0.4,0.1,0.1,0.1,0.5,0.0,56109.0,0.12015897627831543,0.0,65535.0,0.08497749294270238,0.0,0.0,0.0,0.0,0.0,0.0,0.0,0.0,0.0,0.0
92829.6,0.23897554753918157,0.0,16352.0,37.0,0.2212999999986619,31.75,32.875,36.950000000000045,0.0,0.0,0.0,0.0,0.0,20.0,0.3,0.1,0.2,0.1,0.4,0.1,0.1,0.1,0.5,0.0,56973.0,0.11872290383163955,0.0,65535.0,0.08448920424200809,0.0,0.0,0.0,0.0,0.0,0.0,0.0,0.0,0.0,0.0
92889.64,0.26039647838234636,0.0,16352.0,37.0,0.20359999999866038,31.75,32.875,37.01000000000005,0.0,0.0,0.0,0.0,0.0,20.0,0.3,0.1,0.2,0.1,0.4,0.1,0.1,0.1,0.5,0.0,56116.0,0.12039347066790221,0.0,65535.0,0.08479438467994202,0.0,0.0,0.0,0.0,0.0,0.0,0.0,0.0,0.0,0.0
92949.68,0.23344104662616172,0.0,16352.0,37.0,0.23739999999867056,31.75,32.875,36.870000000000005,0.0,0.0,0.0,0.0,0.0,20.0,0.3,0.1,0.2,0.1,0.4,0.1,0.1,0.1,0.5,0.0,56148.0,0.12032485573840564,0.0,65535.0,0.08464179446097506,0.0,0.0,0.0,0.0,0.0,0.0,0.0,0.0,0.0,0.0
93009.73,0.23886755079934177,0.0,16352.0,37.0,0.26099999999866585,31.75,32.875,36.79000000000002,0.0,0.0,0.0,0.0,0.0,20.0,0.3,0.1,0.2,0.1,0.4,0.1,0.1,0.1,0.5,0.0,56370.0,0.120152563420259,0.0,65535.0,0.08459601739528497,0.0,0.0,0.0,0.0,0.0,0.0,0.0,0.0,0.0,0.0
93069.77,0.2297497183089363,0.0,16352.0,37.0,0.23569999999865873,31.75,32.9375,36.89000000000004,0.0,0.0,0.0,0.0,0.0,20.0,0.3,0.1,0.2,0.1,0.4,0.1,0.1,0.1,0.5,0.0,56389.0,0.11977513344801291,0.0,65535.0,0.08462653543907836,0.0,0.0,0.0,0.0,0.0,0.0,0.0,0.0,0.0,0.0
93129.85,0.252123745408211,0.0,16352.0,37.0,0.2233999999986574,31.75,32.875,36.950000000000045,0.0,0.0,0.0,0.0,0.0,20.0,0.3,0.1,0.2,0.1,0.4,0.1,0.1,0.1,0.5,0.0,56391.0,0.11994821868737919,0.0,65535.0,0.08438239108873122,0.0,0.0,0.0,0.0,0.0,0.0,0.0,0.0,0.0,0.0
93189.9,0.25869982474179587,0.0,16352.0,37.0,0.20659999999865591,31.6875,32.875,37.01000000000005,0.0,0.0,0.0,0.0,0.0,20.0,0.3,0.1,0.2,0.1,0.4,0.1,0.1,0.1,0.5,0.0,56781.0,0.11952942005248235,0.0,65535.0,0.084443427176318,0.0,0.0,0.0,0.0,0.0,0.0,0.0,0.0,0.0,0.0
93249.97,0.2393348937419963,0.0,16352.0,37.0,0.20189999999865932,31.6875,32.875,37.03000000000003,0.0,0.0,0.0,0.0,0.0,20.0,0.3,0.1,0.2,0.1,0.4,0.1,0.1,0.1,0.5,0.0,55848.0,0.1209533018192236,0.0,65535.0,0.08450446326390479,0.0,0.0,0.0,0.0,0.0,0.0,0.0,0.0,0.0,0.0
93310.05,0.2570681511855798,0.0,16352.0,37.0,0.19949999999865808,31.75,32.875,37.03000000000003,0.0,0.0,0.0,0.0,0.0,20.0,0.3,0.1,0.2,0.1,0.4,0.1,0.1,0.1,0.5,0.0,56160.0,0.12031695156695156,0.0,65535.0,0.08494697489890898,0.0,0.0,0.0,0.0,0.0,0.0,0.0,0.0,0.0,0.0
93370.13,0.25204646868311953,0.0,16352.0,37.0,0.15529999999865052,31.75,32.8125,37.190000000000055,0.0,0.0,0.0,0.0,0.0,20.0,0.3,0.1,0.2,0.1,0.4,0.1,0.1,0.1,0.5,0.0,56442.0,0.12022961624322313,0.0,65535.0,0.08468757152666515,0.0,0.0,0.0,0.0,0.0,0.0,0.0,0.0,0.0,0.0
93430.19,0.24082876222272986,0.0,16352.0,37.0,0.22939999999865246,31.625,32.875,36.89000000000004,0.0,0.0,0.0,0.0,0.0,20.0,0.3,0.1,0.2,0.1,0.4,0.1,0.1,0.1,0.5,0.0,55795.0,0.120960659557308,0.0,65535.0,0.08474860761425193,0.0,0.0,0.0,0.0,0.0,0.0,0.0,0.0,0.0,0.0
93490.25,0.235150844723646,0.0,16352.0,37.0,0.2508999999986622,31.6875,32.875,36.81,0.0,0.0,0.0,0.0,0.0,20.0,0.3,0.1,0.2,0.1,0.4,0.1,0.1,0.1,0.5,0.0,56385.0,0.11989004167775118,0.0,65535.0,0.08453498130769818,0.0,0.0,0.0,0.0,0.0,0.0,0.0,0.0,0.0,0.0
93550.28,0.2425771980293717,0.0,16352.0,37.0,0.19999999999864992,31.6875,32.875,37.01000000000005,0.0,0.0,0.0,0.0,0.0,20.0,0.3,0.1,0.2,0.1,0.4,0.1,0.1,0.1,0.5,0.0,56701.0,0.1196804289165976,0.0,65535.0,0.08496223392080568,0.0,0.0,0.0,0.0,0.0,0.0,0.0,0.0,0.0,0.0
93610.33,0.24538999677343443,0.0,16352.0,37.0,0.16519999999864718,31.625,32.875,37.13000000000005,0.0,0.0,0.0,0.0,0.0,20.0,0.3,0.1,0.2,0.1,0.4,0.1,0.1,0.1,0.5,0.0,56151.0,0.12062118216950722,0.0,65535.0,0.08479438467994202,0.0,0.0,0.0,0.0,0.0,0.0,0.0,0.0,0.0,0.0
93670.4,0.25073786152801236,0.0,16352.0,37.0,0.18444999999865724,31.625,32.9375,36.85000000000002,0.0,0.0,0.0,0.0,0.0,20.0,0.3,0.1,0.2,0.1,0.4,0.1,0.1,0.1,0.5,0.0,56466.0,0.12030248291006977,0.0,65535.0,0.08513008316166934,0.0,0.0,0.0,0.0,0.0,0.0,0.0,0.0,0.0,0.0
93730.47,0.26641794762956095,0.0,16352.0,37.0,0.23954999999865403,31.625,32.9375,36.650000000000034,0.0,0.0,0.0,0.0,0.0,20.0,0.3,0.1,0.2,0.1,0.4,0.1,0.1,0.1,0.5,0.0,56370.0,0.12047188220684761,0.0,65535.0,0.08464179446097506,0.0,0.0,0.0,0.0,0.0,0.0,0.0,0.0,0.0,0.0
93790.54,0.24674115731943902,0.0,16352.0,37.0,0.20254999999864676,31.6875,32.875,36.79000000000002,0.0,0.005,0.25,0.0,0.0,20.0,0.3,0.1,0.2,0.1,0.4,0.1,0.1,0.1,0.5,0.0,56326.0,0.12056599083904414,0.0,65535.0,0.08503852903028916,0.0,0.0,0.0,0.0,0.0,0.0,0.0,0.0,0.0,0.0
93850.59,0.2508283992965308,0.0,16352.0,37.0,0.30349999999864874,31.625,32.875,36.650000000000034,0.0,0.0,0.0,0.0,0.0,20.0,0.3,0.1,0.2,0.1,0.4,0.1,0.1,0.1,0.5,0.0,55365.0,0.11973268310304344,0.0,65535.0,0.0831464103150988,0.0,0.0,0.0,0.0,0.0,0.0,0.0,0.0,0.0,0.0
93910.63,0.2250029044664189,0.0,16352.0,37.0,0.2875499999986524,31.5625,32.875,36.81,0.0,0.0,0.0,0.0,0.0,20.0,0.3,0.1,0.2,0.1,0.4,0.1,0.1,0.1,0.5,0.0,55429.0,0.1195763950278735,0.0,65535.0,0.08305485618371862,0.0,0.0,0.0,0.0,0.0,0.0,0.0,0.0,0.0,0.0
93970.71,0.22061081020937837,0.0,16352.0,37.0,0.23494999999864424,31.6875,32.875,36.79000000000002,0.0,0.0,0.0,0.0,0.0,20.0,0.3,0.1,0.2,0.1,0.4,0.1,0.1,0.1,0.5,0.0,55768.0,0.11902883373977909,0.0,65535.0,0.08262760357061112,0.0,0.0,0.0,0.0,0.0,0.0,0.0,0.0,0.0,0.0
94030.76,0.2170536531425481,0.0,16352.0,37.0,0.17694999999865094,31.6875,32.875,37.03000000000003,0.0,0.0,0.0,0.0,0.0,20.0,0.3,0.1,0.2,0.1,0.4,0.1,0.1,0.1,0.5,0.0,55759.0,0.11879696551229398,0.0,65535.0,0.08281071183337148,0.0,0.0,0.0,0.0,0.0,0.0,0.0,0.0,0.0,0.0
94090.8,0.22501440695681799,0.0,16352.0,37.0,0.21634999999864182,31.625,32.8125,36.97000000000003,0.0,0.0,0.0,0.0,0.0,20.0,0.3,0.1,0.2,0.1,0.4,0.1,0.1,0.1,0.5,0.0,55265.0,0.11984076721252149,0.0,65535.0,0.08252079041733425,0.0,0.0,0.0,0.0,0.0,0.0,0.0,0.0,0.0,0.0
94150.84,0.23887525752629968,0.0,16352.0,37.0,0.20394999999865054,31.6875,32.875,36.870000000000005,0.0,0.0,0.0,0.0,0.0,20.0,0.3,0.1,0.2,0.1,0.4,0.1,0.1,0.1,0.5,0.0,55813.0,0.11909411785784674,0.0,65535.0,0.08265812161440451,0.0,0.0,0.0,0.0,0.0,0.0,0.0,0.0,0.0,0.0
94210.92,0.23265086887624736,0.0,16352.0,37.0,0.18154999999863908,31.6875,32.9375,36.81,0.0,0.0,0.0,0.0,0.0,20.0,0.3,0.1,0.2,0.1,0.4,0.1,0.1,0.1,0.5,0.0,55484.0,0.11965611707879749,0.0,65535.0,0.08253604943923094,0.0,0.0,0.0,0.0,0.0,0.0,0.0,0.0,0.0,0.0
94271.0,0.2721761896471905,0.0,16352.0,37.0,0.17884999999863813,31.75,32.875,36.73000000000002,0.0,0.0,0.0,0.0,0.0,20.0,0.3,0.1,0.2,0.1,0.4,0.1,0.1,0.1,0.5,0.0,55106.0,0.12015025587050412,0.0,65535.0,0.08256656748302434,0.0,0.0,0.0,0.0,0.0,0.0,0.0,0.0,0.0,0.0
94331.05,0.22480420711438295,0.0,16352.0,37.0,0.21764999999864376,31.75,32.875,37.01000000000005,0.0,0.0,0.0,0.0,0.0,20.0,0.3,0.1,0.2,0.1,0.4,0.1,0.1,0.1,0.5,0.0,55255.0,0.12000723916387657,0.0,65535.0,0.08307011520561532,0.0,0.0,0.0,0.0,0.0,0.0,0.0,0.0,0.0,0.0
94391.12,0.23546099677475618,0.0,16352.0,37.0,0.20084999999864225,31.6875,32.875,36.93000000000001,0.0,0.0,0.0,0.0,0.0,20.0,0.3,0.1,0.2,0.1,0.4,0.1,0.1,0.1,0.5,0.0,55262.0,0.11970250805254967,0.0,65535.0,0.08279545281147478,0.0,0.0,0.0,0.0,0.0,0.0,0.0,0.0,0.0,0.0
94451.18,0.2328012831622824,0.0,16352.0,37.0,0.2040499999986368,31.6875,32.8125,36.710000000000036,0.0,0.0,0.0,0.0,0.0,20.0,0.3,0.1,0.2,0.1,0.4,0.1,0.1,0.1,0.5,0.0,55374.0,0.1197132228121501,0.0,65535.0,0.08288700694285496,0.0,0.0,0.0,0.0,0.0,0.0,0.0,0.0,0.0,0.0
94511.26,0.22840352142020845,0.0,16352.0,37.0,0.18014999999864004,31.625,32.875,36.63000000000005,0.0,0.0,0.0,0.0,0.0,20.0,0.3,0.1,0.2,0.1,0.4,0.1,0.1,0.1,0.5,0.0,55761.0,0.11938451605961156,0.0,65535.0,0.08331425955596246,0.0,0.0,0.0,0.0,0.0,0.0,0.0,0.0,0.0,0.0
94571.34,0.2421568024191562,0.0,16352.0,37.0,0.24404999999864133,31.5625,32.9375,36.79000000000002,0.0,0.0,0.0,0.0,0.0,20.0,0.3,0.1,0.2,0.1,0.4,0.1,0.1,0.1,0.5,0.0,55273.0,0.12004052611582508,0.0,65535.0,0.0831464103150988,0.0,0.0,0.0,0.0,0.0,0.0,0.0,0.0,0.0,0.0
94631.38,0.23030299573906587,0.0,16352.0,37.0,0.257349999998646,31.625,32.875,36.870000000000005,0.0,0.0,0.0,0.0,0.0,20.0,0.3,0.1,0.2,0.1,0.4,0.1,0.1,0.1,0.5,0.0,55127.0,0.12061240408511256,0.0,65535.0,0.0831464103150988,0.0,0.0,0.0,0.0,0.0,0.0,0.0,0.0,0.0,0.0
94691.43,0.22939699337211342,0.0,16352.0,37.0,0.18554999999863767,31.6875,32.875,36.650000000000034,0.0,0.0,0.0,0.0,0.0,20.0,0.3,0.1,0.2,0.1,0.4,0.1,0.1,0.1,0.5,0.0,55055.0,0.12055217509762964,0.0,65535.0,0.08282597085526817,0.0,0.0,0.0,0.0,0.0,0.0,0.0,0.0,0.0,0.0
94751.47,0.24383463245875064,0.0,16352.0,37.0,0.1772499999986418,31.6875,32.875,36.710000000000036,0.0,0.0,0.0,0.0,0.0,20.0,0.3,0.1,0.2,0.1,0.4,0.1,0.1,0.1,0.5,0.0,55268.0,0.12032279076499963,0.0,65535.0,0.08268863965819791,0.0,0.0,0.0,0.0,0.0,0.0,0.0,0.0,0.0,0.0
94811.52,0.24521084586435066,0.0,16352.0,37.0,0.19754999999863668,31.625,32.875,36.85000000000002,0.0,0.0,0.0,0.0,0.0,20.0,0.3,0.1,0.2,0.1,0.4,0.1,0.1,0.1,0.5,0.0,55279.0,0.12013603719314749,0.0,65535.0,0.08310063324940871,0.0,0.0,0.0,0.0,0.0,0.0,0.0,0.0,0.0,0.0
94871.56,0.25532634926268555,0.0,16352.0,37.0,0.2788499999986389,31.625,32.875,36.870000000000005,0.0,0.0,0.0,0.0,0.0,20.0,0.3,0.1,0.2,0.1,0.4,0.1,0.1,0.1,0.5,0.0,55617.0,0.11965765862955571,0.0,65535.0,0.08337529564354924,0.0,0.0,0.0,0.0,0.0,0.0,0.0,0.0,0.0,0.0
94931.6,0.21377321535246271,0.0,16352.0,37.0,0.16144999999862858,31.5625,32.875,37.110000000000014,0.0,0.0,0.0,0.0,0.0,20.0,0.3,0.1,0.2,0.1,0.4,0.1,0.1,0.1,0.5,0.0,55515.0,0.1196793659371341,0.0,65535.0,0.08300907911802853,0.0,0.0,0.0,0.0,0.0,0.0,0.0,0.0,0.0,0.0
94991.65,0.2251608879108123,0.0,16352.0,37.0,0.2055499999986294,31.625,32.875,36.89000000000004,0.0,0.0,0.0,0.0,0.0,20.0,0.3,0.1,0.2,0.1,0.4,0.1,0.1,0.1,0.5,0.0,55593.0,0.11997913406364111,0.0,65535.0,0.08310063324940871,0.0,0.0,0.0,0.0,0.0,0.0,0.0,0.0,0.0,0.0
95051.71,0.25233687506881436,0.0,16352.0,37.0,0.19964999999863306,31.6875,32.875,36.81,0.0,0.0,0.0,0.0,0.0,20.0,0.3,0.1,0.2,0.1,0.4,0.1,0.1,0.1,0.5,0.0,54589.0,0.1215263148253311,0.0,65535.0,0.08258182650492103,0.0,0.0,0.0,0.0,0.0,0.0,0.0,0.0,0.0,0.0
95111.79,0.25020224182796924,0.0,16352.0,37.0,0.21434999999863305,31.6875,32.8125,36.97000000000003,0.0,0.0,0.0,0.0,0.0,20.0,0.3,0.1,0.2,0.1,0.4,0.1,0.1,0.1,0.5,0.0,55460.0,0.12005048683736026,0.0,65535.0,0.08279545281147478,0.0,0.0,0.0,0.0,0.0,0.0,0.0,0.0,0.0,0.0
95171.83,0.24410727236694785,0.0,16352.0,37.0,0.20404999999862652,31.625,32.8125,36.93000000000001,0.0,0.0,0.0,0.0,0.0,20.0,0.3,0.1,0.2,0.1,0.4,0.1,0.1,0.1,0.5,0.0,55623.0,0.11973464214443666,0.0,65535.0,0.0831464103150988,0.0,0.0,0.0,0.0,0.0,0.0,0.0,0.0,0.0,0.0
95231.9,0.26033199860206924,0.0,16352.0,37.0,0.2355499999986263,31.625,32.9375,36.85000000000002,0.0,0.0,0.0,0.0,0.0,20.0,0.3,0.1,0.2,0.1,0.4,0.1,0.1,0.1,0.5,0.0,55737.0,0.11956151210147657,0.0,65535.0,0.08291752498664835,0.0,0.0,0.0,0.0,0.0,0.0,0.0,0.0,0.0,0.0
95291.95,0.2349426531684362,0.0,16352.0,37.0,0.19404999999863393,31.625,32.875,36.93000000000001,0.0,0.0,0.0,0.0,0.0,20.0,0.3,0.1,0.2,0.1,0.4,0.1,0.1,0.1,0.5,0.0,55481.0,0.1202934337881437,0.0,65535.0,0.08282597085526817,0.0,0.0,0.0,0.0,0.0,0.0,0.0,0.0,0.0,0.0
95352.02,0.22811456113122397,0.0,16352.0,37.0,0.16134999999863184,31.625,32.875,36.950000000000045,0.0,0.0,0.0,0.0,0.0,20.0,0.3,0.1,0.2,0.1,0.4,0.1,0.1,0.1,0.5,0.0,55487.0,0.1203705372429578,0.0,65535.0,0.08267338063630121,0.0,0.0,0.0,0.0,0.0,0.0,0.0,0.0,0.0,0.0
95412.06,0.2432334748083962,0.0,16352.0,37.0,0.18864999999863202,31.5625,32.875,36.870000000000005,0.0,0.0,0.0,0.0,0.0,20.0,0.3,0.1,0.2,0.1,0.4,0.1,0.1,0.1,0.5,0.0,55817.0,0.11980221079599405,0.0,65535.0,0.08346684977492942,0.0,0.0,0.0,0.0,0.0,0.0,0.0,0.0,0.0,0.0
95472.1,0.23737556763345458,0.0,16352.0,37.0,0.21894999999863288,31.625,32.875,36.85000000000002,0.0,0.0,0.0,0.0,0.0,20.0,0.3,0.1,0.2,0.1,0.4,0.1,0.1,0.1,0.5,0.0,55551.0,0.12032186639304424,0.0,65535.0,0.08300907911802853,0.0,0.0,0.0,0.0,0.0,0.0,0.0,0.0,0.0,0.0
95532.17,0.22681428851839777,0.0,16352.0,37.0,0.2089499999986269,31.5625,32.875,36.710000000000036,0.0,0.0,0.0,0.0,0.0,20.0,0.3,0.1,0.2,0.1,0.4,0.1,0.1,0.1,0.5,0.0,55361.0,0.12053611748342696,0.0,65535.0,0.08300907911802853,0.0,0.0,0.0,0.0,0.0,0.0,0.0,0.0,0.0,0.0
95592.24,0.22950191124376368,0.0,16352.0,37.0,0.20774999999862628,31.5625,32.875,36.85000000000002,0.0,0.0,0.0,0.0,0.0,20.0,0.3,0.1,0.2,0.1,0.4,0.1,0.1,0.1,0.5,0.0,55610.0,0.12005035065635677,0.0,65535.0,0.08287174792095826,0.0,0.0,0.0,0.0,0.0,0.0,0.0,0.0,0.0,0.0
95652.28,0.2373328296153217,0.0,16352.0,37.0,0.24164999999862644,31.625,32.875,36.870000000000005,0.0,0.0,0.0,0.0,0.0,20.0,0.3,0.1,0.2,0.1,0.4,0.1,0.1,0.1,0.5,0.0,55358.0,0.12068716355359659,0.0,65535.0,0.08308537422751201,0.0,0.0,0.0,0.0,0.0,0.0,0.0,0.0,0.0,0.0
95712.36,0.2318204196428898,0.0,16352.0,37.0,0.2213499999986298,31.625,32.875,36.710000000000036,0.0,0.0,0.0,0.0,0.0,20.0,0.3,0.1,0.2,0.1,0.4,0.1,0.1,0.1,0.5,0.0,55730.0,0.12034810694419523,0.0,65535.0,0.08290226596475166,0.0,0.0,0.0,0.0,0.0,0.0,0.0,0.0,0.0,0.0
95772.42,0.2612885508374096,0.0,16352.0,37.0,0.21164999999862358,31.5625,32.875,36.650000000000034,0.0,0.0,0.0,0.0,0.0,20.0,0.3,0.1,0.2,0.1,0.4,0.1,0.1,0.1,0.5,0.0,56021.0,0.1196694096856536,0.0,65535.0,0.08317692835889219,0.0,0.0,0.0,0.0,0.0,0.0,0.0,0.0,0.0,0.0
95832.49,0.229137274879998,0.0,16352.0,37.0,0.23194999999861846,31.625,32.875,36.81,0.0,0.0,0.0,0.0,0.0,20.0,0.3,0.1,0.2,0.1,0.4,0.1,0.1,0.1,0.5,0.0,56092.0,0.11967838550952008,0.0,65535.0,0.08320744640268558,0.0,0.0,0.0,0.0,0.0,0.0,0.0,0.0,0.0,0.0
95892.55,0.24437959218743324,0.0,16352.0,37.0,0.22374999999862674,31.625,32.875,36.85000000000002,0.0,0.0,0.0,0.0,0.0,20.0,0.3,0.1,0.2,0.1,0.4,0.1,0.1,0.1,0.5,0.0,55582.0,0.12018279299053651,0.0,65535.0,0.08300907911802853,0.0,0.0,0.0,0.0,0.0,0.0,0.0,0.0,0.0,0.0
95952.63,0.2234676024844144,0.0,16352.0,37.0,0.21614999999862114,31.625,32.875,36.85000000000002,0.0,0.0,0.0,0.0,0.0,20.0,0.3,0.1,0.2,0.1,0.4,0.1,0.1,0.1,0.5,0.0,56027.0,0.11951380584361111,0.0,65535.0,0.0831311512932021,0.0,0.0,0.0,0.0,0.0,0.0,0.0,0.0,0.0,0.0
96012.7,0.23184936408018245,0.0,16352.0,37.0,0.17934999999862364,31.6875,32.8125,36.85000000000002,0.0,0.0,0.0,0.0,0.0,20.0,0.3,0.1,0.2,0.1,0.4,0.1,0.1,0.1,0.5,0.0,55453.0,0.12033614051539142,0.0,65535.0,0.08291752498664835,0.0,0.0,0.0,0.0,0.0,0.0,0.0,0.0,0.0,0.0
96072.78,0.2515778958745407,0.0,16352.0,37.0,0.2131499999986196,31.6875,32.8125,36.85000000000002,0.0,0.0,0.0,0.0,0.0,20.0,0.3,0.1,0.2,0.1,0.4,0.1,0.1,0.1,0.5,0.0,55452.0,0.12059078121618698,0.0,65535.0,0.08325322346837567,0.0,0.0,0.0,0.0,0.0,0.0,0.0,0.0,0.0,0.0
96132.83,0.23187755149531325,0.0,16352.0,37.0,0.2122499999986187,31.625,32.875,36.710000000000036,0.0,0.0,0.0,0.0,0.0,20.0,0.3,0.1,0.2,0.1,0.4,0.1,0.1,0.1,0.5,0.0,55542.0,0.1203413632926434,0.0,65535.0,0.0831311512932021,0.0,0.0,0.0,0.0,0.0,0.0,0.0,0.0,0.0,0.0
96192.9,0.2746409297691512,0.0,16352.0,37.0,0.20894999999861744,31.6875,32.875,36.77000000000004,0.0,0.0,0.0,0.0,0.0,20.0,0.3,0.1,0.2,0.1,0.4,0.1,0.1,0.1,0.5,0.0,55197.0,0.12122035617877783,0.0,65535.0,0.08310063324940871,0.0,0.0,0.0,0.0,0.0,0.0,0.0,0.0,0.0,0.0
96252.98,0.22785855699483554,0.0,16352.0,37.0,0.23424999999862284,31.5625,32.875,36.710000000000036,0.0,0.0,0.0,0.0,0.0,20.0,0.3,0.1,0.2,0.1,0.4,0.1,0.1,0.1,0.5,0.0,55492.0,0.12066604195199308,0.0,65535.0,0.08302433813992523,0.0,0.0,0.0,0.0,0.0,0.0,0.0,0.0,0.0,0.0
96313.0,0.22041319377118734,0.0,16352.0,37.0,0.2584499999986184,31.5625,32.875,36.710000000000036,0.0,0.0,0.0,0.0,0.0,20.0,0.3,0.1,0.2,0.1,0.4,0.1,0.1,0.1,0.5,0.0,55555.0,0.12070920709207092,0.0,65535.0,0.08337529564354924,0.0,0.0,0.0,0.0,0.0,0.0,0.0,0.0,0.0,0.0
96373.05,0.26434576459345877,0.0,16352.0,37.0,0.21664999999861123,31.5625,32.875,36.79000000000002,0.0,0.0,0.0,0.0,0.0,20.0,0.3,0.1,0.2,0.1,0.4,0.1,0.1,0.1,0.5,0.0,55496.0,0.12083753784056508,0.0,65535.0,0.08294804303044175,0.0,0.0,0.0,0.0,0.0,0.0,0.0,0.0,0.0,0.0
96433.09,0.22264872140471015,0.0,16352.0,37.0,0.24084999999862106,31.625,32.8125,36.870000000000005,0.0,0.0,0.0,0.0,0.0,20.0,0.3,0.1,0.2,0.1,0.4,0.1,0.1,0.1,0.5,0.0,55653.0,0.12058649129426985,0.0,65535.0,0.08390936140993362,0.0,0.0,0.0,0.0,0.0,0.0,0.0,0.0,0.0,0.0
96493.14,0.22561233111899065,0.0,16352.0,37.0,0.22234999999860944,31.6875,32.8125,36.85000000000002,0.0,0.0,0.0,0.0,0.0,20.0,0.3,0.1,0.2,0.1,0.4,0.1,0.1,0.1,0.5,0.0,55723.0,0.120542684349371,0.0,65535.0,0.08329900053406576,0.0,0.0,0.0,0.0,0.0,0.0,0.0,0.0,0.0,0.0
96553.18,0.25684740548163276,0.0,16352.0,37.0,0.20024999999861276,31.625,32.875,36.97000000000003,0.0,0.0,0.0,0.0,0.0,20.0,0.3,0.1,0.2,0.1,0.4,0.1,0.1,0.1,0.5,0.0,55743.0,0.12075058751771522,0.0,65535.0,0.08331425955596246,0.0,0.0,0.0,0.0,0.0,0.0,0.0,0.0,0.0,0.0
96613.22,0.2158893250424452,0.0,16352.0,37.0,0.18014999999861084,31.625,32.8125,36.950000000000045,0.0,0.0,0.0,0.0,0.0,20.0,0.3,0.1,0.2,0.1,0.4,0.1,0.1,0.1,0.5,0.0,55600.0,0.12084532374100719,0.0,65535.0,0.08288700694285496,0.0,0.0,0.0,0.0,0.0,0.0,0.0,0.0,0.0,0.0
96673.27,0.228701415389184,0.0,16352.0,37.0,0.21014999999861111,31.5625,32.875,36.690000000000055,0.0,0.0,0.0,0.0,0.0,20.0,0.3,0.1,0.2,0.1,0.4,0.1,0.1,0.1,0.5,0.0,56181.0,0.11989818621954042,0.0,65535.0,0.0835584039063096,0.0,0.0,0.0,0.0,0.0,0.0,0.0,0.0,0.0,0.0
96733.31,0.2210799236969602,0.0,16352.0,37.0,0.25344999999861695,31.5625,32.8125,36.81,0.0,0.0,0.0,0.0,0.0,20.0,0.3,0.1,0.2,0.1,0.4,0.1,0.1,0.1,0.5,0.0,55528.0,0.12100201700043221,0.0,65535.0,0.08328374151216907,0.0,0.0,0.0,0.0,0.0,0.0,0.0,0.0,0.0,0.0
96793.36,0.2321781054761005,0.0,16352.0,37.0,0.21844999999860526,31.625,32.8125,36.97000000000003,0.0,0.0,0.0,0.0,0.0,20.0,0.3,0.1,0.2,0.1,0.4,0.1,0.1,0.1,0.5,0.0,55702.0,0.12074970378083372,0.0,65535.0,0.08297856107423514,0.0,0.0,0.0,0.0,0.0,0.0,0.0,0.0,0.0,0.0
96853.43,0.22905844049053842,0.0,16352.0,37.0,0.2387499999986152,31.5625,32.8125,36.79000000000002,0.0,0.0,0.0,0.0,0.0,20.0,0.3,0.1,0.2,0.1,0.4,0.1,0.1,0.1,0.5,0.0,55807.0,0.1206300284910495,0.0,65535.0,0.08325322346837567,0.0,0.0,0.0,0.0,0.0,0.0,0.0,0.0,0.0,0.0
96913.51,0.24469801544561715,0.0,16352.0,37.0,0.21494999999860842,31.625,32.8125,36.81,0.0,0.0,0.0,0.0,0.0,20.0,0.3,0.1,0.2,0.1,0.4,0.1,0.1,0.1,0.5,0.0,55663.0,0.12065465389935864,0.0,65535.0,0.08307011520561532,0.0,0.0,0.0,0.0,0.0,0.0,0.0,0.0,0.0,0.0
96973.58,0.21690136970646595,0.0,16352.0,37.0,0.19374999999861178,31.5,32.75,36.73000000000002,0.0,0.0,0.0,0.0,0.0,20.0,0.3,0.1,0.2,0.1,0.4,0.1,0.1,0.1,0.5,0.0,55140.0,0.12196227783822997,0.0,65535.0,0.0831311512932021,0.0,0.0,0.0,0.0,0.0,0.0,0.0,0.0,0.0,0.0
97033.65,0.23044618278837534,0.0,16352.0,37.0,0.2128499999986069,31.625,32.8125,36.85000000000002,0.0,0.0,0.0,0.0,0.0,20.0,0.3,0.1,0.2,0.1,0.4,0.1,0.1,0.1,0.5,0.0,55654.0,0.12079994250188665,0.0,65535.0,0.08291752498664835,0.0,0.0,0.0,0.0,0.0,0.0,0.0,0.0,0.0,0.0
97093.69,0.25238241467667655,0.0,16352.0,37.0,0.23314999999860178,31.625,32.8125,36.81,0.0,0.0,0.0,0.0,0.0,20.0,0.3,0.1,0.2,0.1,0.4,0.1,0.1,0.1,0.5,0.0,56125.0,0.12007126948775056,0.0,65535.0,0.08364995803768978,0.0,0.0,0.0,0.0,0.0,0.0,0.0,0.0,0.0,0.0
97153.75,0.22170996038578789,0.0,16352.0,37.0,0.2152499999986047,31.625,32.8125,36.97000000000003,0.0,0.0,0.0,0.0,0.0,20.0,0.3,0.1,0.2,0.1,0.4,0.1,0.1,0.1,0.5,0.0,55417.0,0.12124438349243012,0.0,65535.0,0.08320744640268558,0.0,0.0,0.0,0.0,0.0,0.0,0.0,0.0,0.0,0.0
97213.79,0.24951682350447743,0.0,16352.0,37.0,0.19044999999860793,31.625,32.8125,36.93000000000001,0.0,0.0,0.0,0.0,0.0,20.0,0.3,0.1,0.2,0.1,0.4,0.1,0.1,0.1,0.5,0.0,55477.0,0.12120338158155632,0.0,65535.0,0.08326848249027237,0.0,0.0,0.0,0.0,0.0,0.0,0.0,0.0,0.0,0.0
97273.83,0.23408148513218255,0.0,16352.0,37.0,0.22014999999860846,31.5625,32.75,36.710000000000036,0.0,0.0,0.0,0.0,0.0,20.0,0.3,0.1,0.2,0.1,0.4,0.1,0.1,0.1,0.5,0.0,55405.0,0.12139698583160365,0.0,65535.0,0.08328374151216907,0.0,0.0,0.0,0.0,0.0,0.0,0.0,0.0,0.0,0.0
97333.88,0.2399915865769691,0.0,16352.0,37.0,0.216949999998598,31.5625,32.8125,36.85000000000002,0.0,0.0,0.0,0.0,0.0,20.0,0.3,0.1,0.2,0.1,0.4,0.1,0.1,0.1,0.5,0.0,55904.0,0.12065326273611907,0.0,65535.0,0.08308537422751201,0.0,0.0,0.0,0.0,0.0,0.0,0.0,0.0,0.0,0.0
97393.92,0.2274574443750279,0.0,16352.0,37.0,0.20374999999859664,31.5625,32.8125,36.73000000000002,0.0,0.0,0.0,0.0,0.0,20.0,0.3,0.1,0.2,0.1,0.4,0.1,0.1,0.1,0.5,0.0,56223.0,0.12011098660690465,0.0,65535.0,0.08358892195010299,0.0,0.0,0.0,0.0,0.0,0.0,0.0,0.0,0.0,0.0
97453.96,0.233139554916922,0.0,16352.0,37.0,0.1954499999985999,31.625,32.8125,36.81,0.0,0.0,0.0,0.0,0.0,20.0,0.3,0.1,0.2,0.1,0.4,0.1,0.1,0.1,0.5,0.0,56249.0,0.12051769809241053,0.0,65535.0,0.08346684977492942,0.0,0.0,0.0,0.0,0.0,0.0,0.0,0.0,0.0,0.0
97514.04,0.2639935764626174,0.0,16352.0,37.0,0.194549999998599,31.5625,32.8125,36.79000000000002,0.0,0.0,0.0,0.0,0.0,20.0,0.3,0.1,0.2,0.1,0.4,0.1,0.1,0.1,0.5,0.0,55764.0,0.12135069220285488,0.0,65535.0,0.08351262684061951,0.0,0.0,0.0,0.0,0.0,0.0,0.0,0.0,0.0,0.0
97574.11,0.2430674987554719,0.0,16352.0,37.0,0.21224999999859884,31.625,32.75,36.870000000000005,0.0,0.0,0.0,0.0,0.0,20.0,0.3,0.1,0.2,0.1,0.4,0.1,0.1,0.1,0.5,0.0,55817.0,0.12084132074457603,0.0,65535.0,0.08361943999389639,0.0,0.0,0.0,0.0,0.0,0.0,0.0,0.0,0.0,0.0
97634.18,0.22639279591713143,0.0,16352.0,37.0,0.19374999999860232,31.5625,32.75,36.690000000000055,0.0,0.0,0.0,0.0,0.0,20.0,0.3,0.1,0.2,0.1,0.4,0.1,0.1,0.1,0.5,0.0,55865.0,0.12093439541752439,0.0,65535.0,0.08331425955596246,0.0,0.0,0.0,0.0,0.0,0.0,0.0,0.0,0.0,0.0
97694.22,0.2583543113652395,0.0,16352.0,37.0,0.2046499999985924,31.5625,32.8125,36.690000000000055,0.0,0.0,0.0,0.0,0.0,20.0,0.3,0.1,0.2,0.1,0.4,0.1,0.1,0.1,0.5,0.0,55775.0,0.12123711340206185,0.0,65535.0,0.08348210879682612,0.0,0.0,0.0,0.0,0.0,0.0,0.0,0.0,0.0,0.0
97754.29,0.24900237487836235,0.0,16352.0,37.0,0.24764999999859763,31.625,32.875,36.710000000000036,0.0,0.0,0.0,0.0,0.0,20.0,0.3,0.1,0.2,0.1,0.4,0.1,0.1,0.1,0.5,0.0,55576.0,0.12179717863826112,0.0,65535.0,0.08339055466544594,0.0,0.0,0.0,0.0,0.0,0.0,0.0,0.0,0.0,0.0
97814.37,0.2496057097528305,0.0,16352.0,37.0,0.17404999999858925,31.6875,32.875,36.93000000000001,0.0,0.0,0.0,0.0,0.0,20.0,0.3,0.1,0.2,0.1,0.4,0.1,0.1,0.1,0.5,0.0,56131.0,0.1203434822112558,0.0,65535.0,0.0831464103150988,0.0,0.0,0.0,0.0,0.0,0.0,0.0,0.0,0.0,0.0
97874.4,0.2654035031622212,0.0,16352.0,37.0,0.2125499999985943,31.625,32.875,36.950000000000045,0.0,0.0,0.0,0.0,0.0,20.0,0.3,0.1,0.2,0.1,0.4,0.1,0.1,0.1,0.5,0.0,55830.0,0.12115350170159413,0.0,65535.0,0.0831464103150988,0.0,0.0,0.0,0.0,0.0,0.0,0.0,0.0,0.0,0.0
97934.47,0.2578733898155226,0.0,16352.0,37.0,0.19874999999859264,31.625,32.75,36.81,0.0,0.0,0.0,0.0,0.0,20.0,0.3,0.1,0.2,0.1,0.4,0.1,0.1,0.1,0.5,0.0,55572.0,0.12148204131577053,0.0,65535.0,0.08326848249027237,0.0,0.0,0.0,0.0,0.0,0.0,0.0,0.0,0.0,0.0
97994.53,0.23114985136018057,0.0,16352.0,37.0,0.19874999999859178,31.625,32.8125,36.870000000000005,0.0,0.0,0.0,0.0,0.0,20.0,0.3,0.1,0.2,0.1,0.4,0.1,0.1,0.1,0.5,0.0,55599.0,0.12180075181208296,0.0,65535.0,0.0831464103150988,0.0,0.0,0.0,0.0,0.0,0.0,0.0,0.0,0.0,0.0
98054.6,0.24680554423784598,0.0,16352.0,37.0,0.19344999999859575,31.625,32.8125,36.79000000000002,0.0,0.0,0.0,0.0,0.0,20.0,0.3,0.1,0.2,0.1,0.4,0.1,0.1,0.1,0.5,0.0,56224.0,0.12069578827546955,0.0,65535.0,0.08361943999389639,0.0,0.0,0.0,0.0,0.0,0.0,0.0,0.0,0.0,0.0
98114.65,0.2523324142880229,0.0,16352.0,37.0,0.1625499999985937,31.625,32.8125,36.79000000000002,0.0,0.0,0.0,0.0,0.0,20.0,0.3,0.1,0.2,0.1,0.4,0.1,0.1,0.1,0.5,0.0,55908.0,0.12103813407741289,0.0,65535.0,0.08325322346837567,0.0,0.0,0.0,0.0,0.0,0.0,0.0,0.0,0.0,0.0
98174.7,0.2459819750421665,0.0,16352.0,37.0,0.19814999999858973,31.625,32.8125,36.93000000000001,0.0,0.0,0.0,0.0,0.0,20.0,0.3,0.1,0.2,0.1,0.4,0.1,0.1,0.1,0.5,0.0,55805.0,0.12131529432846519,0.0,65535.0,0.08339055466544594,0.0,0.0,0.0,0.0,0.0,0.0,0.0,0.0,0.0,0.0
98234.74,0.24097289075832812,0.0,16352.0,37.0,0.17574999999859334,31.625,32.8125,36.870000000000005,0.0,0.0,0.0,0.0,0.0,20.0,0.3,0.1,0.2,0.1,0.4,0.1,0.1,0.1,0.5,0.0,55622.0,0.1215706015605336,0.0,65535.0,0.08319218738078889,0.0,0.0,0.0,0.0,0.0,0.0,0.0,0.0,0.0,0.0
98294.81,0.2459052378741604,0.0,16352.0,37.0,0.21604999999858424,31.5625,32.875,36.870000000000005,0.0,0.0,0.0,0.0,0.0,20.0,0.3,0.1,0.2,0.1,0.4,0.1,0.1,0.1,0.5,0.0,55449.0,0.12223845335353208,0.0,65535.0,0.08317692835889219,0.0,0.0,0.0,0.0,0.0,0.0,0.0,0.0,0.0,0.0
98354.88,0.22568566011510965,0.0,16352.0,37.0,0.24114999999859407,31.5,32.75,36.870000000000005,0.0,0.0,0.0,0.0,0.0,20.0,0.3,0.1,0.2,0.1,0.4,0.1,0.1,0.1,0.5,0.0,55802.0,0.1212322138991434,0.0,65535.0,0.08337529564354924,0.0,0.0,0.0,0.0,0.0,0.0,0.0,0.0,0.0,0.0
98414.91,0.24322695817460596,0.0,16352.0,37.0,0.2052499999985824,31.5625,32.8125,37.09000000000003,0.0,0.0,0.0,0.0,0.0,20.0,0.3,0.1,0.2,0.1,0.4,0.1,0.1,0.1,0.5,0.0,56147.0,0.1206119650203929,0.0,65535.0,0.08348210879682612,0.0,0.0,0.0,0.0,0.0,0.0,0.0,0.0,0.0,0.0
98474.98,0.22142883140793185,0.0,16352.0,37.0,0.1507499999985842,31.5625,32.75,36.85000000000002,0.0,0.0,0.0,0.0,0.0,20.0,0.3,0.1,0.2,0.1,0.4,0.1,0.1,0.1,0.5,0.0,56227.0,0.12084941398260622,0.0,65535.0,0.08323796444647898,0.0,0.0,0.0,0.0,0.0,0.0,0.0,0.0,0.0,0.0
98535.02,0.23055787280767104,0.0,16352.0,37.0,0.2225499999985908,31.5,32.875,36.710000000000036,0.0,0.0,0.0,0.0,0.0,20.0,0.3,0.1,0.2,0.1,0.4,0.1,0.1,0.1,0.5,0.0,55651.0,0.12197444789851036,0.0,65535.0,0.08340581368734264,0.0,0.0,0.0,0.0,0.0,0.0,0.0,0.0,0.0,0.0
98595.06,0.22200102678575934,0.0,16352.0,37.0,0.21754999999858027,31.625,32.8125,36.73000000000002,0.0,0.0,0.0,0.0,0.0,20.0,0.3,0.1,0.2,0.1,0.4,0.1,0.1,0.1,0.5,0.0,55819.0,0.12164316809688458,0.0,65535.0,0.08334477759975585,0.0,0.0,0.0,0.0,0.0,0.0,0.0,0.0,0.0,0.0
98655.09,0.23549597236885625,0.0,16352.0,37.0,0.24024999999858973,31.5625,32.75,36.870000000000005,0.0,0.0,0.0,0.0,0.0,20.0,0.3,0.1,0.2,0.1,0.4,0.1,0.1,0.1,0.5,0.0,55916.0,0.12139638028471278,0.0,65535.0,0.08326848249027237,0.0,0.0,0.0,0.0,0.0,0.0,0.0,0.0,0.0,0.0
98715.16,0.23172321060424755,0.0,16352.0,37.0,0.184349999998582,31.625,32.75,36.690000000000055,0.0,0.0,0.0,0.0,0.0,20.0,0.3,0.1,0.2,0.1,0.4,0.1,0.1,0.1,0.5,0.0,55870.0,0.12162162162162163,0.0,65535.0,0.08369573510337987,0.0,0.0,0.0,0.0,0.0,0.0,0.0,0.0,0.0,0.0
98775.23,0.22835551866772444,0.0,16352.0,37.0,0.19404999999858655,31.5625,32.75,36.85000000000002,0.0,0.0,0.0,0.0,0.0,20.0,0.3,0.1,0.2,0.1,0.4,0.1,0.1,0.1,0.5,0.0,55767.0,0.1218821166639769,0.0,65535.0,0.08348210879682612,0.0,0.0,0.0,0.0,0.0,0.0,0.0,0.0,0.0,0.0
98835.27,0.21546887485730878,0.0,16352.0,37.0,0.1566499999985745,31.5625,32.875,37.09000000000003,0.0,0.0,0.0,0.0,0.0,20.0,0.3,0.1,0.2,0.1,0.4,0.1,0.1,0.1,0.5,0.0,55979.0,0.12152771575054931,0.0,65535.0,0.08308537422751201,0.0,0.0,0.0,0.0,0.0,0.0,0.0,0.0,0.0,0.0
98895.31,0.23518136984560986,0.0,16352.0,37.0,0.22224999999858588,31.5625,32.8125,36.89000000000004,0.0,0.0,0.0,0.0,0.0,20.0,0.3,0.1,0.2,0.1,0.4,0.1,0.1,0.1,0.5,0.0,55710.0,0.12204272123496679,0.0,65535.0,0.08322270542458228,0.0,0.0,0.0,0.0,0.0,0.0,0.0,0.0,0.0,0.0
98955.38,0.22063727619402929,0.0,16352.0,37.0,0.21614999999857978,31.5625,32.8125,36.950000000000045,0.0,0.0,0.0,0.0,0.0,20.0,0.3,0.1,0.2,0.1,0.4,0.1,0.1,0.1,0.5,0.0,55614.0,0.12218146509871615,0.0,65535.0,0.08323796444647898,0.0,0.0,0.0,0.0,0.0,0.0,0.0,0.0,0.0,0.0
99015.46,0.22695462208583533,0.0,16352.0,37.0,0.19764999999858326,31.5625,32.75,36.93000000000001,0.0,0.0,0.0,0.0,0.0,20.0,0.3,0.1,0.2,0.1,0.4,0.1,0.1,0.1,0.5,0.0,56131.0,0.12135896385241667,0.0,65535.0,0.08369573510337987,0.0,0.0,0.0,0.0,0.0,0.0,0.0,0.0,0.0,0.0
99075.53,0.24455486742838625,0.0,16352.0,37.0,0.1752499999985718,31.625,32.75,36.81,0.0,0.0,0.0,0.0,0.0,20.0,0.3,0.1,0.2,0.1,0.4,0.1,0.1,0.1,0.5,0.0,56103.0,0.12149082936741351,0.0,65535.0,0.08364995803768978,0.0,0.0,0.0,0.0,0.0,0.0,0.0,0.0,0.0,0.0
99135.58,0.26201870482666767,0.0,16352.0,37.0,0.20374999999857174,31.625,32.8125,36.950000000000045,0.0,0.0,0.0,0.0,0.0,20.0,0.3,0.1,0.2,0.1,0.4,0.1,0.1,0.1,0.5,0.0,56167.0,0.12106753075649403,0.0,65535.0,0.08328374151216907,0.0,0.0,0.0,0.0,0.0,0.0,0.0,0.0,0.0,0.0
99195.62,0.22255158887918447,0.0,16352.0,37.0,0.24114999999858205,31.5625,32.75,37.13000000000005,0.0,0.0,0.0,0.0,0.0,20.0,0.3,0.1,0.2,0.1,0.4,0.1,0.1,0.1,0.5,0.0,55702.0,0.12216796524361782,0.0,65535.0,0.08340581368734264,0.0,0.0,0.0,0.0,0.0,0.0,0.0,0.0,0.0,0.0
99255.67,0.24402597156295375,0.0,16352.0,37.0,0.1864499999985741,31.6875,32.8125,37.110000000000014,0.0,0.0,0.0,0.0,0.0,20.0,0.3,0.1,0.2,0.1,0.4,0.1,0.1,0.1,0.5,0.0,55969.0,0.12181743465132484,0.0,65535.0,0.08346684977492942,0.0,0.0,0.0,0.0,0.0,0.0,0.0,0.0,0.0,0.0
99315.72,0.24120481898716437,0.0,16352.0,37.0,0.206749999998569,31.625,32.75,36.93000000000001,0.0,0.0,0.0,0.0,0.0,20.0,0.3,0.1,0.2,0.1,0.4,0.1,0.1,0.1,0.5,0.0,56159.0,0.12154774835734254,0.0,65535.0,0.08372625314717326,0.0,0.0,0.0,0.0,0.0,0.0,0.0,0.0,0.0,0.0
99375.79,0.2335385273309144,0.0,16352.0,37.0,0.18374999999857228,31.625,32.8125,36.79000000000002,0.0,0.0,0.0,0.0,0.0,20.0,0.3,0.1,0.2,0.1,0.4,0.1,0.1,0.1,0.5,0.0,56311.0,0.12132620624744721,0.0,65535.0,0.08361943999389639,0.0,0.0,0.0,0.0,0.0,0.0,0.0,0.0,0.0,0.0
99435.82,0.2418343228517338,0.0,16352.0,37.0,0.21224999999857222,31.6875,32.8125,36.89000000000004,0.0,0.0,0.0,0.0,0.0,20.0,0.3,0.1,0.2,0.1,0.4,0.1,0.1,0.1,0.5,0.0,55808.0,0.12218678325688073,0.0,65535.0,0.08328374151216907,0.0,0.0,0.0,0.0,0.0,0.0,0.0,0.0,0.0,0.0
99495.87,0.25907116553678006,0.0,16352.0,37.0,0.17074999999856477,31.625,32.8125,36.79000000000002,0.0,0.0,0.0,0.0,0.0,20.0,0.3,0.1,0.2,0.1,0.4,0.1,0.1,0.1,0.5,0.0,55803.0,0.12209021020375249,0.0,65535.0,0.08334477759975585,0.0,0.0,0.0,0.0,0.0,0.0,0.0,0.0,0.0,0.0
99555.91,0.2492805039544115,0.0,16352.0,37.0,0.19754999999856968,31.625,32.75,36.85000000000002,0.0,0.0,0.0,0.0,0.0,20.0,0.3,0.1,0.2,0.1,0.4,0.1,0.1,0.1,0.5,0.0,56039.0,0.12175449240707364,0.0,65535.0,0.0835431448844129,0.0,0.0,0.0,0.0,0.0,0.0,0.0,0.0,0.0,0.0
99615.94,0.23761799553052076,0.0,16352.0,37.0,0.2340499999985649,31.6875,32.75,36.81,0.0,0.0,0.0,0.0,0.0,20.0,0.3,0.1,0.2,0.1,0.4,0.1,0.1,0.1,0.5,0.0,55749.0,0.12245959568781503,0.0,65535.0,0.08337529564354924,0.0,0.0,0.0,0.0,0.0,0.0,0.0,0.0,0.0,0.0
99676.02,0.22766731360969827,0.0,16352.0,37.0,0.2193499999985632,31.625,32.75,36.77000000000004,0.0,0.0,0.0,0.0,0.0,20.0,0.3,0.1,0.2,0.1,0.4,0.1,0.1,0.1,0.5,0.0,56031.0,0.12216451607146044,0.0,65535.0,0.0835431448844129,0.0,0.0,0.0,0.0,0.0,0.0,0.0,0.0,0.0,0.0
99736.09,0.2529385288083046,0.0,16352.0,37.0,0.21404999999856716,31.625,32.8125,36.610000000000014,0.0,0.0,0.0,0.0,0.0,20.0,0.3,0.1,0.2,0.1,0.4,0.1,0.1,0.1,0.5,0.0,55435.0,0.12299089023180301,0.0,65535.0,0.08368047608148317,0.0,0.0,0.0,0.0,0.0,0.0,0.0,0.0,0.0,0.0
99796.12,0.25661679827165945,0.0,16352.0,37.0,0.21524999999856606,31.5625,32.8125,36.85000000000002,0.0,0.0,0.0,0.0,0.0,20.0,0.3,0.1,0.2,0.1,0.4,0.1,0.1,0.1,0.5,0.0,55847.0,0.12228051641090837,0.0,65535.0,0.08343633173113603,0.0,0.0,0.0,0.0,0.0,0.0,0.0,0.0,0.0,0.0
99856.17,0.23645153895591262,0.0,16352.0,37.0,0.19404999999856942,31.5625,32.8125,37.03000000000003,0.0,0.0,0.0,0.0,0.0,20.0,0.3,0.1,0.2,0.1,0.4,0.1,0.1,0.1,0.5,0.0,56110.0,0.12186775975761896,0.0,65535.0,0.08352788586251621,0.0,0.0,0.0,0.0,0.0,0.0,0.0,0.0,0.0,0.0
99916.22,0.2568399163863944,0.0,16352.0,37.0,0.2202499999985598,31.5625,32.75,36.950000000000045,0.0,0.0,0.0,0.0,0.0,20.0,0.3,0.1,0.2,0.1,0.4,0.1,0.1,0.1,0.5,0.0,56240.0,0.1216927453769559,0.0,65535.0,0.08345159075303273,0.0,0.0,0.0,0.0,0.0,0.0,0.0,0.0,0.0,0.0
99976.29,0.26172653785908373,0.0,16352.0,37.0,0.2049499999985578,31.5625,32.8125,36.97000000000003,0.0,0.0,0.0,0.0,0.0,20.0,0.3,0.1,0.2,0.1,0.4,0.1,0.1,0.1,0.5,0.0,55944.0,0.12233662233662233,0.0,65535.0,0.08372625314717326,0.0,0.0,0.0,0.0,0.0,0.0,0.0,0.0,0.0,0.0
100036.33,0.25678393996618254,0.0,16352.0,37.0,0.15664999999855483,31.5625,32.75,36.870000000000005,0.0,0.0,0.0,0.0,0.0,20.0,0.3,0.1,0.2,0.1,0.4,0.1,0.1,0.1,0.5,0.0,55948.0,0.12223850718524344,0.0,65535.0,0.0835431448844129,0.0,0.0,0.0,0.0,0.0,0.0,0.0,0.0,0.0,0.0
100096.4,0.25580410924381525,0.0,16352.0,37.0,0.21014999999856046,31.5625,32.8125,36.77000000000004,0.0,0.0,0.0,0.0,0.0,20.0,0.3,0.1,0.2,0.1,0.4,0.1,0.1,0.1,0.5,0.0,56691.0,0.12107741969624808,0.0,65535.0,0.08360418097199969,0.0,0.0,0.0,0.0,0.0,0.0,0.0,0.0,0.0,0.0
100156.48,0.2487924033871943,0.0,16352.0,37.0,0.1928499999985637,31.5625,32.8125,36.85000000000002,0.0,0.0,0.0,0.0,0.0,20.0,0.3,0.1,0.2,0.1,0.4,0.1,0.1,0.1,0.5,0.0,55920.0,0.12228183118741058,0.0,65535.0,0.08336003662165255,0.0,0.0,0.0,0.0,0.0,0.0,0.0,0.0,0.0,0.0
100216.52,0.23672092400211264,0.0,16352.0,37.0,0.22074999999856418,31.5625,32.75,36.93000000000001,0.0,0.0,0.0,0.0,0.0,20.0,0.3,0.1,0.2,0.1,0.4,0.1,0.1,0.1,0.5,0.0,56702.0,0.1212831998871292,0.0,65535.0,0.08416876478217747,0.0,0.0,0.0,0.0,0.0,0.0,0.0,0.0,0.0,0.0
100276.56,0.2462196537003307,0.0,16352.0,37.0,0.17364999999856182,31.5625,32.8125,36.79000000000002,0.0,0.0,0.0,0.0,0.0,20.0,0.3,0.1,0.2,0.1,0.4,0.1,0.1,0.1,0.5,0.0,56441.0,0.12148969720593186,0.0,65535.0,0.0839703974975204,0.0,0.0,0.0,0.0,0.0,0.0,0.0,0.0,0.0,0.0
100336.63,0.2674253211054055,0.0,16352.0,37.0,0.2180499999985632,31.5625,32.8125,36.710000000000036,0.0,0.0,0.0,0.0,0.0,20.0,0.3,0.1,0.2,0.1,0.4,0.1,0.1,0.1,0.5,0.0,56097.0,0.1221990480774373,0.0,65535.0,0.08360418097199969,0.0,0.0,0.0,0.0,0.0,0.0,0.0,0.0,0.0,0.0
100396.67,0.24690042930385403,0.0,16352.0,37.0,0.22224999999856276,31.5,32.8125,36.77000000000004,0.0,0.0,0.0,0.0,0.0,20.0,0.3,0.1,0.2,0.1,0.4,0.1,0.1,0.1,0.5,0.0,56314.0,0.12176368221046276,0.0,65535.0,0.08351262684061951,0.0,0.0,0.0,0.0,0.0,0.0,0.0,0.0,0.0,0.0
100456.72,0.22466506528671654,0.0,16352.0,37.0,0.25434999999856367,31.5625,32.8125,36.85000000000002,0.0,0.0,0.0,0.0,0.0,20.0,0.3,0.1,0.2,0.1,0.4,0.1,0.1,0.1,0.5,0.0,55421.0,0.12336478952021797,0.0,65535.0,0.08374151216906996,0.0,0.0,0.0,0.0,0.0,0.0,0.0,0.0,0.0,0.0
100516.79,0.22770443993286876,0.0,16352.0,37.0,0.17404999999854975,31.5625,32.75,36.85000000000002,0.0,0.0,0.0,0.0,0.0,20.0,0.3,0.1,0.2,0.1,0.4,0.1,0.1,0.1,0.5,0.0,55964.0,0.12256093202773212,0.0,65535.0,0.08349736781872281,0.0,0.0,0.0,0.0,0.0,0.0,0.0,0.0,0.0,0.0
100576.87,0.24444853234577701,0.0,16352.0,37.0,0.19904999999855458,31.5625,32.8125,36.85000000000002,0.0,0.0,0.0,0.0,0.0,20.0,0.3,0.1,0.2,0.1,0.4,0.1,0.1,0.1,0.5,0.0,55912.0,0.12222778652167691,0.0,65535.0,0.08364995803768978,0.0,0.0,0.0,0.0,0.0,0.0,0.0,0.0,0.0,0.0
100636.93,0.2234374487749295,0.0,16352.0,37.0,0.19194999999855847,31.5,32.8125,36.93000000000001,0.0,0.0,0.0,0.0,0.0,20.0,0.3,0.1,0.2,0.1,0.4,0.1,0.1,0.1,0.5,0.0,56017.0,0.12237356516771694,0.0,65535.0,0.08364995803768978,0.0,0.0,0.0,0.0,0.0,0.0,0.0,0.0,0.0,0.0
100697.0,0.2477643090700589,0.0,16352.0,37.0,0.2670499999985504,31.5,32.8125,36.950000000000045,0.0,0.0,0.0,0.0,0.0,20.0,0.3,0.1,0.2,0.1,0.4,0.1,0.1,0.1,0.5,0.0,56257.0,0.12204703414686173,0.0,65535.0,0.0839703974975204,0.0,0.0,0.0,0.0,0.0,0.0,0.0,0.0,0.0,0.0
100757.08,0.22330783492076256,0.0,16352.0,37.0,0.1755499999985458,31.5,32.75,36.89000000000004,0.0,0.0,0.0,0.0,0.0,20.0,0.3,0.1,0.2,0.1,0.4,0.1,0.1,0.1,0.5,0.0,56236.0,0.12195035208763069,0.0,65535.0,0.08343633173113603,0.0,0.0,0.0,0.0,0.0,0.0,0.0,0.0,0.0,0.0
100817.15,0.24796619887228305,0.0,16352.0,37.0,0.21874999999854658,31.5625,32.75,36.81,0.0,0.0,0.0,0.0,0.0,20.0,0.3,0.1,0.2,0.1,0.4,0.1,0.1,0.1,0.5,0.0,56375.0,0.12177383592017739,0.0,65535.0,0.0835431448844129,0.0,0.0,0.0,0.0,0.0,0.0,0.0,0.0,0.0,0.0
100877.21,0.24010195216516733,0.0,16352.0,37.0,0.17164999999854338,31.5,32.75,36.85000000000002,0.0,0.0,0.0,0.0,0.0,20.0,0.3,0.1,0.2,0.1,0.4,0.1,0.1,0.1,0.5,0.0,55835.0,0.12266499507477388,0.0,65535.0,0.08352788586251621,0.0,0.0,0.0,0.0,0.0,0.0,0.0,0.0,0.0,0.0
100937.29,0.22944044939469052,0.0,16352.0,37.0,0.1766499999985522,31.4375,32.8125,36.89000000000004,0.0,0.0,0.0,0.0,0.0,20.0,0.3,0.1,0.2,0.1,0.4,0.1,0.1,0.1,0.5,0.0,55961.0,0.12290702453494398,0.0,65535.0,0.08375677119096665,0.0,0.0,0.0,0.0,0.0,0.0,0.0,0.0,0.0,0.0
100997.36,0.22805439780952758,0.0,16352.0,37.0,0.20254999999854284,31.5,32.75,36.81,0.0,0.005,0.25,0.0,0.0,20.0,0.3,0.1,0.2,0.1,0.4,0.1,0.1,0.1,0.5,0.0,56052.0,0.122564761293085,0.0,65535.0,0.08348210879682612,0.0,0.0,0.0,0.0,0.0,0.0,0.0,0.0,0.0,0.0
101057.42,0.2123612748763195,0.0,16352.0,37.0,0.402199999998548,31.5,32.75,36.29000000000002,0.0,0.0,0.0,0.0,0.0,20.0,0.3,0.1,0.2,0.1,0.4,0.1,0.1,0.1,0.5,0.0,54445.0,0.12313343741390394,0.0,65535.0,0.08183413443198291,0.0,0.0,0.0,0.0,0.0,0.0,0.0,0.0,0.0,0.0
101117.46,0.236089850059732,0.0,16352.0,37.0,0.21674999999854527,31.5625,32.75,36.73000000000002,0.0,0.0,0.0,0.0,0.0,20.0,0.3,0.1,0.2,0.1,0.4,0.1,0.1,0.1,0.5,0.0,55513.0,0.12074649181272855,0.0,65535.0,0.08206301976043336,0.0,0.0,0.0,0.0,0.0,0.0,0.0,0.0,0.0,0.0
101177.51,0.23714408343438476,0.0,16352.0,37.0,0.1925499999985488,31.5625,32.8125,36.85000000000002,0.0,0.0,0.0,0.0,0.0,20.0,0.3,0.1,0.2,0.1,0.4,0.1,0.1,0.1,0.5,0.0,55036.0,0.12159313903626717,0.0,65535.0,0.08152895399404898,0.0,0.0,0.0,0.0,0.0,0.0,0.0,0.0,0.0,0.0
101237.55,0.23202498182848386,0.0,16352.0,37.0,0.16894999999853758,31.5625,32.8125,36.89000000000004,0.0,0.0,0.0,0.0,0.0,20.0,0.3,0.1,0.2,0.1,0.4,0.1,0.1,0.1,0.5,0.0,55232.0,0.12134269988412515,0.0,65535.0,0.08136110475318532,0.0,0.0,0.0,0.0,0.0,0.0,0.0,0.0,0.0,0.0
101297.6,0.24915747585627332,0.0,16352.0,37.0,0.2292499999985387,31.625,32.75,36.93000000000001,0.0,0.0,0.0,0.0,0.0,20.0,0.3,0.1,0.2,0.1,0.4,0.1,0.1,0.1,0.5,0.0,55100.0,0.12174228675136116,0.0,65535.0,0.08168154421301595,0.0,0.0,0.0,0.0,0.0,0.0,0.0,0.0,0.0,0.0
101357.67,0.21516277004576398,0.0,16352.0,37.0,0.20804999999854207,31.5,32.75,37.01000000000005,0.0,0.0,0.0,0.0,0.0,20.0,0.3,0.1,0.2,0.1,0.4,0.1,0.1,0.1,0.5,0.0,55090.0,0.12165547286258849,0.0,65535.0,0.08168154421301595,0.0,0.0,0.0,0.0,0.0,0.0,0.0,0.0,0.0,0.0
101417.74,0.250863534149244,0.0,16352.0,37.0,0.19124999999854056,31.5625,32.75,36.950000000000045,0.0,0.0,0.0,0.0,0.0,20.0,0.3,0.1,0.2,0.1,0.4,0.1,0.1,0.1,0.5,0.0,54771.0,0.12212667287433131,0.0,65535.0,0.08241397726405737,0.0,0.0,0.0,0.0,0.0,0.0,0.0,0.0,0.0,0.0
101477.78,0.22593929729248147,0.0,16352.0,37.0,0.22534999999853625,31.5625,32.75,36.79000000000002,0.0,0.0,0.0,0.0,0.0,20.0,0.3,0.1,0.2,0.1,0.4,0.1,0.1,0.1,0.5,0.0,55174.0,0.12150650668793272,0.0,65535.0,0.08171206225680934,0.0,0.0,0.0,0.0,0.0,0.0,0.0,0.0,0.0,0.0
101537.86,0.22945392023956773,0.0,16352.0,37.0,0.20714999999853945,31.5625,32.75,37.03000000000003,0.0,0.0,0.0,0.0,0.0,20.0,0.3,0.1,0.2,0.1,0.4,0.1,0.1,0.1,0.5,0.0,54641.0,0.12258194396149412,0.0,65535.0,0.08160524910353247,0.0,0.0,0.0,0.0,0.0,0.0,0.0,0.0,0.0,0.0
101597.89,0.2548673612207098,0.0,16352.0,37.0,0.20914999999853337,31.5625,32.75,36.85000000000002,0.0,0.0,0.0,0.0,0.0,20.0,0.3,0.1,0.2,0.1,0.4,0.1,0.1,0.1,0.5,0.0,55517.0,0.1209719545364483,0.0,65535.0,0.08139162279697872,0.0,0.0,0.0,0.0,0.0,0.0,0.0,0.0,0.0,0.0
101657.94,0.23164466924270544,0.0,16352.0,37.0,0.26004999999854395,31.5625,32.8125,36.81,0.0,0.0,0.0,0.0,0.0,20.0,0.3,0.1,0.2,0.1,0.4,0.1,0.1,0.1,0.5,0.0,55184.0,0.1217563061757031,0.0,65535.0,0.08174258030060273,0.0,0.0,0.0,0.0,0.0,0.0,0.0,0.0,0.0,0.0
101718.01,0.22335592812116914,0.0,16352.0,37.0,0.17644999999853042,31.5,32.75,36.97000000000003,0.0,0.0,0.0,0.0,0.0,20.0,0.3,0.1,0.2,0.1,0.4,0.1,0.1,0.1,0.5,0.0,55016.0,0.12209175512578159,0.0,65535.0,0.08140688181887541,0.0,0.0,0.0,0.0,0.0,0.0,0.0,0.0,0.0,0.0
101778.05,0.24125368301106465,0.0,16352.0,37.0,0.17814999999853967,31.5,32.75,36.77000000000004,0.0,0.0,0.0,0.0,0.0,20.0,0.3,0.1,0.2,0.1,0.4,0.1,0.1,0.1,0.5,0.0,55216.0,0.12174007534048102,0.0,65535.0,0.08168154421301595,0.0,0.0,0.0,0.0,0.0,0.0,0.0,0.0,0.0,0.0
101838.1,0.2487487395942235,0.0,16352.0,37.0,0.18254999999853394,31.5,32.75,36.81,0.0,0.0,0.0,0.0,0.0,20.0,0.3,0.1,0.2,0.1,0.4,0.1,0.1,0.1,0.5,0.0,55443.0,0.12162040293634904,0.0,65535.0,0.08155947203784238,0.0,0.0,0.0,0.0,0.0,0.0,0.0,0.0,0.0,0.0
101898.14,0.21143598740067526,0.0,16352.0,37.0,0.2552499999985406,31.5625,32.75,36.77000000000004,0.0,0.0,0.0,0.0,0.0,20.0,0.3,0.1,0.2,0.1,0.4,0.1,0.1,0.1,0.5,0.0,55308.0,0.12133868518116728,0.0,65535.0,0.0814679179064622,0.0,0.0,0.0,0.0,0.0,0.0,0.0,0.0,0.0,0.0
101958.18,0.25220486567839295,0.0,16352.0,37.0,0.21374999999853314,31.5625,32.75,36.870000000000005,0.0,0.0,0.0,0.0,0.0,20.0,0.3,0.1,0.2,0.1,0.4,0.1,0.1,0.1,0.5,0.0,54797.0,0.1227439458364509,0.0,65535.0,0.08157473105973907,0.0,0.0,0.0,0.0,0.0,0.0,0.0,0.0,0.0,0.0
102018.23,0.248774544942733,0.0,16352.0,37.0,0.22554999999853745,31.5,32.8125,36.870000000000005,0.0,0.0,0.0,0.0,0.0,20.0,0.3,0.1,0.2,0.1,0.4,0.1,0.1,0.1,0.5,0.0,55014.0,0.12233249718253536,0.0,65535.0,0.08197146562905318,0.0,0.0,0.0,0.0,0.0,0.0,0.0,0.0,0.0,0.0
102078.27,0.23558574922198516,0.0,16352.0,37.0,0.24704999999853297,31.5625,32.75,36.79000000000002,0.0,0.0,0.0,0.0,0.0,20.0,0.3,0.1,0.2,0.1,0.4,0.1,0.1,0.1,0.5,0.0,55522.0,0.12148337595907928,0.0,65535.0,0.08160524910353247,0.0,0.0,0.0,0.0,0.0,0.0,0.0,0.0,0.0,0.0
102138.34,0.2509037409364329,0.0,16352.0,37.0,0.15374999999852831,31.625,32.75,37.01000000000005,0.0,0.0,0.0,0.0,0.0,20.0,0.3,0.1,0.2,0.1,0.4,0.1,0.1,0.1,0.5,0.0,54987.0,0.12259261279938895,0.0,65535.0,0.08139162279697872,0.0,0.0,0.0,0.0,0.0,0.0,0.0,0.0,0.0,0.0
102198.42,0.25345206260366804,0.0,16352.0,37.0,0.2346499999985258,31.5625,32.75,36.870000000000005,0.0,0.0,0.0,0.0,0.0,20.0,0.3,0.1,0.2,0.1,0.4,0.1,0.1,0.1,0.5,0.0,54932.0,0.1226061312167771,0.0,65535.0,0.0814526588845655,0.0,0.0,0.0,0.0,0.0,0.0,0.0,0.0,0.0,0.0
102258.47,0.2436802568018152,0.0,16352.0,37.0,0.2273499999985341,31.5,32.75,36.85000000000002,0.0,0.0,0.0,0.0,0.0,20.0,0.3,0.1,0.2,0.1,0.4,0.1,0.1,0.1,0.5,0.0,55590.0,0.12167656053246986,0.0,65535.0,0.08203250171663996,0.0,0.0,0.0,0.0,0.0,0.0,0.0,0.0,0.0,0.0
102318.54,0.23254443367866562,0.0,16352.0,37.0,0.2058499999985227,31.5,32.75,36.79000000000002,0.0,0.0,0.0,0.0,0.0,20.0,0.3,0.1,0.2,0.1,0.4,0.1,0.1,0.1,0.5,0.0,55080.0,0.12214960058097313,0.0,65535.0,0.08175783932249943,0.0,0.0,0.0,0.0,0.0,0.0,0.0,0.0,0.0,0.0
102378.59,0.2508999723703365,0.0,16352.0,37.0,0.1631499999985297,31.5625,32.75,36.93000000000001,0.0,0.0,0.0,0.0,0.0,20.0,0.3,0.1,0.2,0.1,0.4,0.1,0.1,0.1,0.5,0.0,54867.0,0.12266025115278766,0.0,65535.0,0.08160524910353247,0.0,0.0,0.0,0.0,0.0,0.0,0.0,0.0,0.0,0.0
102438.65,0.25262009422795795,0.0,16352.0,37.0,0.22524999999853174,31.5625,32.75,36.81,0.0,0.0,0.0,0.0,0.0,20.0,0.3,0.1,0.2,0.1,0.4,0.1,0.1,0.1,0.5,0.0,54981.0,0.12200578381622743,0.0,65535.0,0.08155947203784238,0.0,0.0,0.0,0.0,0.0,0.0,0.0,0.0,0.0,0.0
102498.72,0.2193481221069576,0.0,16352.0,37.0,0.1837499999985243,31.5625,32.75,37.01000000000005,0.0,0.0,0.0,0.0,0.0,20.0,0.3,0.1,0.2,0.1,0.4,0.1,0.1,0.1,0.5,0.0,54665.0,0.1230586298362755,0.0,65535.0,0.08181887541008621,0.0,0.0,0.0,0.0,0.0,0.0,0.0,0.0,0.0,0.0
102558.78,0.21064450878692462,0.0,16352.0,37.0,0.27284999999852677,31.5,32.75,36.85000000000002,0.0,0.0,0.0,0.0,0.0,20.0,0.3,0.1,0.2,0.1,0.4,0.1,0.1,0.1,0.5,0.0,55607.0,0.12142356178179006,0.0,65535.0,0.08154421301594568,0.0,0.0,0.0,0.0,0.0,0.0,0.0,0.0,0.0,0.0
102618.85,0.21398030943586832,0.0,16352.0,37.0,0.22464999999852883,31.5,32.75,36.81,0.0,0.0,0.0,0.0,0.0,20.0,0.3,0.1,0.2,0.1,0.4,0.1,0.1,0.1,0.5,0.0,55395.0,0.12187020489213828,0.0,65535.0,0.08140688181887541,0.0,0.0,0.0,0.0,0.0,0.0,0.0,0.0,0.0,0.0
102678.92,0.21177009071545316,0.0,16352.0,37.0,0.20404999999851745,31.5,32.8125,36.950000000000045,0.0,0.0,0.0,0.0,0.0,20.0,0.3,0.1,0.2,0.1,0.4,0.1,0.1,0.1,0.5,0.0,54942.0,0.12298423792362856,0.0,65535.0,0.08165102616922255,0.0,0.0,0.0,0.0,0.0,0.0,0.0,0.0,0.0,0.0
102738.98,0.22522628748152673,0.0,16352.0,37.0,0.19964999999852143,31.5625,32.6875,36.81,0.0,0.0,0.0,0.0,0.0,20.0,0.3,0.1,0.2,0.1,0.4,0.1,0.1,0.1,0.5,0.0,54878.0,0.12300010933343052,0.0,65535.0,0.08175783932249943,0.0,0.0,0.0,0.0,0.0,0.0,0.0,0.0,0.0,0.0
102799.02,0.22144760446963285,0.0,16352.0,37.0,0.22024999999851605,31.5,32.75,36.81,0.0,0.0,0.0,0.0,0.0,20.0,0.3,0.1,0.2,0.1,0.4,0.1,0.1,0.1,0.5,0.0,55531.0,0.12205794961372927,0.0,65535.0,0.08177309834439613,0.0,0.0,0.0,0.0,0.0,0.0,0.0,0.0,0.0,0.0
102859.08,0.22247723859612706,0.0,16352.0,37.0,0.20494999999851407,31.5625,32.75,36.93000000000001,0.0,0.0,0.0,0.0,0.0,20.0,0.3,0.1,0.2,0.1,0.4,0.1,0.1,0.1,0.5,0.0,55440.0,0.12216810966810966,0.0,65535.0,0.08183413443198291,0.0,0.0,0.0,0.0,0.0,0.0,0.0,0.0,0.0,0.0
102919.13,0.21590780323465722,0.0,16352.0,37.0,0.18404999999851715,31.5,32.75,36.85000000000002,0.0,0.0,0.0,0.0,0.0,20.0,0.3,0.1,0.2,0.1,0.4,0.1,0.1,0.1,0.5,0.0,55613.0,0.12150036861884811,0.0,65535.0,0.08168154421301595,0.0,0.0,0.0,0.0,0.0,0.0,0.0,0.0,0.0,0.0
102979.18,0.2192908733423827,0.0,16352.0,37.0,0.22554999999852288,31.4375,32.75,36.870000000000005,0.0,0.0,0.0,0.0,0.0,20.0,0.3,0.1,0.2,0.1,0.4,0.1,0.1,0.1,0.5,0.0,55224.0,0.12248297841518181,0.0,65535.0,0.08160524910353247,0.0,0.0,0.0,0.0,0.0,0.0,0.0,0.0,0.0,0.0
103039.22,0.22403308157797935,0.0,16352.0,37.0,0.22884999999852243,31.5,32.6875,37.09000000000003,0.0,0.0,0.0,0.0,0.0,20.0,0.3,0.1,0.2,0.1,0.4,0.1,0.1,0.1,0.5,0.0,55755.0,0.1217289929154336,0.0,65535.0,0.0818646524757763,0.0,0.0,0.0,0.0,0.0,0.0,0.0,0.0,0.0,0.0
103099.26,0.2117198874697992,0.0,16352.0,37.0,0.14254999999850881,31.4375,32.6875,36.950000000000045,0.0,0.0,0.0,0.0,0.0,20.0,0.3,0.1,0.2,0.1,0.4,0.1,0.1,0.1,0.5,0.0,55605.0,0.12180559302221024,0.0,65535.0,0.08165102616922255,0.0,0.0,0.0,0.0,0.0,0.0,0.0,0.0,0.0,0.0
103159.31,0.2093658668162331,0.0,16352.0,37.0,0.2234499999985205,31.5,32.6875,36.73000000000002,0.0,0.0,0.0,0.0,0.0,20.0,0.3,0.1,0.2,0.1,0.4,0.1,0.1,0.1,0.5,0.0,55751.0,0.1218274111675127,0.0,65535.0,0.08200198367284657,0.0,0.0,0.0,0.0,0.0,0.0,0.0,0.0,0.0,0.0
103219.38,0.24459406827019356,0.0,16352.0,37.0,0.2549499999985211,31.5,32.6875,36.81,0.0,0.0,0.0,0.0,0.0,20.0,0.3,0.1,0.2,0.1,0.4,0.1,0.1,0.1,0.5,0.0,55350.0,0.12222222222222222,0.0,65535.0,0.08157473105973907,0.0,0.0,0.0,0.0,0.0,0.0,0.0,0.0,0.0,0.0
103279.45,0.2091340957187493,0.0,16352.0,37.0,0.20284999999850825,31.5625,32.6875,36.81,0.0,0.0,0.0,0.0,0.0,20.0,0.3,0.1,0.2,0.1,0.4,0.1,0.1,0.1,0.5,0.0,55578.0,0.12226060671488719,0.0,65535.0,0.08165102616922255,0.0,0.0,0.0,0.0,0.0,0.0,0.0,0.0,0.0,0.0
103339.49,0.22220752867822938,0.0,16352.0,37.0,0.2555499999985189,31.5,32.6875,36.85000000000002,0.0,0.0,0.0,0.0,0.0,20.0,0.3,0.1,0.2,0.1,0.4,0.1,0.1,0.1,0.5,0.0,55481.0,0.12227609451884429,0.0,65535.0,0.08191042954146639,0.0,0.0,0.0,0.0,0.0,0.0,0.0,0.0,0.0,0.0
103399.53,0.23514810543164866,0.0,16352.0,37.0,0.24354999999851812,31.5,32.75,36.85000000000002,0.0,0.0,0.0,0.0,0.0,20.0,0.3,0.1,0.2,0.1,0.4,0.1,0.1,0.1,0.5,0.0,55920.0,0.12154864091559371,0.0,65535.0,0.08200198367284657,0.0,0.0,0.0,0.0,0.0,0.0,0.0,0.0,0.0,0.0
103459.58,0.23819385530214263,0.0,16352.0,37.0,0.19644999999851576,31.5625,32.6875,36.85000000000002,0.0,0.0,0.0,0.0,0.0,20.0,0.3,0.1,0.2,0.1,0.4,0.1,0.1,0.1,0.5,0.0,54983.0,0.1229289052980012,0.0,65535.0,0.08149843595025559,0.0,0.0,0.0,0.0,0.0,0.0,0.0,0.0,0.0,0.0
103519.66,0.21316673920992693,0.0,16352.0,37.0,0.2037499999985057,31.4375,32.6875,36.89000000000004,0.0,0.0,0.0,0.0,0.0,20.0,0.3,0.1,0.2,0.1,0.4,0.1,0.1,0.1,0.5,0.0,55586.0,0.12206310941604001,0.0,65535.0,0.08197146562905318,0.0,0.0,0.0,0.0,0.0,0.0,0.0,0.0,0.0,0.0
103579.74,0.22824617290616853,0.0,16352.0,37.0,0.1828499999985088,31.4375,32.6875,36.89000000000004,0.0,0.0,0.0,0.0,0.0,20.0,0.3,0.1,0.2,0.1,0.4,0.1,0.1,0.1,0.5,0.0,55622.0,0.12225378447376938,0.0,65535.0,0.08209353780422675,0.0,0.0,0.0,0.0,0.0,0.0,0.0,0.0,0.0,0.0
103639.78,0.24483639848509958,0.0,16352.0,37.0,0.16194999999851187,31.5,32.6875,36.870000000000005,0.0,0.0,0.0,0.0,0.0,20.0,0.3,0.1,0.2,0.1,0.4,0.1,0.1,0.1,0.5,0.0,55354.0,0.12252050438992665,0.0,65535.0,0.0818646524757763,0.0,0.0,0.0,0.0,0.0,0.0,0.0,0.0,0.0,0.0
103699.83,0.24881124077522543,0.0,16352.0,37.0,0.15744999999851084,31.4375,32.75,36.650000000000034,0.0,0.0,0.0,0.0,0.0,20.0,0.3,0.1,0.2,0.1,0.4,0.1,0.1,0.1,0.5,0.0,55308.0,0.12274896940768062,0.0,65535.0,0.08180361638818952,0.0,0.0,0.0,0.0,0.0,0.0,0.0,0.0,0.0,0.0
103759.87,0.21162027001564898,0.0,16352.0,37.0,0.19594999999850168,31.5,32.6875,36.77000000000004,0.0,0.0,0.0,0.0,0.0,20.0,0.3,0.1,0.2,0.1,0.4,0.1,0.1,0.1,0.5,0.0,55497.0,0.1227273546317819,0.0,65535.0,0.08198672465094987,0.0,0.0,0.0,0.0,0.0,0.0,0.0,0.0,0.0,0.0
103819.92,0.23196348951536586,0.0,16352.0,37.0,0.25574999999850756,31.4375,32.75,36.610000000000014,0.0,0.0,0.0,0.0,0.0,20.0,0.3,0.1,0.2,0.1,0.4,0.1,0.1,0.1,0.5,0.0,55224.0,0.12284513979429233,0.0,65535.0,0.081879911497673,0.0,0.0,0.0,0.0,0.0,0.0,0.0,0.0,0.0,0.0
103879.96,0.24742491590741872,0.0,16352.0,37.0,0.1772499999985087,31.4375,32.6875,36.85000000000002,0.0,0.0,0.0,0.0,0.0,20.0,0.3,0.1,0.2,0.1,0.4,0.1,0.1,0.1,0.5,0.0,55611.0,0.12220603837370304,0.0,65535.0,0.08160524910353247,0.0,0.0,0.0,0.0,0.0,0.0,0.0,0.0,0.0,0.0
103940.0,0.22309719502756256,0.0,16352.0,37.0,0.2443499999985054,31.4375,32.6875,36.89000000000004,0.0,0.0,0.0,0.0,0.0,20.0,0.3,0.1,0.2,0.1,0.4,0.1,0.1,0.1,0.5,0.0,55777.0,0.12159133693099305,0.0,65535.0,0.08200198367284657,0.0,0.0,0.0,0.0,0.0,0.0,0.0,0.0,0.0,0.0
104000.08,0.21289996358949492,0.0,16352.0,37.0,0.20204999999850293,31.5,32.75,36.93000000000001,0.0,0.0,0.0,0.0,0.0,20.0,0.3,0.1,0.2,0.1,0.4,0.1,0.1,0.1,0.5,0.0,55820.0,0.12205302758867789,0.0,65535.0,0.08191042954146639,0.0,0.0,0.0,0.0,0.0,0.0,0.0,0.0,0.0,0.0
104060.11,0.2156634564834908,0.0,16352.0,37.0,0.22854999999850809,31.4375,32.6875,36.89000000000004,0.0,0.0,0.0,0.0,0.0,20.0,0.3,0.1,0.2,0.1,0.4,0.1,0.1,0.1,0.5,0.0,55161.0,0.12307608636536684,0.0,65535.0,0.08172732127870604,0.0,0.0,0.0,0.0,0.0,0.0,0.0,0.0,0.0,0.0
104120.16,0.21401360717043,0.0,16352.0,37.0,0.17764999999849582,31.5625,32.6875,36.89000000000004,0.0,0.0,0.0,0.0,0.0,20.0,0.3,0.1,0.2,0.1,0.4,0.1,0.1,0.1,0.5,0.0,55785.0,0.12184278928027248,0.0,65535.0,0.08171206225680934,0.0,0.0,0.0,0.0,0.0,0.0,0.0,0.0,0.0,0.0
104180.23,0.24030789037743566,0.0,16352.0,37.0,0.20144999999850088,31.5625,32.6875,37.03000000000003,0.0,0.0,0.0,0.0,0.0,20.0,0.3,0.1,0.2,0.1,0.4,0.1,0.1,0.1,0.5,0.0,55320.0,0.12292118582791034,0.0,65535.0,0.08235294117647059,0.0,0.0,0.0,0.0,0.0,0.0,0.0,0.0,0.0,0.0
104240.3,0.23903775937038416,0.0,16352.0,37.0,0.22144999999849604,31.5,32.6875,36.870000000000005,0.0,0.0,0.0,0.0,0.0,20.0,0.3,0.1,0.2,0.1,0.4,0.1,0.1,0.1,0.5,0.0,55480.0,0.1226027397260274,0.0,65535.0,0.0818951705195697,0.0,0.0,0.0,0.0,0.0,0.0,0.0,0.0,0.0,0.0
104300.34,0.24657115246618194,0.0,16352.0,37.0,0.177849999998503,31.5625,32.6875,36.650000000000034,0.0,0.0,0.0,0.0,0.0,20.0,0.3,0.1,0.2,0.1,0.4,0.1,0.1,0.1,0.5,0.0,55748.0,0.1219236564540432,0.0,65535.0,0.08174258030060273,0.0,0.0,0.0,0.0,0.0,0.0,0.0,0.0,0.0,0.0
104360.38,0.22982995223487557,0.0,16352.0,37.0,0.17194999999849245,31.5625,32.6875,36.950000000000045,0.0,0.0,0.0,0.0,0.0,20.0,0.3,0.1,0.2,0.1,0.4,0.1,0.1,0.1,0.5,0.0,55502.0,0.12237396850563943,0.0,65535.0,0.0818951705195697,0.0,0.0,0.0,0.0,0.0,0.0,0.0,0.0,0.0,0.0
104420.43,0.24986060266236948,0.0,16352.0,37.0,0.19284999999850186,31.5,32.6875,36.690000000000055,0.0,0.0,0.0,0.0,0.0,20.0,0.3,0.1,0.2,0.1,0.4,0.1,0.1,0.1,0.5,0.0,55709.0,0.12254752373943169,0.0,65535.0,0.08236820019836728,0.0,0.0,0.0,0.0,0.0,0.0,0.0,0.0,0.0,0.0
104480.48,0.24637922805028742,0.0,16352.0,37.0,0.18344999999849618,31.5,32.6875,36.85000000000002,0.0,0.0,0.0,0.0,0.0,20.0,0.3,0.1,0.2,0.1,0.4,0.1,0.1,0.1,0.5,0.0,55748.0,0.12247973021453684,0.0,65535.0,0.08203250171663996,0.0,0.0,0.0,0.0,0.0,0.0,0.0,0.0,0.0,0.0
104540.55,0.22435591916322764,0.0,16352.0,37.0,0.261449999998498,31.5,32.6875,36.710000000000036,0.0,0.0,0.0,0.0,0.0,20.0,0.3,0.1,0.2,0.1,0.4,0.1,0.1,0.1,0.5,0.0,55588.0,0.12256242354464993,0.0,65535.0,0.08169680323491264,0.0,0.0,0.0,0.0,0.0,0.0,0.0,0.0,0.0,0.0
104600.61,0.25729429037628787,0.0,16352.0,37.0,0.16434999999849847,31.5,32.6875,36.89000000000004,0.0,0.0,0.0,0.0,0.0,20.0,0.3,0.1,0.2,0.1,0.4,0.1,0.1,0.1,0.5,0.0,55186.0,0.12327401877287718,0.0,65535.0,0.08191042954146639,0.0,0.0,0.0,0.0,0.0,0.0,0.0,0.0,0.0,0.0
104660.66,0.25600651276632885,0.0,16352.0,37.0,0.20644999999848948,31.5625,32.6875,36.690000000000055,0.0,0.0,0.0,0.0,0.0,20.0,0.3,0.1,0.2,0.1,0.4,0.1,0.1,0.1,0.5,0.0,56524.0,0.12132899299412639,0.0,65535.0,0.08224612802319371,0.0,0.0,0.0,0.0,0.0,0.0,0.0,0.0,0.0,0.0
104720.72,0.2180019735389671,0.0,16352.0,37.0,0.20734999999848866,31.5,32.625,36.73000000000002,0.0,0.0,0.0,0.0,0.0,20.0,0.3,0.1,0.2,0.1,0.4,0.1,0.1,0.1,0.5,0.0,55306.0,0.12318735761038585,0.0,65535.0,0.08168154421301595,0.0,0.0,0.0,0.0,0.0,0.0,0.0,0.0,0.0,0.0
104780.76,0.24863940844197785,0.0,16352.0,37.0,0.20764999999848754,31.5,32.6875,36.93000000000001,0.0,0.0,0.0,0.0,0.0,20.0,0.3,0.1,0.2,0.1,0.4,0.1,0.1,0.1,0.5,0.0,55583.0,0.12269938650306748,0.0,65535.0,0.08191042954146639,0.0,0.0,0.0,0.0,0.0,0.0,0.0,0.0,0.0,0.0
104840.81,0.2225141143273732,0.0,16352.0,37.0,0.15524999999848915,31.5625,32.6875,36.870000000000005,0.0,0.0,0.0,0.0,0.0,20.0,0.3,0.1,0.2,0.1,0.4,0.1,0.1,0.1,0.5,0.0,55609.0,0.1228937761873078,0.0,65535.0,0.08192568856336309,0.0,0.0,0.0,0.0,0.0,0.0,0.0,0.0,0.0,0.0
104900.85,0.2201868718363031,0.0,16352.0,37.0,0.19434999999849453,31.5625,32.625,36.73000000000002,0.0,0.0,0.0,0.0,0.0,20.0,0.3,0.1,0.2,0.1,0.4,0.1,0.1,0.1,0.5,0.0,55695.0,0.12239877906454799,0.0,65535.0,0.08183413443198291,0.0,0.0,0.0,0.0,0.0,0.0,0.0,0.0,0.0,0.0
104960.9,0.24085621758521825,0.0,16352.0,37.0,0.15044999999848757,31.5,32.6875,36.89000000000004,0.0,0.0,0.0,0.0,0.0,20.0,0.3,0.1,0.2,0.1,0.4,0.1,0.1,0.1,0.5,0.0,55642.0,0.12309047122677115,0.0,65535.0,0.0823071641107805,0.0,0.0,0.0,0.0,0.0,0.0,0.0,0.0,0.0,0.0
105020.94,0.2180980142137843,0.0,16352.0,37.0,0.25494999999849544,31.4375,32.6875,36.85000000000002,0.0,0.0,0.0,0.0,0.0,20.0,0.3,0.1,0.2,0.1,0.4,0.1,0.1,0.1,0.5,0.0,55507.0,0.12310159079035077,0.0,65535.0,0.0818951705195697,0.0,0.0,0.0,0.0,0.0,0.0,0.0,0.0,0.0,0.0
105081.01,0.2169932480241304,0.0,16352.0,37.0,0.20554999999848264,31.4375,32.6875,36.870000000000005,0.0,0.0,0.0,0.0,0.0,20.0,0.3,0.1,0.2,0.1,0.4,0.1,0.1,0.1,0.5,0.0,55793.0,0.12272148835875468,0.0,65535.0,0.08207827878233005,0.0,0.0,0.0,0.0,0.0,0.0,0.0,0.0,0.0,0.0
105141.09,0.24382665153089483,0.0,16352.0,37.0,0.18614999999848605,31.5,32.6875,36.77000000000004,0.0,0.0,0.0,0.0,0.0,20.0,0.3,0.1,0.2,0.1,0.4,0.1,0.1,0.1,0.5,0.0,55597.0,0.12286634170908502,0.0,65535.0,0.08180361638818952,0.0,0.0,0.0,0.0,0.0,0.0,0.0,0.0,0.0,0.0
105201.13,0.24688673036945946,0.0,16352.0,37.0,0.20644999999848096,31.5,32.6875,36.89000000000004,0.0,0.0,0.0,0.0,0.0,20.0,0.3,0.1,0.2,0.1,0.4,0.1,0.1,0.1,0.5,0.0,55250.0,0.1235656108597285,0.0,65535.0,0.08181887541008621,0.0,0.0,0.0,0.0,0.0,0.0,0.0,0.0,0.0,0.0
105261.19,0.24091969915989214,0.0,16352.0,37.0,0.2414499999984909,31.4375,32.6875,36.81,0.0,0.0,0.0,0.0,0.0,20.0,0.3,0.1,0.2,0.1,0.4,0.1,0.1,0.1,0.5,0.0,55883.0,0.12266700069788665,0.0,65535.0,0.0818646524757763,0.0,0.0,0.0,0.0,0.0,0.0,0.0,0.0,0.0,0.0
105321.24,0.2157893274158768,0.0,16352.0,37.0,0.20204999999848408,31.5,32.6875,37.110000000000014,0.0,0.0,0.0,0.0,0.0,20.0,0.3,0.1,0.2,0.1,0.4,0.1,0.1,0.1,0.5,0.0,55377.0,0.12369756397060151,0.0,65535.0,0.08184939345387961,0.0,0.0,0.0,0.0,0.0,0.0,0.0,0.0,0.0,0.0
105381.29,0.24715924284941496,0.0,16352.0,37.0,0.20114999999848318,31.5625,32.6875,37.09000000000003,0.0,0.0,0.0,0.0,0.0,20.0,0.3,0.1,0.2,0.1,0.4,0.1,0.1,0.1,0.5,0.0,55843.0,0.12277277366903641,0.0,65535.0,0.0818951705195697,0.0,0.0,0.0,0.0,0.0,0.0,0.0,0.0,0.0,0.0
105441.37,0.24294848561454552,0.0,16352.0,37.0,0.23704999999847895,31.5,32.625,36.81,0.0,0.0,0.0,0.0,0.0,20.0,0.3,0.1,0.2,0.1,0.4,0.1,0.1,0.1,0.5,0.0,56016.0,0.12251856612396458,0.0,65535.0,0.08183413443198291,0.0,0.0,0.0,0.0,0.0,0.0,0.0,0.0,0.0,0.0
105501.44,0.2619385091676709,0.0,16352.0,37.0,0.2214499999984772,31.5625,32.6875,36.81,0.0,0.0,0.0,0.0,0.0,20.0,0.3,0.1,0.2,0.1,0.4,0.1,0.1,0.1,0.5,0.0,55736.0,0.12299052676905411,0.0,65535.0,0.08204776073853666,0.0,0.0,0.0,0.0,0.0,0.0,0.0,0.0,0.0,0.0
105561.51,0.2510524156551759,0.0,16352.0,37.0,0.22084999999847602,31.5,32.625,36.77000000000004,0.0,0.0,0.0,0.0,0.0,20.0,0.3,0.1,0.2,0.1,0.4,0.1,0.1,0.1,0.5,0.0,56050.0,0.1224442462087422,0.0,65535.0,0.08201724269474327,0.0,0.0,0.0,0.0,0.0,0.0,0.0,0.0,0.0,0.0
105621.58,0.23950306060285578,0.0,16352.0,37.0,0.19964999999847938,31.5,32.6875,36.79000000000002,0.0,0.0,0.0,0.0,0.0,20.0,0.3,0.1,0.2,0.1,0.4,0.1,0.1,0.1,0.5,0.0,55579.0,0.1236258298997823,0.0,65535.0,0.0822919050888838,0.0,0.0,0.0,0.0,0.0,0.0,0.0,0.0,0.0,0.0
105681.66,0.2372764250616563,0.0,16352.0,37.0,0.1843499999984782,31.5,32.625,36.870000000000005,0.0,0.0,0.0,0.0,0.0,20.0,0.3,0.1,0.2,0.1,0.4,0.1,0.1,0.1,0.5,0.0,55696.0,0.12333022120080436,0.0,65535.0,0.08241397726405737,0.0,0.0,0.0,0.0,0.0,0.0,0.0,0.0,0.0,0.0
105741.73,0.23853207487686284,0.0,16352.0,37.0,0.23884999999847467,31.5625,32.6875,36.85000000000002,0.0,0.0,0.0,0.0,0.0,20.0,0.3,0.1,0.2,0.1,0.4,0.1,0.1,0.1,0.5,0.0,55776.0,0.12338640275387264,0.0,65535.0,0.08166628519111925,0.0,0.0,0.0,0.0,0.0,0.0,0.0,0.0,0.0,0.0
105801.81,0.2393117122771421,0.0,16352.0,37.0,0.18554999999847624,31.5625,32.625,36.79000000000002,0.0,0.0,0.0,0.0,0.0,20.0,0.3,0.1,0.2,0.1,0.4,0.1,0.1,0.1,0.5,0.0,56085.0,0.1230097173932424,0.0,65535.0,0.08247501335164416,0.0,0.0,0.0,0.0,0.0,0.0,0.0,0.0,0.0,0.0
105861.88,0.23672612507725427,0.0,16352.0,37.0,0.18464999999847534,31.5,32.6875,36.710000000000036,0.0,0.0,0.0,0.0,0.0,20.0,0.3,0.1,0.2,0.1,0.4,0.1,0.1,0.1,0.5,0.0,55670.0,0.12376504400934076,0.0,65535.0,0.08181887541008621,0.0,0.0,0.0,0.0,0.0,0.0,0.0,0.0,0.0,0.0
105921.96,0.2747617537116839,0.0,16352.0,37.0,0.24144999999848138,31.5,32.625,36.73000000000002,0.0,0.0,0.0,0.0,0.0,20.0,0.3,0.1,0.2,0.1,0.4,0.1,0.1,0.1,0.5,0.0,55725.0,0.12348138178555405,0.0,65535.0,0.08216983291371023,0.0,0.0,0.0,0.0,0.0,0.0,0.0,0.0,0.0,0.0
105982.03,0.2167016007072671,0.0,16352.0,37.0,0.22294999999846976,31.5,32.625,36.870000000000005,0.0,0.0,0.0,0.0,0.0,20.0,0.3,0.1,0.2,0.1,0.4,0.1,0.1,0.1,0.5,0.0,55533.0,0.12383627752867664,0.0,65535.0,0.08198672465094987,0.0,0.0,0.0,0.0,0.0,0.0,0.0,0.0,0.0,0.0
106042.11,0.22079184358978143,0.0,16352.0,37.0,0.19644999999847795,31.5,32.625,37.05000000000001,0.0,0.0,0.0,0.0,0.0,20.0,0.3,0.1,0.2,0.1,0.4,0.1,0.1,0.1,0.5,0.0,55650.0,0.1233423180592992,0.0,65535.0,0.08200198367284657,0.0,0.0,0.0,0.0,0.0,0.0,0.0,0.0,0.0,0.0
106102.18,0.22803443587762806,0.0,16352.0,37.0,0.2193499999984679,31.5,32.6875,36.79000000000002,0.0,0.0,0.0,0.0,0.0,20.0,0.3,0.1,0.2,0.1,0.4,0.1,0.1,0.1,0.5,0.0,55584.0,0.12395653425446171,0.0,65535.0,0.08180361638818952,0.0,0.0,0.0,0.0,0.0,0.0,0.0,0.0,0.0,0.0
106162.24,0.2367937853316438,0.0,16352.0,37.0,0.23994999999847758,31.5,32.6875,36.89000000000004,0.0,0.0,0.0,0.0,0.0,20.0,0.3,0.1,0.2,0.1,0.4,0.1,0.1,0.1,0.5,0.0,55945.0,0.12296005004915542,0.0,65535.0,0.08209353780422675,0.0,0.0,0.0,0.0,0.0,0.0,0.0,0.0,0.0,0.0
106222.3,0.22443400859676602,0.0,16352.0,37.0,0.2173499999984714,31.5,32.6875,36.950000000000045,0.0,0.0,0.0,0.0,0.0,20.0,0.3,0.1,0.2,0.1,0.4,0.1,0.1,0.1,0.5,0.0,55152.0,0.12512692196112563,0.0,65535.0,0.08160524910353247,0.0,0.0,0.0,0.0,0.0,0.0,0.0,0.0,0.0,0.0
106282.35,0.22400735080895368,0.0,16352.0,37.0,0.23944999999846636,31.4375,32.625,36.870000000000005,0.0,0.0,0.0,0.0,0.0,20.0,0.3,0.1,0.2,0.1,0.4,0.1,0.1,0.1,0.5,0.0,55390.0,0.12419209243545766,0.0,65535.0,0.08174258030060273,0.0,0.0,0.0,0.0,0.0,0.0,0.0,0.0,0.0,0.0
106342.4,0.2279019908541792,0.0,16352.0,37.0,0.14524999999846164,31.5,32.625,36.93000000000001,0.0,0.0,0.0,0.0,0.0,20.0,0.3,0.1,0.2,0.1,0.4,0.1,0.1,0.1,0.5,0.0,56094.0,0.12293649944735623,0.0,65535.0,0.08192568856336309,0.0,0.0,0.0,0.0,0.0,0.0,0.0,0.0,0.0,0.0
106402.44,0.22088957615695845,0.0,16352.0,37.0,0.17784999999847206,31.5,32.6875,36.950000000000045,0.0,0.0,0.0,0.0,0.0,20.0,0.3,0.1,0.2,0.1,0.4,0.1,0.1,0.1,0.5,0.0,55867.0,0.12374031181198203,0.0,65535.0,0.08216983291371023,0.0,0.0,0.0,0.0,0.0,0.0,0.0,0.0,0.0,0.0
106462.48,0.2424485827537727,0.0,16352.0,37.0,0.2155499999984679,31.4375,32.625,36.870000000000005,0.0,0.0,0.0,0.0,0.0,20.0,0.3,0.1,0.2,0.1,0.4,0.1,0.1,0.1,0.5,0.0,55500.0,0.12423423423423423,0.0,65535.0,0.08218509193560693,0.0,0.0,0.0,0.0,0.0,0.0,0.0,0.0,0.0,0.0
106522.52,0.24692073198822234,0.0,16352.0,37.0,0.19964999999846644,31.4375,32.6875,36.81,0.0,0.0,0.0,0.0,0.0,20.0,0.3,0.1,0.2,0.1,0.4,0.1,0.1,0.1,0.5,0.0,55815.0,0.12364059840544657,0.0,65535.0,0.08210879682612345,0.0,0.0,0.0,0.0,0.0,0.0,0.0,0.0,0.0,0.0
106582.57,0.21923355163216657,0.0,16352.0,37.0,0.20494999999846078,31.5,32.6875,36.79000000000002,0.0,0.0,0.0,0.0,0.0,20.0,0.3,0.1,0.2,0.1,0.4,0.1,0.1,0.1,0.5,0.0,55558.0,0.12424853306454516,0.0,65535.0,0.08201724269474327,0.0,0.0,0.0,0.0,0.0,0.0,0.0,0.0,0.0,0.0
106642.62,0.22231879404125687,0.0,16352.0,37.0,0.20584999999845996,31.4375,32.6875,37.01000000000005,0.0,0.0,0.0,0.0,0.0,20.0,0.3,0.1,0.2,0.1,0.4,0.1,0.1,0.1,0.5,0.0,55900.0,0.12364937388193202,0.0,65535.0,0.08201724269474327,0.0,0.0,0.0,0.0,0.0,0.0,0.0,0.0,0.0,0.0
106702.66,0.22567211165818077,0.0,16352.0,37.0,0.2052499999984588,31.4375,32.625,36.81,0.0,0.0,0.0,0.0,0.0,20.0,0.3,0.1,0.2,0.1,0.4,0.1,0.1,0.1,0.5,0.0,55948.0,0.12348966897833703,0.0,65535.0,0.08223086900129702,0.0,0.0,0.0,0.0,0.0,0.0,0.0,0.0,0.0,0.0
106762.7,0.22834275226442818,0.0,16352.0,37.0,0.22584999999846847,31.375,32.625,36.79000000000002,0.0,0.0,0.0,0.0,0.0,20.0,0.3,0.1,0.2,0.1,0.4,0.1,0.1,0.1,0.5,0.0,56435.0,0.12309736865420395,0.0,65535.0,0.08262760357061112,0.0,0.0,0.0,0.0,0.0,0.0,0.0,0.0,0.0,0.0
106822.75,0.2313394154010267,0.0,16352.0,37.0,0.18114999999846648,31.375,32.625,36.690000000000055,0.0,0.0,0.0,0.0,0.0,20.0,0.3,0.1,0.2,0.1,0.4,0.1,0.1,0.1,0.5,0.0,55651.0,0.12445418770552191,0.0,65535.0,0.08207827878233005,0.0,0.0,0.0,0.0,0.0,0.0,0.0,0.0,0.0,0.0
106882.83,0.26260431258902006,0.0,16352.0,37.0,0.20704999999845713,31.5,32.625,36.870000000000005,0.0,0.0,0.0,0.0,0.0,20.0,0.3,0.1,0.2,0.1,0.4,0.1,0.1,0.1,0.5,0.0,55878.0,0.12368016034933248,0.0,65535.0,0.08236820019836728,0.0,0.0,0.0,0.0,0.0,0.0,0.0,0.0,0.0,0.0
106942.87,0.23750638246974426,0.0,16352.0,37.0,0.2170499999984614,31.5,32.625,36.89000000000004,0.0,0.0,0.0,0.0,0.0,20.0,0.3,0.1,0.2,0.1,0.4,0.1,0.1,0.1,0.5,0.0,55783.0,0.12432102970439023,0.0,65535.0,0.08244449530785077,0.0,0.0,0.0,0.0,0.0,0.0,0.0,0.0,0.0,0.0
107002.94,0.26083488936484,0.0,16352.0,37.0,0.2426499999984665,31.5,32.6875,36.73000000000002,0.0,0.0,0.0,0.0,0.0,20.0,0.3,0.1,0.2,0.1,0.4,0.1,0.1,0.1,0.5,0.0,55974.0,0.1235930967949405,0.0,65535.0,0.08203250171663996,0.0,0.0,0.0,0.0,0.0,0.0,0.0,0.0,0.0,0.0
107063.02,0.2382178762356948,0.0,16352.0,37.0,0.18734999999845908,31.5,32.625,36.870000000000005,0.0,0.0,0.0,0.0,0.0,20.0,0.3,0.1,0.2,0.1,0.4,0.1,0.1,0.1,0.5,0.0,56332.0,0.12328694170276219,0.0,65535.0,0.08195620660715648,0.0,0.0,0.0,0.0,0.0,0.0,0.0,0.0,0.0,0.0
107123.08,0.24387833825548827,0.0,16352.0,37.0,0.2023499999984588,31.5,32.625,37.05000000000001,0.0,0.0,0.0,0.0,0.0,20.0,0.3,0.1,0.2,0.1,0.4,0.1,0.1,0.1,0.5,0.0,55972.0,0.12357964696634031,0.0,65535.0,0.08194094758525979,0.0,0.0,0.0,0.0,0.0,0.0,0.0,0.0,0.0,0.0
107183.12,0.2824918237181148,0.0,16352.0,37.0,0.17464999999845215,31.5,32.625,36.85000000000002,0.0,0.0,0.0,0.0,0.0,20.0,0.3,0.1,0.2,0.1,0.4,0.1,0.1,0.1,0.5,0.0,56030.0,0.12404069248616813,0.0,65535.0,0.08210879682612345,0.0,0.0,0.0,0.0,0.0,0.0,0.0,0.0,0.0,0.0
107243.18,0.22499868015025964,0.0,16352.0,37.0,0.2155499999984576,31.5,32.6875,36.650000000000034,0.0,0.0,0.0,0.0,0.0,20.0,0.3,0.1,0.2,0.1,0.4,0.1,0.1,0.1,0.5,0.0,55831.0,0.1243395246368505,0.0,65535.0,0.08218509193560693,0.0,0.0,0.0,0.0,0.0,0.0,0.0,0.0,0.0,0.0
107303.22,0.2541114644864221,0.0,16352.0,37.0,0.20524999999845106,31.4375,32.625,36.710000000000036,0.0,0.0,0.0,0.0,0.0,20.0,0.3,0.1,0.2,0.1,0.4,0.1,0.1,0.1,0.5,0.0,55877.0,0.12450561053743042,0.0,65535.0,0.08265812161440451,0.0,0.0,0.0,0.0,0.0,0.0,0.0,0.0,0.0,0.0
107363.26,0.22028918581207016,0.0,16352.0,37.0,0.2014499999984545,31.4375,32.625,36.79000000000002,0.0,0.0,0.0,0.0,0.0,20.0,0.3,0.1,0.2,0.1,0.4,0.1,0.1,0.1,0.5,0.0,55812.0,0.12459686089013115,0.0,65535.0,0.08216983291371023,0.0,0.0,0.0,0.0,0.0,0.0,0.0,0.0,0.0,0.0
107423.31,0.22881948357362272,0.0,16352.0,37.0,0.17434999999844733,31.4375,32.5625,36.79000000000002,0.0,0.0,0.0,0.0,0.0,20.0,0.3,0.1,0.2,0.1,0.4,0.1,0.1,0.1,0.5,0.0,56335.0,0.12363539540250289,0.0,65535.0,0.08223086900129702,0.0,0.0,0.0,0.0,0.0,0.0,0.0,0.0,0.0,0.0
107483.36,0.21615327809472273,0.0,16352.0,37.0,0.22644999999845847,31.375,32.6875,36.870000000000005,0.0,0.0,0.0,0.0,0.0,20.0,0.3,0.1,0.2,0.1,0.4,0.1,0.1,0.1,0.5,0.0,55992.0,0.12424989284183455,0.0,65535.0,0.0822919050888838,0.0,0.0,0.0,0.0,0.0,0.0,0.0,0.0,0.0,0.0
107543.4,0.21535044947406518,0.0,16352.0,37.0,0.20204999999845222,31.4375,32.625,36.870000000000005,0.0,0.0,0.0,0.0,0.0,20.0,0.3,0.1,0.2,0.1,0.4,0.1,0.1,0.1,0.5,0.0,56157.0,0.1240807023167192,0.0,65535.0,0.08206301976043336,0.0,0.0,0.0,0.0,0.0,0.0,0.0,0.0,0.0,0.0
107603.44,0.20407102006769412,0.0,16352.0,37.0,0.20204999999845136,31.375,32.625,36.690000000000055,0.0,0.0,0.0,0.0,0.0,20.0,0.3,0.1,0.2,0.1,0.4,0.1,0.1,0.1,0.5,0.0,56038.0,0.1245048003140726,0.0,65535.0,0.08247501335164416,0.0,0.0,0.0,0.0,0.0,0.0,0.0,0.0,0.0,0.0
107663.49,0.2494211885936056,0.0,16352.0,37.0,0.20494999999844532,31.4375,32.6875,36.950000000000045,0.0,0.0,0.0,0.0,0.0,20.0,0.3,0.1,0.2,0.1,0.4,0.1,0.1,0.1,0.5,0.0,56176.0,0.12414554258046141,0.0,65535.0,0.08224612802319371,0.0,0.0,0.0,0.0,0.0,0.0,0.0,0.0,0.0,0.0
107723.56,0.2191240020418716,0.0,16352.0,37.0,0.2373499999984451,31.4375,32.625,36.870000000000005,0.0,0.0,0.0,0.0,0.0,20.0,0.3,0.1,0.2,0.1,0.4,0.1,0.1,0.1,0.5,0.0,56066.0,0.12440694895301965,0.0,65535.0,0.08235294117647059,0.0,0.0,0.0,0.0,0.0,0.0,0.0,0.0,0.0,0.0
107783.62,0.22646581322197462,0.0,16352.0,37.0,0.2164499999984482,31.4375,32.625,36.79000000000002,0.0,0.0,0.0,0.0,0.0,20.0,0.3,0.1,0.2,0.1,0.4,0.1,0.1,0.1,0.5,0.0,56227.0,0.12389065751329432,0.0,65535.0,0.08207827878233005,0.0,0.0,0.0,0.0,0.0,0.0,0.0,0.0,0.0,0.0
107843.68,0.23331161293599198,0.0,16352.0,37.0,0.25884999999845393,31.4375,32.625,36.870000000000005,0.0,0.0,0.0,0.0,0.0,20.0,0.3,0.1,0.2,0.1,0.4,0.1,0.1,0.1,0.5,0.0,56061.0,0.12457858404238241,0.0,65535.0,0.08287174792095826,0.0,0.0,0.0,0.0,0.0,0.0,0.0,0.0,0.0,0.0
107903.73,0.2358323623429852,0.0,16352.0,37.0,0.18824999999844538,31.4375,32.625,36.77000000000004,0.0,0.0,0.0,0.0,0.0,20.0,0.3,0.1,0.2,0.1,0.4,0.1,0.1,0.1,0.5,0.0,56417.0,0.12373929843841396,0.0,65535.0,0.08212405584802014,0.0,0.0,0.0,0.0,0.0,0.0,0.0,0.0,0.0,0.0
107963.78,0.22729488485518565,0.0,16352.0,37.0,0.20024999999844526,31.4375,32.625,36.81,0.0,0.0,0.0,0.0,0.0,20.0,0.3,0.1,0.2,0.1,0.4,0.1,0.1,0.1,0.5,0.0,55402.0,0.12553698422439624,0.0,65535.0,0.08181887541008621,0.0,0.0,0.0,0.0,0.0,0.0,0.0,0.0,0.0,0.0
108023.84,0.24682150404901446,0.0,16352.0,37.0,0.20174999999844473,31.4375,32.625,36.73000000000002,0.0,0.0,0.0,0.0,0.0,20.0,0.3,0.1,0.2,0.1,0.4,0.1,0.1,0.1,0.5,0.0,55963.0,0.12492182334756893,0.0,65535.0,0.08215457389181353,0.0,0.0,0.0,0.0,0.0,0.0,0.0,0.0,0.0,0.0
108083.9,0.23823792028558624,0.0,16352.0,37.0,0.20614999999843903,31.5,32.5625,36.870000000000005,0.0,0.0,0.0,0.0,0.0,20.0,0.3,0.1,0.2,0.1,0.4,0.1,0.1,0.1,0.5,0.0,55885.0,0.12488145298380603,0.0,65535.0,0.08244449530785077,0.0,0.0,0.0,0.0,0.0,0.0,0.0,0.0,0.0,0.0
108143.96,0.23714498802909373,0.0,16352.0,37.0,0.23854999999843882,31.5,32.625,36.870000000000005,0.0,0.0,0.0,0.0,0.0,20.0,0.3,0.1,0.2,0.1,0.4,0.1,0.1,0.1,0.5,0.0,56072.0,0.12462548152375517,0.0,65535.0,0.08249027237354085,0.0,0.0,0.0,0.0,0.0,0.0,0.0,0.0,0.0,0.0
108204.01,0.22782575701483027,0.0,16352.0,37.0,0.20794999999843652,31.5,32.625,37.03000000000003,0.0,0.005,0.25,0.0,0.0,20.0,0.3,0.1,0.2,0.1,0.4,0.1,0.1,0.1,0.5,0.0,56458.0,0.12398597187289667,0.0,65535.0,0.0822919050888838,0.0,0.0,0.0,0.0,0.0,0.0,0.0,0.0,0.0,0.0
108264.05,0.2491220571423619,0.0,16352.0,37.0,0.2692499999984427,31.375,32.5625,36.49000000000001,0.0,0.0,0.0,0.0,0.0,20.0,0.3,0.1,0.2,0.1,0.4,0.1,0.1,0.1,0.5,0.0,54975.0,0.12451114142792179,0.0,65535.0,0.08043030441748684,0.0,0.0,0.0,0.0,0.0,0.0,0.0,0.0,0.0,0.0
108324.1,0.20714344369853133,0.0,16352.0,37.0,0.27294999999844705,31.375,32.625,36.610000000000014,0.0,0.0,0.0,0.0,0.0,20.0,0.3,0.1,0.2,0.1,0.4,0.1,0.1,0.1,0.5,0.0,54734.0,0.12451127270069792,0.0,65535.0,0.08023193713282979,0.0,0.0,0.0,0.0,0.0,0.0,0.0,0.0,0.0,0.0
108384.14,0.23316347033770246,0.0,16352.0,37.0,0.1941499999984334,31.5,32.5625,36.89000000000004,0.0,0.0,0.0,0.0,0.0,20.0,0.3,0.1,0.2,0.1,0.4,0.1,0.1,0.1,0.5,0.0,55620.0,0.12319309600862999,0.0,65535.0,0.08079652094300756,0.0,0.0,0.0,0.0,0.0,0.0,0.0,0.0,0.0,0.0
108444.18,0.2200008489833289,0.0,16352.0,37.0,0.20114999999843783,31.5,32.5625,36.73000000000002,0.0,0.0,0.0,0.0,0.0,20.0,0.3,0.1,0.2,0.1,0.4,0.1,0.1,0.1,0.5,0.0,55102.0,0.1240063881528801,0.0,65535.0,0.08036926832990006,0.0,0.0,0.0,0.0,0.0,0.0,0.0,0.0,0.0,0.0
108504.23,0.26321108138551774,0.0,16352.0,37.0,0.20024999999843693,31.5625,32.625,36.870000000000005,0.0,0.0,0.0,0.0,0.0,20.0,0.3,0.1,0.2,0.1,0.4,0.1,0.1,0.1,0.5,0.0,54934.0,0.12438562638802927,0.0,65535.0,0.08029297322041658,0.0,0.0,0.0,0.0,0.0,0.0,0.0,0.0,0.0,0.0
108564.3,0.25424040456448455,0.0,16352.0,37.0,0.19814999999843627,31.5,32.625,36.85000000000002,0.0,0.0,0.0,0.0,0.0,20.0,0.3,0.1,0.2,0.1,0.4,0.1,0.1,0.1,0.5,0.0,55409.0,0.12384269703477774,0.0,65535.0,0.08052185854886702,0.0,0.0,0.0,0.0,0.0,0.0,0.0,0.0,0.0,0.0
108624.34,0.24896426354997211,0.0,16352.0,37.0,0.1975499999984351,31.5,32.5625,36.85000000000002,0.0,0.0,0.0,0.0,0.0,20.0,0.3,0.1,0.2,0.1,0.4,0.1,0.1,0.1,0.5,0.0,54948.0,0.12426293950644246,0.0,65535.0,0.08014038300144961,0.0,0.0,0.0,0.0,0.0,0.0,0.0,0.0,0.0,0.0
108684.38,0.2201677050904267,0.0,16352.0,37.0,0.2125499999984348,31.5625,32.5625,37.09000000000003,0.0,0.0,0.0,0.0,0.0,20.0,0.3,0.1,0.2,0.1,0.4,0.1,0.1,0.1,0.5,0.0,54958.0,0.12402198042141271,0.0,65535.0,0.08030823224231327,0.0,0.0,0.0,0.0,0.0,0.0,0.0,0.0,0.0,0.0
108744.45,0.23491640133681857,0.0,16352.0,37.0,0.18954999999843808,31.5,32.5625,36.710000000000036,0.0,0.0,0.0,0.0,0.0,20.0,0.3,0.1,0.2,0.1,0.4,0.1,0.1,0.1,0.5,0.0,54971.0,0.12421094759054774,0.0,65535.0,0.08084229800869765,0.0,0.0,0.0,0.0,0.0,0.0,0.0,0.0,0.0,0.0
108804.5,0.24009923473013017,0.0,16352.0,37.0,0.2065499999984334,31.4375,32.625,36.81,0.0,0.0,0.0,0.0,0.0,20.0,0.3,0.1,0.2,0.1,0.4,0.1,0.1,0.1,0.5,0.0,54843.0,0.12470142041828493,0.0,65535.0,0.08007934691386283,0.0,0.0,0.0,0.0,0.0,0.0,0.0,0.0,0.0,0.0
108864.56,0.21861363358498945,0.0,16352.0,37.0,0.2109499999984277,31.5,32.5625,36.85000000000002,0.0,0.0,0.0,0.0,0.0,20.0,0.3,0.1,0.2,0.1,0.4,0.1,0.1,0.1,0.5,0.0,55130.0,0.12397968438236895,0.0,65535.0,0.08015564202334631,0.0,0.0,0.0,0.0,0.0,0.0,0.0,0.0,0.0,0.0
108924.64,0.2435309686087591,0.0,16352.0,37.0,0.2062499999984311,31.5,32.625,37.03000000000003,0.0,0.0,0.0,0.0,0.0,20.0,0.3,0.1,0.2,0.1,0.4,0.1,0.1,0.1,0.5,0.0,55347.0,0.12367427322167417,0.0,65535.0,0.0802014190890364,0.0,0.0,0.0,0.0,0.0,0.0,0.0,0.0,0.0,0.0
108984.71,0.22156422132037973,0.0,16352.0,37.0,0.24004999999842622,31.4375,32.625,36.77000000000004,0.0,0.0,0.0,0.0,0.0,20.0,0.3,0.1,0.2,0.1,0.4,0.1,0.1,0.1,0.5,0.0,55122.0,0.12450564203040529,0.0,65535.0,0.08030823224231327,0.0,0.0,0.0,0.0,0.0,0.0,0.0,0.0,0.0,0.0
109044.79,0.24325149048448713,0.0,16352.0,37.0,0.20564999999842906,31.4375,32.625,37.03000000000003,0.0,0.0,0.0,0.0,0.0,20.0,0.3,0.1,0.2,0.1,0.4,0.1,0.1,0.1,0.5,0.0,55437.0,0.12372603135090282,0.0,65535.0,0.08026245517662318,0.0,0.0,0.0,0.0,0.0,0.0,0.0,0.0,0.0,0.0
109104.83,0.214473968033092,0.0,16352.0,37.0,0.1891499999984273,31.4375,32.5625,36.870000000000005,0.0,0.0,0.0,0.0,0.0,20.0,0.3,0.1,0.2,0.1,0.4,0.1,0.1,0.1,0.5,0.0,55178.0,0.1242342962775019,0.0,65535.0,0.0801861600671397,0.0,0.0,0.0,0.0,0.0,0.0,0.0,0.0,0.0,0.0
109164.88,0.2216507052198864,0.0,16352.0,37.0,0.19764999999843208,31.4375,32.625,36.950000000000045,0.0,0.0,0.0,0.0,0.0,20.0,0.3,0.1,0.2,0.1,0.4,0.1,0.1,0.1,0.5,0.0,55702.0,0.12311945711105526,0.0,65535.0,0.08035400930800336,0.0,0.0,0.0,0.0,0.0,0.0,0.0,0.0,0.0,0.0
109224.94,0.23453990758345367,0.0,16352.0,37.0,0.2285499999984324,31.4375,32.625,36.870000000000005,0.0,0.0,0.0,0.0,0.0,20.0,0.3,0.1,0.2,0.1,0.4,0.1,0.1,0.1,0.5,0.0,55264.0,0.12404096699478866,0.0,65535.0,0.08015564202334631,0.0,0.0,0.0,0.0,0.0,0.0,0.0,0.0,0.0,0.0
109285.02,0.19874656060470625,0.0,16352.0,37.0,0.22744999999842172,31.4375,32.625,37.09000000000003,0.0,0.0,0.0,0.0,0.0,20.0,0.3,0.1,0.2,0.1,0.4,0.1,0.1,0.1,0.5,0.0,54921.0,0.12457894066022104,0.0,65535.0,0.08004882887006942,0.0,0.0,0.0,0.0,0.0,0.0,0.0,0.0,0.0,0.0
109345.09,0.22058835636936516,0.0,16352.0,37.0,0.22624999999842024,31.4375,32.5625,36.870000000000005,0.0,0.0,0.0,0.0,0.0,20.0,0.3,0.1,0.2,0.1,0.4,0.1,0.1,0.1,0.5,0.0,55078.0,0.12473219797378264,0.0,65535.0,0.08030823224231327,0.0,0.0,0.0,0.0,0.0,0.0,0.0,0.0,0.0,0.0
109405.15,0.22207734941795385,0.0,16352.0,37.0,0.17034999999842673,31.4375,32.625,36.81,0.0,0.0,0.0,0.0,0.0,20.0,0.3,0.1,0.2,0.1,0.4,0.1,0.1,0.1,0.5,0.0,55570.0,0.12391578189670685,0.0,65535.0,0.08044556343938354,0.0,0.0,0.0,0.0,0.0,0.0,0.0,0.0,0.0,0.0
109465.22,0.20423125948518137,0.0,16352.0,37.0,0.2041499999984227,31.4375,32.625,36.81,0.0,0.0,0.0,0.0,0.0,20.0,0.3,0.1,0.2,0.1,0.4,0.1,0.1,0.1,0.5,0.0,55206.0,0.12437053943411948,0.0,65535.0,0.0801861600671397,0.0,0.0,0.0,0.0,0.0,0.0,0.0,0.0,0.0,0.0
109525.26,0.25488451375598087,0.0,16352.0,37.0,0.21764999999842208,31.4375,32.5625,36.93000000000001,0.0,0.0,0.0,0.0,0.0,20.0,0.3,0.1,0.2,0.1,0.4,0.1,0.1,0.1,0.5,0.0,55264.0,0.12411334684423857,0.0,65535.0,0.0802166781109331,0.0,0.0,0.0,0.0,0.0,0.0,0.0,0.0,0.0,0.0
109585.34,0.23153941191035593,0.0,16352.0,37.0,0.2091499999984156,31.4375,32.625,36.97000000000003,0.0,0.0,0.0,0.0,0.0,20.0,0.3,0.1,0.2,0.1,0.4,0.1,0.1,0.1,0.5,0.0,55211.0,0.12444983789462245,0.0,65535.0,0.08026245517662318,0.0,0.0,0.0,0.0,0.0,0.0,0.0,0.0,0.0,0.0
109645.37,0.24257726401477597,0.0,16352.0,37.0,0.20054999999841916,31.375,32.625,36.870000000000005,0.0,0.0,0.0,0.0,0.0,20.0,0.3,0.1,0.2,0.1,0.4,0.1,0.1,0.1,0.5,0.0,55039.0,0.12494776431257835,0.0,65535.0,0.08082703898680095,0.0,0.0,0.0,0.0,0.0,0.0,0.0,0.0,0.0,0.0
109705.45,0.2242613667085011,0.0,16352.0,37.0,0.1563499999984116,31.4375,32.625,36.690000000000055,0.0,0.0,0.0,0.0,0.0,20.0,0.3,0.1,0.2,0.1,0.4,0.1,0.1,0.1,0.5,0.0,55441.0,0.12436644360671704,0.0,65535.0,0.08058289463645381,0.0,0.0,0.0,0.0,0.0,0.0,0.0,0.0,0.0,0.0
109765.52,0.2368998016334788,0.0,16352.0,37.0,0.23524999999841345,31.4375,32.5625,36.870000000000005,0.0,0.0,0.0,0.0,0.0,20.0,0.3,0.1,0.2,0.1,0.4,0.1,0.1,0.1,0.5,0.0,55161.0,0.12481644640234948,0.0,65535.0,0.08015564202334631,0.0,0.0,0.0,0.0,0.0,0.0,0.0,0.0,0.0,0.0
109825.58,0.23697944864638465,0.0,16352.0,37.0,0.20674999999841095,31.4375,32.625,36.81,0.0,0.0,0.0,0.0,0.0,20.0,0.3,0.1,0.2,0.1,0.4,0.1,0.1,0.1,0.5,0.0,55368.0,0.12429562201993931,0.0,65535.0,0.08053711757076372,0.0,0.0,0.0,0.0,0.0,0.0,0.0,0.0,0.0,0.0
109885.63,0.2247999347651678,0.0,16352.0,37.0,0.2167499999984152,31.4375,32.5625,36.77000000000004,0.0,0.0,0.0,0.0,0.0,20.0,0.3,0.1,0.2,0.1,0.4,0.1,0.1,0.1,0.5,0.0,55103.0,0.12503856414351305,0.0,65535.0,0.08007934691386283,0.0,0.0,0.0,0.0,0.0,0.0,0.0,0.0,0.0,0.0
109945.7,0.24410442302638255,0.0,16352.0,37.0,0.21944999999841447,31.4375,32.625,36.690000000000055,0.0,0.0,0.0,0.0,0.0,20.0,0.3,0.1,0.2,0.1,0.4,0.1,0.1,0.1,0.5,0.0,55413.0,0.12414054463753993,0.0,65535.0,0.08052185854886702,0.0,0.0,0.0,0.0,0.0,0.0,0.0,0.0,0.0,0.0
110005.76,0.2261904924198923,0.0,16352.0,37.0,0.1808499999984169,31.5,32.5625,36.97000000000003,0.0,0.0,0.0,0.0,0.0,20.0,0.3,0.1,0.2,0.1,0.4,0.1,0.1,0.1,0.5,0.0,55413.0,0.12417663725118655,0.0,65535.0,0.08026245517662318,0.0,0.0,0.0,0.0,0.0,0.0,0.0,0.0,0.0,0.0
110065.83,0.21630731417574955,0.0,16352.0,37.0,0.22764999999841778,31.5,32.5625,36.85000000000002,0.0,0.0,0.0,0.0,0.0,20.0,0.3,0.1,0.2,0.1,0.4,0.1,0.1,0.1,0.5,0.0,55255.0,0.12471269568364854,0.0,65535.0,0.08049134050507363,0.0,0.0,0.0,0.0,0.0,0.0,0.0,0.0,0.0,0.0
110125.86,0.2397068694937599,0.0,16352.0,37.0,0.22004999999841218,31.4375,32.625,36.79000000000002,0.0,0.0,0.0,0.0,0.0,20.0,0.3,0.1,0.2,0.1,0.4,0.1,0.1,0.1,0.5,0.0,55744.0,0.12392365097588978,0.0,65535.0,0.0805981536583505,0.0,0.0,0.0,0.0,0.0,0.0,0.0,0.0,0.0,0.0
110185.91,0.22097581658428905,0.0,16352.0,37.0,0.20264999999841038,31.4375,32.5625,36.870000000000005,0.0,0.0,0.0,0.0,0.0,20.0,0.3,0.1,0.2,0.1,0.4,0.1,0.1,0.1,0.5,0.0,55291.0,0.12457723680164945,0.0,65535.0,0.08032349126420997,0.0,0.0,0.0,0.0,0.0,0.0,0.0,0.0,0.0,0.0
110245.95,0.2115436200501227,0.0,16352.0,37.0,0.24294999999841635,31.4375,32.5625,36.79000000000002,0.0,0.0,0.0,0.0,0.0,20.0,0.3,0.1,0.2,0.1,0.4,0.1,0.1,0.1,0.5,0.0,54986.0,0.12523187720510676,0.0,65535.0,0.08036926832990006,0.0,0.0,0.0,0.0,0.0,0.0,0.0,0.0,0.0,0.0
110306.0,0.23005255717356782,0.0,16352.0,37.0,0.20444999999840957,31.5,32.625,36.97000000000003,0.0,0.0,0.0,0.0,0.0,20.0,0.3,0.1,0.2,0.1,0.4,0.1,0.1,0.1,0.5,0.0,55418.0,0.1245985059006099,0.0,65535.0,0.08038452735179676,0.0,0.0,0.0,0.0,0.0,0.0,0.0,0.0,0.0,0.0
110366.04,0.24705463926259572,0.0,16352.0,37.0,0.2209499999984096,31.5,32.5625,37.05000000000001,0.0,0.0,0.0,0.0,0.0,20.0,0.3,0.1,0.2,0.1,0.4,0.1,0.1,0.1,0.5,0.0,55860.0,0.12389903329752953,0.0,65535.0,0.08070496681162738,0.0,0.0,0.0,0.0,0.0,0.0,0.0,0.0,0.0,0.0
110426.08,0.2362084680144752,0.0,16352.0,37.0,0.1770499999984018,31.5,32.5625,36.870000000000005,0.0,0.0,0.0,0.0,0.0,20.0,0.3,0.1,0.2,0.1,0.4,0.1,0.1,0.1,0.5,0.0,55790.0,0.1240724144111848,0.0,65535.0,0.08027771419851988,0.0,0.0,0.0,0.0,0.0,0.0,0.0,0.0,0.0,0.0
110486.13,0.24595368839829443,0.0,16352.0,37.0,0.1855499999984057,31.4375,32.625,36.89000000000004,0.0,0.0,0.0,0.0,0.0,20.0,0.3,0.1,0.2,0.1,0.4,0.1,0.1,0.1,0.5,0.0,55141.0,0.12542391324060137,0.0,65535.0,0.08053711757076372,0.0,0.0,0.0,0.0,0.0,0.0,0.0,0.0,0.0,0.0
110546.21,0.2415589003247458,0.0,16352.0,37.0,0.21584999999840573,31.375,32.5625,36.81,0.0,0.0,0.0,0.0,0.0,20.0,0.3,0.1,0.2,0.1,0.4,0.1,0.1,0.1,0.5,0.0,55355.0,0.12493902989793153,0.0,65535.0,0.08067444876783399,0.0,0.0,0.0,0.0,0.0,0.0,0.0,0.0,0.0,0.0
110606.28,0.23523900187150387,0.0,16352.0,37.0,0.2644499999984067,31.375,32.5625,36.89000000000004,0.0,0.0,0.0,0.0,0.0,20.0,0.3,0.1,0.2,0.1,0.4,0.1,0.1,0.1,0.5,0.0,55245.0,0.12553172232781248,0.0,65535.0,0.08046082246128024,0.0,0.0,0.0,0.0,0.0,0.0,0.0,0.0,0.0,0.0
110666.34,0.19272728579804002,0.0,16352.0,37.0,0.22914999999840951,31.375,32.625,36.77000000000004,0.0,0.0,0.0,0.0,0.0,20.0,0.3,0.1,0.2,0.1,0.4,0.1,0.1,0.1,0.5,0.0,55373.0,0.1248803568526177,0.0,65535.0,0.08081177996490425,0.0,0.0,0.0,0.0,0.0,0.0,0.0,0.0,0.0,0.0
110726.41,0.20607796020479327,0.0,16352.0,37.0,0.2465499999984096,31.375,32.625,36.77000000000004,0.0,0.0,0.0,0.0,0.0,20.0,0.3,0.1,0.2,0.1,0.4,0.1,0.1,0.1,0.5,0.0,55175.0,0.12531037607612144,0.0,65535.0,0.0802014190890364,0.0,0.0,0.0,0.0,0.0,0.0,0.0,0.0,0.0,0.0
110786.49,0.23539214103422584,0.0,16352.0,37.0,0.2068499999984022,31.4375,32.5625,36.85000000000002,0.0,0.0,0.0,0.0,0.0,20.0,0.3,0.1,0.2,0.1,0.4,0.1,0.1,0.1,0.5,0.0,55343.0,0.12476735991905029,0.0,65535.0,0.0805981536583505,0.0,0.0,0.0,0.0,0.0,0.0,0.0,0.0,0.0,0.0
110846.56,0.2574720490171007,0.0,16352.0,37.0,0.20154999999840617,31.5625,32.5625,36.79000000000002,0.0,0.0,0.0,0.0,0.0,20.0,0.3,0.1,0.2,0.1,0.4,0.1,0.1,0.1,0.5,0.0,55925.0,0.12430934286991506,0.0,65535.0,0.0810101472495613,0.0,0.0,0.0,0.0,0.0,0.0,0.0,0.0,0.0,0.0
110906.59,0.2374489391021225,0.0,16352.0,37.0,0.24034999999839674,31.5,32.625,36.870000000000005,0.0,0.0,0.0,0.0,0.0,20.0,0.3,0.1,0.2,0.1,0.4,0.1,0.1,0.1,0.5,0.0,55725.0,0.12459398833557649,0.0,65535.0,0.08079652094300756,0.0,0.0,0.0,0.0,0.0,0.0,0.0,0.0,0.0,0.0
110966.62,0.21424642536802488,0.0,16352.0,37.0,0.16084999999839286,31.4375,32.625,36.870000000000005,0.0,0.0,0.0,0.0,0.0,20.0,0.3,0.1,0.2,0.1,0.4,0.1,0.1,0.1,0.5,0.0,55882.0,0.12413657349414839,0.0,65535.0,0.08012512397955292,0.0,0.0,0.0,0.0,0.0,0.0,0.0,0.0,0.0,0.0
111026.67,0.22359931665004965,0.0,16352.0,37.0,0.2767499999984011,31.375,32.625,36.81,0.0,0.0,0.0,0.0,0.0,20.0,0.3,0.1,0.2,0.1,0.4,0.1,0.1,0.1,0.5,0.0,55860.0,0.12461510920157537,0.0,65535.0,0.08039978637369345,0.0,0.0,0.0,0.0,0.0,0.0,0.0,0.0,0.0,0.0
111086.73,0.21643102948480505,0.0,16352.0,37.0,0.2029499999983972,31.4375,32.625,36.77000000000004,0.0,0.0,0.0,0.0,0.0,20.0,0.3,0.1,0.2,0.1,0.4,0.1,0.1,0.1,0.5,0.0,55426.0,0.12519395229675603,0.0,65535.0,0.0805981536583505,0.0,0.0,0.0,0.0,0.0,0.0,0.0,0.0,0.0,0.0
111146.78,0.2097149552555274,0.0,16352.0,37.0,0.2408499999984028,31.4375,32.5625,36.79000000000002,0.0,0.0,0.0,0.0,0.0,20.0,0.3,0.1,0.2,0.1,0.4,0.1,0.1,0.1,0.5,0.0,56098.0,0.12408642019323327,0.0,65535.0,0.08079652094300756,0.0,0.0,0.0,0.0,0.0,0.0,0.0,0.0,0.0,0.0
111206.82,0.22841761222522788,0.0,16352.0,37.0,0.2044499999983958,31.4375,32.5625,36.85000000000002,0.0,0.0,0.0,0.0,0.0,20.0,0.3,0.1,0.2,0.1,0.4,0.1,0.1,0.1,0.5,0.0,55331.0,0.1256077063490629,0.0,65535.0,0.080170901045243,0.0,0.0,0.0,0.0,0.0,0.0,0.0,0.0,0.0,0.0
111266.89,0.21348142967971329,0.0,16352.0,37.0,0.22444999999839096,31.5,32.625,36.81,0.0,0.0,0.0,0.0,0.0,20.0,0.3,0.1,0.2,0.1,0.4,0.1,0.1,0.1,0.5,0.0,55927.0,0.12421549519909883,0.0,65535.0,0.08047608148317693,0.0,0.0,0.0,0.0,0.0,0.0,0.0,0.0,0.0,0.0
111326.93,0.2243446526348834,0.0,16352.0,37.0,0.21944999999839465,31.4375,32.5625,36.97000000000003,0.0,0.0,0.0,0.0,0.0,20.0,0.3,0.1,0.2,0.1,0.4,0.1,0.1,0.1,0.5,0.0,55387.0,0.1253543250221171,0.0,65535.0,0.08032349126420997,0.0,0.0,0.0,0.0,0.0,0.0,0.0,0.0,0.0,0.0
111387.0,0.2093885268161479,0.0,16352.0,37.0,0.24064999999838957,31.5,32.5625,36.870000000000005,0.0,0.0,0.0,0.0,0.0,20.0,0.3,0.1,0.2,0.1,0.4,0.1,0.1,0.1,0.5,0.0,55818.0,0.12476262137661687,0.0,65535.0,0.08047608148317693,0.0,0.0,0.0,0.0,0.0,0.0,0.0,0.0,0.0,0.0
111447.07,0.23108130782851438,0.0,16352.0,37.0,0.20354999999839232,31.4375,32.5625,36.870000000000005,0.0,0.0,0.0,0.0,0.0,20.0,0.3,0.1,0.2,0.1,0.4,0.1,0.1,0.1,0.5,0.0,55467.0,0.1253538139794833,0.0,65535.0,0.08073548485542077,0.0,0.0,0.0,0.0,0.0,0.0,0.0,0.0,0.0,0.0
111507.15,0.21952803400372267,0.0,16352.0,37.0,0.217649999998392,31.5,32.625,36.73000000000002,0.0,0.0,0.0,0.0,0.0,20.0,0.3,0.1,0.2,0.1,0.4,0.1,0.1,0.1,0.5,0.0,55418.0,0.12575336533256343,0.0,65535.0,0.08050659952697033,0.0,0.0,0.0,0.0,0.0,0.0,0.0,0.0,0.0,0.0
111567.22,0.22843557357932773,0.0,16352.0,37.0,0.24944999999839235,31.5,32.625,36.93000000000001,0.0,0.0,0.0,0.0,0.0,20.0,0.3,0.1,0.2,0.1,0.4,0.1,0.1,0.1,0.5,0.0,54925.0,0.12680928538916705,0.0,65535.0,0.08039978637369345,0.0,0.0,0.0,0.0,0.0,0.0,0.0,0.0,0.0,0.0
111627.3,0.2375189553636366,0.0,16352.0,37.0,0.21034999999838527,31.4375,32.5625,37.05000000000001,0.0,0.0,0.0,0.0,0.0,20.0,0.3,0.1,0.2,0.1,0.4,0.1,0.1,0.1,0.5,0.0,55687.0,0.12500224468906568,0.0,65535.0,0.08075074387731747,0.0,0.0,0.0,0.0,0.0,0.0,0.0,0.0,0.0,0.0
111687.33,0.22545510598247193,0.0,16352.0,37.0,0.22474999999838466,31.5,32.625,36.81,0.0,0.0,0.0,0.0,0.0,20.0,0.3,0.1,0.2,0.1,0.4,0.1,0.1,0.1,0.5,0.0,55690.0,0.12485185850242414,0.0,65535.0,0.08038452735179676,0.0,0.0,0.0,0.0,0.0,0.0,0.0,0.0,0.0,0.0
111747.41,0.21392386203396827,0.0,16352.0,37.0,0.22794999999839338,31.4375,32.5625,36.870000000000005,0.0,0.0,0.0,0.0,0.0,20.0,0.3,0.1,0.2,0.1,0.4,0.1,0.1,0.1,0.5,0.0,55922.0,0.12463788848753621,0.0,65535.0,0.08027771419851988,0.0,0.0,0.0,0.0,0.0,0.0,0.0,0.0,0.0,0.0
111807.49,0.2409055235574749,0.0,16352.0,37.0,0.24354999999839338,31.4375,32.5625,36.870000000000005,0.0,0.0,0.0,0.0,0.0,20.0,0.3,0.1,0.2,0.1,0.4,0.1,0.1,0.1,0.5,0.0,55708.0,0.12518848280318806,0.0,65535.0,0.0810101472495613,0.0,0.0,0.0,0.0,0.0,0.0,0.0,0.0,0.0,0.0
111867.57,0.2317395046300538,0.0,16352.0,37.0,0.229449999998392,31.375,32.5625,36.950000000000045,0.0,0.0,0.0,0.0,0.0,20.0,0.3,0.1,0.2,0.1,0.4,0.1,0.1,0.1,0.5,0.0,55249.0,0.1260113305218194,0.0,65535.0,0.08049134050507363,0.0,0.0,0.0,0.0,0.0,0.0,0.0,0.0,0.0,0.0
111927.63,0.24172292315155522,0.0,16352.0,37.0,0.24744999999839237,31.4375,32.5625,36.950000000000045,0.0,0.0,0.0,0.0,0.0,20.0,0.3,0.1,0.2,0.1,0.4,0.1,0.1,0.1,0.5,0.0,55712.0,0.12505384836300976,0.0,65535.0,0.08030823224231327,0.0,0.0,0.0,0.0,0.0,0.0,0.0,0.0,0.0,0.0
111987.68,0.2361777560631832,0.0,16352.0,37.0,0.20774999999838498,31.5,32.5625,36.97000000000003,0.0,0.0,0.0,0.0,0.0,20.0,0.3,0.1,0.2,0.1,0.4,0.1,0.1,0.1,0.5,0.0,55725.0,0.12516823687752354,0.0,65535.0,0.08041504539559015,0.0,0.0,0.0,0.0,0.0,0.0,0.0,0.0,0.0,0.0
112047.72,0.2239809642410752,0.0,16352.0,37.0,0.20414999999838399,31.4375,32.5625,36.89000000000004,0.0,0.0,0.0,0.0,0.0,20.0,0.3,0.1,0.2,0.1,0.4,0.1,0.1,0.1,0.5,0.0,55232.0,0.12644843568945538,0.0,65535.0,0.08050659952697033,0.0,0.0,0.0,0.0,0.0,0.0,0.0,0.0,0.0,0.0
112107.79,0.24134917559716598,0.0,16352.0,37.0,0.19824999999838766,31.5,32.5625,36.690000000000055,0.0,0.0,0.0,0.0,0.0,20.0,0.3,0.1,0.2,0.1,0.4,0.1,0.1,0.1,0.5,0.0,55680.0,0.1257543103448276,0.0,65535.0,0.081025406271458,0.0,0.0,0.0,0.0,0.0,0.0,0.0,0.0,0.0,0.0
112167.82,0.23621172053156791,0.0,16352.0,37.0,0.11904999999838436,31.5625,32.5625,36.870000000000005,0.0,0.0,0.0,0.0,0.0,20.0,0.3,0.1,0.2,0.1,0.4,0.1,0.1,0.1,0.5,0.0,55382.0,0.12599761655411507,0.0,65535.0,0.08049134050507363,0.0,0.0,0.0,0.0,0.0,0.0,0.0,0.0,0.0,0.0
112227.85,0.25465885872113475,0.0,16352.0,37.0,0.2155499999983827,31.5,32.5625,36.870000000000005,0.0,0.0,0.0,0.0,0.0,20.0,0.3,0.1,0.2,0.1,0.4,0.1,0.1,0.1,0.5,0.0,55354.0,0.12649492358275824,0.0,65535.0,0.08039978637369345,0.0,0.0,0.0,0.0,0.0,0.0,0.0,0.0,0.0,0.0
112287.9,0.22687576252590042,0.0,16352.0,37.0,0.25794999999838847,31.5,32.5625,36.710000000000036,0.0,0.0,0.0,0.0,0.0,20.0,0.3,0.1,0.2,0.1,0.4,0.1,0.1,0.1,0.5,0.0,55886.0,0.1257381097233654,0.0,65535.0,0.08067444876783399,0.0,0.0,0.0,0.0,0.0,0.0,0.0,0.0,0.0,0.0
112347.98,0.23595327351782433,0.0,16352.0,37.0,0.23794999999837738,31.4375,32.5625,36.77000000000004,0.0,0.0,0.0,0.0,0.0,20.0,0.3,0.1,0.2,0.1,0.4,0.1,0.1,0.1,0.5,0.0,55597.0,0.1261578862168822,0.0,65535.0,0.08078126192111086,0.0,0.0,0.0,0.0,0.0,0.0,0.0,0.0,0.0,0.0
112408.06,0.20793274393069142,0.0,16352.0,37.0,0.2285499999983859,31.375,32.5625,36.79000000000002,0.0,0.0,0.0,0.0,0.0,20.0,0.3,0.1,0.2,0.1,0.4,0.1,0.1,0.1,0.5,0.0,55930.0,0.1252637225102807,0.0,65535.0,0.08050659952697033,0.0,0.0,0.0,0.0,0.0,0.0,0.0,0.0,0.0,0.0
112468.1,0.24279999173676015,0.0,16352.0,37.0,0.2103499999983749,31.5,32.5625,36.97000000000003,0.0,0.0,0.0,0.0,0.0,20.0,0.3,0.1,0.2,0.1,0.4,0.1,0.1,0.1,0.5,0.0,55871.0,0.12544969662257702,0.0,65535.0,0.08036926832990006,0.0,0.0,0.0,0.0,0.0,0.0,0.0,0.0,0.0,0.0
112528.14,0.23356530133474182,0.0,16352.0,37.0,0.18854999999837793,31.4375,32.5625,36.85000000000002,0.0,0.0,0.0,0.0,0.0,20.0,0.3,0.1,0.2,0.1,0.4,0.1,0.1,0.1,0.5,0.0,55956.0,0.1253127457287869,0.0,65535.0,0.08082703898680095,0.0,0.0,0.0,0.0,0.0,0.0,0.0,0.0,0.0,0.0
112588.19,0.23302235446381464,0.0,16352.0,37.0,0.23974999999837399,31.5,32.5625,36.97000000000003,0.0,0.0,0.0,0.0,0.0,20.0,0.3,0.1,0.2,0.1,0.4,0.1,0.1,0.1,0.5,0.0,55711.0,0.1258638329952792,0.0,65535.0,0.08056763561455711,0.0,0.0,0.0,0.0,0.0,0.0,0.0,0.0,0.0,0.0
112648.27,0.2575518931084245,0.0,16352.0,37.0,0.24214999999837264,31.5,32.5625,37.01000000000005,0.0,0.0,0.0,0.0,0.0,20.0,0.3,0.1,0.2,0.1,0.4,0.1,0.1,0.1,0.5,0.0,55388.0,0.12641727449989168,0.0,65535.0,0.08039978637369345,0.0,0.0,0.0,0.0,0.0,0.0,0.0,0.0,0.0,0.0
112708.34,0.22330058091139657,0.0,16352.0,37.0,0.17034999999837852,31.5,32.5625,36.89000000000004,0.0,0.0,0.0,0.0,0.0,20.0,0.3,0.1,0.2,0.1,0.4,0.1,0.1,0.1,0.5,0.0,55369.0,0.126767685889216,0.0,65535.0,0.0806286717021439,0.0,0.0,0.0,0.0,0.0,0.0,0.0,0.0,0.0,0.0
112768.37,0.24006084137464512,0.0,16352.0,37.0,0.2459499999983808,31.4375,32.5625,36.89000000000004,0.0,0.0,0.0,0.0,0.0,20.0,0.3,0.1,0.2,0.1,0.4,0.1,0.1,0.1,0.5,0.0,55906.0,0.1260150967695775,0.0,65535.0,0.08035400930800336,0.0,0.0,0.0,0.0,0.0,0.0,0.0,0.0,0.0,0.0
112828.42,0.22650993823853008,0.0,16352.0,37.0,0.24654999999838023,31.5,32.5625,36.690000000000055,0.0,0.0,0.0,0.0,0.0,20.0,0.3,0.1,0.2,0.1,0.4,0.1,0.1,0.1,0.5,0.0,56392.0,0.125,0.0,65535.0,0.08096437018387122,0.0,0.0,0.0,0.0,0.0,0.0,0.0,0.0,0.0,0.0
112888.46,0.23030615501783067,0.0,16352.0,37.0,0.22124999999837397,31.5,32.5625,36.870000000000005,0.0,0.0,0.0,0.0,0.0,20.0,0.3,0.1,0.2,0.1,0.4,0.1,0.1,0.1,0.5,0.0,55667.0,0.12632259687067743,0.0,65535.0,0.0806286717021439,0.0,0.0,0.0,0.0,0.0,0.0,0.0,0.0,0.0,0.0
112948.5,0.22936706264593165,0.0,16352.0,37.0,0.2315499999983788,31.5,32.5625,37.110000000000014,0.0,0.0,0.0,0.0,0.0,20.0,0.3,0.1,0.2,0.1,0.4,0.1,0.1,0.1,0.5,0.0,56526.0,0.12459753034002052,0.0,65535.0,0.08053711757076372,0.0,0.0,0.0,0.0,0.0,0.0,0.0,0.0,0.0,0.0
113008.58,0.24964986076402615,0.0,16352.0,37.0,0.19824999999837725,31.5625,32.5625,36.85000000000002,0.0,0.0,0.0,0.0,0.0,20.0,0.3,0.1,0.2,0.1,0.4,0.1,0.1,0.1,0.5,0.0,56115.0,0.12584870355519914,0.0,65535.0,0.08073548485542077,0.0,0.0,0.0,0.0,0.0,0.0,0.0,0.0,0.0,0.0
113068.61,0.22258778030236384,0.0,16352.0,37.0,0.28274999999837486,31.4375,32.5,37.01000000000005,0.0,0.0,0.0,0.0,0.0,20.0,0.3,0.1,0.2,0.1,0.4,0.1,0.1,0.1,0.5,0.0,55788.0,0.12601276260127625,0.0,65535.0,0.08058289463645381,0.0,0.0,0.0,0.0,0.0,0.0,0.0,0.0,0.0,0.0
113128.66,0.23864300372812577,0.0,16352.0,37.0,0.18594999999837508,31.5625,32.5,37.05000000000001,0.0,0.0,0.0,0.0,0.0,20.0,0.3,0.1,0.2,0.1,0.4,0.1,0.1,0.1,0.5,0.0,55775.0,0.12604213357238905,0.0,65535.0,0.08078126192111086,0.0,0.0,0.0,0.0,0.0,0.0,0.0,0.0,0.0,0.0
113188.73,0.21612104146875058,0.0,16352.0,37.0,0.20354999999836987,31.5,32.5625,37.01000000000005,0.0,0.0,0.0,0.0,0.0,20.0,0.3,0.1,0.2,0.1,0.4,0.1,0.1,0.1,0.5,0.0,56037.0,0.12614879454646039,0.0,65535.0,0.08049134050507363,0.0,0.0,0.0,0.0,0.0,0.0,0.0,0.0,0.0,0.0
113248.8,0.2166391655308144,0.0,16352.0,37.0,0.18644999999836864,31.5,32.5,37.01000000000005,0.0,0.0,0.0,0.0,0.0,20.0,0.3,0.1,0.2,0.1,0.4,0.1,0.1,0.1,0.5,0.0,55804.0,0.12658590782022794,0.0,65535.0,0.08014038300144961,0.0,0.0,0.0,0.0,0.0,0.0,0.0,0.0,0.0,0.0
113308.83,0.2346425335051917,0.0,16352.0,37.0,0.2376499999983647,31.4375,32.5625,36.870000000000005,0.0,0.0,0.0,0.0,0.0,20.0,0.3,0.1,0.2,0.1,0.4,0.1,0.1,0.1,0.5,0.0,55823.0,0.12681152929795964,0.0,65535.0,0.0810101472495613,0.0,0.0,0.0,0.0,0.0,0.0,0.0,0.0,0.0,0.0
113368.89,0.2235326040158988,0.0,16352.0,37.0,0.18464999999836684,31.4375,32.5625,36.93000000000001,0.0,0.0,0.0,0.0,0.0,20.0,0.3,0.1,0.2,0.1,0.4,0.1,0.1,0.1,0.5,0.0,56283.0,0.12575733347547216,0.0,65535.0,0.08078126192111086,0.0,0.0,0.0,0.0,0.0,0.0,0.0,0.0,0.0,0.0
113428.96,0.2166099750490909,0.0,16352.0,37.0,0.24644999999836834,31.4375,32.5,36.85000000000002,0.0,0.0,0.0,0.0,0.0,20.0,0.3,0.1,0.2,0.1,0.4,0.1,0.1,0.1,0.5,0.0,55848.0,0.12671895143962184,0.0,65535.0,0.08067444876783399,0.0,0.0,0.0,0.0,0.0,0.0,0.0,0.0,0.0,0.0
113489.02,0.23156175269597318,0.0,16352.0,37.0,0.2906499999983591,31.4375,32.5,36.870000000000005,0.0,0.0,0.0,0.0,0.0,20.0,0.3,0.1,0.2,0.1,0.4,0.1,0.1,0.1,0.5,0.0,55871.0,0.12675627785434304,0.0,65535.0,0.08039978637369345,0.0,0.0,0.0,0.0,0.0,0.0,0.0,0.0,0.0,0.0
113549.09,0.219162968343623,0.0,16352.0,37.0,0.18794999999836381,31.4375,32.5625,36.81,0.0,0.0,0.0,0.0,0.0,20.0,0.3,0.1,0.2,0.1,0.4,0.1,0.1,0.1,0.5,0.0,55749.0,0.12697985614091734,0.0,65535.0,0.08047608148317693,0.0,0.0,0.0,0.0,0.0,0.0,0.0,0.0,0.0,0.0
113609.13,0.20712243844048298,0.0,16352.0,37.0,0.223549999998359,31.5,32.5625,36.81,0.0,0.0,0.0,0.0,0.0,20.0,0.3,0.1,0.2,0.1,0.4,0.1,0.1,0.1,0.5,0.0,56296.0,0.12608355833451754,0.0,65535.0,0.08070496681162738,0.0,0.0,0.0,0.0,0.0,0.0,0.0,0.0,0.0,0.0
113669.17,0.20161393619106385,0.0,16352.0,37.0,0.2500499999983642,31.4375,32.5625,36.870000000000005,0.0,0.0,0.0,0.0,0.0,20.0,0.3,0.1,0.2,0.1,0.4,0.1,0.1,0.1,0.5,0.0,55781.0,0.12678152058944803,0.0,65535.0,0.08052185854886702,0.0,0.0,0.0,0.0,0.0,0.0,0.0,0.0,0.0,0.0
113729.22,0.20193289236100287,0.0,16352.0,37.0,0.16294999999835472,31.375,32.5,37.01000000000005,0.0,0.0,0.0,0.0,0.0,20.0,0.3,0.1,0.2,0.1,0.4,0.1,0.1,0.1,0.5,0.0,56455.0,0.12594101496767338,0.0,65535.0,0.08070496681162738,0.0,0.0,0.0,0.0,0.0,0.0,0.0,0.0,0.0,0.0
113789.26,0.21807483085509677,0.0,16352.0,37.0,0.24294999999836636,31.5,32.5625,36.77000000000004,0.0,0.0,0.0,0.0,0.0,20.0,0.3,0.1,0.2,0.1,0.4,0.1,0.1,0.1,0.5,0.0,55965.0,0.12654337532386312,0.0,65535.0,0.08082703898680095,0.0,0.0,0.0,0.0,0.0,0.0,0.0,0.0,0.0,0.0
113849.31,0.22434397305277004,0.0,16352.0,37.0,0.22204999999835523,31.5,32.5625,36.79000000000002,0.0,0.0,0.0,0.0,0.0,20.0,0.3,0.1,0.2,0.1,0.4,0.1,0.1,0.1,0.5,0.0,55959.0,0.12677138619346306,0.0,65535.0,0.08081177996490425,0.0,0.0,0.0,0.0,0.0,0.0,0.0,0.0,0.0,0.0
113909.35,0.23214050982392143,0.0,16352.0,37.0,0.22854999999836437,31.4375,32.5625,36.85000000000002,0.0,0.0,0.0,0.0,0.0,20.0,0.3,0.1,0.2,0.1,0.4,0.1,0.1,0.1,0.5,0.0,55804.0,0.12728478245287075,0.0,65535.0,0.08055237659266042,0.0,0.0,0.0,0.0,0.0,0.0,0.0,0.0,0.0,0.0
113969.4,0.2532802798225875,0.0,16352.0,37.0,0.24414999999836437,31.4375,32.5625,36.81,0.0,0.0,0.0,0.0,0.0,20.0,0.3,0.1,0.2,0.1,0.4,0.1,0.1,0.1,0.5,0.0,55846.0,0.12670558321097303,0.0,65535.0,0.08081177996490425,0.0,0.0,0.0,0.0,0.0,0.0,0.0,0.0,0.0,0.0
114029.44,0.21957496510341673,0.0,16352.0,37.0,0.250049999998359,31.4375,32.5,36.870000000000005,0.0,0.0,0.0,0.0,0.0,20.0,0.3,0.1,0.2,0.1,0.4,0.1,0.1,0.1,0.5,0.0,56312.0,0.12633186532177867,0.0,65535.0,0.08110170138094148,0.0,0.0,0.0,0.0,0.0,0.0,0.0,0.0,0.0,0.0
114089.48,0.2134645883532314,0.0,16352.0,37.0,0.24944999999835785,31.5,32.5625,36.93000000000001,0.0,0.0,0.0,0.0,0.0,20.0,0.3,0.1,0.2,0.1,0.4,0.1,0.1,0.1,0.5,0.0,55982.0,0.12705869743846238,0.0,65535.0,0.0810406652933547,0.0,0.0,0.0,0.0,0.0,0.0,0.0,0.0,0.0,0.0
114149.56,0.24725354031271024,0.0,16352.0,37.0,0.2197499999983556,31.5,32.5625,36.89000000000004,0.0,0.0,0.0,0.0,0.0,20.0,0.3,0.1,0.2,0.1,0.4,0.1,0.1,0.1,0.5,0.0,55975.0,0.12693166592228675,0.0,65535.0,0.08079652094300756,0.0,0.0,0.0,0.0,0.0,0.0,0.0,0.0,0.0,0.0
114209.6,0.23431289487215817,0.0,16352.0,37.0,0.24414999999836096,31.4375,32.5,36.870000000000005,0.0,0.0,0.0,0.0,0.0,20.0,0.3,0.1,0.2,0.1,0.4,0.1,0.1,0.1,0.5,0.0,56139.0,0.12654304494201893,0.0,65535.0,0.08078126192111086,0.0,0.0,0.0,0.0,0.0,0.0,0.0,0.0,0.0,0.0
114269.65,0.2230920187253947,0.0,16352.0,37.0,0.2627499999983608,31.4375,32.5625,36.870000000000005,0.0,0.0,0.0,0.0,0.0,20.0,0.3,0.1,0.2,0.1,0.4,0.1,0.1,0.1,0.5,0.0,56319.0,0.1266180152346455,0.0,65535.0,0.08068970778973068,0.0,0.0,0.0,0.0,0.0,0.0,0.0,0.0,0.0,0.0
114329.72,0.23091122195773345,0.0,16352.0,37.0,0.2557499999983547,31.4375,32.5625,36.73000000000002,0.0,0.0,0.0,0.0,0.0,20.0,0.3,0.1,0.2,0.1,0.4,0.1,0.1,0.1,0.5,0.0,56438.0,0.1264219143130515,0.0,65535.0,0.0810101472495613,0.0,0.0,0.0,0.0,0.0,0.0,0.0,0.0,0.0,0.0
114389.77,0.2163421595657918,0.0,16352.0,37.0,0.1830499999983463,31.5,32.5,36.93000000000001,0.0,0.0,0.0,0.0,0.0,20.0,0.3,0.1,0.2,0.1,0.4,0.1,0.1,0.1,0.5,0.0,55637.0,0.12754102485755883,0.0,65535.0,0.08067444876783399,0.0,0.0,0.0,0.0,0.0,0.0,0.0,0.0,0.0,0.0
114449.8,0.24095422675186795,0.0,16352.0,37.0,0.20684999999835138,31.5,32.5625,36.89000000000004,0.0,0.0,0.0,0.0,0.0,20.0,0.3,0.1,0.2,0.1,0.4,0.1,0.1,0.1,0.5,0.0,56103.0,0.12694508315063366,0.0,65535.0,0.08067444876783399,0.0,0.0,0.0,0.0,0.0,0.0,0.0,0.0,0.0,0.0
114509.88,0.28248699902869834,0.0,16352.0,37.0,0.19974999999835527,31.5,32.5625,36.93000000000001,0.0,0.0,0.0,0.0,0.0,20.0,0.3,0.1,0.2,0.1,0.4,0.1,0.1,0.1,0.5,0.0,55935.0,0.12730848306069545,0.0,65535.0,0.08075074387731747,0.0,0.0,0.0,0.0,0.0,0.0,0.0,0.0,0.0,0.0
114569.92,0.22508222302157144,0.0,16352.0,37.0,0.22384999999834584,31.4375,32.5625,36.79000000000002,0.0,0.0,0.0,0.0,0.0,20.0,0.3,0.1,0.2,0.1,0.4,0.1,0.1,0.1,0.5,0.0,56136.0,0.12690608522160468,0.0,65535.0,0.08049134050507363,0.0,0.0,0.0,0.0,0.0,0.0,0.0,0.0,0.0,0.0
114629.96,0.24463714961205532,0.0,16352.0,37.0,0.24264999999835546,31.5,32.5625,36.870000000000005,0.0,0.0,0.0,0.0,0.0,20.0,0.3,0.1,0.2,0.1,0.4,0.1,0.1,0.1,0.5,0.0,56070.0,0.12741216336721956,0.0,65535.0,0.08111696040283818,0.0,0.0,0.0,0.0,0.0,0.0,0.0,0.0,0.0,0.0
114690.01,0.2182914622594878,0.0,16352.0,37.0,0.19644999999835314,31.5,32.5625,37.01000000000005,0.0,0.0,0.0,0.0,0.0,20.0,0.3,0.1,0.2,0.1,0.4,0.1,0.1,0.1,0.5,0.0,55900.0,0.12756708407871198,0.0,65535.0,0.08091859311818113,0.0,0.0,0.0,0.0,0.0,0.0,0.0,0.0,0.0,0.0
114750.05,0.22704201138190827,0.0,16352.0,37.0,0.24294999999835432,31.375,32.5,36.870000000000005,0.0,0.0,0.0,0.0,0.0,20.0,0.3,0.1,0.2,0.1,0.4,0.1,0.1,0.1,0.5,0.0,56354.0,0.12705398019661426,0.0,65535.0,0.08079652094300756,0.0,0.0,0.0,0.0,0.0,0.0,0.0,0.0,0.0,0.0
114810.1,0.23953071296134212,0.0,16352.0,37.0,0.26444999999834984,31.4375,32.5,36.93000000000001,0.0,0.0,0.0,0.0,0.0,20.0,0.3,0.1,0.2,0.1,0.4,0.1,0.1,0.1,0.5,0.0,56516.0,0.12656592823271287,0.0,65535.0,0.0806134126802472,0.0,0.0,0.0,0.0,0.0,0.0,0.0,0.0,0.0,0.0
114870.14,0.24417927720995317,0.0,16352.0,37.0,0.20324999999834692,31.4375,32.5625,37.05000000000001,0.0,0.0,0.0,0.0,0.0,20.0,0.3,0.1,0.2,0.1,0.4,0.1,0.1,0.1,0.5,0.0,56112.0,0.1271564014827488,0.0,65535.0,0.08072022583352408,0.0,0.0,0.0,0.0,0.0,0.0,0.0,0.0,0.0,0.0
114930.18,0.2395278893645963,0.0,16352.0,37.0,0.24474999999835265,31.4375,32.5625,36.85000000000002,0.0,0.0,0.0,0.0,0.0,20.0,0.3,0.1,0.2,0.1,0.4,0.1,0.1,0.1,0.5,0.0,56571.0,0.12656661540365205,0.0,65535.0,0.0810406652933547,0.0,0.0,0.0,0.0,0.0,0.0,0.0,0.0,0.0,0.0
114990.26,0.2420822888378798,0.0,16352.0,37.0,0.26214999999835276,31.375,32.5625,37.110000000000014,0.0,0.0,0.0,0.0,0.0,20.0,0.3,0.1,0.2,0.1,0.4,0.1,0.1,0.1,0.5,0.0,56413.0,0.12660202435608814,0.0,65535.0,0.08078126192111086,0.0,0.0,0.0,0.0,0.0,0.0,0.0,0.0,0.0,0.0
115050.31,0.23036248144755495,0.0,16352.0,37.0,0.1994499999983495,31.4375,32.5625,36.97000000000003,0.0,0.0,0.0,0.0,0.0,20.0,0.3,0.1,0.2,0.1,0.4,0.1,0.1,0.1,0.5,0.0,55945.0,0.12751809813209403,0.0,65535.0,0.08070496681162738,0.0,0.0,0.0,0.0,0.0,0.0,0.0,0.0,0.0,0.0
115110.37,0.23071622362445693,0.0,16352.0,37.0,0.2435499999983503,31.375,32.5,36.870000000000005,0.0,0.0,0.0,0.0,0.0,20.0,0.3,0.1,0.2,0.1,0.4,0.1,0.1,0.1,0.5,0.0,56149.0,0.12726851769399278,0.0,65535.0,0.0806286717021439,0.0,0.0,0.0,0.0,0.0,0.0,0.0,0.0,0.0,0.0
115170.42,0.22449866046895486,0.0,16352.0,37.0,0.24474999999835007,31.4375,32.5,36.870000000000005,0.0,0.0,0.0,0.0,0.0,20.0,0.3,0.1,0.2,0.1,0.4,0.1,0.1,0.1,0.5,0.0,56843.0,0.12603134950653555,0.0,65535.0,0.08087281605249104,0.0,0.0,0.0,0.0,0.0,0.0,0.0,0.0,0.0,0.0
115230.48,0.22650500373454208,0.0,16352.0,37.0,0.22534999999833843,31.4375,32.5625,36.870000000000005,0.0,0.0,0.0,0.0,0.0,20.0,0.3,0.1,0.2,0.1,0.4,0.1,0.1,0.1,0.5,0.0,56398.0,0.12764637043866803,0.0,65535.0,0.08111696040283818,0.0,0.0,0.0,0.0,0.0,0.0,0.0,0.0,0.0,0.0
115290.55,0.2388709423399899,0.0,16352.0,37.0,0.24974999999834296,31.4375,32.5,36.710000000000036,0.0,0.0,0.0,0.0,0.0,20.0,0.3,0.1,0.2,0.1,0.4,0.1,0.1,0.1,0.5,0.0,55876.0,0.12821247047032716,0.0,65535.0,0.08078126192111086,0.0,0.0,0.0,0.0,0.0,0.0,0.0,0.0,0.0,0.0
115350.63,0.2268023036548637,0.0,16352.0,37.0,0.2824499999983433,31.4375,32.5,36.85000000000002,0.0,0.0,0.0,0.0,0.0,20.0,0.3,0.1,0.2,0.1,0.4,0.1,0.1,0.1,0.5,0.0,55937.0,0.1279653896347677,0.0,65535.0,0.08114747844663157,0.0,0.0,0.0,0.0,0.0,0.0,0.0,0.0,0.0,0.0
115410.7,0.24957913472784518,0.0,16352.0,37.0,0.22774999999833537,31.5,32.5625,36.870000000000005,0.0,0.005,0.25,0.0,0.0,20.0,0.3,0.1,0.2,0.1,0.4,0.1,0.1,0.1,0.5,0.0,57003.0,0.1260284546427381,0.0,65535.0,0.08093385214007782,0.0,0.0,0.0,0.0,0.0,0.0,0.0,0.0,0.0,0.0
115470.78,0.24782223325911937,0.0,16352.0,37.0,0.33144999999833313,31.4375,32.5625,36.77000000000004,0.0,0.0,0.0,0.0,0.0,20.0,0.3,0.1,0.2,0.1,0.4,0.1,0.1,0.1,0.5,0.0,55347.0,0.1267277359206461,0.0,65535.0,0.07895017929350728,0.0,0.0,0.0,0.0,0.0,0.0,0.0,0.0,0.0,0.0
115530.83,0.2141547665697689,0.0,16352.0,37.0,0.24034999999833329,31.375,32.5,36.81,0.0,0.0,0.0,0.0,0.0,20.0,0.3,0.1,0.2,0.1,0.4,0.1,0.1,0.1,0.5,0.0,55011.0,0.1271745650869826,0.0,65535.0,0.0789044022278172,0.0,0.0,0.0,0.0,0.0,0.0,0.0,0.0,0.0,0.0
115590.9,0.23016464574651926,0.0,16352.0,37.0,0.26094999999834295,31.4375,32.5625,36.950000000000045,0.0,0.0,0.0,0.0,0.0,20.0,0.3,0.1,0.2,0.1,0.4,0.1,0.1,0.1,0.5,0.0,55903.0,0.12530633418600076,0.0,65535.0,0.07876707103074693,0.0,0.0,0.0,0.0,0.0,0.0,0.0,0.0,0.0,0.0
115650.94,0.1990924112401624,0.0,16352.0,37.0,0.21474999999834063,31.4375,32.5625,36.950000000000045,0.0,0.0,0.0,0.0,0.0,20.0,0.3,0.1,0.2,0.1,0.4,0.1,0.1,0.1,0.5,0.0,55245.0,0.12641868042356774,0.0,65535.0,0.07858396276798657,0.0,0.0,0.0,0.0,0.0,0.0,0.0,0.0,0.0,0.0
115710.98,0.23696578809421392,0.0,16352.0,37.0,0.21554999999833477,31.4375,32.5,36.93000000000001,0.0,0.0,0.0,0.0,0.0,20.0,0.3,0.1,0.2,0.1,0.4,0.1,0.1,0.1,0.5,0.0,55818.0,0.12553298219212441,0.0,65535.0,0.07922484168764782,0.0,0.0,0.0,0.0,0.0,0.0,0.0,0.0,0.0,0.0
115771.04,0.21450554615594725,0.0,16352.0,37.0,0.21314999999833353,31.4375,32.5625,36.93000000000001,0.0,0.0,0.0,0.0,0.0,20.0,0.3,0.1,0.2,0.1,0.4,0.1,0.1,0.1,0.5,0.0,55670.0,0.12584875157176217,0.0,65535.0,0.07911802853437094,0.0,0.0,0.0,0.0,0.0,0.0,0.0,0.0,0.0,0.0
115831.09,0.21236592653148895,0.0,16352.0,37.0,0.19634999999833203,31.5,32.5,36.950000000000045,0.0,0.0,0.0,0.0,0.0,20.0,0.3,0.1,0.2,0.1,0.4,0.1,0.1,0.1,0.5,0.0,55345.0,0.1265696991598157,0.0,65535.0,0.07873655298695353,0.0,0.0,0.0,0.0,0.0,0.0,0.0,0.0,0.0,0.0
115891.13,0.20399186820546256,0.0,16352.0,37.0,0.27574999999832916,31.4375,32.5,36.77000000000004,0.0,0.0,0.0,0.0,0.0,20.0,0.3,0.1,0.2,0.1,0.4,0.1,0.1,0.1,0.5,0.0,55583.0,0.126135688969649,0.0,65535.0,0.07920958266575112,0.0,0.0,0.0,0.0,0.0,0.0,0.0,0.0,0.0,0.0
115951.18,0.22859464169473043,0.0,16352.0,37.0,0.2522499999983372,31.375,32.5625,36.870000000000005,0.0,0.0,0.0,0.0,0.0,20.0,0.3,0.1,0.2,0.1,0.4,0.1,0.1,0.1,0.5,0.0,54655.0,0.1275821059372427,0.0,65535.0,0.07898069733730068,0.0,0.0,0.0,0.0,0.0,0.0,0.0,0.0,0.0,0.0
116011.25,0.19983987169780568,0.0,16352.0,37.0,0.22514999999833082,31.375,32.5,37.03000000000003,0.0,0.0,0.0,0.0,0.0,20.0,0.3,0.1,0.2,0.1,0.4,0.1,0.1,0.1,0.5,0.0,55244.0,0.12687350662515387,0.0,65535.0,0.07905699244678416,0.0,0.0,0.0,0.0,0.0,0.0,0.0,0.0,0.0,0.0
116071.3,0.2137363600324392,0.0,16352.0,37.0,0.233349999998335,31.4375,32.5,36.81,0.0,0.0,0.0,0.0,0.0,20.0,0.3,0.1,0.2,0.1,0.4,0.1,0.1,0.1,0.5,0.0,55050.0,0.12704813805631243,0.0,65535.0,0.07878233005264362,0.0,0.0,0.0,0.0,0.0,0.0,0.0,0.0,0.0,0.0
116131.36,0.20545467147928828,0.0,16352.0,37.0,0.23064999999833402,31.375,32.5625,36.950000000000045,0.0,0.0,0.0,0.0,0.0,20.0,0.3,0.1,0.2,0.1,0.4,0.1,0.1,0.1,0.5,0.0,55132.0,0.1272582166436915,0.0,65535.0,0.07881284809643702,0.0,0.0,0.0,0.0,0.0,0.0,0.0,0.0,0.0,0.0
116191.4,0.1891643163168616,0.0,16352.0,37.0,0.2300499999983337,31.3125,32.5,36.950000000000045,0.0,0.0,0.0,0.0,0.0,20.0,0.3,0.1,0.2,0.1,0.4,0.1,0.1,0.1,0.5,0.0,55229.0,0.12701660359593692,0.0,65535.0,0.07910276951247425,0.0,0.0,0.0,0.0,0.0,0.0,0.0,0.0,0.0,0.0
116251.47,0.24467476752515596,0.0,16352.0,37.0,0.24744999999833378,31.4375,32.5,36.93000000000001,0.0,0.0,0.0,0.0,0.0,20.0,0.3,0.1,0.2,0.1,0.4,0.1,0.1,0.1,0.5,0.0,55514.0,0.12652664192816226,0.0,65535.0,0.07884336614023041,0.0,0.0,0.0,0.0,0.0,0.0,0.0,0.0,0.0,0.0
116311.54,0.251031973848885,0.0,16352.0,37.0,0.249249999998333,31.5,32.5,36.870000000000005,0.0,0.0,0.0,0.0,0.0,20.0,0.3,0.1,0.2,0.1,0.4,0.1,0.1,0.1,0.5,0.0,55418.0,0.1263307950485402,0.0,65535.0,0.07884336614023041,0.0,0.0,0.0,0.0,0.0,0.0,0.0,0.0,0.0,0.0
116371.61,0.22176116471901194,0.0,16352.0,37.0,0.2642499999983327,31.5,32.5,36.81,0.0,0.0,0.0,0.0,0.0,20.0,0.3,0.1,0.2,0.1,0.4,0.1,0.1,0.1,0.5,0.0,54847.0,0.12790125257534596,0.0,65535.0,0.07872129396505684,0.0,0.0,0.0,0.0,0.0,0.0,0.0,0.0,0.0,0.0
116431.67,0.25756873753693266,0.0,16352.0,37.0,0.24574999999832112,31.5,32.5,36.89000000000004,0.0,0.0,0.0,0.0,0.0,20.0,0.3,0.1,0.2,0.1,0.4,0.1,0.1,0.1,0.5,0.0,55492.0,0.12663086571037266,0.0,65535.0,0.07905699244678416,0.0,0.0,0.0,0.0,0.0,0.0,0.0,0.0,0.0,0.0
116491.71,0.25106519698535956,0.0,16352.0,37.0,0.20124999999832804,31.5,32.5,37.05000000000001,0.0,0.0,0.0,0.0,0.0,20.0,0.3,0.1,0.2,0.1,0.4,0.1,0.1,0.1,0.5,0.0,55431.0,0.12640940989698904,0.0,65535.0,0.07908751049057755,0.0,0.0,0.0,0.0,0.0,0.0,0.0,0.0,0.0,0.0
116551.76,0.2507903784085044,0.0,16352.0,37.0,0.20564999999832234,31.375,32.5,37.03000000000003,0.0,0.0,0.0,0.0,0.0,20.0,0.3,0.1,0.2,0.1,0.4,0.1,0.1,0.1,0.5,0.0,55809.0,0.12603701911878012,0.0,65535.0,0.0792858777752346,0.0,0.0,0.0,0.0,0.0,0.0,0.0,0.0,0.0,0.0
116611.8,0.23713845196301847,0.0,16352.0,37.0,0.20264999999832164,31.5,32.5,37.03000000000003,0.0,0.0,0.0,0.0,0.0,20.0,0.3,0.1,0.2,0.1,0.4,0.1,0.1,0.1,0.5,0.0,55558.0,0.12684041902156304,0.0,65535.0,0.07963683527885862,0.0,0.0,0.0,0.0,0.0,0.0,0.0,0.0,0.0,0.0
116671.85,0.22194515340604098,0.0,16352.0,37.0,0.22794999999832705,31.4375,32.5,36.93000000000001,0.0,0.0,0.0,0.0,0.0,20.0,0.3,0.1,0.2,0.1,0.4,0.1,0.1,0.1,0.5,0.0,55623.0,0.12699782464088596,0.0,65535.0,0.07893492027161059,0.0,0.0,0.0,0.0,0.0,0.0,0.0,0.0,0.0,0.0
116731.89,0.24421092879638584,0.0,16352.0,37.0,0.2668499999983226,31.4375,32.5,36.79000000000002,0.0,0.0,0.0,0.0,0.0,20.0,0.3,0.1,0.2,0.1,0.4,0.1,0.1,0.1,0.5,0.0,55391.0,0.12745752920149483,0.0,65535.0,0.07901121538109407,0.0,0.0,0.0,0.0,0.0,0.0,0.0,0.0,0.0,0.0
116791.94,0.2236749070614691,0.0,16352.0,37.0,0.28544999999832243,31.4375,32.5625,36.73000000000002,0.0,0.0,0.0,0.0,0.0,20.0,0.3,0.1,0.2,0.1,0.4,0.1,0.1,0.1,0.5,0.0,55463.0,0.1272019183960478,0.0,65535.0,0.07957579919127183,0.0,0.0,0.0,0.0,0.0,0.0,0.0,0.0,0.0,0.0
116851.98,0.21774288179365747,0.0,16352.0,37.0,0.20714999999831835,31.5,32.5,37.03000000000003,0.0,0.0,0.0,0.0,0.0,20.0,0.3,0.1,0.2,0.1,0.4,0.1,0.1,0.1,0.5,0.0,55585.0,0.12681478816227398,0.0,65535.0,0.07870603494316014,0.0,0.0,0.0,0.0,0.0,0.0,0.0,0.0,0.0,0.0
116912.06,0.24262983142936145,0.0,16352.0,37.0,0.2424499999983138,31.4375,32.5625,36.89000000000004,0.0,0.0,0.0,0.0,0.0,20.0,0.3,0.1,0.2,0.1,0.4,0.1,0.1,0.1,0.5,0.0,55076.0,0.1277870578836517,0.0,65535.0,0.07879758907454032,0.0,0.0,0.0,0.0,0.0,0.0,0.0,0.0,0.0,0.0
116972.14,0.21206322755218868,0.0,16352.0,37.0,0.20504999999831597,31.5,32.5,37.03000000000003,0.0,0.0,0.0,0.0,0.0,20.0,0.3,0.1,0.2,0.1,0.4,0.1,0.1,0.1,0.5,0.0,55461.0,0.12717044409585113,0.0,65535.0,0.07901121538109407,0.0,0.0,0.0,0.0,0.0,0.0,0.0,0.0,0.0,0.0
117032.2,0.24208151693619828,0.0,16352.0,37.0,0.2486499999983215,31.4375,32.5,36.870000000000005,0.0,0.0,0.0,0.0,0.0,20.0,0.3,0.1,0.2,0.1,0.4,0.1,0.1,0.1,0.5,0.0,55467.0,0.12719274523590604,0.0,65535.0,0.07927061875333791,0.0,0.0,0.0,0.0,0.0,0.0,0.0,0.0,0.0,0.0
117092.24,0.2342351484557223,0.0,16352.0,37.0,0.18974999999831393,31.4375,32.5625,37.09000000000003,0.0,0.0,0.0,0.0,0.0,20.0,0.3,0.1,0.2,0.1,0.4,0.1,0.1,0.1,0.5,0.0,55805.0,0.12695994982528447,0.0,65535.0,0.07893492027161059,0.0,0.0,0.0,0.0,0.0,0.0,0.0,0.0,0.0,0.0
117152.31,0.231400701863439,0.0,16352.0,37.0,0.2091499999983088,31.5,32.5,37.01000000000005,0.0,0.0,0.0,0.0,0.0,20.0,0.3,0.1,0.2,0.1,0.4,0.1,0.1,0.1,0.5,0.0,55775.0,0.12702823845809055,0.0,65535.0,0.07899595635919737,0.0,0.0,0.0,0.0,0.0,0.0,0.0,0.0,0.0,0.0
117212.38,0.21872056649175975,0.0,16352.0,37.0,0.24064999999830858,31.375,32.5,36.89000000000004,0.0,0.0,0.0,0.0,0.0,20.0,0.3,0.1,0.2,0.1,0.4,0.1,0.1,0.1,0.5,0.0,55129.0,0.12817210542545665,0.0,65535.0,0.07881284809643702,0.0,0.0,0.0,0.0,0.0,0.0,0.0,0.0,0.0,0.0
117272.43,0.23213051573637455,0.0,16352.0,37.0,0.2627499999983186,31.4375,32.5625,36.81,0.0,0.0,0.0,0.0,0.0,20.0,0.3,0.1,0.2,0.1,0.4,0.1,0.1,0.1,0.5,0.0,55637.0,0.12716357819436705,0.0,65535.0,0.07933165484092469,0.0,0.0,0.0,0.0,0.0,0.0,0.0,0.0,0.0,0.0
117332.49,0.24324516377882957,0.0,16352.0,37.0,0.2492499999983175,31.375,32.5,36.870000000000005,0.0,0.0,0.0,0.0,0.0,20.0,0.3,0.1,0.2,0.1,0.4,0.1,0.1,0.1,0.5,0.0,55130.0,0.1283511699619082,0.0,65535.0,0.07933165484092469,0.0,0.0,0.0,0.0,0.0,0.0,0.0,0.0,0.0,0.0
117392.53,0.23943395798208594,0.0,16352.0,37.0,0.2557499999983125,31.375,32.5,36.85000000000002,0.0,0.0,0.0,0.0,0.0,20.0,0.3,0.1,0.2,0.1,0.4,0.1,0.1,0.1,0.5,0.0,55905.0,0.1266434129326536,0.0,65535.0,0.07879758907454032,0.0,0.0,0.0,0.0,0.0,0.0,0.0,0.0,0.0,0.0
117452.56,0.23654185610065623,0.0,16352.0,37.0,0.231549999998316,31.4375,32.5625,36.93000000000001,0.0,0.0,0.0,0.0,0.0,20.0,0.3,0.1,0.2,0.1,0.4,0.1,0.1,0.1,0.5,0.0,55152.0,0.1285175514940528,0.0,65535.0,0.07934691386282139,0.0,0.0,0.0,0.0,0.0,0.0,0.0,0.0,0.0,0.0
117512.61,0.23978375883820202,0.0,16352.0,37.0,0.2615499999983163,31.4375,32.5,36.81,0.0,0.0,0.0,0.0,0.0,20.0,0.3,0.1,0.2,0.1,0.4,0.1,0.1,0.1,0.5,0.0,55834.0,0.12710893004262636,0.0,65535.0,0.07953002212558175,0.0,0.0,0.0,0.0,0.0,0.0,0.0,0.0,0.0,0.0
117572.65,0.23155804483361414,0.0,16352.0,37.0,0.24774999999831546,31.4375,32.5,36.870000000000005,0.0,0.0,0.0,0.0,0.0,20.0,0.3,0.1,0.2,0.1,0.4,0.1,0.1,0.1,0.5,0.0,55322.0,0.12779725967969344,0.0,65535.0,0.07856870374608987,0.0,0.0,0.0,0.0,0.0,0.0,0.0,0.0,0.0,0.0
117632.7,0.24374704869885216,0.0,16352.0,37.0,0.22734999999831468,31.4375,32.5,36.93000000000001,0.0,0.0,0.0,0.0,0.0,20.0,0.3,0.1,0.2,0.1,0.4,0.1,0.1,0.1,0.5,0.0,55860.0,0.12713927676333692,0.0,65535.0,0.07914854657816434,0.0,0.0,0.0,0.0,0.0,0.0,0.0,0.0,0.0,0.0
117692.74,0.21578461585716766,0.0,16352.0,37.0,0.21854999999830846,31.375,32.5625,36.97000000000003,0.0,0.0,0.0,0.0,0.0,20.0,0.3,0.1,0.2,0.1,0.4,0.1,0.1,0.1,0.5,0.0,55410.0,0.12808157372315465,0.0,65535.0,0.07859922178988327,0.0,0.0,0.0,0.0,0.0,0.0,0.0,0.0,0.0,0.0
117752.78,0.21126644689074361,0.0,16352.0,37.0,0.26414999999830957,31.4375,32.5,36.79000000000002,0.0,0.0,0.0,0.0,0.0,20.0,0.3,0.1,0.2,0.1,0.4,0.1,0.1,0.1,0.5,0.0,55369.0,0.12806805252036338,0.0,65535.0,0.0788586251621271,0.0,0.0,0.0,0.0,0.0,0.0,0.0,0.0,0.0,0.0
117812.86,0.23185601144331977,0.0,16352.0,37.0,0.23124999999831278,31.375,32.5,36.93000000000001,0.0,0.0,0.0,0.0,0.0,20.0,0.3,0.1,0.2,0.1,0.4,0.1,0.1,0.1,0.5,0.0,55600.0,0.12760791366906474,0.0,65535.0,0.07902647440299077,0.0,0.0,0.0,0.0,0.0,0.0,0.0,0.0,0.0,0.0
117872.92,0.23879711124941702,0.0,16352.0,37.0,0.2318499999983122,31.375,32.5,36.93000000000001,0.0,0.0,0.0,0.0,0.0,20.0,0.3,0.1,0.2,0.1,0.4,0.1,0.1,0.1,0.5,0.0,55194.0,0.12849222741602348,0.0,65535.0,0.07905699244678416,0.0,0.0,0.0,0.0,0.0,0.0,0.0,0.0,0.0,0.0
117932.97,0.2170638876141803,0.0,16352.0,37.0,0.2642499999983129,31.4375,32.5,36.81,0.0,0.0,0.0,0.0,0.0,20.0,0.3,0.1,0.2,0.1,0.4,0.1,0.1,0.1,0.5,0.0,55447.0,0.12796003390625282,0.0,65535.0,0.07869077592126345,0.0,0.0,0.0,0.0,0.0,0.0,0.0,0.0,0.0,0.0
117993.03,0.211689147365773,0.0,16352.0,37.0,0.23214999999831107,31.4375,32.5,36.93000000000001,0.0,0.0,0.0,0.0,0.0,20.0,0.3,0.1,0.2,0.1,0.4,0.1,0.1,0.1,0.5,0.0,55569.0,0.12764311036729112,0.0,65535.0,0.07939269092851148,0.0,0.0,0.0,0.0,0.0,0.0,0.0,0.0,0.0,0.0
118053.13,0.2246624481865569,0.0,16352.0,37.0,0.25424999999830605,31.375,32.5,36.85000000000002,0.0,0.0,0.0,0.0,0.0,20.0,0.3,0.1,0.2,0.1,0.4,0.1,0.1,0.1,0.5,0.0,56037.0,0.12729089708585398,0.0,65535.0,0.07924010070954451,0.0,0.0,0.0,0.0,0.0,0.0,0.0,0.0,0.0,0.0
118113.16,0.21877748106236636,0.0,16352.0,37.0,0.16344999999830734,31.5,32.5,37.170000000000016,0.0,0.0,0.0,0.0,0.0,20.0,0.3,0.1,0.2,0.1,0.4,0.1,0.1,0.1,0.5,0.0,55525.0,0.1280144079243584,0.0,65535.0,0.07882810711833371,0.0,0.0,0.0,0.0,0.0,0.0,0.0,0.0,0.0,0.0
118173.24,0.24934841679098224,0.0,16352.0,37.0,0.2773499999983058,31.4375,32.5,36.73000000000002,0.0,0.0,0.0,0.0,0.0,20.0,0.3,0.1,0.2,0.1,0.4,0.1,0.1,0.1,0.5,0.0,55413.0,0.128706260263837,0.0,65535.0,0.07960631723506523,0.0,0.0,0.0,0.0,0.0,0.0,0.0,0.0,0.0,0.0
118233.28,0.21874249698892104,0.0,16352.0,37.0,0.23944999999829847,31.375,32.5,36.89000000000004,0.0,0.0,0.0,0.0,0.0,20.0,0.3,0.1,0.2,0.1,0.4,0.1,0.1,0.1,0.5,0.0,55281.0,0.1288326911597113,0.0,65535.0,0.079316395819028,0.0,0.0,0.0,0.0,0.0,0.0,0.0,0.0,0.0,0.0
118293.3,0.22039576141758244,0.0,16352.0,37.0,0.22764999999830662,31.375,32.5,36.93000000000001,0.0,0.0,0.0,0.0,0.0,20.0,0.3,0.1,0.2,0.1,0.4,0.1,0.1,0.1,0.5,0.0,56035.0,0.1272597483715535,0.0,65535.0,0.07917906462195773,0.0,0.0,0.0,0.0,0.0,0.0,0.0,0.0,0.0,0.0
118353.35,0.25079123095463624,0.0,16352.0,37.0,0.22294999999829582,31.4375,32.5,36.950000000000045,0.0,0.0,0.0,0.0,0.0,20.0,0.3,0.1,0.2,0.1,0.4,0.1,0.1,0.1,0.5,0.0,55187.0,0.12894341058582637,0.0,65535.0,0.07917906462195773,0.0,0.0,0.0,0.0,0.0,0.0,0.0,0.0,0.0,0.0
118413.39,0.214841089172027,0.0,16352.0,37.0,0.2603499999983061,31.4375,32.5,36.81,0.0,0.0,0.0,0.0,0.0,20.0,0.3,0.1,0.2,0.1,0.4,0.1,0.1,0.1,0.5,0.0,55173.0,0.1293205009696772,0.0,65535.0,0.07901121538109407,0.0,0.0,0.0,0.0,0.0,0.0,0.0,0.0,0.0,0.0
118473.46,0.24923368235276,0.0,16352.0,37.0,0.245949999998305,31.4375,32.5,36.870000000000005,0.0,0.0,0.0,0.0,0.0,20.0,0.3,0.1,0.2,0.1,0.4,0.1,0.1,0.1,0.5,0.0,55728.0,0.12814025265575654,0.0,65535.0,0.07902647440299077,0.0,0.0,0.0,0.0,0.0,0.0,0.0,0.0,0.0,0.0
118533.53,0.2514974101577384,0.0,16352.0,37.0,0.2724499999982951,31.5,32.5,36.77000000000004,0.0,0.0,0.0,0.0,0.0,20.0,0.3,0.1,0.2,0.1,0.4,0.1,0.1,0.1,0.5,0.0,55019.0,0.1297551754848325,0.0,65535.0,0.07902647440299077,0.0,0.0,0.0,0.0,0.0,0.0,0.0,0.0,0.0,0.0
118593.61,0.2559963254942365,0.0,16352.0,37.0,0.2509499999982979,31.375,32.4375,36.85000000000002,0.0,0.0,0.0,0.0,0.0,20.0,0.3,0.1,0.2,0.1,0.4,0.1,0.1,0.1,0.5,0.0,55872.0,0.12802477090492553,0.0,65535.0,0.07905699244678416,0.0,0.0,0.0,0.0,0.0,0.0,0.0,0.0,0.0,0.0
118653.69,0.23412160735808019,0.0,16352.0,37.0,0.24914999999829698,31.4375,32.5,36.85000000000002,0.0,0.0,0.0,0.0,0.0,20.0,0.3,0.1,0.2,0.1,0.4,0.1,0.1,0.1,0.5,0.0,55904.0,0.1278978248425873,0.0,65535.0,0.0792858777752346,0.0,0.0,0.0,0.0,0.0,0.0,0.0,0.0,0.0,0.0
118713.76,0.2435969637240633,0.0,16352.0,37.0,0.25124999999829595,31.375,32.5,36.85000000000002,0.0,0.0,0.0,0.0,0.0,20.0,0.3,0.1,0.2,0.1,0.4,0.1,0.1,0.1,0.5,0.0,55871.0,0.1282239444434501,0.0,65535.0,0.07997253376058594,0.0,0.0,0.0,0.0,0.0,0.0,0.0,0.0,0.0,0.0
118773.83,0.22959948871131938,0.0,16352.0,37.0,0.229449999998299,31.4375,32.5,36.93000000000001,0.0,0.0,0.0,0.0,0.0,20.0,0.3,0.1,0.2,0.1,0.4,0.1,0.1,0.1,0.5,0.0,55777.0,0.12844003800849813,0.0,65535.0,0.07920958266575112,0.0,0.0,0.0,0.0,0.0,0.0,0.0,0.0,0.0,0.0
118833.9,0.21824575769754787,0.0,16352.0,37.0,0.2512499999982942,31.4375,32.5,36.85000000000002,0.0,0.0,0.0,0.0,0.0,20.0,0.3,0.1,0.2,0.1,0.4,0.1,0.1,0.1,0.5,0.0,55730.0,0.12806387941862551,0.0,65535.0,0.07919432364385443,0.0,0.0,0.0,0.0,0.0,0.0,0.0,0.0,0.0,0.0
118893.98,0.2549063958406157,0.0,16352.0,37.0,0.2050499999982919,31.4375,32.5,37.03000000000003,0.0,0.0,0.0,0.0,0.0,20.0,0.3,0.1,0.2,0.1,0.4,0.1,0.1,0.1,0.5,0.0,55870.0,0.12817254340433148,0.0,65535.0,0.07917906462195773,0.0,0.0,0.0,0.0,0.0,0.0,0.0,0.0,0.0,0.0
118954.05,0.21372844279284417,0.0,16352.0,37.0,0.20264999999829067,31.4375,32.5,37.03000000000003,0.0,0.0,0.0,0.0,0.0,20.0,0.3,0.1,0.2,0.1,0.4,0.1,0.1,0.1,0.5,0.0,55833.0,0.12800673436856339,0.0,65535.0,0.07891966124971389,0.0,0.0,0.0,0.0,0.0,0.0,0.0,0.0,0.0,0.0
119014.13,0.21974456399200298,0.0,16352.0,37.0,0.18494999999828912,31.4375,32.5,37.09000000000003,0.0,0.0,0.0,0.0,0.0,20.0,0.3,0.1,0.2,0.1,0.4,0.1,0.1,0.1,0.5,0.0,55403.0,0.12934317636229084,0.0,65535.0,0.07893492027161059,0.0,0.0,0.0,0.0,0.0,0.0,0.0,0.0,0.0,0.0
119074.2,0.24814795526600636,0.0,16352.0,37.0,0.238149999998295,31.4375,32.5,36.870000000000005,0.0,0.0,0.0,0.0,0.0,20.0,0.3,0.1,0.2,0.1,0.4,0.1,0.1,0.1,0.5,0.0,55710.0,0.1290612098366541,0.0,65535.0,0.07879758907454032,0.0,0.0,0.0,0.0,0.0,0.0,0.0,0.0,0.0,0.0
119134.27,0.2125954718823856,0.0,16352.0,37.0,0.23434999999828424,31.4375,32.5,36.89000000000004,0.0,0.0,0.0,0.0,0.0,20.0,0.3,0.1,0.2,0.1,0.4,0.1,0.1,0.1,0.5,0.0,55815.0,0.12894383230314432,0.0,65535.0,0.07953002212558175,0.0,0.0,0.0,0.0,0.0,0.0,0.0,0.0,0.0,0.0
119194.35,0.23038353379280205,0.0,16352.0,37.0,0.2588499999982938,31.4375,32.4375,36.81,0.0,0.0,0.0,0.0,0.0,20.0,0.3,0.1,0.2,0.1,0.4,0.1,0.1,0.1,0.5,0.0,55789.0,0.12887845274157989,0.0,65535.0,0.07945372701609826,0.0,0.0,0.0,0.0,0.0,0.0,0.0,0.0,0.0,0.0
119254.43,0.22594036010888252,0.0,16352.0,37.0,0.209449999998281,31.4375,32.4375,37.01000000000005,0.0,0.0,0.0,0.0,0.0,20.0,0.3,0.1,0.2,0.1,0.4,0.1,0.1,0.1,0.5,0.0,55381.0,0.1295931817771438,0.0,65535.0,0.07927061875333791,0.0,0.0,0.0,0.0,0.0,0.0,0.0,0.0,0.0,0.0
119314.51,0.2375165841018832,0.0,16352.0,37.0,0.26504999999828727,31.375,32.4375,36.79000000000002,0.0,0.0,0.0,0.0,0.0,20.0,0.3,0.1,0.2,0.1,0.4,0.1,0.1,0.1,0.5,0.0,55112.0,0.13037088111482073,0.0,65535.0,0.07905699244678416,0.0,0.0,0.0,0.0,0.0,0.0,0.0,0.0,0.0,0.0
119374.59,0.2181295192358255,0.0,16352.0,37.0,0.20584999999827916,31.375,32.5,37.01000000000005,0.0,0.0,0.0,0.0,0.0,20.0,0.3,0.1,0.2,0.1,0.4,0.1,0.1,0.1,0.5,0.0,55243.0,0.13009793095957858,0.0,65535.0,0.079316395819028,0.0,0.0,0.0,0.0,0.0,0.0,0.0,0.0,0.0,0.0
119434.66,0.23587874678575216,0.0,16352.0,37.0,0.2597499999982904,31.375,32.5,36.81,0.0,0.0,0.0,0.0,0.0,20.0,0.3,0.1,0.2,0.1,0.4,0.1,0.1,0.1,0.5,0.0,56070.0,0.1285892634207241,0.0,65535.0,0.07922484168764782,0.0,0.0,0.0,0.0,0.0,0.0,0.0,0.0,0.0,0.0
119494.74,0.22338521122481145,0.0,16352.0,37.0,0.27304999999828,31.4375,32.4375,36.77000000000004,0.0,0.0,0.0,0.0,0.0,20.0,0.3,0.1,0.2,0.1,0.4,0.1,0.1,0.1,0.5,0.0,56019.0,0.1288491404701976,0.0,65535.0,0.07896543831540398,0.0,0.0,0.0,0.0,0.0,0.0,0.0,0.0,0.0,0.0
119554.81,0.21525265885613065,0.0,16352.0,37.0,0.20834999999828113,31.4375,32.4375,37.03000000000003,0.0,0.0,0.0,0.0,0.0,20.0,0.3,0.1,0.2,0.1,0.4,0.1,0.1,0.1,0.5,0.0,55768.0,0.12916009180892268,0.0,65535.0,0.07905699244678416,0.0,0.0,0.0,0.0,0.0,0.0,0.0,0.0,0.0,0.0
119614.88,0.21595613918029893,0.0,16352.0,37.0,0.245949999998287,31.375,32.4375,36.870000000000005,0.0,0.0,0.0,0.0,0.0,20.0,0.3,0.1,0.2,0.1,0.4,0.1,0.1,0.1,0.5,0.0,55404.0,0.12975597429788463,0.0,65535.0,0.07922484168764782,0.0,0.0,0.0,0.0,0.0,0.0,0.0,0.0,0.0,0.0
119674.96,0.2429086493385672,0.0,16352.0,37.0,0.2450499999982861,31.4375,32.4375,36.870000000000005,0.0,0.0,0.0,0.0,0.0,20.0,0.3,0.1,0.2,0.1,0.4,0.1,0.1,0.1,0.5,0.0,55894.0,0.12847532829999642,0.0,65535.0,0.07907225146868085,0.0,0.0,0.0,0.0,0.0,0.0,0.0,0.0,0.0,0.0
119735.0,0.21854434908366588,0.0,16352.0,37.0,0.21794999999827977,31.4375,32.4375,36.97000000000003,0.0,0.0,0.0,0.0,0.0,20.0,0.3,0.1,0.2,0.1,0.4,0.1,0.1,0.1,0.5,0.0,55886.0,0.12929892996457074,0.0,65535.0,0.07954528114747844,0.0,0.0,0.0,0.0,0.0,0.0,0.0,0.0,0.0,0.0
119795.07,0.2472651291852051,0.0,16352.0,37.0,0.2494499999982804,31.375,32.4375,36.85000000000002,0.0,0.0,0.0,0.0,0.0,20.0,0.3,0.1,0.2,0.1,0.4,0.1,0.1,0.1,0.5,0.0,55229.0,0.13038439950026254,0.0,65535.0,0.07985046158541237,0.0,0.0,0.0,0.0,0.0,0.0,0.0,0.0,0.0,0.0
119855.15,0.21144427370857263,0.0,16352.0,37.0,0.30454999999827637,31.375,32.5,36.650000000000034,0.0,0.0,0.0,0.0,0.0,20.0,0.3,0.1,0.2,0.1,0.4,0.1,0.1,0.1,0.5,0.0,55909.0,0.12897744549178128,0.0,65535.0,0.07904173342488746,0.0,0.0,0.0,0.0,0.0,0.0,0.0,0.0,0.0,0.0
119915.22,0.24678027662221477,0.0,16352.0,37.0,0.25394999999827805,31.4375,32.4375,36.85000000000002,0.0,0.0,0.0,0.0,0.0,20.0,0.3,0.1,0.2,0.1,0.4,0.1,0.1,0.1,0.5,0.0,56008.0,0.12894586487644621,0.0,65535.0,0.07919432364385443,0.0,0.0,0.0,0.0,0.0,0.0,0.0,0.0,0.0,0.0
119975.28,0.21805243185293857,0.0,16352.0,37.0,0.223049999998276,31.4375,32.5,36.97000000000003,0.0,0.0,0.0,0.0,0.0,20.0,0.3,0.1,0.2,0.1,0.4,0.1,0.1,0.1,0.5,0.0,56114.0,0.12872010549951884,0.0,65535.0,0.07884336614023041,0.0,0.0,0.0,0.0,0.0,0.0,0.0,0.0,0.0,0.0
120035.36,0.22458925376112485,0.0,16352.0,37.0,0.18384999999827895,31.5,32.4375,37.110000000000014,0.0,0.0,0.0,0.0,0.0,20.0,0.3,0.1,0.2,0.1,0.4,0.1,0.1,0.1,0.5,0.0,55875.0,0.12964653243847873,0.0,65535.0,0.07925535973144121,0.0,0.0,0.0,0.0,0.0,0.0,0.0,0.0,0.0,0.0
120095.41,0.2477796643088736,0.0,16352.0,37.0,0.18219999999827874,31.375,32.4375,37.05000000000001,0.0,0.0,0.0,0.0,0.0,20.0,0.3,0.1,0.2,0.1,0.4,0.1,0.1,0.1,0.5,0.0,56317.0,0.12880657705488574,0.0,65535.0,0.07986572060730907,0.0,0.0,0.0,0.0,0.0,0.0,0.0,0.0,0.0,0.0
120155.46,0.2154716861058072,0.0,16352.0,37.0,0.185699999998273,31.375,32.4375,36.97000000000003,0.0,0.0,0.0,0.0,0.0,20.0,0.3,0.1,0.2,0.1,0.4,0.1,0.1,0.1,0.5,0.0,55855.0,0.12992570047444274,0.0,65535.0,0.07943846799420157,0.0,0.0,0.0,0.0,0.0,0.0,0.0,0.0,0.0,0.0
120215.5,0.255236991683849,0.0,16352.0,37.0,0.21539999999827356,31.375,32.5,36.81,0.0,0.0,0.0,0.0,0.0,20.0,0.3,0.1,0.2,0.1,0.4,0.1,0.1,0.1,0.5,0.0,56077.0,0.1298214954437648,0.0,65535.0,0.0792858777752346,0.0,0.0,0.0,0.0,0.0,0.0,0.0,0.0,0.0,0.0
120275.54,0.21973410822973322,0.0,16352.0,37.0,0.17919999999827635,31.375,32.5,36.79000000000002,0.0,0.0,0.0,0.0,0.0,20.0,0.3,0.1,0.2,0.1,0.4,0.1,0.1,0.1,0.5,0.0,56677.0,0.1287294669795508,0.0,65535.0,0.07965209430075532,0.0,0.0,0.0,0.0,0.0,0.0,0.0,0.0,0.0,0.0
120335.58,0.23451931381097973,0.0,16352.0,37.0,0.2174999999982725,31.375,32.4375,36.79000000000002,0.0,0.0,0.0,0.0,0.0,20.0,0.3,0.1,0.2,0.1,0.4,0.1,0.1,0.1,0.5,0.0,56190.0,0.12957821676454886,0.0,65535.0,0.07939269092851148,0.0,0.0,0.0,0.0,0.0,0.0,0.0,0.0,0.0,0.0
120395.61,0.260774867511106,0.0,16352.0,37.0,0.2012999999982713,31.4375,32.5,36.77000000000004,0.0,0.0,0.0,0.0,0.0,20.0,0.3,0.1,0.2,0.1,0.4,0.1,0.1,0.1,0.5,0.0,55521.0,0.1308153671583725,0.0,65535.0,0.07920958266575112,0.0,0.0,0.0,0.0,0.0,0.0,0.0,0.0,0.0,0.0
120455.68,0.22303424021307283,0.0,16352.0,37.0,0.2159999999982713,31.375,32.5,36.93000000000001,0.0,0.0,0.0,0.0,0.0,20.0,0.3,0.1,0.2,0.1,0.4,0.1,0.1,0.1,0.5,0.0,55923.0,0.13019687784990075,0.0,65535.0,0.07908751049057755,0.0,0.0,0.0,0.0,0.0,0.0,0.0,0.0,0.0,0.0
120515.74,0.23328175920014194,0.0,16352.0,37.0,0.2480999999982714,31.3125,32.4375,36.79000000000002,0.0,0.0,0.0,0.0,0.0,20.0,0.3,0.1,0.2,0.1,0.4,0.1,0.1,0.1,0.5,0.0,55920.0,0.13006080114449214,0.0,65535.0,0.079316395819028,0.0,0.0,0.0,0.0,0.0,0.0,0.0,0.0,0.0,0.0
120575.8,0.24277015053669104,0.0,16352.0,37.0,0.16629999999827216,31.3125,32.4375,36.93000000000001,0.0,0.0,0.0,0.0,0.0,20.0,0.3,0.1,0.2,0.1,0.4,0.1,0.1,0.1,0.5,0.0,56452.0,0.12975625309997874,0.0,65535.0,0.07978942549782558,0.0,0.0,0.0,0.0,0.0,0.0,0.0,0.0,0.0,0.0
120635.85,0.23355547802947266,0.0,16352.0,37.0,0.26639999999827063,31.375,32.4375,36.81,0.0,0.0,0.0,0.0,0.0,20.0,0.3,0.1,0.2,0.1,0.4,0.1,0.1,0.1,0.5,0.0,55978.0,0.13044410304048018,0.0,65535.0,0.07922484168764782,0.0,0.0,0.0,0.0,0.0,0.0,0.0,0.0,0.0,0.0
120695.93,0.21517743236340053,0.0,16352.0,37.0,0.15629999999826533,31.375,32.5,36.870000000000005,0.0,0.0,0.0,0.0,0.0,20.0,0.3,0.1,0.2,0.1,0.4,0.1,0.1,0.1,0.5,0.0,55932.0,0.1304262318529643,0.0,65535.0,0.07962157625696192,0.0,0.0,0.0,0.0,0.0,0.0,0.0,0.0,0.0,0.0
120756.0,0.22683845095008404,0.0,16352.0,37.0,0.20689999999826109,31.375,32.4375,36.85000000000002,0.0,0.0,0.0,0.0,0.0,20.0,0.3,0.1,0.2,0.1,0.4,0.1,0.1,0.1,0.5,0.0,56347.0,0.12948337977177135,0.0,65535.0,0.07983520256351567,0.0,0.0,0.0,0.0,0.0,0.0,0.0,0.0,0.0,0.0
120816.04,0.2581208379501638,0.0,16352.0,37.0,0.20629999999825993,31.3125,32.4375,36.870000000000005,0.0,0.0,0.0,0.0,0.0,20.0,0.3,0.1,0.2,0.1,0.4,0.1,0.1,0.1,0.5,0.0,56061.0,0.13062556857708568,0.0,65535.0,0.07977416647592889,0.0,0.0,0.0,0.0,0.0,0.0,0.0,0.0,0.0,0.0
120876.09,0.21349332762593387,0.0,16352.0,37.0,0.20539999999825906,31.3125,32.5,36.77000000000004,0.0,0.0,0.0,0.0,0.0,20.0,0.3,0.1,0.2,0.1,0.4,0.1,0.1,0.1,0.5,0.0,55685.0,0.13138188021908953,0.0,65535.0,0.07983520256351567,0.0,0.0,0.0,0.0,0.0,0.0,0.0,0.0,0.0,0.0
120936.13,0.2342078628500131,0.0,16352.0,37.0,0.19779999999826767,31.3125,32.5,37.01000000000005,0.0,0.0,0.0,0.0,0.0,20.0,0.3,0.1,0.2,0.1,0.4,0.1,0.1,0.1,0.5,0.0,55866.0,0.13084881681165647,0.0,65535.0,0.07992675669489585,0.0,0.0,0.0,0.0,0.0,0.0,0.0,0.0,0.0,0.0
120996.18,0.2425291901995983,0.0,16352.0,37.0,0.20599999999825766,31.3125,32.4375,36.650000000000034,0.0,0.0,0.0,0.0,0.0,20.0,0.3,0.1,0.2,0.1,0.4,0.1,0.1,0.1,0.5,0.0,55936.0,0.1305420480549199,0.0,65535.0,0.07953002212558175,0.0,0.0,0.0,0.0,0.0,0.0,0.0,0.0,0.0,0.0
121056.22,0.21932264758614442,0.0,16352.0,37.0,0.1841999999982607,31.3125,32.5,36.690000000000055,0.0,0.0,0.0,0.0,0.0,20.0,0.3,0.1,0.2,0.1,0.4,0.1,0.1,0.1,0.5,0.0,56027.0,0.1308119299623396,0.0,65535.0,0.07988097962920576,0.0,0.0,0.0,0.0,0.0,0.0,0.0,0.0,0.0,0.0
121116.26,0.2211697316559686,0.0,16352.0,37.0,0.22359999999826663,31.25,32.5,36.77000000000004,0.0,0.0,0.0,0.0,0.0,20.0,0.3,0.1,0.2,0.1,0.4,0.1,0.1,0.1,0.5,0.0,55911.0,0.13111909999821145,0.0,65535.0,0.07934691386282139,0.0,0.0,0.0,0.0,0.0,0.0,0.0,0.0,0.0,0.0
121176.31,0.2460097119037289,0.0,16352.0,37.0,0.24869999999826228,31.3125,32.5,36.89000000000004,0.0,0.0,0.0,0.0,0.0,20.0,0.3,0.1,0.2,0.1,0.4,0.1,0.1,0.1,0.5,0.0,56228.0,0.1307711460482322,0.0,65535.0,0.07949950408178835,0.0,0.0,0.0,0.0,0.0,0.0,0.0,0.0,0.0,0.0
121236.35,0.22311379271320714,0.0,16352.0,37.0,0.20399999999825943,31.25,32.5,36.950000000000045,0.0,0.0,0.0,0.0,0.0,20.0,0.3,0.1,0.2,0.1,0.4,0.1,0.1,0.1,0.5,0.0,56162.0,0.13099604714931803,0.0,65535.0,0.07943846799420157,0.0,0.0,0.0,0.0,0.0,0.0,0.0,0.0,0.0,0.0
121296.4,0.2121493478465467,0.0,16352.0,37.0,0.17569999999825248,31.375,32.4375,36.81,0.0,0.0,0.0,0.0,0.0,20.0,0.3,0.1,0.2,0.1,0.4,0.1,0.1,0.1,0.5,0.0,56136.0,0.1313061137238136,0.0,65535.0,0.0796978713664454,0.0,0.0,0.0,0.0,0.0,0.0,0.0,0.0,0.0,0.0
121356.45,0.24833063201754718,0.0,16352.0,37.0,0.200099999998257,31.3125,32.4375,36.73000000000002,0.0,0.0,0.0,0.0,0.0,20.0,0.3,0.1,0.2,0.1,0.4,0.1,0.1,0.1,0.5,0.0,56299.0,0.1309969981704826,0.0,65535.0,0.07963683527885862,0.0,0.0,0.0,0.0,0.0,0.0,0.0,0.0,0.0,0.0
121416.53,0.2310495483584296,0.0,16352.0,37.0,0.22659999999826216,31.3125,32.5,36.73000000000002,0.0,0.0,0.0,0.0,0.0,20.0,0.3,0.1,0.2,0.1,0.4,0.1,0.1,0.1,0.5,0.0,56395.0,0.1305434878978633,0.0,65535.0,0.07975890745403219,0.0,0.0,0.0,0.0,0.0,0.0,0.0,0.0,0.0,0.0
121476.57,0.24732806601624324,0.0,16352.0,37.0,0.24429999999826196,31.3125,32.4375,36.77000000000004,0.0,0.0,0.0,0.0,0.0,20.0,0.3,0.1,0.2,0.1,0.4,0.1,0.1,0.1,0.5,0.0,56564.0,0.13036560356410437,0.0,65535.0,0.07997253376058594,0.0,0.0,0.0,0.0,0.0,0.0,0.0,0.0,0.0,0.0
121536.65,0.24163763652342504,0.0,16352.0,37.0,0.19809999999825964,31.3125,32.5,36.81,0.0,0.0,0.0,0.0,0.0,20.0,0.3,0.1,0.2,0.1,0.4,0.1,0.1,0.1,0.5,0.0,56093.0,0.13106804770648744,0.0,65535.0,0.0797283894102388,0.0,0.0,0.0,0.0,0.0,0.0,0.0,0.0,0.0,0.0
121596.71,0.2726580057940416,0.0,16352.0,37.0,0.17979999999825866,31.3125,32.4375,36.79000000000002,0.0,0.0,0.0,0.0,0.0,20.0,0.3,0.1,0.2,0.1,0.4,0.1,0.1,0.1,0.5,0.0,56367.0,0.1304309258963578,0.0,65535.0,0.07975890745403219,0.0,0.0,0.0,0.0,0.0,0.0,0.0,0.0,0.0,0.0
121656.78,0.2599680676084921,0.0,16352.0,37.0,0.2174999999982545,31.3125,32.4375,36.79000000000002,0.0,0.0,0.0,0.0,0.0,20.0,0.3,0.1,0.2,0.1,0.4,0.1,0.1,0.1,0.5,0.0,55998.0,0.1315761277188471,0.0,65535.0,0.07949950408178835,0.0,0.0,0.0,0.0,0.0,0.0,0.0,0.0,0.0,0.0
121716.85,0.2190337210415908,0.0,16352.0,37.0,0.208099999998248,31.375,32.5,36.610000000000014,0.0,0.0,0.0,0.0,0.0,20.0,0.3,0.1,0.2,0.1,0.4,0.1,0.1,0.1,0.5,0.0,56134.0,0.1313642355791499,0.0,65535.0,0.0797131303883421,0.0,0.0,0.0,0.0,0.0,0.0,0.0,0.0,0.0,0.0
121776.89,0.24477840174305354,0.0,16352.0,37.0,0.2012999999982516,31.375,32.4375,36.79000000000002,0.0,0.0,0.0,0.0,0.0,20.0,0.3,0.1,0.2,0.1,0.4,0.1,0.1,0.1,0.5,0.0,56243.0,0.13150080898956315,0.0,65535.0,0.07994201571679255,0.0,0.0,0.0,0.0,0.0,0.0,0.0,0.0,0.0,0.0
121836.94,0.21761446688813918,0.0,16352.0,37.0,0.24159999999825757,31.3125,32.4375,36.690000000000055,0.0,0.0,0.0,0.0,0.0,20.0,0.3,0.1,0.2,0.1,0.4,0.1,0.1,0.1,0.5,0.0,55884.0,0.13159401617636532,0.0,65535.0,0.07946898603799496,0.0,0.0,0.0,0.0,0.0,0.0,0.0,0.0,0.0,0.0
121896.98,0.22416626021287728,0.0,16352.0,37.0,0.2189999999982514,31.3125,32.4375,36.89000000000004,0.0,0.0,0.0,0.0,0.0,20.0,0.3,0.1,0.2,0.1,0.4,0.1,0.1,0.1,0.5,0.0,56696.0,0.1306441371525328,0.0,65535.0,0.07981994354161898,0.0,0.0,0.0,0.0,0.0,0.0,0.0,0.0,0.0,0.0
121957.04,0.22593544382782038,0.0,16352.0,37.0,0.22549999999824547,31.3125,32.5,36.870000000000005,0.0,0.0,0.0,0.0,0.0,20.0,0.3,0.1,0.2,0.1,0.4,0.1,0.1,0.1,0.5,0.0,56224.0,0.13104723961297665,0.0,65535.0,0.07956054016937514,0.0,0.0,0.0,0.0,0.0,0.0,0.0,0.0,0.0,0.0
122017.09,0.21508043309902433,0.0,16352.0,37.0,0.2666999999982506,31.3125,32.4375,36.93000000000001,0.0,0.0,0.0,0.0,0.0,20.0,0.3,0.1,0.2,0.1,0.4,0.1,0.1,0.1,0.5,0.0,56299.0,0.13110357199950265,0.0,65535.0,0.07945372701609826,0.0,0.0,0.0,0.0,0.0,0.0,0.0,0.0,0.0,0.0
122077.13,0.21277648878899036,0.0,16352.0,37.0,0.25199999999824896,31.3125,32.4375,36.93000000000001,0.0,0.0,0.0,0.0,0.0,20.0,0.3,0.1,0.2,0.1,0.4,0.1,0.1,0.1,0.5,0.0,56620.0,0.13117273048392794,0.0,65535.0,0.07954528114747844,0.0,0.0,0.0,0.0,0.0,0.0,0.0,0.0,0.0,0.0
122137.18,0.22307555803776974,0.0,16352.0,37.0,0.1574999999982445,31.375,32.4375,36.89000000000004,0.0,0.0,0.0,0.0,0.0,20.0,0.3,0.1,0.2,0.1,0.4,0.1,0.1,0.1,0.5,0.0,56562.0,0.1306884480746791,0.0,65535.0,0.07939269092851148,0.0,0.0,0.0,0.0,0.0,0.0,0.0,0.0,0.0,0.0
122197.22,0.22373399200192234,0.0,16352.0,37.0,0.20039999999824554,31.375,32.4375,36.77000000000004,0.0,0.0,0.0,0.0,0.0,20.0,0.3,0.1,0.2,0.1,0.4,0.1,0.1,0.1,0.5,0.0,55888.0,0.1324076724878328,0.0,65535.0,0.07975890745403219,0.0,0.0,0.0,0.0,0.0,0.0,0.0,0.0,0.0,0.0
122257.27,0.21932812913171945,0.0,16352.0,37.0,0.24309999999825102,31.3125,32.4375,36.650000000000034,0.0,0.0,0.0,0.0,0.0,20.0,0.3,0.1,0.2,0.1,0.4,0.1,0.1,0.1,0.5,0.0,56012.0,0.13200742697993287,0.0,65535.0,0.07959105821316853,0.0,0.0,0.0,0.0,0.0,0.0,0.0,0.0,0.0,0.0
122317.3,0.21639330520944688,0.0,16352.0,37.0,0.2380999999982405,31.375,32.5,36.63000000000005,0.0,0.0,0.0,0.0,0.0,20.0,0.3,0.1,0.2,0.1,0.4,0.1,0.1,0.1,0.5,0.0,56325.0,0.13152241455836663,0.0,65535.0,0.0792858777752346,0.0,0.0,0.0,0.0,0.0,0.0,0.0,0.0,0.0,0.0
122377.38,0.23864593242799875,0.0,16352.0,37.0,0.21719999999824358,31.375,32.5,36.79000000000002,0.0,0.0,0.0,0.0,0.0,20.0,0.3,0.1,0.2,0.1,0.4,0.1,0.1,0.1,0.5,0.0,55743.0,0.13314676282223778,0.0,65535.0,0.07966735332265201,0.0,0.0,0.0,0.0,0.0,0.0,0.0,0.0,0.0,0.0
122437.46,0.21911761687504058,0.0,16352.0,37.0,0.18159999999824666,31.375,32.5,36.89000000000004,0.0,0.0,0.0,0.0,0.0,20.0,0.3,0.1,0.2,0.1,0.4,0.1,0.1,0.1,0.5,0.0,56102.0,0.13238387223271897,0.0,65535.0,0.07977416647592889,0.0,0.0,0.0,0.0,0.0,0.0,0.0,0.0,0.0,0.0
122497.53,0.2174134103294832,0.0,16352.0,37.0,0.24459999999824875,31.3125,32.4375,36.79000000000002,0.0,0.0,0.0,0.0,0.0,20.0,0.3,0.1,0.2,0.1,0.4,0.1,0.1,0.1,0.5,0.0,56047.0,0.13213909754313344,0.0,65535.0,0.07959105821316853,0.0,0.0,0.0,0.0,0.0,0.0,0.0,0.0,0.0,0.0
122557.6,0.2473416262578288,0.0,16352.0,37.0,0.2263999999982377,31.3125,32.4375,36.81,0.0,0.0,0.0,0.0,0.0,20.0,0.3,0.1,0.2,0.1,0.4,0.1,0.1,0.1,0.5,0.0,56741.0,0.13108686840203732,0.0,65535.0,0.07963683527885862,0.0,0.0,0.0,0.0,0.0,0.0,0.0,0.0,0.0,0.0
122617.67,0.24251334883455902,0.0,16352.0,37.0,0.1998999999982459,31.3125,32.4375,36.97000000000003,0.0,0.005,0.25,0.0,0.0,20.0,0.3,0.1,0.2,0.1,0.4,0.1,0.1,0.1,0.5,0.0,56138.0,0.13224553778189463,0.0,65535.0,0.07989623865110246,0.0,0.0,0.0,0.0,0.0,0.0,0.0,0.0,0.0,0.0
122677.74,0.23942930873152257,0.0,16352.0,37.0,0.3756499999982418,31.3125,32.5,36.410000000000025,0.0,0.0,0.0,0.0,0.0,20.0,0.3,0.1,0.2,0.1,0.4,0.1,0.1,0.1,0.5,0.0,55627.0,0.1305660920056807,0.0,65535.0,0.07789730678263523,0.0,0.0,0.0,0.0,0.0,0.0,0.0,0.0,0.0,0.0
122737.78,0.23466884866917243,0.0,16352.0,37.0,0.26259999999824685,31.3125,32.4375,36.77000000000004,0.0,0.0,0.0,0.0,0.0,20.0,0.3,0.1,0.2,0.1,0.4,0.1,0.1,0.1,0.5,0.0,55303.0,0.13145760627814043,0.0,65535.0,0.07823300526436255,0.0,0.0,0.0,0.0,0.0,0.0,0.0,0.0,0.0,0.0
122797.82,0.22944407181869736,0.0,16352.0,37.0,0.2269999999982349,31.375,32.4375,36.89000000000004,0.0,0.0,0.0,0.0,0.0,20.0,0.3,0.1,0.2,0.1,0.4,0.1,0.1,0.1,0.5,0.0,55207.0,0.13148694911877118,0.0,65535.0,0.07808041504539559,0.0,0.0,0.0,0.0,0.0,0.0,0.0,0.0,0.0,0.0
122857.87,0.23748378313411672,0.0,16352.0,37.0,0.13629999999824036,31.375,32.4375,36.89000000000004,0.0,0.0,0.0,0.0,0.0,20.0,0.3,0.1,0.2,0.1,0.4,0.1,0.1,0.1,0.5,0.0,55408.0,0.13077533930118396,0.0,65535.0,0.07775997558556497,0.0,0.0,0.0,0.0,0.0,0.0,0.0,0.0,0.0,0.0
122917.94,0.2672053874806641,0.0,16352.0,37.0,0.19949999999823714,31.375,32.5,37.03000000000003,0.0,0.0,0.0,0.0,0.0,20.0,0.3,0.1,0.2,0.1,0.4,0.1,0.1,0.1,0.5,0.0,54925.0,0.1316522530723714,0.0,65535.0,0.07789730678263523,0.0,0.0,0.0,0.0,0.0,0.0,0.0,0.0,0.0,0.0
122978.02,0.26707777986362413,0.0,16352.0,37.0,0.20829999999824164,31.4375,32.4375,36.93000000000001,0.0,0.0,0.0,0.0,0.0,20.0,0.3,0.1,0.2,0.1,0.4,0.1,0.1,0.1,0.5,0.0,55523.0,0.13023431730994361,0.0,65535.0,0.07783627069504845,0.0,0.0,0.0,0.0,0.0,0.0,0.0,0.0,0.0,0.0
123038.09,0.21876971313821464,0.0,16352.0,37.0,0.22739999999823676,31.3125,32.4375,36.85000000000002,0.0,0.0,0.0,0.0,0.0,20.0,0.3,0.1,0.2,0.1,0.4,0.1,0.1,0.1,0.5,0.0,55196.0,0.13173056018552068,0.0,65535.0,0.07832455939574273,0.0,0.0,0.0,0.0,0.0,0.0,0.0,0.0,0.0,0.0
123098.16,0.2320338018579457,0.0,16352.0,37.0,0.19469999999823465,31.375,32.4375,36.79000000000002,0.0,0.0,0.0,0.0,0.0,20.0,0.3,0.1,0.2,0.1,0.4,0.1,0.1,0.1,0.5,0.0,55365.0,0.13111171317619436,0.0,65535.0,0.07768368047608148,0.0,0.0,0.0,0.0,0.0,0.0,0.0,0.0,0.0,0.0
123158.24,0.254506663005621,0.0,16352.0,37.0,0.22589999999823468,31.375,32.4375,36.81,0.0,0.0,0.0,0.0,0.0,20.0,0.3,0.1,0.2,0.1,0.4,0.1,0.1,0.1,0.5,0.0,55155.0,0.13150213035989483,0.0,65535.0,0.07794308384832532,0.0,0.0,0.0,0.0,0.0,0.0,0.0,0.0,0.0,0.0
123218.31,0.21657894404175979,0.0,16352.0,37.0,0.21799999999822853,31.375,32.4375,36.73000000000002,0.0,0.0,0.0,0.0,0.0,20.0,0.3,0.1,0.2,0.1,0.4,0.1,0.1,0.1,0.5,0.0,56035.0,0.12975818684750604,0.0,65535.0,0.07795834287022202,0.0,0.0,0.0,0.0,0.0,0.0,0.0,0.0,0.0,0.0
123278.38,0.231735283183481,0.0,16352.0,37.0,0.21329999999823193,31.375,32.4375,36.89000000000004,0.0,0.0,0.0,0.0,0.0,20.0,0.3,0.1,0.2,0.1,0.4,0.1,0.1,0.1,0.5,0.0,55143.0,0.13153074732967013,0.0,65535.0,0.07808041504539559,0.0,0.0,0.0,0.0,0.0,0.0,0.0,0.0,0.0,0.0
123338.43,0.21557401892063238,0.0,16352.0,37.0,0.20679999999823614,31.4375,32.4375,37.05000000000001,0.0,0.0,0.0,0.0,0.0,20.0,0.3,0.1,0.2,0.1,0.4,0.1,0.1,0.1,0.5,0.0,55717.0,0.12997828310928441,0.0,65535.0,0.0780346379797055,0.0,0.0,0.0,0.0,0.0,0.0,0.0,0.0,0.0,0.0
123398.52,0.23402247938731463,0.0,16352.0,37.0,0.22439999999823093,31.4375,32.4375,36.93000000000001,0.0,0.0,0.0,0.0,0.0,20.0,0.3,0.1,0.2,0.1,0.4,0.1,0.1,0.1,0.5,0.0,55615.0,0.1306122448979592,0.0,65535.0,0.07818722819867246,0.0,0.0,0.0,0.0,0.0,0.0,0.0,0.0,0.0,0.0
123458.59,0.22532520700807562,0.0,16352.0,37.0,0.17959999999822307,31.4375,32.4375,36.85000000000002,0.0,0.0,0.0,0.0,0.0,20.0,0.3,0.1,0.2,0.1,0.4,0.1,0.1,0.1,0.5,0.0,55857.0,0.13027910557316003,0.0,65535.0,0.07829404135194934,0.0,0.0,0.0,0.0,0.0,0.0,0.0,0.0,0.0,0.0
123518.67,0.22087161846043454,0.0,16352.0,37.0,0.24609999999823448,31.375,32.4375,36.73000000000002,0.0,0.0,0.0,0.0,0.0,20.0,0.3,0.1,0.2,0.1,0.4,0.1,0.1,0.1,0.5,0.0,55551.0,0.13076272254324856,0.0,65535.0,0.07794308384832532,0.0,0.0,0.0,0.0,0.0,0.0,0.0,0.0,0.0,0.0
123578.72,0.21762742166687446,0.0,16352.0,37.0,0.22079999999822822,31.3125,32.4375,36.81,0.0,0.0,0.0,0.0,0.0,20.0,0.3,0.1,0.2,0.1,0.4,0.1,0.1,0.1,0.5,0.0,55418.0,0.13095023277635426,0.0,65535.0,0.07785152971694514,0.0,0.0,0.0,0.0,0.0,0.0,0.0,0.0,0.0,0.0
123638.78,0.2512846132172886,0.0,16352.0,37.0,0.2113999999982217,31.4375,32.4375,36.950000000000045,0.0,0.0,0.0,0.0,0.0,20.0,0.3,0.1,0.2,0.1,0.4,0.1,0.1,0.1,0.5,0.0,55450.0,0.13118124436429215,0.0,65535.0,0.07830930037384604,0.0,0.0,0.0,0.0,0.0,0.0,0.0,0.0,0.0,0.0
123698.83,0.21853105045641594,0.0,16352.0,37.0,0.2201999999982262,31.4375,32.4375,37.03000000000003,0.0,0.0,0.0,0.0,0.0,20.0,0.3,0.1,0.2,0.1,0.4,0.1,0.1,0.1,0.5,0.0,55215.0,0.13183011862718463,0.0,65535.0,0.07832455939574273,0.0,0.0,0.0,0.0,0.0,0.0,0.0,0.0,0.0,0.0
123758.87,0.21566058385793493,0.0,16352.0,37.0,0.16719999999822835,31.4375,32.4375,36.79000000000002,0.0,0.0,0.0,0.0,0.0,20.0,0.3,0.1,0.2,0.1,0.4,0.1,0.1,0.1,0.5,0.0,55558.0,0.1316642067749019,0.0,65535.0,0.07782101167315175,0.0,0.0,0.0,0.0,0.0,0.0,0.0,0.0,0.0,0.0
123818.92,0.22102054664157916,0.0,16352.0,37.0,0.259899999998231,31.375,32.4375,36.93000000000001,0.0,0.0,0.0,0.0,0.0,20.0,0.3,0.1,0.2,0.1,0.4,0.1,0.1,0.1,0.5,0.0,55598.0,0.13153350839958272,0.0,65535.0,0.07818722819867246,0.0,0.0,0.0,0.0,0.0,0.0,0.0,0.0,0.0,0.0
123878.96,0.21477615042780804,0.0,16352.0,37.0,0.22079999999822394,31.375,32.4375,36.85000000000002,0.0,0.0,0.0,0.0,0.0,20.0,0.3,0.1,0.2,0.1,0.4,0.1,0.1,0.1,0.5,0.0,55906.0,0.13095195506743462,0.0,65535.0,0.07852292668039978,0.0,0.0,0.0,0.0,0.0,0.0,0.0,0.0,0.0,0.0
123939.0,0.22864562456557447,0.0,16352.0,37.0,0.21229999999821747,31.375,32.4375,36.79000000000002,0.0,0.0,0.0,0.0,0.0,20.0,0.3,0.1,0.2,0.1,0.4,0.1,0.1,0.1,0.5,0.0,55709.0,0.13105602326374555,0.0,65535.0,0.07771419851987488,0.0,0.0,0.0,0.0,0.0,0.0,0.0,0.0,0.0,0.0
123999.05,0.2149511882390679,0.0,16352.0,37.0,0.18259999999821522,31.4375,32.4375,36.93000000000001,0.0,0.0,0.0,0.0,0.0,20.0,0.3,0.1,0.2,0.1,0.4,0.1,0.1,0.1,0.5,0.0,55704.0,0.13097802671262387,0.0,65535.0,0.07765316243228809,0.0,0.0,0.0,0.0,0.0,0.0,0.0,0.0,0.0,0.0
124059.13,0.21165745688655785,0.0,16352.0,37.0,0.22639999999821545,31.375,32.4375,36.85000000000002,0.0,0.0,0.0,0.0,0.0,20.0,0.3,0.1,0.2,0.1,0.4,0.1,0.1,0.1,0.5,0.0,55531.0,0.1316561920368803,0.0,65535.0,0.07789730678263523,0.0,0.0,0.0,0.0,0.0,0.0,0.0,0.0,0.0,0.0
124119.21,0.20762156282856126,0.0,16352.0,37.0,0.1695999999982219,31.375,32.4375,36.89000000000004,0.0,0.0,0.0,0.0,0.0,20.0,0.3,0.1,0.2,0.1,0.4,0.1,0.1,0.1,0.5,0.0,55770.0,0.13119956966110813,0.0,65535.0,0.07812619211108568,0.0,0.0,0.0,0.0,0.0,0.0,0.0,0.0,0.0,0.0
124179.27,0.2129502771867608,0.0,16352.0,37.0,0.22339999999821303,31.3125,32.375,36.710000000000036,0.0,0.0,0.0,0.0,0.0,20.0,0.3,0.1,0.2,0.1,0.4,0.1,0.1,0.1,0.5,0.0,55432.0,0.13172896521864627,0.0,65535.0,0.07818722819867246,0.0,0.0,0.0,0.0,0.0,0.0,0.0,0.0,0.0,0.0
124239.33,0.25664642243311503,0.0,16352.0,37.0,0.17749999999821042,31.375,32.4375,37.01000000000005,0.0,0.0,0.0,0.0,0.0,20.0,0.3,0.1,0.2,0.1,0.4,0.1,0.1,0.1,0.5,0.0,55005.0,0.1329151895282247,0.0,65535.0,0.07824826428625925,0.0,0.0,0.0,0.0,0.0,0.0,0.0,0.0,0.0,0.0
124299.4,0.23979384597349795,0.0,16352.0,37.0,0.2663999999982174,31.375,32.4375,36.93000000000001,0.0,0.0,0.0,0.0,0.0,20.0,0.3,0.1,0.2,0.1,0.4,0.1,0.1,0.1,0.5,0.0,55562.0,0.13156473849033512,0.0,65535.0,0.07827878233005264,0.0,0.0,0.0,0.0,0.0,0.0,0.0,0.0,0.0,0.0
124359.43,0.2458872266301441,0.0,16352.0,37.0,0.22579999999820993,31.375,32.4375,36.870000000000005,0.0,0.0,0.0,0.0,0.0,20.0,0.3,0.1,0.2,0.1,0.4,0.1,0.1,0.1,0.5,0.0,55316.0,0.13225829778002748,0.0,65535.0,0.07798886091401541,0.0,0.0,0.0,0.0,0.0,0.0,0.0,0.0,0.0,0.0
124419.48,0.2649367376591425,0.0,16352.0,37.0,0.16809999999821637,31.4375,32.4375,36.81,0.0,0.0,0.0,0.0,0.0,20.0,0.3,0.1,0.2,0.1,0.4,0.1,0.1,0.1,0.5,0.0,54968.0,0.13324115849221366,0.0,65535.0,0.07808041504539559,0.0,0.0,0.0,0.0,0.0,0.0,0.0,0.0,0.0,0.0
124479.52,0.21758483035674658,0.0,16352.0,37.0,0.24869999999821413,31.3125,32.4375,36.85000000000002,0.0,0.0,0.0,0.0,0.0,20.0,0.3,0.1,0.2,0.1,0.4,0.1,0.1,0.1,0.5,0.0,55401.0,0.13239833216006933,0.0,65535.0,0.07792782482642863,0.0,0.0,0.0,0.0,0.0,0.0,0.0,0.0,0.0,0.0
124539.57,0.2118428998248286,0.0,16352.0,37.0,0.2528999999982137,31.375,32.375,36.93000000000001,0.0,0.0,0.0,0.0,0.0,20.0,0.3,0.1,0.2,0.1,0.4,0.1,0.1,0.1,0.5,0.0,55591.0,0.1316220251479556,0.0,65535.0,0.07820248722056916,0.0,0.0,0.0,0.0,0.0,0.0,0.0,0.0,0.0,0.0
124599.61,0.22920101697552342,0.0,16352.0,37.0,0.22699999999820714,31.375,32.5,36.85000000000002,0.0,0.0,0.0,0.0,0.0,20.0,0.3,0.1,0.2,0.1,0.4,0.1,0.1,0.1,0.5,0.0,55036.0,0.13302202194926957,0.0,65535.0,0.07788204776073854,0.0,0.0,0.0,0.0,0.0,0.0,0.0,0.0,0.0,0.0
124659.66,0.2317501524934247,0.0,16352.0,37.0,0.23139999999821648,31.3125,32.4375,36.89000000000004,0.0,0.0,0.0,0.0,0.0,20.0,0.3,0.1,0.2,0.1,0.4,0.1,0.1,0.1,0.5,0.0,55918.0,0.13154976930505383,0.0,65535.0,0.078461890592813,0.0,0.0,0.0,0.0,0.0,0.0,0.0,0.0,0.0,0.0
124719.69,0.2000369920503256,0.0,16352.0,37.0,0.20929999999820476,31.375,32.4375,36.85000000000002,0.0,0.0,0.0,0.0,0.0,20.0,0.3,0.1,0.2,0.1,0.4,0.1,0.1,0.1,0.5,0.0,55011.0,0.1335369289778408,0.0,65535.0,0.07821774624246586,0.0,0.0,0.0,0.0,0.0,0.0,0.0,0.0,0.0,0.0
124779.72,0.2836256983897376,0.0,16352.0,37.0,0.18839999999820783,31.375,32.4375,36.690000000000055,0.0,0.0,0.0,0.0,0.0,20.0,0.3,0.1,0.2,0.1,0.4,0.1,0.1,0.1,0.5,0.0,55692.0,0.132532500179559,0.0,65535.0,0.0788891432059205,0.0,0.0,0.0,0.0,0.0,0.0,0.0,0.0,0.0,0.0
124839.77,0.24315509025762622,0.0,16352.0,37.0,0.21869999999820786,31.375,32.4375,36.950000000000045,0.0,0.0,0.0,0.0,0.0,20.0,0.3,0.1,0.2,0.1,0.4,0.1,0.1,0.1,0.5,0.0,55956.0,0.13137107727500177,0.0,65535.0,0.07838559548332952,0.0,0.0,0.0,0.0,0.0,0.0,0.0,0.0,0.0,0.0
124899.81,0.23668482367592047,0.0,16352.0,37.0,0.22249999999820183,31.375,32.4375,36.85000000000002,0.0,0.0,0.0,0.0,0.0,20.0,0.3,0.1,0.2,0.1,0.4,0.1,0.1,0.1,0.5,0.0,55469.0,0.1328129225333069,0.0,65535.0,0.07815671015487907,0.0,0.0,0.0,0.0,0.0,0.0,0.0,0.0,0.0,0.0
124959.85,0.23149515115361094,0.0,16352.0,37.0,0.24549999999821187,31.3125,32.4375,36.73000000000002,0.0,0.0,0.0,0.0,0.0,20.0,0.3,0.1,0.2,0.1,0.4,0.1,0.1,0.1,0.5,0.0,55513.0,0.13274368166015169,0.0,65535.0,0.07823300526436255,0.0,0.0,0.0,0.0,0.0,0.0,0.0,0.0,0.0,0.0
125019.95,0.22568544874057897,0.0,16352.0,37.0,0.15779999999820296,31.375,32.4375,36.79000000000002,0.0,0.0,0.0,0.0,0.0,20.0,0.3,0.1,0.2,0.1,0.4,0.1,0.1,0.1,0.5,0.0,55006.0,0.13322183034578047,0.0,65535.0,0.0784313725490196,0.0,0.0,0.0,0.0,0.0,0.0,0.0,0.0,0.0,0.0
125080.04,0.2504372288475068,0.0,16352.0,37.0,0.21989999999820417,31.25,32.4375,36.870000000000005,0.0,0.0,0.0,0.0,0.0,20.0,0.3,0.1,0.2,0.1,0.4,0.1,0.1,0.1,0.5,0.0,55633.0,0.13195405604587204,0.0,65535.0,0.07792782482642863,0.0,0.0,0.0,0.0,0.0,0.0,0.0,0.0,0.0,0.0
125140.11,0.24981694577462593,0.0,16352.0,37.0,0.24789999999820966,31.3125,32.4375,36.79000000000002,0.0,0.0,0.0,0.0,0.0,20.0,0.3,0.1,0.2,0.1,0.4,0.1,0.1,0.1,0.5,0.0,55446.0,0.13277783789633157,0.0,65535.0,0.07814145113298238,0.0,0.0,0.0,0.0,0.0,0.0,0.0,0.0,0.0,0.0
125200.14,0.21290416197532475,0.0,16352.0,37.0,0.19019999999820186,31.375,32.4375,36.950000000000045,0.0,0.0,0.0,0.0,0.0,20.0,0.3,0.1,0.2,0.1,0.4,0.1,0.1,0.1,0.5,0.0,55722.0,0.1318150820142852,0.0,65535.0,0.0789044022278172,0.0,0.0,0.0,0.0,0.0,0.0,0.0,0.0,0.0,0.0
125260.22,0.23003279760659912,0.0,16352.0,37.0,0.2119999999981971,31.3125,32.4375,36.79000000000002,0.0,0.0,0.0,0.0,0.0,20.0,0.3,0.1,0.2,0.1,0.4,0.1,0.1,0.1,0.5,0.0,55597.0,0.1327589618144864,0.0,65535.0,0.07797360189211872,0.0,0.0,0.0,0.0,0.0,0.0,0.0,0.0,0.0,0.0
125320.26,0.22331205296053555,0.0,16352.0,37.0,0.2616999999982079,31.375,32.375,36.81,0.0,0.0,0.0,0.0,0.0,20.0,0.3,0.1,0.2,0.1,0.4,0.1,0.1,0.1,0.5,0.0,56641.0,0.1303119648311294,0.0,65535.0,0.07855344472419318,0.0,0.0,0.0,0.0,0.0,0.0,0.0,0.0,0.0,0.0
125380.31,0.2219133168651254,0.0,16352.0,37.0,0.2066999999982002,31.3125,32.4375,36.950000000000045,0.0,0.0,0.0,0.0,0.0,20.0,0.3,0.1,0.2,0.1,0.4,0.1,0.1,0.1,0.5,0.0,55634.0,0.1325448466764928,0.0,65535.0,0.07826352330815595,0.0,0.0,0.0,0.0,0.0,0.0,0.0,0.0,0.0,0.0
125440.39,0.22514002613437945,0.0,16352.0,37.0,0.13839999999820207,31.375,32.375,36.73000000000002,0.0,0.0,0.0,0.0,0.0,20.0,0.3,0.1,0.2,0.1,0.4,0.1,0.1,0.1,0.5,0.0,55899.0,0.13214905454480402,0.0,65535.0,0.07859922178988327,0.0,0.0,0.0,0.0,0.0,0.0,0.0,0.0,0.0,0.0
125500.44,0.2541678711397908,0.0,16352.0,37.0,0.18339999999820292,31.3125,32.375,36.79000000000002,0.0,0.0,0.0,0.0,0.0,20.0,0.3,0.1,0.2,0.1,0.4,0.1,0.1,0.1,0.5,0.0,54901.0,0.134004845084789,0.0,65535.0,0.07829404135194934,0.0,0.0,0.0,0.0,0.0,0.0,0.0,0.0,0.0,0.0
125560.5,0.22731542524293502,0.0,16352.0,37.0,0.24989999999820015,31.3125,32.4375,36.79000000000002,0.0,0.0,0.0,0.0,0.0,20.0,0.3,0.1,0.2,0.1,0.4,0.1,0.1,0.1,0.5,0.0,55044.0,0.1341835622411162,0.0,65535.0,0.07862973983367666,0.0,0.0,0.0,0.0,0.0,0.0,0.0,0.0,0.0,0.0
125620.57,0.20644390034971757,0.0,16352.0,37.0,0.23259999999820336,31.3125,32.4375,36.79000000000002,0.0,0.0,0.0,0.0,0.0,20.0,0.3,0.1,0.2,0.1,0.4,0.1,0.1,0.1,0.5,0.0,55554.0,0.13277171760809303,0.0,65535.0,0.07841611352712291,0.0,0.0,0.0,0.0,0.0,0.0,0.0,0.0,0.0,0.0
125680.65,0.21641200557128057,0.0,16352.0,37.0,0.18429999999820124,31.4375,32.375,37.01000000000005,0.0,0.0,0.0,0.0,0.0,20.0,0.3,0.1,0.2,0.1,0.4,0.1,0.1,0.1,0.5,0.0,55402.0,0.13333453665932637,0.0,65535.0,0.07814145113298238,0.0,0.0,0.0,0.0,0.0,0.0,0.0,0.0,0.0,0.0
125740.71,0.2381980182410688,0.0,16352.0,37.0,0.24019999999819303,31.3125,32.375,36.73000000000002,0.0,0.0,0.0,0.0,0.0,20.0,0.3,0.1,0.2,0.1,0.4,0.1,0.1,0.1,0.5,0.0,55076.0,0.13443242065509478,0.0,65535.0,0.07876707103074693,0.0,0.0,0.0,0.0,0.0,0.0,0.0,0.0,0.0,0.0
125800.78,0.20971379518029698,0.0,16352.0,37.0,0.2475999999982022,31.375,32.4375,36.79000000000002,0.0,0.0,0.0,0.0,0.0,20.0,0.3,0.1,0.2,0.1,0.4,0.1,0.1,0.1,0.5,0.0,55783.0,0.13271068246598425,0.0,65535.0,0.0788586251621271,0.0,0.0,0.0,0.0,0.0,0.0,0.0,0.0,0.0,0.0
125860.85,0.25152312496548,0.0,16352.0,37.0,0.19289999999819424,31.4375,32.4375,36.870000000000005,0.0,0.0,0.0,0.0,0.0,20.0,0.3,0.1,0.2,0.1,0.4,0.1,0.1,0.1,0.5,0.0,55112.0,0.13365510233705907,0.0,65535.0,0.07870603494316014,0.0,0.0,0.0,0.0,0.0,0.0,0.0,0.0,0.0,0.0
125920.92,0.24054322458236446,0.0,16352.0,37.0,0.19139999999819304,31.375,32.4375,36.79000000000002,0.0,0.0,0.0,0.0,0.0,20.0,0.3,0.1,0.2,0.1,0.4,0.1,0.1,0.1,0.5,0.0,56101.0,0.13229710700344022,0.0,65535.0,0.07867551689936675,0.0,0.0,0.0,0.0,0.0,0.0,0.0,0.0,0.0,0.0
125980.96,0.20835797832585182,0.0,16352.0,37.0,0.2104999999981882,31.3125,32.4375,36.79000000000002,0.0,0.0,0.0,0.0,0.0,20.0,0.3,0.1,0.2,0.1,0.4,0.1,0.1,0.1,0.5,0.0,56432.0,0.13143252055571308,0.0,65535.0,0.07945372701609826,0.0,0.0,0.0,0.0,0.0,0.0,0.0,0.0,0.0,0.0
126041.0,0.19820139236698248,0.0,16352.0,37.0,0.22489999999818758,31.3125,32.4375,36.79000000000002,0.0,0.0,0.0,0.0,0.0,20.0,0.3,0.1,0.2,0.1,0.4,0.1,0.1,0.1,0.5,0.0,55249.0,0.13413817444659631,0.0,65535.0,0.07835507743953612,0.0,0.0,0.0,0.0,0.0,0.0,0.0,0.0,0.0,0.0
126101.06,0.19423983579048593,0.0,16352.0,37.0,0.2213999999981916,31.3125,32.4375,36.85000000000002,0.0,0.0,0.0,0.0,0.0,20.0,0.3,0.1,0.2,0.1,0.4,0.1,0.1,0.1,0.5,0.0,55535.0,0.13348338885387592,0.0,65535.0,0.07840085450522621,0.0,0.0,0.0,0.0,0.0,0.0,0.0,0.0,0.0,0.0
126161.13,0.2026064260138263,0.0,16352.0,37.0,0.2245999999981861,31.25,32.375,36.710000000000036,0.0,0.0,0.0,0.0,0.0,20.0,0.3,0.1,0.2,0.1,0.4,0.1,0.1,0.1,0.5,0.0,56011.0,0.13225973469497063,0.0,65535.0,0.07850766765850309,0.0,0.0,0.0,0.0,0.0,0.0,0.0,0.0,0.0,0.0
126221.19,0.23297802056186845,0.0,16352.0,37.0,0.18809999999818833,31.25,32.375,36.73000000000002,0.0,0.0,0.0,0.0,0.0,20.0,0.3,0.1,0.2,0.1,0.4,0.1,0.1,0.1,0.5,0.0,55082.0,0.13456301514106242,0.0,65535.0,0.07867551689936675,0.0,0.0,0.0,0.0,0.0,0.0,0.0,0.0,0.0,0.0
126281.27,0.22146549250676945,0.0,16352.0,37.0,0.20899999999818353,31.25,32.4375,36.77000000000004,0.0,0.0,0.0,0.0,0.0,20.0,0.3,0.1,0.2,0.1,0.4,0.1,0.1,0.1,0.5,0.0,55610.0,0.13373493975903614,0.0,65535.0,0.078461890592813,0.0,0.0,0.0,0.0,0.0,0.0,0.0,0.0,0.0,0.0
126341.34,0.20041341548816158,0.0,16352.0,37.0,0.23049999999819323,31.25,32.375,36.93000000000001,0.0,0.0,0.0,0.0,0.0,20.0,0.3,0.1,0.2,0.1,0.4,0.1,0.1,0.1,0.5,0.0,55851.0,0.13296091386009204,0.0,65535.0,0.0788586251621271,0.0,0.0,0.0,0.0,0.0,0.0,0.0,0.0,0.0,0.0
126401.38,0.23807351143368116,0.0,16352.0,37.0,0.2254999999981827,31.25,32.4375,36.85000000000002,0.0,0.0,0.0,0.0,0.0,20.0,0.3,0.1,0.2,0.1,0.4,0.1,0.1,0.1,0.5,0.0,55561.0,0.13387088065369593,0.0,65535.0,0.07855344472419318,0.0,0.0,0.0,0.0,0.0,0.0,0.0,0.0,0.0,0.0
126461.42,0.2333984032486488,0.0,16352.0,37.0,0.18369999999818976,31.3125,32.4375,36.870000000000005,0.0,0.0,0.0,0.0,0.0,20.0,0.3,0.1,0.2,0.1,0.4,0.1,0.1,0.1,0.5,0.0,55923.0,0.13291490084580584,0.0,65535.0,0.0789044022278172,0.0,0.0,0.0,0.0,0.0,0.0,0.0,0.0,0.0,0.0
126521.47,0.2268666752720518,0.0,16352.0,37.0,0.20929999999817983,31.3125,32.4375,36.73000000000002,0.0,0.0,0.0,0.0,0.0,20.0,0.3,0.1,0.2,0.1,0.4,0.1,0.1,0.1,0.5,0.0,56260.0,0.13268752221827232,0.0,65535.0,0.07911802853437094,0.0,0.0,0.0,0.0,0.0,0.0,0.0,0.0,0.0,0.0
126581.53,0.2231525998149338,0.0,16352.0,37.0,0.20309999999818376,31.375,32.375,36.710000000000036,0.0,0.0,0.0,0.0,0.0,20.0,0.3,0.1,0.2,0.1,0.4,0.1,0.1,0.1,0.5,0.0,55485.0,0.1341263404523745,0.0,65535.0,0.07817196917677577,0.0,0.0,0.0,0.0,0.0,0.0,0.0,0.0,0.0,0.0
126641.58,0.24115144850061224,0.0,16352.0,37.0,0.2245999999981784,31.375,32.375,36.89000000000004,0.0,0.0,0.0,0.0,0.0,20.0,0.3,0.1,0.2,0.1,0.4,0.1,0.1,0.1,0.5,0.0,55186.0,0.13474431921139418,0.0,65535.0,0.07832455939574273,0.0,0.0,0.0,0.0,0.0,0.0,0.0,0.0,0.0,0.0
126701.62,0.22029660027950324,0.0,16352.0,37.0,0.18779999999818087,31.375,32.375,36.85000000000002,0.0,0.0,0.0,0.0,0.0,20.0,0.3,0.1,0.2,0.1,0.4,0.1,0.1,0.1,0.5,0.0,55641.0,0.13360651318272496,0.0,65535.0,0.078461890592813,0.0,0.0,0.0,0.0,0.0,0.0,0.0,0.0,0.0,0.0
126761.68,0.24214092535949572,0.0,16352.0,37.0,0.20339999999818087,31.3125,32.4375,36.73000000000002,0.0,0.0,0.0,0.0,0.0,20.0,0.3,0.1,0.2,0.1,0.4,0.1,0.1,0.1,0.5,0.0,55158.0,0.1353203524420755,0.0,65535.0,0.07916380560006103,0.0,0.0,0.0,0.0,0.0,0.0,0.0,0.0,0.0,0.0
126821.75,0.2384958176742069,0.0,16352.0,37.0,0.20579999999818038,31.3125,32.4375,36.63000000000005,0.0,0.0,0.0,0.0,0.0,20.0,0.3,0.1,0.2,0.1,0.4,0.1,0.1,0.1,0.5,0.0,55960.0,0.1336132952108649,0.0,65535.0,0.07896543831540398,0.0,0.0,0.0,0.0,0.0,0.0,0.0,0.0,0.0,0.0
126881.8,0.24718652209860517,0.0,16352.0,37.0,0.22439999999818022,31.3125,32.4375,36.97000000000003,0.0,0.0,0.0,0.0,0.0,20.0,0.3,0.1,0.2,0.1,0.4,0.1,0.1,0.1,0.5,0.0,55598.0,0.13406957084787222,0.0,65535.0,0.07896543831540398,0.0,0.0,0.0,0.0,0.0,0.0,0.0,0.0,0.0,0.0
126941.83,0.23741262550627668,0.0,16352.0,37.0,0.22229999999817956,31.3125,32.375,36.81,0.0,0.0,0.0,0.0,0.0,20.0,0.3,0.1,0.2,0.1,0.4,0.1,0.1,0.1,0.5,0.0,56279.0,0.13326462801400166,0.0,65535.0,0.07922484168764782,0.0,0.0,0.0,0.0,0.0,0.0,0.0,0.0,0.0,0.0
127001.91,0.22179428318685138,0.0,16352.0,37.0,0.25439999999817964,31.375,32.4375,36.79000000000002,0.0,0.0,0.0,0.0,0.0,20.0,0.3,0.1,0.2,0.1,0.4,0.1,0.1,0.1,0.5,0.0,56270.0,0.13259285587346722,0.0,65535.0,0.07902647440299077,0.0,0.0,0.0,0.0,0.0,0.0,0.0,0.0,0.0,0.0
127061.96,0.21399747511367676,0.0,16352.0,37.0,0.22409999999817795,31.3125,32.375,36.97000000000003,0.0,0.0,0.0,0.0,0.0,20.0,0.3,0.1,0.2,0.1,0.4,0.1,0.1,0.1,0.5,0.0,55767.0,0.13387845858661931,0.0,65535.0,0.07876707103074693,0.0,0.0,0.0,0.0,0.0,0.0,0.0,0.0,0.0,0.0
127122.04,0.24025649939129765,0.0,16352.0,37.0,0.16989999999818034,31.3125,32.375,36.85000000000002,0.0,0.0,0.0,0.0,0.0,20.0,0.3,0.1,0.2,0.1,0.4,0.1,0.1,0.1,0.5,0.0,55675.0,0.13427929950606196,0.0,65535.0,0.07902647440299077,0.0,0.0,0.0,0.0,0.0,0.0,0.0,0.0,0.0,0.0
127182.11,0.2647639936043769,0.0,16352.0,37.0,0.22259999999817676,31.3125,32.375,36.85000000000002,0.0,0.0,0.0,0.0,0.0,20.0,0.3,0.1,0.2,0.1,0.4,0.1,0.1,0.1,0.5,0.0,56125.0,0.13364810690423162,0.0,65535.0,0.07945372701609826,0.0,0.0,0.0,0.0,0.0,0.0,0.0,0.0,0.0,0.0
127242.16,0.21336682175151744,0.0,16352.0,37.0,0.16639999999816846,31.375,32.4375,36.85000000000002,0.0,0.0,0.0,0.0,0.0,20.0,0.3,0.1,0.2,0.1,0.4,0.1,0.1,0.1,0.5,0.0,55370.0,0.1349106014087051,0.0,65535.0,0.07835507743953612,0.0,0.0,0.0,0.0,0.0,0.0,0.0,0.0,0.0,0.0
127302.23,0.22855700376019672,0.0,16352.0,37.0,0.1986999999981783,31.3125,32.375,36.77000000000004,0.0,0.0,0.0,0.0,0.0,20.0,0.3,0.1,0.2,0.1,0.4,0.1,0.1,0.1,0.5,0.0,55835.0,0.13405569982985582,0.0,65535.0,0.07879758907454032,0.0,0.0,0.0,0.0,0.0,0.0,0.0,0.0,0.0,0.0
127362.29,0.22187012294641928,0.0,16352.0,37.0,0.17599999999816712,31.3125,32.4375,36.690000000000055,0.0,0.0,0.0,0.0,0.0,20.0,0.3,0.1,0.2,0.1,0.4,0.1,0.1,0.1,0.5,0.0,55266.0,0.13539970325335648,0.0,65535.0,0.07920958266575112,0.0,0.0,0.0,0.0,0.0,0.0,0.0,0.0,0.0,0.0
127422.33,0.21436232410664646,0.0,16352.0,37.0,0.21869999999817263,31.25,32.4375,36.79000000000002,0.0,0.0,0.0,0.0,0.0,20.0,0.3,0.1,0.2,0.1,0.4,0.1,0.1,0.1,0.5,0.0,56690.0,0.13245722349620745,0.0,65535.0,0.0792858777752346,0.0,0.0,0.0,0.0,0.0,0.0,0.0,0.0,0.0,0.0
127482.38,0.22806252027609575,0.0,16352.0,37.0,0.18309999999817572,31.3125,32.4375,36.870000000000005,0.0,0.0,0.0,0.0,0.0,20.0,0.3,0.1,0.2,0.1,0.4,0.1,0.1,0.1,0.5,0.0,55500.0,0.13531531531531532,0.0,65535.0,0.07898069733730068,0.0,0.0,0.0,0.0,0.0,0.0,0.0,0.0,0.0,0.0
127542.42,0.22344443128916325,0.0,16352.0,37.0,0.24369999999817743,31.3125,32.4375,36.73000000000002,0.0,0.0,0.0,0.0,0.0,20.0,0.3,0.1,0.2,0.1,0.4,0.1,0.1,0.1,0.5,0.0,56068.0,0.13435471213526431,0.0,65535.0,0.07910276951247425,0.0,0.0,0.0,0.0,0.0,0.0,0.0,0.0,0.0,0.0
127602.46,0.2256060162363634,0.0,16352.0,37.0,0.23049999999817605,31.3125,32.4375,36.89000000000004,0.0,0.0,0.0,0.0,0.0,20.0,0.3,0.1,0.2,0.1,0.4,0.1,0.1,0.1,0.5,0.0,56275.0,0.13375388716126166,0.0,65535.0,0.07884336614023041,0.0,0.0,0.0,0.0,0.0,0.0,0.0,0.0,0.0,0.0
127662.5,0.2361376284335672,0.0,16352.0,37.0,0.22169999999816983,31.375,32.4375,36.79000000000002,0.0,0.0,0.0,0.0,0.0,20.0,0.3,0.1,0.2,0.1,0.4,0.1,0.1,0.1,0.5,0.0,56025.0,0.13431503792949576,0.0,65535.0,0.07920958266575112,0.0,0.0,0.0,0.0,0.0,0.0,0.0,0.0,0.0,0.0
127722.54,0.20298388160298264,0.0,16352.0,37.0,0.19259999999816788,31.3125,32.4375,36.950000000000045,0.0,0.0,0.0,0.0,0.0,20.0,0.3,0.1,0.2,0.1,0.4,0.1,0.1,0.1,0.5,0.0,56143.0,0.13394367953262207,0.0,65535.0,0.07872129396505684,0.0,0.0,0.0,0.0,0.0,0.0,0.0,0.0,0.0,0.0
127782.59,0.23268035094021197,0.0,16352.0,37.0,0.18519999999817205,31.3125,32.4375,36.650000000000034,0.0,0.0,0.0,0.0,0.0,20.0,0.3,0.1,0.2,0.1,0.4,0.1,0.1,0.1,0.5,0.0,55551.0,0.13526309157350902,0.0,65535.0,0.07893492027161059,0.0,0.0,0.0,0.0,0.0,0.0,0.0,0.0,0.0,0.0
127842.67,0.21111533273059627,0.0,16352.0,37.0,0.24109999999816384,31.375,32.375,37.01000000000005,0.0,0.0,0.0,0.0,0.0,20.0,0.3,0.1,0.2,0.1,0.4,0.1,0.1,0.1,0.5,0.0,56227.0,0.13438383694666264,0.0,65535.0,0.0797131303883421,0.0,0.0,0.0,0.0,0.0,0.0,0.0,0.0,0.0,0.0
127902.77,0.24750332550706394,0.0,16352.0,37.0,0.24789999999817272,31.3125,32.4375,36.73000000000002,0.0,0.0,0.0,0.0,0.0,20.0,0.3,0.1,0.2,0.1,0.4,0.1,0.1,0.1,0.5,0.0,55536.0,0.13553370786516855,0.0,65535.0,0.07898069733730068,0.0,0.0,0.0,0.0,0.0,0.0,0.0,0.0,0.0,0.0
127962.85,0.2220948030079925,0.0,16352.0,37.0,0.18019999999815983,31.3125,32.375,36.870000000000005,0.0,0.0,0.0,0.0,0.0,20.0,0.3,0.1,0.2,0.1,0.4,0.1,0.1,0.1,0.5,0.0,56115.0,0.1342778223291455,0.0,65535.0,0.07881284809643702,0.0,0.0,0.0,0.0,0.0,0.0,0.0,0.0,0.0,0.0
128022.92,0.24349226543721325,0.0,16352.0,37.0,0.2504999999981661,31.3125,32.375,36.77000000000004,0.0,0.0,0.0,0.0,0.0,20.0,0.3,0.1,0.2,0.1,0.4,0.1,0.1,0.1,0.5,0.0,55994.0,0.1347465799907133,0.0,65535.0,0.07879758907454032,0.0,0.0,0.0,0.0,0.0,0.0,0.0,0.0,0.0,0.0
128082.96,0.25733100270656917,0.0,16352.0,37.0,0.22289999999816448,31.3125,32.375,36.870000000000005,0.0,0.0,0.0,0.0,0.0,20.0,0.3,0.1,0.2,0.1,0.4,0.1,0.1,0.1,0.5,0.0,55943.0,0.13472641796113902,0.0,65535.0,0.07896543831540398,0.0,0.0,0.0,0.0,0.0,0.0,0.0,0.0,0.0,0.0
128143.0,0.2503058512550068,0.0,16352.0,37.0,0.18459999999816748,31.3125,32.375,36.89000000000004,0.0,0.0,0.0,0.0,0.0,20.0,0.3,0.1,0.2,0.1,0.4,0.1,0.1,0.1,0.5,0.0,55692.0,0.13545931192990016,0.0,65535.0,0.07895017929350728,0.0,0.0,0.0,0.0,0.0,0.0,0.0,0.0,0.0,0.0
128203.05,0.21721754086490086,0.0,16352.0,37.0,0.2221999999981583,31.3125,32.4375,36.85000000000002,0.0,0.0,0.0,0.0,0.0,20.0,0.3,0.1,0.2,0.1,0.4,0.1,0.1,0.1,0.5,0.0,56004.0,0.13520462824083995,0.0,65535.0,0.07933165484092469,0.0,0.0,0.0,0.0,0.0,0.0,0.0,0.0,0.0,0.0
128263.09,0.20698087890560207,0.0,16352.0,37.0,0.22659999999816763,31.25,32.375,36.77000000000004,0.0,0.0,0.0,0.0,0.0,20.0,0.3,0.1,0.2,0.1,0.4,0.1,0.1,0.1,0.5,0.0,55721.0,0.13556827766910143,0.0,65535.0,0.0789044022278172,0.0,0.0,0.0,0.0,0.0,0.0,0.0,0.0,0.0,0.0
128323.14,0.20605105242176644,0.0,16352.0,37.0,0.20989999999815612,31.3125,32.375,36.79000000000002,0.0,0.0,0.0,0.0,0.0,20.0,0.3,0.1,0.2,0.1,0.4,0.1,0.1,0.1,0.5,0.0,55803.0,0.135351145995735,0.0,65535.0,0.07867551689936675,0.0,0.0,0.0,0.0,0.0,0.0,0.0,0.0,0.0,0.0
128383.17,0.24956452057259837,0.0,16352.0,37.0,0.2095999999981547,31.3125,32.4375,36.93000000000001,0.0,0.0,0.0,0.0,0.0,20.0,0.3,0.1,0.2,0.1,0.4,0.1,0.1,0.1,0.5,0.0,55883.0,0.13539001127355368,0.0,65535.0,0.07899595635919737,0.0,0.0,0.0,0.0,0.0,0.0,0.0,0.0,0.0,0.0
128443.22,0.2356409570579793,0.0,16352.0,37.0,0.2493999999981654,31.3125,32.375,36.870000000000005,0.0,0.0,0.0,0.0,0.0,20.0,0.3,0.1,0.2,0.1,0.4,0.1,0.1,0.1,0.5,0.0,56069.0,0.13486953575059302,0.0,65535.0,0.07905699244678416,0.0,0.0,0.0,0.0,0.0,0.0,0.0,0.0,0.0,0.0
128503.27,0.22057818458273618,0.0,16352.0,37.0,0.1725999999981616,31.375,32.375,36.93000000000001,0.0,0.0,0.0,0.0,0.0,20.0,0.3,0.1,0.2,0.1,0.4,0.1,0.1,0.1,0.5,0.0,56032.0,0.1350121359223301,0.0,65535.0,0.07861448081177996,0.0,0.0,0.0,0.0,0.0,0.0,0.0,0.0,0.0,0.0
128563.32,0.2501131648805195,0.0,16352.0,37.0,0.16549999999815043,31.375,32.4375,36.870000000000005,0.0,0.0,0.0,0.0,0.0,20.0,0.3,0.1,0.2,0.1,0.4,0.1,0.1,0.1,0.5,0.0,56272.0,0.13482726755757748,0.0,65535.0,0.07905699244678416,0.0,0.0,0.0,0.0,0.0,0.0,0.0,0.0,0.0,0.0
128623.39,0.25713231222750055,0.0,16352.0,37.0,0.202499999998156,31.375,32.4375,36.79000000000002,0.0,0.0,0.0,0.0,0.0,20.0,0.3,0.1,0.2,0.1,0.4,0.1,0.1,0.1,0.5,0.0,55894.0,0.13591798761942248,0.0,65535.0,0.07953002212558175,0.0,0.0,0.0,0.0,0.0,0.0,0.0,0.0,0.0,0.0
128683.43,0.2517143410245481,0.0,16352.0,37.0,0.2242999999981512,31.3125,32.375,36.79000000000002,0.0,0.0,0.0,0.0,0.0,20.0,0.3,0.1,0.2,0.1,0.4,0.1,0.1,0.1,0.5,0.0,55656.0,0.1356547362368837,0.0,65535.0,0.07901121538109407,0.0,0.0,0.0,0.0,0.0,0.0,0.0,0.0,0.0,0.0
128743.51,0.24911197449942127,0.0,16352.0,37.0,0.23959999999815063,31.3125,32.4375,36.81,0.0,0.0,0.0,0.0,0.0,20.0,0.3,0.1,0.2,0.1,0.4,0.1,0.1,0.1,0.5,0.0,56114.0,0.13526036283280465,0.0,65535.0,0.07934691386282139,0.0,0.0,0.0,0.0,0.0,0.0,0.0,0.0,0.0,0.0
128803.58,0.2208708199517559,0.0,16352.0,37.0,0.2684999999981553,31.25,32.375,36.93000000000001,0.0,0.0,0.0,0.0,0.0,20.0,0.3,0.1,0.2,0.1,0.4,0.1,0.1,0.1,0.5,0.0,55877.0,0.13619199312776276,0.0,65535.0,0.079316395819028,0.0,0.0,0.0,0.0,0.0,0.0,0.0,0.0,0.0,0.0
128863.62,0.24669767707927803,0.0,16352.0,37.0,0.22909999999814765,31.3125,32.375,36.79000000000002,0.0,0.0,0.0,0.0,0.0,20.0,0.3,0.1,0.2,0.1,0.4,0.1,0.1,0.1,0.5,0.0,55872.0,0.1361504868270332,0.0,65535.0,0.07898069733730068,0.0,0.0,0.0,0.0,0.0,0.0,0.0,0.0,0.0,0.0
128923.7,0.222546835754421,0.0,16352.0,37.0,0.16139999999814897,31.375,32.4375,37.09000000000003,0.0,0.0,0.0,0.0,0.0,20.0,0.3,0.1,0.2,0.1,0.4,0.1,0.1,0.1,0.5,0.0,56074.0,0.13528551556871277,0.0,65535.0,0.07873655298695353,0.0,0.0,0.0,0.0,0.0,0.0,0.0,0.0,0.0,0.0
128983.74,0.24217741915807944,0.0,16352.0,37.0,0.1898999999981489,31.3125,32.375,36.85000000000002,0.0,0.0,0.0,0.0,0.0,20.0,0.3,0.1,0.2,0.1,0.4,0.1,0.1,0.1,0.5,0.0,56287.0,0.13511112690319257,0.0,65535.0,0.07901121538109407,0.0,0.0,0.0,0.0,0.0,0.0,0.0,0.0,0.0,0.0
129043.79,0.2327797610422454,0.0,16352.0,37.0,0.18929999999814773,31.375,32.375,36.79000000000002,0.0,0.0,0.0,0.0,0.0,20.0,0.3,0.1,0.2,0.1,0.4,0.1,0.1,0.1,0.5,0.0,55811.0,0.13604844923043843,0.0,65535.0,0.07920958266575112,0.0,0.0,0.0,0.0,0.0,0.0,0.0,0.0,0.0,0.0
129103.86,0.24320008700235804,0.0,16352.0,37.0,0.24989999999814946,31.25,32.375,36.79000000000002,0.0,0.0,0.0,0.0,0.0,20.0,0.3,0.1,0.2,0.1,0.4,0.1,0.1,0.1,0.5,0.0,55905.0,0.13608800643949556,0.0,65535.0,0.07899595635919737,0.0,0.0,0.0,0.0,0.0,0.0,0.0,0.0,0.0,0.0
129163.94,0.24004476981417747,0.0,16352.0,37.0,0.2242999999981426,31.375,32.375,36.77000000000004,0.0,0.0,0.0,0.0,0.0,20.0,0.3,0.1,0.2,0.1,0.4,0.1,0.1,0.1,0.5,0.0,56076.0,0.13590484342677794,0.0,65535.0,0.0796978713664454,0.0,0.0,0.0,0.0,0.0,0.0,0.0,0.0,0.0,0.0
129224.0,0.2482194245776822,0.0,16352.0,37.0,0.1621999999981388,31.375,32.3125,37.05000000000001,0.0,0.0,0.0,0.0,0.0,20.0,0.3,0.1,0.2,0.1,0.4,0.1,0.1,0.1,0.5,0.0,55974.0,0.1359381141244149,0.0,65535.0,0.07934691386282139,0.0,0.0,0.0,0.0,0.0,0.0,0.0,0.0,0.0,0.0
129284.04,0.253820811930555,0.0,16352.0,37.0,0.24459999999815082,31.3125,32.375,36.81,0.0,0.0,0.0,0.0,0.0,20.0,0.3,0.1,0.2,0.1,0.4,0.1,0.1,0.1,0.5,0.0,56250.0,0.13601777777777777,0.0,65535.0,0.07963683527885862,0.0,0.0,0.0,0.0,0.0,0.0,0.0,0.0,0.0,0.0
129344.09,0.23697112340825716,0.0,16352.0,37.0,0.19959999999814826,31.375,32.375,36.77000000000004,0.0,0.0,0.0,0.0,0.0,20.0,0.3,0.1,0.2,0.1,0.4,0.1,0.1,0.1,0.5,0.0,55899.0,0.13620995008855258,0.0,65535.0,0.07882810711833371,0.0,0.0,0.0,0.0,0.0,0.0,0.0,0.0,0.0,0.0
129404.12,0.263195205874249,0.0,16352.0,37.0,0.2484999999981498,31.3125,32.4375,36.85000000000002,0.0,0.0,0.0,0.0,0.0,20.0,0.3,0.1,0.2,0.1,0.4,0.1,0.1,0.1,0.5,0.0,56449.0,0.13530797711208348,0.0,65535.0,0.0793011367971313,0.0,0.0,0.0,0.0,0.0,0.0,0.0,0.0,0.0,0.0
129464.18,0.25002550566040893,0.0,16352.0,37.0,0.17019999999814656,31.3125,32.375,36.79000000000002,0.0,0.0,0.0,0.0,0.0,20.0,0.3,0.1,0.2,0.1,0.4,0.1,0.1,0.1,0.5,0.0,56077.0,0.13608074611694634,0.0,65535.0,0.07920958266575112,0.0,0.0,0.0,0.0,0.0,0.0,0.0,0.0,0.0,0.0
129524.26,0.22338738249575224,0.0,16352.0,37.0,0.1839999999981465,31.25,32.375,36.79000000000002,0.0,0.0,0.0,0.0,0.0,20.0,0.3,0.1,0.2,0.1,0.4,0.1,0.1,0.1,0.5,0.0,56182.0,0.13577302338827382,0.0,65535.0,0.07902647440299077,0.0,0.0,0.0,0.0,0.0,0.0,0.0,0.0,0.0,0.0
129584.33,0.221345088014857,0.0,16352.0,37.0,0.22789999999813754,31.3125,32.375,36.870000000000005,0.0,0.0,0.0,0.0,0.0,20.0,0.3,0.1,0.2,0.1,0.4,0.1,0.1,0.1,0.5,0.0,57176.0,0.13449699174478802,0.0,65535.0,0.07998779278248264,0.0,0.0,0.0,0.0,0.0,0.0,0.0,0.0,0.0,0.0
129644.41,0.21870779672555227,0.0,16352.0,37.0,0.21349999999813557,31.25,32.375,37.09000000000003,0.0,0.0,0.0,0.0,0.0,20.0,0.3,0.1,0.2,0.1,0.4,0.1,0.1,0.1,0.5,0.0,56463.0,0.13532755964082674,0.0,65535.0,0.07911802853437094,0.0,0.0,0.0,0.0,0.0,0.0,0.0,0.0,0.0,0.0
129704.48,0.2286687669034156,0.0,16352.0,37.0,0.2231999999981401,31.3125,32.375,36.950000000000045,0.0,0.0,0.0,0.0,0.0,20.0,0.3,0.1,0.2,0.1,0.4,0.1,0.1,0.1,0.5,0.0,55813.0,0.13668858509666207,0.0,65535.0,0.07933165484092469,0.0,0.0,0.0,0.0,0.0,0.0,0.0,0.0,0.0,0.0
129764.55,0.25673347964916715,0.0,16352.0,37.0,0.22289999999813953,31.375,32.4375,36.77000000000004,0.0,0.0,0.0,0.0,0.0,20.0,0.3,0.1,0.2,0.1,0.4,0.1,0.1,0.1,0.5,0.0,56836.0,0.13500246322753184,0.0,65535.0,0.07962157625696192,0.0,0.0,0.0,0.0,0.0,0.0,0.0,0.0,0.0,0.0
129824.6,0.23452908155522878,0.0,16352.0,37.0,0.1833999999981419,31.375,32.375,36.79000000000002,0.0,0.005,0.25,0.0,0.0,20.0,0.3,0.1,0.2,0.1,0.4,0.1,0.1,0.1,0.5,0.0,56005.0,0.1362735470047317,0.0,65535.0,0.07922484168764782,0.0,0.0,0.0,0.0,0.0,0.0,0.0,0.0,0.0,0.0
129884.64,0.23758357803328645,0.0,16352.0,37.0,0.3523499999981423,31.3125,32.375,36.49000000000001,0.0,0.0,0.0,0.0,0.0,20.0,0.3,0.1,0.2,0.1,0.4,0.1,0.1,0.1,0.5,0.0,55630.0,0.13456767930972496,0.0,65535.0,0.07815671015487907,0.0,0.0,0.0,0.0,0.0,0.0,0.0,0.0,0.0,0.0
129944.67,0.20198983796656383,0.0,16352.0,37.0,0.21689999999813672,31.25,32.375,36.81,0.0,0.0,0.0,0.0,0.0,20.0,0.3,0.1,0.2,0.1,0.4,0.1,0.1,0.1,0.5,0.0,55129.0,0.13560920749514774,0.0,65535.0,0.07769893949797818,0.0,0.0,0.0,0.0,0.0,0.0,0.0,0.0,0.0,0.0
130004.72,0.20577088518636008,0.0,16352.0,37.0,0.23869999999813193,31.375,32.375,36.870000000000005,0.0,0.0,0.0,0.0,0.0,20.0,0.3,0.1,0.2,0.1,0.4,0.1,0.1,0.1,0.5,0.0,55269.0,0.13548282038755902,0.0,65535.0,0.0772106507972839,0.0,0.0,0.0,0.0,0.0,0.0,0.0,0.0,0.0,0.0
130064.78,0.2061561901966274,0.0,16352.0,37.0,0.23639999999813574,31.375,32.375,36.950000000000045,0.0,0.0,0.0,0.0,0.0,20.0,0.3,0.1,0.2,0.1,0.4,0.1,0.1,0.1,0.5,0.0,55352.0,0.13502673796791445,0.0,65535.0,0.07754634927901122,0.0,0.0,0.0,0.0,0.0,0.0,0.0,0.0,0.0,0.0
130124.86,0.20628036135177444,0.0,16352.0,37.0,0.16369999999812737,31.375,32.375,36.97000000000003,0.0,0.0,0.0,0.0,0.0,20.0,0.3,0.1,0.2,0.1,0.4,0.1,0.1,0.1,0.5,0.0,54886.0,0.13573588893342564,0.0,65535.0,0.07769893949797818,0.0,0.0,0.0,0.0,0.0,0.0,0.0,0.0,0.0,0.0
130184.93,0.2527898814806858,0.0,16352.0,37.0,0.22979999999813405,31.3125,32.375,36.89000000000004,0.0,0.0,0.0,0.0,0.0,20.0,0.3,0.1,0.2,0.1,0.4,0.1,0.1,0.1,0.5,0.0,54882.0,0.13596443278306183,0.0,65535.0,0.07745479514763104,0.0,0.0,0.0,0.0,0.0,0.0,0.0,0.0,0.0,0.0
130245.01,0.206492998508262,0.0,16352.0,37.0,0.1955999999981316,31.375,32.375,36.85000000000002,0.0,0.0,0.0,0.0,0.0,20.0,0.3,0.1,0.2,0.1,0.4,0.1,0.1,0.1,0.5,0.0,55016.0,0.13576050603460812,0.0,65535.0,0.07753109025711452,0.0,0.0,0.0,0.0,0.0,0.0,0.0,0.0,0.0,0.0
130305.08,0.2045823085472142,0.0,16352.0,37.0,0.2105999999981313,31.4375,32.375,36.81,0.0,0.0,0.0,0.0,0.0,20.0,0.3,0.1,0.2,0.1,0.4,0.1,0.1,0.1,0.5,0.0,55412.0,0.13540388363531364,0.0,65535.0,0.07777523460746166,0.0,0.0,0.0,0.0,0.0,0.0,0.0,0.0,0.0,0.0
130365.15,0.21592993945277195,0.0,16352.0,37.0,0.18519999999813422,31.375,32.375,36.89000000000004,0.0,0.0,0.0,0.0,0.0,20.0,0.3,0.1,0.2,0.1,0.4,0.1,0.1,0.1,0.5,0.0,55146.0,0.1356943386646357,0.0,65535.0,0.07769893949797818,0.0,0.0,0.0,0.0,0.0,0.0,0.0,0.0,0.0,0.0
130425.23,0.2118162947143391,0.0,16352.0,37.0,0.2322999999981357,31.375,32.4375,36.77000000000004,0.0,0.0,0.0,0.0,0.0,20.0,0.3,0.1,0.2,0.1,0.4,0.1,0.1,0.1,0.5,0.0,55317.0,0.13558218992353163,0.0,65535.0,0.07769893949797818,0.0,0.0,0.0,0.0,0.0,0.0,0.0,0.0,0.0,0.0
130485.3,0.20662411212755757,0.0,16352.0,37.0,0.2352999999981355,31.3125,32.375,36.79000000000002,0.0,0.0,0.0,0.0,0.0,20.0,0.3,0.1,0.2,0.1,0.4,0.1,0.1,0.1,0.5,0.0,54774.0,0.1366706831708475,0.0,65535.0,0.07740901808194095,0.0,0.0,0.0,0.0,0.0,0.0,0.0,0.0,0.0,0.0
130545.38,0.22723903736966525,0.0,16352.0,37.0,0.2146999999981241,31.3125,32.375,36.89000000000004,0.0,0.0,0.0,0.0,0.0,20.0,0.3,0.1,0.2,0.1,0.4,0.1,0.1,0.1,0.5,0.0,54922.0,0.1366847529223262,0.0,65535.0,0.07743953612573434,0.0,0.0,0.0,0.0,0.0,0.0,0.0,0.0,0.0,0.0
130605.44,0.22959774620928597,0.0,16352.0,37.0,0.25269999999813475,31.3125,32.375,36.93000000000001,0.0,0.0,0.0,0.0,0.0,20.0,0.3,0.1,0.2,0.1,0.4,0.1,0.1,0.1,0.5,0.0,55621.0,0.13514679707304794,0.0,65535.0,0.07756160830090791,0.0,0.0,0.0,0.0,0.0,0.0,0.0,0.0,0.0,0.0
130665.52,0.22433055921116735,0.0,16352.0,37.0,0.23089999999812355,31.3125,32.375,36.79000000000002,0.0,0.0,0.0,0.0,0.0,20.0,0.3,0.1,0.2,0.1,0.4,0.1,0.1,0.1,0.5,0.0,55399.0,0.13568836982617014,0.0,65535.0,0.07779049362935836,0.0,0.0,0.0,0.0,0.0,0.0,0.0,0.0,0.0,0.0
130725.55,0.21818156808585693,0.0,16352.0,37.0,0.20439999999813174,31.375,32.4375,36.93000000000001,0.0,0.0,0.0,0.0,0.0,20.0,0.3,0.1,0.2,0.1,0.4,0.1,0.1,0.1,0.5,0.0,55256.0,0.13598523237295498,0.0,65535.0,0.07786678873884184,0.0,0.0,0.0,0.0,0.0,0.0,0.0,0.0,0.0,0.0
130785.59,0.21121618935383785,0.0,16352.0,37.0,0.1795999999981199,31.375,32.375,36.79000000000002,0.0,0.0,0.0,0.0,0.0,20.0,0.3,0.1,0.2,0.1,0.4,0.1,0.1,0.1,0.5,0.0,56000.0,0.13476785714285713,0.0,65535.0,0.07795834287022202,0.0,0.0,0.0,0.0,0.0,0.0,0.0,0.0,0.0,0.0
130845.64,0.20478565469894697,0.0,16352.0,37.0,0.1904999999981242,31.3125,32.375,36.870000000000005,0.0,0.0,0.0,0.0,0.0,20.0,0.3,0.1,0.2,0.1,0.4,0.1,0.1,0.1,0.5,0.0,55923.0,0.1345957834880103,0.0,65535.0,0.07766842145418479,0.0,0.0,0.0,0.0,0.0,0.0,0.0,0.0,0.0,0.0
130905.68,0.22176010083569625,0.0,16352.0,37.0,0.23109999999812988,31.375,32.375,36.85000000000002,0.0,0.0,0.0,0.0,0.0,20.0,0.3,0.1,0.2,0.1,0.4,0.1,0.1,0.1,0.5,0.0,55674.0,0.13534145202428421,0.0,65535.0,0.07800411993591211,0.0,0.0,0.0,0.0,0.0,0.0,0.0,0.0,0.0,0.0
130965.72,0.2138932387033221,0.0,16352.0,37.0,0.1995999999981284,31.3125,32.4375,36.57000000000005,0.0,0.0,0.0,0.0,0.0,20.0,0.3,0.1,0.2,0.1,0.4,0.1,0.1,0.1,0.5,0.0,55567.0,0.1357640326092825,0.0,65535.0,0.07782101167315175,0.0,0.0,0.0,0.0,0.0,0.0,0.0,0.0,0.0,0.0
131025.77,0.220942764562822,0.0,16352.0,37.0,0.16099999999811662,31.3125,32.375,36.73000000000002,0.0,0.0,0.0,0.0,0.0,20.0,0.3,0.1,0.2,0.1,0.4,0.1,0.1,0.1,0.5,0.0,55489.0,0.13593685234911423,0.0,65535.0,0.07818722819867246,0.0,0.0,0.0,0.0,0.0,0.0,0.0,0.0,0.0,0.0
131085.83,0.18995496734328937,0.0,16352.0,37.0,0.20659999999811693,31.3125,32.375,36.650000000000034,0.0,0.0,0.0,0.0,0.0,20.0,0.3,0.1,0.2,0.1,0.4,0.1,0.1,0.1,0.5,0.0,55822.0,0.1356096162803196,0.0,65535.0,0.0780498970016022,0.0,0.0,0.0,0.0,0.0,0.0,0.0,0.0,0.0,0.0
131145.88,0.21117953265488032,0.0,16352.0,37.0,0.21869999999812098,31.3125,32.375,36.73000000000002,0.0,0.0,0.0,0.0,0.0,20.0,0.3,0.1,0.2,0.1,0.4,0.1,0.1,0.1,0.5,0.0,55903.0,0.1346797130744325,0.0,65535.0,0.07765316243228809,0.0,0.0,0.0,0.0,0.0,0.0,0.0,0.0,0.0,0.0
131205.92,0.22551577298667133,0.0,16352.0,37.0,0.2507999999981211,31.1875,32.375,36.77000000000004,0.0,0.0,0.0,0.0,0.0,20.0,0.3,0.1,0.2,0.1,0.4,0.1,0.1,0.1,0.5,0.0,55712.0,0.13587736932797242,0.0,65535.0,0.07779049362935836,0.0,0.0,0.0,0.0,0.0,0.0,0.0,0.0,0.0,0.0
131265.99,0.20201287791912292,0.0,16352.0,37.0,0.25349999999812034,31.25,32.375,36.79000000000002,0.0,0.0,0.0,0.0,0.0,20.0,0.3,0.1,0.2,0.1,0.4,0.1,0.1,0.1,0.5,0.0,55266.0,0.1365396446278001,0.0,65535.0,0.07777523460746166,0.0,0.0,0.0,0.0,0.0,0.0,0.0,0.0,0.0,0.0
131326.07,0.20822796839518276,0.0,16352.0,37.0,0.2331999999981237,31.3125,32.3125,36.81,0.0,0.0,0.0,0.0,0.0,20.0,0.3,0.1,0.2,0.1,0.4,0.1,0.1,0.1,0.5,0.0,54971.0,0.1371086572920267,0.0,65535.0,0.07779049362935836,0.0,0.0,0.0,0.0,0.0,0.0,0.0,0.0,0.0,0.0
131386.15,0.2358758499895075,0.0,16352.0,37.0,0.21139999999811257,31.3125,32.4375,36.79000000000002,0.0,0.0,0.0,0.0,0.0,20.0,0.3,0.1,0.2,0.1,0.4,0.1,0.1,0.1,0.5,0.0,55679.0,0.1350239767237199,0.0,65535.0,0.07769893949797818,0.0,0.0,0.0,0.0,0.0,0.0,0.0,0.0,0.0,0.0
131446.23,0.24416498680034654,0.0,16352.0,37.0,0.18989999999811535,31.3125,32.375,36.89000000000004,0.0,0.0,0.0,0.0,0.0,20.0,0.3,0.1,0.2,0.1,0.4,0.1,0.1,0.1,0.5,0.0,54937.0,0.13755756593916668,0.0,65535.0,0.07772945754177157,0.0,0.0,0.0,0.0,0.0,0.0,0.0,0.0,0.0,0.0
131506.3,0.23537566745941188,0.0,16352.0,37.0,0.21079999999811055,31.25,32.375,36.85000000000002,0.0,0.0,0.0,0.0,0.0,20.0,0.3,0.1,0.2,0.1,0.4,0.1,0.1,0.1,0.5,0.0,55057.0,0.13736672902628186,0.0,65535.0,0.07789730678263523,0.0,0.0,0.0,0.0,0.0,0.0,0.0,0.0,0.0,0.0
131566.37,0.2033303486885864,0.0,16352.0,37.0,0.20929999999810936,31.3125,32.4375,36.690000000000055,0.0,0.0,0.0,0.0,0.0,20.0,0.3,0.1,0.2,0.1,0.4,0.1,0.1,0.1,0.5,0.0,55417.0,0.13638414205027338,0.0,65535.0,0.07774471656366827,0.0,0.0,0.0,0.0,0.0,0.0,0.0,0.0,0.0,0.0
131626.45,0.22104474224281367,0.0,16352.0,37.0,0.16219999999810614,31.375,32.375,36.63000000000005,0.0,0.0,0.0,0.0,0.0,20.0,0.3,0.1,0.2,0.1,0.4,0.1,0.1,0.1,0.5,0.0,55425.0,0.1366892196662156,0.0,65535.0,0.07785152971694514,0.0,0.0,0.0,0.0,0.0,0.0,0.0,0.0,0.0,0.0
131686.52,0.24025496814189118,0.0,16352.0,37.0,0.23109999999811792,31.25,32.375,36.73000000000002,0.0,0.0,0.0,0.0,0.0,20.0,0.3,0.1,0.2,0.1,0.4,0.1,0.1,0.1,0.5,0.0,55587.0,0.13620091028477882,0.0,65535.0,0.0780346379797055,0.0,0.0,0.0,0.0,0.0,0.0,0.0,0.0,0.0,0.0
131746.58,0.22997067688255496,0.0,16352.0,37.0,0.24019999999810793,31.3125,32.375,36.81,0.0,0.0,0.0,0.0,0.0,20.0,0.3,0.1,0.2,0.1,0.4,0.1,0.1,0.1,0.5,0.0,55514.0,0.1362359044565335,0.0,65535.0,0.07812619211108568,0.0,0.0,0.0,0.0,0.0,0.0,0.0,0.0,0.0,0.0
131806.64,0.22204195860261425,0.0,16352.0,37.0,0.20579999999811077,31.3125,32.375,36.81,0.0,0.0,0.0,0.0,0.0,20.0,0.3,0.1,0.2,0.1,0.4,0.1,0.1,0.1,0.5,0.0,55113.0,0.13744488596156987,0.0,65535.0,0.07772945754177157,0.0,0.0,0.0,0.0,0.0,0.0,0.0,0.0,0.0,0.0
131866.69,0.24484699663940818,0.0,16352.0,37.0,0.19019999999810902,31.3125,32.375,36.93000000000001,0.0,0.0,0.0,0.0,0.0,20.0,0.3,0.1,0.2,0.1,0.4,0.1,0.1,0.1,0.5,0.0,55334.0,0.13693208515560054,0.0,65535.0,0.07833981841763943,0.0,0.0,0.0,0.0,0.0,0.0,0.0,0.0,0.0,0.0
131926.73,0.226337353883715,0.0,16352.0,37.0,0.2263999999981045,31.3125,32.375,36.79000000000002,0.0,0.0,0.0,0.0,0.0,20.0,0.3,0.1,0.2,0.1,0.4,0.1,0.1,0.1,0.5,0.0,55349.0,0.13687690834522756,0.0,65535.0,0.0780346379797055,0.0,0.0,0.0,0.0,0.0,0.0,0.0,0.0,0.0,0.0
131986.78,0.2275430829627646,0.0,16352.0,37.0,0.2281999999981037,31.25,32.375,36.870000000000005,0.0,0.0,0.0,0.0,0.0,20.0,0.3,0.1,0.2,0.1,0.4,0.1,0.1,0.1,0.5,0.0,55438.0,0.13660305205815507,0.0,65535.0,0.07795834287022202,0.0,0.0,0.0,0.0,0.0,0.0,0.0,0.0,0.0,0.0
132046.82,0.2066160339188335,0.0,16352.0,37.0,0.1998999999981118,31.3125,32.375,37.01000000000005,0.0,0.0,0.0,0.0,0.0,20.0,0.3,0.1,0.2,0.1,0.4,0.1,0.1,0.1,0.5,0.0,55296.0,0.1368995949074074,0.0,65535.0,0.07765316243228809,0.0,0.0,0.0,0.0,0.0,0.0,0.0,0.0,0.0,0.0
132106.87,0.2316462582353935,0.0,16352.0,37.0,0.2690999999981091,31.3125,32.375,37.05000000000001,0.0,0.0,0.0,0.0,0.0,20.0,0.3,0.1,0.2,0.1,0.4,0.1,0.1,0.1,0.5,0.0,54486.0,0.13906324560437544,0.0,65535.0,0.0776379034103914,0.0,0.0,0.0,0.0,0.0,0.0,0.0,0.0,0.0,0.0
132166.92,0.20352565599537514,0.0,16352.0,37.0,0.229099999998102,31.3125,32.375,36.93000000000001,0.0,0.0,0.0,0.0,0.0,20.0,0.3,0.1,0.2,0.1,0.4,0.1,0.1,0.1,0.5,0.0,55574.0,0.13689854968150575,0.0,65535.0,0.07769893949797818,0.0,0.0,0.0,0.0,0.0,0.0,0.0,0.0,0.0,0.0
132226.96,0.24919021870733593,0.0,16352.0,37.0,0.22319999999810564,31.375,32.375,36.79000000000002,0.0,0.0,0.0,0.0,0.0,20.0,0.3,0.1,0.2,0.1,0.4,0.1,0.1,0.1,0.5,0.0,55735.0,0.13695164618282946,0.0,65535.0,0.07833981841763943,0.0,0.0,0.0,0.0,0.0,0.0,0.0,0.0,0.0,0.0
132287.0,0.23718096936014627,0.0,16352.0,37.0,0.22349999999810452,31.3125,32.375,36.85000000000002,0.0,0.0,0.0,0.0,0.0,20.0,0.3,0.1,0.2,0.1,0.4,0.1,0.1,0.1,0.5,0.0,55417.0,0.13699767219445297,0.0,65535.0,0.07777523460746166,0.0,0.0,0.0,0.0,0.0,0.0,0.0,0.0,0.0,0.0
132347.06,0.2466524945170488,0.0,16352.0,37.0,0.18759999999810703,31.3125,32.375,36.89000000000004,0.0,0.0,0.0,0.0,0.0,20.0,0.3,0.1,0.2,0.1,0.4,0.1,0.1,0.1,0.5,0.0,55231.0,0.13725987217323604,0.0,65535.0,0.07786678873884184,0.0,0.0,0.0,0.0,0.0,0.0,0.0,0.0,0.0,0.0
132407.12,0.204903566644396,0.0,16352.0,37.0,0.14839999999809492,31.375,32.4375,36.79000000000002,0.0,0.0,0.0,0.0,0.0,20.0,0.3,0.1,0.2,0.1,0.4,0.1,0.1,0.1,0.5,0.0,55730.0,0.13646151085591243,0.0,65535.0,0.07772945754177157,0.0,0.0,0.0,0.0,0.0,0.0,0.0,0.0,0.0,0.0
132467.17,0.23729134026110882,0.0,16352.0,37.0,0.22399999999809636,31.25,32.4375,36.73000000000002,0.0,0.0,0.0,0.0,0.0,20.0,0.3,0.1,0.2,0.1,0.4,0.1,0.1,0.1,0.5,0.0,54855.0,0.1386017682982408,0.0,65535.0,0.07817196917677577,0.0,0.0,0.0,0.0,0.0,0.0,0.0,0.0,0.0,0.0
132527.24,0.2194432721492826,0.0,16352.0,37.0,0.19779999999810427,31.3125,32.4375,36.79000000000002,0.0,0.0,0.0,0.0,0.0,20.0,0.3,0.1,0.2,0.1,0.4,0.1,0.1,0.1,0.5,0.0,56051.0,0.13628659613566216,0.0,65535.0,0.07792782482642863,0.0,0.0,0.0,0.0,0.0,0.0,0.0,0.0,0.0,0.0
132587.31,0.21537543465596554,0.0,16352.0,37.0,0.20339999999809916,31.3125,32.375,36.93000000000001,0.0,0.0,0.0,0.0,0.0,20.0,0.3,0.1,0.2,0.1,0.4,0.1,0.1,0.1,0.5,0.0,55902.0,0.13661407463060354,0.0,65535.0,0.07797360189211872,0.0,0.0,0.0,0.0,0.0,0.0,0.0,0.0,0.0,0.0
132647.36,0.21686743831373914,0.0,16352.0,37.0,0.2080999999980932,31.3125,32.4375,36.77000000000004,0.0,0.0,0.0,0.0,0.0,20.0,0.3,0.1,0.2,0.1,0.4,0.1,0.1,0.1,0.5,0.0,55274.0,0.1376596591525853,0.0,65535.0,0.07829404135194934,0.0,0.0,0.0,0.0,0.0,0.0,0.0,0.0,0.0,0.0
132707.41,0.22669356270411659,0.0,16352.0,37.0,0.19659999999810196,31.3125,32.4375,36.73000000000002,0.0,0.0,0.0,0.0,0.0,20.0,0.3,0.1,0.2,0.1,0.4,0.1,0.1,0.1,0.5,0.0,55634.0,0.13736204479275263,0.0,65535.0,0.07794308384832532,0.0,0.0,0.0,0.0,0.0,0.0,0.0,0.0,0.0,0.0
132767.49,0.20442924624660574,0.0,16352.0,37.0,0.2616999999981039,31.3125,32.4375,36.79000000000002,0.0,0.0,0.0,0.0,0.0,20.0,0.3,0.1,0.2,0.1,0.4,0.1,0.1,0.1,0.5,0.0,56198.0,0.13644613687319834,0.0,65535.0,0.07876707103074693,0.0,0.0,0.0,0.0,0.0,0.0,0.0,0.0,0.0,0.0
132827.54,0.2114478172449902,0.0,16352.0,37.0,0.19959999999810094,31.25,32.4375,36.81,0.0,0.0,0.0,0.0,0.0,20.0,0.3,0.1,0.2,0.1,0.4,0.1,0.1,0.1,0.5,0.0,55382.0,0.13773428189664513,0.0,65535.0,0.07811093308918898,0.0,0.0,0.0,0.0,0.0,0.0,0.0,0.0,0.0,0.0
132887.58,0.19069462602146675,0.0,16352.0,37.0,0.23989999999809183,31.25,32.375,36.81,0.0,0.0,0.0,0.0,0.0,20.0,0.3,0.1,0.2,0.1,0.4,0.1,0.1,0.1,0.5,0.0,55402.0,0.13768456012418323,0.0,65535.0,0.07824826428625925,0.0,0.0,0.0,0.0,0.0,0.0,0.0,0.0,0.0,0.0
132947.62,0.1969031977136908,0.0,16352.0,37.0,0.21139999999808934,31.25,32.375,36.93000000000001,0.0,0.0,0.0,0.0,0.0,20.0,0.3,0.1,0.2,0.1,0.4,0.1,0.1,0.1,0.5,0.0,56347.0,0.13583686797877437,0.0,65535.0,0.0784771496147097,0.0,0.0,0.0,0.0,0.0,0.0,0.0,0.0,0.0,0.0
133007.69,0.21165529208701575,0.0,16352.0,37.0,0.20669999999809274,31.1875,32.4375,37.03000000000003,0.0,0.0,0.0,0.0,0.0,20.0,0.3,0.1,0.2,0.1,0.4,0.1,0.1,0.1,0.5,0.0,55702.0,0.13692506552727013,0.0,65535.0,0.07786678873884184,0.0,0.0,0.0,0.0,0.0,0.0,0.0,0.0,0.0,0.0
133067.77,0.2136580450465969,0.0,16352.0,37.0,0.18019999999808586,31.25,32.375,36.81,0.0,0.0,0.0,0.0,0.0,20.0,0.3,0.1,0.2,0.1,0.4,0.1,0.1,0.1,0.5,0.0,55082.0,0.13875676264478415,0.0,65535.0,0.0780498970016022,0.0,0.0,0.0,0.0,0.0,0.0,0.0,0.0,0.0,0.0
133127.84,0.1977071981744594,0.0,16352.0,37.0,0.22579999999808617,31.25,32.375,36.85000000000002,0.0,0.0,0.0,0.0,0.0,20.0,0.3,0.1,0.2,0.1,0.4,0.1,0.1,0.1,0.5,0.0,55419.0,0.13766036918746277,0.0,65535.0,0.07826352330815595,0.0,0.0,0.0,0.0,0.0,0.0,0.0,0.0,0.0,0.0
133187.92,0.2202814432051156,0.0,16352.0,37.0,0.22989999999809493,31.1875,32.375,36.81,0.0,0.0,0.0,0.0,0.0,20.0,0.3,0.1,0.2,0.1,0.4,0.1,0.1,0.1,0.5,0.0,56192.0,0.13653189066059226,0.0,65535.0,0.07908751049057755,0.0,0.0,0.0,0.0,0.0,0.0,0.0,0.0,0.0,0.0
133247.98,0.2025952496055549,0.0,16352.0,37.0,0.22839999999809457,31.25,32.375,36.85000000000002,0.0,0.0,0.0,0.0,0.0,20.0,0.3,0.1,0.2,0.1,0.4,0.1,0.1,0.1,0.5,0.0,55906.0,0.13699781776553502,0.0,65535.0,0.07827878233005264,0.0,0.0,0.0,0.0,0.0,0.0,0.0,0.0,0.0,0.0
133308.03,0.222283435288942,0.0,16352.0,37.0,0.20869999999808322,31.3125,32.375,36.79000000000002,0.0,0.0,0.0,0.0,0.0,20.0,0.3,0.1,0.2,0.1,0.4,0.1,0.1,0.1,0.5,0.0,55752.0,0.13757353996269192,0.0,65535.0,0.07820248722056916,0.0,0.0,0.0,0.0,0.0,0.0,0.0,0.0,0.0,0.0
133368.09,0.18322946702912535,0.0,16352.0,37.0,0.22549999999808298,31.1875,32.4375,36.77000000000004,0.0,0.0,0.0,0.0,0.0,20.0,0.3,0.1,0.2,0.1,0.4,0.1,0.1,0.1,0.5,0.0,55158.0,0.1386380942021103,0.0,65535.0,0.07811093308918898,0.0,0.0,0.0,0.0,0.0,0.0,0.0,0.0,0.0,0.0
133428.14,0.1801978570498036,0.0,16352.0,37.0,0.20699999999808644,31.25,32.4375,36.870000000000005,0.0,0.0,0.0,0.0,0.0,20.0,0.3,0.1,0.2,0.1,0.4,0.1,0.1,0.1,0.5,0.0,55190.0,0.13828592136256568,0.0,65535.0,0.07853818570229648,0.0,0.0,0.0,0.0,0.0,0.0,0.0,0.0,0.0,0.0
133488.18,0.1953946107891797,0.0,16352.0,37.0,0.20079999999809037,31.25,32.375,36.81,0.0,0.0,0.0,0.0,0.0,20.0,0.3,0.1,0.2,0.1,0.4,0.1,0.1,0.1,0.5,0.0,56484.0,0.13656964804192337,0.0,65535.0,0.07884336614023041,0.0,0.0,0.0,0.0,0.0,0.0,0.0,0.0,0.0,0.0
133548.23,0.18828282878739364,0.0,16352.0,37.0,0.15719999999808312,31.25,32.4375,36.97000000000003,0.0,0.0,0.0,0.0,0.0,20.0,0.3,0.1,0.2,0.1,0.4,0.1,0.1,0.1,0.5,0.0,55879.0,0.1377261583063405,0.0,65535.0,0.07884336614023041,0.0,0.0,0.0,0.0,0.0,0.0,0.0,0.0,0.0,0.0
133608.27,0.227030392018901,0.0,16352.0,37.0,0.22159999999807967,31.3125,32.375,36.85000000000002,0.0,0.0,0.0,0.0,0.0,20.0,0.3,0.1,0.2,0.1,0.4,0.1,0.1,0.1,0.5,0.0,55514.0,0.13837950787188819,0.0,65535.0,0.07870603494316014,0.0,0.0,0.0,0.0,0.0,0.0,0.0,0.0,0.0,0.0
133668.32,0.21129968412517897,0.0,16352.0,37.0,0.22279999999807856,31.3125,32.375,36.710000000000036,0.0,0.0,0.0,0.0,0.0,20.0,0.3,0.1,0.2,0.1,0.4,0.1,0.1,0.1,0.5,0.0,55728.0,0.1377404536319265,0.0,65535.0,0.07795834287022202,0.0,0.0,0.0,0.0,0.0,0.0,0.0,0.0,0.0,0.0
133728.36,0.22105800096087563,0.0,16352.0,37.0,0.22309999999807742,31.25,32.4375,36.79000000000002,0.0,0.0,0.0,0.0,0.0,20.0,0.3,0.1,0.2,0.1,0.4,0.1,0.1,0.1,0.5,0.0,55447.0,0.13906974227640811,0.0,65535.0,0.07919432364385443,0.0,0.0,0.0,0.0,0.0,0.0,0.0,0.0,0.0,0.0
133788.4,0.1957334881412356,0.0,16352.0,37.0,0.22429999999807632,31.1875,32.375,36.79000000000002,0.0,0.0,0.0,0.0,0.0,20.0,0.3,0.1,0.2,0.1,0.4,0.1,0.1,0.1,0.5,0.0,55761.0,0.13789207510625706,0.0,65535.0,0.0780498970016022,0.0,0.0,0.0,0.0,0.0,0.0,0.0,0.0,0.0,0.0
133848.47,0.2038797426394409,0.0,16352.0,37.0,0.18659999999807875,31.25,32.375,36.79000000000002,0.0,0.0,0.0,0.0,0.0,20.0,0.3,0.1,0.2,0.1,0.4,0.1,0.1,0.1,0.5,0.0,55844.0,0.13765131437576106,0.0,65535.0,0.07833981841763943,0.0,0.0,0.0,0.0,0.0,0.0,0.0,0.0,0.0,0.0
133908.55,0.1967433838762508,0.0,16352.0,37.0,0.24959999999808,31.25,32.375,36.97000000000003,0.0,0.0,0.0,0.0,0.0,20.0,0.3,0.1,0.2,0.1,0.4,0.1,0.1,0.1,0.5,0.0,55738.0,0.13846926692741038,0.0,65535.0,0.07833981841763943,0.0,0.0,0.0,0.0,0.0,0.0,0.0,0.0,0.0,0.0
133968.6,0.1869235230988313,0.0,16352.0,37.0,0.2513999999980792,31.125,32.375,36.79000000000002,0.0,0.0,0.0,0.0,0.0,20.0,0.3,0.1,0.2,0.1,0.4,0.1,0.1,0.1,0.5,0.0,55972.0,0.13762238261988136,0.0,65535.0,0.0784771496147097,0.0,0.0,0.0,0.0,0.0,0.0,0.0,0.0,0.0,0.0
134028.68,0.22161745920815662,0.0,16352.0,37.0,0.19199999999807638,31.25,32.375,36.85000000000002,0.0,0.0,0.0,0.0,0.0,20.0,0.3,0.1,0.2,0.1,0.4,0.1,0.1,0.1,0.5,0.0,55206.0,0.139205883418469,0.0,65535.0,0.07826352330815595,0.0,0.0,0.0,0.0,0.0,0.0,0.0,0.0,0.0,0.0
134088.75,0.18602831643664364,0.0,16352.0,37.0,0.20049999999808116,31.1875,32.375,36.950000000000045,0.0,0.0,0.0,0.0,0.0,20.0,0.3,0.1,0.2,0.1,0.4,0.1,0.1,0.1,0.5,0.0,55269.0,0.1396804718739257,0.0,65535.0,0.07817196917677577,0.0,0.0,0.0,0.0,0.0,0.0,0.0,0.0,0.0,0.0
134148.83,0.19812893609823418,0.0,16352.0,37.0,0.18839999999807538,31.25,32.375,36.81,0.0,0.0,0.0,0.0,0.0,20.0,0.3,0.1,0.2,0.1,0.4,0.1,0.1,0.1,0.5,0.0,55682.0,0.1387881182428792,0.0,65535.0,0.0780498970016022,0.0,0.0,0.0,0.0,0.0,0.0,0.0,0.0,0.0,0.0
134208.9,0.20469247253978243,0.0,16352.0,37.0,0.22929999999808082,31.25,32.375,36.79000000000002,0.0,0.0,0.0,0.0,0.0,20.0,0.3,0.1,0.2,0.1,0.4,0.1,0.1,0.1,0.5,0.0,55278.0,0.13944064546474186,0.0,65535.0,0.07840085450522621,0.0,0.0,0.0,0.0,0.0,0.0,0.0,0.0,0.0,0.0
134268.98,0.18259319841534127,0.0,16352.0,37.0,0.2652999999980816,31.1875,32.375,36.710000000000036,0.0,0.0,0.0,0.0,0.0,20.0,0.3,0.1,0.2,0.1,0.4,0.1,0.1,0.1,0.5,0.0,56144.0,0.1381269592476489,0.0,65535.0,0.07870603494316014,0.0,0.0,0.0,0.0,0.0,0.0,0.0,0.0,0.0,0.0
134329.04,0.2043816923229024,0.0,16352.0,37.0,0.20819999999807412,31.1875,32.375,36.89000000000004,0.0,0.0,0.0,0.0,0.0,20.0,0.3,0.1,0.2,0.1,0.4,0.1,0.1,0.1,0.5,0.0,55916.0,0.1385828743114672,0.0,65535.0,0.07849240863660639,0.0,0.0,0.0,0.0,0.0,0.0,0.0,0.0,0.0,0.0
134389.12,0.1859611470636223,0.0,16352.0,37.0,0.2096999999980736,31.125,32.375,37.09000000000003,0.0,0.0,0.0,0.0,0.0,20.0,0.3,0.1,0.2,0.1,0.4,0.1,0.1,0.1,0.5,0.0,55746.0,0.13862878054030783,0.0,65535.0,0.07852292668039978,0.0,0.0,0.0,0.0,0.0,0.0,0.0,0.0,0.0,0.0
134449.19,0.18180771492529824,0.0,16352.0,37.0,0.2019999999980772,31.1875,32.375,36.89000000000004,0.0,0.0,0.0,0.0,0.0,20.0,0.3,0.1,0.2,0.1,0.4,0.1,0.1,0.1,0.5,0.0,55781.0,0.1386493608934942,0.0,65535.0,0.0788738841840238,0.0,0.0,0.0,0.0,0.0,0.0,0.0,0.0,0.0,0.0
134509.27,0.18700849000593595,0.0,16352.0,37.0,0.20199999999807633,31.25,32.4375,36.79000000000002,0.0,0.0,0.0,0.0,0.0,20.0,0.3,0.1,0.2,0.1,0.4,0.1,0.1,0.1,0.5,0.0,56309.0,0.1373670283613632,0.0,65535.0,0.07861448081177996,0.0,0.0,0.0,0.0,0.0,0.0,0.0,0.0,0.0,0.0
134569.3,0.20178816151408963,0.0,16352.0,37.0,0.20729999999807064,31.25,32.375,36.97000000000003,0.0,0.0,0.0,0.0,0.0,20.0,0.3,0.1,0.2,0.1,0.4,0.1,0.1,0.1,0.5,0.0,56113.0,0.13806069894676812,0.0,65535.0,0.07820248722056916,0.0,0.0,0.0,0.0,0.0,0.0,0.0,0.0,0.0,0.0
134629.34,0.17884839765112603,0.0,16352.0,37.0,0.19959999999807423,31.125,32.375,36.93000000000001,0.0,0.0,0.0,0.0,0.0,20.0,0.3,0.1,0.2,0.1,0.4,0.1,0.1,0.1,0.5,0.0,55817.0,0.13864951538061882,0.0,65535.0,0.0788738841840238,0.0,0.0,0.0,0.0,0.0,0.0,0.0,0.0,0.0,0.0
134689.42,0.19625644749942567,0.0,16352.0,37.0,0.2036999999980688,31.25,32.375,36.81,0.0,0.0,0.0,0.0,0.0,20.0,0.3,0.1,0.2,0.1,0.4,0.1,0.1,0.1,0.5,0.0,55964.0,0.13848188120934887,0.0,65535.0,0.0784771496147097,0.0,0.0,0.0,0.0,0.0,0.0,0.0,0.0,0.0,0.0
134749.49,0.18782498507475306,0.0,16352.0,37.0,0.18069999999807207,31.25,32.375,36.77000000000004,0.0,0.0,0.0,0.0,0.0,20.0,0.3,0.1,0.2,0.1,0.4,0.1,0.1,0.1,0.5,0.0,55336.0,0.1399631343067804,0.0,65535.0,0.07841611352712291,0.0,0.0,0.0,0.0,0.0,0.0,0.0,0.0,0.0,0.0
134809.57,0.1830992596871552,0.0,16352.0,37.0,0.22359999999807312,31.1875,32.4375,36.81,0.0,0.0,0.0,0.0,0.0,20.0,0.3,0.1,0.2,0.1,0.4,0.1,0.1,0.1,0.5,0.0,56036.0,0.13850024983938897,0.0,65535.0,0.07902647440299077,0.0,0.0,0.0,0.0,0.0,0.0,0.0,0.0,0.0,0.0
134869.61,0.17506978863437384,0.0,16352.0,37.0,0.2615999999980687,31.1875,32.4375,36.77000000000004,0.0,0.0,0.0,0.0,0.0,20.0,0.3,0.1,0.2,0.1,0.4,0.1,0.1,0.1,0.5,0.0,56014.0,0.13892955332595422,0.0,65535.0,0.07905699244678416,0.0,0.0,0.0,0.0,0.0,0.0,0.0,0.0,0.0,0.0
134929.66,0.2165994141597219,0.0,16352.0,37.0,0.20339999999806563,31.1875,32.375,36.93000000000001,0.0,0.0,0.0,0.0,0.0,20.0,0.3,0.1,0.2,0.1,0.4,0.1,0.1,0.1,0.5,0.0,56308.0,0.13772465724231014,0.0,65535.0,0.07827878233005264,0.0,0.0,0.0,0.0,0.0,0.0,0.0,0.0,0.0,0.0
134989.69,0.2197747670341444,0.0,16352.0,37.0,0.2416999999980609,31.25,32.375,36.73000000000002,0.0,0.0,0.0,0.0,0.0,20.0,0.3,0.1,0.2,0.1,0.4,0.1,0.1,0.1,0.5,0.0,55994.0,0.13869343143908275,0.0,65535.0,0.07927061875333791,0.0,0.0,0.0,0.0,0.0,0.0,0.0,0.0,0.0,0.0
135049.74,0.22695687095263584,0.0,16352.0,37.0,0.200799999998068,31.25,32.375,36.79000000000002,0.0,0.0,0.0,0.0,0.0,20.0,0.3,0.1,0.2,0.1,0.4,0.1,0.1,0.1,0.5,0.0,55968.0,0.13877572898799315,0.0,65535.0,0.07858396276798657,0.0,0.0,0.0,0.0,0.0,0.0,0.0,0.0,0.0,0.0
135109.82,0.2336852589199241,0.0,16352.0,37.0,0.2257999999980586,31.25,32.4375,36.93000000000001,0.0,0.0,0.0,0.0,0.0,20.0,0.3,0.1,0.2,0.1,0.4,0.1,0.1,0.1,0.5,0.0,55763.0,0.139644567186127,0.0,65535.0,0.07866025787747005,0.0,0.0,0.0,0.0,0.0,0.0,0.0,0.0,0.0,0.0
135169.88,0.19939071766820693,0.0,16352.0,37.0,0.20929999999805685,31.3125,32.375,36.93000000000001,0.0,0.0,0.0,0.0,0.0,20.0,0.3,0.1,0.2,0.1,0.4,0.1,0.1,0.1,0.5,0.0,55787.0,0.13910050728664383,0.0,65535.0,0.07853818570229648,0.0,0.0,0.0,0.0,0.0,0.0,0.0,0.0,0.0,0.0
135229.95,0.21673014889201403,0.0,16352.0,37.0,0.18629999999806013,31.3125,32.375,36.81,0.0,0.0,0.0,0.0,0.0,20.0,0.3,0.1,0.2,0.1,0.4,0.1,0.1,0.1,0.5,0.0,55591.0,0.13996869996941952,0.0,65535.0,0.07849240863660639,0.0,0.0,0.0,0.0,0.0,0.0,0.0,0.0,0.0,0.0
135290.03,0.21251196178063944,0.0,16352.0,37.0,0.22719999999806556,31.375,32.375,36.81,0.0,0.0,0.0,0.0,0.0,20.0,0.3,0.1,0.2,0.1,0.4,0.1,0.1,0.1,0.5,0.0,55965.0,0.13921200750469043,0.0,65535.0,0.07916380560006103,0.0,0.0,0.0,0.0,0.0,0.0,0.0,0.0,0.0,0.0
135350.1,0.23427294700445545,0.0,16352.0,37.0,0.2398999999980557,31.25,32.375,36.81,0.0,0.0,0.0,0.0,0.0,20.0,0.3,0.1,0.2,0.1,0.4,0.1,0.1,0.1,0.5,0.0,55700.0,0.13978456014362656,0.0,65535.0,0.07884336614023041,0.0,0.0,0.0,0.0,0.0,0.0,0.0,0.0,0.0,0.0
135410.14,0.22462968873133915,0.0,16352.0,37.0,0.17869999999805194,31.25,32.375,36.690000000000055,0.0,0.0,0.0,0.0,0.0,20.0,0.3,0.1,0.2,0.1,0.4,0.1,0.1,0.1,0.5,0.0,56598.0,0.13823810028622918,0.0,65535.0,0.07878233005264362,0.0,0.0,0.0,0.0,0.0,0.0,0.0,0.0,0.0,0.0
135470.2,0.24240953759539188,0.0,16352.0,37.0,0.21869999999805734,31.3125,32.375,36.79000000000002,0.0,0.0,0.0,0.0,0.0,20.0,0.3,0.1,0.2,0.1,0.4,0.1,0.1,0.1,0.5,0.0,56323.0,0.13889530032136072,0.0,65535.0,0.0788891432059205,0.0,0.0,0.0,0.0,0.0,0.0,0.0,0.0,0.0,0.0
135530.28,0.2321126353065185,0.0,16352.0,37.0,0.18809999999805502,31.3125,32.375,36.93000000000001,0.0,0.0,0.0,0.0,0.0,20.0,0.3,0.1,0.2,0.1,0.4,0.1,0.1,0.1,0.5,0.0,55550.0,0.14014401440144014,0.0,65535.0,0.07861448081177996,0.0,0.0,0.0,0.0,0.0,0.0,0.0,0.0,0.0,0.0
135590.31,0.21197277349351196,0.0,16352.0,37.0,0.21929999999805505,31.3125,32.3125,36.85000000000002,0.0,0.0,0.0,0.0,0.0,20.0,0.3,0.1,0.2,0.1,0.4,0.1,0.1,0.1,0.5,0.0,55714.0,0.14014430843235093,0.0,65535.0,0.07840085450522621,0.0,0.0,0.0,0.0,0.0,0.0,0.0,0.0,0.0,0.0
135650.38,0.2500318636107015,0.0,16352.0,37.0,0.22669999999804916,31.3125,32.375,36.81,0.0,0.0,0.0,0.0,0.0,20.0,0.3,0.1,0.2,0.1,0.4,0.1,0.1,0.1,0.5,0.0,56210.0,0.13912115281978296,0.0,65535.0,0.0784313725490196,0.0,0.0,0.0,0.0,0.0,0.0,0.0,0.0,0.0,0.0
135710.43,0.2301274040183289,0.0,16352.0,37.0,0.1633999999980456,31.3125,32.375,36.81,0.0,0.0,0.0,0.0,0.0,20.0,0.3,0.1,0.2,0.1,0.4,0.1,0.1,0.1,0.5,0.0,55262.0,0.1414896312113206,0.0,65535.0,0.07891966124971389,0.0,0.0,0.0,0.0,0.0,0.0,0.0,0.0,0.0,0.0
135770.49,0.2478775417336741,0.0,16352.0,37.0,0.23019999999805674,31.25,32.375,36.77000000000004,0.0,0.0,0.0,0.0,0.0,20.0,0.3,0.1,0.2,0.1,0.4,0.1,0.1,0.1,0.5,0.0,55707.0,0.14041323352540974,0.0,65535.0,0.07942320897230487,0.0,0.0,0.0,0.0,0.0,0.0,0.0,0.0,0.0,0.0
135830.58,0.2207759670210495,0.0,16352.0,37.0,0.23289999999805597,31.3125,32.375,36.710000000000036,0.0,0.0,0.0,0.0,0.0,20.0,0.3,0.1,0.2,0.1,0.4,0.1,0.1,0.1,0.5,0.0,56280.0,0.13930348258706468,0.0,65535.0,0.07879758907454032,0.0,0.0,0.0,0.0,0.0,0.0,0.0,0.0,0.0,0.0
135890.62,0.21903529258651017,0.0,16352.0,37.0,0.19079999999804906,31.375,32.375,36.79000000000002,0.0,0.0,0.0,0.0,0.0,20.0,0.3,0.1,0.2,0.1,0.4,0.1,0.1,0.1,0.5,0.0,55153.0,0.1414972893586931,0.0,65535.0,0.07884336614023041,0.0,0.0,0.0,0.0,0.0,0.0,0.0,0.0,0.0,0.0
135950.67,0.24079594443094554,0.0,16352.0,37.0,0.21109999999804396,31.3125,32.375,36.93000000000001,0.0,0.0,0.0,0.0,0.0,20.0,0.3,0.1,0.2,0.1,0.4,0.1,0.1,0.1,0.5,0.0,56434.0,0.13890562426905767,0.0,65535.0,0.07824826428625925,0.0,0.0,0.0,0.0,0.0,0.0,0.0,0.0,0.0,0.0
136010.75,0.22720996859763326,0.0,16352.0,37.0,0.22549999999804335,31.375,32.375,36.79000000000002,0.0,0.0,0.0,0.0,0.0,20.0,0.3,0.1,0.2,0.1,0.4,0.1,0.1,0.1,0.5,0.0,56266.0,0.1391959620374649,0.0,65535.0,0.07893492027161059,0.0,0.0,0.0,0.0,0.0,0.0,0.0,0.0,0.0,0.0
136070.81,0.23940835593672594,0.0,16352.0,37.0,0.22899999999805265,31.3125,32.375,36.89000000000004,0.0,0.0,0.0,0.0,0.0,20.0,0.3,0.1,0.2,0.1,0.4,0.1,0.1,0.1,0.5,0.0,55983.0,0.14038190164871478,0.0,65535.0,0.07898069733730068,0.0,0.0,0.0,0.0,0.0,0.0,0.0,0.0,0.0,0.0
136130.88,0.2373431655165164,0.0,16352.0,37.0,0.22519999999804188,31.3125,32.375,36.73000000000002,0.0,0.0,0.0,0.0,0.0,20.0,0.3,0.1,0.2,0.1,0.4,0.1,0.1,0.1,0.5,0.0,55551.0,0.14107756836060556,0.0,65535.0,0.07862973983367666,0.0,0.0,0.0,0.0,0.0,0.0,0.0,0.0,0.0,0.0
136190.92,0.208410927023312,0.0,16352.0,37.0,0.18229999999803911,31.25,32.375,36.870000000000005,0.0,0.0,0.0,0.0,0.0,20.0,0.3,0.1,0.2,0.1,0.4,0.1,0.1,0.1,0.5,0.0,55788.0,0.1400121890012189,0.0,65535.0,0.07901121538109407,0.0,0.0,0.0,0.0,0.0,0.0,0.0,0.0,0.0,0.0
136250.96,0.23831379947225045,0.0,16352.0,37.0,0.25379999999804603,31.3125,32.375,36.81,0.0,0.0,0.0,0.0,0.0,20.0,0.3,0.1,0.2,0.1,0.4,0.1,0.1,0.1,0.5,0.0,55769.0,0.1405978231634062,0.0,65535.0,0.07936217288471809,0.0,0.0,0.0,0.0,0.0,0.0,0.0,0.0,0.0,0.0
136311.0,0.23188873392146345,0.0,16352.0,37.0,0.22819999999803914,31.3125,32.3125,36.870000000000005,0.0,0.0,0.0,0.0,0.0,20.0,0.3,0.1,0.2,0.1,0.4,0.1,0.1,0.1,0.5,0.0,55999.0,0.14012750227682638,0.0,65535.0,0.07866025787747005,0.0,0.0,0.0,0.0,0.0,0.0,0.0,0.0,0.0,0.0
136371.05,0.2259345989268708,0.0,16352.0,37.0,0.20759999999804196,31.3125,32.375,36.81,0.0,0.0,0.0,0.0,0.0,20.0,0.3,0.1,0.2,0.1,0.4,0.1,0.1,0.1,0.5,0.0,56611.0,0.13937220681492996,0.0,65535.0,0.07953002212558175,0.0,0.0,0.0,0.0,0.0,0.0,0.0,0.0,0.0,0.0
136431.09,0.23077965415564,0.0,16352.0,37.0,0.2075999999980411,31.3125,32.375,36.85000000000002,0.0,0.0,0.0,0.0,0.0,20.0,0.3,0.1,0.2,0.1,0.4,0.1,0.1,0.1,0.5,0.0,55805.0,0.14075799659528715,0.0,65535.0,0.07902647440299077,0.0,0.0,0.0,0.0,0.0,0.0,0.0,0.0,0.0,0.0
136491.15,0.25391567768497547,0.0,16352.0,37.0,0.18959999999803984,31.3125,32.3125,36.93000000000001,0.0,0.0,0.0,0.0,0.0,20.0,0.3,0.1,0.2,0.1,0.4,0.1,0.1,0.1,0.5,0.0,56037.0,0.14056783910630477,0.0,65535.0,0.07922484168764782,0.0,0.0,0.0,0.0,0.0,0.0,0.0,0.0,0.0,0.0
136551.18,0.24340275127198946,0.0,16352.0,37.0,0.2298999999980458,31.3125,32.375,36.77000000000004,0.0,0.0,0.0,0.0,0.0,20.0,0.3,0.1,0.2,0.1,0.4,0.1,0.1,0.1,0.5,0.0,55962.0,0.14102426646653085,0.0,65535.0,0.07919432364385443,0.0,0.0,0.0,0.0,0.0,0.0,0.0,0.0,0.0,0.0
136611.26,0.25110305732734195,0.0,16352.0,37.0,0.26469999999804683,31.3125,32.375,36.79000000000002,0.0,0.0,0.0,0.0,0.0,20.0,0.3,0.1,0.2,0.1,0.4,0.1,0.1,0.1,0.5,0.0,55729.0,0.14091406628505804,0.0,65535.0,0.07896543831540398,0.0,0.0,0.0,0.0,0.0,0.0,0.0,0.0,0.0,0.0
136671.33,0.21211222444647293,0.0,16352.0,37.0,0.20379999999804368,31.375,32.375,36.950000000000045,0.0,0.0,0.0,0.0,0.0,20.0,0.3,0.1,0.2,0.1,0.4,0.1,0.1,0.1,0.5,0.0,55927.0,0.14027214046882544,0.0,65535.0,0.07870603494316014,0.0,0.0,0.0,0.0,0.0,0.0,0.0,0.0,0.0,0.0
136731.4,0.23903737794595836,0.0,16352.0,37.0,0.19409999999803743,31.3125,32.375,36.81,0.0,0.0,0.0,0.0,0.0,20.0,0.3,0.1,0.2,0.1,0.4,0.1,0.1,0.1,0.5,0.0,56225.0,0.14013339261894175,0.0,65535.0,0.07862973983367666,0.0,0.0,0.0,0.0,0.0,0.0,0.0,0.0,0.0,0.0
136791.47,0.22467798026858493,0.0,16352.0,37.0,0.16989999999804095,31.375,32.4375,36.81,0.0,0.0,0.0,0.0,0.0,20.0,0.3,0.1,0.2,0.1,0.4,0.1,0.1,0.1,0.5,0.0,56283.0,0.1399001474690404,0.0,65535.0,0.0788586251621271,0.0,0.0,0.0,0.0,0.0,0.0,0.0,0.0,0.0,0.0
136851.54,0.25169186002479527,0.0,16352.0,37.0,0.21839999999803691,31.375,32.4375,36.89000000000004,0.0,0.0,0.0,0.0,0.0,20.0,0.3,0.1,0.2,0.1,0.4,0.1,0.1,0.1,0.5,0.0,56027.0,0.14075356524532814,0.0,65535.0,0.07881284809643702,0.0,0.0,0.0,0.0,0.0,0.0,0.0,0.0,0.0,0.0
136911.59,0.25280073221380256,0.0,16352.0,37.0,0.22639999999803134,31.375,32.375,36.79000000000002,0.0,0.0,0.0,0.0,0.0,20.0,0.3,0.1,0.2,0.1,0.4,0.1,0.1,0.1,0.5,0.0,55733.0,0.14154988965245008,0.0,65535.0,0.07916380560006103,0.0,0.0,0.0,0.0,0.0,0.0,0.0,0.0,0.0,0.0
136971.63,0.2596317870911671,0.0,16352.0,37.0,0.22789999999802996,31.25,32.4375,36.97000000000003,0.0,0.0,0.0,0.0,0.0,20.0,0.3,0.1,0.2,0.1,0.4,0.1,0.1,0.1,0.5,0.0,56122.0,0.14088949075228965,0.0,65535.0,0.07878233005264362,0.0,0.0,0.0,0.0,0.0,0.0,0.0,0.0,0.0,0.0
137031.68,0.24066017262827505,0.0,16352.0,37.0,0.17959999999802698,31.3125,32.375,36.81,0.0,0.005,0.25,0.0,0.0,20.0,0.3,0.1,0.2,0.1,0.4,0.1,0.1,0.1,0.5,0.0,56417.0,0.1400996153641633,0.0,65535.0,0.0793011367971313,0.0,0.0,0.0,0.0,0.0,0.0,0.0,0.0,0.0,0.0
137091.72,0.2287220164238441,0.0,16352.0,37.0,0.31159999999803084,31.25,32.375,36.47000000000003,0.0,0.0,0.0,0.0,0.0,20.0,0.3,0.1,0.2,0.1,0.4,0.1,0.1,0.1,0.5,0.0,55603.0,0.13909321439490674,0.0,65535.0,0.07748531319142443,0.0,0.0,0.0,0.0,0.0,0.0,0.0,0.0,0.0,0.0
137151.76,0.2027635470089741,0.0,16352.0,37.0,0.2554999999980276,31.25,32.4375,36.710000000000036,0.0,0.0,0.0,0.0,0.0,20.0,0.3,0.1,0.2,0.1,0.4,0.1,0.1,0.1,0.5,0.0,55676.0,0.13865938645017603,0.0,65535.0,0.07782101167315175,0.0,0.0,0.0,0.0,0.0,0.0,0.0,0.0,0.0,0.0
137211.81,0.22907933956981263,0.0,16352.0,37.0,0.21549999999803468,31.3125,32.375,37.05000000000001,0.0,0.0,0.0,0.0,0.0,20.0,0.3,0.1,0.2,0.1,0.4,0.1,0.1,0.1,0.5,0.0,55420.0,0.13929989173583543,0.0,65535.0,0.07740901808194095,0.0,0.0,0.0,0.0,0.0,0.0,0.0,0.0,0.0,0.0
137271.85,0.20402003831241727,0.0,16352.0,37.0,0.19219999999802317,31.3125,32.375,36.89000000000004,0.0,0.0,0.0,0.0,0.0,20.0,0.3,0.1,0.2,0.1,0.4,0.1,0.1,0.1,0.5,0.0,55573.0,0.1389343746063736,0.0,65535.0,0.07710383764400702,0.0,0.0,0.0,0.0,0.0,0.0,0.0,0.0,0.0,0.0
137331.9,0.19572419765283758,0.0,16352.0,37.0,0.24129999999803364,31.3125,32.375,36.73000000000002,0.0,0.0,0.0,0.0,0.0,20.0,0.3,0.1,0.2,0.1,0.4,0.1,0.1,0.1,0.5,0.0,55968.0,0.13879359634076616,0.0,65535.0,0.077607385366598,0.0,0.0,0.0,0.0,0.0,0.0,0.0,0.0,0.0,0.0
137391.98,0.21518395424071785,0.0,16352.0,37.0,0.23419999999802246,31.3125,32.375,36.89000000000004,0.0,0.0,0.0,0.0,0.0,20.0,0.3,0.1,0.2,0.1,0.4,0.1,0.1,0.1,0.5,0.0,55397.0,0.13997147859992418,0.0,65535.0,0.07736324101625086,0.0,0.0,0.0,0.0,0.0,0.0,0.0,0.0,0.0,0.0
137452.06,0.2359171327938711,0.0,16352.0,37.0,0.24099999999803132,31.3125,32.375,36.85000000000002,0.0,0.0,0.0,0.0,0.0,20.0,0.3,0.1,0.2,0.1,0.4,0.1,0.1,0.1,0.5,0.0,55023.0,0.14034131181505916,0.0,65535.0,0.07740901808194095,0.0,0.0,0.0,0.0,0.0,0.0,0.0,0.0,0.0,0.0
137512.14,0.19737092607481993,0.0,16352.0,37.0,0.23659999999802026,31.3125,32.375,36.870000000000005,0.0,0.0,0.0,0.0,0.0,20.0,0.3,0.1,0.2,0.1,0.4,0.1,0.1,0.1,0.5,0.0,55571.0,0.13883140486944628,0.0,65535.0,0.07742427710383765,0.0,0.0,0.0,0.0,0.0,0.0,0.0,0.0,0.0,0.0
137572.22,0.2086005602255281,0.0,16352.0,37.0,0.25599999999803014,31.3125,32.375,36.97000000000003,0.0,0.0,0.0,0.0,0.0,20.0,0.3,0.1,0.2,0.1,0.4,0.1,0.1,0.1,0.5,0.0,55203.0,0.1401373113780048,0.0,65535.0,0.0771801327534905,0.0,0.0,0.0,0.0,0.0,0.0,0.0,0.0,0.0,0.0
137632.29,0.21829482991528432,0.0,16352.0,37.0,0.2559999999980293,31.3125,32.375,37.03000000000003,0.0,0.0,0.0,0.0,0.0,20.0,0.3,0.1,0.2,0.1,0.4,0.1,0.1,0.1,0.5,0.0,55134.0,0.14049406899553815,0.0,65535.0,0.07725642786297399,0.0,0.0,0.0,0.0,0.0,0.0,0.0,0.0,0.0,0.0
137692.33,0.2194716692118906,0.0,16352.0,37.0,0.17469999999802535,31.3125,32.4375,36.79000000000002,0.0,0.0,0.0,0.0,0.0,20.0,0.3,0.1,0.2,0.1,0.4,0.1,0.1,0.1,0.5,0.0,55559.0,0.1393113626955129,0.0,65535.0,0.07783627069504845,0.0,0.0,0.0,0.0,0.0,0.0,0.0,0.0,0.0,0.0
137752.38,0.2394220704742166,0.0,16352.0,37.0,0.22879999999801706,31.3125,32.4375,36.97000000000003,0.0,0.0,0.0,0.0,0.0,20.0,0.3,0.1,0.2,0.1,0.4,0.1,0.1,0.1,0.5,0.0,55359.0,0.14012175075416824,0.0,65535.0,0.07754634927901122,0.0,0.0,0.0,0.0,0.0,0.0,0.0,0.0,0.0,0.0
137812.46,0.20008180118805075,0.0,16352.0,37.0,0.1883999999980194,31.375,32.375,36.81,0.0,0.0,0.0,0.0,0.0,20.0,0.3,0.1,0.2,0.1,0.4,0.1,0.1,0.1,0.5,0.0,55169.0,0.14027805470463484,0.0,65535.0,0.07743953612573434,0.0,0.0,0.0,0.0,0.0,0.0,0.0,0.0,0.0,0.0
137872.52,0.21809960036115641,0.0,16352.0,37.0,0.24609999999802545,31.25,32.375,36.690000000000055,0.0,0.0,0.0,0.0,0.0,20.0,0.3,0.1,0.2,0.1,0.4,0.1,0.1,0.1,0.5,0.0,55782.0,0.13922053709081783,0.0,65535.0,0.07774471656366827,0.0,0.0,0.0,0.0,0.0,0.0,0.0,0.0,0.0,0.0
137932.6,0.20227572229414606,0.0,16352.0,37.0,0.1836999999980228,31.25,32.4375,36.79000000000002,0.0,0.0,0.0,0.0,0.0,20.0,0.3,0.1,0.2,0.1,0.4,0.1,0.1,0.1,0.5,0.0,55691.0,0.1399148875042646,0.0,65535.0,0.07837033646143282,0.0,0.0,0.0,0.0,0.0,0.0,0.0,0.0,0.0,0.0
137992.64,0.19014624433295152,0.0,16352.0,37.0,0.1983999999980228,31.25,32.375,36.89000000000004,0.0,0.0,0.0,0.0,0.0,20.0,0.3,0.1,0.2,0.1,0.4,0.1,0.1,0.1,0.5,0.0,54811.0,0.1418328437722355,0.0,65535.0,0.07772945754177157,0.0,0.0,0.0,0.0,0.0,0.0,0.0,0.0,0.0,0.0
138052.71,0.22517112847169138,0.0,16352.0,37.0,0.22049999999801775,31.25,32.375,36.85000000000002,0.0,0.0,0.0,0.0,0.0,20.0,0.3,0.1,0.2,0.1,0.4,0.1,0.1,0.1,0.5,0.0,55729.0,0.1394785479732276,0.0,65535.0,0.07753109025711452,0.0,0.0,0.0,0.0,0.0,0.0,0.0,0.0,0.0,0.0
138112.78,0.20101523471208163,0.0,16352.0,37.0,0.24169999999801267,31.25,32.375,36.97000000000003,0.0,0.0,0.0,0.0,0.0,20.0,0.3,0.1,0.2,0.1,0.4,0.1,0.1,0.1,0.5,0.0,55546.0,0.14056817772656896,0.0,65535.0,0.07772945754177157,0.0,0.0,0.0,0.0,0.0,0.0,0.0,0.0,0.0,0.0
138172.84,0.22444114773124885,0.0,16352.0,37.0,0.193199999998015,31.25,32.375,37.01000000000005,0.0,0.0,0.0,0.0,0.0,20.0,0.3,0.1,0.2,0.1,0.4,0.1,0.1,0.1,0.5,0.0,54946.0,0.14144796709496596,0.0,65535.0,0.07812619211108568,0.0,0.0,0.0,0.0,0.0,0.0,0.0,0.0,0.0,0.0
138232.9,0.23683128027191325,0.0,16352.0,37.0,0.2455999999980108,31.3125,32.375,36.79000000000002,0.0,0.0,0.0,0.0,0.0,20.0,0.3,0.1,0.2,0.1,0.4,0.1,0.1,0.1,0.5,0.0,55239.0,0.1411140679592317,0.0,65535.0,0.07811093308918898,0.0,0.0,0.0,0.0,0.0,0.0,0.0,0.0,0.0,0.0
138292.97,0.23519035213580763,0.0,16352.0,37.0,0.20319999999801838,31.3125,32.375,37.03000000000003,0.0,0.0,0.0,0.0,0.0,20.0,0.3,0.1,0.2,0.1,0.4,0.1,0.1,0.1,0.5,0.0,55195.0,0.1408823262976719,0.0,65535.0,0.07780575265125506,0.0,0.0,0.0,0.0,0.0,0.0,0.0,0.0,0.0,0.0
138353.05,0.22848083675837666,0.0,16352.0,37.0,0.24819999999801923,31.3125,32.375,36.93000000000001,0.0,0.0,0.0,0.0,0.0,20.0,0.3,0.1,0.2,0.1,0.4,0.1,0.1,0.1,0.5,0.0,55085.0,0.141109194880639,0.0,65535.0,0.07748531319142443,0.0,0.0,0.0,0.0,0.0,0.0,0.0,0.0,0.0,0.0
138413.12,0.22983123682412834,0.0,16352.0,37.0,0.16169999999801007,31.3125,32.375,36.710000000000036,0.0,0.0,0.0,0.0,0.0,20.0,0.3,0.1,0.2,0.1,0.4,0.1,0.1,0.1,0.5,0.0,55666.0,0.13983400998814358,0.0,65535.0,0.07775997558556497,0.0,0.0,0.0,0.0,0.0,0.0,0.0,0.0,0.0,0.0
138473.18,0.22795731439422734,0.0,16352.0,37.0,0.23349999999801666,31.3125,32.375,37.110000000000014,0.0,0.0,0.0,0.0,0.0,20.0,0.3,0.1,0.2,0.1,0.4,0.1,0.1,0.1,0.5,0.0,55606.0,0.1396791713124483,0.0,65535.0,0.07756160830090791,0.0,0.0,0.0,0.0,0.0,0.0,0.0,0.0,0.0,0.0
138533.25,0.21473408450441556,0.0,16352.0,37.0,0.27029999999801246,31.375,32.4375,37.01000000000005,0.0,0.0,0.0,0.0,0.0,20.0,0.3,0.1,0.2,0.1,0.4,0.1,0.1,0.1,0.5,0.0,55507.0,0.14037869097591293,0.0,65535.0,0.07772945754177157,0.0,0.0,0.0,0.0,0.0,0.0,0.0,0.0,0.0,0.0
138593.31,0.21261219602414605,0.0,16352.0,37.0,0.24849999999801548,31.3125,32.375,36.81,0.0,0.0,0.0,0.0,0.0,20.0,0.3,0.1,0.2,0.1,0.4,0.1,0.1,0.1,0.5,0.0,55735.0,0.13957118507221675,0.0,65535.0,0.07736324101625086,0.0,0.0,0.0,0.0,0.0,0.0,0.0,0.0,0.0,0.0
138653.38,0.23071788729157938,0.0,16352.0,37.0,0.2125999999980038,31.3125,32.3125,37.13000000000005,0.0,0.0,0.0,0.0,0.0,20.0,0.3,0.1,0.2,0.1,0.4,0.1,0.1,0.1,0.5,0.0,55054.0,0.14162458676935372,0.0,65535.0,0.07811093308918898,0.0,0.0,0.0,0.0,0.0,0.0,0.0,0.0,0.0,0.0
138713.44,0.20649084580163096,0.0,16352.0,37.0,0.23049999999801338,31.3125,32.3125,36.870000000000005,0.0,0.0,0.0,0.0,0.0,20.0,0.3,0.1,0.2,0.1,0.4,0.1,0.1,0.1,0.5,0.0,55270.0,0.1415596164284422,0.0,65535.0,0.0776379034103914,0.0,0.0,0.0,0.0,0.0,0.0,0.0,0.0,0.0,0.0
138773.48,0.20525642319877171,0.0,16352.0,37.0,0.20429999999800708,31.3125,32.375,36.89000000000004,0.0,0.0,0.0,0.0,0.0,20.0,0.3,0.1,0.2,0.1,0.4,0.1,0.1,0.1,0.5,0.0,55155.0,0.1417822500226634,0.0,65535.0,0.07766842145418479,0.0,0.0,0.0,0.0,0.0,0.0,0.0,0.0,0.0,0.0
138833.52,0.21220156405880672,0.0,16352.0,37.0,0.22019999999800682,31.25,32.375,36.93000000000001,0.0,0.0,0.0,0.0,0.0,20.0,0.3,0.1,0.2,0.1,0.4,0.1,0.1,0.1,0.5,0.0,55455.0,0.14096113966278964,0.0,65535.0,0.07792782482642863,0.0,0.0,0.0,0.0,0.0,0.0,0.0,0.0,0.0,0.0
138893.56,0.22043372660064273,0.0,16352.0,37.0,0.20639999999800515,31.375,32.4375,36.610000000000014,0.0,0.0,0.0,0.0,0.0,20.0,0.3,0.1,0.2,0.1,0.4,0.1,0.1,0.1,0.5,0.0,55289.0,0.1414747960715513,0.0,65535.0,0.07795834287022202,0.0,0.0,0.0,0.0,0.0,0.0,0.0,0.0,0.0,0.0
138953.61,0.2211842039782703,0.0,16352.0,37.0,0.17899999999799823,31.375,32.375,37.05000000000001,0.0,0.0,0.0,0.0,0.0,20.0,0.3,0.1,0.2,0.1,0.4,0.1,0.1,0.1,0.5,0.0,55628.0,0.1407025239088229,0.0,65535.0,0.07811093308918898,0.0,0.0,0.0,0.0,0.0,0.0,0.0,0.0,0.0,0.0
139013.66,0.21220689130947445,0.0,16352.0,37.0,0.22749999999800924,31.3125,32.375,36.710000000000036,0.0,0.0,0.0,0.0,0.0,20.0,0.3,0.1,0.2,0.1,0.4,0.1,0.1,0.1,0.5,0.0,55711.0,0.14078009728778876,0.0,65535.0,0.07786678873884184,0.0,0.0,0.0,0.0,0.0,0.0,0.0,0.0,0.0,0.0
139073.7,0.20840237192247285,0.0,16352.0,37.0,0.17919999999800712,31.25,32.375,36.79000000000002,0.0,0.0,0.0,0.0,0.0,20.0,0.3,0.1,0.2,0.1,0.4,0.1,0.1,0.1,0.5,0.0,55391.0,0.14161145312415374,0.0,65535.0,0.07798886091401541,0.0,0.0,0.0,0.0,0.0,0.0,0.0,0.0,0.0,0.0
139133.77,0.2082759979631894,0.0,16352.0,37.0,0.2627999999980047,31.25,32.375,36.85000000000002,0.0,0.0,0.0,0.0,0.0,20.0,0.3,0.1,0.2,0.1,0.4,0.1,0.1,0.1,0.5,0.0,54936.0,0.14249308286005533,0.0,65535.0,0.0780346379797055,0.0,0.0,0.0,0.0,0.0,0.0,0.0,0.0,0.0,0.0
139193.85,0.20293818988979423,0.0,16352.0,37.0,0.25079999999800306,31.3125,32.375,36.81,0.0,0.0,0.0,0.0,0.0,20.0,0.3,0.1,0.2,0.1,0.4,0.1,0.1,0.1,0.5,0.0,55316.0,0.14142381950972593,0.0,65535.0,0.07772945754177157,0.0,0.0,0.0,0.0,0.0,0.0,0.0,0.0,0.0,0.0
139253.92,0.192797466825746,0.0,16352.0,37.0,0.22049999999800138,31.1875,32.375,36.79000000000002,0.0,0.0,0.0,0.0,0.0,20.0,0.3,0.1,0.2,0.1,0.4,0.1,0.1,0.1,0.5,0.0,55771.0,0.14068243352279858,0.0,65535.0,0.07785152971694514,0.0,0.0,0.0,0.0,0.0,0.0,0.0,0.0,0.0,0.0
139314.0,0.21861034697519982,0.0,16352.0,37.0,0.25199999999800204,31.25,32.375,36.85000000000002,0.0,0.0,0.0,0.0,0.0,20.0,0.3,0.1,0.2,0.1,0.4,0.1,0.1,0.1,0.5,0.0,55220.0,0.14203187250996016,0.0,65535.0,0.07832455939574273,0.0,0.0,0.0,0.0,0.0,0.0,0.0,0.0,0.0,0.0
139374.06,0.19204961577862234,0.0,16352.0,37.0,0.24819999999800632,31.1875,32.375,37.170000000000016,0.0,0.0,0.0,0.0,0.0,20.0,0.3,0.1,0.2,0.1,0.4,0.1,0.1,0.1,0.5,0.0,55611.0,0.14117710524896154,0.0,65535.0,0.07797360189211872,0.0,0.0,0.0,0.0,0.0,0.0,0.0,0.0,0.0,0.0
139434.13,0.21589573472953602,0.0,16352.0,37.0,0.21109999999799403,31.25,32.375,36.870000000000005,0.0,0.0,0.0,0.0,0.0,20.0,0.3,0.1,0.2,0.1,0.4,0.1,0.1,0.1,0.5,0.0,55798.0,0.14095487293451378,0.0,65535.0,0.07756160830090791,0.0,0.0,0.0,0.0,0.0,0.0,0.0,0.0,0.0,0.0
139494.18,0.24364504364589554,0.0,16352.0,37.0,0.22639999999799346,31.3125,32.4375,36.870000000000005,0.0,0.0,0.0,0.0,0.0,20.0,0.3,0.1,0.2,0.1,0.4,0.1,0.1,0.1,0.5,0.0,55684.0,0.14122548667480783,0.0,65535.0,0.07794308384832532,0.0,0.0,0.0,0.0,0.0,0.0,0.0,0.0,0.0,0.0
139554.26,0.20881688306919516,0.0,16352.0,37.0,0.18429999999800076,31.25,32.4375,36.950000000000045,0.0,0.0,0.0,0.0,0.0,20.0,0.3,0.1,0.2,0.1,0.4,0.1,0.1,0.1,0.5,0.0,55626.0,0.1408693776291662,0.0,65535.0,0.07786678873884184,0.0,0.0,0.0,0.0,0.0,0.0,0.0,0.0,0.0,0.0
139614.32,0.19308761598953733,0.0,16352.0,37.0,0.16509999999799974,31.1875,32.4375,36.690000000000055,0.0,0.0,0.0,0.0,0.0,20.0,0.3,0.1,0.2,0.1,0.4,0.1,0.1,0.1,0.5,0.0,55391.0,0.14204473650954128,0.0,65535.0,0.07750057221332113,0.0,0.0,0.0,0.0,0.0,0.0,0.0,0.0,0.0,0.0
139674.39,0.18059120959217959,0.0,16352.0,37.0,0.22539999999800173,31.25,32.375,36.63000000000005,0.0,0.0,0.0,0.0,0.0,20.0,0.3,0.1,0.2,0.1,0.4,0.1,0.1,0.1,0.5,0.0,55716.0,0.14135975303324,0.0,65535.0,0.07817196917677577,0.0,0.0,0.0,0.0,0.0,0.0,0.0,0.0,0.0,0.0
139734.47,0.21483658642333034,0.0,16352.0,37.0,0.24219999999800151,31.25,32.375,36.89000000000004,0.0,0.0,0.0,0.0,0.0,20.0,0.3,0.1,0.2,0.1,0.4,0.1,0.1,0.1,0.5,0.0,55359.0,0.14196426958579453,0.0,65535.0,0.07861448081177996,0.0,0.0,0.0,0.0,0.0,0.0,0.0,0.0,0.0,0.0
139794.54,0.22449285257336665,0.0,16352.0,37.0,0.21839999999799473,31.25,32.4375,36.79000000000002,0.0,0.0,0.0,0.0,0.0,20.0,0.3,0.1,0.2,0.1,0.4,0.1,0.1,0.1,0.5,0.0,55235.0,0.14233728614103378,0.0,65535.0,0.07783627069504845,0.0,0.0,0.0,0.0,0.0,0.0,0.0,0.0,0.0,0.0
139854.62,0.24033030992753612,0.0,16352.0,37.0,0.28409999999799607,31.25,32.375,36.79000000000002,0.0,0.0,0.0,0.0,0.0,20.0,0.3,0.1,0.2,0.1,0.4,0.1,0.1,0.1,0.5,0.0,55368.0,0.14188701054760872,0.0,65535.0,0.0776226443884947,0.0,0.0,0.0,0.0,0.0,0.0,0.0,0.0,0.0,0.0
139914.66,0.21848653479715352,0.0,16352.0,37.0,0.26649999999799956,31.25,32.375,36.89000000000004,0.0,0.0,0.0,0.0,0.0,20.0,0.3,0.1,0.2,0.1,0.4,0.1,0.1,0.1,0.5,0.0,56010.0,0.14122478128905552,0.0,65535.0,0.07780575265125506,0.0,0.0,0.0,0.0,0.0,0.0,0.0,0.0,0.0,0.0
139974.7,0.20233143503170747,0.0,16352.0,37.0,0.23059999999798786,31.3125,32.375,36.950000000000045,0.0,0.0,0.0,0.0,0.0,20.0,0.3,0.1,0.2,0.1,0.4,0.1,0.1,0.1,0.5,0.0,56298.0,0.1401470744964297,0.0,65535.0,0.0780346379797055,0.0,0.0,0.0,0.0,0.0,0.0,0.0,0.0,0.0,0.0
140034.75,0.22689648041217253,0.0,16352.0,37.0,0.19959999999799588,31.3125,32.375,36.710000000000036,0.0,0.0,0.0,0.0,0.0,20.0,0.3,0.1,0.2,0.1,0.4,0.1,0.1,0.1,0.5,0.0,55606.0,0.1423047872531741,0.0,65535.0,0.07795834287022202,0.0,0.0,0.0,0.0,0.0,0.0,0.0,0.0,0.0,0.0
140094.79,0.24548280699725322,0.0,16352.0,37.0,0.2248999999979862,31.25,32.375,36.93000000000001,0.0,0.0,0.0,0.0,0.0,20.0,0.3,0.1,0.2,0.1,0.4,0.1,0.1,0.1,0.5,0.0,55657.0,0.14195878326176403,0.0,65535.0,0.07766842145418479,0.0,0.0,0.0,0.0,0.0,0.0,0.0,0.0,0.0,0.0
140154.87,0.2031824009438273,0.0,16352.0,37.0,0.2219999999979897,31.1875,32.375,36.89000000000004,0.0,0.0,0.0,0.0,0.0,20.0,0.3,0.1,0.2,0.1,0.4,0.1,0.1,0.1,0.5,0.0,55192.0,0.1429373822293086,0.0,65535.0,0.07823300526436255,0.0,0.0,0.0,0.0,0.0,0.0,0.0,0.0,0.0,0.0
140214.95,0.24716178795292426,0.0,16352.0,37.0,0.2472999999979951,31.3125,32.4375,36.89000000000004,0.0,0.0,0.0,0.0,0.0,20.0,0.3,0.1,0.2,0.1,0.4,0.1,0.1,0.1,0.5,0.0,55197.0,0.14319618819863397,0.0,65535.0,0.07821774624246586,0.0,0.0,0.0,0.0,0.0,0.0,0.0,0.0,0.0,0.0
140275.02,0.2246639694449623,0.0,16352.0,37.0,0.22849999999798376,31.3125,32.4375,36.870000000000005,0.0,0.0,0.0,0.0,0.0,20.0,0.3,0.1,0.2,0.1,0.4,0.1,0.1,0.1,0.5,0.0,55402.0,0.14266632973538862,0.0,65535.0,0.07783627069504845,0.0,0.0,0.0,0.0,0.0,0.0,0.0,0.0,0.0,0.0
140335.09,0.22162220232532828,0.0,16352.0,37.0,0.16549999999797996,31.3125,32.375,36.950000000000045,0.0,0.0,0.0,0.0,0.0,20.0,0.3,0.1,0.2,0.1,0.4,0.1,0.1,0.1,0.5,0.0,55343.0,0.14285456155249987,0.0,65535.0,0.07771419851987488,0.0,0.0,0.0,0.0,0.0,0.0,0.0,0.0,0.0,0.0
140395.16,0.2327040031901249,0.0,16352.0,37.0,0.26079999999799275,31.3125,32.375,36.79000000000002,0.0,0.0,0.0,0.0,0.0,20.0,0.3,0.1,0.2,0.1,0.4,0.1,0.1,0.1,0.5,0.0,55215.0,0.14293217422801774,0.0,65535.0,0.0784313725490196,0.0,0.0,0.0,0.0,0.0,0.0,0.0,0.0,0.0,0.0
140455.23,0.202616629401105,0.0,16352.0,37.0,0.2696999999979872,31.25,32.375,37.01000000000005,0.0,0.0,0.0,0.0,0.0,20.0,0.3,0.1,0.2,0.1,0.4,0.1,0.1,0.1,0.5,0.0,55104.0,0.14345601045296166,0.0,65535.0,0.07821774624246586,0.0,0.0,0.0,0.0,0.0,0.0,0.0,0.0,0.0,0.0
140515.26,0.21427415807234318,0.0,16352.0,37.0,0.2046999999979886,31.25,32.375,36.89000000000004,0.0,0.0,0.0,0.0,0.0,20.0,0.3,0.1,0.2,0.1,0.4,0.1,0.1,0.1,0.5,0.0,56440.0,0.14055634301913536,0.0,65535.0,0.07858396276798657,0.0,0.0,0.0,0.0,0.0,0.0,0.0,0.0,0.0,0.0
140575.31,0.17957228250361296,0.0,16352.0,37.0,0.2311999999979787,31.3125,32.375,36.950000000000045,0.0,0.0,0.0,0.0,0.0,20.0,0.3,0.1,0.2,0.1,0.4,0.1,0.1,0.1,0.5,0.0,54944.0,0.1438191613278975,0.0,65535.0,0.0780346379797055,0.0,0.0,0.0,0.0,0.0,0.0,0.0,0.0,0.0,0.0
140635.35,0.18070243301680905,0.0,16352.0,37.0,0.18879999999798627,31.25,32.4375,37.05000000000001,0.0,0.0,0.0,0.0,0.0,20.0,0.3,0.1,0.2,0.1,0.4,0.1,0.1,0.1,0.5,0.0,55953.0,0.14147588154343824,0.0,65535.0,0.0776379034103914,0.0,0.0,0.0,0.0,0.0,0.0,0.0,0.0,0.0,0.0
140695.4,0.21895912987169924,0.0,16352.0,37.0,0.24909999999798826,31.3125,32.4375,36.93000000000001,0.0,0.0,0.0,0.0,0.0,20.0,0.3,0.1,0.2,0.1,0.4,0.1,0.1,0.1,0.5,0.0,56112.0,0.1414848873681209,0.0,65535.0,0.07827878233005264,0.0,0.0,0.0,0.0,0.0,0.0,0.0,0.0,0.0,0.0
140755.44,0.20471734560475321,0.0,16352.0,37.0,0.22289999999798196,31.25,32.375,36.93000000000001,0.0,0.0,0.0,0.0,0.0,20.0,0.3,0.1,0.2,0.1,0.4,0.1,0.1,0.1,0.5,0.0,55716.0,0.1423110058152057,0.0,65535.0,0.07798886091401541,0.0,0.0,0.0,0.0,0.0,0.0,0.0,0.0,0.0,0.0
140815.48,0.1823772091103032,0.0,16352.0,37.0,0.24499999999797692,31.25,32.375,36.85000000000002,0.0,0.0,0.0,0.0,0.0,20.0,0.3,0.1,0.2,0.1,0.4,0.1,0.1,0.1,0.5,0.0,55810.0,0.14232216448665114,0.0,65535.0,0.07853818570229648,0.0,0.0,0.0,0.0,0.0,0.0,0.0,0.0,0.0,0.0
140875.53,0.20822529791795713,0.0,16352.0,37.0,0.14669999999797678,31.25,32.375,36.870000000000005,0.0,0.0,0.0,0.0,0.0,20.0,0.3,0.1,0.2,0.1,0.4,0.1,0.1,0.1,0.5,0.0,55684.0,0.14210545219452625,0.0,65535.0,0.0780651560234989,0.0,0.0,0.0,0.0,0.0,0.0,0.0,0.0,0.0,0.0
140935.57,0.1890558921154128,0.0,16352.0,37.0,0.2457999999979844,31.3125,32.375,37.03000000000003,0.0,0.0,0.0,0.0,0.0,20.0,0.3,0.1,0.2,0.1,0.4,0.1,0.1,0.1,0.5,0.0,55683.0,0.14271860352351706,0.0,65535.0,0.07850766765850309,0.0,0.0,0.0,0.0,0.0,0.0,0.0,0.0,0.0,0.0
140995.62,0.19487567773579853,0.0,16352.0,37.0,0.19959999999798209,31.25,32.375,36.79000000000002,0.0,0.0,0.0,0.0,0.0,20.0,0.3,0.1,0.2,0.1,0.4,0.1,0.1,0.1,0.5,0.0,55822.0,0.1422915696320447,0.0,65535.0,0.07809567406729229,0.0,0.0,0.0,0.0,0.0,0.0,0.0,0.0,0.0,0.0
141055.68,0.18553597195257604,0.0,16352.0,37.0,0.2204999999979773,31.25,32.375,36.77000000000004,0.0,0.0,0.0,0.0,0.0,20.0,0.3,0.1,0.2,0.1,0.4,0.1,0.1,0.1,0.5,0.0,55738.0,0.14281100864760127,0.0,65535.0,0.0784466315709163,0.0,0.0,0.0,0.0,0.0,0.0,0.0,0.0,0.0,0.0
141115.75,0.22596137378193598,0.0,16352.0,37.0,0.18339999999798004,31.1875,32.375,36.85000000000002,0.0,0.0,0.0,0.0,0.0,20.0,0.3,0.1,0.2,0.1,0.4,0.1,0.1,0.1,0.5,0.0,55209.0,0.14349109746599287,0.0,65535.0,0.07798886091401541,0.0,0.0,0.0,0.0,0.0,0.0,0.0,0.0,0.0,0.0
141175.8,0.20073813584107758,0.0,16352.0,37.0,0.22339999999797122,31.1875,32.375,36.79000000000002,0.0,0.0,0.0,0.0,0.0,20.0,0.3,0.1,0.2,0.1,0.4,0.1,0.1,0.1,0.5,0.0,55411.0,0.14397863240150874,0.0,65535.0,0.07864499885557336,0.0,0.0,0.0,0.0,0.0,0.0,0.0,0.0,0.0,0.0
141235.89,0.1861910519843587,0.0,16352.0,37.0,0.20869999999796954,31.25,32.375,37.09000000000003,0.0,0.0,0.0,0.0,0.0,20.0,0.3,0.1,0.2,0.1,0.4,0.1,0.1,0.1,0.5,0.0,56003.0,0.14201024945092228,0.0,65535.0,0.07820248722056916,0.0,0.0,0.0,0.0,0.0,0.0,0.0,0.0,0.0,0.0
141295.95,0.23679639422993543,0.0,16352.0,37.0,0.26759999999797535,31.3125,32.375,36.85000000000002,0.0,0.0,0.0,0.0,0.0,20.0,0.3,0.1,0.2,0.1,0.4,0.1,0.1,0.1,0.5,0.0,55729.0,0.1428340720271313,0.0,65535.0,0.07830930037384604,0.0,0.0,0.0,0.0,0.0,0.0,0.0,0.0,0.0,0.0
141356.02,0.24323256095396975,0.0,16352.0,37.0,0.2755999999979698,31.375,32.375,36.93000000000001,0.0,0.0,0.0,0.0,0.0,20.0,0.3,0.1,0.2,0.1,0.4,0.1,0.1,0.1,0.5,0.0,55603.0,0.14333758969839758,0.0,65535.0,0.07827878233005264,0.0,0.0,0.0,0.0,0.0,0.0,0.0,0.0,0.0,0.0
141416.09,0.23357876183680282,0.0,16352.0,37.0,0.1822999999979651,31.375,32.375,37.03000000000003,0.0,0.0,0.0,0.0,0.0,20.0,0.3,0.1,0.2,0.1,0.4,0.1,0.1,0.1,0.5,0.0,55566.0,0.1434870244394054,0.0,65535.0,0.07821774624246586,0.0,0.0,0.0,0.0,0.0,0.0,0.0,0.0,0.0,0.0
141476.15,0.25184418245249707,0.0,16352.0,37.0,0.23169999999797614,31.3125,32.375,36.81,0.0,0.0,0.0,0.0,0.0,20.0,0.3,0.1,0.2,0.1,0.4,0.1,0.1,0.1,0.5,0.0,55848.0,0.14276249820942558,0.0,65535.0,0.0780651560234989,0.0,0.0,0.0,0.0,0.0,0.0,0.0,0.0,0.0,0.0
141536.2,0.19240266359611763,0.0,16352.0,37.0,0.22699999999796533,31.3125,32.4375,36.950000000000045,0.0,0.0,0.0,0.0,0.0,20.0,0.3,0.1,0.2,0.1,0.4,0.1,0.1,0.1,0.5,0.0,55505.0,0.14384289703630304,0.0,65535.0,0.07838559548332952,0.0,0.0,0.0,0.0,0.0,0.0,0.0,0.0,0.0,0.0
141596.24,0.24093476840744557,0.0,16352.0,37.0,0.25469999999797027,31.375,32.375,37.170000000000016,0.0,0.0,0.0,0.0,0.0,20.0,0.3,0.1,0.2,0.1,0.4,0.1,0.1,0.1,0.5,0.0,56032.0,0.14218660765276986,0.0,65535.0,0.07818722819867246,0.0,0.0,0.0,0.0,0.0,0.0,0.0,0.0,0.0,0.0
141656.31,0.20651854798322788,0.0,16352.0,37.0,0.25799999999796985,31.375,32.375,36.950000000000045,0.0,0.0,0.0,0.0,0.0,20.0,0.3,0.1,0.2,0.1,0.4,0.1,0.1,0.1,0.5,0.0,55572.0,0.14392139926581732,0.0,65535.0,0.07792782482642863,0.0,0.0,0.0,0.0,0.0,0.0,0.0,0.0,0.0,0.0
141716.35,0.21997817387152163,0.0,16352.0,37.0,0.22589999999796803,31.25,32.4375,37.01000000000005,0.0,0.0,0.0,0.0,0.0,20.0,0.3,0.1,0.2,0.1,0.4,0.1,0.1,0.1,0.5,0.0,56104.0,0.1428240410665906,0.0,65535.0,0.07837033646143282,0.0,0.0,0.0,0.0,0.0,0.0,0.0,0.0,0.0,0.0
141776.39,0.2163827500090904,0.0,16352.0,37.0,0.2234999999979668,31.3125,32.375,36.97000000000003,0.0,0.0,0.0,0.0,0.0,20.0,0.3,0.1,0.2,0.1,0.4,0.1,0.1,0.1,0.5,0.0,55604.0,0.1440004316236242,0.0,65535.0,0.07872129396505684,0.0,0.0,0.0,0.0,0.0,0.0,0.0,0.0,0.0,0.0
141836.46,0.23508468700127225,0.0,16352.0,37.0,0.20019999999797036,31.3125,32.375,36.650000000000034,0.0,0.0,0.0,0.0,0.0,20.0,0.3,0.1,0.2,0.1,0.4,0.1,0.1,0.1,0.5,0.0,55932.0,0.14328112708288637,0.0,65535.0,0.07849240863660639,0.0,0.0,0.0,0.0,0.0,0.0,0.0,0.0,0.0,0.0
141896.5,0.22454828335996702,0.0,16352.0,37.0,0.21779999999796515,31.375,32.3125,36.690000000000055,0.0,0.0,0.0,0.0,0.0,20.0,0.3,0.1,0.2,0.1,0.4,0.1,0.1,0.1,0.5,0.0,55349.0,0.14448318849482375,0.0,65535.0,0.07866025787747005,0.0,0.0,0.0,0.0,0.0,0.0,0.0,0.0,0.0,0.0
141956.55,0.23005950661938313,0.0,16352.0,37.0,0.271099999997961,31.25,32.375,36.73000000000002,0.0,0.0,0.0,0.0,0.0,20.0,0.3,0.1,0.2,0.1,0.4,0.1,0.1,0.1,0.5,0.0,55840.0,0.14357091690544413,0.0,65535.0,0.07832455939574273,0.0,0.0,0.0,0.0,0.0,0.0,0.0,0.0,0.0,0.0
142016.62,0.225389767850773,0.0,16352.0,37.0,0.26319999999796995,31.3125,32.375,36.950000000000045,0.0,0.0,0.0,0.0,0.0,20.0,0.3,0.1,0.2,0.1,0.4,0.1,0.1,0.1,0.5,0.0,56197.0,0.14313931348648504,0.0,65535.0,0.0788891432059205,0.0,0.0,0.0,0.0,0.0,0.0,0.0,0.0,0.0,0.0
142076.68,0.23213326728548653,0.0,16352.0,37.0,0.22079999999796243,31.375,32.375,36.870000000000005,0.0,0.0,0.0,0.0,0.0,20.0,0.3,0.1,0.2,0.1,0.4,0.1,0.1,0.1,0.5,0.0,55465.0,0.14466780852790048,0.0,65535.0,0.07817196917677577,0.0,0.0,0.0,0.0,0.0,0.0,0.0,0.0,0.0,0.0
142136.72,0.21074534761394903,0.0,16352.0,37.0,0.2410999999979573,31.375,32.375,36.870000000000005,0.0,0.0,0.0,0.0,0.0,20.0,0.3,0.1,0.2,0.1,0.4,0.1,0.1,0.1,0.5,0.0,55273.0,0.14488086407468384,0.0,65535.0,0.07817196917677577,0.0,0.0,0.0,0.0,0.0,0.0,0.0,0.0,0.0,0.0
142196.8,0.21065373087026174,0.0,16352.0,37.0,0.18839999999795917,31.25,32.375,36.79000000000002,0.0,0.0,0.0,0.0,0.0,20.0,0.3,0.1,0.2,0.1,0.4,0.1,0.1,0.1,0.5,0.0,55846.0,0.14375246212799483,0.0,65535.0,0.07837033646143282,0.0,0.0,0.0,0.0,0.0,0.0,0.0,0.0,0.0,0.0
142256.87,0.20148883909205273,0.0,16352.0,37.0,0.2622999999979664,31.3125,32.375,36.950000000000045,0.0,0.0,0.0,0.0,0.0,20.0,0.3,0.1,0.2,0.1,0.4,0.1,0.1,0.1,0.5,0.0,55772.0,0.14388940687083124,0.0,65535.0,0.07893492027161059,0.0,0.0,0.0,0.0,0.0,0.0,0.0,0.0,0.0,0.0
142316.93,0.20691187907453593,0.0,16352.0,37.0,0.27029999999796084,31.25,32.375,36.97000000000003,0.0,0.0,0.0,0.0,0.0,20.0,0.3,0.1,0.2,0.1,0.4,0.1,0.1,0.1,0.5,0.0,55716.0,0.14401608155646492,0.0,65535.0,0.07798886091401541,0.0,0.0,0.0,0.0,0.0,0.0,0.0,0.0,0.0,0.0
142377.0,0.20586926345017165,0.0,16352.0,37.0,0.2337999999979639,31.25,32.3125,36.79000000000002,0.0,0.0,0.0,0.0,0.0,20.0,0.3,0.1,0.2,0.1,0.4,0.1,0.1,0.1,0.5,0.0,55311.0,0.1446366907125165,0.0,65535.0,0.07823300526436255,0.0,0.0,0.0,0.0,0.0,0.0,0.0,0.0,0.0,0.0
142437.08,0.2004447037804708,0.0,16352.0,37.0,0.22759999999795275,31.3125,32.3125,36.870000000000005,0.0,0.0,0.0,0.0,0.0,20.0,0.3,0.1,0.2,0.1,0.4,0.1,0.1,0.1,0.5,0.0,56623.0,0.14248626883068718,0.0,65535.0,0.07919432364385443,0.0,0.0,0.0,0.0,0.0,0.0,0.0,0.0,0.0,0.0
142497.15,0.22220362175121555,0.0,16352.0,37.0,0.23409999999796188,31.375,32.375,36.97000000000003,0.0,0.0,0.0,0.0,0.0,20.0,0.3,0.1,0.2,0.1,0.4,0.1,0.1,0.1,0.5,0.0,55571.0,0.14424789908405464,0.0,65535.0,0.07827878233005264,0.0,0.0,0.0,0.0,0.0,0.0,0.0,0.0,0.0,0.0
142557.19,0.23525268014127618,0.0,16352.0,37.0,0.26379999999796244,31.375,32.375,36.97000000000003,0.0,0.0,0.0,0.0,0.0,20.0,0.3,0.1,0.2,0.1,0.4,0.1,0.1,0.1,0.5,0.0,55401.0,0.14501543293442357,0.0,65535.0,0.07812619211108568,0.0,0.0,0.0,0.0,0.0,0.0,0.0,0.0,0.0,0.0
142617.26,0.22585244019983208,0.0,16352.0,37.0,0.1857999999979589,31.25,32.375,36.93000000000001,0.0,0.0,0.0,0.0,0.0,20.0,0.3,0.1,0.2,0.1,0.4,0.1,0.1,0.1,0.5,0.0,55917.0,0.14412432712770715,0.0,65535.0,0.0784771496147097,0.0,0.0,0.0,0.0,0.0,0.0,0.0,0.0,0.0,0.0
142677.34,0.2204484859809726,0.0,16352.0,37.0,0.2219999999979544,31.3125,32.375,36.950000000000045,0.0,0.0,0.0,0.0,0.0,20.0,0.3,0.1,0.2,0.1,0.4,0.1,0.1,0.1,0.5,0.0,55973.0,0.14392653600843264,0.0,65535.0,0.07858396276798657,0.0,0.0,0.0,0.0,0.0,0.0,0.0,0.0,0.0,0.0
142737.4,0.2256026140700993,0.0,16352.0,37.0,0.2445999999979597,31.25,32.375,36.870000000000005,0.0,0.0,0.0,0.0,0.0,20.0,0.3,0.1,0.2,0.1,0.4,0.1,0.1,0.1,0.5,0.0,55779.0,0.14408648416070563,0.0,65535.0,0.07838559548332952,0.0,0.0,0.0,0.0,0.0,0.0,0.0,0.0,0.0,0.0
142797.44,0.20615875755759538,0.0,16352.0,37.0,0.2289999999979588,31.25,32.375,37.03000000000003,0.0,0.0,0.0,0.0,0.0,20.0,0.3,0.1,0.2,0.1,0.4,0.1,0.1,0.1,0.5,0.0,55468.0,0.14586788779115886,0.0,65535.0,0.07858396276798657,0.0,0.0,0.0,0.0,0.0,0.0,0.0,0.0,0.0,0.0
142857.51,0.20205162656483255,0.0,16352.0,37.0,0.24699999999795919,31.25,32.375,37.03000000000003,0.0,0.0,0.0,0.0,0.0,20.0,0.3,0.1,0.2,0.1,0.4,0.1,0.1,0.1,0.5,0.0,56317.0,0.1431539322051956,0.0,65535.0,0.07835507743953612,0.0,0.0,0.0,0.0,0.0,0.0,0.0,0.0,0.0,0.0
142917.56,0.22072469657531163,0.0,16352.0,37.0,0.2525999999979541,31.3125,32.375,36.870000000000005,0.0,0.0,0.0,0.0,0.0,20.0,0.3,0.1,0.2,0.1,0.4,0.1,0.1,0.1,0.5,0.0,54992.0,0.14694864707593833,0.0,65535.0,0.07884336614023041,0.0,0.0,0.0,0.0,0.0,0.0,0.0,0.0,0.0,0.0
142977.64,0.2000268536049759,0.0,16352.0,37.0,0.264699999997959,31.25,32.375,37.03000000000003,0.0,0.0,0.0,0.0,0.0,20.0,0.3,0.1,0.2,0.1,0.4,0.1,0.1,0.1,0.5,0.0,55492.0,0.1451380379153752,0.0,65535.0,0.07919432364385443,0.0,0.0,0.0,0.0,0.0,0.0,0.0,0.0,0.0,0.0
143037.72,0.18972575890179524,0.0,16352.0,37.0,0.1631999999979493,31.3125,32.375,36.97000000000003,0.0,0.0,0.0,0.0,0.0,20.0,0.3,0.1,0.2,0.1,0.4,0.1,0.1,0.1,0.5,0.0,55728.0,0.14490022968705138,0.0,65535.0,0.07872129396505684,0.0,0.0,0.0,0.0,0.0,0.0,0.0,0.0,0.0,0.0
143097.79,0.1919195806924774,0.0,16352.0,37.0,0.19109999999794977,31.3125,32.375,36.79000000000002,0.0,0.0,0.0,0.0,0.0,20.0,0.3,0.1,0.2,0.1,0.4,0.1,0.1,0.1,0.5,0.0,56424.0,0.14371544023819652,0.0,65535.0,0.07835507743953612,0.0,0.0,0.0,0.0,0.0,0.0,0.0,0.0,0.0,0.0
143157.87,0.20446303898408086,0.0,16352.0,37.0,0.22079999999795033,31.3125,32.375,36.79000000000002,0.0,0.0,0.0,0.0,0.0,20.0,0.3,0.1,0.2,0.1,0.4,0.1,0.1,0.1,0.5,0.0,55892.0,0.14456451728333214,0.0,65535.0,0.0784466315709163,0.0,0.0,0.0,0.0,0.0,0.0,0.0,0.0,0.0,0.0
143217.96,0.2196943263037093,0.0,16352.0,37.0,0.23259999999795464,31.3125,32.4375,36.97000000000003,0.0,0.0,0.0,0.0,0.0,20.0,0.3,0.1,0.2,0.1,0.4,0.1,0.1,0.1,0.5,0.0,55947.0,0.14535185085884855,0.0,65535.0,0.07832455939574273,0.0,0.0,0.0,0.0,0.0,0.0,0.0,0.0,0.0,0.0
143278.0,0.23995435193115355,0.0,16352.0,37.0,0.22049999999794886,31.3125,32.4375,36.93000000000001,0.0,0.0,0.0,0.0,0.0,20.0,0.3,0.1,0.2,0.1,0.4,0.1,0.1,0.1,0.5,0.0,56933.0,0.1425710923366062,0.0,65535.0,0.07841611352712291,0.0,0.0,0.0,0.0,0.0,0.0,0.0,0.0,0.0,0.0
143338.04,0.23976815950109148,0.0,16352.0,37.0,0.2678999999979501,31.375,32.375,36.870000000000005,0.0,0.0,0.0,0.0,0.0,20.0,0.3,0.1,0.2,0.1,0.4,0.1,0.1,0.1,0.5,0.0,56081.0,0.14489755888803696,0.0,65535.0,0.07861448081177996,0.0,0.0,0.0,0.0,0.0,0.0,0.0,0.0,0.0,0.0
143398.09,0.215439969240768,0.0,16352.0,37.0,0.21079999999794177,31.3125,32.375,36.79000000000002,0.0,0.0,0.0,0.0,0.0,20.0,0.3,0.1,0.2,0.1,0.4,0.1,0.1,0.1,0.5,0.0,56410.0,0.1438751994327247,0.0,65535.0,0.07901121538109407,0.0,0.0,0.0,0.0,0.0,0.0,0.0,0.0,0.0,0.0
143458.13,0.21769180422055517,0.0,16352.0,37.0,0.21049999999794036,31.3125,32.375,36.77000000000004,0.0,0.0,0.0,0.0,0.0,20.0,0.3,0.1,0.2,0.1,0.4,0.1,0.1,0.1,0.5,0.0,55727.0,0.1449207744899241,0.0,65535.0,0.07879758907454032,0.0,0.0,0.0,0.0,0.0,0.0,0.0,0.0,0.0,0.0
143518.18,0.22568692371807603,0.0,16352.0,37.0,0.22489999999793975,31.3125,32.375,36.89000000000004,0.0,0.0,0.0,0.0,0.0,20.0,0.3,0.1,0.2,0.1,0.4,0.1,0.1,0.1,0.5,0.0,55746.0,0.14575036773938937,0.0,65535.0,0.07907225146868085,0.0,0.0,0.0,0.0,0.0,0.0,0.0,0.0,0.0,0.0
143578.21,0.26570320515385304,0.0,16352.0,37.0,0.2672999999979455,31.3125,32.375,36.77000000000004,0.0,0.0,0.0,0.0,0.0,20.0,0.3,0.1,0.2,0.1,0.4,0.1,0.1,0.1,0.5,0.0,56001.0,0.14474741522472814,0.0,65535.0,0.07905699244678416,0.0,0.0,0.0,0.0,0.0,0.0,0.0,0.0,0.0,0.0
143638.29,0.22002810148242735,0.0,16352.0,37.0,0.18929999999794198,31.3125,32.375,37.09000000000003,0.0,0.0,0.0,0.0,0.0,20.0,0.3,0.1,0.2,0.1,0.4,0.1,0.1,0.1,0.5,0.0,56082.0,0.14457401661852287,0.0,65535.0,0.07869077592126345,0.0,0.0,0.0,0.0,0.0,0.0,0.0,0.0,0.0,0.0
143698.36,0.24300528948985473,0.0,16352.0,37.0,0.3037999999979407,31.375,32.3125,36.650000000000034,0.0,0.0,0.0,0.0,0.0,20.0,0.3,0.1,0.2,0.1,0.4,0.1,0.1,0.1,0.5,0.0,55914.0,0.1454734055871517,0.0,65535.0,0.07902647440299077,0.0,0.0,0.0,0.0,0.0,0.0,0.0,0.0,0.0,0.0
143758.44,0.25577342658430524,0.0,16352.0,37.0,0.2119999999979364,31.375,32.375,37.01000000000005,0.0,0.0,0.0,0.0,0.0,20.0,0.3,0.1,0.2,0.1,0.4,0.1,0.1,0.1,0.5,0.0,55505.0,0.1458787496621926,0.0,65535.0,0.078461890592813,0.0,0.0,0.0,0.0,0.0,0.0,0.0,0.0,0.0,0.0
143818.49,0.22075244288540924,0.0,16352.0,37.0,0.22519999999793602,31.3125,32.4375,36.950000000000045,0.0,0.0,0.0,0.0,0.0,20.0,0.3,0.1,0.2,0.1,0.4,0.1,0.1,0.1,0.5,0.0,55745.0,0.14571710467306484,0.0,65535.0,0.07902647440299077,0.0,0.0,0.0,0.0,0.0,0.0,0.0,0.0,0.0,0.0
143878.57,0.22570183758816212,0.0,16352.0,37.0,0.24339999999794532,31.3125,32.4375,36.870000000000005,0.0,0.0,0.0,0.0,0.0,20.0,0.3,0.1,0.2,0.1,0.4,0.1,0.1,0.1,0.5,0.0,56080.0,0.14552425106990013,0.0,65535.0,0.07904173342488746,0.0,0.0,0.0,0.0,0.0,0.0,0.0,0.0,0.0,0.0
143938.63,0.22605580936652026,0.0,16352.0,37.0,0.21719999999793901,31.25,32.375,36.97000000000003,0.0,0.0,0.0,0.0,0.0,20.0,0.3,0.1,0.2,0.1,0.4,0.1,0.1,0.1,0.5,0.0,56584.0,0.14435176021490173,0.0,65535.0,0.07936217288471809,0.0,0.0,0.0,0.0,0.0,0.0,0.0,0.0,0.0,0.0
143998.7,0.22345492834199623,0.0,16352.0,37.0,0.2680999999979353,31.25,32.375,36.77000000000004,0.0,0.0,0.0,0.0,0.0,20.0,0.3,0.1,0.2,0.1,0.4,0.1,0.1,0.1,0.5,0.0,55756.0,0.14626228567329078,0.0,65535.0,0.07878233005264362,0.0,0.0,0.0,0.0,0.0,0.0,0.0,0.0,0.0,0.0
144058.74,0.23474625025492457,0.0,16352.0,37.0,0.26049999999794393,31.3125,32.4375,36.81,0.0,0.0,0.0,0.0,0.0,20.0,0.3,0.1,0.2,0.1,0.4,0.1,0.1,0.1,0.5,0.0,55786.0,0.1459147456351056,0.0,65535.0,0.07884336614023041,0.0,0.0,0.0,0.0,0.0,0.0,0.0,0.0,0.0,0.0
144118.8,0.22352345489565095,0.0,16352.0,37.0,0.24169999999793262,31.1875,32.375,36.89000000000004,0.0,0.0,0.0,0.0,0.0,20.0,0.3,0.1,0.2,0.1,0.4,0.1,0.1,0.1,0.5,0.0,55989.0,0.1463501759274143,0.0,65535.0,0.07933165484092469,0.0,0.0,0.0,0.0,0.0,0.0,0.0,0.0,0.0,0.0
144178.84,0.21281047225291214,0.0,16352.0,37.0,0.22379999999793554,31.25,32.4375,36.97000000000003,0.0,0.0,0.0,0.0,0.0,20.0,0.3,0.1,0.2,0.1,0.4,0.1,0.1,0.1,0.5,0.0,56185.0,0.14559046008721188,0.0,65535.0,0.07895017929350728,0.0,0.0,0.0,0.0,0.0,0.0,0.0,0.0,0.0,0.0
144238.89,0.21149814960794242,0.0,16352.0,37.0,0.27799999999793146,31.25,32.375,36.77000000000004,0.0,0.005,0.25,0.0,0.0,20.0,0.3,0.1,0.2,0.1,0.4,0.1,0.1,0.1,0.5,0.0,55623.0,0.1466299911906945,0.0,65535.0,0.07907225146868085,0.0,0.0,0.0,0.0,0.0,0.0,0.0,0.0,0.0,0.0
144298.93,0.18607169484000713,0.0,16352.0,37.0,0.32609999999793715,31.25,32.4375,36.610000000000014,0.0,0.0,0.0,0.0,0.0,20.0,0.3,0.1,0.2,0.1,0.4,0.1,0.1,0.1,0.5,0.0,54741.0,0.14594179865183318,0.0,65535.0,0.07772945754177157,0.0,0.0,0.0,0.0,0.0,0.0,0.0,0.0,0.0,0.0
144358.98,0.22136190084137786,0.0,16352.0,37.0,0.2393999999979333,31.1875,32.375,36.97000000000003,0.0,0.0,0.0,0.0,0.0,20.0,0.3,0.1,0.2,0.1,0.4,0.1,0.1,0.1,0.5,0.0,55135.0,0.14404643148635168,0.0,65535.0,0.07707331960021363,0.0,0.0,0.0,0.0,0.0,0.0,0.0,0.0,0.0,0.0
144419.02,0.20266854329326162,0.0,16352.0,37.0,0.23609999999793202,31.25,32.375,36.97000000000003,0.0,0.0,0.0,0.0,0.0,20.0,0.3,0.1,0.2,0.1,0.4,0.1,0.1,0.1,0.5,0.0,55703.0,0.14354702619248513,0.0,65535.0,0.07740901808194095,0.0,0.0,0.0,0.0,0.0,0.0,0.0,0.0,0.0,0.0
144479.06,0.18387252379455013,0.0,16352.0,37.0,0.2657999999979326,31.3125,32.4375,36.85000000000002,0.0,0.0,0.0,0.0,0.0,20.0,0.3,0.1,0.2,0.1,0.4,0.1,0.1,0.1,0.5,0.0,55588.0,0.1437000791537742,0.0,65535.0,0.07739375906004425,0.0,0.0,0.0,0.0,0.0,0.0,0.0,0.0,0.0,0.0
144539.11,0.18685861172653695,0.0,16352.0,37.0,0.26079999999793624,31.25,32.4375,36.870000000000005,0.0,0.0,0.0,0.0,0.0,20.0,0.3,0.1,0.2,0.1,0.4,0.1,0.1,0.1,0.5,0.0,54799.0,0.1455136042628515,0.0,65535.0,0.07736324101625086,0.0,0.0,0.0,0.0,0.0,0.0,0.0,0.0,0.0,0.0
144599.15,0.20886010422570775,0.0,16352.0,37.0,0.25309999999792565,31.25,32.4375,36.89000000000004,0.0,0.0,0.0,0.0,0.0,20.0,0.3,0.1,0.2,0.1,0.4,0.1,0.1,0.1,0.5,0.0,55390.0,0.14390684239032317,0.0,65535.0,0.07695124742504006,0.0,0.0,0.0,0.0,0.0,0.0,0.0,0.0,0.0,0.0
144659.2,0.20840634232319213,0.0,16352.0,37.0,0.22009999999792298,31.3125,32.4375,37.01000000000005,0.0,0.0,0.0,0.0,0.0,20.0,0.3,0.1,0.2,0.1,0.4,0.1,0.1,0.1,0.5,0.0,55557.0,0.14372626311715894,0.0,65535.0,0.0771801327534905,0.0,0.0,0.0,0.0,0.0,0.0,0.0,0.0,0.0,0.0
144719.27,0.21452717390584342,0.0,16352.0,37.0,0.23449999999792237,31.3125,32.375,36.950000000000045,0.0,0.0,0.0,0.0,0.0,20.0,0.3,0.1,0.2,0.1,0.4,0.1,0.1,0.1,0.5,0.0,55556.0,0.14383684930520557,0.0,65535.0,0.07731746395056077,0.0,0.0,0.0,0.0,0.0,0.0,0.0,0.0,0.0,0.0
144779.31,0.19219978458849069,0.0,16352.0,37.0,0.21089999999792536,31.25,32.375,37.03000000000003,0.0,0.0,0.0,0.0,0.0,20.0,0.3,0.1,0.2,0.1,0.4,0.1,0.1,0.1,0.5,0.0,55485.0,0.14405695232945842,0.0,65535.0,0.07731746395056077,0.0,0.0,0.0,0.0,0.0,0.0,0.0,0.0,0.0,0.0
144839.39,0.18942512766024636,0.0,16352.0,37.0,0.20439999999792957,31.3125,32.4375,37.05000000000001,0.0,0.0,0.0,0.0,0.0,20.0,0.3,0.1,0.2,0.1,0.4,0.1,0.1,0.1,0.5,0.0,54943.0,0.1455144422401398,0.0,65535.0,0.0771953917753872,0.0,0.0,0.0,0.0,0.0,0.0,0.0,0.0,0.0,0.0
144899.46,0.1928866285602338,0.0,16352.0,37.0,0.2499999999979307,31.3125,32.375,36.870000000000005,0.0,0.0,0.0,0.0,0.0,20.0,0.3,0.1,0.2,0.1,0.4,0.1,0.1,0.1,0.5,0.0,55449.0,0.1443127919349312,0.0,65535.0,0.07733272297245747,0.0,0.0,0.0,0.0,0.0,0.0,0.0,0.0,0.0,0.0
144959.53,0.210962629316785,0.0,16352.0,37.0,0.2950999999979215,31.3125,32.375,36.710000000000036,0.0,0.0,0.0,0.0,0.0,20.0,0.3,0.1,0.2,0.1,0.4,0.1,0.1,0.1,0.5,0.0,56001.0,0.14335458295387582,0.0,65535.0,0.07745479514763104,0.0,0.0,0.0,0.0,0.0,0.0,0.0,0.0,0.0,0.0
145019.6,0.21657379521780937,0.0,16352.0,37.0,0.26919999999792915,31.3125,32.375,36.81,0.0,0.0,0.0,0.0,0.0,20.0,0.3,0.1,0.2,0.1,0.4,0.1,0.1,0.1,0.5,0.0,55422.0,0.14423874995489155,0.0,65535.0,0.07743953612573434,0.0,0.0,0.0,0.0,0.0,0.0,0.0,0.0,0.0,0.0
145079.65,0.22221664952154824,0.0,16352.0,37.0,0.23009999999792208,31.375,32.375,36.97000000000003,0.0,0.0,0.0,0.0,0.0,20.0,0.3,0.1,0.2,0.1,0.4,0.1,0.1,0.1,0.5,0.0,56247.0,0.14256760360552562,0.0,65535.0,0.07754634927901122,0.0,0.0,0.0,0.0,0.0,0.0,0.0,0.0,0.0,0.0
145139.69,0.20229846737088714,0.0,16352.0,37.0,0.25949999999792206,31.375,32.4375,36.85000000000002,0.0,0.0,0.0,0.0,0.0,20.0,0.3,0.1,0.2,0.1,0.4,0.1,0.1,0.1,0.5,0.0,55158.0,0.1449291127307009,0.0,65535.0,0.07782101167315175,0.0,0.0,0.0,0.0,0.0,0.0,0.0,0.0,0.0,0.0
145199.74,0.19429826686219798,0.0,16352.0,37.0,0.21209999999791912,31.375,32.375,37.03000000000003,0.0,0.0,0.0,0.0,0.0,20.0,0.3,0.1,0.2,0.1,0.4,0.1,0.1,0.1,0.5,0.0,54896.0,0.1456208102593996,0.0,65535.0,0.07711909666590372,0.0,0.0,0.0,0.0,0.0,0.0,0.0,0.0,0.0,0.0
145259.78,0.19672935792501256,0.0,16352.0,37.0,0.2108999999979185,31.3125,32.375,37.03000000000003,0.0,0.0,0.0,0.0,0.0,20.0,0.3,0.1,0.2,0.1,0.4,0.1,0.1,0.1,0.5,0.0,55414.0,0.1449453206770852,0.0,65535.0,0.07774471656366827,0.0,0.0,0.0,0.0,0.0,0.0,0.0,0.0,0.0,0.0
145319.82,0.18768221609357544,0.0,16352.0,37.0,0.24589999999791423,31.3125,32.375,36.89000000000004,0.0,0.0,0.0,0.0,0.0,20.0,0.3,0.1,0.2,0.1,0.4,0.1,0.1,0.1,0.5,0.0,55480.0,0.14459264599855803,0.0,65535.0,0.07750057221332113,0.0,0.0,0.0,0.0,0.0,0.0,0.0,0.0,0.0,0.0
145379.87,0.23479308415110098,0.0,16352.0,37.0,0.18879999999792096,31.4375,32.4375,37.110000000000014,0.0,0.0,0.0,0.0,0.0,20.0,0.3,0.1,0.2,0.1,0.4,0.1,0.1,0.1,0.5,0.0,55140.0,0.14552049328980776,0.0,65535.0,0.07853818570229648,0.0,0.0,0.0,0.0,0.0,0.0,0.0,0.0,0.0,0.0
145439.91,0.20195484148502194,0.0,16352.0,37.0,0.21169999999791095,31.375,32.375,37.01000000000005,0.0,0.0,0.0,0.0,0.0,20.0,0.3,0.1,0.2,0.1,0.4,0.1,0.1,0.1,0.5,0.0,54909.0,0.14624196397676156,0.0,65535.0,0.07742427710383765,0.0,0.0,0.0,0.0,0.0,0.0,0.0,0.0,0.0,0.0
145499.96,0.2204766112372109,0.0,16352.0,37.0,0.20339999999791422,31.375,32.375,37.03000000000003,0.0,0.0,0.0,0.0,0.0,20.0,0.3,0.1,0.2,0.1,0.4,0.1,0.1,0.1,0.5,0.0,54773.0,0.14673287933836013,0.0,65535.0,0.07733272297245747,0.0,0.0,0.0,0.0,0.0,0.0,0.0,0.0,0.0,0.0
145560.03,0.24015316858719826,0.0,16352.0,37.0,0.24759999999792007,31.375,32.375,36.870000000000005,0.0,0.0,0.0,0.0,0.0,20.0,0.3,0.1,0.2,0.1,0.4,0.1,0.1,0.1,0.5,0.0,55601.0,0.14478156867682235,0.0,65535.0,0.07765316243228809,0.0,0.0,0.0,0.0,0.0,0.0,0.0,0.0,0.0,0.0
145620.1,0.242482148779748,0.0,16352.0,37.0,0.2852999999979159,31.375,32.375,36.73000000000002,0.0,0.0,0.0,0.0,0.0,20.0,0.3,0.1,0.2,0.1,0.4,0.1,0.1,0.1,0.5,0.0,55035.0,0.14616153356954664,0.0,65535.0,0.07751583123521782,0.0,0.0,0.0,0.0,0.0,0.0,0.0,0.0,0.0,0.0
145680.17,0.23172671246157653,0.0,16352.0,37.0,0.2255999999979125,31.3125,32.375,36.97000000000003,0.0,0.0,0.0,0.0,0.0,20.0,0.3,0.1,0.2,0.1,0.4,0.1,0.1,0.1,0.5,0.0,55431.0,0.14509931265898143,0.0,65535.0,0.07750057221332113,0.0,0.0,0.0,0.0,0.0,0.0,0.0,0.0,0.0,0.0
145740.24,0.19768312617269104,0.0,16352.0,37.0,0.26649999999791796,31.3125,32.4375,36.81,0.0,0.0,0.0,0.0,0.0,20.0,0.3,0.1,0.2,0.1,0.4,0.1,0.1,0.1,0.5,0.0,55469.0,0.14485568515747535,0.0,65535.0,0.07734798199435416,0.0,0.0,0.0,0.0,0.0,0.0,0.0,0.0,0.0,0.0
145800.28,0.20018287637031795,0.0,16352.0,37.0,0.20319999999791524,31.3125,32.375,37.05000000000001,0.0,0.0,0.0,0.0,0.0,20.0,0.3,0.1,0.2,0.1,0.4,0.1,0.1,0.1,0.5,0.0,55468.0,0.14568760366337347,0.0,65535.0,0.07772945754177157,0.0,0.0,0.0,0.0,0.0,0.0,0.0,0.0,0.0,0.0
145860.34,0.22608664787552213,0.0,16352.0,37.0,0.2072999999979098,31.375,32.375,37.03000000000003,0.0,0.0,0.0,0.0,0.0,20.0,0.3,0.1,0.2,0.1,0.4,0.1,0.1,0.1,0.5,0.0,54945.0,0.14632814632814634,0.0,65535.0,0.0771801327534905,0.0,0.0,0.0,0.0,0.0,0.0,0.0,0.0,0.0,0.0
145920.43,0.2216430984423171,0.0,16352.0,37.0,0.23079999999791512,31.4375,32.375,36.93000000000001,0.0,0.0,0.0,0.0,0.0,20.0,0.3,0.1,0.2,0.1,0.4,0.1,0.1,0.1,0.5,0.0,54981.0,0.14615958240119314,0.0,65535.0,0.07743953612573434,0.0,0.0,0.0,0.0,0.0,0.0,0.0,0.0,0.0,0.0
145980.5,0.2218675113523207,0.0,16352.0,37.0,0.24049999999790458,31.375,32.4375,36.89000000000004,0.0,0.0,0.0,0.0,0.0,20.0,0.3,0.1,0.2,0.1,0.4,0.1,0.1,0.1,0.5,0.0,55168.0,0.14600855568445475,0.0,65535.0,0.07779049362935836,0.0,0.0,0.0,0.0,0.0,0.0,0.0,0.0,0.0,0.0
146040.56,0.2282074855727268,0.0,16352.0,37.0,0.24019999999790315,31.375,32.375,36.89000000000004,0.0,0.0,0.0,0.0,0.0,20.0,0.3,0.1,0.2,0.1,0.4,0.1,0.1,0.1,0.5,0.0,55629.0,0.14528393463840802,0.0,65535.0,0.07791256580453193,0.0,0.0,0.0,0.0,0.0,0.0,0.0,0.0,0.0,0.0
146100.64,0.19496466191453618,0.0,16352.0,37.0,0.20959999999790085,31.3125,32.375,37.01000000000005,0.0,0.0,0.0,0.0,0.0,20.0,0.3,0.1,0.2,0.1,0.4,0.1,0.1,0.1,0.5,0.0,54736.0,0.14690514469453375,0.0,65535.0,0.07753109025711452,0.0,0.0,0.0,0.0,0.0,0.0,0.0,0.0,0.0,0.0
146160.73,0.22529182158650968,0.0,16352.0,37.0,0.26199999999791174,31.375,32.375,36.81,0.0,0.0,0.0,0.0,0.0,20.0,0.3,0.1,0.2,0.1,0.4,0.1,0.1,0.1,0.5,0.0,55044.0,0.1468461594360875,0.0,65535.0,0.077607385366598,0.0,0.0,0.0,0.0,0.0,0.0,0.0,0.0,0.0,0.0
146220.79,0.2167483813946158,0.0,16352.0,37.0,0.24079999999790003,31.3125,32.375,36.89000000000004,0.0,0.0,0.0,0.0,0.0,20.0,0.3,0.1,0.2,0.1,0.4,0.1,0.1,0.1,0.5,0.0,55492.0,0.14569667699848626,0.0,65535.0,0.07739375906004425,0.0,0.0,0.0,0.0,0.0,0.0,0.0,0.0,0.0,0.0
146280.86,0.2351386869569473,0.0,16352.0,37.0,0.26609999999790457,31.375,32.375,36.79000000000002,0.0,0.0,0.0,0.0,0.0,20.0,0.3,0.1,0.2,0.1,0.4,0.1,0.1,0.1,0.5,0.0,56192.0,0.1442732061503417,0.0,65535.0,0.07798886091401541,0.0,0.0,0.0,0.0,0.0,0.0,0.0,0.0,0.0,0.0
146340.93,0.22267092658214954,0.0,16352.0,37.0,0.24639999999790826,31.375,32.4375,36.870000000000005,0.0,0.0,0.0,0.0,0.0,20.0,0.3,0.1,0.2,0.1,0.4,0.1,0.1,0.1,0.5,0.0,55091.0,0.1471565228440217,0.0,65535.0,0.07734798199435416,0.0,0.0,0.0,0.0,0.0,0.0,0.0,0.0,0.0,0.0
146401.01,0.2291184152177686,0.0,16352.0,37.0,0.23899999999789737,31.3125,32.375,36.89000000000004,0.0,0.0,0.0,0.0,0.0,20.0,0.3,0.1,0.2,0.1,0.4,0.1,0.1,0.1,0.5,0.0,55327.0,0.14613118368969943,0.0,65535.0,0.077607385366598,0.0,0.0,0.0,0.0,0.0,0.0,0.0,0.0,0.0,0.0
146461.08,0.20466736818554568,0.0,16352.0,37.0,0.2666999999979023,31.3125,32.375,36.79000000000002,0.0,0.0,0.0,0.0,0.0,20.0,0.3,0.1,0.2,0.1,0.4,0.1,0.1,0.1,0.5,0.0,55621.0,0.14561047086532064,0.0,65535.0,0.0776226443884947,0.0,0.0,0.0,0.0,0.0,0.0,0.0,0.0,0.0,0.0
146521.15,0.23425549618439462,0.0,16352.0,37.0,0.2758999999978965,31.375,32.375,36.77000000000004,0.0,0.0,0.0,0.0,0.0,20.0,0.3,0.1,0.2,0.1,0.4,0.1,0.1,0.1,0.5,0.0,55273.0,0.14616539721021113,0.0,65535.0,0.07779049362935836,0.0,0.0,0.0,0.0,0.0,0.0,0.0,0.0,0.0,0.0
146581.22,0.22652565810768288,0.0,16352.0,37.0,0.22969999999789328,31.375,32.375,36.950000000000045,0.0,0.0,0.0,0.0,0.0,20.0,0.3,0.1,0.2,0.1,0.4,0.1,0.1,0.1,0.5,0.0,55212.0,0.1463812214735927,0.0,65535.0,0.07748531319142443,0.0,0.0,0.0,0.0,0.0,0.0,0.0,0.0,0.0,0.0
146641.29,0.19963276936717514,0.0,16352.0,37.0,0.22789999999789234,31.375,32.375,36.950000000000045,0.0,0.0,0.0,0.0,0.0,20.0,0.3,0.1,0.2,0.1,0.4,0.1,0.1,0.1,0.5,0.0,55792.0,0.14493117292801835,0.0,65535.0,0.07750057221332113,0.0,0.0,0.0,0.0,0.0,0.0,0.0,0.0,0.0,0.0
146701.37,0.21499125649346024,0.0,16352.0,37.0,0.22079999999789623,31.375,32.375,36.97000000000003,0.0,0.0,0.0,0.0,0.0,20.0,0.3,0.1,0.2,0.1,0.4,0.1,0.1,0.1,0.5,0.0,54974.0,0.14730599919962165,0.0,65535.0,0.07791256580453193,0.0,0.0,0.0,0.0,0.0,0.0,0.0,0.0,0.0,0.0
146761.43,0.22091283453152533,0.0,16352.0,37.0,0.22049999999789566,31.375,32.375,36.97000000000003,0.0,0.0,0.0,0.0,0.0,20.0,0.3,0.1,0.2,0.1,0.4,0.1,0.1,0.1,0.5,0.0,55075.0,0.14692691783931003,0.0,65535.0,0.07768368047608148,0.0,0.0,0.0,0.0,0.0,0.0,0.0,0.0,0.0,0.0
146821.49,0.21879311390027206,0.0,16352.0,37.0,0.2640999999979012,31.3125,32.375,36.81,0.0,0.0,0.0,0.0,0.0,20.0,0.3,0.1,0.2,0.1,0.4,0.1,0.1,0.1,0.5,0.0,55355.0,0.14708698401228434,0.0,65535.0,0.07768368047608148,0.0,0.0,0.0,0.0,0.0,0.0,0.0,0.0,0.0,0.0
146881.56,0.22839523940701806,0.0,16352.0,37.0,0.1801999999978871,31.375,32.4375,37.13000000000005,0.0,0.0,0.0,0.0,0.0,20.0,0.3,0.1,0.2,0.1,0.4,0.1,0.1,0.1,0.5,0.0,55997.0,0.14554351125953177,0.0,65535.0,0.07833981841763943,0.0,0.0,0.0,0.0,0.0,0.0,0.0,0.0,0.0,0.0
146941.62,0.23357438855757212,0.0,16352.0,37.0,0.21989999999789278,31.375,32.375,36.97000000000003,0.0,0.0,0.0,0.0,0.0,20.0,0.3,0.1,0.2,0.1,0.4,0.1,0.1,0.1,0.5,0.0,55068.0,0.1472724631364858,0.0,65535.0,0.07826352330815595,0.0,0.0,0.0,0.0,0.0,0.0,0.0,0.0,0.0,0.0
147001.66,0.2083439211385164,0.0,16352.0,37.0,0.1989999999978959,31.375,32.4375,37.05000000000001,0.0,0.0,0.0,0.0,0.0,20.0,0.3,0.1,0.2,0.1,0.4,0.1,0.1,0.1,0.5,0.0,55164.0,0.1474693640780219,0.0,65535.0,0.07791256580453193,0.0,0.0,0.0,0.0,0.0,0.0,0.0,0.0,0.0,0.0
147061.71,0.19753008758959395,0.0,16352.0,37.0,0.22474999999788667,31.25,32.375,36.79000000000002,0.0,0.0,0.0,0.0,0.0,20.0,0.3,0.1,0.2,0.1,0.4,0.1,0.1,0.1,0.5,0.0,55846.0,0.1458475092217885,0.0,65535.0,0.07777523460746166,0.0,0.0,0.0,0.0,0.0,0.0,0.0,0.0,0.0,0.0
147121.75,0.22353553475021137,0.0,16352.0,37.0,0.2421499999978859,31.375,32.4375,36.85000000000002,0.0,0.0,0.0,0.0,0.0,20.0,0.3,0.1,0.2,0.1,0.4,0.1,0.1,0.1,0.5,0.0,56329.0,0.1451295070034973,0.0,65535.0,0.07840085450522621,0.0,0.0,0.0,0.0,0.0,0.0,0.0,0.0,0.0,0.0
147181.8,0.22016884973854214,0.0,16352.0,37.0,0.21274999999788335,31.25,32.4375,36.93000000000001,0.0,0.0,0.0,0.0,0.0,20.0,0.3,0.1,0.2,0.1,0.4,0.1,0.1,0.1,0.5,0.0,55504.0,0.14705246468722974,0.0,65535.0,0.07768368047608148,0.0,0.0,0.0,0.0,0.0,0.0,0.0,0.0,0.0,0.0
147241.84,0.18509772271823735,0.0,16352.0,37.0,0.20974999999788183,31.3125,32.375,37.01000000000005,0.0,0.0,0.0,0.0,0.0,20.0,0.3,0.1,0.2,0.1,0.4,0.1,0.1,0.1,0.5,0.0,55606.0,0.1463511131892242,0.0,65535.0,0.07742427710383765,0.0,0.0,0.0,0.0,0.0,0.0,0.0,0.0,0.0,0.0
147301.92,0.21739235483424516,0.0,16352.0,37.0,0.24714999999789214,31.3125,32.375,36.81,0.0,0.0,0.0,0.0,0.0,20.0,0.3,0.1,0.2,0.1,0.4,0.1,0.1,0.1,0.5,0.0,55816.0,0.14648129568582485,0.0,65535.0,0.0776379034103914,0.0,0.0,0.0,0.0,0.0,0.0,0.0,0.0,0.0,0.0
147362.0,0.19638211833137692,0.0,16352.0,37.0,0.15064999999787787,31.375,32.375,37.01000000000005,0.0,0.0,0.0,0.0,0.0,20.0,0.3,0.1,0.2,0.1,0.4,0.1,0.1,0.1,0.5,0.0,55656.0,0.14672272531263475,0.0,65535.0,0.07809567406729229,0.0,0.0,0.0,0.0,0.0,0.0,0.0,0.0,0.0,0.0
147422.06,0.22312168236660018,0.0,16352.0,37.0,0.21914999999788407,31.3125,32.4375,36.85000000000002,0.0,0.0,0.0,0.0,0.0,20.0,0.3,0.1,0.2,0.1,0.4,0.1,0.1,0.1,0.5,0.0,56452.0,0.14520300432225608,0.0,65535.0,0.07827878233005264,0.0,0.0,0.0,0.0,0.0,0.0,0.0,0.0,0.0,0.0
147482.13,0.19776357605257808,0.0,16352.0,37.0,0.16734999999788597,31.3125,32.375,36.79000000000002,0.0,0.0,0.0,0.0,0.0,20.0,0.3,0.1,0.2,0.1,0.4,0.1,0.1,0.1,0.5,0.0,55279.0,0.14781381718193165,0.0,65535.0,0.0780193789578088,0.0,0.0,0.0,0.0,0.0,0.0,0.0,0.0,0.0,0.0
147542.18,0.18895216939675158,0.0,16352.0,37.0,0.18554999999788105,31.3125,32.375,36.81,0.0,0.0,0.0,0.0,0.0,20.0,0.3,0.1,0.2,0.1,0.4,0.1,0.1,0.1,0.5,0.0,55548.0,0.14718801757038957,0.0,65535.0,0.07789730678263523,0.0,0.0,0.0,0.0,0.0,0.0,0.0,0.0,0.0,0.0
147602.26,0.19420474473179003,0.0,16352.0,37.0,0.24534999999788776,31.25,32.4375,36.81,0.0,0.0,0.0,0.0,0.0,20.0,0.3,0.1,0.2,0.1,0.4,0.1,0.1,0.1,0.5,0.0,55395.0,0.14768480909829407,0.0,65535.0,0.07870603494316014,0.0,0.0,0.0,0.0,0.0,0.0,0.0,0.0,0.0,0.0
147662.33,0.19038208947897792,0.0,16352.0,37.0,0.2542499999978822,31.3125,32.4375,36.79000000000002,0.0,0.0,0.0,0.0,0.0,20.0,0.3,0.1,0.2,0.1,0.4,0.1,0.1,0.1,0.5,0.0,55201.0,0.1476241372438905,0.0,65535.0,0.07797360189211872,0.0,0.0,0.0,0.0,0.0,0.0,0.0,0.0,0.0,0.0
147722.38,0.2139314800734106,0.0,16352.0,37.0,0.1856499999978835,31.3125,32.375,36.89000000000004,0.0,0.0,0.0,0.0,0.0,20.0,0.3,0.1,0.2,0.1,0.4,0.1,0.1,0.1,0.5,0.0,56362.0,0.14513324580391043,0.0,65535.0,0.07785152971694514,0.0,0.0,0.0,0.0,0.0,0.0,0.0,0.0,0.0,0.0
147782.42,0.22028085353791316,0.0,16352.0,37.0,0.21214999999787362,31.25,32.4375,37.09000000000003,0.0,0.0,0.0,0.0,0.0,20.0,0.3,0.1,0.2,0.1,0.4,0.1,0.1,0.1,0.5,0.0,56212.0,0.14614317227638227,0.0,65535.0,0.07827878233005264,0.0,0.0,0.0,0.0,0.0,0.0,0.0,0.0,0.0,0.0
147842.46,0.1931123022283025,0.0,16352.0,37.0,0.16474999999787068,31.3125,32.4375,36.89000000000004,0.0,0.0,0.0,0.0,0.0,20.0,0.3,0.1,0.2,0.1,0.4,0.1,0.1,0.1,0.5,0.0,55506.0,0.14686700536878897,0.0,65535.0,0.0780193789578088,0.0,0.0,0.0,0.0,0.0,0.0,0.0,0.0,0.0,0.0
147902.51,0.20193390766655345,0.0,16352.0,37.0,0.2500499999978775,31.25,32.4375,36.73000000000002,0.0,0.0,0.0,0.0,0.0,20.0,0.3,0.1,0.2,0.1,0.4,0.1,0.1,0.1,0.5,0.0,55478.0,0.14782436281048345,0.0,65535.0,0.07783627069504845,0.0,0.0,0.0,0.0,0.0,0.0,0.0,0.0,0.0,0.0
147962.55,0.1756063198403442,0.0,16352.0,37.0,0.1638499999978681,31.25,32.4375,36.89000000000004,0.0,0.0,0.0,0.0,0.0,20.0,0.3,0.1,0.2,0.1,0.4,0.1,0.1,0.1,0.5,0.0,55253.0,0.1478471757189655,0.0,65535.0,0.07800411993591211,0.0,0.0,0.0,0.0,0.0,0.0,0.0,0.0,0.0,0.0
148022.62,0.1953697972340426,0.0,16352.0,37.0,0.19434999999787786,31.25,32.4375,36.85000000000002,0.0,0.0,0.0,0.0,0.0,20.0,0.3,0.1,0.2,0.1,0.4,0.1,0.1,0.1,0.5,0.0,55775.0,0.1477902285970417,0.0,65535.0,0.0780651560234989,0.0,0.0,0.0,0.0,0.0,0.0,0.0,0.0,0.0,0.0
148082.66,0.2318063958194133,0.0,16352.0,37.0,0.2223499999978683,31.25,32.4375,36.710000000000036,0.0,0.0,0.0,0.0,0.0,20.0,0.3,0.1,0.2,0.1,0.4,0.1,0.1,0.1,0.5,0.0,55642.0,0.148125516696021,0.0,65535.0,0.07821774624246586,0.0,0.0,0.0,0.0,0.0,0.0,0.0,0.0,0.0,0.0
148142.71,0.21146002788428206,0.0,16352.0,37.0,0.17404999999786533,31.3125,32.4375,36.73000000000002,0.0,0.0,0.0,0.0,0.0,20.0,0.3,0.1,0.2,0.1,0.4,0.1,0.1,0.1,0.5,0.0,56055.0,0.14665953081794667,0.0,65535.0,0.07766842145418479,0.0,0.0,0.0,0.0,0.0,0.0,0.0,0.0,0.0,0.0
148202.76,0.19812369111446068,0.0,16352.0,37.0,0.13784999999786812,31.3125,32.4375,36.81,0.0,0.0,0.0,0.0,0.0,20.0,0.3,0.1,0.2,0.1,0.4,0.1,0.1,0.1,0.5,0.0,55518.0,0.14778990597644007,0.0,65535.0,0.07800411993591211,0.0,0.0,0.0,0.0,0.0,0.0,0.0,0.0,0.0,0.0
148262.83,0.23088350094378865,0.0,16352.0,37.0,0.21784999999786556,31.3125,32.4375,36.73000000000002,0.0,0.0,0.0,0.0,0.0,20.0,0.3,0.1,0.2,0.1,0.4,0.1,0.1,0.1,0.5,0.0,55592.0,0.14849258886170671,0.0,65535.0,0.07823300526436255,0.0,0.0,0.0,0.0,0.0,0.0,0.0,0.0,0.0,0.0
148322.92,0.24147714017178873,0.0,16352.0,37.0,0.2461499999978708,31.3125,32.4375,36.77000000000004,0.0,0.0,0.0,0.0,0.0,20.0,0.3,0.1,0.2,0.1,0.4,0.1,0.1,0.1,0.5,0.0,55419.0,0.14830653746909905,0.0,65535.0,0.07901121538109407,0.0,0.0,0.0,0.0,0.0,0.0,0.0,0.0,0.0,0.0
148382.97,0.23261828458442113,0.0,16352.0,37.0,0.1973499999978734,31.25,32.4375,36.85000000000002,0.0,0.0,0.0,0.0,0.0,20.0,0.3,0.1,0.2,0.1,0.4,0.1,0.1,0.1,0.5,0.0,55181.0,0.1492542723038727,0.0,65535.0,0.07756160830090791,0.0,0.0,0.0,0.0,0.0,0.0,0.0,0.0,0.0,0.0
148443.05,0.21815372813380668,0.0,16352.0,37.0,0.228849999997874,31.3125,32.375,36.73000000000002,0.0,0.0,0.0,0.0,0.0,20.0,0.3,0.1,0.2,0.1,0.4,0.1,0.1,0.1,0.5,0.0,55391.0,0.14874257550865663,0.0,65535.0,0.07811093308918898,0.0,0.0,0.0,0.0,0.0,0.0,0.0,0.0,0.0,0.0
148503.09,0.18381173513784632,0.0,16352.0,37.0,0.226249999997863,31.25,32.4375,36.73000000000002,0.0,0.0,0.0,0.0,0.0,20.0,0.3,0.1,0.2,0.1,0.4,0.1,0.1,0.1,0.5,0.0,55764.0,0.14728140018650024,0.0,65535.0,0.07792782482642863,0.0,0.0,0.0,0.0,0.0,0.0,0.0,0.0,0.0,0.0
148563.16,0.2189797513337897,0.0,16352.0,37.0,0.20534999999786607,31.25,32.4375,36.870000000000005,0.0,0.0,0.0,0.0,0.0,20.0,0.3,0.1,0.2,0.1,0.4,0.1,0.1,0.1,0.5,0.0,55978.0,0.1472721426274608,0.0,65535.0,0.07901121538109407,0.0,0.0,0.0,0.0,0.0,0.0,0.0,0.0,0.0,0.0
148623.22,0.17848924500442553,0.0,16352.0,37.0,0.1970499999978702,31.25,32.375,36.870000000000005,0.0,0.0,0.0,0.0,0.0,20.0,0.3,0.1,0.2,0.1,0.4,0.1,0.1,0.1,0.5,0.0,55446.0,0.14911806081592902,0.0,65535.0,0.07820248722056916,0.0,0.0,0.0,0.0,0.0,0.0,0.0,0.0,0.0,0.0
148683.26,0.17667521122419497,0.0,16352.0,37.0,0.21944999999786574,31.1875,32.4375,37.01000000000005,0.0,0.0,0.0,0.0,0.0,20.0,0.3,0.1,0.2,0.1,0.4,0.1,0.1,0.1,0.5,0.0,55709.0,0.14805507189143585,0.0,65535.0,0.07823300526436255,0.0,0.0,0.0,0.0,0.0,0.0,0.0,0.0,0.0,0.0
148743.31,0.18068315749312977,0.0,16352.0,37.0,0.18614999999786333,31.25,32.4375,36.73000000000002,0.0,0.0,0.0,0.0,0.0,20.0,0.3,0.1,0.2,0.1,0.4,0.1,0.1,0.1,0.5,0.0,55945.0,0.14805612655286443,0.0,65535.0,0.07850766765850309,0.0,0.0,0.0,0.0,0.0,0.0,0.0,0.0,0.0,0.0
148803.35,0.1891555134618708,0.0,16352.0,37.0,0.20704999999785853,31.1875,32.4375,36.85000000000002,0.0,0.0,0.0,0.0,0.0,20.0,0.3,0.1,0.2,0.1,0.4,0.1,0.1,0.1,0.5,0.0,55832.0,0.14762143573577877,0.0,65535.0,0.07817196917677577,0.0,0.0,0.0,0.0,0.0,0.0,0.0,0.0,0.0,0.0
148863.4,0.19813703411306643,0.0,16352.0,37.0,0.24444999999786884,31.25,32.4375,37.05000000000001,0.0,0.0,0.0,0.0,0.0,20.0,0.3,0.1,0.2,0.1,0.4,0.1,0.1,0.1,0.5,0.0,55111.0,0.14973417285115495,0.0,65535.0,0.07859922178988327,0.0,0.0,0.0,0.0,0.0,0.0,0.0,0.0,0.0,0.0
148923.44,0.2223747313693603,0.0,16352.0,37.0,0.16114999999785506,31.25,32.4375,36.73000000000002,0.0,0.0,0.0,0.0,0.0,20.0,0.3,0.1,0.2,0.1,0.4,0.1,0.1,0.1,0.5,0.0,55690.0,0.14855449811456276,0.0,65535.0,0.0780193789578088,0.0,0.0,0.0,0.0,0.0,0.0,0.0,0.0,0.0,0.0
148983.48,0.19179377747848816,0.0,16352.0,37.0,0.223549999997856,31.3125,32.4375,36.77000000000004,0.0,0.0,0.0,0.0,0.0,20.0,0.3,0.1,0.2,0.1,0.4,0.1,0.1,0.1,0.5,0.0,55830.0,0.1478416621887874,0.0,65535.0,0.07835507743953612,0.0,0.0,0.0,0.0,0.0,0.0,0.0,0.0,0.0,0.0
149043.53,0.2472973057717803,0.0,16352.0,37.0,0.2385499999978557,31.3125,32.4375,36.79000000000002,0.0,0.0,0.0,0.0,0.0,20.0,0.3,0.1,0.2,0.1,0.4,0.1,0.1,0.1,0.5,0.0,55332.0,0.14929877828381408,0.0,65535.0,0.07832455939574273,0.0,0.0,0.0,0.0,0.0,0.0,0.0,0.0,0.0,0.0
149103.58,0.19012830188820973,0.0,16352.0,37.0,0.22354999999785427,31.3125,32.375,36.870000000000005,0.0,0.0,0.0,0.0,0.0,20.0,0.3,0.1,0.2,0.1,0.4,0.1,0.1,0.1,0.5,0.0,55775.0,0.14827431645002243,0.0,65535.0,0.07855344472419318,0.0,0.0,0.0,0.0,0.0,0.0,0.0,0.0,0.0,0.0
149163.62,0.2009740745126186,0.0,16352.0,37.0,0.20114999999785702,31.3125,32.375,36.79000000000002,0.0,0.0,0.0,0.0,0.0,20.0,0.3,0.1,0.2,0.1,0.4,0.1,0.1,0.1,0.5,0.0,55600.0,0.14924460431654676,0.0,65535.0,0.07873655298695353,0.0,0.0,0.0,0.0,0.0,0.0,0.0,0.0,0.0,0.0
149223.7,0.22152748220356033,0.0,16352.0,37.0,0.21404999999785693,31.25,32.4375,36.73000000000002,0.0,0.0,0.0,0.0,0.0,20.0,0.3,0.1,0.2,0.1,0.4,0.1,0.1,0.1,0.5,0.0,55751.0,0.1490914961166616,0.0,65535.0,0.07862973983367666,0.0,0.0,0.0,0.0,0.0,0.0,0.0,0.0,0.0,0.0
149283.77,0.20649257277206048,0.0,16352.0,37.0,0.2632499999978582,31.25,32.375,36.77000000000004,0.0,0.0,0.0,0.0,0.0,20.0,0.3,0.1,0.2,0.1,0.4,0.1,0.1,0.1,0.5,0.0,55745.0,0.14923311507758544,0.0,65535.0,0.07811093308918898,0.0,0.0,0.0,0.0,0.0,0.0,0.0,0.0,0.0,0.0
149343.85,0.23446069936534705,0.0,16352.0,37.0,0.22714999999785093,31.3125,32.4375,36.79000000000002,0.0,0.0,0.0,0.0,0.0,20.0,0.3,0.1,0.2,0.1,0.4,0.1,0.1,0.1,0.5,0.0,55502.0,0.14958019530827718,0.0,65535.0,0.0784313725490196,0.0,0.0,0.0,0.0,0.0,0.0,0.0,0.0,0.0,0.0
149403.92,0.21172060747169683,0.0,16352.0,37.0,0.20064999999785912,31.375,32.4375,36.950000000000045,0.0,0.0,0.0,0.0,0.0,20.0,0.3,0.1,0.2,0.1,0.4,0.1,0.1,0.1,0.5,0.0,55391.0,0.1499341048184723,0.0,65535.0,0.07808041504539559,0.0,0.0,0.0,0.0,0.0,0.0,0.0,0.0,0.0,0.0
149463.96,0.21117360411039743,0.0,16352.0,37.0,0.18264999999785786,31.3125,32.4375,36.650000000000034,0.0,0.0,0.0,0.0,0.0,20.0,0.3,0.1,0.2,0.1,0.4,0.1,0.1,0.1,0.5,0.0,55654.0,0.1498903942214396,0.0,65535.0,0.07833981841763943,0.0,0.0,0.0,0.0,0.0,0.0,0.0,0.0,0.0,0.0
149524.0,0.2101011136968125,0.0,16352.0,37.0,0.23214999999785887,31.375,32.4375,36.77000000000004,0.0,0.0,0.0,0.0,0.0,20.0,0.3,0.1,0.2,0.1,0.4,0.1,0.1,0.1,0.5,0.0,55658.0,0.14944841711883286,0.0,65535.0,0.07833981841763943,0.0,0.0,0.0,0.0,0.0,0.0,0.0,0.0,0.0,0.0
149584.05,0.22246532460432766,0.0,16352.0,37.0,0.2460499999978488,31.375,32.4375,36.85000000000002,0.0,0.0,0.0,0.0,0.0,20.0,0.3,0.1,0.2,0.1,0.4,0.1,0.1,0.1,0.5,0.0,56324.0,0.14753923727008025,0.0,65535.0,0.07878233005264362,0.0,0.0,0.0,0.0,0.0,0.0,0.0,0.0,0.0,0.0
149644.09,0.2442074033698013,0.0,16352.0,37.0,0.1874499999978552,31.3125,32.4375,37.03000000000003,0.0,0.0,0.0,0.0,0.0,20.0,0.3,0.1,0.2,0.1,0.4,0.1,0.1,0.1,0.5,0.0,56250.0,0.14753777777777777,0.0,65535.0,0.07878233005264362,0.0,0.0,0.0,0.0,0.0,0.0,0.0,0.0,0.0,0.0
149704.14,0.2355555656807259,0.0,16352.0,37.0,0.18094999999784434,31.375,32.375,36.950000000000045,0.0,0.0,0.0,0.0,0.0,20.0,0.3,0.1,0.2,0.1,0.4,0.1,0.1,0.1,0.5,0.0,56265.0,0.1486181462721052,0.0,65535.0,0.07864499885557336,0.0,0.0,0.0,0.0,0.0,0.0,0.0,0.0,0.0,0.0
149764.18,0.21288928659656606,0.0,16352.0,37.0,0.200649999997854,31.3125,32.4375,36.89000000000004,0.0,0.0,0.0,0.0,0.0,20.0,0.3,0.1,0.2,0.1,0.4,0.1,0.1,0.1,0.5,0.0,56055.0,0.14828293640174828,0.0,65535.0,0.07856870374608987,0.0,0.0,0.0,0.0,0.0,0.0,0.0,0.0,0.0,0.0
149824.24,0.20235315869776654,0.0,16352.0,37.0,0.18354999999785276,31.3125,32.4375,36.870000000000005,0.0,0.0,0.0,0.0,0.0,20.0,0.3,0.1,0.2,0.1,0.4,0.1,0.1,0.1,0.5,0.0,55711.0,0.14950368867907596,0.0,65535.0,0.0780193789578088,0.0,0.0,0.0,0.0,0.0,0.0,0.0,0.0,0.0,0.0
149884.31,0.18497895849341986,0.0,16352.0,37.0,0.18024999999785235,31.3125,32.4375,36.97000000000003,0.0,0.0,0.0,0.0,0.0,20.0,0.3,0.1,0.2,0.1,0.4,0.1,0.1,0.1,0.5,0.0,55771.0,0.14932491796811964,0.0,65535.0,0.07864499885557336,0.0,0.0,0.0,0.0,0.0,0.0,0.0,0.0,0.0,0.0
149944.39,0.19089995313693459,0.0,16352.0,37.0,0.23494999999784352,31.1875,32.4375,36.650000000000034,0.0,0.0,0.0,0.0,0.0,20.0,0.3,0.1,0.2,0.1,0.4,0.1,0.1,0.1,0.5,0.0,55687.0,0.1501068471995259,0.0,65535.0,0.07835507743953612,0.0,0.0,0.0,0.0,0.0,0.0,0.0,0.0,0.0,0.0
150004.46,0.2256312705217821,0.0,16352.0,37.0,0.1814499999978504,31.3125,32.4375,36.85000000000002,0.0,0.0,0.0,0.0,0.0,20.0,0.3,0.1,0.2,0.1,0.4,0.1,0.1,0.1,0.5,0.0,56184.0,0.1490637904029617,0.0,65535.0,0.07920958266575112,0.0,0.0,0.0,0.0,0.0,0.0,0.0,0.0,0.0,0.0
150064.53,0.2158017809651574,0.0,16352.0,37.0,0.2161499999978464,31.3125,32.4375,36.77000000000004,0.0,0.0,0.0,0.0,0.0,20.0,0.3,0.1,0.2,0.1,0.4,0.1,0.1,0.1,0.5,0.0,55436.0,0.1502272891261996,0.0,65535.0,0.07823300526436255,0.0,0.0,0.0,0.0,0.0,0.0,0.0,0.0,0.0,0.0
150124.6,0.20597526144610254,0.0,16352.0,37.0,0.23034999999785108,31.3125,32.4375,36.85000000000002,0.0,0.0,0.0,0.0,0.0,20.0,0.3,0.1,0.2,0.1,0.4,0.1,0.1,0.1,0.5,0.0,55353.0,0.15106678951457012,0.0,65535.0,0.07862973983367666,0.0,0.0,0.0,0.0,0.0,0.0,0.0,0.0,0.0,0.0
150184.68,0.19667025920616002,0.0,16352.0,37.0,0.20354999999784446,31.3125,32.4375,36.79000000000002,0.0,0.0,0.0,0.0,0.0,20.0,0.3,0.1,0.2,0.1,0.4,0.1,0.1,0.1,0.5,0.0,55807.0,0.14947945598222445,0.0,65535.0,0.07849240863660639,0.0,0.0,0.0,0.0,0.0,0.0,0.0,0.0,0.0,0.0
150244.75,0.2029269189977104,0.0,16352.0,37.0,0.25944999999785046,31.25,32.4375,36.77000000000004,0.0,0.0,0.0,0.0,0.0,20.0,0.3,0.1,0.2,0.1,0.4,0.1,0.1,0.1,0.5,0.0,55853.0,0.14971442894741555,0.0,65535.0,0.07907225146868085,0.0,0.0,0.0,0.0,0.0,0.0,0.0,0.0,0.0,0.0
150304.83,0.22020753328816545,0.0,16352.0,37.0,0.1970499999978478,31.3125,32.4375,36.870000000000005,0.0,0.0,0.0,0.0,0.0,20.0,0.3,0.1,0.2,0.1,0.4,0.1,0.1,0.1,0.5,0.0,55526.0,0.1511183949861326,0.0,65535.0,0.07904173342488746,0.0,0.0,0.0,0.0,0.0,0.0,0.0,0.0,0.0,0.0
150364.9,0.22827138698188826,0.0,16352.0,37.0,0.21674999999784325,31.3125,32.4375,36.89000000000004,0.0,0.0,0.0,0.0,0.0,20.0,0.3,0.1,0.2,0.1,0.4,0.1,0.1,0.1,0.5,0.0,56142.0,0.14958498094118486,0.0,65535.0,0.07873655298695353,0.0,0.0,0.0,0.0,0.0,0.0,0.0,0.0,0.0,0.0
150424.98,0.22339003822271578,0.0,16352.0,37.0,0.20324999999784216,31.375,32.4375,36.63000000000005,0.0,0.0,0.0,0.0,0.0,20.0,0.3,0.1,0.2,0.1,0.4,0.1,0.1,0.1,0.5,0.0,56015.0,0.14913862358296884,0.0,65535.0,0.07852292668039978,0.0,0.0,0.0,0.0,0.0,0.0,0.0,0.0,0.0,0.0
150485.05,0.2268605964082803,0.0,16352.0,37.0,0.22974999999784732,31.375,32.4375,36.89000000000004,0.0,0.0,0.0,0.0,0.0,20.0,0.3,0.1,0.2,0.1,0.4,0.1,0.1,0.1,0.5,0.0,55711.0,0.1506704241532193,0.0,65535.0,0.07882810711833371,0.0,0.0,0.0,0.0,0.0,0.0,0.0,0.0,0.0,0.0
150545.13,0.21908382149202757,0.0,16352.0,37.0,0.2315499999978465,31.3125,32.4375,36.81,0.0,0.0,0.0,0.0,0.0,20.0,0.3,0.1,0.2,0.1,0.4,0.1,0.1,0.1,0.5,0.0,55876.0,0.15022549931992268,0.0,65535.0,0.07850766765850309,0.0,0.0,0.0,0.0,0.0,0.0,0.0,0.0,0.0,0.0
150605.18,0.2154669470811147,0.0,16352.0,37.0,0.22034999999784077,31.375,32.4375,36.73000000000002,0.0,0.0,0.0,0.0,0.0,20.0,0.3,0.1,0.2,0.1,0.4,0.1,0.1,0.1,0.5,0.0,56045.0,0.14971897582299937,0.0,65535.0,0.07821774624246586,0.0,0.0,0.0,0.0,0.0,0.0,0.0,0.0,0.0,0.0
150665.22,0.21966791475733402,0.0,16352.0,37.0,0.18654999999784394,31.375,32.4375,36.79000000000002,0.0,0.0,0.0,0.0,0.0,20.0,0.3,0.1,0.2,0.1,0.4,0.1,0.1,0.1,0.5,0.0,56350.0,0.14862466725820764,0.0,65535.0,0.07853818570229648,0.0,0.0,0.0,0.0,0.0,0.0,0.0,0.0,0.0,0.0
150725.29,0.23143334960479253,0.0,16352.0,37.0,0.18444999999784328,31.375,32.375,36.97000000000003,0.0,0.0,0.0,0.0,0.0,20.0,0.3,0.1,0.2,0.1,0.4,0.1,0.1,0.1,0.5,0.0,56669.0,0.14838800755263018,0.0,65535.0,0.07864499885557336,0.0,0.0,0.0,0.0,0.0,0.0,0.0,0.0,0.0,0.0
150785.35,0.21265989912829286,0.0,16352.0,37.0,0.20854999999783388,31.375,32.4375,36.710000000000036,0.0,0.0,0.0,0.0,0.0,20.0,0.3,0.1,0.2,0.1,0.4,0.1,0.1,0.1,0.5,0.0,56204.0,0.15036296349014305,0.0,65535.0,0.07913328755626764,0.0,0.0,0.0,0.0,0.0,0.0,0.0,0.0,0.0,0.0
150845.42,0.27095740329811546,0.0,16352.0,37.0,0.2259499999978331,31.3125,32.4375,36.870000000000005,0.0,0.0,0.0,0.0,0.0,20.0,0.3,0.1,0.2,0.1,0.4,0.1,0.1,0.1,0.5,0.0,56091.0,0.1498814426556845,0.0,65535.0,0.07869077592126345,0.0,0.0,0.0,0.0,0.0,0.0,0.0,0.0,0.0,0.0
150905.49,0.20928072145401805,0.0,16352.0,37.0,0.22594999999783225,31.3125,32.375,36.79000000000002,0.0,0.0,0.0,0.0,0.0,20.0,0.3,0.1,0.2,0.1,0.4,0.1,0.1,0.1,0.5,0.0,56369.0,0.14928418102148344,0.0,65535.0,0.07856870374608987,0.0,0.0,0.0,0.0,0.0,0.0,0.0,0.0,0.0,0.0
150965.56,0.19180899572279692,0.0,16352.0,37.0,0.21304999999783064,31.375,32.4375,36.85000000000002,0.0,0.0,0.0,0.0,0.0,20.0,0.3,0.1,0.2,0.1,0.4,0.1,0.1,0.1,0.5,0.0,56330.0,0.14977809337830642,0.0,65535.0,0.0788891432059205,0.0,0.0,0.0,0.0,0.0,0.0,0.0,0.0,0.0,0.0
151025.65,0.21415816014982908,0.0,16352.0,37.0,0.18094999999782801,31.375,32.4375,36.93000000000001,0.0,0.0,0.0,0.0,0.0,20.0,0.3,0.1,0.2,0.1,0.4,0.1,0.1,0.1,0.5,0.0,55643.0,0.15094441349316176,0.0,65535.0,0.07881284809643702,0.0,0.0,0.0,0.0,0.0,0.0,0.0,0.0,0.0,0.0
151085.71,0.22774833132632982,0.0,16352.0,37.0,0.17974999999782654,31.3125,32.4375,36.89000000000004,0.0,0.0,0.0,0.0,0.0,20.0,0.3,0.1,0.2,0.1,0.4,0.1,0.1,0.1,0.5,0.0,56671.0,0.14829454218206842,0.0,65535.0,0.07879758907454032,0.0,0.0,0.0,0.0,0.0,0.0,0.0,0.0,0.0,0.0
151145.78,0.24099109166763877,0.0,16352.0,37.0,0.22064999999783197,31.375,32.375,36.81,0.0,0.0,0.0,0.0,0.0,20.0,0.3,0.1,0.2,0.1,0.4,0.1,0.1,0.1,0.5,0.0,55813.0,0.15055632200383423,0.0,65535.0,0.07849240863660639,0.0,0.0,0.0,0.0,0.0,0.0,0.0,0.0,0.0,0.0
151205.86,0.2022233730982774,0.0,16352.0,37.0,0.2079499999978259,31.375,32.4375,36.93000000000001,0.0,0.0,0.0,0.0,0.0,20.0,0.3,0.1,0.2,0.1,0.4,0.1,0.1,0.1,0.5,0.0,55918.0,0.15082799814013376,0.0,65535.0,0.07875181200885023,0.0,0.0,0.0,0.0,0.0,0.0,0.0,0.0,0.0,0.0
151265.93,0.20580124173678305,0.0,16352.0,37.0,0.2188499999978302,31.3125,32.375,36.870000000000005,0.0,0.0,0.0,0.0,0.0,20.0,0.3,0.1,0.2,0.1,0.4,0.1,0.1,0.1,0.5,0.0,56175.0,0.1502981753449043,0.0,65535.0,0.07884336614023041,0.0,0.0,0.0,0.0,0.0,0.0,0.0,0.0,0.0,0.0
151325.97,0.19257255115819838,0.0,16352.0,37.0,0.2020499999978287,31.3125,32.4375,36.79000000000002,0.0,0.0,0.0,0.0,0.0,20.0,0.3,0.1,0.2,0.1,0.4,0.1,0.1,0.1,0.5,0.0,56072.0,0.15064559851619347,0.0,65535.0,0.07901121538109407,0.0,0.0,0.0,0.0,0.0,0.0,0.0,0.0,0.0,0.0
151386.02,0.21878038692281784,0.0,16352.0,37.0,0.2238499999978239,31.3125,32.4375,36.950000000000045,0.0,0.0,0.0,0.0,0.0,20.0,0.3,0.1,0.2,0.1,0.4,0.1,0.1,0.1,0.5,0.0,55718.0,0.15122581571484978,0.0,65535.0,0.07896543831540398,0.0,0.0,0.0,0.0,0.0,0.0,0.0,0.0,0.0,0.0
151446.06,0.22821718590168194,0.0,16352.0,37.0,0.18144999999783148,31.25,32.4375,36.97000000000003,0.0,0.005,0.25,0.0,0.0,20.0,0.3,0.1,0.2,0.1,0.4,0.1,0.1,0.1,0.5,0.0,55129.0,0.15300477062888862,0.0,65535.0,0.07956054016937514,0.0,0.0,0.0,0.0,0.0,0.0,0.0,0.0,0.0,0.0
151506.1,0.20416357388264217,0.0,16352.0,37.0,0.3551999999978309,31.25,32.4375,36.49000000000001,0.0,0.0,0.0,0.0,0.0,20.0,0.3,0.1,0.2,0.1,0.4,0.1,0.1,0.1,0.5,0.0,55012.0,0.15051261542936087,0.0,65535.0,0.07713435568780042,0.0,0.0,0.0,0.0,0.0,0.0,0.0,0.0,0.0,0.0
151566.15,0.19462321568181584,0.0,16352.0,37.0,0.24094999999782113,31.1875,32.4375,36.79000000000002,0.0,0.0,0.0,0.0,0.0,20.0,0.3,0.1,0.2,0.1,0.4,0.1,0.1,0.1,0.5,0.0,54852.0,0.15000364617516226,0.0,65535.0,0.07743953612573434,0.0,0.0,0.0,0.0,0.0,0.0,0.0,0.0,0.0,0.0
151626.19,0.1911505309113736,0.0,16352.0,37.0,0.19974999999782847,31.375,32.4375,36.93000000000001,0.0,0.0,0.0,0.0,0.0,20.0,0.3,0.1,0.2,0.1,0.4,0.1,0.1,0.1,0.5,0.0,55589.0,0.14803288420370936,0.0,65535.0,0.07724116884107729,0.0,0.0,0.0,0.0,0.0,0.0,0.0,0.0,0.0,0.0
151686.24,0.22313823807310698,0.0,16352.0,37.0,0.19354999999781733,31.375,32.4375,36.950000000000045,0.0,0.0,0.0,0.0,0.0,20.0,0.3,0.1,0.2,0.1,0.4,0.1,0.1,0.1,0.5,0.0,55215.0,0.14919858734039662,0.0,65535.0,0.07772945754177157,0.0,0.0,0.0,0.0,0.0,0.0,0.0,0.0,0.0,0.0
151746.28,0.18920838609661236,0.0,16352.0,37.0,0.18144999999782577,31.3125,32.375,36.81,0.0,0.0,0.0,0.0,0.0,20.0,0.3,0.1,0.2,0.1,0.4,0.1,0.1,0.1,0.5,0.0,55802.0,0.1483817784308806,0.0,65535.0,0.07739375906004425,0.0,0.0,0.0,0.0,0.0,0.0,0.0,0.0,0.0,0.0
151806.34,0.18227191775670626,0.0,16352.0,37.0,0.23434999999781686,31.375,32.4375,36.870000000000005,0.0,0.0,0.0,0.0,0.0,20.0,0.3,0.1,0.2,0.1,0.4,0.1,0.1,0.1,0.5,0.0,55255.0,0.14988688806442857,0.0,65535.0,0.07743953612573434,0.0,0.0,0.0,0.0,0.0,0.0,0.0,0.0,0.0,0.0
151866.4,0.21633268502746045,0.0,16352.0,37.0,0.2587499999978214,31.3125,32.4375,36.97000000000003,0.0,0.0,0.0,0.0,0.0,20.0,0.3,0.1,0.2,0.1,0.4,0.1,0.1,0.1,0.5,0.0,55670.0,0.1483923118376145,0.0,65535.0,0.07745479514763104,0.0,0.0,0.0,0.0,0.0,0.0,0.0,0.0,0.0,0.0
151926.46,0.1831923429537758,0.0,16352.0,37.0,0.20514999999782324,31.3125,32.375,36.89000000000004,0.0,0.0,0.0,0.0,0.0,20.0,0.3,0.1,0.2,0.1,0.4,0.1,0.1,0.1,0.5,0.0,55164.0,0.14944529040678703,0.0,65535.0,0.07711909666590372,0.0,0.0,0.0,0.0,0.0,0.0,0.0,0.0,0.0,0.0
151986.54,0.18839110416536045,0.0,16352.0,37.0,0.20304999999782258,31.3125,32.375,36.79000000000002,0.0,0.0,0.0,0.0,0.0,20.0,0.3,0.1,0.2,0.1,0.4,0.1,0.1,0.1,0.5,0.0,55035.0,0.15001362769146906,0.0,65535.0,0.07811093308918898,0.0,0.0,0.0,0.0,0.0,0.0,0.0,0.0,0.0,0.0
152046.61,0.20184714716380367,0.0,16352.0,37.0,0.17974999999781108,31.3125,32.375,36.89000000000004,0.0,0.0,0.0,0.0,0.0,20.0,0.3,0.1,0.2,0.1,0.4,0.1,0.1,0.1,0.5,0.0,55017.0,0.150317174691459,0.0,65535.0,0.07754634927901122,0.0,0.0,0.0,0.0,0.0,0.0,0.0,0.0,0.0,0.0
152106.68,0.16930665506922643,0.0,16352.0,37.0,0.24744999999782225,31.25,32.4375,36.710000000000036,0.0,0.0,0.0,0.0,0.0,20.0,0.3,0.1,0.2,0.1,0.4,0.1,0.1,0.1,0.5,0.0,55427.0,0.1492774279683187,0.0,65535.0,0.07753109025711452,0.0,0.0,0.0,0.0,0.0,0.0,0.0,0.0,0.0,0.0
152166.86,0.1731361546500486,0.0,16352.0,37.0,0.20214999999781996,31.3125,32.4375,37.110000000000014,0.0,0.0,0.0,0.0,0.0,20.0,0.3,0.1,0.2,0.1,0.4,0.1,0.1,0.1,0.5,0.0,55474.0,0.14961964163391858,0.0,65535.0,0.07757686732280461,0.0,0.0,0.0,0.0,0.0,0.0,0.0,0.0,0.0,0.0
152226.92,0.17578844414291,0.0,16352.0,37.0,0.17034999999781789,31.25,32.4375,36.950000000000045,0.0,0.0,0.0,0.0,0.0,20.0,0.3,0.1,0.2,0.1,0.4,0.1,0.1,0.1,0.5,0.0,55331.0,0.1496810106450272,0.0,65535.0,0.07775997558556497,0.0,0.0,0.0,0.0,0.0,0.0,0.0,0.0,0.0,0.0
152286.96,0.21642633517433568,0.0,16352.0,37.0,0.24804999999781996,31.25,32.4375,36.85000000000002,0.0,0.0,0.0,0.0,0.0,20.0,0.3,0.1,0.2,0.1,0.4,0.1,0.1,0.1,0.5,0.0,55591.0,0.14921480095698944,0.0,65535.0,0.07771419851987488,0.0,0.0,0.0,0.0,0.0,0.0,0.0,0.0,0.0,0.0
152347.0,0.18890745024751404,0.0,16352.0,37.0,0.20184999999781764,31.25,32.4375,36.870000000000005,0.0,0.0,0.0,0.0,0.0,20.0,0.3,0.1,0.2,0.1,0.4,0.1,0.1,0.1,0.5,0.0,55019.0,0.15014813064577692,0.0,65535.0,0.07730220492866408,0.0,0.0,0.0,0.0,0.0,0.0,0.0,0.0,0.0,0.0
152407.04,0.18954661019309663,0.0,16352.0,37.0,0.2239499999978126,31.3125,32.4375,37.05000000000001,0.0,0.0,0.0,0.0,0.0,20.0,0.3,0.1,0.2,0.1,0.4,0.1,0.1,0.1,0.5,0.0,55519.0,0.14980457140798645,0.0,65535.0,0.0772259098191806,0.0,0.0,0.0,0.0,0.0,0.0,0.0,0.0,0.0,0.0
152467.09,0.2058305811053696,0.0,16352.0,37.0,0.20244999999781624,31.375,32.4375,36.81,0.0,0.0,0.0,0.0,0.0,20.0,0.3,0.1,0.2,0.1,0.4,0.1,0.1,0.1,0.5,0.0,55647.0,0.1491005804445882,0.0,65535.0,0.07775997558556497,0.0,0.0,0.0,0.0,0.0,0.0,0.0,0.0,0.0,0.0
152527.15,0.2167477696758926,0.0,16352.0,37.0,0.22214999999781168,31.3125,32.4375,36.870000000000005,0.0,0.0,0.0,0.0,0.0,20.0,0.3,0.1,0.2,0.1,0.4,0.1,0.1,0.1,0.5,0.0,55557.0,0.1489281278686754,0.0,65535.0,0.07789730678263523,0.0,0.0,0.0,0.0,0.0,0.0,0.0,0.0,0.0,0.0
152587.2,0.21502638011006925,0.0,16352.0,37.0,0.18794999999780923,31.3125,32.4375,36.89000000000004,0.0,0.0,0.0,0.0,0.0,20.0,0.3,0.1,0.2,0.1,0.4,0.1,0.1,0.1,0.5,0.0,55646.0,0.14937282104733493,0.0,65535.0,0.07747005416952774,0.0,0.0,0.0,0.0,0.0,0.0,0.0,0.0,0.0,0.0
152647.26,0.23257229372321986,0.0,16352.0,37.0,0.2094499999978039,31.375,32.4375,36.79000000000002,0.0,0.0,0.0,0.0,0.0,20.0,0.3,0.1,0.2,0.1,0.4,0.1,0.1,0.1,0.5,0.0,55634.0,0.15035769493475212,0.0,65535.0,0.07785152971694514,0.0,0.0,0.0,0.0,0.0,0.0,0.0,0.0,0.0,0.0
152707.3,0.20378860571823018,0.0,16352.0,37.0,0.18354999999781152,31.375,32.4375,36.870000000000005,0.0,0.0,0.0,0.0,0.0,20.0,0.3,0.1,0.2,0.1,0.4,0.1,0.1,0.1,0.5,0.0,55284.0,0.15031473844150206,0.0,65535.0,0.07748531319142443,0.0,0.0,0.0,0.0,0.0,0.0,0.0,0.0,0.0,0.0
152767.46,0.2271893292897646,0.0,16352.0,37.0,0.2038499999978064,31.375,32.4375,36.73000000000002,0.0,0.0,0.0,0.0,0.0,20.0,0.3,0.1,0.2,0.1,0.4,0.1,0.1,0.1,0.5,0.0,55536.0,0.1500648228176318,0.0,65535.0,0.07747005416952774,0.0,0.0,0.0,0.0,0.0,0.0,0.0,0.0,0.0,0.0
152827.54,0.2135591409505761,0.0,16352.0,37.0,0.17764999999779924,31.3125,32.4375,36.85000000000002,0.0,0.0,0.0,0.0,0.0,20.0,0.3,0.1,0.2,0.1,0.4,0.1,0.1,0.1,0.5,0.0,55367.0,0.15041450683620208,0.0,65535.0,0.07757686732280461,0.0,0.0,0.0,0.0,0.0,0.0,0.0,0.0,0.0,0.0
152887.58,0.19633275647485027,0.0,16352.0,37.0,0.25734999999781116,31.3125,32.4375,36.79000000000002,0.0,0.0,0.0,0.0,0.0,20.0,0.3,0.1,0.2,0.1,0.4,0.1,0.1,0.1,0.5,0.0,55049.0,0.1513560645969954,0.0,65535.0,0.07792782482642863,0.0,0.0,0.0,0.0,0.0,0.0,0.0,0.0,0.0,0.0
152947.66,0.21374644081303668,0.0,16352.0,37.0,0.2288499999978095,31.3125,32.4375,36.710000000000036,0.0,0.0,0.0,0.0,0.0,20.0,0.3,0.1,0.2,0.1,0.4,0.1,0.1,0.1,0.5,0.0,55423.0,0.1505331721487469,0.0,65535.0,0.0775921263447013,0.0,0.0,0.0,0.0,0.0,0.0,0.0,0.0,0.0,0.0
153007.69,0.20100571209277557,0.0,16352.0,37.0,0.15644999999780088,31.3125,32.4375,36.950000000000045,0.0,0.0,0.0,0.0,0.0,20.0,0.3,0.1,0.2,0.1,0.4,0.1,0.1,0.1,0.5,0.0,55615.0,0.1499056010069226,0.0,65535.0,0.07783627069504845,0.0,0.0,0.0,0.0,0.0,0.0,0.0,0.0,0.0,0.0
153067.74,0.1808579531193508,0.0,16352.0,37.0,0.19404999999780675,31.25,32.375,36.77000000000004,0.0,0.0,0.0,0.0,0.0,20.0,0.3,0.1,0.2,0.1,0.4,0.1,0.1,0.1,0.5,0.0,55581.0,0.1502311941130962,0.0,65535.0,0.07786678873884184,0.0,0.0,0.0,0.0,0.0,0.0,0.0,0.0,0.0,0.0
153127.8,0.21377690193736917,0.0,16352.0,37.0,0.2650499999978041,31.3125,32.4375,36.81,0.0,0.0,0.0,0.0,0.0,20.0,0.3,0.1,0.2,0.1,0.4,0.1,0.1,0.1,0.5,0.0,55810.0,0.1496685181867049,0.0,65535.0,0.07789730678263523,0.0,0.0,0.0,0.0,0.0,0.0,0.0,0.0,0.0,0.0
153187.88,0.19100012219844228,0.0,16352.0,37.0,0.25094999999780276,31.3125,32.375,36.81,0.0,0.0,0.0,0.0,0.0,20.0,0.3,0.1,0.2,0.1,0.4,0.1,0.1,0.1,0.5,0.0,55192.0,0.15103638208436004,0.0,65535.0,0.07780575265125506,0.0,0.0,0.0,0.0,0.0,0.0,0.0,0.0,0.0,0.0
153247.95,0.18552394222138582,0.0,16352.0,37.0,0.24064999999779618,31.3125,32.375,36.85000000000002,0.0,0.0,0.0,0.0,0.0,20.0,0.3,0.1,0.2,0.1,0.4,0.1,0.1,0.1,0.5,0.0,56299.0,0.1487060160926482,0.0,65535.0,0.077607385366598,0.0,0.0,0.0,0.0,0.0,0.0,0.0,0.0,0.0,0.0
153308.02,0.19121178712098216,0.0,16352.0,37.0,0.18444999999780295,31.3125,32.4375,36.77000000000004,0.0,0.0,0.0,0.0,0.0,20.0,0.3,0.1,0.2,0.1,0.4,0.1,0.1,0.1,0.5,0.0,55074.0,0.15163234920289065,0.0,65535.0,0.07811093308918898,0.0,0.0,0.0,0.0,0.0,0.0,0.0,0.0,0.0,0.0
