exp_time,od_measured,od_setpoint,od_zero_setpoint,thermostat_setpoint,heating_rate,internal_air_temp,external_air_temp,media_temp,opt_gen_act_int,pump_1_rate,pump_2_rate,pump_3_rate,pump_4_rate,media_vol,stirring_rate,LED_395nm_setpoint,LED_457nm_setpoint,LED_500nm_setpoint,LED_523nm_setpoint,LED_595nm_setpoint,LED_623nm_setpoint,LED_6500K_setpoint,laser_setpoint,LED_UV_int,FP1_base,FP1_emit1,FP1_emit2,FP2_base,FP2_emit1,FP2_emit2,FP3_base,FP3_emit1,FP3_emit2,custom_prog_param1,custom_prog_param2,custom_prog_param3,custom_prog_status,zigzag_target,growth_rate
0.19,0.8836979567199794,0.0,22194.0,37.0,1.0,23.375,32.125,22.07000000000005,0.0,0.0,0.0,0.0,0.0,20.0,0.3,0.1,0.2,0.1,0.4,0.1,0.1,0.1,0.5,0.0,59198.0,0.051336193790330754,0.0,45903.0,0.04635862579787813,0.0,0.0,0.0,0.0,0.0,0.0,0.0,0.0,0.0,0.0
60.25,0.8276370648693792,0.0,22194.0,37.0,1.0,23.5625,32.0625,23.710000000000036,0.0,0.0,0.0,0.0,0.0,20.0,0.3,0.1,0.2,0.1,0.4,0.1,0.1,0.1,0.5,0.0,57443.0,0.052086416099437705,0.0,44556.0,0.04681748810485681,0.0,0.0,0.0,0.0,0.0,0.0,0.0,0.0,0.0,0.0
120.31,0.876936701510008,0.0,22194.0,37.0,1.0,24.25,32.0625,25.810000000000002,0.0,0.0,0.0,0.0,0.0,20.0,0.3,0.1,0.2,0.1,0.4,0.1,0.1,0.1,0.5,0.0,57521.0,0.051598546617756993,0.0,44710.0,0.0466338626705435,0.0,0.0,0.0,0.0,0.0,0.0,0.0,0.0,0.0,0.0
180.39,0.8349046528814936,0.0,22194.0,37.0,1.0,25.125,32.0625,28.010000000000048,0.0,0.0,0.0,0.0,0.0,20.0,0.3,0.1,0.2,0.1,0.4,0.1,0.1,0.1,0.5,0.0,58831.0,0.05026261664768574,0.0,44924.0,0.04641171756744725,0.0,0.0,0.0,0.0,0.0,0.0,0.0,0.0,0.0,0.0
240.43,0.8833392281111871,0.0,22194.0,37.0,1.0,26.0,32.0625,30.230000000000018,0.0,0.0,0.0,0.0,0.0,20.0,0.3,0.1,0.2,0.1,0.4,0.1,0.1,0.1,0.5,0.0,56851.0,0.05064114967194948,0.0,44709.0,0.04650070455612964,0.0,0.0,0.0,0.0,0.0,0.0,0.0,0.0,0.0,0.0
300.49,0.8361280894797363,0.0,22194.0,37.0,1.0,26.9375,32.0625,32.210000000000036,0.0,0.0,0.0,0.0,0.0,20.0,0.3,0.1,0.2,0.1,0.4,0.1,0.1,0.1,0.5,0.0,56907.0,0.04985326936932188,0.0,45428.0,0.046182970854979306,0.0,0.0,0.0,0.0,0.0,0.0,0.0,0.0,0.0,0.0
360.57,0.8502058288128893,0.0,22194.0,37.0,1.0,28.0,32.125,34.170000000000016,0.0,0.0,0.0,0.0,0.0,20.0,0.3,0.1,0.2,0.1,0.4,0.1,0.1,0.1,0.5,0.0,57623.0,0.04892143762039464,0.0,44682.0,0.046282619399310686,0.0,0.0,0.0,0.0,0.0,0.0,0.0,0.0,0.0,0.0
420.63,0.8512669178328849,0.0,22194.0,37.0,0.3070999999999981,28.8125,32.125,36.210000000000036,0.0,0.0,0.0,0.0,0.0,20.0,0.3,0.1,0.2,0.1,0.4,0.1,0.1,0.1,0.5,0.0,58657.0,0.048042006921595035,0.0,44453.0,0.046273592333475805,0.0,0.0,0.0,0.0,0.0,0.0,0.0,0.0,0.0,0.0
480.68,0.839028095536953,0.0,22194.0,37.0,0.14439999999998576,29.4375,32.1875,36.39000000000004,0.0,0.0,0.0,0.0,0.0,20.0,0.3,0.1,0.2,0.1,0.4,0.1,0.1,0.1,0.5,0.0,57834.0,0.04834526403153854,0.0,44556.0,0.04648083310889667,0.0,0.0,0.0,0.0,0.0,0.0,0.0,0.0,0.0,0.0
540.74,0.8635888297282621,0.0,22194.0,37.0,0.17169999999998536,29.8125,32.25,36.53000000000003,0.0,0.0,0.0,0.0,0.0,20.0,0.3,0.1,0.2,0.1,0.4,0.1,0.1,0.1,0.5,0.0,58722.0,0.048073975682027176,0.0,44381.0,0.04657398436267772,0.0,0.0,0.0,0.0,0.0,0.0,0.0,0.0,0.0,0.0
600.81,0.8861387780613369,0.0,22194.0,37.0,0.21459999999998502,30.0,32.25,36.47000000000003,0.0,0.0,0.0,0.0,0.0,20.0,0.3,0.1,0.2,0.1,0.4,0.1,0.1,0.1,0.5,0.0,58690.0,0.04842392230362924,0.0,44192.0,0.046841057204923965,0.0,0.0,0.0,0.0,0.0,0.0,0.0,0.0,0.0,0.0
660.87,0.8691951450224641,0.0,22194.0,37.0,0.19929999999998244,30.1875,32.1875,36.57000000000005,0.0,0.0,0.0,0.0,0.0,20.0,0.3,0.1,0.2,0.1,0.4,0.1,0.1,0.1,0.5,0.0,58171.0,0.04877000567292981,0.0,44994.0,0.04669511490420945,0.0,0.0,0.0,0.0,0.0,0.0,0.0,0.0,0.0,0.0
720.91,0.8379072362424249,0.0,22194.0,37.0,0.1464999999999938,30.375,32.25,36.53000000000003,0.0,0.0,0.0,0.0,0.0,20.0,0.3,0.1,0.2,0.1,0.4,0.1,0.1,0.1,0.5,0.0,58339.0,0.04886953838769948,0.0,44912.0,0.04682490203063769,0.0,0.0,0.0,0.0,0.0,0.0,0.0,0.0,0.0,0.0
780.96,0.8750852092361845,0.0,22194.0,37.0,0.22179999999998073,30.5,32.25,36.57000000000005,0.0,0.0,0.0,0.0,0.0,20.0,0.3,0.1,0.2,0.1,0.4,0.1,0.1,0.1,0.5,0.0,59045.0,0.048352951138961806,0.0,44812.0,0.04695170936356333,0.0,0.0,0.0,0.0,0.0,0.0,0.0,0.0,0.0,0.0
841.0,0.8429589140746234,0.0,22194.0,37.0,0.18049999999998248,30.5625,32.25,36.73000000000002,0.0,0.0,0.0,0.0,0.0,20.0,0.3,0.1,0.2,0.1,0.4,0.1,0.1,0.1,0.5,0.0,58225.0,0.04893087161872048,0.0,45133.0,0.0470165953958301,0.0,0.0,0.0,0.0,0.0,0.0,0.0,0.0,0.0,0.0
901.08,0.8855019647847704,0.0,22194.0,37.0,0.18829999999998137,30.625,32.25,36.690000000000055,0.0,0.0,0.0,0.0,0.0,20.0,0.3,0.1,0.2,0.1,0.4,0.1,0.1,0.1,0.5,0.0,58204.0,0.049017249673561955,0.0,44811.0,0.047131284729195956,0.0,0.0,0.0,0.0,0.0,0.0,0.0,0.0,0.0,0.0
961.15,0.8651780426910742,0.0,22194.0,37.0,0.20759999999998568,30.6875,32.3125,36.63000000000005,0.0,0.0,0.0,0.0,0.0,20.0,0.3,0.1,0.2,0.1,0.4,0.1,0.1,0.1,0.5,0.0,58020.0,0.049086521889003795,0.0,44795.0,0.047237414890054695,0.0,0.0,0.0,0.0,0.0,0.0,0.0,0.0,0.0,0.0
1021.21,0.8416136779193844,0.0,22194.0,37.0,0.24989999999998588,30.75,32.3125,36.73000000000002,0.0,0.0,0.0,0.0,0.0,20.0,0.3,0.1,0.2,0.1,0.4,0.1,0.1,0.1,0.5,0.0,58976.0,0.048833423765599564,0.0,44768.0,0.04728824160114367,0.0,0.0,0.0,0.0,0.0,0.0,0.0,0.0,0.0,0.0
1081.27,0.8721418187303249,0.0,22194.0,37.0,0.18669999999998738,30.875,32.3125,36.77000000000004,0.0,0.0,0.0,0.0,0.0,20.0,0.3,0.1,0.2,0.1,0.4,0.1,0.1,0.1,0.5,0.0,58095.0,0.04921249677252776,0.0,45013.0,0.047208584186790484,0.0,0.0,0.0,0.0,0.0,0.0,0.0,0.0,0.0,0.0
1141.35,0.8548318329303427,0.0,22194.0,37.0,0.13349999999997975,30.875,32.25,37.01000000000005,0.0,0.0,0.0,0.0,0.0,20.0,0.3,0.1,0.2,0.1,0.4,0.1,0.1,0.1,0.5,0.0,58914.0,0.048850867365991105,0.0,45057.0,0.047273453625407816,0.0,0.0,0.0,0.0,0.0,0.0,0.0,0.0,0.0,0.0
1201.42,0.8828712683393991,0.0,22194.0,37.0,0.17329999999997536,30.9375,32.25,36.53000000000003,0.0,0.0,0.0,0.0,0.0,20.0,0.3,0.1,0.2,0.1,0.4,0.1,0.1,0.1,0.5,0.0,57477.0,0.04979383057570855,0.0,44956.0,0.0472461962808079,0.0,0.0,0.0,0.0,0.0,0.0,0.0,0.0,0.0,0.0
1261.51,0.8914295659319442,0.0,22194.0,37.0,0.15859999999997368,31.0,32.25,36.77000000000004,0.0,0.0,0.0,0.0,0.0,20.0,0.3,0.1,0.2,0.1,0.4,0.1,0.1,0.1,0.5,0.0,59858.0,0.04866517424571486,0.0,45335.0,0.04718208889379067,0.0,0.0,0.0,0.0,0.0,0.0,0.0,0.0,0.0,0.0
1321.58,0.8436869834989825,0.0,22194.0,37.0,0.19779999999998407,31.0625,32.25,36.77000000000004,0.0,0.0,0.0,0.0,0.0,20.0,0.3,0.1,0.2,0.1,0.4,0.1,0.1,0.1,0.5,0.0,58930.0,0.049244866791108094,0.0,45195.0,0.04730611793339971,0.0,0.0,0.0,0.0,0.0,0.0,0.0,0.0,0.0,0.0
1381.66,0.8614704632441444,0.0,22194.0,37.0,0.16549999999997253,31.0625,32.25,36.97000000000003,0.0,0.0,0.0,0.0,0.0,20.0,0.3,0.1,0.2,0.1,0.4,0.1,0.1,0.1,0.5,0.0,58366.0,0.04966932803344413,0.0,44974.0,0.04733846222261751,0.0,0.0,0.0,0.0,0.0,0.0,0.0,0.0,0.0,0.0
1441.71,0.8574014746729388,0.0,22194.0,37.0,0.1445999999999756,31.125,32.25,36.73000000000002,0.0,0.0,0.0,0.0,0.0,20.0,0.3,0.1,0.2,0.1,0.4,0.1,0.1,0.1,0.5,0.0,59148.0,0.049266247379454925,0.0,45587.0,0.04722837651084739,0.0,0.0,0.0,0.0,0.0,0.0,0.0,0.0,0.0,0.0
1501.75,0.8113350791269408,0.0,22194.0,37.0,0.20199999999998194,31.125,32.3125,36.870000000000005,0.0,0.0,0.0,0.0,0.0,20.0,0.3,0.1,0.2,0.1,0.4,0.1,0.1,0.1,0.5,0.0,59137.0,0.04935996076906167,0.0,45413.0,0.04721115099200669,0.0,0.0,0.0,0.0,0.0,0.0,0.0,0.0,0.0,0.0
1561.79,0.8106758717944867,0.0,22194.0,37.0,0.17089999999997016,31.1875,32.3125,36.73000000000002,0.0,0.0,0.0,0.0,0.0,20.0,0.3,0.1,0.2,0.1,0.4,0.1,0.1,0.1,0.5,0.0,58842.0,0.04950545528703987,0.0,45464.0,0.04711420024634876,0.0,0.0,0.0,0.0,0.0,0.0,0.0,0.0,0.0,0.0
1621.86,0.844955056900861,0.0,22194.0,37.0,0.1938999999999802,31.25,32.3125,36.97000000000003,0.0,0.0,0.0,0.0,0.0,20.0,0.3,0.1,0.2,0.1,0.4,0.1,0.1,0.1,0.5,0.0,59096.0,0.049648030323541356,0.0,45392.0,0.047210962284102924,0.0,0.0,0.0,0.0,0.0,0.0,0.0,0.0,0.0,0.0
1681.93,0.819366281378506,0.0,22194.0,37.0,0.19039999999996915,31.25,32.3125,36.73000000000002,0.0,0.0,0.0,0.0,0.0,20.0,0.3,0.1,0.2,0.1,0.4,0.1,0.1,0.1,0.5,0.0,60299.0,0.049155044030580936,0.0,45917.0,0.04719384977241545,0.0,0.0,0.0,0.0,0.0,0.0,0.0,0.0,0.0,0.0
1742.01,0.8431431074199615,0.0,22194.0,37.0,0.17359999999996767,31.375,32.3125,36.79000000000002,0.0,0.0,0.0,0.0,0.0,20.0,0.3,0.1,0.2,0.1,0.4,0.1,0.1,0.1,0.5,0.0,60110.0,0.049459324571618696,0.0,45671.0,0.04727288651441834,0.0,0.0,0.0,0.0,0.0,0.0,0.0,0.0,0.0,0.0
1802.05,0.8222424081183315,0.0,22194.0,37.0,0.14859999999997534,31.3125,32.375,37.01000000000005,0.0,0.0,0.0,0.0,0.0,20.0,0.3,0.1,0.2,0.1,0.4,0.1,0.1,0.1,0.5,0.0,59195.0,0.04981839682405609,0.0,45555.0,0.047129843046866425,0.0,0.0,0.0,0.0,0.0,0.0,0.0,0.0,0.0,0.0
1862.09,0.8446767342811905,0.0,22194.0,37.0,0.19539999999997623,31.375,32.375,36.81,0.0,0.0,0.0,0.0,0.0,20.0,0.3,0.1,0.2,0.1,0.4,0.1,0.1,0.1,0.5,0.0,59010.0,0.05005931198102016,0.0,45524.0,0.04720586943150865,0.0,0.0,0.0,0.0,0.0,0.0,0.0,0.0,0.0,0.0
1922.14,0.8228683950134803,0.0,22194.0,37.0,0.15359999999996904,31.375,32.375,36.93000000000001,0.0,0.0,0.0,0.0,0.0,20.0,0.3,0.1,0.2,0.1,0.4,0.1,0.1,0.1,0.5,0.0,59732.0,0.04972209201098239,0.0,45273.0,0.047357144434872885,0.0,0.0,0.0,0.0,0.0,0.0,0.0,0.0,0.0,0.0
1982.22,0.8832141922705888,0.0,22194.0,37.0,0.18479999999996907,31.4375,32.375,36.870000000000005,0.0,0.0,0.0,0.0,0.0,20.0,0.3,0.1,0.2,0.1,0.4,0.1,0.1,0.1,0.5,0.0,58941.0,0.05028757571130452,0.0,45580.0,0.04714787187362878,0.0,0.0,0.0,0.0,0.0,0.0,0.0,0.0,0.0,0.0
2042.28,0.8935909868163046,0.0,22194.0,37.0,0.14649999999997207,31.4375,32.375,36.93000000000001,0.0,0.0,0.0,0.0,0.0,20.0,0.3,0.1,0.2,0.1,0.4,0.1,0.1,0.1,0.5,0.0,59441.0,0.050066452448646555,0.0,46076.0,0.047009289000781315,0.0,0.0,0.0,0.0,0.0,0.0,0.0,0.0,0.0,0.0
2102.32,0.8493446448130251,0.0,22194.0,37.0,0.187699999999963,31.4375,32.375,36.81,0.0,0.0,0.0,0.0,0.0,20.0,0.3,0.1,0.2,0.1,0.4,0.1,0.1,0.1,0.5,0.0,59941.0,0.050015848918102804,0.0,45635.0,0.047178700558781636,0.0,0.0,0.0,0.0,0.0,0.0,0.0,0.0,0.0,0.0
2162.39,0.8305324849733289,0.0,22194.0,37.0,0.1747999999999614,31.4375,32.4375,36.97000000000003,0.0,0.0,0.0,0.0,0.0,20.0,0.3,0.1,0.2,0.1,0.4,0.1,0.1,0.1,0.5,0.0,59375.0,0.05044210526315789,0.0,45811.0,0.04708476130187073,0.0,0.0,0.0,0.0,0.0,0.0,0.0,0.0,0.0,0.0
2222.43,0.8819995212451699,0.0,22194.0,37.0,0.18389999999996562,31.5,32.375,36.77000000000004,0.0,0.0,0.0,0.0,0.0,20.0,0.3,0.1,0.2,0.1,0.4,0.1,0.1,0.1,0.5,0.0,60036.0,0.05021986807915251,0.0,45957.0,0.04708749483212568,0.0,0.0,0.0,0.0,0.0,0.0,0.0,0.0,0.0,0.0
2282.51,0.8416001096011904,0.0,22194.0,37.0,0.1888999999999602,31.4375,32.375,36.93000000000001,0.0,0.0,0.0,0.0,0.0,20.0,0.3,0.1,0.2,0.1,0.4,0.1,0.1,0.1,0.5,0.0,60746.0,0.04997859941395318,0.0,46137.0,0.04716388148340811,0.0,0.0,0.0,0.0,0.0,0.0,0.0,0.0,0.0,0.0
2342.59,0.8912436995851934,0.0,22194.0,37.0,0.18749999999996403,31.5,32.4375,36.81,0.0,0.0,0.0,0.0,0.0,20.0,0.3,0.1,0.2,0.1,0.4,0.1,0.1,0.1,0.5,0.0,60031.0,0.05042394762705935,0.0,46864.0,0.046773642881529534,0.0,0.0,0.0,0.0,0.0,0.0,0.0,0.0,0.0,0.0
2402.67,0.8185991970971636,0.0,22194.0,37.0,0.1683999999999672,31.5,32.4375,36.950000000000045,0.0,0.0,0.0,0.0,0.0,20.0,0.3,0.1,0.2,0.1,0.4,0.1,0.1,0.1,0.5,0.0,60127.0,0.050459859963078155,0.0,46212.0,0.04693586081537263,0.0,0.0,0.0,0.0,0.0,0.0,0.0,0.0,0.0,0.0
2462.74,0.8668280918424416,0.0,22194.0,37.0,0.17339999999996178,31.5,32.4375,37.01000000000005,0.0,0.0,0.0,0.0,0.0,20.0,0.3,0.1,0.2,0.1,0.4,0.1,0.1,0.1,0.5,0.0,60111.0,0.05053983463925072,0.0,46326.0,0.04692829080861719,0.0,0.0,0.0,0.0,0.0,0.0,0.0,0.0,0.0,0.0
2522.81,0.8779911630819242,0.0,22194.0,37.0,0.16809999999996575,31.5625,32.5,37.01000000000005,0.0,0.0,0.0,0.0,0.0,20.0,0.3,0.1,0.2,0.1,0.4,0.1,0.1,0.1,0.5,0.0,59668.0,0.05104913856673594,0.0,45940.0,0.04699608184588594,0.0,0.0,0.0,0.0,0.0,0.0,0.0,0.0,0.0,0.0
2582.88,0.8600626429162687,0.0,22194.0,37.0,0.15719999999995973,31.5625,32.5,37.01000000000005,0.0,0.0,0.0,0.0,0.0,20.0,0.3,0.1,0.2,0.1,0.4,0.1,0.1,0.1,0.5,0.0,60023.0,0.05096379721106909,0.0,46511.0,0.046956633914557844,0.0,0.0,0.0,0.0,0.0,0.0,0.0,0.0,0.0,0.0
2642.95,0.8434775015310538,0.0,22194.0,37.0,0.1599999999999646,31.5625,32.5,36.93000000000001,0.0,0.0,0.0,0.0,0.0,20.0,0.3,0.1,0.2,0.1,0.4,0.1,0.1,0.1,0.5,0.0,59845.0,0.051132091235692206,0.0,46422.0,0.04685278531730645,0.0,0.0,0.0,0.0,0.0,0.0,0.0,0.0,0.0,0.0
2703.03,0.8378136785664709,0.0,22194.0,37.0,0.2073999999999658,31.5625,32.5,36.97000000000003,0.0,0.0,0.0,0.0,0.0,20.0,0.3,0.1,0.2,0.1,0.4,0.1,0.1,0.1,0.5,0.0,60211.0,0.051153443722907775,0.0,46237.0,0.04688885524579882,0.0,0.0,0.0,0.0,0.0,0.0,0.0,0.0,0.0,0.0
2763.1,0.8750760805618647,0.0,22194.0,37.0,0.18859999999995447,31.5625,32.5,36.870000000000005,0.0,0.0,0.0,0.0,0.0,20.0,0.3,0.1,0.2,0.1,0.4,0.1,0.1,0.1,0.5,0.0,60989.0,0.050845234386528715,0.0,46440.0,0.04696382428940569,0.0,0.0,0.0,0.0,0.0,0.0,0.0,0.0,0.0,0.0
2823.17,0.826952242179992,0.0,22194.0,37.0,0.16619999999995722,31.5625,32.4375,36.870000000000005,0.0,0.0,0.0,0.0,0.0,20.0,0.3,0.1,0.2,0.1,0.4,0.1,0.1,0.1,0.5,0.0,60156.0,0.05146618791143028,0.0,46640.0,0.04691252144082333,0.0,0.0,0.0,0.0,0.0,0.0,0.0,0.0,0.0,0.0
2883.25,0.8209163479865141,0.0,22194.0,37.0,0.18149999999995667,31.5625,32.5,36.97000000000003,0.0,0.0,0.0,0.0,0.0,20.0,0.3,0.1,0.2,0.1,0.4,0.1,0.1,0.1,0.5,0.0,60285.0,0.05155511321224185,0.0,46432.0,0.04688576843556168,0.0,0.0,0.0,0.0,0.0,0.0,0.0,0.0,0.0,0.0
2943.31,0.821515924607909,0.0,22194.0,37.0,0.15939999999996,31.5625,32.5625,37.01000000000005,0.0,0.0,0.0,0.0,0.0,20.0,0.3,0.1,0.2,0.1,0.4,0.1,0.1,0.1,0.5,0.0,60404.0,0.05168531885305609,0.0,46737.0,0.04679376083188908,0.0,0.0,0.0,0.0,0.0,0.0,0.0,0.0,0.0,0.0
3003.38,0.8739623865619418,0.0,22194.0,37.0,0.2253999999999619,31.625,32.5,36.93000000000001,0.0,0.0,0.0,0.0,0.0,20.0,0.3,0.1,0.2,0.1,0.4,0.1,0.1,0.1,0.5,0.0,60458.0,0.05175493731185286,0.0,46648.0,0.04692591322243183,0.0,0.0,0.0,0.0,0.0,0.0,0.0,0.0,0.0,0.0
3063.42,0.8202309784356057,0.0,22194.0,37.0,0.17069999999995394,31.625,32.5,37.01000000000005,0.0,0.0,0.0,0.0,0.0,20.0,0.3,0.1,0.2,0.1,0.4,0.1,0.1,0.1,0.5,0.0,60684.0,0.05171050029661855,0.0,46523.0,0.04685854308621542,0.0,0.0,0.0,0.0,0.0,0.0,0.0,0.0,0.0,0.0
3123.5,0.8617242054536971,0.0,22194.0,37.0,0.16239999999995808,31.625,32.5625,37.03000000000003,0.0,0.0,0.0,0.0,0.0,20.0,0.3,0.1,0.2,0.1,0.4,0.1,0.1,0.1,0.5,0.0,60477.0,0.052102452171900064,0.0,46600.0,0.04686695278969957,0.0,0.0,0.0,0.0,0.0,0.0,0.0,0.0,0.0,0.0
3183.55,0.8839124193324107,0.0,22194.0,37.0,0.16739999999995267,31.625,32.5,37.03000000000003,0.0,0.0,0.0,0.0,0.0,20.0,0.3,0.1,0.2,0.1,0.4,0.1,0.1,0.1,0.5,0.0,61225.0,0.05180890159248673,0.0,46458.0,0.04690257867321021,0.0,0.0,0.0,0.0,0.0,0.0,0.0,0.0,0.0,0.0
3243.59,0.8809286572533176,0.0,22194.0,37.0,0.1611999999999566,31.625,32.5625,36.97000000000003,0.0,0.0,0.0,0.0,0.0,20.0,0.3,0.1,0.2,0.1,0.4,0.1,0.1,0.1,0.5,0.0,61603.0,0.051848124279661706,0.0,46609.0,0.04681499281254693,0.0,0.0,0.0,0.0,0.0,0.0,0.0,0.0,0.0,0.0
3303.64,0.8255899725253203,0.0,22194.0,37.0,0.19179999999995717,31.625,32.5625,36.89000000000004,0.0,0.0,0.0,0.0,0.0,20.0,0.3,0.1,0.2,0.1,0.4,0.1,0.1,0.1,0.5,0.0,60066.0,0.05310824759431292,0.0,46785.0,0.046745751843539594,0.0,0.0,0.0,0.0,0.0,0.0,0.0,0.0,0.0,0.0
3363.71,0.8657980695319087,0.0,22194.0,37.0,0.1626999999999552,31.5625,32.625,36.85000000000002,0.0,0.0,0.0,0.0,0.0,20.0,0.3,0.1,0.2,0.1,0.4,0.1,0.1,0.1,0.5,0.0,61075.0,0.05257470323372902,0.0,46791.0,0.04669701438310786,0.0,0.0,0.0,0.0,0.0,0.0,0.0,0.0,0.0,0.0
3423.77,0.8193603206628008,0.0,22194.0,37.0,0.1517999999999492,31.625,32.625,36.97000000000003,0.0,0.0,0.0,0.0,0.0,20.0,0.3,0.1,0.2,0.1,0.4,0.1,0.1,0.1,0.5,0.0,61394.0,0.05238296901977392,0.0,46909.0,0.04668613698863758,0.0,0.0,0.0,0.0,0.0,0.0,0.0,0.0,0.0,0.0
3483.83,0.8271925319023341,0.0,22194.0,37.0,0.18269999999994951,31.625,32.5625,37.03000000000003,0.0,0.0,0.0,0.0,0.0,20.0,0.3,0.1,0.2,0.1,0.4,0.1,0.1,0.1,0.5,0.0,61483.0,0.052632434982027555,0.0,46837.0,0.046693853150287165,0.0,0.0,0.0,0.0,0.0,0.0,0.0,0.0,0.0,0.0
3543.87,0.8454145171943546,0.0,22194.0,37.0,0.21359999999994983,31.625,32.625,36.870000000000005,0.0,0.0,0.0,0.0,0.0,20.0,0.3,0.1,0.2,0.1,0.4,0.1,0.1,0.1,0.5,0.0,62339.0,0.05243908307800895,0.0,46861.0,0.046627259341456645,0.0,0.0,0.0,0.0,0.0,0.0,0.0,0.0,0.0,0.0
3603.92,0.8174723172834634,0.0,22194.0,37.0,0.18389999999994758,31.625,32.625,36.97000000000003,0.0,0.0,0.0,0.0,0.0,20.0,0.3,0.1,0.2,0.1,0.4,0.1,0.1,0.1,0.5,0.0,61731.0,0.05305276117347848,0.0,46836.0,0.04669485011529593,0.0,0.0,0.0,0.0,0.0,0.0,0.0,0.0,0.0,0.0
3663.95,0.8237171999389971,0.0,22194.0,37.0,0.1732999999999413,31.6875,32.625,37.110000000000014,0.0,0.0,0.0,0.0,0.0,20.0,0.3,0.1,0.2,0.1,0.4,0.1,0.1,0.1,0.5,0.0,61237.0,0.05336642879304995,0.0,47500.0,0.04654736842105263,0.0,0.0,0.0,0.0,0.0,0.0,0.0,0.0,0.0,0.0
3724.04,0.8625645212445036,0.0,22194.0,37.0,0.18239999999994552,31.625,32.5625,37.05000000000001,0.0,0.0,0.0,0.0,0.0,20.0,0.3,0.1,0.2,0.1,0.4,0.1,0.1,0.1,0.5,0.0,61913.0,0.053397509408363346,0.0,47072.0,0.0467794017675051,0.0,0.0,0.0,0.0,0.0,0.0,0.0,0.0,0.0,0.0
3784.1,0.8501471255436229,0.0,22194.0,37.0,0.18149999999994462,31.6875,32.625,36.79000000000002,0.0,0.0,0.0,0.0,0.0,20.0,0.3,0.1,0.2,0.1,0.4,0.1,0.1,0.1,0.5,0.0,62414.0,0.05330534815906687,0.0,47209.0,0.04655891885021924,0.0,0.0,0.0,0.0,0.0,0.0,0.0,0.0,0.0,0.0
3844.18,0.8265314563136053,0.0,22194.0,37.0,0.20919999999994954,31.6875,32.625,36.77000000000004,0.0,0.0,0.0,0.0,0.0,20.0,0.3,0.1,0.2,0.1,0.4,0.1,0.1,0.1,0.5,0.0,61577.0,0.05396495444727739,0.0,47105.0,0.04661925485617238,0.0,0.0,0.0,0.0,0.0,0.0,0.0,0.0,0.0,0.0
3904.24,0.8140414892691604,0.0,22194.0,37.0,0.18389999999994328,31.6875,32.625,36.81,0.0,0.0,0.0,0.0,0.0,20.0,0.3,0.1,0.2,0.1,0.4,0.1,0.1,0.1,0.5,0.0,62791.0,0.053606408561736554,0.0,47575.0,0.04653704676826064,0.0,0.0,0.0,0.0,0.0,0.0,0.0,0.0,0.0,0.0
3964.3,0.8084455205770356,0.0,22194.0,37.0,0.14059999999993575,31.6875,32.625,37.110000000000014,0.0,0.0,0.0,0.0,0.0,20.0,0.3,0.1,0.2,0.1,0.4,0.1,0.1,0.1,0.5,0.0,60964.0,0.05480283445968112,0.0,47137.0,0.04667246536690922,0.0,0.0,0.0,0.0,0.0,0.0,0.0,0.0,0.0,0.0
4024.38,0.8127985596896676,0.0,22194.0,37.0,0.1437999999999445,31.6875,32.625,37.03000000000003,0.0,0.0,0.0,0.0,0.0,20.0,0.3,0.1,0.2,0.1,0.4,0.1,0.1,0.1,0.5,0.0,62246.0,0.05436493911255342,0.0,47315.0,0.04668709711507978,0.0,0.0,0.0,0.0,0.0,0.0,0.0,0.0,0.0,0.0
4084.41,0.8014032378425486,0.0,22194.0,37.0,0.16849999999993456,31.6875,32.625,36.93000000000001,0.0,0.0,0.0,0.0,0.0,20.0,0.3,0.1,0.2,0.1,0.4,0.1,0.1,0.1,0.5,0.0,61705.0,0.05500364638197877,0.0,47201.0,0.04673629795978899,0.0,0.0,0.0,0.0,0.0,0.0,0.0,0.0,0.0,0.0
4144.46,0.8325895987648988,0.0,22194.0,37.0,0.1404999999999424,31.6875,32.625,36.81,0.0,0.0,0.0,0.0,0.0,20.0,0.3,0.1,0.2,0.1,0.4,0.1,0.1,0.1,0.5,0.0,61985.0,0.05504557554246995,0.0,47353.0,0.046565159546385654,0.0,0.0,0.0,0.0,0.0,0.0,0.0,0.0,0.0,0.0
4204.53,0.8950042199051114,0.0,22194.0,37.0,0.20879999999993967,31.6875,32.6875,36.610000000000014,0.0,0.0,0.0,0.0,0.0,20.0,0.3,0.1,0.2,0.1,0.4,0.1,0.1,0.1,0.5,0.0,62895.0,0.05482152794339773,0.0,47483.0,0.04664827411915844,0.0,0.0,0.0,0.0,0.0,0.0,0.0,0.0,0.0,0.0
4264.61,0.8101828930787613,0.0,22194.0,37.0,0.22239999999994406,31.6875,32.6875,36.93000000000001,0.0,0.0,0.0,0.0,0.0,20.0,0.3,0.1,0.2,0.1,0.4,0.1,0.1,0.1,0.5,0.0,62415.0,0.055355283185131776,0.0,47553.0,0.04664269341576767,0.0,0.0,0.0,0.0,0.0,0.0,0.0,0.0,0.0,0.0
4324.65,0.8265825315719328,0.0,22194.0,37.0,0.16679999999993608,31.6875,32.625,37.01000000000005,0.0,0.0,0.0,0.0,0.0,20.0,0.3,0.1,0.2,0.1,0.4,0.1,0.1,0.1,0.5,0.0,61939.0,0.05592599170151278,0.0,47687.0,0.04661647828548661,0.0,0.0,0.0,0.0,0.0,0.0,0.0,0.0,0.0,0.0
4384.71,0.8350502948517622,0.0,22194.0,37.0,0.22629999999994221,31.6875,32.6875,37.110000000000014,0.0,0.0,0.0,0.0,0.0,20.0,0.3,0.1,0.2,0.1,0.4,0.1,0.1,0.1,0.5,0.0,62926.0,0.055636779709500046,0.0,47539.0,0.04667746481835966,0.0,0.0,0.0,0.0,0.0,0.0,0.0,0.0,0.0,0.0
4444.76,0.8659595165326497,0.0,22194.0,37.0,0.18769999999993042,31.75,32.6875,37.110000000000014,0.0,0.0,0.0,0.0,0.0,20.0,0.3,0.1,0.2,0.1,0.4,0.1,0.1,0.1,0.5,0.0,62017.0,0.05645226308915297,0.0,47549.0,0.046625586237355146,0.0,0.0,0.0,0.0,0.0,0.0,0.0,0.0,0.0,0.0
4504.8,0.821112278757424,0.0,22194.0,37.0,0.16149999999993833,31.6875,32.6875,37.05000000000001,0.0,0.0,0.0,0.0,0.0,20.0,0.3,0.1,0.2,0.1,0.4,0.1,0.1,0.1,0.5,0.0,62565.0,0.05634140493886358,0.0,47912.0,0.04652279178493905,0.0,0.0,0.0,0.0,0.0,0.0,0.0,0.0,0.0,0.0
4564.83,0.838397890553542,0.0,22194.0,37.0,0.14289999999993677,31.6875,32.6875,36.79000000000002,0.0,0.0,0.0,0.0,0.0,20.0,0.3,0.1,0.2,0.1,0.4,0.1,0.1,0.1,0.5,0.0,62691.0,0.0567226555645946,0.0,47538.0,0.04667844671631116,0.0,0.0,0.0,0.0,0.0,0.0,0.0,0.0,0.0,0.0
4624.91,0.8438920983316345,0.0,22194.0,37.0,0.24029999999993515,31.6875,32.6875,36.81,0.0,0.0,0.0,0.0,0.0,20.0,0.3,0.1,0.2,0.1,0.4,0.1,0.1,0.1,0.5,0.0,62446.0,0.05705729750504436,0.0,47504.0,0.04666975412596834,0.0,0.0,0.0,0.0,0.0,0.0,0.0,0.0,0.0,0.0
4684.98,0.8131453390299488,0.0,22194.0,37.0,0.20649999999993832,31.75,32.6875,36.950000000000045,0.0,0.0,0.0,0.0,0.0,20.0,0.3,0.1,0.2,0.1,0.4,0.1,0.1,0.1,0.5,0.0,62685.0,0.057398101619207144,0.0,47912.0,0.04652279178493905,0.0,0.0,0.0,0.0,0.0,0.0,0.0,0.0,0.0,0.0
4745.05,0.8499276694684507,0.0,22194.0,37.0,0.22269999999993864,31.75,32.625,36.89000000000004,0.0,0.0,0.0,0.0,0.0,20.0,0.3,0.1,0.2,0.1,0.4,0.1,0.1,0.1,0.5,0.0,62572.0,0.0575976475100684,0.0,47713.0,0.046612034456018275,0.0,0.0,0.0,0.0,0.0,0.0,0.0,0.0,0.0,0.0
4805.1,0.8764868352787756,0.0,22194.0,37.0,0.17089999999992636,31.75,32.6875,37.01000000000005,0.0,0.0,0.0,0.0,0.0,20.0,0.3,0.1,0.2,0.1,0.4,0.1,0.1,0.1,0.5,0.0,62966.0,0.05761839723025124,0.0,47796.0,0.046614779479454346,0.0,0.0,0.0,0.0,0.0,0.0,0.0,0.0,0.0,0.0
4865.13,0.8819379848857961,0.0,22194.0,37.0,0.18089999999993062,31.75,32.6875,37.03000000000003,0.0,0.0,0.0,0.0,0.0,20.0,0.3,0.1,0.2,0.1,0.4,0.1,0.1,0.1,0.5,0.0,63028.0,0.05783143999492289,0.0,48318.0,0.046545800736785464,0.0,0.0,0.0,0.0,0.0,0.0,0.0,0.0,0.0,0.0
4925.21,0.8396609627054199,0.0,22194.0,37.0,0.16759999999992425,31.75,32.6875,37.03000000000003,0.0,0.0,0.0,0.0,0.0,20.0,0.3,0.1,0.2,0.1,0.4,0.1,0.1,0.1,0.5,0.0,62993.0,0.05822869207689743,0.0,47887.0,0.04656796207739052,0.0,0.0,0.0,0.0,0.0,0.0,0.0,0.0,0.0,0.0
4985.26,0.8420130650275799,0.0,22194.0,37.0,0.14669999999992733,31.75,32.625,36.870000000000005,0.0,0.0,0.0,0.0,0.0,20.0,0.3,0.1,0.2,0.1,0.4,0.1,0.1,0.1,0.5,0.0,63420.0,0.058183538315988645,0.0,48110.0,0.04653918104344211,0.0,0.0,0.0,0.0,0.0,0.0,0.0,0.0,0.0,0.0
5045.3,0.8827347849240921,0.0,22194.0,37.0,0.21909999999993424,31.6875,32.75,36.79000000000002,0.0,0.0,0.0,0.0,0.0,20.0,0.3,0.1,0.2,0.1,0.4,0.1,0.1,0.1,0.5,0.0,63457.0,0.058496304584206626,0.0,48150.0,0.04654205607476636,0.0,0.0,0.0,0.0,0.0,0.0,0.0,0.0,0.0,0.0
5105.35,0.8757631132266666,0.0,22194.0,37.0,0.18469999999992204,31.75,32.75,36.89000000000004,0.0,0.0,0.0,0.0,0.0,20.0,0.3,0.1,0.2,0.1,0.4,0.1,0.1,0.1,0.5,0.0,63749.0,0.058636213901394535,0.0,48391.0,0.04649624930255626,0.0,0.0,0.0,0.0,0.0,0.0,0.0,0.0,0.0,0.0
5165.39,0.8406193051712849,0.0,22194.0,37.0,0.14349999999992938,31.75,32.6875,36.950000000000045,0.0,0.0,0.0,0.0,0.0,20.0,0.3,0.1,0.2,0.1,0.4,0.1,0.1,0.1,0.5,0.0,63466.0,0.059102511581004005,0.0,48362.0,0.04654480790703445,0.0,0.0,0.0,0.0,0.0,0.0,0.0,0.0,0.0,0.0
5225.43,0.8891574418989827,0.0,22194.0,37.0,0.16289999999992424,31.75,32.6875,36.81,0.0,0.0,0.0,0.0,0.0,20.0,0.3,0.1,0.2,0.1,0.4,0.1,0.1,0.1,0.5,0.0,63526.0,0.05939300443912729,0.0,48279.0,0.04664553946850598,0.0,0.0,0.0,0.0,0.0,0.0,0.0,0.0,0.0,0.0
5285.48,0.8844247062921131,0.0,22194.0,37.0,0.16699999999991882,31.6875,32.75,36.77000000000004,0.0,0.0,0.0,0.0,0.0,20.0,0.3,0.1,0.2,0.1,0.4,0.1,0.1,0.1,0.5,0.0,63404.0,0.05974386474039493,0.0,48323.0,0.04666514910084225,0.0,0.0,0.0,0.0,0.0,0.0,0.0,0.0,0.0,0.0
5345.52,0.7999445644257479,0.0,22194.0,37.0,0.2520999999999159,31.75,32.6875,36.710000000000036,0.0,0.0,0.0,0.0,0.0,20.0,0.3,0.1,0.2,0.1,0.4,0.1,0.1,0.1,0.5,0.0,64411.0,0.05941531725947431,0.0,48554.0,0.04666968735840508,0.0,0.0,0.0,0.0,0.0,0.0,0.0,0.0,0.0,0.0
5405.6,0.83519078270939,0.0,22194.0,37.0,0.16709999999992128,31.6875,32.75,36.950000000000045,0.0,0.0,0.0,0.0,0.0,20.0,0.3,0.1,0.2,0.1,0.4,0.1,0.1,0.1,0.5,0.0,62532.0,0.06083285357896757,0.0,48201.0,0.04661729009771581,0.0,0.0,0.0,0.0,0.0,0.0,0.0,0.0,0.0,0.0
5465.65,0.8046759268991337,0.0,22194.0,37.0,0.18329999999992075,31.75,32.75,36.89000000000004,0.0,0.0,0.0,0.0,0.0,20.0,0.3,0.1,0.2,0.1,0.4,0.1,0.1,0.1,0.5,0.0,64223.0,0.060056366099372496,0.0,48286.0,0.04678374684173466,0.0,0.0,0.0,0.0,0.0,0.0,0.0,0.0,0.0,0.0
5525.7,0.8476829823749946,0.0,22194.0,37.0,0.18359999999991963,31.6875,32.75,37.05000000000001,0.0,0.0,0.0,0.0,0.0,20.0,0.3,0.1,0.2,0.1,0.4,0.1,0.1,0.1,0.5,0.0,64010.0,0.06053741602874551,0.0,48255.0,0.04679307843746762,0.0,0.0,0.0,0.0,0.0,0.0,0.0,0.0,0.0,0.0
5585.74,0.8689601752812686,0.0,22194.0,37.0,0.18769999999991419,31.75,32.6875,36.950000000000045,0.0,0.0,0.0,0.0,0.0,20.0,0.3,0.1,0.2,0.1,0.4,0.1,0.1,0.1,0.5,0.0,64502.0,0.06040122786890329,0.0,48373.0,0.04684431397680524,0.0,0.0,0.0,0.0,0.0,0.0,0.0,0.0,0.0,0.0
5645.78,0.8397177455273275,0.0,22194.0,37.0,0.19179999999992295,31.8125,32.6875,36.89000000000004,0.0,0.0,0.0,0.0,0.0,20.0,0.3,0.1,0.2,0.1,0.4,0.1,0.1,0.1,0.5,0.0,64085.0,0.06099711320901927,0.0,48437.0,0.0467617730247538,0.0,0.0,0.0,0.0,0.0,0.0,0.0,0.0,0.0,0.0
5705.82,0.8535585980103898,0.0,22194.0,37.0,0.14789999999991596,31.8125,32.75,36.93000000000001,0.0,0.0,0.0,0.0,0.0,20.0,0.3,0.1,0.2,0.1,0.4,0.1,0.1,0.1,0.5,0.0,62974.0,0.061898561311017244,0.0,48669.0,0.04668269329552693,0.0,0.0,0.0,0.0,0.0,0.0,0.0,0.0,0.0,0.0
5765.89,0.7985391585165185,0.0,22194.0,37.0,0.14229999999992018,31.75,32.6875,37.13000000000005,0.0,0.0,0.0,0.0,0.0,20.0,0.3,0.1,0.2,0.1,0.4,0.1,0.1,0.1,0.5,0.0,63951.0,0.06156275898734969,0.0,48691.0,0.04672321373559796,0.0,0.0,0.0,0.0,0.0,0.0,0.0,0.0,0.0,0.0
5825.97,0.8870382808799616,0.0,22194.0,37.0,0.2087999999999174,31.8125,32.6875,36.81,0.0,0.0,0.0,0.0,0.0,20.0,0.3,0.1,0.2,0.1,0.4,0.1,0.1,0.1,0.5,0.0,63942.0,0.06186856839010353,0.0,48621.0,0.04676991423458999,0.0,0.0,0.0,0.0,0.0,0.0,0.0,0.0,0.0,0.0
5886.02,0.8709172123254341,0.0,22194.0,37.0,0.16819999999991,31.75,32.75,36.97000000000003,0.0,0.0,0.0,0.0,0.0,20.0,0.3,0.1,0.2,0.1,0.4,0.1,0.1,0.1,0.5,0.0,63996.0,0.06211325707856741,0.0,48359.0,0.04698194751752518,0.0,0.0,0.0,0.0,0.0,0.0,0.0,0.0,0.0,0.0
5946.09,0.8755662905752661,0.0,22194.0,37.0,0.14229999999991763,31.75,32.75,36.870000000000005,0.0,0.0,0.0,0.0,0.0,20.0,0.3,0.1,0.2,0.1,0.4,0.1,0.1,0.1,0.5,0.0,64793.0,0.06190483539888568,0.0,48560.0,0.04682866556836903,0.0,0.0,0.0,0.0,0.0,0.0,0.0,0.0,0.0,0.0
6006.17,0.8293132663746196,0.0,22194.0,37.0,0.247099999999911,31.75,32.75,36.79000000000002,0.0,0.0,0.0,0.0,0.0,20.0,0.3,0.1,0.2,0.1,0.4,0.1,0.1,0.1,0.5,0.0,64851.0,0.062204129466006695,0.0,48894.0,0.04695872704217286,0.0,0.0,0.0,0.0,0.0,0.0,0.0,0.0,0.0,0.0
6066.23,0.7995242171925366,0.0,22194.0,37.0,0.16709999999991185,31.75,32.6875,36.97000000000003,0.0,0.0,0.0,0.0,0.0,20.0,0.3,0.1,0.2,0.1,0.4,0.1,0.1,0.1,0.5,0.0,64166.0,0.06258766324844933,0.0,48915.0,0.04685679239497087,0.0,0.0,0.0,0.0,0.0,0.0,0.0,0.0,0.0,0.0
6126.28,0.8165471462264254,0.0,22194.0,37.0,0.1726999999999059,31.8125,32.75,36.950000000000045,0.0,0.0,0.0,0.0,0.0,20.0,0.3,0.1,0.2,0.1,0.4,0.1,0.1,0.1,0.5,0.0,63966.0,0.063064753150111,0.0,48559.0,0.04701497147799584,0.0,0.0,0.0,0.0,0.0,0.0,0.0,0.0,0.0,0.0
6186.35,0.8487257398287011,0.0,22194.0,37.0,0.20719999999990635,31.8125,32.75,36.950000000000045,0.0,0.0,0.0,0.0,0.0,20.0,0.3,0.1,0.2,0.1,0.4,0.1,0.1,0.1,0.5,0.0,64036.0,0.06335498781935162,0.0,48482.0,0.04708964151643909,0.0,0.0,0.0,0.0,0.0,0.0,0.0,0.0,0.0,0.0
6246.42,0.8587664953474241,0.0,22194.0,37.0,0.17329999999990364,31.875,32.6875,36.97000000000003,0.0,0.0,0.0,0.0,0.0,20.0,0.3,0.1,0.2,0.1,0.4,0.1,0.1,0.1,0.5,0.0,64487.0,0.06312900274473925,0.0,48748.0,0.04714039550340527,0.0,0.0,0.0,0.0,0.0,0.0,0.0,0.0,0.0,0.0
6306.49,0.8315771086555752,0.0,22194.0,37.0,0.17969999999990777,31.8125,32.75,36.81,0.0,0.0,0.0,0.0,0.0,20.0,0.3,0.1,0.2,0.1,0.4,0.1,0.1,0.1,0.5,0.0,64246.0,0.06363042057093049,0.0,48811.0,0.04712052611091762,0.0,0.0,0.0,0.0,0.0,0.0,0.0,0.0,0.0,0.0
6366.57,0.8018105693040178,0.0,22194.0,37.0,0.19969999999990293,31.8125,32.75,36.950000000000045,0.0,0.0,0.0,0.0,0.0,20.0,0.3,0.1,0.2,0.1,0.4,0.1,0.1,0.1,0.5,0.0,64421.0,0.06367488862327501,0.0,48840.0,0.04721539721539721,0.0,0.0,0.0,0.0,0.0,0.0,0.0,0.0,0.0,0.0
6426.65,0.8665910519710394,0.0,22194.0,37.0,0.16089999999991064,31.8125,32.75,36.950000000000045,0.0,0.0,0.0,0.0,0.0,20.0,0.3,0.1,0.2,0.1,0.4,0.1,0.1,0.1,0.5,0.0,63769.0,0.06449842399912183,0.0,49147.0,0.04716462856328972,0.0,0.0,0.0,0.0,0.0,0.0,0.0,0.0,0.0,0.0
6486.72,0.8664569952326077,0.0,22194.0,37.0,0.18499999999990122,31.8125,32.75,36.89000000000004,0.0,0.0,0.0,0.0,0.0,20.0,0.3,0.1,0.2,0.1,0.4,0.1,0.1,0.1,0.5,0.0,64590.0,0.06406564483666202,0.0,48711.0,0.04738149493954138,0.0,0.0,0.0,0.0,0.0,0.0,0.0,0.0,0.0,0.0
6546.8,0.8669734949283123,0.0,22194.0,37.0,0.24529999999990237,31.8125,32.75,37.01000000000005,0.0,0.0,0.0,0.0,0.0,20.0,0.3,0.1,0.2,0.1,0.4,0.1,0.1,0.1,0.5,0.0,64839.0,0.06408180261879425,0.0,48804.0,0.04737316613392345,0.0,0.0,0.0,0.0,0.0,0.0,0.0,0.0,0.0,0.0
6606.83,0.8126969951107219,0.0,22194.0,37.0,0.1802999999999038,31.8125,32.75,36.85000000000002,0.0,0.0,0.0,0.0,0.0,20.0,0.3,0.1,0.2,0.1,0.4,0.1,0.1,0.1,0.5,0.0,64579.0,0.06440174050387897,0.0,48795.0,0.04756634901116918,0.0,0.0,0.0,0.0,0.0,0.0,0.0,0.0,0.0,0.0
6666.87,0.8552895525399262,0.0,22194.0,37.0,0.2081999999999043,31.75,32.75,36.85000000000002,0.0,0.0,0.0,0.0,0.0,20.0,0.3,0.1,0.2,0.1,0.4,0.1,0.1,0.1,0.5,0.0,64352.0,0.06483092988562904,0.0,48921.0,0.047546043621348705,0.0,0.0,0.0,0.0,0.0,0.0,0.0,0.0,0.0,0.0
6726.95,0.8063843373529345,0.0,22194.0,37.0,0.20909999999990347,31.8125,32.75,36.950000000000045,0.0,0.0,0.0,0.0,0.0,20.0,0.3,0.1,0.2,0.1,0.4,0.1,0.1,0.1,0.5,0.0,64874.0,0.06472546782994729,0.0,49214.0,0.047628723533953754,0.0,0.0,0.0,0.0,0.0,0.0,0.0,0.0,0.0,0.0
6787.01,0.8233882246533721,0.0,22194.0,37.0,0.165899999999901,31.75,32.75,37.13000000000005,0.0,0.0,0.0,0.0,0.0,20.0,0.3,0.1,0.2,0.1,0.4,0.1,0.1,0.1,0.5,0.0,64740.0,0.0647667593450726,0.0,49150.0,0.04769074262461852,0.0,0.0,0.0,0.0,0.0,0.0,0.0,0.0,0.0,0.0
6847.05,0.8614007229109009,0.0,22194.0,37.0,0.17849999999990032,31.8125,32.8125,37.03000000000003,0.0,0.0,0.0,0.0,0.0,20.0,0.3,0.1,0.2,0.1,0.4,0.1,0.1,0.1,0.5,0.0,65235.0,0.06465854219360773,0.0,49264.0,0.04778337122442351,0.0,0.0,0.0,0.0,0.0,0.0,0.0,0.0,0.0,0.0
6907.09,0.8065860504605208,0.0,22194.0,37.0,0.1787999999998992,31.8125,32.8125,36.85000000000002,0.0,0.0,0.0,0.0,0.0,20.0,0.3,0.1,0.2,0.1,0.4,0.1,0.1,0.1,0.5,0.0,64471.0,0.0653782320733353,0.0,48789.0,0.04800262354219189,0.0,0.0,0.0,0.0,0.0,0.0,0.0,0.0,0.0,0.0
6967.14,0.7998935657697175,0.0,22194.0,37.0,0.16909999999989297,31.75,32.75,36.870000000000005,0.0,0.0,0.0,0.0,0.0,20.0,0.3,0.1,0.2,0.1,0.4,0.1,0.1,0.1,0.5,0.0,65032.0,0.0651986714232993,0.0,48926.0,0.04819523361811716,0.0,0.0,0.0,0.0,0.0,0.0,0.0,0.0,0.0,0.0
7027.18,0.8177674368354791,0.0,22194.0,37.0,0.11989999999988996,31.8125,32.75,36.81,0.0,0.0,0.0,0.0,0.0,20.0,0.3,0.1,0.2,0.1,0.4,0.1,0.1,0.1,0.5,0.0,64678.0,0.06552459878165683,0.0,49114.0,0.048173636844891475,0.0,0.0,0.0,0.0,0.0,0.0,0.0,0.0,0.0,0.0
7087.23,0.8100052639854426,0.0,22194.0,37.0,0.21729999999990254,31.75,32.8125,36.77000000000004,0.0,0.0,0.0,0.0,0.0,20.0,0.3,0.1,0.2,0.1,0.4,0.1,0.1,0.1,0.5,0.0,65535.0,0.06509498741130694,0.0,48994.0,0.04825080622116994,0.0,0.0,0.0,0.0,0.0,0.0,0.0,0.0,0.0,0.0
7147.27,0.8650978606730135,0.0,22194.0,37.0,0.1769999999998957,31.75,32.75,36.97000000000003,0.0,0.0,0.0,0.0,0.0,20.0,0.3,0.1,0.2,0.1,0.4,0.1,0.1,0.1,0.5,0.0,65372.0,0.06550204980725693,0.0,49224.0,0.04841134405980822,0.0,0.0,0.0,0.0,0.0,0.0,0.0,0.0,0.0,0.0
7207.35,0.8581534559564338,0.0,22194.0,37.0,0.18319999999989006,31.75,32.8125,37.05000000000001,0.0,0.0,0.0,0.0,0.0,20.0,0.3,0.1,0.2,0.1,0.4,0.1,0.1,0.1,0.5,0.0,64163.0,0.0666115985848542,0.0,48997.0,0.048472355450333696,0.0,0.0,0.0,0.0,0.0,0.0,0.0,0.0,0.0,0.0
7267.4,0.8135969221513198,0.0,22194.0,37.0,0.1666999999998883,31.8125,32.75,37.03000000000003,0.0,0.0048,0.25,0.0,0.0,20.0,0.3,0.1,0.2,0.1,0.4,0.1,0.1,0.1,0.5,0.0,65535.0,0.06562905317769131,0.0,49167.0,0.04854882339780747,0.0,0.0,0.0,0.0,0.0,0.0,0.0,0.0,0.0,0.0
7327.47,0.8234907604859045,0.0,22194.0,37.0,0.22359999999989935,31.75,32.75,36.47000000000003,0.0,0.0,0.0,0.0,0.0,20.0,0.3,0.1,0.2,0.1,0.4,0.1,0.1,0.1,0.5,0.0,64166.0,0.0660318548764143,0.0,48208.0,0.04862263524726187,0.0,0.0,0.0,0.0,0.0,0.0,0.0,0.0,0.0,0.0
7387.51,0.8039765568025498,0.0,22194.0,37.0,0.2483999999998944,31.75,32.75,36.57000000000005,0.0,0.0,0.0,0.0,0.0,20.0,0.3,0.1,0.2,0.1,0.4,0.1,0.1,0.1,0.5,0.0,65535.0,0.06509498741130694,0.0,48749.0,0.04875997456358079,0.0,0.0,0.0,0.0,0.0,0.0,0.0,0.0,0.0,0.0
7447.58,0.8373927636894567,0.0,22194.0,37.0,0.1948999999998862,31.8125,32.8125,37.05000000000001,0.0,0.0,0.0,0.0,0.0,20.0,0.3,0.1,0.2,0.1,0.4,0.1,0.1,0.1,0.5,0.0,64209.0,0.06595648585089317,0.0,48249.0,0.0489336566560965,0.0,0.0,0.0,0.0,0.0,0.0,0.0,0.0,0.0,0.0
7507.66,0.8382653263107955,0.0,22194.0,37.0,0.165999999999894,31.8125,32.75,37.09000000000003,0.0,0.0,0.0,0.0,0.0,20.0,0.3,0.1,0.2,0.1,0.4,0.1,0.1,0.1,0.5,0.0,63644.0,0.06646345295707372,0.0,48577.0,0.048953208308458736,0.0,0.0,0.0,0.0,0.0,0.0,0.0,0.0,0.0,0.0
7567.69,0.8310681983934078,0.0,22194.0,37.0,0.22809999999989608,31.8125,32.8125,36.870000000000005,0.0,0.0,0.0,0.0,0.0,20.0,0.3,0.1,0.2,0.1,0.4,0.1,0.1,0.1,0.5,0.0,64465.0,0.06592724734351973,0.0,48476.0,0.04915834639821767,0.0,0.0,0.0,0.0,0.0,0.0,0.0,0.0,0.0,0.0
7627.78,0.8338333127912567,0.0,22194.0,37.0,0.20109999999989475,31.8125,32.75,36.73000000000002,0.0,0.0,0.0,0.0,0.0,20.0,0.3,0.1,0.2,0.1,0.4,0.1,0.1,0.1,0.5,0.0,64340.0,0.06617967050046628,0.0,48274.0,0.04934333181422712,0.0,0.0,0.0,0.0,0.0,0.0,0.0,0.0,0.0,0.0
7687.81,0.8489021298415386,0.0,22194.0,37.0,0.1607999999998879,31.8125,32.8125,36.950000000000045,0.0,0.0,0.0,0.0,0.0,20.0,0.3,0.1,0.2,0.1,0.4,0.1,0.1,0.1,0.5,0.0,63056.0,0.06722595787871098,0.0,48219.0,0.049503307824716396,0.0,0.0,0.0,0.0,0.0,0.0,0.0,0.0,0.0,0.0
7747.88,0.825066568270405,0.0,22194.0,37.0,0.1474999999998815,31.8125,32.75,37.05000000000001,0.0,0.0,0.0,0.0,0.0,20.0,0.3,0.1,0.2,0.1,0.4,0.1,0.1,0.1,0.5,0.0,63773.0,0.06681510984272342,0.0,48193.0,0.0497375137468097,0.0,0.0,0.0,0.0,0.0,0.0,0.0,0.0,0.0,0.0
7807.94,0.8252845969115761,0.0,22194.0,37.0,0.1659999999998914,31.875,32.8125,37.03000000000003,0.0,0.0,0.0,0.0,0.0,20.0,0.3,0.1,0.2,0.1,0.4,0.1,0.1,0.1,0.5,0.0,63146.0,0.06743103284451905,0.0,48627.0,0.04976659057725132,0.0,0.0,0.0,0.0,0.0,0.0,0.0,0.0,0.0,0.0
7868.01,0.781108671090827,0.0,22194.0,37.0,0.2153999999998874,31.875,32.8125,36.97000000000003,0.0,0.0,0.0,0.0,0.0,20.0,0.3,0.1,0.2,0.1,0.4,0.1,0.1,0.1,0.5,0.0,63052.0,0.0675632811013132,0.0,48272.0,0.05004971826317534,0.0,0.0,0.0,0.0,0.0,0.0,0.0,0.0,0.0,0.0
7928.07,0.8386056827951719,0.0,22194.0,37.0,0.12299999999988276,31.875,32.8125,36.870000000000005,0.0,0.0,0.0,0.0,0.0,20.0,0.3,0.1,0.2,0.1,0.4,0.1,0.1,0.1,0.5,0.0,63812.0,0.06705635303704632,0.0,48328.0,0.05028141036252276,0.0,0.0,0.0,0.0,0.0,0.0,0.0,0.0,0.0,0.0
7988.1,0.8141547721727047,0.0,22194.0,37.0,0.1231999999998766,31.875,32.75,36.97000000000003,0.0,0.0,0.0,0.0,0.0,20.0,0.3,0.1,0.2,0.1,0.4,0.1,0.1,0.1,0.5,0.0,63222.0,0.06782449147448673,0.0,48662.0,0.05030619374460565,0.0,0.0,0.0,0.0,0.0,0.0,0.0,0.0,0.0,0.0
8048.14,0.834895768253743,0.0,22194.0,37.0,0.2479999999998802,31.8125,32.75,36.93000000000001,0.0,0.0,0.0,0.0,0.0,20.0,0.3,0.1,0.2,0.1,0.4,0.1,0.1,0.1,0.5,0.0,64379.0,0.06722689075630252,0.0,48244.0,0.05070060525661222,0.0,0.0,0.0,0.0,0.0,0.0,0.0,0.0,0.0,0.0
8108.18,0.8277199578172543,0.0,22194.0,37.0,0.17359999999987596,31.75,32.75,36.950000000000045,0.0,0.0,0.0,0.0,0.0,20.0,0.3,0.1,0.2,0.1,0.4,0.1,0.1,0.1,0.5,0.0,64766.0,0.06680974585430627,0.0,48381.0,0.05074306029226349,0.0,0.0,0.0,0.0,0.0,0.0,0.0,0.0,0.0,0.0
8168.22,0.7614930251908749,0.0,22194.0,37.0,0.17969999999988037,31.8125,32.8125,36.950000000000045,0.0,0.0,0.0,0.0,0.0,20.0,0.3,0.1,0.2,0.1,0.4,0.1,0.1,0.1,0.5,0.0,64392.0,0.06725990806311342,0.0,48723.0,0.050797364694292226,0.0,0.0,0.0,0.0,0.0,0.0,0.0,0.0,0.0,0.0
8228.26,0.7742261517111563,0.0,22194.0,37.0,0.18709999999987448,31.875,32.75,36.950000000000045,0.0,0.0,0.0,0.0,0.0,20.0,0.3,0.1,0.2,0.1,0.4,0.1,0.1,0.1,0.5,0.0,64578.0,0.06740685682430549,0.0,48720.0,0.05104679802955665,0.0,0.0,0.0,0.0,0.0,0.0,0.0,0.0,0.0,0.0
8288.29,0.8426718923307821,0.0,22194.0,37.0,0.1829999999998782,31.8125,32.75,36.97000000000003,0.0,0.0,0.0,0.0,0.0,20.0,0.3,0.1,0.2,0.1,0.4,0.1,0.1,0.1,0.5,0.0,64997.0,0.06694155114851455,0.0,48495.0,0.05134549953603464,0.0,0.0,0.0,0.0,0.0,0.0,0.0,0.0,0.0,0.0
8348.37,0.7877035567088813,0.0,22194.0,37.0,0.1655999999998764,31.875,32.75,37.03000000000003,0.0,0.0,0.0,0.0,0.0,20.0,0.3,0.1,0.2,0.1,0.4,0.1,0.1,0.1,0.5,0.0,63526.0,0.06823977583981362,0.0,48620.0,0.051522007404360345,0.0,0.0,0.0,0.0,0.0,0.0,0.0,0.0,0.0,0.0
8408.41,0.8278190035375298,0.0,22194.0,37.0,0.20089999999987185,31.875,32.75,36.89000000000004,0.0,0.0,0.0,0.0,0.0,20.0,0.3,0.1,0.2,0.1,0.4,0.1,0.1,0.1,0.5,0.0,64236.0,0.06778130643253004,0.0,48773.0,0.05158591843848031,0.0,0.0,0.0,0.0,0.0,0.0,0.0,0.0,0.0,0.0
8468.48,0.7785767272748015,0.0,22194.0,37.0,0.20209999999987074,31.8125,32.75,36.89000000000004,0.0,0.0,0.0,0.0,0.0,20.0,0.3,0.1,0.2,0.1,0.4,0.1,0.1,0.1,0.5,0.0,63853.0,0.06814088609775579,0.0,48741.0,0.05186598551527462,0.0,0.0,0.0,0.0,0.0,0.0,0.0,0.0,0.0,0.0
8528.54,0.8337895075023597,0.0,22194.0,37.0,0.18829999999986907,31.875,32.8125,36.950000000000045,0.0,0.0,0.0,0.0,0.0,20.0,0.3,0.1,0.2,0.1,0.4,0.1,0.1,0.1,0.5,0.0,63738.0,0.06824814082650851,0.0,48702.0,0.05205125046199335,0.0,0.0,0.0,0.0,0.0,0.0,0.0,0.0,0.0,0.0
8588.57,0.7762187567570867,0.0,22194.0,37.0,0.20209999999986816,31.8125,32.875,36.89000000000004,0.0,0.0,0.0,0.0,0.0,20.0,0.3,0.1,0.2,0.1,0.4,0.1,0.1,0.1,0.5,0.0,64556.0,0.06783257946589008,0.0,48905.0,0.05218280339433596,0.0,0.0,0.0,0.0,0.0,0.0,0.0,0.0,0.0,0.0
8648.64,0.8037867056930781,0.0,22194.0,37.0,0.1793999999998712,31.875,32.8125,36.97000000000003,0.0,0.0,0.0,0.0,0.0,20.0,0.3,0.1,0.2,0.1,0.4,0.1,0.1,0.1,0.5,0.0,63746.0,0.06858469551030653,0.0,48646.0,0.05252230399210624,0.0,0.0,0.0,0.0,0.0,0.0,0.0,0.0,0.0,0.0
8708.68,0.817021246778082,0.0,22194.0,37.0,0.18029999999987037,31.8125,32.75,36.97000000000003,0.0,0.0,0.0,0.0,0.0,20.0,0.3,0.1,0.2,0.1,0.4,0.1,0.1,0.1,0.5,0.0,65390.0,0.06750267625019116,0.0,49070.0,0.05253719176686367,0.0,0.0,0.0,0.0,0.0,0.0,0.0,0.0,0.0,0.0
8768.75,0.7849716263336907,0.0,22194.0,37.0,0.166999999999864,31.8125,32.8125,37.01000000000005,0.0,0.0,0.0,0.0,0.0,20.0,0.3,0.1,0.2,0.1,0.4,0.1,0.1,0.1,0.5,0.0,64414.0,0.06827708262179029,0.0,48804.0,0.05282353905417589,0.0,0.0,0.0,0.0,0.0,0.0,0.0,0.0,0.0,0.0
8828.79,0.8363851810194368,0.0,22194.0,37.0,0.17609999999986822,31.8125,32.8125,36.97000000000003,0.0,0.0,0.0,0.0,0.0,20.0,0.3,0.1,0.2,0.1,0.4,0.1,0.1,0.1,0.5,0.0,63966.0,0.0689116092924366,0.0,49003.0,0.05291512764524621,0.0,0.0,0.0,0.0,0.0,0.0,0.0,0.0,0.0,0.0
8888.87,0.7806439954858846,0.0,22194.0,37.0,0.15809999999986696,31.8125,32.8125,37.03000000000003,0.0,0.0,0.0,0.0,0.0,20.0,0.3,0.1,0.2,0.1,0.4,0.1,0.1,0.1,0.5,0.0,63835.0,0.06894336962481397,0.0,49282.0,0.05308226127186397,0.0,0.0,0.0,0.0,0.0,0.0,0.0,0.0,0.0,0.0
8948.92,0.7789716730865258,0.0,22194.0,37.0,0.17929999999986188,31.8125,32.8125,36.950000000000045,0.0,0.0,0.0,0.0,0.0,20.0,0.3,0.1,0.2,0.1,0.4,0.1,0.1,0.1,0.5,0.0,63647.0,0.06919414897795655,0.0,48957.0,0.05351635108360398,0.0,0.0,0.0,0.0,0.0,0.0,0.0,0.0,0.0,0.0
9008.96,0.81886713657365,0.0,22194.0,37.0,0.2599999999998638,31.8125,32.75,36.650000000000034,0.0,0.0,0.0,0.0,0.0,20.0,0.3,0.1,0.2,0.1,0.4,0.1,0.1,0.1,0.5,0.0,65535.0,0.06803997863736934,0.0,49464.0,0.053432799611838916,0.0,0.0,0.0,0.0,0.0,0.0,0.0,0.0,0.0,0.0
9069.04,0.7965308673374878,0.0,22194.0,37.0,0.20269999999986074,31.8125,32.75,36.89000000000004,0.0,0.0,0.0,0.0,0.0,20.0,0.3,0.1,0.2,0.1,0.4,0.1,0.1,0.1,0.5,0.0,64588.0,0.068727937078095,0.0,49173.0,0.05368799951192728,0.0,0.0,0.0,0.0,0.0,0.0,0.0,0.0,0.0,0.0
9129.09,0.7994722032972998,0.0,22194.0,37.0,0.1272999999998665,31.8125,32.875,37.170000000000016,0.0,0.0,0.0,0.0,0.0,20.0,0.3,0.1,0.2,0.1,0.4,0.1,0.1,0.1,0.5,0.0,64992.0,0.06837764647956672,0.0,49163.0,0.05369891991945162,0.0,0.0,0.0,0.0,0.0,0.0,0.0,0.0,0.0,0.0
9189.13,0.7792050851835741,0.0,22194.0,37.0,0.2222999999998645,31.8125,32.875,36.79000000000002,0.0,0.0,0.0,0.0,0.0,20.0,0.3,0.1,0.2,0.1,0.4,0.1,0.1,0.1,0.5,0.0,64009.0,0.06931837710321986,0.0,49277.0,0.054021145767802425,0.0,0.0,0.0,0.0,0.0,0.0,0.0,0.0,0.0,0.0
9249.19,0.8158534940863773,0.0,22194.0,37.0,0.17729999999986193,31.8125,32.8125,36.97000000000003,0.0,0.0,0.0,0.0,0.0,20.0,0.3,0.1,0.2,0.1,0.4,0.1,0.1,0.1,0.5,0.0,65259.0,0.06845032869029559,0.0,49268.0,0.054112202646748396,0.0,0.0,0.0,0.0,0.0,0.0,0.0,0.0,0.0,0.0
9309.22,0.7935279673881985,0.0,22194.0,37.0,0.22089999999986745,31.75,32.8125,36.81,0.0,0.0,0.0,0.0,0.0,20.0,0.3,0.1,0.2,0.1,0.4,0.1,0.1,0.1,0.5,0.0,65169.0,0.06856020500544738,0.0,49424.0,0.05426513434768534,0.0,0.0,0.0,0.0,0.0,0.0,0.0,0.0,0.0,0.0
9369.28,0.8109320877892133,0.0,22194.0,37.0,0.18859999999985588,31.8125,32.8125,36.950000000000045,0.0,0.0,0.0,0.0,0.0,20.0,0.3,0.1,0.2,0.1,0.4,0.1,0.1,0.1,0.5,0.0,64244.0,0.06928273457443497,0.0,49404.0,0.054489515019026796,0.0,0.0,0.0,0.0,0.0,0.0,0.0,0.0,0.0,0.0
9429.35,0.8085500516026691,0.0,22194.0,37.0,0.20269999999985555,31.8125,32.75,36.89000000000004,0.0,0.0,0.0,0.0,0.0,20.0,0.3,0.1,0.2,0.1,0.4,0.1,0.1,0.1,0.5,0.0,64097.0,0.06966004649203551,0.0,49302.0,0.05468337998458481,0.0,0.0,0.0,0.0,0.0,0.0,0.0,0.0,0.0,0.0
9489.42,0.8059091393779318,0.0,22194.0,37.0,0.18559999999985347,31.8125,32.8125,36.950000000000045,0.0,0.0,0.0,0.0,0.0,20.0,0.3,0.1,0.2,0.1,0.4,0.1,0.1,0.1,0.5,0.0,65264.0,0.06870556508948272,0.0,49354.0,0.0547675973578636,0.0,0.0,0.0,0.0,0.0,0.0,0.0,0.0,0.0,0.0
9549.5,0.7760876841543636,0.0,22194.0,37.0,0.18909999999986277,31.8125,32.8125,36.93000000000001,0.0,0.0,0.0,0.0,0.0,20.0,0.3,0.1,0.2,0.1,0.4,0.1,0.1,0.1,0.5,0.0,64913.0,0.0690616671544991,0.0,49130.0,0.05513942601261958,0.0,0.0,0.0,0.0,0.0,0.0,0.0,0.0,0.0,0.0
9609.57,0.8287889777682111,0.0,22194.0,37.0,0.14519999999985578,31.8125,32.8125,37.09000000000003,0.0,0.0,0.0,0.0,0.0,20.0,0.3,0.1,0.2,0.1,0.4,0.1,0.1,0.1,0.5,0.0,64977.0,0.06908598427135755,0.0,49429.0,0.055230734993627226,0.0,0.0,0.0,0.0,0.0,0.0,0.0,0.0,0.0,0.0
9669.65,0.8199457415567553,0.0,22194.0,37.0,0.2216999999998581,31.75,32.8125,36.79000000000002,0.0,0.0,0.0,0.0,0.0,20.0,0.3,0.1,0.2,0.1,0.4,0.1,0.1,0.1,0.5,0.0,64550.0,0.06989930286599536,0.0,49306.0,0.055429359509998784,0.0,0.0,0.0,0.0,0.0,0.0,0.0,0.0,0.0,0.0
9729.73,0.7867778965514677,0.0,22194.0,37.0,0.18609999999986118,31.8125,32.8125,36.93000000000001,0.0,0.0,0.0,0.0,0.0,20.0,0.3,0.1,0.2,0.1,0.4,0.1,0.1,0.1,0.5,0.0,65092.0,0.06928654827014072,0.0,49309.0,0.055527388509197105,0.0,0.0,0.0,0.0,0.0,0.0,0.0,0.0,0.0,0.0
9789.8,0.821265197950181,0.0,22194.0,37.0,0.18349999999985017,31.8125,32.75,36.950000000000045,0.0,0.0,0.0,0.0,0.0,20.0,0.3,0.1,0.2,0.1,0.4,0.1,0.1,0.1,0.5,0.0,64759.0,0.06968915517534242,0.0,49108.0,0.05579538975319703,0.0,0.0,0.0,0.0,0.0,0.0,0.0,0.0,0.0,0.0
9849.87,0.8337540550429767,0.0,22194.0,37.0,0.22889999999985577,31.75,32.75,36.79000000000002,0.0,0.0,0.0,0.0,0.0,20.0,0.3,0.1,0.2,0.1,0.4,0.1,0.1,0.1,0.5,0.0,65117.0,0.06942887418032158,0.0,49609.0,0.05573585438126146,0.0,0.0,0.0,0.0,0.0,0.0,0.0,0.0,0.0,0.0
9909.95,0.7803618705884424,0.0,22194.0,37.0,0.12879999999985642,31.8125,32.75,37.170000000000016,0.0,0.0,0.0,0.0,0.0,20.0,0.3,0.1,0.2,0.1,0.4,0.1,0.1,0.1,0.5,0.0,65186.0,0.06940140520970761,0.0,49200.0,0.05605691056910569,0.0,0.0,0.0,0.0,0.0,0.0,0.0,0.0,0.0,0.0
9970.01,0.7885869825745683,0.0,22194.0,37.0,0.21029999999985421,31.8125,32.75,36.85000000000002,0.0,0.0,0.0,0.0,0.0,20.0,0.3,0.1,0.2,0.1,0.4,0.1,0.1,0.1,0.5,0.0,65222.0,0.06940909509061359,0.0,49276.0,0.056234272262358956,0.0,0.0,0.0,0.0,0.0,0.0,0.0,0.0,0.0,0.0
10030.06,0.8383017692587161,0.0,22194.0,37.0,0.1696999999998468,31.75,32.75,37.01000000000005,0.0,0.0,0.0,0.0,0.0,20.0,0.3,0.1,0.2,0.1,0.4,0.1,0.1,0.1,0.5,0.0,65123.0,0.0695453219292723,0.0,49853.0,0.05604477162858805,0.0,0.0,0.0,0.0,0.0,0.0,0.0,0.0,0.0,0.0
10090.12,0.8308650711411076,0.0,22194.0,37.0,0.1834999999998459,31.8125,32.75,36.950000000000045,0.0,0.0,0.0,0.0,0.0,20.0,0.3,0.1,0.2,0.1,0.4,0.1,0.1,0.1,0.5,0.0,65345.0,0.06950799602111868,0.0,49507.0,0.056335467711636736,0.0,0.0,0.0,0.0,0.0,0.0,0.0,0.0,0.0,0.0
10150.2,0.8430284902506371,0.0,22194.0,37.0,0.1999999999998451,31.8125,32.8125,36.89000000000004,0.0,0.0,0.0,0.0,0.0,20.0,0.3,0.1,0.2,0.1,0.4,0.1,0.1,0.1,0.5,0.0,64996.0,0.06981968121115145,0.0,49480.0,0.0564874696847211,0.0,0.0,0.0,0.0,0.0,0.0,0.0,0.0,0.0,0.0
10210.26,0.7715303337506172,0.0,22194.0,37.0,0.201199999999844,31.8125,32.875,36.89000000000004,0.0,0.0,0.0,0.0,0.0,20.0,0.3,0.1,0.2,0.1,0.4,0.1,0.1,0.1,0.5,0.0,64343.0,0.07059042941734144,0.0,49313.0,0.05680043801837244,0.0,0.0,0.0,0.0,0.0,0.0,0.0,0.0,0.0,0.0
10270.32,0.8004737633460032,0.0,22194.0,37.0,0.1929999999998523,31.8125,32.75,36.93000000000001,0.0,0.0,0.0,0.0,0.0,20.0,0.3,0.1,0.2,0.1,0.4,0.1,0.1,0.1,0.5,0.0,65535.0,0.06970321202410926,0.0,49536.0,0.056807170542635656,0.0,0.0,0.0,0.0,0.0,0.0,0.0,0.0,0.0,0.0
10330.37,0.8251579171874871,0.0,22194.0,37.0,0.20059999999984196,31.8125,32.75,36.89000000000004,0.0,0.0,0.0,0.0,0.0,20.0,0.3,0.1,0.2,0.1,0.4,0.1,0.1,0.1,0.5,0.0,64417.0,0.07054038530201655,0.0,49769.0,0.056782334384858045,0.0,0.0,0.0,0.0,0.0,0.0,0.0,0.0,0.0,0.0
10390.44,0.8337452089516129,0.0,22194.0,37.0,0.22209999999985167,31.8125,32.75,36.81,0.0,0.0,0.0,0.0,0.0,20.0,0.3,0.1,0.2,0.1,0.4,0.1,0.1,0.1,0.5,0.0,64277.0,0.07077181573502186,0.0,49564.0,0.05701718989589218,0.0,0.0,0.0,0.0,0.0,0.0,0.0,0.0,0.0,0.0
10450.49,0.8407892619889284,0.0,22194.0,37.0,0.18059999999984422,31.75,32.75,36.97000000000003,0.0,0.0,0.0,0.0,0.0,20.0,0.3,0.1,0.2,0.1,0.4,0.1,0.1,0.1,0.5,0.0,65023.0,0.07025206465404549,0.0,49607.0,0.05722982643578527,0.0,0.0,0.0,0.0,0.0,0.0,0.0,0.0,0.0,0.0
10510.53,0.8433246082288033,0.0,22194.0,37.0,0.20949999999984975,31.8125,32.8125,36.870000000000005,0.0,0.0,0.0,0.0,0.0,20.0,0.3,0.1,0.2,0.1,0.4,0.1,0.1,0.1,0.5,0.0,65157.0,0.07036849455929524,0.0,49937.0,0.05709193583915734,0.0,0.0,0.0,0.0,0.0,0.0,0.0,0.0,0.0,0.0
10570.56,0.8199727717514038,0.0,22194.0,37.0,0.14739999999984682,31.8125,32.8125,37.110000000000014,0.0,0.0,0.0,0.0,0.0,20.0,0.3,0.1,0.2,0.1,0.4,0.1,0.1,0.1,0.5,0.0,65535.0,0.0699473563744564,0.0,49731.0,0.0573485351189399,0.0,0.0,0.0,0.0,0.0,0.0,0.0,0.0,0.0,0.0
10630.6,0.800718390764136,0.0,22194.0,37.0,0.1840999999998376,31.875,32.75,36.950000000000045,0.0,0.0,0.0,0.0,0.0,20.0,0.3,0.1,0.2,0.1,0.4,0.1,0.1,0.1,0.5,0.0,65535.0,0.07016098268101015,0.0,49543.0,0.05756615465353329,0.0,0.0,0.0,0.0,0.0,0.0,0.0,0.0,0.0,0.0
10690.66,0.7739215725955444,0.0,22194.0,37.0,0.1766999999998409,31.8125,32.75,36.97000000000003,0.0,0.0,0.0,0.0,0.0,20.0,0.3,0.1,0.2,0.1,0.4,0.1,0.1,0.1,0.5,0.0,65535.0,0.07028305485618372,0.0,49740.0,0.057619622034579814,0.0,0.0,0.0,0.0,0.0,0.0,0.0,0.0,0.0,0.0
10750.73,0.8218465101097724,0.0,22194.0,37.0,0.17959999999983484,31.8125,32.75,36.950000000000045,0.0,0.0,0.0,0.0,0.0,20.0,0.3,0.1,0.2,0.1,0.4,0.1,0.1,0.1,0.5,0.0,64992.0,0.07071639586410636,0.0,49989.0,0.05763267918942167,0.0,0.0,0.0,0.0,0.0,0.0,0.0,0.0,0.0,0.0
10810.82,0.7764109399777961,0.0,22194.0,37.0,0.19729999999983464,31.8125,32.75,36.89000000000004,0.0,0.0,0.0,0.0,0.0,20.0,0.3,0.1,0.2,0.1,0.4,0.1,0.1,0.1,0.5,0.0,65455.0,0.07033840042777481,0.0,49942.0,0.05774698650434504,0.0,0.0,0.0,0.0,0.0,0.0,0.0,0.0,0.0,0.0
10870.88,0.7822214540798035,0.0,22194.0,37.0,0.20699999999983917,31.8125,32.75,36.85000000000002,0.0,0.0,0.0,0.0,0.0,20.0,0.3,0.1,0.2,0.1,0.4,0.1,0.1,0.1,0.5,0.0,65535.0,0.07046616311894408,0.0,49697.0,0.057910940298207134,0.0,0.0,0.0,0.0,0.0,0.0,0.0,0.0,0.0,0.0
10930.93,0.783726437455345,0.0,22194.0,37.0,0.21029999999983873,31.8125,32.8125,36.85000000000002,0.0,0.0,0.0,0.0,0.0,20.0,0.3,0.1,0.2,0.1,0.4,0.1,0.1,0.1,0.5,0.0,64677.0,0.07124634723317408,0.0,49919.0,0.05813417736733508,0.0,0.0,0.0,0.0,0.0,0.0,0.0,0.0,0.0,0.0
10990.97,0.8319011584347178,0.0,22194.0,37.0,0.17909999999983697,31.8125,32.8125,36.97000000000003,0.0,0.0,0.0,0.0,0.0,20.0,0.3,0.1,0.2,0.1,0.4,0.1,0.1,0.1,0.5,0.0,65535.0,0.07051194018463416,0.0,49865.0,0.0581570239647047,0.0,0.0,0.0,0.0,0.0,0.0,0.0,0.0,0.0,0.0
11051.05,0.7710401376877112,0.0,22194.0,37.0,0.1819999999998309,31.8125,32.8125,36.950000000000045,0.0,0.0,0.0,0.0,0.0,20.0,0.3,0.1,0.2,0.1,0.4,0.1,0.1,0.1,0.5,0.0,65535.0,0.07095445181963836,0.0,49925.0,0.058187280921382076,0.0,0.0,0.0,0.0,0.0,0.0,0.0,0.0,0.0,0.0
11111.13,0.8323747281062399,0.0,22194.0,37.0,0.2160999999998408,31.8125,32.8125,36.81,0.0,0.0,0.0,0.0,0.0,20.0,0.3,0.1,0.2,0.1,0.4,0.1,0.1,0.1,0.5,0.0,65260.0,0.07099295127183573,0.0,50018.0,0.058338997960734135,0.0,0.0,0.0,0.0,0.0,0.0,0.0,0.0,0.0,0.0
11171.19,0.7714470716247315,0.0,22194.0,37.0,0.15489999999983792,31.8125,32.75,37.05000000000001,0.0,0.0,0.0,0.0,0.0,20.0,0.3,0.1,0.2,0.1,0.4,0.1,0.1,0.1,0.5,0.0,65182.0,0.07126200484796416,0.0,49727.0,0.05851951656041989,0.0,0.0,0.0,0.0,0.0,0.0,0.0,0.0,0.0,0.0
11231.24,0.7683616290287666,0.0,22194.0,37.0,0.1651999999998277,31.75,32.75,37.01000000000005,0.0,0.0,0.0,0.0,0.0,20.0,0.3,0.1,0.2,0.1,0.4,0.1,0.1,0.1,0.5,0.0,65535.0,0.07112230106050202,0.0,49713.0,0.0587773821736769,0.0,0.0,0.0,0.0,0.0,0.0,0.0,0.0,0.0,0.0
11291.32,0.8014657826843545,0.0,22194.0,37.0,0.2189999999998339,31.8125,32.8125,36.79000000000002,0.0,0.0,0.0,0.0,0.0,20.0,0.3,0.1,0.2,0.1,0.4,0.1,0.1,0.1,0.5,0.0,65529.0,0.0711440736162615,0.0,49972.0,0.05871287921235892,0.0,0.0,0.0,0.0,0.0,0.0,0.0,0.0,0.0,0.0
11351.35,0.7838707098602282,0.0,22194.0,37.0,0.22409999999983352,31.75,32.75,36.79000000000002,0.0,0.0,0.0,0.0,0.0,20.0,0.3,0.1,0.2,0.1,0.4,0.1,0.1,0.1,0.5,0.0,65366.0,0.07122969127681057,0.0,50042.0,0.058690699812157784,0.0,0.0,0.0,0.0,0.0,0.0,0.0,0.0,0.0,0.0
11411.39,0.8110900991701675,0.0,22194.0,37.0,0.18439999999982612,31.75,32.75,36.950000000000045,0.0,0.0,0.0,0.0,0.0,20.0,0.3,0.1,0.2,0.1,0.4,0.1,0.1,0.1,0.5,0.0,65535.0,0.0712291142137789,0.0,50004.0,0.058935285177185825,0.0,0.0,0.0,0.0,0.0,0.0,0.0,0.0,0.0,0.0
11471.44,0.7979077543978823,0.0,22194.0,37.0,0.17789999999982947,31.75,32.75,36.97000000000003,0.0,0.0,0.0,0.0,0.0,20.0,0.3,0.1,0.2,0.1,0.4,0.1,0.1,0.1,0.5,0.0,65535.0,0.07112230106050202,0.0,50163.0,0.0588282200027909,0.0,0.0,0.0,0.0,0.0,0.0,0.0,0.0,0.0,0.0
11531.48,0.7831288589896297,0.0,22194.0,37.0,0.2093999999998301,31.8125,32.6875,36.85000000000002,0.0,0.0,0.0,0.0,0.0,20.0,0.3,0.1,0.2,0.1,0.4,0.1,0.1,0.1,0.5,0.0,65535.0,0.07132066834515907,0.0,50270.0,0.058842251840063656,0.0,0.0,0.0,0.0,0.0,0.0,0.0,0.0,0.0,0.0
11591.53,0.7805235273942,0.0,22194.0,37.0,0.17149999999982282,31.75,32.75,37.01000000000005,0.0,0.0,0.0,0.0,0.0,20.0,0.3,0.1,0.2,0.1,0.4,0.1,0.1,0.1,0.5,0.0,65535.0,0.07138170443274586,0.0,50073.0,0.05903381063647075,0.0,0.0,0.0,0.0,0.0,0.0,0.0,0.0,0.0,0.0
11651.57,0.769544071628639,0.0,22194.0,37.0,0.1899999999998327,31.75,32.8125,36.93000000000001,0.0,0.0,0.0,0.0,0.0,20.0,0.3,0.1,0.2,0.1,0.4,0.1,0.1,0.1,0.5,0.0,65535.0,0.07148851758602273,0.0,49994.0,0.059227107252870344,0.0,0.0,0.0,0.0,0.0,0.0,0.0,0.0,0.0,0.0
11711.61,0.7839575277650861,0.0,22194.0,37.0,0.2076999999998325,31.8125,32.75,36.870000000000005,0.0,0.0,0.0,0.0,0.0,20.0,0.3,0.1,0.2,0.1,0.4,0.1,0.1,0.1,0.5,0.0,65535.0,0.07173266193636987,0.0,50204.0,0.059178551509839854,0.0,0.0,0.0,0.0,0.0,0.0,0.0,0.0,0.0,0.0
11771.68,0.8322865518586131,0.0,22194.0,37.0,0.16349999999982492,31.8125,32.8125,37.03000000000003,0.0,0.0,0.0,0.0,0.0,20.0,0.3,0.1,0.2,0.1,0.4,0.1,0.1,0.1,0.5,0.0,65535.0,0.07180895704585336,0.0,50110.0,0.059369387347834764,0.0,0.0,0.0,0.0,0.0,0.0,0.0,0.0,0.0,0.0
11831.73,0.7801248012108452,0.0,22194.0,37.0,0.15729999999982885,31.8125,32.75,37.05000000000001,0.0,0.0,0.0,0.0,0.0,20.0,0.3,0.1,0.2,0.1,0.4,0.1,0.1,0.1,0.5,0.0,65535.0,0.0715953307392996,0.0,50255.0,0.059416973435479054,0.0,0.0,0.0,0.0,0.0,0.0,0.0,0.0,0.0,0.0
11891.8,0.8486146071693721,0.0,22194.0,37.0,0.1666999999998186,31.8125,32.75,37.01000000000005,0.0,0.0,0.0,0.0,0.0,20.0,0.3,0.1,0.2,0.1,0.4,0.1,0.1,0.1,0.5,0.0,65535.0,0.07190051117723353,0.0,50663.0,0.05919507332767503,0.0,0.0,0.0,0.0,0.0,0.0,0.0,0.0,0.0,0.0
11951.84,0.8053906318634632,0.0,22194.0,37.0,0.17669999999982286,31.875,32.75,36.97000000000003,0.0,0.0,0.0,0.0,0.0,20.0,0.3,0.1,0.2,0.1,0.4,0.1,0.1,0.1,0.5,0.0,65535.0,0.07183947508964675,0.0,49935.0,0.059817763092019624,0.0,0.0,0.0,0.0,0.0,0.0,0.0,0.0,0.0,0.0
12011.92,0.8134214268111384,0.0,22194.0,37.0,0.20439999999982778,31.75,32.8125,36.870000000000005,0.0,0.0,0.0,0.0,0.0,20.0,0.3,0.1,0.2,0.1,0.4,0.1,0.1,0.1,0.5,0.0,65535.0,0.07193102922102693,0.0,50033.0,0.059780544840405334,0.0,0.0,0.0,0.0,0.0,0.0,0.0,0.0,0.0,0.0
12071.95,0.7720291612828744,0.0,22194.0,37.0,0.17729999999982143,31.8125,32.75,36.97000000000003,0.0,0.0,0.0,0.0,0.0,20.0,0.3,0.1,0.2,0.1,0.4,0.1,0.1,0.1,0.5,0.0,65535.0,0.0720531013962005,0.0,50349.0,0.05962382569663747,0.0,0.0,0.0,0.0,0.0,0.0,0.0,0.0,0.0,0.0
12131.99,0.767035400167302,0.0,22194.0,37.0,0.15489999999982504,31.8125,32.8125,37.05000000000001,0.0,0.0,0.0,0.0,0.0,20.0,0.3,0.1,0.2,0.1,0.4,0.1,0.1,0.1,0.5,0.0,65535.0,0.07197680628671702,0.0,50339.0,0.05991378454081329,0.0,0.0,0.0,0.0,0.0,0.0,0.0,0.0,0.0,0.0
12192.07,0.8505510927103765,0.0,22194.0,37.0,0.15279999999982438,31.8125,32.75,37.05000000000001,0.0,0.0,0.0,0.0,0.0,20.0,0.3,0.1,0.2,0.1,0.4,0.1,0.1,0.1,0.5,0.0,65535.0,0.07235828183413444,0.0,50841.0,0.0596762455498515,0.0,0.0,0.0,0.0,0.0,0.0,0.0,0.0,0.0,0.0
12252.1,0.8460109078126358,0.0,22194.0,37.0,0.17854999999981516,31.75,32.8125,36.85000000000002,0.0,0.0,0.0,0.0,0.0,20.0,0.3,0.1,0.2,0.1,0.4,0.1,0.1,0.1,0.5,0.0,65535.0,0.07257190814068819,0.0,49895.0,0.06032668604068544,0.0,0.0,0.0,0.0,0.0,0.0,0.0,0.0,0.0,0.0
12312.16,0.7984999413020997,0.0,22194.0,37.0,0.17804999999981902,31.8125,32.8125,37.05000000000001,0.0,0.0,0.0,0.0,0.0,20.0,0.3,0.1,0.2,0.1,0.4,0.1,0.1,0.1,0.5,0.0,65535.0,0.07266346227206837,0.0,50455.0,0.06009315231394312,0.0,0.0,0.0,0.0,0.0,0.0,0.0,0.0,0.0,0.0
12372.2,0.8148282891172175,0.0,22194.0,37.0,0.18214999999981357,31.8125,32.8125,36.81,0.0,0.0,0.0,0.0,0.0,20.0,0.3,0.1,0.2,0.1,0.4,0.1,0.1,0.1,0.5,0.0,65535.0,0.07290760662241551,0.0,50236.0,0.06017596942431722,0.0,0.0,0.0,0.0,0.0,0.0,0.0,0.0,0.0,0.0
12432.24,0.8210666843463104,0.0,22194.0,37.0,0.12624999999982006,31.8125,32.8125,36.93000000000001,0.0,0.0,0.0,0.0,0.0,20.0,0.3,0.1,0.2,0.1,0.4,0.1,0.1,0.1,0.5,0.0,65535.0,0.07235828183413444,0.0,50664.0,0.060082109584714986,0.0,0.0,0.0,0.0,0.0,0.0,0.0,0.0,0.0,0.0
12492.29,0.8306849364223531,0.0,22194.0,37.0,0.1854499999998114,31.8125,32.8125,36.950000000000045,0.0,0.0,0.0,0.0,0.0,20.0,0.3,0.1,0.2,0.1,0.4,0.1,0.1,0.1,0.5,0.0,65535.0,0.0725261310749981,0.0,50634.0,0.06011770746928941,0.0,0.0,0.0,0.0,0.0,0.0,0.0,0.0,0.0,0.0
12552.33,0.7695513424130781,0.0,22194.0,37.0,0.18784999999981006,31.8125,32.8125,37.03000000000003,0.0,0.0,0.0,0.0,0.0,20.0,0.3,0.1,0.2,0.1,0.4,0.1,0.1,0.1,0.5,0.0,65330.0,0.07261594979335681,0.0,50282.0,0.060379459846465935,0.0,0.0,0.0,0.0,0.0,0.0,0.0,0.0,0.0,0.0
12612.38,0.7680749989344885,0.0,22194.0,37.0,0.18374999999981378,31.875,32.75,37.01000000000005,0.0,0.0,0.0,0.0,0.0,20.0,0.3,0.1,0.2,0.1,0.4,0.1,0.1,0.1,0.5,0.0,65535.0,0.07258716716258488,0.0,50622.0,0.060388763778594284,0.0,0.0,0.0,0.0,0.0,0.0,0.0,0.0,0.0,0.0
12672.42,0.807117594582457,0.0,22194.0,37.0,0.12454999999980565,31.875,32.8125,37.09000000000003,0.0,0.0,0.0,0.0,0.0,20.0,0.3,0.1,0.2,0.1,0.4,0.1,0.1,0.1,0.5,0.0,65535.0,0.0725261310749981,0.0,50632.0,0.06047558856059409,0.0,0.0,0.0,0.0,0.0,0.0,0.0,0.0,0.0,0.0
12732.47,0.8495606024131378,0.0,22194.0,37.0,0.17984999999981136,31.8125,32.75,37.110000000000014,0.0,0.0,0.0,0.0,0.0,20.0,0.3,0.1,0.2,0.1,0.4,0.1,0.1,0.1,0.5,0.0,65535.0,0.07277027542534524,0.0,50469.0,0.06065109275000495,0.0,0.0,0.0,0.0,0.0,0.0,0.0,0.0,0.0,0.0
12792.54,0.7834104510108084,0.0,22194.0,37.0,0.14714999999980924,31.8125,32.8125,36.97000000000003,0.0,0.0,0.0,0.0,0.0,20.0,0.3,0.1,0.2,0.1,0.4,0.1,0.1,0.1,0.5,0.0,65535.0,0.07302967879758908,0.0,50741.0,0.0606215880648785,0.0,0.0,0.0,0.0,0.0,0.0,0.0,0.0,0.0,0.0
12852.59,0.806483605272092,0.0,22194.0,37.0,0.1612499999998089,31.8125,32.75,36.89000000000004,0.0,0.0,0.0,0.0,0.0,20.0,0.3,0.1,0.2,0.1,0.4,0.1,0.1,0.1,0.5,0.0,65535.0,0.07310597390707256,0.0,50304.0,0.06094942748091603,0.0,0.0,0.0,0.0,0.0,0.0,0.0,0.0,0.0,0.0
12912.67,0.7954972978504147,0.0,22194.0,37.0,0.12444999999981138,31.75,32.75,37.01000000000005,0.0,0.0,0.0,0.0,0.0,20.0,0.3,0.1,0.2,0.1,0.4,0.1,0.1,0.1,0.5,0.0,65535.0,0.07359426260776684,0.0,50779.0,0.06073376789617756,0.0,0.0,0.0,0.0,0.0,0.0,0.0,0.0,0.0,0.0
12972.75,0.8051486543224556,0.0,22194.0,37.0,0.17474999999980742,31.75,32.8125,36.870000000000005,0.0,0.0,0.0,0.0,0.0,20.0,0.3,0.1,0.2,0.1,0.4,0.1,0.1,0.1,0.5,0.0,65535.0,0.07319752803845274,0.0,50697.0,0.06095035209183975,0.0,0.0,0.0,0.0,0.0,0.0,0.0,0.0,0.0,0.0
13032.83,0.8303159526490099,0.0,22194.0,37.0,0.2424499999998044,31.75,32.75,37.01000000000005,0.0,0.0,0.0,0.0,0.0,20.0,0.3,0.1,0.2,0.1,0.4,0.1,0.1,0.1,0.5,0.0,65535.0,0.07370107576104372,0.0,50679.0,0.060972000236784465,0.0,0.0,0.0,0.0,0.0,0.0,0.0,0.0,0.0,0.0
13092.88,0.8515332599142624,0.0,22194.0,37.0,0.19894999999980134,31.75,32.8125,37.01000000000005,0.0,0.0,0.0,0.0,0.0,20.0,0.3,0.1,0.2,0.1,0.4,0.1,0.1,0.1,0.5,0.0,65535.0,0.07327382314793622,0.0,50378.0,0.06125689785223709,0.0,0.0,0.0,0.0,0.0,0.0,0.0,0.0,0.0,0.0
13152.96,0.7791015346422514,0.0,22194.0,37.0,0.1639499999998039,31.8125,32.75,36.89000000000004,0.0,0.0,0.0,0.0,0.0,20.0,0.3,0.1,0.2,0.1,0.4,0.1,0.1,0.1,0.5,0.0,65535.0,0.07373159380483711,0.0,50647.0,0.06114873536438486,0.0,0.0,0.0,0.0,0.0,0.0,0.0,0.0,0.0,0.0
13213.02,0.8035780257959652,0.0,22194.0,37.0,0.2051499999998099,31.8125,32.8125,37.110000000000014,0.0,0.0,0.0,0.0,0.0,20.0,0.3,0.1,0.2,0.1,0.4,0.1,0.1,0.1,0.5,0.0,65535.0,0.07348744945448997,0.0,50647.0,0.06124745789484076,0.0,0.0,0.0,0.0,0.0,0.0,0.0,0.0,0.0,0.0
13273.09,0.809988486642235,0.0,22194.0,37.0,0.1651499999998028,31.75,32.8125,36.85000000000002,0.0,0.0,0.0,0.0,0.0,20.0,0.3,0.1,0.2,0.1,0.4,0.1,0.1,0.1,0.5,0.0,65535.0,0.0733653772793164,0.0,50876.0,0.06120764211022879,0.0,0.0,0.0,0.0,0.0,0.0,0.0,0.0,0.0,0.0
13333.17,0.7911076145917606,0.0,22194.0,37.0,0.1456499999998012,31.8125,32.75,36.870000000000005,0.0,0.0,0.0,0.0,0.0,20.0,0.3,0.1,0.2,0.1,0.4,0.1,0.1,0.1,0.5,0.0,65535.0,0.07356374456397345,0.0,50579.0,0.0614681982641017,0.0,0.0,0.0,0.0,0.0,0.0,0.0,0.0,0.0,0.0
13393.23,0.8458100845888297,0.0,22194.0,37.0,0.15884999999980082,31.75,32.8125,36.870000000000005,0.0,0.0,0.0,0.0,0.0,20.0,0.3,0.1,0.2,0.1,0.4,0.1,0.1,0.1,0.5,0.0,65535.0,0.07389944304570077,0.0,50574.0,0.06159291335468818,0.0,0.0,0.0,0.0,0.0,0.0,0.0,0.0,0.0,0.0
13453.3,0.7771603264861653,0.0,22194.0,37.0,0.1856499999998057,31.75,32.8125,36.870000000000005,0.0,0.0,0.0,0.0,0.0,20.0,0.3,0.1,0.2,0.1,0.4,0.1,0.1,0.1,0.5,0.0,65535.0,0.07392996108949416,0.0,50950.0,0.061472031403336604,0.0,0.0,0.0,0.0,0.0,0.0,0.0,0.0,0.0,0.0
13513.38,0.832230043950987,0.0,22194.0,37.0,0.13414999999979313,31.8125,32.8125,36.85000000000002,0.0,0.0,0.0,0.0,0.0,20.0,0.3,0.1,0.2,0.1,0.4,0.1,0.1,0.1,0.5,0.0,65535.0,0.07360952162966354,0.0,50961.0,0.061576499676222994,0.0,0.0,0.0,0.0,0.0,0.0,0.0,0.0,0.0,0.0
13573.45,0.7802899709278981,0.0,22194.0,37.0,0.13204999999979164,31.8125,32.8125,36.73000000000002,0.0,0.0,0.0,0.0,0.0,20.0,0.3,0.1,0.2,0.1,0.4,0.1,0.1,0.1,0.5,0.0,65535.0,0.07423514152742809,0.0,50870.0,0.061666994299194026,0.0,0.0,0.0,0.0,0.0,0.0,0.0,0.0,0.0,0.0
13633.53,0.7760506158230454,0.0,22194.0,37.0,0.1653499999997915,31.75,32.8125,36.690000000000055,0.0,0.0,0.0,0.0,0.0,20.0,0.3,0.1,0.2,0.1,0.4,0.1,0.1,0.1,0.5,0.0,65535.0,0.07406729228656443,0.0,50518.0,0.06199770378874857,0.0,0.0,0.0,0.0,0.0,0.0,0.0,0.0,0.0,0.0
13693.61,0.8289342855975544,0.0,22194.0,37.0,0.2107499999997971,31.75,32.8125,36.77000000000004,0.0,0.0,0.0,0.0,0.0,20.0,0.3,0.1,0.2,0.1,0.4,0.1,0.1,0.1,0.5,0.0,65535.0,0.07371633478294042,0.0,50790.0,0.061901949202598935,0.0,0.0,0.0,0.0,0.0,0.0,0.0,0.0,0.0,0.0
13753.66,0.8288834906328726,0.0,22194.0,37.0,0.15014999999979364,31.8125,32.8125,36.93000000000001,0.0,0.0,0.0,0.0,0.0,20.0,0.3,0.1,0.2,0.1,0.4,0.1,0.1,0.1,0.5,0.0,65535.0,0.07397573815518425,0.0,50951.0,0.06184373221330298,0.0,0.0,0.0,0.0,0.0,0.0,0.0,0.0,0.0,0.0
13813.73,0.8476209060557496,0.0,22194.0,37.0,0.2104499999997948,31.75,32.875,36.79000000000002,0.0,0.0,0.0,0.0,0.0,20.0,0.3,0.1,0.2,0.1,0.4,0.1,0.1,0.1,0.5,0.0,65535.0,0.07412832837415122,0.0,50840.0,0.06188040912667191,0.0,0.0,0.0,0.0,0.0,0.0,0.0,0.0,0.0,0.0
13873.81,0.8147868052715541,0.0,22194.0,37.0,0.15014999999979192,31.8125,32.875,37.05000000000001,0.0,0.0,0.0,0.0,0.0,20.0,0.3,0.1,0.2,0.1,0.4,0.1,0.1,0.1,0.5,0.0,65535.0,0.07457084000915541,0.0,50900.0,0.06223968565815324,0.0,0.0,0.0,0.0,0.0,0.0,0.0,0.0,0.0,0.0
13933.89,0.84106744681169,0.0,22194.0,37.0,0.14684999999979065,31.8125,32.75,37.03000000000003,0.0,0.0,0.0,0.0,0.0,20.0,0.3,0.1,0.2,0.1,0.4,0.1,0.1,0.1,0.5,0.0,65535.0,0.07457084000915541,0.0,50894.0,0.062109482453727355,0.0,0.0,0.0,0.0,0.0,0.0,0.0,0.0,0.0,0.0
13993.96,0.8491041352228466,0.0,22194.0,37.0,0.13764999999979474,31.8125,32.75,36.85000000000002,0.0,0.0,0.0,0.0,0.0,20.0,0.3,0.1,0.2,0.1,0.4,0.1,0.1,0.1,0.5,0.0,65535.0,0.07444876783398184,0.0,51186.0,0.06214589926933146,0.0,0.0,0.0,0.0,0.0,0.0,0.0,0.0,0.0,0.0
14054.03,0.81237149873249,0.0,22194.0,37.0,0.17384999999979023,31.75,32.8125,36.950000000000045,0.0,0.0,0.0,0.0,0.0,20.0,0.3,0.1,0.2,0.1,0.4,0.1,0.1,0.1,0.5,0.0,65535.0,0.07426565957122148,0.0,50600.0,0.0625296442687747,0.0,0.0,0.0,0.0,0.0,0.0,0.0,0.0,0.0,0.0
14114.09,0.8125233841769596,0.0,22194.0,37.0,0.1765499999997895,31.75,32.8125,36.690000000000055,0.0,0.0,0.0,0.0,0.0,20.0,0.3,0.1,0.2,0.1,0.4,0.1,0.1,0.1,0.5,0.0,65535.0,0.07469291218432898,0.0,50680.0,0.06264798737174428,0.0,0.0,0.0,0.0,0.0,0.0,0.0,0.0,0.0,0.0
14174.13,0.8315060968345023,0.0,22194.0,37.0,0.1851499999997842,31.8125,32.75,36.950000000000045,0.0,0.0,0.0,0.0,0.0,20.0,0.3,0.1,0.2,0.1,0.4,0.1,0.1,0.1,0.5,0.0,65535.0,0.07479972533760586,0.0,50998.0,0.06241421232205185,0.0,0.0,0.0,0.0,0.0,0.0,0.0,0.0,0.0,0.0
14234.17,0.8286970778548866,0.0,22194.0,37.0,0.11504999999978516,31.75,32.75,37.03000000000003,0.0,0.0,0.0,0.0,0.0,20.0,0.3,0.1,0.2,0.1,0.4,0.1,0.1,0.1,0.5,0.0,65535.0,0.07496757457846952,0.0,50920.0,0.06247054202670856,0.0,0.0,0.0,0.0,0.0,0.0,0.0,0.0,0.0,0.0
14294.22,0.7719007410475139,0.0,22194.0,37.0,0.24714999999977955,31.8125,32.75,37.01000000000005,0.0,0.0,0.0,0.0,0.0,20.0,0.3,0.1,0.2,0.1,0.4,0.1,0.1,0.1,0.5,0.0,65535.0,0.07513542381933318,0.0,51017.0,0.06246937295411333,0.0,0.0,0.0,0.0,0.0,0.0,0.0,0.0,0.0,0.0
14354.26,0.8390217972747682,0.0,22194.0,37.0,0.1480499999997844,31.75,32.75,36.85000000000002,0.0,0.0,0.0,0.0,0.0,20.0,0.3,0.1,0.2,0.1,0.4,0.1,0.1,0.1,0.5,0.0,65535.0,0.07527275501640344,0.0,50953.0,0.06272447157184072,0.0,0.0,0.0,0.0,0.0,0.0,0.0,0.0,0.0,0.0
14414.31,0.8234617607203162,0.0,22194.0,37.0,0.16864999999977903,31.75,32.75,37.03000000000003,0.0,0.0,0.0,0.0,0.0,20.0,0.3,0.1,0.2,0.1,0.4,0.1,0.1,0.1,0.5,0.0,65535.0,0.07498283360036621,0.0,51185.0,0.06263553775520173,0.0,0.0,0.0,0.0,0.0,0.0,0.0,0.0,0.0,0.0
14474.37,0.803441897875985,0.0,22194.0,37.0,0.1495499999997822,31.75,32.8125,36.870000000000005,0.0,0.0048,0.25,0.0,0.0,20.0,0.3,0.1,0.2,0.1,0.4,0.1,0.1,0.1,0.5,0.0,65535.0,0.07542534523537041,0.0,51105.0,0.0627140201545837,0.0,0.0,0.0,0.0,0.0,0.0,0.0,0.0,0.0,0.0
14534.45,0.8199733871304307,0.0,22194.0,37.0,0.21519999999978784,31.6875,32.8125,36.870000000000005,0.0,0.0,0.0,0.0,0.0,20.0,0.3,0.1,0.2,0.1,0.4,0.1,0.1,0.1,0.5,0.0,65302.0,0.07342807264708585,0.0,50166.0,0.06259219391619822,0.0,0.0,0.0,0.0,0.0,0.0,0.0,0.0,0.0,0.0
14594.5,0.7964748797600445,0.0,22194.0,37.0,0.21184999999977752,31.75,32.8125,36.85000000000002,0.0,0.0,0.0,0.0,0.0,20.0,0.3,0.1,0.2,0.1,0.4,0.1,0.1,0.1,0.5,0.0,65535.0,0.07322804608224613,0.0,49939.0,0.06277658743667273,0.0,0.0,0.0,0.0,0.0,0.0,0.0,0.0,0.0,0.0
14654.57,0.8037717285904381,0.0,22194.0,37.0,0.18394999999977535,31.8125,32.8125,37.03000000000003,0.0,0.0,0.0,0.0,0.0,20.0,0.3,0.1,0.2,0.1,0.4,0.1,0.1,0.1,0.5,0.0,65262.0,0.0736109834206736,0.0,50379.0,0.06266499930526609,0.0,0.0,0.0,0.0,0.0,0.0,0.0,0.0,0.0,0.0
14714.62,0.822562788430302,0.0,22194.0,37.0,0.16884999999978398,31.8125,32.8125,36.89000000000004,0.0,0.0,0.0,0.0,0.0,20.0,0.3,0.1,0.2,0.1,0.4,0.1,0.1,0.1,0.5,0.0,65535.0,0.07344167238879988,0.0,50020.0,0.06291483406637345,0.0,0.0,0.0,0.0,0.0,0.0,0.0,0.0,0.0,0.0
14774.7,0.7686273112737889,0.0,22194.0,37.0,0.21534999999978516,31.8125,32.8125,36.950000000000045,0.0,0.0,0.0,0.0,0.0,20.0,0.3,0.1,0.2,0.1,0.4,0.1,0.1,0.1,0.5,0.0,65535.0,0.0737773708705272,0.0,50038.0,0.06303209560733843,0.0,0.0,0.0,0.0,0.0,0.0,0.0,0.0,0.0,0.0
14834.76,0.8201895561453298,0.0,22194.0,37.0,0.17944999999977349,31.8125,32.8125,36.97000000000003,0.0,0.0,0.0,0.0,0.0,20.0,0.3,0.1,0.2,0.1,0.4,0.1,0.1,0.1,0.5,0.0,65412.0,0.07356448358099431,0.0,50181.0,0.06287240190510353,0.0,0.0,0.0,0.0,0.0,0.0,0.0,0.0,0.0,0.0
14894.8,0.8179209160562549,0.0,22194.0,37.0,0.17084999999977704,31.8125,32.75,36.870000000000005,0.0,0.0,0.0,0.0,0.0,20.0,0.3,0.1,0.2,0.1,0.4,0.1,0.1,0.1,0.5,0.0,64360.0,0.07458048477315103,0.0,49968.0,0.06314040986231188,0.0,0.0,0.0,0.0,0.0,0.0,0.0,0.0,0.0,0.0
14954.85,0.7786266631976908,0.0,22194.0,37.0,0.1849499999997767,31.8125,32.8125,36.97000000000003,0.0,0.0,0.0,0.0,0.0,20.0,0.3,0.1,0.2,0.1,0.4,0.1,0.1,0.1,0.5,0.0,65535.0,0.07365529869535363,0.0,50208.0,0.06303776290630975,0.0,0.0,0.0,0.0,0.0,0.0,0.0,0.0,0.0,0.0
15014.89,0.8098272549656168,0.0,22194.0,37.0,0.1322499999997786,31.8125,32.75,36.93000000000001,0.0,0.0,0.0,0.0,0.0,20.0,0.3,0.1,0.2,0.1,0.4,0.1,0.1,0.1,0.5,0.0,64701.0,0.07440379592278326,0.0,49756.0,0.063389339979098,0.0,0.0,0.0,0.0,0.0,0.0,0.0,0.0,0.0,0.0
15074.93,0.7527073360240178,0.0,22194.0,37.0,0.14924999999977392,31.75,32.75,36.85000000000002,0.0,0.0,0.0,0.0,0.0,20.0,0.3,0.1,0.2,0.1,0.4,0.1,0.1,0.1,0.5,0.0,65535.0,0.07397573815518425,0.0,50285.0,0.06319976136024659,0.0,0.0,0.0,0.0,0.0,0.0,0.0,0.0,0.0,0.0
15134.98,0.7830650133243489,0.0,22194.0,37.0,0.13804999999976733,31.75,32.75,36.93000000000001,0.0,0.0,0.0,0.0,0.0,20.0,0.3,0.1,0.2,0.1,0.4,0.1,0.1,0.1,0.5,0.0,65535.0,0.07414358739604791,0.0,50002.0,0.06341746330146794,0.0,0.0,0.0,0.0,0.0,0.0,0.0,0.0,0.0,0.0
15195.02,0.8213013297940528,0.0,22194.0,37.0,0.15774999999977699,31.75,32.75,36.710000000000036,0.0,0.0,0.0,0.0,0.0,20.0,0.3,0.1,0.2,0.1,0.4,0.1,0.1,0.1,0.5,0.0,65535.0,0.07438773174639506,0.0,50527.0,0.06313456171947672,0.0,0.0,0.0,0.0,0.0,0.0,0.0,0.0,0.0,0.0
15255.07,0.8336711950912272,0.0,22194.0,37.0,0.17744999999977243,31.75,32.75,36.93000000000001,0.0,0.0,0.0,0.0,0.0,20.0,0.3,0.1,0.2,0.1,0.4,0.1,0.1,0.1,0.5,0.0,65535.0,0.07397573815518425,0.0,50253.0,0.0634190993572523,0.0,0.0,0.0,0.0,0.0,0.0,0.0,0.0,0.0,0.0
15315.11,0.742814389476949,0.0,22194.0,37.0,0.2039499999997776,31.75,32.8125,36.73000000000002,0.0,0.0,0.0,0.0,0.0,20.0,0.3,0.1,0.2,0.1,0.4,0.1,0.1,0.1,0.5,0.0,65535.0,0.07428091859311818,0.0,50868.0,0.06310450577966502,0.0,0.0,0.0,0.0,0.0,0.0,0.0,0.0,0.0,0.0
15375.19,0.8303386743243453,0.0,22194.0,37.0,0.1910499999997768,31.75,32.75,36.870000000000005,0.0,0.0,0.0,0.0,0.0,20.0,0.3,0.1,0.2,0.1,0.4,0.1,0.1,0.1,0.5,0.0,65342.0,0.07413302317039576,0.0,50162.0,0.0636936326302779,0.0,0.0,0.0,0.0,0.0,0.0,0.0,0.0,0.0,0.0
15435.26,0.7528813327507894,0.0,22194.0,37.0,0.14774999999976926,31.75,32.8125,36.950000000000045,0.0,0.0,0.0,0.0,0.0,20.0,0.3,0.1,0.2,0.1,0.4,0.1,0.1,0.1,0.5,0.0,65087.0,0.07468465284926329,0.0,50537.0,0.06347824366305875,0.0,0.0,0.0,0.0,0.0,0.0,0.0,0.0,0.0,0.0
15495.33,0.8181192465373199,0.0,22194.0,37.0,0.1874499999997749,31.75,32.875,36.85000000000002,0.0,0.0,0.0,0.0,0.0,20.0,0.3,0.1,0.2,0.1,0.4,0.1,0.1,0.1,0.5,0.0,65535.0,0.07444876783398184,0.0,50399.0,0.06373142324252465,0.0,0.0,0.0,0.0,0.0,0.0,0.0,0.0,0.0,0.0
15555.41,0.7789033758130333,0.0,22194.0,37.0,0.17624999999976917,31.6875,32.8125,36.870000000000005,0.0,0.0,0.0,0.0,0.0,20.0,0.3,0.1,0.2,0.1,0.4,0.1,0.1,0.1,0.5,0.0,65535.0,0.07438773174639506,0.0,50293.0,0.06380609627582368,0.0,0.0,0.0,0.0,0.0,0.0,0.0,0.0,0.0,0.0
15615.49,0.7659005180842777,0.0,22194.0,37.0,0.17774999999976865,31.6875,32.75,36.85000000000002,0.0,0.0,0.0,0.0,0.0,20.0,0.3,0.1,0.2,0.1,0.4,0.1,0.1,0.1,0.5,0.0,65535.0,0.07444876783398184,0.0,50335.0,0.06391179100029801,0.0,0.0,0.0,0.0,0.0,0.0,0.0,0.0,0.0,0.0
15675.55,0.750082199823192,0.0,22194.0,37.0,0.14504999999976653,31.6875,32.8125,37.13000000000005,0.0,0.0,0.0,0.0,0.0,20.0,0.3,0.1,0.2,0.1,0.4,0.1,0.1,0.1,0.5,0.0,65535.0,0.07467765316243229,0.0,50754.0,0.06362060133191473,0.0,0.0,0.0,0.0,0.0,0.0,0.0,0.0,0.0,0.0
15735.62,0.779330415357461,0.0,22194.0,37.0,0.18274999999976235,31.6875,32.75,36.93000000000001,0.0,0.0,0.0,0.0,0.0,20.0,0.3,0.1,0.2,0.1,0.4,0.1,0.1,0.1,0.5,0.0,65535.0,0.07490653849088273,0.0,50740.0,0.06391407173827356,0.0,0.0,0.0,0.0,0.0,0.0,0.0,0.0,0.0,0.0
15795.7,0.7799195807960186,0.0,22194.0,37.0,0.20014999999976157,31.6875,32.75,36.89000000000004,0.0,0.0,0.0,0.0,0.0,20.0,0.3,0.1,0.2,0.1,0.4,0.1,0.1,0.1,0.5,0.0,65406.0,0.07470262667033606,0.0,50432.0,0.06408629441624365,0.0,0.0,0.0,0.0,0.0,0.0,0.0,0.0,0.0,0.0
15855.75,0.8030084158210509,0.0,22194.0,37.0,0.18754999999975966,31.75,32.8125,37.05000000000001,0.0,0.0,0.0,0.0,0.0,20.0,0.3,0.1,0.2,0.1,0.4,0.1,0.1,0.1,0.5,0.0,65535.0,0.07495231555657282,0.0,50365.0,0.06401270723716868,0.0,0.0,0.0,0.0,0.0,0.0,0.0,0.0,0.0,0.0
15915.79,0.7515080710701251,0.0,22194.0,37.0,0.14164999999975705,31.75,32.6875,37.03000000000003,0.0,0.0,0.0,0.0,0.0,20.0,0.3,0.1,0.2,0.1,0.4,0.1,0.1,0.1,0.5,0.0,65535.0,0.07478446631570916,0.0,50853.0,0.06369339075374117,0.0,0.0,0.0,0.0,0.0,0.0,0.0,0.0,0.0,0.0
15975.84,0.818950044582682,0.0,22194.0,37.0,0.13714999999975602,31.75,32.8125,36.97000000000003,0.0,0.0,0.0,0.0,0.0,20.0,0.3,0.1,0.2,0.1,0.4,0.1,0.1,0.1,0.5,0.0,65535.0,0.07475394827191577,0.0,50557.0,0.06400696243843583,0.0,0.0,0.0,0.0,0.0,0.0,0.0,0.0,0.0,0.0
16035.88,0.7975950350057477,0.0,22194.0,37.0,0.18364999999975634,31.6875,32.75,36.81,0.0,0.0,0.0,0.0,0.0,20.0,0.3,0.1,0.2,0.1,0.4,0.1,0.1,0.1,0.5,0.0,65535.0,0.07519645990691996,0.0,50178.0,0.0644106979154211,0.0,0.0,0.0,0.0,0.0,0.0,0.0,0.0,0.0,0.0
16095.93,0.7606966900819906,0.0,22194.0,37.0,0.18274999999975544,31.75,32.8125,36.77000000000004,0.0,0.0,0.0,0.0,0.0,20.0,0.3,0.1,0.2,0.1,0.4,0.1,0.1,0.1,0.5,0.0,65535.0,0.07516594186312657,0.0,50327.0,0.06435909154131977,0.0,0.0,0.0,0.0,0.0,0.0,0.0,0.0,0.0,0.0
16155.97,0.7565716189220377,0.0,22194.0,37.0,0.1830499999997543,31.75,32.75,36.79000000000002,0.0,0.0,0.0,0.0,0.0,20.0,0.3,0.1,0.2,0.1,0.4,0.1,0.1,0.1,0.5,0.0,65535.0,0.07508964675364309,0.0,50529.0,0.06426012784737478,0.0,0.0,0.0,0.0,0.0,0.0,0.0,0.0,0.0,0.0
16216.01,0.7946282436734029,0.0,22194.0,37.0,0.21074999999975924,31.6875,32.75,36.93000000000001,0.0,0.0,0.0,0.0,0.0,20.0,0.3,0.1,0.2,0.1,0.4,0.1,0.1,0.1,0.5,0.0,65535.0,0.075043869687953,0.0,50736.0,0.0642147587511826,0.0,0.0,0.0,0.0,0.0,0.0,0.0,0.0,0.0,0.0
16276.06,0.7526358973270925,0.0,22194.0,37.0,0.1604499999997615,31.75,32.8125,36.93000000000001,0.0,0.0,0.0,0.0,0.0,20.0,0.3,0.1,0.2,0.1,0.4,0.1,0.1,0.1,0.5,0.0,65535.0,0.07531853208209353,0.0,50584.0,0.06448679424323897,0.0,0.0,0.0,0.0,0.0,0.0,0.0,0.0,0.0,0.0
16336.1,0.7488563550831309,0.0,22194.0,37.0,0.16214999999975568,31.75,32.75,36.89000000000004,0.0,0.0,0.0,0.0,0.0,20.0,0.3,0.1,0.2,0.1,0.4,0.1,0.1,0.1,0.5,0.0,65535.0,0.07521171892881666,0.0,50468.0,0.06451612903225806,0.0,0.0,0.0,0.0,0.0,0.0,0.0,0.0,0.0,0.0
16396.18,0.8015642177281148,0.0,22194.0,37.0,0.1827499999997503,31.6875,32.8125,36.79000000000002,0.0,0.0,0.0,0.0,0.0,20.0,0.3,0.1,0.2,0.1,0.4,0.1,0.1,0.1,0.5,0.0,65534.0,0.0750144962920011,0.0,50844.0,0.06437337738966249,0.0,0.0,0.0,0.0,0.0,0.0,0.0,0.0,0.0,0.0
16456.25,0.7892307247752848,0.0,22194.0,37.0,0.1845499999997495,31.75,32.75,36.77000000000004,0.0,0.0,0.0,0.0,0.0,20.0,0.3,0.1,0.2,0.1,0.4,0.1,0.1,0.1,0.5,0.0,65535.0,0.0754863813229572,0.0,50988.0,0.06448576135561308,0.0,0.0,0.0,0.0,0.0,0.0,0.0,0.0,0.0,0.0
16516.32,0.7558454861776153,0.0,22194.0,37.0,0.13954999999974693,31.6875,32.75,37.01000000000005,0.0,0.0,0.0,0.0,0.0,20.0,0.3,0.1,0.2,0.1,0.4,0.1,0.1,0.1,0.5,0.0,65535.0,0.07522697795071336,0.0,50386.0,0.06477989917834319,0.0,0.0,0.0,0.0,0.0,0.0,0.0,0.0,0.0,0.0
16576.36,0.796487047619227,0.0,22194.0,37.0,0.15834999999975655,31.6875,32.8125,36.97000000000003,0.0,0.0,0.0,0.0,0.0,20.0,0.3,0.1,0.2,0.1,0.4,0.1,0.1,0.1,0.5,0.0,65535.0,0.07594415197985808,0.0,50439.0,0.064731656059795,0.0,0.0,0.0,0.0,0.0,0.0,0.0,0.0,0.0,0.0
16636.42,0.8380476670853292,0.0,22194.0,37.0,0.18774999999975736,31.6875,32.8125,36.870000000000005,0.0,0.0,0.0,0.0,0.0,20.0,0.3,0.1,0.2,0.1,0.4,0.1,0.1,0.1,0.5,0.0,65535.0,0.07560845349813076,0.0,50447.0,0.06499890974686305,0.0,0.0,0.0,0.0,0.0,0.0,0.0,0.0,0.0,0.0
16696.49,0.7806200765775128,0.0,22194.0,37.0,0.14184999999975476,31.6875,32.75,36.85000000000002,0.0,0.0,0.0,0.0,0.0,20.0,0.3,0.1,0.2,0.1,0.4,0.1,0.1,0.1,0.5,0.0,65535.0,0.07594415197985808,0.0,50711.0,0.06468024688923507,0.0,0.0,0.0,0.0,0.0,0.0,0.0,0.0,0.0,0.0
16756.53,0.8226924141904196,0.0,22194.0,37.0,0.19924999999974602,31.6875,32.6875,37.05000000000001,0.0,0.0,0.0,0.0,0.0,20.0,0.3,0.1,0.2,0.1,0.4,0.1,0.1,0.1,0.5,0.0,65535.0,0.07565423056382085,0.0,50632.0,0.0648799178385211,0.0,0.0,0.0,0.0,0.0,0.0,0.0,0.0,0.0,0.0
16816.59,0.7460642950607786,0.0,22194.0,37.0,0.14744999999974792,31.6875,32.75,37.01000000000005,0.0,0.0,0.0,0.0,0.0,20.0,0.3,0.1,0.2,0.1,0.4,0.1,0.1,0.1,0.5,0.0,65535.0,0.07568474860761425,0.0,51068.0,0.06465888619096107,0.0,0.0,0.0,0.0,0.0,0.0,0.0,0.0,0.0,0.0
16876.64,0.7879338321663492,0.0,22194.0,37.0,0.16714999999974253,31.6875,32.6875,36.79000000000002,0.0,0.0,0.0,0.0,0.0,20.0,0.3,0.1,0.2,0.1,0.4,0.1,0.1,0.1,0.5,0.0,65535.0,0.07600518806744487,0.0,51116.0,0.06485249237029501,0.0,0.0,0.0,0.0,0.0,0.0,0.0,0.0,0.0,0.0
16936.68,0.7776237872775897,0.0,22194.0,37.0,0.14774999999974595,31.6875,32.75,37.13000000000005,0.0,0.0,0.0,0.0,0.0,20.0,0.3,0.1,0.2,0.1,0.4,0.1,0.1,0.1,0.5,0.0,65535.0,0.07580682078278782,0.0,50727.0,0.06503439982652237,0.0,0.0,0.0,0.0,0.0,0.0,0.0,0.0,0.0,0.0
16996.73,0.8029620874126789,0.0,22194.0,37.0,0.14154999999974988,31.6875,32.6875,36.77000000000004,0.0,0.0,0.0,0.0,0.0,20.0,0.3,0.1,0.2,0.1,0.4,0.1,0.1,0.1,0.5,0.0,65535.0,0.07600518806744487,0.0,51260.0,0.0647288333983613,0.0,0.0,0.0,0.0,0.0,0.0,0.0,0.0,0.0,0.0
17056.77,0.8010072749519528,0.0,22194.0,37.0,0.18184999999974077,31.6875,32.6875,36.79000000000002,0.0,0.0,0.0,0.0,0.0,20.0,0.3,0.1,0.2,0.1,0.4,0.1,0.1,0.1,0.5,0.0,65535.0,0.07603570611123826,0.0,51121.0,0.06492439506269439,0.0,0.0,0.0,0.0,0.0,0.0,0.0,0.0,0.0,0.0
17116.84,0.8217778593291798,0.0,22194.0,37.0,0.1883499999997499,31.6875,32.75,36.97000000000003,0.0,0.0,0.0,0.0,0.0,20.0,0.3,0.1,0.2,0.1,0.4,0.1,0.1,0.1,0.5,0.0,65535.0,0.0763408865491722,0.0,50929.0,0.0651887922401775,0.0,0.0,0.0,0.0,0.0,0.0,0.0,0.0,0.0,0.0
17176.88,0.8174998550297674,0.0,22194.0,37.0,0.2051499999997497,31.6875,32.75,36.77000000000004,0.0,0.0,0.0,0.0,0.0,20.0,0.3,0.1,0.2,0.1,0.4,0.1,0.1,0.1,0.5,0.0,65535.0,0.07621881437399863,0.0,50902.0,0.06522337039801973,0.0,0.0,0.0,0.0,0.0,0.0,0.0,0.0,0.0,0.0
17236.91,0.8039473400324523,0.0,22194.0,37.0,0.18454999999973828,31.75,32.75,36.97000000000003,0.0,0.0,0.0,0.0,0.0,20.0,0.3,0.1,0.2,0.1,0.4,0.1,0.1,0.1,0.5,0.0,65535.0,0.07626459143968872,0.0,50814.0,0.06535600425079703,0.0,0.0,0.0,0.0,0.0,0.0,0.0,0.0,0.0,0.0
17296.97,0.8230753244251057,0.0,22194.0,37.0,0.15854999999974176,31.6875,32.75,36.81,0.0,0.0,0.0,0.0,0.0,20.0,0.3,0.1,0.2,0.1,0.4,0.1,0.1,0.1,0.5,0.0,65535.0,0.07621881437399863,0.0,50768.0,0.06543491963441538,0.0,0.0,0.0,0.0,0.0,0.0,0.0,0.0,0.0,0.0
17357.05,0.7475196823980731,0.0,22194.0,37.0,0.17594999999974184,31.6875,32.75,36.85000000000002,0.0,0.0,0.0,0.0,0.0,20.0,0.3,0.1,0.2,0.1,0.4,0.1,0.1,0.1,0.5,0.0,65535.0,0.07664606698710613,0.0,50857.0,0.06545804903946359,0.0,0.0,0.0,0.0,0.0,0.0,0.0,0.0,0.0,0.0
17417.11,0.8037200861885938,0.0,22194.0,37.0,0.23014999999973773,31.6875,32.6875,37.01000000000005,0.0,0.0,0.0,0.0,0.0,20.0,0.3,0.1,0.2,0.1,0.4,0.1,0.1,0.1,0.5,0.0,65535.0,0.07664606698710613,0.0,50700.0,0.06562130177514792,0.0,0.0,0.0,0.0,0.0,0.0,0.0,0.0,0.0,0.0
17477.19,0.8010995611311181,0.0,22194.0,37.0,0.21194999999974093,31.6875,32.75,36.870000000000005,0.0,0.0,0.0,0.0,0.0,20.0,0.3,0.1,0.2,0.1,0.4,0.1,0.1,0.1,0.5,0.0,65535.0,0.07643244068055238,0.0,50853.0,0.06544353332153462,0.0,0.0,0.0,0.0,0.0,0.0,0.0,0.0,0.0,0.0
17537.27,0.808062664246132,0.0,22194.0,37.0,0.1436499999997428,31.75,32.6875,36.950000000000045,0.0,0.0,0.0,0.0,0.0,20.0,0.3,0.1,0.2,0.1,0.4,0.1,0.1,0.1,0.5,0.0,65535.0,0.07629510948348212,0.0,50587.0,0.06580742087888193,0.0,0.0,0.0,0.0,0.0,0.0,0.0,0.0,0.0,0.0
17597.33,0.8165960641451567,0.0,22194.0,37.0,0.16654999999973277,31.6875,32.6875,37.110000000000014,0.0,0.0,0.0,0.0,0.0,20.0,0.3,0.1,0.2,0.1,0.4,0.1,0.1,0.1,0.5,0.0,65535.0,0.07690547035934997,0.0,50901.0,0.0657747391996228,0.0,0.0,0.0,0.0,0.0,0.0,0.0,0.0,0.0,0.0
17657.38,0.8425130866100027,0.0,22194.0,37.0,0.14624999999973615,31.6875,32.6875,36.93000000000001,0.0,0.0,0.0,0.0,0.0,20.0,0.3,0.1,0.2,0.1,0.4,0.1,0.1,0.1,0.5,0.0,65535.0,0.07705806057831693,0.0,51131.0,0.06561577125422934,0.0,0.0,0.0,0.0,0.0,0.0,0.0,0.0,0.0,0.0
17717.41,0.8334708637618751,0.0,22194.0,37.0,0.17534999999973638,31.625,32.75,36.85000000000002,0.0,0.0,0.0,0.0,0.0,20.0,0.3,0.1,0.2,0.1,0.4,0.1,0.1,0.1,0.5,0.0,65535.0,0.07685969329365988,0.0,51071.0,0.06563411720937519,0.0,0.0,0.0,0.0,0.0,0.0,0.0,0.0,0.0,0.0
17777.47,0.8368693441892999,0.0,22194.0,37.0,0.18864999999974105,31.625,32.6875,36.93000000000001,0.0,0.0,0.0,0.0,0.0,20.0,0.3,0.1,0.2,0.1,0.4,0.1,0.1,0.1,0.5,0.0,65535.0,0.07698176546883345,0.0,51010.0,0.06575181336992747,0.0,0.0,0.0,0.0,0.0,0.0,0.0,0.0,0.0,0.0
17837.51,0.7983772122024639,0.0,22194.0,37.0,0.17774999999973504,31.6875,32.75,36.93000000000001,0.0,0.0,0.0,0.0,0.0,20.0,0.3,0.1,0.2,0.1,0.4,0.1,0.1,0.1,0.5,0.0,65535.0,0.07708857862211033,0.0,51331.0,0.06555492782139448,0.0,0.0,0.0,0.0,0.0,0.0,0.0,0.0,0.0,0.0
17897.55,0.819273738425784,0.0,22194.0,37.0,0.12624999999973752,31.6875,32.6875,36.950000000000045,0.0,0.0,0.0,0.0,0.0,20.0,0.3,0.1,0.2,0.1,0.4,0.1,0.1,0.1,0.5,0.0,65535.0,0.0767681391622797,0.0,51316.0,0.06582742224647284,0.0,0.0,0.0,0.0,0.0,0.0,0.0,0.0,0.0,0.0
17957.63,0.8074834692461501,0.0,22194.0,37.0,0.18274999999972874,31.6875,32.6875,36.81,0.0,0.0,0.0,0.0,0.0,20.0,0.3,0.1,0.2,0.1,0.4,0.1,0.1,0.1,0.5,0.0,65535.0,0.07714961470969711,0.0,50783.0,0.06618356536636276,0.0,0.0,0.0,0.0,0.0,0.0,0.0,0.0,0.0,0.0
18017.7,0.803177553099542,0.0,22194.0,37.0,0.18394999999972764,31.625,32.6875,36.870000000000005,0.0,0.0,0.0,0.0,0.0,20.0,0.3,0.1,0.2,0.1,0.4,0.1,0.1,0.1,0.5,0.0,65535.0,0.07710383764400702,0.0,50883.0,0.06597488355639408,0.0,0.0,0.0,0.0,0.0,0.0,0.0,0.0,0.0,0.0
18077.78,0.799314988255387,0.0,22194.0,37.0,0.18924999999973702,31.6875,32.6875,36.870000000000005,0.0,0.0,0.0,0.0,0.0,20.0,0.3,0.1,0.2,0.1,0.4,0.1,0.1,0.1,0.5,0.0,65535.0,0.07695124742504006,0.0,51242.0,0.06596151594395222,0.0,0.0,0.0,0.0,0.0,0.0,0.0,0.0,0.0,0.0
18137.84,0.7564502999810884,0.0,22194.0,37.0,0.1812499999997258,31.625,32.75,37.03000000000003,0.0,0.0,0.0,0.0,0.0,20.0,0.3,0.1,0.2,0.1,0.4,0.1,0.1,0.1,0.5,0.0,65535.0,0.07747005416952774,0.0,51013.0,0.06617920922117891,0.0,0.0,0.0,0.0,0.0,0.0,0.0,0.0,0.0,0.0
18197.88,0.7877095358820871,0.0,22194.0,37.0,0.16474999999972403,31.625,32.6875,36.89000000000004,0.0,0.0,0.0,0.0,0.0,20.0,0.3,0.1,0.2,0.1,0.4,0.1,0.1,0.1,0.5,0.0,65535.0,0.07742427710383765,0.0,51433.0,0.0659109909979974,0.0,0.0,0.0,0.0,0.0,0.0,0.0,0.0,0.0,0.0
18257.96,0.7533240246452104,0.0,22194.0,37.0,0.17684999999972809,31.6875,32.75,36.89000000000004,0.0,0.0,0.0,0.0,0.0,20.0,0.3,0.1,0.2,0.1,0.4,0.1,0.1,0.1,0.5,0.0,65535.0,0.07736324101625086,0.0,50914.0,0.06630789173901089,0.0,0.0,0.0,0.0,0.0,0.0,0.0,0.0,0.0,0.0
18318.03,0.7610878284007743,0.0,22194.0,37.0,0.15534999999973173,31.625,32.8125,36.85000000000002,0.0,0.0,0.0,0.0,0.0,20.0,0.3,0.1,0.2,0.1,0.4,0.1,0.1,0.1,0.5,0.0,65535.0,0.07736324101625086,0.0,51653.0,0.06586258300582735,0.0,0.0,0.0,0.0,0.0,0.0,0.0,0.0,0.0,0.0
18378.11,0.8413183030397778,0.0,22194.0,37.0,0.18274999999972186,31.625,32.75,36.85000000000002,0.0,0.0,0.0,0.0,0.0,20.0,0.3,0.1,0.2,0.1,0.4,0.1,0.1,0.1,0.5,0.0,65535.0,0.07779049362935836,0.0,51461.0,0.06601115407784536,0.0,0.0,0.0,0.0,0.0,0.0,0.0,0.0,0.0,0.0
18438.18,0.7980475923611181,0.0,22194.0,37.0,0.1630499999997247,31.6875,32.75,36.93000000000001,0.0,0.0,0.0,0.0,0.0,20.0,0.3,0.1,0.2,0.1,0.4,0.1,0.1,0.1,0.5,0.0,65535.0,0.07757686732280461,0.0,51491.0,0.06614748208424773,0.0,0.0,0.0,0.0,0.0,0.0,0.0,0.0,0.0,0.0
18498.24,0.7836719077473163,0.0,22194.0,37.0,0.14544999999972819,31.6875,32.75,36.73000000000002,0.0,0.0,0.0,0.0,0.0,20.0,0.3,0.1,0.2,0.1,0.4,0.1,0.1,0.1,0.5,0.0,65535.0,0.07769893949797818,0.0,51293.0,0.0662273604585421,0.0,0.0,0.0,0.0,0.0,0.0,0.0,0.0,0.0,0.0
18558.28,0.8259587652977811,0.0,22194.0,37.0,0.21254999999972488,31.625,32.6875,36.93000000000001,0.0,0.0,0.0,0.0,0.0,20.0,0.3,0.1,0.2,0.1,0.4,0.1,0.1,0.1,0.5,0.0,65535.0,0.07756160830090791,0.0,51775.0,0.06615161757605022,0.0,0.0,0.0,0.0,0.0,0.0,0.0,0.0,0.0,0.0
18618.33,0.7774077465584539,0.0,22194.0,37.0,0.1543499999997218,31.6875,32.6875,37.110000000000014,0.0,0.0,0.0,0.0,0.0,20.0,0.3,0.1,0.2,0.1,0.4,0.1,0.1,0.1,0.5,0.0,65535.0,0.0775921263447013,0.0,51132.0,0.06649456309160603,0.0,0.0,0.0,0.0,0.0,0.0,0.0,0.0,0.0,0.0
18678.37,0.8034304671707582,0.0,22194.0,37.0,0.16194999999972653,31.6875,32.6875,36.870000000000005,0.0,0.0,0.0,0.0,0.0,20.0,0.3,0.1,0.2,0.1,0.4,0.1,0.1,0.1,0.5,0.0,65535.0,0.07791256580453193,0.0,51228.0,0.06656515967830093,0.0,0.0,0.0,0.0,0.0,0.0,0.0,0.0,0.0,0.0
18738.41,0.8266156148411572,0.0,22194.0,37.0,0.10564999999971406,31.6875,32.6875,36.950000000000045,0.0,0.0,0.0,0.0,0.0,20.0,0.3,0.1,0.2,0.1,0.4,0.1,0.1,0.1,0.5,0.0,65535.0,0.07812619211108568,0.0,51311.0,0.06647697374831907,0.0,0.0,0.0,0.0,0.0,0.0,0.0,0.0,0.0,0.0
18798.49,0.8295933894768018,0.0,22194.0,37.0,0.13974999999972396,31.6875,32.6875,36.79000000000002,0.0,0.0,0.0,0.0,0.0,20.0,0.3,0.1,0.2,0.1,0.4,0.1,0.1,0.1,0.5,0.0,65535.0,0.07791256580453193,0.0,51541.0,0.06654896102132284,0.0,0.0,0.0,0.0,0.0,0.0,0.0,0.0,0.0,0.0
18858.54,0.7529254758333214,0.0,22194.0,37.0,0.16004999999971883,31.6875,32.6875,36.73000000000002,0.0,0.0,0.0,0.0,0.0,20.0,0.3,0.1,0.2,0.1,0.4,0.1,0.1,0.1,0.5,0.0,65535.0,0.07797360189211872,0.0,51351.0,0.06671729859204299,0.0,0.0,0.0,0.0,0.0,0.0,0.0,0.0,0.0,0.0
18918.61,0.7626556915246333,0.0,22194.0,37.0,0.186549999999724,31.6875,32.6875,36.690000000000055,0.0,0.0,0.0,0.0,0.0,20.0,0.3,0.1,0.2,0.1,0.4,0.1,0.1,0.1,0.5,0.0,65535.0,0.07818722819867246,0.0,51570.0,0.06649214659685863,0.0,0.0,0.0,0.0,0.0,0.0,0.0,0.0,0.0,0.0
18978.69,0.7620523752606514,0.0,22194.0,37.0,0.19534999999971342,31.625,32.75,36.81,0.0,0.0,0.0,0.0,0.0,20.0,0.3,0.1,0.2,0.1,0.4,0.1,0.1,0.1,0.5,0.0,65535.0,0.07818722819867246,0.0,51410.0,0.06679634312390585,0.0,0.0,0.0,0.0,0.0,0.0,0.0,0.0,0.0,0.0
19038.77,0.8322917683034172,0.0,22194.0,37.0,0.22984999999971387,31.625,32.6875,36.79000000000002,0.0,0.0,0.0,0.0,0.0,20.0,0.3,0.1,0.2,0.1,0.4,0.1,0.1,0.1,0.5,0.0,65535.0,0.07850766765850309,0.0,51496.0,0.06672362901972968,0.0,0.0,0.0,0.0,0.0,0.0,0.0,0.0,0.0,0.0
19098.84,0.7921266636043682,0.0,22194.0,37.0,0.20844999999972166,31.6875,32.75,36.97000000000003,0.0,0.0,0.0,0.0,0.0,20.0,0.3,0.1,0.2,0.1,0.4,0.1,0.1,0.1,0.5,0.0,65535.0,0.07852292668039978,0.0,52072.0,0.06640805039176524,0.0,0.0,0.0,0.0,0.0,0.0,0.0,0.0,0.0,0.0
19158.88,0.8339676779406678,0.0,22194.0,37.0,0.20584999999971065,31.6875,32.75,37.01000000000005,0.0,0.0,0.0,0.0,0.0,20.0,0.3,0.1,0.2,0.1,0.4,0.1,0.1,0.1,0.5,0.0,65535.0,0.07830930037384604,0.0,51959.0,0.06657172001000788,0.0,0.0,0.0,0.0,0.0,0.0,0.0,0.0,0.0,0.0
19218.94,0.7856373717799243,0.0,22194.0,37.0,0.16344999999971824,31.6875,32.6875,37.09000000000003,0.0,0.0,0.0,0.0,0.0,20.0,0.3,0.1,0.2,0.1,0.4,0.1,0.1,0.1,0.5,0.0,65535.0,0.07838559548332952,0.0,51358.0,0.06698080143307761,0.0,0.0,0.0,0.0,0.0,0.0,0.0,0.0,0.0,0.0
19279.03,0.7870652929195939,0.0,22194.0,37.0,0.2022499999997088,31.6875,32.6875,36.950000000000045,0.0,0.0,0.0,0.0,0.0,20.0,0.3,0.1,0.2,0.1,0.4,0.1,0.1,0.1,0.5,0.0,65535.0,0.078461890592813,0.0,51795.0,0.06666666666666667,0.0,0.0,0.0,0.0,0.0,0.0,0.0,0.0,0.0,0.0
19339.1,0.7667057397517367,0.0,22194.0,37.0,0.18514999999970672,31.6875,32.6875,36.950000000000045,0.0,0.0,0.0,0.0,0.0,20.0,0.3,0.1,0.2,0.1,0.4,0.1,0.1,0.1,0.5,0.0,65535.0,0.07872129396505684,0.0,51626.0,0.06692364312555689,0.0,0.0,0.0,0.0,0.0,0.0,0.0,0.0,0.0,0.0
19399.14,0.846167222155024,0.0,22194.0,37.0,0.18394999999970524,31.6875,32.6875,36.79000000000002,0.0,0.0,0.0,0.0,0.0,20.0,0.3,0.1,0.2,0.1,0.4,0.1,0.1,0.1,0.5,0.0,65535.0,0.07817196917677577,0.0,52100.0,0.06669865642994242,0.0,0.0,0.0,0.0,0.0,0.0,0.0,0.0,0.0,0.0
19459.19,0.8279715728215582,0.0,22194.0,37.0,0.1680499999997038,31.6875,32.6875,36.79000000000002,0.0,0.0,0.0,0.0,0.0,20.0,0.3,0.1,0.2,0.1,0.4,0.1,0.1,0.1,0.5,0.0,65535.0,0.07922484168764782,0.0,52050.0,0.06672430355427474,0.0,0.0,0.0,0.0,0.0,0.0,0.0,0.0,0.0,0.0
19519.23,0.7630382062162008,0.0,22194.0,37.0,0.15684999999971228,31.625,32.6875,36.81,0.0,0.0,0.0,0.0,0.0,20.0,0.3,0.1,0.2,0.1,0.4,0.1,0.1,0.1,0.5,0.0,65535.0,0.07914854657816434,0.0,51657.0,0.0671351414135548,0.0,0.0,0.0,0.0,0.0,0.0,0.0,0.0,0.0,0.0
19579.27,0.830777630703551,0.0,22194.0,37.0,0.1821499999997026,31.6875,32.75,36.93000000000001,0.0,0.0,0.0,0.0,0.0,20.0,0.3,0.1,0.2,0.1,0.4,0.1,0.1,0.1,0.5,0.0,65535.0,0.07891966124971389,0.0,51616.0,0.06726596404215747,0.0,0.0,0.0,0.0,0.0,0.0,0.0,0.0,0.0,0.0
19639.32,0.7635060117722438,0.0,22194.0,37.0,0.1856499999997119,31.625,32.6875,36.870000000000005,0.0,0.0,0.0,0.0,0.0,20.0,0.3,0.1,0.2,0.1,0.4,0.1,0.1,0.1,0.5,0.0,65535.0,0.07917906462195773,0.0,51703.0,0.06717211767208867,0.0,0.0,0.0,0.0,0.0,0.0,0.0,0.0,0.0,0.0
19699.36,0.8303560253629335,0.0,22194.0,37.0,0.18594999999971162,31.625,32.6875,37.01000000000005,0.0,0.0,0.0,0.0,0.0,20.0,0.3,0.1,0.2,0.1,0.4,0.1,0.1,0.1,0.5,0.0,65535.0,0.07905699244678416,0.0,52165.0,0.06697977571168408,0.0,0.0,0.0,0.0,0.0,0.0,0.0,0.0,0.0,0.0
19759.41,0.8103662670567982,0.0,22194.0,37.0,0.1836499999997012,31.625,32.6875,36.950000000000045,0.0,0.0,0.0,0.0,0.0,20.0,0.3,0.1,0.2,0.1,0.4,0.1,0.1,0.1,0.5,0.0,65535.0,0.07907225146868085,0.0,51866.0,0.06707669764392858,0.0,0.0,0.0,0.0,0.0,0.0,0.0,0.0,0.0,0.0
19819.45,0.7569799135435935,0.0,22194.0,37.0,0.2104499999997061,31.625,32.625,36.950000000000045,0.0,0.0,0.0,0.0,0.0,20.0,0.3,0.1,0.2,0.1,0.4,0.1,0.1,0.1,0.5,0.0,65535.0,0.07895017929350728,0.0,52108.0,0.0671873800568051,0.0,0.0,0.0,0.0,0.0,0.0,0.0,0.0,0.0,0.0
19879.49,0.7606646987512973,0.0,22194.0,37.0,0.14194999999969735,31.6875,32.6875,37.01000000000005,0.0,0.0,0.0,0.0,0.0,20.0,0.3,0.1,0.2,0.1,0.4,0.1,0.1,0.1,0.5,0.0,65535.0,0.07899595635919737,0.0,51811.0,0.06728300939954836,0.0,0.0,0.0,0.0,0.0,0.0,0.0,0.0,0.0,0.0
19939.55,0.8200010236314679,0.0,22194.0,37.0,0.1460499999997061,31.6875,32.625,37.13000000000005,0.0,0.0,0.0,0.0,0.0,20.0,0.3,0.1,0.2,0.1,0.4,0.1,0.1,0.1,0.5,0.0,65535.0,0.07934691386282139,0.0,51767.0,0.06735951474877817,0.0,0.0,0.0,0.0,0.0,0.0,0.0,0.0,0.0,0.0
19999.63,0.83783187076179,0.0,22194.0,37.0,0.18104999999970184,31.625,32.6875,37.01000000000005,0.0,0.0,0.0,0.0,0.0,20.0,0.3,0.1,0.2,0.1,0.4,0.1,0.1,0.1,0.5,0.0,65535.0,0.07925535973144121,0.0,52049.0,0.06726354012565083,0.0,0.0,0.0,0.0,0.0,0.0,0.0,0.0,0.0,0.0
20059.68,0.814966889644368,0.0,22194.0,37.0,0.14894999999970004,31.6875,32.6875,36.97000000000003,0.0,0.0,0.0,0.0,0.0,20.0,0.3,0.1,0.2,0.1,0.4,0.1,0.1,0.1,0.5,0.0,65535.0,0.07943846799420157,0.0,51892.0,0.0673899637709088,0.0,0.0,0.0,0.0,0.0,0.0,0.0,0.0,0.0,0.0
20119.76,0.7555724933938627,0.0,22194.0,37.0,0.15564999999970475,31.6875,32.6875,36.870000000000005,0.0,0.0,0.0,0.0,0.0,20.0,0.3,0.1,0.2,0.1,0.4,0.1,0.1,0.1,0.5,0.0,65535.0,0.07951476310368505,0.0,52178.0,0.06721223504158841,0.0,0.0,0.0,0.0,0.0,0.0,0.0,0.0,0.0,0.0
20179.84,0.8448468876623216,0.0,22194.0,37.0,0.16894999999969437,31.6875,32.6875,37.01000000000005,0.0,0.0,0.0,0.0,0.0,20.0,0.3,0.1,0.2,0.1,0.4,0.1,0.1,0.1,0.5,0.0,65535.0,0.07942320897230487,0.0,51690.0,0.0677500483652544,0.0,0.0,0.0,0.0,0.0,0.0,0.0,0.0,0.0,0.0
20239.92,0.7644551733798806,0.0,22194.0,37.0,0.181349999999699,31.625,32.6875,36.93000000000001,0.0,0.0,0.0,0.0,0.0,20.0,0.3,0.1,0.2,0.1,0.4,0.1,0.1,0.1,0.5,0.0,65535.0,0.07927061875333791,0.0,51841.0,0.06764915800235335,0.0,0.0,0.0,0.0,0.0,0.0,0.0,0.0,0.0,0.0
20299.96,0.7703973067798409,0.0,22194.0,37.0,0.1445499999997015,31.6875,32.6875,36.97000000000003,0.0,0.0,0.0,0.0,0.0,20.0,0.3,0.1,0.2,0.1,0.4,0.1,0.1,0.1,0.5,0.0,65535.0,0.07980468451972228,0.0,51983.0,0.06763749687397803,0.0,0.0,0.0,0.0,0.0,0.0,0.0,0.0,0.0,0.0
20360.03,0.774763311511037,0.0,22194.0,37.0,0.12244999999968975,31.625,32.625,36.81,0.0,0.0,0.0,0.0,0.0,20.0,0.3,0.1,0.2,0.1,0.4,0.1,0.1,0.1,0.5,0.0,65535.0,0.08001831082627603,0.0,51889.0,0.06781784193181599,0.0,0.0,0.0,0.0,0.0,0.0,0.0,0.0,0.0,0.0
20420.1,0.779068260594792,0.0,22194.0,37.0,0.16804999999969006,31.6875,32.6875,37.03000000000003,0.0,0.0,0.0,0.0,0.0,20.0,0.3,0.1,0.2,0.1,0.4,0.1,0.1,0.1,0.5,0.0,65535.0,0.08047608148317693,0.0,51847.0,0.06791135456246263,0.0,0.0,0.0,0.0,0.0,0.0,0.0,0.0,0.0,0.0
20480.16,0.8330052401381833,0.0,22194.0,37.0,0.18334999999968948,31.625,32.6875,36.950000000000045,0.0,0.0,0.0,0.0,0.0,20.0,0.3,0.1,0.2,0.1,0.4,0.1,0.1,0.1,0.5,0.0,65535.0,0.07992675669489585,0.0,52000.0,0.06784615384615385,0.0,0.0,0.0,0.0,0.0,0.0,0.0,0.0,0.0,0.0
20540.22,0.7628053192127849,0.0,22194.0,37.0,0.14214999999969682,31.625,32.6875,36.77000000000004,0.0,0.0,0.0,0.0,0.0,20.0,0.3,0.1,0.2,0.1,0.4,0.1,0.1,0.1,0.5,0.0,65535.0,0.08006408789196612,0.0,51557.0,0.06817696917974281,0.0,0.0,0.0,0.0,0.0,0.0,0.0,0.0,0.0,0.0
20600.26,0.8400484835378041,0.0,22194.0,37.0,0.21104999999969357,31.625,32.6875,36.97000000000003,0.0,0.0,0.0,0.0,0.0,20.0,0.3,0.1,0.2,0.1,0.4,0.1,0.1,0.1,0.5,0.0,65535.0,0.08039978637369345,0.0,52093.0,0.06787860173151863,0.0,0.0,0.0,0.0,0.0,0.0,0.0,0.0,0.0,0.0
20660.31,0.8381217952962194,0.0,22194.0,37.0,0.21314999999969253,31.625,32.625,36.81,0.0,0.0,0.0,0.0,0.0,20.0,0.3,0.1,0.2,0.1,0.4,0.1,0.1,0.1,0.5,0.0,65535.0,0.08024719615472649,0.0,52315.0,0.06776259199082481,0.0,0.0,0.0,0.0,0.0,0.0,0.0,0.0,0.0,0.0
20720.37,0.7704695053531637,0.0,22194.0,37.0,0.1292499999996935,31.6875,32.6875,36.79000000000002,0.0,0.0,0.0,0.0,0.0,20.0,0.3,0.1,0.2,0.1,0.4,0.1,0.1,0.1,0.5,0.0,65535.0,0.08068970778973068,0.0,51856.0,0.0681695464362851,0.0,0.0,0.0,0.0,0.0,0.0,0.0,0.0,0.0,0.0
20780.42,0.7956091962100469,0.0,22194.0,37.0,0.14244999999969316,31.6875,32.625,36.950000000000045,0.0,0.0,0.0,0.0,0.0,20.0,0.3,0.1,0.2,0.1,0.4,0.1,0.1,0.1,0.5,0.0,65535.0,0.08041504539559015,0.0,52496.0,0.06768134715025907,0.0,0.0,0.0,0.0,0.0,0.0,0.0,0.0,0.0,0.0
20840.5,0.7759316182310275,0.0,22194.0,37.0,0.16804999999968323,31.625,32.6875,36.85000000000002,0.0,0.0,0.0,0.0,0.0,20.0,0.3,0.1,0.2,0.1,0.4,0.1,0.1,0.1,0.5,0.0,65535.0,0.08075074387731747,0.0,52342.0,0.0679760039738642,0.0,0.0,0.0,0.0,0.0,0.0,0.0,0.0,0.0,0.0
20900.57,0.8050242443330631,0.0,22194.0,37.0,0.18544999999968245,31.625,32.625,36.93000000000001,0.0,0.0,0.0,0.0,0.0,20.0,0.3,0.1,0.2,0.1,0.4,0.1,0.1,0.1,0.5,0.0,65535.0,0.08088807507438774,0.0,51963.0,0.06835633046590843,0.0,0.0,0.0,0.0,0.0,0.0,0.0,0.0,0.0,0.0
20960.64,0.8010259521391205,0.0,22194.0,37.0,0.22404999999969252,31.625,32.6875,36.89000000000004,0.0,0.0,0.0,0.0,0.0,20.0,0.3,0.1,0.2,0.1,0.4,0.1,0.1,0.1,0.5,0.0,65535.0,0.08029297322041658,0.0,52342.0,0.06791868862481372,0.0,0.0,0.0,0.0,0.0,0.0,0.0,0.0,0.0,0.0
21020.71,0.8062647023122992,0.0,22194.0,37.0,0.1454499999996887,31.625,32.6875,36.89000000000004,0.0,0.0,0.0,0.0,0.0,20.0,0.3,0.1,0.2,0.1,0.4,0.1,0.1,0.1,0.5,0.0,65535.0,0.08091859311818113,0.0,52080.0,0.06829877112135177,0.0,0.0,0.0,0.0,0.0,0.0,0.0,0.0,0.0,0.0
21080.76,0.8309789213737586,0.0,22194.0,37.0,0.12624999999968767,31.6875,32.6875,36.73000000000002,0.0,0.0,0.0,0.0,0.0,20.0,0.3,0.1,0.2,0.1,0.4,0.1,0.1,0.1,0.5,0.0,65535.0,0.08093385214007782,0.0,51811.0,0.06857617108336067,0.0,0.0,0.0,0.0,0.0,0.0,0.0,0.0,0.0,0.0
21140.81,0.7621907557612461,0.0,22194.0,37.0,0.16804999999967893,31.6875,32.6875,36.93000000000001,0.0,0.0,0.0,0.0,0.0,20.0,0.3,0.1,0.2,0.1,0.4,0.1,0.1,0.1,0.5,0.0,65535.0,0.08097962920576791,0.0,52207.0,0.06830501656865938,0.0,0.0,0.0,0.0,0.0,0.0,0.0,0.0,0.0,0.0
21200.87,0.7937109571621263,0.0,22194.0,37.0,0.20484999999968895,31.5625,32.6875,36.89000000000004,0.0,0.0,0.0,0.0,0.0,20.0,0.3,0.1,0.2,0.1,0.4,0.1,0.1,0.1,0.5,0.0,65535.0,0.08084229800869765,0.0,52119.0,0.0684011588863946,0.0,0.0,0.0,0.0,0.0,0.0,0.0,0.0,0.0,0.0
21260.95,0.7720939501331453,0.0,22194.0,37.0,0.1507499999996813,31.625,32.625,36.79000000000002,0.0,0.0,0.0,0.0,0.0,20.0,0.3,0.1,0.2,0.1,0.4,0.1,0.1,0.1,0.5,0.0,65535.0,0.08094911116197452,0.0,51988.0,0.06866969300607832,0.0,0.0,0.0,0.0,0.0,0.0,0.0,0.0,0.0,0.0
21321.02,0.8215560125537565,0.0,22194.0,37.0,0.16484999999968097,31.625,32.625,37.01000000000005,0.0,0.0,0.0,0.0,0.0,20.0,0.3,0.1,0.2,0.1,0.4,0.1,0.1,0.1,0.5,0.0,65535.0,0.08099488822766461,0.0,52196.0,0.06853015556747644,0.0,0.0,0.0,0.0,0.0,0.0,0.0,0.0,0.0,0.0
21381.1,0.7872237631166416,0.0,22194.0,37.0,0.18274999999967548,31.625,32.6875,36.950000000000045,0.0,0.0,0.0,0.0,0.0,20.0,0.3,0.1,0.2,0.1,0.4,0.1,0.1,0.1,0.5,0.0,65535.0,0.0810559243152514,0.0,52541.0,0.06842275556232276,0.0,0.0,0.0,0.0,0.0,0.0,0.0,0.0,0.0,0.0
21441.18,0.7866272396196161,0.0,22194.0,37.0,0.1910499999996847,31.625,32.6875,36.81,0.0,0.0,0.0,0.0,0.0,20.0,0.3,0.1,0.2,0.1,0.4,0.1,0.1,0.1,0.5,0.0,65535.0,0.0810101472495613,0.0,52414.0,0.06845499294081733,0.0,0.0,0.0,0.0,0.0,0.0,0.0,0.0,0.0,0.0
21501.25,0.8446330331632961,0.0,22194.0,37.0,0.17894999999967892,31.625,32.6875,36.93000000000001,0.0,0.0,0.0,0.0,0.0,20.0,0.3,0.1,0.2,0.1,0.4,0.1,0.1,0.1,0.5,0.0,65535.0,0.0814831769283589,0.0,52208.0,0.06870594544897334,0.0,0.0,0.0,0.0,0.0,0.0,0.0,0.0,0.0,0.0
21561.32,0.7822987893421539,0.0,22194.0,37.0,0.1686499999996724,31.625,32.6875,36.81,0.0,0.0,0.0,0.0,0.0,20.0,0.3,0.1,0.2,0.1,0.4,0.1,0.1,0.1,0.5,0.0,65535.0,0.08158999008163577,0.0,52127.0,0.06888944309091258,0.0,0.0,0.0,0.0,0.0,0.0,0.0,0.0,0.0,0.0
21621.39,0.8054704753361275,0.0,22194.0,37.0,0.2431499999996791,31.625,32.6875,36.97000000000003,0.0,0.0,0.0,0.0,0.0,20.0,0.3,0.1,0.2,0.1,0.4,0.1,0.1,0.1,0.5,0.0,65535.0,0.08203250171663996,0.0,52381.0,0.06866993757278403,0.0,0.0,0.0,0.0,0.0,0.0,0.0,0.0,0.0,0.0
21681.47,0.8347280244748552,0.0,22194.0,37.0,0.1675499999996751,31.625,32.625,36.870000000000005,0.0,0.0048,0.25,0.0,0.0,20.0,0.3,0.1,0.2,0.1,0.4,0.1,0.1,0.1,0.5,0.0,65535.0,0.08151369497215229,0.0,52447.0,0.0686597898831201,0.0,0.0,0.0,0.0,0.0,0.0,0.0,0.0,0.0,0.0
21741.54,0.8160660645823095,0.0,22194.0,37.0,0.3182999999996795,31.625,32.6875,36.49000000000001,0.0,0.0,0.0,0.0,0.0,20.0,0.3,0.1,0.2,0.1,0.4,0.1,0.1,0.1,0.5,0.0,65535.0,0.07968261234454871,0.0,51015.0,0.06913652847201804,0.0,0.0,0.0,0.0,0.0,0.0,0.0,0.0,0.0,0.0
21801.59,0.8254542550960662,0.0,22194.0,37.0,0.26234999999967695,31.6875,32.6875,36.97000000000003,0.0,0.0,0.0,0.0,0.0,20.0,0.3,0.1,0.2,0.1,0.4,0.1,0.1,0.1,0.5,0.0,65535.0,0.07966735332265201,0.0,51576.0,0.06861718628819606,0.0,0.0,0.0,0.0,0.0,0.0,0.0,0.0,0.0,0.0
21861.67,0.8127167298850705,0.0,22194.0,37.0,0.14404999999966658,31.75,32.6875,37.170000000000016,0.0,0.0,0.0,0.0,0.0,20.0,0.3,0.1,0.2,0.1,0.4,0.1,0.1,0.1,0.5,0.0,65535.0,0.07957579919127183,0.0,52340.0,0.06784486052732136,0.0,0.0,0.0,0.0,0.0,0.0,0.0,0.0,0.0,0.0
21921.72,0.7547671525409142,0.0,22194.0,37.0,0.1180499999996692,31.75,32.6875,37.05000000000001,0.0,0.0,0.0,0.0,0.0,20.0,0.3,0.1,0.2,0.1,0.4,0.1,0.1,0.1,0.5,0.0,65535.0,0.08004882887006942,0.0,51177.0,0.06878089766887469,0.0,0.0,0.0,0.0,0.0,0.0,0.0,0.0,0.0,0.0
21981.79,0.8071668501601498,0.0,22194.0,37.0,0.1376499999996738,31.6875,32.625,36.89000000000004,0.0,0.0,0.0,0.0,0.0,20.0,0.3,0.1,0.2,0.1,0.4,0.1,0.1,0.1,0.5,0.0,65535.0,0.0802014190890364,0.0,51384.0,0.06881519539156157,0.0,0.0,0.0,0.0,0.0,0.0,0.0,0.0,0.0,0.0
22041.83,0.8314214710116419,0.0,22194.0,37.0,0.17554999999966436,31.6875,32.625,36.79000000000002,0.0,0.0,0.0,0.0,0.0,20.0,0.3,0.1,0.2,0.1,0.4,0.1,0.1,0.1,0.5,0.0,65535.0,0.08046082246128024,0.0,51856.0,0.06847809318111694,0.0,0.0,0.0,0.0,0.0,0.0,0.0,0.0,0.0,0.0
22101.87,0.8181295286863794,0.0,22194.0,37.0,0.1216499999996665,31.6875,32.625,36.870000000000005,0.0,0.0,0.0,0.0,0.0,20.0,0.3,0.1,0.2,0.1,0.4,0.1,0.1,0.1,0.5,0.0,65535.0,0.08006408789196612,0.0,51335.0,0.06897827992597642,0.0,0.0,0.0,0.0,0.0,0.0,0.0,0.0,0.0,0.0
22161.92,0.8187978399876613,0.0,22194.0,37.0,0.1946499999996737,31.6875,32.6875,37.03000000000003,0.0,0.0,0.0,0.0,0.0,20.0,0.3,0.1,0.2,0.1,0.4,0.1,0.1,0.1,0.5,0.0,65535.0,0.08015564202334631,0.0,51712.0,0.06874613242574257,0.0,0.0,0.0,0.0,0.0,0.0,0.0,0.0,0.0,0.0
22221.96,0.7547165845012391,0.0,22194.0,37.0,0.1684499999996674,31.6875,32.5625,36.870000000000005,0.0,0.0,0.0,0.0,0.0,20.0,0.3,0.1,0.2,0.1,0.4,0.1,0.1,0.1,0.5,0.0,65535.0,0.08050659952697033,0.0,51463.0,0.06902046130229485,0.0,0.0,0.0,0.0,0.0,0.0,0.0,0.0,0.0,0.0
22281.99,0.7522757401507789,0.0,22194.0,37.0,0.1619499999996716,31.625,32.625,36.950000000000045,0.0,0.0,0.0,0.0,0.0,20.0,0.3,0.1,0.2,0.1,0.4,0.1,0.1,0.1,0.5,0.0,65535.0,0.08053711757076372,0.0,51943.0,0.06870993204089097,0.0,0.0,0.0,0.0,0.0,0.0,0.0,0.0,0.0,0.0
22342.03,0.7768484129202163,0.0,22194.0,37.0,0.12924999999966952,31.625,32.625,36.79000000000002,0.0,0.0,0.0,0.0,0.0,20.0,0.3,0.1,0.2,0.1,0.4,0.1,0.1,0.1,0.5,0.0,65535.0,0.08056763561455711,0.0,51555.0,0.06914945204150907,0.0,0.0,0.0,0.0,0.0,0.0,0.0,0.0,0.0,0.0
22402.07,0.8203068923868957,0.0,22194.0,37.0,0.1686499999996604,31.625,32.625,36.81,0.0,0.0,0.0,0.0,0.0,20.0,0.3,0.1,0.2,0.1,0.4,0.1,0.1,0.1,0.5,0.0,65535.0,0.08091859311818113,0.0,51890.0,0.06904991327808827,0.0,0.0,0.0,0.0,0.0,0.0,0.0,0.0,0.0,0.0
22462.12,0.7962258490848504,0.0,22194.0,37.0,0.1671499999996592,31.5625,32.625,36.81,0.0,0.0,0.0,0.0,0.0,20.0,0.3,0.1,0.2,0.1,0.4,0.1,0.1,0.1,0.5,0.0,65535.0,0.08076600289921416,0.0,51631.0,0.06924134725261955,0.0,0.0,0.0,0.0,0.0,0.0,0.0,0.0,0.0,0.0
22522.16,0.7858485401114571,0.0,22194.0,37.0,0.16984999999965847,31.625,32.6875,36.77000000000004,0.0,0.0,0.0,0.0,0.0,20.0,0.3,0.1,0.2,0.1,0.4,0.1,0.1,0.1,0.5,0.0,65535.0,0.08091859311818113,0.0,51771.0,0.06905410364876088,0.0,0.0,0.0,0.0,0.0,0.0,0.0,0.0,0.0,0.0
22582.23,0.814532060317061,0.0,22194.0,37.0,0.19984999999965875,31.5625,32.625,36.89000000000004,0.0,0.0,0.0,0.0,0.0,20.0,0.3,0.1,0.2,0.1,0.4,0.1,0.1,0.1,0.5,0.0,65535.0,0.08067444876783399,0.0,51641.0,0.0691892101237389,0.0,0.0,0.0,0.0,0.0,0.0,0.0,0.0,0.0,0.0
22642.27,0.7526945884498031,0.0,22194.0,37.0,0.26374999999966,31.625,32.625,36.81,0.0,0.0,0.0,0.0,0.0,20.0,0.3,0.1,0.2,0.1,0.4,0.1,0.1,0.1,0.5,0.0,65535.0,0.08094911116197452,0.0,52246.0,0.06894307698196991,0.0,0.0,0.0,0.0,0.0,0.0,0.0,0.0,0.0,0.0
22702.34,0.7672762778408161,0.0,22194.0,37.0,0.17314999999965544,31.625,32.625,36.870000000000005,0.0,0.0,0.0,0.0,0.0,20.0,0.3,0.1,0.2,0.1,0.4,0.1,0.1,0.1,0.5,0.0,65535.0,0.08119325551232166,0.0,51176.0,0.0698178833828357,0.0,0.0,0.0,0.0,0.0,0.0,0.0,0.0,0.0,0.0
22762.42,0.8374840758239398,0.0,22194.0,37.0,0.18844999999965487,31.625,32.625,36.870000000000005,0.0,0.0,0.0,0.0,0.0,20.0,0.3,0.1,0.2,0.1,0.4,0.1,0.1,0.1,0.5,0.0,65535.0,0.08126955062180514,0.0,51632.0,0.0695305237062287,0.0,0.0,0.0,0.0,0.0,0.0,0.0,0.0,0.0,0.0
22822.46,0.8169820609298049,0.0,22194.0,37.0,0.1719499999996531,31.625,32.6875,36.85000000000002,0.0,0.0,0.0,0.0,0.0,20.0,0.3,0.1,0.2,0.1,0.4,0.1,0.1,0.1,0.5,0.0,65535.0,0.08162050812542916,0.0,52121.0,0.06910842079008461,0.0,0.0,0.0,0.0,0.0,0.0,0.0,0.0,0.0,0.0
22882.53,0.7660648014782168,0.0,22194.0,37.0,0.15014999999965614,31.6875,32.625,36.870000000000005,0.0,0.0,0.0,0.0,0.0,20.0,0.3,0.1,0.2,0.1,0.4,0.1,0.1,0.1,0.5,0.0,65535.0,0.08128480964370184,0.0,52011.0,0.06931226086789333,0.0,0.0,0.0,0.0,0.0,0.0,0.0,0.0,0.0,0.0
22942.57,0.8046166300346727,0.0,22194.0,37.0,0.19164999999966187,31.5625,32.625,36.710000000000036,0.0,0.0,0.0,0.0,0.0,20.0,0.3,0.1,0.2,0.1,0.4,0.1,0.1,0.1,0.5,0.0,65535.0,0.0814526588845655,0.0,51438.0,0.06967611493448424,0.0,0.0,0.0,0.0,0.0,0.0,0.0,0.0,0.0,0.0
23002.64,0.7744845268275634,0.0,22194.0,37.0,0.18254999999965593,31.5625,32.625,36.870000000000005,0.0,0.0,0.0,0.0,0.0,20.0,0.3,0.1,0.2,0.1,0.4,0.1,0.1,0.1,0.5,0.0,65535.0,0.08168154421301595,0.0,51595.0,0.06961914914235875,0.0,0.0,0.0,0.0,0.0,0.0,0.0,0.0,0.0,0.0
23062.68,0.7627141077112601,0.0,22194.0,37.0,0.23554999999965207,31.625,32.625,36.870000000000005,0.0,0.0,0.0,0.0,0.0,20.0,0.3,0.1,0.2,0.1,0.4,0.1,0.1,0.1,0.5,0.0,65535.0,0.081879911497673,0.0,52421.0,0.06903721790885332,0.0,0.0,0.0,0.0,0.0,0.0,0.0,0.0,0.0,0.0
23122.73,0.7613053644470338,0.0,22194.0,37.0,0.1843499999996543,31.6875,32.625,37.05000000000001,0.0,0.0,0.0,0.0,0.0,20.0,0.3,0.1,0.2,0.1,0.4,0.1,0.1,0.1,0.5,0.0,65535.0,0.08194094758525979,0.0,52198.0,0.06925552703168704,0.0,0.0,0.0,0.0,0.0,0.0,0.0,0.0,0.0,0.0
23182.8,0.8137081224481181,0.0,22194.0,37.0,0.19494999999965884,31.625,32.625,36.81,0.0,0.0,0.0,0.0,0.0,20.0,0.3,0.1,0.2,0.1,0.4,0.1,0.1,0.1,0.5,0.0,65535.0,0.08195620660715648,0.0,51892.0,0.06960610498728127,0.0,0.0,0.0,0.0,0.0,0.0,0.0,0.0,0.0,0.0
23242.85,0.7674459844891495,0.0,22194.0,37.0,0.20404999999964885,31.625,32.625,36.950000000000045,0.0,0.0,0.0,0.0,0.0,20.0,0.3,0.1,0.2,0.1,0.4,0.1,0.1,0.1,0.5,0.0,65535.0,0.08158999008163577,0.0,52030.0,0.06945992696521237,0.0,0.0,0.0,0.0,0.0,0.0,0.0,0.0,0.0,0.0
23302.9,0.7572188989287856,0.0,22194.0,37.0,0.19024999999964717,31.6875,32.625,36.73000000000002,0.0,0.0,0.0,0.0,0.0,20.0,0.3,0.1,0.2,0.1,0.4,0.1,0.1,0.1,0.5,0.0,65535.0,0.08216983291371023,0.0,52000.0,0.06961538461538462,0.0,0.0,0.0,0.0,0.0,0.0,0.0,0.0,0.0,0.0
23362.94,0.796935854851379,0.0,22194.0,37.0,0.1331499999996539,31.625,32.625,36.97000000000003,0.0,0.0,0.0,0.0,0.0,20.0,0.3,0.1,0.2,0.1,0.4,0.1,0.1,0.1,0.5,0.0,65535.0,0.08212405584802014,0.0,51736.0,0.069777331065409,0.0,0.0,0.0,0.0,0.0,0.0,0.0,0.0,0.0,0.0
23422.99,0.8324576399500728,0.0,22194.0,37.0,0.18344999999964995,31.625,32.625,36.950000000000045,0.0,0.0,0.0,0.0,0.0,20.0,0.3,0.1,0.2,0.1,0.4,0.1,0.1,0.1,0.5,0.0,65535.0,0.08204776073853666,0.0,52089.0,0.06972681372266698,0.0,0.0,0.0,0.0,0.0,0.0,0.0,0.0,0.0,0.0
23483.06,0.827625255489402,0.0,22194.0,37.0,0.22994999999965113,31.625,32.625,36.93000000000001,0.0,0.0,0.0,0.0,0.0,20.0,0.3,0.1,0.2,0.1,0.4,0.1,0.1,0.1,0.5,0.0,65535.0,0.08206301976043336,0.0,51421.0,0.0703409113008304,0.0,0.0,0.0,0.0,0.0,0.0,0.0,0.0,0.0,0.0
23543.1,0.8260591278220822,0.0,22194.0,37.0,0.15464999999964768,31.625,32.625,36.93000000000001,0.0,0.0,0.0,0.0,0.0,20.0,0.3,0.1,0.2,0.1,0.4,0.1,0.1,0.1,0.5,0.0,65535.0,0.0822919050888838,0.0,51949.0,0.06989547440759206,0.0,0.0,0.0,0.0,0.0,0.0,0.0,0.0,0.0,0.0
23603.18,0.794789904422291,0.0,22194.0,37.0,0.12394999999964035,31.6875,32.625,36.89000000000004,0.0,0.0,0.0,0.0,0.0,20.0,0.3,0.1,0.2,0.1,0.4,0.1,0.1,0.1,0.5,0.0,65535.0,0.08259708552681773,0.0,52101.0,0.06997946296616188,0.0,0.0,0.0,0.0,0.0,0.0,0.0,0.0,0.0,0.0
23663.23,0.7702041928027248,0.0,22194.0,37.0,0.1601499999996509,31.625,32.625,36.89000000000004,0.0,0.0,0.0,0.0,0.0,20.0,0.3,0.1,0.2,0.1,0.4,0.1,0.1,0.1,0.5,0.0,65535.0,0.08278019378957809,0.0,52306.0,0.06987726073490613,0.0,0.0,0.0,0.0,0.0,0.0,0.0,0.0,0.0,0.0
23723.27,0.8501733419061879,0.0,22194.0,37.0,0.22224999999965298,31.625,32.625,36.950000000000045,0.0,0.0,0.0,0.0,0.0,20.0,0.3,0.1,0.2,0.1,0.4,0.1,0.1,0.1,0.5,0.0,65535.0,0.08241397726405737,0.0,51752.0,0.07025815427423095,0.0,0.0,0.0,0.0,0.0,0.0,0.0,0.0,0.0,0.0
23783.34,0.7789430734699888,0.0,22194.0,37.0,0.15984999999965033,31.625,32.625,36.79000000000002,0.0,0.0,0.0,0.0,0.0,20.0,0.3,0.1,0.2,0.1,0.4,0.1,0.1,0.1,0.5,0.0,65535.0,0.08288700694285496,0.0,52094.0,0.07016163089799209,0.0,0.0,0.0,0.0,0.0,0.0,0.0,0.0,0.0,0.0
23843.4,0.8237882570922697,0.0,22194.0,37.0,0.16364999999964516,31.625,32.625,36.870000000000005,0.0,0.0,0.0,0.0,0.0,20.0,0.3,0.1,0.2,0.1,0.4,0.1,0.1,0.1,0.5,0.0,65535.0,0.08319218738078889,0.0,51890.0,0.0704181923299287,0.0,0.0,0.0,0.0,0.0,0.0,0.0,0.0,0.0,0.0
23903.44,0.8259933395668573,0.0,22194.0,37.0,0.1471499999996434,31.5625,32.625,36.79000000000002,0.0,0.0,0.0,0.0,0.0,20.0,0.3,0.1,0.2,0.1,0.4,0.1,0.1,0.1,0.5,0.0,65535.0,0.08290226596475166,0.0,52070.0,0.07025158440560783,0.0,0.0,0.0,0.0,0.0,0.0,0.0,0.0,0.0,0.0
23963.51,0.8357844807534189,0.0,22194.0,37.0,0.20514999999965003,31.625,32.625,36.89000000000004,0.0,0.0,0.0,0.0,0.0,20.0,0.3,0.1,0.2,0.1,0.4,0.1,0.1,0.1,0.5,0.0,65535.0,0.08259708552681773,0.0,52135.0,0.07031744509446629,0.0,0.0,0.0,0.0,0.0,0.0,0.0,0.0,0.0,0.0
24023.58,0.7741879085027134,0.0,22194.0,37.0,0.19164999999964893,31.625,32.5625,36.89000000000004,0.0,0.0,0.0,0.0,0.0,20.0,0.3,0.1,0.2,0.1,0.4,0.1,0.1,0.1,0.5,0.0,65535.0,0.0831464103150988,0.0,52141.0,0.07038606854490707,0.0,0.0,0.0,0.0,0.0,0.0,0.0,0.0,0.0,0.0
24083.63,0.7742685623106846,0.0,22194.0,37.0,0.16254999999964698,31.5625,32.625,36.650000000000034,0.0,0.0,0.0,0.0,0.0,20.0,0.3,0.1,0.2,0.1,0.4,0.1,0.1,0.1,0.5,0.0,65535.0,0.0831158922713054,0.0,53224.0,0.06949872238088081,0.0,0.0,0.0,0.0,0.0,0.0,0.0,0.0,0.0,0.0
24143.71,0.7764594132304523,0.0,22194.0,37.0,0.17194999999963673,31.6875,32.625,36.73000000000002,0.0,0.0,0.0,0.0,0.0,20.0,0.3,0.1,0.2,0.1,0.4,0.1,0.1,0.1,0.5,0.0,65535.0,0.08326848249027237,0.0,52088.0,0.07036169559207495,0.0,0.0,0.0,0.0,0.0,0.0,0.0,0.0,0.0,0.0
24203.76,0.8417310033684293,0.0,22194.0,37.0,0.18164999999964127,31.625,32.625,36.710000000000036,0.0,0.0,0.0,0.0,0.0,20.0,0.3,0.1,0.2,0.1,0.4,0.1,0.1,0.1,0.5,0.0,65535.0,0.08334477759975585,0.0,52013.0,0.07057850921884913,0.0,0.0,0.0,0.0,0.0,0.0,0.0,0.0,0.0,0.0
24263.82,0.8328428030875134,0.0,22194.0,37.0,0.18784999999963561,31.625,32.6875,36.73000000000002,0.0,0.0,0.0,0.0,0.0,20.0,0.3,0.1,0.2,0.1,0.4,0.1,0.1,0.1,0.5,0.0,65535.0,0.08320744640268558,0.0,52454.0,0.07027109467342815,0.0,0.0,0.0,0.0,0.0,0.0,0.0,0.0,0.0,0.0
24323.89,0.8359396290679965,0.0,22194.0,37.0,0.22964999999964106,31.6875,32.625,36.950000000000045,0.0,0.0,0.0,0.0,0.0,20.0,0.3,0.1,0.2,0.1,0.4,0.1,0.1,0.1,0.5,0.0,65535.0,0.08334477759975585,0.0,52067.0,0.07060134058040601,0.0,0.0,0.0,0.0,0.0,0.0,0.0,0.0,0.0,0.0
24383.96,0.8357044440503045,0.0,22194.0,37.0,0.1867499999996383,31.625,32.625,36.97000000000003,0.0,0.0,0.0,0.0,0.0,20.0,0.3,0.1,0.2,0.1,0.4,0.1,0.1,0.1,0.5,0.0,65535.0,0.08320744640268558,0.0,52938.0,0.06989308247383733,0.0,0.0,0.0,0.0,0.0,0.0,0.0,0.0,0.0,0.0
24444.02,0.8469732358861919,0.0,22194.0,37.0,0.19524999999964304,31.6875,32.5625,36.93000000000001,0.0,0.0,0.0,0.0,0.0,20.0,0.3,0.1,0.2,0.1,0.4,0.1,0.1,0.1,0.5,0.0,65535.0,0.08378728923476005,0.0,52321.0,0.07060262609659601,0.0,0.0,0.0,0.0,0.0,0.0,0.0,0.0,0.0,0.0
24504.07,0.823499671378992,0.0,22194.0,37.0,0.14314999999963018,31.625,32.625,37.03000000000003,0.0,0.0,0.0,0.0,0.0,20.0,0.3,0.1,0.2,0.1,0.4,0.1,0.1,0.1,0.5,0.0,65535.0,0.08364995803768978,0.0,52163.0,0.07081647911354792,0.0,0.0,0.0,0.0,0.0,0.0,0.0,0.0,0.0,0.0
24564.12,0.8301386877243722,0.0,22194.0,37.0,0.1419499999996287,31.625,32.625,36.93000000000001,0.0,0.0,0.0,0.0,0.0,20.0,0.3,0.1,0.2,0.1,0.4,0.1,0.1,0.1,0.5,0.0,65535.0,0.08374151216906996,0.0,52419.0,0.0704897079303306,0.0,0.0,0.0,0.0,0.0,0.0,0.0,0.0,0.0,0.0
24624.2,0.7677306548359907,0.0,22194.0,37.0,0.17224999999962873,31.625,32.625,36.97000000000003,0.0,0.0,0.0,0.0,0.0,20.0,0.3,0.1,0.2,0.1,0.4,0.1,0.1,0.1,0.5,0.0,65535.0,0.08413824673838408,0.0,52258.0,0.07070687741589804,0.0,0.0,0.0,0.0,0.0,0.0,0.0,0.0,0.0,0.0
24684.28,0.7925958354982808,0.0,22194.0,37.0,0.11834999999963086,31.625,32.625,36.93000000000001,0.0,0.0,0.0,0.0,0.0,20.0,0.3,0.1,0.2,0.1,0.4,0.1,0.1,0.1,0.5,0.0,65535.0,0.08410772869459068,0.0,52148.0,0.07091355373168674,0.0,0.0,0.0,0.0,0.0,0.0,0.0,0.0,0.0,0.0
24744.32,0.8401280235011137,0.0,22194.0,37.0,0.2134499999996339,31.6875,32.625,36.650000000000034,0.0,0.0,0.0,0.0,0.0,20.0,0.3,0.1,0.2,0.1,0.4,0.1,0.1,0.1,0.5,0.0,65535.0,0.08448920424200809,0.0,52776.0,0.07056237683795664,0.0,0.0,0.0,0.0,0.0,0.0,0.0,0.0,0.0,0.0
24804.39,0.8454799487172459,0.0,22194.0,37.0,0.16224999999963613,31.625,32.625,36.81,0.0,0.0,0.0,0.0,0.0,20.0,0.3,0.1,0.2,0.1,0.4,0.1,0.1,0.1,0.5,0.0,65535.0,0.08415350576028077,0.0,52620.0,0.07065754465982516,0.0,0.0,0.0,0.0,0.0,0.0,0.0,0.0,0.0,0.0
24864.45,0.8214740559735977,0.0,22194.0,37.0,0.16604999999963097,31.625,32.625,36.93000000000001,0.0,0.0,0.0,0.0,0.0,20.0,0.3,0.1,0.2,0.1,0.4,0.1,0.1,0.1,0.5,0.0,65535.0,0.08450446326390479,0.0,52178.0,0.07108359845145464,0.0,0.0,0.0,0.0,0.0,0.0,0.0,0.0,0.0,0.0
24924.53,0.8353654500514908,0.0,22194.0,37.0,0.22374999999963704,31.625,32.625,36.97000000000003,0.0,0.0,0.0,0.0,0.0,20.0,0.3,0.1,0.2,0.1,0.4,0.1,0.1,0.1,0.5,0.0,65535.0,0.08407721065079729,0.0,52064.0,0.07127765826674862,0.0,0.0,0.0,0.0,0.0,0.0,0.0,0.0,0.0,0.0
24984.6,0.8425538980574323,0.0,22194.0,37.0,0.15194999999962872,31.625,32.625,37.03000000000003,0.0,0.0,0.0,0.0,0.0,20.0,0.3,0.1,0.2,0.1,0.4,0.1,0.1,0.1,0.5,0.0,65535.0,0.084443427176318,0.0,52053.0,0.0712542985034484,0.0,0.0,0.0,0.0,0.0,0.0,0.0,0.0,0.0,0.0
25044.64,0.8522673034997768,0.0,22194.0,37.0,0.17254999999962334,31.625,32.625,37.05000000000001,0.0,0.0,0.0,0.0,0.0,20.0,0.3,0.1,0.2,0.1,0.4,0.1,0.1,0.1,0.5,0.0,65535.0,0.084443427176318,0.0,52724.0,0.07072680373264548,0.0,0.0,0.0,0.0,0.0,0.0,0.0,0.0,0.0,0.0
25104.71,0.8379950502274156,0.0,22194.0,37.0,0.21464999999962855,31.625,32.625,36.81,0.0,0.0,0.0,0.0,0.0,20.0,0.3,0.1,0.2,0.1,0.4,0.1,0.1,0.1,0.5,0.0,65535.0,0.08477912565804532,0.0,52695.0,0.07099345288926844,0.0,0.0,0.0,0.0,0.0,0.0,0.0,0.0,0.0,0.0
25164.78,0.7744119512086811,0.0,22194.0,37.0,0.1849499999996263,31.625,32.625,36.89000000000004,0.0,0.0,0.0,0.0,0.0,20.0,0.3,0.1,0.2,0.1,0.4,0.1,0.1,0.1,0.5,0.0,65535.0,0.08477912565804532,0.0,52656.0,0.07097006988757217,0.0,0.0,0.0,0.0,0.0,0.0,0.0,0.0,0.0,0.0
25224.85,0.7918094738671579,0.0,22194.0,37.0,0.20464999999962089,31.625,32.5625,37.01000000000005,0.0,0.0,0.0,0.0,0.0,20.0,0.3,0.1,0.2,0.1,0.4,0.1,0.1,0.1,0.5,0.0,65535.0,0.08476386663614863,0.0,53024.0,0.07060953530476766,0.0,0.0,0.0,0.0,0.0,0.0,0.0,0.0,0.0,0.0
25284.93,0.7961437445120735,0.0,22194.0,37.0,0.12134999999962134,31.625,32.625,37.09000000000003,0.0,0.0,0.0,0.0,0.0,20.0,0.3,0.1,0.2,0.1,0.4,0.1,0.1,0.1,0.5,0.0,65535.0,0.08473334859235523,0.0,52762.0,0.07090330161858914,0.0,0.0,0.0,0.0,0.0,0.0,0.0,0.0,0.0,0.0
25344.99,0.8197054112888643,0.0,22194.0,37.0,0.18784999999961768,31.625,32.625,37.170000000000016,0.0,0.0,0.0,0.0,0.0,20.0,0.3,0.1,0.2,0.1,0.4,0.1,0.1,0.1,0.5,0.0,65535.0,0.08459601739528497,0.0,52671.0,0.0710447874541968,0.0,0.0,0.0,0.0,0.0,0.0,0.0,0.0,0.0,0.0
25405.07,0.7979195469346646,0.0,22194.0,37.0,0.16194999999962534,31.625,32.625,36.93000000000001,0.0,0.0,0.0,0.0,0.0,20.0,0.3,0.1,0.2,0.1,0.4,0.1,0.1,0.1,0.5,0.0,65535.0,0.08479438467994202,0.0,52117.0,0.0715697373217952,0.0,0.0,0.0,0.0,0.0,0.0,0.0,0.0,0.0,0.0
25465.14,0.8466375909526789,0.0,22194.0,37.0,0.17284999999961542,31.625,32.625,36.870000000000005,0.0,0.0,0.0,0.0,0.0,20.0,0.3,0.1,0.2,0.1,0.4,0.1,0.1,0.1,0.5,0.0,65535.0,0.08548104066529336,0.0,53204.0,0.07085933388467032,0.0,0.0,0.0,0.0,0.0,0.0,0.0,0.0,0.0,0.0
25525.21,0.8391218857952845,0.0,22194.0,37.0,0.16424999999961898,31.6875,32.625,36.93000000000001,0.0,0.0,0.0,0.0,0.0,20.0,0.3,0.1,0.2,0.1,0.4,0.1,0.1,0.1,0.5,0.0,65535.0,0.08616769665064469,0.0,52823.0,0.07112432084508642,0.0,0.0,0.0,0.0,0.0,0.0,0.0,0.0,0.0,0.0
25585.29,0.8494249936595795,0.0,22194.0,37.0,0.2019499999996148,31.625,32.5625,36.97000000000003,0.0,0.0,0.0,0.0,0.0,20.0,0.3,0.1,0.2,0.1,0.4,0.1,0.1,0.1,0.5,0.0,65535.0,0.08522163729304952,0.0,52601.0,0.07140548658770746,0.0,0.0,0.0,0.0,0.0,0.0,0.0,0.0,0.0,0.0
25645.36,0.8163286960119689,0.0,22194.0,37.0,0.18814999999961313,31.6875,32.625,36.89000000000004,0.0,0.0,0.0,0.0,0.0,20.0,0.3,0.1,0.2,0.1,0.4,0.1,0.1,0.1,0.5,0.0,65535.0,0.08561837186236362,0.0,52514.0,0.07154282667479149,0.0,0.0,0.0,0.0,0.0,0.0,0.0,0.0,0.0,0.0
25705.43,0.8537361546544584,0.0,22194.0,37.0,0.12214999999960949,31.625,32.625,36.950000000000045,0.0,0.0,0.0,0.0,0.0,20.0,0.3,0.1,0.2,0.1,0.4,0.1,0.1,0.1,0.5,0.0,65535.0,0.08525215533684291,0.0,52561.0,0.07155495519491638,0.0,0.0,0.0,0.0,0.0,0.0,0.0,0.0,0.0,0.0
25765.5,0.8373003462720601,0.0,22194.0,37.0,0.16154999999961459,31.625,32.5625,36.97000000000003,0.0,0.0,0.0,0.0,0.0,20.0,0.3,0.1,0.2,0.1,0.4,0.1,0.1,0.1,0.5,0.0,65535.0,0.08537422751201648,0.0,52852.0,0.07131234390373117,0.0,0.0,0.0,0.0,0.0,0.0,0.0,0.0,0.0,0.0
25825.54,0.7800007123414927,0.0,22194.0,37.0,0.2275499999996165,31.5625,32.5625,36.650000000000034,0.0,0.0,0.0,0.0,0.0,20.0,0.3,0.1,0.2,0.1,0.4,0.1,0.1,0.1,0.5,0.0,65535.0,0.08543526359960327,0.0,52665.0,0.07169847147061616,0.0,0.0,0.0,0.0,0.0,0.0,0.0,0.0,0.0,0.0
25885.58,0.834786481582762,0.0,22194.0,37.0,0.18464999999961373,31.5625,32.5625,37.01000000000005,0.0,0.0,0.0,0.0,0.0,20.0,0.3,0.1,0.2,0.1,0.4,0.1,0.1,0.1,0.5,0.0,65535.0,0.08583199816891737,0.0,52604.0,0.07159151395331154,0.0,0.0,0.0,0.0,0.0,0.0,0.0,0.0,0.0,0.0
25945.65,0.8046364634012309,0.0,22194.0,37.0,0.16314999999961738,31.5625,32.5625,36.870000000000005,0.0,0.0,0.0,0.0,0.0,20.0,0.3,0.1,0.2,0.1,0.4,0.1,0.1,0.1,0.5,0.0,65535.0,0.08535896849011979,0.0,52974.0,0.07146902253935893,0.0,0.0,0.0,0.0,0.0,0.0,0.0,0.0,0.0,0.0
26005.71,0.8533825049465043,0.0,22194.0,37.0,0.16394999999961152,31.5625,32.625,36.93000000000001,0.0,0.0,0.0,0.0,0.0,20.0,0.3,0.1,0.2,0.1,0.4,0.1,0.1,0.1,0.5,0.0,65535.0,0.08578622110322728,0.0,52890.0,0.07150690111552278,0.0,0.0,0.0,0.0,0.0,0.0,0.0,0.0,0.0,0.0
26065.77,0.8428077339609661,0.0,22194.0,37.0,0.24574999999960903,31.625,32.5625,36.93000000000001,0.0,0.0,0.0,0.0,0.0,20.0,0.3,0.1,0.2,0.1,0.4,0.1,0.1,0.1,0.5,0.0,65535.0,0.08679331654840924,0.0,53017.0,0.0714865043288002,0.0,0.0,0.0,0.0,0.0,0.0,0.0,0.0,0.0,0.0
26125.85,0.8598783698231884,0.0,22194.0,37.0,0.1810499999996102,31.5625,32.625,36.97000000000003,0.0,0.0,0.0,0.0,0.0,20.0,0.3,0.1,0.2,0.1,0.4,0.1,0.1,0.1,0.5,0.0,65535.0,0.08589303425650416,0.0,52594.0,0.07185230254401642,0.0,0.0,0.0,0.0,0.0,0.0,0.0,0.0,0.0,0.0
26185.89,0.7710014094417114,0.0,22194.0,37.0,0.16394999999960896,31.5625,32.625,37.03000000000003,0.0,0.0,0.0,0.0,0.0,20.0,0.3,0.1,0.2,0.1,0.4,0.1,0.1,0.1,0.5,0.0,65535.0,0.08593881132219425,0.0,52882.0,0.07166899890321848,0.0,0.0,0.0,0.0,0.0,0.0,0.0,0.0,0.0,0.0
26245.94,0.7912418177793672,0.0,22194.0,37.0,0.2107499999996099,31.5625,32.5625,36.870000000000005,0.0,0.0,0.0,0.0,0.0,20.0,0.3,0.1,0.2,0.1,0.4,0.1,0.1,0.1,0.5,0.0,65535.0,0.08636606393530175,0.0,52860.0,0.0718690881573969,0.0,0.0,0.0,0.0,0.0,0.0,0.0,0.0,0.0,0.0
26306.01,0.8424246465540484,0.0,22194.0,37.0,0.16984999999960276,31.5625,32.625,36.870000000000005,0.0,0.0,0.0,0.0,0.0,20.0,0.3,0.1,0.2,0.1,0.4,0.1,0.1,0.1,0.5,0.0,65535.0,0.08622873273823148,0.0,52979.0,0.07165103154079919,0.0,0.0,0.0,0.0,0.0,0.0,0.0,0.0,0.0,0.0
26366.05,0.7801159591641911,0.0,22194.0,37.0,0.13864999999960015,31.5625,32.625,36.81,0.0,0.0,0.0,0.0,0.0,20.0,0.3,0.1,0.2,0.1,0.4,0.1,0.1,0.1,0.5,0.0,65535.0,0.08639658197909514,0.0,53380.0,0.07135631322592731,0.0,0.0,0.0,0.0,0.0,0.0,0.0,0.0,0.0,0.0
26426.13,0.8482649894605099,0.0,22194.0,37.0,0.17864999999960554,31.625,32.625,36.73000000000002,0.0,0.0,0.0,0.0,0.0,20.0,0.3,0.1,0.2,0.1,0.4,0.1,0.1,0.1,0.5,0.0,65535.0,0.08661020828564889,0.0,52923.0,0.07199138370840655,0.0,0.0,0.0,0.0,0.0,0.0,0.0,0.0,0.0,0.0
26486.21,0.8474246366420193,0.0,22194.0,37.0,0.21834999999961122,31.5625,32.5625,36.89000000000004,0.0,0.0,0.0,0.0,0.0,20.0,0.3,0.1,0.2,0.1,0.4,0.1,0.1,0.1,0.5,0.0,65535.0,0.08679331654840924,0.0,52652.0,0.0720580414799058,0.0,0.0,0.0,0.0,0.0,0.0,0.0,0.0,0.0,0.0
26546.28,0.7849787454939987,0.0,22194.0,37.0,0.21224999999960512,31.5625,32.5625,36.77000000000004,0.0,0.0,0.0,0.0,0.0,20.0,0.3,0.1,0.2,0.1,0.4,0.1,0.1,0.1,0.5,0.0,65535.0,0.08671702143892576,0.0,53032.0,0.07180570221752904,0.0,0.0,0.0,0.0,0.0,0.0,0.0,0.0,0.0,0.0
26606.31,0.8418459716633353,0.0,22194.0,37.0,0.22704999999961012,31.625,32.5625,36.77000000000004,0.0,0.0,0.0,0.0,0.0,20.0,0.3,0.1,0.2,0.1,0.4,0.1,0.1,0.1,0.5,0.0,65535.0,0.08734264133669031,0.0,53033.0,0.07191748533931702,0.0,0.0,0.0,0.0,0.0,0.0,0.0,0.0,0.0,0.0
26666.36,0.8277386212556892,0.0,22194.0,37.0,0.11074999999959537,31.5625,32.5625,36.93000000000001,0.0,0.0,0.0,0.0,0.0,20.0,0.3,0.1,0.2,0.1,0.4,0.1,0.1,0.1,0.5,0.0,65535.0,0.08635080491340505,0.0,53058.0,0.07199668287534396,0.0,0.0,0.0,0.0,0.0,0.0,0.0,0.0,0.0,0.0
26726.4,0.8353044423132221,0.0,22194.0,37.0,0.21344999999960315,31.625,32.5625,36.79000000000002,0.0,0.0,0.0,0.0,0.0,20.0,0.3,0.1,0.2,0.1,0.4,0.1,0.1,0.1,0.5,0.0,65535.0,0.08712901503013656,0.0,53138.0,0.07183183409236328,0.0,0.0,0.0,0.0,0.0,0.0,0.0,0.0,0.0,0.0
26786.45,0.8568755923523369,0.0,22194.0,37.0,0.16724999999960083,31.5625,32.5625,36.870000000000005,0.0,0.0,0.0,0.0,0.0,20.0,0.3,0.1,0.2,0.1,0.4,0.1,0.1,0.1,0.5,0.0,65535.0,0.08723582818341344,0.0,53202.0,0.07200857110634938,0.0,0.0,0.0,0.0,0.0,0.0,0.0,0.0,0.0,0.0
26846.53,0.845597668379733,0.0,22194.0,37.0,0.1304499999996033,31.625,32.5,36.950000000000045,0.0,0.0,0.0,0.0,0.0,20.0,0.3,0.1,0.2,0.1,0.4,0.1,0.1,0.1,0.5,0.0,65535.0,0.08705271992065308,0.0,52530.0,0.07245383590329335,0.0,0.0,0.0,0.0,0.0,0.0,0.0,0.0,0.0,0.0
26906.6,0.8632747395451479,0.0,22194.0,37.0,0.21134999999960077,31.5625,32.5625,37.05000000000001,0.0,0.0,0.0,0.0,0.0,20.0,0.3,0.1,0.2,0.1,0.4,0.1,0.1,0.1,0.5,0.0,65535.0,0.08719005111772335,0.0,53292.0,0.07198078510845905,0.0,0.0,0.0,0.0,0.0,0.0,0.0,0.0,0.0,0.0
26966.63,0.8487383100773779,0.0,22194.0,37.0,0.1657499999995979,31.625,32.625,36.85000000000002,0.0,0.0,0.0,0.0,0.0,20.0,0.3,0.1,0.2,0.1,0.4,0.1,0.1,0.1,0.5,0.0,65535.0,0.08728160524910353,0.0,53103.0,0.07218047944560571,0.0,0.0,0.0,0.0,0.0,0.0,0.0,0.0,0.0,0.0
27026.68,0.8330593050377113,0.0,22194.0,37.0,0.18194999999959738,31.625,32.5625,36.73000000000002,0.0,0.0,0.0,0.0,0.0,20.0,0.3,0.1,0.2,0.1,0.4,0.1,0.1,0.1,0.5,0.0,65535.0,0.08760204470893415,0.0,52886.0,0.07241992209658511,0.0,0.0,0.0,0.0,0.0,0.0,0.0,0.0,0.0,0.0
27086.73,0.8325485844510089,0.0,22194.0,37.0,0.17164999999959085,31.5625,32.5625,37.09000000000003,0.0,0.0,0.0,0.0,0.0,20.0,0.3,0.1,0.2,0.1,0.4,0.1,0.1,0.1,0.5,0.0,65535.0,0.08757152666514076,0.0,52907.0,0.07233447369913244,0.0,0.0,0.0,0.0,0.0,0.0,0.0,0.0,0.0,0.0
27146.8,0.7873682184404733,0.0,22194.0,37.0,0.20574999999960075,31.5625,32.5625,36.93000000000001,0.0,0.0,0.0,0.0,0.0,20.0,0.3,0.1,0.2,0.1,0.4,0.1,0.1,0.1,0.5,0.0,65535.0,0.08764782177462424,0.0,53061.0,0.07240722941520138,0.0,0.0,0.0,0.0,0.0,0.0,0.0,0.0,0.0,0.0
27206.83,0.8212594765530752,0.0,22194.0,37.0,0.18104999999959395,31.5625,32.5625,36.73000000000002,0.0,0.0,0.0,0.0,0.0,20.0,0.3,0.1,0.2,0.1,0.4,0.1,0.1,0.1,0.5,0.0,65535.0,0.08790722514686809,0.0,53559.0,0.07193935659739727,0.0,0.0,0.0,0.0,0.0,0.0,0.0,0.0,0.0,0.0
27266.91,0.7876259156241701,0.0,22194.0,37.0,0.12424999999958619,31.625,32.5,36.85000000000002,0.0,0.0,0.0,0.0,0.0,20.0,0.3,0.1,0.2,0.1,0.4,0.1,0.1,0.1,0.5,0.0,65535.0,0.08766308079652094,0.0,53136.0,0.07243676603432701,0.0,0.0,0.0,0.0,0.0,0.0,0.0,0.0,0.0,0.0
27326.95,0.8534750915233122,0.0,22194.0,37.0,0.22254999999959882,31.625,32.5625,36.870000000000005,0.0,0.0,0.0,0.0,0.0,20.0,0.3,0.1,0.2,0.1,0.4,0.1,0.1,0.1,0.5,0.0,65535.0,0.0878461890592813,0.0,53448.0,0.07214488848974704,0.0,0.0,0.0,0.0,0.0,0.0,0.0,0.0,0.0,0.0
27386.99,0.861115534416363,0.0,22194.0,37.0,0.21164999999959283,31.5625,32.5625,36.870000000000005,0.0,0.0,0.0,0.0,0.0,20.0,0.3,0.1,0.2,0.1,0.4,0.1,0.1,0.1,0.5,0.0,65535.0,0.08839551384756238,0.0,53290.0,0.07245261775192344,0.0,0.0,0.0,0.0,0.0,0.0,0.0,0.0,0.0,0.0
27447.03,0.7919159228637307,0.0,22194.0,37.0,0.19224999999959624,31.5625,32.5625,36.710000000000036,0.0,0.0,0.0,0.0,0.0,20.0,0.3,0.1,0.2,0.1,0.4,0.1,0.1,0.1,0.5,0.0,65535.0,0.08821240558480202,0.0,53385.0,0.07226749086822142,0.0,0.0,0.0,0.0,0.0,0.0,0.0,0.0,0.0,0.0
27507.08,0.829782570321106,0.0,22194.0,37.0,0.1492499999995893,31.625,32.5,37.01000000000005,0.0,0.0,0.0,0.0,0.0,20.0,0.3,0.1,0.2,0.1,0.4,0.1,0.1,0.1,0.5,0.0,65535.0,0.08796826123445488,0.0,53221.0,0.0723774449935176,0.0,0.0,0.0,0.0,0.0,0.0,0.0,0.0,0.0,0.0
27567.12,0.8256708285266563,0.0,22194.0,37.0,0.2517499999995873,31.5625,32.5,36.93000000000001,0.0,0.0,0.0,0.0,0.0,20.0,0.3,0.1,0.2,0.1,0.4,0.1,0.1,0.1,0.5,0.0,65535.0,0.08836499580376898,0.0,52937.0,0.07269017889189036,0.0,0.0,0.0,0.0,0.0,0.0,0.0,0.0,0.0,0.0
27627.17,0.8562878694204176,0.0,22194.0,37.0,0.18764999999958876,31.5625,32.5625,36.950000000000045,0.0,0.0,0.0,0.0,0.0,20.0,0.3,0.1,0.2,0.1,0.4,0.1,0.1,0.1,0.5,0.0,65535.0,0.08778515297169451,0.0,53138.0,0.07269750461063645,0.0,0.0,0.0,0.0,0.0,0.0,0.0,0.0,0.0,0.0
27687.21,0.8591284978995434,0.0,22194.0,37.0,0.15204999999959184,31.5625,32.5,36.97000000000003,0.0,0.0,0.0,0.0,0.0,20.0,0.3,0.1,0.2,0.1,0.4,0.1,0.1,0.1,0.5,0.0,65535.0,0.0887006942854963,0.0,53079.0,0.07257107330582717,0.0,0.0,0.0,0.0,0.0,0.0,0.0,0.0,0.0,0.0
27747.29,0.8180603389752397,0.0,22194.0,37.0,0.1726499999995873,31.625,32.5625,36.85000000000002,0.0,0.0,0.0,0.0,0.0,20.0,0.3,0.1,0.2,0.1,0.4,0.1,0.1,0.1,0.5,0.0,65535.0,0.08822766460669872,0.0,54086.0,0.07192249380616056,0.0,0.0,0.0,0.0,0.0,0.0,0.0,0.0,0.0,0.0
27807.36,0.8055935726532317,0.0,22194.0,37.0,0.15084999999959037,31.6875,32.5,37.210000000000036,0.0,0.0,0.0,0.0,0.0,20.0,0.3,0.1,0.2,0.1,0.4,0.1,0.1,0.1,0.5,0.0,65535.0,0.08848706797894255,0.0,53174.0,0.07279873622447061,0.0,0.0,0.0,0.0,0.0,0.0,0.0,0.0,0.0,0.0
27867.43,0.8446693284582929,0.0,22194.0,37.0,0.18434999999958576,31.625,32.5,36.89000000000004,0.0,0.0,0.0,0.0,0.0,20.0,0.3,0.1,0.2,0.1,0.4,0.1,0.1,0.1,0.5,0.0,65535.0,0.0882734416723888,0.0,53661.0,0.0723803134492462,0.0,0.0,0.0,0.0,0.0,0.0,0.0,0.0,0.0,0.0
27927.51,0.8217788648293516,0.0,22194.0,37.0,0.18994999999957982,31.5625,32.5625,36.97000000000003,0.0,0.0,0.0,0.0,0.0,20.0,0.3,0.1,0.2,0.1,0.4,0.1,0.1,0.1,0.5,0.0,65535.0,0.08833447775997559,0.0,53329.0,0.07277466294136399,0.0,0.0,0.0,0.0,0.0,0.0,0.0,0.0,0.0,0.0
27987.59,0.8246225092200157,0.0,22194.0,37.0,0.16874999999958318,31.625,32.5,36.97000000000003,0.0,0.0,0.0,0.0,0.0,20.0,0.3,0.1,0.2,0.1,0.4,0.1,0.1,0.1,0.5,0.0,65535.0,0.08867017624170291,0.0,53596.0,0.07256138517799836,0.0,0.0,0.0,0.0,0.0,0.0,0.0,0.0,0.0,0.0
28047.67,0.8068538319304674,0.0,22194.0,37.0,0.16784999999958228,31.625,32.5,37.01000000000005,0.0,0.0,0.0,0.0,0.0,20.0,0.3,0.1,0.2,0.1,0.4,0.1,0.1,0.1,0.5,0.0,65535.0,0.08888380254825666,0.0,53082.0,0.07309445763158887,0.0,0.0,0.0,0.0,0.0,0.0,0.0,0.0,0.0,0.0
28107.72,0.8010653888417036,0.0,22194.0,37.0,0.19254999999958736,31.5625,32.5625,36.89000000000004,0.0,0.0,0.0,0.0,0.0,20.0,0.3,0.1,0.2,0.1,0.4,0.1,0.1,0.1,0.5,0.0,65535.0,0.08960097657740139,0.0,53955.0,0.07246779723843944,0.0,0.0,0.0,0.0,0.0,0.0,0.0,0.0,0.0,0.0
28167.79,0.8473216429583325,0.0,22194.0,37.0,0.18784999999957655,31.625,32.5,36.870000000000005,0.0,0.0,0.0,0.0,0.0,20.0,0.3,0.1,0.2,0.1,0.4,0.1,0.1,0.1,0.5,0.0,65535.0,0.0891126878767071,0.0,53202.0,0.07296718168489906,0.0,0.0,0.0,0.0,0.0,0.0,0.0,0.0,0.0,0.0
28227.83,0.83981857681126,0.0,22194.0,37.0,0.20524999999957577,31.625,32.5625,36.97000000000003,0.0,0.0,0.0,0.0,0.0,20.0,0.3,0.1,0.2,0.1,0.4,0.1,0.1,0.1,0.5,0.0,65535.0,0.08899061570153353,0.0,53372.0,0.07295960428689201,0.0,0.0,0.0,0.0,0.0,0.0,0.0,0.0,0.0,0.0
28287.89,0.8451714584404826,0.0,22194.0,37.0,0.18554999999957864,31.625,32.5,36.97000000000003,0.0,0.0,0.0,0.0,0.0,20.0,0.3,0.1,0.2,0.1,0.4,0.1,0.1,0.1,0.5,0.0,65535.0,0.08900587472343023,0.0,52999.0,0.07334100643408366,0.0,0.0,0.0,0.0,0.0,0.0,0.0,0.0,0.0,0.0
28347.94,0.8239827512221884,0.0,22194.0,37.0,0.13284999999958053,31.625,32.5,36.870000000000005,0.0,0.0,0.0,0.0,0.0,20.0,0.3,0.1,0.2,0.1,0.4,0.1,0.1,0.1,0.5,0.0,65535.0,0.0891432059205005,0.0,53099.0,0.07329704890864235,0.0,0.0,0.0,0.0,0.0,0.0,0.0,0.0,0.0,0.0
28407.97,0.8123886457713824,0.0,22194.0,37.0,0.20934999999958284,31.5625,32.5,36.97000000000003,0.0,0.0,0.0,0.0,0.0,20.0,0.3,0.1,0.2,0.1,0.4,0.1,0.1,0.1,0.5,0.0,65535.0,0.08970778973067826,0.0,53324.0,0.07310029255119646,0.0,0.0,0.0,0.0,0.0,0.0,0.0,0.0,0.0,0.0
28468.01,0.7802517609584877,0.0,22194.0,37.0,0.1657499999995756,31.5625,32.5625,36.93000000000001,0.0,0.0,0.0,0.0,0.0,20.0,0.3,0.1,0.2,0.1,0.4,0.1,0.1,0.1,0.5,0.0,65535.0,0.08920424200808728,0.0,54284.0,0.07245228796698844,0.0,0.0,0.0,0.0,0.0,0.0,0.0,0.0,0.0,0.0
28528.05,0.8540828953084548,0.0,22194.0,37.0,0.12454999999956787,31.625,32.5625,37.01000000000005,0.0,0.0,0.0,0.0,0.0,20.0,0.3,0.1,0.2,0.1,0.4,0.1,0.1,0.1,0.5,0.0,65535.0,0.08938735027084764,0.0,53170.0,0.07331201805529435,0.0,0.0,0.0,0.0,0.0,0.0,0.0,0.0,0.0,0.0
28588.09,0.8657589873088145,0.0,22194.0,37.0,0.16514999999957355,31.5625,32.5625,36.950000000000045,0.0,0.0,0.0,0.0,0.0,20.0,0.3,0.1,0.2,0.1,0.4,0.1,0.1,0.1,0.5,0.0,65535.0,0.09007400625619898,0.0,53466.0,0.07324280851382187,0.0,0.0,0.0,0.0,0.0,0.0,0.0,0.0,0.0,0.0
28648.14,0.8344735821559706,0.0,22194.0,37.0,0.16954999999956785,31.625,32.5,36.81,0.0,0.0,0.0,0.0,0.0,20.0,0.3,0.1,0.2,0.1,0.4,0.1,0.1,0.1,0.5,0.0,65535.0,0.08949416342412451,0.0,53635.0,0.07327304931481309,0.0,0.0,0.0,0.0,0.0,0.0,0.0,0.0,0.0,0.0
28708.18,0.7950631064118223,0.0,22194.0,37.0,0.2293499999995737,31.625,32.5,36.93000000000001,0.0,0.0,0.0,0.0,0.0,20.0,0.3,0.1,0.2,0.1,0.4,0.1,0.1,0.1,0.5,0.0,65535.0,0.09033340962844282,0.0,54010.0,0.07287539344565822,0.0,0.0,0.0,0.0,0.0,0.0,0.0,0.0,0.0,0.0
28768.25,0.8614074476011551,0.0,22194.0,37.0,0.10514999999956787,31.5625,32.5625,37.03000000000003,0.0,0.0,0.0,0.0,0.0,20.0,0.3,0.1,0.2,0.1,0.4,0.1,0.1,0.1,0.5,0.0,65535.0,0.09015030136568246,0.0,53196.0,0.07350176705015414,0.0,0.0,0.0,0.0,0.0,0.0,0.0,0.0,0.0,0.0
28828.31,0.8582482624606937,0.0,22194.0,37.0,0.20904999999957624,31.625,32.5,36.79000000000002,0.0,0.0,0.0,0.0,0.0,20.0,0.3,0.1,0.2,0.1,0.4,0.1,0.1,0.1,0.5,0.0,65535.0,0.08993667505912871,0.0,53530.0,0.07324864561927891,0.0,0.0,0.0,0.0,0.0,0.0,0.0,0.0,0.0,0.0
28888.38,0.8564372870256949,0.0,22194.0,37.0,0.09834999999957147,31.625,32.5,36.81,0.0,0.0048,0.25,0.0,0.0,20.0,0.3,0.1,0.2,0.1,0.4,0.1,0.1,0.1,0.5,0.0,65535.0,0.09019607843137255,0.0,53840.0,0.07301263001485885,0.0,0.0,0.0,0.0,0.0,0.0,0.0,0.0,0.0,0.0
28948.45,0.8219359825989574,0.0,22194.0,37.0,0.26884999999956705,31.5625,32.5625,36.53000000000003,0.0,0.0,0.0,0.0,0.0,20.0,0.3,0.1,0.2,0.1,0.4,0.1,0.1,0.1,0.5,0.0,65535.0,0.08819714656290532,0.0,51970.0,0.07363863767558207,0.0,0.0,0.0,0.0,0.0,0.0,0.0,0.0,0.0,0.0
29008.52,0.7865115445484637,0.0,22194.0,37.0,0.23574999999957466,31.5625,32.5,36.81,0.0,0.0,0.0,0.0,0.0,20.0,0.3,0.1,0.2,0.1,0.4,0.1,0.1,0.1,0.5,0.0,65535.0,0.0883039597161822,0.0,52249.0,0.07343681218779306,0.0,0.0,0.0,0.0,0.0,0.0,0.0,0.0,0.0,0.0
29068.6,0.8386335124678923,0.0,22194.0,37.0,0.21694999999956333,31.625,32.5625,36.93000000000001,0.0,0.0,0.0,0.0,0.0,20.0,0.3,0.1,0.2,0.1,0.4,0.1,0.1,0.1,0.5,0.0,65535.0,0.08842603189135577,0.0,51959.0,0.07355799765199485,0.0,0.0,0.0,0.0,0.0,0.0,0.0,0.0,0.0,0.0
29128.67,0.8258925739366663,0.0,22194.0,37.0,0.1448499999995695,31.5625,32.5625,37.09000000000003,0.0,0.0,0.0,0.0,0.0,20.0,0.3,0.1,0.2,0.1,0.4,0.1,0.1,0.1,0.5,0.0,65535.0,0.08824292362859541,0.0,52142.0,0.07354915423267232,0.0,0.0,0.0,0.0,0.0,0.0,0.0,0.0,0.0,0.0
29188.74,0.8388108728915751,0.0,22194.0,37.0,0.13654999999955855,31.625,32.5625,36.93000000000001,0.0,0.0,0.0,0.0,0.0,20.0,0.3,0.1,0.2,0.1,0.4,0.1,0.1,0.1,0.5,0.0,65535.0,0.0883039597161822,0.0,52057.0,0.07357319860921682,0.0,0.0,0.0,0.0,0.0,0.0,0.0,0.0,0.0,0.0
29248.82,0.8021484812224204,0.0,22194.0,37.0,0.1882499999995641,31.625,32.5625,36.89000000000004,0.0,0.0,0.0,0.0,0.0,20.0,0.3,0.1,0.2,0.1,0.4,0.1,0.1,0.1,0.5,0.0,65535.0,0.08845654993514916,0.0,52592.0,0.07331913599026468,0.0,0.0,0.0,0.0,0.0,0.0,0.0,0.0,0.0,0.0
29308.89,0.8510080617014417,0.0,22194.0,37.0,0.21594999999956901,31.625,32.5,36.73000000000002,0.0,0.0,0.0,0.0,0.0,20.0,0.3,0.1,0.2,0.1,0.4,0.1,0.1,0.1,0.5,0.0,65535.0,0.08857862211032273,0.0,52856.0,0.0731042833358559,0.0,0.0,0.0,0.0,0.0,0.0,0.0,0.0,0.0,0.0
29368.97,0.8339490984585433,0.0,22194.0,37.0,0.20274999999956764,31.625,32.5625,36.89000000000004,0.0,0.0,0.0,0.0,0.0,20.0,0.3,0.1,0.2,0.1,0.4,0.1,0.1,0.1,0.5,0.0,65535.0,0.08902113374532693,0.0,53070.0,0.07290371207838704,0.0,0.0,0.0,0.0,0.0,0.0,0.0,0.0,0.0,0.0
29429.04,0.7745087156612236,0.0,22194.0,37.0,0.21274999999955768,31.625,32.5625,36.89000000000004,0.0,0.0,0.0,0.0,0.0,20.0,0.3,0.1,0.2,0.1,0.4,0.1,0.1,0.1,0.5,0.0,65535.0,0.08825818265049211,0.0,52669.0,0.07336383831096091,0.0,0.0,0.0,0.0,0.0,0.0,0.0,0.0,0.0,0.0
29489.11,0.7771096071162904,0.0,22194.0,37.0,0.15034999999955417,31.6875,32.5,37.03000000000003,0.0,0.0,0.0,0.0,0.0,20.0,0.3,0.1,0.2,0.1,0.4,0.1,0.1,0.1,0.5,0.0,65535.0,0.08841077286945907,0.0,52228.0,0.07367695489009726,0.0,0.0,0.0,0.0,0.0,0.0,0.0,0.0,0.0,0.0
29549.16,0.779535634814699,0.0,22194.0,37.0,0.15584999999955826,31.6875,32.5625,36.81,0.0,0.0,0.0,0.0,0.0,20.0,0.3,0.1,0.2,0.1,0.4,0.1,0.1,0.1,0.5,0.0,65535.0,0.08877698939497979,0.0,52183.0,0.07389379683038537,0.0,0.0,0.0,0.0,0.0,0.0,0.0,0.0,0.0,0.0
29609.2,0.79377319668668,0.0,22194.0,37.0,0.20614999999955427,31.625,32.5625,36.79000000000002,0.0,0.0,0.0,0.0,0.0,20.0,0.3,0.1,0.2,0.1,0.4,0.1,0.1,0.1,0.5,0.0,65535.0,0.08885328450446327,0.0,52643.0,0.07351404745170298,0.0,0.0,0.0,0.0,0.0,0.0,0.0,0.0,0.0,0.0
29669.29,0.7653108797329965,0.0,22194.0,37.0,0.2088499999995535,31.625,32.5625,37.01000000000005,0.0,0.0,0.0,0.0,0.0,20.0,0.3,0.1,0.2,0.1,0.4,0.1,0.1,0.1,0.5,0.0,65535.0,0.08877698939497979,0.0,53097.0,0.0733751436051001,0.0,0.0,0.0,0.0,0.0,0.0,0.0,0.0,0.0,0.0
29729.32,0.7830170512384704,0.0,22194.0,37.0,0.1667499999995608,31.625,32.5625,37.03000000000003,0.0,0.0,0.0,0.0,0.0,20.0,0.3,0.1,0.2,0.1,0.4,0.1,0.1,0.1,0.5,0.0,65535.0,0.08903639276722362,0.0,52737.0,0.07355367199499403,0.0,0.0,0.0,0.0,0.0,0.0,0.0,0.0,0.0,0.0
29789.39,0.8401069928966138,0.0,22194.0,37.0,0.17614999999955055,31.625,32.5625,36.93000000000001,0.0,0.0,0.0,0.0,0.0,20.0,0.3,0.1,0.2,0.1,0.4,0.1,0.1,0.1,0.5,0.0,65535.0,0.08918898298619059,0.0,53106.0,0.0733062177531729,0.0,0.0,0.0,0.0,0.0,0.0,0.0,0.0,0.0,0.0
29849.47,0.8322487479895084,0.0,22194.0,37.0,0.18734999999955457,31.625,32.5,37.170000000000016,0.0,0.0,0.0,0.0,0.0,20.0,0.3,0.1,0.2,0.1,0.4,0.1,0.1,0.1,0.5,0.0,65535.0,0.0891279468986038,0.0,52108.0,0.07426882628387196,0.0,0.0,0.0,0.0,0.0,0.0,0.0,0.0,0.0,0.0
29909.55,0.8468762097607261,0.0,22194.0,37.0,0.17584999999954826,31.625,32.5625,36.97000000000003,0.0,0.0,0.0,0.0,0.0,20.0,0.3,0.1,0.2,0.1,0.4,0.1,0.1,0.1,0.5,0.0,65535.0,0.09015030136568246,0.0,52812.0,0.07373324244489889,0.0,0.0,0.0,0.0,0.0,0.0,0.0,0.0,0.0,0.0
29969.59,0.8466061249554389,0.0,22194.0,37.0,0.15374999999955158,31.625,32.5,36.870000000000005,0.0,0.0,0.0,0.0,0.0,20.0,0.3,0.1,0.2,0.1,0.4,0.1,0.1,0.1,0.5,0.0,65535.0,0.08888380254825666,0.0,52310.0,0.07413496463391321,0.0,0.0,0.0,0.0,0.0,0.0,0.0,0.0,0.0,0.0
30029.64,0.7807109599584958,0.0,22194.0,37.0,0.1931499999995575,31.5625,32.5,36.93000000000001,0.0,0.0,0.0,0.0,0.0,20.0,0.3,0.1,0.2,0.1,0.4,0.1,0.1,0.1,0.5,0.0,65535.0,0.0895399404898146,0.0,52741.0,0.07394626571358147,0.0,0.0,0.0,0.0,0.0,0.0,0.0,0.0,0.0,0.0
30089.68,0.8514124247288984,0.0,22194.0,37.0,0.16814999999955096,31.625,32.5625,36.77000000000004,0.0,0.0,0.0,0.0,0.0,20.0,0.3,0.1,0.2,0.1,0.4,0.1,0.1,0.1,0.5,0.0,65535.0,0.08925001907377737,0.0,53062.0,0.0735743092985564,0.0,0.0,0.0,0.0,0.0,0.0,0.0,0.0,0.0,0.0
30149.73,0.837645707029216,0.0,22194.0,37.0,0.18524999999955047,31.625,32.5,37.170000000000016,0.0,0.0,0.0,0.0,0.0,20.0,0.3,0.1,0.2,0.1,0.4,0.1,0.1,0.1,0.5,0.0,65535.0,0.08981460288395514,0.0,53391.0,0.0734206139611545,0.0,0.0,0.0,0.0,0.0,0.0,0.0,0.0,0.0,0.0
30209.77,0.8322631082319096,0.0,22194.0,37.0,0.16674999999955395,31.625,32.5625,37.03000000000003,0.0,0.0,0.0,0.0,0.0,20.0,0.3,0.1,0.2,0.1,0.4,0.1,0.1,0.1,0.5,0.0,65535.0,0.08986037994964523,0.0,53190.0,0.07349125775521714,0.0,0.0,0.0,0.0,0.0,0.0,0.0,0.0,0.0,0.0
30269.81,0.7766081124722498,0.0,22194.0,37.0,0.1761499999995437,31.625,32.5,37.03000000000003,0.0,0.0,0.0,0.0,0.0,20.0,0.3,0.1,0.2,0.1,0.4,0.1,0.1,0.1,0.5,0.0,65535.0,0.08966201266498817,0.0,52911.0,0.07380317892309728,0.0,0.0,0.0,0.0,0.0,0.0,0.0,0.0,0.0,0.0
30329.86,0.827385553887943,0.0,22194.0,37.0,0.15164999999954665,31.625,32.5,37.03000000000003,0.0,0.0,0.0,0.0,0.0,20.0,0.3,0.1,0.2,0.1,0.4,0.1,0.1,0.1,0.5,0.0,65535.0,0.08979934386205844,0.0,52878.0,0.07388706078142139,0.0,0.0,0.0,0.0,0.0,0.0,0.0,0.0,0.0,0.0
30389.9,0.8124497855254877,0.0,22194.0,37.0,0.17014999999954147,31.625,32.5,36.870000000000005,0.0,0.0,0.0,0.0,0.0,20.0,0.3,0.1,0.2,0.1,0.4,0.1,0.1,0.1,0.5,0.0,65535.0,0.0903944457160296,0.0,52666.0,0.07426043367637565,0.0,0.0,0.0,0.0,0.0,0.0,0.0,0.0,0.0,0.0
30449.95,0.8275435265009814,0.0,22194.0,37.0,0.16744999999954052,31.5625,32.5,37.01000000000005,0.0,0.0,0.0,0.0,0.0,20.0,0.3,0.1,0.2,0.1,0.4,0.1,0.1,0.1,0.5,0.0,65535.0,0.0899519340810254,0.0,52632.0,0.07432740538075695,0.0,0.0,0.0,0.0,0.0,0.0,0.0,0.0,0.0,0.0
30509.99,0.7756390597420831,0.0,22194.0,37.0,0.1683499999995397,31.5625,32.5,36.710000000000036,0.0,0.0,0.0,0.0,0.0,20.0,0.3,0.1,0.2,0.1,0.4,0.1,0.1,0.1,0.5,0.0,65535.0,0.09034866865033951,0.0,52615.0,0.07437042668440559,0.0,0.0,0.0,0.0,0.0,0.0,0.0,0.0,0.0,0.0
30570.07,0.834663777506369,0.0,22194.0,37.0,0.1680499999995383,31.5625,32.5,36.93000000000001,0.0,0.0,0.0,0.0,0.0,20.0,0.3,0.1,0.2,0.1,0.4,0.1,0.1,0.1,0.5,0.0,65535.0,0.09018081940947585,0.0,53581.0,0.07368283533342043,0.0,0.0,0.0,0.0,0.0,0.0,0.0,0.0,0.0,0.0
30630.15,0.7974218026672399,0.0,22194.0,37.0,0.2054499999995486,31.5625,32.5,36.870000000000005,0.0,0.0,0.0,0.0,0.0,20.0,0.3,0.1,0.2,0.1,0.4,0.1,0.1,0.1,0.5,0.0,65535.0,0.09022659647516594,0.0,52851.0,0.07432215095267829,0.0,0.0,0.0,0.0,0.0,0.0,0.0,0.0,0.0,0.0
30690.23,0.7728276519341616,0.0,22194.0,37.0,0.186949999999537,31.5625,32.5,36.81,0.0,0.0,0.0,0.0,0.0,20.0,0.3,0.1,0.2,0.1,0.4,0.1,0.1,0.1,0.5,0.0,65535.0,0.09013504234378576,0.0,53205.0,0.07401560003759045,0.0,0.0,0.0,0.0,0.0,0.0,0.0,0.0,0.0,0.0
30750.31,0.8333801583906434,0.0,22194.0,37.0,0.1728499999995356,31.5,32.5625,36.89000000000004,0.0,0.0,0.0,0.0,0.0,20.0,0.3,0.1,0.2,0.1,0.4,0.1,0.1,0.1,0.5,0.0,65535.0,0.09056229495689326,0.0,53035.0,0.0741962854718582,0.0,0.0,0.0,0.0,0.0,0.0,0.0,0.0,0.0,0.0
30810.38,0.835627608826731,0.0,22194.0,37.0,0.1725499999995342,31.5625,32.5,37.110000000000014,0.0,0.0,0.0,0.0,0.0,20.0,0.3,0.1,0.2,0.1,0.4,0.1,0.1,0.1,0.5,0.0,65535.0,0.0903791866941329,0.0,52891.0,0.07434157039950086,0.0,0.0,0.0,0.0,0.0,0.0,0.0,0.0,0.0,0.0
30870.44,0.8594776691111816,0.0,22194.0,37.0,0.18134999999953869,31.625,32.5,37.01000000000005,0.0,0.0,0.0,0.0,0.0,20.0,0.3,0.1,0.2,0.1,0.4,0.1,0.1,0.1,0.5,0.0,65535.0,0.09147783627069504,0.0,53433.0,0.07396178391630641,0.0,0.0,0.0,0.0,0.0,0.0,0.0,0.0,0.0,0.0
30930.51,0.8584231670506735,0.0,22194.0,37.0,0.1958499999995431,31.5625,32.5,37.09000000000003,0.0,0.0,0.0,0.0,0.0,20.0,0.3,0.1,0.2,0.1,0.4,0.1,0.1,0.1,0.5,0.0,65535.0,0.09127946898603799,0.0,52463.0,0.07487181442159237,0.0,0.0,0.0,0.0,0.0,0.0,0.0,0.0,0.0,0.0
30990.58,0.782260830667638,0.0,22194.0,37.0,0.12844999999952994,31.625,32.5625,36.870000000000005,0.0,0.0,0.0,0.0,0.0,20.0,0.3,0.1,0.2,0.1,0.4,0.1,0.1,0.1,0.5,0.0,65535.0,0.09120317387655451,0.0,53116.0,0.07449732660591912,0.0,0.0,0.0,0.0,0.0,0.0,0.0,0.0,0.0,0.0
31050.66,0.7712750963568624,0.0,22194.0,37.0,0.1961499999995411,31.625,32.5,37.01000000000005,0.0,0.0,0.0,0.0,0.0,20.0,0.3,0.1,0.2,0.1,0.4,0.1,0.1,0.1,0.5,0.0,65535.0,0.09108110170138094,0.0,52843.0,0.07476865431561418,0.0,0.0,0.0,0.0,0.0,0.0,0.0,0.0,0.0,0.0
31110.71,0.8151364810749568,0.0,22194.0,37.0,0.14464999999952854,31.625,32.5,37.03000000000003,0.0,0.0,0.0,0.0,0.0,20.0,0.3,0.1,0.2,0.1,0.4,0.1,0.1,0.1,0.5,0.0,65535.0,0.09117265583276112,0.0,53078.0,0.07441877990881345,0.0,0.0,0.0,0.0,0.0,0.0,0.0,0.0,0.0,0.0
31170.76,0.8526879404654255,0.0,22194.0,37.0,0.18554999999953398,31.625,32.4375,36.89000000000004,0.0,0.0,0.0,0.0,0.0,20.0,0.3,0.1,0.2,0.1,0.4,0.1,0.1,0.1,0.5,0.0,65535.0,0.09095902952620737,0.0,53082.0,0.07446968840661618,0.0,0.0,0.0,0.0,0.0,0.0,0.0,0.0,0.0,0.0
31230.8,0.7783284842462814,0.0,22194.0,37.0,0.1634499999995373,31.625,32.5,36.97000000000003,0.0,0.0,0.0,0.0,0.0,20.0,0.3,0.1,0.2,0.1,0.4,0.1,0.1,0.1,0.5,0.0,65535.0,0.09176775768673227,0.0,52980.0,0.07449981124952812,0.0,0.0,0.0,0.0,0.0,0.0,0.0,0.0,0.0,0.0
31290.85,0.8450560862048653,0.0,22194.0,37.0,0.19014999999953802,31.5625,32.5,36.870000000000005,0.0,0.0,0.0,0.0,0.0,20.0,0.3,0.1,0.2,0.1,0.4,0.1,0.1,0.1,0.5,0.0,65535.0,0.09147783627069504,0.0,53646.0,0.07419006076874324,0.0,0.0,0.0,0.0,0.0,0.0,0.0,0.0,0.0,0.0
31350.89,0.7776327306690419,0.0,22194.0,37.0,0.21314999999953302,31.5625,32.5625,37.01000000000005,0.0,0.0,0.0,0.0,0.0,20.0,0.3,0.1,0.2,0.1,0.4,0.1,0.1,0.1,0.5,0.0,65535.0,0.09159990844586861,0.0,52914.0,0.07478172128359224,0.0,0.0,0.0,0.0,0.0,0.0,0.0,0.0,0.0,0.0
31410.93,0.8371176655129009,0.0,22194.0,37.0,0.17284999999952536,31.5625,32.5,36.85000000000002,0.0,0.0,0.0,0.0,0.0,20.0,0.3,0.1,0.2,0.1,0.4,0.1,0.1,0.1,0.5,0.0,65535.0,0.09185931181811247,0.0,52881.0,0.07475274673323122,0.0,0.0,0.0,0.0,0.0,0.0,0.0,0.0,0.0,0.0
31471.01,0.8332585170853708,0.0,22194.0,37.0,0.18074999999952981,31.5625,32.5625,36.89000000000004,0.0,0.0,0.0,0.0,0.0,20.0,0.3,0.1,0.2,0.1,0.4,0.1,0.1,0.1,0.5,0.0,65535.0,0.0916456855115587,0.0,52853.0,0.07490587100070005,0.0,0.0,0.0,0.0,0.0,0.0,0.0,0.0,0.0,0.0
31531.08,0.8547429704622055,0.0,22194.0,37.0,0.17014999999952354,31.5625,32.5625,36.97000000000003,0.0,0.0,0.0,0.0,0.0,20.0,0.3,0.1,0.2,0.1,0.4,0.1,0.1,0.1,0.5,0.0,65535.0,0.0916456855115587,0.0,52933.0,0.07484933784217784,0.0,0.0,0.0,0.0,0.0,0.0,0.0,0.0,0.0,0.0
31591.15,0.7818002796227257,0.0,22194.0,37.0,0.18164999999952813,31.5625,32.5,36.81,0.0,0.0,0.0,0.0,0.0,20.0,0.3,0.1,0.2,0.1,0.4,0.1,0.1,0.1,0.5,0.0,65535.0,0.09176775768673227,0.0,52856.0,0.07509081277433026,0.0,0.0,0.0,0.0,0.0,0.0,0.0,0.0,0.0,0.0
31651.22,0.8625561623700266,0.0,22194.0,37.0,0.20254999999952333,31.5625,32.5,36.89000000000004,0.0,0.0,0.0,0.0,0.0,20.0,0.3,0.1,0.2,0.1,0.4,0.1,0.1,0.1,0.5,0.0,65535.0,0.09231708247501336,0.0,52786.0,0.07532300231121888,0.0,0.0,0.0,0.0,0.0,0.0,0.0,0.0,0.0,0.0
31711.3,0.7970878558255814,0.0,22194.0,37.0,0.2152499999995277,31.5625,32.5,36.85000000000002,0.0,0.0,0.0,0.0,0.0,20.0,0.3,0.1,0.2,0.1,0.4,0.1,0.1,0.1,0.5,0.0,65535.0,0.092133974212253,0.0,52966.0,0.07516142430993468,0.0,0.0,0.0,0.0,0.0,0.0,0.0,0.0,0.0,0.0
31771.38,0.8137342275142141,0.0,22194.0,37.0,0.17104999999952017,31.5625,32.5,36.93000000000001,0.0,0.0,0.0,0.0,0.0,20.0,0.3,0.1,0.2,0.1,0.4,0.1,0.1,0.1,0.5,0.0,65535.0,0.09221026932173648,0.0,52927.0,0.07502786857369584,0.0,0.0,0.0,0.0,0.0,0.0,0.0,0.0,0.0,0.0
31831.43,0.7758113721423144,0.0,22194.0,37.0,0.21554999999952576,31.5625,32.5,36.710000000000036,0.0,0.0,0.0,0.0,0.0,20.0,0.3,0.1,0.2,0.1,0.4,0.1,0.1,0.1,0.5,0.0,65535.0,0.09285114824139773,0.0,52881.0,0.07518768555813997,0.0,0.0,0.0,0.0,0.0,0.0,0.0,0.0,0.0,0.0
31891.47,0.7800740179018305,0.0,22194.0,37.0,0.21854999999952474,31.5625,32.5,36.85000000000002,0.0,0.0,0.0,0.0,0.0,20.0,0.3,0.1,0.2,0.1,0.4,0.1,0.1,0.1,0.5,0.0,65535.0,0.09282063019760434,0.0,52921.0,0.07522533587800684,0.0,0.0,0.0,0.0,0.0,0.0,0.0,0.0,0.0,0.0
31951.55,0.8541719501161815,0.0,22194.0,37.0,0.18124999999951774,31.625,32.5,37.01000000000005,0.0,0.0,0.0,0.0,0.0,20.0,0.3,0.1,0.2,0.1,0.4,0.1,0.1,0.1,0.5,0.0,65535.0,0.09237811856260014,0.0,52933.0,0.07522717397464719,0.0,0.0,0.0,0.0,0.0,0.0,0.0,0.0,0.0,0.0
32011.62,0.8591258148127346,0.0,22194.0,37.0,0.15824999999952102,31.625,32.5625,37.09000000000003,0.0,0.0,0.0,0.0,0.0,20.0,0.3,0.1,0.2,0.1,0.4,0.1,0.1,0.1,0.5,0.0,65535.0,0.09272907606622416,0.0,53331.0,0.07485327483077385,0.0,0.0,0.0,0.0,0.0,0.0,0.0,0.0,0.0,0.0
32071.69,0.797416064149666,0.0,22194.0,37.0,0.17644999999951613,31.625,32.5,37.05000000000001,0.0,0.0,0.0,0.0,0.0,20.0,0.3,0.1,0.2,0.1,0.4,0.1,0.1,0.1,0.5,0.0,65535.0,0.09188982986190586,0.0,53171.0,0.07528539993605537,0.0,0.0,0.0,0.0,0.0,0.0,0.0,0.0,0.0,0.0
32131.73,0.8456910386218507,0.0,22194.0,37.0,0.16844999999951998,31.625,32.5,36.93000000000001,0.0,0.0,0.0,0.0,0.0,20.0,0.3,0.1,0.2,0.1,0.4,0.1,0.1,0.1,0.5,0.0,65535.0,0.09291218432898452,0.0,52921.0,0.07528202414920353,0.0,0.0,0.0,0.0,0.0,0.0,0.0,0.0,0.0,0.0
32191.79,0.7848449374859623,0.0,22194.0,37.0,0.15194999999951822,31.625,32.5,36.73000000000002,0.0,0.0,0.0,0.0,0.0,20.0,0.3,0.1,0.2,0.1,0.4,0.1,0.1,0.1,0.5,0.0,65535.0,0.09271381704432746,0.0,53168.0,0.07525203129702077,0.0,0.0,0.0,0.0,0.0,0.0,0.0,0.0,0.0,0.0
32251.83,0.8422590196053145,0.0,22194.0,37.0,0.19104999999952357,31.625,32.5625,36.81,0.0,0.0,0.0,0.0,0.0,20.0,0.3,0.1,0.2,0.1,0.4,0.1,0.1,0.1,0.5,0.0,65535.0,0.09303425650415809,0.0,53437.0,0.07519134681961936,0.0,0.0,0.0,0.0,0.0,0.0,0.0,0.0,0.0,0.0
32311.88,0.8360502117474713,0.0,22194.0,37.0,0.18194999999951764,31.625,32.4375,36.97000000000003,0.0,0.0,0.0,0.0,0.0,20.0,0.3,0.1,0.2,0.1,0.4,0.1,0.1,0.1,0.5,0.0,65535.0,0.0929732204165713,0.0,53781.0,0.07474758743794277,0.0,0.0,0.0,0.0,0.0,0.0,0.0,0.0,0.0,0.0
32371.96,0.8377079168952445,0.0,22194.0,37.0,0.20874999999952254,31.5625,32.4375,36.710000000000036,0.0,0.0,0.0,0.0,0.0,20.0,0.3,0.1,0.2,0.1,0.4,0.1,0.1,0.1,0.5,0.0,65535.0,0.0934004730296788,0.0,53635.0,0.07504428078679966,0.0,0.0,0.0,0.0,0.0,0.0,0.0,0.0,0.0,0.0
32432.03,0.79710364588061,0.0,22194.0,37.0,0.17194999999951083,31.5625,32.5,37.01000000000005,0.0,0.0,0.0,0.0,0.0,20.0,0.3,0.1,0.2,0.1,0.4,0.1,0.1,0.1,0.5,0.0,65535.0,0.09346150911726558,0.0,53768.0,0.07491444725487278,0.0,0.0,0.0,0.0,0.0,0.0,0.0,0.0,0.0,0.0
32492.1,0.8197533513929744,0.0,22194.0,37.0,0.20964999999952086,31.5625,32.5,36.77000000000004,0.0,0.0,0.0,0.0,0.0,20.0,0.3,0.1,0.2,0.1,0.4,0.1,0.1,0.1,0.5,0.0,65535.0,0.09315632867933166,0.0,53932.0,0.07477935177631091,0.0,0.0,0.0,0.0,0.0,0.0,0.0,0.0,0.0,0.0
32552.15,0.8276672660697909,0.0,22194.0,37.0,0.18494999999951406,31.5625,32.5,36.97000000000003,0.0,0.0,0.0,0.0,0.0,20.0,0.3,0.1,0.2,0.1,0.4,0.1,0.1,0.1,0.5,0.0,65535.0,0.09385824368657969,0.0,53782.0,0.07513666282399316,0.0,0.0,0.0,0.0,0.0,0.0,0.0,0.0,0.0,0.0
32612.22,0.7821244940168656,0.0,22194.0,37.0,0.20494999999950922,31.625,32.5,37.13000000000005,0.0,0.0,0.0,0.0,0.0,20.0,0.3,0.1,0.2,0.1,0.4,0.1,0.1,0.1,0.5,0.0,65535.0,0.09304951552605478,0.0,53213.0,0.07556424182060775,0.0,0.0,0.0,0.0,0.0,0.0,0.0,0.0,0.0,0.0
32672.27,0.7988852948345568,0.0,22194.0,37.0,0.21114999999951864,31.625,32.5,37.01000000000005,0.0,0.0,0.0,0.0,0.0,20.0,0.3,0.1,0.2,0.1,0.4,0.1,0.1,0.1,0.5,0.0,65535.0,0.09317158770122835,0.0,53313.0,0.075647590643933,0.0,0.0,0.0,0.0,0.0,0.0,0.0,0.0,0.0,0.0
32732.35,0.817322870311169,0.0,22194.0,37.0,0.1281499999995046,31.625,32.4375,37.03000000000003,0.0,0.0,0.0,0.0,0.0,20.0,0.3,0.1,0.2,0.1,0.4,0.1,0.1,0.1,0.5,0.0,65535.0,0.09388876173037308,0.0,54233.0,0.07486216879021998,0.0,0.0,0.0,0.0,0.0,0.0,0.0,0.0,0.0,0.0
32792.39,0.7879194312973887,0.0,22194.0,37.0,0.19464999999951602,31.625,32.5,36.89000000000004,0.0,0.0,0.0,0.0,0.0,20.0,0.3,0.1,0.2,0.1,0.4,0.1,0.1,0.1,0.5,0.0,65535.0,0.09391927977416648,0.0,53800.0,0.07520446096654275,0.0,0.0,0.0,0.0,0.0,0.0,0.0,0.0,0.0,0.0
32852.44,0.8266148843472407,0.0,22194.0,37.0,0.1858499999995098,31.5625,32.5,36.85000000000002,0.0,0.0,0.0,0.0,0.0,20.0,0.3,0.1,0.2,0.1,0.4,0.1,0.1,0.1,0.5,0.0,65535.0,0.09407186999313344,0.0,53440.0,0.07563622754491017,0.0,0.0,0.0,0.0,0.0,0.0,0.0,0.0,0.0,0.0
32912.48,0.849745197538338,0.0,22194.0,37.0,0.1434499999995023,31.5625,32.5,37.01000000000005,0.0,0.0,0.0,0.0,0.0,20.0,0.3,0.1,0.2,0.1,0.4,0.1,0.1,0.1,0.5,0.0,65535.0,0.09454489967193103,0.0,53688.0,0.07554760840411265,0.0,0.0,0.0,0.0,0.0,0.0,0.0,0.0,0.0,0.0
32972.53,0.7847925520525925,0.0,22194.0,37.0,0.18754999999950311,31.625,32.5,37.01000000000005,0.0,0.0,0.0,0.0,0.0,20.0,0.3,0.1,0.2,0.1,0.4,0.1,0.1,0.1,0.5,0.0,65535.0,0.09398031586175326,0.0,53526.0,0.07551470313492509,0.0,0.0,0.0,0.0,0.0,0.0,0.0,0.0,0.0,0.0
33032.56,0.8101657091193695,0.0,22194.0,37.0,0.18344999999950684,31.5625,32.5,36.97000000000003,0.0,0.0,0.0,0.0,0.0,20.0,0.3,0.1,0.2,0.1,0.4,0.1,0.1,0.1,0.5,0.0,65535.0,0.09430075532158388,0.0,53631.0,0.07559060990844847,0.0,0.0,0.0,0.0,0.0,0.0,0.0,0.0,0.0,0.0
33092.59,0.7924372241371921,0.0,22194.0,37.0,0.18314999999950626,31.625,32.5625,36.870000000000005,0.0,0.0,0.0,0.0,0.0,20.0,0.3,0.1,0.2,0.1,0.4,0.1,0.1,0.1,0.5,0.0,65535.0,0.0942092011902037,0.0,54036.0,0.0754126878377378,0.0,0.0,0.0,0.0,0.0,0.0,0.0,0.0,0.0,0.0
33152.64,0.7897872527095559,0.0,22194.0,37.0,0.20994999999951117,31.625,32.5,36.79000000000002,0.0,0.0,0.0,0.0,0.0,20.0,0.3,0.1,0.2,0.1,0.4,0.1,0.1,0.1,0.5,0.0,65535.0,0.09427023727779049,0.0,53541.0,0.07575502885639043,0.0,0.0,0.0,0.0,0.0,0.0,0.0,0.0,0.0,0.0
33212.68,0.7904519598044686,0.0,22194.0,37.0,0.18904999999950003,31.5625,32.5,36.97000000000003,0.0,0.0,0.0,0.0,0.0,20.0,0.3,0.1,0.2,0.1,0.4,0.1,0.1,0.1,0.5,0.0,65535.0,0.09448386358434424,0.0,53858.0,0.07568049314865015,0.0,0.0,0.0,0.0,0.0,0.0,0.0,0.0,0.0,0.0
33272.75,0.8555995840414897,0.0,22194.0,37.0,0.11074999999949592,31.5625,32.5,36.77000000000004,0.0,0.0,0.0,0.0,0.0,20.0,0.3,0.1,0.2,0.1,0.4,0.1,0.1,0.1,0.5,0.0,65535.0,0.09454489967193103,0.0,53656.0,0.07564857611450723,0.0,0.0,0.0,0.0,0.0,0.0,0.0,0.0,0.0,0.0
33332.82,0.8459989846430238,0.0,22194.0,37.0,0.22224999999950903,31.625,32.5,36.89000000000004,0.0,0.0,0.0,0.0,0.0,20.0,0.3,0.1,0.2,0.1,0.4,0.1,0.1,0.1,0.5,0.0,65535.0,0.09437705043106737,0.0,53531.0,0.07584390353253255,0.0,0.0,0.0,0.0,0.0,0.0,0.0,0.0,0.0,0.0
33392.9,0.8272801273587428,0.0,22194.0,37.0,0.18724999999949737,31.625,32.5,37.01000000000005,0.0,0.0,0.0,0.0,0.0,20.0,0.3,0.1,0.2,0.1,0.4,0.1,0.1,0.1,0.5,0.0,65535.0,0.09456015869382772,0.0,53087.0,0.07632753781528434,0.0,0.0,0.0,0.0,0.0,0.0,0.0,0.0,0.0,0.0
33452.97,0.8599034126929174,0.0,22194.0,37.0,0.20434999999949688,31.5625,32.5,36.97000000000003,0.0,0.0,0.0,0.0,0.0,20.0,0.3,0.1,0.2,0.1,0.4,0.1,0.1,0.1,0.5,0.0,65535.0,0.09556725413900968,0.0,54155.0,0.07543163142830764,0.0,0.0,0.0,0.0,0.0,0.0,0.0,0.0,0.0,0.0
33513.04,0.8480229227020054,0.0,22194.0,37.0,0.1816499999994999,31.5625,32.5,36.77000000000004,0.0,0.0,0.0,0.0,0.0,20.0,0.3,0.1,0.2,0.1,0.4,0.1,0.1,0.1,0.5,0.0,65535.0,0.0950789654383154,0.0,53307.0,0.07627516086067496,0.0,0.0,0.0,0.0,0.0,0.0,0.0,0.0,0.0,0.0
33573.11,0.8371187179612847,0.0,22194.0,37.0,0.2249499999995057,31.625,32.5,36.77000000000004,0.0,0.0,0.0,0.0,0.0,20.0,0.3,0.1,0.2,0.1,0.4,0.1,0.1,0.1,0.5,0.0,65535.0,0.09500267032883192,0.0,53643.0,0.07609566951885614,0.0,0.0,0.0,0.0,0.0,0.0,0.0,0.0,0.0,0.0
33633.19,0.8540006983170145,0.0,22194.0,37.0,0.17824999999949306,31.5625,32.4375,36.97000000000003,0.0,0.0,0.0,0.0,0.0,20.0,0.3,0.1,0.2,0.1,0.4,0.1,0.1,0.1,0.5,0.0,65535.0,0.095048447394522,0.0,53882.0,0.07583237444786756,0.0,0.0,0.0,0.0,0.0,0.0,0.0,0.0,0.0,0.0
33693.29,0.8441573128342882,0.0,22194.0,37.0,0.17144999999949667,31.5625,32.5,37.03000000000003,0.0,0.0,0.0,0.0,0.0,20.0,0.3,0.1,0.2,0.1,0.4,0.1,0.1,0.1,0.5,0.0,65535.0,0.0950942244602121,0.0,53824.0,0.0759884066587396,0.0,0.0,0.0,0.0,0.0,0.0,0.0,0.0,0.0,0.0
33753.36,0.8210333786918957,0.0,22194.0,37.0,0.2064499999994924,31.625,32.5,37.03000000000003,0.0,0.0,0.0,0.0,0.0,20.0,0.3,0.1,0.2,0.1,0.4,0.1,0.1,0.1,0.5,0.0,65535.0,0.09489585717555504,0.0,53197.0,0.07662086207868865,0.0,0.0,0.0,0.0,0.0,0.0,0.0,0.0,0.0,0.0
33813.43,0.7864127428722776,0.0,22194.0,37.0,0.21974999999949707,31.625,32.4375,37.03000000000003,0.0,0.0,0.0,0.0,0.0,20.0,0.3,0.1,0.2,0.1,0.4,0.1,0.1,0.1,0.5,0.0,65535.0,0.0954909590295262,0.0,53391.0,0.07637991421775206,0.0,0.0,0.0,0.0,0.0,0.0,0.0,0.0,0.0,0.0
33873.49,0.8351153342768549,0.0,22194.0,37.0,0.13234999999948788,31.625,32.4375,36.97000000000003,0.0,0.0,0.0,0.0,0.0,20.0,0.3,0.1,0.2,0.1,0.4,0.1,0.1,0.1,0.5,0.0,65535.0,0.09520103761348897,0.0,54038.0,0.07600207261556682,0.0,0.0,0.0,0.0,0.0,0.0,0.0,0.0,0.0,0.0
33933.56,0.8332220261656074,0.0,22194.0,37.0,0.14814999999949766,31.625,32.5,37.01000000000005,0.0,0.0,0.0,0.0,0.0,20.0,0.3,0.1,0.2,0.1,0.4,0.1,0.1,0.1,0.5,0.0,65535.0,0.09558251316090638,0.0,53689.0,0.07647749073366984,0.0,0.0,0.0,0.0,0.0,0.0,0.0,0.0,0.0,0.0
33993.64,0.8716832174288107,0.0,22194.0,37.0,0.22464999999949997,31.5625,32.5,37.05000000000001,0.0,0.0,0.0,0.0,0.0,20.0,0.3,0.1,0.2,0.1,0.4,0.1,0.1,0.1,0.5,0.0,65535.0,0.09567406729228656,0.0,53497.0,0.07662111894124904,0.0,0.0,0.0,0.0,0.0,0.0,0.0,0.0,0.0,0.0
34053.71,0.8474331296651334,0.0,22194.0,37.0,0.20794999999948843,31.625,32.4375,36.89000000000004,0.0,0.0,0.0,0.0,0.0,20.0,0.3,0.1,0.2,0.1,0.4,0.1,0.1,0.1,0.5,0.0,65535.0,0.09539940489814602,0.0,53854.0,0.07648456939131726,0.0,0.0,0.0,0.0,0.0,0.0,0.0,0.0,0.0,0.0
34113.78,0.8482361351027226,0.0,22194.0,37.0,0.15704999999949038,31.625,32.5,37.09000000000003,0.0,0.0,0.0,0.0,0.0,20.0,0.3,0.1,0.2,0.1,0.4,0.1,0.1,0.1,0.5,0.0,65535.0,0.09570458533607996,0.0,53584.0,0.07645939086294416,0.0,0.0,0.0,0.0,0.0,0.0,0.0,0.0,0.0,0.0
34173.86,0.8660150700455959,0.0,22194.0,37.0,0.18254999999949048,31.625,32.4375,36.97000000000003,0.0,0.0,0.0,0.0,0.0,20.0,0.3,0.1,0.2,0.1,0.4,0.1,0.1,0.1,0.5,0.0,65535.0,0.09625391012436103,0.0,53639.0,0.07645556404854677,0.0,0.0,0.0,0.0,0.0,0.0,0.0,0.0,0.0,0.0
34233.93,0.8364786233715471,0.0,22194.0,37.0,0.2258499999994963,31.5625,32.5,37.03000000000003,0.0,0.0,0.0,0.0,0.0,20.0,0.3,0.1,0.2,0.1,0.4,0.1,0.1,0.1,0.5,0.0,65535.0,0.0959487296864271,0.0,53942.0,0.07643394757331949,0.0,0.0,0.0,0.0,0.0,0.0,0.0,0.0,0.0,0.0
34294.01,0.8569552471866012,0.0,22194.0,37.0,0.18584999999948917,31.5625,32.5,37.01000000000005,0.0,0.0,0.0,0.0,0.0,20.0,0.3,0.1,0.2,0.1,0.4,0.1,0.1,0.1,0.5,0.0,65535.0,0.0959487296864271,0.0,54155.0,0.07602252792909242,0.0,0.0,0.0,0.0,0.0,0.0,0.0,0.0,0.0,0.0
34354.08,0.8497049391202843,0.0,22194.0,37.0,0.19144999999948323,31.625,32.5,37.13000000000005,0.0,0.0,0.0,0.0,0.0,20.0,0.3,0.1,0.2,0.1,0.4,0.1,0.1,0.1,0.5,0.0,65535.0,0.0959945067521172,0.0,53672.0,0.07650171411536742,0.0,0.0,0.0,0.0,0.0,0.0,0.0,0.0,0.0,0.0
34414.15,0.802179530575631,0.0,22194.0,37.0,0.21324999999949268,31.625,32.5,36.950000000000045,0.0,0.0,0.0,0.0,0.0,20.0,0.3,0.1,0.2,0.1,0.4,0.1,0.1,0.1,0.5,0.0,65535.0,0.09665064469367514,0.0,54004.0,0.07640174801866528,0.0,0.0,0.0,0.0,0.0,0.0,0.0,0.0,0.0,0.0
34474.23,0.8724759426245192,0.0,22194.0,37.0,0.18494999999948572,31.625,32.5,37.01000000000005,0.0,0.0,0.0,0.0,0.0,20.0,0.3,0.1,0.2,0.1,0.4,0.1,0.1,0.1,0.5,0.0,65535.0,0.09631494621194782,0.0,53878.0,0.07659898288726381,0.0,0.0,0.0,0.0,0.0,0.0,0.0,0.0,0.0,0.0
34534.31,0.8036514029731581,0.0,22194.0,37.0,0.17164999999947936,31.625,32.5,36.89000000000004,0.0,0.0,0.0,0.0,0.0,20.0,0.3,0.1,0.2,0.1,0.4,0.1,0.1,0.1,0.5,0.0,65535.0,0.09645227740901809,0.0,54193.0,0.0763013673352647,0.0,0.0,0.0,0.0,0.0,0.0,0.0,0.0,0.0,0.0
34594.38,0.8058223586493287,0.0,22194.0,37.0,0.18694999999947878,31.5625,32.5625,36.79000000000002,0.0,0.0,0.0,0.0,0.0,20.0,0.3,0.1,0.2,0.1,0.4,0.1,0.1,0.1,0.5,0.0,65535.0,0.09713893339436942,0.0,54323.0,0.0763212635531911,0.0,0.0,0.0,0.0,0.0,0.0,0.0,0.0,0.0,0.0
34654.46,0.845117527749242,0.0,22194.0,37.0,0.18164999999948275,31.625,32.4375,36.97000000000003,0.0,0.0,0.0,0.0,0.0,20.0,0.3,0.1,0.2,0.1,0.4,0.1,0.1,0.1,0.5,0.0,65535.0,0.09675745784695201,0.0,53752.0,0.0768901622265218,0.0,0.0,0.0,0.0,0.0,0.0,0.0,0.0,0.0,0.0
34714.53,0.8566606451423933,0.0,22194.0,37.0,0.22614999999948832,31.5625,32.5,36.93000000000001,0.0,0.0,0.0,0.0,0.0,20.0,0.3,0.1,0.2,0.1,0.4,0.1,0.1,0.1,0.5,0.0,65535.0,0.09669642175936523,0.0,54053.0,0.07683199822396537,0.0,0.0,0.0,0.0,0.0,0.0,0.0,0.0,0.0,0.0
34774.59,0.8553667272664175,0.0,22194.0,37.0,0.20374999999947685,31.5625,32.5625,36.870000000000005,0.0,0.0,0.0,0.0,0.0,20.0,0.3,0.1,0.2,0.1,0.4,0.1,0.1,0.1,0.5,0.0,65535.0,0.09655909056229496,0.0,54505.0,0.07645170167874507,0.0,0.0,0.0,0.0,0.0,0.0,0.0,0.0,0.0,0.0
34834.67,0.8034607145891857,0.0,22194.0,37.0,0.23524999999947663,31.625,32.5,36.81,0.0,0.0,0.0,0.0,0.0,20.0,0.3,0.1,0.2,0.1,0.4,0.1,0.1,0.1,0.5,0.0,65535.0,0.09741359578850996,0.0,53956.0,0.0769330565646082,0.0,0.0,0.0,0.0,0.0,0.0,0.0,0.0,0.0,0.0
34894.74,0.8396629299611247,0.0,22194.0,37.0,0.19144999999947382,31.625,32.5,36.97000000000003,0.0,0.0,0.0,0.0,0.0,20.0,0.3,0.1,0.2,0.1,0.4,0.1,0.1,0.1,0.5,0.0,65535.0,0.09658960860608835,0.0,53652.0,0.07707075225527474,0.0,0.0,0.0,0.0,0.0,0.0,0.0,0.0,0.0,0.0
34954.82,0.8642263779625041,0.0,22194.0,37.0,0.18524999999947775,31.625,32.5,37.09000000000003,0.0,0.0,0.0,0.0,0.0,20.0,0.3,0.1,0.2,0.1,0.4,0.1,0.1,0.1,0.5,0.0,65535.0,0.09686427100022889,0.0,53891.0,0.07685884470505279,0.0,0.0,0.0,0.0,0.0,0.0,0.0,0.0,0.0,0.0
35014.9,0.7900086882702293,0.0,22194.0,37.0,0.1637499999994814,31.625,32.4375,37.01000000000005,0.0,0.0,0.0,0.0,0.0,20.0,0.3,0.1,0.2,0.1,0.4,0.1,0.1,0.1,0.5,0.0,65535.0,0.09732204165712978,0.0,54075.0,0.0768377253814147,0.0,0.0,0.0,0.0,0.0,0.0,0.0,0.0,0.0,0.0
35074.97,0.8063056556465912,0.0,22194.0,37.0,0.18284999999947651,31.625,32.5625,37.03000000000003,0.0,0.0,0.0,0.0,0.0,20.0,0.3,0.1,0.2,0.1,0.4,0.1,0.1,0.1,0.5,0.0,65535.0,0.09748989089799344,0.0,54241.0,0.07684224110912409,0.0,0.0,0.0,0.0,0.0,0.0,0.0,0.0,0.0,0.0
35135.04,0.7950416791980555,0.0,22194.0,37.0,0.16694999999947505,31.625,32.5,36.93000000000001,0.0,0.0,0.0,0.0,0.0,20.0,0.3,0.1,0.2,0.1,0.4,0.1,0.1,0.1,0.5,0.0,65535.0,0.09748989089799344,0.0,53982.0,0.07709977399874032,0.0,0.0,0.0,0.0,0.0,0.0,0.0,0.0,0.0,0.0
35195.12,0.8561443997018733,0.0,22194.0,37.0,0.20724999999948102,31.625,32.4375,36.870000000000005,0.0,0.0,0.0,0.0,0.0,20.0,0.3,0.1,0.2,0.1,0.4,0.1,0.1,0.1,0.5,0.0,65535.0,0.0980544747081712,0.0,54096.0,0.07704821058858326,0.0,0.0,0.0,0.0,0.0,0.0,0.0,0.0,0.0,0.0
35255.15,0.870099429843026,0.0,22194.0,37.0,0.1961499999994803,31.625,32.5,36.93000000000001,0.0,0.0,0.0,0.0,0.0,20.0,0.3,0.1,0.2,0.1,0.4,0.1,0.1,0.1,0.5,0.0,65535.0,0.09736781872281987,0.0,54151.0,0.07700688814610995,0.0,0.0,0.0,0.0,0.0,0.0,0.0,0.0,0.0,0.0
35315.19,0.8750189604361218,0.0,22194.0,37.0,0.16494999999947854,31.625,32.5,37.05000000000001,0.0,0.0,0.0,0.0,0.0,20.0,0.3,0.1,0.2,0.1,0.4,0.1,0.1,0.1,0.5,0.0,65535.0,0.0976577401388571,0.0,54238.0,0.07712305025996534,0.0,0.0,0.0,0.0,0.0,0.0,0.0,0.0,0.0,0.0
35375.24,0.8655397827758363,0.0,22194.0,37.0,0.1764499999994681,31.625,32.5,37.01000000000005,0.0,0.0,0.0,0.0,0.0,20.0,0.3,0.1,0.2,0.1,0.4,0.1,0.1,0.1,0.5,0.0,65535.0,0.09785610742351415,0.0,54353.0,0.07692307692307693,0.0,0.0,0.0,0.0,0.0,0.0,0.0,0.0,0.0,0.0
35435.31,0.8609834143065521,0.0,22194.0,37.0,0.18614999999947263,31.625,32.5,36.97000000000003,0.0,0.0,0.0,0.0,0.0,20.0,0.3,0.1,0.2,0.1,0.4,0.1,0.1,0.1,0.5,0.0,65535.0,0.09776455329213397,0.0,53812.0,0.07725042741395971,0.0,0.0,0.0,0.0,0.0,0.0,0.0,0.0,0.0,0.0
35495.39,0.852131885960445,0.0,22194.0,37.0,0.1982499999994775,31.625,32.5,36.93000000000001,0.0,0.0,0.0,0.0,0.0,20.0,0.3,0.1,0.2,0.1,0.4,0.1,0.1,0.1,0.5,0.0,65535.0,0.09770351720454719,0.0,54536.0,0.07686665688719378,0.0,0.0,0.0,0.0,0.0,0.0,0.0,0.0,0.0,0.0
35555.45,0.8076092022686495,0.0,22194.0,37.0,0.2094499999994673,31.6875,32.5,36.89000000000004,0.0,0.0,0.0,0.0,0.0,20.0,0.3,0.1,0.2,0.1,0.4,0.1,0.1,0.1,0.5,0.0,65535.0,0.09790188448920424,0.0,54287.0,0.07707185882439627,0.0,0.0,0.0,0.0,0.0,0.0,0.0,0.0,0.0,0.0
35615.49,0.7978744846109777,0.0,22194.0,37.0,0.1511499999994743,31.625,32.5,37.110000000000014,0.0,0.0,0.0,0.0,0.0,20.0,0.3,0.1,0.2,0.1,0.4,0.1,0.1,0.1,0.5,0.0,65535.0,0.0976577401388571,0.0,54056.0,0.07741971289033595,0.0,0.0,0.0,0.0,0.0,0.0,0.0,0.0,0.0,0.0
35675.54,0.8059238592848883,0.0,22194.0,37.0,0.17584999999946435,31.6875,32.4375,37.01000000000005,0.0,0.0,0.0,0.0,0.0,20.0,0.3,0.1,0.2,0.1,0.4,0.1,0.1,0.1,0.5,0.0,65535.0,0.09820706492713817,0.0,54148.0,0.07730664105784148,0.0,0.0,0.0,0.0,0.0,0.0,0.0,0.0,0.0,0.0
35735.58,0.8712459522056383,0.0,22194.0,37.0,0.17494999999946348,31.6875,32.4375,37.01000000000005,0.0,0.0,0.0,0.0,0.0,20.0,0.3,0.1,0.2,0.1,0.4,0.1,0.1,0.1,0.5,0.0,65535.0,0.09828336003662165,0.0,54340.0,0.07721751932278248,0.0,0.0,0.0,0.0,0.0,0.0,0.0,0.0,0.0,0.0
35795.63,0.7989452449804583,0.0,22194.0,37.0,0.21464999999946915,31.625,32.4375,36.85000000000002,0.0,0.0,0.0,0.0,0.0,20.0,0.3,0.1,0.2,0.1,0.4,0.1,0.1,0.1,0.5,0.0,65535.0,0.09843595025558861,0.0,54198.0,0.07738292925938227,0.0,0.0,0.0,0.0,0.0,0.0,0.0,0.0,0.0,0.0
35855.74,0.8199945050025101,0.0,22194.0,37.0,0.20374999999946314,31.625,32.5,36.89000000000004,0.0,0.0,0.0,0.0,0.0,20.0,0.3,0.1,0.2,0.1,0.4,0.1,0.1,0.1,0.5,0.0,65535.0,0.09799343862058442,0.0,54416.0,0.07751396648044692,0.0,0.0,0.0,0.0,0.0,0.0,0.0,0.0,0.0,0.0
35915.84,0.8680584969673127,0.0,22194.0,37.0,0.1687499999994657,31.625,32.5,37.03000000000003,0.0,0.0,0.0,0.0,0.0,20.0,0.3,0.1,0.2,0.1,0.4,0.1,0.1,0.1,0.5,0.0,65535.0,0.0984969863431754,0.0,54181.0,0.07772097229656152,0.0,0.0,0.0,0.0,0.0,0.0,0.0,0.0,0.0,0.0
35975.91,0.8459306624712982,0.0,22194.0,37.0,0.20874999999947108,31.625,32.4375,36.870000000000005,0.0,0.0,0.0,0.0,0.0,20.0,0.3,0.1,0.2,0.1,0.4,0.1,0.1,0.1,0.5,0.0,65535.0,0.0984817273212787,0.0,54316.0,0.077564621842551,0.0,0.0,0.0,0.0,0.0,0.0,0.0,0.0,0.0,0.0
36035.98,0.8565301666609424,0.0,22194.0,37.0,0.20224999999946022,31.625,32.5,36.89000000000004,0.0,0.0,0.0,0.0,0.0,20.0,0.3,0.1,0.2,0.1,0.4,0.1,0.1,0.1,0.5,0.0,65535.0,0.09907682917524986,0.0,54286.0,0.07760748627638801,0.0,0.0,0.0,0.0,0.0,0.0,0.0,0.0,0.0,0.0
36096.05,0.8727945515324078,0.0,22194.0,37.0,0.16724999999946277,31.625,32.5,37.03000000000003,0.0,0.0048,0.25,0.0,0.0,20.0,0.3,0.1,0.2,0.1,0.4,0.1,0.1,0.1,0.5,0.0,65535.0,0.09924467841611352,0.0,54442.0,0.07758715697439476,0.0,0.0,0.0,0.0,0.0,0.0,0.0,0.0,0.0,0.0
36156.09,0.8546056862265866,0.0,22194.0,37.0,0.2718499999994606,31.5625,32.4375,36.650000000000034,0.0,0.0,0.0,0.0,0.0,20.0,0.3,0.1,0.2,0.1,0.4,0.1,0.1,0.1,0.5,0.0,65535.0,0.09718471046005951,0.0,53097.0,0.07766917151628153,0.0,0.0,0.0,0.0,0.0,0.0,0.0,0.0,0.0,0.0
36216.14,0.787309801229722,0.0,22194.0,37.0,0.2351499999994681,31.5625,32.5,36.81,0.0,0.0,0.0,0.0,0.0,20.0,0.3,0.1,0.2,0.1,0.4,0.1,0.1,0.1,0.5,0.0,65535.0,0.09716945143816282,0.0,53038.0,0.07758588182058147,0.0,0.0,0.0,0.0,0.0,0.0,0.0,0.0,0.0,0.0
36276.21,0.8537717494523751,0.0,22194.0,37.0,0.18454999999945557,31.5625,32.5,37.01000000000005,0.0,0.0,0.0,0.0,0.0,20.0,0.3,0.1,0.2,0.1,0.4,0.1,0.1,0.1,0.5,0.0,65535.0,0.0968184939345388,0.0,53338.0,0.07744947317109753,0.0,0.0,0.0,0.0,0.0,0.0,0.0,0.0,0.0,0.0
36336.28,0.8382291233479988,0.0,22194.0,37.0,0.2174499999994657,31.5625,32.4375,36.870000000000005,0.0,0.0,0.0,0.0,0.0,20.0,0.3,0.1,0.2,0.1,0.4,0.1,0.1,0.1,0.5,0.0,65535.0,0.09727626459143969,0.0,53691.0,0.0772568959415917,0.0,0.0,0.0,0.0,0.0,0.0,0.0,0.0,0.0,0.0
36396.35,0.8122024381884749,0.0,22194.0,37.0,0.21454999999945498,31.625,32.5,36.89000000000004,0.0,0.0,0.0,0.0,0.0,20.0,0.3,0.1,0.2,0.1,0.4,0.1,0.1,0.1,0.5,0.0,65535.0,0.09745937285420005,0.0,53441.0,0.07746861024307179,0.0,0.0,0.0,0.0,0.0,0.0,0.0,0.0,0.0,0.0
36456.39,0.7915934231146439,0.0,22194.0,37.0,0.21694999999945364,31.625,32.5,36.89000000000004,0.0,0.0,0.0,0.0,0.0,20.0,0.3,0.1,0.2,0.1,0.4,0.1,0.1,0.1,0.5,0.0,65535.0,0.09701686121919585,0.0,53067.0,0.07761885917802024,0.0,0.0,0.0,0.0,0.0,0.0,0.0,0.0,0.0,0.0
36516.44,0.8539418179742532,0.0,22194.0,37.0,0.22874999999945797,31.6875,32.4375,36.85000000000002,0.0,0.0,0.0,0.0,0.0,20.0,0.3,0.1,0.2,0.1,0.4,0.1,0.1,0.1,0.5,0.0,65535.0,0.09736781872281987,0.0,53002.0,0.07790272065205087,0.0,0.0,0.0,0.0,0.0,0.0,0.0,0.0,0.0,0.0
36576.47,0.8563376561771232,0.0,22194.0,37.0,0.11154999999945742,31.625,32.5,37.29000000000002,0.0,0.0,0.0,0.0,0.0,20.0,0.3,0.1,0.2,0.1,0.4,0.1,0.1,0.1,0.5,0.0,65535.0,0.09730678263523308,0.0,52831.0,0.0781737994737938,0.0,0.0,0.0,0.0,0.0,0.0,0.0,0.0,0.0,0.0
36636.54,0.7888551389639866,0.0,22194.0,37.0,0.16944999999945903,31.625,32.5,37.05000000000001,0.0,0.0,0.0,0.0,0.0,20.0,0.3,0.1,0.2,0.1,0.4,0.1,0.1,0.1,0.5,0.0,65535.0,0.09790188448920424,0.0,53078.0,0.0779984174234146,0.0,0.0,0.0,0.0,0.0,0.0,0.0,0.0,0.0,0.0
36696.59,0.8114596893426023,0.0,22194.0,37.0,0.15614999999945264,31.6875,32.5,37.09000000000003,0.0,0.0,0.0,0.0,0.0,20.0,0.3,0.1,0.2,0.1,0.4,0.1,0.1,0.1,0.5,0.0,65535.0,0.09840543221179522,0.0,53476.0,0.07767970678435186,0.0,0.0,0.0,0.0,0.0,0.0,0.0,0.0,0.0,0.0
36756.65,0.8459554152240134,0.0,22194.0,37.0,0.16644999999945748,31.625,32.4375,37.05000000000001,0.0,0.0,0.0,0.0,0.0,20.0,0.3,0.1,0.2,0.1,0.4,0.1,0.1,0.1,0.5,0.0,65535.0,0.09791714351110094,0.0,53123.0,0.0779135214502193,0.0,0.0,0.0,0.0,0.0,0.0,0.0,0.0,0.0,0.0
36816.73,0.8428506117885709,0.0,22194.0,37.0,0.17464999999944747,31.6875,32.4375,37.01000000000005,0.0,0.0,0.0,0.0,0.0,20.0,0.3,0.1,0.2,0.1,0.4,0.1,0.1,0.1,0.5,0.0,65535.0,0.09799343862058442,0.0,53455.0,0.07793471143952857,0.0,0.0,0.0,0.0,0.0,0.0,0.0,0.0,0.0,0.0
36876.81,0.8494141536594026,0.0,22194.0,37.0,0.1885499999994516,31.625,32.5,36.97000000000003,0.0,0.0,0.0,0.0,0.0,20.0,0.3,0.1,0.2,0.1,0.4,0.1,0.1,0.1,0.5,0.0,65535.0,0.09832913710231174,0.0,53519.0,0.07782282927558437,0.0,0.0,0.0,0.0,0.0,0.0,0.0,0.0,0.0,0.0
36936.89,0.8371855333557032,0.0,22194.0,37.0,0.19674999999945578,31.625,32.5,36.93000000000001,0.0,0.0,0.0,0.0,0.0,20.0,0.3,0.1,0.2,0.1,0.4,0.1,0.1,0.1,0.5,0.0,65535.0,0.09822232394903486,0.0,53338.0,0.07819940755183921,0.0,0.0,0.0,0.0,0.0,0.0,0.0,0.0,0.0,0.0
36996.96,0.7930330538684809,0.0,22194.0,37.0,0.21584999999945093,31.6875,32.375,36.85000000000002,0.0,0.0,0.0,0.0,0.0,20.0,0.3,0.1,0.2,0.1,0.4,0.1,0.1,0.1,0.5,0.0,65535.0,0.09837491416800183,0.0,53668.0,0.07786763061787284,0.0,0.0,0.0,0.0,0.0,0.0,0.0,0.0,0.0,0.0
37057.0,0.8580060684118161,0.0,22194.0,37.0,0.1696499999994486,31.625,32.4375,37.03000000000003,0.0,0.0,0.0,0.0,0.0,20.0,0.3,0.1,0.2,0.1,0.4,0.1,0.1,0.1,0.5,0.0,65535.0,0.09863431754024567,0.0,53457.0,0.0780627420169482,0.0,0.0,0.0,0.0,0.0,0.0,0.0,0.0,0.0,0.0
37117.03,0.8509869236135357,0.0,22194.0,37.0,0.1843499999994486,31.6875,32.4375,36.97000000000003,0.0,0.0,0.0,0.0,0.0,20.0,0.3,0.1,0.2,0.1,0.4,0.1,0.1,0.1,0.5,0.0,65535.0,0.09820706492713817,0.0,53144.0,0.07839078729489689,0.0,0.0,0.0,0.0,0.0,0.0,0.0,0.0,0.0,0.0
37177.09,0.8296600968569271,0.0,22194.0,37.0,0.16584999999945207,31.5625,32.4375,37.05000000000001,0.0,0.0,0.0,0.0,0.0,20.0,0.3,0.1,0.2,0.1,0.4,0.1,0.1,0.1,0.5,0.0,65535.0,0.09831387808041504,0.0,54045.0,0.0776205014339902,0.0,0.0,0.0,0.0,0.0,0.0,0.0,0.0,0.0,0.0
37237.15,0.807842316675119,0.0,22194.0,37.0,0.19644999999945265,31.5625,32.4375,36.93000000000001,0.0,0.0,0.0,0.0,0.0,20.0,0.3,0.1,0.2,0.1,0.4,0.1,0.1,0.1,0.5,0.0,65535.0,0.09922941939421683,0.0,53801.0,0.0779353543614431,0.0,0.0,0.0,0.0,0.0,0.0,0.0,0.0,0.0,0.0
37297.22,0.8343853343425603,0.0,22194.0,37.0,0.1773499999994416,31.5625,32.375,37.01000000000005,0.0,0.0,0.0,0.0,0.0,20.0,0.3,0.1,0.2,0.1,0.4,0.1,0.1,0.1,0.5,0.0,65535.0,0.09820706492713817,0.0,53948.0,0.0777415288796619,0.0,0.0,0.0,0.0,0.0,0.0,0.0,0.0,0.0,0.0
37357.3,0.8194997333238427,0.0,22194.0,37.0,0.19024999999944064,31.625,32.4375,36.950000000000045,0.0,0.0,0.0,0.0,0.0,20.0,0.3,0.1,0.2,0.1,0.4,0.1,0.1,0.1,0.5,0.0,65535.0,0.09913786526283665,0.0,54029.0,0.07790260785874252,0.0,0.0,0.0,0.0,0.0,0.0,0.0,0.0,0.0,0.0
37417.38,0.8290263474448568,0.0,22194.0,37.0,0.19374999999944995,31.625,32.375,36.93000000000001,0.0,0.0,0.0,0.0,0.0,20.0,0.3,0.1,0.2,0.1,0.4,0.1,0.1,0.1,0.5,0.0,65535.0,0.09907682917524986,0.0,54109.0,0.07778742907834187,0.0,0.0,0.0,0.0,0.0,0.0,0.0,0.0,0.0,0.0
37477.43,0.8435910203448306,0.0,22194.0,37.0,0.23114999999944605,31.625,32.4375,36.79000000000002,0.0,0.0,0.0,0.0,0.0,20.0,0.3,0.1,0.2,0.1,0.4,0.1,0.1,0.1,0.5,0.0,65535.0,0.09927519645990691,0.0,53674.0,0.07813839102731304,0.0,0.0,0.0,0.0,0.0,0.0,0.0,0.0,0.0,0.0
37537.47,0.7863724693762137,0.0,22194.0,37.0,0.26004999999943657,31.5625,32.5,36.690000000000055,0.0,0.0,0.0,0.0,0.0,20.0,0.3,0.1,0.2,0.1,0.4,0.1,0.1,0.1,0.5,0.0,65535.0,0.09871061264972915,0.0,53997.0,0.0779302553845584,0.0,0.0,0.0,0.0,0.0,0.0,0.0,0.0,0.0,0.0
37597.51,0.7858321453561559,0.0,22194.0,37.0,0.17444999999944164,31.625,32.375,37.03000000000003,0.0,0.0,0.0,0.0,0.0,20.0,0.3,0.1,0.2,0.1,0.4,0.1,0.1,0.1,0.5,0.0,65535.0,0.09971770809491112,0.0,53795.0,0.0782786504321963,0.0,0.0,0.0,0.0,0.0,0.0,0.0,0.0,0.0,0.0
37657.56,0.8560438737619946,0.0,22194.0,37.0,0.1779499999994359,31.6875,32.4375,37.01000000000005,0.0,0.0,0.0,0.0,0.0,20.0,0.3,0.1,0.2,0.1,0.4,0.1,0.1,0.1,0.5,0.0,65535.0,0.09924467841611352,0.0,53588.0,0.07828245129506606,0.0,0.0,0.0,0.0,0.0,0.0,0.0,0.0,0.0,0.0
37717.62,0.7914948983762511,0.0,22194.0,37.0,0.11044999999943189,31.625,32.4375,37.25000000000006,0.0,0.0,0.0,0.0,0.0,20.0,0.3,0.1,0.2,0.1,0.4,0.1,0.1,0.1,0.5,0.0,65535.0,0.09961089494163425,0.0,53329.0,0.07883140505166045,0.0,0.0,0.0,0.0,0.0,0.0,0.0,0.0,0.0,0.0
37777.7,0.7913255468554523,0.0,22194.0,37.0,0.1922499999994436,31.5625,32.4375,36.93000000000001,0.0,0.0,0.0,0.0,0.0,20.0,0.3,0.1,0.2,0.1,0.4,0.1,0.1,0.1,0.5,0.0,65535.0,0.09990081635767148,0.0,53519.0,0.0787010220669295,0.0,0.0,0.0,0.0,0.0,0.0,0.0,0.0,0.0,0.0
37837.78,0.8309655604476343,0.0,22194.0,37.0,0.18374999999943795,31.625,32.4375,36.97000000000003,0.0,0.0,0.0,0.0,0.0,20.0,0.3,0.1,0.2,0.1,0.4,0.1,0.1,0.1,0.5,0.0,65535.0,0.09974822613870452,0.0,53555.0,0.07862944636355149,0.0,0.0,0.0,0.0,0.0,0.0,0.0,0.0,0.0,0.0
37897.86,0.8074804573243181,0.0,22194.0,37.0,0.189349999999432,31.625,32.5,36.950000000000045,0.0,0.0,0.0,0.0,0.0,20.0,0.3,0.1,0.2,0.1,0.4,0.1,0.1,0.1,0.5,0.0,65535.0,0.09947356374456397,0.0,53525.0,0.07889771134983653,0.0,0.0,0.0,0.0,0.0,0.0,0.0,0.0,0.0,0.0
37957.93,0.8298573209168115,0.0,22194.0,37.0,0.17404999999943002,31.625,32.4375,37.01000000000005,0.0,0.0,0.0,0.0,0.0,20.0,0.3,0.1,0.2,0.1,0.4,0.1,0.1,0.1,0.5,0.0,65535.0,0.09971770809491112,0.0,53980.0,0.07839940718784735,0.0,0.0,0.0,0.0,0.0,0.0,0.0,0.0,0.0,0.0
38017.99,0.8593592468857435,0.0,22194.0,37.0,0.1896499999994292,31.625,32.4375,36.950000000000045,0.0,0.0,0.0,0.0,0.0,20.0,0.3,0.1,0.2,0.1,0.4,0.1,0.1,0.1,0.5,0.0,65535.0,0.1002059967956054,0.0,53553.0,0.07891247922618715,0.0,0.0,0.0,0.0,0.0,0.0,0.0,0.0,0.0,0.0
38078.02,0.8206316843225995,0.0,22194.0,37.0,0.20224999999942853,31.5625,32.4375,36.89000000000004,0.0,0.0,0.0,0.0,0.0,20.0,0.3,0.1,0.2,0.1,0.4,0.1,0.1,0.1,0.5,0.0,65535.0,0.10038910505836576,0.0,54005.0,0.07869641699842607,0.0,0.0,0.0,0.0,0.0,0.0,0.0,0.0,0.0,0.0
38138.07,0.7879119323165125,0.0,22194.0,37.0,0.17044999999942648,31.625,32.5,37.01000000000005,0.0,0.0,0.0,0.0,0.0,20.0,0.3,0.1,0.2,0.1,0.4,0.1,0.1,0.1,0.5,0.0,65535.0,0.10037384603646907,0.0,53711.0,0.07881067192939993,0.0,0.0,0.0,0.0,0.0,0.0,0.0,0.0,0.0,0.0
38198.12,0.8550520668134141,0.0,22194.0,37.0,0.2319499999994274,31.5625,32.4375,36.77000000000004,0.0,0.0,0.0,0.0,0.0,20.0,0.3,0.1,0.2,0.1,0.4,0.1,0.1,0.1,0.5,0.0,65535.0,0.1006637674525063,0.0,53608.0,0.07907401880316371,0.0,0.0,0.0,0.0,0.0,0.0,0.0,0.0,0.0,0.0
38258.16,0.8618139294203869,0.0,22194.0,37.0,0.2105499999994352,31.5625,32.5,36.870000000000005,0.0,0.0,0.0,0.0,0.0,20.0,0.3,0.1,0.2,0.1,0.4,0.1,0.1,0.1,0.5,0.0,65535.0,0.10078583962767987,0.0,53672.0,0.07897972872261141,0.0,0.0,0.0,0.0,0.0,0.0,0.0,0.0,0.0,0.0
38318.24,0.8665139083361149,0.0,22194.0,37.0,0.2479499999994313,31.625,32.4375,36.73000000000002,0.0,0.0,0.0,0.0,0.0,20.0,0.3,0.1,0.2,0.1,0.4,0.1,0.1,0.1,0.5,0.0,65535.0,0.10011444266422523,0.0,53970.0,0.07863627941448953,0.0,0.0,0.0,0.0,0.0,0.0,0.0,0.0,0.0,0.0
38378.31,0.8002933383251631,0.0,22194.0,37.0,0.1525499999994268,31.625,32.4375,37.09000000000003,0.0,0.0,0.0,0.0,0.0,20.0,0.3,0.1,0.2,0.1,0.4,0.1,0.1,0.1,0.5,0.0,65535.0,0.10029755092698558,0.0,53984.0,0.0788196502667457,0.0,0.0,0.0,0.0,0.0,0.0,0.0,0.0,0.0,0.0
38438.37,0.8780592911590842,0.0,22194.0,37.0,0.16574999999942644,31.5625,32.4375,37.03000000000003,0.0,0.0,0.0,0.0,0.0,20.0,0.3,0.1,0.2,0.1,0.4,0.1,0.1,0.1,0.5,0.0,65535.0,0.10081635767147326,0.0,53995.0,0.07889619409204555,0.0,0.0,0.0,0.0,0.0,0.0,0.0,0.0,0.0,0.0
38498.43,0.8456366888574847,0.0,22194.0,37.0,0.22344999999943252,31.625,32.4375,36.81,0.0,0.0,0.0,0.0,0.0,20.0,0.3,0.1,0.2,0.1,0.4,0.1,0.1,0.1,0.5,0.0,65535.0,0.10074006256198978,0.0,54079.0,0.0789955435566486,0.0,0.0,0.0,0.0,0.0,0.0,0.0,0.0,0.0,0.0
38558.48,0.7834482023548359,0.0,22194.0,37.0,0.17254999999942028,31.5625,32.4375,37.01000000000005,0.0,0.0,0.0,0.0,0.0,20.0,0.3,0.1,0.2,0.1,0.4,0.1,0.1,0.1,0.5,0.0,65535.0,0.10084687571526665,0.0,53962.0,0.07912975797783625,0.0,0.0,0.0,0.0,0.0,0.0,0.0,0.0,0.0,0.0
38618.54,0.8295216590022699,0.0,22194.0,37.0,0.2452499999994269,31.5625,32.4375,36.73000000000002,0.0,0.0,0.0,0.0,0.0,20.0,0.3,0.1,0.2,0.1,0.4,0.1,0.1,0.1,0.5,0.0,65535.0,0.10087739375906005,0.0,53776.0,0.07916170782505207,0.0,0.0,0.0,0.0,0.0,0.0,0.0,0.0,0.0,0.0
38678.59,0.8546047972553805,0.0,22194.0,37.0,0.1696499999994229,31.5625,32.5,37.03000000000003,0.0,0.0,0.0,0.0,0.0,20.0,0.3,0.1,0.2,0.1,0.4,0.1,0.1,0.1,0.5,0.0,65535.0,0.1014877546349279,0.0,54609.0,0.07865003937079969,0.0,0.0,0.0,0.0,0.0,0.0,0.0,0.0,0.0,0.0
38738.66,0.7966455745920052,0.0,22194.0,37.0,0.19374999999942769,31.625,32.375,36.93000000000001,0.0,0.0,0.0,0.0,0.0,20.0,0.3,0.1,0.2,0.1,0.4,0.1,0.1,0.1,0.5,0.0,65535.0,0.10070954451819639,0.0,54451.0,0.07873133643091955,0.0,0.0,0.0,0.0,0.0,0.0,0.0,0.0,0.0,0.0
38798.74,0.8610661819122076,0.0,22194.0,37.0,0.17404999999941634,31.5625,32.4375,37.01000000000005,0.0,0.0,0.0,0.0,0.0,20.0,0.3,0.1,0.2,0.1,0.4,0.1,0.1,0.1,0.5,0.0,65535.0,0.10157930876630808,0.0,54031.0,0.07902870574299939,0.0,0.0,0.0,0.0,0.0,0.0,0.0,0.0,0.0,0.0
38858.84,0.8052540954915619,0.0,22194.0,37.0,0.1896499999994155,31.5625,32.4375,36.950000000000045,0.0,0.0,0.0,0.0,0.0,20.0,0.3,0.1,0.2,0.1,0.4,0.1,0.1,0.1,0.5,0.0,65535.0,0.10122835126268406,0.0,53346.0,0.07985603419187944,0.0,0.0,0.0,0.0,0.0,0.0,0.0,0.0,0.0,0.0
38918.92,0.8626095715339419,0.0,22194.0,37.0,0.206749999999415,31.625,32.4375,36.89000000000004,0.0,0.0,0.0,0.0,0.0,20.0,0.3,0.1,0.2,0.1,0.4,0.1,0.1,0.1,0.5,0.0,65535.0,0.10185397116044861,0.0,53766.0,0.07954841349551761,0.0,0.0,0.0,0.0,0.0,0.0,0.0,0.0,0.0,0.0
38978.96,0.8410640233469637,0.0,22194.0,37.0,0.1670499999994227,31.5625,32.375,37.05000000000001,0.0,0.0,0.0,0.0,0.0,20.0,0.3,0.1,0.2,0.1,0.4,0.1,0.1,0.1,0.5,0.0,65535.0,0.10197604333562219,0.0,53756.0,0.07961901927226728,0.0,0.0,0.0,0.0,0.0,0.0,0.0,0.0,0.0,0.0
39039.02,0.8618987518640668,0.0,22194.0,37.0,0.14904999999942142,31.5625,32.4375,37.110000000000014,0.0,0.0,0.0,0.0,0.0,20.0,0.3,0.1,0.2,0.1,0.4,0.1,0.1,0.1,0.5,0.0,65535.0,0.10135042343785763,0.0,53757.0,0.07982216269509088,0.0,0.0,0.0,0.0,0.0,0.0,0.0,0.0,0.0,0.0
39099.1,0.8131150399828244,0.0,22194.0,37.0,0.1828499999994174,31.5625,32.4375,36.97000000000003,0.0,0.0,0.0,0.0,0.0,20.0,0.3,0.1,0.2,0.1,0.4,0.1,0.1,0.1,0.5,0.0,65535.0,0.10272373540856031,0.0,54304.0,0.07922068355922215,0.0,0.0,0.0,0.0,0.0,0.0,0.0,0.0,0.0,0.0
39159.17,0.8661831268316489,0.0,22194.0,37.0,0.17269999999941157,31.625,32.4375,37.01000000000005,0.0,0.0,0.0,0.0,0.0,20.0,0.3,0.1,0.2,0.1,0.4,0.1,0.1,0.1,0.5,0.0,65535.0,0.10246433203631647,0.0,53794.0,0.07987879689184667,0.0,0.0,0.0,0.0,0.0,0.0,0.0,0.0,0.0,0.0
39219.24,0.7959403772778695,0.0,22194.0,37.0,0.10409999999941286,31.5625,32.4375,36.97000000000003,0.0,0.0,0.0,0.0,0.0,20.0,0.3,0.1,0.2,0.1,0.4,0.1,0.1,0.1,0.5,0.0,65535.0,0.1018997482261387,0.0,54520.0,0.07916360968451944,0.0,0.0,0.0,0.0,0.0,0.0,0.0,0.0,0.0,0.0
39279.31,0.8339437831425408,0.0,22194.0,37.0,0.18529999999941005,31.5625,32.4375,36.97000000000003,0.0,0.0,0.0,0.0,0.0,20.0,0.3,0.1,0.2,0.1,0.4,0.1,0.1,0.1,0.5,0.0,65535.0,0.10220492866407263,0.0,53836.0,0.07992792926666172,0.0,0.0,0.0,0.0,0.0,0.0,0.0,0.0,0.0,0.0
39339.38,0.7966423459404649,0.0,22194.0,37.0,0.21479999999941507,31.5625,32.4375,37.03000000000003,0.0,0.0,0.0,0.0,0.0,20.0,0.3,0.1,0.2,0.1,0.4,0.1,0.1,0.1,0.5,0.0,65535.0,0.10222018768596933,0.0,53545.0,0.08036231207395649,0.0,0.0,0.0,0.0,0.0,0.0,0.0,0.0,0.0,0.0
39399.44,0.8014612383686517,0.0,22194.0,37.0,0.18449999999941336,31.5625,32.375,36.79000000000002,0.0,0.0,0.0,0.0,0.0,20.0,0.3,0.1,0.2,0.1,0.4,0.1,0.1,0.1,0.5,0.0,65535.0,0.10267795834287022,0.0,53948.0,0.07966931118855194,0.0,0.0,0.0,0.0,0.0,0.0,0.0,0.0,0.0,0.0
39459.51,0.7943156062712038,0.0,22194.0,37.0,0.1971999999994177,31.5625,32.4375,37.01000000000005,0.0,0.0,0.0,0.0,0.0,20.0,0.3,0.1,0.2,0.1,0.4,0.1,0.1,0.1,0.5,0.0,65535.0,0.1023117418173495,0.0,54405.0,0.07938608583769874,0.0,0.0,0.0,0.0,0.0,0.0,0.0,0.0,0.0,0.0
39519.59,0.8046140140476662,0.0,22194.0,37.0,0.18839999999941148,31.625,32.4375,37.03000000000003,0.0,0.0,0.0,0.0,0.0,20.0,0.3,0.1,0.2,0.1,0.4,0.1,0.1,0.1,0.5,0.0,65535.0,0.10218966964217593,0.0,53924.0,0.0798531266226541,0.0,0.0,0.0,0.0,0.0,0.0,0.0,0.0,0.0,0.0
39579.67,0.8512060297687347,0.0,22194.0,37.0,0.17899999999940497,31.5625,32.4375,37.13000000000005,0.0,0.0,0.0,0.0,0.0,20.0,0.3,0.1,0.2,0.1,0.4,0.1,0.1,0.1,0.5,0.0,65535.0,0.10264744029907683,0.0,54124.0,0.0797428128002365,0.0,0.0,0.0,0.0,0.0,0.0,0.0,0.0,0.0,0.0
39639.71,0.8588554368120084,0.0,22194.0,37.0,0.11449999999940166,31.625,32.4375,37.01000000000005,0.0,0.0,0.0,0.0,0.0,20.0,0.3,0.1,0.2,0.1,0.4,0.1,0.1,0.1,0.5,0.0,65535.0,0.10240329594872968,0.0,54149.0,0.07970599641729302,0.0,0.0,0.0,0.0,0.0,0.0,0.0,0.0,0.0,0.0
39699.76,0.803084727261997,0.0,22194.0,37.0,0.10499999999940518,31.625,32.4375,36.73000000000002,0.0,0.0,0.0,0.0,0.0,20.0,0.3,0.1,0.2,0.1,0.4,0.1,0.1,0.1,0.5,0.0,65535.0,0.10292210269321736,0.0,53645.0,0.08049212414950135,0.0,0.0,0.0,0.0,0.0,0.0,0.0,0.0,0.0,0.0
39759.8,0.8123375012386974,0.0,22194.0,37.0,0.1399999999994009,31.5625,32.375,36.97000000000003,0.0,0.0,0.0,0.0,0.0,20.0,0.3,0.1,0.2,0.1,0.4,0.1,0.1,0.1,0.5,0.0,65535.0,0.10333409628442816,0.0,54028.0,0.07997704893758792,0.0,0.0,0.0,0.0,0.0,0.0,0.0,0.0,0.0,0.0
39819.87,0.8025774407922831,0.0,22194.0,37.0,0.18119999999940606,31.5625,32.4375,36.97000000000003,0.0,0.0,0.0,0.0,0.0,20.0,0.3,0.1,0.2,0.1,0.4,0.1,0.1,0.1,0.5,0.0,65535.0,0.10328831921873807,0.0,53997.0,0.08026371835472342,0.0,0.0,0.0,0.0,0.0,0.0,0.0,0.0,0.0,0.0
39879.93,0.7958775098880126,0.0,22194.0,37.0,0.1673999999994044,31.5625,32.4375,36.73000000000002,0.0,0.0,0.0,0.0,0.0,20.0,0.3,0.1,0.2,0.1,0.4,0.1,0.1,0.1,0.5,0.0,65535.0,0.10322728313115129,0.0,54732.0,0.07955126799678433,0.0,0.0,0.0,0.0,0.0,0.0,0.0,0.0,0.0,0.0
39940.0,0.8672224258295556,0.0,22194.0,37.0,0.2300999999994059,31.5625,32.4375,36.93000000000001,0.0,0.0,0.0,0.0,0.0,20.0,0.3,0.1,0.2,0.1,0.4,0.1,0.1,0.1,0.5,0.0,65535.0,0.10344090943770504,0.0,54121.0,0.08013525248979139,0.0,0.0,0.0,0.0,0.0,0.0,0.0,0.0,0.0,0.0
40000.07,0.8781799797527425,0.0,22194.0,37.0,0.2324999999994054,31.5625,32.4375,36.89000000000004,0.0,0.0,0.0,0.0,0.0,20.0,0.3,0.1,0.2,0.1,0.4,0.1,0.1,0.1,0.5,0.0,65535.0,0.1040817883573663,0.0,54136.0,0.0801684646076548,0.0,0.0,0.0,0.0,0.0,0.0,0.0,0.0,0.0,0.0
40060.14,0.8675126612636128,0.0,22194.0,37.0,0.18839999999940288,31.5625,32.4375,36.870000000000005,0.0,0.0,0.0,0.0,0.0,20.0,0.3,0.1,0.2,0.1,0.4,0.1,0.1,0.1,0.5,0.0,65535.0,0.10341039139391164,0.0,54207.0,0.08011880384452193,0.0,0.0,0.0,0.0,0.0,0.0,0.0,0.0,0.0,0.0
40120.19,0.8703533284115612,0.0,22194.0,37.0,0.169199999999401,31.625,32.4375,37.03000000000003,0.0,0.0,0.0,0.0,0.0,20.0,0.3,0.1,0.2,0.1,0.4,0.1,0.1,0.1,0.5,0.0,65535.0,0.10327306019684138,0.0,54492.0,0.07993833957278132,0.0,0.0,0.0,0.0,0.0,0.0,0.0,0.0,0.0,0.0
40180.27,0.8005868124351564,0.0,22194.0,37.0,0.1735999999993953,31.5625,32.375,36.93000000000001,0.0,0.0,0.0,0.0,0.0,20.0,0.3,0.1,0.2,0.1,0.4,0.1,0.1,0.1,0.5,0.0,65535.0,0.10383764400701916,0.0,54093.0,0.08030613942654317,0.0,0.0,0.0,0.0,0.0,0.0,0.0,0.0,0.0,0.0
40240.34,0.8036551194255627,0.0,22194.0,37.0,0.16769999999939894,31.625,32.375,36.97000000000003,0.0,0.0,0.0,0.0,0.0,20.0,0.3,0.1,0.2,0.1,0.4,0.1,0.1,0.1,0.5,0.0,65535.0,0.10391393911650264,0.0,54110.0,0.08044723710959158,0.0,0.0,0.0,0.0,0.0,0.0,0.0,0.0,0.0,0.0
40300.42,0.8524633602437208,0.0,22194.0,37.0,0.1520999999993972,31.5625,32.4375,36.89000000000004,0.0,0.0,0.0,0.0,0.0,20.0,0.3,0.1,0.2,0.1,0.4,0.1,0.1,0.1,0.5,0.0,65535.0,0.1044632639047837,0.0,54234.0,0.08057675996607294,0.0,0.0,0.0,0.0,0.0,0.0,0.0,0.0,0.0,0.0
40360.49,0.7943593574211734,0.0,22194.0,37.0,0.18659999999939764,31.5625,32.4375,36.950000000000045,0.0,0.0,0.0,0.0,0.0,20.0,0.3,0.1,0.2,0.1,0.4,0.1,0.1,0.1,0.5,0.0,65535.0,0.10380712596322576,0.0,54340.0,0.08027235921972764,0.0,0.0,0.0,0.0,0.0,0.0,0.0,0.0,0.0,0.0
40420.56,0.8406389295485459,0.0,22194.0,37.0,0.18689999999939652,31.625,32.4375,36.93000000000001,0.0,0.0,0.0,0.0,0.0,20.0,0.3,0.1,0.2,0.1,0.4,0.1,0.1,0.1,0.5,0.0,65535.0,0.10440222781719692,0.0,54701.0,0.08001681870532532,0.0,0.0,0.0,0.0,0.0,0.0,0.0,0.0,0.0,0.0
40480.63,0.8694655634206991,0.0,22194.0,37.0,0.12089999999939288,31.625,32.4375,36.79000000000002,0.0,0.0,0.0,0.0,0.0,20.0,0.3,0.1,0.2,0.1,0.4,0.1,0.1,0.1,0.5,0.0,65535.0,0.10429541466392005,0.0,54707.0,0.08013599722156214,0.0,0.0,0.0,0.0,0.0,0.0,0.0,0.0,0.0,0.0
40540.71,0.8345653852759312,0.0,22194.0,37.0,0.16409999999939365,31.5625,32.4375,36.81,0.0,0.0,0.0,0.0,0.0,20.0,0.3,0.1,0.2,0.1,0.4,0.1,0.1,0.1,0.5,0.0,65535.0,0.10545510032806897,0.0,54520.0,0.08037417461482024,0.0,0.0,0.0,0.0,0.0,0.0,0.0,0.0,0.0,0.0
40600.78,0.8282502082076778,0.0,22194.0,37.0,0.20119999999938917,31.5625,32.4375,36.97000000000003,0.0,0.0,0.0,0.0,0.0,20.0,0.3,0.1,0.2,0.1,0.4,0.1,0.1,0.1,0.5,0.0,65535.0,0.10504310673685817,0.0,54139.0,0.08075509337076783,0.0,0.0,0.0,0.0,0.0,0.0,0.0,0.0,0.0,0.0
40660.86,0.8748766178523296,0.0,22194.0,37.0,0.17149999999938692,31.5625,32.4375,36.870000000000005,0.0,0.0,0.0,0.0,0.0,20.0,0.3,0.1,0.2,0.1,0.4,0.1,0.1,0.1,0.5,0.0,65535.0,0.10432593270771344,0.0,54499.0,0.08031340024587608,0.0,0.0,0.0,0.0,0.0,0.0,0.0,0.0,0.0,0.0
40720.93,0.8196693206897889,0.0,22194.0,37.0,0.2159999999993925,31.5625,32.4375,36.93000000000001,0.0,0.0,0.0,0.0,0.0,20.0,0.3,0.1,0.2,0.1,0.4,0.1,0.1,0.1,0.5,0.0,65535.0,0.10476844434271763,0.0,54570.0,0.08042880703683343,0.0,0.0,0.0,0.0,0.0,0.0,0.0,0.0,0.0,0.0
40780.98,0.8009203691684398,0.0,22194.0,37.0,0.17099999999938995,31.5625,32.4375,36.93000000000001,0.0,0.0,0.0,0.0,0.0,20.0,0.3,0.1,0.2,0.1,0.4,0.1,0.1,0.1,0.5,0.0,65535.0,0.10460059510185397,0.0,54519.0,0.08046736000293475,0.0,0.0,0.0,0.0,0.0,0.0,0.0,0.0,0.0,0.0
40841.05,0.8251915813293276,0.0,22194.0,37.0,0.15449999999938818,31.5625,32.4375,36.89000000000004,0.0,0.0,0.0,0.0,0.0,20.0,0.3,0.1,0.2,0.1,0.4,0.1,0.1,0.1,0.5,0.0,65535.0,0.1053330281528954,0.0,54812.0,0.08042034590965481,0.0,0.0,0.0,0.0,0.0,0.0,0.0,0.0,0.0,0.0
40901.12,0.8203355589942574,0.0,22194.0,37.0,0.20949999999939414,31.5625,32.4375,36.710000000000036,0.0,0.0,0.0,0.0,0.0,20.0,0.3,0.1,0.2,0.1,0.4,0.1,0.1,0.1,0.5,0.0,65535.0,0.1049210345616846,0.0,55313.0,0.08001735577531502,0.0,0.0,0.0,0.0,0.0,0.0,0.0,0.0,0.0,0.0
40961.19,0.8480114937882376,0.0,22194.0,37.0,0.1817999999993875,31.5625,32.4375,36.77000000000004,0.0,0.0,0.0,0.0,0.0,20.0,0.3,0.1,0.2,0.1,0.4,0.1,0.1,0.1,0.5,0.0,65535.0,0.1057450217441062,0.0,55196.0,0.08015073556054786,0.0,0.0,0.0,0.0,0.0,0.0,0.0,0.0,0.0,0.0
41021.27,0.8763512543022005,0.0,22194.0,37.0,0.2085999999993924,31.5,32.4375,36.97000000000003,0.0,0.0,0.0,0.0,0.0,20.0,0.3,0.1,0.2,0.1,0.4,0.1,0.1,0.1,0.5,0.0,65535.0,0.10521095597772183,0.0,53742.0,0.08174239886866883,0.0,0.0,0.0,0.0,0.0,0.0,0.0,0.0,0.0,0.0
41081.33,0.8763930031213886,0.0,22194.0,37.0,0.1505999999993849,31.5625,32.4375,36.870000000000005,0.0,0.0,0.0,0.0,0.0,20.0,0.3,0.1,0.2,0.1,0.4,0.1,0.1,0.1,0.5,0.0,65535.0,0.10556191348134585,0.0,54340.0,0.08110047846889952,0.0,0.0,0.0,0.0,0.0,0.0,0.0,0.0,0.0,0.0
41141.39,0.8044868237432988,0.0,22194.0,37.0,0.1870999999993801,31.5625,32.4375,36.690000000000055,0.0,0.0,0.0,0.0,0.0,20.0,0.3,0.1,0.2,0.1,0.4,0.1,0.1,0.1,0.5,0.0,65535.0,0.10540932326237888,0.0,54027.0,0.0814592703648176,0.0,0.0,0.0,0.0,0.0,0.0,0.0,0.0,0.0,0.0
41201.47,0.8703805837197289,0.0,22194.0,37.0,0.18299999999938382,31.5625,32.4375,36.950000000000045,0.0,0.0,0.0,0.0,0.0,20.0,0.3,0.1,0.2,0.1,0.4,0.1,0.1,0.1,0.5,0.0,65535.0,0.10542458228427558,0.0,55188.0,0.08045227223309415,0.0,0.0,0.0,0.0,0.0,0.0,0.0,0.0,0.0,0.0
41261.54,0.8665384570541176,0.0,22194.0,37.0,0.18509999999938276,31.5,32.4375,36.93000000000001,0.0,0.0,0.0,0.0,0.0,20.0,0.3,0.1,0.2,0.1,0.4,0.1,0.1,0.1,0.5,0.0,65535.0,0.10543984130617227,0.0,54598.0,0.08095534634968314,0.0,0.0,0.0,0.0,0.0,0.0,0.0,0.0,0.0,0.0
41321.58,0.8534392805536255,0.0,22194.0,37.0,0.1953999999993876,31.5625,32.375,36.950000000000045,0.0,0.0,0.0,0.0,0.0,20.0,0.3,0.1,0.2,0.1,0.4,0.1,0.1,0.1,0.5,0.0,65535.0,0.10609597924773022,0.0,54814.0,0.0808917429853687,0.0,0.0,0.0,0.0,0.0,0.0,0.0,0.0,0.0,0.0
41381.63,0.8717177450440822,0.0,22194.0,37.0,0.20569999999937735,31.5625,32.4375,36.950000000000045,0.0,0.0,0.0,0.0,0.0,20.0,0.3,0.1,0.2,0.1,0.4,0.1,0.1,0.1,0.5,0.0,65535.0,0.10600442511635004,0.0,54563.0,0.08106225830691127,0.0,0.0,0.0,0.0,0.0,0.0,0.0,0.0,0.0,0.0
41441.67,0.8631550837271378,0.0,22194.0,37.0,0.20449999999937588,31.5625,32.4375,36.870000000000005,0.0,0.0,0.0,0.0,0.0,20.0,0.3,0.1,0.2,0.1,0.4,0.1,0.1,0.1,0.5,0.0,65535.0,0.10580605783169299,0.0,55194.0,0.08055223393847158,0.0,0.0,0.0,0.0,0.0,0.0,0.0,0.0,0.0,0.0
41501.71,0.7976944377164267,0.0,22194.0,37.0,0.19539999999938415,31.5625,32.4375,36.85000000000002,0.0,0.0,0.0,0.0,0.0,20.0,0.3,0.1,0.2,0.1,0.4,0.1,0.1,0.1,0.5,0.0,65535.0,0.10634012359807736,0.0,54691.0,0.08105538388400285,0.0,0.0,0.0,0.0,0.0,0.0,0.0,0.0,0.0,0.0
41561.78,0.8158812811891513,0.0,22194.0,37.0,0.1862999999993782,31.5625,32.5,36.81,0.0,0.0,0.0,0.0,0.0,20.0,0.3,0.1,0.2,0.1,0.4,0.1,0.1,0.1,0.5,0.0,65535.0,0.1057602807660029,0.0,55428.0,0.08062711986721513,0.0,0.0,0.0,0.0,0.0,0.0,0.0,0.0,0.0,0.0
41621.86,0.8354557702892629,0.0,22194.0,37.0,0.1535999999993761,31.5625,32.4375,37.09000000000003,0.0,0.0,0.0,0.0,0.0,20.0,0.3,0.1,0.2,0.1,0.4,0.1,0.1,0.1,0.5,0.0,65535.0,0.10669108110170138,0.0,55005.0,0.08082901554404145,0.0,0.0,0.0,0.0,0.0,0.0,0.0,0.0,0.0,0.0
41681.91,0.8785391428768873,0.0,22194.0,37.0,0.17099999999937618,31.5625,32.4375,36.97000000000003,0.0,0.0,0.0,0.0,0.0,20.0,0.3,0.1,0.2,0.1,0.4,0.1,0.1,0.1,0.5,0.0,65535.0,0.10640115968566415,0.0,54353.0,0.08139385130535573,0.0,0.0,0.0,0.0,0.0,0.0,0.0,0.0,0.0,0.0
41741.98,0.808299822274459,0.0,22194.0,37.0,0.1852999999993714,31.5625,32.4375,36.85000000000002,0.0,0.0,0.0,0.0,0.0,20.0,0.3,0.1,0.2,0.1,0.4,0.1,0.1,0.1,0.5,0.0,65535.0,0.10693522545204852,0.0,54828.0,0.08136353687896695,0.0,0.0,0.0,0.0,0.0,0.0,0.0,0.0,0.0,0.0
41802.01,0.8031901307662228,0.0,22194.0,37.0,0.2091999999993815,31.5625,32.4375,36.81,0.0,0.0,0.0,0.0,0.0,20.0,0.3,0.1,0.2,0.1,0.4,0.1,0.1,0.1,0.5,0.0,65535.0,0.10687418936446173,0.0,55259.0,0.08076512423315658,0.0,0.0,0.0,0.0,0.0,0.0,0.0,0.0,0.0,0.0
41862.06,0.8002806603435239,0.0,22194.0,37.0,0.1829999999993752,31.5625,32.4375,36.870000000000005,0.0,0.0,0.0,0.0,0.0,20.0,0.3,0.1,0.2,0.1,0.4,0.1,0.1,0.1,0.5,0.0,65535.0,0.10644693675135423,0.0,54820.0,0.08124771981028822,0.0,0.0,0.0,0.0,0.0,0.0,0.0,0.0,0.0,0.0
41922.14,0.8170808314760764,0.0,22194.0,37.0,0.2103999999993804,31.5625,32.4375,36.89000000000004,0.0,0.0,0.0,0.0,0.0,20.0,0.3,0.1,0.2,0.1,0.4,0.1,0.1,0.1,0.5,0.0,65535.0,0.10666056305790798,0.0,54906.0,0.0811750992605544,0.0,0.0,0.0,0.0,0.0,0.0,0.0,0.0,0.0,0.0
41982.22,0.8378588062763448,0.0,22194.0,37.0,0.18859999999936922,31.5625,32.4375,36.73000000000002,0.0,0.0,0.0,0.0,0.0,20.0,0.3,0.1,0.2,0.1,0.4,0.1,0.1,0.1,0.5,0.0,65535.0,0.10707255664911879,0.0,54884.0,0.08142628088331755,0.0,0.0,0.0,0.0,0.0,0.0,0.0,0.0,0.0,0.0
42042.3,0.8844061760461468,0.0,22194.0,37.0,0.13149999999937595,31.5,32.4375,36.97000000000003,0.0,0.0,0.0,0.0,0.0,20.0,0.3,0.1,0.2,0.1,0.4,0.1,0.1,0.1,0.5,0.0,65535.0,0.10757610437170978,0.0,55749.0,0.0806830615795799,0.0,0.0,0.0,0.0,0.0,0.0,0.0,0.0,0.0,0.0
42102.38,0.8679637376219917,0.0,22194.0,37.0,0.18589999999936738,31.5,32.4375,36.85000000000002,0.0,0.0,0.0,0.0,0.0,20.0,0.3,0.1,0.2,0.1,0.4,0.1,0.1,0.1,0.5,0.0,65535.0,0.10698100251773861,0.0,54722.0,0.08172215927780417,0.0,0.0,0.0,0.0,0.0,0.0,0.0,0.0,0.0,0.0
42162.46,0.8625499054411094,0.0,22194.0,37.0,0.16499999999937046,31.5,32.4375,36.870000000000005,0.0,0.0,0.0,0.0,0.0,20.0,0.3,0.1,0.2,0.1,0.4,0.1,0.1,0.1,0.5,0.0,65535.0,0.10745403219653621,0.0,54602.0,0.08188344749276583,0.0,0.0,0.0,0.0,0.0,0.0,0.0,0.0,0.0,0.0
42222.51,0.873208452750087,0.0,22194.0,37.0,0.1864999999993651,31.5,32.5,36.85000000000002,0.0,0.0,0.0,0.0,0.0,20.0,0.3,0.1,0.2,0.1,0.4,0.1,0.1,0.1,0.5,0.0,65535.0,0.10785076676585031,0.0,54273.0,0.08215871612035451,0.0,0.0,0.0,0.0,0.0,0.0,0.0,0.0,0.0,0.0
42282.55,0.8931746798154756,0.0,22194.0,37.0,0.22539999999937574,31.5,32.375,36.950000000000045,0.0,0.0,0.0,0.0,0.0,20.0,0.3,0.1,0.2,0.1,0.4,0.1,0.1,0.1,0.5,0.0,65535.0,0.10737773708705271,0.0,54737.0,0.08193726364250872,0.0,0.0,0.0,0.0,0.0,0.0,0.0,0.0,0.0,0.0
42342.59,0.8845879903072122,0.0,22194.0,37.0,0.1715999999993678,31.5625,32.4375,36.870000000000005,0.0,0.0,0.0,0.0,0.0,20.0,0.3,0.1,0.2,0.1,0.4,0.1,0.1,0.1,0.5,0.0,65535.0,0.10815594720378424,0.0,55138.0,0.08148645217454387,0.0,0.0,0.0,0.0,0.0,0.0,0.0,0.0,0.0,0.0
42402.63,0.8873813764321501,0.0,22194.0,37.0,0.12949999999936004,31.5625,32.4375,36.89000000000004,0.0,0.0,0.0,0.0,0.0,20.0,0.3,0.1,0.2,0.1,0.4,0.1,0.1,0.1,0.5,0.0,65535.0,0.10771343556878005,0.0,55662.0,0.08116848119003989,0.0,0.0,0.0,0.0,0.0,0.0,0.0,0.0,0.0,0.0
42462.68,0.876910165908863,0.0,22194.0,37.0,0.18539999999936604,31.5625,32.4375,36.950000000000045,0.0,0.0,0.0,0.0,0.0,20.0,0.3,0.1,0.2,0.1,0.4,0.1,0.1,0.1,0.5,0.0,65535.0,0.10818646524757763,0.0,54633.0,0.08220306408214816,0.0,0.0,0.0,0.0,0.0,0.0,0.0,0.0,0.0,0.0
42522.73,0.8587297013050574,0.0,22194.0,37.0,0.18539999999936518,31.5625,32.4375,36.710000000000036,0.0,0.0,0.0,0.0,0.0,20.0,0.3,0.1,0.2,0.1,0.4,0.1,0.1,0.1,0.5,0.0,65535.0,0.10782024872205692,0.0,54595.0,0.08229691363677992,0.0,0.0,0.0,0.0,0.0,0.0,0.0,0.0,0.0,0.0
42582.77,0.838088818499876,0.0,22194.0,37.0,0.1450999999993575,31.5625,32.375,37.13000000000005,0.0,0.0,0.0,0.0,0.0,20.0,0.3,0.1,0.2,0.1,0.4,0.1,0.1,0.1,0.5,0.0,65535.0,0.10797283894102389,0.0,54762.0,0.08210072678134472,0.0,0.0,0.0,0.0,0.0,0.0,0.0,0.0,0.0,0.0
42642.81,0.8569049813002296,0.0,22194.0,37.0,0.14829999999936624,31.5625,32.4375,36.870000000000005,0.0,0.0,0.0,0.0,0.0,20.0,0.3,0.1,0.2,0.1,0.4,0.1,0.1,0.1,0.5,0.0,65535.0,0.10897993438620585,0.0,54766.0,0.08216776832341234,0.0,0.0,0.0,0.0,0.0,0.0,0.0,0.0,0.0,0.0
42702.86,0.8689372550929367,0.0,22194.0,37.0,0.16089999999936644,31.5625,32.4375,36.85000000000002,0.0,0.0,0.0,0.0,0.0,20.0,0.3,0.1,0.2,0.1,0.4,0.1,0.1,0.1,0.5,0.0,65535.0,0.1083543144884413,0.0,55089.0,0.08195828568316724,0.0,0.0,0.0,0.0,0.0,0.0,0.0,0.0,0.0,0.0
42762.93,0.8042605063213849,0.0,22194.0,37.0,0.22539999999936802,31.5625,32.375,36.93000000000001,0.0,0.0,0.0,0.0,0.0,20.0,0.3,0.1,0.2,0.1,0.4,0.1,0.1,0.1,0.5,0.0,65535.0,0.10841535057602808,0.0,55977.0,0.08126551976704718,0.0,0.0,0.0,0.0,0.0,0.0,0.0,0.0,0.0,0.0
42822.98,0.8826983704458019,0.0,22194.0,37.0,0.19189999999935584,31.5625,32.375,36.97000000000003,0.0,0.0,0.0,0.0,0.0,20.0,0.3,0.1,0.2,0.1,0.4,0.1,0.1,0.1,0.5,0.0,65535.0,0.10840009155413138,0.0,55187.0,0.08190334680268904,0.0,0.0,0.0,0.0,0.0,0.0,0.0,0.0,0.0,0.0
42883.06,0.884823153794059,0.0,22194.0,37.0,0.19069999999935436,31.5625,32.4375,37.01000000000005,0.0,0.0,0.0,0.0,0.0,20.0,0.3,0.1,0.2,0.1,0.4,0.1,0.1,0.1,0.5,0.0,65535.0,0.10844586861982147,0.0,54976.0,0.08221769499417927,0.0,0.0,0.0,0.0,0.0,0.0,0.0,0.0,0.0,0.0
42943.13,0.8904395843516928,0.0,22194.0,37.0,0.17509999999935263,31.5625,32.4375,36.950000000000045,0.0,0.0,0.0,0.0,0.0,20.0,0.3,0.1,0.2,0.1,0.4,0.1,0.1,0.1,0.5,0.0,65535.0,0.10867475394827192,0.0,55615.0,0.08141688393419041,0.0,0.0,0.0,0.0,0.0,0.0,0.0,0.0,0.0,0.0
43003.19,0.8746948722025157,0.0,22194.0,37.0,0.18889999999935173,31.5625,32.375,36.89000000000004,0.0,0.0,0.0,0.0,0.0,20.0,0.3,0.1,0.2,0.1,0.4,0.1,0.1,0.1,0.5,0.0,65535.0,0.10847638666361487,0.0,55832.0,0.081673592205187,0.0,0.0,0.0,0.0,0.0,0.0,0.0,0.0,0.0,0.0
43063.23,0.8137349268843858,0.0,22194.0,37.0,0.15359999999935453,31.5,32.375,37.01000000000005,0.0,0.0,0.0,0.0,0.0,20.0,0.3,0.1,0.2,0.1,0.4,0.1,0.1,0.1,0.5,0.0,65535.0,0.10942244602121004,0.0,55038.0,0.08250663178167811,0.0,0.0,0.0,0.0,0.0,0.0,0.0,0.0,0.0,0.0
43123.29,0.8873835119713348,0.0,22194.0,37.0,0.20739999999936073,31.5625,32.375,36.710000000000036,0.0,0.0,0.0,0.0,0.0,20.0,0.3,0.1,0.2,0.1,0.4,0.1,0.1,0.1,0.5,0.0,65535.0,0.10885786221103227,0.0,55151.0,0.08226505412413193,0.0,0.0,0.0,0.0,0.0,0.0,0.0,0.0,0.0,0.0
43183.33,0.891200970514818,0.0,22194.0,37.0,0.2686999999993527,31.5625,32.375,36.950000000000045,0.0,0.0,0.0,0.0,0.0,20.0,0.3,0.1,0.2,0.1,0.4,0.1,0.1,0.1,0.5,0.0,65535.0,0.10907148851758602,0.0,55685.0,0.08170961659333752,0.0,0.0,0.0,0.0,0.0,0.0,0.0,0.0,0.0,0.0
43243.38,0.8349871316769955,0.0,22194.0,37.0,0.1262999999993509,31.5625,32.375,36.93000000000001,0.0,0.0,0.0,0.0,0.0,20.0,0.3,0.1,0.2,0.1,0.4,0.1,0.1,0.1,0.5,0.0,65535.0,0.10965133134966049,0.0,55706.0,0.08164291099702006,0.0,0.0,0.0,0.0,0.0,0.0,0.0,0.0,0.0,0.0
43303.46,0.8285216972947197,0.0,22194.0,37.0,0.17659999999934695,31.625,32.375,37.03000000000003,0.0,0.0048,0.25,0.0,0.0,20.0,0.3,0.1,0.2,0.1,0.4,0.1,0.1,0.1,0.5,0.0,65535.0,0.1099870298313878,0.0,55510.0,0.08223743469645109,0.0,0.0,0.0,0.0,0.0,0.0,0.0,0.0,0.0,0.0
43363.51,0.8525266748742191,0.0,22194.0,37.0,0.2443499999993524,31.5625,32.4375,36.79000000000002,0.0,0.0,0.0,0.0,0.0,20.0,0.3,0.1,0.2,0.1,0.4,0.1,0.1,0.1,0.5,0.0,65535.0,0.10670634012359807,0.0,54362.0,0.08198741768146867,0.0,0.0,0.0,0.0,0.0,0.0,0.0,0.0,0.0,0.0
43423.55,0.8699961627483148,0.0,22194.0,37.0,0.19979999999935028,31.5,32.4375,36.93000000000001,0.0,0.0,0.0,0.0,0.0,20.0,0.3,0.1,0.2,0.1,0.4,0.1,0.1,0.1,0.5,0.0,65535.0,0.10782024872205692,0.0,54869.0,0.08139386538847072,0.0,0.0,0.0,0.0,0.0,0.0,0.0,0.0,0.0,0.0
43483.62,0.7913968574735042,0.0,22194.0,37.0,0.1658999999993484,31.5625,32.375,37.01000000000005,0.0,0.0,0.0,0.0,0.0,20.0,0.3,0.1,0.2,0.1,0.4,0.1,0.1,0.1,0.5,0.0,65535.0,0.10730144197756923,0.0,54000.0,0.08238888888888889,0.0,0.0,0.0,0.0,0.0,0.0,0.0,0.0,0.0,0.0
43543.69,0.8380322261097779,0.0,22194.0,37.0,0.19439999999934834,31.5625,32.4375,36.85000000000002,0.0,0.0,0.0,0.0,0.0,20.0,0.3,0.1,0.2,0.1,0.4,0.1,0.1,0.1,0.5,0.0,65535.0,0.10717936980239566,0.0,54169.0,0.08224261108752239,0.0,0.0,0.0,0.0,0.0,0.0,0.0,0.0,0.0,0.0
43603.76,0.8129632911920592,0.0,22194.0,37.0,0.2208999999993535,31.5625,32.375,37.01000000000005,0.0,0.0,0.0,0.0,0.0,20.0,0.3,0.1,0.2,0.1,0.4,0.1,0.1,0.1,0.5,0.0,65535.0,0.10753032730601969,0.0,54279.0,0.08213121096556679,0.0,0.0,0.0,0.0,0.0,0.0,0.0,0.0,0.0,0.0
43663.82,0.7936583674479436,0.0,22194.0,37.0,0.17259999999935138,31.5625,32.375,36.870000000000005,0.0,0.0,0.0,0.0,0.0,20.0,0.3,0.1,0.2,0.1,0.4,0.1,0.1,0.1,0.5,0.0,65535.0,0.10763714045929657,0.0,53766.0,0.08269166387679946,0.0,0.0,0.0,0.0,0.0,0.0,0.0,0.0,0.0,0.0
43723.89,0.809386242468928,0.0,22194.0,37.0,0.19819999999934146,31.625,32.375,36.81,0.0,0.0,0.0,0.0,0.0,20.0,0.3,0.1,0.2,0.1,0.4,0.1,0.1,0.1,0.5,0.0,65535.0,0.10731670099946593,0.0,54332.0,0.08219833615548848,0.0,0.0,0.0,0.0,0.0,0.0,0.0,0.0,0.0,0.0
43783.97,0.8127832785861271,0.0,22194.0,37.0,0.18259999999933973,31.5625,32.375,37.05000000000001,0.0,0.0,0.0,0.0,0.0,20.0,0.3,0.1,0.2,0.1,0.4,0.1,0.1,0.1,0.5,0.0,65535.0,0.10815594720378424,0.0,54407.0,0.08219530575109821,0.0,0.0,0.0,0.0,0.0,0.0,0.0,0.0,0.0,0.0
43844.05,0.8222122170779975,0.0,22194.0,37.0,0.15459999999934756,31.5625,32.375,36.85000000000002,0.0,0.0,0.0,0.0,0.0,20.0,0.3,0.1,0.2,0.1,0.4,0.1,0.1,0.1,0.5,0.0,65535.0,0.10763714045929657,0.0,54651.0,0.08213939360670436,0.0,0.0,0.0,0.0,0.0,0.0,0.0,0.0,0.0,0.0
43904.1,0.8149451100795896,0.0,22194.0,37.0,0.22229999999934455,31.5625,32.4375,37.03000000000003,0.0,0.0,0.0,0.0,0.0,20.0,0.3,0.1,0.2,0.1,0.4,0.1,0.1,0.1,0.5,0.0,65535.0,0.10823224231326772,0.0,54103.0,0.082509287839861,0.0,0.0,0.0,0.0,0.0,0.0,0.0,0.0,0.0,0.0
43964.14,0.8729729269125974,0.0,22194.0,37.0,0.1595999999993413,31.5625,32.4375,37.03000000000003,0.0,0.0,0.0,0.0,0.0,20.0,0.3,0.1,0.2,0.1,0.4,0.1,0.1,0.1,0.5,0.0,65535.0,0.10795757991912719,0.0,54134.0,0.08270218347064691,0.0,0.0,0.0,0.0,0.0,0.0,0.0,0.0,0.0,0.0
44024.21,0.8235823922122144,0.0,22194.0,37.0,0.19579999999933678,31.5625,32.4375,36.89000000000004,0.0,0.0,0.0,0.0,0.0,20.0,0.3,0.1,0.2,0.1,0.4,0.1,0.1,0.1,0.5,0.0,65535.0,0.10812542915999085,0.0,54117.0,0.08296838331762663,0.0,0.0,0.0,0.0,0.0,0.0,0.0,0.0,0.0,0.0
44084.29,0.8597757534425657,0.0,22194.0,37.0,0.10629999999934203,31.5625,32.4375,37.13000000000005,0.0,0.0,0.0,0.0,0.0,20.0,0.3,0.1,0.2,0.1,0.4,0.1,0.1,0.1,0.5,0.0,65535.0,0.10843060959792478,0.0,53721.0,0.08318906945142496,0.0,0.0,0.0,0.0,0.0,0.0,0.0,0.0,0.0,0.0
44144.34,0.7876394614779347,0.0,22194.0,37.0,0.17809999999933443,31.5625,32.375,36.97000000000003,0.0,0.0,0.0,0.0,0.0,20.0,0.3,0.1,0.2,0.1,0.4,0.1,0.1,0.1,0.5,0.0,65535.0,0.10811017013809415,0.0,54292.0,0.08273778825609666,0.0,0.0,0.0,0.0,0.0,0.0,0.0,0.0,0.0,0.0
44204.39,0.8593084717548644,0.0,22194.0,37.0,0.18899999999933872,31.625,32.375,37.01000000000005,0.0,0.0,0.0,0.0,0.0,20.0,0.3,0.1,0.2,0.1,0.4,0.1,0.1,0.1,0.5,0.0,65535.0,0.10841535057602808,0.0,54022.0,0.08318833068009329,0.0,0.0,0.0,0.0,0.0,0.0,0.0,0.0,0.0,0.0
44264.43,0.8733328966209717,0.0,22194.0,37.0,0.17569999999933236,31.5625,32.375,36.93000000000001,0.0,0.0,0.0,0.0,0.0,20.0,0.3,0.1,0.2,0.1,0.4,0.1,0.1,0.1,0.5,0.0,65535.0,0.10939192797741665,0.0,54243.0,0.08275722213004442,0.0,0.0,0.0,0.0,0.0,0.0,0.0,0.0,0.0,0.0
44324.47,0.8063698661787819,0.0,22194.0,37.0,0.16889999999933597,31.5625,32.4375,36.89000000000004,0.0,0.0,0.0,0.0,0.0,20.0,0.3,0.1,0.2,0.1,0.4,0.1,0.1,0.1,0.5,0.0,65535.0,0.1087663080796521,0.0,53926.0,0.08328079219671401,0.0,0.0,0.0,0.0,0.0,0.0,0.0,0.0,0.0,0.0
44384.52,0.8598857099615518,0.0,22194.0,37.0,0.23279999999933723,31.5625,32.375,36.93000000000001,0.0,0.0,0.0,0.0,0.0,20.0,0.3,0.1,0.2,0.1,0.4,0.1,0.1,0.1,0.5,0.0,65535.0,0.10910200656137942,0.0,54750.0,0.08252054794520548,0.0,0.0,0.0,0.0,0.0,0.0,0.0,0.0,0.0,0.0
44444.56,0.8025954028439756,0.0,22194.0,37.0,0.1438999999993277,31.5625,32.4375,36.81,0.0,0.0,0.0,0.0,0.0,20.0,0.3,0.1,0.2,0.1,0.4,0.1,0.1,0.1,0.5,0.0,65535.0,0.1091783016708629,0.0,54817.0,0.0825656274513381,0.0,0.0,0.0,0.0,0.0,0.0,0.0,0.0,0.0,0.0
44504.61,0.8530236075631633,0.0,22194.0,37.0,0.18889999999932855,31.5625,32.375,36.97000000000003,0.0,0.0,0.0,0.0,0.0,20.0,0.3,0.1,0.2,0.1,0.4,0.1,0.1,0.1,0.5,0.0,65535.0,0.10878156710154879,0.0,54514.0,0.08276772939061526,0.0,0.0,0.0,0.0,0.0,0.0,0.0,0.0,0.0,0.0
44564.68,0.8623329201571477,0.0,22194.0,37.0,0.2392999999993296,31.5625,32.4375,37.13000000000005,0.0,0.0,0.0,0.0,0.0,20.0,0.3,0.1,0.2,0.1,0.4,0.1,0.1,0.1,0.5,0.0,65535.0,0.10908674753948272,0.0,54413.0,0.08303162847113742,0.0,0.0,0.0,0.0,0.0,0.0,0.0,0.0,0.0,0.0
44624.75,0.8338134737268659,0.0,22194.0,37.0,0.2113999999993274,31.5625,32.375,37.13000000000005,0.0,0.0,0.0,0.0,0.0,20.0,0.3,0.1,0.2,0.1,0.4,0.1,0.1,0.1,0.5,0.0,65535.0,0.1091783016708629,0.0,54415.0,0.08317559496462372,0.0,0.0,0.0,0.0,0.0,0.0,0.0,0.0,0.0,0.0
44684.82,0.8705370737703121,0.0,22194.0,37.0,0.1807999999993251,31.625,32.375,37.13000000000005,0.0,0.0,0.0,0.0,0.0,20.0,0.3,0.1,0.2,0.1,0.4,0.1,0.1,0.1,0.5,0.0,65535.0,0.10911726558327611,0.0,54067.0,0.08339652653189561,0.0,0.0,0.0,0.0,0.0,0.0,0.0,0.0,0.0,0.0
44744.89,0.8402295480600348,0.0,22194.0,37.0,0.14599999999932237,31.5625,32.4375,36.93000000000001,0.0,0.0,0.0,0.0,0.0,20.0,0.3,0.1,0.2,0.1,0.4,0.1,0.1,0.1,0.5,0.0,65535.0,0.1100175478751812,0.0,54165.0,0.08352256992522847,0.0,0.0,0.0,0.0,0.0,0.0,0.0,0.0,0.0,0.0
44804.94,0.8132239655745428,0.0,22194.0,37.0,0.1741999999993226,31.5625,32.4375,37.03000000000003,0.0,0.0,0.0,0.0,0.0,20.0,0.3,0.1,0.2,0.1,0.4,0.1,0.1,0.1,0.5,0.0,65535.0,0.10981918059052415,0.0,53793.0,0.08398862305504434,0.0,0.0,0.0,0.0,0.0,0.0,0.0,0.0,0.0,0.0
44865.01,0.7975192638885249,0.0,22194.0,37.0,0.19329999999933192,31.5625,32.4375,36.89000000000004,0.0,0.0,0.0,0.0,0.0,20.0,0.3,0.1,0.2,0.1,0.4,0.1,0.1,0.1,0.5,0.0,65535.0,0.11004806591897459,0.0,54043.0,0.08378513405991525,0.0,0.0,0.0,0.0,0.0,0.0,0.0,0.0,0.0,0.0
44925.06,0.8814698921033595,0.0,22194.0,37.0,0.10999999999931814,31.5625,32.375,36.89000000000004,0.0,0.0,0.0,0.0,0.0,20.0,0.3,0.1,0.2,0.1,0.4,0.1,0.1,0.1,0.5,0.0,65535.0,0.11013962005035477,0.0,54815.0,0.08302471951108273,0.0,0.0,0.0,0.0,0.0,0.0,0.0,0.0,0.0,0.0
44985.09,0.8168502807799978,0.0,22194.0,37.0,0.1855999999993196,31.5625,32.4375,36.710000000000036,0.0,0.0,0.0,0.0,0.0,20.0,0.3,0.1,0.2,0.1,0.4,0.1,0.1,0.1,0.5,0.0,65535.0,0.10994125276569772,0.0,54690.0,0.08341561528615835,0.0,0.0,0.0,0.0,0.0,0.0,0.0,0.0,0.0,0.0
45045.17,0.8493373610196295,0.0,22194.0,37.0,0.18799999999931824,31.5,32.4375,36.710000000000036,0.0,0.0,0.0,0.0,0.0,20.0,0.3,0.1,0.2,0.1,0.4,0.1,0.1,0.1,0.5,0.0,65535.0,0.11006332494087129,0.0,54116.0,0.08402320940202528,0.0,0.0,0.0,0.0,0.0,0.0,0.0,0.0,0.0,0.0
45105.21,0.8741368865794219,0.0,22194.0,37.0,0.18569999999932205,31.5625,32.4375,36.89000000000004,0.0,0.0,0.0,0.0,0.0,20.0,0.3,0.1,0.2,0.1,0.4,0.1,0.1,0.1,0.5,0.0,65535.0,0.11058213168535896,0.0,54131.0,0.08411076832129463,0.0,0.0,0.0,0.0,0.0,0.0,0.0,0.0,0.0,0.0
45165.25,0.8179796504009359,0.0,22194.0,37.0,0.12329999999931854,31.5625,32.375,36.77000000000004,0.0,0.0,0.0,0.0,0.0,20.0,0.3,0.1,0.2,0.1,0.4,0.1,0.1,0.1,0.5,0.0,65535.0,0.11107042038605325,0.0,54529.0,0.08360688807790351,0.0,0.0,0.0,0.0,0.0,0.0,0.0,0.0,0.0,0.0
45225.3,0.8652473566266223,0.0,22194.0,37.0,0.22479999999932654,31.5,32.375,36.77000000000004,0.0,0.0,0.0,0.0,0.0,20.0,0.3,0.1,0.2,0.1,0.4,0.1,0.1,0.1,0.5,0.0,65535.0,0.10991073472190432,0.0,54411.0,0.08389847641101983,0.0,0.0,0.0,0.0,0.0,0.0,0.0,0.0,0.0,0.0
45285.34,0.8640410970339757,0.0,22194.0,37.0,0.21419999999932027,31.5625,32.4375,36.79000000000002,0.0,0.0,0.0,0.0,0.0,20.0,0.3,0.1,0.2,0.1,0.4,0.1,0.1,0.1,0.5,0.0,65535.0,0.11100938429846646,0.0,54276.0,0.08403345861891075,0.0,0.0,0.0,0.0,0.0,0.0,0.0,0.0,0.0,0.0
45345.39,0.869224908813444,0.0,22194.0,37.0,0.14799999999932192,31.5625,32.4375,36.97000000000003,0.0,0.0,0.0,0.0,0.0,20.0,0.3,0.1,0.2,0.1,0.4,0.1,0.1,0.1,0.5,0.0,65535.0,0.11073472190432593,0.0,55165.0,0.08322305809843197,0.0,0.0,0.0,0.0,0.0,0.0,0.0,0.0,0.0,0.0
45405.45,0.8723112292612406,0.0,22194.0,37.0,0.1429999999993114,31.5625,32.4375,37.01000000000005,0.0,0.0,0.0,0.0,0.0,20.0,0.3,0.1,0.2,0.1,0.4,0.1,0.1,0.1,0.5,0.0,65535.0,0.11058213168535896,0.0,54433.0,0.08395642349310162,0.0,0.0,0.0,0.0,0.0,0.0,0.0,0.0,0.0,0.0
45465.52,0.8774703288300975,0.0,22194.0,37.0,0.18209999999931675,31.5625,32.375,36.950000000000045,0.0,0.0,0.0,0.0,0.0,20.0,0.3,0.1,0.2,0.1,0.4,0.1,0.1,0.1,0.5,0.0,65535.0,0.11107042038605325,0.0,54759.0,0.08393140853558319,0.0,0.0,0.0,0.0,0.0,0.0,0.0,0.0,0.0,0.0
45525.57,0.8741422825623513,0.0,22194.0,37.0,0.1820999999993159,31.5,32.375,36.89000000000004,0.0,0.0,0.0,0.0,0.0,20.0,0.3,0.1,0.2,0.1,0.4,0.1,0.1,0.1,0.5,0.0,65535.0,0.11097886625467307,0.0,54476.0,0.08400029370732065,0.0,0.0,0.0,0.0,0.0,0.0,0.0,0.0,0.0,0.0
45585.64,0.8539369070854642,0.0,22194.0,37.0,0.1929999999993202,31.5625,32.4375,36.97000000000003,0.0,0.0,0.0,0.0,0.0,20.0,0.3,0.1,0.2,0.1,0.4,0.1,0.1,0.1,0.5,0.0,65535.0,0.11123826962691691,0.0,54891.0,0.08380244484523874,0.0,0.0,0.0,0.0,0.0,0.0,0.0,0.0,0.0,0.0
45645.68,0.818506603539401,0.0,22194.0,37.0,0.18739999999930934,31.5,32.375,36.690000000000055,0.0,0.0,0.0,0.0,0.0,20.0,0.3,0.1,0.2,0.1,0.4,0.1,0.1,0.1,0.5,0.0,65535.0,0.11236743724727245,0.0,54766.0,0.08412153525910236,0.0,0.0,0.0,0.0,0.0,0.0,0.0,0.0,0.0,0.0
45705.72,0.8097457200486524,0.0,22194.0,37.0,0.19129999999930833,31.5,32.4375,36.89000000000004,0.0,0.0,0.0,0.0,0.0,20.0,0.3,0.1,0.2,0.1,0.4,0.1,0.1,0.1,0.5,0.0,65535.0,0.11100938429846646,0.0,54680.0,0.08407095830285297,0.0,0.0,0.0,0.0,0.0,0.0,0.0,0.0,0.0,0.0
45765.8,0.8213327811462802,0.0,22194.0,37.0,0.16479999999931652,31.5,32.375,36.77000000000004,0.0,0.0,0.0,0.0,0.0,20.0,0.3,0.1,0.2,0.1,0.4,0.1,0.1,0.1,0.5,0.0,65535.0,0.11206225680933853,0.0,54670.0,0.08399487836107554,0.0,0.0,0.0,0.0,0.0,0.0,0.0,0.0,0.0,0.0
45825.87,0.7978692930951277,0.0,22194.0,37.0,0.15419999999931022,31.5,32.375,36.950000000000045,0.0,0.0,0.0,0.0,0.0,20.0,0.3,0.1,0.2,0.1,0.4,0.1,0.1,0.1,0.5,0.0,65535.0,0.11105516136415655,0.0,55070.0,0.08391138550935173,0.0,0.0,0.0,0.0,0.0,0.0,0.0,0.0,0.0,0.0
45885.91,0.8441381608656419,0.0,22194.0,37.0,0.2310999999993173,31.5625,32.375,37.03000000000003,0.0,0.0,0.0,0.0,0.0,20.0,0.3,0.1,0.2,0.1,0.4,0.1,0.1,0.1,0.5,0.0,65535.0,0.1112535286488136,0.0,54729.0,0.08397741599517623,0.0,0.0,0.0,0.0,0.0,0.0,0.0,0.0,0.0,0.0
45945.95,0.8765362891273603,0.0,22194.0,37.0,0.13929999999931295,31.625,32.375,36.97000000000003,0.0,0.0,0.0,0.0,0.0,20.0,0.3,0.1,0.2,0.1,0.4,0.1,0.1,0.1,0.5,0.0,65535.0,0.11207751583123522,0.0,54924.0,0.08413444031752967,0.0,0.0,0.0,0.0,0.0,0.0,0.0,0.0,0.0,0.0
46006.02,0.8182128819618459,0.0,22194.0,37.0,0.15899999999930836,31.5625,32.375,37.03000000000003,0.0,0.0,0.0,0.0,0.0,20.0,0.3,0.1,0.2,0.1,0.4,0.1,0.1,0.1,0.5,0.0,65535.0,0.11146715495536737,0.0,54568.0,0.0842251869227386,0.0,0.0,0.0,0.0,0.0,0.0,0.0,0.0,0.0,0.0
46066.09,0.8127183614639991,0.0,22194.0,37.0,0.13569999999931193,31.5625,32.4375,36.93000000000001,0.0,0.0,0.0,0.0,0.0,20.0,0.3,0.1,0.2,0.1,0.4,0.1,0.1,0.1,0.5,0.0,65535.0,0.1117570763714046,0.0,54502.0,0.08456570401086198,0.0,0.0,0.0,0.0,0.0,0.0,0.0,0.0,0.0,0.0
46126.16,0.8188755873278057,0.0,22194.0,37.0,0.153899999999307,31.625,32.375,36.870000000000005,0.0,0.0,0.0,0.0,0.0,20.0,0.3,0.1,0.2,0.1,0.4,0.1,0.1,0.1,0.5,0.0,65535.0,0.11232166018158236,0.0,55003.0,0.08415904587022525,0.0,0.0,0.0,0.0,0.0,0.0,0.0,0.0,0.0,0.0
46186.21,0.8377458612127765,0.0,22194.0,37.0,0.11939999999930484,31.5625,32.4375,36.81,0.0,0.0,0.0,0.0,0.0,20.0,0.3,0.1,0.2,0.1,0.4,0.1,0.1,0.1,0.5,0.0,65535.0,0.1121843289845121,0.0,54638.0,0.08459314030528203,0.0,0.0,0.0,0.0,0.0,0.0,0.0,0.0,0.0,0.0
46246.25,0.8509577818304108,0.0,22194.0,37.0,0.1781999999993065,31.5,32.375,36.710000000000036,0.0,0.0,0.0,0.0,0.0,20.0,0.3,0.1,0.2,0.1,0.4,0.1,0.1,0.1,0.5,0.0,65535.0,0.1125810635538262,0.0,54423.0,0.0850192014405674,0.0,0.0,0.0,0.0,0.0,0.0,0.0,0.0,0.0,0.0
46306.31,0.8058367121542448,0.0,22194.0,37.0,0.20089999999930175,31.5,32.375,36.77000000000004,0.0,0.0,0.0,0.0,0.0,20.0,0.3,0.1,0.2,0.1,0.4,0.1,0.1,0.1,0.5,0.0,65535.0,0.11265735866330968,0.0,55032.0,0.08435092309928768,0.0,0.0,0.0,0.0,0.0,0.0,0.0,0.0,0.0,0.0
46366.38,0.8361140082568495,0.0,22194.0,37.0,0.15059999999930399,31.5,32.4375,36.85000000000002,0.0,0.0,0.0,0.0,0.0,20.0,0.3,0.1,0.2,0.1,0.4,0.1,0.1,0.1,0.5,0.0,65535.0,0.11224536507209888,0.0,55043.0,0.08453390985229729,0.0,0.0,0.0,0.0,0.0,0.0,0.0,0.0,0.0,0.0
46426.44,0.8769376577117152,0.0,22194.0,37.0,0.20919999999931008,31.5,32.4375,36.89000000000004,0.0,0.0,0.0,0.0,0.0,20.0,0.3,0.1,0.2,0.1,0.4,0.1,0.1,0.1,0.5,0.0,65535.0,0.1125963225757229,0.0,55162.0,0.08427903266741597,0.0,0.0,0.0,0.0,0.0,0.0,0.0,0.0,0.0,0.0
46486.47,0.8505660502722693,0.0,22194.0,37.0,0.1350999999993064,31.5625,32.375,36.950000000000045,0.0,0.0,0.0,0.0,0.0,20.0,0.3,0.1,0.2,0.1,0.4,0.1,0.1,0.1,0.5,0.0,65535.0,0.1125810635538262,0.0,54934.0,0.08462882732005679,0.0,0.0,0.0,0.0,0.0,0.0,0.0,0.0,0.0,0.0
46546.55,0.8251375412332428,0.0,22194.0,37.0,0.19719999999930846,31.5625,32.375,36.81,0.0,0.0,0.0,0.0,0.0,20.0,0.3,0.1,0.2,0.1,0.4,0.1,0.1,0.1,0.5,0.0,65535.0,0.11245899137865263,0.0,55350.0,0.08437217705510389,0.0,0.0,0.0,0.0,0.0,0.0,0.0,0.0,0.0,0.0
46606.59,0.8086267136648537,0.0,22194.0,37.0,0.12479999999929983,31.5625,32.375,36.97000000000003,0.0,0.0,0.0,0.0,0.0,20.0,0.3,0.1,0.2,0.1,0.4,0.1,0.1,0.1,0.5,0.0,65535.0,0.11351186388952468,0.0,55105.0,0.08478359495508575,0.0,0.0,0.0,0.0,0.0,0.0,0.0,0.0,0.0,0.0
46666.63,0.8139521072480722,0.0,22194.0,37.0,0.16329999999930575,31.5,32.375,36.85000000000002,0.0,0.0,0.0,0.0,0.0,20.0,0.3,0.1,0.2,0.1,0.4,0.1,0.1,0.1,0.5,0.0,65535.0,0.1134355687800412,0.0,55274.0,0.08441581937258023,0.0,0.0,0.0,0.0,0.0,0.0,0.0,0.0,0.0,0.0
46726.7,0.8548534516325046,0.0,22194.0,37.0,0.1935999999993066,31.5625,32.375,36.89000000000004,0.0,0.0,0.0,0.0,0.0,20.0,0.3,0.1,0.2,0.1,0.4,0.1,0.1,0.1,0.5,0.0,65535.0,0.11369497215228504,0.0,54560.0,0.08520894428152492,0.0,0.0,0.0,0.0,0.0,0.0,0.0,0.0,0.0,0.0
46786.77,0.8116873772580324,0.0,22194.0,37.0,0.21219999999930644,31.5625,32.3125,36.93000000000001,0.0,0.0,0.0,0.0,0.0,20.0,0.3,0.1,0.2,0.1,0.4,0.1,0.1,0.1,0.5,0.0,65535.0,0.11319142442969406,0.0,54824.0,0.08492630964541077,0.0,0.0,0.0,0.0,0.0,0.0,0.0,0.0,0.0,0.0
46846.84,0.8365157029953706,0.0,22194.0,37.0,0.12449999999929753,31.5,32.375,36.89000000000004,0.0,0.0,0.0,0.0,0.0,20.0,0.3,0.1,0.2,0.1,0.4,0.1,0.1,0.1,0.5,0.0,65535.0,0.11355764095521477,0.0,54674.0,0.08503127629220471,0.0,0.0,0.0,0.0,0.0,0.0,0.0,0.0,0.0,0.0
46906.88,0.8610924889798137,0.0,22194.0,37.0,0.18859999999929436,31.5625,32.375,36.93000000000001,0.0,0.0,0.0,0.0,0.0,20.0,0.3,0.1,0.2,0.1,0.4,0.1,0.1,0.1,0.5,0.0,65535.0,0.11398489356832227,0.0,54801.0,0.08532691009288151,0.0,0.0,0.0,0.0,0.0,0.0,0.0,0.0,0.0,0.0
46966.92,0.8509690369632033,0.0,22194.0,37.0,0.18799999999929318,31.5625,32.375,36.950000000000045,0.0,0.0,0.0,0.0,0.0,20.0,0.3,0.1,0.2,0.1,0.4,0.1,0.1,0.1,0.5,0.0,65535.0,0.11447318226901655,0.0,55401.0,0.08463746141766394,0.0,0.0,0.0,0.0,0.0,0.0,0.0,0.0,0.0,0.0
47026.97,0.8639806758751757,0.0,22194.0,37.0,0.19039999999929183,31.5625,32.375,36.81,0.0,0.0,0.0,0.0,0.0,20.0,0.3,0.1,0.2,0.1,0.4,0.1,0.1,0.1,0.5,0.0,65535.0,0.11361867704280156,0.0,55104.0,0.08507549361207897,0.0,0.0,0.0,0.0,0.0,0.0,0.0,0.0,0.0,0.0
47087.01,0.8142420632667099,0.0,22194.0,37.0,0.19749999999930126,31.5625,32.4375,36.97000000000003,0.0,0.0,0.0,0.0,0.0,20.0,0.3,0.1,0.2,0.1,0.4,0.1,0.1,0.1,0.5,0.0,65535.0,0.11375600823987182,0.0,54741.0,0.085365630879962,0.0,0.0,0.0,0.0,0.0,0.0,0.0,0.0,0.0,0.0
47147.05,0.8783259421319909,0.0,22194.0,37.0,0.19719999999930066,31.5625,32.375,36.81,0.0,0.0,0.0,0.0,0.0,20.0,0.3,0.1,0.2,0.1,0.4,0.1,0.1,0.1,0.5,0.0,65535.0,0.1146715495536736,0.0,55281.0,0.08491163329172771,0.0,0.0,0.0,0.0,0.0,0.0,0.0,0.0,0.0,0.0
47207.1,0.848386589980263,0.0,22194.0,37.0,0.1521999999992981,31.5625,32.375,37.05000000000001,0.0,0.0,0.0,0.0,0.0,20.0,0.3,0.1,0.2,0.1,0.4,0.1,0.1,0.1,0.5,0.0,65535.0,0.11438162813763637,0.0,55049.0,0.08523315591563879,0.0,0.0,0.0,0.0,0.0,0.0,0.0,0.0,0.0,0.0
47267.17,0.8492904548256228,0.0,22194.0,37.0,0.12359999999929142,31.5625,32.375,36.89000000000004,0.0,0.0,0.0,0.0,0.0,20.0,0.3,0.1,0.2,0.1,0.4,0.1,0.1,0.1,0.5,0.0,65535.0,0.1138628213931487,0.0,55066.0,0.08538844295935787,0.0,0.0,0.0,0.0,0.0,0.0,0.0,0.0,0.0,0.0
47327.21,0.8429417957360024,0.0,22194.0,37.0,0.1467999999992962,31.5625,32.375,36.89000000000004,0.0,0.0,0.0,0.0,0.0,20.0,0.3,0.1,0.2,0.1,0.4,0.1,0.1,0.1,0.5,0.0,65535.0,0.11445792324711986,0.0,55215.0,0.08532101783935525,0.0,0.0,0.0,0.0,0.0,0.0,0.0,0.0,0.0,0.0
47387.28,0.8179377802744341,0.0,22194.0,37.0,0.19239999999929733,31.5625,32.375,36.85000000000002,0.0,0.0,0.0,0.0,0.0,20.0,0.3,0.1,0.2,0.1,0.4,0.1,0.1,0.1,0.5,0.0,65535.0,0.1146715495536736,0.0,55372.0,0.08513328035830384,0.0,0.0,0.0,0.0,0.0,0.0,0.0,0.0,0.0,0.0
47447.32,0.877783133515159,0.0,22194.0,37.0,0.21009999999929713,31.5625,32.375,36.950000000000045,0.0,0.0,0.0,0.0,0.0,20.0,0.3,0.1,0.2,0.1,0.4,0.1,0.1,0.1,0.5,0.0,65535.0,0.11461051346608682,0.0,55612.0,0.08503560382651226,0.0,0.0,0.0,0.0,0.0,0.0,0.0,0.0,0.0,0.0
47507.4,0.8913194694306713,0.0,22194.0,37.0,0.1441999999992843,31.5625,32.375,36.85000000000002,0.0,0.0,0.0,0.0,0.0,20.0,0.3,0.1,0.2,0.1,0.4,0.1,0.1,0.1,0.5,0.0,65535.0,0.11499198901350423,0.0,55372.0,0.0850610416817164,0.0,0.0,0.0,0.0,0.0,0.0,0.0,0.0,0.0,0.0
47567.44,0.8468345613309475,0.0,22194.0,37.0,0.20919999999929537,31.5,32.375,36.89000000000004,0.0,0.0,0.0,0.0,0.0,20.0,0.3,0.1,0.2,0.1,0.4,0.1,0.1,0.1,0.5,0.0,65535.0,0.11486991683833066,0.0,54955.0,0.08570648712583022,0.0,0.0,0.0,0.0,0.0,0.0,0.0,0.0,0.0,0.0
47627.49,0.8229841818256204,0.0,22194.0,37.0,0.19099999999928433,31.5625,32.375,37.110000000000014,0.0,0.0,0.0,0.0,0.0,20.0,0.3,0.1,0.2,0.1,0.4,0.1,0.1,0.1,0.5,0.0,65535.0,0.11589227130540933,0.0,55722.0,0.08508309105918668,0.0,0.0,0.0,0.0,0.0,0.0,0.0,0.0,0.0,0.0
47687.55,0.8186248551741865,0.0,22194.0,37.0,0.19689999999929317,31.5625,32.3125,36.870000000000005,0.0,0.0,0.0,0.0,0.0,20.0,0.3,0.1,0.2,0.1,0.4,0.1,0.1,0.1,0.5,0.0,65535.0,0.11506828412298771,0.0,55018.0,0.08577192918681159,0.0,0.0,0.0,0.0,0.0,0.0,0.0,0.0,0.0,0.0
47747.62,0.8223945143986389,0.0,22194.0,37.0,0.19189999999928264,31.5625,32.4375,36.93000000000001,0.0,0.0,0.0,0.0,0.0,20.0,0.3,0.1,0.2,0.1,0.4,0.1,0.1,0.1,0.5,0.0,65535.0,0.11531242847333487,0.0,55386.0,0.08550897338677645,0.0,0.0,0.0,0.0,0.0,0.0,0.0,0.0,0.0,0.0
47807.68,0.8536055552161692,0.0,22194.0,37.0,0.15069999999928999,31.5625,32.375,37.110000000000014,0.0,0.0,0.0,0.0,0.0,20.0,0.3,0.1,0.2,0.1,0.4,0.1,0.1,0.1,0.5,0.0,65535.0,0.11538872358281835,0.0,55072.0,0.08579677513073794,0.0,0.0,0.0,0.0,0.0,0.0,0.0,0.0,0.0,0.0
47867.75,0.8758372222767271,0.0,22194.0,37.0,0.14419999999927913,31.5625,32.375,36.950000000000045,0.0,0.0,0.0,0.0,0.0,20.0,0.3,0.1,0.2,0.1,0.4,0.1,0.1,0.1,0.5,0.0,65535.0,0.11586175326161594,0.0,55772.0,0.08511439431973034,0.0,0.0,0.0,0.0,0.0,0.0,0.0,0.0,0.0,0.0
47927.83,0.8200168212723348,0.0,22194.0,37.0,0.16919999999928395,31.5,32.375,36.89000000000004,0.0,0.0,0.0,0.0,0.0,20.0,0.3,0.1,0.2,0.1,0.4,0.1,0.1,0.1,0.5,0.0,65535.0,0.11543450064850844,0.0,54821.0,0.086189598876343,0.0,0.0,0.0,0.0,0.0,0.0,0.0,0.0,0.0,0.0
47987.9,0.8795831859917622,0.0,22194.0,37.0,0.2380999999992807,31.5625,32.375,36.950000000000045,0.0,0.0,0.0,0.0,0.0,20.0,0.3,0.1,0.2,0.1,0.4,0.1,0.1,0.1,0.5,0.0,65535.0,0.1168383306630045,0.0,55435.0,0.08564986019662668,0.0,0.0,0.0,0.0,0.0,0.0,0.0,0.0,0.0,0.0
48047.98,0.8338164278728399,0.0,22194.0,37.0,0.13719999999928548,31.5625,32.375,36.870000000000005,0.0,0.0,0.0,0.0,0.0,20.0,0.3,0.1,0.2,0.1,0.4,0.1,0.1,0.1,0.5,0.0,65535.0,0.1156023498893721,0.0,55289.0,0.08560473150174537,0.0,0.0,0.0,0.0,0.0,0.0,0.0,0.0,0.0,0.0
48108.02,0.8973862330370564,0.0,22194.0,37.0,0.12649999999927417,31.5625,32.375,36.85000000000002,0.0,0.0,0.0,0.0,0.0,20.0,0.3,0.1,0.2,0.1,0.4,0.1,0.1,0.1,0.5,0.0,65535.0,0.11589227130540933,0.0,55316.0,0.08594258442403645,0.0,0.0,0.0,0.0,0.0,0.0,0.0,0.0,0.0,0.0
48168.1,0.851566057947758,0.0,22194.0,37.0,0.19209999999928554,31.5625,32.375,36.93000000000001,0.0,0.0,0.0,0.0,0.0,20.0,0.3,0.1,0.2,0.1,0.4,0.1,0.1,0.1,0.5,0.0,65535.0,0.11670099946593424,0.0,55378.0,0.08597276896962693,0.0,0.0,0.0,0.0,0.0,0.0,0.0,0.0,0.0,0.0
48228.17,0.8620973846564695,0.0,22194.0,37.0,0.18599999999927944,31.5625,32.4375,37.05000000000001,0.0,0.0,0.0,0.0,0.0,20.0,0.3,0.1,0.2,0.1,0.4,0.1,0.1,0.1,0.5,0.0,65535.0,0.11667048142214084,0.0,55092.0,0.08607420315109272,0.0,0.0,0.0,0.0,0.0,0.0,0.0,0.0,0.0,0.0
48288.25,0.8197733548952334,0.0,22194.0,37.0,0.1647999999992828,31.5625,32.375,36.85000000000002,0.0,0.0,0.0,0.0,0.0,20.0,0.3,0.1,0.2,0.1,0.4,0.1,0.1,0.1,0.5,0.0,65535.0,0.11635004196231022,0.0,55286.0,0.08597113193213472,0.0,0.0,0.0,0.0,0.0,0.0,0.0,0.0,0.0,0.0
48348.33,0.8863342732297254,0.0,22194.0,37.0,0.19009999999927313,31.5625,32.375,36.950000000000045,0.0,0.0,0.0,0.0,0.0,20.0,0.3,0.1,0.2,0.1,0.4,0.1,0.1,0.1,0.5,0.0,65535.0,0.1168688487067979,0.0,55556.0,0.08593131254949961,0.0,0.0,0.0,0.0,0.0,0.0,0.0,0.0,0.0,0.0
48408.4,0.8916505499459586,0.0,22194.0,37.0,0.12559999999926982,31.5,32.375,36.73000000000002,0.0,0.0,0.0,0.0,0.0,20.0,0.3,0.1,0.2,0.1,0.4,0.1,0.1,0.1,0.5,0.0,65535.0,0.11763179980163271,0.0,55638.0,0.0858945325137496,0.0,0.0,0.0,0.0,0.0,0.0,0.0,0.0,0.0,0.0
48468.47,0.8882190892568315,0.0,22194.0,37.0,0.18059999999927578,31.5625,32.375,36.89000000000004,0.0,0.0,0.0,0.0,0.0,20.0,0.3,0.1,0.2,0.1,0.4,0.1,0.1,0.1,0.5,0.0,65535.0,0.11699092088197147,0.0,55453.0,0.08610895713487098,0.0,0.0,0.0,0.0,0.0,0.0,0.0,0.0,0.0,0.0
48528.51,0.8832663286127659,0.0,22194.0,37.0,0.18319999999927,31.5,32.375,36.85000000000002,0.0,0.0,0.0,0.0,0.0,20.0,0.3,0.1,0.2,0.1,0.4,0.1,0.1,0.1,0.5,0.0,65535.0,0.11712825207904173,0.0,54843.0,0.08693908064839632,0.0,0.0,0.0,0.0,0.0,0.0,0.0,0.0,0.0,0.0
48588.56,0.8916193719008165,0.0,22194.0,37.0,0.2359999999992706,31.5,32.375,36.950000000000045,0.0,0.0,0.0,0.0,0.0,20.0,0.3,0.1,0.2,0.1,0.4,0.1,0.1,0.1,0.5,0.0,65535.0,0.11746395056076905,0.0,55155.0,0.08657419998186927,0.0,0.0,0.0,0.0,0.0,0.0,0.0,0.0,0.0,0.0
48648.6,0.8609368989671626,0.0,22194.0,37.0,0.16329999999927647,31.5625,32.375,36.85000000000002,0.0,0.0,0.0,0.0,0.0,20.0,0.3,0.1,0.2,0.1,0.4,0.1,0.1,0.1,0.5,0.0,65535.0,0.11744869153887236,0.0,55474.0,0.08625662472509645,0.0,0.0,0.0,0.0,0.0,0.0,0.0,0.0,0.0,0.0
48708.64,0.8901828250883065,0.0,22194.0,37.0,0.2162999999992726,31.5,32.375,36.85000000000002,0.0,0.0,0.0,0.0,0.0,20.0,0.3,0.1,0.2,0.1,0.4,0.1,0.1,0.1,0.5,0.0,65535.0,0.11714351110093843,0.0,55278.0,0.0864539238033214,0.0,0.0,0.0,0.0,0.0,0.0,0.0,0.0,0.0,0.0
48768.69,0.8779798458880007,0.0,22194.0,37.0,0.19569999999927626,31.5625,32.4375,36.690000000000055,0.0,0.0,0.0,0.0,0.0,20.0,0.3,0.1,0.2,0.1,0.4,0.1,0.1,0.1,0.5,0.0,65535.0,0.11700617990386816,0.0,55596.0,0.0863191596517735,0.0,0.0,0.0,0.0,0.0,0.0,0.0,0.0,0.0,0.0
48828.73,0.8950241943347661,0.0,22194.0,37.0,0.18689999999927004,31.5,32.4375,36.710000000000036,0.0,0.0,0.0,0.0,0.0,20.0,0.3,0.1,0.2,0.1,0.4,0.1,0.1,0.1,0.5,0.0,65535.0,0.11735713740749218,0.0,55625.0,0.08631011235955056,0.0,0.0,0.0,0.0,0.0,0.0,0.0,0.0,0.0,0.0
48888.81,0.8586438400772374,0.0,22194.0,37.0,0.18539999999926884,31.5625,32.375,36.97000000000003,0.0,0.0,0.0,0.0,0.0,20.0,0.3,0.1,0.2,0.1,0.4,0.1,0.1,0.1,0.5,0.0,65535.0,0.11807431143663691,0.0,56022.0,0.08605547820499089,0.0,0.0,0.0,0.0,0.0,0.0,0.0,0.0,0.0,0.0
48948.86,0.8915608726942834,0.0,22194.0,37.0,0.12709999999926075,31.5,32.375,36.89000000000004,0.0,0.0,0.0,0.0,0.0,20.0,0.3,0.1,0.2,0.1,0.4,0.1,0.1,0.1,0.5,0.0,65535.0,0.11763179980163271,0.0,55069.0,0.08692730937551073,0.0,0.0,0.0,0.0,0.0,0.0,0.0,0.0,0.0,0.0
49008.94,0.8188383088555348,0.0,22194.0,37.0,0.18329999999926647,31.5,32.4375,36.81,0.0,0.0,0.0,0.0,0.0,20.0,0.3,0.1,0.2,0.1,0.4,0.1,0.1,0.1,0.5,0.0,65535.0,0.11822690165560387,0.0,55957.0,0.08619118251514556,0.0,0.0,0.0,0.0,0.0,0.0,0.0,0.0,0.0,0.0
49068.97,0.8833798031425681,0.0,22194.0,37.0,0.1900999999992611,31.5,32.375,36.690000000000055,0.0,0.0,0.0,0.0,0.0,20.0,0.3,0.1,0.2,0.1,0.4,0.1,0.1,0.1,0.5,0.0,65535.0,0.1181048294804303,0.0,55483.0,0.08678333904078726,0.0,0.0,0.0,0.0,0.0,0.0,0.0,0.0,0.0,0.0
49129.04,0.8152195583249301,0.0,22194.0,37.0,0.22749999999927142,31.5,32.375,36.89000000000004,0.0,0.0,0.0,0.0,0.0,20.0,0.3,0.1,0.2,0.1,0.4,0.1,0.1,0.1,0.5,0.0,65535.0,0.118974593728542,0.0,55424.0,0.08683963625866051,0.0,0.0,0.0,0.0,0.0,0.0,0.0,0.0,0.0,0.0
49189.09,0.8279589274182637,0.0,22194.0,37.0,0.12509999999926166,31.5625,32.375,36.950000000000045,0.0,0.0,0.0,0.0,0.0,20.0,0.3,0.1,0.2,0.1,0.4,0.1,0.1,0.1,0.5,0.0,65535.0,0.11830319676508735,0.0,55429.0,0.0868318028468852,0.0,0.0,0.0,0.0,0.0,0.0,0.0,0.0,0.0,0.0
49249.13,0.8205167479031761,0.0,22194.0,37.0,0.14889999999926673,31.5,32.375,36.870000000000005,0.0,0.0,0.0,0.0,0.0,20.0,0.3,0.1,0.2,0.1,0.4,0.1,0.1,0.1,0.5,0.0,65535.0,0.11863889524681467,0.0,55398.0,0.08715116069172173,0.0,0.0,0.0,0.0,0.0,0.0,0.0,0.0,0.0,0.0
49309.17,0.8454223767072147,0.0,22194.0,37.0,0.1438999999992562,31.5,32.375,36.97000000000003,0.0,0.0,0.0,0.0,0.0,20.0,0.3,0.1,0.2,0.1,0.4,0.1,0.1,0.1,0.5,0.0,65535.0,0.11856260013733119,0.0,55369.0,0.08699813975329156,0.0,0.0,0.0,0.0,0.0,0.0,0.0,0.0,0.0,0.0
49369.2,0.8957144591655362,0.0,22194.0,37.0,0.187199999999262,31.5,32.375,37.05000000000001,0.0,0.0,0.0,0.0,0.0,20.0,0.3,0.1,0.2,0.1,0.4,0.1,0.1,0.1,0.5,0.0,65535.0,0.11883726253147173,0.0,55351.0,0.08718903000849126,0.0,0.0,0.0,0.0,0.0,0.0,0.0,0.0,0.0,0.0
49429.28,0.8887837928655103,0.0,22194.0,37.0,0.16809999999926517,31.5,32.3125,36.85000000000002,0.0,0.0,0.0,0.0,0.0,20.0,0.3,0.1,0.2,0.1,0.4,0.1,0.1,0.1,0.5,0.0,65535.0,0.11914244296940567,0.0,55611.0,0.08690726654798511,0.0,0.0,0.0,0.0,0.0,0.0,0.0,0.0,0.0,0.0
49489.36,0.8846225087538371,0.0,22194.0,37.0,0.16959999999926467,31.5625,32.375,36.89000000000004,0.0,0.0,0.0,0.0,0.0,20.0,0.3,0.1,0.2,0.1,0.4,0.1,0.1,0.1,0.5,0.0,65535.0,0.11927977416647594,0.0,56269.0,0.08621087988057367,0.0,0.0,0.0,0.0,0.0,0.0,0.0,0.0,0.0,0.0
49549.43,0.8497353893744356,0.0,22194.0,37.0,0.13689999999926258,31.5625,32.375,36.950000000000045,0.0,0.0,0.0,0.0,0.0,20.0,0.3,0.1,0.2,0.1,0.4,0.1,0.1,0.1,0.5,0.0,65535.0,0.1194323643854429,0.0,55622.0,0.08714177843299414,0.0,0.0,0.0,0.0,0.0,0.0,0.0,0.0,0.0,0.0
49609.49,0.8849876629701539,0.0,22194.0,37.0,0.12419999999925652,31.5625,32.375,36.85000000000002,0.0,0.0,0.0,0.0,0.0,20.0,0.3,0.1,0.2,0.1,0.4,0.1,0.1,0.1,0.5,0.0,65535.0,0.11917296101319906,0.0,55674.0,0.08706038725437368,0.0,0.0,0.0,0.0,0.0,0.0,0.0,0.0,0.0,0.0
49669.53,0.8342481857445496,0.0,22194.0,37.0,0.14469999999926117,31.5625,32.375,36.97000000000003,0.0,0.0,0.0,0.0,0.0,20.0,0.3,0.1,0.2,0.1,0.4,0.1,0.1,0.1,0.5,0.0,65535.0,0.11955443656061647,0.0,56039.0,0.08692160816574171,0.0,0.0,0.0,0.0,0.0,0.0,0.0,0.0,0.0,0.0
49729.58,0.8626833532106317,0.0,22194.0,37.0,0.19119999999926235,31.5625,32.375,36.710000000000036,0.0,0.0,0.0,0.0,0.0,20.0,0.3,0.1,0.2,0.1,0.4,0.1,0.1,0.1,0.5,0.0,65535.0,0.11947814145113299,0.0,55675.0,0.08740008980691513,0.0,0.0,0.0,0.0,0.0,0.0,0.0,0.0,0.0,0.0
49789.62,0.8638151635675104,0.0,22194.0,37.0,0.15389999999925533,31.5,32.375,36.77000000000004,0.0,0.0,0.0,0.0,0.0,20.0,0.3,0.1,0.2,0.1,0.4,0.1,0.1,0.1,0.5,0.0,65535.0,0.12005798428320745,0.0,55193.0,0.08767416157846104,0.0,0.0,0.0,0.0,0.0,0.0,0.0,0.0,0.0,0.0
49849.67,0.8955353270068487,0.0,22194.0,37.0,0.1665999999992597,31.5625,32.375,36.93000000000001,0.0,0.0,0.0,0.0,0.0,20.0,0.3,0.1,0.2,0.1,0.4,0.1,0.1,0.1,0.5,0.0,65535.0,0.11998168917372397,0.0,56206.0,0.08687684588833933,0.0,0.0,0.0,0.0,0.0,0.0,0.0,0.0,0.0,0.0
49909.7,0.8964763266084126,0.0,22194.0,37.0,0.19099999999925,31.5625,32.375,36.950000000000045,0.0,0.0,0.0,0.0,0.0,20.0,0.3,0.1,0.2,0.1,0.4,0.1,0.1,0.1,0.5,0.0,65535.0,0.11975280384527352,0.0,55462.0,0.0875554433666294,0.0,0.0,0.0,0.0,0.0,0.0,0.0,0.0,0.0,0.0
49969.76,0.9006647183063154,0.0,22194.0,37.0,0.1544999999992522,31.5625,32.375,36.97000000000003,0.0,0.0,0.0,0.0,0.0,20.0,0.3,0.1,0.2,0.1,0.4,0.1,0.1,0.1,0.5,0.0,65535.0,0.12120241092545968,0.0,56648.0,0.08644612342889423,0.0,0.0,0.0,0.0,0.0,0.0,0.0,0.0,0.0,0.0
50029.8,0.9048267390436207,0.0,22194.0,37.0,0.18359999999925244,31.5625,32.375,36.950000000000045,0.0,0.0,0.0,0.0,0.0,20.0,0.3,0.1,0.2,0.1,0.4,0.1,0.1,0.1,0.5,0.0,65535.0,0.11998168917372397,0.0,55553.0,0.08770003420157327,0.0,0.0,0.0,0.0,0.0,0.0,0.0,0.0,0.0,0.0
50089.87,0.87349441298752,0.0,22194.0,37.0,0.21509999999925308,31.5625,32.3125,36.85000000000002,0.0,0.0,0.0,0.0,0.0,20.0,0.3,0.1,0.2,0.1,0.4,0.1,0.1,0.1,0.5,0.0,65535.0,0.12053101396200504,0.0,56051.0,0.08724197605751904,0.0,0.0,0.0,0.0,0.0,0.0,0.0,0.0,0.0,0.0
50149.94,0.8994270815403912,0.0,22194.0,37.0,0.19929999999925663,31.5625,32.375,36.950000000000045,0.0,0.0,0.0,0.0,0.0,20.0,0.3,0.1,0.2,0.1,0.4,0.1,0.1,0.1,0.5,0.0,65535.0,0.12097352559700923,0.0,55915.0,0.08741840293302335,0.0,0.0,0.0,0.0,0.0,0.0,0.0,0.0,0.0,0.0
50210.02,0.8926363555830378,0.0,22194.0,37.0,0.14599999999924398,31.5,32.375,36.93000000000001,0.0,0.0,0.0,0.0,0.0,20.0,0.3,0.1,0.2,0.1,0.4,0.1,0.1,0.1,0.5,0.0,65535.0,0.12062256809338522,0.0,56362.0,0.08692026542706079,0.0,0.0,0.0,0.0,0.0,0.0,0.0,0.0,0.0,0.0
50270.09,0.899480885219068,0.0,22194.0,37.0,0.16509999999925334,31.5625,32.375,36.950000000000045,0.0,0.0,0.0,0.0,0.0,20.0,0.3,0.1,0.2,0.1,0.4,0.1,0.1,0.1,0.5,0.0,65535.0,0.12083619439993896,0.0,56172.0,0.08732108523819697,0.0,0.0,0.0,0.0,0.0,0.0,0.0,0.0,0.0,0.0
50330.16,0.8433895773415188,0.0,22194.0,37.0,0.16829999999924786,31.5625,32.375,37.01000000000005,0.0,0.0,0.0,0.0,0.0,20.0,0.3,0.1,0.2,0.1,0.4,0.1,0.1,0.1,0.5,0.0,65535.0,0.12179751277943084,0.0,55828.0,0.08794869957727305,0.0,0.0,0.0,0.0,0.0,0.0,0.0,0.0,0.0,0.0
50390.21,0.8655087040662635,0.0,22194.0,37.0,0.168299999999247,31.5,32.375,36.690000000000055,0.0,0.0,0.0,0.0,0.0,20.0,0.3,0.1,0.2,0.1,0.4,0.1,0.1,0.1,0.5,0.0,65535.0,0.1210803387502861,0.0,55893.0,0.08775696419945253,0.0,0.0,0.0,0.0,0.0,0.0,0.0,0.0,0.0,0.0
50450.25,0.8368150174705995,0.0,22194.0,37.0,0.182999999999247,31.5,32.375,36.950000000000045,0.0,0.0,0.0,0.0,0.0,20.0,0.3,0.1,0.2,0.1,0.4,0.1,0.1,0.1,0.5,0.0,65535.0,0.12161440451667048,0.0,56113.0,0.08784060734589133,0.0,0.0,0.0,0.0,0.0,0.0,0.0,0.0,0.0,0.0
50510.29,0.8294253756152585,0.0,22194.0,37.0,0.15209999999924495,31.5,32.375,36.85000000000002,0.0,0.0048,0.25,0.0,0.0,20.0,0.3,0.1,0.2,0.1,0.4,0.1,0.1,0.1,0.5,0.0,65535.0,0.12120241092545968,0.0,56247.0,0.0874179956264334,0.0,0.0,0.0,0.0,0.0,0.0,0.0,0.0,0.0,0.0
50570.32,0.8389217214934614,0.0,22194.0,37.0,0.3294499999992445,31.5,32.375,36.47000000000003,0.0,0.0,0.0,0.0,0.0,20.0,0.3,0.1,0.2,0.1,0.4,0.1,0.1,0.1,0.5,0.0,65535.0,0.11862363622491798,0.0,54594.0,0.08792174964281789,0.0,0.0,0.0,0.0,0.0,0.0,0.0,0.0,0.0,0.0
50630.36,0.818176470367449,0.0,22194.0,37.0,0.24729999999925076,31.5,32.3125,37.03000000000003,0.0,0.0,0.0,0.0,0.0,20.0,0.3,0.1,0.2,0.1,0.4,0.1,0.1,0.1,0.5,0.0,65535.0,0.11882200350957503,0.0,54824.0,0.08749817598132205,0.0,0.0,0.0,0.0,0.0,0.0,0.0,0.0,0.0,0.0
50690.39,0.8180996603235747,0.0,22194.0,37.0,0.19019999999924328,31.5625,32.375,37.05000000000001,0.0,0.0,0.0,0.0,0.0,20.0,0.3,0.1,0.2,0.1,0.4,0.1,0.1,0.1,0.5,0.0,65535.0,0.11833371480888075,0.0,54994.0,0.08730043277448449,0.0,0.0,0.0,0.0,0.0,0.0,0.0,0.0,0.0,0.0
50750.45,0.8273821895350033,0.0,22194.0,37.0,0.10539999999924424,31.625,32.3125,37.170000000000016,0.0,0.0,0.0,0.0,0.0,20.0,0.3,0.1,0.2,0.1,0.4,0.1,0.1,0.1,0.5,0.0,65535.0,0.1185473411154345,0.0,54792.0,0.08756752810629288,0.0,0.0,0.0,0.0,0.0,0.0,0.0,0.0,0.0,0.0
50810.49,0.8118651385652628,0.0,22194.0,37.0,0.09879999999924341,31.625,32.375,36.870000000000005,0.0,0.0,0.0,0.0,0.0,20.0,0.3,0.1,0.2,0.1,0.4,0.1,0.1,0.1,0.5,0.0,65535.0,0.11963073167009995,0.0,55160.0,0.08745467730239304,0.0,0.0,0.0,0.0,0.0,0.0,0.0,0.0,0.0,0.0
50870.54,0.7996962482523239,0.0,22194.0,37.0,0.13959999999924466,31.625,32.375,36.950000000000045,0.0,0.0,0.0,0.0,0.0,20.0,0.3,0.1,0.2,0.1,0.4,0.1,0.1,0.1,0.5,0.0,65535.0,0.11877622644388494,0.0,54874.0,0.08774647373984036,0.0,0.0,0.0,0.0,0.0,0.0,0.0,0.0,0.0,0.0
50930.6,0.8736125382130201,0.0,22194.0,37.0,0.13569999999924393,31.5625,32.3125,36.77000000000004,0.0,0.0,0.0,0.0,0.0,20.0,0.3,0.1,0.2,0.1,0.4,0.1,0.1,0.1,0.5,0.0,65535.0,0.11947814145113299,0.0,55519.0,0.08733946937084602,0.0,0.0,0.0,0.0,0.0,0.0,0.0,0.0,0.0,0.0
50990.68,0.8612691234196957,0.0,22194.0,37.0,0.2477999999992423,31.5625,32.3125,36.89000000000004,0.0,0.0,0.0,0.0,0.0,20.0,0.3,0.1,0.2,0.1,0.4,0.1,0.1,0.1,0.5,0.0,65535.0,0.1194323643854429,0.0,55409.0,0.08767528740818278,0.0,0.0,0.0,0.0,0.0,0.0,0.0,0.0,0.0,0.0
51050.75,0.809624565448705,0.0,22194.0,37.0,0.19049999999923928,31.5625,32.375,36.85000000000002,0.0,0.0,0.0,0.0,0.0,20.0,0.3,0.1,0.2,0.1,0.4,0.1,0.1,0.1,0.5,0.0,65535.0,0.12014953841458763,0.0,55355.0,0.08729112094661728,0.0,0.0,0.0,0.0,0.0,0.0,0.0,0.0,0.0,0.0
51110.78,0.8779333482635238,0.0,22194.0,37.0,0.19669999999923363,31.625,32.375,36.950000000000045,0.0,0.0,0.0,0.0,0.0,20.0,0.3,0.1,0.2,0.1,0.4,0.1,0.1,0.1,0.5,0.0,65535.0,0.11909666590371557,0.0,54788.0,0.08797546908082061,0.0,0.0,0.0,0.0,0.0,0.0,0.0,0.0,0.0,0.0
51170.82,0.8010408885120375,0.0,22194.0,37.0,0.18929999999923694,31.5625,32.375,36.97000000000003,0.0,0.0,0.0,0.0,0.0,20.0,0.3,0.1,0.2,0.1,0.4,0.1,0.1,0.1,0.5,0.0,65535.0,0.11967650873579004,0.0,55428.0,0.08762719203290756,0.0,0.0,0.0,0.0,0.0,0.0,0.0,0.0,0.0,0.0
51230.9,0.8916730744194096,0.0,22194.0,37.0,0.18779999999923574,31.5625,32.375,36.97000000000003,0.0,0.0,0.0,0.0,0.0,20.0,0.3,0.1,0.2,0.1,0.4,0.1,0.1,0.1,0.5,0.0,65535.0,0.11993591210803388,0.0,54345.0,0.08885822062747263,0.0,0.0,0.0,0.0,0.0,0.0,0.0,0.0,0.0,0.0
51290.97,0.8037028792565,0.0,22194.0,37.0,0.13599999999923765,31.5625,32.375,36.89000000000004,0.0,0.0,0.0,0.0,0.0,20.0,0.3,0.1,0.2,0.1,0.4,0.1,0.1,0.1,0.5,0.0,65535.0,0.12034790569924468,0.0,55574.0,0.08773887069492928,0.0,0.0,0.0,0.0,0.0,0.0,0.0,0.0,0.0,0.0
51351.05,0.8165003765493377,0.0,22194.0,37.0,0.1974999999992394,31.5,32.375,37.05000000000001,0.0,0.0,0.0,0.0,0.0,20.0,0.3,0.1,0.2,0.1,0.4,0.1,0.1,0.1,0.5,0.0,65535.0,0.12036316472114138,0.0,55791.0,0.08757684931261314,0.0,0.0,0.0,0.0,0.0,0.0,0.0,0.0,0.0,0.0
51411.12,0.8447915359795714,0.0,22194.0,37.0,0.21489999999923948,31.5625,32.375,36.81,0.0,0.0,0.0,0.0,0.0,20.0,0.3,0.1,0.2,0.1,0.4,0.1,0.1,0.1,0.5,0.0,65535.0,0.1202563515678645,0.0,55404.0,0.08797198758212403,0.0,0.0,0.0,0.0,0.0,0.0,0.0,0.0,0.0,0.0
51471.16,0.87657509803859,0.0,22194.0,37.0,0.17309999999923228,31.5625,32.4375,36.870000000000005,0.0,0.0,0.0,0.0,0.0,20.0,0.3,0.1,0.2,0.1,0.4,0.1,0.1,0.1,0.5,0.0,65535.0,0.1207141222247654,0.0,54824.0,0.08850138625419525,0.0,0.0,0.0,0.0,0.0,0.0,0.0,0.0,0.0,0.0
51531.23,0.8223492350116131,0.0,22194.0,37.0,0.1141999999992239,31.5,32.4375,36.89000000000004,0.0,0.0,0.0,0.0,0.0,20.0,0.3,0.1,0.2,0.1,0.4,0.1,0.1,0.1,0.5,0.0,65535.0,0.1202410925459678,0.0,55242.0,0.08815756127584085,0.0,0.0,0.0,0.0,0.0,0.0,0.0,0.0,0.0,0.0
51591.29,0.8574022877913708,0.0,22194.0,37.0,0.16919999999922986,31.5,32.375,36.870000000000005,0.0,0.0,0.0,0.0,0.0,20.0,0.3,0.1,0.2,0.1,0.4,0.1,0.1,0.1,0.5,0.0,65535.0,0.12054627298390173,0.0,55265.0,0.0883741970505745,0.0,0.0,0.0,0.0,0.0,0.0,0.0,0.0,0.0,0.0
51651.37,0.8116970436688407,0.0,22194.0,37.0,0.12589999999922233,31.5,32.375,36.89000000000004,0.0,0.0,0.0,0.0,0.0,20.0,0.3,0.1,0.2,0.1,0.4,0.1,0.1,0.1,0.5,0.0,65535.0,0.12050049591821164,0.0,54978.0,0.08874458874458875,0.0,0.0,0.0,0.0,0.0,0.0,0.0,0.0,0.0,0.0
51711.42,0.8445386304067984,0.0,22194.0,37.0,0.20479999999922419,31.5,32.375,36.950000000000045,0.0,0.0,0.0,0.0,0.0,20.0,0.3,0.1,0.2,0.1,0.4,0.1,0.1,0.1,0.5,0.0,65535.0,0.12079041733424888,0.0,54740.0,0.08891121666057727,0.0,0.0,0.0,0.0,0.0,0.0,0.0,0.0,0.0,0.0
51771.46,0.8894846013558988,0.0,22194.0,37.0,0.18569999999922734,31.5,32.375,36.81,0.0,0.0,0.0,0.0,0.0,20.0,0.3,0.1,0.2,0.1,0.4,0.1,0.1,0.1,0.5,0.0,65535.0,0.12162966353856718,0.0,55570.0,0.08801511606982185,0.0,0.0,0.0,0.0,0.0,0.0,0.0,0.0,0.0,0.0
51831.53,0.8875813881852375,0.0,22194.0,37.0,0.17479999999922136,31.5,32.375,37.110000000000014,0.0,0.0,0.0,0.0,0.0,20.0,0.3,0.1,0.2,0.1,0.4,0.1,0.1,0.1,0.5,0.0,65535.0,0.12124818799114977,0.0,55511.0,0.08816270649060547,0.0,0.0,0.0,0.0,0.0,0.0,0.0,0.0,0.0,0.0
51891.61,0.8721698301981156,0.0,22194.0,37.0,0.13179999999922862,31.5,32.375,36.97000000000003,0.0,0.0,0.0,0.0,0.0,20.0,0.3,0.1,0.2,0.1,0.4,0.1,0.1,0.1,0.5,0.0,65535.0,0.12149233234149691,0.0,55122.0,0.08876673560465875,0.0,0.0,0.0,0.0,0.0,0.0,0.0,0.0,0.0,0.0
51951.69,0.8300058499632785,0.0,22194.0,37.0,0.1426999999992187,31.5,32.375,36.89000000000004,0.0,0.0,0.0,0.0,0.0,20.0,0.3,0.1,0.2,0.1,0.4,0.1,0.1,0.1,0.5,0.0,65535.0,0.12202639810788128,0.0,55910.0,0.08821319978536935,0.0,0.0,0.0,0.0,0.0,0.0,0.0,0.0,0.0,0.0
52011.73,0.842235996477875,0.0,22194.0,37.0,0.12999999999922685,31.5,32.375,36.57000000000005,0.0,0.0,0.0,0.0,0.0,20.0,0.3,0.1,0.2,0.1,0.4,0.1,0.1,0.1,0.5,0.0,65535.0,0.12222476539253833,0.0,55416.0,0.08840407102641837,0.0,0.0,0.0,0.0,0.0,0.0,0.0,0.0,0.0,0.0
52071.79,0.8324488578859617,0.0,22194.0,37.0,0.2426999999992255,31.5,32.375,36.79000000000002,0.0,0.0,0.0,0.0,0.0,20.0,0.3,0.1,0.2,0.1,0.4,0.1,0.1,0.1,0.5,0.0,65535.0,0.12138551918822003,0.0,55089.0,0.08894697671041406,0.0,0.0,0.0,0.0,0.0,0.0,0.0,0.0,0.0,0.0
52131.86,0.8442457799721012,0.0,22194.0,37.0,0.1853999999992225,31.5,32.375,36.870000000000005,0.0,0.0,0.0,0.0,0.0,20.0,0.3,0.1,0.2,0.1,0.4,0.1,0.1,0.1,0.5,0.0,65535.0,0.12252994583047226,0.0,55411.0,0.08886322210391438,0.0,0.0,0.0,0.0,0.0,0.0,0.0,0.0,0.0,0.0
52191.91,0.8833554350585748,0.0,22194.0,37.0,0.1733999999992209,31.5,32.375,36.85000000000002,0.0,0.0,0.0,0.0,0.0,20.0,0.3,0.1,0.2,0.1,0.4,0.1,0.1,0.1,0.5,0.0,65535.0,0.12233157854581521,0.0,55383.0,0.08887203654551036,0.0,0.0,0.0,0.0,0.0,0.0,0.0,0.0,0.0,0.0
52251.96,0.8892035900322288,0.0,22194.0,37.0,0.14479999999921422,31.5,32.375,36.870000000000005,0.0,0.0,0.0,0.0,0.0,20.0,0.3,0.1,0.2,0.1,0.4,0.1,0.1,0.1,0.5,0.0,65535.0,0.12307927061875334,0.0,55471.0,0.08889329559589695,0.0,0.0,0.0,0.0,0.0,0.0,0.0,0.0,0.0,0.0
52312.0,0.8152665017994827,0.0,22194.0,37.0,0.18979999999921507,31.5625,32.375,36.950000000000045,0.0,0.0,0.0,0.0,0.0,20.0,0.3,0.1,0.2,0.1,0.4,0.1,0.1,0.1,0.5,0.0,65535.0,0.12243839169909208,0.0,55737.0,0.0886664154870194,0.0,0.0,0.0,0.0,0.0,0.0,0.0,0.0,0.0,0.0
52372.08,0.8867369128046989,0.0,22194.0,37.0,0.1850999999992185,31.5625,32.3125,36.77000000000004,0.0,0.0,0.0,0.0,0.0,20.0,0.3,0.1,0.2,0.1,0.4,0.1,0.1,0.1,0.5,0.0,65535.0,0.12286564431219958,0.0,55326.0,0.08919856848497994,0.0,0.0,0.0,0.0,0.0,0.0,0.0,0.0,0.0,0.0
52432.13,0.878521276845956,0.0,22194.0,37.0,0.12589999999921037,31.5,32.375,36.89000000000004,0.0,0.0,0.0,0.0,0.0,20.0,0.3,0.1,0.2,0.1,0.4,0.1,0.1,0.1,0.5,0.0,65535.0,0.12260624093995574,0.0,55011.0,0.08943665812292087,0.0,0.0,0.0,0.0,0.0,0.0,0.0,0.0,0.0,0.0
52492.17,0.8529090267081716,0.0,22194.0,37.0,0.22979999999921788,31.5,32.3125,36.77000000000004,0.0,0.0,0.0,0.0,0.0,20.0,0.3,0.1,0.2,0.1,0.4,0.1,0.1,0.1,0.5,0.0,65535.0,0.12240787365529869,0.0,55551.0,0.08898129646631024,0.0,0.0,0.0,0.0,0.0,0.0,0.0,0.0,0.0,0.0
52552.25,0.8731271806743149,0.0,22194.0,37.0,0.14329999999920873,31.5,32.3125,36.93000000000001,0.0,0.0,0.0,0.0,0.0,20.0,0.3,0.1,0.2,0.1,0.4,0.1,0.1,0.1,0.5,0.0,65535.0,0.12260624093995574,0.0,55413.0,0.08914875570714453,0.0,0.0,0.0,0.0,0.0,0.0,0.0,0.0,0.0,0.0
52612.33,0.865340926210109,0.0,22194.0,37.0,0.160599999999218,31.5,32.375,37.03000000000003,0.0,0.0,0.0,0.0,0.0,20.0,0.3,0.1,0.2,0.1,0.4,0.1,0.1,0.1,0.5,0.0,65535.0,0.12246890974288548,0.0,55615.0,0.08904072642272769,0.0,0.0,0.0,0.0,0.0,0.0,0.0,0.0,0.0,0.0
52672.36,0.8906878262540949,0.0,22194.0,37.0,0.18679999999920838,31.4375,32.3125,36.93000000000001,0.0,0.0,0.0,0.0,0.0,20.0,0.3,0.1,0.2,0.1,0.4,0.1,0.1,0.1,0.5,0.0,65535.0,0.12309452964065004,0.0,55197.0,0.08962443611065819,0.0,0.0,0.0,0.0,0.0,0.0,0.0,0.0,0.0,0.0
52732.43,0.8802084011958,0.0,22194.0,37.0,0.1723999999992064,31.5,32.375,36.870000000000005,0.0,0.0,0.0,0.0,0.0,20.0,0.3,0.1,0.2,0.1,0.4,0.1,0.1,0.1,0.5,0.0,65535.0,0.12352178225375754,0.0,55448.0,0.08941711152791805,0.0,0.0,0.0,0.0,0.0,0.0,0.0,0.0,0.0,0.0
52792.46,0.8814554491421874,0.0,22194.0,37.0,0.163899999999215,31.5625,32.375,36.89000000000004,0.0,0.0,0.0,0.0,0.0,20.0,0.3,0.1,0.2,0.1,0.4,0.1,0.1,0.1,0.5,0.0,65535.0,0.12346074616617075,0.0,56347.0,0.08855839707526576,0.0,0.0,0.0,0.0,0.0,0.0,0.0,0.0,0.0,0.0
52852.51,0.8129817105074598,0.0,22194.0,37.0,0.21189999999921652,31.5625,32.375,36.870000000000005,0.0,0.0,0.0,0.0,0.0,20.0,0.3,0.1,0.2,0.1,0.4,0.1,0.1,0.1,0.5,0.0,65535.0,0.12402532997634852,0.0,55942.0,0.0890743984841443,0.0,0.0,0.0,0.0,0.0,0.0,0.0,0.0,0.0,0.0
52912.55,0.8946185330683452,0.0,22194.0,37.0,0.2001999999992155,31.5625,32.375,36.97000000000003,0.0,0.0,0.0,0.0,0.0,20.0,0.3,0.1,0.2,0.1,0.4,0.1,0.1,0.1,0.5,0.0,65535.0,0.12318608377203022,0.0,55705.0,0.08930975675433085,0.0,0.0,0.0,0.0,0.0,0.0,0.0,0.0,0.0,0.0
52972.63,0.8842637539239886,0.0,22194.0,37.0,0.1521999999992131,31.5625,32.3125,36.870000000000005,0.0,0.0,0.0,0.0,0.0,20.0,0.3,0.1,0.2,0.1,0.4,0.1,0.1,0.1,0.5,0.0,65535.0,0.12397955291065843,0.0,55354.0,0.089821873757994,0.0,0.0,0.0,0.0,0.0,0.0,0.0,0.0,0.0,0.0
53032.71,0.8853999286305184,0.0,22194.0,37.0,0.17659999999920342,31.5625,32.3125,36.77000000000004,0.0,0.0,0.0,0.0,0.0,20.0,0.3,0.1,0.2,0.1,0.4,0.1,0.1,0.1,0.5,0.0,65535.0,0.1232928969253071,0.0,55889.0,0.08912308325430765,0.0,0.0,0.0,0.0,0.0,0.0,0.0,0.0,0.0,0.0
53092.78,0.8978590737023734,0.0,22194.0,37.0,0.1841999999992073,31.5625,32.3125,36.93000000000001,0.0,0.0,0.0,0.0,0.0,20.0,0.3,0.1,0.2,0.1,0.4,0.1,0.1,0.1,0.5,0.0,65535.0,0.12359807736324102,0.0,55892.0,0.08922564946682889,0.0,0.0,0.0,0.0,0.0,0.0,0.0,0.0,0.0,0.0
53152.85,0.8850745145850459,0.0,22194.0,37.0,0.16629999999921108,31.5625,32.3125,36.97000000000003,0.0,0.0,0.0,0.0,0.0,20.0,0.3,0.1,0.2,0.1,0.4,0.1,0.1,0.1,0.5,0.0,65535.0,0.12417792019531548,0.0,56246.0,0.08903744266258934,0.0,0.0,0.0,0.0,0.0,0.0,0.0,0.0,0.0,0.0
53212.93,0.8605766778924027,0.0,22194.0,37.0,0.14239999999919928,31.5625,32.375,37.01000000000005,0.0,0.0,0.0,0.0,0.0,20.0,0.3,0.1,0.2,0.1,0.4,0.1,0.1,0.1,0.5,0.0,65535.0,0.12465094987411307,0.0,56580.0,0.0888299752562743,0.0,0.0,0.0,0.0,0.0,0.0,0.0,0.0,0.0,0.0
53272.97,0.863745511252411,0.0,22194.0,37.0,0.163899999999209,31.5,32.375,36.79000000000002,0.0,0.0,0.0,0.0,0.0,20.0,0.3,0.1,0.2,0.1,0.4,0.1,0.1,0.1,0.5,0.0,65535.0,0.12442206454566263,0.0,55498.0,0.08993116869076363,0.0,0.0,0.0,0.0,0.0,0.0,0.0,0.0,0.0,0.0
53333.01,0.832042888357964,0.0,22194.0,37.0,0.16419999999920873,31.5625,32.375,36.93000000000001,0.0,0.0,0.0,0.0,0.0,20.0,0.3,0.1,0.2,0.1,0.4,0.1,0.1,0.1,0.5,0.0,65535.0,0.12513923857480735,0.0,56064.0,0.0893978310502283,0.0,0.0,0.0,0.0,0.0,0.0,0.0,0.0,0.0,0.0
53393.06,0.8294448549232132,0.0,22194.0,37.0,0.21219999999921024,31.5625,32.375,36.710000000000036,0.0,0.0,0.0,0.0,0.0,20.0,0.3,0.1,0.2,0.1,0.4,0.1,0.1,0.1,0.5,0.0,65535.0,0.12422369726100557,0.0,55512.0,0.08994451650093674,0.0,0.0,0.0,0.0,0.0,0.0,0.0,0.0,0.0,0.0
53453.09,0.8901657346877281,0.0,22194.0,37.0,0.14599999999919683,31.5625,32.375,36.77000000000004,0.0,0.0,0.0,0.0,0.0,20.0,0.3,0.1,0.2,0.1,0.4,0.1,0.1,0.1,0.5,0.0,65535.0,0.1245136186770428,0.0,55656.0,0.08994537875521058,0.0,0.0,0.0,0.0,0.0,0.0,0.0,0.0,0.0,0.0
53513.13,0.8756880539324486,0.0,22194.0,37.0,0.12409999999919485,31.5625,32.375,36.950000000000045,0.0,0.0,0.0,0.0,0.0,20.0,0.3,0.1,0.2,0.1,0.4,0.1,0.1,0.1,0.5,0.0,65535.0,0.12501716639963378,0.0,55708.0,0.09000502620808501,0.0,0.0,0.0,0.0,0.0,0.0,0.0,0.0,0.0,0.0
53573.17,0.8881412754921326,0.0,22194.0,37.0,0.22629999999920736,31.5625,32.3125,36.73000000000002,0.0,0.0,0.0,0.0,0.0,20.0,0.3,0.1,0.2,0.1,0.4,0.1,0.1,0.1,0.5,0.0,65535.0,0.12503242542153048,0.0,55907.0,0.08961310748206844,0.0,0.0,0.0,0.0,0.0,0.0,0.0,0.0,0.0,0.0
53633.22,0.8800676448887192,0.0,22194.0,37.0,0.22049999999920183,31.5625,32.375,36.93000000000001,0.0,0.0,0.0,0.0,0.0,20.0,0.3,0.1,0.2,0.1,0.4,0.1,0.1,0.1,0.5,0.0,65535.0,0.12481879911497673,0.0,55864.0,0.0898789918373192,0.0,0.0,0.0,0.0,0.0,0.0,0.0,0.0,0.0,0.0
53693.28,0.8540996201843208,0.0,22194.0,37.0,0.11309999999919662,31.5625,32.375,37.09000000000003,0.0,0.0,0.0,0.0,0.0,20.0,0.3,0.1,0.2,0.1,0.4,0.1,0.1,0.1,0.5,0.0,65535.0,0.12457465476462959,0.0,55959.0,0.08970853660715881,0.0,0.0,0.0,0.0,0.0,0.0,0.0,0.0,0.0,0.0
53753.36,0.8973667290168393,0.0,22194.0,37.0,0.15189999999920226,31.5625,32.375,36.950000000000045,0.0,0.0,0.0,0.0,0.0,20.0,0.3,0.1,0.2,0.1,0.4,0.1,0.1,0.1,0.5,0.0,65535.0,0.12547493705653467,0.0,55731.0,0.09002171143528737,0.0,0.0,0.0,0.0,0.0,0.0,0.0,0.0,0.0,0.0
53813.43,0.8909790970047384,0.0,22194.0,37.0,0.16959999999920208,31.5,32.3125,36.89000000000004,0.0,0.0,0.0,0.0,0.0,20.0,0.3,0.1,0.2,0.1,0.4,0.1,0.1,0.1,0.5,0.0,65535.0,0.12484931715877012,0.0,55623.0,0.0903583050177085,0.0,0.0,0.0,0.0,0.0,0.0,0.0,0.0,0.0,0.0
53873.5,0.8321413901934802,0.0,22194.0,37.0,0.13929999999920037,31.625,32.375,37.110000000000014,0.0,0.0,0.0,0.0,0.0,20.0,0.3,0.1,0.2,0.1,0.4,0.1,0.1,0.1,0.5,0.0,65535.0,0.12504768444342718,0.0,55811.0,0.09028686101306194,0.0,0.0,0.0,0.0,0.0,0.0,0.0,0.0,0.0,0.0
53933.58,0.826055148665221,0.0,22194.0,37.0,0.15539999999919565,31.5625,32.375,37.05000000000001,0.0,0.0,0.0,0.0,0.0,20.0,0.3,0.1,0.2,0.1,0.4,0.1,0.1,0.1,0.5,0.0,65535.0,0.12545967803463798,0.0,55958.0,0.09004968011723077,0.0,0.0,0.0,0.0,0.0,0.0,0.0,0.0,0.0,0.0
53993.62,0.8942934340924246,0.0,22194.0,37.0,0.18419999999919617,31.5625,32.3125,36.77000000000004,0.0,0.0,0.0,0.0,0.0,20.0,0.3,0.1,0.2,0.1,0.4,0.1,0.1,0.1,0.5,0.0,65535.0,0.12567330434119173,0.0,56214.0,0.08987085067776711,0.0,0.0,0.0,0.0,0.0,0.0,0.0,0.0,0.0,0.0
54053.67,0.8830142430505148,0.0,22194.0,37.0,0.15329999999919414,31.5625,32.375,36.710000000000036,0.0,0.0,0.0,0.0,0.0,20.0,0.3,0.1,0.2,0.1,0.4,0.1,0.1,0.1,0.5,0.0,65535.0,0.1265735866330968,0.0,56224.0,0.090121656232214,0.0,0.0,0.0,0.0,0.0,0.0,0.0,0.0,0.0,0.0
54113.71,0.8213357590788555,0.0,22194.0,37.0,0.18889999999918933,31.5625,32.375,37.05000000000001,0.0,0.0,0.0,0.0,0.0,20.0,0.3,0.1,0.2,0.1,0.4,0.1,0.1,0.1,0.5,0.0,65535.0,0.12603952086671244,0.0,56193.0,0.09015357784777464,0.0,0.0,0.0,0.0,0.0,0.0,0.0,0.0,0.0,0.0
54173.75,0.8230224168488219,0.0,22194.0,37.0,0.163899999999197,31.5,32.3125,36.93000000000001,0.0,0.0,0.0,0.0,0.0,20.0,0.3,0.1,0.2,0.1,0.4,0.1,0.1,0.1,0.5,0.0,65535.0,0.12635996032654306,0.0,56342.0,0.09012814596570942,0.0,0.0,0.0,0.0,0.0,0.0,0.0,0.0,0.0,0.0
54233.8,0.8997585910038399,0.0,22194.0,37.0,0.1459999999991857,31.5,32.3125,36.81,0.0,0.0,0.0,0.0,0.0,20.0,0.3,0.1,0.2,0.1,0.4,0.1,0.1,0.1,0.5,0.0,65535.0,0.1261921110856794,0.0,55792.0,0.09083739604244336,0.0,0.0,0.0,0.0,0.0,0.0,0.0,0.0,0.0,0.0
54293.84,0.9108430313385012,0.0,22194.0,37.0,0.19539999999919674,31.5625,32.375,37.190000000000055,0.0,0.0,0.0,0.0,0.0,20.0,0.3,0.1,0.2,0.1,0.4,0.1,0.1,0.1,0.5,0.0,65535.0,0.12613107499809262,0.0,56099.0,0.09032246564109878,0.0,0.0,0.0,0.0,0.0,0.0,0.0,0.0,0.0,0.0
54353.91,0.8223706481163455,0.0,22194.0,37.0,0.18059999999919088,31.5625,32.375,36.89000000000004,0.0,0.0,0.0,0.0,0.0,20.0,0.3,0.1,0.2,0.1,0.4,0.1,0.1,0.1,0.5,0.0,65535.0,0.12607003891050583,0.0,56066.0,0.09048264545357257,0.0,0.0,0.0,0.0,0.0,0.0,0.0,0.0,0.0,0.0
54413.99,0.8789633653685883,0.0,22194.0,37.0,0.21119999999919148,31.5,32.375,36.77000000000004,0.0,0.0,0.0,0.0,0.0,20.0,0.3,0.1,0.2,0.1,0.4,0.1,0.1,0.1,0.5,0.0,65535.0,0.1270313572899977,0.0,56832.0,0.08994932432432433,0.0,0.0,0.0,0.0,0.0,0.0,0.0,0.0,0.0,0.0
54474.06,0.8309924511373359,0.0,22194.0,37.0,0.168899999999189,31.5625,32.375,36.870000000000005,0.0,0.0,0.0,0.0,0.0,20.0,0.3,0.1,0.2,0.1,0.4,0.1,0.1,0.1,0.5,0.0,65535.0,0.12692454413672083,0.0,57097.0,0.08953184930907053,0.0,0.0,0.0,0.0,0.0,0.0,0.0,0.0,0.0,0.0
54534.16,0.8213417442000812,0.0,22194.0,37.0,0.19599999999919446,31.5625,32.3125,36.950000000000045,0.0,0.0,0.0,0.0,0.0,20.0,0.3,0.1,0.2,0.1,0.4,0.1,0.1,0.1,0.5,0.0,65535.0,0.12684824902723735,0.0,56314.0,0.09033277692936037,0.0,0.0,0.0,0.0,0.0,0.0,0.0,0.0,0.0,0.0
54594.22,0.8371687675067504,0.0,22194.0,37.0,0.19779999999919365,31.5625,32.3125,36.81,0.0,0.0,0.0,0.0,0.0,20.0,0.3,0.1,0.2,0.1,0.4,0.1,0.1,0.1,0.5,0.0,65535.0,0.12634470130464637,0.0,56466.0,0.09014274076435377,0.0,0.0,0.0,0.0,0.0,0.0,0.0,0.0,0.0,0.0
54654.3,0.8251821352534482,0.0,22194.0,37.0,0.1759999999991825,31.5,32.3125,36.89000000000004,0.0,0.0,0.0,0.0,0.0,20.0,0.3,0.1,0.2,0.1,0.4,0.1,0.1,0.1,0.5,0.0,65535.0,0.12680247196154726,0.0,55928.0,0.0909919897010442,0.0,0.0,0.0,0.0,0.0,0.0,0.0,0.0,0.0,0.0
54714.35,0.8551289600178029,0.0,22194.0,37.0,0.2062999999991825,31.5625,32.3125,36.950000000000045,0.0,0.0,0.0,0.0,0.0,20.0,0.3,0.1,0.2,0.1,0.4,0.1,0.1,0.1,0.5,0.0,65535.0,0.12726024261844815,0.0,55582.0,0.09143247814040517,0.0,0.0,0.0,0.0,0.0,0.0,0.0,0.0,0.0,0.0
54774.43,0.8992959142545398,0.0,22194.0,37.0,0.17069999999918475,31.5,32.3125,36.89000000000004,0.0,0.0,0.0,0.0,0.0,20.0,0.3,0.1,0.2,0.1,0.4,0.1,0.1,0.1,0.5,0.0,65535.0,0.12712291142137788,0.0,56103.0,0.09097552715541059,0.0,0.0,0.0,0.0,0.0,0.0,0.0,0.0,0.0,0.0
54834.5,0.8949676283109107,0.0,22194.0,37.0,0.13099999999917736,31.5,32.375,36.89000000000004,0.0,0.0,0.0,0.0,0.0,20.0,0.3,0.1,0.2,0.1,0.4,0.1,0.1,0.1,0.5,0.0,65535.0,0.1274128328374151,0.0,56196.0,0.09082496974873656,0.0,0.0,0.0,0.0,0.0,0.0,0.0,0.0,0.0,0.0
54894.55,0.881320549196536,0.0,22194.0,37.0,0.10679999999918005,31.5625,32.3125,36.950000000000045,0.0,0.0,0.0,0.0,0.0,20.0,0.3,0.1,0.2,0.1,0.4,0.1,0.1,0.1,0.5,0.0,65535.0,0.12762645914396886,0.0,55895.0,0.09117094552285536,0.0,0.0,0.0,0.0,0.0,0.0,0.0,0.0,0.0,0.0
54954.61,0.9046074082743639,0.0,22194.0,37.0,0.20329999999917756,31.5,32.375,36.710000000000036,0.0,0.0,0.0,0.0,0.0,20.0,0.3,0.1,0.2,0.1,0.4,0.1,0.1,0.1,0.5,0.0,65535.0,0.1282673380636301,0.0,56248.0,0.09111435073247048,0.0,0.0,0.0,0.0,0.0,0.0,0.0,0.0,0.0,0.0
55014.65,0.8359076182658733,0.0,22194.0,37.0,0.16449999999918527,31.5,32.3125,37.170000000000016,0.0,0.0,0.0,0.0,0.0,20.0,0.3,0.1,0.2,0.1,0.4,0.1,0.1,0.1,0.5,0.0,65535.0,0.12756542305638208,0.0,57136.0,0.09011831419770372,0.0,0.0,0.0,0.0,0.0,0.0,0.0,0.0,0.0,0.0
55074.69,0.9122060724627739,0.0,22194.0,37.0,0.1953999999991856,31.625,32.375,36.79000000000002,0.0,0.0,0.0,0.0,0.0,20.0,0.3,0.1,0.2,0.1,0.4,0.1,0.1,0.1,0.5,0.0,65535.0,0.12797741664759288,0.0,56005.0,0.09140255334345147,0.0,0.0,0.0,0.0,0.0,0.0,0.0,0.0,0.0,0.0
55134.74,0.8496901904219545,0.0,22194.0,37.0,0.21399999999918543,31.5625,32.3125,36.89000000000004,0.0,0.0,0.0,0.0,0.0,20.0,0.3,0.1,0.2,0.1,0.4,0.1,0.1,0.1,0.5,0.0,65535.0,0.12813000686655984,0.0,55932.0,0.0914860902524494,0.0,0.0,0.0,0.0,0.0,0.0,0.0,0.0,0.0,0.0
55194.81,0.9075187080258378,0.0,22194.0,37.0,0.20929999999917462,31.5625,32.375,36.93000000000001,0.0,0.0,0.0,0.0,0.0,20.0,0.3,0.1,0.2,0.1,0.4,0.1,0.1,0.1,0.5,0.0,65535.0,0.12887769893949796,0.0,56836.0,0.09045323386585967,0.0,0.0,0.0,0.0,0.0,0.0,0.0,0.0,0.0,0.0
55254.88,0.8303286275652461,0.0,22194.0,37.0,0.18809999999917798,31.5625,32.3125,36.97000000000003,0.0,0.0,0.0,0.0,0.0,20.0,0.3,0.1,0.2,0.1,0.4,0.1,0.1,0.1,0.5,0.0,65535.0,0.12837415121690698,0.0,56756.0,0.09065120868278244,0.0,0.0,0.0,0.0,0.0,0.0,0.0,0.0,0.0,0.0
55314.95,0.886744987418406,0.0,22194.0,37.0,0.18839999999917686,31.5625,32.375,36.870000000000005,0.0,0.0,0.0,0.0,0.0,20.0,0.3,0.1,0.2,0.1,0.4,0.1,0.1,0.1,0.5,0.0,65535.0,0.12889295796139466,0.0,56020.0,0.09159228846840414,0.0,0.0,0.0,0.0,0.0,0.0,0.0,0.0,0.0,0.0
55375.03,0.8435360776118095,0.0,22194.0,37.0,0.13039999999916851,31.625,32.375,36.870000000000005,0.0,0.0,0.0,0.0,0.0,20.0,0.3,0.1,0.2,0.1,0.4,0.1,0.1,0.1,0.5,0.0,65535.0,0.12977798123140308,0.0,56694.0,0.09082089815500759,0.0,0.0,0.0,0.0,0.0,0.0,0.0,0.0,0.0,0.0
55435.1,0.8976230581388365,0.0,22194.0,37.0,0.19309999999917002,31.5,32.375,37.01000000000005,0.0,0.0,0.0,0.0,0.0,20.0,0.3,0.1,0.2,0.1,0.4,0.1,0.1,0.1,0.5,0.0,65535.0,0.12901503013656826,0.0,56089.0,0.09160441441280821,0.0,0.0,0.0,0.0,0.0,0.0,0.0,0.0,0.0,0.0
55495.17,0.8361564619842269,0.0,22194.0,37.0,0.1306999999991665,31.5625,32.3125,36.97000000000003,0.0,0.0,0.0,0.0,0.0,20.0,0.3,0.1,0.2,0.1,0.4,0.1,0.1,0.1,0.5,0.0,65535.0,0.12816052491035324,0.0,56643.0,0.09107921543703547,0.0,0.0,0.0,0.0,0.0,0.0,0.0,0.0,0.0,0.0
55555.25,0.8906051475441875,0.0,22194.0,37.0,0.08529999999917343,31.5625,32.375,37.170000000000016,0.0,0.0,0.0,0.0,0.0,20.0,0.3,0.1,0.2,0.1,0.4,0.1,0.1,0.1,0.5,0.0,65535.0,0.13031204699778745,0.0,56318.0,0.09164032813665259,0.0,0.0,0.0,0.0,0.0,0.0,0.0,0.0,0.0,0.0
55615.32,0.8959202531005522,0.0,22194.0,37.0,0.18709999999916693,31.5,32.3125,36.950000000000045,0.0,0.0,0.0,0.0,0.0,20.0,0.3,0.1,0.2,0.1,0.4,0.1,0.1,0.1,0.5,0.0,65535.0,0.1296711680781262,0.0,56522.0,0.09153957750964227,0.0,0.0,0.0,0.0,0.0,0.0,0.0,0.0,0.0,0.0
55675.39,0.8353341465651096,0.0,22194.0,37.0,0.18949999999916559,31.5,32.375,36.89000000000004,0.0,0.0,0.0,0.0,0.0,20.0,0.3,0.1,0.2,0.1,0.4,0.1,0.1,0.1,0.5,0.0,65535.0,0.1292896925307088,0.0,56872.0,0.0910641440427627,0.0,0.0,0.0,0.0,0.0,0.0,0.0,0.0,0.0,0.0
55735.47,0.8389676103482135,0.0,22194.0,37.0,0.1632999999991735,31.5625,32.375,36.81,0.0,0.0,0.0,0.0,0.0,20.0,0.3,0.1,0.2,0.1,0.4,0.1,0.1,0.1,0.5,0.0,65535.0,0.12982375829709317,0.0,56554.0,0.09138168829790996,0.0,0.0,0.0,0.0,0.0,0.0,0.0,0.0,0.0,0.0
55795.55,0.8301254679587509,0.0,22194.0,37.0,0.15299999999916777,31.5625,32.375,36.950000000000045,0.0,0.0,0.0,0.0,0.0,20.0,0.3,0.1,0.2,0.1,0.4,0.1,0.1,0.1,0.5,0.0,65535.0,0.13003738460364692,0.0,56441.0,0.09154692510763453,0.0,0.0,0.0,0.0,0.0,0.0,0.0,0.0,0.0,0.0
55855.62,0.8796246279546501,0.0,22194.0,37.0,0.19599999999917384,31.5,32.375,36.89000000000004,0.0,0.0,0.0,0.0,0.0,20.0,0.3,0.1,0.2,0.1,0.4,0.1,0.1,0.1,0.5,0.0,65535.0,0.12898451209277487,0.0,56777.0,0.09133980308927911,0.0,0.0,0.0,0.0,0.0,0.0,0.0,0.0,0.0,0.0
55915.66,0.8368253531472902,0.0,22194.0,37.0,0.2062999999991636,31.5,32.3125,36.77000000000004,0.0,0.0,0.0,0.0,0.0,20.0,0.3,0.1,0.2,0.1,0.4,0.1,0.1,0.1,0.5,0.0,65535.0,0.12918287937743192,0.0,55831.0,0.09240386165391987,0.0,0.0,0.0,0.0,0.0,0.0,0.0,0.0,0.0,0.0
55975.73,0.859658965139847,0.0,22194.0,37.0,0.1959999999991721,31.5625,32.375,36.93000000000001,0.0,0.0,0.0,0.0,0.0,20.0,0.3,0.1,0.2,0.1,0.4,0.1,0.1,0.1,0.5,0.0,65535.0,0.13017471580071718,0.0,56268.0,0.09191725314566006,0.0,0.0,0.0,0.0,0.0,0.0,0.0,0.0,0.0,0.0
56035.79,0.8530196060321238,0.0,22194.0,37.0,0.13449999999916945,31.5625,32.375,36.77000000000004,0.0,0.0,0.0,0.0,0.0,20.0,0.3,0.1,0.2,0.1,0.4,0.1,0.1,0.1,0.5,0.0,65535.0,0.12919813839932862,0.0,56196.0,0.09214178945120649,0.0,0.0,0.0,0.0,0.0,0.0,0.0,0.0,0.0,0.0
56095.83,0.9148894882554143,0.0,22194.0,37.0,0.19419999999917112,31.5,32.375,36.81,0.0,0.0,0.0,0.0,0.0,20.0,0.3,0.1,0.2,0.1,0.4,0.1,0.1,0.1,0.5,0.0,65535.0,0.13017471580071718,0.0,57272.0,0.09130115937980166,0.0,0.0,0.0,0.0,0.0,0.0,0.0,0.0,0.0,0.0
56155.91,0.8994276631732235,0.0,22194.0,37.0,0.1891999999991606,31.5,32.375,36.89000000000004,0.0,0.0,0.0,0.0,0.0,20.0,0.3,0.1,0.2,0.1,0.4,0.1,0.1,0.1,0.5,0.0,65535.0,0.13038834210727093,0.0,56234.0,0.09227513603869546,0.0,0.0,0.0,0.0,0.0,0.0,0.0,0.0,0.0,0.0
56215.98,0.8302669026742405,0.0,22194.0,37.0,0.21569999999916578,31.5,32.3125,36.79000000000002,0.0,0.0,0.0,0.0,0.0,20.0,0.3,0.1,0.2,0.1,0.4,0.1,0.1,0.1,0.5,0.0,65535.0,0.1305409323262379,0.0,56773.0,0.091874658728621,0.0,0.0,0.0,0.0,0.0,0.0,0.0,0.0,0.0,0.0
56276.05,0.8303989721174432,0.0,22194.0,37.0,0.23049999999917078,31.5625,32.3125,36.950000000000045,0.0,0.0,0.0,0.0,0.0,20.0,0.3,0.1,0.2,0.1,0.4,0.1,0.1,0.1,0.5,0.0,65535.0,0.13046463721675441,0.0,56761.0,0.09194693539578232,0.0,0.0,0.0,0.0,0.0,0.0,0.0,0.0,0.0,0.0
56336.08,0.8889475140298284,0.0,22194.0,37.0,0.16139999999916257,31.5,32.3125,37.170000000000016,0.0,0.0,0.0,0.0,0.0,20.0,0.3,0.1,0.2,0.1,0.4,0.1,0.1,0.1,0.5,0.0,65535.0,0.1301594567788205,0.0,56362.0,0.0919768638444342,0.0,0.0,0.0,0.0,0.0,0.0,0.0,0.0,0.0,0.0
56396.16,0.8817897899192216,0.0,22194.0,37.0,0.18779999999916272,31.625,32.3125,36.93000000000001,0.0,0.0,0.0,0.0,0.0,20.0,0.3,0.1,0.2,0.1,0.4,0.1,0.1,0.1,0.5,0.0,65535.0,0.1309987029831388,0.0,56303.0,0.09253503365717634,0.0,0.0,0.0,0.0,0.0,0.0,0.0,0.0,0.0,0.0
56456.24,0.9093915135789253,0.0,22194.0,37.0,0.18629999999916153,31.5625,32.3125,36.97000000000003,0.0,0.0,0.0,0.0,0.0,20.0,0.3,0.1,0.2,0.1,0.4,0.1,0.1,0.1,0.5,0.0,65535.0,0.13087663080796522,0.0,56313.0,0.0925718750554934,0.0,0.0,0.0,0.0,0.0,0.0,0.0,0.0,0.0,0.0
56516.3,0.8691422832439138,0.0,22194.0,37.0,0.13179999999916334,31.5,32.375,36.89000000000004,0.0,0.0,0.0,0.0,0.0,20.0,0.3,0.1,0.2,0.1,0.4,0.1,0.1,0.1,0.5,0.0,65535.0,0.13209735255970093,0.0,56259.0,0.09276737944151157,0.0,0.0,0.0,0.0,0.0,0.0,0.0,0.0,0.0,0.0
56576.35,0.861585790481277,0.0,22194.0,37.0,0.16909999999915443,31.5625,32.375,36.79000000000002,0.0,0.0,0.0,0.0,0.0,20.0,0.3,0.1,0.2,0.1,0.4,0.1,0.1,0.1,0.5,0.0,65535.0,0.13069352254520486,0.0,57456.0,0.09158312447786132,0.0,0.0,0.0,0.0,0.0,0.0,0.0,0.0,0.0,0.0
56636.42,0.9113660138740577,0.0,22194.0,37.0,0.1858999999991542,31.5,32.375,37.110000000000014,0.0,0.0,0.0,0.0,0.0,20.0,0.3,0.1,0.2,0.1,0.4,0.1,0.1,0.1,0.5,0.0,65535.0,0.1317616540779736,0.0,55896.0,0.09319092600543867,0.0,0.0,0.0,0.0,0.0,0.0,0.0,0.0,0.0,0.0
56696.47,0.8684023774625418,0.0,22194.0,37.0,0.19179999999916303,31.5,32.375,36.77000000000004,0.0,0.0,0.0,0.0,0.0,20.0,0.3,0.1,0.2,0.1,0.4,0.1,0.1,0.1,0.5,0.0,65535.0,0.13162432288090334,0.0,57272.0,0.09185989663360805,0.0,0.0,0.0,0.0,0.0,0.0,0.0,0.0,0.0,0.0
56756.52,0.8948055659250052,0.0,22194.0,37.0,0.2053999999991532,31.5625,32.375,36.89000000000004,0.0,0.0,0.0,0.0,0.0,20.0,0.3,0.1,0.2,0.1,0.4,0.1,0.1,0.1,0.5,0.0,65535.0,0.13124284733348593,0.0,57010.0,0.09217681108577443,0.0,0.0,0.0,0.0,0.0,0.0,0.0,0.0,0.0,0.0
56816.56,0.8425672879246555,0.0,22194.0,37.0,0.19099999999915124,31.5,32.375,36.89000000000004,0.0,0.0,0.0,0.0,0.0,20.0,0.3,0.1,0.2,0.1,0.4,0.1,0.1,0.1,0.5,0.0,65535.0,0.13202105745021744,0.0,56182.0,0.0930725143284326,0.0,0.0,0.0,0.0,0.0,0.0,0.0,0.0,0.0,0.0
56876.61,0.8691539677399904,0.0,22194.0,37.0,0.1919999999991546,31.5,32.375,36.950000000000045,0.0,0.0,0.0,0.0,0.0,20.0,0.3,0.1,0.2,0.1,0.4,0.1,0.1,0.1,0.5,0.0,65535.0,0.13159380483710995,0.0,57290.0,0.09191831035084656,0.0,0.0,0.0,0.0,0.0,0.0,0.0,0.0,0.0,0.0
56936.65,0.8510357875838162,0.0,22194.0,37.0,0.13219999999914617,31.5625,32.3125,36.89000000000004,0.0,0.0,0.0,0.0,0.0,20.0,0.3,0.1,0.2,0.1,0.4,0.1,0.1,0.1,0.5,0.0,65535.0,0.13156328679331655,0.0,56733.0,0.09238009624028343,0.0,0.0,0.0,0.0,0.0,0.0,0.0,0.0,0.0,0.0
56996.69,0.8721349726796814,0.0,22194.0,37.0,0.1491999999991557,31.5625,32.3125,36.97000000000003,0.0,0.0,0.0,0.0,0.0,20.0,0.3,0.1,0.2,0.1,0.4,0.1,0.1,0.1,0.5,0.0,65535.0,0.13162432288090334,0.0,56961.0,0.09260722248556029,0.0,0.0,0.0,0.0,0.0,0.0,0.0,0.0,0.0,0.0
57056.73,0.8443345650254128,0.0,22194.0,37.0,0.16919999999915086,31.5625,32.375,36.870000000000005,0.0,0.0,0.0,0.0,0.0,20.0,0.3,0.1,0.2,0.1,0.4,0.1,0.1,0.1,0.5,0.0,65535.0,0.13200579842832075,0.0,56989.0,0.09257926968362315,0.0,0.0,0.0,0.0,0.0,0.0,0.0,0.0,0.0,0.0
57116.76,0.8337781759734839,0.0,22194.0,37.0,0.2065999999991461,31.5625,32.375,36.97000000000003,0.0,0.0,0.0,0.0,0.0,20.0,0.3,0.1,0.2,0.1,0.4,0.1,0.1,0.1,0.5,0.0,65535.0,0.13189898527504387,0.0,56823.0,0.092814529327913,0.0,0.0,0.0,0.0,0.0,0.0,0.0,0.0,0.0,0.0
57176.79,0.870687027901067,0.0,22194.0,37.0,0.13389999999915198,31.5625,32.3125,36.97000000000003,0.0,0.0,0.0,0.0,0.0,20.0,0.3,0.1,0.2,0.1,0.4,0.1,0.1,0.1,0.5,0.0,65535.0,0.13249408712901503,0.0,57046.0,0.09262700276969463,0.0,0.0,0.0,0.0,0.0,0.0,0.0,0.0,0.0,0.0
57236.87,0.837789577180156,0.0,22194.0,37.0,0.19069999999914378,31.5625,32.375,36.950000000000045,0.0,0.0,0.0,0.0,0.0,20.0,0.3,0.1,0.2,0.1,0.4,0.1,0.1,0.1,0.5,0.0,65535.0,0.13244831006332494,0.0,56504.0,0.09319694180942942,0.0,0.0,0.0,0.0,0.0,0.0,0.0,0.0,0.0,0.0
57296.92,0.8631596848292833,0.0,22194.0,37.0,0.18689999999914722,31.5,32.375,36.93000000000001,0.0,0.0,0.0,0.0,0.0,20.0,0.3,0.1,0.2,0.1,0.4,0.1,0.1,0.1,0.5,0.0,65535.0,0.13232623788815137,0.0,56669.0,0.09304910974254,0.0,0.0,0.0,0.0,0.0,0.0,0.0,0.0,0.0,0.0
57356.96,0.8978978065943441,0.0,22194.0,37.0,0.14059999999913989,31.5625,32.375,37.03000000000003,0.0,0.0,0.0,0.0,0.0,20.0,0.3,0.1,0.2,0.1,0.4,0.1,0.1,0.1,0.5,0.0,65535.0,0.13289082169832914,0.0,56931.0,0.0929370641653932,0.0,0.0,0.0,0.0,0.0,0.0,0.0,0.0,0.0,0.0
57417.01,0.8477987082543514,0.0,22194.0,37.0,0.18859999999914057,31.5625,32.3125,36.53000000000003,0.0,0.0,0.0,0.0,0.0,20.0,0.3,0.1,0.2,0.1,0.4,0.1,0.1,0.1,0.5,0.0,65535.0,0.1338368810559243,0.0,56957.0,0.09314043927875415,0.0,0.0,0.0,0.0,0.0,0.0,0.0,0.0,0.0,0.0
57477.09,0.886253032561096,0.0,22194.0,37.0,0.184799999999144,31.5,32.4375,36.97000000000003,0.0,0.0,0.0,0.0,0.0,20.0,0.3,0.1,0.2,0.1,0.4,0.1,0.1,0.1,0.5,0.0,65535.0,0.13331807431143664,0.0,57417.0,0.092394238640124,0.0,0.0,0.0,0.0,0.0,0.0,0.0,0.0,0.0,0.0
57537.13,0.8408010509118763,0.0,22194.0,37.0,0.20749999999913926,31.5,32.3125,36.85000000000002,0.0,0.0,0.0,0.0,0.0,20.0,0.3,0.1,0.2,0.1,0.4,0.1,0.1,0.1,0.5,0.0,65535.0,0.1338979171435111,0.0,57129.0,0.09298254826795498,0.0,0.0,0.0,0.0,0.0,0.0,0.0,0.0,0.0,0.0
57597.2,0.9164708807428816,0.0,22194.0,37.0,0.18869999999914214,31.5,32.375,36.93000000000001,0.0,0.0,0.0,0.0,0.0,20.0,0.3,0.1,0.2,0.1,0.4,0.1,0.1,0.1,0.5,0.0,65535.0,0.1326771953917754,0.0,56951.0,0.09288686765816229,0.0,0.0,0.0,0.0,0.0,0.0,0.0,0.0,0.0,0.0
57657.26,0.8739467100043301,0.0,22194.0,37.0,0.1768999999991361,31.5625,32.375,36.97000000000003,0.0,0.0,0.0,0.0,0.0,20.0,0.3,0.1,0.2,0.1,0.4,0.1,0.1,0.1,0.5,0.0,65535.0,0.13363851377126726,0.0,56777.0,0.09334765838279585,0.0,0.0,0.0,0.0,0.0,0.0,0.0,0.0,0.0,0.0
57717.33,0.8717471845512748,0.0,22194.0,37.0,0.21249999999914634,31.5625,32.375,36.870000000000005,0.0,0.0048,0.25,0.0,0.0,20.0,0.3,0.1,0.2,0.1,0.4,0.1,0.1,0.1,0.5,0.0,65535.0,0.13324177920195315,0.0,57774.0,0.09229064977325441,0.0,0.0,0.0,0.0,0.0,0.0,0.0,0.0,0.0,0.0
57777.39,0.8516801333959811,0.0,22194.0,37.0,0.28149999999913305,31.5,32.4375,36.79000000000002,0.0,0.0,0.0,0.0,0.0,20.0,0.3,0.1,0.2,0.1,0.4,0.1,0.1,0.1,0.5,0.0,65535.0,0.13081559472037843,0.0,55591.0,0.09332445899516109,0.0,0.0,0.0,0.0,0.0,0.0,0.0,0.0,0.0,0.0
57837.43,0.8080541165114181,0.0,22194.0,37.0,0.21099999999914373,31.5,32.375,36.85000000000002,0.0,0.0,0.0,0.0,0.0,20.0,0.3,0.1,0.2,0.1,0.4,0.1,0.1,0.1,0.5,0.0,65535.0,0.13002212558175022,0.0,56020.0,0.09271688682613352,0.0,0.0,0.0,0.0,0.0,0.0,0.0,0.0,0.0,0.0
57897.51,0.8864987680735626,0.0,22194.0,37.0,0.18099999999914174,31.5625,32.375,36.81,0.0,0.0,0.0,0.0,0.0,20.0,0.3,0.1,0.2,0.1,0.4,0.1,0.1,0.1,0.5,0.0,65535.0,0.13003738460364692,0.0,55855.0,0.09293706919702802,0.0,0.0,0.0,0.0,0.0,0.0,0.0,0.0,0.0,0.0
57957.57,0.8236780856474026,0.0,22194.0,37.0,0.19009999999913177,31.5625,32.375,37.03000000000003,0.0,0.0,0.0,0.0,0.0,20.0,0.3,0.1,0.2,0.1,0.4,0.1,0.1,0.1,0.5,0.0,65535.0,0.1304798962386511,0.0,55744.0,0.0930683122847302,0.0,0.0,0.0,0.0,0.0,0.0,0.0,0.0,0.0,0.0
58017.64,0.8810641027531068,0.0,22194.0,37.0,0.19619999999913618,31.625,32.375,36.85000000000002,0.0,0.0,0.0,0.0,0.0,20.0,0.3,0.1,0.2,0.1,0.4,0.1,0.1,0.1,0.5,0.0,65535.0,0.13043411917296102,0.0,55947.0,0.0930702271792947,0.0,0.0,0.0,0.0,0.0,0.0,0.0,0.0,0.0,0.0
58077.68,0.8928091494240087,0.0,22194.0,37.0,0.13289999999913266,31.625,32.375,37.03000000000003,0.0,0.0,0.0,0.0,0.0,20.0,0.3,0.1,0.2,0.1,0.4,0.1,0.1,0.1,0.5,0.0,65535.0,0.1305256733043412,0.0,55562.0,0.09339116662467153,0.0,0.0,0.0,0.0,0.0,0.0,0.0,0.0,0.0,0.0
58137.72,0.8130417599885271,0.0,22194.0,37.0,0.1716999999991383,31.6875,32.375,36.81,0.0,0.0,0.0,0.0,0.0,20.0,0.3,0.1,0.2,0.1,0.4,0.1,0.1,0.1,0.5,0.0,65535.0,0.1309224078736553,0.0,55751.0,0.09330774335886352,0.0,0.0,0.0,0.0,0.0,0.0,0.0,0.0,0.0,0.0
58197.79,0.847801182460669,0.0,22194.0,37.0,0.15539999999913207,31.625,32.4375,37.110000000000014,0.0,0.0,0.0,0.0,0.0,20.0,0.3,0.1,0.2,0.1,0.4,0.1,0.1,0.1,0.5,0.0,65535.0,0.13148699168383307,0.0,56117.0,0.09303776039346366,0.0,0.0,0.0,0.0,0.0,0.0,0.0,0.0,0.0,0.0
58257.86,0.8470366242211805,0.0,22194.0,37.0,0.21459999999913848,31.625,32.4375,36.73000000000002,0.0,0.0,0.0,0.0,0.0,20.0,0.3,0.1,0.2,0.1,0.4,0.1,0.1,0.1,0.5,0.0,65535.0,0.13142595559624629,0.0,56106.0,0.09326988200905428,0.0,0.0,0.0,0.0,0.0,0.0,0.0,0.0,0.0,0.0
58317.94,0.8792065039168164,0.0,22194.0,37.0,0.22139999999913315,31.5625,32.375,36.93000000000001,0.0,0.0,0.0,0.0,0.0,20.0,0.3,0.1,0.2,0.1,0.4,0.1,0.1,0.1,0.5,0.0,65535.0,0.13171587701228352,0.0,55806.0,0.0935383292119127,0.0,0.0,0.0,0.0,0.0,0.0,0.0,0.0,0.0,0.0
58378.01,0.840481530442308,0.0,22194.0,37.0,0.15749999999913014,31.625,32.375,36.85000000000002,0.0,0.0,0.0,0.0,0.0,20.0,0.3,0.1,0.2,0.1,0.4,0.1,0.1,0.1,0.5,0.0,65535.0,0.13145647364003968,0.0,56074.0,0.09341227663444734,0.0,0.0,0.0,0.0,0.0,0.0,0.0,0.0,0.0,0.0
58438.08,0.8809327486556664,0.0,22194.0,37.0,0.23809999999912704,31.625,32.3125,36.89000000000004,0.0,0.0,0.0,0.0,0.0,20.0,0.3,0.1,0.2,0.1,0.4,0.1,0.1,0.1,0.5,0.0,65535.0,0.1321736476691844,0.0,55786.0,0.09373319470834976,0.0,0.0,0.0,0.0,0.0,0.0,0.0,0.0,0.0,0.0
58498.15,0.8693811777624496,0.0,22194.0,37.0,0.2125999999991252,31.5,32.375,36.93000000000001,0.0,0.0,0.0,0.0,0.0,20.0,0.3,0.1,0.2,0.1,0.4,0.1,0.1,0.1,0.5,0.0,65535.0,0.1317463950560769,0.0,56093.0,0.09323801543864653,0.0,0.0,0.0,0.0,0.0,0.0,0.0,0.0,0.0,0.0
58558.21,0.8733343025991867,0.0,22194.0,37.0,0.1631999999991275,31.5625,32.375,36.97000000000003,0.0,0.0,0.0,0.0,0.0,20.0,0.3,0.1,0.2,0.1,0.4,0.1,0.1,0.1,0.5,0.0,65535.0,0.13171587701228352,0.0,55610.0,0.09381406221902536,0.0,0.0,0.0,0.0,0.0,0.0,0.0,0.0,0.0,0.0
58618.27,0.8216178012450986,0.0,22194.0,37.0,0.17279999999912699,31.625,32.375,37.09000000000003,0.0,0.0,0.0,0.0,0.0,20.0,0.3,0.1,0.2,0.1,0.4,0.1,0.1,0.1,0.5,0.0,65535.0,0.13191424429694057,0.0,56898.0,0.09253400822524517,0.0,0.0,0.0,0.0,0.0,0.0,0.0,0.0,0.0,0.0
58678.31,0.8102110335830242,0.0,22194.0,37.0,0.21339999999913267,31.5625,32.3125,37.01000000000005,0.0,0.0,0.0,0.0,0.0,20.0,0.3,0.1,0.2,0.1,0.4,0.1,0.1,0.1,0.5,0.0,65535.0,0.13241779201953155,0.0,55848.0,0.09380819366852887,0.0,0.0,0.0,0.0,0.0,0.0,0.0,0.0,0.0,0.0
58738.35,0.8474576662206652,0.0,22194.0,37.0,0.19129999999912092,31.5625,32.3125,36.870000000000005,0.0,0.0,0.0,0.0,0.0,20.0,0.3,0.1,0.2,0.1,0.4,0.1,0.1,0.1,0.5,0.0,65535.0,0.13253986419470512,0.0,55456.0,0.09429096941719561,0.0,0.0,0.0,0.0,0.0,0.0,0.0,0.0,0.0,0.0
58798.4,0.8263017076749501,0.0,22194.0,37.0,0.19009999999911945,31.5625,32.375,36.93000000000001,0.0,0.0,0.0,0.0,0.0,20.0,0.3,0.1,0.2,0.1,0.4,0.1,0.1,0.1,0.5,0.0,65535.0,0.13211261158159762,0.0,55769.0,0.09410245835500008,0.0,0.0,0.0,0.0,0.0,0.0,0.0,0.0,0.0,0.0
58858.44,0.892261806162871,0.0,22194.0,37.0,0.18949999999911826,31.5625,32.375,36.870000000000005,0.0,0.0,0.0,0.0,0.0,20.0,0.3,0.1,0.2,0.1,0.4,0.1,0.1,0.1,0.5,0.0,65535.0,0.1326314183260853,0.0,56142.0,0.09367318585016565,0.0,0.0,0.0,0.0,0.0,0.0,0.0,0.0,0.0,0.0
58918.49,0.8945655699348677,0.0,22194.0,37.0,0.20659999999911777,31.5625,32.375,36.950000000000045,0.0,0.0,0.0,0.0,0.0,20.0,0.3,0.1,0.2,0.1,0.4,0.1,0.1,0.1,0.5,0.0,65535.0,0.13250934615091173,0.0,55937.0,0.09385558753597797,0.0,0.0,0.0,0.0,0.0,0.0,0.0,0.0,0.0,0.0
58978.55,0.8872077958315755,0.0,22194.0,37.0,0.18899999999912126,31.5625,32.375,36.97000000000003,0.0,0.0,0.0,0.0,0.0,20.0,0.3,0.1,0.2,0.1,0.4,0.1,0.1,0.1,0.5,0.0,65535.0,0.1326771953917754,0.0,56083.0,0.0940213611967976,0.0,0.0,0.0,0.0,0.0,0.0,0.0,0.0,0.0,0.0
59038.63,0.8223288028431109,0.0,22194.0,37.0,0.21399999999912608,31.5625,32.3125,36.97000000000003,0.0,0.0,0.0,0.0,0.0,20.0,0.3,0.1,0.2,0.1,0.4,0.1,0.1,0.1,0.5,0.0,65535.0,0.13290608072022583,0.0,55485.0,0.09453005316752275,0.0,0.0,0.0,0.0,0.0,0.0,0.0,0.0,0.0,0.0
59098.67,0.8221204133363169,0.0,22194.0,37.0,0.1362999999991223,31.5625,32.3125,37.170000000000016,0.0,0.0,0.0,0.0,0.0,20.0,0.3,0.1,0.2,0.1,0.4,0.1,0.1,0.1,0.5,0.0,65535.0,0.132646677347982,0.0,56317.0,0.09368396754088464,0.0,0.0,0.0,0.0,0.0,0.0,0.0,0.0,0.0,0.0
59158.74,0.8197182387284051,0.0,22194.0,37.0,0.18659999999911833,31.5625,32.375,37.03000000000003,0.0,0.0,0.0,0.0,0.0,20.0,0.3,0.1,0.2,0.1,0.4,0.1,0.1,0.1,0.5,0.0,65535.0,0.13286030365453574,0.0,56709.0,0.09328325309915533,0.0,0.0,0.0,0.0,0.0,0.0,0.0,0.0,0.0,0.0
59218.83,0.8356276543421974,0.0,22194.0,37.0,0.2086999999991133,31.5625,32.375,36.97000000000003,0.0,0.0,0.0,0.0,0.0,20.0,0.3,0.1,0.2,0.1,0.4,0.1,0.1,0.1,0.5,0.0,65535.0,0.13275349050125887,0.0,55991.0,0.09426514975621082,0.0,0.0,0.0,0.0,0.0,0.0,0.0,0.0,0.0,0.0
59278.91,0.8681768287527825,0.0,22194.0,37.0,0.1700999999991157,31.625,32.375,36.97000000000003,0.0,0.0,0.0,0.0,0.0,20.0,0.3,0.1,0.2,0.1,0.4,0.1,0.1,0.1,0.5,0.0,65535.0,0.1334401464866102,0.0,55809.0,0.09464423300901288,0.0,0.0,0.0,0.0,0.0,0.0,0.0,0.0,0.0,0.0
59338.96,0.8483824021001902,0.0,22194.0,37.0,0.2100999999991211,31.5625,32.375,37.01000000000005,0.0,0.0,0.0,0.0,0.0,20.0,0.3,0.1,0.2,0.1,0.4,0.1,0.1,0.1,0.5,0.0,65535.0,0.13377584496833753,0.0,55783.0,0.09468834591183695,0.0,0.0,0.0,0.0,0.0,0.0,0.0,0.0,0.0,0.0
59399.01,0.8229766335705706,0.0,22194.0,37.0,0.1682999999991139,31.5625,32.375,36.950000000000045,0.0,0.0,0.0,0.0,0.0,20.0,0.3,0.1,0.2,0.1,0.4,0.1,0.1,0.1,0.5,0.0,65535.0,0.134355687800412,0.0,56517.0,0.09388325636534141,0.0,0.0,0.0,0.0,0.0,0.0,0.0,0.0,0.0,0.0
59459.08,0.8322845055697214,0.0,22194.0,37.0,0.18889999999910853,31.5625,32.375,36.79000000000002,0.0,0.0,0.0,0.0,0.0,20.0,0.3,0.1,0.2,0.1,0.4,0.1,0.1,0.1,0.5,0.0,65535.0,0.13377584496833753,0.0,56011.0,0.09449929478138223,0.0,0.0,0.0,0.0,0.0,0.0,0.0,0.0,0.0,0.0
59519.13,0.8909366956537077,0.0,22194.0,37.0,0.20479999999910828,31.5625,32.375,36.81,0.0,0.0,0.0,0.0,0.0,20.0,0.3,0.1,0.2,0.1,0.4,0.1,0.1,0.1,0.5,0.0,65535.0,0.13397421225299458,0.0,55789.0,0.09494703256914445,0.0,0.0,0.0,0.0,0.0,0.0,0.0,0.0,0.0,0.0
59579.2,0.8246993288783717,0.0,22194.0,37.0,0.1903999999991063,31.5625,32.375,36.93000000000001,0.0,0.0,0.0,0.0,0.0,20.0,0.3,0.1,0.2,0.1,0.4,0.1,0.1,0.1,0.5,0.0,65535.0,0.13376058594644083,0.0,56216.0,0.09447488259570229,0.0,0.0,0.0,0.0,0.0,0.0,0.0,0.0,0.0,0.0
59639.26,0.8903699457892862,0.0,22194.0,37.0,0.17449999999910487,31.5625,32.375,37.05000000000001,0.0,0.0,0.0,0.0,0.0,20.0,0.3,0.1,0.2,0.1,0.4,0.1,0.1,0.1,0.5,0.0,65535.0,0.13412680247196154,0.0,57222.0,0.09342560553633218,0.0,0.0,0.0,0.0,0.0,0.0,0.0,0.0,0.0,0.0
59699.33,0.8910429010641446,0.0,22194.0,37.0,0.16739999999910876,31.5,32.3125,36.950000000000045,0.0,0.0,0.0,0.0,0.0,20.0,0.3,0.1,0.2,0.1,0.4,0.1,0.1,0.1,0.5,0.0,65535.0,0.13502708476386663,0.0,56225.0,0.09467318808359271,0.0,0.0,0.0,0.0,0.0,0.0,0.0,0.0,0.0,0.0
59759.41,0.8249447272700671,0.0,22194.0,37.0,0.20359999999910425,31.5625,32.375,36.950000000000045,0.0,0.0,0.0,0.0,0.0,20.0,0.3,0.1,0.2,0.1,0.4,0.1,0.1,0.1,0.5,0.0,65535.0,0.1339284351873045,0.0,56243.0,0.09457176893124478,0.0,0.0,0.0,0.0,0.0,0.0,0.0,0.0,0.0,0.0
59819.48,0.8913355188478393,0.0,22194.0,37.0,0.21129999999911314,31.5625,32.375,36.79000000000002,0.0,0.0,0.0,0.0,0.0,20.0,0.3,0.1,0.2,0.1,0.4,0.1,0.1,0.1,0.5,0.0,65535.0,0.13405050736247806,0.0,56088.0,0.09472614462986735,0.0,0.0,0.0,0.0,0.0,0.0,0.0,0.0,0.0,0.0
59879.55,0.8575676043044418,0.0,22194.0,37.0,0.19959999999911213,31.5625,32.3125,36.97000000000003,0.0,0.0,0.0,0.0,0.0,20.0,0.3,0.1,0.2,0.1,0.4,0.1,0.1,0.1,0.5,0.0,65535.0,0.1347676813916228,0.0,57235.0,0.09357910369529135,0.0,0.0,0.0,0.0,0.0,0.0,0.0,0.0,0.0,0.0
59939.63,0.8580632875828805,0.0,22194.0,37.0,0.1500999999991094,31.5625,32.3125,36.97000000000003,0.0,0.0,0.0,0.0,0.0,20.0,0.3,0.1,0.2,0.1,0.4,0.1,0.1,0.1,0.5,0.0,65535.0,0.13461509117265583,0.0,55892.0,0.09520145995849137,0.0,0.0,0.0,0.0,0.0,0.0,0.0,0.0,0.0,0.0
59999.7,0.8530405994006451,0.0,22194.0,37.0,0.21689999999910634,31.5625,32.375,36.950000000000045,0.0,0.0,0.0,0.0,0.0,20.0,0.3,0.1,0.2,0.1,0.4,0.1,0.1,0.1,0.5,0.0,65535.0,0.13464560921644922,0.0,55970.0,0.09528318742183313,0.0,0.0,0.0,0.0,0.0,0.0,0.0,0.0,0.0,0.0
60059.76,0.8981925741211038,0.0,22194.0,37.0,0.14479999999909746,31.5,32.3125,37.01000000000005,0.0,0.0,0.0,0.0,0.0,20.0,0.3,0.1,0.2,0.1,0.4,0.1,0.1,0.1,0.5,0.0,65535.0,0.13490501258869306,0.0,56132.0,0.09499037981899808,0.0,0.0,0.0,0.0,0.0,0.0,0.0,0.0,0.0,0.0
60119.84,0.865477138279613,0.0,22194.0,37.0,0.19129999999909778,31.5,32.375,37.05000000000001,0.0,0.0,0.0,0.0,0.0,20.0,0.3,0.1,0.2,0.1,0.4,0.1,0.1,0.1,0.5,0.0,65535.0,0.1351491569390402,0.0,56545.0,0.0948271288354408,0.0,0.0,0.0,0.0,0.0,0.0,0.0,0.0,0.0,0.0
60179.9,0.8412915968209103,0.0,22194.0,37.0,0.1877999999991018,31.5625,32.3125,37.09000000000003,0.0,0.0,0.0,0.0,0.0,20.0,0.3,0.1,0.2,0.1,0.4,0.1,0.1,0.1,0.5,0.0,65535.0,0.13492027161058975,0.0,56240.0,0.09503911806543386,0.0,0.0,0.0,0.0,0.0,0.0,0.0,0.0,0.0,0.0
60239.98,0.8947682624225941,0.0,22194.0,37.0,0.19629999999910655,31.5,32.3125,36.950000000000045,0.0,0.0,0.0,0.0,0.0,20.0,0.3,0.1,0.2,0.1,0.4,0.1,0.1,0.1,0.5,0.0,65535.0,0.1351491569390402,0.0,56065.0,0.09531793454026577,0.0,0.0,0.0,0.0,0.0,0.0,0.0,0.0,0.0,0.0
60300.03,0.8262826718028515,0.0,22194.0,37.0,0.20949999999910618,31.5625,32.375,36.870000000000005,0.0,0.0,0.0,0.0,0.0,20.0,0.3,0.1,0.2,0.1,0.4,0.1,0.1,0.1,0.5,0.0,65535.0,0.13525597009231707,0.0,55717.0,0.09585943248918642,0.0,0.0,0.0,0.0,0.0,0.0,0.0,0.0,0.0,0.0
60360.07,0.8978600724668615,0.0,22194.0,37.0,0.2118999999991057,31.5625,32.3125,37.05000000000001,0.0,0.0,0.0,0.0,0.0,20.0,0.3,0.1,0.2,0.1,0.4,0.1,0.1,0.1,0.5,0.0,65535.0,0.13539330128938734,0.0,55990.0,0.09551705661725308,0.0,0.0,0.0,0.0,0.0,0.0,0.0,0.0,0.0,0.0
60420.12,0.8200638121070765,0.0,22194.0,37.0,0.2401999999990959,31.5625,32.375,36.97000000000003,0.0,0.0,0.0,0.0,0.0,20.0,0.3,0.1,0.2,0.1,0.4,0.1,0.1,0.1,0.5,0.0,65535.0,0.13582055390249484,0.0,56255.0,0.09519153852990846,0.0,0.0,0.0,0.0,0.0,0.0,0.0,0.0,0.0,0.0
60480.19,0.8624377013373792,0.0,22194.0,37.0,0.1904999999990976,31.5,32.3125,36.89000000000004,0.0,0.0,0.0,0.0,0.0,20.0,0.3,0.1,0.2,0.1,0.4,0.1,0.1,0.1,0.5,0.0,65535.0,0.13569848172732127,0.0,55681.0,0.09579569332447334,0.0,0.0,0.0,0.0,0.0,0.0,0.0,0.0,0.0,0.0
60540.23,0.8529944554682042,0.0,22194.0,37.0,0.16569999999910084,31.5625,32.375,36.81,0.0,0.0,0.0,0.0,0.0,20.0,0.3,0.1,0.2,0.1,0.4,0.1,0.1,0.1,0.5,0.0,65535.0,0.13530174715800716,0.0,56869.0,0.09486715082030632,0.0,0.0,0.0,0.0,0.0,0.0,0.0,0.0,0.0,0.0
60600.27,0.8699713777934401,0.0,22194.0,37.0,0.1482999999990999,31.5625,32.3125,36.93000000000001,0.0,0.0,0.0,0.0,0.0,20.0,0.3,0.1,0.2,0.1,0.4,0.1,0.1,0.1,0.5,0.0,65535.0,0.13579003585870145,0.0,55705.0,0.09602369625706848,0.0,0.0,0.0,0.0,0.0,0.0,0.0,0.0,0.0,0.0
60660.34,0.8310900257571725,0.0,22194.0,37.0,0.18329999999909563,31.5625,32.375,36.93000000000001,0.0,0.0,0.0,0.0,0.0,20.0,0.3,0.1,0.2,0.1,0.4,0.1,0.1,0.1,0.5,0.0,65535.0,0.1364461738002594,0.0,56299.0,0.09563224924066147,0.0,0.0,0.0,0.0,0.0,0.0,0.0,0.0,0.0,0.0
60720.42,0.8442177790012932,0.0,22194.0,37.0,0.18239999999909473,31.5625,32.375,36.89000000000004,0.0,0.0,0.0,0.0,0.0,20.0,0.3,0.1,0.2,0.1,0.4,0.1,0.1,0.1,0.5,0.0,65535.0,0.13621728847180894,0.0,56258.0,0.09566639411283728,0.0,0.0,0.0,0.0,0.0,0.0,0.0,0.0,0.0,0.0
60780.49,0.8309407450129995,0.0,22194.0,37.0,0.19209999999909924,31.5625,32.375,36.950000000000045,0.0,0.0,0.0,0.0,0.0,20.0,0.3,0.1,0.2,0.1,0.4,0.1,0.1,0.1,0.5,0.0,65535.0,0.13665980010681314,0.0,56432.0,0.09551318400907287,0.0,0.0,0.0,0.0,0.0,0.0,0.0,0.0,0.0,0.0
60840.54,0.8573621001276486,0.0,22194.0,37.0,0.24569999999909567,31.5,32.4375,36.870000000000005,0.0,0.0,0.0,0.0,0.0,20.0,0.3,0.1,0.2,0.1,0.4,0.1,0.1,0.1,0.5,0.0,65535.0,0.13701075761043718,0.0,56496.0,0.09544038516001133,0.0,0.0,0.0,0.0,0.0,0.0,0.0,0.0,0.0,0.0
60900.62,0.8886635618134533,0.0,22194.0,37.0,0.190699999999088,31.5,32.375,37.01000000000005,0.0,0.0,0.0,0.0,0.0,20.0,0.3,0.1,0.2,0.1,0.4,0.1,0.1,0.1,0.5,0.0,65535.0,0.13618677042801555,0.0,56270.0,0.09584147858539185,0.0,0.0,0.0,0.0,0.0,0.0,0.0,0.0,0.0,0.0
60960.7,0.8351187737927082,0.0,22194.0,37.0,0.1458999999990952,31.5,32.375,36.870000000000005,0.0,0.0,0.0,0.0,0.0,20.0,0.3,0.1,0.2,0.1,0.4,0.1,0.1,0.1,0.5,0.0,65535.0,0.13679713130388343,0.0,56748.0,0.09550997391978572,0.0,0.0,0.0,0.0,0.0,0.0,0.0,0.0,0.0,0.0
61020.74,0.819296355336306,0.0,22194.0,37.0,0.19149999999909634,31.5625,32.375,36.73000000000002,0.0,0.0,0.0,0.0,0.0,20.0,0.3,0.1,0.2,0.1,0.4,0.1,0.1,0.1,0.5,0.0,65535.0,0.13711757076371406,0.0,56823.0,0.09541910845960262,0.0,0.0,0.0,0.0,0.0,0.0,0.0,0.0,0.0,0.0
61080.79,0.9019998465281814,0.0,22194.0,37.0,0.1947999999990959,31.5625,32.375,36.870000000000005,0.0,0.0,0.0,0.0,0.0,20.0,0.3,0.1,0.2,0.1,0.4,0.1,0.1,0.1,0.5,0.0,65535.0,0.1369497215228504,0.0,57138.0,0.09498057334873464,0.0,0.0,0.0,0.0,0.0,0.0,0.0,0.0,0.0,0.0
61140.86,0.898824963614396,0.0,22194.0,37.0,0.21449999999909133,31.5,32.4375,36.97000000000003,0.0,0.0,0.0,0.0,0.0,20.0,0.3,0.1,0.2,0.1,0.4,0.1,0.1,0.1,0.5,0.0,65535.0,0.1373617151140612,0.0,56150.0,0.09649154051647373,0.0,0.0,0.0,0.0,0.0,0.0,0.0,0.0,0.0,0.0
61200.91,0.8973829307032622,0.0,22194.0,37.0,0.16449999999909332,31.5625,32.375,36.950000000000045,0.0,0.0,0.0,0.0,0.0,20.0,0.3,0.1,0.2,0.1,0.4,0.1,0.1,0.1,0.5,0.0,65535.0,0.13704127565423058,0.0,56894.0,0.09538791436706859,0.0,0.0,0.0,0.0,0.0,0.0,0.0,0.0,0.0,0.0
61260.98,0.840071560057296,0.0,22194.0,37.0,0.21749999999908945,31.5625,32.375,36.97000000000003,0.0,0.0,0.0,0.0,0.0,20.0,0.3,0.1,0.2,0.1,0.4,0.1,0.1,0.1,0.5,0.0,65535.0,0.1373617151140612,0.0,56378.0,0.0962964276845578,0.0,0.0,0.0,0.0,0.0,0.0,0.0,0.0,0.0,0.0
61321.04,0.8745139925952852,0.0,22194.0,37.0,0.21309999999909343,31.5625,32.4375,36.97000000000003,0.0,0.0,0.0,0.0,0.0,20.0,0.3,0.1,0.2,0.1,0.4,0.1,0.1,0.1,0.5,0.0,65535.0,0.13748378728923477,0.0,56732.0,0.09599520552774449,0.0,0.0,0.0,0.0,0.0,0.0,0.0,0.0,0.0,0.0
61381.09,0.895846654302238,0.0,22194.0,37.0,0.17869999999908123,31.5625,32.4375,37.03000000000003,0.0,0.0,0.0,0.0,0.0,20.0,0.3,0.1,0.2,0.1,0.4,0.1,0.1,0.1,0.5,0.0,65535.0,0.13752956435492486,0.0,56555.0,0.0960657766775705,0.0,0.0,0.0,0.0,0.0,0.0,0.0,0.0,0.0,0.0
61441.16,0.8844627671689054,0.0,22194.0,37.0,0.17929999999907983,31.625,32.4375,36.93000000000001,0.0,0.0,0.0,0.0,0.0,20.0,0.3,0.1,0.2,0.1,0.4,0.1,0.1,0.1,0.5,0.0,65535.0,0.13743801022354468,0.0,56431.0,0.09604649926458861,0.0,0.0,0.0,0.0,0.0,0.0,0.0,0.0,0.0,0.0
61501.21,0.8312564062874671,0.0,22194.0,37.0,0.18899999999908437,31.5625,32.375,37.190000000000055,0.0,0.0,0.0,0.0,0.0,20.0,0.3,0.1,0.2,0.1,0.4,0.1,0.1,0.1,0.5,0.0,65535.0,0.13803311207751584,0.0,56712.0,0.09602905910565665,0.0,0.0,0.0,0.0,0.0,0.0,0.0,0.0,0.0,0.0
61561.26,0.8331180086056806,0.0,22194.0,37.0,0.17479999999907797,31.5625,32.375,37.01000000000005,0.0,0.0,0.0,0.0,0.0,20.0,0.3,0.1,0.2,0.1,0.4,0.1,0.1,0.1,0.5,0.0,65535.0,0.13810940718699932,0.0,56610.0,0.0961667549902844,0.0,0.0,0.0,0.0,0.0,0.0,0.0,0.0,0.0,0.0
61621.34,0.8983408902259833,0.0,22194.0,37.0,0.17999999999908234,31.5625,32.375,37.01000000000005,0.0,0.0,0.0,0.0,0.0,20.0,0.3,0.1,0.2,0.1,0.4,0.1,0.1,0.1,0.5,0.0,65535.0,0.13810940718699932,0.0,56121.0,0.09707596087026246,0.0,0.0,0.0,0.0,0.0,0.0,0.0,0.0,0.0,0.0
61681.39,0.9005982092001856,0.0,22194.0,37.0,0.23329999999907822,31.5625,32.4375,36.650000000000034,0.0,0.0,0.0,0.0,0.0,20.0,0.3,0.1,0.2,0.1,0.4,0.1,0.1,0.1,0.5,0.0,65535.0,0.13844510566872664,0.0,56234.0,0.09695202190845396,0.0,0.0,0.0,0.0,0.0,0.0,0.0,0.0,0.0,0.0
61741.45,0.8895025957734659,0.0,22194.0,37.0,0.20889999999908618,31.5625,32.375,36.89000000000004,0.0,0.0,0.0,0.0,0.0,20.0,0.3,0.1,0.2,0.1,0.4,0.1,0.1,0.1,0.5,0.0,65535.0,0.1381857022964828,0.0,57311.0,0.0956186421454869,0.0,0.0,0.0,0.0,0.0,0.0,0.0,0.0,0.0,0.0
61801.53,0.8953209224625376,0.0,22194.0,37.0,0.19249999999907522,31.5625,32.4375,36.93000000000001,0.0,0.0,0.0,0.0,0.0,20.0,0.3,0.1,0.2,0.1,0.4,0.1,0.1,0.1,0.5,0.0,65535.0,0.13804837109941254,0.0,56689.0,0.09645610259485968,0.0,0.0,0.0,0.0,0.0,0.0,0.0,0.0,0.0,0.0
61861.61,0.8563112092066817,0.0,22194.0,37.0,0.19359999999908414,31.5625,32.375,36.870000000000005,0.0,0.0,0.0,0.0,0.0,20.0,0.3,0.1,0.2,0.1,0.4,0.1,0.1,0.1,0.5,0.0,65535.0,0.1386739909971771,0.0,56278.0,0.09696506627811934,0.0,0.0,0.0,0.0,0.0,0.0,0.0,0.0,0.0,0.0
61921.67,0.9087750152627033,0.0,22194.0,37.0,0.18089999999907808,31.5,32.375,36.950000000000045,0.0,0.0,0.0,0.0,0.0,20.0,0.3,0.1,0.2,0.1,0.4,0.1,0.1,0.1,0.5,0.0,65535.0,0.13875028610666057,0.0,56394.0,0.09696066957477746,0.0,0.0,0.0,0.0,0.0,0.0,0.0,0.0,0.0,0.0
61981.71,0.8985676228190653,0.0,22194.0,37.0,0.18119999999907696,31.5625,32.4375,36.81,0.0,0.0,0.0,0.0,0.0,20.0,0.3,0.1,0.2,0.1,0.4,0.1,0.1,0.1,0.5,0.0,65535.0,0.13922331578545816,0.0,57019.0,0.09621354285413634,0.0,0.0,0.0,0.0,0.0,0.0,0.0,0.0,0.0,0.0
62041.75,0.8482396898508514,0.0,22194.0,37.0,0.22509999999908306,31.5,32.375,36.77000000000004,0.0,0.0,0.0,0.0,0.0,20.0,0.3,0.1,0.2,0.1,0.4,0.1,0.1,0.1,0.5,0.0,65535.0,0.13954375524528878,0.0,57103.0,0.0966674255293067,0.0,0.0,0.0,0.0,0.0,0.0,0.0,0.0,0.0,0.0
62101.81,0.8152443197114532,0.0,22194.0,37.0,0.2250999999990822,31.5,32.375,37.01000000000005,0.0,0.0,0.0,0.0,0.0,20.0,0.3,0.1,0.2,0.1,0.4,0.1,0.1,0.1,0.5,0.0,65535.0,0.13968108644235905,0.0,57071.0,0.09637118676735995,0.0,0.0,0.0,0.0,0.0,0.0,0.0,0.0,0.0,0.0
62161.86,0.9004382405005618,0.0,22194.0,37.0,0.21779999999907634,31.5625,32.375,36.85000000000002,0.0,0.0,0.0,0.0,0.0,20.0,0.3,0.1,0.2,0.1,0.4,0.1,0.1,0.1,0.5,0.0,65535.0,0.14045929655909056,0.0,56563.0,0.09690080087689833,0.0,0.0,0.0,0.0,0.0,0.0,0.0,0.0,0.0,0.0
62221.93,0.9200576000028675,0.0,22194.0,37.0,0.17809999999906898,31.5625,32.3125,37.01000000000005,0.0,0.0,0.0,0.0,0.0,20.0,0.3,0.1,0.2,0.1,0.4,0.1,0.1,0.1,0.5,0.0,65535.0,0.13925383382925155,0.0,56719.0,0.09703979266207091,0.0,0.0,0.0,0.0,0.0,0.0,0.0,0.0,0.0,0.0
62281.99,0.9049342434241012,0.0,22194.0,37.0,0.2071999999990692,31.5625,32.4375,36.89000000000004,0.0,0.0,0.0,0.0,0.0,20.0,0.3,0.1,0.2,0.1,0.4,0.1,0.1,0.1,0.5,0.0,65535.0,0.1395132372014954,0.0,56597.0,0.0970546142021662,0.0,0.0,0.0,0.0,0.0,0.0,0.0,0.0,0.0,0.0
62342.06,0.8673690102055017,0.0,22194.0,37.0,0.17509999999906659,31.5625,32.4375,37.01000000000005,0.0,0.0,0.0,0.0,0.0,20.0,0.3,0.1,0.2,0.1,0.4,0.1,0.1,0.1,0.5,0.0,65535.0,0.13980315861753262,0.0,57143.0,0.09637225906935233,0.0,0.0,0.0,0.0,0.0,0.0,0.0,0.0,0.0,0.0
62402.12,0.8892376215090428,0.0,22194.0,37.0,0.195999999999076,31.5625,32.375,36.93000000000001,0.0,0.0,0.0,0.0,0.0,20.0,0.3,0.1,0.2,0.1,0.4,0.1,0.1,0.1,0.5,0.0,65535.0,0.13931486991683834,0.0,57364.0,0.09650651976849592,0.0,0.0,0.0,0.0,0.0,0.0,0.0,0.0,0.0,0.0
62462.18,0.897912075071908,0.0,22194.0,37.0,0.17659999999906437,31.5625,32.4375,37.01000000000005,0.0,0.0,0.0,0.0,0.0,20.0,0.3,0.1,0.2,0.1,0.4,0.1,0.1,0.1,0.5,0.0,65535.0,0.14081025406271458,0.0,56480.0,0.09741501416430595,0.0,0.0,0.0,0.0,0.0,0.0,0.0,0.0,0.0,0.0
62522.22,0.828084475294084,0.0,22194.0,37.0,0.17149999999906304,31.5625,32.4375,37.01000000000005,0.0,0.0,0.0,0.0,0.0,20.0,0.3,0.1,0.2,0.1,0.4,0.1,0.1,0.1,0.5,0.0,65535.0,0.14009308003356985,0.0,56674.0,0.09704626460105163,0.0,0.0,0.0,0.0,0.0,0.0,0.0,0.0,0.0,0.0
62582.28,0.9117006427043788,0.0,22194.0,37.0,0.23209999999906392,31.5625,32.375,36.77000000000004,0.0,0.0,0.0,0.0,0.0,20.0,0.3,0.1,0.2,0.1,0.4,0.1,0.1,0.1,0.5,0.0,65535.0,0.140688181887541,0.0,57280.0,0.09654329608938547,0.0,0.0,0.0,0.0,0.0,0.0,0.0,0.0,0.0,0.0
62642.36,0.8955587906239937,0.0,22194.0,37.0,0.22479999999907227,31.5625,32.375,36.81,0.0,0.0,0.0,0.0,0.0,20.0,0.3,0.1,0.2,0.1,0.4,0.1,0.1,0.1,0.5,0.0,65535.0,0.1402456702525368,0.0,56696.0,0.09727317623818259,0.0,0.0,0.0,0.0,0.0,0.0,0.0,0.0,0.0,0.0
62702.43,0.8444292275501026,0.0,22194.0,37.0,0.22629999999907174,31.5625,32.375,36.81,0.0,0.0,0.0,0.0,0.0,20.0,0.3,0.1,0.2,0.1,0.4,0.1,0.1,0.1,0.5,0.0,65535.0,0.1407492179751278,0.0,56648.0,0.09763804547380313,0.0,0.0,0.0,0.0,0.0,0.0,0.0,0.0,0.0,0.0
62762.51,0.8958761095030193,0.0,22194.0,37.0,0.18179999999906446,31.5625,32.4375,36.97000000000003,0.0,0.0,0.0,0.0,0.0,20.0,0.3,0.1,0.2,0.1,0.4,0.1,0.1,0.1,0.5,0.0,65535.0,0.14091706721599145,0.0,56930.0,0.09734761988406815,0.0,0.0,0.0,0.0,0.0,0.0,0.0,0.0,0.0,0.0
62822.58,0.9110090125717515,0.0,22194.0,37.0,0.21119999999906444,31.5625,32.375,36.85000000000002,0.0,0.0,0.0,0.0,0.0,20.0,0.3,0.1,0.2,0.1,0.4,0.1,0.1,0.1,0.5,0.0,65535.0,0.1419394216830701,0.0,56664.0,0.09761047578709586,0.0,0.0,0.0,0.0,0.0,0.0,0.0,0.0,0.0,0.0
62882.65,0.8397191164434319,0.0,22194.0,37.0,0.1885999999990574,31.5625,32.375,36.950000000000045,0.0,0.0,0.0,0.0,0.0,20.0,0.3,0.1,0.2,0.1,0.4,0.1,0.1,0.1,0.5,0.0,65535.0,0.14088654917219806,0.0,56772.0,0.0976009300359332,0.0,0.0,0.0,0.0,0.0,0.0,0.0,0.0,0.0,0.0
62942.7,0.90770319087497,0.0,22194.0,37.0,0.1938999999990668,31.5625,32.4375,36.93000000000001,0.0,0.0,0.0,0.0,0.0,20.0,0.3,0.1,0.2,0.1,0.4,0.1,0.1,0.1,0.5,0.0,65535.0,0.1406729228656443,0.0,57070.0,0.09742421587524093,0.0,0.0,0.0,0.0,0.0,0.0,0.0,0.0,0.0,0.0
63002.74,0.8982823041736258,0.0,22194.0,37.0,0.19569999999906598,31.5625,32.375,36.93000000000001,0.0,0.0,0.0,0.0,0.0,20.0,0.3,0.1,0.2,0.1,0.4,0.1,0.1,0.1,0.5,0.0,65535.0,0.1415732051575494,0.0,57513.0,0.09688244396918957,0.0,0.0,0.0,0.0,0.0,0.0,0.0,0.0,0.0,0.0
63062.79,0.9069186816179046,0.0,22194.0,37.0,0.19629999999906542,31.5625,32.4375,36.93000000000001,0.0,0.0,0.0,0.0,0.0,20.0,0.3,0.1,0.2,0.1,0.4,0.1,0.1,0.1,0.5,0.0,65535.0,0.14149691004806592,0.0,57289.0,0.0971565221944876,0.0,0.0,0.0,0.0,0.0,0.0,0.0,0.0,0.0,0.0
63122.83,0.9075515487560872,0.0,22194.0,37.0,0.18659999999905919,31.625,32.375,36.97000000000003,0.0,0.0,0.0,0.0,0.0,20.0,0.3,0.1,0.2,0.1,0.4,0.1,0.1,0.1,0.5,0.0,65535.0,0.14134431982909895,0.0,56688.0,0.09795723962743438,0.0,0.0,0.0,0.0,0.0,0.0,0.0,0.0,0.0,0.0
63182.87,0.8735001858284124,0.0,22194.0,37.0,0.22869999999906523,31.625,32.4375,36.81,0.0,0.0,0.0,0.0,0.0,20.0,0.3,0.1,0.2,0.1,0.4,0.1,0.1,0.1,0.5,0.0,65535.0,0.14103913939116502,0.0,56408.0,0.09826620337540774,0.0,0.0,0.0,0.0,0.0,0.0,0.0,0.0,0.0,0.0
63242.92,0.8358457456202808,0.0,22194.0,37.0,0.16919999999905738,31.5625,32.4375,37.03000000000003,0.0,0.0,0.0,0.0,0.0,20.0,0.3,0.1,0.2,0.1,0.4,0.1,0.1,0.1,0.5,0.0,65535.0,0.1424124513618677,0.0,56566.0,0.09832761729660927,0.0,0.0,0.0,0.0,0.0,0.0,0.0,0.0,0.0,0.0
63302.96,0.9093867849774468,0.0,22194.0,37.0,0.20919999999906277,31.625,32.4375,36.870000000000005,0.0,0.0,0.0,0.0,0.0,20.0,0.3,0.1,0.2,0.1,0.4,0.1,0.1,0.1,0.5,0.0,65535.0,0.14248874647135118,0.0,57896.0,0.09691515821472986,0.0,0.0,0.0,0.0,0.0,0.0,0.0,0.0,0.0,0.0
63363.04,0.8541675957497635,0.0,22194.0,37.0,0.24809999999905838,31.5625,32.4375,36.73000000000002,0.0,0.0,0.0,0.0,0.0,20.0,0.3,0.1,0.2,0.1,0.4,0.1,0.1,0.1,0.5,0.0,65535.0,0.14192416266117341,0.0,57348.0,0.09747506451837902,0.0,0.0,0.0,0.0,0.0,0.0,0.0,0.0,0.0,0.0
63423.08,0.8667495579633413,0.0,22194.0,37.0,0.20809999999905127,31.625,32.4375,36.89000000000004,0.0,0.0,0.0,0.0,0.0,20.0,0.3,0.1,0.2,0.1,0.4,0.1,0.1,0.1,0.5,0.0,65535.0,0.14354161898222323,0.0,57477.0,0.09753466604032918,0.0,0.0,0.0,0.0,0.0,0.0,0.0,0.0,0.0,0.0
63483.16,0.9112066107647141,0.0,22194.0,37.0,0.17009999999905398,31.5625,32.4375,37.03000000000003,0.0,0.0,0.0,0.0,0.0,20.0,0.3,0.1,0.2,0.1,0.4,0.1,0.1,0.1,0.5,0.0,65535.0,0.14294651712825207,0.0,56880.0,0.09787271448663853,0.0,0.0,0.0,0.0,0.0,0.0,0.0,0.0,0.0,0.0
63543.23,0.9139191390274272,0.0,22194.0,37.0,0.19539999999905938,31.5625,32.4375,36.93000000000001,0.0,0.0,0.0,0.0,0.0,20.0,0.3,0.1,0.2,0.1,0.4,0.1,0.1,0.1,0.5,0.0,65535.0,0.1428091859311818,0.0,57139.0,0.0977265965452668,0.0,0.0,0.0,0.0,0.0,0.0,0.0,0.0,0.0,0.0
63603.29,0.8834214061933077,0.0,22194.0,37.0,0.21749999999905437,31.5625,32.4375,36.85000000000002,0.0,0.0,0.0,0.0,0.0,20.0,0.3,0.1,0.2,0.1,0.4,0.1,0.1,0.1,0.5,0.0,65535.0,0.14299229419394216,0.0,56692.0,0.09844422493473506,0.0,0.0,0.0,0.0,0.0,0.0,0.0,0.0,0.0,0.0
63663.37,0.902982898173653,0.0,22194.0,37.0,0.20659999999904835,31.5,32.4375,36.89000000000004,0.0,0.0,0.0,0.0,0.0,20.0,0.3,0.1,0.2,0.1,0.4,0.1,0.1,0.1,0.5,0.0,65535.0,0.1428397039749752,0.0,57501.0,0.09749395662684127,0.0,0.0,0.0,0.0,0.0,0.0,0.0,0.0,0.0,0.0
63723.39,0.8306656577754797,0.0,22194.0,37.0,0.12829999999904423,31.5625,32.375,37.190000000000055,0.0,0.0,0.0,0.0,0.0,20.0,0.3,0.1,0.2,0.1,0.4,0.1,0.1,0.1,0.5,0.0,65535.0,0.14276340886549171,0.0,57891.0,0.09721718401824117,0.0,0.0,0.0,0.0,0.0,0.0,0.0,0.0,0.0,0.0
63783.46,0.8494246432645061,0.0,22194.0,37.0,0.17239999999904507,31.5,32.4375,37.01000000000005,0.0,0.0,0.0,0.0,0.0,20.0,0.3,0.1,0.2,0.1,0.4,0.1,0.1,0.1,0.5,0.0,65535.0,0.14302281223773555,0.0,57080.0,0.09833566923615977,0.0,0.0,0.0,0.0,0.0,0.0,0.0,0.0,0.0,0.0
63843.5,0.9100338335226371,0.0,22194.0,37.0,0.2100999999990551,31.5625,32.4375,36.870000000000005,0.0,0.0,0.0,0.0,0.0,20.0,0.3,0.1,0.2,0.1,0.4,0.1,0.1,0.1,0.5,0.0,65535.0,0.1436484321355001,0.0,57161.0,0.09810885043998531,0.0,0.0,0.0,0.0,0.0,0.0,0.0,0.0,0.0,0.0
63903.54,0.8957270500861759,0.0,22194.0,37.0,0.19159999999904348,31.625,32.375,36.950000000000045,0.0,0.0,0.0,0.0,0.0,20.0,0.3,0.1,0.2,0.1,0.4,0.1,0.1,0.1,0.5,0.0,65535.0,0.14311436636911573,0.0,56792.0,0.09857022115790956,0.0,0.0,0.0,0.0,0.0,0.0,0.0,0.0,0.0,0.0
63963.59,0.8358362633449556,0.0,22194.0,37.0,0.19159999999904262,31.625,32.4375,36.950000000000045,0.0,0.0,0.0,0.0,0.0,20.0,0.3,0.1,0.2,0.1,0.4,0.1,0.1,0.1,0.5,0.0,65535.0,0.1424277103837644,0.0,56690.0,0.09874757452813547,0.0,0.0,0.0,0.0,0.0,0.0,0.0,0.0,0.0,0.0
64023.66,0.8926377988906771,0.0,22194.0,37.0,0.23459999999904785,31.5625,32.4375,36.79000000000002,0.0,0.0,0.0,0.0,0.0,20.0,0.3,0.1,0.2,0.1,0.4,0.1,0.1,0.1,0.5,0.0,65535.0,0.1428702220187686,0.0,56940.0,0.09852476290832456,0.0,0.0,0.0,0.0,0.0,0.0,0.0,0.0,0.0,0.0
64083.7,0.8392868435119926,0.0,22194.0,37.0,0.17749999999903954,31.5625,32.4375,37.01000000000005,0.0,0.0,0.0,0.0,0.0,20.0,0.3,0.1,0.2,0.1,0.4,0.1,0.1,0.1,0.5,0.0,65535.0,0.14311436636911573,0.0,57093.0,0.09840085474576568,0.0,0.0,0.0,0.0,0.0,0.0,0.0,0.0,0.0,0.0
64143.77,0.8504741678455698,0.0,22194.0,37.0,0.15069999999904715,31.625,32.375,37.110000000000014,0.0,0.0,0.0,0.0,0.0,20.0,0.3,0.1,0.2,0.1,0.4,0.1,0.1,0.1,0.5,0.0,65535.0,0.14331273365377278,0.0,56963.0,0.09857275775503396,0.0,0.0,0.0,0.0,0.0,0.0,0.0,0.0,0.0,0.0
64203.83,0.8886287082319512,0.0,22194.0,37.0,0.17359999999903714,31.5625,32.5,37.01000000000005,0.0,0.0,0.0,0.0,0.0,20.0,0.3,0.1,0.2,0.1,0.4,0.1,0.1,0.1,0.5,0.0,65535.0,0.1432669565880827,0.0,57100.0,0.0985814360770578,0.0,0.0,0.0,0.0,0.0,0.0,0.0,0.0,0.0,0.0
64263.89,0.8900258188928559,0.0,22194.0,37.0,0.1649999999990407,31.625,32.5,37.03000000000003,0.0,0.0,0.0,0.0,0.0,20.0,0.3,0.1,0.2,0.1,0.4,0.1,0.1,0.1,0.5,0.0,65535.0,0.1432059205004959,0.0,56987.0,0.098741818309439,0.0,0.0,0.0,0.0,0.0,0.0,0.0,0.0,0.0,0.0
64323.94,0.8675720700172317,0.0,22194.0,37.0,0.17149999999903479,31.5625,32.4375,37.01000000000005,0.0,0.0,0.0,0.0,0.0,20.0,0.3,0.1,0.2,0.1,0.4,0.1,0.1,0.1,0.5,0.0,65535.0,0.14439612420843823,0.0,56837.0,0.09912556961134472,0.0,0.0,0.0,0.0,0.0,0.0,0.0,0.0,0.0,0.0
64383.99,0.8792856651599865,0.0,22194.0,37.0,0.233599999999036,31.5,32.4375,36.77000000000004,0.0,0.0,0.0,0.0,0.0,20.0,0.3,0.1,0.2,0.1,0.4,0.1,0.1,0.1,0.5,0.0,65535.0,0.14416723887998778,0.0,57328.0,0.09871267094613452,0.0,0.0,0.0,0.0,0.0,0.0,0.0,0.0,0.0,0.0
64444.07,0.8920829358020546,0.0,22194.0,37.0,0.20769999999904362,31.5625,32.4375,36.870000000000005,0.0,0.0,0.0,0.0,0.0,20.0,0.3,0.1,0.2,0.1,0.4,0.1,0.1,0.1,0.5,0.0,65535.0,0.14496070801861602,0.0,58246.0,0.09755176321120763,0.0,0.0,0.0,0.0,0.0,0.0,0.0,0.0,0.0,0.0
64504.15,0.8725581648516483,0.0,22194.0,37.0,0.188299999999032,31.5625,32.4375,36.950000000000045,0.0,0.0,0.0,0.0,0.0,20.0,0.3,0.1,0.2,0.1,0.4,0.1,0.1,0.1,0.5,0.0,65535.0,0.14454871442740522,0.0,56809.0,0.09926244081043496,0.0,0.0,0.0,0.0,0.0,0.0,0.0,0.0,0.0,0.0
64564.23,0.8971557724585836,0.0,22194.0,37.0,0.18299999999903596,31.5625,32.4375,36.97000000000003,0.0,0.0,0.0,0.0,0.0,20.0,0.3,0.1,0.2,0.1,0.4,0.1,0.1,0.1,0.5,0.0,65535.0,0.14485389486533914,0.0,57113.0,0.09922434472011626,0.0,0.0,0.0,0.0,0.0,0.0,0.0,0.0,0.0,0.0
64624.31,0.889373811713642,0.0,22194.0,37.0,0.1935999999990405,31.625,32.375,36.93000000000001,0.0,0.0,0.0,0.0,0.0,20.0,0.3,0.1,0.2,0.1,0.4,0.1,0.1,0.1,0.5,0.0,65535.0,0.1450522621499962,0.0,57098.0,0.09919787032820765,0.0,0.0,0.0,0.0,0.0,0.0,0.0,0.0,0.0,0.0
64684.38,0.9003227982089393,0.0,22194.0,37.0,0.18389999999903428,31.5625,32.4375,36.97000000000003,0.0,0.0,0.0,0.0,0.0,20.0,0.3,0.1,0.2,0.1,0.4,0.1,0.1,0.1,0.5,0.0,65535.0,0.14483863584344245,0.0,56830.0,0.09943691712123878,0.0,0.0,0.0,0.0,0.0,0.0,0.0,0.0,0.0,0.0
64744.43,0.9222560054075373,0.0,22194.0,37.0,0.2147999999990346,31.5625,32.5,36.85000000000002,0.0,0.0,0.0,0.0,0.0,20.0,0.3,0.1,0.2,0.1,0.4,0.1,0.1,0.1,0.5,0.0,65535.0,0.14427405203326465,0.0,56974.0,0.0993260083546881,0.0,0.0,0.0,0.0,0.0,0.0,0.0,0.0,0.0,0.0
64804.47,0.8850724328056703,0.0,22194.0,37.0,0.2324999999990344,31.5625,32.4375,36.79000000000002,0.0,0.0,0.0,0.0,0.0,20.0,0.3,0.1,0.2,0.1,0.4,0.1,0.1,0.1,0.5,0.0,65535.0,0.1446555275806821,0.0,57725.0,0.0986920744911217,0.0,0.0,0.0,0.0,0.0,0.0,0.0,0.0,0.0,0.0
64864.53,0.8714715815519151,0.0,22194.0,37.0,0.17449999999902605,31.625,32.4375,37.01000000000005,0.0,0.0,0.0,0.0,0.0,20.0,0.3,0.1,0.2,0.1,0.4,0.1,0.1,0.1,0.5,0.0,65535.0,0.14496070801861602,0.0,57024.0,0.09932659932659933,0.0,0.0,0.0,0.0,0.0,0.0,0.0,0.0,0.0,0.0
64924.58,0.9009749942477934,0.0,22194.0,37.0,0.18829999999902514,31.625,32.4375,36.950000000000045,0.0,0.0048,0.25,0.0,0.0,20.0,0.3,0.1,0.2,0.1,0.4,0.1,0.1,0.1,0.5,0.0,65535.0,0.14489967193102923,0.0,57603.0,0.0989010989010989,0.0,0.0,0.0,0.0,0.0,0.0,0.0,0.0,0.0,0.0
64984.62,0.8121791447182625,0.0,22194.0,37.0,0.2810999999990328,31.5625,32.4375,36.610000000000014,0.0,0.0,0.0,0.0,0.0,20.0,0.3,0.1,0.2,0.1,0.4,0.1,0.1,0.1,0.5,0.0,65535.0,0.1424429694056611,0.0,55674.0,0.0995258109710098,0.0,0.0,0.0,0.0,0.0,0.0,0.0,0.0,0.0,0.0
65044.67,0.8850521420836059,0.0,22194.0,37.0,0.2921999999990321,31.5625,32.4375,36.610000000000014,0.0,0.0,0.0,0.0,0.0,20.0,0.3,0.1,0.2,0.1,0.4,0.1,0.1,0.1,0.5,0.0,65535.0,0.14122224765392538,0.0,56171.0,0.09880543340869843,0.0,0.0,0.0,0.0,0.0,0.0,0.0,0.0,0.0,0.0
65104.71,0.8801002844298558,0.0,22194.0,37.0,0.21309999999903298,31.5625,32.4375,36.93000000000001,0.0,0.0,0.0,0.0,0.0,20.0,0.3,0.1,0.2,0.1,0.4,0.1,0.1,0.1,0.5,0.0,65535.0,0.1420309758144503,0.0,57010.0,0.09794772846868971,0.0,0.0,0.0,0.0,0.0,0.0,0.0,0.0,0.0,0.0
65164.77,0.8117615961134951,0.0,22194.0,37.0,0.20189999999902725,31.6875,32.4375,36.97000000000003,0.0,0.0,0.0,0.0,0.0,20.0,0.3,0.1,0.2,0.1,0.4,0.1,0.1,0.1,0.5,0.0,65535.0,0.14290074006256198,0.0,55636.0,0.09927025666834424,0.0,0.0,0.0,0.0,0.0,0.0,0.0,0.0,0.0,0.0
65224.85,0.8711448424935809,0.0,22194.0,37.0,0.14209999999901882,31.6875,32.4375,37.190000000000055,0.0,0.0,0.0,0.0,0.0,20.0,0.3,0.1,0.2,0.1,0.4,0.1,0.1,0.1,0.5,0.0,65535.0,0.1416189822232395,0.0,55451.0,0.09976375538763954,0.0,0.0,0.0,0.0,0.0,0.0,0.0,0.0,0.0,0.0
65284.88,0.8917503689709653,0.0,22194.0,37.0,0.176699999999024,31.625,32.5,37.03000000000003,0.0,0.0,0.0,0.0,0.0,20.0,0.3,0.1,0.2,0.1,0.4,0.1,0.1,0.1,0.5,0.0,65535.0,0.14259555962462805,0.0,56426.0,0.09871335908978131,0.0,0.0,0.0,0.0,0.0,0.0,0.0,0.0,0.0,0.0
65344.95,0.8305309566207941,0.0,22194.0,37.0,0.23199999999903054,31.6875,32.4375,36.81,0.0,0.0,0.0,0.0,0.0,20.0,0.3,0.1,0.2,0.1,0.4,0.1,0.1,0.1,0.5,0.0,65535.0,0.142397192339971,0.0,56363.0,0.09868175931018576,0.0,0.0,0.0,0.0,0.0,0.0,0.0,0.0,0.0,0.0
65405.02,0.8750927393940252,0.0,22194.0,37.0,0.1916999999990237,31.625,32.4375,36.97000000000003,0.0,0.0,0.0,0.0,0.0,20.0,0.3,0.1,0.2,0.1,0.4,0.1,0.1,0.1,0.5,0.0,65535.0,0.1432211795223926,0.0,55895.0,0.09952589677073083,0.0,0.0,0.0,0.0,0.0,0.0,0.0,0.0,0.0,0.0
65465.09,0.8536055404439687,0.0,22194.0,37.0,0.16019999999902138,31.6875,32.4375,37.09000000000003,0.0,0.0,0.0,0.0,0.0,20.0,0.3,0.1,0.2,0.1,0.4,0.1,0.1,0.1,0.5,0.0,65535.0,0.14291599908445868,0.0,55430.0,0.10012628540501534,0.0,0.0,0.0,0.0,0.0,0.0,0.0,0.0,0.0,0.0
65525.14,0.8851470137512505,0.0,22194.0,37.0,0.16779999999902612,31.6875,32.4375,37.05000000000001,0.0,0.0,0.0,0.0,0.0,20.0,0.3,0.1,0.2,0.1,0.4,0.1,0.1,0.1,0.5,0.0,65535.0,0.14265659571221484,0.0,56110.0,0.09926929246123685,0.0,0.0,0.0,0.0,0.0,0.0,0.0,0.0,0.0,0.0
65585.21,0.8285897713742263,0.0,22194.0,37.0,0.18809999999902102,31.625,32.4375,36.97000000000003,0.0,0.0,0.0,0.0,0.0,20.0,0.3,0.1,0.2,0.1,0.4,0.1,0.1,0.1,0.5,0.0,65535.0,0.14274814984359502,0.0,56270.0,0.09936022747467567,0.0,0.0,0.0,0.0,0.0,0.0,0.0,0.0,0.0,0.0
65645.25,0.8706623467733023,0.0,22194.0,37.0,0.24019999999901712,31.625,32.4375,36.77000000000004,0.0,0.0,0.0,0.0,0.0,20.0,0.3,0.1,0.2,0.1,0.4,0.1,0.1,0.1,0.5,0.0,65535.0,0.1427939269092851,0.0,56427.0,0.09887110780300211,0.0,0.0,0.0,0.0,0.0,0.0,0.0,0.0,0.0,0.0
65705.28,0.8776848175670146,0.0,22194.0,37.0,0.17339999999901845,31.6875,32.4375,37.03000000000003,0.0,0.0,0.0,0.0,0.0,20.0,0.3,0.1,0.2,0.1,0.4,0.1,0.1,0.1,0.5,0.0,65535.0,0.14392309452964064,0.0,56740.0,0.09871342967923863,0.0,0.0,0.0,0.0,0.0,0.0,0.0,0.0,0.0,0.0
65765.32,0.8754944017680892,0.0,22194.0,37.0,0.17539999999901237,31.625,32.4375,37.01000000000005,0.0,0.0,0.0,0.0,0.0,20.0,0.3,0.1,0.2,0.1,0.4,0.1,0.1,0.1,0.5,0.0,65535.0,0.142397192339971,0.0,56028.0,0.09973584636253302,0.0,0.0,0.0,0.0,0.0,0.0,0.0,0.0,0.0,0.0
65825.36,0.8991511948609163,0.0,22194.0,37.0,0.19099999999901154,31.625,32.4375,36.950000000000045,0.0,0.0,0.0,0.0,0.0,20.0,0.3,0.1,0.2,0.1,0.4,0.1,0.1,0.1,0.5,0.0,65535.0,0.14274814984359502,0.0,55880.0,0.09987473156764495,0.0,0.0,0.0,0.0,0.0,0.0,0.0,0.0,0.0,0.0
65885.41,0.8897100663507019,0.0,22194.0,37.0,0.18629999999901498,31.625,32.4375,36.97000000000003,0.0,0.0,0.0,0.0,0.0,20.0,0.3,0.1,0.2,0.1,0.4,0.1,0.1,0.1,0.5,0.0,65535.0,0.14398413061722742,0.0,55503.0,0.1006612255193413,0.0,0.0,0.0,0.0,0.0,0.0,0.0,0.0,0.0,0.0
65945.45,0.8413035265715013,0.0,22194.0,37.0,0.17449999999900895,31.625,32.5,37.01000000000005,0.0,0.0,0.0,0.0,0.0,20.0,0.3,0.1,0.2,0.1,0.4,0.1,0.1,0.1,0.5,0.0,65535.0,0.14345006485084305,0.0,56920.0,0.098805340829234,0.0,0.0,0.0,0.0,0.0,0.0,0.0,0.0,0.0,0.0
66005.52,0.8252764928827154,0.0,22194.0,37.0,0.18299999999901287,31.625,32.5,36.97000000000003,0.0,0.0,0.0,0.0,0.0,20.0,0.3,0.1,0.2,0.1,0.4,0.1,0.1,0.1,0.5,0.0,65535.0,0.14424353398947126,0.0,56441.0,0.09930724118991513,0.0,0.0,0.0,0.0,0.0,0.0,0.0,0.0,0.0,0.0
66065.59,0.8879217989044337,0.0,22194.0,37.0,0.2041999999990078,31.625,32.4375,36.89000000000004,0.0,0.0,0.0,0.0,0.0,20.0,0.3,0.1,0.2,0.1,0.4,0.1,0.1,0.1,0.5,0.0,65535.0,0.1446402685587854,0.0,56092.0,0.1000499179918705,0.0,0.0,0.0,0.0,0.0,0.0,0.0,0.0,0.0,0.0
66125.67,0.8922990952625343,0.0,22194.0,37.0,0.2126999999990117,31.5625,32.4375,36.85000000000002,0.0,0.0,0.0,0.0,0.0,20.0,0.3,0.1,0.2,0.1,0.4,0.1,0.1,0.1,0.5,0.0,65535.0,0.14442664225223162,0.0,55881.0,0.10039190422504966,0.0,0.0,0.0,0.0,0.0,0.0,0.0,0.0,0.0,0.0
66185.75,0.8516451307971091,0.0,22194.0,37.0,0.1688999999990089,31.625,32.5,37.03000000000003,0.0,0.0,0.0,0.0,0.0,20.0,0.3,0.1,0.2,0.1,0.4,0.1,0.1,0.1,0.5,0.0,65535.0,0.1444876783398184,0.0,56245.0,0.0999377722464219,0.0,0.0,0.0,0.0,0.0,0.0,0.0,0.0,0.0,0.0
66245.82,0.8814512336705218,0.0,22194.0,37.0,0.22419999999901544,31.5625,32.5,36.81,0.0,0.0,0.0,0.0,0.0,20.0,0.3,0.1,0.2,0.1,0.4,0.1,0.1,0.1,0.5,0.0,65535.0,0.14415197985809108,0.0,55895.0,0.10067090079613561,0.0,0.0,0.0,0.0,0.0,0.0,0.0,0.0,0.0,0.0
66305.86,0.8920535555537321,0.0,22194.0,37.0,0.1523999999990071,31.625,32.5,37.09000000000003,0.0,0.0,0.0,0.0,0.0,20.0,0.3,0.1,0.2,0.1,0.4,0.1,0.1,0.1,0.5,0.0,65535.0,0.14386205844205385,0.0,55861.0,0.10062476504180018,0.0,0.0,0.0,0.0,0.0,0.0,0.0,0.0,0.0,0.0
66365.94,0.9007231588523898,0.0,22194.0,37.0,0.2680999999990056,31.625,32.4375,36.650000000000034,0.0,0.0,0.0,0.0,0.0,20.0,0.3,0.1,0.2,0.1,0.4,0.1,0.1,0.1,0.5,0.0,65535.0,0.14558632791638057,0.0,56582.0,0.09983740412145205,0.0,0.0,0.0,0.0,0.0,0.0,0.0,0.0,0.0,0.0
66425.99,0.8737689334797022,0.0,22194.0,37.0,0.13099999999899897,31.5625,32.4375,37.190000000000055,0.0,0.0,0.0,0.0,0.0,20.0,0.3,0.1,0.2,0.1,0.4,0.1,0.1,0.1,0.5,0.0,65535.0,0.14494544899671932,0.0,56304.0,0.10008169934640523,0.0,0.0,0.0,0.0,0.0,0.0,0.0,0.0,0.0,0.0
66486.06,0.8317806392909886,0.0,22194.0,37.0,0.10359999999900713,31.625,32.5,37.29000000000002,0.0,0.0,0.0,0.0,0.0,20.0,0.3,0.1,0.2,0.1,0.4,0.1,0.1,0.1,0.5,0.0,65535.0,0.14444190127412831,0.0,56813.0,0.09976589864995687,0.0,0.0,0.0,0.0,0.0,0.0,0.0,0.0,0.0,0.0
66546.13,0.8451673897195725,0.0,22194.0,37.0,0.1690999999989993,31.625,32.4375,37.01000000000005,0.0,0.0,0.0,0.0,0.0,20.0,0.3,0.1,0.2,0.1,0.4,0.1,0.1,0.1,0.5,0.0,65535.0,0.1445944914930953,0.0,55963.0,0.10074513517860015,0.0,0.0,0.0,0.0,0.0,0.0,0.0,0.0,0.0,0.0
66606.2,0.8894246051497366,0.0,22194.0,37.0,0.19209999999900934,31.625,32.4375,36.93000000000001,0.0,0.0,0.0,0.0,0.0,20.0,0.3,0.1,0.2,0.1,0.4,0.1,0.1,0.1,0.5,0.0,65535.0,0.1454489967193103,0.0,56684.0,0.09990473502222849,0.0,0.0,0.0,0.0,0.0,0.0,0.0,0.0,0.0,0.0
66666.24,0.8234686284507475,0.0,22194.0,37.0,0.17149999999899795,31.625,32.4375,37.01000000000005,0.0,0.0,0.0,0.0,0.0,20.0,0.3,0.1,0.2,0.1,0.4,0.1,0.1,0.1,0.5,0.0,65535.0,0.14534218356603343,0.0,57035.0,0.09976330323485579,0.0,0.0,0.0,0.0,0.0,0.0,0.0,0.0,0.0,0.0
66726.29,0.8795710869192587,0.0,22194.0,37.0,0.18194999999900266,31.625,32.5,36.97000000000003,0.0,0.0,0.0,0.0,0.0,20.0,0.3,0.1,0.2,0.1,0.4,0.1,0.1,0.1,0.5,0.0,65535.0,0.14624246585793851,0.0,56293.0,0.1009717016325298,0.0,0.0,0.0,0.0,0.0,0.0,0.0,0.0,0.0,0.0
66786.33,0.8899445301250074,0.0,22194.0,37.0,0.19374999999900697,31.625,32.4375,36.89000000000004,0.0,0.0,0.0,0.0,0.0,20.0,0.3,0.1,0.2,0.1,0.4,0.1,0.1,0.1,0.5,0.0,65535.0,0.14552529182879378,0.0,55752.0,0.10130578275218827,0.0,0.0,0.0,0.0,0.0,0.0,0.0,0.0,0.0,0.0
66846.37,0.8865526639020531,0.0,22194.0,37.0,0.16344999999900525,31.625,32.5,37.110000000000014,0.0,0.0,0.0,0.0,0.0,20.0,0.3,0.1,0.2,0.1,0.4,0.1,0.1,0.1,0.5,0.0,65535.0,0.146669718471046,0.0,56587.0,0.10058847438457597,0.0,0.0,0.0,0.0,0.0,0.0,0.0,0.0,0.0,0.0
66906.42,0.8885735921652802,0.0,22194.0,37.0,0.18224999999900066,31.625,32.4375,36.77000000000004,0.0,0.0,0.0,0.0,0.0,20.0,0.3,0.1,0.2,0.1,0.4,0.1,0.1,0.1,0.5,0.0,65535.0,0.14615091172655834,0.0,55884.0,0.10142437907093264,0.0,0.0,0.0,0.0,0.0,0.0,0.0,0.0,0.0,0.0
66966.47,0.8387588618142348,0.0,22194.0,37.0,0.08684999999899617,31.625,32.5,36.950000000000045,0.0,0.0,0.0,0.0,0.0,20.0,0.3,0.1,0.2,0.1,0.4,0.1,0.1,0.1,0.5,0.0,65535.0,0.14618142977035173,0.0,56528.0,0.1005873195584489,0.0,0.0,0.0,0.0,0.0,0.0,0.0,0.0,0.0,0.0
67026.55,0.8899373422594185,0.0,22194.0,37.0,0.18304999999899393,31.5625,32.5625,36.79000000000002,0.0,0.0,0.0,0.0,0.0,20.0,0.3,0.1,0.2,0.1,0.4,0.1,0.1,0.1,0.5,0.0,65535.0,0.14642557412069887,0.0,56752.0,0.10043698900479278,0.0,0.0,0.0,0.0,0.0,0.0,0.0,0.0,0.0,0.0
67086.6,0.8972720325327687,0.0,22194.0,37.0,0.22604999999899916,31.625,32.5625,36.79000000000002,0.0,0.0,0.0,0.0,0.0,20.0,0.3,0.1,0.2,0.1,0.4,0.1,0.1,0.1,0.5,0.0,65535.0,0.1462882429236286,0.0,56373.0,0.1012009295229986,0.0,0.0,0.0,0.0,0.0,0.0,0.0,0.0,0.0,0.0
67146.63,0.8302293196874968,0.0,22194.0,37.0,0.16104999999900058,31.5625,32.5,36.950000000000045,0.0,0.0,0.0,0.0,0.0,20.0,0.3,0.1,0.2,0.1,0.4,0.1,0.1,0.1,0.5,0.0,65535.0,0.14622720683604182,0.0,56336.0,0.10117864243112752,0.0,0.0,0.0,0.0,0.0,0.0,0.0,0.0,0.0,0.0
67206.71,0.8418099370703609,0.0,22194.0,37.0,0.18484999999899057,31.625,32.5,36.870000000000005,0.0,0.0,0.0,0.0,0.0,20.0,0.3,0.1,0.2,0.1,0.4,0.1,0.1,0.1,0.5,0.0,65535.0,0.14685282673380637,0.0,57237.0,0.1000925974457082,0.0,0.0,0.0,0.0,0.0,0.0,0.0,0.0,0.0,0.0
67266.78,0.8830727608569026,0.0,22194.0,37.0,0.11894999999899197,31.5625,32.4375,36.89000000000004,0.0,0.0,0.0,0.0,0.0,20.0,0.3,0.1,0.2,0.1,0.4,0.1,0.1,0.1,0.5,0.0,65535.0,0.14685282673380637,0.0,56707.0,0.10062249810429047,0.0,0.0,0.0,0.0,0.0,0.0,0.0,0.0,0.0,0.0
67326.85,0.8911688931907944,0.0,22194.0,37.0,0.14214999999899675,31.5625,32.5,36.93000000000001,0.0,0.0,0.0,0.0,0.0,20.0,0.3,0.1,0.2,0.1,0.4,0.1,0.1,0.1,0.5,0.0,65535.0,0.14790569924467842,0.0,57128.0,0.10024856462680297,0.0,0.0,0.0,0.0,0.0,0.0,0.0,0.0,0.0,0.0
67386.89,0.8177352087401892,0.0,22194.0,37.0,0.2195499999989991,31.5625,32.5,36.710000000000036,0.0,0.0,0.0,0.0,0.0,20.0,0.3,0.1,0.2,0.1,0.4,0.1,0.1,0.1,0.5,0.0,65535.0,0.1467154955367361,0.0,56538.0,0.10102939615833599,0.0,0.0,0.0,0.0,0.0,0.0,0.0,0.0,0.0,0.0
67446.94,0.8895466255126862,0.0,22194.0,37.0,0.14364999999899536,31.5625,32.5,36.950000000000045,0.0,0.0,0.0,0.0,0.0,20.0,0.3,0.1,0.2,0.1,0.4,0.1,0.1,0.1,0.5,0.0,65535.0,0.14651712825207905,0.0,56852.0,0.1007352423837332,0.0,0.0,0.0,0.0,0.0,0.0,0.0,0.0,0.0,0.0
67507.02,0.9077881332773782,0.0,22194.0,37.0,0.18954999999899624,31.5625,32.5625,36.650000000000034,0.0,0.0,0.0,0.0,0.0,20.0,0.3,0.1,0.2,0.1,0.4,0.1,0.1,0.1,0.5,0.0,65535.0,0.14731059739070726,0.0,57082.0,0.10050453733225885,0.0,0.0,0.0,0.0,0.0,0.0,0.0,0.0,0.0,0.0
67567.07,0.8485779065111264,0.0,22194.0,37.0,0.18634999999898577,31.625,32.4375,36.97000000000003,0.0,0.0,0.0,0.0,0.0,20.0,0.3,0.1,0.2,0.1,0.4,0.1,0.1,0.1,0.5,0.0,65535.0,0.1467765316243229,0.0,56748.0,0.1011313174032565,0.0,0.0,0.0,0.0,0.0,0.0,0.0,0.0,0.0,0.0
67627.13,0.8891144961981017,0.0,22194.0,37.0,0.18814999999898496,31.5625,32.5,36.81,0.0,0.0,0.0,0.0,0.0,20.0,0.3,0.1,0.2,0.1,0.4,0.1,0.1,0.1,0.5,0.0,65535.0,0.148027771419852,0.0,57193.0,0.1007990488346476,0.0,0.0,0.0,0.0,0.0,0.0,0.0,0.0,0.0,0.0
67687.2,0.8265374351555415,0.0,22194.0,37.0,0.2137499999989901,31.5625,32.5,36.710000000000036,0.0,0.0,0.0,0.0,0.0,20.0,0.3,0.1,0.2,0.1,0.4,0.1,0.1,0.1,0.5,0.0,65535.0,0.14706645304036012,0.0,56056.0,0.10211217354074496,0.0,0.0,0.0,0.0,0.0,0.0,0.0,0.0,0.0,0.0
67747.27,0.8783662242288899,0.0,22194.0,37.0,0.18494999999898787,31.5625,32.4375,36.870000000000005,0.0,0.0,0.0,0.0,0.0,20.0,0.3,0.1,0.2,0.1,0.4,0.1,0.1,0.1,0.5,0.0,65535.0,0.14808880750743877,0.0,56762.0,0.101053521722279,0.0,0.0,0.0,0.0,0.0,0.0,0.0,0.0,0.0,0.0
67807.35,0.8298898521654849,0.0,22194.0,37.0,0.17284999999898126,31.625,32.5,36.870000000000005,0.0,0.0,0.0,0.0,0.0,20.0,0.3,0.1,0.2,0.1,0.4,0.1,0.1,0.1,0.5,0.0,65535.0,0.14789044022278172,0.0,56143.0,0.10202518568655042,0.0,0.0,0.0,0.0,0.0,0.0,0.0,0.0,0.0,0.0
67867.42,0.8329083795493617,0.0,22194.0,37.0,0.18964999999898102,31.625,32.5,36.93000000000001,0.0,0.0,0.0,0.0,0.0,20.0,0.3,0.1,0.2,0.1,0.4,0.1,0.1,0.1,0.5,0.0,65535.0,0.14782940413519494,0.0,56806.0,0.10106326796465162,0.0,0.0,0.0,0.0,0.0,0.0,0.0,0.0,0.0,0.0
67927.49,0.9089955290663795,0.0,22194.0,37.0,0.19314999999899032,31.625,32.5,37.03000000000003,0.0,0.0,0.0,0.0,0.0,20.0,0.3,0.1,0.2,0.1,0.4,0.1,0.1,0.1,0.5,0.0,65535.0,0.14775310902571145,0.0,56523.0,0.10165773225058826,0.0,0.0,0.0,0.0,0.0,0.0,0.0,0.0,0.0,0.0
67987.57,0.8971394222494808,0.0,22194.0,37.0,0.10364999999898133,31.625,32.5,37.03000000000003,0.0,0.0,0.0,0.0,0.0,20.0,0.3,0.1,0.2,0.1,0.4,0.1,0.1,0.1,0.5,0.0,65535.0,0.14770733196002137,0.0,56800.0,0.10142605633802818,0.0,0.0,0.0,0.0,0.0,0.0,0.0,0.0,0.0,0.0
68047.6,0.8364728314979454,0.0,22194.0,37.0,0.23254999999898035,31.5625,32.5625,36.870000000000005,0.0,0.0,0.0,0.0,0.0,20.0,0.3,0.1,0.2,0.1,0.4,0.1,0.1,0.1,0.5,0.0,65535.0,0.14853131914244297,0.0,57467.0,0.10089268623731881,0.0,0.0,0.0,0.0,0.0,0.0,0.0,0.0,0.0,0.0
68107.64,0.9055648069769404,0.0,22194.0,37.0,0.1922499999989877,31.5625,32.5,36.85000000000002,0.0,0.0,0.0,0.0,0.0,20.0,0.3,0.1,0.2,0.1,0.4,0.1,0.1,0.1,0.5,0.0,65535.0,0.14860761425192645,0.0,56653.0,0.10170688224807159,0.0,0.0,0.0,0.0,0.0,0.0,0.0,0.0,0.0,0.0
68167.69,0.8909684540185309,0.0,22194.0,37.0,0.15074999999898026,31.625,32.5,36.950000000000045,0.0,0.0,0.0,0.0,0.0,20.0,0.3,0.1,0.2,0.1,0.4,0.1,0.1,0.1,0.5,0.0,65535.0,0.1487907225146868,0.0,56886.0,0.10146609007488662,0.0,0.0,0.0,0.0,0.0,0.0,0.0,0.0,0.0,0.0
68227.75,0.8657447552517887,0.0,22194.0,37.0,0.2128499999989815,31.5625,32.5,36.85000000000002,0.0,0.0,0.0,0.0,0.0,20.0,0.3,0.1,0.2,0.1,0.4,0.1,0.1,0.1,0.5,0.0,65535.0,0.1492179751277943,0.0,56819.0,0.1020081310829124,0.0,0.0,0.0,0.0,0.0,0.0,0.0,0.0,0.0,0.0
68287.83,0.8835560199564199,0.0,22194.0,37.0,0.18554999999897961,31.625,32.5,36.97000000000003,0.0,0.0,0.0,0.0,0.0,20.0,0.3,0.1,0.2,0.1,0.4,0.1,0.1,0.1,0.5,0.0,65535.0,0.14831769283588922,0.0,56785.0,0.10152328960112705,0.0,0.0,0.0,0.0,0.0,0.0,0.0,0.0,0.0,0.0
68347.88,0.9010848280926292,0.0,22194.0,37.0,0.14634999999898257,31.625,32.5625,36.97000000000003,0.0,0.0,0.0,0.0,0.0,20.0,0.3,0.1,0.2,0.1,0.4,0.1,0.1,0.1,0.5,0.0,65535.0,0.14888227664606699,0.0,56289.0,0.10234681731777079,0.0,0.0,0.0,0.0,0.0,0.0,0.0,0.0,0.0,0.0
68407.92,0.9042154405609414,0.0,22194.0,37.0,0.14334999999898188,31.625,32.5625,37.01000000000005,0.0,0.0,0.0,0.0,0.0,20.0,0.3,0.1,0.2,0.1,0.4,0.1,0.1,0.1,0.5,0.0,65535.0,0.14938582436865797,0.0,56947.0,0.10176128681054314,0.0,0.0,0.0,0.0,0.0,0.0,0.0,0.0,0.0,0.0
68467.97,0.8323762212555549,0.0,22194.0,37.0,0.19254999999898315,31.625,32.5,36.93000000000001,0.0,0.0,0.0,0.0,0.0,20.0,0.3,0.1,0.2,0.1,0.4,0.1,0.1,0.1,0.5,0.0,65535.0,0.1501029983978027,0.0,57020.0,0.1016660820764644,0.0,0.0,0.0,0.0,0.0,0.0,0.0,0.0,0.0,0.0
68527.99,0.8352184495763759,0.0,22194.0,37.0,0.16284999999898173,31.625,32.5,36.97000000000003,0.0,0.0,0.0,0.0,0.0,20.0,0.3,0.1,0.2,0.1,0.4,0.1,0.1,0.1,0.5,0.0,65535.0,0.1488212405584802,0.0,57922.0,0.10047995580263112,0.0,0.0,0.0,0.0,0.0,0.0,0.0,0.0,0.0,0.0
68588.04,0.8362590648630869,0.0,22194.0,37.0,0.18194999999897685,31.625,32.5,36.870000000000005,0.0,0.0,0.0,0.0,0.0,20.0,0.3,0.1,0.2,0.1,0.4,0.1,0.1,0.1,0.5,0.0,65535.0,0.14984359502555886,0.0,56875.0,0.10220659340659341,0.0,0.0,0.0,0.0,0.0,0.0,0.0,0.0,0.0,0.0
68648.12,0.8810695129841069,0.0,22194.0,37.0,0.20574999999898191,31.625,32.5,36.710000000000036,0.0,0.0,0.0,0.0,0.0,20.0,0.3,0.1,0.2,0.1,0.4,0.1,0.1,0.1,0.5,0.0,65535.0,0.14897383077744716,0.0,57247.0,0.101472566248013,0.0,0.0,0.0,0.0,0.0,0.0,0.0,0.0,0.0,0.0
68708.19,0.8358946163737119,0.0,22194.0,37.0,0.20604999999898163,31.5625,32.5625,36.85000000000002,0.0,0.0,0.0,0.0,0.0,20.0,0.3,0.1,0.2,0.1,0.4,0.1,0.1,0.1,0.5,0.0,65535.0,0.14935530632486457,0.0,56696.0,0.1025116410328771,0.0,0.0,0.0,0.0,0.0,0.0,0.0,0.0,0.0,0.0
68768.23,0.8948956439827088,0.0,22194.0,37.0,0.14484999999897874,31.625,32.5625,37.01000000000005,0.0,0.0,0.0,0.0,0.0,20.0,0.3,0.1,0.2,0.1,0.4,0.1,0.1,0.1,0.5,0.0,65535.0,0.14946211947814145,0.0,57663.0,0.1011914052338588,0.0,0.0,0.0,0.0,0.0,0.0,0.0,0.0,0.0,0.0
68828.3,0.890192848496526,0.0,22194.0,37.0,0.16924999999896906,31.625,32.5625,36.85000000000002,0.0,0.0,0.0,0.0,0.0,20.0,0.3,0.1,0.2,0.1,0.4,0.1,0.1,0.1,0.5,0.0,65535.0,0.14996566720073243,0.0,56467.0,0.10290966405156994,0.0,0.0,0.0,0.0,0.0,0.0,0.0,0.0,0.0,0.0
68888.38,0.8747368606020618,0.0,22194.0,37.0,0.17374999999896754,31.625,32.5,36.89000000000004,0.0,0.0,0.0,0.0,0.0,20.0,0.3,0.1,0.2,0.1,0.4,0.1,0.1,0.1,0.5,0.0,65535.0,0.14973678187228198,0.0,56355.0,0.10291899565255967,0.0,0.0,0.0,0.0,0.0,0.0,0.0,0.0,0.0,0.0
68948.46,0.8335364481015535,0.0,22194.0,37.0,0.18464999999897183,31.6875,32.5,37.03000000000003,0.0,0.0,0.0,0.0,0.0,20.0,0.3,0.1,0.2,0.1,0.4,0.1,0.1,0.1,0.5,0.0,65535.0,0.15083543144884412,0.0,56394.0,0.10268822924424584,0.0,0.0,0.0,0.0,0.0,0.0,0.0,0.0,0.0,0.0
69008.53,0.89225666670006,0.0,22194.0,37.0,0.11044999999896313,31.625,32.5625,37.01000000000005,0.0,0.0,0.0,0.0,0.0,20.0,0.3,0.1,0.2,0.1,0.4,0.1,0.1,0.1,0.5,0.0,65535.0,0.15074387731746394,0.0,56781.0,0.10249907539493845,0.0,0.0,0.0,0.0,0.0,0.0,0.0,0.0,0.0,0.0
69068.59,0.8463661188582925,0.0,22194.0,37.0,0.18314999999896978,31.625,32.5625,36.79000000000002,0.0,0.0,0.0,0.0,0.0,20.0,0.3,0.1,0.2,0.1,0.4,0.1,0.1,0.1,0.5,0.0,65535.0,0.15036240177004653,0.0,57491.0,0.10177245134020978,0.0,0.0,0.0,0.0,0.0,0.0,0.0,0.0,0.0,0.0
69128.64,0.8607681386684126,0.0,22194.0,37.0,0.13224999999897172,31.625,32.5625,36.97000000000003,0.0,0.0,0.0,0.0,0.0,20.0,0.3,0.1,0.2,0.1,0.4,0.1,0.1,0.1,0.5,0.0,65535.0,0.15043869687953002,0.0,56981.0,0.10242010494726313,0.0,0.0,0.0,0.0,0.0,0.0,0.0,0.0,0.0,0.0
69188.68,0.8277709471929945,0.0,22194.0,37.0,0.20584999999896417,31.625,32.5625,36.950000000000045,0.0,0.0,0.0,0.0,0.0,20.0,0.3,0.1,0.2,0.1,0.4,0.1,0.1,0.1,0.5,0.0,65535.0,0.1501182574196994,0.0,57254.0,0.10182694658888462,0.0,0.0,0.0,0.0,0.0,0.0,0.0,0.0,0.0,0.0
69248.73,0.8760447492135256,0.0,22194.0,37.0,0.1328499999989703,31.6875,32.5,36.97000000000003,0.0,0.0,0.0,0.0,0.0,20.0,0.3,0.1,0.2,0.1,0.4,0.1,0.1,0.1,0.5,0.0,65535.0,0.15109483482108796,0.0,56761.0,0.10281707510438505,0.0,0.0,0.0,0.0,0.0,0.0,0.0,0.0,0.0,0.0
69308.77,0.9025528196120981,0.0,22194.0,37.0,0.1392499999989602,31.625,32.5625,36.870000000000005,0.0,0.0,0.0,0.0,0.0,20.0,0.3,0.1,0.2,0.1,0.4,0.1,0.1,0.1,0.5,0.0,65535.0,0.1513389791714351,0.0,56532.0,0.1032512559258473,0.0,0.0,0.0,0.0,0.0,0.0,0.0,0.0,0.0,0.0
69368.81,0.9013254786558462,0.0,22194.0,37.0,0.12094999999895836,31.625,32.5625,36.77000000000004,0.0,0.0,0.0,0.0,0.0,20.0,0.3,0.1,0.2,0.1,0.4,0.1,0.1,0.1,0.5,0.0,65535.0,0.15143053330281528,0.0,56491.0,0.10348551096634862,0.0,0.0,0.0,0.0,0.0,0.0,0.0,0.0,0.0,0.0
69428.89,0.8361040267927875,0.0,22194.0,37.0,0.22804999999896128,31.5625,32.5625,36.85000000000002,0.0,0.0,0.0,0.0,0.0,20.0,0.3,0.1,0.2,0.1,0.4,0.1,0.1,0.1,0.5,0.0,65535.0,0.15291065842679485,0.0,57166.0,0.10261344155616975,0.0,0.0,0.0,0.0,0.0,0.0,0.0,0.0,0.0,0.0
69488.92,0.8372862059197758,0.0,22194.0,37.0,0.1424499999989672,31.625,32.5625,36.93000000000001,0.0,0.0,0.0,0.0,0.0,20.0,0.3,0.1,0.2,0.1,0.4,0.1,0.1,0.1,0.5,0.0,65535.0,0.15190356298161287,0.0,57264.0,0.10280455434478905,0.0,0.0,0.0,0.0,0.0,0.0,0.0,0.0,0.0,0.0
69548.97,0.9151952210307951,0.0,22194.0,37.0,0.18304999999895785,31.625,32.5,36.79000000000002,0.0,0.0,0.0,0.0,0.0,20.0,0.3,0.1,0.2,0.1,0.4,0.1,0.1,0.1,0.5,0.0,65535.0,0.15211718928816662,0.0,56626.0,0.10352135061632466,0.0,0.0,0.0,0.0,0.0,0.0,0.0,0.0,0.0,0.0
69609.05,0.8670828014283858,0.0,22194.0,37.0,0.2013499999989571,31.5625,32.5,37.01000000000005,0.0,0.0,0.0,0.0,0.0,20.0,0.3,0.1,0.2,0.1,0.4,0.1,0.1,0.1,0.5,0.0,65535.0,0.1522392614633402,0.0,56988.0,0.1033024496385204,0.0,0.0,0.0,0.0,0.0,0.0,0.0,0.0,0.0,0.0
69669.1,0.8569539274476882,0.0,22194.0,37.0,0.19344999999896598,31.625,32.5625,36.97000000000003,0.0,0.0,0.0,0.0,0.0,20.0,0.3,0.1,0.2,0.1,0.4,0.1,0.1,0.1,0.5,0.0,65535.0,0.15201037613488974,0.0,57655.0,0.10222877460757956,0.0,0.0,0.0,0.0,0.0,0.0,0.0,0.0,0.0,0.0
69729.15,0.8729808416748204,0.0,22194.0,37.0,0.15254999999895882,31.625,32.5,37.13000000000005,0.0,0.0,0.0,0.0,0.0,20.0,0.3,0.1,0.2,0.1,0.4,0.1,0.1,0.1,0.5,0.0,65535.0,0.1513694972152285,0.0,56794.0,0.10340881078987217,0.0,0.0,0.0,0.0,0.0,0.0,0.0,0.0,0.0,0.0
69789.18,0.8505616990248221,0.0,22194.0,37.0,0.179849999998959,31.625,32.5,36.950000000000045,0.0,0.0,0.0,0.0,0.0,20.0,0.3,0.1,0.2,0.1,0.4,0.1,0.1,0.1,0.5,0.0,65535.0,0.15193408102540626,0.0,57411.0,0.10287227186427689,0.0,0.0,0.0,0.0,0.0,0.0,0.0,0.0,0.0,0.0
69849.25,0.8405173245431443,0.0,22194.0,37.0,0.2072499999989642,31.625,32.5625,36.73000000000002,0.0,0.0,0.0,0.0,0.0,20.0,0.3,0.1,0.2,0.1,0.4,0.1,0.1,0.1,0.5,0.0,65535.0,0.1531395437552453,0.0,57085.0,0.10300429184549356,0.0,0.0,0.0,0.0,0.0,0.0,0.0,0.0,0.0,0.0
69909.31,0.8335060518112188,0.0,22194.0,37.0,0.1675499999989568,31.625,32.5625,37.09000000000003,0.0,0.0,0.0,0.0,0.0,20.0,0.3,0.1,0.2,0.1,0.4,0.1,0.1,0.1,0.5,0.0,65535.0,0.15257495994506753,0.0,57289.0,0.10293424566670739,0.0,0.0,0.0,0.0,0.0,0.0,0.0,0.0,0.0,0.0
69969.38,0.857802626050592,0.0,22194.0,37.0,0.18344999999895656,31.625,32.5625,36.81,0.0,0.0,0.0,0.0,0.0,20.0,0.3,0.1,0.2,0.1,0.4,0.1,0.1,0.1,0.5,0.0,65535.0,0.15236133363851379,0.0,57384.0,0.10278126306984525,0.0,0.0,0.0,0.0,0.0,0.0,0.0,0.0,0.0,0.0
70029.42,0.8294657319865617,0.0,22194.0,37.0,0.16364999999895524,31.625,32.5,36.79000000000002,0.0,0.0,0.0,0.0,0.0,20.0,0.3,0.1,0.2,0.1,0.4,0.1,0.1,0.1,0.5,0.0,65535.0,0.15329213397421226,0.0,57612.0,0.10268694022078734,0.0,0.0,0.0,0.0,0.0,0.0,0.0,0.0,0.0,0.0
70089.46,0.835641372381821,0.0,22194.0,37.0,0.18924999999896036,31.625,32.5,36.85000000000002,0.0,0.0,0.0,0.0,0.0,20.0,0.3,0.1,0.2,0.1,0.4,0.1,0.1,0.1,0.5,0.0,65535.0,0.15374990463111315,0.0,57941.0,0.102328230441311,0.0,0.0,0.0,0.0,0.0,0.0,0.0,0.0,0.0,0.0
70149.53,0.9051475222615436,0.0,22194.0,37.0,0.19074999999895983,31.625,32.5,36.73000000000002,0.0,0.0,0.0,0.0,0.0,20.0,0.3,0.1,0.2,0.1,0.4,0.1,0.1,0.1,0.5,0.0,65535.0,0.1530937666895552,0.0,57498.0,0.10301227868795436,0.0,0.0,0.0,0.0,0.0,0.0,0.0,0.0,0.0,0.0
70209.57,0.8323834880652112,0.0,22194.0,37.0,0.17924999999895352,31.625,32.5625,36.85000000000002,0.0,0.0,0.0,0.0,0.0,20.0,0.3,0.1,0.2,0.1,0.4,0.1,0.1,0.1,0.5,0.0,65535.0,0.15342946517128253,0.0,57602.0,0.10286101177042464,0.0,0.0,0.0,0.0,0.0,0.0,0.0,0.0,0.0,0.0
70269.62,0.8393447827006688,0.0,22194.0,37.0,0.1869499999989482,31.625,32.5,36.85000000000002,0.0,0.0,0.0,0.0,0.0,20.0,0.3,0.1,0.2,0.1,0.4,0.1,0.1,0.1,0.5,0.0,65535.0,0.15338368810559244,0.0,57019.0,0.1037022746803697,0.0,0.0,0.0,0.0,0.0,0.0,0.0,0.0,0.0,0.0
70329.66,0.8622985222888091,0.0,22194.0,37.0,0.22394999999895376,31.5625,32.5625,36.710000000000036,0.0,0.0,0.0,0.0,0.0,20.0,0.3,0.1,0.2,0.1,0.4,0.1,0.1,0.1,0.5,0.0,65535.0,0.15362783245593958,0.0,58312.0,0.10258608862669777,0.0,0.0,0.0,0.0,0.0,0.0,0.0,0.0,0.0,0.0
70389.74,0.915370744887852,0.0,22194.0,37.0,0.19224999999895673,31.625,32.5625,36.93000000000001,0.0,0.0,0.0,0.0,0.0,20.0,0.3,0.1,0.2,0.1,0.4,0.1,0.1,0.1,0.5,0.0,65535.0,0.15338368810559244,0.0,56822.0,0.10409700468128542,0.0,0.0,0.0,0.0,0.0,0.0,0.0,0.0,0.0,0.0
70449.79,0.8445025476889088,0.0,22194.0,37.0,0.17254999999894538,31.6875,32.5625,36.870000000000005,0.0,0.0,0.0,0.0,0.0,20.0,0.3,0.1,0.2,0.1,0.4,0.1,0.1,0.1,0.5,0.0,65535.0,0.15411612115663387,0.0,57336.0,0.10346030417189898,0.0,0.0,0.0,0.0,0.0,0.0,0.0,0.0,0.0,0.0
70509.87,0.8922198027922046,0.0,22194.0,37.0,0.18634999999894447,31.6875,32.5625,36.950000000000045,0.0,0.0,0.0,0.0,0.0,20.0,0.3,0.1,0.2,0.1,0.4,0.1,0.1,0.1,0.5,0.0,65535.0,0.1539787899595636,0.0,57520.0,0.10365090403337969,0.0,0.0,0.0,0.0,0.0,0.0,0.0,0.0,0.0,0.0
70569.93,0.916333291842278,0.0,22194.0,37.0,0.17284999999894254,31.625,32.5625,37.01000000000005,0.0,0.0,0.0,0.0,0.0,20.0,0.3,0.1,0.2,0.1,0.4,0.1,0.1,0.1,0.5,0.0,65535.0,0.15463492790112154,0.0,57649.0,0.10314142482957206,0.0,0.0,0.0,0.0,0.0,0.0,0.0,0.0,0.0,0.0
70630.0,0.902488762310131,0.0,22194.0,37.0,0.16664999999894647,31.6875,32.5625,37.03000000000003,0.0,0.0,0.0,0.0,0.0,20.0,0.3,0.1,0.2,0.1,0.4,0.1,0.1,0.1,0.5,0.0,65535.0,0.15452811474784467,0.0,57027.0,0.10405597348624336,0.0,0.0,0.0,0.0,0.0,0.0,0.0,0.0,0.0,0.0
70690.07,0.8399006496360527,0.0,22194.0,37.0,0.15894999999895007,31.5625,32.5625,36.81,0.0,0.0,0.0,0.0,0.0,20.0,0.3,0.1,0.2,0.1,0.4,0.1,0.1,0.1,0.5,0.0,65535.0,0.15429922941939422,0.0,57372.0,0.10388342745590183,0.0,0.0,0.0,0.0,0.0,0.0,0.0,0.0,0.0,0.0
70750.12,0.9176775787163901,0.0,22194.0,37.0,0.2263499999989473,31.5625,32.5625,36.950000000000045,0.0,0.0,0.0,0.0,0.0,20.0,0.3,0.1,0.2,0.1,0.4,0.1,0.1,0.1,0.5,0.0,65535.0,0.15414663920042726,0.0,57219.0,0.10410877505723623,0.0,0.0,0.0,0.0,0.0,0.0,0.0,0.0,0.0,0.0
70810.2,0.8666874568910785,0.0,22194.0,37.0,0.1639499999989438,31.625,32.5625,37.03000000000003,0.0,0.0,0.0,0.0,0.0,20.0,0.3,0.1,0.2,0.1,0.4,0.1,0.1,0.1,0.5,0.0,65535.0,0.15495536736095217,0.0,57746.0,0.10352232189242545,0.0,0.0,0.0,0.0,0.0,0.0,0.0,0.0,0.0,0.0
70870.24,0.8951807970470377,0.0,22194.0,37.0,0.18514999999893872,31.625,32.5,36.870000000000005,0.0,0.0,0.0,0.0,0.0,20.0,0.3,0.1,0.2,0.1,0.4,0.1,0.1,0.1,0.5,0.0,65535.0,0.15468070496681163,0.0,57350.0,0.1038360941586748,0.0,0.0,0.0,0.0,0.0,0.0,0.0,0.0,0.0,0.0
70930.31,0.9065097165623015,0.0,22194.0,37.0,0.17044999999893704,31.625,32.5625,36.79000000000002,0.0,0.0,0.0,0.0,0.0,20.0,0.3,0.1,0.2,0.1,0.4,0.1,0.1,0.1,0.5,0.0,65535.0,0.15431448844129092,0.0,57990.0,0.10334540438006552,0.0,0.0,0.0,0.0,0.0,0.0,0.0,0.0,0.0,0.0
70990.37,0.8689409262796588,0.0,22194.0,37.0,0.18164999999894105,31.5625,32.5625,36.97000000000003,0.0,0.0,0.0,0.0,0.0,20.0,0.3,0.1,0.2,0.1,0.4,0.1,0.1,0.1,0.5,0.0,65535.0,0.15614557106889448,0.0,57197.0,0.10455093798625802,0.0,0.0,0.0,0.0,0.0,0.0,0.0,0.0,0.0,0.0
71050.41,0.8442984476015091,0.0,22194.0,37.0,0.11834999999893753,31.625,32.5625,36.950000000000045,0.0,0.0,0.0,0.0,0.0,20.0,0.3,0.1,0.2,0.1,0.4,0.1,0.1,0.1,0.5,0.0,65535.0,0.1560540169375143,0.0,57257.0,0.10438898300644463,0.0,0.0,0.0,0.0,0.0,0.0,0.0,0.0,0.0,0.0
71110.46,0.9039207188412659,0.0,22194.0,37.0,0.18044999999893874,31.625,32.5625,36.79000000000002,0.0,0.0,0.0,0.0,0.0,20.0,0.3,0.1,0.2,0.1,0.4,0.1,0.1,0.1,0.5,0.0,65535.0,0.15551995117112993,0.0,57117.0,0.10446977257208886,0.0,0.0,0.0,0.0,0.0,0.0,0.0,0.0,0.0,0.0
71170.52,0.8965415820006579,0.0,22194.0,37.0,0.20844999999894423,31.5625,32.5625,36.870000000000005,0.0,0.0,0.0,0.0,0.0,20.0,0.3,0.1,0.2,0.1,0.4,0.1,0.1,0.1,0.5,0.0,65535.0,0.15634393835355154,0.0,57721.0,0.10389632889243083,0.0,0.0,0.0,0.0,0.0,0.0,0.0,0.0,0.0,0.0
71230.59,0.8859555325974422,0.0,22194.0,37.0,0.13164999999894045,31.625,32.5625,36.79000000000002,0.0,0.0,0.0,0.0,0.0,20.0,0.3,0.1,0.2,0.1,0.4,0.1,0.1,0.1,0.5,0.0,65535.0,0.15516899366750592,0.0,57324.0,0.104284418393692,0.0,0.0,0.0,0.0,0.0,0.0,0.0,0.0,0.0,0.0
71290.66,0.8776085146764936,0.0,22194.0,37.0,0.1642499999989358,31.6875,32.5625,36.950000000000045,0.0,0.0,0.0,0.0,0.0,20.0,0.3,0.1,0.2,0.1,0.4,0.1,0.1,0.1,0.5,0.0,65535.0,0.15539787899595636,0.0,57322.0,0.10454973657583476,0.0,0.0,0.0,0.0,0.0,0.0,0.0,0.0,0.0,0.0
71350.74,0.8419007607502361,0.0,22194.0,37.0,0.22164999999894214,31.625,32.5,36.950000000000045,0.0,0.0,0.0,0.0,0.0,20.0,0.3,0.1,0.2,0.1,0.4,0.1,0.1,0.1,0.5,0.0,65535.0,0.15580987258716716,0.0,57387.0,0.10446616829595554,0.0,0.0,0.0,0.0,0.0,0.0,0.0,0.0,0.0,0.0
71410.81,0.8635853194434558,0.0,22194.0,37.0,0.18814999999892995,31.625,32.5,36.950000000000045,0.0,0.0,0.0,0.0,0.0,20.0,0.3,0.1,0.2,0.1,0.4,0.1,0.1,0.1,0.5,0.0,65535.0,0.15761043717097734,0.0,57500.0,0.10455652173913044,0.0,0.0,0.0,0.0,0.0,0.0,0.0,0.0,0.0,0.0
71470.89,0.9019670387310417,0.0,22194.0,37.0,0.16874999999893336,31.625,32.5625,36.97000000000003,0.0,0.0,0.0,0.0,0.0,20.0,0.3,0.1,0.2,0.1,0.4,0.1,0.1,0.1,0.5,0.0,65535.0,0.15628290226596475,0.0,57447.0,0.10444409629745678,0.0,0.0,0.0,0.0,0.0,0.0,0.0,0.0,0.0,0.0
71530.96,0.9223060584897582,0.0,22194.0,37.0,0.1666499999989327,31.625,32.5625,37.03000000000003,0.0,0.0,0.0,0.0,0.0,20.0,0.3,0.1,0.2,0.1,0.4,0.1,0.1,0.1,0.5,0.0,65535.0,0.15555046921492333,0.0,58057.0,0.10381177119038186,0.0,0.0,0.0,0.0,0.0,0.0,0.0,0.0,0.0,0.0
71591.03,0.8998686149461512,0.0,22194.0,37.0,0.12454999999892494,31.625,32.5625,36.79000000000002,0.0,0.0,0.0,0.0,0.0,20.0,0.3,0.1,0.2,0.1,0.4,0.1,0.1,0.1,0.5,0.0,65535.0,0.15642023346303502,0.0,57783.0,0.10437325857085994,0.0,0.0,0.0,0.0,0.0,0.0,0.0,0.0,0.0,0.0
71651.11,0.8507054295539699,0.0,22194.0,37.0,0.19164999999893664,31.625,32.5625,36.950000000000045,0.0,0.0,0.0,0.0,0.0,20.0,0.3,0.1,0.2,0.1,0.4,0.1,0.1,0.1,0.5,0.0,65535.0,0.1564812695506218,0.0,57411.0,0.1048927905802024,0.0,0.0,0.0,0.0,0.0,0.0,0.0,0.0,0.0,0.0
71711.18,0.8576027333705373,0.0,22194.0,37.0,0.20374999999892648,31.6875,32.5625,36.950000000000045,0.0,0.0,0.0,0.0,0.0,20.0,0.3,0.1,0.2,0.1,0.4,0.1,0.1,0.1,0.5,0.0,65535.0,0.1569542992294194,0.0,58267.0,0.10393533217773354,0.0,0.0,0.0,0.0,0.0,0.0,0.0,0.0,0.0,0.0
71771.26,0.8640557180206861,0.0,22194.0,37.0,0.14694999999893296,31.6875,32.5,36.950000000000045,0.0,0.0,0.0,0.0,0.0,20.0,0.3,0.1,0.2,0.1,0.4,0.1,0.1,0.1,0.5,0.0,65535.0,0.15712214847028305,0.0,58408.0,0.10351321736748391,0.0,0.0,0.0,0.0,0.0,0.0,0.0,0.0,0.0,0.0
71831.33,0.8413064025314934,0.0,22194.0,37.0,0.2508499999989263,31.6875,32.5625,36.93000000000001,0.0,0.0,0.0,0.0,0.0,20.0,0.3,0.1,0.2,0.1,0.4,0.1,0.1,0.1,0.5,0.0,65535.0,0.1564660105287251,0.0,57947.0,0.10444026437951921,0.0,0.0,0.0,0.0,0.0,0.0,0.0,0.0,0.0,0.0
71891.4,0.8813484122202662,0.0,22194.0,37.0,0.17794999999892241,31.6875,32.5625,37.01000000000005,0.0,0.0,0.0,0.0,0.0,20.0,0.3,0.1,0.2,0.1,0.4,0.1,0.1,0.1,0.5,0.0,65535.0,0.15629816128786145,0.0,58429.0,0.10366427630115183,0.0,0.0,0.0,0.0,0.0,0.0,0.0,0.0,0.0,0.0
71951.48,0.917376111521464,0.0,22194.0,37.0,0.1646499999989311,31.6875,32.5625,37.09000000000003,0.0,0.0,0.0,0.0,0.0,20.0,0.3,0.1,0.2,0.1,0.4,0.1,0.1,0.1,0.5,0.0,65535.0,0.1569390402075227,0.0,57603.0,0.10480356925854556,0.0,0.0,0.0,0.0,0.0,0.0,0.0,0.0,0.0,0.0
72011.55,0.9142605722210588,0.0,22194.0,37.0,0.15014999999892495,31.6875,32.5625,37.01000000000005,0.0,0.0,0.0,0.0,0.0,20.0,0.3,0.1,0.2,0.1,0.4,0.1,0.1,0.1,0.5,0.0,65535.0,0.15841916533150224,0.0,58061.0,0.10475189886498683,0.0,0.0,0.0,0.0,0.0,0.0,0.0,0.0,0.0,0.0
72071.63,0.9062840960036141,0.0,22194.0,37.0,0.1919499999989304,31.625,32.5625,36.870000000000005,0.0,0.0,0.0,0.0,0.0,20.0,0.3,0.1,0.2,0.1,0.4,0.1,0.1,0.1,0.5,0.0,65535.0,0.15800717174029144,0.0,57425.0,0.10516325642141924,0.0,0.0,0.0,0.0,0.0,0.0,0.0,0.0,0.0,0.0
72131.7,0.9303258241077581,0.0,22194.0,37.0,0.14044999999891783,31.6875,32.5625,36.81,0.0,0.0048,0.25,0.0,0.0,20.0,0.3,0.1,0.2,0.1,0.4,0.1,0.1,0.1,0.5,0.0,65535.0,0.15808346684977492,0.0,57672.0,0.1051116659730892,0.0,0.0,0.0,0.0,0.0,0.0,0.0,0.0,0.0,0.0
72191.77,0.8946853449213672,0.0,22194.0,37.0,0.28739999999892574,31.6875,32.625,36.610000000000014,0.0,0.0,0.0,0.0,0.0,20.0,0.3,0.1,0.2,0.1,0.4,0.1,0.1,0.1,0.5,0.0,65535.0,0.15461966887922485,0.0,56144.0,0.10540752351097178,0.0,0.0,0.0,0.0,0.0,0.0,0.0,0.0,0.0,0.0
72251.82,0.8512344220871829,0.0,22194.0,37.0,0.19784999999892192,31.625,32.5625,36.93000000000001,0.0,0.0,0.0,0.0,0.0,20.0,0.3,0.1,0.2,0.1,0.4,0.1,0.1,0.1,0.5,0.0,65535.0,0.15466544594491494,0.0,56757.0,0.10446288563525204,0.0,0.0,0.0,0.0,0.0,0.0,0.0,0.0,0.0,0.0
72311.9,0.8923552717119017,0.0,22194.0,37.0,0.15574999999891417,31.6875,32.5625,36.89000000000004,0.0,0.0,0.0,0.0,0.0,20.0,0.3,0.1,0.2,0.1,0.4,0.1,0.1,0.1,0.5,0.0,65535.0,0.15371938658731976,0.0,57095.0,0.1038970137490148,0.0,0.0,0.0,0.0,0.0,0.0,0.0,0.0,0.0,0.0
72371.98,0.8824809990902214,0.0,22194.0,37.0,0.16364999999891863,31.6875,32.5625,36.950000000000045,0.0,0.0,0.0,0.0,0.0,20.0,0.3,0.1,0.2,0.1,0.4,0.1,0.1,0.1,0.5,0.0,65535.0,0.15490959029526208,0.0,56876.0,0.10415641043673958,0.0,0.0,0.0,0.0,0.0,0.0,0.0,0.0,0.0,0.0
72432.05,0.8860672599991164,0.0,22194.0,37.0,0.13944999999892216,31.6875,32.5625,36.85000000000002,0.0,0.0,0.0,0.0,0.0,20.0,0.3,0.1,0.2,0.1,0.4,0.1,0.1,0.1,0.5,0.0,65535.0,0.1543755245288777,0.0,56701.0,0.10461896615579973,0.0,0.0,0.0,0.0,0.0,0.0,0.0,0.0,0.0,0.0
72492.1,0.9028785016517478,0.0,22194.0,37.0,0.177949999998913,31.6875,32.5625,36.89000000000004,0.0,0.0,0.0,0.0,0.0,20.0,0.3,0.1,0.2,0.1,0.4,0.1,0.1,0.1,0.5,0.0,65535.0,0.15460440985732815,0.0,56616.0,0.10489967500353257,0.0,0.0,0.0,0.0,0.0,0.0,0.0,0.0,0.0,0.0
72552.18,0.8240680823794808,0.0,22194.0,37.0,0.14644999999891067,31.6875,32.625,36.89000000000004,0.0,0.0,0.0,0.0,0.0,20.0,0.3,0.1,0.2,0.1,0.4,0.1,0.1,0.1,0.5,0.0,65535.0,0.15414663920042726,0.0,57166.0,0.10380295980128049,0.0,0.0,0.0,0.0,0.0,0.0,0.0,0.0,0.0,0.0
72612.23,0.8439702160006259,0.0,22194.0,37.0,0.19144999999891152,31.6875,32.5625,36.77000000000004,0.0,0.0,0.0,0.0,0.0,20.0,0.3,0.1,0.2,0.1,0.4,0.1,0.1,0.1,0.5,0.0,65535.0,0.15503166247043565,0.0,56917.0,0.10462603440096983,0.0,0.0,0.0,0.0,0.0,0.0,0.0,0.0,0.0,0.0
72672.29,0.8853445227295903,0.0,22194.0,37.0,0.17674999999890983,31.6875,32.5625,36.85000000000002,0.0,0.0,0.0,0.0,0.0,20.0,0.3,0.1,0.2,0.1,0.4,0.1,0.1,0.1,0.5,0.0,65535.0,0.15497062638284886,0.0,56751.0,0.10449155080967737,0.0,0.0,0.0,0.0,0.0,0.0,0.0,0.0,0.0,0.0
72732.33,0.8423673542537358,0.0,22194.0,37.0,0.15734999999891325,31.6875,32.5625,37.01000000000005,0.0,0.0,0.0,0.0,0.0,20.0,0.3,0.1,0.2,0.1,0.4,0.1,0.1,0.1,0.5,0.0,65535.0,0.15596246280613413,0.0,57042.0,0.10451947687668735,0.0,0.0,0.0,0.0,0.0,0.0,0.0,0.0,0.0,0.0
72792.38,0.8506109373978834,0.0,22194.0,37.0,0.15674999999891207,31.6875,32.5625,36.950000000000045,0.0,0.0,0.0,0.0,0.0,20.0,0.3,0.1,0.2,0.1,0.4,0.1,0.1,0.1,0.5,0.0,65535.0,0.15532158388647288,0.0,56298.0,0.10545667696898646,0.0,0.0,0.0,0.0,0.0,0.0,0.0,0.0,0.0,0.0
72852.42,0.8345144005445233,0.0,22194.0,37.0,0.15704999999891092,31.6875,32.5625,36.97000000000003,0.0,0.0,0.0,0.0,0.0,20.0,0.3,0.1,0.2,0.1,0.4,0.1,0.1,0.1,0.5,0.0,65535.0,0.15429922941939422,0.0,56974.0,0.10455646435216064,0.0,0.0,0.0,0.0,0.0,0.0,0.0,0.0,0.0,0.0
72912.49,0.8559704984132657,0.0,22194.0,37.0,0.10014999999891322,31.625,32.5625,37.05000000000001,0.0,0.0,0.0,0.0,0.0,20.0,0.3,0.1,0.2,0.1,0.4,0.1,0.1,0.1,0.5,0.0,65535.0,0.15600823987182422,0.0,56553.0,0.10556469152830089,0.0,0.0,0.0,0.0,0.0,0.0,0.0,0.0,0.0,0.0
72972.53,0.8246343377992588,0.0,22194.0,37.0,0.21194999999891187,31.6875,32.5625,36.77000000000004,0.0,0.0,0.0,0.0,0.0,20.0,0.3,0.1,0.2,0.1,0.4,0.1,0.1,0.1,0.5,0.0,65535.0,0.15515373464560922,0.0,57023.0,0.1046595233502271,0.0,0.0,0.0,0.0,0.0,0.0,0.0,0.0,0.0,0.0
73032.57,0.9041417941514168,0.0,22194.0,37.0,0.20674999999890578,31.625,32.625,36.97000000000003,0.0,0.0,0.0,0.0,0.0,20.0,0.3,0.1,0.2,0.1,0.4,0.1,0.1,0.1,0.5,0.0,65535.0,0.1560540169375143,0.0,57093.0,0.10479393270628623,0.0,0.0,0.0,0.0,0.0,0.0,0.0,0.0,0.0,0.0
73092.62,0.8967270687370217,0.0,22194.0,37.0,0.1679499999989135,31.6875,32.625,36.89000000000004,0.0,0.0,0.0,0.0,0.0,20.0,0.3,0.1,0.2,0.1,0.4,0.1,0.1,0.1,0.5,0.0,65535.0,0.15672541390096895,0.0,56677.0,0.10543959630890838,0.0,0.0,0.0,0.0,0.0,0.0,0.0,0.0,0.0,0.0
73152.69,0.8455223395715217,0.0,22194.0,37.0,0.10344999999891022,31.75,32.625,37.110000000000014,0.0,0.0,0.0,0.0,0.0,20.0,0.3,0.1,0.2,0.1,0.4,0.1,0.1,0.1,0.5,0.0,65535.0,0.15548943312733654,0.0,56267.0,0.10592354310697212,0.0,0.0,0.0,0.0,0.0,0.0,0.0,0.0,0.0,0.0
73212.76,0.8249509477203584,0.0,22194.0,37.0,0.16484999999890695,31.6875,32.5625,36.79000000000002,0.0,0.0,0.0,0.0,0.0,20.0,0.3,0.1,0.2,0.1,0.4,0.1,0.1,0.1,0.5,0.0,65535.0,0.15619134813458457,0.0,57206.0,0.10470929622766843,0.0,0.0,0.0,0.0,0.0,0.0,0.0,0.0,0.0,0.0
73272.79,0.8750078632789964,0.0,22194.0,37.0,0.181349999998907,31.6875,32.625,36.950000000000045,0.0,0.0,0.0,0.0,0.0,20.0,0.3,0.1,0.2,0.1,0.4,0.1,0.1,0.1,0.5,0.0,65535.0,0.1560387579156176,0.0,56793.0,0.10538270561512862,0.0,0.0,0.0,0.0,0.0,0.0,0.0,0.0,0.0,0.0
73332.84,0.871402715658735,0.0,22194.0,37.0,0.1433499999989097,31.6875,32.625,36.89000000000004,0.0,0.0,0.0,0.0,0.0,20.0,0.3,0.1,0.2,0.1,0.4,0.1,0.1,0.1,0.5,0.0,65535.0,0.1565423056382086,0.0,56810.0,0.10547438831191691,0.0,0.0,0.0,0.0,0.0,0.0,0.0,0.0,0.0,0.0
73392.92,0.8781888718511613,0.0,22194.0,37.0,0.14744999999890426,31.625,32.625,36.79000000000002,0.0,0.0,0.0,0.0,0.0,20.0,0.3,0.1,0.2,0.1,0.4,0.1,0.1,0.1,0.5,0.0,65535.0,0.15643549248493172,0.0,57476.0,0.10491335513953651,0.0,0.0,0.0,0.0,0.0,0.0,0.0,0.0,0.0,0.0
73453.0,0.8890006482775868,0.0,22194.0,37.0,0.1565499999989085,31.625,32.5625,36.79000000000002,0.0,0.0,0.0,0.0,0.0,20.0,0.3,0.1,0.2,0.1,0.4,0.1,0.1,0.1,0.5,0.0,65535.0,0.157778286411841,0.0,57957.0,0.10428421070793864,0.0,0.0,0.0,0.0,0.0,0.0,0.0,0.0,0.0,0.0
73513.05,0.8222251469752204,0.0,22194.0,37.0,0.11914999999889647,31.6875,32.625,36.89000000000004,0.0,0.0,0.0,0.0,0.0,20.0,0.3,0.1,0.2,0.1,0.4,0.1,0.1,0.1,0.5,0.0,65535.0,0.1568780041199359,0.0,57210.0,0.10522635902814194,0.0,0.0,0.0,0.0,0.0,0.0,0.0,0.0,0.0,0.0
73573.09,0.8309245559817784,0.0,22194.0,37.0,0.20594999999890365,31.625,32.625,36.49000000000001,0.0,0.0,0.0,0.0,0.0,20.0,0.3,0.1,0.2,0.1,0.4,0.1,0.1,0.1,0.5,0.0,65535.0,0.15768673228046082,0.0,57710.0,0.10486917345347427,0.0,0.0,0.0,0.0,0.0,0.0,0.0,0.0,0.0,0.0
73633.14,0.8995831990053149,0.0,22194.0,37.0,0.1771499999989014,31.625,32.625,36.73000000000002,0.0,0.0,0.0,0.0,0.0,20.0,0.3,0.1,0.2,0.1,0.4,0.1,0.1,0.1,0.5,0.0,65535.0,0.1577172503242542,0.0,56757.0,0.10626002079038709,0.0,0.0,0.0,0.0,0.0,0.0,0.0,0.0,0.0,0.0
73693.21,0.8309353875727264,0.0,22194.0,37.0,0.24844999999889852,31.625,32.625,36.97000000000003,0.0,0.0,0.0,0.0,0.0,20.0,0.3,0.1,0.2,0.1,0.4,0.1,0.1,0.1,0.5,0.0,65535.0,0.15757991912718394,0.0,57728.0,0.10473253880266076,0.0,0.0,0.0,0.0,0.0,0.0,0.0,0.0,0.0,0.0
73753.29,0.8652780064218837,0.0,22194.0,37.0,0.16844999999889937,31.6875,32.5625,37.05000000000001,0.0,0.0,0.0,0.0,0.0,20.0,0.3,0.1,0.2,0.1,0.4,0.1,0.1,0.1,0.5,0.0,65535.0,0.156923781185626,0.0,57507.0,0.10503069191576678,0.0,0.0,0.0,0.0,0.0,0.0,0.0,0.0,0.0,0.0
73813.36,0.8341102989245313,0.0,22194.0,37.0,0.16314999999890334,31.6875,32.625,37.01000000000005,0.0,0.0,0.0,0.0,0.0,20.0,0.3,0.1,0.2,0.1,0.4,0.1,0.1,0.1,0.5,0.0,65535.0,0.15747310597390707,0.0,56615.0,0.10645588624922724,0.0,0.0,0.0,0.0,0.0,0.0,0.0,0.0,0.0,0.0
73873.41,0.827776635092529,0.0,22194.0,37.0,0.21644999999890005,31.6875,32.5625,37.03000000000003,0.0,0.0,0.0,0.0,0.0,20.0,0.3,0.1,0.2,0.1,0.4,0.1,0.1,0.1,0.5,0.0,65535.0,0.15747310597390707,0.0,57331.0,0.10537056740681307,0.0,0.0,0.0,0.0,0.0,0.0,0.0,0.0,0.0,0.0
73933.48,0.8296625864966949,0.0,22194.0,37.0,0.1343499999989011,31.6875,32.625,36.93000000000001,0.0,0.0,0.0,0.0,0.0,20.0,0.3,0.1,0.2,0.1,0.4,0.1,0.1,0.1,0.5,0.0,65535.0,0.15791561760891126,0.0,57768.0,0.1049023680930619,0.0,0.0,0.0,0.0,0.0,0.0,0.0,0.0,0.0,0.0
73993.52,0.8741526953536117,0.0,22194.0,37.0,0.1292499999989006,31.6875,32.625,37.01000000000005,0.0,0.0,0.0,0.0,0.0,20.0,0.3,0.1,0.2,0.1,0.4,0.1,0.1,0.1,0.5,0.0,65535.0,0.1573968108644236,0.0,57118.0,0.10572849189397387,0.0,0.0,0.0,0.0,0.0,0.0,0.0,0.0,0.0,0.0
74053.6,0.9066802097473163,0.0,22194.0,37.0,0.20044999999889268,31.6875,32.5625,36.81,0.0,0.0,0.0,0.0,0.0,20.0,0.3,0.1,0.2,0.1,0.4,0.1,0.1,0.1,0.5,0.0,65535.0,0.15797665369649805,0.0,57334.0,0.10564412041720445,0.0,0.0,0.0,0.0,0.0,0.0,0.0,0.0,0.0,0.0
74113.68,0.8407257429024553,0.0,22194.0,37.0,0.17074999999889043,31.6875,32.625,36.85000000000002,0.0,0.0,0.0,0.0,0.0,20.0,0.3,0.1,0.2,0.1,0.4,0.1,0.1,0.1,0.5,0.0,65535.0,0.15825131609063858,0.0,57288.0,0.10581622678396872,0.0,0.0,0.0,0.0,0.0,0.0,0.0,0.0,0.0,0.0
74173.73,0.8902257698142049,0.0,22194.0,37.0,0.18104999999889443,31.6875,32.625,36.93000000000001,0.0,0.0,0.0,0.0,0.0,20.0,0.3,0.1,0.2,0.1,0.4,0.1,0.1,0.1,0.5,0.0,65535.0,0.1586175326161593,0.0,57305.0,0.10552307826542187,0.0,0.0,0.0,0.0,0.0,0.0,0.0,0.0,0.0,0.0
74233.79,0.8653928322452858,0.0,22194.0,37.0,0.22254999999890016,31.6875,32.5625,36.870000000000005,0.0,0.0,0.0,0.0,0.0,20.0,0.3,0.1,0.2,0.1,0.4,0.1,0.1,0.1,0.5,0.0,65535.0,0.15846494239719233,0.0,57548.0,0.1057204420657538,0.0,0.0,0.0,0.0,0.0,0.0,0.0,0.0,0.0,0.0
74293.84,0.8348679166629043,0.0,22194.0,37.0,0.18134999999889329,31.6875,32.5625,36.950000000000045,0.0,0.0,0.0,0.0,0.0,20.0,0.3,0.1,0.2,0.1,0.4,0.1,0.1,0.1,0.5,0.0,65535.0,0.1594262607766842,0.0,57025.0,0.10639193336256028,0.0,0.0,0.0,0.0,0.0,0.0,0.0,0.0,0.0,0.0
74353.89,0.8681989045094409,0.0,22194.0,37.0,0.13984999999888584,31.6875,32.625,36.81,0.0,0.0,0.0,0.0,0.0,20.0,0.3,0.1,0.2,0.1,0.4,0.1,0.1,0.1,0.5,0.0,65535.0,0.1585870145723659,0.0,57796.0,0.10524949823517199,0.0,0.0,0.0,0.0,0.0,0.0,0.0,0.0,0.0,0.0
74413.95,0.8980685928105034,0.0,22194.0,37.0,0.14654999999888968,31.625,32.625,36.79000000000002,0.0,0.0,0.0,0.0,0.0,20.0,0.3,0.1,0.2,0.1,0.4,0.1,0.1,0.1,0.5,0.0,65535.0,0.15873960479133287,0.0,57264.0,0.10619237217099749,0.0,0.0,0.0,0.0,0.0,0.0,0.0,0.0,0.0,0.0
74474.0,0.8534331857790363,0.0,22194.0,37.0,0.1671499999988843,31.6875,32.625,36.93000000000001,0.0,0.0,0.0,0.0,0.0,20.0,0.3,0.1,0.2,0.1,0.4,0.1,0.1,0.1,0.5,0.0,65535.0,0.15875486381322956,0.0,56767.0,0.1071220955837018,0.0,0.0,0.0,0.0,0.0,0.0,0.0,0.0,0.0,0.0
74534.04,0.8278112934901236,0.0,22194.0,37.0,0.1677499999988829,31.625,32.5625,36.85000000000002,0.0,0.0,0.0,0.0,0.0,20.0,0.3,0.1,0.2,0.1,0.4,0.1,0.1,0.1,0.5,0.0,65535.0,0.15960936903944456,0.0,57733.0,0.10578005646683872,0.0,0.0,0.0,0.0,0.0,0.0,0.0,0.0,0.0,0.0
74594.12,0.8852965408014422,0.0,22194.0,37.0,0.18014999999888753,31.625,32.625,36.85000000000002,0.0,0.0,0.0,0.0,0.0,20.0,0.3,0.1,0.2,0.1,0.4,0.1,0.1,0.1,0.5,0.0,65535.0,0.16012817578393224,0.0,56859.0,0.1069839427355388,0.0,0.0,0.0,0.0,0.0,0.0,0.0,0.0,0.0,0.0
74654.15,0.9050960241350523,0.0,22194.0,37.0,0.13684999999888,31.6875,32.625,36.81,0.0,0.0,0.0,0.0,0.0,20.0,0.3,0.1,0.2,0.1,0.4,0.1,0.1,0.1,0.5,0.0,65535.0,0.15965514610513465,0.0,57181.0,0.10648642031444011,0.0,0.0,0.0,0.0,0.0,0.0,0.0,0.0,0.0,0.0
74714.19,0.8295450591680508,0.0,22194.0,37.0,0.17714999999888514,31.625,32.5625,36.89000000000004,0.0,0.0,0.0,0.0,0.0,20.0,0.3,0.1,0.2,0.1,0.4,0.1,0.1,0.1,0.5,0.0,65535.0,0.1598077363241016,0.0,57511.0,0.10624054528698858,0.0,0.0,0.0,0.0,0.0,0.0,0.0,0.0,0.0,0.0
74774.24,0.8361070456373698,0.0,22194.0,37.0,0.1747499999988839,31.6875,32.6875,36.950000000000045,0.0,0.0,0.0,0.0,0.0,20.0,0.3,0.1,0.2,0.1,0.4,0.1,0.1,0.1,0.5,0.0,65535.0,0.1594720378423743,0.0,56670.0,0.1077113110993471,0.0,0.0,0.0,0.0,0.0,0.0,0.0,0.0,0.0,0.0
74834.28,0.8635533639049168,0.0,22194.0,37.0,0.19864999999887895,31.6875,32.625,36.710000000000036,0.0,0.0,0.0,0.0,0.0,20.0,0.3,0.1,0.2,0.1,0.4,0.1,0.1,0.1,0.5,0.0,65535.0,0.15965514610513465,0.0,57983.0,0.10578962799441216,0.0,0.0,0.0,0.0,0.0,0.0,0.0,0.0,0.0,0.0
74894.33,0.8415668867629789,0.0,22194.0,37.0,0.18194999999888248,31.625,32.625,36.950000000000045,0.0,0.0,0.0,0.0,0.0,20.0,0.3,0.1,0.2,0.1,0.4,0.1,0.1,0.1,0.5,0.0,65535.0,0.1603875791561761,0.0,57016.0,0.10716290164164445,0.0,0.0,0.0,0.0,0.0,0.0,0.0,0.0,0.0,0.0
74954.4,0.8972308724922993,0.0,22194.0,37.0,0.18924999999888661,31.6875,32.625,36.97000000000003,0.0,0.0,0.0,0.0,0.0,20.0,0.3,0.1,0.2,0.1,0.4,0.1,0.1,0.1,0.5,0.0,65535.0,0.15973144121461813,0.0,57421.0,0.10654638546873095,0.0,0.0,0.0,0.0,0.0,0.0,0.0,0.0,0.0,0.0
75014.47,0.8813376430215007,0.0,22194.0,37.0,0.1683499999988755,31.6875,32.625,37.05000000000001,0.0,0.0,0.0,0.0,0.0,20.0,0.3,0.1,0.2,0.1,0.4,0.1,0.1,0.1,0.5,0.0,65535.0,0.16067750057221333,0.0,57631.0,0.10648782773160279,0.0,0.0,0.0,0.0,0.0,0.0,0.0,0.0,0.0,0.0
75074.52,0.8420248869226563,0.0,22194.0,37.0,0.1627499999988789,31.6875,32.625,36.89000000000004,0.0,0.0,0.0,0.0,0.0,20.0,0.3,0.1,0.2,0.1,0.4,0.1,0.1,0.1,0.5,0.0,65535.0,0.16014343480582893,0.0,57089.0,0.1071660039587311,0.0,0.0,0.0,0.0,0.0,0.0,0.0,0.0,0.0,0.0
75134.59,0.8739876130813683,0.0,22194.0,37.0,0.16514999999887842,31.6875,32.5625,36.870000000000005,0.0,0.0,0.0,0.0,0.0,20.0,0.3,0.1,0.2,0.1,0.4,0.1,0.1,0.1,0.5,0.0,65535.0,0.16112001220721753,0.0,57441.0,0.10711860865931999,0.0,0.0,0.0,0.0,0.0,0.0,0.0,0.0,0.0,0.0
75194.67,0.8406188350566927,0.0,22194.0,37.0,0.17924999999887808,31.6875,32.625,36.85000000000002,0.0,0.0,0.0,0.0,0.0,20.0,0.3,0.1,0.2,0.1,0.4,0.1,0.1,0.1,0.5,0.0,65535.0,0.16018921187151905,0.0,57737.0,0.10643088487451721,0.0,0.0,0.0,0.0,0.0,0.0,0.0,0.0,0.0,0.0
75254.75,0.8708496545696301,0.0,22194.0,37.0,0.20194999999887334,31.625,32.625,36.870000000000005,0.0,0.0,0.0,0.0,0.0,20.0,0.3,0.1,0.2,0.1,0.4,0.1,0.1,0.1,0.5,0.0,65535.0,0.16046387426565958,0.0,57637.0,0.10659819213352534,0.0,0.0,0.0,0.0,0.0,0.0,0.0,0.0,0.0,0.0
75314.82,0.8390900738951479,0.0,22194.0,37.0,0.1725499999988708,31.6875,32.625,36.870000000000005,0.0,0.0,0.0,0.0,0.0,20.0,0.3,0.1,0.2,0.1,0.4,0.1,0.1,0.1,0.5,0.0,65535.0,0.1607995727473869,0.0,57380.0,0.10700592540955037,0.0,0.0,0.0,0.0,0.0,0.0,0.0,0.0,0.0,0.0
75374.89,0.8972321317459899,0.0,22194.0,37.0,0.14044999999886817,31.6875,32.625,36.81,0.0,0.0,0.0,0.0,0.0,20.0,0.3,0.1,0.2,0.1,0.4,0.1,0.1,0.1,0.5,0.0,65535.0,0.15992980849927518,0.0,57751.0,0.10619729528493013,0.0,0.0,0.0,0.0,0.0,0.0,0.0,0.0,0.0,0.0
75434.95,0.8888128324154381,0.0,22194.0,37.0,0.18164999999887332,31.6875,32.625,36.950000000000045,0.0,0.0,0.0,0.0,0.0,20.0,0.3,0.1,0.2,0.1,0.4,0.1,0.1,0.1,0.5,0.0,65535.0,0.16112001220721753,0.0,57750.0,0.10666666666666667,0.0,0.0,0.0,0.0,0.0,0.0,0.0,0.0,0.0,0.0
75494.99,0.8379643154597438,0.0,22194.0,37.0,0.14304999999887574,31.75,32.625,36.950000000000045,0.0,0.0,0.0,0.0,0.0,20.0,0.3,0.1,0.2,0.1,0.4,0.1,0.1,0.1,0.5,0.0,65535.0,0.1608606088349737,0.0,57773.0,0.10674536548214564,0.0,0.0,0.0,0.0,0.0,0.0,0.0,0.0,0.0,0.0
75555.05,0.9220723298569661,0.0,22194.0,37.0,0.16484999999887098,31.6875,32.625,36.870000000000005,0.0,0.0,0.0,0.0,0.0,20.0,0.3,0.1,0.2,0.1,0.4,0.1,0.1,0.1,0.5,0.0,65535.0,0.1612878614480812,0.0,57007.0,0.10747802901398074,0.0,0.0,0.0,0.0,0.0,0.0,0.0,0.0,0.0,0.0
75615.1,0.8438827619346312,0.0,22194.0,37.0,0.1771499999988706,31.6875,32.625,36.85000000000002,0.0,0.0,0.0,0.0,0.0,20.0,0.3,0.1,0.2,0.1,0.4,0.1,0.1,0.1,0.5,0.0,65535.0,0.16266117341878386,0.0,58407.0,0.10596332631362679,0.0,0.0,0.0,0.0,0.0,0.0,0.0,0.0,0.0,0.0
75675.14,0.8391058430471781,0.0,22194.0,37.0,0.16924999999886445,31.6875,32.625,36.81,0.0,0.0,0.0,0.0,0.0,20.0,0.3,0.1,0.2,0.1,0.4,0.1,0.1,0.1,0.5,0.0,65535.0,0.16151674677653163,0.0,57503.0,0.10695094168999879,0.0,0.0,0.0,0.0,0.0,0.0,0.0,0.0,0.0,0.0
75735.17,0.9023471247992378,0.0,22194.0,37.0,0.09444999999887052,31.6875,32.625,36.870000000000005,0.0,0.0,0.0,0.0,0.0,20.0,0.3,0.1,0.2,0.1,0.4,0.1,0.1,0.1,0.5,0.0,65535.0,0.16215762569619288,0.0,57358.0,0.10723874612085497,0.0,0.0,0.0,0.0,0.0,0.0,0.0,0.0,0.0,0.0
75795.21,0.8445337502504036,0.0,22194.0,37.0,0.18744999999887374,31.6875,32.6875,36.870000000000005,0.0,0.0,0.0,0.0,0.0,20.0,0.3,0.1,0.2,0.1,0.4,0.1,0.1,0.1,0.5,0.0,65535.0,0.1624780651560235,0.0,57529.0,0.10745884684246207,0.0,0.0,0.0,0.0,0.0,0.0,0.0,0.0,0.0,0.0
75855.28,0.9005239783752015,0.0,22194.0,37.0,0.18544999999886305,31.625,32.625,36.77000000000004,0.0,0.0,0.0,0.0,0.0,20.0,0.3,0.1,0.2,0.1,0.4,0.1,0.1,0.1,0.5,0.0,65535.0,0.16284428168154422,0.0,58310.0,0.10634539530097753,0.0,0.0,0.0,0.0,0.0,0.0,0.0,0.0,0.0,0.0
75915.35,0.854324506906434,0.0,22194.0,37.0,0.18844999999886203,31.6875,32.625,36.97000000000003,0.0,0.0,0.0,0.0,0.0,20.0,0.3,0.1,0.2,0.1,0.4,0.1,0.1,0.1,0.5,0.0,65535.0,0.16200503547722592,0.0,58319.0,0.10626039541144396,0.0,0.0,0.0,0.0,0.0,0.0,0.0,0.0,0.0,0.0
75975.43,0.9148918332590896,0.0,22194.0,37.0,0.18904999999886063,31.6875,32.625,36.950000000000045,0.0,0.0,0.0,0.0,0.0,20.0,0.3,0.1,0.2,0.1,0.4,0.1,0.1,0.1,0.5,0.0,65535.0,0.16188296330205235,0.0,57920.0,0.10706146408839778,0.0,0.0,0.0,0.0,0.0,0.0,0.0,0.0,0.0,0.0
76035.49,0.9087203130639534,0.0,22194.0,37.0,0.14194999999885743,31.6875,32.625,37.03000000000003,0.0,0.0,0.0,0.0,0.0,20.0,0.3,0.1,0.2,0.1,0.4,0.1,0.1,0.1,0.5,0.0,65535.0,0.16185244525825895,0.0,57849.0,0.10695085481166486,0.0,0.0,0.0,0.0,0.0,0.0,0.0,0.0,0.0,0.0
76095.56,0.8433604642802806,0.0,22194.0,37.0,0.20554999999885898,31.75,32.6875,36.97000000000003,0.0,0.0,0.0,0.0,0.0,20.0,0.3,0.1,0.2,0.1,0.4,0.1,0.1,0.1,0.5,0.0,65535.0,0.16223392080567636,0.0,57656.0,0.10760371860690995,0.0,0.0,0.0,0.0,0.0,0.0,0.0,0.0,0.0,0.0
76155.64,0.8543525608145991,0.0,22194.0,37.0,0.15284999999886084,31.75,32.625,37.13000000000005,0.0,0.0,0.0,0.0,0.0,20.0,0.3,0.1,0.2,0.1,0.4,0.1,0.1,0.1,0.5,0.0,65535.0,0.1632867933165484,0.0,58430.0,0.1065206229676536,0.0,0.0,0.0,0.0,0.0,0.0,0.0,0.0,0.0,0.0
76215.71,0.8875185467791726,0.0,22194.0,37.0,0.17254999999885545,31.6875,32.6875,37.110000000000014,0.0,0.0,0.0,0.0,0.0,20.0,0.3,0.1,0.2,0.1,0.4,0.1,0.1,0.1,0.5,0.0,65535.0,0.16363775082017243,0.0,57850.0,0.10736387208297321,0.0,0.0,0.0,0.0,0.0,0.0,0.0,0.0,0.0,0.0
76275.75,0.8406528753916136,0.0,22194.0,37.0,0.16814999999885943,31.6875,32.625,37.110000000000014,0.0,0.0,0.0,0.0,0.0,20.0,0.3,0.1,0.2,0.1,0.4,0.1,0.1,0.1,0.5,0.0,65535.0,0.16304264896620127,0.0,58862.0,0.10568788012639733,0.0,0.0,0.0,0.0,0.0,0.0,0.0,0.0,0.0,0.0
76335.79,0.8365435300724878,0.0,22194.0,37.0,0.12574999999885195,31.75,32.6875,36.89000000000004,0.0,0.0,0.0,0.0,0.0,20.0,0.3,0.1,0.2,0.1,0.4,0.1,0.1,0.1,0.5,0.0,65535.0,0.16266117341878386,0.0,58006.0,0.10719580733027617,0.0,0.0,0.0,0.0,0.0,0.0,0.0,0.0,0.0,0.0
76395.83,0.8489562947783587,0.0,22194.0,37.0,0.15564999999886228,31.6875,32.625,36.950000000000045,0.0,0.0,0.0,0.0,0.0,20.0,0.3,0.1,0.2,0.1,0.4,0.1,0.1,0.1,0.5,0.0,65535.0,0.16353093766689555,0.0,57985.0,0.10740708804001035,0.0,0.0,0.0,0.0,0.0,0.0,0.0,0.0,0.0,0.0
76455.88,0.8647738309161254,0.0,22194.0,37.0,0.20334999999886322,31.6875,32.625,36.950000000000045,0.0,0.0,0.0,0.0,0.0,20.0,0.3,0.1,0.2,0.1,0.4,0.1,0.1,0.1,0.5,0.0,65535.0,0.16385137712672618,0.0,57836.0,0.10761463448371257,0.0,0.0,0.0,0.0,0.0,0.0,0.0,0.0,0.0,0.0
76515.92,0.8663079700316504,0.0,22194.0,37.0,0.16574999999885648,31.6875,32.6875,36.81,0.0,0.0,0.0,0.0,0.0,20.0,0.3,0.1,0.2,0.1,0.4,0.1,0.1,0.1,0.5,0.0,65535.0,0.1628747997253376,0.0,58299.0,0.10720595550524023,0.0,0.0,0.0,0.0,0.0,0.0,0.0,0.0,0.0,0.0
76575.96,0.8544852992964448,0.0,22194.0,37.0,0.16924999999885074,31.75,32.6875,36.93000000000001,0.0,0.0,0.0,0.0,0.0,20.0,0.3,0.1,0.2,0.1,0.4,0.1,0.1,0.1,0.5,0.0,65535.0,0.16389715419241627,0.0,58462.0,0.10680441996510553,0.0,0.0,0.0,0.0,0.0,0.0,0.0,0.0,0.0,0.0
76636.01,0.8455587909767623,0.0,22194.0,37.0,0.16774999999884954,31.6875,32.625,36.950000000000045,0.0,0.0,0.0,0.0,0.0,20.0,0.3,0.1,0.2,0.1,0.4,0.1,0.1,0.1,0.5,0.0,65535.0,0.1637293049515526,0.0,58291.0,0.10728928994184352,0.0,0.0,0.0,0.0,0.0,0.0,0.0,0.0,0.0,0.0
76696.05,0.851296063428599,0.0,22194.0,37.0,0.16924999999884818,31.6875,32.625,36.85000000000002,0.0,0.0,0.0,0.0,0.0,20.0,0.3,0.1,0.2,0.1,0.4,0.1,0.1,0.1,0.5,0.0,65535.0,0.1633020523384451,0.0,57909.0,0.1076343918907251,0.0,0.0,0.0,0.0,0.0,0.0,0.0,0.0,0.0,0.0
76756.1,0.9010826847194875,0.0,22194.0,37.0,0.1389499999988456,31.6875,32.6875,37.03000000000003,0.0,0.0,0.0,0.0,0.0,20.0,0.3,0.1,0.2,0.1,0.4,0.1,0.1,0.1,0.5,0.0,65535.0,0.16511787594415198,0.0,57584.0,0.10817240900250069,0.0,0.0,0.0,0.0,0.0,0.0,0.0,0.0,0.0,0.0
76816.17,0.9109570622404114,0.0,22194.0,37.0,0.16334999999885014,31.75,32.6875,36.81,0.0,0.0,0.0,0.0,0.0,20.0,0.3,0.1,0.2,0.1,0.4,0.1,0.1,0.1,0.5,0.0,65535.0,0.16369878690775921,0.0,57992.0,0.10794592357566561,0.0,0.0,0.0,0.0,0.0,0.0,0.0,0.0,0.0,0.0
76876.23,0.8501038770964172,0.0,22194.0,37.0,0.1833499999988453,31.6875,32.625,36.97000000000003,0.0,0.0,0.0,0.0,0.0,20.0,0.3,0.1,0.2,0.1,0.4,0.1,0.1,0.1,0.5,0.0,65535.0,0.1650110627908751,0.0,58312.0,0.10754218685690767,0.0,0.0,0.0,0.0,0.0,0.0,0.0,0.0,0.0,0.0
76936.3,0.8538501395302375,0.0,22194.0,37.0,0.16484999999884875,31.6875,32.625,36.89000000000004,0.0,0.0,0.0,0.0,0.0,20.0,0.3,0.1,0.2,0.1,0.4,0.1,0.1,0.1,0.5,0.0,65535.0,0.16469062333104448,0.0,58286.0,0.10776172665820266,0.0,0.0,0.0,0.0,0.0,0.0,0.0,0.0,0.0,0.0
76996.37,0.8529653777168105,0.0,22194.0,37.0,0.11864999999884643,31.6875,32.6875,37.05000000000001,0.0,0.0,0.0,0.0,0.0,20.0,0.3,0.1,0.2,0.1,0.4,0.1,0.1,0.1,0.5,0.0,65535.0,0.16475165941863126,0.0,59081.0,0.10675174760075151,0.0,0.0,0.0,0.0,0.0,0.0,0.0,0.0,0.0,0.0
77056.44,0.9016623909046771,0.0,22194.0,37.0,0.1704499999988428,31.6875,32.625,36.85000000000002,0.0,0.0,0.0,0.0,0.0,20.0,0.3,0.1,0.2,0.1,0.4,0.1,0.1,0.1,0.5,0.0,65535.0,0.16478217746242466,0.0,57985.0,0.1081314132965422,0.0,0.0,0.0,0.0,0.0,0.0,0.0,0.0,0.0,0.0
77116.49,0.913003373737169,0.0,22194.0,37.0,0.18314999999884718,31.75,32.6875,36.950000000000045,0.0,0.0,0.0,0.0,0.0,20.0,0.3,0.1,0.2,0.1,0.4,0.1,0.1,0.1,0.5,0.0,65535.0,0.16562142366674296,0.0,58390.0,0.10765542044870698,0.0,0.0,0.0,0.0,0.0,0.0,0.0,0.0,0.0,0.0
77176.53,0.8518068940984541,0.0,22194.0,37.0,0.14104999999883944,31.6875,32.6875,37.05000000000001,0.0,0.0,0.0,0.0,0.0,20.0,0.3,0.1,0.2,0.1,0.4,0.1,0.1,0.1,0.5,0.0,65535.0,0.16482795452811475,0.0,57722.0,0.10862409479921001,0.0,0.0,0.0,0.0,0.0,0.0,0.0,0.0,0.0,0.0
77236.57,0.8876128250957313,0.0,22194.0,37.0,0.19164999999885024,31.75,32.6875,37.09000000000003,0.0,0.0,0.0,0.0,0.0,20.0,0.3,0.1,0.2,0.1,0.4,0.1,0.1,0.1,0.5,0.0,65535.0,0.1650568398565652,0.0,59105.0,0.10658996700786735,0.0,0.0,0.0,0.0,0.0,0.0,0.0,0.0,0.0,0.0
77296.62,0.8527636134137042,0.0,22194.0,37.0,0.1183499999988416,31.6875,32.6875,36.85000000000002,0.0,0.0,0.0,0.0,0.0,20.0,0.3,0.1,0.2,0.1,0.4,0.1,0.1,0.1,0.5,0.0,65535.0,0.1658960860608835,0.0,59336.0,0.1062761224214642,0.0,0.0,0.0,0.0,0.0,0.0,0.0,0.0,0.0,0.0
77356.66,0.8782999207615889,0.0,22194.0,37.0,0.17714999999884326,31.75,32.6875,36.97000000000003,0.0,0.0,0.0,0.0,0.0,20.0,0.3,0.1,0.2,0.1,0.4,0.1,0.1,0.1,0.5,0.0,65535.0,0.16559090562294956,0.0,58394.0,0.10787067164434702,0.0,0.0,0.0,0.0,0.0,0.0,0.0,0.0,0.0,0.0
77416.73,0.8635550592168949,0.0,22194.0,37.0,0.18274999999883731,31.75,32.6875,36.77000000000004,0.0,0.0,0.0,0.0,0.0,20.0,0.3,0.1,0.2,0.1,0.4,0.1,0.1,0.1,0.5,0.0,65535.0,0.16525520714122224,0.0,57893.0,0.1087350802342252,0.0,0.0,0.0,0.0,0.0,0.0,0.0,0.0,0.0,0.0
77476.79,0.9175211185503299,0.0,22194.0,37.0,0.14744999999884012,31.75,32.6875,36.73000000000002,0.0,0.0,0.0,0.0,0.0,20.0,0.3,0.1,0.2,0.1,0.4,0.1,0.1,0.1,0.5,0.0,65535.0,0.1654535744258793,0.0,59035.0,0.10715677140679258,0.0,0.0,0.0,0.0,0.0,0.0,0.0,0.0,0.0,0.0
77536.86,0.9113744547972766,0.0,22194.0,37.0,0.1400499999988443,31.6875,32.6875,36.81,0.0,0.0,0.0,0.0,0.0,20.0,0.3,0.1,0.2,0.1,0.4,0.1,0.1,0.1,0.5,0.0,65535.0,0.1667048142214084,0.0,59568.0,0.1063658340048348,0.0,0.0,0.0,0.0,0.0,0.0,0.0,0.0,0.0,0.0
77596.92,0.9157296509235958,0.0,22194.0,37.0,0.16684999999883499,31.6875,32.6875,36.690000000000055,0.0,0.0,0.0,0.0,0.0,20.0,0.3,0.1,0.2,0.1,0.4,0.1,0.1,0.1,0.5,0.0,65535.0,0.1654840924696727,0.0,59006.0,0.10722638375758398,0.0,0.0,0.0,0.0,0.0,0.0,0.0,0.0,0.0,0.0
77656.99,0.9093946475836339,0.0,22194.0,37.0,0.13594999999883295,31.625,32.625,36.81,0.0,0.0,0.0,0.0,0.0,20.0,0.3,0.1,0.2,0.1,0.4,0.1,0.1,0.1,0.5,0.0,65535.0,0.16655222400244143,0.0,58712.0,0.1077462869600763,0.0,0.0,0.0,0.0,0.0,0.0,0.0,0.0,0.0,0.0
77717.07,0.9210196011420602,0.0,22194.0,37.0,0.21014999999883993,31.75,32.6875,36.77000000000004,0.0,0.0,0.0,0.0,0.0,20.0,0.3,0.1,0.2,0.1,0.4,0.1,0.1,0.1,0.5,0.0,65535.0,0.16649118791485465,0.0,58656.0,0.10788325150027278,0.0,0.0,0.0,0.0,0.0,0.0,0.0,0.0,0.0,0.0
77777.15,0.9041233556237671,0.0,22194.0,37.0,0.1633499999988373,31.6875,32.6875,36.81,0.0,0.0,0.0,0.0,0.0,20.0,0.3,0.1,0.2,0.1,0.4,0.1,0.1,0.1,0.5,0.0,65535.0,0.16681162737468527,0.0,58491.0,0.10817048776734882,0.0,0.0,0.0,0.0,0.0,0.0,0.0,0.0,0.0,0.0
77837.23,0.8632828344761916,0.0,22194.0,37.0,0.15834999999884097,31.6875,32.6875,37.01000000000005,0.0,0.0,0.0,0.0,0.0,20.0,0.3,0.1,0.2,0.1,0.4,0.1,0.1,0.1,0.5,0.0,65535.0,0.16720836194399938,0.0,58231.0,0.10844739056516288,0.0,0.0,0.0,0.0,0.0,0.0,0.0,0.0,0.0,0.0
77897.3,0.8510620099955366,0.0,22194.0,37.0,0.15954999999884073,31.6875,32.625,37.110000000000014,0.0,0.0,0.0,0.0,0.0,20.0,0.3,0.1,0.2,0.1,0.4,0.1,0.1,0.1,0.5,0.0,65535.0,0.16661326009002822,0.0,58181.0,0.10886715594438047,0.0,0.0,0.0,0.0,0.0,0.0,0.0,0.0,0.0,0.0
77957.38,0.932186117183187,0.0,22194.0,37.0,0.19374999999884143,31.75,32.625,36.97000000000003,0.0,0.0,0.0,0.0,0.0,20.0,0.3,0.1,0.2,0.1,0.4,0.1,0.1,0.1,0.5,0.0,65535.0,0.16646066987106126,0.0,59057.0,0.10757403864063532,0.0,0.0,0.0,0.0,0.0,0.0,0.0,0.0,0.0,0.0
78017.43,0.8733198754098674,0.0,22194.0,37.0,0.13074999999883846,31.75,32.6875,36.870000000000005,0.0,0.0,0.0,0.0,0.0,20.0,0.3,0.1,0.2,0.1,0.4,0.1,0.1,0.1,0.5,0.0,65535.0,0.16723887998779277,0.0,58581.0,0.10822621669141871,0.0,0.0,0.0,0.0,0.0,0.0,0.0,0.0,0.0,0.0
78077.47,0.9351523178654764,0.0,22194.0,37.0,0.1710499999988294,31.6875,32.6875,36.870000000000005,0.0,0.0,0.0,0.0,0.0,20.0,0.3,0.1,0.2,0.1,0.4,0.1,0.1,0.1,0.5,0.0,65535.0,0.1681086442359045,0.0,59453.0,0.10704253780297042,0.0,0.0,0.0,0.0,0.0,0.0,0.0,0.0,0.0,0.0
78137.52,0.8611999167435522,0.0,22194.0,37.0,0.12514999999882678,31.75,32.6875,36.89000000000004,0.0,0.0,0.0,0.0,0.0,20.0,0.3,0.1,0.2,0.1,0.4,0.1,0.1,0.1,0.5,0.0,65535.0,0.16685740444037536,0.0,58804.0,0.1079518400108836,0.0,0.0,0.0,0.0,0.0,0.0,0.0,0.0,0.0,0.0
78197.58,0.9009820081774904,0.0,22194.0,37.0,0.13804999999882586,31.75,32.6875,36.97000000000003,0.0,0.0,0.0,0.0,0.0,20.0,0.3,0.1,0.2,0.1,0.4,0.1,0.1,0.1,0.5,0.0,65535.0,0.16638437476157777,0.0,59674.0,0.10731641921104669,0.0,0.0,0.0,0.0,0.0,0.0,0.0,0.0,0.0,0.0
78257.66,0.9179211270694756,0.0,22194.0,37.0,0.18454999999882618,31.75,32.6875,36.73000000000002,0.0,0.0,0.0,0.0,0.0,20.0,0.3,0.1,0.2,0.1,0.4,0.1,0.1,0.1,0.5,0.0,65535.0,0.16685740444037536,0.0,58149.0,0.10915063027739084,0.0,0.0,0.0,0.0,0.0,0.0,0.0,0.0,0.0,0.0
78317.74,0.9087600019861091,0.0,22194.0,37.0,0.18314999999883,31.75,32.6875,36.85000000000002,0.0,0.0,0.0,0.0,0.0,20.0,0.3,0.1,0.2,0.1,0.4,0.1,0.1,0.1,0.5,0.0,65535.0,0.16656748302433813,0.0,57694.0,0.10997677401462891,0.0,0.0,0.0,0.0,0.0,0.0,0.0,0.0,0.0,0.0
78377.79,0.8608031739102588,0.0,22194.0,37.0,0.1607499999988336,31.75,32.6875,36.870000000000005,0.0,0.0,0.0,0.0,0.0,20.0,0.3,0.1,0.2,0.1,0.4,0.1,0.1,0.1,0.5,0.0,65535.0,0.16768139162279697,0.0,58889.0,0.1083733804275841,0.0,0.0,0.0,0.0,0.0,0.0,0.0,0.0,0.0,0.0
78437.84,0.9229845990760001,0.0,22194.0,37.0,0.14334999999883266,31.75,32.6875,36.950000000000045,0.0,0.0,0.0,0.0,0.0,20.0,0.3,0.1,0.2,0.1,0.4,0.1,0.1,0.1,0.5,0.0,65535.0,0.16861219195849547,0.0,60185.0,0.10665448201379081,0.0,0.0,0.0,0.0,0.0,0.0,0.0,0.0,0.0,0.0
78497.89,0.887893933920232,0.0,22194.0,37.0,0.1409499999988323,31.6875,32.6875,36.870000000000005,0.0,0.0,0.0,0.0,0.0,20.0,0.3,0.1,0.2,0.1,0.4,0.1,0.1,0.1,0.5,0.0,65535.0,0.16725413900968947,0.0,59217.0,0.10773933161085499,0.0,0.0,0.0,0.0,0.0,0.0,0.0,0.0,0.0,0.0
78557.96,0.934825641257532,0.0,22194.0,37.0,0.18274999999882352,31.75,32.6875,36.81,0.0,0.0,0.0,0.0,0.0,20.0,0.3,0.1,0.2,0.1,0.4,0.1,0.1,0.1,0.5,0.0,65535.0,0.16760509651331348,0.0,59200.0,0.108125,0.0,0.0,0.0,0.0,0.0,0.0,0.0,0.0,0.0,0.0
78618.02,0.9336982901781175,0.0,22194.0,37.0,0.18334999999882212,31.75,32.75,36.79000000000002,0.0,0.0,0.0,0.0,0.0,20.0,0.3,0.1,0.2,0.1,0.4,0.1,0.1,0.1,0.5,0.0,65535.0,0.16765087357900357,0.0,59173.0,0.10854612745677927,0.0,0.0,0.0,0.0,0.0,0.0,0.0,0.0,0.0,0.0
78678.09,0.9280952179128203,0.0,22194.0,37.0,0.19624999999882117,31.75,32.6875,36.81,0.0,0.0,0.0,0.0,0.0,20.0,0.3,0.1,0.2,0.1,0.4,0.1,0.1,0.1,0.5,0.0,65535.0,0.1671320668345159,0.0,59184.0,0.1079683698296837,0.0,0.0,0.0,0.0,0.0,0.0,0.0,0.0,0.0,0.0
78738.17,0.8871663806130071,0.0,22194.0,37.0,0.18484999999881987,31.75,32.75,36.77000000000004,0.0,0.0,0.0,0.0,0.0,20.0,0.3,0.1,0.2,0.1,0.4,0.1,0.1,0.1,0.5,0.0,65535.0,0.1689173723964294,0.0,59809.0,0.10740858399237573,0.0,0.0,0.0,0.0,0.0,0.0,0.0,0.0,0.0,0.0
78798.25,0.86132709688508,0.0,22194.0,37.0,0.20424999999882978,31.75,32.75,36.870000000000005,0.0,0.0,0.0,0.0,0.0,20.0,0.3,0.1,0.2,0.1,0.4,0.1,0.1,0.1,0.5,0.0,65535.0,0.16797131303883422,0.0,58420.0,0.1093461143444026,0.0,0.0,0.0,0.0,0.0,0.0,0.0,0.0,0.0,0.0
78858.31,0.8769084312339515,0.0,22194.0,37.0,0.180449999998823,31.6875,32.75,36.93000000000001,0.0,0.0,0.0,0.0,0.0,20.0,0.3,0.1,0.2,0.1,0.4,0.1,0.1,0.1,0.5,0.0,65535.0,0.16784924086366063,0.0,59299.0,0.10823116747331321,0.0,0.0,0.0,0.0,0.0,0.0,0.0,0.0,0.0,0.0
78918.39,0.8923425504459395,0.0,22194.0,37.0,0.14624999999882055,31.75,32.75,36.79000000000002,0.0,0.0,0.0,0.0,0.0,20.0,0.3,0.1,0.2,0.1,0.4,0.1,0.1,0.1,0.5,0.0,65535.0,0.1692835889219501,0.0,59481.0,0.10837074023637801,0.0,0.0,0.0,0.0,0.0,0.0,0.0,0.0,0.0,0.0
78978.44,0.9327891500669447,0.0,22194.0,37.0,0.18274999999881575,31.75,32.8125,36.97000000000003,0.0,0.0,0.0,0.0,0.0,20.0,0.3,0.1,0.2,0.1,0.4,0.1,0.1,0.1,0.5,0.0,65535.0,0.1684596017395285,0.0,59572.0,0.10808769220439132,0.0,0.0,0.0,0.0,0.0,0.0,0.0,0.0,0.0,0.0
79038.52,0.9255360865894859,0.0,22194.0,37.0,0.17804999999881918,31.8125,32.75,36.950000000000045,0.0,0.0,0.0,0.0,0.0,20.0,0.3,0.1,0.2,0.1,0.4,0.1,0.1,0.1,0.5,0.0,65535.0,0.1681239032578012,0.0,59557.0,0.10821565894857028,0.0,0.0,0.0,0.0,0.0,0.0,0.0,0.0,0.0,0.0
79098.59,0.9292289836303865,0.0,22194.0,37.0,0.15684999999882254,31.75,32.75,36.93000000000001,0.0,0.0,0.0,0.0,0.0,20.0,0.3,0.1,0.2,0.1,0.4,0.1,0.1,0.1,0.5,0.0,65535.0,0.1689478904402228,0.0,59910.0,0.10769487564680354,0.0,0.0,0.0,0.0,0.0,0.0,0.0,0.0,0.0,0.0
79158.66,0.875224848771096,0.0,22194.0,37.0,0.18454999999881325,31.75,32.75,36.81,0.0,0.0,0.0,0.0,0.0,20.0,0.3,0.1,0.2,0.1,0.4,0.1,0.1,0.1,0.5,0.0,65535.0,0.16920729381246663,0.0,58933.0,0.1092596677583018,0.0,0.0,0.0,0.0,0.0,0.0,0.0,0.0,0.0,0.0
79218.69,0.8717207736010566,0.0,22194.0,37.0,0.16924999999881127,31.75,32.8125,37.05000000000001,0.0,0.0,0.0,0.0,0.0,20.0,0.3,0.1,0.2,0.1,0.4,0.1,0.1,0.1,0.5,0.0,65535.0,0.16917677576867324,0.0,59082.0,0.10886564435868792,0.0,0.0,0.0,0.0,0.0,0.0,0.0,0.0,0.0,0.0
79278.74,0.8877515540481649,0.0,22194.0,37.0,0.1471499999988146,31.75,32.75,36.93000000000001,0.0,0.0,0.0,0.0,0.0,20.0,0.3,0.1,0.2,0.1,0.4,0.1,0.1,0.1,0.5,0.0,65535.0,0.16954299229419395,0.0,59604.0,0.10824776860613382,0.0,0.0,0.0,0.0,0.0,0.0,0.0,0.0,0.0,0.0
79338.78,0.9170971873366376,0.0,22194.0,37.0,0.14244999999881885,31.75,32.8125,36.950000000000045,0.0,0.0048,0.25,0.0,0.0,20.0,0.3,0.1,0.2,0.1,0.4,0.1,0.1,0.1,0.5,0.0,65535.0,0.16868848706797895,0.0,59210.0,0.10871474413105894,0.0,0.0,0.0,0.0,0.0,0.0,0.0,0.0,0.0,0.0
79398.82,0.8569158579851324,0.0,22194.0,37.0,0.3352999999988143,31.6875,32.75,36.410000000000025,0.0,0.0,0.0,0.0,0.0,20.0,0.3,0.1,0.2,0.1,0.4,0.1,0.1,0.1,0.5,0.0,65535.0,0.16482795452811475,0.0,57480.0,0.1092205984690327,0.0,0.0,0.0,0.0,0.0,0.0,0.0,0.0,0.0,0.0
79458.88,0.9126995001184784,0.0,22194.0,37.0,0.23814999999881994,31.6875,32.75,36.85000000000002,0.0,0.0,0.0,0.0,0.0,20.0,0.3,0.1,0.2,0.1,0.4,0.1,0.1,0.1,0.5,0.0,65535.0,0.16559090562294956,0.0,57491.0,0.10914751874206398,0.0,0.0,0.0,0.0,0.0,0.0,0.0,0.0,0.0,0.0
79518.95,0.8545529864230106,0.0,22194.0,37.0,0.14304999999881604,31.75,32.75,36.950000000000045,0.0,0.0,0.0,0.0,0.0,20.0,0.3,0.1,0.2,0.1,0.4,0.1,0.1,0.1,0.5,0.0,65535.0,0.16433966582742046,0.0,57689.0,0.10853022239941756,0.0,0.0,0.0,0.0,0.0,0.0,0.0,0.0,0.0,0.0
79579.06,0.8967328153618681,0.0,22194.0,37.0,0.1506499999988057,31.8125,32.75,36.950000000000045,0.0,0.0,0.0,0.0,0.0,20.0,0.3,0.1,0.2,0.1,0.4,0.1,0.1,0.1,0.5,0.0,65535.0,0.16520943007553215,0.0,57601.0,0.10919949306435651,0.0,0.0,0.0,0.0,0.0,0.0,0.0,0.0,0.0,0.0
79639.12,0.8334825262204549,0.0,22194.0,37.0,0.15794999999880985,31.75,32.8125,37.09000000000003,0.0,0.0,0.0,0.0,0.0,20.0,0.3,0.1,0.2,0.1,0.4,0.1,0.1,0.1,0.5,0.0,65535.0,0.16392767223620966,0.0,58210.0,0.10833190173509706,0.0,0.0,0.0,0.0,0.0,0.0,0.0,0.0,0.0,0.0
79699.2,0.9220841792448138,0.0,22194.0,37.0,0.20674999999880553,31.75,32.75,36.950000000000045,0.0,0.0,0.0,0.0,0.0,20.0,0.3,0.1,0.2,0.1,0.4,0.1,0.1,0.1,0.5,0.0,65535.0,0.16551461051346608,0.0,58421.0,0.10835144896526934,0.0,0.0,0.0,0.0,0.0,0.0,0.0,0.0,0.0,0.0
79759.27,0.8579495350510931,0.0,22194.0,37.0,0.15234999999881238,31.6875,32.75,37.03000000000003,0.0,0.0,0.0,0.0,0.0,20.0,0.3,0.1,0.2,0.1,0.4,0.1,0.1,0.1,0.5,0.0,65535.0,0.1653925383382925,0.0,58616.0,0.10802511259724307,0.0,0.0,0.0,0.0,0.0,0.0,0.0,0.0,0.0,0.0
79819.34,0.8380753739517876,0.0,22194.0,37.0,0.18764999999880785,31.625,32.8125,36.950000000000045,0.0,0.0,0.0,0.0,0.0,20.0,0.3,0.1,0.2,0.1,0.4,0.1,0.1,0.1,0.5,0.0,65535.0,0.16598764019226367,0.0,57998.0,0.10879685506396772,0.0,0.0,0.0,0.0,0.0,0.0,0.0,0.0,0.0,0.0
79879.41,0.9070464534809015,0.0,22194.0,37.0,0.22214999999880833,31.625,32.8125,37.110000000000014,0.0,0.0,0.0,0.0,0.0,20.0,0.3,0.1,0.2,0.1,0.4,0.1,0.1,0.1,0.5,0.0,65535.0,0.16440070191500725,0.0,57842.0,0.10872722243352581,0.0,0.0,0.0,0.0,0.0,0.0,0.0,0.0,0.0,0.0
79939.48,0.9231200172464336,0.0,22194.0,37.0,0.1497499999987997,31.625,32.8125,37.210000000000036,0.0,0.0,0.0,0.0,0.0,20.0,0.3,0.1,0.2,0.1,0.4,0.1,0.1,0.1,0.5,0.0,65535.0,0.16516365300984207,0.0,58508.0,0.10810487454707049,0.0,0.0,0.0,0.0,0.0,0.0,0.0,0.0,0.0,0.0
79999.56,0.9043714845963793,0.0,22194.0,37.0,0.14404999999879806,31.625,32.8125,37.13000000000005,0.0,0.0,0.0,0.0,0.0,20.0,0.3,0.1,0.2,0.1,0.4,0.1,0.1,0.1,0.5,0.0,65535.0,0.16598764019226367,0.0,57265.0,0.10996245525189907,0.0,0.0,0.0,0.0,0.0,0.0,0.0,0.0,0.0,0.0
80059.72,0.9110262099518334,0.0,22194.0,37.0,0.1413499999987971,31.5,32.75,36.950000000000045,0.0,0.0,0.0,0.0,0.0,20.0,0.3,0.1,0.2,0.1,0.4,0.1,0.1,0.1,0.5,0.0,65535.0,0.1654535744258793,0.0,57865.0,0.10940983323252398,0.0,0.0,0.0,0.0,0.0,0.0,0.0,0.0,0.0,0.0
80119.8,0.882567090461063,0.0,22194.0,37.0,0.18284999999880283,31.5,32.75,36.97000000000003,0.0,0.0,0.0,0.0,0.0,20.0,0.3,0.1,0.2,0.1,0.4,0.1,0.1,0.1,0.5,0.0,65535.0,0.16563668268863965,0.0,58280.0,0.1088538091969801,0.0,0.0,0.0,0.0,0.0,0.0,0.0,0.0,0.0,0.0
80179.88,0.9015759320082817,0.0,22194.0,37.0,0.18284999999880197,31.4375,32.8125,36.870000000000005,0.0,0.0,0.0,0.0,0.0,20.0,0.3,0.1,0.2,0.1,0.4,0.1,0.1,0.1,0.5,0.0,65535.0,0.16491950865949492,0.0,57856.0,0.10949599004424779,0.0,0.0,0.0,0.0,0.0,0.0,0.0,0.0,0.0,0.0
80239.96,0.9248165321346007,0.0,22194.0,37.0,0.16784999999880054,31.4375,32.75,36.89000000000004,0.0,0.0,0.0,0.0,0.0,20.0,0.3,0.1,0.2,0.1,0.4,0.1,0.1,0.1,0.5,0.0,65535.0,0.16527046616311894,0.0,57889.0,0.10941629670576448,0.0,0.0,0.0,0.0,0.0,0.0,0.0,0.0,0.0,0.0
80371.27,0.8788523890956789,0.0,22194.0,37.0,0.6236499999988069,29.75,32.6875,35.27000000000004,0.0,0.0,0.0,0.0,0.0,20.0,0.3,0.1,0.2,0.1,0.4,0.1,0.1,0.1,0.5,0.0,65535.0,0.16830701152056154,0.0,60086.0,0.10807842093000034,0.0,0.0,0.0,0.0,0.0,0.0,0.0,0.0,0.0,0.0
80431.33,0.9004845068433055,0.0,22194.0,37.0,0.48934999999880424,30.4375,32.6875,36.01000000000005,0.0,0.0,0.0,0.0,0.0,20.0,0.3,0.1,0.2,0.1,0.4,0.1,0.1,0.1,0.5,0.0,65535.0,0.16699473563744563,0.0,58782.0,0.10880881902623252,0.0,0.0,0.0,0.0,0.0,0.0,0.0,0.0,0.0,0.0
80491.38,0.8822708719021943,0.0,22194.0,37.0,0.2972499999988053,30.8125,32.625,36.79000000000002,0.0,0.0,0.0,0.0,0.0,20.0,0.3,0.1,0.2,0.1,0.4,0.1,0.1,0.1,0.5,0.0,65535.0,0.164965285725185,0.0,58115.0,0.10905962316097394,0.0,0.0,0.0,0.0,0.0,0.0,0.0,0.0,0.0,0.0
80551.44,0.9183785504516101,0.0,22194.0,37.0,0.13094999999879345,31.125,32.6875,37.09000000000003,0.0,0.0,0.0,0.0,0.0,20.0,0.3,0.1,0.2,0.1,0.4,0.1,0.1,0.1,0.5,0.0,65535.0,0.1649958037689784,0.0,58190.0,0.10864409692387009,0.0,0.0,0.0,0.0,0.0,0.0,0.0,0.0,0.0,0.0
80611.52,0.8960134131352908,0.0,22194.0,37.0,0.1813499999987951,31.25,32.6875,37.09000000000003,0.0,0.0,0.0,0.0,0.0,20.0,0.3,0.1,0.2,0.1,0.4,0.1,0.1,0.1,0.5,0.0,65535.0,0.16469062333104448,0.0,58724.0,0.10809890334445882,0.0,0.0,0.0,0.0,0.0,0.0,0.0,0.0,0.0,0.0
80671.59,0.8881876575833582,0.0,22194.0,37.0,0.20064999999879998,31.3125,32.6875,36.950000000000045,0.0,0.0,0.0,0.0,0.0,20.0,0.3,0.1,0.2,0.1,0.4,0.1,0.1,0.1,0.5,0.0,65535.0,0.16562142366674296,0.0,58075.0,0.10934136891950065,0.0,0.0,0.0,0.0,0.0,0.0,0.0,0.0,0.0,0.0
80731.64,0.8630272415292868,0.0,22194.0,37.0,0.13374999999879716,31.375,32.6875,37.13000000000005,0.0,0.0,0.0,0.0,0.0,20.0,0.3,0.1,0.2,0.1,0.4,0.1,0.1,0.1,0.5,0.0,65535.0,0.16482795452811475,0.0,58172.0,0.1094684728047858,0.0,0.0,0.0,0.0,0.0,0.0,0.0,0.0,0.0,0.0
80791.69,0.9103162105325991,0.0,22194.0,37.0,0.17544999999879846,31.375,32.6875,37.13000000000005,0.0,0.0,0.0,0.0,0.0,20.0,0.3,0.1,0.2,0.1,0.4,0.1,0.1,0.1,0.5,0.0,65535.0,0.16551461051346608,0.0,58892.0,0.10794335393601848,0.0,0.0,0.0,0.0,0.0,0.0,0.0,0.0,0.0,0.0
80851.73,0.8951380822037445,0.0,22194.0,37.0,0.14854999999878682,31.375,32.6875,36.950000000000045,0.0,0.0,0.0,0.0,0.0,20.0,0.3,0.1,0.2,0.1,0.4,0.1,0.1,0.1,0.5,0.0,65535.0,0.16508735790035858,0.0,58621.0,0.10866413060166152,0.0,0.0,0.0,0.0,0.0,0.0,0.0,0.0,0.0,0.0
80911.77,0.8764137767570668,0.0,22194.0,37.0,0.1181499999987943,31.4375,32.6875,37.09000000000003,0.0,0.0,0.0,0.0,0.0,20.0,0.3,0.1,0.2,0.1,0.4,0.1,0.1,0.1,0.5,0.0,65535.0,0.16594186312657358,0.0,58548.0,0.10881669741067158,0.0,0.0,0.0,0.0,0.0,0.0,0.0,0.0,0.0,0.0
80971.82,0.8858304037467624,0.0,22194.0,37.0,0.21514999999878706,31.4375,32.625,36.870000000000005,0.0,0.0,0.0,0.0,0.0,20.0,0.3,0.1,0.2,0.1,0.4,0.1,0.1,0.1,0.5,0.0,65535.0,0.1670710307469291,0.0,57966.0,0.10989200565848946,0.0,0.0,0.0,0.0,0.0,0.0,0.0,0.0,0.0,0.0
81031.86,0.8928076741852577,0.0,22194.0,37.0,0.1580499999987938,31.4375,32.625,37.170000000000016,0.0,0.0,0.0,0.0,0.0,20.0,0.3,0.1,0.2,0.1,0.4,0.1,0.1,0.1,0.5,0.0,65535.0,0.16641489280537117,0.0,59747.0,0.10726898421678076,0.0,0.0,0.0,0.0,0.0,0.0,0.0,0.0,0.0,0.0
81091.91,0.9165320731143751,0.0,22194.0,37.0,0.13354999999878253,31.5,32.625,37.170000000000016,0.0,0.0,0.0,0.0,0.0,20.0,0.3,0.1,0.2,0.1,0.4,0.1,0.1,0.1,0.5,0.0,65535.0,0.16659800106813152,0.0,58346.0,0.10934768450279368,0.0,0.0,0.0,0.0,0.0,0.0,0.0,0.0,0.0,0.0
81151.95,0.8655428388637951,0.0,22194.0,37.0,0.16674999999879242,31.5,32.6875,36.950000000000045,0.0,0.0,0.0,0.0,0.0,20.0,0.3,0.1,0.2,0.1,0.4,0.1,0.1,0.1,0.5,0.0,65535.0,0.16606393530174715,0.0,59125.0,0.10824524312896405,0.0,0.0,0.0,0.0,0.0,0.0,0.0,0.0,0.0,0.0
81212.0,0.9155725276601332,0.0,22194.0,37.0,0.2034499999987832,31.5,32.6875,36.77000000000004,0.0,0.0,0.0,0.0,0.0,20.0,0.3,0.1,0.2,0.1,0.4,0.1,0.1,0.1,0.5,0.0,65535.0,0.16569771877622644,0.0,58964.0,0.1084899260565769,0.0,0.0,0.0,0.0,0.0,0.0,0.0,0.0,0.0,0.0
81272.04,0.8985197708725194,0.0,22194.0,37.0,0.2187499999987826,31.5625,32.6875,37.03000000000003,0.0,0.0,0.0,0.0,0.0,20.0,0.3,0.1,0.2,0.1,0.4,0.1,0.1,0.1,0.5,0.0,65535.0,0.16610971236743724,0.0,58547.0,0.10934804516029856,0.0,0.0,0.0,0.0,0.0,0.0,0.0,0.0,0.0,0.0
81332.09,0.8979523659722863,0.0,22194.0,37.0,0.20254999999878057,31.625,32.625,36.93000000000001,0.0,0.0,0.0,0.0,0.0,20.0,0.3,0.1,0.2,0.1,0.4,0.1,0.1,0.1,0.5,0.0,65535.0,0.16646066987106126,0.0,58852.0,0.10861143206687963,0.0,0.0,0.0,0.0,0.0,0.0,0.0,0.0,0.0,0.0
81392.15,0.8925364762709793,0.0,22194.0,37.0,0.1801499999987833,31.5625,32.6875,36.89000000000004,0.0,0.0,0.0,0.0,0.0,20.0,0.3,0.1,0.2,0.1,0.4,0.1,0.1,0.1,0.5,0.0,65535.0,0.1662623025864042,0.0,58559.0,0.10954763571782306,0.0,0.0,0.0,0.0,0.0,0.0,0.0,0.0,0.0,0.0
81452.23,0.9155369634210064,0.0,22194.0,37.0,0.17954999999878216,31.5625,32.625,37.05000000000001,0.0,0.0,0.0,0.0,0.0,20.0,0.3,0.1,0.2,0.1,0.4,0.1,0.1,0.1,0.5,0.0,65535.0,0.1674830243381399,0.0,57675.0,0.11053315994798439,0.0,0.0,0.0,0.0,0.0,0.0,0.0,0.0,0.0,0.0
81512.31,0.8973656118072639,0.0,22194.0,37.0,0.1124499999987838,31.625,32.625,37.03000000000003,0.0,0.0,0.0,0.0,0.0,20.0,0.3,0.1,0.2,0.1,0.4,0.1,0.1,0.1,0.5,0.0,65535.0,0.16789501792935072,0.0,59790.0,0.1079110219100184,0.0,0.0,0.0,0.0,0.0,0.0,0.0,0.0,0.0,0.0
81572.41,0.9216446969879467,0.0,22194.0,37.0,0.17704999999877594,31.5625,32.625,37.01000000000005,0.0,0.0,0.0,0.0,0.0,20.0,0.3,0.1,0.2,0.1,0.4,0.1,0.1,0.1,0.5,0.0,65535.0,0.1662470435645075,0.0,58001.0,0.11011879105532663,0.0,0.0,0.0,0.0,0.0,0.0,0.0,0.0,0.0,0.0
81632.47,0.9020964216995593,0.0,22194.0,37.0,0.17204999999877962,31.5625,32.625,36.97000000000003,0.0,0.0,0.0,0.0,0.0,20.0,0.3,0.1,0.2,0.1,0.4,0.1,0.1,0.1,0.5,0.0,65535.0,0.16774242771038375,0.0,58528.0,0.10955440131219245,0.0,0.0,0.0,0.0,0.0,0.0,0.0,0.0,0.0,0.0
81692.53,0.8692466363474021,0.0,22194.0,37.0,0.2176499999987808,31.625,32.6875,36.97000000000003,0.0,0.0,0.0,0.0,0.0,20.0,0.3,0.1,0.2,0.1,0.4,0.1,0.1,0.1,0.5,0.0,65535.0,0.16647592889295795,0.0,59263.0,0.10873563606297353,0.0,0.0,0.0,0.0,0.0,0.0,0.0,0.0,0.0,0.0
81752.6,0.8664950028437646,0.0,22194.0,37.0,0.1693499999987778,31.5625,32.6875,37.03000000000003,0.0,0.0,0.0,0.0,0.0,20.0,0.3,0.1,0.2,0.1,0.4,0.1,0.1,0.1,0.5,0.0,65535.0,0.16833752956435494,0.0,59383.0,0.10863378407961874,0.0,0.0,0.0,0.0,0.0,0.0,0.0,0.0,0.0,0.0
81812.67,0.9118358451035583,0.0,22194.0,37.0,0.19584999999878297,31.625,32.6875,36.870000000000005,0.0,0.0,0.0,0.0,0.0,20.0,0.3,0.1,0.2,0.1,0.4,0.1,0.1,0.1,0.5,0.0,65535.0,0.16760509651331348,0.0,58910.0,0.10931930062807672,0.0,0.0,0.0,0.0,0.0,0.0,0.0,0.0,0.0,0.0
81872.74,0.8926032536999788,0.0,22194.0,37.0,0.21324999999878305,31.625,32.6875,36.85000000000002,0.0,0.0,0.0,0.0,0.0,20.0,0.3,0.1,0.2,0.1,0.4,0.1,0.1,0.1,0.5,0.0,65535.0,0.16726939803158616,0.0,58623.0,0.1100933080872695,0.0,0.0,0.0,0.0,0.0,0.0,0.0,0.0,0.0,0.0
81932.82,0.8672110890977198,0.0,22194.0,37.0,0.19204999999877134,31.625,32.6875,37.01000000000005,0.0,0.0,0.0,0.0,0.0,20.0,0.3,0.1,0.2,0.1,0.4,0.1,0.1,0.1,0.5,0.0,65535.0,0.16778820477607384,0.0,58640.0,0.10972032742155526,0.0,0.0,0.0,0.0,0.0,0.0,0.0,0.0,0.0,0.0
81992.89,0.9022988696758594,0.0,22194.0,37.0,0.2138499999987808,31.6875,32.6875,36.85000000000002,0.0,0.0,0.0,0.0,0.0,20.0,0.3,0.1,0.2,0.1,0.4,0.1,0.1,0.1,0.5,0.0,65535.0,0.16647592889295795,0.0,59144.0,0.10952928445827134,0.0,0.0,0.0,0.0,0.0,0.0,0.0,0.0,0.0,0.0
82052.97,0.9019196282756174,0.0,22194.0,37.0,0.156149999998773,31.6875,32.6875,36.950000000000045,0.0,0.0,0.0,0.0,0.0,20.0,0.3,0.1,0.2,0.1,0.4,0.1,0.1,0.1,0.5,0.0,65535.0,0.1670862897688258,0.0,58297.0,0.11040019211966311,0.0,0.0,0.0,0.0,0.0,0.0,0.0,0.0,0.0,0.0
82113.04,0.8611292823340028,0.0,22194.0,37.0,0.1428499999987666,31.75,32.6875,36.950000000000045,0.0,0.0,0.0,0.0,0.0,20.0,0.3,0.1,0.2,0.1,0.4,0.1,0.1,0.1,0.5,0.0,65535.0,0.16696421759365224,0.0,59065.0,0.10928637941251164,0.0,0.0,0.0,0.0,0.0,0.0,0.0,0.0,0.0,0.0
82173.12,0.8720746809877338,0.0,22194.0,37.0,0.15074999999877106,31.75,32.6875,36.97000000000003,0.0,0.0,0.0,0.0,0.0,20.0,0.3,0.1,0.2,0.1,0.4,0.1,0.1,0.1,0.5,0.0,65535.0,0.16685740444037536,0.0,59025.0,0.10964845404489623,0.0,0.0,0.0,0.0,0.0,0.0,0.0,0.0,0.0,0.0
82233.19,0.9006028985007559,0.0,22194.0,37.0,0.1513499999987705,31.6875,32.6875,36.950000000000045,0.0,0.0,0.0,0.0,0.0,20.0,0.3,0.1,0.2,0.1,0.4,0.1,0.1,0.1,0.5,0.0,65535.0,0.16827649347676815,0.0,58464.0,0.11039272030651341,0.0,0.0,0.0,0.0,0.0,0.0,0.0,0.0,0.0,0.0
82293.26,0.8763498662406466,0.0,22194.0,37.0,0.17864999999877068,31.75,32.75,36.77000000000004,0.0,0.0,0.0,0.0,0.0,20.0,0.3,0.1,0.2,0.1,0.4,0.1,0.1,0.1,0.5,0.0,65535.0,0.16736095216296634,0.0,58735.0,0.10995147697284413,0.0,0.0,0.0,0.0,0.0,0.0,0.0,0.0,0.0,0.0
82353.33,0.8670881777979716,0.0,22194.0,37.0,0.1810499999987702,31.625,32.6875,36.950000000000045,0.0,0.0,0.0,0.0,0.0,20.0,0.3,0.1,0.2,0.1,0.4,0.1,0.1,0.1,0.5,0.0,65535.0,0.16702525368123902,0.0,58854.0,0.11005199306759099,0.0,0.0,0.0,0.0,0.0,0.0,0.0,0.0,0.0,0.0
82413.41,0.8608282797629516,0.0,22194.0,37.0,0.15014999999876816,31.6875,32.75,37.01000000000005,0.0,0.0,0.0,0.0,0.0,20.0,0.3,0.1,0.2,0.1,0.4,0.1,0.1,0.1,0.5,0.0,65535.0,0.16638437476157777,0.0,58602.0,0.11047404525442818,0.0,0.0,0.0,0.0,0.0,0.0,0.0,0.0,0.0,0.0
82473.45,0.9215854460369592,0.0,22194.0,37.0,0.20514999999877412,31.6875,32.75,37.01000000000005,0.0,0.0,0.0,0.0,0.0,20.0,0.3,0.1,0.2,0.1,0.4,0.1,0.1,0.1,0.5,0.0,65535.0,0.16833752956435494,0.0,58972.0,0.1101200569761921,0.0,0.0,0.0,0.0,0.0,0.0,0.0,0.0,0.0,0.0
82533.49,0.8634086609222877,0.0,22194.0,37.0,0.1471499999987666,31.6875,32.75,36.870000000000005,0.0,0.0,0.0,0.0,0.0,20.0,0.3,0.1,0.2,0.1,0.4,0.1,0.1,0.1,0.5,0.0,65535.0,0.1680933852140078,0.0,58492.0,0.11092115161047665,0.0,0.0,0.0,0.0,0.0,0.0,0.0,0.0,0.0,0.0
82593.52,0.874811342076666,0.0,22194.0,37.0,0.15444999999877077,31.6875,32.75,36.73000000000002,0.0,0.0,0.0,0.0,0.0,20.0,0.3,0.1,0.2,0.1,0.4,0.1,0.1,0.1,0.5,0.0,65535.0,0.16734569314106965,0.0,58456.0,0.11076707267004242,0.0,0.0,0.0,0.0,0.0,0.0,0.0,0.0,0.0,0.0
82653.6,0.8739740794872463,0.0,22194.0,37.0,0.19954999999876158,31.6875,32.75,36.85000000000002,0.0,0.0,0.0,0.0,0.0,20.0,0.3,0.1,0.2,0.1,0.4,0.1,0.1,0.1,0.5,0.0,65535.0,0.1689478904402228,0.0,58988.0,0.11053095544856581,0.0,0.0,0.0,0.0,0.0,0.0,0.0,0.0,0.0,0.0
82713.66,0.898753986133756,0.0,22194.0,37.0,0.18874999999875974,31.6875,32.8125,36.85000000000002,0.0,0.0,0.0,0.0,0.0,20.0,0.3,0.1,0.2,0.1,0.4,0.1,0.1,0.1,0.5,0.0,65535.0,0.1684443427176318,0.0,59005.0,0.11007541733751378,0.0,0.0,0.0,0.0,0.0,0.0,0.0,0.0,0.0,0.0
82773.75,0.9103076815655906,0.0,22194.0,37.0,0.11984999999876131,31.75,32.75,37.09000000000003,0.0,0.0,0.0,0.0,0.0,20.0,0.3,0.1,0.2,0.1,0.4,0.1,0.1,0.1,0.5,0.0,65535.0,0.16841382467383842,0.0,59724.0,0.10943674234813475,0.0,0.0,0.0,0.0,0.0,0.0,0.0,0.0,0.0,0.0
82833.82,0.9237691955300964,0.0,22194.0,37.0,0.16274999999876236,31.75,32.6875,36.89000000000004,0.0,0.0,0.0,0.0,0.0,20.0,0.3,0.1,0.2,0.1,0.4,0.1,0.1,0.1,0.5,0.0,65535.0,0.16789501792935072,0.0,58727.0,0.11056243295247502,0.0,0.0,0.0,0.0,0.0,0.0,0.0,0.0,0.0,0.0
82893.89,0.9247834132336578,0.0,22194.0,37.0,0.16624999999875661,31.6875,32.75,37.09000000000003,0.0,0.0,0.0,0.0,0.0,20.0,0.3,0.1,0.2,0.1,0.4,0.1,0.1,0.1,0.5,0.0,65535.0,0.16864271000228886,0.0,58437.0,0.11126512312404813,0.0,0.0,0.0,0.0,0.0,0.0,0.0,0.0,0.0,0.0
82953.97,0.9321440928532123,0.0,22194.0,37.0,0.1983499999987567,31.75,32.75,36.89000000000004,0.0,0.0,0.0,0.0,0.0,20.0,0.3,0.1,0.2,0.1,0.4,0.1,0.1,0.1,0.5,0.0,65535.0,0.1679407949950408,0.0,58810.0,0.1108654990647849,0.0,0.0,0.0,0.0,0.0,0.0,0.0,0.0,0.0,0.0
83014.05,0.9234074522646873,0.0,22194.0,37.0,0.16864999999875444,31.6875,32.75,36.89000000000004,0.0,0.0,0.0,0.0,0.0,20.0,0.3,0.1,0.2,0.1,0.4,0.1,0.1,0.1,0.5,0.0,65535.0,0.16871900511177235,0.0,58729.0,0.1107970508607332,0.0,0.0,0.0,0.0,0.0,0.0,0.0,0.0,0.0,0.0
83074.14,0.9097151237991132,0.0,22194.0,37.0,0.16154999999875833,31.75,32.8125,36.89000000000004,0.0,0.0,0.0,0.0,0.0,20.0,0.3,0.1,0.2,0.1,0.4,0.1,0.1,0.1,0.5,0.0,65535.0,0.16821545738918137,0.0,58762.0,0.11092202443756169,0.0,0.0,0.0,0.0,0.0,0.0,0.0,0.0,0.0,0.0
83134.2,0.8855517191219778,0.0,22194.0,37.0,0.175649999998758,31.75,32.75,37.110000000000014,0.0,0.0,0.0,0.0,0.0,20.0,0.3,0.1,0.2,0.1,0.4,0.1,0.1,0.1,0.5,0.0,65535.0,0.16916151674677654,0.0,58839.0,0.11109978075766073,0.0,0.0,0.0,0.0,0.0,0.0,0.0,0.0,0.0,0.0
83194.3,0.9140506190432754,0.0,22194.0,37.0,0.22134999999876417,31.6875,32.75,36.77000000000004,0.0,0.0,0.0,0.0,0.0,20.0,0.3,0.1,0.2,0.1,0.4,0.1,0.1,0.1,0.5,0.0,65535.0,0.16818493934538797,0.0,58918.0,0.11078108557656403,0.0,0.0,0.0,0.0,0.0,0.0,0.0,0.0,0.0,0.0
83254.38,0.8936923860146626,0.0,22194.0,37.0,0.14924999999875613,31.6875,32.75,36.97000000000003,0.0,0.0,0.0,0.0,0.0,20.0,0.3,0.1,0.2,0.1,0.4,0.1,0.1,0.1,0.5,0.0,65535.0,0.16858167391470208,0.0,58831.0,0.1109279121551563,0.0,0.0,0.0,0.0,0.0,0.0,0.0,0.0,0.0,0.0
83314.46,0.9130492035215595,0.0,22194.0,37.0,0.18894999999876178,31.6875,32.8125,36.950000000000045,0.0,0.0,0.0,0.0,0.0,20.0,0.3,0.1,0.2,0.1,0.4,0.1,0.1,0.1,0.5,0.0,65535.0,0.1680781261921111,0.0,59264.0,0.11048866090712743,0.0,0.0,0.0,0.0,0.0,0.0,0.0,0.0,0.0,0.0
83374.54,0.9094088496015768,0.0,22194.0,37.0,0.18864999999876117,31.6875,32.75,36.81,0.0,0.0,0.0,0.0,0.0,20.0,0.3,0.1,0.2,0.1,0.4,0.1,0.1,0.1,0.5,0.0,65535.0,0.1689478904402228,0.0,58575.0,0.11185659411011524,0.0,0.0,0.0,0.0,0.0,0.0,0.0,0.0,0.0,0.0
83434.59,0.8562096603107683,0.0,22194.0,37.0,0.18514999999875012,31.75,32.8125,36.93000000000001,0.0,0.0,0.0,0.0,0.0,20.0,0.3,0.1,0.2,0.1,0.4,0.1,0.1,0.1,0.5,0.0,65535.0,0.16815442130159458,0.0,59398.0,0.11042459342065389,0.0,0.0,0.0,0.0,0.0,0.0,0.0,0.0,0.0,0.0
83494.69,0.9157707152291864,0.0,22194.0,37.0,0.14014999999874755,31.8125,32.875,37.09000000000003,0.0,0.0,0.0,0.0,0.0,20.0,0.3,0.1,0.2,0.1,0.4,0.1,0.1,0.1,0.5,0.0,65535.0,0.1684748607614252,0.0,59251.0,0.1105804121449427,0.0,0.0,0.0,0.0,0.0,0.0,0.0,0.0,0.0,0.0
83554.78,0.9119930644058423,0.0,22194.0,37.0,0.16984999999874728,31.75,32.75,36.950000000000045,0.0,0.0,0.0,0.0,0.0,20.0,0.3,0.1,0.2,0.1,0.4,0.1,0.1,0.1,0.5,0.0,65535.0,0.16841382467383842,0.0,59683.0,0.11026590486403164,0.0,0.0,0.0,0.0,0.0,0.0,0.0,0.0,0.0,0.0
83614.88,0.9272952725864695,0.0,22194.0,37.0,0.18274999999874633,31.75,32.8125,36.97000000000003,0.0,0.0,0.0,0.0,0.0,20.0,0.3,0.1,0.2,0.1,0.4,0.1,0.1,0.1,0.5,0.0,65535.0,0.1679102769512474,0.0,59413.0,0.1102452325248683,0.0,0.0,0.0,0.0,0.0,0.0,0.0,0.0,0.0,0.0
83674.98,0.9115721849111984,0.0,22194.0,37.0,0.13624999999874343,31.75,32.75,36.85000000000002,0.0,0.0,0.0,0.0,0.0,20.0,0.3,0.1,0.2,0.1,0.4,0.1,0.1,0.1,0.5,0.0,65535.0,0.16923781185626002,0.0,59066.0,0.11114685267328074,0.0,0.0,0.0,0.0,0.0,0.0,0.0,0.0,0.0,0.0
83735.06,0.9125538793612429,0.0,22194.0,37.0,0.18774999999875427,31.75,32.75,36.870000000000005,0.0,0.0,0.0,0.0,0.0,20.0,0.3,0.1,0.2,0.1,0.4,0.1,0.1,0.1,0.5,0.0,65535.0,0.16856641489280538,0.0,59473.0,0.11055436920955727,0.0,0.0,0.0,0.0,0.0,0.0,0.0,0.0,0.0,0.0
83795.16,0.8645966697954266,0.0,22194.0,37.0,0.18714999999875395,31.75,32.8125,36.73000000000002,0.0,0.0,0.0,0.0,0.0,20.0,0.3,0.1,0.2,0.1,0.4,0.1,0.1,0.1,0.5,0.0,65535.0,0.17004654001678493,0.0,59570.0,0.11069330199764982,0.0,0.0,0.0,0.0,0.0,0.0,0.0,0.0,0.0,0.0
83855.23,0.9155666024143445,0.0,22194.0,37.0,0.16774999999874232,31.75,32.8125,36.85000000000002,0.0,0.0,0.0,0.0,0.0,20.0,0.3,0.1,0.2,0.1,0.4,0.1,0.1,0.1,0.5,0.0,65535.0,0.16916151674677654,0.0,58964.0,0.11147479818194152,0.0,0.0,0.0,0.0,0.0,0.0,0.0,0.0,0.0,0.0
83915.31,0.9051474871232781,0.0,22194.0,37.0,0.12624999999874992,31.75,32.75,36.93000000000001,0.0,0.0,0.0,0.0,0.0,20.0,0.3,0.1,0.2,0.1,0.4,0.1,0.1,0.1,0.5,0.0,65535.0,0.16873426413366904,0.0,59242.0,0.1115256068329901,0.0,0.0,0.0,0.0,0.0,0.0,0.0,0.0,0.0,0.0
83975.4,0.9117372584378971,0.0,22194.0,37.0,0.16444999999874105,31.75,32.875,36.97000000000003,0.0,0.0,0.0,0.0,0.0,20.0,0.3,0.1,0.2,0.1,0.4,0.1,0.1,0.1,0.5,0.0,65535.0,0.16948195620660716,0.0,58909.0,0.11144307321461916,0.0,0.0,0.0,0.0,0.0,0.0,0.0,0.0,0.0,0.0
84035.5,0.8766576953964325,0.0,22194.0,37.0,0.16474999999873993,31.75,32.8125,36.97000000000003,0.0,0.0,0.0,0.0,0.0,20.0,0.3,0.1,0.2,0.1,0.4,0.1,0.1,0.1,0.5,0.0,65535.0,0.16900892652780958,0.0,60226.0,0.11000232457742504,0.0,0.0,0.0,0.0,0.0,0.0,0.0,0.0,0.0,0.0
84095.59,0.8801804081456819,0.0,22194.0,37.0,0.22044999999875123,31.75,32.75,36.950000000000045,0.0,0.0,0.0,0.0,0.0,20.0,0.3,0.1,0.2,0.1,0.4,0.1,0.1,0.1,0.5,0.0,65535.0,0.16917677576867324,0.0,59087.0,0.11147968250207321,0.0,0.0,0.0,0.0,0.0,0.0,0.0,0.0,0.0,0.0
84155.67,0.8986258525627515,0.0,22194.0,37.0,0.16544999999874355,31.75,32.8125,36.81,0.0,0.0,0.0,0.0,0.0,20.0,0.3,0.1,0.2,0.1,0.4,0.1,0.1,0.1,0.5,0.0,65535.0,0.16948195620660716,0.0,59060.0,0.1114121232644768,0.0,0.0,0.0,0.0,0.0,0.0,0.0,0.0,0.0,0.0
84215.79,0.8811765461034251,0.0,22194.0,37.0,0.18364999999873863,31.8125,32.8125,36.89000000000004,0.0,0.0,0.0,0.0,0.0,20.0,0.3,0.1,0.2,0.1,0.4,0.1,0.1,0.1,0.5,0.0,65535.0,0.1693598840314336,0.0,59324.0,0.11172543995684714,0.0,0.0,0.0,0.0,0.0,0.0,0.0,0.0,0.0,0.0
84275.89,0.8837642993166628,0.0,22194.0,37.0,0.18604999999873728,31.8125,32.875,36.97000000000003,0.0,0.0,0.0,0.0,0.0,20.0,0.3,0.1,0.2,0.1,0.4,0.1,0.1,0.1,0.5,0.0,65535.0,0.16926832990005342,0.0,59529.0,0.11105511599388533,0.0,0.0,0.0,0.0,0.0,0.0,0.0,0.0,0.0,0.0
84335.94,0.9221822403646631,0.0,22194.0,37.0,0.11384999999873843,31.8125,32.8125,37.01000000000005,0.0,0.0,0.0,0.0,0.0,20.0,0.3,0.1,0.2,0.1,0.4,0.1,0.1,0.1,0.5,0.0,65535.0,0.1701380941481651,0.0,59607.0,0.11114466421728991,0.0,0.0,0.0,0.0,0.0,0.0,0.0,0.0,0.0,0.0
84396.01,0.9087669321618184,0.0,22194.0,37.0,0.1729499999987398,31.8125,32.875,36.85000000000002,0.0,0.0,0.0,0.0,0.0,20.0,0.3,0.1,0.2,0.1,0.4,0.1,0.1,0.1,0.5,0.0,65535.0,0.16943617914091708,0.0,60632.0,0.10999142367066896,0.0,0.0,0.0,0.0,0.0,0.0,0.0,0.0,0.0,0.0
84456.09,0.8941830388085046,0.0,22194.0,37.0,0.17294999999873895,31.6875,32.875,36.81,0.0,0.0,0.0,0.0,0.0,20.0,0.3,0.1,0.2,0.1,0.4,0.1,0.1,0.1,0.5,0.0,65535.0,0.1693293659876402,0.0,59018.0,0.11186417703073638,0.0,0.0,0.0,0.0,0.0,0.0,0.0,0.0,0.0,0.0
84516.16,0.9255999675521009,0.0,22194.0,37.0,0.21864999999874513,31.75,32.8125,36.870000000000005,0.0,0.0,0.0,0.0,0.0,20.0,0.3,0.1,0.2,0.1,0.4,0.1,0.1,0.1,0.5,0.0,65535.0,0.16911573968108645,0.0,59599.0,0.11137770767965906,0.0,0.0,0.0,0.0,0.0,0.0,0.0,0.0,0.0,0.0
84576.2,0.930141461542848,0.0,22194.0,37.0,0.17044999999873298,31.8125,32.875,36.89000000000004,0.0,0.0,0.0,0.0,0.0,20.0,0.3,0.1,0.2,0.1,0.4,0.1,0.1,0.1,0.5,0.0,65535.0,0.1689326314183261,0.0,60347.0,0.11031202876696439,0.0,0.0,0.0,0.0,0.0,0.0,0.0,0.0,0.0,0.0
84636.24,0.9221493453445191,0.0,22194.0,37.0,0.14984999999873577,31.75,32.875,37.27000000000004,0.0,0.0,0.0,0.0,0.0,20.0,0.3,0.1,0.2,0.1,0.4,0.1,0.1,0.1,0.5,0.0,65535.0,0.17071793698023957,0.0,58978.0,0.11219437756451558,0.0,0.0,0.0,0.0,0.0,0.0,0.0,0.0,0.0,0.0
84696.32,0.9241126169497231,0.0,22194.0,37.0,0.1848499999987315,31.75,32.8125,36.97000000000003,0.0,0.0,0.0,0.0,0.0,20.0,0.3,0.1,0.2,0.1,0.4,0.1,0.1,0.1,0.5,0.0,65535.0,0.16870374608987565,0.0,60080.0,0.11096870838881491,0.0,0.0,0.0,0.0,0.0,0.0,0.0,0.0,0.0,0.0
84756.4,0.8704018345616158,0.0,22194.0,37.0,0.17834999999873485,31.8125,32.875,36.870000000000005,0.0,0.0,0.0,0.0,0.0,20.0,0.3,0.1,0.2,0.1,0.4,0.1,0.1,0.1,0.5,0.0,65535.0,0.1689173723964294,0.0,60627.0,0.11051181816682336,0.0,0.0,0.0,0.0,0.0,0.0,0.0,0.0,0.0,0.0
84816.43,0.9265911386375154,0.0,22194.0,37.0,0.18094999999872907,31.8125,32.875,36.870000000000005,0.0,0.0,0.0,0.0,0.0,20.0,0.3,0.1,0.2,0.1,0.4,0.1,0.1,0.1,0.5,0.0,65535.0,0.16926832990005342,0.0,59945.0,0.11105179748102427,0.0,0.0,0.0,0.0,0.0,0.0,0.0,0.0,0.0,0.0
84876.48,0.8996469159040712,0.0,22194.0,37.0,0.1874499999987382,31.8125,32.8125,37.09000000000003,0.0,0.0,0.0,0.0,0.0,20.0,0.3,0.1,0.2,0.1,0.4,0.1,0.1,0.1,0.5,0.0,65535.0,0.16961928740367743,0.0,59776.0,0.11133230728051392,0.0,0.0,0.0,0.0,0.0,0.0,0.0,0.0,0.0,0.0
84936.54,0.9081707919676979,0.0,22194.0,37.0,0.18394999999872716,31.75,32.8125,36.97000000000003,0.0,0.0,0.0,0.0,0.0,20.0,0.3,0.1,0.2,0.1,0.4,0.1,0.1,0.1,0.5,0.0,65535.0,0.1693751430533303,0.0,60623.0,0.11048611912970324,0.0,0.0,0.0,0.0,0.0,0.0,0.0,0.0,0.0,0.0
84996.62,0.9167078060037577,0.0,22194.0,37.0,0.1850499999987361,31.8125,32.875,36.85000000000002,0.0,0.0,0.0,0.0,0.0,20.0,0.3,0.1,0.2,0.1,0.4,0.1,0.1,0.1,0.5,0.0,65535.0,0.1701838712138552,0.0,59406.0,0.11195838804161196,0.0,0.0,0.0,0.0,0.0,0.0,0.0,0.0,0.0,0.0
85056.7,0.9151378212427388,0.0,22194.0,37.0,0.16414999999872498,31.8125,32.8125,36.85000000000002,0.0,0.0,0.0,0.0,0.0,20.0,0.3,0.1,0.2,0.1,0.4,0.1,0.1,0.1,0.5,0.0,65535.0,0.16920729381246663,0.0,59586.0,0.11173765649649246,0.0,0.0,0.0,0.0,0.0,0.0,0.0,0.0,0.0,0.0
85116.82,0.8699253498997365,0.0,22194.0,37.0,0.122349999998732,31.75,32.8125,37.01000000000005,0.0,0.0,0.0,0.0,0.0,20.0,0.3,0.1,0.2,0.1,0.4,0.1,0.1,0.1,0.5,0.0,65535.0,0.1698023956664378,0.0,60094.0,0.11105934036675874,0.0,0.0,0.0,0.0,0.0,0.0,0.0,0.0,0.0,0.0
85176.89,0.9262120788559145,0.0,22194.0,37.0,0.17974999999872326,31.6875,32.8125,36.950000000000045,0.0,0.0,0.0,0.0,0.0,20.0,0.3,0.1,0.2,0.1,0.4,0.1,0.1,0.1,0.5,0.0,65535.0,0.16993972686350806,0.0,59724.0,0.11186457705445048,0.0,0.0,0.0,0.0,0.0,0.0,0.0,0.0,0.0,0.0
85236.96,0.872094135998362,0.0,22194.0,37.0,0.2186499999987339,31.75,32.875,36.85000000000002,0.0,0.0,0.0,0.0,0.0,20.0,0.3,0.1,0.2,0.1,0.4,0.1,0.1,0.1,0.5,0.0,65535.0,0.16993972686350806,0.0,59700.0,0.111892797319933,0.0,0.0,0.0,0.0,0.0,0.0,0.0,0.0,0.0,0.0
85297.04,0.9075800223495081,0.0,22194.0,37.0,0.20544999999873256,31.75,32.8125,36.89000000000004,0.0,0.0,0.0,0.0,0.0,20.0,0.3,0.1,0.2,0.1,0.4,0.1,0.1,0.1,0.5,0.0,65535.0,0.16943617914091708,0.0,60408.0,0.11117732750629056,0.0,0.0,0.0,0.0,0.0,0.0,0.0,0.0,0.0,0.0
85357.1,0.8929615508655312,0.0,22194.0,37.0,0.14954999999872484,31.8125,32.8125,36.97000000000003,0.0,0.0,0.0,0.0,0.0,20.0,0.3,0.1,0.2,0.1,0.4,0.1,0.1,0.1,0.5,0.0,65535.0,0.17004654001678493,0.0,59886.0,0.11146177737701633,0.0,0.0,0.0,0.0,0.0,0.0,0.0,0.0,0.0,0.0
85417.17,0.8707414128942766,0.0,22194.0,37.0,0.10744999999871707,31.8125,32.875,36.950000000000045,0.0,0.0,0.0,0.0,0.0,20.0,0.3,0.1,0.2,0.1,0.4,0.1,0.1,0.1,0.5,0.0,65535.0,0.17001602197299154,0.0,59690.0,0.11201206232199698,0.0,0.0,0.0,0.0,0.0,0.0,0.0,0.0,0.0,0.0
85477.24,0.9111071140067808,0.0,22194.0,37.0,0.16774999999871823,31.8125,32.8125,36.79000000000002,0.0,0.0,0.0,0.0,0.0,20.0,0.3,0.1,0.2,0.1,0.4,0.1,0.1,0.1,0.5,0.0,65535.0,0.1702296482795453,0.0,59940.0,0.11179512846179512,0.0,0.0,0.0,0.0,0.0,0.0,0.0,0.0,0.0,0.0
85537.29,0.878571419194935,0.0,22194.0,37.0,0.16564999999871674,31.8125,32.875,36.93000000000001,0.0,0.0,0.0,0.0,0.0,20.0,0.3,0.1,0.2,0.1,0.4,0.1,0.1,0.1,0.5,0.0,65535.0,0.17094682230869002,0.0,59454.0,0.11220439331247688,0.0,0.0,0.0,0.0,0.0,0.0,0.0,0.0,0.0,0.0
85597.37,0.9130443553601219,0.0,22194.0,37.0,0.18094999999871617,31.75,32.875,36.950000000000045,0.0,0.0,0.0,0.0,0.0,20.0,0.3,0.1,0.2,0.1,0.4,0.1,0.1,0.1,0.5,0.0,65535.0,0.1697566186007477,0.0,60195.0,0.11132153833374865,0.0,0.0,0.0,0.0,0.0,0.0,0.0,0.0,0.0,0.0
85657.44,0.8683480065638571,0.0,22194.0,37.0,0.1962499999987156,31.8125,32.8125,37.05000000000001,0.0,0.0,0.0,0.0,0.0,20.0,0.3,0.1,0.2,0.1,0.4,0.1,0.1,0.1,0.5,0.0,65535.0,0.17048905165178913,0.0,60260.0,0.11138400265516096,0.0,0.0,0.0,0.0,0.0,0.0,0.0,0.0,0.0,0.0
85717.5,0.9249543637071281,0.0,22194.0,37.0,0.19624999999871473,31.8125,32.875,36.97000000000003,0.0,0.0,0.0,0.0,0.0,20.0,0.3,0.1,0.2,0.1,0.4,0.1,0.1,0.1,0.5,0.0,65535.0,0.17077897306782636,0.0,60686.0,0.1112118116204726,0.0,0.0,0.0,0.0,0.0,0.0,0.0,0.0,0.0,0.0
85777.57,0.9027474054818654,0.0,22194.0,37.0,0.16294999999871235,31.8125,32.8125,36.81,0.0,0.0,0.0,0.0,0.0,20.0,0.3,0.1,0.2,0.1,0.4,0.1,0.1,0.1,0.5,0.0,65535.0,0.16955825131609065,0.0,59979.0,0.11188916120642224,0.0,0.0,0.0,0.0,0.0,0.0,0.0,0.0,0.0,0.0
85837.67,0.9352090488718985,0.0,22194.0,37.0,0.17564999999871672,31.8125,32.875,36.950000000000045,0.0,0.0,0.0,0.0,0.0,20.0,0.3,0.1,0.2,0.1,0.4,0.1,0.1,0.1,0.5,0.0,65535.0,0.17041275654230564,0.0,60968.0,0.11064820889647028,0.0,0.0,0.0,0.0,0.0,0.0,0.0,0.0,0.0,0.0
85897.75,0.9400517004548482,0.0,22194.0,37.0,0.2180499999987225,31.8125,32.8125,36.85000000000002,0.0,0.0,0.0,0.0,0.0,20.0,0.3,0.1,0.2,0.1,0.4,0.1,0.1,0.1,0.5,0.0,65535.0,0.16992446784161136,0.0,60521.0,0.11133325622511195,0.0,0.0,0.0,0.0,0.0,0.0,0.0,0.0,0.0,0.0
85957.85,0.8937027604053699,0.0,22194.0,37.0,0.16334999999871452,31.8125,32.8125,36.85000000000002,0.0,0.0,0.0,0.0,0.0,20.0,0.3,0.1,0.2,0.1,0.4,0.1,0.1,0.1,0.5,0.0,65535.0,0.1701380941481651,0.0,60130.0,0.1117911192416431,0.0,0.0,0.0,0.0,0.0,0.0,0.0,0.0,0.0,0.0
86017.92,0.8764857974472854,0.0,22194.0,37.0,0.1674499999987091,31.8125,32.8125,37.05000000000001,0.0,0.0,0.0,0.0,0.0,20.0,0.3,0.1,0.2,0.1,0.4,0.1,0.1,0.1,0.5,0.0,65535.0,0.17079423208972305,0.0,60007.0,0.11207025846984518,0.0,0.0,0.0,0.0,0.0,0.0,0.0,0.0,0.0,0.0
86078.0,0.9135303539736286,0.0,22194.0,37.0,0.17954999999871316,31.8125,32.875,36.950000000000045,0.0,0.0,0.0,0.0,0.0,20.0,0.3,0.1,0.2,0.1,0.4,0.1,0.1,0.1,0.5,0.0,65535.0,0.17004654001678493,0.0,59719.0,0.11266096217284281,0.0,0.0,0.0,0.0,0.0,0.0,0.0,0.0,0.0,0.0
86138.05,0.9217909869693128,0.0,22194.0,37.0,0.15684999999871618,31.8125,32.8125,36.79000000000002,0.0,0.0,0.0,0.0,0.0,20.0,0.3,0.1,0.2,0.1,0.4,0.1,0.1,0.1,0.5,0.0,65535.0,0.17067215991454948,0.0,60202.0,0.11207268861499618,0.0,0.0,0.0,0.0,0.0,0.0,0.0,0.0,0.0,0.0
86198.11,0.8820093279257861,0.0,22194.0,37.0,0.17684999999871134,31.8125,32.8125,36.97000000000003,0.0,0.0,0.0,0.0,0.0,20.0,0.3,0.1,0.2,0.1,0.4,0.1,0.1,0.1,0.5,0.0,65535.0,0.17116044861524377,0.0,59674.0,0.11287998123135703,0.0,0.0,0.0,0.0,0.0,0.0,0.0,0.0,0.0,0.0
86258.22,0.9226923615219706,0.0,22194.0,37.0,0.22694999999871265,31.8125,32.8125,37.05000000000001,0.0,0.0,0.0,0.0,0.0,20.0,0.3,0.1,0.2,0.1,0.4,0.1,0.1,0.1,0.5,0.0,65535.0,0.17109941252765698,0.0,60553.0,0.1116212243819464,0.0,0.0,0.0,0.0,0.0,0.0,0.0,0.0,0.0,0.0
86318.27,0.9077079938590509,0.0,22194.0,37.0,0.12154999999870306,31.8125,32.8125,37.09000000000003,0.0,0.0,0.0,0.0,0.0,20.0,0.3,0.1,0.2,0.1,0.4,0.1,0.1,0.1,0.5,0.0,65535.0,0.16966506446936752,0.0,59781.0,0.11264448570616083,0.0,0.0,0.0,0.0,0.0,0.0,0.0,0.0,0.0,0.0
86378.33,0.907058552329586,0.0,22194.0,37.0,0.16184999999870817,31.8125,32.875,36.89000000000004,0.0,0.0,0.0,0.0,0.0,20.0,0.3,0.1,0.2,0.1,0.4,0.1,0.1,0.1,0.5,0.0,65535.0,0.17029068436713207,0.0,59997.0,0.11257229528143074,0.0,0.0,0.0,0.0,0.0,0.0,0.0,0.0,0.0,0.0
86438.41,0.9216383752798918,0.0,22194.0,37.0,0.14624999999870641,31.8125,32.8125,36.79000000000002,0.0,0.0,0.0,0.0,0.0,20.0,0.3,0.1,0.2,0.1,0.4,0.1,0.1,0.1,0.5,0.0,65535.0,0.17116044861524377,0.0,60473.0,0.11205000578770691,0.0,0.0,0.0,0.0,0.0,0.0,0.0,0.0,0.0,0.0
86498.47,0.8972310340374923,0.0,22194.0,37.0,0.17534999999870665,31.8125,32.8125,36.85000000000002,0.0,0.0,0.0,0.0,0.0,20.0,0.3,0.1,0.2,0.1,0.4,0.1,0.1,0.1,0.5,0.0,65535.0,0.17094682230869002,0.0,60232.0,0.11253154469385045,0.0,0.0,0.0,0.0,0.0,0.0,0.0,0.0,0.0,0.0
86558.55,0.9033618885229053,0.0,22194.0,37.0,0.16444999999870066,31.8125,32.75,36.950000000000045,0.0,0.0048,0.25,0.0,0.0,20.0,0.3,0.1,0.2,0.1,0.4,0.1,0.1,0.1,0.5,0.0,65535.0,0.1709773403524834,0.0,60668.0,0.11193710028351025,0.0,0.0,0.0,0.0,0.0,0.0,0.0,0.0,0.0,0.0
86618.59,0.9218500307010923,0.0,22194.0,37.0,0.27344999999870867,31.75,32.875,36.57000000000005,0.0,0.0,0.0,0.0,0.0,20.0,0.3,0.1,0.2,0.1,0.4,0.1,0.1,0.1,0.5,0.0,65535.0,0.16720836194399938,0.0,58885.0,0.11288103931391695,0.0,0.0,0.0,0.0,0.0,0.0,0.0,0.0,0.0,0.0
86678.68,0.8582894460181609,0.0,22194.0,37.0,0.27094999999870273,31.75,32.875,36.690000000000055,0.0,0.0,0.0,0.0,0.0,20.0,0.3,0.1,0.2,0.1,0.4,0.1,0.1,0.1,0.5,0.0,65535.0,0.1679407949950408,0.0,59740.0,0.11170070304653498,0.0,0.0,0.0,0.0,0.0,0.0,0.0,0.0,0.0,0.0
86738.78,0.897641413899127,0.0,22194.0,37.0,0.1815499999986979,31.8125,32.875,37.09000000000003,0.0,0.0,0.0,0.0,0.0,20.0,0.3,0.1,0.2,0.1,0.4,0.1,0.1,0.1,0.5,0.0,65535.0,0.1675898374914168,0.0,59901.0,0.11113337006059999,0.0,0.0,0.0,0.0,0.0,0.0,0.0,0.0,0.0,0.0
86798.88,0.8691556495212462,0.0,22194.0,37.0,0.16884999999870604,31.875,32.8125,36.97000000000003,0.0,0.0,0.0,0.0,0.0,20.0,0.3,0.1,0.2,0.1,0.4,0.1,0.1,0.1,0.5,0.0,65535.0,0.16729991607537956,0.0,59126.0,0.1121503230389338,0.0,0.0,0.0,0.0,0.0,0.0,0.0,0.0,0.0,0.0
86858.96,0.918748285248923,0.0,22194.0,37.0,0.15024999999870448,31.8125,32.875,36.89000000000004,0.0,0.0,0.0,0.0,0.0,20.0,0.3,0.1,0.2,0.1,0.4,0.1,0.1,0.1,0.5,0.0,65535.0,0.1671473258564126,0.0,59268.0,0.11184787743807788,0.0,0.0,0.0,0.0,0.0,0.0,0.0,0.0,0.0,0.0
86919.01,0.8657607037412034,0.0,22194.0,37.0,0.17054999999869935,31.875,32.8125,36.950000000000045,0.0,0.0,0.0,0.0,0.0,20.0,0.3,0.1,0.2,0.1,0.4,0.1,0.1,0.1,0.5,0.0,65535.0,0.1675440604257267,0.0,59651.0,0.11136443647214632,0.0,0.0,0.0,0.0,0.0,0.0,0.0,0.0,0.0,0.0
86979.11,0.8615430676104817,0.0,22194.0,37.0,0.1443499999986922,31.8125,32.875,37.01000000000005,0.0,0.0,0.0,0.0,0.0,20.0,0.3,0.1,0.2,0.1,0.4,0.1,0.1,0.1,0.5,0.0,65535.0,0.1674982833600366,0.0,58930.0,0.11293059562192431,0.0,0.0,0.0,0.0,0.0,0.0,0.0,0.0,0.0,0.0
87039.23,0.9032932876382651,0.0,22194.0,37.0,0.11954999999869542,31.8125,32.8125,36.870000000000005,0.0,0.0,0.0,0.0,0.0,20.0,0.3,0.1,0.2,0.1,0.4,0.1,0.1,0.1,0.5,0.0,65535.0,0.16729991607537956,0.0,60917.0,0.10965740269547089,0.0,0.0,0.0,0.0,0.0,0.0,0.0,0.0,0.0,0.0
87099.3,0.8573334392785085,0.0,22194.0,37.0,0.12744999999869988,31.875,32.8125,36.93000000000001,0.0,0.0,0.0,0.0,0.0,20.0,0.3,0.1,0.2,0.1,0.4,0.1,0.1,0.1,0.5,0.0,65535.0,0.1670862897688258,0.0,59621.0,0.11180624276681035,0.0,0.0,0.0,0.0,0.0,0.0,0.0,0.0,0.0,0.0
87159.33,0.9004777580020282,0.0,22194.0,37.0,0.181249999998691,31.8125,32.8125,36.81,0.0,0.0,0.0,0.0,0.0,20.0,0.3,0.1,0.2,0.1,0.4,0.1,0.1,0.1,0.5,0.0,65535.0,0.16797131303883422,0.0,60055.0,0.11134793106319207,0.0,0.0,0.0,0.0,0.0,0.0,0.0,0.0,0.0,0.0
87219.4,0.8995524055227913,0.0,22194.0,37.0,0.22954999999869144,31.75,32.875,37.05000000000001,0.0,0.0,0.0,0.0,0.0,20.0,0.3,0.1,0.2,0.1,0.4,0.1,0.1,0.1,0.5,0.0,65535.0,0.16743724727244982,0.0,60159.0,0.11113881547233165,0.0,0.0,0.0,0.0,0.0,0.0,0.0,0.0,0.0,0.0
87279.47,0.8609173493776423,0.0,22194.0,37.0,0.23614999999869055,31.8125,32.8125,36.97000000000003,0.0,0.0,0.0,0.0,0.0,20.0,0.3,0.1,0.2,0.1,0.4,0.1,0.1,0.1,0.5,0.0,65535.0,0.16679636835278858,0.0,60113.0,0.11119059105351588,0.0,0.0,0.0,0.0,0.0,0.0,0.0,0.0,0.0,0.0
87339.53,0.9176656201889885,0.0,22194.0,37.0,0.17144999999869168,31.8125,32.875,36.93000000000001,0.0,0.0,0.0,0.0,0.0,20.0,0.3,0.1,0.2,0.1,0.4,0.1,0.1,0.1,0.5,0.0,65535.0,0.1674830243381399,0.0,59570.0,0.11196911196911197,0.0,0.0,0.0,0.0,0.0,0.0,0.0,0.0,0.0,0.0
87399.6,0.9015814559130371,0.0,22194.0,37.0,0.14484999999869483,31.875,32.875,36.97000000000003,0.0,0.0,0.0,0.0,0.0,20.0,0.3,0.1,0.2,0.1,0.4,0.1,0.1,0.1,0.5,0.0,65535.0,0.16700999465934233,0.0,59546.0,0.11216538474456722,0.0,0.0,0.0,0.0,0.0,0.0,0.0,0.0,0.0,0.0
87459.64,0.8695335437018333,0.0,22194.0,37.0,0.18274999999868535,31.8125,32.8125,37.05000000000001,0.0,0.0,0.0,0.0,0.0,20.0,0.3,0.1,0.2,0.1,0.4,0.1,0.1,0.1,0.5,0.0,65535.0,0.16789501792935072,0.0,58835.0,0.11340188663210674,0.0,0.0,0.0,0.0,0.0,0.0,0.0,0.0,0.0,0.0
87519.74,0.872811026717634,0.0,22194.0,37.0,0.20634999999869486,31.8125,32.875,36.870000000000005,0.0,0.0,0.0,0.0,0.0,20.0,0.3,0.1,0.2,0.1,0.4,0.1,0.1,0.1,0.5,0.0,65535.0,0.16725413900968947,0.0,59761.0,0.11199611786951356,0.0,0.0,0.0,0.0,0.0,0.0,0.0,0.0,0.0,0.0
87579.85,0.9175558923569133,0.0,22194.0,37.0,0.16694999999868804,31.8125,32.8125,36.97000000000003,0.0,0.0,0.0,0.0,0.0,20.0,0.3,0.1,0.2,0.1,0.4,0.1,0.1,0.1,0.5,0.0,65535.0,0.16736095216296634,0.0,60795.0,0.1104202648244099,0.0,0.0,0.0,0.0,0.0,0.0,0.0,0.0,0.0,0.0
87639.94,0.9086521019671431,0.0,22194.0,37.0,0.2028499999986838,31.8125,32.8125,36.73000000000002,0.0,0.0,0.0,0.0,0.0,20.0,0.3,0.1,0.2,0.1,0.4,0.1,0.1,0.1,0.5,0.0,65535.0,0.16903944457160297,0.0,59478.0,0.11249537644170954,0.0,0.0,0.0,0.0,0.0,0.0,0.0,0.0,0.0,0.0
87700.0,0.8978286687606236,0.0,22194.0,37.0,0.16694999999868632,31.875,32.875,36.89000000000004,0.0,0.0,0.0,0.0,0.0,20.0,0.3,0.1,0.2,0.1,0.4,0.1,0.1,0.1,0.5,0.0,65535.0,0.1681239032578012,0.0,58911.0,0.11323861418071328,0.0,0.0,0.0,0.0,0.0,0.0,0.0,0.0,0.0,0.0
87760.04,0.8729021460367373,0.0,22194.0,37.0,0.17984999999868623,31.875,32.875,36.97000000000003,0.0,0.0,0.0,0.0,0.0,20.0,0.3,0.1,0.2,0.1,0.4,0.1,0.1,0.1,0.5,0.0,65535.0,0.16743724727244982,0.0,59160.0,0.11328600405679513,0.0,0.0,0.0,0.0,0.0,0.0,0.0,0.0,0.0,0.0
87820.08,0.9070296088247489,0.0,22194.0,37.0,0.20074999999868143,31.8125,32.8125,37.03000000000003,0.0,0.0,0.0,0.0,0.0,20.0,0.3,0.1,0.2,0.1,0.4,0.1,0.1,0.1,0.5,0.0,65535.0,0.16688792248416875,0.0,59919.0,0.11200120162218996,0.0,0.0,0.0,0.0,0.0,0.0,0.0,0.0,0.0,0.0
87880.15,0.8752307520886162,0.0,22194.0,37.0,0.1925499999986897,31.8125,32.8125,36.97000000000003,0.0,0.0,0.0,0.0,0.0,20.0,0.3,0.1,0.2,0.1,0.4,0.1,0.1,0.1,0.5,0.0,65535.0,0.1675593194476234,0.0,59993.0,0.11192972513459903,0.0,0.0,0.0,0.0,0.0,0.0,0.0,0.0,0.0,0.0
87940.24,0.8804495796390823,0.0,22194.0,37.0,0.16424999999868276,31.8125,32.8125,37.01000000000005,0.0,0.0,0.0,0.0,0.0,20.0,0.3,0.1,0.2,0.1,0.4,0.1,0.1,0.1,0.5,0.0,65535.0,0.16775768673228045,0.0,60043.0,0.11203637393201539,0.0,0.0,0.0,0.0,0.0,0.0,0.0,0.0,0.0,0.0
88000.31,0.8597317244933744,0.0,22194.0,37.0,0.1698499999986768,31.8125,32.875,36.950000000000045,0.0,0.0,0.0,0.0,0.0,20.0,0.3,0.1,0.2,0.1,0.4,0.1,0.1,0.1,0.5,0.0,65535.0,0.16774242771038375,0.0,60002.0,0.11216292790240326,0.0,0.0,0.0,0.0,0.0,0.0,0.0,0.0,0.0,0.0
88060.39,0.8813879203911796,0.0,22194.0,37.0,0.20784999999868742,31.8125,32.875,36.93000000000001,0.0,0.0,0.0,0.0,0.0,20.0,0.3,0.1,0.2,0.1,0.4,0.1,0.1,0.1,0.5,0.0,65535.0,0.16878004119935913,0.0,61020.0,0.11089806620780072,0.0,0.0,0.0,0.0,0.0,0.0,0.0,0.0,0.0,0.0
88120.47,0.8760395313035267,0.0,22194.0,37.0,0.16694999999868027,31.875,32.9375,37.03000000000003,0.0,0.0,0.0,0.0,0.0,20.0,0.3,0.1,0.2,0.1,0.4,0.1,0.1,0.1,0.5,0.0,65535.0,0.16824597543297476,0.0,59478.0,0.11305020343656479,0.0,0.0,0.0,0.0,0.0,0.0,0.0,0.0,0.0,0.0
88180.53,0.8682053006399789,0.0,22194.0,37.0,0.17834999999867984,31.8125,32.875,37.01000000000005,0.0,0.0,0.0,0.0,0.0,20.0,0.3,0.1,0.2,0.1,0.4,0.1,0.1,0.1,0.5,0.0,65535.0,0.16772716868848705,0.0,59681.0,0.11256513798361288,0.0,0.0,0.0,0.0,0.0,0.0,0.0,0.0,0.0,0.0
88240.63,0.8812028440007438,0.0,22194.0,37.0,0.2004499999986748,31.875,32.875,37.170000000000016,0.0,0.0,0.0,0.0,0.0,20.0,0.3,0.1,0.2,0.1,0.4,0.1,0.1,0.1,0.5,0.0,65535.0,0.16885633630884261,0.0,60426.0,0.11185582365207031,0.0,0.0,0.0,0.0,0.0,0.0,0.0,0.0,0.0,0.0
88300.71,0.9223444869545663,0.0,22194.0,37.0,0.189549999998683,31.8125,32.875,36.950000000000045,0.0,0.0,0.0,0.0,0.0,20.0,0.3,0.1,0.2,0.1,0.4,0.1,0.1,0.1,0.5,0.0,65535.0,0.1684443427176318,0.0,60216.0,0.11231234223462203,0.0,0.0,0.0,0.0,0.0,0.0,0.0,0.0,0.0,0.0
88360.79,0.8909766155876198,0.0,22194.0,37.0,0.20044999999867308,31.8125,32.875,36.950000000000045,0.0,0.0,0.0,0.0,0.0,20.0,0.3,0.1,0.2,0.1,0.4,0.1,0.1,0.1,0.5,0.0,65535.0,0.16963454642557413,0.0,60447.0,0.11181696362102338,0.0,0.0,0.0,0.0,0.0,0.0,0.0,0.0,0.0,0.0
88420.85,0.8707975191742511,0.0,22194.0,37.0,0.1368499999986698,31.8125,32.8125,36.710000000000036,0.0,0.0,0.0,0.0,0.0,20.0,0.3,0.1,0.2,0.1,0.4,0.1,0.1,0.1,0.5,0.0,65535.0,0.16826123445487146,0.0,59923.0,0.11276137710061246,0.0,0.0,0.0,0.0,0.0,0.0,0.0,0.0,0.0,0.0
88480.89,0.9176733469463073,0.0,22194.0,37.0,0.11584999999866788,31.8125,32.875,36.97000000000003,0.0,0.0,0.0,0.0,0.0,20.0,0.3,0.1,0.2,0.1,0.4,0.1,0.1,0.1,0.5,0.0,65535.0,0.16906996261539636,0.0,60422.0,0.11277349309854026,0.0,0.0,0.0,0.0,0.0,0.0,0.0,0.0,0.0,0.0
88540.98,0.8705574217582551,0.0,22194.0,37.0,0.18144999999867925,31.8125,32.875,36.81,0.0,0.0,0.0,0.0,0.0,20.0,0.3,0.1,0.2,0.1,0.4,0.1,0.1,0.1,0.5,0.0,65535.0,0.169741359578851,0.0,60301.0,0.11285053315865408,0.0,0.0,0.0,0.0,0.0,0.0,0.0,0.0,0.0,0.0
88601.03,0.8745961154278492,0.0,22194.0,37.0,0.23624999999867544,31.75,32.8125,36.79000000000002,0.0,0.0,0.0,0.0,0.0,20.0,0.3,0.1,0.2,0.1,0.4,0.1,0.1,0.1,0.5,0.0,65535.0,0.1689021133745327,0.0,60460.0,0.1124545153820708,0.0,0.0,0.0,0.0,0.0,0.0,0.0,0.0,0.0,0.0
88661.1,0.9212681296953225,0.0,22194.0,37.0,0.16684999999866665,31.8125,32.875,37.05000000000001,0.0,0.0,0.0,0.0,0.0,20.0,0.3,0.1,0.2,0.1,0.4,0.1,0.1,0.1,0.5,0.0,65535.0,0.16835278858625163,0.0,60343.0,0.11262283943456573,0.0,0.0,0.0,0.0,0.0,0.0,0.0,0.0,0.0,0.0
88721.17,0.9295032976574236,0.0,22194.0,37.0,0.20864999999867212,31.8125,32.875,36.950000000000045,0.0,0.0,0.0,0.0,0.0,20.0,0.3,0.1,0.2,0.1,0.4,0.1,0.1,0.1,0.5,0.0,65535.0,0.16881055924315252,0.0,60600.0,0.11232673267326733,0.0,0.0,0.0,0.0,0.0,0.0,0.0,0.0,0.0,0.0
88781.24,0.9284370047200938,0.0,22194.0,37.0,0.20754999999867652,31.8125,32.875,36.870000000000005,0.0,0.0,0.0,0.0,0.0,20.0,0.3,0.1,0.2,0.1,0.4,0.1,0.1,0.1,0.5,0.0,65535.0,0.16881055924315252,0.0,60328.0,0.11230274499403262,0.0,0.0,0.0,0.0,0.0,0.0,0.0,0.0,0.0,0.0
88841.36,0.8704474778494145,0.0,22194.0,37.0,0.13044999999867302,31.8125,32.875,36.97000000000003,0.0,0.0,0.0,0.0,0.0,20.0,0.3,0.1,0.2,0.1,0.4,0.1,0.1,0.1,0.5,0.0,65535.0,0.16841382467383842,0.0,60702.0,0.11189087674211723,0.0,0.0,0.0,0.0,0.0,0.0,0.0,0.0,0.0,0.0
88901.43,0.9116119725956228,0.0,22194.0,37.0,0.17774999999866922,31.8125,32.8125,36.870000000000005,0.0,0.0,0.0,0.0,0.0,20.0,0.3,0.1,0.2,0.1,0.4,0.1,0.1,0.1,0.5,0.0,65535.0,0.16946669718471047,0.0,60506.0,0.1126665124119922,0.0,0.0,0.0,0.0,0.0,0.0,0.0,0.0,0.0,0.0
88961.51,0.9296339710657442,0.0,22194.0,37.0,0.18094999999866374,31.8125,32.9375,36.89000000000004,0.0,0.0,0.0,0.0,0.0,20.0,0.3,0.1,0.2,0.1,0.4,0.1,0.1,0.1,0.5,0.0,65535.0,0.16873426413366904,0.0,59962.0,0.11302158033421167,0.0,0.0,0.0,0.0,0.0,0.0,0.0,0.0,0.0,0.0
89021.57,0.9326632505568597,0.0,22194.0,37.0,0.20574999999867385,31.875,32.875,36.89000000000004,0.0,0.0,0.0,0.0,0.0,20.0,0.3,0.1,0.2,0.1,0.4,0.1,0.1,0.1,0.5,0.0,65535.0,0.16867322804608226,0.0,61246.0,0.11159912484080593,0.0,0.0,0.0,0.0,0.0,0.0,0.0,0.0,0.0,0.0
89081.65,0.9298517197837074,0.0,22194.0,37.0,0.1510499999986659,31.875,32.8125,36.950000000000045,0.0,0.0,0.0,0.0,0.0,20.0,0.3,0.1,0.2,0.1,0.4,0.1,0.1,0.1,0.5,0.0,65535.0,0.1685511558709087,0.0,61126.0,0.11167097470798024,0.0,0.0,0.0,0.0,0.0,0.0,0.0,0.0,0.0,0.0
89141.7,0.9024131071263639,0.0,22194.0,37.0,0.15864999999867063,31.875,32.875,37.05000000000001,0.0,0.0,0.0,0.0,0.0,20.0,0.3,0.1,0.2,0.1,0.4,0.1,0.1,0.1,0.5,0.0,65535.0,0.16878004119935913,0.0,61022.0,0.11179574579659794,0.0,0.0,0.0,0.0,0.0,0.0,0.0,0.0,0.0,0.0
89201.77,0.8831373984279223,0.0,22194.0,37.0,0.18364999999866125,31.875,32.875,37.01000000000005,0.0,0.0,0.0,0.0,0.0,20.0,0.3,0.1,0.2,0.1,0.4,0.1,0.1,0.1,0.5,0.0,65535.0,0.16818493934538797,0.0,60263.0,0.11340291721288352,0.0,0.0,0.0,0.0,0.0,0.0,0.0,0.0,0.0,0.0
89261.83,0.9419421130899341,0.0,22194.0,37.0,0.20014999999866045,31.875,32.875,36.97000000000003,0.0,0.0,0.0,0.0,0.0,20.0,0.3,0.1,0.2,0.1,0.4,0.1,0.1,0.1,0.5,0.0,65535.0,0.16864271000228886,0.0,60762.0,0.11255389881834041,0.0,0.0,0.0,0.0,0.0,0.0,0.0,0.0,0.0,0.0
89321.9,0.9266238968681364,0.0,22194.0,37.0,0.18214999999865833,31.8125,32.9375,36.89000000000004,0.0,0.0,0.0,0.0,0.0,20.0,0.3,0.1,0.2,0.1,0.4,0.1,0.1,0.1,0.5,0.0,65535.0,0.1689478904402228,0.0,61179.0,0.1120972882851959,0.0,0.0,0.0,0.0,0.0,0.0,0.0,0.0,0.0,0.0
89381.94,0.9222939891802476,0.0,22194.0,37.0,0.17564999999866168,31.8125,32.875,36.93000000000001,0.0,0.0,0.0,0.0,0.0,20.0,0.3,0.1,0.2,0.1,0.4,0.1,0.1,0.1,0.5,0.0,65535.0,0.16957351033798734,0.0,61071.0,0.11229552488087635,0.0,0.0,0.0,0.0,0.0,0.0,0.0,0.0,0.0,0.0
89441.97,0.9097966840033961,0.0,22194.0,37.0,0.2033499999986666,31.875,32.9375,36.97000000000003,0.0,0.0,0.0,0.0,0.0,20.0,0.3,0.1,0.2,0.1,0.4,0.1,0.1,0.1,0.5,0.0,65535.0,0.170595864805066,0.0,60864.0,0.1127924553101998,0.0,0.0,0.0,0.0,0.0,0.0,0.0,0.0,0.0,0.0
89502.02,0.9115035745810882,0.0,22194.0,37.0,0.13684999999865347,31.8125,32.875,37.09000000000003,0.0,0.0,0.0,0.0,0.0,20.0,0.3,0.1,0.2,0.1,0.4,0.1,0.1,0.1,0.5,0.0,65535.0,0.169741359578851,0.0,60670.0,0.11270809296192517,0.0,0.0,0.0,0.0,0.0,0.0,0.0,0.0,0.0,0.0
89562.07,0.8849500007762428,0.0,22194.0,37.0,0.12294999999866182,31.8125,32.9375,37.05000000000001,0.0,0.0,0.0,0.0,0.0,20.0,0.3,0.1,0.2,0.1,0.4,0.1,0.1,0.1,0.5,0.0,65535.0,0.16942092011902038,0.0,60566.0,0.11349602086979493,0.0,0.0,0.0,0.0,0.0,0.0,0.0,0.0,0.0,0.0
89622.14,0.9125725403197182,0.0,22194.0,37.0,0.21264999999866466,31.8125,32.9375,36.950000000000045,0.0,0.0,0.0,0.0,0.0,20.0,0.3,0.1,0.2,0.1,0.4,0.1,0.1,0.1,0.5,0.0,65535.0,0.16993972686350806,0.0,60597.0,0.11391653052131294,0.0,0.0,0.0,0.0,0.0,0.0,0.0,0.0,0.0,0.0
89682.22,0.9427662226289705,0.0,22194.0,37.0,0.19914999999866356,31.8125,32.875,36.85000000000002,0.0,0.0,0.0,0.0,0.0,20.0,0.3,0.1,0.2,0.1,0.4,0.1,0.1,0.1,0.5,0.0,65535.0,0.16951247425040056,0.0,61238.0,0.11244652013455697,0.0,0.0,0.0,0.0,0.0,0.0,0.0,0.0,0.0,0.0
89742.3,0.9270441993516513,0.0,22194.0,37.0,0.22304999999865857,31.875,32.875,36.93000000000001,0.0,0.0,0.0,0.0,0.0,20.0,0.3,0.1,0.2,0.1,0.4,0.1,0.1,0.1,0.5,0.0,65535.0,0.16946669718471047,0.0,62611.0,0.111162575266327,0.0,0.0,0.0,0.0,0.0,0.0,0.0,0.0,0.0,0.0
89802.34,0.893499072811284,0.0,22194.0,37.0,0.20664999999866182,31.75,32.875,36.97000000000003,0.0,0.0,0.0,0.0,0.0,20.0,0.3,0.1,0.2,0.1,0.4,0.1,0.1,0.1,0.5,0.0,65535.0,0.16961928740367743,0.0,61045.0,0.11272012449832092,0.0,0.0,0.0,0.0,0.0,0.0,0.0,0.0,0.0,0.0
89862.41,0.8984763680836311,0.0,22194.0,37.0,0.1857499999986507,31.875,32.875,36.89000000000004,0.0,0.0,0.0,0.0,0.0,20.0,0.3,0.1,0.2,0.1,0.4,0.1,0.1,0.1,0.5,0.0,65535.0,0.16945143816281377,0.0,61113.0,0.11306923240554383,0.0,0.0,0.0,0.0,0.0,0.0,0.0,0.0,0.0,0.0
89922.46,0.9192276605369172,0.0,22194.0,37.0,0.13684999999864741,31.8125,32.875,37.03000000000003,0.0,0.0,0.0,0.0,0.0,20.0,0.3,0.1,0.2,0.1,0.4,0.1,0.1,0.1,0.5,0.0,65535.0,0.16922255283436333,0.0,60999.0,0.11262479712782177,0.0,0.0,0.0,0.0,0.0,0.0,0.0,0.0,0.0,0.0
89982.49,0.9431707351713812,0.0,22194.0,37.0,0.17944999999864789,31.8125,32.9375,36.870000000000005,0.0,0.0,0.0,0.0,0.0,20.0,0.3,0.1,0.2,0.1,0.4,0.1,0.1,0.1,0.5,0.0,65535.0,0.16922255283436333,0.0,61732.0,0.11216224972461608,0.0,0.0,0.0,0.0,0.0,0.0,0.0,0.0,0.0,0.0
90042.53,0.9389622377455192,0.0,22194.0,37.0,0.22244999999865311,31.8125,32.9375,36.870000000000005,0.0,0.0,0.0,0.0,0.0,20.0,0.3,0.1,0.2,0.1,0.4,0.1,0.1,0.1,0.5,0.0,65535.0,0.16948195620660716,0.0,60737.0,0.11371980835405107,0.0,0.0,0.0,0.0,0.0,0.0,0.0,0.0,0.0,0.0
90102.6,0.8969178657075378,0.0,22194.0,37.0,0.20894999999865205,31.8125,32.875,36.79000000000002,0.0,0.0,0.0,0.0,0.0,20.0,0.3,0.1,0.2,0.1,0.4,0.1,0.1,0.1,0.5,0.0,65535.0,0.1701991302357519,0.0,60758.0,0.11359820928931169,0.0,0.0,0.0,0.0,0.0,0.0,0.0,0.0,0.0,0.0
90162.67,0.9491603889920991,0.0,22194.0,37.0,0.2251499999986515,31.8125,32.875,36.870000000000005,0.0,0.0,0.0,0.0,0.0,20.0,0.3,0.1,0.2,0.1,0.4,0.1,0.1,0.1,0.5,0.0,65535.0,0.1697108415350576,0.0,61313.0,0.1127330256226249,0.0,0.0,0.0,0.0,0.0,0.0,0.0,0.0,0.0,0.0
90222.74,0.8980963593351826,0.0,22194.0,37.0,0.18544999999864412,31.875,32.875,36.870000000000005,0.0,0.0,0.0,0.0,0.0,20.0,0.3,0.1,0.2,0.1,0.4,0.1,0.1,0.1,0.5,0.0,65535.0,0.17042801556420234,0.0,61697.0,0.11237175227320616,0.0,0.0,0.0,0.0,0.0,0.0,0.0,0.0,0.0,0.0
90282.83,0.9412544007003704,0.0,22194.0,37.0,0.1992499999986432,31.8125,32.8125,36.97000000000003,0.0,0.0,0.0,0.0,0.0,20.0,0.3,0.1,0.2,0.1,0.4,0.1,0.1,0.1,0.5,0.0,65535.0,0.16958876935988404,0.0,60384.0,0.11425211976682564,0.0,0.0,0.0,0.0,0.0,0.0,0.0,0.0,0.0,0.0
90342.93,0.924770915068764,0.0,22194.0,37.0,0.2071499999986477,31.8125,32.9375,37.03000000000003,0.0,0.0,0.0,0.0,0.0,20.0,0.3,0.1,0.2,0.1,0.4,0.1,0.1,0.1,0.5,0.0,65535.0,0.17007705806057832,0.0,61512.0,0.11256340226297308,0.0,0.0,0.0,0.0,0.0,0.0,0.0,0.0,0.0,0.0
90403.01,0.9065189274169159,0.0,22194.0,37.0,0.1750499999986459,31.8125,32.8125,36.93000000000001,0.0,0.0,0.0,0.0,0.0,20.0,0.3,0.1,0.2,0.1,0.4,0.1,0.1,0.1,0.5,0.0,65535.0,0.17045853360799573,0.0,61562.0,0.11282934277638804,0.0,0.0,0.0,0.0,0.0,0.0,0.0,0.0,0.0,0.0
90463.08,0.9382164190334057,0.0,22194.0,37.0,0.17294999999864524,31.8125,32.9375,36.85000000000002,0.0,0.0,0.0,0.0,0.0,20.0,0.3,0.1,0.2,0.1,0.4,0.1,0.1,0.1,0.5,0.0,65535.0,0.1702296482795453,0.0,61225.0,0.11338505512454063,0.0,0.0,0.0,0.0,0.0,0.0,0.0,0.0,0.0,0.0
90523.16,0.9413413913089663,0.0,22194.0,37.0,0.22154999999864622,31.8125,32.9375,36.690000000000055,0.0,0.0,0.0,0.0,0.0,20.0,0.3,0.1,0.2,0.1,0.4,0.1,0.1,0.1,0.5,0.0,65535.0,0.17027542534523538,0.0,60852.0,0.11396502990863078,0.0,0.0,0.0,0.0,0.0,0.0,0.0,0.0,0.0,0.0
90583.23,0.9489977622191126,0.0,22194.0,37.0,0.21894999999865028,31.8125,32.9375,36.81,0.0,0.0,0.0,0.0,0.0,20.0,0.3,0.1,0.2,0.1,0.4,0.1,0.1,0.1,0.5,0.0,65535.0,0.1705500877393759,0.0,61682.0,0.11298271781070653,0.0,0.0,0.0,0.0,0.0,0.0,0.0,0.0,0.0,0.0
90643.27,0.9329602073966893,0.0,22194.0,37.0,0.19804999999863915,31.8125,32.875,36.93000000000001,0.0,0.0,0.0,0.0,0.0,20.0,0.3,0.1,0.2,0.1,0.4,0.1,0.1,0.1,0.5,0.0,65535.0,0.17111467154955368,0.0,62111.0,0.11228284844874499,0.0,0.0,0.0,0.0,0.0,0.0,0.0,0.0,0.0,0.0
90703.31,0.9515111654845128,0.0,22194.0,37.0,0.2893499999986465,31.875,32.875,36.97000000000003,0.0,0.0,0.0,0.0,0.0,20.0,0.3,0.1,0.2,0.1,0.4,0.1,0.1,0.1,0.5,0.0,65535.0,0.17029068436713207,0.0,61764.0,0.11263843015348747,0.0,0.0,0.0,0.0,0.0,0.0,0.0,0.0,0.0,0.0
90763.36,0.9074856432043816,0.0,22194.0,37.0,0.1985499999986472,31.8125,32.9375,37.03000000000003,0.0,0.0,0.0,0.0,0.0,20.0,0.3,0.1,0.2,0.1,0.4,0.1,0.1,0.1,0.5,0.0,65535.0,0.16984817273212788,0.0,61688.0,0.11308520295681494,0.0,0.0,0.0,0.0,0.0,0.0,0.0,0.0,0.0,0.0
90823.4,0.9249621472909089,0.0,22194.0,37.0,0.08454999999864202,31.9375,32.9375,37.190000000000055,0.0,0.0,0.0,0.0,0.0,20.0,0.3,0.1,0.2,0.1,0.4,0.1,0.1,0.1,0.5,0.0,65535.0,0.17042801556420234,0.0,61326.0,0.11313309200013046,0.0,0.0,0.0,0.0,0.0,0.0,0.0,0.0,0.0,0.0
90883.48,0.897927544148142,0.0,22194.0,37.0,0.21224999999864128,31.875,32.875,36.79000000000002,0.0,0.0,0.0,0.0,0.0,20.0,0.3,0.1,0.2,0.1,0.4,0.1,0.1,0.1,0.5,0.0,65535.0,0.169741359578851,0.0,62050.0,0.11234488315874296,0.0,0.0,0.0,0.0,0.0,0.0,0.0,0.0,0.0,0.0
90943.53,0.9536447862908728,0.0,22194.0,37.0,0.1430499999986431,31.875,32.9375,37.110000000000014,0.0,0.0,0.0,0.0,0.0,20.0,0.3,0.1,0.2,0.1,0.4,0.1,0.1,0.1,0.5,0.0,65535.0,0.17108415350576028,0.0,61760.0,0.11332577720207254,0.0,0.0,0.0,0.0,0.0,0.0,0.0,0.0,0.0,0.0
91003.6,0.9443265654624935,0.0,22194.0,37.0,0.17414999999863898,31.875,32.9375,36.97000000000003,0.0,0.0,0.0,0.0,0.0,20.0,0.3,0.1,0.2,0.1,0.4,0.1,0.1,0.1,0.5,0.0,65535.0,0.17088578622110323,0.0,62930.0,0.1118385507706976,0.0,0.0,0.0,0.0,0.0,0.0,0.0,0.0,0.0,0.0
91063.66,0.9254059159193345,0.0,22194.0,37.0,0.21744999999864478,31.8125,32.9375,36.81,0.0,0.0,0.0,0.0,0.0,20.0,0.3,0.1,0.2,0.1,0.4,0.1,0.1,0.1,0.5,0.0,65535.0,0.17123674372472725,0.0,61857.0,0.1131803999547343,0.0,0.0,0.0,0.0,0.0,0.0,0.0,0.0,0.0,0.0
91123.74,0.9514606786259042,0.0,22194.0,37.0,0.21894999999864426,31.8125,32.875,36.81,0.0,0.0,0.0,0.0,0.0,20.0,0.3,0.1,0.2,0.1,0.4,0.1,0.1,0.1,0.5,0.0,65535.0,0.17167925535973144,0.0,61298.0,0.11396782929296224,0.0,0.0,0.0,0.0,0.0,0.0,0.0,0.0,0.0,0.0
91183.82,0.9109681511099623,0.0,22194.0,37.0,0.1904499999986426,31.75,32.9375,36.93000000000001,0.0,0.0,0.0,0.0,0.0,20.0,0.3,0.1,0.2,0.1,0.4,0.1,0.1,0.1,0.5,0.0,65535.0,0.1705653467612726,0.0,62329.0,0.11251584334739848,0.0,0.0,0.0,0.0,0.0,0.0,0.0,0.0,0.0,0.0
91243.9,0.9020080320938804,0.0,22194.0,37.0,0.18604999999863153,31.8125,32.9375,36.950000000000045,0.0,0.0,0.0,0.0,0.0,20.0,0.3,0.1,0.2,0.1,0.4,0.1,0.1,0.1,0.5,0.0,65535.0,0.1705806057831693,0.0,62595.0,0.11227733844556274,0.0,0.0,0.0,0.0,0.0,0.0,0.0,0.0,0.0,0.0
91303.95,0.9210280335180668,0.0,22194.0,37.0,0.14774999999863367,31.8125,32.9375,37.09000000000003,0.0,0.0,0.0,0.0,0.0,20.0,0.3,0.1,0.2,0.1,0.4,0.1,0.1,0.1,0.5,0.0,65535.0,0.16990920881971466,0.0,61107.0,0.1141113129428707,0.0,0.0,0.0,0.0,0.0,0.0,0.0,0.0,0.0,0.0
91364.01,0.9132214385206474,0.0,22194.0,37.0,0.1886499999986391,31.875,32.875,36.93000000000001,0.0,0.0,0.0,0.0,0.0,20.0,0.3,0.1,0.2,0.1,0.4,0.1,0.1,0.1,0.5,0.0,65535.0,0.1726863508049134,0.0,62684.0,0.11277199923425435,0.0,0.0,0.0,0.0,0.0,0.0,0.0,0.0,0.0,0.0
91424.07,0.9130581110460766,0.0,22194.0,37.0,0.20104999999862866,31.875,32.875,36.89000000000004,0.0,0.0,0.0,0.0,0.0,20.0,0.3,0.1,0.2,0.1,0.4,0.1,0.1,0.1,0.5,0.0,65535.0,0.1710536354619669,0.0,61607.0,0.11393185839271511,0.0,0.0,0.0,0.0,0.0,0.0,0.0,0.0,0.0,0.0
91484.15,0.9665249278593502,0.0,22194.0,37.0,0.18634999999862695,31.8125,32.9375,36.950000000000045,0.0,0.0,0.0,0.0,0.0,20.0,0.3,0.1,0.2,0.1,0.4,0.1,0.1,0.1,0.5,0.0,65535.0,0.17149614709697109,0.0,62125.0,0.11328772635814889,0.0,0.0,0.0,0.0,0.0,0.0,0.0,0.0,0.0,0.0
91544.22,0.9474446302293739,0.0,22194.0,37.0,0.18984999999863625,31.875,32.9375,36.93000000000001,0.0,0.0,0.0,0.0,0.0,20.0,0.3,0.1,0.2,0.1,0.4,0.1,0.1,0.1,0.5,0.0,65535.0,0.17172503242542153,0.0,62814.0,0.11237940586493457,0.0,0.0,0.0,0.0,0.0,0.0,0.0,0.0,0.0,0.0
91604.29,0.9444997592040648,0.0,22194.0,37.0,0.1877499999986356,31.875,32.9375,36.93000000000001,0.0,0.0,0.0,0.0,0.0,20.0,0.3,0.1,0.2,0.1,0.4,0.1,0.1,0.1,0.5,0.0,65535.0,0.1714808880750744,0.0,61983.0,0.11374086443056967,0.0,0.0,0.0,0.0,0.0,0.0,0.0,0.0,0.0,0.0
91664.36,0.959111450100776,0.0,22194.0,37.0,0.15624999999863412,31.875,32.9375,37.05000000000001,0.0,0.0,0.0,0.0,0.0,20.0,0.3,0.1,0.2,0.1,0.4,0.1,0.1,0.1,0.5,0.0,65535.0,0.17161821927214466,0.0,62370.0,0.11330767997434664,0.0,0.0,0.0,0.0,0.0,0.0,0.0,0.0,0.0,0.0
91724.41,0.9078444192592933,0.0,22194.0,37.0,0.18654999999863497,31.8125,32.9375,36.93000000000001,0.0,0.0,0.0,0.0,0.0,20.0,0.3,0.1,0.2,0.1,0.4,0.1,0.1,0.1,0.5,0.0,65535.0,0.17157244220645457,0.0,62777.0,0.11265272313108304,0.0,0.0,0.0,0.0,0.0,0.0,0.0,0.0,0.0,0.0
91784.45,0.9142724824900598,0.0,22194.0,37.0,0.22544999999863055,31.875,32.9375,36.79000000000002,0.0,0.0,0.0,0.0,0.0,20.0,0.3,0.1,0.2,0.1,0.4,0.1,0.1,0.1,0.5,0.0,65535.0,0.17167925535973144,0.0,62521.0,0.11306600982070024,0.0,0.0,0.0,0.0,0.0,0.0,0.0,0.0,0.0,0.0
91844.49,0.910104145568098,0.0,22194.0,37.0,0.17924999999862823,31.875,32.9375,36.97000000000003,0.0,0.0,0.0,0.0,0.0,20.0,0.3,0.1,0.2,0.1,0.4,0.1,0.1,0.1,0.5,0.0,65535.0,0.17170977340352483,0.0,61809.0,0.11376983934378489,0.0,0.0,0.0,0.0,0.0,0.0,0.0,0.0,0.0,0.0
91904.54,0.9621407215056127,0.0,22194.0,37.0,0.15714999999863155,31.875,32.9375,37.05000000000001,0.0,0.0,0.0,0.0,0.0,20.0,0.3,0.1,0.2,0.1,0.4,0.1,0.1,0.1,0.5,0.0,65535.0,0.1709773403524834,0.0,62330.0,0.11344456922830098,0.0,0.0,0.0,0.0,0.0,0.0,0.0,0.0,0.0,0.0
91964.6,0.9281868221730749,0.0,22194.0,37.0,0.1633499999986259,31.8125,32.875,37.03000000000003,0.0,0.0,0.0,0.0,0.0,20.0,0.3,0.1,0.2,0.1,0.4,0.1,0.1,0.1,0.5,0.0,65535.0,0.17108415350576028,0.0,62729.0,0.11275486617035183,0.0,0.0,0.0,0.0,0.0,0.0,0.0,0.0,0.0,0.0
92024.67,0.9145256391044347,0.0,22194.0,37.0,0.2098499999986271,31.875,32.9375,36.85000000000002,0.0,0.0,0.0,0.0,0.0,20.0,0.3,0.1,0.2,0.1,0.4,0.1,0.1,0.1,0.5,0.0,65535.0,0.171450370031281,0.0,62831.0,0.11295379669271538,0.0,0.0,0.0,0.0,0.0,0.0,0.0,0.0,0.0,0.0
92084.75,0.9180492384984126,0.0,22194.0,37.0,0.11534999999862267,31.8125,32.9375,37.210000000000036,0.0,0.0,0.0,0.0,0.0,20.0,0.3,0.1,0.2,0.1,0.4,0.1,0.1,0.1,0.5,0.0,65535.0,0.17233539330128939,0.0,62812.0,0.11301980513277718,0.0,0.0,0.0,0.0,0.0,0.0,0.0,0.0,0.0,0.0
92144.81,0.9606152783789272,0.0,22194.0,37.0,0.2144499999986303,31.8125,32.875,36.81,0.0,0.0,0.0,0.0,0.0,20.0,0.3,0.1,0.2,0.1,0.4,0.1,0.1,0.1,0.5,0.0,65535.0,0.17135881589990082,0.0,61672.0,0.11496303022441302,0.0,0.0,0.0,0.0,0.0,0.0,0.0,0.0,0.0,0.0
92204.89,0.9665955560842239,0.0,22194.0,37.0,0.1968499999986187,31.8125,32.875,36.89000000000004,0.0,0.0,0.0,0.0,0.0,20.0,0.3,0.1,0.2,0.1,0.4,0.1,0.1,0.1,0.5,0.0,65535.0,0.1714351110093843,0.0,62011.0,0.11443131057393043,0.0,0.0,0.0,0.0,0.0,0.0,0.0,0.0,0.0,0.0
92264.98,0.9371088777848506,0.0,22194.0,37.0,0.19654999999861728,31.875,32.9375,36.89000000000004,0.0,0.0,0.0,0.0,0.0,20.0,0.3,0.1,0.2,0.1,0.4,0.1,0.1,0.1,0.5,0.0,65535.0,0.17116044861524377,0.0,62924.0,0.11297756023139024,0.0,0.0,0.0,0.0,0.0,0.0,0.0,0.0,0.0,0.0
92325.05,0.9203119673994133,0.0,22194.0,37.0,0.18304999999861532,31.8125,32.875,36.950000000000045,0.0,0.0,0.0,0.0,0.0,20.0,0.3,0.1,0.2,0.1,0.4,0.1,0.1,0.1,0.5,0.0,65535.0,0.1718471046005951,0.0,62559.0,0.11350884764782046,0.0,0.0,0.0,0.0,0.0,0.0,0.0,0.0,0.0,0.0
92385.13,0.9872719334662932,0.0,22194.0,37.0,0.20744999999861985,31.875,32.9375,36.85000000000002,0.0,0.0,0.0,0.0,0.0,20.0,0.3,0.1,0.2,0.1,0.4,0.1,0.1,0.1,0.5,0.0,65535.0,0.17279316395819028,0.0,62656.0,0.11368424412665985,0.0,0.0,0.0,0.0,0.0,0.0,0.0,0.0,0.0,0.0
92445.21,0.9646671317295575,0.0,22194.0,37.0,0.15744999999862183,31.875,32.875,37.05000000000001,0.0,0.0,0.0,0.0,0.0,20.0,0.3,0.1,0.2,0.1,0.4,0.1,0.1,0.1,0.5,0.0,65535.0,0.17204547188525215,0.0,62272.0,0.1140641058581706,0.0,0.0,0.0,0.0,0.0,0.0,0.0,0.0,0.0,0.0
92505.28,0.9276947651668992,0.0,22194.0,37.0,0.16684999999861158,31.875,32.875,37.01000000000005,0.0,0.0,0.0,0.0,0.0,20.0,0.3,0.1,0.2,0.1,0.4,0.1,0.1,0.1,0.5,0.0,65535.0,0.17209124895094224,0.0,61872.0,0.11454292733385053,0.0,0.0,0.0,0.0,0.0,0.0,0.0,0.0,0.0,0.0
92565.33,0.9189547903768003,0.0,22194.0,37.0,0.18334999999861076,31.8125,32.875,36.950000000000045,0.0,0.0,0.0,0.0,0.0,20.0,0.3,0.1,0.2,0.1,0.4,0.1,0.1,0.1,0.5,0.0,65535.0,0.17236591134508278,0.0,63532.0,0.11246301076622804,0.0,0.0,0.0,0.0,0.0,0.0,0.0,0.0,0.0,0.0
92625.37,0.9233153784609965,0.0,22194.0,37.0,0.20074999999860998,31.875,32.875,36.89000000000004,0.0,0.0,0.0,0.0,0.0,20.0,0.3,0.1,0.2,0.1,0.4,0.1,0.1,0.1,0.5,0.0,65535.0,0.1727016098268101,0.0,62341.0,0.1144351229527919,0.0,0.0,0.0,0.0,0.0,0.0,0.0,0.0,0.0,0.0
92685.41,0.9709491454588708,0.0,22194.0,37.0,0.12864999999861615,31.875,32.9375,37.170000000000016,0.0,0.0,0.0,0.0,0.0,20.0,0.3,0.1,0.2,0.1,0.4,0.1,0.1,0.1,0.5,0.0,65535.0,0.17297627222095063,0.0,63123.0,0.11320754716981132,0.0,0.0,0.0,0.0,0.0,0.0,0.0,0.0,0.0,0.0
92745.46,0.9220027534758632,0.0,22194.0,37.0,0.1692499999986068,31.875,32.875,37.01000000000005,0.0,0.0,0.0,0.0,0.0,20.0,0.3,0.1,0.2,0.1,0.4,0.1,0.1,0.1,0.5,0.0,65535.0,0.17286945906767376,0.0,63318.0,0.11323794181749265,0.0,0.0,0.0,0.0,0.0,0.0,0.0,0.0,0.0,0.0
92805.5,0.9754627624794059,0.0,22194.0,37.0,0.2098499999986125,31.875,32.9375,36.85000000000002,0.0,0.0,0.0,0.0,0.0,20.0,0.3,0.1,0.2,0.1,0.4,0.1,0.1,0.1,0.5,0.0,65535.0,0.1719081406881819,0.0,63518.0,0.11303882364054284,0.0,0.0,0.0,0.0,0.0,0.0,0.0,0.0,0.0,0.0
92865.57,0.969289498341047,0.0,22194.0,37.0,0.1777499999986107,31.875,32.875,36.97000000000003,0.0,0.0,0.0,0.0,0.0,20.0,0.3,0.1,0.2,0.1,0.4,0.1,0.1,0.1,0.5,0.0,65535.0,0.17204547188525215,0.0,63248.0,0.11355299772324817,0.0,0.0,0.0,0.0,0.0,0.0,0.0,0.0,0.0,0.0
92925.63,0.9745640432229479,0.0,22194.0,37.0,0.1974499999986053,31.8125,32.875,36.89000000000004,0.0,0.0,0.0,0.0,0.0,20.0,0.3,0.1,0.2,0.1,0.4,0.1,0.1,0.1,0.5,0.0,65535.0,0.17219806210421912,0.0,63459.0,0.11298633763532359,0.0,0.0,0.0,0.0,0.0,0.0,0.0,0.0,0.0,0.0
92985.71,0.932998762026982,0.0,22194.0,37.0,0.1800499999986035,31.875,32.875,36.950000000000045,0.0,0.0,0.0,0.0,0.0,20.0,0.3,0.1,0.2,0.1,0.4,0.1,0.1,0.1,0.5,0.0,65535.0,0.1718928816662852,0.0,62555.0,0.11460314922867876,0.0,0.0,0.0,0.0,0.0,0.0,0.0,0.0,0.0,0.0
93045.79,0.9445752260094974,0.0,22194.0,37.0,0.16444999999860177,31.8125,32.875,37.01000000000005,0.0,0.0,0.0,0.0,0.0,20.0,0.3,0.1,0.2,0.1,0.4,0.1,0.1,0.1,0.5,0.0,65535.0,0.1726710917830167,0.0,63001.0,0.11422040919985398,0.0,0.0,0.0,0.0,0.0,0.0,0.0,0.0,0.0,0.0
93105.86,0.9252947200871044,0.0,22194.0,37.0,0.2392499999986082,31.875,32.875,36.73000000000002,0.0,0.0,0.0,0.0,0.0,20.0,0.3,0.1,0.2,0.1,0.4,0.1,0.1,0.1,0.5,0.0,65535.0,0.17276264591439688,0.0,63725.0,0.11336210278540604,0.0,0.0,0.0,0.0,0.0,0.0,0.0,0.0,0.0,0.0
93165.93,0.9806520436372836,0.0,22194.0,37.0,0.17684999999860468,31.8125,32.9375,36.97000000000003,0.0,0.0,0.0,0.0,0.0,20.0,0.3,0.1,0.2,0.1,0.4,0.1,0.1,0.1,0.5,0.0,65535.0,0.17318989852750438,0.0,64768.0,0.11207695158102766,0.0,0.0,0.0,0.0,0.0,0.0,0.0,0.0,0.0,0.0
93225.98,0.9562433943470897,0.0,22194.0,37.0,0.18744999999860923,31.8125,32.8125,36.93000000000001,0.0,0.0,0.0,0.0,0.0,20.0,0.3,0.1,0.2,0.1,0.4,0.1,0.1,0.1,0.5,0.0,65535.0,0.17282368200198367,0.0,64125.0,0.11281091617933724,0.0,0.0,0.0,0.0,0.0,0.0,0.0,0.0,0.0,0.0
93286.04,0.9967208410437932,0.0,22194.0,37.0,0.20184999999860948,31.8125,32.875,36.870000000000005,0.0,0.0,0.0,0.0,0.0,20.0,0.3,0.1,0.2,0.1,0.4,0.1,0.1,0.1,0.5,0.0,65535.0,0.17338826581216144,0.0,63803.0,0.11352130777549645,0.0,0.0,0.0,0.0,0.0,0.0,0.0,0.0,0.0,0.0
93346.08,0.9523572948859609,0.0,22194.0,37.0,0.23134999999860026,31.8125,32.8125,36.77000000000004,0.0,0.0,0.0,0.0,0.0,20.0,0.3,0.1,0.2,0.1,0.4,0.1,0.1,0.1,0.5,0.0,65535.0,0.17363241016250858,0.0,63323.0,0.11406597918607773,0.0,0.0,0.0,0.0,0.0,0.0,0.0,0.0,0.0,0.0
93406.15,0.978167236515495,0.0,22194.0,37.0,0.16754999999860143,31.8125,32.875,37.03000000000003,0.0,0.0,0.0,0.0,0.0,20.0,0.3,0.1,0.2,0.1,0.4,0.1,0.1,0.1,0.5,0.0,65535.0,0.17363241016250858,0.0,62999.0,0.11450975412308131,0.0,0.0,0.0,0.0,0.0,0.0,0.0,0.0,0.0,0.0
93466.21,0.9723130856357525,0.0,22194.0,37.0,0.20254999999859716,31.875,32.875,36.89000000000004,0.0,0.0,0.0,0.0,0.0,20.0,0.3,0.1,0.2,0.1,0.4,0.1,0.1,0.1,0.5,0.0,65535.0,0.1727016098268101,0.0,63958.0,0.11308984020763627,0.0,0.0,0.0,0.0,0.0,0.0,0.0,0.0,0.0,0.0
93526.25,0.9819984675144797,0.0,22194.0,37.0,0.18164999999860024,31.875,32.875,36.97000000000003,0.0,0.0,0.0,0.0,0.0,20.0,0.3,0.1,0.2,0.1,0.4,0.1,0.1,0.1,0.5,0.0,65535.0,0.17265583276112,0.0,63263.0,0.11411093372113242,0.0,0.0,0.0,0.0,0.0,0.0,0.0,0.0,0.0,0.0
93586.32,0.9545179936463676,0.0,22194.0,37.0,0.23434999999859665,31.8125,32.8125,36.77000000000004,0.0,0.0,0.0,0.0,0.0,20.0,0.3,0.1,0.2,0.1,0.4,0.1,0.1,0.1,0.5,0.0,65535.0,0.17236591134508278,0.0,63883.0,0.11352002880265485,0.0,0.0,0.0,0.0,0.0,0.0,0.0,0.0,0.0,0.0
93646.44,0.9636593148434234,0.0,22194.0,37.0,0.20634999999860448,31.875,32.9375,36.870000000000005,0.0,0.0,0.0,0.0,0.0,20.0,0.3,0.1,0.2,0.1,0.4,0.1,0.1,0.1,0.5,0.0,65535.0,0.17257953765163653,0.0,63415.0,0.11386895844831664,0.0,0.0,0.0,0.0,0.0,0.0,0.0,0.0,0.0,0.0
93706.51,0.9650244060687351,0.0,22194.0,37.0,0.18424999999859273,31.875,32.875,36.950000000000045,0.0,0.0,0.0,0.0,0.0,20.0,0.3,0.1,0.2,0.1,0.4,0.1,0.1,0.1,0.5,0.0,65535.0,0.17334248874647135,0.0,63339.0,0.11419504570643679,0.0,0.0,0.0,0.0,0.0,0.0,0.0,0.0,0.0,0.0
93766.59,0.9380947185040838,0.0,22194.0,37.0,0.13654999999859008,31.8125,32.875,37.13000000000005,0.0,0.0048,0.25,0.0,0.0,20.0,0.3,0.1,0.2,0.1,0.4,0.1,0.1,0.1,0.5,0.0,65535.0,0.17289997711146715,0.0,64103.0,0.11344242859148558,0.0,0.0,0.0,0.0,0.0,0.0,0.0,0.0,0.0,0.0
93826.67,0.9593910216567756,0.0,22194.0,37.0,0.28494999999858983,31.8125,32.9375,36.57000000000005,0.0,0.0,0.0,0.0,0.0,20.0,0.3,0.1,0.2,0.1,0.4,0.1,0.1,0.1,0.5,0.0,65535.0,0.16989394979781797,0.0,63104.0,0.11330502028397565,0.0,0.0,0.0,0.0,0.0,0.0,0.0,0.0,0.0,0.0
93886.72,0.9362074583019911,0.0,22194.0,37.0,0.2218499999985955,31.8125,32.875,36.85000000000002,0.0,0.0,0.0,0.0,0.0,20.0,0.3,0.1,0.2,0.1,0.4,0.1,0.1,0.1,0.5,0.0,65535.0,0.16864271000228886,0.0,62269.0,0.1140535418908285,0.0,0.0,0.0,0.0,0.0,0.0,0.0,0.0,0.0,0.0
93946.79,0.9797200610516804,0.0,22194.0,37.0,0.21154999999858895,31.875,32.875,36.89000000000004,0.0,0.0,0.0,0.0,0.0,20.0,0.3,0.1,0.2,0.1,0.4,0.1,0.1,0.1,0.5,0.0,65535.0,0.16987869077592127,0.0,62705.0,0.11335619169125269,0.0,0.0,0.0,0.0,0.0,0.0,0.0,0.0,0.0,0.0
94006.85,0.9248042691499884,0.0,22194.0,37.0,0.18884999999859198,31.875,32.875,36.97000000000003,0.0,0.0,0.0,0.0,0.0,20.0,0.3,0.1,0.2,0.1,0.4,0.1,0.1,0.1,0.5,0.0,65535.0,0.16981765468833449,0.0,62025.0,0.11440548166062071,0.0,0.0,0.0,0.0,0.0,0.0,0.0,0.0,0.0,0.0
94066.93,0.9642062591627651,0.0,22194.0,37.0,0.21504999999859742,31.875,32.875,36.870000000000005,0.0,0.0,0.0,0.0,0.0,20.0,0.3,0.1,0.2,0.1,0.4,0.1,0.1,0.1,0.5,0.0,65535.0,0.1697566186007477,0.0,62010.0,0.11412675374939527,0.0,0.0,0.0,0.0,0.0,0.0,0.0,0.0,0.0,0.0
94127.0,0.9364700663416544,0.0,22194.0,37.0,0.19034999999859062,31.875,32.9375,36.97000000000003,0.0,0.0,0.0,0.0,0.0,20.0,0.3,0.1,0.2,0.1,0.4,0.1,0.1,0.1,0.5,0.0,65535.0,0.1697718776226444,0.0,62780.0,0.1132685568652437,0.0,0.0,0.0,0.0,0.0,0.0,0.0,0.0,0.0,0.0
94187.06,0.9673095256729731,0.0,22194.0,37.0,0.19234999999858451,31.875,32.9375,36.950000000000045,0.0,0.0,0.0,0.0,0.0,20.0,0.3,0.1,0.2,0.1,0.4,0.1,0.1,0.1,0.5,0.0,65535.0,0.1698023956664378,0.0,62904.0,0.11368116494976473,0.0,0.0,0.0,0.0,0.0,0.0,0.0,0.0,0.0,0.0
94247.11,0.9798832287791839,0.0,22194.0,37.0,0.1523499999985916,31.875,32.875,37.110000000000014,0.0,0.0,0.0,0.0,0.0,20.0,0.3,0.1,0.2,0.1,0.4,0.1,0.1,0.1,0.5,0.0,65535.0,0.1693446250095369,0.0,62943.0,0.113134105460496,0.0,0.0,0.0,0.0,0.0,0.0,0.0,0.0,0.0,0.0
94307.15,0.9311327047496033,0.0,22194.0,37.0,0.17024999999858698,31.875,32.9375,37.03000000000003,0.0,0.0,0.0,0.0,0.0,20.0,0.3,0.1,0.2,0.1,0.4,0.1,0.1,0.1,0.5,0.0,65535.0,0.16942092011902038,0.0,63170.0,0.1135032452113345,0.0,0.0,0.0,0.0,0.0,0.0,0.0,0.0,0.0,0.0
94367.19,0.9573107710902339,0.0,22194.0,37.0,0.18964999999858181,31.9375,32.9375,36.950000000000045,0.0,0.0,0.0,0.0,0.0,20.0,0.3,0.1,0.2,0.1,0.4,0.1,0.1,0.1,0.5,0.0,65535.0,0.1701991302357519,0.0,63518.0,0.11270820869674737,0.0,0.0,0.0,0.0,0.0,0.0,0.0,0.0,0.0,0.0
94427.24,0.9220524863213724,0.0,22194.0,37.0,0.13074999999858847,31.875,32.875,37.170000000000016,0.0,0.0,0.0,0.0,0.0,20.0,0.3,0.1,0.2,0.1,0.4,0.1,0.1,0.1,0.5,0.0,65535.0,0.1701380941481651,0.0,63307.0,0.1130680651428752,0.0,0.0,0.0,0.0,0.0,0.0,0.0,0.0,0.0,0.0
94487.28,0.9846638638418027,0.0,22194.0,37.0,0.12124999999857777,31.875,32.875,37.190000000000055,0.0,0.0,0.0,0.0,0.0,20.0,0.3,0.1,0.2,0.1,0.4,0.1,0.1,0.1,0.5,0.0,65535.0,0.17125200274662394,0.0,63318.0,0.11331690830411573,0.0,0.0,0.0,0.0,0.0,0.0,0.0,0.0,0.0,0.0
94547.35,0.9836583473286942,0.0,22194.0,37.0,0.16294999999857823,31.875,32.875,37.01000000000005,0.0,0.0,0.0,0.0,0.0,20.0,0.3,0.1,0.2,0.1,0.4,0.1,0.1,0.1,0.5,0.0,65535.0,0.1706263828488594,0.0,63665.0,0.11310767297573235,0.0,0.0,0.0,0.0,0.0,0.0,0.0,0.0,0.0,0.0
94607.39,0.9268016747454118,0.0,22194.0,37.0,0.2589499999985804,31.8125,32.875,36.650000000000034,0.0,0.0,0.0,0.0,0.0,20.0,0.3,0.1,0.2,0.1,0.4,0.1,0.1,0.1,0.5,0.0,65535.0,0.1709620813305867,0.0,63593.0,0.11310993348324501,0.0,0.0,0.0,0.0,0.0,0.0,0.0,0.0,0.0,0.0
94667.42,0.9850744358964842,0.0,22194.0,37.0,0.1989499999985773,31.8125,32.875,36.89000000000004,0.0,0.0,0.0,0.0,0.0,20.0,0.3,0.1,0.2,0.1,0.4,0.1,0.1,0.1,0.5,0.0,65535.0,0.1706111238269627,0.0,63724.0,0.11320695499340908,0.0,0.0,0.0,0.0,0.0,0.0,0.0,0.0,0.0,0.0
94727.46,0.9461029599770197,0.0,22194.0,37.0,0.2392499999985824,31.8125,32.875,36.73000000000002,0.0,0.0,0.0,0.0,0.0,20.0,0.3,0.1,0.2,0.1,0.4,0.1,0.1,0.1,0.5,0.0,65535.0,0.1710688944838636,0.0,63130.0,0.11419293521305243,0.0,0.0,0.0,0.0,0.0,0.0,0.0,0.0,0.0,0.0
94787.51,0.9476857105934389,0.0,22194.0,37.0,0.20014999999857533,31.8125,32.875,36.89000000000004,0.0,0.0,0.0,0.0,0.0,20.0,0.3,0.1,0.2,0.1,0.4,0.1,0.1,0.1,0.5,0.0,65535.0,0.17032120241092547,0.0,63397.0,0.1135700427465022,0.0,0.0,0.0,0.0,0.0,0.0,0.0,0.0,0.0,0.0
94847.6,0.9480218742873167,0.0,22194.0,37.0,0.14924999999857727,31.8125,32.875,37.09000000000003,0.0,0.0,0.0,0.0,0.0,20.0,0.3,0.1,0.2,0.1,0.4,0.1,0.1,0.1,0.5,0.0,65535.0,0.17036697947661555,0.0,63648.0,0.1130121920563097,0.0,0.0,0.0,0.0,0.0,0.0,0.0,0.0,0.0,0.0
94907.67,0.9942695812890243,0.0,22194.0,37.0,0.1265499999985803,31.8125,32.875,37.170000000000016,0.0,0.0,0.0,0.0,0.0,20.0,0.3,0.1,0.2,0.1,0.4,0.1,0.1,0.1,0.5,0.0,65535.0,0.17166399633783475,0.0,63340.0,0.11390906220397853,0.0,0.0,0.0,0.0,0.0,0.0,0.0,0.0,0.0,0.0
94967.77,0.9255990649779727,0.0,22194.0,37.0,0.14519999999857583,31.8125,32.8125,36.77000000000004,0.0,0.0,0.0,0.0,0.0,20.0,0.3,0.1,0.2,0.1,0.4,0.1,0.1,0.1,0.5,0.0,65535.0,0.17119096665903716,0.0,64247.0,0.11283017105857082,0.0,0.0,0.0,0.0,0.0,0.0,0.0,0.0,0.0,0.0
95027.82,0.9874765405661485,0.0,22194.0,37.0,0.19759999999857164,31.8125,32.9375,36.97000000000003,0.0,0.0,0.0,0.0,0.0,20.0,0.3,0.1,0.2,0.1,0.4,0.1,0.1,0.1,0.5,0.0,65535.0,0.17109941252765698,0.0,63837.0,0.11327286683271456,0.0,0.0,0.0,0.0,0.0,0.0,0.0,0.0,0.0,0.0
95087.87,0.9529469582869976,0.0,22194.0,37.0,0.18819999999858017,31.8125,32.875,36.79000000000002,0.0,0.0,0.0,0.0,0.0,20.0,0.3,0.1,0.2,0.1,0.4,0.1,0.1,0.1,0.5,0.0,65535.0,0.17161821927214466,0.0,63654.0,0.11372419643698746,0.0,0.0,0.0,0.0,0.0,0.0,0.0,0.0,0.0,0.0
95147.9,0.99033353915721,0.0,22194.0,37.0,0.13489999999856753,31.8125,32.875,36.81,0.0,0.0,0.0,0.0,0.0,20.0,0.3,0.1,0.2,0.1,0.4,0.1,0.1,0.1,0.5,0.0,65535.0,0.17123674372472725,0.0,63423.0,0.11396496539110418,0.0,0.0,0.0,0.0,0.0,0.0,0.0,0.0,0.0,0.0
95207.93,0.9890681107609578,0.0,22194.0,37.0,0.1801999999985681,31.8125,32.875,36.870000000000005,0.0,0.0,0.0,0.0,0.0,20.0,0.3,0.1,0.2,0.1,0.4,0.1,0.1,0.1,0.5,0.0,65535.0,0.17177080949111162,0.0,64239.0,0.1132333940441165,0.0,0.0,0.0,0.0,0.0,0.0,0.0,0.0,0.0,0.0
95267.97,0.9621508199391978,0.0,22194.0,37.0,0.1766999999985721,31.8125,32.8125,36.950000000000045,0.0,0.0,0.0,0.0,0.0,20.0,0.3,0.1,0.2,0.1,0.4,0.1,0.1,0.1,0.5,0.0,65535.0,0.1710688944838636,0.0,63812.0,0.11364633611232997,0.0,0.0,0.0,0.0,0.0,0.0,0.0,0.0,0.0,0.0
95328.03,0.9817625959516899,0.0,22194.0,37.0,0.2281999999985679,31.75,32.875,36.89000000000004,0.0,0.0,0.0,0.0,0.0,20.0,0.3,0.1,0.2,0.1,0.4,0.1,0.1,0.1,0.5,0.0,65535.0,0.1714656290531777,0.0,65087.0,0.1121575737090356,0.0,0.0,0.0,0.0,0.0,0.0,0.0,0.0,0.0,0.0
95388.08,1.000829680460501,0.0,22194.0,37.0,0.12199999999856245,31.8125,32.875,36.950000000000045,0.0,0.0,0.0,0.0,0.0,20.0,0.3,0.1,0.2,0.1,0.4,0.1,0.1,0.1,0.5,0.0,65535.0,0.1714808880750744,0.0,62450.0,0.11594875900720576,0.0,0.0,0.0,0.0,0.0,0.0,0.0,0.0,0.0,0.0
95448.17,0.9938411951474408,0.0,22194.0,37.0,0.18139999999856354,31.8125,32.875,37.05000000000001,0.0,0.0,0.0,0.0,0.0,20.0,0.3,0.1,0.2,0.1,0.4,0.1,0.1,0.1,0.5,0.0,65535.0,0.1718165865568017,0.0,64169.0,0.11337250074023282,0.0,0.0,0.0,0.0,0.0,0.0,0.0,0.0,0.0,0.0
95508.24,1.0003351522459094,0.0,22194.0,37.0,0.1560999999985715,31.8125,32.875,36.950000000000045,0.0,0.0,0.0,0.0,0.0,20.0,0.3,0.1,0.2,0.1,0.4,0.1,0.1,0.1,0.5,0.0,65535.0,0.1722590981918059,0.0,64398.0,0.1130314606043666,0.0,0.0,0.0,0.0,0.0,0.0,0.0,0.0,0.0,0.0
95568.33,0.9747835034423703,0.0,22194.0,37.0,0.17819999999856645,31.8125,32.875,36.85000000000002,0.0,0.0,0.0,0.0,0.0,20.0,0.3,0.1,0.2,0.1,0.4,0.1,0.1,0.1,0.5,0.0,65535.0,0.17158770122835126,0.0,64161.0,0.11399448262963482,0.0,0.0,0.0,0.0,0.0,0.0,0.0,0.0,0.0,0.0
95628.37,0.9453021457058084,0.0,22194.0,37.0,0.13699999999855872,31.8125,32.875,36.97000000000003,0.0,0.0,0.0,0.0,0.0,20.0,0.3,0.1,0.2,0.1,0.4,0.1,0.1,0.1,0.5,0.0,65535.0,0.17149614709697109,0.0,63756.0,0.11416964677834243,0.0,0.0,0.0,0.0,0.0,0.0,0.0,0.0,0.0,0.0
95688.42,1.0067248403842932,0.0,22194.0,37.0,0.1569999999985681,31.8125,32.9375,36.97000000000003,0.0,0.0,0.0,0.0,0.0,20.0,0.3,0.1,0.2,0.1,0.4,0.1,0.1,0.1,0.5,0.0,65535.0,0.17257953765163653,0.0,65107.0,0.11250710369084738,0.0,0.0,0.0,0.0,0.0,0.0,0.0,0.0,0.0,0.0
95748.48,0.9699426717339351,0.0,22194.0,37.0,0.1401999999985666,31.8125,32.8125,36.85000000000002,0.0,0.0,0.0,0.0,0.0,20.0,0.3,0.1,0.2,0.1,0.4,0.1,0.1,0.1,0.5,0.0,65535.0,0.17091630426489662,0.0,64297.0,0.11409552545219839,0.0,0.0,0.0,0.0,0.0,0.0,0.0,0.0,0.0,0.0
95808.54,0.9506126212036764,0.0,22194.0,37.0,0.1866999999985678,31.8125,32.875,37.13000000000005,0.0,0.0,0.0,0.0,0.0,20.0,0.3,0.1,0.2,0.1,0.4,0.1,0.1,0.1,0.5,0.0,65535.0,0.1722743572137026,0.0,64542.0,0.11378637166496235,0.0,0.0,0.0,0.0,0.0,0.0,0.0,0.0,0.0,0.0
95868.58,0.9776660987194403,0.0,22194.0,37.0,0.16489999999855665,31.75,32.875,37.110000000000014,0.0,0.0,0.0,0.0,0.0,20.0,0.3,0.1,0.2,0.1,0.4,0.1,0.1,0.1,0.5,0.0,65535.0,0.1722590981918059,0.0,64186.0,0.11413703922973857,0.0,0.0,0.0,0.0,0.0,0.0,0.0,0.0,0.0,0.0
95928.65,0.9584398093261197,0.0,22194.0,37.0,0.17729999999856128,31.75,32.875,37.01000000000005,0.0,0.0,0.0,0.0,0.0,20.0,0.3,0.1,0.2,0.1,0.4,0.1,0.1,0.1,0.5,0.0,65535.0,0.17134355687800412,0.0,64288.0,0.11390928322548531,0.0,0.0,0.0,0.0,0.0,0.0,0.0,0.0,0.0,0.0
95988.69,1.001843933713678,0.0,22194.0,37.0,0.14639999999855924,31.75,32.875,37.03000000000003,0.0,0.0,0.0,0.0,0.0,20.0,0.3,0.1,0.2,0.1,0.4,0.1,0.1,0.1,0.5,0.0,65535.0,0.17221332112611581,0.0,63755.0,0.11486157948396204,0.0,0.0,0.0,0.0,0.0,0.0,0.0,0.0,0.0,0.0
96048.73,0.9827998140910748,0.0,22194.0,37.0,0.16289999999855928,31.8125,32.875,37.03000000000003,0.0,0.0,0.0,0.0,0.0,20.0,0.3,0.1,0.2,0.1,0.4,0.1,0.1,0.1,0.5,0.0,65535.0,0.17129777981231403,0.0,64156.0,0.11397219278009851,0.0,0.0,0.0,0.0,0.0,0.0,0.0,0.0,0.0,0.0
96108.83,0.9637768965237455,0.0,22194.0,37.0,0.14729999999855753,31.75,32.875,36.93000000000001,0.0,0.0,0.0,0.0,0.0,20.0,0.3,0.1,0.2,0.1,0.4,0.1,0.1,0.1,0.5,0.0,65535.0,0.17248798352025635,0.0,65535.0,0.11306935225452049,0.0,0.0,0.0,0.0,0.0,0.0,0.0,0.0,0.0,0.0
96168.94,0.9592230566016694,0.0,22194.0,37.0,0.16819999999855273,31.75,32.8125,36.81,0.0,0.0,0.0,0.0,0.0,20.0,0.3,0.1,0.2,0.1,0.4,0.1,0.1,0.1,0.5,0.0,65535.0,0.17261005569542992,0.0,64741.0,0.11414714014303147,0.0,0.0,0.0,0.0,0.0,0.0,0.0,0.0,0.0,0.0
96229.03,1.003477855798194,0.0,22194.0,37.0,0.16549999999855178,31.75,32.9375,36.93000000000001,0.0,0.0,0.0,0.0,0.0,20.0,0.3,0.1,0.2,0.1,0.4,0.1,0.1,0.1,0.5,0.0,65535.0,0.17262531471732662,0.0,64938.0,0.1135236687301734,0.0,0.0,0.0,0.0,0.0,0.0,0.0,0.0,0.0,0.0
96289.14,0.9669919320629786,0.0,22194.0,37.0,0.16639999999855096,31.75,32.875,36.93000000000001,0.0,0.0,0.0,0.0,0.0,20.0,0.3,0.1,0.2,0.1,0.4,0.1,0.1,0.1,0.5,0.0,65535.0,0.17288471808957045,0.0,65398.0,0.11303097954065873,0.0,0.0,0.0,0.0,0.0,0.0,0.0,0.0,0.0,0.0
96349.26,0.9796901448142198,0.0,22194.0,37.0,0.19849999999855103,31.8125,32.875,36.89000000000004,0.0,0.0,0.0,0.0,0.0,20.0,0.3,0.1,0.2,0.1,0.4,0.1,0.1,0.1,0.5,0.0,65535.0,0.17204547188525215,0.0,65433.0,0.11313863035471398,0.0,0.0,0.0,0.0,0.0,0.0,0.0,0.0,0.0,0.0
96409.33,0.9784919815625803,0.0,22194.0,37.0,0.1637999999985533,31.75,32.8125,36.89000000000004,0.0,0.0,0.0,0.0,0.0,20.0,0.3,0.1,0.2,0.1,0.4,0.1,0.1,0.1,0.5,0.0,65535.0,0.17128252079041734,0.0,65535.0,0.11268787670710308,0.0,0.0,0.0,0.0,0.0,0.0,0.0,0.0,0.0,0.0
96469.45,0.9918402741330301,0.0,22194.0,37.0,0.1867999999985483,31.75,32.875,37.13000000000005,0.0,0.0,0.0,0.0,0.0,20.0,0.3,0.1,0.2,0.1,0.4,0.1,0.1,0.1,0.5,0.0,65535.0,0.1727473868925002,0.0,65225.0,0.11359141433499426,0.0,0.0,0.0,0.0,0.0,0.0,0.0,0.0,0.0,0.0
96529.55,0.980771484657349,0.0,22194.0,37.0,0.12909999999855473,31.75,32.875,37.110000000000014,0.0,0.0,0.0,0.0,0.0,20.0,0.3,0.1,0.2,0.1,0.4,0.1,0.1,0.1,0.5,0.0,65535.0,0.1731441214618143,0.0,64865.0,0.1139289293147306,0.0,0.0,0.0,0.0,0.0,0.0,0.0,0.0,0.0,0.0
96589.61,0.984092166496152,0.0,22194.0,37.0,0.1775999999985507,31.8125,32.8125,36.950000000000045,0.0,0.0,0.0,0.0,0.0,20.0,0.3,0.1,0.2,0.1,0.4,0.1,0.1,0.1,0.5,0.0,65535.0,0.17254901960784313,0.0,65455.0,0.11358948896188222,0.0,0.0,0.0,0.0,0.0,0.0,0.0,0.0,0.0,0.0
96649.68,1.0164644014994835,0.0,22194.0,37.0,0.182899999998545,31.8125,32.875,36.97000000000003,0.0,0.0,0.0,0.0,0.0,20.0,0.3,0.1,0.2,0.1,0.4,0.1,0.1,0.1,0.5,0.0,65535.0,0.1739223315785458,0.0,65535.0,0.11325246051728084,0.0,0.0,0.0,0.0,0.0,0.0,0.0,0.0,0.0,0.0
96709.72,0.9714167177983081,0.0,22194.0,37.0,0.204099999998555,31.75,32.75,36.73000000000002,0.0,0.0,0.0,0.0,0.0,20.0,0.3,0.1,0.2,0.1,0.4,0.1,0.1,0.1,0.5,0.0,65535.0,0.17326619363698786,0.0,65077.0,0.11404951057977473,0.0,0.0,0.0,0.0,0.0,0.0,0.0,0.0,0.0,0.0
96769.76,1.0088371839777523,0.0,22194.0,37.0,0.12399999999855166,31.8125,32.75,36.93000000000001,0.0,0.0,0.0,0.0,0.0,20.0,0.3,0.1,0.2,0.1,0.4,0.1,0.1,0.1,0.5,0.0,65535.0,0.17276264591439688,0.0,65039.0,0.11402389335629391,0.0,0.0,0.0,0.0,0.0,0.0,0.0,0.0,0.0,0.0
96829.81,0.9708140091795646,0.0,22194.0,37.0,0.12429999999855137,31.75,32.75,36.73000000000002,0.0,0.0,0.0,0.0,0.0,20.0,0.3,0.1,0.2,0.1,0.4,0.1,0.1,0.1,0.5,0.0,65535.0,0.1730983443961242,0.0,65292.0,0.11411811554248606,0.0,0.0,0.0,0.0,0.0,0.0,0.0,0.0,0.0,0.0
96889.85,1.0262849613413976,0.0,22194.0,37.0,0.20169999999855373,31.75,32.8125,36.89000000000004,0.0,0.0,0.0,0.0,0.0,20.0,0.3,0.1,0.2,0.1,0.4,0.1,0.1,0.1,0.5,0.0,65535.0,0.1735255970092317,0.0,65289.0,0.11383234541806429,0.0,0.0,0.0,0.0,0.0,0.0,0.0,0.0,0.0,0.0
96949.9,1.0294167018855322,0.0,22194.0,37.0,0.20199999999855345,31.8125,32.875,36.85000000000002,0.0,0.0,0.0,0.0,0.0,20.0,0.3,0.1,0.2,0.1,0.4,0.1,0.1,0.1,0.5,0.0,65535.0,0.17364766918440527,0.0,65535.0,0.11364919508659495,0.0,0.0,0.0,0.0,0.0,0.0,0.0,0.0,0.0,0.0
97009.98,1.0004235827454357,0.0,22194.0,37.0,0.1663999999985415,31.75,32.8125,36.870000000000005,0.0,0.0,0.0,0.0,0.0,20.0,0.3,0.1,0.2,0.1,0.4,0.1,0.1,0.1,0.5,0.0,65535.0,0.17344930189974822,0.0,64636.0,0.11535367287579677,0.0,0.0,0.0,0.0,0.0,0.0,0.0,0.0,0.0,0.0
97070.05,0.9718502303687514,0.0,22194.0,37.0,0.2243999999985473,31.8125,32.875,36.950000000000045,0.0,0.0,0.0,0.0,0.0,20.0,0.3,0.1,0.2,0.1,0.4,0.1,0.1,0.1,0.5,0.0,65535.0,0.17343404287785152,0.0,65535.0,0.1142748149843595,0.0,0.0,0.0,0.0,0.0,0.0,0.0,0.0,0.0,0.0
97130.11,1.0239760845231332,0.0,22194.0,37.0,0.19909999999854017,31.75,32.8125,36.81,0.0,0.0,0.0,0.0,0.0,20.0,0.3,0.1,0.2,0.1,0.4,0.1,0.1,0.1,0.5,0.0,65535.0,0.17404440375371938,0.0,65535.0,0.11407644769970245,0.0,0.0,0.0,0.0,0.0,0.0,0.0,0.0,0.0,0.0
97190.15,0.9995968400469939,0.0,22194.0,37.0,0.164699999998543,31.75,32.8125,36.950000000000045,0.0,0.0,0.0,0.0,0.0,20.0,0.3,0.1,0.2,0.1,0.4,0.1,0.1,0.1,0.5,0.0,65535.0,0.17331197070267795,0.0,65535.0,0.11442740520332646,0.0,0.0,0.0,0.0,0.0,0.0,0.0,0.0,0.0,0.0
97250.2,1.0269448660248035,0.0,22194.0,37.0,0.13579999999853576,31.8125,32.8125,36.89000000000004,0.0,0.0,0.0,0.0,0.0,20.0,0.3,0.1,0.2,0.1,0.4,0.1,0.1,0.1,0.5,0.0,65535.0,0.17286945906767376,0.0,65503.0,0.11436117429736042,0.0,0.0,0.0,0.0,0.0,0.0,0.0,0.0,0.0,0.0
97310.27,0.9864877397941543,0.0,22194.0,37.0,0.17869999999853595,31.75,32.875,36.97000000000003,0.0,0.0,0.0,0.0,0.0,20.0,0.3,0.1,0.2,0.1,0.4,0.1,0.1,0.1,0.5,0.0,65535.0,0.1735255970092317,0.0,65484.0,0.11462341946124244,0.0,0.0,0.0,0.0,0.0,0.0,0.0,0.0,0.0,0.0
97370.35,1.0100178886560038,0.0,22194.0,37.0,0.18639999999854484,31.8125,32.8125,36.73000000000002,0.0,0.0,0.0,0.0,0.0,20.0,0.3,0.1,0.2,0.1,0.4,0.1,0.1,0.1,0.5,0.0,65535.0,0.17323567559319447,0.0,65535.0,0.11456473640039673,0.0,0.0,0.0,0.0,0.0,0.0,0.0,0.0,0.0,0.0
97430.4,0.9943457389401158,0.0,22194.0,37.0,0.2308999999985362,31.75,32.8125,36.93000000000001,0.0,0.0,0.0,0.0,0.0,20.0,0.3,0.1,0.2,0.1,0.4,0.1,0.1,0.1,0.5,0.0,65535.0,0.17300679026474403,0.0,65535.0,0.11439688715953307,0.0,0.0,0.0,0.0,0.0,0.0,0.0,0.0,0.0,0.0
97490.47,0.9944473979558065,0.0,22194.0,37.0,0.12639999999854085,31.8125,32.8125,36.870000000000005,0.0,0.0,0.0,0.0,0.0,20.0,0.3,0.1,0.2,0.1,0.4,0.1,0.1,0.1,0.5,0.0,65535.0,0.17289997711146715,0.0,65535.0,0.11451895933470664,0.0,0.0,0.0,0.0,0.0,0.0,0.0,0.0,0.0,0.0
97550.55,0.9897492638663861,0.0,22194.0,37.0,0.259699999998535,31.8125,32.8125,36.79000000000002,0.0,0.0,0.0,0.0,0.0,20.0,0.3,0.1,0.2,0.1,0.4,0.1,0.1,0.1,0.5,0.0,65535.0,0.17409018081940947,0.0,65535.0,0.11514457923247119,0.0,0.0,0.0,0.0,0.0,0.0,0.0,0.0,0.0,0.0
97610.58,0.9827921119656144,0.0,22194.0,37.0,0.1781999999985355,31.75,32.75,36.97000000000003,0.0,0.0,0.0,0.0,0.0,20.0,0.3,0.1,0.2,0.1,0.4,0.1,0.1,0.1,0.5,0.0,65535.0,0.1739528496223392,0.0,65535.0,0.11523613336385138,0.0,0.0,0.0,0.0,0.0,0.0,0.0,0.0,0.0,0.0
97670.65,0.9945347163057845,0.0,22194.0,37.0,0.17609999999853485,31.75,32.75,36.93000000000001,0.0,0.0,0.0,0.0,0.0,20.0,0.3,0.1,0.2,0.1,0.4,0.1,0.1,0.1,0.5,0.0,65535.0,0.17294575417715724,0.0,65535.0,0.11451895933470664,0.0,0.0,0.0,0.0,0.0,0.0,0.0,0.0,0.0,0.0
97730.69,1.0197897045254918,0.0,22194.0,37.0,0.18519999999853906,31.8125,32.875,36.79000000000002,0.0,0.0,0.0,0.0,0.0,20.0,0.3,0.1,0.2,0.1,0.4,0.1,0.1,0.1,0.5,0.0,65535.0,0.1735561150530251,0.0,65535.0,0.11503776607919432,0.0,0.0,0.0,0.0,0.0,0.0,0.0,0.0,0.0,0.0
97790.76,1.0237407252003075,0.0,22194.0,37.0,0.1560999999985371,31.8125,32.875,36.89000000000004,0.0,0.0,0.0,0.0,0.0,20.0,0.3,0.1,0.2,0.1,0.4,0.1,0.1,0.1,0.5,0.0,65535.0,0.17402914473182268,0.0,65535.0,0.11578545815213245,0.0,0.0,0.0,0.0,0.0,0.0,0.0,0.0,0.0,0.0
97850.85,1.0029007344232947,0.0,22194.0,37.0,0.19609999999852828,31.6875,32.8125,36.85000000000002,0.0,0.0,0.0,0.0,0.0,20.0,0.3,0.1,0.2,0.1,0.4,0.1,0.1,0.1,0.5,0.0,65535.0,0.17380025940337224,0.0,65535.0,0.1151293202105745,0.0,0.0,0.0,0.0,0.0,0.0,0.0,0.0,0.0,0.0
97910.92,0.9915074597148068,0.0,22194.0,37.0,0.19729999999852718,31.8125,32.8125,36.77000000000004,0.0,0.0,0.0,0.0,0.0,20.0,0.3,0.1,0.2,0.1,0.4,0.1,0.1,0.1,0.5,0.0,65535.0,0.17448691538872357,0.0,65535.0,0.11529716945143817,0.0,0.0,0.0,0.0,0.0,0.0,0.0,0.0,0.0,0.0
97970.99,1.0394917645312147,0.0,22194.0,37.0,0.1613999999985297,31.75,32.8125,37.03000000000003,0.0,0.0,0.0,0.0,0.0,20.0,0.3,0.1,0.2,0.1,0.4,0.1,0.1,0.1,0.5,0.0,65535.0,0.17444113832303348,0.0,65535.0,0.11548027771419853,0.0,0.0,0.0,0.0,0.0,0.0,0.0,0.0,0.0,0.0
98031.03,1.0278072898899602,0.0,22194.0,37.0,0.15519999999853362,31.75,32.8125,36.79000000000002,0.0,0.0,0.0,0.0,0.0,20.0,0.3,0.1,0.2,0.1,0.4,0.1,0.1,0.1,0.5,0.0,65535.0,0.1739375906004425,0.0,65535.0,0.1156023498893721,0.0,0.0,0.0,0.0,0.0,0.0,0.0,0.0,0.0,0.0
98091.06,1.0090293460901514,0.0,22194.0,37.0,0.11279999999852613,31.6875,32.8125,36.81,0.0,0.0,0.0,0.0,0.0,20.0,0.3,0.1,0.2,0.1,0.4,0.1,0.1,0.1,0.5,0.0,65535.0,0.1752651255054551,0.0,65535.0,0.11619745174334326,0.0,0.0,0.0,0.0,0.0,0.0,0.0,0.0,0.0,0.0
98151.12,1.0203364979351468,0.0,22194.0,37.0,0.16079999999852682,31.75,32.8125,36.79000000000002,0.0,0.0,0.0,0.0,0.0,20.0,0.3,0.1,0.2,0.1,0.4,0.1,0.1,0.1,0.5,0.0,65535.0,0.17415121690699625,0.0,65323.0,0.11580913307717036,0.0,0.0,0.0,0.0,0.0,0.0,0.0,0.0,0.0,0.0
98211.21,0.9870907819072696,0.0,22194.0,37.0,0.20909999999852807,31.75,32.75,36.81,0.0,0.0,0.0,0.0,0.0,20.0,0.3,0.1,0.2,0.1,0.4,0.1,0.1,0.1,0.5,0.0,65535.0,0.17376974135957884,0.0,65535.0,0.11584649423971924,0.0,0.0,0.0,0.0,0.0,0.0,0.0,0.0,0.0,0.0
98271.3,1.0298804693754042,0.0,22194.0,37.0,0.14939999999852466,31.75,32.8125,36.93000000000001,0.0,0.0,0.0,0.0,0.0,20.0,0.3,0.1,0.2,0.1,0.4,0.1,0.1,0.1,0.5,0.0,65535.0,0.17494468604562446,0.0,65535.0,0.11580071717402915,0.0,0.0,0.0,0.0,0.0,0.0,0.0,0.0,0.0,0.0
98331.38,1.037932450155841,0.0,22194.0,37.0,0.17699999999852456,31.75,32.8125,36.690000000000055,0.0,0.0,0.0,0.0,0.0,20.0,0.3,0.1,0.2,0.1,0.4,0.1,0.1,0.1,0.5,0.0,65535.0,0.17407492179751277,0.0,65535.0,0.1159990844586862,0.0,0.0,0.0,0.0,0.0,0.0,0.0,0.0,0.0,0.0
98391.47,1.0138817517043612,0.0,22194.0,37.0,0.17789999999852374,31.75,32.8125,36.89000000000004,0.0,0.0,0.0,0.0,0.0,20.0,0.3,0.1,0.2,0.1,0.4,0.1,0.1,0.1,0.5,0.0,65535.0,0.17419699397268634,0.0,65535.0,0.11575494010833906,0.0,0.0,0.0,0.0,0.0,0.0,0.0,0.0,0.0,0.0
98451.55,1.0179902909060778,0.0,22194.0,37.0,0.17819999999852262,31.75,32.8125,36.950000000000045,0.0,0.0,0.0,0.0,0.0,20.0,0.3,0.1,0.2,0.1,0.4,0.1,0.1,0.1,0.5,0.0,65535.0,0.17537193865873196,0.0,65535.0,0.11633478294041352,0.0,0.0,0.0,0.0,0.0,0.0,0.0,0.0,0.0,0.0
98511.61,0.9874478761959736,0.0,22194.0,37.0,0.1545999999985256,31.75,32.8125,36.79000000000002,0.0,0.0,0.0,0.0,0.0,20.0,0.3,0.1,0.2,0.1,0.4,0.1,0.1,0.1,0.5,0.0,65535.0,0.17421225299458304,0.0,65535.0,0.11631952391851683,0.0,0.0,0.0,0.0,0.0,0.0,0.0,0.0,0.0,0.0
98571.65,1.0341316928894135,0.0,22194.0,37.0,0.19989999999852703,31.75,32.8125,36.710000000000036,0.0,0.0,0.0,0.0,0.0,20.0,0.3,0.1,0.2,0.1,0.4,0.1,0.1,0.1,0.5,0.0,65535.0,0.1743190661478599,0.0,65535.0,0.11663996337834745,0.0,0.0,0.0,0.0,0.0,0.0,0.0,0.0,0.0,0.0
98631.7,1.0369291531027651,0.0,22194.0,37.0,0.2252999999985224,31.75,32.875,36.79000000000002,0.0,0.0,0.0,0.0,0.0,20.0,0.3,0.1,0.2,0.1,0.4,0.1,0.1,0.1,0.5,0.0,65535.0,0.17534142061493857,0.0,65535.0,0.11676203555352102,0.0,0.0,0.0,0.0,0.0,0.0,0.0,0.0,0.0,0.0
98691.74,0.9938776688940261,0.0,22194.0,37.0,0.14049999999852336,31.75,32.875,36.950000000000045,0.0,0.0,0.0,0.0,0.0,20.0,0.3,0.1,0.2,0.1,0.4,0.1,0.1,0.1,0.5,0.0,65535.0,0.17451743343251697,0.0,65535.0,0.116411078049897,0.0,0.0,0.0,0.0,0.0,0.0,0.0,0.0,0.0,0.0
98751.81,1.0374150018583879,0.0,22194.0,37.0,0.20289999999852515,31.6875,32.8125,36.89000000000004,0.0,0.0,0.0,0.0,0.0,20.0,0.3,0.1,0.2,0.1,0.4,0.1,0.1,0.1,0.5,0.0,65535.0,0.1751735713740749,0.0,65535.0,0.11703669794766156,0.0,0.0,0.0,0.0,0.0,0.0,0.0,0.0,0.0,0.0
98811.85,1.0357965259952853,0.0,22194.0,37.0,0.17909999999851836,31.6875,32.875,36.950000000000045,0.0,0.0,0.0,0.0,0.0,20.0,0.3,0.1,0.2,0.1,0.4,0.1,0.1,0.1,0.5,0.0,65535.0,0.1743953612573434,0.0,65535.0,0.11647211413748379,0.0,0.0,0.0,0.0,0.0,0.0,0.0,0.0,0.0,0.0
98871.88,1.0384548634814799,0.0,22194.0,37.0,0.09459999999851906,31.6875,32.8125,37.05000000000001,0.0,0.0,0.0,0.0,0.0,20.0,0.3,0.1,0.2,0.1,0.4,0.1,0.1,0.1,0.5,0.0,65535.0,0.17457846952010375,0.0,65535.0,0.11668574044403754,0.0,0.0,0.0,0.0,0.0,0.0,0.0,0.0,0.0,0.0
98931.96,1.037510668192637,0.0,22194.0,37.0,0.22319999999851833,31.6875,32.75,36.81,0.0,0.0,0.0,0.0,0.0,20.0,0.3,0.1,0.2,0.1,0.4,0.1,0.1,0.1,0.5,0.0,65535.0,0.17532616159304187,0.0,65535.0,0.11692988479438468,0.0,0.0,0.0,0.0,0.0,0.0,0.0,0.0,0.0,0.0
98992.03,1.0499666617455927,0.0,22194.0,37.0,0.18379999999851068,31.75,32.75,36.89000000000004,0.0,0.0,0.0,0.0,0.0,20.0,0.3,0.1,0.2,0.1,0.4,0.1,0.1,0.1,0.5,0.0,65535.0,0.17462424658579384,0.0,65535.0,0.11648737315938049,0.0,0.0,0.0,0.0,0.0,0.0,0.0,0.0,0.0,0.0
99052.1,1.0159845873596847,0.0,22194.0,37.0,0.17789999999851433,31.75,32.75,36.81,0.0,0.0,0.0,0.0,0.0,20.0,0.3,0.1,0.2,0.1,0.4,0.1,0.1,0.1,0.5,0.0,65535.0,0.17711146715495538,0.0,65535.0,0.11720454718852522,0.0,0.0,0.0,0.0,0.0,0.0,0.0,0.0,0.0,0.0
99112.17,1.0092000324867283,0.0,22194.0,37.0,0.16939999999850786,31.75,32.8125,36.870000000000005,0.0,0.0,0.0,0.0,0.0,20.0,0.3,0.1,0.2,0.1,0.4,0.1,0.1,0.1,0.5,0.0,65535.0,0.17500572213321125,0.0,65535.0,0.11673151750972763,0.0,0.0,0.0,0.0,0.0,0.0,0.0,0.0,0.0,0.0
99172.22,1.0056251530961533,0.0,22194.0,37.0,0.14879999999851065,31.75,32.75,36.650000000000034,0.0,0.0,0.0,0.0,0.0,20.0,0.3,0.1,0.2,0.1,0.4,0.1,0.1,0.1,0.5,0.0,65535.0,0.1752346074616617,0.0,65535.0,0.11689936675059129,0.0,0.0,0.0,0.0,0.0,0.0,0.0,0.0,0.0,0.0
99232.26,1.0530415104548119,0.0,22194.0,37.0,0.1905999999985161,31.75,32.8125,36.89000000000004,0.0,0.0,0.0,0.0,0.0,20.0,0.3,0.1,0.2,0.1,0.4,0.1,0.1,0.1,0.5,0.0,65535.0,0.1751735713740749,0.0,65535.0,0.11738765545128557,0.0,0.0,0.0,0.0,0.0,0.0,0.0,0.0,0.0,0.0
99292.32,1.0575617012449912,0.0,22194.0,37.0,0.14109999999851336,31.75,32.8125,36.97000000000003,0.0,0.0,0.0,0.0,0.0,20.0,0.3,0.1,0.2,0.1,0.4,0.1,0.1,0.1,0.5,0.0,65535.0,0.17633325703822386,0.0,65535.0,0.11761654077973602,0.0,0.0,0.0,0.0,0.0,0.0,0.0,0.0,0.0,0.0
99352.37,1.001621855223734,0.0,22194.0,37.0,0.2429999999985119,31.75,32.8125,36.85000000000002,0.0,0.0,0.0,0.0,0.0,20.0,0.3,0.1,0.2,0.1,0.4,0.1,0.1,0.1,0.5,0.0,65535.0,0.17547875181200884,0.0,65535.0,0.11746395056076905,0.0,0.0,0.0,0.0,0.0,0.0,0.0,0.0,0.0,0.0
99412.43,1.0442587834860557,0.0,22194.0,37.0,0.14059999999850215,31.75,32.8125,37.03000000000003,0.0,0.0,0.0,0.0,0.0,20.0,0.3,0.1,0.2,0.1,0.4,0.1,0.1,0.1,0.5,0.0,65535.0,0.17540245670252536,0.0,65535.0,0.11705195696955825,0.0,0.0,0.0,0.0,0.0,0.0,0.0,0.0,0.0,0.0
99472.52,1.0437555218071228,0.0,22194.0,37.0,0.17119999999850188,31.75,32.875,37.05000000000001,0.0,0.0,0.0,0.0,0.0,20.0,0.3,0.1,0.2,0.1,0.4,0.1,0.1,0.1,0.5,0.0,65535.0,0.1748378728923476,0.0,65535.0,0.11732661936369879,0.0,0.0,0.0,0.0,0.0,0.0,0.0,0.0,0.0,0.0
99532.6,1.0239340115514852,0.0,22194.0,37.0,0.16319999999850573,31.75,32.75,36.89000000000004,0.0,0.0,0.0,0.0,0.0,20.0,0.3,0.1,0.2,0.1,0.4,0.1,0.1,0.1,0.5,0.0,65535.0,0.17538719768062866,0.0,65535.0,0.1168383306630045,0.0,0.0,0.0,0.0,0.0,0.0,0.0,0.0,0.0,0.0
99592.67,1.0421039840632944,0.0,22194.0,37.0,0.18499999999850095,31.8125,32.75,36.870000000000005,0.0,0.0,0.0,0.0,0.0,20.0,0.3,0.1,0.2,0.1,0.4,0.1,0.1,0.1,0.5,0.0,65535.0,0.1762111848630503,0.0,65535.0,0.11804379339284352,0.0,0.0,0.0,0.0,0.0,0.0,0.0,0.0,0.0,0.0
99652.73,1.0397990010037828,0.0,22194.0,37.0,0.1590999999985086,31.75,32.75,37.03000000000003,0.0,0.0,0.0,0.0,0.0,20.0,0.3,0.1,0.2,0.1,0.4,0.1,0.1,0.1,0.5,0.0,65535.0,0.17610437170977342,0.0,65535.0,0.1185473411154345,0.0,0.0,0.0,0.0,0.0,0.0,0.0,0.0,0.0,0.0
99712.79,1.0278885268891969,0.0,22194.0,37.0,0.1557999999985082,31.75,32.75,36.870000000000005,0.0,0.0,0.0,0.0,0.0,20.0,0.3,0.1,0.2,0.1,0.4,0.1,0.1,0.1,0.5,0.0,65535.0,0.1757839322499428,0.0,65535.0,0.11828793774319066,0.0,0.0,0.0,0.0,0.0,0.0,0.0,0.0,0.0,0.0
99772.86,1.046062230097689,0.0,22194.0,37.0,0.18259999999849885,31.8125,32.8125,36.85000000000002,0.0,0.0,0.0,0.0,0.0,20.0,0.3,0.1,0.2,0.1,0.4,0.1,0.1,0.1,0.5,0.0,65535.0,0.17668421454184788,0.0,65535.0,0.11847104600595101,0.0,0.0,0.0,0.0,0.0,0.0,0.0,0.0,0.0,0.0
99832.94,1.0133276830292453,0.0,22194.0,37.0,0.16579999999849737,31.75,32.8125,36.950000000000045,0.0,0.0,0.0,0.0,0.0,20.0,0.3,0.1,0.2,0.1,0.4,0.1,0.1,0.1,0.5,0.0,65535.0,0.1770656900892653,0.0,65535.0,0.1181353475242237,0.0,0.0,0.0,0.0,0.0,0.0,0.0,0.0,0.0,0.0
99892.99,1.0319732518100995,0.0,22194.0,37.0,0.18519999999850728,31.75,32.75,36.97000000000003,0.0,0.0,0.0,0.0,0.0,20.0,0.3,0.1,0.2,0.1,0.4,0.1,0.1,0.1,0.5,0.0,65535.0,0.17717250324254216,0.0,65535.0,0.11818112458991378,0.0,0.0,0.0,0.0,0.0,0.0,0.0,0.0,0.0,0.0
99953.06,1.0061253989395713,0.0,22194.0,37.0,0.18609999999850646,31.75,32.8125,36.81,0.0,0.0,0.0,0.0,0.0,20.0,0.3,0.1,0.2,0.1,0.4,0.1,0.1,0.1,0.5,0.0,65535.0,0.17587548638132297,0.0,65535.0,0.11844052796215762,0.0,0.0,0.0,0.0,0.0,0.0,0.0,0.0,0.0,0.0
100013.14,1.0416218184783996,0.0,22194.0,37.0,0.19119999999850606,31.75,32.8125,36.89000000000004,0.0,0.0,0.0,0.0,0.0,20.0,0.3,0.1,0.2,0.1,0.4,0.1,0.1,0.1,0.5,0.0,65535.0,0.17645532921339743,0.0,65535.0,0.11869993133440146,0.0,0.0,0.0,0.0,0.0,0.0,0.0,0.0,0.0,0.0
100073.22,1.0649952033379464,0.0,22194.0,37.0,0.1461999999985035,31.75,32.75,36.89000000000004,0.0,0.0,0.0,0.0,0.0,20.0,0.3,0.1,0.2,0.1,0.4,0.1,0.1,0.1,0.5,0.0,65535.0,0.17732509346150913,0.0,65535.0,0.119829098954757,0.0,0.0,0.0,0.0,0.0,0.0,0.0,0.0,0.0,0.0
100133.28,1.0079769993896799,0.0,22194.0,37.0,0.20739999999850553,31.75,32.8125,36.950000000000045,0.0,0.0,0.0,0.0,0.0,20.0,0.3,0.1,0.2,0.1,0.4,0.1,0.1,0.1,0.5,0.0,65535.0,0.17721828030823225,0.0,65535.0,0.11869993133440146,0.0,0.0,0.0,0.0,0.0,0.0,0.0,0.0,0.0,0.0
100193.34,1.0470013065902088,0.0,22194.0,37.0,0.1864999999984944,31.75,32.75,36.73000000000002,0.0,0.0,0.0,0.0,0.0,20.0,0.3,0.1,0.2,0.1,0.4,0.1,0.1,0.1,0.5,0.0,65535.0,0.17631799801632717,0.0,65535.0,0.11847104600595101,0.0,0.0,0.0,0.0,0.0,0.0,0.0,0.0,0.0,0.0
100253.4,1.032385281710499,0.0,22194.0,37.0,0.14969999999849687,31.8125,32.75,37.05000000000001,0.0,0.0,0.0,0.0,0.0,20.0,0.3,0.1,0.2,0.1,0.4,0.1,0.1,0.1,0.5,0.0,65535.0,0.17602807660028993,0.0,65535.0,0.11903562981612878,0.0,0.0,0.0,0.0,0.0,0.0,0.0,0.0,0.0,0.0
100313.43,1.036232621171024,0.0,22194.0,37.0,0.19999999999849288,31.75,32.8125,36.85000000000002,0.0,0.0,0.0,0.0,0.0,20.0,0.3,0.1,0.2,0.1,0.4,0.1,0.1,0.1,0.5,0.0,65535.0,0.17636377508201725,0.0,65535.0,0.11856260013733119,0.0,0.0,0.0,0.0,0.0,0.0,0.0,0.0,0.0,0.0
100373.5,1.052907565389968,0.0,22194.0,37.0,0.20649999999850202,31.75,32.8125,36.950000000000045,0.0,0.0,0.0,0.0,0.0,20.0,0.3,0.1,0.2,0.1,0.4,0.1,0.1,0.1,0.5,0.0,65535.0,0.17683680476081484,0.0,65535.0,0.11926451514457924,0.0,0.0,0.0,0.0,0.0,0.0,0.0,0.0,0.0,0.0
100433.6,1.0586357831722428,0.0,22194.0,37.0,0.13699999999848905,31.75,32.75,36.81,0.0,0.0,0.0,0.0,0.0,20.0,0.3,0.1,0.2,0.1,0.4,0.1,0.1,0.1,0.5,0.0,65535.0,0.17669947356374457,0.0,65535.0,0.1189288166628519,0.0,0.0,0.0,0.0,0.0,0.0,0.0,0.0,0.0,0.0
100493.67,1.0290748345922647,0.0,22194.0,37.0,0.18379999999848995,31.8125,32.75,36.85000000000002,0.0,0.0,0.0,0.0,0.0,20.0,0.3,0.1,0.2,0.1,0.4,0.1,0.1,0.1,0.5,0.0,65535.0,0.17651636530098422,0.0,65535.0,0.11950865949492638,0.0,0.0,0.0,0.0,0.0,0.0,0.0,0.0,0.0,0.0
100553.71,1.0264488936716045,0.0,22194.0,37.0,0.16549999999848813,31.6875,32.8125,36.73000000000002,0.0,0.0,0.0,0.0,0.0,20.0,0.3,0.1,0.2,0.1,0.4,0.1,0.1,0.1,0.5,0.0,65535.0,0.17708094911116198,0.0,65535.0,0.11908140688181887,0.0,0.0,0.0,0.0,0.0,0.0,0.0,0.0,0.0,0.0
100613.78,1.0337084345342529,0.0,22194.0,37.0,0.18469999999848744,31.75,32.8125,37.01000000000005,0.0,0.0,0.0,0.0,0.0,20.0,0.3,0.1,0.2,0.1,0.4,0.1,0.1,0.1,0.5,0.0,65535.0,0.17724879835202564,0.0,65535.0,0.119829098954757,0.0,0.0,0.0,0.0,0.0,0.0,0.0,0.0,0.0,0.0
100673.86,1.0813701876479185,0.0,22194.0,37.0,0.12289999999848422,31.75,32.8125,36.89000000000004,0.0,0.0,0.0,0.0,0.0,20.0,0.3,0.1,0.2,0.1,0.4,0.1,0.1,0.1,0.5,0.0,65535.0,0.1765621423666743,0.0,65535.0,0.11914244296940567,0.0,0.0,0.0,0.0,0.0,0.0,0.0,0.0,0.0,0.0
100733.93,1.0273012925733669,0.0,22194.0,37.0,0.18879999999849534,31.75,32.8125,36.89000000000004,0.0,0.0,0.0,0.0,0.0,20.0,0.3,0.1,0.2,0.1,0.4,0.1,0.1,0.1,0.5,0.0,65535.0,0.17708094911116198,0.0,65535.0,0.11952391851682308,0.0,0.0,0.0,0.0,0.0,0.0,0.0,0.0,0.0,0.0
100793.98,1.0353786695663587,0.0,22194.0,37.0,0.17999999999848912,31.75,32.75,36.79000000000002,0.0,0.0,0.0,0.0,0.0,20.0,0.3,0.1,0.2,0.1,0.4,0.1,0.1,0.1,0.5,0.0,65535.0,0.17686732280460823,0.0,65535.0,0.11970702677958343,0.0,0.0,0.0,0.0,0.0,0.0,0.0,0.0,0.0,0.0
100854.05,1.0388268531828417,0.0,22194.0,37.0,0.1908999999984934,31.8125,32.8125,36.81,0.0,0.0,0.0,0.0,0.0,20.0,0.3,0.1,0.2,0.1,0.4,0.1,0.1,0.1,0.5,0.0,65535.0,0.17756923781185627,0.0,65535.0,0.11981383993286031,0.0,0.0,0.0,0.0,0.0,0.0,0.0,0.0,0.0,0.0
100914.11,1.0660827188431243,0.0,22194.0,37.0,0.16089999999849142,31.75,32.75,36.950000000000045,0.0,0.0,0.0,0.0,0.0,20.0,0.3,0.1,0.2,0.1,0.4,0.1,0.1,0.1,0.5,0.0,65535.0,0.17665369649805449,0.0,65535.0,0.11932555123216602,0.0,0.0,0.0,0.0,0.0,0.0,0.0,0.0,0.0,0.0
100974.15,1.0364568621941097,0.0,22194.0,37.0,0.13849999999847995,31.75,32.8125,36.73000000000002,0.0,0.0048,0.25,0.0,0.0,20.0,0.3,0.1,0.2,0.1,0.4,0.1,0.1,0.1,0.5,0.0,65535.0,0.17644007019150074,0.0,65535.0,0.11972228580148013,0.0,0.0,0.0,0.0,0.0,0.0,0.0,0.0,0.0,0.0
101034.19,1.0135122229210292,0.0,22194.0,37.0,0.2936499999984787,31.75,32.75,36.57000000000005,0.0,0.0,0.0,0.0,0.0,20.0,0.3,0.1,0.2,0.1,0.4,0.1,0.1,0.1,0.5,0.0,65535.0,0.17318989852750438,0.0,65535.0,0.11755550469214923,0.0,0.0,0.0,0.0,0.0,0.0,0.0,0.0,0.0,0.0
101094.23,1.0114172191542445,0.0,22194.0,37.0,0.18349999999847855,31.75,32.8125,37.01000000000005,0.0,0.0,0.0,0.0,0.0,20.0,0.3,0.1,0.2,0.1,0.4,0.1,0.1,0.1,0.5,0.0,65535.0,0.17247272449835965,0.0,65535.0,0.11711299305714504,0.0,0.0,0.0,0.0,0.0,0.0,0.0,0.0,0.0,0.0
101154.3,1.039342734226465,0.0,22194.0,37.0,0.1354999999984753,31.75,32.8125,36.97000000000003,0.0,0.0,0.0,0.0,0.0,20.0,0.3,0.1,0.2,0.1,0.4,0.1,0.1,0.1,0.5,0.0,65535.0,0.17261005569542992,0.0,65535.0,0.11709773403524834,0.0,0.0,0.0,0.0,0.0,0.0,0.0,0.0,0.0,0.0
101214.34,1.033689264382548,0.0,22194.0,37.0,0.12599999999847883,31.8125,32.8125,36.85000000000002,0.0,0.0,0.0,0.0,0.0,20.0,0.3,0.1,0.2,0.1,0.4,0.1,0.1,0.1,0.5,0.0,65535.0,0.17286945906767376,0.0,65535.0,0.11665522240024415,0.0,0.0,0.0,0.0,0.0,0.0,0.0,0.0,0.0,0.0
101274.39,1.0553761423945303,0.0,22194.0,37.0,0.212799999998486,31.75,32.8125,36.870000000000005,0.0,0.0,0.0,0.0,0.0,20.0,0.3,0.1,0.2,0.1,0.4,0.1,0.1,0.1,0.5,0.0,65535.0,0.17410543984130616,0.0,65535.0,0.11694514381628138,0.0,0.0,0.0,0.0,0.0,0.0,0.0,0.0,0.0,0.0
101334.43,1.006194129828983,0.0,22194.0,37.0,0.17519999999847927,31.8125,32.75,36.950000000000045,0.0,0.0,0.0,0.0,0.0,20.0,0.3,0.1,0.2,0.1,0.4,0.1,0.1,0.1,0.5,0.0,65535.0,0.17364766918440527,0.0,65535.0,0.11738765545128557,0.0,0.0,0.0,0.0,0.0,0.0,0.0,0.0,0.0,0.0
101394.47,1.0018209898717056,0.0,22194.0,37.0,0.1592999999984778,31.8125,32.75,37.170000000000016,0.0,0.0,0.0,0.0,0.0,20.0,0.3,0.1,0.2,0.1,0.4,0.1,0.1,0.1,0.5,0.0,65535.0,0.17335774776836804,0.0,65535.0,0.117265583276112,0.0,0.0,0.0,0.0,0.0,0.0,0.0,0.0,0.0,0.0
101454.52,1.0519671001878668,0.0,22194.0,37.0,0.15719999999847714,31.75,32.8125,37.01000000000005,0.0,0.0,0.0,0.0,0.0,20.0,0.3,0.1,0.2,0.1,0.4,0.1,0.1,0.1,0.5,0.0,65535.0,0.17540245670252536,0.0,65535.0,0.11743343251697566,0.0,0.0,0.0,0.0,0.0,0.0,0.0,0.0,0.0,0.0
101514.56,1.0265613030885312,0.0,22194.0,37.0,0.18839999999847717,31.8125,32.75,36.870000000000005,0.0,0.0,0.0,0.0,0.0,20.0,0.3,0.1,0.2,0.1,0.4,0.1,0.1,0.1,0.5,0.0,65535.0,0.1739681086442359,0.0,65535.0,0.11712825207904173,0.0,0.0,0.0,0.0,0.0,0.0,0.0,0.0,0.0,0.0
101574.63,1.0164766422428984,0.0,22194.0,37.0,0.1497999999984796,31.8125,32.8125,36.950000000000045,0.0,0.0,0.0,0.0,0.0,20.0,0.3,0.1,0.2,0.1,0.4,0.1,0.1,0.1,0.5,0.0,65535.0,0.1734950789654383,0.0,65535.0,0.11752498664835584,0.0,0.0,0.0,0.0,0.0,0.0,0.0,0.0,0.0,0.0
101634.71,1.0502157487701813,0.0,22194.0,37.0,0.14919999999847927,31.8125,32.8125,37.27000000000004,0.0,0.0,0.0,0.0,0.0,20.0,0.3,0.1,0.2,0.1,0.4,0.1,0.1,0.1,0.5,0.0,65535.0,0.17323567559319447,0.0,65535.0,0.11778439002059968,0.0,0.0,0.0,0.0,0.0,0.0,0.0,0.0,0.0,0.0
101694.76,1.0337457035454938,0.0,22194.0,37.0,0.14589999999847886,31.8125,32.8125,36.85000000000002,0.0,0.0,0.0,0.0,0.0,20.0,0.3,0.1,0.2,0.1,0.4,0.1,0.1,0.1,0.5,0.0,65535.0,0.17463950560769054,0.0,65535.0,0.11796749828336003,0.0,0.0,0.0,0.0,0.0,0.0,0.0,0.0,0.0,0.0
101754.84,1.0558294069070322,0.0,22194.0,37.0,0.16209999999847918,31.8125,32.8125,36.950000000000045,0.0,0.0,0.0,0.0,0.0,20.0,0.3,0.1,0.2,0.1,0.4,0.1,0.1,0.1,0.5,0.0,65535.0,0.17425803006027313,0.0,65535.0,0.11848630502784771,0.0,0.0,0.0,0.0,0.0,0.0,0.0,0.0,0.0,0.0
101814.88,1.0374842176289283,0.0,22194.0,37.0,0.13879999999846768,31.8125,32.75,36.89000000000004,0.0,0.0,0.0,0.0,0.0,20.0,0.3,0.1,0.2,0.1,0.4,0.1,0.1,0.1,0.5,0.0,65535.0,0.17421225299458304,0.0,65535.0,0.11815060654612039,0.0,0.0,0.0,0.0,0.0,0.0,0.0,0.0,0.0,0.0
101874.92,1.0568217713414723,0.0,22194.0,37.0,0.20209999999846864,31.8125,32.75,36.97000000000003,0.0,0.0,0.0,0.0,0.0,20.0,0.3,0.1,0.2,0.1,0.4,0.1,0.1,0.1,0.5,0.0,65535.0,0.17445639734493018,0.0,65535.0,0.118120088502327,0.0,0.0,0.0,0.0,0.0,0.0,0.0,0.0,0.0,0.0
101934.99,1.0599549008537723,0.0,22194.0,37.0,0.2553999999984645,31.8125,32.8125,36.710000000000036,0.0,0.0,0.0,0.0,0.0,20.0,0.3,0.1,0.2,0.1,0.4,0.1,0.1,0.1,0.5,0.0,65535.0,0.17322041657129778,0.0,65535.0,0.11815060654612039,0.0,0.0,0.0,0.0,0.0,0.0,0.0,0.0,0.0,0.0
101995.07,1.0463501131102841,0.0,22194.0,37.0,0.14449999999846416,31.8125,32.75,36.870000000000005,0.0,0.0,0.0,0.0,0.0,20.0,0.3,0.1,0.2,0.1,0.4,0.1,0.1,0.1,0.5,0.0,65535.0,0.17383077744716563,0.0,65535.0,0.11828793774319066,0.0,0.0,0.0,0.0,0.0,0.0,0.0,0.0,0.0,0.0
102055.14,1.022790799033888,0.0,22194.0,37.0,0.1461999999984734,31.8125,32.8125,36.950000000000045,0.0,0.0,0.0,0.0,0.0,20.0,0.3,0.1,0.2,0.1,0.4,0.1,0.1,0.1,0.5,0.0,65535.0,0.1731441214618143,0.0,65535.0,0.11818112458991378,0.0,0.0,0.0,0.0,0.0,0.0,0.0,0.0,0.0,0.0
102115.21,1.0518495983257041,0.0,22194.0,37.0,0.1690999999984634,31.75,32.6875,36.93000000000001,0.0,0.0,0.0,0.0,0.0,20.0,0.3,0.1,0.2,0.1,0.4,0.1,0.1,0.1,0.5,0.0,65535.0,0.17430380712596322,0.0,65535.0,0.11886778057526512,0.0,0.0,0.0,0.0,0.0,0.0,0.0,0.0,0.0,0.0
102175.27,1.0455174939524496,0.0,22194.0,37.0,0.10169999999846444,31.75,32.75,36.89000000000004,0.0,0.0,0.0,0.0,0.0,20.0,0.3,0.1,0.2,0.1,0.4,0.1,0.1,0.1,0.5,0.0,65535.0,0.17428854810406652,0.0,65535.0,0.11905088883802548,0.0,0.0,0.0,0.0,0.0,0.0,0.0,0.0,0.0,0.0
102235.31,1.0198083027934226,0.0,22194.0,37.0,0.18409999999846138,31.75,32.75,36.81,0.0,0.0,0.0,0.0,0.0,20.0,0.3,0.1,0.2,0.1,0.4,0.1,0.1,0.1,0.5,0.0,65535.0,0.17575341420614937,0.0,65535.0,0.118974593728542,0.0,0.0,0.0,0.0,0.0,0.0,0.0,0.0,0.0,0.0
102295.37,1.06860447587776,0.0,22194.0,37.0,0.1799999999984651,31.75,32.75,36.81,0.0,0.0,0.0,0.0,0.0,20.0,0.3,0.1,0.2,0.1,0.4,0.1,0.1,0.1,0.5,0.0,65535.0,0.1748531319142443,0.0,65535.0,0.11929503318837263,0.0,0.0,0.0,0.0,0.0,0.0,0.0,0.0,0.0,0.0
102355.44,1.054309003998219,0.0,22194.0,37.0,0.18739999999845922,31.75,32.75,37.01000000000005,0.0,0.0,0.0,0.0,0.0,20.0,0.3,0.1,0.2,0.1,0.4,0.1,0.1,0.1,0.5,0.0,65535.0,0.17389181353475242,0.0,65535.0,0.1189440756847486,0.0,0.0,0.0,0.0,0.0,0.0,0.0,0.0,0.0,0.0
102415.52,1.0114369947382107,0.0,22194.0,37.0,0.18209999999846319,31.75,32.8125,36.85000000000002,0.0,0.0,0.0,0.0,0.0,20.0,0.3,0.1,0.2,0.1,0.4,0.1,0.1,0.1,0.5,0.0,65535.0,0.17418173495078965,0.0,65535.0,0.11908140688181887,0.0,0.0,0.0,0.0,0.0,0.0,0.0,0.0,0.0,0.0
102475.59,1.0492319302692077,0.0,22194.0,37.0,0.1620999999984663,31.75,32.8125,36.870000000000005,0.0,0.0,0.0,0.0,0.0,20.0,0.3,0.1,0.2,0.1,0.4,0.1,0.1,0.1,0.5,0.0,65535.0,0.17506675822079804,0.0,65535.0,0.11911192492561226,0.0,0.0,0.0,0.0,0.0,0.0,0.0,0.0,0.0,0.0
102535.66,1.0306011993701092,0.0,22194.0,37.0,0.1670999999984609,31.8125,32.75,36.89000000000004,0.0,0.0,0.0,0.0,0.0,20.0,0.3,0.1,0.2,0.1,0.4,0.1,0.1,0.1,0.5,0.0,65535.0,0.17445639734493018,0.0,65535.0,0.1189288166628519,0.0,0.0,0.0,0.0,0.0,0.0,0.0,0.0,0.0,0.0
102595.72,1.0268238281144715,0.0,22194.0,37.0,0.200899999998456,31.75,32.8125,36.950000000000045,0.0,0.0,0.0,0.0,0.0,20.0,0.3,0.1,0.2,0.1,0.4,0.1,0.1,0.1,0.5,0.0,65535.0,0.17372396429388876,0.0,65535.0,0.11902037079423208,0.0,0.0,0.0,0.0,0.0,0.0,0.0,0.0,0.0,0.0
102655.8,1.0261251044616226,0.0,22194.0,37.0,0.21269999999846034,31.6875,32.8125,37.01000000000005,0.0,0.0,0.0,0.0,0.0,20.0,0.3,0.1,0.2,0.1,0.4,0.1,0.1,0.1,0.5,0.0,65535.0,0.17409018081940947,0.0,65535.0,0.11902037079423208,0.0,0.0,0.0,0.0,0.0,0.0,0.0,0.0,0.0,0.0
102715.89,1.0226361544051188,0.0,22194.0,37.0,0.2035999999984544,31.75,32.75,36.85000000000002,0.0,0.0,0.0,0.0,0.0,20.0,0.3,0.1,0.2,0.1,0.4,0.1,0.1,0.1,0.5,0.0,65535.0,0.1747768368047608,0.0,65535.0,0.11926451514457924,0.0,0.0,0.0,0.0,0.0,0.0,0.0,0.0,0.0,0.0
102775.95,1.035934690909051,0.0,22194.0,37.0,0.12119999999845488,31.8125,32.75,37.01000000000005,0.0,0.0,0.0,0.0,0.0,20.0,0.3,0.1,0.2,0.1,0.4,0.1,0.1,0.1,0.5,0.0,65535.0,0.17444113832303348,0.0,65535.0,0.11909666590371557,0.0,0.0,0.0,0.0,0.0,0.0,0.0,0.0,0.0,0.0
102836.02,1.0315367610403723,0.0,22194.0,37.0,0.18859999999845126,31.75,32.75,37.05000000000001,0.0,0.0,0.0,0.0,0.0,20.0,0.3,0.1,0.2,0.1,0.4,0.1,0.1,0.1,0.5,0.0,65535.0,0.17553978789959562,0.0,65535.0,0.1198443579766537,0.0,0.0,0.0,0.0,0.0,0.0,0.0,0.0,0.0,0.0
102896.09,1.024511006322891,0.0,22194.0,37.0,0.16739999999845462,31.8125,32.75,37.01000000000005,0.0,0.0,0.0,0.0,0.0,20.0,0.3,0.1,0.2,0.1,0.4,0.1,0.1,0.1,0.5,0.0,65535.0,0.1739986266880293,0.0,65535.0,0.11963073167009995,0.0,0.0,0.0,0.0,0.0,0.0,0.0,0.0,0.0,0.0
102956.14,1.0449660210340748,0.0,22194.0,37.0,0.16269999999845888,31.8125,32.75,36.950000000000045,0.0,0.0,0.0,0.0,0.0,20.0,0.3,0.1,0.2,0.1,0.4,0.1,0.1,0.1,0.5,0.0,65535.0,0.17418173495078965,0.0,65535.0,0.11929503318837263,0.0,0.0,0.0,0.0,0.0,0.0,0.0,0.0,0.0,0.0
103016.22,1.0353737098499591,0.0,22194.0,37.0,0.16829999999845377,31.75,32.75,36.93000000000001,0.0,0.0,0.0,0.0,0.0,20.0,0.3,0.1,0.2,0.1,0.4,0.1,0.1,0.1,0.5,0.0,65535.0,0.17491416800183107,0.0,65535.0,0.11963073167009995,0.0,0.0,0.0,0.0,0.0,0.0,0.0,0.0,0.0,0.0
103076.29,1.0290330370502212,0.0,22194.0,37.0,0.16119999999845766,31.75,32.6875,37.01000000000005,0.0,0.0,0.0,0.0,0.0,20.0,0.3,0.1,0.2,0.1,0.4,0.1,0.1,0.1,0.5,0.0,65535.0,0.1747615777828641,0.0,65535.0,0.11998168917372397,0.0,0.0,0.0,0.0,0.0,0.0,0.0,0.0,0.0,0.0
103136.37,1.0754428954152497,0.0,22194.0,37.0,0.1420999999984466,31.8125,32.75,37.13000000000005,0.0,0.0,0.0,0.0,0.0,20.0,0.3,0.1,0.2,0.1,0.4,0.1,0.1,0.1,0.5,0.0,65535.0,0.1747920958266575,0.0,65535.0,0.1202563515678645,0.0,0.0,0.0,0.0,0.0,0.0,0.0,0.0,0.0,0.0
103196.44,1.0503796040869124,0.0,22194.0,37.0,0.10289999999844873,31.75,32.6875,37.01000000000005,0.0,0.0,0.0,0.0,0.0,20.0,0.3,0.1,0.2,0.1,0.4,0.1,0.1,0.1,0.5,0.0,65535.0,0.17409018081940947,0.0,65535.0,0.12004272526131075,0.0,0.0,0.0,0.0,0.0,0.0,0.0,0.0,0.0,0.0
103256.5,1.0376510773026446,0.0,22194.0,37.0,0.16579999999844497,31.75,32.6875,36.870000000000005,0.0,0.0,0.0,0.0,0.0,20.0,0.3,0.1,0.2,0.1,0.4,0.1,0.1,0.1,0.5,0.0,65535.0,0.17514305333028152,0.0,65535.0,0.12022583352407111,0.0,0.0,0.0,0.0,0.0,0.0,0.0,0.0,0.0,0.0
103316.58,1.0640284040104933,0.0,22194.0,37.0,0.17989999999844464,31.6875,32.75,36.97000000000003,0.0,0.0,0.0,0.0,0.0,20.0,0.3,0.1,0.2,0.1,0.4,0.1,0.1,0.1,0.5,0.0,65535.0,0.17528038452735178,0.0,65535.0,0.12091248950942245,0.0,0.0,0.0,0.0,0.0,0.0,0.0,0.0,0.0,0.0
103376.64,1.0818820083518472,0.0,22194.0,37.0,0.14399999999844715,31.75,32.6875,36.870000000000005,0.0,0.0,0.0,0.0,0.0,20.0,0.3,0.1,0.2,0.1,0.4,0.1,0.1,0.1,0.5,0.0,65535.0,0.1756618600747692,0.0,65535.0,0.12019531548027772,0.0,0.0,0.0,0.0,0.0,0.0,0.0,0.0,0.0,0.0
103436.72,1.066104497412103,0.0,22194.0,37.0,0.18489999999845258,31.75,32.75,36.89000000000004,0.0,0.0,0.0,0.0,0.0,20.0,0.3,0.1,0.2,0.1,0.4,0.1,0.1,0.1,0.5,0.0,65535.0,0.17575341420614937,0.0,65535.0,0.12065308613717861,0.0,0.0,0.0,0.0,0.0,0.0,0.0,0.0,0.0,0.0
103496.79,1.0689458350864132,0.0,22194.0,37.0,0.1457999999984455,31.6875,32.75,36.710000000000036,0.0,0.0,0.0,0.0,0.0,20.0,0.3,0.1,0.2,0.1,0.4,0.1,0.1,0.1,0.5,0.0,65535.0,0.1752498664835584,0.0,65535.0,0.12080567635614557,0.0,0.0,0.0,0.0,0.0,0.0,0.0,0.0,0.0,0.0
103556.87,1.0767958405515945,0.0,22194.0,37.0,0.16079999999844521,31.6875,32.6875,36.870000000000005,0.0,0.0,0.0,0.0,0.0,20.0,0.3,0.1,0.2,0.1,0.4,0.1,0.1,0.1,0.5,0.0,65535.0,0.17549401083390553,0.0,65535.0,0.12092774853131914,0.0,0.0,0.0,0.0,0.0,0.0,0.0,0.0,0.0,0.0
103616.95,1.0738970857436854,0.0,22194.0,37.0,0.22999999999844167,31.6875,32.75,36.81,0.0,0.0,0.0,0.0,0.0,20.0,0.3,0.1,0.2,0.1,0.4,0.1,0.1,0.1,0.5,0.0,65535.0,0.17549401083390553,0.0,65535.0,0.12030212863355459,0.0,0.0,0.0,0.0,0.0,0.0,0.0,0.0,0.0,0.0
103677.02,1.0975290817521026,0.0,22194.0,37.0,0.18649999999843858,31.6875,32.6875,36.950000000000045,0.0,0.0,0.0,0.0,0.0,20.0,0.3,0.1,0.2,0.1,0.4,0.1,0.1,0.1,0.5,0.0,65535.0,0.17453269245441366,0.0,65535.0,0.12080567635614557,0.0,0.0,0.0,0.0,0.0,0.0,0.0,0.0,0.0,0.0
103737.09,1.0804240697244882,0.0,22194.0,37.0,0.1711999999984366,31.6875,32.6875,36.97000000000003,0.0,0.0,0.0,0.0,0.0,20.0,0.3,0.1,0.2,0.1,0.4,0.1,0.1,0.1,0.5,0.0,65535.0,0.1757991912718395,0.0,65535.0,0.12077515831235218,0.0,0.0,0.0,0.0,0.0,0.0,0.0,0.0,0.0,0.0
103797.17,1.0397442151888345,0.0,22194.0,37.0,0.10789999999843305,31.6875,32.75,37.01000000000005,0.0,0.0,0.0,0.0,0.0,20.0,0.3,0.1,0.2,0.1,0.4,0.1,0.1,0.1,0.5,0.0,65535.0,0.17514305333028152,0.0,65535.0,0.12074464026855879,0.0,0.0,0.0,0.0,0.0,0.0,0.0,0.0,0.0,0.0
103857.23,1.0524829998832343,0.0,22194.0,37.0,0.18589999999843487,31.6875,32.6875,36.870000000000005,0.0,0.0,0.0,0.0,0.0,20.0,0.3,0.1,0.2,0.1,0.4,0.1,0.1,0.1,0.5,0.0,65535.0,0.17581445029373619,0.0,65535.0,0.12072938124666209,0.0,0.0,0.0,0.0,0.0,0.0,0.0,0.0,0.0,0.0
103917.32,1.0702450274391653,0.0,22194.0,37.0,0.1705999999984329,31.75,32.6875,36.870000000000005,0.0,0.0,0.0,0.0,0.0,20.0,0.3,0.1,0.2,0.1,0.4,0.1,0.1,0.1,0.5,0.0,65535.0,0.17555504692149232,0.0,65535.0,0.12018005645838102,0.0,0.0,0.0,0.0,0.0,0.0,0.0,0.0,0.0,0.0
103977.39,1.0509246593209596,0.0,22194.0,37.0,0.14849999999843622,31.6875,32.75,36.79000000000002,0.0,0.0,0.0,0.0,0.0,20.0,0.3,0.1,0.2,0.1,0.4,0.1,0.1,0.1,0.5,0.0,65535.0,0.17492942702372777,0.0,65535.0,0.12114137483787289,0.0,0.0,0.0,0.0,0.0,0.0,0.0,0.0,0.0,0.0
104037.46,1.064171481616457,0.0,22194.0,37.0,0.2049999999984425,31.6875,32.6875,36.85000000000002,0.0,0.0,0.0,0.0,0.0,20.0,0.3,0.1,0.2,0.1,0.4,0.1,0.1,0.1,0.5,0.0,65535.0,0.17570763714045928,0.0,65535.0,0.12146181429770352,0.0,0.0,0.0,0.0,0.0,0.0,0.0,0.0,0.0,0.0
104097.54,1.0642780966930245,0.0,22194.0,37.0,0.16679999999843548,31.6875,32.6875,36.950000000000045,0.0,0.0,0.0,0.0,0.0,20.0,0.3,0.1,0.2,0.1,0.4,0.1,0.1,0.1,0.5,0.0,65535.0,0.17592126344701306,0.0,65535.0,0.12127870603494316,0.0,0.0,0.0,0.0,0.0,0.0,0.0,0.0,0.0,0.0
104157.61,1.0481320033994121,0.0,22194.0,37.0,0.16589999999843458,31.6875,32.6875,36.81,0.0,0.0,0.0,0.0,0.0,20.0,0.3,0.1,0.2,0.1,0.4,0.1,0.1,0.1,0.5,0.0,65535.0,0.17502098115510795,0.0,65535.0,0.12146181429770352,0.0,0.0,0.0,0.0,0.0,0.0,0.0,0.0,0.0,0.0
104217.69,1.0582442971761459,0.0,22194.0,37.0,0.19179999999843944,31.6875,32.6875,36.79000000000002,0.0,0.0,0.0,0.0,0.0,20.0,0.3,0.1,0.2,0.1,0.4,0.1,0.1,0.1,0.5,0.0,65535.0,0.17605859464408333,0.0,65535.0,0.12175173571374075,0.0,0.0,0.0,0.0,0.0,0.0,0.0,0.0,0.0,0.0
104277.76,1.0809666898253723,0.0,22194.0,37.0,0.13939999999842684,31.6875,32.6875,36.89000000000004,0.0,0.0,0.0,0.0,0.0,20.0,0.3,0.1,0.2,0.1,0.4,0.1,0.1,0.1,0.5,0.0,65535.0,0.1752040894178683,0.0,65535.0,0.12100404364080262,0.0,0.0,0.0,0.0,0.0,0.0,0.0,0.0,0.0,0.0
104337.83,1.08442111065168,0.0,22194.0,37.0,0.16179999999843658,31.75,32.6875,37.05000000000001,0.0,0.0,0.0,0.0,0.0,20.0,0.3,0.1,0.2,0.1,0.4,0.1,0.1,0.1,0.5,0.0,65535.0,0.17575341420614937,0.0,65535.0,0.12135500114442664,0.0,0.0,0.0,0.0,0.0,0.0,0.0,0.0,0.0,0.0
104397.9,1.0653906588989357,0.0,22194.0,37.0,0.1870999999984269,31.75,32.6875,36.950000000000045,0.0,0.0,0.0,0.0,0.0,20.0,0.3,0.1,0.2,0.1,0.4,0.1,0.1,0.1,0.5,0.0,65535.0,0.17599755855649654,0.0,65535.0,0.12130922407873655,0.0,0.0,0.0,0.0,0.0,0.0,0.0,0.0,0.0,0.0
104457.97,1.0845883613669833,0.0,22194.0,37.0,0.12939999999843335,31.6875,32.6875,36.85000000000002,0.0,0.0,0.0,0.0,0.0,20.0,0.3,0.1,0.2,0.1,0.4,0.1,0.1,0.1,0.5,0.0,65535.0,0.17607385366598002,0.0,65535.0,0.12115663385976959,0.0,0.0,0.0,0.0,0.0,0.0,0.0,0.0,0.0,0.0
104518.04,1.0834141413588008,0.0,22194.0,37.0,0.1802999999984297,31.6875,32.75,36.81,0.0,0.0,0.0,0.0,0.0,20.0,0.3,0.1,0.2,0.1,0.4,0.1,0.1,0.1,0.5,0.0,65535.0,0.17549401083390553,0.0,65535.0,0.12214847028305485,0.0,0.0,0.0,0.0,0.0,0.0,0.0,0.0,0.0,0.0
104578.12,1.0664937551357403,0.0,22194.0,37.0,0.1693999999984237,31.6875,32.6875,37.110000000000014,0.0,0.0,0.0,0.0,0.0,20.0,0.3,0.1,0.2,0.1,0.4,0.1,0.1,0.1,0.5,0.0,65535.0,0.17630273899443047,0.0,65535.0,0.12263675898374914,0.0,0.0,0.0,0.0,0.0,0.0,0.0,0.0,0.0,0.0
104638.21,1.103621595172633,0.0,22194.0,37.0,0.15789999999843246,31.6875,32.6875,36.77000000000004,0.0,0.0,0.0,0.0,0.0,20.0,0.3,0.1,0.2,0.1,0.4,0.1,0.1,0.1,0.5,0.0,65535.0,0.1774166475928893,0.0,65535.0,0.12230106050202182,0.0,0.0,0.0,0.0,0.0,0.0,0.0,0.0,0.0,0.0
104698.28,1.0855753767595338,0.0,22194.0,37.0,0.1908999999984334,31.625,32.6875,36.79000000000002,0.0,0.0,0.0,0.0,0.0,20.0,0.3,0.1,0.2,0.1,0.4,0.1,0.1,0.1,0.5,0.0,65535.0,0.17648584725719083,0.0,65535.0,0.12185854886701762,0.0,0.0,0.0,0.0,0.0,0.0,0.0,0.0,0.0,0.0
104758.35,1.0598694697290731,0.0,22194.0,37.0,0.1699999999984223,31.6875,32.6875,36.77000000000004,0.0,0.0,0.0,0.0,0.0,20.0,0.3,0.1,0.2,0.1,0.4,0.1,0.1,0.1,0.5,0.0,65535.0,0.1765926604104677,0.0,65535.0,0.12246890974288548,0.0,0.0,0.0,0.0,0.0,0.0,0.0,0.0,0.0,0.0
104818.42,1.0897017367117827,0.0,22194.0,37.0,0.18799999999842185,31.6875,32.625,36.950000000000045,0.0,0.0,0.0,0.0,0.0,20.0,0.3,0.1,0.2,0.1,0.4,0.1,0.1,0.1,0.5,0.0,65535.0,0.17669947356374457,0.0,65535.0,0.12256046387426565,0.0,0.0,0.0,0.0,0.0,0.0,0.0,0.0,0.0,0.0
104878.51,1.0500118877031908,0.0,22194.0,37.0,0.21269999999842695,31.6875,32.75,36.77000000000004,0.0,0.0,0.0,0.0,0.0,20.0,0.3,0.1,0.2,0.1,0.4,0.1,0.1,0.1,0.5,0.0,65535.0,0.17550926985580223,0.0,65535.0,0.12184328984512093,0.0,0.0,0.0,0.0,0.0,0.0,0.0,0.0,0.0,0.0
104938.6,1.0801261547740468,0.0,22194.0,37.0,0.1299999999984277,31.6875,32.6875,36.950000000000045,0.0,0.0,0.0,0.0,0.0,20.0,0.3,0.1,0.2,0.1,0.4,0.1,0.1,0.1,0.5,0.0,65535.0,0.17688258182650493,0.0,65535.0,0.12222476539253833,0.0,0.0,0.0,0.0,0.0,0.0,0.0,0.0,0.0,0.0
104998.68,1.0603936664091662,0.0,22194.0,37.0,0.1796999999984243,31.6875,32.6875,36.89000000000004,0.0,0.0,0.0,0.0,0.0,20.0,0.3,0.1,0.2,0.1,0.4,0.1,0.1,0.1,0.5,0.0,65535.0,0.17528038452735178,0.0,65535.0,0.12227054245822842,0.0,0.0,0.0,0.0,0.0,0.0,0.0,0.0,0.0,0.0
105058.74,1.0580312387563835,0.0,22194.0,37.0,0.16529999999842315,31.6875,32.6875,36.81,0.0,0.0,0.0,0.0,0.0,20.0,0.3,0.1,0.2,0.1,0.4,0.1,0.1,0.1,0.5,0.0,65535.0,0.17677576867322806,0.0,65535.0,0.12248416876478217,0.0,0.0,0.0,0.0,0.0,0.0,0.0,0.0,0.0,0.0
105118.81,1.0576403562623031,0.0,22194.0,37.0,0.1634999999984222,31.75,32.6875,36.950000000000045,0.0,0.0,0.0,0.0,0.0,20.0,0.3,0.1,0.2,0.1,0.4,0.1,0.1,0.1,0.5,0.0,65535.0,0.17724879835202564,0.0,65535.0,0.12233157854581521,0.0,0.0,0.0,0.0,0.0,0.0,0.0,0.0,0.0,0.0
105178.87,1.0726621303461825,0.0,22194.0,37.0,0.16119999999842602,31.6875,32.6875,36.79000000000002,0.0,0.0,0.0,0.0,0.0,20.0,0.3,0.1,0.2,0.1,0.4,0.1,0.1,0.1,0.5,0.0,65535.0,0.17631799801632717,0.0,65535.0,0.12257572289616235,0.0,0.0,0.0,0.0,0.0,0.0,0.0,0.0,0.0,0.0
105238.91,1.0583727920933772,0.0,22194.0,37.0,0.2235999999984278,31.6875,32.75,36.870000000000005,0.0,0.0,0.0,0.0,0.0,20.0,0.3,0.1,0.2,0.1,0.4,0.1,0.1,0.1,0.5,0.0,65535.0,0.17584496833752958,0.0,65535.0,0.12256046387426565,0.0,0.0,0.0,0.0,0.0,0.0,0.0,0.0,0.0,0.0
105298.98,1.0959265495735862,0.0,22194.0,37.0,0.17509999999841508,31.6875,32.6875,36.89000000000004,0.0,0.0,0.0,0.0,0.0,20.0,0.3,0.1,0.2,0.1,0.4,0.1,0.1,0.1,0.5,0.0,65535.0,0.17668421454184788,0.0,65535.0,0.12307927061875334,0.0,0.0,0.0,0.0,0.0,0.0,0.0,0.0,0.0,0.0
105359.04,1.087927761935216,0.0,22194.0,37.0,0.15209999999841836,31.75,32.6875,37.13000000000005,0.0,0.0,0.0,0.0,0.0,20.0,0.3,0.1,0.2,0.1,0.4,0.1,0.1,0.1,0.5,0.0,65535.0,0.1769588769359884,0.0,65535.0,0.12289616235599297,0.0,0.0,0.0,0.0,0.0,0.0,0.0,0.0,0.0,0.0
105419.11,1.0427867488205027,0.0,22194.0,37.0,0.21179999999842006,31.6875,32.6875,36.93000000000001,0.0,0.0,0.0,0.0,0.0,20.0,0.3,0.1,0.2,0.1,0.4,0.1,0.1,0.1,0.5,0.0,65535.0,0.17676050965133136,0.0,65535.0,0.12281986724650949,0.0,0.0,0.0,0.0,0.0,0.0,0.0,0.0,0.0,0.0
105479.19,1.0940751072780635,0.0,22194.0,37.0,0.17969999999841826,31.75,32.6875,36.97000000000003,0.0,0.0,0.0,0.0,0.0,20.0,0.3,0.1,0.2,0.1,0.4,0.1,0.1,0.1,0.5,0.0,65535.0,0.17679102769512475,0.0,65535.0,0.12300297550926985,0.0,0.0,0.0,0.0,0.0,0.0,0.0,0.0,0.0,0.0
105539.25,1.110839378587846,0.0,22194.0,37.0,0.16879999999841228,31.6875,32.625,36.77000000000004,0.0,0.0,0.0,0.0,0.0,20.0,0.3,0.1,0.2,0.1,0.4,0.1,0.1,0.1,0.5,0.0,65535.0,0.17627222095063708,0.0,65535.0,0.12315556572823683,0.0,0.0,0.0,0.0,0.0,0.0,0.0,0.0,0.0,0.0
105599.28,1.05701056340292,0.0,22194.0,37.0,0.23299999999841328,31.75,32.6875,36.79000000000002,0.0,0.0,0.0,0.0,0.0,20.0,0.3,0.1,0.2,0.1,0.4,0.1,0.1,0.1,0.5,0.0,65535.0,0.17692835889219502,0.0,65535.0,0.12265201800564583,0.0,0.0,0.0,0.0,0.0,0.0,0.0,0.0,0.0,0.0
105659.32,1.0948844047769744,0.0,22194.0,37.0,0.18979999999841077,31.6875,32.6875,36.81,0.0,0.0,0.0,0.0,0.0,20.0,0.3,0.1,0.2,0.1,0.4,0.1,0.1,0.1,0.5,0.0,65535.0,0.17630273899443047,0.0,65535.0,0.12274357213702601,0.0,0.0,0.0,0.0,0.0,0.0,0.0,0.0,0.0,0.0
105719.37,1.0724118353069159,0.0,22194.0,37.0,0.1729999999984093,31.6875,32.6875,36.93000000000001,0.0,0.0,0.0,0.0,0.0,20.0,0.3,0.1,0.2,0.1,0.4,0.1,0.1,0.1,0.5,0.0,65535.0,0.17730983443961243,0.0,65535.0,0.12339971007858397,0.0,0.0,0.0,0.0,0.0,0.0,0.0,0.0,0.0,0.0
105779.41,1.0656436598934835,0.0,22194.0,37.0,0.149699999998412,31.75,32.625,37.05000000000001,0.0,0.0,0.0,0.0,0.0,20.0,0.3,0.1,0.2,0.1,0.4,0.1,0.1,0.1,0.5,0.0,65535.0,0.17807278553444725,0.0,65535.0,0.12344548714427406,0.0,0.0,0.0,0.0,0.0,0.0,0.0,0.0,0.0,0.0
105839.49,1.084423683395818,0.0,22194.0,37.0,0.19149999999841744,31.75,32.625,36.77000000000004,0.0,0.0,0.0,0.0,0.0,20.0,0.3,0.1,0.2,0.1,0.4,0.1,0.1,0.1,0.5,0.0,65535.0,0.17708094911116198,0.0,65535.0,0.12323186083772031,0.0,0.0,0.0,0.0,0.0,0.0,0.0,0.0,0.0,0.0
105899.56,1.0851462700249455,0.0,22194.0,37.0,0.1293999999984145,31.6875,32.6875,36.89000000000004,0.0,0.0,0.0,0.0,0.0,20.0,0.3,0.1,0.2,0.1,0.4,0.1,0.1,0.1,0.5,0.0,65535.0,0.1774013885709926,0.0,65535.0,0.12382696269169147,0.0,0.0,0.0,0.0,0.0,0.0,0.0,0.0,0.0,0.0
105959.65,1.1008397653924253,0.0,22194.0,37.0,0.16439999999841023,31.6875,32.6875,37.03000000000003,0.0,0.0,0.0,0.0,0.0,20.0,0.3,0.1,0.2,0.1,0.4,0.1,0.1,0.1,0.5,0.0,65535.0,0.17776760509651332,0.0,65535.0,0.1236743724727245,0.0,0.0,0.0,0.0,0.0,0.0,0.0,0.0,0.0,0.0
106019.72,1.0901375653862817,0.0,22194.0,37.0,0.14079999999841322,31.6875,32.6875,36.93000000000001,0.0,0.0,0.0,0.0,0.0,20.0,0.3,0.1,0.2,0.1,0.4,0.1,0.1,0.1,0.5,0.0,65535.0,0.17676050965133136,0.0,65535.0,0.12375066758220798,0.0,0.0,0.0,0.0,0.0,0.0,0.0,0.0,0.0,0.0
106079.77,1.0892830950685042,0.0,22194.0,37.0,0.23119999999840632,31.6875,32.625,36.89000000000004,0.0,0.0,0.0,0.0,0.0,20.0,0.3,0.1,0.2,0.1,0.4,0.1,0.1,0.1,0.5,0.0,65535.0,0.1770351720454719,0.0,65535.0,0.12361333638513772,0.0,0.0,0.0,0.0,0.0,0.0,0.0,0.0,0.0,0.0
106139.84,1.0828867875823254,0.0,22194.0,37.0,0.16089999999841256,31.6875,32.6875,36.85000000000002,0.0,0.0,0.0,0.0,0.0,20.0,0.3,0.1,0.2,0.1,0.4,0.1,0.1,0.1,0.5,0.0,65535.0,0.17688258182650493,0.0,65535.0,0.12414740215152209,0.0,0.0,0.0,0.0,0.0,0.0,0.0,0.0,0.0,0.0
106199.9,1.0826215515106963,0.0,22194.0,37.0,0.20449999999840388,31.6875,32.6875,36.89000000000004,0.0,0.0,0.0,0.0,0.0,20.0,0.3,0.1,0.2,0.1,0.4,0.1,0.1,0.1,0.5,0.0,65535.0,0.17737087052719921,0.0,65535.0,0.1240863660639353,0.0,0.0,0.0,0.0,0.0,0.0,0.0,0.0,0.0,0.0
106259.94,1.1065908259995534,0.0,22194.0,37.0,0.1264999999983995,31.75,32.6875,37.09000000000003,0.0,0.0,0.0,0.0,0.0,20.0,0.3,0.1,0.2,0.1,0.4,0.1,0.1,0.1,0.5,0.0,65535.0,0.1770199130235752,0.0,65535.0,0.12397955291065843,0.0,0.0,0.0,0.0,0.0,0.0,0.0,0.0,0.0,0.0
106319.97,1.1157017593989769,0.0,22194.0,37.0,0.1505999999984043,31.6875,32.6875,36.950000000000045,0.0,0.0,0.0,0.0,0.0,20.0,0.3,0.1,0.2,0.1,0.4,0.1,0.1,0.1,0.5,0.0,65535.0,0.17891203173876555,0.0,65535.0,0.124101625085832,0.0,0.0,0.0,0.0,0.0,0.0,0.0,0.0,0.0,0.0
106380.01,1.1050352737217066,0.0,22194.0,37.0,0.16999999999839915,31.6875,32.6875,36.870000000000005,0.0,0.0,0.0,0.0,0.0,20.0,0.3,0.1,0.2,0.1,0.4,0.1,0.1,0.1,0.5,0.0,65535.0,0.17727931639581904,0.0,65535.0,0.1241168841077287,0.0,0.0,0.0,0.0,0.0,0.0,0.0,0.0,0.0,0.0
106440.04,1.0842096917986503,0.0,22194.0,37.0,0.18449999999840358,31.6875,32.6875,36.97000000000003,0.0,0.0,0.0,0.0,0.0,20.0,0.3,0.1,0.2,0.1,0.4,0.1,0.1,0.1,0.5,0.0,65535.0,0.17776760509651332,0.0,65535.0,0.1241168841077287,0.0,0.0,0.0,0.0,0.0,0.0,0.0,0.0,0.0,0.0
106500.09,1.1066578056412053,0.0,22194.0,37.0,0.1717999999983975,31.6875,32.75,37.09000000000003,0.0,0.0,0.0,0.0,0.0,20.0,0.3,0.1,0.2,0.1,0.4,0.1,0.1,0.1,0.5,0.0,65535.0,0.17810330357824064,0.0,65535.0,0.12446784161135271,0.0,0.0,0.0,0.0,0.0,0.0,0.0,0.0,0.0,0.0
106560.13,1.0824474680204237,0.0,22194.0,37.0,0.18179999999840177,31.6875,32.6875,36.89000000000004,0.0,0.0,0.0,0.0,0.0,20.0,0.3,0.1,0.2,0.1,0.4,0.1,0.1,0.1,0.5,0.0,65535.0,0.17759975585564966,0.0,65535.0,0.1245136186770428,0.0,0.0,0.0,0.0,0.0,0.0,0.0,0.0,0.0,0.0
106620.21,1.0680246940603264,0.0,22194.0,37.0,0.17149999999839524,31.6875,32.6875,36.950000000000045,0.0,0.0,0.0,0.0,0.0,20.0,0.3,0.1,0.2,0.1,0.4,0.1,0.1,0.1,0.5,0.0,65535.0,0.17802700846875716,0.0,65535.0,0.12489509422446021,0.0,0.0,0.0,0.0,0.0,0.0,0.0,0.0,0.0,0.0
106680.24,1.1050702174561708,0.0,22194.0,37.0,0.20179999999839524,31.6875,32.625,36.89000000000004,0.0,0.0,0.0,0.0,0.0,20.0,0.3,0.1,0.2,0.1,0.4,0.1,0.1,0.1,0.5,0.0,65535.0,0.1782406347753109,0.0,65535.0,0.12477302204928664,0.0,0.0,0.0,0.0,0.0,0.0,0.0,0.0,0.0,0.0
106740.32,1.105288818880209,0.0,22194.0,37.0,0.16059999999840258,31.6875,32.6875,36.950000000000045,0.0,0.0,0.0,0.0,0.0,20.0,0.3,0.1,0.2,0.1,0.4,0.1,0.1,0.1,0.5,0.0,65535.0,0.17775234607461662,0.0,65535.0,0.12475776302738995,0.0,0.0,0.0,0.0,0.0,0.0,0.0,0.0,0.0,0.0
106800.38,1.076318570776382,0.0,22194.0,37.0,0.160299999998402,31.6875,32.625,36.870000000000005,0.0,0.0,0.0,0.0,0.0,20.0,0.3,0.1,0.2,0.1,0.4,0.1,0.1,0.1,0.5,0.0,65535.0,0.17761501487754636,0.0,65535.0,0.12460517280842298,0.0,0.0,0.0,0.0,0.0,0.0,0.0,0.0,0.0,0.0
106860.45,1.0940966379573795,0.0,22194.0,37.0,0.1469999999983956,31.6875,32.625,36.93000000000001,0.0,0.0,0.0,0.0,0.0,20.0,0.3,0.1,0.2,0.1,0.4,0.1,0.1,0.1,0.5,0.0,65535.0,0.1778133821622034,0.0,65535.0,0.12527656977187762,0.0,0.0,0.0,0.0,0.0,0.0,0.0,0.0,0.0,0.0
106920.53,1.1097292018164993,0.0,22194.0,37.0,0.16029999999840028,31.6875,32.6875,36.73000000000002,0.0,0.0,0.0,0.0,0.0,20.0,0.3,0.1,0.2,0.1,0.4,0.1,0.1,0.1,0.5,0.0,65535.0,0.17804226749065385,0.0,65535.0,0.12468146791790646,0.0,0.0,0.0,0.0,0.0,0.0,0.0,0.0,0.0,0.0
106980.6,1.0982785123001868,0.0,22194.0,37.0,0.18029999999839544,31.6875,32.6875,36.97000000000003,0.0,0.0,0.0,0.0,0.0,20.0,0.3,0.1,0.2,0.1,0.4,0.1,0.1,0.1,0.5,0.0,65535.0,0.17982757305256733,0.0,65535.0,0.12513923857480735,0.0,0.0,0.0,0.0,0.0,0.0,0.0,0.0,0.0,0.0
107040.67,1.080863044597284,0.0,22194.0,37.0,0.18559999999838975,31.625,32.6875,36.97000000000003,0.0,0.0,0.0,0.0,0.0,20.0,0.3,0.1,0.2,0.1,0.4,0.1,0.1,0.1,0.5,0.0,65535.0,0.1786831464103151,0.0,65535.0,0.12501716639963378,0.0,0.0,0.0,0.0,0.0,0.0,0.0,0.0,0.0,0.0
107100.7,1.1061800300479119,0.0,22194.0,37.0,0.2061999999983994,31.625,32.625,36.870000000000005,0.0,0.0,0.0,0.0,0.0,20.0,0.3,0.1,0.2,0.1,0.4,0.1,0.1,0.1,0.5,0.0,65535.0,0.17927824826428626,0.0,65535.0,0.12526131074998093,0.0,0.0,0.0,0.0,0.0,0.0,0.0,0.0,0.0,0.0
107160.77,1.0914188019644397,0.0,22194.0,37.0,0.22449999999839954,31.625,32.625,36.85000000000002,0.0,0.0,0.0,0.0,0.0,20.0,0.3,0.1,0.2,0.1,0.4,0.1,0.1,0.1,0.5,0.0,65535.0,0.17749294270237279,0.0,65535.0,0.12507820248722057,0.0,0.0,0.0,0.0,0.0,0.0,0.0,0.0,0.0,0.0
107220.85,1.1107283215427692,0.0,22194.0,37.0,0.18449999999839242,31.6875,32.6875,36.93000000000001,0.0,0.0,0.0,0.0,0.0,20.0,0.3,0.1,0.2,0.1,0.4,0.1,0.1,0.1,0.5,0.0,65535.0,0.17904936293583582,0.0,65535.0,0.12558175020981155,0.0,0.0,0.0,0.0,0.0,0.0,0.0,0.0,0.0,0.0
107280.89,1.0678695080678755,0.0,22194.0,37.0,0.1673999999983912,31.6875,32.625,36.89000000000004,0.0,0.0,0.0,0.0,0.0,20.0,0.3,0.1,0.2,0.1,0.4,0.1,0.1,0.1,0.5,0.0,65535.0,0.17756923781185627,0.0,65535.0,0.12521553368429084,0.0,0.0,0.0,0.0,0.0,0.0,0.0,0.0,0.0,0.0
107340.96,1.1017100565000937,0.0,22194.0,37.0,0.17209999999838524,31.6875,32.625,36.89000000000004,0.0,0.0,0.0,0.0,0.0,20.0,0.3,0.1,0.2,0.1,0.4,0.1,0.1,0.1,0.5,0.0,65535.0,0.17888151369497216,0.0,65535.0,0.12552071412222476,0.0,0.0,0.0,0.0,0.0,0.0,0.0,0.0,0.0,0.0
107401.03,1.0919334361111361,0.0,22194.0,37.0,0.18359999999838983,31.625,32.6875,37.210000000000036,0.0,0.0,0.0,0.0,0.0,20.0,0.3,0.1,0.2,0.1,0.4,0.1,0.1,0.1,0.5,0.0,65535.0,0.1791561760891127,0.0,65535.0,0.1262073701075761,0.0,0.0,0.0,0.0,0.0,0.0,0.0,0.0,0.0,0.0
107461.11,1.1210231480673711,0.0,22194.0,37.0,0.2038999999983847,31.6875,32.6875,36.93000000000001,0.0,0.0,0.0,0.0,0.0,20.0,0.3,0.1,0.2,0.1,0.4,0.1,0.1,0.1,0.5,0.0,65535.0,0.17840848401617457,0.0,65535.0,0.1262226291294728,0.0,0.0,0.0,0.0,0.0,0.0,0.0,0.0,0.0,0.0
107521.18,1.1007320886184953,0.0,22194.0,37.0,0.14029999999838144,31.6875,32.625,36.81,0.0,0.0,0.0,0.0,0.0,20.0,0.3,0.1,0.2,0.1,0.4,0.1,0.1,0.1,0.5,0.0,65535.0,0.1786831464103151,0.0,65535.0,0.12567330434119173,0.0,0.0,0.0,0.0,0.0,0.0,0.0,0.0,0.0,0.0
107581.21,1.1319351849334764,0.0,22194.0,37.0,0.17239999999838154,31.6875,32.625,36.97000000000003,0.0,0.0,0.0,0.0,0.0,20.0,0.3,0.1,0.2,0.1,0.4,0.1,0.1,0.1,0.5,0.0,65535.0,0.1778439002059968,0.0,65535.0,0.12642099641412985,0.0,0.0,0.0,0.0,0.0,0.0,0.0,0.0,0.0,0.0
107641.25,1.0958616594513297,0.0,22194.0,37.0,0.1717999999983804,31.625,32.625,36.77000000000004,0.0,0.0,0.0,0.0,0.0,20.0,0.3,0.1,0.2,0.1,0.4,0.1,0.1,0.1,0.5,0.0,65535.0,0.17891203173876555,0.0,65535.0,0.12547493705653467,0.0,0.0,0.0,0.0,0.0,0.0,0.0,0.0,0.0,0.0
107701.29,1.0878957993925127,0.0,22194.0,37.0,0.17449999999837965,31.6875,32.625,36.950000000000045,0.0,0.0,0.0,0.0,0.0,20.0,0.3,0.1,0.2,0.1,0.4,0.1,0.1,0.1,0.5,0.0,65535.0,0.18071259632257572,0.0,65535.0,0.1261921110856794,0.0,0.0,0.0,0.0,0.0,0.0,0.0,0.0,0.0,0.0
107761.35,1.118516932584111,0.0,22194.0,37.0,0.18419999999838418,31.6875,32.6875,37.03000000000003,0.0,0.0,0.0,0.0,0.0,20.0,0.3,0.1,0.2,0.1,0.4,0.1,0.1,0.1,0.5,0.0,65535.0,0.17842374303807126,0.0,65535.0,0.12547493705653467,0.0,0.0,0.0,0.0,0.0,0.0,0.0,0.0,0.0,0.0
107821.43,1.1007491151206787,0.0,22194.0,37.0,0.1873999999983787,31.6875,32.5625,36.77000000000004,0.0,0.0,0.0,0.0,0.0,20.0,0.3,0.1,0.2,0.1,0.4,0.1,0.1,0.1,0.5,0.0,65535.0,0.17843900205996796,0.0,65535.0,0.1262378881513695,0.0,0.0,0.0,0.0,0.0,0.0,0.0,0.0,0.0,0.0
107881.51,1.082825995285134,0.0,22194.0,37.0,0.2044999999983782,31.6875,32.625,36.97000000000003,0.0,0.0,0.0,0.0,0.0,20.0,0.3,0.1,0.2,0.1,0.4,0.1,0.1,0.1,0.5,0.0,65535.0,0.17821011673151751,0.0,65535.0,0.1262073701075761,0.0,0.0,0.0,0.0,0.0,0.0,0.0,0.0,0.0,0.0
107941.58,1.094541394322417,0.0,22194.0,37.0,0.1685999999983807,31.6875,32.625,36.77000000000004,0.0,0.0,0.0,0.0,0.0,20.0,0.3,0.1,0.2,0.1,0.4,0.1,0.1,0.1,0.5,0.0,65535.0,0.1787289234760052,0.0,65535.0,0.12767223620965895,0.0,0.0,0.0,0.0,0.0,0.0,0.0,0.0,0.0,0.0
108001.65,1.1372319665001411,0.0,22194.0,37.0,0.16409999999837968,31.75,32.625,37.03000000000003,0.0,0.0,0.0,0.0,0.0,20.0,0.3,0.1,0.2,0.1,0.4,0.1,0.1,0.1,0.5,0.0,65535.0,0.17938506141756314,0.0,65535.0,0.12632944228274967,0.0,0.0,0.0,0.0,0.0,0.0,0.0,0.0,0.0,0.0
108061.73,1.1300719301642919,0.0,22194.0,37.0,0.25039999999837736,31.6875,32.625,36.85000000000002,0.0,0.0,0.0,0.0,0.0,20.0,0.3,0.1,0.2,0.1,0.4,0.1,0.1,0.1,0.5,0.0,65535.0,0.17946135652704662,0.0,65535.0,0.12648203250171663,0.0,0.0,0.0,0.0,0.0,0.0,0.0,0.0,0.0,0.0
108121.77,1.1260913858383401,0.0,22194.0,37.0,0.19809999999838399,31.6875,32.625,36.89000000000004,0.0,0.0,0.0,0.0,0.0,20.0,0.3,0.1,0.2,0.1,0.4,0.1,0.1,0.1,0.5,0.0,65535.0,0.17856107423514153,0.0,65535.0,0.12613107499809262,0.0,0.0,0.0,0.0,0.0,0.0,0.0,0.0,0.0,0.0
108181.82,1.1386743347307056,0.0,22194.0,37.0,0.16449999999838186,31.6875,32.625,37.110000000000014,0.0,0.0048,0.25,0.0,0.0,20.0,0.3,0.1,0.2,0.1,0.4,0.1,0.1,0.1,0.5,0.0,65535.0,0.17848477912565805,0.0,65535.0,0.12593270771343557,0.0,0.0,0.0,0.0,0.0,0.0,0.0,0.0,0.0,0.0
108241.86,1.078063627955563,0.0,22194.0,37.0,0.30784999999837626,31.625,32.5625,36.53000000000003,0.0,0.0,0.0,0.0,0.0,20.0,0.3,0.1,0.2,0.1,0.4,0.1,0.1,0.1,0.5,0.0,65535.0,0.17631799801632717,0.0,65535.0,0.1241168841077287,0.0,0.0,0.0,0.0,0.0,0.0,0.0,0.0,0.0,0.0
108301.91,1.0646520711603429,0.0,22194.0,37.0,0.17709999999838064,31.625,32.625,36.89000000000004,0.0,0.0,0.0,0.0,0.0,20.0,0.3,0.1,0.2,0.1,0.4,0.1,0.1,0.1,0.5,0.0,65535.0,0.17497520408941786,0.0,65535.0,0.12359807736324102,0.0,0.0,0.0,0.0,0.0,0.0,0.0,0.0,0.0,0.0
108361.97,1.058274342368662,0.0,22194.0,37.0,0.16379999999837425,31.6875,32.5625,36.97000000000003,0.0,0.0,0.0,0.0,0.0,20.0,0.3,0.1,0.2,0.1,0.4,0.1,0.1,0.1,0.5,0.0,65535.0,0.1752498664835584,0.0,65535.0,0.12362859540703441,0.0,0.0,0.0,0.0,0.0,0.0,0.0,0.0,0.0,0.0
108422.01,1.0579715758642496,0.0,22194.0,37.0,0.16079999999837355,31.6875,32.625,36.950000000000045,0.0,0.0,0.0,0.0,0.0,20.0,0.3,0.1,0.2,0.1,0.4,0.1,0.1,0.1,0.5,0.0,65535.0,0.17544823376821544,0.0,65535.0,0.12356755931944763,0.0,0.0,0.0,0.0,0.0,0.0,0.0,0.0,0.0,0.0
108482.06,1.0820571098983045,0.0,22194.0,37.0,0.1892999999983735,31.6875,32.625,36.97000000000003,0.0,0.0,0.0,0.0,0.0,20.0,0.3,0.1,0.2,0.1,0.4,0.1,0.1,0.1,0.5,0.0,65535.0,0.17534142061493857,0.0,65535.0,0.12379644464789807,0.0,0.0,0.0,0.0,0.0,0.0,0.0,0.0,0.0,0.0
108542.13,1.0946625769681362,0.0,22194.0,37.0,0.19429999999836808,31.6875,32.625,36.950000000000045,0.0,0.0,0.0,0.0,0.0,20.0,0.3,0.1,0.2,0.1,0.4,0.1,0.1,0.1,0.5,0.0,65535.0,0.17547875181200884,0.0,65535.0,0.12414740215152209,0.0,0.0,0.0,0.0,0.0,0.0,0.0,0.0,0.0,0.0
108602.2,1.1006121744063084,0.0,22194.0,37.0,0.17839999999836664,31.6875,32.625,36.77000000000004,0.0,0.0,0.0,0.0,0.0,20.0,0.3,0.1,0.2,0.1,0.4,0.1,0.1,0.1,0.5,0.0,65535.0,0.175219348439765,0.0,65535.0,0.12481879911497673,0.0,0.0,0.0,0.0,0.0,0.0,0.0,0.0,0.0,0.0
108662.23,1.0510588840341208,0.0,22194.0,37.0,0.19579999999836586,31.6875,32.625,37.110000000000014,0.0,0.0,0.0,0.0,0.0,20.0,0.3,0.1,0.2,0.1,0.4,0.1,0.1,0.1,0.5,0.0,65535.0,0.17495994506752116,0.0,65535.0,0.1245288776989395,0.0,0.0,0.0,0.0,0.0,0.0,0.0,0.0,0.0,0.0
108722.31,1.107224575201317,0.0,22194.0,37.0,0.1545999999983732,31.6875,32.5625,37.09000000000003,0.0,0.0,0.0,0.0,0.0,20.0,0.3,0.1,0.2,0.1,0.4,0.1,0.1,0.1,0.5,0.0,65535.0,0.17509727626459143,0.0,65535.0,0.12417792019531548,0.0,0.0,0.0,0.0,0.0,0.0,0.0,0.0,0.0,0.0
108782.36,1.101499220166318,0.0,22194.0,37.0,0.15689999999836768,31.6875,32.625,36.97000000000003,0.0,0.0,0.0,0.0,0.0,20.0,0.3,0.1,0.2,0.1,0.4,0.1,0.1,0.1,0.5,0.0,65535.0,0.17712672617685207,0.0,65535.0,0.12475776302738995,0.0,0.0,0.0,0.0,0.0,0.0,0.0,0.0,0.0,0.0
108842.42,1.0488129752320694,0.0,22194.0,37.0,0.22809999999837482,31.75,32.625,36.950000000000045,0.0,0.0,0.0,0.0,0.0,20.0,0.3,0.1,0.2,0.1,0.4,0.1,0.1,0.1,0.5,0.0,65535.0,0.17509727626459143,0.0,65535.0,0.12462043183031968,0.0,0.0,0.0,0.0,0.0,0.0,0.0,0.0,0.0,0.0
108902.47,1.0985851277321568,0.0,22194.0,37.0,0.14479999999836105,31.6875,32.5625,36.690000000000055,0.0,0.0,0.0,0.0,0.0,20.0,0.3,0.1,0.2,0.1,0.4,0.1,0.1,0.1,0.5,0.0,65535.0,0.1756466010528725,0.0,65535.0,0.12469672693980316,0.0,0.0,0.0,0.0,0.0,0.0,0.0,0.0,0.0,0.0
108962.53,1.0790904886199781,0.0,22194.0,37.0,0.1514999999983649,31.6875,32.5625,36.81,0.0,0.0,0.0,0.0,0.0,20.0,0.3,0.1,0.2,0.1,0.4,0.1,0.1,0.1,0.5,0.0,65535.0,0.1761806668192569,0.0,65535.0,0.12443732356755932,0.0,0.0,0.0,0.0,0.0,0.0,0.0,0.0,0.0,0.0
109022.58,1.072232809871347,0.0,22194.0,37.0,0.19179999999837086,31.625,32.5625,36.93000000000001,0.0,0.0,0.0,0.0,0.0,20.0,0.3,0.1,0.2,0.1,0.4,0.1,0.1,0.1,0.5,0.0,65535.0,0.1747768368047608,0.0,65535.0,0.12457465476462959,0.0,0.0,0.0,0.0,0.0,0.0,0.0,0.0,0.0,0.0
109082.64,1.1070218412634878,0.0,22194.0,37.0,0.17119999999835947,31.625,32.625,36.79000000000002,0.0,0.0,0.0,0.0,0.0,20.0,0.3,0.1,0.2,0.1,0.4,0.1,0.1,0.1,0.5,0.0,65535.0,0.1765468833447776,0.0,65535.0,0.1253528648813611,0.0,0.0,0.0,0.0,0.0,0.0,0.0,0.0,0.0,0.0
109142.71,1.1271748640891097,0.0,22194.0,37.0,0.20769999999836974,31.6875,32.5625,36.85000000000002,0.0,0.0,0.0,0.0,0.0,20.0,0.3,0.1,0.2,0.1,0.4,0.1,0.1,0.1,0.5,0.0,65535.0,0.17590600442511636,0.0,65535.0,0.12480354009308003,0.0,0.0,0.0,0.0,0.0,0.0,0.0,0.0,0.0,0.0
109202.79,1.1021597638568204,0.0,22194.0,37.0,0.1953999999983684,31.625,32.5625,36.81,0.0,0.0,0.0,0.0,0.0,20.0,0.3,0.1,0.2,0.1,0.4,0.1,0.1,0.1,0.5,0.0,65535.0,0.17627222095063708,0.0,65535.0,0.12527656977187762,0.0,0.0,0.0,0.0,0.0,0.0,0.0,0.0,0.0,0.0
109262.86,1.1087832047042152,0.0,22194.0,37.0,0.16949999999836182,31.625,32.5625,36.85000000000002,0.0,0.0,0.0,0.0,0.0,20.0,0.3,0.1,0.2,0.1,0.4,0.1,0.1,0.1,0.5,0.0,65535.0,0.17593652246890976,0.0,65535.0,0.12547493705653467,0.0,0.0,0.0,0.0,0.0,0.0,0.0,0.0,0.0,0.0
109322.93,1.0773664577923685,0.0,22194.0,37.0,0.12059999999835941,31.625,32.625,36.950000000000045,0.0,0.0,0.0,0.0,0.0,20.0,0.3,0.1,0.2,0.1,0.4,0.1,0.1,0.1,0.5,0.0,65535.0,0.17691309987029832,0.0,65535.0,0.12489509422446021,0.0,0.0,0.0,0.0,0.0,0.0,0.0,0.0,0.0,0.0
109383.01,1.1052565664125724,0.0,22194.0,37.0,0.17939999999836106,31.6875,32.5625,36.97000000000003,0.0,0.0,0.0,0.0,0.0,20.0,0.3,0.1,0.2,0.1,0.4,0.1,0.1,0.1,0.5,0.0,65535.0,0.1756313420309758,0.0,65535.0,0.1262378881513695,0.0,0.0,0.0,0.0,0.0,0.0,0.0,0.0,0.0,0.0
109443.08,1.106003196904282,0.0,22194.0,37.0,0.18059999999835996,31.625,32.625,36.85000000000002,0.0,0.0,0.0,0.0,0.0,20.0,0.3,0.1,0.2,0.1,0.4,0.1,0.1,0.1,0.5,0.0,65535.0,0.17714198519874877,0.0,65535.0,0.1253528648813611,0.0,0.0,0.0,0.0,0.0,0.0,0.0,0.0,0.0,0.0
109503.15,1.0804924569747472,0.0,22194.0,37.0,0.14969999999835792,31.625,32.625,36.93000000000001,0.0,0.0,0.0,0.0,0.0,20.0,0.3,0.1,0.2,0.1,0.4,0.1,0.1,0.1,0.5,0.0,65535.0,0.17557030594338902,0.0,65535.0,0.12564278629739833,0.0,0.0,0.0,0.0,0.0,0.0,0.0,0.0,0.0,0.0
109563.22,1.0737070603035601,0.0,22194.0,37.0,0.25009999999835614,31.5625,32.625,37.09000000000003,0.0,0.0,0.0,0.0,0.0,20.0,0.3,0.1,0.2,0.1,0.4,0.1,0.1,0.1,0.5,0.0,65535.0,0.1756771190966659,0.0,65535.0,0.1253376058594644,0.0,0.0,0.0,0.0,0.0,0.0,0.0,0.0,0.0,0.0
109623.3,1.1123538827356514,0.0,22194.0,37.0,0.17449999999835214,31.5625,32.5625,37.03000000000003,0.0,0.0,0.0,0.0,0.0,20.0,0.3,0.1,0.2,0.1,0.4,0.1,0.1,0.1,0.5,0.0,65535.0,0.17627222095063708,0.0,65535.0,0.1257343404287785,0.0,0.0,0.0,0.0,0.0,0.0,0.0,0.0,0.0,0.0
109683.38,1.123849658715486,0.0,22194.0,37.0,0.18359999999835636,31.625,32.5625,36.89000000000004,0.0,0.0,0.0,0.0,0.0,20.0,0.3,0.1,0.2,0.1,0.4,0.1,0.1,0.1,0.5,0.0,65535.0,0.17683680476081484,0.0,65535.0,0.12611581597619592,0.0,0.0,0.0,0.0,0.0,0.0,0.0,0.0,0.0,0.0
109743.45,1.0838653338853925,0.0,22194.0,37.0,0.15059999999835452,31.625,32.5625,37.03000000000003,0.0,0.0,0.0,0.0,0.0,20.0,0.3,0.1,0.2,0.1,0.4,0.1,0.1,0.1,0.5,0.0,65535.0,0.17758449683375296,0.0,65535.0,0.12567330434119173,0.0,0.0,0.0,0.0,0.0,0.0,0.0,0.0,0.0,0.0
109803.53,1.0945097440939697,0.0,22194.0,37.0,0.14439999999835845,31.625,32.625,36.97000000000003,0.0,0.0,0.0,0.0,0.0,20.0,0.3,0.1,0.2,0.1,0.4,0.1,0.1,0.1,0.5,0.0,65535.0,0.1778744182497902,0.0,65535.0,0.12651255054551003,0.0,0.0,0.0,0.0,0.0,0.0,0.0,0.0,0.0,0.0
109863.58,1.102468751049022,0.0,22194.0,37.0,0.19119999999835935,31.625,32.5625,36.85000000000002,0.0,0.0,0.0,0.0,0.0,20.0,0.3,0.1,0.2,0.1,0.4,0.1,0.1,0.1,0.5,0.0,65535.0,0.17596704051270315,0.0,65535.0,0.12631418326085297,0.0,0.0,0.0,0.0,0.0,0.0,0.0,0.0,0.0,0.0
109923.64,1.08425755307839,0.0,22194.0,37.0,0.17999999999835362,31.625,32.625,36.77000000000004,0.0,0.0,0.0,0.0,0.0,20.0,0.3,0.1,0.2,0.1,0.4,0.1,0.1,0.1,0.5,0.0,65535.0,0.17680628671702145,0.0,65535.0,0.12599374380102235,0.0,0.0,0.0,0.0,0.0,0.0,0.0,0.0,0.0,0.0
109983.73,1.103904000601129,0.0,22194.0,37.0,0.18209999999835255,31.625,32.625,36.93000000000001,0.0,0.0,0.0,0.0,0.0,20.0,0.3,0.1,0.2,0.1,0.4,0.1,0.1,0.1,0.5,0.0,65535.0,0.17773708705271993,0.0,65535.0,0.12628366521705958,0.0,0.0,0.0,0.0,0.0,0.0,0.0,0.0,0.0,0.0
110043.81,1.126516183097087,0.0,22194.0,37.0,0.18059999999835136,31.625,32.5625,37.01000000000005,0.0,0.0,0.0,0.0,0.0,20.0,0.3,0.1,0.2,0.1,0.4,0.1,0.1,0.1,0.5,0.0,65535.0,0.17770656900892653,0.0,65535.0,0.12648203250171663,0.0,0.0,0.0,0.0,0.0,0.0,0.0,0.0,0.0,0.0
110103.85,1.0808383212410382,0.0,22194.0,37.0,0.20179999999834627,31.625,32.625,36.97000000000003,0.0,0.0,0.0,0.0,0.0,20.0,0.3,0.1,0.2,0.1,0.4,0.1,0.1,0.1,0.5,0.0,65535.0,0.1761196307316701,0.0,65535.0,0.12697032120241092,0.0,0.0,0.0,0.0,0.0,0.0,0.0,0.0,0.0,0.0
110163.9,1.0966850975635183,0.0,22194.0,37.0,0.15239999999834855,31.625,32.625,37.09000000000003,0.0,0.0,0.0,0.0,0.0,20.0,0.3,0.1,0.2,0.1,0.4,0.1,0.1,0.1,0.5,0.0,65535.0,0.17642481116960404,0.0,65535.0,0.12626840619516289,0.0,0.0,0.0,0.0,0.0,0.0,0.0,0.0,0.0,0.0
110223.98,1.1374096844154917,0.0,22194.0,37.0,0.15849999999835296,31.5625,32.625,36.93000000000001,0.0,0.0,0.0,0.0,0.0,20.0,0.3,0.1,0.2,0.1,0.4,0.1,0.1,0.1,0.5,0.0,65535.0,0.17808804455634394,0.0,65535.0,0.12677195391775387,0.0,0.0,0.0,0.0,0.0,0.0,0.0,0.0,0.0,0.0
110284.03,1.1186495655852358,0.0,22194.0,37.0,0.15879999999835268,31.625,32.5625,36.89000000000004,0.0,0.0,0.0,0.0,0.0,20.0,0.3,0.1,0.2,0.1,0.4,0.1,0.1,0.1,0.5,0.0,65535.0,0.17686732280460823,0.0,65535.0,0.1266041046768902,0.0,0.0,0.0,0.0,0.0,0.0,0.0,0.0,0.0,0.0
110344.1,1.0999047691910842,0.0,22194.0,37.0,0.1811999999983482,31.5625,32.5625,36.650000000000034,0.0,0.0,0.0,0.0,0.0,20.0,0.3,0.1,0.2,0.1,0.4,0.1,0.1,0.1,0.5,0.0,65535.0,0.17798123140306707,0.0,65535.0,0.12655832761120012,0.0,0.0,0.0,0.0,0.0,0.0,0.0,0.0,0.0,0.0
110404.17,1.1208174733309124,0.0,22194.0,37.0,0.20389999999834346,31.625,32.625,37.03000000000003,0.0,0.0,0.0,0.0,0.0,20.0,0.3,0.1,0.2,0.1,0.4,0.1,0.1,0.1,0.5,0.0,65535.0,0.17668421454184788,0.0,65535.0,0.1274433508812085,0.0,0.0,0.0,0.0,0.0,0.0,0.0,0.0,0.0,0.0
110464.24,1.1217422102984118,0.0,22194.0,37.0,0.16439999999834584,31.625,32.5625,36.77000000000004,0.0,0.0,0.0,0.0,0.0,20.0,0.3,0.1,0.2,0.1,0.4,0.1,0.1,0.1,0.5,0.0,65535.0,0.17770656900892653,0.0,65535.0,0.12677195391775387,0.0,0.0,0.0,0.0,0.0,0.0,0.0,0.0,0.0,0.0
110524.28,1.091450354786726,0.0,22194.0,37.0,0.20709999999835133,31.6875,32.5625,36.950000000000045,0.0,0.0,0.0,0.0,0.0,20.0,0.3,0.1,0.2,0.1,0.4,0.1,0.1,0.1,0.5,0.0,65535.0,0.17692835889219502,0.0,65535.0,0.1283283741512169,0.0,0.0,0.0,0.0,0.0,0.0,0.0,0.0,0.0,0.0
110584.33,1.0995543005938462,0.0,22194.0,37.0,0.14379999999834864,31.625,32.625,37.05000000000001,0.0,0.0,0.0,0.0,0.0,20.0,0.3,0.1,0.2,0.1,0.4,0.1,0.1,0.1,0.5,0.0,65535.0,0.17755397878995957,0.0,65535.0,0.12767223620965895,0.0,0.0,0.0,0.0,0.0,0.0,0.0,0.0,0.0,0.0
110644.39,1.108521610772423,0.0,22194.0,37.0,0.16819999999833896,31.625,32.5625,36.79000000000002,0.0,0.0,0.0,0.0,0.0,20.0,0.3,0.1,0.2,0.1,0.4,0.1,0.1,0.1,0.5,0.0,65535.0,0.17712672617685207,0.0,65535.0,0.12738231479362172,0.0,0.0,0.0,0.0,0.0,0.0,0.0,0.0,0.0,0.0
110704.46,1.1134110372810733,0.0,22194.0,37.0,0.14909999999834211,31.5625,32.5625,36.77000000000004,0.0,0.0,0.0,0.0,0.0,20.0,0.3,0.1,0.2,0.1,0.4,0.1,0.1,0.1,0.5,0.0,65535.0,0.17758449683375296,0.0,65535.0,0.12730601968413824,0.0,0.0,0.0,0.0,0.0,0.0,0.0,0.0,0.0,0.0
110764.52,1.12686333185564,0.0,22194.0,37.0,0.19089999999834756,31.5625,32.625,36.710000000000036,0.0,0.0,0.0,0.0,0.0,20.0,0.3,0.1,0.2,0.1,0.4,0.1,0.1,0.1,0.5,0.0,65535.0,0.1786831464103151,0.0,65535.0,0.12762645914396886,0.0,0.0,0.0,0.0,0.0,0.0,0.0,0.0,0.0,0.0
110824.56,1.094813266362307,0.0,22194.0,37.0,0.1199999999983393,31.625,32.5625,36.97000000000003,0.0,0.0,0.0,0.0,0.0,20.0,0.3,0.1,0.2,0.1,0.4,0.1,0.1,0.1,0.5,0.0,65535.0,0.1766079194323644,0.0,65535.0,0.1274280918593118,0.0,0.0,0.0,0.0,0.0,0.0,0.0,0.0,0.0,0.0
110884.61,1.0942357300899397,0.0,22194.0,37.0,0.126699999998344,31.5625,32.5625,36.73000000000002,0.0,0.0,0.0,0.0,0.0,20.0,0.3,0.1,0.2,0.1,0.4,0.1,0.1,0.1,0.5,0.0,65535.0,0.17755397878995957,0.0,65535.0,0.1274586099031052,0.0,0.0,0.0,0.0,0.0,0.0,0.0,0.0,0.0,0.0
110944.65,1.0927179648953564,0.0,22194.0,37.0,0.15819999999834464,31.625,32.5625,36.950000000000045,0.0,0.0,0.0,0.0,0.0,20.0,0.3,0.1,0.2,0.1,0.4,0.1,0.1,0.1,0.5,0.0,65535.0,0.1770504310673686,0.0,65535.0,0.12805371175707636,0.0,0.0,0.0,0.0,0.0,0.0,0.0,0.0,0.0,0.0
111004.74,1.1154432669424252,0.0,22194.0,37.0,0.16439999999833899,31.625,32.625,36.85000000000002,0.0,0.0,0.0,0.0,0.0,20.0,0.3,0.1,0.2,0.1,0.4,0.1,0.1,0.1,0.5,0.0,65535.0,0.17723353933012895,0.0,65535.0,0.12776379034103913,0.0,0.0,0.0,0.0,0.0,0.0,0.0,0.0,0.0,0.0
111064.83,1.1355579727969183,0.0,22194.0,37.0,0.16909999999833303,31.625,32.625,36.710000000000036,0.0,0.0,0.0,0.0,0.0,20.0,0.3,0.1,0.2,0.1,0.4,0.1,0.1,0.1,0.5,0.0,65535.0,0.17732509346150913,0.0,65535.0,0.1287098496986343,0.0,0.0,0.0,0.0,0.0,0.0,0.0,0.0,0.0,0.0
111124.91,1.0827310585881007,0.0,22194.0,37.0,0.22179999999834366,31.5625,32.625,36.710000000000036,0.0,0.0,0.0,0.0,0.0,20.0,0.3,0.1,0.2,0.1,0.4,0.1,0.1,0.1,0.5,0.0,65535.0,0.17851529716945144,0.0,65535.0,0.12884718089570457,0.0,0.0,0.0,0.0,0.0,0.0,0.0,0.0,0.0,0.0
111185.0,1.124918481589376,0.0,22194.0,37.0,0.17209999999833117,31.5625,32.5625,36.79000000000002,0.0,0.0,0.0,0.0,0.0,20.0,0.3,0.1,0.2,0.1,0.4,0.1,0.1,0.1,0.5,0.0,65535.0,0.177431906614786,0.0,65535.0,0.12802319371328297,0.0,0.0,0.0,0.0,0.0,0.0,0.0,0.0,0.0,0.0
111245.04,1.1302502494684923,0.0,22194.0,37.0,0.13819999999832847,31.625,32.5625,36.950000000000045,0.0,0.0,0.0,0.0,0.0,20.0,0.3,0.1,0.2,0.1,0.4,0.1,0.1,0.1,0.5,0.0,65535.0,0.17721828030823225,0.0,65535.0,0.12849622339208056,0.0,0.0,0.0,0.0,0.0,0.0,0.0,0.0,0.0,0.0
111305.11,1.119240742931789,0.0,22194.0,37.0,0.20149999999832943,31.5625,32.625,36.79000000000002,0.0,0.0,0.0,0.0,0.0,20.0,0.3,0.1,0.2,0.1,0.4,0.1,0.1,0.1,0.5,0.0,65535.0,0.17761501487754636,0.0,65535.0,0.12861829556725413,0.0,0.0,0.0,0.0,0.0,0.0,0.0,0.0,0.0,0.0
111365.19,1.092038114035328,0.0,22194.0,37.0,0.1276999999983255,31.5625,32.5625,36.870000000000005,0.0,0.0,0.0,0.0,0.0,20.0,0.3,0.1,0.2,0.1,0.4,0.1,0.1,0.1,0.5,0.0,65535.0,0.1774624246585794,0.0,65535.0,0.12806897077897306,0.0,0.0,0.0,0.0,0.0,0.0,0.0,0.0,0.0,0.0
111425.27,1.110020001073532,0.0,22194.0,37.0,0.17359999999832637,31.5625,32.625,36.97000000000003,0.0,0.0,0.0,0.0,0.0,20.0,0.3,0.1,0.2,0.1,0.4,0.1,0.1,0.1,0.5,0.0,65535.0,0.1786678873884184,0.0,65535.0,0.12819104295414663,0.0,0.0,0.0,0.0,0.0,0.0,0.0,0.0,0.0,0.0
111485.31,1.1087518324354613,0.0,22194.0,37.0,0.15419999999832978,31.625,32.5625,36.89000000000004,0.0,0.0,0.0,0.0,0.0,20.0,0.3,0.1,0.2,0.1,0.4,0.1,0.1,0.1,0.5,0.0,65535.0,0.17805752651255055,0.0,65535.0,0.12852674143587395,0.0,0.0,0.0,0.0,0.0,0.0,0.0,0.0,0.0,0.0
111545.38,1.1189020337938023,0.0,22194.0,37.0,0.190699999998325,31.625,32.5625,36.870000000000005,0.0,0.0,0.0,0.0,0.0,20.0,0.3,0.1,0.2,0.1,0.4,0.1,0.1,0.1,0.5,0.0,65535.0,0.17837796597238118,0.0,65535.0,0.1287098496986343,0.0,0.0,0.0,0.0,0.0,0.0,0.0,0.0,0.0,0.0
111605.44,1.105553968722324,0.0,22194.0,37.0,0.16479999999833264,31.625,32.625,36.870000000000005,0.0,0.0,0.0,0.0,0.0,20.0,0.3,0.1,0.2,0.1,0.4,0.1,0.1,0.1,0.5,0.0,65535.0,0.17856107423514153,0.0,65535.0,0.12794689860379949,0.0,0.0,0.0,0.0,0.0,0.0,0.0,0.0,0.0,0.0
111665.52,1.131793309726128,0.0,22194.0,37.0,0.17659999999832277,31.625,32.625,37.13000000000005,0.0,0.0,0.0,0.0,0.0,20.0,0.3,0.1,0.2,0.1,0.4,0.1,0.1,0.1,0.5,0.0,65535.0,0.1786526283665217,0.0,65535.0,0.12941176470588237,0.0,0.0,0.0,0.0,0.0,0.0,0.0,0.0,0.0,0.0
111725.55,1.1421685138876108,0.0,22194.0,37.0,0.1703999999983267,31.6875,32.625,36.93000000000001,0.0,0.0,0.0,0.0,0.0,20.0,0.3,0.1,0.2,0.1,0.4,0.1,0.1,0.1,0.5,0.0,65535.0,0.17862211032272832,0.0,65535.0,0.12889295796139466,0.0,0.0,0.0,0.0,0.0,0.0,0.0,0.0,0.0,0.0
111785.59,1.131527594572177,0.0,22194.0,37.0,0.1626999999983303,31.625,32.625,36.89000000000004,0.0,0.0,0.0,0.0,0.0,20.0,0.3,0.1,0.2,0.1,0.4,0.1,0.1,0.1,0.5,0.0,65535.0,0.17860685130083162,0.0,65535.0,0.1292591744869154,0.0,0.0,0.0,0.0,0.0,0.0,0.0,0.0,0.0,0.0
111845.64,1.1313049927504426,0.0,22194.0,37.0,0.18889999999832066,31.625,32.5625,36.950000000000045,0.0,0.0,0.0,0.0,0.0,20.0,0.3,0.1,0.2,0.1,0.4,0.1,0.1,0.1,0.5,0.0,65535.0,0.17726405737392234,0.0,65535.0,0.1286945906767376,0.0,0.0,0.0,0.0,0.0,0.0,0.0,0.0,0.0,0.0
111905.7,1.1022015978737325,0.0,22194.0,37.0,0.13299999999832715,31.625,32.625,36.690000000000055,0.0,0.0,0.0,0.0,0.0,20.0,0.3,0.1,0.2,0.1,0.4,0.1,0.1,0.1,0.5,0.0,65535.0,0.1787136644541085,0.0,65535.0,0.12912184328984513,0.0,0.0,0.0,0.0,0.0,0.0,0.0,0.0,0.0,0.0
111965.8,1.0967783330027967,0.0,22194.0,37.0,0.118499999998321,31.625,32.5625,36.93000000000001,0.0,0.0,0.0,0.0,0.0,20.0,0.3,0.1,0.2,0.1,0.4,0.1,0.1,0.1,0.5,0.0,65535.0,0.17895780880445564,0.0,65535.0,0.12884718089570457,0.0,0.0,0.0,0.0,0.0,0.0,0.0,0.0,0.0,0.0
112025.88,1.111333363439504,0.0,22194.0,37.0,0.17879999999832216,31.625,32.5625,37.01000000000005,0.0,0.0,0.0,0.0,0.0,20.0,0.3,0.1,0.2,0.1,0.4,0.1,0.1,0.1,0.5,0.0,65535.0,0.17737087052719921,0.0,65535.0,0.1287861448081178,0.0,0.0,0.0,0.0,0.0,0.0,0.0,0.0,0.0,0.0
112085.94,1.1026660813022313,0.0,22194.0,37.0,0.16939999999831565,31.625,32.5625,36.710000000000036,0.0,0.0,0.0,0.0,0.0,20.0,0.3,0.1,0.2,0.1,0.4,0.1,0.1,0.1,0.5,0.0,65535.0,0.1791103990234226,0.0,65535.0,0.12976272220950638,0.0,0.0,0.0,0.0,0.0,0.0,0.0,0.0,0.0,0.0
112146.01,1.1529875315049714,0.0,22194.0,37.0,0.22179999999832653,31.625,32.5625,36.870000000000005,0.0,0.0,0.0,0.0,0.0,20.0,0.3,0.1,0.2,0.1,0.4,0.1,0.1,0.1,0.5,0.0,65535.0,0.17776760509651332,0.0,65535.0,0.12945754177157245,0.0,0.0,0.0,0.0,0.0,0.0,0.0,0.0,0.0,0.0
112206.09,1.1292492662704823,0.0,22194.0,37.0,0.23509999999831616,31.625,32.5625,36.77000000000004,0.0,0.0,0.0,0.0,0.0,20.0,0.3,0.1,0.2,0.1,0.4,0.1,0.1,0.1,0.5,0.0,65535.0,0.17808804455634394,0.0,65535.0,0.12904554818036165,0.0,0.0,0.0,0.0,0.0,0.0,0.0,0.0,0.0,0.0
112266.15,1.1310858012608167,0.0,22194.0,37.0,0.1688999999983178,31.625,32.5625,36.97000000000003,0.0,0.0,0.0,0.0,0.0,20.0,0.3,0.1,0.2,0.1,0.4,0.1,0.1,0.1,0.5,0.0,65535.0,0.17853055619134814,0.0,65535.0,0.12956435492484933,0.0,0.0,0.0,0.0,0.0,0.0,0.0,0.0,0.0,0.0
112326.23,1.1393054850729896,0.0,22194.0,37.0,0.1835999999983178,31.625,32.5625,36.97000000000003,0.0,0.0,0.0,0.0,0.0,20.0,0.3,0.1,0.2,0.1,0.4,0.1,0.1,0.1,0.5,0.0,65535.0,0.17833218890669109,0.0,65535.0,0.1297169451438163,0.0,0.0,0.0,0.0,0.0,0.0,0.0,0.0,0.0,0.0
112386.31,1.1328229436869086,0.0,22194.0,37.0,0.19419999999832235,31.625,32.5625,37.110000000000014,0.0,0.0,0.0,0.0,0.0,20.0,0.3,0.1,0.2,0.1,0.4,0.1,0.1,0.1,0.5,0.0,65535.0,0.1799343862058442,0.0,65535.0,0.1305104142824445,0.0,0.0,0.0,0.0,0.0,0.0,0.0,0.0,0.0,0.0
112446.38,1.127445661810681,0.0,22194.0,37.0,0.16829999999831577,31.625,32.5625,37.09000000000003,0.0,0.0,0.0,0.0,0.0,20.0,0.3,0.1,0.2,0.1,0.4,0.1,0.1,0.1,0.5,0.0,65535.0,0.17969024185549706,0.0,65535.0,0.1296864271000229,0.0,0.0,0.0,0.0,0.0,0.0,0.0,0.0,0.0,0.0
112506.45,1.1449835391198742,0.0,22194.0,37.0,0.17999999999831506,31.625,32.625,36.77000000000004,0.0,0.0,0.0,0.0,0.0,20.0,0.3,0.1,0.2,0.1,0.4,0.1,0.1,0.1,0.5,0.0,65535.0,0.17970550087739376,0.0,65535.0,0.1292591744869154,0.0,0.0,0.0,0.0,0.0,0.0,0.0,0.0,0.0,0.0
112566.52,1.1089236608298183,0.0,22194.0,37.0,0.18089999999831424,31.5625,32.5625,36.870000000000005,0.0,0.0,0.0,0.0,0.0,20.0,0.3,0.1,0.2,0.1,0.4,0.1,0.1,0.1,0.5,0.0,65535.0,0.17979705500877394,0.0,65535.0,0.1301289387350271,0.0,0.0,0.0,0.0,0.0,0.0,0.0,0.0,0.0,0.0
112626.59,1.104344753214452,0.0,22194.0,37.0,0.16999999999830825,31.625,32.5625,36.93000000000001,0.0,0.0,0.0,0.0,0.0,20.0,0.3,0.1,0.2,0.1,0.4,0.1,0.1,0.1,0.5,0.0,65535.0,0.1786678873884184,0.0,65535.0,0.13028152895399406,0.0,0.0,0.0,0.0,0.0,0.0,0.0,0.0,0.0,0.0
112686.67,1.146112615584402,0.0,22194.0,37.0,0.11759999999830986,31.625,32.5625,36.81,0.0,0.0,0.0,0.0,0.0,20.0,0.3,0.1,0.2,0.1,0.4,0.1,0.1,0.1,0.5,0.0,65535.0,0.1786984054322118,0.0,65535.0,0.13000686655985352,0.0,0.0,0.0,0.0,0.0,0.0,0.0,0.0,0.0,0.0
112746.75,1.142309497918538,0.0,22194.0,37.0,0.16819999999830562,31.625,32.5625,36.81,0.0,0.0,0.0,0.0,0.0,20.0,0.3,0.1,0.2,0.1,0.4,0.1,0.1,0.1,0.5,0.0,65535.0,0.17978179598687724,0.0,65535.0,0.13029678797589075,0.0,0.0,0.0,0.0,0.0,0.0,0.0,0.0,0.0,0.0
112806.81,1.155985135765722,0.0,22194.0,37.0,0.17699999999831012,31.5625,32.5625,36.79000000000002,0.0,0.0,0.0,0.0,0.0,20.0,0.3,0.1,0.2,0.1,0.4,0.1,0.1,0.1,0.5,0.0,65535.0,0.18103303578240634,0.0,65535.0,0.13118181124589914,0.0,0.0,0.0,0.0,0.0,0.0,0.0,0.0,0.0,0.0
112866.89,1.1338814452028547,0.0,22194.0,37.0,0.14109999999831263,31.5625,32.5625,36.870000000000005,0.0,0.0,0.0,0.0,0.0,20.0,0.3,0.1,0.2,0.1,0.4,0.1,0.1,0.1,0.5,0.0,65535.0,0.17970550087739376,0.0,65535.0,0.13069352254520486,0.0,0.0,0.0,0.0,0.0,0.0,0.0,0.0,0.0,0.0
112926.99,1.1547030200436645,0.0,22194.0,37.0,0.24359999999831064,31.5625,32.5625,36.63000000000005,0.0,0.0,0.0,0.0,0.0,20.0,0.3,0.1,0.2,0.1,0.4,0.1,0.1,0.1,0.5,0.0,65535.0,0.17961394674601358,0.0,65535.0,0.13087663080796522,0.0,0.0,0.0,0.0,0.0,0.0,0.0,0.0,0.0,0.0
112987.09,1.1342398981153012,0.0,22194.0,37.0,0.20479999999830328,31.5625,32.5625,37.01000000000005,0.0,0.0,0.0,0.0,0.0,20.0,0.3,0.1,0.2,0.1,0.4,0.1,0.1,0.1,0.5,0.0,65535.0,0.17900358587014573,0.0,65535.0,0.1305256733043412,0.0,0.0,0.0,0.0,0.0,0.0,0.0,0.0,0.0,0.0
113047.17,1.1259607955142212,0.0,22194.0,37.0,0.12269999999830433,31.625,32.5625,36.950000000000045,0.0,0.0,0.0,0.0,0.0,20.0,0.3,0.1,0.2,0.1,0.4,0.1,0.1,0.1,0.5,0.0,65535.0,0.17878995956359198,0.0,65535.0,0.13076981765468834,0.0,0.0,0.0,0.0,0.0,0.0,0.0,0.0,0.0,0.0
113107.21,1.1139872589282815,0.0,22194.0,37.0,0.19119999999831136,31.5625,32.5625,36.870000000000005,0.0,0.0,0.0,0.0,0.0,20.0,0.3,0.1,0.2,0.1,0.4,0.1,0.1,0.1,0.5,0.0,65535.0,0.17894254978255894,0.0,65535.0,0.13130388342107271,0.0,0.0,0.0,0.0,0.0,0.0,0.0,0.0,0.0,0.0
113167.27,1.1357401918838166,0.0,22194.0,37.0,0.1938999999983106,31.5625,32.5625,37.03000000000003,0.0,0.0,0.0,0.0,0.0,20.0,0.3,0.1,0.2,0.1,0.4,0.1,0.1,0.1,0.5,0.0,65535.0,0.17927824826428626,0.0,65535.0,0.13101396200503548,0.0,0.0,0.0,0.0,0.0,0.0,0.0,0.0,0.0,0.0
113227.34,1.1180382596973477,0.0,22194.0,37.0,0.17419999999829924,31.625,32.5625,36.93000000000001,0.0,0.0,0.0,0.0,0.0,20.0,0.3,0.1,0.2,0.1,0.4,0.1,0.1,0.1,0.5,0.0,65535.0,0.17940032043945983,0.0,65535.0,0.13104448004882888,0.0,0.0,0.0,0.0,0.0,0.0,0.0,0.0,0.0,0.0
113287.41,1.139257826323623,0.0,22194.0,37.0,0.17209999999829775,31.5625,32.5625,36.81,0.0,0.0,0.0,0.0,0.0,20.0,0.3,0.1,0.2,0.1,0.4,0.1,0.1,0.1,0.5,0.0,65535.0,0.17970550087739376,0.0,65535.0,0.13105973907072557,0.0,0.0,0.0,0.0,0.0,0.0,0.0,0.0,0.0,0.0
113347.49,1.1139284618802132,0.0,22194.0,37.0,0.18239999999830175,31.625,32.5,37.01000000000005,0.0,0.0,0.0,0.0,0.0,20.0,0.3,0.1,0.2,0.1,0.4,0.1,0.1,0.1,0.5,0.0,65535.0,0.17967498283360037,0.0,65535.0,0.1313344014648661,0.0,0.0,0.0,0.0,0.0,0.0,0.0,0.0,0.0,0.0
113407.6,1.1092043795841715,0.0,22194.0,37.0,0.20359999999829667,31.5,32.5,36.85000000000002,0.0,0.0,0.0,0.0,0.0,20.0,0.3,0.1,0.2,0.1,0.4,0.1,0.1,0.1,0.5,0.0,65535.0,0.1799191271839475,0.0,65535.0,0.13148699168383307,0.0,0.0,0.0,0.0,0.0,0.0,0.0,0.0,0.0,0.0
113467.69,1.1296376049913648,0.0,22194.0,37.0,0.18449999999829983,31.625,32.5,36.81,0.0,0.0,0.0,0.0,0.0,20.0,0.3,0.1,0.2,0.1,0.4,0.1,0.1,0.1,0.5,0.0,65535.0,0.18059052414740215,0.0,65535.0,0.13159380483710995,0.0,0.0,0.0,0.0,0.0,0.0,0.0,0.0,0.0,0.0
113527.76,1.1202733931488886,0.0,22194.0,37.0,0.18949999999829442,31.625,32.5,36.93000000000001,0.0,0.0,0.0,0.0,0.0,20.0,0.3,0.1,0.2,0.1,0.4,0.1,0.1,0.1,0.5,0.0,65535.0,0.18046845197222858,0.0,65535.0,0.1309987029831388,0.0,0.0,0.0,0.0,0.0,0.0,0.0,0.0,0.0,0.0
113587.84,1.1381879179374943,0.0,22194.0,37.0,0.17239999999829236,31.5625,32.5625,37.03000000000003,0.0,0.0,0.0,0.0,0.0,20.0,0.3,0.1,0.2,0.1,0.4,0.1,0.1,0.1,0.5,0.0,65535.0,0.18017853055619135,0.0,65535.0,0.1318226901655604,0.0,0.0,0.0,0.0,0.0,0.0,0.0,0.0,0.0,0.0
113647.88,1.1187193949252743,0.0,22194.0,37.0,0.13999999999829,31.625,32.5,37.01000000000005,0.0,0.0,0.0,0.0,0.0,20.0,0.3,0.1,0.2,0.1,0.4,0.1,0.1,0.1,0.5,0.0,65535.0,0.18089570458533608,0.0,65535.0,0.1317311360341802,0.0,0.0,0.0,0.0,0.0,0.0,0.0,0.0,0.0,0.0
113707.95,1.108949670285405,0.0,22194.0,37.0,0.20119999999829116,31.5625,32.5625,36.79000000000002,0.0,0.0,0.0,0.0,0.0,20.0,0.3,0.1,0.2,0.1,0.4,0.1,0.1,0.1,0.5,0.0,65535.0,0.17975127794308385,0.0,65535.0,0.1325856412603952,0.0,0.0,0.0,0.0,0.0,0.0,0.0,0.0,0.0,0.0
113768.06,1.1784130177776213,0.0,22194.0,37.0,0.1938999999982995,31.5625,32.5625,36.97000000000003,0.0,0.0,0.0,0.0,0.0,20.0,0.3,0.1,0.2,0.1,0.4,0.1,0.1,0.1,0.5,0.0,65535.0,0.17978179598687724,0.0,65535.0,0.13159380483710995,0.0,0.0,0.0,0.0,0.0,0.0,0.0,0.0,0.0,0.0
113828.13,1.1460486698407286,0.0,22194.0,37.0,0.2100999999982998,31.625,32.5625,36.870000000000005,0.0,0.0,0.0,0.0,0.0,20.0,0.3,0.1,0.2,0.1,0.4,0.1,0.1,0.1,0.5,0.0,65535.0,0.1799496452277409,0.0,65535.0,0.13244831006332494,0.0,0.0,0.0,0.0,0.0,0.0,0.0,0.0,0.0,0.0
113888.21,1.1563891916482758,0.0,22194.0,37.0,0.17659999999828765,31.5625,32.5,36.950000000000045,0.0,0.0,0.0,0.0,0.0,20.0,0.3,0.1,0.2,0.1,0.4,0.1,0.1,0.1,0.5,0.0,65535.0,0.18065156023498893,0.0,65535.0,0.13162432288090334,0.0,0.0,0.0,0.0,0.0,0.0,0.0,0.0,0.0,0.0
113948.31,1.1535996241677071,0.0,22194.0,37.0,0.12389999999828955,31.5625,32.5,36.97000000000003,0.0,0.0,0.0,0.0,0.0,20.0,0.3,0.1,0.2,0.1,0.4,0.1,0.1,0.1,0.5,0.0,65535.0,0.18005645838101778,0.0,65535.0,0.1318074311436637,0.0,0.0,0.0,0.0,0.0,0.0,0.0,0.0,0.0,0.0
114008.39,1.1065758228620404,0.0,22194.0,37.0,0.16509999999829555,31.625,32.5,37.03000000000003,0.0,0.0,0.0,0.0,0.0,20.0,0.3,0.1,0.2,0.1,0.4,0.1,0.1,0.1,0.5,0.0,65535.0,0.18045319295033188,0.0,65535.0,0.13214312962539101,0.0,0.0,0.0,0.0,0.0,0.0,0.0,0.0,0.0,0.0
114068.48,1.150996261062313,0.0,22194.0,37.0,0.16829999999829007,31.6875,32.5625,36.97000000000003,0.0,0.0,0.0,0.0,0.0,20.0,0.3,0.1,0.2,0.1,0.4,0.1,0.1,0.1,0.5,0.0,65535.0,0.18017853055619135,0.0,65535.0,0.13186846723125048,0.0,0.0,0.0,0.0,0.0,0.0,0.0,0.0,0.0,0.0
114128.55,1.1678596883734687,0.0,22194.0,37.0,0.18209999999829002,31.625,32.5,36.97000000000003,0.0,0.0,0.0,0.0,0.0,20.0,0.3,0.1,0.2,0.1,0.4,0.1,0.1,0.1,0.5,0.0,65535.0,0.17973601892118715,0.0,65535.0,0.13186846723125048,0.0,0.0,0.0,0.0,0.0,0.0,0.0,0.0,0.0,0.0
114188.63,1.1290937799746643,0.0,22194.0,37.0,0.13999999999828228,31.625,32.5,36.89000000000004,0.0,0.0,0.0,0.0,0.0,20.0,0.3,0.1,0.2,0.1,0.4,0.1,0.1,0.1,0.5,0.0,65535.0,0.17970550087739376,0.0,65535.0,0.13269245441367208,0.0,0.0,0.0,0.0,0.0,0.0,0.0,0.0,0.0,0.0
114248.69,1.1212136326451632,0.0,22194.0,37.0,0.1628999999982873,31.625,32.5625,36.650000000000034,0.0,0.0,0.0,0.0,0.0,20.0,0.3,0.1,0.2,0.1,0.4,0.1,0.1,0.1,0.5,0.0,65535.0,0.17973601892118715,0.0,65535.0,0.13185320820935378,0.0,0.0,0.0,0.0,0.0,0.0,0.0,0.0,0.0,0.0
114308.76,1.1190222276194004,0.0,22194.0,37.0,0.1799999999982868,31.5625,32.5,36.77000000000004,0.0,0.0,0.0,0.0,0.0,20.0,0.3,0.1,0.2,0.1,0.4,0.1,0.1,0.1,0.5,0.0,65535.0,0.18150606546120393,0.0,65535.0,0.1325856412603952,0.0,0.0,0.0,0.0,0.0,0.0,0.0,0.0,0.0,0.0
114368.82,1.1329435997683253,0.0,22194.0,37.0,0.2126999999982872,31.5625,32.5625,36.950000000000045,0.0,0.0,0.0,0.0,0.0,20.0,0.3,0.1,0.2,0.1,0.4,0.1,0.1,0.1,0.5,0.0,65535.0,0.18059052414740215,0.0,65535.0,0.132997634851606,0.0,0.0,0.0,0.0,0.0,0.0,0.0,0.0,0.0,0.0
114428.86,1.168450686914224,0.0,22194.0,37.0,0.19449999999829037,31.5625,32.5625,36.93000000000001,0.0,0.0,0.0,0.0,0.0,20.0,0.3,0.1,0.2,0.1,0.4,0.1,0.1,0.1,0.5,0.0,65535.0,0.1815976195925841,0.0,65535.0,0.1330586709391928,0.0,0.0,0.0,0.0,0.0,0.0,0.0,0.0,0.0,0.0
114488.93,1.1643747145126746,0.0,22194.0,37.0,0.252499999998282,31.625,32.5625,36.89000000000004,0.0,0.0,0.0,0.0,0.0,20.0,0.3,0.1,0.2,0.1,0.4,0.1,0.1,0.1,0.5,0.0,65535.0,0.18115510795757991,0.0,65535.0,0.13284504463263905,0.0,0.0,0.0,0.0,0.0,0.0,0.0,0.0,0.0,0.0
114548.99,1.1379304833391435,0.0,22194.0,37.0,0.17369999999828256,31.5625,32.5,36.93000000000001,0.0,0.0,0.0,0.0,0.0,20.0,0.3,0.1,0.2,0.1,0.4,0.1,0.1,0.1,0.5,0.0,65535.0,0.18049897001602197,0.0,65535.0,0.13196002136263066,0.0,0.0,0.0,0.0,0.0,0.0,0.0,0.0,0.0,0.0
114609.07,1.1483902645070254,0.0,22194.0,37.0,0.13539999999828556,31.625,32.5625,37.110000000000014,0.0,0.0,0.0,0.0,0.0,20.0,0.3,0.1,0.2,0.1,0.4,0.1,0.1,0.1,0.5,0.0,65535.0,0.18120088502327,0.0,65535.0,0.13293659876401923,0.0,0.0,0.0,0.0,0.0,0.0,0.0,0.0,0.0,0.0
114669.14,1.1257356571483537,0.0,22194.0,37.0,0.18209999999828144,31.625,32.5625,37.03000000000003,0.0,0.0,0.0,0.0,0.0,20.0,0.3,0.1,0.2,0.1,0.4,0.1,0.1,0.1,0.5,0.0,65535.0,0.1824826428625925,0.0,65535.0,0.13359273670557717,0.0,0.0,0.0,0.0,0.0,0.0,0.0,0.0,0.0,0.0
114729.22,1.1822987356037105,0.0,22194.0,37.0,0.19179999999828595,31.625,32.5625,36.81,0.0,0.0,0.0,0.0,0.0,20.0,0.3,0.1,0.2,0.1,0.4,0.1,0.1,0.1,0.5,0.0,65535.0,0.18068207827878233,0.0,65535.0,0.13336385137712672,0.0,0.0,0.0,0.0,0.0,0.0,0.0,0.0,0.0,0.0
114789.25,1.1322367592375293,0.0,22194.0,37.0,0.18209999999827972,31.625,32.4375,36.93000000000001,0.0,0.0,0.0,0.0,0.0,20.0,0.3,0.1,0.2,0.1,0.4,0.1,0.1,0.1,0.5,0.0,65535.0,0.18059052414740215,0.0,65535.0,0.1326314183260853,0.0,0.0,0.0,0.0,0.0,0.0,0.0,0.0,0.0,0.0
114849.31,1.1545814262523206,0.0,22194.0,37.0,0.18769999999827378,31.5625,32.5625,36.79000000000002,0.0,0.0,0.0,0.0,0.0,20.0,0.3,0.1,0.2,0.1,0.4,0.1,0.1,0.1,0.5,0.0,65535.0,0.1803921568627451,0.0,65535.0,0.1330434119172961,0.0,0.0,0.0,0.0,0.0,0.0,0.0,0.0,0.0,0.0
114909.35,1.134065139943748,0.0,22194.0,37.0,0.22829999999827946,31.625,32.5625,36.85000000000002,0.0,0.0,0.0,0.0,0.0,20.0,0.3,0.1,0.2,0.1,0.4,0.1,0.1,0.1,0.5,0.0,65535.0,0.18113984893568322,0.0,65535.0,0.13357747768368047,0.0,0.0,0.0,0.0,0.0,0.0,0.0,0.0,0.0,0.0
114969.38,1.1695718627032972,0.0,22194.0,37.0,0.24809999999827906,31.5625,32.625,36.97000000000003,0.0,0.0,0.0,0.0,0.0,20.0,0.3,0.1,0.2,0.1,0.4,0.1,0.1,0.1,0.5,0.0,65535.0,0.18060578316929884,0.0,65535.0,0.13296711680781262,0.0,0.0,0.0,0.0,0.0,0.0,0.0,0.0,0.0,0.0
115029.44,1.133943096044488,0.0,22194.0,37.0,0.16779999999828019,31.625,32.5,37.13000000000005,0.0,0.0,0.0,0.0,0.0,20.0,0.3,0.1,0.2,0.1,0.4,0.1,0.1,0.1,0.5,0.0,65535.0,0.1824216067750057,0.0,65535.0,0.13325703822384985,0.0,0.0,0.0,0.0,0.0,0.0,0.0,0.0,0.0,0.0
115089.48,1.1362049421641316,0.0,22194.0,37.0,0.1556999999982744,31.625,32.5,37.110000000000014,0.0,0.0,0.0,0.0,0.0,20.0,0.3,0.1,0.2,0.1,0.4,0.1,0.1,0.1,0.5,0.0,65535.0,0.18234531166552223,0.0,65535.0,0.13362325474937056,0.0,0.0,0.0,0.0,0.0,0.0,0.0,0.0,0.0,0.0
115149.53,1.1596029505446863,0.0,22194.0,37.0,0.16589999999827423,31.625,32.5625,37.03000000000003,0.0,0.0,0.0,0.0,0.0,20.0,0.3,0.1,0.2,0.1,0.4,0.1,0.1,0.1,0.5,0.0,65535.0,0.18197909514000152,0.0,65535.0,0.1339131761654078,0.0,0.0,0.0,0.0,0.0,0.0,0.0,0.0,0.0,0.0
115209.62,1.1656099639180884,0.0,22194.0,37.0,0.20059999999826938,31.625,32.5625,36.73000000000002,0.0,0.0,0.0,0.0,0.0,20.0,0.3,0.1,0.2,0.1,0.4,0.1,0.1,0.1,0.5,0.0,65535.0,0.18190280003051804,0.0,65535.0,0.13408102540627145,0.0,0.0,0.0,0.0,0.0,0.0,0.0,0.0,0.0,0.0
115269.72,1.1292544731824612,0.0,22194.0,37.0,0.17119999999826685,31.625,32.5,36.89000000000004,0.0,0.0,0.0,0.0,0.0,20.0,0.3,0.1,0.2,0.1,0.4,0.1,0.1,0.1,0.5,0.0,65535.0,0.1811703669794766,0.0,65535.0,0.13368429083695735,0.0,0.0,0.0,0.0,0.0,0.0,0.0,0.0,0.0,0.0
115329.8,1.1615256711666166,0.0,22194.0,37.0,0.211499999998272,31.5625,32.5,36.690000000000055,0.0,0.0,0.0,0.0,0.0,20.0,0.3,0.1,0.2,0.1,0.4,0.1,0.1,0.1,0.5,0.0,65535.0,0.18233005264362553,0.0,65535.0,0.13417257953765163,0.0,0.0,0.0,0.0,0.0,0.0,0.0,0.0,0.0,0.0
115389.87,1.174044506949573,0.0,22194.0,37.0,0.17179999999826462,31.5625,32.625,36.79000000000002,0.0,0.0048,0.25,0.0,0.0,20.0,0.3,0.1,0.2,0.1,0.4,0.1,0.1,0.1,0.5,0.0,65535.0,0.18254367895017928,0.0,65535.0,0.13458457312886243,0.0,0.0,0.0,0.0,0.0,0.0,0.0,0.0,0.0,0.0
115449.94,1.1516651998986618,0.0,22194.0,37.0,0.2934999999982628,31.5625,32.5625,36.610000000000014,0.0,0.0,0.0,0.0,0.0,20.0,0.3,0.1,0.2,0.1,0.4,0.1,0.1,0.1,0.5,0.0,65535.0,0.17894254978255894,0.0,65535.0,0.13142595559624629,0.0,0.0,0.0,0.0,0.0,0.0,0.0,0.0,0.0,0.0
115510.0,1.10633013073316,0.0,22194.0,37.0,0.22799999999826895,31.5625,32.5,36.710000000000036,0.0,0.0,0.0,0.0,0.0,20.0,0.3,0.1,0.2,0.1,0.4,0.1,0.1,0.1,0.5,0.0,65535.0,0.17819485770962082,0.0,65535.0,0.1313191424429694,0.0,0.0,0.0,0.0,0.0,0.0,0.0,0.0,0.0,0.0
115570.08,1.14303518669424,0.0,22194.0,37.0,0.1991999999982667,31.625,32.5625,36.89000000000004,0.0,0.0,0.0,0.0,0.0,20.0,0.3,0.1,0.2,0.1,0.4,0.1,0.1,0.1,0.5,0.0,65535.0,0.17982757305256733,0.0,65535.0,0.1313801785305562,0.0,0.0,0.0,0.0,0.0,0.0,0.0,0.0,0.0,0.0
115630.16,1.139622899551251,0.0,22194.0,37.0,0.20979999999827126,31.625,32.5,37.01000000000005,0.0,0.0,0.0,0.0,0.0,20.0,0.3,0.1,0.2,0.1,0.4,0.1,0.1,0.1,0.5,0.0,65535.0,0.17898832684824903,0.0,65535.0,0.1318379491874571,0.0,0.0,0.0,0.0,0.0,0.0,0.0,0.0,0.0,0.0
115690.21,1.1291629800778786,0.0,22194.0,37.0,0.1128999999982673,31.625,32.5,36.89000000000004,0.0,0.0,0.0,0.0,0.0,20.0,0.3,0.1,0.2,0.1,0.4,0.1,0.1,0.1,0.5,0.0,65535.0,0.1770046540016785,0.0,65535.0,0.13214312962539101,0.0,0.0,0.0,0.0,0.0,0.0,0.0,0.0,0.0,0.0
115750.26,1.14335178465574,0.0,22194.0,37.0,0.17019999999826863,31.625,32.5625,37.03000000000003,0.0,0.0,0.0,0.0,0.0,20.0,0.3,0.1,0.2,0.1,0.4,0.1,0.1,0.1,0.5,0.0,65535.0,0.178286411841001,0.0,65535.0,0.13070878156710156,0.0,0.0,0.0,0.0,0.0,0.0,0.0,0.0,0.0,0.0
115810.3,1.127770632234636,0.0,22194.0,37.0,0.19049999999826353,31.6875,32.5,37.01000000000005,0.0,0.0,0.0,0.0,0.0,20.0,0.3,0.1,0.2,0.1,0.4,0.1,0.1,0.1,0.5,0.0,65535.0,0.17854581521324484,0.0,65535.0,0.13160906385900664,0.0,0.0,0.0,0.0,0.0,0.0,0.0,0.0,0.0,0.0
115870.37,1.1159364009623178,0.0,22194.0,37.0,0.1913999999982627,31.6875,32.5,36.93000000000001,0.0,0.0,0.0,0.0,0.0,20.0,0.3,0.1,0.2,0.1,0.4,0.1,0.1,0.1,0.5,0.0,65535.0,0.17842374303807126,0.0,65535.0,0.13211261158159762,0.0,0.0,0.0,0.0,0.0,0.0,0.0,0.0,0.0,0.0
115930.43,1.1046267334516018,0.0,22194.0,37.0,0.17219999999826083,31.625,32.5,36.89000000000004,0.0,0.0,0.0,0.0,0.0,20.0,0.3,0.1,0.2,0.1,0.4,0.1,0.1,0.1,0.5,0.0,65535.0,0.1778133821622034,0.0,65535.0,0.13165484092469673,0.0,0.0,0.0,0.0,0.0,0.0,0.0,0.0,0.0,0.0
115990.52,1.1065184155185597,0.0,22194.0,37.0,0.16889999999825955,31.625,32.5,36.97000000000003,0.0,0.0,0.0,0.0,0.0,20.0,0.3,0.1,0.2,0.1,0.4,0.1,0.1,0.1,0.5,0.0,65535.0,0.17816433966582743,0.0,65535.0,0.13171587701228352,0.0,0.0,0.0,0.0,0.0,0.0,0.0,0.0,0.0,0.0
116050.59,1.1519636049970892,0.0,22194.0,37.0,0.17599999999825397,31.625,32.5,37.01000000000005,0.0,0.0,0.0,0.0,0.0,20.0,0.3,0.1,0.2,0.1,0.4,0.1,0.1,0.1,0.5,0.0,65535.0,0.1777981231403067,0.0,65535.0,0.13208209353780423,0.0,0.0,0.0,0.0,0.0,0.0,0.0,0.0,0.0,0.0
116110.64,1.1034278518383887,0.0,22194.0,37.0,0.19749999999826368,31.625,32.5,36.89000000000004,0.0,0.0,0.0,0.0,0.0,20.0,0.3,0.1,0.2,0.1,0.4,0.1,0.1,0.1,0.5,0.0,65535.0,0.1786984054322118,0.0,65535.0,0.13168535896849012,0.0,0.0,0.0,0.0,0.0,0.0,0.0,0.0,0.0,0.0
116170.7,1.1398326963044372,0.0,22194.0,37.0,0.15189999999826165,31.625,32.5,36.97000000000003,0.0,0.0,0.0,0.0,0.0,20.0,0.3,0.1,0.2,0.1,0.4,0.1,0.1,0.1,0.5,0.0,65535.0,0.1778439002059968,0.0,65535.0,0.13212787060349432,0.0,0.0,0.0,0.0,0.0,0.0,0.0,0.0,0.0,0.0
116230.78,1.128020365287441,0.0,22194.0,37.0,0.20569999999825278,31.625,32.5,36.85000000000002,0.0,0.0,0.0,0.0,0.0,20.0,0.3,0.1,0.2,0.1,0.4,0.1,0.1,0.1,0.5,0.0,65535.0,0.1786678873884184,0.0,65535.0,0.1326771953917754,0.0,0.0,0.0,0.0,0.0,0.0,0.0,0.0,0.0,0.0
116290.84,1.1558704706014913,0.0,22194.0,37.0,0.1924999999982514,31.625,32.5,36.89000000000004,0.0,0.0,0.0,0.0,0.0,20.0,0.3,0.1,0.2,0.1,0.4,0.1,0.1,0.1,0.5,0.0,65535.0,0.178637369344625,0.0,65535.0,0.13192950331883727,0.0,0.0,0.0,0.0,0.0,0.0,0.0,0.0,0.0,0.0
116350.91,1.1476299464725785,0.0,22194.0,37.0,0.17249999999825452,31.6875,32.5,37.03000000000003,0.0,0.0,0.0,0.0,0.0,20.0,0.3,0.1,0.2,0.1,0.4,0.1,0.1,0.1,0.5,0.0,65535.0,0.17798123140306707,0.0,65535.0,0.13205157549401084,0.0,0.0,0.0,0.0,0.0,0.0,0.0,0.0,0.0,0.0
116410.94,1.112972328044176,0.0,22194.0,37.0,0.1838999999982541,31.625,32.5625,37.01000000000005,0.0,0.0,0.0,0.0,0.0,20.0,0.3,0.1,0.2,0.1,0.4,0.1,0.1,0.1,0.5,0.0,65535.0,0.1786678873884184,0.0,65535.0,0.13241779201953155,0.0,0.0,0.0,0.0,0.0,0.0,0.0,0.0,0.0,0.0
116470.98,1.1462995262372857,0.0,22194.0,37.0,0.185099999998253,31.625,32.5625,36.85000000000002,0.0,0.0,0.0,0.0,0.0,20.0,0.3,0.1,0.2,0.1,0.4,0.1,0.1,0.1,0.5,0.0,65535.0,0.1783169298847944,0.0,65535.0,0.1322499427786679,0.0,0.0,0.0,0.0,0.0,0.0,0.0,0.0,0.0,0.0
116531.05,1.1574988685348928,0.0,22194.0,37.0,0.14029999999824513,31.625,32.5,36.89000000000004,0.0,0.0,0.0,0.0,0.0,20.0,0.3,0.1,0.2,0.1,0.4,0.1,0.1,0.1,0.5,0.0,65535.0,0.1786678873884184,0.0,65535.0,0.13250934615091173,0.0,0.0,0.0,0.0,0.0,0.0,0.0,0.0,0.0,0.0
116591.12,1.1158236002450561,0.0,22194.0,37.0,0.21299999999825178,31.625,32.5,36.81,0.0,0.0,0.0,0.0,0.0,20.0,0.3,0.1,0.2,0.1,0.4,0.1,0.1,0.1,0.5,0.0,65535.0,0.17883573662928207,0.0,65535.0,0.1326009002822919,0.0,0.0,0.0,0.0,0.0,0.0,0.0,0.0,0.0,0.0
116651.2,1.1561812088309134,0.0,22194.0,37.0,0.1805999999982494,31.5625,32.5,36.81,0.0,0.0,0.0,0.0,0.0,20.0,0.3,0.1,0.2,0.1,0.4,0.1,0.1,0.1,0.5,0.0,65535.0,0.17837796597238118,0.0,65535.0,0.1330739299610895,0.0,0.0,0.0,0.0,0.0,0.0,0.0,0.0,0.0,0.0
116711.28,1.139159624896624,0.0,22194.0,37.0,0.18709999999824348,31.5625,32.5625,36.73000000000002,0.0,0.0,0.0,0.0,0.0,20.0,0.3,0.1,0.2,0.1,0.4,0.1,0.1,0.1,0.5,0.0,65535.0,0.1795529106584268,0.0,65535.0,0.1330128938735027,0.0,0.0,0.0,0.0,0.0,0.0,0.0,0.0,0.0,0.0
116771.33,1.1144020352728192,0.0,22194.0,37.0,0.1885999999982421,31.625,32.5,37.03000000000003,0.0,0.0,0.0,0.0,0.0,20.0,0.3,0.1,0.2,0.1,0.4,0.1,0.1,0.1,0.5,0.0,65535.0,0.17943083848325322,0.0,65535.0,0.133501182574197,0.0,0.0,0.0,0.0,0.0,0.0,0.0,0.0,0.0,0.0
116831.41,1.1672380391488502,0.0,22194.0,37.0,0.189799999998241,31.5625,32.5625,36.97000000000003,0.0,0.0,0.0,0.0,0.0,20.0,0.3,0.1,0.2,0.1,0.4,0.1,0.1,0.1,0.5,0.0,65535.0,0.1782253757534142,0.0,65535.0,0.13282978561074235,0.0,0.0,0.0,0.0,0.0,0.0,0.0,0.0,0.0,0.0
116891.49,1.1507824488186207,0.0,22194.0,37.0,0.174499999998239,31.625,32.5,37.03000000000003,0.0,0.0,0.0,0.0,0.0,20.0,0.3,0.1,0.2,0.1,0.4,0.1,0.1,0.1,0.5,0.0,65535.0,0.17944609750514992,0.0,65535.0,0.132997634851606,0.0,0.0,0.0,0.0,0.0,0.0,0.0,0.0,0.0,0.0
116951.6,1.1362651379733846,0.0,22194.0,37.0,0.1673999999982429,31.5625,32.5625,36.77000000000004,0.0,0.0,0.0,0.0,0.0,20.0,0.3,0.1,0.2,0.1,0.4,0.1,0.1,0.1,0.5,0.0,65535.0,0.17901884489204242,0.0,65535.0,0.13354695963988708,0.0,0.0,0.0,0.0,0.0,0.0,0.0,0.0,0.0,0.0
117011.67,1.1430473789407065,0.0,22194.0,37.0,0.17089999999823716,31.5625,32.5,36.870000000000005,0.0,0.0,0.0,0.0,0.0,20.0,0.3,0.1,0.2,0.1,0.4,0.1,0.1,0.1,0.5,0.0,65535.0,0.17886625467307546,0.0,65535.0,0.13318074311436637,0.0,0.0,0.0,0.0,0.0,0.0,0.0,0.0,0.0,0.0
117071.75,1.1205606057515682,0.0,22194.0,37.0,0.18649999999823633,31.5625,32.5625,37.01000000000005,0.0,0.0,0.0,0.0,0.0,20.0,0.3,0.1,0.2,0.1,0.4,0.1,0.1,0.1,0.5,0.0,65535.0,0.17970550087739376,0.0,65535.0,0.13337911039902342,0.0,0.0,0.0,0.0,0.0,0.0,0.0,0.0,0.0,0.0
117131.83,1.128788375079444,0.0,22194.0,37.0,0.1729999999982344,31.5625,32.5,36.81,0.0,0.0,0.0,0.0,0.0,20.0,0.3,0.1,0.2,0.1,0.4,0.1,0.1,0.1,0.5,0.0,65535.0,0.17932402532997635,0.0,65535.0,0.13334859235523003,0.0,0.0,0.0,0.0,0.0,0.0,0.0,0.0,0.0,0.0
117191.91,1.1405472297108747,0.0,22194.0,37.0,0.22629999999824532,31.5,32.5,36.870000000000005,0.0,0.0,0.0,0.0,0.0,20.0,0.3,0.1,0.2,0.1,0.4,0.1,0.1,0.1,0.5,0.0,65535.0,0.17886625467307546,0.0,65535.0,0.1342641336690318,0.0,0.0,0.0,0.0,0.0,0.0,0.0,0.0,0.0,0.0
117251.99,1.1418655574181829,0.0,22194.0,37.0,0.20869999999823374,31.5625,32.5,36.97000000000003,0.0,0.0,0.0,0.0,0.0,20.0,0.3,0.1,0.2,0.1,0.4,0.1,0.1,0.1,0.5,0.0,65535.0,0.18089570458533608,0.0,65535.0,0.13406576638437476,0.0,0.0,0.0,0.0,0.0,0.0,0.0,0.0,0.0,0.0
117312.05,1.1762449696356372,0.0,22194.0,37.0,0.14889999999824038,31.625,32.5,36.97000000000003,0.0,0.0,0.0,0.0,0.0,20.0,0.3,0.1,0.2,0.1,0.4,0.1,0.1,0.1,0.5,0.0,65535.0,0.17965972381170367,0.0,65535.0,0.13492027161058975,0.0,0.0,0.0,0.0,0.0,0.0,0.0,0.0,0.0,0.0
117372.12,1.1371919963432795,0.0,22194.0,37.0,0.1838999999982361,31.5625,32.5,36.870000000000005,0.0,0.0,0.0,0.0,0.0,20.0,0.3,0.1,0.2,0.1,0.4,0.1,0.1,0.1,0.5,0.0,65535.0,0.18147554741741054,0.0,65535.0,0.13453879606317234,0.0,0.0,0.0,0.0,0.0,0.0,0.0,0.0,0.0,0.0
117432.17,1.1241683223236603,0.0,22194.0,37.0,0.16479999999823927,31.625,32.5625,37.05000000000001,0.0,0.0,0.0,0.0,0.0,20.0,0.3,0.1,0.2,0.1,0.4,0.1,0.1,0.1,0.5,0.0,65535.0,0.18155184252689402,0.0,65535.0,0.13530174715800716,0.0,0.0,0.0,0.0,0.0,0.0,0.0,0.0,0.0,0.0
117492.2,1.158975844324162,0.0,22194.0,37.0,0.16799999999823378,31.5625,32.5,36.950000000000045,0.0,0.0,0.0,0.0,0.0,20.0,0.3,0.1,0.2,0.1,0.4,0.1,0.1,0.1,0.5,0.0,65535.0,0.18011749446860456,0.0,65535.0,0.13400473029678797,0.0,0.0,0.0,0.0,0.0,0.0,0.0,0.0,0.0,0.0
117552.23,1.1250748090787261,0.0,22194.0,37.0,0.21069999999823927,31.625,32.5,36.73000000000002,0.0,0.0,0.0,0.0,0.0,20.0,0.3,0.1,0.2,0.1,0.4,0.1,0.1,0.1,0.5,0.0,65535.0,0.1803768978408484,0.0,65535.0,0.13412680247196154,0.0,0.0,0.0,0.0,0.0,0.0,0.0,0.0,0.0,0.0
117612.29,1.1669437038468082,0.0,22194.0,37.0,0.17129999999823245,31.625,32.5,37.05000000000001,0.0,0.0,0.0,0.0,0.0,20.0,0.3,0.1,0.2,0.1,0.4,0.1,0.1,0.1,0.5,0.0,65535.0,0.18002594033722438,0.0,65535.0,0.13411154345006485,0.0,0.0,0.0,0.0,0.0,0.0,0.0,0.0,0.0,0.0
117672.33,1.1103265620718084,0.0,22194.0,37.0,0.19249999999822737,31.5625,32.5,37.05000000000001,0.0,0.0,0.0,0.0,0.0,20.0,0.3,0.1,0.2,0.1,0.4,0.1,0.1,0.1,0.5,0.0,65535.0,0.1795529106584268,0.0,65535.0,0.13415732051575494,0.0,0.0,0.0,0.0,0.0,0.0,0.0,0.0,0.0,0.0
117732.38,1.127961738434551,0.0,22194.0,37.0,0.16949999999823065,31.625,32.5,36.97000000000003,0.0,0.0,0.0,0.0,0.0,20.0,0.3,0.1,0.2,0.1,0.4,0.1,0.1,0.1,0.5,0.0,65535.0,0.17987335011825742,0.0,65535.0,0.13412680247196154,0.0,0.0,0.0,0.0,0.0,0.0,0.0,0.0,0.0,0.0
117792.42,1.1467827403324926,0.0,22194.0,37.0,0.1688999999982295,31.6875,32.5,37.03000000000003,0.0,0.0,0.0,0.0,0.0,20.0,0.3,0.1,0.2,0.1,0.4,0.1,0.1,0.1,0.5,0.0,65535.0,0.18062104219119554,0.0,65535.0,0.13502708476386663,0.0,0.0,0.0,0.0,0.0,0.0,0.0,0.0,0.0,0.0
117852.47,1.1546922651556295,0.0,22194.0,37.0,0.17039999999822897,31.625,32.5,37.01000000000005,0.0,0.0,0.0,0.0,0.0,20.0,0.3,0.1,0.2,0.1,0.4,0.1,0.1,0.1,0.5,0.0,65535.0,0.18013275349050126,0.0,65535.0,0.13461509117265583,0.0,0.0,0.0,0.0,0.0,0.0,0.0,0.0,0.0,0.0
117912.51,1.1346911557177057,0.0,22194.0,37.0,0.19069999999822385,31.625,32.5625,36.93000000000001,0.0,0.0,0.0,0.0,0.0,20.0,0.3,0.1,0.2,0.1,0.4,0.1,0.1,0.1,0.5,0.0,65535.0,0.17904936293583582,0.0,65535.0,0.13417257953765163,0.0,0.0,0.0,0.0,0.0,0.0,0.0,0.0,0.0,0.0
117972.54,1.157838724265659,0.0,22194.0,37.0,0.19599999999823323,31.625,32.5,36.89000000000004,0.0,0.0,0.0,0.0,0.0,20.0,0.3,0.1,0.2,0.1,0.4,0.1,0.1,0.1,0.5,0.0,65535.0,0.18019378957808804,0.0,65535.0,0.13537804226749064,0.0,0.0,0.0,0.0,0.0,0.0,0.0,0.0,0.0,0.0
118032.62,1.1520343853628598,0.0,22194.0,37.0,0.18599999999822725,31.625,32.5,36.950000000000045,0.0,0.0,0.0,0.0,0.0,20.0,0.3,0.1,0.2,0.1,0.4,0.1,0.1,0.1,0.5,0.0,65535.0,0.18016327153429465,0.0,65535.0,0.13458457312886243,0.0,0.0,0.0,0.0,0.0,0.0,0.0,0.0,0.0,0.0
118092.68,1.1615360525759006,0.0,22194.0,37.0,0.20509999999822237,31.625,32.5625,37.01000000000005,0.0,0.0,0.0,0.0,0.0,20.0,0.3,0.1,0.2,0.1,0.4,0.1,0.1,0.1,0.5,0.0,65535.0,0.18049897001602197,0.0,65535.0,0.13495078965438315,0.0,0.0,0.0,0.0,0.0,0.0,0.0,0.0,0.0,0.0
118152.76,1.1284367354225529,0.0,22194.0,37.0,0.18419999999822545,31.5625,32.5,36.97000000000003,0.0,0.0,0.0,0.0,0.0,20.0,0.3,0.1,0.2,0.1,0.4,0.1,0.1,0.1,0.5,0.0,65535.0,0.18025482566567483,0.0,65535.0,0.13536278324559395,0.0,0.0,0.0,0.0,0.0,0.0,0.0,0.0,0.0,0.0
118212.83,1.1490715432050946,0.0,22194.0,37.0,0.15119999999822362,31.625,32.5625,36.93000000000001,0.0,0.0,0.0,0.0,0.0,20.0,0.3,0.1,0.2,0.1,0.4,0.1,0.1,0.1,0.5,0.0,65535.0,0.18109407186999313,0.0,65535.0,0.13504234378576332,0.0,0.0,0.0,0.0,0.0,0.0,0.0,0.0,0.0,0.0
118272.9,1.1463965075518385,0.0,22194.0,37.0,0.20029999999821987,31.625,32.5625,36.73000000000002,0.0,0.0,0.0,0.0,0.0,20.0,0.3,0.1,0.2,0.1,0.4,0.1,0.1,0.1,0.5,0.0,65535.0,0.1811703669794766,0.0,65535.0,0.13542381933318073,0.0,0.0,0.0,0.0,0.0,0.0,0.0,0.0,0.0,0.0
118332.99,1.1438224956991898,0.0,22194.0,37.0,0.21239999999822395,31.5625,32.5,36.97000000000003,0.0,0.0,0.0,0.0,0.0,20.0,0.3,0.1,0.2,0.1,0.4,0.1,0.1,0.1,0.5,0.0,65535.0,0.18028534370946822,0.0,65535.0,0.13527122911421377,0.0,0.0,0.0,0.0,0.0,0.0,0.0,0.0,0.0,0.0
118393.02,1.1319303138453425,0.0,22194.0,37.0,0.18799999999821687,31.5,32.5,36.97000000000003,0.0,0.0,0.0,0.0,0.0,20.0,0.3,0.1,0.2,0.1,0.4,0.1,0.1,0.1,0.5,0.0,65535.0,0.18194857709620813,0.0,65535.0,0.13586633096818493,0.0,0.0,0.0,0.0,0.0,0.0,0.0,0.0,0.0,0.0
118453.07,1.135445448229426,0.0,22194.0,37.0,0.18919999999821577,31.625,32.5,36.79000000000002,0.0,0.0,0.0,0.0,0.0,20.0,0.3,0.1,0.2,0.1,0.4,0.1,0.1,0.1,0.5,0.0,65535.0,0.18030060273136492,0.0,65535.0,0.13607995727473868,0.0,0.0,0.0,0.0,0.0,0.0,0.0,0.0,0.0,0.0
118513.11,1.1299077137312714,0.0,22194.0,37.0,0.17329999999821433,31.5625,32.5,37.01000000000005,0.0,0.0,0.0,0.0,0.0,20.0,0.3,0.1,0.2,0.1,0.4,0.1,0.1,0.1,0.5,0.0,65535.0,0.18115510795757991,0.0,65535.0,0.13572899977111466,0.0,0.0,0.0,0.0,0.0,0.0,0.0,0.0,0.0,0.0
118573.14,1.1379338929709797,0.0,22194.0,37.0,0.20889999999822456,31.5625,32.5,36.97000000000003,0.0,0.0,0.0,0.0,0.0,20.0,0.3,0.1,0.2,0.1,0.4,0.1,0.1,0.1,0.5,0.0,65535.0,0.1815823605706874,0.0,65535.0,0.13653772793163957,0.0,0.0,0.0,0.0,0.0,0.0,0.0,0.0,0.0,0.0
118633.2,1.137238617511241,0.0,22194.0,37.0,0.21659999999821927,31.5625,32.5,37.01000000000005,0.0,0.0,0.0,0.0,0.0,20.0,0.3,0.1,0.2,0.1,0.4,0.1,0.1,0.1,0.5,0.0,65535.0,0.1815976195925841,0.0,65535.0,0.1360189211871519,0.0,0.0,0.0,0.0,0.0,0.0,0.0,0.0,0.0,0.0
118693.3,1.1585409129436386,0.0,22194.0,37.0,0.19189999999821244,31.5625,32.5,36.79000000000002,0.0,0.0,0.0,0.0,0.0,20.0,0.3,0.1,0.2,0.1,0.4,0.1,0.1,0.1,0.5,0.0,65535.0,0.17900358587014573,0.0,65535.0,0.13569848172732127,0.0,0.0,0.0,0.0,0.0,0.0,0.0,0.0,0.0,0.0
118753.37,1.171144678365521,0.0,22194.0,37.0,0.217199999998217,31.625,32.5,36.81,0.0,0.0,0.0,0.0,0.0,20.0,0.3,0.1,0.2,0.1,0.4,0.1,0.1,0.1,0.5,0.0,65535.0,0.18097199969481956,0.0,65535.0,0.13630884260318912,0.0,0.0,0.0,0.0,0.0,0.0,0.0,0.0,0.0,0.0
118813.44,1.165883788940383,0.0,22194.0,37.0,0.17009999999821465,31.625,32.4375,36.950000000000045,0.0,0.0,0.0,0.0,0.0,20.0,0.3,0.1,0.2,0.1,0.4,0.1,0.1,0.1,0.5,0.0,65535.0,0.18094148165102616,0.0,65535.0,0.13652246890974287,0.0,0.0,0.0,0.0,0.0,0.0,0.0,0.0,0.0,0.0
118873.51,1.1571099548932016,0.0,22194.0,37.0,0.17119999999820854,31.625,32.5,36.93000000000001,0.0,0.0,0.0,0.0,0.0,20.0,0.3,0.1,0.2,0.1,0.4,0.1,0.1,0.1,0.5,0.0,65535.0,0.18068207827878233,0.0,65535.0,0.13684290836957352,0.0,0.0,0.0,0.0,0.0,0.0,0.0,0.0,0.0,0.0
118933.57,1.1534574477245134,0.0,22194.0,37.0,0.14849999999821153,31.625,32.4375,37.05000000000001,0.0,0.0,0.0,0.0,0.0,20.0,0.3,0.1,0.2,0.1,0.4,0.1,0.1,0.1,0.5,0.0,65535.0,0.18095674067292286,0.0,65535.0,0.1369344625009537,0.0,0.0,0.0,0.0,0.0,0.0,0.0,0.0,0.0,0.0
118993.62,1.1917527345635648,0.0,22194.0,37.0,0.2741999999982152,31.625,32.5,36.79000000000002,0.0,0.0,0.0,0.0,0.0,20.0,0.3,0.1,0.2,0.1,0.4,0.1,0.1,0.1,0.5,0.0,65535.0,0.18266575112535285,0.0,65535.0,0.13664454108491644,0.0,0.0,0.0,0.0,0.0,0.0,0.0,0.0,0.0,0.0
119053.68,1.144283427459246,0.0,22194.0,37.0,0.19399999999820625,31.5625,32.5,36.870000000000005,0.0,0.0,0.0,0.0,0.0,20.0,0.3,0.1,0.2,0.1,0.4,0.1,0.1,0.1,0.5,0.0,65535.0,0.18130769817654688,0.0,65535.0,0.13722438391699093,0.0,0.0,0.0,0.0,0.0,0.0,0.0,0.0,0.0,0.0
119113.71,1.1556958604689873,0.0,22194.0,37.0,0.14419999999820293,31.625,32.4375,37.01000000000005,0.0,0.0,0.0,0.0,0.0,20.0,0.3,0.1,0.2,0.1,0.4,0.1,0.1,0.1,0.5,0.0,65535.0,0.18152132448310063,0.0,65535.0,0.13615625238422216,0.0,0.0,0.0,0.0,0.0,0.0,0.0,0.0,0.0,0.0
119173.76,1.1380758734393441,0.0,22194.0,37.0,0.14799999999821198,31.625,32.4375,36.950000000000045,0.0,0.0,0.0,0.0,0.0,20.0,0.3,0.1,0.2,0.1,0.4,0.1,0.1,0.1,0.5,0.0,65535.0,0.18213168535896848,0.0,65535.0,0.13785000381475548,0.0,0.0,0.0,0.0,0.0,0.0,0.0,0.0,0.0,0.0
119233.8,1.1600641477816578,0.0,22194.0,37.0,0.16859999999820743,31.625,32.5625,37.190000000000055,0.0,0.0,0.0,0.0,0.0,20.0,0.3,0.1,0.2,0.1,0.4,0.1,0.1,0.1,0.5,0.0,65535.0,0.18170443274586098,0.0,65535.0,0.13708705271992067,0.0,0.0,0.0,0.0,0.0,0.0,0.0,0.0,0.0,0.0
119293.86,1.1466478090039554,0.0,22194.0,37.0,0.15209999999820567,31.5625,32.5,36.93000000000001,0.0,0.0,0.0,0.0,0.0,20.0,0.3,0.1,0.2,0.1,0.4,0.1,0.1,0.1,0.5,0.0,65535.0,0.18184176394293125,0.0,65535.0,0.13813992523079272,0.0,0.0,0.0,0.0,0.0,0.0,0.0,0.0,0.0,0.0
119353.94,1.1960655641893068,0.0,22194.0,37.0,0.209499999998212,31.5625,32.5,36.710000000000036,0.0,0.0,0.0,0.0,0.0,20.0,0.3,0.1,0.2,0.1,0.4,0.1,0.1,0.1,0.5,0.0,65535.0,0.18092622262912947,0.0,65535.0,0.1373922331578546,0.0,0.0,0.0,0.0,0.0,0.0,0.0,0.0,0.0,0.0
119414.01,1.1724022601235817,0.0,22194.0,37.0,0.23959999999820225,31.5625,32.5,36.950000000000045,0.0,0.0,0.0,0.0,0.0,20.0,0.3,0.1,0.2,0.1,0.4,0.1,0.1,0.1,0.5,0.0,65535.0,0.1825284199282826,0.0,65535.0,0.13687342641336692,0.0,0.0,0.0,0.0,0.0,0.0,0.0,0.0,0.0,0.0
119474.08,1.1556539564794888,0.0,22194.0,37.0,0.17279999999820359,31.625,32.5,37.09000000000003,0.0,0.0,0.0,0.0,0.0,20.0,0.3,0.1,0.2,0.1,0.4,0.1,0.1,0.1,0.5,0.0,65535.0,0.18283360036621651,0.0,65535.0,0.13791103990234227,0.0,0.0,0.0,0.0,0.0,0.0,0.0,0.0,0.0,0.0
119534.14,1.1730253283357785,0.0,22194.0,37.0,0.20779999999819931,31.6875,32.5,37.05000000000001,0.0,0.0,0.0,0.0,0.0,20.0,0.3,0.1,0.2,0.1,0.4,0.1,0.1,0.1,0.5,0.0,65535.0,0.18156710154879072,0.0,65535.0,0.13765163653009843,0.0,0.0,0.0,0.0,0.0,0.0,0.0,0.0,0.0,0.0
119594.22,1.1948259822125549,0.0,22194.0,37.0,0.12589999999819507,31.625,32.4375,36.89000000000004,0.0,0.0,0.0,0.0,0.0,20.0,0.3,0.1,0.2,0.1,0.4,0.1,0.1,0.1,0.5,0.0,65535.0,0.18257419699397268,0.0,65535.0,0.13766689555199513,0.0,0.0,0.0,0.0,0.0,0.0,0.0,0.0,0.0,0.0
119654.29,1.1636032820104019,0.0,22194.0,37.0,0.16709999999820022,31.625,32.5,36.81,0.0,0.0,0.0,0.0,0.0,20.0,0.3,0.1,0.2,0.1,0.4,0.1,0.1,0.1,0.5,0.0,65535.0,0.18223849851224536,0.0,65535.0,0.13757534142061495,0.0,0.0,0.0,0.0,0.0,0.0,0.0,0.0,0.0,0.0
119714.37,1.1842026126869325,0.0,22194.0,37.0,0.20859999999820594,31.5625,32.5,36.950000000000045,0.0,0.0,0.0,0.0,0.0,20.0,0.3,0.1,0.2,0.1,0.4,0.1,0.1,0.1,0.5,0.0,65535.0,0.18365758754863815,0.0,65535.0,0.1381551842526894,0.0,0.0,0.0,0.0,0.0,0.0,0.0,0.0,0.0,0.0
119774.45,1.1788260189102338,0.0,22194.0,37.0,0.18389999999819914,31.5625,32.4375,36.950000000000045,0.0,0.0,0.0,0.0,0.0,20.0,0.3,0.1,0.2,0.1,0.4,0.1,0.1,0.1,0.5,0.0,65535.0,0.1832761120012207,0.0,65535.0,0.13769741359578852,0.0,0.0,0.0,0.0,0.0,0.0,0.0,0.0,0.0,0.0
119834.51,1.1662840154514842,0.0,22194.0,37.0,0.21599999999819924,31.625,32.5,36.93000000000001,0.0,0.0,0.0,0.0,0.0,20.0,0.3,0.1,0.2,0.1,0.4,0.1,0.1,0.1,0.5,0.0,65535.0,0.18344396124208437,0.0,65535.0,0.13832303349355307,0.0,0.0,0.0,0.0,0.0,0.0,0.0,0.0,0.0,0.0
119894.54,1.1648122900210494,0.0,22194.0,37.0,0.16479999999820147,31.625,32.5,36.93000000000001,0.0,0.0,0.0,0.0,0.0,20.0,0.3,0.1,0.2,0.1,0.4,0.1,0.1,0.1,0.5,0.0,65535.0,0.1829098954757,0.0,65535.0,0.13759060044251165,0.0,0.0,0.0,0.0,0.0,0.0,0.0,0.0,0.0,0.0
119954.6,1.139150352876472,0.0,22194.0,37.0,0.18359999999819687,31.625,32.5,36.97000000000003,0.0,0.0,0.0,0.0,0.0,20.0,0.3,0.1,0.2,0.1,0.4,0.1,0.1,0.1,0.5,0.0,65535.0,0.1838864728770886,0.0,65535.0,0.13836881055924316,0.0,0.0,0.0,0.0,0.0,0.0,0.0,0.0,0.0,0.0
120014.69,1.1853431209933734,0.0,22194.0,37.0,0.19539999999820118,31.625,32.4375,36.89000000000004,0.0,0.0,0.0,0.0,0.0,20.0,0.3,0.1,0.2,0.1,0.4,0.1,0.1,0.1,0.5,0.0,65535.0,0.18355077439536124,0.0,65535.0,0.13888761730373084,0.0,0.0,0.0,0.0,0.0,0.0,0.0,0.0,0.0,0.0
120074.77,1.156727974891289,0.0,22194.0,37.0,0.21749999999819616,31.625,32.4375,37.01000000000005,0.0,0.0,0.0,0.0,0.0,20.0,0.3,0.1,0.2,0.1,0.4,0.1,0.1,0.1,0.5,0.0,65535.0,0.18316929884794383,0.0,65535.0,0.13801785305561914,0.0,0.0,0.0,0.0,0.0,0.0,0.0,0.0,0.0,0.0
120134.84,1.1797194917483038,0.0,22194.0,37.0,0.2089999999981897,31.5625,32.5,37.170000000000016,0.0,0.0,0.0,0.0,0.0,20.0,0.3,0.1,0.2,0.1,0.4,0.1,0.1,0.1,0.5,0.0,65535.0,0.183260852979324,0.0,65535.0,0.1382467383840696,0.0,0.0,0.0,0.0,0.0,0.0,0.0,0.0,0.0,0.0
120194.89,1.156152276948645,0.0,22194.0,37.0,0.1918999999981876,31.625,32.5,37.13000000000005,0.0,0.0,0.0,0.0,0.0,20.0,0.3,0.1,0.2,0.1,0.4,0.1,0.1,0.1,0.5,0.0,65535.0,0.18303196765087357,0.0,65535.0,0.13852140077821012,0.0,0.0,0.0,0.0,0.0,0.0,0.0,0.0,0.0,0.0
120254.94,1.1914166552394005,0.0,22194.0,37.0,0.15359999999818974,31.5625,32.5,36.93000000000001,0.0,0.0,0.0,0.0,0.0,20.0,0.3,0.1,0.2,0.1,0.4,0.1,0.1,0.1,0.5,0.0,65535.0,0.183260852979324,0.0,65535.0,0.13933012893873503,0.0,0.0,0.0,0.0,0.0,0.0,0.0,0.0,0.0,0.0
120315.0,1.1562681395874803,0.0,22194.0,37.0,0.20239999999818542,31.625,32.4375,36.77000000000004,0.0,0.0,0.0,0.0,0.0,20.0,0.3,0.1,0.2,0.1,0.4,0.1,0.1,0.1,0.5,0.0,65535.0,0.18443579766536966,0.0,65535.0,0.13832303349355307,0.0,0.0,0.0,0.0,0.0,0.0,0.0,0.0,0.0,0.0
120375.04,1.2165262682004694,0.0,22194.0,37.0,0.20889999999819456,31.5625,32.5,36.85000000000002,0.0,0.0,0.0,0.0,0.0,20.0,0.3,0.1,0.2,0.1,0.4,0.1,0.1,0.1,0.5,0.0,65535.0,0.1832761120012207,0.0,65535.0,0.13998626688029298,0.0,0.0,0.0,0.0,0.0,0.0,0.0,0.0,0.0,0.0
120435.09,1.1793901803558204,0.0,22194.0,37.0,0.17419999999818264,31.625,32.5,36.950000000000045,0.0,0.0,0.0,0.0,0.0,20.0,0.3,0.1,0.2,0.1,0.4,0.1,0.1,0.1,0.5,0.0,65535.0,0.18484779125658046,0.0,65535.0,0.1394064240482185,0.0,0.0,0.0,0.0,0.0,0.0,0.0,0.0,0.0,0.0
120495.13,1.2163089965841953,0.0,22194.0,37.0,0.19509999999819205,31.5625,32.4375,36.81,0.0,0.0,0.0,0.0,0.0,20.0,0.3,0.1,0.2,0.1,0.4,0.1,0.1,0.1,0.5,0.0,65535.0,0.18350499732967115,0.0,65535.0,0.13870450904097048,0.0,0.0,0.0,0.0,0.0,0.0,0.0,0.0,0.0,0.0
120555.18,1.1911804223577198,0.0,22194.0,37.0,0.20899999999818197,31.5625,32.5,36.89000000000004,0.0,0.0,0.0,0.0,0.0,20.0,0.3,0.1,0.2,0.1,0.4,0.1,0.1,0.1,0.5,0.0,65535.0,0.1838864728770886,0.0,65535.0,0.13885709925993744,0.0,0.0,0.0,0.0,0.0,0.0,0.0,0.0,0.0,0.0
120615.28,1.165458816468638,0.0,22194.0,37.0,0.18779999999818534,31.625,32.4375,36.97000000000003,0.0,0.0,0.0,0.0,0.0,20.0,0.3,0.1,0.2,0.1,0.4,0.1,0.1,0.1,0.5,0.0,65535.0,0.1838864728770886,0.0,65535.0,0.1398489356832227,0.0,0.0,0.0,0.0,0.0,0.0,0.0,0.0,0.0,0.0
120675.37,1.1916321978216318,0.0,22194.0,37.0,0.21069999999819036,31.5625,32.4375,36.870000000000005,0.0,0.0,0.0,0.0,0.0,20.0,0.3,0.1,0.2,0.1,0.4,0.1,0.1,0.1,0.5,0.0,65535.0,0.18353551537346455,0.0,65535.0,0.13969634546425574,0.0,0.0,0.0,0.0,0.0,0.0,0.0,0.0,0.0,0.0
120735.44,1.1960578175334668,0.0,22194.0,37.0,0.18449999999818406,31.5625,32.4375,36.97000000000003,0.0,0.0,0.0,0.0,0.0,20.0,0.3,0.1,0.2,0.1,0.4,0.1,0.1,0.1,0.5,0.0,65535.0,0.18376440070191502,0.0,65535.0,0.1399404898146029,0.0,0.0,0.0,0.0,0.0,0.0,0.0,0.0,0.0,0.0
120795.53,1.170732728407118,0.0,22194.0,37.0,0.18539999999818324,31.5625,32.4375,36.97000000000003,0.0,0.0,0.0,0.0,0.0,20.0,0.3,0.1,0.2,0.1,0.4,0.1,0.1,0.1,0.5,0.0,65535.0,0.18297093156328678,0.0,65535.0,0.13963530937666896,0.0,0.0,0.0,0.0,0.0,0.0,0.0,0.0,0.0,0.0
120855.6,1.1776559440437786,0.0,22194.0,37.0,0.1915999999981776,31.5625,32.4375,36.950000000000045,0.0,0.0,0.0,0.0,0.0,20.0,0.3,0.1,0.2,0.1,0.4,0.1,0.1,0.1,0.5,0.0,65535.0,0.18443579766536966,0.0,65535.0,0.13974212252994583,0.0,0.0,0.0,0.0,0.0,0.0,0.0,0.0,0.0,0.0
120915.68,1.1999592369341967,0.0,22194.0,37.0,0.17389999999817607,31.5625,32.4375,37.01000000000005,0.0,0.0,0.0,0.0,0.0,20.0,0.3,0.1,0.2,0.1,0.4,0.1,0.1,0.1,0.5,0.0,65535.0,0.1842832074464027,0.0,65535.0,0.14023041123064012,0.0,0.0,0.0,0.0,0.0,0.0,0.0,0.0,0.0,0.0
120975.75,1.1897028382629276,0.0,22194.0,37.0,0.18479999999818036,31.625,32.4375,36.97000000000003,0.0,0.0,0.0,0.0,0.0,20.0,0.3,0.1,0.2,0.1,0.4,0.1,0.1,0.1,0.5,0.0,65535.0,0.18393224994277868,0.0,65535.0,0.13977264057373923,0.0,0.0,0.0,0.0,0.0,0.0,0.0,0.0,0.0,0.0
121035.81,1.1741632529674415,0.0,22194.0,37.0,0.126799999998172,31.5625,32.5,37.190000000000055,0.0,0.0,0.0,0.0,0.0,20.0,0.3,0.1,0.2,0.1,0.4,0.1,0.1,0.1,0.5,0.0,65535.0,0.18368810559243154,0.0,65535.0,0.14041351949340047,0.0,0.0,0.0,0.0,0.0,0.0,0.0,0.0,0.0,0.0
121095.86,1.2057010346876558,0.0,22194.0,37.0,0.21209999999817886,31.625,32.4375,36.85000000000002,0.0,0.0,0.0,0.0,0.0,20.0,0.3,0.1,0.2,0.1,0.4,0.1,0.1,0.1,0.5,0.0,65535.0,0.18448157473105975,0.0,65535.0,0.13998626688029298,0.0,0.0,0.0,0.0,0.0,0.0,0.0,0.0,0.0,0.0
121155.94,1.2044296439165967,0.0,22194.0,37.0,0.2583999999981694,31.5625,32.4375,36.690000000000055,0.0,0.0,0.0,0.0,0.0,20.0,0.3,0.1,0.2,0.1,0.4,0.1,0.1,0.1,0.5,0.0,65535.0,0.18406958113984895,0.0,65535.0,0.14126802471961547,0.0,0.0,0.0,0.0,0.0,0.0,0.0,0.0,0.0,0.0
121216.01,1.1774852869221313,0.0,22194.0,37.0,0.19869999999818108,31.5625,32.5,36.93000000000001,0.0,0.0,0.0,0.0,0.0,20.0,0.3,0.1,0.2,0.1,0.4,0.1,0.1,0.1,0.5,0.0,65535.0,0.18403906309605556,0.0,65535.0,0.14085603112840467,0.0,0.0,0.0,0.0,0.0,0.0,0.0,0.0,0.0,0.0
121276.05,1.1675484483665388,0.0,22194.0,37.0,0.20989999999817088,31.5625,32.4375,36.89000000000004,0.0,0.0,0.0,0.0,0.0,20.0,0.3,0.1,0.2,0.1,0.4,0.1,0.1,0.1,0.5,0.0,65535.0,0.18339818417639428,0.0,65535.0,0.14023041123064012,0.0,0.0,0.0,0.0,0.0,0.0,0.0,0.0,0.0,0.0
121336.14,1.1760051738139092,0.0,22194.0,37.0,0.13719999999817675,31.625,32.4375,37.170000000000016,0.0,0.0,0.0,0.0,0.0,20.0,0.3,0.1,0.2,0.1,0.4,0.1,0.1,0.1,0.5,0.0,65535.0,0.1833676661326009,0.0,65535.0,0.1402609292744335,0.0,0.0,0.0,0.0,0.0,0.0,0.0,0.0,0.0,0.0
121396.19,1.1714794996150797,0.0,22194.0,37.0,0.1724999999981722,31.625,32.5,37.03000000000003,0.0,0.0,0.0,0.0,0.0,20.0,0.3,0.1,0.2,0.1,0.4,0.1,0.1,0.1,0.5,0.0,65535.0,0.18631265735866331,0.0,65535.0,0.14093232623788815,0.0,0.0,0.0,0.0,0.0,0.0,0.0,0.0,0.0,0.0
121456.26,1.217880056312335,0.0,22194.0,37.0,0.18779999999817165,31.625,32.5,36.97000000000003,0.0,0.0,0.0,0.0,0.0,20.0,0.3,0.1,0.2,0.1,0.4,0.1,0.1,0.1,0.5,0.0,65535.0,0.1843137254901961,0.0,65535.0,0.14048981460288396,0.0,0.0,0.0,0.0,0.0,0.0,0.0,0.0,0.0,0.0
121516.33,1.2071133284914546,0.0,22194.0,37.0,0.1950999999981758,31.5625,32.5,36.93000000000001,0.0,0.0,0.0,0.0,0.0,20.0,0.3,0.1,0.2,0.1,0.4,0.1,0.1,0.1,0.5,0.0,65535.0,0.18391699092088198,0.0,65535.0,0.14018463416495003,0.0,0.0,0.0,0.0,0.0,0.0,0.0,0.0,0.0,0.0
121576.39,1.1629033463535596,0.0,22194.0,37.0,0.18599999999816985,31.5625,32.5,36.97000000000003,0.0,0.0,0.0,0.0,0.0,20.0,0.3,0.1,0.2,0.1,0.4,0.1,0.1,0.1,0.5,0.0,65535.0,0.18411535820553904,0.0,65535.0,0.14091706721599145,0.0,0.0,0.0,0.0,0.0,0.0,0.0,0.0,0.0,0.0
121636.45,1.195577660112571,0.0,22194.0,37.0,0.18569999999816927,31.625,32.4375,36.97000000000003,0.0,0.0,0.0,0.0,0.0,20.0,0.3,0.1,0.2,0.1,0.4,0.1,0.1,0.1,0.5,0.0,65535.0,0.18442053864347296,0.0,65535.0,0.14139009689478904,0.0,0.0,0.0,0.0,0.0,0.0,0.0,0.0,0.0,0.0
121696.53,1.1775767491199673,0.0,22194.0,37.0,0.235399999998165,31.625,32.5,36.77000000000004,0.0,0.0,0.0,0.0,0.0,20.0,0.3,0.1,0.2,0.1,0.4,0.1,0.1,0.1,0.5,0.0,65535.0,0.1842221713588159,0.0,65535.0,0.14132906080720226,0.0,0.0,0.0,0.0,0.0,0.0,0.0,0.0,0.0,0.0
121756.56,1.204718381294125,0.0,22194.0,37.0,0.18509999999816726,31.5625,32.4375,36.97000000000003,0.0,0.0,0.0,0.0,0.0,20.0,0.3,0.1,0.2,0.1,0.4,0.1,0.1,0.1,0.5,0.0,65535.0,0.18414587624933243,0.0,65535.0,0.14129854276340886,0.0,0.0,0.0,0.0,0.0,0.0,0.0,0.0,0.0,0.0
121816.61,1.207918490641929,0.0,22194.0,37.0,0.21689999999816761,31.5625,32.4375,36.85000000000002,0.0,0.0,0.0,0.0,0.0,20.0,0.3,0.1,0.2,0.1,0.4,0.1,0.1,0.1,0.5,0.0,65535.0,0.18522926680399787,0.0,65535.0,0.14093232623788815,0.0,0.0,0.0,0.0,0.0,0.0,0.0,0.0,0.0,0.0
121876.64,1.1983203256330102,0.0,22194.0,37.0,0.13389999999816862,31.5625,32.4375,37.170000000000016,0.0,0.0,0.0,0.0,0.0,20.0,0.3,0.1,0.2,0.1,0.4,0.1,0.1,0.1,0.5,0.0,65535.0,0.18417639429312582,0.0,65535.0,0.1415884641794461,0.0,0.0,0.0,0.0,0.0,0.0,0.0,0.0,0.0,0.0
121936.7,1.1989104495993455,0.0,22194.0,37.0,0.23009999999816638,31.5625,32.4375,36.79000000000002,0.0,0.0,0.0,0.0,0.0,20.0,0.3,0.1,0.2,0.1,0.4,0.1,0.1,0.1,0.5,0.0,65535.0,0.18587014572365912,0.0,65535.0,0.14132906080720226,0.0,0.0,0.0,0.0,0.0,0.0,0.0,0.0,0.0,0.0
121996.74,1.1862633732528036,0.0,22194.0,37.0,0.17539999999815845,31.5625,32.5,37.01000000000005,0.0,0.0,0.0,0.0,0.0,20.0,0.3,0.1,0.2,0.1,0.4,0.1,0.1,0.1,0.5,0.0,65535.0,0.18495460440985734,0.0,65535.0,0.14129854276340886,0.0,0.0,0.0,0.0,0.0,0.0,0.0,0.0,0.0,0.0
122056.78,1.1988511154969803,0.0,22194.0,37.0,0.1720999999981572,31.5625,32.5,37.01000000000005,0.0,0.0,0.0,0.0,0.0,20.0,0.3,0.1,0.2,0.1,0.4,0.1,0.1,0.1,0.5,0.0,65535.0,0.1842526894026093,0.0,65535.0,0.14056610971236744,0.0,0.0,0.0,0.0,0.0,0.0,0.0,0.0,0.0,0.0
122116.81,1.1836231489823092,0.0,22194.0,37.0,0.16089999999816568,31.5625,32.4375,37.05000000000001,0.0,0.0,0.0,0.0,0.0,20.0,0.3,0.1,0.2,0.1,0.4,0.1,0.1,0.1,0.5,0.0,65535.0,0.18576333257038224,0.0,65535.0,0.1420309758144503,0.0,0.0,0.0,0.0,0.0,0.0,0.0,0.0,0.0,0.0
122176.87,1.2152459002052156,0.0,22194.0,37.0,0.17969999999816108,31.5625,32.5,36.97000000000003,0.0,0.0,0.0,0.0,0.0,20.0,0.3,0.1,0.2,0.1,0.4,0.1,0.1,0.1,0.5,0.0,65535.0,0.1871671625848783,0.0,65535.0,0.1424124513618677,0.0,0.0,0.0,0.0,0.0,0.0,0.0,0.0,0.0,0.0
122236.92,1.1903193528772733,0.0,22194.0,37.0,0.2229999999981669,31.5625,32.4375,36.81,0.0,0.0,0.0,0.0,0.0,20.0,0.3,0.1,0.2,0.1,0.4,0.1,0.1,0.1,0.5,0.0,65535.0,0.18544289311055162,0.0,65535.0,0.14172579537651636,0.0,0.0,0.0,0.0,0.0,0.0,0.0,0.0,0.0,0.0
122296.96,1.1901194282018415,0.0,22194.0,37.0,0.18209999999815973,31.5625,32.4375,36.97000000000003,0.0,0.0,0.0,0.0,0.0,20.0,0.3,0.1,0.2,0.1,0.4,0.1,0.1,0.1,0.5,0.0,65535.0,0.18617532616159305,0.0,65535.0,0.14222934309910734,0.0,0.0,0.0,0.0,0.0,0.0,0.0,0.0,0.0,0.0
122357.02,1.208858406095419,0.0,22194.0,37.0,0.20829999999816518,31.5625,32.4375,36.870000000000005,0.0,0.0,0.0,0.0,0.0,20.0,0.3,0.1,0.2,0.1,0.4,0.1,0.1,0.1,0.5,0.0,65535.0,0.18393224994277868,0.0,65535.0,0.1411764705882353,0.0,0.0,0.0,0.0,0.0,0.0,0.0,0.0,0.0,0.0
122417.09,1.232534244906094,0.0,22194.0,37.0,0.20979999999816465,31.5625,32.4375,36.870000000000005,0.0,0.0,0.0,0.0,0.0,20.0,0.3,0.1,0.2,0.1,0.4,0.1,0.1,0.1,0.5,0.0,65535.0,0.1868009460593576,0.0,65535.0,0.14256504158083466,0.0,0.0,0.0,0.0,0.0,0.0,0.0,0.0,0.0,0.0
122477.17,1.2115396454344427,0.0,22194.0,37.0,0.20749999999815422,31.5625,32.4375,36.89000000000004,0.0,0.0,0.0,0.0,0.0,20.0,0.3,0.1,0.2,0.1,0.4,0.1,0.1,0.1,0.5,0.0,65535.0,0.18564126039520867,0.0,65535.0,0.14297703517204546,0.0,0.0,0.0,0.0,0.0,0.0,0.0,0.0,0.0,0.0
122537.24,1.2359027177345885,0.0,22194.0,37.0,0.2142999999981631,31.5625,32.5,36.870000000000005,0.0,0.0,0.0,0.0,0.0,20.0,0.3,0.1,0.2,0.1,0.4,0.1,0.1,0.1,0.5,0.0,65535.0,0.18527504386968796,0.0,65535.0,0.14224460212100404,0.0,0.0,0.0,0.0,0.0,0.0,0.0,0.0,0.0,0.0
122597.31,1.2056142676430242,0.0,22194.0,37.0,0.20719999999815192,31.625,32.4375,36.89000000000004,0.0,0.0048,0.25,0.0,0.0,20.0,0.3,0.1,0.2,0.1,0.4,0.1,0.1,0.1,0.5,0.0,65535.0,0.18588540474555582,0.0,65535.0,0.14259555962462805,0.0,0.0,0.0,0.0,0.0,0.0,0.0,0.0,0.0,0.0
122657.35,1.1948112448117676,0.0,22194.0,37.0,0.27829999999815347,31.5,32.5,36.650000000000034,0.0,0.0,0.0,0.0,0.0,20.0,0.3,0.1,0.2,0.1,0.4,0.1,0.1,0.1,0.5,0.0,65535.0,0.1816586556801709,0.0,65535.0,0.1394216830701152,0.0,0.0,0.0,0.0,0.0,0.0,0.0,0.0,0.0,0.0
122717.4,1.1960606652415542,0.0,22194.0,37.0,0.2021999999981542,31.5625,32.5,36.97000000000003,0.0,0.0,0.0,0.0,0.0,20.0,0.3,0.1,0.2,0.1,0.4,0.1,0.1,0.1,0.5,0.0,65535.0,0.1811856260013733,0.0,65535.0,0.13830777447165638,0.0,0.0,0.0,0.0,0.0,0.0,0.0,0.0,0.0,0.0
122777.48,1.1824828239113083,0.0,22194.0,37.0,0.17069999999815186,31.625,32.4375,37.09000000000003,0.0,0.0,0.0,0.0,0.0,20.0,0.3,0.1,0.2,0.1,0.4,0.1,0.1,0.1,0.5,0.0,65535.0,0.18176546883344777,0.0,65535.0,0.13870450904097048,0.0,0.0,0.0,0.0,0.0,0.0,0.0,0.0,0.0,0.0
122837.52,1.2090892666486925,0.0,22194.0,37.0,0.22449999999815806,31.625,32.5,36.870000000000005,0.0,0.0,0.0,0.0,0.0,20.0,0.3,0.1,0.2,0.1,0.4,0.1,0.1,0.1,0.5,0.0,65535.0,0.18199435416189821,0.0,65535.0,0.13933012893873503,0.0,0.0,0.0,0.0,0.0,0.0,0.0,0.0,0.0,0.0
122897.58,1.1969901064340394,0.0,22194.0,37.0,0.113199999998153,31.625,32.5,37.29000000000002,0.0,0.0,0.0,0.0,0.0,20.0,0.3,0.1,0.2,0.1,0.4,0.1,0.1,0.1,0.5,0.0,65535.0,0.18185702296482795,0.0,65535.0,0.1390859845883879,0.0,0.0,0.0,0.0,0.0,0.0,0.0,0.0,0.0,0.0
122957.63,1.1510030225518477,0.0,22194.0,37.0,0.20349999999815613,31.625,32.4375,36.93000000000001,0.0,0.0,0.0,0.0,0.0,20.0,0.3,0.1,0.2,0.1,0.4,0.1,0.1,0.1,0.5,0.0,65535.0,0.18127718013275348,0.0,65535.0,0.13933012893873503,0.0,0.0,0.0,0.0,0.0,0.0,0.0,0.0,0.0,0.0
123017.67,1.1962355473710162,0.0,22194.0,37.0,0.1984999999981456,31.625,32.5,36.950000000000045,0.0,0.0,0.0,0.0,0.0,20.0,0.3,0.1,0.2,0.1,0.4,0.1,0.1,0.1,0.5,0.0,65535.0,0.1825131609063859,0.0,65535.0,0.13966582742046235,0.0,0.0,0.0,0.0,0.0,0.0,0.0,0.0,0.0,0.0
123077.75,1.177986006629426,0.0,22194.0,37.0,0.2134999999981453,31.625,32.5,36.89000000000004,0.0,0.0,0.0,0.0,0.0,20.0,0.3,0.1,0.2,0.1,0.4,0.1,0.1,0.1,0.5,0.0,65535.0,0.18260471503776607,0.0,65535.0,0.13890287632562753,0.0,0.0,0.0,0.0,0.0,0.0,0.0,0.0,0.0,0.0
123137.83,1.1850002860895252,0.0,22194.0,37.0,0.19639999999814323,31.625,32.5,36.950000000000045,0.0,0.0,0.0,0.0,0.0,20.0,0.3,0.1,0.2,0.1,0.4,0.1,0.1,0.1,0.5,0.0,65535.0,0.18237582970931562,0.0,65535.0,0.13893339436942093,0.0,0.0,0.0,0.0,0.0,0.0,0.0,0.0,0.0,0.0
123197.9,1.2022774503839686,0.0,22194.0,37.0,0.17459999999814627,31.625,32.5,37.03000000000003,0.0,0.0,0.0,0.0,0.0,20.0,0.3,0.1,0.2,0.1,0.4,0.1,0.1,0.1,0.5,0.0,65535.0,0.18223849851224536,0.0,65535.0,0.13957427328908217,0.0,0.0,0.0,0.0,0.0,0.0,0.0,0.0,0.0,0.0
123257.94,1.177064875040531,0.0,22194.0,37.0,0.19849999999814127,31.625,32.4375,36.950000000000045,0.0,0.0,0.0,0.0,0.0,20.0,0.3,0.1,0.2,0.1,0.4,0.1,0.1,0.1,0.5,0.0,65535.0,0.18239108873121232,0.0,65535.0,0.1399099717708095,0.0,0.0,0.0,0.0,0.0,0.0,0.0,0.0,0.0,0.0
123318.0,1.172078105483577,0.0,22194.0,37.0,0.20379999999815065,31.625,32.4375,36.93000000000001,0.0,0.0,0.0,0.0,0.0,20.0,0.3,0.1,0.2,0.1,0.4,0.1,0.1,0.1,0.5,0.0,65535.0,0.18254367895017928,0.0,65535.0,0.1398641947051194,0.0,0.0,0.0,0.0,0.0,0.0,0.0,0.0,0.0,0.0
123378.06,1.2155530015182305,0.0,22194.0,37.0,0.22229999999814548,31.625,32.4375,36.85000000000002,0.0,0.0,0.0,0.0,0.0,20.0,0.3,0.1,0.2,0.1,0.4,0.1,0.1,0.1,0.5,0.0,65535.0,0.182055390249485,0.0,65535.0,0.13981841763942932,0.0,0.0,0.0,0.0,0.0,0.0,0.0,0.0,0.0,0.0
123438.09,1.1828781484276516,0.0,22194.0,37.0,0.17429999999814308,31.625,32.4375,37.03000000000003,0.0,0.0,0.0,0.0,0.0,20.0,0.3,0.1,0.2,0.1,0.4,0.1,0.1,0.1,0.5,0.0,65535.0,0.18342870222018767,0.0,65535.0,0.14048981460288396,0.0,0.0,0.0,0.0,0.0,0.0,0.0,0.0,0.0,0.0
123498.15,1.1657110909540562,0.0,22194.0,37.0,0.16899999999814705,31.6875,32.5,37.05000000000001,0.0,0.0,0.0,0.0,0.0,20.0,0.3,0.1,0.2,0.1,0.4,0.1,0.1,0.1,0.5,0.0,65535.0,0.18261997405966277,0.0,65535.0,0.14132906080720226,0.0,0.0,0.0,0.0,0.0,0.0,0.0,0.0,0.0,0.0
123558.19,1.1949324508737278,0.0,22194.0,37.0,0.191899999998137,31.5625,32.4375,36.950000000000045,0.0,0.0,0.0,0.0,0.0,20.0,0.3,0.1,0.2,0.1,0.4,0.1,0.1,0.1,0.5,0.0,65535.0,0.18237582970931562,0.0,65535.0,0.1416189822232395,0.0,0.0,0.0,0.0,0.0,0.0,0.0,0.0,0.0,0.0
123618.26,1.1885386541623766,0.0,22194.0,37.0,0.15479999999813976,31.625,32.4375,37.09000000000003,0.0,0.0,0.0,0.0,0.0,20.0,0.3,0.1,0.2,0.1,0.4,0.1,0.1,0.1,0.5,0.0,65535.0,0.18274204623483634,0.0,65535.0,0.14061188677805753,0.0,0.0,0.0,0.0,0.0,0.0,0.0,0.0,0.0,0.0
123678.3,1.1965482846799846,0.0,22194.0,37.0,0.20919999999814626,31.625,32.4375,36.870000000000005,0.0,0.0,0.0,0.0,0.0,20.0,0.3,0.1,0.2,0.1,0.4,0.1,0.1,0.1,0.5,0.0,65535.0,0.1829404135194934,0.0,65535.0,0.14047455558098726,0.0,0.0,0.0,0.0,0.0,0.0,0.0,0.0,0.0,0.0
123738.36,1.213361851592298,0.0,22194.0,37.0,0.1944999999981454,31.5625,32.4375,36.93000000000001,0.0,0.0,0.0,0.0,0.0,20.0,0.3,0.1,0.2,0.1,0.4,0.1,0.1,0.1,0.5,0.0,65535.0,0.18417639429312582,0.0,65535.0,0.14148165102616922,0.0,0.0,0.0,0.0,0.0,0.0,0.0,0.0,0.0,0.0
123798.43,1.1772727534929994,0.0,22194.0,37.0,0.1644999999981434,31.5625,32.4375,37.05000000000001,0.0,0.0,0.0,0.0,0.0,20.0,0.3,0.1,0.2,0.1,0.4,0.1,0.1,0.1,0.5,0.0,65535.0,0.18484779125658046,0.0,65535.0,0.14081025406271458,0.0,0.0,0.0,0.0,0.0,0.0,0.0,0.0,0.0,0.0
123858.51,1.1734642379603955,0.0,22194.0,37.0,0.1423999999981317,31.625,32.4375,37.13000000000005,0.0,0.0,0.0,0.0,0.0,20.0,0.3,0.1,0.2,0.1,0.4,0.1,0.1,0.1,0.5,0.0,65535.0,0.18271152819104294,0.0,65535.0,0.14125276569771877,0.0,0.0,0.0,0.0,0.0,0.0,0.0,0.0,0.0,0.0
123918.58,1.1876301015760904,0.0,22194.0,37.0,0.16679999999813622,31.5625,32.4375,37.03000000000003,0.0,0.0,0.0,0.0,0.0,20.0,0.3,0.1,0.2,0.1,0.4,0.1,0.1,0.1,0.5,0.0,65535.0,0.1838559548332952,0.0,65535.0,0.14097810330357824,0.0,0.0,0.0,0.0,0.0,0.0,0.0,0.0,0.0,0.0
123978.65,1.209949754618082,0.0,22194.0,37.0,0.19284999999814179,31.5625,32.4375,36.73000000000002,0.0,0.0,0.0,0.0,0.0,20.0,0.3,0.1,0.2,0.1,0.4,0.1,0.1,0.1,0.5,0.0,65535.0,0.18376440070191502,0.0,65535.0,0.14142061493858243,0.0,0.0,0.0,0.0,0.0,0.0,0.0,0.0,0.0,0.0
124038.69,1.2168354801207455,0.0,22194.0,37.0,0.18374999999813585,31.5625,32.4375,36.77000000000004,0.0,0.0,0.0,0.0,0.0,20.0,0.3,0.1,0.2,0.1,0.4,0.1,0.1,0.1,0.5,0.0,65535.0,0.18274204623483634,0.0,65535.0,0.1416189822232395,0.0,0.0,0.0,0.0,0.0,0.0,0.0,0.0,0.0,0.0
124098.75,1.1742715541168867,0.0,22194.0,37.0,0.18494999999813475,31.5625,32.375,36.81,0.0,0.0,0.0,0.0,0.0,20.0,0.3,0.1,0.2,0.1,0.4,0.1,0.1,0.1,0.5,0.0,65535.0,0.18368810559243154,0.0,65535.0,0.14166475928892958,0.0,0.0,0.0,0.0,0.0,0.0,0.0,0.0,0.0,0.0
124158.81,1.1837913729892342,0.0,22194.0,37.0,0.17434999999812847,31.5625,32.4375,36.81,0.0,0.0,0.0,0.0,0.0,20.0,0.3,0.1,0.2,0.1,0.4,0.1,0.1,0.1,0.5,0.0,65535.0,0.18316929884794383,0.0,65535.0,0.14149691004806592,0.0,0.0,0.0,0.0,0.0,0.0,0.0,0.0,0.0,0.0
124218.88,1.219681828784995,0.0,22194.0,37.0,0.17494999999812708,31.5625,32.4375,37.01000000000005,0.0,0.0,0.0,0.0,0.0,20.0,0.3,0.1,0.2,0.1,0.4,0.1,0.1,0.1,0.5,0.0,65535.0,0.18396276798657207,0.0,65535.0,0.1415732051575494,0.0,0.0,0.0,0.0,0.0,0.0,0.0,0.0,0.0,0.0
124278.95,1.2279053030003932,0.0,22194.0,37.0,0.14784999999813495,31.5625,32.375,36.950000000000045,0.0,0.0,0.0,0.0,0.0,20.0,0.3,0.1,0.2,0.1,0.4,0.1,0.1,0.1,0.5,0.0,65535.0,0.1838101777676051,0.0,65535.0,0.14206149385824368,0.0,0.0,0.0,0.0,0.0,0.0,0.0,0.0,0.0,0.0
124339.0,1.1646581040052415,0.0,22194.0,37.0,0.17344999999812502,31.5625,32.4375,36.93000000000001,0.0,0.0,0.0,0.0,0.0,20.0,0.3,0.1,0.2,0.1,0.4,0.1,0.1,0.1,0.5,0.0,65535.0,0.18451209277485314,0.0,65535.0,0.14273289082169832,0.0,0.0,0.0,0.0,0.0,0.0,0.0,0.0,0.0,0.0
124399.08,1.1951594521114302,0.0,22194.0,37.0,0.14754999999813265,31.5625,32.4375,37.01000000000005,0.0,0.0,0.0,0.0,0.0,20.0,0.3,0.1,0.2,0.1,0.4,0.1,0.1,0.1,0.5,0.0,65535.0,0.18487830930037386,0.0,65535.0,0.14229037918669413,0.0,0.0,0.0,0.0,0.0,0.0,0.0,0.0,0.0,0.0
124459.15,1.2075981454334808,0.0,22194.0,37.0,0.1881499999981233,31.5625,32.375,36.690000000000055,0.0,0.0,0.0,0.0,0.0,20.0,0.3,0.1,0.2,0.1,0.4,0.1,0.1,0.1,0.5,0.0,65535.0,0.18443579766536966,0.0,65535.0,0.14254978255893797,0.0,0.0,0.0,0.0,0.0,0.0,0.0,0.0,0.0,0.0
124519.2,1.1979676148313088,0.0,22194.0,37.0,0.1893499999981222,31.5625,32.4375,36.710000000000036,0.0,0.0,0.0,0.0,0.0,20.0,0.3,0.1,0.2,0.1,0.4,0.1,0.1,0.1,0.5,0.0,65535.0,0.1842221713588159,0.0,65535.0,0.14312962539101243,0.0,0.0,0.0,0.0,0.0,0.0,0.0,0.0,0.0,0.0
124579.26,1.1865647998719886,0.0,22194.0,37.0,0.1908499999981208,31.5625,32.4375,36.97000000000003,0.0,0.0,0.0,0.0,0.0,20.0,0.3,0.1,0.2,0.1,0.4,0.1,0.1,0.1,0.5,0.0,65535.0,0.18411535820553904,0.0,65535.0,0.14164950026703288,0.0,0.0,0.0,0.0,0.0,0.0,0.0,0.0,0.0,0.0
124639.3,1.2193967940300876,0.0,22194.0,37.0,0.17024999999812362,31.5625,32.4375,36.85000000000002,0.0,0.0,0.0,0.0,0.0,20.0,0.3,0.1,0.2,0.1,0.4,0.1,0.1,0.1,0.5,0.0,65535.0,0.18371862363622493,0.0,65535.0,0.14229037918669413,0.0,0.0,0.0,0.0,0.0,0.0,0.0,0.0,0.0,0.0
124699.33,1.181502213986675,0.0,22194.0,37.0,0.1926499999981183,31.5625,32.4375,37.05000000000001,0.0,0.0,0.0,0.0,0.0,20.0,0.3,0.1,0.2,0.1,0.4,0.1,0.1,0.1,0.5,0.0,65535.0,0.18495460440985734,0.0,65535.0,0.14291599908445868,0.0,0.0,0.0,0.0,0.0,0.0,0.0,0.0,0.0,0.0
124759.38,1.1737338476633297,0.0,22194.0,37.0,0.207649999998118,31.5625,32.4375,36.89000000000004,0.0,0.0,0.0,0.0,0.0,20.0,0.3,0.1,0.2,0.1,0.4,0.1,0.1,0.1,0.5,0.0,65535.0,0.1850766765850309,0.0,65535.0,0.1432059205004959,0.0,0.0,0.0,0.0,0.0,0.0,0.0,0.0,0.0,0.0
124819.42,1.192370949129673,0.0,22194.0,37.0,0.17584999999811596,31.5625,32.4375,36.93000000000001,0.0,0.0,0.0,0.0,0.0,20.0,0.3,0.1,0.2,0.1,0.4,0.1,0.1,0.1,0.5,0.0,65535.0,0.18654154268711376,0.0,65535.0,0.1436789501792935,0.0,0.0,0.0,0.0,0.0,0.0,0.0,0.0,0.0,0.0
124879.49,1.2130617161456991,0.0,22194.0,37.0,0.18614999999811996,31.5625,32.5,36.870000000000005,0.0,0.0,0.0,0.0,0.0,20.0,0.3,0.1,0.2,0.1,0.4,0.1,0.1,0.1,0.5,0.0,65535.0,0.18522926680399787,0.0,65535.0,0.14296177615014877,0.0,0.0,0.0,0.0,0.0,0.0,0.0,0.0,0.0,0.0
124939.57,1.1914739653604733,0.0,22194.0,37.0,0.17644999999811373,31.5625,32.4375,36.81,0.0,0.0,0.0,0.0,0.0,20.0,0.3,0.1,0.2,0.1,0.4,0.1,0.1,0.1,0.5,0.0,65535.0,0.18410009918364234,0.0,65535.0,0.14270237277790493,0.0,0.0,0.0,0.0,0.0,0.0,0.0,0.0,0.0,0.0
124999.62,1.217694366589463,0.0,22194.0,37.0,0.15194999999811667,31.5625,32.4375,36.950000000000045,0.0,0.0,0.0,0.0,0.0,20.0,0.3,0.1,0.2,0.1,0.4,0.1,0.1,0.1,0.5,0.0,65535.0,0.18496986343175403,0.0,65535.0,0.1437094682230869,0.0,0.0,0.0,0.0,0.0,0.0,0.0,0.0,0.0,0.0
125059.68,1.2079286947782972,0.0,22194.0,37.0,0.19224999999812264,31.5625,32.4375,36.870000000000005,0.0,0.0,0.0,0.0,0.0,20.0,0.3,0.1,0.2,0.1,0.4,0.1,0.1,0.1,0.5,0.0,65535.0,0.18559548332951858,0.0,65535.0,0.1436484321355001,0.0,0.0,0.0,0.0,0.0,0.0,0.0,0.0,0.0,0.0
125119.76,1.2009251455612047,0.0,22194.0,37.0,0.15044999999811545,31.5625,32.4375,36.950000000000045,0.0,0.0,0.0,0.0,0.0,20.0,0.3,0.1,0.2,0.1,0.4,0.1,0.1,0.1,0.5,0.0,65535.0,0.18672465094987412,0.0,65535.0,0.14348058289463644,0.0,0.0,0.0,0.0,0.0,0.0,0.0,0.0,0.0,0.0
125179.81,1.2230501674702081,0.0,22194.0,37.0,0.1483499999981148,31.5625,32.4375,36.89000000000004,0.0,0.0,0.0,0.0,0.0,20.0,0.3,0.1,0.2,0.1,0.4,0.1,0.1,0.1,0.5,0.0,65535.0,0.1855039291981384,0.0,65535.0,0.14334325169756618,0.0,0.0,0.0,0.0,0.0,0.0,0.0,0.0,0.0,0.0
125239.84,1.2164894889460047,0.0,22194.0,37.0,0.21374999999811642,31.5625,32.4375,36.77000000000004,0.0,0.0,0.0,0.0,0.0,20.0,0.3,0.1,0.2,0.1,0.4,0.1,0.1,0.1,0.5,0.0,65535.0,0.18565651941710537,0.0,65535.0,0.14343480582894635,0.0,0.0,0.0,0.0,0.0,0.0,0.0,0.0,0.0,0.0
125299.89,1.2341791642498032,0.0,22194.0,37.0,0.25384999999811175,31.5625,32.375,36.950000000000045,0.0,0.0,0.0,0.0,0.0,20.0,0.3,0.1,0.2,0.1,0.4,0.1,0.1,0.1,0.5,0.0,65535.0,0.18620584420538644,0.0,65535.0,0.14338902876325627,0.0,0.0,0.0,0.0,0.0,0.0,0.0,0.0,0.0,0.0
125359.96,1.2232802033560835,0.0,22194.0,37.0,0.2309499999981201,31.625,32.4375,37.09000000000003,0.0,0.0,0.0,0.0,0.0,20.0,0.3,0.1,0.2,0.1,0.4,0.1,0.1,0.1,0.5,0.0,65535.0,0.1850919356069276,0.0,65535.0,0.14348058289463644,0.0,0.0,0.0,0.0,0.0,0.0,0.0,0.0,0.0,0.0
125420.03,1.2188286841050906,0.0,22194.0,37.0,0.1664499999981168,31.5625,32.4375,36.89000000000004,0.0,0.0,0.0,0.0,0.0,20.0,0.3,0.1,0.2,0.1,0.4,0.1,0.1,0.1,0.5,0.0,65535.0,0.1859922178988327,0.0,65535.0,0.1445639734493019,0.0,0.0,0.0,0.0,0.0,0.0,0.0,0.0,0.0,0.0
125480.11,1.2079942006489555,0.0,22194.0,37.0,0.17374999999810675,31.5625,32.375,36.97000000000003,0.0,0.0,0.0,0.0,0.0,20.0,0.3,0.1,0.2,0.1,0.4,0.1,0.1,0.1,0.5,0.0,65535.0,0.1859006637674525,0.0,65535.0,0.14422827496757457,0.0,0.0,0.0,0.0,0.0,0.0,0.0,0.0,0.0,0.0
125540.17,1.2035642589810651,0.0,22194.0,37.0,0.18934999999810592,31.5625,32.4375,36.97000000000003,0.0,0.0,0.0,0.0,0.0,20.0,0.3,0.1,0.2,0.1,0.4,0.1,0.1,0.1,0.5,0.0,65535.0,0.18492408636606394,0.0,65535.0,0.14474708171206227,0.0,0.0,0.0,0.0,0.0,0.0,0.0,0.0,0.0,0.0
125600.24,1.2294599832302897,0.0,22194.0,37.0,0.16644999999811425,31.5625,32.375,36.950000000000045,0.0,0.0,0.0,0.0,0.0,20.0,0.3,0.1,0.2,0.1,0.4,0.1,0.1,0.1,0.5,0.0,65535.0,0.18631265735866331,0.0,65535.0,0.14491493095292593,0.0,0.0,0.0,0.0,0.0,0.0,0.0,0.0,0.0,0.0
125660.3,1.2154531672183875,0.0,22194.0,37.0,0.20794999999810493,31.5625,32.375,36.97000000000003,0.0,0.0,0.0,0.0,0.0,20.0,0.3,0.1,0.2,0.1,0.4,0.1,0.1,0.1,0.5,0.0,65535.0,0.1863431754024567,0.0,65535.0,0.14496070801861602,0.0,0.0,0.0,0.0,0.0,0.0,0.0,0.0,0.0,0.0
125720.38,1.2368489267180647,0.0,22194.0,37.0,0.1758499999981023,31.5625,32.4375,37.01000000000005,0.0,0.0,0.0,0.0,0.0,20.0,0.3,0.1,0.2,0.1,0.4,0.1,0.1,0.1,0.5,0.0,65535.0,0.18648050659952697,0.0,65535.0,0.1446402685587854,0.0,0.0,0.0,0.0,0.0,0.0,0.0,0.0,0.0,0.0
125780.41,1.1912757403860887,0.0,22194.0,37.0,0.1764499999981009,31.625,32.375,37.01000000000005,0.0,0.0,0.0,0.0,0.0,20.0,0.3,0.1,0.2,0.1,0.4,0.1,0.1,0.1,0.5,0.0,65535.0,0.18577859159227894,0.0,65535.0,0.14480811779964906,0.0,0.0,0.0,0.0,0.0,0.0,0.0,0.0,0.0,0.0
125840.45,1.2192788203037161,0.0,22194.0,37.0,0.16904999999810422,31.5625,32.375,37.01000000000005,0.0,0.0,0.0,0.0,0.0,20.0,0.3,0.1,0.2,0.1,0.4,0.1,0.1,0.1,0.5,0.0,65535.0,0.18689250019073778,0.0,65535.0,0.14523537041275655,0.0,0.0,0.0,0.0,0.0,0.0,0.0,0.0,0.0,0.0
125900.53,1.2266340212875857,0.0,22194.0,37.0,0.20284999999809933,31.5,32.4375,36.870000000000005,0.0,0.0,0.0,0.0,0.0,20.0,0.3,0.1,0.2,0.1,0.4,0.1,0.1,0.1,0.5,0.0,65535.0,0.18780804150453956,0.0,65535.0,0.14525062943465325,0.0,0.0,0.0,0.0,0.0,0.0,0.0,0.0,0.0,0.0
125960.58,1.2496770819711636,0.0,22194.0,37.0,0.17434999999809683,31.5625,32.4375,36.93000000000001,0.0,0.0,0.0,0.0,0.0,20.0,0.3,0.1,0.2,0.1,0.4,0.1,0.1,0.1,0.5,0.0,65535.0,0.18663309681849394,0.0,65535.0,0.14517433432516977,0.0,0.0,0.0,0.0,0.0,0.0,0.0,0.0,0.0,0.0
126020.66,1.226315384442813,0.0,22194.0,37.0,0.1272499999980936,31.5,32.4375,36.97000000000003,0.0,0.0,0.0,0.0,0.0,20.0,0.3,0.1,0.2,0.1,0.4,0.1,0.1,0.1,0.5,0.0,65535.0,0.18748760204470893,0.0,65535.0,0.14497596704051272,0.0,0.0,0.0,0.0,0.0,0.0,0.0,0.0,0.0,0.0
126080.7,1.2503240626915078,0.0,22194.0,37.0,0.14634999999810294,31.5,32.375,36.950000000000045,0.0,0.0,0.0,0.0,0.0,20.0,0.3,0.1,0.2,0.1,0.4,0.1,0.1,0.1,0.5,0.0,65535.0,0.18573281452658885,0.0,65535.0,0.14493018997482263,0.0,0.0,0.0,0.0,0.0,0.0,0.0,0.0,0.0,0.0
126140.75,1.2129101125292763,0.0,22194.0,37.0,0.18874999999809364,31.5,32.375,36.870000000000005,0.0,0.0,0.0,0.0,0.0,20.0,0.3,0.1,0.2,0.1,0.4,0.1,0.1,0.1,0.5,0.0,65535.0,0.1876249332417792,0.0,65535.0,0.14602883955138476,0.0,0.0,0.0,0.0,0.0,0.0,0.0,0.0,0.0,0.0
126200.79,1.2220210526414266,0.0,22194.0,37.0,0.16874999999809676,31.5,32.375,36.73000000000002,0.0,0.0,0.0,0.0,0.0,20.0,0.3,0.1,0.2,0.1,0.4,0.1,0.1,0.1,0.5,0.0,65535.0,0.18631265735866331,0.0,65535.0,0.14473182269016557,0.0,0.0,0.0,0.0,0.0,0.0,0.0,0.0,0.0,0.0
126260.85,1.2085272145344186,0.0,22194.0,37.0,0.19524999999810191,31.5,32.375,36.690000000000055,0.0,0.0,0.0,0.0,0.0,20.0,0.3,0.1,0.2,0.1,0.4,0.1,0.1,0.1,0.5,0.0,65535.0,0.18756389715419242,0.0,65535.0,0.14682230869001298,0.0,0.0,0.0,0.0,0.0,0.0,0.0,0.0,0.0,0.0
126320.92,1.2503758299562977,0.0,22194.0,37.0,0.18934999999809135,31.5625,32.4375,36.79000000000002,0.0,0.0,0.0,0.0,0.0,20.0,0.3,0.1,0.2,0.1,0.4,0.1,0.1,0.1,0.5,0.0,65535.0,0.18698405432211795,0.0,65535.0,0.14552529182879378,0.0,0.0,0.0,0.0,0.0,0.0,0.0,0.0,0.0,0.0
126380.97,1.2148039299332498,0.0,22194.0,37.0,0.12924999999809825,31.5,32.375,36.93000000000001,0.0,0.0,0.0,0.0,0.0,20.0,0.3,0.1,0.2,0.1,0.4,0.1,0.1,0.1,0.5,0.0,65535.0,0.18661783779659724,0.0,65535.0,0.14605935759517816,0.0,0.0,0.0,0.0,0.0,0.0,0.0,0.0,0.0,0.0
126441.04,1.2441326106850013,0.0,22194.0,37.0,0.1907499999981,31.4375,32.375,36.81,0.0,0.0,0.0,0.0,0.0,20.0,0.3,0.1,0.2,0.1,0.4,0.1,0.1,0.1,0.5,0.0,65535.0,0.18747234302281224,0.0,65535.0,0.14511329823758298,0.0,0.0,0.0,0.0,0.0,0.0,0.0,0.0,0.0,0.0
126501.12,1.2164690190650376,0.0,22194.0,37.0,0.1687499999980933,31.5,32.375,36.89000000000004,0.0,0.0,0.0,0.0,0.0,20.0,0.3,0.1,0.2,0.1,0.4,0.1,0.1,0.1,0.5,0.0,65535.0,0.18686198214694438,0.0,65535.0,0.14555580987258718,0.0,0.0,0.0,0.0,0.0,0.0,0.0,0.0,0.0,0.0
126561.15,1.2390613432645587,0.0,22194.0,37.0,0.19764999999809882,31.5625,32.375,36.93000000000001,0.0,0.0,0.0,0.0,0.0,20.0,0.3,0.1,0.2,0.1,0.4,0.1,0.1,0.1,0.5,0.0,65535.0,0.18693827725642786,0.0,65535.0,0.14615091172655834,0.0,0.0,0.0,0.0,0.0,0.0,0.0,0.0,0.0,0.0
126621.19,1.209304909650453,0.0,22194.0,37.0,0.18764999999809284,31.5625,32.375,36.89000000000004,0.0,0.0,0.0,0.0,0.0,20.0,0.3,0.1,0.2,0.1,0.4,0.1,0.1,0.1,0.5,0.0,65535.0,0.18785381857022965,0.0,65535.0,0.14612039368276494,0.0,0.0,0.0,0.0,0.0,0.0,0.0,0.0,0.0,0.0
126681.27,1.2279523817510374,0.0,22194.0,37.0,0.1561499999980905,31.5625,32.4375,36.870000000000005,0.0,0.0,0.0,0.0,0.0,20.0,0.3,0.1,0.2,0.1,0.4,0.1,0.1,0.1,0.5,0.0,65535.0,0.1889372091248951,0.0,65535.0,0.1470969710841535,0.0,0.0,0.0,0.0,0.0,0.0,0.0,0.0,0.0,0.0
126741.34,1.2137691503273027,0.0,22194.0,37.0,0.13434999999809355,31.5,32.375,36.89000000000004,0.0,0.0,0.0,0.0,0.0,20.0,0.3,0.1,0.2,0.1,0.4,0.1,0.1,0.1,0.5,0.0,65535.0,0.1884489204242008,0.0,65535.0,0.14686808575570307,0.0,0.0,0.0,0.0,0.0,0.0,0.0,0.0,0.0,0.0
126801.38,1.242497473035129,0.0,22194.0,37.0,0.19494999999809526,31.5625,32.375,36.870000000000005,0.0,0.0,0.0,0.0,0.0,20.0,0.3,0.1,0.2,0.1,0.4,0.1,0.1,0.1,0.5,0.0,65535.0,0.18814373998626688,0.0,65535.0,0.14651712825207905,0.0,0.0,0.0,0.0,0.0,0.0,0.0,0.0,0.0,0.0
126861.45,1.260286956576206,0.0,22194.0,37.0,0.1893499999980844,31.5,32.4375,36.870000000000005,0.0,0.0,0.0,0.0,0.0,20.0,0.3,0.1,0.2,0.1,0.4,0.1,0.1,0.1,0.5,0.0,65535.0,0.1876707103074693,0.0,65535.0,0.14639505607690548,0.0,0.0,0.0,0.0,0.0,0.0,0.0,0.0,0.0,0.0
126921.51,1.267216517346854,0.0,22194.0,37.0,0.17084999999808786,31.5,32.375,36.870000000000005,0.0,0.0,0.0,0.0,0.0,20.0,0.3,0.1,0.2,0.1,0.4,0.1,0.1,0.1,0.5,0.0,65535.0,0.18854047455558098,0.0,65535.0,0.14831769283588922,0.0,0.0,0.0,0.0,0.0,0.0,0.0,0.0,0.0,0.0
126981.55,1.2700847844564955,0.0,22194.0,37.0,0.24944999999808998,31.5625,32.4375,36.85000000000002,0.0,0.0,0.0,0.0,0.0,20.0,0.3,0.1,0.2,0.1,0.4,0.1,0.1,0.1,0.5,0.0,65535.0,0.18966964217593651,0.0,65535.0,0.1467460135805295,0.0,0.0,0.0,0.0,0.0,0.0,0.0,0.0,0.0,0.0
127041.58,1.2212717449039727,0.0,22194.0,37.0,0.19834999999808214,31.5625,32.4375,37.110000000000014,0.0,0.0,0.0,0.0,0.0,20.0,0.3,0.1,0.2,0.1,0.4,0.1,0.1,0.1,0.5,0.0,65535.0,0.187182421606775,0.0,65535.0,0.14641031509880217,0.0,0.0,0.0,0.0,0.0,0.0,0.0,0.0,0.0,0.0
127101.65,1.2393324806079895,0.0,22194.0,37.0,0.13144999999807847,31.5625,32.4375,36.97000000000003,0.0,0.0,0.0,0.0,0.0,20.0,0.3,0.1,0.2,0.1,0.4,0.1,0.1,0.1,0.5,0.0,65535.0,0.19046311131456473,0.0,65535.0,0.14729533836881056,0.0,0.0,0.0,0.0,0.0,0.0,0.0,0.0,0.0,0.0
127161.73,1.2577538484169954,0.0,22194.0,37.0,0.16784999999808373,31.625,32.4375,36.79000000000002,0.0,0.0,0.0,0.0,0.0,20.0,0.3,0.1,0.2,0.1,0.4,0.1,0.1,0.1,0.5,0.0,65535.0,0.18815899900816357,0.0,65535.0,0.14688334477759976,0.0,0.0,0.0,0.0,0.0,0.0,0.0,0.0,0.0,0.0
127221.77,1.2287942958301494,0.0,22194.0,37.0,0.18374999999808347,31.5625,32.4375,36.950000000000045,0.0,0.0,0.0,0.0,0.0,20.0,0.3,0.1,0.2,0.1,0.4,0.1,0.1,0.1,0.5,0.0,65535.0,0.1893034256504158,0.0,65535.0,0.14792095826657511,0.0,0.0,0.0,0.0,0.0,0.0,0.0,0.0,0.0,0.0
127281.84,1.2666558226910696,0.0,22194.0,37.0,0.17404999999807724,31.5625,32.375,37.09000000000003,0.0,0.0,0.0,0.0,0.0,20.0,0.3,0.1,0.2,0.1,0.4,0.1,0.1,0.1,0.5,0.0,65535.0,0.18796063172350652,0.0,65535.0,0.1471885252155337,0.0,0.0,0.0,0.0,0.0,0.0,0.0,0.0,0.0,0.0
127341.91,1.2737917317853364,0.0,22194.0,37.0,0.16314999999808547,31.5625,32.375,36.710000000000036,0.0,0.0,0.0,0.0,0.0,20.0,0.3,0.1,0.2,0.1,0.4,0.1,0.1,0.1,0.5,0.0,65535.0,0.18910505836575875,0.0,65535.0,0.14814984359502556,0.0,0.0,0.0,0.0,0.0,0.0,0.0,0.0,0.0,0.0
127401.94,1.2513986613633397,0.0,22194.0,37.0,0.2043499999980764,31.5625,32.4375,36.870000000000005,0.0,0.0,0.0,0.0,0.0,20.0,0.3,0.1,0.2,0.1,0.4,0.1,0.1,0.1,0.5,0.0,65535.0,0.1884184023804074,0.0,65535.0,0.1475852597848478,0.0,0.0,0.0,0.0,0.0,0.0,0.0,0.0,0.0,0.0
127462.01,1.249499770616723,0.0,22194.0,37.0,0.15374999999807806,31.5625,32.4375,36.870000000000005,0.0,0.0,0.0,0.0,0.0,20.0,0.3,0.1,0.2,0.1,0.4,0.1,0.1,0.1,0.5,0.0,65535.0,0.19108873121232928,0.0,65535.0,0.14778362706950485,0.0,0.0,0.0,0.0,0.0,0.0,0.0,0.0,0.0,0.0
127522.06,1.2431161323192437,0.0,22194.0,37.0,0.20824999999807453,31.5625,32.375,36.85000000000002,0.0,0.0,0.0,0.0,0.0,20.0,0.3,0.1,0.2,0.1,0.4,0.1,0.1,0.1,0.5,0.0,65535.0,0.18857099259937438,0.0,65535.0,0.1488364995803769,0.0,0.0,0.0,0.0,0.0,0.0,0.0,0.0,0.0,0.0
127582.13,1.261956235006188,0.0,22194.0,37.0,0.17794999999807198,31.5625,32.4375,37.01000000000005,0.0,0.0,0.0,0.0,0.0,20.0,0.3,0.1,0.2,0.1,0.4,0.1,0.1,0.1,0.5,0.0,65535.0,0.18921187151903562,0.0,65535.0,0.14732585641260396,0.0,0.0,0.0,0.0,0.0,0.0,0.0,0.0,0.0,0.0
127642.21,1.2446998535921878,0.0,22194.0,37.0,0.1911499999980716,31.5625,32.4375,36.950000000000045,0.0,0.0,0.0,0.0,0.0,20.0,0.3,0.1,0.2,0.1,0.4,0.1,0.1,0.1,0.5,0.0,65535.0,0.19006637674525062,0.0,65535.0,0.1475852597848478,0.0,0.0,0.0,0.0,0.0,0.0,0.0,0.0,0.0,0.0
127702.28,1.2756855319199119,0.0,22194.0,37.0,0.16494999999807952,31.5,32.4375,36.950000000000045,0.0,0.0,0.0,0.0,0.0,20.0,0.3,0.1,0.2,0.1,0.4,0.1,0.1,0.1,0.5,0.0,65535.0,0.19003585870145723,0.0,65535.0,0.14692912184328985,0.0,0.0,0.0,0.0,0.0,0.0,0.0,0.0,0.0,0.0
127762.36,1.2369675651537437,0.0,22194.0,37.0,0.17644999999806907,31.5625,32.4375,36.77000000000004,0.0,0.0,0.0,0.0,0.0,20.0,0.3,0.1,0.2,0.1,0.4,0.1,0.1,0.1,0.5,0.0,65535.0,0.19023422598611428,0.0,65535.0,0.1475700007629511,0.0,0.0,0.0,0.0,0.0,0.0,0.0,0.0,0.0,0.0
127822.41,1.267915647162351,0.0,22194.0,37.0,0.13174999999806622,31.5,32.4375,36.870000000000005,0.0,0.0,0.0,0.0,0.0,20.0,0.3,0.1,0.2,0.1,0.4,0.1,0.1,0.1,0.5,0.0,65535.0,0.19024948500801098,0.0,65535.0,0.14824139772640574,0.0,0.0,0.0,0.0,0.0,0.0,0.0,0.0,0.0,0.0
127882.46,1.2667877178741993,0.0,22194.0,37.0,0.13464999999807523,31.5625,32.4375,37.09000000000003,0.0,0.0,0.0,0.0,0.0,20.0,0.3,0.1,0.2,0.1,0.4,0.1,0.1,0.1,0.5,0.0,65535.0,0.19121080338750285,0.0,65535.0,0.14787518120088503,0.0,0.0,0.0,0.0,0.0,0.0,0.0,0.0,0.0,0.0
127942.5,1.2667877345506326,0.0,22194.0,37.0,0.20554999999806758,31.5625,32.375,36.77000000000004,0.0,0.0,0.0,0.0,0.0,20.0,0.3,0.1,0.2,0.1,0.4,0.1,0.1,0.1,0.5,0.0,65535.0,0.19073777370870526,0.0,65535.0,0.1480125123979553,0.0,0.0,0.0,0.0,0.0,0.0,0.0,0.0,0.0,0.0
128002.57,1.24470650915376,0.0,22194.0,37.0,0.17054999999807013,31.625,32.375,36.85000000000002,0.0,0.0,0.0,0.0,0.0,20.0,0.3,0.1,0.2,0.1,0.4,0.1,0.1,0.1,0.5,0.0,65535.0,0.18986800946059357,0.0,65535.0,0.14869916838330663,0.0,0.0,0.0,0.0,0.0,0.0,0.0,0.0,0.0,0.0
128062.65,1.2606167006242708,0.0,22194.0,37.0,0.16844999999806948,31.5625,32.375,36.77000000000004,0.0,0.0,0.0,0.0,0.0,20.0,0.3,0.1,0.2,0.1,0.4,0.1,0.1,0.1,0.5,0.0,65535.0,0.1880827038986801,0.0,65535.0,0.1487907225146868,0.0,0.0,0.0,0.0,0.0,0.0,0.0,0.0,0.0,0.0
128122.72,1.2365159093059024,0.0,22194.0,37.0,0.20754999999807483,31.5,32.4375,36.950000000000045,0.0,0.0,0.0,0.0,0.0,20.0,0.3,0.1,0.2,0.1,0.4,0.1,0.1,0.1,0.5,0.0,65535.0,0.19122606240939954,0.0,65535.0,0.1483939879453727,0.0,0.0,0.0,0.0,0.0,0.0,0.0,0.0,0.0,0.0
128182.8,1.2724335698150453,0.0,22194.0,37.0,0.19344999999807344,31.5625,32.375,36.79000000000002,0.0,0.0,0.0,0.0,0.0,20.0,0.3,0.1,0.2,0.1,0.4,0.1,0.1,0.1,0.5,0.0,65535.0,0.1906157015335317,0.0,65535.0,0.14831769283588922,0.0,0.0,0.0,0.0,0.0,0.0,0.0,0.0,0.0,0.0
128242.87,1.2381814795255968,0.0,22194.0,37.0,0.1899499999980624,31.5625,32.4375,37.01000000000005,0.0,0.0,0.0,0.0,0.0,20.0,0.3,0.1,0.2,0.1,0.4,0.1,0.1,0.1,0.5,0.0,65535.0,0.19024948500801098,0.0,65535.0,0.1479819943541619,0.0,0.0,0.0,0.0,0.0,0.0,0.0,0.0,0.0,0.0
128302.95,1.2765757967042908,0.0,22194.0,37.0,0.18754999999806116,31.5625,32.375,36.77000000000004,0.0,0.0,0.0,0.0,0.0,20.0,0.3,0.1,0.2,0.1,0.4,0.1,0.1,0.1,0.5,0.0,65535.0,0.18991378652628366,0.0,65535.0,0.14822613870450904,0.0,0.0,0.0,0.0,0.0,0.0,0.0,0.0,0.0,0.0
128363.02,1.2476769241779415,0.0,22194.0,37.0,0.1946499999980706,31.5625,32.375,36.63000000000005,0.0,0.0,0.0,0.0,0.0,20.0,0.3,0.1,0.2,0.1,0.4,0.1,0.1,0.1,0.5,0.0,65535.0,0.19026474402990767,0.0,65535.0,0.1483482108796826,0.0,0.0,0.0,0.0,0.0,0.0,0.0,0.0,0.0,0.0
128423.12,1.2340398454705666,0.0,22194.0,37.0,0.14784999999806797,31.5625,32.4375,36.950000000000045,0.0,0.0,0.0,0.0,0.0,20.0,0.3,0.1,0.2,0.1,0.4,0.1,0.1,0.1,0.5,0.0,65535.0,0.19221789883268484,0.0,65535.0,0.14988937209124895,0.0,0.0,0.0,0.0,0.0,0.0,0.0,0.0,0.0,0.0
128483.19,1.2575925583001317,0.0,22194.0,37.0,0.22644999999807008,31.5625,32.4375,37.01000000000005,0.0,0.0,0.0,0.0,0.0,20.0,0.3,0.1,0.2,0.1,0.4,0.1,0.1,0.1,0.5,0.0,65535.0,0.19143968871595332,0.0,65535.0,0.14891279468986038,0.0,0.0,0.0,0.0,0.0,0.0,0.0,0.0,0.0,0.0
128543.26,1.2820281418894326,0.0,22194.0,37.0,0.1555499999980618,31.5625,32.375,37.03000000000003,0.0,0.0,0.0,0.0,0.0,20.0,0.3,0.1,0.2,0.1,0.4,0.1,0.1,0.1,0.5,0.0,65535.0,0.19185168230716412,0.0,65535.0,0.1488517586022736,0.0,0.0,0.0,0.0,0.0,0.0,0.0,0.0,0.0,0.0
128603.31,1.2821981005001464,0.0,22194.0,37.0,0.17284999999805686,31.5625,32.375,36.870000000000005,0.0,0.0,0.0,0.0,0.0,20.0,0.3,0.1,0.2,0.1,0.4,0.1,0.1,0.1,0.5,0.0,65535.0,0.19244678416113528,0.0,65535.0,0.14892805371175707,0.0,0.0,0.0,0.0,0.0,0.0,0.0,0.0,0.0,0.0
128663.39,1.265555633151956,0.0,22194.0,37.0,0.12074999999805905,31.5,32.4375,36.85000000000002,0.0,0.0,0.0,0.0,0.0,20.0,0.3,0.1,0.2,0.1,0.4,0.1,0.1,0.1,0.5,0.0,65535.0,0.18959334706645303,0.0,65535.0,0.14853131914244297,0.0,0.0,0.0,0.0,0.0,0.0,0.0,0.0,0.0,0.0
128723.46,1.2856791525788203,0.0,22194.0,37.0,0.18574999999805591,31.5,32.375,36.73000000000002,0.0,0.0,0.0,0.0,0.0,20.0,0.3,0.1,0.2,0.1,0.4,0.1,0.1,0.1,0.5,0.0,65535.0,0.1909361409933623,0.0,65535.0,0.14905012588693065,0.0,0.0,0.0,0.0,0.0,0.0,0.0,0.0,0.0,0.0
128783.54,1.2621257569271331,0.0,22194.0,37.0,0.20844999999806538,31.5,32.4375,36.870000000000005,0.0,0.0,0.0,0.0,0.0,20.0,0.3,0.1,0.2,0.1,0.4,0.1,0.1,0.1,0.5,0.0,65535.0,0.1910276951247425,0.0,65535.0,0.14868390936140993,0.0,0.0,0.0,0.0,0.0,0.0,0.0,0.0,0.0,0.0
128843.61,1.2486630927702878,0.0,22194.0,37.0,0.1846499999980586,31.5,32.4375,36.63000000000005,0.0,0.0,0.0,0.0,0.0,20.0,0.3,0.1,0.2,0.1,0.4,0.1,0.1,0.1,0.5,0.0,65535.0,0.19145494773785002,0.0,65535.0,0.14874494544899672,0.0,0.0,0.0,0.0,0.0,0.0,0.0,0.0,0.0,0.0
128903.69,1.2469618171631152,0.0,22194.0,37.0,0.19884999999806327,31.5,32.375,36.93000000000001,0.0,0.0,0.0,0.0,0.0,20.0,0.3,0.1,0.2,0.1,0.4,0.1,0.1,0.1,0.5,0.0,65535.0,0.19046311131456473,0.0,65535.0,0.14868390936140993,0.0,0.0,0.0,0.0,0.0,0.0,0.0,0.0,0.0,0.0
128963.72,1.283557238111536,0.0,22194.0,37.0,0.19974999999806245,31.5,32.375,36.950000000000045,0.0,0.0,0.0,0.0,0.0,20.0,0.3,0.1,0.2,0.1,0.4,0.1,0.1,0.1,0.5,0.0,65535.0,0.1932097352559701,0.0,65535.0,0.1496910048065919,0.0,0.0,0.0,0.0,0.0,0.0,0.0,0.0,0.0,0.0
129023.76,1.2918761342320075,0.0,22194.0,37.0,0.13554999999805972,31.5625,32.375,37.01000000000005,0.0,0.0,0.0,0.0,0.0,20.0,0.3,0.1,0.2,0.1,0.4,0.1,0.1,0.1,0.5,0.0,65535.0,0.1915007248035401,0.0,65535.0,0.14908064393072404,0.0,0.0,0.0,0.0,0.0,0.0,0.0,0.0,0.0,0.0
129083.8,1.2772633027701197,0.0,22194.0,37.0,0.16314999999806049,31.5625,32.375,37.170000000000016,0.0,0.0,0.0,0.0,0.0,20.0,0.3,0.1,0.2,0.1,0.4,0.1,0.1,0.1,0.5,0.0,65535.0,0.19220263981078814,0.0,65535.0,0.1500419623102159,0.0,0.0,0.0,0.0,0.0,0.0,0.0,0.0,0.0,0.0
129143.84,1.2930042854936608,0.0,22194.0,37.0,0.21204999999806204,31.5,32.4375,36.85000000000002,0.0,0.0,0.0,0.0,0.0,20.0,0.3,0.1,0.2,0.1,0.4,0.1,0.1,0.1,0.5,0.0,65535.0,0.19201953154802778,0.0,65535.0,0.14958419165331502,0.0,0.0,0.0,0.0,0.0,0.0,0.0,0.0,0.0,0.0
129203.92,1.278788129299899,0.0,22194.0,37.0,0.1323499999980484,31.5625,32.375,36.950000000000045,0.0,0.0,0.0,0.0,0.0,20.0,0.3,0.1,0.2,0.1,0.4,0.1,0.1,0.1,0.5,0.0,65535.0,0.19108873121232928,0.0,65535.0,0.14888227664606699,0.0,0.0,0.0,0.0,0.0,0.0,0.0,0.0,0.0,0.0
129264.0,1.3051410941538901,0.0,22194.0,37.0,0.1699499999980534,31.5625,32.375,36.89000000000004,0.0,0.0,0.0,0.0,0.0,20.0,0.3,0.1,0.2,0.1,0.4,0.1,0.1,0.1,0.5,0.0,65535.0,0.19215686274509805,0.0,65535.0,0.14995040817883573,0.0,0.0,0.0,0.0,0.0,0.0,0.0,0.0,0.0,0.0
129324.07,1.2791173656977082,0.0,22194.0,37.0,0.16464999999805738,31.5625,32.375,36.870000000000005,0.0,0.0,0.0,0.0,0.0,20.0,0.3,0.1,0.2,0.1,0.4,0.1,0.1,0.1,0.5,0.0,65535.0,0.19119554436560615,0.0,65535.0,0.1496757457846952,0.0,0.0,0.0,0.0,0.0,0.0,0.0,0.0,0.0,0.0
129384.14,1.2554002965299034,0.0,22194.0,37.0,0.23234999999805434,31.5,32.375,36.870000000000005,0.0,0.0,0.0,0.0,0.0,20.0,0.3,0.1,0.2,0.1,0.4,0.1,0.1,0.1,0.5,0.0,65535.0,0.19226367589837492,0.0,65535.0,0.14998092622262912,0.0,0.0,0.0,0.0,0.0,0.0,0.0,0.0,0.0,0.0
129444.22,1.2707704296714613,0.0,22194.0,37.0,0.12404999999804911,31.5625,32.375,37.01000000000005,0.0,0.0,0.0,0.0,0.0,20.0,0.3,0.1,0.2,0.1,0.4,0.1,0.1,0.1,0.5,0.0,65535.0,0.19230945296406501,0.0,65535.0,0.1496604867627985,0.0,0.0,0.0,0.0,0.0,0.0,0.0,0.0,0.0,0.0
129504.29,1.3048569420069376,0.0,22194.0,37.0,0.19224999999805556,31.5625,32.375,36.950000000000045,0.0,0.0,0.0,0.0,0.0,20.0,0.3,0.1,0.2,0.1,0.4,0.1,0.1,0.1,0.5,0.0,65535.0,0.19208056763561457,0.0,65535.0,0.1504844739452201,0.0,0.0,0.0,0.0,0.0,0.0,0.0,0.0,0.0,0.0
129564.34,1.2962469654806723,0.0,22194.0,37.0,0.20584999999804574,31.5,32.375,36.950000000000045,0.0,0.0,0.0,0.0,0.0,20.0,0.3,0.1,0.2,0.1,0.4,0.1,0.1,0.1,0.5,0.0,65535.0,0.19253833829251546,0.0,65535.0,0.1496910048065919,0.0,0.0,0.0,0.0,0.0,0.0,0.0,0.0,0.0,0.0
129624.41,1.2894455332766532,0.0,22194.0,37.0,0.2061499999980446,31.5,32.375,36.950000000000045,0.0,0.0,0.0,0.0,0.0,20.0,0.3,0.1,0.2,0.1,0.4,0.1,0.1,0.1,0.5,0.0,65535.0,0.19340810254062715,0.0,65535.0,0.14976729991607537,0.0,0.0,0.0,0.0,0.0,0.0,0.0,0.0,0.0,0.0
129684.49,1.282325481277995,0.0,22194.0,37.0,0.25244999999805023,31.5625,32.375,37.01000000000005,0.0,0.0,0.0,0.0,0.0,20.0,0.3,0.1,0.2,0.1,0.4,0.1,0.1,0.1,0.5,0.0,65535.0,0.19304188601510644,0.0,65535.0,0.14973678187228198,0.0,0.0,0.0,0.0,0.0,0.0,0.0,0.0,0.0,0.0
129744.56,1.257731230939629,0.0,22194.0,37.0,0.17154999999805107,31.5625,32.4375,37.25000000000006,0.0,0.0,0.0,0.0,0.0,20.0,0.3,0.1,0.2,0.1,0.4,0.1,0.1,0.1,0.5,0.0,65535.0,0.1919737544823377,0.0,65535.0,0.14995040817883573,0.0,0.0,0.0,0.0,0.0,0.0,0.0,0.0,0.0,0.0
129804.6,1.3100063199948442,0.0,22194.0,37.0,0.15114999999804943,31.5625,32.375,36.950000000000045,0.0,0.0048,0.25,0.0,0.0,20.0,0.3,0.1,0.2,0.1,0.4,0.1,0.1,0.1,0.5,0.0,65535.0,0.19133287556267642,0.0,65535.0,0.14914168001831082,0.0,0.0,0.0,0.0,0.0,0.0,0.0,0.0,0.0,0.0
129864.64,1.251328176415392,0.0,22194.0,37.0,0.2776999999980432,31.5,32.375,36.650000000000034,0.0,0.0,0.0,0.0,0.0,20.0,0.3,0.1,0.2,0.1,0.4,0.1,0.1,0.1,0.5,0.0,65535.0,0.1889066910811017,0.0,65535.0,0.1467460135805295,0.0,0.0,0.0,0.0,0.0,0.0,0.0,0.0,0.0,0.0
129924.69,1.2560058430226158,0.0,22194.0,37.0,0.18224999999804387,31.5,32.375,36.690000000000055,0.0,0.0,0.0,0.0,0.0,20.0,0.3,0.1,0.2,0.1,0.4,0.1,0.1,0.1,0.5,0.0,65535.0,0.18875410086213473,0.0,65535.0,0.14680704966811628,0.0,0.0,0.0,0.0,0.0,0.0,0.0,0.0,0.0,0.0
129984.73,1.2945013522596343,0.0,22194.0,37.0,0.18464999999804338,31.5625,32.4375,37.01000000000005,0.0,0.0,0.0,0.0,0.0,20.0,0.3,0.1,0.2,0.1,0.4,0.1,0.1,0.1,0.5,0.0,65535.0,0.18698405432211795,0.0,65535.0,0.14731059739070726,0.0,0.0,0.0,0.0,0.0,0.0,0.0,0.0,0.0,0.0
130044.77,1.2773027842690015,0.0,22194.0,37.0,0.1996499999980431,31.625,32.375,36.97000000000003,0.0,0.0,0.0,0.0,0.0,20.0,0.3,0.1,0.2,0.1,0.4,0.1,0.1,0.1,0.5,0.0,65535.0,0.18863202868696116,0.0,65535.0,0.1463492790112154,0.0,0.0,0.0,0.0,0.0,0.0,0.0,0.0,0.0,0.0
130104.82,1.2858721283986594,0.0,22194.0,37.0,0.21964999999803825,31.5625,32.4375,36.710000000000036,0.0,0.0,0.0,0.0,0.0,20.0,0.3,0.1,0.2,0.1,0.4,0.1,0.1,0.1,0.5,0.0,65535.0,0.18820477607385366,0.0,65535.0,0.14641031509880217,0.0,0.0,0.0,0.0,0.0,0.0,0.0,0.0,0.0,0.0
130164.86,1.269312042596708,0.0,22194.0,37.0,0.14164999999803388,31.625,32.375,37.05000000000001,0.0,0.0,0.0,0.0,0.0,20.0,0.3,0.1,0.2,0.1,0.4,0.1,0.1,0.1,0.5,0.0,65535.0,0.18950179293507285,0.0,65535.0,0.1462882429236286,0.0,0.0,0.0,0.0,0.0,0.0,0.0,0.0,0.0,0.0
130224.91,1.2745702527925769,0.0,22194.0,37.0,0.1804499999980395,31.625,32.375,37.110000000000014,0.0,0.0,0.0,0.0,0.0,20.0,0.3,0.1,0.2,0.1,0.4,0.1,0.1,0.1,0.5,0.0,65535.0,0.19006637674525062,0.0,65535.0,0.14616617074845503,0.0,0.0,0.0,0.0,0.0,0.0,0.0,0.0,0.0,0.0
130284.98,1.2855996981133782,0.0,22194.0,37.0,0.16244999999803825,31.5625,32.375,36.89000000000004,0.0,0.0,0.0,0.0,0.0,20.0,0.3,0.1,0.2,0.1,0.4,0.1,0.1,0.1,0.5,0.0,65535.0,0.18960860608834973,0.0,65535.0,0.14700541695277333,0.0,0.0,0.0,0.0,0.0,0.0,0.0,0.0,0.0,0.0
130345.06,1.245004754124762,0.0,22194.0,37.0,0.19804999999803344,31.5625,32.375,37.01000000000005,0.0,0.0,0.0,0.0,0.0,20.0,0.3,0.1,0.2,0.1,0.4,0.1,0.1,0.1,0.5,0.0,65535.0,0.19026474402990767,0.0,65535.0,0.1467002365148394,0.0,0.0,0.0,0.0,0.0,0.0,0.0,0.0,0.0,0.0
130405.13,1.2952122983834515,0.0,22194.0,37.0,0.10794999999803923,31.5625,32.375,36.870000000000005,0.0,0.0,0.0,0.0,0.0,20.0,0.3,0.1,0.2,0.1,0.4,0.1,0.1,0.1,0.5,0.0,65535.0,0.19008163576714732,0.0,65535.0,0.14683756771190967,0.0,0.0,0.0,0.0,0.0,0.0,0.0,0.0,0.0,0.0
130465.19,1.2480214181394582,0.0,22194.0,37.0,0.1549499999980357,31.5625,32.375,37.01000000000005,0.0,0.0,0.0,0.0,0.0,20.0,0.3,0.1,0.2,0.1,0.4,0.1,0.1,0.1,0.5,0.0,65535.0,0.18861676966506447,0.0,65535.0,0.14688334477759976,0.0,0.0,0.0,0.0,0.0,0.0,0.0,0.0,0.0,0.0
130525.27,1.2797921311694633,0.0,22194.0,37.0,0.1893499999980311,31.5625,32.4375,36.89000000000004,0.0,0.0,0.0,0.0,0.0,20.0,0.3,0.1,0.2,0.1,0.4,0.1,0.1,0.1,0.5,0.0,65535.0,0.19043259327077133,0.0,65535.0,0.14682230869001298,0.0,0.0,0.0,0.0,0.0,0.0,0.0,0.0,0.0,0.0
130585.34,1.2918052224832972,0.0,22194.0,37.0,0.23004999999804182,31.5625,32.3125,36.950000000000045,0.0,0.0,0.0,0.0,0.0,20.0,0.3,0.1,0.2,0.1,0.4,0.1,0.1,0.1,0.5,0.0,65535.0,0.19064621957732508,0.0,65535.0,0.1475852597848478,0.0,0.0,0.0,0.0,0.0,0.0,0.0,0.0,0.0,0.0
130645.38,1.2588340934415978,0.0,22194.0,37.0,0.16554999999803852,31.5625,32.375,36.93000000000001,0.0,0.0,0.0,0.0,0.0,20.0,0.3,0.1,0.2,0.1,0.4,0.1,0.1,0.1,0.5,0.0,65535.0,0.190951400015259,0.0,65535.0,0.14776836804760815,0.0,0.0,0.0,0.0,0.0,0.0,0.0,0.0,0.0,0.0
130705.44,1.278596108095052,0.0,22194.0,37.0,0.14724999999803753,31.5,32.375,36.870000000000005,0.0,0.0,0.0,0.0,0.0,20.0,0.3,0.1,0.2,0.1,0.4,0.1,0.1,0.1,0.5,0.0,65535.0,0.18989852750438696,0.0,65535.0,0.14637979705500878,0.0,0.0,0.0,0.0,0.0,0.0,0.0,0.0,0.0,0.0
130765.49,1.280714417215286,0.0,22194.0,37.0,0.1831499999980333,31.5,32.375,36.81,0.0,0.0,0.0,0.0,0.0,20.0,0.3,0.1,0.2,0.1,0.4,0.1,0.1,0.1,0.5,0.0,65535.0,0.19006637674525062,0.0,65535.0,0.14741741054398413,0.0,0.0,0.0,0.0,0.0,0.0,0.0,0.0,0.0,0.0
130825.56,1.298050476345479,0.0,22194.0,37.0,0.18754999999802757,31.5625,32.375,36.870000000000005,0.0,0.0,0.0,0.0,0.0,20.0,0.3,0.1,0.2,0.1,0.4,0.1,0.1,0.1,0.5,0.0,65535.0,0.19073777370870526,0.0,65535.0,0.14790569924467842,0.0,0.0,0.0,0.0,0.0,0.0,0.0,0.0,0.0,0.0
130885.63,1.2900385549600457,0.0,22194.0,37.0,0.14284999999802475,31.5625,32.375,36.77000000000004,0.0,0.0,0.0,0.0,0.0,20.0,0.3,0.1,0.2,0.1,0.4,0.1,0.1,0.1,0.5,0.0,65535.0,0.1905241474021515,0.0,65535.0,0.14781414511329824,0.0,0.0,0.0,0.0,0.0,0.0,0.0,0.0,0.0,0.0
130945.7,1.2587891633712927,0.0,22194.0,37.0,0.2108499999980365,31.5,32.4375,36.93000000000001,0.0,0.0,0.0,0.0,0.0,20.0,0.3,0.1,0.2,0.1,0.4,0.1,0.1,0.1,0.5,0.0,65535.0,0.1901426718547341,0.0,65535.0,0.1483939879453727,0.0,0.0,0.0,0.0,0.0,0.0,0.0,0.0,0.0,0.0
131005.76,1.2915241735894272,0.0,22194.0,37.0,0.15554999999802907,31.5,32.375,36.89000000000004,0.0,0.0,0.0,0.0,0.0,20.0,0.3,0.1,0.2,0.1,0.4,0.1,0.1,0.1,0.5,0.0,65535.0,0.19046311131456473,0.0,65535.0,0.1475547417410544,0.0,0.0,0.0,0.0,0.0,0.0,0.0,0.0,0.0,0.0
131065.83,1.2606827664548228,0.0,22194.0,37.0,0.17524999999802368,31.5625,32.375,36.93000000000001,0.0,0.0,0.0,0.0,0.0,20.0,0.3,0.1,0.2,0.1,0.4,0.1,0.1,0.1,0.5,0.0,65535.0,0.1913786526283665,0.0,65535.0,0.14767681391622797,0.0,0.0,0.0,0.0,0.0,0.0,0.0,0.0,0.0,0.0
131125.86,1.3035100628593739,0.0,22194.0,37.0,0.14314999999802105,31.5625,32.375,36.950000000000045,0.0,0.0,0.0,0.0,0.0,20.0,0.3,0.1,0.2,0.1,0.4,0.1,0.1,0.1,0.5,0.0,65535.0,0.19040207522697794,0.0,65535.0,0.14818036163881895,0.0,0.0,0.0,0.0,0.0,0.0,0.0,0.0,0.0,0.0
131185.94,1.3005557287699485,0.0,22194.0,37.0,0.22674999999803283,31.5625,32.375,36.710000000000036,0.0,0.0,0.0,0.0,0.0,20.0,0.3,0.1,0.2,0.1,0.4,0.1,0.1,0.1,0.5,0.0,65535.0,0.19087510490577553,0.0,65535.0,0.147173266193637,0.0,0.0,0.0,0.0,0.0,0.0,0.0,0.0,0.0,0.0
131246.01,1.3017430875685965,0.0,22194.0,37.0,0.1667499999980297,31.5625,32.375,36.93000000000001,0.0,0.0,0.0,0.0,0.0,20.0,0.3,0.1,0.2,0.1,0.4,0.1,0.1,0.1,0.5,0.0,65535.0,0.1915770199130236,0.0,65535.0,0.14934004730296788,0.0,0.0,0.0,0.0,0.0,0.0,0.0,0.0,0.0,0.0
131306.09,1.3080959364625566,0.0,22194.0,37.0,0.16404999999802874,31.5,32.375,36.93000000000001,0.0,0.0,0.0,0.0,0.0,20.0,0.3,0.1,0.2,0.1,0.4,0.1,0.1,0.1,0.5,0.0,65535.0,0.18997482261387044,0.0,65535.0,0.14859235523002975,0.0,0.0,0.0,0.0,0.0,0.0,0.0,0.0,0.0,0.0
131366.17,1.278925398733011,0.0,22194.0,37.0,0.18524999999802366,31.5625,32.375,36.85000000000002,0.0,0.0,0.0,0.0,0.0,20.0,0.3,0.1,0.2,0.1,0.4,0.1,0.1,0.1,0.5,0.0,65535.0,0.1910276951247425,0.0,65535.0,0.14943160143434805,0.0,0.0,0.0,0.0,0.0,0.0,0.0,0.0,0.0,0.0
131426.21,1.2748117564541737,0.0,22194.0,37.0,0.12284999999802015,31.5,32.375,36.81,0.0,0.0,0.0,0.0,0.0,20.0,0.3,0.1,0.2,0.1,0.4,0.1,0.1,0.1,0.5,0.0,65535.0,0.1919737544823377,0.0,65535.0,0.14912642099641413,0.0,0.0,0.0,0.0,0.0,0.0,0.0,0.0,0.0,0.0
131486.28,1.2905138216899448,0.0,22194.0,37.0,0.20554999999801768,31.5625,32.375,36.79000000000002,0.0,0.0,0.0,0.0,0.0,20.0,0.3,0.1,0.2,0.1,0.4,0.1,0.1,0.1,0.5,0.0,65535.0,0.19125658045319294,0.0,65535.0,0.14915693904020752,0.0,0.0,0.0,0.0,0.0,0.0,0.0,0.0,0.0,0.0
131546.32,1.2840141821354638,0.0,22194.0,37.0,0.09254999999801755,31.5,32.375,36.950000000000045,0.0,0.0,0.0,0.0,0.0,20.0,0.3,0.1,0.2,0.1,0.4,0.1,0.1,0.1,0.5,0.0,65535.0,0.19224841687647823,0.0,65535.0,0.14901960784313725,0.0,0.0,0.0,0.0,0.0,0.0,0.0,0.0,0.0,0.0
131606.37,1.2648080246872502,0.0,22194.0,37.0,0.1952499999980253,31.5,32.375,36.870000000000005,0.0,0.0,0.0,0.0,0.0,20.0,0.3,0.1,0.2,0.1,0.4,0.1,0.1,0.1,0.5,0.0,65535.0,0.1919432364385443,0.0,65535.0,0.14973678187228198,0.0,0.0,0.0,0.0,0.0,0.0,0.0,0.0,0.0,0.0
131666.41,1.311022766215638,0.0,22194.0,37.0,0.1717499999980191,31.5,32.375,36.93000000000001,0.0,0.0,0.0,0.0,0.0,20.0,0.3,0.1,0.2,0.1,0.4,0.1,0.1,0.1,0.5,0.0,65535.0,0.19133287556267642,0.0,65535.0,0.1487754634927901,0.0,0.0,0.0,0.0,0.0,0.0,0.0,0.0,0.0,0.0
131726.45,1.3219275236344163,0.0,22194.0,37.0,0.17704999999801344,31.5,32.375,37.09000000000003,0.0,0.0,0.0,0.0,0.0,20.0,0.3,0.1,0.2,0.1,0.4,0.1,0.1,0.1,0.5,0.0,65535.0,0.19230945296406501,0.0,65535.0,0.14909590295262073,0.0,0.0,0.0,0.0,0.0,0.0,0.0,0.0,0.0,0.0
131786.5,1.3011667247440757,0.0,22194.0,37.0,0.1682499999980223,31.5,32.375,36.89000000000004,0.0,0.0,0.0,0.0,0.0,20.0,0.3,0.1,0.2,0.1,0.4,0.1,0.1,0.1,0.5,0.0,65535.0,0.19172961013199055,0.0,65535.0,0.14895857175555047,0.0,0.0,0.0,0.0,0.0,0.0,0.0,0.0,0.0,0.0
131846.54,1.2696319269809668,0.0,22194.0,37.0,0.2061499999980128,31.5,32.375,37.110000000000014,0.0,0.0,0.0,0.0,0.0,20.0,0.3,0.1,0.2,0.1,0.4,0.1,0.1,0.1,0.5,0.0,65535.0,0.19287403677424278,0.0,65535.0,0.15014877546349278,0.0,0.0,0.0,0.0,0.0,0.0,0.0,0.0,0.0,0.0
131906.59,1.2801150090445992,0.0,22194.0,37.0,0.12904999999800845,31.5625,32.375,36.870000000000005,0.0,0.0,0.0,0.0,0.0,20.0,0.3,0.1,0.2,0.1,0.4,0.1,0.1,0.1,0.5,0.0,65535.0,0.19217212176699475,0.0,65535.0,0.1500419623102159,0.0,0.0,0.0,0.0,0.0,0.0,0.0,0.0,0.0,0.0
131966.63,1.316934930786688,0.0,22194.0,37.0,0.20644999999800995,31.5,32.375,36.97000000000003,0.0,0.0,0.0,0.0,0.0,20.0,0.3,0.1,0.2,0.1,0.4,0.1,0.1,0.1,0.5,0.0,65535.0,0.19253833829251546,0.0,65535.0,0.15158312352178224,0.0,0.0,0.0,0.0,0.0,0.0,0.0,0.0,0.0,0.0
132026.67,1.320483861190847,0.0,22194.0,37.0,0.16884999999801742,31.5625,32.375,36.77000000000004,0.0,0.0,0.0,0.0,0.0,20.0,0.3,0.1,0.2,0.1,0.4,0.1,0.1,0.1,0.5,0.0,65535.0,0.1927824826428626,0.0,65535.0,0.15017929350728618,0.0,0.0,0.0,0.0,0.0,0.0,0.0,0.0,0.0,0.0
132086.75,1.2969404038461914,0.0,22194.0,37.0,0.1944499999980075,31.5625,32.4375,37.03000000000003,0.0,0.0,0.0,0.0,0.0,20.0,0.3,0.1,0.2,0.1,0.4,0.1,0.1,0.1,0.5,0.0,65535.0,0.19256885633630885,0.0,65535.0,0.15083543144884412,0.0,0.0,0.0,0.0,0.0,0.0,0.0,0.0,0.0,0.0
132146.8,1.2993483149944685,0.0,22194.0,37.0,0.11134999999800349,31.5625,32.375,37.01000000000005,0.0,0.0,0.0,0.0,0.0,20.0,0.3,0.1,0.2,0.1,0.4,0.1,0.1,0.1,0.5,0.0,65535.0,0.19186694132906082,0.0,65535.0,0.15024032959487296,0.0,0.0,0.0,0.0,0.0,0.0,0.0,0.0,0.0,0.0
132206.87,1.2948524677782527,0.0,22194.0,37.0,0.18344999999800982,31.5625,32.4375,36.89000000000004,0.0,0.0,0.0,0.0,0.0,20.0,0.3,0.1,0.2,0.1,0.4,0.1,0.1,0.1,0.5,0.0,65535.0,0.19264515144579233,0.0,65535.0,0.15107957579919126,0.0,0.0,0.0,0.0,0.0,0.0,0.0,0.0,0.0,0.0
132266.94,1.2928366624735395,0.0,22194.0,37.0,0.1528499999980075,31.5625,32.375,36.97000000000003,0.0,0.0,0.0,0.0,0.0,20.0,0.3,0.1,0.2,0.1,0.4,0.1,0.1,0.1,0.5,0.0,65535.0,0.19546807049668116,0.0,65535.0,0.15080491340505073,0.0,0.0,0.0,0.0,0.0,0.0,0.0,0.0,0.0,0.0
132326.99,1.3123425907349278,0.0,22194.0,37.0,0.17224999999800236,31.5,32.375,36.89000000000004,0.0,0.0,0.0,0.0,0.0,20.0,0.3,0.1,0.2,0.1,0.4,0.1,0.1,0.1,0.5,0.0,65535.0,0.19299610894941635,0.0,65535.0,0.15150682841229876,0.0,0.0,0.0,0.0,0.0,0.0,0.0,0.0,0.0,0.0
132387.06,1.3240501855917235,0.0,22194.0,37.0,0.21084999999801243,31.5,32.4375,36.89000000000004,0.0,0.0,0.0,0.0,0.0,20.0,0.3,0.1,0.2,0.1,0.4,0.1,0.1,0.1,0.5,0.0,65535.0,0.19356069275959412,0.0,65535.0,0.1517357137407492,0.0,0.0,0.0,0.0,0.0,0.0,0.0,0.0,0.0,0.0
132447.11,1.3069912268475394,0.0,22194.0,37.0,0.16914999999801028,31.5625,32.375,37.05000000000001,0.0,0.0,0.0,0.0,0.0,20.0,0.3,0.1,0.2,0.1,0.4,0.1,0.1,0.1,0.5,0.0,65535.0,0.19269092851148242,0.0,65535.0,0.15146105134660867,0.0,0.0,0.0,0.0,0.0,0.0,0.0,0.0,0.0,0.0
132507.15,1.3340058009169058,0.0,22194.0,37.0,0.10434999999800726,31.5625,32.375,37.01000000000005,0.0,0.0,0.0,0.0,0.0,20.0,0.3,0.1,0.2,0.1,0.4,0.1,0.1,0.1,0.5,0.0,65535.0,0.1940489814602884,0.0,65535.0,0.15124742504005492,0.0,0.0,0.0,0.0,0.0,0.0,0.0,0.0,0.0,0.0
132567.21,1.2784668699730986,0.0,22194.0,37.0,0.15164999999800344,31.5625,32.375,36.950000000000045,0.0,0.0,0.0,0.0,0.0,20.0,0.3,0.1,0.2,0.1,0.4,0.1,0.1,0.1,0.5,0.0,65535.0,0.1936064698252842,0.0,65535.0,0.1527733272297246,0.0,0.0,0.0,0.0,0.0,0.0,0.0,0.0,0.0,0.0
132627.28,1.3091647527976658,0.0,22194.0,37.0,0.18814999999799864,31.5,32.375,36.89000000000004,0.0,0.0,0.0,0.0,0.0,20.0,0.3,0.1,0.2,0.1,0.4,0.1,0.1,0.1,0.5,0.0,65535.0,0.1935759517814908,0.0,65535.0,0.15191882200350956,0.0,0.0,0.0,0.0,0.0,0.0,0.0,0.0,0.0,0.0
132687.31,1.3161702658289447,0.0,22194.0,37.0,0.15254999999800087,31.5625,32.4375,36.950000000000045,0.0,0.0,0.0,0.0,0.0,20.0,0.3,0.1,0.2,0.1,0.4,0.1,0.1,0.1,0.5,0.0,65535.0,0.19270618753337912,0.0,65535.0,0.15202563515678644,0.0,0.0,0.0,0.0,0.0,0.0,0.0,0.0,0.0,0.0
132747.35,1.3298086022012707,0.0,22194.0,37.0,0.1731499999979955,31.5625,32.4375,36.81,0.0,0.0,0.0,0.0,0.0,20.0,0.3,0.1,0.2,0.1,0.4,0.1,0.1,0.1,0.5,0.0,65535.0,0.19307240405889983,0.0,65535.0,0.1522087434195468,0.0,0.0,0.0,0.0,0.0,0.0,0.0,0.0,0.0,0.0
132807.39,1.2874087160763705,0.0,22194.0,37.0,0.2288499999980068,31.5625,32.375,36.85000000000002,0.0,0.0,0.0,0.0,0.0,20.0,0.3,0.1,0.2,0.1,0.4,0.1,0.1,0.1,0.5,0.0,65535.0,0.1936064698252842,0.0,65535.0,0.15153734645609215,0.0,0.0,0.0,0.0,0.0,0.0,0.0,0.0,0.0,0.0
132867.43,1.298089590322021,0.0,22194.0,37.0,0.14644999999799305,31.5625,32.4375,36.85000000000002,0.0,0.0,0.0,0.0,0.0,20.0,0.3,0.1,0.2,0.1,0.4,0.1,0.1,0.1,0.5,0.0,65535.0,0.1940947585259785,0.0,65535.0,0.15190356298161287,0.0,0.0,0.0,0.0,0.0,0.0,0.0,0.0,0.0,0.0
132927.5,1.306740276852228,0.0,22194.0,37.0,0.1407499999979914,31.5625,32.375,36.85000000000002,0.0,0.0,0.0,0.0,0.0,20.0,0.3,0.1,0.2,0.1,0.4,0.1,0.1,0.1,0.5,0.0,65535.0,0.1944151979858091,0.0,65535.0,0.1521782253757534,0.0,0.0,0.0,0.0,0.0,0.0,0.0,0.0,0.0,0.0
132987.55,1.300565469506697,0.0,22194.0,37.0,0.178649999997997,31.5,32.375,36.870000000000005,0.0,0.0,0.0,0.0,0.0,20.0,0.3,0.1,0.2,0.1,0.4,0.1,0.1,0.1,0.5,0.0,65535.0,0.1945067521171893,0.0,65535.0,0.15242236972610057,0.0,0.0,0.0,0.0,0.0,0.0,0.0,0.0,0.0,0.0
133047.62,1.3272531083748869,0.0,22194.0,37.0,0.219849999998003,31.5,32.375,36.81,0.0,0.0,0.0,0.0,0.0,20.0,0.3,0.1,0.2,0.1,0.4,0.1,0.1,0.1,0.5,0.0,65535.0,0.1952544441901274,0.0,65535.0,0.15280384527351798,0.0,0.0,0.0,0.0,0.0,0.0,0.0,0.0,0.0,0.0
133107.69,1.3052511910922682,0.0,22194.0,37.0,0.22994999999799806,31.4375,32.375,36.690000000000055,0.0,0.0,0.0,0.0,0.0,20.0,0.3,0.1,0.2,0.1,0.4,0.1,0.1,0.1,0.5,0.0,65535.0,0.19430838483253224,0.0,65535.0,0.15190356298161287,0.0,0.0,0.0,0.0,0.0,0.0,0.0,0.0,0.0,0.0
133167.76,1.2961875005583672,0.0,22194.0,37.0,0.1434499999979889,31.5,32.4375,36.950000000000045,0.0,0.0,0.0,0.0,0.0,20.0,0.3,0.1,0.2,0.1,0.4,0.1,0.1,0.1,0.5,0.0,65535.0,0.19439993896391242,0.0,65535.0,0.15231555657282367,0.0,0.0,0.0,0.0,0.0,0.0,0.0,0.0,0.0,0.0
133227.84,1.318002040414508,0.0,22194.0,37.0,0.20584999999798984,31.5,32.4375,37.01000000000005,0.0,0.0,0.0,0.0,0.0,20.0,0.3,0.1,0.2,0.1,0.4,0.1,0.1,0.1,0.5,0.0,65535.0,0.19589532310978866,0.0,65535.0,0.1526817730983444,0.0,0.0,0.0,0.0,0.0,0.0,0.0,0.0,0.0,0.0
133287.88,1.343417645679474,0.0,22194.0,37.0,0.1525499999979914,31.5,32.375,36.870000000000005,0.0,0.0,0.0,0.0,0.0,20.0,0.3,0.1,0.2,0.1,0.4,0.1,0.1,0.1,0.5,0.0,65535.0,0.19459830624856947,0.0,65535.0,0.15168993667505912,0.0,0.0,0.0,0.0,0.0,0.0,0.0,0.0,0.0,0.0
133347.94,1.3191284532007412,0.0,22194.0,37.0,0.22644999999799864,31.5,32.4375,36.710000000000036,0.0,0.0,0.0,0.0,0.0,20.0,0.3,0.1,0.2,0.1,0.4,0.1,0.1,0.1,0.5,0.0,65535.0,0.19415579461356527,0.0,65535.0,0.15240711070420387,0.0,0.0,0.0,0.0,0.0,0.0,0.0,0.0,0.0,0.0
133408.01,1.325295670562554,0.0,22194.0,37.0,0.19914999999799674,31.5,32.375,36.97000000000003,0.0,0.0,0.0,0.0,0.0,20.0,0.3,0.1,0.2,0.1,0.4,0.1,0.1,0.1,0.5,0.0,65535.0,0.19511711299305715,0.0,65535.0,0.1526665140764477,0.0,0.0,0.0,0.0,0.0,0.0,0.0,0.0,0.0,0.0
133468.08,1.3039526369042802,0.0,22194.0,37.0,0.13174999999798356,31.5625,32.375,37.05000000000001,0.0,0.0,0.0,0.0,0.0,20.0,0.3,0.1,0.2,0.1,0.4,0.1,0.1,0.1,0.5,0.0,65535.0,0.19546807049668116,0.0,65535.0,0.1521324483100633,0.0,0.0,0.0,0.0,0.0,0.0,0.0,0.0,0.0,0.0
133528.18,1.3338793081841405,0.0,22194.0,37.0,0.17644999999798386,31.5625,32.375,36.870000000000005,0.0,0.0,0.0,0.0,0.0,20.0,0.3,0.1,0.2,0.1,0.4,0.1,0.1,0.1,0.5,0.0,65535.0,0.19392690928511483,0.0,65535.0,0.1521629663538567,0.0,0.0,0.0,0.0,0.0,0.0,0.0,0.0,0.0,0.0
133588.26,1.31090742093401,0.0,22194.0,37.0,0.10934999999798548,31.5,32.4375,36.79000000000002,0.0,0.0,0.0,0.0,0.0,20.0,0.3,0.1,0.2,0.1,0.4,0.1,0.1,0.1,0.5,0.0,65535.0,0.19439993896391242,0.0,65535.0,0.15211718928816662,0.0,0.0,0.0,0.0,0.0,0.0,0.0,0.0,0.0,0.0
133648.36,1.321072181185113,0.0,22194.0,37.0,0.17044999999798163,31.5,32.4375,36.93000000000001,0.0,0.0,0.0,0.0,0.0,20.0,0.3,0.1,0.2,0.1,0.4,0.1,0.1,0.1,0.5,0.0,65535.0,0.19459830624856947,0.0,65535.0,0.15225452048523688,0.0,0.0,0.0,0.0,0.0,0.0,0.0,0.0,0.0,0.0
133708.45,1.3428267669796097,0.0,22194.0,37.0,0.16404999999799003,31.5,32.375,36.81,0.0,0.0,0.0,0.0,0.0,20.0,0.3,0.1,0.2,0.1,0.4,0.1,0.1,0.1,0.5,0.0,65535.0,0.1948882276646067,0.0,65535.0,0.15243762874799727,0.0,0.0,0.0,0.0,0.0,0.0,0.0,0.0,0.0,0.0
133768.55,1.2999169478053378,0.0,22194.0,37.0,0.1260499999979777,31.5625,32.375,36.710000000000036,0.0,0.0,0.0,0.0,0.0,20.0,0.3,0.1,0.2,0.1,0.4,0.1,0.1,0.1,0.5,0.0,65535.0,0.19511711299305715,0.0,65535.0,0.15259021896696423,0.0,0.0,0.0,0.0,0.0,0.0,0.0,0.0,0.0,0.0
133828.59,1.3461586090919049,0.0,22194.0,37.0,0.19954999999797934,31.5,32.4375,36.81,0.0,0.0,0.0,0.0,0.0,20.0,0.3,0.1,0.2,0.1,0.4,0.1,0.1,0.1,0.5,0.0,65535.0,0.1948577096208133,0.0,65535.0,0.1526665140764477,0.0,0.0,0.0,0.0,0.0,0.0,0.0,0.0,0.0,0.0
133888.68,1.328794227011982,0.0,22194.0,37.0,0.22344999999798942,31.5,32.4375,36.870000000000005,0.0,0.0,0.0,0.0,0.0,20.0,0.3,0.1,0.2,0.1,0.4,0.1,0.1,0.1,0.5,0.0,65535.0,0.19516289005874723,0.0,65535.0,0.15255970092317084,0.0,0.0,0.0,0.0,0.0,0.0,0.0,0.0,0.0,0.0
133948.73,1.324932977563366,0.0,22194.0,37.0,0.18874999999797748,31.5,32.375,36.950000000000045,0.0,0.0,0.0,0.0,0.0,20.0,0.3,0.1,0.2,0.1,0.4,0.1,0.1,0.1,0.5,0.0,65535.0,0.19453727016098268,0.0,65535.0,0.1526665140764477,0.0,0.0,0.0,0.0,0.0,0.0,0.0,0.0,0.0,0.0
134008.81,1.336871856766452,0.0,22194.0,37.0,0.17264999999798047,31.5625,32.375,37.03000000000003,0.0,0.0,0.0,0.0,0.0,20.0,0.3,0.1,0.2,0.1,0.4,0.1,0.1,0.1,0.5,0.0,65535.0,0.1945067521171893,0.0,65535.0,0.15297169451438164,0.0,0.0,0.0,0.0,0.0,0.0,0.0,0.0,0.0,0.0
134068.88,1.3489957538344401,0.0,22194.0,37.0,0.19144999999797502,31.5,32.375,36.950000000000045,0.0,0.0,0.0,0.0,0.0,20.0,0.3,0.1,0.2,0.1,0.4,0.1,0.1,0.1,0.5,0.0,65535.0,0.1961547264820325,0.0,65535.0,0.15262073701075762,0.0,0.0,0.0,0.0,0.0,0.0,0.0,0.0,0.0,0.0
134128.96,1.3689344716787868,0.0,22194.0,37.0,0.18734999999797874,31.5,32.375,36.97000000000003,0.0,0.0,0.0,0.0,0.0,20.0,0.3,0.1,0.2,0.1,0.4,0.1,0.1,0.1,0.5,0.0,65535.0,0.19565117875944152,0.0,65535.0,0.15286488136110477,0.0,0.0,0.0,0.0,0.0,0.0,0.0,0.0,0.0,0.0
134189.03,1.3454947825664365,0.0,22194.0,37.0,0.1543499999979769,31.5625,32.375,37.09000000000003,0.0,0.0,0.0,0.0,0.0,20.0,0.3,0.1,0.2,0.1,0.4,0.1,0.1,0.1,0.5,0.0,65535.0,0.19548332951857786,0.0,65535.0,0.1527275501640345,0.0,0.0,0.0,0.0,0.0,0.0,0.0,0.0,0.0,0.0
134249.09,1.3377070504264137,0.0,22194.0,37.0,0.20554999999797297,31.5,32.375,36.89000000000004,0.0,0.0,0.0,0.0,0.0,20.0,0.3,0.1,0.2,0.1,0.4,0.1,0.1,0.1,0.5,0.0,65535.0,0.19592584115358205,0.0,65535.0,0.15236133363851379,0.0,0.0,0.0,0.0,0.0,0.0,0.0,0.0,0.0,0.0
134309.16,1.3456632043435228,0.0,22194.0,37.0,0.17704999999797047,31.5,32.375,37.170000000000016,0.0,0.0,0.0,0.0,0.0,20.0,0.3,0.1,0.2,0.1,0.4,0.1,0.1,0.1,0.5,0.0,65535.0,0.19542229343099107,0.0,65535.0,0.1521782253757534,0.0,0.0,0.0,0.0,0.0,0.0,0.0,0.0,0.0,0.0
134369.2,1.3603306274331368,0.0,22194.0,37.0,0.16584999999797895,31.5,32.375,36.870000000000005,0.0,0.0,0.0,0.0,0.0,20.0,0.3,0.1,0.2,0.1,0.4,0.1,0.1,0.1,0.5,0.0,65535.0,0.19761959258411535,0.0,65535.0,0.15246814679179066,0.0,0.0,0.0,0.0,0.0,0.0,0.0,0.0,0.0,0.0
134429.25,1.3517733389491384,0.0,22194.0,37.0,0.15434999999797264,31.5625,32.375,36.93000000000001,0.0,0.0,0.0,0.0,0.0,20.0,0.3,0.1,0.2,0.1,0.4,0.1,0.1,0.1,0.5,0.0,65535.0,0.19546807049668116,0.0,65535.0,0.15252918287937745,0.0,0.0,0.0,0.0,0.0,0.0,0.0,0.0,0.0,0.0
134489.32,1.313548930103809,0.0,22194.0,37.0,0.18524999999797295,31.5625,32.375,36.950000000000045,0.0,0.0,0.0,0.0,0.0,20.0,0.3,0.1,0.2,0.1,0.4,0.1,0.1,0.1,0.5,0.0,65535.0,0.19664301518272678,0.0,65535.0,0.15289539940489816,0.0,0.0,0.0,0.0,0.0,0.0,0.0,0.0,0.0,0.0
134549.38,1.332542992627606,0.0,22194.0,37.0,0.12134999999796997,31.5625,32.375,37.03000000000003,0.0,0.0,0.0,0.0,0.0,20.0,0.3,0.1,0.2,0.1,0.4,0.1,0.1,0.1,0.5,0.0,65535.0,0.19673456931410696,0.0,65535.0,0.15280384527351798,0.0,0.0,0.0,0.0,0.0,0.0,0.0,0.0,0.0,0.0
134609.45,1.3431500537074101,0.0,22194.0,37.0,0.21434999999797236,31.5,32.375,36.81,0.0,0.0,0.0,0.0,0.0,20.0,0.3,0.1,0.2,0.1,0.4,0.1,0.1,0.1,0.5,0.0,65535.0,0.1973907072556649,0.0,65535.0,0.15303273060196843,0.0,0.0,0.0,0.0,0.0,0.0,0.0,0.0,0.0,0.0
134669.52,1.3429623303448797,0.0,22194.0,37.0,0.16554999999797496,31.5,32.375,36.73000000000002,0.0,0.0,0.0,0.0,0.0,20.0,0.3,0.1,0.2,0.1,0.4,0.1,0.1,0.1,0.5,0.0,65535.0,0.19836728465705347,0.0,65535.0,0.1521782253757534,0.0,0.0,0.0,0.0,0.0,0.0,0.0,0.0,0.0,0.0
134729.59,1.3118133564263894,0.0,22194.0,37.0,0.16994999999796925,31.5625,32.375,37.03000000000003,0.0,0.0,0.0,0.0,0.0,20.0,0.3,0.1,0.2,0.1,0.4,0.1,0.1,0.1,0.5,0.0,65535.0,0.19537651636530098,0.0,65535.0,0.15205615320057983,0.0,0.0,0.0,0.0,0.0,0.0,0.0,0.0,0.0,0.0
134789.67,1.3710564303164832,0.0,22194.0,37.0,0.18784999999796376,31.5,32.375,36.93000000000001,0.0,0.0,0.0,0.0,0.0,20.0,0.3,0.1,0.2,0.1,0.4,0.1,0.1,0.1,0.5,0.0,65535.0,0.19624628061341268,0.0,65535.0,0.15226977950713358,0.0,0.0,0.0,0.0,0.0,0.0,0.0,0.0,0.0,0.0
134849.71,1.348243440441343,0.0,22194.0,37.0,0.20524999999796298,31.5,32.375,36.950000000000045,0.0,0.0,0.0,0.0,0.0,20.0,0.3,0.1,0.2,0.1,0.4,0.1,0.1,0.1,0.5,0.0,65535.0,0.19732967116807812,0.0,65535.0,0.15265125505455102,0.0,0.0,0.0,0.0,0.0,0.0,0.0,0.0,0.0,0.0
134909.79,1.347689224834205,0.0,22194.0,37.0,0.17614999999796102,31.5,32.375,36.950000000000045,0.0,0.0,0.0,0.0,0.0,20.0,0.3,0.1,0.2,0.1,0.4,0.1,0.1,0.1,0.5,0.0,65535.0,0.19688715953307392,0.0,65535.0,0.1521934843976501,0.0,0.0,0.0,0.0,0.0,0.0,0.0,0.0,0.0,0.0
134969.87,1.3347116174348297,0.0,22194.0,37.0,0.19114999999796073,31.5625,32.4375,37.01000000000005,0.0,0.0,0.0,0.0,0.0,20.0,0.3,0.1,0.2,0.1,0.4,0.1,0.1,0.1,0.5,0.0,65535.0,0.19676508735790035,0.0,65535.0,0.15240711070420387,0.0,0.0,0.0,0.0,0.0,0.0,0.0,0.0,0.0,0.0
135029.93,1.3366006084995783,0.0,22194.0,37.0,0.2052499999979604,31.5,32.4375,37.03000000000003,0.0,0.0,0.0,0.0,0.0,20.0,0.3,0.1,0.2,0.1,0.4,0.1,0.1,0.1,0.5,0.0,65535.0,0.1970397497520409,0.0,65535.0,0.15278858625162128,0.0,0.0,0.0,0.0,0.0,0.0,0.0,0.0,0.0,0.0
135090.0,1.3351874432332538,0.0,22194.0,37.0,0.18964999999795865,31.5,32.4375,36.710000000000036,0.0,0.0,0.0,0.0,0.0,20.0,0.3,0.1,0.2,0.1,0.4,0.1,0.1,0.1,0.5,0.0,65535.0,0.19629205767910277,0.0,65535.0,0.15336842908369575,0.0,0.0,0.0,0.0,0.0,0.0,0.0,0.0,0.0,0.0
135150.06,1.3504253455130937,0.0,22194.0,37.0,0.17524999999795668,31.5,32.4375,36.950000000000045,0.0,0.0,0.0,0.0,0.0,20.0,0.3,0.1,0.2,0.1,0.4,0.1,0.1,0.1,0.5,0.0,65535.0,0.19591058213168536,0.0,65535.0,0.15184252689402608,0.0,0.0,0.0,0.0,0.0,0.0,0.0,0.0,0.0,0.0
135210.1,1.3749052706555953,0.0,22194.0,37.0,0.13924999999795418,31.5,32.375,36.93000000000001,0.0,0.0,0.0,0.0,0.0,20.0,0.3,0.1,0.2,0.1,0.4,0.1,0.1,0.1,0.5,0.0,65535.0,0.19732967116807812,0.0,65535.0,0.15254444190127414,0.0,0.0,0.0,0.0,0.0,0.0,0.0,0.0,0.0,0.0
135270.14,1.3841908916051584,0.0,22194.0,37.0,0.1807499999979599,31.5,32.4375,36.89000000000004,0.0,0.0,0.0,0.0,0.0,20.0,0.3,0.1,0.2,0.1,0.4,0.1,0.1,0.1,0.5,0.0,65535.0,0.19754329747463187,0.0,65535.0,0.15260547798886093,0.0,0.0,0.0,0.0,0.0,0.0,0.0,0.0,0.0,0.0
135330.19,1.3659390905338156,0.0,22194.0,37.0,0.19614999999796437,31.5,32.375,36.870000000000005,0.0,0.0,0.0,0.0,0.0,20.0,0.3,0.1,0.2,0.1,0.4,0.1,0.1,0.1,0.5,0.0,65535.0,0.19896238651102463,0.0,65535.0,0.1526665140764477,0.0,0.0,0.0,0.0,0.0,0.0,0.0,0.0,0.0,0.0
135390.23,1.3637559936958237,0.0,22194.0,37.0,0.16614999999796237,31.5625,32.375,36.81,0.0,0.0,0.0,0.0,0.0,20.0,0.3,0.1,0.2,0.1,0.4,0.1,0.1,0.1,0.5,0.0,65535.0,0.19842832074464026,0.0,65535.0,0.15167467765316242,0.0,0.0,0.0,0.0,0.0,0.0,0.0,0.0,0.0,0.0
135450.28,1.3546460234533568,0.0,22194.0,37.0,0.20884999999795364,31.5,32.375,36.950000000000045,0.0,0.0,0.0,0.0,0.0,20.0,0.3,0.1,0.2,0.1,0.4,0.1,0.1,0.1,0.5,0.0,65535.0,0.20033569848172733,0.0,65535.0,0.15257495994506753,0.0,0.0,0.0,0.0,0.0,0.0,0.0,0.0,0.0,0.0
135510.36,1.353832369103255,0.0,22194.0,37.0,0.16914999999796132,31.5,32.375,37.03000000000003,0.0,0.0,0.0,0.0,0.0,20.0,0.3,0.1,0.2,0.1,0.4,0.1,0.1,0.1,0.5,0.0,65535.0,0.19726863508049133,0.0,65535.0,0.1521629663538567,0.0,0.0,0.0,0.0,0.0,0.0,0.0,0.0,0.0,0.0
135570.43,1.3631423894722403,0.0,22194.0,37.0,0.16824999999796045,31.5625,32.375,37.170000000000016,0.0,0.0,0.0,0.0,0.0,20.0,0.3,0.1,0.2,0.1,0.4,0.1,0.1,0.1,0.5,0.0,65535.0,0.19789425497825588,0.0,65535.0,0.15304798962386512,0.0,0.0,0.0,0.0,0.0,0.0,0.0,0.0,0.0,0.0
135630.51,1.3529776715712496,0.0,22194.0,37.0,0.2356499999979577,31.5625,32.375,36.97000000000003,0.0,0.0,0.0,0.0,0.0,20.0,0.3,0.1,0.2,0.1,0.4,0.1,0.1,0.1,0.5,0.0,65535.0,0.19845883878843365,0.0,65535.0,0.15199511711299304,0.0,0.0,0.0,0.0,0.0,0.0,0.0,0.0,0.0,0.0
135690.59,1.3466398385603027,0.0,22194.0,37.0,0.21274999999795094,31.5625,32.375,37.09000000000003,0.0,0.0,0.0,0.0,0.0,20.0,0.3,0.1,0.2,0.1,0.4,0.1,0.1,0.1,0.5,0.0,65535.0,0.19818417639429312,0.0,65535.0,0.15251392385748075,0.0,0.0,0.0,0.0,0.0,0.0,0.0,0.0,0.0,0.0
135750.67,1.3364532396554898,0.0,22194.0,37.0,0.1055499999979555,31.5625,32.375,37.01000000000005,0.0,0.0,0.0,0.0,0.0,20.0,0.3,0.1,0.2,0.1,0.4,0.1,0.1,0.1,0.5,0.0,65535.0,0.19765011062790874,0.0,65535.0,0.15263599603265432,0.0,0.0,0.0,0.0,0.0,0.0,0.0,0.0,0.0,0.0
135810.73,1.354990842313656,0.0,22194.0,37.0,0.1316499999979559,31.5625,32.4375,36.85000000000002,0.0,0.0,0.0,0.0,0.0,20.0,0.3,0.1,0.2,0.1,0.4,0.1,0.1,0.1,0.5,0.0,65535.0,0.1982757305256733,0.0,65535.0,0.15214770733196,0.0,0.0,0.0,0.0,0.0,0.0,0.0,0.0,0.0,0.0
135870.79,1.3981518997543072,0.0,22194.0,37.0,0.22784999999795366,31.5625,32.375,36.89000000000004,0.0,0.0,0.0,0.0,0.0,20.0,0.3,0.1,0.2,0.1,0.4,0.1,0.1,0.1,0.5,0.0,65535.0,0.2000762951094835,0.0,65535.0,0.15230029755092697,0.0,0.0,0.0,0.0,0.0,0.0,0.0,0.0,0.0,0.0
135930.83,1.3623102523410433,0.0,22194.0,37.0,0.21024999999795715,31.5625,32.375,36.81,0.0,0.0,0.0,0.0,0.0,20.0,0.3,0.1,0.2,0.1,0.4,0.1,0.1,0.1,0.5,0.0,65535.0,0.1982299534599832,0.0,65535.0,0.15233081559472036,0.0,0.0,0.0,0.0,0.0,0.0,0.0,0.0,0.0,0.0
135990.86,1.3622446643027826,0.0,22194.0,37.0,0.17054999999794976,31.5,32.375,36.870000000000005,0.0,0.0,0.0,0.0,0.0,20.0,0.3,0.1,0.2,0.1,0.4,0.1,0.1,0.1,0.5,0.0,65535.0,0.19929808499275198,0.0,65535.0,0.15294117647058825,0.0,0.0,0.0,0.0,0.0,0.0,0.0,0.0,0.0,0.0
136050.9,1.3488725696128345,0.0,22194.0,37.0,0.14284999999794312,31.5,32.375,36.950000000000045,0.0,0.0,0.0,0.0,0.0,20.0,0.3,0.1,0.2,0.1,0.4,0.1,0.1,0.1,0.5,0.0,65535.0,0.1987029831387808,0.0,65535.0,0.15162890058747233,0.0,0.0,0.0,0.0,0.0,0.0,0.0,0.0,0.0,0.0
136110.96,1.4057435136378809,0.0,22194.0,37.0,0.1510499999979473,31.5625,32.375,36.81,0.0,0.0,0.0,0.0,0.0,20.0,0.3,0.1,0.2,0.1,0.4,0.1,0.1,0.1,0.5,0.0,65535.0,0.19955748836499582,0.0,65535.0,0.1518120088502327,0.0,0.0,0.0,0.0,0.0,0.0,0.0,0.0,0.0,0.0
136171.01,1.3830100941500612,0.0,22194.0,37.0,0.18784999999794308,31.5625,32.375,37.09000000000003,0.0,0.0,0.0,0.0,0.0,20.0,0.3,0.1,0.2,0.1,0.4,0.1,0.1,0.1,0.5,0.0,65535.0,0.1977721828030823,0.0,65535.0,0.15202563515678644,0.0,0.0,0.0,0.0,0.0,0.0,0.0,0.0,0.0,0.0
136231.05,1.3793246880025891,0.0,22194.0,37.0,0.2373499999979441,31.5,32.375,36.79000000000002,0.0,0.0,0.0,0.0,0.0,20.0,0.3,0.1,0.2,0.1,0.4,0.1,0.1,0.1,0.5,0.0,65535.0,0.19954222934309912,0.0,65535.0,0.15226977950713358,0.0,0.0,0.0,0.0,0.0,0.0,0.0,0.0,0.0,0.0
136291.1,1.4024321632500012,0.0,22194.0,37.0,0.1690499999979451,31.5,32.375,36.81,0.0,0.0,0.0,0.0,0.0,20.0,0.3,0.1,0.2,0.1,0.4,0.1,0.1,0.1,0.5,0.0,65535.0,0.1995727473868925,0.0,65535.0,0.15323109788662548,0.0,0.0,0.0,0.0,0.0,0.0,0.0,0.0,0.0,0.0
136351.14,1.3696480949563894,0.0,22194.0,37.0,0.1946499999979502,31.5,32.375,36.870000000000005,0.0,0.0,0.0,0.0,0.0,20.0,0.3,0.1,0.2,0.1,0.4,0.1,0.1,0.1,0.5,0.0,65535.0,0.19850461585412374,0.0,65535.0,0.1544060425726711,0.0,0.0,0.0,0.0,0.0,0.0,0.0,0.0,0.0,0.0
136411.21,1.388810861529562,0.0,22194.0,37.0,0.14464999999793798,31.5,32.375,37.03000000000003,0.0,0.0,0.0,0.0,0.0,20.0,0.3,0.1,0.2,0.1,0.4,0.1,0.1,0.1,0.5,0.0,65535.0,0.1978637369344625,0.0,65535.0,0.1509727626459144,0.0,0.0,0.0,0.0,0.0,0.0,0.0,0.0,0.0,0.0
136471.26,1.3896443742469784,0.0,22194.0,37.0,0.17194999999793817,31.5625,32.375,36.93000000000001,0.0,0.0,0.0,0.0,0.0,20.0,0.3,0.1,0.2,0.1,0.4,0.1,0.1,0.1,0.5,0.0,65535.0,0.19974059662775617,0.0,65535.0,0.15226977950713358,0.0,0.0,0.0,0.0,0.0,0.0,0.0,0.0,0.0,0.0
136531.29,1.3938453227991885,0.0,22194.0,37.0,0.1843499999979428,31.5,32.375,36.79000000000002,0.0,0.0,0.0,0.0,0.0,20.0,0.3,0.1,0.2,0.1,0.4,0.1,0.1,0.1,0.5,0.0,65535.0,0.1990844586861982,0.0,65535.0,0.15249866483558405,0.0,0.0,0.0,0.0,0.0,0.0,0.0,0.0,0.0,0.0
136591.36,1.4125988376807532,0.0,22194.0,37.0,0.21534999999794813,31.5625,32.375,36.93000000000001,0.0,0.0,0.0,0.0,0.0,20.0,0.3,0.1,0.2,0.1,0.4,0.1,0.1,0.1,0.5,0.0,65535.0,0.1991302357518883,0.0,65535.0,0.1521629663538567,0.0,0.0,0.0,0.0,0.0,0.0,0.0,0.0,0.0,0.0
136651.42,1.3763137063393929,0.0,22194.0,37.0,0.1282499999979395,31.5625,32.375,37.190000000000055,0.0,0.0,0.0,0.0,0.0,20.0,0.3,0.1,0.2,0.1,0.4,0.1,0.1,0.1,0.5,0.0,65535.0,0.19842832074464026,0.0,65535.0,0.15143053330281528,0.0,0.0,0.0,0.0,0.0,0.0,0.0,0.0,0.0,0.0
136711.47,1.3958024178174555,0.0,22194.0,37.0,0.19324999999793638,31.5625,32.375,36.97000000000003,0.0,0.0,0.0,0.0,0.0,20.0,0.3,0.1,0.2,0.1,0.4,0.1,0.1,0.1,0.5,0.0,65535.0,0.19992370489051653,0.0,65535.0,0.15196459906919965,0.0,0.0,0.0,0.0,0.0,0.0,0.0,0.0,0.0,0.0
136771.54,1.4020425920431223,0.0,22194.0,37.0,0.1891499999979401,31.5625,32.375,37.03000000000003,0.0,0.0,0.0,0.0,0.0,20.0,0.3,0.1,0.2,0.1,0.4,0.1,0.1,0.1,0.5,0.0,65535.0,0.20077821011673153,0.0,65535.0,0.15194934004730296,0.0,0.0,0.0,0.0,0.0,0.0,0.0,0.0,0.0,0.0
136831.58,1.4042019148683336,0.0,22194.0,37.0,0.08224999999794524,31.5625,32.375,37.01000000000005,0.0,0.0,0.0,0.0,0.0,20.0,0.3,0.1,0.2,0.1,0.4,0.1,0.1,0.1,0.5,0.0,65535.0,0.19880979629205767,0.0,65535.0,0.15207141222247653,0.0,0.0,0.0,0.0,0.0,0.0,0.0,0.0,0.0,0.0
136891.62,1.3736143495882902,0.0,22194.0,37.0,0.18104999999793894,31.5625,32.375,36.93000000000001,0.0,0.0,0.0,0.0,0.0,20.0,0.3,0.1,0.2,0.1,0.4,0.1,0.1,0.1,0.5,0.0,65535.0,0.20195315480277715,0.0,65535.0,0.15288014038300146,0.0,0.0,0.0,0.0,0.0,0.0,0.0,0.0,0.0,0.0
136951.67,1.4142908351600503,0.0,22194.0,37.0,0.22374999999794445,31.5,32.375,36.77000000000004,0.0,0.0,0.0,0.0,0.0,20.0,0.3,0.1,0.2,0.1,0.4,0.1,0.1,0.1,0.5,0.0,65535.0,0.19996948195620662,0.0,65535.0,0.15226977950713358,0.0,0.0,0.0,0.0,0.0,0.0,0.0,0.0,0.0,0.0
137011.71,1.4126972020550488,0.0,22194.0,37.0,0.1911499999979323,31.5,32.4375,36.77000000000004,0.0,0.0,0.0,0.0,0.0,20.0,0.3,0.1,0.2,0.1,0.4,0.1,0.1,0.1,0.5,0.0,65535.0,0.20065613794155795,0.0,65535.0,0.1521934843976501,0.0,0.0,0.0,0.0,0.0,0.0,0.0,0.0,0.0,0.0
137071.78,1.3934687245860433,0.0,22194.0,37.0,0.126649999997929,31.5,32.3125,36.950000000000045,0.0,0.0048,0.25,0.0,0.0,20.0,0.3,0.1,0.2,0.1,0.4,0.1,0.1,0.1,0.5,0.0,65535.0,0.2004577706569009,0.0,65535.0,0.15254444190127414,0.0,0.0,0.0,0.0,0.0,0.0,0.0,0.0,0.0,0.0
137131.86,1.3728560386501911,0.0,22194.0,37.0,0.3871999999979365,31.5,32.375,36.23000000000002,0.0,0.0,0.0,0.0,0.0,20.0,0.3,0.1,0.2,0.1,0.4,0.1,0.1,0.1,0.5,0.0,65535.0,0.19595635919737545,0.0,65535.0,0.14988937209124895,0.0,0.0,0.0,0.0,0.0,0.0,0.0,0.0,0.0,0.0
137191.93,1.3605191390536944,0.0,22194.0,37.0,0.2026499999979338,31.4375,32.375,36.870000000000005,0.0,0.0,0.0,0.0,0.0,20.0,0.3,0.1,0.2,0.1,0.4,0.1,0.1,0.1,0.5,0.0,65535.0,0.19674982833600366,0.0,65535.0,0.14789044022278172,0.0,0.0,0.0,0.0,0.0,0.0,0.0,0.0,0.0,0.0
137252.0,1.3886011917562207,0.0,22194.0,37.0,0.16054999999792605,31.5625,32.375,36.93000000000001,0.0,0.0,0.0,0.0,0.0,20.0,0.3,0.1,0.2,0.1,0.4,0.1,0.1,0.1,0.5,0.0,65535.0,0.19641412985427634,0.0,65535.0,0.14901960784313725,0.0,0.0,0.0,0.0,0.0,0.0,0.0,0.0,0.0,0.0
137312.07,1.3472624667392608,0.0,22194.0,37.0,0.13724999999792878,31.5625,32.375,36.97000000000003,0.0,0.0,0.0,0.0,0.0,20.0,0.3,0.1,0.2,0.1,0.4,0.1,0.1,0.1,0.5,0.0,65535.0,0.19676508735790035,0.0,65535.0,0.14874494544899672,0.0,0.0,0.0,0.0,0.0,0.0,0.0,0.0,0.0,0.0
137372.1,1.3510381973964374,0.0,22194.0,37.0,0.18514999999792445,31.5625,32.375,37.05000000000001,0.0,0.0,0.0,0.0,0.0,20.0,0.3,0.1,0.2,0.1,0.4,0.1,0.1,0.1,0.5,0.0,65535.0,0.1990539406424048,0.0,65535.0,0.14732585641260396,0.0,0.0,0.0,0.0,0.0,0.0,0.0,0.0,0.0,0.0
137432.17,1.3794760604104817,0.0,22194.0,37.0,0.13974999999793133,31.5625,32.375,36.650000000000034,0.0,0.0,0.0,0.0,0.0,20.0,0.3,0.1,0.2,0.1,0.4,0.1,0.1,0.1,0.5,0.0,65535.0,0.19713130388342107,0.0,65535.0,0.1483482108796826,0.0,0.0,0.0,0.0,0.0,0.0,0.0,0.0,0.0,0.0
137492.25,1.3883855245915773,0.0,22194.0,37.0,0.17474999999792706,31.5625,32.375,36.79000000000002,0.0,0.0,0.0,0.0,0.0,20.0,0.3,0.1,0.2,0.1,0.4,0.1,0.1,0.1,0.5,0.0,65535.0,0.1970397497520409,0.0,65535.0,0.14856183718623636,0.0,0.0,0.0,0.0,0.0,0.0,0.0,0.0,0.0,0.0
137552.33,1.3904327510609935,0.0,22194.0,37.0,0.20244999999793198,31.5625,32.375,37.03000000000003,0.0,0.0,0.0,0.0,0.0,20.0,0.3,0.1,0.2,0.1,0.4,0.1,0.1,0.1,0.5,0.0,65535.0,0.19880979629205767,0.0,65535.0,0.14741741054398413,0.0,0.0,0.0,0.0,0.0,0.0,0.0,0.0,0.0,0.0
137612.4,1.3712546521963338,0.0,22194.0,37.0,0.19774999999792117,31.5625,32.375,37.110000000000014,0.0,0.0,0.0,0.0,0.0,20.0,0.3,0.1,0.2,0.1,0.4,0.1,0.1,0.1,0.5,0.0,65535.0,0.19839780270084686,0.0,65535.0,0.14860761425192645,0.0,0.0,0.0,0.0,0.0,0.0,0.0,0.0,0.0,0.0
137672.46,1.3892904981531735,0.0,22194.0,37.0,0.1612499999979234,31.5625,32.375,37.09000000000003,0.0,0.0,0.0,0.0,0.0,20.0,0.3,0.1,0.2,0.1,0.4,0.1,0.1,0.1,0.5,0.0,65535.0,0.19710078583962767,0.0,65535.0,0.1483482108796826,0.0,0.0,0.0,0.0,0.0,0.0,0.0,0.0,0.0,0.0
137732.52,1.3651372096312184,0.0,22194.0,37.0,0.11704999999791582,31.5625,32.375,36.97000000000003,0.0,0.0,0.0,0.0,0.0,20.0,0.3,0.1,0.2,0.1,0.4,0.1,0.1,0.1,0.5,0.0,65535.0,0.19929808499275198,0.0,65535.0,0.14911116197451743,0.0,0.0,0.0,0.0,0.0,0.0,0.0,0.0,0.0,0.0
137792.57,1.3936045526525263,0.0,22194.0,37.0,0.1343499999979251,31.5,32.375,36.77000000000004,0.0,0.0,0.0,0.0,0.0,20.0,0.3,0.1,0.2,0.1,0.4,0.1,0.1,0.1,0.5,0.0,65535.0,0.19920653086137177,0.0,65535.0,0.14851606012054627,0.0,0.0,0.0,0.0,0.0,0.0,0.0,0.0,0.0,0.0
137852.61,1.3992076663645001,0.0,22194.0,37.0,0.18934999999791685,31.5,32.375,36.89000000000004,0.0,0.0,0.0,0.0,0.0,20.0,0.3,0.1,0.2,0.1,0.4,0.1,0.1,0.1,0.5,0.0,65535.0,0.19945067521171894,0.0,65535.0,0.14915693904020752,0.0,0.0,0.0,0.0,0.0,0.0,0.0,0.0,0.0,0.0
137912.65,1.3948078414278813,0.0,22194.0,37.0,0.17494999999791488,31.5625,32.375,36.950000000000045,0.0,0.0,0.0,0.0,0.0,20.0,0.3,0.1,0.2,0.1,0.4,0.1,0.1,0.1,0.5,0.0,65535.0,0.19829098954757,0.0,65535.0,0.14789044022278172,0.0,0.0,0.0,0.0,0.0,0.0,0.0,0.0,0.0,0.0
137972.69,1.3774685394865238,0.0,22194.0,37.0,0.174049999997914,31.5625,32.375,36.93000000000001,0.0,0.0,0.0,0.0,0.0,20.0,0.3,0.1,0.2,0.1,0.4,0.1,0.1,0.1,0.5,0.0,65535.0,0.1996185244525826,0.0,65535.0,0.14853131914244297,0.0,0.0,0.0,0.0,0.0,0.0,0.0,0.0,0.0,0.0
138032.76,1.4089469130449082,0.0,22194.0,37.0,0.17314999999791314,31.5,32.3125,36.79000000000002,0.0,0.0,0.0,0.0,0.0,20.0,0.3,0.1,0.2,0.1,0.4,0.1,0.1,0.1,0.5,0.0,65535.0,0.19874876020447088,0.0,65535.0,0.14976729991607537,0.0,0.0,0.0,0.0,0.0,0.0,0.0,0.0,0.0,0.0
138092.81,1.4111447911297499,0.0,22194.0,37.0,0.23064999999792365,31.5625,32.4375,36.89000000000004,0.0,0.0,0.0,0.0,0.0,20.0,0.3,0.1,0.2,0.1,0.4,0.1,0.1,0.1,0.5,0.0,65535.0,0.19842832074464026,0.0,65535.0,0.15016403448538948,0.0,0.0,0.0,0.0,0.0,0.0,0.0,0.0,0.0,0.0
138152.87,1.4227894783998773,0.0,22194.0,37.0,0.17794999999791133,31.5625,32.375,36.93000000000001,0.0,0.0,0.0,0.0,0.0,20.0,0.3,0.1,0.2,0.1,0.4,0.1,0.1,0.1,0.5,0.0,65535.0,0.1990997177080949,0.0,65535.0,0.14872968642710002,0.0,0.0,0.0,0.0,0.0,0.0,0.0,0.0,0.0,0.0
138212.91,1.3822552808160669,0.0,22194.0,37.0,0.17234999999791473,31.5625,32.375,36.81,0.0,0.0,0.0,0.0,0.0,20.0,0.3,0.1,0.2,0.1,0.4,0.1,0.1,0.1,0.5,0.0,65535.0,0.19847409781033035,0.0,65535.0,0.1484092469672694,0.0,0.0,0.0,0.0,0.0,0.0,0.0,0.0,0.0,0.0
138272.99,1.3960745158527823,0.0,22194.0,37.0,0.15704999999791355,31.5,32.375,36.85000000000002,0.0,0.0,0.0,0.0,0.0,20.0,0.3,0.1,0.2,0.1,0.4,0.1,0.1,0.1,0.5,0.0,65535.0,0.19952697032120242,0.0,65535.0,0.14856183718623636,0.0,0.0,0.0,0.0,0.0,0.0,0.0,0.0,0.0,0.0
138333.07,1.4061768402263861,0.0,22194.0,37.0,0.18914999999791363,31.5625,32.375,37.05000000000001,0.0,0.0,0.0,0.0,0.0,20.0,0.3,0.1,0.2,0.1,0.4,0.1,0.1,0.1,0.5,0.0,65535.0,0.20061036087586787,0.0,65535.0,0.14975204089417868,0.0,0.0,0.0,0.0,0.0,0.0,0.0,0.0,0.0,0.0
138393.13,1.3873396901415174,0.0,22194.0,37.0,0.13174999999790557,31.5625,32.375,36.950000000000045,0.0,0.0,0.0,0.0,0.0,20.0,0.3,0.1,0.2,0.1,0.4,0.1,0.1,0.1,0.5,0.0,65535.0,0.198641947051194,0.0,65535.0,0.14872968642710002,0.0,0.0,0.0,0.0,0.0,0.0,0.0,0.0,0.0,0.0
138453.21,1.3836515448090574,0.0,22194.0,37.0,0.13104999999791445,31.5,32.375,36.73000000000002,0.0,0.0,0.0,0.0,0.0,20.0,0.3,0.1,0.2,0.1,0.4,0.1,0.1,0.1,0.5,0.0,65535.0,0.1990539406424048,0.0,65535.0,0.14871442740520333,0.0,0.0,0.0,0.0,0.0,0.0,0.0,0.0,0.0,0.0
138513.28,1.4028644742198226,0.0,22194.0,37.0,0.1860499999979062,31.5625,32.375,36.950000000000045,0.0,0.0,0.0,0.0,0.0,20.0,0.3,0.1,0.2,0.1,0.4,0.1,0.1,0.1,0.5,0.0,65535.0,0.19948119325551233,0.0,65535.0,0.14830243381399252,0.0,0.0,0.0,0.0,0.0,0.0,0.0,0.0,0.0,0.0
138573.34,1.4255619880413108,0.0,22194.0,37.0,0.24674999999791208,31.5625,32.375,36.77000000000004,0.0,0.0,0.0,0.0,0.0,20.0,0.3,0.1,0.2,0.1,0.4,0.1,0.1,0.1,0.5,0.0,65535.0,0.2012512397955291,0.0,65535.0,0.1483634699015793,0.0,0.0,0.0,0.0,0.0,0.0,0.0,0.0,0.0,0.0
138633.39,1.4413952991381367,0.0,22194.0,37.0,0.19234999999790386,31.5625,32.375,37.03000000000003,0.0,0.0,0.0,0.0,0.0,20.0,0.3,0.1,0.2,0.1,0.4,0.1,0.1,0.1,0.5,0.0,65535.0,0.20024414435034715,0.0,65535.0,0.1479362172884718,0.0,0.0,0.0,0.0,0.0,0.0,0.0,0.0,0.0,0.0
138693.43,1.4108856366702427,0.0,22194.0,37.0,0.19764999999791324,31.5,32.375,37.05000000000001,0.0,0.0,0.0,0.0,0.0,20.0,0.3,0.1,0.2,0.1,0.4,0.1,0.1,0.1,0.5,0.0,65535.0,0.19969481956206608,0.0,65535.0,0.14792095826657511,0.0,0.0,0.0,0.0,0.0,0.0,0.0,0.0,0.0,0.0
138753.53,1.4138460875571408,0.0,22194.0,37.0,0.18614999999790693,31.5,32.375,36.950000000000045,0.0,0.0,0.0,0.0,0.0,20.0,0.3,0.1,0.2,0.1,0.4,0.1,0.1,0.1,0.5,0.0,65535.0,0.2013122758831159,0.0,65535.0,0.1488670176241703,0.0,0.0,0.0,0.0,0.0,0.0,0.0,0.0,0.0,0.0
138813.6,1.3807933499797647,0.0,22194.0,37.0,0.18854999999790645,31.5625,32.375,36.950000000000045,0.0,0.0,0.0,0.0,0.0,20.0,0.3,0.1,0.2,0.1,0.4,0.1,0.1,0.1,0.5,0.0,65535.0,0.20096131837949188,0.0,65535.0,0.1501335164415961,0.0,0.0,0.0,0.0,0.0,0.0,0.0,0.0,0.0,0.0
138873.66,1.424791731544618,0.0,22194.0,37.0,0.1885499999979056,31.5,32.375,36.97000000000003,0.0,0.0,0.0,0.0,0.0,20.0,0.3,0.1,0.2,0.1,0.4,0.1,0.1,0.1,0.5,0.0,65535.0,0.20077821011673153,0.0,65535.0,0.14888227664606699,0.0,0.0,0.0,0.0,0.0,0.0,0.0,0.0,0.0,0.0
138933.73,1.393941275279905,0.0,22194.0,37.0,0.17644999999789898,31.5625,32.375,36.93000000000001,0.0,0.0,0.0,0.0,0.0,20.0,0.3,0.1,0.2,0.1,0.4,0.1,0.1,0.1,0.5,0.0,65535.0,0.20239566643778134,0.0,65535.0,0.14863813229571984,0.0,0.0,0.0,0.0,0.0,0.0,0.0,0.0,0.0,0.0
138993.79,1.4096597497173715,0.0,22194.0,37.0,0.16644999999790722,31.5625,32.375,36.950000000000045,0.0,0.0,0.0,0.0,0.0,20.0,0.3,0.1,0.2,0.1,0.4,0.1,0.1,0.1,0.5,0.0,65535.0,0.19935912108033876,0.0,65535.0,0.14943160143434805,0.0,0.0,0.0,0.0,0.0,0.0,0.0,0.0,0.0,0.0
139053.86,1.3819341476956426,0.0,22194.0,37.0,0.17554999999789725,31.5625,32.375,36.79000000000002,0.0,0.0,0.0,0.0,0.0,20.0,0.3,0.1,0.2,0.1,0.4,0.1,0.1,0.1,0.5,0.0,65535.0,0.20039673456931412,0.0,65535.0,0.14996566720073243,0.0,0.0,0.0,0.0,0.0,0.0,0.0,0.0,0.0,0.0
139113.9,1.4290969724898637,0.0,22194.0,37.0,0.14724999999790536,31.5625,32.3125,36.950000000000045,0.0,0.0,0.0,0.0,0.0,20.0,0.3,0.1,0.2,0.1,0.4,0.1,0.1,0.1,0.5,0.0,65535.0,0.20059510185397117,0.0,65535.0,0.1488059815365835,0.0,0.0,0.0,0.0,0.0,0.0,0.0,0.0,0.0,0.0
139173.98,1.428576386173837,0.0,22194.0,37.0,0.18964999999789606,31.5625,32.375,36.81,0.0,0.0,0.0,0.0,0.0,20.0,0.3,0.1,0.2,0.1,0.4,0.1,0.1,0.1,0.5,0.0,65535.0,0.2021057450217441,0.0,65535.0,0.14940108339055466,0.0,0.0,0.0,0.0,0.0,0.0,0.0,0.0,0.0,0.0
139234.06,1.408109117523326,0.0,22194.0,37.0,0.12754999999789227,31.5625,32.375,36.950000000000045,0.0,0.0,0.0,0.0,0.0,20.0,0.3,0.1,0.2,0.1,0.4,0.1,0.1,0.1,0.5,0.0,65535.0,0.20161745632104983,0.0,65535.0,0.14956893263141832,0.0,0.0,0.0,0.0,0.0,0.0,0.0,0.0,0.0,0.0
139294.13,1.3928668747186714,0.0,22194.0,37.0,0.16404999999790257,31.5625,32.4375,36.93000000000001,0.0,0.0,0.0,0.0,0.0,20.0,0.3,0.1,0.2,0.1,0.4,0.1,0.1,0.1,0.5,0.0,65535.0,0.2021820401312276,0.0,65535.0,0.14853131914244297,0.0,0.0,0.0,0.0,0.0,0.0,0.0,0.0,0.0,0.0
139354.2,1.442047590294538,0.0,22194.0,37.0,0.13074999999790102,31.5,32.375,36.85000000000002,0.0,0.0,0.0,0.0,0.0,20.0,0.3,0.1,0.2,0.1,0.4,0.1,0.1,0.1,0.5,0.0,65535.0,0.20270084687571527,0.0,65535.0,0.14938582436865797,0.0,0.0,0.0,0.0,0.0,0.0,0.0,0.0,0.0,0.0
139414.27,1.4066937334035412,0.0,22194.0,37.0,0.2137499999978983,31.5625,32.375,36.93000000000001,0.0,0.0,0.0,0.0,0.0,20.0,0.3,0.1,0.2,0.1,0.4,0.1,0.1,0.1,0.5,0.0,65535.0,0.20202944991226063,0.0,65535.0,0.14876020447089341,0.0,0.0,0.0,0.0,0.0,0.0,0.0,0.0,0.0,0.0
139474.34,1.427996783774657,0.0,22194.0,37.0,0.20704999999789186,31.5625,32.375,37.03000000000003,0.0,0.0,0.0,0.0,0.0,20.0,0.3,0.1,0.2,0.1,0.4,0.1,0.1,0.1,0.5,0.0,65535.0,0.20282291905088884,0.0,65535.0,0.14952315556572823,0.0,0.0,0.0,0.0,0.0,0.0,0.0,0.0,0.0,0.0
139534.39,1.4492766803713426,0.0,22194.0,37.0,0.19884999999790015,31.5,32.375,36.79000000000002,0.0,0.0,0.0,0.0,0.0,20.0,0.3,0.1,0.2,0.1,0.4,0.1,0.1,0.1,0.5,0.0,65535.0,0.2034637979705501,0.0,65535.0,0.14894331273365377,0.0,0.0,0.0,0.0,0.0,0.0,0.0,0.0,0.0,0.0
139594.45,1.4425478386306374,0.0,22194.0,37.0,0.1655499999978986,31.5625,32.375,36.89000000000004,0.0,0.0,0.0,0.0,0.0,20.0,0.3,0.1,0.2,0.1,0.4,0.1,0.1,0.1,0.5,0.0,65535.0,0.20106813153276876,0.0,65535.0,0.14940108339055466,0.0,0.0,0.0,0.0,0.0,0.0,0.0,0.0,0.0,0.0
139654.52,1.4174753269976754,0.0,22194.0,37.0,0.1549499999978923,31.5625,32.375,36.89000000000004,0.0,0.0,0.0,0.0,0.0,20.0,0.3,0.1,0.2,0.1,0.4,0.1,0.1,0.1,0.5,0.0,65535.0,0.20120546272983902,0.0,65535.0,0.14853131914244297,0.0,0.0,0.0,0.0,0.0,0.0,0.0,0.0,0.0,0.0
139714.56,1.4569708432631117,0.0,22194.0,37.0,0.17144999999789234,31.5,32.375,36.73000000000002,0.0,0.0,0.0,0.0,0.0,20.0,0.3,0.1,0.2,0.1,0.4,0.1,0.1,0.1,0.5,0.0,65535.0,0.20431830319676508,0.0,65535.0,0.14912642099641413,0.0,0.0,0.0,0.0,0.0,0.0,0.0,0.0,0.0,0.0
139774.61,1.4187160582521323,0.0,22194.0,37.0,0.15494999999789058,31.5625,32.375,37.09000000000003,0.0,0.0,0.0,0.0,0.0,20.0,0.3,0.1,0.2,0.1,0.4,0.1,0.1,0.1,0.5,0.0,65535.0,0.20363164721141375,0.0,65535.0,0.14822613870450904,0.0,0.0,0.0,0.0,0.0,0.0,0.0,0.0,0.0,0.0
139834.65,1.4502979293067202,0.0,22194.0,37.0,0.17434999999788545,31.5625,32.375,36.77000000000004,0.0,0.0,0.0,0.0,0.0,20.0,0.3,0.1,0.2,0.1,0.4,0.1,0.1,0.1,0.5,0.0,65535.0,0.2012817578393225,0.0,65535.0,0.1483634699015793,0.0,0.0,0.0,0.0,0.0,0.0,0.0,0.0,0.0,0.0
139894.69,1.4359125447904464,0.0,22194.0,37.0,0.17404999999788404,31.5625,32.375,36.79000000000002,0.0,0.0,0.0,0.0,0.0,20.0,0.3,0.1,0.2,0.1,0.4,0.1,0.1,0.1,0.5,0.0,65535.0,0.2025940337224384,0.0,65535.0,0.14906538490882734,0.0,0.0,0.0,0.0,0.0,0.0,0.0,0.0,0.0,0.0
139954.74,1.462303158301963,0.0,22194.0,37.0,0.1902499999978835,31.5625,32.375,36.950000000000045,0.0,0.0,0.0,0.0,0.0,20.0,0.3,0.1,0.2,0.1,0.4,0.1,0.1,0.1,0.5,0.0,65535.0,0.20527962157625695,0.0,65535.0,0.14911116197451743,0.0,0.0,0.0,0.0,0.0,0.0,0.0,0.0,0.0,0.0
140014.81,1.4600700271916722,0.0,22194.0,37.0,0.16844999999788654,31.5,32.375,36.77000000000004,0.0,0.0,0.0,0.0,0.0,20.0,0.3,0.1,0.2,0.1,0.4,0.1,0.1,0.1,0.5,0.0,65535.0,0.20436408026245517,0.0,65535.0,0.14850080109864958,0.0,0.0,0.0,0.0,0.0,0.0,0.0,0.0,0.0,0.0
140074.89,1.4637473454225258,0.0,22194.0,37.0,0.18964999999788146,31.5625,32.375,37.05000000000001,0.0,0.0,0.0,0.0,0.0,20.0,0.3,0.1,0.2,0.1,0.4,0.1,0.1,0.1,0.5,0.0,65535.0,0.2030060273136492,0.0,65535.0,0.14984359502555886,0.0,0.0,0.0,0.0,0.0,0.0,0.0,0.0,0.0,0.0
140134.95,1.4360374132340128,0.0,22194.0,37.0,0.15024999999788888,31.5,32.375,36.710000000000036,0.0,0.0,0.0,0.0,0.0,20.0,0.3,0.1,0.2,0.1,0.4,0.1,0.1,0.1,0.5,0.0,65535.0,0.20450141145952544,0.0,65535.0,0.14894331273365377,0.0,0.0,0.0,0.0,0.0,0.0,0.0,0.0,0.0,0.0
140195.03,1.4439944107246634,0.0,22194.0,37.0,0.21734999999788557,31.5625,32.4375,36.85000000000002,0.0,0.0,0.0,0.0,0.0,20.0,0.3,0.1,0.2,0.1,0.4,0.1,0.1,0.1,0.5,0.0,65535.0,0.20448615243762874,0.0,65535.0,0.14985885404745555,0.0,0.0,0.0,0.0,0.0,0.0,0.0,0.0,0.0,0.0
140255.08,1.440880512588715,0.0,22194.0,37.0,0.16994999999788263,31.5625,32.375,36.89000000000004,0.0,0.0,0.0,0.0,0.0,20.0,0.3,0.1,0.2,0.1,0.4,0.1,0.1,0.1,0.5,0.0,65535.0,0.2038300144960708,0.0,65535.0,0.1475852597848478,0.0,0.0,0.0,0.0,0.0,0.0,0.0,0.0,0.0,0.0
140315.14,1.4427182958444056,0.0,22194.0,37.0,0.17264999999788186,31.5625,32.375,36.950000000000045,0.0,0.0,0.0,0.0,0.0,20.0,0.3,0.1,0.2,0.1,0.4,0.1,0.1,0.1,0.5,0.0,65535.0,0.2042877851529717,0.0,65535.0,0.14828717479209583,0.0,0.0,0.0,0.0,0.0,0.0,0.0,0.0,0.0,0.0
140375.21,1.4680037377590158,0.0,22194.0,37.0,0.15084999999788493,31.5625,32.375,36.950000000000045,0.0,0.0,0.0,0.0,0.0,20.0,0.3,0.1,0.2,0.1,0.4,0.1,0.1,0.1,0.5,0.0,65535.0,0.20323491264209964,0.0,65535.0,0.1488059815365835,0.0,0.0,0.0,0.0,0.0,0.0,0.0,0.0,0.0,0.0
140435.25,1.4263009598877225,0.0,22194.0,37.0,0.16784999999788025,31.5625,32.375,36.93000000000001,0.0,0.0,0.0,0.0,0.0,20.0,0.3,0.1,0.2,0.1,0.4,0.1,0.1,0.1,0.5,0.0,65535.0,0.20489814602883955,0.0,65535.0,0.1488364995803769,0.0,0.0,0.0,0.0,0.0,0.0,0.0,0.0,0.0,0.0
140495.3,1.4523344975495986,0.0,22194.0,37.0,0.18814999999787513,31.4375,32.375,37.01000000000005,0.0,0.0,0.0,0.0,0.0,20.0,0.3,0.1,0.2,0.1,0.4,0.1,0.1,0.1,0.5,0.0,65535.0,0.20561532005798427,0.0,65535.0,0.14908064393072404,0.0,0.0,0.0,0.0,0.0,0.0,0.0,0.0,0.0,0.0
140555.34,1.4643756732601432,0.0,22194.0,37.0,0.2108499999978846,31.5625,32.375,37.01000000000005,0.0,0.0,0.0,0.0,0.0,20.0,0.3,0.1,0.2,0.1,0.4,0.1,0.1,0.1,0.5,0.0,65535.0,0.205981536583505,0.0,65535.0,0.1487907225146868,0.0,0.0,0.0,0.0,0.0,0.0,0.0,0.0,0.0,0.0
140615.39,1.4729748192666443,0.0,22194.0,37.0,0.18554999999787833,31.5625,32.375,36.81,0.0,0.0,0.0,0.0,0.0,20.0,0.3,0.1,0.2,0.1,0.4,0.1,0.1,0.1,0.5,0.0,65535.0,0.20367742427710384,0.0,65535.0,0.14847028305485618,0.0,0.0,0.0,0.0,0.0,0.0,0.0,0.0,0.0,0.0
140675.46,1.4706684072502938,0.0,22194.0,37.0,0.18524999999787775,31.5625,32.375,36.79000000000002,0.0,0.0,0.0,0.0,0.0,20.0,0.3,0.1,0.2,0.1,0.4,0.1,0.1,0.1,0.5,0.0,65535.0,0.2051117723353933,0.0,65535.0,0.14781414511329824,0.0,0.0,0.0,0.0,0.0,0.0,0.0,0.0,0.0,0.0
140735.51,1.441112004878169,0.0,22194.0,37.0,0.15254999999787563,31.5625,32.375,36.870000000000005,0.0,0.0,0.0,0.0,0.0,20.0,0.3,0.1,0.2,0.1,0.4,0.1,0.1,0.1,0.5,0.0,65535.0,0.20349431601434348,0.0,65535.0,0.1483939879453727,0.0,0.0,0.0,0.0,0.0,0.0,0.0,0.0,0.0,0.0
140795.56,1.4588099737339908,0.0,22194.0,37.0,0.1955499999978817,31.5625,32.4375,36.93000000000001,0.0,0.0,0.0,0.0,0.0,20.0,0.3,0.1,0.2,0.1,0.4,0.1,0.1,0.1,0.5,0.0,65535.0,0.2050507362478065,0.0,65535.0,0.14822613870450904,0.0,0.0,0.0,0.0,0.0,0.0,0.0,0.0,0.0,0.0
140855.6,1.4685727394598207,0.0,22194.0,37.0,0.17644999999787064,31.5,32.375,36.79000000000002,0.0,0.0,0.0,0.0,0.0,20.0,0.3,0.1,0.2,0.1,0.4,0.1,0.1,0.1,0.5,0.0,65535.0,0.2047150377660792,0.0,65535.0,0.14905012588693065,0.0,0.0,0.0,0.0,0.0,0.0,0.0,0.0,0.0,0.0
140915.68,1.4948371425702232,0.0,22194.0,37.0,0.19294999999786983,31.5,32.375,37.110000000000014,0.0,0.0,0.0,0.0,0.0,20.0,0.3,0.1,0.2,0.1,0.4,0.1,0.1,0.1,0.5,0.0,65535.0,0.205477988860914,0.0,65535.0,0.14847028305485618,0.0,0.0,0.0,0.0,0.0,0.0,0.0,0.0,0.0,0.0
140975.74,1.4558529750487141,0.0,22194.0,37.0,0.1879499999978735,31.5,32.3125,36.89000000000004,0.0,0.0,0.0,0.0,0.0,20.0,0.3,0.1,0.2,0.1,0.4,0.1,0.1,0.1,0.5,0.0,65535.0,0.20314335851071946,0.0,65535.0,0.14814984359502556,0.0,0.0,0.0,0.0,0.0,0.0,0.0,0.0,0.0,0.0
141035.78,1.4521123749117697,0.0,22194.0,37.0,0.19114999999786803,31.5,32.4375,36.950000000000045,0.0,0.0,0.0,0.0,0.0,20.0,0.3,0.1,0.2,0.1,0.4,0.1,0.1,0.1,0.5,0.0,65535.0,0.20793469138628215,0.0,65535.0,0.14850080109864958,0.0,0.0,0.0,0.0,0.0,0.0,0.0,0.0,0.0,0.0
141095.84,1.491607361736233,0.0,22194.0,37.0,0.14994999999787537,31.5625,32.375,36.89000000000004,0.0,0.0,0.0,0.0,0.0,20.0,0.3,0.1,0.2,0.1,0.4,0.1,0.1,0.1,0.5,0.0,65535.0,0.20570687418936445,0.0,65535.0,0.14825665674830243,0.0,0.0,0.0,0.0,0.0,0.0,0.0,0.0,0.0,0.0
141155.92,1.472517877538306,0.0,22194.0,37.0,0.15434999999786964,31.5625,32.375,36.89000000000004,0.0,0.0,0.0,0.0,0.0,20.0,0.3,0.1,0.2,0.1,0.4,0.1,0.1,0.1,0.5,0.0,65535.0,0.2055542839703975,0.0,65535.0,0.14909590295262073,0.0,0.0,0.0,0.0,0.0,0.0,0.0,0.0,0.0,0.0
141215.98,1.4895622571342155,0.0,22194.0,37.0,0.20674999999786545,31.5,32.4375,36.690000000000055,0.0,0.0,0.0,0.0,0.0,20.0,0.3,0.1,0.2,0.1,0.4,0.1,0.1,0.1,0.5,0.0,65535.0,0.20366216525520714,0.0,65535.0,0.14833295185778592,0.0,0.0,0.0,0.0,0.0,0.0,0.0,0.0,0.0,0.0
141276.05,1.4435272780530322,0.0,22194.0,37.0,0.16674999999787254,31.5,32.375,36.89000000000004,0.0,0.0,0.0,0.0,0.0,20.0,0.3,0.1,0.2,0.1,0.4,0.1,0.1,0.1,0.5,0.0,65535.0,0.2046540016784924,0.0,65535.0,0.1491874570840009,0.0,0.0,0.0,0.0,0.0,0.0,0.0,0.0,0.0,0.0
141336.08,1.5112678789731095,0.0,22194.0,37.0,0.18764999999786774,31.5625,32.375,36.97000000000003,0.0,0.0,0.0,0.0,0.0,20.0,0.3,0.1,0.2,0.1,0.4,0.1,0.1,0.1,0.5,0.0,65535.0,0.2067597467002365,0.0,65535.0,0.14895857175555047,0.0,0.0,0.0,0.0,0.0,0.0,0.0,0.0,0.0,0.0
141396.14,1.485829882567979,0.0,22194.0,37.0,0.18674999999786684,31.5,32.4375,36.93000000000001,0.0,0.0,0.0,0.0,0.0,20.0,0.3,0.1,0.2,0.1,0.4,0.1,0.1,0.1,0.5,0.0,65535.0,0.20790417334248876,0.0,65535.0,0.1488670176241703,0.0,0.0,0.0,0.0,0.0,0.0,0.0,0.0,0.0,0.0
141456.21,1.4715897183675808,0.0,22194.0,37.0,0.15344999999786443,31.5625,32.375,36.93000000000001,0.0,0.0,0.0,0.0,0.0,20.0,0.3,0.1,0.2,0.1,0.4,0.1,0.1,0.1,0.5,0.0,65535.0,0.20482185091935606,0.0,65535.0,0.14764629587243458,0.0,0.0,0.0,0.0,0.0,0.0,0.0,0.0,0.0,0.0
141516.29,1.4763416679406154,0.0,22194.0,37.0,0.18194999999786438,31.5,32.375,36.89000000000004,0.0,0.0,0.0,0.0,0.0,20.0,0.3,0.1,0.2,0.1,0.4,0.1,0.1,0.1,0.5,0.0,65535.0,0.20703440909437706,0.0,65535.0,0.14810406652933547,0.0,0.0,0.0,0.0,0.0,0.0,0.0,0.0,0.0,0.0
141576.37,1.4653194223802959,0.0,22194.0,37.0,0.20434999999785905,31.5,32.375,36.77000000000004,0.0,0.0,0.0,0.0,0.0,20.0,0.3,0.1,0.2,0.1,0.4,0.1,0.1,0.1,0.5,0.0,65535.0,0.2072938124666209,0.0,65535.0,0.1488059815365835,0.0,0.0,0.0,0.0,0.0,0.0,0.0,0.0,0.0,0.0
141636.44,1.5084274665917332,0.0,22194.0,37.0,0.18434999999786217,31.5,32.375,36.950000000000045,0.0,0.0,0.0,0.0,0.0,20.0,0.3,0.1,0.2,0.1,0.4,0.1,0.1,0.1,0.5,0.0,65535.0,0.20794995040817885,0.0,65535.0,0.1492027161058976,0.0,0.0,0.0,0.0,0.0,0.0,0.0,0.0,0.0,0.0
141696.51,1.4976710131159372,0.0,22194.0,37.0,0.19254999999786634,31.5625,32.375,37.01000000000005,0.0,0.0,0.0,0.0,0.0,20.0,0.3,0.1,0.2,0.1,0.4,0.1,0.1,0.1,0.5,0.0,65535.0,0.20613412680247195,0.0,65535.0,0.14874494544899672,0.0,0.0,0.0,0.0,0.0,0.0,0.0,0.0,0.0,0.0
141756.59,1.5043228836477893,0.0,22194.0,37.0,0.1828499999978601,31.5,32.3125,36.89000000000004,0.0,0.0,0.0,0.0,0.0,20.0,0.3,0.1,0.2,0.1,0.4,0.1,0.1,0.1,0.5,0.0,65535.0,0.20657663843747615,0.0,65535.0,0.14894331273365377,0.0,0.0,0.0,0.0,0.0,0.0,0.0,0.0,0.0,0.0
141816.66,1.456007055045987,0.0,22194.0,37.0,0.17464999999785422,31.5,32.375,36.85000000000002,0.0,0.0,0.0,0.0,0.0,20.0,0.3,0.1,0.2,0.1,0.4,0.1,0.1,0.1,0.5,0.0,65535.0,0.20834668497749295,0.0,65535.0,0.14978255893797207,0.0,0.0,0.0,0.0,0.0,0.0,0.0,0.0,0.0,0.0
141876.73,1.5006990817275856,0.0,22194.0,37.0,0.19554999999786363,31.5625,32.375,36.97000000000003,0.0,0.0,0.0,0.0,0.0,20.0,0.3,0.1,0.2,0.1,0.4,0.1,0.1,0.1,0.5,0.0,65535.0,0.20805676356145572,0.0,65535.0,0.14778362706950485,0.0,0.0,0.0,0.0,0.0,0.0,0.0,0.0,0.0,0.0
141936.81,1.5179215726902289,0.0,22194.0,37.0,0.19734999999786282,31.5,32.375,37.01000000000005,0.0,0.0,0.0,0.0,0.0,20.0,0.3,0.1,0.2,0.1,0.4,0.1,0.1,0.1,0.5,0.0,65535.0,0.20761425192645153,0.0,65535.0,0.14888227664606699,0.0,0.0,0.0,0.0,0.0,0.0,0.0,0.0,0.0,0.0
141996.88,1.4900247866219933,0.0,22194.0,37.0,0.15234999999786025,31.5,32.375,36.89000000000004,0.0,0.0,0.0,0.0,0.0,20.0,0.3,0.1,0.2,0.1,0.4,0.1,0.1,0.1,0.5,0.0,65535.0,0.20628671702143891,0.0,65535.0,0.1483634699015793,0.0,0.0,0.0,0.0,0.0,0.0,0.0,0.0,0.0,0.0
142056.96,1.5021897477969512,0.0,22194.0,37.0,0.17114999999785566,31.5,32.375,36.870000000000005,0.0,0.0,0.0,0.0,0.0,20.0,0.3,0.1,0.2,0.1,0.4,0.1,0.1,0.1,0.5,0.0,65535.0,0.20531013962005035,0.0,65535.0,0.149233234149691,0.0,0.0,0.0,0.0,0.0,0.0,0.0,0.0,0.0,0.0
142117.03,1.4943102106190223,0.0,22194.0,37.0,0.18814999999785012,31.5625,32.375,36.93000000000001,0.0,0.0,0.0,0.0,0.0,20.0,0.3,0.1,0.2,0.1,0.4,0.1,0.1,0.1,0.5,0.0,65535.0,0.20648508430609597,0.0,65535.0,0.14814984359502556,0.0,0.0,0.0,0.0,0.0,0.0,0.0,0.0,0.0,0.0
142177.11,1.5149324565978044,0.0,22194.0,37.0,0.1934499999978595,31.5,32.375,37.03000000000003,0.0,0.0,0.0,0.0,0.0,20.0,0.3,0.1,0.2,0.1,0.4,0.1,0.1,0.1,0.5,0.0,65535.0,0.2063630121309224,0.0,65535.0,0.14773785000381476,0.0,0.0,0.0,0.0,0.0,0.0,0.0,0.0,0.0,0.0
142237.18,1.5078665156523405,0.0,22194.0,37.0,0.16014999999785795,31.5,32.375,36.870000000000005,0.0,0.0,0.0,0.0,0.0,20.0,0.3,0.1,0.2,0.1,0.4,0.1,0.1,0.1,0.5,0.0,65535.0,0.20752269779507135,0.0,65535.0,0.14874494544899672,0.0,0.0,0.0,0.0,0.0,0.0,0.0,0.0,0.0,0.0
142297.29,1.518217119335139,0.0,22194.0,37.0,0.18254999999785348,31.5,32.3125,36.73000000000002,0.0,0.0,0.0,0.0,0.0,20.0,0.3,0.1,0.2,0.1,0.4,0.1,0.1,0.1,0.5,0.0,65535.0,0.20642404821850918,0.0,65535.0,0.1488059815365835,0.0,0.0,0.0,0.0,0.0,0.0,0.0,0.0,0.0,0.0
142357.36,1.5254882921624113,0.0,22194.0,37.0,0.23504999999785434,31.5,32.375,36.870000000000005,0.0,0.0,0.0,0.0,0.0,20.0,0.3,0.1,0.2,0.1,0.4,0.1,0.1,0.1,0.5,0.0,65535.0,0.20807202258335242,0.0,65535.0,0.14892805371175707,0.0,0.0,0.0,0.0,0.0,0.0,0.0,0.0,0.0,0.0
142417.43,1.487002817027591,0.0,22194.0,37.0,0.1982499999978568,31.5,32.3125,36.97000000000003,0.0,0.0,0.0,0.0,0.0,20.0,0.3,0.1,0.2,0.1,0.4,0.1,0.1,0.1,0.5,0.0,65535.0,0.20794995040817885,0.0,65535.0,0.14851606012054627,0.0,0.0,0.0,0.0,0.0,0.0,0.0,0.0,0.0,0.0
142477.48,1.514500324160314,0.0,22194.0,37.0,0.19504999999784634,31.5,32.3125,36.93000000000001,0.0,0.0,0.0,0.0,0.0,20.0,0.3,0.1,0.2,0.1,0.4,0.1,0.1,0.1,0.5,0.0,65535.0,0.20953688868543527,0.0,65535.0,0.14863813229571984,0.0,0.0,0.0,0.0,0.0,0.0,0.0,0.0,0.0,0.0
142537.55,1.5147910415933992,0.0,22194.0,37.0,0.17734999999784481,31.5625,32.3125,37.03000000000003,0.0,0.0,0.0,0.0,0.0,20.0,0.3,0.1,0.2,0.1,0.4,0.1,0.1,0.1,0.5,0.0,65535.0,0.20888075074387732,0.0,65535.0,0.14958419165331502,0.0,0.0,0.0,0.0,0.0,0.0,0.0,0.0,0.0,0.0
142597.63,1.4980334048292954,0.0,22194.0,37.0,0.15824999999784797,31.5625,32.3125,36.97000000000003,0.0,0.0,0.0,0.0,0.0,20.0,0.3,0.1,0.2,0.1,0.4,0.1,0.1,0.1,0.5,0.0,65535.0,0.208194094758526,0.0,65535.0,0.14814984359502556,0.0,0.0,0.0,0.0,0.0,0.0,0.0,0.0,0.0,0.0
142657.7,1.5095295091821324,0.0,22194.0,37.0,0.2079499999978437,31.5625,32.375,36.85000000000002,0.0,0.0,0.0,0.0,0.0,20.0,0.3,0.1,0.2,0.1,0.4,0.1,0.1,0.1,0.5,0.0,65535.0,0.20686655985351338,0.0,65535.0,0.14958419165331502,0.0,0.0,0.0,0.0,0.0,0.0,0.0,0.0,0.0,0.0
142717.78,1.4780253266477166,0.0,22194.0,37.0,0.14844999999785005,31.5,32.375,36.85000000000002,0.0,0.0,0.0,0.0,0.0,20.0,0.3,0.1,0.2,0.1,0.4,0.1,0.1,0.1,0.5,0.0,65535.0,0.20802624551766233,0.0,65535.0,0.14819562066071565,0.0,0.0,0.0,0.0,0.0,0.0,0.0,0.0,0.0,0.0
142777.88,1.5214655579878016,0.0,22194.0,37.0,0.20964999999785208,31.5,32.375,36.81,0.0,0.0,0.0,0.0,0.0,20.0,0.3,0.1,0.2,0.1,0.4,0.1,0.1,0.1,0.5,0.0,65535.0,0.2081483176928359,0.0,65535.0,0.14872968642710002,0.0,0.0,0.0,0.0,0.0,0.0,0.0,0.0,0.0,0.0
142837.96,1.5159448952554226,0.0,22194.0,37.0,0.18874999999784095,31.5,32.375,36.77000000000004,0.0,0.0,0.0,0.0,0.0,20.0,0.3,0.1,0.2,0.1,0.4,0.1,0.1,0.1,0.5,0.0,65535.0,0.20766002899214162,0.0,65535.0,0.1484397650110628,0.0,0.0,0.0,0.0,0.0,0.0,0.0,0.0,0.0,0.0
142898.02,1.5311453864575932,0.0,22194.0,37.0,0.18464999999784468,31.5,32.375,36.77000000000004,0.0,0.0,0.0,0.0,0.0,20.0,0.3,0.1,0.2,0.1,0.4,0.1,0.1,0.1,0.5,0.0,65535.0,0.2097810330357824,0.0,65535.0,0.14905012588693065,0.0,0.0,0.0,0.0,0.0,0.0,0.0,0.0,0.0,0.0
142958.07,1.510575822160269,0.0,22194.0,37.0,0.1472499999978477,31.5,32.375,37.05000000000001,0.0,0.0,0.0,0.0,0.0,20.0,0.3,0.1,0.2,0.1,0.4,0.1,0.1,0.1,0.5,0.0,65535.0,0.20830090791180286,0.0,65535.0,0.14903486686503395,0.0,0.0,0.0,0.0,0.0,0.0,0.0,0.0,0.0,0.0
143018.15,1.533203198812181,0.0,22194.0,37.0,0.1728499999978378,31.5,32.375,36.73000000000002,0.0,0.0,0.0,0.0,0.0,20.0,0.3,0.1,0.2,0.1,0.4,0.1,0.1,0.1,0.5,0.0,65535.0,0.21081864652475776,0.0,65535.0,0.14863813229571984,0.0,0.0,0.0,0.0,0.0,0.0,0.0,0.0,0.0,0.0
143078.22,1.5245436021629648,0.0,22194.0,37.0,0.18934999999783697,31.5,32.3125,36.97000000000003,0.0,0.0,0.0,0.0,0.0,20.0,0.3,0.1,0.2,0.1,0.4,0.1,0.1,0.1,0.5,0.0,65535.0,0.20878919661249715,0.0,65535.0,0.1484092469672694,0.0,0.0,0.0,0.0,0.0,0.0,0.0,0.0,0.0,0.0
143138.3,1.5373596042480138,0.0,22194.0,37.0,0.16814999999784033,31.5,32.3125,36.77000000000004,0.0,0.0,0.0,0.0,0.0,20.0,0.3,0.1,0.2,0.1,0.4,0.1,0.1,0.1,0.5,0.0,65535.0,0.20886549172198063,0.0,65535.0,0.14901960784313725,0.0,0.0,0.0,0.0,0.0,0.0,0.0,0.0,0.0,0.0
143198.35,1.5344959418938582,0.0,22194.0,37.0,0.16874999999783977,31.5,32.3125,36.93000000000001,0.0,0.0,0.0,0.0,0.0,20.0,0.3,0.1,0.2,0.1,0.4,0.1,0.1,0.1,0.5,0.0,65535.0,0.20959792477302205,0.0,65535.0,0.1492942702372778,0.0,0.0,0.0,0.0,0.0,0.0,0.0,0.0,0.0,0.0
143258.43,1.543858741709457,0.0,22194.0,37.0,0.23524999999783613,31.5,32.375,36.63000000000005,0.0,0.0,0.0,0.0,0.0,20.0,0.3,0.1,0.2,0.1,0.4,0.1,0.1,0.1,0.5,0.0,65535.0,0.20990310521095598,0.0,65535.0,0.1479819943541619,0.0,0.0,0.0,0.0,0.0,0.0,0.0,0.0,0.0,0.0
143318.48,1.520558039782638,0.0,22194.0,37.0,0.2353499999978403,31.5,32.375,36.89000000000004,0.0,0.0,0.0,0.0,0.0,20.0,0.3,0.1,0.2,0.1,0.4,0.1,0.1,0.1,0.5,0.0,65535.0,0.2110322728313115,0.0,65535.0,0.14946211947814145,0.0,0.0,0.0,0.0,0.0,0.0,0.0,0.0,0.0,0.0
143378.53,1.5544949119311675,0.0,22194.0,37.0,0.15204999999784158,31.5,32.375,37.05000000000001,0.0,0.0,0.0,0.0,0.0,20.0,0.3,0.1,0.2,0.1,0.4,0.1,0.1,0.1,0.5,0.0,65535.0,0.21083390554665446,0.0,65535.0,0.1471274891279469,0.0,0.0,0.0,0.0,0.0,0.0,0.0,0.0,0.0,0.0
143438.6,1.49395501370185,0.0,22194.0,37.0,0.1531499999978363,31.5625,32.375,36.81,0.0,0.0,0.0,0.0,0.0,20.0,0.3,0.1,0.2,0.1,0.4,0.1,0.1,0.1,0.5,0.0,65535.0,0.21060502021820401,0.0,65535.0,0.14876020447089341,0.0,0.0,0.0,0.0,0.0,0.0,0.0,0.0,0.0,0.0
143498.68,1.553749483273831,0.0,22194.0,37.0,0.23734999999783332,31.5,32.375,36.690000000000055,0.0,0.0,0.0,0.0,0.0,20.0,0.3,0.1,0.2,0.1,0.4,0.1,0.1,0.1,0.5,0.0,65535.0,0.2098420691233692,0.0,65535.0,0.1492179751277943,0.0,0.0,0.0,0.0,0.0,0.0,0.0,0.0,0.0,0.0
143558.75,1.5399315140553367,0.0,22194.0,37.0,0.20974999999783084,31.5625,32.375,36.89000000000004,0.0,0.0,0.0,0.0,0.0,20.0,0.3,0.1,0.2,0.1,0.4,0.1,0.1,0.1,0.5,0.0,65535.0,0.21043717097734035,0.0,65535.0,0.1479972533760586,0.0,0.0,0.0,0.0,0.0,0.0,0.0,0.0,0.0,0.0
143618.82,1.528339109153746,0.0,22194.0,37.0,0.18644999999783354,31.5,32.375,36.97000000000003,0.0,0.0,0.0,0.0,0.0,20.0,0.3,0.1,0.2,0.1,0.4,0.1,0.1,0.1,0.5,0.0,65535.0,0.21303120469977874,0.0,65535.0,0.14979781795986877,0.0,0.0,0.0,0.0,0.0,0.0,0.0,0.0,0.0,0.0
143678.86,1.5611136026484391,0.0,22194.0,37.0,0.18494999999783235,31.5,32.4375,36.89000000000004,0.0,0.0,0.0,0.0,0.0,20.0,0.3,0.1,0.2,0.1,0.4,0.1,0.1,0.1,0.5,0.0,65535.0,0.21084916456855116,0.0,65535.0,0.14872968642710002,0.0,0.0,0.0,0.0,0.0,0.0,0.0,0.0,0.0,0.0
143738.94,1.5236647576313884,0.0,22194.0,37.0,0.21704999999783245,31.5625,32.375,36.85000000000002,0.0,0.0,0.0,0.0,0.0,20.0,0.3,0.1,0.2,0.1,0.4,0.1,0.1,0.1,0.5,0.0,65535.0,0.21098649576562142,0.0,65535.0,0.1491874570840009,0.0,0.0,0.0,0.0,0.0,0.0,0.0,0.0,0.0,0.0
143798.97,1.5312372494406241,0.0,22194.0,37.0,0.175549999997825,31.5,32.375,36.97000000000003,0.0,0.0,0.0,0.0,0.0,20.0,0.3,0.1,0.2,0.1,0.4,0.1,0.1,0.1,0.5,0.0,65535.0,0.20967421988250554,0.0,65535.0,0.14930952925917448,0.0,0.0,0.0,0.0,0.0,0.0,0.0,0.0,0.0,0.0
143859.02,1.5334399184113117,0.0,22194.0,37.0,0.19524999999783463,31.5625,32.4375,36.93000000000001,0.0,0.0,0.0,0.0,0.0,20.0,0.3,0.1,0.2,0.1,0.4,0.1,0.1,0.1,0.5,0.0,65535.0,0.2102845807583734,0.0,65535.0,0.14909590295262073,0.0,0.0,0.0,0.0,0.0,0.0,0.0,0.0,0.0,0.0
143919.1,1.5492973616471253,0.0,22194.0,37.0,0.15494999999782777,31.5625,32.375,36.950000000000045,0.0,0.0,0.0,0.0,0.0,20.0,0.3,0.1,0.2,0.1,0.4,0.1,0.1,0.1,0.5,0.0,65535.0,0.21203936827649347,0.0,65535.0,0.14911116197451743,0.0,0.0,0.0,0.0,0.0,0.0,0.0,0.0,0.0,0.0
143979.18,1.5314597265162289,0.0,22194.0,37.0,0.192349999997823,31.5,32.375,36.97000000000003,0.0,0.0011195340620861784,0.07447813624834472,0.0,0.0,20.0,0.3,0.1,0.2,0.1,0.4,0.1,0.1,0.1,0.5,0.0,65535.0,0.2127260242618448,0.0,65535.0,0.14851606012054627,0.0,0.0,0.0,0.0,0.0,0.0,0.0,0.0,0.0,0.0
144039.25,1.533903064630473,0.0,22194.0,37.0,0.23094999999783308,31.5625,32.4375,36.81,0.0,0.004941739984785462,0.08976695993914185,0.0,0.0,20.0,0.3,0.1,0.2,0.1,0.4,0.1,0.1,0.1,0.5,0.0,65535.0,0.21092545967803464,0.0,65535.0,0.14680704966811628,0.0,0.0,0.0,0.0,0.0,0.0,0.0,0.0,0.0,0.0
144099.32,1.4655020931575653,0.0,22194.0,37.0,0.24994999999782264,31.5,32.4375,36.650000000000034,0.0,0.0,0.07,0.0,0.0,20.0,0.3,0.1,0.2,0.1,0.4,0.1,0.1,0.1,0.5,0.0,65535.0,0.20498970016021972,0.0,65535.0,0.14343480582894635,0.0,0.0,0.0,0.0,0.0,0.0,0.0,0.0,0.0,0.0
144159.38,1.5122419000093683,0.0,22194.0,37.0,0.2574499999978218,31.5,32.4375,37.01000000000005,0.0,0.0,0.07,0.0,0.0,20.0,0.3,0.1,0.2,0.1,0.4,0.1,0.1,0.1,0.5,0.0,65535.0,0.2050354772259098,0.0,65535.0,0.14268711375600823,0.0,0.0,0.0,0.0,0.0,0.0,0.0,0.0,0.0,0.0
144219.44,1.523393065125889,0.0,22194.0,37.0,0.1291499999978205,31.5625,32.4375,37.03000000000003,0.0,0.0,0.25,0.0,0.0,20.0,0.3,0.1,0.2,0.1,0.4,0.1,0.1,0.1,0.5,0.0,65535.0,0.20529488059815365,0.0,65535.0,0.14338902876325627,0.0,0.0,0.0,0.0,0.0,0.0,0.0,0.0,0.0,0.0
144279.51,1.4902222905416078,0.0,22194.0,37.0,0.14344999999781488,31.625,32.375,37.03000000000003,0.0,0.0,0.07,0.0,0.0,20.0,0.3,0.1,0.2,0.1,0.4,0.1,0.1,0.1,0.5,0.0,65535.0,0.20625619897764552,0.0,65535.0,0.14171053635461967,0.0,0.0,0.0,0.0,0.0,0.0,0.0,0.0,0.0,0.0
144339.56,1.5158680545559866,0.0,22194.0,37.0,0.19844999999782084,31.5625,32.4375,36.950000000000045,0.0,0.0,0.07,0.0,0.0,20.0,0.3,0.1,0.2,0.1,0.4,0.1,0.1,0.1,0.5,0.0,65535.0,0.20646982528419927,0.0,65535.0,0.14351110093842984,0.0,0.0,0.0,0.0,0.0,0.0,0.0,0.0,0.0,0.0
144399.64,1.5002228205578925,0.0,22194.0,37.0,0.16574999999781873,31.5625,32.375,36.97000000000003,0.0,0.0,0.07,0.0,0.0,20.0,0.3,0.1,0.2,0.1,0.4,0.1,0.1,0.1,0.5,0.0,65535.0,0.20569161516746776,0.0,65535.0,0.14302281223773555,0.0,0.0,0.0,0.0,0.0,0.0,0.0,0.0,0.0,0.0
144459.7,1.507117504448295,0.0,22194.0,37.0,0.17954999999781868,31.5625,32.4375,36.97000000000003,0.0,0.0,0.07,0.0,0.0,20.0,0.3,0.1,0.2,0.1,0.4,0.1,0.1,0.1,0.5,0.0,65535.0,0.20645456626230257,0.0,65535.0,0.14354161898222323,0.0,0.0,0.0,0.0,0.0,0.0,0.0,0.0,0.0,0.0
144519.77,1.4835847556851256,0.0,22194.0,37.0,0.18304999999781293,31.5625,32.375,36.97000000000003,0.0,0.0,0.25,0.0,0.0,20.0,0.3,0.1,0.2,0.1,0.4,0.1,0.1,0.1,0.5,0.0,65535.0,0.20918593118181125,0.0,65535.0,0.14338902876325627,0.0,0.0,0.0,0.0,0.0,0.0,0.0,0.0,0.0,0.0
144579.83,1.494242657657077,0.0,22194.0,37.0,0.19424999999781695,31.5625,32.375,36.870000000000005,0.0,0.0,0.07,0.0,0.0,20.0,0.3,0.1,0.2,0.1,0.4,0.1,0.1,0.1,0.5,0.0,65535.0,0.20766002899214162,0.0,65535.0,0.1445181963836118,0.0,0.0,0.0,0.0,0.0,0.0,0.0,0.0,0.0,0.0
144639.87,1.519909323358218,0.0,22194.0,37.0,0.22104999999782185,31.5,32.375,36.97000000000003,0.0,0.0,0.07,0.0,0.0,20.0,0.3,0.1,0.2,0.1,0.4,0.1,0.1,0.1,0.5,0.0,65535.0,0.2077058060578317,0.0,65535.0,0.14453345540550852,0.0,0.0,0.0,0.0,0.0,0.0,0.0,0.0,0.0,0.0
144699.91,1.5188375101048814,0.0,22194.0,37.0,0.18214999999780948,31.5625,32.375,37.01000000000005,0.0,0.0,0.0,0.0,0.0,20.0,0.3,0.1,0.2,0.1,0.4,0.1,0.1,0.1,0.5,0.0,65535.0,0.20782787823300528,0.0,65535.0,0.14293125810635537,0.0,0.0,0.0,0.0,0.0,0.0,0.0,0.0,0.0,0.0
144759.95,1.506457372939596,0.0,22194.0,37.0,0.19304999999781378,31.5625,32.375,36.85000000000002,0.0,0.0,0.0,0.0,0.0,20.0,0.3,0.1,0.2,0.1,0.4,0.1,0.1,0.1,0.5,0.0,65535.0,0.2085908293278401,0.0,65535.0,0.14294651712825207,0.0,0.0,0.0,0.0,0.0,0.0,0.0,0.0,0.0,0.0
144819.98,1.484266835014888,0.0,22194.0,37.0,0.15594999999781653,31.5625,32.375,36.93000000000001,0.0,0.0,0.0,0.0,0.0,20.0,0.3,0.1,0.2,0.1,0.4,0.1,0.1,0.1,0.5,0.0,65535.0,0.20863660639353018,0.0,65535.0,0.14377050431067367,0.0,0.0,0.0,0.0,0.0,0.0,0.0,0.0,0.0,0.0
144880.02,1.5129541708098417,0.0,22194.0,37.0,0.21414999999781786,31.5,32.375,36.97000000000003,0.0,0.0,0.0,0.0,0.0,20.0,0.3,0.1,0.2,0.1,0.4,0.1,0.1,0.1,0.5,0.0,65535.0,0.20801098649576563,0.0,65535.0,0.14331273365377278,0.0,0.0,0.0,0.0,0.0,0.0,0.0,0.0,0.0,0.0
144940.05,1.510649197740665,0.0,22194.0,37.0,0.2418499999978086,31.5,32.4375,36.93000000000001,0.0,0.0,0.0,0.0,0.0,20.0,0.3,0.1,0.2,0.1,0.4,0.1,0.1,0.1,0.5,0.0,65535.0,0.20746166170748456,0.0,65535.0,0.1427939269092851,0.0,0.0,0.0,0.0,0.0,0.0,0.0,0.0,0.0,0.0
145000.12,1.5027562735339695,0.0,22194.0,37.0,0.2139499999978064,31.5625,32.375,37.01000000000005,0.0,0.0,0.0,0.0,0.0,20.0,0.3,0.1,0.2,0.1,0.4,0.1,0.1,0.1,0.5,0.0,65535.0,0.20801098649576563,0.0,65535.0,0.14303807125963225,0.0,0.0,0.0,0.0,0.0,0.0,0.0,0.0,0.0,0.0
145060.18,1.5470261503262377,0.0,22194.0,37.0,0.15034999999780313,31.5625,32.375,37.01000000000005,0.0,0.0,0.0,0.0,0.0,20.0,0.3,0.1,0.2,0.1,0.4,0.1,0.1,0.1,0.5,0.0,65535.0,0.20932326237888152,0.0,65535.0,0.14253452353704127,0.0,0.0,0.0,0.0,0.0,0.0,0.0,0.0,0.0,0.0
145120.28,1.512015464844204,0.0,22194.0,37.0,0.15734999999780755,31.5,32.4375,36.97000000000003,0.0,0.0,0.0,0.0,0.0,20.0,0.3,0.1,0.2,0.1,0.4,0.1,0.1,0.1,0.5,0.0,65535.0,0.2090028229190509,0.0,65535.0,0.143251697566186,0.0,0.0,0.0,0.0,0.0,0.0,0.0,0.0,0.0,0.0
145180.35,1.5154364311967576,0.0,22194.0,37.0,0.18874999999780315,31.5625,32.375,36.85000000000002,0.0,0.0,0.0,0.0,0.0,20.0,0.3,0.1,0.2,0.1,0.4,0.1,0.1,0.1,0.5,0.0,65535.0,0.21181048294804303,0.0,65535.0,0.14399938963912412,0.0,0.0,0.0,0.0,0.0,0.0,0.0,0.0,0.0,0.0
145240.42,1.509084529326027,0.0,22194.0,37.0,0.15524999999780603,31.5625,32.375,36.89000000000004,0.0,0.0,0.0,0.0,0.0,20.0,0.3,0.1,0.2,0.1,0.4,0.1,0.1,0.1,0.5,0.0,65535.0,0.21177996490424963,0.0,65535.0,0.14312962539101243,0.0,0.0,0.0,0.0,0.0,0.0,0.0,0.0,0.0,0.0
145300.51,1.5435322302219638,0.0,22194.0,37.0,0.14904999999780996,31.5625,32.375,36.93000000000001,0.0,0.0,0.0,0.0,0.0,20.0,0.3,0.1,0.2,0.1,0.4,0.1,0.1,0.1,0.5,0.0,65535.0,0.2102235446707866,0.0,65535.0,0.14433508812085144,0.0,0.0,0.0,0.0,0.0,0.0,0.0,0.0,0.0,0.0
145360.58,1.5514052020019482,0.0,22194.0,37.0,0.1873499999978061,31.5,32.375,36.950000000000045,0.0,0.0,0.0,0.0,0.0,20.0,0.3,0.1,0.2,0.1,0.4,0.1,0.1,0.1,0.5,0.0,65535.0,0.21300068665598534,0.0,65535.0,0.145464255741207,0.0,0.0,0.0,0.0,0.0,0.0,0.0,0.0,0.0,0.0
145420.61,1.5177125226037407,0.0,22194.0,37.0,0.16584999999780975,31.5625,32.375,37.01000000000005,0.0,0.0,0.0,0.0,0.0,20.0,0.3,0.1,0.2,0.1,0.4,0.1,0.1,0.1,0.5,0.0,65535.0,0.21158159761959258,0.0,65535.0,0.14381628137636376,0.0,0.0,0.0,0.0,0.0,0.0,0.0,0.0,0.0,0.0
145480.69,1.525117405311714,0.0,22194.0,37.0,0.19524999999781056,31.5625,32.375,36.93000000000001,0.0,0.0,0.0,0.0,0.0,20.0,0.3,0.1,0.2,0.1,0.4,0.1,0.1,0.1,0.5,0.0,65535.0,0.2119325551232166,0.0,65535.0,0.14477759975585566,0.0,0.0,0.0,0.0,0.0,0.0,0.0,0.0,0.0,0.0
145540.74,1.5260412679243482,0.0,22194.0,37.0,0.18964999999779972,31.5,32.375,36.85000000000002,0.0,0.0,0.0,0.0,0.0,20.0,0.3,0.1,0.2,0.1,0.4,0.1,0.1,0.1,0.5,0.0,65535.0,0.21123064011596857,0.0,65535.0,0.14372472724498359,0.0,0.0,0.0,0.0,0.0,0.0,0.0,0.0,0.0,0.0
145600.84,1.5843133970807441,0.0,22194.0,37.0,0.21234999999780918,31.5625,32.375,36.870000000000005,0.0,0.0,0.0,0.0,0.0,20.0,0.3,0.1,0.2,0.1,0.4,0.1,0.1,0.1,0.5,0.0,65535.0,0.21174944686045624,0.0,65535.0,0.1444876783398184,0.0,0.0,0.0,0.0,0.0,0.0,0.0,0.0,0.0,0.0
145660.94,1.5311777591987508,0.0,22194.0,37.0,0.16614999999780686,31.5625,32.375,36.89000000000004,0.0,0.0,0.0,0.0,0.0,20.0,0.3,0.1,0.2,0.1,0.4,0.1,0.1,0.1,0.5,0.0,65535.0,0.21081864652475776,0.0,65535.0,0.14442664225223162,0.0,0.0,0.0,0.0,0.0,0.0,0.0,0.0,0.0,0.0
145721.01,1.538798158989703,0.0,22194.0,37.0,0.19344999999780702,31.5,32.4375,36.97000000000003,0.0,0.0,0.0,0.0,0.0,20.0,0.3,0.1,0.2,0.1,0.4,0.1,0.1,0.1,0.5,0.0,65535.0,0.21388570992599373,0.0,65535.0,0.14528114747844664,0.0,0.0,0.0,0.0,0.0,0.0,0.0,0.0,0.0,0.0
145781.09,1.5553356210289198,0.0,22194.0,37.0,0.18994999999779597,31.5625,32.375,36.89000000000004,0.0,0.003953491416360772,0.0858139656654431,0.0,0.0,20.0,0.3,0.1,0.2,0.1,0.4,0.1,0.1,0.1,0.5,0.0,65535.0,0.21171892881666285,0.0,65535.0,0.14332799267566948,0.0,0.0,0.0,0.0,0.0,0.0,0.0,0.0,0.0,0.0
145841.16,1.5055702891412042,0.0,22194.0,37.0,0.2630499999977923,31.5,32.375,36.650000000000034,0.0,0.0,0.0,0.0,0.0,20.0,0.3,0.1,0.2,0.1,0.4,0.1,0.1,0.1,0.5,0.0,65535.0,0.20749217975127796,0.0,65535.0,0.1428549629968719,0.0,0.0,0.0,0.0,0.0,0.0,0.0,0.0,0.0,0.0
145901.19,1.5272755642555689,0.0,22194.0,37.0,0.2395499999978003,31.5,32.375,36.73000000000002,0.0,0.0,0.07,0.0,0.0,20.0,0.3,0.1,0.2,0.1,0.4,0.1,0.1,0.1,0.5,0.0,65535.0,0.2072480354009308,0.0,65535.0,0.1411764705882353,0.0,0.0,0.0,0.0,0.0,0.0,0.0,0.0,0.0,0.0
145961.26,1.526428812957032,0.0,22194.0,37.0,0.25814999999780014,31.5,32.375,36.81,0.0,0.0,0.07,0.0,0.0,20.0,0.3,0.1,0.2,0.1,0.4,0.1,0.1,0.1,0.5,0.0,65535.0,0.21058976119630732,0.0,65535.0,0.1402456702525368,0.0,0.0,0.0,0.0,0.0,0.0,0.0,0.0,0.0,0.0
146021.29,1.5385100153752629,0.0,22194.0,37.0,0.19664999999779667,31.5,32.375,36.950000000000045,0.0,0.0,0.25,0.0,0.0,20.0,0.3,0.1,0.2,0.1,0.4,0.1,0.1,0.1,0.5,0.0,65535.0,0.2080872816052491,0.0,65535.0,0.14100862134737163,0.0,0.0,0.0,0.0,0.0,0.0,0.0,0.0,0.0,0.0
146081.39,1.4869630488789785,0.0,22194.0,37.0,0.2643499999977936,31.5625,32.375,36.97000000000003,0.0,0.0,0.07,0.0,0.0,20.0,0.3,0.1,0.2,0.1,0.4,0.1,0.1,0.1,0.5,0.0,65535.0,0.20863660639353018,0.0,65535.0,0.1398641947051194,0.0,0.0,0.0,0.0,0.0,0.0,0.0,0.0,0.0,0.0
146141.46,1.5329223559279457,0.0,22194.0,37.0,0.19934999999779507,31.5625,32.375,36.870000000000005,0.0,0.0,0.07,0.0,0.0,20.0,0.3,0.1,0.2,0.1,0.4,0.1,0.1,0.1,0.5,0.0,65535.0,0.2102082856488899,0.0,65535.0,0.14140535591668574,0.0,0.0,0.0,0.0,0.0,0.0,0.0,0.0,0.0,0.0
146201.52,1.5130389403573534,0.0,22194.0,37.0,0.1654499999977932,31.625,32.375,37.01000000000005,0.0,0.0,0.07,0.0,0.0,20.0,0.3,0.1,0.2,0.1,0.4,0.1,0.1,0.1,0.5,0.0,65535.0,0.20759899290455483,0.0,65535.0,0.1390402075226978,0.0,0.0,0.0,0.0,0.0,0.0,0.0,0.0,0.0,0.0
146261.61,1.5187595865591992,0.0,22194.0,37.0,0.19454999999779343,31.5625,32.375,36.93000000000001,0.0,0.0,0.07,0.0,0.0,20.0,0.3,0.1,0.2,0.1,0.4,0.1,0.1,0.1,0.5,0.0,65535.0,0.20949111161974518,0.0,65535.0,0.14079499504081788,0.0,0.0,0.0,0.0,0.0,0.0,0.0,0.0,0.0,0.0
146321.66,1.529599037273929,0.0,22194.0,37.0,0.18244999999778683,31.5625,32.375,36.97000000000003,0.0,0.0,0.25,0.0,0.0,20.0,0.3,0.1,0.2,0.1,0.4,0.1,0.1,0.1,0.5,0.0,65535.0,0.21036087586785687,0.0,65535.0,0.14055085069047074,0.0,0.0,0.0,0.0,0.0,0.0,0.0,0.0,0.0,0.0
146381.75,1.5394232251187703,0.0,22194.0,37.0,0.18214999999778542,31.5625,32.375,36.97000000000003,0.0,0.0,0.07,0.0,0.0,20.0,0.3,0.1,0.2,0.1,0.4,0.1,0.1,0.1,0.5,0.0,65535.0,0.21000991836423286,0.0,65535.0,0.14097810330357824,0.0,0.0,0.0,0.0,0.0,0.0,0.0,0.0,0.0,0.0
146441.82,1.5277709843934955,0.0,22194.0,37.0,0.17944999999778447,31.5625,32.375,36.97000000000003,0.0,0.0,0.0,0.0,0.0,20.0,0.3,0.1,0.2,0.1,0.4,0.1,0.1,0.1,0.5,0.0,65535.0,0.2102388036926833,0.0,65535.0,0.14120698863202868,0.0,0.0,0.0,0.0,0.0,0.0,0.0,0.0,0.0,0.0
146501.92,1.531585477944067,0.0,22194.0,37.0,0.2012499999977939,31.5625,32.375,36.870000000000005,0.0,0.0,0.0,0.0,0.0,20.0,0.3,0.1,0.2,0.1,0.4,0.1,0.1,0.1,0.5,0.0,65535.0,0.21173418783855955,0.0,65535.0,0.14122224765392538,0.0,0.0,0.0,0.0,0.0,0.0,0.0,0.0,0.0,0.0
146561.99,1.558894274856769,0.0,22194.0,37.0,0.19244999999778767,31.5625,32.375,36.97000000000003,0.0,0.005449495047140471,0.09179798018856189,0.0,0.0,20.0,0.3,0.1,0.2,0.1,0.4,0.1,0.1,0.1,0.5,0.0,65535.0,0.21060502021820401,0.0,65535.0,0.14229037918669413,0.0,0.0,0.0,0.0,0.0,0.0,0.0,0.0,0.0,0.0
146622.05,1.5040936632938375,0.0,22194.0,37.0,0.3256499999977913,31.5625,32.375,36.79000000000002,0.0,0.0,0.0,0.0,0.0,20.0,0.3,0.1,0.2,0.1,0.4,0.1,0.1,0.1,0.5,0.0,65535.0,0.2077058060578317,0.0,65535.0,0.13800259403372245,0.0,0.0,0.0,0.0,0.0,0.0,0.0,0.0,0.0,0.0
146682.12,1.5074789070325645,0.0,22194.0,37.0,0.24924999999779227,31.5625,32.375,36.73000000000002,0.0,0.0,0.07,0.0,0.0,20.0,0.3,0.1,0.2,0.1,0.4,0.1,0.1,0.1,0.5,0.0,65535.0,0.20689707789730677,0.0,65535.0,0.138628213931487,0.0,0.0,0.0,0.0,0.0,0.0,0.0,0.0,0.0,0.0
146742.23,1.495300972621596,0.0,22194.0,37.0,0.2083499999977851,31.5625,32.375,37.25000000000006,0.0,0.0,0.07,0.0,0.0,20.0,0.3,0.1,0.2,0.1,0.4,0.1,0.1,0.1,0.5,0.0,65535.0,0.20437933928435187,0.0,65535.0,0.1368886854352636,0.0,0.0,0.0,0.0,0.0,0.0,0.0,0.0,0.0,0.0
146802.31,1.4906066677864132,0.0,22194.0,37.0,0.1909499999977833,31.5625,32.375,37.110000000000014,0.0,0.0,0.07,0.0,0.0,20.0,0.3,0.1,0.2,0.1,0.4,0.1,0.1,0.1,0.5,0.0,65535.0,0.20573739223315785,0.0,65535.0,0.13717860685130084,0.0,0.0,0.0,0.0,0.0,0.0,0.0,0.0,0.0,0.0
146862.38,1.485980485126402,0.0,22194.0,37.0,0.18234999999778687,31.625,32.375,37.03000000000003,0.0,0.0,0.07,0.0,0.0,20.0,0.3,0.1,0.2,0.1,0.4,0.1,0.1,0.1,0.5,0.0,65535.0,0.20517280842298008,0.0,65535.0,0.13623254749370564,0.0,0.0,0.0,0.0,0.0,0.0,0.0,0.0,0.0,0.0
146922.46,1.543783371996383,0.0,22194.0,37.0,0.18934999999777624,31.625,32.4375,37.13000000000005,0.0,0.0,0.25,0.0,0.0,20.0,0.3,0.1,0.2,0.1,0.4,0.1,0.1,0.1,0.5,0.0,65535.0,0.20691233691920347,0.0,65535.0,0.13705653467612727,0.0,0.0,0.0,0.0,0.0,0.0,0.0,0.0,0.0,0.0
146982.51,1.527033636607108,0.0,22194.0,37.0,0.18484999999777524,31.625,32.375,36.950000000000045,0.0,0.0,0.07,0.0,0.0,20.0,0.3,0.1,0.2,0.1,0.4,0.1,0.1,0.1,0.5,0.0,65535.0,0.20933852140077822,0.0,65535.0,0.13714808880750745,0.0,0.0,0.0,0.0,0.0,0.0,0.0,0.0,0.0,0.0
147042.57,1.5290636600095555,0.0,22194.0,37.0,0.17364999999778372,31.625,32.4375,37.03000000000003,0.0,0.0,0.07,0.0,0.0,20.0,0.3,0.1,0.2,0.1,0.4,0.1,0.1,0.1,0.5,0.0,65535.0,0.20561532005798427,0.0,65535.0,0.13704127565423058,0.0,0.0,0.0,0.0,0.0,0.0,0.0,0.0,0.0,0.0
147102.66,1.4996560827062155,0.0,22194.0,37.0,0.13974999999778184,31.5625,32.375,36.97000000000003,0.0,0.0,0.07,0.0,0.0,20.0,0.3,0.1,0.2,0.1,0.4,0.1,0.1,0.1,0.5,0.0,65535.0,0.205477988860914,0.0,65535.0,0.13710231174181736,0.0,0.0,0.0,0.0,0.0,0.0,0.0,0.0,0.0,0.0
147162.72,1.5264812173429376,0.0,22194.0,37.0,0.16854999999778236,31.5625,32.4375,37.01000000000005,0.0,0.0,0.07,0.0,0.0,20.0,0.3,0.1,0.2,0.1,0.4,0.1,0.1,0.1,0.5,0.0,65535.0,0.20715648126955064,0.0,65535.0,0.13701075761043718,0.0,0.0,0.0,0.0,0.0,0.0,0.0,0.0,0.0,0.0
147222.8,1.5363251540877316,0.0,22194.0,37.0,0.2141499999977835,31.5625,32.375,36.97000000000003,0.0,0.0,0.0,0.0,0.0,20.0,0.3,0.1,0.2,0.1,0.4,0.1,0.1,0.1,0.5,0.0,65535.0,0.2081635767147326,0.0,65535.0,0.13875028610666057,0.0,0.0,0.0,0.0,0.0,0.0,0.0,0.0,0.0,0.0
147282.87,1.510698057609554,0.0,22194.0,37.0,0.16704999999778114,31.5625,32.4375,36.97000000000003,0.0,0.0,0.0,0.0,0.0,20.0,0.3,0.1,0.2,0.1,0.4,0.1,0.1,0.1,0.5,0.0,65535.0,0.2089875638971542,0.0,65535.0,0.13786526283665218,0.0,0.0,0.0,0.0,0.0,0.0,0.0,0.0,0.0,0.0
147342.94,1.5309122502223396,0.0,22194.0,37.0,0.24034999999777304,31.5625,32.375,36.73000000000002,0.0,0.0,0.0,0.0,0.0,20.0,0.3,0.1,0.2,0.1,0.4,0.1,0.1,0.1,0.5,0.0,65535.0,0.20703440909437706,0.0,65535.0,0.13723964293888763,0.0,0.0,0.0,0.0,0.0,0.0,0.0,0.0,0.0,0.0
147402.99,1.513385412324217,0.0,22194.0,37.0,0.13824999999777807,31.5625,32.375,36.97000000000003,0.0,0.0,0.0,0.0,0.0,20.0,0.3,0.1,0.2,0.1,0.4,0.1,0.1,0.1,0.5,0.0,65535.0,0.20711070420386055,0.0,65535.0,0.13762111848630504,0.0,0.0,0.0,0.0,0.0,0.0,0.0,0.0,0.0,0.0
147463.05,1.5252876597610214,0.0,22194.0,37.0,0.19504999999776987,31.5625,32.4375,36.870000000000005,0.0,0.0,0.0,0.0,0.0,20.0,0.3,0.1,0.2,0.1,0.4,0.1,0.1,0.1,0.5,0.0,65535.0,0.20784313725490197,0.0,65535.0,0.13791103990234227,0.0,0.0,0.0,0.0,0.0,0.0,0.0,0.0,0.0,0.0
147523.1,1.5148269614262078,0.0,22194.0,37.0,0.18764999999777318,31.5625,32.4375,36.81,0.0,0.0,0.0,0.0,0.0,20.0,0.3,0.1,0.2,0.1,0.4,0.1,0.1,0.1,0.5,0.0,65535.0,0.2081025406271458,0.0,65535.0,0.1378347447928588,0.0,0.0,0.0,0.0,0.0,0.0,0.0,0.0,0.0,0.0
147583.16,1.4967539957863278,0.0,22194.0,37.0,0.23824999999776894,31.5625,32.375,36.77000000000004,0.0,0.0,0.0,0.0,0.0,20.0,0.3,0.1,0.2,0.1,0.4,0.1,0.1,0.1,0.5,0.0,65535.0,0.2081177996490425,0.0,65535.0,0.13756008239871825,0.0,0.0,0.0,0.0,0.0,0.0,0.0,0.0,0.0,0.0
147643.24,1.5395351423924581,0.0,22194.0,37.0,0.18614999999777113,31.5625,32.4375,36.870000000000005,0.0,0.0,0.0,0.0,0.0,20.0,0.3,0.1,0.2,0.1,0.4,0.1,0.1,0.1,0.5,0.0,65535.0,0.20920119020370795,0.0,65535.0,0.13669031815060653,0.0,0.0,0.0,0.0,0.0,0.0,0.0,0.0,0.0,0.0
147703.33,1.5221094105714332,0.0,22194.0,37.0,0.22764999999777685,31.5,32.375,36.97000000000003,0.0,0.0,0.0,0.0,0.0,20.0,0.3,0.1,0.2,0.1,0.4,0.1,0.1,0.1,0.5,0.0,65535.0,0.21086442359044785,0.0,65535.0,0.1373464560921645,0.0,0.0,0.0,0.0,0.0,0.0,0.0,0.0,0.0,0.0
147763.41,1.5134113758737109,0.0,22194.0,37.0,0.15794999999776832,31.5625,32.4375,36.97000000000003,0.0,0.0,0.0,0.0,0.0,20.0,0.3,0.1,0.2,0.1,0.4,0.1,0.1,0.1,0.5,0.0,65535.0,0.20881971465629054,0.0,65535.0,0.13797207598992905,0.0,0.0,0.0,0.0,0.0,0.0,0.0,0.0,0.0,0.0
147823.48,1.5340534266129209,0.0,22194.0,37.0,0.1693499999977679,31.5625,32.375,36.97000000000003,0.0,0.0,0.0,0.0,0.0,20.0,0.3,0.1,0.2,0.1,0.4,0.1,0.1,0.1,0.5,0.0,65535.0,0.20958266575112536,0.0,65535.0,0.13771267261768522,0.0,0.0,0.0,0.0,0.0,0.0,0.0,0.0,0.0,0.0
147883.57,1.5583631626556935,0.0,22194.0,37.0,0.17044999999776178,31.5,32.375,36.89000000000004,0.0,0.0006578052068831244,0.07263122082753251,0.0,0.0,20.0,0.3,0.1,0.2,0.1,0.4,0.1,0.1,0.1,0.5,0.0,65535.0,0.20836194399938965,0.0,65535.0,0.13807888914320593,0.0,0.0,0.0,0.0,0.0,0.0,0.0,0.0,0.0,0.0
147943.62,1.5277192598935323,0.0,22194.0,37.0,0.2585499999977587,31.5,32.4375,36.81,0.0,0.002549414496018967,0.08019765798407588,0.0,0.0,20.0,0.3,0.1,0.2,0.1,0.4,0.1,0.1,0.1,0.5,0.0,65535.0,0.2106965743495842,0.0,65535.0,0.1363698786907759,0.0,0.0,0.0,0.0,0.0,0.0,0.0,0.0,0.0,0.0
148003.74,1.498944689155142,0.0,22194.0,37.0,0.2887499999977682,31.5,32.4375,36.710000000000036,0.0,0.0,0.07,0.0,0.0,20.0,0.3,0.1,0.2,0.1,0.4,0.1,0.1,0.1,0.5,0.0,65535.0,0.2051422903791867,0.0,65535.0,0.13368429083695735,0.0,0.0,0.0,0.0,0.0,0.0,0.0,0.0,0.0,0.0
148063.85,1.4732469892521807,0.0,22194.0,37.0,0.18524999999776368,31.5625,32.375,36.85000000000002,0.0,0.0,0.07,0.0,0.0,20.0,0.3,0.1,0.2,0.1,0.4,0.1,0.1,0.1,0.5,0.0,65535.0,0.20361638818951705,0.0,65535.0,0.13275349050125887,0.0,0.0,0.0,0.0,0.0,0.0,0.0,0.0,0.0,0.0
148123.92,1.4993938620696734,0.0,22194.0,37.0,0.20554999999775855,31.5625,32.375,36.73000000000002,0.0,0.0,0.25,0.0,0.0,20.0,0.3,0.1,0.2,0.1,0.4,0.1,0.1,0.1,0.5,0.0,65535.0,0.20642404821850918,0.0,65535.0,0.1351033798733501,0.0,0.0,0.0,0.0,0.0,0.0,0.0,0.0,0.0,0.0
148183.97,1.5148134432937967,0.0,22194.0,37.0,0.16344999999776585,31.5625,32.4375,36.89000000000004,0.0,0.0,0.07,0.0,0.0,20.0,0.3,0.1,0.2,0.1,0.4,0.1,0.1,0.1,0.5,0.0,65535.0,0.20666819256885632,0.0,65535.0,0.13270771343556878,0.0,0.0,0.0,0.0,0.0,0.0,0.0,0.0,0.0,0.0
148244.01,1.5269007066099012,0.0,22194.0,37.0,0.19484999999776145,31.5625,32.4375,36.950000000000045,0.0,0.0,0.07,0.0,0.0,20.0,0.3,0.1,0.2,0.1,0.4,0.1,0.1,0.1,0.5,0.0,65535.0,0.20576791027695124,0.0,65535.0,0.13409628442816815,0.0,0.0,0.0,0.0,0.0,0.0,0.0,0.0,0.0,0.0
148304.07,1.5219596538204552,0.0,22194.0,37.0,0.1927499999977608,31.5625,32.4375,36.81,0.0,0.0,0.07,0.0,0.0,20.0,0.3,0.1,0.2,0.1,0.4,0.1,0.1,0.1,0.5,0.0,65535.0,0.20570687418936445,0.0,65535.0,0.13255512321660182,0.0,0.0,0.0,0.0,0.0,0.0,0.0,0.0,0.0,0.0
148364.12,1.4910456887081036,0.0,22194.0,37.0,0.19244999999776022,31.5625,32.375,37.01000000000005,0.0,0.0,0.07,0.0,0.0,20.0,0.3,0.1,0.2,0.1,0.4,0.1,0.1,0.1,0.5,0.0,65535.0,0.20988784618905929,0.0,65535.0,0.13496604867627984,0.0,0.0,0.0,0.0,0.0,0.0,0.0,0.0,0.0,0.0
148424.16,1.5248998392459923,0.0,22194.0,37.0,0.22104999999776517,31.5,32.375,37.03000000000003,0.0,0.0,0.25,0.0,0.0,20.0,0.3,0.1,0.2,0.1,0.4,0.1,0.1,0.1,0.5,0.0,65535.0,0.20498970016021972,0.0,65535.0,0.13409628442816815,0.0,0.0,0.0,0.0,0.0,0.0,0.0,0.0,0.0,0.0
148484.24,1.5033417207893747,0.0,22194.0,37.0,0.20754999999776408,31.5625,32.375,37.03000000000003,0.0,0.0,0.07,0.0,0.0,20.0,0.3,0.1,0.2,0.1,0.4,0.1,0.1,0.1,0.5,0.0,65535.0,0.20880445563439384,0.0,65535.0,0.13440146486610208,0.0,0.0,0.0,0.0,0.0,0.0,0.0,0.0,0.0,0.0
148544.28,1.5400608046326947,0.0,22194.0,37.0,0.1633499999977565,31.5625,32.375,36.950000000000045,0.0,0.0,0.07,0.0,0.0,20.0,0.3,0.1,0.2,0.1,0.4,0.1,0.1,0.1,0.5,0.0,65535.0,0.2063935301747158,0.0,65535.0,0.13290608072022583,0.0,0.0,0.0,0.0,0.0,0.0,0.0,0.0,0.0,0.0
148604.35,1.520702962241026,0.0,22194.0,37.0,0.18364999999775142,31.625,32.375,37.03000000000003,0.0,0.0,0.0,0.0,0.0,20.0,0.3,0.1,0.2,0.1,0.4,0.1,0.1,0.1,0.5,0.0,65535.0,0.20482185091935606,0.0,65535.0,0.13313496604867628,0.0,0.0,0.0,0.0,0.0,0.0,0.0,0.0,0.0,0.0
148664.43,1.5115849578088365,0.0,22194.0,37.0,0.17684999999775503,31.5625,32.4375,37.05000000000001,0.0,0.0,0.0,0.0,0.0,20.0,0.3,0.1,0.2,0.1,0.4,0.1,0.1,0.1,0.5,0.0,65535.0,0.2063935301747158,0.0,65535.0,0.13463035019455252,0.0,0.0,0.0,0.0,0.0,0.0,0.0,0.0,0.0,0.0
148724.5,1.4862587189545702,0.0,22194.0,37.0,0.19884999999776,31.625,32.4375,36.97000000000003,0.0,0.0,0.0,0.0,0.0,20.0,0.3,0.1,0.2,0.1,0.4,0.1,0.1,0.1,0.5,0.0,65535.0,0.20643930724040588,0.0,65535.0,0.13321126115815976,0.0,0.0,0.0,0.0,0.0,0.0,0.0,0.0,0.0,0.0
148784.58,1.5042403485715155,0.0,22194.0,37.0,0.19944999999775945,31.5,32.4375,37.01000000000005,0.0,0.0,0.0,0.0,0.0,20.0,0.3,0.1,0.2,0.1,0.4,0.1,0.1,0.1,0.5,0.0,65535.0,0.2050659952697032,0.0,65535.0,0.13412680247196154,0.0,0.0,0.0,0.0,0.0,0.0,0.0,0.0,0.0,0.0
148844.61,1.5273246225334414,0.0,22194.0,37.0,0.18914999999775375,31.5625,32.4375,36.950000000000045,0.0,0.0,0.0,0.0,0.0,20.0,0.3,0.1,0.2,0.1,0.4,0.1,0.1,0.1,0.5,0.0,65535.0,0.20622568093385213,0.0,65535.0,0.13408102540627145,0.0,0.0,0.0,0.0,0.0,0.0,0.0,0.0,0.0,0.0
148904.64,1.5344641643973151,0.0,22194.0,37.0,0.19294999999774773,31.5625,32.375,36.870000000000005,0.0,0.0,0.0,0.0,0.0,20.0,0.3,0.1,0.2,0.1,0.4,0.1,0.1,0.1,0.5,0.0,65535.0,0.20964370183871214,0.0,65535.0,0.13440146486610208,0.0,0.0,0.0,0.0,0.0,0.0,0.0,0.0,0.0,0.0
148964.68,1.5273926355163578,0.0,22194.0,37.0,0.21764999999775284,31.5,32.4375,37.01000000000005,0.0,0.0,0.0,0.0,0.0,20.0,0.3,0.1,0.2,0.1,0.4,0.1,0.1,0.1,0.5,0.0,65535.0,0.2063172350652323,0.0,65535.0,0.13315022507057298,0.0,0.0,0.0,0.0,0.0,0.0,0.0,0.0,0.0,0.0
149024.72,1.5383501299572722,0.0,22194.0,37.0,0.17734999999774517,31.5625,32.4375,36.950000000000045,0.0,0.0021898643239163552,0.25,0.0,0.0,20.0,0.3,0.1,0.2,0.1,0.4,0.1,0.1,0.1,0.5,0.0,65535.0,0.20560006103608758,0.0,65535.0,0.13421835660334172,0.0,0.0,0.0,0.0,0.0,0.0,0.0,0.0,0.0,0.0
149084.8,1.505644707339579,0.0,22194.0,37.0,0.25894999999774715,31.5625,32.4375,36.710000000000036,0.0,0.0,0.0,0.0,0.0,20.0,0.3,0.1,0.2,0.1,0.4,0.1,0.1,0.1,0.5,0.0,65535.0,0.20720225833524072,0.0,65535.0,0.13278400854505226,0.0,0.0,0.0,0.0,0.0,0.0,0.0,0.0,0.0,0.0
149144.84,1.527355637090454,0.0,22194.0,37.0,0.2004499999977435,31.5625,32.4375,36.950000000000045,0.0,0.0,0.07,0.0,0.0,20.0,0.3,0.1,0.2,0.1,0.4,0.1,0.1,0.1,0.5,0.0,65535.0,0.20842298008697643,0.0,65535.0,0.1317769130998703,0.0,0.0,0.0,0.0,0.0,0.0,0.0,0.0,0.0,0.0
149204.91,1.4893019840257358,0.0,22194.0,37.0,0.17514999999775144,31.5625,32.4375,37.05000000000001,0.0,0.0,0.07,0.0,0.0,20.0,0.3,0.1,0.2,0.1,0.4,0.1,0.1,0.1,0.5,0.0,65535.0,0.20341802090486,0.0,65535.0,0.13101396200503548,0.0,0.0,0.0,0.0,0.0,0.0,0.0,0.0,0.0,0.0
149264.98,1.522695653368092,0.0,22194.0,37.0,0.21364999999774228,31.5625,32.4375,36.89000000000004,0.0,0.0,0.07,0.0,0.0,20.0,0.3,0.1,0.2,0.1,0.4,0.1,0.1,0.1,0.5,0.0,65535.0,0.20520332646677347,0.0,65535.0,0.1317463950560769,0.0,0.0,0.0,0.0,0.0,0.0,0.0,0.0,0.0,0.0
149325.05,1.5008878008637998,0.0,22194.0,37.0,0.1691499999977492,31.5625,32.4375,37.05000000000001,0.0,0.0,0.25,0.0,0.0,20.0,0.3,0.1,0.2,0.1,0.4,0.1,0.1,0.1,0.5,0.0,65535.0,0.2046387426565957,0.0,65535.0,0.13246356908522164,0.0,0.0,0.0,0.0,0.0,0.0,0.0,0.0,0.0,0.0
149385.14,1.5062097154794047,0.0,22194.0,37.0,0.179449999997739,31.5,32.4375,37.01000000000005,0.0,0.0,0.07,0.0,0.0,20.0,0.3,0.1,0.2,0.1,0.4,0.1,0.1,0.1,0.5,0.0,65535.0,0.2038605325398642,0.0,65535.0,0.1326161593041886,0.0,0.0,0.0,0.0,0.0,0.0,0.0,0.0,0.0,0.0
149445.19,1.5035357213058522,0.0,22194.0,37.0,0.21624999999774902,31.5625,32.4375,36.870000000000005,0.0,0.0,0.07,0.0,0.0,20.0,0.3,0.1,0.2,0.1,0.4,0.1,0.1,0.1,0.5,0.0,65535.0,0.20393682764934767,0.0,65535.0,0.13148699168383307,0.0,0.0,0.0,0.0,0.0,0.0,0.0,0.0,0.0,0.0
149505.25,1.4846161680338714,0.0,22194.0,37.0,0.2627499999977352,31.5625,32.375,36.690000000000055,0.0,0.0,0.07,0.0,0.0,20.0,0.3,0.1,0.2,0.1,0.4,0.1,0.1,0.1,0.5,0.0,65535.0,0.20434882124055848,0.0,65535.0,0.1317769130998703,0.0,0.0,0.0,0.0,0.0,0.0,0.0,0.0,0.0,0.0
149565.32,1.5171392845852791,0.0,22194.0,37.0,0.15534999999774501,31.5625,32.4375,37.110000000000014,0.0,0.0,0.07,0.0,0.0,20.0,0.3,0.1,0.2,0.1,0.4,0.1,0.1,0.1,0.5,0.0,65535.0,0.20605783169298847,0.0,65535.0,0.13209735255970093,0.0,0.0,0.0,0.0,0.0,0.0,0.0,0.0,0.0,0.0
149625.39,1.5120448494445509,0.0,22194.0,37.0,0.18824999999774095,31.5625,32.4375,36.97000000000003,0.0,0.0,0.25,0.0,0.0,20.0,0.3,0.1,0.2,0.1,0.4,0.1,0.1,0.1,0.5,0.0,65535.0,0.2058747234302281,0.0,65535.0,0.1322041657129778,0.0,0.0,0.0,0.0,0.0,0.0,0.0,0.0,0.0,0.0
149685.47,1.528459966688974,0.0,22194.0,37.0,0.19914999999774524,31.5625,32.4375,36.93000000000001,0.0,0.0,0.0,0.0,0.0,20.0,0.3,0.1,0.2,0.1,0.4,0.1,0.1,0.1,0.5,0.0,65535.0,0.20541695277332722,0.0,65535.0,0.13298237582970932,0.0,0.0,0.0,0.0,0.0,0.0,0.0,0.0,0.0,0.0
149745.54,1.5458475049770846,0.0,22194.0,37.0,0.1929499999977341,31.5,32.4375,36.950000000000045,0.0,0.0,0.0,0.0,0.0,20.0,0.3,0.1,0.2,0.1,0.4,0.1,0.1,0.1,0.5,0.0,65535.0,0.2067292286564431,0.0,65535.0,0.13188372625314718,0.0,0.0,0.0,0.0,0.0,0.0,0.0,0.0,0.0,0.0
149805.62,1.5188236781780358,0.0,22194.0,37.0,0.2170499999977389,31.5,32.4375,36.85000000000002,0.0,0.0,0.0,0.0,0.0,20.0,0.3,0.1,0.2,0.1,0.4,0.1,0.1,0.1,0.5,0.0,65535.0,0.2046540016784924,0.0,65535.0,0.13112077515831236,0.0,0.0,0.0,0.0,0.0,0.0,0.0,0.0,0.0,0.0
149865.7,1.531511723945425,0.0,22194.0,37.0,0.23854999999773357,31.5,32.4375,36.77000000000004,0.0,0.0016988524441907127,0.07679540977676286,0.0,0.0,20.0,0.3,0.1,0.2,0.1,0.4,0.1,0.1,0.1,0.5,0.0,65535.0,0.2051422903791867,0.0,65535.0,0.13202105745021744,0.0,0.0,0.0,0.0,0.0,0.0,0.0,0.0,0.0,0.0
149925.77,1.4916897551896864,0.0,22194.0,37.0,0.2825499999977288,31.5,32.4375,36.63000000000005,0.0,0.0,0.0,0.0,0.0,20.0,0.3,0.1,0.2,0.1,0.4,0.1,0.1,0.1,0.5,0.0,65535.0,0.20556954299229419,0.0,65535.0,0.13142595559624629,0.0,0.0,0.0,0.0,0.0,0.0,0.0,0.0,0.0,0.0
149985.84,1.5041535574666751,0.0,22194.0,37.0,0.22434999999773997,31.5625,32.4375,36.870000000000005,0.0,0.0,0.07,0.0,0.0,20.0,0.3,0.1,0.2,0.1,0.4,0.1,0.1,0.1,0.5,0.0,65535.0,0.20312809948882277,0.0,65535.0,0.1296406500343328,0.0,0.0,0.0,0.0,0.0,0.0,0.0,0.0,0.0,0.0
150045.92,1.5088500441624593,0.0,22194.0,37.0,0.2019499999977285,31.5625,32.4375,36.950000000000045,0.0,0.0,0.07,0.0,0.0,20.0,0.3,0.1,0.2,0.1,0.4,0.1,0.1,0.1,0.5,0.0,65535.0,0.2037842374303807,0.0,65535.0,0.13031204699778745,0.0,0.0,0.0,0.0,0.0,0.0,0.0,0.0,0.0,0.0
150105.99,1.4882040274596344,0.0,22194.0,37.0,0.15424999999772585,31.5625,32.4375,37.13000000000005,0.0,0.0,0.07,0.0,0.0,20.0,0.3,0.1,0.2,0.1,0.4,0.1,0.1,0.1,0.5,0.0,65535.0,0.2050659952697032,0.0,65535.0,0.13022049286640727,0.0,0.0,0.0,0.0,0.0,0.0,0.0,0.0,0.0,0.0
150166.06,1.4818024133328795,0.0,22194.0,37.0,0.18394999999772557,31.5625,32.4375,37.01000000000005,0.0,0.0,0.07,0.0,0.0,20.0,0.3,0.1,0.2,0.1,0.4,0.1,0.1,0.1,0.5,0.0,65535.0,0.2042572671091783,0.0,65535.0,0.12993057145037004,0.0,0.0,0.0,0.0,0.0,0.0,0.0,0.0,0.0,0.0
150226.13,1.520502942874156,0.0,22194.0,37.0,0.21274999999772523,31.5625,32.4375,36.89000000000004,0.0,0.0,0.25,0.0,0.0,20.0,0.3,0.1,0.2,0.1,0.4,0.1,0.1,0.1,0.5,0.0,65535.0,0.20320439459830625,0.0,65535.0,0.12951857785915924,0.0,0.0,0.0,0.0,0.0,0.0,0.0,0.0,0.0,0.0
150286.19,1.4822009395491105,0.0,22194.0,37.0,0.20724999999773364,31.5625,32.4375,36.93000000000001,0.0,0.0,0.07,0.0,0.0,20.0,0.3,0.1,0.2,0.1,0.4,0.1,0.1,0.1,0.5,0.0,65535.0,0.20447089341573205,0.0,65535.0,0.13058670939192799,0.0,0.0,0.0,0.0,0.0,0.0,0.0,0.0,0.0,0.0
150346.25,1.5128903531615188,0.0,22194.0,37.0,0.19724999999772766,31.5625,32.4375,36.97000000000003,0.0,0.0,0.07,0.0,0.0,20.0,0.3,0.1,0.2,0.1,0.4,0.1,0.1,0.1,0.5,0.0,65535.0,0.20285343709468223,0.0,65535.0,0.1308918898298619,0.0,0.0,0.0,0.0,0.0,0.0,0.0,0.0,0.0,0.0
150406.32,1.5411031571700817,0.0,22194.0,37.0,0.13744999999771923,31.625,32.4375,37.190000000000055,0.0,0.0,0.07,0.0,0.0,20.0,0.3,0.1,0.2,0.1,0.4,0.1,0.1,0.1,0.5,0.0,65535.0,0.20363164721141375,0.0,65535.0,0.12974746318760969,0.0,0.0,0.0,0.0,0.0,0.0,0.0,0.0,0.0,0.0
150466.4,1.5080726525386665,0.0,22194.0,37.0,0.17504999999772425,31.625,32.4375,37.03000000000003,0.0,0.0,0.07,0.0,0.0,20.0,0.3,0.1,0.2,0.1,0.4,0.1,0.1,0.1,0.5,0.0,65535.0,0.20517280842298008,0.0,65535.0,0.1309224078736553,0.0,0.0,0.0,0.0,0.0,0.0,0.0,0.0,0.0,0.0
150526.47,1.5120087287617874,0.0,22194.0,37.0,0.16854999999772846,31.5625,32.4375,37.05000000000001,0.0,0.0,0.0,0.0,0.0,20.0,0.3,0.1,0.2,0.1,0.4,0.1,0.1,0.1,0.5,0.0,65535.0,0.20399786373693446,0.0,65535.0,0.12977798123140308,0.0,0.0,0.0,0.0,0.0,0.0,0.0,0.0,0.0,0.0
150586.55,1.4972972956139743,0.0,22194.0,37.0,0.16884999999772818,31.625,32.4375,37.05000000000001,0.0,0.0,0.0,0.0,0.0,20.0,0.3,0.1,0.2,0.1,0.4,0.1,0.1,0.1,0.5,0.0,65535.0,0.2046540016784924,0.0,65535.0,0.1313191424429694,0.0,0.0,0.0,0.0,0.0,0.0,0.0,0.0,0.0,0.0
150646.62,1.522457042587022,0.0,22194.0,37.0,0.20884999999771936,31.5625,32.4375,36.89000000000004,0.0,0.0,0.0,0.0,0.0,20.0,0.3,0.1,0.2,0.1,0.4,0.1,0.1,0.1,0.5,0.0,65535.0,0.20560006103608758,0.0,65535.0,0.1309681849393454,0.0,0.0,0.0,0.0,0.0,0.0,0.0,0.0,0.0,0.0
150706.69,1.4989904397596145,0.0,22194.0,37.0,0.17614999999771727,31.5625,32.4375,37.01000000000005,0.0,0.0,0.0,0.0,0.0,20.0,0.3,0.1,0.2,0.1,0.4,0.1,0.1,0.1,0.5,0.0,65535.0,0.2034332799267567,0.0,65535.0,0.12898451209277487,0.0,0.0,0.0,0.0,0.0,0.0,0.0,0.0,0.0,0.0
150766.77,1.5183890257146038,0.0,22194.0,37.0,0.21234999999772783,31.5,32.5,36.870000000000005,0.0,0.0,0.0,0.0,0.0,20.0,0.3,0.1,0.2,0.1,0.4,0.1,0.1,0.1,0.5,0.0,65535.0,0.20645456626230257,0.0,65535.0,0.13128862439917602,0.0,0.0,0.0,0.0,0.0,0.0,0.0,0.0,0.0,0.0
150826.84,1.5307828809458632,0.0,22194.0,37.0,0.17884999999771567,31.5625,32.375,37.01000000000005,0.0,0.0,0.0,0.0,0.0,20.0,0.3,0.1,0.2,0.1,0.4,0.1,0.1,0.1,0.5,0.0,65535.0,0.20453192950331883,0.0,65535.0,0.12945754177157245,0.0,0.0,0.0,0.0,0.0,0.0,0.0,0.0,0.0,0.0
150886.91,1.5477547752493326,0.0,22194.0,37.0,0.19294999999771534,31.625,32.4375,36.950000000000045,0.0,0.0012571026513699731,0.0750284106054799,0.0,0.0,20.0,0.3,0.1,0.2,0.1,0.4,0.1,0.1,0.1,0.5,0.0,65535.0,0.20532539864194704,0.0,65535.0,0.12985427634088656,0.0,0.0,0.0,0.0,0.0,0.0,0.0,0.0,0.0,0.0
150946.99,1.520191239942429,0.0,22194.0,37.0,0.19354999999771394,31.5625,32.4375,36.950000000000045,0.0,0.00041203284661410315,0.07164813138645643,0.0,0.0,20.0,0.3,0.1,0.2,0.1,0.4,0.1,0.1,0.1,0.5,0.0,65535.0,0.2034637979705501,0.0,65535.0,0.12816052491035324,0.0,0.0,0.0,0.0,0.0,0.0,0.0,0.0,0.0,0.0
151007.03,1.501307092432072,0.0,22194.0,37.0,0.3090499999977169,31.5,32.4375,36.53000000000003,0.0,0.0,0.07,0.0,0.0,20.0,0.3,0.1,0.2,0.1,0.4,0.1,0.1,0.1,0.5,0.0,65535.0,0.200503547722591,0.0,65535.0,0.12655832761120012,0.0,0.0,0.0,0.0,0.0,0.0,0.0,0.0,0.0,0.0
151067.08,1.4900549458706225,0.0,22194.0,37.0,0.25244999999771833,31.5,32.4375,36.79000000000002,0.0,0.0,0.07,0.0,0.0,20.0,0.3,0.1,0.2,0.1,0.4,0.1,0.1,0.1,0.5,0.0,65535.0,0.20158693827725643,0.0,65535.0,0.12614633401998931,0.0,0.0,0.0,0.0,0.0,0.0,0.0,0.0,0.0,0.0
151127.14,1.4746121400566756,0.0,22194.0,37.0,0.20654999999771573,31.5625,32.4375,36.97000000000003,0.0,0.0,0.25,0.0,0.0,20.0,0.3,0.1,0.2,0.1,0.4,0.1,0.1,0.1,0.5,0.0,65535.0,0.19954222934309912,0.0,65535.0,0.12460517280842298,0.0,0.0,0.0,0.0,0.0,0.0,0.0,0.0,0.0,0.0
151187.26,1.4938190552108348,0.0,22194.0,37.0,0.1735499999977139,31.625,32.4375,37.09000000000003,0.0,0.0,0.07,0.0,0.0,20.0,0.3,0.1,0.2,0.1,0.4,0.1,0.1,0.1,0.5,0.0,65535.0,0.19842832074464026,0.0,65535.0,0.12547493705653467,0.0,0.0,0.0,0.0,0.0,0.0,0.0,0.0,0.0,0.0
151247.32,1.498660275287846,0.0,22194.0,37.0,0.1852499999977132,31.625,32.4375,37.03000000000003,0.0,0.0,0.07,0.0,0.0,20.0,0.3,0.1,0.2,0.1,0.4,0.1,0.1,0.1,0.5,0.0,65535.0,0.20103761348897536,0.0,65535.0,0.1254139009689479,0.0,0.0,0.0,0.0,0.0,0.0,0.0,0.0,0.0,0.0
151307.4,1.5003956604436466,0.0,22194.0,37.0,0.18934999999770777,31.625,32.4375,37.01000000000005,0.0,0.0,0.07,0.0,0.0,20.0,0.3,0.1,0.2,0.1,0.4,0.1,0.1,0.1,0.5,0.0,65535.0,0.19969481956206608,0.0,65535.0,0.1253986419470512,0.0,0.0,0.0,0.0,0.0,0.0,0.0,0.0,0.0,0.0
151367.46,1.4831873513973304,0.0,22194.0,37.0,0.16604999999771047,31.625,32.375,37.09000000000003,0.0,0.0,0.07,0.0,0.0,20.0,0.3,0.1,0.2,0.1,0.4,0.1,0.1,0.1,0.5,0.0,65535.0,0.20357061112382696,0.0,65535.0,0.12626840619516289,0.0,0.0,0.0,0.0,0.0,0.0,0.0,0.0,0.0,0.0
151427.55,1.4739574276498442,0.0,22194.0,37.0,0.19984999999770559,31.625,32.375,36.950000000000045,0.0,0.0,0.25,0.0,0.0,20.0,0.3,0.1,0.2,0.1,0.4,0.1,0.1,0.1,0.5,0.0,65535.0,0.2021210040436408,0.0,65535.0,0.12669565880827038,0.0,0.0,0.0,0.0,0.0,0.0,0.0,0.0,0.0,0.0
151487.64,1.4574524937809055,0.0,22194.0,37.0,0.24044999999771127,31.625,32.5,36.79000000000002,0.0,0.0,0.07,0.0,0.0,20.0,0.3,0.1,0.2,0.1,0.4,0.1,0.1,0.1,0.5,0.0,65535.0,0.200854505226215,0.0,65535.0,0.12556649118791485,0.0,0.0,0.0,0.0,0.0,0.0,0.0,0.0,0.0,0.0
151547.72,1.494769892981858,0.0,22194.0,37.0,0.18574999999770334,31.625,32.4375,37.01000000000005,0.0,0.0,0.07,0.0,0.0,20.0,0.3,0.1,0.2,0.1,0.4,0.1,0.1,0.1,0.5,0.0,65535.0,0.200503547722591,0.0,65535.0,0.1250019073777371,0.0,0.0,0.0,0.0,0.0,0.0,0.0,0.0,0.0,0.0
151607.78,1.5179415774920448,0.0,22194.0,37.0,0.18074999999770702,31.625,32.4375,37.03000000000003,0.0,0.0,0.0,0.0,0.0,20.0,0.3,0.1,0.2,0.1,0.4,0.1,0.1,0.1,0.5,0.0,65535.0,0.20064087891966126,0.0,65535.0,0.125810635538262,0.0,0.0,0.0,0.0,0.0,0.0,0.0,0.0,0.0,0.0
151667.85,1.5108294613743494,0.0,22194.0,37.0,0.17424999999771124,31.625,32.4375,37.05000000000001,0.0,0.0,0.0,0.0,0.0,20.0,0.3,0.1,0.2,0.1,0.4,0.1,0.1,0.1,0.5,0.0,65535.0,0.20140383001449608,0.0,65535.0,0.12549019607843137,0.0,0.0,0.0,0.0,0.0,0.0,0.0,0.0,0.0,0.0
151727.92,1.496397453884055,0.0,22194.0,37.0,0.1971499999977012,31.625,32.375,36.950000000000045,0.0,0.0,0.0,0.0,0.0,20.0,0.3,0.1,0.2,0.1,0.4,0.1,0.1,0.1,0.5,0.0,65535.0,0.20035095750362403,0.0,65535.0,0.12545967803463798,0.0,0.0,0.0,0.0,0.0,0.0,0.0,0.0,0.0,0.0
151787.96,1.5165075263313383,0.0,22194.0,37.0,0.21244999999770062,31.625,32.4375,36.89000000000004,0.0,0.0,0.0,0.0,0.0,20.0,0.3,0.1,0.2,0.1,0.4,0.1,0.1,0.1,0.5,0.0,65535.0,0.20239566643778134,0.0,65535.0,0.12687876707103074,0.0,0.0,0.0,0.0,0.0,0.0,0.0,0.0,0.0,0.0
151848.03,1.4737995676826112,0.0,22194.0,37.0,0.18094999999769829,31.625,32.4375,37.01000000000005,0.0,0.0,0.0,0.0,0.0,20.0,0.3,0.1,0.2,0.1,0.4,0.1,0.1,0.1,0.5,0.0,65535.0,0.20143434805828947,0.0,65535.0,0.12588693064774548,0.0,0.0,0.0,0.0,0.0,0.0,0.0,0.0,0.0,0.0
151908.1,1.5132834460056714,0.0,22194.0,37.0,0.21474999999770847,31.5625,32.4375,36.870000000000005,0.0,0.0,0.0,0.0,0.0,20.0,0.3,0.1,0.2,0.1,0.4,0.1,0.1,0.1,0.5,0.0,65535.0,0.20164797436484322,0.0,65535.0,0.12567330434119173,0.0,0.0,0.0,0.0,0.0,0.0,0.0,0.0,0.0,0.0
151968.18,1.5068145342943673,0.0,22194.0,37.0,0.17794999999769676,31.625,32.4375,37.01000000000005,0.0,0.0,0.0,0.0,0.0,20.0,0.3,0.1,0.2,0.1,0.4,0.1,0.1,0.1,0.5,0.0,65535.0,0.20329594872968643,0.0,65535.0,0.1270618753337911,0.0,0.0,0.0,0.0,0.0,0.0,0.0,0.0,0.0,0.0
152028.26,1.484428124706037,0.0,22194.0,37.0,0.20554999999769666,31.625,32.4375,36.89000000000004,0.0,0.0,0.0,0.0,0.0,20.0,0.3,0.1,0.2,0.1,0.4,0.1,0.1,0.1,0.5,0.0,65535.0,0.20180056458381018,0.0,65535.0,0.12561226825360494,0.0,0.0,0.0,0.0,0.0,0.0,0.0,0.0,0.0,0.0
152088.33,1.5299674961696557,0.0,22194.0,37.0,0.1785499999976945,31.625,32.4375,37.01000000000005,0.0,0.0,0.0,0.0,0.0,20.0,0.3,0.1,0.2,0.1,0.4,0.1,0.1,0.1,0.5,0.0,65535.0,0.2025329976348516,0.0,65535.0,0.12550545510032807,0.0,0.0,0.0,0.0,0.0,0.0,0.0,0.0,0.0,0.0
152148.39,1.5141338738682337,0.0,22194.0,37.0,0.17234999999769843,31.625,32.4375,37.03000000000003,0.0,0.0,0.0,0.0,0.0,20.0,0.3,0.1,0.2,0.1,0.4,0.1,0.1,0.1,0.5,0.0,65535.0,0.20372320134279392,0.0,65535.0,0.12550545510032807,0.0,0.0,0.0,0.0,0.0,0.0,0.0,0.0,0.0,0.0
152208.42,1.5156149929507683,0.0,22194.0,37.0,0.1926499999976933,31.625,32.4375,36.950000000000045,0.0,0.0,0.0,0.0,0.0,20.0,0.3,0.1,0.2,0.1,0.4,0.1,0.1,0.1,0.5,0.0,65535.0,0.20277714198519875,0.0,65535.0,0.12555123216601816,0.0,0.0,0.0,0.0,0.0,0.0,0.0,0.0,0.0,0.0
152268.46,1.509308279279483,0.0,22194.0,37.0,0.18644999999769724,31.625,32.4375,36.97000000000003,0.0,0.0,0.0,0.0,0.0,20.0,0.3,0.1,0.2,0.1,0.4,0.1,0.1,0.1,0.5,0.0,65535.0,0.2025940337224384,0.0,65535.0,0.12713817044327458,0.0,0.0,0.0,0.0,0.0,0.0,0.0,0.0,0.0,0.0
152328.5,1.5017603425583388,0.0,22194.0,37.0,0.10134999999769848,31.625,32.4375,37.29000000000002,0.0,0.0,0.0,0.0,0.0,20.0,0.3,0.1,0.2,0.1,0.4,0.1,0.1,0.1,0.5,0.0,65535.0,0.20289921416037232,0.0,65535.0,0.12524605172808423,0.0,0.0,0.0,0.0,0.0,0.0,0.0,0.0,0.0,0.0
152388.57,1.5214509558884308,0.0,22194.0,37.0,0.2025499999976917,31.625,32.4375,36.89000000000004,0.0,0.0,0.0,0.0,0.0,20.0,0.3,0.1,0.2,0.1,0.4,0.1,0.1,0.1,0.5,0.0,65535.0,0.20457770656900892,0.0,65535.0,0.12732127870603493,0.0,0.0,0.0,0.0,0.0,0.0,0.0,0.0,0.0,0.0
152448.65,1.4978071078283448,0.0,22194.0,37.0,0.22464999999770172,31.625,32.4375,36.81,0.0,0.0,0.0,0.0,0.0,20.0,0.3,0.1,0.2,0.1,0.4,0.1,0.1,0.1,0.5,0.0,65535.0,0.20373846036469062,0.0,65535.0,0.12610055695429923,0.0,0.0,0.0,0.0,0.0,0.0,0.0,0.0,0.0,0.0
152508.73,1.5138810967965888,0.0,22194.0,37.0,0.1660499999976939,31.5625,32.4375,37.03000000000003,0.0,0.0,0.0,0.0,0.0,20.0,0.3,0.1,0.2,0.1,0.4,0.1,0.1,0.1,0.5,0.0,65535.0,0.20578316929884793,0.0,65535.0,0.12556649118791485,0.0,0.0,0.0,0.0,0.0,0.0,0.0,0.0,0.0,0.0
152568.8,1.5032616984931124,0.0,22194.0,37.0,0.19314999999769936,31.5625,32.4375,36.93000000000001,0.0,0.0,0.0,0.0,0.0,20.0,0.3,0.1,0.2,0.1,0.4,0.1,0.1,0.1,0.5,0.0,65535.0,0.2042877851529717,0.0,65535.0,0.12652780956740672,0.0,0.0,0.0,0.0,0.0,0.0,0.0,0.0,0.0,0.0
152628.84,1.5004824738495082,0.0,22194.0,37.0,0.17374999999768773,31.5625,32.4375,37.01000000000005,0.0,0.0,0.0,0.0,0.0,20.0,0.3,0.1,0.2,0.1,0.4,0.1,0.1,0.1,0.5,0.0,65535.0,0.2034027618829633,0.0,65535.0,0.12712291142137788,0.0,0.0,0.0,0.0,0.0,0.0,0.0,0.0,0.0,0.0
152688.89,1.5393847242724539,0.0,22194.0,37.0,0.15434999999769114,31.5625,32.4375,37.09000000000003,0.0,0.0,0.0,0.0,0.0,20.0,0.3,0.1,0.2,0.1,0.4,0.1,0.1,0.1,0.5,0.0,65535.0,0.20473029678797589,0.0,65535.0,0.12600900282291905,0.0,0.0,0.0,0.0,0.0,0.0,0.0,0.0,0.0,0.0
152748.95,1.515471877570048,0.0,22194.0,37.0,0.14724999999769503,31.625,32.375,37.110000000000014,0.0,0.0,0.0,0.0,0.0,20.0,0.3,0.1,0.2,0.1,0.4,0.1,0.1,0.1,0.5,0.0,65535.0,0.20483710994125276,0.0,65535.0,0.12718394750896467,0.0,0.0,0.0,0.0,0.0,0.0,0.0,0.0,0.0,0.0
152808.98,1.5206604986638819,0.0,22194.0,37.0,0.18224999999769076,31.625,32.4375,36.97000000000003,0.0,0.0,0.0,0.0,0.0,20.0,0.3,0.1,0.2,0.1,0.4,0.1,0.1,0.1,0.5,0.0,65535.0,0.20515754940108338,0.0,65535.0,0.12756542305638208,0.0,0.0,0.0,0.0,0.0,0.0,0.0,0.0,0.0,0.0
152869.04,1.5211021174046346,0.0,22194.0,37.0,0.16224999999769388,31.5625,32.4375,37.05000000000001,0.0,0.0,0.0,0.0,0.0,20.0,0.3,0.1,0.2,0.1,0.4,0.1,0.1,0.1,0.5,0.0,65535.0,0.20697337300679025,0.0,65535.0,0.126665140764477,0.0,0.0,0.0,0.0,0.0,0.0,0.0,0.0,0.0,0.0
152929.09,1.524398044359287,0.0,22194.0,37.0,0.1826999999976895,31.5625,32.4375,37.05000000000001,0.0,0.0,0.0,0.0,0.0,20.0,0.3,0.1,0.2,0.1,0.4,0.1,0.1,0.1,0.5,0.0,65535.0,0.20413519493400473,0.0,65535.0,0.12645151445792324,0.0,0.0,0.0,0.0,0.0,0.0,0.0,0.0,0.0,0.0
152989.17,1.5549890792017185,0.0,22194.0,37.0,0.18889999999768384,31.5625,32.4375,36.89000000000004,0.0,0.005033956799163056,0.09013582719665222,0.0,0.0,20.0,0.3,0.1,0.2,0.1,0.4,0.1,0.1,0.1,0.5,0.0,65535.0,0.2072480354009308,0.0,65535.0,0.1283283741512169,0.0,0.0,0.0,0.0,0.0,0.0,0.0,0.0,0.0,0.0
153049.24,1.4944545482848022,0.0,22194.0,37.0,0.2801499999976804,31.5,32.375,36.63000000000005,0.0,0.0,0.0,0.0,0.0,20.0,0.3,0.1,0.2,0.1,0.4,0.1,0.1,0.1,0.5,0.0,65535.0,0.2004425116350042,0.0,65535.0,0.123247119859617,0.0,0.0,0.0,0.0,0.0,0.0,0.0,0.0,0.0,0.0
153109.31,1.4890469131969133,0.0,22194.0,37.0,0.22209999999769228,31.5625,32.375,36.73000000000002,0.0,0.0,0.07,0.0,0.0,20.0,0.3,0.1,0.2,0.1,0.4,0.1,0.1,0.1,0.5,0.0,65535.0,0.20114442664225224,0.0,65535.0,0.12330815594720379,0.0,0.0,0.0,0.0,0.0,0.0,0.0,0.0,0.0,0.0
153169.38,1.5034707163583845,0.0,22194.0,37.0,0.19454999999768463,31.5625,32.4375,36.97000000000003,0.0,0.0,0.07,0.0,0.0,20.0,0.3,0.1,0.2,0.1,0.4,0.1,0.1,0.1,0.5,0.0,65535.0,0.19990844586861983,0.0,65535.0,0.12254520485236896,0.0,0.0,0.0,0.0,0.0,0.0,0.0,0.0,0.0,0.0
153229.43,1.5037566630595234,0.0,22194.0,37.0,0.22134999999768953,31.5625,32.4375,36.870000000000005,0.0,0.0,0.25,0.0,0.0,20.0,0.3,0.1,0.2,0.1,0.4,0.1,0.1,0.1,0.5,0.0,65535.0,0.20160219729915313,0.0,65535.0,0.1228046082246128,0.0,0.0,0.0,0.0,0.0,0.0,0.0,0.0,0.0,0.0
153289.47,1.4693854923747343,0.0,22194.0,37.0,0.20014999999767782,31.5625,32.4375,36.950000000000045,0.0,0.0,0.07,0.0,0.0,20.0,0.3,0.1,0.2,0.1,0.4,0.1,0.1,0.1,0.5,0.0,65535.0,0.1992523079270619,0.0,65535.0,0.12297245746547646,0.0,0.0,0.0,0.0,0.0,0.0,0.0,0.0,0.0,0.0
153349.51,1.4745599213457479,0.0,22194.0,37.0,0.17724999999768615,31.625,32.375,37.05000000000001,0.0,0.0,0.07,0.0,0.0,20.0,0.3,0.1,0.2,0.1,0.4,0.1,0.1,0.1,0.5,0.0,65535.0,0.19986266880292974,0.0,65535.0,0.1227740901808194,0.0,0.0,0.0,0.0,0.0,0.0,0.0,0.0,0.0,0.0
153409.56,1.469397160381464,0.0,22194.0,37.0,0.19484999999768093,31.625,32.4375,36.97000000000003,0.0,0.0,0.07,0.0,0.0,20.0,0.3,0.1,0.2,0.1,0.4,0.1,0.1,0.1,0.5,0.0,65535.0,0.19832150759136338,0.0,65535.0,0.12291142137788967,0.0,0.0,0.0,0.0,0.0,0.0,0.0,0.0,0.0,0.0
