exp_time,od_measured,od_setpoint,od_zero_setpoint,thermostat_setpoint,heating_rate,internal_air_temp,external_air_temp,media_temp,opt_gen_act_int,pump_1_rate,pump_2_rate,pump_3_rate,pump_4_rate,media_vol,stirring_rate,LED_395nm_setpoint,LED_457nm_setpoint,LED_500nm_setpoint,LED_523nm_setpoint,LED_595nm_setpoint,LED_623nm_setpoint,LED_6500K_setpoint,laser_setpoint,LED_UV_int,FP1_base,FP1_emit1,FP1_emit2,FP2_base,FP2_emit1,FP2_emit2,FP3_base,FP3_emit1,FP3_emit2,custom_prog_param1,custom_prog_param2,custom_prog_param3,custom_prog_status,zigzag_target,growth_rate
0.21,0.7613727004516648,0.0,15592.0,37.0,1.0,23.0625,32.125,22.57000000000005,0.0,0.0,0.0,0.0,0.0,20.0,0.3,0.1,0.2,0.1,0.4,0.1,0.1,0.1,0.5,0.0,65535.0,0.06941329060807203,0.0,65535.0,0.0490424963759823,0.0,0.0,0.0,0.0,0.0,0.0,0.0,0.0,0.0,0.0
60.28,0.6865072063442581,0.0,15592.0,37.0,1.0,23.5,32.125,24.33000000000004,0.0,0.0,0.0,0.0,0.0,20.0,0.3,0.1,0.2,0.1,0.4,0.1,0.1,0.1,0.5,0.0,65535.0,0.06828412298771648,0.0,65535.0,0.04853894865339132,0.0,0.0,0.0,0.0,0.0,0.0,0.0,0.0,0.0,0.0
120.36,0.7230264285167829,0.0,15592.0,37.0,1.0,24.125,32.125,25.970000000000027,0.0,0.0,0.0,0.0,0.0,20.0,0.3,0.1,0.2,0.1,0.4,0.1,0.1,0.1,0.5,0.0,65535.0,0.06829938200961318,0.0,65535.0,0.04846265354390784,0.0,0.0,0.0,0.0,0.0,0.0,0.0,0.0,0.0,0.0
180.4,0.657238491114871,0.0,15592.0,37.0,1.0,24.9375,32.0625,27.910000000000025,0.0,0.0,0.0,0.0,0.0,20.0,0.3,0.1,0.2,0.1,0.4,0.1,0.1,0.1,0.5,0.0,65535.0,0.06768902113374532,0.0,65535.0,0.048203250171664,0.0,0.0,0.0,0.0,0.0,0.0,0.0,0.0,0.0,0.0
240.48,0.6579806180741921,0.0,15592.0,37.0,1.0,25.9375,32.0625,29.650000000000034,0.0,0.0,0.0,0.0,0.0,20.0,0.3,0.1,0.2,0.1,0.4,0.1,0.1,0.1,0.5,0.0,65535.0,0.06578164339665828,0.0,65535.0,0.04765392538338292,0.0,0.0,0.0,0.0,0.0,0.0,0.0,0.0,0.0,0.0
300.55,0.6621044896206816,0.0,15592.0,37.0,1.0,26.8125,32.0625,31.430000000000007,0.0,0.0,0.0,0.0,0.0,20.0,0.3,0.1,0.2,0.1,0.4,0.1,0.1,0.1,0.5,0.0,65535.0,0.06535439078355078,0.0,65535.0,0.047516594186312655,0.0,0.0,0.0,0.0,0.0,0.0,0.0,0.0,0.0,0.0
360.66,0.711123962055266,0.0,15592.0,37.0,1.0,27.75,32.0625,33.110000000000014,0.0,0.0,0.0,0.0,0.0,20.0,0.3,0.1,0.2,0.1,0.4,0.1,0.1,0.1,0.5,0.0,65535.0,0.06456092164492257,0.0,65535.0,0.04782177462424658,0.0,0.0,0.0,0.0,0.0,0.0,0.0,0.0,0.0,0.0
420.77,0.7904562373026353,0.0,15592.0,37.0,1.0,28.75,32.125,34.710000000000036,0.0,0.0,0.0,0.0,0.0,20.0,0.3,0.1,0.2,0.1,0.4,0.1,0.1,0.1,0.5,0.0,65535.0,0.06420996414129854,0.0,65535.0,0.04657053482871748,0.0,0.0,0.0,0.0,0.0,0.0,0.0,0.0,0.0,0.0
480.89,0.8095037501571521,0.0,15592.0,37.0,0.24489999999999013,29.5625,32.125,35.83000000000004,0.0,0.0,0.0,0.0,0.0,20.0,0.3,0.1,0.2,0.1,0.4,0.1,0.1,0.1,0.5,0.0,65535.0,0.06388952468146791,0.0,65535.0,0.04760814831769283,0.0,0.0,0.0,0.0,0.0,0.0,0.0,0.0,0.0,0.0
540.97,0.8084390748647063,0.0,15592.0,37.0,0.20559999999998696,30.0625,32.125,36.13000000000005,0.0,0.0,0.0,0.0,0.0,20.0,0.3,0.1,0.2,0.1,0.4,0.1,0.1,0.1,0.5,0.0,65535.0,0.06382848859388113,0.0,65535.0,0.047516594186312655,0.0,0.0,0.0,0.0,0.0,0.0,0.0,0.0,0.0,0.0
601.06,0.814105889482624,0.0,15592.0,37.0,0.2471999999999963,30.3125,32.1875,36.170000000000016,0.0,0.0,0.0,0.0,0.0,20.0,0.3,0.1,0.2,0.1,0.4,0.1,0.1,0.1,0.5,0.0,65535.0,0.06420996414129854,0.0,65535.0,0.04757763027389944,0.0,0.0,0.0,0.0,0.0,0.0,0.0,0.0,0.0,0.0
661.14,0.8033472892045929,0.0,15592.0,37.0,0.22959999999998415,30.5,32.1875,36.150000000000034,0.0,0.0,0.0,0.0,0.0,20.0,0.3,0.1,0.2,0.1,0.4,0.1,0.1,0.1,0.5,0.0,65535.0,0.0643472953383688,0.0,65535.0,0.0481879911497673,0.0,0.0,0.0,0.0,0.0,0.0,0.0,0.0,0.0,0.0
721.22,0.7931915650786664,0.0,15592.0,37.0,0.2654999999999936,30.4375,32.1875,36.13000000000005,0.0,0.0,0.0,0.0,0.0,20.0,0.3,0.1,0.2,0.1,0.4,0.1,0.1,0.1,0.5,0.0,65535.0,0.06462195773250935,0.0,65535.0,0.04849317158770123,0.0,0.0,0.0,0.0,0.0,0.0,0.0,0.0,0.0,0.0
781.32,0.7549882910103161,0.0,15592.0,37.0,0.32239999999998986,31.5,32.1875,36.13000000000005,0.0,0.0,0.0,0.0,0.0,20.0,0.3,0.1,0.2,0.1,0.4,0.1,0.1,0.1,0.5,0.0,65535.0,0.0643472953383688,0.0,65535.0,0.04844739452201114,0.0,0.0,0.0,0.0,0.0,0.0,0.0,0.0,0.0,0.0
841.4,0.7484572866714658,0.0,15592.0,37.0,0.2997999999999823,31.5,32.25,36.33000000000004,0.0,0.0,0.0,0.0,0.0,20.0,0.3,0.1,0.2,0.1,0.4,0.1,0.1,0.1,0.5,0.0,65535.0,0.06512550545510033,0.0,65535.0,0.04869153887235828,0.0,0.0,0.0,0.0,0.0,0.0,0.0,0.0,0.0,0.0
901.48,0.7275301198250861,0.0,15592.0,37.0,0.2535999999999785,31.0,32.1875,36.210000000000036,0.0,0.0,0.0,0.0,0.0,20.0,0.3,0.1,0.2,0.1,0.4,0.1,0.1,0.1,0.5,0.0,65535.0,0.06477454795147632,0.0,65535.0,0.04924086366063935,0.0,0.0,0.0,0.0,0.0,0.0,0.0,0.0,0.0,0.0
961.54,0.7320490932520111,0.0,15592.0,37.0,0.28379999999998806,31.0625,32.25,36.450000000000045,0.0,0.0,0.0,0.0,0.0,20.0,0.3,0.1,0.2,0.1,0.4,0.1,0.1,0.1,0.5,0.0,65535.0,0.06533913176165408,0.0,65535.0,0.04896620126649882,0.0,0.0,0.0,0.0,0.0,0.0,0.0,0.0,0.0,0.0
1021.58,0.6836427171735174,0.0,15592.0,37.0,0.31699999999998313,31.25,32.25,36.25000000000006,0.0,0.0,0.0,0.0,0.0,20.0,0.3,0.1,0.2,0.1,0.4,0.1,0.1,0.1,0.5,0.0,65535.0,0.06514076447699703,0.0,65535.0,0.04879835202563516,0.0,0.0,0.0,0.0,0.0,0.0,0.0,0.0,0.0,0.0
1081.63,0.6725175841978933,0.0,15592.0,37.0,0.2659999999999795,31.5625,32.25,36.55000000000001,0.0,0.0,0.0,0.0,0.0,20.0,0.3,0.1,0.2,0.1,0.4,0.1,0.1,0.1,0.5,0.0,65535.0,0.06546120393682765,0.0,65535.0,0.04925612268253605,0.0,0.0,0.0,0.0,0.0,0.0,0.0,0.0,0.0,0.0
1141.66,0.6609715788785969,0.0,15592.0,37.0,0.2946999999999744,31.5,32.3125,36.63000000000005,0.0,0.0,0.0,0.0,0.0,20.0,0.3,0.1,0.2,0.1,0.4,0.1,0.1,0.1,0.5,0.0,65535.0,0.06538490882734417,0.0,65535.0,0.0486305027847715,0.0,0.0,0.0,0.0,0.0,0.0,0.0,0.0,0.0,0.0
1201.73,0.6622818433018678,0.0,15592.0,37.0,0.23329999999997597,31.5,32.25,36.610000000000014,0.0,0.0,0.0,0.0,0.0,20.0,0.3,0.1,0.2,0.1,0.4,0.1,0.1,0.1,0.5,0.0,65535.0,0.0652475776302739,0.0,65535.0,0.049515526054779886,0.0,0.0,0.0,0.0,0.0,0.0,0.0,0.0,0.0,0.0
1261.82,0.6582053082075718,0.0,15592.0,37.0,0.24899999999998018,31.6875,32.25,36.690000000000055,0.0,0.0,0.0,0.0,0.0,20.0,0.3,0.1,0.2,0.1,0.4,0.1,0.1,0.1,0.5,0.0,65535.0,0.06573586633096819,0.0,65535.0,0.048844129091325246,0.0,0.0,0.0,0.0,0.0,0.0,0.0,0.0,0.0,0.0
1321.89,0.6524326650720257,0.0,15592.0,37.0,0.24879999999998462,31.5625,32.25,36.57000000000005,0.0,0.0,0.0,0.0,0.0,20.0,0.3,0.1,0.2,0.1,0.4,0.1,0.1,0.1,0.5,0.0,65535.0,0.0661173418783856,0.0,65535.0,0.049347676813916226,0.0,0.0,0.0,0.0,0.0,0.0,0.0,0.0,0.0,0.0
1381.96,0.6703208426251746,0.0,15592.0,37.0,0.21559999999997304,31.6875,32.3125,36.870000000000005,0.0,0.0,0.0,0.0,0.0,20.0,0.3,0.1,0.2,0.1,0.4,0.1,0.1,0.1,0.5,0.0,65535.0,0.06593423361562524,0.0,65535.0,0.04933241779201953,0.0,0.0,0.0,0.0,0.0,0.0,0.0,0.0,0.0,0.0
1442.02,0.6705362998888238,0.0,15592.0,37.0,0.23419999999997287,31.625,32.3125,36.73000000000002,0.0,0.0,0.0,0.0,0.0,20.0,0.3,0.1,0.2,0.1,0.4,0.1,0.1,0.1,0.5,0.0,65535.0,0.06601052872510872,0.0,65535.0,0.049271381704432744,0.0,0.0,0.0,0.0,0.0,0.0,0.0,0.0,0.0,0.0
1502.09,0.7905943364780326,0.0,15592.0,37.0,0.25959999999998246,31.625,32.3125,36.710000000000036,0.0,0.0,0.0,0.0,0.0,20.0,0.3,0.1,0.2,0.1,0.4,0.1,0.1,0.1,0.5,0.0,65535.0,0.06590371557183185,0.0,65535.0,0.04962233920805676,0.0,0.0,0.0,0.0,0.0,0.0,0.0,0.0,0.0,0.0
1562.12,0.7824847418796023,0.0,15592.0,37.0,0.23609999999997625,31.375,32.3125,36.85000000000002,0.0,0.0,0.0,0.0,0.0,20.0,0.3,0.1,0.2,0.1,0.4,0.1,0.1,0.1,0.5,0.0,65535.0,0.06718547341115434,0.0,65535.0,0.049011978332188906,0.0,0.0,0.0,0.0,0.0,0.0,0.0,0.0,0.0,0.0
1622.19,0.7866536126321108,0.0,15592.0,37.0,0.277599999999982,31.6875,32.3125,36.79000000000002,0.0,0.0,0.0,0.0,0.0,20.0,0.3,0.1,0.2,0.1,0.4,0.1,0.1,0.1,0.5,0.0,65535.0,0.06660563057907988,0.0,65535.0,0.048935683222705424,0.0,0.0,0.0,0.0,0.0,0.0,0.0,0.0,0.0,0.0
1682.27,0.7429843918002105,0.0,15592.0,37.0,0.2281999999999692,31.8125,32.3125,37.05000000000001,0.0,0.0,0.0,0.0,0.0,20.0,0.3,0.1,0.2,0.1,0.4,0.1,0.1,0.1,0.5,0.0,65535.0,0.06660563057907988,0.0,65535.0,0.04919508659494926,0.0,0.0,0.0,0.0,0.0,0.0,0.0,0.0,0.0,0.0
1742.34,0.7597660961422359,0.0,15592.0,37.0,0.24499999999996896,31.8125,32.3125,36.650000000000034,0.0,0.0,0.0,0.0,0.0,20.0,0.3,0.1,0.2,0.1,0.4,0.1,0.1,0.1,0.5,0.0,65535.0,0.06706340123598077,0.0,65535.0,0.04937819485770962,0.0,0.0,0.0,0.0,0.0,0.0,0.0,0.0,0.0,0.0
1802.38,0.743718518653144,0.0,15592.0,37.0,0.2838999999999796,31.75,32.375,36.690000000000055,0.0,0.0,0.0,0.0,0.0,20.0,0.3,0.1,0.2,0.1,0.4,0.1,0.1,0.1,0.5,0.0,65535.0,0.06724650949874113,0.0,65535.0,0.04971389333943694,0.0,0.0,0.0,0.0,0.0,0.0,0.0,0.0,0.0,0.0
1862.42,0.7371264639368796,0.0,15592.0,37.0,0.2980999999999693,31.75,32.375,36.870000000000005,0.0,0.0,0.0,0.0,0.0,20.0,0.3,0.1,0.2,0.1,0.4,0.1,0.1,0.1,0.5,0.0,65535.0,0.06721599145494773,0.0,65535.0,0.04969863431754024,0.0,0.0,0.0,0.0,0.0,0.0,0.0,0.0,0.0,0.0
1922.46,0.7361658420242869,0.0,15592.0,37.0,0.24019999999996594,31.875,32.375,36.73000000000002,0.0,0.0,0.0,0.0,0.0,20.0,0.3,0.1,0.2,0.1,0.4,0.1,0.1,0.1,0.5,0.0,65535.0,0.0677653162432288,0.0,65535.0,0.0494697489890898,0.0,0.0,0.0,0.0,0.0,0.0,0.0,0.0,0.0,0.0
1982.49,0.7344979762596229,0.0,15592.0,37.0,0.21189999999997405,31.875,32.3125,37.05000000000001,0.0,0.0,0.0,0.0,0.0,20.0,0.3,0.1,0.2,0.1,0.4,0.1,0.1,0.1,0.5,0.0,65535.0,0.06773479819943541,0.0,65535.0,0.04985122453650721,0.0,0.0,0.0,0.0,0.0,0.0,0.0,0.0,0.0,0.0
2042.57,0.6493584009570776,0.0,15592.0,37.0,0.23219999999996893,31.8125,32.375,36.73000000000002,0.0,0.0,0.0,0.0,0.0,20.0,0.3,0.1,0.2,0.1,0.4,0.1,0.1,0.1,0.5,0.0,65535.0,0.0677958342870222,0.0,65535.0,0.0498970016021973,0.0,0.0,0.0,0.0,0.0,0.0,0.0,0.0,0.0,0.0
2102.65,0.7633312794961419,0.0,15592.0,37.0,0.19219999999996182,31.9375,32.375,36.81,0.0,0.0,0.0,0.0,0.0,20.0,0.3,0.1,0.2,0.1,0.4,0.1,0.1,0.1,0.5,0.0,65535.0,0.0678110933089189,0.0,65535.0,0.049683375295643546,0.0,0.0,0.0,0.0,0.0,0.0,0.0,0.0,0.0,0.0
2162.73,0.7199325166705827,0.0,15592.0,37.0,0.2565999999999734,31.9375,32.375,36.97000000000003,0.0,0.0,0.0,0.0,0.0,20.0,0.3,0.1,0.2,0.1,0.4,0.1,0.1,0.1,0.5,0.0,65535.0,0.06814679179064621,0.0,65535.0,0.05008010986495766,0.0,0.0,0.0,0.0,0.0,0.0,0.0,0.0,0.0,0.0
2222.82,0.6735952914181936,0.0,15592.0,37.0,0.2309999999999666,31.9375,32.375,36.81,0.0,0.0,0.0,0.0,0.0,20.0,0.3,0.1,0.2,0.1,0.4,0.1,0.1,0.1,0.5,0.0,65535.0,0.06877241168841078,0.0,65535.0,0.0503395132372015,0.0,0.0,0.0,0.0,0.0,0.0,0.0,0.0,0.0,0.0
2282.88,0.6795567842565421,0.0,15592.0,37.0,0.1726999999999585,31.9375,32.4375,36.81,0.0,0.0,0.0,0.0,0.0,20.0,0.3,0.1,0.2,0.1,0.4,0.1,0.1,0.1,0.5,0.0,65535.0,0.06854352635996033,0.0,65535.0,0.05012588693064775,0.0,0.0,0.0,0.0,0.0,0.0,0.0,0.0,0.0,0.0
2342.94,0.6815560357612445,0.0,15592.0,37.0,0.24359999999996507,31.9375,32.4375,36.710000000000036,0.0,0.0,0.0,0.0,0.0,20.0,0.3,0.1,0.2,0.1,0.4,0.1,0.1,0.1,0.5,0.0,65535.0,0.06900129701686122,0.0,65535.0,0.05003433279926757,0.0,0.0,0.0,0.0,0.0,0.0,0.0,0.0,0.0,0.0
2403.01,0.6954253057337412,0.0,15592.0,37.0,0.24509999999996454,31.9375,32.4375,37.01000000000005,0.0,0.0,0.0,0.0,0.0,20.0,0.3,0.1,0.2,0.1,0.4,0.1,0.1,0.1,0.5,0.0,65535.0,0.0691081101701381,0.0,65535.0,0.050308995193408104,0.0,0.0,0.0,0.0,0.0,0.0,0.0,0.0,0.0,0.0
2463.07,0.7011829681617404,0.0,15592.0,37.0,0.24659999999996401,32.0,32.4375,36.870000000000005,0.0,0.0,0.0,0.0,0.0,20.0,0.3,0.1,0.2,0.1,0.4,0.1,0.1,0.1,0.5,0.0,65535.0,0.06976424811169604,0.0,65535.0,0.05099565117875944,0.0,0.0,0.0,0.0,0.0,0.0,0.0,0.0,0.0,0.0
2523.13,0.7159256332512564,0.0,15592.0,37.0,0.24899999999996353,32.0,32.375,36.950000000000045,0.0,0.0,0.0,0.0,0.0,20.0,0.3,0.1,0.2,0.1,0.4,0.1,0.1,0.1,0.5,0.0,65535.0,0.06976424811169604,0.0,65535.0,0.050766765850308995,0.0,0.0,0.0,0.0,0.0,0.0,0.0,0.0,0.0,0.0
2583.22,0.7138392255052791,0.0,15592.0,37.0,0.22629999999996656,32.0,32.5,37.09000000000003,0.0,0.0,0.0,0.0,0.0,20.0,0.3,0.1,0.2,0.1,0.4,0.1,0.1,0.1,0.5,0.0,65535.0,0.06990157930876631,0.0,65535.0,0.05067521171892882,0.0,0.0,0.0,0.0,0.0,0.0,0.0,0.0,0.0,0.0
2643.3,0.6273059766833213,0.0,15592.0,37.0,0.23599999999995605,32.0625,32.5,36.81,0.0,0.0,0.0,0.0,0.0,20.0,0.3,0.1,0.2,0.1,0.4,0.1,0.1,0.1,0.5,0.0,65535.0,0.07026779583428702,0.0,65535.0,0.050934615091172655,0.0,0.0,0.0,0.0,0.0,0.0,0.0,0.0,0.0,0.0
2703.37,0.6331289718839092,0.0,15592.0,37.0,0.24629999999996005,32.0625,32.5,36.73000000000002,0.0,0.0,0.0,0.0,0.0,20.0,0.3,0.1,0.2,0.1,0.4,0.1,0.1,0.1,0.5,0.0,65535.0,0.07029831387808042,0.0,65535.0,0.05024795910582132,0.0,0.0,0.0,0.0,0.0,0.0,0.0,0.0,0.0,0.0
2763.41,0.6489349687208756,0.0,15592.0,37.0,0.30839999999996126,32.0,32.5,36.63000000000005,0.0,0.0,0.0,0.0,0.0,20.0,0.3,0.1,0.2,0.1,0.4,0.1,0.1,0.1,0.5,0.0,65535.0,0.07028305485618372,0.0,65535.0,0.050141145952544444,0.0,0.0,0.0,0.0,0.0,0.0,0.0,0.0,0.0,0.0
2823.45,0.6511616672917266,0.0,15592.0,37.0,0.27049999999995394,32.0625,32.4375,36.73000000000002,0.0,0.0,0.0,0.0,0.0,20.0,0.3,0.1,0.2,0.1,0.4,0.1,0.1,0.1,0.5,0.0,65535.0,0.07072556649118791,0.0,65535.0,0.050263218127718015,0.0,0.0,0.0,0.0,0.0,0.0,0.0,0.0,0.0,0.0
2883.49,0.6885166299191634,0.0,15592.0,37.0,0.2177999999999558,32.0625,32.5,37.110000000000014,0.0,0.0,0.0,0.0,0.0,20.0,0.3,0.1,0.2,0.1,0.4,0.1,0.1,0.1,0.5,0.0,65535.0,0.0712291142137789,0.0,65535.0,0.0503395132372015,0.0,0.0,0.0,0.0,0.0,0.0,0.0,0.0,0.0,0.0
2943.52,0.7000738762775779,0.0,15592.0,37.0,0.21569999999995515,32.0625,32.5625,37.01000000000005,0.0,0.0,0.0,0.0,0.0,20.0,0.3,0.1,0.2,0.1,0.4,0.1,0.1,0.1,0.5,0.0,65535.0,0.07130540932326238,0.0,65535.0,0.05065995269703212,0.0,0.0,0.0,0.0,0.0,0.0,0.0,0.0,0.0,0.0
3003.59,0.7115298720174278,0.0,15592.0,37.0,0.1693999999999478,32.0625,32.5,36.85000000000002,0.0,0.0,0.0,0.0,0.0,20.0,0.3,0.1,0.2,0.1,0.4,0.1,0.1,0.1,0.5,0.0,65535.0,0.07171740291447318,0.0,65535.0,0.05046158541237507,0.0,0.0,0.0,0.0,0.0,0.0,0.0,0.0,0.0,0.0
3063.67,0.7078296035897806,0.0,15592.0,37.0,0.2614999999999501,32.0625,32.5,36.89000000000004,0.0,0.0,0.0,0.0,0.0,20.0,0.3,0.1,0.2,0.1,0.4,0.1,0.1,0.1,0.5,0.0,65535.0,0.07174792095826657,0.0,65535.0,0.05056839856565194,0.0,0.0,0.0,0.0,0.0,0.0,0.0,0.0,0.0,0.0
3123.72,0.7090899678328463,0.0,15592.0,37.0,0.26269999999994903,32.0625,32.5,36.81,0.0,0.0,0.0,0.0,0.0,20.0,0.3,0.1,0.2,0.1,0.4,0.1,0.1,0.1,0.5,0.0,65535.0,0.07208361943999389,0.0,65535.0,0.05082780193789578,0.0,0.0,0.0,0.0,0.0,0.0,0.0,0.0,0.0,0.0
3183.8,0.7413081961671016,0.0,15592.0,37.0,0.24269999999995215,32.125,32.5,36.950000000000045,0.0,0.0,0.0,0.0,0.0,20.0,0.3,0.1,0.2,0.1,0.4,0.1,0.1,0.1,0.5,0.0,65535.0,0.07289234760051881,0.0,65535.0,0.0507515068284123,0.0,0.0,0.0,0.0,0.0,0.0,0.0,0.0,0.0,0.0
3243.84,0.7408015863289257,0.0,15592.0,37.0,0.2123999999999504,32.0625,32.5625,36.81,0.0,0.0,0.0,0.0,0.0,20.0,0.3,0.1,0.2,0.1,0.4,0.1,0.1,0.1,0.5,0.0,65535.0,0.07301441977569238,0.0,65535.0,0.05053788052185855,0.0,0.0,0.0,0.0,0.0,0.0,0.0,0.0,0.0,0.0
3303.89,0.7522453247751317,0.0,15592.0,37.0,0.22479999999995504,32.0625,32.5625,36.89000000000004,0.0,0.0,0.0,0.0,0.0,20.0,0.3,0.1,0.2,0.1,0.4,0.1,0.1,0.1,0.5,0.0,65535.0,0.07341115434500649,0.0,65535.0,0.050888838025482566,0.0,0.0,0.0,0.0,0.0,0.0,0.0,0.0,0.0,0.0
3363.95,0.7504548831175093,0.0,15592.0,37.0,0.2288999999999496,32.0625,32.5625,37.03000000000003,0.0,0.0,0.0,0.0,0.0,20.0,0.3,0.1,0.2,0.1,0.4,0.1,0.1,0.1,0.5,0.0,65535.0,0.0737621118486305,0.0,65535.0,0.05065995269703212,0.0,0.0,0.0,0.0,0.0,0.0,0.0,0.0,0.0,0.0
3424.0,0.7519231752957236,0.0,15592.0,37.0,0.18939999999995197,32.125,32.5625,36.85000000000002,0.0,0.0,0.0,0.0,0.0,20.0,0.3,0.1,0.2,0.1,0.4,0.1,0.1,0.1,0.5,0.0,65535.0,0.07392996108949416,0.0,65535.0,0.05113298237582971,0.0,0.0,0.0,0.0,0.0,0.0,0.0,0.0,0.0,0.0
3484.05,0.751834971188974,0.0,15592.0,37.0,0.26059999999994404,32.125,32.5625,36.690000000000055,0.0,0.0,0.0,0.0,0.0,20.0,0.3,0.1,0.2,0.1,0.4,0.1,0.1,0.1,0.5,0.0,65535.0,0.07414358739604791,0.0,65535.0,0.05069047074082551,0.0,0.0,0.0,0.0,0.0,0.0,0.0,0.0,0.0,0.0
3544.13,0.76290560309441,0.0,15592.0,37.0,0.2658999999999534,32.0625,32.5625,36.89000000000004,0.0,0.0,0.0,0.0,0.0,20.0,0.3,0.1,0.2,0.1,0.4,0.1,0.1,0.1,0.5,0.0,65535.0,0.07473868925001907,0.0,65535.0,0.050888838025482566,0.0,0.0,0.0,0.0,0.0,0.0,0.0,0.0,0.0,0.0
3604.2,0.7557993060770887,0.0,15592.0,37.0,0.2673999999999529,32.0625,32.5625,36.710000000000036,0.0,0.0,0.0,0.0,0.0,20.0,0.3,0.1,0.2,0.1,0.4,0.1,0.1,0.1,0.5,0.0,65535.0,0.07515068284122987,0.0,65535.0,0.051194018463416494,0.0,0.0,0.0,0.0,0.0,0.0,0.0,0.0,0.0,0.0
3664.25,0.7479119205577649,0.0,15592.0,37.0,0.21059999999994514,32.125,32.5625,36.93000000000001,0.0,0.0,0.0,0.0,0.0,20.0,0.3,0.1,0.2,0.1,0.4,0.1,0.1,0.1,0.5,0.0,65535.0,0.0754558632791638,0.0,65535.0,0.05130083161669337,0.0,0.0,0.0,0.0,0.0,0.0,0.0,0.0,0.0,0.0
3724.33,0.7523099068590166,0.0,15592.0,37.0,0.2405999999999454,32.125,32.5625,37.03000000000003,0.0,0.0,0.0,0.0,0.0,20.0,0.3,0.1,0.2,0.1,0.4,0.1,0.1,0.1,0.5,0.0,65535.0,0.07577630273899442,0.0,65535.0,0.051026169222552833,0.0,0.0,0.0,0.0,0.0,0.0,0.0,0.0,0.0,0.0
3784.37,0.6905394654153865,0.0,15592.0,37.0,0.19579999999993755,32.125,32.5625,36.73000000000002,0.0,0.0,0.0,0.0,0.0,20.0,0.3,0.1,0.2,0.1,0.4,0.1,0.1,0.1,0.5,0.0,65535.0,0.07600518806744487,0.0,65535.0,0.05099565117875944,0.0,0.0,0.0,0.0,0.0,0.0,0.0,0.0,0.0,0.0
3844.43,0.6744616258330834,0.0,15592.0,37.0,0.28059999999994995,32.0,32.5625,36.81,0.0,0.0,0.0,0.0,0.0,20.0,0.3,0.1,0.2,0.1,0.4,0.1,0.1,0.1,0.5,0.0,65535.0,0.07656977187762265,0.0,65535.0,0.0515754940108339,0.0,0.0,0.0,0.0,0.0,0.0,0.0,0.0,0.0,0.0
3904.52,0.6749804465063136,0.0,15592.0,37.0,0.24149999999994287,32.0625,32.625,37.05000000000001,0.0,0.0,0.0,0.0,0.0,20.0,0.3,0.1,0.2,0.1,0.4,0.1,0.1,0.1,0.5,0.0,65535.0,0.07740901808194095,0.0,65535.0,0.05125505455100328,0.0,0.0,0.0,0.0,0.0,0.0,0.0,0.0,0.0,0.0
3964.61,0.6764594893460436,0.0,15592.0,37.0,0.22999999999993656,32.125,32.5625,36.73000000000002,0.0,0.0,0.0,0.0,0.0,20.0,0.3,0.1,0.2,0.1,0.4,0.1,0.1,0.1,0.5,0.0,65535.0,0.0775921263447013,0.0,65535.0,0.05123979552910658,0.0,0.0,0.0,0.0,0.0,0.0,0.0,0.0,0.0,0.0
4024.67,0.6734364904206592,0.0,15592.0,37.0,0.18729999999994357,32.125,32.5625,36.79000000000002,0.0,0.0,0.0,0.0,0.0,20.0,0.3,0.1,0.2,0.1,0.4,0.1,0.1,0.1,0.5,0.0,65535.0,0.07795834287022202,0.0,65535.0,0.05087357900358587,0.0,0.0,0.0,0.0,0.0,0.0,0.0,0.0,0.0,0.0
4084.76,0.6761716209680834,0.0,15592.0,37.0,0.2222999999999393,32.125,32.625,36.77000000000004,0.0,0.0,0.0,0.0,0.0,20.0,0.3,0.1,0.2,0.1,0.4,0.1,0.1,0.1,0.5,0.0,65535.0,0.07824826428625925,0.0,65535.0,0.05128557259479667,0.0,0.0,0.0,0.0,0.0,0.0,0.0,0.0,0.0,0.0
4144.85,0.6716886187009743,0.0,15592.0,37.0,0.2584999999999348,32.125,32.625,36.79000000000002,0.0,0.0,0.0,0.0,0.0,20.0,0.3,0.1,0.2,0.1,0.4,0.1,0.1,0.1,0.5,0.0,65535.0,0.07913328755626764,0.0,65535.0,0.05133134966048676,0.0,0.0,0.0,0.0,0.0,0.0,0.0,0.0,0.0,0.0
4204.93,0.6609339914112305,0.0,15592.0,37.0,0.2225999999999373,32.125,32.625,36.81,0.0,0.0,0.0,0.0,0.0,20.0,0.3,0.1,0.2,0.1,0.4,0.1,0.1,0.1,0.5,0.0,65535.0,0.07956054016937514,0.0,65535.0,0.05142290379186694,0.0,0.0,0.0,0.0,0.0,0.0,0.0,0.0,0.0,0.0
4264.98,0.6548719838350079,0.0,15592.0,37.0,0.2590999999999325,32.125,32.625,36.85000000000002,0.0,0.0,0.0,0.0,0.0,20.0,0.3,0.1,0.2,0.1,0.4,0.1,0.1,0.1,0.5,0.0,65535.0,0.07945372701609826,0.0,65535.0,0.051224536507209886,0.0,0.0,0.0,0.0,0.0,0.0,0.0,0.0,0.0,0.0
4325.04,0.6443307012740445,0.0,15592.0,37.0,0.22939999999993027,32.125,32.625,37.09000000000003,0.0,0.0,0.0,0.0,0.0,20.0,0.3,0.1,0.2,0.1,0.4,0.1,0.1,0.1,0.5,0.0,65535.0,0.08024719615472649,0.0,65535.0,0.051560234988937206,0.0,0.0,0.0,0.0,0.0,0.0,0.0,0.0,0.0,0.0
4385.11,0.6541925338062451,0.0,15592.0,37.0,0.1990999999999277,32.125,32.625,36.79000000000002,0.0,0.0,0.0,0.0,0.0,20.0,0.3,0.1,0.2,0.1,0.4,0.1,0.1,0.1,0.5,0.0,65535.0,0.08058289463645381,0.0,65535.0,0.05133134966048676,0.0,0.0,0.0,0.0,0.0,0.0,0.0,0.0,0.0,0.0
4445.19,0.6470754832836291,0.0,15592.0,37.0,0.22819999999992796,32.0625,32.625,36.85000000000002,0.0,0.0,0.0,0.0,0.0,20.0,0.3,0.1,0.2,0.1,0.4,0.1,0.1,0.1,0.5,0.0,65535.0,0.08093385214007782,0.0,65535.0,0.05162127107652399,0.0,0.0,0.0,0.0,0.0,0.0,0.0,0.0,0.0,0.0
4505.25,0.6812034837640648,0.0,15592.0,37.0,0.2378999999999325,32.1875,32.6875,36.81,0.0,0.0,0.0,0.0,0.0,20.0,0.3,0.1,0.2,0.1,0.4,0.1,0.1,0.1,0.5,0.0,65535.0,0.08175783932249943,0.0,65535.0,0.051316090638590064,0.0,0.0,0.0,0.0,0.0,0.0,0.0,0.0,0.0,0.0
4565.3,0.6790024976062288,0.0,15592.0,37.0,0.2846999999999334,32.125,32.625,36.85000000000002,0.0,0.0,0.0,0.0,0.0,20.0,0.3,0.1,0.2,0.1,0.4,0.1,0.1,0.1,0.5,0.0,65535.0,0.08166628519111925,0.0,65535.0,0.05145342183566033,0.0,0.0,0.0,0.0,0.0,0.0,0.0,0.0,0.0,0.0
4625.33,0.6744492548241316,0.0,15592.0,37.0,0.28829999999993267,32.125,32.625,36.89000000000004,0.0,0.0,0.0,0.0,0.0,20.0,0.3,0.1,0.2,0.1,0.4,0.1,0.1,0.1,0.5,0.0,65535.0,0.08239871824216068,0.0,65535.0,0.0511635004196231,0.0,0.0,0.0,0.0,0.0,0.0,0.0,0.0,0.0,0.0
4685.38,0.6707036912812205,0.0,15592.0,37.0,0.22889999999992983,32.1875,32.625,36.93000000000001,0.0,0.0,0.0,0.0,0.0,20.0,0.3,0.1,0.2,0.1,0.4,0.1,0.1,0.1,0.5,0.0,65535.0,0.0831158922713054,0.0,65535.0,0.05183489738307775,0.0,0.0,0.0,0.0,0.0,0.0,0.0,0.0,0.0,0.0
4745.43,0.6140940922011725,0.0,15592.0,37.0,0.2747999999999307,32.1875,32.625,36.89000000000004,0.0,0.0,0.0,0.0,0.0,20.0,0.3,0.1,0.2,0.1,0.4,0.1,0.1,0.1,0.5,0.0,65535.0,0.08308537422751201,0.0,65535.0,0.05200274662394141,0.0,0.0,0.0,0.0,0.0,0.0,0.0,0.0,0.0,0.0
4805.51,0.601306320864067,0.0,15592.0,37.0,0.29049999999993575,32.1875,32.6875,36.93000000000001,0.0,0.0,0.0,0.0,0.0,20.0,0.3,0.1,0.2,0.1,0.4,0.1,0.1,0.1,0.5,0.0,65535.0,0.0831616693369955,0.0,65535.0,0.05163653009842069,0.0,0.0,0.0,0.0,0.0,0.0,0.0,0.0,0.0,0.0
4865.58,0.5925629396257457,0.0,15592.0,37.0,0.19129999999992137,32.25,32.6875,37.05000000000001,0.0,0.0,0.0,0.0,0.0,20.0,0.3,0.1,0.2,0.1,0.4,0.1,0.1,0.1,0.5,0.0,65535.0,0.08413824673838408,0.0,65535.0,0.05227740901808194,0.0,0.0,0.0,0.0,0.0,0.0,0.0,0.0,0.0,0.0
4925.66,0.6017039845254071,0.0,15592.0,37.0,0.2241999999999315,32.25,32.6875,37.09000000000003,0.0,0.0,0.0,0.0,0.0,20.0,0.3,0.1,0.2,0.1,0.4,0.1,0.1,0.1,0.5,0.0,65535.0,0.08427557793545434,0.0,65535.0,0.05221637293049516,0.0,0.0,0.0,0.0,0.0,0.0,0.0,0.0,0.0,0.0
4985.74,0.6007544364550558,0.0,15592.0,37.0,0.18849999999992958,32.25,32.6875,37.01000000000005,0.0,0.0,0.0,0.0,0.0,20.0,0.3,0.1,0.2,0.1,0.4,0.1,0.1,0.1,0.5,0.0,65535.0,0.08479438467994202,0.0,65535.0,0.05210955977721828,0.0,0.0,0.0,0.0,0.0,0.0,0.0,0.0,0.0,0.0
5045.81,0.7102029248686393,0.0,15592.0,37.0,0.20579999999992463,32.1875,32.6875,36.93000000000001,0.0,0.0,0.0,0.0,0.0,20.0,0.3,0.1,0.2,0.1,0.4,0.1,0.1,0.1,0.5,0.0,65535.0,0.08513008316166934,0.0,65535.0,0.052140077821011675,0.0,0.0,0.0,0.0,0.0,0.0,0.0,0.0,0.0,0.0
5105.85,0.7029513668847538,0.0,15592.0,37.0,0.24729999999993035,32.1875,32.75,36.85000000000002,0.0,0.0,0.0,0.0,0.0,20.0,0.3,0.1,0.2,0.1,0.4,0.1,0.1,0.1,0.5,0.0,65535.0,0.0857404440375372,0.0,65535.0,0.05232318608377203,0.0,0.0,0.0,0.0,0.0,0.0,0.0,0.0,0.0,0.0
5165.88,0.7132217568939696,0.0,15592.0,37.0,0.2649999999999302,32.1875,32.6875,37.03000000000003,0.0,0.0,0.0,0.0,0.0,20.0,0.3,0.1,0.2,0.1,0.4,0.1,0.1,0.1,0.5,0.0,65535.0,0.08592355230029755,0.0,65535.0,0.05191119249256123,0.0,0.0,0.0,0.0,0.0,0.0,0.0,0.0,0.0,0.0
5225.96,0.6956841500324427,0.0,15592.0,37.0,0.28239999999993026,32.1875,32.6875,36.89000000000004,0.0,0.0,0.0,0.0,0.0,20.0,0.3,0.1,0.2,0.1,0.4,0.1,0.1,0.1,0.5,0.0,65535.0,0.086152437628748,0.0,65535.0,0.05224689097428855,0.0,0.0,0.0,0.0,0.0,0.0,0.0,0.0,0.0,0.0
5286.01,0.7052538029059512,0.0,15592.0,37.0,0.27569999999992467,32.1875,32.6875,37.01000000000005,0.0,0.0,0.0,0.0,0.0,20.0,0.3,0.1,0.2,0.1,0.4,0.1,0.1,0.1,0.5,0.0,65535.0,0.08662546730754558,0.0,65535.0,0.05229266803997864,0.0,0.0,0.0,0.0,0.0,0.0,0.0,0.0,0.0,0.0
5346.05,0.7035550536570259,0.0,15592.0,37.0,0.21029999999992133,32.1875,32.75,37.05000000000001,0.0,0.0,0.0,0.0,0.0,20.0,0.3,0.1,0.2,0.1,0.4,0.1,0.1,0.1,0.5,0.0,65535.0,0.08719005111772335,0.0,65535.0,0.05261310749980926,0.0,0.0,0.0,0.0,0.0,0.0,0.0,0.0,0.0,0.0
5406.12,0.7007374661822674,0.0,15592.0,37.0,0.22849999999991644,32.25,32.6875,36.93000000000001,0.0,0.0,0.0,0.0,0.0,20.0,0.3,0.1,0.2,0.1,0.4,0.1,0.1,0.1,0.5,0.0,65535.0,0.08752574959945067,0.0,65535.0,0.05262836652170596,0.0,0.0,0.0,0.0,0.0,0.0,0.0,0.0,0.0,0.0
5466.2,0.7039564496318402,0.0,15592.0,37.0,0.20639999999991976,32.1875,32.6875,36.97000000000003,0.0,0.0,0.0,0.0,0.0,20.0,0.3,0.1,0.2,0.1,0.4,0.1,0.1,0.1,0.5,0.0,65535.0,0.08845654993514916,0.0,65535.0,0.05271992065308614,0.0,0.0,0.0,0.0,0.0,0.0,0.0,0.0,0.0,0.0
5526.27,0.6901348600310614,0.0,15592.0,37.0,0.2242999999999143,32.125,32.6875,36.93000000000001,0.0,0.0,0.0,0.0,0.0,20.0,0.3,0.1,0.2,0.1,0.4,0.1,0.1,0.1,0.5,0.0,65535.0,0.0882887006942855,0.0,65535.0,0.05275043869687953,0.0,0.0,0.0,0.0,0.0,0.0,0.0,0.0,0.0,0.0
5586.35,0.6881429060287261,0.0,15592.0,37.0,0.2460999999999237,32.1875,32.6875,36.870000000000005,0.0,0.0,0.0,0.0,0.0,20.0,0.3,0.1,0.2,0.1,0.4,0.1,0.1,0.1,0.5,0.0,65535.0,0.08886854352635996,0.0,65535.0,0.053192950331883725,0.0,0.0,0.0,0.0,0.0,0.0,0.0,0.0,0.0,0.0
5646.38,0.6865826315570442,0.0,15592.0,37.0,0.2658999999999242,32.1875,32.6875,36.93000000000001,0.0,0.0,0.0,0.0,0.0,20.0,0.3,0.1,0.2,0.1,0.4,0.1,0.1,0.1,0.5,0.0,65535.0,0.08879224841687648,0.0,65535.0,0.053147173266193636,0.0,0.0,0.0,0.0,0.0,0.0,0.0,0.0,0.0,0.0
5706.46,0.6714163260629229,0.0,15592.0,37.0,0.25359999999992283,32.1875,32.75,36.93000000000001,0.0,0.0,0.0,0.0,0.0,20.0,0.3,0.1,0.2,0.1,0.4,0.1,0.1,0.1,0.5,0.0,65535.0,0.08981460288395514,0.0,65535.0,0.0532845044632639,0.0,0.0,0.0,0.0,0.0,0.0,0.0,0.0,0.0,0.0
5766.53,0.6548395630758577,0.0,15592.0,37.0,0.2903999999999186,32.1875,32.6875,37.05000000000001,0.0,0.0,0.0,0.0,0.0,20.0,0.3,0.1,0.2,0.1,0.4,0.1,0.1,0.1,0.5,0.0,65535.0,0.08944838635843443,0.0,65535.0,0.053360799572747385,0.0,0.0,0.0,0.0,0.0,0.0,0.0,0.0,0.0,0.0
5826.6,0.6476018545401822,0.0,15592.0,37.0,0.24689999999991638,32.1875,32.6875,36.89000000000004,0.0,0.0,0.0,0.0,0.0,20.0,0.3,0.1,0.2,0.1,0.4,0.1,0.1,0.1,0.5,0.0,65535.0,0.09024185549706264,0.0,65535.0,0.053315022507057296,0.0,0.0,0.0,0.0,0.0,0.0,0.0,0.0,0.0,0.0
5886.65,0.6357317794590776,0.0,15592.0,37.0,0.2023999999999091,32.25,32.6875,37.13000000000005,0.0,0.0,0.0,0.0,0.0,20.0,0.3,0.1,0.2,0.1,0.4,0.1,0.1,0.1,0.5,0.0,65535.0,0.09025711451895933,0.0,65535.0,0.05349813076981765,0.0,0.0,0.0,0.0,0.0,0.0,0.0,0.0,0.0,0.0
5946.7,0.6372375822908816,0.0,15592.0,37.0,0.16079999999991168,32.25,32.75,37.05000000000001,0.0,0.0,0.0,0.0,0.0,20.0,0.3,0.1,0.2,0.1,0.4,0.1,0.1,0.1,0.5,0.0,65535.0,0.09063859006637674,0.0,65535.0,0.05378805218585489,0.0,0.0,0.0,0.0,0.0,0.0,0.0,0.0,0.0,0.0
6006.74,0.6474683158130217,0.0,15592.0,37.0,0.2708999999999153,32.25,32.75,36.950000000000045,0.0,0.0,0.0,0.0,0.0,20.0,0.3,0.1,0.2,0.1,0.4,0.1,0.1,0.1,0.5,0.0,65535.0,0.09120317387655451,0.0,65535.0,0.05386434729533837,0.0,0.0,0.0,0.0,0.0,0.0,0.0,0.0,0.0,0.0
6066.78,0.6331867246759497,0.0,15592.0,37.0,0.2281999999999081,32.25,32.6875,36.79000000000002,0.0,0.0,0.0,0.0,0.0,20.0,0.3,0.1,0.2,0.1,0.4,0.1,0.1,0.1,0.5,0.0,65535.0,0.09114213778896772,0.0,65535.0,0.053894865339131764,0.0,0.0,0.0,0.0,0.0,0.0,0.0,0.0,0.0,0.0
6126.83,0.636905852815761,0.0,15592.0,37.0,0.24789999999991771,32.1875,32.6875,36.710000000000036,0.0,0.0,0.0,0.0,0.0,20.0,0.3,0.1,0.2,0.1,0.4,0.1,0.1,0.1,0.5,0.0,65535.0,0.0916609445334554,0.0,65535.0,0.05378805218585489,0.0,0.0,0.0,0.0,0.0,0.0,0.0,0.0,0.0,0.0
6186.89,0.6399356880840323,0.0,15592.0,37.0,0.22199999999991113,32.1875,32.6875,36.950000000000045,0.0,0.0,0.0,0.0,0.0,20.0,0.3,0.1,0.2,0.1,0.4,0.1,0.1,0.1,0.5,0.0,65535.0,0.09184405279621577,0.0,65535.0,0.054444190127412834,0.0,0.0,0.0,0.0,0.0,0.0,0.0,0.0,0.0,0.0
6246.97,0.6416170269371546,0.0,15592.0,37.0,0.1851999999999136,32.25,32.75,36.85000000000002,0.0,0.0,0.0,0.0,0.0,20.0,0.3,0.1,0.2,0.1,0.4,0.1,0.1,0.1,0.5,0.0,65535.0,0.09219501029983979,0.0,65535.0,0.054306858930342566,0.0,0.0,0.0,0.0,0.0,0.0,0.0,0.0,0.0,0.0
6307.05,0.6251058549332877,0.0,15592.0,37.0,0.2454999999999156,32.25,32.75,36.710000000000036,0.0,0.0,0.0,0.0,0.0,20.0,0.3,0.1,0.2,0.1,0.4,0.1,0.1,0.1,0.5,0.0,65535.0,0.09266803997863737,0.0,65535.0,0.05445944914930953,0.0,0.0,0.0,0.0,0.0,0.0,0.0,0.0,0.0,0.0
6367.12,0.6272103484248448,0.0,15592.0,37.0,0.2775999999999165,32.1875,32.75,36.870000000000005,0.0,0.0,0.0,0.0,0.0,20.0,0.3,0.1,0.2,0.1,0.4,0.1,0.1,0.1,0.5,0.0,65535.0,0.09240863660639353,0.0,65535.0,0.05448996719310292,0.0,0.0,0.0,0.0,0.0,0.0,0.0,0.0,0.0,0.0
6427.2,0.6569564248021379,0.0,15592.0,37.0,0.2587999999999052,32.25,32.6875,36.79000000000002,0.0,0.0,0.0,0.0,0.0,20.0,0.3,0.1,0.2,0.1,0.4,0.1,0.1,0.1,0.5,0.0,65535.0,0.09308003356984818,0.0,65535.0,0.054856183718623636,0.0,0.0,0.0,0.0,0.0,0.0,0.0,0.0,0.0,0.0
6487.27,0.6700373625277737,0.0,15592.0,37.0,0.22729999999990286,32.1875,32.6875,36.85000000000002,0.0,0.0,0.0,0.0,0.0,20.0,0.3,0.1,0.2,0.1,0.4,0.1,0.1,0.1,0.5,0.0,65535.0,0.09315632867933166,0.0,65535.0,0.05520714122224765,0.0,0.0,0.0,0.0,0.0,0.0,0.0,0.0,0.0,0.0
6547.35,0.6887083252962489,0.0,15592.0,37.0,0.2705999999999087,32.25,32.8125,36.93000000000001,0.0,0.0,0.0,0.0,0.0,20.0,0.3,0.1,0.2,0.1,0.4,0.1,0.1,0.1,0.5,0.0,65535.0,0.0934004730296788,0.0,65535.0,0.05514610513466087,0.0,0.0,0.0,0.0,0.0,0.0,0.0,0.0,0.0,0.0
6607.4,0.6862644322988618,0.0,15592.0,37.0,0.24679999999990188,32.125,32.75,36.77000000000004,0.0,0.0,0.0,0.0,0.0,20.0,0.3,0.1,0.2,0.1,0.4,0.1,0.1,0.1,0.5,0.0,65535.0,0.09359884031433585,0.0,65535.0,0.05532921339742122,0.0,0.0,0.0,0.0,0.0,0.0,0.0,0.0,0.0,0.0
6667.46,0.6682098036998643,0.0,15592.0,37.0,0.21209999999990414,32.1875,32.6875,36.93000000000001,0.0,0.0,0.0,0.0,0.0,20.0,0.3,0.1,0.2,0.1,0.4,0.1,0.1,0.1,0.5,0.0,65535.0,0.09405661097123674,0.0,65535.0,0.05539024948500801,0.0,0.0,0.0,0.0,0.0,0.0,0.0,0.0,0.0,0.0
6727.49,0.7212901957533641,0.0,15592.0,37.0,0.22229999999990396,32.25,32.75,37.09000000000003,0.0,0.0,0.0,0.0,0.0,20.0,0.3,0.1,0.2,0.1,0.4,0.1,0.1,0.1,0.5,0.0,65535.0,0.09407186999313344,0.0,65535.0,0.05604638742656596,0.0,0.0,0.0,0.0,0.0,0.0,0.0,0.0,0.0,0.0
6787.57,0.7226493574061248,0.0,15592.0,37.0,0.24789999999990908,32.1875,32.75,36.950000000000045,0.0,0.0,0.0,0.0,0.0,20.0,0.3,0.1,0.2,0.1,0.4,0.1,0.1,0.1,0.5,0.0,65535.0,0.09469748989089799,0.0,65535.0,0.05624475471122301,0.0,0.0,0.0,0.0,0.0,0.0,0.0,0.0,0.0,0.0
6847.62,0.7390233786428475,0.0,15592.0,37.0,0.19869999999990692,32.1875,32.75,36.81,0.0,0.0,0.0,0.0,0.0,20.0,0.3,0.1,0.2,0.1,0.4,0.1,0.1,0.1,0.5,0.0,65535.0,0.09474326695658808,0.0,65535.0,0.05590905622949569,0.0,0.0,0.0,0.0,0.0,0.0,0.0,0.0,0.0,0.0
6907.66,0.725517269662909,0.0,15592.0,37.0,0.2693999999999037,32.1875,32.8125,36.85000000000002,0.0,0.0,0.0,0.0,0.0,20.0,0.3,0.1,0.2,0.1,0.4,0.1,0.1,0.1,0.5,0.0,65535.0,0.09520103761348897,0.0,65535.0,0.05635156786449989,0.0,0.0,0.0,0.0,0.0,0.0,0.0,0.0,0.0,0.0
6967.71,0.675722430205926,0.0,15592.0,37.0,0.2443999999998972,32.25,32.75,36.950000000000045,0.0,0.0,0.0,0.0,0.0,20.0,0.3,0.1,0.2,0.1,0.4,0.1,0.1,0.1,0.5,0.0,65535.0,0.09492637521934844,0.0,65535.0,0.05624475471122301,0.0,0.0,0.0,0.0,0.0,0.0,0.0,0.0,0.0,0.0
7027.82,0.6757185134399866,0.0,15592.0,37.0,0.24679999999989585,32.1875,32.75,36.85000000000002,0.0,0.0,0.0,0.0,0.0,20.0,0.3,0.1,0.2,0.1,0.4,0.1,0.1,0.1,0.5,0.0,65535.0,0.09565880827038986,0.0,65535.0,0.05612268253604944,0.0,0.0,0.0,0.0,0.0,0.0,0.0,0.0,0.0,0.0
7087.89,0.6848425855542977,0.0,15592.0,37.0,0.19789999999989258,32.1875,32.75,36.97000000000003,0.0,0.0,0.0,0.0,0.0,20.0,0.3,0.1,0.2,0.1,0.4,0.1,0.1,0.1,0.5,0.0,65535.0,0.09556725413900968,0.0,65535.0,0.05642786297398337,0.0,0.0,0.0,0.0,0.0,0.0,0.0,0.0,0.0,0.0
7147.92,0.6819039963411596,0.0,15592.0,37.0,0.22199999999989736,32.1875,32.75,36.89000000000004,0.0,0.0,0.0,0.0,0.0,20.0,0.3,0.1,0.2,0.1,0.4,0.1,0.1,0.1,0.5,0.0,65535.0,0.0959487296864271,0.0,65535.0,0.05647364003967346,0.0,0.0,0.0,0.0,0.0,0.0,0.0,0.0,0.0,0.0
7207.96,0.6986404878808091,0.0,15592.0,37.0,0.26639999999989794,32.1875,32.8125,36.93000000000001,0.0,0.0,0.0,0.0,0.0,20.0,0.3,0.1,0.2,0.1,0.4,0.1,0.1,0.1,0.5,0.0,65535.0,0.09614709697108416,0.0,65535.0,0.0571450370031281,0.0,0.0,0.0,0.0,0.0,0.0,0.0,0.0,0.0,0.0
7268.01,0.6903307820879862,0.0,15592.0,37.0,0.22909999999989092,32.1875,32.75,37.110000000000014,0.0,0.0043,0.25,0.0,0.0,20.0,0.3,0.1,0.2,0.1,0.4,0.1,0.1,0.1,0.5,0.0,65535.0,0.09602502479591059,0.0,65535.0,0.05667200732433051,0.0,0.0,0.0,0.0,0.0,0.0,0.0,0.0,0.0,0.0
7328.07,0.6719469388327187,0.0,15592.0,37.0,0.275999999999896,32.25,32.75,36.870000000000005,0.0,0.0,0.0,0.0,0.0,20.0,0.3,0.1,0.2,0.1,0.4,0.1,0.1,0.1,0.5,0.0,65535.0,0.09518577859159227,0.0,65535.0,0.05659571221484703,0.0,0.0,0.0,0.0,0.0,0.0,0.0,0.0,0.0,0.0
7388.11,0.6790449865199523,0.0,15592.0,37.0,0.27489999999990045,32.1875,32.6875,36.950000000000045,0.0,0.0,0.0,0.0,0.0,20.0,0.3,0.1,0.2,0.1,0.4,0.1,0.1,0.1,0.5,0.0,65535.0,0.09497215228503852,0.0,65535.0,0.05626001373311971,0.0,0.0,0.0,0.0,0.0,0.0,0.0,0.0,0.0,0.0
7448.17,0.6828140081151814,0.0,15592.0,37.0,0.2501999999998936,32.25,32.75,36.79000000000002,0.0,0.0,0.0,0.0,0.0,20.0,0.3,0.1,0.2,0.1,0.4,0.1,0.1,0.1,0.5,0.0,65535.0,0.0954757000076295,0.0,65535.0,0.056656748302433814,0.0,0.0,0.0,0.0,0.0,0.0,0.0,0.0,0.0,0.0
7508.23,0.6503836464298007,0.0,15592.0,37.0,0.2345999999998919,32.25,32.8125,36.93000000000001,0.0,0.0,0.0,0.0,0.0,20.0,0.3,0.1,0.2,0.1,0.4,0.1,0.1,0.1,0.5,0.0,65535.0,0.09526207370107576,0.0,65535.0,0.05658045319295033,0.0,0.0,0.0,0.0,0.0,0.0,0.0,0.0,0.0,0.0
7568.31,0.6420766553706853,0.0,15592.0,37.0,0.2886999999998978,32.1875,32.75,36.85000000000002,0.0,0.0,0.0,0.0,0.0,20.0,0.3,0.1,0.2,0.1,0.4,0.1,0.1,0.1,0.5,0.0,65535.0,0.09555199511711299,0.0,65535.0,0.05703822384985122,0.0,0.0,0.0,0.0,0.0,0.0,0.0,0.0,0.0,0.0
7628.38,0.6277248409463626,0.0,15592.0,37.0,0.21599999999988945,32.3125,32.75,36.97000000000003,0.0,0.0,0.0,0.0,0.0,20.0,0.3,0.1,0.2,0.1,0.4,0.1,0.1,0.1,0.5,0.0,65535.0,0.09581139848935684,0.0,65535.0,0.0567177843900206,0.0,0.0,0.0,0.0,0.0,0.0,0.0,0.0,0.0,0.0
7688.44,0.6355176996634115,0.0,15592.0,37.0,0.22889999999988936,32.3125,32.75,37.03000000000003,0.0,0.0,0.0,0.0,0.0,20.0,0.3,0.1,0.2,0.1,0.4,0.1,0.1,0.1,0.5,0.0,65535.0,0.09570458533607996,0.0,65535.0,0.05708400091554131,0.0,0.0,0.0,0.0,0.0,0.0,0.0,0.0,0.0,0.0
7748.48,0.6607121525987661,0.0,15592.0,37.0,0.23999999999988922,32.25,32.8125,36.85000000000002,0.0,0.0,0.0,0.0,0.0,20.0,0.3,0.1,0.2,0.1,0.4,0.1,0.1,0.1,0.5,0.0,65535.0,0.09619287403677425,0.0,65535.0,0.05763332570382239,0.0,0.0,0.0,0.0,0.0,0.0,0.0,0.0,0.0,0.0
7808.53,0.6622563699334578,0.0,15592.0,37.0,0.26559999999989437,32.25,32.75,36.81,0.0,0.0,0.0,0.0,0.0,20.0,0.3,0.1,0.2,0.1,0.4,0.1,0.1,0.1,0.5,0.0,65535.0,0.09600976577401389,0.0,65535.0,0.057495994506752114,0.0,0.0,0.0,0.0,0.0,0.0,0.0,0.0,0.0,0.0
7868.57,0.6438446976375838,0.0,15592.0,37.0,0.26089999999988356,32.25,32.8125,36.85000000000002,0.0,0.0,0.0,0.0,0.0,20.0,0.3,0.1,0.2,0.1,0.4,0.1,0.1,0.1,0.5,0.0,65535.0,0.09633020523384452,0.0,65535.0,0.05772487983520257,0.0,0.0,0.0,0.0,0.0,0.0,0.0,0.0,0.0,0.0
7928.65,0.6409192575951634,0.0,15592.0,37.0,0.2485999999998822,32.25,32.75,37.03000000000003,0.0,0.0,0.0,0.0,0.0,20.0,0.3,0.1,0.2,0.1,0.4,0.1,0.1,0.1,0.5,0.0,65535.0,0.09622339208056764,0.0,65535.0,0.05790798809796292,0.0,0.0,0.0,0.0,0.0,0.0,0.0,0.0,0.0,0.0
7988.72,0.6029509331080019,0.0,15592.0,37.0,0.2037999999998894,32.25,32.75,37.03000000000003,0.0,0.0,0.0,0.0,0.0,20.0,0.3,0.1,0.2,0.1,0.4,0.1,0.1,0.1,0.5,0.0,65535.0,0.0968337529564355,0.0,65535.0,0.05812161440451667,0.0,0.0,0.0,0.0,0.0,0.0,0.0,0.0,0.0,0.0
8048.77,0.59371647632507,0.0,15592.0,37.0,0.2652999999998912,32.25,32.8125,36.81,0.0,0.0,0.0,0.0,0.0,20.0,0.3,0.1,0.2,0.1,0.4,0.1,0.1,0.1,0.5,0.0,65535.0,0.09669642175936523,0.0,65535.0,0.058106355382619976,0.0,0.0,0.0,0.0,0.0,0.0,0.0,0.0,0.0,0.0
8108.83,0.5927412588496797,0.0,15592.0,37.0,0.22319999999988424,32.25,32.75,37.03000000000003,0.0,0.0,0.0,0.0,0.0,20.0,0.3,0.1,0.2,0.1,0.4,0.1,0.1,0.1,0.5,0.0,65535.0,0.09686427100022889,0.0,65535.0,0.058197909514000154,0.0,0.0,0.0,0.0,0.0,0.0,0.0,0.0,0.0,0.0
8168.9,0.6271544787684784,0.0,15592.0,37.0,0.20519999999988298,32.1875,32.8125,36.950000000000045,0.0,0.0,0.0,0.0,0.0,20.0,0.3,0.1,0.2,0.1,0.4,0.1,0.1,0.1,0.5,0.0,65535.0,0.09695582513160907,0.0,65535.0,0.05879301136797131,0.0,0.0,0.0,0.0,0.0,0.0,0.0,0.0,0.0,0.0
8228.98,0.6111796909418564,0.0,15592.0,37.0,0.2592999999998889,32.1875,32.75,36.950000000000045,0.0,0.0,0.0,0.0,0.0,20.0,0.3,0.1,0.2,0.1,0.4,0.1,0.1,0.1,0.5,0.0,65535.0,0.09706263828488594,0.0,65535.0,0.058701457236591134,0.0,0.0,0.0,0.0,0.0,0.0,0.0,0.0,0.0,0.0
8289.06,0.621755693889247,0.0,15592.0,37.0,0.24399999999988772,32.1875,32.75,36.85000000000002,0.0,0.0,0.0,0.0,0.0,20.0,0.3,0.1,0.2,0.1,0.4,0.1,0.1,0.1,0.5,0.0,65535.0,0.09744411383230335,0.0,65535.0,0.05859464408331426,0.0,0.0,0.0,0.0,0.0,0.0,0.0,0.0,0.0,0.0
8349.12,0.5834615607932114,0.0,15592.0,37.0,0.23929999999987692,32.125,32.8125,36.950000000000045,0.0,0.0,0.0,0.0,0.0,20.0,0.3,0.1,0.2,0.1,0.4,0.1,0.1,0.1,0.5,0.0,65535.0,0.09800869764248112,0.0,65535.0,0.05912870984969863,0.0,0.0,0.0,0.0,0.0,0.0,0.0,0.0,0.0,0.0
8409.2,0.6270545350208427,0.0,15592.0,37.0,0.23959999999987577,32.1875,32.8125,36.77000000000004,0.0,0.0,0.0,0.0,0.0,20.0,0.3,0.1,0.2,0.1,0.4,0.1,0.1,0.1,0.5,0.0,65535.0,0.09739833676661326,0.0,65535.0,0.059327077134355685,0.0,0.0,0.0,0.0,0.0,0.0,0.0,0.0,0.0,0.0
8469.26,0.6188401153763738,0.0,15592.0,37.0,0.2548999999998752,32.1875,32.75,36.870000000000005,0.0,0.0,0.0,0.0,0.0,20.0,0.3,0.1,0.2,0.1,0.4,0.1,0.1,0.1,0.5,0.0,65535.0,0.09797817959868772,0.0,65535.0,0.05923552300297551,0.0,0.0,0.0,0.0,0.0,0.0,0.0,0.0,0.0,0.0
8529.3,0.6207306481738253,0.0,15592.0,37.0,0.2690999999998799,32.25,32.75,36.81,0.0,0.0,0.0,0.0,0.0,20.0,0.3,0.1,0.2,0.1,0.4,0.1,0.1,0.1,0.5,0.0,65535.0,0.09788662546730754,0.0,65535.0,0.05938811322194247,0.0,0.0,0.0,0.0,0.0,0.0,0.0,0.0,0.0,0.0
8589.36,0.6066977574693124,0.0,15592.0,37.0,0.22609999999987213,32.25,32.8125,36.79000000000002,0.0,0.0,0.0,0.0,0.0,20.0,0.3,0.1,0.2,0.1,0.4,0.1,0.1,0.1,0.5,0.0,65535.0,0.09823758297093156,0.0,65535.0,0.05938811322194247,0.0,0.0,0.0,0.0,0.0,0.0,0.0,0.0,0.0,0.0
8649.41,0.629114275411818,0.0,15592.0,37.0,0.2563999999998721,32.1875,32.8125,37.110000000000014,0.0,0.0,0.0,0.0,0.0,20.0,0.3,0.1,0.2,0.1,0.4,0.1,0.1,0.1,0.5,0.0,65535.0,0.09866483558403906,0.0,65535.0,0.05967803463797971,0.0,0.0,0.0,0.0,0.0,0.0,0.0,0.0,0.0,0.0
8709.45,0.6399098755925193,0.0,15592.0,37.0,0.22139999999987467,32.25,32.75,36.79000000000002,0.0,0.0,0.0,0.0,0.0,20.0,0.3,0.1,0.2,0.1,0.4,0.1,0.1,0.1,0.5,0.0,65535.0,0.09834439612420844,0.0,65535.0,0.05976958876935989,0.0,0.0,0.0,0.0,0.0,0.0,0.0,0.0,0.0,0.0
8769.52,0.6402089329755272,0.0,15592.0,37.0,0.219299999999874,32.1875,32.8125,36.870000000000005,0.0,0.0,0.0,0.0,0.0,20.0,0.3,0.1,0.2,0.1,0.4,0.1,0.1,0.1,0.5,0.0,65535.0,0.09845120927748531,0.0,65535.0,0.059861142900740065,0.0,0.0,0.0,0.0,0.0,0.0,0.0,0.0,0.0,0.0
8829.59,0.6496768797416127,0.0,15592.0,37.0,0.27519999999988,32.1875,32.875,36.85000000000002,0.0,0.0,0.0,0.0,0.0,20.0,0.3,0.1,0.2,0.1,0.4,0.1,0.1,0.1,0.5,0.0,65535.0,0.09858854047455558,0.0,65535.0,0.06004425116350042,0.0,0.0,0.0,0.0,0.0,0.0,0.0,0.0,0.0,0.0
8889.66,0.6521917980622617,0.0,15592.0,37.0,0.24429999999987798,32.1875,32.8125,36.77000000000004,0.0,0.0,0.0,0.0,0.0,20.0,0.3,0.1,0.2,0.1,0.4,0.1,0.1,0.1,0.5,0.0,65535.0,0.09866483558403906,0.0,65535.0,0.060318913557640956,0.0,0.0,0.0,0.0,0.0,0.0,0.0,0.0,0.0,0.0
8949.71,0.6530104871293081,0.0,15592.0,37.0,0.22339999999986687,32.1875,32.8125,36.77000000000004,0.0,0.0,0.0,0.0,0.0,20.0,0.3,0.1,0.2,0.1,0.4,0.1,0.1,0.1,0.5,0.0,65535.0,0.09901579308766308,0.0,65535.0,0.060074769207293814,0.0,0.0,0.0,0.0,0.0,0.0,0.0,0.0,0.0,0.0
9009.78,0.6580342058063926,0.0,15592.0,37.0,0.24019999999986663,32.1875,32.8125,36.73000000000002,0.0,0.0,0.0,0.0,0.0,20.0,0.3,0.1,0.2,0.1,0.4,0.1,0.1,0.1,0.5,0.0,65535.0,0.09927519645990691,0.0,65535.0,0.060578316929884794,0.0,0.0,0.0,0.0,0.0,0.0,0.0,0.0,0.0,0.0
9069.85,0.6490747814929146,0.0,15592.0,37.0,0.28139999999987175,32.1875,32.8125,36.81,0.0,0.0,0.0,0.0,0.0,20.0,0.3,0.1,0.2,0.1,0.4,0.1,0.1,0.1,0.5,0.0,65535.0,0.09919890135042343,0.0,65535.0,0.06060883497367819,0.0,0.0,0.0,0.0,0.0,0.0,0.0,0.0,0.0,0.0
9129.93,0.6626423404656436,0.0,15592.0,37.0,0.24079999999986434,32.1875,32.8125,37.01000000000005,0.0,0.0,0.0,0.0,0.0,20.0,0.3,0.1,0.2,0.1,0.4,0.1,0.1,0.1,0.5,0.0,65535.0,0.09927519645990691,0.0,65535.0,0.06062409399557488,0.0,0.0,0.0,0.0,0.0,0.0,0.0,0.0,0.0,0.0
9190.0,0.6549974156113672,0.0,15592.0,37.0,0.21369999999987221,32.1875,32.8125,36.79000000000002,0.0,0.0,0.0,0.0,0.0,20.0,0.3,0.1,0.2,0.1,0.4,0.1,0.1,0.1,0.5,0.0,65535.0,0.09991607537956818,0.0,65535.0,0.0609597924773022,0.0,0.0,0.0,0.0,0.0,0.0,0.0,0.0,0.0,0.0
9250.06,0.6559430953666009,0.0,15592.0,37.0,0.26049999999987317,32.1875,32.875,36.81,0.0,0.0,0.0,0.0,0.0,20.0,0.3,0.1,0.2,0.1,0.4,0.1,0.1,0.1,0.5,0.0,65535.0,0.10000762951094835,0.0,65535.0,0.06089875638971542,0.0,0.0,0.0,0.0,0.0,0.0,0.0,0.0,0.0,0.0
9310.09,0.6534728207800523,0.0,15592.0,37.0,0.23909999999986672,32.1875,32.8125,36.93000000000001,0.0,0.0,0.0,0.0,0.0,20.0,0.3,0.1,0.2,0.1,0.4,0.1,0.1,0.1,0.5,0.0,65535.0,0.09965667200732434,0.0,65535.0,0.061326009002822916,0.0,0.0,0.0,0.0,0.0,0.0,0.0,0.0,0.0,0.0
9370.16,0.6513273292247836,0.0,15592.0,37.0,0.243499999999861,32.1875,32.8125,37.03000000000003,0.0,0.0,0.0,0.0,0.0,20.0,0.3,0.1,0.2,0.1,0.4,0.1,0.1,0.1,0.5,0.0,65535.0,0.09977874418249791,0.0,65535.0,0.06128023193713283,0.0,0.0,0.0,0.0,0.0,0.0,0.0,0.0,0.0,0.0
9430.22,0.6519920519726426,0.0,15592.0,37.0,0.22169999999986403,32.1875,32.8125,36.950000000000045,0.0,0.0,0.0,0.0,0.0,20.0,0.3,0.1,0.2,0.1,0.4,0.1,0.1,0.1,0.5,0.0,65535.0,0.099824521248188,0.0,65535.0,0.06134126802471961,0.0,0.0,0.0,0.0,0.0,0.0,0.0,0.0,0.0,0.0
9490.31,0.6649574296527639,0.0,15592.0,37.0,0.2015999999998621,32.1875,32.8125,37.13000000000005,0.0,0.0,0.0,0.0,0.0,20.0,0.3,0.1,0.2,0.1,0.4,0.1,0.1,0.1,0.5,0.0,65535.0,0.10000762951094835,0.0,65535.0,0.06123445487144274,0.0,0.0,0.0,0.0,0.0,0.0,0.0,0.0,0.0,0.0
9550.39,0.6555467552833112,0.0,15592.0,37.0,0.24309999999986784,32.125,32.8125,36.79000000000002,0.0,0.0,0.0,0.0,0.0,20.0,0.3,0.1,0.2,0.1,0.4,0.1,0.1,0.1,0.5,0.0,65535.0,0.09999237048905166,0.0,65535.0,0.06160067139696346,0.0,0.0,0.0,0.0,0.0,0.0,0.0,0.0,0.0,0.0
9610.46,0.6614770004542261,0.0,15592.0,37.0,0.2819999999998634,32.125,32.875,36.610000000000014,0.0,0.0,0.0,0.0,0.0,20.0,0.3,0.1,0.2,0.1,0.4,0.1,0.1,0.1,0.5,0.0,65535.0,0.10026703288319219,0.0,65535.0,0.06196688792248417,0.0,0.0,0.0,0.0,0.0,0.0,0.0,0.0,0.0,0.0
9670.54,0.6562251408957853,0.0,15592.0,37.0,0.21549999999986535,32.1875,32.8125,36.870000000000005,0.0,0.0,0.0,0.0,0.0,20.0,0.3,0.1,0.2,0.1,0.4,0.1,0.1,0.1,0.5,0.0,65535.0,0.10058747234302282,0.0,65535.0,0.06201266498817426,0.0,0.0,0.0,0.0,0.0,0.0,0.0,0.0,0.0,0.0
9730.58,0.6380123636158205,0.0,15592.0,37.0,0.22229999999986003,32.1875,32.75,36.93000000000001,0.0,0.0,0.0,0.0,0.0,20.0,0.3,0.1,0.2,0.1,0.4,0.1,0.1,0.1,0.5,0.0,65535.0,0.10041962310215916,0.0,65535.0,0.06214999618524453,0.0,0.0,0.0,0.0,0.0,0.0,0.0,0.0,0.0,0.0
9790.63,0.6526597919130939,0.0,15592.0,37.0,0.277299999999866,32.1875,32.75,36.93000000000001,0.0,0.0,0.0,0.0,0.0,20.0,0.3,0.1,0.2,0.1,0.4,0.1,0.1,0.1,0.5,0.0,65535.0,0.10052643625543603,0.0,65535.0,0.06204318303196765,0.0,0.0,0.0,0.0,0.0,0.0,0.0,0.0,0.0,0.0
9850.7,0.6667162577264508,0.0,15592.0,37.0,0.206999999999858,32.1875,32.8125,36.79000000000002,0.0,0.0,0.0,0.0,0.0,20.0,0.3,0.1,0.2,0.1,0.4,0.1,0.1,0.1,0.5,0.0,65535.0,0.10055695429922942,0.0,65535.0,0.06199740596627756,0.0,0.0,0.0,0.0,0.0,0.0,0.0,0.0,0.0,0.0
9910.78,0.6549009919141273,0.0,15592.0,37.0,0.24199999999985372,32.125,32.8125,36.93000000000001,0.0,0.0,0.0,0.0,0.0,20.0,0.3,0.1,0.2,0.1,0.4,0.1,0.1,0.1,0.5,0.0,65535.0,0.10060273136491951,0.0,65535.0,0.062363622491798276,0.0,0.0,0.0,0.0,0.0,0.0,0.0,0.0,0.0,0.0
9970.86,0.6359048204033966,0.0,15592.0,37.0,0.2566999999998528,32.1875,32.8125,36.93000000000001,0.0,0.0,0.0,0.0,0.0,20.0,0.3,0.1,0.2,0.1,0.4,0.1,0.1,0.1,0.5,0.0,65535.0,0.10078583962767987,0.0,65535.0,0.06239414053559167,0.0,0.0,0.0,0.0,0.0,0.0,0.0,0.0,0.0,0.0
10030.94,0.5705118672778215,0.0,15592.0,37.0,0.19869999999985954,32.1875,32.75,36.97000000000003,0.0,0.0,0.0,0.0,0.0,20.0,0.3,0.1,0.2,0.1,0.4,0.1,0.1,0.1,0.5,0.0,65535.0,0.10115205615320058,0.0,65535.0,0.062455176623178454,0.0,0.0,0.0,0.0,0.0,0.0,0.0,0.0,0.0,0.0
10091.0,0.577248652060035,0.0,15592.0,37.0,0.23989999999985048,32.125,32.8125,36.93000000000001,0.0,0.0,0.0,0.0,0.0,20.0,0.3,0.1,0.2,0.1,0.4,0.1,0.1,0.1,0.5,0.0,65535.0,0.10113679713130388,0.0,65535.0,0.06274509803921569,0.0,0.0,0.0,0.0,0.0,0.0,0.0,0.0,0.0,0.0
10151.08,0.5794512989667515,0.0,15592.0,37.0,0.24339999999985978,32.125,32.75,37.09000000000003,0.0,0.0,0.0,0.0,0.0,20.0,0.3,0.1,0.2,0.1,0.4,0.1,0.1,0.1,0.5,0.0,65535.0,0.10133516441596094,0.0,65535.0,0.06301976043335622,0.0,0.0,0.0,0.0,0.0,0.0,0.0,0.0,0.0,0.0
10211.12,0.5916008096238901,0.0,15592.0,37.0,0.24519999999985898,32.25,32.8125,36.85000000000002,0.0,0.0,0.0,0.0,0.0,20.0,0.3,0.1,0.2,0.1,0.4,0.1,0.1,0.1,0.5,0.0,65535.0,0.10119783321889067,0.0,65535.0,0.06289768825818265,0.0,0.0,0.0,0.0,0.0,0.0,0.0,0.0,0.0,0.0
10271.16,0.5915703563053849,0.0,15592.0,37.0,0.22429999999984787,32.125,32.75,36.870000000000005,0.0,0.0,0.0,0.0,0.0,20.0,0.3,0.1,0.2,0.1,0.4,0.1,0.1,0.1,0.5,0.0,65535.0,0.10131990539406424,0.0,65535.0,0.06324864576180667,0.0,0.0,0.0,0.0,0.0,0.0,0.0,0.0,0.0,0.0
10331.21,0.6095149853607609,0.0,15592.0,37.0,0.24579999999985758,32.1875,32.8125,36.870000000000005,0.0,0.0,0.0,0.0,0.0,20.0,0.3,0.1,0.2,0.1,0.4,0.1,0.1,0.1,0.5,0.0,65535.0,0.10157930876630808,0.0,65535.0,0.06300450141145952,0.0,0.0,0.0,0.0,0.0,0.0,0.0,0.0,0.0,0.0
10391.28,0.606770912445813,0.0,15592.0,37.0,0.22429999999984615,32.1875,32.75,36.97000000000003,0.0,0.0,0.0,0.0,0.0,20.0,0.3,0.1,0.2,0.1,0.4,0.1,0.1,0.1,0.5,0.0,65535.0,0.10145723659113451,0.0,65535.0,0.06318760967421988,0.0,0.0,0.0,0.0,0.0,0.0,0.0,0.0,0.0,0.0
10451.34,0.6054083638494824,0.0,15592.0,37.0,0.2869999999998477,32.1875,32.75,37.09000000000003,0.0,0.0,0.0,0.0,0.0,20.0,0.3,0.1,0.2,0.1,0.4,0.1,0.1,0.1,0.5,0.0,65535.0,0.10203707942320897,0.0,65535.0,0.06346227206836041,0.0,0.0,0.0,0.0,0.0,0.0,0.0,0.0,0.0,0.0
10511.41,0.5948749884800029,0.0,15592.0,37.0,0.24729999999985536,32.1875,32.8125,36.79000000000002,0.0,0.0,0.0,0.0,0.0,20.0,0.3,0.1,0.2,0.1,0.4,0.1,0.1,0.1,0.5,0.0,65535.0,0.10194552529182879,0.0,65535.0,0.06363012130922407,0.0,0.0,0.0,0.0,0.0,0.0,0.0,0.0,0.0,0.0
10571.46,0.5985260185741601,0.0,15592.0,37.0,0.21929999999984898,32.1875,32.75,37.03000000000003,0.0,0.0,0.0,0.0,0.0,20.0,0.3,0.1,0.2,0.1,0.4,0.1,0.1,0.1,0.5,0.0,65535.0,0.10206759746700236,0.0,65535.0,0.06344701304646372,0.0,0.0,0.0,0.0,0.0,0.0,0.0,0.0,0.0,0.0
10631.51,0.5228980614394123,0.0,15592.0,37.0,0.303499999999846,32.25,32.8125,36.710000000000036,0.0,0.0,0.0,0.0,0.0,20.0,0.3,0.1,0.2,0.1,0.4,0.1,0.1,0.1,0.5,0.0,65535.0,0.10205233844510567,0.0,65535.0,0.06356908522163729,0.0,0.0,0.0,0.0,0.0,0.0,0.0,0.0,0.0,0.0
10691.55,0.521732405892213,0.0,15592.0,37.0,0.2664999999998538,32.1875,32.8125,36.870000000000005,0.0,0.0,0.0,0.0,0.0,20.0,0.3,0.1,0.2,0.1,0.4,0.1,0.1,0.1,0.5,0.0,65535.0,0.10202182040131227,0.0,65535.0,0.06344701304646372,0.0,0.0,0.0,0.0,0.0,0.0,0.0,0.0,0.0,0.0
10751.62,0.5016464308588068,0.0,15592.0,37.0,0.24149999999984725,32.1875,32.8125,36.97000000000003,0.0,0.0,0.0,0.0,0.0,20.0,0.3,0.1,0.2,0.1,0.4,0.1,0.1,0.1,0.5,0.0,65535.0,0.10202182040131227,0.0,65535.0,0.06378271152819104,0.0,0.0,0.0,0.0,0.0,0.0,0.0,0.0,0.0,0.0
10811.7,0.5068676217538197,0.0,15592.0,37.0,0.23789999999984626,32.1875,32.8125,36.97000000000003,0.0,0.0,0.0,0.0,0.0,20.0,0.3,0.1,0.2,0.1,0.4,0.1,0.1,0.1,0.5,0.0,65535.0,0.10214389257648585,0.0,65535.0,0.06378271152819104,0.0,0.0,0.0,0.0,0.0,0.0,0.0,0.0,0.0,0.0
10871.77,0.4414042759966576,0.0,15592.0,37.0,0.2590999999998412,32.1875,32.75,36.89000000000004,0.0,0.0,0.0,0.0,0.0,20.0,0.3,0.1,0.2,0.1,0.4,0.1,0.1,0.1,0.5,0.0,65535.0,0.1023270008392462,0.0,65535.0,0.06399633783474479,0.0,0.0,0.0,0.0,0.0,0.0,0.0,0.0,0.0,0.0
10931.85,0.4320439612408683,0.0,15592.0,37.0,0.24849999999984995,32.1875,32.75,36.93000000000001,0.0,0.0,0.0,0.0,0.0,20.0,0.3,0.1,0.2,0.1,0.4,0.1,0.1,0.1,0.5,0.0,65535.0,0.10255588616769665,0.0,65535.0,0.0639200427252613,0.0,0.0,0.0,0.0,0.0,0.0,0.0,0.0,0.0,0.0
10991.9,0.4688928260612437,0.0,15592.0,37.0,0.2661999999998498,32.1875,32.8125,36.870000000000005,0.0,0.0,0.0,0.0,0.0,20.0,0.3,0.1,0.2,0.1,0.4,0.1,0.1,0.1,0.5,0.0,65535.0,0.10238803692683299,0.0,65535.0,0.0643778133821622,0.0,0.0,0.0,0.0,0.0,0.0,0.0,0.0,0.0,0.0
11051.98,0.46337252675225005,0.0,15592.0,37.0,0.22379999999984226,32.25,32.8125,37.03000000000003,0.0,0.0,0.0,0.0,0.0,20.0,0.3,0.1,0.2,0.1,0.4,0.1,0.1,0.1,0.5,0.0,65535.0,0.10267795834287022,0.0,65535.0,0.06442359044785229,0.0,0.0,0.0,0.0,0.0,0.0,0.0,0.0,0.0,0.0
11112.02,0.5872718894388872,0.0,15592.0,37.0,0.205799999999841,32.25,32.75,37.09000000000003,0.0,0.0,0.0,0.0,0.0,20.0,0.3,0.1,0.2,0.1,0.4,0.1,0.1,0.1,0.5,0.0,65535.0,0.10260166323338674,0.0,65535.0,0.06460669871061266,0.0,0.0,0.0,0.0,0.0,0.0,0.0,0.0,0.0,0.0
11172.07,0.5939684835672729,0.0,15592.0,37.0,0.19899999999984463,32.25,32.75,37.110000000000014,0.0,0.0,0.0,0.0,0.0,20.0,0.3,0.1,0.2,0.1,0.4,0.1,0.1,0.1,0.5,0.0,65535.0,0.10295262073701075,0.0,65535.0,0.06433203631647211,0.0,0.0,0.0,0.0,0.0,0.0,0.0,0.0,0.0,0.0
11232.13,0.5845493720246031,0.0,15592.0,37.0,0.25929999999984665,32.1875,32.8125,36.870000000000005,0.0,0.0,0.0,0.0,0.0,20.0,0.3,0.1,0.2,0.1,0.4,0.1,0.1,0.1,0.5,0.0,65535.0,0.10301365682459754,0.0,65535.0,0.06445410849164569,0.0,0.0,0.0,0.0,0.0,0.0,0.0,0.0,0.0,0.0
11292.21,0.5892133508407242,0.0,15592.0,37.0,0.2356999999998354,32.1875,32.8125,36.950000000000045,0.0,0.0,0.0,0.0,0.0,20.0,0.3,0.1,0.2,0.1,0.4,0.1,0.1,0.1,0.5,0.0,65535.0,0.10351720454718853,0.0,65535.0,0.06489662012664989,0.0,0.0,0.0,0.0,0.0,0.0,0.0,0.0,0.0,0.0
11352.29,0.5565323861173102,0.0,15592.0,37.0,0.27809999999984114,32.1875,32.75,36.79000000000002,0.0,0.0,0.0,0.0,0.0,20.0,0.3,0.1,0.2,0.1,0.4,0.1,0.1,0.1,0.5,0.0,65535.0,0.10336461432822155,0.0,65535.0,0.06460669871061266,0.0,0.0,0.0,0.0,0.0,0.0,0.0,0.0,0.0,0.0
11412.36,0.5065768906640912,0.0,15592.0,37.0,0.19979999999983705,32.125,32.8125,37.09000000000003,0.0,0.0,0.0,0.0,0.0,20.0,0.3,0.1,0.2,0.1,0.4,0.1,0.1,0.1,0.5,0.0,65535.0,0.10341039139391164,0.0,65535.0,0.06517128252079042,0.0,0.0,0.0,0.0,0.0,0.0,0.0,0.0,0.0,0.0
11472.43,0.5173806350489811,0.0,15592.0,37.0,0.2771999999998394,32.125,32.8125,36.79000000000002,0.0,0.0,0.0,0.0,0.0,20.0,0.3,0.1,0.2,0.1,0.4,0.1,0.1,0.1,0.5,0.0,65535.0,0.10342565041580834,0.0,65535.0,0.06497291523613337,0.0,0.0,0.0,0.0,0.0,0.0,0.0,0.0,0.0,0.0
11532.51,0.6649725469474655,0.0,15592.0,37.0,0.237499999999832,32.125,32.75,36.950000000000045,0.0,0.0,0.0,0.0,0.0,20.0,0.3,0.1,0.2,0.1,0.4,0.1,0.1,0.1,0.5,0.0,65535.0,0.10359349965667201,0.0,65535.0,0.06480506599526971,0.0,0.0,0.0,0.0,0.0,0.0,0.0,0.0,0.0,0.0
11592.58,0.6609923460347991,0.0,15592.0,37.0,0.2760999999998421,32.125,32.75,36.81,0.0,0.0,0.0,0.0,0.0,20.0,0.3,0.1,0.2,0.1,0.4,0.1,0.1,0.1,0.5,0.0,65535.0,0.1036392767223621,0.0,65535.0,0.06501869230182346,0.0,0.0,0.0,0.0,0.0,0.0,0.0,0.0,0.0,0.0
11652.65,0.6693380356575493,0.0,15592.0,37.0,0.22819999999982968,32.1875,32.75,37.01000000000005,0.0,0.0,0.0,0.0,0.0,20.0,0.3,0.1,0.2,0.1,0.4,0.1,0.1,0.1,0.5,0.0,65535.0,0.10353246356908523,0.0,65535.0,0.06515602349889373,0.0,0.0,0.0,0.0,0.0,0.0,0.0,0.0,0.0,0.0
11712.71,0.6684346894830326,0.0,15592.0,37.0,0.2793999999998408,32.125,32.75,36.81,0.0,0.0,0.0,0.0,0.0,20.0,0.3,0.1,0.2,0.1,0.4,0.1,0.1,0.1,0.5,0.0,65535.0,0.10356298161287862,0.0,65535.0,0.06536964980544747,0.0,0.0,0.0,0.0,0.0,0.0,0.0,0.0,0.0,0.0
11772.79,0.6743764865827423,0.0,15592.0,37.0,0.2520999999998389,32.1875,32.6875,36.93000000000001,0.0,0.0,0.0,0.0,0.0,20.0,0.3,0.1,0.2,0.1,0.4,0.1,0.1,0.1,0.5,0.0,65535.0,0.10386816205081255,0.0,65535.0,0.0652475776302739,0.0,0.0,0.0,0.0,0.0,0.0,0.0,0.0,0.0,0.0
11832.82,0.6828281505553542,0.0,15592.0,37.0,0.20939999999983167,32.1875,32.75,37.09000000000003,0.0,0.0,0.0,0.0,0.0,20.0,0.3,0.1,0.2,0.1,0.4,0.1,0.1,0.1,0.5,0.0,65535.0,0.104097047379263,0.0,65535.0,0.06549172198062105,0.0,0.0,0.0,0.0,0.0,0.0,0.0,0.0,0.0,0.0
11892.86,0.6801033205838292,0.0,15592.0,37.0,0.20519999999983035,32.25,32.8125,37.09000000000003,0.0,0.0,0.0,0.0,0.0,20.0,0.3,0.1,0.2,0.1,0.4,0.1,0.1,0.1,0.5,0.0,65535.0,0.10402075226977951,0.0,65535.0,0.0656748302433814,0.0,0.0,0.0,0.0,0.0,0.0,0.0,0.0,0.0,0.0
11952.92,0.6723882400899284,0.0,15592.0,37.0,0.24459999999983628,32.1875,32.8125,36.93000000000001,0.0,0.0,0.0,0.0,0.0,20.0,0.3,0.1,0.2,0.1,0.4,0.1,0.1,0.1,0.5,0.0,65535.0,0.10455481803616389,0.0,65535.0,0.06559853513389792,0.0,0.0,0.0,0.0,0.0,0.0,0.0,0.0,0.0,0.0
12012.97,0.6717858990895796,0.0,15592.0,37.0,0.24549999999983546,32.25,32.75,36.93000000000001,0.0,0.0,0.0,0.0,0.0,20.0,0.3,0.1,0.2,0.1,0.4,0.1,0.1,0.1,0.5,0.0,65535.0,0.10443274586099031,0.0,65535.0,0.0656900892652781,0.0,0.0,0.0,0.0,0.0,0.0,0.0,0.0,0.0,0.0
12073.01,0.6603725783622194,0.0,15592.0,37.0,0.25699999999982504,32.1875,32.8125,36.89000000000004,0.0,0.0,0.0,0.0,0.0,20.0,0.3,0.1,0.2,0.1,0.4,0.1,0.1,0.1,0.5,0.0,65535.0,0.10420386053253987,0.0,65535.0,0.06590371557183185,0.0,0.0,0.0,0.0,0.0,0.0,0.0,0.0,0.0,0.0
12133.08,0.618348566194885,0.0,15592.0,37.0,0.24259999999982304,32.1875,32.8125,36.950000000000045,0.0,0.0,0.0,0.0,0.0,20.0,0.3,0.1,0.2,0.1,0.4,0.1,0.1,0.1,0.5,0.0,65535.0,0.10429541466392005,0.0,65535.0,0.06564431219958801,0.0,0.0,0.0,0.0,0.0,0.0,0.0,0.0,0.0,0.0
12193.16,0.6206326339115207,0.0,15592.0,37.0,0.24489999999983172,32.25,32.8125,36.93000000000001,0.0,0.0,0.0,0.0,0.0,20.0,0.3,0.1,0.2,0.1,0.4,0.1,0.1,0.1,0.5,0.0,65535.0,0.10434119172961014,0.0,65535.0,0.0656595712214847,0.0,0.0,0.0,0.0,0.0,0.0,0.0,0.0,0.0,0.0
12253.2,0.6302957767217544,0.0,15592.0,37.0,0.32999999999982965,32.1875,32.8125,36.610000000000014,0.0,0.0,0.0,0.0,0.0,20.0,0.3,0.1,0.2,0.1,0.4,0.1,0.1,0.1,0.5,0.0,65535.0,0.10458533607995728,0.0,65535.0,0.06614785992217899,0.0,0.0,0.0,0.0,0.0,0.0,0.0,0.0,0.0,0.0
12313.25,0.6343354443995154,0.0,15592.0,37.0,0.2372999999998253,32.25,32.75,36.97000000000003,0.0,0.0,0.0,0.0,0.0,20.0,0.3,0.1,0.2,0.1,0.4,0.1,0.1,0.1,0.5,0.0,65535.0,0.10463111314564737,0.0,65535.0,0.0661173418783856,0.0,0.0,0.0,0.0,0.0,0.0,0.0,0.0,0.0,0.0
12373.29,0.6709849287692067,0.0,15592.0,37.0,0.28379999999982647,32.1875,32.8125,36.79000000000002,0.0,0.0,0.0,0.0,0.0,20.0,0.3,0.1,0.2,0.1,0.4,0.1,0.1,0.1,0.5,0.0,65535.0,0.10473792629892424,0.0,65535.0,0.06645304036011292,0.0,0.0,0.0,0.0,0.0,0.0,0.0,0.0,0.0,0.0
12433.35,0.7435704629026808,0.0,15592.0,37.0,0.2738999999998255,32.1875,32.8125,36.85000000000002,0.0,0.0,0.0,0.0,0.0,20.0,0.3,0.1,0.2,0.1,0.4,0.1,0.1,0.1,0.5,0.0,65535.0,0.10496681162737469,0.0,65535.0,0.06636148622873274,0.0,0.0,0.0,0.0,0.0,0.0,0.0,0.0,0.0,0.0
12493.42,0.736638068652361,0.0,15592.0,37.0,0.2399999999998237,32.1875,32.75,36.97000000000003,0.0,0.0,0.0,0.0,0.0,20.0,0.3,0.1,0.2,0.1,0.4,0.1,0.1,0.1,0.5,0.0,65535.0,0.1048905165178912,0.0,65535.0,0.06616311894407569,0.0,0.0,0.0,0.0,0.0,0.0,0.0,0.0,0.0,0.0
12553.5,0.650890397343777,0.0,15592.0,37.0,0.22669999999981733,32.25,32.8125,37.01000000000005,0.0,0.0,0.0,0.0,0.0,20.0,0.3,0.1,0.2,0.1,0.4,0.1,0.1,0.1,0.5,0.0,65535.0,0.10495155260547799,0.0,65535.0,0.06637674525062943,0.0,0.0,0.0,0.0,0.0,0.0,0.0,0.0,0.0,0.0
12613.58,0.6066800447069199,0.0,15592.0,37.0,0.28049999999982356,32.25,32.8125,36.79000000000002,0.0,0.0,0.0,0.0,0.0,20.0,0.3,0.1,0.2,0.1,0.4,0.1,0.1,0.1,0.5,0.0,65535.0,0.1049362935835813,0.0,65535.0,0.06646829938200961,0.0,0.0,0.0,0.0,0.0,0.0,0.0,0.0,0.0,0.0
12673.66,0.6090333969844759,0.0,15592.0,37.0,0.23869999999981634,32.1875,32.8125,36.950000000000045,0.0,0.0,0.0,0.0,0.0,20.0,0.3,0.1,0.2,0.1,0.4,0.1,0.1,0.1,0.5,0.0,65535.0,0.10518043793392844,0.0,65535.0,0.06663614862287327,0.0,0.0,0.0,0.0,0.0,0.0,0.0,0.0,0.0,0.0
12733.73,0.615842924688309,0.0,15592.0,37.0,0.23869999999981548,32.1875,32.8125,36.950000000000045,0.0,0.0,0.0,0.0,0.0,20.0,0.3,0.1,0.2,0.1,0.4,0.1,0.1,0.1,0.5,0.0,65535.0,0.10569924467841611,0.0,65535.0,0.06723125047684443,0.0,0.0,0.0,0.0,0.0,0.0,0.0,0.0,0.0,0.0
12793.8,0.6374967530367796,0.0,15592.0,37.0,0.2675999999998202,32.1875,32.8125,36.85000000000002,0.0,0.0,0.0,0.0,0.0,20.0,0.3,0.1,0.2,0.1,0.4,0.1,0.1,0.1,0.5,0.0,65535.0,0.10562294956893263,0.0,65535.0,0.06684977492942702,0.0,0.0,0.0,0.0,0.0,0.0,0.0,0.0,0.0,0.0
12853.85,0.626271119064433,0.0,15592.0,37.0,0.2136999999998223,32.1875,32.8125,37.05000000000001,0.0,0.0,0.0,0.0,0.0,20.0,0.3,0.1,0.2,0.1,0.4,0.1,0.1,0.1,0.5,0.0,65535.0,0.10510414282444495,0.0,65535.0,0.06660563057907988,0.0,0.0,0.0,0.0,0.0,0.0,0.0,0.0,0.0,0.0
12913.89,0.6198506233621065,0.0,15592.0,37.0,0.28109999999981955,32.25,32.8125,36.79000000000002,0.0,0.0,0.0,0.0,0.0,20.0,0.3,0.1,0.2,0.1,0.4,0.1,0.1,0.1,0.5,0.0,65535.0,0.10548561837186236,0.0,65535.0,0.06678873884184024,0.0,0.0,0.0,0.0,0.0,0.0,0.0,0.0,0.0,0.0
12973.97,0.5896978718412366,0.0,15592.0,37.0,0.2045999999998155,32.25,32.8125,37.09000000000003,0.0,0.0,0.0,0.0,0.0,20.0,0.3,0.1,0.2,0.1,0.4,0.1,0.1,0.1,0.5,0.0,65535.0,0.10545510032806897,0.0,65535.0,0.06703288319218738,0.0,0.0,0.0,0.0,0.0,0.0,0.0,0.0,0.0,0.0
13034.05,0.5566861887405609,0.0,15592.0,37.0,0.2451999999998212,32.1875,32.8125,36.93000000000001,0.0,0.0,0.0,0.0,0.0,20.0,0.3,0.1,0.2,0.1,0.4,0.1,0.1,0.1,0.5,0.0,65535.0,0.10591287098496986,0.0,65535.0,0.0673380636301213,0.0,0.0,0.0,0.0,0.0,0.0,0.0,0.0,0.0,0.0
13094.12,0.5533541341230617,0.0,15592.0,37.0,0.2648999999998166,32.125,32.8125,36.85000000000002,0.0,0.0,0.0,0.0,0.0,20.0,0.3,0.1,0.2,0.1,0.4,0.1,0.1,0.1,0.5,0.0,65535.0,0.10591287098496986,0.0,65535.0,0.06691081101701381,0.0,0.0,0.0,0.0,0.0,0.0,0.0,0.0,0.0,0.0
13154.17,0.5635959462995377,0.0,15592.0,37.0,0.25519999999981036,32.1875,32.8125,36.89000000000004,0.0,0.0,0.0,0.0,0.0,20.0,0.3,0.1,0.2,0.1,0.4,0.1,0.1,0.1,0.5,0.0,65535.0,0.10623331044480049,0.0,65535.0,0.06742961776150148,0.0,0.0,0.0,0.0,0.0,0.0,0.0,0.0,0.0,0.0
13214.21,0.5615466413137565,0.0,15592.0,37.0,0.24489999999981887,32.1875,32.875,36.93000000000001,0.0,0.0,0.0,0.0,0.0,20.0,0.3,0.1,0.2,0.1,0.4,0.1,0.1,0.1,0.5,0.0,65535.0,0.10611123826962691,0.0,65535.0,0.06741435873960479,0.0,0.0,0.0,0.0,0.0,0.0,0.0,0.0,0.0,0.0
13274.26,0.6852901412616275,0.0,15592.0,37.0,0.2592999999998191,32.1875,32.8125,36.870000000000005,0.0,0.0,0.0,0.0,0.0,20.0,0.3,0.1,0.2,0.1,0.4,0.1,0.1,0.1,0.5,0.0,65535.0,0.10621805142290379,0.0,65535.0,0.06784161135271229,0.0,0.0,0.0,0.0,0.0,0.0,0.0,0.0,0.0,0.0
13334.3,0.6793013319039061,0.0,15592.0,37.0,0.23339999999981254,32.1875,32.8125,36.97000000000003,0.0,0.0,0.0,0.0,0.0,20.0,0.3,0.1,0.2,0.1,0.4,0.1,0.1,0.1,0.5,0.0,65535.0,0.1065690089265278,0.0,65535.0,0.06790264744029907,0.0,0.0,0.0,0.0,0.0,0.0,0.0,0.0,0.0,0.0
13394.36,0.6841582656381539,0.0,15592.0,37.0,0.24399999999981709,32.1875,32.8125,36.93000000000001,0.0,0.0,0.0,0.0,0.0,20.0,0.3,0.1,0.2,0.1,0.4,0.1,0.1,0.1,0.5,0.0,65535.0,0.1061875333791104,0.0,65535.0,0.06749065384908827,0.0,0.0,0.0,0.0,0.0,0.0,0.0,0.0,0.0,0.0
13454.44,0.6893789957514618,0.0,15592.0,37.0,0.25429999999980685,32.1875,32.75,36.89000000000004,0.0,0.0,0.0,0.0,0.0,20.0,0.3,0.1,0.2,0.1,0.4,0.1,0.1,0.1,0.5,0.0,65535.0,0.10634012359807736,0.0,65535.0,0.06775005722133211,0.0,0.0,0.0,0.0,0.0,0.0,0.0,0.0,0.0,0.0
13514.49,0.6817472198337786,0.0,15592.0,37.0,0.2595999999998162,32.1875,32.8125,36.870000000000005,0.0,0.0,0.0,0.0,0.0,20.0,0.3,0.1,0.2,0.1,0.4,0.1,0.1,0.1,0.5,0.0,65535.0,0.10635538261997406,0.0,65535.0,0.06767376211184863,0.0,0.0,0.0,0.0,0.0,0.0,0.0,0.0,0.0,0.0
13574.54,0.6838376431265594,0.0,15592.0,37.0,0.2766999999998166,32.25,32.8125,36.81,0.0,0.0,0.0,0.0,0.0,20.0,0.3,0.1,0.2,0.1,0.4,0.1,0.1,0.1,0.5,0.0,65535.0,0.10627908751049057,0.0,65535.0,0.06802471961547264,0.0,0.0,0.0,0.0,0.0,0.0,0.0,0.0,0.0,0.0
13634.6,0.6949201269138265,0.0,15592.0,37.0,0.19629999999981268,32.1875,32.75,37.110000000000014,0.0,0.0,0.0,0.0,0.0,20.0,0.3,0.1,0.2,0.1,0.4,0.1,0.1,0.1,0.5,0.0,65535.0,0.10653849088273441,0.0,65535.0,0.06765850308995193,0.0,0.0,0.0,0.0,0.0,0.0,0.0,0.0,0.0,0.0
13694.68,0.7035258445304953,0.0,15592.0,37.0,0.22219999999980333,32.1875,32.8125,37.01000000000005,0.0,0.0,0.0,0.0,0.0,20.0,0.3,0.1,0.2,0.1,0.4,0.1,0.1,0.1,0.5,0.0,65535.0,0.10653849088273441,0.0,65535.0,0.06840619516289007,0.0,0.0,0.0,0.0,0.0,0.0,0.0,0.0,0.0,0.0
13754.75,0.6302996317879805,0.0,15592.0,37.0,0.21674999999980743,32.125,32.8125,36.93000000000001,0.0,0.0,0.0,0.0,0.0,20.0,0.3,0.1,0.2,0.1,0.4,0.1,0.1,0.1,0.5,0.0,65535.0,0.10705729762722209,0.0,65535.0,0.06787212939650568,0.0,0.0,0.0,0.0,0.0,0.0,0.0,0.0,0.0,0.0
13814.82,0.5784478646680828,0.0,15592.0,37.0,0.212799999999811,32.1875,32.8125,37.05000000000001,0.0,0.0,0.0,0.0,0.0,20.0,0.3,0.1,0.2,0.1,0.4,0.1,0.1,0.1,0.5,0.0,65535.0,0.10690470740825513,0.0,65535.0,0.06805523765926604,0.0,0.0,0.0,0.0,0.0,0.0,0.0,0.0,0.0,0.0
13874.86,0.575267512633252,0.0,15592.0,37.0,0.2014499999998054,32.125,32.8125,36.97000000000003,0.0,0.0,0.0,0.0,0.0,20.0,0.3,0.1,0.2,0.1,0.4,0.1,0.1,0.1,0.5,0.0,65535.0,0.10719462882429236,0.0,65535.0,0.06831464103150987,0.0,0.0,0.0,0.0,0.0,0.0,0.0,0.0,0.0,0.0
13934.9,0.5692622105179904,0.0,15592.0,37.0,0.23354999999980547,32.125,32.8125,37.09000000000003,0.0,0.0,0.0,0.0,0.0,20.0,0.3,0.1,0.2,0.1,0.4,0.1,0.1,0.1,0.5,0.0,65535.0,0.10707255664911879,0.0,65535.0,0.06825360494392309,0.0,0.0,0.0,0.0,0.0,0.0,0.0,0.0,0.0,0.0
13994.95,0.5760219153387897,0.0,15592.0,37.0,0.27854999999980634,32.125,32.8125,36.81,0.0,0.0,0.0,0.0,0.0,20.0,0.3,0.1,0.2,0.1,0.4,0.1,0.1,0.1,0.5,0.0,65535.0,0.10745403219653621,0.0,65535.0,0.0686808575570306,0.0,0.0,0.0,0.0,0.0,0.0,0.0,0.0,0.0,0.0
14054.99,0.5722722118407262,0.0,15592.0,37.0,0.21204999999980825,32.1875,32.8125,37.03000000000003,0.0,0.0,0.0,0.0,0.0,20.0,0.3,0.1,0.2,0.1,0.4,0.1,0.1,0.1,0.5,0.0,65535.0,0.10724040588998245,0.0,65535.0,0.0681773098344396,0.0,0.0,0.0,0.0,0.0,0.0,0.0,0.0,0.0,0.0
14115.04,0.548568511295488,0.0,15592.0,37.0,0.2641499999998044,32.125,32.8125,37.110000000000014,0.0,0.0,0.0,0.0,0.0,20.0,0.3,0.1,0.2,0.1,0.4,0.1,0.1,0.1,0.5,0.0,65535.0,0.10731670099946593,0.0,65535.0,0.06874189364461739,0.0,0.0,0.0,0.0,0.0,0.0,0.0,0.0,0.0,0.0
14175.11,0.5373142653914291,0.0,15592.0,37.0,0.20234999999980116,32.125,32.75,36.950000000000045,0.0,0.0,0.0,0.0,0.0,20.0,0.3,0.1,0.2,0.1,0.4,0.1,0.1,0.1,0.5,0.0,65535.0,0.10730144197756923,0.0,65535.0,0.06863508049134051,0.0,0.0,0.0,0.0,0.0,0.0,0.0,0.0,0.0,0.0
14235.14,0.5558422718297782,0.0,15592.0,37.0,0.1955499999998048,32.1875,32.875,36.97000000000003,0.0,0.0,0.0,0.0,0.0,20.0,0.3,0.1,0.2,0.1,0.4,0.1,0.1,0.1,0.5,0.0,65535.0,0.10754558632791639,0.0,65535.0,0.06845197222858015,0.0,0.0,0.0,0.0,0.0,0.0,0.0,0.0,0.0,0.0
14295.22,0.6030266900740898,0.0,15592.0,37.0,0.21824999999980005,32.1875,32.75,36.870000000000005,0.0,0.0,0.0,0.0,0.0,20.0,0.3,0.1,0.2,0.1,0.4,0.1,0.1,0.1,0.5,0.0,65535.0,0.10766765850308996,0.0,65535.0,0.06860456244754712,0.0,0.0,0.0,0.0,0.0,0.0,0.0,0.0,0.0,0.0
14355.3,0.6024536456692258,0.0,15592.0,37.0,0.1932499999997935,32.125,32.8125,36.93000000000001,0.0,0.0,0.0,0.0,0.0,20.0,0.3,0.1,0.2,0.1,0.4,0.1,0.1,0.1,0.5,0.0,65535.0,0.10768291752498665,0.0,65535.0,0.06895551995117113,0.0,0.0,0.0,0.0,0.0,0.0,0.0,0.0,0.0,0.0
14415.36,0.6062996903958988,0.0,15592.0,37.0,0.22144999999979373,32.125,32.8125,36.79000000000002,0.0,0.0,0.0,0.0,0.0,20.0,0.3,0.1,0.2,0.1,0.4,0.1,0.1,0.1,0.5,0.0,65535.0,0.10815594720378424,0.0,65535.0,0.06889448386358435,0.0,0.0,0.0,0.0,0.0,0.0,0.0,0.0,0.0,0.0
14475.43,0.6601873219029145,0.0,15592.0,37.0,0.21644999999979742,32.125,32.75,36.81,0.0,0.0043,0.25,0.0,0.0,20.0,0.3,0.1,0.2,0.1,0.4,0.1,0.1,0.1,0.5,0.0,65535.0,0.10785076676585031,0.0,65535.0,0.0690928511482414,0.0,0.0,0.0,0.0,0.0,0.0,0.0,0.0,0.0,0.0
14535.46,0.619373913854137,0.0,15592.0,37.0,0.3280999999997948,32.0625,32.75,36.650000000000034,0.0,0.0,0.0,0.0,0.0,20.0,0.3,0.1,0.2,0.1,0.4,0.1,0.1,0.1,0.5,0.0,65535.0,0.10559243152513924,0.0,65535.0,0.0673838406958114,0.0,0.0,0.0,0.0,0.0,0.0,0.0,0.0,0.0,0.0
14595.53,0.6275564923780144,0.0,15592.0,37.0,0.2591499999998015,32.0625,32.8125,36.81,0.0,0.0,0.0,0.0,0.0,20.0,0.3,0.1,0.2,0.1,0.4,0.1,0.1,0.1,0.5,0.0,65535.0,0.10553139543755245,0.0,65535.0,0.06770428015564202,0.0,0.0,0.0,0.0,0.0,0.0,0.0,0.0,0.0,0.0
14655.57,0.6691957231968859,0.0,15592.0,37.0,0.27034999999979126,32.1875,32.75,36.73000000000002,0.0,0.0,0.0,0.0,0.0,20.0,0.3,0.1,0.2,0.1,0.4,0.1,0.1,0.1,0.5,0.0,65535.0,0.10556191348134585,0.0,65535.0,0.06770428015564202,0.0,0.0,0.0,0.0,0.0,0.0,0.0,0.0,0.0,0.0
14715.62,0.6712954449127465,0.0,15592.0,37.0,0.2164499999997934,32.1875,32.75,36.89000000000004,0.0,0.0,0.0,0.0,0.0,20.0,0.3,0.1,0.2,0.1,0.4,0.1,0.1,0.1,0.5,0.0,65535.0,0.10566872663462272,0.0,65535.0,0.06764324406805523,0.0,0.0,0.0,0.0,0.0,0.0,0.0,0.0,0.0,0.0
14775.7,0.695397576413386,0.0,15592.0,37.0,0.2473499999997937,32.1875,32.75,36.950000000000045,0.0,0.0,0.0,0.0,0.0,20.0,0.3,0.1,0.2,0.1,0.4,0.1,0.1,0.1,0.5,0.0,65535.0,0.10592813000686656,0.0,65535.0,0.06790264744029907,0.0,0.0,0.0,0.0,0.0,0.0,0.0,0.0,0.0,0.0
14835.77,0.6951645487822642,0.0,15592.0,37.0,0.24944999999979264,32.1875,32.75,36.89000000000004,0.0,0.0,0.0,0.0,0.0,20.0,0.3,0.1,0.2,0.1,0.4,0.1,0.1,0.1,0.5,0.0,65535.0,0.10600442511635004,0.0,65535.0,0.06784161135271229,0.0,0.0,0.0,0.0,0.0,0.0,0.0,0.0,0.0,0.0
14895.83,0.6995497686909301,0.0,15592.0,37.0,0.18494999999978934,32.1875,32.8125,37.09000000000003,0.0,0.0,0.0,0.0,0.0,20.0,0.3,0.1,0.2,0.1,0.4,0.1,0.1,0.1,0.5,0.0,65535.0,0.10582131685358968,0.0,65535.0,0.0677958342870222,0.0,0.0,0.0,0.0,0.0,0.0,0.0,0.0,0.0,0.0
14955.91,0.6019866124475701,0.0,15592.0,37.0,0.23314999999978558,32.1875,32.8125,36.950000000000045,0.0,0.0,0.0,0.0,0.0,20.0,0.3,0.1,0.2,0.1,0.4,0.1,0.1,0.1,0.5,0.0,65535.0,0.10579079880979629,0.0,65535.0,0.06802471961547264,0.0,0.0,0.0,0.0,0.0,0.0,0.0,0.0,0.0,0.0
15015.96,0.5992848539538255,0.0,15592.0,37.0,0.24104999999979004,32.125,32.75,36.870000000000005,0.0,0.0,0.0,0.0,0.0,20.0,0.3,0.1,0.2,0.1,0.4,0.1,0.1,0.1,0.5,0.0,65535.0,0.1057450217441062,0.0,65535.0,0.0678110933089189,0.0,0.0,0.0,0.0,0.0,0.0,0.0,0.0,0.0,0.0
15076.0,0.5904504993472248,0.0,15592.0,37.0,0.25044999999979484,32.1875,32.75,36.81,0.0,0.0,0.0,0.0,0.0,20.0,0.3,0.1,0.2,0.1,0.4,0.1,0.1,0.1,0.5,0.0,65535.0,0.10635538261997406,0.0,65535.0,0.06813153276874952,0.0,0.0,0.0,0.0,0.0,0.0,0.0,0.0,0.0,0.0
15136.05,0.5827813927857396,0.0,15592.0,37.0,0.2749499999997902,32.1875,32.8125,37.01000000000005,0.0,0.0,0.0,0.0,0.0,20.0,0.3,0.1,0.2,0.1,0.4,0.1,0.1,0.1,0.5,0.0,65535.0,0.10609597924773022,0.0,65535.0,0.0682230869001297,0.0,0.0,0.0,0.0,0.0,0.0,0.0,0.0,0.0,0.0
15196.12,0.5868662975115004,0.0,15592.0,37.0,0.16864999999978056,32.1875,32.8125,36.89000000000004,0.0,0.0,0.0,0.0,0.0,20.0,0.3,0.1,0.2,0.1,0.4,0.1,0.1,0.1,0.5,0.0,65535.0,0.10620279240100709,0.0,65535.0,0.06791790646219577,0.0,0.0,0.0,0.0,0.0,0.0,0.0,0.0,0.0,0.0
15256.2,0.5607471506243447,0.0,15592.0,37.0,0.19914999999979033,32.1875,32.75,36.93000000000001,0.0,0.0,0.0,0.0,0.0,20.0,0.3,0.1,0.2,0.1,0.4,0.1,0.1,0.1,0.5,0.0,65535.0,0.10621805142290379,0.0,65535.0,0.06832990005340657,0.0,0.0,0.0,0.0,0.0,0.0,0.0,0.0,0.0,0.0
15316.26,0.5680493014809234,0.0,15592.0,37.0,0.23944999999978123,32.125,32.75,36.77000000000004,0.0,0.0,0.0,0.0,0.0,20.0,0.3,0.1,0.2,0.1,0.4,0.1,0.1,0.1,0.5,0.0,65535.0,0.1065995269703212,0.0,65535.0,0.06848249027237355,0.0,0.0,0.0,0.0,0.0,0.0,0.0,0.0,0.0,0.0
15376.3,0.602699559749439,0.0,15592.0,37.0,0.2206499999997841,32.125,32.75,36.79000000000002,0.0,0.0,0.0,0.0,0.0,20.0,0.3,0.1,0.2,0.1,0.4,0.1,0.1,0.1,0.5,0.0,65535.0,0.10643167772945754,0.0,65535.0,0.06836041809719998,0.0,0.0,0.0,0.0,0.0,0.0,0.0,0.0,0.0,0.0
15436.38,0.574749238193156,0.0,15592.0,37.0,0.18354999999978686,32.1875,32.8125,36.85000000000002,0.0,0.0,0.0,0.0,0.0,20.0,0.3,0.1,0.2,0.1,0.4,0.1,0.1,0.1,0.5,0.0,65535.0,0.10685893034256504,0.0,65535.0,0.06839093614099337,0.0,0.0,0.0,0.0,0.0,0.0,0.0,0.0,0.0,0.0
15496.42,0.5819448447550079,0.0,15592.0,37.0,0.22294999999977774,32.125,32.75,36.85000000000002,0.0,0.0,0.0,0.0,0.0,20.0,0.3,0.1,0.2,0.1,0.4,0.1,0.1,0.1,0.5,0.0,65535.0,0.10691996643015182,0.0,65535.0,0.06871137560082399,0.0,0.0,0.0,0.0,0.0,0.0,0.0,0.0,0.0,0.0
15556.48,0.5823835041584855,0.0,15592.0,37.0,0.3083499999997745,32.125,32.8125,36.85000000000002,0.0,0.0,0.0,0.0,0.0,20.0,0.3,0.1,0.2,0.1,0.4,0.1,0.1,0.1,0.5,0.0,65535.0,0.10685893034256504,0.0,65535.0,0.06889448386358435,0.0,0.0,0.0,0.0,0.0,0.0,0.0,0.0,0.0,0.0
15616.54,0.6194608797048522,0.0,15592.0,37.0,0.22654999999977532,32.125,32.8125,36.73000000000002,0.0,0.0,0.0,0.0,0.0,20.0,0.3,0.1,0.2,0.1,0.4,0.1,0.1,0.1,0.5,0.0,65535.0,0.10708781567101548,0.0,65535.0,0.0686808575570306,0.0,0.0,0.0,0.0,0.0,0.0,0.0,0.0,0.0,0.0
15676.61,0.6485726272421999,0.0,15592.0,37.0,0.19854999999978315,32.125,32.8125,36.85000000000002,0.0,0.0,0.0,0.0,0.0,20.0,0.3,0.1,0.2,0.1,0.4,0.1,0.1,0.1,0.5,0.0,65535.0,0.10719462882429236,0.0,65535.0,0.06886396581979096,0.0,0.0,0.0,0.0,0.0,0.0,0.0,0.0,0.0,0.0
15736.69,0.50811943480112,0.0,15592.0,37.0,0.26394999999978475,32.125,32.8125,36.73000000000002,0.0,0.0,0.0,0.0,0.0,20.0,0.3,0.1,0.2,0.1,0.4,0.1,0.1,0.1,0.5,0.0,65535.0,0.10728618295567253,0.0,65535.0,0.06874189364461739,0.0,0.0,0.0,0.0,0.0,0.0,0.0,0.0,0.0,0.0
15796.76,0.5097325681621288,0.0,15592.0,37.0,0.20804999999977705,32.1875,32.8125,37.03000000000003,0.0,0.0,0.0,0.0,0.0,20.0,0.3,0.1,0.2,0.1,0.4,0.1,0.1,0.1,0.5,0.0,65535.0,0.10730144197756923,0.0,65535.0,0.06913862821393149,0.0,0.0,0.0,0.0,0.0,0.0,0.0,0.0,0.0,0.0
15856.84,0.4993866881412799,0.0,15592.0,37.0,0.24094999999977212,32.125,32.8125,36.85000000000002,0.0,0.0,0.0,0.0,0.0,20.0,0.3,0.1,0.2,0.1,0.4,0.1,0.1,0.1,0.5,0.0,65535.0,0.1069962615396353,0.0,65535.0,0.06926070038910506,0.0,0.0,0.0,0.0,0.0,0.0,0.0,0.0,0.0,0.0
15916.92,0.5007809272452008,0.0,15592.0,37.0,0.2762499999997826,32.125,32.75,36.73000000000002,0.0,0.0,0.0,0.0,0.0,20.0,0.3,0.1,0.2,0.1,0.4,0.1,0.1,0.1,0.5,0.0,65535.0,0.10713359273670557,0.0,65535.0,0.06904707408255131,0.0,0.0,0.0,0.0,0.0,0.0,0.0,0.0,0.0,0.0
15976.99,0.5164817179366313,0.0,15592.0,37.0,0.2253499999997704,32.125,32.8125,36.710000000000036,0.0,0.0,0.0,0.0,0.0,20.0,0.3,0.1,0.2,0.1,0.4,0.1,0.1,0.1,0.5,0.0,65535.0,0.10778973067826353,0.0,65535.0,0.06927595941100176,0.0,0.0,0.0,0.0,0.0,0.0,0.0,0.0,0.0,0.0
16037.06,0.5034714828085295,0.0,15592.0,37.0,0.21914999999977433,32.125,32.8125,36.89000000000004,0.0,0.0,0.0,0.0,0.0,20.0,0.3,0.1,0.2,0.1,0.4,0.1,0.1,0.1,0.5,0.0,65535.0,0.10774395361257344,0.0,65535.0,0.06935225452048524,0.0,0.0,0.0,0.0,0.0,0.0,0.0,0.0,0.0,0.0
16097.14,0.6224318203019784,0.0,15592.0,37.0,0.225949999999769,32.125,32.8125,36.81,0.0,0.0,0.0,0.0,0.0,20.0,0.3,0.1,0.2,0.1,0.4,0.1,0.1,0.1,0.5,0.0,65535.0,0.10795757991912719,0.0,65535.0,0.06941329060807203,0.0,0.0,0.0,0.0,0.0,0.0,0.0,0.0,0.0,0.0
16157.21,0.6411373280757269,0.0,15592.0,37.0,0.21594999999977724,32.0625,32.75,36.870000000000005,0.0,0.0,0.0,0.0,0.0,20.0,0.3,0.1,0.2,0.1,0.4,0.1,0.1,0.1,0.5,0.0,65535.0,0.10785076676585031,0.0,65535.0,0.06958113984893569,0.0,0.0,0.0,0.0,0.0,0.0,0.0,0.0,0.0,0.0
16217.28,0.6487022660944598,0.0,15592.0,37.0,0.22124999999977155,32.0625,32.75,36.77000000000004,0.0,0.0,0.0,0.0,0.0,20.0,0.3,0.1,0.2,0.1,0.4,0.1,0.1,0.1,0.5,0.0,65535.0,0.10771343556878005,0.0,65535.0,0.0690775921263447,0.0,0.0,0.0,0.0,0.0,0.0,0.0,0.0,0.0,0.0
16277.35,0.6522007459839935,0.0,15592.0,37.0,0.183549999999774,32.0625,32.75,36.93000000000001,0.0,0.0,0.0,0.0,0.0,20.0,0.3,0.1,0.2,0.1,0.4,0.1,0.1,0.1,0.5,0.0,65535.0,0.10801861600671397,0.0,65535.0,0.06970321202410926,0.0,0.0,0.0,0.0,0.0,0.0,0.0,0.0,0.0,0.0
16337.43,0.634099944229594,0.0,15592.0,37.0,0.2302499999997699,32.0625,32.75,36.89000000000004,0.0,0.0,0.0,0.0,0.0,20.0,0.3,0.1,0.2,0.1,0.4,0.1,0.1,0.1,0.5,0.0,65535.0,0.10797283894102389,0.0,65535.0,0.06945906767376211,0.0,0.0,0.0,0.0,0.0,0.0,0.0,0.0,0.0,0.0
16397.51,0.6019263197629071,0.0,15592.0,37.0,0.23384999999976916,32.0625,32.8125,36.870000000000005,0.0,0.0,0.0,0.0,0.0,20.0,0.3,0.1,0.2,0.1,0.4,0.1,0.1,0.1,0.5,0.0,65535.0,0.10811017013809415,0.0,65535.0,0.0695048447394522,0.0,0.0,0.0,0.0,0.0,0.0,0.0,0.0,0.0,0.0
16457.58,0.6199324682029927,0.0,15592.0,37.0,0.20414999999976688,32.0625,32.75,36.870000000000005,0.0,0.0,0.0,0.0,0.0,20.0,0.3,0.1,0.2,0.1,0.4,0.1,0.1,0.1,0.5,0.0,65535.0,0.10812542915999085,0.0,65535.0,0.0695353627832456,0.0,0.0,0.0,0.0,0.0,0.0,0.0,0.0,0.0,0.0
16517.68,0.6285370632550145,0.0,15592.0,37.0,0.21264999999977166,32.0625,32.75,36.870000000000005,0.0,0.0,0.0,0.0,0.0,20.0,0.3,0.1,0.2,0.1,0.4,0.1,0.1,0.1,0.5,0.0,65535.0,0.10847638666361487,0.0,65535.0,0.06976424811169604,0.0,0.0,0.0,0.0,0.0,0.0,0.0,0.0,0.0,0.0
16577.77,0.6098740970362095,0.0,15592.0,37.0,0.22474999999976153,32.125,32.75,36.93000000000001,0.0,0.0,0.0,0.0,0.0,20.0,0.3,0.1,0.2,0.1,0.4,0.1,0.1,0.1,0.5,0.0,65535.0,0.10826276035706112,0.0,65535.0,0.06984054322117952,0.0,0.0,0.0,0.0,0.0,0.0,0.0,0.0,0.0,0.0
16637.85,0.4605314198974647,0.0,15592.0,37.0,0.22414999999976037,32.125,32.75,36.77000000000004,0.0,0.0,0.0,0.0,0.0,20.0,0.3,0.1,0.2,0.1,0.4,0.1,0.1,0.1,0.5,0.0,65535.0,0.10829327840085451,0.0,65535.0,0.06974898908979935,0.0,0.0,0.0,0.0,0.0,0.0,0.0,0.0,0.0,0.0
16697.9,0.4924983255962572,0.0,15592.0,37.0,0.24834999999977017,32.125,32.8125,36.650000000000034,0.0,0.0,0.0,0.0,0.0,20.0,0.3,0.1,0.2,0.1,0.4,0.1,0.1,0.1,0.5,0.0,65535.0,0.10801861600671397,0.0,65535.0,0.0695048447394522,0.0,0.0,0.0,0.0,0.0,0.0,0.0,0.0,0.0,0.0
16757.98,0.4861909398326143,0.0,15592.0,37.0,0.17974999999975724,32.125,32.75,36.89000000000004,0.0,0.0,0.0,0.0,0.0,20.0,0.3,0.1,0.2,0.1,0.4,0.1,0.1,0.1,0.5,0.0,65535.0,0.10882734416723888,0.0,65535.0,0.06988632028686961,0.0,0.0,0.0,0.0,0.0,0.0,0.0,0.0,0.0,0.0
16818.04,0.4930636767734813,0.0,15592.0,37.0,0.2241499999997578,32.125,32.75,36.81,0.0,0.0,0.0,0.0,0.0,20.0,0.3,0.1,0.2,0.1,0.4,0.1,0.1,0.1,0.5,0.0,65535.0,0.10841535057602808,0.0,65535.0,0.07002365148393988,0.0,0.0,0.0,0.0,0.0,0.0,0.0,0.0,0.0,0.0
16878.11,0.5381327557250428,0.0,15592.0,37.0,0.25774999999975823,32.0625,32.75,36.73000000000002,0.0,0.0,0.0,0.0,0.0,20.0,0.3,0.1,0.2,0.1,0.4,0.1,0.1,0.1,0.5,0.0,65535.0,0.10838483253223469,0.0,65535.0,0.06987106126497292,0.0,0.0,0.0,0.0,0.0,0.0,0.0,0.0,0.0,0.0
16938.19,0.5456296407018186,0.0,15592.0,37.0,0.2271499999997559,32.125,32.75,36.93000000000001,0.0,0.0,0.0,0.0,0.0,20.0,0.3,0.1,0.2,0.1,0.4,0.1,0.1,0.1,0.5,0.0,65535.0,0.10870527199206531,0.0,65535.0,0.07009994659342336,0.0,0.0,0.0,0.0,0.0,0.0,0.0,0.0,0.0,0.0
16998.29,0.6204923429387581,0.0,15592.0,37.0,0.15114999999976222,32.125,32.75,36.950000000000045,0.0,0.0,0.0,0.0,0.0,20.0,0.3,0.1,0.2,0.1,0.4,0.1,0.1,0.1,0.5,0.0,65535.0,0.10859845883878844,0.0,65535.0,0.07031357289997711,0.0,0.0,0.0,0.0,0.0,0.0,0.0,0.0,0.0,0.0
17058.36,0.6279917143569875,0.0,15592.0,37.0,0.2638499999997609,32.0625,32.75,36.81,0.0,0.0,0.0,0.0,0.0,20.0,0.3,0.1,0.2,0.1,0.4,0.1,0.1,0.1,0.5,0.0,65535.0,0.10879682612344549,0.0,65535.0,0.07020675974670024,0.0,0.0,0.0,0.0,0.0,0.0,0.0,0.0,0.0,0.0
17118.44,0.6445753754255725,0.0,15592.0,37.0,0.23264999999975916,32.0625,32.6875,36.710000000000036,0.0,0.0,0.0,0.0,0.0,20.0,0.3,0.1,0.2,0.1,0.4,0.1,0.1,0.1,0.5,0.0,65535.0,0.10872053101396201,0.0,65535.0,0.07029831387808042,0.0,0.0,0.0,0.0,0.0,0.0,0.0,0.0,0.0,0.0
17178.52,0.6448417027398877,0.0,15592.0,37.0,0.25944999999976404,32.0625,32.6875,36.77000000000004,0.0,0.0,0.0,0.0,0.0,20.0,0.3,0.1,0.2,0.1,0.4,0.1,0.1,0.1,0.5,0.0,65535.0,0.10879682612344549,0.0,65535.0,0.07040512703135729,0.0,0.0,0.0,0.0,0.0,0.0,0.0,0.0,0.0,0.0
17238.56,0.6403917576903514,0.0,15592.0,37.0,0.24094999999975245,32.0625,32.75,36.63000000000005,0.0,0.0,0.0,0.0,0.0,20.0,0.3,0.1,0.2,0.1,0.4,0.1,0.1,0.1,0.5,0.0,65535.0,0.10897993438620585,0.0,65535.0,0.07040512703135729,0.0,0.0,0.0,0.0,0.0,0.0,0.0,0.0,0.0,0.0
17298.62,0.5004115358060686,0.0,15592.0,37.0,0.24214999999975134,32.0625,32.6875,36.85000000000002,0.0,0.0,0.0,0.0,0.0,20.0,0.3,0.1,0.2,0.1,0.4,0.1,0.1,0.1,0.5,0.0,65535.0,0.1091477836270695,0.0,65535.0,0.07042038605325399,0.0,0.0,0.0,0.0,0.0,0.0,0.0,0.0,0.0,0.0
17358.69,0.5319058710038312,0.0,15592.0,37.0,0.24454999999975,32.0625,32.75,36.870000000000005,0.0,0.0,0.0,0.0,0.0,20.0,0.3,0.1,0.2,0.1,0.4,0.1,0.1,0.1,0.5,0.0,65535.0,0.10904097047379263,0.0,65535.0,0.07063401235980774,0.0,0.0,0.0,0.0,0.0,0.0,0.0,0.0,0.0,0.0
17418.76,0.535976514827167,0.0,15592.0,37.0,0.20094999999975696,32.0625,32.6875,36.89000000000004,0.0,0.0,0.0,0.0,0.0,20.0,0.3,0.1,0.2,0.1,0.4,0.1,0.1,0.1,0.5,0.0,65535.0,0.109575036240177,0.0,65535.0,0.0703593499656672,0.0,0.0,0.0,0.0,0.0,0.0,0.0,0.0,0.0,0.0
17478.84,0.5031374655866556,0.0,15592.0,37.0,0.2583499999997482,32.0625,32.6875,37.01000000000005,0.0,0.0,0.0,0.0,0.0,20.0,0.3,0.1,0.2,0.1,0.4,0.1,0.1,0.1,0.5,0.0,65535.0,0.10931563286793317,0.0,65535.0,0.07084763866636148,0.0,0.0,0.0,0.0,0.0,0.0,0.0,0.0,0.0,0.0
17538.91,0.503032393036793,0.0,15592.0,37.0,0.23564999999975125,32.125,32.75,36.870000000000005,0.0,0.0,0.0,0.0,0.0,20.0,0.3,0.1,0.2,0.1,0.4,0.1,0.1,0.1,0.5,0.0,65535.0,0.10937666895551995,0.0,65535.0,0.07081712062256809,0.0,0.0,0.0,0.0,0.0,0.0,0.0,0.0,0.0,0.0
17598.99,0.49877101356776526,0.0,15592.0,37.0,0.2224499999997499,32.125,32.75,36.93000000000001,0.0,0.0,0.0,0.0,0.0,20.0,0.3,0.1,0.2,0.1,0.4,0.1,0.1,0.1,0.5,0.0,65535.0,0.10983443961242084,0.0,65535.0,0.07090867475394827,0.0,0.0,0.0,0.0,0.0,0.0,0.0,0.0,0.0,0.0
17659.07,0.5970961381006499,0.0,15592.0,37.0,0.24424999999974512,32.0625,32.75,36.97000000000003,0.0,0.0,0.0,0.0,0.0,20.0,0.3,0.1,0.2,0.1,0.4,0.1,0.1,0.1,0.5,0.0,65535.0,0.10949874113069352,0.0,65535.0,0.0707866025787747,0.0,0.0,0.0,0.0,0.0,0.0,0.0,0.0,0.0,0.0
17719.17,0.6082297753870543,0.0,15592.0,37.0,0.2074499999997476,32.125,32.75,36.79000000000002,0.0,0.0,0.0,0.0,0.0,20.0,0.3,0.1,0.2,0.1,0.4,0.1,0.1,0.1,0.5,0.0,65535.0,0.10984969863431754,0.0,65535.0,0.07089341573205157,0.0,0.0,0.0,0.0,0.0,0.0,0.0,0.0,0.0,0.0
17779.23,0.6507541433757257,0.0,15592.0,37.0,0.24304999999974278,32.0625,32.6875,36.81,0.0,0.0,0.0,0.0,0.0,20.0,0.3,0.1,0.2,0.1,0.4,0.1,0.1,0.1,0.5,0.0,65535.0,0.10962081330586709,0.0,65535.0,0.07129015030136568,0.0,0.0,0.0,0.0,0.0,0.0,0.0,0.0,0.0,0.0
17839.34,0.6640198166218614,0.0,15592.0,37.0,0.19974999999975032,32.125,32.8125,37.03000000000003,0.0,0.0,0.0,0.0,0.0,20.0,0.3,0.1,0.2,0.1,0.4,0.1,0.1,0.1,0.5,0.0,65535.0,0.10965133134966049,0.0,65535.0,0.0708018616006714,0.0,0.0,0.0,0.0,0.0,0.0,0.0,0.0,0.0,0.0
17899.4,0.6234184471853671,0.0,15592.0,37.0,0.2456499999997512,32.0625,32.75,36.81,0.0,0.0,0.0,0.0,0.0,20.0,0.3,0.1,0.2,0.1,0.4,0.1,0.1,0.1,0.5,0.0,65535.0,0.10969710841535057,0.0,65535.0,0.07103074692912184,0.0,0.0,0.0,0.0,0.0,0.0,0.0,0.0,0.0,0.0
17959.48,0.5559437769159772,0.0,15592.0,37.0,0.2813499999997523,32.0625,32.6875,37.01000000000005,0.0,0.0,0.0,0.0,0.0,20.0,0.3,0.1,0.2,0.1,0.4,0.1,0.1,0.1,0.5,0.0,65535.0,0.10966659037155718,0.0,65535.0,0.07092393377584497,0.0,0.0,0.0,0.0,0.0,0.0,0.0,0.0,0.0,0.0
18019.55,0.5564284541531441,0.0,15592.0,37.0,0.2416499999997449,32.125,32.75,36.97000000000003,0.0,0.0,0.0,0.0,0.0,20.0,0.3,0.1,0.2,0.1,0.4,0.1,0.1,0.1,0.5,0.0,65535.0,0.10974288548104066,0.0,65535.0,0.07100022888532845,0.0,0.0,0.0,0.0,0.0,0.0,0.0,0.0,0.0,0.0
18079.63,0.46812881762724146,0.0,15592.0,37.0,0.18364999999973655,32.125,32.75,36.950000000000045,0.0,0.0,0.0,0.0,0.0,20.0,0.3,0.1,0.2,0.1,0.4,0.1,0.1,0.1,0.5,0.0,65535.0,0.10966659037155718,0.0,65535.0,0.0712138551918822,0.0,0.0,0.0,0.0,0.0,0.0,0.0,0.0,0.0,0.0
18139.7,0.4878631372990447,0.0,15592.0,37.0,0.22924999999973686,32.0625,32.6875,36.710000000000036,0.0,0.0,0.0,0.0,0.0,20.0,0.3,0.1,0.2,0.1,0.4,0.1,0.1,0.1,0.5,0.0,65535.0,0.10986495765621423,0.0,65535.0,0.07132066834515907,0.0,0.0,0.0,0.0,0.0,0.0,0.0,0.0,0.0,0.0
18199.78,0.522175766142721,0.0,15592.0,37.0,0.1968499999997345,32.125,32.6875,37.03000000000003,0.0,0.0,0.0,0.0,0.0,20.0,0.3,0.1,0.2,0.1,0.4,0.1,0.1,0.1,0.5,0.0,65535.0,0.11009384298466468,0.0,65535.0,0.07148851758602273,0.0,0.0,0.0,0.0,0.0,0.0,0.0,0.0,0.0,0.0
18259.83,0.5248298429668201,0.0,15592.0,37.0,0.19884999999974345,32.125,32.6875,36.650000000000034,0.0,0.0,0.0,0.0,0.0,20.0,0.3,0.1,0.2,0.1,0.4,0.1,0.1,0.1,0.5,0.0,65535.0,0.11009384298466468,0.0,65535.0,0.07124437323567559,0.0,0.0,0.0,0.0,0.0,0.0,0.0,0.0,0.0,0.0
18319.88,0.5380706106346814,0.0,15592.0,37.0,0.2444499999997446,32.0625,32.6875,36.81,0.0,0.0,0.0,0.0,0.0,20.0,0.3,0.1,0.2,0.1,0.4,0.1,0.1,0.1,0.5,0.0,65535.0,0.11015487907225147,0.0,65535.0,0.07142748149843595,0.0,0.0,0.0,0.0,0.0,0.0,0.0,0.0,0.0,0.0
18379.94,0.5364746052936561,0.0,15592.0,37.0,0.28484999999974053,32.0625,32.75,36.97000000000003,0.0,0.0,0.0,0.0,0.0,20.0,0.3,0.1,0.2,0.1,0.4,0.1,0.1,0.1,0.5,0.0,65535.0,0.11017013809414816,0.0,65535.0,0.07145799954222934,0.0,0.0,0.0,0.0,0.0,0.0,0.0,0.0,0.0,0.0
18439.99,0.5273344674840174,0.0,15592.0,37.0,0.23834999999973763,32.0625,32.6875,36.85000000000002,0.0,0.0,0.0,0.0,0.0,20.0,0.3,0.1,0.2,0.1,0.4,0.1,0.1,0.1,0.5,0.0,65535.0,0.11032272831311513,0.0,65535.0,0.07154955367360952,0.0,0.0,0.0,0.0,0.0,0.0,0.0,0.0,0.0,0.0
18500.04,0.5512042544592799,0.0,15592.0,37.0,0.22684999999973132,32.0625,32.6875,36.79000000000002,0.0,0.0,0.0,0.0,0.0,20.0,0.3,0.1,0.2,0.1,0.4,0.1,0.1,0.1,0.5,0.0,65535.0,0.11030746929121843,0.0,65535.0,0.071625848783093,0.0,0.0,0.0,0.0,0.0,0.0,0.0,0.0,0.0,0.0
18560.12,0.5539949183009827,0.0,15592.0,37.0,0.21594999999973954,32.0625,32.6875,36.81,0.0,0.0,0.0,0.0,0.0,20.0,0.3,0.1,0.2,0.1,0.4,0.1,0.1,0.1,0.5,0.0,65535.0,0.11073472190432593,0.0,65535.0,0.07165636682688639,0.0,0.0,0.0,0.0,0.0,0.0,0.0,0.0,0.0,0.0
18620.17,0.5317690713398984,0.0,15592.0,37.0,0.20504999999973353,32.0625,32.75,36.79000000000002,0.0,0.0,0.0,0.0,0.0,20.0,0.3,0.1,0.2,0.1,0.4,0.1,0.1,0.1,0.5,0.0,65535.0,0.11050583657587548,0.0,65535.0,0.071625848783093,0.0,0.0,0.0,0.0,0.0,0.0,0.0,0.0,0.0,0.0
18680.22,0.535568150121057,0.0,15592.0,37.0,0.247749999999739,32.0625,32.75,36.73000000000002,0.0,0.0,0.0,0.0,0.0,20.0,0.3,0.1,0.2,0.1,0.4,0.1,0.1,0.1,0.5,0.0,65535.0,0.11067368581673914,0.0,65535.0,0.0716411078049897,0.0,0.0,0.0,0.0,0.0,0.0,0.0,0.0,0.0,0.0
18740.29,0.5469468593976082,0.0,15592.0,37.0,0.23804999999973278,32.0,32.75,36.81,0.0,0.0,0.0,0.0,0.0,20.0,0.3,0.1,0.2,0.1,0.4,0.1,0.1,0.1,0.5,0.0,65535.0,0.11096360723277637,0.0,65535.0,0.07182421606775005,0.0,0.0,0.0,0.0,0.0,0.0,0.0,0.0,0.0,0.0
18800.37,0.5789887063224735,0.0,15592.0,37.0,0.2218499999997316,32.0625,32.6875,36.89000000000004,0.0,0.0,0.0,0.0,0.0,20.0,0.3,0.1,0.2,0.1,0.4,0.1,0.1,0.1,0.5,0.0,65535.0,0.11070420386053254,0.0,65535.0,0.07191577019913023,0.0,0.0,0.0,0.0,0.0,0.0,0.0,0.0,0.0,0.0
18860.44,0.5495753802386991,0.0,15592.0,37.0,0.21774999999973532,32.0625,32.6875,36.93000000000001,0.0,0.0,0.0,0.0,0.0,20.0,0.3,0.1,0.2,0.1,0.4,0.1,0.1,0.1,0.5,0.0,65535.0,0.11074998092622262,0.0,65535.0,0.07214465552758068,0.0,0.0,0.0,0.0,0.0,0.0,0.0,0.0,0.0,0.0
18920.48,0.5317145870161402,0.0,15592.0,37.0,0.18354999999973373,32.0,32.6875,36.73000000000002,0.0,0.0,0.0,0.0,0.0,20.0,0.3,0.1,0.2,0.1,0.4,0.1,0.1,0.1,0.5,0.0,65535.0,0.11110093842984664,0.0,65535.0,0.07182421606775005,0.0,0.0,0.0,0.0,0.0,0.0,0.0,0.0,0.0,0.0
18980.52,0.5017137050693228,0.0,15592.0,37.0,0.2359499999997304,32.0625,32.6875,36.97000000000003,0.0,0.0,0.0,0.0,0.0,20.0,0.3,0.1,0.2,0.1,0.4,0.1,0.1,0.1,0.5,0.0,65535.0,0.11097886625467307,0.0,65535.0,0.07229724574654765,0.0,0.0,0.0,0.0,0.0,0.0,0.0,0.0,0.0,0.0
19040.59,0.5050230244814582,0.0,15592.0,37.0,0.24214999999972475,32.0625,32.6875,36.950000000000045,0.0,0.0,0.0,0.0,0.0,20.0,0.3,0.1,0.2,0.1,0.4,0.1,0.1,0.1,0.5,0.0,65535.0,0.11111619745174334,0.0,65535.0,0.07209887846189059,0.0,0.0,0.0,0.0,0.0,0.0,0.0,0.0,0.0,0.0
19100.66,0.4773708961452191,0.0,15592.0,37.0,0.22744999999972307,32.0625,32.6875,36.77000000000004,0.0,0.0,0.0,0.0,0.0,20.0,0.3,0.1,0.2,0.1,0.4,0.1,0.1,0.1,0.5,0.0,65535.0,0.11145189593347067,0.0,65535.0,0.07246509498741131,0.0,0.0,0.0,0.0,0.0,0.0,0.0,0.0,0.0,0.0
19160.73,0.4889630239782657,0.0,15592.0,37.0,0.24154999999972274,32.0625,32.6875,36.870000000000005,0.0,0.0,0.0,0.0,0.0,20.0,0.3,0.1,0.2,0.1,0.4,0.1,0.1,0.1,0.5,0.0,65535.0,0.11139085984588389,0.0,65535.0,0.0725261310749981,0.0,0.0,0.0,0.0,0.0,0.0,0.0,0.0,0.0,0.0
19220.78,0.5172315389878575,0.0,15592.0,37.0,0.27774999999973327,32.0625,32.6875,36.870000000000005,0.0,0.0,0.0,0.0,0.0,20.0,0.3,0.1,0.2,0.1,0.4,0.1,0.1,0.1,0.5,0.0,65535.0,0.1112535286488136,0.0,65535.0,0.07212939650568398,0.0,0.0,0.0,0.0,0.0,0.0,0.0,0.0,0.0,0.0
19280.86,0.5259543457343152,0.0,15592.0,37.0,0.2704499999997274,32.0625,32.6875,36.81,0.0,0.0,0.0,0.0,0.0,20.0,0.3,0.1,0.2,0.1,0.4,0.1,0.1,0.1,0.5,0.0,65535.0,0.11155870908674755,0.0,65535.0,0.07228198672465096,0.0,0.0,0.0,0.0,0.0,0.0,0.0,0.0,0.0,0.0
19340.93,0.5256618349153888,0.0,15592.0,37.0,0.21014999999972456,32.0625,32.6875,36.81,0.0,0.0,0.0,0.0,0.0,20.0,0.3,0.1,0.2,0.1,0.4,0.1,0.1,0.1,0.5,0.0,65535.0,0.11183337148088808,0.0,65535.0,0.07258716716258488,0.0,0.0,0.0,0.0,0.0,0.0,0.0,0.0,0.0,0.0
19400.98,0.5200776479845043,0.0,15592.0,37.0,0.23984999999972512,32.0625,32.6875,36.93000000000001,0.0,0.0,0.0,0.0,0.0,20.0,0.3,0.1,0.2,0.1,0.4,0.1,0.1,0.1,0.5,0.0,65535.0,0.11154345006485085,0.0,65535.0,0.07266346227206837,0.0,0.0,0.0,0.0,0.0,0.0,0.0,0.0,0.0,0.0
19461.04,0.5639249030303891,0.0,15592.0,37.0,0.2913499999997209,32.0625,32.6875,36.870000000000005,0.0,0.0,0.0,0.0,0.0,20.0,0.3,0.1,0.2,0.1,0.4,0.1,0.1,0.1,0.5,0.0,65535.0,0.11183337148088808,0.0,65535.0,0.07258716716258488,0.0,0.0,0.0,0.0,0.0,0.0,0.0,0.0,0.0,0.0
19521.11,0.5711435907392166,0.0,15592.0,37.0,0.20954999999972168,32.0625,32.6875,36.85000000000002,0.0,0.0,0.0,0.0,0.0,20.0,0.3,0.1,0.2,0.1,0.4,0.1,0.1,0.1,0.5,0.0,65535.0,0.11160448615243763,0.0,65535.0,0.07264820325017167,0.0,0.0,0.0,0.0,0.0,0.0,0.0,0.0,0.0,0.0
19581.15,0.5781876074143929,0.0,15592.0,37.0,0.19714999999971533,32.0625,32.6875,36.85000000000002,0.0,0.0,0.0,0.0,0.0,20.0,0.3,0.1,0.2,0.1,0.4,0.1,0.1,0.1,0.5,0.0,65535.0,0.11152819104295415,0.0,65535.0,0.07244983596551462,0.0,0.0,0.0,0.0,0.0,0.0,0.0,0.0,0.0,0.0
19641.21,0.5873342329224069,0.0,15592.0,37.0,0.22774999999971507,32.0625,32.6875,36.81,0.0,0.0,0.0,0.0,0.0,20.0,0.3,0.1,0.2,0.1,0.4,0.1,0.1,0.1,0.5,0.0,65535.0,0.1121538109407187,0.0,65535.0,0.07281605249103533,0.0,0.0,0.0,0.0,0.0,0.0,0.0,0.0,0.0,0.0
19701.26,0.5947609730852579,0.0,15592.0,37.0,0.2401499999997197,32.0625,32.6875,36.85000000000002,0.0,0.0,0.0,0.0,0.0,20.0,0.3,0.1,0.2,0.1,0.4,0.1,0.1,0.1,0.5,0.0,65535.0,0.11152819104295415,0.0,65535.0,0.07244983596551462,0.0,0.0,0.0,0.0,0.0,0.0,0.0,0.0,0.0,0.0
19761.3,0.6150154762716923,0.0,15592.0,37.0,0.2386499999997185,32.0625,32.625,36.89000000000004,0.0,0.0,0.0,0.0,0.0,20.0,0.3,0.1,0.2,0.1,0.4,0.1,0.1,0.1,0.5,0.0,65535.0,0.1117265583276112,0.0,65535.0,0.07280079346913863,0.0,0.0,0.0,0.0,0.0,0.0,0.0,0.0,0.0,0.0
19821.38,0.5808734395358597,0.0,15592.0,37.0,0.23864999999971764,32.0625,32.625,36.81,0.0,0.0,0.0,0.0,0.0,20.0,0.3,0.1,0.2,0.1,0.4,0.1,0.1,0.1,0.5,0.0,65535.0,0.11206225680933853,0.0,65535.0,0.07289234760051881,0.0,0.0,0.0,0.0,0.0,0.0,0.0,0.0,0.0,0.0
19881.47,0.5678837432250301,0.0,15592.0,37.0,0.20034999999972064,32.125,32.6875,36.81,0.0,0.0,0.0,0.0,0.0,20.0,0.3,0.1,0.2,0.1,0.4,0.1,0.1,0.1,0.5,0.0,65535.0,0.11219958800640879,0.0,65535.0,0.07301441977569238,0.0,0.0,0.0,0.0,0.0,0.0,0.0,0.0,0.0,0.0
19941.53,0.5372248744837829,0.0,15592.0,37.0,0.19384999999970978,32.0625,32.6875,36.93000000000001,0.0,0.0,0.0,0.0,0.0,20.0,0.3,0.1,0.2,0.1,0.4,0.1,0.1,0.1,0.5,0.0,65535.0,0.11203173876554513,0.0,65535.0,0.07284657053482872,0.0,0.0,0.0,0.0,0.0,0.0,0.0,0.0,0.0,0.0
20001.6,0.5764037000622902,0.0,15592.0,37.0,0.2553499999997107,32.0625,32.625,36.950000000000045,0.0,0.0,0.0,0.0,0.0,20.0,0.3,0.1,0.2,0.1,0.4,0.1,0.1,0.1,0.5,0.0,65535.0,0.11232166018158236,0.0,65535.0,0.07298390173189899,0.0,0.0,0.0,0.0,0.0,0.0,0.0,0.0,0.0,0.0
20061.67,0.5866621999182181,0.0,15592.0,37.0,0.24714999999971898,32.0625,32.75,36.79000000000002,0.0,0.0,0.0,0.0,0.0,20.0,0.3,0.1,0.2,0.1,0.4,0.1,0.1,0.1,0.5,0.0,65535.0,0.11244373235675593,0.0,65535.0,0.07309071488517586,0.0,0.0,0.0,0.0,0.0,0.0,0.0,0.0,0.0,0.0
20121.76,0.4916401111722758,0.0,15592.0,37.0,0.18534999999971577,32.125,32.6875,37.01000000000005,0.0,0.0,0.0,0.0,0.0,20.0,0.3,0.1,0.2,0.1,0.4,0.1,0.1,0.1,0.5,0.0,65535.0,0.11244373235675593,0.0,65535.0,0.07310597390707256,0.0,0.0,0.0,0.0,0.0,0.0,0.0,0.0,0.0,0.0
20181.84,0.4899565252912995,0.0,15592.0,37.0,0.2842499999997136,32.0625,32.6875,36.710000000000036,0.0,0.0,0.0,0.0,0.0,20.0,0.3,0.1,0.2,0.1,0.4,0.1,0.1,0.1,0.5,0.0,65535.0,0.11255054551003281,0.0,65535.0,0.07327382314793622,0.0,0.0,0.0,0.0,0.0,0.0,0.0,0.0,0.0,0.0
20241.91,0.6478350277403576,0.0,15592.0,37.0,0.24254999999971147,32.0625,32.625,37.05000000000001,0.0,0.0,0.0,0.0,0.0,20.0,0.3,0.1,0.2,0.1,0.4,0.1,0.1,0.1,0.5,0.0,65535.0,0.1121843289845121,0.0,65535.0,0.07316700999465935,0.0,0.0,0.0,0.0,0.0,0.0,0.0,0.0,0.0,0.0
20301.96,0.658277767127982,0.0,15592.0,37.0,0.27464999999971157,32.0625,32.6875,36.85000000000002,0.0,0.0,0.0,0.0,0.0,20.0,0.3,0.1,0.2,0.1,0.4,0.1,0.1,0.1,0.5,0.0,65535.0,0.11308461127641718,0.0,65535.0,0.07348744945448997,0.0,0.0,0.0,0.0,0.0,0.0,0.0,0.0,0.0,0.0
20362.04,0.67334323419433,0.0,15592.0,37.0,0.18314999999970696,32.125,32.6875,37.13000000000005,0.0,0.0,0.0,0.0,0.0,20.0,0.3,0.1,0.2,0.1,0.4,0.1,0.1,0.1,0.5,0.0,65535.0,0.1125810635538262,0.0,65535.0,0.07367055771725033,0.0,0.0,0.0,0.0,0.0,0.0,0.0,0.0,0.0,0.0
20422.11,0.6915545511032315,0.0,15592.0,37.0,0.1480499999997045,32.125,32.6875,37.01000000000005,0.0,0.0,0.0,0.0,0.0,20.0,0.3,0.1,0.2,0.1,0.4,0.1,0.1,0.1,0.5,0.0,65535.0,0.11242847333485924,0.0,65535.0,0.07328908216983292,0.0,0.0,0.0,0.0,0.0,0.0,0.0,0.0,0.0,0.0
20482.19,0.6928397650585397,0.0,15592.0,37.0,0.24334999999970222,32.125,32.625,36.77000000000004,0.0,0.0,0.0,0.0,0.0,20.0,0.3,0.1,0.2,0.1,0.4,0.1,0.1,0.1,0.5,0.0,65535.0,0.11279468986037995,0.0,65535.0,0.07341115434500649,0.0,0.0,0.0,0.0,0.0,0.0,0.0,0.0,0.0,0.0
20542.24,0.6795050288465057,0.0,15592.0,37.0,0.2224499999997053,32.0625,32.6875,36.77000000000004,0.0,0.0,0.0,0.0,0.0,20.0,0.3,0.1,0.2,0.1,0.4,0.1,0.1,0.1,0.5,0.0,65535.0,0.11290150301365683,0.0,65535.0,0.0737773708705272,0.0,0.0,0.0,0.0,0.0,0.0,0.0,0.0,0.0,0.0
20602.28,0.674728969489201,0.0,15592.0,37.0,0.24834999999971016,32.0625,32.6875,36.93000000000001,0.0,0.0,0.0,0.0,0.0,20.0,0.3,0.1,0.2,0.1,0.4,0.1,0.1,0.1,0.5,0.0,65535.0,0.11317616540779736,0.0,65535.0,0.07330434119172961,0.0,0.0,0.0,0.0,0.0,0.0,0.0,0.0,0.0,0.0
20662.36,0.6907861977232206,0.0,15592.0,37.0,0.22654999999969902,32.0625,32.625,36.85000000000002,0.0,0.0,0.0,0.0,0.0,20.0,0.3,0.1,0.2,0.1,0.4,0.1,0.1,0.1,0.5,0.0,65535.0,0.11291676203555352,0.0,65535.0,0.07374685282673381,0.0,0.0,0.0,0.0,0.0,0.0,0.0,0.0,0.0,0.0
20722.41,0.608202800889618,0.0,15592.0,37.0,0.24454999999969856,32.0,32.6875,36.690000000000055,0.0,0.0,0.0,0.0,0.0,20.0,0.3,0.1,0.2,0.1,0.4,0.1,0.1,0.1,0.5,0.0,65535.0,0.11291676203555352,0.0,65535.0,0.07354848554207676,0.0,0.0,0.0,0.0,0.0,0.0,0.0,0.0,0.0,0.0
20782.48,0.4159350375061259,0.0,15592.0,37.0,0.2210499999997066,32.125,32.6875,36.81,0.0,0.0,0.0,0.0,0.0,20.0,0.3,0.1,0.2,0.1,0.4,0.1,0.1,0.1,0.5,0.0,65535.0,0.11270313572899977,0.0,65535.0,0.07365529869535363,0.0,0.0,0.0,0.0,0.0,0.0,0.0,0.0,0.0,0.0
20842.55,0.42635077653307774,0.0,15592.0,37.0,0.22804999999969597,32.125,32.6875,36.650000000000034,0.0,0.0,0.0,0.0,0.0,20.0,0.3,0.1,0.2,0.1,0.4,0.1,0.1,0.1,0.5,0.0,65535.0,0.11308461127641718,0.0,65535.0,0.0737773708705272,0.0,0.0,0.0,0.0,0.0,0.0,0.0,0.0,0.0,0.0
20902.6,0.3316624259720268,0.0,15592.0,37.0,0.21684999999970445,32.125,32.6875,36.85000000000002,0.0,0.0,0.0,0.0,0.0,20.0,0.3,0.1,0.2,0.1,0.4,0.1,0.1,0.1,0.5,0.0,65535.0,0.11334401464866102,0.0,65535.0,0.07402151522087434,0.0,0.0,0.0,0.0,0.0,0.0,0.0,0.0,0.0,0.0
20962.64,0.40556967455817816,0.0,15592.0,37.0,0.2242499999996994,32.0,32.6875,36.710000000000036,0.0,0.0,0.0,0.0,0.0,20.0,0.3,0.1,0.2,0.1,0.4,0.1,0.1,0.1,0.5,0.0,65535.0,0.11331349660486763,0.0,65535.0,0.07373159380483711,0.0,0.0,0.0,0.0,0.0,0.0,0.0,0.0,0.0,0.0
21022.69,0.5073503914498286,0.0,15592.0,37.0,0.23924999999969912,32.0625,32.625,36.870000000000005,0.0,0.0,0.0,0.0,0.0,20.0,0.3,0.1,0.2,0.1,0.4,0.1,0.1,0.1,0.5,0.0,65535.0,0.11357289997711147,0.0,65535.0,0.07452506294346532,0.0,0.0,0.0,0.0,0.0,0.0,0.0,0.0,0.0,0.0
21082.76,0.5206701850828626,0.0,15592.0,37.0,0.239549999999698,32.0625,32.6875,36.85000000000002,0.0,0.0,0.0,0.0,0.0,20.0,0.3,0.1,0.2,0.1,0.4,0.1,0.1,0.1,0.5,0.0,65535.0,0.11360341802090486,0.0,65535.0,0.0737773708705272,0.0,0.0,0.0,0.0,0.0,0.0,0.0,0.0,0.0,0.0
21142.8,0.5992005043629052,0.0,15592.0,37.0,0.22924999999969148,32.0625,32.6875,36.81,0.0,0.0,0.0,0.0,0.0,20.0,0.3,0.1,0.2,0.1,0.4,0.1,0.1,0.1,0.5,0.0,65535.0,0.11389333943694209,0.0,65535.0,0.07391470206759747,0.0,0.0,0.0,0.0,0.0,0.0,0.0,0.0,0.0,0.0
21202.84,0.44931714895969244,0.0,15592.0,37.0,0.21014999999969464,32.0625,32.6875,36.85000000000002,0.0,0.0,0.0,0.0,0.0,20.0,0.3,0.1,0.2,0.1,0.4,0.1,0.1,0.1,0.5,0.0,65535.0,0.1138780804150454,0.0,65535.0,0.07402151522087434,0.0,0.0,0.0,0.0,0.0,0.0,0.0,0.0,0.0,0.0
21262.91,0.4937218568696168,0.0,15592.0,37.0,0.20394999999969857,32.0625,32.6875,36.97000000000003,0.0,0.0,0.0,0.0,0.0,20.0,0.3,0.1,0.2,0.1,0.4,0.1,0.1,0.1,0.5,0.0,65535.0,0.113847562371252,0.0,65535.0,0.07408255130846113,0.0,0.0,0.0,0.0,0.0,0.0,0.0,0.0,0.0,0.0
21322.98,0.48771473603546794,0.0,15592.0,37.0,0.20214999999969765,32.0,32.6875,37.01000000000005,0.0,0.0,0.0,0.0,0.0,20.0,0.3,0.1,0.2,0.1,0.4,0.1,0.1,0.1,0.5,0.0,65535.0,0.11378652628366522,0.0,65535.0,0.07414358739604791,0.0,0.0,0.0,0.0,0.0,0.0,0.0,0.0,0.0,0.0
21383.03,0.48019370586912785,0.0,15592.0,37.0,0.26484999999969916,32.0625,32.6875,36.89000000000004,0.0,0.0,0.0,0.0,0.0,20.0,0.3,0.1,0.2,0.1,0.4,0.1,0.1,0.1,0.5,0.0,65535.0,0.11377126726176852,0.0,65535.0,0.07385366598001068,0.0,0.0,0.0,0.0,0.0,0.0,0.0,0.0,0.0,0.0
21443.1,0.4294269167032859,0.0,15592.0,37.0,0.24604999999968782,32.0625,32.625,36.950000000000045,0.0,0.0,0.0,0.0,0.0,20.0,0.3,0.1,0.2,0.1,0.4,0.1,0.1,0.1,0.5,0.0,65535.0,0.11390859845883879,0.0,65535.0,0.07412832837415122,0.0,0.0,0.0,0.0,0.0,0.0,0.0,0.0,0.0,0.0
21503.18,0.44298210610760375,0.0,15592.0,37.0,0.22604999999969094,32.0625,32.625,36.97000000000003,0.0,0.0,0.0,0.0,0.0,20.0,0.3,0.1,0.2,0.1,0.4,0.1,0.1,0.1,0.5,0.0,65535.0,0.11410696574349584,0.0,65535.0,0.07409781033035782,0.0,0.0,0.0,0.0,0.0,0.0,0.0,0.0,0.0,0.0
21563.23,0.39968168600993187,0.0,15592.0,37.0,0.27074999999969207,32.0625,32.6875,36.85000000000002,0.0,0.0,0.0,0.0,0.0,20.0,0.3,0.1,0.2,0.1,0.4,0.1,0.1,0.1,0.5,0.0,65535.0,0.11418326085297932,0.0,65535.0,0.07438773174639506,0.0,0.0,0.0,0.0,0.0,0.0,0.0,0.0,0.0,0.0
21623.27,0.40927671022653267,0.0,15592.0,37.0,0.20044999999968324,32.0625,32.6875,36.870000000000005,0.0,0.0,0.0,0.0,0.0,20.0,0.3,0.1,0.2,0.1,0.4,0.1,0.1,0.1,0.5,0.0,65535.0,0.11416800183108262,0.0,65535.0,0.07475394827191577,0.0,0.0,0.0,0.0,0.0,0.0,0.0,0.0,0.0,0.0
21683.32,0.4444431772235232,0.0,15592.0,37.0,0.23074999999968326,32.0,32.6875,36.870000000000005,0.0,0.0043,0.25,0.0,0.0,20.0,0.3,0.1,0.2,0.1,0.4,0.1,0.1,0.1,0.5,0.0,65535.0,0.11447318226901655,0.0,65535.0,0.07447928587777523,0.0,0.0,0.0,0.0,0.0,0.0,0.0,0.0,0.0,0.0
21743.36,0.42111786197508627,0.0,15592.0,37.0,0.4094999999996932,32.0,32.6875,36.370000000000005,0.0,0.0,0.0,0.0,0.0,20.0,0.3,0.1,0.2,0.1,0.4,0.1,0.1,0.1,0.5,0.0,65535.0,0.11168078126192112,0.0,65535.0,0.07238879987792783,0.0,0.0,0.0,0.0,0.0,0.0,0.0,0.0,0.0,0.0
21803.4,0.4249243927264845,0.0,15592.0,37.0,0.2917499999996883,32.0,32.625,36.81,0.0,0.0,0.0,0.0,0.0,20.0,0.3,0.1,0.2,0.1,0.4,0.1,0.1,0.1,0.5,0.0,65535.0,0.11094834821087968,0.0,65535.0,0.07241931792172122,0.0,0.0,0.0,0.0,0.0,0.0,0.0,0.0,0.0,0.0
21863.43,0.6835450278614306,0.0,15592.0,37.0,0.2308499999996852,32.0625,32.6875,37.110000000000014,0.0,0.0,0.0,0.0,0.0,20.0,0.3,0.1,0.2,0.1,0.4,0.1,0.1,0.1,0.5,0.0,65535.0,0.11096360723277637,0.0,65535.0,0.07235828183413444,0.0,0.0,0.0,0.0,0.0,0.0,0.0,0.0,0.0,0.0
21923.49,0.6586967751347823,0.0,15592.0,37.0,0.2160499999996785,32.125,32.625,36.79000000000002,0.0,0.0,0.0,0.0,0.0,20.0,0.3,0.1,0.2,0.1,0.4,0.1,0.1,0.1,0.5,0.0,65535.0,0.11110093842984664,0.0,65535.0,0.0725108720531014,0.0,0.0,0.0,0.0,0.0,0.0,0.0,0.0,0.0,0.0
21983.56,0.6333448784343862,0.0,15592.0,37.0,0.22394999999968296,32.125,32.625,36.950000000000045,0.0,0.0,0.0,0.0,0.0,20.0,0.3,0.1,0.2,0.1,0.4,0.1,0.1,0.1,0.5,0.0,65535.0,0.11154345006485085,0.0,65535.0,0.07263294422827497,0.0,0.0,0.0,0.0,0.0,0.0,0.0,0.0,0.0,0.0
22043.63,0.5350209844922633,0.0,15592.0,37.0,0.2589499999996787,32.0625,32.625,36.93000000000001,0.0,0.0,0.0,0.0,0.0,20.0,0.3,0.1,0.2,0.1,0.4,0.1,0.1,0.1,0.5,0.0,65535.0,0.11114671549553673,0.0,65535.0,0.07263294422827497,0.0,0.0,0.0,0.0,0.0,0.0,0.0,0.0,0.0,0.0
22103.71,0.5440828864112826,0.0,15592.0,37.0,0.23594999999968197,32.125,32.625,36.97000000000003,0.0,0.0,0.0,0.0,0.0,20.0,0.3,0.1,0.2,0.1,0.4,0.1,0.1,0.1,0.5,0.0,65535.0,0.11163500419623103,0.0,65535.0,0.07267872129396506,0.0,0.0,0.0,0.0,0.0,0.0,0.0,0.0,0.0,0.0
22163.79,0.5361942479285325,0.0,15592.0,37.0,0.2276499999996861,32.0625,32.625,36.870000000000005,0.0,0.0,0.0,0.0,0.0,20.0,0.3,0.1,0.2,0.1,0.4,0.1,0.1,0.1,0.5,0.0,65535.0,0.11120775158312352,0.0,65535.0,0.07290760662241551,0.0,0.0,0.0,0.0,0.0,0.0,0.0,0.0,0.0,0.0
22223.86,0.5089202271814977,0.0,15592.0,37.0,0.23174999999968066,32.125,32.6875,36.81,0.0,0.0,0.0,0.0,0.0,20.0,0.3,0.1,0.2,0.1,0.4,0.1,0.1,0.1,0.5,0.0,65535.0,0.11151293202105746,0.0,65535.0,0.07267872129396506,0.0,0.0,0.0,0.0,0.0,0.0,0.0,0.0,0.0,0.0
22283.93,0.46755462571742124,0.0,15592.0,37.0,0.25114999999967547,32.125,32.625,36.85000000000002,0.0,0.0,0.0,0.0,0.0,20.0,0.3,0.1,0.2,0.1,0.4,0.1,0.1,0.1,0.5,0.0,65535.0,0.1117418173495079,0.0,65535.0,0.07299916075379569,0.0,0.0,0.0,0.0,0.0,0.0,0.0,0.0,0.0,0.0
22343.96,0.4890230224246369,0.0,15592.0,37.0,0.24494999999967942,32.125,32.625,37.01000000000005,0.0,0.0,0.0,0.0,0.0,20.0,0.3,0.1,0.2,0.1,0.4,0.1,0.1,0.1,0.5,0.0,65535.0,0.11152819104295415,0.0,65535.0,0.07272449835965515,0.0,0.0,0.0,0.0,0.0,0.0,0.0,0.0,0.0,0.0
22404.0,0.5204107992693561,0.0,15592.0,37.0,0.22494999999968254,32.0625,32.625,36.85000000000002,0.0,0.0,0.0,0.0,0.0,20.0,0.3,0.1,0.2,0.1,0.4,0.1,0.1,0.1,0.5,0.0,65535.0,0.1117265583276112,0.0,65535.0,0.07328908216983292,0.0,0.0,0.0,0.0,0.0,0.0,0.0,0.0,0.0,0.0
22464.07,0.5299990412176545,0.0,15592.0,37.0,0.22994999999967713,32.0625,32.625,37.03000000000003,0.0,0.0,0.0,0.0,0.0,20.0,0.3,0.1,0.2,0.1,0.4,0.1,0.1,0.1,0.5,0.0,65535.0,0.11198596169985504,0.0,65535.0,0.07304493781948578,0.0,0.0,0.0,0.0,0.0,0.0,0.0,0.0,0.0,0.0
22524.11,0.6053589520751214,0.0,15592.0,37.0,0.20584999999967063,32.0625,32.6875,36.93000000000001,0.0,0.0,0.0,0.0,0.0,20.0,0.3,0.1,0.2,0.1,0.4,0.1,0.1,0.1,0.5,0.0,65535.0,0.11186388952468147,0.0,65535.0,0.07289234760051881,0.0,0.0,0.0,0.0,0.0,0.0,0.0,0.0,0.0,0.0
22584.16,0.6354181571109361,0.0,15592.0,37.0,0.1642499999996732,32.0625,32.625,36.93000000000001,0.0,0.0,0.0,0.0,0.0,20.0,0.3,0.1,0.2,0.1,0.4,0.1,0.1,0.1,0.5,0.0,65535.0,0.11203173876554513,0.0,65535.0,0.07328908216983292,0.0,0.0,0.0,0.0,0.0,0.0,0.0,0.0,0.0,0.0
22644.22,0.5541713609175192,0.0,15592.0,37.0,0.2872499999996767,32.0,32.625,36.93000000000001,0.0,0.0,0.0,0.0,0.0,20.0,0.3,0.1,0.2,0.1,0.4,0.1,0.1,0.1,0.5,0.0,65535.0,0.11223010605020219,0.0,65535.0,0.07325856412603952,0.0,0.0,0.0,0.0,0.0,0.0,0.0,0.0,0.0,0.0
22704.3,0.48672782828965316,0.0,15592.0,37.0,0.2487499999996691,32.125,32.625,36.81,0.0,0.0,0.0,0.0,0.0,20.0,0.3,0.1,0.2,0.1,0.4,0.1,0.1,0.1,0.5,0.0,65535.0,0.11223010605020219,0.0,65535.0,0.07345693141069658,0.0,0.0,0.0,0.0,0.0,0.0,0.0,0.0,0.0,0.0
22764.37,0.5574807650233161,0.0,15592.0,37.0,0.20254999999966591,32.0625,32.625,36.93000000000001,0.0,0.0,0.0,0.0,0.0,20.0,0.3,0.1,0.2,0.1,0.4,0.1,0.1,0.1,0.5,0.0,65535.0,0.11204699778744183,0.0,65535.0,0.07322804608224613,0.0,0.0,0.0,0.0,0.0,0.0,0.0,0.0,0.0,0.0
22824.44,0.59379207839826,0.0,15592.0,37.0,0.2422499999996716,32.0625,32.625,36.93000000000001,0.0,0.0,0.0,0.0,0.0,20.0,0.3,0.1,0.2,0.1,0.4,0.1,0.1,0.1,0.5,0.0,65535.0,0.11224536507209888,0.0,65535.0,0.07315175097276265,0.0,0.0,0.0,0.0,0.0,0.0,0.0,0.0,0.0,0.0
22884.5,0.6049600037854246,0.0,15592.0,37.0,0.23194999999966506,32.125,32.625,36.97000000000003,0.0,0.0,0.0,0.0,0.0,20.0,0.3,0.1,0.2,0.1,0.4,0.1,0.1,0.1,0.5,0.0,65535.0,0.11236743724727245,0.0,65535.0,0.0733806363012131,0.0,0.0,0.0,0.0,0.0,0.0,0.0,0.0,0.0,0.0
22944.58,0.597243996668515,0.0,15592.0,37.0,0.24104999999966928,32.0625,32.625,36.870000000000005,0.0,0.0,0.0,0.0,0.0,20.0,0.3,0.1,0.2,0.1,0.4,0.1,0.1,0.1,0.5,0.0,65535.0,0.11209277485313192,0.0,65535.0,0.0733806363012131,0.0,0.0,0.0,0.0,0.0,0.0,0.0,0.0,0.0,0.0
23004.65,0.5994973601267348,0.0,15592.0,37.0,0.19774999999966175,32.0625,32.625,36.89000000000004,0.0,0.0,0.0,0.0,0.0,20.0,0.3,0.1,0.2,0.1,0.4,0.1,0.1,0.1,0.5,0.0,65535.0,0.11226062409399558,0.0,65535.0,0.07351796749828336,0.0,0.0,0.0,0.0,0.0,0.0,0.0,0.0,0.0,0.0
23064.73,0.5868908241849039,0.0,15592.0,37.0,0.22744999999966148,32.0625,32.625,36.77000000000004,0.0,0.0,0.0,0.0,0.0,20.0,0.3,0.1,0.2,0.1,0.4,0.1,0.1,0.1,0.5,0.0,65535.0,0.11255054551003281,0.0,65535.0,0.0733806363012131,0.0,0.0,0.0,0.0,0.0,0.0,0.0,0.0,0.0,0.0
23124.81,0.591202094994577,0.0,15592.0,37.0,0.21534999999966992,32.0625,32.5625,36.77000000000004,0.0,0.0,0.0,0.0,0.0,20.0,0.3,0.1,0.2,0.1,0.4,0.1,0.1,0.1,0.5,0.0,65535.0,0.11285572594796674,0.0,65535.0,0.07360952162966354,0.0,0.0,0.0,0.0,0.0,0.0,0.0,0.0,0.0,0.0
23184.88,0.5769592074208002,0.0,15592.0,37.0,0.21534999999966906,32.0625,32.625,36.950000000000045,0.0,0.0,0.0,0.0,0.0,20.0,0.3,0.1,0.2,0.1,0.4,0.1,0.1,0.1,0.5,0.0,65535.0,0.11273365377279317,0.0,65535.0,0.07367055771725033,0.0,0.0,0.0,0.0,0.0,0.0,0.0,0.0,0.0,0.0
23244.92,0.5729344084419479,0.0,15592.0,37.0,0.24214999999965972,32.0,32.625,36.710000000000036,0.0,0.0,0.0,0.0,0.0,20.0,0.3,0.1,0.2,0.1,0.4,0.1,0.1,0.1,0.5,0.0,65535.0,0.11255054551003281,0.0,65535.0,0.07373159380483711,0.0,0.0,0.0,0.0,0.0,0.0,0.0,0.0,0.0,0.0
23304.97,0.5759637535436349,0.0,15592.0,37.0,0.2616499999996596,32.0625,32.625,36.79000000000002,0.0,0.0,0.0,0.0,0.0,20.0,0.3,0.1,0.2,0.1,0.4,0.1,0.1,0.1,0.5,0.0,65535.0,0.11268787670710308,0.0,65535.0,0.0738078889143206,0.0,0.0,0.0,0.0,0.0,0.0,0.0,0.0,0.0,0.0
23365.02,0.5559661357315521,0.0,15592.0,37.0,0.24544999999965755,32.0,32.5625,37.03000000000003,0.0,0.0,0.0,0.0,0.0,20.0,0.3,0.1,0.2,0.1,0.4,0.1,0.1,0.1,0.5,0.0,65535.0,0.11270313572899977,0.0,65535.0,0.07345693141069658,0.0,0.0,0.0,0.0,0.0,0.0,0.0,0.0,0.0,0.0
23425.06,0.5448707510836523,0.0,15592.0,37.0,0.28134999999966753,32.0,32.5625,36.870000000000005,0.0,0.0,0.0,0.0,0.0,20.0,0.3,0.1,0.2,0.1,0.4,0.1,0.1,0.1,0.5,0.0,65535.0,0.11280994888227665,0.0,65535.0,0.07396047913328756,0.0,0.0,0.0,0.0,0.0,0.0,0.0,0.0,0.0,0.0
23485.1,0.5475433851347851,0.0,15592.0,37.0,0.23104999999965475,32.0,32.5625,36.93000000000001,0.0,0.0,0.0,0.0,0.0,20.0,0.3,0.1,0.2,0.1,0.4,0.1,0.1,0.1,0.5,0.0,65535.0,0.112993057145037,0.0,65535.0,0.07406729228656443,0.0,0.0,0.0,0.0,0.0,0.0,0.0,0.0,0.0,0.0
23545.15,0.6119056717956051,0.0,15592.0,37.0,0.20274999999966287,32.0,32.625,36.79000000000002,0.0,0.0,0.0,0.0,0.0,20.0,0.3,0.1,0.2,0.1,0.4,0.1,0.1,0.1,0.5,0.0,65535.0,0.1130235751888304,0.0,65535.0,0.07367055771725033,0.0,0.0,0.0,0.0,0.0,0.0,0.0,0.0,0.0,0.0
23605.19,0.5624880560507098,0.0,15592.0,37.0,0.20474999999965762,32.0,32.625,36.650000000000034,0.0,0.0,0.0,0.0,0.0,20.0,0.3,0.1,0.2,0.1,0.4,0.1,0.1,0.1,0.5,0.0,65535.0,0.1134050507362478,0.0,65535.0,0.07415884641794461,0.0,0.0,0.0,0.0,0.0,0.0,0.0,0.0,0.0,0.0
23665.24,0.5710764817533076,0.0,15592.0,37.0,0.2453499999996633,32.0,32.625,36.610000000000014,0.0,0.0,0.0,0.0,0.0,20.0,0.3,0.1,0.2,0.1,0.4,0.1,0.1,0.1,0.5,0.0,65535.0,0.11348134584573129,0.0,65535.0,0.07394522011139086,0.0,0.0,0.0,0.0,0.0,0.0,0.0,0.0,0.0,0.0
23725.28,0.5496245446447263,0.0,15592.0,37.0,0.23744999999965713,31.9375,32.625,36.710000000000036,0.0,0.0,0.0,0.0,0.0,20.0,0.3,0.1,0.2,0.1,0.4,0.1,0.1,0.1,0.5,0.0,65535.0,0.11337453269245441,0.0,65535.0,0.07431143663691157,0.0,0.0,0.0,0.0,0.0,0.0,0.0,0.0,0.0,0.0
23785.32,0.5508352369234333,0.0,15592.0,37.0,0.24244999999965172,32.0625,32.5625,36.93000000000001,0.0,0.0,0.0,0.0,0.0,20.0,0.3,0.1,0.2,0.1,0.4,0.1,0.1,0.1,0.5,0.0,65535.0,0.11338979171435111,0.0,65535.0,0.0741741054398413,0.0,0.0,0.0,0.0,0.0,0.0,0.0,0.0,0.0,0.0
23845.37,0.5256109647766076,0.0,15592.0,37.0,0.24304999999965032,32.0,32.625,36.79000000000002,0.0,0.0,0.0,0.0,0.0,20.0,0.3,0.1,0.2,0.1,0.4,0.1,0.1,0.1,0.5,0.0,65535.0,0.1134050507362478,0.0,65535.0,0.07392996108949416,0.0,0.0,0.0,0.0,0.0,0.0,0.0,0.0,0.0,0.0
23905.45,0.5212069790503243,0.0,15592.0,37.0,0.23924999999965377,32.0,32.625,36.97000000000003,0.0,0.0,0.0,0.0,0.0,20.0,0.3,0.1,0.2,0.1,0.4,0.1,0.1,0.1,0.5,0.0,65535.0,0.11374074921797513,0.0,65535.0,0.07441824979018845,0.0,0.0,0.0,0.0,0.0,0.0,0.0,0.0,0.0,0.0
23965.52,0.5074293972737195,0.0,15592.0,37.0,0.2513499999996587,32.0,32.625,36.870000000000005,0.0,0.0,0.0,0.0,0.0,20.0,0.3,0.1,0.2,0.1,0.4,0.1,0.1,0.1,0.5,0.0,65535.0,0.11360341802090486,0.0,65535.0,0.07403677424277104,0.0,0.0,0.0,0.0,0.0,0.0,0.0,0.0,0.0,0.0
24025.6,0.5240427041063536,0.0,15592.0,37.0,0.24254999999965243,32.0,32.625,36.89000000000004,0.0,0.0,0.0,0.0,0.0,20.0,0.3,0.1,0.2,0.1,0.4,0.1,0.1,0.1,0.5,0.0,65535.0,0.11322194247348745,0.0,65535.0,0.0741741054398413,0.0,0.0,0.0,0.0,0.0,0.0,0.0,0.0,0.0,0.0
24085.67,0.5340715290369191,0.0,15592.0,37.0,0.21044999999965064,32.0,32.625,36.85000000000002,0.0,0.0,0.0,0.0,0.0,20.0,0.3,0.1,0.2,0.1,0.4,0.1,0.1,0.1,0.5,0.0,65535.0,0.11364919508659495,0.0,65535.0,0.074189364461738,0.0,0.0,0.0,0.0,0.0,0.0,0.0,0.0,0.0,0.0
24145.7,0.5538928725339876,0.0,15592.0,37.0,0.23074999999964554,32.0,32.625,36.77000000000004,0.0,0.0,0.0,0.0,0.0,20.0,0.3,0.1,0.2,0.1,0.4,0.1,0.1,0.1,0.5,0.0,65535.0,0.11377126726176852,0.0,65535.0,0.07428091859311818,0.0,0.0,0.0,0.0,0.0,0.0,0.0,0.0,0.0,0.0
24205.8,0.5372338325612331,0.0,15592.0,37.0,0.24224999999965013,32.0,32.6875,36.85000000000002,0.0,0.0,0.0,0.0,0.0,20.0,0.3,0.1,0.2,0.1,0.4,0.1,0.1,0.1,0.5,0.0,65535.0,0.11367971313038834,0.0,65535.0,0.07455558098725872,0.0,0.0,0.0,0.0,0.0,0.0,0.0,0.0,0.0,0.0
24265.87,0.5524620477267986,0.0,15592.0,37.0,0.2272499999996487,32.0625,32.5625,36.85000000000002,0.0,0.0,0.0,0.0,0.0,20.0,0.3,0.1,0.2,0.1,0.4,0.1,0.1,0.1,0.5,0.0,65535.0,0.11354238193331807,0.0,65535.0,0.07426565957122148,0.0,0.0,0.0,0.0,0.0,0.0,0.0,0.0,0.0,0.0
24325.96,0.5416754392363221,0.0,15592.0,37.0,0.18954999999965116,32.0625,32.625,36.85000000000002,0.0,0.0,0.0,0.0,0.0,20.0,0.3,0.1,0.2,0.1,0.4,0.1,0.1,0.1,0.5,0.0,65535.0,0.11378652628366522,0.0,65535.0,0.07446402685587854,0.0,0.0,0.0,0.0,0.0,0.0,0.0,0.0,0.0,0.0
24386.05,0.5125329932300066,0.0,15592.0,37.0,0.19804999999964087,32.0,32.625,36.870000000000005,0.0,0.0,0.0,0.0,0.0,20.0,0.3,0.1,0.2,0.1,0.4,0.1,0.1,0.1,0.5,0.0,65535.0,0.1138628213931487,0.0,65535.0,0.07441824979018845,0.0,0.0,0.0,0.0,0.0,0.0,0.0,0.0,0.0,0.0
24446.11,0.5340681210043832,0.0,15592.0,37.0,0.238349999999646,31.9375,32.625,36.950000000000045,0.0,0.0,0.0,0.0,0.0,20.0,0.3,0.1,0.2,0.1,0.4,0.1,0.1,0.1,0.5,0.0,65535.0,0.11389333943694209,0.0,65535.0,0.07476920729381246,0.0,0.0,0.0,0.0,0.0,0.0,0.0,0.0,0.0,0.0
24506.14,0.5302324362583941,0.0,15592.0,37.0,0.24484999999964008,31.9375,32.625,36.89000000000004,0.0,0.0,0.0,0.0,0.0,20.0,0.3,0.1,0.2,0.1,0.4,0.1,0.1,0.1,0.5,0.0,65535.0,0.11435111009384298,0.0,65535.0,0.0746471351186389,0.0,0.0,0.0,0.0,0.0,0.0,0.0,0.0,0.0,0.0
24566.25,0.5615096636467168,0.0,15592.0,37.0,0.17534999999964132,32.0,32.6875,36.950000000000045,0.0,0.0,0.0,0.0,0.0,20.0,0.3,0.1,0.2,0.1,0.4,0.1,0.1,0.1,0.5,0.0,65535.0,0.1138628213931487,0.0,65535.0,0.0746166170748455,0.0,0.0,0.0,0.0,0.0,0.0,0.0,0.0,0.0,0.0
24626.34,0.5419934467870091,0.0,15592.0,37.0,0.20714999999964165,32.0,32.625,36.55000000000001,0.0,0.0,0.0,0.0,0.0,20.0,0.3,0.1,0.2,0.1,0.4,0.1,0.1,0.1,0.5,0.0,65535.0,0.11409170672159914,0.0,65535.0,0.0746318760967422,0.0,0.0,0.0,0.0,0.0,0.0,0.0,0.0,0.0,0.0
24686.41,0.54245754197426,0.0,15592.0,37.0,0.2701499999996429,32.0,32.5625,36.79000000000002,0.0,0.0,0.0,0.0,0.0,20.0,0.3,0.1,0.2,0.1,0.4,0.1,0.1,0.1,0.5,0.0,65535.0,0.11398489356832227,0.0,65535.0,0.07467765316243229,0.0,0.0,0.0,0.0,0.0,0.0,0.0,0.0,0.0,0.0
24746.47,0.5042407192231029,0.0,15592.0,37.0,0.21804999999964508,32.0625,32.625,36.77000000000004,0.0,0.0,0.0,0.0,0.0,20.0,0.3,0.1,0.2,0.1,0.4,0.1,0.1,0.1,0.5,0.0,65535.0,0.11430533302815289,0.0,65535.0,0.07487602044708934,0.0,0.0,0.0,0.0,0.0,0.0,0.0,0.0,0.0,0.0
24806.57,0.5369269657692515,0.0,15592.0,37.0,0.25774999999963566,32.0,32.5625,36.650000000000034,0.0,0.0,0.0,0.0,0.0,20.0,0.3,0.1,0.2,0.1,0.4,0.1,0.1,0.1,0.5,0.0,65535.0,0.11477836270695048,0.0,65535.0,0.0746318760967422,0.0,0.0,0.0,0.0,0.0,0.0,0.0,0.0,0.0,0.0
24866.65,0.5451024269761394,0.0,15592.0,37.0,0.2507499999996446,32.0625,32.5625,36.610000000000014,0.0,0.0,0.0,0.0,0.0,20.0,0.3,0.1,0.2,0.1,0.4,0.1,0.1,0.1,0.5,0.0,65535.0,0.11457999542229343,0.0,65535.0,0.07493705653467612,0.0,0.0,0.0,0.0,0.0,0.0,0.0,0.0,0.0,0.0
24926.74,0.5135141298380692,0.0,15592.0,37.0,0.23104999999963324,32.0,32.5625,36.870000000000005,0.0,0.0,0.0,0.0,0.0,20.0,0.3,0.1,0.2,0.1,0.4,0.1,0.1,0.1,0.5,0.0,65535.0,0.11432059205004959,0.0,65535.0,0.07490653849088273,0.0,0.0,0.0,0.0,0.0,0.0,0.0,0.0,0.0,0.0
24986.79,0.48707231145204744,0.0,15592.0,37.0,0.24484999999963233,32.0,32.5625,36.79000000000002,0.0,0.0,0.0,0.0,0.0,20.0,0.3,0.1,0.2,0.1,0.4,0.1,0.1,0.1,0.5,0.0,65535.0,0.11453421835660334,0.0,65535.0,0.07487602044708934,0.0,0.0,0.0,0.0,0.0,0.0,0.0,0.0,0.0,0.0
25046.87,0.49860324012707957,0.0,15592.0,37.0,0.24664999999963153,32.0,32.5625,36.81,0.0,0.0,0.0,0.0,0.0,20.0,0.3,0.1,0.2,0.1,0.4,0.1,0.1,0.1,0.5,0.0,65535.0,0.11485465781643396,0.0,65535.0,0.07498283360036621,0.0,0.0,0.0,0.0,0.0,0.0,0.0,0.0,0.0,0.0
25106.94,0.5246486847615843,0.0,15592.0,37.0,0.2643499999996313,32.0625,32.625,36.89000000000004,0.0,0.0,0.0,0.0,0.0,20.0,0.3,0.1,0.2,0.1,0.4,0.1,0.1,0.1,0.5,0.0,65535.0,0.11416800183108262,0.0,65535.0,0.07515068284122987,0.0,0.0,0.0,0.0,0.0,0.0,0.0,0.0,0.0,0.0
25167.01,0.5363290149100586,0.0,15592.0,37.0,0.2864499999996414,32.0625,32.625,36.950000000000045,0.0,0.0,0.0,0.0,0.0,20.0,0.3,0.1,0.2,0.1,0.4,0.1,0.1,0.1,0.5,0.0,65535.0,0.11477836270695048,0.0,65535.0,0.07486076142519264,0.0,0.0,0.0,0.0,0.0,0.0,0.0,0.0,0.0,0.0
25227.07,0.5344363086147402,0.0,15592.0,37.0,0.19104999999963687,32.0625,32.625,36.77000000000004,0.0,0.0,0.0,0.0,0.0,20.0,0.3,0.1,0.2,0.1,0.4,0.1,0.1,0.1,0.5,0.0,65535.0,0.11445792324711986,0.0,65535.0,0.07489127946898604,0.0,0.0,0.0,0.0,0.0,0.0,0.0,0.0,0.0,0.0
25287.15,0.5426261221500485,0.0,15592.0,37.0,0.20484999999963682,32.0625,32.5625,36.97000000000003,0.0,0.0,0.0,0.0,0.0,20.0,0.3,0.1,0.2,0.1,0.4,0.1,0.1,0.1,0.5,0.0,65535.0,0.11490043488212405,0.0,65535.0,0.07534905012588693,0.0,0.0,0.0,0.0,0.0,0.0,0.0,0.0,0.0,0.0
25347.22,0.5316589087047223,0.0,15592.0,37.0,0.21774999999963673,32.0625,32.625,36.97000000000003,0.0,0.0,0.0,0.0,0.0,20.0,0.3,0.1,0.2,0.1,0.4,0.1,0.1,0.1,0.5,0.0,65535.0,0.11497672999160753,0.0,65535.0,0.07527275501640344,0.0,0.0,0.0,0.0,0.0,0.0,0.0,0.0,0.0,0.0
25407.27,0.5283467122719063,0.0,15592.0,37.0,0.22744999999962623,32.0,32.625,36.85000000000002,0.0,0.0,0.0,0.0,0.0,20.0,0.3,0.1,0.2,0.1,0.4,0.1,0.1,0.1,0.5,0.0,65535.0,0.11477836270695048,0.0,65535.0,0.07533379110399023,0.0,0.0,0.0,0.0,0.0,0.0,0.0,0.0,0.0,0.0
25467.34,0.5225221692552202,0.0,15592.0,37.0,0.26924999999963173,32.0625,32.5625,36.710000000000036,0.0,0.0,0.0,0.0,0.0,20.0,0.3,0.1,0.2,0.1,0.4,0.1,0.1,0.1,0.5,0.0,65535.0,0.11488517586022735,0.0,65535.0,0.07525749599450675,0.0,0.0,0.0,0.0,0.0,0.0,0.0,0.0,0.0,0.0
25527.41,0.5180280411681355,0.0,15592.0,37.0,0.2313499999996244,32.0,32.5625,36.93000000000001,0.0,0.0,0.0,0.0,0.0,20.0,0.3,0.1,0.2,0.1,0.4,0.1,0.1,0.1,0.5,0.0,65535.0,0.11514457923247119,0.0,65535.0,0.07553215838864728,0.0,0.0,0.0,0.0,0.0,0.0,0.0,0.0,0.0,0.0
25587.48,0.49409181573123645,0.0,15592.0,37.0,0.2666499999996349,32.0,32.625,36.93000000000001,0.0,0.0,0.0,0.0,0.0,20.0,0.3,0.1,0.2,0.1,0.4,0.1,0.1,0.1,0.5,0.0,65535.0,0.1150988021667811,0.0,65535.0,0.07533379110399023,0.0,0.0,0.0,0.0,0.0,0.0,0.0,0.0,0.0,0.0
25647.51,0.51430261049659,0.0,15592.0,37.0,0.26284999999962416,32.0,32.625,36.950000000000045,0.0,0.0,0.0,0.0,0.0,20.0,0.3,0.1,0.2,0.1,0.4,0.1,0.1,0.1,0.5,0.0,65535.0,0.11534294651712826,0.0,65535.0,0.07551689936675059,0.0,0.0,0.0,0.0,0.0,0.0,0.0,0.0,0.0,0.0
25707.6,0.5299983941244024,0.0,15592.0,37.0,0.23894999999962743,32.0,32.5625,36.97000000000003,0.0,0.0,0.0,0.0,0.0,20.0,0.3,0.1,0.2,0.1,0.4,0.1,0.1,0.1,0.5,0.0,65535.0,0.11519035629816128,0.0,65535.0,0.07554741741054398,0.0,0.0,0.0,0.0,0.0,0.0,0.0,0.0,0.0,0.0
25767.66,0.5342612049645739,0.0,15592.0,37.0,0.26014999999962235,32.0,32.5625,36.85000000000002,0.0,0.0,0.0,0.0,0.0,20.0,0.3,0.1,0.2,0.1,0.4,0.1,0.1,0.1,0.5,0.0,65535.0,0.11537346456092165,0.0,65535.0,0.07536430914778362,0.0,0.0,0.0,0.0,0.0,0.0,0.0,0.0,0.0,0.0
25827.73,0.5241381597736507,0.0,15592.0,37.0,0.24634999999962068,31.9375,32.5625,37.03000000000003,0.0,0.0,0.0,0.0,0.0,20.0,0.3,0.1,0.2,0.1,0.4,0.1,0.1,0.1,0.5,0.0,65535.0,0.11555657282368201,0.0,65535.0,0.07530327306019684,0.0,0.0,0.0,0.0,0.0,0.0,0.0,0.0,0.0,0.0
25887.82,0.5390924007663691,0.0,15592.0,37.0,0.2478499999996193,32.0,32.5625,36.79000000000002,0.0,0.0,0.0,0.0,0.0,20.0,0.3,0.1,0.2,0.1,0.4,0.1,0.1,0.1,0.5,0.0,65535.0,0.1155718318455787,0.0,65535.0,0.0754863813229572,0.0,0.0,0.0,0.0,0.0,0.0,0.0,0.0,0.0,0.0
25947.89,0.5280931072074382,0.0,15592.0,37.0,0.24164999999962322,32.0,32.625,36.97000000000003,0.0,0.0,0.0,0.0,0.0,20.0,0.3,0.1,0.2,0.1,0.4,0.1,0.1,0.1,0.5,0.0,65535.0,0.11567864499885558,0.0,65535.0,0.07566948958571755,0.0,0.0,0.0,0.0,0.0,0.0,0.0,0.0,0.0,0.0
26007.94,0.5287954916877373,0.0,15592.0,37.0,0.2301499999996169,32.0,32.5625,36.950000000000045,0.0,0.0,0.0,0.0,0.0,20.0,0.3,0.1,0.2,0.1,0.4,0.1,0.1,0.1,0.5,0.0,65535.0,0.1156023498893721,0.0,65535.0,0.07534905012588693,0.0,0.0,0.0,0.0,0.0,0.0,0.0,0.0,0.0,0.0
26068.01,0.5053983876421719,0.0,15592.0,37.0,0.20924999999962,32.0,32.625,36.81,0.0,0.0,0.0,0.0,0.0,20.0,0.3,0.1,0.2,0.1,0.4,0.1,0.1,0.1,0.5,0.0,65535.0,0.11569390402075228,0.0,65535.0,0.07557793545433737,0.0,0.0,0.0,0.0,0.0,0.0,0.0,0.0,0.0,0.0
26128.08,0.5038351619879514,0.0,15592.0,37.0,0.1980499999996134,32.0,32.625,36.97000000000003,0.0,0.0,0.0,0.0,0.0,20.0,0.3,0.1,0.2,0.1,0.4,0.1,0.1,0.1,0.5,0.0,65535.0,0.1159838254367895,0.0,65535.0,0.07562371252002746,0.0,0.0,0.0,0.0,0.0,0.0,0.0,0.0,0.0,0.0
26188.15,0.52959128798027,0.0,15592.0,37.0,0.2247499999996133,32.0,32.625,36.710000000000036,0.0,0.0,0.0,0.0,0.0,20.0,0.3,0.1,0.2,0.1,0.4,0.1,0.1,0.1,0.5,0.0,65535.0,0.1159838254367895,0.0,65535.0,0.07574578469520103,0.0,0.0,0.0,0.0,0.0,0.0,0.0,0.0,0.0,0.0
26248.22,0.5280841619318284,0.0,15592.0,37.0,0.24274999999961283,32.0,32.625,36.650000000000034,0.0,0.0,0.0,0.0,0.0,20.0,0.3,0.1,0.2,0.1,0.4,0.1,0.1,0.1,0.5,0.0,65535.0,0.11584649423971924,0.0,65535.0,0.07560845349813076,0.0,0.0,0.0,0.0,0.0,0.0,0.0,0.0,0.0,0.0
26308.29,0.5232899452620254,0.0,15592.0,37.0,0.2666499999996229,31.9375,32.5625,36.77000000000004,0.0,0.0,0.0,0.0,0.0,20.0,0.3,0.1,0.2,0.1,0.4,0.1,0.1,0.1,0.5,0.0,65535.0,0.11610589761196308,0.0,65535.0,0.07594415197985808,0.0,0.0,0.0,0.0,0.0,0.0,0.0,0.0,0.0,0.0
26368.34,0.5116005993901613,0.0,15592.0,37.0,0.24784999999961158,32.0,32.625,36.77000000000004,0.0,0.0,0.0,0.0,0.0,20.0,0.3,0.1,0.2,0.1,0.4,0.1,0.1,0.1,0.5,0.0,65535.0,0.1160296025024796,0.0,65535.0,0.07605096513313496,0.0,0.0,0.0,0.0,0.0,0.0,0.0,0.0,0.0,0.0
26428.41,0.5018355064477262,0.0,15592.0,37.0,0.20604999999961862,32.0,32.5625,37.03000000000003,0.0,0.0,0.0,0.0,0.0,20.0,0.3,0.1,0.2,0.1,0.4,0.1,0.1,0.1,0.5,0.0,65535.0,0.11647211413748379,0.0,65535.0,0.07598992904554817,0.0,0.0,0.0,0.0,0.0,0.0,0.0,0.0,0.0,0.0
26488.48,0.546493130815817,0.0,15592.0,37.0,0.22014999999961832,32.0,32.625,36.93000000000001,0.0,0.0,0.0,0.0,0.0,20.0,0.3,0.1,0.2,0.1,0.4,0.1,0.1,0.1,0.5,0.0,65535.0,0.11625848783093004,0.0,65535.0,0.07612726024261844,0.0,0.0,0.0,0.0,0.0,0.0,0.0,0.0,0.0,0.0
26548.52,0.4939426439495913,0.0,15592.0,37.0,0.25194999999961865,32.0,32.5625,36.97000000000003,0.0,0.0,0.0,0.0,0.0,20.0,0.3,0.1,0.2,0.1,0.4,0.1,0.1,0.1,0.5,0.0,65535.0,0.11627374685282674,0.0,65535.0,0.07582207980468451,0.0,0.0,0.0,0.0,0.0,0.0,0.0,0.0,0.0,0.0
26608.6,0.506082636358395,0.0,15592.0,37.0,0.19834999999960629,32.0,32.5625,36.870000000000005,0.0,0.0,0.0,0.0,0.0,20.0,0.3,0.1,0.2,0.1,0.4,0.1,0.1,0.1,0.5,0.0,65535.0,0.11631952391851683,0.0,65535.0,0.07632562752727551,0.0,0.0,0.0,0.0,0.0,0.0,0.0,0.0,0.0,0.0
26668.67,0.4760235334545893,0.0,15592.0,37.0,0.22984999999960606,32.0,32.5625,36.77000000000004,0.0,0.0,0.0,0.0,0.0,20.0,0.3,0.1,0.2,0.1,0.4,0.1,0.1,0.1,0.5,0.0,65535.0,0.11647211413748379,0.0,65535.0,0.07623407339589533,0.0,0.0,0.0,0.0,0.0,0.0,0.0,0.0,0.0,0.0
26728.72,0.4849288812279845,0.0,15592.0,37.0,0.21744999999961478,32.0,32.5625,36.73000000000002,0.0,0.0,0.0,0.0,0.0,20.0,0.3,0.1,0.2,0.1,0.4,0.1,0.1,0.1,0.5,0.0,65535.0,0.1164415960936904,0.0,65535.0,0.07592889295796139,0.0,0.0,0.0,0.0,0.0,0.0,0.0,0.0,0.0,0.0
26788.76,0.49200823041482,0.0,15592.0,37.0,0.2365499999996099,31.9375,32.625,36.89000000000004,0.0,0.0,0.0,0.0,0.0,20.0,0.3,0.1,0.2,0.1,0.4,0.1,0.1,0.1,0.5,0.0,65535.0,0.11671625848783093,0.0,65535.0,0.07609674219882505,0.0,0.0,0.0,0.0,0.0,0.0,0.0,0.0,0.0,0.0
26848.8,0.48562113773217475,0.0,15592.0,37.0,0.243949999999604,32.0,32.625,36.870000000000005,0.0,0.0,0.0,0.0,0.0,20.0,0.3,0.1,0.2,0.1,0.4,0.1,0.1,0.1,0.5,0.0,65535.0,0.11679255359731441,0.0,65535.0,0.07640192263675899,0.0,0.0,0.0,0.0,0.0,0.0,0.0,0.0,0.0,0.0
26908.85,0.4792194331797721,0.0,15592.0,37.0,0.21804999999961167,31.9375,32.5625,36.73000000000002,0.0,0.0,0.0,0.0,0.0,20.0,0.3,0.1,0.2,0.1,0.4,0.1,0.1,0.1,0.5,0.0,65535.0,0.11673151750972763,0.0,65535.0,0.0763866636148623,0.0,0.0,0.0,0.0,0.0,0.0,0.0,0.0,0.0,0.0
26968.91,0.48979334604707503,0.0,15592.0,37.0,0.269849999999608,32.0,32.5625,36.93000000000001,0.0,0.0,0.0,0.0,0.0,20.0,0.3,0.1,0.2,0.1,0.4,0.1,0.1,0.1,0.5,0.0,65535.0,0.11679255359731441,0.0,65535.0,0.07667658503089952,0.0,0.0,0.0,0.0,0.0,0.0,0.0,0.0,0.0,0.0
27028.95,0.5009140201551915,0.0,15592.0,37.0,0.22924999999960063,31.9375,32.5625,36.79000000000002,0.0,0.0,0.0,0.0,0.0,20.0,0.3,0.1,0.2,0.1,0.4,0.1,0.1,0.1,0.5,0.0,65535.0,0.11657892729076066,0.0,65535.0,0.0763561455710689,0.0,0.0,0.0,0.0,0.0,0.0,0.0,0.0,0.0,0.0
27089.02,0.522128535128477,0.0,15592.0,37.0,0.22834999999959976,32.0625,32.5625,36.89000000000004,0.0,0.0,0.0,0.0,0.0,20.0,0.3,0.1,0.2,0.1,0.4,0.1,0.1,0.1,0.5,0.0,65535.0,0.11680781261921111,0.0,65535.0,0.0763561455710689,0.0,0.0,0.0,0.0,0.0,0.0,0.0,0.0,0.0,0.0
27149.1,0.48730493987737394,0.0,15592.0,37.0,0.2409499999995991,32.0,32.5,36.93000000000001,0.0,0.0,0.0,0.0,0.0,20.0,0.3,0.1,0.2,0.1,0.4,0.1,0.1,0.1,0.5,0.0,65535.0,0.11699092088197147,0.0,65535.0,0.07621881437399863,0.0,0.0,0.0,0.0,0.0,0.0,0.0,0.0,0.0,0.0
27209.17,0.4690552962785392,0.0,15592.0,37.0,0.21744999999960712,31.9375,32.5625,36.710000000000036,0.0,0.0,0.0,0.0,0.0,20.0,0.3,0.1,0.2,0.1,0.4,0.1,0.1,0.1,0.5,0.0,65535.0,0.11697566186007477,0.0,65535.0,0.07661554894331274,0.0,0.0,0.0,0.0,0.0,0.0,0.0,0.0,0.0,0.0
27269.24,0.47153795810380134,0.0,15592.0,37.0,0.22154999999960168,31.9375,32.5625,36.93000000000001,0.0,0.0,0.0,0.0,0.0,20.0,0.3,0.1,0.2,0.1,0.4,0.1,0.1,0.1,0.5,0.0,65535.0,0.1172503242542153,0.0,65535.0,0.07661554894331274,0.0,0.0,0.0,0.0,0.0,0.0,0.0,0.0,0.0,0.0
27329.32,0.5300382277135238,0.0,15592.0,37.0,0.20714999999960054,32.0,32.5625,36.81,0.0,0.0,0.0,0.0,0.0,20.0,0.3,0.1,0.2,0.1,0.4,0.1,0.1,0.1,0.5,0.0,65535.0,0.117265583276112,0.0,65535.0,0.0767681391622797,0.0,0.0,0.0,0.0,0.0,0.0,0.0,0.0,0.0,0.0
27389.36,0.47677524816163686,0.0,15592.0,37.0,0.26074999999959697,32.0,32.5625,36.85000000000002,0.0,0.0,0.0,0.0,0.0,20.0,0.3,0.1,0.2,0.1,0.4,0.1,0.1,0.1,0.5,0.0,65535.0,0.11720454718852522,0.0,65535.0,0.07649347676813917,0.0,0.0,0.0,0.0,0.0,0.0,0.0,0.0,0.0,0.0
27449.45,0.46614772079213673,0.0,15592.0,37.0,0.2195499999996043,32.0,32.5625,36.81,0.0,0.0,0.0,0.0,0.0,20.0,0.3,0.1,0.2,0.1,0.4,0.1,0.1,0.1,0.5,0.0,65535.0,0.11720454718852522,0.0,65535.0,0.07660028992141604,0.0,0.0,0.0,0.0,0.0,0.0,0.0,0.0,0.0,0.0
27509.5,0.4407266315232221,0.0,15592.0,37.0,0.21684999999960336,32.0,32.5,36.55000000000001,0.0,0.0,0.0,0.0,0.0,20.0,0.3,0.1,0.2,0.1,0.4,0.1,0.1,0.1,0.5,0.0,65535.0,0.11696040283817807,0.0,65535.0,0.07663080796520944,0.0,0.0,0.0,0.0,0.0,0.0,0.0,0.0,0.0,0.0
27569.61,0.48404927978593204,0.0,15592.0,37.0,0.23894999999959832,31.9375,32.5625,36.93000000000001,0.0,0.0,0.0,0.0,0.0,20.0,0.3,0.1,0.2,0.1,0.4,0.1,0.1,0.1,0.5,0.0,65535.0,0.11755550469214923,0.0,65535.0,0.076752880140383,0.0,0.0,0.0,0.0,0.0,0.0,0.0,0.0,0.0,0.0
27629.69,0.48428745548522767,0.0,15592.0,37.0,0.24514999999959267,32.0,32.5625,36.73000000000002,0.0,0.0,0.0,0.0,0.0,20.0,0.3,0.1,0.2,0.1,0.4,0.1,0.1,0.1,0.5,0.0,65535.0,0.1172503242542153,0.0,65535.0,0.0767681391622797,0.0,0.0,0.0,0.0,0.0,0.0,0.0,0.0,0.0,0.0
27689.72,0.48052290003814335,0.0,15592.0,37.0,0.18304999999958887,32.0,32.5625,36.55000000000001,0.0,0.0,0.0,0.0,0.0,20.0,0.3,0.1,0.2,0.1,0.4,0.1,0.1,0.1,0.5,0.0,65535.0,0.11772335393301289,0.0,65535.0,0.07658503089951935,0.0,0.0,0.0,0.0,0.0,0.0,0.0,0.0,0.0,0.0
27749.79,0.4767327647216631,0.0,15592.0,37.0,0.24864999999960025,31.9375,32.5625,36.870000000000005,0.0,0.0,0.0,0.0,0.0,20.0,0.3,0.1,0.2,0.1,0.4,0.1,0.1,0.1,0.5,0.0,65535.0,0.11790646219577325,0.0,65535.0,0.07692072938124667,0.0,0.0,0.0,0.0,0.0,0.0,0.0,0.0,0.0,0.0
27809.83,0.4717603825718042,0.0,15592.0,37.0,0.20304999999959822,32.0,32.5,36.77000000000004,0.0,0.0,0.0,0.0,0.0,20.0,0.3,0.1,0.2,0.1,0.4,0.1,0.1,0.1,0.5,0.0,65535.0,0.11764705882352941,0.0,65535.0,0.07699702449073015,0.0,0.0,0.0,0.0,0.0,0.0,0.0,0.0,0.0,0.0
27869.88,0.4718007691372437,0.0,15592.0,37.0,0.2654499999996,31.9375,32.5625,36.79000000000002,0.0,0.0,0.0,0.0,0.0,20.0,0.3,0.1,0.2,0.1,0.4,0.1,0.1,0.1,0.5,0.0,65535.0,0.1172808422980087,0.0,65535.0,0.07681391622796979,0.0,0.0,0.0,0.0,0.0,0.0,0.0,0.0,0.0,0.0
27929.94,0.4812338515357463,0.0,15592.0,37.0,0.25104999999959887,31.875,32.5625,36.89000000000004,0.0,0.0,0.0,0.0,0.0,20.0,0.3,0.1,0.2,0.1,0.4,0.1,0.1,0.1,0.5,0.0,65535.0,0.11741817349507896,0.0,65535.0,0.07713435568780042,0.0,0.0,0.0,0.0,0.0,0.0,0.0,0.0,0.0,0.0
27990.0,0.5207336582662739,0.0,15592.0,37.0,0.22954999999958745,31.9375,32.5625,36.81,0.0,0.0,0.0,0.0,0.0,20.0,0.3,0.1,0.2,0.1,0.4,0.1,0.1,0.1,0.5,0.0,65535.0,0.11773861295490959,0.0,65535.0,0.07687495231555658,0.0,0.0,0.0,0.0,0.0,0.0,0.0,0.0,0.0,0.0
28050.05,0.5493283215026366,0.0,15592.0,37.0,0.24104999999959204,31.9375,32.5625,36.85000000000002,0.0,0.0,0.0,0.0,0.0,20.0,0.3,0.1,0.2,0.1,0.4,0.1,0.1,0.1,0.5,0.0,65535.0,0.11773861295490959,0.0,65535.0,0.07685969329365988,0.0,0.0,0.0,0.0,0.0,0.0,0.0,0.0,0.0,0.0
28110.12,0.5375003502466456,0.0,15592.0,37.0,0.2177499999995956,32.0,32.5625,36.77000000000004,0.0,0.0,0.0,0.0,0.0,20.0,0.3,0.1,0.2,0.1,0.4,0.1,0.1,0.1,0.5,0.0,65535.0,0.11819638361181048,0.0,65535.0,0.07714961470969711,0.0,0.0,0.0,0.0,0.0,0.0,0.0,0.0,0.0,0.0
28170.16,0.4590092547295528,0.0,15592.0,37.0,0.2580499999995865,31.9375,32.5625,36.610000000000014,0.0,0.0,0.0,0.0,0.0,20.0,0.3,0.1,0.2,0.1,0.4,0.1,0.1,0.1,0.5,0.0,65535.0,0.11795223926146334,0.0,65535.0,0.0772106507972839,0.0,0.0,0.0,0.0,0.0,0.0,0.0,0.0,0.0,0.0
28230.24,0.45451236285165986,0.0,15592.0,37.0,0.2571499999995856,31.9375,32.5,36.81,0.0,0.0,0.0,0.0,0.0,20.0,0.3,0.1,0.2,0.1,0.4,0.1,0.1,0.1,0.5,0.0,65535.0,0.11847104600595101,0.0,65535.0,0.07731746395056077,0.0,0.0,0.0,0.0,0.0,0.0,0.0,0.0,0.0,0.0
28290.28,0.4552252684205314,0.0,15592.0,37.0,0.2645499999995948,31.9375,32.5625,36.650000000000034,0.0,0.0,0.0,0.0,0.0,20.0,0.3,0.1,0.2,0.1,0.4,0.1,0.1,0.1,0.5,0.0,65535.0,0.11801327534905012,0.0,65535.0,0.07745479514763104,0.0,0.0,0.0,0.0,0.0,0.0,0.0,0.0,0.0,0.0
28350.35,0.500718234718559,0.0,15592.0,37.0,0.2958499999995856,31.9375,32.5625,36.77000000000004,0.0,0.0,0.0,0.0,0.0,20.0,0.3,0.1,0.2,0.1,0.4,0.1,0.1,0.1,0.5,0.0,65535.0,0.11801327534905012,0.0,65535.0,0.07710383764400702,0.0,0.0,0.0,0.0,0.0,0.0,0.0,0.0,0.0,0.0
28410.43,0.5300515010440383,0.0,15592.0,37.0,0.20434999999958103,31.9375,32.5,37.03000000000003,0.0,0.0,0.0,0.0,0.0,20.0,0.3,0.1,0.2,0.1,0.4,0.1,0.1,0.1,0.5,0.0,65535.0,0.11790646219577325,0.0,65535.0,0.07745479514763104,0.0,0.0,0.0,0.0,0.0,0.0,0.0,0.0,0.0,0.0
28470.48,0.49823911938587595,0.0,15592.0,37.0,0.20604999999959028,32.0,32.5,36.950000000000045,0.0,0.0,0.0,0.0,0.0,20.0,0.3,0.1,0.2,0.1,0.4,0.1,0.1,0.1,0.5,0.0,65535.0,0.11839475089646753,0.0,65535.0,0.07736324101625086,0.0,0.0,0.0,0.0,0.0,0.0,0.0,0.0,0.0,0.0
28530.55,0.5027868933736749,0.0,15592.0,37.0,0.24844999999958098,32.0,32.5,36.870000000000005,0.0,0.0,0.0,0.0,0.0,20.0,0.3,0.1,0.2,0.1,0.4,0.1,0.1,0.1,0.5,0.0,65535.0,0.11833371480888075,0.0,65535.0,0.0776226443884947,0.0,0.0,0.0,0.0,0.0,0.0,0.0,0.0,0.0,0.0
28590.63,0.49585032720600986,0.0,15592.0,37.0,0.20634999999958828,32.0625,32.5,36.950000000000045,0.0,0.0,0.0,0.0,0.0,20.0,0.3,0.1,0.2,0.1,0.4,0.1,0.1,0.1,0.5,0.0,65535.0,0.11790646219577325,0.0,65535.0,0.07725642786297399,0.0,0.0,0.0,0.0,0.0,0.0,0.0,0.0,0.0,0.0
28650.67,0.5080112343695773,0.0,15592.0,37.0,0.18594999999958664,31.9375,32.5,36.77000000000004,0.0,0.0,0.0,0.0,0.0,20.0,0.3,0.1,0.2,0.1,0.4,0.1,0.1,0.1,0.5,0.0,65535.0,0.11799801632715343,0.0,65535.0,0.07711909666590372,0.0,0.0,0.0,0.0,0.0,0.0,0.0,0.0,0.0,0.0
28710.74,0.5657730174240285,0.0,15592.0,37.0,0.2639499999995893,31.9375,32.5625,36.870000000000005,0.0,0.0,0.0,0.0,0.0,20.0,0.3,0.1,0.2,0.1,0.4,0.1,0.1,0.1,0.5,0.0,65535.0,0.11822690165560387,0.0,65535.0,0.07751583123521782,0.0,0.0,0.0,0.0,0.0,0.0,0.0,0.0,0.0,0.0
28770.83,0.5060108535348713,0.0,15592.0,37.0,0.24454999999957766,32.0,32.5,36.690000000000055,0.0,0.0,0.0,0.0,0.0,20.0,0.3,0.1,0.2,0.1,0.4,0.1,0.1,0.1,0.5,0.0,65535.0,0.11801327534905012,0.0,65535.0,0.0771953917753872,0.0,0.0,0.0,0.0,0.0,0.0,0.0,0.0,0.0,0.0
28830.92,0.5554510933119698,0.0,15592.0,37.0,0.2221499999995804,31.9375,32.5625,36.79000000000002,0.0,0.0,0.0,0.0,0.0,20.0,0.3,0.1,0.2,0.1,0.4,0.1,0.1,0.1,0.5,0.0,65535.0,0.11819638361181048,0.0,65535.0,0.07725642786297399,0.0,0.0,0.0,0.0,0.0,0.0,0.0,0.0,0.0,0.0
28891.01,0.5293117386324415,0.0,15592.0,37.0,0.2183499999995847,31.9375,32.5625,36.57000000000005,0.0,0.0043,0.25,0.0,0.0,20.0,0.3,0.1,0.2,0.1,0.4,0.1,0.1,0.1,0.5,0.0,65535.0,0.11828793774319066,0.0,65535.0,0.07728694590676738,0.0,0.0,0.0,0.0,0.0,0.0,0.0,0.0,0.0,0.0
28951.09,0.49721663280086476,0.0,15592.0,37.0,0.3949999999995798,31.875,32.5,36.410000000000025,0.0,0.0,0.0,0.0,0.0,20.0,0.3,0.1,0.2,0.1,0.4,0.1,0.1,0.1,0.5,0.0,65535.0,0.11577019913023576,0.0,65535.0,0.07582207980468451,0.0,0.0,0.0,0.0,0.0,0.0,0.0,0.0,0.0,0.0
29011.14,0.4959751174325482,0.0,15592.0,37.0,0.3455499999995722,31.9375,32.5,36.55000000000001,0.0,0.0,0.0,0.0,0.0,20.0,0.3,0.1,0.2,0.1,0.4,0.1,0.1,0.1,0.5,0.0,65535.0,0.11529716945143817,0.0,65535.0,0.0754558632791638,0.0,0.0,0.0,0.0,0.0,0.0,0.0,0.0,0.0,0.0
29071.23,0.5463214733682796,0.0,15592.0,37.0,0.271149999999583,32.0,32.5625,36.710000000000036,0.0,0.0,0.0,0.0,0.0,20.0,0.3,0.1,0.2,0.1,0.4,0.1,0.1,0.1,0.5,0.0,65535.0,0.11532768749523156,0.0,65535.0,0.0754558632791638,0.0,0.0,0.0,0.0,0.0,0.0,0.0,0.0,0.0,0.0
29131.3,0.5435482003469472,0.0,15592.0,37.0,0.2587499999995767,32.0,32.5625,37.05000000000001,0.0,0.0,0.0,0.0,0.0,20.0,0.3,0.1,0.2,0.1,0.4,0.1,0.1,0.1,0.5,0.0,65535.0,0.11522087434195467,0.0,65535.0,0.07559319447623407,0.0,0.0,0.0,0.0,0.0,0.0,0.0,0.0,0.0,0.0
29191.37,0.5400158451830147,0.0,15592.0,37.0,0.1727499999995779,32.0625,32.5,37.01000000000005,0.0,0.0,0.0,0.0,0.0,20.0,0.3,0.1,0.2,0.1,0.4,0.1,0.1,0.1,0.5,0.0,65535.0,0.11519035629816128,0.0,65535.0,0.07542534523537041,0.0,0.0,0.0,0.0,0.0,0.0,0.0,0.0,0.0,0.0
29251.46,0.570175215370878,0.0,15592.0,37.0,0.2194499999995738,32.0625,32.5,36.81,0.0,0.0,0.0,0.0,0.0,20.0,0.3,0.1,0.2,0.1,0.4,0.1,0.1,0.1,0.5,0.0,65535.0,0.11544975967040513,0.0,65535.0,0.07600518806744487,0.0,0.0,0.0,0.0,0.0,0.0,0.0,0.0,0.0,0.0
29311.52,0.5783570951592371,0.0,15592.0,37.0,0.19494999999957674,32.0625,32.5625,36.85000000000002,0.0,0.0,0.0,0.0,0.0,20.0,0.3,0.1,0.2,0.1,0.4,0.1,0.1,0.1,0.5,0.0,65535.0,0.11563286793316549,0.0,65535.0,0.07565423056382085,0.0,0.0,0.0,0.0,0.0,0.0,0.0,0.0,0.0,0.0
29371.6,0.5120414004965441,0.0,15592.0,37.0,0.2502499999995682,32.0,32.5625,36.77000000000004,0.0,0.0,0.0,0.0,0.0,20.0,0.3,0.1,0.2,0.1,0.4,0.1,0.1,0.1,0.5,0.0,65535.0,0.11577019913023576,0.0,65535.0,0.07595941100175478,0.0,0.0,0.0,0.0,0.0,0.0,0.0,0.0,0.0,0.0
29431.64,0.45645084098599975,0.0,15592.0,37.0,0.25054999999956706,32.0,32.5,36.77000000000004,0.0,0.0,0.0,0.0,0.0,20.0,0.3,0.1,0.2,0.1,0.4,0.1,0.1,0.1,0.5,0.0,65535.0,0.1156023498893721,0.0,65535.0,0.07591363393606469,0.0,0.0,0.0,0.0,0.0,0.0,0.0,0.0,0.0,0.0
29491.71,0.48193388319980385,0.0,15592.0,37.0,0.2464499999995708,32.0,32.5,36.77000000000004,0.0,0.0,0.0,0.0,0.0,20.0,0.3,0.1,0.2,0.1,0.4,0.1,0.1,0.1,0.5,0.0,65535.0,0.11592278934920272,0.0,65535.0,0.07577630273899442,0.0,0.0,0.0,0.0,0.0,0.0,0.0,0.0,0.0,0.0
29551.76,0.47346537647477593,0.0,15592.0,37.0,0.22524999999957415,32.0,32.5625,36.81,0.0,0.0,0.0,0.0,0.0,20.0,0.3,0.1,0.2,0.1,0.4,0.1,0.1,0.1,0.5,0.0,65535.0,0.11584649423971924,0.0,65535.0,0.07553215838864728,0.0,0.0,0.0,0.0,0.0,0.0,0.0,0.0,0.0,0.0
29611.82,0.5010297920883676,0.0,15592.0,37.0,0.25674999999957476,31.9375,32.5625,36.85000000000002,0.0,0.0,0.0,0.0,0.0,20.0,0.3,0.1,0.2,0.1,0.4,0.1,0.1,0.1,0.5,0.0,65535.0,0.11625848783093004,0.0,65535.0,0.07583733882658121,0.0,0.0,0.0,0.0,0.0,0.0,0.0,0.0,0.0,0.0
29671.89,0.5881661161546006,0.0,15592.0,37.0,0.2631499999995647,32.0,32.5625,36.81,0.0,0.0,0.0,0.0,0.0,20.0,0.3,0.1,0.2,0.1,0.4,0.1,0.1,0.1,0.5,0.0,65535.0,0.1156176089112688,0.0,65535.0,0.0758831158922713,0.0,0.0,0.0,0.0,0.0,0.0,0.0,0.0,0.0,0.0
29731.97,0.570354291179832,0.0,15592.0,37.0,0.2472499999995632,32.0,32.5625,36.870000000000005,0.0,0.0,0.0,0.0,0.0,20.0,0.3,0.1,0.2,0.1,0.4,0.1,0.1,0.1,0.5,0.0,65535.0,0.11633478294041352,0.0,65535.0,0.07573052567330434,0.0,0.0,0.0,0.0,0.0,0.0,0.0,0.0,0.0,0.0
29792.04,0.5244103815451039,0.0,15592.0,37.0,0.23894999999956648,31.9375,32.5625,37.03000000000003,0.0,0.0,0.0,0.0,0.0,20.0,0.3,0.1,0.2,0.1,0.4,0.1,0.1,0.1,0.5,0.0,65535.0,0.1160296025024796,0.0,65535.0,0.07579156176089112,0.0,0.0,0.0,0.0,0.0,0.0,0.0,0.0,0.0,0.0
29852.12,0.5118093151320379,0.0,15592.0,37.0,0.2657499999995714,32.0,32.5625,36.63000000000005,0.0,0.0,0.0,0.0,0.0,20.0,0.3,0.1,0.2,0.1,0.4,0.1,0.1,0.1,0.5,0.0,65535.0,0.11628900587472343,0.0,65535.0,0.07600518806744487,0.0,0.0,0.0,0.0,0.0,0.0,0.0,0.0,0.0,0.0
29912.19,0.5197714129692705,0.0,15592.0,37.0,0.26844999999957064,31.9375,32.5,36.77000000000004,0.0,0.0,0.0,0.0,0.0,20.0,0.3,0.1,0.2,0.1,0.4,0.1,0.1,0.1,0.5,0.0,65535.0,0.11636530098420692,0.0,65535.0,0.07597467002365148,0.0,0.0,0.0,0.0,0.0,0.0,0.0,0.0,0.0,0.0
29972.26,0.5086280316824205,0.0,15592.0,37.0,0.18954999999956704,32.0,32.5625,36.93000000000001,0.0,0.0,0.0,0.0,0.0,20.0,0.3,0.1,0.2,0.1,0.4,0.1,0.1,0.1,0.5,0.0,65535.0,0.11631952391851683,0.0,65535.0,0.07592889295796139,0.0,0.0,0.0,0.0,0.0,0.0,0.0,0.0,0.0,0.0
30032.34,0.5713050458357143,0.0,15592.0,37.0,0.21564999999956747,32.0,32.5,36.89000000000004,0.0,0.0,0.0,0.0,0.0,20.0,0.3,0.1,0.2,0.1,0.4,0.1,0.1,0.1,0.5,0.0,65535.0,0.11621271076523995,0.0,65535.0,0.07611200122072175,0.0,0.0,0.0,0.0,0.0,0.0,0.0,0.0,0.0,0.0
30092.42,0.6495538542540571,0.0,15592.0,37.0,0.264549999999569,32.0625,32.5,36.73000000000002,0.0,0.0,0.0,0.0,0.0,20.0,0.3,0.1,0.2,0.1,0.4,0.1,0.1,0.1,0.5,0.0,65535.0,0.1164568551155871,0.0,65535.0,0.07653925383382926,0.0,0.0,0.0,0.0,0.0,0.0,0.0,0.0,0.0,0.0
30152.48,0.6592376001252056,0.0,15592.0,37.0,0.23104999999955686,31.9375,32.5,36.93000000000001,0.0,0.0,0.0,0.0,0.0,20.0,0.3,0.1,0.2,0.1,0.4,0.1,0.1,0.1,0.5,0.0,65535.0,0.11659418631265736,0.0,65535.0,0.0763714045929656,0.0,0.0,0.0,0.0,0.0,0.0,0.0,0.0,0.0,0.0
30212.55,0.5773649938616788,0.0,15592.0,37.0,0.24544999999955625,31.9375,32.5625,36.870000000000005,0.0,0.0,0.0,0.0,0.0,20.0,0.3,0.1,0.2,0.1,0.4,0.1,0.1,0.1,0.5,0.0,65535.0,0.11668574044403754,0.0,65535.0,0.07650873579003586,0.0,0.0,0.0,0.0,0.0,0.0,0.0,0.0,0.0,0.0
30272.62,0.6107922406327775,0.0,15592.0,37.0,0.22714999999955443,32.0,32.5625,36.610000000000014,0.0,0.0,0.0,0.0,0.0,20.0,0.3,0.1,0.2,0.1,0.4,0.1,0.1,0.1,0.5,0.0,65535.0,0.11657892729076066,0.0,65535.0,0.0763408865491722,0.0,0.0,0.0,0.0,0.0,0.0,0.0,0.0,0.0,0.0
30332.69,0.6262000777043208,0.0,15592.0,37.0,0.26804999999955986,32.0,32.5,36.650000000000034,0.0,0.0,0.0,0.0,0.0,20.0,0.3,0.1,0.2,0.1,0.4,0.1,0.1,0.1,0.5,0.0,65535.0,0.11663996337834745,0.0,65535.0,0.07631036850537881,0.0,0.0,0.0,0.0,0.0,0.0,0.0,0.0,0.0,0.0
30392.77,0.6379681489513364,0.0,15592.0,37.0,0.24484999999955337,31.9375,32.5625,36.97000000000003,0.0,0.0,0.0,0.0,0.0,20.0,0.3,0.1,0.2,0.1,0.4,0.1,0.1,0.1,0.5,0.0,65535.0,0.11677729457541772,0.0,65535.0,0.07643244068055238,0.0,0.0,0.0,0.0,0.0,0.0,0.0,0.0,0.0,0.0
30452.84,0.5521952505990929,0.0,15592.0,37.0,0.23984999999955706,31.9375,32.5,36.81,0.0,0.0,0.0,0.0,0.0,20.0,0.3,0.1,0.2,0.1,0.4,0.1,0.1,0.1,0.5,0.0,65535.0,0.11700617990386816,0.0,65535.0,0.07627985046158542,0.0,0.0,0.0,0.0,0.0,0.0,0.0,0.0,0.0,0.0
30512.91,0.5380509231252334,0.0,15592.0,37.0,0.3031499999995589,31.9375,32.5,36.81,0.0,0.0,0.0,0.0,0.0,20.0,0.3,0.1,0.2,0.1,0.4,0.1,0.1,0.1,0.5,0.0,65535.0,0.11656366826886397,0.0,65535.0,0.07650873579003586,0.0,0.0,0.0,0.0,0.0,0.0,0.0,0.0,0.0,0.0
30572.99,0.5550523623229959,0.0,15592.0,37.0,0.22104999999955993,32.0,32.5,36.79000000000002,0.0,0.0,0.0,0.0,0.0,20.0,0.3,0.1,0.2,0.1,0.4,0.1,0.1,0.1,0.5,0.0,65535.0,0.11689936675059129,0.0,65535.0,0.07673762111848631,0.0,0.0,0.0,0.0,0.0,0.0,0.0,0.0,0.0,0.0
30633.06,0.5607954686701346,0.0,15592.0,37.0,0.2478499999995506,32.0,32.5,36.81,0.0,0.0,0.0,0.0,0.0,20.0,0.3,0.1,0.2,0.1,0.4,0.1,0.1,0.1,0.5,0.0,65535.0,0.11697566186007477,0.0,65535.0,0.07632562752727551,0.0,0.0,0.0,0.0,0.0,0.0,0.0,0.0,0.0,0.0
30693.14,0.45684732172432185,0.0,15592.0,37.0,0.23224999999954887,32.0,32.5625,36.79000000000002,0.0,0.0,0.0,0.0,0.0,20.0,0.3,0.1,0.2,0.1,0.4,0.1,0.1,0.1,0.5,0.0,65535.0,0.1168535896849012,0.0,65535.0,0.07664606698710613,0.0,0.0,0.0,0.0,0.0,0.0,0.0,0.0,0.0,0.0
30753.2,0.4814921907506394,0.0,15592.0,37.0,0.231349999999548,32.0,32.5,37.03000000000003,0.0,0.0,0.0,0.0,0.0,20.0,0.3,0.1,0.2,0.1,0.4,0.1,0.1,0.1,0.5,0.0,65535.0,0.11688410772869459,0.0,65535.0,0.07672236209658961,0.0,0.0,0.0,0.0,0.0,0.0,0.0,0.0,0.0,0.0
30813.28,0.47902772352128625,0.0,15592.0,37.0,0.24404999999955237,32.0,32.5,36.81,0.0,0.0,0.0,0.0,0.0,20.0,0.3,0.1,0.2,0.1,0.4,0.1,0.1,0.1,0.5,0.0,65535.0,0.1168230716411078,0.0,65535.0,0.07621881437399863,0.0,0.0,0.0,0.0,0.0,0.0,0.0,0.0,0.0,0.0
30873.35,0.4892002317469518,0.0,15592.0,37.0,0.18664999999954432,31.9375,32.5,37.09000000000003,0.0,0.0,0.0,0.0,0.0,20.0,0.3,0.1,0.2,0.1,0.4,0.1,0.1,0.1,0.5,0.0,65535.0,0.11697566186007477,0.0,65535.0,0.07667658503089952,0.0,0.0,0.0,0.0,0.0,0.0,0.0,0.0,0.0,0.0
30933.4,0.4882410968317545,0.0,15592.0,37.0,0.22954999999954454,32.0,32.5,36.89000000000004,0.0,0.0,0.0,0.0,0.0,20.0,0.3,0.1,0.2,0.1,0.4,0.1,0.1,0.1,0.5,0.0,65535.0,0.11699092088197147,0.0,65535.0,0.07681391622796979,0.0,0.0,0.0,0.0,0.0,0.0,0.0,0.0,0.0,0.0
30993.46,0.48529411014253165,0.0,15592.0,37.0,0.26634999999955455,32.0,32.5,36.89000000000004,0.0,0.0,0.0,0.0,0.0,20.0,0.3,0.1,0.2,0.1,0.4,0.1,0.1,0.1,0.5,0.0,65535.0,0.1172503242542153,0.0,65535.0,0.07655451285572595,0.0,0.0,0.0,0.0,0.0,0.0,0.0,0.0,0.0,0.0
31053.53,0.48175933168768725,0.0,15592.0,37.0,0.26254999999954376,32.0,32.5,36.89000000000004,0.0,0.0,0.0,0.0,0.0,20.0,0.3,0.1,0.2,0.1,0.4,0.1,0.1,0.1,0.5,0.0,65535.0,0.1172503242542153,0.0,65535.0,0.07682917524986649,0.0,0.0,0.0,0.0,0.0,0.0,0.0,0.0,0.0,0.0
31113.61,0.44020795672265256,0.0,15592.0,37.0,0.24284999999954665,32.0,32.5,36.870000000000005,0.0,0.0,0.0,0.0,0.0,20.0,0.3,0.1,0.2,0.1,0.4,0.1,0.1,0.1,0.5,0.0,65535.0,0.11699092088197147,0.0,65535.0,0.07669184405279622,0.0,0.0,0.0,0.0,0.0,0.0,0.0,0.0,0.0,0.0
31173.68,0.4991361160641343,0.0,15592.0,37.0,0.21224999999954433,32.0,32.5,36.89000000000004,0.0,0.0,0.0,0.0,0.0,20.0,0.3,0.1,0.2,0.1,0.4,0.1,0.1,0.1,0.5,0.0,65535.0,0.11688410772869459,0.0,65535.0,0.07669184405279622,0.0,0.0,0.0,0.0,0.0,0.0,0.0,0.0,0.0,0.0
31233.72,0.470870669332656,0.0,15592.0,37.0,0.24784999999953952,32.0,32.5625,36.870000000000005,0.0,0.0,0.0,0.0,0.0,20.0,0.3,0.1,0.2,0.1,0.4,0.1,0.1,0.1,0.5,0.0,65535.0,0.11747920958266575,0.0,65535.0,0.07653925383382926,0.0,0.0,0.0,0.0,0.0,0.0,0.0,0.0,0.0,0.0
31293.76,0.5102904040395624,0.0,15592.0,37.0,0.22664999999954288,31.9375,32.5,37.03000000000003,0.0,0.0,0.0,0.0,0.0,20.0,0.3,0.1,0.2,0.1,0.4,0.1,0.1,0.1,0.5,0.0,65535.0,0.1176623178454261,0.0,65535.0,0.07670710307469292,0.0,0.0,0.0,0.0,0.0,0.0,0.0,0.0,0.0,0.0
31353.8,0.46105664448694766,0.0,15592.0,37.0,0.24194999999954234,31.9375,32.5,36.89000000000004,0.0,0.0,0.0,0.0,0.0,20.0,0.3,0.1,0.2,0.1,0.4,0.1,0.1,0.1,0.5,0.0,65535.0,0.11758602273594262,0.0,65535.0,0.07666132600900283,0.0,0.0,0.0,0.0,0.0,0.0,0.0,0.0,0.0,0.0
31413.85,0.540193584138742,0.0,15592.0,37.0,0.22574999999954115,32.0,32.5625,36.93000000000001,0.0,0.0,0.0,0.0,0.0,20.0,0.3,0.1,0.2,0.1,0.4,0.1,0.1,0.1,0.5,0.0,65535.0,0.11793698023956664,0.0,65535.0,0.07673762111848631,0.0,0.0,0.0,0.0,0.0,0.0,0.0,0.0,0.0,0.0
31473.93,0.5318001848423878,0.0,15592.0,37.0,0.22804999999953565,31.9375,32.5,36.93000000000001,0.0,0.0,0.0,0.0,0.0,20.0,0.3,0.1,0.2,0.1,0.4,0.1,0.1,0.1,0.5,0.0,65535.0,0.11790646219577325,0.0,65535.0,0.07699702449073015,0.0,0.0,0.0,0.0,0.0,0.0,0.0,0.0,0.0,0.0
31533.96,0.5207383853495465,0.0,15592.0,37.0,0.22454999999953967,31.9375,32.5,36.81,0.0,0.0,0.0,0.0,0.0,20.0,0.3,0.1,0.2,0.1,0.4,0.1,0.1,0.1,0.5,0.0,65535.0,0.11763179980163271,0.0,65535.0,0.0771953917753872,0.0,0.0,0.0,0.0,0.0,0.0,0.0,0.0,0.0,0.0
31594.03,0.552728683689093,0.0,15592.0,37.0,0.25044999999954454,32.0,32.5,36.85000000000002,0.0,0.0,0.0,0.0,0.0,20.0,0.3,0.1,0.2,0.1,0.4,0.1,0.1,0.1,0.5,0.0,65535.0,0.1172961013199054,0.0,65535.0,0.07743953612573434,0.0,0.0,0.0,0.0,0.0,0.0,0.0,0.0,0.0,0.0
31654.09,0.47909353435932034,0.0,15592.0,37.0,0.28314999999954493,32.0,32.5,36.79000000000002,0.0,0.0,0.0,0.0,0.0,20.0,0.3,0.1,0.2,0.1,0.4,0.1,0.1,0.1,0.5,0.0,65535.0,0.11789120317387655,0.0,65535.0,0.07714961470969711,0.0,0.0,0.0,0.0,0.0,0.0,0.0,0.0,0.0,0.0
31714.16,0.5747196351202851,0.0,15592.0,37.0,0.2134499999995364,31.9375,32.5,36.79000000000002,0.0,0.0,0.0,0.0,0.0,20.0,0.3,0.1,0.2,0.1,0.4,0.1,0.1,0.1,0.5,0.0,65535.0,0.11778439002059968,0.0,65535.0,0.07698176546883345,0.0,0.0,0.0,0.0,0.0,0.0,0.0,0.0,0.0,0.0
31774.25,0.431581263275545,0.0,15592.0,37.0,0.24874999999953185,32.0,32.5,36.870000000000005,0.0,0.0,0.0,0.0,0.0,20.0,0.3,0.1,0.2,0.1,0.4,0.1,0.1,0.1,0.5,0.0,65535.0,0.11773861295490959,0.0,65535.0,0.07727168688487068,0.0,0.0,0.0,0.0,0.0,0.0,0.0,0.0,0.0,0.0
31834.3,0.4679127177470548,0.0,15592.0,37.0,0.29464999999953273,31.9375,32.5,36.79000000000002,0.0,0.0,0.0,0.0,0.0,20.0,0.3,0.1,0.2,0.1,0.4,0.1,0.1,0.1,0.5,0.0,65535.0,0.11802853437094682,0.0,65535.0,0.07728694590676738,0.0,0.0,0.0,0.0,0.0,0.0,0.0,0.0,0.0,0.0
31894.34,0.4375001288772651,0.0,15592.0,37.0,0.23314999999952926,31.9375,32.5,36.97000000000003,0.0,0.0,0.0,0.0,0.0,20.0,0.3,0.1,0.2,0.1,0.4,0.1,0.1,0.1,0.5,0.0,65535.0,0.11807431143663691,0.0,65535.0,0.07698176546883345,0.0,0.0,0.0,0.0,0.0,0.0,0.0,0.0,0.0,0.0
31954.39,0.5798808276484164,0.0,15592.0,37.0,0.23344999999952815,32.0,32.5,37.110000000000014,0.0,0.0,0.0,0.0,0.0,20.0,0.3,0.1,0.2,0.1,0.4,0.1,0.1,0.1,0.5,0.0,65535.0,0.11786068513008316,0.0,65535.0,0.07707331960021363,0.0,0.0,0.0,0.0,0.0,0.0,0.0,0.0,0.0,0.0
32014.43,0.5604671502634954,0.0,15592.0,37.0,0.23374999999952703,32.0,32.5,36.97000000000003,0.0,0.0,0.0,0.0,0.0,20.0,0.3,0.1,0.2,0.1,0.4,0.1,0.1,0.1,0.5,0.0,65535.0,0.11772335393301289,0.0,65535.0,0.07725642786297399,0.0,0.0,0.0,0.0,0.0,0.0,0.0,0.0,0.0,0.0
32074.48,0.5383238367913157,0.0,15592.0,37.0,0.20254999999952442,32.0,32.5,36.89000000000004,0.0,0.0,0.0,0.0,0.0,20.0,0.3,0.1,0.2,0.1,0.4,0.1,0.1,0.1,0.5,0.0,65535.0,0.11816586556801709,0.0,65535.0,0.0772106507972839,0.0,0.0,0.0,0.0,0.0,0.0,0.0,0.0,0.0,0.0
32134.52,0.5257638558177746,0.0,15592.0,37.0,0.27464999999953077,32.0,32.4375,37.03000000000003,0.0,0.0,0.0,0.0,0.0,20.0,0.3,0.1,0.2,0.1,0.4,0.1,0.1,0.1,0.5,0.0,65535.0,0.11776913099870298,0.0,65535.0,0.07699702449073015,0.0,0.0,0.0,0.0,0.0,0.0,0.0,0.0,0.0,0.0
32194.58,0.5110585349507466,0.0,15592.0,37.0,0.23614999999952316,32.0,32.5,36.950000000000045,0.0,0.0,0.0,0.0,0.0,20.0,0.3,0.1,0.2,0.1,0.4,0.1,0.1,0.1,0.5,0.0,65535.0,0.11815060654612039,0.0,65535.0,0.07730220492866408,0.0,0.0,0.0,0.0,0.0,0.0,0.0,0.0,0.0,0.0
32254.63,0.5662644735387875,0.0,15592.0,37.0,0.24404999999952762,32.0,32.5,36.97000000000003,0.0,0.0,0.0,0.0,0.0,20.0,0.3,0.1,0.2,0.1,0.4,0.1,0.1,0.1,0.5,0.0,65535.0,0.11801327534905012,0.0,65535.0,0.07736324101625086,0.0,0.0,0.0,0.0,0.0,0.0,0.0,0.0,0.0,0.0
32314.7,0.44572230646448197,0.0,15592.0,37.0,0.20304999999953052,32.0,32.5,37.01000000000005,0.0,0.0,0.0,0.0,0.0,20.0,0.3,0.1,0.2,0.1,0.4,0.1,0.1,0.1,0.5,0.0,65535.0,0.11824216067750057,0.0,65535.0,0.0772106507972839,0.0,0.0,0.0,0.0,0.0,0.0,0.0,0.0,0.0,0.0
32374.76,0.4740550941703623,0.0,15592.0,37.0,0.18264999999952888,32.0,32.5,36.93000000000001,0.0,0.0,0.0,0.0,0.0,20.0,0.3,0.1,0.2,0.1,0.4,0.1,0.1,0.1,0.5,0.0,65535.0,0.11876096742198824,0.0,65535.0,0.07734798199435416,0.0,0.0,0.0,0.0,0.0,0.0,0.0,0.0,0.0,0.0
32434.84,0.5353285240351731,0.0,15592.0,37.0,0.2591499999995312,31.9375,32.5,36.690000000000055,0.0,0.0,0.0,0.0,0.0,20.0,0.3,0.1,0.2,0.1,0.4,0.1,0.1,0.1,0.5,0.0,65535.0,0.11847104600595101,0.0,65535.0,0.07757686732280461,0.0,0.0,0.0,0.0,0.0,0.0,0.0,0.0,0.0,0.0
32494.91,0.6143836045866264,0.0,15592.0,37.0,0.26304999999953105,31.9375,32.5,36.950000000000045,0.0,0.0,0.0,0.0,0.0,20.0,0.3,0.1,0.2,0.1,0.4,0.1,0.1,0.1,0.5,0.0,65535.0,0.1185168230716411,0.0,65535.0,0.07733272297245747,0.0,0.0,0.0,0.0,0.0,0.0,0.0,0.0,0.0,0.0
32554.94,0.3515870578600567,0.0,15592.0,37.0,0.25134999999953,31.9375,32.5,36.79000000000002,0.0,0.0,0.0,0.0,0.0,20.0,0.3,0.1,0.2,0.1,0.4,0.1,0.1,0.1,0.5,0.0,65535.0,0.11822690165560387,0.0,65535.0,0.07780575265125506,0.0,0.0,0.0,0.0,0.0,0.0,0.0,0.0,0.0,0.0
32614.98,0.6515397638215892,0.0,15592.0,37.0,0.2510499999995294,32.0,32.5,36.93000000000001,0.0,0.0,0.0,0.0,0.0,20.0,0.3,0.1,0.2,0.1,0.4,0.1,0.1,0.1,0.5,0.0,65535.0,0.1185320820935378,0.0,65535.0,0.07716487373159381,0.0,0.0,0.0,0.0,0.0,0.0,0.0,0.0,0.0,0.0
32675.02,0.48642059217882894,0.0,15592.0,37.0,0.2413499999995232,32.0,32.4375,36.93000000000001,0.0,0.0,0.0,0.0,0.0,20.0,0.3,0.1,0.2,0.1,0.4,0.1,0.1,0.1,0.5,0.0,65535.0,0.11877622644388494,0.0,65535.0,0.07743953612573434,0.0,0.0,0.0,0.0,0.0,0.0,0.0,0.0,0.0,0.0
32735.06,0.4720427072903468,0.0,15592.0,37.0,0.23194999999951668,32.0,32.5,36.97000000000003,0.0,0.0,0.0,0.0,0.0,20.0,0.3,0.1,0.2,0.1,0.4,0.1,0.1,0.1,0.5,0.0,65535.0,0.11841000991836423,0.0,65535.0,0.07734798199435416,0.0,0.0,0.0,0.0,0.0,0.0,0.0,0.0,0.0,0.0
32795.11,0.3863999568642071,0.0,15592.0,37.0,0.25044999999952655,32.0,32.5,36.97000000000003,0.0,0.0,0.0,0.0,0.0,20.0,0.3,0.1,0.2,0.1,0.4,0.1,0.1,0.1,0.5,0.0,65535.0,0.11868467231250476,0.0,65535.0,0.07750057221332113,0.0,0.0,0.0,0.0,0.0,0.0,0.0,0.0,0.0,0.0
32855.15,0.42323735907479454,0.0,15592.0,37.0,0.2743499999995216,31.9375,32.5,36.81,0.0,0.0,0.0,0.0,0.0,20.0,0.3,0.1,0.2,0.1,0.4,0.1,0.1,0.1,0.5,0.0,65535.0,0.11879148546578164,0.0,65535.0,0.07792782482642863,0.0,0.0,0.0,0.0,0.0,0.0,0.0,0.0,0.0,0.0
32915.2,0.5963630489932937,0.0,15592.0,37.0,0.2628499999995153,31.9375,32.5,36.950000000000045,0.0,0.0,0.0,0.0,0.0,20.0,0.3,0.1,0.2,0.1,0.4,0.1,0.1,0.1,0.5,0.0,65535.0,0.11891355764095521,0.0,65535.0,0.07774471656366827,0.0,0.0,0.0,0.0,0.0,0.0,0.0,0.0,0.0,0.0
32975.24,0.6442331391389302,0.0,15592.0,37.0,0.22544999999951745,32.0,32.5625,36.77000000000004,0.0,0.0,0.0,0.0,0.0,20.0,0.3,0.1,0.2,0.1,0.4,0.1,0.1,0.1,0.5,0.0,65535.0,0.11882200350957503,0.0,65535.0,0.07751583123521782,0.0,0.0,0.0,0.0,0.0,0.0,0.0,0.0,0.0,0.0
33035.28,0.4588917746053949,0.0,15592.0,37.0,0.244249999999512,31.9375,32.5,36.93000000000001,0.0,0.0,0.0,0.0,0.0,20.0,0.3,0.1,0.2,0.1,0.4,0.1,0.1,0.1,0.5,0.0,65535.0,0.11900511177233539,0.0,65535.0,0.07789730678263523,0.0,0.0,0.0,0.0,0.0,0.0,0.0,0.0,0.0,0.0
33095.33,0.2671764495692607,0.0,15592.0,37.0,0.2601499999995117,31.9375,32.5625,36.79000000000002,0.0,0.0,0.0,0.0,0.0,20.0,0.3,0.1,0.2,0.1,0.4,0.1,0.1,0.1,0.5,0.0,65535.0,0.11880674448767833,0.0,65535.0,0.0776226443884947,0.0,0.0,0.0,0.0,0.0,0.0,0.0,0.0,0.0,0.0
33155.37,0.2668265029849559,0.0,15592.0,37.0,0.22394999999951454,31.9375,32.5,36.97000000000003,0.0,0.0,0.0,0.0,0.0,20.0,0.3,0.1,0.2,0.1,0.4,0.1,0.1,0.1,0.5,0.0,65535.0,0.11900511177233539,0.0,65535.0,0.0780193789578088,0.0,0.0,0.0,0.0,0.0,0.0,0.0,0.0,0.0,0.0
33215.42,0.3681235210398852,0.0,15592.0,37.0,0.2810499999995212,31.9375,32.5,36.950000000000045,0.0,0.0,0.0,0.0,0.0,20.0,0.3,0.1,0.2,0.1,0.4,0.1,0.1,0.1,0.5,0.0,65535.0,0.11911192492561226,0.0,65535.0,0.07772945754177157,0.0,0.0,0.0,0.0,0.0,0.0,0.0,0.0,0.0,0.0
33275.48,0.5170324233257882,0.0,15592.0,37.0,0.24194999999951408,32.0,32.4375,36.89000000000004,0.0,0.0,0.0,0.0,0.0,20.0,0.3,0.1,0.2,0.1,0.4,0.1,0.1,0.1,0.5,0.0,65535.0,0.11952391851682308,0.0,65535.0,0.07820248722056916,0.0,0.0,0.0,0.0,0.0,0.0,0.0,0.0,0.0,0.0
33335.57,0.6155749223160674,0.0,15592.0,37.0,0.2652499999995088,31.9375,32.4375,36.93000000000001,0.0,0.0,0.0,0.0,0.0,20.0,0.3,0.1,0.2,0.1,0.4,0.1,0.1,0.1,0.5,0.0,65535.0,0.11882200350957503,0.0,65535.0,0.0780346379797055,0.0,0.0,0.0,0.0,0.0,0.0,0.0,0.0,0.0,0.0
33395.64,0.6176284316931301,0.0,15592.0,37.0,0.2319499999995064,31.875,32.5,36.950000000000045,0.0,0.0,0.0,0.0,0.0,20.0,0.3,0.1,0.2,0.1,0.4,0.1,0.1,0.1,0.5,0.0,65535.0,0.11935606927595942,0.0,65535.0,0.0780193789578088,0.0,0.0,0.0,0.0,0.0,0.0,0.0,0.0,0.0,0.0
33455.71,0.3790807675594057,0.0,15592.0,37.0,0.21924999999951456,32.0,32.5,36.89000000000004,0.0,0.0,0.0,0.0,0.0,20.0,0.3,0.1,0.2,0.1,0.4,0.1,0.1,0.1,0.5,0.0,65535.0,0.11935606927595942,0.0,65535.0,0.0780346379797055,0.0,0.0,0.0,0.0,0.0,0.0,0.0,0.0,0.0,0.0
33515.77,0.3022979926441941,0.0,15592.0,37.0,0.2666499999995158,31.9375,32.5,36.85000000000002,0.0,0.0,0.0,0.0,0.0,20.0,0.3,0.1,0.2,0.1,0.4,0.1,0.1,0.1,0.5,0.0,65535.0,0.11953917753871977,0.0,65535.0,0.07800411993591211,0.0,0.0,0.0,0.0,0.0,0.0,0.0,0.0,0.0,0.0
33575.84,0.2672184809511215,0.0,15592.0,37.0,0.2734499999995105,31.9375,32.5,36.89000000000004,0.0,0.0,0.0,0.0,0.0,20.0,0.3,0.1,0.2,0.1,0.4,0.1,0.1,0.1,0.5,0.0,65535.0,0.11917296101319906,0.0,65535.0,0.07788204776073854,0.0,0.0,0.0,0.0,0.0,0.0,0.0,0.0,0.0,0.0
33635.89,0.2895501550466414,0.0,15592.0,37.0,0.21134999999950752,32.0,32.5,36.89000000000004,0.0,0.0,0.0,0.0,0.0,20.0,0.3,0.1,0.2,0.1,0.4,0.1,0.1,0.1,0.5,0.0,65535.0,0.11935606927595942,0.0,65535.0,0.07769893949797818,0.0,0.0,0.0,0.0,0.0,0.0,0.0,0.0,0.0,0.0
33695.93,0.28328732114595245,0.0,15592.0,37.0,0.25284999999951324,32.0,32.4375,36.89000000000004,0.0,0.0,0.0,0.0,0.0,20.0,0.3,0.1,0.2,0.1,0.4,0.1,0.1,0.1,0.5,0.0,65535.0,0.11937132829785611,0.0,65535.0,0.07824826428625925,0.0,0.0,0.0,0.0,0.0,0.0,0.0,0.0,0.0,0.0
33755.96,0.42287031115634355,0.0,15592.0,37.0,0.2272499999995064,32.0,32.4375,36.85000000000002,0.0,0.0,0.0,0.0,0.0,20.0,0.3,0.1,0.2,0.1,0.4,0.1,0.1,0.1,0.5,0.0,65535.0,0.11927977416647594,0.0,65535.0,0.0784466315709163,0.0,0.0,0.0,0.0,0.0,0.0,0.0,0.0,0.0,0.0
33816.0,0.4401110764853408,0.0,15592.0,37.0,0.2513499999995112,31.9375,32.4375,36.77000000000004,0.0,0.0,0.0,0.0,0.0,20.0,0.3,0.1,0.2,0.1,0.4,0.1,0.1,0.1,0.5,0.0,65535.0,0.11978332188906692,0.0,65535.0,0.07818722819867246,0.0,0.0,0.0,0.0,0.0,0.0,0.0,0.0,0.0,0.0
33876.04,0.47388128674479313,0.0,15592.0,37.0,0.23104999999949954,31.9375,32.4375,36.85000000000002,0.0,0.0,0.0,0.0,0.0,20.0,0.3,0.1,0.2,0.1,0.4,0.1,0.1,0.1,0.5,0.0,65535.0,0.11969176775768674,0.0,65535.0,0.07797360189211872,0.0,0.0,0.0,0.0,0.0,0.0,0.0,0.0,0.0,0.0
33936.11,0.48841270036018014,0.0,15592.0,37.0,0.2643499999994994,31.9375,32.4375,36.93000000000001,0.0,0.0,0.0,0.0,0.0,20.0,0.3,0.1,0.2,0.1,0.4,0.1,0.1,0.1,0.5,0.0,65535.0,0.11964599069199665,0.0,65535.0,0.07827878233005264,0.0,0.0,0.0,0.0,0.0,0.0,0.0,0.0,0.0,0.0
33996.19,0.4379907759344427,0.0,15592.0,37.0,0.23374999999949708,32.0,32.5,37.01000000000005,0.0,0.0,0.0,0.0,0.0,20.0,0.3,0.1,0.2,0.1,0.4,0.1,0.1,0.1,0.5,0.0,65535.0,0.11927977416647594,0.0,65535.0,0.07823300526436255,0.0,0.0,0.0,0.0,0.0,0.0,0.0,0.0,0.0,0.0
34056.26,0.4670574170337876,0.0,15592.0,37.0,0.22814999999950047,31.9375,32.4375,36.93000000000001,0.0,0.0,0.0,0.0,0.0,20.0,0.3,0.1,0.2,0.1,0.4,0.1,0.1,0.1,0.5,0.0,65535.0,0.12004272526131075,0.0,65535.0,0.0784771496147097,0.0,0.0,0.0,0.0,0.0,0.0,0.0,0.0,0.0,0.0
34116.34,0.5133841305171618,0.0,15592.0,37.0,0.2340499999994951,32.0,32.4375,36.870000000000005,0.0,0.0,0.0,0.0,0.0,20.0,0.3,0.1,0.2,0.1,0.4,0.1,0.1,0.1,0.5,0.0,65535.0,0.11996643015182727,0.0,65535.0,0.07817196917677577,0.0,0.0,0.0,0.0,0.0,0.0,0.0,0.0,0.0,0.0
34176.41,0.4979319903002716,0.0,15592.0,37.0,0.2322499999994942,32.0,32.4375,36.93000000000001,0.0,0.0,0.0,0.0,0.0,20.0,0.3,0.1,0.2,0.1,0.4,0.1,0.1,0.1,0.5,0.0,65535.0,0.11990539406424049,0.0,65535.0,0.07827878233005264,0.0,0.0,0.0,0.0,0.0,0.0,0.0,0.0,0.0,0.0
34236.48,0.4678739573420687,0.0,15592.0,37.0,0.27374999999949995,32.0,32.5,36.93000000000001,0.0,0.0,0.0,0.0,0.0,20.0,0.3,0.1,0.2,0.1,0.4,0.1,0.1,0.1,0.5,0.0,65535.0,0.11996643015182727,0.0,65535.0,0.07817196917677577,0.0,0.0,0.0,0.0,0.0,0.0,0.0,0.0,0.0,0.0
34296.56,0.497534142679645,0.0,15592.0,37.0,0.24134999999949758,31.9375,32.4375,36.950000000000045,0.0,0.0,0.0,0.0,0.0,20.0,0.3,0.1,0.2,0.1,0.4,0.1,0.1,0.1,0.5,0.0,65535.0,0.12014953841458763,0.0,65535.0,0.07876707103074693,0.0,0.0,0.0,0.0,0.0,0.0,0.0,0.0,0.0,0.0
34356.63,0.4763611905123139,0.0,15592.0,37.0,0.23164999999949135,32.0,32.5,36.870000000000005,0.0,0.0,0.0,0.0,0.0,20.0,0.3,0.1,0.2,0.1,0.4,0.1,0.1,0.1,0.5,0.0,65535.0,0.12018005645838102,0.0,65535.0,0.07840085450522621,0.0,0.0,0.0,0.0,0.0,0.0,0.0,0.0,0.0,0.0
34416.71,0.4645047501411542,0.0,15592.0,37.0,0.28494999999950227,32.0,32.5,36.63000000000005,0.0,0.0,0.0,0.0,0.0,20.0,0.3,0.1,0.2,0.1,0.4,0.1,0.1,0.1,0.5,0.0,65535.0,0.11992065308613718,0.0,65535.0,0.07815671015487907,0.0,0.0,0.0,0.0,0.0,0.0,0.0,0.0,0.0,0.0
34476.78,0.5603275702478494,0.0,15592.0,37.0,0.2437499999994954,32.0,32.4375,37.01000000000005,0.0,0.0,0.0,0.0,0.0,20.0,0.3,0.1,0.2,0.1,0.4,0.1,0.1,0.1,0.5,0.0,65535.0,0.12022583352407111,0.0,65535.0,0.07817196917677577,0.0,0.0,0.0,0.0,0.0,0.0,0.0,0.0,0.0,0.0
34536.81,0.56751767101457,0.0,15592.0,37.0,0.28784999999949623,32.0,32.5,37.01000000000005,0.0,0.0,0.0,0.0,0.0,20.0,0.3,0.1,0.2,0.1,0.4,0.1,0.1,0.1,0.5,0.0,65535.0,0.1202868696116579,0.0,65535.0,0.07830930037384604,0.0,0.0,0.0,0.0,0.0,0.0,0.0,0.0,0.0,0.0
34596.86,0.5491183589173925,0.0,15592.0,37.0,0.20984999999949266,32.0,32.4375,36.89000000000004,0.0,0.0,0.0,0.0,0.0,20.0,0.3,0.1,0.2,0.1,0.4,0.1,0.1,0.1,0.5,0.0,65535.0,0.12045471885252156,0.0,65535.0,0.07878233005264362,0.0,0.0,0.0,0.0,0.0,0.0,0.0,0.0,0.0,0.0
34656.89,0.5381589366846214,0.0,15592.0,37.0,0.24544999999948786,32.0,32.4375,36.85000000000002,0.0,0.0,0.0,0.0,0.0,20.0,0.3,0.1,0.2,0.1,0.4,0.1,0.1,0.1,0.5,0.0,65535.0,0.1202716105897612,0.0,65535.0,0.07827878233005264,0.0,0.0,0.0,0.0,0.0,0.0,0.0,0.0,0.0,0.0
34716.92,0.5520845853056724,0.0,15592.0,37.0,0.24134999999949158,32.0,32.5,36.650000000000034,0.0,0.0,0.0,0.0,0.0,20.0,0.3,0.1,0.2,0.1,0.4,0.1,0.1,0.1,0.5,0.0,65535.0,0.12053101396200504,0.0,65535.0,0.0784313725490196,0.0,0.0,0.0,0.0,0.0,0.0,0.0,0.0,0.0,0.0
34776.97,0.5283184513517196,0.0,15592.0,37.0,0.20834999999948975,32.0,32.5,36.81,0.0,0.0,0.0,0.0,0.0,20.0,0.3,0.1,0.2,0.1,0.4,0.1,0.1,0.1,0.5,0.0,65535.0,0.12014953841458763,0.0,65535.0,0.07882810711833371,0.0,0.0,0.0,0.0,0.0,0.0,0.0,0.0,0.0,0.0
34837.01,0.49992100628865055,0.0,15592.0,37.0,0.28754999999949216,31.9375,32.5,36.690000000000055,0.0,0.0,0.0,0.0,0.0,20.0,0.3,0.1,0.2,0.1,0.4,0.1,0.1,0.1,0.5,0.0,65535.0,0.12019531548027772,0.0,65535.0,0.07850766765850309,0.0,0.0,0.0,0.0,0.0,0.0,0.0,0.0,0.0,0.0
34897.06,0.4737057587825715,0.0,15592.0,37.0,0.2678499999994959,31.9375,32.5,36.710000000000036,0.0,0.0,0.0,0.0,0.0,20.0,0.3,0.1,0.2,0.1,0.4,0.1,0.1,0.1,0.5,0.0,65535.0,0.12048523689631495,0.0,65535.0,0.0788891432059205,0.0,0.0,0.0,0.0,0.0,0.0,0.0,0.0,0.0,0.0
34957.1,0.520957099964154,0.0,15592.0,37.0,0.26814999999949557,31.9375,32.5,36.690000000000055,0.0,0.0,0.0,0.0,0.0,20.0,0.3,0.1,0.2,0.1,0.4,0.1,0.1,0.1,0.5,0.0,65535.0,0.12056153200579843,0.0,65535.0,0.07879758907454032,0.0,0.0,0.0,0.0,0.0,0.0,0.0,0.0,0.0,0.0
35017.12,0.5167963519683935,0.0,15592.0,37.0,0.22244999999948853,31.9375,32.5,36.870000000000005,0.0,0.0,0.0,0.0,0.0,20.0,0.3,0.1,0.2,0.1,0.4,0.1,0.1,0.1,0.5,0.0,65535.0,0.12039368276493477,0.0,65535.0,0.07881284809643702,0.0,0.0,0.0,0.0,0.0,0.0,0.0,0.0,0.0,0.0
35077.17,0.4998217979447116,0.0,15592.0,37.0,0.31194999999948075,31.9375,32.4375,36.710000000000036,0.0,0.0,0.0,0.0,0.0,20.0,0.3,0.1,0.2,0.1,0.4,0.1,0.1,0.1,0.5,0.0,65535.0,0.12019531548027772,0.0,65535.0,0.07862973983367666,0.0,0.0,0.0,0.0,0.0,0.0,0.0,0.0,0.0,0.0
35137.25,0.48931988043800917,0.0,15592.0,37.0,0.18624999999948963,32.0,32.4375,36.73000000000002,0.0,0.0,0.0,0.0,0.0,20.0,0.3,0.1,0.2,0.1,0.4,0.1,0.1,0.1,0.5,0.0,65535.0,0.12080567635614557,0.0,65535.0,0.07891966124971389,0.0,0.0,0.0,0.0,0.0,0.0,0.0,0.0,0.0,0.0
35197.32,0.4813098645564707,0.0,15592.0,37.0,0.28634999999948807,31.875,32.5,37.03000000000003,0.0,0.0,0.0,0.0,0.0,20.0,0.3,0.1,0.2,0.1,0.4,0.1,0.1,0.1,0.5,0.0,65535.0,0.12079041733424888,0.0,65535.0,0.07893492027161059,0.0,0.0,0.0,0.0,0.0,0.0,0.0,0.0,0.0,0.0
35257.4,0.4532848990492392,0.0,15592.0,37.0,0.2304499999994804,31.9375,32.4375,36.85000000000002,0.0,0.0,0.0,0.0,0.0,20.0,0.3,0.1,0.2,0.1,0.4,0.1,0.1,0.1,0.5,0.0,65535.0,0.12075989929045548,0.0,65535.0,0.0788891432059205,0.0,0.0,0.0,0.0,0.0,0.0,0.0,0.0,0.0,0.0
35317.44,0.48496659026653577,0.0,15592.0,37.0,0.25014999999949006,31.9375,32.4375,36.89000000000004,0.0,0.0,0.0,0.0,0.0,20.0,0.3,0.1,0.2,0.1,0.4,0.1,0.1,0.1,0.5,0.0,65535.0,0.12083619439993896,0.0,65535.0,0.0793011367971313,0.0,0.0,0.0,0.0,0.0,0.0,0.0,0.0,0.0,0.0
35377.51,0.4736719202613608,0.0,15592.0,37.0,0.2439499999994789,31.9375,32.4375,37.01000000000005,0.0,0.0,0.0,0.0,0.0,20.0,0.3,0.1,0.2,0.1,0.4,0.1,0.1,0.1,0.5,0.0,65535.0,0.12065308613717861,0.0,65535.0,0.07901121538109407,0.0,0.0,0.0,0.0,0.0,0.0,0.0,0.0,0.0,0.0
35437.57,0.5162133381247427,0.0,15592.0,37.0,0.23804999999948254,31.9375,32.5,36.870000000000005,0.0,0.0,0.0,0.0,0.0,20.0,0.3,0.1,0.2,0.1,0.4,0.1,0.1,0.1,0.5,0.0,65535.0,0.12140077821011673,0.0,65535.0,0.07910276951247425,0.0,0.0,0.0,0.0,0.0,0.0,0.0,0.0,0.0,0.0
35497.62,0.47050710776187615,0.0,15592.0,37.0,0.30314999999948444,31.9375,32.5,36.710000000000036,0.0,0.0,0.0,0.0,0.0,20.0,0.3,0.1,0.2,0.1,0.4,0.1,0.1,0.1,0.5,0.0,65535.0,0.12097352559700923,0.0,65535.0,0.07891966124971389,0.0,0.0,0.0,0.0,0.0,0.0,0.0,0.0,0.0,0.0
35557.66,0.4526234701562071,0.0,15592.0,37.0,0.24344999999948103,31.9375,32.4375,36.81,0.0,0.0,0.0,0.0,0.0,20.0,0.3,0.1,0.2,0.1,0.4,0.1,0.1,0.1,0.5,0.0,65535.0,0.12103456168459602,0.0,65535.0,0.079316395819028,0.0,0.0,0.0,0.0,0.0,0.0,0.0,0.0,0.0,0.0
35617.71,0.48090306387625237,0.0,15592.0,37.0,0.2540499999994856,31.9375,32.4375,36.73000000000002,0.0,0.0,0.0,0.0,0.0,20.0,0.3,0.1,0.2,0.1,0.4,0.1,0.1,0.1,0.5,0.0,65535.0,0.12135500114442664,0.0,65535.0,0.07902647440299077,0.0,0.0,0.0,0.0,0.0,0.0,0.0,0.0,0.0,0.0
35677.78,0.4928474884361114,0.0,15592.0,37.0,0.2631499999994756,31.9375,32.5,36.97000000000003,0.0,0.0,0.0,0.0,0.0,20.0,0.3,0.1,0.2,0.1,0.4,0.1,0.1,0.1,0.5,0.0,65535.0,0.12075989929045548,0.0,65535.0,0.07913328755626764,0.0,0.0,0.0,0.0,0.0,0.0,0.0,0.0,0.0,0.0
35737.84,0.4865341418480853,0.0,15592.0,37.0,0.18394999999947143,32.0,32.5,36.870000000000005,0.0,0.0,0.0,0.0,0.0,20.0,0.3,0.1,0.2,0.1,0.4,0.1,0.1,0.1,0.5,0.0,65535.0,0.12137026016632334,0.0,65535.0,0.07905699244678416,0.0,0.0,0.0,0.0,0.0,0.0,0.0,0.0,0.0,0.0
35797.91,0.48123657994440283,0.0,15592.0,37.0,0.23744999999947705,31.9375,32.375,36.870000000000005,0.0,0.0,0.0,0.0,0.0,20.0,0.3,0.1,0.2,0.1,0.4,0.1,0.1,0.1,0.5,0.0,65535.0,0.12167544060425727,0.0,65535.0,0.07962157625696192,0.0,0.0,0.0,0.0,0.0,0.0,0.0,0.0,0.0,0.0
35857.96,0.47595408918473847,0.0,15592.0,37.0,0.24394999999947112,31.9375,32.5,36.89000000000004,0.0,0.0,0.0,0.0,0.0,20.0,0.3,0.1,0.2,0.1,0.4,0.1,0.1,0.1,0.5,0.0,65535.0,0.12169069962615396,0.0,65535.0,0.07920958266575112,0.0,0.0,0.0,0.0,0.0,0.0,0.0,0.0,0.0,0.0
35918.03,0.51781797351694,0.0,15592.0,37.0,0.24834999999948046,31.9375,32.5,36.77000000000004,0.0,0.0,0.0,0.0,0.0,20.0,0.3,0.1,0.2,0.1,0.4,0.1,0.1,0.1,0.5,0.0,65535.0,0.12138551918822003,0.0,65535.0,0.07937743190661478,0.0,0.0,0.0,0.0,0.0,0.0,0.0,0.0,0.0,0.0
35978.13,0.5182928849152235,0.0,15592.0,37.0,0.24924999999947964,32.0,32.5,36.950000000000045,0.0,0.0,0.0,0.0,0.0,20.0,0.3,0.1,0.2,0.1,0.4,0.1,0.1,0.1,0.5,0.0,65535.0,0.12140077821011673,0.0,65535.0,0.07916380560006103,0.0,0.0,0.0,0.0,0.0,0.0,0.0,0.0,0.0,0.0
36038.2,0.5122184501332561,0.0,15592.0,37.0,0.2719499999994749,31.9375,32.5,36.85000000000002,0.0,0.0,0.0,0.0,0.0,20.0,0.3,0.1,0.2,0.1,0.4,0.1,0.1,0.1,0.5,0.0,65535.0,0.12172121766994735,0.0,65535.0,0.07956054016937514,0.0,0.0,0.0,0.0,0.0,0.0,0.0,0.0,0.0,0.0
36098.25,0.48445297286031686,0.0,15592.0,37.0,0.2505499999994685,31.9375,32.5,36.950000000000045,0.0,0.0043,0.25,0.0,0.0,20.0,0.3,0.1,0.2,0.1,0.4,0.1,0.1,0.1,0.5,0.0,65535.0,0.1215533684290837,0.0,65535.0,0.07986572060730907,0.0,0.0,0.0,0.0,0.0,0.0,0.0,0.0,0.0,0.0
36158.33,0.4710734806460125,0.0,15592.0,37.0,0.2715499999994679,31.9375,32.4375,36.690000000000055,0.0,0.0,0.0,0.0,0.0,20.0,0.3,0.1,0.2,0.1,0.4,0.1,0.1,0.1,0.5,0.0,65535.0,0.11909666590371557,0.0,65535.0,0.0780498970016022,0.0,0.0,0.0,0.0,0.0,0.0,0.0,0.0,0.0,0.0
36218.38,0.4698599201243021,0.0,15592.0,37.0,0.28074999999947714,31.875,32.5,36.85000000000002,0.0,0.0,0.0,0.0,0.0,20.0,0.3,0.1,0.2,0.1,0.4,0.1,0.1,0.1,0.5,0.0,65535.0,0.11932555123216602,0.0,65535.0,0.07768368047608148,0.0,0.0,0.0,0.0,0.0,0.0,0.0,0.0,0.0,0.0
36278.45,0.4442032714806205,0.0,15592.0,37.0,0.23954999999947027,32.0,32.4375,36.870000000000005,0.0,0.0,0.0,0.0,0.0,20.0,0.3,0.1,0.2,0.1,0.4,0.1,0.1,0.1,0.5,0.0,65535.0,0.11934081025406272,0.0,65535.0,0.07768368047608148,0.0,0.0,0.0,0.0,0.0,0.0,0.0,0.0,0.0,0.0
36338.5,0.48648518438605654,0.0,15592.0,37.0,0.26484999999947567,32.0,32.5,36.93000000000001,0.0,0.0,0.0,0.0,0.0,20.0,0.3,0.1,0.2,0.1,0.4,0.1,0.1,0.1,0.5,0.0,65535.0,0.11960021362630656,0.0,65535.0,0.07771419851987488,0.0,0.0,0.0,0.0,0.0,0.0,0.0,0.0,0.0,0.0
36398.54,0.48008275922761134,0.0,15592.0,37.0,0.236249999999469,32.0,32.4375,37.13000000000005,0.0,0.0,0.0,0.0,0.0,20.0,0.3,0.1,0.2,0.1,0.4,0.1,0.1,0.1,0.5,0.0,65535.0,0.11888303959716182,0.0,65535.0,0.07788204776073854,0.0,0.0,0.0,0.0,0.0,0.0,0.0,0.0,0.0,0.0
36458.59,0.48228385671404694,0.0,15592.0,37.0,0.25034999999946866,31.875,32.4375,36.650000000000034,0.0,0.0,0.0,0.0,0.0,20.0,0.3,0.1,0.2,0.1,0.4,0.1,0.1,0.1,0.5,0.0,65535.0,0.11952391851682308,0.0,65535.0,0.07800411993591211,0.0,0.0,0.0,0.0,0.0,0.0,0.0,0.0,0.0,0.0
36518.66,0.46152648485757286,0.0,15592.0,37.0,0.27064999999946354,32.0,32.5,36.79000000000002,0.0,0.0,0.0,0.0,0.0,20.0,0.3,0.1,0.2,0.1,0.4,0.1,0.1,0.1,0.5,0.0,65535.0,0.11950865949492638,0.0,65535.0,0.07794308384832532,0.0,0.0,0.0,0.0,0.0,0.0,0.0,0.0,0.0,0.0
36578.73,0.472812700787617,0.0,15592.0,37.0,0.2562499999994616,31.9375,32.5,36.97000000000003,0.0,0.0,0.0,0.0,0.0,20.0,0.3,0.1,0.2,0.1,0.4,0.1,0.1,0.1,0.5,0.0,65535.0,0.11947814145113299,0.0,65535.0,0.07800411993591211,0.0,0.0,0.0,0.0,0.0,0.0,0.0,0.0,0.0,0.0
36638.78,0.4626606004173909,0.0,15592.0,37.0,0.21444999999946862,32.0,32.5,36.97000000000003,0.0,0.0,0.0,0.0,0.0,20.0,0.3,0.1,0.2,0.1,0.4,0.1,0.1,0.1,0.5,0.0,65535.0,0.1194018463416495,0.0,65535.0,0.07771419851987488,0.0,0.0,0.0,0.0,0.0,0.0,0.0,0.0,0.0,0.0
36698.85,0.4675940231173311,0.0,15592.0,37.0,0.27234999999947024,31.9375,32.5,36.97000000000003,0.0,0.0,0.0,0.0,0.0,20.0,0.3,0.1,0.2,0.1,0.4,0.1,0.1,0.1,0.5,0.0,65535.0,0.11958495460440986,0.0,65535.0,0.07792782482642863,0.0,0.0,0.0,0.0,0.0,0.0,0.0,0.0,0.0,0.0
36758.89,0.47613910875456594,0.0,15592.0,37.0,0.25264999999945886,32.0,32.4375,36.93000000000001,0.0,0.0,0.0,0.0,0.0,20.0,0.3,0.1,0.2,0.1,0.4,0.1,0.1,0.1,0.5,0.0,65535.0,0.11960021362630656,0.0,65535.0,0.07820248722056916,0.0,0.0,0.0,0.0,0.0,0.0,0.0,0.0,0.0,0.0
36818.93,0.4829248123885246,0.0,15592.0,37.0,0.24764999999946255,32.0,32.4375,37.01000000000005,0.0,0.0,0.0,0.0,0.0,20.0,0.3,0.1,0.2,0.1,0.4,0.1,0.1,0.1,0.5,0.0,65535.0,0.11967650873579004,0.0,65535.0,0.07774471656366827,0.0,0.0,0.0,0.0,0.0,0.0,0.0,0.0,0.0,0.0
36879.01,0.45962117116843865,0.0,15592.0,37.0,0.24674999999946165,31.9375,32.5,36.870000000000005,0.0,0.0,0.0,0.0,0.0,20.0,0.3,0.1,0.2,0.1,0.4,0.1,0.1,0.1,0.5,0.0,65535.0,0.11978332188906692,0.0,65535.0,0.07779049362935836,0.0,0.0,0.0,0.0,0.0,0.0,0.0,0.0,0.0,0.0
36939.08,0.48016379122481223,0.0,15592.0,37.0,0.24554999999946103,31.9375,32.5,36.950000000000045,0.0,0.0,0.0,0.0,0.0,20.0,0.3,0.1,0.2,0.1,0.4,0.1,0.1,0.1,0.5,0.0,65535.0,0.11970702677958343,0.0,65535.0,0.07830930037384604,0.0,0.0,0.0,0.0,0.0,0.0,0.0,0.0,0.0,0.0
36999.12,0.4760178096902043,0.0,15592.0,37.0,0.24964999999945559,31.9375,32.5,36.93000000000001,0.0,0.0,0.0,0.0,0.0,20.0,0.3,0.1,0.2,0.1,0.4,0.1,0.1,0.1,0.5,0.0,65535.0,0.11981383993286031,0.0,65535.0,0.07812619211108568,0.0,0.0,0.0,0.0,0.0,0.0,0.0,0.0,0.0,0.0
37059.18,0.4800228939054677,0.0,15592.0,37.0,0.24344999999945952,31.9375,32.4375,36.870000000000005,0.0,0.0,0.0,0.0,0.0,20.0,0.3,0.1,0.2,0.1,0.4,0.1,0.1,0.1,0.5,0.0,65535.0,0.1194171053635462,0.0,65535.0,0.07852292668039978,0.0,0.0,0.0,0.0,0.0,0.0,0.0,0.0,0.0,0.0
37119.23,0.4789315171521005,0.0,15592.0,37.0,0.244949999999459,31.9375,32.4375,36.950000000000045,0.0,0.0,0.0,0.0,0.0,20.0,0.3,0.1,0.2,0.1,0.4,0.1,0.1,0.1,0.5,0.0,65535.0,0.12001220721751736,0.0,65535.0,0.07829404135194934,0.0,0.0,0.0,0.0,0.0,0.0,0.0,0.0,0.0,0.0
37179.28,0.5132681245853724,0.0,15592.0,37.0,0.24494999999945813,32.0,32.4375,37.01000000000005,0.0,0.0,0.0,0.0,0.0,20.0,0.3,0.1,0.2,0.1,0.4,0.1,0.1,0.1,0.5,0.0,65535.0,0.12001220721751736,0.0,65535.0,0.078461890592813,0.0,0.0,0.0,0.0,0.0,0.0,0.0,0.0,0.0,0.0
37239.34,0.48107713269553654,0.0,15592.0,37.0,0.2714499999994633,32.0,32.4375,36.950000000000045,0.0,0.0,0.0,0.0,0.0,20.0,0.3,0.1,0.2,0.1,0.4,0.1,0.1,0.1,0.5,0.0,65535.0,0.11966124971389334,0.0,65535.0,0.0780346379797055,0.0,0.0,0.0,0.0,0.0,0.0,0.0,0.0,0.0,0.0
37299.41,0.45448607817885434,0.0,15592.0,37.0,0.27974999999945827,32.0,32.4375,37.05000000000001,0.0,0.0,0.0,0.0,0.0,20.0,0.3,0.1,0.2,0.1,0.4,0.1,0.1,0.1,0.5,0.0,65535.0,0.12007324330510415,0.0,65535.0,0.07835507743953612,0.0,0.0,0.0,0.0,0.0,0.0,0.0,0.0,0.0,0.0
37359.47,0.43868431276328546,0.0,15592.0,37.0,0.23264999999945593,32.0,32.4375,37.01000000000005,0.0,0.0,0.0,0.0,0.0,20.0,0.3,0.1,0.2,0.1,0.4,0.1,0.1,0.1,0.5,0.0,65535.0,0.11990539406424049,0.0,65535.0,0.07812619211108568,0.0,0.0,0.0,0.0,0.0,0.0,0.0,0.0,0.0,0.0
37419.52,0.5405768059184366,0.0,15592.0,37.0,0.22934999999945466,31.9375,32.4375,37.01000000000005,0.0,0.0,0.0,0.0,0.0,20.0,0.3,0.1,0.2,0.1,0.4,0.1,0.1,0.1,0.5,0.0,65535.0,0.12016479743648432,0.0,65535.0,0.07873655298695353,0.0,0.0,0.0,0.0,0.0,0.0,0.0,0.0,0.0,0.0
37479.56,0.5040246555702038,0.0,15592.0,37.0,0.2558499999994598,32.0,32.4375,36.81,0.0,0.0,0.0,0.0,0.0,20.0,0.3,0.1,0.2,0.1,0.4,0.1,0.1,0.1,0.5,0.0,65535.0,0.12013427939269093,0.0,65535.0,0.07824826428625925,0.0,0.0,0.0,0.0,0.0,0.0,0.0,0.0,0.0,0.0
37539.6,0.492873726367904,0.0,15592.0,37.0,0.20224999999944746,31.9375,32.4375,36.950000000000045,0.0,0.0,0.0,0.0,0.0,20.0,0.3,0.1,0.2,0.1,0.4,0.1,0.1,0.1,0.5,0.0,65535.0,0.12014953841458763,0.0,65535.0,0.07814145113298238,0.0,0.0,0.0,0.0,0.0,0.0,0.0,0.0,0.0,0.0
37599.67,0.383849540999093,0.0,15592.0,37.0,0.2095499999994516,31.9375,32.4375,37.01000000000005,0.0,0.0,0.0,0.0,0.0,20.0,0.3,0.1,0.2,0.1,0.4,0.1,0.1,0.1,0.5,0.0,65535.0,0.12031738765545129,0.0,65535.0,0.07872129396505684,0.0,0.0,0.0,0.0,0.0,0.0,0.0,0.0,0.0,0.0
37659.73,0.46423933495358655,0.0,15592.0,37.0,0.26344999999944774,31.9375,32.5,36.870000000000005,0.0,0.0,0.0,0.0,0.0,20.0,0.3,0.1,0.2,0.1,0.4,0.1,0.1,0.1,0.5,0.0,65535.0,0.1206683451590753,0.0,65535.0,0.07870603494316014,0.0,0.0,0.0,0.0,0.0,0.0,0.0,0.0,0.0,0.0
37719.81,0.452553337099849,0.0,15592.0,37.0,0.2631499999994463,31.9375,32.4375,37.13000000000005,0.0,0.0,0.0,0.0,0.0,20.0,0.3,0.1,0.2,0.1,0.4,0.1,0.1,0.1,0.5,0.0,65535.0,0.1202563515678645,0.0,65535.0,0.07841611352712291,0.0,0.0,0.0,0.0,0.0,0.0,0.0,0.0,0.0,0.0
37779.89,0.4286479545923284,0.0,15592.0,37.0,0.2228499999994537,31.9375,32.4375,36.870000000000005,0.0,0.0,0.0,0.0,0.0,20.0,0.3,0.1,0.2,0.1,0.4,0.1,0.1,0.1,0.5,0.0,65535.0,0.1202716105897612,0.0,65535.0,0.07829404135194934,0.0,0.0,0.0,0.0,0.0,0.0,0.0,0.0,0.0,0.0
37839.95,0.4436866578635301,0.0,15592.0,37.0,0.20484999999945244,32.0,32.5,36.81,0.0,0.0,0.0,0.0,0.0,20.0,0.3,0.1,0.2,0.1,0.4,0.1,0.1,0.1,0.5,0.0,65535.0,0.12031738765545129,0.0,65535.0,0.07840085450522621,0.0,0.0,0.0,0.0,0.0,0.0,0.0,0.0,0.0,0.0
37900.02,0.48218177993516587,0.0,15592.0,37.0,0.24014999999944792,31.9375,32.4375,37.110000000000014,0.0,0.0,0.0,0.0,0.0,20.0,0.3,0.1,0.2,0.1,0.4,0.1,0.1,0.1,0.5,0.0,65535.0,0.12036316472114138,0.0,65535.0,0.07826352330815595,0.0,0.0,0.0,0.0,0.0,0.0,0.0,0.0,0.0,0.0
37960.06,0.5284310626563758,0.0,15592.0,37.0,0.25894999999944246,31.875,32.4375,36.63000000000005,0.0,0.0,0.0,0.0,0.0,20.0,0.3,0.1,0.2,0.1,0.4,0.1,0.1,0.1,0.5,0.0,65535.0,0.12043945983062486,0.0,65535.0,0.0792858777752346,0.0,0.0,0.0,0.0,0.0,0.0,0.0,0.0,0.0,0.0
38020.13,0.5811420936948304,0.0,15592.0,37.0,0.29224999999944234,32.0,32.4375,36.950000000000045,0.0,0.0,0.0,0.0,0.0,20.0,0.3,0.1,0.2,0.1,0.4,0.1,0.1,0.1,0.5,0.0,65535.0,0.12083619439993896,0.0,65535.0,0.07875181200885023,0.0,0.0,0.0,0.0,0.0,0.0,0.0,0.0,0.0,0.0
38080.21,0.5228800096448368,0.0,15592.0,37.0,0.2834499999994512,32.0,32.4375,36.93000000000001,0.0,0.0,0.0,0.0,0.0,20.0,0.3,0.1,0.2,0.1,0.4,0.1,0.1,0.1,0.5,0.0,65535.0,0.12057679102769513,0.0,65535.0,0.07852292668039978,0.0,0.0,0.0,0.0,0.0,0.0,0.0,0.0,0.0,0.0
38140.29,0.5295169953959894,0.0,15592.0,37.0,0.2543499999994492,32.0,32.4375,37.01000000000005,0.0,0.0,0.0,0.0,0.0,20.0,0.3,0.1,0.2,0.1,0.4,0.1,0.1,0.1,0.5,0.0,65535.0,0.12075989929045548,0.0,65535.0,0.07882810711833371,0.0,0.0,0.0,0.0,0.0,0.0,0.0,0.0,0.0,0.0
38200.36,0.5230742068409434,0.0,15592.0,37.0,0.28524999999944955,31.9375,32.4375,37.09000000000003,0.0,0.0,0.0,0.0,0.0,20.0,0.3,0.1,0.2,0.1,0.4,0.1,0.1,0.1,0.5,0.0,65535.0,0.12104982070649271,0.0,65535.0,0.07849240863660639,0.0,0.0,0.0,0.0,0.0,0.0,0.0,0.0,0.0,0.0
38260.44,0.521112489479247,0.0,15592.0,37.0,0.25614999999944754,31.9375,32.4375,36.950000000000045,0.0,0.0,0.0,0.0,0.0,20.0,0.3,0.1,0.2,0.1,0.4,0.1,0.1,0.1,0.5,0.0,65535.0,0.1206683451590753,0.0,65535.0,0.07841611352712291,0.0,0.0,0.0,0.0,0.0,0.0,0.0,0.0,0.0,0.0
38320.52,0.5238240919174674,0.0,15592.0,37.0,0.21164999999944029,32.0,32.4375,36.85000000000002,0.0,0.0,0.0,0.0,0.0,20.0,0.3,0.1,0.2,0.1,0.4,0.1,0.1,0.1,0.5,0.0,65535.0,0.12092774853131914,0.0,65535.0,0.07884336614023041,0.0,0.0,0.0,0.0,0.0,0.0,0.0,0.0,0.0,0.0
38380.58,0.5300866842594503,0.0,15592.0,37.0,0.2431499999994409,31.9375,32.4375,36.85000000000002,0.0,0.0,0.0,0.0,0.0,20.0,0.3,0.1,0.2,0.1,0.4,0.1,0.1,0.1,0.5,0.0,65535.0,0.12065308613717861,0.0,65535.0,0.07875181200885023,0.0,0.0,0.0,0.0,0.0,0.0,0.0,0.0,0.0,0.0
38440.66,0.5370995348200487,0.0,15592.0,37.0,0.2537499999994455,31.9375,32.4375,36.950000000000045,0.0,0.0,0.0,0.0,0.0,20.0,0.3,0.1,0.2,0.1,0.4,0.1,0.1,0.1,0.5,0.0,65535.0,0.12120241092545968,0.0,65535.0,0.07884336614023041,0.0,0.0,0.0,0.0,0.0,0.0,0.0,0.0,0.0,0.0
38500.73,0.5588941156056557,0.0,15592.0,37.0,0.24404999999943922,32.0,32.5,36.81,0.0,0.0,0.0,0.0,0.0,20.0,0.3,0.1,0.2,0.1,0.4,0.1,0.1,0.1,0.5,0.0,65535.0,0.12092774853131914,0.0,65535.0,0.0788738841840238,0.0,0.0,0.0,0.0,0.0,0.0,0.0,0.0,0.0,0.0
38560.8,0.5062056590553163,0.0,15592.0,37.0,0.23314999999943323,31.9375,32.4375,36.89000000000004,0.0,0.0,0.0,0.0,0.0,20.0,0.3,0.1,0.2,0.1,0.4,0.1,0.1,0.1,0.5,0.0,65535.0,0.12094300755321584,0.0,65535.0,0.07858396276798657,0.0,0.0,0.0,0.0,0.0,0.0,0.0,0.0,0.0,0.0
38620.88,0.5120883728657366,0.0,15592.0,37.0,0.25614999999944327,32.0,32.4375,36.93000000000001,0.0,0.0,0.0,0.0,0.0,20.0,0.3,0.1,0.2,0.1,0.4,0.1,0.1,0.1,0.5,0.0,65535.0,0.1211261158159762,0.0,65535.0,0.0789044022278172,0.0,0.0,0.0,0.0,0.0,0.0,0.0,0.0,0.0,0.0
38680.96,0.5076543049244173,0.0,15592.0,37.0,0.22104999999944167,32.0,32.4375,36.89000000000004,0.0,0.0,0.0,0.0,0.0,20.0,0.3,0.1,0.2,0.1,0.4,0.1,0.1,0.1,0.5,0.0,65535.0,0.12104982070649271,0.0,65535.0,0.07905699244678416,0.0,0.0,0.0,0.0,0.0,0.0,0.0,0.0,0.0,0.0
38741.06,0.5038751280847166,0.0,15592.0,37.0,0.20654999999943552,32.0625,32.5,37.09000000000003,0.0,0.0,0.0,0.0,0.0,20.0,0.3,0.1,0.2,0.1,0.4,0.1,0.1,0.1,0.5,0.0,65535.0,0.12127870603494316,0.0,65535.0,0.07920958266575112,0.0,0.0,0.0,0.0,0.0,0.0,0.0,0.0,0.0,0.0
38801.12,0.507914531164579,0.0,15592.0,37.0,0.30664999999943315,31.9375,32.4375,36.870000000000005,0.0,0.0,0.0,0.0,0.0,20.0,0.3,0.1,0.2,0.1,0.4,0.1,0.1,0.1,0.5,0.0,65535.0,0.1210803387502861,0.0,65535.0,0.07875181200885023,0.0,0.0,0.0,0.0,0.0,0.0,0.0,0.0,0.0,0.0
38861.18,0.5495292800091626,0.0,15592.0,37.0,0.22014999999943907,32.0,32.4375,37.01000000000005,0.0,0.0,0.0,0.0,0.0,20.0,0.3,0.1,0.2,0.1,0.4,0.1,0.1,0.1,0.5,0.0,65535.0,0.12097352559700923,0.0,65535.0,0.07882810711833371,0.0,0.0,0.0,0.0,0.0,0.0,0.0,0.0,0.0,0.0
38921.25,0.49839614378296254,0.0,15592.0,37.0,0.2492499999994393,31.9375,32.4375,36.97000000000003,0.0,0.0,0.0,0.0,0.0,20.0,0.3,0.1,0.2,0.1,0.4,0.1,0.1,0.1,0.5,0.0,65535.0,0.12124818799114977,0.0,65535.0,0.07896543831540398,0.0,0.0,0.0,0.0,0.0,0.0,0.0,0.0,0.0,0.0
38981.29,0.5023106459678859,0.0,15592.0,37.0,0.24574999999942826,31.9375,32.4375,36.79000000000002,0.0,0.0,0.0,0.0,0.0,20.0,0.3,0.1,0.2,0.1,0.4,0.1,0.1,0.1,0.5,0.0,65535.0,0.12123292896925307,0.0,65535.0,0.07899595635919737,0.0,0.0,0.0,0.0,0.0,0.0,0.0,0.0,0.0,0.0
39041.33,0.43947306400808844,0.0,15592.0,37.0,0.2699499999994381,31.875,32.4375,36.81,0.0,0.0,0.0,0.0,0.0,20.0,0.3,0.1,0.2,0.1,0.4,0.1,0.1,0.1,0.5,0.0,65535.0,0.12091248950942245,0.0,65535.0,0.07884336614023041,0.0,0.0,0.0,0.0,0.0,0.0,0.0,0.0,0.0,0.0
39101.38,0.45459063330270905,0.0,15592.0,37.0,0.2758499999994327,32.0,32.4375,36.950000000000045,0.0,0.0,0.0,0.0,0.0,20.0,0.3,0.1,0.2,0.1,0.4,0.1,0.1,0.1,0.5,0.0,65535.0,0.12127870603494316,0.0,65535.0,0.07891966124971389,0.0,0.0,0.0,0.0,0.0,0.0,0.0,0.0,0.0,0.0
39161.41,0.44515773523331076,0.0,15592.0,37.0,0.2078499999994343,31.9375,32.4375,37.110000000000014,0.0,0.0,0.0,0.0,0.0,20.0,0.3,0.1,0.2,0.1,0.4,0.1,0.1,0.1,0.5,0.0,65535.0,0.12092774853131914,0.0,65535.0,0.07905699244678416,0.0,0.0,0.0,0.0,0.0,0.0,0.0,0.0,0.0,0.0
39221.44,0.4805262823458824,0.0,15592.0,37.0,0.23014999999942481,31.9375,32.4375,37.05000000000001,0.0,0.0,0.0,0.0,0.0,20.0,0.3,0.1,0.2,0.1,0.4,0.1,0.1,0.1,0.5,0.0,65535.0,0.12184328984512093,0.0,65535.0,0.07895017929350728,0.0,0.0,0.0,0.0,0.0,0.0,0.0,0.0,0.0,0.0
39281.52,0.4685580968236247,0.0,15592.0,37.0,0.31194999999942147,31.9375,32.4375,36.73000000000002,0.0,0.0,0.0,0.0,0.0,20.0,0.3,0.1,0.2,0.1,0.4,0.1,0.1,0.1,0.5,0.0,65535.0,0.12115663385976959,0.0,65535.0,0.07922484168764782,0.0,0.0,0.0,0.0,0.0,0.0,0.0,0.0,0.0,0.0
39341.6,0.45712984341986157,0.0,15592.0,37.0,0.23164999999942176,31.9375,32.4375,36.73000000000002,0.0,0.0,0.0,0.0,0.0,20.0,0.3,0.1,0.2,0.1,0.4,0.1,0.1,0.1,0.5,0.0,65535.0,0.12117189288166628,0.0,65535.0,0.07904173342488746,0.0,0.0,0.0,0.0,0.0,0.0,0.0,0.0,0.0,0.0
39401.68,0.49155960590587666,0.0,15592.0,37.0,0.29554999999942305,31.9375,32.4375,36.81,0.0,0.0,0.0,0.0,0.0,20.0,0.3,0.1,0.2,0.1,0.4,0.1,0.1,0.1,0.5,0.0,65535.0,0.12135500114442664,0.0,65535.0,0.07895017929350728,0.0,0.0,0.0,0.0,0.0,0.0,0.0,0.0,0.0,0.0
39461.76,0.4756484987022713,0.0,15592.0,37.0,0.2746499999994262,31.9375,32.4375,36.89000000000004,0.0,0.0,0.0,0.0,0.0,20.0,0.3,0.1,0.2,0.1,0.4,0.1,0.1,0.1,0.5,0.0,65535.0,0.12124818799114977,0.0,65535.0,0.07896543831540398,0.0,0.0,0.0,0.0,0.0,0.0,0.0,0.0,0.0,0.0
39521.8,0.43254536945796773,0.0,15592.0,37.0,0.23764999999941888,31.9375,32.4375,37.27000000000004,0.0,0.0,0.0,0.0,0.0,20.0,0.3,0.1,0.2,0.1,0.4,0.1,0.1,0.1,0.5,0.0,65535.0,0.12167544060425727,0.0,65535.0,0.07904173342488746,0.0,0.0,0.0,0.0,0.0,0.0,0.0,0.0,0.0,0.0
39581.88,0.46812548762255013,0.0,15592.0,37.0,0.24734999999942342,32.0,32.4375,36.870000000000005,0.0,0.0,0.0,0.0,0.0,20.0,0.3,0.1,0.2,0.1,0.4,0.1,0.1,0.1,0.5,0.0,65535.0,0.12129396505683986,0.0,65535.0,0.07943846799420157,0.0,0.0,0.0,0.0,0.0,0.0,0.0,0.0,0.0,0.0
39641.95,0.4535733941477245,0.0,15592.0,37.0,0.2717499999994288,32.0,32.4375,36.89000000000004,0.0,0.0,0.0,0.0,0.0,20.0,0.3,0.1,0.2,0.1,0.4,0.1,0.1,0.1,0.5,0.0,65535.0,0.1215075913633936,0.0,65535.0,0.07902647440299077,0.0,0.0,0.0,0.0,0.0,0.0,0.0,0.0,0.0,0.0
39702.02,0.46828837609405605,0.0,15592.0,37.0,0.2431499999994221,32.0,32.4375,36.97000000000003,0.0,0.0,0.0,0.0,0.0,20.0,0.3,0.1,0.2,0.1,0.4,0.1,0.1,0.1,0.5,0.0,65535.0,0.12178225375753414,0.0,65535.0,0.07905699244678416,0.0,0.0,0.0,0.0,0.0,0.0,0.0,0.0,0.0,0.0
39762.09,0.47073454964673633,0.0,15592.0,37.0,0.243449999999421,32.0,32.4375,36.950000000000045,0.0,0.0,0.0,0.0,0.0,20.0,0.3,0.1,0.2,0.1,0.4,0.1,0.1,0.1,0.5,0.0,65535.0,0.12158388647287709,0.0,65535.0,0.07922484168764782,0.0,0.0,0.0,0.0,0.0,0.0,0.0,0.0,0.0,0.0
39822.17,0.4697833508933986,0.0,15592.0,37.0,0.24374999999941988,31.9375,32.4375,36.97000000000003,0.0,0.0,0.0,0.0,0.0,20.0,0.3,0.1,0.2,0.1,0.4,0.1,0.1,0.1,0.5,0.0,65535.0,0.12188906691081101,0.0,65535.0,0.07948424505989166,0.0,0.0,0.0,0.0,0.0,0.0,0.0,0.0,0.0,0.0
39882.21,0.4648123028075356,0.0,15592.0,37.0,0.25074999999942427,32.0,32.4375,36.93000000000001,0.0,0.0,0.0,0.0,0.0,20.0,0.3,0.1,0.2,0.1,0.4,0.1,0.1,0.1,0.5,0.0,65535.0,0.12169069962615396,0.0,65535.0,0.07968261234454871,0.0,0.0,0.0,0.0,0.0,0.0,0.0,0.0,0.0,0.0
39942.25,0.40616748345889125,0.0,15592.0,37.0,0.23044999999941265,31.9375,32.5,37.01000000000005,0.0,0.0,0.0,0.0,0.0,20.0,0.3,0.1,0.2,0.1,0.4,0.1,0.1,0.1,0.5,0.0,65535.0,0.1219195849546044,0.0,65535.0,0.0796978713664454,0.0,0.0,0.0,0.0,0.0,0.0,0.0,0.0,0.0,0.0
40002.32,0.3945252233020345,0.0,15592.0,37.0,0.2819499999994235,31.9375,32.4375,36.81,0.0,0.0,0.0,0.0,0.0,20.0,0.3,0.1,0.2,0.1,0.4,0.1,0.1,0.1,0.5,0.0,65535.0,0.12199588006408789,0.0,65535.0,0.07962157625696192,0.0,0.0,0.0,0.0,0.0,0.0,0.0,0.0,0.0,0.0
40062.36,0.44418165478471505,0.0,15592.0,37.0,0.2928499999994136,31.9375,32.4375,36.77000000000004,0.0,0.0,0.0,0.0,0.0,20.0,0.3,0.1,0.2,0.1,0.4,0.1,0.1,0.1,0.5,0.0,65535.0,0.122392614633402,0.0,65535.0,0.07948424505989166,0.0,0.0,0.0,0.0,0.0,0.0,0.0,0.0,0.0,0.0
40122.41,0.48820581530661555,0.0,15592.0,37.0,0.27434999999941706,31.875,32.5,36.85000000000002,0.0,0.0,0.0,0.0,0.0,20.0,0.3,0.1,0.2,0.1,0.4,0.1,0.1,0.1,0.5,0.0,65535.0,0.12170595864805066,0.0,65535.0,0.07942320897230487,0.0,0.0,0.0,0.0,0.0,0.0,0.0,0.0,0.0,0.0
40182.45,0.49219201614347974,0.0,15592.0,37.0,0.2717499999994211,31.9375,32.4375,36.870000000000005,0.0,0.0,0.0,0.0,0.0,20.0,0.3,0.1,0.2,0.1,0.4,0.1,0.1,0.1,0.5,0.0,65535.0,0.1223773556115053,0.0,65535.0,0.07943846799420157,0.0,0.0,0.0,0.0,0.0,0.0,0.0,0.0,0.0,0.0
40242.53,0.4747041802033908,0.0,15592.0,37.0,0.2034499999994079,32.0,32.4375,37.13000000000005,0.0,0.0,0.0,0.0,0.0,20.0,0.3,0.1,0.2,0.1,0.4,0.1,0.1,0.1,0.5,0.0,65535.0,0.12198062104219119,0.0,65535.0,0.0797283894102388,0.0,0.0,0.0,0.0,0.0,0.0,0.0,0.0,0.0,0.0
40302.6,0.4587963569149147,0.0,15592.0,37.0,0.24844999999940875,31.9375,32.375,36.950000000000045,0.0,0.0,0.0,0.0,0.0,20.0,0.3,0.1,0.2,0.1,0.4,0.1,0.1,0.1,0.5,0.0,65535.0,0.12233157854581521,0.0,65535.0,0.07939269092851148,0.0,0.0,0.0,0.0,0.0,0.0,0.0,0.0,0.0,0.0
40362.67,0.4226370727915708,0.0,15592.0,37.0,0.2908499999994145,32.0,32.5,36.79000000000002,0.0,0.0,0.0,0.0,0.0,20.0,0.3,0.1,0.2,0.1,0.4,0.1,0.1,0.1,0.5,0.0,65535.0,0.12240787365529869,0.0,65535.0,0.07939269092851148,0.0,0.0,0.0,0.0,0.0,0.0,0.0,0.0,0.0,0.0
40422.72,0.5141820300559001,0.0,15592.0,37.0,0.22784999999941155,31.9375,32.4375,37.03000000000003,0.0,0.0,0.0,0.0,0.0,20.0,0.3,0.1,0.2,0.1,0.4,0.1,0.1,0.1,0.5,0.0,65535.0,0.12227054245822842,0.0,65535.0,0.07934691386282139,0.0,0.0,0.0,0.0,0.0,0.0,0.0,0.0,0.0,0.0
40482.78,0.5084172822665967,0.0,15592.0,37.0,0.23924999999941113,32.0,32.4375,36.97000000000003,0.0,0.0,0.0,0.0,0.0,20.0,0.3,0.1,0.2,0.1,0.4,0.1,0.1,0.1,0.5,0.0,65535.0,0.12257572289616235,0.0,65535.0,0.07943846799420157,0.0,0.0,0.0,0.0,0.0,0.0,0.0,0.0,0.0,0.0
40542.85,0.5006290464304283,0.0,15592.0,37.0,0.2592499999994063,32.0,32.4375,36.89000000000004,0.0,0.0,0.0,0.0,0.0,20.0,0.3,0.1,0.2,0.1,0.4,0.1,0.1,0.1,0.5,0.0,65535.0,0.12248416876478217,0.0,65535.0,0.07953002212558175,0.0,0.0,0.0,0.0,0.0,0.0,0.0,0.0,0.0,0.0
40602.95,0.49537718097758016,0.0,15592.0,37.0,0.26604999999941514,31.9375,32.4375,36.870000000000005,0.0,0.0,0.0,0.0,0.0,20.0,0.3,0.1,0.2,0.1,0.4,0.1,0.1,0.1,0.5,0.0,65535.0,0.12230106050202182,0.0,65535.0,0.07966735332265201,0.0,0.0,0.0,0.0,0.0,0.0,0.0,0.0,0.0,0.0
40663.02,0.5095361289173178,0.0,15592.0,37.0,0.25434999999941416,31.875,32.4375,36.93000000000001,0.0,0.0,0.0,0.0,0.0,20.0,0.3,0.1,0.2,0.1,0.4,0.1,0.1,0.1,0.5,0.0,65535.0,0.12275883115892271,0.0,65535.0,0.07949950408178835,0.0,0.0,0.0,0.0,0.0,0.0,0.0,0.0,0.0,0.0
40723.09,0.5179504907638584,0.0,15592.0,37.0,0.26434999999940423,31.875,32.375,36.89000000000004,0.0,0.0,0.0,0.0,0.0,20.0,0.3,0.1,0.2,0.1,0.4,0.1,0.1,0.1,0.5,0.0,65535.0,0.12281986724650949,0.0,65535.0,0.07988097962920576,0.0,0.0,0.0,0.0,0.0,0.0,0.0,0.0,0.0,0.0
40783.15,0.4812488065197763,0.0,15592.0,37.0,0.22984999999940206,31.9375,32.375,37.01000000000005,0.0,0.0,0.0,0.0,0.0,20.0,0.3,0.1,0.2,0.1,0.4,0.1,0.1,0.1,0.5,0.0,65535.0,0.12240787365529869,0.0,65535.0,0.07977416647592889,0.0,0.0,0.0,0.0,0.0,0.0,0.0,0.0,0.0,0.0
40843.2,0.4948169082956777,0.0,15592.0,37.0,0.28434999999941274,31.9375,32.4375,36.81,0.0,0.0,0.0,0.0,0.0,20.0,0.3,0.1,0.2,0.1,0.4,0.1,0.1,0.1,0.5,0.0,65535.0,0.12298771648737315,0.0,65535.0,0.07988097962920576,0.0,0.0,0.0,0.0,0.0,0.0,0.0,0.0,0.0,0.0
40903.27,0.4273442618736145,0.0,15592.0,37.0,0.24994999999940054,31.9375,32.375,36.950000000000045,0.0,0.0,0.0,0.0,0.0,20.0,0.3,0.1,0.2,0.1,0.4,0.1,0.1,0.1,0.5,0.0,65535.0,0.12245365072098878,0.0,65535.0,0.07949950408178835,0.0,0.0,0.0,0.0,0.0,0.0,0.0,0.0,0.0,0.0
40963.36,0.42103601753848235,0.0,15592.0,37.0,0.22934999999940336,31.9375,32.4375,37.03000000000003,0.0,0.0,0.0,0.0,0.0,20.0,0.3,0.1,0.2,0.1,0.4,0.1,0.1,0.1,0.5,0.0,65535.0,0.12297245746547646,0.0,65535.0,0.07965209430075532,0.0,0.0,0.0,0.0,0.0,0.0,0.0,0.0,0.0,0.0
41023.45,0.4852861951920354,0.0,15592.0,37.0,0.2640499999993985,32.0,32.4375,36.89000000000004,0.0,0.0,0.0,0.0,0.0,20.0,0.3,0.1,0.2,0.1,0.4,0.1,0.1,0.1,0.5,0.0,65535.0,0.12265201800564583,0.0,65535.0,0.07995727473868924,0.0,0.0,0.0,0.0,0.0,0.0,0.0,0.0,0.0,0.0
41083.52,0.5086444261905856,0.0,15592.0,37.0,0.29584999999939887,32.0,32.4375,36.77000000000004,0.0,0.0,0.0,0.0,0.0,20.0,0.3,0.1,0.2,0.1,0.4,0.1,0.1,0.1,0.5,0.0,65535.0,0.12297245746547646,0.0,65535.0,0.08026245517662318,0.0,0.0,0.0,0.0,0.0,0.0,0.0,0.0,0.0,0.0
41143.57,0.5003584655743996,0.0,15592.0,37.0,0.23314999999939565,32.0,32.4375,37.01000000000005,0.0,0.0,0.0,0.0,0.0,20.0,0.3,0.1,0.2,0.1,0.4,0.1,0.1,0.1,0.5,0.0,65535.0,0.12268253604943923,0.0,65535.0,0.07980468451972228,0.0,0.0,0.0,0.0,0.0,0.0,0.0,0.0,0.0,0.0
41203.65,0.5551892029969722,0.0,15592.0,37.0,0.22634999999939925,31.9375,32.4375,37.03000000000003,0.0,0.0,0.0,0.0,0.0,20.0,0.3,0.1,0.2,0.1,0.4,0.1,0.1,0.1,0.5,0.0,65535.0,0.12312504768444343,0.0,65535.0,0.0796978713664454,0.0,0.0,0.0,0.0,0.0,0.0,0.0,0.0,0.0,0.0
41263.72,0.5101379185195697,0.0,15592.0,37.0,0.20684999999939765,31.875,32.4375,37.09000000000003,0.0,0.0,0.0,0.0,0.0,20.0,0.3,0.1,0.2,0.1,0.4,0.1,0.1,0.1,0.5,0.0,65535.0,0.12315556572823683,0.0,65535.0,0.07989623865110246,0.0,0.0,0.0,0.0,0.0,0.0,0.0,0.0,0.0,0.0
41323.8,0.4456262697741734,0.0,15592.0,37.0,0.2176499999993969,31.9375,32.4375,37.03000000000003,0.0,0.0,0.0,0.0,0.0,20.0,0.3,0.1,0.2,0.1,0.4,0.1,0.1,0.1,0.5,0.0,65535.0,0.12336919203479058,0.0,65535.0,0.07981994354161898,0.0,0.0,0.0,0.0,0.0,0.0,0.0,0.0,0.0,0.0
41383.87,0.449721225542453,0.0,15592.0,37.0,0.30804999999938915,31.875,32.4375,36.690000000000055,0.0,0.0,0.0,0.0,0.0,20.0,0.3,0.1,0.2,0.1,0.4,0.1,0.1,0.1,0.5,0.0,65535.0,0.12344548714427406,0.0,65535.0,0.07975890745403219,0.0,0.0,0.0,0.0,0.0,0.0,0.0,0.0,0.0,0.0
41443.93,0.4343061736481875,0.0,15592.0,37.0,0.3016499999993975,31.875,32.4375,36.73000000000002,0.0,0.0,0.0,0.0,0.0,20.0,0.3,0.1,0.2,0.1,0.4,0.1,0.1,0.1,0.5,0.0,65535.0,0.12303349355306324,0.0,65535.0,0.07991149767299915,0.0,0.0,0.0,0.0,0.0,0.0,0.0,0.0,0.0,0.0
41504.0,0.438561528205632,0.0,15592.0,37.0,0.23314999999938876,31.875,32.375,37.01000000000005,0.0,0.0,0.0,0.0,0.0,20.0,0.3,0.1,0.2,0.1,0.4,0.1,0.1,0.1,0.5,0.0,65535.0,0.1228046082246128,0.0,65535.0,0.07989623865110246,0.0,0.0,0.0,0.0,0.0,0.0,0.0,0.0,0.0,0.0
41564.07,0.475620696018846,0.0,15592.0,37.0,0.26934999999939935,31.875,32.4375,36.870000000000005,0.0,0.0,0.0,0.0,0.0,20.0,0.3,0.1,0.2,0.1,0.4,0.1,0.1,0.1,0.5,0.0,65535.0,0.12315556572823683,0.0,65535.0,0.07977416647592889,0.0,0.0,0.0,0.0,0.0,0.0,0.0,0.0,0.0,0.0
41624.14,0.4610398918694835,0.0,15592.0,37.0,0.2917499999993949,31.9375,32.4375,36.79000000000002,0.0,0.0,0.0,0.0,0.0,20.0,0.3,0.1,0.2,0.1,0.4,0.1,0.1,0.1,0.5,0.0,65535.0,0.12320134279392692,0.0,65535.0,0.080170901045243,0.0,0.0,0.0,0.0,0.0,0.0,0.0,0.0,0.0,0.0
41684.21,0.431845907698106,0.0,15592.0,37.0,0.2764499999993937,32.0,32.4375,36.85000000000002,0.0,0.0,0.0,0.0,0.0,20.0,0.3,0.1,0.2,0.1,0.4,0.1,0.1,0.1,0.5,0.0,65535.0,0.12309452964065004,0.0,65535.0,0.08014038300144961,0.0,0.0,0.0,0.0,0.0,0.0,0.0,0.0,0.0,0.0
41744.28,0.47586825210316924,0.0,15592.0,37.0,0.25324999999938724,32.0,32.4375,36.950000000000045,0.0,0.0,0.0,0.0,0.0,20.0,0.3,0.1,0.2,0.1,0.4,0.1,0.1,0.1,0.5,0.0,65535.0,0.12306401159685665,0.0,65535.0,0.07977416647592889,0.0,0.0,0.0,0.0,0.0,0.0,0.0,0.0,0.0,0.0
41804.33,0.44682734409623126,0.0,15592.0,37.0,0.2461499999993911,31.9375,32.375,36.97000000000003,0.0,0.0,0.0,0.0,0.0,20.0,0.3,0.1,0.2,0.1,0.4,0.1,0.1,0.1,0.5,0.0,65535.0,0.12344548714427406,0.0,65535.0,0.0801861600671397,0.0,0.0,0.0,0.0,0.0,0.0,0.0,0.0,0.0,0.0
41864.37,0.49762311067362264,0.0,15592.0,37.0,0.2517499999993852,32.0,32.4375,36.950000000000045,0.0,0.0,0.0,0.0,0.0,20.0,0.3,0.1,0.2,0.1,0.4,0.1,0.1,0.1,0.5,0.0,65535.0,0.12310978866254674,0.0,65535.0,0.08032349126420997,0.0,0.0,0.0,0.0,0.0,0.0,0.0,0.0,0.0,0.0
41924.42,0.49777492782159444,0.0,15592.0,37.0,0.28884999999939576,32.0,32.4375,36.81,0.0,0.0,0.0,0.0,0.0,20.0,0.3,0.1,0.2,0.1,0.4,0.1,0.1,0.1,0.5,0.0,65535.0,0.12303349355306324,0.0,65535.0,0.08012512397955292,0.0,0.0,0.0,0.0,0.0,0.0,0.0,0.0,0.0,0.0
41984.46,0.5008669117713211,0.0,15592.0,37.0,0.2582499999993943,32.0,32.4375,36.93000000000001,0.0,0.0,0.0,0.0,0.0,20.0,0.3,0.1,0.2,0.1,0.4,0.1,0.1,0.1,0.5,0.0,65535.0,0.12320134279392692,0.0,65535.0,0.07988097962920576,0.0,0.0,0.0,0.0,0.0,0.0,0.0,0.0,0.0,0.0
42044.53,0.3853658035364233,0.0,15592.0,37.0,0.2161499999993874,32.0625,32.4375,37.09000000000003,0.0,0.0,0.0,0.0,0.0,20.0,0.3,0.1,0.2,0.1,0.4,0.1,0.1,0.1,0.5,0.0,65535.0,0.12350652323186084,0.0,65535.0,0.08014038300144961,0.0,0.0,0.0,0.0,0.0,0.0,0.0,0.0,0.0,0.0
42104.62,0.46521778171419137,0.0,15592.0,37.0,0.23284999999938216,32.0,32.4375,37.01000000000005,0.0,0.0,0.0,0.0,0.0,20.0,0.3,0.1,0.2,0.1,0.4,0.1,0.1,0.1,0.5,0.0,65535.0,0.12362859540703441,0.0,65535.0,0.07998779278248264,0.0,0.0,0.0,0.0,0.0,0.0,0.0,0.0,0.0,0.0
42164.69,0.5675450624926005,0.0,15592.0,37.0,0.19654999999937994,32.0,32.4375,37.13000000000005,0.0,0.0,0.0,0.0,0.0,20.0,0.3,0.1,0.2,0.1,0.4,0.1,0.1,0.1,0.5,0.0,65535.0,0.12358281834134432,0.0,65535.0,0.08030823224231327,0.0,0.0,0.0,0.0,0.0,0.0,0.0,0.0,0.0,0.0
42224.73,0.5290065733429605,0.0,15592.0,37.0,0.2845499999993869,31.9375,32.4375,36.79000000000002,0.0,0.0,0.0,0.0,0.0,20.0,0.3,0.1,0.2,0.1,0.4,0.1,0.1,0.1,0.5,0.0,65535.0,0.12379644464789807,0.0,65535.0,0.08032349126420997,0.0,0.0,0.0,0.0,0.0,0.0,0.0,0.0,0.0,0.0
42284.81,0.4857774284682874,0.0,15592.0,37.0,0.26574999999939064,31.9375,32.4375,36.870000000000005,0.0,0.0,0.0,0.0,0.0,20.0,0.3,0.1,0.2,0.1,0.4,0.1,0.1,0.1,0.5,0.0,65535.0,0.12414740215152209,0.0,65535.0,0.08053711757076372,0.0,0.0,0.0,0.0,0.0,0.0,0.0,0.0,0.0,0.0
42344.89,0.4888740031545883,0.0,15592.0,37.0,0.28694999999938553,31.9375,32.375,36.79000000000002,0.0,0.0,0.0,0.0,0.0,20.0,0.3,0.1,0.2,0.1,0.4,0.1,0.1,0.1,0.5,0.0,65535.0,0.12372014953841459,0.0,65535.0,0.0802166781109331,0.0,0.0,0.0,0.0,0.0,0.0,0.0,0.0,0.0,0.0
42404.93,0.5209550118155292,0.0,15592.0,37.0,0.2434499999993833,31.9375,32.4375,36.97000000000003,0.0,0.0,0.0,0.0,0.0,20.0,0.3,0.1,0.2,0.1,0.4,0.1,0.1,0.1,0.5,0.0,65535.0,0.12385748073548486,0.0,65535.0,0.08035400930800336,0.0,0.0,0.0,0.0,0.0,0.0,0.0,0.0,0.0,0.0
42465.0,0.3870698432372447,0.0,15592.0,37.0,0.291449999999384,31.9375,32.4375,36.79000000000002,0.0,0.0,0.0,0.0,0.0,20.0,0.3,0.1,0.2,0.1,0.4,0.1,0.1,0.1,0.5,0.0,65535.0,0.1236591134508278,0.0,65535.0,0.08036926832990006,0.0,0.0,0.0,0.0,0.0,0.0,0.0,0.0,0.0,0.0
42525.04,0.36374558230695786,0.0,15592.0,37.0,0.30974999999938413,31.9375,32.4375,36.73000000000002,0.0,0.0,0.0,0.0,0.0,20.0,0.3,0.1,0.2,0.1,0.4,0.1,0.1,0.1,0.5,0.0,65535.0,0.12352178225375754,0.0,65535.0,0.08033875028610667,0.0,0.0,0.0,0.0,0.0,0.0,0.0,0.0,0.0,0.0
42585.08,0.5478470763832837,0.0,15592.0,37.0,0.2099499999993845,32.0,32.4375,37.110000000000014,0.0,0.0,0.0,0.0,0.0,20.0,0.3,0.1,0.2,0.1,0.4,0.1,0.1,0.1,0.5,0.0,65535.0,0.1236896314946212,0.0,65535.0,0.08049134050507363,0.0,0.0,0.0,0.0,0.0,0.0,0.0,0.0,0.0,0.0
42645.13,0.5437587738163343,0.0,15592.0,37.0,0.1904499999993829,32.0,32.4375,37.170000000000016,0.0,0.0,0.0,0.0,0.0,20.0,0.3,0.1,0.2,0.1,0.4,0.1,0.1,0.1,0.5,0.0,65535.0,0.12394903486686504,0.0,65535.0,0.08067444876783399,0.0,0.0,0.0,0.0,0.0,0.0,0.0,0.0,0.0,0.0
42705.19,0.5069099482959986,0.0,15592.0,37.0,0.24304999999937427,31.9375,32.4375,36.950000000000045,0.0,0.0,0.0,0.0,0.0,20.0,0.3,0.1,0.2,0.1,0.4,0.1,0.1,0.1,0.5,0.0,65535.0,0.12394903486686504,0.0,65535.0,0.08076600289921416,0.0,0.0,0.0,0.0,0.0,0.0,0.0,0.0,0.0,0.0
42765.26,0.4887881006595852,0.0,15592.0,37.0,0.18294999999938116,31.9375,32.4375,37.170000000000016,0.0,0.0,0.0,0.0,0.0,20.0,0.3,0.1,0.2,0.1,0.4,0.1,0.1,0.1,0.5,0.0,65535.0,0.12393377584496834,0.0,65535.0,0.0805981536583505,0.0,0.0,0.0,0.0,0.0,0.0,0.0,0.0,0.0,0.0
42825.32,0.5015553350083095,0.0,15592.0,37.0,0.25624999999937303,31.875,32.4375,36.89000000000004,0.0,0.0,0.0,0.0,0.0,20.0,0.3,0.1,0.2,0.1,0.4,0.1,0.1,0.1,0.5,0.0,65535.0,0.12397955291065843,0.0,65535.0,0.0810101472495613,0.0,0.0,0.0,0.0,0.0,0.0,0.0,0.0,0.0,0.0
42885.39,0.5408395243817297,0.0,15592.0,37.0,0.2477499999993816,31.875,32.4375,36.93000000000001,0.0,0.0,0.0,0.0,0.0,20.0,0.3,0.1,0.2,0.1,0.4,0.1,0.1,0.1,0.5,0.0,65535.0,0.12445258258945602,0.0,65535.0,0.0801861600671397,0.0,0.0,0.0,0.0,0.0,0.0,0.0,0.0,0.0,0.0
42945.45,0.5205371240584532,0.0,15592.0,37.0,0.22229999999937547,31.9375,32.4375,36.77000000000004,0.0,0.0,0.0,0.0,0.0,20.0,0.3,0.1,0.2,0.1,0.4,0.1,0.1,0.1,0.5,0.0,65535.0,0.12460517280842298,0.0,65535.0,0.08023193713282979,0.0,0.0,0.0,0.0,0.0,0.0,0.0,0.0,0.0,0.0
43005.52,0.5250333133273017,0.0,15592.0,37.0,0.24119999999937505,31.875,32.5,36.81,0.0,0.0,0.0,0.0,0.0,20.0,0.3,0.1,0.2,0.1,0.4,0.1,0.1,0.1,0.5,0.0,65535.0,0.12414740215152209,0.0,65535.0,0.08043030441748684,0.0,0.0,0.0,0.0,0.0,0.0,0.0,0.0,0.0,0.0
43065.6,0.5620000363506463,0.0,15592.0,37.0,0.24269999999937453,31.9375,32.4375,36.710000000000036,0.0,0.0,0.0,0.0,0.0,20.0,0.3,0.1,0.2,0.1,0.4,0.1,0.1,0.1,0.5,0.0,65535.0,0.12436102845807584,0.0,65535.0,0.08038452735179676,0.0,0.0,0.0,0.0,0.0,0.0,0.0,0.0,0.0,0.0
43125.66,0.5921473048509216,0.0,15592.0,37.0,0.19999999999936732,31.9375,32.4375,36.950000000000045,0.0,0.0,0.0,0.0,0.0,20.0,0.3,0.1,0.2,0.1,0.4,0.1,0.1,0.1,0.5,0.0,65535.0,0.12463569085221637,0.0,65535.0,0.0806439307240406,0.0,0.0,0.0,0.0,0.0,0.0,0.0,0.0,0.0,0.0
43185.77,0.5968851750572133,0.0,15592.0,37.0,0.22044999999937714,31.875,32.4375,37.05000000000001,0.0,0.0,0.0,0.0,0.0,20.0,0.3,0.1,0.2,0.1,0.4,0.1,0.1,0.1,0.5,0.0,65535.0,0.1241321431296254,0.0,65535.0,0.08076600289921416,0.0,0.0,0.0,0.0,0.0,0.0,0.0,0.0,0.0,0.0
43245.87,0.5912519509916413,0.0,15592.0,37.0,0.2404499999993723,31.9375,32.4375,36.97000000000003,0.0,0.0,0.0,0.0,0.0,20.0,0.3,0.1,0.2,0.1,0.4,0.1,0.1,0.1,0.5,0.0,65535.0,0.12391851682307164,0.0,65535.0,0.08058289463645381,0.0,0.0,0.0,0.0,0.0,0.0,0.0,0.0,0.0,0.0
43305.95,0.4703122460728269,0.0,15592.0,37.0,0.3308499999993646,31.9375,32.4375,36.63000000000005,0.0,0.0043,0.25,0.0,0.0,20.0,0.3,0.1,0.2,0.1,0.4,0.1,0.1,0.1,0.5,0.0,65535.0,0.12457465476462959,0.0,65535.0,0.08079652094300756,0.0,0.0,0.0,0.0,0.0,0.0,0.0,0.0,0.0,0.0
43366.02,0.4651726968978789,0.0,15592.0,37.0,0.3569499999993636,31.875,32.4375,36.57000000000005,0.0,0.0,0.0,0.0,0.0,20.0,0.3,0.1,0.2,0.1,0.4,0.1,0.1,0.1,0.5,0.0,65535.0,0.12173647669184405,0.0,65535.0,0.07911802853437094,0.0,0.0,0.0,0.0,0.0,0.0,0.0,0.0,0.0,0.0
43426.09,0.5092083977874662,0.0,15592.0,37.0,0.32674999999936605,31.9375,32.375,36.710000000000036,0.0,0.0,0.0,0.0,0.0,20.0,0.3,0.1,0.2,0.1,0.4,0.1,0.1,0.1,0.5,0.0,65535.0,0.12138551918822003,0.0,65535.0,0.07872129396505684,0.0,0.0,0.0,0.0,0.0,0.0,0.0,0.0,0.0,0.0
43486.17,0.43184033561049834,0.0,15592.0,37.0,0.2617499999993675,32.0,32.375,36.97000000000003,0.0,0.0,0.0,0.0,0.0,20.0,0.3,0.1,0.2,0.1,0.4,0.1,0.1,0.1,0.5,0.0,65535.0,0.12144655527580682,0.0,65535.0,0.07884336614023041,0.0,0.0,0.0,0.0,0.0,0.0,0.0,0.0,0.0,0.0
43546.24,0.4213714510283685,0.0,15592.0,37.0,0.3045999999993737,31.9375,32.3125,37.01000000000005,0.0,0.0,0.0,0.0,0.0,20.0,0.3,0.1,0.2,0.1,0.4,0.1,0.1,0.1,0.5,0.0,65535.0,0.12129396505683986,0.0,65535.0,0.07862973983367666,0.0,0.0,0.0,0.0,0.0,0.0,0.0,0.0,0.0,0.0
43606.3,0.4763228645012448,0.0,15592.0,37.0,0.20889999999936953,32.125,32.375,36.97000000000003,0.0,0.0,0.0,0.0,0.0,20.0,0.3,0.1,0.2,0.1,0.4,0.1,0.1,0.1,0.5,0.0,65535.0,0.12104982070649271,0.0,65535.0,0.07855344472419318,0.0,0.0,0.0,0.0,0.0,0.0,0.0,0.0,0.0,0.0
43666.36,0.6227150582006165,0.0,15592.0,37.0,0.17789999999936248,32.0,32.4375,36.97000000000003,0.0,0.0,0.0,0.0,0.0,20.0,0.3,0.1,0.2,0.1,0.4,0.1,0.1,0.1,0.5,0.0,65535.0,0.1215533684290837,0.0,65535.0,0.07881284809643702,0.0,0.0,0.0,0.0,0.0,0.0,0.0,0.0,0.0,0.0
43726.43,0.3892028917766834,0.0,15592.0,37.0,0.21549999999936836,32.0,32.4375,37.01000000000005,0.0,0.0,0.0,0.0,0.0,20.0,0.3,0.1,0.2,0.1,0.4,0.1,0.1,0.1,0.5,0.0,65535.0,0.12179751277943084,0.0,65535.0,0.07875181200885023,0.0,0.0,0.0,0.0,0.0,0.0,0.0,0.0,0.0,0.0
43786.51,0.4116451207366545,0.0,15592.0,37.0,0.21344999999936254,32.0,32.4375,37.09000000000003,0.0,0.0,0.0,0.0,0.0,20.0,0.3,0.1,0.2,0.1,0.4,0.1,0.1,0.1,0.5,0.0,65535.0,0.12135500114442664,0.0,65535.0,0.07873655298695353,0.0,0.0,0.0,0.0,0.0,0.0,0.0,0.0,0.0,0.0
43846.57,0.8358986938668607,0.0,15592.0,37.0,0.27569999999936445,31.9375,32.375,36.77000000000004,0.0,0.0,0.0,0.0,0.0,20.0,0.3,0.1,0.2,0.1,0.4,0.1,0.1,0.1,0.5,0.0,65535.0,0.12182803082322423,0.0,65535.0,0.07919432364385443,0.0,0.0,0.0,0.0,0.0,0.0,0.0,0.0,0.0,0.0
43906.61,0.7779013504950435,0.0,15592.0,37.0,0.214199999999361,32.0,32.375,36.89000000000004,0.0,0.0,0.0,0.0,0.0,20.0,0.3,0.1,0.2,0.1,0.4,0.1,0.1,0.1,0.5,0.0,65535.0,0.12173647669184405,0.0,65535.0,0.07855344472419318,0.0,0.0,0.0,0.0,0.0,0.0,0.0,0.0,0.0,0.0
43966.68,0.5696576964734186,0.0,15592.0,37.0,0.24859999999935642,31.9375,32.375,36.89000000000004,0.0,0.0,0.0,0.0,0.0,20.0,0.3,0.1,0.2,0.1,0.4,0.1,0.1,0.1,0.5,0.0,65535.0,0.12188906691081101,0.0,65535.0,0.07879758907454032,0.0,0.0,0.0,0.0,0.0,0.0,0.0,0.0,0.0,0.0
44026.77,0.6134039289976886,0.0,15592.0,37.0,0.24799999999935524,32.0,32.4375,36.85000000000002,0.0,0.0,0.0,0.0,0.0,20.0,0.3,0.1,0.2,0.1,0.4,0.1,0.1,0.1,0.5,0.0,65535.0,0.121538109407187,0.0,65535.0,0.07898069733730068,0.0,0.0,0.0,0.0,0.0,0.0,0.0,0.0,0.0,0.0
44086.83,0.6150715033199853,0.0,15592.0,37.0,0.24449999999935926,31.9375,32.375,36.81,0.0,0.0,0.0,0.0,0.0,20.0,0.3,0.1,0.2,0.1,0.4,0.1,0.1,0.1,0.5,0.0,65535.0,0.12162966353856718,0.0,65535.0,0.07919432364385443,0.0,0.0,0.0,0.0,0.0,0.0,0.0,0.0,0.0,0.0
44146.89,0.591434456899399,0.0,15592.0,37.0,0.2285999999993578,31.9375,32.4375,36.870000000000005,0.0,0.0,0.0,0.0,0.0,20.0,0.3,0.1,0.2,0.1,0.4,0.1,0.1,0.1,0.5,0.0,65535.0,0.12161440451667048,0.0,65535.0,0.07864499885557336,0.0,0.0,0.0,0.0,0.0,0.0,0.0,0.0,0.0,0.0
44206.92,0.5727365086038845,0.0,15592.0,37.0,0.22859999999935693,31.9375,32.375,36.79000000000002,0.0,0.0,0.0,0.0,0.0,20.0,0.3,0.1,0.2,0.1,0.4,0.1,0.1,0.1,0.5,0.0,65535.0,0.12167544060425727,0.0,65535.0,0.07920958266575112,0.0,0.0,0.0,0.0,0.0,0.0,0.0,0.0,0.0,0.0
44266.96,0.33610742262974735,0.0,15592.0,37.0,0.2927999999993588,32.0,32.375,36.81,0.0,0.0,0.0,0.0,0.0,20.0,0.3,0.1,0.2,0.1,0.4,0.1,0.1,0.1,0.5,0.0,65535.0,0.12170595864805066,0.0,65535.0,0.07916380560006103,0.0,0.0,0.0,0.0,0.0,0.0,0.0,0.0,0.0,0.0
44327.0,0.5191262975230229,0.0,15592.0,37.0,0.2580999999993619,32.0,32.375,37.05000000000001,0.0,0.0,0.0,0.0,0.0,20.0,0.3,0.1,0.2,0.1,0.4,0.1,0.1,0.1,0.5,0.0,65535.0,0.1215228503852903,0.0,65535.0,0.07905699244678416,0.0,0.0,0.0,0.0,0.0,0.0,0.0,0.0,0.0,0.0
44387.09,0.554612671973516,0.0,15592.0,37.0,0.2259999999993601,31.9375,32.375,36.93000000000001,0.0,0.0,0.0,0.0,0.0,20.0,0.3,0.1,0.2,0.1,0.4,0.1,0.1,0.1,0.5,0.0,65535.0,0.1219348439765011,0.0,65535.0,0.07908751049057755,0.0,0.0,0.0,0.0,0.0,0.0,0.0,0.0,0.0,0.0
44447.18,0.6396217765998546,0.0,15592.0,37.0,0.20799999999935884,31.9375,32.375,36.97000000000003,0.0,0.0,0.0,0.0,0.0,20.0,0.3,0.1,0.2,0.1,0.4,0.1,0.1,0.1,0.5,0.0,65535.0,0.12230106050202182,0.0,65535.0,0.07936217288471809,0.0,0.0,0.0,0.0,0.0,0.0,0.0,0.0,0.0,0.0
44507.24,0.8728695117944061,0.0,15592.0,37.0,0.21119999999935335,31.9375,32.375,36.77000000000004,0.0,0.0,0.0,0.0,0.0,20.0,0.3,0.1,0.2,0.1,0.4,0.1,0.1,0.1,0.5,0.0,65535.0,0.12202639810788128,0.0,65535.0,0.07902647440299077,0.0,0.0,0.0,0.0,0.0,0.0,0.0,0.0,0.0,0.0
44567.31,0.977121390520196,0.0,15592.0,37.0,0.22529999999935302,31.9375,32.4375,36.73000000000002,0.0,0.0,0.0,0.0,0.0,20.0,0.3,0.1,0.2,0.1,0.4,0.1,0.1,0.1,0.5,0.0,65535.0,0.12217898832684825,0.0,65535.0,0.07920958266575112,0.0,0.0,0.0,0.0,0.0,0.0,0.0,0.0,0.0,0.0
44627.38,0.9791764368023709,0.0,15592.0,37.0,0.25059999999935845,31.9375,32.4375,36.89000000000004,0.0,0.0,0.0,0.0,0.0,20.0,0.3,0.1,0.2,0.1,0.4,0.1,0.1,0.1,0.5,0.0,65535.0,0.12243839169909208,0.0,65535.0,0.07927061875333791,0.0,0.0,0.0,0.0,0.0,0.0,0.0,0.0,0.0,0.0
44687.47,0.9616560697345607,0.0,15592.0,37.0,0.2694999999993588,31.9375,32.4375,36.77000000000004,0.0,0.0,0.0,0.0,0.0,20.0,0.3,0.1,0.2,0.1,0.4,0.1,0.1,0.1,0.5,0.0,65535.0,0.12207217517357137,0.0,65535.0,0.07917906462195773,0.0,0.0,0.0,0.0,0.0,0.0,0.0,0.0,0.0,0.0
44747.54,0.8114637943490655,0.0,15592.0,37.0,0.20179999999934595,31.9375,32.375,36.73000000000002,0.0,0.0,0.0,0.0,0.0,20.0,0.3,0.1,0.2,0.1,0.4,0.1,0.1,0.1,0.5,0.0,65535.0,0.12233157854581521,0.0,65535.0,0.07956054016937514,0.0,0.0,0.0,0.0,0.0,0.0,0.0,0.0,0.0,0.0
44807.61,0.4373436260964191,0.0,15592.0,37.0,0.2467999999993468,32.0,32.4375,36.93000000000001,0.0,0.0,0.0,0.0,0.0,20.0,0.3,0.1,0.2,0.1,0.4,0.1,0.1,0.1,0.5,0.0,65535.0,0.12199588006408789,0.0,65535.0,0.07934691386282139,0.0,0.0,0.0,0.0,0.0,0.0,0.0,0.0,0.0,0.0
44867.68,0.24050337184319256,0.0,15592.0,37.0,0.25119999999935616,31.9375,32.375,36.950000000000045,0.0,0.0,0.0,0.0,0.0,20.0,0.3,0.1,0.2,0.1,0.4,0.1,0.1,0.1,0.5,0.0,65535.0,0.12231631952391851,0.0,65535.0,0.079316395819028,0.0,0.0,0.0,0.0,0.0,0.0,0.0,0.0,0.0,0.0
44927.74,0.261293119043257,0.0,15592.0,37.0,0.23149999999934479,31.9375,32.375,36.89000000000004,0.0,0.0,0.0,0.0,0.0,20.0,0.3,0.1,0.2,0.1,0.4,0.1,0.1,0.1,0.5,0.0,65535.0,0.12228580148012512,0.0,65535.0,0.07916380560006103,0.0,0.0,0.0,0.0,0.0,0.0,0.0,0.0,0.0,0.0
44987.8,0.274394074577339,0.0,15592.0,37.0,0.22969999999934387,31.875,32.375,36.79000000000002,0.0,0.0,0.0,0.0,0.0,20.0,0.3,0.1,0.2,0.1,0.4,0.1,0.1,0.1,0.5,0.0,65535.0,0.12201113908598459,0.0,65535.0,0.07914854657816434,0.0,0.0,0.0,0.0,0.0,0.0,0.0,0.0,0.0,0.0
45047.86,0.521850702965525,0.0,15592.0,37.0,0.24179999999934793,31.9375,32.4375,36.690000000000055,0.0,0.0,0.0,0.0,0.0,20.0,0.3,0.1,0.2,0.1,0.4,0.1,0.1,0.1,0.5,0.0,65535.0,0.12257572289616235,0.0,65535.0,0.07925535973144121,0.0,0.0,0.0,0.0,0.0,0.0,0.0,0.0,0.0,0.0
45107.9,0.6836290817638256,0.0,15592.0,37.0,0.26739999999935304,31.875,32.4375,37.01000000000005,0.0,0.0,0.0,0.0,0.0,20.0,0.3,0.1,0.2,0.1,0.4,0.1,0.1,0.1,0.5,0.0,65535.0,0.12268253604943923,0.0,65535.0,0.07980468451972228,0.0,0.0,0.0,0.0,0.0,0.0,0.0,0.0,0.0,0.0
45167.98,0.6916348266796171,0.0,15592.0,37.0,0.2078999999993452,31.875,32.375,36.950000000000045,0.0,0.0,0.0,0.0,0.0,20.0,0.3,0.1,0.2,0.1,0.4,0.1,0.1,0.1,0.5,0.0,65535.0,0.12230106050202182,0.0,65535.0,0.07936217288471809,0.0,0.0,0.0,0.0,0.0,0.0,0.0,0.0,0.0,0.0
45228.04,0.6809481226998997,0.0,15592.0,37.0,0.2393999999993458,31.9375,32.375,36.81,0.0,0.0,0.0,0.0,0.0,20.0,0.3,0.1,0.2,0.1,0.4,0.1,0.1,0.1,0.5,0.0,65535.0,0.1227740901808194,0.0,65535.0,0.07953002212558175,0.0,0.0,0.0,0.0,0.0,0.0,0.0,0.0,0.0,0.0
45288.12,0.6778546986155903,0.0,15592.0,37.0,0.22619999999934445,31.875,32.375,36.89000000000004,0.0,0.0,0.0,0.0,0.0,20.0,0.3,0.1,0.2,0.1,0.4,0.1,0.1,0.1,0.5,0.0,65535.0,0.12256046387426565,0.0,65535.0,0.07956054016937514,0.0,0.0,0.0,0.0,0.0,0.0,0.0,0.0,0.0,0.0
45348.19,0.6717552849150772,0.0,15592.0,37.0,0.24239999999934392,31.9375,32.4375,36.81,0.0,0.0,0.0,0.0,0.0,20.0,0.3,0.1,0.2,0.1,0.4,0.1,0.1,0.1,0.5,0.0,65535.0,0.12243839169909208,0.0,65535.0,0.07949950408178835,0.0,0.0,0.0,0.0,0.0,0.0,0.0,0.0,0.0,0.0
45408.27,0.6603272454111844,0.0,15592.0,37.0,0.2517999999993487,31.9375,32.375,36.950000000000045,0.0,0.0,0.0,0.0,0.0,20.0,0.3,0.1,0.2,0.1,0.4,0.1,0.1,0.1,0.5,0.0,65535.0,0.12254520485236896,0.0,65535.0,0.07943846799420157,0.0,0.0,0.0,0.0,0.0,0.0,0.0,0.0,0.0,0.0
45468.34,0.665161466343702,0.0,15592.0,37.0,0.2408999999993427,31.9375,32.4375,36.77000000000004,0.0,0.0,0.0,0.0,0.0,20.0,0.3,0.1,0.2,0.1,0.4,0.1,0.1,0.1,0.5,0.0,65535.0,0.1227740901808194,0.0,65535.0,0.07951476310368505,0.0,0.0,0.0,0.0,0.0,0.0,0.0,0.0,0.0,0.0
45528.41,0.582404196808408,0.0,15592.0,37.0,0.22529999999934097,31.9375,32.4375,36.81,0.0,0.0,0.0,0.0,0.0,20.0,0.3,0.1,0.2,0.1,0.4,0.1,0.1,0.1,0.5,0.0,65535.0,0.12269779507133592,0.0,65535.0,0.07919432364385443,0.0,0.0,0.0,0.0,0.0,0.0,0.0,0.0,0.0,0.0
45588.49,0.5683310945842837,0.0,15592.0,37.0,0.23999999999934096,31.9375,32.375,36.870000000000005,0.0,0.0,0.0,0.0,0.0,20.0,0.3,0.1,0.2,0.1,0.4,0.1,0.1,0.1,0.5,0.0,65535.0,0.12275883115892271,0.0,65535.0,0.079316395819028,0.0,0.0,0.0,0.0,0.0,0.0,0.0,0.0,0.0,0.0
45648.57,0.5644557907879746,0.0,15592.0,37.0,0.24909999999934518,31.9375,32.375,36.950000000000045,0.0,0.0,0.0,0.0,0.0,20.0,0.3,0.1,0.2,0.1,0.4,0.1,0.1,0.1,0.5,0.0,65535.0,0.12281986724650949,0.0,65535.0,0.07954528114747844,0.0,0.0,0.0,0.0,0.0,0.0,0.0,0.0,0.0,0.0
45708.64,0.5170325625144244,0.0,15592.0,37.0,0.28239999999934584,31.9375,32.375,36.93000000000001,0.0,0.0,0.0,0.0,0.0,20.0,0.3,0.1,0.2,0.1,0.4,0.1,0.1,0.1,0.5,0.0,65535.0,0.12274357213702601,0.0,65535.0,0.07981994354161898,0.0,0.0,0.0,0.0,0.0,0.0,0.0,0.0,0.0,0.0
45768.71,0.5296523541759143,0.0,15592.0,37.0,0.23659999999933326,31.9375,32.4375,36.93000000000001,0.0,0.0,0.0,0.0,0.0,20.0,0.3,0.1,0.2,0.1,0.4,0.1,0.1,0.1,0.5,0.0,65535.0,0.12285038529030289,0.0,65535.0,0.07933165484092469,0.0,0.0,0.0,0.0,0.0,0.0,0.0,0.0,0.0,0.0
45828.78,0.5029103561981969,0.0,15592.0,37.0,0.2079999999993408,32.0,32.4375,36.97000000000003,0.0,0.0,0.0,0.0,0.0,20.0,0.3,0.1,0.2,0.1,0.4,0.1,0.1,0.1,0.5,0.0,65535.0,0.12256046387426565,0.0,65535.0,0.07943846799420157,0.0,0.0,0.0,0.0,0.0,0.0,0.0,0.0,0.0,0.0
45888.85,0.49547913677879785,0.0,15592.0,37.0,0.22469999999933554,31.9375,32.375,36.81,0.0,0.0,0.0,0.0,0.0,20.0,0.3,0.1,0.2,0.1,0.4,0.1,0.1,0.1,0.5,0.0,65535.0,0.12312504768444343,0.0,65535.0,0.07937743190661478,0.0,0.0,0.0,0.0,0.0,0.0,0.0,0.0,0.0,0.0
45948.93,0.4395066121571377,0.0,15592.0,37.0,0.2661999999993413,31.9375,32.375,36.650000000000034,0.0,0.0,0.0,0.0,0.0,20.0,0.3,0.1,0.2,0.1,0.4,0.1,0.1,0.1,0.5,0.0,65535.0,0.12281986724650949,0.0,65535.0,0.0797131303883421,0.0,0.0,0.0,0.0,0.0,0.0,0.0,0.0,0.0,0.0
46009.0,0.4112817662731735,0.0,15592.0,37.0,0.20439999999933808,31.9375,32.4375,36.870000000000005,0.0,0.0,0.0,0.0,0.0,20.0,0.3,0.1,0.2,0.1,0.4,0.1,0.1,0.1,0.5,0.0,65535.0,0.12292668039978637,0.0,65535.0,0.07937743190661478,0.0,0.0,0.0,0.0,0.0,0.0,0.0,0.0,0.0,0.0
46069.05,0.411490127020062,0.0,15592.0,37.0,0.21819999999933803,31.9375,32.4375,36.950000000000045,0.0,0.0,0.0,0.0,0.0,20.0,0.3,0.1,0.2,0.1,0.4,0.1,0.1,0.1,0.5,0.0,65535.0,0.12260624093995574,0.0,65535.0,0.07966735332265201,0.0,0.0,0.0,0.0,0.0,0.0,0.0,0.0,0.0,0.0
46129.13,0.4447849629157907,0.0,15592.0,37.0,0.2308999999993282,31.875,32.375,36.81,0.0,0.0,0.0,0.0,0.0,20.0,0.3,0.1,0.2,0.1,0.4,0.1,0.1,0.1,0.5,0.0,65535.0,0.12323186083772031,0.0,65535.0,0.07948424505989166,0.0,0.0,0.0,0.0,0.0,0.0,0.0,0.0,0.0,0.0
46189.18,0.3916594049060983,0.0,15592.0,37.0,0.21849999999933692,32.0,32.4375,36.89000000000004,0.0,0.0,0.0,0.0,0.0,20.0,0.3,0.1,0.2,0.1,0.4,0.1,0.1,0.1,0.5,0.0,65535.0,0.12281986724650949,0.0,65535.0,0.07975890745403219,0.0,0.0,0.0,0.0,0.0,0.0,0.0,0.0,0.0,0.0
46249.25,0.4011196824769777,0.0,15592.0,37.0,0.22819999999932641,31.9375,32.375,36.85000000000002,0.0,0.0,0.0,0.0,0.0,20.0,0.3,0.1,0.2,0.1,0.4,0.1,0.1,0.1,0.5,0.0,65535.0,0.12341496910048066,0.0,65535.0,0.07954528114747844,0.0,0.0,0.0,0.0,0.0,0.0,0.0,0.0,0.0,0.0
46309.3,0.421324389967812,0.0,15592.0,37.0,0.2699999999993319,31.875,32.4375,36.81,0.0,0.0,0.0,0.0,0.0,20.0,0.3,0.1,0.2,0.1,0.4,0.1,0.1,0.1,0.5,0.0,65535.0,0.12295719844357976,0.0,65535.0,0.07949950408178835,0.0,0.0,0.0,0.0,0.0,0.0,0.0,0.0,0.0,0.0
46369.38,0.36354501436136705,0.0,15592.0,37.0,0.24239999999933026,31.9375,32.375,37.09000000000003,0.0,0.0,0.0,0.0,0.0,20.0,0.3,0.1,0.2,0.1,0.4,0.1,0.1,0.1,0.5,0.0,65535.0,0.12297245746547646,0.0,65535.0,0.07933165484092469,0.0,0.0,0.0,0.0,0.0,0.0,0.0,0.0,0.0,0.0
46429.45,0.3620041272102964,0.0,15592.0,37.0,0.20029999999932252,31.9375,32.4375,36.89000000000004,0.0,0.0,0.0,0.0,0.0,20.0,0.3,0.1,0.2,0.1,0.4,0.1,0.1,0.1,0.5,0.0,65535.0,0.1232623788815137,0.0,65535.0,0.07936217288471809,0.0,0.0,0.0,0.0,0.0,0.0,0.0,0.0,0.0,0.0
46489.53,0.371796551356564,0.0,15592.0,37.0,0.20879999999932644,31.9375,32.375,37.03000000000003,0.0,0.0,0.0,0.0,0.0,20.0,0.3,0.1,0.2,0.1,0.4,0.1,0.1,0.1,0.5,0.0,65535.0,0.1232928969253071,0.0,65535.0,0.07978942549782558,0.0,0.0,0.0,0.0,0.0,0.0,0.0,0.0,0.0,0.0
46549.6,0.3762800982426601,0.0,15592.0,37.0,0.25789999999932267,31.9375,32.375,36.690000000000055,0.0,0.0,0.0,0.0,0.0,20.0,0.3,0.1,0.2,0.1,0.4,0.1,0.1,0.1,0.5,0.0,65535.0,0.12333867399099718,0.0,65535.0,0.07962157625696192,0.0,0.0,0.0,0.0,0.0,0.0,0.0,0.0,0.0,0.0
46609.67,0.3815870989081689,0.0,15592.0,37.0,0.24969999999933098,31.875,32.375,36.81,0.0,0.0,0.0,0.0,0.0,20.0,0.3,0.1,0.2,0.1,0.4,0.1,0.1,0.1,0.5,0.0,65535.0,0.12310978866254674,0.0,65535.0,0.07977416647592889,0.0,0.0,0.0,0.0,0.0,0.0,0.0,0.0,0.0,0.0
46669.72,0.3650437003338667,0.0,15592.0,37.0,0.22709999999932481,31.875,32.4375,36.93000000000001,0.0,0.0,0.0,0.0,0.0,20.0,0.3,0.1,0.2,0.1,0.4,0.1,0.1,0.1,0.5,0.0,65535.0,0.12306401159685665,0.0,65535.0,0.07948424505989166,0.0,0.0,0.0,0.0,0.0,0.0,0.0,0.0,0.0,0.0
46729.76,0.38587344143849955,0.0,15592.0,37.0,0.2494999999993195,31.9375,32.375,36.950000000000045,0.0,0.0,0.0,0.0,0.0,20.0,0.3,0.1,0.2,0.1,0.4,0.1,0.1,0.1,0.5,0.0,65535.0,0.12310978866254674,0.0,65535.0,0.0802166781109331,0.0,0.0,0.0,0.0,0.0,0.0,0.0,0.0,0.0,0.0
46789.8,0.40232174364523254,0.0,15592.0,37.0,0.232699999999318,32.0,32.4375,36.710000000000036,0.0,0.0,0.0,0.0,0.0,20.0,0.3,0.1,0.2,0.1,0.4,0.1,0.1,0.1,0.5,0.0,65535.0,0.12312504768444343,0.0,65535.0,0.08001831082627603,0.0,0.0,0.0,0.0,0.0,0.0,0.0,0.0,0.0,0.0
46849.88,0.421043872551292,0.0,15592.0,37.0,0.24889999999931747,31.875,32.375,36.93000000000001,0.0,0.0,0.0,0.0,0.0,20.0,0.3,0.1,0.2,0.1,0.4,0.1,0.1,0.1,0.5,0.0,65535.0,0.12318608377203022,0.0,65535.0,0.07965209430075532,0.0,0.0,0.0,0.0,0.0,0.0,0.0,0.0,0.0,0.0
46909.95,0.43245247128870395,0.0,15592.0,37.0,0.21479999999932006,31.875,32.375,36.950000000000045,0.0,0.0,0.0,0.0,0.0,20.0,0.3,0.1,0.2,0.1,0.4,0.1,0.1,0.1,0.5,0.0,65535.0,0.12321660181582361,0.0,65535.0,0.0797131303883421,0.0,0.0,0.0,0.0,0.0,0.0,0.0,0.0,0.0,0.0
46970.03,0.40492545861513807,0.0,15592.0,37.0,0.20319999999932378,31.9375,32.375,36.97000000000003,0.0,0.0,0.0,0.0,0.0,20.0,0.3,0.1,0.2,0.1,0.4,0.1,0.1,0.1,0.5,0.0,65535.0,0.12347600518806745,0.0,65535.0,0.0796978713664454,0.0,0.0,0.0,0.0,0.0,0.0,0.0,0.0,0.0,0.0
47030.08,0.4044583041884986,0.0,15592.0,37.0,0.2655999999993256,31.875,32.4375,36.81,0.0,0.0,0.0,0.0,0.0,20.0,0.3,0.1,0.2,0.1,0.4,0.1,0.1,0.1,0.5,0.0,65535.0,0.12375066758220798,0.0,65535.0,0.07968261234454871,0.0,0.0,0.0,0.0,0.0,0.0,0.0,0.0,0.0,0.0
47090.14,0.3911613895086847,0.0,15592.0,37.0,0.2184999999993232,31.875,32.4375,36.93000000000001,0.0,0.0,0.0,0.0,0.0,20.0,0.3,0.1,0.2,0.1,0.4,0.1,0.1,0.1,0.5,0.0,65535.0,0.12338445105668727,0.0,65535.0,0.0797436484321355,0.0,0.0,0.0,0.0,0.0,0.0,0.0,0.0,0.0,0.0
47150.21,0.40919815546814664,0.0,15592.0,37.0,0.24909999999932378,31.9375,32.4375,36.710000000000036,0.0,0.0,0.0,0.0,0.0,20.0,0.3,0.1,0.2,0.1,0.4,0.1,0.1,0.1,0.5,0.0,65535.0,0.12397955291065843,0.0,65535.0,0.08001831082627603,0.0,0.0,0.0,0.0,0.0,0.0,0.0,0.0,0.0,0.0
47210.27,0.3749352567265345,0.0,15592.0,37.0,0.1816999999993106,31.9375,32.375,36.870000000000005,0.0,0.0,0.0,0.0,0.0,20.0,0.3,0.1,0.2,0.1,0.4,0.1,0.1,0.1,0.5,0.0,65535.0,0.1236896314946212,0.0,65535.0,0.07983520256351567,0.0,0.0,0.0,0.0,0.0,0.0,0.0,0.0,0.0,0.0
47270.34,0.3523540543142951,0.0,15592.0,37.0,0.2381999999993169,31.875,32.375,36.73000000000002,0.0,0.0,0.0,0.0,0.0,20.0,0.3,0.1,0.2,0.1,0.4,0.1,0.1,0.1,0.5,0.0,65535.0,0.12375066758220798,0.0,65535.0,0.08026245517662318,0.0,0.0,0.0,0.0,0.0,0.0,0.0,0.0,0.0,0.0
47330.4,0.38005327432134084,0.0,15592.0,37.0,0.21909999999932006,31.875,32.375,36.85000000000002,0.0,0.0,0.0,0.0,0.0,20.0,0.3,0.1,0.2,0.1,0.4,0.1,0.1,0.1,0.5,0.0,65535.0,0.12394903486686504,0.0,65535.0,0.07988097962920576,0.0,0.0,0.0,0.0,0.0,0.0,0.0,0.0,0.0,0.0
47390.48,0.35643723971312896,0.0,15592.0,37.0,0.29209999999931224,31.9375,32.375,36.93000000000001,0.0,0.0,0.0,0.0,0.0,20.0,0.3,0.1,0.2,0.1,0.4,0.1,0.1,0.1,0.5,0.0,65535.0,0.12404058899824522,0.0,65535.0,0.08032349126420997,0.0,0.0,0.0,0.0,0.0,0.0,0.0,0.0,0.0,0.0
47450.52,0.34489572091554455,0.0,15592.0,37.0,0.22649999999931333,31.9375,32.4375,36.950000000000045,0.0,0.0,0.0,0.0,0.0,20.0,0.3,0.1,0.2,0.1,0.4,0.1,0.1,0.1,0.5,0.0,65535.0,0.12405584802014191,0.0,65535.0,0.08024719615472649,0.0,0.0,0.0,0.0,0.0,0.0,0.0,0.0,0.0,0.0
47510.58,0.3531608953401816,0.0,15592.0,37.0,0.27299999999931457,31.9375,32.375,36.81,0.0,0.0,0.0,0.0,0.0,20.0,0.3,0.1,0.2,0.1,0.4,0.1,0.1,0.1,0.5,0.0,65535.0,0.12407110704203861,0.0,65535.0,0.08004882887006942,0.0,0.0,0.0,0.0,0.0,0.0,0.0,0.0,0.0,0.0
47570.64,0.39504058914814094,0.0,15592.0,37.0,0.24449999999931288,31.9375,32.375,36.85000000000002,0.0,0.0,0.0,0.0,0.0,20.0,0.3,0.1,0.2,0.1,0.4,0.1,0.1,0.1,0.5,0.0,65535.0,0.12419317921721218,0.0,65535.0,0.07977416647592889,0.0,0.0,0.0,0.0,0.0,0.0,0.0,0.0,0.0,0.0
47630.68,0.38617195246371483,0.0,15592.0,37.0,0.24449999999931202,31.875,32.375,36.870000000000005,0.0,0.0,0.0,0.0,0.0,20.0,0.3,0.1,0.2,0.1,0.4,0.1,0.1,0.1,0.5,0.0,65535.0,0.12399481193255513,0.0,65535.0,0.08006408789196612,0.0,0.0,0.0,0.0,0.0,0.0,0.0,0.0,0.0,0.0
47690.73,0.35954810224464107,0.0,15592.0,37.0,0.23069999999931035,31.875,32.375,36.950000000000045,0.0,0.0,0.0,0.0,0.0,20.0,0.3,0.1,0.2,0.1,0.4,0.1,0.1,0.1,0.5,0.0,65535.0,0.12426947432669566,0.0,65535.0,0.07995727473868924,0.0,0.0,0.0,0.0,0.0,0.0,0.0,0.0,0.0,0.0
47750.76,0.37855134492053255,0.0,15592.0,37.0,0.22329999999931452,31.9375,32.375,36.950000000000045,0.0,0.0,0.0,0.0,0.0,20.0,0.3,0.1,0.2,0.1,0.4,0.1,0.1,0.1,0.5,0.0,65535.0,0.12396429388876173,0.0,65535.0,0.07977416647592889,0.0,0.0,0.0,0.0,0.0,0.0,0.0,0.0,0.0,0.0
47810.8,0.3651974758404816,0.0,15592.0,37.0,0.22859999999930883,31.9375,32.375,36.950000000000045,0.0,0.0,0.0,0.0,0.0,20.0,0.3,0.1,0.2,0.1,0.4,0.1,0.1,0.1,0.5,0.0,65535.0,0.12397955291065843,0.0,65535.0,0.08033875028610667,0.0,0.0,0.0,0.0,0.0,0.0,0.0,0.0,0.0,0.0
47870.84,0.3621227393626414,0.0,15592.0,37.0,0.18619999999930134,31.9375,32.375,36.870000000000005,0.0,0.0,0.0,0.0,0.0,20.0,0.3,0.1,0.2,0.1,0.4,0.1,0.1,0.1,0.5,0.0,65535.0,0.124101625085832,0.0,65535.0,0.08012512397955292,0.0,0.0,0.0,0.0,0.0,0.0,0.0,0.0,0.0,0.0
47930.88,0.36924565796542236,0.0,15592.0,37.0,0.23149999999930193,31.875,32.3125,36.97000000000003,0.0,0.0,0.0,0.0,0.0,20.0,0.3,0.1,0.2,0.1,0.4,0.1,0.1,0.1,0.5,0.0,65535.0,0.12431525139238575,0.0,65535.0,0.08006408789196612,0.0,0.0,0.0,0.0,0.0,0.0,0.0,0.0,0.0,0.0
47990.93,0.3561710803505931,0.0,15592.0,37.0,0.22939999999930044,32.0,32.375,36.89000000000004,0.0,0.0,0.0,0.0,0.0,20.0,0.3,0.1,0.2,0.1,0.4,0.1,0.1,0.1,0.5,0.0,65535.0,0.12401007095445182,0.0,65535.0,0.07997253376058594,0.0,0.0,0.0,0.0,0.0,0.0,0.0,0.0,0.0,0.0
48050.97,0.36588131732662693,0.0,15592.0,37.0,0.26319999999931065,31.9375,32.375,36.710000000000036,0.0,0.0,0.0,0.0,0.0,20.0,0.3,0.1,0.2,0.1,0.4,0.1,0.1,0.1,0.5,0.0,65535.0,0.12417792019531548,0.0,65535.0,0.08000305180437933,0.0,0.0,0.0,0.0,0.0,0.0,0.0,0.0,0.0,0.0
48111.05,0.356353658323166,0.0,15592.0,37.0,0.23789999999930436,31.875,32.375,36.93000000000001,0.0,0.0,0.0,0.0,0.0,20.0,0.3,0.1,0.2,0.1,0.4,0.1,0.1,0.1,0.5,0.0,65535.0,0.12428473334859236,0.0,65535.0,0.08026245517662318,0.0,0.0,0.0,0.0,0.0,0.0,0.0,0.0,0.0,0.0
48171.11,0.38313054929791035,0.0,15592.0,37.0,0.24649999999929909,31.8125,32.375,36.77000000000004,0.0,0.0,0.0,0.0,0.0,20.0,0.3,0.1,0.2,0.1,0.4,0.1,0.1,0.1,0.5,0.0,65535.0,0.124101625085832,0.0,65535.0,0.08033875028610667,0.0,0.0,0.0,0.0,0.0,0.0,0.0,0.0,0.0,0.0
48231.16,0.35186722330143866,0.0,15592.0,37.0,0.2611999999992982,31.875,32.4375,36.77000000000004,0.0,0.0,0.0,0.0,0.0,20.0,0.3,0.1,0.2,0.1,0.4,0.1,0.1,0.1,0.5,0.0,65535.0,0.12434576943617914,0.0,65535.0,0.08007934691386283,0.0,0.0,0.0,0.0,0.0,0.0,0.0,0.0,0.0,0.0
48291.23,0.4619878733332077,0.0,15592.0,37.0,0.2676999999993074,31.875,32.4375,36.870000000000005,0.0,0.0,0.0,0.0,0.0,20.0,0.3,0.1,0.2,0.1,0.4,0.1,0.1,0.1,0.5,0.0,65535.0,0.124101625085832,0.0,65535.0,0.08014038300144961,0.0,0.0,0.0,0.0,0.0,0.0,0.0,0.0,0.0,0.0
48351.31,0.43145950838801717,0.0,15592.0,37.0,0.18969999999930381,31.9375,32.375,36.97000000000003,0.0,0.0,0.0,0.0,0.0,20.0,0.3,0.1,0.2,0.1,0.4,0.1,0.1,0.1,0.5,0.0,65535.0,0.12474250400549325,0.0,65535.0,0.07994201571679255,0.0,0.0,0.0,0.0,0.0,0.0,0.0,0.0,0.0,0.0
48411.39,0.4324492885256349,0.0,15592.0,37.0,0.22409999999929925,31.9375,32.375,36.650000000000034,0.0,0.0,0.0,0.0,0.0,20.0,0.3,0.1,0.2,0.1,0.4,0.1,0.1,0.1,0.5,0.0,65535.0,0.12462043183031968,0.0,65535.0,0.08012512397955292,0.0,0.0,0.0,0.0,0.0,0.0,0.0,0.0,0.0,0.0
48471.44,0.39710640797488794,0.0,15592.0,37.0,0.26529999999930526,31.9375,32.4375,36.73000000000002,0.0,0.0,0.0,0.0,0.0,20.0,0.3,0.1,0.2,0.1,0.4,0.1,0.1,0.1,0.5,0.0,65535.0,0.12422369726100557,0.0,65535.0,0.08003356984817273,0.0,0.0,0.0,0.0,0.0,0.0,0.0,0.0,0.0,0.0
48531.49,0.4055782574491883,0.0,15592.0,37.0,0.24649999999929392,31.875,32.375,36.870000000000005,0.0,0.0,0.0,0.0,0.0,20.0,0.3,0.1,0.2,0.1,0.4,0.1,0.1,0.1,0.5,0.0,65535.0,0.12434576943617914,0.0,65535.0,0.08003356984817273,0.0,0.0,0.0,0.0,0.0,0.0,0.0,0.0,0.0,0.0
48591.53,0.3489209783486892,0.0,15592.0,37.0,0.20469999999930097,31.9375,32.375,36.89000000000004,0.0,0.0,0.0,0.0,0.0,20.0,0.3,0.1,0.2,0.1,0.4,0.1,0.1,0.1,0.5,0.0,65535.0,0.12426947432669566,0.0,65535.0,0.08009460593575952,0.0,0.0,0.0,0.0,0.0,0.0,0.0,0.0,0.0,0.0
48651.61,0.35731114644102163,0.0,15592.0,37.0,0.22939999999929103,31.9375,32.375,36.79000000000002,0.0,0.0,0.0,0.0,0.0,20.0,0.3,0.1,0.2,0.1,0.4,0.1,0.1,0.1,0.5,0.0,65535.0,0.12437628747997254,0.0,65535.0,0.08027771419851988,0.0,0.0,0.0,0.0,0.0,0.0,0.0,0.0,0.0,0.0
48711.66,0.44970273026496943,0.0,15592.0,37.0,0.28799999999929715,31.9375,32.375,36.79000000000002,0.0,0.0,0.0,0.0,0.0,20.0,0.3,0.1,0.2,0.1,0.4,0.1,0.1,0.1,0.5,0.0,65535.0,0.12433051041428245,0.0,65535.0,0.08030823224231327,0.0,0.0,0.0,0.0,0.0,0.0,0.0,0.0,0.0,0.0
48771.73,0.43035172826512846,0.0,15592.0,37.0,0.2311999999992894,31.875,32.375,36.950000000000045,0.0,0.0,0.0,0.0,0.0,20.0,0.3,0.1,0.2,0.1,0.4,0.1,0.1,0.1,0.5,0.0,65535.0,0.12462043183031968,0.0,65535.0,0.08039978637369345,0.0,0.0,0.0,0.0,0.0,0.0,0.0,0.0,0.0,0.0
48831.79,0.3620725164048716,0.0,15592.0,37.0,0.2431999999992884,31.875,32.4375,36.710000000000036,0.0,0.0,0.0,0.0,0.0,20.0,0.3,0.1,0.2,0.1,0.4,0.1,0.1,0.1,0.5,0.0,65535.0,0.12491035324635691,0.0,65535.0,0.08030823224231327,0.0,0.0,0.0,0.0,0.0,0.0,0.0,0.0,0.0,0.0
48891.83,0.36209059803186344,0.0,15592.0,37.0,0.2511999999992979,31.875,32.375,36.870000000000005,0.0,0.0,0.0,0.0,0.0,20.0,0.3,0.1,0.2,0.1,0.4,0.1,0.1,0.1,0.5,0.0,65535.0,0.12462043183031968,0.0,65535.0,0.08030823224231327,0.0,0.0,0.0,0.0,0.0,0.0,0.0,0.0,0.0,0.0
48951.91,0.3654102733308702,0.0,15592.0,37.0,0.20529999999929527,31.875,32.375,36.89000000000004,0.0,0.0,0.0,0.0,0.0,20.0,0.3,0.1,0.2,0.1,0.4,0.1,0.1,0.1,0.5,0.0,65535.0,0.1249713893339437,0.0,65535.0,0.08047608148317693,0.0,0.0,0.0,0.0,0.0,0.0,0.0,0.0,0.0,0.0
49011.99,0.35616405680334934,0.0,15592.0,37.0,0.23789999999929062,31.875,32.4375,36.710000000000036,0.0,0.0,0.0,0.0,0.0,20.0,0.3,0.1,0.2,0.1,0.4,0.1,0.1,0.1,0.5,0.0,65535.0,0.12425421530479897,0.0,65535.0,0.08050659952697033,0.0,0.0,0.0,0.0,0.0,0.0,0.0,0.0,0.0,0.0
49072.06,0.3674834851427116,0.0,15592.0,37.0,0.2207999999992894,31.9375,32.3125,36.81,0.0,0.0,0.0,0.0,0.0,20.0,0.3,0.1,0.2,0.1,0.4,0.1,0.1,0.1,0.5,0.0,65535.0,0.12465094987411307,0.0,65535.0,0.08052185854886702,0.0,0.0,0.0,0.0,0.0,0.0,0.0,0.0,0.0,0.0
49132.14,0.36025062206032266,0.0,15592.0,37.0,0.27119999999929045,31.9375,32.375,36.79000000000002,0.0,0.0,0.0,0.0,0.0,20.0,0.3,0.1,0.2,0.1,0.4,0.1,0.1,0.1,0.5,0.0,65535.0,0.12510872053101396,0.0,65535.0,0.08046082246128024,0.0,0.0,0.0,0.0,0.0,0.0,0.0,0.0,0.0,0.0
49192.17,0.3537426324899679,0.0,15592.0,37.0,0.2729999999992897,31.875,32.375,36.85000000000002,0.0,0.0,0.0,0.0,0.0,20.0,0.3,0.1,0.2,0.1,0.4,0.1,0.1,0.1,0.5,0.0,65535.0,0.1249256122682536,0.0,65535.0,0.08041504539559015,0.0,0.0,0.0,0.0,0.0,0.0,0.0,0.0,0.0,0.0
49252.25,0.3591217876420648,0.0,15592.0,37.0,0.20509999999928122,31.9375,32.375,36.870000000000005,0.0,0.0,0.0,0.0,0.0,20.0,0.3,0.1,0.2,0.1,0.4,0.1,0.1,0.1,0.5,0.0,65535.0,0.1249256122682536,0.0,65535.0,0.08041504539559015,0.0,0.0,0.0,0.0,0.0,0.0,0.0,0.0,0.0,0.0
49312.28,0.36397165565589373,0.0,15592.0,37.0,0.20239999999928027,31.9375,32.375,36.870000000000005,0.0,0.0,0.0,0.0,0.0,20.0,0.3,0.1,0.2,0.1,0.4,0.1,0.1,0.1,0.5,0.0,65535.0,0.12513923857480735,0.0,65535.0,0.08043030441748684,0.0,0.0,0.0,0.0,0.0,0.0,0.0,0.0,0.0,0.0
49372.36,0.378133322044821,0.0,15592.0,37.0,0.22329999999928968,32.0,32.375,36.79000000000002,0.0,0.0,0.0,0.0,0.0,20.0,0.3,0.1,0.2,0.1,0.4,0.1,0.1,0.1,0.5,0.0,65535.0,0.12498664835584039,0.0,65535.0,0.08032349126420997,0.0,0.0,0.0,0.0,0.0,0.0,0.0,0.0,0.0,0.0
49432.39,0.383123983313173,0.0,15592.0,37.0,0.2052999999992884,31.9375,32.375,36.81,0.0,0.0,0.0,0.0,0.0,20.0,0.3,0.1,0.2,0.1,0.4,0.1,0.1,0.1,0.5,0.0,65535.0,0.12523079270618753,0.0,65535.0,0.0806286717021439,0.0,0.0,0.0,0.0,0.0,0.0,0.0,0.0,0.0,0.0
49492.44,0.3571932339811234,0.0,15592.0,37.0,0.15399999999928562,31.9375,32.375,36.870000000000005,0.0,0.0,0.0,0.0,0.0,20.0,0.3,0.1,0.2,0.1,0.4,0.1,0.1,0.1,0.5,0.0,65535.0,0.12506294346532387,0.0,65535.0,0.08046082246128024,0.0,0.0,0.0,0.0,0.0,0.0,0.0,0.0,0.0,0.0
49552.48,0.36010461903215196,0.0,15592.0,37.0,0.2354999999992834,31.875,32.375,36.97000000000003,0.0,0.0,0.0,0.0,0.0,20.0,0.3,0.1,0.2,0.1,0.4,0.1,0.1,0.1,0.5,0.0,65535.0,0.1253986419470512,0.0,65535.0,0.08116273746852827,0.0,0.0,0.0,0.0,0.0,0.0,0.0,0.0,0.0,0.0
49612.56,0.3535836910988569,0.0,15592.0,37.0,0.26999999999928387,31.875,32.3125,36.870000000000005,0.0,0.0,0.0,0.0,0.0,20.0,0.3,0.1,0.2,0.1,0.4,0.1,0.1,0.1,0.5,0.0,65535.0,0.12520027466239414,0.0,65535.0,0.08070496681162738,0.0,0.0,0.0,0.0,0.0,0.0,0.0,0.0,0.0,0.0
49672.63,0.3432639181815349,0.0,15592.0,37.0,0.29149999999927856,31.9375,32.375,36.85000000000002,0.0,0.0,0.0,0.0,0.0,20.0,0.3,0.1,0.2,0.1,0.4,0.1,0.1,0.1,0.5,0.0,65535.0,0.1253376058594644,0.0,65535.0,0.08056763561455711,0.0,0.0,0.0,0.0,0.0,0.0,0.0,0.0,0.0,0.0
49732.7,0.3522063546612988,0.0,15592.0,37.0,0.24299999999928085,31.875,32.375,36.950000000000045,0.0,0.0,0.0,0.0,0.0,20.0,0.3,0.1,0.2,0.1,0.4,0.1,0.1,0.1,0.5,0.0,65535.0,0.12520027466239414,0.0,65535.0,0.08053711757076372,0.0,0.0,0.0,0.0,0.0,0.0,0.0,0.0,0.0,0.0
49792.77,0.36221631584931285,0.0,15592.0,37.0,0.1858999999992725,31.875,32.375,36.57000000000005,0.0,0.0,0.0,0.0,0.0,20.0,0.3,0.1,0.2,0.1,0.4,0.1,0.1,0.1,0.5,0.0,65535.0,0.1253376058594644,0.0,65535.0,0.08079652094300756,0.0,0.0,0.0,0.0,0.0,0.0,0.0,0.0,0.0,0.0
49852.83,0.42216790968662693,0.0,15592.0,37.0,0.24209999999927823,31.9375,32.375,36.870000000000005,0.0,0.0,0.0,0.0,0.0,20.0,0.3,0.1,0.2,0.1,0.4,0.1,0.1,0.1,0.5,0.0,65535.0,0.12509346150911727,0.0,65535.0,0.08047608148317693,0.0,0.0,0.0,0.0,0.0,0.0,0.0,0.0,0.0,0.0
49912.9,0.43202298480031265,0.0,15592.0,37.0,0.24949999999927233,31.875,32.3125,36.79000000000002,0.0,0.0,0.0,0.0,0.0,20.0,0.3,0.1,0.2,0.1,0.4,0.1,0.1,0.1,0.5,0.0,65535.0,0.12530708781567101,0.0,65535.0,0.0802014190890364,0.0,0.0,0.0,0.0,0.0,0.0,0.0,0.0,0.0,0.0
49972.98,0.4836368524421131,0.0,15592.0,37.0,0.24179999999927593,32.0,32.3125,36.79000000000002,0.0,0.0,0.0,0.0,0.0,20.0,0.3,0.1,0.2,0.1,0.4,0.1,0.1,0.1,0.5,0.0,65535.0,0.1253986419470512,0.0,65535.0,0.08050659952697033,0.0,0.0,0.0,0.0,0.0,0.0,0.0,0.0,0.0,0.0
50033.03,0.4911886630314668,0.0,15592.0,37.0,0.20029999999926848,31.9375,32.375,36.81,0.0,0.0,0.0,0.0,0.0,20.0,0.3,0.1,0.2,0.1,0.4,0.1,0.1,0.1,0.5,0.0,65535.0,0.12544441901274128,0.0,65535.0,0.08091859311818113,0.0,0.0,0.0,0.0,0.0,0.0,0.0,0.0,0.0,0.0
50093.07,0.39979586533848843,0.0,15592.0,37.0,0.22349999999927322,31.875,32.375,36.81,0.0,0.0,0.0,0.0,0.0,20.0,0.3,0.1,0.2,0.1,0.4,0.1,0.1,0.1,0.5,0.0,65535.0,0.125810635538262,0.0,65535.0,0.08084229800869765,0.0,0.0,0.0,0.0,0.0,0.0,0.0,0.0,0.0,0.0
50153.13,0.38799177441950927,0.0,15592.0,37.0,0.2187999999992775,31.875,32.375,36.73000000000002,0.0,0.0,0.0,0.0,0.0,20.0,0.3,0.1,0.2,0.1,0.4,0.1,0.1,0.1,0.5,0.0,65535.0,0.12562752727550164,0.0,65535.0,0.08079652094300756,0.0,0.0,0.0,0.0,0.0,0.0,0.0,0.0,0.0,0.0
50213.2,0.4018495030423396,0.0,15592.0,37.0,0.28119999999927925,31.875,32.375,36.81,0.0,0.0,0.0,0.0,0.0,20.0,0.3,0.1,0.2,0.1,0.4,0.1,0.1,0.1,0.5,0.0,65535.0,0.12556649118791485,0.0,65535.0,0.08090333409628443,0.0,0.0,0.0,0.0,0.0,0.0,0.0,0.0,0.0,0.0
50273.25,0.46140330668862733,0.0,15592.0,37.0,0.263299999999268,31.875,32.3125,36.89000000000004,0.0,0.0,0.0,0.0,0.0,20.0,0.3,0.1,0.2,0.1,0.4,0.1,0.1,0.1,0.5,0.0,65535.0,0.12555123216601816,0.0,65535.0,0.08056763561455711,0.0,0.0,0.0,0.0,0.0,0.0,0.0,0.0,0.0,0.0
50333.3,0.429341547359352,0.0,15592.0,37.0,0.24089999999927073,31.9375,32.375,36.73000000000002,0.0,0.0,0.0,0.0,0.0,20.0,0.3,0.1,0.2,0.1,0.4,0.1,0.1,0.1,0.5,0.0,65535.0,0.12564278629739833,0.0,65535.0,0.08084229800869765,0.0,0.0,0.0,0.0,0.0,0.0,0.0,0.0,0.0,0.0
50393.34,0.46980803588051034,0.0,15592.0,37.0,0.21879999999927405,31.9375,32.375,36.73000000000002,0.0,0.0,0.0,0.0,0.0,20.0,0.3,0.1,0.2,0.1,0.4,0.1,0.1,0.1,0.5,0.0,65535.0,0.12552071412222476,0.0,65535.0,0.08097962920576791,0.0,0.0,0.0,0.0,0.0,0.0,0.0,0.0,0.0,0.0
50453.38,0.481417922094191,0.0,15592.0,37.0,0.24209999999926962,31.875,32.3125,36.73000000000002,0.0,0.0,0.0,0.0,0.0,20.0,0.3,0.1,0.2,0.1,0.4,0.1,0.1,0.1,0.5,0.0,65535.0,0.1257648584725719,0.0,65535.0,0.08078126192111086,0.0,0.0,0.0,0.0,0.0,0.0,0.0,0.0,0.0,0.0
50513.43,0.47795785659775514,0.0,15592.0,37.0,0.2535999999992742,31.875,32.375,37.01000000000005,0.0,0.0043,0.25,0.0,0.0,20.0,0.3,0.1,0.2,0.1,0.4,0.1,0.1,0.1,0.5,0.0,65535.0,0.12588693064774548,0.0,65535.0,0.0810406652933547,0.0,0.0,0.0,0.0,0.0,0.0,0.0,0.0,0.0,0.0
50573.47,0.46385636408096553,0.0,15592.0,37.0,0.39294999999926317,31.875,32.375,36.450000000000045,0.0,0.0,0.0,0.0,0.0,20.0,0.3,0.1,0.2,0.1,0.4,0.1,0.1,0.1,0.5,0.0,65535.0,0.12298771648737315,0.0,65535.0,0.07911802853437094,0.0,0.0,0.0,0.0,0.0,0.0,0.0,0.0,0.0,0.0
50633.52,0.4434677093173386,0.0,15592.0,37.0,0.22629999999927092,31.875,32.375,36.870000000000005,0.0,0.0,0.0,0.0,0.0,20.0,0.3,0.1,0.2,0.1,0.4,0.1,0.1,0.1,0.5,0.0,65535.0,0.12213321126115816,0.0,65535.0,0.07891966124971389,0.0,0.0,0.0,0.0,0.0,0.0,0.0,0.0,0.0,0.0
50693.56,0.47556858079776504,0.0,15592.0,37.0,0.250999999999261,32.0,32.375,36.950000000000045,0.0,0.0,0.0,0.0,0.0,20.0,0.3,0.1,0.2,0.1,0.4,0.1,0.1,0.1,0.5,0.0,65535.0,0.12252994583047226,0.0,65535.0,0.07917906462195773,0.0,0.0,0.0,0.0,0.0,0.0,0.0,0.0,0.0,0.0
50753.62,0.4533985768425647,0.0,15592.0,37.0,0.2288999999992643,32.0,32.375,37.01000000000005,0.0,0.0,0.0,0.0,0.0,20.0,0.3,0.1,0.2,0.1,0.4,0.1,0.1,0.1,0.5,0.0,65535.0,0.12272831311512931,0.0,65535.0,0.07904173342488746,0.0,0.0,0.0,0.0,0.0,0.0,0.0,0.0,0.0,0.0
50813.69,0.4795570717030139,0.0,15592.0,37.0,0.29889999999927086,31.9375,32.375,36.97000000000003,0.0,0.0,0.0,0.0,0.0,20.0,0.3,0.1,0.2,0.1,0.4,0.1,0.1,0.1,0.5,0.0,65535.0,0.1223773556115053,0.0,65535.0,0.07893492027161059,0.0,0.0,0.0,0.0,0.0,0.0,0.0,0.0,0.0,0.0
50873.78,0.47135887487806694,0.0,15592.0,37.0,0.219399999999267,32.0,32.375,37.01000000000005,0.0,0.0,0.0,0.0,0.0,20.0,0.3,0.1,0.2,0.1,0.4,0.1,0.1,0.1,0.5,0.0,65535.0,0.12245365072098878,0.0,65535.0,0.07899595635919737,0.0,0.0,0.0,0.0,0.0,0.0,0.0,0.0,0.0,0.0
50933.86,0.4737186163188553,0.0,15592.0,37.0,0.227499999999267,31.9375,32.375,36.97000000000003,0.0,0.0,0.0,0.0,0.0,20.0,0.3,0.1,0.2,0.1,0.4,0.1,0.1,0.1,0.5,0.0,65535.0,0.12283512626840619,0.0,65535.0,0.0789044022278172,0.0,0.0,0.0,0.0,0.0,0.0,0.0,0.0,0.0,0.0
50993.89,0.4436292057812582,0.0,15592.0,37.0,0.2262999999992664,31.9375,32.375,36.710000000000036,0.0,0.0,0.0,0.0,0.0,20.0,0.3,0.1,0.2,0.1,0.4,0.1,0.1,0.1,0.5,0.0,65535.0,0.12292668039978637,0.0,65535.0,0.07875181200885023,0.0,0.0,0.0,0.0,0.0,0.0,0.0,0.0,0.0,0.0
51053.95,0.4296684197132053,0.0,15592.0,37.0,0.22539999999926552,31.875,32.375,36.81,0.0,0.0,0.0,0.0,0.0,20.0,0.3,0.1,0.2,0.1,0.4,0.1,0.1,0.1,0.5,0.0,65535.0,0.12281986724650949,0.0,65535.0,0.07905699244678416,0.0,0.0,0.0,0.0,0.0,0.0,0.0,0.0,0.0,0.0
51114.01,0.3898717318489476,0.0,15592.0,37.0,0.2032999999992538,31.875,32.375,36.710000000000036,0.0,0.0,0.0,0.0,0.0,20.0,0.3,0.1,0.2,0.1,0.4,0.1,0.1,0.1,0.5,0.0,65535.0,0.12274357213702601,0.0,65535.0,0.07911802853437094,0.0,0.0,0.0,0.0,0.0,0.0,0.0,0.0,0.0,0.0
51174.06,0.4332279301368331,0.0,15592.0,37.0,0.24479999999925953,31.9375,32.375,37.01000000000005,0.0,0.0,0.0,0.0,0.0,20.0,0.3,0.1,0.2,0.1,0.4,0.1,0.1,0.1,0.5,0.0,65535.0,0.12292668039978637,0.0,65535.0,0.07910276951247425,0.0,0.0,0.0,0.0,0.0,0.0,0.0,0.0,0.0,0.0
51234.12,0.44247183176384264,0.0,15592.0,37.0,0.24479999999925867,31.9375,32.375,36.79000000000002,0.0,0.0,0.0,0.0,0.0,20.0,0.3,0.1,0.2,0.1,0.4,0.1,0.1,0.1,0.5,0.0,65535.0,0.1228046082246128,0.0,65535.0,0.07905699244678416,0.0,0.0,0.0,0.0,0.0,0.0,0.0,0.0,0.0,0.0
51294.16,0.4453025892769056,0.0,15592.0,37.0,0.22389999999926177,31.9375,32.375,36.710000000000036,0.0,0.0,0.0,0.0,0.0,20.0,0.3,0.1,0.2,0.1,0.4,0.1,0.1,0.1,0.5,0.0,65535.0,0.12307927061875334,0.0,65535.0,0.07911802853437094,0.0,0.0,0.0,0.0,0.0,0.0,0.0,0.0,0.0,0.0
51354.23,0.4430663591368607,0.0,15592.0,37.0,0.2238999999992609,31.9375,32.375,36.97000000000003,0.0,0.0,0.0,0.0,0.0,20.0,0.3,0.1,0.2,0.1,0.4,0.1,0.1,0.1,0.5,0.0,65535.0,0.12312504768444343,0.0,65535.0,0.079316395819028,0.0,0.0,0.0,0.0,0.0,0.0,0.0,0.0,0.0,0.0
51414.3,0.4535581438405951,0.0,15592.0,37.0,0.24299999999925603,31.9375,32.375,36.81,0.0,0.0,0.0,0.0,0.0,20.0,0.3,0.1,0.2,0.1,0.4,0.1,0.1,0.1,0.5,0.0,65535.0,0.12288090333409628,0.0,65535.0,0.07905699244678416,0.0,0.0,0.0,0.0,0.0,0.0,0.0,0.0,0.0,0.0
51474.38,0.4667855332446268,0.0,15592.0,37.0,0.2438999999992552,31.9375,32.375,36.81,0.0,0.0,0.0,0.0,0.0,20.0,0.3,0.1,0.2,0.1,0.4,0.1,0.1,0.1,0.5,0.0,65535.0,0.12306401159685665,0.0,65535.0,0.07908751049057755,0.0,0.0,0.0,0.0,0.0,0.0,0.0,0.0,0.0,0.0
51534.45,0.47326142665106335,0.0,15592.0,37.0,0.2426999999992546,31.9375,32.375,36.77000000000004,0.0,0.0,0.0,0.0,0.0,20.0,0.3,0.1,0.2,0.1,0.4,0.1,0.1,0.1,0.5,0.0,65535.0,0.12333867399099718,0.0,65535.0,0.07914854657816434,0.0,0.0,0.0,0.0,0.0,0.0,0.0,0.0,0.0,0.0
51594.5,0.4876965028396878,0.0,15592.0,37.0,0.25359999999925886,31.9375,32.375,36.85000000000002,0.0,0.0,0.0,0.0,0.0,20.0,0.3,0.1,0.2,0.1,0.4,0.1,0.1,0.1,0.5,0.0,65535.0,0.12300297550926985,0.0,65535.0,0.07901121538109407,0.0,0.0,0.0,0.0,0.0,0.0,0.0,0.0,0.0,0.0
51654.58,0.48970959693962135,0.0,15592.0,37.0,0.22599999999925727,31.9375,32.375,36.93000000000001,0.0,0.0,0.0,0.0,0.0,20.0,0.3,0.1,0.2,0.1,0.4,0.1,0.1,0.1,0.5,0.0,65535.0,0.12281986724650949,0.0,65535.0,0.07910276951247425,0.0,0.0,0.0,0.0,0.0,0.0,0.0,0.0,0.0,0.0
51714.62,0.4810322930043894,0.0,15592.0,37.0,0.23539999999924702,31.9375,32.4375,37.09000000000003,0.0,0.0,0.0,0.0,0.0,20.0,0.3,0.1,0.2,0.1,0.4,0.1,0.1,0.1,0.5,0.0,65535.0,0.12312504768444343,0.0,65535.0,0.07934691386282139,0.0,0.0,0.0,0.0,0.0,0.0,0.0,0.0,0.0,0.0
51774.71,0.4753383191748851,0.0,15592.0,37.0,0.2032999999992444,31.9375,32.4375,36.710000000000036,0.0,0.0,0.0,0.0,0.0,20.0,0.3,0.1,0.2,0.1,0.4,0.1,0.1,0.1,0.5,0.0,65535.0,0.1232623788815137,0.0,65535.0,0.079316395819028,0.0,0.0,0.0,0.0,0.0,0.0,0.0,0.0,0.0,0.0
51834.78,0.49887353658093525,0.0,15592.0,37.0,0.22089999999925425,32.0,32.4375,36.710000000000036,0.0,0.0,0.0,0.0,0.0,20.0,0.3,0.1,0.2,0.1,0.4,0.1,0.1,0.1,0.5,0.0,65535.0,0.12314030670634013,0.0,65535.0,0.079316395819028,0.0,0.0,0.0,0.0,0.0,0.0,0.0,0.0,0.0,0.0
51894.84,0.4856143062049956,0.0,15592.0,37.0,0.21969999999925363,32.0,32.375,36.650000000000034,0.0,0.0,0.0,0.0,0.0,20.0,0.3,0.1,0.2,0.1,0.4,0.1,0.1,0.1,0.5,0.0,65535.0,0.1232928969253071,0.0,65535.0,0.07936217288471809,0.0,0.0,0.0,0.0,0.0,0.0,0.0,0.0,0.0,0.0
51954.91,0.49671437724117273,0.0,15592.0,37.0,0.2820999999992554,32.0,32.3125,36.89000000000004,0.0,0.0,0.0,0.0,0.0,20.0,0.3,0.1,0.2,0.1,0.4,0.1,0.1,0.1,0.5,0.0,65535.0,0.12375066758220798,0.0,65535.0,0.0796978713664454,0.0,0.0,0.0,0.0,0.0,0.0,0.0,0.0,0.0,0.0
52014.96,0.4906070396142196,0.0,15592.0,37.0,0.2081999999992473,31.875,32.375,36.79000000000002,0.0,0.0,0.0,0.0,0.0,20.0,0.3,0.1,0.2,0.1,0.4,0.1,0.1,0.1,0.5,0.0,65535.0,0.1237048905165179,0.0,65535.0,0.07959105821316853,0.0,0.0,0.0,0.0,0.0,0.0,0.0,0.0,0.0,0.0
52075.0,0.4855806356600116,0.0,15592.0,37.0,0.23939999999924733,31.875,32.375,36.93000000000001,0.0,0.0,0.0,0.0,0.0,20.0,0.3,0.1,0.2,0.1,0.4,0.1,0.1,0.1,0.5,0.0,65535.0,0.12375066758220798,0.0,65535.0,0.07940794995040817,0.0,0.0,0.0,0.0,0.0,0.0,0.0,0.0,0.0,0.0
52135.04,0.4924265301832117,0.0,15592.0,37.0,0.2658999999992525,31.9375,32.3125,36.650000000000034,0.0,0.0,0.0,0.0,0.0,20.0,0.3,0.1,0.2,0.1,0.4,0.1,0.1,0.1,0.5,0.0,65535.0,0.12355230029755093,0.0,65535.0,0.07904173342488746,0.0,0.0,0.0,0.0,0.0,0.0,0.0,0.0,0.0,0.0
52195.07,0.49097480252799686,0.0,15592.0,37.0,0.22769999999924545,31.875,32.375,36.950000000000045,0.0,0.0,0.0,0.0,0.0,20.0,0.3,0.1,0.2,0.1,0.4,0.1,0.1,0.1,0.5,0.0,65535.0,0.12335393301289388,0.0,65535.0,0.0788891432059205,0.0,0.0,0.0,0.0,0.0,0.0,0.0,0.0,0.0,0.0
52255.11,0.48884354900587124,0.0,15592.0,37.0,0.28599999999925185,31.9375,32.375,36.650000000000034,0.0,0.0,0.0,0.0,0.0,20.0,0.3,0.1,0.2,0.1,0.4,0.1,0.1,0.1,0.5,0.0,65535.0,0.12364385442893111,0.0,65535.0,0.07940794995040817,0.0,0.0,0.0,0.0,0.0,0.0,0.0,0.0,0.0,0.0
52315.14,0.4941671113164194,0.0,15592.0,37.0,0.20239999999923833,31.9375,32.3125,36.97000000000003,0.0,0.0,0.0,0.0,0.0,20.0,0.3,0.1,0.2,0.1,0.4,0.1,0.1,0.1,0.5,0.0,65535.0,0.12355230029755093,0.0,65535.0,0.07953002212558175,0.0,0.0,0.0,0.0,0.0,0.0,0.0,0.0,0.0,0.0
52375.18,0.48972574015493375,0.0,15592.0,37.0,0.24619999999923856,31.875,32.375,36.77000000000004,0.0,0.0,0.0,0.0,0.0,20.0,0.3,0.1,0.2,0.1,0.4,0.1,0.1,0.1,0.5,0.0,65535.0,0.12350652323186084,0.0,65535.0,0.07911802853437094,0.0,0.0,0.0,0.0,0.0,0.0,0.0,0.0,0.0,0.0
52435.22,0.48832948142975485,0.0,15592.0,37.0,0.26029999999923825,31.9375,32.3125,36.77000000000004,0.0,0.0,0.0,0.0,0.0,20.0,0.3,0.1,0.2,0.1,0.4,0.1,0.1,0.1,0.5,0.0,65535.0,0.12372014953841459,0.0,65535.0,0.07933165484092469,0.0,0.0,0.0,0.0,0.0,0.0,0.0,0.0,0.0,0.0
52495.26,0.4825646421700817,0.0,15592.0,37.0,0.19879999999923476,31.875,32.375,36.79000000000002,0.0,0.0,0.0,0.0,0.0,20.0,0.3,0.1,0.2,0.1,0.4,0.1,0.1,0.1,0.5,0.0,65535.0,0.12353704127565424,0.0,65535.0,0.07957579919127183,0.0,0.0,0.0,0.0,0.0,0.0,0.0,0.0,0.0,0.0
52555.32,0.4717594076882827,0.0,15592.0,37.0,0.2396999999992402,31.875,32.375,36.77000000000004,0.0,0.0,0.0,0.0,0.0,20.0,0.3,0.1,0.2,0.1,0.4,0.1,0.1,0.1,0.5,0.0,65535.0,0.1236591134508278,0.0,65535.0,0.07922484168764782,0.0,0.0,0.0,0.0,0.0,0.0,0.0,0.0,0.0,0.0
52615.4,0.47982144815704264,0.0,15592.0,37.0,0.24349999999923416,31.875,32.375,36.950000000000045,0.0,0.0,0.0,0.0,0.0,20.0,0.3,0.1,0.2,0.1,0.4,0.1,0.1,0.1,0.5,0.0,65535.0,0.12382696269169147,0.0,65535.0,0.07962157625696192,0.0,0.0,0.0,0.0,0.0,0.0,0.0,0.0,0.0,0.0
52675.47,0.48354869448585736,0.0,15592.0,37.0,0.26829999999924425,31.9375,32.375,37.01000000000005,0.0,0.0,0.0,0.0,0.0,20.0,0.3,0.1,0.2,0.1,0.4,0.1,0.1,0.1,0.5,0.0,65535.0,0.12378118562600138,0.0,65535.0,0.07957579919127183,0.0,0.0,0.0,0.0,0.0,0.0,0.0,0.0,0.0,0.0
52735.54,0.4755732187100902,0.0,15592.0,37.0,0.23359999999923237,31.875,32.375,36.870000000000005,0.0,0.0,0.0,0.0,0.0,20.0,0.3,0.1,0.2,0.1,0.4,0.1,0.1,0.1,0.5,0.0,65535.0,0.12372014953841459,0.0,65535.0,0.0793011367971313,0.0,0.0,0.0,0.0,0.0,0.0,0.0,0.0,0.0,0.0
52795.58,0.4751649476890964,0.0,15592.0,37.0,0.19269999999923942,31.875,32.375,36.85000000000002,0.0,0.0,0.0,0.0,0.0,20.0,0.3,0.1,0.2,0.1,0.4,0.1,0.1,0.1,0.5,0.0,65535.0,0.12385748073548486,0.0,65535.0,0.07981994354161898,0.0,0.0,0.0,0.0,0.0,0.0,0.0,0.0,0.0,0.0
52855.66,0.4822256885607448,0.0,15592.0,37.0,0.24359999999923576,31.875,32.375,37.03000000000003,0.0,0.0,0.0,0.0,0.0,20.0,0.3,0.1,0.2,0.1,0.4,0.1,0.1,0.1,0.5,0.0,65535.0,0.12355230029755093,0.0,65535.0,0.07937743190661478,0.0,0.0,0.0,0.0,0.0,0.0,0.0,0.0,0.0,0.0
52915.7,0.4782144112926299,0.0,15592.0,37.0,0.24209999999923457,31.875,32.375,36.73000000000002,0.0,0.0,0.0,0.0,0.0,20.0,0.3,0.1,0.2,0.1,0.4,0.1,0.1,0.1,0.5,0.0,65535.0,0.12359807736324102,0.0,65535.0,0.07943846799420157,0.0,0.0,0.0,0.0,0.0,0.0,0.0,0.0,0.0,0.0
52975.75,0.48238003378756156,0.0,15592.0,37.0,0.23059999999922826,31.875,32.375,36.85000000000002,0.0,0.0,0.0,0.0,0.0,20.0,0.3,0.1,0.2,0.1,0.4,0.1,0.1,0.1,0.5,0.0,65535.0,0.12378118562600138,0.0,65535.0,0.07940794995040817,0.0,0.0,0.0,0.0,0.0,0.0,0.0,0.0,0.0,0.0
53035.79,0.4743360940706021,0.0,15592.0,37.0,0.2444999999992324,31.9375,32.375,37.01000000000005,0.0,0.0,0.0,0.0,0.0,20.0,0.3,0.1,0.2,0.1,0.4,0.1,0.1,0.1,0.5,0.0,65535.0,0.12382696269169147,0.0,65535.0,0.07943846799420157,0.0,0.0,0.0,0.0,0.0,0.0,0.0,0.0,0.0,0.0
53095.82,0.4776406661623399,0.0,15592.0,37.0,0.22949999999923096,31.875,32.3125,36.89000000000004,0.0,0.0,0.0,0.0,0.0,20.0,0.3,0.1,0.2,0.1,0.4,0.1,0.1,0.1,0.5,0.0,65535.0,0.1236743724727245,0.0,65535.0,0.07954528114747844,0.0,0.0,0.0,0.0,0.0,0.0,0.0,0.0,0.0,0.0
53155.87,0.4722835857991991,0.0,15592.0,37.0,0.24569999999923042,31.875,32.375,37.13000000000005,0.0,0.0,0.0,0.0,0.0,20.0,0.3,0.1,0.2,0.1,0.4,0.1,0.1,0.1,0.5,0.0,65535.0,0.12375066758220798,0.0,65535.0,0.07945372701609826,0.0,0.0,0.0,0.0,0.0,0.0,0.0,0.0,0.0,0.0
53215.92,0.4822394268960629,0.0,15592.0,37.0,0.22299999999923345,31.9375,32.375,36.79000000000002,0.0,0.0,0.0,0.0,0.0,20.0,0.3,0.1,0.2,0.1,0.4,0.1,0.1,0.1,0.5,0.0,65535.0,0.12390325780117495,0.0,65535.0,0.07978942549782558,0.0,0.0,0.0,0.0,0.0,0.0,0.0,0.0,0.0,0.0
53276.01,0.4851948146666853,0.0,15592.0,37.0,0.2043999999992319,31.9375,32.375,36.81,0.0,0.0,0.0,0.0,0.0,20.0,0.3,0.1,0.2,0.1,0.4,0.1,0.1,0.1,0.5,0.0,65535.0,0.12379644464789807,0.0,65535.0,0.07960631723506523,0.0,0.0,0.0,0.0,0.0,0.0,0.0,0.0,0.0,0.0
53336.07,0.4807780248865291,0.0,15592.0,37.0,0.28589999999922966,31.9375,32.375,36.89000000000004,0.0,0.0,0.0,0.0,0.0,20.0,0.3,0.1,0.2,0.1,0.4,0.1,0.1,0.1,0.5,0.0,65535.0,0.12416266117341879,0.0,65535.0,0.07948424505989166,0.0,0.0,0.0,0.0,0.0,0.0,0.0,0.0,0.0,0.0
53396.13,0.49121650291474867,0.0,15592.0,37.0,0.25299999999923284,31.9375,32.3125,36.650000000000034,0.0,0.0,0.0,0.0,0.0,20.0,0.3,0.1,0.2,0.1,0.4,0.1,0.1,0.1,0.5,0.0,65535.0,0.1241168841077287,0.0,65535.0,0.07945372701609826,0.0,0.0,0.0,0.0,0.0,0.0,0.0,0.0,0.0,0.0
53456.2,0.48544659331826767,0.0,15592.0,37.0,0.24919999999922207,31.9375,32.3125,36.79000000000002,0.0,0.0,0.0,0.0,0.0,20.0,0.3,0.1,0.2,0.1,0.4,0.1,0.1,0.1,0.5,0.0,65535.0,0.124101625085832,0.0,65535.0,0.07965209430075532,0.0,0.0,0.0,0.0,0.0,0.0,0.0,0.0,0.0,0.0
53516.28,0.4776320931956035,0.0,15592.0,37.0,0.20739999999922912,32.0,32.375,36.79000000000002,0.0,0.0,0.0,0.0,0.0,20.0,0.3,0.1,0.2,0.1,0.4,0.1,0.1,0.1,0.5,0.0,65535.0,0.12399481193255513,0.0,65535.0,0.0796978713664454,0.0,0.0,0.0,0.0,0.0,0.0,0.0,0.0,0.0,0.0
53576.35,0.47035999477842305,0.0,15592.0,37.0,0.2090999999992233,31.875,32.375,36.73000000000002,0.0,0.0,0.0,0.0,0.0,20.0,0.3,0.1,0.2,0.1,0.4,0.1,0.1,0.1,0.5,0.0,65535.0,0.12401007095445182,0.0,65535.0,0.07948424505989166,0.0,0.0,0.0,0.0,0.0,0.0,0.0,0.0,0.0,0.0
53636.43,0.46578221936714126,0.0,15592.0,37.0,0.2405999999992239,31.9375,32.3125,37.01000000000005,0.0,0.0,0.0,0.0,0.0,20.0,0.3,0.1,0.2,0.1,0.4,0.1,0.1,0.1,0.5,0.0,65535.0,0.12426947432669566,0.0,65535.0,0.07966735332265201,0.0,0.0,0.0,0.0,0.0,0.0,0.0,0.0,0.0,0.0
53696.5,0.48195451143324464,0.0,15592.0,37.0,0.24499999999921818,31.875,32.375,36.85000000000002,0.0,0.0,0.0,0.0,0.0,20.0,0.3,0.1,0.2,0.1,0.4,0.1,0.1,0.1,0.5,0.0,65535.0,0.12416266117341879,0.0,65535.0,0.07997253376058594,0.0,0.0,0.0,0.0,0.0,0.0,0.0,0.0,0.0,0.0
53756.58,0.47093789291341837,0.0,15592.0,37.0,0.2602999999992176,31.875,32.375,36.690000000000055,0.0,0.0,0.0,0.0,0.0,20.0,0.3,0.1,0.2,0.1,0.4,0.1,0.1,0.1,0.5,0.0,65535.0,0.1245441367208362,0.0,65535.0,0.07977416647592889,0.0,0.0,0.0,0.0,0.0,0.0,0.0,0.0,0.0,0.0
53816.65,0.47510997836726954,0.0,15592.0,37.0,0.29419999999921775,31.875,32.375,36.73000000000002,0.0,0.0,0.0,0.0,0.0,20.0,0.3,0.1,0.2,0.1,0.4,0.1,0.1,0.1,0.5,0.0,65535.0,0.12468146791790646,0.0,65535.0,0.07942320897230487,0.0,0.0,0.0,0.0,0.0,0.0,0.0,0.0,0.0,0.0
53876.74,0.47642240646240963,0.0,15592.0,37.0,0.2267999999992188,31.875,32.375,36.950000000000045,0.0,0.0,0.0,0.0,0.0,20.0,0.3,0.1,0.2,0.1,0.4,0.1,0.1,0.1,0.5,0.0,65535.0,0.12434576943617914,0.0,65535.0,0.07978942549782558,0.0,0.0,0.0,0.0,0.0,0.0,0.0,0.0,0.0,0.0
53936.82,0.48264336673784675,0.0,15592.0,37.0,0.22999999999921333,31.875,32.375,36.85000000000002,0.0,0.0,0.0,0.0,0.0,20.0,0.3,0.1,0.2,0.1,0.4,0.1,0.1,0.1,0.5,0.0,65535.0,0.12425421530479897,0.0,65535.0,0.07980468451972228,0.0,0.0,0.0,0.0,0.0,0.0,0.0,0.0,0.0,0.0
53996.88,0.47441204074715715,0.0,15592.0,37.0,0.24969999999922296,31.9375,32.375,36.63000000000005,0.0,0.0,0.0,0.0,0.0,20.0,0.3,0.1,0.2,0.1,0.4,0.1,0.1,0.1,0.5,0.0,65535.0,0.12434576943617914,0.0,65535.0,0.0797436484321355,0.0,0.0,0.0,0.0,0.0,0.0,0.0,0.0,0.0,0.0
54056.95,0.4658171407563762,0.0,15592.0,37.0,0.205899999999221,31.875,32.3125,36.690000000000055,0.0,0.0,0.0,0.0,0.0,20.0,0.3,0.1,0.2,0.1,0.4,0.1,0.1,0.1,0.5,0.0,65535.0,0.12434576943617914,0.0,65535.0,0.07963683527885862,0.0,0.0,0.0,0.0,0.0,0.0,0.0,0.0,0.0,0.0
54117.02,0.4686734019085021,0.0,15592.0,37.0,0.27239999999921827,31.8125,32.375,36.73000000000002,0.0,0.0,0.0,0.0,0.0,20.0,0.3,0.1,0.2,0.1,0.4,0.1,0.1,0.1,0.5,0.0,65535.0,0.12434576943617914,0.0,65535.0,0.0796978713664454,0.0,0.0,0.0,0.0,0.0,0.0,0.0,0.0,0.0,0.0
54177.07,0.4734464659310464,0.0,15592.0,37.0,0.2102999999992153,31.9375,32.375,36.870000000000005,0.0,0.0,0.0,0.0,0.0,20.0,0.3,0.1,0.2,0.1,0.4,0.1,0.1,0.1,0.5,0.0,65535.0,0.1244983596551461,0.0,65535.0,0.07981994354161898,0.0,0.0,0.0,0.0,0.0,0.0,0.0,0.0,0.0,0.0
54237.11,0.4720092338220858,0.0,15592.0,37.0,0.2505999999992213,31.875,32.3125,36.85000000000002,0.0,0.0,0.0,0.0,0.0,20.0,0.3,0.1,0.2,0.1,0.4,0.1,0.1,0.1,0.5,0.0,65535.0,0.12484931715877012,0.0,65535.0,0.0797283894102388,0.0,0.0,0.0,0.0,0.0,0.0,0.0,0.0,0.0,0.0
54297.15,0.47646856304769464,0.0,15592.0,37.0,0.22089999999921986,31.875,32.375,36.85000000000002,0.0,0.0,0.0,0.0,0.0,20.0,0.3,0.1,0.2,0.1,0.4,0.1,0.1,0.1,0.5,0.0,65535.0,0.12423895628290227,0.0,65535.0,0.07956054016937514,0.0,0.0,0.0,0.0,0.0,0.0,0.0,0.0,0.0,0.0
54357.23,0.45926757465002893,0.0,15592.0,37.0,0.19939999999920843,31.875,32.3125,36.85000000000002,0.0,0.0,0.0,0.0,0.0,20.0,0.3,0.1,0.2,0.1,0.4,0.1,0.1,0.1,0.5,0.0,65535.0,0.12455939574273289,0.0,65535.0,0.07995727473868924,0.0,0.0,0.0,0.0,0.0,0.0,0.0,0.0,0.0,0.0
54417.3,0.4625131733574745,0.0,15592.0,37.0,0.23969999999921357,31.875,32.3125,36.63000000000005,0.0,0.0,0.0,0.0,0.0,20.0,0.3,0.1,0.2,0.1,0.4,0.1,0.1,0.1,0.5,0.0,65535.0,0.12474250400549325,0.0,65535.0,0.07960631723506523,0.0,0.0,0.0,0.0,0.0,0.0,0.0,0.0,0.0,0.0
54477.34,0.4624684336363484,0.0,15592.0,37.0,0.24529999999920762,31.9375,32.375,36.85000000000002,0.0,0.0,0.0,0.0,0.0,20.0,0.3,0.1,0.2,0.1,0.4,0.1,0.1,0.1,0.5,0.0,65535.0,0.12446784161135271,0.0,65535.0,0.07983520256351567,0.0,0.0,0.0,0.0,0.0,0.0,0.0,0.0,0.0,0.0
54537.4,0.46415903684958665,0.0,15592.0,37.0,0.2482999999992066,31.8125,32.375,36.85000000000002,0.0,0.0,0.0,0.0,0.0,20.0,0.3,0.1,0.2,0.1,0.4,0.1,0.1,0.1,0.5,0.0,65535.0,0.12481879911497673,0.0,65535.0,0.07986572060730907,0.0,0.0,0.0,0.0,0.0,0.0,0.0,0.0,0.0,0.0
54597.47,0.4692134847961593,0.0,15592.0,37.0,0.24419999999921033,31.875,32.3125,36.97000000000003,0.0,0.0,0.0,0.0,0.0,20.0,0.3,0.1,0.2,0.1,0.4,0.1,0.1,0.1,0.5,0.0,65535.0,0.12498664835584039,0.0,65535.0,0.07985046158541237,0.0,0.0,0.0,0.0,0.0,0.0,0.0,0.0,0.0,0.0
54657.55,0.46769579264590716,0.0,15592.0,37.0,0.24419999999920947,31.9375,32.375,36.79000000000002,0.0,0.0,0.0,0.0,0.0,20.0,0.3,0.1,0.2,0.1,0.4,0.1,0.1,0.1,0.5,0.0,65535.0,0.12445258258945602,0.0,65535.0,0.07960631723506523,0.0,0.0,0.0,0.0,0.0,0.0,0.0,0.0,0.0,0.0
54717.59,0.4555754032198573,0.0,15592.0,37.0,0.23329999999920348,31.9375,32.3125,36.79000000000002,0.0,0.0,0.0,0.0,0.0,20.0,0.3,0.1,0.2,0.1,0.4,0.1,0.1,0.1,0.5,0.0,65535.0,0.12439154650186923,0.0,65535.0,0.07975890745403219,0.0,0.0,0.0,0.0,0.0,0.0,0.0,0.0,0.0,0.0
54777.63,0.46377787550541105,0.0,15592.0,37.0,0.2444999999992075,31.875,32.375,36.85000000000002,0.0,0.0,0.0,0.0,0.0,20.0,0.3,0.1,0.2,0.1,0.4,0.1,0.1,0.1,0.5,0.0,65535.0,0.1245136186770428,0.0,65535.0,0.07980468451972228,0.0,0.0,0.0,0.0,0.0,0.0,0.0,0.0,0.0,0.0
54837.68,0.47088937635252376,0.0,15592.0,37.0,0.2765999999992076,31.9375,32.375,36.950000000000045,0.0,0.0,0.0,0.0,0.0,20.0,0.3,0.1,0.2,0.1,0.4,0.1,0.1,0.1,0.5,0.0,65535.0,0.12460517280842298,0.0,65535.0,0.07991149767299915,0.0,0.0,0.0,0.0,0.0,0.0,0.0,0.0,0.0,0.0
54897.72,0.46624982612002747,0.0,15592.0,37.0,0.24629999999920588,31.9375,32.375,37.03000000000003,0.0,0.0,0.0,0.0,0.0,20.0,0.3,0.1,0.2,0.1,0.4,0.1,0.1,0.1,0.5,0.0,65535.0,0.12468146791790646,0.0,65535.0,0.07968261234454871,0.0,0.0,0.0,0.0,0.0,0.0,0.0,0.0,0.0,0.0
54957.76,0.4690077515094827,0.0,15592.0,37.0,0.2494999999992004,31.9375,32.375,36.85000000000002,0.0,0.0,0.0,0.0,0.0,20.0,0.3,0.1,0.2,0.1,0.4,0.1,0.1,0.1,0.5,0.0,65535.0,0.12462043183031968,0.0,65535.0,0.0796978713664454,0.0,0.0,0.0,0.0,0.0,0.0,0.0,0.0,0.0,0.0
55017.81,0.4654640453798253,0.0,15592.0,37.0,0.19119999999920737,31.9375,32.375,36.950000000000045,0.0,0.0,0.0,0.0,0.0,20.0,0.3,0.1,0.2,0.1,0.4,0.1,0.1,0.1,0.5,0.0,65535.0,0.12501716639963378,0.0,65535.0,0.07957579919127183,0.0,0.0,0.0,0.0,0.0,0.0,0.0,0.0,0.0,0.0
55077.85,0.46832380306022137,0.0,15592.0,37.0,0.230899999999198,31.9375,32.375,36.870000000000005,0.0,0.0,0.0,0.0,0.0,20.0,0.3,0.1,0.2,0.1,0.4,0.1,0.1,0.1,0.5,0.0,65535.0,0.12520027466239414,0.0,65535.0,0.08041504539559015,0.0,0.0,0.0,0.0,0.0,0.0,0.0,0.0,0.0,0.0
55137.9,0.46671320988914783,0.0,15592.0,37.0,0.294199999999199,31.9375,32.375,36.73000000000002,0.0,0.0,0.0,0.0,0.0,20.0,0.3,0.1,0.2,0.1,0.4,0.1,0.1,0.1,0.5,0.0,65535.0,0.12506294346532387,0.0,65535.0,0.08023193713282979,0.0,0.0,0.0,0.0,0.0,0.0,0.0,0.0,0.0,0.0
55197.94,0.4655655093649401,0.0,15592.0,37.0,0.2070999999992046,31.875,32.3125,36.77000000000004,0.0,0.0,0.0,0.0,0.0,20.0,0.3,0.1,0.2,0.1,0.4,0.1,0.1,0.1,0.5,0.0,65535.0,0.12513923857480735,0.0,65535.0,0.08007934691386283,0.0,0.0,0.0,0.0,0.0,0.0,0.0,0.0,0.0,0.0
55257.98,0.4690010684826589,0.0,15592.0,37.0,0.20879999999919877,31.9375,32.3125,36.73000000000002,0.0,0.0,0.0,0.0,0.0,20.0,0.3,0.1,0.2,0.1,0.4,0.1,0.1,0.1,0.5,0.0,65535.0,0.12527656977187762,0.0,65535.0,0.07981994354161898,0.0,0.0,0.0,0.0,0.0,0.0,0.0,0.0,0.0,0.0
55318.06,0.47027805633463554,0.0,15592.0,37.0,0.2240999999991982,31.875,32.375,36.81,0.0,0.0,0.0,0.0,0.0,20.0,0.3,0.1,0.2,0.1,0.4,0.1,0.1,0.1,0.5,0.0,65535.0,0.12571908140688182,0.0,65535.0,0.07985046158541237,0.0,0.0,0.0,0.0,0.0,0.0,0.0,0.0,0.0,0.0
55378.12,0.4845786504076168,0.0,15592.0,37.0,0.23999999999919794,31.9375,32.3125,37.01000000000005,0.0,0.0,0.0,0.0,0.0,20.0,0.3,0.1,0.2,0.1,0.4,0.1,0.1,0.1,0.5,0.0,65535.0,0.1249256122682536,0.0,65535.0,0.07991149767299915,0.0,0.0,0.0,0.0,0.0,0.0,0.0,0.0,0.0,0.0
55438.2,0.4771997776390329,0.0,15592.0,37.0,0.2007999999992009,31.9375,32.375,36.870000000000005,0.0,0.0,0.0,0.0,0.0,20.0,0.3,0.1,0.2,0.1,0.4,0.1,0.1,0.1,0.5,0.0,65535.0,0.1250019073777371,0.0,65535.0,0.08046082246128024,0.0,0.0,0.0,0.0,0.0,0.0,0.0,0.0,0.0,0.0
55498.28,0.49005638025138004,0.0,15592.0,37.0,0.2475999999992018,31.9375,32.375,36.85000000000002,0.0,0.0,0.0,0.0,0.0,20.0,0.3,0.1,0.2,0.1,0.4,0.1,0.1,0.1,0.5,0.0,65535.0,0.12529182879377432,0.0,65535.0,0.08023193713282979,0.0,0.0,0.0,0.0,0.0,0.0,0.0,0.0,0.0,0.0
55558.34,0.4713170993778495,0.0,15592.0,37.0,0.23029999999919082,31.875,32.3125,36.81,0.0,0.0,0.0,0.0,0.0,20.0,0.3,0.1,0.2,0.1,0.4,0.1,0.1,0.1,0.5,0.0,65535.0,0.12527656977187762,0.0,65535.0,0.08001831082627603,0.0,0.0,0.0,0.0,0.0,0.0,0.0,0.0,0.0,0.0
55618.37,0.47253413528125177,0.0,15592.0,37.0,0.20289999999919897,31.875,32.375,36.79000000000002,0.0,0.0,0.0,0.0,0.0,20.0,0.3,0.1,0.2,0.1,0.4,0.1,0.1,0.1,0.5,0.0,65535.0,0.12523079270618753,0.0,65535.0,0.08027771419851988,0.0,0.0,0.0,0.0,0.0,0.0,0.0,0.0,0.0,0.0
55678.4,0.47498633266603046,0.0,15592.0,37.0,0.24559999999919024,31.875,32.3125,36.79000000000002,0.0,0.0,0.0,0.0,0.0,20.0,0.3,0.1,0.2,0.1,0.4,0.1,0.1,0.1,0.5,0.0,65535.0,0.12512397955291066,0.0,65535.0,0.0802014190890364,0.0,0.0,0.0,0.0,0.0,0.0,0.0,0.0,0.0,0.0
55738.46,0.47435803460856796,0.0,15592.0,37.0,0.22999999999918852,31.875,32.3125,36.870000000000005,0.0,0.0,0.0,0.0,0.0,20.0,0.3,0.1,0.2,0.1,0.4,0.1,0.1,0.1,0.5,0.0,65535.0,0.12564278629739833,0.0,65535.0,0.080170901045243,0.0,0.0,0.0,0.0,0.0,0.0,0.0,0.0,0.0,0.0
55798.5,0.4822040841184064,0.0,15592.0,37.0,0.22789999999918703,31.875,32.375,36.710000000000036,0.0,0.0,0.0,0.0,0.0,20.0,0.3,0.1,0.2,0.1,0.4,0.1,0.1,0.1,0.5,0.0,65535.0,0.12516975661860075,0.0,65535.0,0.07986572060730907,0.0,0.0,0.0,0.0,0.0,0.0,0.0,0.0,0.0,0.0
55858.54,0.48983913304883425,0.0,15592.0,37.0,0.2720999999991929,31.875,32.3125,36.85000000000002,0.0,0.0,0.0,0.0,0.0,20.0,0.3,0.1,0.2,0.1,0.4,0.1,0.1,0.1,0.5,0.0,65535.0,0.12564278629739833,0.0,65535.0,0.07998779278248264,0.0,0.0,0.0,0.0,0.0,0.0,0.0,0.0,0.0,0.0
55918.59,0.4774134937865263,0.0,15592.0,37.0,0.24119999999919084,31.875,32.3125,36.950000000000045,0.0,0.0,0.0,0.0,0.0,20.0,0.3,0.1,0.2,0.1,0.4,0.1,0.1,0.1,0.5,0.0,65535.0,0.12558175020981155,0.0,65535.0,0.08010986495765622,0.0,0.0,0.0,0.0,0.0,0.0,0.0,0.0,0.0,0.0
55978.66,0.47672363117251976,0.0,15592.0,37.0,0.22089999999919424,31.8125,32.3125,36.950000000000045,0.0,0.0,0.0,0.0,0.0,20.0,0.3,0.1,0.2,0.1,0.4,0.1,0.1,0.1,0.5,0.0,65535.0,0.12571908140688182,0.0,65535.0,0.08006408789196612,0.0,0.0,0.0,0.0,0.0,0.0,0.0,0.0,0.0,0.0
56038.72,0.4685244461838144,0.0,15592.0,37.0,0.2387999999991896,31.875,32.3125,36.73000000000002,0.0,0.0,0.0,0.0,0.0,20.0,0.3,0.1,0.2,0.1,0.4,0.1,0.1,0.1,0.5,0.0,65535.0,0.12550545510032807,0.0,65535.0,0.08030823224231327,0.0,0.0,0.0,0.0,0.0,0.0,0.0,0.0,0.0,0.0
56098.76,0.460497997021268,0.0,15592.0,37.0,0.24149999999918886,31.875,32.375,36.89000000000004,0.0,0.0,0.0,0.0,0.0,20.0,0.3,0.1,0.2,0.1,0.4,0.1,0.1,0.1,0.5,0.0,65535.0,0.1253528648813611,0.0,65535.0,0.08004882887006942,0.0,0.0,0.0,0.0,0.0,0.0,0.0,0.0,0.0,0.0
56158.83,0.46327669311462927,0.0,15592.0,37.0,0.24239999999918804,31.875,32.3125,36.85000000000002,0.0,0.0,0.0,0.0,0.0,20.0,0.3,0.1,0.2,0.1,0.4,0.1,0.1,0.1,0.5,0.0,65535.0,0.12568856336308842,0.0,65535.0,0.08009460593575952,0.0,0.0,0.0,0.0,0.0,0.0,0.0,0.0,0.0,0.0
56218.91,0.4606548253776489,0.0,15592.0,37.0,0.18849999999919015,31.8125,32.3125,37.110000000000014,0.0,0.0,0.0,0.0,0.0,20.0,0.3,0.1,0.2,0.1,0.4,0.1,0.1,0.1,0.5,0.0,65535.0,0.12553597314412146,0.0,65535.0,0.0802166781109331,0.0,0.0,0.0,0.0,0.0,0.0,0.0,0.0,0.0,0.0
56278.97,0.4646422312602647,0.0,15592.0,37.0,0.24669999999919148,31.875,32.375,36.710000000000036,0.0,0.0,0.0,0.0,0.0,20.0,0.3,0.1,0.2,0.1,0.4,0.1,0.1,0.1,0.5,0.0,65535.0,0.12614633401998931,0.0,65535.0,0.08036926832990006,0.0,0.0,0.0,0.0,0.0,0.0,0.0,0.0,0.0,0.0
56339.04,0.4707264646293178,0.0,15592.0,37.0,0.2705999999991865,31.8125,32.375,36.77000000000004,0.0,0.0,0.0,0.0,0.0,20.0,0.3,0.1,0.2,0.1,0.4,0.1,0.1,0.1,0.5,0.0,65535.0,0.1258258945601587,0.0,65535.0,0.08027771419851988,0.0,0.0,0.0,0.0,0.0,0.0,0.0,0.0,0.0,0.0
56399.11,0.4710091880068722,0.0,15592.0,37.0,0.15849999999918646,31.875,32.375,36.97000000000003,0.0,0.0,0.0,0.0,0.0,20.0,0.3,0.1,0.2,0.1,0.4,0.1,0.1,0.1,0.5,0.0,65535.0,0.1258411535820554,0.0,65535.0,0.08023193713282979,0.0,0.0,0.0,0.0,0.0,0.0,0.0,0.0,0.0,0.0
56459.19,0.46666420379798546,0.0,15592.0,37.0,0.22229999999918357,31.875,32.375,36.89000000000004,0.0,0.0,0.0,0.0,0.0,20.0,0.3,0.1,0.2,0.1,0.4,0.1,0.1,0.1,0.5,0.0,65535.0,0.12611581597619592,0.0,65535.0,0.08027771419851988,0.0,0.0,0.0,0.0,0.0,0.0,0.0,0.0,0.0,0.0
56519.24,0.4602707080021082,0.0,15592.0,37.0,0.2605999999991788,31.875,32.3125,36.85000000000002,0.0,0.0,0.0,0.0,0.0,20.0,0.3,0.1,0.2,0.1,0.4,0.1,0.1,0.1,0.5,0.0,65535.0,0.12585641260395208,0.0,65535.0,0.08015564202334631,0.0,0.0,0.0,0.0,0.0,0.0,0.0,0.0,0.0,0.0
56579.32,0.4686802640948119,0.0,15592.0,37.0,0.23969999999918193,31.875,32.375,36.77000000000004,0.0,0.0,0.0,0.0,0.0,20.0,0.3,0.1,0.2,0.1,0.4,0.1,0.1,0.1,0.5,0.0,65535.0,0.12635996032654306,0.0,65535.0,0.08046082246128024,0.0,0.0,0.0,0.0,0.0,0.0,0.0,0.0,0.0,0.0
56639.39,0.4717533570052869,0.0,15592.0,37.0,0.22909999999917566,31.875,32.3125,36.93000000000001,0.0,0.0,0.0,0.0,0.0,20.0,0.3,0.1,0.2,0.1,0.4,0.1,0.1,0.1,0.5,0.0,65535.0,0.1262378881513695,0.0,65535.0,0.08050659952697033,0.0,0.0,0.0,0.0,0.0,0.0,0.0,0.0,0.0,0.0
56699.43,0.4705605378938488,0.0,15592.0,37.0,0.24589999999917542,31.9375,32.375,36.710000000000036,0.0,0.0,0.0,0.0,0.0,20.0,0.3,0.1,0.2,0.1,0.4,0.1,0.1,0.1,0.5,0.0,65535.0,0.12585641260395208,0.0,65535.0,0.08084229800869765,0.0,0.0,0.0,0.0,0.0,0.0,0.0,0.0,0.0,0.0
56759.49,0.46516986250641434,0.0,15592.0,37.0,0.25069999999917447,31.875,32.375,36.77000000000004,0.0,0.0,0.0,0.0,0.0,20.0,0.3,0.1,0.2,0.1,0.4,0.1,0.1,0.1,0.5,0.0,65535.0,0.12629892423895628,0.0,65535.0,0.08052185854886702,0.0,0.0,0.0,0.0,0.0,0.0,0.0,0.0,0.0,0.0
56819.54,0.4610460355139948,0.0,15592.0,37.0,0.24659999999917817,31.875,32.375,36.870000000000005,0.0,0.0,0.0,0.0,0.0,20.0,0.3,0.1,0.2,0.1,0.4,0.1,0.1,0.1,0.5,0.0,65535.0,0.126161593041886,0.0,65535.0,0.0802166781109331,0.0,0.0,0.0,0.0,0.0,0.0,0.0,0.0,0.0,0.0
56879.62,0.4627263964330405,0.0,15592.0,37.0,0.2677999999991731,32.0,32.375,36.85000000000002,0.0,0.0,0.0,0.0,0.0,20.0,0.3,0.1,0.2,0.1,0.4,0.1,0.1,0.1,0.5,0.0,65535.0,0.12634470130464637,0.0,65535.0,0.08046082246128024,0.0,0.0,0.0,0.0,0.0,0.0,0.0,0.0,0.0,0.0
56939.7,0.46916332162822494,0.0,15592.0,37.0,0.19329999999917888,31.9375,32.375,36.89000000000004,0.0,0.0,0.0,0.0,0.0,20.0,0.3,0.1,0.2,0.1,0.4,0.1,0.1,0.1,0.5,0.0,65535.0,0.125810635538262,0.0,65535.0,0.0802166781109331,0.0,0.0,0.0,0.0,0.0,0.0,0.0,0.0,0.0,0.0
56999.77,0.4767057924546464,0.0,15592.0,37.0,0.24859999999917035,32.0,32.375,36.97000000000003,0.0,0.0,0.0,0.0,0.0,20.0,0.3,0.1,0.2,0.1,0.4,0.1,0.1,0.1,0.5,0.0,65535.0,0.12608529793240253,0.0,65535.0,0.08056763561455711,0.0,0.0,0.0,0.0,0.0,0.0,0.0,0.0,0.0,0.0
57059.84,0.4793131192045082,0.0,15592.0,37.0,0.2232999999991783,31.9375,32.3125,36.870000000000005,0.0,0.0,0.0,0.0,0.0,20.0,0.3,0.1,0.2,0.1,0.4,0.1,0.1,0.1,0.5,0.0,65535.0,0.1258258945601587,0.0,65535.0,0.08073548485542077,0.0,0.0,0.0,0.0,0.0,0.0,0.0,0.0,0.0,0.0
57119.88,0.4874986663079723,0.0,15592.0,37.0,0.25179999999917907,32.0,32.375,36.79000000000002,0.0,0.0,0.0,0.0,0.0,20.0,0.3,0.1,0.2,0.1,0.4,0.1,0.1,0.1,0.5,0.0,65535.0,0.12607003891050583,0.0,65535.0,0.08058289463645381,0.0,0.0,0.0,0.0,0.0,0.0,0.0,0.0,0.0,0.0
57179.94,0.48069635571754893,0.0,15592.0,37.0,0.20179999999916684,31.9375,32.375,37.03000000000003,0.0,0.0,0.0,0.0,0.0,20.0,0.3,0.1,0.2,0.1,0.4,0.1,0.1,0.1,0.5,0.0,65535.0,0.12626840619516289,0.0,65535.0,0.08049134050507363,0.0,0.0,0.0,0.0,0.0,0.0,0.0,0.0,0.0,0.0
57240.0,0.48703860243441877,0.0,15592.0,37.0,0.2214999999991765,31.875,32.3125,36.870000000000005,0.0,0.0,0.0,0.0,0.0,20.0,0.3,0.1,0.2,0.1,0.4,0.1,0.1,0.1,0.5,0.0,65535.0,0.1265888456549935,0.0,65535.0,0.0806439307240406,0.0,0.0,0.0,0.0,0.0,0.0,0.0,0.0,0.0,0.0
57300.09,0.48582996607801343,0.0,15592.0,37.0,0.23089999999916624,31.9375,32.375,36.710000000000036,0.0,0.0,0.0,0.0,0.0,20.0,0.3,0.1,0.2,0.1,0.4,0.1,0.1,0.1,0.5,0.0,65535.0,0.12655832761120012,0.0,65535.0,0.08050659952697033,0.0,0.0,0.0,0.0,0.0,0.0,0.0,0.0,0.0,0.0
57360.16,0.47608723277534704,0.0,15592.0,37.0,0.23849999999917013,31.875,32.3125,36.710000000000036,0.0,0.0,0.0,0.0,0.0,20.0,0.3,0.1,0.2,0.1,0.4,0.1,0.1,0.1,0.5,0.0,65535.0,0.12628366521705958,0.0,65535.0,0.08067444876783399,0.0,0.0,0.0,0.0,0.0,0.0,0.0,0.0,0.0,0.0
57420.2,0.48342760264283235,0.0,15592.0,37.0,0.2281999999991636,31.9375,32.375,36.85000000000002,0.0,0.0,0.0,0.0,0.0,20.0,0.3,0.1,0.2,0.1,0.4,0.1,0.1,0.1,0.5,0.0,65535.0,0.12654306858930342,0.0,65535.0,0.08079652094300756,0.0,0.0,0.0,0.0,0.0,0.0,0.0,0.0,0.0,0.0
57480.26,0.4721925210214659,0.0,15592.0,37.0,0.26559999999917394,31.9375,32.375,36.89000000000004,0.0,0.0,0.0,0.0,0.0,20.0,0.3,0.1,0.2,0.1,0.4,0.1,0.1,0.1,0.5,0.0,65535.0,0.1270008392462043,0.0,65535.0,0.08075074387731747,0.0,0.0,0.0,0.0,0.0,0.0,0.0,0.0,0.0,0.0
57540.31,0.44168194720592807,0.0,15592.0,37.0,0.2414999999991674,31.875,32.375,36.89000000000004,0.0,0.0,0.0,0.0,0.0,20.0,0.3,0.1,0.2,0.1,0.4,0.1,0.1,0.1,0.5,0.0,65535.0,0.12686350804913404,0.0,65535.0,0.08043030441748684,0.0,0.0,0.0,0.0,0.0,0.0,0.0,0.0,0.0,0.0
57600.35,0.4480011215123476,0.0,15592.0,37.0,0.2688999999991726,31.9375,32.3125,36.89000000000004,0.0,0.0,0.0,0.0,0.0,20.0,0.3,0.1,0.2,0.1,0.4,0.1,0.1,0.1,0.5,0.0,65535.0,0.12628366521705958,0.0,65535.0,0.0806286717021439,0.0,0.0,0.0,0.0,0.0,0.0,0.0,0.0,0.0,0.0
57660.4,0.47345383945869757,0.0,15592.0,37.0,0.22359999999917032,31.9375,32.3125,36.97000000000003,0.0,0.0,0.0,0.0,0.0,20.0,0.3,0.1,0.2,0.1,0.4,0.1,0.1,0.1,0.5,0.0,65535.0,0.12692454413672083,0.0,65535.0,0.08094911116197452,0.0,0.0,0.0,0.0,0.0,0.0,0.0,0.0,0.0,0.0
57720.46,0.4794361617187606,0.0,15592.0,37.0,0.22859999999916492,31.875,32.375,36.650000000000034,0.0,0.0043,0.25,0.0,0.0,20.0,0.3,0.1,0.2,0.1,0.4,0.1,0.1,0.1,0.5,0.0,65535.0,0.12652780956740672,0.0,65535.0,0.08036926832990006,0.0,0.0,0.0,0.0,0.0,0.0,0.0,0.0,0.0,0.0
57780.53,0.46981744931493646,0.0,15592.0,37.0,0.3384999999991579,31.875,32.375,36.610000000000014,0.0,0.0,0.0,0.0,0.0,20.0,0.3,0.1,0.2,0.1,0.4,0.1,0.1,0.1,0.5,0.0,65535.0,0.12417792019531548,0.0,65535.0,0.0788738841840238,0.0,0.0,0.0,0.0,0.0,0.0,0.0,0.0,0.0,0.0
57840.58,0.45873067486899405,0.0,15592.0,37.0,0.2202999999991668,31.9375,32.3125,36.650000000000034,0.0,0.0,0.0,0.0,0.0,20.0,0.3,0.1,0.2,0.1,0.4,0.1,0.1,0.1,0.5,0.0,65535.0,0.12394903486686504,0.0,65535.0,0.07917906462195773,0.0,0.0,0.0,0.0,0.0,0.0,0.0,0.0,0.0,0.0
57900.65,0.4679168025494709,0.0,15592.0,37.0,0.2581999999991573,31.9375,32.375,37.01000000000005,0.0,0.0,0.0,0.0,0.0,20.0,0.3,0.1,0.2,0.1,0.4,0.1,0.1,0.1,0.5,0.0,65535.0,0.12394903486686504,0.0,65535.0,0.07881284809643702,0.0,0.0,0.0,0.0,0.0,0.0,0.0,0.0,0.0,0.0
57960.71,0.465749377303059,0.0,15592.0,37.0,0.32179999999915887,31.875,32.3125,36.63000000000005,0.0,0.0,0.0,0.0,0.0,20.0,0.3,0.1,0.2,0.1,0.4,0.1,0.1,0.1,0.5,0.0,65535.0,0.1236743724727245,0.0,65535.0,0.07869077592126345,0.0,0.0,0.0,0.0,0.0,0.0,0.0,0.0,0.0,0.0
58020.76,0.4260075925373111,0.0,15592.0,37.0,0.26359999999915584,31.9375,32.375,36.97000000000003,0.0,0.0,0.0,0.0,0.0,20.0,0.3,0.1,0.2,0.1,0.4,0.1,0.1,0.1,0.5,0.0,65535.0,0.1236591134508278,0.0,65535.0,0.07853818570229648,0.0,0.0,0.0,0.0,0.0,0.0,0.0,0.0,0.0,0.0
58080.83,0.44381480183579763,0.0,15592.0,37.0,0.19939999999915226,31.9375,32.4375,36.85000000000002,0.0,0.0,0.0,0.0,0.0,20.0,0.3,0.1,0.2,0.1,0.4,0.1,0.1,0.1,0.5,0.0,65535.0,0.12343022812237736,0.0,65535.0,0.07882810711833371,0.0,0.0,0.0,0.0,0.0,0.0,0.0,0.0,0.0,0.0
58140.86,0.45448081751655767,0.0,15592.0,37.0,0.21759999999916158,32.0,32.375,37.13000000000005,0.0,0.0,0.0,0.0,0.0,20.0,0.3,0.1,0.2,0.1,0.4,0.1,0.1,0.1,0.5,0.0,65535.0,0.12353704127565424,0.0,65535.0,0.07866025787747005,0.0,0.0,0.0,0.0,0.0,0.0,0.0,0.0,0.0,0.0
58200.94,0.44856078852001435,0.0,15592.0,37.0,0.21929999999915575,31.9375,32.375,36.89000000000004,0.0,0.0,0.0,0.0,0.0,20.0,0.3,0.1,0.2,0.1,0.4,0.1,0.1,0.1,0.5,0.0,65535.0,0.12385748073548486,0.0,65535.0,0.07899595635919737,0.0,0.0,0.0,0.0,0.0,0.0,0.0,0.0,0.0,0.0
58261.01,0.44103133356701085,0.0,15592.0,37.0,0.23959999999915066,32.0,32.375,37.01000000000005,0.0,0.0,0.0,0.0,0.0,20.0,0.3,0.1,0.2,0.1,0.4,0.1,0.1,0.1,0.5,0.0,65535.0,0.12376592660410468,0.0,65535.0,0.07896543831540398,0.0,0.0,0.0,0.0,0.0,0.0,0.0,0.0,0.0,0.0
58321.04,0.4330875344813987,0.0,15592.0,37.0,0.2492999999991552,32.0,32.375,36.89000000000004,0.0,0.0,0.0,0.0,0.0,20.0,0.3,0.1,0.2,0.1,0.4,0.1,0.1,0.1,0.5,0.0,65535.0,0.12396429388876173,0.0,65535.0,0.07869077592126345,0.0,0.0,0.0,0.0,0.0,0.0,0.0,0.0,0.0,0.0
58381.09,0.3659107545404396,0.0,15592.0,37.0,0.2607999999991598,31.9375,32.375,36.89000000000004,0.0,0.0,0.0,0.0,0.0,20.0,0.3,0.1,0.2,0.1,0.4,0.1,0.1,0.1,0.5,0.0,65535.0,0.12388799877927825,0.0,65535.0,0.07866025787747005,0.0,0.0,0.0,0.0,0.0,0.0,0.0,0.0,0.0,0.0
58441.13,0.3707799070290249,0.0,15592.0,37.0,0.23399999999915316,31.9375,32.375,37.01000000000005,0.0,0.0,0.0,0.0,0.0,20.0,0.3,0.1,0.2,0.1,0.4,0.1,0.1,0.1,0.5,0.0,65535.0,0.12381170366979477,0.0,65535.0,0.07882810711833371,0.0,0.0,0.0,0.0,0.0,0.0,0.0,0.0,0.0,0.0
58501.18,0.3607853720547966,0.0,15592.0,37.0,0.20389999999914615,31.9375,32.375,36.950000000000045,0.0,0.0,0.0,0.0,0.0,20.0,0.3,0.1,0.2,0.1,0.4,0.1,0.1,0.1,0.5,0.0,65535.0,0.12401007095445182,0.0,65535.0,0.07905699244678416,0.0,0.0,0.0,0.0,0.0,0.0,0.0,0.0,0.0,0.0
58561.22,0.3313422770617987,0.0,15592.0,37.0,0.2076999999991552,31.9375,32.375,36.89000000000004,0.0,0.0,0.0,0.0,0.0,20.0,0.3,0.1,0.2,0.1,0.4,0.1,0.1,0.1,0.5,0.0,65535.0,0.12394903486686504,0.0,65535.0,0.07896543831540398,0.0,0.0,0.0,0.0,0.0,0.0,0.0,0.0,0.0,0.0
58621.29,0.3285080733030027,0.0,15592.0,37.0,0.1860999999991538,31.9375,32.4375,36.97000000000003,0.0,0.0,0.0,0.0,0.0,20.0,0.3,0.1,0.2,0.1,0.4,0.1,0.1,0.1,0.5,0.0,65535.0,0.12402532997634852,0.0,65535.0,0.07904173342488746,0.0,0.0,0.0,0.0,0.0,0.0,0.0,0.0,0.0,0.0
58681.36,0.37216459217674236,0.0,15592.0,37.0,0.26499999999915647,31.875,32.4375,36.73000000000002,0.0,0.0,0.0,0.0,0.0,20.0,0.3,0.1,0.2,0.1,0.4,0.1,0.1,0.1,0.5,0.0,65535.0,0.12428473334859236,0.0,65535.0,0.07891966124971389,0.0,0.0,0.0,0.0,0.0,0.0,0.0,0.0,0.0,0.0
58741.44,0.36795855290769974,0.0,15592.0,37.0,0.2514999999991554,31.875,32.375,36.870000000000005,0.0,0.0,0.0,0.0,0.0,20.0,0.3,0.1,0.2,0.1,0.4,0.1,0.1,0.1,0.5,0.0,65535.0,0.12393377584496834,0.0,65535.0,0.07913328755626764,0.0,0.0,0.0,0.0,0.0,0.0,0.0,0.0,0.0,0.0
58801.48,0.4104283567086311,0.0,15592.0,37.0,0.25179999999915514,31.9375,32.375,36.870000000000005,0.0,0.0,0.0,0.0,0.0,20.0,0.3,0.1,0.2,0.1,0.4,0.1,0.1,0.1,0.5,0.0,65535.0,0.12384222171358816,0.0,65535.0,0.0788586251621271,0.0,0.0,0.0,0.0,0.0,0.0,0.0,0.0,0.0,0.0
58861.56,0.4010487062537664,0.0,15592.0,37.0,0.23969999999914934,31.9375,32.375,36.77000000000004,0.0,0.0,0.0,0.0,0.0,20.0,0.3,0.1,0.2,0.1,0.4,0.1,0.1,0.1,0.5,0.0,65535.0,0.12425421530479897,0.0,65535.0,0.07899595635919737,0.0,0.0,0.0,0.0,0.0,0.0,0.0,0.0,0.0,0.0
58921.64,0.4020728628902686,0.0,15592.0,37.0,0.2873999999991503,31.9375,32.375,36.690000000000055,0.0,0.0,0.0,0.0,0.0,20.0,0.3,0.1,0.2,0.1,0.4,0.1,0.1,0.1,0.5,0.0,65535.0,0.12391851682307164,0.0,65535.0,0.07902647440299077,0.0,0.0,0.0,0.0,0.0,0.0,0.0,0.0,0.0,0.0
58981.71,0.40840756752156426,0.0,15592.0,37.0,0.25449999999915346,31.875,32.3125,36.870000000000005,0.0,0.0,0.0,0.0,0.0,20.0,0.3,0.1,0.2,0.1,0.4,0.1,0.1,0.1,0.5,0.0,65535.0,0.12397955291065843,0.0,65535.0,0.07916380560006103,0.0,0.0,0.0,0.0,0.0,0.0,0.0,0.0,0.0,0.0
59041.76,0.404160067346004,0.0,15592.0,37.0,0.2417999999991474,31.875,32.375,36.97000000000003,0.0,0.0,0.0,0.0,0.0,20.0,0.3,0.1,0.2,0.1,0.4,0.1,0.1,0.1,0.5,0.0,65535.0,0.12416266117341879,0.0,65535.0,0.07902647440299077,0.0,0.0,0.0,0.0,0.0,0.0,0.0,0.0,0.0,0.0
59101.82,0.4129361866780331,0.0,15592.0,37.0,0.20999999999914531,31.9375,32.375,36.81,0.0,0.0,0.0,0.0,0.0,20.0,0.3,0.1,0.2,0.1,0.4,0.1,0.1,0.1,0.5,0.0,65535.0,0.12434576943617914,0.0,65535.0,0.07920958266575112,0.0,0.0,0.0,0.0,0.0,0.0,0.0,0.0,0.0,0.0
59161.89,0.40675049687385373,0.0,15592.0,37.0,0.22029999999915015,31.875,32.375,36.85000000000002,0.0,0.0,0.0,0.0,0.0,20.0,0.3,0.1,0.2,0.1,0.4,0.1,0.1,0.1,0.5,0.0,65535.0,0.12428473334859236,0.0,65535.0,0.07917906462195773,0.0,0.0,0.0,0.0,0.0,0.0,0.0,0.0,0.0,0.0
59221.95,0.41105936402723264,0.0,15592.0,37.0,0.24439999999914072,31.875,32.375,36.870000000000005,0.0,0.0,0.0,0.0,0.0,20.0,0.3,0.1,0.2,0.1,0.4,0.1,0.1,0.1,0.5,0.0,65535.0,0.12457465476462959,0.0,65535.0,0.07882810711833371,0.0,0.0,0.0,0.0,0.0,0.0,0.0,0.0,0.0,0.0
59282.01,0.4076081499509192,0.0,15592.0,37.0,0.23849999999914437,31.9375,32.375,36.950000000000045,0.0,0.0,0.0,0.0,0.0,20.0,0.3,0.1,0.2,0.1,0.4,0.1,0.1,0.1,0.5,0.0,65535.0,0.12423895628290227,0.0,65535.0,0.07914854657816434,0.0,0.0,0.0,0.0,0.0,0.0,0.0,0.0,0.0,0.0
59342.06,0.41338199520452257,0.0,15592.0,37.0,0.1816999999991366,31.9375,32.375,36.77000000000004,0.0,0.0,0.0,0.0,0.0,20.0,0.3,0.1,0.2,0.1,0.4,0.1,0.1,0.1,0.5,0.0,65535.0,0.12440680552376593,0.0,65535.0,0.0788738841840238,0.0,0.0,0.0,0.0,0.0,0.0,0.0,0.0,0.0,0.0
59402.1,0.40976886414548974,0.0,15592.0,37.0,0.20409999999914635,31.9375,32.375,36.85000000000002,0.0,0.0,0.0,0.0,0.0,20.0,0.3,0.1,0.2,0.1,0.4,0.1,0.1,0.1,0.5,0.0,65535.0,0.12465094987411307,0.0,65535.0,0.0793011367971313,0.0,0.0,0.0,0.0,0.0,0.0,0.0,0.0,0.0,0.0
59462.14,0.4103396681628848,0.0,15592.0,37.0,0.22109999999914168,31.875,32.375,36.97000000000003,0.0,0.0,0.0,0.0,0.0,20.0,0.3,0.1,0.2,0.1,0.4,0.1,0.1,0.1,0.5,0.0,65535.0,0.12440680552376593,0.0,65535.0,0.07940794995040817,0.0,0.0,0.0,0.0,0.0,0.0,0.0,0.0,0.0,0.0
59522.19,0.40739927499551787,0.0,15592.0,37.0,0.2634999999991474,31.875,32.375,36.79000000000002,0.0,0.0,0.0,0.0,0.0,20.0,0.3,0.1,0.2,0.1,0.4,0.1,0.1,0.1,0.5,0.0,65535.0,0.1245441367208362,0.0,65535.0,0.07896543831540398,0.0,0.0,0.0,0.0,0.0,0.0,0.0,0.0,0.0,0.0
59582.23,0.4120993907886523,0.0,15592.0,37.0,0.2502999999991461,31.8125,32.3125,36.650000000000034,0.0,0.0,0.0,0.0,0.0,20.0,0.3,0.1,0.2,0.1,0.4,0.1,0.1,0.1,0.5,0.0,65535.0,0.12462043183031968,0.0,65535.0,0.07907225146868085,0.0,0.0,0.0,0.0,0.0,0.0,0.0,0.0,0.0,0.0
59642.28,0.40557326386949333,0.0,15592.0,37.0,0.27359999999914164,31.875,32.375,36.610000000000014,0.0,0.0,0.0,0.0,0.0,20.0,0.3,0.1,0.2,0.1,0.4,0.1,0.1,0.1,0.5,0.0,65535.0,0.12437628747997254,0.0,65535.0,0.07896543831540398,0.0,0.0,0.0,0.0,0.0,0.0,0.0,0.0,0.0,0.0
59702.32,0.4016548196051768,0.0,15592.0,37.0,0.20769999999914301,31.9375,32.375,36.89000000000004,0.0,0.0,0.0,0.0,0.0,20.0,0.3,0.1,0.2,0.1,0.4,0.1,0.1,0.1,0.5,0.0,65535.0,0.12457465476462959,0.0,65535.0,0.07942320897230487,0.0,0.0,0.0,0.0,0.0,0.0,0.0,0.0,0.0,0.0
59762.39,0.39892017514111516,0.0,15592.0,37.0,0.2735999999991399,31.875,32.375,37.01000000000005,0.0,0.0,0.0,0.0,0.0,20.0,0.3,0.1,0.2,0.1,0.4,0.1,0.1,0.1,0.5,0.0,65535.0,0.12460517280842298,0.0,65535.0,0.07942320897230487,0.0,0.0,0.0,0.0,0.0,0.0,0.0,0.0,0.0,0.0
59822.47,0.40277793894816155,0.0,15592.0,37.0,0.2586999999991435,31.875,32.375,36.870000000000005,0.0,0.0,0.0,0.0,0.0,20.0,0.3,0.1,0.2,0.1,0.4,0.1,0.1,0.1,0.5,0.0,65535.0,0.12443732356755932,0.0,65535.0,0.07917906462195773,0.0,0.0,0.0,0.0,0.0,0.0,0.0,0.0,0.0,0.0
59882.54,0.39280544689076613,0.0,15592.0,37.0,0.22959999999914155,31.9375,32.3125,36.870000000000005,0.0,0.0,0.0,0.0,0.0,20.0,0.3,0.1,0.2,0.1,0.4,0.1,0.1,0.1,0.5,0.0,65535.0,0.12446784161135271,0.0,65535.0,0.07902647440299077,0.0,0.0,0.0,0.0,0.0,0.0,0.0,0.0,0.0,0.0
59942.62,0.3255214348815715,0.0,15592.0,37.0,0.20449999999913,32.0,32.375,36.950000000000045,0.0,0.0,0.0,0.0,0.0,20.0,0.3,0.1,0.2,0.1,0.4,0.1,0.1,0.1,0.5,0.0,65535.0,0.12426947432669566,0.0,65535.0,0.07925535973144121,0.0,0.0,0.0,0.0,0.0,0.0,0.0,0.0,0.0,0.0
60002.7,0.3293924102758986,0.0,15592.0,37.0,0.1693999999991275,31.9375,32.375,36.93000000000001,0.0,0.0,0.0,0.0,0.0,20.0,0.3,0.1,0.2,0.1,0.4,0.1,0.1,0.1,0.5,0.0,65535.0,0.12443732356755932,0.0,65535.0,0.07939269092851148,0.0,0.0,0.0,0.0,0.0,0.0,0.0,0.0,0.0,0.0
60062.77,0.3175723051057201,0.0,15592.0,37.0,0.271499999999135,31.9375,32.375,36.73000000000002,0.0,0.0,0.0,0.0,0.0,20.0,0.3,0.1,0.2,0.1,0.4,0.1,0.1,0.1,0.5,0.0,65535.0,0.12466620889600977,0.0,65535.0,0.07908751049057755,0.0,0.0,0.0,0.0,0.0,0.0,0.0,0.0,0.0,0.0
60122.83,0.327104617349052,0.0,15592.0,37.0,0.22769999999913218,31.9375,32.375,36.89000000000004,0.0,0.0,0.0,0.0,0.0,20.0,0.3,0.1,0.2,0.1,0.4,0.1,0.1,0.1,0.5,0.0,65535.0,0.12434576943617914,0.0,65535.0,0.07907225146868085,0.0,0.0,0.0,0.0,0.0,0.0,0.0,0.0,0.0,0.0
60182.91,0.32422032011165314,0.0,15592.0,37.0,0.2426999999991319,31.9375,32.375,36.85000000000002,0.0,0.0,0.0,0.0,0.0,20.0,0.3,0.1,0.2,0.1,0.4,0.1,0.1,0.1,0.5,0.0,65535.0,0.12465094987411307,0.0,65535.0,0.07937743190661478,0.0,0.0,0.0,0.0,0.0,0.0,0.0,0.0,0.0,0.0
60242.94,0.32693688027899814,0.0,15592.0,37.0,0.24359999999913107,31.9375,32.375,36.870000000000005,0.0,0.0,0.0,0.0,0.0,20.0,0.3,0.1,0.2,0.1,0.4,0.1,0.1,0.1,0.5,0.0,65535.0,0.12474250400549325,0.0,65535.0,0.07925535973144121,0.0,0.0,0.0,0.0,0.0,0.0,0.0,0.0,0.0,0.0
60302.98,0.33345489537427586,0.0,15592.0,37.0,0.20439999999913402,31.9375,32.375,36.81,0.0,0.0,0.0,0.0,0.0,20.0,0.3,0.1,0.2,0.1,0.4,0.1,0.1,0.1,0.5,0.0,65535.0,0.1244983596551461,0.0,65535.0,0.0792858777752346,0.0,0.0,0.0,0.0,0.0,0.0,0.0,0.0,0.0,0.0
60363.03,0.33081253311990705,0.0,15592.0,37.0,0.21939999999913373,31.875,32.375,36.81,0.0,0.0,0.0,0.0,0.0,20.0,0.3,0.1,0.2,0.1,0.4,0.1,0.1,0.1,0.5,0.0,65535.0,0.12489509422446021,0.0,65535.0,0.07948424505989166,0.0,0.0,0.0,0.0,0.0,0.0,0.0,0.0,0.0,0.0
60423.07,0.3326555625359076,0.0,15592.0,37.0,0.25209999999913413,31.875,32.3125,36.85000000000002,0.0,0.0,0.0,0.0,0.0,20.0,0.3,0.1,0.2,0.1,0.4,0.1,0.1,0.1,0.5,0.0,65535.0,0.12480354009308003,0.0,65535.0,0.07940794995040817,0.0,0.0,0.0,0.0,0.0,0.0,0.0,0.0,0.0,0.0
60483.14,0.4291409551224956,0.0,15592.0,37.0,0.2473999999991233,31.9375,32.3125,36.85000000000002,0.0,0.0,0.0,0.0,0.0,20.0,0.3,0.1,0.2,0.1,0.4,0.1,0.1,0.1,0.5,0.0,65535.0,0.12512397955291066,0.0,65535.0,0.07937743190661478,0.0,0.0,0.0,0.0,0.0,0.0,0.0,0.0,0.0,0.0
60543.18,0.4666207609492262,0.0,15592.0,37.0,0.24239999999912698,31.875,32.375,36.73000000000002,0.0,0.0,0.0,0.0,0.0,20.0,0.3,0.1,0.2,0.1,0.4,0.1,0.1,0.1,0.5,0.0,65535.0,0.1249713893339437,0.0,65535.0,0.07942320897230487,0.0,0.0,0.0,0.0,0.0,0.0,0.0,0.0,0.0,0.0
60603.25,0.4600659770013771,0.0,15592.0,37.0,0.27629999999912713,31.9375,32.3125,36.97000000000003,0.0,0.0,0.0,0.0,0.0,20.0,0.3,0.1,0.2,0.1,0.4,0.1,0.1,0.1,0.5,0.0,65535.0,0.12512397955291066,0.0,65535.0,0.07951476310368505,0.0,0.0,0.0,0.0,0.0,0.0,0.0,0.0,0.0,0.0
60663.31,0.4319029474197887,0.0,15592.0,37.0,0.23449999999911997,31.9375,32.375,36.950000000000045,0.0,0.0,0.0,0.0,0.0,20.0,0.3,0.1,0.2,0.1,0.4,0.1,0.1,0.1,0.5,0.0,65535.0,0.12489509422446021,0.0,65535.0,0.07916380560006103,0.0,0.0,0.0,0.0,0.0,0.0,0.0,0.0,0.0,0.0
60723.39,0.404232908730128,0.0,15592.0,37.0,0.24359999999912418,31.9375,32.375,36.950000000000045,0.0,0.0,0.0,0.0,0.0,20.0,0.3,0.1,0.2,0.1,0.4,0.1,0.1,0.1,0.5,0.0,65535.0,0.12471198596169986,0.0,65535.0,0.07914854657816434,0.0,0.0,0.0,0.0,0.0,0.0,0.0,0.0,0.0,0.0
60783.45,0.46278036229011554,0.0,15592.0,37.0,0.22239999999912755,32.0,32.3125,36.93000000000001,0.0,0.0,0.0,0.0,0.0,20.0,0.3,0.1,0.2,0.1,0.4,0.1,0.1,0.1,0.5,0.0,65535.0,0.12469672693980316,0.0,65535.0,0.0793011367971313,0.0,0.0,0.0,0.0,0.0,0.0,0.0,0.0,0.0,0.0
60843.5,0.46695776100014563,0.0,15592.0,37.0,0.2632999999991188,32.0,32.375,37.05000000000001,0.0,0.0,0.0,0.0,0.0,20.0,0.3,0.1,0.2,0.1,0.4,0.1,0.1,0.1,0.5,0.0,65535.0,0.12521553368429084,0.0,65535.0,0.07924010070954451,0.0,0.0,0.0,0.0,0.0,0.0,0.0,0.0,0.0,0.0
60903.53,0.4695739947392752,0.0,15592.0,37.0,0.23059999999911668,31.9375,32.4375,37.05000000000001,0.0,0.0,0.0,0.0,0.0,20.0,0.3,0.1,0.2,0.1,0.4,0.1,0.1,0.1,0.5,0.0,65535.0,0.12503242542153048,0.0,65535.0,0.07908751049057755,0.0,0.0,0.0,0.0,0.0,0.0,0.0,0.0,0.0,0.0
60963.61,0.46584633996029134,0.0,15592.0,37.0,0.2437999999991163,31.9375,32.375,36.950000000000045,0.0,0.0,0.0,0.0,0.0,20.0,0.3,0.1,0.2,0.1,0.4,0.1,0.1,0.1,0.5,0.0,65535.0,0.12521553368429084,0.0,65535.0,0.07943846799420157,0.0,0.0,0.0,0.0,0.0,0.0,0.0,0.0,0.0,0.0
61023.66,0.46442154717042294,0.0,15592.0,37.0,0.20729999999911852,31.9375,32.375,36.89000000000004,0.0,0.0,0.0,0.0,0.0,20.0,0.3,0.1,0.2,0.1,0.4,0.1,0.1,0.1,0.5,0.0,65535.0,0.12518501564049744,0.0,65535.0,0.07946898603799496,0.0,0.0,0.0,0.0,0.0,0.0,0.0,0.0,0.0,0.0
61083.73,0.4637846420505601,0.0,15592.0,37.0,0.25819999999911486,31.9375,32.375,36.710000000000036,0.0,0.0,0.0,0.0,0.0,20.0,0.3,0.1,0.2,0.1,0.4,0.1,0.1,0.1,0.5,0.0,65535.0,0.12504768444342718,0.0,65535.0,0.07922484168764782,0.0,0.0,0.0,0.0,0.0,0.0,0.0,0.0,0.0,0.0
61143.76,0.455657237113563,0.0,15592.0,37.0,0.2249999999991175,31.9375,32.375,36.77000000000004,0.0,0.0,0.0,0.0,0.0,20.0,0.3,0.1,0.2,0.1,0.4,0.1,0.1,0.1,0.5,0.0,65535.0,0.12501716639963378,0.0,65535.0,0.07962157625696192,0.0,0.0,0.0,0.0,0.0,0.0,0.0,0.0,0.0,0.0
61203.8,0.4605688691197234,0.0,15592.0,37.0,0.26619999999912347,31.9375,32.375,36.93000000000001,0.0,0.0,0.0,0.0,0.0,20.0,0.3,0.1,0.2,0.1,0.4,0.1,0.1,0.1,0.5,0.0,65535.0,0.12512397955291066,0.0,65535.0,0.07936217288471809,0.0,0.0,0.0,0.0,0.0,0.0,0.0,0.0,0.0,0.0
61263.83,0.4573734258458034,0.0,15592.0,37.0,0.27509999999911794,31.875,32.375,36.81,0.0,0.0,0.0,0.0,0.0,20.0,0.3,0.1,0.2,0.1,0.4,0.1,0.1,0.1,0.5,0.0,65535.0,0.12544441901274128,0.0,65535.0,0.0792858777752346,0.0,0.0,0.0,0.0,0.0,0.0,0.0,0.0,0.0,0.0
61323.91,0.4602176360768076,0.0,15592.0,37.0,0.23449999999911056,31.9375,32.4375,36.93000000000001,0.0,0.0,0.0,0.0,0.0,20.0,0.3,0.1,0.2,0.1,0.4,0.1,0.1,0.1,0.5,0.0,65535.0,0.1254139009689479,0.0,65535.0,0.07937743190661478,0.0,0.0,0.0,0.0,0.0,0.0,0.0,0.0,0.0,0.0
61383.98,0.45804601224495145,0.0,15592.0,37.0,0.25299999999912043,31.9375,32.375,36.97000000000003,0.0,0.0,0.0,0.0,0.0,20.0,0.3,0.1,0.2,0.1,0.4,0.1,0.1,0.1,0.5,0.0,65535.0,0.1253223468375677,0.0,65535.0,0.07951476310368505,0.0,0.0,0.0,0.0,0.0,0.0,0.0,0.0,0.0,0.0
61444.06,0.4528955798712115,0.0,15592.0,37.0,0.2335999999991088,31.9375,32.375,36.97000000000003,0.0,0.0,0.0,0.0,0.0,20.0,0.3,0.1,0.2,0.1,0.4,0.1,0.1,0.1,0.5,0.0,65535.0,0.1253681239032578,0.0,65535.0,0.0792858777752346,0.0,0.0,0.0,0.0,0.0,0.0,0.0,0.0,0.0,0.0
61504.13,0.4568540448736472,0.0,15592.0,37.0,0.2293999999991075,31.9375,32.4375,36.63000000000005,0.0,0.0,0.0,0.0,0.0,20.0,0.3,0.1,0.2,0.1,0.4,0.1,0.1,0.1,0.5,0.0,65535.0,0.12512397955291066,0.0,65535.0,0.07925535973144121,0.0,0.0,0.0,0.0,0.0,0.0,0.0,0.0,0.0,0.0
61564.19,0.45045697976713767,0.0,15592.0,37.0,0.252099999999117,31.9375,32.375,36.89000000000004,0.0,0.0,0.0,0.0,0.0,20.0,0.3,0.1,0.2,0.1,0.4,0.1,0.1,0.1,0.5,0.0,65535.0,0.1253376058594644,0.0,65535.0,0.07957579919127183,0.0,0.0,0.0,0.0,0.0,0.0,0.0,0.0,0.0,0.0
61624.27,0.45165357046152327,0.0,15592.0,37.0,0.21029999999910978,31.9375,32.375,36.93000000000001,0.0,0.0,0.0,0.0,0.0,20.0,0.3,0.1,0.2,0.1,0.4,0.1,0.1,0.1,0.5,0.0,65535.0,0.1253681239032578,0.0,65535.0,0.0797131303883421,0.0,0.0,0.0,0.0,0.0,0.0,0.0,0.0,0.0,0.0
61684.34,0.44955304074982927,0.0,15592.0,37.0,0.2308999999991044,31.9375,32.375,37.13000000000005,0.0,0.0,0.0,0.0,0.0,20.0,0.3,0.1,0.2,0.1,0.4,0.1,0.1,0.1,0.5,0.0,65535.0,0.1254139009689479,0.0,65535.0,0.07939269092851148,0.0,0.0,0.0,0.0,0.0,0.0,0.0,0.0,0.0,0.0
61744.41,0.4663680888502134,0.0,15592.0,37.0,0.2311999999991033,31.9375,32.375,36.79000000000002,0.0,0.0,0.0,0.0,0.0,20.0,0.3,0.1,0.2,0.1,0.4,0.1,0.1,0.1,0.5,0.0,65535.0,0.1253223468375677,0.0,65535.0,0.07953002212558175,0.0,0.0,0.0,0.0,0.0,0.0,0.0,0.0,0.0,0.0
61804.48,0.47926159522835693,0.0,15592.0,37.0,0.22619999999910698,31.9375,32.375,36.93000000000001,0.0,0.0,0.0,0.0,0.0,20.0,0.3,0.1,0.2,0.1,0.4,0.1,0.1,0.1,0.5,0.0,65535.0,0.12544441901274128,0.0,65535.0,0.07965209430075532,0.0,0.0,0.0,0.0,0.0,0.0,0.0,0.0,0.0,0.0
61864.56,0.47286729054151694,0.0,15592.0,37.0,0.20529999999911006,32.0,32.375,36.870000000000005,0.0,0.0,0.0,0.0,0.0,20.0,0.3,0.1,0.2,0.1,0.4,0.1,0.1,0.1,0.5,0.0,65535.0,0.12565804531929503,0.0,65535.0,0.07966735332265201,0.0,0.0,0.0,0.0,0.0,0.0,0.0,0.0,0.0,0.0
61924.63,0.4718947875695274,0.0,15592.0,37.0,0.2593999999991018,31.9375,32.375,36.93000000000001,0.0,0.0,0.0,0.0,0.0,20.0,0.3,0.1,0.2,0.1,0.4,0.1,0.1,0.1,0.5,0.0,65535.0,0.12564278629739833,0.0,65535.0,0.07936217288471809,0.0,0.0,0.0,0.0,0.0,0.0,0.0,0.0,0.0,0.0
61984.7,0.46307636334743035,0.0,15592.0,37.0,0.2267999999991047,31.9375,32.375,37.170000000000016,0.0,0.0,0.0,0.0,0.0,20.0,0.3,0.1,0.2,0.1,0.4,0.1,0.1,0.1,0.5,0.0,65535.0,0.12590218966964217,0.0,65535.0,0.07936217288471809,0.0,0.0,0.0,0.0,0.0,0.0,0.0,0.0,0.0,0.0
62044.73,0.4762261427801088,0.0,15592.0,37.0,0.2629999999991002,32.0,32.375,36.93000000000001,0.0,0.0,0.0,0.0,0.0,20.0,0.3,0.1,0.2,0.1,0.4,0.1,0.1,0.1,0.5,0.0,65535.0,0.12556649118791485,0.0,65535.0,0.07975890745403219,0.0,0.0,0.0,0.0,0.0,0.0,0.0,0.0,0.0,0.0
62104.77,0.4709268904245451,0.0,15592.0,37.0,0.2302999999990981,32.0,32.375,37.05000000000001,0.0,0.0,0.0,0.0,0.0,20.0,0.3,0.1,0.2,0.1,0.4,0.1,0.1,0.1,0.5,0.0,65535.0,0.1257495994506752,0.0,65535.0,0.0792858777752346,0.0,0.0,0.0,0.0,0.0,0.0,0.0,0.0,0.0,0.0
62164.85,0.4532028163402373,0.0,15592.0,37.0,0.19669999999909596,31.9375,32.4375,36.89000000000004,0.0,0.0,0.0,0.0,0.0,20.0,0.3,0.1,0.2,0.1,0.4,0.1,0.1,0.1,0.5,0.0,65535.0,0.12556649118791485,0.0,65535.0,0.07933165484092469,0.0,0.0,0.0,0.0,0.0,0.0,0.0,0.0,0.0,0.0
62224.9,0.4484824868650181,0.0,15592.0,37.0,0.2908999999990981,31.9375,32.375,36.77000000000004,0.0,0.0,0.0,0.0,0.0,20.0,0.3,0.1,0.2,0.1,0.4,0.1,0.1,0.1,0.5,0.0,65535.0,0.12585641260395208,0.0,65535.0,0.07978942549782558,0.0,0.0,0.0,0.0,0.0,0.0,0.0,0.0,0.0,0.0
62284.94,0.47801526599602584,0.0,15592.0,37.0,0.2105999999990992,32.0,32.4375,36.690000000000055,0.0,0.0,0.0,0.0,0.0,20.0,0.3,0.1,0.2,0.1,0.4,0.1,0.1,0.1,0.5,0.0,65535.0,0.12552071412222476,0.0,65535.0,0.07949950408178835,0.0,0.0,0.0,0.0,0.0,0.0,0.0,0.0,0.0,0.0
62344.98,0.4766619597646408,0.0,15592.0,37.0,0.26179999999909526,31.9375,32.375,36.93000000000001,0.0,0.0,0.0,0.0,0.0,20.0,0.3,0.1,0.2,0.1,0.4,0.1,0.1,0.1,0.5,0.0,65535.0,0.12585641260395208,0.0,65535.0,0.07940794995040817,0.0,0.0,0.0,0.0,0.0,0.0,0.0,0.0,0.0,0.0
62405.05,0.4766653498337187,0.0,15592.0,37.0,0.2108999999990972,32.0,32.375,36.89000000000004,0.0,0.0,0.0,0.0,0.0,20.0,0.3,0.1,0.2,0.1,0.4,0.1,0.1,0.1,0.5,0.0,65535.0,0.12564278629739833,0.0,65535.0,0.07968261234454871,0.0,0.0,0.0,0.0,0.0,0.0,0.0,0.0,0.0,0.0
62465.12,0.48151499043582036,0.0,15592.0,37.0,0.21029999999909602,31.9375,32.4375,36.950000000000045,0.0,0.0,0.0,0.0,0.0,20.0,0.3,0.1,0.2,0.1,0.4,0.1,0.1,0.1,0.5,0.0,65535.0,0.12587167162584878,0.0,65535.0,0.07943846799420157,0.0,0.0,0.0,0.0,0.0,0.0,0.0,0.0,0.0,0.0
62525.18,0.4627407527606069,0.0,15592.0,37.0,0.2511999999991015,31.9375,32.375,36.950000000000045,0.0,0.0,0.0,0.0,0.0,20.0,0.3,0.1,0.2,0.1,0.4,0.1,0.1,0.1,0.5,0.0,65535.0,0.12614633401998931,0.0,65535.0,0.07975890745403219,0.0,0.0,0.0,0.0,0.0,0.0,0.0,0.0,0.0,0.0
62585.26,0.46441967484384983,0.0,15592.0,37.0,0.2720999999990966,32.0,32.375,36.81,0.0,0.0,0.0,0.0,0.0,20.0,0.3,0.1,0.2,0.1,0.4,0.1,0.1,0.1,0.5,0.0,65535.0,0.12637521934843976,0.0,65535.0,0.08007934691386283,0.0,0.0,0.0,0.0,0.0,0.0,0.0,0.0,0.0,0.0
62645.34,0.46292520666579506,0.0,15592.0,37.0,0.2535999999991001,32.0,32.375,36.93000000000001,0.0,0.0,0.0,0.0,0.0,20.0,0.3,0.1,0.2,0.1,0.4,0.1,0.1,0.1,0.5,0.0,65535.0,0.12603952086671244,0.0,65535.0,0.07981994354161898,0.0,0.0,0.0,0.0,0.0,0.0,0.0,0.0,0.0,0.0
62705.42,0.44776297641143675,0.0,15592.0,37.0,0.24919999999908904,31.9375,32.375,36.97000000000003,0.0,0.0,0.0,0.0,0.0,20.0,0.3,0.1,0.2,0.1,0.4,0.1,0.1,0.1,0.5,0.0,65535.0,0.12607003891050583,0.0,65535.0,0.07980468451972228,0.0,0.0,0.0,0.0,0.0,0.0,0.0,0.0,0.0,0.0
62765.46,0.4537620125159736,0.0,15592.0,37.0,0.2508999999990983,32.0,32.375,37.03000000000003,0.0,0.0,0.0,0.0,0.0,20.0,0.3,0.1,0.2,0.1,0.4,0.1,0.1,0.1,0.5,0.0,65535.0,0.1257648584725719,0.0,65535.0,0.07948424505989166,0.0,0.0,0.0,0.0,0.0,0.0,0.0,0.0,0.0,0.0
62825.53,0.4531429058755393,0.0,15592.0,37.0,0.21969999999909653,32.0,32.375,37.05000000000001,0.0,0.0,0.0,0.0,0.0,20.0,0.3,0.1,0.2,0.1,0.4,0.1,0.1,0.1,0.5,0.0,65535.0,0.12632944228274967,0.0,65535.0,0.07940794995040817,0.0,0.0,0.0,0.0,0.0,0.0,0.0,0.0,0.0,0.0
62885.59,0.4492921719554324,0.0,15592.0,37.0,0.2051999999990904,31.9375,32.4375,36.93000000000001,0.0,0.0,0.0,0.0,0.0,20.0,0.3,0.1,0.2,0.1,0.4,0.1,0.1,0.1,0.5,0.0,65535.0,0.12613107499809262,0.0,65535.0,0.07968261234454871,0.0,0.0,0.0,0.0,0.0,0.0,0.0,0.0,0.0,0.0
62945.65,0.45713339153650423,0.0,15592.0,37.0,0.26939999999909225,31.9375,32.4375,36.97000000000003,0.0,0.0,0.0,0.0,0.0,20.0,0.3,0.1,0.2,0.1,0.4,0.1,0.1,0.1,0.5,0.0,65535.0,0.12608529793240253,0.0,65535.0,0.07980468451972228,0.0,0.0,0.0,0.0,0.0,0.0,0.0,0.0,0.0,0.0
63005.72,0.4604360081645431,0.0,15592.0,37.0,0.28149999999909714,31.875,32.375,36.89000000000004,0.0,0.0,0.0,0.0,0.0,20.0,0.3,0.1,0.2,0.1,0.4,0.1,0.1,0.1,0.5,0.0,65535.0,0.12635996032654306,0.0,65535.0,0.07946898603799496,0.0,0.0,0.0,0.0,0.0,0.0,0.0,0.0,0.0,0.0
63065.76,0.45211589585807255,0.0,15592.0,37.0,0.24769999999908526,31.9375,32.4375,36.870000000000005,0.0,0.0,0.0,0.0,0.0,20.0,0.3,0.1,0.2,0.1,0.4,0.1,0.1,0.1,0.5,0.0,65535.0,0.12603952086671244,0.0,65535.0,0.08000305180437933,0.0,0.0,0.0,0.0,0.0,0.0,0.0,0.0,0.0,0.0
63125.78,0.4629160992113076,0.0,15592.0,37.0,0.2879999999990904,31.9375,32.375,36.89000000000004,0.0,0.0,0.0,0.0,0.0,20.0,0.3,0.1,0.2,0.1,0.4,0.1,0.1,0.1,0.5,0.0,65535.0,0.12655832761120012,0.0,65535.0,0.07986572060730907,0.0,0.0,0.0,0.0,0.0,0.0,0.0,0.0,0.0,0.0
63185.85,0.4608768717675157,0.0,15592.0,37.0,0.2506999999990833,31.9375,32.375,36.93000000000001,0.0,0.0,0.0,0.0,0.0,20.0,0.3,0.1,0.2,0.1,0.4,0.1,0.1,0.1,0.5,0.0,65535.0,0.12646677347981994,0.0,65535.0,0.0796978713664454,0.0,0.0,0.0,0.0,0.0,0.0,0.0,0.0,0.0,0.0
63245.92,0.46301957191556364,0.0,15592.0,37.0,0.2488999999990824,31.9375,32.4375,36.950000000000045,0.0,0.0,0.0,0.0,0.0,20.0,0.3,0.1,0.2,0.1,0.4,0.1,0.1,0.1,0.5,0.0,65535.0,0.12642099641412985,0.0,65535.0,0.07980468451972228,0.0,0.0,0.0,0.0,0.0,0.0,0.0,0.0,0.0,0.0
63305.97,0.4757593947287539,0.0,15592.0,37.0,0.19789999999907934,32.0,32.4375,36.870000000000005,0.0,0.0,0.0,0.0,0.0,20.0,0.3,0.1,0.2,0.1,0.4,0.1,0.1,0.1,0.5,0.0,65535.0,0.12614633401998931,0.0,65535.0,0.08000305180437933,0.0,0.0,0.0,0.0,0.0,0.0,0.0,0.0,0.0,0.0
63366.04,0.45069521738458795,0.0,15592.0,37.0,0.24849999999909014,31.9375,32.375,37.05000000000001,0.0,0.0,0.0,0.0,0.0,20.0,0.3,0.1,0.2,0.1,0.4,0.1,0.1,0.1,0.5,0.0,65535.0,0.12645151445792324,0.0,65535.0,0.0802166781109331,0.0,0.0,0.0,0.0,0.0,0.0,0.0,0.0,0.0,0.0
63426.09,0.45664202584323227,0.0,15592.0,37.0,0.22789999999907876,32.0,32.4375,36.950000000000045,0.0,0.0,0.0,0.0,0.0,20.0,0.3,0.1,0.2,0.1,0.4,0.1,0.1,0.1,0.5,0.0,65535.0,0.12655832761120012,0.0,65535.0,0.07995727473868924,0.0,0.0,0.0,0.0,0.0,0.0,0.0,0.0,0.0,0.0
63486.16,0.4563793750246453,0.0,15592.0,37.0,0.2375999999990833,32.0,32.5,36.89000000000004,0.0,0.0,0.0,0.0,0.0,20.0,0.3,0.1,0.2,0.1,0.4,0.1,0.1,0.1,0.5,0.0,65535.0,0.12687876707103074,0.0,65535.0,0.07988097962920576,0.0,0.0,0.0,0.0,0.0,0.0,0.0,0.0,0.0,0.0
63546.24,0.44438884494079767,0.0,15592.0,37.0,0.2387999999990822,31.9375,32.4375,36.81,0.0,0.0,0.0,0.0,0.0,20.0,0.3,0.1,0.2,0.1,0.4,0.1,0.1,0.1,0.5,0.0,65535.0,0.1266803997863737,0.0,65535.0,0.07983520256351567,0.0,0.0,0.0,0.0,0.0,0.0,0.0,0.0,0.0,0.0
63606.3,0.45105178009504654,0.0,15592.0,37.0,0.2384999999990816,31.9375,32.4375,36.710000000000036,0.0,0.0,0.0,0.0,0.0,20.0,0.3,0.1,0.2,0.1,0.4,0.1,0.1,0.1,0.5,0.0,65535.0,0.12645151445792324,0.0,65535.0,0.07985046158541237,0.0,0.0,0.0,0.0,0.0,0.0,0.0,0.0,0.0,0.0
63666.34,0.43955530810560006,0.0,15592.0,37.0,0.28499999999908276,31.9375,32.4375,36.85000000000002,0.0,0.0,0.0,0.0,0.0,20.0,0.3,0.1,0.2,0.1,0.4,0.1,0.1,0.1,0.5,0.0,65535.0,0.12642099641412985,0.0,65535.0,0.08007934691386283,0.0,0.0,0.0,0.0,0.0,0.0,0.0,0.0,0.0,0.0
63726.39,0.45454460990643786,0.0,15592.0,37.0,0.22499999999907966,31.9375,32.4375,36.85000000000002,0.0,0.0,0.0,0.0,0.0,20.0,0.3,0.1,0.2,0.1,0.4,0.1,0.1,0.1,0.5,0.0,65535.0,0.126665140764477,0.0,65535.0,0.08014038300144961,0.0,0.0,0.0,0.0,0.0,0.0,0.0,0.0,0.0,0.0
63786.43,0.4549705567970149,0.0,15592.0,37.0,0.2505999999990848,31.875,32.4375,37.01000000000005,0.0,0.0,0.0,0.0,0.0,20.0,0.3,0.1,0.2,0.1,0.4,0.1,0.1,0.1,0.5,0.0,65535.0,0.12635996032654306,0.0,65535.0,0.07981994354161898,0.0,0.0,0.0,0.0,0.0,0.0,0.0,0.0,0.0,0.0
63846.48,0.4661740333445617,0.0,15592.0,37.0,0.3094999999990764,31.9375,32.4375,36.73000000000002,0.0,0.0,0.0,0.0,0.0,20.0,0.3,0.1,0.2,0.1,0.4,0.1,0.1,0.1,0.5,0.0,65535.0,0.12652780956740672,0.0,65535.0,0.08010986495765622,0.0,0.0,0.0,0.0,0.0,0.0,0.0,0.0,0.0,0.0
63906.52,0.45673646855359423,0.0,15592.0,37.0,0.25009999999907273,31.9375,32.4375,36.93000000000001,0.0,0.0,0.0,0.0,0.0,20.0,0.3,0.1,0.2,0.1,0.4,0.1,0.1,0.1,0.5,0.0,65535.0,0.12672617685206378,0.0,65535.0,0.07997253376058594,0.0,0.0,0.0,0.0,0.0,0.0,0.0,0.0,0.0,0.0
63966.59,0.43841539470518587,0.0,15592.0,37.0,0.24439999999907194,32.0,32.5,36.870000000000005,0.0,0.0,0.0,0.0,0.0,20.0,0.3,0.1,0.2,0.1,0.4,0.1,0.1,0.1,0.5,0.0,65535.0,0.12675669489585717,0.0,65535.0,0.07966735332265201,0.0,0.0,0.0,0.0,0.0,0.0,0.0,0.0,0.0,0.0
64026.65,0.37729363063268645,0.0,15592.0,37.0,0.28149999999908254,32.0,32.4375,36.79000000000002,0.0,0.0,0.0,0.0,0.0,20.0,0.3,0.1,0.2,0.1,0.4,0.1,0.1,0.1,0.5,0.0,65535.0,0.12686350804913404,0.0,65535.0,0.08012512397955292,0.0,0.0,0.0,0.0,0.0,0.0,0.0,0.0,0.0,0.0
64086.69,0.3264012205535661,0.0,15592.0,37.0,0.20529999999907908,31.9375,32.4375,36.85000000000002,0.0,0.0,0.0,0.0,0.0,20.0,0.3,0.1,0.2,0.1,0.4,0.1,0.1,0.1,0.5,0.0,65535.0,0.1266041046768902,0.0,65535.0,0.08006408789196612,0.0,0.0,0.0,0.0,0.0,0.0,0.0,0.0,0.0,0.0
64146.76,0.39417124789834457,0.0,15592.0,37.0,0.26679999999908083,31.9375,32.4375,36.93000000000001,0.0,0.0,0.0,0.0,0.0,20.0,0.3,0.1,0.2,0.1,0.4,0.1,0.1,0.1,0.5,0.0,65535.0,0.1266193636987869,0.0,65535.0,0.07978942549782558,0.0,0.0,0.0,0.0,0.0,0.0,0.0,0.0,0.0,0.0
64206.82,0.38250754396062586,0.0,15592.0,37.0,0.24179999999907428,31.9375,32.4375,36.89000000000004,0.0,0.0,0.0,0.0,0.0,20.0,0.3,0.1,0.2,0.1,0.4,0.1,0.1,0.1,0.5,0.0,65535.0,0.12675669489585717,0.0,65535.0,0.08003356984817273,0.0,0.0,0.0,0.0,0.0,0.0,0.0,0.0,0.0,0.0
64266.88,0.4007509663210581,0.0,15592.0,37.0,0.2514999999990788,31.9375,32.4375,36.89000000000004,0.0,0.0,0.0,0.0,0.0,20.0,0.3,0.1,0.2,0.1,0.4,0.1,0.1,0.1,0.5,0.0,65535.0,0.12722972457465476,0.0,65535.0,0.08043030441748684,0.0,0.0,0.0,0.0,0.0,0.0,0.0,0.0,0.0,0.0
64326.91,0.4015975855852604,0.0,15592.0,37.0,0.25359999999907856,31.9375,32.4375,36.950000000000045,0.0,0.0,0.0,0.0,0.0,20.0,0.3,0.1,0.2,0.1,0.4,0.1,0.1,0.1,0.5,0.0,65535.0,0.12695506218051422,0.0,65535.0,0.0796978713664454,0.0,0.0,0.0,0.0,0.0,0.0,0.0,0.0,0.0,0.0
64386.97,0.42649735109302445,0.0,15592.0,37.0,0.2756999999990736,32.0,32.4375,36.97000000000003,0.0,0.0,0.0,0.0,0.0,20.0,0.3,0.1,0.2,0.1,0.4,0.1,0.1,0.1,0.5,0.0,65535.0,0.126665140764477,0.0,65535.0,0.07978942549782558,0.0,0.0,0.0,0.0,0.0,0.0,0.0,0.0,0.0,0.0
64447.04,0.4381272418139846,0.0,15592.0,37.0,0.13879999999907755,32.0,32.4375,37.05000000000001,0.0,0.0,0.0,0.0,0.0,20.0,0.3,0.1,0.2,0.1,0.4,0.1,0.1,0.1,0.5,0.0,65535.0,0.12654306858930342,0.0,65535.0,0.08000305180437933,0.0,0.0,0.0,0.0,0.0,0.0,0.0,0.0,0.0,0.0
64507.11,0.4464702831759084,0.0,15592.0,37.0,0.24259999999906584,32.0,32.4375,36.85000000000002,0.0,0.0,0.0,0.0,0.0,20.0,0.3,0.1,0.2,0.1,0.4,0.1,0.1,0.1,0.5,0.0,65535.0,0.127016098268101,0.0,65535.0,0.08010986495765622,0.0,0.0,0.0,0.0,0.0,0.0,0.0,0.0,0.0,0.0
64567.19,0.4261705472681915,0.0,15592.0,37.0,0.2360999999990692,32.0,32.4375,37.01000000000005,0.0,0.0,0.0,0.0,0.0,20.0,0.3,0.1,0.2,0.1,0.4,0.1,0.1,0.1,0.5,0.0,65535.0,0.12684824902723735,0.0,65535.0,0.07997253376058594,0.0,0.0,0.0,0.0,0.0,0.0,0.0,0.0,0.0,0.0
64627.25,0.3419632854119051,0.0,15592.0,37.0,0.25759999999906386,31.875,32.4375,36.89000000000004,0.0,0.0,0.0,0.0,0.0,20.0,0.3,0.1,0.2,0.1,0.4,0.1,0.1,0.1,0.5,0.0,65535.0,0.12681773098344395,0.0,65535.0,0.07998779278248264,0.0,0.0,0.0,0.0,0.0,0.0,0.0,0.0,0.0,0.0
64687.32,0.36402158022065156,0.0,15592.0,37.0,0.21519999999907144,31.9375,32.4375,36.93000000000001,0.0,0.0,0.0,0.0,0.0,20.0,0.3,0.1,0.2,0.1,0.4,0.1,0.1,0.1,0.5,0.0,65535.0,0.12730601968413824,0.0,65535.0,0.08006408789196612,0.0,0.0,0.0,0.0,0.0,0.0,0.0,0.0,0.0,0.0
64747.36,0.38283592958593754,0.0,15592.0,37.0,0.26559999999907247,31.9375,32.4375,36.73000000000002,0.0,0.0,0.0,0.0,0.0,20.0,0.3,0.1,0.2,0.1,0.4,0.1,0.1,0.1,0.5,0.0,65535.0,0.12686350804913404,0.0,65535.0,0.08014038300144961,0.0,0.0,0.0,0.0,0.0,0.0,0.0,0.0,0.0,0.0
64807.4,0.3363644277486785,0.0,15592.0,37.0,0.27149999999906715,31.9375,32.4375,37.01000000000005,0.0,0.0,0.0,0.0,0.0,20.0,0.3,0.1,0.2,0.1,0.4,0.1,0.1,0.1,0.5,0.0,65535.0,0.12680247196154726,0.0,65535.0,0.08014038300144961,0.0,0.0,0.0,0.0,0.0,0.0,0.0,0.0,0.0,0.0
64867.45,0.3459247753177877,0.0,15592.0,37.0,0.24239999999906517,32.0,32.4375,37.01000000000005,0.0,0.0,0.0,0.0,0.0,20.0,0.3,0.1,0.2,0.1,0.4,0.1,0.1,0.1,0.5,0.0,65535.0,0.1270923933775845,0.0,65535.0,0.08007934691386283,0.0,0.0,0.0,0.0,0.0,0.0,0.0,0.0,0.0,0.0
64927.49,0.31944406435289,0.0,15592.0,37.0,0.23209999999905864,32.0,32.5,37.05000000000001,0.0,0.0043,0.25,0.0,0.0,20.0,0.3,0.1,0.2,0.1,0.4,0.1,0.1,0.1,0.5,0.0,65535.0,0.12724498359655145,0.0,65535.0,0.08009460593575952,0.0,0.0,0.0,0.0,0.0,0.0,0.0,0.0,0.0,0.0
64987.54,0.3628836245008634,0.0,15592.0,37.0,0.2783999999990643,31.9375,32.375,36.73000000000002,0.0,0.0,0.0,0.0,0.0,20.0,0.3,0.1,0.2,0.1,0.4,0.1,0.1,0.1,0.5,0.0,65535.0,0.12477302204928664,0.0,65535.0,0.07832455939574273,0.0,0.0,0.0,0.0,0.0,0.0,0.0,0.0,0.0,0.0
65047.58,0.30638658960020315,0.0,15592.0,37.0,0.25609999999905786,31.9375,32.4375,36.79000000000002,0.0,0.0,0.0,0.0,0.0,20.0,0.3,0.1,0.2,0.1,0.4,0.1,0.1,0.1,0.5,0.0,65535.0,0.12442206454566263,0.0,65535.0,0.07849240863660639,0.0,0.0,0.0,0.0,0.0,0.0,0.0,0.0,0.0,0.0
65107.66,0.3031935367407297,0.0,15592.0,37.0,0.2534999999990619,31.9375,32.4375,36.870000000000005,0.0,0.0,0.0,0.0,0.0,20.0,0.3,0.1,0.2,0.1,0.4,0.1,0.1,0.1,0.5,0.0,65535.0,0.1245136186770428,0.0,65535.0,0.07830930037384604,0.0,0.0,0.0,0.0,0.0,0.0,0.0,0.0,0.0,0.0
65167.73,0.3952478042101013,0.0,15592.0,37.0,0.2310999999990655,32.0,32.5,36.97000000000003,0.0,0.0,0.0,0.0,0.0,20.0,0.3,0.1,0.2,0.1,0.4,0.1,0.1,0.1,0.5,0.0,65535.0,0.12417792019531548,0.0,65535.0,0.07841611352712291,0.0,0.0,0.0,0.0,0.0,0.0,0.0,0.0,0.0,0.0
65227.8,0.42246269811199416,0.0,15592.0,37.0,0.23539999999905564,32.0,32.4375,36.97000000000003,0.0,0.0,0.0,0.0,0.0,20.0,0.3,0.1,0.2,0.1,0.4,0.1,0.1,0.1,0.5,0.0,65535.0,0.12434576943617914,0.0,65535.0,0.07850766765850309,0.0,0.0,0.0,0.0,0.0,0.0,0.0,0.0,0.0,0.0
65287.87,0.4015368139778548,0.0,15592.0,37.0,0.19269999999906265,32.0,32.4375,36.870000000000005,0.0,0.0,0.0,0.0,0.0,20.0,0.3,0.1,0.2,0.1,0.4,0.1,0.1,0.1,0.5,0.0,65535.0,0.12443732356755932,0.0,65535.0,0.07879758907454032,0.0,0.0,0.0,0.0,0.0,0.0,0.0,0.0,0.0,0.0
65347.95,0.4018481014383036,0.0,15592.0,37.0,0.3271999999990574,32.0,32.4375,36.81,0.0,0.0,0.0,0.0,0.0,20.0,0.3,0.1,0.2,0.1,0.4,0.1,0.1,0.1,0.5,0.0,65535.0,0.12469672693980316,0.0,65535.0,0.07870603494316014,0.0,0.0,0.0,0.0,0.0,0.0,0.0,0.0,0.0,0.0
65408.02,0.37926685135157495,0.0,15592.0,37.0,0.2500999999990531,32.0,32.4375,36.97000000000003,0.0,0.0,0.0,0.0,0.0,20.0,0.3,0.1,0.2,0.1,0.4,0.1,0.1,0.1,0.5,0.0,65535.0,0.12480354009308003,0.0,65535.0,0.07850766765850309,0.0,0.0,0.0,0.0,0.0,0.0,0.0,0.0,0.0,0.0
65468.05,0.4189666442546993,0.0,15592.0,37.0,0.285999999999063,32.0,32.4375,36.77000000000004,0.0,0.0,0.0,0.0,0.0,20.0,0.3,0.1,0.2,0.1,0.4,0.1,0.1,0.1,0.5,0.0,65535.0,0.12484931715877012,0.0,65535.0,0.07838559548332952,0.0,0.0,0.0,0.0,0.0,0.0,0.0,0.0,0.0,0.0
65528.1,0.38609054910267954,0.0,15592.0,37.0,0.2586999999990611,32.0,32.5,36.85000000000002,0.0,0.0,0.0,0.0,0.0,20.0,0.3,0.1,0.2,0.1,0.4,0.1,0.1,0.1,0.5,0.0,65535.0,0.12457465476462959,0.0,65535.0,0.07837033646143282,0.0,0.0,0.0,0.0,0.0,0.0,0.0,0.0,0.0,0.0
65588.16,0.3035142065914994,0.0,15592.0,37.0,0.24869999999905515,32.0625,32.5,37.13000000000005,0.0,0.0,0.0,0.0,0.0,20.0,0.3,0.1,0.2,0.1,0.4,0.1,0.1,0.1,0.5,0.0,65535.0,0.12414740215152209,0.0,65535.0,0.07853818570229648,0.0,0.0,0.0,0.0,0.0,0.0,0.0,0.0,0.0,0.0
65648.23,0.30228153808503483,0.0,15592.0,37.0,0.17089999999904631,32.0,32.4375,36.85000000000002,0.0,0.0,0.0,0.0,0.0,20.0,0.3,0.1,0.2,0.1,0.4,0.1,0.1,0.1,0.5,0.0,65535.0,0.12466620889600977,0.0,65535.0,0.07832455939574273,0.0,0.0,0.0,0.0,0.0,0.0,0.0,0.0,0.0,0.0
65708.3,0.31629972119394556,0.0,15592.0,37.0,0.27999999999905906,32.0,32.5,36.870000000000005,0.0,0.0,0.0,0.0,0.0,20.0,0.3,0.1,0.2,0.1,0.4,0.1,0.1,0.1,0.5,0.0,65535.0,0.12463569085221637,0.0,65535.0,0.07849240863660639,0.0,0.0,0.0,0.0,0.0,0.0,0.0,0.0,0.0,0.0
65768.37,0.31751240626393035,0.0,15592.0,37.0,0.2614999999990475,32.0,32.4375,36.950000000000045,0.0,0.0,0.0,0.0,0.0,20.0,0.3,0.1,0.2,0.1,0.4,0.1,0.1,0.1,0.5,0.0,65535.0,0.12472724498359655,0.0,65535.0,0.0788891432059205,0.0,0.0,0.0,0.0,0.0,0.0,0.0,0.0,0.0,0.0
65828.44,0.30968309924559534,0.0,15592.0,37.0,0.27209999999905204,32.0,32.4375,36.81,0.0,0.0,0.0,0.0,0.0,20.0,0.3,0.1,0.2,0.1,0.4,0.1,0.1,0.1,0.5,0.0,65535.0,0.1245288776989395,0.0,65535.0,0.07864499885557336,0.0,0.0,0.0,0.0,0.0,0.0,0.0,0.0,0.0,0.0
65888.48,0.3277108021625369,0.0,15592.0,37.0,0.2326999999990444,31.9375,32.4375,36.870000000000005,0.0,0.0,0.0,0.0,0.0,20.0,0.3,0.1,0.2,0.1,0.4,0.1,0.1,0.1,0.5,0.0,65535.0,0.12480354009308003,0.0,65535.0,0.07873655298695353,0.0,0.0,0.0,0.0,0.0,0.0,0.0,0.0,0.0,0.0
65948.51,0.331844915631345,0.0,15592.0,37.0,0.26539999999904473,32.0,32.4375,36.93000000000001,0.0,0.0,0.0,0.0,0.0,20.0,0.3,0.1,0.2,0.1,0.4,0.1,0.1,0.1,0.5,0.0,65535.0,0.1249713893339437,0.0,65535.0,0.07881284809643702,0.0,0.0,0.0,0.0,0.0,0.0,0.0,0.0,0.0,0.0
66008.58,0.36021868335364904,0.0,15592.0,37.0,0.21089999999904657,32.0,32.5,36.950000000000045,0.0,0.0,0.0,0.0,0.0,20.0,0.3,0.1,0.2,0.1,0.4,0.1,0.1,0.1,0.5,0.0,65535.0,0.1245441367208362,0.0,65535.0,0.07862973983367666,0.0,0.0,0.0,0.0,0.0,0.0,0.0,0.0,0.0,0.0
66068.66,0.3417630836688891,0.0,15592.0,37.0,0.2475999999990524,32.0,32.5,36.89000000000004,0.0,0.0,0.0,0.0,0.0,20.0,0.3,0.1,0.2,0.1,0.4,0.1,0.1,0.1,0.5,0.0,65535.0,0.12460517280842298,0.0,65535.0,0.07855344472419318,0.0,0.0,0.0,0.0,0.0,0.0,0.0,0.0,0.0,0.0
66128.74,0.3350241025422418,0.0,15592.0,37.0,0.23549999999904664,32.0,32.5,36.93000000000001,0.0,0.0,0.0,0.0,0.0,20.0,0.3,0.1,0.2,0.1,0.4,0.1,0.1,0.1,0.5,0.0,65535.0,0.12504768444342718,0.0,65535.0,0.07884336614023041,0.0,0.0,0.0,0.0,0.0,0.0,0.0,0.0,0.0,0.0
66188.82,0.3638061832035327,0.0,15592.0,37.0,0.2978999999990484,32.0,32.5,36.79000000000002,0.0,0.0,0.0,0.0,0.0,20.0,0.3,0.1,0.2,0.1,0.4,0.1,0.1,0.1,0.5,0.0,65535.0,0.12483405813687343,0.0,65535.0,0.07866025787747005,0.0,0.0,0.0,0.0,0.0,0.0,0.0,0.0,0.0,0.0
66248.89,0.38021905886664714,0.0,15592.0,37.0,0.28059999999905166,31.9375,32.4375,36.870000000000005,0.0,0.0,0.0,0.0,0.0,20.0,0.3,0.1,0.2,0.1,0.4,0.1,0.1,0.1,0.5,0.0,65535.0,0.12484931715877012,0.0,65535.0,0.07869077592126345,0.0,0.0,0.0,0.0,0.0,0.0,0.0,0.0,0.0,0.0
66308.93,0.3535186129623345,0.0,15592.0,37.0,0.2311999999990389,32.0,32.4375,36.79000000000002,0.0,0.0,0.0,0.0,0.0,20.0,0.3,0.1,0.2,0.1,0.4,0.1,0.1,0.1,0.5,0.0,65535.0,0.12501716639963378,0.0,65535.0,0.07893492027161059,0.0,0.0,0.0,0.0,0.0,0.0,0.0,0.0,0.0,0.0
66368.98,0.3331066054427673,0.0,15592.0,37.0,0.29449999999903986,32.0,32.4375,37.01000000000005,0.0,0.0,0.0,0.0,0.0,20.0,0.3,0.1,0.2,0.1,0.4,0.1,0.1,0.1,0.5,0.0,65535.0,0.12523079270618753,0.0,65535.0,0.07861448081177996,0.0,0.0,0.0,0.0,0.0,0.0,0.0,0.0,0.0,0.0
66429.02,0.34726338475262575,0.0,15592.0,37.0,0.2853999999990482,32.0,32.5,36.97000000000003,0.0,0.0,0.0,0.0,0.0,20.0,0.3,0.1,0.2,0.1,0.4,0.1,0.1,0.1,0.5,0.0,65535.0,0.12518501564049744,0.0,65535.0,0.07873655298695353,0.0,0.0,0.0,0.0,0.0,0.0,0.0,0.0,0.0,0.0
66489.06,0.3854867375015884,0.0,15592.0,37.0,0.2532999999990464,32.0,32.5,37.01000000000005,0.0,0.0,0.0,0.0,0.0,20.0,0.3,0.1,0.2,0.1,0.4,0.1,0.1,0.1,0.5,0.0,65535.0,0.12487983520256352,0.0,65535.0,0.0788586251621271,0.0,0.0,0.0,0.0,0.0,0.0,0.0,0.0,0.0,0.0
66549.11,0.37782671079492414,0.0,15592.0,37.0,0.25059999999904536,32.0625,32.5,36.950000000000045,0.0,0.0,0.0,0.0,0.0,20.0,0.3,0.1,0.2,0.1,0.4,0.1,0.1,0.1,0.5,0.0,65535.0,0.12487983520256352,0.0,65535.0,0.07872129396505684,0.0,0.0,0.0,0.0,0.0,0.0,0.0,0.0,0.0,0.0
66609.15,0.35957702761291765,0.0,15592.0,37.0,0.20729999999903787,32.0,32.5,37.01000000000005,0.0,0.0,0.0,0.0,0.0,20.0,0.3,0.1,0.2,0.1,0.4,0.1,0.1,0.1,0.5,0.0,65535.0,0.12506294346532387,0.0,65535.0,0.07884336614023041,0.0,0.0,0.0,0.0,0.0,0.0,0.0,0.0,0.0,0.0
66669.2,0.3569273365546158,0.0,15592.0,37.0,0.28379999999904015,32.0,32.4375,36.870000000000005,0.0,0.0,0.0,0.0,0.0,20.0,0.3,0.1,0.2,0.1,0.4,0.1,0.1,0.1,0.5,0.0,65535.0,0.12520027466239414,0.0,65535.0,0.07882810711833371,0.0,0.0,0.0,0.0,0.0,0.0,0.0,0.0,0.0,0.0
66729.24,0.3435448999898604,0.0,15592.0,37.0,0.22849999999903195,32.0,32.5,36.85000000000002,0.0,0.0,0.0,0.0,0.0,20.0,0.3,0.1,0.2,0.1,0.4,0.1,0.1,0.1,0.5,0.0,65535.0,0.12523079270618753,0.0,65535.0,0.07893492027161059,0.0,0.0,0.0,0.0,0.0,0.0,0.0,0.0,0.0,0.0
66789.28,0.3540174351122053,0.0,15592.0,37.0,0.25759999999903216,31.9375,32.4375,36.870000000000005,0.0,0.0,0.0,0.0,0.0,20.0,0.3,0.1,0.2,0.1,0.4,0.1,0.1,0.1,0.5,0.0,65535.0,0.12544441901274128,0.0,65535.0,0.07879758907454032,0.0,0.0,0.0,0.0,0.0,0.0,0.0,0.0,0.0,0.0
66849.33,0.3375280139219442,0.0,15592.0,37.0,0.300899999999038,32.0,32.4375,37.01000000000005,0.0,0.0,0.0,0.0,0.0,20.0,0.3,0.1,0.2,0.1,0.4,0.1,0.1,0.1,0.5,0.0,65535.0,0.12530708781567101,0.0,65535.0,0.0788738841840238,0.0,0.0,0.0,0.0,0.0,0.0,0.0,0.0,0.0,0.0
66909.4,0.3305120292399908,0.0,15592.0,37.0,0.24999999999903993,32.0,32.5,36.85000000000002,0.0,0.0,0.0,0.0,0.0,20.0,0.3,0.1,0.2,0.1,0.4,0.1,0.1,0.1,0.5,0.0,65535.0,0.12545967803463798,0.0,65535.0,0.07869077592126345,0.0,0.0,0.0,0.0,0.0,0.0,0.0,0.0,0.0,0.0
66969.47,0.32126096550827976,0.0,15592.0,37.0,0.24409999999902937,32.0,32.5,37.13000000000005,0.0,0.0,0.0,0.0,0.0,20.0,0.3,0.1,0.2,0.1,0.4,0.1,0.1,0.1,0.5,0.0,65535.0,0.12518501564049744,0.0,65535.0,0.07861448081177996,0.0,0.0,0.0,0.0,0.0,0.0,0.0,0.0,0.0,0.0
67029.55,0.3136145749732371,0.0,15592.0,37.0,0.2219999999990327,32.0,32.5,37.03000000000003,0.0,0.0,0.0,0.0,0.0,20.0,0.3,0.1,0.2,0.1,0.4,0.1,0.1,0.1,0.5,0.0,65535.0,0.12509346150911727,0.0,65535.0,0.07873655298695353,0.0,0.0,0.0,0.0,0.0,0.0,0.0,0.0,0.0,0.0
67089.58,0.30907333379534896,0.0,15592.0,37.0,0.23579999999903264,31.9375,32.4375,36.97000000000003,0.0,0.0,0.0,0.0,0.0,20.0,0.3,0.1,0.2,0.1,0.4,0.1,0.1,0.1,0.5,0.0,65535.0,0.12530708781567101,0.0,65535.0,0.0789044022278172,0.0,0.0,0.0,0.0,0.0,0.0,0.0,0.0,0.0,0.0
67149.62,0.3148833067621013,0.0,15592.0,37.0,0.21779999999903138,32.0,32.5,37.03000000000003,0.0,0.0,0.0,0.0,0.0,20.0,0.3,0.1,0.2,0.1,0.4,0.1,0.1,0.1,0.5,0.0,65535.0,0.12558175020981155,0.0,65535.0,0.07853818570229648,0.0,0.0,0.0,0.0,0.0,0.0,0.0,0.0,0.0,0.0
67209.66,0.3114607701322747,0.0,15592.0,37.0,0.2433999999990365,32.0,32.5,36.93000000000001,0.0,0.0,0.0,0.0,0.0,20.0,0.3,0.1,0.2,0.1,0.4,0.1,0.1,0.1,0.5,0.0,65535.0,0.12567330434119173,0.0,65535.0,0.0788891432059205,0.0,0.0,0.0,0.0,0.0,0.0,0.0,0.0,0.0,0.0
67269.72,0.3553464219101771,0.0,15592.0,37.0,0.26729999999903153,31.9375,32.5,36.85000000000002,0.0,0.0,0.0,0.0,0.0,20.0,0.3,0.1,0.2,0.1,0.4,0.1,0.1,0.1,0.5,0.0,65535.0,0.12558175020981155,0.0,65535.0,0.07899595635919737,0.0,0.0,0.0,0.0,0.0,0.0,0.0,0.0,0.0,0.0
67329.76,0.37321189761630025,0.0,15592.0,37.0,0.2914999999990263,32.0,32.5,36.77000000000004,0.0,0.0,0.0,0.0,0.0,20.0,0.3,0.1,0.2,0.1,0.4,0.1,0.1,0.1,0.5,0.0,65535.0,0.12556649118791485,0.0,65535.0,0.0788586251621271,0.0,0.0,0.0,0.0,0.0,0.0,0.0,0.0,0.0,0.0
67389.81,0.3810230538023546,0.0,15592.0,37.0,0.25179999999903396,32.0,32.5,36.93000000000001,0.0,0.0,0.0,0.0,0.0,20.0,0.3,0.1,0.2,0.1,0.4,0.1,0.1,0.1,0.5,0.0,65535.0,0.12559700923170825,0.0,65535.0,0.07908751049057755,0.0,0.0,0.0,0.0,0.0,0.0,0.0,0.0,0.0,0.0
67449.85,0.3758245512166088,0.0,15592.0,37.0,0.2458999999990234,32.0625,32.5,36.950000000000045,0.0,0.0,0.0,0.0,0.0,20.0,0.3,0.1,0.2,0.1,0.4,0.1,0.1,0.1,0.5,0.0,65535.0,0.1258411535820554,0.0,65535.0,0.07867551689936675,0.0,0.0,0.0,0.0,0.0,0.0,0.0,0.0,0.0,0.0
67509.9,0.383726804531623,0.0,15592.0,37.0,0.2914999999990237,32.0625,32.4375,36.77000000000004,0.0,0.0,0.0,0.0,0.0,20.0,0.3,0.1,0.2,0.1,0.4,0.1,0.1,0.1,0.5,0.0,65535.0,0.12549019607843137,0.0,65535.0,0.07873655298695353,0.0,0.0,0.0,0.0,0.0,0.0,0.0,0.0,0.0,0.0
67569.94,0.38494613941164557,0.0,15592.0,37.0,0.22879999999902048,32.0625,32.5,37.01000000000005,0.0,0.0,0.0,0.0,0.0,20.0,0.3,0.1,0.2,0.1,0.4,0.1,0.1,0.1,0.5,0.0,65535.0,0.12564278629739833,0.0,65535.0,0.0788738841840238,0.0,0.0,0.0,0.0,0.0,0.0,0.0,0.0,0.0,0.0
67629.98,0.39251568278979376,0.0,15592.0,37.0,0.21549999999902916,32.0625,32.5,37.05000000000001,0.0,0.0,0.0,0.0,0.0,20.0,0.3,0.1,0.2,0.1,0.4,0.1,0.1,0.1,0.5,0.0,65535.0,0.12596322575722896,0.0,65535.0,0.07917906462195773,0.0,0.0,0.0,0.0,0.0,0.0,0.0,0.0,0.0,0.0
67690.03,0.39207224605636254,0.0,15592.0,37.0,0.23989999999901945,32.0,32.4375,36.950000000000045,0.0,0.0,0.0,0.0,0.0,20.0,0.3,0.1,0.2,0.1,0.4,0.1,0.1,0.1,0.5,0.0,65535.0,0.12591744869153887,0.0,65535.0,0.07869077592126345,0.0,0.0,0.0,0.0,0.0,0.0,0.0,0.0,0.0,0.0
67750.11,0.3900287557545311,0.0,15592.0,37.0,0.25489999999901913,32.0,32.4375,36.89000000000004,0.0,0.0,0.0,0.0,0.0,20.0,0.3,0.1,0.2,0.1,0.4,0.1,0.1,0.1,0.5,0.0,65535.0,0.1257648584725719,0.0,65535.0,0.07867551689936675,0.0,0.0,0.0,0.0,0.0,0.0,0.0,0.0,0.0,0.0
67810.18,0.3882198660584154,0.0,15592.0,37.0,0.2637999999990287,31.9375,32.5,36.870000000000005,0.0,0.0,0.0,0.0,0.0,20.0,0.3,0.1,0.2,0.1,0.4,0.1,0.1,0.1,0.5,0.0,65535.0,0.1253223468375677,0.0,65535.0,0.07882810711833371,0.0,0.0,0.0,0.0,0.0,0.0,0.0,0.0,0.0,0.0
67870.23,0.3842009041672884,0.0,15592.0,37.0,0.2660999999990232,32.0625,32.5,36.85000000000002,0.0,0.0,0.0,0.0,0.0,20.0,0.3,0.1,0.2,0.1,0.4,0.1,0.1,0.1,0.5,0.0,65535.0,0.12596322575722896,0.0,65535.0,0.07922484168764782,0.0,0.0,0.0,0.0,0.0,0.0,0.0,0.0,0.0,0.0
67930.31,0.38901572445600124,0.0,15592.0,37.0,0.23639999999902092,32.0,32.5,36.97000000000003,0.0,0.0,0.0,0.0,0.0,20.0,0.3,0.1,0.2,0.1,0.4,0.1,0.1,0.1,0.5,0.0,65535.0,0.12600900282291905,0.0,65535.0,0.07908751049057755,0.0,0.0,0.0,0.0,0.0,0.0,0.0,0.0,0.0,0.0
67990.38,0.38128405779752417,0.0,15592.0,37.0,0.3267999999990132,31.9375,32.4375,36.63000000000005,0.0,0.0,0.0,0.0,0.0,20.0,0.3,0.1,0.2,0.1,0.4,0.1,0.1,0.1,0.5,0.0,65535.0,0.12585641260395208,0.0,65535.0,0.0788891432059205,0.0,0.0,0.0,0.0,0.0,0.0,0.0,0.0,0.0,0.0
68050.46,0.38461997410399007,0.0,15592.0,37.0,0.23969999999901878,32.0,32.5,36.97000000000003,0.0,0.0,0.0,0.0,0.0,20.0,0.3,0.1,0.2,0.1,0.4,0.1,0.1,0.1,0.5,0.0,65535.0,0.12565804531929503,0.0,65535.0,0.07884336614023041,0.0,0.0,0.0,0.0,0.0,0.0,0.0,0.0,0.0,0.0
68110.51,0.38209437085269937,0.0,15592.0,37.0,0.2699999999990188,32.0,32.5,36.85000000000002,0.0,0.0,0.0,0.0,0.0,20.0,0.3,0.1,0.2,0.1,0.4,0.1,0.1,0.1,0.5,0.0,65535.0,0.1257648584725719,0.0,65535.0,0.07873655298695353,0.0,0.0,0.0,0.0,0.0,0.0,0.0,0.0,0.0,0.0
68170.56,0.37876011149291444,0.0,15592.0,37.0,0.21669999999902123,32.0625,32.5,37.05000000000001,0.0,0.0,0.0,0.0,0.0,20.0,0.3,0.1,0.2,0.1,0.4,0.1,0.1,0.1,0.5,0.0,65535.0,0.12547493705653467,0.0,65535.0,0.07881284809643702,0.0,0.0,0.0,0.0,0.0,0.0,0.0,0.0,0.0,0.0
68230.63,0.38056759704435117,0.0,15592.0,37.0,0.22579999999901126,32.0625,32.5,37.01000000000005,0.0,0.0,0.0,0.0,0.0,20.0,0.3,0.1,0.2,0.1,0.4,0.1,0.1,0.1,0.5,0.0,65535.0,0.1257801174944686,0.0,65535.0,0.07884336614023041,0.0,0.0,0.0,0.0,0.0,0.0,0.0,0.0,0.0,0.0
68290.7,0.3626272114006837,0.0,15592.0,37.0,0.2548999999990115,31.9375,32.5625,36.89000000000004,0.0,0.0,0.0,0.0,0.0,20.0,0.3,0.1,0.2,0.1,0.4,0.1,0.1,0.1,0.5,0.0,65535.0,0.12587167162584878,0.0,65535.0,0.07919432364385443,0.0,0.0,0.0,0.0,0.0,0.0,0.0,0.0,0.0,0.0
68350.76,0.37006159080709833,0.0,15592.0,37.0,0.26459999999901607,32.0,32.5,36.85000000000002,0.0,0.0,0.0,0.0,0.0,20.0,0.3,0.1,0.2,0.1,0.4,0.1,0.1,0.1,0.5,0.0,65535.0,0.1258411535820554,0.0,65535.0,0.07881284809643702,0.0,0.0,0.0,0.0,0.0,0.0,0.0,0.0,0.0,0.0
68410.8,0.3775460815209327,0.0,15592.0,37.0,0.27609999999902063,32.0,32.5625,36.81,0.0,0.0,0.0,0.0,0.0,20.0,0.3,0.1,0.2,0.1,0.4,0.1,0.1,0.1,0.5,0.0,65535.0,0.12608529793240253,0.0,65535.0,0.07896543831540398,0.0,0.0,0.0,0.0,0.0,0.0,0.0,0.0,0.0,0.0
68470.84,0.3811797908464781,0.0,15592.0,37.0,0.2548999999990089,32.0,32.5,36.89000000000004,0.0,0.0,0.0,0.0,0.0,20.0,0.3,0.1,0.2,0.1,0.4,0.1,0.1,0.1,0.5,0.0,65535.0,0.126161593041886,0.0,65535.0,0.07924010070954451,0.0,0.0,0.0,0.0,0.0,0.0,0.0,0.0,0.0,0.0
68530.89,0.3859179458672798,0.0,15592.0,37.0,0.2466999999990172,32.0,32.5,36.93000000000001,0.0,0.0,0.0,0.0,0.0,20.0,0.3,0.1,0.2,0.1,0.4,0.1,0.1,0.1,0.5,0.0,65535.0,0.12600900282291905,0.0,65535.0,0.07891966124971389,0.0,0.0,0.0,0.0,0.0,0.0,0.0,0.0,0.0,0.0
68590.93,0.38960805663951614,0.0,15592.0,37.0,0.22459999999900548,32.0,32.5,37.01000000000005,0.0,0.0,0.0,0.0,0.0,20.0,0.3,0.1,0.2,0.1,0.4,0.1,0.1,0.1,0.5,0.0,65535.0,0.12628366521705958,0.0,65535.0,0.07905699244678416,0.0,0.0,0.0,0.0,0.0,0.0,0.0,0.0,0.0,0.0
68650.96,0.38557714553388966,0.0,15592.0,37.0,0.24519999999901515,31.9375,32.4375,36.93000000000001,0.0,0.0,0.0,0.0,0.0,20.0,0.3,0.1,0.2,0.1,0.4,0.1,0.1,0.1,0.5,0.0,65535.0,0.12629892423895628,0.0,65535.0,0.07898069733730068,0.0,0.0,0.0,0.0,0.0,0.0,0.0,0.0,0.0,0.0
68711.03,0.3857731437360098,0.0,15592.0,37.0,0.24609999999901433,32.0,32.5,36.93000000000001,0.0,0.0,0.0,0.0,0.0,20.0,0.3,0.1,0.2,0.1,0.4,0.1,0.1,0.1,0.5,0.0,65535.0,0.12610055695429923,0.0,65535.0,0.0793011367971313,0.0,0.0,0.0,0.0,0.0,0.0,0.0,0.0,0.0,0.0
68771.08,0.38543736785968774,0.0,15592.0,37.0,0.2398999999990032,32.0,32.5,36.950000000000045,0.0,0.0,0.0,0.0,0.0,20.0,0.3,0.1,0.2,0.1,0.4,0.1,0.1,0.1,0.5,0.0,65535.0,0.12614633401998931,0.0,65535.0,0.07905699244678416,0.0,0.0,0.0,0.0,0.0,0.0,0.0,0.0,0.0,0.0
68831.16,0.3799528382172542,0.0,15592.0,37.0,0.2772999999990135,32.0,32.5625,36.81,0.0,0.0,0.0,0.0,0.0,20.0,0.3,0.1,0.2,0.1,0.4,0.1,0.1,0.1,0.5,0.0,65535.0,0.12655832761120012,0.0,65535.0,0.0788891432059205,0.0,0.0,0.0,0.0,0.0,0.0,0.0,0.0,0.0,0.0
68891.23,0.3815650148059408,0.0,15592.0,37.0,0.2781999999990127,32.0,32.5,36.81,0.0,0.0,0.0,0.0,0.0,20.0,0.3,0.1,0.2,0.1,0.4,0.1,0.1,0.1,0.5,0.0,65535.0,0.1262531471732662,0.0,65535.0,0.07922484168764782,0.0,0.0,0.0,0.0,0.0,0.0,0.0,0.0,0.0,0.0
68951.3,0.37840654813208174,0.0,15592.0,37.0,0.2902999999990025,32.0,32.5625,36.77000000000004,0.0,0.0,0.0,0.0,0.0,20.0,0.3,0.1,0.2,0.1,0.4,0.1,0.1,0.1,0.5,0.0,65535.0,0.12643625543602655,0.0,65535.0,0.07917906462195773,0.0,0.0,0.0,0.0,0.0,0.0,0.0,0.0,0.0,0.0
69011.34,0.3819246657621618,0.0,15592.0,37.0,0.28709999999900626,32.0625,32.5,36.79000000000002,0.0,0.0,0.0,0.0,0.0,20.0,0.3,0.1,0.2,0.1,0.4,0.1,0.1,0.1,0.5,0.0,65535.0,0.12631418326085297,0.0,65535.0,0.07875181200885023,0.0,0.0,0.0,0.0,0.0,0.0,0.0,0.0,0.0,0.0
69071.38,0.38664931265005276,0.0,15592.0,37.0,0.24739999999899887,32.0625,32.5625,36.950000000000045,0.0,0.0,0.0,0.0,0.0,20.0,0.3,0.1,0.2,0.1,0.4,0.1,0.1,0.1,0.5,0.0,65535.0,0.12652780956740672,0.0,65535.0,0.07919432364385443,0.0,0.0,0.0,0.0,0.0,0.0,0.0,0.0,0.0,0.0
69131.41,0.4139598362314881,0.0,15592.0,37.0,0.2187999999990064,32.0625,32.5,37.05000000000001,0.0,0.0,0.0,0.0,0.0,20.0,0.3,0.1,0.2,0.1,0.4,0.1,0.1,0.1,0.5,0.0,65535.0,0.12648203250171663,0.0,65535.0,0.07899595635919737,0.0,0.0,0.0,0.0,0.0,0.0,0.0,0.0,0.0,0.0
69191.46,0.4167076238776451,0.0,15592.0,37.0,0.19669999999899468,32.0625,32.5,37.13000000000005,0.0,0.0,0.0,0.0,0.0,20.0,0.3,0.1,0.2,0.1,0.4,0.1,0.1,0.1,0.5,0.0,65535.0,0.12632944228274967,0.0,65535.0,0.07902647440299077,0.0,0.0,0.0,0.0,0.0,0.0,0.0,0.0,0.0,0.0
69251.52,0.4172211139129959,0.0,15592.0,37.0,0.22079999999899946,32.0,32.5625,37.03000000000003,0.0,0.0,0.0,0.0,0.0,20.0,0.3,0.1,0.2,0.1,0.4,0.1,0.1,0.1,0.5,0.0,65535.0,0.1262378881513695,0.0,65535.0,0.07881284809643702,0.0,0.0,0.0,0.0,0.0,0.0,0.0,0.0,0.0,0.0
69311.59,0.43179068402675713,0.0,15592.0,37.0,0.22489999999899404,32.0625,32.5,37.01000000000005,0.0,0.0,0.0,0.0,0.0,20.0,0.3,0.1,0.2,0.1,0.4,0.1,0.1,0.1,0.5,0.0,65535.0,0.126665140764477,0.0,65535.0,0.0792858777752346,0.0,0.0,0.0,0.0,0.0,0.0,0.0,0.0,0.0,0.0
69371.66,0.4127576177382277,0.0,15592.0,37.0,0.23579999999899834,32.0625,32.5,36.97000000000003,0.0,0.0,0.0,0.0,0.0,20.0,0.3,0.1,0.2,0.1,0.4,0.1,0.1,0.1,0.5,0.0,65535.0,0.1262226291294728,0.0,65535.0,0.07940794995040817,0.0,0.0,0.0,0.0,0.0,0.0,0.0,0.0,0.0,0.0
69431.73,0.41580476320961224,0.0,15592.0,37.0,0.19339999999899085,32.0,32.5625,37.13000000000005,0.0,0.0,0.0,0.0,0.0,20.0,0.3,0.1,0.2,0.1,0.4,0.1,0.1,0.1,0.5,0.0,65535.0,0.12675669489585717,0.0,65535.0,0.07904173342488746,0.0,0.0,0.0,0.0,0.0,0.0,0.0,0.0,0.0,0.0
69491.81,0.42569957972510786,0.0,15592.0,37.0,0.233699999998996,32.0,32.5,36.97000000000003,0.0,0.0,0.0,0.0,0.0,20.0,0.3,0.1,0.2,0.1,0.4,0.1,0.1,0.1,0.5,0.0,65535.0,0.1265888456549935,0.0,65535.0,0.07916380560006103,0.0,0.0,0.0,0.0,0.0,0.0,0.0,0.0,0.0,0.0
69551.86,0.4767173623573503,0.0,15592.0,37.0,0.23399999999899487,32.0,32.5625,36.97000000000003,0.0,0.0,0.0,0.0,0.0,20.0,0.3,0.1,0.2,0.1,0.4,0.1,0.1,0.1,0.5,0.0,65535.0,0.12669565880827038,0.0,65535.0,0.07905699244678416,0.0,0.0,0.0,0.0,0.0,0.0,0.0,0.0,0.0,0.0
69611.9,0.4596522224081862,0.0,15592.0,37.0,0.2560999999989898,32.0,32.5625,36.89000000000004,0.0,0.0,0.0,0.0,0.0,20.0,0.3,0.1,0.2,0.1,0.4,0.1,0.1,0.1,0.5,0.0,65535.0,0.126665140764477,0.0,65535.0,0.0792858777752346,0.0,0.0,0.0,0.0,0.0,0.0,0.0,0.0,0.0,0.0
69671.97,0.42659184965855673,0.0,15592.0,37.0,0.25639999999898866,32.0625,32.5,36.89000000000004,0.0,0.0,0.0,0.0,0.0,20.0,0.3,0.1,0.2,0.1,0.4,0.1,0.1,0.1,0.5,0.0,65535.0,0.1266803997863737,0.0,65535.0,0.0789044022278172,0.0,0.0,0.0,0.0,0.0,0.0,0.0,0.0,0.0,0.0
69732.05,0.44330610569801954,0.0,15592.0,37.0,0.23729999999899185,32.0,32.5625,36.97000000000003,0.0,0.0,0.0,0.0,0.0,20.0,0.3,0.1,0.2,0.1,0.4,0.1,0.1,0.1,0.5,0.0,65535.0,0.12654306858930342,0.0,65535.0,0.07904173342488746,0.0,0.0,0.0,0.0,0.0,0.0,0.0,0.0,0.0,0.0
69792.12,0.46161700892935315,0.0,15592.0,37.0,0.22519999999898524,32.0,32.5625,37.01000000000005,0.0,0.0,0.0,0.0,0.0,20.0,0.3,0.1,0.2,0.1,0.4,0.1,0.1,0.1,0.5,0.0,65535.0,0.12686350804913404,0.0,65535.0,0.07893492027161059,0.0,0.0,0.0,0.0,0.0,0.0,0.0,0.0,0.0,0.0
69852.16,0.4538243537269986,0.0,15592.0,37.0,0.22609999999898442,32.0625,32.5,37.01000000000005,0.0,0.0,0.0,0.0,0.0,20.0,0.3,0.1,0.2,0.1,0.4,0.1,0.1,0.1,0.5,0.0,65535.0,0.12686350804913404,0.0,65535.0,0.0793011367971313,0.0,0.0,0.0,0.0,0.0,0.0,0.0,0.0,0.0,0.0
69912.24,0.4575458075423347,0.0,15592.0,37.0,0.19369999999898205,32.0625,32.5625,37.13000000000005,0.0,0.0,0.0,0.0,0.0,20.0,0.3,0.1,0.2,0.1,0.4,0.1,0.1,0.1,0.5,0.0,65535.0,0.12686350804913404,0.0,65535.0,0.07922484168764782,0.0,0.0,0.0,0.0,0.0,0.0,0.0,0.0,0.0,0.0
69972.31,0.5038894290367644,0.0,15592.0,37.0,0.17054999999898549,32.0625,32.5,36.950000000000045,0.0,0.0,0.0,0.0,0.0,20.0,0.3,0.1,0.2,0.1,0.4,0.1,0.1,0.1,0.5,0.0,65535.0,0.12686350804913404,0.0,65535.0,0.07925535973144121,0.0,0.0,0.0,0.0,0.0,0.0,0.0,0.0,0.0,0.0
70032.36,0.505851805532211,0.0,15592.0,37.0,0.23254999999898165,32.0,32.5625,36.85000000000002,0.0,0.0,0.0,0.0,0.0,20.0,0.3,0.1,0.2,0.1,0.4,0.1,0.1,0.1,0.5,0.0,65535.0,0.12689402609292744,0.0,65535.0,0.07908751049057755,0.0,0.0,0.0,0.0,0.0,0.0,0.0,0.0,0.0,0.0
70092.42,0.480883059866927,0.0,15592.0,37.0,0.20634999999898956,32.0,32.5625,36.650000000000034,0.0,0.0,0.0,0.0,0.0,20.0,0.3,0.1,0.2,0.1,0.4,0.1,0.1,0.1,0.5,0.0,65535.0,0.12690928511482413,0.0,65535.0,0.07939269092851148,0.0,0.0,0.0,0.0,0.0,0.0,0.0,0.0,0.0,0.0
70152.46,0.4735377310801363,0.0,15592.0,37.0,0.20724999999898874,32.0,32.5,36.79000000000002,0.0,0.0,0.0,0.0,0.0,20.0,0.3,0.1,0.2,0.1,0.4,0.1,0.1,0.1,0.5,0.0,65535.0,0.12692454413672083,0.0,65535.0,0.07939269092851148,0.0,0.0,0.0,0.0,0.0,0.0,0.0,0.0,0.0,0.0
70212.51,0.4465374103510454,0.0,15592.0,37.0,0.23114999999898378,31.9375,32.5625,36.93000000000001,0.0,0.0,0.0,0.0,0.0,20.0,0.3,0.1,0.2,0.1,0.4,0.1,0.1,0.1,0.5,0.0,65535.0,0.12712291142137788,0.0,65535.0,0.07925535973144121,0.0,0.0,0.0,0.0,0.0,0.0,0.0,0.0,0.0,0.0
70272.55,0.4462925467799882,0.0,15592.0,37.0,0.2462499999989885,32.0,32.5625,36.93000000000001,0.0,0.0,0.0,0.0,0.0,20.0,0.3,0.1,0.2,0.1,0.4,0.1,0.1,0.1,0.5,0.0,65535.0,0.12684824902723735,0.0,65535.0,0.07925535973144121,0.0,0.0,0.0,0.0,0.0,0.0,0.0,0.0,0.0,0.0
70332.6,0.4489373955500961,0.0,15592.0,37.0,0.21504999999898675,32.0,32.5625,36.950000000000045,0.0,0.0,0.0,0.0,0.0,20.0,0.3,0.1,0.2,0.1,0.4,0.1,0.1,0.1,0.5,0.0,65535.0,0.12722972457465476,0.0,65535.0,0.07925535973144121,0.0,0.0,0.0,0.0,0.0,0.0,0.0,0.0,0.0,0.0
70392.64,0.4316098013974819,0.0,15592.0,37.0,0.2350499999989819,31.9375,32.5625,36.79000000000002,0.0,0.0,0.0,0.0,0.0,20.0,0.3,0.1,0.2,0.1,0.4,0.1,0.1,0.1,0.5,0.0,65535.0,0.12721446555275806,0.0,65535.0,0.07975890745403219,0.0,0.0,0.0,0.0,0.0,0.0,0.0,0.0,0.0,0.0
70452.68,0.4364716536439827,0.0,15592.0,37.0,0.22124999999898023,32.0,32.5625,36.77000000000004,0.0,0.0,0.0,0.0,0.0,20.0,0.3,0.1,0.2,0.1,0.4,0.1,0.1,0.1,0.5,0.0,65535.0,0.12713817044327458,0.0,65535.0,0.07917906462195773,0.0,0.0,0.0,0.0,0.0,0.0,0.0,0.0,0.0,0.0
70512.75,0.4334903532224589,0.0,15592.0,37.0,0.2374499999989797,32.0,32.5625,36.93000000000001,0.0,0.0,0.0,0.0,0.0,20.0,0.3,0.1,0.2,0.1,0.4,0.1,0.1,0.1,0.5,0.0,65535.0,0.1270313572899977,0.0,65535.0,0.07951476310368505,0.0,0.0,0.0,0.0,0.0,0.0,0.0,0.0,0.0,0.0
70572.8,0.42855533994244344,0.0,15592.0,37.0,0.1994499999989824,32.0,32.625,36.950000000000045,0.0,0.0,0.0,0.0,0.0,20.0,0.3,0.1,0.2,0.1,0.4,0.1,0.1,0.1,0.5,0.0,65535.0,0.12733653772793163,0.0,65535.0,0.07911802853437094,0.0,0.0,0.0,0.0,0.0,0.0,0.0,0.0,0.0,0.0
70632.86,0.41757610026409125,0.0,15592.0,37.0,0.20294999999897667,32.0625,32.5625,36.950000000000045,0.0,0.0,0.0,0.0,0.0,20.0,0.3,0.1,0.2,0.1,0.4,0.1,0.1,0.1,0.5,0.0,65535.0,0.12773327229724574,0.0,65535.0,0.07949950408178835,0.0,0.0,0.0,0.0,0.0,0.0,0.0,0.0,0.0,0.0
70692.94,0.4019924439507593,0.0,15592.0,37.0,0.23444999999897728,32.0,32.5625,36.77000000000004,0.0,0.0,0.0,0.0,0.0,20.0,0.3,0.1,0.2,0.1,0.4,0.1,0.1,0.1,0.5,0.0,65535.0,0.12695506218051422,0.0,65535.0,0.07936217288471809,0.0,0.0,0.0,0.0,0.0,0.0,0.0,0.0,0.0,0.0
70752.99,0.4449992664899254,0.0,15592.0,37.0,0.22004999999897615,32.0625,32.625,36.81,0.0,0.0,0.0,0.0,0.0,20.0,0.3,0.1,0.2,0.1,0.4,0.1,0.1,0.1,0.5,0.0,65535.0,0.12712291142137788,0.0,65535.0,0.07965209430075532,0.0,0.0,0.0,0.0,0.0,0.0,0.0,0.0,0.0,0.0
70813.06,0.4296916195863447,0.0,15592.0,37.0,0.22534999999897048,32.0625,32.5625,37.09000000000003,0.0,0.0,0.0,0.0,0.0,20.0,0.3,0.1,0.2,0.1,0.4,0.1,0.1,0.1,0.5,0.0,65535.0,0.12724498359655145,0.0,65535.0,0.07949950408178835,0.0,0.0,0.0,0.0,0.0,0.0,0.0,0.0,0.0,0.0
70873.12,0.4428914292392962,0.0,15592.0,37.0,0.1826499999989775,32.0625,32.625,36.81,0.0,0.0,0.0,0.0,0.0,20.0,0.3,0.1,0.2,0.1,0.4,0.1,0.1,0.1,0.5,0.0,65535.0,0.12713817044327458,0.0,65535.0,0.07948424505989166,0.0,0.0,0.0,0.0,0.0,0.0,0.0,0.0,0.0,0.0
70933.17,0.4126569296497929,0.0,15592.0,37.0,0.21234999999897805,32.0,32.5625,36.85000000000002,0.0,0.0,0.0,0.0,0.0,20.0,0.3,0.1,0.2,0.1,0.4,0.1,0.1,0.1,0.5,0.0,65535.0,0.1270923933775845,0.0,65535.0,0.07957579919127183,0.0,0.0,0.0,0.0,0.0,0.0,0.0,0.0,0.0,0.0
70993.2,0.4408517787802977,0.0,15592.0,37.0,0.23354999999897297,32.0,32.5625,36.89000000000004,0.0,0.0,0.0,0.0,0.0,20.0,0.3,0.1,0.2,0.1,0.4,0.1,0.1,0.1,0.5,0.0,65535.0,0.12771801327534904,0.0,65535.0,0.07966735332265201,0.0,0.0,0.0,0.0,0.0,0.0,0.0,0.0,0.0,0.0
71053.28,0.45522909173427867,0.0,15592.0,37.0,0.23234999999897235,32.0,32.5625,36.89000000000004,0.0,0.0,0.0,0.0,0.0,20.0,0.3,0.1,0.2,0.1,0.4,0.1,0.1,0.1,0.5,0.0,65535.0,0.12729076066224154,0.0,65535.0,0.07940794995040817,0.0,0.0,0.0,0.0,0.0,0.0,0.0,0.0,0.0,0.0
71113.35,0.4467854533285325,0.0,15592.0,37.0,0.22384999999896588,31.9375,32.5625,36.870000000000005,0.0,0.0,0.0,0.0,0.0,20.0,0.3,0.1,0.2,0.1,0.4,0.1,0.1,0.1,0.5,0.0,65535.0,0.12724498359655145,0.0,65535.0,0.07936217288471809,0.0,0.0,0.0,0.0,0.0,0.0,0.0,0.0,0.0,0.0
71173.42,0.43844672546885555,0.0,15592.0,37.0,0.2562499999989657,32.0,32.5625,36.77000000000004,0.0,0.0,0.0,0.0,0.0,20.0,0.3,0.1,0.2,0.1,0.4,0.1,0.1,0.1,0.5,0.0,65535.0,0.12753490501258868,0.0,65535.0,0.07959105821316853,0.0,0.0,0.0,0.0,0.0,0.0,0.0,0.0,0.0,0.0
71233.46,0.43864581161286575,0.0,15592.0,37.0,0.22654999999896341,32.0,32.5625,36.81,0.0,0.0,0.0,0.0,0.0,20.0,0.3,0.1,0.2,0.1,0.4,0.1,0.1,0.1,0.5,0.0,65535.0,0.12729076066224154,0.0,65535.0,0.07942320897230487,0.0,0.0,0.0,0.0,0.0,0.0,0.0,0.0,0.0,0.0
71293.53,0.4541866579088732,0.0,15592.0,37.0,0.16324999999895987,32.0,32.5625,36.85000000000002,0.0,0.0,0.0,0.0,0.0,20.0,0.3,0.1,0.2,0.1,0.4,0.1,0.1,0.1,0.5,0.0,65535.0,0.12755016403448538,0.0,65535.0,0.07968261234454871,0.0,0.0,0.0,0.0,0.0,0.0,0.0,0.0,0.0,0.0
71353.61,0.4613281450588462,0.0,15592.0,37.0,0.20234999999896522,32.0625,32.5,36.710000000000036,0.0,0.0,0.0,0.0,0.0,20.0,0.3,0.1,0.2,0.1,0.4,0.1,0.1,0.1,0.5,0.0,65535.0,0.12767223620965895,0.0,65535.0,0.07997253376058594,0.0,0.0,0.0,0.0,0.0,0.0,0.0,0.0,0.0,0.0
71413.68,0.46604344660516117,0.0,15592.0,37.0,0.21144999999896946,32.0,32.5625,36.73000000000002,0.0,0.0,0.0,0.0,0.0,20.0,0.3,0.1,0.2,0.1,0.4,0.1,0.1,0.1,0.5,0.0,65535.0,0.12764171816586556,0.0,65535.0,0.0797436484321355,0.0,0.0,0.0,0.0,0.0,0.0,0.0,0.0,0.0,0.0
71473.72,0.46090996910568915,0.0,15592.0,37.0,0.23764999999895983,32.0,32.5,36.650000000000034,0.0,0.0,0.0,0.0,0.0,20.0,0.3,0.1,0.2,0.1,0.4,0.1,0.1,0.1,0.5,0.0,65535.0,0.12768749523155565,0.0,65535.0,0.07960631723506523,0.0,0.0,0.0,0.0,0.0,0.0,0.0,0.0,0.0,0.0
71533.75,0.4636816826345667,0.0,15592.0,37.0,0.24594999999896905,32.0,32.5625,36.89000000000004,0.0,0.0,0.0,0.0,0.0,20.0,0.3,0.1,0.2,0.1,0.4,0.1,0.1,0.1,0.5,0.0,65535.0,0.12777904936293583,0.0,65535.0,0.07946898603799496,0.0,0.0,0.0,0.0,0.0,0.0,0.0,0.0,0.0,0.0
71593.81,0.48123393386771374,0.0,15592.0,37.0,0.26654999999896456,32.0,32.5625,36.93000000000001,0.0,0.0,0.0,0.0,0.0,20.0,0.3,0.1,0.2,0.1,0.4,0.1,0.1,0.1,0.5,0.0,65535.0,0.12755016403448538,0.0,65535.0,0.07977416647592889,0.0,0.0,0.0,0.0,0.0,0.0,0.0,0.0,0.0,0.0
71653.89,0.4768501885088133,0.0,15592.0,37.0,0.22684999999895716,32.0625,32.5625,36.81,0.0,0.0,0.0,0.0,0.0,20.0,0.3,0.1,0.2,0.1,0.4,0.1,0.1,0.1,0.5,0.0,65535.0,0.12758068207827877,0.0,65535.0,0.07965209430075532,0.0,0.0,0.0,0.0,0.0,0.0,0.0,0.0,0.0,0.0
71713.96,0.5248861421192745,0.0,15592.0,37.0,0.2147499999989656,32.0,32.5,36.93000000000001,0.0,0.0,0.0,0.0,0.0,20.0,0.3,0.1,0.2,0.1,0.4,0.1,0.1,0.1,0.5,0.0,65535.0,0.12780956740672922,0.0,65535.0,0.07977416647592889,0.0,0.0,0.0,0.0,0.0,0.0,0.0,0.0,0.0,0.0
71774.02,0.5188322573175206,0.0,15592.0,37.0,0.2229499999989556,32.0625,32.5625,36.950000000000045,0.0,0.0,0.0,0.0,0.0,20.0,0.3,0.1,0.2,0.1,0.4,0.1,0.1,0.1,0.5,0.0,65535.0,0.1278858625162127,0.0,65535.0,0.07963683527885862,0.0,0.0,0.0,0.0,0.0,0.0,0.0,0.0,0.0,0.0
71834.1,0.5222300408341393,0.0,15592.0,37.0,0.19914999999896388,32.0625,32.625,36.85000000000002,0.0,0.0,0.0,0.0,0.0,20.0,0.3,0.1,0.2,0.1,0.4,0.1,0.1,0.1,0.5,0.0,65535.0,0.12780956740672922,0.0,65535.0,0.07953002212558175,0.0,0.0,0.0,0.0,0.0,0.0,0.0,0.0,0.0,0.0
71894.15,0.527294433012977,0.0,15592.0,37.0,0.18204999999896265,32.0625,32.5,36.89000000000004,0.0,0.0,0.0,0.0,0.0,20.0,0.3,0.1,0.2,0.1,0.4,0.1,0.1,0.1,0.5,0.0,65535.0,0.12813000686655984,0.0,65535.0,0.07940794995040817,0.0,0.0,0.0,0.0,0.0,0.0,0.0,0.0,0.0,0.0
71954.24,0.5125687161496886,0.0,15592.0,37.0,0.23474999999895907,32.0,32.5625,36.950000000000045,0.0,0.0,0.0,0.0,0.0,20.0,0.3,0.1,0.2,0.1,0.4,0.1,0.1,0.1,0.5,0.0,65535.0,0.1278858625162127,0.0,65535.0,0.07963683527885862,0.0,0.0,0.0,0.0,0.0,0.0,0.0,0.0,0.0,0.0
72014.28,0.49066992913217344,0.0,15592.0,37.0,0.18174999999896121,32.0,32.5625,36.610000000000014,0.0,0.0,0.0,0.0,0.0,20.0,0.3,0.1,0.2,0.1,0.4,0.1,0.1,0.1,0.5,0.0,65535.0,0.12782482642862592,0.0,65535.0,0.07988097962920576,0.0,0.0,0.0,0.0,0.0,0.0,0.0,0.0,0.0,0.0
72074.35,0.5068623341312979,0.0,15592.0,37.0,0.2738499999989644,32.0,32.5625,36.81,0.0,0.0,0.0,0.0,0.0,20.0,0.3,0.1,0.2,0.1,0.4,0.1,0.1,0.1,0.5,0.0,65535.0,0.12796215762569618,0.0,65535.0,0.07986572060730907,0.0,0.0,0.0,0.0,0.0,0.0,0.0,0.0,0.0,0.0
72134.42,0.46207585312647165,0.0,15592.0,37.0,0.23294999999895727,32.0625,32.5625,36.81,0.0,0.0043,0.25,0.0,0.0,20.0,0.3,0.1,0.2,0.1,0.4,0.1,0.1,0.1,0.5,0.0,65535.0,0.12767223620965895,0.0,65535.0,0.07963683527885862,0.0,0.0,0.0,0.0,0.0,0.0,0.0,0.0,0.0,0.0
72194.5,0.43740791031781145,0.0,15592.0,37.0,0.3954999999989518,31.9375,32.5,36.39000000000004,0.0,0.0,0.0,0.0,0.0,20.0,0.3,0.1,0.2,0.1,0.4,0.1,0.1,0.1,0.5,0.0,65535.0,0.1253223468375677,0.0,65535.0,0.0780498970016022,0.0,0.0,0.0,0.0,0.0,0.0,0.0,0.0,0.0,0.0
72254.54,0.4288063745479837,0.0,15592.0,37.0,0.3039499999989524,32.0,32.5625,36.81,0.0,0.0,0.0,0.0,0.0,20.0,0.3,0.1,0.2,0.1,0.4,0.1,0.1,0.1,0.5,0.0,65535.0,0.12486457618066682,0.0,65535.0,0.07772945754177157,0.0,0.0,0.0,0.0,0.0,0.0,0.0,0.0,0.0,0.0
72314.59,0.4118716633096594,0.0,15592.0,37.0,0.2548499999989544,32.0625,32.5,37.01000000000005,0.0,0.0,0.0,0.0,0.0,20.0,0.3,0.1,0.2,0.1,0.4,0.1,0.1,0.1,0.5,0.0,65535.0,0.12442206454566263,0.0,65535.0,0.07765316243228809,0.0,0.0,0.0,0.0,0.0,0.0,0.0,0.0,0.0,0.0
72374.64,0.44808538676109105,0.0,15592.0,37.0,0.21684999999895713,32.125,32.5625,37.170000000000016,0.0,0.0,0.0,0.0,0.0,20.0,0.3,0.1,0.2,0.1,0.4,0.1,0.1,0.1,0.5,0.0,65535.0,0.12481879911497673,0.0,65535.0,0.07751583123521782,0.0,0.0,0.0,0.0,0.0,0.0,0.0,0.0,0.0,0.0
72434.69,0.45478268845787134,0.0,15592.0,37.0,0.24124999999894745,32.125,32.5625,37.05000000000001,0.0,0.0,0.0,0.0,0.0,20.0,0.3,0.1,0.2,0.1,0.4,0.1,0.1,0.1,0.5,0.0,65535.0,0.12503242542153048,0.0,65535.0,0.07751583123521782,0.0,0.0,0.0,0.0,0.0,0.0,0.0,0.0,0.0,0.0
72494.77,0.4409090217836177,0.0,15592.0,37.0,0.2167499999989504,32.0625,32.5625,37.01000000000005,0.0,0.0,0.0,0.0,0.0,20.0,0.3,0.1,0.2,0.1,0.4,0.1,0.1,0.1,0.5,0.0,65535.0,0.12489509422446021,0.0,65535.0,0.0775921263447013,0.0,0.0,0.0,0.0,0.0,0.0,0.0,0.0,0.0,0.0
72554.85,0.44646666003529345,0.0,15592.0,37.0,0.2028499999989437,32.125,32.5625,36.93000000000001,0.0,0.0,0.0,0.0,0.0,20.0,0.3,0.1,0.2,0.1,0.4,0.1,0.1,0.1,0.5,0.0,65535.0,0.1250019073777371,0.0,65535.0,0.07765316243228809,0.0,0.0,0.0,0.0,0.0,0.0,0.0,0.0,0.0,0.0
72614.92,0.4604254481386678,0.0,15592.0,37.0,0.20074999999894222,32.125,32.5625,37.03000000000003,0.0,0.0,0.0,0.0,0.0,20.0,0.3,0.1,0.2,0.1,0.4,0.1,0.1,0.1,0.5,0.0,65535.0,0.1249256122682536,0.0,65535.0,0.07783627069504845,0.0,0.0,0.0,0.0,0.0,0.0,0.0,0.0,0.0,0.0
72675.0,0.4474067085227109,0.0,15592.0,37.0,0.2640499999989432,32.0625,32.5625,36.870000000000005,0.0,0.0,0.0,0.0,0.0,20.0,0.3,0.1,0.2,0.1,0.4,0.1,0.1,0.1,0.5,0.0,65535.0,0.12512397955291066,0.0,65535.0,0.07795834287022202,0.0,0.0,0.0,0.0,0.0,0.0,0.0,0.0,0.0,0.0
72735.07,0.5443737618496153,0.0,15592.0,37.0,0.24904999999894176,32.125,32.5625,36.950000000000045,0.0,0.0,0.0,0.0,0.0,20.0,0.3,0.1,0.2,0.1,0.4,0.1,0.1,0.1,0.5,0.0,65535.0,0.1250019073777371,0.0,65535.0,0.07785152971694514,0.0,0.0,0.0,0.0,0.0,0.0,0.0,0.0,0.0,0.0
72795.11,0.5582007860375975,0.0,15592.0,37.0,0.1698499999989376,32.125,32.625,36.870000000000005,0.0,0.0,0.0,0.0,0.0,20.0,0.3,0.1,0.2,0.1,0.4,0.1,0.1,0.1,0.5,0.0,65535.0,0.12515449759670405,0.0,65535.0,0.07765316243228809,0.0,0.0,0.0,0.0,0.0,0.0,0.0,0.0,0.0,0.0
72855.16,0.5598142249784966,0.0,15592.0,37.0,0.21654999999894856,32.0625,32.5625,37.09000000000003,0.0,0.0,0.0,0.0,0.0,20.0,0.3,0.1,0.2,0.1,0.4,0.1,0.1,0.1,0.5,0.0,65535.0,0.12483405813687343,0.0,65535.0,0.07783627069504845,0.0,0.0,0.0,0.0,0.0,0.0,0.0,0.0,0.0,0.0
72915.22,0.5128507969075993,0.0,15592.0,37.0,0.2468499999989494,32.0625,32.625,36.710000000000036,0.0,0.0,0.0,0.0,0.0,20.0,0.3,0.1,0.2,0.1,0.4,0.1,0.1,0.1,0.5,0.0,65535.0,0.12515449759670405,0.0,65535.0,0.07777523460746166,0.0,0.0,0.0,0.0,0.0,0.0,0.0,0.0,0.0,0.0
72975.28,0.5149188241840477,0.0,15592.0,37.0,0.17704999999893586,32.0625,32.625,36.93000000000001,0.0,0.0,0.0,0.0,0.0,20.0,0.3,0.1,0.2,0.1,0.4,0.1,0.1,0.1,0.5,0.0,65535.0,0.12524605172808423,0.0,65535.0,0.07775997558556497,0.0,0.0,0.0,0.0,0.0,0.0,0.0,0.0,0.0,0.0
73035.33,0.5088664850482946,0.0,15592.0,37.0,0.23614999999893724,32.0625,32.5625,36.89000000000004,0.0,0.0,0.0,0.0,0.0,20.0,0.3,0.1,0.2,0.1,0.4,0.1,0.1,0.1,0.5,0.0,65535.0,0.1253528648813611,0.0,65535.0,0.07783627069504845,0.0,0.0,0.0,0.0,0.0,0.0,0.0,0.0,0.0,0.0
73095.4,0.5294051552589736,0.0,15592.0,37.0,0.24444999999894645,32.0,32.625,36.79000000000002,0.0,0.0,0.0,0.0,0.0,20.0,0.3,0.1,0.2,0.1,0.4,0.1,0.1,0.1,0.5,0.0,65535.0,0.12547493705653467,0.0,65535.0,0.07768368047608148,0.0,0.0,0.0,0.0,0.0,0.0,0.0,0.0,0.0,0.0
73155.46,0.5188063831212089,0.0,15592.0,37.0,0.23534999999894052,32.0625,32.5625,36.79000000000002,0.0,0.0,0.0,0.0,0.0,20.0,0.3,0.1,0.2,0.1,0.4,0.1,0.1,0.1,0.5,0.0,65535.0,0.12524605172808423,0.0,65535.0,0.07792782482642863,0.0,0.0,0.0,0.0,0.0,0.0,0.0,0.0,0.0,0.0
73215.53,0.5621413523533227,0.0,15592.0,37.0,0.24094999999893457,32.0625,32.5625,36.81,0.0,0.0,0.0,0.0,0.0,20.0,0.3,0.1,0.2,0.1,0.4,0.1,0.1,0.1,0.5,0.0,65535.0,0.1253223468375677,0.0,65535.0,0.07785152971694514,0.0,0.0,0.0,0.0,0.0,0.0,0.0,0.0,0.0,0.0
73275.61,0.5486709683835419,0.0,15592.0,37.0,0.23264999999893785,32.125,32.625,36.79000000000002,0.0,0.0,0.0,0.0,0.0,20.0,0.3,0.1,0.2,0.1,0.4,0.1,0.1,0.1,0.5,0.0,65535.0,0.12542915999084459,0.0,65535.0,0.0780193789578088,0.0,0.0,0.0,0.0,0.0,0.0,0.0,0.0,0.0,0.0
73335.68,0.5450309875718211,0.0,15592.0,37.0,0.21914999999893675,32.0625,32.5625,36.93000000000001,0.0,0.0,0.0,0.0,0.0,20.0,0.3,0.1,0.2,0.1,0.4,0.1,0.1,0.1,0.5,0.0,65535.0,0.12542915999084459,0.0,65535.0,0.0775921263447013,0.0,0.0,0.0,0.0,0.0,0.0,0.0,0.0,0.0,0.0
73395.77,0.5626593071999573,0.0,15592.0,37.0,0.23974999999893137,32.0625,32.625,36.870000000000005,0.0,0.0,0.0,0.0,0.0,20.0,0.3,0.1,0.2,0.1,0.4,0.1,0.1,0.1,0.5,0.0,65535.0,0.12556649118791485,0.0,65535.0,0.07797360189211872,0.0,0.0,0.0,0.0,0.0,0.0,0.0,0.0,0.0,0.0
73455.84,0.5648469907997042,0.0,15592.0,37.0,0.19884999999893843,32.0625,32.5625,36.97000000000003,0.0,0.0,0.0,0.0,0.0,20.0,0.3,0.1,0.2,0.1,0.4,0.1,0.1,0.1,0.5,0.0,65535.0,0.12526131074998093,0.0,65535.0,0.07777523460746166,0.0,0.0,0.0,0.0,0.0,0.0,0.0,0.0,0.0,0.0
73515.92,0.5718028845081067,0.0,15592.0,37.0,0.26004999999894046,32.0625,32.625,37.03000000000003,0.0,0.0,0.0,0.0,0.0,20.0,0.3,0.1,0.2,0.1,0.4,0.1,0.1,0.1,0.5,0.0,65535.0,0.1254139009689479,0.0,65535.0,0.0780498970016022,0.0,0.0,0.0,0.0,0.0,0.0,0.0,0.0,0.0,0.0
73575.97,0.5546801418059824,0.0,15592.0,37.0,0.23414999999893388,32.0625,32.5625,36.93000000000001,0.0,0.0,0.0,0.0,0.0,20.0,0.3,0.1,0.2,0.1,0.4,0.1,0.1,0.1,0.5,0.0,65535.0,0.12562752727550164,0.0,65535.0,0.07771419851987488,0.0,0.0,0.0,0.0,0.0,0.0,0.0,0.0,0.0,0.0
73636.01,0.559413893789708,0.0,15592.0,37.0,0.20384999999893214,32.0625,32.625,36.85000000000002,0.0,0.0,0.0,0.0,0.0,20.0,0.3,0.1,0.2,0.1,0.4,0.1,0.1,0.1,0.5,0.0,65535.0,0.12555123216601816,0.0,65535.0,0.07789730678263523,0.0,0.0,0.0,0.0,0.0,0.0,0.0,0.0,0.0,0.0
73696.05,0.5728935254038364,0.0,15592.0,37.0,0.19874999999893078,32.0625,32.625,36.81,0.0,0.0,0.0,0.0,0.0,20.0,0.3,0.1,0.2,0.1,0.4,0.1,0.1,0.1,0.5,0.0,65535.0,0.12549019607843137,0.0,65535.0,0.0780193789578088,0.0,0.0,0.0,0.0,0.0,0.0,0.0,0.0,0.0,0.0
73756.12,0.5670647350552148,0.0,15592.0,37.0,0.2755499999989328,32.0625,32.625,36.93000000000001,0.0,0.0,0.0,0.0,0.0,20.0,0.3,0.1,0.2,0.1,0.4,0.1,0.1,0.1,0.5,0.0,65535.0,0.1257648584725719,0.0,65535.0,0.07795834287022202,0.0,0.0,0.0,0.0,0.0,0.0,0.0,0.0,0.0,0.0
73816.16,0.5435034356203959,0.0,15592.0,37.0,0.22204999999892464,32.0625,32.625,36.85000000000002,0.0,0.0,0.0,0.0,0.0,20.0,0.3,0.1,0.2,0.1,0.4,0.1,0.1,0.1,0.5,0.0,65535.0,0.1254139009689479,0.0,65535.0,0.07823300526436255,0.0,0.0,0.0,0.0,0.0,0.0,0.0,0.0,0.0,0.0
73876.21,0.5477145221564597,0.0,15592.0,37.0,0.2388499999989244,32.0625,32.625,36.85000000000002,0.0,0.0,0.0,0.0,0.0,20.0,0.3,0.1,0.2,0.1,0.4,0.1,0.1,0.1,0.5,0.0,65535.0,0.12564278629739833,0.0,65535.0,0.0780498970016022,0.0,0.0,0.0,0.0,0.0,0.0,0.0,0.0,0.0,0.0
73936.25,0.5505912300282434,0.0,15592.0,37.0,0.224749999998923,32.0625,32.625,36.77000000000004,0.0,0.0,0.0,0.0,0.0,20.0,0.3,0.1,0.2,0.1,0.4,0.1,0.1,0.1,0.5,0.0,65535.0,0.12544441901274128,0.0,65535.0,0.0780498970016022,0.0,0.0,0.0,0.0,0.0,0.0,0.0,0.0,0.0,0.0
73996.32,0.5433852935551656,0.0,15592.0,37.0,0.2362499999989276,32.0625,32.625,36.79000000000002,0.0,0.0,0.0,0.0,0.0,20.0,0.3,0.1,0.2,0.1,0.4,0.1,0.1,0.1,0.5,0.0,65535.0,0.12565804531929503,0.0,65535.0,0.0780651560234989,0.0,0.0,0.0,0.0,0.0,0.0,0.0,0.0,0.0,0.0
74056.39,0.5586168221065049,0.0,15592.0,37.0,0.19264999999892035,32.0625,32.5625,36.690000000000055,0.0,0.0,0.0,0.0,0.0,20.0,0.3,0.1,0.2,0.1,0.4,0.1,0.1,0.1,0.5,0.0,65535.0,0.1254139009689479,0.0,65535.0,0.07820248722056916,0.0,0.0,0.0,0.0,0.0,0.0,0.0,0.0,0.0,0.0
74116.46,0.5755874296096329,0.0,15592.0,37.0,0.2818499999989279,32.0625,32.625,36.85000000000002,0.0,0.0,0.0,0.0,0.0,20.0,0.3,0.1,0.2,0.1,0.4,0.1,0.1,0.1,0.5,0.0,65535.0,0.12587167162584878,0.0,65535.0,0.07785152971694514,0.0,0.0,0.0,0.0,0.0,0.0,0.0,0.0,0.0,0.0
74176.54,0.5765921263965093,0.0,15592.0,37.0,0.19764999999892913,32.0625,32.5625,36.81,0.0,0.0,0.0,0.0,0.0,20.0,0.3,0.1,0.2,0.1,0.4,0.1,0.1,0.1,0.5,0.0,65535.0,0.1258411535820554,0.0,65535.0,0.0780498970016022,0.0,0.0,0.0,0.0,0.0,0.0,0.0,0.0,0.0,0.0
74236.61,0.5690688374472401,0.0,15592.0,37.0,0.20114999999892338,32.0625,32.625,36.85000000000002,0.0,0.0,0.0,0.0,0.0,20.0,0.3,0.1,0.2,0.1,0.4,0.1,0.1,0.1,0.5,0.0,65535.0,0.12597848477912565,0.0,65535.0,0.07832455939574273,0.0,0.0,0.0,0.0,0.0,0.0,0.0,0.0,0.0,0.0
74296.69,0.5785591298571882,0.0,15592.0,37.0,0.19934999999892244,32.0625,32.625,36.79000000000002,0.0,0.0,0.0,0.0,0.0,20.0,0.3,0.1,0.2,0.1,0.4,0.1,0.1,0.1,0.5,0.0,65535.0,0.12585641260395208,0.0,65535.0,0.07794308384832532,0.0,0.0,0.0,0.0,0.0,0.0,0.0,0.0,0.0,0.0
74356.74,0.56045707692842,0.0,15592.0,37.0,0.2561499999989285,32.0625,32.5625,36.79000000000002,0.0,0.0,0.0,0.0,0.0,20.0,0.3,0.1,0.2,0.1,0.4,0.1,0.1,0.1,0.5,0.0,65535.0,0.1257801174944686,0.0,65535.0,0.07809567406729229,0.0,0.0,0.0,0.0,0.0,0.0,0.0,0.0,0.0,0.0
74416.81,0.5722238682106732,0.0,15592.0,37.0,0.2544499999989175,32.0625,32.625,36.77000000000004,0.0,0.0,0.0,0.0,0.0,20.0,0.3,0.1,0.2,0.1,0.4,0.1,0.1,0.1,0.5,0.0,65535.0,0.12602426184481574,0.0,65535.0,0.07826352330815595,0.0,0.0,0.0,0.0,0.0,0.0,0.0,0.0,0.0,0.0
74476.88,0.5596042938582977,0.0,15592.0,37.0,0.2262499999989156,32.0625,32.625,36.97000000000003,0.0,0.0,0.0,0.0,0.0,20.0,0.3,0.1,0.2,0.1,0.4,0.1,0.1,0.1,0.5,0.0,65535.0,0.12550545510032807,0.0,65535.0,0.07817196917677577,0.0,0.0,0.0,0.0,0.0,0.0,0.0,0.0,0.0,0.0
74536.94,0.5597997698751658,0.0,15592.0,37.0,0.1729499999989172,32.0625,32.625,36.85000000000002,0.0,0.0,0.0,0.0,0.0,20.0,0.3,0.1,0.2,0.1,0.4,0.1,0.1,0.1,0.5,0.0,65535.0,0.12552071412222476,0.0,65535.0,0.0780651560234989,0.0,0.0,0.0,0.0,0.0,0.0,0.0,0.0,0.0,0.0
74597.02,0.561674883768545,0.0,15592.0,37.0,0.20234999999891715,32.0625,32.625,36.79000000000002,0.0,0.0,0.0,0.0,0.0,20.0,0.3,0.1,0.2,0.1,0.4,0.1,0.1,0.1,0.5,0.0,65535.0,0.12603952086671244,0.0,65535.0,0.07798886091401541,0.0,0.0,0.0,0.0,0.0,0.0,0.0,0.0,0.0,0.0
74657.06,0.561542910876364,0.0,15592.0,37.0,0.19024999999891054,32.0,32.5625,37.01000000000005,0.0,0.0,0.0,0.0,0.0,20.0,0.3,0.1,0.2,0.1,0.4,0.1,0.1,0.1,0.5,0.0,65535.0,0.12610055695429923,0.0,65535.0,0.07818722819867246,0.0,0.0,0.0,0.0,0.0,0.0,0.0,0.0,0.0,0.0
74717.11,0.5759473456186003,0.0,15592.0,37.0,0.21994999999891027,32.0625,32.625,36.55000000000001,0.0,0.0,0.0,0.0,0.0,20.0,0.3,0.1,0.2,0.1,0.4,0.1,0.1,0.1,0.5,0.0,65535.0,0.12600900282291905,0.0,65535.0,0.07820248722056916,0.0,0.0,0.0,0.0,0.0,0.0,0.0,0.0,0.0,0.0
74777.15,0.5704512741017029,0.0,15592.0,37.0,0.23614999999890973,32.0625,32.625,36.950000000000045,0.0,0.0,0.0,0.0,0.0,20.0,0.3,0.1,0.2,0.1,0.4,0.1,0.1,0.1,0.5,0.0,65535.0,0.12629892423895628,0.0,65535.0,0.0780193789578088,0.0,0.0,0.0,0.0,0.0,0.0,0.0,0.0,0.0,0.0
74837.2,0.5637338376558023,0.0,15592.0,37.0,0.1952499999989168,32.0625,32.625,36.77000000000004,0.0,0.0,0.0,0.0,0.0,20.0,0.3,0.1,0.2,0.1,0.4,0.1,0.1,0.1,0.5,0.0,65535.0,0.12634470130464637,0.0,65535.0,0.07838559548332952,0.0,0.0,0.0,0.0,0.0,0.0,0.0,0.0,0.0,0.0
74897.23,0.5619402739437356,0.0,15592.0,37.0,0.25384999999890867,32.0625,32.5625,36.93000000000001,0.0,0.0,0.0,0.0,0.0,20.0,0.3,0.1,0.2,0.1,0.4,0.1,0.1,0.1,0.5,0.0,65535.0,0.12645151445792324,0.0,65535.0,0.07809567406729229,0.0,0.0,0.0,0.0,0.0,0.0,0.0,0.0,0.0,0.0
74957.31,0.5690146783683435,0.0,15592.0,37.0,0.25944999999891777,32.0625,32.625,36.89000000000004,0.0,0.0,0.0,0.0,0.0,20.0,0.3,0.1,0.2,0.1,0.4,0.1,0.1,0.1,0.5,0.0,65535.0,0.12611581597619592,0.0,65535.0,0.07815671015487907,0.0,0.0,0.0,0.0,0.0,0.0,0.0,0.0,0.0,0.0
75017.38,0.5570987328492054,0.0,15592.0,37.0,0.28304999999891306,32.0625,32.625,36.81,0.0,0.0,0.0,0.0,0.0,20.0,0.3,0.1,0.2,0.1,0.4,0.1,0.1,0.1,0.5,0.0,65535.0,0.12605477988860914,0.0,65535.0,0.07800411993591211,0.0,0.0,0.0,0.0,0.0,0.0,0.0,0.0,0.0,0.0
75077.41,0.5593079803700438,0.0,15592.0,37.0,0.2089499999989094,32.0625,32.625,36.85000000000002,0.0,0.0,0.0,0.0,0.0,20.0,0.3,0.1,0.2,0.1,0.4,0.1,0.1,0.1,0.5,0.0,65535.0,0.12628366521705958,0.0,65535.0,0.0780193789578088,0.0,0.0,0.0,0.0,0.0,0.0,0.0,0.0,0.0,0.0
75137.49,0.5623936840149909,0.0,15592.0,37.0,0.22804999999890455,32.0625,32.625,36.97000000000003,0.0,0.0,0.0,0.0,0.0,20.0,0.3,0.1,0.2,0.1,0.4,0.1,0.1,0.1,0.5,0.0,65535.0,0.12585641260395208,0.0,65535.0,0.07786678873884184,0.0,0.0,0.0,0.0,0.0,0.0,0.0,0.0,0.0,0.0
75197.54,0.5708801653297148,0.0,15592.0,37.0,0.2041499999989078,32.0625,32.625,36.77000000000004,0.0,0.0,0.0,0.0,0.0,20.0,0.3,0.1,0.2,0.1,0.4,0.1,0.1,0.1,0.5,0.0,65535.0,0.12605477988860914,0.0,65535.0,0.0780346379797055,0.0,0.0,0.0,0.0,0.0,0.0,0.0,0.0,0.0,0.0
75257.61,0.5708224501235811,0.0,15592.0,37.0,0.21824999999890746,32.0625,32.625,36.85000000000002,0.0,0.0,0.0,0.0,0.0,20.0,0.3,0.1,0.2,0.1,0.4,0.1,0.1,0.1,0.5,0.0,65535.0,0.12600900282291905,0.0,65535.0,0.07830930037384604,0.0,0.0,0.0,0.0,0.0,0.0,0.0,0.0,0.0,0.0
75317.65,0.5505271598336111,0.0,15592.0,37.0,0.22504999999890213,32.125,32.625,36.950000000000045,0.0,0.0,0.0,0.0,0.0,20.0,0.3,0.1,0.2,0.1,0.4,0.1,0.1,0.1,0.5,0.0,65535.0,0.12634470130464637,0.0,65535.0,0.07794308384832532,0.0,0.0,0.0,0.0,0.0,0.0,0.0,0.0,0.0,0.0
75377.7,0.5491292902399438,0.0,15592.0,37.0,0.2020499999989054,32.125,32.625,37.01000000000005,0.0,0.0,0.0,0.0,0.0,20.0,0.3,0.1,0.2,0.1,0.4,0.1,0.1,0.1,0.5,0.0,65535.0,0.12642099641412985,0.0,65535.0,0.07792782482642863,0.0,0.0,0.0,0.0,0.0,0.0,0.0,0.0,0.0,0.0
75437.74,0.566168918199452,0.0,15592.0,37.0,0.22264999999890003,32.0625,32.625,36.73000000000002,0.0,0.0,0.0,0.0,0.0,20.0,0.3,0.1,0.2,0.1,0.4,0.1,0.1,0.1,0.5,0.0,65535.0,0.12643625543602655,0.0,65535.0,0.0780346379797055,0.0,0.0,0.0,0.0,0.0,0.0,0.0,0.0,0.0,0.0
75497.78,0.5561551385764274,0.0,15592.0,37.0,0.20114999999890282,32.0625,32.5625,36.710000000000036,0.0,0.0,0.0,0.0,0.0,20.0,0.3,0.1,0.2,0.1,0.4,0.1,0.1,0.1,0.5,0.0,65535.0,0.1266041046768902,0.0,65535.0,0.07818722819867246,0.0,0.0,0.0,0.0,0.0,0.0,0.0,0.0,0.0,0.0
75557.83,0.5529886734694576,0.0,15592.0,37.0,0.2555499999989093,32.0625,32.625,36.63000000000005,0.0,0.0,0.0,0.0,0.0,20.0,0.3,0.1,0.2,0.1,0.4,0.1,0.1,0.1,0.5,0.0,65535.0,0.1266193636987869,0.0,65535.0,0.07829404135194934,0.0,0.0,0.0,0.0,0.0,0.0,0.0,0.0,0.0,0.0
75617.87,0.5039634129349391,0.0,15592.0,37.0,0.23084999999890252,32.0625,32.625,36.73000000000002,0.0,0.0,0.0,0.0,0.0,20.0,0.3,0.1,0.2,0.1,0.4,0.1,0.1,0.1,0.5,0.0,65535.0,0.12646677347981994,0.0,65535.0,0.0780651560234989,0.0,0.0,0.0,0.0,0.0,0.0,0.0,0.0,0.0,0.0
75677.92,0.49805718404404803,0.0,15592.0,37.0,0.2517499999988977,32.0,32.625,36.690000000000055,0.0,0.0,0.0,0.0,0.0,20.0,0.3,0.1,0.2,0.1,0.4,0.1,0.1,0.1,0.5,0.0,65535.0,0.12635996032654306,0.0,65535.0,0.07797360189211872,0.0,0.0,0.0,0.0,0.0,0.0,0.0,0.0,0.0,0.0
75737.99,0.5124797063398764,0.0,15592.0,37.0,0.2594499999989066,32.0625,32.6875,36.650000000000034,0.0,0.0,0.0,0.0,0.0,20.0,0.3,0.1,0.2,0.1,0.4,0.1,0.1,0.1,0.5,0.0,65535.0,0.1266346227206836,0.0,65535.0,0.07817196917677577,0.0,0.0,0.0,0.0,0.0,0.0,0.0,0.0,0.0,0.0
75798.06,0.4731046007590777,0.0,15592.0,37.0,0.23414999999890035,32.0625,32.625,36.73000000000002,0.0,0.0,0.0,0.0,0.0,20.0,0.3,0.1,0.2,0.1,0.4,0.1,0.1,0.1,0.5,0.0,65535.0,0.12652780956740672,0.0,65535.0,0.07800411993591211,0.0,0.0,0.0,0.0,0.0,0.0,0.0,0.0,0.0,0.0
75858.13,0.4551793824938278,0.0,15592.0,37.0,0.15344999999889672,32.125,32.625,36.77000000000004,0.0,0.0,0.0,0.0,0.0,20.0,0.3,0.1,0.2,0.1,0.4,0.1,0.1,0.1,0.5,0.0,65535.0,0.12652780956740672,0.0,65535.0,0.07811093308918898,0.0,0.0,0.0,0.0,0.0,0.0,0.0,0.0,0.0,0.0
75918.2,0.4654079715541923,0.0,15592.0,37.0,0.19754999999889752,32.0625,32.625,36.610000000000014,0.0,0.0,0.0,0.0,0.0,20.0,0.3,0.1,0.2,0.1,0.4,0.1,0.1,0.1,0.5,0.0,65535.0,0.1270771343556878,0.0,65535.0,0.07830930037384604,0.0,0.0,0.0,0.0,0.0,0.0,0.0,0.0,0.0,0.0
75978.24,0.5433734629803704,0.0,15592.0,37.0,0.21604999999889235,32.0,32.5625,36.89000000000004,0.0,0.0,0.0,0.0,0.0,20.0,0.3,0.1,0.2,0.1,0.4,0.1,0.1,0.1,0.5,0.0,65535.0,0.127016098268101,0.0,65535.0,0.07829404135194934,0.0,0.0,0.0,0.0,0.0,0.0,0.0,0.0,0.0,0.0
76038.31,0.5620284364305574,0.0,15592.0,37.0,0.25904999999889755,32.0,32.5625,36.73000000000002,0.0,0.0,0.0,0.0,0.0,20.0,0.3,0.1,0.2,0.1,0.4,0.1,0.1,0.1,0.5,0.0,65535.0,0.12695506218051422,0.0,65535.0,0.07829404135194934,0.0,0.0,0.0,0.0,0.0,0.0,0.0,0.0,0.0,0.0
76098.37,0.5274914077623246,0.0,15592.0,37.0,0.28174999999889283,32.0,32.625,36.73000000000002,0.0,0.0,0.0,0.0,0.0,20.0,0.3,0.1,0.2,0.1,0.4,0.1,0.1,0.1,0.5,0.0,65535.0,0.1266193636987869,0.0,65535.0,0.07815671015487907,0.0,0.0,0.0,0.0,0.0,0.0,0.0,0.0,0.0,0.0
76158.44,0.5175172409869652,0.0,15592.0,37.0,0.27414999999890144,32.0,32.625,36.73000000000002,0.0,0.0,0.0,0.0,0.0,20.0,0.3,0.1,0.2,0.1,0.4,0.1,0.1,0.1,0.5,0.0,65535.0,0.12695506218051422,0.0,65535.0,0.07841611352712291,0.0,0.0,0.0,0.0,0.0,0.0,0.0,0.0,0.0,0.0
76218.51,0.5385517446927455,0.0,15592.0,37.0,0.2247499999988887,32.125,32.6875,36.89000000000004,0.0,0.0,0.0,0.0,0.0,20.0,0.3,0.1,0.2,0.1,0.4,0.1,0.1,0.1,0.5,0.0,65535.0,0.12680247196154726,0.0,65535.0,0.07826352330815595,0.0,0.0,0.0,0.0,0.0,0.0,0.0,0.0,0.0,0.0
76278.57,0.5413356238758161,0.0,15592.0,37.0,0.2892499999988903,32.0625,32.625,36.77000000000004,0.0,0.0,0.0,0.0,0.0,20.0,0.3,0.1,0.2,0.1,0.4,0.1,0.1,0.1,0.5,0.0,65535.0,0.12698558022430761,0.0,65535.0,0.07849240863660639,0.0,0.0,0.0,0.0,0.0,0.0,0.0,0.0,0.0,0.0
76338.64,0.5605581367596829,0.0,15592.0,37.0,0.23924999999889227,32.125,32.6875,37.05000000000001,0.0,0.0,0.0,0.0,0.0,20.0,0.3,0.1,0.2,0.1,0.4,0.1,0.1,0.1,0.5,0.0,65535.0,0.1265888456549935,0.0,65535.0,0.07811093308918898,0.0,0.0,0.0,0.0,0.0,0.0,0.0,0.0,0.0,0.0
76398.71,0.5559589365182435,0.0,15592.0,37.0,0.21834999999889537,32.125,32.625,37.03000000000003,0.0,0.0,0.0,0.0,0.0,20.0,0.3,0.1,0.2,0.1,0.4,0.1,0.1,0.1,0.5,0.0,65535.0,0.12642099641412985,0.0,65535.0,0.07809567406729229,0.0,0.0,0.0,0.0,0.0,0.0,0.0,0.0,0.0,0.0
76458.77,0.5761355386008475,0.0,15592.0,37.0,0.23354999999889064,32.125,32.625,37.03000000000003,0.0,0.0,0.0,0.0,0.0,20.0,0.3,0.1,0.2,0.1,0.4,0.1,0.1,0.1,0.5,0.0,65535.0,0.12675669489585717,0.0,65535.0,0.07812619211108568,0.0,0.0,0.0,0.0,0.0,0.0,0.0,0.0,0.0,0.0
76518.84,0.5677571205552145,0.0,15592.0,37.0,0.19554999999889336,32.125,32.625,36.89000000000004,0.0,0.0,0.0,0.0,0.0,20.0,0.3,0.1,0.2,0.1,0.4,0.1,0.1,0.1,0.5,0.0,65535.0,0.12697032120241092,0.0,65535.0,0.07852292668039978,0.0,0.0,0.0,0.0,0.0,0.0,0.0,0.0,0.0,0.0
76578.88,0.5655553917555918,0.0,15592.0,37.0,0.2529499999988846,32.125,32.625,36.85000000000002,0.0,0.0,0.0,0.0,0.0,20.0,0.3,0.1,0.2,0.1,0.4,0.1,0.1,0.1,0.5,0.0,65535.0,0.12724498359655145,0.0,65535.0,0.0784466315709163,0.0,0.0,0.0,0.0,0.0,0.0,0.0,0.0,0.0,0.0
76638.92,0.5736321657246768,0.0,15592.0,37.0,0.23264999999888802,32.0625,32.625,36.870000000000005,0.0,0.0,0.0,0.0,0.0,20.0,0.3,0.1,0.2,0.1,0.4,0.1,0.1,0.1,0.5,0.0,65535.0,0.1270771343556878,0.0,65535.0,0.07820248722056916,0.0,0.0,0.0,0.0,0.0,0.0,0.0,0.0,0.0,0.0
76698.97,0.5592468942870389,0.0,15592.0,37.0,0.2659499999988887,32.0625,32.625,36.89000000000004,0.0,0.0,0.0,0.0,0.0,20.0,0.3,0.1,0.2,0.1,0.4,0.1,0.1,0.1,0.5,0.0,65535.0,0.12718394750896467,0.0,65535.0,0.07826352330815595,0.0,0.0,0.0,0.0,0.0,0.0,0.0,0.0,0.0,0.0
76759.04,0.5584789391637399,0.0,15592.0,37.0,0.22274999999888623,32.0625,32.6875,36.870000000000005,0.0,0.0,0.0,0.0,0.0,20.0,0.3,0.1,0.2,0.1,0.4,0.1,0.1,0.1,0.5,0.0,65535.0,0.12710765239948119,0.0,65535.0,0.07809567406729229,0.0,0.0,0.0,0.0,0.0,0.0,0.0,0.0,0.0,0.0
76819.11,0.5574555383063589,0.0,15592.0,37.0,0.22454999999888545,32.125,32.625,36.85000000000002,0.0,0.0,0.0,0.0,0.0,20.0,0.3,0.1,0.2,0.1,0.4,0.1,0.1,0.1,0.5,0.0,65535.0,0.1270771343556878,0.0,65535.0,0.07823300526436255,0.0,0.0,0.0,0.0,0.0,0.0,0.0,0.0,0.0,0.0
76879.18,0.5645633346438002,0.0,15592.0,37.0,0.14144999999888144,32.0625,32.625,36.950000000000045,0.0,0.0,0.0,0.0,0.0,20.0,0.3,0.1,0.2,0.1,0.4,0.1,0.1,0.1,0.5,0.0,65535.0,0.12730601968413824,0.0,65535.0,0.07837033646143282,0.0,0.0,0.0,0.0,0.0,0.0,0.0,0.0,0.0,0.0
76939.25,0.5707370216433114,0.0,15592.0,37.0,0.21674999999888314,32.125,32.6875,36.85000000000002,0.0,0.0,0.0,0.0,0.0,20.0,0.3,0.1,0.2,0.1,0.4,0.1,0.1,0.1,0.5,0.0,65535.0,0.12761120012207217,0.0,65535.0,0.07833981841763943,0.0,0.0,0.0,0.0,0.0,0.0,0.0,0.0,0.0,0.0
76999.32,0.5684566995448455,0.0,15592.0,37.0,0.22144999999887718,32.0625,32.6875,36.85000000000002,0.0,0.0,0.0,0.0,0.0,20.0,0.3,0.1,0.2,0.1,0.4,0.1,0.1,0.1,0.5,0.0,65535.0,0.12733653772793163,0.0,65535.0,0.07829404135194934,0.0,0.0,0.0,0.0,0.0,0.0,0.0,0.0,0.0,0.0
77059.38,0.5799387890398693,0.0,15592.0,37.0,0.2523499999988775,32.125,32.6875,36.89000000000004,0.0,0.0,0.0,0.0,0.0,20.0,0.3,0.1,0.2,0.1,0.4,0.1,0.1,0.1,0.5,0.0,65535.0,0.12722972457465476,0.0,65535.0,0.07814145113298238,0.0,0.0,0.0,0.0,0.0,0.0,0.0,0.0,0.0,0.0
77119.42,0.5644397097386898,0.0,15592.0,37.0,0.21644999999888,32.0625,32.6875,36.950000000000045,0.0,0.0,0.0,0.0,0.0,20.0,0.3,0.1,0.2,0.1,0.4,0.1,0.1,0.1,0.5,0.0,65535.0,0.12794689860379949,0.0,65535.0,0.0784313725490196,0.0,0.0,0.0,0.0,0.0,0.0,0.0,0.0,0.0,0.0
77179.5,0.5767790176434942,0.0,15592.0,37.0,0.18994999999887313,32.0625,32.6875,36.81,0.0,0.0,0.0,0.0,0.0,20.0,0.3,0.1,0.2,0.1,0.4,0.1,0.1,0.1,0.5,0.0,65535.0,0.12727550164034485,0.0,65535.0,0.07823300526436255,0.0,0.0,0.0,0.0,0.0,0.0,0.0,0.0,0.0,0.0
77239.57,0.5629983002552472,0.0,15592.0,37.0,0.2768499999988853,32.0625,32.625,36.97000000000003,0.0,0.0,0.0,0.0,0.0,20.0,0.3,0.1,0.2,0.1,0.4,0.1,0.1,0.1,0.5,0.0,65535.0,0.12738231479362172,0.0,65535.0,0.07811093308918898,0.0,0.0,0.0,0.0,0.0,0.0,0.0,0.0,0.0,0.0
77299.65,0.5574606247654322,0.0,15592.0,37.0,0.20064999999888186,32.0625,32.6875,36.950000000000045,0.0,0.0,0.0,0.0,0.0,20.0,0.3,0.1,0.2,0.1,0.4,0.1,0.1,0.1,0.5,0.0,65535.0,0.1278400854505226,0.0,65535.0,0.0780193789578088,0.0,0.0,0.0,0.0,0.0,0.0,0.0,0.0,0.0,0.0
77359.72,0.5569538696191086,0.0,15592.0,37.0,0.16114999999887003,32.125,32.625,36.93000000000001,0.0,0.0,0.0,0.0,0.0,20.0,0.3,0.1,0.2,0.1,0.4,0.1,0.1,0.1,0.5,0.0,65535.0,0.12759594110017547,0.0,65535.0,0.07859922178988327,0.0,0.0,0.0,0.0,0.0,0.0,0.0,0.0,0.0,0.0
77419.78,0.5675444281278752,0.0,15592.0,37.0,0.23854999999887153,32.125,32.6875,36.97000000000003,0.0,0.0,0.0,0.0,0.0,20.0,0.3,0.1,0.2,0.1,0.4,0.1,0.1,0.1,0.5,0.0,65535.0,0.12739757381551842,0.0,65535.0,0.07855344472419318,0.0,0.0,0.0,0.0,0.0,0.0,0.0,0.0,0.0,0.0
77479.85,0.5670189976106585,0.0,15592.0,37.0,0.23384999999887496,32.125,32.6875,36.85000000000002,0.0,0.0,0.0,0.0,0.0,20.0,0.3,0.1,0.2,0.1,0.4,0.1,0.1,0.1,0.5,0.0,65535.0,0.12756542305638208,0.0,65535.0,0.07835507743953612,0.0,0.0,0.0,0.0,0.0,0.0,0.0,0.0,0.0,0.0
77539.89,0.5710125149901573,0.0,15592.0,37.0,0.2158499999988737,32.125,32.625,36.610000000000014,0.0,0.0,0.0,0.0,0.0,20.0,0.3,0.1,0.2,0.1,0.4,0.1,0.1,0.1,0.5,0.0,65535.0,0.12759594110017547,0.0,65535.0,0.07835507743953612,0.0,0.0,0.0,0.0,0.0,0.0,0.0,0.0,0.0,0.0
77599.93,0.5709985389432229,0.0,15592.0,37.0,0.23054999999887368,32.0625,32.625,36.85000000000002,0.0,0.0,0.0,0.0,0.0,20.0,0.3,0.1,0.2,0.1,0.4,0.1,0.1,0.1,0.5,0.0,65535.0,0.12768749523155565,0.0,65535.0,0.07826352330815595,0.0,0.0,0.0,0.0,0.0,0.0,0.0,0.0,0.0,0.0
77659.98,0.533865290634297,0.0,15592.0,37.0,0.2220499999988672,32.125,32.6875,36.79000000000002,0.0,0.0,0.0,0.0,0.0,20.0,0.3,0.1,0.2,0.1,0.4,0.1,0.1,0.1,0.5,0.0,65535.0,0.1278553444724193,0.0,65535.0,0.07849240863660639,0.0,0.0,0.0,0.0,0.0,0.0,0.0,0.0,0.0,0.0
77720.05,0.5394137321754585,0.0,15592.0,37.0,0.22054999999886601,32.125,32.6875,36.79000000000002,0.0,0.0,0.0,0.0,0.0,20.0,0.3,0.1,0.2,0.1,0.4,0.1,0.1,0.1,0.5,0.0,65535.0,0.12767223620965895,0.0,65535.0,0.07862973983367666,0.0,0.0,0.0,0.0,0.0,0.0,0.0,0.0,0.0,0.0
77780.08,0.5399505605992835,0.0,15592.0,37.0,0.23384999999887068,32.125,32.6875,36.870000000000005,0.0,0.0,0.0,0.0,0.0,20.0,0.3,0.1,0.2,0.1,0.4,0.1,0.1,0.1,0.5,0.0,65535.0,0.12768749523155565,0.0,65535.0,0.07862973983367666,0.0,0.0,0.0,0.0,0.0,0.0,0.0,0.0,0.0,0.0
77840.16,0.5387659074530868,0.0,15592.0,37.0,0.2305499999988694,32.125,32.6875,36.85000000000002,0.0,0.0,0.0,0.0,0.0,20.0,0.3,0.1,0.2,0.1,0.4,0.1,0.1,0.1,0.5,0.0,65535.0,0.12755016403448538,0.0,65535.0,0.07833981841763943,0.0,0.0,0.0,0.0,0.0,0.0,0.0,0.0,0.0,0.0
77900.26,0.5314360858486452,0.0,15592.0,37.0,0.23674999999886376,32.0625,32.6875,36.79000000000002,0.0,0.0,0.0,0.0,0.0,20.0,0.3,0.1,0.2,0.1,0.4,0.1,0.1,0.1,0.5,0.0,65535.0,0.1279011215381094,0.0,65535.0,0.07820248722056916,0.0,0.0,0.0,0.0,0.0,0.0,0.0,0.0,0.0,0.0
77960.32,0.5441819493855499,0.0,15592.0,37.0,0.22264999999886237,32.125,32.6875,36.950000000000045,0.0,0.0,0.0,0.0,0.0,20.0,0.3,0.1,0.2,0.1,0.4,0.1,0.1,0.1,0.5,0.0,65535.0,0.12779430838483252,0.0,65535.0,0.07818722819867246,0.0,0.0,0.0,0.0,0.0,0.0,0.0,0.0,0.0,0.0
78020.36,0.5268754650804146,0.0,15592.0,37.0,0.19024999999886,32.125,32.6875,36.81,0.0,0.0,0.0,0.0,0.0,20.0,0.3,0.1,0.2,0.1,0.4,0.1,0.1,0.1,0.5,0.0,65535.0,0.12794689860379949,0.0,65535.0,0.07858396276798657,0.0,0.0,0.0,0.0,0.0,0.0,0.0,0.0,0.0,0.0
78080.41,0.5430786459095447,0.0,15592.0,37.0,0.21994999999885972,32.125,32.6875,36.870000000000005,0.0,0.0,0.0,0.0,0.0,20.0,0.3,0.1,0.2,0.1,0.4,0.1,0.1,0.1,0.5,0.0,65535.0,0.12780956740672922,0.0,65535.0,0.07838559548332952,0.0,0.0,0.0,0.0,0.0,0.0,0.0,0.0,0.0,0.0
78140.45,0.5317253075880186,0.0,15592.0,37.0,0.21614999999886317,32.125,32.6875,36.93000000000001,0.0,0.0,0.0,0.0,0.0,20.0,0.3,0.1,0.2,0.1,0.4,0.1,0.1,0.1,0.5,0.0,65535.0,0.12806897077897306,0.0,65535.0,0.07861448081177996,0.0,0.0,0.0,0.0,0.0,0.0,0.0,0.0,0.0,0.0
78200.49,0.5358202550489721,0.0,15592.0,37.0,0.21264999999886722,32.0625,32.6875,36.81,0.0,0.0,0.0,0.0,0.0,20.0,0.3,0.1,0.2,0.1,0.4,0.1,0.1,0.1,0.5,0.0,65535.0,0.12813000686655984,0.0,65535.0,0.07826352330815595,0.0,0.0,0.0,0.0,0.0,0.0,0.0,0.0,0.0,0.0
78260.56,0.5359042919452827,0.0,15592.0,37.0,0.2541499999988579,32.0625,32.75,36.93000000000001,0.0,0.0,0.0,0.0,0.0,20.0,0.3,0.1,0.2,0.1,0.4,0.1,0.1,0.1,0.5,0.0,65535.0,0.1282825970855268,0.0,65535.0,0.07838559548332952,0.0,0.0,0.0,0.0,0.0,0.0,0.0,0.0,0.0,0.0
78320.64,0.535930264689159,0.0,15592.0,37.0,0.267149999998862,32.0625,32.6875,36.870000000000005,0.0,0.0,0.0,0.0,0.0,20.0,0.3,0.1,0.2,0.1,0.4,0.1,0.1,0.1,0.5,0.0,65535.0,0.12782482642862592,0.0,65535.0,0.07837033646143282,0.0,0.0,0.0,0.0,0.0,0.0,0.0,0.0,0.0,0.0
78380.71,0.5279179002873171,0.0,15592.0,37.0,0.19324999999885303,32.125,32.6875,36.85000000000002,0.0,0.0,0.0,0.0,0.0,20.0,0.3,0.1,0.2,0.1,0.4,0.1,0.1,0.1,0.5,0.0,65535.0,0.12803845273517966,0.0,65535.0,0.07827878233005264,0.0,0.0,0.0,0.0,0.0,0.0,0.0,0.0,0.0,0.0
78440.79,0.5372440731865129,0.0,15592.0,37.0,0.23354999999885817,32.0625,32.6875,36.97000000000003,0.0,0.0,0.0,0.0,0.0,20.0,0.3,0.1,0.2,0.1,0.4,0.1,0.1,0.1,0.5,0.0,65535.0,0.12797741664759288,0.0,65535.0,0.07870603494316014,0.0,0.0,0.0,0.0,0.0,0.0,0.0,0.0,0.0,0.0
78500.82,0.5345551260538823,0.0,15592.0,37.0,0.20204999999885584,32.125,32.625,36.81,0.0,0.0,0.0,0.0,0.0,20.0,0.3,0.1,0.2,0.1,0.4,0.1,0.1,0.1,0.5,0.0,65535.0,0.12837415121690698,0.0,65535.0,0.07856870374608987,0.0,0.0,0.0,0.0,0.0,0.0,0.0,0.0,0.0,0.0
78560.89,0.5341858532097474,0.0,15592.0,37.0,0.2128499999988551,32.0625,32.6875,36.89000000000004,0.0,0.0,0.0,0.0,0.0,20.0,0.3,0.1,0.2,0.1,0.4,0.1,0.1,0.1,0.5,0.0,65535.0,0.12805371175707636,0.0,65535.0,0.07830930037384604,0.0,0.0,0.0,0.0,0.0,0.0,0.0,0.0,0.0,0.0
78620.97,0.5357452011134405,0.0,15592.0,37.0,0.2119499999988542,32.0625,32.6875,36.57000000000005,0.0,0.0,0.0,0.0,0.0,20.0,0.3,0.1,0.2,0.1,0.4,0.1,0.1,0.1,0.5,0.0,65535.0,0.12794689860379949,0.0,65535.0,0.07882810711833371,0.0,0.0,0.0,0.0,0.0,0.0,0.0,0.0,0.0,0.0
78681.04,0.5337982310779777,0.0,15592.0,37.0,0.21194999999885333,32.0625,32.6875,36.870000000000005,0.0,0.0,0.0,0.0,0.0,20.0,0.3,0.1,0.2,0.1,0.4,0.1,0.1,0.1,0.5,0.0,65535.0,0.12822156099794002,0.0,65535.0,0.07867551689936675,0.0,0.0,0.0,0.0,0.0,0.0,0.0,0.0,0.0,0.0
78741.08,0.553321050545869,0.0,15592.0,37.0,0.23344999999884797,32.125,32.6875,36.81,0.0,0.0,0.0,0.0,0.0,20.0,0.3,0.1,0.2,0.1,0.4,0.1,0.1,0.1,0.5,0.0,65535.0,0.12820630197604332,0.0,65535.0,0.07864499885557336,0.0,0.0,0.0,0.0,0.0,0.0,0.0,0.0,0.0,0.0
78801.12,0.5519885383073593,0.0,15592.0,37.0,0.25884999999885755,32.125,32.75,36.73000000000002,0.0,0.0,0.0,0.0,0.0,20.0,0.3,0.1,0.2,0.1,0.4,0.1,0.1,0.1,0.5,0.0,65535.0,0.12811474784466315,0.0,65535.0,0.07850766765850309,0.0,0.0,0.0,0.0,0.0,0.0,0.0,0.0,0.0,0.0
78861.19,0.5578034984528033,0.0,15592.0,37.0,0.2406499999988465,32.125,32.75,36.85000000000002,0.0,0.0,0.0,0.0,0.0,20.0,0.3,0.1,0.2,0.1,0.4,0.1,0.1,0.1,0.5,0.0,65535.0,0.12806897077897306,0.0,65535.0,0.07841611352712291,0.0,0.0,0.0,0.0,0.0,0.0,0.0,0.0,0.0,0.0
78921.23,0.5524248008463926,0.0,15592.0,37.0,0.23414999999884986,32.125,32.75,37.01000000000005,0.0,0.0,0.0,0.0,0.0,20.0,0.3,0.1,0.2,0.1,0.4,0.1,0.1,0.1,0.5,0.0,65535.0,0.12848096437018386,0.0,65535.0,0.07849240863660639,0.0,0.0,0.0,0.0,0.0,0.0,0.0,0.0,0.0,0.0
78981.27,0.5574380394974701,0.0,15592.0,37.0,0.18964999999884258,32.125,32.75,36.89000000000004,0.0,0.0,0.0,0.0,0.0,20.0,0.3,0.1,0.2,0.1,0.4,0.1,0.1,0.1,0.5,0.0,65535.0,0.1283131151293202,0.0,65535.0,0.07840085450522621,0.0,0.0,0.0,0.0,0.0,0.0,0.0,0.0,0.0,0.0
79041.32,0.5583268257033542,0.0,15592.0,37.0,0.2361499999988429,32.0625,32.75,37.01000000000005,0.0,0.0,0.0,0.0,0.0,20.0,0.3,0.1,0.2,0.1,0.4,0.1,0.1,0.1,0.5,0.0,65535.0,0.128725108720531,0.0,65535.0,0.07882810711833371,0.0,0.0,0.0,0.0,0.0,0.0,0.0,0.0,0.0,0.0
79101.39,0.5485591146484388,0.0,15592.0,37.0,0.23354999999884696,32.0625,32.8125,36.97000000000003,0.0,0.0,0.0,0.0,0.0,20.0,0.3,0.1,0.2,0.1,0.4,0.1,0.1,0.1,0.5,0.0,65535.0,0.12848096437018386,0.0,65535.0,0.07849240863660639,0.0,0.0,0.0,0.0,0.0,0.0,0.0,0.0,0.0,0.0
79161.42,0.5679388767954846,0.0,15592.0,37.0,0.19674999999884946,32.0625,32.75,36.81,0.0,0.0,0.0,0.0,0.0,20.0,0.3,0.1,0.2,0.1,0.4,0.1,0.1,0.1,0.5,0.0,65535.0,0.12860303654535743,0.0,65535.0,0.07856870374608987,0.0,0.0,0.0,0.0,0.0,0.0,0.0,0.0,0.0,0.0
79221.47,0.5604735250136885,0.0,15592.0,37.0,0.23084999999884515,32.0625,32.75,36.81,0.0,0.0,0.0,0.0,0.0,20.0,0.3,0.1,0.2,0.1,0.4,0.1,0.1,0.1,0.5,0.0,65535.0,0.12860303654535743,0.0,65535.0,0.07840085450522621,0.0,0.0,0.0,0.0,0.0,0.0,0.0,0.0,0.0,0.0
79281.55,0.5592163538267487,0.0,15592.0,37.0,0.2529499999988401,32.0625,32.75,36.93000000000001,0.0,0.0,0.0,0.0,0.0,20.0,0.3,0.1,0.2,0.1,0.4,0.1,0.1,0.1,0.5,0.0,65535.0,0.12880140383001448,0.0,65535.0,0.07867551689936675,0.0,0.0,0.0,0.0,0.0,0.0,0.0,0.0,0.0,0.0
79341.62,0.5753784659034691,0.0,15592.0,37.0,0.23854999999883814,32.125,32.8125,36.85000000000002,0.0,0.0043,0.25,0.0,0.0,20.0,0.3,0.1,0.2,0.1,0.4,0.1,0.1,0.1,0.5,0.0,65535.0,0.12909132524605174,0.0,65535.0,0.07864499885557336,0.0,0.0,0.0,0.0,0.0,0.0,0.0,0.0,0.0,0.0
79401.7,0.5641196089105596,0.0,15592.0,37.0,0.3931999999988416,32.0625,32.75,36.410000000000025,0.0,0.0,0.0,0.0,0.0,20.0,0.3,0.1,0.2,0.1,0.4,0.1,0.1,0.1,0.5,0.0,65535.0,0.12613107499809262,0.0,65535.0,0.07705806057831693,0.0,0.0,0.0,0.0,0.0,0.0,0.0,0.0,0.0,0.0
79461.76,0.4745780979088848,0.0,15592.0,37.0,0.2748499999988364,32.125,32.75,36.950000000000045,0.0,0.0,0.0,0.0,0.0,20.0,0.3,0.1,0.2,0.1,0.4,0.1,0.1,0.1,0.5,0.0,65535.0,0.12553597314412146,0.0,65535.0,0.07664606698710613,0.0,0.0,0.0,0.0,0.0,0.0,0.0,0.0,0.0,0.0
79521.84,0.49225455755327074,0.0,15592.0,37.0,0.233349999998844,32.1875,32.75,37.03000000000003,0.0,0.0,0.0,0.0,0.0,20.0,0.3,0.1,0.2,0.1,0.4,0.1,0.1,0.1,0.5,0.0,65535.0,0.12570382238498512,0.0,65535.0,0.0767986572060731,0.0,0.0,0.0,0.0,0.0,0.0,0.0,0.0,0.0,0.0
79581.91,0.510570796467109,0.0,15592.0,37.0,0.1941499999988319,32.1875,32.75,36.97000000000003,0.0,0.0,0.0,0.0,0.0,20.0,0.3,0.1,0.2,0.1,0.4,0.1,0.1,0.1,0.5,0.0,65535.0,0.12600900282291905,0.0,65535.0,0.07669184405279622,0.0,0.0,0.0,0.0,0.0,0.0,0.0,0.0,0.0,0.0
79641.98,0.5336743314104104,0.0,15592.0,37.0,0.1937499999988405,32.1875,32.75,37.03000000000003,0.0,0.0,0.0,0.0,0.0,20.0,0.3,0.1,0.2,0.1,0.4,0.1,0.1,0.1,0.5,0.0,65535.0,0.12585641260395208,0.0,65535.0,0.076752880140383,0.0,0.0,0.0,0.0,0.0,0.0,0.0,0.0,0.0,0.0
79702.05,0.5513659121802545,0.0,15592.0,37.0,0.20544999999884064,32.1875,32.75,36.93000000000001,0.0,0.0,0.0,0.0,0.0,20.0,0.3,0.1,0.2,0.1,0.4,0.1,0.1,0.1,0.5,0.0,65535.0,0.12591744869153887,0.0,65535.0,0.07646295872434578,0.0,0.0,0.0,0.0,0.0,0.0,0.0,0.0,0.0,0.0
79762.11,0.5586481537623853,0.0,15592.0,37.0,0.16744999999882829,32.1875,32.75,36.950000000000045,0.0,0.0,0.0,0.0,0.0,20.0,0.3,0.1,0.2,0.1,0.4,0.1,0.1,0.1,0.5,0.0,65535.0,0.12588693064774548,0.0,65535.0,0.07689021133745327,0.0,0.0,0.0,0.0,0.0,0.0,0.0,0.0,0.0,0.0
79822.15,0.5407874631429268,0.0,15592.0,37.0,0.21624999999883904,32.125,32.8125,36.89000000000004,0.0,0.0,0.0,0.0,0.0,20.0,0.3,0.1,0.2,0.1,0.4,0.1,0.1,0.1,0.5,0.0,65535.0,0.1257495994506752,0.0,65535.0,0.07695124742504006,0.0,0.0,0.0,0.0,0.0,0.0,0.0,0.0,0.0,0.0
79882.2,0.5449796833630901,0.0,15592.0,37.0,0.21944999999883355,32.125,32.8125,36.950000000000045,0.0,0.0,0.0,0.0,0.0,20.0,0.3,0.1,0.2,0.1,0.4,0.1,0.1,0.1,0.5,0.0,65535.0,0.126161593041886,0.0,65535.0,0.07711909666590372,0.0,0.0,0.0,0.0,0.0,0.0,0.0,0.0,0.0,0.0
79942.24,0.5595795169066274,0.0,15592.0,37.0,0.1988499999988372,32.125,32.75,37.01000000000005,0.0,0.0,0.0,0.0,0.0,20.0,0.3,0.1,0.2,0.1,0.4,0.1,0.1,0.1,0.5,0.0,65535.0,0.12599374380102235,0.0,65535.0,0.07716487373159381,0.0,0.0,0.0,0.0,0.0,0.0,0.0,0.0,0.0,0.0
80002.33,0.5651749190772146,0.0,15592.0,37.0,0.2747499999988392,32.125,32.8125,36.710000000000036,0.0,0.0,0.0,0.0,0.0,20.0,0.3,0.1,0.2,0.1,0.4,0.1,0.1,0.1,0.5,0.0,65535.0,0.1261921110856794,0.0,65535.0,0.07711909666590372,0.0,0.0,0.0,0.0,0.0,0.0,0.0,0.0,0.0,0.0
80062.37,0.5666634717569072,0.0,15592.0,37.0,0.24804999999883764,32.0,32.75,36.950000000000045,0.0,0.0,0.0,0.0,0.0,20.0,0.3,0.1,0.2,0.1,0.4,0.1,0.1,0.1,0.5,0.0,65535.0,0.1262531471732662,0.0,65535.0,0.07672236209658961,0.0,0.0,0.0,0.0,0.0,0.0,0.0,0.0,0.0,0.0
80122.45,0.5480290046565754,0.0,15592.0,37.0,0.2224499999988308,32.0625,32.8125,36.89000000000004,0.0,0.0,0.0,0.0,0.0,20.0,0.3,0.1,0.2,0.1,0.4,0.1,0.1,0.1,0.5,0.0,65535.0,0.1262378881513695,0.0,65535.0,0.07689021133745327,0.0,0.0,0.0,0.0,0.0,0.0,0.0,0.0,0.0,0.0
80182.52,0.558671313553982,0.0,15592.0,37.0,0.22534999999882477,32.0625,32.8125,36.81,0.0,0.0,0.0,0.0,0.0,20.0,0.3,0.1,0.2,0.1,0.4,0.1,0.1,0.1,0.5,0.0,65535.0,0.12628366521705958,0.0,65535.0,0.0767833981841764,0.0,0.0,0.0,0.0,0.0,0.0,0.0,0.0,0.0,0.0
80242.6,0.5540363709178284,0.0,15592.0,37.0,0.174149999998827,32.0625,32.8125,36.79000000000002,0.0,0.0,0.0,0.0,0.0,20.0,0.3,0.1,0.2,0.1,0.4,0.1,0.1,0.1,0.5,0.0,65535.0,0.12600900282291905,0.0,65535.0,0.07714961470969711,0.0,0.0,0.0,0.0,0.0,0.0,0.0,0.0,0.0,0.0
80302.65,0.5485899973098745,0.0,15592.0,37.0,0.25564999999882393,32.0,32.75,36.710000000000036,0.0,0.0,0.0,0.0,0.0,20.0,0.3,0.1,0.2,0.1,0.4,0.1,0.1,0.1,0.5,0.0,65535.0,0.12603952086671244,0.0,65535.0,0.07701228351262684,0.0,0.0,0.0,0.0,0.0,0.0,0.0,0.0,0.0,0.0
80362.71,0.5458602401479297,0.0,15592.0,37.0,0.22384999999882188,32.0,32.75,36.97000000000003,0.0,0.0,0.0,0.0,0.0,20.0,0.3,0.1,0.2,0.1,0.4,0.1,0.1,0.1,0.5,0.0,65535.0,0.12634470130464637,0.0,65535.0,0.07698176546883345,0.0,0.0,0.0,0.0,0.0,0.0,0.0,0.0,0.0,0.0
80422.79,0.5369827354506534,0.0,15592.0,37.0,0.22354999999882047,32.0,32.75,36.97000000000003,0.0,0.0,0.0,0.0,0.0,20.0,0.3,0.1,0.2,0.1,0.4,0.1,0.1,0.1,0.5,0.0,65535.0,0.12635996032654306,0.0,65535.0,0.07707331960021363,0.0,0.0,0.0,0.0,0.0,0.0,0.0,0.0,0.0,0.0
80482.86,0.5307172107914013,0.0,15592.0,37.0,0.23914999999881964,31.9375,32.75,36.81,0.0,0.0,0.0,0.0,0.0,20.0,0.3,0.1,0.2,0.1,0.4,0.1,0.1,0.1,0.5,0.0,65535.0,0.12608529793240253,0.0,65535.0,0.07695124742504006,0.0,0.0,0.0,0.0,0.0,0.0,0.0,0.0,0.0,0.0
80542.94,0.5352736390073363,0.0,15592.0,37.0,0.23744999999882374,32.0,32.75,36.63000000000005,0.0,0.0,0.0,0.0,0.0,20.0,0.3,0.1,0.2,0.1,0.4,0.1,0.1,0.1,0.5,0.0,65535.0,0.12626840619516289,0.0,65535.0,0.07716487373159381,0.0,0.0,0.0,0.0,0.0,0.0,0.0,0.0,0.0,0.0
80602.99,0.541152126015593,0.0,15592.0,37.0,0.20414999999882133,32.0,32.75,37.01000000000005,0.0,0.0,0.0,0.0,0.0,20.0,0.3,0.1,0.2,0.1,0.4,0.1,0.1,0.1,0.5,0.0,65535.0,0.12635996032654306,0.0,65535.0,0.07713435568780042,0.0,0.0,0.0,0.0,0.0,0.0,0.0,0.0,0.0,0.0
80663.06,0.5417104997412054,0.0,15592.0,37.0,0.225649999998816,31.9375,32.6875,36.79000000000002,0.0,0.0,0.0,0.0,0.0,20.0,0.3,0.1,0.2,0.1,0.4,0.1,0.1,0.1,0.5,0.0,65535.0,0.1265735866330968,0.0,65535.0,0.07689021133745327,0.0,0.0,0.0,0.0,0.0,0.0,0.0,0.0,0.0,0.0
80723.14,0.5567484707216279,0.0,15592.0,37.0,0.17824999999881305,31.9375,32.6875,36.81,0.0,0.0,0.0,0.0,0.0,20.0,0.3,0.1,0.2,0.1,0.4,0.1,0.1,0.1,0.5,0.0,65535.0,0.1261768520637827,0.0,65535.0,0.07702754253452354,0.0,0.0,0.0,0.0,0.0,0.0,0.0,0.0,0.0,0.0
80866.39,0.3988407845991501,0.0,15592.0,37.0,1.0,29.625,32.625,34.31,0.0,0.0,0.0,0.0,0.0,20.0,0.3,0.1,0.2,0.1,0.4,0.1,0.1,0.1,0.5,0.0,65535.0,0.1287861448081178,0.0,65535.0,0.07934691386282139,0.0,0.0,0.0,0.0,0.0,0.0,0.0,0.0,0.0,0.0
80926.47,0.3656968032131536,0.0,15592.0,37.0,0.6212499999988224,30.5,32.6875,35.51000000000005,0.0,0.0,0.0,0.0,0.0,20.0,0.3,0.1,0.2,0.1,0.4,0.1,0.1,0.1,0.5,0.0,65535.0,0.12724498359655145,0.0,65535.0,0.07789730678263523,0.0,0.0,0.0,0.0,0.0,0.0,0.0,0.0,0.0,0.0
80986.51,0.3692022110064318,0.0,15592.0,37.0,0.3710499999988111,31.25,32.6875,36.53000000000003,0.0,0.0,0.0,0.0,0.0,20.0,0.3,0.1,0.2,0.1,0.4,0.1,0.1,0.1,0.5,0.0,65535.0,0.12632944228274967,0.0,65535.0,0.07775997558556497,0.0,0.0,0.0,0.0,0.0,0.0,0.0,0.0,0.0,0.0
81046.56,0.3763583102153426,0.0,15592.0,37.0,0.28784999999881655,31.4375,32.6875,36.93000000000001,0.0,0.0,0.0,0.0,0.0,20.0,0.3,0.1,0.2,0.1,0.4,0.1,0.1,0.1,0.5,0.0,65535.0,0.1258411535820554,0.0,65535.0,0.07745479514763104,0.0,0.0,0.0,0.0,0.0,0.0,0.0,0.0,0.0,0.0
81106.61,0.38516676468952504,0.0,15592.0,37.0,0.2907499999988105,31.625,32.625,36.89000000000004,0.0,0.0,0.0,0.0,0.0,20.0,0.3,0.1,0.2,0.1,0.4,0.1,0.1,0.1,0.5,0.0,65535.0,0.12605477988860914,0.0,65535.0,0.07705806057831693,0.0,0.0,0.0,0.0,0.0,0.0,0.0,0.0,0.0,0.0
81166.68,0.38977084143760043,0.0,15592.0,37.0,0.21444999999881625,31.8125,32.6875,37.01000000000005,0.0,0.0,0.0,0.0,0.0,20.0,0.3,0.1,0.2,0.1,0.4,0.1,0.1,0.1,0.5,0.0,65535.0,0.12605477988860914,0.0,65535.0,0.0771953917753872,0.0,0.0,0.0,0.0,0.0,0.0,0.0,0.0,0.0,0.0
81226.72,0.3913758405785571,0.0,15592.0,37.0,0.16514999999880908,31.8125,32.6875,37.190000000000055,0.0,0.0,0.0,0.0,0.0,20.0,0.3,0.1,0.2,0.1,0.4,0.1,0.1,0.1,0.5,0.0,65535.0,0.12565804531929503,0.0,65535.0,0.07751583123521782,0.0,0.0,0.0,0.0,0.0,0.0,0.0,0.0,0.0,0.0
81286.75,0.38672468848651,0.0,15592.0,37.0,0.17704999999881904,31.9375,32.625,37.01000000000005,0.0,0.0,0.0,0.0,0.0,20.0,0.3,0.1,0.2,0.1,0.4,0.1,0.1,0.1,0.5,0.0,65535.0,0.12591744869153887,0.0,65535.0,0.07736324101625086,0.0,0.0,0.0,0.0,0.0,0.0,0.0,0.0,0.0,0.0
81346.83,0.41777503009562,0.0,15592.0,37.0,0.24404999999881155,32.0,32.6875,36.97000000000003,0.0,0.0,0.0,0.0,0.0,20.0,0.3,0.1,0.2,0.1,0.4,0.1,0.1,0.1,0.5,0.0,65535.0,0.12645151445792324,0.0,65535.0,0.07728694590676738,0.0,0.0,0.0,0.0,0.0,0.0,0.0,0.0,0.0,0.0
81406.9,0.4165730222613448,0.0,15592.0,37.0,0.22074999999881512,32.0,32.625,37.170000000000016,0.0,0.0,0.0,0.0,0.0,20.0,0.3,0.1,0.2,0.1,0.4,0.1,0.1,0.1,0.5,0.0,65535.0,0.12599374380102235,0.0,65535.0,0.07730220492866408,0.0,0.0,0.0,0.0,0.0,0.0,0.0,0.0,0.0,0.0
81466.95,0.41945017715269606,0.0,15592.0,37.0,0.21004999999880386,32.0625,32.6875,37.01000000000005,0.0,0.0,0.0,0.0,0.0,20.0,0.3,0.1,0.2,0.1,0.4,0.1,0.1,0.1,0.5,0.0,65535.0,0.12642099641412985,0.0,65535.0,0.0776379034103914,0.0,0.0,0.0,0.0,0.0,0.0,0.0,0.0,0.0,0.0
81527.03,0.4076254986859482,0.0,15592.0,37.0,0.2255499999988131,32.0625,32.6875,37.13000000000005,0.0,0.0,0.0,0.0,0.0,20.0,0.3,0.1,0.2,0.1,0.4,0.1,0.1,0.1,0.5,0.0,65535.0,0.12640573739223315,0.0,65535.0,0.0772106507972839,0.0,0.0,0.0,0.0,0.0,0.0,0.0,0.0,0.0,0.0
81587.1,0.42152559663260103,0.0,15592.0,37.0,0.1801499999988058,32.0625,32.625,37.03000000000003,0.0,0.0,0.0,0.0,0.0,20.0,0.3,0.1,0.2,0.1,0.4,0.1,0.1,0.1,0.5,0.0,65535.0,0.12639047837033646,0.0,65535.0,0.07734798199435416,0.0,0.0,0.0,0.0,0.0,0.0,0.0,0.0,0.0,0.0
81647.14,0.42179657961728934,0.0,15592.0,37.0,0.23924999999880717,32.0625,32.625,36.89000000000004,0.0,0.0,0.0,0.0,0.0,20.0,0.3,0.1,0.2,0.1,0.4,0.1,0.1,0.1,0.5,0.0,65535.0,0.12611581597619592,0.0,65535.0,0.07701228351262684,0.0,0.0,0.0,0.0,0.0,0.0,0.0,0.0,0.0,0.0
81707.2,0.42692337303160355,0.0,15592.0,37.0,0.23744999999880623,32.0625,32.6875,36.85000000000002,0.0,0.0,0.0,0.0,0.0,20.0,0.3,0.1,0.2,0.1,0.4,0.1,0.1,0.1,0.5,0.0,65535.0,0.1266803997863737,0.0,65535.0,0.07733272297245747,0.0,0.0,0.0,0.0,0.0,0.0,0.0,0.0,0.0,0.0
81767.25,0.4262414754829691,0.0,15592.0,37.0,0.1782499999987981,32.0625,32.625,36.93000000000001,0.0,0.0,0.0,0.0,0.0,20.0,0.3,0.1,0.2,0.1,0.4,0.1,0.1,0.1,0.5,0.0,65535.0,0.12683299000534065,0.0,65535.0,0.07747005416952774,0.0,0.0,0.0,0.0,0.0,0.0,0.0,0.0,0.0,0.0
81827.29,0.4224886070350454,0.0,15592.0,37.0,0.21114999999880824,32.0,32.625,36.950000000000045,0.0,0.0,0.0,0.0,0.0,20.0,0.3,0.1,0.2,0.1,0.4,0.1,0.1,0.1,0.5,0.0,65535.0,0.12629892423895628,0.0,65535.0,0.07731746395056077,0.0,0.0,0.0,0.0,0.0,0.0,0.0,0.0,0.0,0.0
81887.34,0.4245656780679047,0.0,15592.0,37.0,0.20754999999880724,32.0625,32.6875,36.89000000000004,0.0,0.0,0.0,0.0,0.0,20.0,0.3,0.1,0.2,0.1,0.4,0.1,0.1,0.1,0.5,0.0,65535.0,0.12684824902723735,0.0,65535.0,0.0772259098191806,0.0,0.0,0.0,0.0,0.0,0.0,0.0,0.0,0.0,0.0
81947.4,0.4232533446825272,0.0,15592.0,37.0,0.23164999999879785,32.0,32.625,36.93000000000001,0.0,0.0,0.0,0.0,0.0,20.0,0.3,0.1,0.2,0.1,0.4,0.1,0.1,0.1,0.5,0.0,65535.0,0.12672617685206378,0.0,65535.0,0.07745479514763104,0.0,0.0,0.0,0.0,0.0,0.0,0.0,0.0,0.0,0.0
82007.46,0.3958647535296288,0.0,15592.0,37.0,0.2628499999987979,32.0,32.6875,36.73000000000002,0.0,0.0,0.0,0.0,0.0,20.0,0.3,0.1,0.2,0.1,0.4,0.1,0.1,0.1,0.5,0.0,65535.0,0.1266803997863737,0.0,65535.0,0.07734798199435416,0.0,0.0,0.0,0.0,0.0,0.0,0.0,0.0,0.0,0.0
82067.53,0.3961621693063548,0.0,15592.0,37.0,0.2407499999988012,32.125,32.6875,37.01000000000005,0.0,0.0,0.0,0.0,0.0,20.0,0.3,0.1,0.2,0.1,0.4,0.1,0.1,0.1,0.5,0.0,65535.0,0.12686350804913404,0.0,65535.0,0.07750057221332113,0.0,0.0,0.0,0.0,0.0,0.0,0.0,0.0,0.0,0.0
82127.58,0.37622418854301154,0.0,15592.0,37.0,0.20334999999880424,32.125,32.6875,36.710000000000036,0.0,0.0,0.0,0.0,0.0,20.0,0.3,0.1,0.2,0.1,0.4,0.1,0.1,0.1,0.5,0.0,65535.0,0.12684824902723735,0.0,65535.0,0.07766842145418479,0.0,0.0,0.0,0.0,0.0,0.0,0.0,0.0,0.0,0.0
82187.63,0.3728234444974783,0.0,15592.0,37.0,0.18654999999880273,32.125,32.75,36.81,0.0,0.0,0.0,0.0,0.0,20.0,0.3,0.1,0.2,0.1,0.4,0.1,0.1,0.1,0.5,0.0,65535.0,0.12690928511482413,0.0,65535.0,0.0776379034103914,0.0,0.0,0.0,0.0,0.0,0.0,0.0,0.0,0.0,0.0
82247.71,0.43963061751534926,0.0,15592.0,37.0,0.25534999999879443,32.0625,32.6875,36.870000000000005,0.0,0.0,0.0,0.0,0.0,20.0,0.3,0.1,0.2,0.1,0.4,0.1,0.1,0.1,0.5,0.0,65535.0,0.12674143587396047,0.0,65535.0,0.0776226443884947,0.0,0.0,0.0,0.0,0.0,0.0,0.0,0.0,0.0,0.0
82307.75,0.4307580533391261,0.0,15592.0,37.0,0.24564999999880324,32.0625,32.6875,36.79000000000002,0.0,0.0,0.0,0.0,0.0,20.0,0.3,0.1,0.2,0.1,0.4,0.1,0.1,0.1,0.5,0.0,65535.0,0.1270618753337911,0.0,65535.0,0.07737850003814756,0.0,0.0,0.0,0.0,0.0,0.0,0.0,0.0,0.0,0.0
82367.81,0.4294373267075037,0.0,15592.0,37.0,0.23564999999879727,32.0625,32.75,36.690000000000055,0.0,0.0,0.0,0.0,0.0,20.0,0.3,0.1,0.2,0.1,0.4,0.1,0.1,0.1,0.5,0.0,65535.0,0.12710765239948119,0.0,65535.0,0.07754634927901122,0.0,0.0,0.0,0.0,0.0,0.0,0.0,0.0,0.0,0.0
82427.88,0.42224753056709213,0.0,15592.0,37.0,0.2335499999987966,32.125,32.6875,36.93000000000001,0.0,0.0,0.0,0.0,0.0,20.0,0.3,0.1,0.2,0.1,0.4,0.1,0.1,0.1,0.5,0.0,65535.0,0.12710765239948119,0.0,65535.0,0.07779049362935836,0.0,0.0,0.0,0.0,0.0,0.0,0.0,0.0,0.0,0.0
82487.92,0.4179593745915804,0.0,15592.0,37.0,0.2444499999988009,32.0625,32.75,36.85000000000002,0.0,0.0,0.0,0.0,0.0,20.0,0.3,0.1,0.2,0.1,0.4,0.1,0.1,0.1,0.5,0.0,65535.0,0.1270466163118944,0.0,65535.0,0.0775921263447013,0.0,0.0,0.0,0.0,0.0,0.0,0.0,0.0,0.0,0.0
82547.96,0.4220018086847203,0.0,15592.0,37.0,0.2665499999987959,32.125,32.6875,36.85000000000002,0.0,0.0,0.0,0.0,0.0,20.0,0.3,0.1,0.2,0.1,0.4,0.1,0.1,0.1,0.5,0.0,65535.0,0.1270618753337911,0.0,65535.0,0.07788204776073854,0.0,0.0,0.0,0.0,0.0,0.0,0.0,0.0,0.0,0.0
82608.01,0.41166415594161154,0.0,15592.0,37.0,0.2292499999987889,32.125,32.75,36.97000000000003,0.0,0.0,0.0,0.0,0.0,20.0,0.3,0.1,0.2,0.1,0.4,0.1,0.1,0.1,0.5,0.0,65535.0,0.1270618753337911,0.0,65535.0,0.07753109025711452,0.0,0.0,0.0,0.0,0.0,0.0,0.0,0.0,0.0,0.0
82668.05,0.4114346260107852,0.0,15592.0,37.0,0.22214999999879279,32.125,32.75,36.81,0.0,0.0,0.0,0.0,0.0,20.0,0.3,0.1,0.2,0.1,0.4,0.1,0.1,0.1,0.5,0.0,65535.0,0.12712291142137788,0.0,65535.0,0.07736324101625086,0.0,0.0,0.0,0.0,0.0,0.0,0.0,0.0,0.0,0.0
82728.1,0.40251180049089275,0.0,15592.0,37.0,0.1820499999987957,32.125,32.75,36.97000000000003,0.0,0.0,0.0,0.0,0.0,20.0,0.3,0.1,0.2,0.1,0.4,0.1,0.1,0.1,0.5,0.0,65535.0,0.12715342946517127,0.0,65535.0,0.0776226443884947,0.0,0.0,0.0,0.0,0.0,0.0,0.0,0.0,0.0,0.0
82788.14,0.40477777421157235,0.0,15592.0,37.0,0.22024999999878683,32.0625,32.6875,36.870000000000005,0.0,0.0,0.0,0.0,0.0,20.0,0.3,0.1,0.2,0.1,0.4,0.1,0.1,0.1,0.5,0.0,65535.0,0.1274128328374151,0.0,65535.0,0.0772106507972839,0.0,0.0,0.0,0.0,0.0,0.0,0.0,0.0,0.0,0.0
82848.18,0.3877146432405425,0.0,15592.0,37.0,0.25284999999879726,32.125,32.75,36.93000000000001,0.0,0.0,0.0,0.0,0.0,20.0,0.3,0.1,0.2,0.1,0.4,0.1,0.1,0.1,0.5,0.0,65535.0,0.1274891279468986,0.0,65535.0,0.0776379034103914,0.0,0.0,0.0,0.0,0.0,0.0,0.0,0.0,0.0,0.0
82908.23,0.39034977900283,0.0,15592.0,37.0,0.2711499999987974,32.0625,32.75,36.85000000000002,0.0,0.0,0.0,0.0,0.0,20.0,0.3,0.1,0.2,0.1,0.4,0.1,0.1,0.1,0.5,0.0,65535.0,0.12739757381551842,0.0,65535.0,0.07797360189211872,0.0,0.0,0.0,0.0,0.0,0.0,0.0,0.0,0.0,0.0
82968.31,0.400194481042145,0.0,15592.0,37.0,0.24384999999879547,32.125,32.6875,36.79000000000002,0.0,0.0,0.0,0.0,0.0,20.0,0.3,0.1,0.2,0.1,0.4,0.1,0.1,0.1,0.5,0.0,65535.0,0.1274280918593118,0.0,65535.0,0.07772945754177157,0.0,0.0,0.0,0.0,0.0,0.0,0.0,0.0,0.0,0.0
83028.34,0.397494367862503,0.0,15592.0,37.0,0.1808499999987925,32.125,32.75,36.57000000000005,0.0,0.0,0.0,0.0,0.0,20.0,0.3,0.1,0.2,0.1,0.4,0.1,0.1,0.1,0.5,0.0,65535.0,0.12713817044327458,0.0,65535.0,0.07745479514763104,0.0,0.0,0.0,0.0,0.0,0.0,0.0,0.0,0.0,0.0
83088.41,0.3905837932867151,0.0,15592.0,37.0,0.23934999999879442,32.0625,32.6875,36.85000000000002,0.0,0.0,0.0,0.0,0.0,20.0,0.3,0.1,0.2,0.1,0.4,0.1,0.1,0.1,0.5,0.0,65535.0,0.12774853131914243,0.0,65535.0,0.07739375906004425,0.0,0.0,0.0,0.0,0.0,0.0,0.0,0.0,0.0,0.0
83148.48,0.397256577937112,0.0,15592.0,37.0,0.21614999999878795,32.125,32.75,37.13000000000005,0.0,0.0,0.0,0.0,0.0,20.0,0.3,0.1,0.2,0.1,0.4,0.1,0.1,0.1,0.5,0.0,65535.0,0.12759594110017547,0.0,65535.0,0.07779049362935836,0.0,0.0,0.0,0.0,0.0,0.0,0.0,0.0,0.0,0.0
83208.54,0.38653231055190534,0.0,15592.0,37.0,0.2585499999987937,32.125,32.8125,36.690000000000055,0.0,0.0,0.0,0.0,0.0,20.0,0.3,0.1,0.2,0.1,0.4,0.1,0.1,0.1,0.5,0.0,65535.0,0.12767223620965895,0.0,65535.0,0.07765316243228809,0.0,0.0,0.0,0.0,0.0,0.0,0.0,0.0,0.0,0.0
83268.61,0.3878106342697747,0.0,15592.0,37.0,0.2785499999987889,32.125,32.75,36.97000000000003,0.0,0.0,0.0,0.0,0.0,20.0,0.3,0.1,0.2,0.1,0.4,0.1,0.1,0.1,0.5,0.0,65535.0,0.12799267566948958,0.0,65535.0,0.07792782482642863,0.0,0.0,0.0,0.0,0.0,0.0,0.0,0.0,0.0,0.0
83328.68,0.3831605046858256,0.0,15592.0,37.0,0.20844999999879069,32.125,32.75,36.73000000000002,0.0,0.0,0.0,0.0,0.0,20.0,0.3,0.1,0.2,0.1,0.4,0.1,0.1,0.1,0.5,0.0,65535.0,0.12761120012207217,0.0,65535.0,0.07768368047608148,0.0,0.0,0.0,0.0,0.0,0.0,0.0,0.0,0.0,0.0
83388.75,0.38207359293494586,0.0,15592.0,37.0,0.27294999999879227,32.125,32.75,36.690000000000055,0.0,0.0,0.0,0.0,0.0,20.0,0.3,0.1,0.2,0.1,0.4,0.1,0.1,0.1,0.5,0.0,65535.0,0.12803845273517966,0.0,65535.0,0.07780575265125506,0.0,0.0,0.0,0.0,0.0,0.0,0.0,0.0,0.0,0.0
83448.82,0.3768181490433756,0.0,15592.0,37.0,0.20084999999878422,32.0625,32.8125,36.89000000000004,0.0,0.0,0.0,0.0,0.0,20.0,0.3,0.1,0.2,0.1,0.4,0.1,0.1,0.1,0.5,0.0,65535.0,0.1279163805600061,0.0,65535.0,0.07750057221332113,0.0,0.0,0.0,0.0,0.0,0.0,0.0,0.0,0.0,0.0
83508.87,0.3972276935180272,0.0,15592.0,37.0,0.2287499999987847,32.125,32.8125,36.85000000000002,0.0,0.0,0.0,0.0,0.0,20.0,0.3,0.1,0.2,0.1,0.4,0.1,0.1,0.1,0.5,0.0,65535.0,0.12796215762569618,0.0,65535.0,0.07782101167315175,0.0,0.0,0.0,0.0,0.0,0.0,0.0,0.0,0.0,0.0
83568.94,0.41283748791531816,0.0,15592.0,37.0,0.22754999999878409,32.125,32.75,36.89000000000004,0.0,0.0,0.0,0.0,0.0,20.0,0.3,0.1,0.2,0.1,0.4,0.1,0.1,0.1,0.5,0.0,65535.0,0.12819104295414663,0.0,65535.0,0.07808041504539559,0.0,0.0,0.0,0.0,0.0,0.0,0.0,0.0,0.0,0.0
83629.02,0.4370412729770412,0.0,15592.0,37.0,0.21434999999878274,32.125,32.8125,36.97000000000003,0.0,0.0,0.0,0.0,0.0,20.0,0.3,0.1,0.2,0.1,0.4,0.1,0.1,0.1,0.5,0.0,65535.0,0.12797741664759288,0.0,65535.0,0.07772945754177157,0.0,0.0,0.0,0.0,0.0,0.0,0.0,0.0,0.0,0.0
83689.08,0.42915618795578325,0.0,15592.0,37.0,0.2620499999987837,32.125,32.8125,36.73000000000002,0.0,0.0,0.0,0.0,0.0,20.0,0.3,0.1,0.2,0.1,0.4,0.1,0.1,0.1,0.5,0.0,65535.0,0.12809948882276645,0.0,65535.0,0.07792782482642863,0.0,0.0,0.0,0.0,0.0,0.0,0.0,0.0,0.0,0.0
83749.13,0.43210865845225654,0.0,15592.0,37.0,0.20964999999878617,32.125,32.875,36.950000000000045,0.0,0.0,0.0,0.0,0.0,20.0,0.3,0.1,0.2,0.1,0.4,0.1,0.1,0.1,0.5,0.0,65535.0,0.1279011215381094,0.0,65535.0,0.07785152971694514,0.0,0.0,0.0,0.0,0.0,0.0,0.0,0.0,0.0,0.0
83809.2,0.43830671063787363,0.0,15592.0,37.0,0.21404999999878047,32.125,32.8125,36.690000000000055,0.0,0.0,0.0,0.0,0.0,20.0,0.3,0.1,0.2,0.1,0.4,0.1,0.1,0.1,0.5,0.0,65535.0,0.12811474784466315,0.0,65535.0,0.0776379034103914,0.0,0.0,0.0,0.0,0.0,0.0,0.0,0.0,0.0,0.0
83869.23,0.4174621299505481,0.0,15592.0,37.0,0.25264999999877635,32.125,32.8125,37.01000000000005,0.0,0.0,0.0,0.0,0.0,20.0,0.3,0.1,0.2,0.1,0.4,0.1,0.1,0.1,0.5,0.0,65535.0,0.12817578393224993,0.0,65535.0,0.07791256580453193,0.0,0.0,0.0,0.0,0.0,0.0,0.0,0.0,0.0,0.0
83929.27,0.4021352675769258,0.0,15592.0,37.0,0.21644999999877912,32.125,32.75,36.97000000000003,0.0,0.0,0.0,0.0,0.0,20.0,0.3,0.1,0.2,0.1,0.4,0.1,0.1,0.1,0.5,0.0,65535.0,0.12802319371328297,0.0,65535.0,0.07792782482642863,0.0,0.0,0.0,0.0,0.0,0.0,0.0,0.0,0.0,0.0
83989.31,0.4012884091046725,0.0,15592.0,37.0,0.24234999999878398,32.1875,32.8125,36.89000000000004,0.0,0.0,0.0,0.0,0.0,20.0,0.3,0.1,0.2,0.1,0.4,0.1,0.1,0.1,0.5,0.0,65535.0,0.12800793469138627,0.0,65535.0,0.0776226443884947,0.0,0.0,0.0,0.0,0.0,0.0,0.0,0.0,0.0,0.0
84049.38,0.40355863245036144,0.0,15592.0,37.0,0.22874999999877788,32.125,32.8125,36.870000000000005,0.0,0.0,0.0,0.0,0.0,20.0,0.3,0.1,0.2,0.1,0.4,0.1,0.1,0.1,0.5,0.0,65535.0,0.12838941023880368,0.0,65535.0,0.07742427710383765,0.0,0.0,0.0,0.0,0.0,0.0,0.0,0.0,0.0,0.0
84109.44,0.39799579036333177,0.0,15592.0,37.0,0.23494999999877222,32.125,32.8125,36.79000000000002,0.0,0.0,0.0,0.0,0.0,20.0,0.3,0.1,0.2,0.1,0.4,0.1,0.1,0.1,0.5,0.0,65535.0,0.12854200045777064,0.0,65535.0,0.07792782482642863,0.0,0.0,0.0,0.0,0.0,0.0,0.0,0.0,0.0,0.0
84169.48,0.40788578588160107,0.0,15592.0,37.0,0.2617499999987771,32.125,32.875,36.89000000000004,0.0,0.0,0.0,0.0,0.0,20.0,0.3,0.1,0.2,0.1,0.4,0.1,0.1,0.1,0.5,0.0,65535.0,0.12814526588845654,0.0,65535.0,0.07798886091401541,0.0,0.0,0.0,0.0,0.0,0.0,0.0,0.0,0.0,0.0
84229.54,0.41340280500012316,0.0,15592.0,37.0,0.25794999999878143,32.125,32.875,36.950000000000045,0.0,0.0,0.0,0.0,0.0,20.0,0.3,0.1,0.2,0.1,0.4,0.1,0.1,0.1,0.5,0.0,65535.0,0.1282673380636301,0.0,65535.0,0.0776379034103914,0.0,0.0,0.0,0.0,0.0,0.0,0.0,0.0,0.0,0.0
84289.59,0.37253398147104844,0.0,15592.0,37.0,0.19964999999877334,32.1875,32.8125,36.97000000000003,0.0,0.0,0.0,0.0,0.0,20.0,0.3,0.1,0.2,0.1,0.4,0.1,0.1,0.1,0.5,0.0,65535.0,0.12799267566948958,0.0,65535.0,0.07783627069504845,0.0,0.0,0.0,0.0,0.0,0.0,0.0,0.0,0.0,0.0
84349.63,0.374397859857281,0.0,15592.0,37.0,0.21254999999877325,32.125,32.8125,36.77000000000004,0.0,0.0,0.0,0.0,0.0,20.0,0.3,0.1,0.2,0.1,0.4,0.1,0.1,0.1,0.5,0.0,65535.0,0.12845044632639047,0.0,65535.0,0.07792782482642863,0.0,0.0,0.0,0.0,0.0,0.0,0.0,0.0,0.0,0.0
84409.68,0.3685659215852137,0.0,15592.0,37.0,0.2278499999987727,32.1875,32.8125,36.89000000000004,0.0,0.0,0.0,0.0,0.0,20.0,0.3,0.1,0.2,0.1,0.4,0.1,0.1,0.1,0.5,0.0,65535.0,0.12858777752346073,0.0,65535.0,0.07792782482642863,0.0,0.0,0.0,0.0,0.0,0.0,0.0,0.0,0.0,0.0
84469.76,0.3687997750032461,0.0,15592.0,37.0,0.24904999999876762,32.1875,32.8125,36.97000000000003,0.0,0.0,0.0,0.0,0.0,20.0,0.3,0.1,0.2,0.1,0.4,0.1,0.1,0.1,0.5,0.0,65535.0,0.12854200045777064,0.0,65535.0,0.0775921263447013,0.0,0.0,0.0,0.0,0.0,0.0,0.0,0.0,0.0,0.0
84529.82,0.36971314528741517,0.0,15592.0,37.0,0.19634999999876948,32.0625,32.8125,36.93000000000001,0.0,0.0,0.0,0.0,0.0,20.0,0.3,0.1,0.2,0.1,0.4,0.1,0.1,0.1,0.5,0.0,65535.0,0.12845044632639047,0.0,65535.0,0.07777523460746166,0.0,0.0,0.0,0.0,0.0,0.0,0.0,0.0,0.0,0.0
84589.9,0.40402799709908316,0.0,15592.0,37.0,0.2499499999987659,32.125,32.8125,36.93000000000001,0.0,0.0,0.0,0.0,0.0,20.0,0.3,0.1,0.2,0.1,0.4,0.1,0.1,0.1,0.5,0.0,65535.0,0.12851148241397725,0.0,65535.0,0.07794308384832532,0.0,0.0,0.0,0.0,0.0,0.0,0.0,0.0,0.0,0.0
84649.97,0.4228784109392302,0.0,15592.0,37.0,0.25374999999877496,32.125,32.8125,36.77000000000004,0.0,0.0,0.0,0.0,0.0,20.0,0.3,0.1,0.2,0.1,0.4,0.1,0.1,0.1,0.5,0.0,65535.0,0.12886243991760127,0.0,65535.0,0.07797360189211872,0.0,0.0,0.0,0.0,0.0,0.0,0.0,0.0,0.0,0.0
84710.01,0.4249888948442905,0.0,15592.0,37.0,0.2128499999987678,32.125,32.8125,37.01000000000005,0.0,0.0,0.0,0.0,0.0,20.0,0.3,0.1,0.2,0.1,0.4,0.1,0.1,0.1,0.5,0.0,65535.0,0.12863355458915082,0.0,65535.0,0.07751583123521782,0.0,0.0,0.0,0.0,0.0,0.0,0.0,0.0,0.0,0.0
84770.08,0.4251958508219559,0.0,15592.0,37.0,0.2540499999987738,32.0625,32.875,36.85000000000002,0.0,0.0,0.0,0.0,0.0,20.0,0.3,0.1,0.2,0.1,0.4,0.1,0.1,0.1,0.5,0.0,65535.0,0.1286793316548409,0.0,65535.0,0.07769893949797818,0.0,0.0,0.0,0.0,0.0,0.0,0.0,0.0,0.0,0.0
84830.16,0.4191424613109575,0.0,15592.0,37.0,0.21434999999876642,32.125,32.875,36.85000000000002,0.0,0.0,0.0,0.0,0.0,20.0,0.3,0.1,0.2,0.1,0.4,0.1,0.1,0.1,0.5,0.0,65535.0,0.12861829556725413,0.0,65535.0,0.07765316243228809,0.0,0.0,0.0,0.0,0.0,0.0,0.0,0.0,0.0,0.0
84890.23,0.41219327912851056,0.0,15592.0,37.0,0.16334999999876335,32.125,32.8125,37.03000000000003,0.0,0.0,0.0,0.0,0.0,20.0,0.3,0.1,0.2,0.1,0.4,0.1,0.1,0.1,0.5,0.0,65535.0,0.1287556267643244,0.0,65535.0,0.07768368047608148,0.0,0.0,0.0,0.0,0.0,0.0,0.0,0.0,0.0,0.0
84950.31,0.39696721257409584,0.0,15592.0,37.0,0.256049999998766,32.125,32.8125,36.81,0.0,0.0,0.0,0.0,0.0,20.0,0.3,0.1,0.2,0.1,0.4,0.1,0.1,0.1,0.5,0.0,65535.0,0.12889295796139466,0.0,65535.0,0.07786678873884184,0.0,0.0,0.0,0.0,0.0,0.0,0.0,0.0,0.0,0.0
85010.36,0.40413628440702537,0.0,15592.0,37.0,0.2829499999987609,32.125,32.875,36.85000000000002,0.0,0.0,0.0,0.0,0.0,20.0,0.3,0.1,0.2,0.1,0.4,0.1,0.1,0.1,0.5,0.0,65535.0,0.12883192187380788,0.0,65535.0,0.07795834287022202,0.0,0.0,0.0,0.0,0.0,0.0,0.0,0.0,0.0,0.0
85070.42,0.4323184736660844,0.0,15592.0,37.0,0.21554999999876193,32.1875,32.8125,36.97000000000003,0.0,0.0,0.0,0.0,0.0,20.0,0.3,0.1,0.2,0.1,0.4,0.1,0.1,0.1,0.5,0.0,65535.0,0.12896925307087817,0.0,65535.0,0.07785152971694514,0.0,0.0,0.0,0.0,0.0,0.0,0.0,0.0,0.0,0.0
85130.47,0.4420933281850658,0.0,15592.0,37.0,0.2355499999987571,32.1875,32.8125,36.950000000000045,0.0,0.0,0.0,0.0,0.0,20.0,0.3,0.1,0.2,0.1,0.4,0.1,0.1,0.1,0.5,0.0,65535.0,0.12896925307087817,0.0,65535.0,0.07818722819867246,0.0,0.0,0.0,0.0,0.0,0.0,0.0,0.0,0.0,0.0
85190.51,0.44588557552628344,0.0,15592.0,37.0,0.21314999999875983,32.1875,32.875,36.81,0.0,0.0,0.0,0.0,0.0,20.0,0.3,0.1,0.2,0.1,0.4,0.1,0.1,0.1,0.5,0.0,65535.0,0.12899977111467156,0.0,65535.0,0.07765316243228809,0.0,0.0,0.0,0.0,0.0,0.0,0.0,0.0,0.0,0.0
85250.56,0.3909744643587836,0.0,15592.0,37.0,0.18894999999876336,32.1875,32.8125,36.690000000000055,0.0,0.0,0.0,0.0,0.0,20.0,0.3,0.1,0.2,0.1,0.4,0.1,0.1,0.1,0.5,0.0,65535.0,0.12899977111467156,0.0,65535.0,0.0780346379797055,0.0,0.0,0.0,0.0,0.0,0.0,0.0,0.0,0.0,0.0
85310.6,0.3741711727086743,0.0,15592.0,37.0,0.23544999999876454,32.125,32.875,36.97000000000003,0.0,0.0,0.0,0.0,0.0,20.0,0.3,0.1,0.2,0.1,0.4,0.1,0.1,0.1,0.5,0.0,65535.0,0.12918287937743192,0.0,65535.0,0.07830930037384604,0.0,0.0,0.0,0.0,0.0,0.0,0.0,0.0,0.0,0.0
85370.64,0.3843663088864264,0.0,15592.0,37.0,0.27024999999876553,32.125,32.8125,36.870000000000005,0.0,0.0,0.0,0.0,0.0,20.0,0.3,0.1,0.2,0.1,0.4,0.1,0.1,0.1,0.5,0.0,65535.0,0.12896925307087817,0.0,65535.0,0.07809567406729229,0.0,0.0,0.0,0.0,0.0,0.0,0.0,0.0,0.0,0.0
85430.71,0.3861940649412581,0.0,15592.0,37.0,0.2181499999987527,32.125,32.8125,36.77000000000004,0.0,0.0,0.0,0.0,0.0,20.0,0.3,0.1,0.2,0.1,0.4,0.1,0.1,0.1,0.5,0.0,65535.0,0.12903028915846496,0.0,65535.0,0.07797360189211872,0.0,0.0,0.0,0.0,0.0,0.0,0.0,0.0,0.0,0.0
85490.78,0.3836834689047063,0.0,15592.0,37.0,0.2125499999987561,32.125,32.8125,36.85000000000002,0.0,0.0,0.0,0.0,0.0,20.0,0.3,0.1,0.2,0.1,0.4,0.1,0.1,0.1,0.5,0.0,65535.0,0.12913710231174183,0.0,65535.0,0.07791256580453193,0.0,0.0,0.0,0.0,0.0,0.0,0.0,0.0,0.0,0.0
85550.86,0.41813909615949485,0.0,15592.0,37.0,0.20544999999875999,32.125,32.875,37.03000000000003,0.0,0.0,0.0,0.0,0.0,20.0,0.3,0.1,0.2,0.1,0.4,0.1,0.1,0.1,0.5,0.0,65535.0,0.12948805981536585,0.0,65535.0,0.07791256580453193,0.0,0.0,0.0,0.0,0.0,0.0,0.0,0.0,0.0,0.0
85610.93,0.41392316778377736,0.0,15592.0,37.0,0.2996499999987479,32.125,32.8125,36.870000000000005,0.0,0.0,0.0,0.0,0.0,20.0,0.3,0.1,0.2,0.1,0.4,0.1,0.1,0.1,0.5,0.0,65535.0,0.12962539101243611,0.0,65535.0,0.07833981841763943,0.0,0.0,0.0,0.0,0.0,0.0,0.0,0.0,0.0,0.0
85671.0,0.4099147472295816,0.0,15592.0,37.0,0.2558499999987602,32.0625,32.875,36.79000000000002,0.0,0.0,0.0,0.0,0.0,20.0,0.3,0.1,0.2,0.1,0.4,0.1,0.1,0.1,0.5,0.0,65535.0,0.1293202105745022,0.0,65535.0,0.07800411993591211,0.0,0.0,0.0,0.0,0.0,0.0,0.0,0.0,0.0,0.0
85731.07,0.39950612443620487,0.0,15592.0,37.0,0.26294999999875457,32.1875,32.8125,37.03000000000003,0.0,0.0,0.0,0.0,0.0,20.0,0.3,0.1,0.2,0.1,0.4,0.1,0.1,0.1,0.5,0.0,65535.0,0.12947280079346915,0.0,65535.0,0.07779049362935836,0.0,0.0,0.0,0.0,0.0,0.0,0.0,0.0,0.0,0.0
85791.15,0.39025822632541585,0.0,15592.0,37.0,0.24384999999875775,32.125,32.875,36.97000000000003,0.0,0.0,0.0,0.0,0.0,20.0,0.3,0.1,0.2,0.1,0.4,0.1,0.1,0.1,0.5,0.0,65535.0,0.1296711680781262,0.0,65535.0,0.0780498970016022,0.0,0.0,0.0,0.0,0.0,0.0,0.0,0.0,0.0,0.0
85851.22,0.39862562249834055,0.0,15592.0,37.0,0.24354999999875715,32.1875,32.875,36.870000000000005,0.0,0.0,0.0,0.0,0.0,20.0,0.3,0.1,0.2,0.1,0.4,0.1,0.1,0.1,0.5,0.0,65535.0,0.12942702372777906,0.0,65535.0,0.07791256580453193,0.0,0.0,0.0,0.0,0.0,0.0,0.0,0.0,0.0,0.0
85911.29,0.40158812787100245,0.0,15592.0,37.0,0.24504999999875662,32.1875,32.875,36.93000000000001,0.0,0.0,0.0,0.0,0.0,20.0,0.3,0.1,0.2,0.1,0.4,0.1,0.1,0.1,0.5,0.0,65535.0,0.1296559090562295,0.0,65535.0,0.07789730678263523,0.0,0.0,0.0,0.0,0.0,0.0,0.0,0.0,0.0,0.0
85971.37,0.3819520498186728,0.0,15592.0,37.0,0.2176499999987497,32.1875,32.75,37.03000000000003,0.0,0.0,0.0,0.0,0.0,20.0,0.3,0.1,0.2,0.1,0.4,0.1,0.1,0.1,0.5,0.0,65535.0,0.1296711680781262,0.0,65535.0,0.07830930037384604,0.0,0.0,0.0,0.0,0.0,0.0,0.0,0.0,0.0,0.0
86031.44,0.37936834928759616,0.0,15592.0,37.0,0.2241499999987438,32.1875,32.75,36.77000000000004,0.0,0.0,0.0,0.0,0.0,20.0,0.3,0.1,0.2,0.1,0.4,0.1,0.1,0.1,0.5,0.0,65535.0,0.1296559090562295,0.0,65535.0,0.07795834287022202,0.0,0.0,0.0,0.0,0.0,0.0,0.0,0.0,0.0,0.0
86091.52,0.42218124519890227,0.0,15592.0,37.0,0.23734999999874343,32.1875,32.875,36.93000000000001,0.0,0.0,0.0,0.0,0.0,20.0,0.3,0.1,0.2,0.1,0.4,0.1,0.1,0.1,0.5,0.0,65535.0,0.1292744335088121,0.0,65535.0,0.07785152971694514,0.0,0.0,0.0,0.0,0.0,0.0,0.0,0.0,0.0,0.0
86151.59,0.4286232747504514,0.0,15592.0,37.0,0.19964999999874586,32.1875,32.8125,36.79000000000002,0.0,0.0,0.0,0.0,0.0,20.0,0.3,0.1,0.2,0.1,0.4,0.1,0.1,0.1,0.5,0.0,65535.0,0.12986953536278326,0.0,65535.0,0.07824826428625925,0.0,0.0,0.0,0.0,0.0,0.0,0.0,0.0,0.0,0.0
86211.66,0.4046010546808384,0.0,15592.0,37.0,0.23114999999874647,32.1875,32.875,36.950000000000045,0.0,0.0,0.0,0.0,0.0,20.0,0.3,0.1,0.2,0.1,0.4,0.1,0.1,0.1,0.5,0.0,65535.0,0.12957961394674603,0.0,65535.0,0.07837033646143282,0.0,0.0,0.0,0.0,0.0,0.0,0.0,0.0,0.0,0.0
86271.73,0.4055507852479987,0.0,15592.0,37.0,0.23024999999874557,32.1875,32.8125,36.97000000000003,0.0,0.0,0.0,0.0,0.0,20.0,0.3,0.1,0.2,0.1,0.4,0.1,0.1,0.1,0.5,0.0,65535.0,0.1300679026474403,0.0,65535.0,0.07800411993591211,0.0,0.0,0.0,0.0,0.0,0.0,0.0,0.0,0.0,0.0
86331.8,0.3994770901035878,0.0,15592.0,37.0,0.25174999999874026,32.1875,32.875,36.85000000000002,0.0,0.0,0.0,0.0,0.0,20.0,0.3,0.1,0.2,0.1,0.4,0.1,0.1,0.1,0.5,0.0,65535.0,0.1296559090562295,0.0,65535.0,0.07791256580453193,0.0,0.0,0.0,0.0,0.0,0.0,0.0,0.0,0.0,0.0
86391.87,0.39824670973579346,0.0,15592.0,37.0,0.22324999999873774,32.125,32.8125,36.89000000000004,0.0,0.0,0.0,0.0,0.0,20.0,0.3,0.1,0.2,0.1,0.4,0.1,0.1,0.1,0.5,0.0,65535.0,0.12941176470588237,0.0,65535.0,0.07824826428625925,0.0,0.0,0.0,0.0,0.0,0.0,0.0,0.0,0.0,0.0
86451.94,0.4293119850295394,0.0,15592.0,37.0,0.20054999999874074,32.1875,32.8125,37.01000000000005,0.0,0.0,0.0,0.0,0.0,20.0,0.3,0.1,0.2,0.1,0.4,0.1,0.1,0.1,0.5,0.0,65535.0,0.13002212558175022,0.0,65535.0,0.07814145113298238,0.0,0.0,0.0,0.0,0.0,0.0,0.0,0.0,0.0,0.0
86512.01,0.4167073220065009,0.0,15592.0,37.0,0.17664999999874398,32.25,32.875,37.01000000000005,0.0,0.0,0.0,0.0,0.0,20.0,0.3,0.1,0.2,0.1,0.4,0.1,0.1,0.1,0.5,0.0,65535.0,0.129732204165713,0.0,65535.0,0.07808041504539559,0.0,0.0,0.0,0.0,0.0,0.0,0.0,0.0,0.0,0.0
86572.08,0.4395734124287766,0.0,15592.0,37.0,0.25694999999874113,32.1875,32.875,37.05000000000001,0.0,0.0043,0.25,0.0,0.0,20.0,0.3,0.1,0.2,0.1,0.4,0.1,0.1,0.1,0.5,0.0,65535.0,0.12999160753795683,0.0,65535.0,0.0780346379797055,0.0,0.0,0.0,0.0,0.0,0.0,0.0,0.0,0.0,0.0
86632.16,0.41296850850030076,0.0,15592.0,37.0,0.29684999999874184,32.0625,32.875,36.53000000000003,0.0,0.0,0.0,0.0,0.0,20.0,0.3,0.1,0.2,0.1,0.4,0.1,0.1,0.1,0.5,0.0,65535.0,0.1270771343556878,0.0,65535.0,0.07643244068055238,0.0,0.0,0.0,0.0,0.0,0.0,0.0,0.0,0.0,0.0
86692.22,0.39852192711287326,0.0,15592.0,37.0,0.2707499999987397,32.0,32.8125,36.77000000000004,0.0,0.0,0.0,0.0,0.0,20.0,0.3,0.1,0.2,0.1,0.4,0.1,0.1,0.1,0.5,0.0,65535.0,0.12680247196154726,0.0,65535.0,0.07646295872434578,0.0,0.0,0.0,0.0,0.0,0.0,0.0,0.0,0.0,0.0
86752.28,0.4014424827679244,0.0,15592.0,37.0,0.25224999999874315,32.125,32.875,36.870000000000005,0.0,0.0,0.0,0.0,0.0,20.0,0.3,0.1,0.2,0.1,0.4,0.1,0.1,0.1,0.5,0.0,65535.0,0.1266346227206836,0.0,65535.0,0.07627985046158542,0.0,0.0,0.0,0.0,0.0,0.0,0.0,0.0,0.0,0.0
86812.33,0.44741884753248173,0.0,15592.0,37.0,0.27404999999873836,32.1875,32.875,36.870000000000005,0.0,0.0,0.0,0.0,0.0,20.0,0.3,0.1,0.2,0.1,0.4,0.1,0.1,0.1,0.5,0.0,65535.0,0.1266498817425803,0.0,65535.0,0.07617303730830854,0.0,0.0,0.0,0.0,0.0,0.0,0.0,0.0,0.0,0.0
86872.37,0.44089308991555703,0.0,15592.0,37.0,0.22374999999874065,32.125,32.8125,36.85000000000002,0.0,0.0,0.0,0.0,0.0,20.0,0.3,0.1,0.2,0.1,0.4,0.1,0.1,0.1,0.5,0.0,65535.0,0.12681773098344395,0.0,65535.0,0.07629510948348212,0.0,0.0,0.0,0.0,0.0,0.0,0.0,0.0,0.0,0.0
86932.42,0.45053126931271037,0.0,15592.0,37.0,0.2852499999987424,32.1875,32.875,37.110000000000014,0.0,0.0,0.0,0.0,0.0,20.0,0.3,0.1,0.2,0.1,0.4,0.1,0.1,0.1,0.5,0.0,65535.0,0.12672617685206378,0.0,65535.0,0.07650873579003586,0.0,0.0,0.0,0.0,0.0,0.0,0.0,0.0,0.0,0.0
86992.46,0.4473155678824888,0.0,15592.0,37.0,0.20454999999873877,32.25,32.8125,36.93000000000001,0.0,0.0,0.0,0.0,0.0,20.0,0.3,0.1,0.2,0.1,0.4,0.1,0.1,0.1,0.5,0.0,65535.0,0.12681773098344395,0.0,65535.0,0.07598992904554817,0.0,0.0,0.0,0.0,0.0,0.0,0.0,0.0,0.0,0.0
87052.5,0.3783826266904331,0.0,15592.0,37.0,0.26634999999874026,32.25,32.8125,36.89000000000004,0.0,0.0,0.0,0.0,0.0,20.0,0.3,0.1,0.2,0.1,0.4,0.1,0.1,0.1,0.5,0.0,65535.0,0.12674143587396047,0.0,65535.0,0.07609674219882505,0.0,0.0,0.0,0.0,0.0,0.0,0.0,0.0,0.0,0.0
87112.55,0.39585229761950624,0.0,15592.0,37.0,0.22304999999873273,32.1875,32.8125,36.93000000000001,0.0,0.0,0.0,0.0,0.0,20.0,0.3,0.1,0.2,0.1,0.4,0.1,0.1,0.1,0.5,0.0,65535.0,0.12649729152361333,0.0,65535.0,0.07598992904554817,0.0,0.0,0.0,0.0,0.0,0.0,0.0,0.0,0.0,0.0
87172.59,0.42430448673166044,0.0,15592.0,37.0,0.2047499999987309,32.1875,32.875,37.05000000000001,0.0,0.0,0.0,0.0,0.0,20.0,0.3,0.1,0.2,0.1,0.4,0.1,0.1,0.1,0.5,0.0,65535.0,0.12677195391775387,0.0,65535.0,0.07608148317692835,0.0,0.0,0.0,0.0,0.0,0.0,0.0,0.0,0.0,0.0
87232.64,0.4250098895428687,0.0,15592.0,37.0,0.2550499999987269,32.1875,32.8125,36.77000000000004,0.0,0.0,0.0,0.0,0.0,20.0,0.3,0.1,0.2,0.1,0.4,0.1,0.1,0.1,0.5,0.0,65535.0,0.12648203250171663,0.0,65535.0,0.07646295872434578,0.0,0.0,0.0,0.0,0.0,0.0,0.0,0.0,0.0,0.0
87292.68,0.405981559245157,0.0,15592.0,37.0,0.2562499999987258,32.125,32.875,37.03000000000003,0.0,0.0,0.0,0.0,0.0,20.0,0.3,0.1,0.2,0.1,0.4,0.1,0.1,0.1,0.5,0.0,65535.0,0.12686350804913404,0.0,65535.0,0.07594415197985808,0.0,0.0,0.0,0.0,0.0,0.0,0.0,0.0,0.0,0.0
87352.76,0.40123842285495803,0.0,15592.0,37.0,0.24004999999872376,32.1875,32.8125,36.93000000000001,0.0,0.0,0.0,0.0,0.0,20.0,0.3,0.1,0.2,0.1,0.4,0.1,0.1,0.1,0.5,0.0,65535.0,0.12718394750896467,0.0,65535.0,0.07609674219882505,0.0,0.0,0.0,0.0,0.0,0.0,0.0,0.0,0.0,0.0
87412.83,0.3962549171408447,0.0,15592.0,37.0,0.24324999999873248,32.1875,32.875,36.81,0.0,0.0,0.0,0.0,0.0,20.0,0.3,0.1,0.2,0.1,0.4,0.1,0.1,0.1,0.5,0.0,65535.0,0.12695506218051422,0.0,65535.0,0.07603570611123826,0.0,0.0,0.0,0.0,0.0,0.0,0.0,0.0,0.0,0.0
87472.9,0.40718591567996143,0.0,15592.0,37.0,0.22384999999872085,32.1875,32.8125,36.85000000000002,0.0,0.0,0.0,0.0,0.0,20.0,0.3,0.1,0.2,0.1,0.4,0.1,0.1,0.1,0.5,0.0,65535.0,0.12719920653086136,0.0,65535.0,0.0758678568703746,0.0,0.0,0.0,0.0,0.0,0.0,0.0,0.0,0.0,0.0
87532.98,0.4099019383211267,0.0,15592.0,37.0,0.2335499999987254,32.1875,32.875,36.950000000000045,0.0,0.0,0.0,0.0,0.0,20.0,0.3,0.1,0.2,0.1,0.4,0.1,0.1,0.1,0.5,0.0,65535.0,0.12726024261844815,0.0,65535.0,0.07624933241779203,0.0,0.0,0.0,0.0,0.0,0.0,0.0,0.0,0.0,0.0
87593.06,0.4252556375571679,0.0,15592.0,37.0,0.24004999999871945,32.1875,32.875,36.89000000000004,0.0,0.0,0.0,0.0,0.0,20.0,0.3,0.1,0.2,0.1,0.4,0.1,0.1,0.1,0.5,0.0,65535.0,0.12695506218051422,0.0,65535.0,0.07618829633020524,0.0,0.0,0.0,0.0,0.0,0.0,0.0,0.0,0.0,0.0
87653.14,0.4013546443609032,0.0,15592.0,37.0,0.24154999999871807,32.25,32.8125,36.97000000000003,0.0,0.0,0.0,0.0,0.0,20.0,0.3,0.1,0.2,0.1,0.4,0.1,0.1,0.1,0.5,0.0,65535.0,0.12739757381551842,0.0,65535.0,0.07603570611123826,0.0,0.0,0.0,0.0,0.0,0.0,0.0,0.0,0.0,0.0
87713.21,0.39938532263171134,0.0,15592.0,37.0,0.17584999999871415,32.25,32.875,36.870000000000005,0.0,0.0,0.0,0.0,0.0,20.0,0.3,0.1,0.2,0.1,0.4,0.1,0.1,0.1,0.5,0.0,65535.0,0.12739757381551842,0.0,65535.0,0.07631036850537881,0.0,0.0,0.0,0.0,0.0,0.0,0.0,0.0,0.0,0.0
87773.29,0.396225201444111,0.0,15592.0,37.0,0.23614999999871528,32.25,32.8125,36.950000000000045,0.0,0.0,0.0,0.0,0.0,20.0,0.3,0.1,0.2,0.1,0.4,0.1,0.1,0.1,0.5,0.0,65535.0,0.12719920653086136,0.0,65535.0,0.07632562752727551,0.0,0.0,0.0,0.0,0.0,0.0,0.0,0.0,0.0,0.0
87833.34,0.4014021935293415,0.0,15592.0,37.0,0.2638499999987202,32.1875,32.8125,36.97000000000003,0.0,0.0,0.0,0.0,0.0,20.0,0.3,0.1,0.2,0.1,0.4,0.1,0.1,0.1,0.5,0.0,65535.0,0.12753490501258868,0.0,65535.0,0.07624933241779203,0.0,0.0,0.0,0.0,0.0,0.0,0.0,0.0,0.0,0.0
87893.38,0.41179024383637075,0.0,15592.0,37.0,0.2117499999987224,32.25,32.8125,36.97000000000003,0.0,0.0,0.0,0.0,0.0,20.0,0.3,0.1,0.2,0.1,0.4,0.1,0.1,0.1,0.5,0.0,65535.0,0.12738231479362172,0.0,65535.0,0.07629510948348212,0.0,0.0,0.0,0.0,0.0,0.0,0.0,0.0,0.0,0.0
87953.43,0.41966421091514355,0.0,15592.0,37.0,0.23904999999872256,32.1875,32.8125,36.93000000000001,0.0,0.0,0.0,0.0,0.0,20.0,0.3,0.1,0.2,0.1,0.4,0.1,0.1,0.1,0.5,0.0,65535.0,0.12733653772793163,0.0,65535.0,0.07624933241779203,0.0,0.0,0.0,0.0,0.0,0.0,0.0,0.0,0.0,0.0
88013.47,0.4206297097899442,0.0,15592.0,37.0,0.26084999999871783,32.1875,32.875,36.81,0.0,0.0,0.0,0.0,0.0,20.0,0.3,0.1,0.2,0.1,0.4,0.1,0.1,0.1,0.5,0.0,65535.0,0.12762645914396886,0.0,65535.0,0.07632562752727551,0.0,0.0,0.0,0.0,0.0,0.0,0.0,0.0,0.0,0.0
88073.52,0.4094907863494085,0.0,15592.0,37.0,0.2723499999987224,32.1875,32.8125,37.05000000000001,0.0,0.0,0.0,0.0,0.0,20.0,0.3,0.1,0.2,0.1,0.4,0.1,0.1,0.1,0.5,0.0,65535.0,0.12765697718776225,0.0,65535.0,0.07624933241779203,0.0,0.0,0.0,0.0,0.0,0.0,0.0,0.0,0.0,0.0
88133.56,0.39116587262855945,0.0,15592.0,37.0,0.23614999999871011,32.1875,32.875,36.93000000000001,0.0,0.0,0.0,0.0,0.0,20.0,0.3,0.1,0.2,0.1,0.4,0.1,0.1,0.1,0.5,0.0,65535.0,0.1274128328374151,0.0,65535.0,0.07644769970244908,0.0,0.0,0.0,0.0,0.0,0.0,0.0,0.0,0.0,0.0
88193.59,0.3915095248828061,0.0,15592.0,37.0,0.2817499999987104,32.1875,32.8125,36.950000000000045,0.0,0.0,0.0,0.0,0.0,20.0,0.3,0.1,0.2,0.1,0.4,0.1,0.1,0.1,0.5,0.0,65535.0,0.12765697718776225,0.0,65535.0,0.07629510948348212,0.0,0.0,0.0,0.0,0.0,0.0,0.0,0.0,0.0,0.0
88253.66,0.42349244121462376,0.0,15592.0,37.0,0.22024999999870695,32.125,32.875,36.97000000000003,0.0,0.0,0.0,0.0,0.0,20.0,0.3,0.1,0.2,0.1,0.4,0.1,0.1,0.1,0.5,0.0,65535.0,0.1274128328374151,0.0,65535.0,0.07690547035934997,0.0,0.0,0.0,0.0,0.0,0.0,0.0,0.0,0.0,0.0
88313.73,0.38320941899832206,0.0,15592.0,37.0,0.250549999998707,32.1875,32.9375,37.01000000000005,0.0,0.0,0.0,0.0,0.0,20.0,0.3,0.1,0.2,0.1,0.4,0.1,0.1,0.1,0.5,0.0,65535.0,0.1278858625162127,0.0,65535.0,0.07618829633020524,0.0,0.0,0.0,0.0,0.0,0.0,0.0,0.0,0.0,0.0
88373.76,0.3917805793049373,0.0,15592.0,37.0,0.23054999999871006,32.1875,32.875,36.89000000000004,0.0,0.0,0.0,0.0,0.0,20.0,0.3,0.1,0.2,0.1,0.4,0.1,0.1,0.1,0.5,0.0,65535.0,0.12805371175707636,0.0,65535.0,0.0763408865491722,0.0,0.0,0.0,0.0,0.0,0.0,0.0,0.0,0.0,0.0
88433.82,0.43681906324573344,0.0,15592.0,37.0,0.32274999999870235,32.1875,32.875,36.85000000000002,0.0,0.0,0.0,0.0,0.0,20.0,0.3,0.1,0.2,0.1,0.4,0.1,0.1,0.1,0.5,0.0,65535.0,0.1279316395819028,0.0,65535.0,0.0767986572060731,0.0,0.0,0.0,0.0,0.0,0.0,0.0,0.0,0.0,0.0
88493.86,0.43291932277064066,0.0,15592.0,37.0,0.2233499999987075,32.25,32.8125,36.950000000000045,0.0,0.0,0.0,0.0,0.0,20.0,0.3,0.1,0.2,0.1,0.4,0.1,0.1,0.1,0.5,0.0,65535.0,0.12770275425345234,0.0,65535.0,0.07620355535210194,0.0,0.0,0.0,0.0,0.0,0.0,0.0,0.0,0.0,0.0
88553.92,0.4188799420518949,0.0,15592.0,37.0,0.19884999999871045,32.25,32.8125,36.97000000000003,0.0,0.0,0.0,0.0,0.0,20.0,0.3,0.1,0.2,0.1,0.4,0.1,0.1,0.1,0.5,0.0,65535.0,0.12753490501258868,0.0,65535.0,0.07644769970244908,0.0,0.0,0.0,0.0,0.0,0.0,0.0,0.0,0.0,0.0
88614.0,0.41620671040184526,0.0,15592.0,37.0,0.24294999999871125,32.25,32.875,36.79000000000002,0.0,0.0,0.0,0.0,0.0,20.0,0.3,0.1,0.2,0.1,0.4,0.1,0.1,0.1,0.5,0.0,65535.0,0.12806897077897306,0.0,65535.0,0.07632562752727551,0.0,0.0,0.0,0.0,0.0,0.0,0.0,0.0,0.0,0.0
88674.04,0.4107552809599896,0.0,15592.0,37.0,0.24234999999871093,32.1875,32.875,36.77000000000004,0.0,0.0,0.0,0.0,0.0,20.0,0.3,0.1,0.2,0.1,0.4,0.1,0.1,0.1,0.5,0.0,65535.0,0.12779430838483252,0.0,65535.0,0.0767986572060731,0.0,0.0,0.0,0.0,0.0,0.0,0.0,0.0,0.0,0.0
88734.1,0.40446915866644023,0.0,15592.0,37.0,0.24144999999871003,32.1875,32.875,36.79000000000002,0.0,0.0,0.0,0.0,0.0,20.0,0.3,0.1,0.2,0.1,0.4,0.1,0.1,0.1,0.5,0.0,65535.0,0.12773327229724574,0.0,65535.0,0.07617303730830854,0.0,0.0,0.0,0.0,0.0,0.0,0.0,0.0,0.0,0.0
88794.17,0.4055553789134152,0.0,15592.0,37.0,0.23554999999869947,32.1875,32.8125,36.950000000000045,0.0,0.0,0.0,0.0,0.0,20.0,0.3,0.1,0.2,0.1,0.4,0.1,0.1,0.1,0.5,0.0,65535.0,0.1283588921950103,0.0,65535.0,0.07631036850537881,0.0,0.0,0.0,0.0,0.0,0.0,0.0,0.0,0.0,0.0
88854.21,0.41932268647646037,0.0,15592.0,37.0,0.2426499999987089,32.1875,32.875,36.85000000000002,0.0,0.0,0.0,0.0,0.0,20.0,0.3,0.1,0.2,0.1,0.4,0.1,0.1,0.1,0.5,0.0,65535.0,0.1279163805600061,0.0,65535.0,0.07612726024261844,0.0,0.0,0.0,0.0,0.0,0.0,0.0,0.0,0.0,0.0
88914.26,0.4160701462726544,0.0,15592.0,37.0,0.2824499999987045,32.1875,32.875,36.690000000000055,0.0,0.0,0.0,0.0,0.0,20.0,0.3,0.1,0.2,0.1,0.4,0.1,0.1,0.1,0.5,0.0,65535.0,0.12773327229724574,0.0,65535.0,0.07624933241779203,0.0,0.0,0.0,0.0,0.0,0.0,0.0,0.0,0.0,0.0
88974.3,0.41705751562368076,0.0,15592.0,37.0,0.22564999999869678,32.25,32.875,36.950000000000045,0.0,0.0,0.0,0.0,0.0,20.0,0.3,0.1,0.2,0.1,0.4,0.1,0.1,0.1,0.5,0.0,65535.0,0.12794689860379949,0.0,65535.0,0.07602044708934157,0.0,0.0,0.0,0.0,0.0,0.0,0.0,0.0,0.0,0.0
89034.36,0.41946624869810817,0.0,15592.0,37.0,0.21644999999870002,32.25,32.8125,37.01000000000005,0.0,0.0,0.0,0.0,0.0,20.0,0.3,0.1,0.2,0.1,0.4,0.1,0.1,0.1,0.5,0.0,65535.0,0.12808422980086975,0.0,65535.0,0.07621881437399863,0.0,0.0,0.0,0.0,0.0,0.0,0.0,0.0,0.0,0.0
89094.41,0.4152645265226256,0.0,15592.0,37.0,0.284149999998697,32.1875,32.875,36.77000000000004,0.0,0.0,0.0,0.0,0.0,20.0,0.3,0.1,0.2,0.1,0.4,0.1,0.1,0.1,0.5,0.0,65535.0,0.1283283741512169,0.0,65535.0,0.07667658503089952,0.0,0.0,0.0,0.0,0.0,0.0,0.0,0.0,0.0,0.0
89154.46,0.42600777614457147,0.0,15592.0,37.0,0.19824999999870235,32.1875,32.875,37.110000000000014,0.0,0.0,0.0,0.0,0.0,20.0,0.3,0.1,0.2,0.1,0.4,0.1,0.1,0.1,0.5,0.0,65535.0,0.12808422980086975,0.0,65535.0,0.0763408865491722,0.0,0.0,0.0,0.0,0.0,0.0,0.0,0.0,0.0,0.0
89214.53,0.4302353688234286,0.0,15592.0,37.0,0.20964999999870193,32.1875,32.8125,37.05000000000001,0.0,0.0,0.0,0.0,0.0,20.0,0.3,0.1,0.2,0.1,0.4,0.1,0.1,0.1,0.5,0.0,65535.0,0.12823682001983672,0.0,65535.0,0.07669184405279622,0.0,0.0,0.0,0.0,0.0,0.0,0.0,0.0,0.0,0.0
89274.59,0.4179932642448124,0.0,15592.0,37.0,0.29474999999869983,32.1875,32.8125,36.73000000000002,0.0,0.0,0.0,0.0,0.0,20.0,0.3,0.1,0.2,0.1,0.4,0.1,0.1,0.1,0.5,0.0,65535.0,0.12809948882276645,0.0,65535.0,0.07653925383382926,0.0,0.0,0.0,0.0,0.0,0.0,0.0,0.0,0.0,0.0
89334.66,0.4479426431439298,0.0,15592.0,37.0,0.21234999999870116,32.1875,32.875,37.05000000000001,0.0,0.0,0.0,0.0,0.0,20.0,0.3,0.1,0.2,0.1,0.4,0.1,0.1,0.1,0.5,0.0,65535.0,0.1282978561074235,0.0,65535.0,0.07629510948348212,0.0,0.0,0.0,0.0,0.0,0.0,0.0,0.0,0.0,0.0
89394.71,0.44730559318356033,0.0,15592.0,37.0,0.22054999999869115,32.1875,32.875,37.01000000000005,0.0,0.0,0.0,0.0,0.0,20.0,0.3,0.1,0.2,0.1,0.4,0.1,0.1,0.1,0.5,0.0,65535.0,0.12858777752346073,0.0,65535.0,0.07661554894331274,0.0,0.0,0.0,0.0,0.0,0.0,0.0,0.0,0.0,0.0
89454.77,0.45289063502510635,0.0,15592.0,37.0,0.23464999999869082,32.25,32.875,36.950000000000045,0.0,0.0,0.0,0.0,0.0,20.0,0.3,0.1,0.2,0.1,0.4,0.1,0.1,0.1,0.5,0.0,65535.0,0.12854200045777064,0.0,65535.0,0.07690547035934997,0.0,0.0,0.0,0.0,0.0,0.0,0.0,0.0,0.0,0.0
89514.82,0.4567904315193818,0.0,15592.0,37.0,0.23574999999869975,32.1875,32.875,36.93000000000001,0.0,0.0,0.0,0.0,0.0,20.0,0.3,0.1,0.2,0.1,0.4,0.1,0.1,0.1,0.5,0.0,65535.0,0.12848096437018386,0.0,65535.0,0.07646295872434578,0.0,0.0,0.0,0.0,0.0,0.0,0.0,0.0,0.0,0.0
89574.86,0.4547855593834158,0.0,15592.0,37.0,0.19784999999869243,32.1875,32.875,37.09000000000003,0.0,0.0,0.0,0.0,0.0,20.0,0.3,0.1,0.2,0.1,0.4,0.1,0.1,0.1,0.5,0.0,65535.0,0.12861829556725413,0.0,65535.0,0.07656977187762265,0.0,0.0,0.0,0.0,0.0,0.0,0.0,0.0,0.0,0.0
89634.91,0.44903975670108565,0.0,15592.0,37.0,0.22874999999869275,32.1875,32.875,36.97000000000003,0.0,0.0,0.0,0.0,0.0,20.0,0.3,0.1,0.2,0.1,0.4,0.1,0.1,0.1,0.5,0.0,65535.0,0.12857251850156404,0.0,65535.0,0.07658503089951935,0.0,0.0,0.0,0.0,0.0,0.0,0.0,0.0,0.0,0.0
89694.95,0.43032506956010436,0.0,15592.0,37.0,0.2349499999986871,32.125,32.9375,36.950000000000045,0.0,0.0,0.0,0.0,0.0,20.0,0.3,0.1,0.2,0.1,0.4,0.1,0.1,0.1,0.5,0.0,65535.0,0.12858777752346073,0.0,65535.0,0.07650873579003586,0.0,0.0,0.0,0.0,0.0,0.0,0.0,0.0,0.0,0.0
89755.0,0.425916381961681,0.0,15592.0,37.0,0.28204999999868774,32.1875,32.875,36.77000000000004,0.0,0.0,0.0,0.0,0.0,20.0,0.3,0.1,0.2,0.1,0.4,0.1,0.1,0.1,0.5,0.0,65535.0,0.12817578393224993,0.0,65535.0,0.07669184405279622,0.0,0.0,0.0,0.0,0.0,0.0,0.0,0.0,0.0,0.0
89815.07,0.4064613562197489,0.0,15592.0,37.0,0.2417499999986951,32.1875,32.875,36.93000000000001,0.0,0.0,0.0,0.0,0.0,20.0,0.3,0.1,0.2,0.1,0.4,0.1,0.1,0.1,0.5,0.0,65535.0,0.12863355458915082,0.0,65535.0,0.0767681391622797,0.0,0.0,0.0,0.0,0.0,0.0,0.0,0.0,0.0,0.0
89875.13,0.3994013669354596,0.0,15592.0,37.0,0.2750499999986958,32.1875,32.9375,36.81,0.0,0.0,0.0,0.0,0.0,20.0,0.3,0.1,0.2,0.1,0.4,0.1,0.1,0.1,0.5,0.0,65535.0,0.1287403677424277,0.0,65535.0,0.07643244068055238,0.0,0.0,0.0,0.0,0.0,0.0,0.0,0.0,0.0,0.0
89935.23,0.4044226708957785,0.0,15592.0,37.0,0.25414999999868465,32.25,32.9375,36.89000000000004,0.0,0.0,0.0,0.0,0.0,20.0,0.3,0.1,0.2,0.1,0.4,0.1,0.1,0.1,0.5,0.0,65535.0,0.1282978561074235,0.0,65535.0,0.07646295872434578,0.0,0.0,0.0,0.0,0.0,0.0,0.0,0.0,0.0,0.0
89995.31,0.39563511143356556,0.0,15592.0,37.0,0.24154999999868274,32.25,32.875,36.950000000000045,0.0,0.0,0.0,0.0,0.0,20.0,0.3,0.1,0.2,0.1,0.4,0.1,0.1,0.1,0.5,0.0,65535.0,0.12858777752346073,0.0,65535.0,0.07615777828641183,0.0,0.0,0.0,0.0,0.0,0.0,0.0,0.0,0.0,0.0
90055.35,0.39304628539341413,0.0,15592.0,37.0,0.21824999999868544,32.25,32.875,37.03000000000003,0.0,0.0,0.0,0.0,0.0,20.0,0.3,0.1,0.2,0.1,0.4,0.1,0.1,0.1,0.5,0.0,65535.0,0.1287861448081178,0.0,65535.0,0.07704280155642024,0.0,0.0,0.0,0.0,0.0,0.0,0.0,0.0,0.0,0.0
90115.43,0.397070143773375,0.0,15592.0,37.0,0.23114999999868535,32.25,32.875,36.97000000000003,0.0,0.0,0.0,0.0,0.0,20.0,0.3,0.1,0.2,0.1,0.4,0.1,0.1,0.1,0.5,0.0,65535.0,0.12889295796139466,0.0,65535.0,0.07667658503089952,0.0,0.0,0.0,0.0,0.0,0.0,0.0,0.0,0.0,0.0
90175.5,0.3984904377830301,0.0,15592.0,37.0,0.22994999999868473,32.25,32.875,36.97000000000003,0.0,0.0,0.0,0.0,0.0,20.0,0.3,0.1,0.2,0.1,0.4,0.1,0.1,0.1,0.5,0.0,65535.0,0.12896925307087817,0.0,65535.0,0.07661554894331274,0.0,0.0,0.0,0.0,0.0,0.0,0.0,0.0,0.0,0.0
90235.58,0.3917996305234241,0.0,15592.0,37.0,0.3191499999986772,32.1875,32.875,36.63000000000005,0.0,0.0,0.0,0.0,0.0,20.0,0.3,0.1,0.2,0.1,0.4,0.1,0.1,0.1,0.5,0.0,65535.0,0.1287098496986343,0.0,65535.0,0.07643244068055238,0.0,0.0,0.0,0.0,0.0,0.0,0.0,0.0,0.0,0.0
90295.65,0.35623080355808057,0.0,15592.0,37.0,0.2594499999986889,32.25,32.875,36.870000000000005,0.0,0.0,0.0,0.0,0.0,20.0,0.3,0.1,0.2,0.1,0.4,0.1,0.1,0.1,0.5,0.0,65535.0,0.12893873502708478,0.0,65535.0,0.07660028992141604,0.0,0.0,0.0,0.0,0.0,0.0,0.0,0.0,0.0,0.0
90355.74,0.35590323829255177,0.0,15592.0,37.0,0.23884999999867745,32.25,32.9375,36.950000000000045,0.0,0.0,0.0,0.0,0.0,20.0,0.3,0.1,0.2,0.1,0.4,0.1,0.1,0.1,0.5,0.0,65535.0,0.12899977111467156,0.0,65535.0,0.07655451285572595,0.0,0.0,0.0,0.0,0.0,0.0,0.0,0.0,0.0,0.0
90415.8,0.4128330638385405,0.0,15592.0,37.0,0.2329499999986811,32.25,32.875,36.97000000000003,0.0,0.0,0.0,0.0,0.0,20.0,0.3,0.1,0.2,0.1,0.4,0.1,0.1,0.1,0.5,0.0,65535.0,0.12907606622415504,0.0,65535.0,0.07656977187762265,0.0,0.0,0.0,0.0,0.0,0.0,0.0,0.0,0.0,0.0
90475.87,0.4067577815793376,0.0,15592.0,37.0,0.19254999999868344,32.25,32.875,37.110000000000014,0.0,0.0,0.0,0.0,0.0,20.0,0.3,0.1,0.2,0.1,0.4,0.1,0.1,0.1,0.5,0.0,65535.0,0.12912184328984513,0.0,65535.0,0.07666132600900283,0.0,0.0,0.0,0.0,0.0,0.0,0.0,0.0,0.0,0.0
90535.95,0.406428143908958,0.0,15592.0,37.0,0.2543499999986849,32.1875,32.875,36.870000000000005,0.0,0.0,0.0,0.0,0.0,20.0,0.3,0.1,0.2,0.1,0.4,0.1,0.1,0.1,0.5,0.0,65535.0,0.12904554818036165,0.0,65535.0,0.07649347676813917,0.0,0.0,0.0,0.0,0.0,0.0,0.0,0.0,0.0,0.0
90596.03,0.4092567647768549,0.0,15592.0,37.0,0.23144999999867819,32.1875,32.9375,36.97000000000003,0.0,0.0,0.0,0.0,0.0,20.0,0.3,0.1,0.2,0.1,0.4,0.1,0.1,0.1,0.5,0.0,65535.0,0.12886243991760127,0.0,65535.0,0.07667658503089952,0.0,0.0,0.0,0.0,0.0,0.0,0.0,0.0,0.0,0.0
90656.1,0.4075909357857947,0.0,15592.0,37.0,0.23344999999867208,32.1875,32.9375,36.950000000000045,0.0,0.0,0.0,0.0,0.0,20.0,0.3,0.1,0.2,0.1,0.4,0.1,0.1,0.1,0.5,0.0,65535.0,0.12898451209277487,0.0,65535.0,0.0763408865491722,0.0,0.0,0.0,0.0,0.0,0.0,0.0,0.0,0.0,0.0
90716.18,0.412218493120562,0.0,15592.0,37.0,0.23754999999868084,32.25,32.875,36.93000000000001,0.0,0.0,0.0,0.0,0.0,20.0,0.3,0.1,0.2,0.1,0.4,0.1,0.1,0.1,0.5,0.0,65535.0,0.12901503013656826,0.0,65535.0,0.07664606698710613,0.0,0.0,0.0,0.0,0.0,0.0,0.0,0.0,0.0,0.0
90776.25,0.3994011078904962,0.0,15592.0,37.0,0.25434999999868063,32.125,32.875,36.870000000000005,0.0,0.0,0.0,0.0,0.0,20.0,0.3,0.1,0.2,0.1,0.4,0.1,0.1,0.1,0.5,0.0,65535.0,0.12913710231174183,0.0,65535.0,0.07631036850537881,0.0,0.0,0.0,0.0,0.0,0.0,0.0,0.0,0.0,0.0
90836.33,0.40900743190390904,0.0,15592.0,37.0,0.25174999999866965,32.1875,32.9375,36.89000000000004,0.0,0.0,0.0,0.0,0.0,20.0,0.3,0.1,0.2,0.1,0.4,0.1,0.1,0.1,0.5,0.0,65535.0,0.12935072861829558,0.0,65535.0,0.07666132600900283,0.0,0.0,0.0,0.0,0.0,0.0,0.0,0.0,0.0,0.0
90896.39,0.36818851619952925,0.0,15592.0,37.0,0.23614999999866787,32.125,32.9375,36.950000000000045,0.0,0.0,0.0,0.0,0.0,20.0,0.3,0.1,0.2,0.1,0.4,0.1,0.1,0.1,0.5,0.0,65535.0,0.1293049515526055,0.0,65535.0,0.07660028992141604,0.0,0.0,0.0,0.0,0.0,0.0,0.0,0.0,0.0,0.0
90956.46,0.3786753278370836,0.0,15592.0,37.0,0.2805499999986684,32.1875,32.9375,36.77000000000004,0.0,0.0,0.0,0.0,0.0,20.0,0.3,0.1,0.2,0.1,0.4,0.1,0.1,0.1,0.5,0.0,65535.0,0.12962539101243611,0.0,65535.0,0.07646295872434578,0.0,0.0,0.0,0.0,0.0,0.0,0.0,0.0,0.0,0.0
91016.54,0.3789618658501185,0.0,15592.0,37.0,0.2408499999986761,32.1875,32.875,36.93000000000001,0.0,0.0,0.0,0.0,0.0,20.0,0.3,0.1,0.2,0.1,0.4,0.1,0.1,0.1,0.5,0.0,65535.0,0.12950331883726254,0.0,65535.0,0.07669184405279622,0.0,0.0,0.0,0.0,0.0,0.0,0.0,0.0,0.0,0.0
91076.61,0.38843972962935014,0.0,15592.0,37.0,0.20934999999867462,32.1875,32.9375,37.05000000000001,0.0,0.0,0.0,0.0,0.0,20.0,0.3,0.1,0.2,0.1,0.4,0.1,0.1,0.1,0.5,0.0,65535.0,0.12936598764019228,0.0,65535.0,0.07660028992141604,0.0,0.0,0.0,0.0,0.0,0.0,0.0,0.0,0.0,0.0
91136.68,0.39540240301481966,0.0,15592.0,37.0,0.25824999999867615,32.1875,32.875,36.870000000000005,0.0,0.0,0.0,0.0,0.0,20.0,0.3,0.1,0.2,0.1,0.4,0.1,0.1,0.1,0.5,0.0,65535.0,0.1296559090562295,0.0,65535.0,0.07661554894331274,0.0,0.0,0.0,0.0,0.0,0.0,0.0,0.0,0.0,0.0
91196.74,0.3701758717702466,0.0,15592.0,37.0,0.278549999998671,32.1875,32.9375,36.79000000000002,0.0,0.0,0.0,0.0,0.0,20.0,0.3,0.1,0.2,0.1,0.4,0.1,0.1,0.1,0.5,0.0,65535.0,0.12948805981536585,0.0,65535.0,0.0767833981841764,0.0,0.0,0.0,0.0,0.0,0.0,0.0,0.0,0.0,0.0
91256.81,0.3720223038829039,0.0,15592.0,37.0,0.23854999999866394,32.25,32.875,36.950000000000045,0.0,0.0,0.0,0.0,0.0,20.0,0.3,0.1,0.2,0.1,0.4,0.1,0.1,0.1,0.5,0.0,65535.0,0.1296406500343328,0.0,65535.0,0.07669184405279622,0.0,0.0,0.0,0.0,0.0,0.0,0.0,0.0,0.0,0.0
91316.85,0.4131208858210731,0.0,15592.0,37.0,0.22144999999866188,32.25,32.9375,37.01000000000005,0.0,0.0,0.0,0.0,0.0,20.0,0.3,0.1,0.2,0.1,0.4,0.1,0.1,0.1,0.5,0.0,65535.0,0.1296406500343328,0.0,65535.0,0.07681391622796979,0.0,0.0,0.0,0.0,0.0,0.0,0.0,0.0,0.0,0.0
91376.89,0.4277300985454572,0.0,15592.0,37.0,0.24174999999867183,32.1875,32.875,36.93000000000001,0.0,0.0,0.0,0.0,0.0,20.0,0.3,0.1,0.2,0.1,0.4,0.1,0.1,0.1,0.5,0.0,65535.0,0.1296864271000229,0.0,65535.0,0.07666132600900283,0.0,0.0,0.0,0.0,0.0,0.0,0.0,0.0,0.0,0.0
91436.94,0.42077372203706537,0.0,15592.0,37.0,0.24144999999867123,32.25,32.9375,36.93000000000001,0.0,0.0,0.0,0.0,0.0,20.0,0.3,0.1,0.2,0.1,0.4,0.1,0.1,0.1,0.5,0.0,65535.0,0.12935072861829558,0.0,65535.0,0.07669184405279622,0.0,0.0,0.0,0.0,0.0,0.0,0.0,0.0,0.0,0.0
91496.98,0.4262679035440881,0.0,15592.0,37.0,0.22114999999865959,32.1875,32.9375,37.01000000000005,0.0,0.0,0.0,0.0,0.0,20.0,0.3,0.1,0.2,0.1,0.4,0.1,0.1,0.1,0.5,0.0,65535.0,0.12979324025329977,0.0,65535.0,0.07652399481193256,0.0,0.0,0.0,0.0,0.0,0.0,0.0,0.0,0.0,0.0
91557.02,0.4371070743544064,0.0,15592.0,37.0,0.21284999999866286,32.25,32.9375,37.03000000000003,0.0,0.0,0.0,0.0,0.0,20.0,0.3,0.1,0.2,0.1,0.4,0.1,0.1,0.1,0.5,0.0,65535.0,0.129732204165713,0.0,65535.0,0.07655451285572595,0.0,0.0,0.0,0.0,0.0,0.0,0.0,0.0,0.0,0.0
91617.07,0.436537421489786,0.0,15592.0,37.0,0.24994999999865838,32.1875,32.9375,36.89000000000004,0.0,0.0,0.0,0.0,0.0,20.0,0.3,0.1,0.2,0.1,0.4,0.1,0.1,0.1,0.5,0.0,65535.0,0.12990005340657665,0.0,65535.0,0.07660028992141604,0.0,0.0,0.0,0.0,0.0,0.0,0.0,0.0,0.0,0.0
91677.11,0.437173306219762,0.0,15592.0,37.0,0.27674999999866323,32.1875,32.875,36.79000000000002,0.0,0.0,0.0,0.0,0.0,20.0,0.3,0.1,0.2,0.1,0.4,0.1,0.1,0.1,0.5,0.0,65535.0,0.12954909590295263,0.0,65535.0,0.07699702449073015,0.0,0.0,0.0,0.0,0.0,0.0,0.0,0.0,0.0,0.0
91737.19,0.3546204076257201,0.0,15592.0,37.0,0.25794999999866697,32.25,32.9375,36.870000000000005,0.0,0.0,0.0,0.0,0.0,20.0,0.3,0.1,0.2,0.1,0.4,0.1,0.1,0.1,0.5,0.0,65535.0,0.1300984206912337,0.0,65535.0,0.0767681391622797,0.0,0.0,0.0,0.0,0.0,0.0,0.0,0.0,0.0,0.0
91797.25,0.34800183724723854,0.0,15592.0,37.0,0.25944999999866647,32.25,32.875,36.870000000000005,0.0,0.0,0.0,0.0,0.0,20.0,0.3,0.1,0.2,0.1,0.4,0.1,0.1,0.1,0.5,0.0,65535.0,0.12979324025329977,0.0,65535.0,0.07663080796520944,0.0,0.0,0.0,0.0,0.0,0.0,0.0,0.0,0.0,0.0
91857.31,0.34867464054877406,0.0,15592.0,37.0,0.24594999999866538,32.25,33.0,36.93000000000001,0.0,0.0,0.0,0.0,0.0,20.0,0.3,0.1,0.2,0.1,0.4,0.1,0.1,0.1,0.5,0.0,65535.0,0.12986953536278326,0.0,65535.0,0.07689021133745327,0.0,0.0,0.0,0.0,0.0,0.0,0.0,0.0,0.0,0.0
91917.37,0.35265307528656226,0.0,15592.0,37.0,0.2462499999986651,32.3125,32.9375,36.93000000000001,0.0,0.0,0.0,0.0,0.0,20.0,0.3,0.1,0.2,0.1,0.4,0.1,0.1,0.1,0.5,0.0,65535.0,0.130083161669337,0.0,65535.0,0.07704280155642024,0.0,0.0,0.0,0.0,0.0,0.0,0.0,0.0,0.0,0.0
91977.4,0.3824753296827442,0.0,15592.0,37.0,0.28154999999866054,32.25,32.875,36.79000000000002,0.0,0.0,0.0,0.0,0.0,20.0,0.3,0.1,0.2,0.1,0.4,0.1,0.1,0.1,0.5,0.0,65535.0,0.13003738460364692,0.0,65535.0,0.07670710307469292,0.0,0.0,0.0,0.0,0.0,0.0,0.0,0.0,0.0,0.0
92037.48,0.3904520083207732,0.0,15592.0,37.0,0.238249999998653,32.25,32.875,36.950000000000045,0.0,0.0,0.0,0.0,0.0,20.0,0.3,0.1,0.2,0.1,0.4,0.1,0.1,0.1,0.5,0.0,65535.0,0.13018997482261388,0.0,65535.0,0.07664606698710613,0.0,0.0,0.0,0.0,0.0,0.0,0.0,0.0,0.0,0.0
92097.51,0.41534775058235457,0.0,15592.0,37.0,0.19404999999866052,32.1875,32.9375,37.110000000000014,0.0,0.0,0.0,0.0,0.0,20.0,0.3,0.1,0.2,0.1,0.4,0.1,0.1,0.1,0.5,0.0,65535.0,0.13003738460364692,0.0,65535.0,0.07681391622796979,0.0,0.0,0.0,0.0,0.0,0.0,0.0,0.0,0.0,0.0
92157.55,0.4095565508655691,0.0,15592.0,37.0,0.31264999999865467,32.25,32.9375,36.650000000000034,0.0,0.0,0.0,0.0,0.0,20.0,0.3,0.1,0.2,0.1,0.4,0.1,0.1,0.1,0.5,0.0,65535.0,0.1305104142824445,0.0,65535.0,0.076752880140383,0.0,0.0,0.0,0.0,0.0,0.0,0.0,0.0,0.0,0.0
92217.61,0.29681749497076915,0.0,15592.0,37.0,0.1946499999986591,32.1875,32.9375,37.110000000000014,0.0,0.0,0.0,0.0,0.0,20.0,0.3,0.1,0.2,0.1,0.4,0.1,0.1,0.1,0.5,0.0,65535.0,0.12999160753795683,0.0,65535.0,0.07685969329365988,0.0,0.0,0.0,0.0,0.0,0.0,0.0,0.0,0.0,0.0
92277.66,0.2954956933685375,0.0,15592.0,37.0,0.2729499999986615,32.1875,32.9375,36.81,0.0,0.0,0.0,0.0,0.0,20.0,0.3,0.1,0.2,0.1,0.4,0.1,0.1,0.1,0.5,0.0,65535.0,0.13023575188830397,0.0,65535.0,0.07713435568780042,0.0,0.0,0.0,0.0,0.0,0.0,0.0,0.0,0.0,0.0
92337.7,0.3069093959478047,0.0,15592.0,37.0,0.2385499999986493,32.25,32.9375,36.950000000000045,0.0,0.0,0.0,0.0,0.0,20.0,0.3,0.1,0.2,0.1,0.4,0.1,0.1,0.1,0.5,0.0,65535.0,0.13023575188830397,0.0,65535.0,0.07652399481193256,0.0,0.0,0.0,0.0,0.0,0.0,0.0,0.0,0.0,0.0
92397.76,0.2892442196378831,0.0,15592.0,37.0,0.2726499999986592,32.25,32.875,36.81,0.0,0.0,0.0,0.0,0.0,20.0,0.3,0.1,0.2,0.1,0.4,0.1,0.1,0.1,0.5,0.0,65535.0,0.13043411917296102,0.0,65535.0,0.07684443427176318,0.0,0.0,0.0,0.0,0.0,0.0,0.0,0.0,0.0,0.0
92457.81,0.28146506293175894,0.0,15592.0,37.0,0.21054999999865626,32.1875,32.875,37.05000000000001,0.0,0.0,0.0,0.0,0.0,20.0,0.3,0.1,0.2,0.1,0.4,0.1,0.1,0.1,0.5,0.0,65535.0,0.13046463721675441,0.0,65535.0,0.07704280155642024,0.0,0.0,0.0,0.0,0.0,0.0,0.0,0.0,0.0,0.0
92517.87,0.28700551330393514,0.0,15592.0,37.0,0.2331499999986465,32.1875,32.875,36.950000000000045,0.0,0.0,0.0,0.0,0.0,20.0,0.3,0.1,0.2,0.1,0.4,0.1,0.1,0.1,0.5,0.0,65535.0,0.13046463721675441,0.0,65535.0,0.07713435568780042,0.0,0.0,0.0,0.0,0.0,0.0,0.0,0.0,0.0,0.0
92577.92,0.2903643740837296,0.0,15592.0,37.0,0.2596499999986517,32.1875,32.9375,36.85000000000002,0.0,0.0,0.0,0.0,0.0,20.0,0.3,0.1,0.2,0.1,0.4,0.1,0.1,0.1,0.5,0.0,65535.0,0.13104448004882888,0.0,65535.0,0.07690547035934997,0.0,0.0,0.0,0.0,0.0,0.0,0.0,0.0,0.0,0.0
92637.98,0.3072212867292827,0.0,15592.0,37.0,0.19694999999864843,32.1875,32.9375,37.09000000000003,0.0,0.0,0.0,0.0,0.0,20.0,0.3,0.1,0.2,0.1,0.4,0.1,0.1,0.1,0.5,0.0,65535.0,0.13066300450141147,0.0,65535.0,0.07681391622796979,0.0,0.0,0.0,0.0,0.0,0.0,0.0,0.0,0.0,0.0
92698.05,0.2945934921731797,0.0,15592.0,37.0,0.1924499999986474,32.1875,32.875,37.09000000000003,0.0,0.0,0.0,0.0,0.0,20.0,0.3,0.1,0.2,0.1,0.4,0.1,0.1,0.1,0.5,0.0,65535.0,0.13083085374227513,0.0,65535.0,0.07696650644693676,0.0,0.0,0.0,0.0,0.0,0.0,0.0,0.0,0.0,0.0
92758.1,0.3011084413304148,0.0,15592.0,37.0,0.20094999999865218,32.125,32.8125,37.05000000000001,0.0,0.0,0.0,0.0,0.0,20.0,0.3,0.1,0.2,0.1,0.4,0.1,0.1,0.1,0.5,0.0,65535.0,0.13084611276417182,0.0,65535.0,0.07684443427176318,0.0,0.0,0.0,0.0,0.0,0.0,0.0,0.0,0.0,0.0
92818.17,0.30956173000919307,0.0,15592.0,37.0,0.2319999999986532,32.125,32.875,36.650000000000034,0.0,0.0,0.0,0.0,0.0,20.0,0.3,0.1,0.2,0.1,0.4,0.1,0.1,0.1,0.5,0.0,65535.0,0.13078507667658504,0.0,65535.0,0.07704280155642024,0.0,0.0,0.0,0.0,0.0,0.0,0.0,0.0,0.0,0.0
92878.25,0.31081019600726634,0.0,15592.0,37.0,0.24559999999864338,32.125,32.875,36.79000000000002,0.0,0.0,0.0,0.0,0.0,20.0,0.3,0.1,0.2,0.1,0.4,0.1,0.1,0.1,0.5,0.0,65535.0,0.1309681849393454,0.0,65535.0,0.07684443427176318,0.0,0.0,0.0,0.0,0.0,0.0,0.0,0.0,0.0,0.0
92938.33,0.4244718997717631,0.0,15592.0,37.0,0.21499999999864108,32.1875,32.875,36.73000000000002,0.0,0.0,0.0,0.0,0.0,20.0,0.3,0.1,0.2,0.1,0.4,0.1,0.1,0.1,0.5,0.0,65535.0,0.13104448004882888,0.0,65535.0,0.07689021133745327,0.0,0.0,0.0,0.0,0.0,0.0,0.0,0.0,0.0,0.0
92998.41,0.4741711728631196,0.0,15592.0,37.0,0.21269999999864486,32.125,32.9375,36.85000000000002,0.0,0.0,0.0,0.0,0.0,20.0,0.3,0.1,0.2,0.1,0.4,0.1,0.1,0.1,0.5,0.0,65535.0,0.13087663080796522,0.0,65535.0,0.07701228351262684,0.0,0.0,0.0,0.0,0.0,0.0,0.0,0.0,0.0,0.0
93058.47,0.4858734668931594,0.0,15592.0,37.0,0.21179999999864396,32.125,32.875,36.650000000000034,0.0,0.0,0.0,0.0,0.0,20.0,0.3,0.1,0.2,0.1,0.4,0.1,0.1,0.1,0.5,0.0,65535.0,0.13072404058899825,0.0,65535.0,0.07682917524986649,0.0,0.0,0.0,0.0,0.0,0.0,0.0,0.0,0.0,0.0
93118.55,0.4990030453087281,0.0,15592.0,37.0,0.21419999999864348,32.125,32.875,36.73000000000002,0.0,0.0,0.0,0.0,0.0,20.0,0.3,0.1,0.2,0.1,0.4,0.1,0.1,0.1,0.5,0.0,65535.0,0.1309224078736553,0.0,65535.0,0.07696650644693676,0.0,0.0,0.0,0.0,0.0,0.0,0.0,0.0,0.0,0.0
93178.6,0.41961737628374846,0.0,15592.0,37.0,0.171799999998636,32.1875,32.875,36.81,0.0,0.0,0.0,0.0,0.0,20.0,0.3,0.1,0.2,0.1,0.4,0.1,0.1,0.1,0.5,0.0,65535.0,0.13116655222400245,0.0,65535.0,0.07740901808194095,0.0,0.0,0.0,0.0,0.0,0.0,0.0,0.0,0.0,0.0
93238.64,0.41169149876063593,0.0,15592.0,37.0,0.23329999999863688,32.125,32.875,36.77000000000004,0.0,0.0,0.0,0.0,0.0,20.0,0.3,0.1,0.2,0.1,0.4,0.1,0.1,0.1,0.5,0.0,65535.0,0.13101396200503548,0.0,65535.0,0.07661554894331274,0.0,0.0,0.0,0.0,0.0,0.0,0.0,0.0,0.0,0.0
93298.69,0.404090462884547,0.0,15592.0,37.0,0.23919999999864572,32.125,32.875,36.89000000000004,0.0,0.0,0.0,0.0,0.0,20.0,0.3,0.1,0.2,0.1,0.4,0.1,0.1,0.1,0.5,0.0,65535.0,0.13116655222400245,0.0,65535.0,0.07669184405279622,0.0,0.0,0.0,0.0,0.0,0.0,0.0,0.0,0.0,0.0
93358.73,0.3881012811750081,0.0,15592.0,37.0,0.26069999999864124,32.1875,32.9375,36.93000000000001,0.0,0.0,0.0,0.0,0.0,20.0,0.3,0.1,0.2,0.1,0.4,0.1,0.1,0.1,0.5,0.0,65535.0,0.13122758831158923,0.0,65535.0,0.07696650644693676,0.0,0.0,0.0,0.0,0.0,0.0,0.0,0.0,0.0,0.0
93418.78,0.39675232017390366,0.0,15592.0,37.0,0.21159999999864326,32.1875,32.875,36.81,0.0,0.0,0.0,0.0,0.0,20.0,0.3,0.1,0.2,0.1,0.4,0.1,0.1,0.1,0.5,0.0,65535.0,0.13130388342107271,0.0,65535.0,0.07695124742504006,0.0,0.0,0.0,0.0,0.0,0.0,0.0,0.0,0.0,0.0
93478.82,0.39586419324993816,0.0,15592.0,37.0,0.15479999999863553,32.125,32.875,37.03000000000003,0.0,0.0,0.0,0.0,0.0,20.0,0.3,0.1,0.2,0.1,0.4,0.1,0.1,0.1,0.5,0.0,65535.0,0.13121232928969254,0.0,65535.0,0.076752880140383,0.0,0.0,0.0,0.0,0.0,0.0,0.0,0.0,0.0,0.0
93538.87,0.46550155691806555,0.0,15592.0,37.0,0.23249999999863763,32.1875,32.9375,36.93000000000001,0.0,0.0,0.0,0.0,0.0,20.0,0.3,0.1,0.2,0.1,0.4,0.1,0.1,0.1,0.5,0.0,65535.0,0.13147173266193637,0.0,65535.0,0.07682917524986649,0.0,0.0,0.0,0.0,0.0,0.0,0.0,0.0,0.0,0.0
93598.91,0.4680312274829328,0.0,15592.0,37.0,0.22039999999863102,32.125,32.875,36.89000000000004,0.0,0.0,0.0,0.0,0.0,20.0,0.3,0.1,0.2,0.1,0.4,0.1,0.1,0.1,0.5,0.0,65535.0,0.13128862439917602,0.0,65535.0,0.07682917524986649,0.0,0.0,0.0,0.0,0.0,0.0,0.0,0.0,0.0,0.0
93658.99,0.5037097575607545,0.0,15592.0,37.0,0.23279999999863565,32.125,32.875,36.710000000000036,0.0,0.0,0.0,0.0,0.0,20.0,0.3,0.1,0.2,0.1,0.4,0.1,0.1,0.1,0.5,0.0,65535.0,0.1314106965743496,0.0,65535.0,0.07716487373159381,0.0,0.0,0.0,0.0,0.0,0.0,0.0,0.0,0.0,0.0
93719.07,0.4942084937882154,0.0,15592.0,37.0,0.1906999999986279,32.1875,32.875,36.89000000000004,0.0,0.0,0.0,0.0,0.0,20.0,0.3,0.1,0.2,0.1,0.4,0.1,0.1,0.1,0.5,0.0,65535.0,0.13145647364003968,0.0,65535.0,0.0772259098191806,0.0,0.0,0.0,0.0,0.0,0.0,0.0,0.0,0.0,0.0
93779.11,0.5223891612247339,0.0,15592.0,37.0,0.21329999999863236,32.1875,32.875,36.710000000000036,0.0,0.0043,0.25,0.0,0.0,20.0,0.3,0.1,0.2,0.1,0.4,0.1,0.1,0.1,0.5,0.0,65535.0,0.13150225070572977,0.0,65535.0,0.0772106507972839,0.0,0.0,0.0,0.0,0.0,0.0,0.0,0.0,0.0,0.0
93839.19,0.5332533090182113,0.0,15592.0,37.0,0.4246499999986243,32.125,32.875,36.25000000000006,0.0,0.0,0.0,0.0,0.0,20.0,0.3,0.1,0.2,0.1,0.4,0.1,0.1,0.1,0.5,0.0,65535.0,0.12848096437018386,0.0,65535.0,0.07580682078278782,0.0,0.0,0.0,0.0,0.0,0.0,0.0,0.0,0.0,0.0
93899.24,0.5501906844848331,0.0,15592.0,37.0,0.32989999999862946,32.0625,32.875,36.710000000000036,0.0,0.0,0.0,0.0,0.0,20.0,0.3,0.1,0.2,0.1,0.4,0.1,0.1,0.1,0.5,0.0,65535.0,0.12817578393224993,0.0,65535.0,0.07531853208209353,0.0,0.0,0.0,0.0,0.0,0.0,0.0,0.0,0.0,0.0
93959.32,0.5490086699273771,0.0,15592.0,37.0,0.21369999999863395,32.1875,32.875,37.03000000000003,0.0,0.0,0.0,0.0,0.0,20.0,0.3,0.1,0.2,0.1,0.4,0.1,0.1,0.1,0.5,0.0,65535.0,0.1282520790417334,0.0,65535.0,0.07518120088502327,0.0,0.0,0.0,0.0,0.0,0.0,0.0,0.0,0.0,0.0
94019.39,0.5458187396484581,0.0,15592.0,37.0,0.21069999999863326,32.25,32.875,36.950000000000045,0.0,0.0,0.0,0.0,0.0,20.0,0.3,0.1,0.2,0.1,0.4,0.1,0.1,0.1,0.5,0.0,65535.0,0.12819104295414663,0.0,65535.0,0.07498283360036621,0.0,0.0,0.0,0.0,0.0,0.0,0.0,0.0,0.0,0.0
94079.46,0.5260462136707185,0.0,15592.0,37.0,0.21239999999862744,32.1875,32.875,36.85000000000002,0.0,0.0,0.0,0.0,0.0,20.0,0.3,0.1,0.2,0.1,0.4,0.1,0.1,0.1,0.5,0.0,65535.0,0.12797741664759288,0.0,65535.0,0.07515068284122987,0.0,0.0,0.0,0.0,0.0,0.0,0.0,0.0,0.0,0.0
94139.53,0.5344936568956258,0.0,15592.0,37.0,0.24739999999862317,32.125,32.875,36.81,0.0,0.0,0.0,0.0,0.0,20.0,0.3,0.1,0.2,0.1,0.4,0.1,0.1,0.1,0.5,0.0,65535.0,0.1282520790417334,0.0,65535.0,0.07537956816968032,0.0,0.0,0.0,0.0,0.0,0.0,0.0,0.0,0.0,0.0
94199.56,0.5517456537901337,0.0,15592.0,37.0,0.13549999999863285,32.25,32.875,36.85000000000002,0.0,0.0,0.0,0.0,0.0,20.0,0.3,0.1,0.2,0.1,0.4,0.1,0.1,0.1,0.5,0.0,65535.0,0.12823682001983672,0.0,65535.0,0.07516594186312657,0.0,0.0,0.0,0.0,0.0,0.0,0.0,0.0,0.0,0.0
94259.6,0.5655646772475442,0.0,15592.0,37.0,0.2380999999986214,32.1875,32.9375,36.77000000000004,0.0,0.0,0.0,0.0,0.0,20.0,0.3,0.1,0.2,0.1,0.4,0.1,0.1,0.1,0.5,0.0,65535.0,0.12860303654535743,0.0,65535.0,0.07556267643244068,0.0,0.0,0.0,0.0,0.0,0.0,0.0,0.0,0.0,0.0
94319.64,0.5569696994801356,0.0,15592.0,37.0,0.21309999999862905,32.1875,32.875,36.650000000000034,0.0,0.0,0.0,0.0,0.0,20.0,0.3,0.1,0.2,0.1,0.4,0.1,0.1,0.1,0.5,0.0,65535.0,0.12846570534828716,0.0,65535.0,0.07525749599450675,0.0,0.0,0.0,0.0,0.0,0.0,0.0,0.0,0.0,0.0
94379.68,0.4805499518383449,0.0,15592.0,37.0,0.21189999999862844,32.1875,32.9375,36.93000000000001,0.0,0.0,0.0,0.0,0.0,20.0,0.3,0.1,0.2,0.1,0.4,0.1,0.1,0.1,0.5,0.0,65535.0,0.12861829556725413,0.0,65535.0,0.07507438773174639,0.0,0.0,0.0,0.0,0.0,0.0,0.0,0.0,0.0,0.0
94439.73,0.43093584269930807,0.0,15592.0,37.0,0.215999999998623,32.1875,32.875,36.73000000000002,0.0,0.0,0.0,0.0,0.0,20.0,0.3,0.1,0.2,0.1,0.4,0.1,0.1,0.1,0.5,0.0,65535.0,0.12854200045777064,0.0,65535.0,0.07498283360036621,0.0,0.0,0.0,0.0,0.0,0.0,0.0,0.0,0.0,0.0
94499.81,0.43059840596655646,0.0,15592.0,37.0,0.2415999999986281,32.125,32.9375,36.79000000000002,0.0,0.0,0.0,0.0,0.0,20.0,0.3,0.1,0.2,0.1,0.4,0.1,0.1,0.1,0.5,0.0,65535.0,0.12851148241397725,0.0,65535.0,0.07527275501640344,0.0,0.0,0.0,0.0,0.0,0.0,0.0,0.0,0.0,0.0
94559.88,0.4274224901509015,0.0,15592.0,37.0,0.23309999999862246,32.125,32.8125,36.89000000000004,0.0,0.0,0.0,0.0,0.0,20.0,0.3,0.1,0.2,0.1,0.4,0.1,0.1,0.1,0.5,0.0,65535.0,0.12858777752346073,0.0,65535.0,0.07528801403830014,0.0,0.0,0.0,0.0,0.0,0.0,0.0,0.0,0.0,0.0
94619.95,0.4303304404740764,0.0,15592.0,37.0,0.1921999999986153,32.125,32.875,36.93000000000001,0.0,0.0,0.0,0.0,0.0,20.0,0.3,0.1,0.2,0.1,0.4,0.1,0.1,0.1,0.5,0.0,65535.0,0.1283588921950103,0.0,65535.0,0.07527275501640344,0.0,0.0,0.0,0.0,0.0,0.0,0.0,0.0,0.0,0.0
94680.03,0.42493667597200346,0.0,15592.0,37.0,0.2509999999986161,32.125,32.875,36.85000000000002,0.0,0.0,0.0,0.0,0.0,20.0,0.3,0.1,0.2,0.1,0.4,0.1,0.1,0.1,0.5,0.0,65535.0,0.12854200045777064,0.0,65535.0,0.07516594186312657,0.0,0.0,0.0,0.0,0.0,0.0,0.0,0.0,0.0,0.0
94740.07,0.42828550855747094,0.0,15592.0,37.0,0.2088999999986234,32.125,32.8125,36.89000000000004,0.0,0.0,0.0,0.0,0.0,20.0,0.3,0.1,0.2,0.1,0.4,0.1,0.1,0.1,0.5,0.0,65535.0,0.128725108720531,0.0,65535.0,0.0754406042572671,0.0,0.0,0.0,0.0,0.0,0.0,0.0,0.0,0.0,0.0
94800.11,0.4393761242740466,0.0,15592.0,37.0,0.19089999999862214,32.125,32.875,36.77000000000004,0.0,0.0,0.0,0.0,0.0,20.0,0.3,0.1,0.2,0.1,0.4,0.1,0.1,0.1,0.5,0.0,65535.0,0.12903028915846496,0.0,65535.0,0.07550164034485389,0.0,0.0,0.0,0.0,0.0,0.0,0.0,0.0,0.0,0.0
94860.18,0.45266017736303066,0.0,15592.0,37.0,0.25889999999861885,32.125,32.875,36.97000000000003,0.0,0.0,0.0,0.0,0.0,20.0,0.3,0.1,0.2,0.1,0.4,0.1,0.1,0.1,0.5,0.0,65535.0,0.12881666285191118,0.0,65535.0,0.07525749599450675,0.0,0.0,0.0,0.0,0.0,0.0,0.0,0.0,0.0,0.0
94920.22,0.4622561715814909,0.0,15592.0,37.0,0.2085999999986211,32.125,32.875,37.03000000000003,0.0,0.0,0.0,0.0,0.0,20.0,0.3,0.1,0.2,0.1,0.4,0.1,0.1,0.1,0.5,0.0,65535.0,0.1287708857862211,0.0,65535.0,0.07537956816968032,0.0,0.0,0.0,0.0,0.0,0.0,0.0,0.0,0.0,0.0
94980.27,0.45919113294516667,0.0,15592.0,37.0,0.2073999999986205,32.125,32.875,36.79000000000002,0.0,0.0,0.0,0.0,0.0,20.0,0.3,0.1,0.2,0.1,0.4,0.1,0.1,0.1,0.5,0.0,65535.0,0.12864881361104752,0.0,65535.0,0.0754711223010605,0.0,0.0,0.0,0.0,0.0,0.0,0.0,0.0,0.0,0.0
95040.31,0.4660245061944489,0.0,15592.0,37.0,0.23629999999861095,32.125,32.8125,36.710000000000036,0.0,0.0,0.0,0.0,0.0,20.0,0.3,0.1,0.2,0.1,0.4,0.1,0.1,0.1,0.5,0.0,65535.0,0.12913710231174183,0.0,65535.0,0.07559319447623407,0.0,0.0,0.0,0.0,0.0,0.0,0.0,0.0,0.0,0.0
95100.36,0.4638174066190967,0.0,15592.0,37.0,0.23279999999861498,32.125,32.875,36.89000000000004,0.0,0.0,0.0,0.0,0.0,20.0,0.3,0.1,0.2,0.1,0.4,0.1,0.1,0.1,0.5,0.0,65535.0,0.1287708857862211,0.0,65535.0,0.07553215838864728,0.0,0.0,0.0,0.0,0.0,0.0,0.0,0.0,0.0,0.0
95160.4,0.468907721211682,0.0,15592.0,37.0,0.19599999999861747,32.125,32.875,36.77000000000004,0.0,0.0,0.0,0.0,0.0,20.0,0.3,0.1,0.2,0.1,0.4,0.1,0.1,0.1,0.5,0.0,65535.0,0.1286793316548409,0.0,65535.0,0.07522697795071336,0.0,0.0,0.0,0.0,0.0,0.0,0.0,0.0,0.0,0.0
95220.44,0.44903088388770396,0.0,15592.0,37.0,0.2150999999986126,32.125,32.875,36.93000000000001,0.0,0.0,0.0,0.0,0.0,20.0,0.3,0.1,0.2,0.1,0.4,0.1,0.1,0.1,0.5,0.0,65535.0,0.12895399404898147,0.0,65535.0,0.07527275501640344,0.0,0.0,0.0,0.0,0.0,0.0,0.0,0.0,0.0,0.0
95280.49,0.452845060701058,0.0,15592.0,37.0,0.21389999999861198,32.125,32.8125,36.63000000000005,0.0,0.0,0.0,0.0,0.0,20.0,0.3,0.1,0.2,0.1,0.4,0.1,0.1,0.1,0.5,0.0,65535.0,0.12890821698329138,0.0,65535.0,0.07542534523537041,0.0,0.0,0.0,0.0,0.0,0.0,0.0,0.0,0.0,0.0
95340.53,0.45326475243882286,0.0,15592.0,37.0,0.237799999998607,32.125,32.875,36.89000000000004,0.0,0.0,0.0,0.0,0.0,20.0,0.3,0.1,0.2,0.1,0.4,0.1,0.1,0.1,0.5,0.0,65535.0,0.128725108720531,0.0,65535.0,0.07524223697261005,0.0,0.0,0.0,0.0,0.0,0.0,0.0,0.0,0.0,0.0
95400.58,0.44605696878846607,0.0,15592.0,37.0,0.2412999999986163,32.125,32.875,36.81,0.0,0.0,0.0,0.0,0.0,20.0,0.3,0.1,0.2,0.1,0.4,0.1,0.1,0.1,0.5,0.0,65535.0,0.12904554818036165,0.0,65535.0,0.07542534523537041,0.0,0.0,0.0,0.0,0.0,0.0,0.0,0.0,0.0,0.0
95460.65,0.4461387135709387,0.0,15592.0,37.0,0.19709999999860872,32.125,32.875,36.79000000000002,0.0,0.0,0.0,0.0,0.0,20.0,0.3,0.1,0.2,0.1,0.4,0.1,0.1,0.1,0.5,0.0,65535.0,0.12887769893949796,0.0,65535.0,0.07534905012588693,0.0,0.0,0.0,0.0,0.0,0.0,0.0,0.0,0.0,0.0
95520.71,0.45282492119216533,0.0,15592.0,37.0,0.2376999999986144,32.125,32.9375,36.870000000000005,0.0,0.0,0.0,0.0,0.0,20.0,0.3,0.1,0.2,0.1,0.4,0.1,0.1,0.1,0.5,0.0,65535.0,0.12935072861829558,0.0,65535.0,0.07528801403830014,0.0,0.0,0.0,0.0,0.0,0.0,0.0,0.0,0.0,0.0
95580.76,0.4423791709298194,0.0,15592.0,37.0,0.26189999999861,32.125,32.875,36.81,0.0,0.0,0.0,0.0,0.0,20.0,0.3,0.1,0.2,0.1,0.4,0.1,0.1,0.1,0.5,0.0,65535.0,0.12942702372777906,0.0,65535.0,0.0754558632791638,0.0,0.0,0.0,0.0,0.0,0.0,0.0,0.0,0.0,0.0
95640.83,0.4436569528594709,0.0,15592.0,37.0,0.1932999999986113,32.125,32.875,36.93000000000001,0.0,0.0,0.0,0.0,0.0,20.0,0.3,0.1,0.2,0.1,0.4,0.1,0.1,0.1,0.5,0.0,65535.0,0.12896925307087817,0.0,65535.0,0.07563897154192416,0.0,0.0,0.0,0.0,0.0,0.0,0.0,0.0,0.0,0.0
95700.88,0.4450173920344638,0.0,15592.0,37.0,0.23479999999860196,32.0625,32.875,36.97000000000003,0.0,0.0,0.0,0.0,0.0,20.0,0.3,0.1,0.2,0.1,0.4,0.1,0.1,0.1,0.5,0.0,65535.0,0.12950331883726254,0.0,65535.0,0.0750133516441596,0.0,0.0,0.0,0.0,0.0,0.0,0.0,0.0,0.0,0.0
95760.92,0.44524833333931046,0.0,15592.0,37.0,0.2094999999986099,32.125,32.875,36.870000000000005,0.0,0.0,0.0,0.0,0.0,20.0,0.3,0.1,0.2,0.1,0.4,0.1,0.1,0.1,0.5,0.0,65535.0,0.12916762035553522,0.0,65535.0,0.07527275501640344,0.0,0.0,0.0,0.0,0.0,0.0,0.0,0.0,0.0,0.0
95820.99,0.4217818269119712,0.0,15592.0,37.0,0.21799999999859962,32.0625,32.875,36.950000000000045,0.0,0.0,0.0,0.0,0.0,20.0,0.3,0.1,0.2,0.1,0.4,0.1,0.1,0.1,0.5,0.0,65535.0,0.12942702372777906,0.0,65535.0,0.07550164034485389,0.0,0.0,0.0,0.0,0.0,0.0,0.0,0.0,0.0,0.0
95881.03,0.3351270010065011,0.0,15592.0,37.0,0.22829999999860362,32.0625,32.875,36.77000000000004,0.0,0.0,0.0,0.0,0.0,20.0,0.3,0.1,0.2,0.1,0.4,0.1,0.1,0.1,0.5,0.0,65535.0,0.12942702372777906,0.0,65535.0,0.07541008621347371,0.0,0.0,0.0,0.0,0.0,0.0,0.0,0.0,0.0,0.0
95941.08,0.3253486771938231,0.0,15592.0,37.0,0.24099999999860797,32.125,32.875,36.650000000000034,0.0,0.0,0.0,0.0,0.0,20.0,0.3,0.1,0.2,0.1,0.4,0.1,0.1,0.1,0.5,0.0,65535.0,0.12954909590295263,0.0,65535.0,0.07519645990691996,0.0,0.0,0.0,0.0,0.0,0.0,0.0,0.0,0.0,0.0
96001.12,0.3746658056226834,0.0,15592.0,37.0,0.21599999999860142,32.125,32.875,37.01000000000005,0.0,0.0,0.0,0.0,0.0,20.0,0.3,0.1,0.2,0.1,0.4,0.1,0.1,0.1,0.5,0.0,65535.0,0.12933546959639888,0.0,65535.0,0.07562371252002746,0.0,0.0,0.0,0.0,0.0,0.0,0.0,0.0,0.0,0.0
96061.16,0.3890082890038497,0.0,15592.0,37.0,0.2147999999986008,32.125,32.875,36.81,0.0,0.0,0.0,0.0,0.0,20.0,0.3,0.1,0.2,0.1,0.4,0.1,0.1,0.1,0.5,0.0,65535.0,0.1292896925307088,0.0,65535.0,0.07533379110399023,0.0,0.0,0.0,0.0,0.0,0.0,0.0,0.0,0.0,0.0
96121.21,0.36580930858990435,0.0,15592.0,37.0,0.22069999999859544,32.125,32.875,36.73000000000002,0.0,0.0,0.0,0.0,0.0,20.0,0.3,0.1,0.2,0.1,0.4,0.1,0.1,0.1,0.5,0.0,65535.0,0.12936598764019228,0.0,65535.0,0.07534905012588693,0.0,0.0,0.0,0.0,0.0,0.0,0.0,0.0,0.0,0.0
96181.25,0.3599977402040765,0.0,15592.0,37.0,0.2551999999985959,32.125,32.8125,37.03000000000003,0.0,0.0,0.0,0.0,0.0,20.0,0.3,0.1,0.2,0.1,0.4,0.1,0.1,0.1,0.5,0.0,65535.0,0.1292744335088121,0.0,65535.0,0.07568474860761425,0.0,0.0,0.0,0.0,0.0,0.0,0.0,0.0,0.0,0.0
96241.3,0.4028919706056249,0.0,15592.0,37.0,0.2192999999985984,32.1875,32.875,37.110000000000014,0.0,0.0,0.0,0.0,0.0,20.0,0.3,0.1,0.2,0.1,0.4,0.1,0.1,0.1,0.5,0.0,65535.0,0.1293049515526055,0.0,65535.0,0.07553215838864728,0.0,0.0,0.0,0.0,0.0,0.0,0.0,0.0,0.0,0.0
96301.34,0.3593945855293256,0.0,15592.0,37.0,0.20249999999859689,32.1875,32.875,37.210000000000036,0.0,0.0,0.0,0.0,0.0,20.0,0.3,0.1,0.2,0.1,0.4,0.1,0.1,0.1,0.5,0.0,65535.0,0.12938124666208897,0.0,65535.0,0.07536430914778362,0.0,0.0,0.0,0.0,0.0,0.0,0.0,0.0,0.0,0.0
96361.42,0.3562335137339773,0.0,15592.0,37.0,0.17859999999860013,32.1875,32.8125,36.73000000000002,0.0,0.0,0.0,0.0,0.0,20.0,0.3,0.1,0.2,0.1,0.4,0.1,0.1,0.1,0.5,0.0,65535.0,0.1296711680781262,0.0,65535.0,0.07557793545433737,0.0,0.0,0.0,0.0,0.0,0.0,0.0,0.0,0.0,0.0
96421.45,0.359098712964194,0.0,15592.0,37.0,0.21269999999859582,32.125,32.875,36.97000000000003,0.0,0.0,0.0,0.0,0.0,20.0,0.3,0.1,0.2,0.1,0.4,0.1,0.1,0.1,0.5,0.0,65535.0,0.12985427634088656,0.0,65535.0,0.07576104371709773,0.0,0.0,0.0,0.0,0.0,0.0,0.0,0.0,0.0,0.0
96481.53,0.36258800724522566,0.0,15592.0,37.0,0.22769999999859553,32.125,32.9375,36.710000000000036,0.0,0.0,0.0,0.0,0.0,20.0,0.3,0.1,0.2,0.1,0.4,0.1,0.1,0.1,0.5,0.0,65535.0,0.1296864271000229,0.0,65535.0,0.07531853208209353,0.0,0.0,0.0,0.0,0.0,0.0,0.0,0.0,0.0,0.0
96541.58,0.3665349024301259,0.0,15592.0,37.0,0.2715999999986016,32.0625,32.875,36.81,0.0,0.0,0.0,0.0,0.0,20.0,0.3,0.1,0.2,0.1,0.4,0.1,0.1,0.1,0.5,0.0,65535.0,0.12985427634088656,0.0,65535.0,0.07559319447623407,0.0,0.0,0.0,0.0,0.0,0.0,0.0,0.0,0.0,0.0
96601.66,0.39548795630136807,0.0,15592.0,37.0,0.21009999999859902,32.125,32.8125,36.950000000000045,0.0,0.0,0.0,0.0,0.0,20.0,0.3,0.1,0.2,0.1,0.4,0.1,0.1,0.1,0.5,0.0,65535.0,0.12997634851606013,0.0,65535.0,0.07527275501640344,0.0,0.0,0.0,0.0,0.0,0.0,0.0,0.0,0.0,0.0
96661.72,0.38931006541309754,0.0,15592.0,37.0,0.1985999999985927,32.1875,32.8125,36.85000000000002,0.0,0.0,0.0,0.0,0.0,20.0,0.3,0.1,0.2,0.1,0.4,0.1,0.1,0.1,0.5,0.0,65535.0,0.1296559090562295,0.0,65535.0,0.07533379110399023,0.0,0.0,0.0,0.0,0.0,0.0,0.0,0.0,0.0,0.0
96721.77,0.3968826253059951,0.0,15592.0,37.0,0.21709999999858753,32.125,32.875,36.79000000000002,0.0,0.0,0.0,0.0,0.0,20.0,0.3,0.1,0.2,0.1,0.4,0.1,0.1,0.1,0.5,0.0,65535.0,0.12982375829709317,0.0,65535.0,0.0754406042572671,0.0,0.0,0.0,0.0,0.0,0.0,0.0,0.0,0.0,0.0
96781.82,0.39715936620699044,0.0,15592.0,37.0,0.24799999999858785,32.0625,32.875,36.77000000000004,0.0,0.0,0.0,0.0,0.0,20.0,0.3,0.1,0.2,0.1,0.4,0.1,0.1,0.1,0.5,0.0,65535.0,0.12982375829709317,0.0,65535.0,0.07542534523537041,0.0,0.0,0.0,0.0,0.0,0.0,0.0,0.0,0.0,0.0
96841.85,0.4004889233173592,0.0,15592.0,37.0,0.18649999999858438,32.125,32.875,36.81,0.0,0.0,0.0,0.0,0.0,20.0,0.3,0.1,0.2,0.1,0.4,0.1,0.1,0.1,0.5,0.0,65535.0,0.12991531242847335,0.0,65535.0,0.07565423056382085,0.0,0.0,0.0,0.0,0.0,0.0,0.0,0.0,0.0,0.0
96901.88,0.3930000779467002,0.0,15592.0,37.0,0.23269999999858498,32.125,32.8125,36.79000000000002,0.0,0.0,0.0,0.0,0.0,20.0,0.3,0.1,0.2,0.1,0.4,0.1,0.1,0.1,0.5,0.0,65535.0,0.130083161669337,0.0,65535.0,0.07577630273899442,0.0,0.0,0.0,0.0,0.0,0.0,0.0,0.0,0.0,0.0
96961.93,0.3919024350001448,0.0,15592.0,37.0,0.2815999999985857,32.125,32.8125,36.77000000000004,0.0,0.0,0.0,0.0,0.0,20.0,0.3,0.1,0.2,0.1,0.4,0.1,0.1,0.1,0.5,0.0,65535.0,0.12993057145037004,0.0,65535.0,0.07550164034485389,0.0,0.0,0.0,0.0,0.0,0.0,0.0,0.0,0.0,0.0
97021.97,0.38755143379180085,0.0,15592.0,37.0,0.257799999998594,32.125,32.8125,36.89000000000004,0.0,0.0,0.0,0.0,0.0,20.0,0.3,0.1,0.2,0.1,0.4,0.1,0.1,0.1,0.5,0.0,65535.0,0.12983901731898986,0.0,65535.0,0.07557793545433737,0.0,0.0,0.0,0.0,0.0,0.0,0.0,0.0,0.0,0.0
97082.02,0.3913538706200358,0.0,15592.0,37.0,0.22309999999858207,32.125,32.8125,37.03000000000003,0.0,0.0,0.0,0.0,0.0,20.0,0.3,0.1,0.2,0.1,0.4,0.1,0.1,0.1,0.5,0.0,65535.0,0.13002212558175022,0.0,65535.0,0.07556267643244068,0.0,0.0,0.0,0.0,0.0,0.0,0.0,0.0,0.0,0.0
97142.08,0.389541523843578,0.0,15592.0,37.0,0.23869999999858124,32.1875,32.8125,36.85000000000002,0.0,0.0,0.0,0.0,0.0,20.0,0.3,0.1,0.2,0.1,0.4,0.1,0.1,0.1,0.5,0.0,65535.0,0.12993057145037004,0.0,65535.0,0.0758831158922713,0.0,0.0,0.0,0.0,0.0,0.0,0.0,0.0,0.0,0.0
97202.18,0.39348019915532045,0.0,15592.0,37.0,0.23489999999858469,32.125,32.8125,37.03000000000003,0.0,0.0,0.0,0.0,0.0,20.0,0.3,0.1,0.2,0.1,0.4,0.1,0.1,0.1,0.5,0.0,65535.0,0.12988479438467995,0.0,65535.0,0.07541008621347371,0.0,0.0,0.0,0.0,0.0,0.0,0.0,0.0,0.0,0.0
97262.23,0.40383623374399324,0.0,15592.0,37.0,0.2345999999985841,32.125,32.75,36.85000000000002,0.0,0.0,0.0,0.0,0.0,20.0,0.3,0.1,0.2,0.1,0.4,0.1,0.1,0.1,0.5,0.0,65535.0,0.1300984206912337,0.0,65535.0,0.07553215838864728,0.0,0.0,0.0,0.0,0.0,0.0,0.0,0.0,0.0,0.0
97322.28,0.3969545257596081,0.0,15592.0,37.0,0.176299999998576,32.1875,32.8125,36.97000000000003,0.0,0.0,0.0,0.0,0.0,20.0,0.3,0.1,0.2,0.1,0.4,0.1,0.1,0.1,0.5,0.0,65535.0,0.13018997482261388,0.0,65535.0,0.07551689936675059,0.0,0.0,0.0,0.0,0.0,0.0,0.0,0.0,0.0,0.0
97382.35,0.3920714529746865,0.0,15592.0,37.0,0.24279999999858742,32.125,32.8125,37.01000000000005,0.0,0.0,0.0,0.0,0.0,20.0,0.3,0.1,0.2,0.1,0.4,0.1,0.1,0.1,0.5,0.0,65535.0,0.12980849927519647,0.0,65535.0,0.07533379110399023,0.0,0.0,0.0,0.0,0.0,0.0,0.0,0.0,0.0,0.0
97442.42,0.3894809384066769,0.0,15592.0,37.0,0.21659999999858112,32.125,32.8125,36.81,0.0,0.0,0.0,0.0,0.0,20.0,0.3,0.1,0.2,0.1,0.4,0.1,0.1,0.1,0.5,0.0,65535.0,0.13038834210727093,0.0,65535.0,0.07582207980468451,0.0,0.0,0.0,0.0,0.0,0.0,0.0,0.0,0.0,0.0
97502.49,0.3898227860465593,0.0,15592.0,37.0,0.18949999999857395,32.125,32.875,36.870000000000005,0.0,0.0,0.0,0.0,0.0,20.0,0.3,0.1,0.2,0.1,0.4,0.1,0.1,0.1,0.5,0.0,65535.0,0.12997634851606013,0.0,65535.0,0.07565423056382085,0.0,0.0,0.0,0.0,0.0,0.0,0.0,0.0,0.0,0.0
97562.53,0.39247210764865503,0.0,15592.0,37.0,0.2314999999985741,32.125,32.8125,36.710000000000036,0.0,0.0,0.0,0.0,0.0,20.0,0.3,0.1,0.2,0.1,0.4,0.1,0.1,0.1,0.5,0.0,65535.0,0.12993057145037004,0.0,65535.0,0.07571526665140764,0.0,0.0,0.0,0.0,0.0,0.0,0.0,0.0,0.0,0.0
97622.58,0.38506122731577025,0.0,15592.0,37.0,0.1843999999985709,32.125,32.8125,36.85000000000002,0.0,0.0,0.0,0.0,0.0,20.0,0.3,0.1,0.2,0.1,0.4,0.1,0.1,0.1,0.5,0.0,65535.0,0.13038834210727093,0.0,65535.0,0.07565423056382085,0.0,0.0,0.0,0.0,0.0,0.0,0.0,0.0,0.0,0.0
97682.66,0.3746824977760962,0.0,15592.0,37.0,0.2679999999985827,32.0625,32.8125,36.79000000000002,0.0,0.0,0.0,0.0,0.0,20.0,0.3,0.1,0.2,0.1,0.4,0.1,0.1,0.1,0.5,0.0,65535.0,0.13060196841382468,0.0,65535.0,0.07556267643244068,0.0,0.0,0.0,0.0,0.0,0.0,0.0,0.0,0.0,0.0
97742.7,0.36404815369699844,0.0,15592.0,37.0,0.2371999999985706,32.0625,32.8125,36.79000000000002,0.0,0.0,0.0,0.0,0.0,20.0,0.3,0.1,0.2,0.1,0.4,0.1,0.1,0.1,0.5,0.0,65535.0,0.13020523384451058,0.0,65535.0,0.07542534523537041,0.0,0.0,0.0,0.0,0.0,0.0,0.0,0.0,0.0,0.0
97802.77,0.3746487042044752,0.0,15592.0,37.0,0.2300999999985745,32.0625,32.8125,36.73000000000002,0.0,0.0,0.0,0.0,0.0,20.0,0.3,0.1,0.2,0.1,0.4,0.1,0.1,0.1,0.5,0.0,65535.0,0.13046463721675441,0.0,65535.0,0.075898374914168,0.0,0.0,0.0,0.0,0.0,0.0,0.0,0.0,0.0,0.0
97862.81,0.3986081934484569,0.0,15592.0,37.0,0.23009999999857364,32.125,32.8125,36.93000000000001,0.0,0.0,0.0,0.0,0.0,20.0,0.3,0.1,0.2,0.1,0.4,0.1,0.1,0.1,0.5,0.0,65535.0,0.13066300450141147,0.0,65535.0,0.07570000762951094,0.0,0.0,0.0,0.0,0.0,0.0,0.0,0.0,0.0,0.0
97922.86,0.38949400736370154,0.0,15592.0,37.0,0.29399999999857496,32.0625,32.8125,36.77000000000004,0.0,0.0,0.0,0.0,0.0,20.0,0.3,0.1,0.2,0.1,0.4,0.1,0.1,0.1,0.5,0.0,65535.0,0.13060196841382468,0.0,65535.0,0.0758678568703746,0.0,0.0,0.0,0.0,0.0,0.0,0.0,0.0,0.0,0.0
97982.9,0.4074718674261425,0.0,15592.0,37.0,0.22429999999856642,32.0625,32.8125,36.710000000000036,0.0,0.0,0.0,0.0,0.0,20.0,0.3,0.1,0.2,0.1,0.4,0.1,0.1,0.1,0.5,0.0,65535.0,0.1305256733043412,0.0,65535.0,0.07568474860761425,0.0,0.0,0.0,0.0,0.0,0.0,0.0,0.0,0.0,0.0
98042.94,0.3680098006110678,0.0,15592.0,37.0,0.21889999999856538,32.125,32.8125,36.85000000000002,0.0,0.0,0.0,0.0,0.0,20.0,0.3,0.1,0.2,0.1,0.4,0.1,0.1,0.1,0.5,0.0,65535.0,0.13073929961089495,0.0,65535.0,0.07556267643244068,0.0,0.0,0.0,0.0,0.0,0.0,0.0,0.0,0.0,0.0
98102.99,0.37987946942357165,0.0,15592.0,37.0,0.2497999999985657,32.0625,32.875,36.93000000000001,0.0,0.0,0.0,0.0,0.0,20.0,0.3,0.1,0.2,0.1,0.4,0.1,0.1,0.1,0.5,0.0,65535.0,0.1309529259174487,0.0,65535.0,0.07574578469520103,0.0,0.0,0.0,0.0,0.0,0.0,0.0,0.0,0.0,0.0
98163.05,0.3867325328744516,0.0,15592.0,37.0,0.22009999999856344,32.125,32.8125,36.950000000000045,0.0,0.0,0.0,0.0,0.0,20.0,0.3,0.1,0.2,0.1,0.4,0.1,0.1,0.1,0.5,0.0,65535.0,0.13061722743572138,0.0,65535.0,0.07562371252002746,0.0,0.0,0.0,0.0,0.0,0.0,0.0,0.0,0.0,0.0
98223.12,0.38651324870903303,0.0,15592.0,37.0,0.2321999999985675,32.125,32.8125,36.690000000000055,0.0,0.0,0.0,0.0,0.0,20.0,0.3,0.1,0.2,0.1,0.4,0.1,0.1,0.1,0.5,0.0,65535.0,0.1309224078736553,0.0,65535.0,0.07566948958571755,0.0,0.0,0.0,0.0,0.0,0.0,0.0,0.0,0.0,0.0
98283.16,0.37783782186736437,0.0,15592.0,37.0,0.2112999999985706,32.125,32.8125,36.81,0.0,0.0,0.0,0.0,0.0,20.0,0.3,0.1,0.2,0.1,0.4,0.1,0.1,0.1,0.5,0.0,65535.0,0.13060196841382468,0.0,65535.0,0.07528801403830014,0.0,0.0,0.0,0.0,0.0,0.0,0.0,0.0,0.0,0.0
98343.21,0.3776131831254711,0.0,15592.0,37.0,0.2209999999985601,32.125,32.8125,36.57000000000005,0.0,0.0,0.0,0.0,0.0,20.0,0.3,0.1,0.2,0.1,0.4,0.1,0.1,0.1,0.5,0.0,65535.0,0.13073929961089495,0.0,65535.0,0.07570000762951094,0.0,0.0,0.0,0.0,0.0,0.0,0.0,0.0,0.0,0.0
98403.26,0.38269228913193554,0.0,15592.0,37.0,0.2191999999985592,32.125,32.75,36.81,0.0,0.0,0.0,0.0,0.0,20.0,0.3,0.1,0.2,0.1,0.4,0.1,0.1,0.1,0.5,0.0,65535.0,0.13110551613641566,0.0,65535.0,0.075898374914168,0.0,0.0,0.0,0.0,0.0,0.0,0.0,0.0,0.0,0.0
98463.31,0.3680199559005637,0.0,15592.0,37.0,0.23539999999855865,32.0625,32.8125,36.81,0.0,0.0,0.0,0.0,0.0,20.0,0.3,0.1,0.2,0.1,0.4,0.1,0.1,0.1,0.5,0.0,65535.0,0.13080033569848173,0.0,65535.0,0.075898374914168,0.0,0.0,0.0,0.0,0.0,0.0,0.0,0.0,0.0,0.0
98523.35,0.3715525623655431,0.0,15592.0,37.0,0.2412999999985675,32.0625,32.75,36.950000000000045,0.0,0.0,0.0,0.0,0.0,20.0,0.3,0.1,0.2,0.1,0.4,0.1,0.1,0.1,0.5,0.0,65535.0,0.1309224078736553,0.0,65535.0,0.07573052567330434,0.0,0.0,0.0,0.0,0.0,0.0,0.0,0.0,0.0,0.0
98583.4,0.38031802633125056,0.0,15592.0,37.0,0.24279999999856697,32.125,32.8125,36.870000000000005,0.0,0.0,0.0,0.0,0.0,20.0,0.3,0.1,0.2,0.1,0.4,0.1,0.1,0.1,0.5,0.0,65535.0,0.13078507667658504,0.0,65535.0,0.07577630273899442,0.0,0.0,0.0,0.0,0.0,0.0,0.0,0.0,0.0,0.0
98643.47,0.37218319212650525,0.0,15592.0,37.0,0.22219999999855558,32.125,32.875,36.93000000000001,0.0,0.0,0.0,0.0,0.0,20.0,0.3,0.1,0.2,0.1,0.4,0.1,0.1,0.1,0.5,0.0,65535.0,0.1309071488517586,0.0,65535.0,0.07559319447623407,0.0,0.0,0.0,0.0,0.0,0.0,0.0,0.0,0.0,0.0
98703.54,0.37948087604491676,0.0,15592.0,37.0,0.2660999999985608,32.1875,32.8125,36.950000000000045,0.0,0.0,0.0,0.0,0.0,20.0,0.3,0.1,0.2,0.1,0.4,0.1,0.1,0.1,0.5,0.0,65535.0,0.13086137178606852,0.0,65535.0,0.07563897154192416,0.0,0.0,0.0,0.0,0.0,0.0,0.0,0.0,0.0,0.0
98763.6,0.38804450583945693,0.0,15592.0,37.0,0.20429999999855764,32.125,32.8125,36.85000000000002,0.0,0.0,0.0,0.0,0.0,20.0,0.3,0.1,0.2,0.1,0.4,0.1,0.1,0.1,0.5,0.0,65535.0,0.1309224078736553,0.0,65535.0,0.07568474860761425,0.0,0.0,0.0,0.0,0.0,0.0,0.0,0.0,0.0,0.0
98823.66,0.36158611906989874,0.0,15592.0,37.0,0.25549999999855366,32.0625,32.75,36.93000000000001,0.0,0.0,0.0,0.0,0.0,20.0,0.3,0.1,0.2,0.1,0.4,0.1,0.1,0.1,0.5,0.0,65535.0,0.13124284733348593,0.0,65535.0,0.07573052567330434,0.0,0.0,0.0,0.0,0.0,0.0,0.0,0.0,0.0,0.0
98883.7,0.36879541648382713,0.0,15592.0,37.0,0.17599999999854982,32.125,32.8125,36.89000000000004,0.0,0.0,0.0,0.0,0.0,20.0,0.3,0.1,0.2,0.1,0.4,0.1,0.1,0.1,0.5,0.0,65535.0,0.13130388342107271,0.0,65535.0,0.07568474860761425,0.0,0.0,0.0,0.0,0.0,0.0,0.0,0.0,0.0,0.0
98943.75,0.3875704724658771,0.0,15592.0,37.0,0.1967999999985542,32.0625,32.8125,36.77000000000004,0.0,0.0,0.0,0.0,0.0,20.0,0.3,0.1,0.2,0.1,0.4,0.1,0.1,0.1,0.5,0.0,65535.0,0.13125810635538263,0.0,65535.0,0.07571526665140764,0.0,0.0,0.0,0.0,0.0,0.0,0.0,0.0,0.0,0.0
99003.79,0.37559763312761785,0.0,15592.0,37.0,0.2173999999985488,32.125,32.875,36.77000000000004,0.0,0.0,0.0,0.0,0.0,20.0,0.3,0.1,0.2,0.1,0.4,0.1,0.1,0.1,0.5,0.0,65535.0,0.13107499809262227,0.0,65535.0,0.0758678568703746,0.0,0.0,0.0,0.0,0.0,0.0,0.0,0.0,0.0,0.0
99063.84,0.3745489291257982,0.0,15592.0,37.0,0.23069999999855348,32.125,32.8125,36.73000000000002,0.0,0.0,0.0,0.0,0.0,20.0,0.3,0.1,0.2,0.1,0.4,0.1,0.1,0.1,0.5,0.0,65535.0,0.13150225070572977,0.0,65535.0,0.07582207980468451,0.0,0.0,0.0,0.0,0.0,0.0,0.0,0.0,0.0,0.0
99123.91,0.37961922565193124,0.0,15592.0,37.0,0.23689999999854783,32.0625,32.8125,37.03000000000003,0.0,0.0,0.0,0.0,0.0,20.0,0.3,0.1,0.2,0.1,0.4,0.1,0.1,0.1,0.5,0.0,65535.0,0.13125810635538263,0.0,65535.0,0.07591363393606469,0.0,0.0,0.0,0.0,0.0,0.0,0.0,0.0,0.0,0.0
99183.99,0.3798307175830991,0.0,15592.0,37.0,0.19479999999855513,32.125,32.8125,36.870000000000005,0.0,0.0,0.0,0.0,0.0,20.0,0.3,0.1,0.2,0.1,0.4,0.1,0.1,0.1,0.5,0.0,65535.0,0.13121232928969254,0.0,65535.0,0.07551689936675059,0.0,0.0,0.0,0.0,0.0,0.0,0.0,0.0,0.0,0.0
99244.05,0.3820536317181904,0.0,15592.0,37.0,0.2412999999985563,32.0625,32.75,36.870000000000005,0.0,0.0,0.0,0.0,0.0,20.0,0.3,0.1,0.2,0.1,0.4,0.1,0.1,0.1,0.5,0.0,65535.0,0.13122758831158923,0.0,65535.0,0.07606622415503166,0.0,0.0,0.0,0.0,0.0,0.0,0.0,0.0,0.0,0.0
99304.13,0.36859628465925687,0.0,15592.0,37.0,0.2103999999985543,32.125,32.8125,36.77000000000004,0.0,0.0,0.0,0.0,0.0,20.0,0.3,0.1,0.2,0.1,0.4,0.1,0.1,0.1,0.5,0.0,65535.0,0.13116655222400245,0.0,65535.0,0.07563897154192416,0.0,0.0,0.0,0.0,0.0,0.0,0.0,0.0,0.0,0.0
99364.17,0.3478283228565044,0.0,15592.0,37.0,0.27309999999855583,32.125,32.75,36.79000000000002,0.0,0.0,0.0,0.0,0.0,20.0,0.3,0.1,0.2,0.1,0.4,0.1,0.1,0.1,0.5,0.0,65535.0,0.1314106965743496,0.0,65535.0,0.07560845349813076,0.0,0.0,0.0,0.0,0.0,0.0,0.0,0.0,0.0,0.0
99424.25,0.35002927468246536,0.0,15592.0,37.0,0.26579999999855,32.125,32.75,36.93000000000001,0.0,0.0,0.0,0.0,0.0,20.0,0.3,0.1,0.2,0.1,0.4,0.1,0.1,0.1,0.5,0.0,65535.0,0.13122758831158923,0.0,65535.0,0.07576104371709773,0.0,0.0,0.0,0.0,0.0,0.0,0.0,0.0,0.0,0.0
99484.31,0.3521843544439377,0.0,15592.0,37.0,0.20189999999854696,32.0625,32.8125,36.690000000000055,0.0,0.0,0.0,0.0,0.0,20.0,0.3,0.1,0.2,0.1,0.4,0.1,0.1,0.1,0.5,0.0,65535.0,0.13145647364003968,0.0,65535.0,0.07570000762951094,0.0,0.0,0.0,0.0,0.0,0.0,0.0,0.0,0.0,0.0
99544.35,0.36258578818293913,0.0,15592.0,37.0,0.1964999999985459,32.125,32.8125,36.79000000000002,0.0,0.0,0.0,0.0,0.0,20.0,0.3,0.1,0.2,0.1,0.4,0.1,0.1,0.1,0.5,0.0,65535.0,0.13150225070572977,0.0,65535.0,0.07574578469520103,0.0,0.0,0.0,0.0,0.0,0.0,0.0,0.0,0.0,0.0
99604.4,0.4015249712454113,0.0,15592.0,37.0,0.2167999999985408,32.125,32.8125,37.01000000000005,0.0,0.0,0.0,0.0,0.0,20.0,0.3,0.1,0.2,0.1,0.4,0.1,0.1,0.1,0.5,0.0,65535.0,0.13191424429694057,0.0,65535.0,0.0758831158922713,0.0,0.0,0.0,0.0,0.0,0.0,0.0,0.0,0.0,0.0
99664.44,0.402184159749535,0.0,15592.0,37.0,0.2756999999985466,32.0625,32.8125,36.93000000000001,0.0,0.0,0.0,0.0,0.0,20.0,0.3,0.1,0.2,0.1,0.4,0.1,0.1,0.1,0.5,0.0,65535.0,0.13147173266193637,0.0,65535.0,0.07579156176089112,0.0,0.0,0.0,0.0,0.0,0.0,0.0,0.0,0.0,0.0
99724.48,0.40028530454869204,0.0,15592.0,37.0,0.229799999998544,32.0625,32.75,36.77000000000004,0.0,0.0,0.0,0.0,0.0,20.0,0.3,0.1,0.2,0.1,0.4,0.1,0.1,0.1,0.5,0.0,65535.0,0.13168535896849012,0.0,65535.0,0.07576104371709773,0.0,0.0,0.0,0.0,0.0,0.0,0.0,0.0,0.0,0.0
99784.55,0.3440246604685091,0.0,15592.0,37.0,0.23069999999854318,32.0625,32.8125,36.79000000000002,0.0,0.0,0.0,0.0,0.0,20.0,0.3,0.1,0.2,0.1,0.4,0.1,0.1,0.1,0.5,0.0,65535.0,0.13165484092469673,0.0,65535.0,0.07570000762951094,0.0,0.0,0.0,0.0,0.0,0.0,0.0,0.0,0.0,0.0
99844.61,0.34610475455593753,0.0,15592.0,37.0,0.2221999999985367,32.0625,32.6875,36.950000000000045,0.0,0.0,0.0,0.0,0.0,20.0,0.3,0.1,0.2,0.1,0.4,0.1,0.1,0.1,0.5,0.0,65535.0,0.13171587701228352,0.0,65535.0,0.07608148317692835,0.0,0.0,0.0,0.0,0.0,0.0,0.0,0.0,0.0,0.0
99904.66,0.3752737221152239,0.0,15592.0,37.0,0.23839999999853617,32.125,32.75,37.13000000000005,0.0,0.0,0.0,0.0,0.0,20.0,0.3,0.1,0.2,0.1,0.4,0.1,0.1,0.1,0.5,0.0,65535.0,0.13188372625314718,0.0,65535.0,0.07597467002365148,0.0,0.0,0.0,0.0,0.0,0.0,0.0,0.0,0.0,0.0
99964.72,0.381005744381051,0.0,15592.0,37.0,0.19599999999854376,32.0625,32.8125,36.870000000000005,0.0,0.0,0.0,0.0,0.0,20.0,0.3,0.1,0.2,0.1,0.4,0.1,0.1,0.1,0.5,0.0,65535.0,0.13185320820935378,0.0,65535.0,0.07615777828641183,0.0,0.0,0.0,0.0,0.0,0.0,0.0,0.0,0.0,0.0
100024.8,0.3774456875233507,0.0,15592.0,37.0,0.21599999999853892,32.125,32.75,36.79000000000002,0.0,0.0,0.0,0.0,0.0,20.0,0.3,0.1,0.2,0.1,0.4,0.1,0.1,0.1,0.5,0.0,65535.0,0.13196002136263066,0.0,65535.0,0.07597467002365148,0.0,0.0,0.0,0.0,0.0,0.0,0.0,0.0,0.0,0.0
100084.86,0.38746619067034843,0.0,15592.0,37.0,0.2174999999985384,32.125,32.8125,36.73000000000002,0.0,0.0,0.0,0.0,0.0,20.0,0.3,0.1,0.2,0.1,0.4,0.1,0.1,0.1,0.5,0.0,65535.0,0.13206683451590753,0.0,65535.0,0.07609674219882505,0.0,0.0,0.0,0.0,0.0,0.0,0.0,0.0,0.0,0.0
100144.92,0.3791344808083972,0.0,15592.0,37.0,0.22219999999853243,32.125,32.8125,36.97000000000003,0.0,0.0,0.0,0.0,0.0,20.0,0.3,0.1,0.2,0.1,0.4,0.1,0.1,0.1,0.5,0.0,65535.0,0.13196002136263066,0.0,65535.0,0.07605096513313496,0.0,0.0,0.0,0.0,0.0,0.0,0.0,0.0,0.0,0.0
100205.0,0.36602061455818635,0.0,15592.0,37.0,0.28309999999853386,32.0625,32.8125,36.81,0.0,0.0,0.0,0.0,0.0,20.0,0.3,0.1,0.2,0.1,0.4,0.1,0.1,0.1,0.5,0.0,65535.0,0.1318379491874571,0.0,65535.0,0.0758831158922713,0.0,0.0,0.0,0.0,0.0,0.0,0.0,0.0,0.0,0.0
100265.08,0.42734776532389973,0.0,15592.0,37.0,0.14979999999853802,32.0625,32.8125,36.81,0.0,0.0,0.0,0.0,0.0,20.0,0.3,0.1,0.2,0.1,0.4,0.1,0.1,0.1,0.5,0.0,65535.0,0.13209735255970093,0.0,65535.0,0.07600518806744487,0.0,0.0,0.0,0.0,0.0,0.0,0.0,0.0,0.0,0.0
100325.16,0.4170686688777276,0.0,15592.0,37.0,0.23189999999853525,32.0625,32.8125,36.710000000000036,0.0,0.0,0.0,0.0,0.0,20.0,0.3,0.1,0.2,0.1,0.4,0.1,0.1,0.1,0.5,0.0,65535.0,0.13249408712901503,0.0,65535.0,0.07570000762951094,0.0,0.0,0.0,0.0,0.0,0.0,0.0,0.0,0.0,0.0
100385.23,0.37867515553127507,0.0,15592.0,37.0,0.20039999999853292,32.0625,32.8125,36.85000000000002,0.0,0.0,0.0,0.0,0.0,20.0,0.3,0.1,0.2,0.1,0.4,0.1,0.1,0.1,0.5,0.0,65535.0,0.1321889066910811,0.0,65535.0,0.07615777828641183,0.0,0.0,0.0,0.0,0.0,0.0,0.0,0.0,0.0,0.0
100445.3,0.3801814073012371,0.0,15592.0,37.0,0.23689999999852812,32.0625,32.8125,36.81,0.0,0.0,0.0,0.0,0.0,20.0,0.3,0.1,0.2,0.1,0.4,0.1,0.1,0.1,0.5,0.0,65535.0,0.13228046082246128,0.0,65535.0,0.07598992904554817,0.0,0.0,0.0,0.0,0.0,0.0,0.0,0.0,0.0,0.0
100505.37,0.3870110625751957,0.0,15592.0,37.0,0.26489999999853275,32.0625,32.8125,36.650000000000034,0.0,0.0,0.0,0.0,0.0,20.0,0.3,0.1,0.2,0.1,0.4,0.1,0.1,0.1,0.5,0.0,65535.0,0.1322499427786679,0.0,65535.0,0.07595941100175478,0.0,0.0,0.0,0.0,0.0,0.0,0.0,0.0,0.0,0.0
100565.45,0.3895570923957394,0.0,15592.0,37.0,0.19929999999853473,32.125,32.75,37.03000000000003,0.0,0.0,0.0,0.0,0.0,20.0,0.3,0.1,0.2,0.1,0.4,0.1,0.1,0.1,0.5,0.0,65535.0,0.13203631647211414,0.0,65535.0,0.07565423056382085,0.0,0.0,0.0,0.0,0.0,0.0,0.0,0.0,0.0,0.0
100625.49,0.3855889483246131,0.0,15592.0,37.0,0.2245999999985251,32.125,32.75,37.01000000000005,0.0,0.0,0.0,0.0,0.0,20.0,0.3,0.1,0.2,0.1,0.4,0.1,0.1,0.1,0.5,0.0,65535.0,0.13206683451590753,0.0,65535.0,0.07595941100175478,0.0,0.0,0.0,0.0,0.0,0.0,0.0,0.0,0.0,0.0
100685.55,0.3778171230792183,0.0,15592.0,37.0,0.18949999999852263,32.125,32.75,36.85000000000002,0.0,0.0,0.0,0.0,0.0,20.0,0.3,0.1,0.2,0.1,0.4,0.1,0.1,0.1,0.5,0.0,65535.0,0.13229571984435798,0.0,65535.0,0.07617303730830854,0.0,0.0,0.0,0.0,0.0,0.0,0.0,0.0,0.0,0.0
100745.64,0.4013901416075654,0.0,15592.0,37.0,0.21099999999853236,32.125,32.8125,36.950000000000045,0.0,0.0,0.0,0.0,0.0,20.0,0.3,0.1,0.2,0.1,0.4,0.1,0.1,0.1,0.5,0.0,65535.0,0.13275349050125887,0.0,65535.0,0.07614251926451514,0.0,0.0,0.0,0.0,0.0,0.0,0.0,0.0,0.0,0.0
100805.72,0.40122811401794145,0.0,15592.0,37.0,0.20979999999853174,32.125,32.8125,36.85000000000002,0.0,0.0,0.0,0.0,0.0,20.0,0.3,0.1,0.2,0.1,0.4,0.1,0.1,0.1,0.5,0.0,65535.0,0.13282978561074235,0.0,65535.0,0.07615777828641183,0.0,0.0,0.0,0.0,0.0,0.0,0.0,0.0,0.0,0.0
100865.76,0.39305984404902344,0.0,15592.0,37.0,0.23069999999852694,32.0625,32.75,36.73000000000002,0.0,0.0,0.0,0.0,0.0,20.0,0.3,0.1,0.2,0.1,0.4,0.1,0.1,0.1,0.5,0.0,65535.0,0.13250934615091173,0.0,65535.0,0.07626459143968872,0.0,0.0,0.0,0.0,0.0,0.0,0.0,0.0,0.0,0.0
100925.82,0.3973539131997357,0.0,15592.0,37.0,0.23069999999852608,32.0625,32.8125,36.870000000000005,0.0,0.0,0.0,0.0,0.0,20.0,0.3,0.1,0.2,0.1,0.4,0.1,0.1,0.1,0.5,0.0,65535.0,0.13231097886625467,0.0,65535.0,0.07580682078278782,0.0,0.0,0.0,0.0,0.0,0.0,0.0,0.0,0.0,0.0
100985.85,0.3968627161770375,0.0,15592.0,37.0,0.2633999999985265,32.0625,32.8125,36.950000000000045,0.0,0.0043,0.25,0.0,0.0,20.0,0.3,0.1,0.2,0.1,0.4,0.1,0.1,0.1,0.5,0.0,65535.0,0.1325856412603952,0.0,65535.0,0.07621881437399863,0.0,0.0,0.0,0.0,0.0,0.0,0.0,0.0,0.0,0.0
101045.88,0.3904768818842298,0.0,15592.0,37.0,0.35674999999852375,32.0,32.75,36.53000000000003,0.0,0.0,0.0,0.0,0.0,20.0,0.3,0.1,0.2,0.1,0.4,0.1,0.1,0.1,0.5,0.0,65535.0,0.12947280079346915,0.0,65535.0,0.07443350881208514,0.0,0.0,0.0,0.0,0.0,0.0,0.0,0.0,0.0,0.0
101105.94,0.37883495942491674,0.0,15592.0,37.0,0.2895999999985305,32.0,32.8125,36.690000000000055,0.0,0.0,0.0,0.0,0.0,20.0,0.3,0.1,0.2,0.1,0.4,0.1,0.1,0.1,0.5,0.0,65535.0,0.12959487296864272,0.0,65535.0,0.07414358739604791,0.0,0.0,0.0,0.0,0.0,0.0,0.0,0.0,0.0,0.0
101165.98,0.3882413994715902,0.0,15592.0,37.0,0.25079999999852315,32.0625,32.8125,36.870000000000005,0.0,0.0,0.0,0.0,0.0,20.0,0.3,0.1,0.2,0.1,0.4,0.1,0.1,0.1,0.5,0.0,65535.0,0.12912184328984513,0.0,65535.0,0.07440299076829175,0.0,0.0,0.0,0.0,0.0,0.0,0.0,0.0,0.0,0.0
101226.01,0.38499388612691926,0.0,15592.0,37.0,0.20959999999851542,32.125,32.75,37.13000000000005,0.0,0.0,0.0,0.0,0.0,20.0,0.3,0.1,0.2,0.1,0.4,0.1,0.1,0.1,0.5,0.0,65535.0,0.12919813839932862,0.0,65535.0,0.07403677424277104,0.0,0.0,0.0,0.0,0.0,0.0,0.0,0.0,0.0,0.0
101286.06,0.33842251764690123,0.0,15592.0,37.0,0.23249999999852045,32.1875,32.8125,36.950000000000045,0.0,0.0,0.0,0.0,0.0,20.0,0.3,0.1,0.2,0.1,0.4,0.1,0.1,0.1,0.5,0.0,65535.0,0.12916762035553522,0.0,65535.0,0.07397573815518425,0.0,0.0,0.0,0.0,0.0,0.0,0.0,0.0,0.0,0.0
101346.1,0.3701036614060452,0.0,15592.0,37.0,0.16239999999852225,32.1875,32.8125,36.870000000000005,0.0,0.0,0.0,0.0,0.0,20.0,0.3,0.1,0.2,0.1,0.4,0.1,0.1,0.1,0.5,0.0,65535.0,0.1292744335088121,0.0,65535.0,0.074189364461738,0.0,0.0,0.0,0.0,0.0,0.0,0.0,0.0,0.0,0.0
101406.14,0.3239031952625543,0.0,15592.0,37.0,0.24499999999851477,32.125,32.75,36.79000000000002,0.0,0.0,0.0,0.0,0.0,20.0,0.3,0.1,0.2,0.1,0.4,0.1,0.1,0.1,0.5,0.0,65535.0,0.12938124666208897,0.0,65535.0,0.07402151522087434,0.0,0.0,0.0,0.0,0.0,0.0,0.0,0.0,0.0,0.0
101466.18,0.3449109817484532,0.0,15592.0,37.0,0.20289999999852207,32.125,32.75,36.73000000000002,0.0,0.0,0.0,0.0,0.0,20.0,0.3,0.1,0.2,0.1,0.4,0.1,0.1,0.1,0.5,0.0,65535.0,0.12942702372777906,0.0,65535.0,0.07426565957122148,0.0,0.0,0.0,0.0,0.0,0.0,0.0,0.0,0.0,0.0
101526.23,0.34984479989552375,0.0,15592.0,37.0,0.24109999999851317,32.1875,32.8125,36.89000000000004,0.0,0.0,0.0,0.0,0.0,20.0,0.3,0.1,0.2,0.1,0.4,0.1,0.1,0.1,0.5,0.0,65535.0,0.12954909590295263,0.0,65535.0,0.07440299076829175,0.0,0.0,0.0,0.0,0.0,0.0,0.0,0.0,0.0,0.0
101586.31,0.3482407863148266,0.0,15592.0,37.0,0.1960999999985106,32.125,32.8125,36.710000000000036,0.0,0.0,0.0,0.0,0.0,20.0,0.3,0.1,0.2,0.1,0.4,0.1,0.1,0.1,0.5,0.0,65535.0,0.12948805981536585,0.0,65535.0,0.07452506294346532,0.0,0.0,0.0,0.0,0.0,0.0,0.0,0.0,0.0,0.0
101646.36,0.3511830828041801,0.0,15592.0,37.0,0.236099999998516,32.125,32.75,37.01000000000005,0.0,0.0,0.0,0.0,0.0,20.0,0.3,0.1,0.2,0.1,0.4,0.1,0.1,0.1,0.5,0.0,65535.0,0.1296711680781262,0.0,65535.0,0.07409781033035782,0.0,0.0,0.0,0.0,0.0,0.0,0.0,0.0,0.0,0.0
101706.44,0.3492002231147009,0.0,15592.0,37.0,0.2575999999985107,32.125,32.75,36.93000000000001,0.0,0.0,0.0,0.0,0.0,20.0,0.3,0.1,0.2,0.1,0.4,0.1,0.1,0.1,0.5,0.0,65535.0,0.12953383688105594,0.0,65535.0,0.07437247272449836,0.0,0.0,0.0,0.0,0.0,0.0,0.0,0.0,0.0,0.0
101766.51,0.3497168605068988,0.0,15592.0,37.0,0.23849999999851382,32.125,32.75,36.97000000000003,0.0,0.0,0.0,0.0,0.0,20.0,0.3,0.1,0.2,0.1,0.4,0.1,0.1,0.1,0.5,0.0,65535.0,0.12976272220950638,0.0,65535.0,0.07472343022812238,0.0,0.0,0.0,0.0,0.0,0.0,0.0,0.0,0.0,0.0
101826.58,0.3563855914027573,0.0,15592.0,37.0,0.2234999999985124,32.125,32.8125,36.950000000000045,0.0,0.0,0.0,0.0,0.0,20.0,0.3,0.1,0.2,0.1,0.4,0.1,0.1,0.1,0.5,0.0,65535.0,0.1296711680781262,0.0,65535.0,0.07440299076829175,0.0,0.0,0.0,0.0,0.0,0.0,0.0,0.0,0.0,0.0
101886.66,0.35011429107344916,0.0,15592.0,37.0,0.2413999999985069,32.125,32.8125,37.01000000000005,0.0,0.0,0.0,0.0,0.0,20.0,0.3,0.1,0.2,0.1,0.4,0.1,0.1,0.1,0.5,0.0,65535.0,0.12994583047226674,0.0,65535.0,0.07441824979018845,0.0,0.0,0.0,0.0,0.0,0.0,0.0,0.0,0.0,0.0
101946.72,0.3550722938533895,0.0,15592.0,37.0,0.22079999999850972,32.125,32.75,36.81,0.0,0.0,0.0,0.0,0.0,20.0,0.3,0.1,0.2,0.1,0.4,0.1,0.1,0.1,0.5,0.0,65535.0,0.12983901731898986,0.0,65535.0,0.07447928587777523,0.0,0.0,0.0,0.0,0.0,0.0,0.0,0.0,0.0,0.0
102006.79,0.3480469794530162,0.0,15592.0,37.0,0.24639999999851483,32.125,32.875,37.05000000000001,0.0,0.0,0.0,0.0,0.0,20.0,0.3,0.1,0.2,0.1,0.4,0.1,0.1,0.1,0.5,0.0,65535.0,0.12985427634088656,0.0,65535.0,0.07443350881208514,0.0,0.0,0.0,0.0,0.0,0.0,0.0,0.0,0.0,0.0
102066.87,0.37892293616794365,0.0,15592.0,37.0,0.2502999999985147,32.0625,32.6875,36.85000000000002,0.0,0.0,0.0,0.0,0.0,20.0,0.3,0.1,0.2,0.1,0.4,0.1,0.1,0.1,0.5,0.0,65535.0,0.1292744335088121,0.0,65535.0,0.07412832837415122,0.0,0.0,0.0,0.0,0.0,0.0,0.0,0.0,0.0,0.0
102126.92,0.3834955682540771,0.0,15592.0,37.0,0.24529999999850416,32.125,32.8125,36.870000000000005,0.0,0.0,0.0,0.0,0.0,20.0,0.3,0.1,0.2,0.1,0.4,0.1,0.1,0.1,0.5,0.0,65535.0,0.12988479438467995,0.0,65535.0,0.0741741054398413,0.0,0.0,0.0,0.0,0.0,0.0,0.0,0.0,0.0,0.0
102186.95,0.393423148328506,0.0,15592.0,37.0,0.21519999999851222,32.125,32.75,36.950000000000045,0.0,0.0,0.0,0.0,0.0,20.0,0.3,0.1,0.2,0.1,0.4,0.1,0.1,0.1,0.5,0.0,65535.0,0.1296864271000229,0.0,65535.0,0.07408255130846113,0.0,0.0,0.0,0.0,0.0,0.0,0.0,0.0,0.0,0.0
102246.98,0.38892208268588874,0.0,15592.0,37.0,0.23489999999850766,32.125,32.75,36.85000000000002,0.0,0.0,0.0,0.0,0.0,20.0,0.3,0.1,0.2,0.1,0.4,0.1,0.1,0.1,0.5,0.0,65535.0,0.12985427634088656,0.0,65535.0,0.07437247272449836,0.0,0.0,0.0,0.0,0.0,0.0,0.0,0.0,0.0,0.0
102307.03,0.38893965082412996,0.0,15592.0,37.0,0.24549999999851221,32.0625,32.75,36.89000000000004,0.0,0.0,0.0,0.0,0.0,20.0,0.3,0.1,0.2,0.1,0.4,0.1,0.1,0.1,0.5,0.0,65535.0,0.13022049286640727,0.0,65535.0,0.07446402685587854,0.0,0.0,0.0,0.0,0.0,0.0,0.0,0.0,0.0,0.0
102367.07,0.3902808461485101,0.0,15592.0,37.0,0.1986999999985096,32.0625,32.75,36.63000000000005,0.0,0.0,0.0,0.0,0.0,20.0,0.3,0.1,0.2,0.1,0.4,0.1,0.1,0.1,0.5,0.0,65535.0,0.12983901731898986,0.0,65535.0,0.07426565957122148,0.0,0.0,0.0,0.0,0.0,0.0,0.0,0.0,0.0,0.0
102427.12,0.38772791559170344,0.0,15592.0,37.0,0.24459999999851048,32.125,32.75,36.81,0.0,0.0,0.0,0.0,0.0,20.0,0.3,0.1,0.2,0.1,0.4,0.1,0.1,0.1,0.5,0.0,65535.0,0.1296864271000229,0.0,65535.0,0.074189364461738,0.0,0.0,0.0,0.0,0.0,0.0,0.0,0.0,0.0,0.0
102487.19,0.3720835880729978,0.0,15592.0,37.0,0.21959999999850394,32.125,32.75,37.03000000000003,0.0,0.0,0.0,0.0,0.0,20.0,0.3,0.1,0.2,0.1,0.4,0.1,0.1,0.1,0.5,0.0,65535.0,0.13017471580071718,0.0,65535.0,0.07441824979018845,0.0,0.0,0.0,0.0,0.0,0.0,0.0,0.0,0.0,0.0
102547.27,0.37409834714289536,0.0,15592.0,37.0,0.19099999999849726,32.0625,32.75,37.01000000000005,0.0,0.0,0.0,0.0,0.0,20.0,0.3,0.1,0.2,0.1,0.4,0.1,0.1,0.1,0.5,0.0,65535.0,0.12974746318760969,0.0,65535.0,0.07440299076829175,0.0,0.0,0.0,0.0,0.0,0.0,0.0,0.0,0.0,0.0
102607.35,0.34909025189797505,0.0,15592.0,37.0,0.18039999999850603,32.0625,32.75,36.85000000000002,0.0,0.0,0.0,0.0,0.0,20.0,0.3,0.1,0.2,0.1,0.4,0.1,0.1,0.1,0.5,0.0,65535.0,0.13025101091020067,0.0,65535.0,0.07415884641794461,0.0,0.0,0.0,0.0,0.0,0.0,0.0,0.0,0.0,0.0
102667.4,0.3516519788162385,0.0,15592.0,37.0,0.23659999999849754,32.0,32.6875,36.950000000000045,0.0,0.0,0.0,0.0,0.0,20.0,0.3,0.1,0.2,0.1,0.4,0.1,0.1,0.1,0.5,0.0,65535.0,0.13003738460364692,0.0,65535.0,0.07441824979018845,0.0,0.0,0.0,0.0,0.0,0.0,0.0,0.0,0.0,0.0
102727.45,0.32824282953955153,0.0,15592.0,37.0,0.23249999999850127,32.0625,32.75,37.01000000000005,0.0,0.0,0.0,0.0,0.0,20.0,0.3,0.1,0.2,0.1,0.4,0.1,0.1,0.1,0.5,0.0,65535.0,0.13032730601968415,0.0,65535.0,0.07432669565880827,0.0,0.0,0.0,0.0,0.0,0.0,0.0,0.0,0.0,0.0
102787.53,0.3307330057097838,0.0,15592.0,37.0,0.2527999999984961,32.0,32.75,36.77000000000004,0.0,0.0,0.0,0.0,0.0,20.0,0.3,0.1,0.2,0.1,0.4,0.1,0.1,0.1,0.5,0.0,65535.0,0.13046463721675441,0.0,65535.0,0.07476920729381246,0.0,0.0,0.0,0.0,0.0,0.0,0.0,0.0,0.0,0.0
102847.6,0.33712887738609376,0.0,15592.0,37.0,0.21899999999849845,32.0,32.6875,36.870000000000005,0.0,0.0,0.0,0.0,0.0,20.0,0.3,0.1,0.2,0.1,0.4,0.1,0.1,0.1,0.5,0.0,65535.0,0.13025101091020067,0.0,65535.0,0.07458609903105211,0.0,0.0,0.0,0.0,0.0,0.0,0.0,0.0,0.0,0.0
102907.66,0.3750638321236639,0.0,15592.0,37.0,0.2242999999984928,32.0625,32.6875,36.870000000000005,0.0,0.0,0.0,0.0,0.0,20.0,0.3,0.1,0.2,0.1,0.4,0.1,0.1,0.1,0.5,0.0,65535.0,0.1305714503700313,0.0,65535.0,0.07455558098725872,0.0,0.0,0.0,0.0,0.0,0.0,0.0,0.0,0.0,0.0
102967.73,0.3678665320328114,0.0,15592.0,37.0,0.21869999999849618,32.0625,32.75,36.85000000000002,0.0,0.0,0.0,0.0,0.0,20.0,0.3,0.1,0.2,0.1,0.4,0.1,0.1,0.1,0.5,0.0,65535.0,0.13020523384451058,0.0,65535.0,0.07425040054932479,0.0,0.0,0.0,0.0,0.0,0.0,0.0,0.0,0.0,0.0
103027.78,0.36478600763209984,0.0,15592.0,37.0,0.23459999999849593,32.0625,32.75,37.01000000000005,0.0,0.0,0.0,0.0,0.0,20.0,0.3,0.1,0.2,0.1,0.4,0.1,0.1,0.1,0.5,0.0,65535.0,0.13038834210727093,0.0,65535.0,0.07441824979018845,0.0,0.0,0.0,0.0,0.0,0.0,0.0,0.0,0.0,0.0
103087.86,0.37433335845480964,0.0,15592.0,37.0,0.19219999999848844,32.0625,32.8125,36.85000000000002,0.0,0.0,0.0,0.0,0.0,20.0,0.3,0.1,0.2,0.1,0.4,0.1,0.1,0.1,0.5,0.0,65535.0,0.13017471580071718,0.0,65535.0,0.07435721370260166,0.0,0.0,0.0,0.0,0.0,0.0,0.0,0.0,0.0,0.0
103147.91,0.37957287136914175,0.0,15592.0,37.0,0.25459999999848937,32.0625,32.75,36.81,0.0,0.0,0.0,0.0,0.0,20.0,0.3,0.1,0.2,0.1,0.4,0.1,0.1,0.1,0.5,0.0,65535.0,0.13069352254520486,0.0,65535.0,0.07438773174639506,0.0,0.0,0.0,0.0,0.0,0.0,0.0,0.0,0.0,0.0
103207.95,0.38327807886263077,0.0,15592.0,37.0,0.19509999999849573,32.0625,32.75,36.650000000000034,0.0,0.0,0.0,0.0,0.0,20.0,0.3,0.1,0.2,0.1,0.4,0.1,0.1,0.1,0.5,0.0,65535.0,0.13028152895399406,0.0,65535.0,0.07455558098725872,0.0,0.0,0.0,0.0,0.0,0.0,0.0,0.0,0.0,0.0
103268.0,0.3725219177650552,0.0,15592.0,37.0,0.23569999999848637,32.0625,32.6875,36.710000000000036,0.0,0.0,0.0,0.0,0.0,20.0,0.3,0.1,0.2,0.1,0.4,0.1,0.1,0.1,0.5,0.0,65535.0,0.13037308308537424,0.0,65535.0,0.07443350881208514,0.0,0.0,0.0,0.0,0.0,0.0,0.0,0.0,0.0,0.0
103328.04,0.3791936845095685,0.0,15592.0,37.0,0.19159999999848384,32.0,32.75,36.79000000000002,0.0,0.0,0.0,0.0,0.0,20.0,0.3,0.1,0.2,0.1,0.4,0.1,0.1,0.1,0.5,0.0,65535.0,0.1305104142824445,0.0,65535.0,0.07467765316243229,0.0,0.0,0.0,0.0,0.0,0.0,0.0,0.0,0.0,0.0
103388.08,0.38515583744035614,0.0,15592.0,37.0,0.22249999999848416,32.0,32.6875,36.77000000000004,0.0,0.0,0.0,0.0,0.0,20.0,0.3,0.1,0.2,0.1,0.4,0.1,0.1,0.1,0.5,0.0,65535.0,0.1305714503700313,0.0,65535.0,0.07446402685587854,0.0,0.0,0.0,0.0,0.0,0.0,0.0,0.0,0.0,0.0
103448.13,0.38962251023650174,0.0,15592.0,37.0,0.22309999999848276,32.0,32.75,36.93000000000001,0.0,0.0,0.0,0.0,0.0,20.0,0.3,0.1,0.2,0.1,0.4,0.1,0.1,0.1,0.5,0.0,65535.0,0.1309987029831388,0.0,65535.0,0.07476920729381246,0.0,0.0,0.0,0.0,0.0,0.0,0.0,0.0,0.0,0.0
103508.17,0.3751793437124169,0.0,15592.0,37.0,0.1939999999984808,32.0,32.6875,36.97000000000003,0.0,0.0,0.0,0.0,0.0,20.0,0.3,0.1,0.2,0.1,0.4,0.1,0.1,0.1,0.5,0.0,65535.0,0.13061722743572138,0.0,65535.0,0.07473868925001907,0.0,0.0,0.0,0.0,0.0,0.0,0.0,0.0,0.0,0.0
103568.25,0.38237812032647833,0.0,15592.0,37.0,0.23839999999848133,32.0625,32.6875,36.73000000000002,0.0,0.0,0.0,0.0,0.0,20.0,0.3,0.1,0.2,0.1,0.4,0.1,0.1,0.1,0.5,0.0,65535.0,0.13070878156710156,0.0,65535.0,0.07455558098725872,0.0,0.0,0.0,0.0,0.0,0.0,0.0,0.0,0.0,0.0
103628.32,0.39327137208531937,0.0,15592.0,37.0,0.286399999998482,32.0625,32.6875,36.710000000000036,0.0,0.0,0.0,0.0,0.0,20.0,0.3,0.1,0.2,0.1,0.4,0.1,0.1,0.1,0.5,0.0,65535.0,0.13037308308537424,0.0,65535.0,0.07434195468070497,0.0,0.0,0.0,0.0,0.0,0.0,0.0,0.0,0.0,0.0
103688.4,0.37559869457440576,0.0,15592.0,37.0,0.22609999999847832,32.0625,32.75,36.89000000000004,0.0,0.0,0.0,0.0,0.0,20.0,0.3,0.1,0.2,0.1,0.4,0.1,0.1,0.1,0.5,0.0,65535.0,0.1309224078736553,0.0,65535.0,0.07489127946898604,0.0,0.0,0.0,0.0,0.0,0.0,0.0,0.0,0.0,0.0
103748.47,0.3584437723890042,0.0,15592.0,37.0,0.26139999999848884,32.0625,32.75,36.870000000000005,0.0,0.0,0.0,0.0,0.0,20.0,0.3,0.1,0.2,0.1,0.4,0.1,0.1,0.1,0.5,0.0,65535.0,0.13081559472037843,0.0,65535.0,0.07449454489967193,0.0,0.0,0.0,0.0,0.0,0.0,0.0,0.0,0.0,0.0
103808.54,0.3721525998251262,0.0,15592.0,37.0,0.22259999999848148,32.0625,32.6875,36.81,0.0,0.0,0.0,0.0,0.0,20.0,0.3,0.1,0.2,0.1,0.4,0.1,0.1,0.1,0.5,0.0,65535.0,0.13125810635538263,0.0,65535.0,0.07423514152742809,0.0,0.0,0.0,0.0,0.0,0.0,0.0,0.0,0.0,0.0
103868.62,0.3707519562453563,0.0,15592.0,37.0,0.22729999999847553,32.0625,32.75,36.950000000000045,0.0,0.0,0.0,0.0,0.0,20.0,0.3,0.1,0.2,0.1,0.4,0.1,0.1,0.1,0.5,0.0,65535.0,0.13109025711451897,0.0,65535.0,0.07437247272449836,0.0,0.0,0.0,0.0,0.0,0.0,0.0,0.0,0.0,0.0
103928.66,0.3394097644823483,0.0,15592.0,37.0,0.20549999999847857,32.125,32.75,37.03000000000003,0.0,0.0,0.0,0.0,0.0,20.0,0.3,0.1,0.2,0.1,0.4,0.1,0.1,0.1,0.5,0.0,65535.0,0.13128862439917602,0.0,65535.0,0.07466239414053559,0.0,0.0,0.0,0.0,0.0,0.0,0.0,0.0,0.0,0.0
103988.71,0.35196309443151724,0.0,15592.0,37.0,0.18099999999848151,32.125,32.6875,36.710000000000036,0.0,0.0,0.0,0.0,0.0,20.0,0.3,0.1,0.2,0.1,0.4,0.1,0.1,0.1,0.5,0.0,65535.0,0.13116655222400245,0.0,65535.0,0.07492179751277943,0.0,0.0,0.0,0.0,0.0,0.0,0.0,0.0,0.0,0.0
104048.75,0.33322872341548565,0.0,15592.0,37.0,0.23429999999847823,32.0,32.75,37.05000000000001,0.0,0.0,0.0,0.0,0.0,20.0,0.3,0.1,0.2,0.1,0.4,0.1,0.1,0.1,0.5,0.0,65535.0,0.13118181124589914,0.0,65535.0,0.07484550240329595,0.0,0.0,0.0,0.0,0.0,0.0,0.0,0.0,0.0,0.0
104108.8,0.33301047247073245,0.0,15592.0,37.0,0.19689999999848126,32.0625,32.6875,36.870000000000005,0.0,0.0,0.0,0.0,0.0,20.0,0.3,0.1,0.2,0.1,0.4,0.1,0.1,0.1,0.5,0.0,65535.0,0.1309987029831388,0.0,65535.0,0.075043869687953,0.0,0.0,0.0,0.0,0.0,0.0,0.0,0.0,0.0,0.0
104168.84,0.3748251938160637,0.0,15592.0,37.0,0.24279999999848215,32.0,32.6875,36.79000000000002,0.0,0.0,0.0,0.0,0.0,20.0,0.3,0.1,0.2,0.1,0.4,0.1,0.1,0.1,0.5,0.0,65535.0,0.1309529259174487,0.0,65535.0,0.0746318760967422,0.0,0.0,0.0,0.0,0.0,0.0,0.0,0.0,0.0,0.0
104228.88,0.36748521998596817,0.0,15592.0,37.0,0.19929999999847992,32.0,32.6875,36.950000000000045,0.0,0.0,0.0,0.0,0.0,20.0,0.3,0.1,0.2,0.1,0.4,0.1,0.1,0.1,0.5,0.0,65535.0,0.13116655222400245,0.0,65535.0,0.07472343022812238,0.0,0.0,0.0,0.0,0.0,0.0,0.0,0.0,0.0,0.0
104288.96,0.37023040983757005,0.0,15592.0,37.0,0.24049999999847085,32.0625,32.6875,36.97000000000003,0.0,0.0,0.0,0.0,0.0,20.0,0.3,0.1,0.2,0.1,0.4,0.1,0.1,0.1,0.5,0.0,65535.0,0.13144121461814298,0.0,65535.0,0.07473868925001907,0.0,0.0,0.0,0.0,0.0,0.0,0.0,0.0,0.0,0.0
104349.03,0.36554336657484315,0.0,15592.0,37.0,0.22519999999846887,32.0,32.6875,37.05000000000001,0.0,0.0,0.0,0.0,0.0,20.0,0.3,0.1,0.2,0.1,0.4,0.1,0.1,0.1,0.5,0.0,65535.0,0.13124284733348593,0.0,65535.0,0.0746013580529488,0.0,0.0,0.0,0.0,0.0,0.0,0.0,0.0,0.0,0.0
104409.1,0.4023298879524097,0.0,15592.0,37.0,0.20369999999847166,32.0625,32.6875,36.79000000000002,0.0,0.0,0.0,0.0,0.0,20.0,0.3,0.1,0.2,0.1,0.4,0.1,0.1,0.1,0.5,0.0,65535.0,0.13124284733348593,0.0,65535.0,0.07457084000915541,0.0,0.0,0.0,0.0,0.0,0.0,0.0,0.0,0.0,0.0
104469.15,0.40067706078897064,0.0,15592.0,37.0,0.2348999999984717,32.0,32.6875,36.85000000000002,0.0,0.0,0.0,0.0,0.0,20.0,0.3,0.1,0.2,0.1,0.4,0.1,0.1,0.1,0.5,0.0,65535.0,0.13142595559624629,0.0,65535.0,0.07457084000915541,0.0,0.0,0.0,0.0,0.0,0.0,0.0,0.0,0.0,0.0
104529.23,0.4077879933630133,0.0,15592.0,37.0,0.23899999999846624,32.0625,32.6875,36.85000000000002,0.0,0.0,0.0,0.0,0.0,20.0,0.3,0.1,0.2,0.1,0.4,0.1,0.1,0.1,0.5,0.0,65535.0,0.13147173266193637,0.0,65535.0,0.07484550240329595,0.0,0.0,0.0,0.0,0.0,0.0,0.0,0.0,0.0,0.0
104589.3,0.4164922335145599,0.0,15592.0,37.0,0.22369999999846427,32.0,32.6875,36.81,0.0,0.0,0.0,0.0,0.0,20.0,0.3,0.1,0.2,0.1,0.4,0.1,0.1,0.1,0.5,0.0,65535.0,0.13148699168383307,0.0,65535.0,0.0746318760967422,0.0,0.0,0.0,0.0,0.0,0.0,0.0,0.0,0.0,0.0
104649.36,0.42377305561695694,0.0,15592.0,37.0,0.24049999999846403,32.0625,32.75,36.79000000000002,0.0,0.0,0.0,0.0,0.0,20.0,0.3,0.1,0.2,0.1,0.4,0.1,0.1,0.1,0.5,0.0,65535.0,0.13115129320210575,0.0,65535.0,0.07447928587777523,0.0,0.0,0.0,0.0,0.0,0.0,0.0,0.0,0.0,0.0
104709.43,0.4215511171749474,0.0,15592.0,37.0,0.21989999999846685,32.0,32.6875,36.73000000000002,0.0,0.0,0.0,0.0,0.0,20.0,0.3,0.1,0.2,0.1,0.4,0.1,0.1,0.1,0.5,0.0,65535.0,0.13142595559624629,0.0,65535.0,0.07472343022812238,0.0,0.0,0.0,0.0,0.0,0.0,0.0,0.0,0.0,0.0
104769.51,0.3967242585240688,0.0,15592.0,37.0,0.2384999999984667,32.0,32.6875,36.89000000000004,0.0,0.0,0.0,0.0,0.0,20.0,0.3,0.1,0.2,0.1,0.4,0.1,0.1,0.1,0.5,0.0,65535.0,0.13104448004882888,0.0,65535.0,0.0746166170748455,0.0,0.0,0.0,0.0,0.0,0.0,0.0,0.0,0.0,0.0
104829.57,0.3885104364696842,0.0,15592.0,37.0,0.22789999999846042,32.0625,32.75,37.03000000000003,0.0,0.0,0.0,0.0,0.0,20.0,0.3,0.1,0.2,0.1,0.4,0.1,0.1,0.1,0.5,0.0,65535.0,0.1313801785305562,0.0,65535.0,0.07454032196536202,0.0,0.0,0.0,0.0,0.0,0.0,0.0,0.0,0.0,0.0
104889.63,0.3605855435561114,0.0,15592.0,37.0,0.174599999998462,32.0,32.6875,36.870000000000005,0.0,0.0,0.0,0.0,0.0,20.0,0.3,0.1,0.2,0.1,0.4,0.1,0.1,0.1,0.5,0.0,65535.0,0.1313649195086595,0.0,65535.0,0.07467765316243229,0.0,0.0,0.0,0.0,0.0,0.0,0.0,0.0,0.0,0.0
104949.71,0.36391004054758314,0.0,15592.0,37.0,0.19189999999845708,32.0625,32.6875,36.610000000000014,0.0,0.0,0.0,0.0,0.0,20.0,0.3,0.1,0.2,0.1,0.4,0.1,0.1,0.1,0.5,0.0,65535.0,0.13142595559624629,0.0,65535.0,0.07454032196536202,0.0,0.0,0.0,0.0,0.0,0.0,0.0,0.0,0.0,0.0
105009.74,0.36657203407578715,0.0,15592.0,37.0,0.2780999999984639,32.0,32.6875,36.73000000000002,0.0,0.0,0.0,0.0,0.0,20.0,0.3,0.1,0.2,0.1,0.4,0.1,0.1,0.1,0.5,0.0,65535.0,0.1318379491874571,0.0,65535.0,0.07466239414053559,0.0,0.0,0.0,0.0,0.0,0.0,0.0,0.0,0.0,0.0
105069.78,0.357376968876546,0.0,15592.0,37.0,0.26519999999846233,32.0625,32.6875,37.01000000000005,0.0,0.0,0.0,0.0,0.0,20.0,0.3,0.1,0.2,0.1,0.4,0.1,0.1,0.1,0.5,0.0,65535.0,0.13160906385900664,0.0,65535.0,0.0746166170748455,0.0,0.0,0.0,0.0,0.0,0.0,0.0,0.0,0.0,0.0
105129.85,0.36365398700243,0.0,15592.0,37.0,0.25729999999845615,32.0,32.6875,36.77000000000004,0.0,0.0,0.0,0.0,0.0,20.0,0.3,0.1,0.2,0.1,0.4,0.1,0.1,0.1,0.5,0.0,65535.0,0.1313344014648661,0.0,65535.0,0.0746318760967422,0.0,0.0,0.0,0.0,0.0,0.0,0.0,0.0,0.0,0.0
105189.89,0.36958405368418695,0.0,15592.0,37.0,0.2275999999984539,32.0625,32.625,36.85000000000002,0.0,0.0,0.0,0.0,0.0,20.0,0.3,0.1,0.2,0.1,0.4,0.1,0.1,0.1,0.5,0.0,65535.0,0.13153276874952316,0.0,65535.0,0.07457084000915541,0.0,0.0,0.0,0.0,0.0,0.0,0.0,0.0,0.0,0.0
105249.94,0.36598733954307094,0.0,15592.0,37.0,0.2260999999984527,32.0625,32.6875,37.03000000000003,0.0,0.0,0.0,0.0,0.0,20.0,0.3,0.1,0.2,0.1,0.4,0.1,0.1,0.1,0.5,0.0,65535.0,0.13197528038452735,0.0,65535.0,0.07527275501640344,0.0,0.0,0.0,0.0,0.0,0.0,0.0,0.0,0.0,0.0
105310.01,0.3598278789098921,0.0,15592.0,37.0,0.263499999998463,32.0,32.6875,36.85000000000002,0.0,0.0,0.0,0.0,0.0,20.0,0.3,0.1,0.2,0.1,0.4,0.1,0.1,0.1,0.5,0.0,65535.0,0.1318379491874571,0.0,65535.0,0.07489127946898604,0.0,0.0,0.0,0.0,0.0,0.0,0.0,0.0,0.0,0.0
105370.09,0.38071812763982926,0.0,15592.0,37.0,0.22049999999845607,32.0,32.75,36.77000000000004,0.0,0.0,0.0,0.0,0.0,20.0,0.3,0.1,0.2,0.1,0.4,0.1,0.1,0.1,0.5,0.0,65535.0,0.13185320820935378,0.0,65535.0,0.07484550240329595,0.0,0.0,0.0,0.0,0.0,0.0,0.0,0.0,0.0,0.0
105430.14,0.3827354250061088,0.0,15592.0,37.0,0.3190999999984542,32.0,32.6875,36.710000000000036,0.0,0.0,0.0,0.0,0.0,20.0,0.3,0.1,0.2,0.1,0.4,0.1,0.1,0.1,0.5,0.0,65535.0,0.13194476234073396,0.0,65535.0,0.07481498435950255,0.0,0.0,0.0,0.0,0.0,0.0,0.0,0.0,0.0,0.0
105490.22,0.39827863737198665,0.0,15592.0,37.0,0.19759999999844846,32.0625,32.6875,37.01000000000005,0.0,0.0,0.0,0.0,0.0,20.0,0.3,0.1,0.2,0.1,0.4,0.1,0.1,0.1,0.5,0.0,65535.0,0.13206683451590753,0.0,65535.0,0.07470817120622568,0.0,0.0,0.0,0.0,0.0,0.0,0.0,0.0,0.0,0.0
105550.28,0.4045880454620037,0.0,15592.0,37.0,0.2413999999984487,32.0625,32.6875,36.710000000000036,0.0,0.0,0.0,0.0,0.0,20.0,0.3,0.1,0.2,0.1,0.4,0.1,0.1,0.1,0.5,0.0,65535.0,0.13200579842832075,0.0,65535.0,0.075043869687953,0.0,0.0,0.0,0.0,0.0,0.0,0.0,0.0,0.0,0.0
105610.36,0.3947050610531215,0.0,15592.0,37.0,0.2272999999984473,32.0625,32.6875,36.89000000000004,0.0,0.0,0.0,0.0,0.0,20.0,0.3,0.1,0.2,0.1,0.4,0.1,0.1,0.1,0.5,0.0,65535.0,0.1321736476691844,0.0,65535.0,0.0746471351186389,0.0,0.0,0.0,0.0,0.0,0.0,0.0,0.0,0.0,0.0
105670.4,0.40051181382382106,0.0,15592.0,37.0,0.20399999999845,32.0,32.6875,36.690000000000055,0.0,0.0,0.0,0.0,0.0,20.0,0.3,0.1,0.2,0.1,0.4,0.1,0.1,0.1,0.5,0.0,65535.0,0.1321736476691844,0.0,65535.0,0.07499809262226291,0.0,0.0,0.0,0.0,0.0,0.0,0.0,0.0,0.0,0.0
105730.45,0.4139646038216458,0.0,15592.0,37.0,0.1968999999984539,32.0625,32.6875,37.01000000000005,0.0,0.0,0.0,0.0,0.0,20.0,0.3,0.1,0.2,0.1,0.4,0.1,0.1,0.1,0.5,0.0,65535.0,0.1317616540779736,0.0,65535.0,0.07493705653467612,0.0,0.0,0.0,0.0,0.0,0.0,0.0,0.0,0.0,0.0
105790.52,0.42253109487004703,0.0,15592.0,37.0,0.22919999999844953,32.0,32.6875,36.650000000000034,0.0,0.0,0.0,0.0,0.0,20.0,0.3,0.1,0.2,0.1,0.4,0.1,0.1,0.1,0.5,0.0,65535.0,0.13209735255970093,0.0,65535.0,0.075043869687953,0.0,0.0,0.0,0.0,0.0,0.0,0.0,0.0,0.0,0.0
105850.56,0.43224940419684205,0.0,15592.0,37.0,0.23719999999844396,32.0,32.6875,36.950000000000045,0.0,0.0,0.0,0.0,0.0,20.0,0.3,0.1,0.2,0.1,0.4,0.1,0.1,0.1,0.5,0.0,65535.0,0.1322041657129778,0.0,65535.0,0.0750591287098497,0.0,0.0,0.0,0.0,0.0,0.0,0.0,0.0,0.0,0.0
105910.6,0.3804284055929218,0.0,15592.0,37.0,0.2436999999984531,32.0625,32.6875,36.79000000000002,0.0,0.0,0.0,0.0,0.0,20.0,0.3,0.1,0.2,0.1,0.4,0.1,0.1,0.1,0.5,0.0,65535.0,0.13249408712901503,0.0,65535.0,0.07512016479743648,0.0,0.0,0.0,0.0,0.0,0.0,0.0,0.0,0.0,0.0
105970.67,0.3406938153839284,0.0,15592.0,37.0,0.2389999999984423,32.0,32.6875,36.81,0.0,0.0,0.0,0.0,0.0,20.0,0.3,0.1,0.2,0.1,0.4,0.1,0.1,0.1,0.5,0.0,65535.0,0.13247882810711833,0.0,65535.0,0.07481498435950255,0.0,0.0,0.0,0.0,0.0,0.0,0.0,0.0,0.0,0.0
106030.73,0.32369295709934526,0.0,15592.0,37.0,0.23789999999844585,32.0,32.625,36.85000000000002,0.0,0.0,0.0,0.0,0.0,20.0,0.3,0.1,0.2,0.1,0.4,0.1,0.1,0.1,0.5,0.0,65535.0,0.13199053940642405,0.0,65535.0,0.0746471351186389,0.0,0.0,0.0,0.0,0.0,0.0,0.0,0.0,0.0,0.0
106090.81,0.332222286094449,0.0,15592.0,37.0,0.21579999999844918,32.0,32.75,36.710000000000036,0.0,0.0,0.0,0.0,0.0,20.0,0.3,0.1,0.2,0.1,0.4,0.1,0.1,0.1,0.5,0.0,65535.0,0.13196002136263066,0.0,65535.0,0.07443350881208514,0.0,0.0,0.0,0.0,0.0,0.0,0.0,0.0,0.0,0.0
106150.88,0.33002687587667845,0.0,15592.0,37.0,0.2410999999984395,32.0,32.625,36.93000000000001,0.0,0.0,0.0,0.0,0.0,20.0,0.3,0.1,0.2,0.1,0.4,0.1,0.1,0.1,0.5,0.0,65535.0,0.1322041657129778,0.0,65535.0,0.07496757457846952,0.0,0.0,0.0,0.0,0.0,0.0,0.0,0.0,0.0,0.0
106210.94,0.3430115018538374,0.0,15592.0,37.0,0.23759999999844353,32.0625,32.6875,36.89000000000004,0.0,0.0,0.0,0.0,0.0,20.0,0.3,0.1,0.2,0.1,0.4,0.1,0.1,0.1,0.5,0.0,65535.0,0.1321736476691844,0.0,65535.0,0.0750286106660563,0.0,0.0,0.0,0.0,0.0,0.0,0.0,0.0,0.0,0.0
106271.02,0.4087805529856223,0.0,15592.0,37.0,0.21399999999844652,32.0,32.625,36.89000000000004,0.0,0.0,0.0,0.0,0.0,20.0,0.3,0.1,0.2,0.1,0.4,0.1,0.1,0.1,0.5,0.0,65535.0,0.1326161593041886,0.0,65535.0,0.07518120088502327,0.0,0.0,0.0,0.0,0.0,0.0,0.0,0.0,0.0,0.0
106331.05,0.39953890249637275,0.0,15592.0,37.0,0.25609999999843747,32.0,32.6875,36.85000000000002,0.0,0.0,0.0,0.0,0.0,20.0,0.3,0.1,0.2,0.1,0.4,0.1,0.1,0.1,0.5,0.0,65535.0,0.13247882810711833,0.0,65535.0,0.07495231555657282,0.0,0.0,0.0,0.0,0.0,0.0,0.0,0.0,0.0,0.0
106391.12,0.39401120859156485,0.0,15592.0,37.0,0.19459999999843403,32.0,32.625,36.77000000000004,0.0,0.0,0.0,0.0,0.0,20.0,0.3,0.1,0.2,0.1,0.4,0.1,0.1,0.1,0.5,0.0,65535.0,0.13243305104142825,0.0,65535.0,0.07498283360036621,0.0,0.0,0.0,0.0,0.0,0.0,0.0,0.0,0.0,0.0
106451.2,0.39231201147607264,0.0,15592.0,37.0,0.25729999999843556,32.0,32.625,36.97000000000003,0.0,0.0,0.0,0.0,0.0,20.0,0.3,0.1,0.2,0.1,0.4,0.1,0.1,0.1,0.5,0.0,65535.0,0.13240253299763485,0.0,65535.0,0.07475394827191577,0.0,0.0,0.0,0.0,0.0,0.0,0.0,0.0,0.0,0.0
106511.28,0.3673392778166618,0.0,15592.0,37.0,0.1933999999984317,32.0,32.6875,36.93000000000001,0.0,0.0,0.0,0.0,0.0,20.0,0.3,0.1,0.2,0.1,0.4,0.1,0.1,0.1,0.5,0.0,65535.0,0.13296711680781262,0.0,65535.0,0.07512016479743648,0.0,0.0,0.0,0.0,0.0,0.0,0.0,0.0,0.0,0.0
106571.35,0.37562437490324385,0.0,15592.0,37.0,0.24489999999844253,32.0,32.6875,36.81,0.0,0.0,0.0,0.0,0.0,20.0,0.3,0.1,0.2,0.1,0.4,0.1,0.1,0.1,0.5,0.0,65535.0,0.13270771343556878,0.0,65535.0,0.07512016479743648,0.0,0.0,0.0,0.0,0.0,0.0,0.0,0.0,0.0,0.0
106631.4,0.35292437568549323,0.0,15592.0,37.0,0.21459999999844082,32.0,32.6875,36.93000000000001,0.0,0.0,0.0,0.0,0.0,20.0,0.3,0.1,0.2,0.1,0.4,0.1,0.1,0.1,0.5,0.0,65535.0,0.13231097886625467,0.0,65535.0,0.07450980392156863,0.0,0.0,0.0,0.0,0.0,0.0,0.0,0.0,0.0,0.0
106691.44,0.35925178463297375,0.0,15592.0,37.0,0.24199999999843094,32.0,32.6875,36.650000000000034,0.0,0.0,0.0,0.0,0.0,20.0,0.3,0.1,0.2,0.1,0.4,0.1,0.1,0.1,0.5,0.0,65535.0,0.13286030365453574,0.0,65535.0,0.07466239414053559,0.0,0.0,0.0,0.0,0.0,0.0,0.0,0.0,0.0,0.0
106751.5,0.35701903096168497,0.0,15592.0,37.0,0.2072999999984332,32.0,32.6875,36.85000000000002,0.0,0.0,0.0,0.0,0.0,20.0,0.3,0.1,0.2,0.1,0.4,0.1,0.1,0.1,0.5,0.0,65535.0,0.1322194247348745,0.0,65535.0,0.07513542381933318,0.0,0.0,0.0,0.0,0.0,0.0,0.0,0.0,0.0,0.0
106811.57,0.3511580680078922,0.0,15592.0,37.0,0.23819999999843353,32.0625,32.625,36.73000000000002,0.0,0.0,0.0,0.0,0.0,20.0,0.3,0.1,0.2,0.1,0.4,0.1,0.1,0.1,0.5,0.0,65535.0,0.13275349050125887,0.0,65535.0,0.07472343022812238,0.0,0.0,0.0,0.0,0.0,0.0,0.0,0.0,0.0,0.0
106871.6,0.3569901548769546,0.0,15592.0,37.0,0.21609999999843685,32.0625,32.625,36.93000000000001,0.0,0.0,0.0,0.0,0.0,20.0,0.3,0.1,0.2,0.1,0.4,0.1,0.1,0.1,0.5,0.0,65535.0,0.13286030365453574,0.0,65535.0,0.07489127946898604,0.0,0.0,0.0,0.0,0.0,0.0,0.0,0.0,0.0,0.0
106931.66,0.35474354860697976,0.0,15592.0,37.0,0.18339999999843476,32.0,32.625,36.85000000000002,0.0,0.0,0.0,0.0,0.0,20.0,0.3,0.1,0.2,0.1,0.4,0.1,0.1,0.1,0.5,0.0,65535.0,0.13287556267643244,0.0,65535.0,0.07507438773174639,0.0,0.0,0.0,0.0,0.0,0.0,0.0,0.0,0.0,0.0
106991.74,0.35571974436899867,0.0,15592.0,37.0,0.2186999999984302,32.0625,32.625,36.93000000000001,0.0,0.0,0.0,0.0,0.0,20.0,0.3,0.1,0.2,0.1,0.4,0.1,0.1,0.1,0.5,0.0,65535.0,0.1325703822384985,0.0,65535.0,0.07493705653467612,0.0,0.0,0.0,0.0,0.0,0.0,0.0,0.0,0.0,0.0
107051.81,0.4024091000545199,0.0,15592.0,37.0,0.2333999999984302,32.0,32.6875,36.77000000000004,0.0,0.0,0.0,0.0,0.0,20.0,0.3,0.1,0.2,0.1,0.4,0.1,0.1,0.1,0.5,0.0,65535.0,0.13286030365453574,0.0,65535.0,0.0750591287098497,0.0,0.0,0.0,0.0,0.0,0.0,0.0,0.0,0.0,0.0
107111.89,0.3925062423372126,0.0,15592.0,37.0,0.22609999999842434,32.0,32.6875,36.690000000000055,0.0,0.0,0.0,0.0,0.0,20.0,0.3,0.1,0.2,0.1,0.4,0.1,0.1,0.1,0.5,0.0,65535.0,0.13298237582970932,0.0,65535.0,0.0750286106660563,0.0,0.0,0.0,0.0,0.0,0.0,0.0,0.0,0.0,0.0
107171.96,0.40660645193604206,0.0,15592.0,37.0,0.21759999999843294,32.0625,32.625,36.650000000000034,0.0,0.0,0.0,0.0,0.0,20.0,0.3,0.1,0.2,0.1,0.4,0.1,0.1,0.1,0.5,0.0,65535.0,0.13282978561074235,0.0,65535.0,0.07478446631570916,0.0,0.0,0.0,0.0,0.0,0.0,0.0,0.0,0.0,0.0
107232.02,0.4089534949558426,0.0,15592.0,37.0,0.20079999999843146,32.0,32.625,36.81,0.0,0.0,0.0,0.0,0.0,20.0,0.3,0.1,0.2,0.1,0.4,0.1,0.1,0.1,0.5,0.0,65535.0,0.13313496604867628,0.0,65535.0,0.0750286106660563,0.0,0.0,0.0,0.0,0.0,0.0,0.0,0.0,0.0,0.0
107292.09,0.401788486112103,0.0,15592.0,37.0,0.2336999999984274,32.0,32.625,36.79000000000002,0.0,0.0,0.0,0.0,0.0,20.0,0.3,0.1,0.2,0.1,0.4,0.1,0.1,0.1,0.5,0.0,65535.0,0.13324177920195315,0.0,65535.0,0.07452506294346532,0.0,0.0,0.0,0.0,0.0,0.0,0.0,0.0,0.0,0.0
107352.16,0.4023572851750114,0.0,15592.0,37.0,0.23519999999842686,32.0625,32.6875,36.610000000000014,0.0,0.0,0.0,0.0,0.0,20.0,0.3,0.1,0.2,0.1,0.4,0.1,0.1,0.1,0.5,0.0,65535.0,0.1330891889829862,0.0,65535.0,0.07473868925001907,0.0,0.0,0.0,0.0,0.0,0.0,0.0,0.0,0.0,0.0
107412.23,0.338000678019082,0.0,15592.0,37.0,0.23639999999842576,32.0,32.6875,36.710000000000036,0.0,0.0,0.0,0.0,0.0,20.0,0.3,0.1,0.2,0.1,0.4,0.1,0.1,0.1,0.5,0.0,65535.0,0.1326771953917754,0.0,65535.0,0.07515068284122987,0.0,0.0,0.0,0.0,0.0,0.0,0.0,0.0,0.0,0.0
107472.31,0.3421821697643353,0.0,15592.0,37.0,0.23759999999842465,32.0,32.625,36.57000000000005,0.0,0.0,0.0,0.0,0.0,20.0,0.3,0.1,0.2,0.1,0.4,0.1,0.1,0.1,0.5,0.0,65535.0,0.13333333333333333,0.0,65535.0,0.07498283360036621,0.0,0.0,0.0,0.0,0.0,0.0,0.0,0.0,0.0,0.0
107532.38,0.3202808518857053,0.0,15592.0,37.0,0.21729999999842806,32.0,32.625,36.950000000000045,0.0,0.0,0.0,0.0,0.0,20.0,0.3,0.1,0.2,0.1,0.4,0.1,0.1,0.1,0.5,0.0,65535.0,0.1330891889829862,0.0,65535.0,0.07490653849088273,0.0,0.0,0.0,0.0,0.0,0.0,0.0,0.0,0.0,0.0
107592.44,0.3253354678544993,0.0,15592.0,37.0,0.23879999999842355,32.0,32.6875,36.93000000000001,0.0,0.0,0.0,0.0,0.0,20.0,0.3,0.1,0.2,0.1,0.4,0.1,0.1,0.1,0.5,0.0,65535.0,0.13295185778591592,0.0,65535.0,0.07484550240329595,0.0,0.0,0.0,0.0,0.0,0.0,0.0,0.0,0.0,0.0
107652.51,0.41998019604189407,0.0,15592.0,37.0,0.24379999999841814,32.0625,32.625,36.89000000000004,0.0,0.0,0.0,0.0,0.0,20.0,0.3,0.1,0.2,0.1,0.4,0.1,0.1,0.1,0.5,0.0,65535.0,0.13310444800488289,0.0,65535.0,0.07470817120622568,0.0,0.0,0.0,0.0,0.0,0.0,0.0,0.0,0.0,0.0
107712.55,0.425262554024433,0.0,15592.0,37.0,0.22849999999841616,32.0,32.625,37.03000000000003,0.0,0.0,0.0,0.0,0.0,20.0,0.3,0.1,0.2,0.1,0.4,0.1,0.1,0.1,0.5,0.0,65535.0,0.13337911039902342,0.0,65535.0,0.07508964675364309,0.0,0.0,0.0,0.0,0.0,0.0,0.0,0.0,0.0,0.0
107772.6,0.43342005861078753,0.0,15592.0,37.0,0.2605999999984162,32.0,32.6875,36.650000000000034,0.0,0.0,0.0,0.0,0.0,20.0,0.3,0.1,0.2,0.1,0.4,0.1,0.1,0.1,0.5,0.0,65535.0,0.13325703822384985,0.0,65535.0,0.07510490577553978,0.0,0.0,0.0,0.0,0.0,0.0,0.0,0.0,0.0,0.0
107832.64,0.44611984853067443,0.0,15592.0,37.0,0.2284999999984136,32.0625,32.625,36.97000000000003,0.0,0.0,0.0,0.0,0.0,20.0,0.3,0.1,0.2,0.1,0.4,0.1,0.1,0.1,0.5,0.0,65535.0,0.13315022507057298,0.0,65535.0,0.07493705653467612,0.0,0.0,0.0,0.0,0.0,0.0,0.0,0.0,0.0,0.0
107892.68,0.40350217034833313,0.0,15592.0,37.0,0.24639999999842319,32.0625,32.625,36.97000000000003,0.0,0.0,0.0,0.0,0.0,20.0,0.3,0.1,0.2,0.1,0.4,0.1,0.1,0.1,0.5,0.0,65535.0,0.13354695963988708,0.0,65535.0,0.07534905012588693,0.0,0.0,0.0,0.0,0.0,0.0,0.0,0.0,0.0,0.0
107952.77,0.3662796109961704,0.0,15592.0,37.0,0.22609999999841154,32.0,32.625,36.870000000000005,0.0,0.0,0.0,0.0,0.0,20.0,0.3,0.1,0.2,0.1,0.4,0.1,0.1,0.1,0.5,0.0,65535.0,0.13322652018005646,0.0,65535.0,0.07534905012588693,0.0,0.0,0.0,0.0,0.0,0.0,0.0,0.0,0.0,0.0
108012.83,0.36292956642955054,0.0,15592.0,37.0,0.23489999999841604,32.0625,32.625,36.710000000000036,0.0,0.0,0.0,0.0,0.0,20.0,0.3,0.1,0.2,0.1,0.4,0.1,0.1,0.1,0.5,0.0,65535.0,0.13357747768368047,0.0,65535.0,0.07498283360036621,0.0,0.0,0.0,0.0,0.0,0.0,0.0,0.0,0.0,0.0
108072.89,0.3746393230536422,0.0,15592.0,37.0,0.2251999999984098,31.9375,32.625,36.77000000000004,0.0,0.0,0.0,0.0,0.0,20.0,0.3,0.1,0.2,0.1,0.4,0.1,0.1,0.1,0.5,0.0,65535.0,0.13337911039902342,0.0,65535.0,0.0754711223010605,0.0,0.0,0.0,0.0,0.0,0.0,0.0,0.0,0.0,0.0
108132.94,0.38010813142258026,0.0,15592.0,37.0,0.24139999999840928,32.0,32.625,36.77000000000004,0.0,0.0,0.0,0.0,0.0,20.0,0.3,0.1,0.2,0.1,0.4,0.1,0.1,0.1,0.5,0.0,65535.0,0.1338826581216144,0.0,65535.0,0.07507438773174639,0.0,0.0,0.0,0.0,0.0,0.0,0.0,0.0,0.0,0.0
108193.02,0.3661129991120549,0.0,15592.0,37.0,0.25759999999840877,31.9375,32.625,36.89000000000004,0.0,0.0043,0.25,0.0,0.0,20.0,0.3,0.1,0.2,0.1,0.4,0.1,0.1,0.1,0.5,0.0,65535.0,0.13366903181506065,0.0,65535.0,0.07518120088502327,0.0,0.0,0.0,0.0,0.0,0.0,0.0,0.0,0.0,0.0
108253.07,0.3742131161207376,0.0,15592.0,37.0,0.2679999999984177,31.9375,32.625,36.690000000000055,0.0,0.0,0.0,0.0,0.0,20.0,0.3,0.1,0.2,0.1,0.4,0.1,0.1,0.1,0.5,0.0,65535.0,0.1309224078736553,0.0,65535.0,0.07351796749828336,0.0,0.0,0.0,0.0,0.0,0.0,0.0,0.0,0.0,0.0
108313.13,0.3776190996285781,0.0,15592.0,37.0,0.25689999999841706,31.9375,32.5625,36.73000000000002,0.0,0.0,0.0,0.0,0.0,20.0,0.3,0.1,0.2,0.1,0.4,0.1,0.1,0.1,0.5,0.0,65535.0,0.130937666895552,0.0,65535.0,0.07345693141069658,0.0,0.0,0.0,0.0,0.0,0.0,0.0,0.0,0.0,0.0
108373.16,0.38550182830899826,0.0,15592.0,37.0,0.24899999999841085,32.0,32.625,36.690000000000055,0.0,0.0,0.0,0.0,0.0,20.0,0.3,0.1,0.2,0.1,0.4,0.1,0.1,0.1,0.5,0.0,65535.0,0.13080033569848173,0.0,65535.0,0.07353322652018006,0.0,0.0,0.0,0.0,0.0,0.0,0.0,0.0,0.0,0.0
108433.2,0.38114623978878,0.0,15592.0,37.0,0.1915999999984028,32.0625,32.625,36.77000000000004,0.0,0.0,0.0,0.0,0.0,20.0,0.3,0.1,0.2,0.1,0.4,0.1,0.1,0.1,0.5,0.0,65535.0,0.13061722743572138,0.0,65535.0,0.07318226901655604,0.0,0.0,0.0,0.0,0.0,0.0,0.0,0.0,0.0,0.0
108493.25,0.37509065230532057,0.0,15592.0,37.0,0.2053999999984019,32.0,32.625,36.85000000000002,0.0,0.0,0.0,0.0,0.0,20.0,0.3,0.1,0.2,0.1,0.4,0.1,0.1,0.1,0.5,0.0,65535.0,0.13060196841382468,0.0,65535.0,0.0733501182574197,0.0,0.0,0.0,0.0,0.0,0.0,0.0,0.0,0.0,0.0
108553.29,0.3799598680339409,0.0,15592.0,37.0,0.2691999999984132,32.0,32.625,36.79000000000002,0.0,0.0,0.0,0.0,0.0,20.0,0.3,0.1,0.2,0.1,0.4,0.1,0.1,0.1,0.5,0.0,65535.0,0.13064774547951477,0.0,65535.0,0.07344167238879988,0.0,0.0,0.0,0.0,0.0,0.0,0.0,0.0,0.0,0.0
108613.34,0.3604652436077401,0.0,15592.0,37.0,0.2326999999984012,31.9375,32.625,36.77000000000004,0.0,0.0,0.0,0.0,0.0,20.0,0.3,0.1,0.2,0.1,0.4,0.1,0.1,0.1,0.5,0.0,65535.0,0.13070878156710156,0.0,65535.0,0.07341115434500649,0.0,0.0,0.0,0.0,0.0,0.0,0.0,0.0,0.0,0.0
108673.37,0.35627413246639755,0.0,15592.0,37.0,0.2282999999984052,32.0,32.625,36.950000000000045,0.0,0.0,0.0,0.0,0.0,20.0,0.3,0.1,0.2,0.1,0.4,0.1,0.1,0.1,0.5,0.0,65535.0,0.13073929961089495,0.0,65535.0,0.07316700999465935,0.0,0.0,0.0,0.0,0.0,0.0,0.0,0.0,0.0,0.0
108733.42,0.3621484414996635,0.0,15592.0,37.0,0.24709999999839974,32.0,32.625,36.85000000000002,0.0,0.0,0.0,0.0,0.0,20.0,0.3,0.1,0.2,0.1,0.4,0.1,0.1,0.1,0.5,0.0,65535.0,0.13081559472037843,0.0,65535.0,0.07347219043259327,0.0,0.0,0.0,0.0,0.0,0.0,0.0,0.0,0.0,0.0
108793.47,0.3566327572541548,0.0,15592.0,37.0,0.24769999999839834,32.0,32.625,37.110000000000014,0.0,0.0,0.0,0.0,0.0,20.0,0.3,0.1,0.2,0.1,0.4,0.1,0.1,0.1,0.5,0.0,65535.0,0.1309071488517586,0.0,65535.0,0.07302967879758908,0.0,0.0,0.0,0.0,0.0,0.0,0.0,0.0,0.0,0.0
108853.51,0.36722668631380795,0.0,15592.0,37.0,0.22679999999840142,32.0,32.5625,36.89000000000004,0.0,0.0,0.0,0.0,0.0,20.0,0.3,0.1,0.2,0.1,0.4,0.1,0.1,0.1,0.5,0.0,65535.0,0.13070878156710156,0.0,65535.0,0.07325856412603952,0.0,0.0,0.0,0.0,0.0,0.0,0.0,0.0,0.0,0.0
108913.59,0.3640332217991804,0.0,15592.0,37.0,0.2626999999983972,32.0,32.625,36.85000000000002,0.0,0.0,0.0,0.0,0.0,20.0,0.3,0.1,0.2,0.1,0.4,0.1,0.1,0.1,0.5,0.0,65535.0,0.13043411917296102,0.0,65535.0,0.07347219043259327,0.0,0.0,0.0,0.0,0.0,0.0,0.0,0.0,0.0,0.0
108973.63,0.35961748665609705,0.0,15592.0,37.0,0.26419999999839583,32.0,32.5625,36.950000000000045,0.0,0.0,0.0,0.0,0.0,20.0,0.3,0.1,0.2,0.1,0.4,0.1,0.1,0.1,0.5,0.0,65535.0,0.13063248645761807,0.0,65535.0,0.07360952162966354,0.0,0.0,0.0,0.0,0.0,0.0,0.0,0.0,0.0,0.0
109033.71,0.3552550310603083,0.0,15592.0,37.0,0.20209999999839207,32.0625,32.5625,37.09000000000003,0.0,0.0,0.0,0.0,0.0,20.0,0.3,0.1,0.2,0.1,0.4,0.1,0.1,0.1,0.5,0.0,65535.0,0.13086137178606852,0.0,65535.0,0.07364003967345693,0.0,0.0,0.0,0.0,0.0,0.0,0.0,0.0,0.0,0.0
109093.78,0.3710134469554317,0.0,15592.0,37.0,0.22349999999839676,32.0625,32.5625,36.950000000000045,0.0,0.0,0.0,0.0,0.0,20.0,0.3,0.1,0.2,0.1,0.4,0.1,0.1,0.1,0.5,0.0,65535.0,0.13069352254520486,0.0,65535.0,0.07331960021362631,0.0,0.0,0.0,0.0,0.0,0.0,0.0,0.0,0.0,0.0
109153.86,0.372102807666774,0.0,15592.0,37.0,0.2422999999983913,32.0,32.625,37.01000000000005,0.0,0.0,0.0,0.0,0.0,20.0,0.3,0.1,0.2,0.1,0.4,0.1,0.1,0.1,0.5,0.0,65535.0,0.1313344014648661,0.0,65535.0,0.07353322652018006,0.0,0.0,0.0,0.0,0.0,0.0,0.0,0.0,0.0,0.0
109213.93,0.3630735191287134,0.0,15592.0,37.0,0.27849999999840186,31.9375,32.625,36.77000000000004,0.0,0.0,0.0,0.0,0.0,20.0,0.3,0.1,0.2,0.1,0.4,0.1,0.1,0.1,0.5,0.0,65535.0,0.13104448004882888,0.0,65535.0,0.07386892500190738,0.0,0.0,0.0,0.0,0.0,0.0,0.0,0.0,0.0,0.0
109274.0,0.3696292213242782,0.0,15592.0,37.0,0.22289999999839388,32.0,32.5625,36.79000000000002,0.0,0.0,0.0,0.0,0.0,20.0,0.3,0.1,0.2,0.1,0.4,0.1,0.1,0.1,0.5,0.0,65535.0,0.13109025711451897,0.0,65535.0,0.07356374456397345,0.0,0.0,0.0,0.0,0.0,0.0,0.0,0.0,0.0,0.0
109334.08,0.3666467327341253,0.0,15592.0,37.0,0.22729999999838818,32.0625,32.5625,36.73000000000002,0.0,0.0,0.0,0.0,0.0,20.0,0.3,0.1,0.2,0.1,0.4,0.1,0.1,0.1,0.5,0.0,65535.0,0.13063248645761807,0.0,65535.0,0.0737621118486305,0.0,0.0,0.0,0.0,0.0,0.0,0.0,0.0,0.0,0.0
109394.16,0.36634855574917513,0.0,15592.0,37.0,0.22229999999839187,32.0,32.5625,36.93000000000001,0.0,0.0,0.0,0.0,0.0,20.0,0.3,0.1,0.2,0.1,0.4,0.1,0.1,0.1,0.5,0.0,65535.0,0.13116655222400245,0.0,65535.0,0.07368581673914702,0.0,0.0,0.0,0.0,0.0,0.0,0.0,0.0,0.0,0.0
109454.23,0.3641629456134311,0.0,15592.0,37.0,0.23639999999839154,32.0,32.625,36.89000000000004,0.0,0.0,0.0,0.0,0.0,20.0,0.3,0.1,0.2,0.1,0.4,0.1,0.1,0.1,0.5,0.0,65535.0,0.1309224078736553,0.0,65535.0,0.0737773708705272,0.0,0.0,0.0,0.0,0.0,0.0,0.0,0.0,0.0,0.0
109514.3,0.3776154799867862,0.0,15592.0,37.0,0.30239999999839345,32.0,32.5625,36.77000000000004,0.0,0.0,0.0,0.0,0.0,20.0,0.3,0.1,0.2,0.1,0.4,0.1,0.1,0.1,0.5,0.0,65535.0,0.130937666895552,0.0,65535.0,0.07325856412603952,0.0,0.0,0.0,0.0,0.0,0.0,0.0,0.0,0.0,0.0
109574.37,0.3578868613983991,0.0,15592.0,37.0,0.22209999999839458,32.0625,32.5625,36.97000000000003,0.0,0.0,0.0,0.0,0.0,20.0,0.3,0.1,0.2,0.1,0.4,0.1,0.1,0.1,0.5,0.0,65535.0,0.13104448004882888,0.0,65535.0,0.07354848554207676,0.0,0.0,0.0,0.0,0.0,0.0,0.0,0.0,0.0,0.0
109634.45,0.35955473035551927,0.0,15592.0,37.0,0.24089999999838999,32.0625,32.625,36.97000000000003,0.0,0.0,0.0,0.0,0.0,20.0,0.3,0.1,0.2,0.1,0.4,0.1,0.1,0.1,0.5,0.0,65535.0,0.13128862439917602,0.0,65535.0,0.07353322652018006,0.0,0.0,0.0,0.0,0.0,0.0,0.0,0.0,0.0,0.0
109694.52,0.37236624358670817,0.0,15592.0,37.0,0.20259999999839298,32.0,32.5625,36.93000000000001,0.0,0.0,0.0,0.0,0.0,20.0,0.3,0.1,0.2,0.1,0.4,0.1,0.1,0.1,0.5,0.0,65535.0,0.13150225070572977,0.0,65535.0,0.07312123292896926,0.0,0.0,0.0,0.0,0.0,0.0,0.0,0.0,0.0,0.0
109754.6,0.37019413947517055,0.0,15592.0,37.0,0.21929999999838773,32.0,32.625,36.93000000000001,0.0,0.0,0.0,0.0,0.0,20.0,0.3,0.1,0.2,0.1,0.4,0.1,0.1,0.1,0.5,0.0,65535.0,0.13127336537727932,0.0,65535.0,0.0733806363012131,0.0,0.0,0.0,0.0,0.0,0.0,0.0,0.0,0.0,0.0
109814.68,0.3652838483388276,0.0,15592.0,37.0,0.23459999999838718,32.0,32.5625,36.950000000000045,0.0,0.0,0.0,0.0,0.0,20.0,0.3,0.1,0.2,0.1,0.4,0.1,0.1,0.1,0.5,0.0,65535.0,0.13128862439917602,0.0,65535.0,0.07350270847638667,0.0,0.0,0.0,0.0,0.0,0.0,0.0,0.0,0.0,0.0
109874.75,0.3544812912001546,0.0,15592.0,37.0,0.24609999999839177,32.0,32.625,36.89000000000004,0.0,0.0,0.0,0.0,0.0,20.0,0.3,0.1,0.2,0.1,0.4,0.1,0.1,0.1,0.5,0.0,65535.0,0.13170061799038682,0.0,65535.0,0.07402151522087434,0.0,0.0,0.0,0.0,0.0,0.0,0.0,0.0,0.0,0.0
109934.83,0.3641852167032859,0.0,15592.0,37.0,0.2793999999983925,31.9375,32.625,36.77000000000004,0.0,0.0,0.0,0.0,0.0,20.0,0.3,0.1,0.2,0.1,0.4,0.1,0.1,0.1,0.5,0.0,65535.0,0.13118181124589914,0.0,65535.0,0.07351796749828336,0.0,0.0,0.0,0.0,0.0,0.0,0.0,0.0,0.0,0.0
109994.89,0.36043044188471474,0.0,15592.0,37.0,0.28149999999839226,31.9375,32.625,36.97000000000003,0.0,0.0,0.0,0.0,0.0,20.0,0.3,0.1,0.2,0.1,0.4,0.1,0.1,0.1,0.5,0.0,65535.0,0.13171587701228352,0.0,65535.0,0.07367055771725033,0.0,0.0,0.0,0.0,0.0,0.0,0.0,0.0,0.0,0.0
110054.97,0.36893479037822596,0.0,15592.0,37.0,0.21089999999838369,32.0,32.5625,36.89000000000004,0.0,0.0,0.0,0.0,0.0,20.0,0.3,0.1,0.2,0.1,0.4,0.1,0.1,0.1,0.5,0.0,65535.0,0.1313191424429694,0.0,65535.0,0.07354848554207676,0.0,0.0,0.0,0.0,0.0,0.0,0.0,0.0,0.0,0.0
110115.05,0.36409766194883636,0.0,15592.0,37.0,0.21939999999838847,32.0,32.625,36.93000000000001,0.0,0.0,0.0,0.0,0.0,20.0,0.3,0.1,0.2,0.1,0.4,0.1,0.1,0.1,0.5,0.0,65535.0,0.13116655222400245,0.0,65535.0,0.07318226901655604,0.0,0.0,0.0,0.0,0.0,0.0,0.0,0.0,0.0,0.0
110175.12,0.3649541741278174,0.0,15592.0,37.0,0.26259999999838923,32.0,32.5625,36.690000000000055,0.0,0.0,0.0,0.0,0.0,20.0,0.3,0.1,0.2,0.1,0.4,0.1,0.1,0.1,0.5,0.0,65535.0,0.13118181124589914,0.0,65535.0,0.07365529869535363,0.0,0.0,0.0,0.0,0.0,0.0,0.0,0.0,0.0,0.0
110235.2,0.35502786295620054,0.0,15592.0,37.0,0.25729999999837816,32.0,32.625,36.950000000000045,0.0,0.0,0.0,0.0,0.0,20.0,0.3,0.1,0.2,0.1,0.4,0.1,0.1,0.1,0.5,0.0,65535.0,0.13150225070572977,0.0,65535.0,0.07386892500190738,0.0,0.0,0.0,0.0,0.0,0.0,0.0,0.0,0.0,0.0
110295.26,0.3672133508784768,0.0,15592.0,37.0,0.21459999999838514,32.0,32.5625,36.950000000000045,0.0,0.0,0.0,0.0,0.0,20.0,0.3,0.1,0.2,0.1,0.4,0.1,0.1,0.1,0.5,0.0,65535.0,0.13157854581521325,0.0,65535.0,0.0738078889143206,0.0,0.0,0.0,0.0,0.0,0.0,0.0,0.0,0.0,0.0
110355.33,0.3764037821972871,0.0,15592.0,37.0,0.22369999999837517,31.9375,32.5625,36.63000000000005,0.0,0.0,0.0,0.0,0.0,20.0,0.3,0.1,0.2,0.1,0.4,0.1,0.1,0.1,0.5,0.0,65535.0,0.13128862439917602,0.0,65535.0,0.07364003967345693,0.0,0.0,0.0,0.0,0.0,0.0,0.0,0.0,0.0,0.0
110415.4,0.36386664462173857,0.0,15592.0,37.0,0.24579999999838517,32.0,32.625,36.85000000000002,0.0,0.0,0.0,0.0,0.0,20.0,0.3,0.1,0.2,0.1,0.4,0.1,0.1,0.1,0.5,0.0,65535.0,0.13150225070572977,0.0,65535.0,0.07386892500190738,0.0,0.0,0.0,0.0,0.0,0.0,0.0,0.0,0.0,0.0
110475.48,0.3768307302666668,0.0,15592.0,37.0,0.28229999999838123,32.0,32.625,36.89000000000004,0.0,0.0,0.0,0.0,0.0,20.0,0.3,0.1,0.2,0.1,0.4,0.1,0.1,0.1,0.5,0.0,65535.0,0.13142595559624629,0.0,65535.0,0.07356374456397345,0.0,0.0,0.0,0.0,0.0,0.0,0.0,0.0,0.0,0.0
110535.56,0.37561191709095365,0.0,15592.0,37.0,0.22909999999837363,31.9375,32.5625,36.79000000000002,0.0,0.0,0.0,0.0,0.0,20.0,0.3,0.1,0.2,0.1,0.4,0.1,0.1,0.1,0.5,0.0,65535.0,0.13142595559624629,0.0,65535.0,0.07357900358587015,0.0,0.0,0.0,0.0,0.0,0.0,0.0,0.0,0.0,0.0
110595.62,0.3522731332308964,0.0,15592.0,37.0,0.24609999999838317,32.0,32.5625,37.09000000000003,0.0,0.0,0.0,0.0,0.0,20.0,0.3,0.1,0.2,0.1,0.4,0.1,0.1,0.1,0.5,0.0,65535.0,0.13153276874952316,0.0,65535.0,0.07351796749828336,0.0,0.0,0.0,0.0,0.0,0.0,0.0,0.0,0.0,0.0
110655.69,0.3467274646704339,0.0,15592.0,37.0,0.24049999999837232,32.0,32.5625,36.81,0.0,0.0,0.0,0.0,0.0,20.0,0.3,0.1,0.2,0.1,0.4,0.1,0.1,0.1,0.5,0.0,65535.0,0.1318226901655604,0.0,65535.0,0.07382314793621729,0.0,0.0,0.0,0.0,0.0,0.0,0.0,0.0,0.0,0.0
110715.77,0.35361055751568193,0.0,15592.0,37.0,0.21839999999837564,32.0,32.5625,36.77000000000004,0.0,0.0,0.0,0.0,0.0,20.0,0.3,0.1,0.2,0.1,0.4,0.1,0.1,0.1,0.5,0.0,65535.0,0.13202105745021744,0.0,65535.0,0.0737926298924239,0.0,0.0,0.0,0.0,0.0,0.0,0.0,0.0,0.0,0.0
110775.84,0.36843059077276885,0.0,15592.0,37.0,0.2589999999983813,32.0,32.5625,36.77000000000004,0.0,0.0,0.0,0.0,0.0,20.0,0.3,0.1,0.2,0.1,0.4,0.1,0.1,0.1,0.5,0.0,65535.0,0.13160906385900664,0.0,65535.0,0.07365529869535363,0.0,0.0,0.0,0.0,0.0,0.0,0.0,0.0,0.0,0.0
110835.92,0.3648637922774806,0.0,15592.0,37.0,0.24339999999838044,31.9375,32.5625,36.73000000000002,0.0,0.0,0.0,0.0,0.0,20.0,0.3,0.1,0.2,0.1,0.4,0.1,0.1,0.1,0.5,0.0,65535.0,0.13211261158159762,0.0,65535.0,0.07365529869535363,0.0,0.0,0.0,0.0,0.0,0.0,0.0,0.0,0.0,0.0
110896.0,0.3494720690322972,0.0,15592.0,37.0,0.27909999999838153,31.9375,32.625,36.73000000000002,0.0,0.0,0.0,0.0,0.0,20.0,0.3,0.1,0.2,0.1,0.4,0.1,0.1,0.1,0.5,0.0,65535.0,0.13186846723125048,0.0,65535.0,0.07373159380483711,0.0,0.0,0.0,0.0,0.0,0.0,0.0,0.0,0.0,0.0
110956.07,0.3405419647013115,0.0,15592.0,37.0,0.23999999999837443,32.0,32.625,36.85000000000002,0.0,0.0,0.0,0.0,0.0,20.0,0.3,0.1,0.2,0.1,0.4,0.1,0.1,0.1,0.5,0.0,65535.0,0.13197528038452735,0.0,65535.0,0.07402151522087434,0.0,0.0,0.0,0.0,0.0,0.0,0.0,0.0,0.0,0.0
111016.14,0.35539120553117076,0.0,15592.0,37.0,0.259699999998369,32.0,32.5625,36.870000000000005,0.0,0.0,0.0,0.0,0.0,20.0,0.3,0.1,0.2,0.1,0.4,0.1,0.1,0.1,0.5,0.0,65535.0,0.13168535896849012,0.0,65535.0,0.07344167238879988,0.0,0.0,0.0,0.0,0.0,0.0,0.0,0.0,0.0,0.0
111076.22,0.35451925501605086,0.0,15592.0,37.0,0.24259999999836693,32.0,32.625,36.85000000000002,0.0,0.0,0.0,0.0,0.0,20.0,0.3,0.1,0.2,0.1,0.4,0.1,0.1,0.1,0.5,0.0,65535.0,0.13188372625314718,0.0,65535.0,0.0738078889143206,0.0,0.0,0.0,0.0,0.0,0.0,0.0,0.0,0.0,0.0
111136.29,0.3641471854982208,0.0,15592.0,37.0,0.2057999999983694,32.0625,32.625,36.97000000000003,0.0,0.0,0.0,0.0,0.0,20.0,0.3,0.1,0.2,0.1,0.4,0.1,0.1,0.1,0.5,0.0,65535.0,0.1321889066910811,0.0,65535.0,0.0737926298924239,0.0,0.0,0.0,0.0,0.0,0.0,0.0,0.0,0.0,0.0
111196.37,0.3723118004731879,0.0,15592.0,37.0,0.26999999999837127,31.9375,32.625,36.93000000000001,0.0,0.0,0.0,0.0,0.0,20.0,0.3,0.1,0.2,0.1,0.4,0.1,0.1,0.1,0.5,0.0,65535.0,0.13272297245746548,0.0,65535.0,0.07371633478294042,0.0,0.0,0.0,0.0,0.0,0.0,0.0,0.0,0.0,0.0
111256.44,0.35385710843347135,0.0,15592.0,37.0,0.20169999999837313,32.0,32.625,36.73000000000002,0.0,0.0,0.0,0.0,0.0,20.0,0.3,0.1,0.2,0.1,0.4,0.1,0.1,0.1,0.5,0.0,65535.0,0.1321736476691844,0.0,65535.0,0.07374685282673381,0.0,0.0,0.0,0.0,0.0,0.0,0.0,0.0,0.0,0.0
111316.51,0.3517874600058154,0.0,15592.0,37.0,0.26149999999836476,32.0,32.5625,37.01000000000005,0.0,0.0,0.0,0.0,0.0,20.0,0.3,0.1,0.2,0.1,0.4,0.1,0.1,0.1,0.5,0.0,65535.0,0.13200579842832075,0.0,65535.0,0.0737926298924239,0.0,0.0,0.0,0.0,0.0,0.0,0.0,0.0,0.0,0.0
111376.58,0.36124908365843666,0.0,15592.0,37.0,0.20759999999836687,32.0,32.5625,37.03000000000003,0.0,0.0,0.0,0.0,0.0,20.0,0.3,0.1,0.2,0.1,0.4,0.1,0.1,0.1,0.5,0.0,65535.0,0.13200579842832075,0.0,65535.0,0.07347219043259327,0.0,0.0,0.0,0.0,0.0,0.0,0.0,0.0,0.0,0.0
111436.66,0.35708934926912933,0.0,15592.0,37.0,0.2469999999983728,32.0,32.625,36.97000000000003,0.0,0.0,0.0,0.0,0.0,20.0,0.3,0.1,0.2,0.1,0.4,0.1,0.1,0.1,0.5,0.0,65535.0,0.13205157549401084,0.0,65535.0,0.07396047913328756,0.0,0.0,0.0,0.0,0.0,0.0,0.0,0.0,0.0,0.0
111496.74,0.37584785565461953,0.0,15592.0,37.0,0.23579999999836707,32.0,32.625,36.690000000000055,0.0,0.0,0.0,0.0,0.0,20.0,0.3,0.1,0.2,0.1,0.4,0.1,0.1,0.1,0.5,0.0,65535.0,0.13226520180056459,0.0,65535.0,0.07431143663691157,0.0,0.0,0.0,0.0,0.0,0.0,0.0,0.0,0.0,0.0
111556.8,0.3722247711550025,0.0,15592.0,37.0,0.21899999999836556,32.0,32.5625,36.73000000000002,0.0,0.0,0.0,0.0,0.0,20.0,0.3,0.1,0.2,0.1,0.4,0.1,0.1,0.1,0.5,0.0,65535.0,0.13189898527504387,0.0,65535.0,0.07356374456397345,0.0,0.0,0.0,0.0,0.0,0.0,0.0,0.0,0.0,0.0
111616.88,0.37366941561625167,0.0,15592.0,37.0,0.2236999999983596,31.9375,32.625,37.03000000000003,0.0,0.0,0.0,0.0,0.0,20.0,0.3,0.1,0.2,0.1,0.4,0.1,0.1,0.1,0.5,0.0,65535.0,0.13208209353780423,0.0,65535.0,0.07365529869535363,0.0,0.0,0.0,0.0,0.0,0.0,0.0,0.0,0.0,0.0
111676.95,0.37180783499460984,0.0,15592.0,37.0,0.26019999999836985,32.0625,32.5625,36.89000000000004,0.0,0.0,0.0,0.0,0.0,20.0,0.3,0.1,0.2,0.1,0.4,0.1,0.1,0.1,0.5,0.0,65535.0,0.1321736476691844,0.0,65535.0,0.07391470206759747,0.0,0.0,0.0,0.0,0.0,0.0,0.0,0.0,0.0,0.0
111737.03,0.3744556214788766,0.0,15592.0,37.0,0.24669999999836878,32.0,32.625,36.77000000000004,0.0,0.0,0.0,0.0,0.0,20.0,0.3,0.1,0.2,0.1,0.4,0.1,0.1,0.1,0.5,0.0,65535.0,0.13243305104142825,0.0,65535.0,0.07388418402380408,0.0,0.0,0.0,0.0,0.0,0.0,0.0,0.0,0.0,0.0
111797.06,0.3306687641650473,0.0,15592.0,37.0,0.25789999999835855,32.0,32.5625,36.89000000000004,0.0,0.0,0.0,0.0,0.0,20.0,0.3,0.1,0.2,0.1,0.4,0.1,0.1,0.1,0.5,0.0,65535.0,0.1322499427786679,0.0,65535.0,0.07365529869535363,0.0,0.0,0.0,0.0,0.0,0.0,0.0,0.0,0.0,0.0
111857.11,0.34337145042411366,0.0,15592.0,37.0,0.21549999999836617,31.9375,32.5625,36.89000000000004,0.0,0.0,0.0,0.0,0.0,20.0,0.3,0.1,0.2,0.1,0.4,0.1,0.1,0.1,0.5,0.0,65535.0,0.1322499427786679,0.0,65535.0,0.07382314793621729,0.0,0.0,0.0,0.0,0.0,0.0,0.0,0.0,0.0,0.0
111917.15,0.3410264575770423,0.0,15592.0,37.0,0.1951999999983545,31.9375,32.625,37.05000000000001,0.0,0.0,0.0,0.0,0.0,20.0,0.3,0.1,0.2,0.1,0.4,0.1,0.1,0.1,0.5,0.0,65535.0,0.13238727397573816,0.0,65535.0,0.07391470206759747,0.0,0.0,0.0,0.0,0.0,0.0,0.0,0.0,0.0,0.0
111977.2,0.33790893597145955,0.0,15592.0,37.0,0.20579999999835905,31.9375,32.5625,36.93000000000001,0.0,0.0,0.0,0.0,0.0,20.0,0.3,0.1,0.2,0.1,0.4,0.1,0.1,0.1,0.5,0.0,65535.0,0.13246356908522164,0.0,65535.0,0.0737926298924239,0.0,0.0,0.0,0.0,0.0,0.0,0.0,0.0,0.0,0.0
112037.24,0.3380283994796647,0.0,15592.0,37.0,0.2157999999983633,32.0,32.5625,36.93000000000001,0.0,0.0,0.0,0.0,0.0,20.0,0.3,0.1,0.2,0.1,0.4,0.1,0.1,0.1,0.5,0.0,65535.0,0.13214312962539101,0.0,65535.0,0.07408255130846113,0.0,0.0,0.0,0.0,0.0,0.0,0.0,0.0,0.0,0.0
112097.28,0.35284698181302726,0.0,15592.0,37.0,0.24549999999836383,31.9375,32.5625,36.710000000000036,0.0,0.0,0.0,0.0,0.0,20.0,0.3,0.1,0.2,0.1,0.4,0.1,0.1,0.1,0.5,0.0,65535.0,0.13276874952315557,0.0,65535.0,0.07396047913328756,0.0,0.0,0.0,0.0,0.0,0.0,0.0,0.0,0.0,0.0
112157.36,0.34900069385359156,0.0,15592.0,37.0,0.22459999999835273,31.875,32.5625,36.73000000000002,0.0,0.0,0.0,0.0,0.0,20.0,0.3,0.1,0.2,0.1,0.4,0.1,0.1,0.1,0.5,0.0,65535.0,0.13250934615091173,0.0,65535.0,0.074189364461738,0.0,0.0,0.0,0.0,0.0,0.0,0.0,0.0,0.0,0.0
112217.44,0.3397630632553432,0.0,15592.0,37.0,0.2254999999983519,31.9375,32.625,36.690000000000055,0.0,0.0,0.0,0.0,0.0,20.0,0.3,0.1,0.2,0.1,0.4,0.1,0.1,0.1,0.5,0.0,65535.0,0.13273823147936217,0.0,65535.0,0.07385366598001068,0.0,0.0,0.0,0.0,0.0,0.0,0.0,0.0,0.0,0.0
112277.51,0.3540531098976908,0.0,15592.0,37.0,0.26699999999835766,31.9375,32.5625,36.85000000000002,0.0,0.0,0.0,0.0,0.0,20.0,0.3,0.1,0.2,0.1,0.4,0.1,0.1,0.1,0.5,0.0,65535.0,0.13318074311436637,0.0,65535.0,0.07385366598001068,0.0,0.0,0.0,0.0,0.0,0.0,0.0,0.0,0.0,0.0
112337.59,0.3559032798350682,0.0,15592.0,37.0,0.26909999999835665,31.875,32.5625,36.870000000000005,0.0,0.0,0.0,0.0,0.0,20.0,0.3,0.1,0.2,0.1,0.4,0.1,0.1,0.1,0.5,0.0,65535.0,0.13281452658884565,0.0,65535.0,0.07374685282673381,0.0,0.0,0.0,0.0,0.0,0.0,0.0,0.0,0.0,0.0
112397.66,0.36306359820857786,0.0,15592.0,37.0,0.2623999999983502,31.9375,32.5,36.950000000000045,0.0,0.0,0.0,0.0,0.0,20.0,0.3,0.1,0.2,0.1,0.4,0.1,0.1,0.1,0.5,0.0,65535.0,0.13238727397573816,0.0,65535.0,0.0737621118486305,0.0,0.0,0.0,0.0,0.0,0.0,0.0,0.0,0.0,0.0
112457.74,0.37883602591499926,0.0,15592.0,37.0,0.22799999999835305,32.0,32.5,36.93000000000001,0.0,0.0,0.0,0.0,0.0,20.0,0.3,0.1,0.2,0.1,0.4,0.1,0.1,0.1,0.5,0.0,65535.0,0.13235675593194476,0.0,65535.0,0.07391470206759747,0.0,0.0,0.0,0.0,0.0,0.0,0.0,0.0,0.0,0.0
112517.81,0.37573562133862437,0.0,15592.0,37.0,0.17909999999835063,32.0,32.5,37.01000000000005,0.0,0.0,0.0,0.0,0.0,20.0,0.3,0.1,0.2,0.1,0.4,0.1,0.1,0.1,0.5,0.0,65535.0,0.13269245441367208,0.0,65535.0,0.07408255130846113,0.0,0.0,0.0,0.0,0.0,0.0,0.0,0.0,0.0,0.0
112577.86,0.377348050344039,0.0,15592.0,37.0,0.262899999998358,32.0,32.5625,36.870000000000005,0.0,0.0,0.0,0.0,0.0,20.0,0.3,0.1,0.2,0.1,0.4,0.1,0.1,0.1,0.5,0.0,65535.0,0.13270771343556878,0.0,65535.0,0.07423514152742809,0.0,0.0,0.0,0.0,0.0,0.0,0.0,0.0,0.0,0.0
112637.93,0.37471963582472767,0.0,15592.0,37.0,0.22759999999834576,32.0,32.5625,36.79000000000002,0.0,0.0,0.0,0.0,0.0,20.0,0.3,0.1,0.2,0.1,0.4,0.1,0.1,0.1,0.5,0.0,65535.0,0.1330281528953994,0.0,65535.0,0.07394522011139086,0.0,0.0,0.0,0.0,0.0,0.0,0.0,0.0,0.0,0.0
112697.98,0.38288891365027894,0.0,15592.0,37.0,0.24699999999835567,32.0,32.5625,36.89000000000004,0.0,0.0,0.0,0.0,0.0,20.0,0.3,0.1,0.2,0.1,0.4,0.1,0.1,0.1,0.5,0.0,65535.0,0.13286030365453574,0.0,65535.0,0.07400625619897765,0.0,0.0,0.0,0.0,0.0,0.0,0.0,0.0,0.0,0.0
112758.03,0.3778343575209926,0.0,15592.0,37.0,0.2625999999983557,32.0,32.5625,36.79000000000002,0.0,0.0,0.0,0.0,0.0,20.0,0.3,0.1,0.2,0.1,0.4,0.1,0.1,0.1,0.5,0.0,65535.0,0.13290608072022583,0.0,65535.0,0.07392996108949416,0.0,0.0,0.0,0.0,0.0,0.0,0.0,0.0,0.0,0.0
112818.08,0.36081224112631594,0.0,15592.0,37.0,0.2655999999983555,32.0,32.5625,36.93000000000001,0.0,0.0,0.0,0.0,0.0,20.0,0.3,0.1,0.2,0.1,0.4,0.1,0.1,0.1,0.5,0.0,65535.0,0.13318074311436637,0.0,65535.0,0.07434195468070497,0.0,0.0,0.0,0.0,0.0,0.0,0.0,0.0,0.0,0.0
112878.14,0.36019941025774044,0.0,15592.0,37.0,0.28209999999835556,32.0,32.5625,36.77000000000004,0.0,0.0,0.0,0.0,0.0,20.0,0.3,0.1,0.2,0.1,0.4,0.1,0.1,0.1,0.5,0.0,65535.0,0.13282978561074235,0.0,65535.0,0.074189364461738,0.0,0.0,0.0,0.0,0.0,0.0,0.0,0.0,0.0,0.0
112938.18,0.36399351972406646,0.0,15592.0,37.0,0.24089999999834866,32.0,32.5625,36.93000000000001,0.0,0.0,0.0,0.0,0.0,20.0,0.3,0.1,0.2,0.1,0.4,0.1,0.1,0.1,0.5,0.0,65535.0,0.1330434119172961,0.0,65535.0,0.07423514152742809,0.0,0.0,0.0,0.0,0.0,0.0,0.0,0.0,0.0,0.0
112998.23,0.38542029917420617,0.0,15592.0,37.0,0.247099999998343,32.0625,32.5625,36.89000000000004,0.0,0.0,0.0,0.0,0.0,20.0,0.3,0.1,0.2,0.1,0.4,0.1,0.1,0.1,0.5,0.0,65535.0,0.13293659876401923,0.0,65535.0,0.07423514152742809,0.0,0.0,0.0,0.0,0.0,0.0,0.0,0.0,0.0,0.0
113058.27,0.38919344057700805,0.0,15592.0,37.0,0.2287999999983412,32.0,32.625,36.89000000000004,0.0,0.0,0.0,0.0,0.0,20.0,0.3,0.1,0.2,0.1,0.4,0.1,0.1,0.1,0.5,0.0,65535.0,0.13295185778591592,0.0,65535.0,0.07414358739604791,0.0,0.0,0.0,0.0,0.0,0.0,0.0,0.0,0.0,0.0
113118.33,0.3923751155779831,0.0,15592.0,37.0,0.21789999999834941,32.0,32.5625,36.710000000000036,0.0,0.0,0.0,0.0,0.0,20.0,0.3,0.1,0.2,0.1,0.4,0.1,0.1,0.1,0.5,0.0,65535.0,0.13330281528953994,0.0,65535.0,0.07386892500190738,0.0,0.0,0.0,0.0,0.0,0.0,0.0,0.0,0.0,0.0
113178.41,0.39274686311908474,0.0,15592.0,37.0,0.2255999999983441,32.0,32.5625,37.03000000000003,0.0,0.0,0.0,0.0,0.0,20.0,0.3,0.1,0.2,0.1,0.4,0.1,0.1,0.1,0.5,0.0,65535.0,0.13293659876401923,0.0,65535.0,0.07385366598001068,0.0,0.0,0.0,0.0,0.0,0.0,0.0,0.0,0.0,0.0
113238.45,0.38250960701268943,0.0,15592.0,37.0,0.24469999999833922,32.0,32.5625,36.93000000000001,0.0,0.0,0.0,0.0,0.0,20.0,0.3,0.1,0.2,0.1,0.4,0.1,0.1,0.1,0.5,0.0,65535.0,0.132646677347982,0.0,65535.0,0.07415884641794461,0.0,0.0,0.0,0.0,0.0,0.0,0.0,0.0,0.0,0.0
113298.53,0.38794663411410285,0.0,15592.0,37.0,0.22789999999833774,32.0625,32.5625,36.950000000000045,0.0,0.0,0.0,0.0,0.0,20.0,0.3,0.1,0.2,0.1,0.4,0.1,0.1,0.1,0.5,0.0,65535.0,0.13315022507057298,0.0,65535.0,0.07402151522087434,0.0,0.0,0.0,0.0,0.0,0.0,0.0,0.0,0.0,0.0
113358.59,0.3921594936284901,0.0,15592.0,37.0,0.22819999999833662,32.0625,32.5625,36.81,0.0,0.0,0.0,0.0,0.0,20.0,0.3,0.1,0.2,0.1,0.4,0.1,0.1,0.1,0.5,0.0,65535.0,0.13316548409246967,0.0,65535.0,0.07405203326466774,0.0,0.0,0.0,0.0,0.0,0.0,0.0,0.0,0.0,0.0
113418.64,0.39328986757799245,0.0,15592.0,37.0,0.19869999999834412,31.9375,32.5625,36.85000000000002,0.0,0.0,0.0,0.0,0.0,20.0,0.3,0.1,0.2,0.1,0.4,0.1,0.1,0.1,0.5,0.0,65535.0,0.13321126115815976,0.0,65535.0,0.07425040054932479,0.0,0.0,0.0,0.0,0.0,0.0,0.0,0.0,0.0,0.0
113478.68,0.3883253297528262,0.0,15592.0,37.0,0.23519999999834018,31.9375,32.5625,36.81,0.0,0.0,0.0,0.0,0.0,20.0,0.3,0.1,0.2,0.1,0.4,0.1,0.1,0.1,0.5,0.0,65535.0,0.13324177920195315,0.0,65535.0,0.07400625619897765,0.0,0.0,0.0,0.0,0.0,0.0,0.0,0.0,0.0,0.0
113538.73,0.38964245399028297,0.0,15592.0,37.0,0.30969999999833187,32.0,32.5625,36.690000000000055,0.0,0.0,0.0,0.0,0.0,20.0,0.3,0.1,0.2,0.1,0.4,0.1,0.1,0.1,0.5,0.0,65535.0,0.13362325474937056,0.0,65535.0,0.0737773708705272,0.0,0.0,0.0,0.0,0.0,0.0,0.0,0.0,0.0,0.0
113598.77,0.37444554637342664,0.0,15592.0,37.0,0.23879999999833776,32.0,32.5625,36.950000000000045,0.0,0.0,0.0,0.0,0.0,20.0,0.3,0.1,0.2,0.1,0.4,0.1,0.1,0.1,0.5,0.0,65535.0,0.1334706645304036,0.0,65535.0,0.07402151522087434,0.0,0.0,0.0,0.0,0.0,0.0,0.0,0.0,0.0,0.0
113658.82,0.37847901264477246,0.0,15592.0,37.0,0.20819999999833544,32.0,32.5,36.950000000000045,0.0,0.0,0.0,0.0,0.0,20.0,0.3,0.1,0.2,0.1,0.4,0.1,0.1,0.1,0.5,0.0,65535.0,0.13339436942092012,0.0,65535.0,0.07397573815518425,0.0,0.0,0.0,0.0,0.0,0.0,0.0,0.0,0.0,0.0
113718.89,0.3780163637038131,0.0,15592.0,37.0,0.25969999999833127,32.0,32.5625,36.79000000000002,0.0,0.0,0.0,0.0,0.0,20.0,0.3,0.1,0.2,0.1,0.4,0.1,0.1,0.1,0.5,0.0,65535.0,0.13373006790264744,0.0,65535.0,0.0742198825055314,0.0,0.0,0.0,0.0,0.0,0.0,0.0,0.0,0.0,0.0
113778.94,0.3663724733654487,0.0,15592.0,37.0,0.24829999999832994,32.0,32.5,36.93000000000001,0.0,0.0,0.0,0.0,0.0,20.0,0.3,0.1,0.2,0.1,0.4,0.1,0.1,0.1,0.5,0.0,65535.0,0.1334248874647135,0.0,65535.0,0.07394522011139086,0.0,0.0,0.0,0.0,0.0,0.0,0.0,0.0,0.0,0.0
113838.99,0.37481094211302934,0.0,15592.0,37.0,0.22599999999833773,32.0,32.5,36.870000000000005,0.0,0.0,0.0,0.0,0.0,20.0,0.3,0.1,0.2,0.1,0.4,0.1,0.1,0.1,0.5,0.0,65535.0,0.13327229724574655,0.0,65535.0,0.0738078889143206,0.0,0.0,0.0,0.0,0.0,0.0,0.0,0.0,0.0,0.0
113899.03,0.3749197228225109,0.0,15592.0,37.0,0.22859999999833194,32.0625,32.5625,37.03000000000003,0.0,0.0,0.0,0.0,0.0,20.0,0.3,0.1,0.2,0.1,0.4,0.1,0.1,0.1,0.5,0.0,65535.0,0.13328755626764324,0.0,65535.0,0.07423514152742809,0.0,0.0,0.0,0.0,0.0,0.0,0.0,0.0,0.0,0.0
113959.08,0.37707842187432383,0.0,15592.0,37.0,0.22819999999832635,32.0625,32.5,36.79000000000002,0.0,0.0,0.0,0.0,0.0,20.0,0.3,0.1,0.2,0.1,0.4,0.1,0.1,0.1,0.5,0.0,65535.0,0.13382162203402762,0.0,65535.0,0.07454032196536202,0.0,0.0,0.0,0.0,0.0,0.0,0.0,0.0,0.0,0.0
114019.12,0.37540437251011227,0.0,15592.0,37.0,0.20489999999832906,32.0,32.5,37.05000000000001,0.0,0.0,0.0,0.0,0.0,20.0,0.3,0.1,0.2,0.1,0.4,0.1,0.1,0.1,0.5,0.0,65535.0,0.13371480888075074,0.0,65535.0,0.07431143663691157,0.0,0.0,0.0,0.0,0.0,0.0,0.0,0.0,0.0,0.0
114079.2,0.3872052895171954,0.0,15592.0,37.0,0.23779999999832413,31.9375,32.5625,36.79000000000002,0.0,0.0,0.0,0.0,0.0,20.0,0.3,0.1,0.2,0.1,0.4,0.1,0.1,0.1,0.5,0.0,65535.0,0.13371480888075074,0.0,65535.0,0.07383840695811399,0.0,0.0,0.0,0.0,0.0,0.0,0.0,0.0,0.0,0.0
114139.26,0.3800070882053085,0.0,15592.0,37.0,0.29519999999833046,31.9375,32.5625,36.81,0.0,0.0,0.0,0.0,0.0,20.0,0.3,0.1,0.2,0.1,0.4,0.1,0.1,0.1,0.5,0.0,65535.0,0.13368429083695735,0.0,65535.0,0.07414358739604791,0.0,0.0,0.0,0.0,0.0,0.0,0.0,0.0,0.0,0.0
114199.33,0.3553853874237405,0.0,15592.0,37.0,0.24549999999833302,31.9375,32.5,36.73000000000002,0.0,0.0,0.0,0.0,0.0,20.0,0.3,0.1,0.2,0.1,0.4,0.1,0.1,0.1,0.5,0.0,65535.0,0.1338673990997177,0.0,65535.0,0.0737926298924239,0.0,0.0,0.0,0.0,0.0,0.0,0.0,0.0,0.0,0.0
114259.39,0.3602313663116195,0.0,15592.0,37.0,0.26819999999832833,31.9375,32.5625,36.77000000000004,0.0,0.0,0.0,0.0,0.0,20.0,0.3,0.1,0.2,0.1,0.4,0.1,0.1,0.1,0.5,0.0,65535.0,0.13397421225299458,0.0,65535.0,0.07400625619897765,0.0,0.0,0.0,0.0,0.0,0.0,0.0,0.0,0.0,0.0
114319.43,0.3866922103808119,0.0,15592.0,37.0,0.24139999999832168,32.0,32.5625,36.870000000000005,0.0,0.0,0.0,0.0,0.0,20.0,0.3,0.1,0.2,0.1,0.4,0.1,0.1,0.1,0.5,0.0,65535.0,0.13357747768368047,0.0,65535.0,0.07403677424277104,0.0,0.0,0.0,0.0,0.0,0.0,0.0,0.0,0.0,0.0
114379.5,0.38247752432874454,0.0,15592.0,37.0,0.2366999999983251,31.9375,32.5625,36.73000000000002,0.0,0.0,0.0,0.0,0.0,20.0,0.3,0.1,0.2,0.1,0.4,0.1,0.1,0.1,0.5,0.0,65535.0,0.1342641336690318,0.0,65535.0,0.07435721370260166,0.0,0.0,0.0,0.0,0.0,0.0,0.0,0.0,0.0,0.0
114439.53,0.36910412131948367,0.0,15592.0,37.0,0.30679999999832164,31.9375,32.5625,36.870000000000005,0.0,0.0,0.0,0.0,0.0,20.0,0.3,0.1,0.2,0.1,0.4,0.1,0.1,0.1,0.5,0.0,65535.0,0.1339284351873045,0.0,65535.0,0.07423514152742809,0.0,0.0,0.0,0.0,0.0,0.0,0.0,0.0,0.0,0.0
114499.6,0.36564045671020184,0.0,15592.0,37.0,0.2311999999983176,32.0,32.5625,36.93000000000001,0.0,0.0,0.0,0.0,0.0,20.0,0.3,0.1,0.2,0.1,0.4,0.1,0.1,0.1,0.5,0.0,65535.0,0.13359273670557717,0.0,65535.0,0.0737773708705272,0.0,0.0,0.0,0.0,0.0,0.0,0.0,0.0,0.0,0.0
114559.64,0.3582971827146828,0.0,15592.0,37.0,0.24409999999831666,31.9375,32.5,36.89000000000004,0.0,0.0,0.0,0.0,0.0,20.0,0.3,0.1,0.2,0.1,0.4,0.1,0.1,0.1,0.5,0.0,65535.0,0.13369954985885404,0.0,65535.0,0.07405203326466774,0.0,0.0,0.0,0.0,0.0,0.0,0.0,0.0,0.0,0.0
114619.68,0.3546426418187737,0.0,15592.0,37.0,0.23879999999832063,32.0,32.5,36.870000000000005,0.0,0.0,0.0,0.0,0.0,20.0,0.3,0.1,0.2,0.1,0.4,0.1,0.1,0.1,0.5,0.0,65535.0,0.1338826581216144,0.0,65535.0,0.07405203326466774,0.0,0.0,0.0,0.0,0.0,0.0,0.0,0.0,0.0,0.0
114679.73,0.34813943396234104,0.0,15592.0,37.0,0.23729999999831944,32.0,32.5,36.97000000000003,0.0,0.0,0.0,0.0,0.0,20.0,0.3,0.1,0.2,0.1,0.4,0.1,0.1,0.1,0.5,0.0,65535.0,0.1338826581216144,0.0,65535.0,0.07406729228656443,0.0,0.0,0.0,0.0,0.0,0.0,0.0,0.0,0.0,0.0
114739.8,0.34769843121600885,0.0,15592.0,37.0,0.26499999999832435,32.0,32.5,36.89000000000004,0.0,0.0,0.0,0.0,0.0,20.0,0.3,0.1,0.2,0.1,0.4,0.1,0.1,0.1,0.5,0.0,65535.0,0.13405050736247806,0.0,65535.0,0.07415884641794461,0.0,0.0,0.0,0.0,0.0,0.0,0.0,0.0,0.0,0.0
114799.86,0.3449465407365832,0.0,15592.0,37.0,0.26089999999831387,32.0,32.5,36.93000000000001,0.0,0.0,0.0,0.0,0.0,20.0,0.3,0.1,0.2,0.1,0.4,0.1,0.1,0.1,0.5,0.0,65535.0,0.13400473029678797,0.0,65535.0,0.07423514152742809,0.0,0.0,0.0,0.0,0.0,0.0,0.0,0.0,0.0,0.0
114859.93,0.34621013329635336,0.0,15592.0,37.0,0.23029999999831158,32.0,32.5,36.710000000000036,0.0,0.0,0.0,0.0,0.0,20.0,0.3,0.1,0.2,0.1,0.4,0.1,0.1,0.1,0.5,0.0,65535.0,0.13412680247196154,0.0,65535.0,0.07415884641794461,0.0,0.0,0.0,0.0,0.0,0.0,0.0,0.0,0.0,0.0
114920.01,0.3453292694567332,0.0,15592.0,37.0,0.2293999999983107,31.9375,32.5,36.79000000000002,0.0,0.0,0.0,0.0,0.0,20.0,0.3,0.1,0.2,0.1,0.4,0.1,0.1,0.1,0.5,0.0,65535.0,0.13406576638437476,0.0,65535.0,0.07431143663691157,0.0,0.0,0.0,0.0,0.0,0.0,0.0,0.0,0.0,0.0
114980.08,0.34523982339062664,0.0,15592.0,37.0,0.2590999999983104,32.0,32.5625,36.93000000000001,0.0,0.0,0.0,0.0,0.0,20.0,0.3,0.1,0.2,0.1,0.4,0.1,0.1,0.1,0.5,0.0,65535.0,0.13401998931868467,0.0,65535.0,0.07472343022812238,0.0,0.0,0.0,0.0,0.0,0.0,0.0,0.0,0.0,0.0
115040.16,0.3558358830427235,0.0,15592.0,37.0,0.23819999999831348,31.9375,32.5625,36.950000000000045,0.0,0.0,0.0,0.0,0.0,20.0,0.3,0.1,0.2,0.1,0.4,0.1,0.1,0.1,0.5,0.0,65535.0,0.13447775997558556,0.0,65535.0,0.07408255130846113,0.0,0.0,0.0,0.0,0.0,0.0,0.0,0.0,0.0,0.0
115100.23,0.3618994585430864,0.0,15592.0,37.0,0.26349999999831886,31.9375,32.5,36.93000000000001,0.0,0.0,0.0,0.0,0.0,20.0,0.3,0.1,0.2,0.1,0.4,0.1,0.1,0.1,0.5,0.0,65535.0,0.13415732051575494,0.0,65535.0,0.07426565957122148,0.0,0.0,0.0,0.0,0.0,0.0,0.0,0.0,0.0,0.0
115160.3,0.377850980269555,0.0,15592.0,37.0,0.24289999999830747,32.0,32.5,36.870000000000005,0.0,0.0,0.0,0.0,0.0,20.0,0.3,0.1,0.2,0.1,0.4,0.1,0.1,0.1,0.5,0.0,65535.0,0.13449301899748226,0.0,65535.0,0.07432669565880827,0.0,0.0,0.0,0.0,0.0,0.0,0.0,0.0,0.0,0.0
115220.38,0.37844218685551345,0.0,15592.0,37.0,0.2428999999983066,31.9375,32.5,36.81,0.0,0.0,0.0,0.0,0.0,20.0,0.3,0.1,0.2,0.1,0.4,0.1,0.1,0.1,0.5,0.0,65535.0,0.13400473029678797,0.0,65535.0,0.07406729228656443,0.0,0.0,0.0,0.0,0.0,0.0,0.0,0.0,0.0,0.0
115280.41,0.37572779110470866,0.0,15592.0,37.0,0.22729999999830489,32.0,32.5625,36.81,0.0,0.0,0.0,0.0,0.0,20.0,0.3,0.1,0.2,0.1,0.4,0.1,0.1,0.1,0.5,0.0,65535.0,0.13455405508506904,0.0,65535.0,0.07429617761501488,0.0,0.0,0.0,0.0,0.0,0.0,0.0,0.0,0.0,0.0
115340.46,0.3807072827088633,0.0,15592.0,37.0,0.2596999999983047,31.9375,32.5625,36.81,0.0,0.0,0.0,0.0,0.0,20.0,0.3,0.1,0.2,0.1,0.4,0.1,0.1,0.1,0.5,0.0,65535.0,0.1347524223697261,0.0,65535.0,0.0741741054398413,0.0,0.0,0.0,0.0,0.0,0.0,0.0,0.0,0.0,0.0
115400.5,0.37281726639256957,0.0,15592.0,37.0,0.26209999999830336,31.9375,32.5625,36.93000000000001,0.0,0.0043,0.25,0.0,0.0,20.0,0.3,0.1,0.2,0.1,0.4,0.1,0.1,0.1,0.5,0.0,65535.0,0.1343251697566186,0.0,65535.0,0.07392996108949416,0.0,0.0,0.0,0.0,0.0,0.0,0.0,0.0,0.0,0.0
115460.56,0.34421165700776185,0.0,15592.0,37.0,0.3107999999983085,31.9375,32.5,36.650000000000034,0.0,0.0,0.0,0.0,0.0,20.0,0.3,0.1,0.2,0.1,0.4,0.1,0.1,0.1,0.5,0.0,65535.0,0.1313954375524529,0.0,65535.0,0.07321278706034944,0.0,0.0,0.0,0.0,0.0,0.0,0.0,0.0,0.0,0.0
115520.61,0.3444576351454324,0.0,15592.0,37.0,0.25579999999830083,31.8125,32.5,36.81,0.0,0.0,0.0,0.0,0.0,20.0,0.3,0.1,0.2,0.1,0.4,0.1,0.1,0.1,0.5,0.0,65535.0,0.1313191424429694,0.0,65535.0,0.07269398031586176,0.0,0.0,0.0,0.0,0.0,0.0,0.0,0.0,0.0,0.0
115580.69,0.3477092425362004,0.0,15592.0,37.0,0.2825999999983057,32.0,32.5625,36.77000000000004,0.0,0.0,0.0,0.0,0.0,20.0,0.3,0.1,0.2,0.1,0.4,0.1,0.1,0.1,0.5,0.0,65535.0,0.13118181124589914,0.0,65535.0,0.07260242618448158,0.0,0.0,0.0,0.0,0.0,0.0,0.0,0.0,0.0,0.0
115640.76,0.33963439378766114,0.0,15592.0,37.0,0.2566999999982991,32.0,32.5,36.97000000000003,0.0,0.0,0.0,0.0,0.0,20.0,0.3,0.1,0.2,0.1,0.4,0.1,0.1,0.1,0.5,0.0,65535.0,0.13153276874952316,0.0,65535.0,0.07273975738155185,0.0,0.0,0.0,0.0,0.0,0.0,0.0,0.0,0.0,0.0
115700.83,0.3418424466776397,0.0,15592.0,37.0,0.249599999998303,32.0,32.5625,36.97000000000003,0.0,0.0,0.0,0.0,0.0,20.0,0.3,0.1,0.2,0.1,0.4,0.1,0.1,0.1,0.5,0.0,65535.0,0.1313649195086595,0.0,65535.0,0.0729533836881056,0.0,0.0,0.0,0.0,0.0,0.0,0.0,0.0,0.0,0.0
115760.88,0.3371581239210111,0.0,15592.0,37.0,0.2168999999983009,32.0,32.5,37.01000000000005,0.0,0.0,0.0,0.0,0.0,20.0,0.3,0.1,0.2,0.1,0.4,0.1,0.1,0.1,0.5,0.0,65535.0,0.13188372625314718,0.0,65535.0,0.07223620965896085,0.0,0.0,0.0,0.0,0.0,0.0,0.0,0.0,0.0,0.0
115820.93,0.322559473988421,0.0,15592.0,37.0,0.235099999998296,32.0,32.5,37.01000000000005,0.0,0.0,0.0,0.0,0.0,20.0,0.3,0.1,0.2,0.1,0.4,0.1,0.1,0.1,0.5,0.0,65535.0,0.1317616540779736,0.0,65535.0,0.07258716716258488,0.0,0.0,0.0,0.0,0.0,0.0,0.0,0.0,0.0,0.0
115881.01,0.324024344501623,0.0,15592.0,37.0,0.2694999999983065,32.0,32.5625,36.97000000000003,0.0,0.0,0.0,0.0,0.0,20.0,0.3,0.1,0.2,0.1,0.4,0.1,0.1,0.1,0.5,0.0,65535.0,0.1318226901655604,0.0,65535.0,0.0729381246662089,0.0,0.0,0.0,0.0,0.0,0.0,0.0,0.0,0.0,0.0
115941.09,0.32706294682596715,0.0,15592.0,37.0,0.29069999999830143,32.0,32.5625,36.870000000000005,0.0,0.0,0.0,0.0,0.0,20.0,0.3,0.1,0.2,0.1,0.4,0.1,0.1,0.1,0.5,0.0,65535.0,0.13194476234073396,0.0,65535.0,0.07237354085603113,0.0,0.0,0.0,0.0,0.0,0.0,0.0,0.0,0.0,0.0
116001.14,0.32878652988127444,0.0,15592.0,37.0,0.30019999999829616,32.0,32.5625,37.05000000000001,0.0,0.0,0.0,0.0,0.0,20.0,0.3,0.1,0.2,0.1,0.4,0.1,0.1,0.1,0.5,0.0,65535.0,0.13206683451590753,0.0,65535.0,0.0729686427100023,0.0,0.0,0.0,0.0,0.0,0.0,0.0,0.0,0.0,0.0
116061.2,0.3398169718515433,0.0,15592.0,37.0,0.21569999999829684,32.0,32.5625,37.13000000000005,0.0,0.0,0.0,0.0,0.0,20.0,0.3,0.1,0.2,0.1,0.4,0.1,0.1,0.1,0.5,0.0,65535.0,0.13208209353780423,0.0,65535.0,0.07290760662241551,0.0,0.0,0.0,0.0,0.0,0.0,0.0,0.0,0.0,0.0
116121.27,0.34808858905518986,0.0,15592.0,37.0,0.24359999999829732,32.0,32.5,36.89000000000004,0.0,0.0,0.0,0.0,0.0,20.0,0.3,0.1,0.2,0.1,0.4,0.1,0.1,0.1,0.5,0.0,65535.0,0.13186846723125048,0.0,65535.0,0.07289234760051881,0.0,0.0,0.0,0.0,0.0,0.0,0.0,0.0,0.0,0.0
116181.34,0.3503174999192675,0.0,15592.0,37.0,0.24269999999829642,32.0,32.5625,36.93000000000001,0.0,0.0,0.0,0.0,0.0,20.0,0.3,0.1,0.2,0.1,0.4,0.1,0.1,0.1,0.5,0.0,65535.0,0.13192950331883727,0.0,65535.0,0.07287708857862212,0.0,0.0,0.0,0.0,0.0,0.0,0.0,0.0,0.0,0.0
116241.42,0.35380962276340105,0.0,15592.0,37.0,0.2918999999982977,32.0,32.5,36.89000000000004,0.0,0.0,0.0,0.0,0.0,20.0,0.3,0.1,0.2,0.1,0.4,0.1,0.1,0.1,0.5,0.0,65535.0,0.13186846723125048,0.0,65535.0,0.07289234760051881,0.0,0.0,0.0,0.0,0.0,0.0,0.0,0.0,0.0,0.0
116301.46,0.3540708903602622,0.0,15592.0,37.0,0.21359999999829357,32.0625,32.5,36.950000000000045,0.0,0.0,0.0,0.0,0.0,20.0,0.3,0.1,0.2,0.1,0.4,0.1,0.1,0.1,0.5,0.0,65535.0,0.1317463950560769,0.0,65535.0,0.07255664911879149,0.0,0.0,0.0,0.0,0.0,0.0,0.0,0.0,0.0,0.0
116361.51,0.3540272155979737,0.0,15592.0,37.0,0.2950999999982905,32.0,32.5,36.870000000000005,0.0,0.0,0.0,0.0,0.0,20.0,0.3,0.1,0.2,0.1,0.4,0.1,0.1,0.1,0.5,0.0,65535.0,0.13160906385900664,0.0,65535.0,0.07269398031586176,0.0,0.0,0.0,0.0,0.0,0.0,0.0,0.0,0.0,0.0
116421.55,0.3574194410118552,0.0,15592.0,37.0,0.2320999999982867,32.0,32.5625,37.05000000000001,0.0,0.0,0.0,0.0,0.0,20.0,0.3,0.1,0.2,0.1,0.4,0.1,0.1,0.1,0.5,0.0,65535.0,0.1322346837567712,0.0,65535.0,0.07260242618448158,0.0,0.0,0.0,0.0,0.0,0.0,0.0,0.0,0.0,0.0
116481.62,0.3629395551915927,0.0,15592.0,37.0,0.2423999999982907,32.0,32.5625,37.01000000000005,0.0,0.0,0.0,0.0,0.0,20.0,0.3,0.1,0.2,0.1,0.4,0.1,0.1,0.1,0.5,0.0,65535.0,0.13171587701228352,0.0,65535.0,0.07286182955672542,0.0,0.0,0.0,0.0,0.0,0.0,0.0,0.0,0.0,0.0
116541.66,0.3584077800317809,0.0,15592.0,37.0,0.24559999999828522,32.0,32.5,36.870000000000005,0.0,0.0,0.0,0.0,0.0,20.0,0.3,0.1,0.2,0.1,0.4,0.1,0.1,0.1,0.5,0.0,65535.0,0.13202105745021744,0.0,65535.0,0.07299916075379569,0.0,0.0,0.0,0.0,0.0,0.0,0.0,0.0,0.0,0.0
116601.74,0.36380385102919355,0.0,15592.0,37.0,0.2690999999982897,31.9375,32.5,36.85000000000002,0.0,0.0,0.0,0.0,0.0,20.0,0.3,0.1,0.2,0.1,0.4,0.1,0.1,0.1,0.5,0.0,65535.0,0.13205157549401084,0.0,65535.0,0.07263294422827497,0.0,0.0,0.0,0.0,0.0,0.0,0.0,0.0,0.0,0.0
116661.81,0.362508160477337,0.0,15592.0,37.0,0.24589999999828321,32.0,32.5,36.85000000000002,0.0,0.0,0.0,0.0,0.0,20.0,0.3,0.1,0.2,0.1,0.4,0.1,0.1,0.1,0.5,0.0,65535.0,0.13226520180056459,0.0,65535.0,0.07284657053482872,0.0,0.0,0.0,0.0,0.0,0.0,0.0,0.0,0.0,0.0
116721.88,0.35691107589489857,0.0,15592.0,37.0,0.2470999999982821,32.0,32.5,36.870000000000005,0.0,0.0,0.0,0.0,0.0,20.0,0.3,0.1,0.2,0.1,0.4,0.1,0.1,0.1,0.5,0.0,65535.0,0.1321583886472877,0.0,65535.0,0.0729228656443122,0.0,0.0,0.0,0.0,0.0,0.0,0.0,0.0,0.0,0.0
116781.96,0.36096557036041155,0.0,15592.0,37.0,0.26739999999829206,32.0625,32.5,36.89000000000004,0.0,0.0,0.0,0.0,0.0,20.0,0.3,0.1,0.2,0.1,0.4,0.1,0.1,0.1,0.5,0.0,65535.0,0.13209735255970093,0.0,65535.0,0.0729686427100023,0.0,0.0,0.0,0.0,0.0,0.0,0.0,0.0,0.0,0.0
116842.04,0.354288090101084,0.0,15592.0,37.0,0.2314999999982804,32.0,32.5,36.89000000000004,0.0,0.0,0.0,0.0,0.0,20.0,0.3,0.1,0.2,0.1,0.4,0.1,0.1,0.1,0.5,0.0,65535.0,0.13209735255970093,0.0,65535.0,0.07281605249103533,0.0,0.0,0.0,0.0,0.0,0.0,0.0,0.0,0.0,0.0
116902.11,0.38092575660812716,0.0,15592.0,37.0,0.27059999999828577,32.0,32.5625,36.85000000000002,0.0,0.0,0.0,0.0,0.0,20.0,0.3,0.1,0.2,0.1,0.4,0.1,0.1,0.1,0.5,0.0,65535.0,0.13212787060349432,0.0,65535.0,0.07289234760051881,0.0,0.0,0.0,0.0,0.0,0.0,0.0,0.0,0.0,0.0
116962.18,0.3776100976657161,0.0,15592.0,37.0,0.20729999999828222,32.0,32.5,37.01000000000005,0.0,0.0,0.0,0.0,0.0,20.0,0.3,0.1,0.2,0.1,0.4,0.1,0.1,0.1,0.5,0.0,65535.0,0.1322194247348745,0.0,65535.0,0.07287708857862212,0.0,0.0,0.0,0.0,0.0,0.0,0.0,0.0,0.0,0.0
117022.25,0.369274719158072,0.0,15592.0,37.0,0.2690999999982837,32.0,32.5,36.85000000000002,0.0,0.0,0.0,0.0,0.0,20.0,0.3,0.1,0.2,0.1,0.4,0.1,0.1,0.1,0.5,0.0,65535.0,0.13209735255970093,0.0,65535.0,0.07280079346913863,0.0,0.0,0.0,0.0,0.0,0.0,0.0,0.0,0.0,0.0
117082.3,0.37286739918925327,0.0,15592.0,37.0,0.23209999999827644,31.9375,32.5,37.01000000000005,0.0,0.0,0.0,0.0,0.0,20.0,0.3,0.1,0.2,0.1,0.4,0.1,0.1,0.1,0.5,0.0,65535.0,0.1322499427786679,0.0,65535.0,0.0729533836881056,0.0,0.0,0.0,0.0,0.0,0.0,0.0,0.0,0.0,0.0
117142.36,0.35732632245835094,0.0,15592.0,37.0,0.20179999999827386,32.0,32.5,37.13000000000005,0.0,0.0,0.0,0.0,0.0,20.0,0.3,0.1,0.2,0.1,0.4,0.1,0.1,0.1,0.5,0.0,65535.0,0.13249408712901503,0.0,65535.0,0.07299916075379569,0.0,0.0,0.0,0.0,0.0,0.0,0.0,0.0,0.0,0.0
117202.43,0.34832222344338476,0.0,15592.0,37.0,0.25149999999828465,32.0,32.5,36.93000000000001,0.0,0.0,0.0,0.0,0.0,20.0,0.3,0.1,0.2,0.1,0.4,0.1,0.1,0.1,0.5,0.0,65535.0,0.13253986419470512,0.0,65535.0,0.0729533836881056,0.0,0.0,0.0,0.0,0.0,0.0,0.0,0.0,0.0,0.0
117262.49,0.3541958191891564,0.0,15592.0,37.0,0.28889999999828075,32.0,32.5,36.79000000000002,0.0,0.0,0.0,0.0,0.0,20.0,0.3,0.1,0.2,0.1,0.4,0.1,0.1,0.1,0.5,0.0,65535.0,0.13253986419470512,0.0,65535.0,0.0729686427100023,0.0,0.0,0.0,0.0,0.0,0.0,0.0,0.0,0.0,0.0
117322.54,0.3578402846034976,0.0,15592.0,37.0,0.2344999999982725,32.0,32.5,37.01000000000005,0.0,0.0,0.0,0.0,0.0,20.0,0.3,0.1,0.2,0.1,0.4,0.1,0.1,0.1,0.5,0.0,65535.0,0.13229571984435798,0.0,65535.0,0.07234302281223774,0.0,0.0,0.0,0.0,0.0,0.0,0.0,0.0,0.0,0.0
117382.6,0.3528053546813462,0.0,15592.0,37.0,0.23239999999827102,31.9375,32.5,37.01000000000005,0.0,0.0,0.0,0.0,0.0,20.0,0.3,0.1,0.2,0.1,0.4,0.1,0.1,0.1,0.5,0.0,65535.0,0.13247882810711833,0.0,65535.0,0.07284657053482872,0.0,0.0,0.0,0.0,0.0,0.0,0.0,0.0,0.0,0.0
117442.66,0.35191904009559427,0.0,15592.0,37.0,0.22029999999827946,32.0,32.5625,37.05000000000001,0.0,0.0,0.0,0.0,0.0,20.0,0.3,0.1,0.2,0.1,0.4,0.1,0.1,0.1,0.5,0.0,65535.0,0.13226520180056459,0.0,65535.0,0.07312123292896926,0.0,0.0,0.0,0.0,0.0,0.0,0.0,0.0,0.0,0.0
117502.75,0.3523644299257081,0.0,15592.0,37.0,0.28149999999828146,31.9375,32.5,36.81,0.0,0.0,0.0,0.0,0.0,20.0,0.3,0.1,0.2,0.1,0.4,0.1,0.1,0.1,0.5,0.0,65535.0,0.13255512321660182,0.0,65535.0,0.07261768520637828,0.0,0.0,0.0,0.0,0.0,0.0,0.0,0.0,0.0,0.0
117562.81,0.35402671738489694,0.0,15592.0,37.0,0.2529999999982798,32.0,32.5,36.93000000000001,0.0,0.0,0.0,0.0,0.0,20.0,0.3,0.1,0.2,0.1,0.4,0.1,0.1,0.1,0.5,0.0,65535.0,0.1326619363698787,0.0,65535.0,0.0729533836881056,0.0,0.0,0.0,0.0,0.0,0.0,0.0,0.0,0.0,0.0
117622.88,0.3526744389214995,0.0,15592.0,37.0,0.20499999999827742,32.0,32.5,37.110000000000014,0.0,0.0,0.0,0.0,0.0,20.0,0.3,0.1,0.2,0.1,0.4,0.1,0.1,0.1,0.5,0.0,65535.0,0.1326771953917754,0.0,65535.0,0.07260242618448158,0.0,0.0,0.0,0.0,0.0,0.0,0.0,0.0,0.0,0.0
117682.92,0.35455205340309315,0.0,15592.0,37.0,0.23849999999827282,32.0,32.5,36.97000000000003,0.0,0.0,0.0,0.0,0.0,20.0,0.3,0.1,0.2,0.1,0.4,0.1,0.1,0.1,0.5,0.0,65535.0,0.1326314183260853,0.0,65535.0,0.0729533836881056,0.0,0.0,0.0,0.0,0.0,0.0,0.0,0.0,0.0,0.0
117742.97,0.33888846668589406,0.0,15592.0,37.0,0.19099999999826572,32.0,32.5,37.13000000000005,0.0,0.0,0.0,0.0,0.0,20.0,0.3,0.1,0.2,0.1,0.4,0.1,0.1,0.1,0.5,0.0,65535.0,0.13238727397573816,0.0,65535.0,0.07298390173189899,0.0,0.0,0.0,0.0,0.0,0.0,0.0,0.0,0.0,0.0
117803.05,0.35758672221177856,0.0,15592.0,37.0,0.28139999999827303,31.9375,32.5,36.79000000000002,0.0,0.0,0.0,0.0,0.0,20.0,0.3,0.1,0.2,0.1,0.4,0.1,0.1,0.1,0.5,0.0,65535.0,0.13295185778591592,0.0,65535.0,0.07277027542534524,0.0,0.0,0.0,0.0,0.0,0.0,0.0,0.0,0.0,0.0
117863.1,0.3612302338248468,0.0,15592.0,37.0,0.302699999998273,32.0,32.5,36.73000000000002,0.0,0.0,0.0,0.0,0.0,20.0,0.3,0.1,0.2,0.1,0.4,0.1,0.1,0.1,0.5,0.0,65535.0,0.1326314183260853,0.0,65535.0,0.07281605249103533,0.0,0.0,0.0,0.0,0.0,0.0,0.0,0.0,0.0,0.0
117923.14,0.36480711674374294,0.0,15592.0,37.0,0.24709999999826499,31.9375,32.5,36.950000000000045,0.0,0.0,0.0,0.0,0.0,20.0,0.3,0.1,0.2,0.1,0.4,0.1,0.1,0.1,0.5,0.0,65535.0,0.1325856412603952,0.0,65535.0,0.07306019684138247,0.0,0.0,0.0,0.0,0.0,0.0,0.0,0.0,0.0,0.0
117983.21,0.3636711423921053,0.0,15592.0,37.0,0.2514999999982743,31.9375,32.4375,36.93000000000001,0.0,0.0,0.0,0.0,0.0,20.0,0.3,0.1,0.2,0.1,0.4,0.1,0.1,0.1,0.5,0.0,65535.0,0.13241779201953155,0.0,65535.0,0.07304493781948578,0.0,0.0,0.0,0.0,0.0,0.0,0.0,0.0,0.0,0.0
118043.29,0.37053720019215286,0.0,15592.0,37.0,0.2423999999982684,32.0625,32.5,36.97000000000003,0.0,0.0,0.0,0.0,0.0,20.0,0.3,0.1,0.2,0.1,0.4,0.1,0.1,0.1,0.5,0.0,65535.0,0.13276874952315557,0.0,65535.0,0.07313649195086595,0.0,0.0,0.0,0.0,0.0,0.0,0.0,0.0,0.0,0.0
118103.35,0.37416376151888864,0.0,15592.0,37.0,0.2702999999982689,32.0,32.5,36.85000000000002,0.0,0.0,0.0,0.0,0.0,20.0,0.3,0.1,0.2,0.1,0.4,0.1,0.1,0.1,0.5,0.0,65535.0,0.13270771343556878,0.0,65535.0,0.07307545586327917,0.0,0.0,0.0,0.0,0.0,0.0,0.0,0.0,0.0,0.0
118163.42,0.33045770450253303,0.0,15592.0,37.0,0.24529999999826235,32.0,32.5,36.950000000000045,0.0,0.0,0.0,0.0,0.0,20.0,0.3,0.1,0.2,0.1,0.4,0.1,0.1,0.1,0.5,0.0,65535.0,0.13290608072022583,0.0,65535.0,0.07316700999465935,0.0,0.0,0.0,0.0,0.0,0.0,0.0,0.0,0.0,0.0
118223.5,0.37579426450590964,0.0,15592.0,37.0,0.2293999999982609,32.0,32.5625,37.01000000000005,0.0,0.0,0.0,0.0,0.0,20.0,0.3,0.1,0.2,0.1,0.4,0.1,0.1,0.1,0.5,0.0,65535.0,0.13282978561074235,0.0,65535.0,0.07273975738155185,0.0,0.0,0.0,0.0,0.0,0.0,0.0,0.0,0.0,0.0
118283.54,0.3721824205210293,0.0,15592.0,37.0,0.24499999999826008,32.0,32.5,36.950000000000045,0.0,0.0,0.0,0.0,0.0,20.0,0.3,0.1,0.2,0.1,0.4,0.1,0.1,0.1,0.5,0.0,65535.0,0.13298237582970932,0.0,65535.0,0.0733501182574197,0.0,0.0,0.0,0.0,0.0,0.0,0.0,0.0,0.0,0.0
118343.59,0.34053035074549876,0.0,15592.0,37.0,0.2243999999982629,32.0,32.5,37.03000000000003,0.0,0.0,0.0,0.0,0.0,20.0,0.3,0.1,0.2,0.1,0.4,0.1,0.1,0.1,0.5,0.0,65535.0,0.13292133974212253,0.0,65535.0,0.07313649195086595,0.0,0.0,0.0,0.0,0.0,0.0,0.0,0.0,0.0,0.0
118403.63,0.33530033591380276,0.0,15592.0,37.0,0.2643999999982683,32.0,32.5,36.870000000000005,0.0,0.0,0.0,0.0,0.0,20.0,0.3,0.1,0.2,0.1,0.4,0.1,0.1,0.1,0.5,0.0,65535.0,0.13321126115815976,0.0,65535.0,0.07307545586327917,0.0,0.0,0.0,0.0,0.0,0.0,0.0,0.0,0.0,0.0
118463.71,0.3366813855465032,0.0,15592.0,37.0,0.2814999999982687,31.9375,32.5,36.81,0.0,0.0,0.0,0.0,0.0,20.0,0.3,0.1,0.2,0.1,0.4,0.1,0.1,0.1,0.5,0.0,65535.0,0.13278400854505226,0.0,65535.0,0.07310597390707256,0.0,0.0,0.0,0.0,0.0,0.0,0.0,0.0,0.0,0.0
118523.77,0.3366746621964068,0.0,15592.0,37.0,0.28299999999826814,32.0,32.4375,36.81,0.0,0.0,0.0,0.0,0.0,20.0,0.3,0.1,0.2,0.1,0.4,0.1,0.1,0.1,0.5,0.0,65535.0,0.13321126115815976,0.0,65535.0,0.07280079346913863,0.0,0.0,0.0,0.0,0.0,0.0,0.0,0.0,0.0,0.0
118583.84,0.344946095626055,0.0,15592.0,37.0,0.22619999999826038,31.9375,32.5625,37.03000000000003,0.0,0.0,0.0,0.0,0.0,20.0,0.3,0.1,0.2,0.1,0.4,0.1,0.1,0.1,0.5,0.0,65535.0,0.13272297245746548,0.0,65535.0,0.07325856412603952,0.0,0.0,0.0,0.0,0.0,0.0,0.0,0.0,0.0,0.0
118643.92,0.3789287756808442,0.0,15592.0,37.0,0.22909999999825434,31.9375,32.4375,37.01000000000005,0.0,0.0,0.0,0.0,0.0,20.0,0.3,0.1,0.2,0.1,0.4,0.1,0.1,0.1,0.5,0.0,65535.0,0.13339436942092012,0.0,65535.0,0.07312123292896926,0.0,0.0,0.0,0.0,0.0,0.0,0.0,0.0,0.0,0.0
118703.97,0.37404700005972424,0.0,15592.0,37.0,0.302699999998261,32.0,32.5,36.73000000000002,0.0,0.0,0.0,0.0,0.0,20.0,0.3,0.1,0.2,0.1,0.4,0.1,0.1,0.1,0.5,0.0,65535.0,0.13319600213626306,0.0,65535.0,0.07309071488517586,0.0,0.0,0.0,0.0,0.0,0.0,0.0,0.0,0.0,0.0
118764.03,0.3697251003365378,0.0,15592.0,37.0,0.2520999999982635,32.0,32.5,36.93000000000001,0.0,0.0,0.0,0.0,0.0,20.0,0.3,0.1,0.2,0.1,0.4,0.1,0.1,0.1,0.5,0.0,65535.0,0.13353170061799038,0.0,65535.0,0.07313649195086595,0.0,0.0,0.0,0.0,0.0,0.0,0.0,0.0,0.0,0.0
118824.1,0.3483065571577418,0.0,15592.0,37.0,0.20759999999825623,32.0625,32.5,37.09000000000003,0.0,0.0,0.0,0.0,0.0,20.0,0.3,0.1,0.2,0.1,0.4,0.1,0.1,0.1,0.5,0.0,65535.0,0.13353170061799038,0.0,65535.0,0.073334859235523,0.0,0.0,0.0,0.0,0.0,0.0,0.0,0.0,0.0,0.0
118884.15,0.3646539531158612,0.0,15592.0,37.0,0.25759999999825256,31.9375,32.5,36.89000000000004,0.0,0.0,0.0,0.0,0.0,20.0,0.3,0.1,0.2,0.1,0.4,0.1,0.1,0.1,0.5,0.0,65535.0,0.13359273670557717,0.0,65535.0,0.07273975738155185,0.0,0.0,0.0,0.0,0.0,0.0,0.0,0.0,0.0,0.0
118944.19,0.3751063213530955,0.0,15592.0,37.0,0.25519999999825127,31.9375,32.4375,36.89000000000004,0.0,0.0,0.0,0.0,0.0,20.0,0.3,0.1,0.2,0.1,0.4,0.1,0.1,0.1,0.5,0.0,65535.0,0.13327229724574655,0.0,65535.0,0.07280079346913863,0.0,0.0,0.0,0.0,0.0,0.0,0.0,0.0,0.0,0.0
119004.24,0.3694035123787345,0.0,15592.0,37.0,0.2872999999982514,31.9375,32.5,36.77000000000004,0.0,0.0,0.0,0.0,0.0,20.0,0.3,0.1,0.2,0.1,0.4,0.1,0.1,0.1,0.5,0.0,65535.0,0.13325703822384985,0.0,65535.0,0.07302967879758908,0.0,0.0,0.0,0.0,0.0,0.0,0.0,0.0,0.0,0.0
119064.28,0.28146117448395547,0.0,15592.0,37.0,0.24789999999825876,31.9375,32.5,36.93000000000001,0.0,0.0,0.0,0.0,0.0,20.0,0.3,0.1,0.2,0.1,0.4,0.1,0.1,0.1,0.5,0.0,65535.0,0.13318074311436637,0.0,65535.0,0.07325856412603952,0.0,0.0,0.0,0.0,0.0,0.0,0.0,0.0,0.0,0.0
119124.32,0.2818373446325926,0.0,15592.0,37.0,0.27179999999825377,31.9375,32.5,36.85000000000002,0.0,0.0,0.0,0.0,0.0,20.0,0.3,0.1,0.2,0.1,0.4,0.1,0.1,0.1,0.5,0.0,65535.0,0.1334859235523003,0.0,65535.0,0.0733501182574197,0.0,0.0,0.0,0.0,0.0,0.0,0.0,0.0,0.0,0.0
119184.37,0.2882632955078545,0.0,15592.0,37.0,0.26389999999824765,32.0,32.5,36.89000000000004,0.0,0.0,0.0,0.0,0.0,20.0,0.3,0.1,0.2,0.1,0.4,0.1,0.1,0.1,0.5,0.0,65535.0,0.13328755626764324,0.0,65535.0,0.07347219043259327,0.0,0.0,0.0,0.0,0.0,0.0,0.0,0.0,0.0,0.0
119244.44,0.2934457314328888,0.0,15592.0,37.0,0.29419999999824764,32.0,32.4375,36.77000000000004,0.0,0.0,0.0,0.0,0.0,20.0,0.3,0.1,0.2,0.1,0.4,0.1,0.1,0.1,0.5,0.0,65535.0,0.1334859235523003,0.0,65535.0,0.07299916075379569,0.0,0.0,0.0,0.0,0.0,0.0,0.0,0.0,0.0,0.0
119304.52,0.3008210723243294,0.0,15592.0,37.0,0.2123999999982484,32.0625,32.4375,37.09000000000003,0.0,0.0,0.0,0.0,0.0,20.0,0.3,0.1,0.2,0.1,0.4,0.1,0.1,0.1,0.5,0.0,65535.0,0.13365377279316396,0.0,65535.0,0.07306019684138247,0.0,0.0,0.0,0.0,0.0,0.0,0.0,0.0,0.0,0.0
119364.56,0.32217491362735584,0.0,15592.0,37.0,0.2614999999982447,32.0,32.5,36.89000000000004,0.0,0.0,0.0,0.0,0.0,20.0,0.3,0.1,0.2,0.1,0.4,0.1,0.1,0.1,0.5,0.0,65535.0,0.13353170061799038,0.0,65535.0,0.07313649195086595,0.0,0.0,0.0,0.0,0.0,0.0,0.0,0.0,0.0,0.0
119424.63,0.33201448348481694,0.0,15592.0,37.0,0.2390999999982474,32.0,32.4375,36.97000000000003,0.0,0.0,0.0,0.0,0.0,20.0,0.3,0.1,0.2,0.1,0.4,0.1,0.1,0.1,0.5,0.0,65535.0,0.133501182574197,0.0,65535.0,0.07304493781948578,0.0,0.0,0.0,0.0,0.0,0.0,0.0,0.0,0.0,0.0
119484.7,0.3976754334379308,0.0,15592.0,37.0,0.23759999999824621,31.9375,32.4375,36.97000000000003,0.0,0.0,0.0,0.0,0.0,20.0,0.3,0.1,0.2,0.1,0.4,0.1,0.1,0.1,0.5,0.0,65535.0,0.1334401464866102,0.0,65535.0,0.07309071488517586,0.0,0.0,0.0,0.0,0.0,0.0,0.0,0.0,0.0,0.0
119544.78,0.39609457120060443,0.0,15592.0,37.0,0.2584999999982414,31.9375,32.5,36.89000000000004,0.0,0.0,0.0,0.0,0.0,20.0,0.3,0.1,0.2,0.1,0.4,0.1,0.1,0.1,0.5,0.0,65535.0,0.13373006790264744,0.0,65535.0,0.07304493781948578,0.0,0.0,0.0,0.0,0.0,0.0,0.0,0.0,0.0,0.0
119604.83,0.3918765914467598,0.0,15592.0,37.0,0.2796999999982514,32.0,32.5,36.81,0.0,0.0,0.0,0.0,0.0,20.0,0.3,0.1,0.2,0.1,0.4,0.1,0.1,0.1,0.5,0.0,65535.0,0.13376058594644083,0.0,65535.0,0.07316700999465935,0.0,0.0,0.0,0.0,0.0,0.0,0.0,0.0,0.0,0.0
119664.9,0.3948722414848429,0.0,15592.0,37.0,0.2608999999982401,31.9375,32.5,36.89000000000004,0.0,0.0,0.0,0.0,0.0,20.0,0.3,0.1,0.2,0.1,0.4,0.1,0.1,0.1,0.5,0.0,65535.0,0.13365377279316396,0.0,65535.0,0.0729381246662089,0.0,0.0,0.0,0.0,0.0,0.0,0.0,0.0,0.0,0.0
119724.97,0.3811209403265714,0.0,15592.0,37.0,0.2449999999982386,31.9375,32.5,36.950000000000045,0.0,0.0,0.0,0.0,0.0,20.0,0.3,0.1,0.2,0.1,0.4,0.1,0.1,0.1,0.5,0.0,65535.0,0.13354695963988708,0.0,65535.0,0.07306019684138247,0.0,0.0,0.0,0.0,0.0,0.0,0.0,0.0,0.0,0.0
119785.03,0.3888304191330697,0.0,15592.0,37.0,0.2796999999982488,32.0,32.5,36.81,0.0,0.0,0.0,0.0,0.0,20.0,0.3,0.1,0.2,0.1,0.4,0.1,0.1,0.1,0.5,0.0,65535.0,0.1339284351873045,0.0,65535.0,0.07280079346913863,0.0,0.0,0.0,0.0,0.0,0.0,0.0,0.0,0.0,0.0
119845.1,0.3843128520836947,0.0,15592.0,37.0,0.2811999999982483,32.0,32.5,36.81,0.0,0.0,0.0,0.0,0.0,20.0,0.3,0.1,0.2,0.1,0.4,0.1,0.1,0.1,0.5,0.0,65535.0,0.13376058594644083,0.0,65535.0,0.07353322652018006,0.0,0.0,0.0,0.0,0.0,0.0,0.0,0.0,0.0,0.0
119905.16,0.3815448994595566,0.0,15592.0,37.0,0.30599999999824334,32.0,32.5,36.73000000000002,0.0,0.0,0.0,0.0,0.0,20.0,0.3,0.1,0.2,0.1,0.4,0.1,0.1,0.1,0.5,0.0,65535.0,0.1338368810559243,0.0,65535.0,0.07339589532310979,0.0,0.0,0.0,0.0,0.0,0.0,0.0,0.0,0.0,0.0
119965.22,0.3933538554024036,0.0,15592.0,37.0,0.2302999999982352,32.0,32.5,37.01000000000005,0.0,0.0,0.0,0.0,0.0,20.0,0.3,0.1,0.2,0.1,0.4,0.1,0.1,0.1,0.5,0.0,65535.0,0.13395895323109788,0.0,65535.0,0.07341115434500649,0.0,0.0,0.0,0.0,0.0,0.0,0.0,0.0,0.0,0.0
120025.3,0.40585110569343946,0.0,15592.0,37.0,0.24409999999823428,32.0,32.5,36.950000000000045,0.0,0.0,0.0,0.0,0.0,20.0,0.3,0.1,0.2,0.1,0.4,0.1,0.1,0.1,0.5,0.0,65535.0,0.1334248874647135,0.0,65535.0,0.07328908216983292,0.0,0.0,0.0,0.0,0.0,0.0,0.0,0.0,0.0,0.0
120085.37,0.3889339311318318,0.0,15592.0,37.0,0.23819999999823793,31.9375,32.4375,36.97000000000003,0.0,0.0,0.0,0.0,0.0,20.0,0.3,0.1,0.2,0.1,0.4,0.1,0.1,0.1,0.5,0.0,65535.0,0.13371480888075074,0.0,65535.0,0.07312123292896926,0.0,0.0,0.0,0.0,0.0,0.0,0.0,0.0,0.0,0.0
120145.44,0.38241661943389604,0.0,15592.0,37.0,0.22669999999823162,31.9375,32.5,37.01000000000005,0.0,0.0,0.0,0.0,0.0,20.0,0.3,0.1,0.2,0.1,0.4,0.1,0.1,0.1,0.5,0.0,65535.0,0.13414206149385824,0.0,65535.0,0.07316700999465935,0.0,0.0,0.0,0.0,0.0,0.0,0.0,0.0,0.0,0.0
120205.51,0.3589127433456245,0.0,15592.0,37.0,0.241099999998231,32.0,32.4375,36.950000000000045,0.0,0.0,0.0,0.0,0.0,20.0,0.3,0.1,0.2,0.1,0.4,0.1,0.1,0.1,0.5,0.0,65535.0,0.13437094682230868,0.0,65535.0,0.07325856412603952,0.0,0.0,0.0,0.0,0.0,0.0,0.0,0.0,0.0,0.0
120265.59,0.348118442916536,0.0,15592.0,37.0,0.26139999999824093,32.0,32.4375,36.870000000000005,0.0,0.0,0.0,0.0,0.0,20.0,0.3,0.1,0.2,0.1,0.4,0.1,0.1,0.1,0.5,0.0,65535.0,0.13423361562523842,0.0,65535.0,0.07324330510414283,0.0,0.0,0.0,0.0,0.0,0.0,0.0,0.0,0.0,0.0
120325.66,0.34624749333678484,0.0,15592.0,37.0,0.2363999999982344,32.0,32.5,36.97000000000003,0.0,0.0,0.0,0.0,0.0,20.0,0.3,0.1,0.2,0.1,0.4,0.1,0.1,0.1,0.5,0.0,65535.0,0.1342946517128252,0.0,65535.0,0.073334859235523,0.0,0.0,0.0,0.0,0.0,0.0,0.0,0.0,0.0,0.0
120385.74,0.3540573374430904,0.0,15592.0,37.0,0.2654999999982347,32.0,32.5,36.85000000000002,0.0,0.0,0.0,0.0,0.0,20.0,0.3,0.1,0.2,0.1,0.4,0.1,0.1,0.1,0.5,0.0,65535.0,0.13455405508506904,0.0,65535.0,0.07350270847638667,0.0,0.0,0.0,0.0,0.0,0.0,0.0,0.0,0.0,0.0
120445.82,0.35430745909761496,0.0,15592.0,37.0,0.2412499999982283,31.9375,32.4375,36.73000000000002,0.0,0.0,0.0,0.0,0.0,20.0,0.3,0.1,0.2,0.1,0.4,0.1,0.1,0.1,0.5,0.0,65535.0,0.13438620584420538,0.0,65535.0,0.07354848554207676,0.0,0.0,0.0,0.0,0.0,0.0,0.0,0.0,0.0,0.0
120505.89,0.3529552410317857,0.0,15592.0,37.0,0.2338499999982316,31.9375,32.4375,36.77000000000004,0.0,0.0,0.0,0.0,0.0,20.0,0.3,0.1,0.2,0.1,0.4,0.1,0.1,0.1,0.5,0.0,65535.0,0.1343251697566186,0.0,65535.0,0.07318226901655604,0.0,0.0,0.0,0.0,0.0,0.0,0.0,0.0,0.0,0.0
120565.96,0.35831586407329097,0.0,15592.0,37.0,0.25894999999822643,31.9375,32.5,36.97000000000003,0.0,0.0,0.0,0.0,0.0,20.0,0.3,0.1,0.2,0.1,0.4,0.1,0.1,0.1,0.5,0.0,65535.0,0.134355687800412,0.0,65535.0,0.0733806363012131,0.0,0.0,0.0,0.0,0.0,0.0,0.0,0.0,0.0,0.0
120625.99,0.3639261500081902,0.0,15592.0,37.0,0.22954999999822387,31.9375,32.4375,37.01000000000005,0.0,0.0,0.0,0.0,0.0,20.0,0.3,0.1,0.2,0.1,0.4,0.1,0.1,0.1,0.5,0.0,65535.0,0.13395895323109788,0.0,65535.0,0.0729533836881056,0.0,0.0,0.0,0.0,0.0,0.0,0.0,0.0,0.0,0.0
120686.04,0.370962956815548,0.0,15592.0,37.0,0.2171499999982326,31.9375,32.4375,36.85000000000002,0.0,0.0,0.0,0.0,0.0,20.0,0.3,0.1,0.2,0.1,0.4,0.1,0.1,0.1,0.5,0.0,65535.0,0.1343404287785153,0.0,65535.0,0.07309071488517586,0.0,0.0,0.0,0.0,0.0,0.0,0.0,0.0,0.0,0.0
120746.08,0.355333678653899,0.0,15592.0,37.0,0.21884999999822677,31.875,32.4375,36.93000000000001,0.0,0.0,0.0,0.0,0.0,20.0,0.3,0.1,0.2,0.1,0.4,0.1,0.1,0.1,0.5,0.0,65535.0,0.1342946517128252,0.0,65535.0,0.0729228656443122,0.0,0.0,0.0,0.0,0.0,0.0,0.0,0.0,0.0,0.0
120806.12,0.36073274590303206,0.0,15592.0,37.0,0.23384999999822648,31.9375,32.5,36.950000000000045,0.0,0.0,0.0,0.0,0.0,20.0,0.3,0.1,0.2,0.1,0.4,0.1,0.1,0.1,0.5,0.0,65535.0,0.13444724193179217,0.0,65535.0,0.07324330510414283,0.0,0.0,0.0,0.0,0.0,0.0,0.0,0.0,0.0,0.0
120866.17,0.35739596902207876,0.0,15592.0,37.0,0.21144999999823008,31.9375,32.5,36.610000000000014,0.0,0.0,0.0,0.0,0.0,20.0,0.3,0.1,0.2,0.1,0.4,0.1,0.1,0.1,0.5,0.0,65535.0,0.1347676813916228,0.0,65535.0,0.0737773708705272,0.0,0.0,0.0,0.0,0.0,0.0,0.0,0.0,0.0,0.0
120926.21,0.3598426696270386,0.0,15592.0,37.0,0.23234999999822528,31.875,32.4375,36.650000000000034,0.0,0.0,0.0,0.0,0.0,20.0,0.3,0.1,0.2,0.1,0.4,0.1,0.1,0.1,0.5,0.0,65535.0,0.13461509117265583,0.0,65535.0,0.07364003967345693,0.0,0.0,0.0,0.0,0.0,0.0,0.0,0.0,0.0,0.0
120986.26,0.36339788894113106,0.0,15592.0,37.0,0.2653499999982254,31.875,32.4375,36.710000000000036,0.0,0.0,0.0,0.0,0.0,20.0,0.3,0.1,0.2,0.1,0.4,0.1,0.1,0.1,0.5,0.0,65535.0,0.13458457312886243,0.0,65535.0,0.07302967879758908,0.0,0.0,0.0,0.0,0.0,0.0,0.0,0.0,0.0,0.0
121046.3,0.3663776937950892,0.0,15592.0,37.0,0.20184999999822714,31.9375,32.5,36.950000000000045,0.0,0.0,0.0,0.0,0.0,20.0,0.3,0.1,0.2,0.1,0.4,0.1,0.1,0.1,0.5,0.0,65535.0,0.13485923552300297,0.0,65535.0,0.07299916075379569,0.0,0.0,0.0,0.0,0.0,0.0,0.0,0.0,0.0,0.0
121106.37,0.36873037548838894,0.0,15592.0,37.0,0.2271499999982175,31.9375,32.4375,36.89000000000004,0.0,0.0,0.0,0.0,0.0,20.0,0.3,0.1,0.2,0.1,0.4,0.1,0.1,0.1,0.5,0.0,65535.0,0.13459983215075913,0.0,65535.0,0.07341115434500649,0.0,0.0,0.0,0.0,0.0,0.0,0.0,0.0,0.0,0.0
121166.43,0.33809425717027897,0.0,15592.0,37.0,0.269849999998223,31.875,32.5,36.650000000000034,0.0,0.0,0.0,0.0,0.0,20.0,0.3,0.1,0.2,0.1,0.4,0.1,0.1,0.1,0.5,0.0,65535.0,0.13464560921644922,0.0,65535.0,0.07324330510414283,0.0,0.0,0.0,0.0,0.0,0.0,0.0,0.0,0.0,0.0
121226.49,0.30413102962365846,0.0,15592.0,37.0,0.24514999999821618,31.9375,32.4375,36.85000000000002,0.0,0.0,0.0,0.0,0.0,20.0,0.3,0.1,0.2,0.1,0.4,0.1,0.1,0.1,0.5,0.0,65535.0,0.13498130769817654,0.0,65535.0,0.07353322652018006,0.0,0.0,0.0,0.0,0.0,0.0,0.0,0.0,0.0,0.0
121286.57,0.28969505095087733,0.0,15592.0,37.0,0.18444999999822279,31.875,32.4375,36.85000000000002,0.0,0.0,0.0,0.0,0.0,20.0,0.3,0.1,0.2,0.1,0.4,0.1,0.1,0.1,0.5,0.0,65535.0,0.13495078965438315,0.0,65535.0,0.07356374456397345,0.0,0.0,0.0,0.0,0.0,0.0,0.0,0.0,0.0,0.0
121346.61,0.30558259772809593,0.0,15592.0,37.0,0.2471499999982243,31.8125,32.5,36.870000000000005,0.0,0.0,0.0,0.0,0.0,20.0,0.3,0.1,0.2,0.1,0.4,0.1,0.1,0.1,0.5,0.0,65535.0,0.1351186388952468,0.0,65535.0,0.07347219043259327,0.0,0.0,0.0,0.0,0.0,0.0,0.0,0.0,0.0,0.0
121406.69,0.2872657189996567,0.0,15592.0,37.0,0.2368499999982186,31.9375,32.4375,36.93000000000001,0.0,0.0,0.0,0.0,0.0,20.0,0.3,0.1,0.2,0.1,0.4,0.1,0.1,0.1,0.5,0.0,65535.0,0.13493553063248645,0.0,65535.0,0.07348744945448997,0.0,0.0,0.0,0.0,0.0,0.0,0.0,0.0,0.0,0.0
121466.73,0.2846880681314353,0.0,15592.0,37.0,0.24304999999821295,31.875,32.4375,36.79000000000002,0.0,0.0,0.0,0.0,0.0,20.0,0.3,0.1,0.2,0.1,0.4,0.1,0.1,0.1,0.5,0.0,65535.0,0.13534752422369725,0.0,65535.0,0.07353322652018006,0.0,0.0,0.0,0.0,0.0,0.0,0.0,0.0,0.0,0.0
121526.81,0.3800148727327258,0.0,15592.0,37.0,0.24454999999821156,31.875,32.5,36.89000000000004,0.0,0.0,0.0,0.0,0.0,20.0,0.3,0.1,0.2,0.1,0.4,0.1,0.1,0.1,0.5,0.0,65535.0,0.13540856031128404,0.0,65535.0,0.07341115434500649,0.0,0.0,0.0,0.0,0.0,0.0,0.0,0.0,0.0,0.0
121586.84,0.37610218677762847,0.0,15592.0,37.0,0.24394999999821038,31.9375,32.4375,36.89000000000004,0.0,0.0,0.0,0.0,0.0,20.0,0.3,0.1,0.2,0.1,0.4,0.1,0.1,0.1,0.5,0.0,65535.0,0.13524071107042038,0.0,65535.0,0.07365529869535363,0.0,0.0,0.0,0.0,0.0,0.0,0.0,0.0,0.0,0.0
121646.88,0.33852456654385055,0.0,15592.0,37.0,0.22094999999821366,31.875,32.4375,36.85000000000002,0.0,0.0,0.0,0.0,0.0,20.0,0.3,0.1,0.2,0.1,0.4,0.1,0.1,0.1,0.5,0.0,65535.0,0.13540856031128404,0.0,65535.0,0.073334859235523,0.0,0.0,0.0,0.0,0.0,0.0,0.0,0.0,0.0,0.0
121706.93,0.33693955425974315,0.0,15592.0,37.0,0.24744999999821882,31.8125,32.5,36.89000000000004,0.0,0.0,0.0,0.0,0.0,20.0,0.3,0.1,0.2,0.1,0.4,0.1,0.1,0.1,0.5,0.0,65535.0,0.13521019302662698,0.0,65535.0,0.07322804608224613,0.0,0.0,0.0,0.0,0.0,0.0,0.0,0.0,0.0,0.0
121766.97,0.3314339156591963,0.0,15592.0,37.0,0.2692499999982141,31.8125,32.4375,37.01000000000005,0.0,0.0,0.0,0.0,0.0,20.0,0.3,0.1,0.2,0.1,0.4,0.1,0.1,0.1,0.5,0.0,65535.0,0.13501182574196993,0.0,65535.0,0.07345693141069658,0.0,0.0,0.0,0.0,0.0,0.0,0.0,0.0,0.0,0.0
121827.02,0.3288590580599411,0.0,15592.0,37.0,0.26134999999820785,31.875,32.5,36.93000000000001,0.0,0.0,0.0,0.0,0.0,20.0,0.3,0.1,0.2,0.1,0.4,0.1,0.1,0.1,0.5,0.0,65535.0,0.13498130769817654,0.0,65535.0,0.07325856412603952,0.0,0.0,0.0,0.0,0.0,0.0,0.0,0.0,0.0,0.0
121887.06,0.3179740062476897,0.0,15592.0,37.0,0.27284999999821247,31.875,32.4375,36.57000000000005,0.0,0.0,0.0,0.0,0.0,20.0,0.3,0.1,0.2,0.1,0.4,0.1,0.1,0.1,0.5,0.0,65535.0,0.1351644159609369,0.0,65535.0,0.07331960021362631,0.0,0.0,0.0,0.0,0.0,0.0,0.0,0.0,0.0,0.0
121947.13,0.28588555384110054,0.0,15592.0,37.0,0.2490499999982057,32.0,32.4375,36.950000000000045,0.0,0.0,0.0,0.0,0.0,20.0,0.3,0.1,0.2,0.1,0.4,0.1,0.1,0.1,0.5,0.0,65535.0,0.13543907835507743,0.0,65535.0,0.07324330510414283,0.0,0.0,0.0,0.0,0.0,0.0,0.0,0.0,0.0,0.0
122007.16,0.31297033195305873,0.0,15592.0,37.0,0.20404999999820314,32.0,32.4375,37.190000000000055,0.0,0.0,0.0,0.0,0.0,20.0,0.3,0.1,0.2,0.1,0.4,0.1,0.1,0.1,0.5,0.0,65535.0,0.13522545204852368,0.0,65535.0,0.07341115434500649,0.0,0.0,0.0,0.0,0.0,0.0,0.0,0.0,0.0,0.0
122067.24,0.3070111546164858,0.0,15592.0,37.0,0.22604999999820813,32.0,32.4375,36.85000000000002,0.0,0.0,0.0,0.0,0.0,20.0,0.3,0.1,0.2,0.1,0.4,0.1,0.1,0.1,0.5,0.0,65535.0,0.13521019302662698,0.0,65535.0,0.0733653772793164,0.0,0.0,0.0,0.0,0.0,0.0,0.0,0.0,0.0,0.0
122127.32,0.3537098125989559,0.0,15592.0,37.0,0.2642499999982134,31.9375,32.4375,36.85000000000002,0.0,0.0,0.0,0.0,0.0,20.0,0.3,0.1,0.2,0.1,0.4,0.1,0.1,0.1,0.5,0.0,65535.0,0.13542381933318073,0.0,65535.0,0.07359426260776684,0.0,0.0,0.0,0.0,0.0,0.0,0.0,0.0,0.0,0.0
122187.36,0.34856637757931697,0.0,15592.0,37.0,0.22834999999820177,31.9375,32.4375,37.09000000000003,0.0,0.0,0.0,0.0,0.0,20.0,0.3,0.1,0.2,0.1,0.4,0.1,0.1,0.1,0.5,0.0,65535.0,0.13533226520180056,0.0,65535.0,0.07360952162966354,0.0,0.0,0.0,0.0,0.0,0.0,0.0,0.0,0.0,0.0
122247.44,0.35864096339298224,0.0,15592.0,37.0,0.23954999999820578,31.9375,32.5,36.73000000000002,0.0,0.0,0.0,0.0,0.0,20.0,0.3,0.1,0.2,0.1,0.4,0.1,0.1,0.1,0.5,0.0,65535.0,0.13537804226749064,0.0,65535.0,0.07331960021362631,0.0,0.0,0.0,0.0,0.0,0.0,0.0,0.0,0.0,0.0
122307.52,0.3583855363430901,0.0,15592.0,37.0,0.2469499999981999,31.9375,32.4375,36.77000000000004,0.0,0.0,0.0,0.0,0.0,20.0,0.3,0.1,0.2,0.1,0.4,0.1,0.1,0.1,0.5,0.0,65535.0,0.13545433737697413,0.0,65535.0,0.07356374456397345,0.0,0.0,0.0,0.0,0.0,0.0,0.0,0.0,0.0,0.0
122367.56,0.3808974779613842,0.0,15592.0,37.0,0.22394999999820317,31.9375,32.4375,36.85000000000002,0.0,0.0,0.0,0.0,0.0,20.0,0.3,0.1,0.2,0.1,0.4,0.1,0.1,0.1,0.5,0.0,65535.0,0.13579003585870145,0.0,65535.0,0.07399099717708095,0.0,0.0,0.0,0.0,0.0,0.0,0.0,0.0,0.0,0.0
122427.62,0.43693093898854535,0.0,15592.0,37.0,0.2622499999981984,31.9375,32.4375,36.81,0.0,0.0,0.0,0.0,0.0,20.0,0.3,0.1,0.2,0.1,0.4,0.1,0.1,0.1,0.5,0.0,65535.0,0.13550011444266422,0.0,65535.0,0.07353322652018006,0.0,0.0,0.0,0.0,0.0,0.0,0.0,0.0,0.0,0.0
122487.66,0.4105329680072124,0.0,15592.0,37.0,0.21044999999820035,31.9375,32.4375,36.870000000000005,0.0,0.0,0.0,0.0,0.0,20.0,0.3,0.1,0.2,0.1,0.4,0.1,0.1,0.1,0.5,0.0,65535.0,0.13543907835507743,0.0,65535.0,0.07364003967345693,0.0,0.0,0.0,0.0,0.0,0.0,0.0,0.0,0.0,0.0
122547.71,0.38994766810996484,0.0,15592.0,37.0,0.20424999999820428,31.875,32.4375,36.79000000000002,0.0,0.0,0.0,0.0,0.0,20.0,0.3,0.1,0.2,0.1,0.4,0.1,0.1,0.1,0.5,0.0,65535.0,0.13563744563973448,0.0,65535.0,0.07342641336690318,0.0,0.0,0.0,0.0,0.0,0.0,0.0,0.0,0.0,0.0
122607.75,0.3702733085065878,0.0,15592.0,37.0,0.2678499999982058,31.875,32.5,36.81,0.0,0.0043,0.25,0.0,0.0,20.0,0.3,0.1,0.2,0.1,0.4,0.1,0.1,0.1,0.5,0.0,65535.0,0.13585107194628823,0.0,65535.0,0.0741741054398413,0.0,0.0,0.0,0.0,0.0,0.0,0.0,0.0,0.0,0.0
122667.8,0.42380271703841177,0.0,15592.0,37.0,0.3796999999981996,31.875,32.4375,36.47000000000003,0.0,0.0,0.0,0.0,0.0,20.0,0.3,0.1,0.2,0.1,0.4,0.1,0.1,0.1,0.5,0.0,65535.0,0.13289082169832914,0.0,65535.0,0.07234302281223774,0.0,0.0,0.0,0.0,0.0,0.0,0.0,0.0,0.0,0.0
122727.84,0.42341123974059025,0.0,15592.0,37.0,0.28164999999820517,31.875,32.4375,36.97000000000003,0.0,0.0,0.0,0.0,0.0,20.0,0.3,0.1,0.2,0.1,0.4,0.1,0.1,0.1,0.5,0.0,65535.0,0.13296711680781262,0.0,65535.0,0.0720683604180972,0.0,0.0,0.0,0.0,0.0,0.0,0.0,0.0,0.0,0.0
122787.87,0.41577635482907827,0.0,15592.0,37.0,0.23574999999820262,31.9375,32.4375,36.81,0.0,0.0,0.0,0.0,0.0,20.0,0.3,0.1,0.2,0.1,0.4,0.1,0.1,0.1,0.5,0.0,65535.0,0.13290608072022583,0.0,65535.0,0.0720683604180972,0.0,0.0,0.0,0.0,0.0,0.0,0.0,0.0,0.0,0.0
122847.97,0.4111806733428055,0.0,15592.0,37.0,0.2798499999982034,31.9375,32.5,36.93000000000001,0.0,0.0,0.0,0.0,0.0,20.0,0.3,0.1,0.2,0.1,0.4,0.1,0.1,0.1,0.5,0.0,65535.0,0.1326314183260853,0.0,65535.0,0.07219043259327076,0.0,0.0,0.0,0.0,0.0,0.0,0.0,0.0,0.0,0.0
122908.03,0.4135884027351305,0.0,15592.0,37.0,0.2156499999982007,31.9375,32.4375,36.870000000000005,0.0,0.0,0.0,0.0,0.0,20.0,0.3,0.1,0.2,0.1,0.4,0.1,0.1,0.1,0.5,0.0,65535.0,0.13289082169832914,0.0,65535.0,0.07190051117723353,0.0,0.0,0.0,0.0,0.0,0.0,0.0,0.0,0.0,0.0
122968.1,0.39546671757558394,0.0,15592.0,37.0,0.25684999999819164,31.875,32.4375,36.81,0.0,0.0,0.0,0.0,0.0,20.0,0.3,0.1,0.2,0.1,0.4,0.1,0.1,0.1,0.5,0.0,65535.0,0.132646677347982,0.0,65535.0,0.07211413748378728,0.0,0.0,0.0,0.0,0.0,0.0,0.0,0.0,0.0,0.0
123028.16,0.3676134019832494,0.0,15592.0,37.0,0.2544499999981904,31.9375,32.5,36.89000000000004,0.0,0.0,0.0,0.0,0.0,20.0,0.3,0.1,0.2,0.1,0.4,0.1,0.1,0.1,0.5,0.0,65535.0,0.13327229724574655,0.0,65535.0,0.07241931792172122,0.0,0.0,0.0,0.0,0.0,0.0,0.0,0.0,0.0,0.0
123088.23,0.3866209316892576,0.0,15592.0,37.0,0.25234999999818886,31.9375,32.5,36.89000000000004,0.0,0.0,0.0,0.0,0.0,20.0,0.3,0.1,0.2,0.1,0.4,0.1,0.1,0.1,0.5,0.0,65535.0,0.13310444800488289,0.0,65535.0,0.07217517357137407,0.0,0.0,0.0,0.0,0.0,0.0,0.0,0.0,0.0,0.0
123148.27,0.3754512780291439,0.0,15592.0,37.0,0.252349999998188,32.0,32.5,36.950000000000045,0.0,0.0,0.0,0.0,0.0,20.0,0.3,0.1,0.2,0.1,0.4,0.1,0.1,0.1,0.5,0.0,65535.0,0.13282978561074235,0.0,65535.0,0.07209887846189059,0.0,0.0,0.0,0.0,0.0,0.0,0.0,0.0,0.0,0.0
123208.31,0.3895791241029958,0.0,15592.0,37.0,0.2494499999981915,31.9375,32.4375,36.93000000000001,0.0,0.0,0.0,0.0,0.0,20.0,0.3,0.1,0.2,0.1,0.4,0.1,0.1,0.1,0.5,0.0,65535.0,0.13292133974212253,0.0,65535.0,0.07194628824292362,0.0,0.0,0.0,0.0,0.0,0.0,0.0,0.0,0.0,0.0
123268.38,0.3731426842613291,0.0,15592.0,37.0,0.21764999999818943,32.0,32.4375,37.13000000000005,0.0,0.0,0.0,0.0,0.0,20.0,0.3,0.1,0.2,0.1,0.4,0.1,0.1,0.1,0.5,0.0,65535.0,0.13319600213626306,0.0,65535.0,0.07180895704585336,0.0,0.0,0.0,0.0,0.0,0.0,0.0,0.0,0.0,0.0
123328.46,0.3799963582078821,0.0,15592.0,37.0,0.23554999999818396,31.9375,32.5,36.93000000000001,0.0,0.0,0.0,0.0,0.0,20.0,0.3,0.1,0.2,0.1,0.4,0.1,0.1,0.1,0.5,0.0,65535.0,0.13316548409246967,0.0,65535.0,0.07228198672465096,0.0,0.0,0.0,0.0,0.0,0.0,0.0,0.0,0.0,0.0
123388.49,0.38443112005592894,0.0,15592.0,37.0,0.2293499999981879,31.9375,32.4375,36.950000000000045,0.0,0.0,0.0,0.0,0.0,20.0,0.3,0.1,0.2,0.1,0.4,0.1,0.1,0.1,0.5,0.0,65535.0,0.13282978561074235,0.0,65535.0,0.07191577019913023,0.0,0.0,0.0,0.0,0.0,0.0,0.0,0.0,0.0,0.0
123448.53,0.38292245972365657,0.0,15592.0,37.0,0.29644999999818455,32.0,32.4375,36.650000000000034,0.0,0.0,0.0,0.0,0.0,20.0,0.3,0.1,0.2,0.1,0.4,0.1,0.1,0.1,0.5,0.0,65535.0,0.13328755626764324,0.0,65535.0,0.0720378423743038,0.0,0.0,0.0,0.0,0.0,0.0,0.0,0.0,0.0,0.0
123508.6,0.3406832559823831,0.0,15592.0,37.0,0.266149999998182,32.0,32.4375,36.85000000000002,0.0,0.0,0.0,0.0,0.0,20.0,0.3,0.1,0.2,0.1,0.4,0.1,0.1,0.1,0.5,0.0,65535.0,0.13330281528953994,0.0,65535.0,0.07220569161516746,0.0,0.0,0.0,0.0,0.0,0.0,0.0,0.0,0.0,0.0
123568.66,0.3383748373846023,0.0,15592.0,37.0,0.23114999999818453,32.0,32.4375,36.85000000000002,0.0,0.0,0.0,0.0,0.0,20.0,0.3,0.1,0.2,0.1,0.4,0.1,0.1,0.1,0.5,0.0,65535.0,0.13310444800488289,0.0,65535.0,0.07220569161516746,0.0,0.0,0.0,0.0,0.0,0.0,0.0,0.0,0.0,0.0
123628.72,0.34151571279071935,0.0,15592.0,37.0,0.21344999999818298,32.0,32.4375,36.950000000000045,0.0,0.0,0.0,0.0,0.0,20.0,0.3,0.1,0.2,0.1,0.4,0.1,0.1,0.1,0.5,0.0,65535.0,0.13339436942092012,0.0,65535.0,0.07215991454947737,0.0,0.0,0.0,0.0,0.0,0.0,0.0,0.0,0.0,0.0
123688.79,0.39643444465775063,0.0,15592.0,37.0,0.22104999999818772,32.0,32.4375,36.79000000000002,0.0,0.0,0.0,0.0,0.0,20.0,0.3,0.1,0.2,0.1,0.4,0.1,0.1,0.1,0.5,0.0,65535.0,0.13327229724574655,0.0,65535.0,0.07197680628671702,0.0,0.0,0.0,0.0,0.0,0.0,0.0,0.0,0.0,0.0
123748.87,0.40168759977928004,0.0,15592.0,37.0,0.2631499999981787,31.9375,32.4375,36.690000000000055,0.0,0.0,0.0,0.0,0.0,20.0,0.3,0.1,0.2,0.1,0.4,0.1,0.1,0.1,0.5,0.0,65535.0,0.13327229724574655,0.0,65535.0,0.0720683604180972,0.0,0.0,0.0,0.0,0.0,0.0,0.0,0.0,0.0,0.0
123808.94,0.38091680727040045,0.0,15592.0,37.0,0.18514999999817433,31.9375,32.4375,37.01000000000005,0.0,0.0,0.0,0.0,0.0,20.0,0.3,0.1,0.2,0.1,0.4,0.1,0.1,0.1,0.5,0.0,65535.0,0.13293659876401923,0.0,65535.0,0.0720378423743038,0.0,0.0,0.0,0.0,0.0,0.0,0.0,0.0,0.0,0.0
123869.01,0.39704097946344147,0.0,15592.0,37.0,0.19774999999817366,31.875,32.4375,37.09000000000003,0.0,0.0,0.0,0.0,0.0,20.0,0.3,0.1,0.2,0.1,0.4,0.1,0.1,0.1,0.5,0.0,65535.0,0.1334706645304036,0.0,65535.0,0.07222095063706416,0.0,0.0,0.0,0.0,0.0,0.0,0.0,0.0,0.0,0.0
123929.08,0.3716426389423053,0.0,15592.0,37.0,0.24014999999817943,31.9375,32.4375,36.81,0.0,0.0,0.0,0.0,0.0,20.0,0.3,0.1,0.2,0.1,0.4,0.1,0.1,0.1,0.5,0.0,65535.0,0.13362325474937056,0.0,65535.0,0.07240405889982453,0.0,0.0,0.0,0.0,0.0,0.0,0.0,0.0,0.0,0.0
123989.16,0.4001924171359035,0.0,15592.0,37.0,0.2719499999981798,31.9375,32.4375,36.81,0.0,0.0,0.0,0.0,0.0,20.0,0.3,0.1,0.2,0.1,0.4,0.1,0.1,0.1,0.5,0.0,65535.0,0.13360799572747387,0.0,65535.0,0.07243457694361792,0.0,0.0,0.0,0.0,0.0,0.0,0.0,0.0,0.0,0.0
124049.23,0.3688828090152292,0.0,15592.0,37.0,0.22484999999817742,31.875,32.5,36.93000000000001,0.0,0.0,0.0,0.0,0.0,20.0,0.3,0.1,0.2,0.1,0.4,0.1,0.1,0.1,0.5,0.0,65535.0,0.13366903181506065,0.0,65535.0,0.0720378423743038,0.0,0.0,0.0,0.0,0.0,0.0,0.0,0.0,0.0,0.0
124109.3,0.3724945395571807,0.0,15592.0,37.0,0.24754999999817268,31.9375,32.375,36.870000000000005,0.0,0.0,0.0,0.0,0.0,20.0,0.3,0.1,0.2,0.1,0.4,0.1,0.1,0.1,0.5,0.0,65535.0,0.13373006790264744,0.0,65535.0,0.07229724574654765,0.0,0.0,0.0,0.0,0.0,0.0,0.0,0.0,0.0,0.0
124169.38,0.36396388384872025,0.0,15592.0,37.0,0.2440499999981767,31.9375,32.4375,36.89000000000004,0.0,0.0,0.0,0.0,0.0,20.0,0.3,0.1,0.2,0.1,0.4,0.1,0.1,0.1,0.5,0.0,65535.0,0.1339284351873045,0.0,65535.0,0.07219043259327076,0.0,0.0,0.0,0.0,0.0,0.0,0.0,0.0,0.0,0.0
124229.46,0.3717914271251437,0.0,15592.0,37.0,0.21434999999817442,31.9375,32.4375,37.03000000000003,0.0,0.0,0.0,0.0,0.0,20.0,0.3,0.1,0.2,0.1,0.4,0.1,0.1,0.1,0.5,0.0,65535.0,0.13363851377126726,0.0,65535.0,0.07228198672465096,0.0,0.0,0.0,0.0,0.0,0.0,0.0,0.0,0.0,0.0
124289.53,0.3634154785333077,0.0,15592.0,37.0,0.20844999999817806,31.9375,32.4375,36.97000000000003,0.0,0.0,0.0,0.0,0.0,20.0,0.3,0.1,0.2,0.1,0.4,0.1,0.1,0.1,0.5,0.0,65535.0,0.13357747768368047,0.0,65535.0,0.07200732433051041,0.0,0.0,0.0,0.0,0.0,0.0,0.0,0.0,0.0,0.0
124349.6,0.3726952036858683,0.0,15592.0,37.0,0.22784999999817293,31.9375,32.4375,36.93000000000001,0.0,0.0,0.0,0.0,0.0,20.0,0.3,0.1,0.2,0.1,0.4,0.1,0.1,0.1,0.5,0.0,65535.0,0.13362325474937056,0.0,65535.0,0.07215991454947737,0.0,0.0,0.0,0.0,0.0,0.0,0.0,0.0,0.0,0.0
124409.67,0.35480673731305934,0.0,15592.0,37.0,0.252549999998178,31.9375,32.4375,36.81,0.0,0.0,0.0,0.0,0.0,20.0,0.3,0.1,0.2,0.1,0.4,0.1,0.1,0.1,0.5,0.0,65535.0,0.1338673990997177,0.0,65535.0,0.07258716716258488,0.0,0.0,0.0,0.0,0.0,0.0,0.0,0.0,0.0,0.0
124469.75,0.35363169259189414,0.0,15592.0,37.0,0.23224999999816637,31.875,32.4375,36.89000000000004,0.0,0.0,0.0,0.0,0.0,20.0,0.3,0.1,0.2,0.1,0.4,0.1,0.1,0.1,0.5,0.0,65535.0,0.13379110399023422,0.0,65535.0,0.07211413748378728,0.0,0.0,0.0,0.0,0.0,0.0,0.0,0.0,0.0,0.0
124529.82,0.36058624389541144,0.0,15592.0,37.0,0.2260499999981703,31.9375,32.4375,36.870000000000005,0.0,0.0,0.0,0.0,0.0,20.0,0.3,0.1,0.2,0.1,0.4,0.1,0.1,0.1,0.5,0.0,65535.0,0.13380636301213092,0.0,65535.0,0.07238879987792783,0.0,0.0,0.0,0.0,0.0,0.0,0.0,0.0,0.0,0.0
124589.87,0.36419852955481613,0.0,15592.0,37.0,0.21044999999816855,32.0,32.4375,36.870000000000005,0.0,0.0,0.0,0.0,0.0,20.0,0.3,0.1,0.2,0.1,0.4,0.1,0.1,0.1,0.5,0.0,65535.0,0.1339436942092012,0.0,65535.0,0.07225146868085755,0.0,0.0,0.0,0.0,0.0,0.0,0.0,0.0,0.0,0.0
124649.95,0.3630715321111605,0.0,15592.0,37.0,0.22894999999816337,31.9375,32.4375,37.05000000000001,0.0,0.0,0.0,0.0,0.0,20.0,0.3,0.1,0.2,0.1,0.4,0.1,0.1,0.1,0.5,0.0,65535.0,0.13376058594644083,0.0,65535.0,0.07225146868085755,0.0,0.0,0.0,0.0,0.0,0.0,0.0,0.0,0.0,0.0
124709.99,0.41409857813577927,0.0,15592.0,37.0,0.2386499999981679,31.9375,32.4375,36.710000000000036,0.0,0.0,0.0,0.0,0.0,20.0,0.3,0.1,0.2,0.1,0.4,0.1,0.1,0.1,0.5,0.0,65535.0,0.13406576638437476,0.0,65535.0,0.07223620965896085,0.0,0.0,0.0,0.0,0.0,0.0,0.0,0.0,0.0,0.0
124770.06,0.39853385717773127,0.0,15592.0,37.0,0.22774999999816192,31.875,32.4375,36.93000000000001,0.0,0.0,0.0,0.0,0.0,20.0,0.3,0.1,0.2,0.1,0.4,0.1,0.1,0.1,0.5,0.0,65535.0,0.13373006790264744,0.0,65535.0,0.07248035400930801,0.0,0.0,0.0,0.0,0.0,0.0,0.0,0.0,0.0,0.0
124830.16,0.39884066729599865,0.0,15592.0,37.0,0.20214999999817013,31.9375,32.4375,36.710000000000036,0.0,0.0,0.0,0.0,0.0,20.0,0.3,0.1,0.2,0.1,0.4,0.1,0.1,0.1,0.5,0.0,65535.0,0.13443198290989547,0.0,65535.0,0.07240405889982453,0.0,0.0,0.0,0.0,0.0,0.0,0.0,0.0,0.0,0.0
124890.22,0.3926821013383706,0.0,15592.0,37.0,0.2586499999981614,31.9375,32.375,36.89000000000004,0.0,0.0,0.0,0.0,0.0,20.0,0.3,0.1,0.2,0.1,0.4,0.1,0.1,0.1,0.5,0.0,65535.0,0.13411154345006485,0.0,65535.0,0.07200732433051041,0.0,0.0,0.0,0.0,0.0,0.0,0.0,0.0,0.0,0.0
124950.3,0.3977067683874357,0.0,15592.0,37.0,0.23714999999816416,31.875,32.4375,36.79000000000002,0.0,0.0,0.0,0.0,0.0,20.0,0.3,0.1,0.2,0.1,0.4,0.1,0.1,0.1,0.5,0.0,65535.0,0.13401998931868467,0.0,65535.0,0.07232776379034105,0.0,0.0,0.0,0.0,0.0,0.0,0.0,0.0,0.0,0.0
125010.34,0.40398967822726206,0.0,15592.0,37.0,0.2836499999981653,31.875,32.4375,36.870000000000005,0.0,0.0,0.0,0.0,0.0,20.0,0.3,0.1,0.2,0.1,0.4,0.1,0.1,0.1,0.5,0.0,65535.0,0.1338673990997177,0.0,65535.0,0.07248035400930801,0.0,0.0,0.0,0.0,0.0,0.0,0.0,0.0,0.0,0.0
125070.39,0.3978704594991749,0.0,15592.0,37.0,0.2015499999981664,31.875,32.4375,36.81,0.0,0.0,0.0,0.0,0.0,20.0,0.3,0.1,0.2,0.1,0.4,0.1,0.1,0.1,0.5,0.0,65535.0,0.13446250095368886,0.0,65535.0,0.07186999313344014,0.0,0.0,0.0,0.0,0.0,0.0,0.0,0.0,0.0,0.0
125130.43,0.3968009248347789,0.0,15592.0,37.0,0.2556499999981581,31.875,32.4375,36.650000000000034,0.0,0.0,0.0,0.0,0.0,20.0,0.3,0.1,0.2,0.1,0.4,0.1,0.1,0.1,0.5,0.0,65535.0,0.13408102540627145,0.0,65535.0,0.07240405889982453,0.0,0.0,0.0,0.0,0.0,0.0,0.0,0.0,0.0,0.0
125190.48,0.38504368128319233,0.0,15592.0,37.0,0.1953499999981544,31.9375,32.4375,36.89000000000004,0.0,0.0,0.0,0.0,0.0,20.0,0.3,0.1,0.2,0.1,0.4,0.1,0.1,0.1,0.5,0.0,65535.0,0.13463035019455252,0.0,65535.0,0.07248035400930801,0.0,0.0,0.0,0.0,0.0,0.0,0.0,0.0,0.0,0.0
125250.54,0.38395325388240903,0.0,15592.0,37.0,0.22684999999815417,31.875,32.375,36.690000000000055,0.0,0.0,0.0,0.0,0.0,20.0,0.3,0.1,0.2,0.1,0.4,0.1,0.1,0.1,0.5,0.0,65535.0,0.13458457312886243,0.0,65535.0,0.07241931792172122,0.0,0.0,0.0,0.0,0.0,0.0,0.0,0.0,0.0,0.0
125310.58,0.3908795510879441,0.0,15592.0,37.0,0.21894999999816306,31.875,32.4375,36.870000000000005,0.0,0.0,0.0,0.0,0.0,20.0,0.3,0.1,0.2,0.1,0.4,0.1,0.1,0.1,0.5,0.0,65535.0,0.13408102540627145,0.0,65535.0,0.07226672770275426,0.0,0.0,0.0,0.0,0.0,0.0,0.0,0.0,0.0,0.0
125370.63,0.3701222610206057,0.0,15592.0,37.0,0.22064999999815724,31.875,32.375,37.01000000000005,0.0,0.0,0.0,0.0,0.0,20.0,0.3,0.1,0.2,0.1,0.4,0.1,0.1,0.1,0.5,0.0,65535.0,0.13459983215075913,0.0,65535.0,0.0725261310749981,0.0,0.0,0.0,0.0,0.0,0.0,0.0,0.0,0.0,0.0
125430.67,0.37354130366887545,0.0,15592.0,37.0,0.2465499999981621,31.8125,32.4375,36.710000000000036,0.0,0.0,0.0,0.0,0.0,20.0,0.3,0.1,0.2,0.1,0.4,0.1,0.1,0.1,0.5,0.0,65535.0,0.134706645304036,0.0,65535.0,0.0725108720531014,0.0,0.0,0.0,0.0,0.0,0.0,0.0,0.0,0.0,0.0
125490.74,0.38201223261045947,0.0,15592.0,37.0,0.24714999999816153,31.8125,32.375,36.89000000000004,0.0,0.0,0.0,0.0,0.0,20.0,0.3,0.1,0.2,0.1,0.4,0.1,0.1,0.1,0.5,0.0,65535.0,0.13446250095368886,0.0,65535.0,0.0725261310749981,0.0,0.0,0.0,0.0,0.0,0.0,0.0,0.0,0.0,0.0
125550.82,0.3803058437891052,0.0,15592.0,37.0,0.24804999999816071,31.875,32.375,36.81,0.0,0.0,0.0,0.0,0.0,20.0,0.3,0.1,0.2,0.1,0.4,0.1,0.1,0.1,0.5,0.0,65535.0,0.13479819943541618,0.0,65535.0,0.07278553444724194,0.0,0.0,0.0,0.0,0.0,0.0,0.0,0.0,0.0,0.0
125610.86,0.3660207423947561,0.0,15592.0,37.0,0.21954999999815908,31.8125,32.4375,36.93000000000001,0.0,0.0,0.0,0.0,0.0,20.0,0.3,0.1,0.2,0.1,0.4,0.1,0.1,0.1,0.5,0.0,65535.0,0.13412680247196154,0.0,65535.0,0.07283131151293203,0.0,0.0,0.0,0.0,0.0,0.0,0.0,0.0,0.0,0.0
125670.94,0.3691448379178293,0.0,15592.0,37.0,0.29254999999815123,31.875,32.375,36.79000000000002,0.0,0.0,0.0,0.0,0.0,20.0,0.3,0.1,0.2,0.1,0.4,0.1,0.1,0.1,0.5,0.0,65535.0,0.13466086823834592,0.0,65535.0,0.07220569161516746,0.0,0.0,0.0,0.0,0.0,0.0,0.0,0.0,0.0,0.0
125730.98,0.35781336336454683,0.0,15592.0,37.0,0.25524999999815845,31.875,32.375,36.97000000000003,0.0,0.0,0.0,0.0,0.0,20.0,0.3,0.1,0.2,0.1,0.4,0.1,0.1,0.1,0.5,0.0,65535.0,0.1342488746471351,0.0,65535.0,0.07234302281223774,0.0,0.0,0.0,0.0,0.0,0.0,0.0,0.0,0.0,0.0
125791.06,0.38109312123554195,0.0,15592.0,37.0,0.2228499999981569,31.875,32.4375,37.05000000000001,0.0,0.0,0.0,0.0,0.0,20.0,0.3,0.1,0.2,0.1,0.4,0.1,0.1,0.1,0.5,0.0,65535.0,0.13438620584420538,0.0,65535.0,0.07237354085603113,0.0,0.0,0.0,0.0,0.0,0.0,0.0,0.0,0.0,0.0
125851.14,0.3749959742910345,0.0,15592.0,37.0,0.27494999999815306,31.875,32.4375,36.870000000000005,0.0,0.0,0.0,0.0,0.0,20.0,0.3,0.1,0.2,0.1,0.4,0.1,0.1,0.1,0.5,0.0,65535.0,0.1347829404135195,0.0,65535.0,0.07222095063706416,0.0,0.0,0.0,0.0,0.0,0.0,0.0,0.0,0.0,0.0
125911.19,0.3839203588281543,0.0,15592.0,37.0,0.22344999999815554,31.9375,32.4375,36.93000000000001,0.0,0.0,0.0,0.0,0.0,20.0,0.3,0.1,0.2,0.1,0.4,0.1,0.1,0.1,0.5,0.0,65535.0,0.13453879606317234,0.0,65535.0,0.07185473411154344,0.0,0.0,0.0,0.0,0.0,0.0,0.0,0.0,0.0,0.0
125971.23,0.3914143362696385,0.0,15592.0,37.0,0.1883499999981539,31.9375,32.375,36.950000000000045,0.0,0.0,0.0,0.0,0.0,20.0,0.3,0.1,0.2,0.1,0.4,0.1,0.1,0.1,0.5,0.0,65535.0,0.13446250095368886,0.0,65535.0,0.07243457694361792,0.0,0.0,0.0,0.0,0.0,0.0,0.0,0.0,0.0,0.0
126031.28,0.39428117647935756,0.0,15592.0,37.0,0.2224499999981496,31.875,32.4375,36.950000000000045,0.0,0.0,0.0,0.0,0.0,20.0,0.3,0.1,0.2,0.1,0.4,0.1,0.1,0.1,0.5,0.0,65535.0,0.13482871747920958,0.0,65535.0,0.07280079346913863,0.0,0.0,0.0,0.0,0.0,0.0,0.0,0.0,0.0,0.0
126091.32,0.39160617495244576,0.0,15592.0,37.0,0.2648499999981554,31.9375,32.4375,36.79000000000002,0.0,0.0,0.0,0.0,0.0,20.0,0.3,0.1,0.2,0.1,0.4,0.1,0.1,0.1,0.5,0.0,65535.0,0.13479819943541618,0.0,65535.0,0.07248035400930801,0.0,0.0,0.0,0.0,0.0,0.0,0.0,0.0,0.0,0.0
126151.39,0.3573061029479222,0.0,15592.0,37.0,0.32374999999814696,31.875,32.4375,36.81,0.0,0.0,0.0,0.0,0.0,20.0,0.3,0.1,0.2,0.1,0.4,0.1,0.1,0.1,0.5,0.0,65535.0,0.13463035019455252,0.0,65535.0,0.07278553444724194,0.0,0.0,0.0,0.0,0.0,0.0,0.0,0.0,0.0,0.0
126211.45,0.3761525603546021,0.0,15592.0,37.0,0.22524999999815215,31.875,32.4375,36.870000000000005,0.0,0.0,0.0,0.0,0.0,20.0,0.3,0.1,0.2,0.1,0.4,0.1,0.1,0.1,0.5,0.0,65535.0,0.134355687800412,0.0,65535.0,0.07209887846189059,0.0,0.0,0.0,0.0,0.0,0.0,0.0,0.0,0.0,0.0
126271.52,0.3782705404290838,0.0,15592.0,37.0,0.24764999999814769,31.875,32.375,36.97000000000003,0.0,0.0,0.0,0.0,0.0,20.0,0.3,0.1,0.2,0.1,0.4,0.1,0.1,0.1,0.5,0.0,65535.0,0.13450827801937895,0.0,65535.0,0.07225146868085755,0.0,0.0,0.0,0.0,0.0,0.0,0.0,0.0,0.0,0.0
126331.58,0.37558639031312746,0.0,15592.0,37.0,0.2252499999981513,31.9375,32.4375,37.05000000000001,0.0,0.0,0.0,0.0,0.0,20.0,0.3,0.1,0.2,0.1,0.4,0.1,0.1,0.1,0.5,0.0,65535.0,0.13507286182955672,0.0,65535.0,0.07241931792172122,0.0,0.0,0.0,0.0,0.0,0.0,0.0,0.0,0.0,0.0
126391.65,0.37080742336182654,0.0,15592.0,37.0,0.17224999999813836,31.9375,32.4375,36.870000000000005,0.0,0.0,0.0,0.0,0.0,20.0,0.3,0.1,0.2,0.1,0.4,0.1,0.1,0.1,0.5,0.0,65535.0,0.13524071107042038,0.0,65535.0,0.0725108720531014,0.0,0.0,0.0,0.0,0.0,0.0,0.0,0.0,0.0,0.0
126451.73,0.3798050750894699,0.0,15592.0,37.0,0.2622499999981409,32.0,32.375,36.85000000000002,0.0,0.0,0.0,0.0,0.0,20.0,0.3,0.1,0.2,0.1,0.4,0.1,0.1,0.1,0.5,0.0,65535.0,0.13493553063248645,0.0,65535.0,0.0720683604180972,0.0,0.0,0.0,0.0,0.0,0.0,0.0,0.0,0.0,0.0
126511.78,0.377246704097682,0.0,15592.0,37.0,0.24664999999813916,31.9375,32.4375,36.85000000000002,0.0,0.0,0.0,0.0,0.0,20.0,0.3,0.1,0.2,0.1,0.4,0.1,0.1,0.1,0.5,0.0,65535.0,0.13496604867627984,0.0,65535.0,0.07248035400930801,0.0,0.0,0.0,0.0,0.0,0.0,0.0,0.0,0.0,0.0
126571.84,0.38017404404083743,0.0,15592.0,37.0,0.18454999999813537,31.9375,32.4375,36.81,0.0,0.0,0.0,0.0,0.0,20.0,0.3,0.1,0.2,0.1,0.4,0.1,0.1,0.1,0.5,0.0,65535.0,0.13482871747920958,0.0,65535.0,0.07299916075379569,0.0,0.0,0.0,0.0,0.0,0.0,0.0,0.0,0.0,0.0
126631.92,0.38142400695003825,0.0,15592.0,37.0,0.2419499999981417,31.9375,32.375,36.710000000000036,0.0,0.0,0.0,0.0,0.0,20.0,0.3,0.1,0.2,0.1,0.4,0.1,0.1,0.1,0.5,0.0,65535.0,0.1351186388952468,0.0,65535.0,0.0725108720531014,0.0,0.0,0.0,0.0,0.0,0.0,0.0,0.0,0.0,0.0
126691.97,0.38475347669154625,0.0,15592.0,37.0,0.25044999999814643,31.9375,32.375,36.81,0.0,0.0,0.0,0.0,0.0,20.0,0.3,0.1,0.2,0.1,0.4,0.1,0.1,0.1,0.5,0.0,65535.0,0.1351644159609369,0.0,65535.0,0.0725413900968948,0.0,0.0,0.0,0.0,0.0,0.0,0.0,0.0,0.0,0.0
126752.03,0.38421844971215,0.0,15592.0,37.0,0.2507499999981462,31.9375,32.4375,36.77000000000004,0.0,0.0,0.0,0.0,0.0,20.0,0.3,0.1,0.2,0.1,0.4,0.1,0.1,0.1,0.5,0.0,65535.0,0.1351644159609369,0.0,65535.0,0.0729228656443122,0.0,0.0,0.0,0.0,0.0,0.0,0.0,0.0,0.0,0.0
126812.1,0.3724978845630008,0.0,15592.0,37.0,0.3128499999981332,31.875,32.4375,36.97000000000003,0.0,0.0,0.0,0.0,0.0,20.0,0.3,0.1,0.2,0.1,0.4,0.1,0.1,0.1,0.5,0.0,65535.0,0.13546959639887082,0.0,65535.0,0.07270923933775846,0.0,0.0,0.0,0.0,0.0,0.0,0.0,0.0,0.0,0.0
126872.18,0.37028204657998093,0.0,15592.0,37.0,0.25584999999814495,31.9375,32.375,36.85000000000002,0.0,0.0,0.0,0.0,0.0,20.0,0.3,0.1,0.2,0.1,0.4,0.1,0.1,0.1,0.5,0.0,65535.0,0.13493553063248645,0.0,65535.0,0.0724956130312047,0.0,0.0,0.0,0.0,0.0,0.0,0.0,0.0,0.0,0.0
126932.24,0.39530747332770566,0.0,15592.0,37.0,0.1813499999981365,31.875,32.375,36.950000000000045,0.0,0.0,0.0,0.0,0.0,20.0,0.3,0.1,0.2,0.1,0.4,0.1,0.1,0.1,0.5,0.0,65535.0,0.13543907835507743,0.0,65535.0,0.07226672770275426,0.0,0.0,0.0,0.0,0.0,0.0,0.0,0.0,0.0,0.0
126992.28,0.35807686095181906,0.0,15592.0,37.0,0.24544999999813333,31.875,32.4375,36.77000000000004,0.0,0.0,0.0,0.0,0.0,20.0,0.3,0.1,0.2,0.1,0.4,0.1,0.1,0.1,0.5,0.0,65535.0,0.13563744563973448,0.0,65535.0,0.07272449835965515,0.0,0.0,0.0,0.0,0.0,0.0,0.0,0.0,0.0,0.0
127052.33,0.3461197353546132,0.0,15592.0,37.0,0.19954999999813072,31.9375,32.375,36.85000000000002,0.0,0.0,0.0,0.0,0.0,20.0,0.3,0.1,0.2,0.1,0.4,0.1,0.1,0.1,0.5,0.0,65535.0,0.13563744563973448,0.0,65535.0,0.0725108720531014,0.0,0.0,0.0,0.0,0.0,0.0,0.0,0.0,0.0,0.0
127112.4,0.3273020147422949,0.0,15592.0,37.0,0.24484999999813128,31.875,32.4375,36.89000000000004,0.0,0.0,0.0,0.0,0.0,20.0,0.3,0.1,0.2,0.1,0.4,0.1,0.1,0.1,0.5,0.0,65535.0,0.13524071107042038,0.0,65535.0,0.07263294422827497,0.0,0.0,0.0,0.0,0.0,0.0,0.0,0.0,0.0,0.0
127172.44,0.33649461517426704,0.0,15592.0,37.0,0.20514999999813896,31.875,32.4375,36.81,0.0,0.0,0.0,0.0,0.0,20.0,0.3,0.1,0.2,0.1,0.4,0.1,0.1,0.1,0.5,0.0,65535.0,0.1355916685740444,0.0,65535.0,0.07283131151293203,0.0,0.0,0.0,0.0,0.0,0.0,0.0,0.0,0.0,0.0
127232.47,0.32948588397689316,0.0,15592.0,37.0,0.22304999999813432,31.875,32.375,36.85000000000002,0.0,0.0,0.0,0.0,0.0,20.0,0.3,0.1,0.2,0.1,0.4,0.1,0.1,0.1,0.5,0.0,65535.0,0.13582055390249484,0.0,65535.0,0.07258716716258488,0.0,0.0,0.0,0.0,0.0,0.0,0.0,0.0,0.0,0.0
127292.51,0.34328718015346404,0.0,15592.0,37.0,0.24484999999812954,31.875,32.375,36.77000000000004,0.0,0.0,0.0,0.0,0.0,20.0,0.3,0.1,0.2,0.1,0.4,0.1,0.1,0.1,0.5,0.0,65535.0,0.1355153734645609,0.0,65535.0,0.07226672770275426,0.0,0.0,0.0,0.0,0.0,0.0,0.0,0.0,0.0,0.0
127352.59,0.3530166205718127,0.0,15592.0,37.0,0.20954999999813234,31.9375,32.4375,36.79000000000002,0.0,0.0,0.0,0.0,0.0,20.0,0.3,0.1,0.2,0.1,0.4,0.1,0.1,0.1,0.5,0.0,65535.0,0.13565270466163118,0.0,65535.0,0.07301441977569238,0.0,0.0,0.0,0.0,0.0,0.0,0.0,0.0,0.0,0.0
127412.67,0.3463249096702471,0.0,15592.0,37.0,0.22454999999813205,31.875,32.375,36.97000000000003,0.0,0.0,0.0,0.0,0.0,20.0,0.3,0.1,0.2,0.1,0.4,0.1,0.1,0.1,0.5,0.0,65535.0,0.13585107194628823,0.0,65535.0,0.07263294422827497,0.0,0.0,0.0,0.0,0.0,0.0,0.0,0.0,0.0,0.0
127472.74,0.35635433606024985,0.0,15592.0,37.0,0.2652499999981277,31.875,32.4375,36.85000000000002,0.0,0.0,0.0,0.0,0.0,20.0,0.3,0.1,0.2,0.1,0.4,0.1,0.1,0.1,0.5,0.0,65535.0,0.13548485542076752,0.0,65535.0,0.0725108720531014,0.0,0.0,0.0,0.0,0.0,0.0,0.0,0.0,0.0,0.0
127532.81,0.33881048266424507,0.0,15592.0,37.0,0.23554999999812545,31.9375,32.375,36.950000000000045,0.0,0.0,0.0,0.0,0.0,20.0,0.3,0.1,0.2,0.1,0.4,0.1,0.1,0.1,0.5,0.0,65535.0,0.13548485542076752,0.0,65535.0,0.07212939650568398,0.0,0.0,0.0,0.0,0.0,0.0,0.0,0.0,0.0,0.0
127592.89,0.3374086100126429,0.0,15592.0,37.0,0.23644999999812463,31.9375,32.4375,36.79000000000002,0.0,0.0,0.0,0.0,0.0,20.0,0.3,0.1,0.2,0.1,0.4,0.1,0.1,0.1,0.5,0.0,65535.0,0.13543907835507743,0.0,65535.0,0.07212939650568398,0.0,0.0,0.0,0.0,0.0,0.0,0.0,0.0,0.0,0.0
127652.95,0.32090634903535675,0.0,15592.0,37.0,0.16284999999813046,31.9375,32.4375,36.85000000000002,0.0,0.0,0.0,0.0,0.0,20.0,0.3,0.1,0.2,0.1,0.4,0.1,0.1,0.1,0.5,0.0,65535.0,0.13540856031128404,0.0,65535.0,0.07255664911879149,0.0,0.0,0.0,0.0,0.0,0.0,0.0,0.0,0.0,0.0
127713.04,0.33074767903790003,0.0,15592.0,37.0,0.22044999999813236,31.9375,32.375,36.93000000000001,0.0,0.0,0.0,0.0,0.0,20.0,0.3,0.1,0.2,0.1,0.4,0.1,0.1,0.1,0.5,0.0,65535.0,0.13591210803387502,0.0,65535.0,0.07237354085603113,0.0,0.0,0.0,0.0,0.0,0.0,0.0,0.0,0.0,0.0
127773.12,0.3287942091867626,0.0,15592.0,37.0,0.22784999999812733,31.9375,32.4375,36.85000000000002,0.0,0.0,0.0,0.0,0.0,20.0,0.3,0.1,0.2,0.1,0.4,0.1,0.1,0.1,0.5,0.0,65535.0,0.13572899977111466,0.0,65535.0,0.07255664911879149,0.0,0.0,0.0,0.0,0.0,0.0,0.0,0.0,0.0,0.0
127833.2,0.392430414649571,0.0,15592.0,37.0,0.26814999999813327,31.9375,32.4375,36.97000000000003,0.0,0.0,0.0,0.0,0.0,20.0,0.3,0.1,0.2,0.1,0.4,0.1,0.1,0.1,0.5,0.0,65535.0,0.13579003585870145,0.0,65535.0,0.07264820325017167,0.0,0.0,0.0,0.0,0.0,0.0,0.0,0.0,0.0,0.0
127893.25,0.40271259751883115,0.0,15592.0,37.0,0.23054999999812656,32.0,32.375,36.870000000000005,0.0,0.0,0.0,0.0,0.0,20.0,0.3,0.1,0.2,0.1,0.4,0.1,0.1,0.1,0.5,0.0,65535.0,0.13582055390249484,0.0,65535.0,0.07231250476844435,0.0,0.0,0.0,0.0,0.0,0.0,0.0,0.0,0.0,0.0
127953.29,0.3955173198389682,0.0,15592.0,37.0,0.23224999999812077,31.9375,32.4375,36.97000000000003,0.0,0.0,0.0,0.0,0.0,20.0,0.3,0.1,0.2,0.1,0.4,0.1,0.1,0.1,0.5,0.0,65535.0,0.13592736705577171,0.0,65535.0,0.07278553444724194,0.0,0.0,0.0,0.0,0.0,0.0,0.0,0.0,0.0,0.0
128013.34,0.40779121897844567,0.0,15592.0,37.0,0.20064999999812846,31.9375,32.4375,36.85000000000002,0.0,0.0,0.0,0.0,0.0,20.0,0.3,0.1,0.2,0.1,0.4,0.1,0.1,0.1,0.5,0.0,65535.0,0.13615625238422216,0.0,65535.0,0.07260242618448158,0.0,0.0,0.0,0.0,0.0,0.0,0.0,0.0,0.0,0.0
128073.38,0.3940411008965523,0.0,15592.0,37.0,0.25974999999812987,31.875,32.375,36.79000000000002,0.0,0.0,0.0,0.0,0.0,20.0,0.3,0.1,0.2,0.1,0.4,0.1,0.1,0.1,0.5,0.0,65535.0,0.13618677042801555,0.0,65535.0,0.0725108720531014,0.0,0.0,0.0,0.0,0.0,0.0,0.0,0.0,0.0,0.0
128133.43,0.41038133927013465,0.0,15592.0,37.0,0.23624999999812363,31.875,32.375,36.97000000000003,0.0,0.0,0.0,0.0,0.0,20.0,0.3,0.1,0.2,0.1,0.4,0.1,0.1,0.1,0.5,0.0,65535.0,0.13632410162508582,0.0,65535.0,0.07281605249103533,0.0,0.0,0.0,0.0,0.0,0.0,0.0,0.0,0.0,0.0
128193.47,0.40059128460641663,0.0,15592.0,37.0,0.23834999999812256,31.875,32.4375,36.85000000000002,0.0,0.0,0.0,0.0,0.0,20.0,0.3,0.1,0.2,0.1,0.4,0.1,0.1,0.1,0.5,0.0,65535.0,0.13653772793163957,0.0,65535.0,0.0729686427100023,0.0,0.0,0.0,0.0,0.0,0.0,0.0,0.0,0.0,0.0
128253.55,0.4108658358218238,0.0,15592.0,37.0,0.22864999999811633,31.8125,32.375,36.85000000000002,0.0,0.0,0.0,0.0,0.0,20.0,0.3,0.1,0.2,0.1,0.4,0.1,0.1,0.1,0.5,0.0,65535.0,0.13655298695353627,0.0,65535.0,0.07269398031586176,0.0,0.0,0.0,0.0,0.0,0.0,0.0,0.0,0.0,0.0
128313.63,0.39909702246427714,0.0,15592.0,37.0,0.2095499999981195,31.9375,32.4375,36.870000000000005,0.0,0.0,0.0,0.0,0.0,20.0,0.3,0.1,0.2,0.1,0.4,0.1,0.1,0.1,0.5,0.0,65535.0,0.1364614328221561,0.0,65535.0,0.07273975738155185,0.0,0.0,0.0,0.0,0.0,0.0,0.0,0.0,0.0,0.0
128373.68,0.3350343239036411,0.0,15592.0,37.0,0.2404499999981198,31.9375,32.375,36.77000000000004,0.0,0.0,0.0,0.0,0.0,20.0,0.3,0.1,0.2,0.1,0.4,0.1,0.1,0.1,0.5,0.0,65535.0,0.13621728847180894,0.0,65535.0,0.07261768520637828,0.0,0.0,0.0,0.0,0.0,0.0,0.0,0.0,0.0,0.0
128433.73,0.3450819782657398,0.0,15592.0,37.0,0.22984999999811354,31.875,32.375,36.73000000000002,0.0,0.0,0.0,0.0,0.0,20.0,0.3,0.1,0.2,0.1,0.4,0.1,0.1,0.1,0.5,0.0,65535.0,0.13676661326009004,0.0,65535.0,0.07312123292896926,0.0,0.0,0.0,0.0,0.0,0.0,0.0,0.0,0.0,0.0
128493.77,0.3387610430703109,0.0,15592.0,37.0,0.20194999999811133,31.875,32.4375,36.73000000000002,0.0,0.0,0.0,0.0,0.0,20.0,0.3,0.1,0.2,0.1,0.4,0.1,0.1,0.1,0.5,0.0,65535.0,0.13630884260318912,0.0,65535.0,0.07255664911879149,0.0,0.0,0.0,0.0,0.0,0.0,0.0,0.0,0.0,0.0
128553.84,0.34671960973736493,0.0,15592.0,37.0,0.26284999999811276,31.8125,32.375,36.81,0.0,0.0,0.0,0.0,0.0,20.0,0.3,0.1,0.2,0.1,0.4,0.1,0.1,0.1,0.5,0.0,65535.0,0.1364003967345693,0.0,65535.0,0.0724956130312047,0.0,0.0,0.0,0.0,0.0,0.0,0.0,0.0,0.0,0.0
128613.9,0.4031082057729105,0.0,15592.0,37.0,0.24524999999811628,31.9375,32.375,36.85000000000002,0.0,0.0,0.0,0.0,0.0,20.0,0.3,0.1,0.2,0.1,0.4,0.1,0.1,0.1,0.5,0.0,65535.0,0.13650720988784618,0.0,65535.0,0.07290760662241551,0.0,0.0,0.0,0.0,0.0,0.0,0.0,0.0,0.0,0.0
128673.98,0.4080164183649709,0.0,15592.0,37.0,0.207249999998119,31.9375,32.4375,36.870000000000005,0.0,0.0,0.0,0.0,0.0,20.0,0.3,0.1,0.2,0.1,0.4,0.1,0.1,0.1,0.5,0.0,65535.0,0.13673609521629665,0.0,65535.0,0.07289234760051881,0.0,0.0,0.0,0.0,0.0,0.0,0.0,0.0,0.0,0.0
128734.03,0.36987175987331633,0.0,15592.0,37.0,0.18304999999810745,31.875,32.375,36.93000000000001,0.0,0.0,0.0,0.0,0.0,20.0,0.3,0.1,0.2,0.1,0.4,0.1,0.1,0.1,0.5,0.0,65535.0,0.1369039444571603,0.0,65535.0,0.07270923933775846,0.0,0.0,0.0,0.0,0.0,0.0,0.0,0.0,0.0,0.0
128794.1,0.3594986110414016,0.0,15592.0,37.0,0.2801499999981203,31.875,32.375,36.650000000000034,0.0,0.0,0.0,0.0,0.0,20.0,0.3,0.1,0.2,0.1,0.4,0.1,0.1,0.1,0.5,0.0,65535.0,0.1369039444571603,0.0,65535.0,0.07272449835965515,0.0,0.0,0.0,0.0,0.0,0.0,0.0,0.0,0.0,0.0
128854.14,0.3649287991066209,0.0,15592.0,37.0,0.27464999999811457,31.875,32.4375,36.870000000000005,0.0,0.0,0.0,0.0,0.0,20.0,0.3,0.1,0.2,0.1,0.4,0.1,0.1,0.1,0.5,0.0,65535.0,0.13710231174181736,0.0,65535.0,0.0725261310749981,0.0,0.0,0.0,0.0,0.0,0.0,0.0,0.0,0.0,0.0
128914.18,0.355597837757584,0.0,15592.0,37.0,0.24844999999810738,31.875,32.375,36.81,0.0,0.0,0.0,0.0,0.0,20.0,0.3,0.1,0.2,0.1,0.4,0.1,0.1,0.1,0.5,0.0,65535.0,0.13658350499732966,0.0,65535.0,0.07275501640344854,0.0,0.0,0.0,0.0,0.0,0.0,0.0,0.0,0.0,0.0
128974.22,0.351075540810296,0.0,15592.0,37.0,0.2443499999981111,31.9375,32.4375,36.950000000000045,0.0,0.0,0.0,0.0,0.0,20.0,0.3,0.1,0.2,0.1,0.4,0.1,0.1,0.1,0.5,0.0,65535.0,0.13678187228198674,0.0,65535.0,0.07287708857862212,0.0,0.0,0.0,0.0,0.0,0.0,0.0,0.0,0.0,0.0
129034.27,0.3946205555284816,0.0,15592.0,37.0,0.2867499999981169,31.875,32.375,36.950000000000045,0.0,0.0,0.0,0.0,0.0,20.0,0.3,0.1,0.2,0.1,0.4,0.1,0.1,0.1,0.5,0.0,65535.0,0.13705653467612727,0.0,65535.0,0.07301441977569238,0.0,0.0,0.0,0.0,0.0,0.0,0.0,0.0,0.0,0.0
129094.35,0.391167793262978,0.0,15592.0,37.0,0.2317499999981092,31.9375,32.375,36.85000000000002,0.0,0.0,0.0,0.0,0.0,20.0,0.3,0.1,0.2,0.1,0.4,0.1,0.1,0.1,0.5,0.0,65535.0,0.13656824597543296,0.0,65535.0,0.07301441977569238,0.0,0.0,0.0,0.0,0.0,0.0,0.0,0.0,0.0,0.0
129154.39,0.39987803951138157,0.0,15592.0,37.0,0.22314999999811275,31.875,32.375,36.79000000000002,0.0,0.0,0.0,0.0,0.0,20.0,0.3,0.1,0.2,0.1,0.4,0.1,0.1,0.1,0.5,0.0,65535.0,0.13682764934767683,0.0,65535.0,0.07289234760051881,0.0,0.0,0.0,0.0,0.0,0.0,0.0,0.0,0.0,0.0
129214.47,0.39507905563975587,0.0,15592.0,37.0,0.27524999999810884,31.9375,32.375,36.870000000000005,0.0,0.0,0.0,0.0,0.0,20.0,0.3,0.1,0.2,0.1,0.4,0.1,0.1,0.1,0.5,0.0,65535.0,0.13751430533302816,0.0,65535.0,0.07319752803845274,0.0,0.0,0.0,0.0,0.0,0.0,0.0,0.0,0.0,0.0
129274.53,0.39467701293013535,0.0,15592.0,37.0,0.24524999999810687,32.0,32.375,36.89000000000004,0.0,0.0,0.0,0.0,0.0,20.0,0.3,0.1,0.2,0.1,0.4,0.1,0.1,0.1,0.5,0.0,65535.0,0.13685816739147022,0.0,65535.0,0.07235828183413444,0.0,0.0,0.0,0.0,0.0,0.0,0.0,0.0,0.0,0.0
129334.61,0.37810021481104616,0.0,15592.0,37.0,0.21314999999810508,31.875,32.3125,36.93000000000001,0.0,0.0,0.0,0.0,0.0,20.0,0.3,0.1,0.2,0.1,0.4,0.1,0.1,0.1,0.5,0.0,65535.0,0.13714808880750745,0.0,65535.0,0.0724956130312047,0.0,0.0,0.0,0.0,0.0,0.0,0.0,0.0,0.0,0.0
129394.68,0.38344714297756555,0.0,15592.0,37.0,0.2337499999980997,31.9375,32.375,36.77000000000004,0.0,0.0,0.0,0.0,0.0,20.0,0.3,0.1,0.2,0.1,0.4,0.1,0.1,0.1,0.5,0.0,65535.0,0.13748378728923477,0.0,65535.0,0.07264820325017167,0.0,0.0,0.0,0.0,0.0,0.0,0.0,0.0,0.0,0.0
129454.72,0.39322465318815125,0.0,15592.0,37.0,0.20574999999810753,31.9375,32.375,36.81,0.0,0.0,0.0,0.0,0.0,20.0,0.3,0.1,0.2,0.1,0.4,0.1,0.1,0.1,0.5,0.0,65535.0,0.13743801022354468,0.0,65535.0,0.07312123292896926,0.0,0.0,0.0,0.0,0.0,0.0,0.0,0.0,0.0,0.0
129514.79,0.38719310117960026,0.0,15592.0,37.0,0.26194999999809904,31.875,32.375,36.97000000000003,0.0,0.0,0.0,0.0,0.0,20.0,0.3,0.1,0.2,0.1,0.4,0.1,0.1,0.1,0.5,0.0,65535.0,0.1373464560921645,0.0,65535.0,0.0729228656443122,0.0,0.0,0.0,0.0,0.0,0.0,0.0,0.0,0.0,0.0
129574.84,0.36651265289443896,0.0,15592.0,37.0,0.2693499999981082,31.9375,32.375,36.89000000000004,0.0,0.0,0.0,0.0,0.0,20.0,0.3,0.1,0.2,0.1,0.4,0.1,0.1,0.1,0.5,0.0,65535.0,0.13754482337682156,0.0,65535.0,0.07272449835965515,0.0,0.0,0.0,0.0,0.0,0.0,0.0,0.0,0.0,0.0
129634.91,0.3833911062599572,0.0,15592.0,37.0,0.24434999999810167,31.9375,32.375,36.650000000000034,0.0,0.0,0.0,0.0,0.0,20.0,0.3,0.1,0.2,0.1,0.4,0.1,0.1,0.1,0.5,0.0,65535.0,0.13723964293888763,0.0,65535.0,0.07258716716258488,0.0,0.0,0.0,0.0,0.0,0.0,0.0,0.0,0.0,0.0
129694.96,0.3863246610439006,0.0,15592.0,37.0,0.2284499999981002,31.875,32.4375,36.870000000000005,0.0,0.0,0.0,0.0,0.0,20.0,0.3,0.1,0.2,0.1,0.4,0.1,0.1,0.1,0.5,0.0,65535.0,0.136919203479057,0.0,65535.0,0.07275501640344854,0.0,0.0,0.0,0.0,0.0,0.0,0.0,0.0,0.0,0.0
129755.0,0.37789944177358126,0.0,15592.0,37.0,0.20224999999809304,31.9375,32.4375,36.93000000000001,0.0,0.0,0.0,0.0,0.0,20.0,0.3,0.1,0.2,0.1,0.4,0.1,0.1,0.1,0.5,0.0,65535.0,0.13716334782940415,0.0,65535.0,0.07260242618448158,0.0,0.0,0.0,0.0,0.0,0.0,0.0,0.0,0.0,0.0
129815.04,0.38957357830463435,0.0,15592.0,37.0,0.24314999999809847,31.9375,32.375,36.85000000000002,0.0,0.0043,0.25,0.0,0.0,20.0,0.3,0.1,0.2,0.1,0.4,0.1,0.1,0.1,0.5,0.0,65535.0,0.1373769741359579,0.0,65535.0,0.07266346227206837,0.0,0.0,0.0,0.0,0.0,0.0,0.0,0.0,0.0,0.0
129875.07,0.34118202985280965,0.0,15592.0,37.0,0.36149999999810145,31.875,32.375,36.55000000000001,0.0,0.0,0.0,0.0,0.0,20.0,0.3,0.1,0.2,0.1,0.4,0.1,0.1,0.1,0.5,0.0,65535.0,0.13458457312886243,0.0,65535.0,0.07129015030136568,0.0,0.0,0.0,0.0,0.0,0.0,0.0,0.0,0.0,0.0
129935.11,0.3725958952215088,0.0,15592.0,37.0,0.28874999999809825,31.9375,32.375,36.89000000000004,0.0,0.0,0.0,0.0,0.0,20.0,0.3,0.1,0.2,0.1,0.4,0.1,0.1,0.1,0.5,0.0,65535.0,0.13437094682230868,0.0,65535.0,0.07100022888532845,0.0,0.0,0.0,0.0,0.0,0.0,0.0,0.0,0.0,0.0
129995.2,0.34595730474586794,0.0,15592.0,37.0,0.21514999999808987,31.9375,32.4375,36.950000000000045,0.0,0.0,0.0,0.0,0.0,20.0,0.3,0.1,0.2,0.1,0.4,0.1,0.1,0.1,0.5,0.0,65535.0,0.1343099107347219,0.0,65535.0,0.07103074692912184,0.0,0.0,0.0,0.0,0.0,0.0,0.0,0.0,0.0,0.0
130055.26,0.3364699873090442,0.0,15592.0,37.0,0.21834999999809862,31.9375,32.375,36.97000000000003,0.0,0.0,0.0,0.0,0.0,20.0,0.3,0.1,0.2,0.1,0.4,0.1,0.1,0.1,0.5,0.0,65535.0,0.1339284351873045,0.0,65535.0,0.07095445181963836,0.0,0.0,0.0,0.0,0.0,0.0,0.0,0.0,0.0,0.0
130115.34,0.3617312813556237,0.0,15592.0,37.0,0.2094499999980874,31.875,32.4375,37.01000000000005,0.0,0.0,0.0,0.0,0.0,20.0,0.3,0.1,0.2,0.1,0.4,0.1,0.1,0.1,0.5,0.0,65535.0,0.13440146486610208,0.0,65535.0,0.07100022888532845,0.0,0.0,0.0,0.0,0.0,0.0,0.0,0.0,0.0,0.0
130175.39,0.37068609863865976,0.0,15592.0,37.0,0.26124999999809795,31.9375,32.375,36.97000000000003,0.0,0.0,0.0,0.0,0.0,20.0,0.3,0.1,0.2,0.1,0.4,0.1,0.1,0.1,0.5,0.0,65535.0,0.1339284351873045,0.0,65535.0,0.07109178301670863,0.0,0.0,0.0,0.0,0.0,0.0,0.0,0.0,0.0,0.0
130235.44,0.35940891152396454,0.0,15592.0,37.0,0.2114499999980955,32.0,32.375,36.89000000000004,0.0,0.0,0.0,0.0,0.0,20.0,0.3,0.1,0.2,0.1,0.4,0.1,0.1,0.1,0.5,0.0,65535.0,0.13446250095368886,0.0,65535.0,0.07148851758602273,0.0,0.0,0.0,0.0,0.0,0.0,0.0,0.0,0.0,0.0
130295.48,0.3937276290163554,0.0,15592.0,37.0,0.2084499999980948,31.9375,32.375,36.710000000000036,0.0,0.0,0.0,0.0,0.0,20.0,0.3,0.1,0.2,0.1,0.4,0.1,0.1,0.1,0.5,0.0,65535.0,0.1346761272602426,0.0,65535.0,0.07138170443274586,0.0,0.0,0.0,0.0,0.0,0.0,0.0,0.0,0.0,0.0
130355.52,0.3758166210341815,0.0,15592.0,37.0,0.2349499999980849,31.9375,32.375,36.93000000000001,0.0,0.0,0.0,0.0,0.0,20.0,0.3,0.1,0.2,0.1,0.4,0.1,0.1,0.1,0.5,0.0,65535.0,0.1342946517128252,0.0,65535.0,0.0715953307392996,0.0,0.0,0.0,0.0,0.0,0.0,0.0,0.0,0.0,0.0
130415.6,0.3799047398661792,0.0,15592.0,37.0,0.22814999999808852,31.9375,32.375,36.97000000000003,0.0,0.0,0.0,0.0,0.0,20.0,0.3,0.1,0.2,0.1,0.4,0.1,0.1,0.1,0.5,0.0,65535.0,0.13443198290989547,0.0,65535.0,0.07147325856412604,0.0,0.0,0.0,0.0,0.0,0.0,0.0,0.0,0.0,0.0
130475.65,0.3765986011013509,0.0,15592.0,37.0,0.24694999999808306,31.9375,32.4375,36.870000000000005,0.0,0.0,0.0,0.0,0.0,20.0,0.3,0.1,0.2,0.1,0.4,0.1,0.1,0.1,0.5,0.0,65535.0,0.1350881208514534,0.0,65535.0,0.0712291142137789,0.0,0.0,0.0,0.0,0.0,0.0,0.0,0.0,0.0,0.0
130535.7,0.43341443578121464,0.0,15592.0,37.0,0.2422499999980865,31.875,32.375,36.79000000000002,0.0,0.0,0.0,0.0,0.0,20.0,0.3,0.1,0.2,0.1,0.4,0.1,0.1,0.1,0.5,0.0,65535.0,0.13464560921644922,0.0,65535.0,0.07130540932326238,0.0,0.0,0.0,0.0,0.0,0.0,0.0,0.0,0.0,0.0
130595.76,0.38152650805526755,0.0,15592.0,37.0,0.24194999999808592,31.9375,32.375,36.85000000000002,0.0,0.0,0.0,0.0,0.0,20.0,0.3,0.1,0.2,0.1,0.4,0.1,0.1,0.1,0.5,0.0,65535.0,0.13444724193179217,0.0,65535.0,0.07124437323567559,0.0,0.0,0.0,0.0,0.0,0.0,0.0,0.0,0.0,0.0
130655.8,0.37246151808928646,0.0,15592.0,37.0,0.24434999999808543,31.875,32.375,36.870000000000005,0.0,0.0,0.0,0.0,0.0,20.0,0.3,0.1,0.2,0.1,0.4,0.1,0.1,0.1,0.5,0.0,65535.0,0.13437094682230868,0.0,65535.0,0.07104600595101854,0.0,0.0,0.0,0.0,0.0,0.0,0.0,0.0,0.0,0.0
130715.84,0.39799317501892173,0.0,15592.0,37.0,0.22634999999808417,31.875,32.4375,36.650000000000034,0.0,0.0,0.0,0.0,0.0,20.0,0.3,0.1,0.2,0.1,0.4,0.1,0.1,0.1,0.5,0.0,65535.0,0.1346761272602426,0.0,65535.0,0.07167162584878309,0.0,0.0,0.0,0.0,0.0,0.0,0.0,0.0,0.0,0.0
130775.87,0.40131522239938155,0.0,15592.0,37.0,0.24164999999808362,31.875,32.375,36.97000000000003,0.0,0.0,0.0,0.0,0.0,20.0,0.3,0.1,0.2,0.1,0.4,0.1,0.1,0.1,0.5,0.0,65535.0,0.1347676813916228,0.0,65535.0,0.07148851758602273,0.0,0.0,0.0,0.0,0.0,0.0,0.0,0.0,0.0,0.0
130835.92,0.3896878207430789,0.0,15592.0,37.0,0.21134999999808188,31.875,32.375,36.950000000000045,0.0,0.0,0.0,0.0,0.0,20.0,0.3,0.1,0.2,0.1,0.4,0.1,0.1,0.1,0.5,0.0,65535.0,0.1343099107347219,0.0,65535.0,0.07129015030136568,0.0,0.0,0.0,0.0,0.0,0.0,0.0,0.0,0.0,0.0
130895.99,0.3807740461926444,0.0,15592.0,37.0,0.22104999999808642,31.875,32.3125,36.81,0.0,0.0,0.0,0.0,0.0,20.0,0.3,0.1,0.2,0.1,0.4,0.1,0.1,0.1,0.5,0.0,65535.0,0.13482871747920958,0.0,65535.0,0.07092393377584497,0.0,0.0,0.0,0.0,0.0,0.0,0.0,0.0,0.0,0.0
130956.04,0.3906454096951063,0.0,15592.0,37.0,0.19864999999807495,31.8125,32.375,36.73000000000002,0.0,0.0,0.0,0.0,0.0,20.0,0.3,0.1,0.2,0.1,0.4,0.1,0.1,0.1,0.5,0.0,65535.0,0.13453879606317234,0.0,65535.0,0.07133592736705577,0.0,0.0,0.0,0.0,0.0,0.0,0.0,0.0,0.0,0.0
131016.11,0.39031698760700584,0.0,15592.0,37.0,0.23864999999808034,31.875,32.375,36.97000000000003,0.0,0.0,0.0,0.0,0.0,20.0,0.3,0.1,0.2,0.1,0.4,0.1,0.1,0.1,0.5,0.0,65535.0,0.13484397650110627,0.0,65535.0,0.07138170443274586,0.0,0.0,0.0,0.0,0.0,0.0,0.0,0.0,0.0,0.0
131076.16,0.40075386162461796,0.0,15592.0,37.0,0.2916499999980765,31.9375,32.375,36.950000000000045,0.0,0.0,0.0,0.0,0.0,20.0,0.3,0.1,0.2,0.1,0.4,0.1,0.1,0.1,0.5,0.0,65535.0,0.13502708476386663,0.0,65535.0,0.07153429465171282,0.0,0.0,0.0,0.0,0.0,0.0,0.0,0.0,0.0,0.0
131136.2,0.35726286917180905,0.0,15592.0,37.0,0.17804999999807605,31.875,32.375,36.63000000000005,0.0,0.0,0.0,0.0,0.0,20.0,0.3,0.1,0.2,0.1,0.4,0.1,0.1,0.1,0.5,0.0,65535.0,0.13490501258869306,0.0,65535.0,0.07150377660791943,0.0,0.0,0.0,0.0,0.0,0.0,0.0,0.0,0.0,0.0
131196.24,0.3545173136291549,0.0,15592.0,37.0,0.2230499999980769,31.875,32.375,36.73000000000002,0.0,0.0,0.0,0.0,0.0,20.0,0.3,0.1,0.2,0.1,0.4,0.1,0.1,0.1,0.5,0.0,65535.0,0.13507286182955672,0.0,65535.0,0.07153429465171282,0.0,0.0,0.0,0.0,0.0,0.0,0.0,0.0,0.0,0.0
131256.32,0.35187928544433544,0.0,15592.0,37.0,0.20124999999807996,31.875,32.4375,36.710000000000036,0.0,0.0,0.0,0.0,0.0,20.0,0.3,0.1,0.2,0.1,0.4,0.1,0.1,0.1,0.5,0.0,65535.0,0.13482871747920958,0.0,65535.0,0.07142748149843595,0.0,0.0,0.0,0.0,0.0,0.0,0.0,0.0,0.0,0.0
131316.37,0.35596159572574015,0.0,15592.0,37.0,0.2583499999980715,31.8125,32.375,36.79000000000002,0.0,0.0,0.0,0.0,0.0,20.0,0.3,0.1,0.2,0.1,0.4,0.1,0.1,0.1,0.5,0.0,65535.0,0.13482871747920958,0.0,65535.0,0.07129015030136568,0.0,0.0,0.0,0.0,0.0,0.0,0.0,0.0,0.0,0.0
131376.42,0.3507753841815422,0.0,15592.0,37.0,0.22804999999806896,31.8125,32.375,36.73000000000002,0.0,0.0,0.0,0.0,0.0,20.0,0.3,0.1,0.2,0.1,0.4,0.1,0.1,0.1,0.5,0.0,65535.0,0.13455405508506904,0.0,65535.0,0.07132066834515907,0.0,0.0,0.0,0.0,0.0,0.0,0.0,0.0,0.0,0.0
131436.46,0.36136328091670056,0.0,15592.0,37.0,0.28574999999807504,31.9375,32.375,36.950000000000045,0.0,0.0,0.0,0.0,0.0,20.0,0.3,0.1,0.2,0.1,0.4,0.1,0.1,0.1,0.5,0.0,65535.0,0.13505760280766002,0.0,65535.0,0.07109178301670863,0.0,0.0,0.0,0.0,0.0,0.0,0.0,0.0,0.0,0.0
131496.5,0.35104197077599303,0.0,15592.0,37.0,0.2831499999980791,31.9375,32.4375,36.93000000000001,0.0,0.0,0.0,0.0,0.0,20.0,0.3,0.1,0.2,0.1,0.4,0.1,0.1,0.1,0.5,0.0,65535.0,0.13479819943541618,0.0,65535.0,0.0712138551918822,0.0,0.0,0.0,0.0,0.0,0.0,0.0,0.0,0.0,0.0
131556.55,0.3375020096251946,0.0,15592.0,37.0,0.22224999999807593,31.875,32.375,36.870000000000005,0.0,0.0,0.0,0.0,0.0,20.0,0.3,0.1,0.2,0.1,0.4,0.1,0.1,0.1,0.5,0.0,65535.0,0.13490501258869306,0.0,65535.0,0.07142748149843595,0.0,0.0,0.0,0.0,0.0,0.0,0.0,0.0,0.0,0.0
131616.6,0.34956794844674804,0.0,15592.0,37.0,0.22724999999807052,31.875,32.375,36.870000000000005,0.0,0.0,0.0,0.0,0.0,20.0,0.3,0.1,0.2,0.1,0.4,0.1,0.1,0.1,0.5,0.0,65535.0,0.1346761272602426,0.0,65535.0,0.07125963225757229,0.0,0.0,0.0,0.0,0.0,0.0,0.0,0.0,0.0,0.0
131676.68,0.33210671804544,0.0,15592.0,37.0,0.21134999999806905,31.9375,32.375,37.01000000000005,0.0,0.0,0.0,0.0,0.0,20.0,0.3,0.1,0.2,0.1,0.4,0.1,0.1,0.1,0.5,0.0,65535.0,0.13458457312886243,0.0,65535.0,0.07127489127946898,0.0,0.0,0.0,0.0,0.0,0.0,0.0,0.0,0.0,0.0
131736.74,0.3374128311288309,0.0,15592.0,37.0,0.22334999999806893,31.8125,32.375,36.89000000000004,0.0,0.0,0.0,0.0,0.0,20.0,0.3,0.1,0.2,0.1,0.4,0.1,0.1,0.1,0.5,0.0,65535.0,0.13458457312886243,0.0,65535.0,0.07124437323567559,0.0,0.0,0.0,0.0,0.0,0.0,0.0,0.0,0.0,0.0
131796.82,0.3414381110261752,0.0,15592.0,37.0,0.25714999999806404,31.8125,32.375,36.85000000000002,0.0,0.0,0.0,0.0,0.0,20.0,0.3,0.1,0.2,0.1,0.4,0.1,0.1,0.1,0.5,0.0,65535.0,0.13450827801937895,0.0,65535.0,0.07142748149843595,0.0,0.0,0.0,0.0,0.0,0.0,0.0,0.0,0.0,0.0
131856.89,0.35609409372895906,0.0,15592.0,37.0,0.21474999999807162,31.875,32.375,36.81,0.0,0.0,0.0,0.0,0.0,20.0,0.3,0.1,0.2,0.1,0.4,0.1,0.1,0.1,0.5,0.0,65535.0,0.1355916685740444,0.0,65535.0,0.0715953307392996,0.0,0.0,0.0,0.0,0.0,0.0,0.0,0.0,0.0,0.0
131916.94,0.3750273129460699,0.0,15592.0,37.0,0.28864999999806384,31.875,32.375,36.870000000000005,0.0,0.0,0.0,0.0,0.0,20.0,0.3,0.1,0.2,0.1,0.4,0.1,0.1,0.1,0.5,0.0,65535.0,0.13496604867627984,0.0,65535.0,0.0715953307392996,0.0,0.0,0.0,0.0,0.0,0.0,0.0,0.0,0.0,0.0
131977.0,0.3407576219690488,0.0,15592.0,37.0,0.2254499999980653,31.8125,32.375,36.77000000000004,0.0,0.0,0.0,0.0,0.0,20.0,0.3,0.1,0.2,0.1,0.4,0.1,0.1,0.1,0.5,0.0,65535.0,0.1346761272602426,0.0,65535.0,0.0716411078049897,0.0,0.0,0.0,0.0,0.0,0.0,0.0,0.0,0.0,0.0
132037.05,0.35749816717293625,0.0,15592.0,37.0,0.2722499999980662,32.0,32.375,36.650000000000034,0.0,0.0,0.0,0.0,0.0,20.0,0.3,0.1,0.2,0.1,0.4,0.1,0.1,0.1,0.5,0.0,65535.0,0.13521019302662698,0.0,65535.0,0.0711985961699855,0.0,0.0,0.0,0.0,0.0,0.0,0.0,0.0,0.0,0.0
132097.12,0.33546094028113865,0.0,15592.0,37.0,0.2643499999980601,31.875,32.375,36.89000000000004,0.0,0.0,0.0,0.0,0.0,20.0,0.3,0.1,0.2,0.1,0.4,0.1,0.1,0.1,0.5,0.0,65535.0,0.1346761272602426,0.0,65535.0,0.07182421606775005,0.0,0.0,0.0,0.0,0.0,0.0,0.0,0.0,0.0,0.0
132157.2,0.3469808537982283,0.0,15592.0,37.0,0.20814999999806683,31.875,32.375,36.870000000000005,0.0,0.0,0.0,0.0,0.0,20.0,0.3,0.1,0.2,0.1,0.4,0.1,0.1,0.1,0.5,0.0,65535.0,0.1346913862821393,0.0,65535.0,0.0716411078049897,0.0,0.0,0.0,0.0,0.0,0.0,0.0,0.0,0.0,0.0
132217.24,0.3505822377930151,0.0,15592.0,37.0,0.1592499999980644,31.9375,32.4375,36.97000000000003,0.0,0.0,0.0,0.0,0.0,20.0,0.3,0.1,0.2,0.1,0.4,0.1,0.1,0.1,0.5,0.0,65535.0,0.13540856031128404,0.0,65535.0,0.07116807812619211,0.0,0.0,0.0,0.0,0.0,0.0,0.0,0.0,0.0,0.0
132277.28,0.33683872684997085,0.0,15592.0,37.0,0.19594999999805518,31.875,32.375,36.870000000000005,0.0,0.0,0.0,0.0,0.0,20.0,0.3,0.1,0.2,0.1,0.4,0.1,0.1,0.1,0.5,0.0,65535.0,0.13505760280766002,0.0,65535.0,0.0720378423743038,0.0,0.0,0.0,0.0,0.0,0.0,0.0,0.0,0.0,0.0
132337.32,0.3493413513748677,0.0,15592.0,37.0,0.30604999999805793,31.8125,32.375,36.89000000000004,0.0,0.0,0.0,0.0,0.0,20.0,0.3,0.1,0.2,0.1,0.4,0.1,0.1,0.1,0.5,0.0,65535.0,0.1350881208514534,0.0,65535.0,0.07168688487067978,0.0,0.0,0.0,0.0,0.0,0.0,0.0,0.0,0.0,0.0
132397.37,0.34219335169338505,0.0,15592.0,37.0,0.24724999999805455,31.875,32.375,36.73000000000002,0.0,0.0,0.0,0.0,0.0,20.0,0.3,0.1,0.2,0.1,0.4,0.1,0.1,0.1,0.5,0.0,65535.0,0.13534752422369725,0.0,65535.0,0.0712291142137789,0.0,0.0,0.0,0.0,0.0,0.0,0.0,0.0,0.0,0.0
132457.45,0.3634603683170554,0.0,15592.0,37.0,0.263449999998054,31.9375,32.375,37.01000000000005,0.0,0.0,0.0,0.0,0.0,20.0,0.3,0.1,0.2,0.1,0.4,0.1,0.1,0.1,0.5,0.0,65535.0,0.13466086823834592,0.0,65535.0,0.07133592736705577,0.0,0.0,0.0,0.0,0.0,0.0,0.0,0.0,0.0,0.0
132517.5,0.37904040575954573,0.0,15592.0,37.0,0.2425499999980571,31.9375,32.4375,36.93000000000001,0.0,0.0,0.0,0.0,0.0,20.0,0.3,0.1,0.2,0.1,0.4,0.1,0.1,0.1,0.5,0.0,65535.0,0.1351949340047303,0.0,65535.0,0.0715953307392996,0.0,0.0,0.0,0.0,0.0,0.0,0.0,0.0,0.0,0.0
132577.56,0.3841233522314663,0.0,15592.0,37.0,0.24344999999805628,31.9375,32.375,36.950000000000045,0.0,0.0,0.0,0.0,0.0,20.0,0.3,0.1,0.2,0.1,0.4,0.1,0.1,0.1,0.5,0.0,65535.0,0.13490501258869306,0.0,65535.0,0.07135118638895246,0.0,0.0,0.0,0.0,0.0,0.0,0.0,0.0,0.0,0.0
132637.62,0.3755025936273466,0.0,15592.0,37.0,0.2552499999980606,31.875,32.375,36.870000000000005,0.0,0.0,0.0,0.0,0.0,20.0,0.3,0.1,0.2,0.1,0.4,0.1,0.1,0.1,0.5,0.0,65535.0,0.13524071107042038,0.0,65535.0,0.07174792095826657,0.0,0.0,0.0,0.0,0.0,0.0,0.0,0.0,0.0,0.0
132697.67,0.3735963593321582,0.0,15592.0,37.0,0.23024999999805404,31.9375,32.375,36.85000000000002,0.0,0.0,0.0,0.0,0.0,20.0,0.3,0.1,0.2,0.1,0.4,0.1,0.1,0.1,0.5,0.0,65535.0,0.13545433737697413,0.0,65535.0,0.07156481269550621,0.0,0.0,0.0,0.0,0.0,0.0,0.0,0.0,0.0,0.0
132757.74,0.3759109842670164,0.0,15592.0,37.0,0.20724999999805732,32.0,32.4375,36.710000000000036,0.0,0.0,0.0,0.0,0.0,20.0,0.3,0.1,0.2,0.1,0.4,0.1,0.1,0.1,0.5,0.0,65535.0,0.1351796749828336,0.0,65535.0,0.07176317998016327,0.0,0.0,0.0,0.0,0.0,0.0,0.0,0.0,0.0,0.0
132817.79,0.3656840261620261,0.0,15592.0,37.0,0.2039499999980569,31.9375,32.4375,36.650000000000034,0.0,0.0,0.0,0.0,0.0,20.0,0.3,0.1,0.2,0.1,0.4,0.1,0.1,0.1,0.5,0.0,65535.0,0.13540856031128404,0.0,65535.0,0.071625848783093,0.0,0.0,0.0,0.0,0.0,0.0,0.0,0.0,0.0,0.0
132877.85,0.3385504701160196,0.0,15592.0,37.0,0.19534999999804625,31.9375,32.375,36.690000000000055,0.0,0.0,0.0,0.0,0.0,20.0,0.3,0.1,0.2,0.1,0.4,0.1,0.1,0.1,0.5,0.0,65535.0,0.13546959639887082,0.0,65535.0,0.07150377660791943,0.0,0.0,0.0,0.0,0.0,0.0,0.0,0.0,0.0,0.0
132937.92,0.3152725378307619,0.0,15592.0,37.0,0.2586499999980472,31.875,32.375,37.01000000000005,0.0,0.0,0.0,0.0,0.0,20.0,0.3,0.1,0.2,0.1,0.4,0.1,0.1,0.1,0.5,0.0,65535.0,0.13543907835507743,0.0,65535.0,0.07197680628671702,0.0,0.0,0.0,0.0,0.0,0.0,0.0,0.0,0.0,0.0
132998.0,0.3341653469716328,0.0,15592.0,37.0,0.2513499999980555,31.9375,32.375,36.89000000000004,0.0,0.0,0.0,0.0,0.0,20.0,0.3,0.1,0.2,0.1,0.4,0.1,0.1,0.1,0.5,0.0,65535.0,0.13533226520180056,0.0,65535.0,0.0715953307392996,0.0,0.0,0.0,0.0,0.0,0.0,0.0,0.0,0.0,0.0
133058.08,0.3328006652556923,0.0,15592.0,37.0,0.20954999999804835,31.875,32.375,36.950000000000045,0.0,0.0,0.0,0.0,0.0,20.0,0.3,0.1,0.2,0.1,0.4,0.1,0.1,0.1,0.5,0.0,65535.0,0.13537804226749064,0.0,65535.0,0.0716105897611963,0.0,0.0,0.0,0.0,0.0,0.0,0.0,0.0,0.0,0.0
133118.15,0.33672292912751356,0.0,15592.0,37.0,0.24104999999804896,31.875,32.375,36.79000000000002,0.0,0.0,0.0,0.0,0.0,20.0,0.3,0.1,0.2,0.1,0.4,0.1,0.1,0.1,0.5,0.0,65535.0,0.13569848172732127,0.0,65535.0,0.0716411078049897,0.0,0.0,0.0,0.0,0.0,0.0,0.0,0.0,0.0,0.0
133178.22,0.34876604097159025,0.0,15592.0,37.0,0.19984999999804123,31.875,32.375,36.81,0.0,0.0,0.0,0.0,0.0,20.0,0.3,0.1,0.2,0.1,0.4,0.1,0.1,0.1,0.5,0.0,65535.0,0.13531700617990386,0.0,65535.0,0.07142748149843595,0.0,0.0,0.0,0.0,0.0,0.0,0.0,0.0,0.0,0.0
133238.27,0.35459276558675495,0.0,15592.0,37.0,0.2289499999980415,31.9375,32.375,36.81,0.0,0.0,0.0,0.0,0.0,20.0,0.3,0.1,0.2,0.1,0.4,0.1,0.1,0.1,0.5,0.0,65535.0,0.13548485542076752,0.0,65535.0,0.07124437323567559,0.0,0.0,0.0,0.0,0.0,0.0,0.0,0.0,0.0,0.0
133298.31,0.35933693307767667,0.0,15592.0,37.0,0.2027499999980494,31.875,32.375,36.79000000000002,0.0,0.0,0.0,0.0,0.0,20.0,0.3,0.1,0.2,0.1,0.4,0.1,0.1,0.1,0.5,0.0,65535.0,0.13539330128938734,0.0,65535.0,0.07165636682688639,0.0,0.0,0.0,0.0,0.0,0.0,0.0,0.0,0.0,0.0
133358.36,0.42159687570174065,0.0,15592.0,37.0,0.2625499999980411,31.875,32.4375,36.93000000000001,0.0,0.0,0.0,0.0,0.0,20.0,0.3,0.1,0.2,0.1,0.4,0.1,0.1,0.1,0.5,0.0,65535.0,0.13550011444266422,0.0,65535.0,0.07170214389257648,0.0,0.0,0.0,0.0,0.0,0.0,0.0,0.0,0.0,0.0
133418.4,0.43436430450331565,0.0,15592.0,37.0,0.23434999999803913,31.875,32.375,36.89000000000004,0.0,0.0,0.0,0.0,0.0,20.0,0.3,0.1,0.2,0.1,0.4,0.1,0.1,0.1,0.5,0.0,65535.0,0.13533226520180056,0.0,65535.0,0.07191577019913023,0.0,0.0,0.0,0.0,0.0,0.0,0.0,0.0,0.0,0.0
133478.44,0.4254026449054914,0.0,15592.0,37.0,0.20194999999803676,31.875,32.375,37.170000000000016,0.0,0.0,0.0,0.0,0.0,20.0,0.3,0.1,0.2,0.1,0.4,0.1,0.1,0.1,0.5,0.0,65535.0,0.13534752422369725,0.0,65535.0,0.07156481269550621,0.0,0.0,0.0,0.0,0.0,0.0,0.0,0.0,0.0,0.0
133538.52,0.40460658929803106,0.0,15592.0,37.0,0.23984999999804235,31.875,32.4375,36.870000000000005,0.0,0.0,0.0,0.0,0.0,20.0,0.3,0.1,0.2,0.1,0.4,0.1,0.1,0.1,0.5,0.0,65535.0,0.13536278324559395,0.0,65535.0,0.07153429465171282,0.0,0.0,0.0,0.0,0.0,0.0,0.0,0.0,0.0,0.0
133598.58,0.4023714024559084,0.0,15592.0,37.0,0.24074999999804153,31.875,32.4375,36.81,0.0,0.0,0.0,0.0,0.0,20.0,0.3,0.1,0.2,0.1,0.4,0.1,0.1,0.1,0.5,0.0,65535.0,0.13543907835507743,0.0,65535.0,0.07133592736705577,0.0,0.0,0.0,0.0,0.0,0.0,0.0,0.0,0.0,0.0
133658.62,0.395806219848986,0.0,15592.0,37.0,0.23014999999803526,31.9375,32.375,36.950000000000045,0.0,0.0,0.0,0.0,0.0,20.0,0.3,0.1,0.2,0.1,0.4,0.1,0.1,0.1,0.5,0.0,65535.0,0.1356069275959411,0.0,65535.0,0.07199206530861371,0.0,0.0,0.0,0.0,0.0,0.0,0.0,0.0,0.0,0.0
133718.69,0.35301813675144145,0.0,15592.0,37.0,0.1794499999980319,31.9375,32.375,36.650000000000034,0.0,0.0,0.0,0.0,0.0,20.0,0.3,0.1,0.2,0.1,0.4,0.1,0.1,0.1,0.5,0.0,65535.0,0.13572899977111466,0.0,65535.0,0.07183947508964675,0.0,0.0,0.0,0.0,0.0,0.0,0.0,0.0,0.0,0.0
133778.76,0.3476402281937351,0.0,15592.0,37.0,0.25774999999803344,31.875,32.4375,36.89000000000004,0.0,0.0,0.0,0.0,0.0,20.0,0.3,0.1,0.2,0.1,0.4,0.1,0.1,0.1,0.5,0.0,65535.0,0.13572899977111466,0.0,65535.0,0.07148851758602273,0.0,0.0,0.0,0.0,0.0,0.0,0.0,0.0,0.0,0.0
133838.84,0.3504559575847289,0.0,15592.0,37.0,0.20094999999803992,31.875,32.375,36.97000000000003,0.0,0.0,0.0,0.0,0.0,20.0,0.3,0.1,0.2,0.1,0.4,0.1,0.1,0.1,0.5,0.0,65535.0,0.13543907835507743,0.0,65535.0,0.0716105897611963,0.0,0.0,0.0,0.0,0.0,0.0,0.0,0.0,0.0,0.0
133898.88,0.34418903895162634,0.0,15592.0,37.0,0.2409499999980311,31.8125,32.375,36.81,0.0,0.0,0.0,0.0,0.0,20.0,0.3,0.1,0.2,0.1,0.4,0.1,0.1,0.1,0.5,0.0,65535.0,0.1360189211871519,0.0,65535.0,0.07212939650568398,0.0,0.0,0.0,0.0,0.0,0.0,0.0,0.0,0.0,0.0
133958.94,0.3398568658735813,0.0,15592.0,37.0,0.24684999999803994,31.8125,32.4375,36.650000000000034,0.0,0.0,0.0,0.0,0.0,20.0,0.3,0.1,0.2,0.1,0.4,0.1,0.1,0.1,0.5,0.0,65535.0,0.13580529488059814,0.0,65535.0,0.07215991454947737,0.0,0.0,0.0,0.0,0.0,0.0,0.0,0.0,0.0,0.0
134018.98,0.36345034187969116,0.0,15592.0,37.0,0.2298499999980287,31.875,32.375,36.77000000000004,0.0,0.0,0.0,0.0,0.0,20.0,0.3,0.1,0.2,0.1,0.4,0.1,0.1,0.1,0.5,0.0,65535.0,0.13607995727473868,0.0,65535.0,0.07179369802395666,0.0,0.0,0.0,0.0,0.0,0.0,0.0,0.0,0.0,0.0
134079.02,0.38724723298292,0.0,15592.0,37.0,0.24664999999802845,31.8125,32.4375,36.710000000000036,0.0,0.0,0.0,0.0,0.0,20.0,0.3,0.1,0.2,0.1,0.4,0.1,0.1,0.1,0.5,0.0,65535.0,0.1355153734645609,0.0,65535.0,0.07182421606775005,0.0,0.0,0.0,0.0,0.0,0.0,0.0,0.0,0.0,0.0
134139.07,0.38269481539189965,0.0,15592.0,37.0,0.24254999999803217,31.875,32.375,36.81,0.0,0.0,0.0,0.0,0.0,20.0,0.3,0.1,0.2,0.1,0.4,0.1,0.1,0.1,0.5,0.0,65535.0,0.1355764095521477,0.0,65535.0,0.07141222247653925,0.0,0.0,0.0,0.0,0.0,0.0,0.0,0.0,0.0,0.0
134199.12,0.40885255145201643,0.0,15592.0,37.0,0.22164999999803528,31.875,32.4375,36.85000000000002,0.0,0.0,0.0,0.0,0.0,20.0,0.3,0.1,0.2,0.1,0.4,0.1,0.1,0.1,0.5,0.0,65535.0,0.13537804226749064,0.0,65535.0,0.07156481269550621,0.0,0.0,0.0,0.0,0.0,0.0,0.0,0.0,0.0,0.0
134259.16,0.44921818530565094,0.0,15592.0,37.0,0.19954999999802356,31.875,32.375,37.190000000000055,0.0,0.0,0.0,0.0,0.0,20.0,0.3,0.1,0.2,0.1,0.4,0.1,0.1,0.1,0.5,0.0,65535.0,0.13615625238422216,0.0,65535.0,0.07165636682688639,0.0,0.0,0.0,0.0,0.0,0.0,0.0,0.0,0.0,0.0
134319.22,0.4522654587456205,0.0,15592.0,37.0,0.24754999999802424,31.875,32.375,36.85000000000002,0.0,0.0,0.0,0.0,0.0,20.0,0.3,0.1,0.2,0.1,0.4,0.1,0.1,0.1,0.5,0.0,65535.0,0.13574425879301136,0.0,65535.0,0.07148851758602273,0.0,0.0,0.0,0.0,0.0,0.0,0.0,0.0,0.0,0.0
134379.27,0.4469136270500653,0.0,15592.0,37.0,0.22664999999802732,31.8125,32.375,36.950000000000045,0.0,0.0,0.0,0.0,0.0,20.0,0.3,0.1,0.2,0.1,0.4,0.1,0.1,0.1,0.5,0.0,65535.0,0.1360036621652552,0.0,65535.0,0.071625848783093,0.0,0.0,0.0,0.0,0.0,0.0,0.0,0.0,0.0,0.0
134439.35,0.4459169030524662,0.0,15592.0,37.0,0.2254499999980267,31.875,32.375,36.93000000000001,0.0,0.0,0.0,0.0,0.0,20.0,0.3,0.1,0.2,0.1,0.4,0.1,0.1,0.1,0.5,0.0,65535.0,0.13588158999008162,0.0,65535.0,0.07170214389257648,0.0,0.0,0.0,0.0,0.0,0.0,0.0,0.0,0.0,0.0
134499.38,0.44469406067213935,0.0,15592.0,37.0,0.22304999999802547,31.875,32.375,36.950000000000045,0.0,0.0,0.0,0.0,0.0,20.0,0.3,0.1,0.2,0.1,0.4,0.1,0.1,0.1,0.5,0.0,65535.0,0.1356069275959411,0.0,65535.0,0.07188525215533684,0.0,0.0,0.0,0.0,0.0,0.0,0.0,0.0,0.0,0.0
134559.46,0.44898402336714627,0.0,15592.0,37.0,0.2677499999980266,31.875,32.375,36.950000000000045,0.0,0.0,0.0,0.0,0.0,20.0,0.3,0.1,0.2,0.1,0.4,0.1,0.1,0.1,0.5,0.0,65535.0,0.13624780651560234,0.0,65535.0,0.07185473411154344,0.0,0.0,0.0,0.0,0.0,0.0,0.0,0.0,0.0,0.0
134619.52,0.44473139904085357,0.0,15592.0,37.0,0.221849999998024,31.875,32.375,36.73000000000002,0.0,0.0,0.0,0.0,0.0,20.0,0.3,0.1,0.2,0.1,0.4,0.1,0.1,0.1,0.5,0.0,65535.0,0.13569848172732127,0.0,65535.0,0.0720225833524071,0.0,0.0,0.0,0.0,0.0,0.0,0.0,0.0,0.0,0.0
134679.56,0.3821022628551316,0.0,15592.0,37.0,0.2424499999980186,31.9375,32.375,36.93000000000001,0.0,0.0,0.0,0.0,0.0,20.0,0.3,0.1,0.2,0.1,0.4,0.1,0.1,0.1,0.5,0.0,65535.0,0.13566796368352788,0.0,65535.0,0.07129015030136568,0.0,0.0,0.0,0.0,0.0,0.0,0.0,0.0,0.0,0.0
134739.63,0.37997510957724945,0.0,15592.0,37.0,0.28924999999801954,31.875,32.375,36.89000000000004,0.0,0.0,0.0,0.0,0.0,20.0,0.3,0.1,0.2,0.1,0.4,0.1,0.1,0.1,0.5,0.0,65535.0,0.13577477683680475,0.0,65535.0,0.071625848783093,0.0,0.0,0.0,0.0,0.0,0.0,0.0,0.0,0.0,0.0
134799.71,0.37781913191923944,0.0,15592.0,37.0,0.2254499999980207,31.875,32.375,37.01000000000005,0.0,0.0,0.0,0.0,0.0,20.0,0.3,0.1,0.2,0.1,0.4,0.1,0.1,0.1,0.5,0.0,65535.0,0.13614099336232546,0.0,65535.0,0.07208361943999389,0.0,0.0,0.0,0.0,0.0,0.0,0.0,0.0,0.0,0.0
134859.79,0.29698179662338964,0.0,15592.0,37.0,0.24044999999802041,31.875,32.375,36.73000000000002,0.0,0.0,0.0,0.0,0.0,20.0,0.3,0.1,0.2,0.1,0.4,0.1,0.1,0.1,0.5,0.0,65535.0,0.13633936064698252,0.0,65535.0,0.0716411078049897,0.0,0.0,0.0,0.0,0.0,0.0,0.0,0.0,0.0,0.0
134919.87,0.33825703354577086,0.0,15592.0,37.0,0.226249999998014,31.9375,32.375,36.97000000000003,0.0,0.0,0.0,0.0,0.0,20.0,0.3,0.1,0.2,0.1,0.4,0.1,0.1,0.1,0.5,0.0,65535.0,0.1364003967345693,0.0,65535.0,0.07173266193636987,0.0,0.0,0.0,0.0,0.0,0.0,0.0,0.0,0.0,0.0
134979.94,0.35501491141549496,0.0,15592.0,37.0,0.27864999999802487,31.8125,32.3125,36.73000000000002,0.0,0.0,0.0,0.0,0.0,20.0,0.3,0.1,0.2,0.1,0.4,0.1,0.1,0.1,0.5,0.0,65535.0,0.13607995727473868,0.0,65535.0,0.07179369802395666,0.0,0.0,0.0,0.0,0.0,0.0,0.0,0.0,0.0,0.0
135040.02,0.4020105488044916,0.0,15592.0,37.0,0.22394999999801693,31.875,32.375,36.85000000000002,0.0,0.0,0.0,0.0,0.0,20.0,0.3,0.1,0.2,0.1,0.4,0.1,0.1,0.1,0.5,0.0,65535.0,0.13623254749370564,0.0,65535.0,0.07199206530861371,0.0,0.0,0.0,0.0,0.0,0.0,0.0,0.0,0.0,0.0
135100.06,0.3714073752460406,0.0,15592.0,37.0,0.22864999999801097,31.875,32.375,36.89000000000004,0.0,0.0,0.0,0.0,0.0,20.0,0.3,0.1,0.2,0.1,0.4,0.1,0.1,0.1,0.5,0.0,65535.0,0.13647669184405278,0.0,65535.0,0.07193102922102693,0.0,0.0,0.0,0.0,0.0,0.0,0.0,0.0,0.0,0.0
135160.1,0.3563424699567209,0.0,15592.0,37.0,0.23074999999800994,31.8125,32.4375,37.01000000000005,0.0,0.0,0.0,0.0,0.0,20.0,0.3,0.1,0.2,0.1,0.4,0.1,0.1,0.1,0.5,0.0,65535.0,0.1359578850995651,0.0,65535.0,0.07177843900205996,0.0,0.0,0.0,0.0,0.0,0.0,0.0,0.0,0.0,0.0
135220.15,0.35201959816257805,0.0,15592.0,37.0,0.26724999999802024,31.875,32.375,36.89000000000004,0.0,0.0,0.0,0.0,0.0,20.0,0.3,0.1,0.2,0.1,0.4,0.1,0.1,0.1,0.5,0.0,65535.0,0.13612573434042877,0.0,65535.0,0.07171740291447318,0.0,0.0,0.0,0.0,0.0,0.0,0.0,0.0,0.0,0.0
135280.19,0.35115542148686274,0.0,15592.0,37.0,0.231949999998008,31.875,32.4375,36.97000000000003,0.0,0.0,0.0,0.0,0.0,20.0,0.3,0.1,0.2,0.1,0.4,0.1,0.1,0.1,0.5,0.0,65535.0,0.13624780651560234,0.0,65535.0,0.07188525215533684,0.0,0.0,0.0,0.0,0.0,0.0,0.0,0.0,0.0,0.0
135340.24,0.3501929434591054,0.0,15592.0,37.0,0.20274999999801607,31.9375,32.375,37.01000000000005,0.0,0.0,0.0,0.0,0.0,20.0,0.3,0.1,0.2,0.1,0.4,0.1,0.1,0.1,0.5,0.0,65535.0,0.13632410162508582,0.0,65535.0,0.07226672770275426,0.0,0.0,0.0,0.0,0.0,0.0,0.0,0.0,0.0,0.0
135400.28,0.3595682445375991,0.0,15592.0,37.0,0.24184999999800721,31.875,32.375,36.690000000000055,0.0,0.0,0.0,0.0,0.0,20.0,0.3,0.1,0.2,0.1,0.4,0.1,0.1,0.1,0.5,0.0,65535.0,0.13633936064698252,0.0,65535.0,0.07196154726482032,0.0,0.0,0.0,0.0,0.0,0.0,0.0,0.0,0.0,0.0
135460.33,0.36352418404817577,0.0,15592.0,37.0,0.24194999999801053,31.875,32.375,36.81,0.0,0.0,0.0,0.0,0.0,20.0,0.3,0.1,0.2,0.1,0.4,0.1,0.1,0.1,0.5,0.0,65535.0,0.13632410162508582,0.0,65535.0,0.071625848783093,0.0,0.0,0.0,0.0,0.0,0.0,0.0,0.0,0.0,0.0
135520.41,0.3619204286108162,0.0,15592.0,37.0,0.2631499999980055,31.875,32.375,36.73000000000002,0.0,0.0,0.0,0.0,0.0,20.0,0.3,0.1,0.2,0.1,0.4,0.1,0.1,0.1,0.5,0.0,65535.0,0.13615625238422216,0.0,65535.0,0.07191577019913023,0.0,0.0,0.0,0.0,0.0,0.0,0.0,0.0,0.0,0.0
135580.49,0.41579028100664245,0.0,15592.0,37.0,0.22934999999800776,31.875,32.375,36.870000000000005,0.0,0.0,0.0,0.0,0.0,20.0,0.3,0.1,0.2,0.1,0.4,0.1,0.1,0.1,0.5,0.0,65535.0,0.1360341802090486,0.0,65535.0,0.07209887846189059,0.0,0.0,0.0,0.0,0.0,0.0,0.0,0.0,0.0,0.0
135640.56,0.3132487343079692,0.0,15592.0,37.0,0.22574999999800677,31.875,32.375,36.950000000000045,0.0,0.0,0.0,0.0,0.0,20.0,0.3,0.1,0.2,0.1,0.4,0.1,0.1,0.1,0.5,0.0,65535.0,0.1363851377126726,0.0,65535.0,0.07235828183413444,0.0,0.0,0.0,0.0,0.0,0.0,0.0,0.0,0.0,0.0
135700.63,0.3166737612751544,0.0,15592.0,37.0,0.2607499999980025,31.9375,32.375,36.81,0.0,0.0,0.0,0.0,0.0,20.0,0.3,0.1,0.2,0.1,0.4,0.1,0.1,0.1,0.5,0.0,65535.0,0.1364309147783627,0.0,65535.0,0.0720225833524071,0.0,0.0,0.0,0.0,0.0,0.0,0.0,0.0,0.0,0.0
135760.69,0.3167737870589488,0.0,15592.0,37.0,0.2428499999980054,31.875,32.375,36.89000000000004,0.0,0.0,0.0,0.0,0.0,20.0,0.3,0.1,0.2,0.1,0.4,0.1,0.1,0.1,0.5,0.0,65535.0,0.1364461738002594,0.0,65535.0,0.07200732433051041,0.0,0.0,0.0,0.0,0.0,0.0,0.0,0.0,0.0,0.0
135820.72,0.3602224551801996,0.0,15592.0,37.0,0.2225499999980088,31.875,32.4375,36.73000000000002,0.0,0.0,0.0,0.0,0.0,20.0,0.3,0.1,0.2,0.1,0.4,0.1,0.1,0.1,0.5,0.0,65535.0,0.13624780651560234,0.0,65535.0,0.07185473411154344,0.0,0.0,0.0,0.0,0.0,0.0,0.0,0.0,0.0,0.0
135880.8,0.3260254963076718,0.0,15592.0,37.0,0.1992499999979973,31.875,32.3125,36.89000000000004,0.0,0.0,0.0,0.0,0.0,20.0,0.3,0.1,0.2,0.1,0.4,0.1,0.1,0.1,0.5,0.0,65535.0,0.1360189211871519,0.0,65535.0,0.07154955367360952,0.0,0.0,0.0,0.0,0.0,0.0,0.0,0.0,0.0,0.0
135940.84,0.337238891180401,0.0,15592.0,37.0,0.22424999999800213,31.8125,32.375,36.870000000000005,0.0,0.0,0.0,0.0,0.0,20.0,0.3,0.1,0.2,0.1,0.4,0.1,0.1,0.1,0.5,0.0,65535.0,0.1363546196688792,0.0,65535.0,0.07182421606775005,0.0,0.0,0.0,0.0,0.0,0.0,0.0,0.0,0.0,0.0
136000.88,0.3748023819349481,0.0,15592.0,37.0,0.24574999999799677,31.875,32.375,36.73000000000002,0.0,0.0,0.0,0.0,0.0,20.0,0.3,0.1,0.2,0.1,0.4,0.1,0.1,0.1,0.5,0.0,65535.0,0.13626306553749903,0.0,65535.0,0.07223620965896085,0.0,0.0,0.0,0.0,0.0,0.0,0.0,0.0,0.0,0.0
136060.93,0.37064582755233183,0.0,15592.0,37.0,0.2251499999979996,31.875,32.375,36.79000000000002,0.0,0.0,0.0,0.0,0.0,20.0,0.3,0.1,0.2,0.1,0.4,0.1,0.1,0.1,0.5,0.0,65535.0,0.13679713130388343,0.0,65535.0,0.07190051117723353,0.0,0.0,0.0,0.0,0.0,0.0,0.0,0.0,0.0,0.0
136120.97,0.37990189913392847,0.0,15592.0,37.0,0.22574999999799902,31.875,32.4375,36.85000000000002,0.0,0.0,0.0,0.0,0.0,20.0,0.3,0.1,0.2,0.1,0.4,0.1,0.1,0.1,0.5,0.0,65535.0,0.1363546196688792,0.0,65535.0,0.07186999313344014,0.0,0.0,0.0,0.0,0.0,0.0,0.0,0.0,0.0,0.0
136181.01,0.37093718753286314,0.0,15592.0,37.0,0.24044999999799901,31.875,32.3125,36.870000000000005,0.0,0.0,0.0,0.0,0.0,20.0,0.3,0.1,0.2,0.1,0.4,0.1,0.1,0.1,0.5,0.0,65535.0,0.1369802395666438,0.0,65535.0,0.07215991454947737,0.0,0.0,0.0,0.0,0.0,0.0,0.0,0.0,0.0,0.0
136241.05,0.3752121765374621,0.0,15592.0,37.0,0.24574999999799332,31.9375,32.375,36.77000000000004,0.0,0.0,0.0,0.0,0.0,20.0,0.3,0.1,0.2,0.1,0.4,0.1,0.1,0.1,0.5,0.0,65535.0,0.1364003967345693,0.0,65535.0,0.07215991454947737,0.0,0.0,0.0,0.0,0.0,0.0,0.0,0.0,0.0,0.0
136301.11,0.34172936810639926,0.0,15592.0,37.0,0.2860499999979984,31.875,32.375,36.870000000000005,0.0,0.0,0.0,0.0,0.0,20.0,0.3,0.1,0.2,0.1,0.4,0.1,0.1,0.1,0.5,0.0,65535.0,0.13658350499732966,0.0,65535.0,0.07182421606775005,0.0,0.0,0.0,0.0,0.0,0.0,0.0,0.0,0.0,0.0
136361.19,0.37173775356350847,0.0,15592.0,37.0,0.26604999999800155,31.875,32.375,36.93000000000001,0.0,0.0,0.0,0.0,0.0,20.0,0.3,0.1,0.2,0.1,0.4,0.1,0.1,0.1,0.5,0.0,65535.0,0.13665980010681314,0.0,65535.0,0.07145799954222934,0.0,0.0,0.0,0.0,0.0,0.0,0.0,0.0,0.0,0.0
136421.24,0.3590139404270749,0.0,15592.0,37.0,0.1877499999979983,31.875,32.375,36.81,0.0,0.0,0.0,0.0,0.0,20.0,0.3,0.1,0.2,0.1,0.4,0.1,0.1,0.1,0.5,0.0,65535.0,0.13661402304112305,0.0,65535.0,0.0720378423743038,0.0,0.0,0.0,0.0,0.0,0.0,0.0,0.0,0.0,0.0
136481.29,0.37288195132605884,0.0,15592.0,37.0,0.1973499999979978,31.875,32.375,36.710000000000036,0.0,0.0,0.0,0.0,0.0,20.0,0.3,0.1,0.2,0.1,0.4,0.1,0.1,0.1,0.5,0.0,65535.0,0.13685816739147022,0.0,65535.0,0.07215991454947737,0.0,0.0,0.0,0.0,0.0,0.0,0.0,0.0,0.0,0.0
136541.36,0.34308406684820436,0.0,15592.0,37.0,0.276849999998,31.9375,32.375,36.710000000000036,0.0,0.0,0.0,0.0,0.0,20.0,0.3,0.1,0.2,0.1,0.4,0.1,0.1,0.1,0.5,0.0,65535.0,0.13673609521629665,0.0,65535.0,0.07225146868085755,0.0,0.0,0.0,0.0,0.0,0.0,0.0,0.0,0.0,0.0
136601.42,0.34290176872088407,0.0,15592.0,37.0,0.2254499999979924,31.8125,32.375,36.85000000000002,0.0,0.0,0.0,0.0,0.0,20.0,0.3,0.1,0.2,0.1,0.4,0.1,0.1,0.1,0.5,0.0,65535.0,0.13719386587319754,0.0,65535.0,0.07222095063706416,0.0,0.0,0.0,0.0,0.0,0.0,0.0,0.0,0.0,0.0
136661.47,0.3755268746894752,0.0,15592.0,37.0,0.24014999999799239,31.875,32.375,36.650000000000034,0.0,0.0,0.0,0.0,0.0,20.0,0.3,0.1,0.2,0.1,0.4,0.1,0.1,0.1,0.5,0.0,65535.0,0.13653772793163957,0.0,65535.0,0.07225146868085755,0.0,0.0,0.0,0.0,0.0,0.0,0.0,0.0,0.0,0.0
136721.52,0.36340794376062713,0.0,15592.0,37.0,0.22984999999798586,31.9375,32.375,36.97000000000003,0.0,0.0,0.0,0.0,0.0,20.0,0.3,0.1,0.2,0.1,0.4,0.1,0.1,0.1,0.5,0.0,65535.0,0.13685816739147022,0.0,65535.0,0.07223620965896085,0.0,0.0,0.0,0.0,0.0,0.0,0.0,0.0,0.0,0.0
136781.56,0.31907773674759143,0.0,15592.0,37.0,0.24544999999798503,31.8125,32.375,36.85000000000002,0.0,0.0,0.0,0.0,0.0,20.0,0.3,0.1,0.2,0.1,0.4,0.1,0.1,0.1,0.5,0.0,65535.0,0.1364614328221561,0.0,65535.0,0.07168688487067978,0.0,0.0,0.0,0.0,0.0,0.0,0.0,0.0,0.0,0.0
136841.62,0.3275462713601457,0.0,15592.0,37.0,0.2919499999979854,31.8125,32.375,36.79000000000002,0.0,0.0,0.0,0.0,0.0,20.0,0.3,0.1,0.2,0.1,0.4,0.1,0.1,0.1,0.5,0.0,65535.0,0.13676661326009004,0.0,65535.0,0.0720683604180972,0.0,0.0,0.0,0.0,0.0,0.0,0.0,0.0,0.0,0.0
136901.67,0.3306987683733822,0.0,15592.0,37.0,0.24194999999798736,31.9375,32.375,36.77000000000004,0.0,0.0,0.0,0.0,0.0,20.0,0.3,0.1,0.2,0.1,0.4,0.1,0.1,0.1,0.5,0.0,65535.0,0.136919203479057,0.0,65535.0,0.07185473411154344,0.0,0.0,0.0,0.0,0.0,0.0,0.0,0.0,0.0,0.0
136961.71,0.37126070752625273,0.0,15592.0,37.0,0.23284999999798142,31.875,32.375,36.97000000000003,0.0,0.0,0.0,0.0,0.0,20.0,0.3,0.1,0.2,0.1,0.4,0.1,0.1,0.1,0.5,0.0,65535.0,0.13678187228198674,0.0,65535.0,0.07191577019913023,0.0,0.0,0.0,0.0,0.0,0.0,0.0,0.0,0.0,0.0
137021.76,0.3733374448847097,0.0,15592.0,37.0,0.24814999999798085,31.9375,32.375,36.950000000000045,0.0,0.0043,0.25,0.0,0.0,20.0,0.3,0.1,0.2,0.1,0.4,0.1,0.1,0.1,0.5,0.0,65535.0,0.13720912489509424,0.0,65535.0,0.07193102922102693,0.0,0.0,0.0,0.0,0.0,0.0,0.0,0.0,0.0,0.0
137081.8,0.34180162048754387,0.0,15592.0,37.0,0.29564999999798625,31.8125,32.4375,36.73000000000002,0.0,0.0,0.0,0.0,0.0,20.0,0.3,0.1,0.2,0.1,0.4,0.1,0.1,0.1,0.5,0.0,65535.0,0.1342946517128252,0.0,65535.0,0.07100022888532845,0.0,0.0,0.0,0.0,0.0,0.0,0.0,0.0,0.0,0.0
137141.84,0.3573959893136609,0.0,15592.0,37.0,0.2954499999979907,31.8125,32.4375,36.63000000000005,0.0,0.0,0.0,0.0,0.0,20.0,0.3,0.1,0.2,0.1,0.4,0.1,0.1,0.1,0.5,0.0,65535.0,0.13412680247196154,0.0,65535.0,0.07045090409704738,0.0,0.0,0.0,0.0,0.0,0.0,0.0,0.0,0.0,0.0
137201.89,0.3439393928169971,0.0,15592.0,37.0,0.2769499999979791,31.9375,32.4375,36.950000000000045,0.0,0.0,0.0,0.0,0.0,20.0,0.3,0.1,0.2,0.1,0.4,0.1,0.1,0.1,0.5,0.0,65535.0,0.13443198290989547,0.0,65535.0,0.07025253681239033,0.0,0.0,0.0,0.0,0.0,0.0,0.0,0.0,0.0,0.0
137261.95,0.34517516128837133,0.0,15592.0,37.0,0.28104999999798785,31.9375,32.375,37.05000000000001,0.0,0.0,0.0,0.0,0.0,20.0,0.3,0.1,0.2,0.1,0.4,0.1,0.1,0.1,0.5,0.0,65535.0,0.13400473029678797,0.0,65535.0,0.07060349431601434,0.0,0.0,0.0,0.0,0.0,0.0,0.0,0.0,0.0,0.0
137321.99,0.3378835591165702,0.0,15592.0,37.0,0.21654999999798455,31.9375,32.375,36.79000000000002,0.0,0.0,0.0,0.0,0.0,20.0,0.3,0.1,0.2,0.1,0.4,0.1,0.1,0.1,0.5,0.0,65535.0,0.13406576638437476,0.0,65535.0,0.07031357289997711,0.0,0.0,0.0,0.0,0.0,0.0,0.0,0.0,0.0,0.0
137382.06,0.3506857714547441,0.0,15592.0,37.0,0.21564999999798365,31.9375,32.375,36.93000000000001,0.0,0.0,0.0,0.0,0.0,20.0,0.3,0.1,0.2,0.1,0.4,0.1,0.1,0.1,0.5,0.0,65535.0,0.13401998931868467,0.0,65535.0,0.07072556649118791,0.0,0.0,0.0,0.0,0.0,0.0,0.0,0.0,0.0,0.0
137442.16,0.34435187535742884,0.0,15592.0,37.0,0.18554999999797664,32.0,32.375,36.89000000000004,0.0,0.0,0.0,0.0,0.0,20.0,0.3,0.1,0.2,0.1,0.4,0.1,0.1,0.1,0.5,0.0,65535.0,0.1343404287785153,0.0,65535.0,0.07032883192187381,0.0,0.0,0.0,0.0,0.0,0.0,0.0,0.0,0.0,0.0
137502.23,0.33476816953878746,0.0,15592.0,37.0,0.22934999999797773,31.9375,32.375,36.870000000000005,0.0,0.0,0.0,0.0,0.0,20.0,0.3,0.1,0.2,0.1,0.4,0.1,0.1,0.1,0.5,0.0,65535.0,0.1342946517128252,0.0,65535.0,0.07043564507515068,0.0,0.0,0.0,0.0,0.0,0.0,0.0,0.0,0.0,0.0
137562.31,0.3399915403447264,0.0,15592.0,37.0,0.24994999999797235,31.9375,32.375,36.85000000000002,0.0,0.0,0.0,0.0,0.0,20.0,0.3,0.1,0.2,0.1,0.4,0.1,0.1,0.1,0.5,0.0,65535.0,0.13420309758144502,0.0,65535.0,0.07055771725032425,0.0,0.0,0.0,0.0,0.0,0.0,0.0,0.0,0.0,0.0
137622.36,0.3479873827073445,0.0,15592.0,37.0,0.21404999999797486,31.875,32.375,36.81,0.0,0.0,0.0,0.0,0.0,20.0,0.3,0.1,0.2,0.1,0.4,0.1,0.1,0.1,0.5,0.0,65535.0,0.1343099107347219,0.0,65535.0,0.07054245822842756,0.0,0.0,0.0,0.0,0.0,0.0,0.0,0.0,0.0,0.0
137682.43,0.3308159913238161,0.0,15592.0,37.0,0.19104999999797814,31.875,32.375,36.870000000000005,0.0,0.0,0.0,0.0,0.0,20.0,0.3,0.1,0.2,0.1,0.4,0.1,0.1,0.1,0.5,0.0,65535.0,0.1342793926909285,0.0,65535.0,0.0708018616006714,0.0,0.0,0.0,0.0,0.0,0.0,0.0,0.0,0.0,0.0
137742.5,0.3266113626021192,0.0,15592.0,37.0,0.24254999999797477,31.8125,32.375,37.03000000000003,0.0,0.0,0.0,0.0,0.0,20.0,0.3,0.1,0.2,0.1,0.4,0.1,0.1,0.1,0.5,0.0,65535.0,0.1346761272602426,0.0,65535.0,0.07069504844739452,0.0,0.0,0.0,0.0,0.0,0.0,0.0,0.0,0.0,0.0
137802.57,0.35624044490980356,0.0,15592.0,37.0,0.26344999999797,31.9375,32.375,36.93000000000001,0.0,0.0,0.0,0.0,0.0,20.0,0.3,0.1,0.2,0.1,0.4,0.1,0.1,0.1,0.5,0.0,65535.0,0.13453879606317234,0.0,65535.0,0.07084763866636148,0.0,0.0,0.0,0.0,0.0,0.0,0.0,0.0,0.0,0.0
137862.64,0.327624509688311,0.0,15592.0,37.0,0.2434499999979731,31.9375,32.375,36.81,0.0,0.0,0.0,0.0,0.0,20.0,0.3,0.1,0.2,0.1,0.4,0.1,0.1,0.1,0.5,0.0,65535.0,0.13420309758144502,0.0,65535.0,0.07069504844739452,0.0,0.0,0.0,0.0,0.0,0.0,0.0,0.0,0.0,0.0
137922.68,0.3292651458090583,0.0,15592.0,37.0,0.24074999999797214,31.8125,32.375,36.77000000000004,0.0,0.0,0.0,0.0,0.0,20.0,0.3,0.1,0.2,0.1,0.4,0.1,0.1,0.1,0.5,0.0,65535.0,0.1342946517128252,0.0,65535.0,0.07060349431601434,0.0,0.0,0.0,0.0,0.0,0.0,0.0,0.0,0.0,0.0
137982.72,0.3287311007477755,0.0,15592.0,37.0,0.2257499999979707,31.9375,32.375,36.93000000000001,0.0,0.0,0.0,0.0,0.0,20.0,0.3,0.1,0.2,0.1,0.4,0.1,0.1,0.1,0.5,0.0,65535.0,0.13414206149385824,0.0,65535.0,0.07064927138170443,0.0,0.0,0.0,0.0,0.0,0.0,0.0,0.0,0.0,0.0
138042.77,0.35718869679855636,0.0,15592.0,37.0,0.2298499999979653,31.875,32.375,36.77000000000004,0.0,0.0,0.0,0.0,0.0,20.0,0.3,0.1,0.2,0.1,0.4,0.1,0.1,0.1,0.5,0.0,65535.0,0.13418783855954833,0.0,65535.0,0.07104600595101854,0.0,0.0,0.0,0.0,0.0,0.0,0.0,0.0,0.0,0.0
138102.81,0.36698472196410725,0.0,15592.0,37.0,0.27374999999797056,31.875,32.375,36.81,0.0,0.0,0.0,0.0,0.0,20.0,0.3,0.1,0.2,0.1,0.4,0.1,0.1,0.1,0.5,0.0,65535.0,0.13466086823834592,0.0,65535.0,0.07063401235980774,0.0,0.0,0.0,0.0,0.0,0.0,0.0,0.0,0.0,0.0
138162.89,0.394017653562817,0.0,15592.0,37.0,0.2764499999979698,31.9375,32.375,36.89000000000004,0.0,0.0,0.0,0.0,0.0,20.0,0.3,0.1,0.2,0.1,0.4,0.1,0.1,0.1,0.5,0.0,65535.0,0.13461509117265583,0.0,65535.0,0.07066453040360113,0.0,0.0,0.0,0.0,0.0,0.0,0.0,0.0,0.0,0.0
138222.97,0.38978706024814147,0.0,15592.0,37.0,0.20164999999796082,31.875,32.375,36.93000000000001,0.0,0.0,0.0,0.0,0.0,20.0,0.3,0.1,0.2,0.1,0.4,0.1,0.1,0.1,0.5,0.0,65535.0,0.13464560921644922,0.0,65535.0,0.07048142214084077,0.0,0.0,0.0,0.0,0.0,0.0,0.0,0.0,0.0,0.0
138283.04,0.3963225716658001,0.0,15592.0,37.0,0.24044999999796646,31.875,32.375,36.93000000000001,0.0,0.0,0.0,0.0,0.0,20.0,0.3,0.1,0.2,0.1,0.4,0.1,0.1,0.1,0.5,0.0,65535.0,0.13438620584420538,0.0,65535.0,0.07061875333791104,0.0,0.0,0.0,0.0,0.0,0.0,0.0,0.0,0.0,0.0
138343.12,0.36106660156052695,0.0,15592.0,37.0,0.22694999999796536,31.875,32.375,36.93000000000001,0.0,0.0,0.0,0.0,0.0,20.0,0.3,0.1,0.2,0.1,0.4,0.1,0.1,0.1,0.5,0.0,65535.0,0.13455405508506904,0.0,65535.0,0.07052719920653086,0.0,0.0,0.0,0.0,0.0,0.0,0.0,0.0,0.0,0.0
138403.18,0.3681121606943063,0.0,15592.0,37.0,0.23254999999795942,31.875,32.375,36.89000000000004,0.0,0.0,0.0,0.0,0.0,20.0,0.3,0.1,0.2,0.1,0.4,0.1,0.1,0.1,0.5,0.0,65535.0,0.13440146486610208,0.0,65535.0,0.07058823529411765,0.0,0.0,0.0,0.0,0.0,0.0,0.0,0.0,0.0,0.0
138463.25,0.37150925291918113,0.0,15592.0,37.0,0.2890499999979657,31.875,32.375,36.93000000000001,0.0,0.0,0.0,0.0,0.0,20.0,0.3,0.1,0.2,0.1,0.4,0.1,0.1,0.1,0.5,0.0,65535.0,0.13492027161058975,0.0,65535.0,0.0707866025787747,0.0,0.0,0.0,0.0,0.0,0.0,0.0,0.0,0.0,0.0
138523.3,0.36984151009417154,0.0,15592.0,37.0,0.2264499999979675,31.875,32.375,36.73000000000002,0.0,0.0,0.0,0.0,0.0,20.0,0.3,0.1,0.2,0.1,0.4,0.1,0.1,0.1,0.5,0.0,65535.0,0.13458457312886243,0.0,65535.0,0.07084763866636148,0.0,0.0,0.0,0.0,0.0,0.0,0.0,0.0,0.0,0.0
138583.35,0.36978496813505946,0.0,15592.0,37.0,0.20934999999796627,31.875,32.375,36.93000000000001,0.0,0.0,0.0,0.0,0.0,20.0,0.3,0.1,0.2,0.1,0.4,0.1,0.1,0.1,0.5,0.0,65535.0,0.13401998931868467,0.0,65535.0,0.07107652399481193,0.0,0.0,0.0,0.0,0.0,0.0,0.0,0.0,0.0,0.0
138643.39,0.3533658446510721,0.0,15592.0,37.0,0.2195499999979661,31.9375,32.4375,36.870000000000005,0.0,0.0,0.0,0.0,0.0,20.0,0.3,0.1,0.2,0.1,0.4,0.1,0.1,0.1,0.5,0.0,65535.0,0.13482871747920958,0.0,65535.0,0.07107652399481193,0.0,0.0,0.0,0.0,0.0,0.0,0.0,0.0,0.0,0.0
138703.44,0.35387923099984864,0.0,15592.0,37.0,0.2248499999979604,31.8125,32.375,36.710000000000036,0.0,0.0,0.0,0.0,0.0,20.0,0.3,0.1,0.2,0.1,0.4,0.1,0.1,0.1,0.5,0.0,65535.0,0.13482871747920958,0.0,65535.0,0.07072556649118791,0.0,0.0,0.0,0.0,0.0,0.0,0.0,0.0,0.0,0.0
138763.5,0.37440657979453834,0.0,15592.0,37.0,0.26724999999796617,31.9375,32.375,36.89000000000004,0.0,0.0,0.0,0.0,0.0,20.0,0.3,0.1,0.2,0.1,0.4,0.1,0.1,0.1,0.5,0.0,65535.0,0.1347219043259327,0.0,65535.0,0.07071030746929122,0.0,0.0,0.0,0.0,0.0,0.0,0.0,0.0,0.0,0.0
138823.54,0.35599610033391194,0.0,15592.0,37.0,0.2619499999979551,31.9375,32.375,36.73000000000002,0.0,0.0,0.0,0.0,0.0,20.0,0.3,0.1,0.2,0.1,0.4,0.1,0.1,0.1,0.5,0.0,65535.0,0.13490501258869306,0.0,65535.0,0.07095445181963836,0.0,0.0,0.0,0.0,0.0,0.0,0.0,0.0,0.0,0.0
138883.61,0.4000443815995511,0.0,15592.0,37.0,0.22104999999796215,31.875,32.375,36.97000000000003,0.0,0.0,0.0,0.0,0.0,20.0,0.3,0.1,0.2,0.1,0.4,0.1,0.1,0.1,0.5,0.0,65535.0,0.134706645304036,0.0,65535.0,0.07098496986343175,0.0,0.0,0.0,0.0,0.0,0.0,0.0,0.0,0.0,0.0
138943.67,0.3815234346273476,0.0,15592.0,37.0,0.2625499999979528,31.875,32.375,36.77000000000004,0.0,0.0,0.0,0.0,0.0,20.0,0.3,0.1,0.2,0.1,0.4,0.1,0.1,0.1,0.5,0.0,65535.0,0.1347219043259327,0.0,65535.0,0.07072556649118791,0.0,0.0,0.0,0.0,0.0,0.0,0.0,0.0,0.0,0.0
139003.74,0.3828208962955912,0.0,15592.0,37.0,0.25434999999796115,31.875,32.3125,37.170000000000016,0.0,0.0,0.0,0.0,0.0,20.0,0.3,0.1,0.2,0.1,0.4,0.1,0.1,0.1,0.5,0.0,65535.0,0.1347371633478294,0.0,65535.0,0.07109178301670863,0.0,0.0,0.0,0.0,0.0,0.0,0.0,0.0,0.0,0.0
139063.82,0.3789081692959654,0.0,15592.0,37.0,0.2540499999979605,31.9375,32.375,36.950000000000045,0.0,0.0,0.0,0.0,0.0,20.0,0.3,0.1,0.2,0.1,0.4,0.1,0.1,0.1,0.5,0.0,65535.0,0.1351644159609369,0.0,65535.0,0.07090867475394827,0.0,0.0,0.0,0.0,0.0,0.0,0.0,0.0,0.0,0.0
139123.89,0.35805261426097224,0.0,15592.0,37.0,0.2431499999979545,31.9375,32.375,36.79000000000002,0.0,0.0,0.0,0.0,0.0,20.0,0.3,0.1,0.2,0.1,0.4,0.1,0.1,0.1,0.5,0.0,65535.0,0.1347829404135195,0.0,65535.0,0.07063401235980774,0.0,0.0,0.0,0.0,0.0,0.0,0.0,0.0,0.0,0.0
139183.96,0.34070610400655504,0.0,15592.0,37.0,0.22724999999795303,31.9375,32.375,36.93000000000001,0.0,0.0,0.0,0.0,0.0,20.0,0.3,0.1,0.2,0.1,0.4,0.1,0.1,0.1,0.5,0.0,65535.0,0.13499656672007324,0.0,65535.0,0.07104600595101854,0.0,0.0,0.0,0.0,0.0,0.0,0.0,0.0,0.0,0.0
139244.04,0.3440824458655236,0.0,15592.0,37.0,0.22424999999795234,31.9375,32.375,36.81,0.0,0.0,0.0,0.0,0.0,20.0,0.3,0.1,0.2,0.1,0.4,0.1,0.1,0.1,0.5,0.0,65535.0,0.13493553063248645,0.0,65535.0,0.0707866025787747,0.0,0.0,0.0,0.0,0.0,0.0,0.0,0.0,0.0,0.0
139304.11,0.3590825934404151,0.0,15592.0,37.0,0.23714999999795225,31.9375,32.3125,36.73000000000002,0.0,0.0,0.0,0.0,0.0,20.0,0.3,0.1,0.2,0.1,0.4,0.1,0.1,0.1,0.5,0.0,65535.0,0.1351338979171435,0.0,65535.0,0.07098496986343175,0.0,0.0,0.0,0.0,0.0,0.0,0.0,0.0,0.0,0.0
139364.19,0.360457590656526,0.0,15592.0,37.0,0.24004999999794618,31.75,32.4375,36.870000000000005,0.0,0.0,0.0,0.0,0.0,20.0,0.3,0.1,0.2,0.1,0.4,0.1,0.1,0.1,0.5,0.0,65535.0,0.13487449454489966,0.0,65535.0,0.07098496986343175,0.0,0.0,0.0,0.0,0.0,0.0,0.0,0.0,0.0,0.0
139424.26,0.34324702345716707,0.0,15592.0,37.0,0.2871499999979468,31.8125,32.375,36.53000000000003,0.0,0.0,0.0,0.0,0.0,20.0,0.3,0.1,0.2,0.1,0.4,0.1,0.1,0.1,0.5,0.0,65535.0,0.13501182574196993,0.0,65535.0,0.07074082551308461,0.0,0.0,0.0,0.0,0.0,0.0,0.0,0.0,0.0,0.0
139484.33,0.3371024461241421,0.0,15592.0,37.0,0.27014999999794975,31.8125,32.375,36.85000000000002,0.0,0.0,0.0,0.0,0.0,20.0,0.3,0.1,0.2,0.1,0.4,0.1,0.1,0.1,0.5,0.0,65535.0,0.13493553063248645,0.0,65535.0,0.07090867475394827,0.0,0.0,0.0,0.0,0.0,0.0,0.0,0.0,0.0,0.0
139544.41,0.33050869200658034,0.0,15592.0,37.0,0.2642499999979534,31.875,32.4375,36.89000000000004,0.0,0.0,0.0,0.0,0.0,20.0,0.3,0.1,0.2,0.1,0.4,0.1,0.1,0.1,0.5,0.0,65535.0,0.1351644159609369,0.0,65535.0,0.07104600595101854,0.0,0.0,0.0,0.0,0.0,0.0,0.0,0.0,0.0,0.0
139604.48,0.3552719550147058,0.0,15592.0,37.0,0.23954999999794663,31.8125,32.375,36.89000000000004,0.0,0.0,0.0,0.0,0.0,20.0,0.3,0.1,0.2,0.1,0.4,0.1,0.1,0.1,0.5,0.0,65535.0,0.1351491569390402,0.0,65535.0,0.07101548790722514,0.0,0.0,0.0,0.0,0.0,0.0,0.0,0.0,0.0,0.0
139664.52,0.380135199361775,0.0,15592.0,37.0,0.2672499999979515,31.875,32.375,36.690000000000055,0.0,0.0,0.0,0.0,0.0,20.0,0.3,0.1,0.2,0.1,0.4,0.1,0.1,0.1,0.5,0.0,65535.0,0.13546959639887082,0.0,65535.0,0.07086289768825818,0.0,0.0,0.0,0.0,0.0,0.0,0.0,0.0,0.0,0.0
139724.59,0.37117146606693285,0.0,15592.0,37.0,0.3108499999979429,31.875,32.4375,36.870000000000005,0.0,0.0,0.0,0.0,0.0,20.0,0.3,0.1,0.2,0.1,0.4,0.1,0.1,0.1,0.5,0.0,65535.0,0.13542381933318073,0.0,65535.0,0.07176317998016327,0.0,0.0,0.0,0.0,0.0,0.0,0.0,0.0,0.0,0.0
139784.66,0.38798746244619264,0.0,15592.0,37.0,0.24614999999794404,31.9375,32.375,36.97000000000003,0.0,0.0,0.0,0.0,0.0,20.0,0.3,0.1,0.2,0.1,0.4,0.1,0.1,0.1,0.5,0.0,65535.0,0.1351949340047303,0.0,65535.0,0.07092393377584497,0.0,0.0,0.0,0.0,0.0,0.0,0.0,0.0,0.0,0.0
139844.74,0.3824061446224941,0.0,15592.0,37.0,0.22344999999794707,31.875,32.375,36.870000000000005,0.0,0.0,0.0,0.0,0.0,20.0,0.3,0.1,0.2,0.1,0.4,0.1,0.1,0.1,0.5,0.0,65535.0,0.1350881208514534,0.0,65535.0,0.07103074692912184,0.0,0.0,0.0,0.0,0.0,0.0,0.0,0.0,0.0,0.0
139904.81,0.3483716809982355,0.0,15592.0,37.0,0.22874999999794138,31.9375,32.4375,36.950000000000045,0.0,0.0,0.0,0.0,0.0,20.0,0.3,0.1,0.2,0.1,0.4,0.1,0.1,0.1,0.5,0.0,65535.0,0.13485923552300297,0.0,65535.0,0.07095445181963836,0.0,0.0,0.0,0.0,0.0,0.0,0.0,0.0,0.0,0.0
139964.89,0.3782395678688796,0.0,15592.0,37.0,0.23344999999793542,31.9375,32.375,37.01000000000005,0.0,0.0,0.0,0.0,0.0,20.0,0.3,0.1,0.2,0.1,0.4,0.1,0.1,0.1,0.5,0.0,65535.0,0.1351796749828336,0.0,65535.0,0.07139696345464255,0.0,0.0,0.0,0.0,0.0,0.0,0.0,0.0,0.0,0.0
140024.97,0.37783030900695347,0.0,15592.0,37.0,0.28614999999794605,31.875,32.375,36.950000000000045,0.0,0.0,0.0,0.0,0.0,20.0,0.3,0.1,0.2,0.1,0.4,0.1,0.1,0.1,0.5,0.0,65535.0,0.13492027161058975,0.0,65535.0,0.07110704203860532,0.0,0.0,0.0,0.0,0.0,0.0,0.0,0.0,0.0,0.0
140085.04,0.38106530723016063,0.0,15592.0,37.0,0.23704999999793386,31.9375,32.4375,36.950000000000045,0.0,0.0,0.0,0.0,0.0,20.0,0.3,0.1,0.2,0.1,0.4,0.1,0.1,0.1,0.5,0.0,65535.0,0.13505760280766002,0.0,65535.0,0.07084763866636148,0.0,0.0,0.0,0.0,0.0,0.0,0.0,0.0,0.0,0.0
140145.12,0.3163712796320637,0.0,15592.0,37.0,0.20314999999793115,31.875,32.375,36.93000000000001,0.0,0.0,0.0,0.0,0.0,20.0,0.3,0.1,0.2,0.1,0.4,0.1,0.1,0.1,0.5,0.0,65535.0,0.13550011444266422,0.0,65535.0,0.0711833371480888,0.0,0.0,0.0,0.0,0.0,0.0,0.0,0.0,0.0,0.0
140205.18,0.3219410344317179,0.0,15592.0,37.0,0.2434499999979363,31.8125,32.375,36.89000000000004,0.0,0.0,0.0,0.0,0.0,20.0,0.3,0.1,0.2,0.1,0.4,0.1,0.1,0.1,0.5,0.0,65535.0,0.13531700617990386,0.0,65535.0,0.07092393377584497,0.0,0.0,0.0,0.0,0.0,0.0,0.0,0.0,0.0,0.0
140265.25,0.34143881899247186,0.0,15592.0,37.0,0.24464999999793519,31.9375,32.375,37.09000000000003,0.0,0.0,0.0,0.0,0.0,20.0,0.3,0.1,0.2,0.1,0.4,0.1,0.1,0.1,0.5,0.0,65535.0,0.1356069275959411,0.0,65535.0,0.07083237964446479,0.0,0.0,0.0,0.0,0.0,0.0,0.0,0.0,0.0,0.0
140325.31,0.36355634199029313,0.0,15592.0,37.0,0.2764499999979355,31.9375,32.375,36.93000000000001,0.0,0.0,0.0,0.0,0.0,20.0,0.3,0.1,0.2,0.1,0.4,0.1,0.1,0.1,0.5,0.0,65535.0,0.135561150530251,0.0,65535.0,0.0711985961699855,0.0,0.0,0.0,0.0,0.0,0.0,0.0,0.0,0.0,0.0
140385.39,0.36704768375228003,0.0,15592.0,37.0,0.224049999997938,31.9375,32.375,36.81,0.0,0.0,0.0,0.0,0.0,20.0,0.3,0.1,0.2,0.1,0.4,0.1,0.1,0.1,0.5,0.0,65535.0,0.13542381933318073,0.0,65535.0,0.07100022888532845,0.0,0.0,0.0,0.0,0.0,0.0,0.0,0.0,0.0,0.0
140445.46,0.36180796938077703,0.0,15592.0,37.0,0.24604999999792793,31.9375,32.375,37.13000000000005,0.0,0.0,0.0,0.0,0.0,20.0,0.3,0.1,0.2,0.1,0.4,0.1,0.1,0.1,0.5,0.0,65535.0,0.13521019302662698,0.0,65535.0,0.0711833371480888,0.0,0.0,0.0,0.0,0.0,0.0,0.0,0.0,0.0,0.0
140505.52,0.36189804961532535,0.0,15592.0,37.0,0.26314999999792743,31.875,32.375,36.77000000000004,0.0,0.0,0.0,0.0,0.0,20.0,0.3,0.1,0.2,0.1,0.4,0.1,0.1,0.1,0.5,0.0,65535.0,0.13550011444266422,0.0,65535.0,0.07100022888532845,0.0,0.0,0.0,0.0,0.0,0.0,0.0,0.0,0.0,0.0
140565.57,0.36860853981223063,0.0,15592.0,37.0,0.2540499999979357,31.9375,32.375,37.03000000000003,0.0,0.0,0.0,0.0,0.0,20.0,0.3,0.1,0.2,0.1,0.4,0.1,0.1,0.1,0.5,0.0,65535.0,0.13563744563973448,0.0,65535.0,0.07151903562981612,0.0,0.0,0.0,0.0,0.0,0.0,0.0,0.0,0.0,0.0
140625.61,0.39704104063511925,0.0,15592.0,37.0,0.23074999999792423,31.9375,32.375,36.73000000000002,0.0,0.0,0.0,0.0,0.0,20.0,0.3,0.1,0.2,0.1,0.4,0.1,0.1,0.1,0.5,0.0,65535.0,0.13582055390249484,0.0,65535.0,0.0708018616006714,0.0,0.0,0.0,0.0,0.0,0.0,0.0,0.0,0.0,0.0
140685.69,0.3926343313265715,0.0,15592.0,37.0,0.18804999999793123,31.9375,32.375,37.01000000000005,0.0,0.0,0.0,0.0,0.0,20.0,0.3,0.1,0.2,0.1,0.4,0.1,0.1,0.1,0.5,0.0,65535.0,0.1356069275959411,0.0,65535.0,0.07100022888532845,0.0,0.0,0.0,0.0,0.0,0.0,0.0,0.0,0.0,0.0
140745.77,0.3362771524998835,0.0,15592.0,37.0,0.24164999999792766,31.9375,32.375,36.870000000000005,0.0,0.0,0.0,0.0,0.0,20.0,0.3,0.1,0.2,0.1,0.4,0.1,0.1,0.1,0.5,0.0,65535.0,0.13572899977111466,0.0,65535.0,0.07124437323567559,0.0,0.0,0.0,0.0,0.0,0.0,0.0,0.0,0.0,0.0
140805.84,0.32438689464453,0.0,15592.0,37.0,0.24284999999792656,31.875,32.375,36.97000000000003,0.0,0.0,0.0,0.0,0.0,20.0,0.3,0.1,0.2,0.1,0.4,0.1,0.1,0.1,0.5,0.0,65535.0,0.13537804226749064,0.0,65535.0,0.07100022888532845,0.0,0.0,0.0,0.0,0.0,0.0,0.0,0.0,0.0,0.0
140865.92,0.33922979514346363,0.0,15592.0,37.0,0.26074999999792103,31.9375,32.4375,36.870000000000005,0.0,0.0,0.0,0.0,0.0,20.0,0.3,0.1,0.2,0.1,0.4,0.1,0.1,0.1,0.5,0.0,65535.0,0.13574425879301136,0.0,65535.0,0.07083237964446479,0.0,0.0,0.0,0.0,0.0,0.0,0.0,0.0,0.0,0.0
140925.96,0.34825317348411206,0.0,15592.0,37.0,0.2672499999979302,31.875,32.375,36.93000000000001,0.0,0.0,0.0,0.0,0.0,20.0,0.3,0.1,0.2,0.1,0.4,0.1,0.1,0.1,0.5,0.0,65535.0,0.1360189211871519,0.0,65535.0,0.07158007171740291,0.0,0.0,0.0,0.0,0.0,0.0,0.0,0.0,0.0,0.0
140986.0,0.35379572875384485,0.0,15592.0,37.0,0.26844999999792996,31.9375,32.375,36.710000000000036,0.0,0.0,0.0,0.0,0.0,20.0,0.3,0.1,0.2,0.1,0.4,0.1,0.1,0.1,0.5,0.0,65535.0,0.1355458915083543,0.0,65535.0,0.07086289768825818,0.0,0.0,0.0,0.0,0.0,0.0,0.0,0.0,0.0,0.0
141046.08,0.3747543773235987,0.0,15592.0,37.0,0.22664999999792276,31.9375,32.375,36.89000000000004,0.0,0.0,0.0,0.0,0.0,20.0,0.3,0.1,0.2,0.1,0.4,0.1,0.1,0.1,0.5,0.0,65535.0,0.13574425879301136,0.0,65535.0,0.07116807812619211,0.0,0.0,0.0,0.0,0.0,0.0,0.0,0.0,0.0,0.0
141106.15,0.3816722993978426,0.0,15592.0,37.0,0.27224999999792393,32.0,32.4375,36.870000000000005,0.0,0.0,0.0,0.0,0.0,20.0,0.3,0.1,0.2,0.1,0.4,0.1,0.1,0.1,0.5,0.0,65535.0,0.135561150530251,0.0,65535.0,0.07095445181963836,0.0,0.0,0.0,0.0,0.0,0.0,0.0,0.0,0.0,0.0
141166.19,0.3813954796284849,0.0,15592.0,37.0,0.28874999999792395,31.8125,32.375,36.73000000000002,0.0,0.0,0.0,0.0,0.0,20.0,0.3,0.1,0.2,0.1,0.4,0.1,0.1,0.1,0.5,0.0,65535.0,0.13606469825284198,0.0,65535.0,0.07133592736705577,0.0,0.0,0.0,0.0,0.0,0.0,0.0,0.0,0.0,0.0
141226.24,0.37925616052308503,0.0,15592.0,37.0,0.1869499999979145,31.6875,32.4375,36.950000000000045,0.0,0.0,0.0,0.0,0.0,20.0,0.3,0.1,0.2,0.1,0.4,0.1,0.1,0.1,0.5,0.0,65535.0,0.13585107194628823,0.0,65535.0,0.07100022888532845,0.0,0.0,0.0,0.0,0.0,0.0,0.0,0.0,0.0,0.0
141286.3,0.3308869733116572,0.0,15592.0,37.0,0.2622499999979162,31.875,32.375,37.03000000000003,0.0,0.0,0.0,0.0,0.0,20.0,0.3,0.1,0.2,0.1,0.4,0.1,0.1,0.1,0.5,0.0,65535.0,0.13577477683680475,0.0,65535.0,0.07095445181963836,0.0,0.0,0.0,0.0,0.0,0.0,0.0,0.0,0.0,0.0
141346.34,0.3515023823850174,0.0,15592.0,37.0,0.24104999999791957,31.9375,32.375,36.870000000000005,0.0,0.0,0.0,0.0,0.0,20.0,0.3,0.1,0.2,0.1,0.4,0.1,0.1,0.1,0.5,0.0,65535.0,0.13606469825284198,0.0,65535.0,0.07100022888532845,0.0,0.0,0.0,0.0,0.0,0.0,0.0,0.0,0.0,0.0
141406.39,0.35600699336967156,0.0,15592.0,37.0,0.2283499999979135,31.875,32.4375,36.93000000000001,0.0,0.0,0.0,0.0,0.0,20.0,0.3,0.1,0.2,0.1,0.4,0.1,0.1,0.1,0.5,0.0,65535.0,0.13575951781490805,0.0,65535.0,0.07150377660791943,0.0,0.0,0.0,0.0,0.0,0.0,0.0,0.0,0.0,0.0
141466.43,0.36052487378986803,0.0,15592.0,37.0,0.28044999999792464,31.9375,32.375,36.81,0.0,0.0,0.0,0.0,0.0,20.0,0.3,0.1,0.2,0.1,0.4,0.1,0.1,0.1,0.5,0.0,65535.0,0.13630884260318912,0.0,65535.0,0.07104600595101854,0.0,0.0,0.0,0.0,0.0,0.0,0.0,0.0,0.0,0.0
141526.48,0.34660149265953394,0.0,15592.0,37.0,0.2696499999979237,31.875,32.375,36.97000000000003,0.0,0.0,0.0,0.0,0.0,20.0,0.3,0.1,0.2,0.1,0.4,0.1,0.1,0.1,0.5,0.0,65535.0,0.1360036621652552,0.0,65535.0,0.07103074692912184,0.0,0.0,0.0,0.0,0.0,0.0,0.0,0.0,0.0,0.0
141586.52,0.3650082088019837,0.0,15592.0,37.0,0.23284999999791198,31.9375,32.375,36.870000000000005,0.0,0.0,0.0,0.0,0.0,20.0,0.3,0.1,0.2,0.1,0.4,0.1,0.1,0.1,0.5,0.0,65535.0,0.13607995727473868,0.0,65535.0,0.07095445181963836,0.0,0.0,0.0,0.0,0.0,0.0,0.0,0.0,0.0,0.0
141646.59,0.3578483174372296,0.0,15592.0,37.0,0.2419499999979162,31.9375,32.375,36.710000000000036,0.0,0.0,0.0,0.0,0.0,20.0,0.3,0.1,0.2,0.1,0.4,0.1,0.1,0.1,0.5,0.0,65535.0,0.13620202944991225,0.0,65535.0,0.07112230106050202,0.0,0.0,0.0,0.0,0.0,0.0,0.0,0.0,0.0,0.0
141706.62,0.3530386340745454,0.0,15592.0,37.0,0.27374999999791655,31.875,32.375,36.870000000000005,0.0,0.0,0.0,0.0,0.0,20.0,0.3,0.1,0.2,0.1,0.4,0.1,0.1,0.1,0.5,0.0,65535.0,0.13607995727473868,0.0,65535.0,0.07101548790722514,0.0,0.0,0.0,0.0,0.0,0.0,0.0,0.0,0.0,0.0
141766.7,0.3426575043766872,0.0,15592.0,37.0,0.1851499999979076,31.9375,32.375,36.93000000000001,0.0,0.0,0.0,0.0,0.0,20.0,0.3,0.1,0.2,0.1,0.4,0.1,0.1,0.1,0.5,0.0,65535.0,0.1364003967345693,0.0,65535.0,0.0708018616006714,0.0,0.0,0.0,0.0,0.0,0.0,0.0,0.0,0.0,0.0
141826.74,0.3458968025542746,0.0,15592.0,37.0,0.30814999999791115,31.875,32.4375,36.79000000000002,0.0,0.0,0.0,0.0,0.0,20.0,0.3,0.1,0.2,0.1,0.4,0.1,0.1,0.1,0.5,0.0,65535.0,0.13633936064698252,0.0,65535.0,0.0711985961699855,0.0,0.0,0.0,0.0,0.0,0.0,0.0,0.0,0.0,0.0
141886.79,0.3838291427854047,0.0,15592.0,37.0,0.248149999997908,31.875,32.375,36.93000000000001,0.0,0.0,0.0,0.0,0.0,20.0,0.3,0.1,0.2,0.1,0.4,0.1,0.1,0.1,0.5,0.0,65535.0,0.13655298695353627,0.0,65535.0,0.07129015030136568,0.0,0.0,0.0,0.0,0.0,0.0,0.0,0.0,0.0,0.0
141946.87,0.39041692487151286,0.0,15592.0,37.0,0.17984999999790902,31.875,32.4375,36.77000000000004,0.0,0.0,0.0,0.0,0.0,20.0,0.3,0.1,0.2,0.1,0.4,0.1,0.1,0.1,0.5,0.0,65535.0,0.13620202944991225,0.0,65535.0,0.07145799954222934,0.0,0.0,0.0,0.0,0.0,0.0,0.0,0.0,0.0,0.0
142006.94,0.34595372618810694,0.0,15592.0,37.0,0.2725499999979117,31.9375,32.375,36.89000000000004,0.0,0.0,0.0,0.0,0.0,20.0,0.3,0.1,0.2,0.1,0.4,0.1,0.1,0.1,0.5,0.0,65535.0,0.13606469825284198,0.0,65535.0,0.07138170443274586,0.0,0.0,0.0,0.0,0.0,0.0,0.0,0.0,0.0,0.0
142067.0,0.33772197356111594,0.0,15592.0,37.0,0.22044999999791387,31.875,32.375,36.89000000000004,0.0,0.0,0.0,0.0,0.0,20.0,0.3,0.1,0.2,0.1,0.4,0.1,0.1,0.1,0.5,0.0,65535.0,0.13658350499732966,0.0,65535.0,0.07107652399481193,0.0,0.0,0.0,0.0,0.0,0.0,0.0,0.0,0.0,0.0
142127.04,0.33280893060744715,0.0,15592.0,37.0,0.27344999999791,31.875,32.4375,36.870000000000005,0.0,0.0,0.0,0.0,0.0,20.0,0.3,0.1,0.2,0.1,0.4,0.1,0.1,0.1,0.5,0.0,65535.0,0.13653772793163957,0.0,65535.0,0.07144274052033264,0.0,0.0,0.0,0.0,0.0,0.0,0.0,0.0,0.0,0.0
142187.08,0.3552341324382484,0.0,15592.0,37.0,0.25494999999791346,31.875,32.375,36.89000000000004,0.0,0.0,0.0,0.0,0.0,20.0,0.3,0.1,0.2,0.1,0.4,0.1,0.1,0.1,0.5,0.0,65535.0,0.13627832455939573,0.0,65535.0,0.07098496986343175,0.0,0.0,0.0,0.0,0.0,0.0,0.0,0.0,0.0,0.0
142247.13,0.35989700523788415,0.0,15592.0,37.0,0.20874999999791113,31.9375,32.375,37.03000000000003,0.0,0.0,0.0,0.0,0.0,20.0,0.3,0.1,0.2,0.1,0.4,0.1,0.1,0.1,0.5,0.0,65535.0,0.136415655756466,0.0,65535.0,0.07150377660791943,0.0,0.0,0.0,0.0,0.0,0.0,0.0,0.0,0.0,0.0
142307.17,0.37163421023024046,0.0,15592.0,37.0,0.21164999999790593,31.9375,32.375,37.03000000000003,0.0,0.0,0.0,0.0,0.0,20.0,0.3,0.1,0.2,0.1,0.4,0.1,0.1,0.1,0.5,0.0,65535.0,0.1363851377126726,0.0,65535.0,0.07139696345464255,0.0,0.0,0.0,0.0,0.0,0.0,0.0,0.0,0.0,0.0
142367.22,0.36570832419801835,0.0,15592.0,37.0,0.20654999999790458,31.9375,32.375,36.690000000000055,0.0,0.0,0.0,0.0,0.0,20.0,0.3,0.1,0.2,0.1,0.4,0.1,0.1,0.1,0.5,0.0,65535.0,0.13667505912870984,0.0,65535.0,0.07107652399481193,0.0,0.0,0.0,0.0,0.0,0.0,0.0,0.0,0.0,0.0
142427.29,0.3555496014087441,0.0,15592.0,37.0,0.23914999999789993,31.9375,32.375,36.97000000000003,0.0,0.0,0.0,0.0,0.0,20.0,0.3,0.1,0.2,0.1,0.4,0.1,0.1,0.1,0.5,0.0,65535.0,0.13656824597543296,0.0,65535.0,0.0711833371480888,0.0,0.0,0.0,0.0,0.0,0.0,0.0,0.0,0.0,0.0
142487.32,0.34809761026196673,0.0,15592.0,37.0,0.3066499999979013,31.875,32.375,36.710000000000036,0.0,0.0,0.0,0.0,0.0,20.0,0.3,0.1,0.2,0.1,0.4,0.1,0.1,0.1,0.5,0.0,65535.0,0.13681239032578013,0.0,65535.0,0.07127489127946898,0.0,0.0,0.0,0.0,0.0,0.0,0.0,0.0,0.0,0.0
142547.39,0.31901725920230406,0.0,15592.0,37.0,0.2902499999979046,31.875,32.375,36.950000000000045,0.0,0.0,0.0,0.0,0.0,20.0,0.3,0.1,0.2,0.1,0.4,0.1,0.1,0.1,0.5,0.0,65535.0,0.13662928206301975,0.0,65535.0,0.0711985961699855,0.0,0.0,0.0,0.0,0.0,0.0,0.0,0.0,0.0,0.0
142607.46,0.32993487465046756,0.0,15592.0,37.0,0.27174999999790805,31.9375,32.3125,36.97000000000003,0.0,0.0,0.0,0.0,0.0,20.0,0.3,0.1,0.2,0.1,0.4,0.1,0.1,0.1,0.5,0.0,65535.0,0.13669031815060653,0.0,65535.0,0.07142748149843595,0.0,0.0,0.0,0.0,0.0,0.0,0.0,0.0,0.0,0.0
142667.5,0.3275256366989088,0.0,15592.0,37.0,0.24764999999790155,31.9375,32.375,37.05000000000001,0.0,0.0,0.0,0.0,0.0,20.0,0.3,0.1,0.2,0.1,0.4,0.1,0.1,0.1,0.5,0.0,65535.0,0.13664454108491644,0.0,65535.0,0.0711985961699855,0.0,0.0,0.0,0.0,0.0,0.0,0.0,0.0,0.0,0.0
142727.54,0.33602717195972454,0.0,15592.0,37.0,0.19344999999790394,31.9375,32.375,36.97000000000003,0.0,0.0,0.0,0.0,0.0,20.0,0.3,0.1,0.2,0.1,0.4,0.1,0.1,0.1,0.5,0.0,65535.0,0.13675135423819335,0.0,65535.0,0.07144274052033264,0.0,0.0,0.0,0.0,0.0,0.0,0.0,0.0,0.0,0.0
142787.6,0.3413503589320432,0.0,15592.0,37.0,0.22194999999790474,31.9375,32.3125,37.01000000000005,0.0,0.0,0.0,0.0,0.0,20.0,0.3,0.1,0.2,0.1,0.4,0.1,0.1,0.1,0.5,0.0,65535.0,0.1364614328221561,0.0,65535.0,0.07139696345464255,0.0,0.0,0.0,0.0,0.0,0.0,0.0,0.0,0.0,0.0
142847.65,0.3625838736249173,0.0,15592.0,37.0,0.2192499999979038,31.9375,32.375,36.870000000000005,0.0,0.0,0.0,0.0,0.0,20.0,0.3,0.1,0.2,0.1,0.4,0.1,0.1,0.1,0.5,0.0,65535.0,0.13711757076371406,0.0,65535.0,0.07125963225757229,0.0,0.0,0.0,0.0,0.0,0.0,0.0,0.0,0.0,0.0
142907.73,0.3590058154965289,0.0,15592.0,37.0,0.23714999999789915,31.875,32.375,36.89000000000004,0.0,0.0,0.0,0.0,0.0,20.0,0.3,0.1,0.2,0.1,0.4,0.1,0.1,0.1,0.5,0.0,65535.0,0.13679713130388343,0.0,65535.0,0.07112230106050202,0.0,0.0,0.0,0.0,0.0,0.0,0.0,0.0,0.0,0.0
142967.8,0.3765850106086337,0.0,15592.0,37.0,0.28484999999790006,31.875,32.375,36.870000000000005,0.0,0.0,0.0,0.0,0.0,20.0,0.3,0.1,0.2,0.1,0.4,0.1,0.1,0.1,0.5,0.0,65535.0,0.13676661326009004,0.0,65535.0,0.07113756008239872,0.0,0.0,0.0,0.0,0.0,0.0,0.0,0.0,0.0,0.0
143027.86,0.3493113872690847,0.0,15592.0,37.0,0.30754999999789534,31.8125,32.375,36.89000000000004,0.0,0.0,0.0,0.0,0.0,20.0,0.3,0.1,0.2,0.1,0.4,0.1,0.1,0.1,0.5,0.0,65535.0,0.13728542000457772,0.0,65535.0,0.0711833371480888,0.0,0.0,0.0,0.0,0.0,0.0,0.0,0.0,0.0,0.0
143087.93,0.34673105828766393,0.0,15592.0,37.0,0.22574999999789613,31.875,32.3125,36.85000000000002,0.0,0.0,0.0,0.0,0.0,20.0,0.3,0.1,0.2,0.1,0.4,0.1,0.1,0.1,0.5,0.0,65535.0,0.13670557717250323,0.0,65535.0,0.07127489127946898,0.0,0.0,0.0,0.0,0.0,0.0,0.0,0.0,0.0,0.0
143148.0,0.3600568515167625,0.0,15592.0,37.0,0.1980499999978895,31.8125,32.375,36.97000000000003,0.0,0.0,0.0,0.0,0.0,20.0,0.3,0.1,0.2,0.1,0.4,0.1,0.1,0.1,0.5,0.0,65535.0,0.1369954985885405,0.0,65535.0,0.0711833371480888,0.0,0.0,0.0,0.0,0.0,0.0,0.0,0.0,0.0,0.0
143208.04,0.36097542923789416,0.0,15592.0,37.0,0.23954999999789522,31.875,32.375,36.870000000000005,0.0,0.0,0.0,0.0,0.0,20.0,0.3,0.1,0.2,0.1,0.4,0.1,0.1,0.1,0.5,0.0,65535.0,0.13662928206301975,0.0,65535.0,0.07136644541084916,0.0,0.0,0.0,0.0,0.0,0.0,0.0,0.0,0.0,0.0
143268.08,0.36318043123806587,0.0,15592.0,37.0,0.23864999999789432,31.875,32.375,36.89000000000004,0.0,0.0,0.0,0.0,0.0,20.0,0.3,0.1,0.2,0.1,0.4,0.1,0.1,0.1,0.5,0.0,65535.0,0.13716334782940415,0.0,65535.0,0.07096971084153506,0.0,0.0,0.0,0.0,0.0,0.0,0.0,0.0,0.0,0.0
143328.12,0.367460662931555,0.0,15592.0,37.0,0.27984999999790033,31.9375,32.375,36.93000000000001,0.0,0.0,0.0,0.0,0.0,20.0,0.3,0.1,0.2,0.1,0.4,0.1,0.1,0.1,0.5,0.0,65535.0,0.13705653467612727,0.0,65535.0,0.07136644541084916,0.0,0.0,0.0,0.0,0.0,0.0,0.0,0.0,0.0,0.0
143388.19,0.39884396894634766,0.0,15592.0,37.0,0.24074999999789326,31.875,32.375,37.03000000000003,0.0,0.0,0.0,0.0,0.0,20.0,0.3,0.1,0.2,0.1,0.4,0.1,0.1,0.1,0.5,0.0,65535.0,0.13685816739147022,0.0,65535.0,0.0712138551918822,0.0,0.0,0.0,0.0,0.0,0.0,0.0,0.0,0.0,0.0
143448.26,0.3639770847842071,0.0,15592.0,37.0,0.26164999999788846,31.8125,32.375,36.870000000000005,0.0,0.0,0.0,0.0,0.0,20.0,0.3,0.1,0.2,0.1,0.4,0.1,0.1,0.1,0.5,0.0,65535.0,0.13730067902647441,0.0,65535.0,0.07139696345464255,0.0,0.0,0.0,0.0,0.0,0.0,0.0,0.0,0.0,0.0
143508.33,0.37105047191264356,0.0,15592.0,37.0,0.18954999999789462,31.8125,32.375,37.01000000000005,0.0,0.0,0.0,0.0,0.0,20.0,0.3,0.1,0.2,0.1,0.4,0.1,0.1,0.1,0.5,0.0,65535.0,0.13705653467612727,0.0,65535.0,0.07158007171740291,0.0,0.0,0.0,0.0,0.0,0.0,0.0,0.0,0.0,0.0
143568.41,0.3240487622431969,0.0,15592.0,37.0,0.2713499999978921,31.9375,32.375,36.93000000000001,0.0,0.0,0.0,0.0,0.0,20.0,0.3,0.1,0.2,0.1,0.4,0.1,0.1,0.1,0.5,0.0,65535.0,0.13684290836957352,0.0,65535.0,0.07141222247653925,0.0,0.0,0.0,0.0,0.0,0.0,0.0,0.0,0.0,0.0
143628.49,0.32549416157563027,0.0,15592.0,37.0,0.3058499999978926,31.9375,32.4375,36.81,0.0,0.0,0.0,0.0,0.0,20.0,0.3,0.1,0.2,0.1,0.4,0.1,0.1,0.1,0.5,0.0,65535.0,0.13720912489509424,0.0,65535.0,0.07148851758602273,0.0,0.0,0.0,0.0,0.0,0.0,0.0,0.0,0.0,0.0
143688.55,0.3943949217434325,0.0,15592.0,37.0,0.24344999999788908,31.9375,32.375,37.01000000000005,0.0,0.0,0.0,0.0,0.0,20.0,0.3,0.1,0.2,0.1,0.4,0.1,0.1,0.1,0.5,0.0,65535.0,0.13717860685130084,0.0,65535.0,0.07132066834515907,0.0,0.0,0.0,0.0,0.0,0.0,0.0,0.0,0.0,0.0
143748.61,0.3924196849133203,0.0,15592.0,37.0,0.2725499999978893,31.9375,32.375,36.97000000000003,0.0,0.0,0.0,0.0,0.0,20.0,0.3,0.1,0.2,0.1,0.4,0.1,0.1,0.1,0.5,0.0,65535.0,0.13719386587319754,0.0,65535.0,0.07107652399481193,0.0,0.0,0.0,0.0,0.0,0.0,0.0,0.0,0.0,0.0
143808.64,0.404696983779713,0.0,15592.0,37.0,0.2649499999978829,31.9375,32.375,36.93000000000001,0.0,0.0,0.0,0.0,0.0,20.0,0.3,0.1,0.2,0.1,0.4,0.1,0.1,0.1,0.5,0.0,65535.0,0.13716334782940415,0.0,65535.0,0.07139696345464255,0.0,0.0,0.0,0.0,0.0,0.0,0.0,0.0,0.0,0.0
143868.68,0.38304235114398655,0.0,15592.0,37.0,0.24254999999788562,31.9375,32.375,37.05000000000001,0.0,0.0,0.0,0.0,0.0,20.0,0.3,0.1,0.2,0.1,0.4,0.1,0.1,0.1,0.5,0.0,65535.0,0.13720912489509424,0.0,65535.0,0.07144274052033264,0.0,0.0,0.0,0.0,0.0,0.0,0.0,0.0,0.0,0.0
143928.73,0.381434567842546,0.0,15592.0,37.0,0.2013499999978779,31.9375,32.4375,36.93000000000001,0.0,0.0,0.0,0.0,0.0,20.0,0.3,0.1,0.2,0.1,0.4,0.1,0.1,0.1,0.5,0.0,65535.0,0.13763637750820173,0.0,65535.0,0.071625848783093,0.0,0.0,0.0,0.0,0.0,0.0,0.0,0.0,0.0,0.0
143988.77,0.37574102085081407,0.0,15592.0,37.0,0.26134999999787933,31.9375,32.375,36.870000000000005,0.0,0.0,0.0,0.0,0.0,20.0,0.3,0.1,0.2,0.1,0.4,0.1,0.1,0.1,0.5,0.0,65535.0,0.1373769741359579,0.0,65535.0,0.07141222247653925,0.0,0.0,0.0,0.0,0.0,0.0,0.0,0.0,0.0,0.0
144048.82,0.3969073882435906,0.0,15592.0,37.0,0.24574999999787756,31.875,32.375,36.97000000000003,0.0,0.0,0.0,0.0,0.0,20.0,0.3,0.1,0.2,0.1,0.4,0.1,0.1,0.1,0.5,0.0,65535.0,0.13684290836957352,0.0,65535.0,0.07141222247653925,0.0,0.0,0.0,0.0,0.0,0.0,0.0,0.0,0.0,0.0
144108.88,0.37968638303175084,0.0,15592.0,37.0,0.2622499999978768,31.9375,32.375,36.97000000000003,0.0,0.0,0.0,0.0,0.0,20.0,0.3,0.1,0.2,0.1,0.4,0.1,0.1,0.1,0.5,0.0,65535.0,0.13768215457389182,0.0,65535.0,0.07180895704585336,0.0,0.0,0.0,0.0,0.0,0.0,0.0,0.0,0.0,0.0
144168.92,0.34056474078880383,0.0,15592.0,37.0,0.26254999999787565,31.875,32.4375,36.89000000000004,0.0,0.0,0.0,0.0,0.0,20.0,0.3,0.1,0.2,0.1,0.4,0.1,0.1,0.1,0.5,0.0,65535.0,0.13713282978561075,0.0,65535.0,0.07153429465171282,0.0,0.0,0.0,0.0,0.0,0.0,0.0,0.0,0.0,0.0
144228.97,0.3572280981437259,0.0,15592.0,37.0,0.24514999999787382,31.9375,32.4375,36.950000000000045,0.0,0.0043,0.25,0.0,0.0,20.0,0.3,0.1,0.2,0.1,0.4,0.1,0.1,0.1,0.5,0.0,65535.0,0.1374074921797513,0.0,65535.0,0.07179369802395666,0.0,0.0,0.0,0.0,0.0,0.0,0.0,0.0,0.0,0.0
144289.01,0.37706537866450474,0.0,15592.0,37.0,0.31054999999787547,31.875,32.4375,36.710000000000036,0.0,0.0,0.0,0.0,0.0,20.0,0.3,0.1,0.2,0.1,0.4,0.1,0.1,0.1,0.5,0.0,65535.0,0.13540856031128404,0.0,65535.0,0.0703440909437705,0.0,0.0,0.0,0.0,0.0,0.0,0.0,0.0,0.0,0.0
144349.05,0.3506794646256154,0.0,15592.0,37.0,0.3327499999978754,31.8125,32.4375,36.650000000000034,0.0,0.0,0.0,0.0,0.0,20.0,0.3,0.1,0.2,0.1,0.4,0.1,0.1,0.1,0.5,0.0,65535.0,0.13502708476386663,0.0,65535.0,0.0703593499656672,0.0,0.0,0.0,0.0,0.0,0.0,0.0,0.0,0.0,0.0
144409.13,0.3401226766164525,0.0,15592.0,37.0,0.25954999999787176,31.875,32.375,36.950000000000045,0.0,0.0,0.0,0.0,0.0,20.0,0.3,0.1,0.2,0.1,0.4,0.1,0.1,0.1,0.5,0.0,65535.0,0.1347219043259327,0.0,65535.0,0.07014572365911345,0.0,0.0,0.0,0.0,0.0,0.0,0.0,0.0,0.0,0.0
144469.2,0.3585757421032249,0.0,15592.0,37.0,0.2554499999978755,31.875,32.375,36.97000000000003,0.0,0.0,0.0,0.0,0.0,20.0,0.3,0.1,0.2,0.1,0.4,0.1,0.1,0.1,0.5,0.0,65535.0,0.13444724193179217,0.0,65535.0,0.0703898680094606,0.0,0.0,0.0,0.0,0.0,0.0,0.0,0.0,0.0,0.0
144529.24,0.36268923353558324,0.0,15592.0,37.0,0.25954999999787004,31.9375,32.375,36.950000000000045,0.0,0.0,0.0,0.0,0.0,20.0,0.3,0.1,0.2,0.1,0.4,0.1,0.1,0.1,0.5,0.0,65535.0,0.13455405508506904,0.0,65535.0,0.06997787441824979,0.0,0.0,0.0,0.0,0.0,0.0,0.0,0.0,0.0,0.0
144589.32,0.36045655991130643,0.0,15592.0,37.0,0.22034999999787214,31.9375,32.375,37.09000000000003,0.0,0.0,0.0,0.0,0.0,20.0,0.3,0.1,0.2,0.1,0.4,0.1,0.1,0.1,0.5,0.0,65535.0,0.13459983215075913,0.0,65535.0,0.06999313344014649,0.0,0.0,0.0,0.0,0.0,0.0,0.0,0.0,0.0,0.0
144649.39,0.3341466918212279,0.0,15592.0,37.0,0.2576499999978774,31.9375,32.4375,36.93000000000001,0.0,0.0,0.0,0.0,0.0,20.0,0.3,0.1,0.2,0.1,0.4,0.1,0.1,0.1,0.5,0.0,65535.0,0.1346761272602426,0.0,65535.0,0.07020675974670024,0.0,0.0,0.0,0.0,0.0,0.0,0.0,0.0,0.0,0.0
144709.44,0.3370279055630955,0.0,15592.0,37.0,0.2688499999978672,32.0,32.375,36.89000000000004,0.0,0.0,0.0,0.0,0.0,20.0,0.3,0.1,0.2,0.1,0.4,0.1,0.1,0.1,0.5,0.0,65535.0,0.13487449454489966,0.0,65535.0,0.0699320973525597,0.0,0.0,0.0,0.0,0.0,0.0,0.0,0.0,0.0,0.0
144769.51,0.3522356165650304,0.0,15592.0,37.0,0.24884999999787033,31.9375,32.4375,36.97000000000003,0.0,0.0,0.0,0.0,0.0,20.0,0.3,0.1,0.2,0.1,0.4,0.1,0.1,0.1,0.5,0.0,65535.0,0.13459983215075913,0.0,65535.0,0.07009994659342336,0.0,0.0,0.0,0.0,0.0,0.0,0.0,0.0,0.0,0.0
144829.55,0.35416247233012377,0.0,15592.0,37.0,0.29444999999787147,31.9375,32.4375,36.79000000000002,0.0,0.0,0.0,0.0,0.0,20.0,0.3,0.1,0.2,0.1,0.4,0.1,0.1,0.1,0.5,0.0,65535.0,0.1347219043259327,0.0,65535.0,0.07031357289997711,0.0,0.0,0.0,0.0,0.0,0.0,0.0,0.0,0.0,0.0
144889.6,0.3633874764785079,0.0,15592.0,37.0,0.2308499999978682,31.9375,32.375,37.03000000000003,0.0,0.0,0.0,0.0,0.0,20.0,0.3,0.1,0.2,0.1,0.4,0.1,0.1,0.1,0.5,0.0,65535.0,0.13493553063248645,0.0,65535.0,0.07003891050583658,0.0,0.0,0.0,0.0,0.0,0.0,0.0,0.0,0.0,0.0
144949.64,0.3389705693906124,0.0,15592.0,37.0,0.23554999999786225,31.9375,32.375,37.01000000000005,0.0,0.0,0.0,0.0,0.0,20.0,0.3,0.1,0.2,0.1,0.4,0.1,0.1,0.1,0.5,0.0,65535.0,0.13507286182955672,0.0,65535.0,0.07019150072480354,0.0,0.0,0.0,0.0,0.0,0.0,0.0,0.0,0.0,0.0
145009.68,0.36798743229673553,0.0,15592.0,37.0,0.25494999999787216,31.9375,32.375,36.93000000000001,0.0,0.0,0.0,0.0,0.0,20.0,0.3,0.1,0.2,0.1,0.4,0.1,0.1,0.1,0.5,0.0,65535.0,0.13488975356679636,0.0,65535.0,0.06999313344014649,0.0,0.0,0.0,0.0,0.0,0.0,0.0,0.0,0.0,0.0
145069.75,0.3198905222800089,0.0,15592.0,37.0,0.2119499999978652,32.0,32.375,37.09000000000003,0.0,0.0,0.0,0.0,0.0,20.0,0.3,0.1,0.2,0.1,0.4,0.1,0.1,0.1,0.5,0.0,65535.0,0.1347219043259327,0.0,65535.0,0.07026779583428702,0.0,0.0,0.0,0.0,0.0,0.0,0.0,0.0,0.0,0.0
145129.79,0.3268408133431911,0.0,15592.0,37.0,0.24044999999786515,31.9375,32.4375,36.97000000000003,0.0,0.0,0.0,0.0,0.0,20.0,0.3,0.1,0.2,0.1,0.4,0.1,0.1,0.1,0.5,0.0,65535.0,0.13524071107042038,0.0,65535.0,0.07052719920653086,0.0,0.0,0.0,0.0,0.0,0.0,0.0,0.0,0.0,0.0
145189.84,0.3184056741072549,0.0,15592.0,37.0,0.24424999999785912,31.9375,32.375,36.950000000000045,0.0,0.0,0.0,0.0,0.0,20.0,0.3,0.1,0.2,0.1,0.4,0.1,0.1,0.1,0.5,0.0,65535.0,0.13484397650110627,0.0,65535.0,0.07029831387808042,0.0,0.0,0.0,0.0,0.0,0.0,0.0,0.0,0.0,0.0
145249.91,0.3571039327181332,0.0,15592.0,37.0,0.2881499999978644,31.9375,32.375,36.79000000000002,0.0,0.0,0.0,0.0,0.0,20.0,0.3,0.1,0.2,0.1,0.4,0.1,0.1,0.1,0.5,0.0,65535.0,0.13525597009231707,0.0,65535.0,0.0699473563744564,0.0,0.0,0.0,0.0,0.0,0.0,0.0,0.0,0.0,0.0
145309.98,0.35158583354386574,0.0,15592.0,37.0,0.2631499999978578,31.875,32.375,36.89000000000004,0.0,0.0,0.0,0.0,0.0,20.0,0.3,0.1,0.2,0.1,0.4,0.1,0.1,0.1,0.5,0.0,65535.0,0.13493553063248645,0.0,65535.0,0.07032883192187381,0.0,0.0,0.0,0.0,0.0,0.0,0.0,0.0,0.0,0.0
145370.02,0.3455884429921634,0.0,15592.0,37.0,0.2622499999978569,31.9375,32.375,36.89000000000004,0.0,0.0,0.0,0.0,0.0,20.0,0.3,0.1,0.2,0.1,0.4,0.1,0.1,0.1,0.5,0.0,65535.0,0.13524071107042038,0.0,65535.0,0.06999313344014649,0.0,0.0,0.0,0.0,0.0,0.0,0.0,0.0,0.0,0.0
145430.09,0.3570553127118309,0.0,15592.0,37.0,0.2964499999978568,31.9375,32.375,36.77000000000004,0.0,0.0,0.0,0.0,0.0,20.0,0.3,0.1,0.2,0.1,0.4,0.1,0.1,0.1,0.5,0.0,65535.0,0.1347524223697261,0.0,65535.0,0.0703440909437705,0.0,0.0,0.0,0.0,0.0,0.0,0.0,0.0,0.0,0.0
145490.17,0.3346256229576832,0.0,15592.0,37.0,0.2900499999978652,31.9375,32.4375,36.81,0.0,0.0,0.0,0.0,0.0,20.0,0.3,0.1,0.2,0.1,0.4,0.1,0.1,0.1,0.5,0.0,65535.0,0.13502708476386663,0.0,65535.0,0.07011520561532006,0.0,0.0,0.0,0.0,0.0,0.0,0.0,0.0,0.0,0.0
145550.25,0.3453453270625827,0.0,15592.0,37.0,0.22554999999786185,32.0,32.375,37.05000000000001,0.0,0.0,0.0,0.0,0.0,20.0,0.3,0.1,0.2,0.1,0.4,0.1,0.1,0.1,0.5,0.0,65535.0,0.13496604867627984,0.0,65535.0,0.07017624170290684,0.0,0.0,0.0,0.0,0.0,0.0,0.0,0.0,0.0,0.0
145610.29,0.3104910778678972,0.0,15592.0,37.0,0.2349499999978516,31.9375,32.375,37.01000000000005,0.0,0.0,0.0,0.0,0.0,20.0,0.3,0.1,0.2,0.1,0.4,0.1,0.1,0.1,0.5,0.0,65535.0,0.1351033798733501,0.0,65535.0,0.07002365148393988,0.0,0.0,0.0,0.0,0.0,0.0,0.0,0.0,0.0,0.0
145670.33,0.30573813335113303,0.0,15592.0,37.0,0.25554999999786127,32.0,32.4375,36.93000000000001,0.0,0.0,0.0,0.0,0.0,20.0,0.3,0.1,0.2,0.1,0.4,0.1,0.1,0.1,0.5,0.0,65535.0,0.13482871747920958,0.0,65535.0,0.0703746089875639,0.0,0.0,0.0,0.0,0.0,0.0,0.0,0.0,0.0,0.0
145730.4,0.3075062422775323,0.0,15592.0,37.0,0.2717499999978616,31.9375,32.4375,36.870000000000005,0.0,0.0,0.0,0.0,0.0,20.0,0.3,0.1,0.2,0.1,0.4,0.1,0.1,0.1,0.5,0.0,65535.0,0.13575951781490805,0.0,65535.0,0.07016098268101015,0.0,0.0,0.0,0.0,0.0,0.0,0.0,0.0,0.0,0.0
145790.48,0.3050999520026484,0.0,15592.0,37.0,0.2517499999978505,31.9375,32.375,36.950000000000045,0.0,0.0,0.0,0.0,0.0,20.0,0.3,0.1,0.2,0.1,0.4,0.1,0.1,0.1,0.5,0.0,65535.0,0.135561150530251,0.0,65535.0,0.07063401235980774,0.0,0.0,0.0,0.0,0.0,0.0,0.0,0.0,0.0,0.0
145850.56,0.31555872812746405,0.0,15592.0,37.0,0.2732499999978602,32.0,32.4375,36.870000000000005,0.0,0.0,0.0,0.0,0.0,20.0,0.3,0.1,0.2,0.1,0.4,0.1,0.1,0.1,0.5,0.0,65535.0,0.13530174715800716,0.0,65535.0,0.07019150072480354,0.0,0.0,0.0,0.0,0.0,0.0,0.0,0.0,0.0,0.0
145910.61,0.3054099213788,0.0,15592.0,37.0,0.2723499999978593,32.0,32.4375,36.870000000000005,0.0,0.0,0.0,0.0,0.0,20.0,0.3,0.1,0.2,0.1,0.4,0.1,0.1,0.1,0.5,0.0,65535.0,0.1351186388952468,0.0,65535.0,0.07020675974670024,0.0,0.0,0.0,0.0,0.0,0.0,0.0,0.0,0.0,0.0
145970.67,0.31504505681165046,0.0,15592.0,37.0,0.22814999999785174,31.9375,32.375,37.03000000000003,0.0,0.0,0.0,0.0,0.0,20.0,0.3,0.1,0.2,0.1,0.4,0.1,0.1,0.1,0.5,0.0,65535.0,0.13540856031128404,0.0,65535.0,0.0703898680094606,0.0,0.0,0.0,0.0,0.0,0.0,0.0,0.0,0.0,0.0
146030.74,0.35243834258479456,0.0,15592.0,37.0,0.2622499999978474,31.9375,32.375,36.89000000000004,0.0,0.0,0.0,0.0,0.0,20.0,0.3,0.1,0.2,0.1,0.4,0.1,0.1,0.1,0.5,0.0,65535.0,0.135561150530251,0.0,65535.0,0.07054245822842756,0.0,0.0,0.0,0.0,0.0,0.0,0.0,0.0,0.0,0.0
146090.78,0.3821172570637094,0.0,15592.0,37.0,0.2540499999978557,32.0,32.4375,36.93000000000001,0.0,0.0,0.0,0.0,0.0,20.0,0.3,0.1,0.2,0.1,0.4,0.1,0.1,0.1,0.5,0.0,65535.0,0.13540856031128404,0.0,65535.0,0.07022201876859693,0.0,0.0,0.0,0.0,0.0,0.0,0.0,0.0,0.0,0.0
146150.82,0.3699344236162301,0.0,15592.0,37.0,0.2873499999978564,31.9375,32.375,36.81,0.0,0.0,0.0,0.0,0.0,20.0,0.3,0.1,0.2,0.1,0.4,0.1,0.1,0.1,0.5,0.0,65535.0,0.13546959639887082,0.0,65535.0,0.0703898680094606,0.0,0.0,0.0,0.0,0.0,0.0,0.0,0.0,0.0,0.0
146210.9,0.3930250943723419,0.0,15592.0,37.0,0.24934999999784405,32.0,32.3125,36.950000000000045,0.0,0.0,0.0,0.0,0.0,20.0,0.3,0.1,0.2,0.1,0.4,0.1,0.1,0.1,0.5,0.0,65535.0,0.13527122911421377,0.0,65535.0,0.07066453040360113,0.0,0.0,0.0,0.0,0.0,0.0,0.0,0.0,0.0,0.0
146270.97,0.380830874760046,0.0,15592.0,37.0,0.2496499999978429,32.0625,32.4375,36.950000000000045,0.0,0.0,0.0,0.0,0.0,20.0,0.3,0.1,0.2,0.1,0.4,0.1,0.1,0.1,0.5,0.0,65535.0,0.13537804226749064,0.0,65535.0,0.07049668116273747,0.0,0.0,0.0,0.0,0.0,0.0,0.0,0.0,0.0,0.0
146331.06,0.3378377280143165,0.0,15592.0,37.0,0.2737499999978477,31.9375,32.375,36.85000000000002,0.0,0.0,0.0,0.0,0.0,20.0,0.3,0.1,0.2,0.1,0.4,0.1,0.1,0.1,0.5,0.0,65535.0,0.1355153734645609,0.0,65535.0,0.07032883192187381,0.0,0.0,0.0,0.0,0.0,0.0,0.0,0.0,0.0,0.0
146391.13,0.33022823786038646,0.0,15592.0,37.0,0.26874999999785143,32.0,32.375,36.870000000000005,0.0,0.0,0.0,0.0,0.0,20.0,0.3,0.1,0.2,0.1,0.4,0.1,0.1,0.1,0.5,0.0,65535.0,0.13540856031128404,0.0,65535.0,0.07064927138170443,0.0,0.0,0.0,0.0,0.0,0.0,0.0,0.0,0.0,0.0
146451.17,0.3325983205437555,0.0,15592.0,37.0,0.2319499999978397,32.0,32.375,37.01000000000005,0.0,0.0,0.0,0.0,0.0,20.0,0.3,0.1,0.2,0.1,0.4,0.1,0.1,0.1,0.5,0.0,65535.0,0.13533226520180056,0.0,65535.0,0.07074082551308461,0.0,0.0,0.0,0.0,0.0,0.0,0.0,0.0,0.0,0.0
146511.21,0.3270223075297517,0.0,15592.0,37.0,0.2622499999978397,31.9375,32.375,36.89000000000004,0.0,0.0,0.0,0.0,0.0,20.0,0.3,0.1,0.2,0.1,0.4,0.1,0.1,0.1,0.5,0.0,65535.0,0.13568322270542457,0.0,65535.0,0.07022201876859693,0.0,0.0,0.0,0.0,0.0,0.0,0.0,0.0,0.0,0.0
146571.26,0.35434769601574306,0.0,15592.0,37.0,0.2195499999978467,32.0,32.375,37.05000000000001,0.0,0.0,0.0,0.0,0.0,20.0,0.3,0.1,0.2,0.1,0.4,0.1,0.1,0.1,0.5,0.0,65535.0,0.1356069275959411,0.0,65535.0,0.07031357289997711,0.0,0.0,0.0,0.0,0.0,0.0,0.0,0.0,0.0,0.0
146631.29,0.3613821294074753,0.0,15592.0,37.0,0.22774999999783668,31.9375,32.375,37.01000000000005,0.0,0.0,0.0,0.0,0.0,20.0,0.3,0.1,0.2,0.1,0.4,0.1,0.1,0.1,0.5,0.0,65535.0,0.13563744563973448,0.0,65535.0,0.0703898680094606,0.0,0.0,0.0,0.0,0.0,0.0,0.0,0.0,0.0,0.0
146691.34,0.36764885329714414,0.0,15592.0,37.0,0.26274999999784665,31.9375,32.375,36.870000000000005,0.0,0.0,0.0,0.0,0.0,20.0,0.3,0.1,0.2,0.1,0.4,0.1,0.1,0.1,0.5,0.0,65535.0,0.13540856031128404,0.0,65535.0,0.07011520561532006,0.0,0.0,0.0,0.0,0.0,0.0,0.0,0.0,0.0,0.0
146751.39,0.3669647070195416,0.0,15592.0,37.0,0.30634999999783796,31.9375,32.3125,36.710000000000036,0.0,0.0,0.0,0.0,0.0,20.0,0.3,0.1,0.2,0.1,0.4,0.1,0.1,0.1,0.5,0.0,65535.0,0.13589684901197832,0.0,65535.0,0.07026779583428702,0.0,0.0,0.0,0.0,0.0,0.0,0.0,0.0,0.0,0.0
146811.47,0.37248188047407954,0.0,15592.0,37.0,0.2428499999978397,31.9375,32.375,36.97000000000003,0.0,0.0,0.0,0.0,0.0,20.0,0.3,0.1,0.2,0.1,0.4,0.1,0.1,0.1,0.5,0.0,65535.0,0.13565270466163118,0.0,65535.0,0.07060349431601434,0.0,0.0,0.0,0.0,0.0,0.0,0.0,0.0,0.0,0.0
146871.52,0.34863431090368663,0.0,15592.0,37.0,0.20244999999784205,31.875,32.375,37.110000000000014,0.0,0.0,0.0,0.0,0.0,20.0,0.3,0.1,0.2,0.1,0.4,0.1,0.1,0.1,0.5,0.0,65535.0,0.13580529488059814,0.0,65535.0,0.07057297627222095,0.0,0.0,0.0,0.0,0.0,0.0,0.0,0.0,0.0,0.0
146931.58,0.3639231247314395,0.0,15592.0,37.0,0.2825499999978445,31.875,32.375,36.81,0.0,0.0,0.0,0.0,0.0,20.0,0.3,0.1,0.2,0.1,0.4,0.1,0.1,0.1,0.5,0.0,65535.0,0.13580529488059814,0.0,65535.0,0.07049668116273747,0.0,0.0,0.0,0.0,0.0,0.0,0.0,0.0,0.0,0.0
146991.64,0.34931920501094027,0.0,15592.0,37.0,0.25194999999784307,31.9375,32.375,36.93000000000001,0.0,0.0,0.0,0.0,0.0,20.0,0.3,0.1,0.2,0.1,0.4,0.1,0.1,0.1,0.5,0.0,65535.0,0.1360341802090486,0.0,65535.0,0.07069504844739452,0.0,0.0,0.0,0.0,0.0,0.0,0.0,0.0,0.0,0.0
147051.77,0.383427755518431,0.0,15592.0,37.0,0.21984999999784127,32.0,32.375,37.05000000000001,0.0,0.0,0.0,0.0,0.0,20.0,0.3,0.1,0.2,0.1,0.4,0.1,0.1,0.1,0.5,0.0,65535.0,0.13566796368352788,0.0,65535.0,0.07026779583428702,0.0,0.0,0.0,0.0,0.0,0.0,0.0,0.0,0.0,0.0
147111.84,0.359650837462947,0.0,15592.0,37.0,0.2507499999978416,31.9375,32.4375,36.93000000000001,0.0,0.0,0.0,0.0,0.0,20.0,0.3,0.1,0.2,0.1,0.4,0.1,0.1,0.1,0.5,0.0,65535.0,0.13568322270542457,0.0,65535.0,0.07028305485618372,0.0,0.0,0.0,0.0,0.0,0.0,0.0,0.0,0.0,0.0
147171.91,0.35529782154810996,0.0,15592.0,37.0,0.24164999999783565,31.9375,32.375,36.97000000000003,0.0,0.0,0.0,0.0,0.0,20.0,0.3,0.1,0.2,0.1,0.4,0.1,0.1,0.1,0.5,0.0,65535.0,0.13627832455939573,0.0,65535.0,0.07048142214084077,0.0,0.0,0.0,0.0,0.0,0.0,0.0,0.0,0.0,0.0
147231.98,0.34709273853253697,0.0,15592.0,37.0,0.22894999999782958,31.9375,32.375,37.01000000000005,0.0,0.0,0.0,0.0,0.0,20.0,0.3,0.1,0.2,0.1,0.4,0.1,0.1,0.1,0.5,0.0,65535.0,0.13615625238422216,0.0,65535.0,0.07067978942549782,0.0,0.0,0.0,0.0,0.0,0.0,0.0,0.0,0.0,0.0
147292.06,0.3553844499206737,0.0,15592.0,37.0,0.2780499999978401,31.9375,32.4375,36.81,0.0,0.0,0.0,0.0,0.0,20.0,0.3,0.1,0.2,0.1,0.4,0.1,0.1,0.1,0.5,0.0,65535.0,0.13591210803387502,0.0,65535.0,0.0703440909437705,0.0,0.0,0.0,0.0,0.0,0.0,0.0,0.0,0.0,0.0
147352.14,0.3506480189937852,0.0,15592.0,37.0,0.2177499999978372,31.9375,32.4375,37.05000000000001,0.0,0.0,0.0,0.0,0.0,20.0,0.3,0.1,0.2,0.1,0.4,0.1,0.1,0.1,0.5,0.0,65535.0,0.13615625238422216,0.0,65535.0,0.07049668116273747,0.0,0.0,0.0,0.0,0.0,0.0,0.0,0.0,0.0,0.0
147412.22,0.3491377373887011,0.0,15592.0,37.0,0.28634999999783417,31.9375,32.4375,36.79000000000002,0.0,0.0,0.0,0.0,0.0,20.0,0.3,0.1,0.2,0.1,0.4,0.1,0.1,0.1,0.5,0.0,65535.0,0.13612573434042877,0.0,65535.0,0.07017624170290684,0.0,0.0,0.0,0.0,0.0,0.0,0.0,0.0,0.0,0.0
147472.26,0.3346079121660595,0.0,15592.0,37.0,0.2625499999978274,31.9375,32.375,36.89000000000004,0.0,0.0,0.0,0.0,0.0,20.0,0.3,0.1,0.2,0.1,0.4,0.1,0.1,0.1,0.5,0.0,65535.0,0.13591210803387502,0.0,65535.0,0.07054245822842756,0.0,0.0,0.0,0.0,0.0,0.0,0.0,0.0,0.0,0.0
147532.32,0.3329479626568298,0.0,15592.0,37.0,0.24284999999783027,31.9375,32.4375,36.97000000000003,0.0,0.0,0.0,0.0,0.0,20.0,0.3,0.1,0.2,0.1,0.4,0.1,0.1,0.1,0.5,0.0,65535.0,0.13632410162508582,0.0,65535.0,0.07006942854962997,0.0,0.0,0.0,0.0,0.0,0.0,0.0,0.0,0.0,0.0
147592.4,0.33493317787091237,0.0,15592.0,37.0,0.2454499999978245,31.9375,32.4375,36.950000000000045,0.0,0.0,0.0,0.0,0.0,20.0,0.3,0.1,0.2,0.1,0.4,0.1,0.1,0.1,0.5,0.0,65535.0,0.13592736705577171,0.0,65535.0,0.07049668116273747,0.0,0.0,0.0,0.0,0.0,0.0,0.0,0.0,0.0,0.0
147652.48,0.34159043004072,0.0,15592.0,37.0,0.28194999999783477,31.9375,32.375,36.81,0.0,0.0,0.0,0.0,0.0,20.0,0.3,0.1,0.2,0.1,0.4,0.1,0.1,0.1,0.5,0.0,65535.0,0.13586633096818493,0.0,65535.0,0.07049668116273747,0.0,0.0,0.0,0.0,0.0,0.0,0.0,0.0,0.0,0.0
147712.55,0.32970619909015064,0.0,15592.0,37.0,0.2125499999978268,31.9375,32.375,37.09000000000003,0.0,0.0,0.0,0.0,0.0,20.0,0.3,0.1,0.2,0.1,0.4,0.1,0.1,0.1,0.5,0.0,65535.0,0.13624780651560234,0.0,65535.0,0.07058823529411765,0.0,0.0,0.0,0.0,0.0,0.0,0.0,0.0,0.0,0.0
147772.62,0.3476106830585236,0.0,15592.0,37.0,0.2295499999978213,31.875,32.4375,37.01000000000005,0.0,0.0,0.0,0.0,0.0,20.0,0.3,0.1,0.2,0.1,0.4,0.1,0.1,0.1,0.5,0.0,65535.0,0.13632410162508582,0.0,65535.0,0.07066453040360113,0.0,0.0,0.0,0.0,0.0,0.0,0.0,0.0,0.0,0.0
147832.7,0.32616312595001773,0.0,15592.0,37.0,0.20094999999782884,31.9375,32.4375,37.110000000000014,0.0,0.0,0.0,0.0,0.0,20.0,0.3,0.1,0.2,0.1,0.4,0.1,0.1,0.1,0.5,0.0,65535.0,0.13614099336232546,0.0,65535.0,0.07058823529411765,0.0,0.0,0.0,0.0,0.0,0.0,0.0,0.0,0.0,0.0
147892.76,0.3212423694849089,0.0,15592.0,37.0,0.2053499999978231,31.9375,32.375,37.09000000000003,0.0,0.0,0.0,0.0,0.0,20.0,0.3,0.1,0.2,0.1,0.4,0.1,0.1,0.1,0.5,0.0,65535.0,0.13630884260318912,0.0,65535.0,0.07046616311894408,0.0,0.0,0.0,0.0,0.0,0.0,0.0,0.0,0.0,0.0
147952.83,0.32099048018000303,0.0,15592.0,37.0,0.25654999999781913,31.9375,32.4375,36.89000000000004,0.0,0.0,0.0,0.0,0.0,20.0,0.3,0.1,0.2,0.1,0.4,0.1,0.1,0.1,0.5,0.0,65535.0,0.1364461738002594,0.0,65535.0,0.07096971084153506,0.0,0.0,0.0,0.0,0.0,0.0,0.0,0.0,0.0,0.0
148012.92,0.2964556128631418,0.0,15592.0,37.0,0.28544999999782383,31.875,32.4375,36.79000000000002,0.0,0.0,0.0,0.0,0.0,20.0,0.3,0.1,0.2,0.1,0.4,0.1,0.1,0.1,0.5,0.0,65535.0,0.13624780651560234,0.0,65535.0,0.07090867475394827,0.0,0.0,0.0,0.0,0.0,0.0,0.0,0.0,0.0,0.0
148072.98,0.33497726743912093,0.0,15592.0,37.0,0.23224999999781623,31.9375,32.375,37.01000000000005,0.0,0.0,0.0,0.0,0.0,20.0,0.3,0.1,0.2,0.1,0.4,0.1,0.1,0.1,0.5,0.0,65535.0,0.13633936064698252,0.0,65535.0,0.07090867475394827,0.0,0.0,0.0,0.0,0.0,0.0,0.0,0.0,0.0,0.0
148133.06,0.33064669562778765,0.0,15592.0,37.0,0.2507499999978261,31.9375,32.4375,36.93000000000001,0.0,0.0,0.0,0.0,0.0,20.0,0.3,0.1,0.2,0.1,0.4,0.1,0.1,0.1,0.5,0.0,65535.0,0.13658350499732966,0.0,65535.0,0.07031357289997711,0.0,0.0,0.0,0.0,0.0,0.0,0.0,0.0,0.0,0.0
148193.14,0.3055124904277434,0.0,15592.0,37.0,0.22214999999781943,31.9375,32.375,37.03000000000003,0.0,0.0,0.0,0.0,0.0,20.0,0.3,0.1,0.2,0.1,0.4,0.1,0.1,0.1,0.5,0.0,65535.0,0.13627832455939573,0.0,65535.0,0.0708018616006714,0.0,0.0,0.0,0.0,0.0,0.0,0.0,0.0,0.0,0.0
148253.32,0.3288238849355052,0.0,15592.0,37.0,0.23684999999781942,32.0,32.375,36.97000000000003,0.0,0.0,0.0,0.0,0.0,20.0,0.3,0.1,0.2,0.1,0.4,0.1,0.1,0.1,0.5,0.0,65535.0,0.13684290836957352,0.0,65535.0,0.07072556649118791,0.0,0.0,0.0,0.0,0.0,0.0,0.0,0.0,0.0,0.0
148313.39,0.3216361866706051,0.0,15592.0,37.0,0.2171499999978231,31.875,32.4375,37.05000000000001,0.0,0.0,0.0,0.0,0.0,20.0,0.3,0.1,0.2,0.1,0.4,0.1,0.1,0.1,0.5,0.0,65535.0,0.13652246890974287,0.0,65535.0,0.07048142214084077,0.0,0.0,0.0,0.0,0.0,0.0,0.0,0.0,0.0,0.0
148373.44,0.3208470969863667,0.0,15592.0,37.0,0.2269999999978133,31.875,32.4375,36.89000000000004,0.0,0.0,0.0,0.0,0.0,20.0,0.3,0.1,0.2,0.1,0.4,0.1,0.1,0.1,0.5,0.0,65535.0,0.13656824597543296,0.0,65535.0,0.0707866025787747,0.0,0.0,0.0,0.0,0.0,0.0,0.0,0.0,0.0,0.0
148433.52,0.31424126389168144,0.0,15592.0,37.0,0.24879999999782274,32.0,32.4375,36.950000000000045,0.0,0.0,0.0,0.0,0.0,20.0,0.3,0.1,0.2,0.1,0.4,0.1,0.1,0.1,0.5,0.0,65535.0,0.13650720988784618,0.0,65535.0,0.07072556649118791,0.0,0.0,0.0,0.0,0.0,0.0,0.0,0.0,0.0,0.0
148493.59,0.322536980721339,0.0,15592.0,37.0,0.19729999999781017,31.9375,32.4375,37.13000000000005,0.0,0.0,0.0,0.0,0.0,20.0,0.3,0.1,0.2,0.1,0.4,0.1,0.1,0.1,0.5,0.0,65535.0,0.13682764934767683,0.0,65535.0,0.070771343556878,0.0,0.0,0.0,0.0,0.0,0.0,0.0,0.0,0.0,0.0
148553.66,0.326412480759056,0.0,15592.0,37.0,0.26879999999781706,31.9375,32.375,36.85000000000002,0.0,0.0,0.0,0.0,0.0,20.0,0.3,0.1,0.2,0.1,0.4,0.1,0.1,0.1,0.5,0.0,65535.0,0.13665980010681314,0.0,65535.0,0.07052719920653086,0.0,0.0,0.0,0.0,0.0,0.0,0.0,0.0,0.0,0.0
148613.72,0.3377552733941565,0.0,15592.0,37.0,0.19729999999780848,31.875,32.4375,36.73000000000002,0.0,0.0,0.0,0.0,0.0,20.0,0.3,0.1,0.2,0.1,0.4,0.1,0.1,0.1,0.5,0.0,65535.0,0.13685816739147022,0.0,65535.0,0.07100022888532845,0.0,0.0,0.0,0.0,0.0,0.0,0.0,0.0,0.0,0.0
148673.8,0.3359219156232377,0.0,15592.0,37.0,0.2881999999978111,31.9375,32.4375,36.81,0.0,0.0,0.0,0.0,0.0,20.0,0.3,0.1,0.2,0.1,0.4,0.1,0.1,0.1,0.5,0.0,65535.0,0.13665980010681314,0.0,65535.0,0.07130540932326238,0.0,0.0,0.0,0.0,0.0,0.0,0.0,0.0,0.0,0.0
148733.87,0.34387186184643903,0.0,15592.0,37.0,0.2649999999978188,31.8125,32.4375,36.870000000000005,0.0,0.0,0.0,0.0,0.0,20.0,0.3,0.1,0.2,0.1,0.4,0.1,0.1,0.1,0.5,0.0,65535.0,0.13687342641336692,0.0,65535.0,0.07055771725032425,0.0,0.0,0.0,0.0,0.0,0.0,0.0,0.0,0.0,0.0
148793.94,0.3108111427956729,0.0,15592.0,37.0,0.2187999999978165,31.8125,32.4375,36.93000000000001,0.0,0.0,0.0,0.0,0.0,20.0,0.3,0.1,0.2,0.1,0.4,0.1,0.1,0.1,0.5,0.0,65535.0,0.13682764934767683,0.0,65535.0,0.0707866025787747,0.0,0.0,0.0,0.0,0.0,0.0,0.0,0.0,0.0,0.0
148854.0,0.3110318429444754,0.0,15592.0,37.0,0.22969999999780658,31.875,32.375,36.950000000000045,0.0,0.0,0.0,0.0,0.0,20.0,0.3,0.1,0.2,0.1,0.4,0.1,0.1,0.1,0.5,0.0,65535.0,0.13681239032578013,0.0,65535.0,0.07045090409704738,0.0,0.0,0.0,0.0,0.0,0.0,0.0,0.0,0.0,0.0
148914.03,0.3200488969215953,0.0,15592.0,37.0,0.24239999999781095,31.875,32.4375,36.690000000000055,0.0,0.0,0.0,0.0,0.0,20.0,0.3,0.1,0.2,0.1,0.4,0.1,0.1,0.1,0.5,0.0,65535.0,0.13727016098268102,0.0,65535.0,0.07104600595101854,0.0,0.0,0.0,0.0,0.0,0.0,0.0,0.0,0.0,0.0
148974.11,0.2932104425014529,0.0,15592.0,37.0,0.2008999999978035,31.9375,32.4375,36.97000000000003,0.0,0.0,0.0,0.0,0.0,20.0,0.3,0.1,0.2,0.1,0.4,0.1,0.1,0.1,0.5,0.0,65535.0,0.13659876401922635,0.0,65535.0,0.07057297627222095,0.0,0.0,0.0,0.0,0.0,0.0,0.0,0.0,0.0,0.0
149034.17,0.2946544149051293,0.0,15592.0,37.0,0.2470999999978041,31.9375,32.4375,36.710000000000036,0.0,0.0,0.0,0.0,0.0,20.0,0.3,0.1,0.2,0.1,0.4,0.1,0.1,0.1,0.5,0.0,65535.0,0.1368886854352636,0.0,65535.0,0.07067978942549782,0.0,0.0,0.0,0.0,0.0,0.0,0.0,0.0,0.0,0.0
149094.24,0.2742291724043999,0.0,15592.0,37.0,0.21119999999780661,31.9375,32.4375,36.93000000000001,0.0,0.0,0.0,0.0,0.0,20.0,0.3,0.1,0.2,0.1,0.4,0.1,0.1,0.1,0.5,0.0,65535.0,0.13687342641336692,0.0,65535.0,0.07089341573205157,0.0,0.0,0.0,0.0,0.0,0.0,0.0,0.0,0.0,0.0
149154.3,0.28824511251662477,0.0,15592.0,37.0,0.21179999999780605,31.9375,32.4375,36.97000000000003,0.0,0.0,0.0,0.0,0.0,20.0,0.3,0.1,0.2,0.1,0.4,0.1,0.1,0.1,0.5,0.0,65535.0,0.13659876401922635,0.0,65535.0,0.07042038605325399,0.0,0.0,0.0,0.0,0.0,0.0,0.0,0.0,0.0,0.0
149214.38,0.2882609240702011,0.0,15592.0,37.0,0.22709999999780547,31.9375,32.4375,36.93000000000001,0.0,0.0,0.0,0.0,0.0,20.0,0.3,0.1,0.2,0.1,0.4,0.1,0.1,0.1,0.5,0.0,65535.0,0.13720912489509424,0.0,65535.0,0.070771343556878,0.0,0.0,0.0,0.0,0.0,0.0,0.0,0.0,0.0,0.0
149274.45,0.31297835537786345,0.0,15592.0,37.0,0.2464999999978003,31.875,32.375,36.73000000000002,0.0,0.0,0.0,0.0,0.0,20.0,0.3,0.1,0.2,0.1,0.4,0.1,0.1,0.1,0.5,0.0,65535.0,0.1373617151140612,0.0,65535.0,0.07067978942549782,0.0,0.0,0.0,0.0,0.0,0.0,0.0,0.0,0.0,0.0
149334.53,0.31337388669669175,0.0,15592.0,37.0,0.17639999999780126,31.9375,32.375,36.73000000000002,0.0,0.0,0.0,0.0,0.0,20.0,0.3,0.1,0.2,0.1,0.4,0.1,0.1,0.1,0.5,0.0,65535.0,0.13723964293888763,0.0,65535.0,0.07051194018463416,0.0,0.0,0.0,0.0,0.0,0.0,0.0,0.0,0.0,0.0
149394.6,0.3112496497100061,0.0,15592.0,37.0,0.22909999999779768,31.9375,32.4375,36.89000000000004,0.0,0.0,0.0,0.0,0.0,20.0,0.3,0.1,0.2,0.1,0.4,0.1,0.1,0.1,0.5,0.0,65535.0,0.13749904631113147,0.0,65535.0,0.07101548790722514,0.0,0.0,0.0,0.0,0.0,0.0,0.0,0.0,0.0,0.0
149454.64,0.2921038419040357,0.0,15592.0,37.0,0.24939999999780763,31.9375,32.4375,36.870000000000005,0.0,0.0,0.0,0.0,0.0,20.0,0.3,0.1,0.2,0.1,0.4,0.1,0.1,0.1,0.5,0.0,65535.0,0.1369802395666438,0.0,65535.0,0.07055771725032425,0.0,0.0,0.0,0.0,0.0,0.0,0.0,0.0,0.0,0.0
149514.68,0.317020899078098,0.0,15592.0,37.0,0.22439999999780108,31.875,32.4375,37.03000000000003,0.0,0.0,0.0,0.0,0.0,20.0,0.3,0.1,0.2,0.1,0.4,0.1,0.1,0.1,0.5,0.0,65535.0,0.13745326924544138,0.0,65535.0,0.0707866025787747,0.0,0.0,0.0,0.0,0.0,0.0,0.0,0.0,0.0,0.0
149574.73,0.32539273365298277,0.0,15592.0,37.0,0.25699999999779644,31.9375,32.4375,36.81,0.0,0.0,0.0,0.0,0.0,20.0,0.3,0.1,0.2,0.1,0.4,0.1,0.1,0.1,0.5,0.0,65535.0,0.1373464560921645,0.0,65535.0,0.07104600595101854,0.0,0.0,0.0,0.0,0.0,0.0,0.0,0.0,0.0,0.0
149634.81,0.3363270114837524,0.0,15592.0,37.0,0.21549999999780406,31.9375,32.4375,36.73000000000002,0.0,0.0,0.0,0.0,0.0,20.0,0.3,0.1,0.2,0.1,0.4,0.1,0.1,0.1,0.5,0.0,65535.0,0.13757534142061495,0.0,65535.0,0.07074082551308461,0.0,0.0,0.0,0.0,0.0,0.0,0.0,0.0,0.0,0.0
149694.84,0.33771289716508424,0.0,15592.0,37.0,0.19929999999780287,31.8125,32.375,36.710000000000036,0.0,0.0,0.0,0.0,0.0,20.0,0.3,0.1,0.2,0.1,0.4,0.1,0.1,0.1,0.5,0.0,65535.0,0.13722438391699093,0.0,65535.0,0.07144274052033264,0.0,0.0,0.0,0.0,0.0,0.0,0.0,0.0,0.0,0.0
149754.89,0.3444949279515655,0.0,15592.0,37.0,0.22079999999779837,31.875,32.4375,36.79000000000002,0.0,0.0,0.0,0.0,0.0,20.0,0.3,0.1,0.2,0.1,0.4,0.1,0.1,0.1,0.5,0.0,65535.0,0.13754482337682156,0.0,65535.0,0.07074082551308461,0.0,0.0,0.0,0.0,0.0,0.0,0.0,0.0,0.0,0.0
149814.97,0.35162893382484983,0.0,15592.0,37.0,0.21849999999780217,31.9375,32.4375,36.710000000000036,0.0,0.0,0.0,0.0,0.0,20.0,0.3,0.1,0.2,0.1,0.4,0.1,0.1,0.1,0.5,0.0,65535.0,0.1373159380483711,0.0,65535.0,0.07074082551308461,0.0,0.0,0.0,0.0,0.0,0.0,0.0,0.0,0.0,0.0
149875.04,0.27029792769203104,0.0,15592.0,37.0,0.2210999999977964,31.875,32.4375,36.870000000000005,0.0,0.0,0.0,0.0,0.0,20.0,0.3,0.1,0.2,0.1,0.4,0.1,0.1,0.1,0.5,0.0,65535.0,0.13762111848630504,0.0,65535.0,0.07072556649118791,0.0,0.0,0.0,0.0,0.0,0.0,0.0,0.0,0.0,0.0
149935.12,0.3031257047274645,0.0,15592.0,37.0,0.22049999999779524,31.875,32.4375,36.77000000000004,0.0,0.0,0.0,0.0,0.0,20.0,0.3,0.1,0.2,0.1,0.4,0.1,0.1,0.1,0.5,0.0,65535.0,0.13789578088044557,0.0,65535.0,0.07086289768825818,0.0,0.0,0.0,0.0,0.0,0.0,0.0,0.0,0.0,0.0
149995.19,0.3060775381056295,0.0,15592.0,37.0,0.2366999999977947,31.9375,32.4375,36.85000000000002,0.0,0.0,0.0,0.0,0.0,20.0,0.3,0.1,0.2,0.1,0.4,0.1,0.1,0.1,0.5,0.0,65535.0,0.13743801022354468,0.0,65535.0,0.07081712062256809,0.0,0.0,0.0,0.0,0.0,0.0,0.0,0.0,0.0,0.0
150055.24,0.2876386502692283,0.0,15592.0,37.0,0.1981999999977871,31.8125,32.4375,36.85000000000002,0.0,0.0,0.0,0.0,0.0,20.0,0.3,0.1,0.2,0.1,0.4,0.1,0.1,0.1,0.5,0.0,65535.0,0.1377431906614786,0.0,65535.0,0.07107652399481193,0.0,0.0,0.0,0.0,0.0,0.0,0.0,0.0,0.0,0.0
150115.29,0.2611532813089783,0.0,15592.0,37.0,0.2414999999977929,31.875,32.4375,36.89000000000004,0.0,0.0,0.0,0.0,0.0,20.0,0.3,0.1,0.2,0.1,0.4,0.1,0.1,0.1,0.5,0.0,65535.0,0.1373922331578546,0.0,65535.0,0.07092393377584497,0.0,0.0,0.0,0.0,0.0,0.0,0.0,0.0,0.0,0.0
150175.33,0.25677739178626496,0.0,15592.0,37.0,0.2467999999977872,31.9375,32.4375,36.79000000000002,0.0,0.0,0.0,0.0,0.0,20.0,0.3,0.1,0.2,0.1,0.4,0.1,0.1,0.1,0.5,0.0,65535.0,0.1377584496833753,0.0,65535.0,0.07096971084153506,0.0,0.0,0.0,0.0,0.0,0.0,0.0,0.0,0.0,0.0
150235.38,0.24192257197339134,0.0,15592.0,37.0,0.22499999999779025,31.9375,32.4375,36.870000000000005,0.0,0.0,0.0,0.0,0.0,20.0,0.3,0.1,0.2,0.1,0.4,0.1,0.1,0.1,0.5,0.0,65535.0,0.13771267261768522,0.0,65535.0,0.07106126497291523,0.0,0.0,0.0,0.0,0.0,0.0,0.0,0.0,0.0,0.0
150295.42,0.34997090547298265,0.0,15592.0,37.0,0.2476999999977855,31.9375,32.4375,36.870000000000005,0.0,0.0,0.0,0.0,0.0,20.0,0.3,0.1,0.2,0.1,0.4,0.1,0.1,0.1,0.5,0.0,65535.0,0.13762111848630504,0.0,65535.0,0.07087815671015488,0.0,0.0,0.0,0.0,0.0,0.0,0.0,0.0,0.0,0.0
150355.46,0.33079935998110405,0.0,15592.0,37.0,0.25009999999778415,31.9375,32.4375,36.710000000000036,0.0,0.0,0.0,0.0,0.0,20.0,0.3,0.1,0.2,0.1,0.4,0.1,0.1,0.1,0.5,0.0,65535.0,0.137773708705272,0.0,65535.0,0.07096971084153506,0.0,0.0,0.0,0.0,0.0,0.0,0.0,0.0,0.0,0.0
150415.54,0.3489459638505042,0.0,15592.0,37.0,0.23059999999778258,32.0,32.4375,36.79000000000002,0.0,0.0,0.0,0.0,0.0,20.0,0.3,0.1,0.2,0.1,0.4,0.1,0.1,0.1,0.5,0.0,65535.0,0.13756008239871825,0.0,65535.0,0.07089341573205157,0.0,0.0,0.0,0.0,0.0,0.0,0.0,0.0,0.0,0.0
150475.58,0.3471680455352547,0.0,15592.0,37.0,0.2520999999977923,31.9375,32.4375,36.93000000000001,0.0,0.0,0.0,0.0,0.0,20.0,0.3,0.1,0.2,0.1,0.4,0.1,0.1,0.1,0.5,0.0,65535.0,0.13760585946440834,0.0,65535.0,0.07071030746929122,0.0,0.0,0.0,0.0,0.0,0.0,0.0,0.0,0.0,0.0
150535.66,0.3426998145084947,0.0,15592.0,37.0,0.2493999999977913,31.875,32.4375,36.870000000000005,0.0,0.0,0.0,0.0,0.0,20.0,0.3,0.1,0.2,0.1,0.4,0.1,0.1,0.1,0.5,0.0,65535.0,0.1378347447928588,0.0,65535.0,0.07087815671015488,0.0,0.0,0.0,0.0,0.0,0.0,0.0,0.0,0.0,0.0
150595.73,0.3150586014476926,0.0,15592.0,37.0,0.24029999999778537,31.875,32.4375,36.79000000000002,0.0,0.0,0.0,0.0,0.0,20.0,0.3,0.1,0.2,0.1,0.4,0.1,0.1,0.1,0.5,0.0,65535.0,0.13800259403372245,0.0,65535.0,0.07100022888532845,0.0,0.0,0.0,0.0,0.0,0.0,0.0,0.0,0.0,0.0
150655.79,0.3788027581283634,0.0,15592.0,37.0,0.18199999999777727,31.875,32.4375,36.77000000000004,0.0,0.0,0.0,0.0,0.0,20.0,0.3,0.1,0.2,0.1,0.4,0.1,0.1,0.1,0.5,0.0,65535.0,0.13768215457389182,0.0,65535.0,0.07095445181963836,0.0,0.0,0.0,0.0,0.0,0.0,0.0,0.0,0.0,0.0
150715.86,0.3798292696809481,0.0,15592.0,37.0,0.2622999999977895,31.875,32.4375,36.710000000000036,0.0,0.0,0.0,0.0,0.0,20.0,0.3,0.1,0.2,0.1,0.4,0.1,0.1,0.1,0.5,0.0,65535.0,0.13826199740596629,0.0,65535.0,0.07081712062256809,0.0,0.0,0.0,0.0,0.0,0.0,0.0,0.0,0.0,0.0
150775.9,0.36937004273344887,0.0,15592.0,37.0,0.2225999999977821,31.9375,32.4375,36.710000000000036,0.0,0.0,0.0,0.0,0.0,20.0,0.3,0.1,0.2,0.1,0.4,0.1,0.1,0.1,0.5,0.0,65535.0,0.13850614175631343,0.0,65535.0,0.07089341573205157,0.0,0.0,0.0,0.0,0.0,0.0,0.0,0.0,0.0,0.0
150835.94,0.3039007842483285,0.0,15592.0,37.0,0.23519999999778143,31.875,32.4375,37.01000000000005,0.0,0.0,0.0,0.0,0.0,20.0,0.3,0.1,0.2,0.1,0.4,0.1,0.1,0.1,0.5,0.0,65535.0,0.13853665980010682,0.0,65535.0,0.07113756008239872,0.0,0.0,0.0,0.0,0.0,0.0,0.0,0.0,0.0,0.0
150895.98,0.31182076586699137,0.0,15592.0,37.0,0.24259999999777554,31.875,32.4375,36.870000000000005,0.0,0.0,0.0,0.0,0.0,20.0,0.3,0.1,0.2,0.1,0.4,0.1,0.1,0.1,0.5,0.0,65535.0,0.13841458762493325,0.0,65535.0,0.07095445181963836,0.0,0.0,0.0,0.0,0.0,0.0,0.0,0.0,0.0,0.0
150956.03,0.3077539586342418,0.0,15592.0,37.0,0.22789999999777386,31.875,32.4375,36.93000000000001,0.0,0.0,0.0,0.0,0.0,20.0,0.3,0.1,0.2,0.1,0.4,0.1,0.1,0.1,0.5,0.0,65535.0,0.13812466620889602,0.0,65535.0,0.07093919279774166,0.0,0.0,0.0,0.0,0.0,0.0,0.0,0.0,0.0,0.0
151016.07,0.3075983267074217,0.0,15592.0,37.0,0.23879999999777815,31.9375,32.4375,36.77000000000004,0.0,0.0,0.0,0.0,0.0,20.0,0.3,0.1,0.2,0.1,0.4,0.1,0.1,0.1,0.5,0.0,65535.0,0.13812466620889602,0.0,65535.0,0.0711985961699855,0.0,0.0,0.0,0.0,0.0,0.0,0.0,0.0,0.0,0.0
151076.15,0.32960932905459167,0.0,15592.0,37.0,0.24529999999777222,31.875,32.4375,36.650000000000034,0.0,0.0,0.0,0.0,0.0,20.0,0.3,0.1,0.2,0.1,0.4,0.1,0.1,0.1,0.5,0.0,65535.0,0.13829251544975968,0.0,65535.0,0.07093919279774166,0.0,0.0,0.0,0.0,0.0,0.0,0.0,0.0,0.0,0.0
151136.22,0.31894202096950897,0.0,15592.0,37.0,0.20939999999777473,31.9375,32.4375,36.870000000000005,0.0,0.0,0.0,0.0,0.0,20.0,0.3,0.1,0.2,0.1,0.4,0.1,0.1,0.1,0.5,0.0,65535.0,0.1382467383840696,0.0,65535.0,0.07124437323567559,0.0,0.0,0.0,0.0,0.0,0.0,0.0,0.0,0.0,0.0
151196.28,0.3110721217188424,0.0,15592.0,37.0,0.22969999999776963,32.0,32.4375,36.81,0.0,0.0,0.0,0.0,0.0,20.0,0.3,0.1,0.2,0.1,0.4,0.1,0.1,0.1,0.5,0.0,65535.0,0.13871976806286718,0.0,65535.0,0.07113756008239872,0.0,0.0,0.0,0.0,0.0,0.0,0.0,0.0,0.0,0.0
151256.36,0.32975015254790396,0.0,15592.0,37.0,0.26709999999777995,31.9375,32.4375,36.79000000000002,0.0,0.0,0.0,0.0,0.0,20.0,0.3,0.1,0.2,0.1,0.4,0.1,0.1,0.1,0.5,0.0,65535.0,0.138628213931487,0.0,65535.0,0.07135118638895246,0.0,0.0,0.0,0.0,0.0,0.0,0.0,0.0,0.0,0.0
151316.43,0.32219851285762835,0.0,15592.0,37.0,0.2261999999977728,32.0,32.4375,36.89000000000004,0.0,0.0,0.0,0.0,0.0,20.0,0.3,0.1,0.2,0.1,0.4,0.1,0.1,0.1,0.5,0.0,65535.0,0.13830777447165638,0.0,65535.0,0.0712291142137789,0.0,0.0,0.0,0.0,0.0,0.0,0.0,0.0,0.0,0.0
151376.51,0.3134966470506493,0.0,15592.0,37.0,0.22409999999777214,31.9375,32.4375,36.870000000000005,0.0,0.0,0.0,0.0,0.0,20.0,0.3,0.1,0.2,0.1,0.4,0.1,0.1,0.1,0.5,0.0,65535.0,0.13879606317235066,0.0,65535.0,0.07109178301670863,0.0,0.0,0.0,0.0,0.0,0.0,0.0,0.0,0.0,0.0
151436.58,0.2977813594406552,0.0,15592.0,37.0,0.22199999999777148,31.875,32.4375,36.710000000000036,0.0,0.0043,0.25,0.0,0.0,20.0,0.3,0.1,0.2,0.1,0.4,0.1,0.1,0.1,0.5,0.0,65535.0,0.1386587319752804,0.0,65535.0,0.07100022888532845,0.0,0.0,0.0,0.0,0.0,0.0,0.0,0.0,0.0,0.0
151496.66,0.34809946191666274,0.0,15592.0,37.0,0.40044999999776665,31.875,32.4375,36.39000000000004,0.0,0.0,0.0,0.0,0.0,20.0,0.3,0.1,0.2,0.1,0.4,0.1,0.1,0.1,0.5,0.0,65535.0,0.13550011444266422,0.0,65535.0,0.07002365148393988,0.0,0.0,0.0,0.0,0.0,0.0,0.0,0.0,0.0,0.0
151556.7,0.3545584813848438,0.0,15592.0,37.0,0.29829999999777684,31.875,32.4375,36.79000000000002,0.0,0.0,0.0,0.0,0.0,20.0,0.3,0.1,0.2,0.1,0.4,0.1,0.1,0.1,0.5,0.0,65535.0,0.13498130769817654,0.0,65535.0,0.06923018234531167,0.0,0.0,0.0,0.0,0.0,0.0,0.0,0.0,0.0,0.0
151616.74,0.30444083113666065,0.0,15592.0,37.0,0.22619999999776877,31.9375,32.4375,36.870000000000005,0.0,0.0,0.0,0.0,0.0,20.0,0.3,0.1,0.2,0.1,0.4,0.1,0.1,0.1,0.5,0.0,65535.0,0.1351338979171435,0.0,65535.0,0.06927595941100176,0.0,0.0,0.0,0.0,0.0,0.0,0.0,0.0,0.0,0.0
151676.8,0.3062422409782476,0.0,15592.0,37.0,0.1975999999977621,31.9375,32.4375,36.870000000000005,0.0,0.0,0.0,0.0,0.0,20.0,0.3,0.1,0.2,0.1,0.4,0.1,0.1,0.1,0.5,0.0,65535.0,0.1356221866178378,0.0,65535.0,0.06976424811169604,0.0,0.0,0.0,0.0,0.0,0.0,0.0,0.0,0.0,0.0
151736.88,0.2961477901036707,0.0,15592.0,37.0,0.2566999999977635,32.0,32.4375,36.950000000000045,0.0,0.0,0.0,0.0,0.0,20.0,0.3,0.1,0.2,0.1,0.4,0.1,0.1,0.1,0.5,0.0,65535.0,0.13525597009231707,0.0,65535.0,0.0695506218051423,0.0,0.0,0.0,0.0,0.0,0.0,0.0,0.0,0.0,0.0
151796.93,0.315000472888174,0.0,15592.0,37.0,0.2695999999977625,31.9375,32.4375,36.710000000000036,0.0,0.0,0.0,0.0,0.0,20.0,0.3,0.1,0.2,0.1,0.4,0.1,0.1,0.1,0.5,0.0,65535.0,0.13501182574196993,0.0,65535.0,0.06982528419928283,0.0,0.0,0.0,0.0,0.0,0.0,0.0,0.0,0.0,0.0
151856.97,0.3593992824499077,0.0,15592.0,37.0,0.2112999999977695,32.0,32.4375,36.85000000000002,0.0,0.0,0.0,0.0,0.0,20.0,0.3,0.1,0.2,0.1,0.4,0.1,0.1,0.1,0.5,0.0,65535.0,0.1355306324864576,0.0,65535.0,0.0695201037613489,0.0,0.0,0.0,0.0,0.0,0.0,0.0,0.0,0.0,0.0
151917.02,0.36468757860565487,0.0,15592.0,37.0,0.300499999997762,32.0,32.4375,36.97000000000003,0.0,0.0,0.0,0.0,0.0,20.0,0.3,0.1,0.2,0.1,0.4,0.1,0.1,0.1,0.5,0.0,65535.0,0.13525597009231707,0.0,65535.0,0.06964217593652247,0.0,0.0,0.0,0.0,0.0,0.0,0.0,0.0,0.0,0.0
151977.08,0.33031186381930566,0.0,15592.0,37.0,0.21749999999776298,31.9375,32.4375,37.01000000000005,0.0,0.0,0.0,0.0,0.0,20.0,0.3,0.1,0.2,0.1,0.4,0.1,0.1,0.1,0.5,0.0,65535.0,0.13568322270542457,0.0,65535.0,0.06973373006790265,0.0,0.0,0.0,0.0,0.0,0.0,0.0,0.0,0.0,0.0
152037.14,0.32667048364381285,0.0,15592.0,37.0,0.29839999999776046,32.0,32.4375,36.93000000000001,0.0,0.0,0.0,0.0,0.0,20.0,0.3,0.1,0.2,0.1,0.4,0.1,0.1,0.1,0.5,0.0,65535.0,0.1351186388952468,0.0,65535.0,0.06977950713359274,0.0,0.0,0.0,0.0,0.0,0.0,0.0,0.0,0.0,0.0
152097.21,0.2812300201464657,0.0,15592.0,37.0,0.19159999999775554,32.0,32.4375,36.97000000000003,0.0,0.0,0.0,0.0,0.0,20.0,0.3,0.1,0.2,0.1,0.4,0.1,0.1,0.1,0.5,0.0,65535.0,0.135561150530251,0.0,65535.0,0.069916838330663,0.0,0.0,0.0,0.0,0.0,0.0,0.0,0.0,0.0,0.0
152157.29,0.25420752686163184,0.0,15592.0,37.0,0.21119999999776015,32.0,32.4375,36.870000000000005,0.0,0.0,0.0,0.0,0.0,20.0,0.3,0.1,0.2,0.1,0.4,0.1,0.1,0.1,0.5,0.0,65535.0,0.13546959639887082,0.0,65535.0,0.06921492332341497,0.0,0.0,0.0,0.0,0.0,0.0,0.0,0.0,0.0,0.0
152217.37,0.33932242730029705,0.0,15592.0,37.0,0.20969999999775896,31.9375,32.4375,36.97000000000003,0.0,0.0,0.0,0.0,0.0,20.0,0.3,0.1,0.2,0.1,0.4,0.1,0.1,0.1,0.5,0.0,65535.0,0.13505760280766002,0.0,65535.0,0.06979476615548943,0.0,0.0,0.0,0.0,0.0,0.0,0.0,0.0,0.0,0.0
152277.44,0.27064804961775635,0.0,15592.0,37.0,0.20409999999776318,31.875,32.375,36.610000000000014,0.0,0.0,0.0,0.0,0.0,20.0,0.3,0.1,0.2,0.1,0.4,0.1,0.1,0.1,0.5,0.0,65535.0,0.1355458915083543,0.0,65535.0,0.06979476615548943,0.0,0.0,0.0,0.0,0.0,0.0,0.0,0.0,0.0,0.0
152337.48,0.32255795037480933,0.0,15592.0,37.0,0.24319999999775432,31.875,32.4375,36.690000000000055,0.0,0.0,0.0,0.0,0.0,20.0,0.3,0.1,0.2,0.1,0.4,0.1,0.1,0.1,0.5,0.0,65535.0,0.13540856031128404,0.0,65535.0,0.06959639887083238,0.0,0.0,0.0,0.0,0.0,0.0,0.0,0.0,0.0,0.0
152397.56,0.398909864659931,0.0,15592.0,37.0,0.24139999999775338,31.875,32.375,36.950000000000045,0.0,0.0,0.0,0.0,0.0,20.0,0.3,0.1,0.2,0.1,0.4,0.1,0.1,0.1,0.5,0.0,65535.0,0.13575951781490805,0.0,65535.0,0.06997787441824979,0.0,0.0,0.0,0.0,0.0,0.0,0.0,0.0,0.0,0.0
152457.64,0.3950901144194512,0.0,15592.0,37.0,0.23609999999775735,31.875,32.4375,36.63000000000005,0.0,0.0,0.0,0.0,0.0,20.0,0.3,0.1,0.2,0.1,0.4,0.1,0.1,0.1,0.5,0.0,65535.0,0.13577477683680475,0.0,65535.0,0.06959639887083238,0.0,0.0,0.0,0.0,0.0,0.0,0.0,0.0,0.0,0.0
152517.71,0.3997698449061311,0.0,15592.0,37.0,0.25819999999775234,31.9375,32.4375,36.950000000000045,0.0,0.0,0.0,0.0,0.0,20.0,0.3,0.1,0.2,0.1,0.4,0.1,0.1,0.1,0.5,0.0,65535.0,0.1360341802090486,0.0,65535.0,0.06981002517738613,0.0,0.0,0.0,0.0,0.0,0.0,0.0,0.0,0.0,0.0
152577.76,0.4110564656633521,0.0,15592.0,37.0,0.22519999999774964,31.875,32.4375,36.81,0.0,0.0,0.0,0.0,0.0,20.0,0.3,0.1,0.2,0.1,0.4,0.1,0.1,0.1,0.5,0.0,65535.0,0.13548485542076752,0.0,65535.0,0.0695506218051423,0.0,0.0,0.0,0.0,0.0,0.0,0.0,0.0,0.0,0.0
152637.84,0.41031238125825487,0.0,15592.0,37.0,0.26259999999775996,31.8125,32.375,36.73000000000002,0.0,0.0,0.0,0.0,0.0,20.0,0.3,0.1,0.2,0.1,0.4,0.1,0.1,0.1,0.5,0.0,65535.0,0.13563744563973448,0.0,65535.0,0.06956588082703899,0.0,0.0,0.0,0.0,0.0,0.0,0.0,0.0,0.0,0.0
152697.89,0.39539173168428127,0.0,15592.0,37.0,0.21639999999775764,31.8125,32.4375,36.690000000000055,0.0,0.0,0.0,0.0,0.0,20.0,0.3,0.1,0.2,0.1,0.4,0.1,0.1,0.1,0.5,0.0,65535.0,0.1355764095521477,0.0,65535.0,0.06979476615548943,0.0,0.0,0.0,0.0,0.0,0.0,0.0,0.0,0.0,0.0
152757.94,0.3156556328904502,0.0,15592.0,37.0,0.2893999999977498,31.875,32.4375,36.55000000000001,0.0,0.0,0.0,0.0,0.0,20.0,0.3,0.1,0.2,0.1,0.4,0.1,0.1,0.1,0.5,0.0,65535.0,0.13568322270542457,0.0,65535.0,0.06959639887083238,0.0,0.0,0.0,0.0,0.0,0.0,0.0,0.0,0.0,0.0
152818.0,0.19252905856636432,0.0,15592.0,37.0,0.21029999999775068,31.9375,32.375,36.77000000000004,0.0,0.0,0.0,0.0,0.0,20.0,0.3,0.1,0.2,0.1,0.4,0.1,0.1,0.1,0.5,0.0,65535.0,0.1355916685740444,0.0,65535.0,0.06979476615548943,0.0,0.0,0.0,0.0,0.0,0.0,0.0,0.0,0.0,0.0
152878.04,0.2003152188893552,0.0,15592.0,37.0,0.2019999999977548,31.9375,32.4375,36.73000000000002,0.0,0.0,0.0,0.0,0.0,20.0,0.3,0.1,0.2,0.1,0.4,0.1,0.1,0.1,0.5,0.0,65535.0,0.13632410162508582,0.0,65535.0,0.06938277256427863,0.0,0.0,0.0,0.0,0.0,0.0,0.0,0.0,0.0,0.0
152938.09,0.19304580226725077,0.0,15592.0,37.0,0.3108999999977436,31.875,32.4375,36.93000000000001,0.0,0.0,0.0,0.0,0.0,20.0,0.3,0.1,0.2,0.1,0.4,0.1,0.1,0.1,0.5,0.0,65535.0,0.13579003585870145,0.0,65535.0,0.06974898908979935,0.0,0.0,0.0,0.0,0.0,0.0,0.0,0.0,0.0,0.0
152998.13,0.186483279882038,0.0,15592.0,37.0,0.21269999999774847,31.875,32.4375,36.950000000000045,0.0,0.0,0.0,0.0,0.0,20.0,0.3,0.1,0.2,0.1,0.4,0.1,0.1,0.1,0.5,0.0,65535.0,0.13577477683680475,0.0,65535.0,0.06968795300221256,0.0,0.0,0.0,0.0,0.0,0.0,0.0,0.0,0.0,0.0
153058.18,0.1938603307403044,0.0,15592.0,37.0,0.24529999999774382,32.0,32.4375,36.89000000000004,0.0,0.0,0.0,0.0,0.0,20.0,0.3,0.1,0.2,0.1,0.4,0.1,0.1,0.1,0.5,0.0,65535.0,0.1360189211871519,0.0,65535.0,0.07009994659342336,0.0,0.0,0.0,0.0,0.0,0.0,0.0,0.0,0.0,0.0
153118.24,0.24365263997795894,0.0,15592.0,37.0,0.19759999999774117,31.9375,32.4375,36.77000000000004,0.0,0.0,0.0,0.0,0.0,20.0,0.3,0.1,0.2,0.1,0.4,0.1,0.1,0.1,0.5,0.0,65535.0,0.13592736705577171,0.0,65535.0,0.06956588082703899,0.0,0.0,0.0,0.0,0.0,0.0,0.0,0.0,0.0,0.0
153178.28,0.26644307407339746,0.0,15592.0,37.0,0.2649999999977526,31.9375,32.4375,36.89000000000004,0.0,0.0,0.0,0.0,0.0,20.0,0.3,0.1,0.2,0.1,0.4,0.1,0.1,0.1,0.5,0.0,65535.0,0.1360036621652552,0.0,65535.0,0.07011520561532006,0.0,0.0,0.0,0.0,0.0,0.0,0.0,0.0,0.0,0.0
153238.35,0.29335691093612193,0.0,15592.0,37.0,0.2941999999977428,31.9375,32.4375,36.85000000000002,0.0,0.0,0.0,0.0,0.0,20.0,0.3,0.1,0.2,0.1,0.4,0.1,0.1,0.1,0.5,0.0,65535.0,0.13609521629663537,0.0,65535.0,0.06977950713359274,0.0,0.0,0.0,0.0,0.0,0.0,0.0,0.0,0.0,0.0
153298.42,0.28708706967314335,0.0,15592.0,37.0,0.20709999999774842,31.9375,32.4375,37.110000000000014,0.0,0.0,0.0,0.0,0.0,20.0,0.3,0.1,0.2,0.1,0.4,0.1,0.1,0.1,0.5,0.0,65535.0,0.1356069275959411,0.0,65535.0,0.06958113984893569,0.0,0.0,0.0,0.0,0.0,0.0,0.0,0.0,0.0,0.0
153358.49,0.2902752179136615,0.0,15592.0,37.0,0.2408999999977444,31.9375,32.375,36.89000000000004,0.0,0.0,0.0,0.0,0.0,20.0,0.3,0.1,0.2,0.1,0.4,0.1,0.1,0.1,0.5,0.0,65535.0,0.1359426260776684,0.0,65535.0,0.06973373006790265,0.0,0.0,0.0,0.0,0.0,0.0,0.0,0.0,0.0,0.0
153418.56,0.2834623566881913,0.0,15592.0,37.0,0.22329999999774788,31.9375,32.4375,36.89000000000004,0.0,0.0,0.0,0.0,0.0,20.0,0.3,0.1,0.2,0.1,0.4,0.1,0.1,0.1,0.5,0.0,65535.0,0.13615625238422216,0.0,65535.0,0.06984054322117952,0.0,0.0,0.0,0.0,0.0,0.0,0.0,0.0,0.0,0.0
153478.61,0.29406112499134696,0.0,15592.0,37.0,0.16089999999774524,32.0625,32.375,37.09000000000003,0.0,0.0,0.0,0.0,0.0,20.0,0.3,0.1,0.2,0.1,0.4,0.1,0.1,0.1,0.5,0.0,65535.0,0.13546959639887082,0.0,65535.0,0.06981002517738613,0.0,0.0,0.0,0.0,0.0,0.0,0.0,0.0,0.0,0.0
153538.65,0.28211661739378247,0.0,15592.0,37.0,0.22939999999773722,32.0625,32.4375,36.85000000000002,0.0,0.0,0.0,0.0,0.0,20.0,0.3,0.1,0.2,0.1,0.4,0.1,0.1,0.1,0.5,0.0,65535.0,0.13606469825284198,0.0,65535.0,0.06988632028686961,0.0,0.0,0.0,0.0,0.0,0.0,0.0,0.0,0.0,0.0
153598.73,0.2644171548776378,0.0,15592.0,37.0,0.23819999999774172,31.9375,32.4375,37.05000000000001,0.0,0.0,0.0,0.0,0.0,20.0,0.3,0.1,0.2,0.1,0.4,0.1,0.1,0.1,0.5,0.0,65535.0,0.13633936064698252,0.0,65535.0,0.07020675974670024,0.0,0.0,0.0,0.0,0.0,0.0,0.0,0.0,0.0,0.0
