exp_time,od_measured,od_setpoint,od_zero_setpoint,thermostat_setpoint,heating_rate,internal_air_temp,external_air_temp,media_temp,opt_gen_act_int,pump_1_rate,pump_2_rate,pump_3_rate,pump_4_rate,media_vol,stirring_rate,LED_395nm_setpoint,LED_457nm_setpoint,LED_500nm_setpoint,LED_523nm_setpoint,LED_595nm_setpoint,LED_623nm_setpoint,LED_6500K_setpoint,laser_setpoint,LED_UV_int,FP1_base,FP1_emit1,FP1_emit2,FP2_base,FP2_emit1,FP2_emit2,FP3_base,FP3_emit1,FP3_emit2,custom_prog_param1,custom_prog_param2,custom_prog_param3,custom_prog_status,zigzag_target,growth_rate
0.28,0.8793161789837012,0.0,30525.0,37.0,1.0,23.6875,32.0625,22.170000000000016,0.0,0.0,0.0,0.0,0.0,20.0,0.3,0.1,0.2,0.1,0.4,0.1,0.1,0.1,0.5,0.0,65535.0,0.05935759517814908,0.0,65535.0,0.032730601968413826,0.0,0.0,0.0,0.0,0.0,0.0,0.0,0.0,0.0,0.0
60.36,0.8599306100107653,0.0,30525.0,37.0,1.0,23.0,32.125,24.350000000000023,0.0,0.0,0.0,0.0,0.0,20.0,0.3,0.1,0.2,0.1,0.4,0.1,0.1,0.1,0.5,0.0,65535.0,0.05958648050659953,0.0,65535.0,0.033539330128938734,0.0,0.0,0.0,0.0,0.0,0.0,0.0,0.0,0.0,0.0
120.43,0.8673541745102261,0.0,30525.0,37.0,1.0,23.75,32.0625,26.910000000000025,0.0,0.0,0.0,0.0,0.0,20.0,0.3,0.1,0.2,0.1,0.4,0.1,0.1,0.1,0.5,0.0,65535.0,0.05821316853589685,0.0,65535.0,0.034164950026703285,0.0,0.0,0.0,0.0,0.0,0.0,0.0,0.0,0.0,0.0
180.5,0.8231305590263649,0.0,30525.0,37.0,1.0,24.5625,32.125,30.170000000000016,0.0,0.0,0.0,0.0,0.0,20.0,0.3,0.1,0.2,0.1,0.4,0.1,0.1,0.1,0.5,0.0,65535.0,0.05790798809796292,0.0,65535.0,0.033661402304112305,0.0,0.0,0.0,0.0,0.0,0.0,0.0,0.0,0.0,0.0
240.56,0.7939949825339582,0.0,30525.0,37.0,1.0,25.9375,32.1875,32.77000000000004,0.0,0.0,0.0,0.0,0.0,20.0,0.3,0.1,0.2,0.1,0.4,0.1,0.1,0.1,0.5,0.0,65535.0,0.0562905317769131,0.0,65535.0,0.032990005340657665,0.0,0.0,0.0,0.0,0.0,0.0,0.0,0.0,0.0,0.0
300.6,0.8012534869148313,0.0,30525.0,37.0,0.5273499999999873,26.75,32.1875,34.83000000000004,0.0,0.0,0.0,0.0,0.0,20.0,0.3,0.1,0.2,0.1,0.4,0.1,0.1,0.1,0.5,0.0,65535.0,0.054856183718623636,0.0,64138.0,0.03222738470173688,0.0,0.0,0.0,0.0,0.0,0.0,0.0,0.0,0.0,0.0
360.65,0.8420008847903048,0.0,30525.0,37.0,0.24914999999998344,27.4375,32.1875,36.01000000000005,0.0,0.0,0.0,0.0,0.0,20.0,0.3,0.1,0.2,0.1,0.4,0.1,0.1,0.1,0.5,0.0,65535.0,0.054520485236896316,0.0,64874.0,0.03217005271757561,0.0,0.0,0.0,0.0,0.0,0.0,0.0,0.0,0.0,0.0
420.77,0.8720802025282278,0.0,30525.0,37.0,0.2333499999999856,28.0,32.1875,36.47000000000003,0.0,0.0,0.0,0.0,0.0,20.0,0.3,0.1,0.2,0.1,0.4,0.1,0.1,0.1,0.5,0.0,65535.0,0.054276340886549174,0.0,62294.0,0.03261951391787331,0.0,0.0,0.0,0.0,0.0,0.0,0.0,0.0,0.0,0.0
480.82,0.8519941231843715,0.0,30525.0,37.0,0.3402499999999933,28.4375,32.25,35.97000000000003,0.0,0.0,0.0,0.0,0.0,20.0,0.3,0.1,0.2,0.1,0.4,0.1,0.1,0.1,0.5,0.0,65535.0,0.05638208590829328,0.0,65535.0,0.033112077515831236,0.0,0.0,0.0,0.0,0.0,0.0,0.0,0.0,0.0,0.0
540.88,0.8441262634509472,0.0,30525.0,37.0,0.08414999999998715,28.8125,32.1875,36.93000000000001,0.0,0.0,0.0,0.0,0.0,20.0,0.3,0.1,0.2,0.1,0.4,0.1,0.1,0.1,0.5,0.0,65535.0,0.054230563820859085,0.0,63296.0,0.03268768958543984,0.0,0.0,0.0,0.0,0.0,0.0,0.0,0.0,0.0,0.0
600.94,0.8521732743913875,0.0,30525.0,37.0,0.163049999999989,28.6875,32.25,36.870000000000005,0.0,0.0,0.0,0.0,0.0,20.0,0.3,0.1,0.2,0.1,0.4,0.1,0.1,0.1,0.5,0.0,65535.0,0.05471885252155337,0.0,63740.0,0.032585503608409165,0.0,0.0,0.0,0.0,0.0,0.0,0.0,0.0,0.0,0.0
661.02,0.8504586109250944,0.0,30525.0,37.0,0.20524999999998503,29.0625,32.25,36.57000000000005,0.0,0.0,0.0,0.0,0.0,20.0,0.3,0.1,0.2,0.1,0.4,0.1,0.1,0.1,0.5,0.0,65535.0,0.05539024948500801,0.0,64230.0,0.032617157091701696,0.0,0.0,0.0,0.0,0.0,0.0,0.0,0.0,0.0,0.0
721.06,0.8456989549986317,0.0,30525.0,37.0,0.1500499999999818,29.125,32.25,36.870000000000005,0.0,0.0,0.0,0.0,0.0,20.0,0.3,0.1,0.2,0.1,0.4,0.1,0.1,0.1,0.5,0.0,65535.0,0.054779888609140154,0.0,62901.0,0.03282936678272205,0.0,0.0,0.0,0.0,0.0,0.0,0.0,0.0,0.0,0.0
781.11,0.858769720399329,0.0,30525.0,37.0,0.18134999999998686,29.3125,32.25,36.85000000000002,0.0,0.0,0.0,0.0,0.0,20.0,0.3,0.1,0.2,0.1,0.4,0.1,0.1,0.1,0.5,0.0,65535.0,0.056321049820706494,0.0,65535.0,0.03245593957427329,0.0,0.0,0.0,0.0,0.0,0.0,0.0,0.0,0.0,0.0
841.18,0.8691315794843409,0.0,30525.0,37.0,0.23324999999998824,29.375,32.25,36.81,0.0,0.0,0.0,0.0,0.0,20.0,0.3,0.1,0.2,0.1,0.4,0.1,0.1,0.1,0.5,0.0,65535.0,0.055283436331731134,0.0,64163.0,0.03269797235166685,0.0,0.0,0.0,0.0,0.0,0.0,0.0,0.0,0.0,0.0
901.27,0.8420817490236124,0.0,30525.0,37.0,0.15534999999998972,29.5625,32.25,36.85000000000002,0.0,0.0,0.0,0.0,0.0,20.0,0.3,0.1,0.2,0.1,0.4,0.1,0.1,0.1,0.5,0.0,65535.0,0.055283436331731134,0.0,62808.0,0.03284613425041396,0.0,0.0,0.0,0.0,0.0,0.0,0.0,0.0,0.0,0.0
961.31,0.8702867149109585,0.0,30525.0,37.0,0.12974999999998288,29.625,32.25,36.49000000000001,0.0,0.0,0.0,0.0,0.0,20.0,0.3,0.1,0.2,0.1,0.4,0.1,0.1,0.1,0.5,0.0,65535.0,0.05546654459449149,0.0,62862.0,0.032929273647036364,0.0,0.0,0.0,0.0,0.0,0.0,0.0,0.0,0.0,0.0
1021.35,0.8536552493183542,0.0,30525.0,37.0,0.1951499999999845,29.8125,32.3125,36.77000000000004,0.0,0.0,0.0,0.0,0.0,20.0,0.3,0.1,0.2,0.1,0.4,0.1,0.1,0.1,0.5,0.0,65535.0,0.05609216449225605,0.0,63685.0,0.03288058412499019,0.0,0.0,0.0,0.0,0.0,0.0,0.0,0.0,0.0,0.0
1081.41,0.8742474403188351,0.0,30525.0,37.0,0.13634999999998113,29.8125,32.25,36.77000000000004,0.0,0.0,0.0,0.0,0.0,20.0,0.3,0.1,0.2,0.1,0.4,0.1,0.1,0.1,0.5,0.0,65535.0,0.05574120698863203,0.0,64145.0,0.03281627562553589,0.0,0.0,0.0,0.0,0.0,0.0,0.0,0.0,0.0,0.0
1141.48,0.8638214177312996,0.0,30525.0,37.0,0.18264999999998677,29.875,32.3125,36.870000000000005,0.0,0.0,0.0,0.0,0.0,20.0,0.3,0.1,0.2,0.1,0.4,0.1,0.1,0.1,0.5,0.0,65535.0,0.055848020141908906,0.0,63540.0,0.032829713566257475,0.0,0.0,0.0,0.0,0.0,0.0,0.0,0.0,0.0,0.0
1201.55,0.8641630865635092,0.0,30525.0,37.0,0.1906499999999812,29.9375,32.3125,36.870000000000005,0.0,0.0,0.0,0.0,0.0,20.0,0.3,0.1,0.2,0.1,0.4,0.1,0.1,0.1,0.5,0.0,65535.0,0.05603112840466926,0.0,63647.0,0.03294735022860465,0.0,0.0,0.0,0.0,0.0,0.0,0.0,0.0,0.0,0.0
1261.62,0.8753418582140223,0.0,30525.0,37.0,0.16034999999997948,30.0,32.3125,36.97000000000003,0.0,0.0,0.0,0.0,0.0,20.0,0.3,0.1,0.2,0.1,0.4,0.1,0.1,0.1,0.5,0.0,65535.0,0.05583276112001221,0.0,63871.0,0.03278483192685256,0.0,0.0,0.0,0.0,0.0,0.0,0.0,0.0,0.0,0.0
1321.68,0.8997691373523006,0.0,30525.0,37.0,0.12414999999998227,30.0625,32.3125,36.93000000000001,0.0,0.0,0.0,0.0,0.0,20.0,0.3,0.1,0.2,0.1,0.4,0.1,0.1,0.1,0.5,0.0,65535.0,0.056015869382772566,0.0,63876.0,0.03290750829732607,0.0,0.0,0.0,0.0,0.0,0.0,0.0,0.0,0.0,0.0
1381.73,0.8928165230729286,0.0,30525.0,37.0,0.1300499999999769,30.1875,32.3125,36.93000000000001,0.0,0.0,0.0,0.0,0.0,20.0,0.3,0.1,0.2,0.1,0.4,0.1,0.1,0.1,0.5,0.0,65535.0,0.0567177843900206,0.0,64687.0,0.03277320017932506,0.0,0.0,0.0,0.0,0.0,0.0,0.0,0.0,0.0,0.0
1441.8,0.8619001460777482,0.0,30525.0,37.0,0.11734999999997084,30.125,32.375,36.950000000000045,0.0,0.0,0.0,0.0,0.0,20.0,0.3,0.1,0.2,0.1,0.4,0.1,0.1,0.1,0.5,0.0,65535.0,0.05618371862363623,0.0,63590.0,0.03300833464381192,0.0,0.0,0.0,0.0,0.0,0.0,0.0,0.0,0.0,0.0
1501.87,0.8799701864056895,0.0,30525.0,37.0,0.19064999999997778,30.1875,32.3125,36.690000000000055,0.0,0.0,0.0,0.0,0.0,20.0,0.3,0.1,0.2,0.1,0.4,0.1,0.1,0.1,0.5,0.0,65535.0,0.05696192874036774,0.0,65125.0,0.03272168905950096,0.0,0.0,0.0,0.0,0.0,0.0,0.0,0.0,0.0,0.0
1561.94,0.8779974073621613,0.0,30525.0,37.0,0.3427499999999827,30.1875,32.3125,36.31,0.0,0.0,0.0,0.0,0.0,20.0,0.3,0.1,0.2,0.1,0.4,0.1,0.1,0.1,0.5,0.0,65535.0,0.05784695201037614,0.0,65535.0,0.033234149691004806,0.0,0.0,0.0,0.0,0.0,0.0,0.0,0.0,0.0,0.0
1622.03,0.8671403764815013,0.0,30525.0,37.0,0.19314999999998092,30.3125,32.375,36.73000000000002,0.0,0.0,0.0,0.0,0.0,20.0,0.3,0.1,0.2,0.1,0.4,0.1,0.1,0.1,0.5,0.0,65535.0,0.05743495841916533,0.0,65535.0,0.033112077515831236,0.0,0.0,0.0,0.0,0.0,0.0,0.0,0.0,0.0,0.0
1682.1,0.8536887562724595,0.0,30525.0,37.0,0.05284999999998036,30.4375,32.3125,37.29000000000002,0.0,0.0,0.0,0.0,0.0,20.0,0.3,0.1,0.2,0.1,0.4,0.1,0.1,0.1,0.5,0.0,65535.0,0.05685511558709087,0.0,63979.0,0.03272948936369746,0.0,0.0,0.0,0.0,0.0,0.0,0.0,0.0,0.0,0.0
1742.19,0.8476194153489176,0.0,30525.0,37.0,0.11034999999997722,30.4375,32.375,37.01000000000005,0.0,0.0,0.0,0.0,0.0,20.0,0.3,0.1,0.2,0.1,0.4,0.1,0.1,0.1,0.5,0.0,65535.0,0.056946669718471045,0.0,64122.0,0.03285923707931755,0.0,0.0,0.0,0.0,0.0,0.0,0.0,0.0,0.0,0.0
1802.23,0.8634451547147806,0.0,30525.0,37.0,0.11794999999996689,30.4375,32.375,36.97000000000003,0.0,0.0,0.0,0.0,0.0,20.0,0.3,0.1,0.2,0.1,0.4,0.1,0.1,0.1,0.5,0.0,65535.0,0.05700770580605783,0.0,64264.0,0.032895555832192204,0.0,0.0,0.0,0.0,0.0,0.0,0.0,0.0,0.0,0.0
1862.31,0.8386717374305159,0.0,30525.0,37.0,0.1482499999999669,30.5,32.375,37.03000000000003,0.0,0.0,0.0,0.0,0.0,20.0,0.3,0.1,0.2,0.1,0.4,0.1,0.1,0.1,0.5,0.0,65535.0,0.057114518959334705,0.0,64576.0,0.0328140485629336,0.0,0.0,0.0,0.0,0.0,0.0,0.0,0.0,0.0,0.0
1922.38,0.8772101577505824,0.0,30525.0,37.0,0.1626499999999663,30.4375,32.4375,36.77000000000004,0.0,0.0,0.0,0.0,0.0,20.0,0.3,0.1,0.2,0.1,0.4,0.1,0.1,0.1,0.5,0.0,65535.0,0.05767910276951248,0.0,64168.0,0.03283568133649171,0.0,0.0,0.0,0.0,0.0,0.0,0.0,0.0,0.0,0.0
1982.46,0.8734353885957616,0.0,30525.0,37.0,0.22094999999997267,30.5,32.4375,36.870000000000005,0.0,0.0,0.0,0.0,0.0,20.0,0.3,0.1,0.2,0.1,0.4,0.1,0.1,0.1,0.5,0.0,65535.0,0.05825894560158694,0.0,65535.0,0.03300526436255436,0.0,0.0,0.0,0.0,0.0,0.0,0.0,0.0,0.0,0.0
2042.53,0.8580217289843171,0.0,30525.0,37.0,0.1409499999999735,30.5625,32.375,36.89000000000004,0.0,0.0,0.0,0.0,0.0,20.0,0.3,0.1,0.2,0.1,0.4,0.1,0.1,0.1,0.5,0.0,65535.0,0.057694361791409174,0.0,64675.0,0.032872052570545034,0.0,0.0,0.0,0.0,0.0,0.0,0.0,0.0,0.0,0.0
2102.59,0.8615587044109264,0.0,30525.0,37.0,0.1279499999999677,30.5625,32.4375,37.09000000000003,0.0,0.0,0.0,0.0,0.0,20.0,0.3,0.1,0.2,0.1,0.4,0.1,0.1,0.1,0.5,0.0,65535.0,0.05822842755779355,0.0,64698.0,0.032783084484837244,0.0,0.0,0.0,0.0,0.0,0.0,0.0,0.0,0.0,0.0
2162.64,0.860771186787785,0.0,30525.0,37.0,0.1644499999999629,30.5,32.375,36.870000000000005,0.0,0.0,0.0,0.0,0.0,20.0,0.3,0.1,0.2,0.1,0.4,0.1,0.1,0.1,0.5,0.0,65535.0,0.057862211032272834,0.0,64787.0,0.03283066047200827,0.0,0.0,0.0,0.0,0.0,0.0,0.0,0.0,0.0,0.0
2222.68,0.8514479222216443,0.0,30525.0,37.0,0.16684999999996156,30.5625,32.5,36.870000000000005,0.0,0.0,0.0,0.0,0.0,20.0,0.3,0.1,0.2,0.1,0.4,0.1,0.1,0.1,0.5,0.0,65535.0,0.05873197528038453,0.0,65318.0,0.03267093297406534,0.0,0.0,0.0,0.0,0.0,0.0,0.0,0.0,0.0,0.0
2282.7,0.8515936722770927,0.0,30525.0,37.0,0.15124999999995983,30.625,32.5,36.870000000000005,0.0,0.0,0.0,0.0,0.0,20.0,0.3,0.1,0.2,0.1,0.4,0.1,0.1,0.1,0.5,0.0,65535.0,0.05796902418554971,0.0,64005.0,0.03284118428247793,0.0,0.0,0.0,0.0,0.0,0.0,0.0,0.0,0.0,0.0
2342.77,0.8818536019388628,0.0,30525.0,37.0,0.1032499999999566,30.625,32.5,36.85000000000002,0.0,0.0,0.0,0.0,0.0,20.0,0.3,0.1,0.2,0.1,0.4,0.1,0.1,0.1,0.5,0.0,65535.0,0.058319981689173725,0.0,64912.0,0.03275203352230712,0.0,0.0,0.0,0.0,0.0,0.0,0.0,0.0,0.0,0.0
2402.81,0.9072322394097964,0.0,30525.0,37.0,0.16734999999996764,30.625,32.5,36.89000000000004,0.0,0.0,0.0,0.0,0.0,20.0,0.3,0.1,0.2,0.1,0.4,0.1,0.1,0.1,0.5,0.0,65535.0,0.0584267948424506,0.0,64920.0,0.03274799753542822,0.0,0.0,0.0,0.0,0.0,0.0,0.0,0.0,0.0,0.0
2462.89,0.8783523515762806,0.0,30525.0,37.0,0.1394499999999663,30.5625,32.4375,36.950000000000045,0.0,0.0,0.0,0.0,0.0,20.0,0.3,0.1,0.2,0.1,0.4,0.1,0.1,0.1,0.5,0.0,65535.0,0.05859464408331426,0.0,64569.0,0.03277114404745311,0.0,0.0,0.0,0.0,0.0,0.0,0.0,0.0,0.0,0.0
2522.96,0.8854120375638517,0.0,30525.0,37.0,0.14594999999996122,30.625,32.5625,36.870000000000005,0.0,0.0,0.0,0.0,0.0,20.0,0.3,0.1,0.2,0.1,0.4,0.1,0.1,0.1,0.5,0.0,65535.0,0.05879301136797131,0.0,65535.0,0.032654306858930345,0.0,0.0,0.0,0.0,0.0,0.0,0.0,0.0,0.0,0.0
2582.99,0.907953378489911,0.0,30525.0,37.0,0.16774999999995643,30.6875,32.5625,36.97000000000003,0.0,0.0,0.0,0.0,0.0,20.0,0.3,0.1,0.2,0.1,0.4,0.1,0.1,0.1,0.5,0.0,65535.0,0.058869306477454794,0.0,64938.0,0.032769718808709845,0.0,0.0,0.0,0.0,0.0,0.0,0.0,0.0,0.0,0.0
2643.07,0.8733534243717419,0.0,30525.0,37.0,0.15004999999995491,30.6875,32.5,36.950000000000045,0.0,0.0,0.0,0.0,0.0,20.0,0.3,0.1,0.2,0.1,0.4,0.1,0.1,0.1,0.5,0.0,65535.0,0.059647516594186316,0.0,64936.0,0.03283232721448811,0.0,0.0,0.0,0.0,0.0,0.0,0.0,0.0,0.0,0.0
2703.14,0.916038319408223,0.0,30525.0,37.0,0.16944999999996482,30.6875,32.5,36.93000000000001,0.0,0.0,0.0,0.0,0.0,20.0,0.3,0.1,0.2,0.1,0.4,0.1,0.1,0.1,0.5,0.0,65535.0,0.059327077134355685,0.0,65083.0,0.032650615368068465,0.0,0.0,0.0,0.0,0.0,0.0,0.0,0.0,0.0,0.0
2763.21,0.8805462045691352,0.0,30525.0,37.0,0.12144999999996242,30.6875,32.5,36.81,0.0,0.0,0.0,0.0,0.0,20.0,0.3,0.1,0.2,0.1,0.4,0.1,0.1,0.1,0.5,0.0,65535.0,0.05978484779125658,0.0,65437.0,0.032733774470101014,0.0,0.0,0.0,0.0,0.0,0.0,0.0,0.0,0.0,0.0
2823.28,0.9150189138634678,0.0,30525.0,37.0,0.14674999999995278,30.6875,32.5,36.950000000000045,0.0,0.0,0.0,0.0,0.0,20.0,0.3,0.1,0.2,0.1,0.4,0.1,0.1,0.1,0.5,0.0,65535.0,0.059281300068665596,0.0,65130.0,0.032765238753262704,0.0,0.0,0.0,0.0,0.0,0.0,0.0,0.0,0.0,0.0
2883.36,0.9066962602629913,0.0,30525.0,37.0,0.16354999999995254,30.6875,32.5,36.950000000000045,0.0,0.0,0.0,0.0,0.0,20.0,0.3,0.1,0.2,0.1,0.4,0.1,0.1,0.1,0.5,0.0,65535.0,0.06001373311970703,0.0,65058.0,0.03263242030188447,0.0,0.0,0.0,0.0,0.0,0.0,0.0,0.0,0.0,0.0
2943.39,0.883061800164748,0.0,30525.0,37.0,0.14114999999995528,30.6875,32.5625,36.93000000000001,0.0,0.0,0.0,0.0,0.0,20.0,0.3,0.1,0.2,0.1,0.4,0.1,0.1,0.1,0.5,0.0,65535.0,0.05993743801022355,0.0,64955.0,0.03274574705565392,0.0,0.0,0.0,0.0,0.0,0.0,0.0,0.0,0.0,0.0
3003.44,0.9131252772171354,0.0,30525.0,37.0,0.17644999999995073,30.6875,32.5625,36.81,0.0,0.0,0.0,0.0,0.0,20.0,0.3,0.1,0.2,0.1,0.4,0.1,0.1,0.1,0.5,0.0,65535.0,0.06063935301747158,0.0,65013.0,0.03276267823358405,0.0,0.0,0.0,0.0,0.0,0.0,0.0,0.0,0.0,0.0
3063.51,0.8790458185622907,0.0,30525.0,37.0,0.10144999999994703,30.6875,32.5625,37.03000000000003,0.0,0.0,0.0,0.0,0.0,20.0,0.3,0.1,0.2,0.1,0.4,0.1,0.1,0.1,0.5,0.0,65535.0,0.06021210040436408,0.0,65416.0,0.0326831356243121,0.0,0.0,0.0,0.0,0.0,0.0,0.0,0.0,0.0,0.0
3123.54,0.8627196343828973,0.0,30525.0,37.0,0.17884999999994852,30.75,32.5,36.870000000000005,0.0,0.0,0.0,0.0,0.0,20.0,0.3,0.1,0.2,0.1,0.4,0.1,0.1,0.1,0.5,0.0,65535.0,0.060654612039368276,0.0,65011.0,0.03265601205949762,0.0,0.0,0.0,0.0,0.0,0.0,0.0,0.0,0.0,0.0
3183.59,0.8685877507209836,0.0,30525.0,37.0,0.13884999999995562,30.6875,32.625,36.870000000000005,0.0,0.0,0.0,0.0,0.0,20.0,0.3,0.1,0.2,0.1,0.4,0.1,0.1,0.1,0.5,0.0,65535.0,0.060700389105058365,0.0,65535.0,0.03262378881513695,0.0,0.0,0.0,0.0,0.0,0.0,0.0,0.0,0.0,0.0
3243.62,0.8647436964159751,0.0,30525.0,37.0,0.09814999999994317,30.75,32.5625,36.85000000000002,0.0,0.0,0.0,0.0,0.0,20.0,0.3,0.1,0.2,0.1,0.4,0.1,0.1,0.1,0.5,0.0,65535.0,0.061036087586785685,0.0,65207.0,0.0326958762096094,0.0,0.0,0.0,0.0,0.0,0.0,0.0,0.0,0.0,0.0
3303.7,0.8585944839957759,0.0,30525.0,37.0,0.18734999999995072,30.75,32.625,36.85000000000002,0.0,0.0,0.0,0.0,0.0,20.0,0.3,0.1,0.2,0.1,0.4,0.1,0.1,0.1,0.5,0.0,65535.0,0.06123445487144274,0.0,64962.0,0.03268064406884025,0.0,0.0,0.0,0.0,0.0,0.0,0.0,0.0,0.0,0.0
3363.77,0.8856831027865555,0.0,30525.0,37.0,0.15884999999994906,30.75,32.625,36.870000000000005,0.0,0.0,0.0,0.0,0.0,20.0,0.3,0.1,0.2,0.1,0.4,0.1,0.1,0.1,0.5,0.0,65535.0,0.061295490959029524,0.0,65535.0,0.0328374151216907,0.0,0.0,0.0,0.0,0.0,0.0,0.0,0.0,0.0,0.0
3423.84,0.8627527734953002,0.0,30525.0,37.0,0.1408499999999478,30.75,32.625,36.870000000000005,0.0,0.0,0.0,0.0,0.0,20.0,0.3,0.1,0.2,0.1,0.4,0.1,0.1,0.1,0.5,0.0,65535.0,0.06088349736781872,0.0,65535.0,0.03288319218738079,0.0,0.0,0.0,0.0,0.0,0.0,0.0,0.0,0.0,0.0
3483.9,0.8986686837067301,0.0,30525.0,37.0,0.16734999999995295,30.75,32.625,36.97000000000003,0.0,0.0,0.0,0.0,0.0,20.0,0.3,0.1,0.2,0.1,0.4,0.1,0.1,0.1,0.5,0.0,65535.0,0.06134126802471961,0.0,65535.0,0.0328526741435874,0.0,0.0,0.0,0.0,0.0,0.0,0.0,0.0,0.0,0.0
3543.97,0.8743964059922742,0.0,30525.0,37.0,0.15764999999994672,30.75,32.5625,36.93000000000001,0.0,0.0,0.0,0.0,0.0,20.0,0.3,0.1,0.2,0.1,0.4,0.1,0.1,0.1,0.5,0.0,65535.0,0.0614023041123064,0.0,65535.0,0.03291371023117418,0.0,0.0,0.0,0.0,0.0,0.0,0.0,0.0,0.0,0.0
3604.03,0.880528658213618,0.0,30525.0,37.0,0.14554999999994012,30.8125,32.5625,36.97000000000003,0.0,0.0,0.0,0.0,0.0,20.0,0.3,0.1,0.2,0.1,0.4,0.1,0.1,0.1,0.5,0.0,65535.0,0.06199740596627756,0.0,65535.0,0.03274586099031052,0.0,0.0,0.0,0.0,0.0,0.0,0.0,0.0,0.0,0.0
3664.1,0.8958408105153108,0.0,30525.0,37.0,0.13524999999994863,30.75,32.625,36.870000000000005,0.0,0.0,0.0,0.0,0.0,20.0,0.3,0.1,0.2,0.1,0.4,0.1,0.1,0.1,0.5,0.0,65535.0,0.0618448157473106,0.0,65529.0,0.032642036350318177,0.0,0.0,0.0,0.0,0.0,0.0,0.0,0.0,0.0,0.0
3724.2,0.8693429654888085,0.0,30525.0,37.0,0.20704999999994103,30.6875,32.625,36.73000000000002,0.0,0.0,0.0,0.0,0.0,20.0,0.3,0.1,0.2,0.1,0.4,0.1,0.1,0.1,0.5,0.0,65535.0,0.06198214694438087,0.0,65322.0,0.032623006031658554,0.0,0.0,0.0,0.0,0.0,0.0,0.0,0.0,0.0,0.0
3784.28,0.8732483622148414,0.0,30525.0,37.0,0.1847499999999488,30.75,32.625,36.97000000000003,0.0,0.0,0.0,0.0,0.0,20.0,0.3,0.1,0.2,0.1,0.4,0.1,0.1,0.1,0.5,0.0,65535.0,0.06272983901731899,0.0,65535.0,0.032990005340657665,0.0,0.0,0.0,0.0,0.0,0.0,0.0,0.0,0.0,0.0
3844.33,0.8954219349571657,0.0,30525.0,37.0,0.12174999999994582,30.8125,32.625,37.05000000000001,0.0,0.0,0.0,0.0,0.0,20.0,0.3,0.1,0.2,0.1,0.4,0.1,0.1,0.1,0.5,0.0,65535.0,0.062333104448004883,0.0,65535.0,0.03268482490272374,0.0,0.0,0.0,0.0,0.0,0.0,0.0,0.0,0.0,0.0
3904.37,0.8581099775742025,0.0,30525.0,37.0,0.16084999999993696,30.8125,32.625,36.93000000000001,0.0,0.0,0.0,0.0,0.0,20.0,0.3,0.1,0.2,0.1,0.4,0.1,0.1,0.1,0.5,0.0,65535.0,0.06298924238956283,0.0,65535.0,0.03302052338445106,0.0,0.0,0.0,0.0,0.0,0.0,0.0,0.0,0.0,0.0
3964.44,0.8686795456804091,0.0,30525.0,37.0,0.17854999999993676,30.75,32.625,36.690000000000055,0.0,0.0,0.0,0.0,0.0,20.0,0.3,0.1,0.2,0.1,0.4,0.1,0.1,0.1,0.5,0.0,65535.0,0.06324864576180667,0.0,65535.0,0.032822156099794005,0.0,0.0,0.0,0.0,0.0,0.0,0.0,0.0,0.0,0.0
4024.51,0.8554336790270887,0.0,30525.0,37.0,0.13494999999994373,30.8125,32.625,37.01000000000005,0.0,0.0,0.0,0.0,0.0,20.0,0.3,0.1,0.2,0.1,0.4,0.1,0.1,0.1,0.5,0.0,65535.0,0.06276035706111238,0.0,65535.0,0.03279163805600061,0.0,0.0,0.0,0.0,0.0,0.0,0.0,0.0,0.0,0.0
4084.58,0.8803740779065301,0.0,30525.0,37.0,0.1617499999999344,30.8125,32.625,36.89000000000004,0.0,0.0,0.0,0.0,0.0,20.0,0.3,0.1,0.2,0.1,0.4,0.1,0.1,0.1,0.5,0.0,65535.0,0.06334019989318684,0.0,65535.0,0.032822156099794005,0.0,0.0,0.0,0.0,0.0,0.0,0.0,0.0,0.0,0.0
4144.64,0.8771134400442722,0.0,30525.0,37.0,0.13524999999994258,30.75,32.6875,37.05000000000001,0.0,0.0,0.0,0.0,0.0,20.0,0.3,0.1,0.2,0.1,0.4,0.1,0.1,0.1,0.5,0.0,65535.0,0.06370641641870756,0.0,65535.0,0.03288319218738079,0.0,0.0,0.0,0.0,0.0,0.0,0.0,0.0,0.0,0.0
4204.7,0.8972827497519092,0.0,30525.0,37.0,0.1543499999999377,30.8125,32.625,36.79000000000002,0.0,0.0,0.0,0.0,0.0,20.0,0.3,0.1,0.2,0.1,0.4,0.1,0.1,0.1,0.5,0.0,65535.0,0.0639658197909514,0.0,65376.0,0.03262665198237885,0.0,0.0,0.0,0.0,0.0,0.0,0.0,0.0,0.0,0.0
4264.75,0.8894524720932442,0.0,30525.0,37.0,0.22124999999993966,30.75,32.625,36.77000000000004,0.0,0.0,0.0,0.0,0.0,20.0,0.3,0.1,0.2,0.1,0.4,0.1,0.1,0.1,0.5,0.0,65535.0,0.06413366903181505,0.0,65535.0,0.032822156099794005,0.0,0.0,0.0,0.0,0.0,0.0,0.0,0.0,0.0,0.0
4324.8,0.8990424468953633,0.0,30525.0,37.0,0.14154999999994108,30.8125,32.625,36.77000000000004,0.0,0.0,0.0,0.0,0.0,20.0,0.3,0.1,0.2,0.1,0.4,0.1,0.1,0.1,0.5,0.0,65535.0,0.06364538033112077,0.0,65535.0,0.032898451209277486,0.0,0.0,0.0,0.0,0.0,0.0,0.0,0.0,0.0,0.0
4384.89,0.878045348735618,0.0,30525.0,37.0,0.15124999999993058,30.8125,32.625,36.97000000000003,0.0,0.0,0.0,0.0,0.0,20.0,0.3,0.1,0.2,0.1,0.4,0.1,0.1,0.1,0.5,0.0,65535.0,0.06448462653543909,0.0,65535.0,0.033371480888075074,0.0,0.0,0.0,0.0,0.0,0.0,0.0,0.0,0.0,0.0
4444.93,0.9067856675050808,0.0,30525.0,37.0,0.12174999999993807,30.875,32.6875,37.13000000000005,0.0,0.0,0.0,0.0,0.0,20.0,0.3,0.1,0.2,0.1,0.4,0.1,0.1,0.1,0.5,0.0,65535.0,0.06448462653543909,0.0,65535.0,0.03302052338445106,0.0,0.0,0.0,0.0,0.0,0.0,0.0,0.0,0.0,0.0
4505.0,0.898124518944377,0.0,30525.0,37.0,0.17764999999992986,30.875,32.6875,37.01000000000005,0.0,0.0,0.0,0.0,0.0,20.0,0.3,0.1,0.2,0.1,0.4,0.1,0.1,0.1,0.5,0.0,65535.0,0.06460669871061266,0.0,65535.0,0.03314259555962463,0.0,0.0,0.0,0.0,0.0,0.0,0.0,0.0,0.0,0.0
4565.07,0.8680961221644463,0.0,30525.0,37.0,0.16704999999993864,30.875,32.6875,36.77000000000004,0.0,0.0,0.0,0.0,0.0,20.0,0.3,0.1,0.2,0.1,0.4,0.1,0.1,0.1,0.5,0.0,65535.0,0.06489662012664989,0.0,65535.0,0.032700083924620434,0.0,0.0,0.0,0.0,0.0,0.0,0.0,0.0,0.0,0.0
4625.13,0.9140996037488323,0.0,30525.0,37.0,0.16734999999993835,30.8125,32.6875,36.77000000000004,0.0,0.0,0.0,0.0,0.0,20.0,0.3,0.1,0.2,0.1,0.4,0.1,0.1,0.1,0.5,0.0,65535.0,0.06535439078355078,0.0,65535.0,0.03341725795376516,0.0,0.0,0.0,0.0,0.0,0.0,0.0,0.0,0.0,0.0
4685.21,0.8769711173243044,0.0,30525.0,37.0,0.16764999999993807,30.875,32.6875,36.870000000000005,0.0,0.0,0.0,0.0,0.0,20.0,0.3,0.1,0.2,0.1,0.4,0.1,0.1,0.1,0.5,0.0,65535.0,0.06556801709010453,0.0,65535.0,0.03288319218738079,0.0,0.0,0.0,0.0,0.0,0.0,0.0,0.0,0.0,0.0
4745.26,0.855094325338055,0.0,30525.0,37.0,0.12374999999993108,30.8125,32.75,36.950000000000045,0.0,0.0,0.0,0.0,0.0,20.0,0.3,0.1,0.2,0.1,0.4,0.1,0.1,0.1,0.5,0.0,65535.0,0.0656900892652781,0.0,65535.0,0.03300526436255436,0.0,0.0,0.0,0.0,0.0,0.0,0.0,0.0,0.0,0.0
4805.33,0.8620281988146459,0.0,30525.0,37.0,0.14024999999993112,30.875,32.6875,37.01000000000005,0.0,0.0,0.0,0.0,0.0,20.0,0.3,0.1,0.2,0.1,0.4,0.1,0.1,0.1,0.5,0.0,65535.0,0.06518654154268712,0.0,65535.0,0.03291371023117418,0.0,0.0,0.0,0.0,0.0,0.0,0.0,0.0,0.0,0.0
4865.41,0.8785705617122987,0.0,30525.0,37.0,0.13724999999993043,30.8125,32.6875,37.03000000000003,0.0,0.0,0.0,0.0,0.0,20.0,0.3,0.1,0.2,0.1,0.4,0.1,0.1,0.1,0.5,0.0,65535.0,0.0657053482871748,0.0,65535.0,0.03317311360341802,0.0,0.0,0.0,0.0,0.0,0.0,0.0,0.0,0.0,0.0
4925.47,0.8704128509594413,0.0,30525.0,37.0,0.15994999999992568,30.875,32.6875,36.89000000000004,0.0,0.0,0.0,0.0,0.0,20.0,0.3,0.1,0.2,0.1,0.4,0.1,0.1,0.1,0.5,0.0,65535.0,0.06602578774700542,0.0,65535.0,0.033325703822384985,0.0,0.0,0.0,0.0,0.0,0.0,0.0,0.0,0.0,0.0
4985.52,0.8493186216686837,0.0,30525.0,37.0,0.15404999999992933,30.8125,32.75,37.01000000000005,0.0,0.0,0.0,0.0,0.0,20.0,0.3,0.1,0.2,0.1,0.4,0.1,0.1,0.1,0.5,0.0,65535.0,0.06625467307545586,0.0,65535.0,0.03292896925307088,0.0,0.0,0.0,0.0,0.0,0.0,0.0,0.0,0.0,0.0
5045.56,0.9020285369251093,0.0,30525.0,37.0,0.14314999999992334,30.8125,32.6875,36.950000000000045,0.0,0.0,0.0,0.0,0.0,20.0,0.3,0.1,0.2,0.1,0.4,0.1,0.1,0.1,0.5,0.0,65535.0,0.0660868238345922,0.0,65535.0,0.03279163805600061,0.0,0.0,0.0,0.0,0.0,0.0,0.0,0.0,0.0,0.0
5105.63,0.8963028861754335,0.0,30525.0,37.0,0.1558499999999277,30.875,32.6875,36.85000000000002,0.0,0.0,0.0,0.0,0.0,20.0,0.3,0.1,0.2,0.1,0.4,0.1,0.1,0.1,0.5,0.0,65535.0,0.06669718471046006,0.0,65535.0,0.03308155947203784,0.0,0.0,0.0,0.0,0.0,0.0,0.0,0.0,0.0,0.0
5165.67,0.8608707517754106,0.0,30525.0,37.0,0.16144999999992177,30.8125,32.6875,36.870000000000005,0.0,0.0,0.0,0.0,0.0,20.0,0.3,0.1,0.2,0.1,0.4,0.1,0.1,0.1,0.5,0.0,65535.0,0.0673380636301213,0.0,65535.0,0.0332494087129015,0.0,0.0,0.0,0.0,0.0,0.0,0.0,0.0,0.0,0.0
5225.75,0.8501707712295572,0.0,30525.0,37.0,0.19794999999993204,31.125,32.6875,36.870000000000005,0.0,0.0,0.0,0.0,0.0,20.0,0.3,0.1,0.2,0.1,0.4,0.1,0.1,0.1,0.5,0.0,65535.0,0.06677347981994354,0.0,65535.0,0.03321889066910811,0.0,0.0,0.0,0.0,0.0,0.0,0.0,0.0,0.0,0.0
5285.83,0.8867471740403666,0.0,30525.0,37.0,0.12734999999992347,30.8125,32.75,37.01000000000005,0.0,0.0,0.0,0.0,0.0,20.0,0.3,0.1,0.2,0.1,0.4,0.1,0.1,0.1,0.5,0.0,65535.0,0.06765850308995193,0.0,65535.0,0.03318837262531472,0.0,0.0,0.0,0.0,0.0,0.0,0.0,0.0,0.0,0.0
5345.9,0.8894100151471673,0.0,30525.0,37.0,0.14354999999992293,30.8125,32.6875,36.870000000000005,0.0,0.0,0.0,0.0,0.0,20.0,0.3,0.1,0.2,0.1,0.4,0.1,0.1,0.1,0.5,0.0,65535.0,0.06800946059357595,0.0,65535.0,0.033875028610666054,0.0,0.0,0.0,0.0,0.0,0.0,0.0,0.0,0.0,0.0
5405.97,0.8710611585896653,0.0,30525.0,37.0,0.11874999999992616,30.8125,32.6875,36.870000000000005,0.0,0.0,0.0,0.0,0.0,20.0,0.3,0.1,0.2,0.1,0.4,0.1,0.1,0.1,0.5,0.0,65535.0,0.06758220798046845,0.0,65535.0,0.03318837262531472,0.0,0.0,0.0,0.0,0.0,0.0,0.0,0.0,0.0,0.0
5466.05,0.8762170480280533,0.0,30525.0,37.0,0.15694999999991727,31.0,32.6875,36.81,0.0,0.0,0.0,0.0,0.0,20.0,0.3,0.1,0.2,0.1,0.4,0.1,0.1,0.1,0.5,0.0,65535.0,0.06988632028686961,0.0,65535.0,0.03350881208514534,0.0,0.0,0.0,0.0,0.0,0.0,0.0,0.0,0.0,0.0
5526.15,0.8632149786801138,0.0,30525.0,37.0,0.1852499999999225,30.8125,32.6875,36.950000000000045,0.0,0.0,0.0,0.0,0.0,20.0,0.3,0.1,0.2,0.1,0.4,0.1,0.1,0.1,0.5,0.0,65535.0,0.06852826733806364,0.0,65535.0,0.03308155947203784,0.0,0.0,0.0,0.0,0.0,0.0,0.0,0.0,0.0,0.0
5586.22,0.9043675139908834,0.0,30525.0,37.0,0.1855499999999214,30.875,32.75,37.01000000000005,0.0,0.0,0.0,0.0,0.0,20.0,0.3,0.1,0.2,0.1,0.4,0.1,0.1,0.1,0.5,0.0,65535.0,0.06918440527962158,0.0,65535.0,0.033371480888075074,0.0,0.0,0.0,0.0,0.0,0.0,0.0,0.0,0.0,0.0
5646.28,0.8712557501257878,0.0,30525.0,37.0,0.14584999999991402,30.8125,32.75,36.85000000000002,0.0,0.0,0.0,0.0,0.0,20.0,0.3,0.1,0.2,0.1,0.4,0.1,0.1,0.1,0.5,0.0,65535.0,0.06861982146944381,0.0,65535.0,0.03347829404135195,0.0,0.0,0.0,0.0,0.0,0.0,0.0,0.0,0.0,0.0
5706.36,0.8603891886253374,0.0,30525.0,37.0,0.1146499999999114,30.8125,32.6875,36.870000000000005,0.0,0.0,0.0,0.0,0.0,20.0,0.3,0.1,0.2,0.1,0.4,0.1,0.1,0.1,0.5,0.0,65535.0,0.06883344777599756,0.0,65535.0,0.033401998931868467,0.0,0.0,0.0,0.0,0.0,0.0,0.0,0.0,0.0,0.0
5766.44,0.8410446466572004,0.0,30525.0,37.0,0.1861499999999183,30.8125,32.6875,36.610000000000014,0.0,0.0,0.0,0.0,0.0,20.0,0.3,0.1,0.2,0.1,0.4,0.1,0.1,0.1,0.5,0.0,65535.0,0.06916914625772488,0.0,65535.0,0.03358510719462882,0.0,0.0,0.0,0.0,0.0,0.0,0.0,0.0,0.0,0.0
5826.52,0.8860173859567285,0.0,30525.0,37.0,0.15584999999991658,30.8125,32.75,36.870000000000005,0.0,0.0,0.0,0.0,0.0,20.0,0.3,0.1,0.2,0.1,0.4,0.1,0.1,0.1,0.5,0.0,65535.0,0.06981002517738613,0.0,65535.0,0.03356984817273213,0.0,0.0,0.0,0.0,0.0,0.0,0.0,0.0,0.0,0.0
5886.61,0.8833852301858747,0.0,30525.0,37.0,0.14674999999991065,30.9375,32.75,37.03000000000003,0.0,0.0,0.0,0.0,0.0,20.0,0.3,0.1,0.2,0.1,0.4,0.1,0.1,0.1,0.5,0.0,65535.0,0.07008468757152667,0.0,65535.0,0.033493553063248645,0.0,0.0,0.0,0.0,0.0,0.0,0.0,0.0,0.0,0.0
5946.65,0.887974687784118,0.0,30525.0,37.0,0.18204999999992116,30.9375,32.75,36.950000000000045,0.0,0.0,0.0,0.0,0.0,20.0,0.3,0.1,0.2,0.1,0.4,0.1,0.1,0.1,0.5,0.0,65535.0,0.06959639887083238,0.0,65535.0,0.03329518577859159,0.0,0.0,0.0,0.0,0.0,0.0,0.0,0.0,0.0,0.0
6006.72,0.8832972610869092,0.0,30525.0,37.0,0.14234999999991377,30.875,32.75,36.950000000000045,0.0,0.0,0.0,0.0,0.0,20.0,0.3,0.1,0.2,0.1,0.4,0.1,0.1,0.1,0.5,0.0,65535.0,0.06942854962996872,0.0,65535.0,0.033661402304112305,0.0,0.0,0.0,0.0,0.0,0.0,0.0,0.0,0.0,0.0
6066.82,0.8964530208183182,0.0,30525.0,37.0,0.12024999999991709,30.9375,32.6875,37.03000000000003,0.0,0.0,0.0,0.0,0.0,20.0,0.3,0.1,0.2,0.1,0.4,0.1,0.1,0.1,0.5,0.0,65535.0,0.06981002517738613,0.0,65535.0,0.033203631647211414,0.0,0.0,0.0,0.0,0.0,0.0,0.0,0.0,0.0,0.0
6126.89,0.8880713019682113,0.0,30525.0,37.0,0.1446499999999074,30.875,32.6875,36.870000000000005,0.0,0.0,0.0,0.0,0.0,20.0,0.3,0.1,0.2,0.1,0.4,0.1,0.1,0.1,0.5,0.0,65535.0,0.07060349431601434,0.0,65535.0,0.033371480888075074,0.0,0.0,0.0,0.0,0.0,0.0,0.0,0.0,0.0,0.0
6186.96,0.9128157789775462,0.0,30525.0,37.0,0.16434999999991703,31.0,32.75,36.85000000000002,0.0,0.0,0.0,0.0,0.0,20.0,0.3,0.1,0.2,0.1,0.4,0.1,0.1,0.1,0.5,0.0,65535.0,0.07040512703135729,0.0,65535.0,0.033951323720149536,0.0,0.0,0.0,0.0,0.0,0.0,0.0,0.0,0.0,0.0
6247.03,0.9129690112173465,0.0,30525.0,37.0,0.18114999999991682,30.875,32.6875,36.93000000000001,0.0,0.0,0.0,0.0,0.0,20.0,0.3,0.1,0.2,0.1,0.4,0.1,0.1,0.1,0.5,0.0,65535.0,0.07109178301670863,0.0,65535.0,0.033112077515831236,0.0,0.0,0.0,0.0,0.0,0.0,0.0,0.0,0.0,0.0
6307.12,0.8877556799318236,0.0,30525.0,37.0,0.16384999999990582,30.8125,32.75,36.93000000000001,0.0,0.0,0.0,0.0,0.0,20.0,0.3,0.1,0.2,0.1,0.4,0.1,0.1,0.1,0.5,0.0,65535.0,0.07112230106050202,0.0,65535.0,0.03352407110704204,0.0,0.0,0.0,0.0,0.0,0.0,0.0,0.0,0.0,0.0
6367.19,0.9099794647532433,0.0,30525.0,37.0,0.1429499999999089,30.875,32.75,37.01000000000005,0.0,0.0,0.0,0.0,0.0,20.0,0.3,0.1,0.2,0.1,0.4,0.1,0.1,0.1,0.5,0.0,65535.0,0.07093919279774166,0.0,65535.0,0.03358510719462882,0.0,0.0,0.0,0.0,0.0,0.0,0.0,0.0,0.0,0.0
6427.29,0.8934592434241231,0.0,30525.0,37.0,0.10344999999991128,30.875,32.75,37.110000000000014,0.0,0.0,0.0,0.0,0.0,20.0,0.3,0.1,0.2,0.1,0.4,0.1,0.1,0.1,0.5,0.0,65535.0,0.07110704203860532,0.0,65535.0,0.03373769741359579,0.0,0.0,0.0,0.0,0.0,0.0,0.0,0.0,0.0,0.0
6487.37,0.897974974536949,0.0,30525.0,37.0,0.17904999999991356,30.875,32.6875,36.870000000000005,0.0,0.0,0.0,0.0,0.0,20.0,0.3,0.1,0.2,0.1,0.4,0.1,0.1,0.1,0.5,0.0,65535.0,0.07194628824292362,0.0,65535.0,0.03372243839169909,0.0,0.0,0.0,0.0,0.0,0.0,0.0,0.0,0.0,0.0
6547.44,0.9091407287218749,0.0,30525.0,37.0,0.17674999999990312,30.8125,32.8125,36.870000000000005,0.0,0.0,0.0,0.0,0.0,20.0,0.3,0.1,0.2,0.1,0.4,0.1,0.1,0.1,0.5,0.0,65535.0,0.07112230106050202,0.0,65535.0,0.033493553063248645,0.0,0.0,0.0,0.0,0.0,0.0,0.0,0.0,0.0,0.0
6607.51,0.9142562256503881,0.0,30525.0,37.0,0.13794999999991084,30.9375,32.75,36.97000000000003,0.0,0.0,0.0,0.0,0.0,20.0,0.3,0.1,0.2,0.1,0.4,0.1,0.1,0.1,0.5,0.0,65535.0,0.07185473411154344,0.0,65535.0,0.033829251544975965,0.0,0.0,0.0,0.0,0.0,0.0,0.0,0.0,0.0,0.0
6667.59,0.9036112157948447,0.0,30525.0,37.0,0.1334499999999098,30.8125,32.6875,37.01000000000005,0.0,0.0,0.0,0.0,0.0,20.0,0.3,0.1,0.2,0.1,0.4,0.1,0.1,0.1,0.5,0.0,65535.0,0.0725261310749981,0.0,65535.0,0.033707179369802394,0.0,0.0,0.0,0.0,0.0,0.0,0.0,0.0,0.0,0.0
6727.64,0.9263846690035196,0.0,30525.0,37.0,0.12374999999990355,30.75,32.75,36.950000000000045,0.0,0.0,0.0,0.0,0.0,20.0,0.3,0.1,0.2,0.1,0.4,0.1,0.1,0.1,0.5,0.0,65535.0,0.07240405889982453,0.0,65535.0,0.03358510719462882,0.0,0.0,0.0,0.0,0.0,0.0,0.0,0.0,0.0,0.0
6787.72,0.9383830718985929,0.0,30525.0,37.0,0.15994999999989903,30.875,32.75,36.89000000000004,0.0,0.0,0.0,0.0,0.0,20.0,0.3,0.1,0.2,0.1,0.4,0.1,0.1,0.1,0.5,0.0,65535.0,0.07200732433051041,0.0,65535.0,0.03373769741359579,0.0,0.0,0.0,0.0,0.0,0.0,0.0,0.0,0.0,0.0
6847.8,0.9117014114349851,0.0,30525.0,37.0,0.15494999999990272,30.875,32.75,37.01000000000005,0.0,0.0,0.0,0.0,0.0,20.0,0.3,0.1,0.2,0.1,0.4,0.1,0.1,0.1,0.5,0.0,65535.0,0.07267872129396506,0.0,65535.0,0.03373769741359579,0.0,0.0,0.0,0.0,0.0,0.0,0.0,0.0,0.0,0.0
6907.88,0.9148667466042811,0.0,30525.0,37.0,0.14764999999989686,30.8125,32.75,36.89000000000004,0.0,0.0,0.0,0.0,0.0,20.0,0.3,0.1,0.2,0.1,0.4,0.1,0.1,0.1,0.5,0.0,65535.0,0.07287708857862212,0.0,65535.0,0.033615625238422216,0.0,0.0,0.0,0.0,0.0,0.0,0.0,0.0,0.0,0.0
6967.92,0.9025996623759873,0.0,30525.0,37.0,0.14344999999989558,30.9375,32.75,36.89000000000004,0.0,0.0,0.0,0.0,0.0,20.0,0.3,0.1,0.2,0.1,0.4,0.1,0.1,0.1,0.5,0.0,65535.0,0.07283131151293203,0.0,65535.0,0.03372243839169909,0.0,0.0,0.0,0.0,0.0,0.0,0.0,0.0,0.0,0.0
7027.99,0.9423483513828468,0.0,30525.0,37.0,0.19554999999990674,31.0625,32.75,36.89000000000004,0.0,0.0,0.0,0.0,0.0,20.0,0.3,0.1,0.2,0.1,0.4,0.1,0.1,0.1,0.5,0.0,65535.0,0.07315175097276265,0.0,65535.0,0.0336919203479057,0.0,0.0,0.0,0.0,0.0,0.0,0.0,0.0,0.0,0.0
7088.03,0.900383742698755,0.0,30525.0,37.0,0.1829499999999057,31.0,32.75,37.01000000000005,0.0,0.0,0.0,0.0,0.0,20.0,0.3,0.1,0.2,0.1,0.4,0.1,0.1,0.1,0.5,0.0,65535.0,0.07307545586327917,0.0,65535.0,0.03352407110704204,0.0,0.0,0.0,0.0,0.0,0.0,0.0,0.0,0.0,0.0
7148.07,0.9171475814052978,0.0,30525.0,37.0,0.14204999999989854,30.9375,32.8125,37.09000000000003,0.0,0.0,0.0,0.0,0.0,20.0,0.3,0.1,0.2,0.1,0.4,0.1,0.1,0.1,0.5,0.0,65535.0,0.07304493781948578,0.0,65535.0,0.03346303501945525,0.0,0.0,0.0,0.0,0.0,0.0,0.0,0.0,0.0,0.0
7208.14,0.9015103807355559,0.0,30525.0,37.0,0.12284999999989665,30.75,32.75,36.97000000000003,0.0,0.0,0.0,0.0,0.0,20.0,0.3,0.1,0.2,0.1,0.4,0.1,0.1,0.1,0.5,0.0,65535.0,0.07359426260776684,0.0,65535.0,0.033539330128938734,0.0,0.0,0.0,0.0,0.0,0.0,0.0,0.0,0.0,0.0
7268.18,0.8888527025523946,0.0,30525.0,37.0,0.17314999999989267,30.875,32.8125,36.870000000000005,0.0,0.0046,0.25,0.0,0.0,20.0,0.3,0.1,0.2,0.1,0.4,0.1,0.1,0.1,0.5,0.0,65535.0,0.07359426260776684,0.0,65535.0,0.03347829404135195,0.0,0.0,0.0,0.0,0.0,0.0,0.0,0.0,0.0,0.0
7328.22,0.8663202548624509,0.0,30525.0,37.0,0.290149999999896,30.8125,32.75,36.650000000000034,0.0,0.0,0.0,0.0,0.0,20.0,0.3,0.1,0.2,0.1,0.4,0.1,0.1,0.1,0.5,0.0,65535.0,0.0733501182574197,0.0,65535.0,0.033157854581521325,0.0,0.0,0.0,0.0,0.0,0.0,0.0,0.0,0.0,0.0
7388.26,0.86422067621437,0.0,30525.0,37.0,0.15694999999989007,30.875,32.8125,36.79000000000002,0.0,0.0,0.0,0.0,0.0,20.0,0.3,0.1,0.2,0.1,0.4,0.1,0.1,0.1,0.5,0.0,65535.0,0.07270923933775846,0.0,65535.0,0.03300526436255436,0.0,0.0,0.0,0.0,0.0,0.0,0.0,0.0,0.0,0.0
7448.31,0.883823176864996,0.0,30525.0,37.0,0.17424999999989932,30.8125,32.75,37.05000000000001,0.0,0.0,0.0,0.0,0.0,20.0,0.3,0.1,0.2,0.1,0.4,0.1,0.1,0.1,0.5,0.0,65535.0,0.07313649195086595,0.0,65535.0,0.03291371023117418,0.0,0.0,0.0,0.0,0.0,0.0,0.0,0.0,0.0,0.0
7508.36,0.8740776617474842,0.0,30525.0,37.0,0.18574999999988887,30.6875,32.8125,37.03000000000003,0.0,0.0,0.0,0.0,0.0,20.0,0.3,0.1,0.2,0.1,0.4,0.1,0.1,0.1,0.5,0.0,65535.0,0.07359426260776684,0.0,65535.0,0.03302052338445106,0.0,0.0,0.0,0.0,0.0,0.0,0.0,0.0,0.0,0.0
7568.43,0.8844060450772562,0.0,30525.0,37.0,0.17514999999989764,30.8125,32.8125,36.85000000000002,0.0,0.0,0.0,0.0,0.0,20.0,0.3,0.1,0.2,0.1,0.4,0.1,0.1,0.1,0.5,0.0,65535.0,0.07258716716258488,0.0,65535.0,0.03268482490272374,0.0,0.0,0.0,0.0,0.0,0.0,0.0,0.0,0.0,0.0
7628.47,0.885674461291391,0.0,30525.0,37.0,0.18514999999988768,30.8125,32.75,37.05000000000001,0.0,0.0,0.0,0.0,0.0,20.0,0.3,0.1,0.2,0.1,0.4,0.1,0.1,0.1,0.5,0.0,65535.0,0.07389944304570077,0.0,65535.0,0.033035782406347754,0.0,0.0,0.0,0.0,0.0,0.0,0.0,0.0,0.0,0.0
7688.54,0.8537114367080545,0.0,30525.0,37.0,0.14834999999989015,30.875,32.75,37.110000000000014,0.0,0.0,0.0,0.0,0.0,20.0,0.3,0.1,0.2,0.1,0.4,0.1,0.1,0.1,0.5,0.0,65535.0,0.07425040054932479,0.0,65535.0,0.03305104142824445,0.0,0.0,0.0,0.0,0.0,0.0,0.0,0.0,0.0,0.0
7748.6,0.8770358624820662,0.0,30525.0,37.0,0.11004999999989315,30.875,32.8125,36.97000000000003,0.0,0.0,0.0,0.0,0.0,20.0,0.3,0.1,0.2,0.1,0.4,0.1,0.1,0.1,0.5,0.0,65535.0,0.0738078889143206,0.0,65535.0,0.03302052338445106,0.0,0.0,0.0,0.0,0.0,0.0,0.0,0.0,0.0,0.0
7808.69,0.8807781017189276,0.0,30525.0,37.0,0.14704999999988366,30.875,32.75,36.89000000000004,0.0,0.0,0.0,0.0,0.0,20.0,0.3,0.1,0.2,0.1,0.4,0.1,0.1,0.1,0.5,0.0,65535.0,0.07382314793621729,0.0,65535.0,0.033112077515831236,0.0,0.0,0.0,0.0,0.0,0.0,0.0,0.0,0.0,0.0
7868.76,0.8794819955312496,0.0,30525.0,37.0,0.17794999999988398,30.875,32.8125,36.93000000000001,0.0,0.0,0.0,0.0,0.0,20.0,0.3,0.1,0.2,0.1,0.4,0.1,0.1,0.1,0.5,0.0,65535.0,0.07466239414053559,0.0,65535.0,0.032944228274967575,0.0,0.0,0.0,0.0,0.0,0.0,0.0,0.0,0.0,0.0
7928.84,0.9004864800037384,0.0,30525.0,37.0,0.16294999999988255,30.875,32.8125,36.950000000000045,0.0,0.0,0.0,0.0,0.0,20.0,0.3,0.1,0.2,0.1,0.4,0.1,0.1,0.1,0.5,0.0,65535.0,0.0742046234836347,0.0,65535.0,0.03300526436255436,0.0,0.0,0.0,0.0,0.0,0.0,0.0,0.0,0.0,0.0
7988.9,0.8637396612863848,0.0,30525.0,37.0,0.159149999999886,30.8125,32.8125,36.79000000000002,0.0,0.0,0.0,0.0,0.0,20.0,0.3,0.1,0.2,0.1,0.4,0.1,0.1,0.1,0.5,0.0,65535.0,0.07472343022812238,0.0,65535.0,0.03308155947203784,0.0,0.0,0.0,0.0,0.0,0.0,0.0,0.0,0.0,0.0
8048.98,0.8721325608063187,0.0,30525.0,37.0,0.1367499999998896,30.875,32.8125,36.950000000000045,0.0,0.0,0.0,0.0,0.0,20.0,0.3,0.1,0.2,0.1,0.4,0.1,0.1,0.1,0.5,0.0,65535.0,0.07483024338139925,0.0,65535.0,0.03302052338445106,0.0,0.0,0.0,0.0,0.0,0.0,0.0,0.0,0.0,0.0
8109.04,0.883922532967077,0.0,30525.0,37.0,0.19824999999989135,30.875,32.75,37.110000000000014,0.0,0.0,0.0,0.0,0.0,20.0,0.3,0.1,0.2,0.1,0.4,0.1,0.1,0.1,0.5,0.0,65535.0,0.07527275501640344,0.0,65535.0,0.03308155947203784,0.0,0.0,0.0,0.0,0.0,0.0,0.0,0.0,0.0,0.0
8169.12,0.8646229888611265,0.0,30525.0,37.0,0.17824999999988025,30.9375,32.75,37.09000000000003,0.0,0.0,0.0,0.0,0.0,20.0,0.3,0.1,0.2,0.1,0.4,0.1,0.1,0.1,0.5,0.0,65535.0,0.07524223697261005,0.0,65535.0,0.03297474631876097,0.0,0.0,0.0,0.0,0.0,0.0,0.0,0.0,0.0,0.0
8229.19,0.870458754795968,0.0,30525.0,37.0,0.166749999999889,30.875,32.8125,37.05000000000001,0.0,0.0,0.0,0.0,0.0,20.0,0.3,0.1,0.2,0.1,0.4,0.1,0.1,0.1,0.5,0.0,65535.0,0.07574578469520103,0.0,65535.0,0.03308155947203784,0.0,0.0,0.0,0.0,0.0,0.0,0.0,0.0,0.0,0.0
8289.26,0.9076192507318463,0.0,30525.0,37.0,0.11634999999988621,30.8125,32.8125,37.01000000000005,0.0,0.0,0.0,0.0,0.0,20.0,0.3,0.1,0.2,0.1,0.4,0.1,0.1,0.1,0.5,0.0,65535.0,0.07582207980468451,0.0,65535.0,0.0332646677347982,0.0,0.0,0.0,0.0,0.0,0.0,0.0,0.0,0.0,0.0
8349.34,0.8892074675739596,0.0,30525.0,37.0,0.2152499999998841,30.875,32.8125,37.01000000000005,0.0,0.0,0.0,0.0,0.0,20.0,0.3,0.1,0.2,0.1,0.4,0.1,0.1,0.1,0.5,0.0,65535.0,0.07669184405279622,0.0,65535.0,0.033279926756694896,0.0,0.0,0.0,0.0,0.0,0.0,0.0,0.0,0.0,0.0
8409.41,0.925045023193038,0.0,30525.0,37.0,0.14614999999987588,30.75,32.875,36.89000000000004,0.0,0.0,0.0,0.0,0.0,20.0,0.3,0.1,0.2,0.1,0.4,0.1,0.1,0.1,0.5,0.0,65535.0,0.07602044708934157,0.0,65535.0,0.03302052338445106,0.0,0.0,0.0,0.0,0.0,0.0,0.0,0.0,0.0,0.0
8469.49,0.9265722982184216,0.0,30525.0,37.0,0.13814999999987973,30.8125,32.75,36.81,0.0,0.0,0.0,0.0,0.0,20.0,0.3,0.1,0.2,0.1,0.4,0.1,0.1,0.1,0.5,0.0,65535.0,0.07620355535210194,0.0,65535.0,0.03305104142824445,0.0,0.0,0.0,0.0,0.0,0.0,0.0,0.0,0.0,0.0
8529.56,0.9240750652690133,0.0,30525.0,37.0,0.16374999999988485,30.6875,32.875,36.89000000000004,0.0,0.0,0.0,0.0,0.0,20.0,0.3,0.1,0.2,0.1,0.4,0.1,0.1,0.1,0.5,0.0,65535.0,0.0763408865491722,0.0,65535.0,0.03300526436255436,0.0,0.0,0.0,0.0,0.0,0.0,0.0,0.0,0.0,0.0
8589.64,0.9410392378243994,0.0,30525.0,37.0,0.16464999999988403,30.875,32.875,36.85000000000002,0.0,0.0,0.0,0.0,0.0,20.0,0.3,0.1,0.2,0.1,0.4,0.1,0.1,0.1,0.5,0.0,65535.0,0.07728694590676738,0.0,65535.0,0.03305104142824445,0.0,0.0,0.0,0.0,0.0,0.0,0.0,0.0,0.0,0.0
8649.71,0.9407080026497614,0.0,30525.0,37.0,0.14374999999987292,30.875,32.8125,37.05000000000001,0.0,0.0,0.0,0.0,0.0,20.0,0.3,0.1,0.2,0.1,0.4,0.1,0.1,0.1,0.5,0.0,65535.0,0.07756160830090791,0.0,65535.0,0.0332494087129015,0.0,0.0,0.0,0.0,0.0,0.0,0.0,0.0,0.0,0.0
8709.78,0.9254142708644976,0.0,30525.0,37.0,0.20354999999987877,30.875,32.875,36.950000000000045,0.0,0.0,0.0,0.0,0.0,20.0,0.3,0.1,0.2,0.1,0.4,0.1,0.1,0.1,0.5,0.0,65535.0,0.07742427710383765,0.0,65535.0,0.033234149691004806,0.0,0.0,0.0,0.0,0.0,0.0,0.0,0.0,0.0,0.0
8769.85,0.9228465459274886,0.0,30525.0,37.0,0.09644999999987414,31.0625,32.8125,37.05000000000001,0.0,0.0,0.0,0.0,0.0,20.0,0.3,0.1,0.2,0.1,0.4,0.1,0.1,0.1,0.5,0.0,65535.0,0.07730220492866408,0.0,65535.0,0.033493553063248645,0.0,0.0,0.0,0.0,0.0,0.0,0.0,0.0,0.0,0.0
8829.91,0.9097855786287878,0.0,30525.0,37.0,0.15404999999987518,30.8125,32.8125,37.09000000000003,0.0,0.0,0.0,0.0,0.0,20.0,0.3,0.1,0.2,0.1,0.4,0.1,0.1,0.1,0.5,0.0,65535.0,0.07809567406729229,0.0,65535.0,0.03335622186617838,0.0,0.0,0.0,0.0,0.0,0.0,0.0,0.0,0.0,0.0
8889.98,0.9044489092848016,0.0,30525.0,37.0,0.1313499999998782,30.75,32.875,36.85000000000002,0.0,0.0,0.0,0.0,0.0,20.0,0.3,0.1,0.2,0.1,0.4,0.1,0.1,0.1,0.5,0.0,65535.0,0.07797360189211872,0.0,65535.0,0.03302052338445106,0.0,0.0,0.0,0.0,0.0,0.0,0.0,0.0,0.0,0.0
8950.04,0.8843156893232064,0.0,30525.0,37.0,0.1716499999998691,31.0625,32.875,36.81,0.0,0.0,0.0,0.0,0.0,20.0,0.3,0.1,0.2,0.1,0.4,0.1,0.1,0.1,0.5,0.0,65535.0,0.0780346379797055,0.0,65535.0,0.0332646677347982,0.0,0.0,0.0,0.0,0.0,0.0,0.0,0.0,0.0,0.0
9010.08,0.8923452011033417,0.0,30525.0,37.0,0.1749499999998678,30.8125,32.75,36.89000000000004,0.0,0.0,0.0,0.0,0.0,20.0,0.3,0.1,0.2,0.1,0.4,0.1,0.1,0.1,0.5,0.0,65535.0,0.07817196917677577,0.0,65535.0,0.03295948729686427,0.0,0.0,0.0,0.0,0.0,0.0,0.0,0.0,0.0,0.0
9070.13,0.9390854975951352,0.0,30525.0,37.0,0.14464999999986525,30.8125,32.75,36.89000000000004,0.0,0.0,0.0,0.0,0.0,20.0,0.3,0.1,0.2,0.1,0.4,0.1,0.1,0.1,0.5,0.0,65535.0,0.0789044022278172,0.0,65535.0,0.033401998931868467,0.0,0.0,0.0,0.0,0.0,0.0,0.0,0.0,0.0,0.0
9130.17,0.8715580653857393,0.0,30525.0,37.0,0.14164999999986372,30.875,32.875,36.89000000000004,0.0,0.0,0.0,0.0,0.0,20.0,0.3,0.1,0.2,0.1,0.4,0.1,0.1,0.1,0.5,0.0,65535.0,0.07936217288471809,0.0,65535.0,0.03356984817273213,0.0,0.0,0.0,0.0,0.0,0.0,0.0,0.0,0.0,0.0
9190.2,0.8081292928290144,0.0,30525.0,37.0,0.17934999999987375,30.8125,32.8125,36.89000000000004,0.0,0.0,0.0,0.0,0.0,20.0,0.3,0.1,0.2,0.1,0.4,0.1,0.1,0.1,0.5,0.0,65535.0,0.07908751049057755,0.0,65535.0,0.0332494087129015,0.0,0.0,0.0,0.0,0.0,0.0,0.0,0.0,0.0,0.0
9250.24,0.8374086422735897,0.0,30525.0,37.0,0.1782499999998631,30.6875,32.75,37.01000000000005,0.0,0.0,0.0,0.0,0.0,20.0,0.3,0.1,0.2,0.1,0.4,0.1,0.1,0.1,0.5,0.0,65535.0,0.07904173342488746,0.0,65535.0,0.03334096284428168,0.0,0.0,0.0,0.0,0.0,0.0,0.0,0.0,0.0,0.0
9310.28,0.8729224900841431,0.0,30525.0,37.0,0.11734999999985993,30.9375,32.8125,37.05000000000001,0.0,0.0,0.0,0.0,0.0,20.0,0.3,0.1,0.2,0.1,0.4,0.1,0.1,0.1,0.5,0.0,65535.0,0.0788586251621271,0.0,65535.0,0.03341725795376516,0.0,0.0,0.0,0.0,0.0,0.0,0.0,0.0,0.0,0.0
9370.33,0.9259489902959166,0.0,30525.0,37.0,0.09464999999986295,30.875,32.8125,37.03000000000003,0.0,0.0,0.0,0.0,0.0,20.0,0.3,0.1,0.2,0.1,0.4,0.1,0.1,0.1,0.5,0.0,65535.0,0.08041504539559015,0.0,65535.0,0.03343251697566186,0.0,0.0,0.0,0.0,0.0,0.0,0.0,0.0,0.0,0.0
9430.36,0.9290119681544833,0.0,30525.0,37.0,0.21704999999986702,30.875,32.75,36.950000000000045,0.0,0.0,0.0,0.0,0.0,20.0,0.3,0.1,0.2,0.1,0.4,0.1,0.1,0.1,0.5,0.0,65535.0,0.07998779278248264,0.0,65535.0,0.033279926756694896,0.0,0.0,0.0,0.0,0.0,0.0,0.0,0.0,0.0,0.0
9490.43,0.9422181050330959,0.0,30525.0,37.0,0.1199499999998675,30.875,32.8125,37.110000000000014,0.0,0.0,0.0,0.0,0.0,20.0,0.3,0.1,0.2,0.1,0.4,0.1,0.1,0.1,0.5,0.0,65535.0,0.08009460593575952,0.0,65535.0,0.0336919203479057,0.0,0.0,0.0,0.0,0.0,0.0,0.0,0.0,0.0,0.0
9550.51,0.9735888182408883,0.0,30525.0,37.0,0.1534499999998629,30.875,32.8125,36.93000000000001,0.0,0.0,0.0,0.0,0.0,20.0,0.3,0.1,0.2,0.1,0.4,0.1,0.1,0.1,0.5,0.0,65535.0,0.0806134126802472,0.0,65535.0,0.033493553063248645,0.0,0.0,0.0,0.0,0.0,0.0,0.0,0.0,0.0,0.0
9610.59,0.9742761865236048,0.0,30525.0,37.0,0.1787499999998683,30.8125,32.8125,36.93000000000001,0.0,0.0,0.0,0.0,0.0,20.0,0.3,0.1,0.2,0.1,0.4,0.1,0.1,0.1,0.5,0.0,65535.0,0.07980468451972228,0.0,65535.0,0.03381399252307927,0.0,0.0,0.0,0.0,0.0,0.0,0.0,0.0,0.0,0.0
9670.66,0.9543826581906718,0.0,30525.0,37.0,0.2185499999998639,30.875,32.8125,36.85000000000002,0.0,0.0,0.0,0.0,0.0,20.0,0.3,0.1,0.2,0.1,0.4,0.1,0.1,0.1,0.5,0.0,65535.0,0.08088807507438774,0.0,65535.0,0.03350881208514534,0.0,0.0,0.0,0.0,0.0,0.0,0.0,0.0,0.0,0.0
9730.74,0.9562817947825154,0.0,30525.0,37.0,0.13704999999986528,30.8125,32.8125,37.01000000000005,0.0,0.0,0.0,0.0,0.0,20.0,0.3,0.1,0.2,0.1,0.4,0.1,0.1,0.1,0.5,0.0,65535.0,0.08075074387731747,0.0,65535.0,0.033661402304112305,0.0,0.0,0.0,0.0,0.0,0.0,0.0,0.0,0.0,0.0
9790.78,0.9875551013263758,0.0,30525.0,37.0,0.15674999999986072,30.875,32.8125,36.81,0.0,0.0,0.0,0.0,0.0,20.0,0.3,0.1,0.2,0.1,0.4,0.1,0.1,0.1,0.5,0.0,65535.0,0.08067444876783399,0.0,65535.0,0.03373769741359579,0.0,0.0,0.0,0.0,0.0,0.0,0.0,0.0,0.0,0.0
9850.82,1.0197546093825864,0.0,30525.0,37.0,0.1764499999998553,30.9375,32.75,36.93000000000001,0.0,0.0,0.0,0.0,0.0,20.0,0.3,0.1,0.2,0.1,0.4,0.1,0.1,0.1,0.5,0.0,65535.0,0.08119325551232166,0.0,65535.0,0.0340886549172198,0.0,0.0,0.0,0.0,0.0,0.0,0.0,0.0,0.0,0.0
9910.87,1.0097867878520959,0.0,30525.0,37.0,0.16674999999986412,30.75,32.8125,36.950000000000045,0.0,0.0,0.0,0.0,0.0,20.0,0.3,0.1,0.2,0.1,0.4,0.1,0.1,0.1,0.5,0.0,65535.0,0.08157473105973907,0.0,65535.0,0.03358510719462882,0.0,0.0,0.0,0.0,0.0,0.0,0.0,0.0,0.0,0.0
9970.93,1.0138312519601842,0.0,30525.0,37.0,0.11934999999986204,30.875,32.75,37.110000000000014,0.0,0.0,0.0,0.0,0.0,20.0,0.3,0.1,0.2,0.1,0.4,0.1,0.1,0.1,0.5,0.0,65535.0,0.08123903257801175,0.0,65535.0,0.03347829404135195,0.0,0.0,0.0,0.0,0.0,0.0,0.0,0.0,0.0,0.0
10031.0,0.988693473720101,0.0,30525.0,37.0,0.15964999999985294,30.8125,32.75,37.05000000000001,0.0,0.0,0.0,0.0,0.0,20.0,0.3,0.1,0.2,0.1,0.4,0.1,0.1,0.1,0.5,0.0,65535.0,0.08183413443198291,0.0,65535.0,0.03356984817273213,0.0,0.0,0.0,0.0,0.0,0.0,0.0,0.0,0.0,0.0
10091.06,0.9900996061692617,0.0,30525.0,37.0,0.1637499999998617,30.875,32.8125,37.01000000000005,0.0,0.0,0.0,0.0,0.0,20.0,0.3,0.1,0.2,0.1,0.4,0.1,0.1,0.1,0.5,0.0,65535.0,0.08081177996490425,0.0,65535.0,0.03392080567635614,0.0,0.0,0.0,0.0,0.0,0.0,0.0,0.0,0.0,0.0
10151.14,1.0081698201357647,0.0,30525.0,37.0,0.221149999999853,30.8125,32.75,36.97000000000003,0.0,0.0,0.0,0.0,0.0,20.0,0.3,0.1,0.2,0.1,0.4,0.1,0.1,0.1,0.5,0.0,65535.0,0.08134584573128863,0.0,65535.0,0.03376821545738918,0.0,0.0,0.0,0.0,0.0,0.0,0.0,0.0,0.0,0.0
10211.19,1.0191118430905066,0.0,30525.0,37.0,0.16554999999986006,30.8125,32.75,36.89000000000004,0.0,0.0,0.0,0.0,0.0,20.0,0.3,0.1,0.2,0.1,0.4,0.1,0.1,0.1,0.5,0.0,65535.0,0.08181887541008621,0.0,65535.0,0.03356984817273213,0.0,0.0,0.0,0.0,0.0,0.0,0.0,0.0,0.0,0.0
10271.23,0.9946513999088582,0.0,30525.0,37.0,0.18614999999985554,30.8125,32.75,36.81,0.0,0.0,0.0,0.0,0.0,20.0,0.3,0.1,0.2,0.1,0.4,0.1,0.1,0.1,0.5,0.0,65535.0,0.08238345922026398,0.0,65535.0,0.03355458915083543,0.0,0.0,0.0,0.0,0.0,0.0,0.0,0.0,0.0,0.0
10331.31,0.9974783303829226,0.0,30525.0,37.0,0.16644999999985924,30.875,32.75,36.93000000000001,0.0,0.0,0.0,0.0,0.0,20.0,0.3,0.1,0.2,0.1,0.4,0.1,0.1,0.1,0.5,0.0,65535.0,0.08207827878233005,0.0,65535.0,0.03390554665445945,0.0,0.0,0.0,0.0,0.0,0.0,0.0,0.0,0.0,0.0
10391.39,0.9770778630382801,0.0,30525.0,37.0,0.1331499999998577,30.8125,32.8125,36.85000000000002,0.0,0.0,0.0,0.0,0.0,20.0,0.3,0.1,0.2,0.1,0.4,0.1,0.1,0.1,0.5,0.0,65535.0,0.08212405584802014,0.0,65535.0,0.03347829404135195,0.0,0.0,0.0,0.0,0.0,0.0,0.0,0.0,0.0,0.0
10451.47,0.9751282568092584,0.0,30525.0,37.0,0.12044999999985159,30.875,32.75,36.77000000000004,0.0,0.0,0.0,0.0,0.0,20.0,0.3,0.1,0.2,0.1,0.4,0.1,0.1,0.1,0.5,0.0,65535.0,0.08305485618371862,0.0,65535.0,0.03381399252307927,0.0,0.0,0.0,0.0,0.0,0.0,0.0,0.0,0.0,0.0
10511.52,0.9582385507015123,0.0,30525.0,37.0,0.21844999999984943,30.75,32.75,36.73000000000002,0.0,0.0,0.0,0.0,0.0,20.0,0.3,0.1,0.2,0.1,0.4,0.1,0.1,0.1,0.5,0.0,65535.0,0.08320744640268558,0.0,65535.0,0.03375295643549248,0.0,0.0,0.0,0.0,0.0,0.0,0.0,0.0,0.0,0.0
10571.58,0.9237610357926859,0.0,30525.0,37.0,0.19994999999985288,30.8125,32.8125,36.81,0.0,0.0,0.0,0.0,0.0,20.0,0.3,0.1,0.2,0.1,0.4,0.1,0.1,0.1,0.5,0.0,65535.0,0.08317692835889219,0.0,65535.0,0.033615625238422216,0.0,0.0,0.0,0.0,0.0,0.0,0.0,0.0,0.0,0.0
10631.62,0.854639058644928,0.0,30525.0,37.0,0.1761499999998461,30.875,32.8125,36.89000000000004,0.0,0.0,0.0,0.0,0.0,20.0,0.3,0.1,0.2,0.1,0.4,0.1,0.1,0.1,0.5,0.0,65535.0,0.08281071183337148,0.0,65535.0,0.03381399252307927,0.0,0.0,0.0,0.0,0.0,0.0,0.0,0.0,0.0,0.0
10691.66,0.858092006069171,0.0,30525.0,37.0,0.1752499999998452,30.8125,32.75,36.89000000000004,0.0,0.0,0.0,0.0,0.0,20.0,0.3,0.1,0.2,0.1,0.4,0.1,0.1,0.1,0.5,0.0,65535.0,0.0831311512932021,0.0,65535.0,0.033676661326009,0.0,0.0,0.0,0.0,0.0,0.0,0.0,0.0,0.0,0.0
10751.69,0.8191580047484245,0.0,30525.0,37.0,0.19854999999985498,30.8125,32.8125,36.81,0.0,0.0,0.0,0.0,0.0,20.0,0.3,0.1,0.2,0.1,0.4,0.1,0.1,0.1,0.5,0.0,65535.0,0.08284122987716487,0.0,65535.0,0.033707179369802394,0.0,0.0,0.0,0.0,0.0,0.0,0.0,0.0,0.0,0.0
10811.73,0.8297731673683669,0.0,30525.0,37.0,0.1414499999998475,30.875,32.75,37.03000000000003,0.0,0.0,0.0,0.0,0.0,20.0,0.3,0.1,0.2,0.1,0.4,0.1,0.1,0.1,0.5,0.0,65535.0,0.08337529564354924,0.0,65535.0,0.034241245136186774,0.0,0.0,0.0,0.0,0.0,0.0,0.0,0.0,0.0,0.0
10871.77,0.8499053187396455,0.0,30525.0,37.0,0.17794999999984273,31.0625,32.75,36.89000000000004,0.0,0.0,0.0,0.0,0.0,20.0,0.3,0.1,0.2,0.1,0.4,0.1,0.1,0.1,0.5,0.0,65535.0,0.08328374151216907,0.0,65535.0,0.033829251544975965,0.0,0.0,0.0,0.0,0.0,0.0,0.0,0.0,0.0,0.0
10931.82,0.8784468324947357,0.0,30525.0,37.0,0.13874999999984483,30.875,32.8125,37.03000000000003,0.0,0.0,0.0,0.0,0.0,20.0,0.3,0.1,0.2,0.1,0.4,0.1,0.1,0.1,0.5,0.0,65535.0,0.08427557793545434,0.0,65535.0,0.033951323720149536,0.0,0.0,0.0,0.0,0.0,0.0,0.0,0.0,0.0,0.0
10991.85,0.9091302179313457,0.0,30525.0,37.0,0.15874999999984,30.8125,32.8125,36.950000000000045,0.0,0.0,0.0,0.0,0.0,20.0,0.3,0.1,0.2,0.1,0.4,0.1,0.1,0.1,0.5,0.0,65535.0,0.08372625314717326,0.0,65535.0,0.03360036621652552,0.0,0.0,0.0,0.0,0.0,0.0,0.0,0.0,0.0,0.0
11051.91,0.9334214291819436,0.0,30525.0,37.0,0.16644999999984889,30.75,32.8125,36.93000000000001,0.0,0.0,0.0,0.0,0.0,20.0,0.3,0.1,0.2,0.1,0.4,0.1,0.1,0.1,0.5,0.0,65535.0,0.0840314335851072,0.0,65535.0,0.033829251544975965,0.0,0.0,0.0,0.0,0.0,0.0,0.0,0.0,0.0,0.0
11111.99,0.9351212783568659,0.0,30525.0,37.0,0.12224999999984132,30.875,32.8125,37.09000000000003,0.0,0.0,0.0,0.0,0.0,20.0,0.3,0.1,0.2,0.1,0.4,0.1,0.1,0.1,0.5,0.0,65535.0,0.08479438467994202,0.0,65535.0,0.03373769741359579,0.0,0.0,0.0,0.0,0.0,0.0,0.0,0.0,0.0,0.0
11172.08,0.916651833936075,0.0,30525.0,37.0,0.1595499999998466,30.8125,32.75,36.93000000000001,0.0,0.0,0.0,0.0,0.0,20.0,0.3,0.1,0.2,0.1,0.4,0.1,0.1,0.1,0.5,0.0,65535.0,0.08429083695735104,0.0,65535.0,0.03379873350118257,0.0,0.0,0.0,0.0,0.0,0.0,0.0,0.0,0.0,0.0
11232.15,0.8838691381497564,0.0,30525.0,37.0,0.17574999999984692,30.875,32.75,36.870000000000005,0.0,0.0,0.0,0.0,0.0,20.0,0.3,0.1,0.2,0.1,0.4,0.1,0.1,0.1,0.5,0.0,65535.0,0.08480964370183872,0.0,65535.0,0.03430228122377356,0.0,0.0,0.0,0.0,0.0,0.0,0.0,0.0,0.0,0.0
11292.21,0.8790647945687605,0.0,30525.0,37.0,0.1852499999998417,30.75,32.75,36.85000000000002,0.0,0.0,0.0,0.0,0.0,20.0,0.3,0.1,0.2,0.1,0.4,0.1,0.1,0.1,0.5,0.0,65535.0,0.08525215533684291,0.0,65535.0,0.03396658274204623,0.0,0.0,0.0,0.0,0.0,0.0,0.0,0.0,0.0,0.0
11352.29,0.8591254654729934,0.0,30525.0,37.0,0.16024999999983516,30.9375,32.75,36.950000000000045,0.0,0.0,0.0,0.0,0.0,20.0,0.3,0.1,0.2,0.1,0.4,0.1,0.1,0.1,0.5,0.0,65535.0,0.08474860761425193,0.0,65535.0,0.03401235980773632,0.0,0.0,0.0,0.0,0.0,0.0,0.0,0.0,0.0,0.0
11412.36,0.902499738808261,0.0,30525.0,37.0,0.1749499999998343,30.8125,32.75,36.89000000000004,0.0,0.0,0.0,0.0,0.0,20.0,0.3,0.1,0.2,0.1,0.4,0.1,0.1,0.1,0.5,0.0,65535.0,0.08470283054856184,0.0,65535.0,0.03384451056687266,0.0,0.0,0.0,0.0,0.0,0.0,0.0,0.0,0.0,0.0
11472.44,0.8999998264878992,0.0,30525.0,37.0,0.17584999999983347,30.8125,32.8125,36.89000000000004,0.0,0.0,0.0,0.0,0.0,20.0,0.3,0.1,0.2,0.1,0.4,0.1,0.1,0.1,0.5,0.0,65535.0,0.08493171587701229,0.0,65535.0,0.03376821545738918,0.0,0.0,0.0,0.0,0.0,0.0,0.0,0.0,0.0,0.0
11532.52,0.9081757133855806,0.0,30525.0,37.0,0.1758499999998326,30.875,32.8125,36.89000000000004,0.0,0.0,0.0,0.0,0.0,20.0,0.3,0.1,0.2,0.1,0.4,0.1,0.1,0.1,0.5,0.0,65535.0,0.08616769665064469,0.0,65535.0,0.034271763179980166,0.0,0.0,0.0,0.0,0.0,0.0,0.0,0.0,0.0,0.0
11592.59,0.9153234063204565,0.0,30525.0,37.0,0.13784999999983533,30.875,32.75,37.03000000000003,0.0,0.0,0.0,0.0,0.0,20.0,0.3,0.1,0.2,0.1,0.4,0.1,0.1,0.1,0.5,0.0,65535.0,0.08543526359960327,0.0,65535.0,0.03402761882963302,0.0,0.0,0.0,0.0,0.0,0.0,0.0,0.0,0.0,0.0
11652.63,0.9019438205506063,0.0,30525.0,37.0,0.17904999999984134,30.875,32.8125,36.870000000000005,0.0,0.0,0.0,0.0,0.0,20.0,0.3,0.1,0.2,0.1,0.4,0.1,0.1,0.1,0.5,0.0,65535.0,0.08607614251926451,0.0,65535.0,0.03379873350118257,0.0,0.0,0.0,0.0,0.0,0.0,0.0,0.0,0.0,0.0
11712.68,0.9336214572011762,0.0,30525.0,37.0,0.1826499999998406,30.8125,32.75,36.870000000000005,0.0,0.0,0.0,0.0,0.0,20.0,0.3,0.1,0.2,0.1,0.4,0.1,0.1,0.1,0.5,0.0,65535.0,0.0848859388113222,0.0,65535.0,0.03389028763256275,0.0,0.0,0.0,0.0,0.0,0.0,0.0,0.0,0.0,0.0
11772.72,0.9374154605757852,0.0,30525.0,37.0,0.16614999999983968,30.875,32.875,36.93000000000001,0.0,0.0,0.0,0.0,0.0,20.0,0.3,0.1,0.2,0.1,0.4,0.1,0.1,0.1,0.5,0.0,65535.0,0.08606088349736782,0.0,65535.0,0.03389028763256275,0.0,0.0,0.0,0.0,0.0,0.0,0.0,0.0,0.0,0.0
11832.76,0.9220038190166412,0.0,30525.0,37.0,0.15734999999983346,30.9375,32.8125,36.97000000000003,0.0,0.0,0.0,0.0,0.0,20.0,0.3,0.1,0.2,0.1,0.4,0.1,0.1,0.1,0.5,0.0,65535.0,0.0865644312199588,0.0,65535.0,0.0340886549172198,0.0,0.0,0.0,0.0,0.0,0.0,0.0,0.0,0.0,0.0
11892.8,0.9220364211831347,0.0,30525.0,37.0,0.14764999999982723,31.0625,32.8125,37.01000000000005,0.0,0.0,0.0,0.0,0.0,20.0,0.3,0.1,0.2,0.1,0.4,0.1,0.1,0.1,0.5,0.0,65535.0,0.08618295567254139,0.0,65535.0,0.034119172961013196,0.0,0.0,0.0,0.0,0.0,0.0,0.0,0.0,0.0,0.0
11952.85,0.8913772466070218,0.0,30525.0,37.0,0.24684999999982482,30.8125,32.8125,36.63000000000005,0.0,0.0,0.0,0.0,0.0,20.0,0.3,0.1,0.2,0.1,0.4,0.1,0.1,0.1,0.5,0.0,65535.0,0.08616769665064469,0.0,65535.0,0.03413443198290989,0.0,0.0,0.0,0.0,0.0,0.0,0.0,0.0,0.0,0.0
12012.91,0.9156168069319026,0.0,30525.0,37.0,0.14354999999982923,31.0,32.75,37.03000000000003,0.0,0.0,0.0,0.0,0.0,20.0,0.3,0.1,0.2,0.1,0.4,0.1,0.1,0.1,0.5,0.0,65535.0,0.08580148012512398,0.0,65535.0,0.033829251544975965,0.0,0.0,0.0,0.0,0.0,0.0,0.0,0.0,0.0,0.0
12072.99,0.9145676478985152,0.0,30525.0,37.0,0.16024999999982398,31.0625,32.8125,36.950000000000045,0.0,0.0,0.0,0.0,0.0,20.0,0.3,0.1,0.2,0.1,0.4,0.1,0.1,0.1,0.5,0.0,65535.0,0.08609140154116121,0.0,65535.0,0.03389028763256275,0.0,0.0,0.0,0.0,0.0,0.0,0.0,0.0,0.0,0.0
12133.07,0.9502486313902233,0.0,30525.0,37.0,0.17884999999982382,30.9375,32.8125,36.89000000000004,0.0,0.0,0.0,0.0,0.0,20.0,0.3,0.1,0.2,0.1,0.4,0.1,0.1,0.1,0.5,0.0,65535.0,0.08667124437323567,0.0,65535.0,0.034241245136186774,0.0,0.0,0.0,0.0,0.0,0.0,0.0,0.0,0.0,0.0
12193.14,0.9453152695336408,0.0,30525.0,37.0,0.11524999999982055,31.0625,32.8125,37.13000000000005,0.0,0.0,0.0,0.0,0.0,20.0,0.3,0.1,0.2,0.1,0.4,0.1,0.1,0.1,0.5,0.0,65535.0,0.08659494926375219,0.0,65535.0,0.033676661326009,0.0,0.0,0.0,0.0,0.0,0.0,0.0,0.0,0.0,0.0
12253.18,0.9213044443910834,0.0,30525.0,37.0,0.1805499999998322,30.8125,32.8125,36.870000000000005,0.0,0.0,0.0,0.0,0.0,20.0,0.3,0.1,0.2,0.1,0.4,0.1,0.1,0.1,0.5,0.0,65535.0,0.08670176241702907,0.0,65535.0,0.03451590753032731,0.0,0.0,0.0,0.0,0.0,0.0,0.0,0.0,0.0,0.0
12313.24,0.918830742163101,0.0,30525.0,37.0,0.13644999999982968,30.9375,32.8125,37.05000000000001,0.0,0.0,0.0,0.0,0.0,20.0,0.3,0.1,0.2,0.1,0.4,0.1,0.1,0.1,0.5,0.0,65535.0,0.0865339131761654,0.0,65535.0,0.03384451056687266,0.0,0.0,0.0,0.0,0.0,0.0,0.0,0.0,0.0,0.0
12373.3,0.9330366477967023,0.0,30525.0,37.0,0.13434999999982902,31.0625,32.8125,37.05000000000001,0.0,0.0,0.0,0.0,0.0,20.0,0.3,0.1,0.2,0.1,0.4,0.1,0.1,0.1,0.5,0.0,65535.0,0.08702220187685969,0.0,65535.0,0.03407339589532311,0.0,0.0,0.0,0.0,0.0,0.0,0.0,0.0,0.0,0.0
12433.37,0.9687253382685137,0.0,30525.0,37.0,0.18374999999982503,31.0,32.75,36.85000000000002,0.0,0.0,0.0,0.0,0.0,20.0,0.3,0.1,0.2,0.1,0.4,0.1,0.1,0.1,0.5,0.0,65535.0,0.08735790035858701,0.0,65535.0,0.03425650415808347,0.0,0.0,0.0,0.0,0.0,0.0,0.0,0.0,0.0,0.0
12493.44,0.9455872390958884,0.0,30525.0,37.0,0.1749499999998188,31.0625,32.8125,36.89000000000004,0.0,0.0,0.0,0.0,0.0,20.0,0.3,0.1,0.2,0.1,0.4,0.1,0.1,0.1,0.5,0.0,65535.0,0.08680857557030594,0.0,65535.0,0.03422598611429008,0.0,0.0,0.0,0.0,0.0,0.0,0.0,0.0,0.0,0.0
12553.52,0.9525948612981268,0.0,30525.0,37.0,0.13994999999982136,30.875,32.875,37.03000000000003,0.0,0.0,0.0,0.0,0.0,20.0,0.3,0.1,0.2,0.1,0.4,0.1,0.1,0.1,0.5,0.0,65535.0,0.08757152666514076,0.0,65535.0,0.03476005188067445,0.0,0.0,0.0,0.0,0.0,0.0,0.0,0.0,0.0,0.0
12613.59,0.9871343729191868,0.0,30525.0,37.0,0.1537499999998213,31.0,32.75,36.97000000000003,0.0,0.0,0.0,0.0,0.0,20.0,0.3,0.1,0.2,0.1,0.4,0.1,0.1,0.1,0.5,0.0,65535.0,0.08773937590600442,0.0,65535.0,0.034195468070496685,0.0,0.0,0.0,0.0,0.0,0.0,0.0,0.0,0.0,0.0
12673.65,0.9413835834302632,0.0,30525.0,37.0,0.19524999999982703,31.0,32.8125,36.81,0.0,0.0,0.0,0.0,0.0,20.0,0.3,0.1,0.2,0.1,0.4,0.1,0.1,0.1,0.5,0.0,65535.0,0.0883039597161822,0.0,65535.0,0.03396658274204623,0.0,0.0,0.0,0.0,0.0,0.0,0.0,0.0,0.0,0.0
12733.69,0.9786606521457448,0.0,30525.0,37.0,0.09784999999981273,31.0625,32.8125,37.190000000000055,0.0,0.0,0.0,0.0,0.0,20.0,0.3,0.1,0.2,0.1,0.4,0.1,0.1,0.1,0.5,0.0,65535.0,0.08841077286945907,0.0,65535.0,0.034653238727397576,0.0,0.0,0.0,0.0,0.0,0.0,0.0,0.0,0.0,0.0
12793.73,0.9433973947177215,0.0,30525.0,37.0,0.15194999999981865,30.8125,32.8125,36.97000000000003,0.0,0.0,0.0,0.0,0.0,20.0,0.3,0.1,0.2,0.1,0.4,0.1,0.1,0.1,0.5,0.0,65535.0,0.08769359884031433,0.0,65535.0,0.03413443198290989,0.0,0.0,0.0,0.0,0.0,0.0,0.0,0.0,0.0,0.0
12853.8,0.9538018699392343,0.0,30525.0,37.0,0.20174999999981938,30.75,32.8125,36.79000000000002,0.0,0.0,0.0,0.0,0.0,20.0,0.3,0.1,0.2,0.1,0.4,0.1,0.1,0.1,0.5,0.0,65535.0,0.08851758602273595,0.0,65535.0,0.034409094377050434,0.0,0.0,0.0,0.0,0.0,0.0,0.0,0.0,0.0,0.0
12913.86,0.9559930132047048,0.0,30525.0,37.0,0.1670499999998225,31.125,32.8125,36.93000000000001,0.0,0.0,0.0,0.0,0.0,20.0,0.3,0.1,0.2,0.1,0.4,0.1,0.1,0.1,0.5,0.0,65535.0,0.08805981536583506,0.0,65535.0,0.03433279926756695,0.0,0.0,0.0,0.0,0.0,0.0,0.0,0.0,0.0,0.0
12973.95,0.9764087550266913,0.0,30525.0,37.0,0.16524999999982157,31.0,32.8125,36.93000000000001,0.0,0.0,0.0,0.0,0.0,20.0,0.3,0.1,0.2,0.1,0.4,0.1,0.1,0.1,0.5,0.0,65535.0,0.08821240558480202,0.0,65535.0,0.03434805828946365,0.0,0.0,0.0,0.0,0.0,0.0,0.0,0.0,0.0,0.0
13034.02,0.9664813257027898,0.0,30525.0,37.0,0.14174999999981536,31.125,32.8125,37.03000000000003,0.0,0.0,0.0,0.0,0.0,20.0,0.3,0.1,0.2,0.1,0.4,0.1,0.1,0.1,0.5,0.0,65535.0,0.08900587472343023,0.0,65535.0,0.034271763179980166,0.0,0.0,0.0,0.0,0.0,0.0,0.0,0.0,0.0,0.0
13094.07,0.9801454202698106,0.0,30525.0,37.0,0.1328499999998192,30.9375,32.8125,37.05000000000001,0.0,0.0,0.0,0.0,0.0,20.0,0.3,0.1,0.2,0.1,0.4,0.1,0.1,0.1,0.5,0.0,65535.0,0.08845654993514916,0.0,65535.0,0.034241245136186774,0.0,0.0,0.0,0.0,0.0,0.0,0.0,0.0,0.0,0.0
13154.12,1.0000679068005573,0.0,30525.0,37.0,0.17494999999981017,31.0,32.8125,36.89000000000004,0.0,0.0,0.0,0.0,0.0,20.0,0.3,0.1,0.2,0.1,0.4,0.1,0.1,0.1,0.5,0.0,65535.0,0.08906691081101702,0.0,65535.0,0.034271763179980166,0.0,0.0,0.0,0.0,0.0,0.0,0.0,0.0,0.0,0.0
13214.17,1.0080339952102988,0.0,30525.0,37.0,0.1867499999998145,31.0625,32.8125,36.85000000000002,0.0,0.0,0.0,0.0,0.0,20.0,0.3,0.1,0.2,0.1,0.4,0.1,0.1,0.1,0.5,0.0,65535.0,0.08952468146791791,0.0,65535.0,0.0345464255741207,0.0,0.0,0.0,0.0,0.0,0.0,0.0,0.0,0.0,0.0
13274.21,0.9996249481214623,0.0,30525.0,37.0,0.1758499999998085,30.9375,32.8125,36.89000000000004,0.0,0.0,0.0,0.0,0.0,20.0,0.3,0.1,0.2,0.1,0.4,0.1,0.1,0.1,0.5,0.0,65535.0,0.08883802548256657,0.0,65535.0,0.03462272068360418,0.0,0.0,0.0,0.0,0.0,0.0,0.0,0.0,0.0,0.0
13334.28,0.9792036807151712,0.0,30525.0,37.0,0.1808499999998173,30.875,32.8125,36.870000000000005,0.0,0.0,0.0,0.0,0.0,20.0,0.3,0.1,0.2,0.1,0.4,0.1,0.1,0.1,0.5,0.0,65535.0,0.08885328450446327,0.0,65535.0,0.03437857633325704,0.0,0.0,0.0,0.0,0.0,0.0,0.0,0.0,0.0,0.0
13394.32,0.9757671144581463,0.0,30525.0,37.0,0.11784999999981433,31.0,32.875,37.110000000000014,0.0,0.0,0.0,0.0,0.0,20.0,0.3,0.1,0.2,0.1,0.4,0.1,0.1,0.1,0.5,0.0,65535.0,0.08908216983291371,0.0,65535.0,0.03401235980773632,0.0,0.0,0.0,0.0,0.0,0.0,0.0,0.0,0.0,0.0
13454.4,0.9698667903180016,0.0,30525.0,37.0,0.13254999999981432,30.8125,32.8125,37.05000000000001,0.0,0.0,0.0,0.0,0.0,20.0,0.3,0.1,0.2,0.1,0.4,0.1,0.1,0.1,0.5,0.0,65535.0,0.0899519340810254,0.0,65535.0,0.034607461661707486,0.0,0.0,0.0,0.0,0.0,0.0,0.0,0.0,0.0,0.0
13514.44,0.9796284706152094,0.0,30525.0,37.0,0.13784999999980863,30.875,32.8125,37.03000000000003,0.0,0.0,0.0,0.0,0.0,20.0,0.3,0.1,0.2,0.1,0.4,0.1,0.1,0.1,0.5,0.0,65535.0,0.08926527809567407,0.0,65535.0,0.034653238727397576,0.0,0.0,0.0,0.0,0.0,0.0,0.0,0.0,0.0,0.0
13574.53,0.9783730338800367,0.0,30525.0,37.0,0.13904999999980752,30.75,32.8125,37.03000000000003,0.0,0.0,0.0,0.0,0.0,20.0,0.3,0.1,0.2,0.1,0.4,0.1,0.1,0.1,0.5,0.0,65535.0,0.089570458533608,0.0,65535.0,0.034241245136186774,0.0,0.0,0.0,0.0,0.0,0.0,0.0,0.0,0.0,0.0
13634.6,0.979700221000344,0.0,30525.0,37.0,0.11044999999980085,30.875,32.8125,37.13000000000005,0.0,0.0,0.0,0.0,0.0,20.0,0.3,0.1,0.2,0.1,0.4,0.1,0.1,0.1,0.5,0.0,65535.0,0.08952468146791791,0.0,65535.0,0.034531166552224005,0.0,0.0,0.0,0.0,0.0,0.0,0.0,0.0,0.0,0.0
13694.68,0.9832604462840882,0.0,30525.0,37.0,0.1296999999998109,30.875,32.8125,36.710000000000036,0.0,0.0,0.0,0.0,0.0,20.0,0.3,0.1,0.2,0.1,0.4,0.1,0.1,0.1,0.5,0.0,65535.0,0.09143205920500495,0.0,65535.0,0.03480582894636454,0.0,0.0,0.0,0.0,0.0,0.0,0.0,0.0,0.0,0.0
13754.73,0.9963563445768496,0.0,30525.0,37.0,0.33029999999981263,30.8125,32.8125,36.690000000000055,0.0,0.0,0.0,0.0,0.0,20.0,0.3,0.1,0.2,0.1,0.4,0.1,0.1,0.1,0.5,0.0,65535.0,0.0908216983291371,0.0,65535.0,0.03598077363241016,0.0,0.0,0.0,0.0,0.0,0.0,0.0,0.0,0.0,0.0
13814.76,1.0051660214372768,0.0,30525.0,37.0,0.053499999999806036,30.75,32.75,37.25000000000006,0.0,0.0,0.0,0.0,0.0,20.0,0.3,0.1,0.2,0.1,0.4,0.1,0.1,0.1,0.5,0.0,65535.0,0.0895399404898146,0.0,65535.0,0.034699015793087665,0.0,0.0,0.0,0.0,0.0,0.0,0.0,0.0,0.0,0.0
13874.8,0.9980863474530414,0.0,30525.0,37.0,0.03709999999980987,30.875,32.8125,37.09000000000003,0.0,0.0,0.0,0.0,0.0,20.0,0.3,0.1,0.2,0.1,0.4,0.1,0.1,0.1,0.5,0.0,65535.0,0.09050125886930648,0.0,65535.0,0.034531166552224005,0.0,0.0,0.0,0.0,0.0,0.0,0.0,0.0,0.0,0.0
13934.85,1.0240707829046651,0.0,30525.0,37.0,0.17409999999980974,30.6875,32.75,36.950000000000045,0.0,0.0,0.0,0.0,0.0,20.0,0.3,0.1,0.2,0.1,0.4,0.1,0.1,0.1,0.5,0.0,65535.0,0.09027237354085603,0.0,65535.0,0.034576943617914094,0.0,0.0,0.0,0.0,0.0,0.0,0.0,0.0,0.0,0.0
13994.92,1.0062770796913905,0.0,30525.0,37.0,0.1558999999997987,30.8125,32.8125,36.81,0.0,0.0,0.0,0.0,0.0,20.0,0.3,0.1,0.2,0.1,0.4,0.1,0.1,0.1,0.5,0.0,65535.0,0.09033340962844282,0.0,65535.0,0.03463797970550088,0.0,0.0,0.0,0.0,0.0,0.0,0.0,0.0,0.0,0.0
14054.95,1.0094261073177904,0.0,30525.0,37.0,0.14239999999979677,30.8125,32.8125,36.73000000000002,0.0,0.0,0.0,0.0,0.0,20.0,0.3,0.1,0.2,0.1,0.4,0.1,0.1,0.1,0.5,0.0,65535.0,0.09076066224155031,0.0,65535.0,0.034653238727397576,0.0,0.0,0.0,0.0,0.0,0.0,0.0,0.0,0.0,0.0
14115.04,0.9897810916875522,0.0,30525.0,37.0,0.15679999999979616,31.0,32.8125,36.870000000000005,0.0,0.0,0.0,0.0,0.0,20.0,0.3,0.1,0.2,0.1,0.4,0.1,0.1,0.1,0.5,0.0,65535.0,0.09095902952620737,0.0,65535.0,0.03433279926756695,0.0,0.0,0.0,0.0,0.0,0.0,0.0,0.0,0.0,0.0
14175.13,0.9910219221175587,0.0,30525.0,37.0,0.17829999999980586,30.8125,32.8125,36.81,0.0,0.0,0.0,0.0,0.0,20.0,0.3,0.1,0.2,0.1,0.4,0.1,0.1,0.1,0.5,0.0,65535.0,0.0904097047379263,0.0,65535.0,0.034699015793087665,0.0,0.0,0.0,0.0,0.0,0.0,0.0,0.0,0.0,0.0
14235.21,1.0075637155746675,0.0,30525.0,37.0,0.10149999999980208,30.875,32.8125,36.79000000000002,0.0,0.0,0.0,0.0,0.0,20.0,0.3,0.1,0.2,0.1,0.4,0.1,0.1,0.1,0.5,0.0,65535.0,0.09103532463569085,0.0,65535.0,0.03480582894636454,0.0,0.0,0.0,0.0,0.0,0.0,0.0,0.0,0.0,0.0
14295.26,0.9783041642191925,0.0,30525.0,37.0,0.16179999999980407,30.75,32.8125,36.870000000000005,0.0,0.0,0.0,0.0,0.0,20.0,0.3,0.1,0.2,0.1,0.4,0.1,0.1,0.1,0.5,0.0,65535.0,0.09127946898603799,0.0,65535.0,0.03447013046463722,0.0,0.0,0.0,0.0,0.0,0.0,0.0,0.0,0.0,0.0
14355.33,1.0068843808522654,0.0,30525.0,37.0,0.19509999999980476,30.875,32.8125,36.89000000000004,0.0,0.0,0.0,0.0,0.0,20.0,0.3,0.1,0.2,0.1,0.4,0.1,0.1,0.1,0.5,0.0,65535.0,0.09172198062104218,0.0,65535.0,0.03517204547188525,0.0,0.0,0.0,0.0,0.0,0.0,0.0,0.0,0.0,0.0
14415.39,0.9879337454549224,0.0,30525.0,37.0,0.10009999999979083,31.1875,32.75,36.93000000000001,0.0,0.0,0.0,0.0,0.0,20.0,0.3,0.1,0.2,0.1,0.4,0.1,0.1,0.1,0.5,0.0,65535.0,0.09120317387655451,0.0,65535.0,0.03471427481498436,0.0,0.0,0.0,0.0,0.0,0.0,0.0,0.0,0.0,0.0
14475.44,1.0030069906412757,0.0,30525.0,37.0,0.13149999999980064,30.8125,32.75,37.09000000000003,0.0,0.0046,0.25,0.0,0.0,20.0,0.3,0.1,0.2,0.1,0.4,0.1,0.1,0.1,0.5,0.0,65535.0,0.09181353475242238,0.0,65535.0,0.03485160601205463,0.0,0.0,0.0,0.0,0.0,0.0,0.0,0.0,0.0,0.0
14535.51,0.9770184077424388,0.0,30525.0,37.0,0.2728499999997994,30.8125,32.8125,36.55000000000001,0.0,0.0,0.0,0.0,0.0,20.0,0.3,0.1,0.2,0.1,0.4,0.1,0.1,0.1,0.5,0.0,65535.0,0.08970778973067826,0.0,65535.0,0.03356984817273213,0.0,0.0,0.0,0.0,0.0,0.0,0.0,0.0,0.0,0.0
14595.58,0.9961753678256207,0.0,30525.0,37.0,0.1894999999997908,30.9375,32.875,36.73000000000002,0.0,0.0,0.0,0.0,0.0,20.0,0.3,0.1,0.2,0.1,0.4,0.1,0.1,0.1,0.5,0.0,65535.0,0.0912642099641413,0.0,65535.0,0.03422598611429008,0.0,0.0,0.0,0.0,0.0,0.0,0.0,0.0,0.0,0.0
14655.65,0.9896799265585585,0.0,30525.0,37.0,0.15209999999979298,30.8125,32.8125,36.89000000000004,0.0,0.0,0.0,0.0,0.0,20.0,0.3,0.1,0.2,0.1,0.4,0.1,0.1,0.1,0.5,0.0,65535.0,0.09059281300068665,0.0,65535.0,0.033951323720149536,0.0,0.0,0.0,0.0,0.0,0.0,0.0,0.0,0.0,0.0
14715.72,0.9649331866935074,0.0,30525.0,37.0,0.15359999999979246,30.875,32.8125,36.97000000000003,0.0,0.0,0.0,0.0,0.0,20.0,0.3,0.1,0.2,0.1,0.4,0.1,0.1,0.1,0.5,0.0,65535.0,0.09031815060654612,0.0,65535.0,0.03405813687342641,0.0,0.0,0.0,0.0,0.0,0.0,0.0,0.0,0.0,0.0
14775.78,0.9642947413543437,0.0,30525.0,37.0,0.14349999999979654,30.75,32.8125,37.13000000000005,0.0,0.0,0.0,0.0,0.0,20.0,0.3,0.1,0.2,0.1,0.4,0.1,0.1,0.1,0.5,0.0,65535.0,0.09091325246051728,0.0,65535.0,0.034195468070496685,0.0,0.0,0.0,0.0,0.0,0.0,0.0,0.0,0.0,0.0
14835.82,0.9874936326018218,0.0,30525.0,37.0,0.13049999999979073,30.8125,32.75,36.870000000000005,0.0,0.0,0.0,0.0,0.0,20.0,0.3,0.1,0.2,0.1,0.4,0.1,0.1,0.1,0.5,0.0,65535.0,0.09011978332188907,0.0,65535.0,0.03398184176394293,0.0,0.0,0.0,0.0,0.0,0.0,0.0,0.0,0.0,0.0
14895.89,0.9610731572734649,0.0,30525.0,37.0,0.11659999999978404,30.8125,32.75,36.97000000000003,0.0,0.0,0.0,0.0,0.0,20.0,0.3,0.1,0.2,0.1,0.4,0.1,0.1,0.1,0.5,0.0,65535.0,0.09076066224155031,0.0,65535.0,0.03414969100480659,0.0,0.0,0.0,0.0,0.0,0.0,0.0,0.0,0.0,0.0
14955.92,0.9711184323120103,0.0,30525.0,37.0,0.1662999999997948,30.8125,32.8125,36.81,0.0,0.0,0.0,0.0,0.0,20.0,0.3,0.1,0.2,0.1,0.4,0.1,0.1,0.1,0.5,0.0,65535.0,0.0903791866941329,0.0,65535.0,0.03445487144274052,0.0,0.0,0.0,0.0,0.0,0.0,0.0,0.0,0.0,0.0
15015.96,0.9779144374583806,0.0,30525.0,37.0,0.18249999999979513,30.8125,32.75,36.85000000000002,0.0,0.0,0.0,0.0,0.0,20.0,0.3,0.1,0.2,0.1,0.4,0.1,0.1,0.1,0.5,0.0,65535.0,0.09068436713206683,0.0,65535.0,0.03401235980773632,0.0,0.0,0.0,0.0,0.0,0.0,0.0,0.0,0.0,0.0
15076.04,0.9870646759002246,0.0,30525.0,37.0,0.14779999999978322,30.75,32.8125,36.93000000000001,0.0,0.0,0.0,0.0,0.0,20.0,0.3,0.1,0.2,0.1,0.4,0.1,0.1,0.1,0.5,0.0,65535.0,0.09091325246051728,0.0,65535.0,0.034164950026703285,0.0,0.0,0.0,0.0,0.0,0.0,0.0,0.0,0.0,0.0
15136.12,0.9842759797938484,0.0,30525.0,37.0,0.10689999999979027,30.75,32.8125,36.89000000000004,0.0,0.0,0.0,0.0,0.0,20.0,0.3,0.1,0.2,0.1,0.4,0.1,0.1,0.1,0.5,0.0,65535.0,0.09143205920500495,0.0,65535.0,0.03402761882963302,0.0,0.0,0.0,0.0,0.0,0.0,0.0,0.0,0.0,0.0
15196.19,0.9735465500444607,0.0,30525.0,37.0,0.16899999999979232,30.875,32.75,37.05000000000001,0.0,0.0,0.0,0.0,0.0,20.0,0.3,0.1,0.2,0.1,0.4,0.1,0.1,0.1,0.5,0.0,65535.0,0.09105058365758754,0.0,65535.0,0.03401235980773632,0.0,0.0,0.0,0.0,0.0,0.0,0.0,0.0,0.0,0.0
15256.23,0.9814919216612201,0.0,30525.0,37.0,0.11809999999978005,30.75,32.8125,36.950000000000045,0.0,0.0,0.0,0.0,0.0,20.0,0.3,0.1,0.2,0.1,0.4,0.1,0.1,0.1,0.5,0.0,65535.0,0.09132524605172808,0.0,65535.0,0.03381399252307927,0.0,0.0,0.0,0.0,0.0,0.0,0.0,0.0,0.0,0.0
15316.27,0.9760939796577585,0.0,30525.0,37.0,0.12629999999978422,31.0625,32.8125,37.05000000000001,0.0,0.0,0.0,0.0,0.0,20.0,0.3,0.1,0.2,0.1,0.4,0.1,0.1,0.1,0.5,0.0,65535.0,0.09217975127794309,0.0,65535.0,0.034164950026703285,0.0,0.0,0.0,0.0,0.0,0.0,0.0,0.0,0.0,0.0
15376.33,0.9752642119097225,0.0,30525.0,37.0,0.10359999999978725,30.8125,32.8125,36.93000000000001,0.0,0.0,0.0,0.0,0.0,20.0,0.3,0.1,0.2,0.1,0.4,0.1,0.1,0.1,0.5,0.0,65535.0,0.09159990844586861,0.0,65535.0,0.03418020904859999,0.0,0.0,0.0,0.0,0.0,0.0,0.0,0.0,0.0,0.0
15436.42,0.9946714065876276,0.0,30525.0,37.0,0.173299999999779,30.75,32.8125,36.710000000000036,0.0,0.0,0.0,0.0,0.0,20.0,0.3,0.1,0.2,0.1,0.4,0.1,0.1,0.1,0.5,0.0,65535.0,0.09118791485465781,0.0,65535.0,0.03407339589532311,0.0,0.0,0.0,0.0,0.0,0.0,0.0,0.0,0.0,0.0
15496.49,0.97993524679891,0.0,30525.0,37.0,0.18129999999978846,30.875,32.8125,36.85000000000002,0.0,0.0,0.0,0.0,0.0,20.0,0.3,0.1,0.2,0.1,0.4,0.1,0.1,0.1,0.5,0.0,65535.0,0.09204242008087282,0.0,65535.0,0.034439612420843826,0.0,0.0,0.0,0.0,0.0,0.0,0.0,0.0,0.0,0.0
15556.55,0.969956786045039,0.0,30525.0,37.0,0.12779999999978112,30.8125,32.8125,37.03000000000003,0.0,0.0,0.0,0.0,0.0,20.0,0.3,0.1,0.2,0.1,0.4,0.1,0.1,0.1,0.5,0.0,65535.0,0.09314106965743496,0.0,65535.0,0.03437857633325704,0.0,0.0,0.0,0.0,0.0,0.0,0.0,0.0,0.0,0.0
15616.6,1.006849360321037,0.0,30525.0,37.0,0.12099999999978475,30.8125,32.8125,36.870000000000005,0.0,0.0,0.0,0.0,0.0,20.0,0.3,0.1,0.2,0.1,0.4,0.1,0.1,0.1,0.5,0.0,65535.0,0.09202716105897613,0.0,65535.0,0.03466849774929427,0.0,0.0,0.0,0.0,0.0,0.0,0.0,0.0,0.0,0.0
15676.67,0.9844193650350431,0.0,30525.0,37.0,0.19599999999978673,30.8125,32.75,36.85000000000002,0.0,0.0,0.0,0.0,0.0,20.0,0.3,0.1,0.2,0.1,0.4,0.1,0.1,0.1,0.5,0.0,65535.0,0.09173723964293888,0.0,65535.0,0.03442435339894713,0.0,0.0,0.0,0.0,0.0,0.0,0.0,0.0,0.0,0.0
15736.74,0.9706735043736889,0.0,30525.0,37.0,0.14339999999977943,30.875,32.8125,36.950000000000045,0.0,0.0,0.0,0.0,0.0,20.0,0.3,0.1,0.2,0.1,0.4,0.1,0.1,0.1,0.5,0.0,65535.0,0.092133974212253,0.0,65535.0,0.03447013046463722,0.0,0.0,0.0,0.0,0.0,0.0,0.0,0.0,0.0,0.0
15796.82,0.9813680294500287,0.0,30525.0,37.0,0.14129999999977877,30.8125,32.8125,36.950000000000045,0.0,0.0,0.0,0.0,0.0,20.0,0.3,0.1,0.2,0.1,0.4,0.1,0.1,0.1,0.5,0.0,65535.0,0.09228656443121996,0.0,65535.0,0.034439612420843826,0.0,0.0,0.0,0.0,0.0,0.0,0.0,0.0,0.0,0.0
15856.86,0.9675839874496249,0.0,30525.0,37.0,0.1983999999997854,30.6875,32.75,36.79000000000002,0.0,0.0,0.0,0.0,0.0,20.0,0.3,0.1,0.2,0.1,0.4,0.1,0.1,0.1,0.5,0.0,65535.0,0.09228656443121996,0.0,65535.0,0.03433279926756695,0.0,0.0,0.0,0.0,0.0,0.0,0.0,0.0,0.0,0.0
15916.9,0.9732343052842312,0.0,30525.0,37.0,0.0797999999997753,30.875,32.75,36.93000000000001,0.0,0.0,0.0,0.0,0.0,20.0,0.3,0.1,0.2,0.1,0.4,0.1,0.1,0.1,0.5,0.0,65535.0,0.09349202716105898,0.0,65535.0,0.034744792858777754,0.0,0.0,0.0,0.0,0.0,0.0,0.0,0.0,0.0,0.0
15976.94,1.002203445360982,0.0,30525.0,37.0,0.20749999999977456,30.75,32.8125,36.710000000000036,0.0,0.0,0.0,0.0,0.0,20.0,0.3,0.1,0.2,0.1,0.4,0.1,0.1,0.1,0.5,0.0,65535.0,0.09356832227054246,0.0,65535.0,0.034317540245670256,0.0,0.0,0.0,0.0,0.0,0.0,0.0,0.0,0.0,0.0
16037.03,0.9672609389251576,0.0,30525.0,37.0,0.1398999999997809,30.8125,32.75,37.01000000000005,0.0,0.0,0.0,0.0,0.0,20.0,0.3,0.1,0.2,0.1,0.4,0.1,0.1,0.1,0.5,0.0,65535.0,0.09332417792019532,0.0,65535.0,0.03451590753032731,0.0,0.0,0.0,0.0,0.0,0.0,0.0,0.0,0.0,0.0
16097.1,0.987993081958108,0.0,30525.0,37.0,0.1615999999997711,30.75,32.75,36.89000000000004,0.0,0.0,0.0,0.0,0.0,20.0,0.3,0.1,0.2,0.1,0.4,0.1,0.1,0.1,0.5,0.0,65535.0,0.0937972075989929,0.0,65535.0,0.034317540245670256,0.0,0.0,0.0,0.0,0.0,0.0,0.0,0.0,0.0,0.0
16157.18,0.9750870296505005,0.0,30525.0,37.0,0.14719999999976913,30.75,32.75,37.09000000000003,0.0,0.0,0.0,0.0,0.0,20.0,0.3,0.1,0.2,0.1,0.4,0.1,0.1,0.1,0.5,0.0,65535.0,0.09343099107347219,0.0,65535.0,0.03433279926756695,0.0,0.0,0.0,0.0,0.0,0.0,0.0,0.0,0.0,0.0
16217.25,0.9807678392914819,0.0,30525.0,37.0,0.09389999999977072,30.6875,32.8125,37.05000000000001,0.0,0.0,0.0,0.0,0.0,20.0,0.3,0.1,0.2,0.1,0.4,0.1,0.1,0.1,0.5,0.0,65535.0,0.09288166628519112,0.0,65535.0,0.034164950026703285,0.0,0.0,0.0,0.0,0.0,0.0,0.0,0.0,0.0,0.0
16277.32,0.9902464772088648,0.0,30525.0,37.0,0.10239999999977548,30.75,32.8125,36.79000000000002,0.0,0.0,0.0,0.0,0.0,20.0,0.3,0.1,0.2,0.1,0.4,0.1,0.1,0.1,0.5,0.0,65535.0,0.09390402075226978,0.0,65535.0,0.03479056992446784,0.0,0.0,0.0,0.0,0.0,0.0,0.0,0.0,0.0,0.0
16337.4,0.9847362356077539,0.0,30525.0,37.0,0.1556999999997722,30.8125,32.8125,36.79000000000002,0.0,0.0,0.0,0.0,0.0,20.0,0.3,0.1,0.2,0.1,0.4,0.1,0.1,0.1,0.5,0.0,65535.0,0.09413290608072022,0.0,65535.0,0.03485160601205463,0.0,0.0,0.0,0.0,0.0,0.0,0.0,0.0,0.0,0.0
16397.47,0.9800680202508665,0.0,30525.0,37.0,0.1335999999997755,30.8125,32.75,36.93000000000001,0.0,0.0,0.0,0.0,0.0,20.0,0.3,0.1,0.2,0.1,0.4,0.1,0.1,0.1,0.5,0.0,65535.0,0.09391927977416648,0.0,65535.0,0.03485160601205463,0.0,0.0,0.0,0.0,0.0,0.0,0.0,0.0,0.0,0.0
16457.54,1.005121620909231,0.0,30525.0,37.0,0.13119999999977514,30.75,32.75,36.79000000000002,0.0,0.0,0.0,0.0,0.0,20.0,0.3,0.1,0.2,0.1,0.4,0.1,0.1,0.1,0.5,0.0,65535.0,0.09472800793469138,0.0,65535.0,0.03459220263981079,0.0,0.0,0.0,0.0,0.0,0.0,0.0,0.0,0.0,0.0
16517.59,0.9589326345796851,0.0,30525.0,37.0,0.16419999999977608,30.6875,32.75,36.81,0.0,0.0,0.0,0.0,0.0,20.0,0.3,0.1,0.2,0.1,0.4,0.1,0.1,0.1,0.5,0.0,65535.0,0.09385824368657969,0.0,65535.0,0.03451590753032731,0.0,0.0,0.0,0.0,0.0,0.0,0.0,0.0,0.0,0.0
16577.63,0.9829747102480778,0.0,30525.0,37.0,0.1403999999997693,30.875,32.75,37.03000000000003,0.0,0.0,0.0,0.0,0.0,20.0,0.3,0.1,0.2,0.1,0.4,0.1,0.1,0.1,0.5,0.0,65535.0,0.09393453879606317,0.0,65535.0,0.03433279926756695,0.0,0.0,0.0,0.0,0.0,0.0,0.0,0.0,0.0,0.0
16637.71,0.9884657055888695,0.0,30525.0,37.0,0.13859999999976835,30.75,32.75,36.870000000000005,0.0,0.0,0.0,0.0,0.0,20.0,0.3,0.1,0.2,0.1,0.4,0.1,0.1,0.1,0.5,0.0,65535.0,0.09373617151140612,0.0,65535.0,0.0345464255741207,0.0,0.0,0.0,0.0,0.0,0.0,0.0,0.0,0.0,0.0
16697.77,0.9859937991769778,0.0,30525.0,37.0,0.14449999999976298,30.8125,32.75,36.79000000000002,0.0,0.0,0.0,0.0,0.0,20.0,0.3,0.1,0.2,0.1,0.4,0.1,0.1,0.1,0.5,0.0,65535.0,0.09410238803692683,0.0,65535.0,0.034363317311360345,0.0,0.0,0.0,0.0,0.0,0.0,0.0,0.0,0.0,0.0
16757.83,0.988048006167685,0.0,30525.0,37.0,0.13829999999976691,30.875,32.6875,36.870000000000005,0.0,0.0,0.0,0.0,0.0,20.0,0.3,0.1,0.2,0.1,0.4,0.1,0.1,0.1,0.5,0.0,65535.0,0.09396505683985656,0.0,65535.0,0.03439383535515374,0.0,0.0,0.0,0.0,0.0,0.0,0.0,0.0,0.0,0.0
16817.9,0.9783431479758828,0.0,30525.0,37.0,0.1426999999997612,30.8125,32.75,36.77000000000004,0.0,0.0,0.0,0.0,0.0,20.0,0.3,0.1,0.2,0.1,0.4,0.1,0.1,0.1,0.5,0.0,65535.0,0.09436179140917067,0.0,65535.0,0.0345464255741207,0.0,0.0,0.0,0.0,0.0,0.0,0.0,0.0,0.0,0.0
16877.95,1.012501286415826,0.0,30525.0,37.0,0.1370999999997646,30.8125,32.75,36.950000000000045,0.0,0.0,0.0,0.0,0.0,20.0,0.3,0.1,0.2,0.1,0.4,0.1,0.1,0.1,0.5,0.0,65535.0,0.09573510337987336,0.0,65535.0,0.03483634699015793,0.0,0.0,0.0,0.0,0.0,0.0,0.0,0.0,0.0,0.0
16938.02,1.0120376177328323,0.0,30525.0,37.0,0.17889999999977008,30.75,32.6875,36.77000000000004,0.0,0.0,0.0,0.0,0.0,20.0,0.3,0.1,0.2,0.1,0.4,0.1,0.1,0.1,0.5,0.0,65535.0,0.09456015869382772,0.0,65535.0,0.03476005188067445,0.0,0.0,0.0,0.0,0.0,0.0,0.0,0.0,0.0,0.0
16998.08,0.9777632452927847,0.0,30525.0,37.0,0.1868999999997645,30.75,32.75,36.89000000000004,0.0,0.0,0.0,0.0,0.0,20.0,0.3,0.1,0.2,0.1,0.4,0.1,0.1,0.1,0.5,0.0,65535.0,0.09459067673762112,0.0,65535.0,0.03479056992446784,0.0,0.0,0.0,0.0,0.0,0.0,0.0,0.0,0.0,0.0
17058.18,0.9837059118813238,0.0,30525.0,37.0,0.16219999999975768,30.75,32.6875,36.950000000000045,0.0,0.0,0.0,0.0,0.0,20.0,0.3,0.1,0.2,0.1,0.4,0.1,0.1,0.1,0.5,0.0,65535.0,0.0950637064164187,0.0,65535.0,0.03492790112153811,0.0,0.0,0.0,0.0,0.0,0.0,0.0,0.0,0.0,0.0
17118.28,0.9893930779482818,0.0,30525.0,37.0,0.1468999999997557,30.75,32.6875,36.93000000000001,0.0,0.0,0.0,0.0,0.0,20.0,0.3,0.1,0.2,0.1,0.4,0.1,0.1,0.1,0.5,0.0,65535.0,0.09488059815365835,0.0,65535.0,0.034744792858777754,0.0,0.0,0.0,0.0,0.0,0.0,0.0,0.0,0.0,0.0
17178.36,0.9794057642398323,0.0,30525.0,37.0,0.16129999999975508,30.6875,32.75,36.89000000000004,0.0,0.0,0.0,0.0,0.0,20.0,0.3,0.1,0.2,0.1,0.4,0.1,0.1,0.1,0.5,0.0,65535.0,0.09564354924849316,0.0,65535.0,0.034744792858777754,0.0,0.0,0.0,0.0,0.0,0.0,0.0,0.0,0.0,0.0
17238.46,0.9875795053952484,0.0,30525.0,37.0,0.1827999999997648,30.8125,32.75,36.870000000000005,0.0,0.0,0.0,0.0,0.0,20.0,0.3,0.1,0.2,0.1,0.4,0.1,0.1,0.1,0.5,0.0,65535.0,0.0954909590295262,0.0,65535.0,0.03477531090257115,0.0,0.0,0.0,0.0,0.0,0.0,0.0,0.0,0.0,0.0
17298.53,0.9931951492340751,0.0,30525.0,37.0,0.12279999999976166,30.75,32.75,36.950000000000045,0.0,0.0,0.0,0.0,0.0,20.0,0.3,0.1,0.2,0.1,0.4,0.1,0.1,0.1,0.5,0.0,65535.0,0.09546044098573281,0.0,65535.0,0.03450064850843061,0.0,0.0,0.0,0.0,0.0,0.0,0.0,0.0,0.0,0.0
17358.61,1.0075782658081456,0.0,30525.0,37.0,0.11509999999975104,30.8125,32.75,37.09000000000003,0.0,0.0,0.0,0.0,0.0,20.0,0.3,0.1,0.2,0.1,0.4,0.1,0.1,0.1,0.5,0.0,65535.0,0.09478904402227817,0.0,65535.0,0.034531166552224005,0.0,0.0,0.0,0.0,0.0,0.0,0.0,0.0,0.0,0.0
17418.68,1.011818229450801,0.0,30525.0,37.0,0.1574999999997568,30.6875,32.6875,37.03000000000003,0.0,0.0,0.0,0.0,0.0,20.0,0.3,0.1,0.2,0.1,0.4,0.1,0.1,0.1,0.5,0.0,65535.0,0.09497215228503852,0.0,65535.0,0.03477531090257115,0.0,0.0,0.0,0.0,0.0,0.0,0.0,0.0,0.0,0.0
17478.76,0.9961707237100055,0.0,30525.0,37.0,0.1577999999997557,30.75,32.75,37.01000000000005,0.0,0.0,0.0,0.0,0.0,20.0,0.3,0.1,0.2,0.1,0.4,0.1,0.1,0.1,0.5,0.0,65535.0,0.09564354924849316,0.0,65535.0,0.03485160601205463,0.0,0.0,0.0,0.0,0.0,0.0,0.0,0.0,0.0,0.0
17538.83,0.9978456914311791,0.0,30525.0,37.0,0.10449999999975812,30.8125,32.75,36.81,0.0,0.0,0.0,0.0,0.0,20.0,0.3,0.1,0.2,0.1,0.4,0.1,0.1,0.1,0.5,0.0,65535.0,0.0959639887083238,0.0,65535.0,0.03500419623102159,0.0,0.0,0.0,0.0,0.0,0.0,0.0,0.0,0.0,0.0
17598.9,0.9720050629697635,0.0,30525.0,37.0,0.13329999999975864,30.75,32.6875,37.01000000000005,0.0,0.0,0.0,0.0,0.0,20.0,0.3,0.1,0.2,0.1,0.4,0.1,0.1,0.1,0.5,0.0,65535.0,0.09614709697108416,0.0,65535.0,0.03479056992446784,0.0,0.0,0.0,0.0,0.0,0.0,0.0,0.0,0.0,0.0
17658.97,0.9913281698962649,0.0,30525.0,37.0,0.16539999999975954,30.75,32.75,36.85000000000002,0.0,0.0,0.0,0.0,0.0,20.0,0.3,0.1,0.2,0.1,0.4,0.1,0.1,0.1,0.5,0.0,65535.0,0.09588769359884032,0.0,65535.0,0.03480582894636454,0.0,0.0,0.0,0.0,0.0,0.0,0.0,0.0,0.0,0.0
17719.05,1.006724367586182,0.0,30525.0,37.0,0.13329999999975775,30.625,32.75,36.93000000000001,0.0,0.0,0.0,0.0,0.0,20.0,0.3,0.1,0.2,0.1,0.4,0.1,0.1,0.1,0.5,0.0,65535.0,0.09591821164263371,0.0,65535.0,0.03501945525291829,0.0,0.0,0.0,0.0,0.0,0.0,0.0,0.0,0.0,0.0
17779.11,1.0033715770855518,0.0,30525.0,37.0,0.1332999999997569,30.8125,32.6875,36.710000000000036,0.0,0.0,0.0,0.0,0.0,20.0,0.3,0.1,0.2,0.1,0.4,0.1,0.1,0.1,0.5,0.0,65535.0,0.09529259174486915,0.0,65535.0,0.03492790112153811,0.0,0.0,0.0,0.0,0.0,0.0,0.0,0.0,0.0,0.0
17839.17,0.993069678016255,0.0,30525.0,37.0,0.16629999999975784,30.8125,32.6875,36.79000000000002,0.0,0.0,0.0,0.0,0.0,20.0,0.3,0.1,0.2,0.1,0.4,0.1,0.1,0.1,0.5,0.0,65535.0,0.09620813305867094,0.0,65535.0,0.03501945525291829,0.0,0.0,0.0,0.0,0.0,0.0,0.0,0.0,0.0,0.0
17899.22,1.0011809000535394,0.0,30525.0,37.0,0.17539999999974784,30.8125,32.75,36.870000000000005,0.0,0.0,0.0,0.0,0.0,20.0,0.3,0.1,0.2,0.1,0.4,0.1,0.1,0.1,0.5,0.0,65535.0,0.0967879758907454,0.0,65535.0,0.03468375677119097,0.0,0.0,0.0,0.0,0.0,0.0,0.0,0.0,0.0,0.0
17959.27,1.0102093097284306,0.0,30525.0,37.0,0.1568999999997513,30.6875,32.6875,36.870000000000005,0.0,0.0,0.0,0.0,0.0,20.0,0.3,0.1,0.2,0.1,0.4,0.1,0.1,0.1,0.5,0.0,65535.0,0.09585717555504693,0.0,65535.0,0.03506523231860838,0.0,0.0,0.0,0.0,0.0,0.0,0.0,0.0,0.0,0.0
18019.34,1.0149134650579859,0.0,30525.0,37.0,0.1845999999997562,30.875,32.75,36.950000000000045,0.0,0.0,0.0,0.0,0.0,20.0,0.3,0.1,0.2,0.1,0.4,0.1,0.1,0.1,0.5,0.0,65535.0,0.09645227740901809,0.0,65535.0,0.03517204547188525,0.0,0.0,0.0,0.0,0.0,0.0,0.0,0.0,0.0,0.0
18079.41,1.0100230445938234,0.0,30525.0,37.0,0.14159999999974926,30.625,32.6875,36.950000000000045,0.0,0.0,0.0,0.0,0.0,20.0,0.3,0.1,0.2,0.1,0.4,0.1,0.1,0.1,0.5,0.0,65535.0,0.09613183794918746,0.0,65535.0,0.0349584191653315,0.0,0.0,0.0,0.0,0.0,0.0,0.0,0.0,0.0,0.0
18139.48,0.9962747959079337,0.0,30525.0,37.0,0.11299999999974258,30.8125,32.6875,36.89000000000004,0.0,0.0,0.0,0.0,0.0,20.0,0.3,0.1,0.2,0.1,0.4,0.1,0.1,0.1,0.5,0.0,65535.0,0.09694056610971237,0.0,65535.0,0.03529411764705882,0.0,0.0,0.0,0.0,0.0,0.0,0.0,0.0,0.0,0.0
18199.54,0.9898041268785897,0.0,30525.0,37.0,0.16509999999975372,30.75,32.6875,36.97000000000003,0.0,0.0,0.0,0.0,0.0,20.0,0.3,0.1,0.2,0.1,0.4,0.1,0.1,0.1,0.5,0.0,65535.0,0.0972304875257496,0.0,65535.0,0.03450064850843061,0.0,0.0,0.0,0.0,0.0,0.0,0.0,0.0,0.0,0.0
18259.59,0.9958471865295355,0.0,30525.0,37.0,0.1786999999997439,30.75,32.6875,37.13000000000005,0.0,0.0,0.0,0.0,0.0,20.0,0.3,0.1,0.2,0.1,0.4,0.1,0.1,0.1,0.5,0.0,65535.0,0.09684901197833219,0.0,65535.0,0.034866865033951325,0.0,0.0,0.0,0.0,0.0,0.0,0.0,0.0,0.0,0.0
18319.65,1.003333438724194,0.0,30525.0,37.0,0.1618999999997424,30.8125,32.75,36.950000000000045,0.0,0.0,0.0,0.0,0.0,20.0,0.3,0.1,0.2,0.1,0.4,0.1,0.1,0.1,0.5,0.0,65535.0,0.09671168078126192,0.0,65535.0,0.034866865033951325,0.0,0.0,0.0,0.0,0.0,0.0,0.0,0.0,0.0,0.0
18379.68,1.0187319881878099,0.0,30525.0,37.0,0.14339999999974584,30.875,32.6875,37.03000000000003,0.0,0.0,0.0,0.0,0.0,20.0,0.3,0.1,0.2,0.1,0.4,0.1,0.1,0.1,0.5,0.0,65535.0,0.09629968719005112,0.0,65535.0,0.03504997329671168,0.0,0.0,0.0,0.0,0.0,0.0,0.0,0.0,0.0,0.0
18439.76,0.9933251744221725,0.0,30525.0,37.0,0.10749999999974835,30.8125,32.75,37.05000000000001,0.0,0.0,0.0,0.0,0.0,20.0,0.3,0.1,0.2,0.1,0.4,0.1,0.1,0.1,0.5,0.0,65535.0,0.09732204165712978,0.0,65535.0,0.03506523231860838,0.0,0.0,0.0,0.0,0.0,0.0,0.0,0.0,0.0,0.0
18499.82,1.021038280408818,0.0,30525.0,37.0,0.16279999999973982,30.75,32.6875,36.97000000000003,0.0,0.0,0.0,0.0,0.0,20.0,0.3,0.1,0.2,0.1,0.4,0.1,0.1,0.1,0.5,0.0,65535.0,0.09672693980315862,0.0,65535.0,0.03504997329671168,0.0,0.0,0.0,0.0,0.0,0.0,0.0,0.0,0.0,0.0
18559.89,0.9816618970213423,0.0,30525.0,37.0,0.14339999999974323,30.75,32.6875,36.97000000000003,0.0,0.0,0.0,0.0,0.0,20.0,0.3,0.1,0.2,0.1,0.4,0.1,0.1,0.1,0.5,0.0,65535.0,0.09704737926298924,0.0,65535.0,0.03518730449378195,0.0,0.0,0.0,0.0,0.0,0.0,0.0,0.0,0.0,0.0
18619.96,1.000549828928678,0.0,30525.0,37.0,0.16049999999974274,30.75,32.6875,36.97000000000003,0.0,0.0,0.0,0.0,0.0,20.0,0.3,0.1,0.2,0.1,0.4,0.1,0.1,0.1,0.5,0.0,65535.0,0.09697108415350576,0.0,65535.0,0.03506523231860838,0.0,0.0,0.0,0.0,0.0,0.0,0.0,0.0,0.0,0.0
18680.01,1.0018401174794043,0.0,30525.0,37.0,0.10099999999973489,30.75,32.6875,37.110000000000014,0.0,0.0,0.0,0.0,0.0,20.0,0.3,0.1,0.2,0.1,0.4,0.1,0.1,0.1,0.5,0.0,65535.0,0.09706263828488594,0.0,65535.0,0.03477531090257115,0.0,0.0,0.0,0.0,0.0,0.0,0.0,0.0,0.0,0.0
18740.07,0.9944367228741219,0.0,30525.0,37.0,0.11359999999973422,30.8125,32.6875,37.01000000000005,0.0,0.0,0.0,0.0,0.0,20.0,0.3,0.1,0.2,0.1,0.4,0.1,0.1,0.1,0.5,0.0,65535.0,0.09752040894178683,0.0,65535.0,0.0354009308003357,0.0,0.0,0.0,0.0,0.0,0.0,0.0,0.0,0.0,0.0
18800.12,1.0280426633967912,0.0,30525.0,37.0,0.14539999999973457,30.8125,32.6875,36.870000000000005,0.0,0.0,0.0,0.0,0.0,20.0,0.3,0.1,0.2,0.1,0.4,0.1,0.1,0.1,0.5,0.0,65535.0,0.09819180590524147,0.0,65535.0,0.03514152742809186,0.0,0.0,0.0,0.0,0.0,0.0,0.0,0.0,0.0,0.0
18860.18,0.9819183738213665,0.0,30525.0,37.0,0.1356999999997434,30.8125,32.6875,36.81,0.0,0.0,0.0,0.0,0.0,20.0,0.3,0.1,0.2,0.1,0.4,0.1,0.1,0.1,0.5,0.0,65535.0,0.09744411383230335,0.0,65535.0,0.03544670786602579,0.0,0.0,0.0,0.0,0.0,0.0,0.0,0.0,0.0,0.0
18920.25,1.0010363716231687,0.0,30525.0,37.0,0.18219999999974457,30.8125,32.6875,37.01000000000005,0.0,0.0,0.0,0.0,0.0,20.0,0.3,0.1,0.2,0.1,0.4,0.1,0.1,0.1,0.5,0.0,65535.0,0.0981002517738613,0.0,65535.0,0.03555352101930266,0.0,0.0,0.0,0.0,0.0,0.0,0.0,0.0,0.0,0.0
18980.32,1.0005861524482382,0.0,30525.0,37.0,0.1462999999997329,30.8125,32.6875,36.85000000000002,0.0,0.0,0.0,0.0,0.0,20.0,0.3,0.1,0.2,0.1,0.4,0.1,0.1,0.1,0.5,0.0,65535.0,0.09820706492713817,0.0,65535.0,0.0349736781872282,0.0,0.0,0.0,0.0,0.0,0.0,0.0,0.0,0.0,0.0
19040.4,1.0159778553084435,0.0,30525.0,37.0,0.14009999999973682,30.75,32.625,36.93000000000001,0.0,0.0,0.0,0.0,0.0,20.0,0.3,0.1,0.2,0.1,0.4,0.1,0.1,0.1,0.5,0.0,65535.0,0.09781033035782406,0.0,65535.0,0.035385671778439,0.0,0.0,0.0,0.0,0.0,0.0,0.0,0.0,0.0,0.0
19100.46,1.0114396240577919,0.0,30525.0,37.0,0.16539999999974223,30.75,32.6875,36.870000000000005,0.0,0.0,0.0,0.0,0.0,20.0,0.3,0.1,0.2,0.1,0.4,0.1,0.1,0.1,0.5,0.0,65535.0,0.09799343862058442,0.0,65535.0,0.03489738307774472,0.0,0.0,0.0,0.0,0.0,0.0,0.0,0.0,0.0,0.0
19160.53,1.0107664489624697,0.0,30525.0,37.0,0.18159999999974255,30.75,32.6875,36.81,0.0,0.0,0.0,0.0,0.0,20.0,0.3,0.1,0.2,0.1,0.4,0.1,0.1,0.1,0.5,0.0,65535.0,0.09877164873731593,0.0,65535.0,0.035080491340505074,0.0,0.0,0.0,0.0,0.0,0.0,0.0,0.0,0.0,0.0
19220.57,1.0004392945184313,0.0,30525.0,37.0,0.13899999999974036,30.75,32.6875,36.93000000000001,0.0,0.0,0.0,0.0,0.0,20.0,0.3,0.1,0.2,0.1,0.4,0.1,0.1,0.1,0.5,0.0,65535.0,0.09951934081025406,0.0,65535.0,0.03573662928206302,0.0,0.0,0.0,0.0,0.0,0.0,0.0,0.0,0.0,0.0
19280.63,1.0063805443043166,0.0,30525.0,37.0,0.1483999999997301,30.75,32.6875,36.89000000000004,0.0,0.0,0.0,0.0,0.0,20.0,0.3,0.1,0.2,0.1,0.4,0.1,0.1,0.1,0.5,0.0,65535.0,0.0984969863431754,0.0,65535.0,0.03533989471274891,0.0,0.0,0.0,0.0,0.0,0.0,0.0,0.0,0.0,0.0
19340.66,1.0130266238159296,0.0,30525.0,37.0,0.16129999999972916,30.8125,32.6875,37.03000000000003,0.0,0.0,0.0,0.0,0.0,20.0,0.3,0.1,0.2,0.1,0.4,0.1,0.1,0.1,0.5,0.0,65535.0,0.09777981231403067,0.0,65535.0,0.03530937666895552,0.0,0.0,0.0,0.0,0.0,0.0,0.0,0.0,0.0,0.0
19400.7,1.0129537410634377,0.0,30525.0,37.0,0.1550999999997331,30.75,32.6875,36.93000000000001,0.0,0.0,0.0,0.0,0.0,20.0,0.3,0.1,0.2,0.1,0.4,0.1,0.1,0.1,0.5,0.0,65535.0,0.0985122453650721,0.0,65535.0,0.03489738307774472,0.0,0.0,0.0,0.0,0.0,0.0,0.0,0.0,0.0,0.0
19460.77,0.9791302861157529,0.0,30525.0,37.0,0.10239999999973498,30.8125,32.625,36.77000000000004,0.0,0.0,0.0,0.0,0.0,20.0,0.3,0.1,0.2,0.1,0.4,0.1,0.1,0.1,0.5,0.0,65535.0,0.09900053406576638,0.0,65535.0,0.03527885862516213,0.0,0.0,0.0,0.0,0.0,0.0,0.0,0.0,0.0,0.0
19520.88,0.9922906431807651,0.0,30525.0,37.0,0.13239999999973526,30.8125,32.6875,36.85000000000002,0.0,0.0,0.0,0.0,0.0,20.0,0.3,0.1,0.2,0.1,0.4,0.1,0.1,0.1,0.5,0.0,65535.0,0.09967193102922103,0.0,65535.0,0.035538261997405965,0.0,0.0,0.0,0.0,0.0,0.0,0.0,0.0,0.0,0.0
19580.95,1.0099453411859627,0.0,30525.0,37.0,0.18419999999973163,30.75,32.6875,36.85000000000002,0.0,0.0,0.0,0.0,0.0,20.0,0.3,0.1,0.2,0.1,0.4,0.1,0.1,0.1,0.5,0.0,65535.0,0.09904631113145647,0.0,65535.0,0.03501945525291829,0.0,0.0,0.0,0.0,0.0,0.0,0.0,0.0,0.0,0.0
19641.0,0.9870728427617259,0.0,30525.0,37.0,0.1344999999997342,30.8125,32.625,36.81,0.0,0.0,0.0,0.0,0.0,20.0,0.3,0.1,0.2,0.1,0.4,0.1,0.1,0.1,0.5,0.0,65535.0,0.09877164873731593,0.0,65535.0,0.03530937666895552,0.0,0.0,0.0,0.0,0.0,0.0,0.0,0.0,0.0,0.0
19701.06,1.0153162178593245,0.0,30525.0,37.0,0.18339999999973575,30.75,32.75,37.03000000000003,0.0,0.0,0.0,0.0,0.0,20.0,0.3,0.1,0.2,0.1,0.4,0.1,0.1,0.1,0.5,0.0,65535.0,0.09919890135042343,0.0,65535.0,0.03543144884412909,0.0,0.0,0.0,0.0,0.0,0.0,0.0,0.0,0.0,0.0
19761.18,1.024710659014017,0.0,30525.0,37.0,0.15869999999972895,30.8125,32.6875,37.01000000000005,0.0,0.0,0.0,0.0,0.0,20.0,0.3,0.1,0.2,0.1,0.4,0.1,0.1,0.1,0.5,0.0,65535.0,0.1002517738612955,0.0,65535.0,0.03573662928206302,0.0,0.0,0.0,0.0,0.0,0.0,0.0,0.0,0.0,0.0
19821.24,1.020888184826979,0.0,30525.0,37.0,0.11629999999972146,30.8125,32.6875,37.03000000000003,0.0,0.0,0.0,0.0,0.0,20.0,0.3,0.1,0.2,0.1,0.4,0.1,0.1,0.1,0.5,0.0,65535.0,0.099320973525597,0.0,65535.0,0.035370412756542305,0.0,0.0,0.0,0.0,0.0,0.0,0.0,0.0,0.0,0.0
19881.32,1.0164539146888791,0.0,30525.0,37.0,0.18279999999973287,30.75,32.625,37.03000000000003,0.0,0.0,0.0,0.0,0.0,20.0,0.3,0.1,0.2,0.1,0.4,0.1,0.1,0.1,0.5,0.0,65535.0,0.09930571450370031,0.0,65535.0,0.03546196688792248,0.0,0.0,0.0,0.0,0.0,0.0,0.0,0.0,0.0,0.0
19941.38,1.0076119735523075,0.0,30525.0,37.0,0.17989999999972214,30.75,32.6875,36.870000000000005,0.0,0.0,0.0,0.0,0.0,20.0,0.3,0.1,0.2,0.1,0.4,0.1,0.1,0.1,0.5,0.0,65535.0,0.09875638971541924,0.0,65535.0,0.03556878004119936,0.0,0.0,0.0,0.0,0.0,0.0,0.0,0.0,0.0,0.0
20001.46,0.9990091597918622,0.0,30525.0,37.0,0.14159999999972428,30.8125,32.6875,36.81,0.0,0.0,0.0,0.0,0.0,20.0,0.3,0.1,0.2,0.1,0.4,0.1,0.1,0.1,0.5,0.0,65535.0,0.09959563591973754,0.0,65535.0,0.03533989471274891,0.0,0.0,0.0,0.0,0.0,0.0,0.0,0.0,0.0,0.0
20061.54,1.0038665686325472,0.0,30525.0,37.0,0.15919999999971907,30.8125,32.6875,37.01000000000005,0.0,0.0,0.0,0.0,0.0,20.0,0.3,0.1,0.2,0.1,0.4,0.1,0.1,0.1,0.5,0.0,65535.0,0.09970244907301443,0.0,65535.0,0.03547722590981918,0.0,0.0,0.0,0.0,0.0,0.0,0.0,0.0,0.0,0.0
20121.59,1.0245561605980351,0.0,30525.0,37.0,0.18809999999972377,30.8125,32.6875,36.97000000000003,0.0,0.0,0.0,0.0,0.0,20.0,0.3,0.1,0.2,0.1,0.4,0.1,0.1,0.1,0.5,0.0,65535.0,0.09971770809491112,0.0,65535.0,0.03518730449378195,0.0,0.0,0.0,0.0,0.0,0.0,0.0,0.0,0.0,0.0
20181.67,1.0293410351708998,0.0,30525.0,37.0,0.18989999999972298,30.8125,32.6875,37.03000000000003,0.0,0.0,0.0,0.0,0.0,20.0,0.3,0.1,0.2,0.1,0.4,0.1,0.1,0.1,0.5,0.0,65535.0,0.09968719005111773,0.0,65535.0,0.03527885862516213,0.0,0.0,0.0,0.0,0.0,0.0,0.0,0.0,0.0,0.0
20241.72,0.9951743550608908,0.0,30525.0,37.0,0.1227999999997246,30.75,32.6875,37.05000000000001,0.0,0.0,0.0,0.0,0.0,20.0,0.3,0.1,0.2,0.1,0.4,0.1,0.1,0.1,0.5,0.0,65535.0,0.09951934081025406,0.0,65535.0,0.03527885862516213,0.0,0.0,0.0,0.0,0.0,0.0,0.0,0.0,0.0,0.0
20301.77,1.0159426065620893,0.0,30525.0,37.0,0.11419999999971395,30.75,32.625,36.81,0.0,0.0,0.0,0.0,0.0,20.0,0.3,0.1,0.2,0.1,0.4,0.1,0.1,0.1,0.5,0.0,65535.0,0.10031280994888228,0.0,65535.0,0.03527885862516213,0.0,0.0,0.0,0.0,0.0,0.0,0.0,0.0,0.0,0.0
20361.8,1.0110529697377681,0.0,30525.0,37.0,0.1394999999997185,30.8125,32.6875,37.05000000000001,0.0,0.0,0.0,0.0,0.0,20.0,0.3,0.1,0.2,0.1,0.4,0.1,0.1,0.1,0.5,0.0,65535.0,0.0998397802700847,0.0,65535.0,0.03561455710688945,0.0,0.0,0.0,0.0,0.0,0.0,0.0,0.0,0.0,0.0
20421.87,0.982772095857688,0.0,30525.0,37.0,0.18779999999971975,30.8125,32.6875,36.73000000000002,0.0,0.0,0.0,0.0,0.0,20.0,0.3,0.1,0.2,0.1,0.4,0.1,0.1,0.1,0.5,0.0,65535.0,0.09987029831387809,0.0,65535.0,0.03593499656672007,0.0,0.0,0.0,0.0,0.0,0.0,0.0,0.0,0.0,0.0
20481.94,1.016490718338484,0.0,30525.0,37.0,0.09979999999971026,30.75,32.6875,36.89000000000004,0.0,0.0,0.0,0.0,0.0,20.0,0.3,0.1,0.2,0.1,0.4,0.1,0.1,0.1,0.5,0.0,65535.0,0.10035858701457237,0.0,65535.0,0.035660334172579536,0.0,0.0,0.0,0.0,0.0,0.0,0.0,0.0,0.0,0.0
20542.0,0.9856189178525325,0.0,30525.0,37.0,0.175999999999712,30.875,32.75,36.85000000000002,0.0,0.0,0.0,0.0,0.0,20.0,0.3,0.1,0.2,0.1,0.4,0.1,0.1,0.1,0.5,0.0,65535.0,0.10070954451819639,0.0,65535.0,0.03590447852292668,0.0,0.0,0.0,0.0,0.0,0.0,0.0,0.0,0.0,0.0
20602.04,1.0197490009513386,0.0,30525.0,37.0,0.1580999999997149,30.8125,32.625,36.870000000000005,0.0,0.0,0.0,0.0,0.0,20.0,0.3,0.1,0.2,0.1,0.4,0.1,0.1,0.1,0.5,0.0,65535.0,0.10034332799267567,0.0,65535.0,0.035660334172579536,0.0,0.0,0.0,0.0,0.0,0.0,0.0,0.0,0.0,0.0
20662.12,1.0192317456611844,0.0,30525.0,37.0,0.1618999999997089,30.8125,32.625,36.73000000000002,0.0,0.0,0.0,0.0,0.0,20.0,0.3,0.1,0.2,0.1,0.4,0.1,0.1,0.1,0.5,0.0,65535.0,0.1010452429999237,0.0,65535.0,0.035751888303959714,0.0,0.0,0.0,0.0,0.0,0.0,0.0,0.0,0.0,0.0
20722.19,0.9982315912664704,0.0,30525.0,37.0,0.11949999999971647,30.75,32.75,36.81,0.0,0.0,0.0,0.0,0.0,20.0,0.3,0.1,0.2,0.1,0.4,0.1,0.1,0.1,0.5,0.0,65535.0,0.10099946593423362,0.0,65535.0,0.035416189822232394,0.0,0.0,0.0,0.0,0.0,0.0,0.0,0.0,0.0,0.0
20782.26,1.0179531258960353,0.0,30525.0,37.0,0.15299999999971187,30.75,32.6875,36.870000000000005,0.0,0.0,0.0,0.0,0.0,20.0,0.3,0.1,0.2,0.1,0.4,0.1,0.1,0.1,0.5,0.0,65535.0,0.10142671854734112,0.0,65535.0,0.03585870145723659,0.0,0.0,0.0,0.0,0.0,0.0,0.0,0.0,0.0,0.0
20842.29,0.9957893367720658,0.0,30525.0,37.0,0.13979999999971052,30.75,32.6875,36.85000000000002,0.0,0.0,0.0,0.0,0.0,20.0,0.3,0.1,0.2,0.1,0.4,0.1,0.1,0.1,0.5,0.0,65535.0,0.10101472495613031,0.0,65535.0,0.03631647211413749,0.0,0.0,0.0,0.0,0.0,0.0,0.0,0.0,0.0,0.0
20902.37,1.0144524533618922,0.0,30525.0,37.0,0.14009999999970937,30.8125,32.6875,36.85000000000002,0.0,0.0,0.0,0.0,0.0,20.0,0.3,0.1,0.2,0.1,0.4,0.1,0.1,0.1,0.5,0.0,65535.0,0.10093842984664683,0.0,65535.0,0.0358129243915465,0.0,0.0,0.0,0.0,0.0,0.0,0.0,0.0,0.0,0.0
20962.44,1.0177761793065212,0.0,30525.0,37.0,0.11889999999971274,30.75,32.6875,36.97000000000003,0.0,0.0,0.0,0.0,0.0,20.0,0.3,0.1,0.2,0.1,0.4,0.1,0.1,0.1,0.5,0.0,65535.0,0.1006637674525063,0.0,65535.0,0.035919737544823374,0.0,0.0,0.0,0.0,0.0,0.0,0.0,0.0,0.0,0.0
21022.51,1.0136922918065427,0.0,30525.0,37.0,0.1659999999997142,30.75,32.6875,36.81,0.0,0.0,0.0,0.0,0.0,20.0,0.3,0.1,0.2,0.1,0.4,0.1,0.1,0.1,0.5,0.0,65535.0,0.10019073777370871,0.0,65535.0,0.03556878004119936,0.0,0.0,0.0,0.0,0.0,0.0,0.0,0.0,0.0,0.0
21082.54,1.0255601180103129,0.0,30525.0,37.0,0.17839999999970377,30.75,32.625,36.79000000000002,0.0,0.0,0.0,0.0,0.0,20.0,0.3,0.1,0.2,0.1,0.4,0.1,0.1,0.1,0.5,0.0,65535.0,0.1006332494087129,0.0,65535.0,0.03569085221637293,0.0,0.0,0.0,0.0,0.0,0.0,0.0,0.0,0.0,0.0
21142.58,1.0305030137516606,0.0,30525.0,37.0,0.14279999999970602,30.8125,32.6875,36.870000000000005,0.0,0.0,0.0,0.0,0.0,20.0,0.3,0.1,0.2,0.1,0.4,0.1,0.1,0.1,0.5,0.0,65535.0,0.10083161669336996,0.0,65535.0,0.03567559319447623,0.0,0.0,0.0,0.0,0.0,0.0,0.0,0.0,0.0,0.0
21202.64,1.0202968890582729,0.0,30525.0,37.0,0.12599999999970452,30.75,32.6875,36.870000000000005,0.0,0.0,0.0,0.0,0.0,20.0,0.3,0.1,0.2,0.1,0.4,0.1,0.1,0.1,0.5,0.0,65535.0,0.10118257419699397,0.0,65535.0,0.03552300297550927,0.0,0.0,0.0,0.0,0.0,0.0,0.0,0.0,0.0,0.0
21262.68,1.0077796008195743,0.0,30525.0,37.0,0.16989999999971062,30.75,32.625,36.89000000000004,0.0,0.0,0.0,0.0,0.0,20.0,0.3,0.1,0.2,0.1,0.4,0.1,0.1,0.1,0.5,0.0,65535.0,0.10083161669336996,0.0,65535.0,0.03613336385137713,0.0,0.0,0.0,0.0,0.0,0.0,0.0,0.0,0.0,0.0
21322.72,1.0258751589323647,0.0,30525.0,37.0,0.10399999999969778,30.8125,32.6875,37.110000000000014,0.0,0.0,0.0,0.0,0.0,20.0,0.3,0.1,0.2,0.1,0.4,0.1,0.1,0.1,0.5,0.0,65535.0,0.10164034485389487,0.0,65535.0,0.03559929808499275,0.0,0.0,0.0,0.0,0.0,0.0,0.0,0.0,0.0,0.0
21382.76,1.0182962558634165,0.0,30525.0,37.0,0.1050999999997067,30.8125,32.6875,37.03000000000003,0.0,0.0,0.0,0.0,0.0,20.0,0.3,0.1,0.2,0.1,0.4,0.1,0.1,0.1,0.5,0.0,65535.0,0.10135042343785763,0.0,65535.0,0.03561455710688945,0.0,0.0,0.0,0.0,0.0,0.0,0.0,0.0,0.0,0.0
21442.8,1.0063745827235278,0.0,30525.0,37.0,0.18189999999970877,30.8125,32.6875,36.77000000000004,0.0,0.0,0.0,0.0,0.0,20.0,0.3,0.1,0.2,0.1,0.4,0.1,0.1,0.1,0.5,0.0,65535.0,0.10199130235751888,0.0,65535.0,0.03605706874189364,0.0,0.0,0.0,0.0,0.0,0.0,0.0,0.0,0.0,0.0
21502.87,1.0167017326375036,0.0,30525.0,37.0,0.14459999999970174,30.8125,32.6875,37.05000000000001,0.0,0.0,0.0,0.0,0.0,20.0,0.3,0.1,0.2,0.1,0.4,0.1,0.1,0.1,0.5,0.0,65535.0,0.1014724956130312,0.0,65535.0,0.036285954070344094,0.0,0.0,0.0,0.0,0.0,0.0,0.0,0.0,0.0,0.0
21562.92,1.0120821278444434,0.0,30525.0,37.0,0.14369999999970084,30.8125,32.625,36.85000000000002,0.0,0.0,0.0,0.0,0.0,20.0,0.3,0.1,0.2,0.1,0.4,0.1,0.1,0.1,0.5,0.0,65535.0,0.10247959105821317,0.0,65535.0,0.035751888303959714,0.0,0.0,0.0,0.0,0.0,0.0,0.0,0.0,0.0,0.0
21622.98,0.9929820729209549,0.0,30525.0,37.0,0.13839999999970481,30.75,32.5625,36.73000000000002,0.0,0.0,0.0,0.0,0.0,20.0,0.3,0.1,0.2,0.1,0.4,0.1,0.1,0.1,0.5,0.0,65535.0,0.1019150072480354,0.0,65535.0,0.035873960479133285,0.0,0.0,0.0,0.0,0.0,0.0,0.0,0.0,0.0,0.0
21683.06,1.0016746542007704,0.0,30525.0,37.0,0.13749999999970394,30.75,32.625,37.01000000000005,0.0,0.0046,0.25,0.0,0.0,20.0,0.3,0.1,0.2,0.1,0.4,0.1,0.1,0.1,0.5,0.0,65535.0,0.1010605020218204,0.0,65535.0,0.03588921950102998,0.0,0.0,0.0,0.0,0.0,0.0,0.0,0.0,0.0,0.0
21743.13,0.9885853753685846,0.0,30525.0,37.0,0.30564999999969344,30.75,32.625,36.450000000000045,0.0,0.0,0.0,0.0,0.0,20.0,0.3,0.1,0.2,0.1,0.4,0.1,0.1,0.1,0.5,0.0,65535.0,0.10034332799267567,0.0,65535.0,0.035385671778439,0.0,0.0,0.0,0.0,0.0,0.0,0.0,0.0,0.0,0.0
21803.19,0.9736293189217139,0.0,30525.0,37.0,0.18139999999969272,30.75,32.625,36.85000000000002,0.0,0.0,0.0,0.0,0.0,20.0,0.3,0.1,0.2,0.1,0.4,0.1,0.1,0.1,0.5,0.0,65535.0,0.09919890135042343,0.0,65535.0,0.035034714274814985,0.0,0.0,0.0,0.0,0.0,0.0,0.0,0.0,0.0,0.0
21863.25,0.9903813178010463,0.0,30525.0,37.0,0.1445999999996952,30.875,32.6875,37.110000000000014,0.0,0.0,0.0,0.0,0.0,20.0,0.3,0.1,0.2,0.1,0.4,0.1,0.1,0.1,0.5,0.0,65535.0,0.10016021972991532,0.0,65535.0,0.03485160601205463,0.0,0.0,0.0,0.0,0.0,0.0,0.0,0.0,0.0,0.0
21923.31,0.9871079980024551,0.0,30525.0,37.0,0.15189999999969936,30.875,32.625,37.03000000000003,0.0,0.0,0.0,0.0,0.0,20.0,0.3,0.1,0.2,0.1,0.4,0.1,0.1,0.1,0.5,0.0,65535.0,0.09906157015335317,0.0,65535.0,0.03494316014343481,0.0,0.0,0.0,0.0,0.0,0.0,0.0,0.0,0.0,0.0
21983.37,0.9641782780095144,0.0,30525.0,37.0,0.11359999999968728,30.8125,32.5625,37.05000000000001,0.0,0.0,0.0,0.0,0.0,20.0,0.3,0.1,0.2,0.1,0.4,0.1,0.1,0.1,0.5,0.0,65535.0,0.09919890135042343,0.0,65535.0,0.0345464255741207,0.0,0.0,0.0,0.0,0.0,0.0,0.0,0.0,0.0,0.0
22043.45,0.9825759477914713,0.0,30525.0,37.0,0.17559999999969853,30.8125,32.625,36.93000000000001,0.0,0.0,0.0,0.0,0.0,20.0,0.3,0.1,0.2,0.1,0.4,0.1,0.1,0.1,0.5,0.0,65535.0,0.09968719005111773,0.0,65535.0,0.0349736781872282,0.0,0.0,0.0,0.0,0.0,0.0,0.0,0.0,0.0,0.0
22103.49,0.9830146255407082,0.0,30525.0,37.0,0.11109999999969522,30.75,32.625,37.03000000000003,0.0,0.0,0.0,0.0,0.0,20.0,0.3,0.1,0.2,0.1,0.4,0.1,0.1,0.1,0.5,0.0,65535.0,0.10080109864957656,0.0,65535.0,0.03511100938429847,0.0,0.0,0.0,0.0,0.0,0.0,0.0,0.0,0.0,0.0
22163.57,0.973087816900946,0.0,30525.0,37.0,0.19289999999969273,30.6875,32.625,36.89000000000004,0.0,0.0,0.0,0.0,0.0,20.0,0.3,0.1,0.2,0.1,0.4,0.1,0.1,0.1,0.5,0.0,65535.0,0.1006332494087129,0.0,65535.0,0.0349736781872282,0.0,0.0,0.0,0.0,0.0,0.0,0.0,0.0,0.0,0.0
22223.6,0.9625906613193211,0.0,30525.0,37.0,0.13109999999968952,30.75,32.625,36.85000000000002,0.0,0.0,0.0,0.0,0.0,20.0,0.3,0.1,0.2,0.1,0.4,0.1,0.1,0.1,0.5,0.0,65535.0,0.09951934081025406,0.0,65535.0,0.035080491340505074,0.0,0.0,0.0,0.0,0.0,0.0,0.0,0.0,0.0,0.0
22283.65,0.9778850433807719,0.0,30525.0,37.0,0.15169999999968414,30.75,32.625,36.85000000000002,0.0,0.0,0.0,0.0,0.0,20.0,0.3,0.1,0.2,0.1,0.4,0.1,0.1,0.1,0.5,0.0,65535.0,0.10041962310215916,0.0,65535.0,0.035156786449988556,0.0,0.0,0.0,0.0,0.0,0.0,0.0,0.0,0.0,0.0
22343.71,0.982597830304785,0.0,30525.0,37.0,0.14139999999969266,30.75,32.6875,36.870000000000005,0.0,0.0,0.0,0.0,0.0,20.0,0.3,0.1,0.2,0.1,0.4,0.1,0.1,0.1,0.5,0.0,65535.0,0.10070954451819639,0.0,65535.0,0.035370412756542305,0.0,0.0,0.0,0.0,0.0,0.0,0.0,0.0,0.0,0.0
22403.76,0.9847852966209312,0.0,30525.0,37.0,0.08039999999968447,30.8125,32.625,36.77000000000004,0.0,0.0,0.0,0.0,0.0,20.0,0.3,0.1,0.2,0.1,0.4,0.1,0.1,0.1,0.5,0.0,65535.0,0.10034332799267567,0.0,65535.0,0.0354009308003357,0.0,0.0,0.0,0.0,0.0,0.0,0.0,0.0,0.0,0.0
22463.83,0.9526339793954955,0.0,30525.0,37.0,0.203399999999688,30.75,32.625,36.650000000000034,0.0,0.0,0.0,0.0,0.0,20.0,0.3,0.1,0.2,0.1,0.4,0.1,0.1,0.1,0.5,0.0,65535.0,0.10000762951094835,0.0,65535.0,0.035156786449988556,0.0,0.0,0.0,0.0,0.0,0.0,0.0,0.0,0.0,0.0
22523.9,0.9712995097783043,0.0,30525.0,37.0,0.16989999999969088,30.75,32.625,36.710000000000036,0.0,0.0,0.0,0.0,0.0,20.0,0.3,0.1,0.2,0.1,0.4,0.1,0.1,0.1,0.5,0.0,65535.0,0.10008392462043184,0.0,65535.0,0.035873960479133285,0.0,0.0,0.0,0.0,0.0,0.0,0.0,0.0,0.0,0.0
22583.97,0.9855177655242248,0.0,30525.0,37.0,0.14349999999968904,30.75,32.625,37.05000000000001,0.0,0.0,0.0,0.0,0.0,20.0,0.3,0.1,0.2,0.1,0.4,0.1,0.1,0.1,0.5,0.0,65535.0,0.10122835126268406,0.0,65535.0,0.035034714274814985,0.0,0.0,0.0,0.0,0.0,0.0,0.0,0.0,0.0,0.0
22644.05,0.9867917182194947,0.0,30525.0,37.0,0.11839999999967749,30.75,32.625,36.97000000000003,0.0,0.0,0.0,0.0,0.0,20.0,0.3,0.1,0.2,0.1,0.4,0.1,0.1,0.1,0.5,0.0,65535.0,0.10113679713130388,0.0,65535.0,0.03561455710688945,0.0,0.0,0.0,0.0,0.0,0.0,0.0,0.0,0.0,0.0
22704.12,0.9840633331665901,0.0,30525.0,37.0,0.14779999999967747,30.8125,32.625,36.93000000000001,0.0,0.0,0.0,0.0,0.0,20.0,0.3,0.1,0.2,0.1,0.4,0.1,0.1,0.1,0.5,0.0,65535.0,0.10089265278095674,0.0,65535.0,0.035248340581368734,0.0,0.0,0.0,0.0,0.0,0.0,0.0,0.0,0.0,0.0
22764.19,0.9806142279668151,0.0,30525.0,37.0,0.1789999999996775,30.9375,32.5625,36.950000000000045,0.0,0.0,0.0,0.0,0.0,20.0,0.3,0.1,0.2,0.1,0.4,0.1,0.1,0.1,0.5,0.0,65535.0,0.10154879072251469,0.0,65535.0,0.03567559319447623,0.0,0.0,0.0,0.0,0.0,0.0,0.0,0.0,0.0,0.0
22824.27,0.9800533622266131,0.0,30525.0,37.0,0.13989999999968464,30.8125,32.625,37.110000000000014,0.0,0.0,0.0,0.0,0.0,20.0,0.3,0.1,0.2,0.1,0.4,0.1,0.1,0.1,0.5,0.0,65535.0,0.10180819409475853,0.0,65535.0,0.0357976653696498,0.0,0.0,0.0,0.0,0.0,0.0,0.0,0.0,0.0,0.0
22884.31,0.9764523476169578,0.0,30525.0,37.0,0.12719999999967854,30.6875,32.625,36.97000000000003,0.0,0.0,0.0,0.0,0.0,20.0,0.3,0.1,0.2,0.1,0.4,0.1,0.1,0.1,0.5,0.0,65535.0,0.10138094148165103,0.0,65535.0,0.03564507515068284,0.0,0.0,0.0,0.0,0.0,0.0,0.0,0.0,0.0,0.0
22944.37,0.9620316964254751,0.0,30525.0,37.0,0.16339999999967403,30.8125,32.625,37.09000000000003,0.0,0.0,0.0,0.0,0.0,20.0,0.3,0.1,0.2,0.1,0.4,0.1,0.1,0.1,0.5,0.0,65535.0,0.10135042343785763,0.0,65535.0,0.035584039063096054,0.0,0.0,0.0,0.0,0.0,0.0,0.0,0.0,0.0,0.0
23004.44,0.987992098534894,0.0,30525.0,37.0,0.16579999999967268,30.75,32.5625,36.73000000000002,0.0,0.0,0.0,0.0,0.0,20.0,0.3,0.1,0.2,0.1,0.4,0.1,0.1,0.1,0.5,0.0,65535.0,0.10133516441596094,0.0,65535.0,0.03555352101930266,0.0,0.0,0.0,0.0,0.0,0.0,0.0,0.0,0.0,0.0
23064.51,0.9758268001499747,0.0,30525.0,37.0,0.14079999999968035,30.75,32.625,36.89000000000004,0.0,0.0,0.0,0.0,0.0,20.0,0.3,0.1,0.2,0.1,0.4,0.1,0.1,0.1,0.5,0.0,65535.0,0.10139620050354772,0.0,65535.0,0.0358129243915465,0.0,0.0,0.0,0.0,0.0,0.0,0.0,0.0,0.0,0.0
23124.58,0.995758126929715,0.0,30525.0,37.0,0.12869999999967457,30.75,32.5625,36.89000000000004,0.0,0.0,0.0,0.0,0.0,20.0,0.3,0.1,0.2,0.1,0.4,0.1,0.1,0.1,0.5,0.0,65535.0,0.1023422598611429,0.0,65535.0,0.03544670786602579,0.0,0.0,0.0,0.0,0.0,0.0,0.0,0.0,0.0,0.0
23184.65,0.9726014283082385,0.0,30525.0,37.0,0.15869999999967485,30.6875,32.625,36.77000000000004,0.0,0.0,0.0,0.0,0.0,20.0,0.3,0.1,0.2,0.1,0.4,0.1,0.1,0.1,0.5,0.0,65535.0,0.10116731517509728,0.0,65535.0,0.03588921950102998,0.0,0.0,0.0,0.0,0.0,0.0,0.0,0.0,0.0,0.0
23244.72,0.9784593842330711,0.0,30525.0,37.0,0.14719999999966854,30.75,32.625,36.950000000000045,0.0,0.0,0.0,0.0,0.0,20.0,0.3,0.1,0.2,0.1,0.4,0.1,0.1,0.1,0.5,0.0,65535.0,0.1019302662699321,0.0,65535.0,0.03588921950102998,0.0,0.0,0.0,0.0,0.0,0.0,0.0,0.0,0.0,0.0
23304.79,0.9672585093972984,0.0,30525.0,37.0,0.12659999999967134,30.625,32.625,36.97000000000003,0.0,0.0,0.0,0.0,0.0,20.0,0.3,0.1,0.2,0.1,0.4,0.1,0.1,0.1,0.5,0.0,65535.0,0.1018997482261387,0.0,65535.0,0.035660334172579536,0.0,0.0,0.0,0.0,0.0,0.0,0.0,0.0,0.0,0.0
23364.87,0.9863837206626281,0.0,30525.0,37.0,0.15689999999967136,30.75,32.5625,36.77000000000004,0.0,0.0,0.0,0.0,0.0,20.0,0.3,0.1,0.2,0.1,0.4,0.1,0.1,0.1,0.5,0.0,65535.0,0.10141145952544442,0.0,65535.0,0.03598077363241016,0.0,0.0,0.0,0.0,0.0,0.0,0.0,0.0,0.0,0.0
23424.94,0.9787907936015312,0.0,30525.0,37.0,0.14249999999967022,30.6875,32.625,36.85000000000002,0.0,0.0,0.0,0.0,0.0,20.0,0.3,0.1,0.2,0.1,0.4,0.1,0.1,0.1,0.5,0.0,65535.0,0.10196078431372549,0.0,65535.0,0.035538261997405965,0.0,0.0,0.0,0.0,0.0,0.0,0.0,0.0,0.0,0.0
23485.02,0.9652944446796164,0.0,30525.0,37.0,0.1565999999996699,30.75,32.625,36.89000000000004,0.0,0.0,0.0,0.0,0.0,20.0,0.3,0.1,0.2,0.1,0.4,0.1,0.1,0.1,0.5,0.0,65535.0,0.10272373540856031,0.0,65535.0,0.03552300297550927,0.0,0.0,0.0,0.0,0.0,0.0,0.0,0.0,0.0,0.0
23545.09,0.9774722688144662,0.0,30525.0,37.0,0.13449999999967321,30.8125,32.625,36.870000000000005,0.0,0.0,0.0,0.0,0.0,20.0,0.3,0.1,0.2,0.1,0.4,0.1,0.1,0.1,0.5,0.0,65535.0,0.10356298161287862,0.0,65535.0,0.03601129167620355,0.0,0.0,0.0,0.0,0.0,0.0,0.0,0.0,0.0,0.0
23605.13,0.9814677748701237,0.0,30525.0,37.0,0.1809999999996744,30.6875,32.625,36.950000000000045,0.0,0.0,0.0,0.0,0.0,20.0,0.3,0.1,0.2,0.1,0.4,0.1,0.1,0.1,0.5,0.0,65535.0,0.1027695124742504,0.0,65535.0,0.03584344243533989,0.0,0.0,0.0,0.0,0.0,0.0,0.0,0.0,0.0,0.0
23665.18,0.9856890367019965,0.0,30525.0,37.0,0.16869999999967306,30.8125,32.625,37.05000000000001,0.0,0.0,0.0,0.0,0.0,20.0,0.3,0.1,0.2,0.1,0.4,0.1,0.1,0.1,0.5,0.0,65535.0,0.10244907301441977,0.0,65535.0,0.03588921950102998,0.0,0.0,0.0,0.0,0.0,0.0,0.0,0.0,0.0,0.0
23725.23,0.9933294777684525,0.0,30525.0,37.0,0.18659999999966845,30.75,32.625,36.79000000000002,0.0,0.0,0.0,0.0,0.0,20.0,0.3,0.1,0.2,0.1,0.4,0.1,0.1,0.1,0.5,0.0,65535.0,0.10180819409475853,0.0,65535.0,0.03561455710688945,0.0,0.0,0.0,0.0,0.0,0.0,0.0,0.0,0.0,0.0
23785.28,0.9826494405970629,0.0,30525.0,37.0,0.12809999999966565,30.75,32.625,36.93000000000001,0.0,0.0,0.0,0.0,0.0,20.0,0.3,0.1,0.2,0.1,0.4,0.1,0.1,0.1,0.5,0.0,65535.0,0.10290684367132066,0.0,65535.0,0.03584344243533989,0.0,0.0,0.0,0.0,0.0,0.0,0.0,0.0,0.0,0.0
23845.35,0.9750698755880043,0.0,30525.0,37.0,0.15929999999966568,30.6875,32.625,37.03000000000003,0.0,0.0,0.0,0.0,0.0,20.0,0.3,0.1,0.2,0.1,0.4,0.1,0.1,0.1,0.5,0.0,65535.0,0.1027695124742504,0.0,65535.0,0.03561455710688945,0.0,0.0,0.0,0.0,0.0,0.0,0.0,0.0,0.0,0.0
23905.41,0.9966462554812374,0.0,30525.0,37.0,0.18669999999967088,30.6875,32.5625,37.01000000000005,0.0,0.0,0.0,0.0,0.0,20.0,0.3,0.1,0.2,0.1,0.4,0.1,0.1,0.1,0.5,0.0,65535.0,0.1031662470435645,0.0,65535.0,0.03614862287327383,0.0,0.0,0.0,0.0,0.0,0.0,0.0,0.0,0.0,0.0
23965.47,1.0024812073824168,0.0,30525.0,37.0,0.1577999999996645,30.75,32.625,37.03000000000003,0.0,0.0,0.0,0.0,0.0,20.0,0.3,0.1,0.2,0.1,0.4,0.1,0.1,0.1,0.5,0.0,65535.0,0.10284580758373388,0.0,65535.0,0.03634699015793088,0.0,0.0,0.0,0.0,0.0,0.0,0.0,0.0,0.0,0.0
24025.53,0.9886962607093348,0.0,30525.0,37.0,0.107199999999667,30.6875,32.625,36.93000000000001,0.0,0.0,0.0,0.0,0.0,20.0,0.3,0.1,0.2,0.1,0.4,0.1,0.1,0.1,0.5,0.0,65535.0,0.10272373540856031,0.0,65535.0,0.03585870145723659,0.0,0.0,0.0,0.0,0.0,0.0,0.0,0.0,0.0,0.0
24085.58,0.9993339624097836,0.0,30525.0,37.0,0.18699999999966974,30.625,32.625,36.93000000000001,0.0,0.0,0.0,0.0,0.0,20.0,0.3,0.1,0.2,0.1,0.4,0.1,0.1,0.1,0.5,0.0,65535.0,0.10292210269321736,0.0,65535.0,0.03576714732585641,0.0,0.0,0.0,0.0,0.0,0.0,0.0,0.0,0.0,0.0
24145.62,0.980399784500807,0.0,30525.0,37.0,0.10639999999965608,30.75,32.5625,36.97000000000003,0.0,0.0,0.0,0.0,0.0,20.0,0.3,0.1,0.2,0.1,0.4,0.1,0.1,0.1,0.5,0.0,65535.0,0.10348668650339513,0.0,65535.0,0.035996032654306856,0.0,0.0,0.0,0.0,0.0,0.0,0.0,0.0,0.0,0.0
24205.68,0.9729059925634052,0.0,30525.0,37.0,0.10689999999966471,30.8125,32.6875,36.97000000000003,0.0,0.0,0.0,0.0,0.0,20.0,0.3,0.1,0.2,0.1,0.4,0.1,0.1,0.1,0.5,0.0,65535.0,0.10292210269321736,0.0,65535.0,0.03598077363241016,0.0,0.0,0.0,0.0,0.0,0.0,0.0,0.0,0.0,0.0
24265.73,0.9701033610363469,0.0,30525.0,37.0,0.1977999999996673,30.8125,32.625,36.97000000000003,0.0,0.0,0.0,0.0,0.0,20.0,0.3,0.1,0.2,0.1,0.4,0.1,0.1,0.1,0.5,0.0,65535.0,0.10388342107270924,0.0,65535.0,0.03598077363241016,0.0,0.0,0.0,0.0,0.0,0.0,0.0,0.0,0.0,0.0
24325.84,0.9983190855140625,0.0,30525.0,37.0,0.16959999999966535,30.8125,32.6875,37.01000000000005,0.0,0.0,0.0,0.0,0.0,20.0,0.3,0.1,0.2,0.1,0.4,0.1,0.1,0.1,0.5,0.0,65535.0,0.10383764400701916,0.0,65535.0,0.03634699015793088,0.0,0.0,0.0,0.0,0.0,0.0,0.0,0.0,0.0,0.0
24385.91,0.9968153280020411,0.0,30525.0,37.0,0.16699999999965434,30.8125,32.625,36.93000000000001,0.0,0.0,0.0,0.0,0.0,20.0,0.3,0.1,0.2,0.1,0.4,0.1,0.1,0.1,0.5,0.0,65535.0,0.1036697947661555,0.0,65535.0,0.03596551461051346,0.0,0.0,0.0,0.0,0.0,0.0,0.0,0.0,0.0,0.0
24445.99,1.0021641899029914,0.0,30525.0,37.0,0.10929999999966078,30.8125,32.625,36.85000000000002,0.0,0.0,0.0,0.0,0.0,20.0,0.3,0.1,0.2,0.1,0.4,0.1,0.1,0.1,0.5,0.0,65535.0,0.10479896238651103,0.0,65535.0,0.03665217059586481,0.0,0.0,0.0,0.0,0.0,0.0,0.0,0.0,0.0,0.0
24506.07,0.9943444116304858,0.0,30525.0,37.0,0.15839999999965704,30.8125,32.5625,37.03000000000003,0.0,0.0,0.0,0.0,0.0,20.0,0.3,0.1,0.2,0.1,0.4,0.1,0.1,0.1,0.5,0.0,65535.0,0.10391393911650264,0.0,65535.0,0.03663691157396811,0.0,0.0,0.0,0.0,0.0,0.0,0.0,0.0,0.0,0.0
24566.16,1.0272391175726419,0.0,30525.0,37.0,0.14779999999965077,30.75,32.5625,36.950000000000045,0.0,0.0,0.0,0.0,0.0,20.0,0.3,0.1,0.2,0.1,0.4,0.1,0.1,0.1,0.5,0.0,65535.0,0.10499732967116808,0.0,65535.0,0.03643854428931106,0.0,0.0,0.0,0.0,0.0,0.0,0.0,0.0,0.0,0.0
24626.24,1.006620349117218,0.0,30525.0,37.0,0.1153999999996484,30.6875,32.625,36.870000000000005,0.0,0.0,0.0,0.0,0.0,20.0,0.3,0.1,0.2,0.1,0.4,0.1,0.1,0.1,0.5,0.0,65535.0,0.10540932326237888,0.0,65535.0,0.03680476081483177,0.0,0.0,0.0,0.0,0.0,0.0,0.0,0.0,0.0,0.0
24686.28,0.9911930221490326,0.0,30525.0,37.0,0.1409999999996535,30.75,32.625,36.85000000000002,0.0,0.0,0.0,0.0,0.0,20.0,0.3,0.1,0.2,0.1,0.4,0.1,0.1,0.1,0.5,0.0,65535.0,0.10414282444495308,0.0,65535.0,0.036408026245517665,0.0,0.0,0.0,0.0,0.0,0.0,0.0,0.0,0.0,0.0
24746.34,0.9979700576630948,0.0,30525.0,37.0,0.16219999999964843,30.8125,32.625,36.79000000000002,0.0,0.0,0.0,0.0,0.0,20.0,0.3,0.1,0.2,0.1,0.4,0.1,0.1,0.1,0.5,0.0,65535.0,0.10543984130617227,0.0,65535.0,0.03697261005569543,0.0,0.0,0.0,0.0,0.0,0.0,0.0,0.0,0.0,0.0
24806.4,1.0121524763636405,0.0,30525.0,37.0,0.15569999999965178,30.75,32.625,36.97000000000003,0.0,0.0,0.0,0.0,0.0,20.0,0.3,0.1,0.2,0.1,0.4,0.1,0.1,0.1,0.5,0.0,65535.0,0.10551613641565576,0.0,65535.0,0.03646906233310445,0.0,0.0,0.0,0.0,0.0,0.0,0.0,0.0,0.0,0.0
24866.47,0.9891175495030835,0.0,30525.0,37.0,0.14629999999964527,30.75,32.625,36.85000000000002,0.0,0.0,0.0,0.0,0.0,20.0,0.3,0.1,0.2,0.1,0.4,0.1,0.1,0.1,0.5,0.0,65535.0,0.10423437857633326,0.0,65535.0,0.036743724727244985,0.0,0.0,0.0,0.0,0.0,0.0,0.0,0.0,0.0,0.0
24926.56,0.9958148487965179,0.0,30525.0,37.0,0.14309999999964904,30.8125,32.5625,37.03000000000003,0.0,0.0,0.0,0.0,0.0,20.0,0.3,0.1,0.2,0.1,0.4,0.1,0.1,0.1,0.5,0.0,65535.0,0.10431067368581674,0.0,65535.0,0.03649958037689784,0.0,0.0,0.0,0.0,0.0,0.0,0.0,0.0,0.0,0.0
24986.64,1.0189361523986082,0.0,30525.0,37.0,0.13959999999965308,30.75,32.625,36.97000000000003,0.0,0.0,0.0,0.0,0.0,20.0,0.3,0.1,0.2,0.1,0.4,0.1,0.1,0.1,0.5,0.0,65535.0,0.10431067368581674,0.0,65535.0,0.03671320668345159,0.0,0.0,0.0,0.0,0.0,0.0,0.0,0.0,0.0,0.0
25046.71,1.0043657392676124,0.0,30525.0,37.0,0.10159999999964076,30.6875,32.625,36.710000000000036,0.0,0.0,0.0,0.0,0.0,20.0,0.3,0.1,0.2,0.1,0.4,0.1,0.1,0.1,0.5,0.0,65535.0,0.1053177691309987,0.0,65535.0,0.03643854428931106,0.0,0.0,0.0,0.0,0.0,0.0,0.0,0.0,0.0,0.0
25106.76,1.0140412108277483,0.0,30525.0,37.0,0.19869999999965363,30.75,32.5625,36.950000000000045,0.0,0.0,0.0,0.0,0.0,20.0,0.3,0.1,0.2,0.1,0.4,0.1,0.1,0.1,0.5,0.0,65535.0,0.10508888380254826,0.0,65535.0,0.03685053788052186,0.0,0.0,0.0,0.0,0.0,0.0,0.0,0.0,0.0,0.0
25166.85,1.0006639849399488,0.0,30525.0,37.0,0.16929999999965192,30.75,32.5625,36.89000000000004,0.0,0.0,0.0,0.0,0.0,20.0,0.3,0.1,0.2,0.1,0.4,0.1,0.1,0.1,0.5,0.0,65535.0,0.10528725108720531,0.0,65535.0,0.03677424277103838,0.0,0.0,0.0,0.0,0.0,0.0,0.0,0.0,0.0,0.0
25226.92,1.0086284083711665,0.0,30525.0,37.0,0.1577999999996456,30.75,32.625,36.81,0.0,0.0,0.0,0.0,0.0,20.0,0.3,0.1,0.2,0.1,0.4,0.1,0.1,0.1,0.5,0.0,65535.0,0.10473792629892424,0.0,65535.0,0.036453803311207754,0.0,0.0,0.0,0.0,0.0,0.0,0.0,0.0,0.0,0.0
25286.96,1.0234579313538044,0.0,30525.0,37.0,0.09979999999963726,30.75,32.5625,36.93000000000001,0.0,0.0,0.0,0.0,0.0,20.0,0.3,0.1,0.2,0.1,0.4,0.1,0.1,0.1,0.5,0.0,65535.0,0.10455481803616389,0.0,65535.0,0.03643854428931106,0.0,0.0,0.0,0.0,0.0,0.0,0.0,0.0,0.0,0.0
25347.03,0.9850426779145451,0.0,30525.0,37.0,0.16629999999964867,30.6875,32.5625,36.81,0.0,0.0,0.0,0.0,0.0,20.0,0.3,0.1,0.2,0.1,0.4,0.1,0.1,0.1,0.5,0.0,65535.0,0.1053177691309987,0.0,65535.0,0.03697261005569543,0.0,0.0,0.0,0.0,0.0,0.0,0.0,0.0,0.0,0.0
25407.09,1.0332026385838848,0.0,30525.0,37.0,0.17839999999963851,30.6875,32.5625,36.870000000000005,0.0,0.0,0.0,0.0,0.0,20.0,0.3,0.1,0.2,0.1,0.4,0.1,0.1,0.1,0.5,0.0,65535.0,0.10511940184634165,0.0,65535.0,0.03656061646448463,0.0,0.0,0.0,0.0,0.0,0.0,0.0,0.0,0.0,0.0
25467.14,1.0091606807159166,0.0,30525.0,37.0,0.15809999999964192,30.75,32.5625,36.950000000000045,0.0,0.0,0.0,0.0,0.0,20.0,0.3,0.1,0.2,0.1,0.4,0.1,0.1,0.1,0.5,0.0,65535.0,0.10580605783169299,0.0,65535.0,0.036957351033798734,0.0,0.0,0.0,0.0,0.0,0.0,0.0,0.0,0.0,0.0
25527.22,1.0103361339789398,0.0,30525.0,37.0,0.10719999999964386,30.75,32.5625,36.97000000000003,0.0,0.0,0.0,0.0,0.0,20.0,0.3,0.1,0.2,0.1,0.4,0.1,0.1,0.1,0.5,0.0,65535.0,0.106157015335317,0.0,65535.0,0.036911573968108645,0.0,0.0,0.0,0.0,0.0,0.0,0.0,0.0,0.0,0.0
25587.28,0.9967386475006812,0.0,30525.0,37.0,0.12809999999963906,30.75,32.625,36.79000000000002,0.0,0.0,0.0,0.0,0.0,20.0,0.3,0.1,0.2,0.1,0.4,0.1,0.1,0.1,0.5,0.0,65535.0,0.10580605783169299,0.0,65535.0,0.037094682230869,0.0,0.0,0.0,0.0,0.0,0.0,0.0,0.0,0.0,0.0
25647.35,0.997432330835596,0.0,30525.0,37.0,0.1459999999996336,30.8125,32.5625,36.89000000000004,0.0,0.0,0.0,0.0,0.0,20.0,0.3,0.1,0.2,0.1,0.4,0.1,0.1,0.1,0.5,0.0,65535.0,0.10554665445944915,0.0,65535.0,0.03680476081483177,0.0,0.0,0.0,0.0,0.0,0.0,0.0,0.0,0.0,0.0
25707.41,1.0301032865801663,0.0,30525.0,37.0,0.2257999999996355,30.75,32.625,36.97000000000003,0.0,0.0,0.0,0.0,0.0,20.0,0.3,0.1,0.2,0.1,0.4,0.1,0.1,0.1,0.5,0.0,65535.0,0.10606546120393683,0.0,65535.0,0.037415121690699625,0.0,0.0,0.0,0.0,0.0,0.0,0.0,0.0,0.0,0.0
25767.48,1.0034611141955856,0.0,30525.0,37.0,0.1233999999996408,30.75,32.625,36.89000000000004,0.0,0.0,0.0,0.0,0.0,20.0,0.3,0.1,0.2,0.1,0.4,0.1,0.1,0.1,0.5,0.0,65535.0,0.10652323186083772,0.0,65535.0,0.03743038071259632,0.0,0.0,0.0,0.0,0.0,0.0,0.0,0.0,0.0,0.0
25827.54,0.9894880161213893,0.0,30525.0,37.0,0.10629999999963957,30.6875,32.625,36.97000000000003,0.0,0.0,0.0,0.0,0.0,20.0,0.3,0.1,0.2,0.1,0.4,0.1,0.1,0.1,0.5,0.0,65535.0,0.10568398565651942,0.0,65535.0,0.036911573968108645,0.0,0.0,0.0,0.0,0.0,0.0,0.0,0.0,0.0,0.0
25887.65,0.9977824476023794,0.0,30525.0,37.0,0.17959999999963144,30.6875,32.5625,36.85000000000002,0.0,0.0,0.0,0.0,0.0,20.0,0.3,0.1,0.2,0.1,0.4,0.1,0.1,0.1,0.5,0.0,65535.0,0.10545510032806897,0.0,65535.0,0.03714045929655909,0.0,0.0,0.0,0.0,0.0,0.0,0.0,0.0,0.0,0.0
25947.7,0.9802216037966563,0.0,30525.0,37.0,0.1448999999996337,30.75,32.5625,36.950000000000045,0.0,0.0,0.0,0.0,0.0,20.0,0.3,0.1,0.2,0.1,0.4,0.1,0.1,0.1,0.5,0.0,65535.0,0.10559243152513924,0.0,65535.0,0.037369344625009536,0.0,0.0,0.0,0.0,0.0,0.0,0.0,0.0,0.0,0.0
26007.77,1.0180975181298058,0.0,30525.0,37.0,0.12279999999963703,30.75,32.625,36.93000000000001,0.0,0.0,0.0,0.0,0.0,20.0,0.3,0.1,0.2,0.1,0.4,0.1,0.1,0.1,0.5,0.0,65535.0,0.10589761196307317,0.0,65535.0,0.036743724727244985,0.0,0.0,0.0,0.0,0.0,0.0,0.0,0.0,0.0,0.0
26067.83,1.0106707145162253,0.0,30525.0,37.0,0.1344999999996372,30.75,32.5625,36.93000000000001,0.0,0.0,0.0,0.0,0.0,20.0,0.3,0.1,0.2,0.1,0.4,0.1,0.1,0.1,0.5,0.0,65535.0,0.10614175631342031,0.0,65535.0,0.03694209201190204,0.0,0.0,0.0,0.0,0.0,0.0,0.0,0.0,0.0,0.0
26127.91,1.0174416031275395,0.0,30525.0,37.0,0.1898999999996337,30.6875,32.5625,36.89000000000004,0.0,0.0,0.0,0.0,0.0,20.0,0.3,0.1,0.2,0.1,0.4,0.1,0.1,0.1,0.5,0.0,65535.0,0.10499732967116808,0.0,65535.0,0.0366826886396582,0.0,0.0,0.0,0.0,0.0,0.0,0.0,0.0,0.0,0.0
26187.97,1.025224074972239,0.0,30525.0,37.0,0.15899999999963166,30.6875,32.5625,36.97000000000003,0.0,0.0,0.0,0.0,0.0,20.0,0.3,0.1,0.2,0.1,0.4,0.1,0.1,0.1,0.5,0.0,65535.0,0.10589761196307317,0.0,65535.0,0.03743038071259632,0.0,0.0,0.0,0.0,0.0,0.0,0.0,0.0,0.0,0.0
26248.03,0.986842888104045,0.0,30525.0,37.0,0.1816999999996269,30.75,32.5625,36.950000000000045,0.0,0.0,0.0,0.0,0.0,20.0,0.3,0.1,0.2,0.1,0.4,0.1,0.1,0.1,0.5,0.0,65535.0,0.10595864805065995,0.0,65535.0,0.036957351033798734,0.0,0.0,0.0,0.0,0.0,0.0,0.0,0.0,0.0,0.0
26308.08,1.0090363330766188,0.0,30525.0,37.0,0.14369999999962962,30.75,32.5625,36.870000000000005,0.0,0.0,0.0,0.0,0.0,20.0,0.3,0.1,0.2,0.1,0.4,0.1,0.1,0.1,0.5,0.0,65535.0,0.1061875333791104,0.0,65535.0,0.03772030212863355,0.0,0.0,0.0,0.0,0.0,0.0,0.0,0.0,0.0,0.0
26368.15,0.9988286088340241,0.0,30525.0,37.0,0.16249999999962417,30.75,32.625,37.03000000000003,0.0,0.0,0.0,0.0,0.0,20.0,0.3,0.1,0.2,0.1,0.4,0.1,0.1,0.1,0.5,0.0,65535.0,0.10632486457618066,0.0,65535.0,0.03718623636224918,0.0,0.0,0.0,0.0,0.0,0.0,0.0,0.0,0.0,0.0
26428.22,1.002094901678192,0.0,30525.0,37.0,0.12599999999962638,30.75,32.5625,36.93000000000001,0.0,0.0,0.0,0.0,0.0,20.0,0.3,0.1,0.2,0.1,0.4,0.1,0.1,0.1,0.5,0.0,65535.0,0.1066147859922179,0.0,65535.0,0.03755245288776989,0.0,0.0,0.0,0.0,0.0,0.0,0.0,0.0,0.0,0.0
26488.29,0.9933397705304801,0.0,30525.0,37.0,0.20049999999963308,30.75,32.5625,36.97000000000003,0.0,0.0,0.0,0.0,0.0,20.0,0.3,0.1,0.2,0.1,0.4,0.1,0.1,0.1,0.5,0.0,65535.0,0.10708781567101548,0.0,65535.0,0.038117036697947665,0.0,0.0,0.0,0.0,0.0,0.0,0.0,0.0,0.0,0.0
26548.35,1.0027315432614683,0.0,30525.0,37.0,0.1648999999996211,30.75,32.5625,37.110000000000014,0.0,0.0,0.0,0.0,0.0,20.0,0.3,0.1,0.2,0.1,0.4,0.1,0.1,0.1,0.5,0.0,65535.0,0.10644693675135423,0.0,65535.0,0.03727779049362936,0.0,0.0,0.0,0.0,0.0,0.0,0.0,0.0,0.0,0.0
26608.4,1.0014276714891805,0.0,30525.0,37.0,0.16489999999962024,30.625,32.5625,36.85000000000002,0.0,0.0,0.0,0.0,0.0,20.0,0.3,0.1,0.2,0.1,0.4,0.1,0.1,0.1,0.5,0.0,65535.0,0.10720988784618905,0.0,65535.0,0.03761348897535668,0.0,0.0,0.0,0.0,0.0,0.0,0.0,0.0,0.0,0.0
26668.44,0.9966932498661396,0.0,30525.0,37.0,0.13839999999962843,30.6875,32.5625,37.03000000000003,0.0,0.0,0.0,0.0,0.0,20.0,0.3,0.1,0.2,0.1,0.4,0.1,0.1,0.1,0.5,0.0,65535.0,0.10644693675135423,0.0,65535.0,0.03723201342793927,0.0,0.0,0.0,0.0,0.0,0.0,0.0,0.0,0.0,0.0
26728.47,1.0063078916545498,0.0,30525.0,37.0,0.18169999999961917,30.6875,32.5625,36.79000000000002,0.0,0.0,0.0,0.0,0.0,20.0,0.3,0.1,0.2,0.1,0.4,0.1,0.1,0.1,0.5,0.0,65535.0,0.10652323186083772,0.0,65535.0,0.037201495384145876,0.0,0.0,0.0,0.0,0.0,0.0,0.0,0.0,0.0,0.0
26788.51,0.9921410772412305,0.0,30525.0,37.0,0.19259999999962346,30.75,32.5,37.09000000000003,0.0,0.0,0.0,0.0,0.0,20.0,0.3,0.1,0.2,0.1,0.4,0.1,0.1,0.1,0.5,0.0,65535.0,0.10627908751049057,0.0,65535.0,0.037369344625009536,0.0,0.0,0.0,0.0,0.0,0.0,0.0,0.0,0.0,0.0
26848.57,1.0058794047767088,0.0,30525.0,37.0,0.14019999999962593,30.6875,32.5625,37.170000000000016,0.0,0.0,0.0,0.0,0.0,20.0,0.3,0.1,0.2,0.1,0.4,0.1,0.1,0.1,0.5,0.0,65535.0,0.10762188143739987,0.0,65535.0,0.03767452506294346,0.0,0.0,0.0,0.0,0.0,0.0,0.0,0.0,0.0,0.0
26908.64,0.9908288255330132,0.0,30525.0,37.0,0.10099999999961382,30.6875,32.5625,36.97000000000003,0.0,0.0,0.0,0.0,0.0,20.0,0.3,0.1,0.2,0.1,0.4,0.1,0.1,0.1,0.5,0.0,65535.0,0.107011520561532,0.0,65535.0,0.03756771190966659,0.0,0.0,0.0,0.0,0.0,0.0,0.0,0.0,0.0,0.0
26968.71,1.0036425813667,0.0,30525.0,37.0,0.20899999999961677,30.75,32.5625,36.85000000000002,0.0,0.0,0.0,0.0,0.0,20.0,0.3,0.1,0.2,0.1,0.4,0.1,0.1,0.1,0.5,0.0,65535.0,0.10696574349584191,0.0,65535.0,0.03759822995345998,0.0,0.0,0.0,0.0,0.0,0.0,0.0,0.0,0.0,0.0
27028.79,1.0023349777739536,0.0,30525.0,37.0,0.1601999999996185,30.625,32.5625,37.03000000000003,0.0,0.0,0.0,0.0,0.0,20.0,0.3,0.1,0.2,0.1,0.4,0.1,0.1,0.1,0.5,0.0,65535.0,0.10756084534981308,0.0,65535.0,0.037582970931563285,0.0,0.0,0.0,0.0,0.0,0.0,0.0,0.0,0.0,0.0
27088.86,1.0226688296190514,0.0,30525.0,37.0,0.10719999999962065,30.75,32.5,36.97000000000003,0.0,0.0,0.0,0.0,0.0,20.0,0.3,0.1,0.2,0.1,0.4,0.1,0.1,0.1,0.5,0.0,65535.0,0.10768291752498665,0.0,65535.0,0.037537193865873196,0.0,0.0,0.0,0.0,0.0,0.0,0.0,0.0,0.0,0.0
27148.9,1.0171231355314383,0.0,30525.0,37.0,0.1265999999996155,30.8125,32.5,36.79000000000002,0.0,0.0,0.0,0.0,0.0,20.0,0.3,0.1,0.2,0.1,0.4,0.1,0.1,0.1,0.5,0.0,65535.0,0.10722514686808575,0.0,65535.0,0.03756771190966659,0.0,0.0,0.0,0.0,0.0,0.0,0.0,0.0,0.0,0.0
27209.01,1.0060005855986538,0.0,30525.0,37.0,0.16279999999961098,30.75,32.5625,36.79000000000002,0.0,0.0,0.0,0.0,0.0,20.0,0.3,0.1,0.2,0.1,0.4,0.1,0.1,0.1,0.5,0.0,65535.0,0.1074845502403296,0.0,65535.0,0.037582970931563285,0.0,0.0,0.0,0.0,0.0,0.0,0.0,0.0,0.0,0.0
27269.08,1.0014155532347795,0.0,30525.0,37.0,0.1262999999996132,30.625,32.5625,36.93000000000001,0.0,0.0,0.0,0.0,0.0,20.0,0.3,0.1,0.2,0.1,0.4,0.1,0.1,0.1,0.5,0.0,65535.0,0.107515068284123,0.0,65535.0,0.03768978408484016,0.0,0.0,0.0,0.0,0.0,0.0,0.0,0.0,0.0,0.0
27329.15,0.9874582907931148,0.0,30525.0,37.0,0.12039999999961684,30.75,32.5625,36.77000000000004,0.0,0.0,0.0,0.0,0.0,20.0,0.3,0.1,0.2,0.1,0.4,0.1,0.1,0.1,0.5,0.0,65535.0,0.10716411078049896,0.0,65535.0,0.03778133821622034,0.0,0.0,0.0,0.0,0.0,0.0,0.0,0.0,0.0,0.0
27389.23,0.9864052541064254,0.0,30525.0,37.0,0.14479999999960716,30.5625,32.5625,36.81,0.0,0.0,0.0,0.0,0.0,20.0,0.3,0.1,0.2,0.1,0.4,0.1,0.1,0.1,0.5,0.0,65535.0,0.10705729762722209,0.0,65535.0,0.03773556115053025,0.0,0.0,0.0,0.0,0.0,0.0,0.0,0.0,0.0,0.0
27449.3,0.9949234394204043,0.0,30525.0,37.0,0.12329999999960994,30.625,32.5,36.85000000000002,0.0,0.0,0.0,0.0,0.0,20.0,0.3,0.1,0.2,0.1,0.4,0.1,0.1,0.1,0.5,0.0,65535.0,0.10769817654688335,0.0,65535.0,0.03776607919432364,0.0,0.0,0.0,0.0,0.0,0.0,0.0,0.0,0.0,0.0
27509.34,0.980442223177449,0.0,30525.0,37.0,0.1968999999996166,30.625,32.5,36.79000000000002,0.0,0.0,0.0,0.0,0.0,20.0,0.3,0.1,0.2,0.1,0.4,0.1,0.1,0.1,0.5,0.0,65535.0,0.10673685816739147,0.0,65535.0,0.037582970931563285,0.0,0.0,0.0,0.0,0.0,0.0,0.0,0.0,0.0,0.0
27569.38,1.0032425101550912,0.0,30525.0,37.0,0.18579999999961588,30.6875,32.5625,36.950000000000045,0.0,0.0,0.0,0.0,0.0,20.0,0.3,0.1,0.2,0.1,0.4,0.1,0.1,0.1,0.5,0.0,65535.0,0.10775921263447014,0.0,65535.0,0.037964446478980694,0.0,0.0,0.0,0.0,0.0,0.0,0.0,0.0,0.0,0.0
27629.46,0.9956681709187454,0.0,30525.0,37.0,0.12339999999961324,30.625,32.5,36.950000000000045,0.0,0.0,0.0,0.0,0.0,20.0,0.3,0.1,0.2,0.1,0.4,0.1,0.1,0.1,0.5,0.0,65535.0,0.10788128480964371,0.0,65535.0,0.037750820172426945,0.0,0.0,0.0,0.0,0.0,0.0,0.0,0.0,0.0,0.0
27689.51,1.0004488420723356,0.0,30525.0,37.0,0.15109999999960397,30.75,32.5625,36.81,0.0,0.0,0.0,0.0,0.0,20.0,0.3,0.1,0.2,0.1,0.4,0.1,0.1,0.1,0.5,0.0,65535.0,0.10759136339360648,0.0,65535.0,0.03781185626001373,0.0,0.0,0.0,0.0,0.0,0.0,0.0,0.0,0.0,0.0
27749.54,0.9898787234628866,0.0,30525.0,37.0,0.16669999999960314,30.75,32.5625,36.97000000000003,0.0,0.0,0.0,0.0,0.0,20.0,0.3,0.1,0.2,0.1,0.4,0.1,0.1,0.1,0.5,0.0,65535.0,0.1079118028534371,0.0,65535.0,0.03817807278553445,0.0,0.0,0.0,0.0,0.0,0.0,0.0,0.0,0.0,0.0
27809.62,1.0142657369121464,0.0,30525.0,37.0,0.139599999999611,30.6875,32.5,37.110000000000014,0.0,0.0,0.0,0.0,0.0,20.0,0.3,0.1,0.2,0.1,0.4,0.1,0.1,0.1,0.5,0.0,65535.0,0.10847638666361487,0.0,65535.0,0.03768978408484016,0.0,0.0,0.0,0.0,0.0,0.0,0.0,0.0,0.0,0.0
27869.69,1.0002316254669978,0.0,30525.0,37.0,0.1836999999996118,30.5625,32.5625,36.93000000000001,0.0,0.0,0.0,0.0,0.0,20.0,0.3,0.1,0.2,0.1,0.4,0.1,0.1,0.1,0.5,0.0,65535.0,0.10844586861982147,0.0,65535.0,0.03807125963225757,0.0,0.0,0.0,0.0,0.0,0.0,0.0,0.0,0.0,0.0
27929.74,1.0092528389416808,0.0,30525.0,37.0,0.16079999999960506,30.6875,32.5625,36.81,0.0,0.0,0.0,0.0,0.0,20.0,0.3,0.1,0.2,0.1,0.4,0.1,0.1,0.1,0.5,0.0,65535.0,0.10913252460517281,0.0,65535.0,0.03871213855191882,0.0,0.0,0.0,0.0,0.0,0.0,0.0,0.0,0.0,0.0
27989.79,1.000720692016655,0.0,30525.0,37.0,0.14929999999959875,30.6875,32.5625,36.77000000000004,0.0,0.0,0.0,0.0,0.0,20.0,0.3,0.1,0.2,0.1,0.4,0.1,0.1,0.1,0.5,0.0,65535.0,0.10811017013809415,0.0,65535.0,0.03836118104829481,0.0,0.0,0.0,0.0,0.0,0.0,0.0,0.0,0.0,0.0
28049.84,1.0030292553319584,0.0,30525.0,37.0,0.16249999999959838,30.5625,32.5,36.77000000000004,0.0,0.0,0.0,0.0,0.0,20.0,0.3,0.1,0.2,0.1,0.4,0.1,0.1,0.1,0.5,0.0,65535.0,0.10849164568551156,0.0,65535.0,0.038284885938811325,0.0,0.0,0.0,0.0,0.0,0.0,0.0,0.0,0.0,0.0
28109.88,1.0036965632829962,0.0,30525.0,37.0,0.16309999999959698,30.75,32.5,36.950000000000045,0.0,0.0,0.0,0.0,0.0,20.0,0.3,0.1,0.2,0.1,0.4,0.1,0.1,0.1,0.5,0.0,65535.0,0.10855268177309835,0.0,65535.0,0.038040741588464176,0.0,0.0,0.0,0.0,0.0,0.0,0.0,0.0,0.0,0.0
28169.95,1.0071842320360125,0.0,30525.0,37.0,0.13659999999960518,30.6875,32.5,36.89000000000004,0.0,0.0,0.0,0.0,0.0,20.0,0.3,0.1,0.2,0.1,0.4,0.1,0.1,0.1,0.5,0.0,65535.0,0.10807965209430076,0.0,65535.0,0.03808651865415427,0.0,0.0,0.0,0.0,0.0,0.0,0.0,0.0,0.0,0.0
28230.02,1.010556410147561,0.0,30525.0,37.0,0.2086999999995973,30.8125,32.5,36.950000000000045,0.0,0.0,0.0,0.0,0.0,20.0,0.3,0.1,0.2,0.1,0.4,0.1,0.1,0.1,0.5,0.0,65535.0,0.10829327840085451,0.0,65535.0,0.0383916990920882,0.0,0.0,0.0,0.0,0.0,0.0,0.0,0.0,0.0,0.0
28290.11,1.0230055946422991,0.0,30525.0,37.0,0.15869999999959927,30.6875,32.5,36.89000000000004,0.0,0.0,0.0,0.0,0.0,20.0,0.3,0.1,0.2,0.1,0.4,0.1,0.1,0.1,0.5,0.0,65535.0,0.10841535057602808,0.0,65535.0,0.03831540398260472,0.0,0.0,0.0,0.0,0.0,0.0,0.0,0.0,0.0,0.0
28350.19,1.0303797484601604,0.0,30525.0,37.0,0.14839999999959275,30.625,32.5625,36.97000000000003,0.0,0.0,0.0,0.0,0.0,20.0,0.3,0.1,0.2,0.1,0.4,0.1,0.1,0.1,0.5,0.0,65535.0,0.10856794079499504,0.0,65535.0,0.03854428931105516,0.0,0.0,0.0,0.0,0.0,0.0,0.0,0.0,0.0,0.0
28410.26,0.9996584764057721,0.0,30525.0,37.0,0.12869999999959558,30.6875,32.5,36.97000000000003,0.0,0.0,0.0,0.0,0.0,20.0,0.3,0.1,0.2,0.1,0.4,0.1,0.1,0.1,0.5,0.0,65535.0,0.10844586861982147,0.0,65535.0,0.03868162050812543,0.0,0.0,0.0,0.0,0.0,0.0,0.0,0.0,0.0,0.0
28470.34,1.0055726307411126,0.0,30525.0,37.0,0.1880999999995967,30.6875,32.5625,36.710000000000036,0.0,0.0,0.0,0.0,0.0,20.0,0.3,0.1,0.2,0.1,0.4,0.1,0.1,0.1,0.5,0.0,65535.0,0.10922407873655299,0.0,65535.0,0.03871213855191882,0.0,0.0,0.0,0.0,0.0,0.0,0.0,0.0,0.0,0.0
28530.44,1.0216693086496371,0.0,30525.0,37.0,0.15959999999959504,30.6875,32.5,37.01000000000005,0.0,0.0,0.0,0.0,0.0,20.0,0.3,0.1,0.2,0.1,0.4,0.1,0.1,0.1,0.5,0.0,65535.0,0.10902571145189593,0.0,65535.0,0.038574807354848556,0.0,0.0,0.0,0.0,0.0,0.0,0.0,0.0,0.0,0.0
28590.52,1.0035388507512732,0.0,30525.0,37.0,0.14489999999959333,30.625,32.5,37.09000000000003,0.0,0.0,0.0,0.0,0.0,20.0,0.3,0.1,0.2,0.1,0.4,0.1,0.1,0.1,0.5,0.0,65535.0,0.1095902952620737,0.0,65535.0,0.038452735179674985,0.0,0.0,0.0,0.0,0.0,0.0,0.0,0.0,0.0,0.0
28650.59,1.0209923689961578,0.0,30525.0,37.0,0.21319999999958977,30.625,32.5,36.93000000000001,0.0,0.0,0.0,0.0,0.0,20.0,0.3,0.1,0.2,0.1,0.4,0.1,0.1,0.1,0.5,0.0,65535.0,0.10933089188982986,0.0,65535.0,0.03848325322346838,0.0,0.0,0.0,0.0,0.0,0.0,0.0,0.0,0.0,0.0
28710.68,1.0195727514273145,0.0,30525.0,37.0,0.16729999999958717,30.75,32.5625,37.01000000000005,0.0,0.0,0.0,0.0,0.0,20.0,0.3,0.1,0.2,0.1,0.4,0.1,0.1,0.1,0.5,0.0,65535.0,0.10977340352483406,0.0,65535.0,0.03852903028915847,0.0,0.0,0.0,0.0,0.0,0.0,0.0,0.0,0.0,0.0
28770.74,1.0240894336381494,0.0,30525.0,37.0,0.14079999999959536,30.75,32.5625,36.85000000000002,0.0,0.0,0.0,0.0,0.0,20.0,0.3,0.1,0.2,0.1,0.4,0.1,0.1,0.1,0.5,0.0,65535.0,0.10940718699931334,0.0,65535.0,0.03831540398260472,0.0,0.0,0.0,0.0,0.0,0.0,0.0,0.0,0.0,0.0
28830.79,1.0213420261559767,0.0,30525.0,37.0,0.14369999999959016,30.6875,32.5,36.93000000000001,0.0,0.0,0.0,0.0,0.0,20.0,0.3,0.1,0.2,0.1,0.4,0.1,0.1,0.1,0.5,0.0,65535.0,0.10888838025482567,0.0,65535.0,0.03875791561760891,0.0,0.0,0.0,0.0,0.0,0.0,0.0,0.0,0.0,0.0
28890.86,1.0224871963109547,0.0,30525.0,37.0,0.1032999999995925,30.75,32.5,36.870000000000005,0.0,0.0046,0.25,0.0,0.0,20.0,0.3,0.1,0.2,0.1,0.4,0.1,0.1,0.1,0.5,0.0,65535.0,0.10955977721828031,0.0,65535.0,0.03851377126726177,0.0,0.0,0.0,0.0,0.0,0.0,0.0,0.0,0.0,0.0
28950.92,1.0054948613202053,0.0,30525.0,37.0,0.2976499999995883,30.625,32.5625,36.47000000000003,0.0,0.0,0.0,0.0,0.0,20.0,0.3,0.1,0.2,0.1,0.4,0.1,0.1,0.1,0.5,0.0,65535.0,0.10655374990463111,0.0,65535.0,0.03744563973449302,0.0,0.0,0.0,0.0,0.0,0.0,0.0,0.0,0.0,0.0
29010.99,0.9875094961432147,0.0,30525.0,37.0,0.18369999999959327,30.625,32.5625,36.77000000000004,0.0,0.0,0.0,0.0,0.0,20.0,0.3,0.1,0.2,0.1,0.4,0.1,0.1,0.1,0.5,0.0,65535.0,0.10638590066376745,0.0,65535.0,0.037872892347600516,0.0,0.0,0.0,0.0,0.0,0.0,0.0,0.0,0.0,0.0
29071.06,1.0111569620951713,0.0,30525.0,37.0,0.16279999999958217,30.6875,32.5,36.950000000000045,0.0,0.0,0.0,0.0,0.0,20.0,0.3,0.1,0.2,0.1,0.4,0.1,0.1,0.1,0.5,0.0,65535.0,0.1065995269703212,0.0,65535.0,0.03826962691691463,0.0,0.0,0.0,0.0,0.0,0.0,0.0,0.0,0.0,0.0
29131.13,0.9871964469463166,0.0,30525.0,37.0,0.1500999999995903,30.6875,32.5,37.03000000000003,0.0,0.0,0.0,0.0,0.0,20.0,0.3,0.1,0.2,0.1,0.4,0.1,0.1,0.1,0.5,0.0,65535.0,0.10780498970016023,0.0,65535.0,0.03820859082932784,0.0,0.0,0.0,0.0,0.0,0.0,0.0,0.0,0.0,0.0
29191.21,0.9896814353482771,0.0,30525.0,37.0,0.1556999999995852,30.75,32.5625,37.05000000000001,0.0,0.0,0.0,0.0,0.0,20.0,0.3,0.1,0.2,0.1,0.4,0.1,0.1,0.1,0.5,0.0,65535.0,0.10679789425497825,0.0,65535.0,0.03799496452277409,0.0,0.0,0.0,0.0,0.0,0.0,0.0,0.0,0.0,0.0
29251.27,0.9859343559038745,0.0,30525.0,37.0,0.13799999999958365,30.6875,32.5,37.210000000000036,0.0,0.0,0.0,0.0,0.0,20.0,0.3,0.1,0.2,0.1,0.4,0.1,0.1,0.1,0.5,0.0,65535.0,0.10725566491187914,0.0,65535.0,0.0379339284351873,0.0,0.0,0.0,0.0,0.0,0.0,0.0,0.0,0.0,0.0
29311.31,1.0008324331589677,0.0,30525.0,37.0,0.09049999999957567,30.6875,32.5625,37.09000000000003,0.0,0.0,0.0,0.0,0.0,20.0,0.3,0.1,0.2,0.1,0.4,0.1,0.1,0.1,0.5,0.0,65535.0,0.10725566491187914,0.0,65535.0,0.03790341039139391,0.0,0.0,0.0,0.0,0.0,0.0,0.0,0.0,0.0,0.0
29371.37,1.0142909662416653,0.0,30525.0,37.0,0.18049999999957822,30.6875,32.5625,36.610000000000014,0.0,0.0,0.0,0.0,0.0,20.0,0.3,0.1,0.2,0.1,0.4,0.1,0.1,0.1,0.5,0.0,65535.0,0.10820172426947433,0.0,65535.0,0.037872892347600516,0.0,0.0,0.0,0.0,0.0,0.0,0.0,0.0,0.0,0.0
29431.43,0.9868757267932232,0.0,30525.0,37.0,0.21679999999957875,30.625,32.5625,36.77000000000004,0.0,0.0,0.0,0.0,0.0,20.0,0.3,0.1,0.2,0.1,0.4,0.1,0.1,0.1,0.5,0.0,65535.0,0.10824750133516442,0.0,65535.0,0.037872892347600516,0.0,0.0,0.0,0.0,0.0,0.0,0.0,0.0,0.0,0.0
29491.5,1.0105155500561802,0.0,30525.0,37.0,0.10199999999957857,30.75,32.5625,36.97000000000003,0.0,0.0,0.0,0.0,0.0,20.0,0.3,0.1,0.2,0.1,0.4,0.1,0.1,0.1,0.5,0.0,65535.0,0.10708781567101548,0.0,65535.0,0.038620584420538645,0.0,0.0,0.0,0.0,0.0,0.0,0.0,0.0,0.0,0.0
29551.58,1.0046137753693354,0.0,30525.0,37.0,0.16699999999957543,30.8125,32.5,36.870000000000005,0.0,0.0,0.0,0.0,0.0,20.0,0.3,0.1,0.2,0.1,0.4,0.1,0.1,0.1,0.5,0.0,65535.0,0.10745403219653621,0.0,65535.0,0.038117036697947665,0.0,0.0,0.0,0.0,0.0,0.0,0.0,0.0,0.0,0.0
29611.65,0.9792967673401132,0.0,30525.0,37.0,0.18729999999958538,30.6875,32.5625,36.870000000000005,0.0,0.0,0.0,0.0,0.0,20.0,0.3,0.1,0.2,0.1,0.4,0.1,0.1,0.1,0.5,0.0,65535.0,0.1074998092622263,0.0,65535.0,0.03852903028915847,0.0,0.0,0.0,0.0,0.0,0.0,0.0,0.0,0.0,0.0
29671.72,1.0052885627097956,0.0,30525.0,37.0,0.17439999999958458,30.75,32.5,36.77000000000004,0.0,0.0,0.0,0.0,0.0,20.0,0.3,0.1,0.2,0.1,0.4,0.1,0.1,0.1,0.5,0.0,65535.0,0.10786602578774701,0.0,65535.0,0.03909361409933623,0.0,0.0,0.0,0.0,0.0,0.0,0.0,0.0,0.0,0.0
29731.8,1.0258204299109699,0.0,30525.0,37.0,0.14349999999958257,30.75,32.5,36.97000000000003,0.0,0.0,0.0,0.0,0.0,20.0,0.3,0.1,0.2,0.1,0.4,0.1,0.1,0.1,0.5,0.0,65535.0,0.10811017013809415,0.0,65535.0,0.038834210727092394,0.0,0.0,0.0,0.0,0.0,0.0,0.0,0.0,0.0,0.0
29791.88,1.0090257316952498,0.0,30525.0,37.0,0.10779999999958065,30.75,32.5,36.93000000000001,0.0,0.0,0.0,0.0,0.0,20.0,0.3,0.1,0.2,0.1,0.4,0.1,0.1,0.1,0.5,0.0,65535.0,0.10803387502861067,0.0,65535.0,0.03860532539864195,0.0,0.0,0.0,0.0,0.0,0.0,0.0,0.0,0.0,0.0
29851.96,0.9781338969814739,0.0,30525.0,37.0,0.17929999999957247,30.625,32.5,36.710000000000036,0.0,0.0,0.0,0.0,0.0,20.0,0.3,0.1,0.2,0.1,0.4,0.1,0.1,0.1,0.5,0.0,65535.0,0.10899519340810254,0.0,65535.0,0.039124132143129625,0.0,0.0,0.0,0.0,0.0,0.0,0.0,0.0,0.0,0.0
29912.01,1.0084310342231406,0.0,30525.0,37.0,0.16959999999958128,30.8125,32.5625,36.870000000000005,0.0,0.0,0.0,0.0,0.0,20.0,0.3,0.1,0.2,0.1,0.4,0.1,0.1,0.1,0.5,0.0,65535.0,0.1087357900358587,0.0,65535.0,0.03930724040588998,0.0,0.0,0.0,0.0,0.0,0.0,0.0,0.0,0.0,0.0
29972.09,1.0023316031775371,0.0,30525.0,37.0,0.17869999999957129,30.75,32.5,36.81,0.0,0.0,0.0,0.0,0.0,20.0,0.3,0.1,0.2,0.1,0.4,0.1,0.1,0.1,0.5,0.0,65535.0,0.10769817654688335,0.0,65535.0,0.03918516823071641,0.0,0.0,0.0,0.0,0.0,0.0,0.0,0.0,0.0,0.0
30032.16,0.9654583061030322,0.0,30525.0,37.0,0.16929999999957981,30.75,32.5625,36.79000000000002,0.0,0.0,0.0,0.0,0.0,20.0,0.3,0.1,0.2,0.1,0.4,0.1,0.1,0.1,0.5,0.0,65535.0,0.10815594720378424,0.0,65535.0,0.039337758449683374,0.0,0.0,0.0,0.0,0.0,0.0,0.0,0.0,0.0,0.0
30092.24,1.01652499521076,0.0,30525.0,37.0,0.14429999999957327,30.6875,32.5,36.89000000000004,0.0,0.0,0.0,0.0,0.0,20.0,0.3,0.1,0.2,0.1,0.4,0.1,0.1,0.1,0.5,0.0,65535.0,0.10786602578774701,0.0,65535.0,0.03918516823071641,0.0,0.0,0.0,0.0,0.0,0.0,0.0,0.0,0.0,0.0
30152.31,1.0022529013321608,0.0,30525.0,37.0,0.17019999999957813,30.6875,32.5,36.77000000000004,0.0,0.0,0.0,0.0,0.0,20.0,0.3,0.1,0.2,0.1,0.4,0.1,0.1,0.1,0.5,0.0,65535.0,0.10821698329137103,0.0,65535.0,0.03952086671244373,0.0,0.0,0.0,0.0,0.0,0.0,0.0,0.0,0.0,0.0
30212.38,1.0135143156984021,0.0,30525.0,37.0,0.10399999999956472,30.75,32.5,37.13000000000005,0.0,0.0,0.0,0.0,0.0,20.0,0.3,0.1,0.2,0.1,0.4,0.1,0.1,0.1,0.5,0.0,65535.0,0.10930037384603647,0.0,65535.0,0.039505607690547034,0.0,0.0,0.0,0.0,0.0,0.0,0.0,0.0,0.0,0.0
30272.45,1.0135909259904765,0.0,30525.0,37.0,0.15899999999957068,30.6875,32.5,36.81,0.0,0.0,0.0,0.0,0.0,20.0,0.3,0.1,0.2,0.1,0.4,0.1,0.1,0.1,0.5,0.0,65535.0,0.1091630426489662,0.0,65535.0,0.040009155413138014,0.0,0.0,0.0,0.0,0.0,0.0,0.0,0.0,0.0,0.0
30332.53,1.0060047426504477,0.0,30525.0,37.0,0.19349999999957115,30.75,32.5625,37.03000000000003,0.0,0.0,0.0,0.0,0.0,20.0,0.3,0.1,0.2,0.1,0.4,0.1,0.1,0.1,0.5,0.0,65535.0,0.10896467536430915,0.0,65535.0,0.03949034866865034,0.0,0.0,0.0,0.0,0.0,0.0,0.0,0.0,0.0,0.0
30392.6,1.0023736676762611,0.0,30525.0,37.0,0.1001999999995665,30.8125,32.5,37.03000000000003,0.0,0.0,0.0,0.0,0.0,20.0,0.3,0.1,0.2,0.1,0.4,0.1,0.1,0.1,0.5,0.0,65535.0,0.10840009155413138,0.0,65535.0,0.039917601281757836,0.0,0.0,0.0,0.0,0.0,0.0,0.0,0.0,0.0,0.0
30452.67,0.9704243028520319,0.0,30525.0,37.0,0.1704999999995736,30.75,32.5,37.09000000000003,0.0,0.0,0.0,0.0,0.0,20.0,0.3,0.1,0.2,0.1,0.4,0.1,0.1,0.1,0.5,0.0,65535.0,0.10954451819638361,0.0,65535.0,0.039749752040894176,0.0,0.0,0.0,0.0,0.0,0.0,0.0,0.0,0.0,0.0
30512.74,0.9911234487569254,0.0,30525.0,37.0,0.14489999999956676,30.75,32.5,36.81,0.0,0.0,0.0,0.0,0.0,20.0,0.3,0.1,0.2,0.1,0.4,0.1,0.1,0.1,0.5,0.0,65535.0,0.10806439307240406,0.0,65535.0,0.04019226367589838,0.0,0.0,0.0,0.0,0.0,0.0,0.0,0.0,0.0,0.0
30572.82,0.9918149492500205,0.0,30525.0,37.0,0.14019999999957103,30.875,32.5,36.85000000000002,0.0,0.0,0.0,0.0,0.0,20.0,0.3,0.1,0.2,0.1,0.4,0.1,0.1,0.1,0.5,0.0,65535.0,0.10891889829861906,0.0,65535.0,0.04019226367589838,0.0,0.0,0.0,0.0,0.0,0.0,0.0,0.0,0.0,0.0
30632.88,0.9747307089122907,0.0,30525.0,37.0,0.12189999999957005,30.8125,32.5,37.03000000000003,0.0,0.0,0.0,0.0,0.0,20.0,0.3,0.1,0.2,0.1,0.4,0.1,0.1,0.1,0.5,0.0,65535.0,0.10879682612344549,0.0,65535.0,0.04036011291676204,0.0,0.0,0.0,0.0,0.0,0.0,0.0,0.0,0.0,0.0
30692.96,1.0070146746841677,0.0,30525.0,37.0,0.14869999999956074,30.75,32.5,36.81,0.0,0.0,0.0,0.0,0.0,20.0,0.3,0.1,0.2,0.1,0.4,0.1,0.1,0.1,0.5,0.0,65535.0,0.10946822308690013,0.0,65535.0,0.040711070420386054,0.0,0.0,0.0,0.0,0.0,0.0,0.0,0.0,0.0,0.0
30753.0,0.9781619920929935,0.0,30525.0,37.0,0.16609999999955996,30.75,32.5,37.03000000000003,0.0,0.0,0.0,0.0,0.0,20.0,0.3,0.1,0.2,0.1,0.4,0.1,0.1,0.1,0.5,0.0,65535.0,0.10879682612344549,0.0,65535.0,0.04034485389486534,0.0,0.0,0.0,0.0,0.0,0.0,0.0,0.0,0.0,0.0
30813.07,1.0066256268382714,0.0,30525.0,37.0,0.16319999999956344,30.6875,32.5,36.690000000000055,0.0,0.0,0.0,0.0,0.0,20.0,0.3,0.1,0.2,0.1,0.4,0.1,0.1,0.1,0.5,0.0,65535.0,0.10907148851758602,0.0,65535.0,0.04113832303349355,0.0,0.0,0.0,0.0,0.0,0.0,0.0,0.0,0.0,0.0
30873.14,0.9647634470770452,0.0,30525.0,37.0,0.07749999999956436,30.8125,32.5625,36.97000000000003,0.0,0.0,0.0,0.0,0.0,20.0,0.3,0.1,0.2,0.1,0.4,0.1,0.1,0.1,0.5,0.0,65535.0,0.1091630426489662,0.0,65535.0,0.04098573281452659,0.0,0.0,0.0,0.0,0.0,0.0,0.0,0.0,0.0,0.0
30933.21,1.022243364394584,0.0,30525.0,37.0,0.17839999999955786,30.8125,32.5,36.93000000000001,0.0,0.0,0.0,0.0,0.0,20.0,0.3,0.1,0.2,0.1,0.4,0.1,0.1,0.1,0.5,0.0,65535.0,0.1100022888532845,0.0,65535.0,0.04141298542763409,0.0,0.0,0.0,0.0,0.0,0.0,0.0,0.0,0.0,0.0
30993.28,1.00652116747443,0.0,30525.0,37.0,0.13869999999956553,30.8125,32.5625,36.81,0.0,0.0,0.0,0.0,0.0,20.0,0.3,0.1,0.2,0.1,0.4,0.1,0.1,0.1,0.5,0.0,65535.0,0.11010910200656138,0.0,65535.0,0.04147402151522087,0.0,0.0,0.0,0.0,0.0,0.0,0.0,0.0,0.0,0.0
31053.35,1.0020917284134985,0.0,30525.0,37.0,0.18019999999955622,30.8125,32.5625,36.81,0.0,0.0,0.0,0.0,0.0,20.0,0.3,0.1,0.2,0.1,0.4,0.1,0.1,0.1,0.5,0.0,65535.0,0.1091630426489662,0.0,65535.0,0.04147402151522087,0.0,0.0,0.0,0.0,0.0,0.0,0.0,0.0,0.0,0.0
31113.42,1.0114582690946183,0.0,30525.0,37.0,0.12929999999955816,30.875,32.5,36.870000000000005,0.0,0.0,0.0,0.0,0.0,20.0,0.3,0.1,0.2,0.1,0.4,0.1,0.1,0.1,0.5,0.0,65535.0,0.10980392156862745,0.0,65535.0,0.040878919661249714,0.0,0.0,0.0,0.0,0.0,0.0,0.0,0.0,0.0,0.0
31173.5,0.9882583937249673,0.0,30525.0,37.0,0.1418999999995575,30.75,32.5,36.93000000000001,0.0,0.0,0.0,0.0,0.0,20.0,0.3,0.1,0.2,0.1,0.4,0.1,0.1,0.1,0.5,0.0,65535.0,0.10997177080949111,0.0,65535.0,0.04130617227435721,0.0,0.0,0.0,0.0,0.0,0.0,0.0,0.0,0.0,0.0
31233.56,0.9971723683616097,0.0,30525.0,37.0,0.1462999999995518,30.8125,32.5,36.93000000000001,0.0,0.0,0.0,0.0,0.0,20.0,0.3,0.1,0.2,0.1,0.4,0.1,0.1,0.1,0.5,0.0,65535.0,0.1095902952620737,0.0,65535.0,0.04124513618677043,0.0,0.0,0.0,0.0,0.0,0.0,0.0,0.0,0.0,0.0
31293.63,0.9564254747712456,0.0,30525.0,37.0,0.1889999999995573,30.75,32.5,36.93000000000001,0.0,0.0,0.0,0.0,0.0,20.0,0.3,0.1,0.2,0.1,0.4,0.1,0.1,0.1,0.5,0.0,65535.0,0.10948348210879683,0.0,65535.0,0.04153505760280766,0.0,0.0,0.0,0.0,0.0,0.0,0.0,0.0,0.0,0.0
31353.71,0.9641703010481993,0.0,30525.0,37.0,0.19929999999956213,30.875,32.5,36.870000000000005,0.0,0.0,0.0,0.0,0.0,20.0,0.3,0.1,0.2,0.1,0.4,0.1,0.1,0.1,0.5,0.0,65535.0,0.10989547570000763,0.0,65535.0,0.04180971999694819,0.0,0.0,0.0,0.0,0.0,0.0,0.0,0.0,0.0,0.0
31413.79,0.9959691832472821,0.0,30525.0,37.0,0.20789999999955686,30.875,32.5,37.05000000000001,0.0,0.0,0.0,0.0,0.0,20.0,0.3,0.1,0.2,0.1,0.4,0.1,0.1,0.1,0.5,0.0,65535.0,0.10975814450293736,0.0,65535.0,0.04187075608453498,0.0,0.0,0.0,0.0,0.0,0.0,0.0,0.0,0.0,0.0
31473.86,0.9854437571818645,0.0,30525.0,37.0,0.14259999999955855,30.8125,32.4375,37.01000000000005,0.0,0.0,0.0,0.0,0.0,20.0,0.3,0.1,0.2,0.1,0.4,0.1,0.1,0.1,0.5,0.0,65535.0,0.11113145647364003,0.0,65535.0,0.04158083466849775,0.0,0.0,0.0,0.0,0.0,0.0,0.0,0.0,0.0,0.0
31533.93,0.9934018918995249,0.0,30525.0,37.0,0.14519999999955277,30.8125,32.5,37.05000000000001,0.0,0.0,0.0,0.0,0.0,20.0,0.3,0.1,0.2,0.1,0.4,0.1,0.1,0.1,0.5,0.0,65535.0,0.11032272831311513,0.0,65535.0,0.04173342488746471,0.0,0.0,0.0,0.0,0.0,0.0,0.0,0.0,0.0,0.0
31593.97,1.0082772357153509,0.0,30525.0,37.0,0.17109999999955763,30.875,32.5,36.97000000000003,0.0,0.0,0.0,0.0,0.0,20.0,0.3,0.1,0.2,0.1,0.4,0.1,0.1,0.1,0.5,0.0,65535.0,0.11052109559777218,0.0,65535.0,0.04187075608453498,0.0,0.0,0.0,0.0,0.0,0.0,0.0,0.0,0.0,0.0
31654.02,0.9844749597391177,0.0,30525.0,37.0,0.16319999999955145,30.875,32.5,36.870000000000005,0.0,0.0,0.0,0.0,0.0,20.0,0.3,0.1,0.2,0.1,0.4,0.1,0.1,0.1,0.5,0.0,65535.0,0.10989547570000763,0.0,65535.0,0.04200808728160525,0.0,0.0,0.0,0.0,0.0,0.0,0.0,0.0,0.0,0.0
31714.06,0.9709204136671508,0.0,30525.0,37.0,0.14289999999955486,30.9375,32.5,36.950000000000045,0.0,0.0,0.0,0.0,0.0,20.0,0.3,0.1,0.2,0.1,0.4,0.1,0.1,0.1,0.5,0.0,65535.0,0.1112687876707103,0.0,65535.0,0.04231326771953918,0.0,0.0,0.0,0.0,0.0,0.0,0.0,0.0,0.0,0.0
31774.14,1.0011796168001075,0.0,30525.0,37.0,0.12139999999954343,30.875,32.4375,36.89000000000004,0.0,0.0,0.0,0.0,0.0,20.0,0.3,0.1,0.2,0.1,0.4,0.1,0.1,0.1,0.5,0.0,65535.0,0.10971236743724727,0.0,65535.0,0.04205386434729534,0.0,0.0,0.0,0.0,0.0,0.0,0.0,0.0,0.0,0.0
31834.19,0.9563136277655503,0.0,30525.0,37.0,0.1292999999995479,31.0,32.5,36.97000000000003,0.0,0.0,0.0,0.0,0.0,20.0,0.3,0.1,0.2,0.1,0.4,0.1,0.1,0.1,0.5,0.0,65535.0,0.10978866254673075,0.0,65535.0,0.04238956282902266,0.0,0.0,0.0,0.0,0.0,0.0,0.0,0.0,0.0,0.0
31894.25,1.0015899189583246,0.0,30525.0,37.0,0.16459999999954333,31.0,32.5,36.97000000000003,0.0,0.0,0.0,0.0,0.0,20.0,0.3,0.1,0.2,0.1,0.4,0.1,0.1,0.1,0.5,0.0,65535.0,0.11105516136415655,0.0,65535.0,0.042832074464026856,0.0,0.0,0.0,0.0,0.0,0.0,0.0,0.0,0.0,0.0
31954.31,1.0030287546822134,0.0,30525.0,37.0,0.16519999999954194,31.0,32.5,37.01000000000005,0.0,0.0,0.0,0.0,0.0,20.0,0.3,0.1,0.2,0.1,0.4,0.1,0.1,0.1,0.5,0.0,65535.0,0.11122301060502021,0.0,65535.0,0.04197756923781185,0.0,0.0,0.0,0.0,0.0,0.0,0.0,0.0,0.0,0.0
32014.39,0.9990996072773453,0.0,30525.0,37.0,0.16519999999954108,30.875,32.5,37.170000000000016,0.0,0.0,0.0,0.0,0.0,20.0,0.3,0.1,0.2,0.1,0.4,0.1,0.1,0.1,0.5,0.0,65535.0,0.11103990234225986,0.0,65535.0,0.043167772945754176,0.0,0.0,0.0,0.0,0.0,0.0,0.0,0.0,0.0,0.0
32074.43,1.0044028562142366,0.0,30525.0,37.0,0.14959999999953935,30.9375,32.5,36.85000000000002,0.0,0.0,0.0,0.0,0.0,20.0,0.3,0.1,0.2,0.1,0.4,0.1,0.1,0.1,0.5,0.0,65535.0,0.11139085984588389,0.0,65535.0,0.043045700770580606,0.0,0.0,0.0,0.0,0.0,0.0,0.0,0.0,0.0,0.0
32134.5,1.0030756022739582,0.0,30525.0,37.0,0.16049999999954365,30.9375,32.5,36.85000000000002,0.0,0.0,0.0,0.0,0.0,20.0,0.3,0.1,0.2,0.1,0.4,0.1,0.1,0.1,0.5,0.0,65535.0,0.11038376440070191,0.0,65535.0,0.04261844815747311,0.0,0.0,0.0,0.0,0.0,0.0,0.0,0.0,0.0,0.0
32194.58,0.996379421644462,0.0,30525.0,37.0,0.16019999999954307,30.875,32.5625,36.79000000000002,0.0,0.0,0.0,0.0,0.0,20.0,0.3,0.1,0.2,0.1,0.4,0.1,0.1,0.1,0.5,0.0,65535.0,0.11096360723277637,0.0,65535.0,0.04260318913557641,0.0,0.0,0.0,0.0,0.0,0.0,0.0,0.0,0.0,0.0
32254.66,0.9731864169454234,0.0,30525.0,37.0,0.1068999999995455,30.75,32.4375,36.79000000000002,0.0,0.0,0.0,0.0,0.0,20.0,0.3,0.1,0.2,0.1,0.4,0.1,0.1,0.1,0.5,0.0,65535.0,0.11059739070725566,0.0,65535.0,0.04251163500419623,0.0,0.0,0.0,0.0,0.0,0.0,0.0,0.0,0.0,0.0
32314.73,0.9862250775659829,0.0,30525.0,37.0,0.13839999999954614,31.125,32.5,36.81,0.0,0.0,0.0,0.0,0.0,20.0,0.3,0.1,0.2,0.1,0.4,0.1,0.1,0.1,0.5,0.0,65535.0,0.1108415350576028,0.0,65535.0,0.04295414663920043,0.0,0.0,0.0,0.0,0.0,0.0,0.0,0.0,0.0,0.0
32374.79,0.9992292243341007,0.0,30525.0,37.0,0.15019999999953626,31.125,32.5625,36.81,0.0,0.0,0.0,0.0,0.0,20.0,0.3,0.1,0.2,0.1,0.4,0.1,0.1,0.1,0.5,0.0,65535.0,0.11206225680933853,0.0,65535.0,0.04301518272678721,0.0,0.0,0.0,0.0,0.0,0.0,0.0,0.0,0.0,0.0
32434.83,0.9917119835592352,0.0,30525.0,37.0,0.1681999999995358,30.875,32.5,36.870000000000005,0.0,0.0,0.0,0.0,0.0,20.0,0.3,0.1,0.2,0.1,0.4,0.1,0.1,0.1,0.5,0.0,65535.0,0.11073472190432593,0.0,65535.0,0.04289311055161364,0.0,0.0,0.0,0.0,0.0,0.0,0.0,0.0,0.0,0.0
32494.88,0.9832370931992995,0.0,30525.0,37.0,0.1328999999995386,30.9375,32.5,36.93000000000001,0.0,0.0,0.0,0.0,0.0,20.0,0.3,0.1,0.2,0.1,0.4,0.1,0.1,0.1,0.5,0.0,65535.0,0.11117723353933012,0.0,65535.0,0.043045700770580606,0.0,0.0,0.0,0.0,0.0,0.0,0.0,0.0,0.0,0.0
32554.92,0.9696273702206464,0.0,30525.0,37.0,0.1890999999995452,30.875,32.4375,37.13000000000005,0.0,0.0,0.0,0.0,0.0,20.0,0.3,0.1,0.2,0.1,0.4,0.1,0.1,0.1,0.5,0.0,65535.0,0.11114671549553673,0.0,65535.0,0.04298466468299382,0.0,0.0,0.0,0.0,0.0,0.0,0.0,0.0,0.0,0.0
32614.96,0.9812686077414611,0.0,30525.0,37.0,0.128199999999542,30.875,32.5,37.13000000000005,0.0,0.0,0.0,0.0,0.0,20.0,0.3,0.1,0.2,0.1,0.4,0.1,0.1,0.1,0.5,0.0,65535.0,0.11102464332036316,0.0,65535.0,0.0430609597924773,0.0,0.0,0.0,0.0,0.0,0.0,0.0,0.0,0.0,0.0
32675.01,0.9782243615658937,0.0,30525.0,37.0,0.16289999999953803,30.875,32.5,36.79000000000002,0.0,0.0,0.0,0.0,0.0,20.0,0.3,0.1,0.2,0.1,0.4,0.1,0.1,0.1,0.5,0.0,65535.0,0.11090257114518959,0.0,65535.0,0.043076218814374,0.0,0.0,0.0,0.0,0.0,0.0,0.0,0.0,0.0,0.0
32735.06,1.0227306676499481,0.0,30525.0,37.0,0.12369999999954098,31.1875,32.5,36.870000000000005,0.0,0.0,0.0,0.0,0.0,20.0,0.3,0.1,0.2,0.1,0.4,0.1,0.1,0.1,0.5,0.0,65535.0,0.11158922713054094,0.0,65535.0,0.04341191729610132,0.0,0.0,0.0,0.0,0.0,0.0,0.0,0.0,0.0,0.0
32795.13,1.0024602242692302,0.0,30525.0,37.0,0.16429999999953163,31.0625,32.5,36.81,0.0,0.0,0.0,0.0,0.0,20.0,0.3,0.1,0.2,0.1,0.4,0.1,0.1,0.1,0.5,0.0,65535.0,0.11116197451743343,0.0,65535.0,0.04293888761730373,0.0,0.0,0.0,0.0,0.0,0.0,0.0,0.0,0.0,0.0
32855.22,0.9874378511458111,0.0,30525.0,37.0,0.16429999999953077,30.9375,32.4375,36.85000000000002,0.0,0.0,0.0,0.0,0.0,20.0,0.3,0.1,0.2,0.1,0.4,0.1,0.1,0.1,0.5,0.0,65535.0,0.11149767299916076,0.0,65535.0,0.04357976653696498,0.0,0.0,0.0,0.0,0.0,0.0,0.0,0.0,0.0,0.0
32915.27,0.9785861411940036,0.0,30525.0,37.0,0.1866999999995405,31.0625,32.5,36.870000000000005,0.0,0.0,0.0,0.0,0.0,20.0,0.3,0.1,0.2,0.1,0.4,0.1,0.1,0.1,0.5,0.0,65535.0,0.11189440756847487,0.0,65535.0,0.04324406805523766,0.0,0.0,0.0,0.0,0.0,0.0,0.0,0.0,0.0,0.0
32975.35,1.0023965522897513,0.0,30525.0,37.0,0.17469999999953975,30.8125,32.4375,37.05000000000001,0.0,0.0,0.0,0.0,0.0,20.0,0.3,0.1,0.2,0.1,0.4,0.1,0.1,0.1,0.5,0.0,65535.0,0.11119249256122682,0.0,65535.0,0.04327458609903105,0.0,0.0,0.0,0.0,0.0,0.0,0.0,0.0,0.0,0.0
33035.42,1.0204316697353584,0.0,30525.0,37.0,0.14199999999953766,30.9375,32.5,37.13000000000005,0.0,0.0,0.0,0.0,0.0,20.0,0.3,0.1,0.2,0.1,0.4,0.1,0.1,0.1,0.5,0.0,65535.0,0.11117723353933012,0.0,65535.0,0.04324406805523766,0.0,0.0,0.0,0.0,0.0,0.0,0.0,0.0,0.0,0.0
33095.48,1.0051744625646823,0.0,30525.0,37.0,0.1604999999995325,30.9375,32.5,36.85000000000002,0.0,0.0,0.0,0.0,0.0,20.0,0.3,0.1,0.2,0.1,0.4,0.1,0.1,0.1,0.5,0.0,65535.0,0.11180285343709469,0.0,65535.0,0.043427176317998015,0.0,0.0,0.0,0.0,0.0,0.0,0.0,0.0,0.0,0.0
33155.52,1.017366982060269,0.0,30525.0,37.0,0.14489999999953077,31.125,32.5,36.85000000000002,0.0,0.0,0.0,0.0,0.0,20.0,0.3,0.1,0.2,0.1,0.4,0.1,0.1,0.1,0.5,0.0,65535.0,0.11200122072175174,0.0,65535.0,0.04386968795300221,0.0,0.0,0.0,0.0,0.0,0.0,0.0,0.0,0.0,0.0
33215.57,1.0204528402944653,0.0,30525.0,37.0,0.1895999999995319,31.0,32.5,36.870000000000005,0.0,0.0,0.0,0.0,0.0,20.0,0.3,0.1,0.2,0.1,0.4,0.1,0.1,0.1,0.5,0.0,65535.0,0.11151293202105746,0.0,65535.0,0.04327458609903105,0.0,0.0,0.0,0.0,0.0,0.0,0.0,0.0,0.0,0.0
33275.61,1.0092303208747944,0.0,30525.0,37.0,0.14899999999952449,31.0625,32.5,36.93000000000001,0.0,0.0,0.0,0.0,0.0,20.0,0.3,0.1,0.2,0.1,0.4,0.1,0.1,0.1,0.5,0.0,65535.0,0.11206225680933853,0.0,65535.0,0.04385442893110551,0.0,0.0,0.0,0.0,0.0,0.0,0.0,0.0,0.0,0.0
33335.66,0.994171848684061,0.0,30525.0,37.0,0.18989999999952992,31.25,32.5,36.79000000000002,0.0,0.0,0.0,0.0,0.0,20.0,0.3,0.1,0.2,0.1,0.4,0.1,0.1,0.1,0.5,0.0,65535.0,0.11166552224002442,0.0,65535.0,0.043762874799725335,0.0,0.0,0.0,0.0,0.0,0.0,0.0,0.0,0.0,0.0
33395.7,0.9904019065962869,0.0,30525.0,37.0,0.18849999999953373,31.125,32.5,36.93000000000001,0.0,0.0,0.0,0.0,0.0,20.0,0.3,0.1,0.2,0.1,0.4,0.1,0.1,0.1,0.5,0.0,65535.0,0.11107042038605325,0.0,65535.0,0.0439154650186923,0.0,0.0,0.0,0.0,0.0,0.0,0.0,0.0,0.0,0.0
33455.75,1.0052756348124385,0.0,30525.0,37.0,0.12519999999953105,30.8125,32.4375,37.01000000000005,0.0,0.0,0.0,0.0,0.0,20.0,0.3,0.1,0.2,0.1,0.4,0.1,0.1,0.1,0.5,0.0,65535.0,0.1125658045319295,0.0,65535.0,0.04422064545662623,0.0,0.0,0.0,0.0,0.0,0.0,0.0,0.0,0.0,0.0
33515.79,1.0554105717607487,0.0,30525.0,37.0,0.1645999999995219,30.875,32.5,36.650000000000034,0.0,0.0,0.0,0.0,0.0,20.0,0.3,0.1,0.2,0.1,0.4,0.1,0.1,0.1,0.5,0.0,65535.0,0.11178759441519799,0.0,65535.0,0.04423590447852293,0.0,0.0,0.0,0.0,0.0,0.0,0.0,0.0,0.0,0.0
33575.83,1.0143661384402096,0.0,30525.0,37.0,0.1816999999995214,30.9375,32.4375,36.85000000000002,0.0,0.0,0.0,0.0,0.0,20.0,0.3,0.1,0.2,0.1,0.4,0.1,0.1,0.1,0.5,0.0,65535.0,0.11178759441519799,0.0,65535.0,0.044037537193865876,0.0,0.0,0.0,0.0,0.0,0.0,0.0,0.0,0.0,0.0
33635.91,0.9948456744016387,0.0,30525.0,37.0,0.17499999999953006,31.1875,32.4375,36.93000000000001,0.0,0.0,0.0,0.0,0.0,20.0,0.3,0.1,0.2,0.1,0.4,0.1,0.1,0.1,0.5,0.0,65535.0,0.11244373235675593,0.0,65535.0,0.044205386434729536,0.0,0.0,0.0,0.0,0.0,0.0,0.0,0.0,0.0,0.0
33695.98,0.9953666504096093,0.0,30525.0,37.0,0.18529999999951982,31.0625,32.5,36.79000000000002,0.0,0.0,0.0,0.0,0.0,20.0,0.3,0.1,0.2,0.1,0.4,0.1,0.1,0.1,0.5,0.0,65535.0,0.11245899137865263,0.0,65535.0,0.04444953078507668,0.0,0.0,0.0,0.0,0.0,0.0,0.0,0.0,0.0,0.0
33756.03,1.0128916017116245,0.0,30525.0,37.0,0.1484999999995223,31.1875,32.5,37.03000000000003,0.0,0.0,0.0,0.0,0.0,20.0,0.3,0.1,0.2,0.1,0.4,0.1,0.1,0.1,0.5,0.0,65535.0,0.11221484702830549,0.0,65535.0,0.044342717631799804,0.0,0.0,0.0,0.0,0.0,0.0,0.0,0.0,0.0,0.0
33816.08,1.0179174120560635,0.0,30525.0,37.0,0.14559999999952664,31.125,32.4375,36.93000000000001,0.0,0.0,0.0,0.0,0.0,20.0,0.3,0.1,0.2,0.1,0.4,0.1,0.1,0.1,0.5,0.0,65535.0,0.11166552224002442,0.0,65535.0,0.04414435034714275,0.0,0.0,0.0,0.0,0.0,0.0,0.0,0.0,0.0,0.0
33876.12,1.0134437294644651,0.0,30525.0,37.0,0.19619999999952326,31.0625,32.4375,37.05000000000001,0.0,0.0,0.0,0.0,0.0,20.0,0.3,0.1,0.2,0.1,0.4,0.1,0.1,0.1,0.5,0.0,65535.0,0.11198596169985504,0.0,65535.0,0.04449530785076677,0.0,0.0,0.0,0.0,0.0,0.0,0.0,0.0,0.0,0.0
33936.2,1.0143033652023936,0.0,30525.0,37.0,0.14289999999952568,31.0,32.5,36.89000000000004,0.0,0.0,0.0,0.0,0.0,20.0,0.3,0.1,0.2,0.1,0.4,0.1,0.1,0.1,0.5,0.0,65535.0,0.11320668345159075,0.0,65535.0,0.04452582589456016,0.0,0.0,0.0,0.0,0.0,0.0,0.0,0.0,0.0,0.0
33996.27,1.0035952502043284,0.0,30525.0,37.0,0.14079999999952503,31.125,32.5,37.01000000000005,0.0,0.0,0.0,0.0,0.0,20.0,0.3,0.1,0.2,0.1,0.4,0.1,0.1,0.1,0.5,0.0,65535.0,0.11255054551003281,0.0,65535.0,0.04493781948577096,0.0,0.0,0.0,0.0,0.0,0.0,0.0,0.0,0.0,0.0
34056.31,1.0049983200737955,0.0,30525.0,37.0,0.12869999999951925,31.25,32.5,36.89000000000004,0.0,0.0,0.0,0.0,0.0,20.0,0.3,0.1,0.2,0.1,0.4,0.1,0.1,0.1,0.5,0.0,65535.0,0.11314564736400397,0.0,65535.0,0.04464789806973373,0.0,0.0,0.0,0.0,0.0,0.0,0.0,0.0,0.0,0.0
34116.39,1.016488990063527,0.0,30525.0,37.0,0.14109999999952388,30.875,32.5,36.73000000000002,0.0,0.0,0.0,0.0,0.0,20.0,0.3,0.1,0.2,0.1,0.4,0.1,0.1,0.1,0.5,0.0,65535.0,0.11255054551003281,0.0,65535.0,0.04449530785076677,0.0,0.0,0.0,0.0,0.0,0.0,0.0,0.0,0.0,0.0
34176.47,1.0054724269162032,0.0,30525.0,37.0,0.18669999999952502,31.1875,32.5,36.79000000000002,0.0,0.0,0.0,0.0,0.0,20.0,0.3,0.1,0.2,0.1,0.4,0.1,0.1,0.1,0.5,0.0,65535.0,0.11248950942244602,0.0,65535.0,0.04432745860990311,0.0,0.0,0.0,0.0,0.0,0.0,0.0,0.0,0.0,0.0
34236.53,1.0441996054240088,0.0,30525.0,37.0,0.17109999999952413,30.8125,32.4375,36.870000000000005,0.0,0.0,0.0,0.0,0.0,20.0,0.3,0.1,0.2,0.1,0.4,0.1,0.1,0.1,0.5,0.0,65535.0,0.11346608682383459,0.0,65535.0,0.045090409704737926,0.0,0.0,0.0,0.0,0.0,0.0,0.0,0.0,0.0,0.0
34296.6,1.016767075522155,0.0,30525.0,37.0,0.1646999999995183,31.0625,32.4375,36.870000000000005,0.0,0.0,0.0,0.0,0.0,20.0,0.3,0.1,0.2,0.1,0.4,0.1,0.1,0.1,0.5,0.0,65535.0,0.1134508278019379,0.0,65535.0,0.04499885557335775,0.0,0.0,0.0,0.0,0.0,0.0,0.0,0.0,0.0,0.0
34356.65,1.027378494658298,0.0,30525.0,37.0,0.14499999999952198,31.0625,32.5,37.190000000000055,0.0,0.0,0.0,0.0,0.0,20.0,0.3,0.1,0.2,0.1,0.4,0.1,0.1,0.1,0.5,0.0,65535.0,0.11277943083848326,0.0,65535.0,0.04481574731059739,0.0,0.0,0.0,0.0,0.0,0.0,0.0,0.0,0.0,0.0
34416.69,1.028979711052206,0.0,30525.0,37.0,0.12549999999952038,31.0,32.4375,36.950000000000045,0.0,0.0,0.0,0.0,0.0,20.0,0.3,0.1,0.2,0.1,0.4,0.1,0.1,0.1,0.5,0.0,65535.0,0.11235217822537576,0.0,65535.0,0.044754711223010606,0.0,0.0,0.0,0.0,0.0,0.0,0.0,0.0,0.0,0.0
34476.74,1.0140946177096553,0.0,30525.0,37.0,0.13229999999951503,31.0,32.5,37.25000000000006,0.0,0.0,0.0,0.0,0.0,20.0,0.3,0.1,0.2,0.1,0.4,0.1,0.1,0.1,0.5,0.0,65535.0,0.11358815899900816,0.0,65535.0,0.044708934157320517,0.0,0.0,0.0,0.0,0.0,0.0,0.0,0.0,0.0,0.0
34536.79,1.0391393249857501,0.0,30525.0,37.0,0.14789999999951503,30.875,32.4375,36.97000000000003,0.0,0.0,0.0,0.0,0.0,20.0,0.3,0.1,0.2,0.1,0.4,0.1,0.1,0.1,0.5,0.0,65535.0,0.11273365377279317,0.0,65535.0,0.045258258945601586,0.0,0.0,0.0,0.0,0.0,0.0,0.0,0.0,0.0,0.0
34596.82,1.037267976275541,0.0,30525.0,37.0,0.12369999999951856,31.0625,32.5,36.97000000000003,0.0,0.0,0.0,0.0,0.0,20.0,0.3,0.1,0.2,0.1,0.4,0.1,0.1,0.1,0.5,0.0,65535.0,0.11235217822537576,0.0,65535.0,0.04505989166094453,0.0,0.0,0.0,0.0,0.0,0.0,0.0,0.0,0.0,0.0
34656.91,1.0366192286752725,0.0,30525.0,37.0,0.16899999999951998,31.0625,32.4375,36.690000000000055,0.0,0.0,0.0,0.0,0.0,20.0,0.3,0.1,0.2,0.1,0.4,0.1,0.1,0.1,0.5,0.0,65535.0,0.11322194247348745,0.0,65535.0,0.045181963836118104,0.0,0.0,0.0,0.0,0.0,0.0,0.0,0.0,0.0,0.0
34716.98,1.0296351614907595,0.0,30525.0,37.0,0.1463999999995138,30.9375,32.5,36.73000000000002,0.0,0.0,0.0,0.0,0.0,20.0,0.3,0.1,0.2,0.1,0.4,0.1,0.1,0.1,0.5,0.0,65535.0,0.11374074921797513,0.0,65535.0,0.045517662317845424,0.0,0.0,0.0,0.0,0.0,0.0,0.0,0.0,0.0,0.0
34777.06,1.013779157121883,0.0,30525.0,37.0,0.17199999999951893,31.0625,32.4375,37.05000000000001,0.0,0.0,0.0,0.0,0.0,20.0,0.3,0.1,0.2,0.1,0.4,0.1,0.1,0.1,0.5,0.0,65535.0,0.11305409323262379,0.0,65535.0,0.045090409704737926,0.0,0.0,0.0,0.0,0.0,0.0,0.0,0.0,0.0,0.0
34837.1,0.9987899908571013,0.0,30525.0,37.0,0.12079999999950608,30.875,32.5,36.97000000000003,0.0,0.0,0.0,0.0,0.0,20.0,0.3,0.1,0.2,0.1,0.4,0.1,0.1,0.1,0.5,0.0,65535.0,0.11239795529106585,0.0,65535.0,0.045853360799572744,0.0,0.0,0.0,0.0,0.0,0.0,0.0,0.0,0.0,0.0
34897.13,1.0173791470675595,0.0,30525.0,37.0,0.12279999999951505,31.3125,32.5,37.05000000000001,0.0,0.0,0.0,0.0,0.0,20.0,0.3,0.1,0.2,0.1,0.4,0.1,0.1,0.1,0.5,0.0,65535.0,0.11294728007934692,0.0,65535.0,0.045136186770428015,0.0,0.0,0.0,0.0,0.0,0.0,0.0,0.0,0.0,0.0
34957.19,1.001246405331892,0.0,30525.0,37.0,0.14629999999950533,30.875,32.4375,36.870000000000005,0.0,0.0,0.0,0.0,0.0,20.0,0.3,0.1,0.2,0.1,0.4,0.1,0.1,0.1,0.5,0.0,65535.0,0.1138780804150454,0.0,65535.0,0.0456092164492256,0.0,0.0,0.0,0.0,0.0,0.0,0.0,0.0,0.0,0.0
35017.26,1.0200910436843853,0.0,30525.0,37.0,0.15959999999951,30.875,32.5,36.870000000000005,0.0,0.0,0.0,0.0,0.0,20.0,0.3,0.1,0.2,0.1,0.4,0.1,0.1,0.1,0.5,0.0,65535.0,0.11293202105745022,0.0,65535.0,0.045258258945601586,0.0,0.0,0.0,0.0,0.0,0.0,0.0,0.0,0.0,0.0
35077.3,1.0182355324316075,0.0,30525.0,37.0,0.1804999999995052,30.8125,32.5625,36.870000000000005,0.0,0.0,0.0,0.0,0.0,20.0,0.3,0.1,0.2,0.1,0.4,0.1,0.1,0.1,0.5,0.0,65535.0,0.1134508278019379,0.0,65535.0,0.04524299992370489,0.0,0.0,0.0,0.0,0.0,0.0,0.0,0.0,0.0,0.0
35137.41,1.0249314027033354,0.0,30525.0,37.0,0.11839999999950143,30.8125,32.5,36.73000000000002,0.0,0.0,0.0,0.0,0.0,20.0,0.3,0.1,0.2,0.1,0.4,0.1,0.1,0.1,0.5,0.0,65535.0,0.11433585107194628,0.0,65535.0,0.04597543297474632,0.0,0.0,0.0,0.0,0.0,0.0,0.0,0.0,0.0,0.0
35197.47,1.0147234394297997,0.0,30525.0,37.0,0.2010999999995132,30.875,32.4375,36.73000000000002,0.0,0.0,0.0,0.0,0.0,20.0,0.3,0.1,0.2,0.1,0.4,0.1,0.1,0.1,0.5,0.0,65535.0,0.11422903791866941,0.0,65535.0,0.04554818036163882,0.0,0.0,0.0,0.0,0.0,0.0,0.0,0.0,0.0,0.0
35257.54,1.0218187382378892,0.0,30525.0,37.0,0.14729999999950527,31.1875,32.5,36.950000000000045,0.0,0.0,0.0,0.0,0.0,20.0,0.3,0.1,0.2,0.1,0.4,0.1,0.1,0.1,0.5,0.0,65535.0,0.11309987029831388,0.0,65535.0,0.04548714427405203,0.0,0.0,0.0,0.0,0.0,0.0,0.0,0.0,0.0,0.0
35317.59,1.003549352026386,0.0,30525.0,37.0,0.1251999999995086,31.1875,32.4375,37.05000000000001,0.0,0.0,0.0,0.0,0.0,20.0,0.3,0.1,0.2,0.1,0.4,0.1,0.1,0.1,0.5,0.0,65535.0,0.11329823758297093,0.0,65535.0,0.045807583733882655,0.0,0.0,0.0,0.0,0.0,0.0,0.0,0.0,0.0,0.0
35377.68,1.0268181630421793,0.0,30525.0,37.0,0.1633999999994997,31.0625,32.5,36.73000000000002,0.0,0.0,0.0,0.0,0.0,20.0,0.3,0.1,0.2,0.1,0.4,0.1,0.1,0.1,0.5,0.0,65535.0,0.11520561532005798,0.0,65535.0,0.04597543297474632,0.0,0.0,0.0,0.0,0.0,0.0,0.0,0.0,0.0,0.0
35437.74,1.0209060454001622,0.0,30525.0,37.0,0.148699999999498,30.875,32.4375,36.81,0.0,0.0,0.0,0.0,0.0,20.0,0.3,0.1,0.2,0.1,0.4,0.1,0.1,0.1,0.5,0.0,65535.0,0.11465629053177691,0.0,65535.0,0.04586861982146944,0.0,0.0,0.0,0.0,0.0,0.0,0.0,0.0,0.0,0.0
35497.83,1.028393663990834,0.0,30525.0,37.0,0.15869999999950227,31.125,32.5,36.93000000000001,0.0,0.0,0.0,0.0,0.0,20.0,0.3,0.1,0.2,0.1,0.4,0.1,0.1,0.1,0.5,0.0,65535.0,0.11265735866330968,0.0,65535.0,0.04577706569008926,0.0,0.0,0.0,0.0,0.0,0.0,0.0,0.0,0.0,0.0
35557.94,1.032477209446781,0.0,30525.0,37.0,0.18669999999950776,30.875,32.5,36.77000000000004,0.0,0.0,0.0,0.0,0.0,20.0,0.3,0.1,0.2,0.1,0.4,0.1,0.1,0.1,0.5,0.0,65535.0,0.11407644769970245,0.0,65535.0,0.04643320363164721,0.0,0.0,0.0,0.0,0.0,0.0,0.0,0.0,0.0,0.0
35618.01,1.006984286627341,0.0,30525.0,37.0,0.2249999999995039,31.0625,32.4375,36.85000000000002,0.0,0.0,0.0,0.0,0.0,20.0,0.3,0.1,0.2,0.1,0.4,0.1,0.1,0.1,0.5,0.0,65535.0,0.11358815899900816,0.0,65535.0,0.04583810177767605,0.0,0.0,0.0,0.0,0.0,0.0,0.0,0.0,0.0,0.0
35678.08,1.0208731942340457,0.0,30525.0,37.0,0.16739999999950114,31.125,32.5,36.97000000000003,0.0,0.0,0.0,0.0,0.0,20.0,0.3,0.1,0.2,0.1,0.4,0.1,0.1,0.1,0.5,0.0,65535.0,0.11363393606469825,0.0,65535.0,0.04615854123750668,0.0,0.0,0.0,0.0,0.0,0.0,0.0,0.0,0.0,0.0
35738.13,1.022041638312751,0.0,30525.0,37.0,0.13409999999949873,31.0,32.5,37.03000000000003,0.0,0.0,0.0,0.0,0.0,20.0,0.3,0.1,0.2,0.1,0.4,0.1,0.1,0.1,0.5,0.0,65535.0,0.1134203097581445,0.0,65535.0,0.0460669871061265,0.0,0.0,0.0,0.0,0.0,0.0,0.0,0.0,0.0,0.0
35798.23,1.0217872082094759,0.0,30525.0,37.0,0.15109999999949322,31.0,32.5,37.05000000000001,0.0,0.0,0.0,0.0,0.0,20.0,0.3,0.1,0.2,0.1,0.4,0.1,0.1,0.1,0.5,0.0,65535.0,0.11482413977264057,0.0,65535.0,0.04602121004043641,0.0,0.0,0.0,0.0,0.0,0.0,0.0,0.0,0.0,0.0
35858.28,1.0310156216656554,0.0,30525.0,37.0,0.20259999999950407,31.0,32.4375,36.77000000000004,0.0,0.0,0.0,0.0,0.0,20.0,0.3,0.1,0.2,0.1,0.4,0.1,0.1,0.1,0.5,0.0,65535.0,0.1146715495536736,0.0,65535.0,0.046173800259403375,0.0,0.0,0.0,0.0,0.0,0.0,0.0,0.0,0.0,0.0
35918.34,1.038006040180956,0.0,30525.0,37.0,0.12759999999950036,30.9375,32.5,37.05000000000001,0.0,0.0,0.0,0.0,0.0,20.0,0.3,0.1,0.2,0.1,0.4,0.1,0.1,0.1,0.5,0.0,65535.0,0.11395437552452888,0.0,65535.0,0.04643320363164721,0.0,0.0,0.0,0.0,0.0,0.0,0.0,0.0,0.0,0.0
35978.41,1.0101213714915982,0.0,30525.0,37.0,0.16229999999949637,30.9375,32.4375,37.05000000000001,0.0,0.0,0.0,0.0,0.0,20.0,0.3,0.1,0.2,0.1,0.4,0.1,0.1,0.1,0.5,0.0,65535.0,0.11444266422522316,0.0,65535.0,0.046082246128023197,0.0,0.0,0.0,0.0,0.0,0.0,0.0,0.0,0.0,0.0
36038.45,1.01333851505764,0.0,30525.0,37.0,0.1807999999994912,31.125,32.5,36.870000000000005,0.0,0.0,0.0,0.0,0.0,20.0,0.3,0.1,0.2,0.1,0.4,0.1,0.1,0.1,0.5,0.0,65535.0,0.1150835431448844,0.0,65535.0,0.04682993820096132,0.0,0.0,0.0,0.0,0.0,0.0,0.0,0.0,0.0,0.0
36098.49,1.0357338197328763,0.0,30525.0,37.0,0.18229999999948984,30.9375,32.5,36.81,0.0,0.0046,0.25,0.0,0.0,20.0,0.3,0.1,0.2,0.1,0.4,0.1,0.1,0.1,0.5,0.0,65535.0,0.11457999542229343,0.0,65535.0,0.04614328221560998,0.0,0.0,0.0,0.0,0.0,0.0,0.0,0.0,0.0,0.0
36158.54,0.9968074195765501,0.0,30525.0,37.0,0.3169999999994938,30.875,32.4375,36.690000000000055,0.0,0.0,0.0,0.0,0.0,20.0,0.3,0.1,0.2,0.1,0.4,0.1,0.1,0.1,0.5,0.0,65535.0,0.1125658045319295,0.0,65535.0,0.04579232471198596,0.0,0.0,0.0,0.0,0.0,0.0,0.0,0.0,0.0,0.0
36218.58,1.0149100940502327,0.0,30525.0,37.0,0.12109999999948554,31.0625,32.5,37.05000000000001,0.0,0.0,0.0,0.0,0.0,20.0,0.3,0.1,0.2,0.1,0.4,0.1,0.1,0.1,0.5,0.0,65535.0,0.1117570763714046,0.0,65535.0,0.04557869840543221,0.0,0.0,0.0,0.0,0.0,0.0,0.0,0.0,0.0,0.0
36278.66,0.9954166561048489,0.0,30525.0,37.0,0.09689999999948823,30.9375,32.4375,36.950000000000045,0.0,0.0,0.0,0.0,0.0,20.0,0.3,0.1,0.2,0.1,0.4,0.1,0.1,0.1,0.5,0.0,65535.0,0.11207751583123522,0.0,65535.0,0.04553292133974212,0.0,0.0,0.0,0.0,0.0,0.0,0.0,0.0,0.0,0.0
36338.71,0.972141813932326,0.0,30525.0,37.0,0.14829999999949406,31.1875,32.5,36.85000000000002,0.0,0.0,0.0,0.0,0.0,20.0,0.3,0.1,0.2,0.1,0.4,0.1,0.1,0.1,0.5,0.0,65535.0,0.11168078126192112,0.0,65535.0,0.04574654764629587,0.0,0.0,0.0,0.0,0.0,0.0,0.0,0.0,0.0,0.0
36398.78,0.9542077683777276,0.0,30525.0,37.0,0.181299999999495,30.9375,32.4375,36.93000000000001,0.0,0.0,0.0,0.0,0.0,20.0,0.3,0.1,0.2,0.1,0.4,0.1,0.1,0.1,0.5,0.0,65535.0,0.1117570763714046,0.0,65535.0,0.0460669871061265,0.0,0.0,0.0,0.0,0.0,0.0,0.0,0.0,0.0,0.0
36458.84,0.9831794350680735,0.0,30525.0,37.0,0.17779999999948395,31.1875,32.5,36.93000000000001,0.0,0.0,0.0,0.0,0.0,20.0,0.3,0.1,0.2,0.1,0.4,0.1,0.1,0.1,0.5,0.0,65535.0,0.11209277485313192,0.0,65535.0,0.04603646906233311,0.0,0.0,0.0,0.0,0.0,0.0,0.0,0.0,0.0,0.0
36518.88,0.9697584813346309,0.0,30525.0,37.0,0.1612999999994822,31.125,32.4375,37.05000000000001,0.0,0.0,0.0,0.0,0.0,20.0,0.3,0.1,0.2,0.1,0.4,0.1,0.1,0.1,0.5,0.0,65535.0,0.11223010605020219,0.0,65535.0,0.045853360799572744,0.0,0.0,0.0,0.0,0.0,0.0,0.0,0.0,0.0,0.0
36578.92,0.9777673588740843,0.0,30525.0,37.0,0.1503999999994904,31.25,32.5,37.09000000000003,0.0,0.0,0.0,0.0,0.0,20.0,0.3,0.1,0.2,0.1,0.4,0.1,0.1,0.1,0.5,0.0,65535.0,0.11181811245899138,0.0,65535.0,0.0460669871061265,0.0,0.0,0.0,0.0,0.0,0.0,0.0,0.0,0.0,0.0
36638.99,0.9718124399995178,0.0,30525.0,37.0,0.18009999999949095,31.0,32.4375,37.01000000000005,0.0,0.0,0.0,0.0,0.0,20.0,0.3,0.1,0.2,0.1,0.4,0.1,0.1,0.1,0.5,0.0,65535.0,0.11163500419623103,0.0,65535.0,0.04620431830319677,0.0,0.0,0.0,0.0,0.0,0.0,0.0,0.0,0.0,0.0
36699.06,0.9660364277748621,0.0,30525.0,37.0,0.1779999999994903,30.9375,32.4375,37.09000000000003,0.0,0.0,0.0,0.0,0.0,20.0,0.3,0.1,0.2,0.1,0.4,0.1,0.1,0.1,0.5,0.0,65535.0,0.11165026321812772,0.0,65535.0,0.04652475776302739,0.0,0.0,0.0,0.0,0.0,0.0,0.0,0.0,0.0,0.0
36759.13,0.9958710005861358,0.0,30525.0,37.0,0.11649999999948765,31.0625,32.4375,37.13000000000005,0.0,0.0,0.0,0.0,0.0,20.0,0.3,0.1,0.2,0.1,0.4,0.1,0.1,0.1,0.5,0.0,65535.0,0.11206225680933853,0.0,65535.0,0.046799420157167926,0.0,0.0,0.0,0.0,0.0,0.0,0.0,0.0,0.0,0.0
36819.21,0.9573157409689184,0.0,30525.0,37.0,0.16939999999947875,31.0,32.4375,36.89000000000004,0.0,0.0,0.0,0.0,0.0,20.0,0.3,0.1,0.2,0.1,0.4,0.1,0.1,0.1,0.5,0.0,65535.0,0.11232166018158236,0.0,65535.0,0.046555275806820784,0.0,0.0,0.0,0.0,0.0,0.0,0.0,0.0,0.0,0.0
36879.27,0.9560806438144902,0.0,30525.0,37.0,0.17499999999948784,31.0625,32.4375,37.110000000000014,0.0,0.0,0.0,0.0,0.0,20.0,0.3,0.1,0.2,0.1,0.4,0.1,0.1,0.1,0.5,0.0,65535.0,0.11274891279468986,0.0,65535.0,0.04666208896009766,0.0,0.0,0.0,0.0,0.0,0.0,0.0,0.0,0.0,0.0
36939.34,0.9719946230757759,0.0,30525.0,37.0,0.15029999999948102,31.0,32.4375,36.97000000000003,0.0,0.0,0.0,0.0,0.0,20.0,0.3,0.1,0.2,0.1,0.4,0.1,0.1,0.1,0.5,0.0,65535.0,0.11323720149538415,0.0,65535.0,0.04654001678492409,0.0,0.0,0.0,0.0,0.0,0.0,0.0,0.0,0.0,0.0
36999.42,1.0040334190675688,0.0,30525.0,37.0,0.15029999999948015,31.0625,32.5,36.93000000000001,0.0,0.0,0.0,0.0,0.0,20.0,0.3,0.1,0.2,0.1,0.4,0.1,0.1,0.1,0.5,0.0,65535.0,0.11268787670710308,0.0,65535.0,0.04682993820096132,0.0,0.0,0.0,0.0,0.0,0.0,0.0,0.0,0.0,0.0
37059.45,1.0119612843220107,0.0,30525.0,37.0,0.17439999999948494,30.9375,32.5,36.93000000000001,0.0,0.0,0.0,0.0,0.0,20.0,0.3,0.1,0.2,0.1,0.4,0.1,0.1,0.1,0.5,0.0,65535.0,0.11242847333485924,0.0,65535.0,0.0473334859235523,0.0,0.0,0.0,0.0,0.0,0.0,0.0,0.0,0.0,0.0
37119.48,1.018285939770355,0.0,30525.0,37.0,0.17229999999948428,31.1875,32.4375,37.110000000000014,0.0,0.0,0.0,0.0,0.0,20.0,0.3,0.1,0.2,0.1,0.4,0.1,0.1,0.1,0.5,0.0,65535.0,0.11284046692607004,0.0,65535.0,0.047348744945448995,0.0,0.0,0.0,0.0,0.0,0.0,0.0,0.0,0.0,0.0
37179.55,0.9692889943169941,0.0,30525.0,37.0,0.16259999999947805,31.0625,32.4375,36.710000000000036,0.0,0.0,0.0,0.0,0.0,20.0,0.3,0.1,0.2,0.1,0.4,0.1,0.1,0.1,0.5,0.0,65535.0,0.11296253910124361,0.0,65535.0,0.04715037766079194,0.0,0.0,0.0,0.0,0.0,0.0,0.0,0.0,0.0,0.0
37239.57,0.99644095312842,0.0,30525.0,37.0,0.14229999999948145,31.1875,32.4375,37.05000000000001,0.0,0.0,0.0,0.0,0.0,20.0,0.3,0.1,0.2,0.1,0.4,0.1,0.1,0.1,0.5,0.0,65535.0,0.1125810635538262,0.0,65535.0,0.04782177462424658,0.0,0.0,0.0,0.0,0.0,0.0,0.0,0.0,0.0,0.0
37299.64,1.0058043192593575,0.0,30525.0,37.0,0.20879999999947865,30.8125,32.4375,36.79000000000002,0.0,0.0,0.0,0.0,0.0,20.0,0.3,0.1,0.2,0.1,0.4,0.1,0.1,0.1,0.5,0.0,65535.0,0.1134355687800412,0.0,65535.0,0.04811169604028382,0.0,0.0,0.0,0.0,0.0,0.0,0.0,0.0,0.0,0.0
37359.72,0.996368566236176,0.0,30525.0,37.0,0.14409999999948064,30.875,32.4375,37.09000000000003,0.0,0.0,0.0,0.0,0.0,20.0,0.3,0.1,0.2,0.1,0.4,0.1,0.1,0.1,0.5,0.0,65535.0,0.11282520790417334,0.0,65535.0,0.04786755168993668,0.0,0.0,0.0,0.0,0.0,0.0,0.0,0.0,0.0,0.0
37419.79,0.9685800968313534,0.0,30525.0,37.0,0.17319999999948088,31.0,32.4375,37.01000000000005,0.0,0.0,0.0,0.0,0.0,20.0,0.3,0.1,0.2,0.1,0.4,0.1,0.1,0.1,0.5,0.0,65535.0,0.11209277485313192,0.0,65535.0,0.04811169604028382,0.0,0.0,0.0,0.0,0.0,0.0,0.0,0.0,0.0,0.0
37479.86,1.0294738725912886,0.0,30525.0,37.0,0.20559999999948153,31.3125,32.5,37.01000000000005,0.0,0.0,0.0,0.0,0.0,20.0,0.3,0.1,0.2,0.1,0.4,0.1,0.1,0.1,0.5,0.0,65535.0,0.11371023117418173,0.0,65535.0,0.04878309300373846,0.0,0.0,0.0,0.0,0.0,0.0,0.0,0.0,0.0,0.0
37539.94,0.948059646951477,0.0,30525.0,37.0,0.1652999999994747,30.9375,32.5,36.89000000000004,0.0,0.0,0.0,0.0,0.0,20.0,0.3,0.1,0.2,0.1,0.4,0.1,0.1,0.1,0.5,0.0,65535.0,0.11305409323262379,0.0,65535.0,0.048676279850461586,0.0,0.0,0.0,0.0,0.0,0.0,0.0,0.0,0.0,0.0
37600.01,0.9794729334925666,0.0,30525.0,37.0,0.12579999999947708,31.1875,32.4375,36.81,0.0,0.0,0.0,0.0,0.0,20.0,0.3,0.1,0.2,0.1,0.4,0.1,0.1,0.1,0.5,0.0,65535.0,0.11229114213778897,0.0,65535.0,0.04931715877012283,0.0,0.0,0.0,0.0,0.0,0.0,0.0,0.0,0.0,0.0
37660.04,0.9781381089478365,0.0,30525.0,37.0,0.16609999999946798,31.0625,32.4375,36.93000000000001,0.0,0.0,0.0,0.0,0.0,20.0,0.3,0.1,0.2,0.1,0.4,0.1,0.1,0.1,0.5,0.0,65535.0,0.11290150301365683,0.0,65535.0,0.04957656214236667,0.0,0.0,0.0,0.0,0.0,0.0,0.0,0.0,0.0,0.0
37720.09,0.9581105390734548,0.0,30525.0,37.0,0.2149999999994687,31.1875,32.4375,36.950000000000045,0.0,0.0,0.0,0.0,0.0,20.0,0.3,0.1,0.2,0.1,0.4,0.1,0.1,0.1,0.5,0.0,65535.0,0.11238269626916915,0.0,65535.0,0.04974441138323033,0.0,0.0,0.0,0.0,0.0,0.0,0.0,0.0,0.0,0.0
37780.13,0.9629015992011478,0.0,30525.0,37.0,0.20469999999947722,30.9375,32.4375,36.81,0.0,0.0,0.0,0.0,0.0,20.0,0.3,0.1,0.2,0.1,0.4,0.1,0.1,0.1,0.5,0.0,65535.0,0.1130083161669337,0.0,65535.0,0.049347676813916226,0.0,0.0,0.0,0.0,0.0,0.0,0.0,0.0,0.0,0.0
37840.18,0.9963451253087097,0.0,30525.0,37.0,0.16969999999946556,30.8125,32.4375,37.210000000000036,0.0,0.0,0.0,0.0,0.0,20.0,0.3,0.1,0.2,0.1,0.4,0.1,0.1,0.1,0.5,0.0,65535.0,0.11346608682383459,0.0,65535.0,0.05003433279926757,0.0,0.0,0.0,0.0,0.0,0.0,0.0,0.0,0.0,0.0
37900.24,0.9474057609641398,0.0,30525.0,37.0,0.17379999999947432,31.0625,32.4375,37.01000000000005,0.0,0.0,0.0,0.0,0.0,20.0,0.3,0.1,0.2,0.1,0.4,0.1,0.1,0.1,0.5,0.0,65535.0,0.11314564736400397,0.0,65535.0,0.05001907377737087,0.0,0.0,0.0,0.0,0.0,0.0,0.0,0.0,0.0,0.0
37960.31,0.9862689930447104,0.0,30525.0,37.0,0.14229999999947285,30.875,32.4375,36.950000000000045,0.0,0.0,0.0,0.0,0.0,20.0,0.3,0.1,0.2,0.1,0.4,0.1,0.1,0.1,0.5,0.0,65535.0,0.11403067063401236,0.0,65535.0,0.05018692301823453,0.0,0.0,0.0,0.0,0.0,0.0,0.0,0.0,0.0,0.0
38020.39,0.9597743047588121,0.0,30525.0,37.0,0.14109999999947223,30.9375,32.4375,36.97000000000003,0.0,0.0,0.0,0.0,0.0,20.0,0.3,0.1,0.2,0.1,0.4,0.1,0.1,0.1,0.5,0.0,65535.0,0.11352712291142138,0.0,65535.0,0.050598916609445335,0.0,0.0,0.0,0.0,0.0,0.0,0.0,0.0,0.0,0.0
38080.45,0.9625496335760235,0.0,30525.0,37.0,0.18439999999946297,31.0,32.5,36.85000000000002,0.0,0.0,0.0,0.0,0.0,20.0,0.3,0.1,0.2,0.1,0.4,0.1,0.1,0.1,0.5,0.0,65535.0,0.11270313572899977,0.0,65535.0,0.05023270008392462,0.0,0.0,0.0,0.0,0.0,0.0,0.0,0.0,0.0,0.0
38140.49,0.9564165493067611,0.0,30525.0,37.0,0.14459999999946563,30.9375,32.4375,36.93000000000001,0.0,0.0,0.0,0.0,0.0,20.0,0.3,0.1,0.2,0.1,0.4,0.1,0.1,0.1,0.5,0.0,65535.0,0.11407644769970245,0.0,65535.0,0.050888838025482566,0.0,0.0,0.0,0.0,0.0,0.0,0.0,0.0,0.0,0.0
38200.54,0.9608761134082289,0.0,30525.0,37.0,0.1460999999994651,30.8125,32.4375,36.950000000000045,0.0,0.0,0.0,0.0,0.0,20.0,0.3,0.1,0.2,0.1,0.4,0.1,0.1,0.1,0.5,0.0,65535.0,0.11459525444419012,0.0,65535.0,0.05058365758754864,0.0,0.0,0.0,0.0,0.0,0.0,0.0,0.0,0.0,0.0
38260.57,1.0017740420733605,0.0,30525.0,37.0,0.1822999999994606,31.0625,32.4375,36.950000000000045,0.0,0.0,0.0,0.0,0.0,20.0,0.3,0.1,0.2,0.1,0.4,0.1,0.1,0.1,0.5,0.0,65535.0,0.11416800183108262,0.0,65535.0,0.05120927748531319,0.0,0.0,0.0,0.0,0.0,0.0,0.0,0.0,0.0,0.0
38320.65,0.9877713965961326,0.0,30525.0,37.0,0.18469999999945924,31.0,32.4375,37.05000000000001,0.0,0.0,0.0,0.0,0.0,20.0,0.3,0.1,0.2,0.1,0.4,0.1,0.1,0.1,0.5,0.0,65535.0,0.11378652628366522,0.0,65535.0,0.05133134966048676,0.0,0.0,0.0,0.0,0.0,0.0,0.0,0.0,0.0,0.0
38380.73,0.9569639152905416,0.0,30525.0,37.0,0.14259999999946654,30.875,32.4375,36.97000000000003,0.0,0.0,0.0,0.0,0.0,20.0,0.3,0.1,0.2,0.1,0.4,0.1,0.1,0.1,0.5,0.0,65535.0,0.11393911650263218,0.0,65535.0,0.05133134966048676,0.0,0.0,0.0,0.0,0.0,0.0,0.0,0.0,0.0,0.0
38440.78,0.9570765797607093,0.0,30525.0,37.0,0.08809999999945414,30.8125,32.4375,36.950000000000045,0.0,0.0,0.0,0.0,0.0,20.0,0.3,0.1,0.2,0.1,0.4,0.1,0.1,0.1,0.5,0.0,65535.0,0.11406118867780575,0.0,65535.0,0.05178912031738766,0.0,0.0,0.0,0.0,0.0,0.0,0.0,0.0,0.0,0.0
38500.82,1.0019960650525923,0.0,30525.0,37.0,0.2113999999994574,30.8125,32.4375,36.870000000000005,0.0,0.0,0.0,0.0,0.0,20.0,0.3,0.1,0.2,0.1,0.4,0.1,0.1,0.1,0.5,0.0,65535.0,0.11412222476539254,0.0,65535.0,0.05166704814221408,0.0,0.0,0.0,0.0,0.0,0.0,0.0,0.0,0.0,0.0
38560.87,0.9938371405405645,0.0,30525.0,37.0,0.1483999999994536,30.875,32.5,36.950000000000045,0.0,0.0,0.0,0.0,0.0,20.0,0.3,0.1,0.2,0.1,0.4,0.1,0.1,0.1,0.5,0.0,65535.0,0.11462577248798352,0.0,65535.0,0.052399481193255514,0.0,0.0,0.0,0.0,0.0,0.0,0.0,0.0,0.0,0.0
38620.91,0.9675452542383397,0.0,30525.0,37.0,0.1780999999994533,30.875,32.4375,36.79000000000002,0.0,0.0,0.0,0.0,0.0,20.0,0.3,0.1,0.2,0.1,0.4,0.1,0.1,0.1,0.5,0.0,65535.0,0.11403067063401236,0.0,65535.0,0.05168230716411078,0.0,0.0,0.0,0.0,0.0,0.0,0.0,0.0,0.0,0.0
38680.98,1.0104735668844784,0.0,30525.0,37.0,0.18199999999945232,31.0,32.5,36.85000000000002,0.0,0.0,0.0,0.0,0.0,20.0,0.3,0.1,0.2,0.1,0.4,0.1,0.1,0.1,0.5,0.0,65535.0,0.11415274280918593,0.0,65535.0,0.052094300755321586,0.0,0.0,0.0,0.0,0.0,0.0,0.0,0.0,0.0,0.0
38741.04,0.9784903795275242,0.0,30525.0,37.0,0.16199999999945544,30.875,32.4375,37.05000000000001,0.0,0.0,0.0,0.0,0.0,20.0,0.3,0.1,0.2,0.1,0.4,0.1,0.1,0.1,0.5,0.0,65535.0,0.11462577248798352,0.0,65535.0,0.05206378271152819,0.0,0.0,0.0,0.0,0.0,0.0,0.0,0.0,0.0,0.0
38801.1,1.010251514133891,0.0,30525.0,37.0,0.17119999999944963,30.8125,32.4375,36.93000000000001,0.0,0.0,0.0,0.0,0.0,20.0,0.3,0.1,0.2,0.1,0.4,0.1,0.1,0.1,0.5,0.0,65535.0,0.11393911650263218,0.0,65535.0,0.052399481193255514,0.0,0.0,0.0,0.0,0.0,0.0,0.0,0.0,0.0,0.0
38861.15,0.9900633626790215,0.0,30525.0,37.0,0.1734999999994583,30.8125,32.375,37.05000000000001,0.0,0.0,0.0,0.0,0.0,20.0,0.3,0.1,0.2,0.1,0.4,0.1,0.1,0.1,0.5,0.0,65535.0,0.1142442969405661,0.0,65535.0,0.052811474784466315,0.0,0.0,0.0,0.0,0.0,0.0,0.0,0.0,0.0,0.0
38921.21,0.9817132719765607,0.0,30525.0,37.0,0.1625999999994523,30.9375,32.4375,36.77000000000004,0.0,0.0,0.0,0.0,0.0,20.0,0.3,0.1,0.2,0.1,0.4,0.1,0.1,0.1,0.5,0.0,65535.0,0.11444266422522316,0.0,65535.0,0.05261310749980926,0.0,0.0,0.0,0.0,0.0,0.0,0.0,0.0,0.0,0.0
38981.26,1.020604159069118,0.0,30525.0,37.0,0.1263999999994551,31.0,32.4375,37.03000000000003,0.0,0.0,0.0,0.0,0.0,20.0,0.3,0.1,0.2,0.1,0.4,0.1,0.1,0.1,0.5,0.0,65535.0,0.11474784466315709,0.0,65535.0,0.052811474784466315,0.0,0.0,0.0,0.0,0.0,0.0,0.0,0.0,0.0,0.0
39041.32,1.0068943662324077,0.0,30525.0,37.0,0.2110999999994474,30.875,32.375,36.85000000000002,0.0,0.0,0.0,0.0,0.0,20.0,0.3,0.1,0.2,0.1,0.4,0.1,0.1,0.1,0.5,0.0,65535.0,0.114702067597467,0.0,65535.0,0.053238727397573814,0.0,0.0,0.0,0.0,0.0,0.0,0.0,0.0,0.0,0.0
39101.39,0.9699747096257031,0.0,30525.0,37.0,0.1810999999994454,30.875,32.4375,37.01000000000005,0.0,0.0,0.0,0.0,0.0,20.0,0.3,0.1,0.2,0.1,0.4,0.1,0.1,0.1,0.5,0.0,65535.0,0.11522087434195467,0.0,65535.0,0.053070878156710154,0.0,0.0,0.0,0.0,0.0,0.0,0.0,0.0,0.0,0.0
39161.46,0.9852223983139924,0.0,30525.0,37.0,0.16849999999944348,30.9375,32.4375,36.89000000000004,0.0,0.0,0.0,0.0,0.0,20.0,0.3,0.1,0.2,0.1,0.4,0.1,0.1,0.1,0.5,0.0,65535.0,0.11549553673609522,0.0,65535.0,0.05313191424429694,0.0,0.0,0.0,0.0,0.0,0.0,0.0,0.0,0.0,0.0
39221.54,0.9758983673725916,0.0,30525.0,37.0,0.1531999999994415,30.875,32.375,36.93000000000001,0.0,0.0,0.0,0.0,0.0,20.0,0.3,0.1,0.2,0.1,0.4,0.1,0.1,0.1,0.5,0.0,65535.0,0.11581597619592585,0.0,65535.0,0.053727016098268104,0.0,0.0,0.0,0.0,0.0,0.0,0.0,0.0,0.0,0.0
39281.62,1.0007219224558792,0.0,30525.0,37.0,0.1669999999994406,30.875,32.4375,36.93000000000001,0.0,0.0,0.0,0.0,0.0,20.0,0.3,0.1,0.2,0.1,0.4,0.1,0.1,0.1,0.5,0.0,65535.0,0.11432059205004959,0.0,65535.0,0.054184786755168995,0.0,0.0,0.0,0.0,0.0,0.0,0.0,0.0,0.0,0.0
39341.68,0.9769662328650526,0.0,30525.0,37.0,0.17289999999944944,30.875,32.4375,36.93000000000001,0.0,0.0,0.0,0.0,0.0,20.0,0.3,0.1,0.2,0.1,0.4,0.1,0.1,0.1,0.5,0.0,65535.0,0.11482413977264057,0.0,65535.0,0.053849088273441675,0.0,0.0,0.0,0.0,0.0,0.0,0.0,0.0,0.0,0.0
39401.73,0.980301411397559,0.0,30525.0,37.0,0.1866999999994494,30.875,32.5,36.97000000000003,0.0,0.0,0.0,0.0,0.0,20.0,0.3,0.1,0.2,0.1,0.4,0.1,0.1,0.1,0.5,0.0,65535.0,0.11586175326161594,0.0,65535.0,0.053849088273441675,0.0,0.0,0.0,0.0,0.0,0.0,0.0,0.0,0.0,0.0
39461.77,1.001714258714041,0.0,30525.0,37.0,0.16989999999944788,30.9375,32.4375,36.950000000000045,0.0,0.0,0.0,0.0,0.0,20.0,0.3,0.1,0.2,0.1,0.4,0.1,0.1,0.1,0.5,0.0,65535.0,0.11444266422522316,0.0,65535.0,0.053940642404821854,0.0,0.0,0.0,0.0,0.0,0.0,0.0,0.0,0.0,0.0
39521.85,0.9990529645656063,0.0,30525.0,37.0,0.18229999999943744,30.875,32.4375,36.950000000000045,0.0,0.0,0.0,0.0,0.0,20.0,0.3,0.1,0.2,0.1,0.4,0.1,0.1,0.1,0.5,0.0,65535.0,0.1155718318455787,0.0,65535.0,0.054444190127412834,0.0,0.0,0.0,0.0,0.0,0.0,0.0,0.0,0.0,0.0
39581.92,1.0037280761046645,0.0,30525.0,37.0,0.16349999999944032,30.9375,32.4375,37.05000000000001,0.0,0.0,0.0,0.0,0.0,20.0,0.3,0.1,0.2,0.1,0.4,0.1,0.1,0.1,0.5,0.0,65535.0,0.11450370031280994,0.0,65535.0,0.054184786755168995,0.0,0.0,0.0,0.0,0.0,0.0,0.0,0.0,0.0,0.0
39641.98,0.9726315143985577,0.0,30525.0,37.0,0.15259999999943433,30.875,32.4375,36.85000000000002,0.0,0.0,0.0,0.0,0.0,20.0,0.3,0.1,0.2,0.1,0.4,0.1,0.1,0.1,0.5,0.0,65535.0,0.11619745174334326,0.0,65535.0,0.054444190127412834,0.0,0.0,0.0,0.0,0.0,0.0,0.0,0.0,0.0,0.0
39702.03,0.9677955837987442,0.0,30525.0,37.0,0.1943999999994398,31.0,32.4375,37.05000000000001,0.0,0.0,0.0,0.0,0.0,20.0,0.3,0.1,0.2,0.1,0.4,0.1,0.1,0.1,0.5,0.0,65535.0,0.11595330739299611,0.0,65535.0,0.05467307545586328,0.0,0.0,0.0,0.0,0.0,0.0,0.0,0.0,0.0,0.0
39762.07,0.9849730464369549,0.0,30525.0,37.0,0.10899999999944043,30.9375,32.4375,37.05000000000001,0.0,0.0,0.0,0.0,0.0,20.0,0.3,0.1,0.2,0.1,0.4,0.1,0.1,0.1,0.5,0.0,65535.0,0.1150988021667811,0.0,65535.0,0.05412375066758221,0.0,0.0,0.0,0.0,0.0,0.0,0.0,0.0,0.0,0.0
39822.15,1.0119051376657366,0.0,30525.0,37.0,0.23009999999943914,30.6875,32.4375,36.49000000000001,0.0,0.0,0.0,0.0,0.0,20.0,0.3,0.1,0.2,0.1,0.4,0.1,0.1,0.1,0.5,0.0,65535.0,0.1172961013199054,0.0,65535.0,0.05705348287174792,0.0,0.0,0.0,0.0,0.0,0.0,0.0,0.0,0.0,0.0
39882.22,0.9638943703382719,0.0,30525.0,37.0,0.10409999999943323,30.875,32.4375,37.25000000000006,0.0,0.0,0.0,0.0,0.0,20.0,0.3,0.1,0.2,0.1,0.4,0.1,0.1,0.1,0.5,0.0,65535.0,0.11537346456092165,0.0,65535.0,0.0545815213244831,0.0,0.0,0.0,0.0,0.0,0.0,0.0,0.0,0.0,0.0
39942.3,0.9768198306107848,0.0,30525.0,37.0,0.18379999999943009,30.9375,32.4375,36.89000000000004,0.0,0.0,0.0,0.0,0.0,20.0,0.3,0.1,0.2,0.1,0.4,0.1,0.1,0.1,0.5,0.0,65535.0,0.11515983825436789,0.0,65535.0,0.05476462958724346,0.0,0.0,0.0,0.0,0.0,0.0,0.0,0.0,0.0,0.0
40002.37,0.9609564080338595,0.0,30525.0,37.0,0.17439999999943862,30.9375,32.4375,36.93000000000001,0.0,0.0,0.0,0.0,0.0,20.0,0.3,0.1,0.2,0.1,0.4,0.1,0.1,0.1,0.5,0.0,65535.0,0.11493095292591744,0.0,65535.0,0.055069810025177385,0.0,0.0,0.0,0.0,0.0,0.0,0.0,0.0,0.0,0.0
40062.44,0.9754163707493113,0.0,30525.0,37.0,0.15169999999942743,30.8125,32.4375,37.01000000000005,0.0,0.0,0.0,0.0,0.0,20.0,0.3,0.1,0.2,0.1,0.4,0.1,0.1,0.1,0.5,0.0,65535.0,0.11586175326161594,0.0,65535.0,0.05510032806897078,0.0,0.0,0.0,0.0,0.0,0.0,0.0,0.0,0.0,0.0
40122.51,0.9929073466394317,0.0,30525.0,37.0,0.12629999999943034,30.9375,32.375,37.09000000000003,0.0,0.0,0.0,0.0,0.0,20.0,0.3,0.1,0.2,0.1,0.4,0.1,0.1,0.1,0.5,0.0,65535.0,0.11577019913023576,0.0,65535.0,0.055451285572594794,0.0,0.0,0.0,0.0,0.0,0.0,0.0,0.0,0.0,0.0
40182.59,0.992078813644394,0.0,30525.0,37.0,0.19869999999943724,30.8125,32.375,36.81,0.0,0.0,0.0,0.0,0.0,20.0,0.3,0.1,0.2,0.1,0.4,0.1,0.1,0.1,0.5,0.0,65535.0,0.11577019913023576,0.0,65535.0,0.05522240024414435,0.0,0.0,0.0,0.0,0.0,0.0,0.0,0.0,0.0,0.0
40242.68,0.9906767646168348,0.0,30525.0,37.0,0.14809999999942472,30.9375,32.4375,37.01000000000005,0.0,0.0,0.0,0.0,0.0,20.0,0.3,0.1,0.2,0.1,0.4,0.1,0.1,0.1,0.5,0.0,65535.0,0.11604486152437629,0.0,65535.0,0.0554207675288014,0.0,0.0,0.0,0.0,0.0,0.0,0.0,0.0,0.0,0.0
40302.74,1.0118459684963093,0.0,30525.0,37.0,0.17019999999943472,30.9375,32.4375,36.93000000000001,0.0,0.0,0.0,0.0,0.0,20.0,0.3,0.1,0.2,0.1,0.4,0.1,0.1,0.1,0.5,0.0,65535.0,0.11635004196231022,0.0,65535.0,0.055405508506904705,0.0,0.0,0.0,0.0,0.0,0.0,0.0,0.0,0.0,0.0
40362.82,0.9892253410614977,0.0,30525.0,37.0,0.18879999999943456,30.8125,32.4375,36.870000000000005,0.0,0.0,0.0,0.0,0.0,20.0,0.3,0.1,0.2,0.1,0.4,0.1,0.1,0.1,0.5,0.0,65535.0,0.11636530098420692,0.0,65535.0,0.05558861676966506,0.0,0.0,0.0,0.0,0.0,0.0,0.0,0.0,0.0,0.0
40422.88,0.990121890171942,0.0,30525.0,37.0,0.1849999999994238,30.9375,32.4375,36.89000000000004,0.0,0.0,0.0,0.0,0.0,20.0,0.3,0.1,0.2,0.1,0.4,0.1,0.1,0.1,0.5,0.0,65535.0,0.1159990844586862,0.0,65535.0,0.055619134813458454,0.0,0.0,0.0,0.0,0.0,0.0,0.0,0.0,0.0,0.0
40482.96,1.005074977043762,0.0,30525.0,37.0,0.1840999999994229,30.875,32.4375,36.89000000000004,0.0,0.0,0.0,0.0,0.0,20.0,0.3,0.1,0.2,0.1,0.4,0.1,0.1,0.1,0.5,0.0,65535.0,0.11624322880903334,0.0,65535.0,0.05534447241931792,0.0,0.0,0.0,0.0,0.0,0.0,0.0,0.0,0.0,0.0
40543.03,1.0159543528851243,0.0,30525.0,37.0,0.1454999999994253,30.8125,32.375,37.03000000000003,0.0,0.0,0.0,0.0,0.0,20.0,0.3,0.1,0.2,0.1,0.4,0.1,0.1,0.1,0.5,0.0,65535.0,0.11572442206454567,0.0,65535.0,0.055680170901045246,0.0,0.0,0.0,0.0,0.0,0.0,0.0,0.0,0.0,0.0
40603.11,0.9793967076815171,0.0,30525.0,37.0,0.186099999999431,30.875,32.4375,36.870000000000005,0.0,0.0,0.0,0.0,0.0,20.0,0.3,0.1,0.2,0.1,0.4,0.1,0.1,0.1,0.5,0.0,65535.0,0.11650263218127718,0.0,65535.0,0.055619134813458454,0.0,0.0,0.0,0.0,0.0,0.0,0.0,0.0,0.0,0.0
40663.18,0.9845501917062104,0.0,30525.0,37.0,0.1660999999994199,31.0,32.4375,36.950000000000045,0.0,0.0,0.0,0.0,0.0,20.0,0.3,0.1,0.2,0.1,0.4,0.1,0.1,0.1,0.5,0.0,65535.0,0.11586175326161594,0.0,65535.0,0.0558632791638056,0.0,0.0,0.0,0.0,0.0,0.0,0.0,0.0,0.0,0.0
40723.26,0.979276614045927,0.0,30525.0,37.0,0.12549999999942754,30.875,32.375,37.110000000000014,0.0,0.0,0.0,0.0,0.0,20.0,0.3,0.1,0.2,0.1,0.4,0.1,0.1,0.1,0.5,0.0,65535.0,0.11590753032730602,0.0,65535.0,0.056153200579842834,0.0,0.0,0.0,0.0,0.0,0.0,0.0,0.0,0.0,0.0
40783.33,0.9961608848490725,0.0,30525.0,37.0,0.19349999999942424,30.8125,32.4375,36.85000000000002,0.0,0.0,0.0,0.0,0.0,20.0,0.3,0.1,0.2,0.1,0.4,0.1,0.1,0.1,0.5,0.0,65535.0,0.11671625848783093,0.0,65535.0,0.055725947966735336,0.0,0.0,0.0,0.0,0.0,0.0,0.0,0.0,0.0,0.0
40843.4,0.9919843620143343,0.0,30525.0,37.0,0.175599999999428,30.875,32.4375,36.93000000000001,0.0,0.0,0.0,0.0,0.0,20.0,0.3,0.1,0.2,0.1,0.4,0.1,0.1,0.1,0.5,0.0,65535.0,0.11616693369954986,0.0,65535.0,0.05638208590829328,0.0,0.0,0.0,0.0,0.0,0.0,0.0,0.0,0.0,0.0
40903.47,0.9842440667730052,0.0,30525.0,37.0,0.1493999999994217,30.875,32.4375,37.03000000000003,0.0,0.0,0.0,0.0,0.0,20.0,0.3,0.1,0.2,0.1,0.4,0.1,0.1,0.1,0.5,0.0,65535.0,0.1164568551155871,0.0,65535.0,0.05574120698863203,0.0,0.0,0.0,0.0,0.0,0.0,0.0,0.0,0.0,0.0
40963.55,0.971882430085621,0.0,30525.0,37.0,0.17379999999942705,30.8125,32.4375,36.93000000000001,0.0,0.0,0.0,0.0,0.0,20.0,0.3,0.1,0.2,0.1,0.4,0.1,0.1,0.1,0.5,0.0,65535.0,0.11615167467765317,0.0,65535.0,0.055939574273289085,0.0,0.0,0.0,0.0,0.0,0.0,0.0,0.0,0.0,0.0
41023.63,0.9603846293353371,0.0,30525.0,37.0,0.17049999999942664,30.9375,32.4375,36.93000000000001,0.0,0.0,0.0,0.0,0.0,20.0,0.3,0.1,0.2,0.1,0.4,0.1,0.1,0.1,0.5,0.0,65535.0,0.11566338597695888,0.0,65535.0,0.05580224307621882,0.0,0.0,0.0,0.0,0.0,0.0,0.0,0.0,0.0,0.0
41083.69,0.9972691840101793,0.0,30525.0,37.0,0.19199999999942216,30.875,32.4375,36.85000000000002,0.0,0.0,0.0,0.0,0.0,20.0,0.3,0.1,0.2,0.1,0.4,0.1,0.1,0.1,0.5,0.0,65535.0,0.1172961013199054,0.0,65535.0,0.05668726634622721,0.0,0.0,0.0,0.0,0.0,0.0,0.0,0.0,0.0,0.0
41143.73,0.9911950837262051,0.0,30525.0,37.0,0.20819999999942163,30.875,32.4375,36.79000000000002,0.0,0.0,0.0,0.0,0.0,20.0,0.3,0.1,0.2,0.1,0.4,0.1,0.1,0.1,0.5,0.0,65535.0,0.1164568551155871,0.0,65535.0,0.05626001373311971,0.0,0.0,0.0,0.0,0.0,0.0,0.0,0.0,0.0,0.0
41203.77,1.0327838506827738,0.0,30525.0,37.0,0.14169999999942356,30.875,32.4375,37.05000000000001,0.0,0.0,0.0,0.0,0.0,20.0,0.3,0.1,0.2,0.1,0.4,0.1,0.1,0.1,0.5,0.0,65535.0,0.11711299305714504,0.0,65535.0,0.0563057907988098,0.0,0.0,0.0,0.0,0.0,0.0,0.0,0.0,0.0,0.0
41263.8,1.0054921318575394,0.0,30525.0,37.0,0.20619999999942515,30.8125,32.4375,36.81,0.0,0.0,0.0,0.0,0.0,20.0,0.3,0.1,0.2,0.1,0.4,0.1,0.1,0.1,0.5,0.0,65535.0,0.1172808422980087,0.0,65535.0,0.057114518959334705,0.0,0.0,0.0,0.0,0.0,0.0,0.0,0.0,0.0,0.0
41323.85,1.0023314775978398,0.0,30525.0,37.0,0.14289999999942246,31.0,32.4375,37.05000000000001,0.0,0.0,0.0,0.0,0.0,20.0,0.3,0.1,0.2,0.1,0.4,0.1,0.1,0.1,0.5,0.0,65535.0,0.11667048142214084,0.0,65535.0,0.05636682688639658,0.0,0.0,0.0,0.0,0.0,0.0,0.0,0.0,0.0,0.0
41383.89,0.9952615236729179,0.0,30525.0,37.0,0.18439999999941314,30.875,32.4375,36.89000000000004,0.0,0.0,0.0,0.0,0.0,20.0,0.3,0.1,0.2,0.1,0.4,0.1,0.1,0.1,0.5,0.0,65535.0,0.1172808422980087,0.0,65535.0,0.05647364003967346,0.0,0.0,0.0,0.0,0.0,0.0,0.0,0.0,0.0,0.0
41443.93,1.001470741154721,0.0,30525.0,37.0,0.21179999999941834,30.9375,32.4375,36.79000000000002,0.0,0.0,0.0,0.0,0.0,20.0,0.3,0.1,0.2,0.1,0.4,0.1,0.1,0.1,0.5,0.0,65535.0,0.11650263218127718,0.0,65535.0,0.05679407949950408,0.0,0.0,0.0,0.0,0.0,0.0,0.0,0.0,0.0,0.0
41503.98,0.9826417493687072,0.0,30525.0,37.0,0.14709999999942033,31.0,32.4375,37.05000000000001,0.0,0.0,0.0,0.0,0.0,20.0,0.3,0.1,0.2,0.1,0.4,0.1,0.1,0.1,0.5,0.0,65535.0,0.11671625848783093,0.0,65535.0,0.05687037460898756,0.0,0.0,0.0,0.0,0.0,0.0,0.0,0.0,0.0,0.0
41564.05,0.9831770276802192,0.0,30525.0,37.0,0.17319999999942073,30.875,32.4375,36.93000000000001,0.0,0.0,0.0,0.0,0.0,20.0,0.3,0.1,0.2,0.1,0.4,0.1,0.1,0.1,0.5,0.0,65535.0,0.11676203555352102,0.0,65535.0,0.05696192874036774,0.0,0.0,0.0,0.0,0.0,0.0,0.0,0.0,0.0,0.0
41624.09,1.065237359938414,0.0,30525.0,37.0,0.14699999999941443,30.9375,32.4375,37.03000000000003,0.0,0.0,0.0,0.0,0.0,20.0,0.3,0.1,0.2,0.1,0.4,0.1,0.1,0.1,0.5,0.0,65535.0,0.11754024567025254,0.0,65535.0,0.057450217441062025,0.0,0.0,0.0,0.0,0.0,0.0,0.0,0.0,0.0,0.0
41684.15,1.0175325638268031,0.0,30525.0,37.0,0.14639999999941328,31.0,32.5,37.03000000000003,0.0,0.0,0.0,0.0,0.0,20.0,0.3,0.1,0.2,0.1,0.4,0.1,0.1,0.1,0.5,0.0,65535.0,0.11653315022507058,0.0,65535.0,0.05674830243381399,0.0,0.0,0.0,0.0,0.0,0.0,0.0,0.0,0.0,0.0
41744.2,1.0015013432046211,0.0,30525.0,37.0,0.1522999999994079,30.875,32.4375,37.01000000000005,0.0,0.0,0.0,0.0,0.0,20.0,0.3,0.1,0.2,0.1,0.4,0.1,0.1,0.1,0.5,0.0,65535.0,0.11743343251697566,0.0,65535.0,0.05731288624399176,0.0,0.0,0.0,0.0,0.0,0.0,0.0,0.0,0.0,0.0
41804.27,1.0188720611280582,0.0,30525.0,37.0,0.1687999999994071,30.875,32.4375,36.950000000000045,0.0,0.0,0.0,0.0,0.0,20.0,0.3,0.1,0.2,0.1,0.4,0.1,0.1,0.1,0.5,0.0,65535.0,0.11741817349507896,0.0,65535.0,0.05702296482795453,0.0,0.0,0.0,0.0,0.0,0.0,0.0,0.0,0.0,0.0
41864.32,1.0137245783639837,0.0,30525.0,37.0,0.19529999999941228,30.875,32.4375,36.85000000000002,0.0,0.0,0.0,0.0,0.0,20.0,0.3,0.1,0.2,0.1,0.4,0.1,0.1,0.1,0.5,0.0,65535.0,0.11833371480888075,0.0,65535.0,0.05688563363088426,0.0,0.0,0.0,0.0,0.0,0.0,0.0,0.0,0.0,0.0
41924.39,0.9837595900688816,0.0,30525.0,37.0,0.17559999999941597,30.875,32.4375,36.93000000000001,0.0,0.0,0.0,0.0,0.0,20.0,0.3,0.1,0.2,0.1,0.4,0.1,0.1,0.1,0.5,0.0,65535.0,0.11755550469214923,0.0,65535.0,0.05683985656519417,0.0,0.0,0.0,0.0,0.0,0.0,0.0,0.0,0.0,0.0
41984.43,1.02881383994013,0.0,30525.0,37.0,0.14349999999941418,30.9375,32.4375,37.05000000000001,0.0,0.0,0.0,0.0,0.0,20.0,0.3,0.1,0.2,0.1,0.4,0.1,0.1,0.1,0.5,0.0,65535.0,0.11789120317387655,0.0,65535.0,0.05717555504692149,0.0,0.0,0.0,0.0,0.0,0.0,0.0,0.0,0.0,0.0
42044.48,1.0050932639367924,0.0,30525.0,37.0,0.15379999999940397,30.9375,32.4375,37.01000000000005,0.0,0.0,0.0,0.0,0.0,20.0,0.3,0.1,0.2,0.1,0.4,0.1,0.1,0.1,0.5,0.0,65535.0,0.117265583276112,0.0,65535.0,0.057236591134508276,0.0,0.0,0.0,0.0,0.0,0.0,0.0,0.0,0.0,0.0
42104.52,1.032197615196382,0.0,30525.0,37.0,0.18409999999940396,30.8125,32.4375,36.89000000000004,0.0,0.0,0.0,0.0,0.0,20.0,0.3,0.1,0.2,0.1,0.4,0.1,0.1,0.1,0.5,0.0,65535.0,0.11700617990386816,0.0,65535.0,0.057282368200198365,0.0,0.0,0.0,0.0,0.0,0.0,0.0,0.0,0.0,0.0
42164.56,0.9785373112585404,0.0,30525.0,37.0,0.14439999999941164,30.9375,32.4375,37.05000000000001,0.0,0.0,0.0,0.0,0.0,20.0,0.3,0.1,0.2,0.1,0.4,0.1,0.1,0.1,0.5,0.0,65535.0,0.11801327534905012,0.0,65535.0,0.05722133211261158,0.0,0.0,0.0,0.0,0.0,0.0,0.0,0.0,0.0,0.0
42224.61,0.9704791557617588,0.0,30525.0,37.0,0.18439999999940282,31.0,32.4375,36.89000000000004,0.0,0.0,0.0,0.0,0.0,20.0,0.3,0.1,0.2,0.1,0.4,0.1,0.1,0.1,0.5,0.0,65535.0,0.11824216067750057,0.0,65535.0,0.05735866330968185,0.0,0.0,0.0,0.0,0.0,0.0,0.0,0.0,0.0,0.0
42284.65,1.0104600387258345,0.0,30525.0,37.0,0.19059999999941224,30.9375,32.4375,36.870000000000005,0.0,0.0,0.0,0.0,0.0,20.0,0.3,0.1,0.2,0.1,0.4,0.1,0.1,0.1,0.5,0.0,65535.0,0.11787594415197986,0.0,65535.0,0.057404440375371936,0.0,0.0,0.0,0.0,0.0,0.0,0.0,0.0,0.0,0.0
42344.69,1.0331061902215868,0.0,30525.0,37.0,0.14529999999940996,30.9375,32.4375,37.05000000000001,0.0,0.0,0.0,0.0,0.0,20.0,0.3,0.1,0.2,0.1,0.4,0.1,0.1,0.1,0.5,0.0,65535.0,0.11819638361181048,0.0,65535.0,0.05735866330968185,0.0,0.0,0.0,0.0,0.0,0.0,0.0,0.0,0.0,0.0
42404.74,1.0030728775118114,0.0,30525.0,37.0,0.17379999999941073,30.9375,32.4375,36.93000000000001,0.0,0.0,0.0,0.0,0.0,20.0,0.3,0.1,0.2,0.1,0.4,0.1,0.1,0.1,0.5,0.0,65535.0,0.11938658731975281,0.0,65535.0,0.05871671625848783,0.0,0.0,0.0,0.0,0.0,0.0,0.0,0.0,0.0,0.0
42464.8,0.9883995517570183,0.0,30525.0,37.0,0.14109999999940864,30.9375,32.4375,37.05000000000001,0.0,0.0,0.0,0.0,0.0,20.0,0.3,0.1,0.2,0.1,0.4,0.1,0.1,0.1,0.5,0.0,65535.0,0.11793698023956664,0.0,65535.0,0.05760280766002899,0.0,0.0,0.0,0.0,0.0,0.0,0.0,0.0,0.0,0.0
42524.88,1.0243031057867547,0.0,30525.0,37.0,0.158999999999404,31.0625,32.4375,36.97000000000003,0.0,0.0,0.0,0.0,0.0,20.0,0.3,0.1,0.2,0.1,0.4,0.1,0.1,0.1,0.5,0.0,65535.0,0.11715877012283513,0.0,65535.0,0.0579995422293431,0.0,0.0,0.0,0.0,0.0,0.0,0.0,0.0,0.0,0.0
42584.94,0.9970854512285907,0.0,30525.0,37.0,0.21229999999939989,30.875,32.4375,36.77000000000004,0.0,0.0,0.0,0.0,0.0,20.0,0.3,0.1,0.2,0.1,0.4,0.1,0.1,0.1,0.5,0.0,65535.0,0.11781490806439307,0.0,65535.0,0.05783169298847944,0.0,0.0,0.0,0.0,0.0,0.0,0.0,0.0,0.0,0.0
42645.02,1.0018363316747094,0.0,30525.0,37.0,0.1307999999994004,30.875,32.4375,37.09000000000003,0.0,0.0,0.0,0.0,0.0,20.0,0.3,0.1,0.2,0.1,0.4,0.1,0.1,0.1,0.5,0.0,65535.0,0.11931029221026933,0.0,65535.0,0.05833524071107042,0.0,0.0,0.0,0.0,0.0,0.0,0.0,0.0,0.0,0.0
42705.09,1.0100687525423009,0.0,30525.0,37.0,0.19959999999940717,30.875,32.4375,36.81,0.0,0.0,0.0,0.0,0.0,20.0,0.3,0.1,0.2,0.1,0.4,0.1,0.1,0.1,0.5,0.0,65535.0,0.11863889524681467,0.0,65535.0,0.0579995422293431,0.0,0.0,0.0,0.0,0.0,0.0,0.0,0.0,0.0,0.0
42765.15,1.018333890103043,0.0,30525.0,37.0,0.16399999999939519,30.875,32.4375,36.950000000000045,0.0,0.0,0.0,0.0,0.0,20.0,0.3,0.1,0.2,0.1,0.4,0.1,0.1,0.1,0.5,0.0,65535.0,0.1198443579766537,0.0,65535.0,0.05868619821469444,0.0,0.0,0.0,0.0,0.0,0.0,0.0,0.0,0.0,0.0
42825.22,1.0145906713157076,0.0,30525.0,37.0,0.20289999999940583,30.9375,32.4375,36.81,0.0,0.0,0.0,0.0,0.0,20.0,0.3,0.1,0.2,0.1,0.4,0.1,0.1,0.1,0.5,0.0,65535.0,0.11920347905699245,0.0,65535.0,0.058152132448310065,0.0,0.0,0.0,0.0,0.0,0.0,0.0,0.0,0.0,0.0
42885.28,1.0294159637469054,0.0,30525.0,37.0,0.1719999999994038,30.8125,32.375,36.93000000000001,0.0,0.0,0.0,0.0,0.0,20.0,0.3,0.1,0.2,0.1,0.4,0.1,0.1,0.1,0.5,0.0,65535.0,0.11784542610818646,0.0,65535.0,0.05839627679865721,0.0,0.0,0.0,0.0,0.0,0.0,0.0,0.0,0.0,0.0
42945.38,1.03767142899969,0.0,30525.0,37.0,0.16349999999939815,31.0,32.4375,36.97000000000003,0.0,0.0,0.0,0.0,0.0,20.0,0.3,0.1,0.2,0.1,0.4,0.1,0.1,0.1,0.5,0.0,65535.0,0.11866941329060807,0.0,65535.0,0.058365758754863814,0.0,0.0,0.0,0.0,0.0,0.0,0.0,0.0,0.0,0.0
43005.44,1.0425297344740498,0.0,30525.0,37.0,0.1882999999993932,30.875,32.4375,36.89000000000004,0.0,0.0,0.0,0.0,0.0,20.0,0.3,0.1,0.2,0.1,0.4,0.1,0.1,0.1,0.5,0.0,65535.0,0.11883726253147173,0.0,65535.0,0.05876249332417792,0.0,0.0,0.0,0.0,0.0,0.0,0.0,0.0,0.0,0.0
43065.52,0.9829201329126633,0.0,30525.0,37.0,0.17119999999939112,30.9375,32.375,36.950000000000045,0.0,0.0,0.0,0.0,0.0,20.0,0.3,0.1,0.2,0.1,0.4,0.1,0.1,0.1,0.5,0.0,65535.0,0.11773861295490959,0.0,65535.0,0.05825894560158694,0.0,0.0,0.0,0.0,0.0,0.0,0.0,0.0,0.0,0.0
43125.56,0.9982318207693797,0.0,30525.0,37.0,0.19799999999939602,31.0,32.375,36.85000000000002,0.0,0.0,0.0,0.0,0.0,20.0,0.3,0.1,0.2,0.1,0.4,0.1,0.1,0.1,0.5,0.0,65535.0,0.11863889524681467,0.0,65535.0,0.05889982452124819,0.0,0.0,0.0,0.0,0.0,0.0,0.0,0.0,0.0,0.0
43185.64,1.0332757296819834,0.0,30525.0,37.0,0.1705999999993891,30.9375,32.3125,36.950000000000045,0.0,0.0,0.0,0.0,0.0,20.0,0.3,0.1,0.2,0.1,0.4,0.1,0.1,0.1,0.5,0.0,65535.0,0.11866941329060807,0.0,65535.0,0.05822842755779355,0.0,0.0,0.0,0.0,0.0,0.0,0.0,0.0,0.0,0.0
43245.69,1.004218409181326,0.0,30525.0,37.0,0.18849999999939868,30.875,32.375,36.870000000000005,0.0,0.0,0.0,0.0,0.0,20.0,0.3,0.1,0.2,0.1,0.4,0.1,0.1,0.1,0.5,0.0,65535.0,0.11831845578698405,0.0,65535.0,0.05859464408331426,0.0,0.0,0.0,0.0,0.0,0.0,0.0,0.0,0.0,0.0
43305.76,1.0256940655120221,0.0,30525.0,37.0,0.16489999999938745,31.0,32.375,36.950000000000045,0.0,0.0046,0.25,0.0,0.0,20.0,0.3,0.1,0.2,0.1,0.4,0.1,0.1,0.1,0.5,0.0,65535.0,0.11886778057526512,0.0,65535.0,0.05905241474021515,0.0,0.0,0.0,0.0,0.0,0.0,0.0,0.0,0.0,0.0
43365.84,0.9762413192318069,0.0,30525.0,37.0,0.2921999999993956,30.75,32.4375,36.49000000000001,0.0,0.0,0.0,0.0,0.0,20.0,0.3,0.1,0.2,0.1,0.4,0.1,0.1,0.1,0.5,0.0,65535.0,0.11580071717402915,0.0,65535.0,0.05746547646295872,0.0,0.0,0.0,0.0,0.0,0.0,0.0,0.0,0.0,0.0
43425.91,0.9837022239769047,0.0,30525.0,37.0,0.2234999999993921,30.9375,32.4375,36.79000000000002,0.0,0.0,0.0,0.0,0.0,20.0,0.3,0.1,0.2,0.1,0.4,0.1,0.1,0.1,0.5,0.0,65535.0,0.11580071717402915,0.0,65535.0,0.057404440375371936,0.0,0.0,0.0,0.0,0.0,0.0,0.0,0.0,0.0,0.0
43486.0,0.9689601138743755,0.0,30525.0,37.0,0.16834999999938458,30.8125,32.4375,37.05000000000001,0.0,0.0,0.0,0.0,0.0,20.0,0.3,0.1,0.2,0.1,0.4,0.1,0.1,0.1,0.5,0.0,65535.0,0.11578545815213245,0.0,65535.0,0.057495994506752114,0.0,0.0,0.0,0.0,0.0,0.0,0.0,0.0,0.0,0.0
43546.07,0.971444402220127,0.0,30525.0,37.0,0.16504999999938333,30.9375,32.375,37.03000000000003,0.0,0.0,0.0,0.0,0.0,20.0,0.3,0.1,0.2,0.1,0.4,0.1,0.1,0.1,0.5,0.0,65535.0,0.11581597619592585,0.0,65535.0,0.05774013885709926,0.0,0.0,0.0,0.0,0.0,0.0,0.0,0.0,0.0,0.0
43606.13,1.0023074827950367,0.0,30525.0,37.0,0.15114999999939172,31.125,32.375,36.93000000000001,0.0,0.0,0.0,0.0,0.0,20.0,0.3,0.1,0.2,0.1,0.4,0.1,0.1,0.1,0.5,0.0,65535.0,0.11628900587472343,0.0,65535.0,0.057495994506752114,0.0,0.0,0.0,0.0,0.0,0.0,0.0,0.0,0.0,0.0
43666.17,0.98881696659988,0.0,30525.0,37.0,0.16904999999938708,30.875,32.4375,36.77000000000004,0.0,0.0,0.0,0.0,0.0,20.0,0.3,0.1,0.2,0.1,0.4,0.1,0.1,0.1,0.5,0.0,65535.0,0.11654840924696727,0.0,65535.0,0.057984283207446405,0.0,0.0,0.0,0.0,0.0,0.0,0.0,0.0,0.0,0.0
43726.23,0.9867287939075692,0.0,30525.0,37.0,0.13164999999939012,30.9375,32.375,36.85000000000002,0.0,0.0,0.0,0.0,0.0,20.0,0.3,0.1,0.2,0.1,0.4,0.1,0.1,0.1,0.5,0.0,65535.0,0.11625848783093004,0.0,65535.0,0.05789272907606623,0.0,0.0,0.0,0.0,0.0,0.0,0.0,0.0,0.0,0.0
43786.32,0.9567116429888242,0.0,30525.0,37.0,0.16829999999938605,31.0625,32.4375,36.97000000000003,0.0,0.0,0.0,0.0,0.0,20.0,0.3,0.1,0.2,0.1,0.4,0.1,0.1,0.1,0.5,0.0,65535.0,0.1164568551155871,0.0,65535.0,0.058442053864347296,0.0,0.0,0.0,0.0,0.0,0.0,0.0,0.0,0.0,0.0
43846.39,0.9528288887645953,0.0,30525.0,37.0,0.11574999999938865,30.875,32.4375,37.05000000000001,0.0,0.0,0.0,0.0,0.0,20.0,0.3,0.1,0.2,0.1,0.4,0.1,0.1,0.1,0.5,0.0,65535.0,0.11590753032730602,0.0,65535.0,0.057862211032272834,0.0,0.0,0.0,0.0,0.0,0.0,0.0,0.0,0.0,0.0
43906.47,0.9770682033405252,0.0,30525.0,37.0,0.12834999999938884,30.9375,32.4375,36.81,0.0,0.0,0.0,0.0,0.0,20.0,0.3,0.1,0.2,0.1,0.4,0.1,0.1,0.1,0.5,0.0,65535.0,0.11653315022507058,0.0,65535.0,0.05845731288624399,0.0,0.0,0.0,0.0,0.0,0.0,0.0,0.0,0.0,0.0
43966.51,0.9552888387076799,0.0,30525.0,37.0,0.17424999999938973,30.9375,32.375,36.73000000000002,0.0,0.0,0.0,0.0,0.0,20.0,0.3,0.1,0.2,0.1,0.4,0.1,0.1,0.1,0.5,0.0,65535.0,0.1168688487067979,0.0,65535.0,0.05850308995193408,0.0,0.0,0.0,0.0,0.0,0.0,0.0,0.0,0.0,0.0
44026.56,0.9974468963795707,0.0,30525.0,37.0,0.14514999999938777,30.9375,32.375,37.03000000000003,0.0,0.0,0.0,0.0,0.0,20.0,0.3,0.1,0.2,0.1,0.4,0.1,0.1,0.1,0.5,0.0,65535.0,0.11673151750972763,0.0,65535.0,0.05847257190814069,0.0,0.0,0.0,0.0,0.0,0.0,0.0,0.0,0.0,0.0
44086.62,0.9625983539400542,0.0,30525.0,37.0,0.14634999999938753,31.0,32.375,36.870000000000005,0.0,0.0,0.0,0.0,0.0,20.0,0.3,0.1,0.2,0.1,0.4,0.1,0.1,0.1,0.5,0.0,65535.0,0.116411078049897,0.0,65535.0,0.05856412603952087,0.0,0.0,0.0,0.0,0.0,0.0,0.0,0.0,0.0,0.0
44146.66,0.9787885295858147,0.0,30525.0,37.0,0.1068499999993757,30.9375,32.375,36.950000000000045,0.0,0.0,0.0,0.0,0.0,20.0,0.3,0.1,0.2,0.1,0.4,0.1,0.1,0.1,0.5,0.0,65535.0,0.11738765545128557,0.0,65535.0,0.058823529411764705,0.0,0.0,0.0,0.0,0.0,0.0,0.0,0.0,0.0,0.0
44206.72,0.9805822334222991,0.0,30525.0,37.0,0.11974999999937477,30.875,32.4375,36.710000000000036,0.0,0.0,0.0,0.0,0.0,20.0,0.3,0.1,0.2,0.1,0.4,0.1,0.1,0.1,0.5,0.0,65535.0,0.11717402914473182,0.0,65535.0,0.05873197528038453,0.0,0.0,0.0,0.0,0.0,0.0,0.0,0.0,0.0,0.0
44266.8,0.9606166405547274,0.0,30525.0,37.0,0.16774999999937545,30.9375,32.4375,36.85000000000002,0.0,0.0,0.0,0.0,0.0,20.0,0.3,0.1,0.2,0.1,0.4,0.1,0.1,0.1,0.5,0.0,65535.0,0.1168383306630045,0.0,65535.0,0.059159227893492025,0.0,0.0,0.0,0.0,0.0,0.0,0.0,0.0,0.0,0.0
44326.87,0.9484819613630064,0.0,30525.0,37.0,0.14124999999938365,30.9375,32.4375,36.89000000000004,0.0,0.0,0.0,0.0,0.0,20.0,0.3,0.1,0.2,0.1,0.4,0.1,0.1,0.1,0.5,0.0,65535.0,0.1164568551155871,0.0,65535.0,0.05893034256504158,0.0,0.0,0.0,0.0,0.0,0.0,0.0,0.0,0.0,0.0
44386.93,0.9466719763319363,0.0,30525.0,37.0,0.12774999999938255,31.0,32.375,36.89000000000004,0.0,0.0,0.0,0.0,0.0,20.0,0.3,0.1,0.2,0.1,0.4,0.1,0.1,0.1,0.5,0.0,65535.0,0.11667048142214084,0.0,65535.0,0.05902189669642176,0.0,0.0,0.0,0.0,0.0,0.0,0.0,0.0,0.0,0.0
44447.0,1.0052899533159172,0.0,30525.0,37.0,0.1892499999993843,30.875,32.4375,36.870000000000005,0.0,0.0,0.0,0.0,0.0,20.0,0.3,0.1,0.2,0.1,0.4,0.1,0.1,0.1,0.5,0.0,65535.0,0.11735713740749218,0.0,65535.0,0.059540703440909434,0.0,0.0,0.0,0.0,0.0,0.0,0.0,0.0,0.0,0.0
44507.08,1.0007982393213752,0.0,30525.0,37.0,0.1651499999993778,30.75,32.375,37.03000000000003,0.0,0.0,0.0,0.0,0.0,20.0,0.3,0.1,0.2,0.1,0.4,0.1,0.1,0.1,0.5,0.0,65535.0,0.11677729457541772,0.0,65535.0,0.05917448691538872,0.0,0.0,0.0,0.0,0.0,0.0,0.0,0.0,0.0,0.0
44567.14,0.9490836075060763,0.0,30525.0,37.0,0.13484999999937605,30.9375,32.375,36.950000000000045,0.0,0.0,0.0,0.0,0.0,20.0,0.3,0.1,0.2,0.1,0.4,0.1,0.1,0.1,0.5,0.0,65535.0,0.11709773403524834,0.0,65535.0,0.0592660410467689,0.0,0.0,0.0,0.0,0.0,0.0,0.0,0.0,0.0,0.0
44627.19,0.9575983643113287,0.0,30525.0,37.0,0.11274999999937937,30.9375,32.375,36.77000000000004,0.0,0.0,0.0,0.0,0.0,20.0,0.3,0.1,0.2,0.1,0.4,0.1,0.1,0.1,0.5,0.0,65535.0,0.11754024567025254,0.0,65535.0,0.059647516594186316,0.0,0.0,0.0,0.0,0.0,0.0,0.0,0.0,0.0,0.0
44687.26,0.9935419613136802,0.0,30525.0,37.0,0.10474999999936818,30.875,32.4375,36.89000000000004,0.0,0.0,0.0,0.0,0.0,20.0,0.3,0.1,0.2,0.1,0.4,0.1,0.1,0.1,0.5,0.0,65535.0,0.11697566186007477,0.0,65535.0,0.05952544441901274,0.0,0.0,0.0,0.0,0.0,0.0,0.0,0.0,0.0,0.0
44747.33,0.9525275676155699,0.0,30525.0,37.0,0.13004999999937272,30.875,32.4375,36.89000000000004,0.0,0.0,0.0,0.0,0.0,20.0,0.3,0.1,0.2,0.1,0.4,0.1,0.1,0.1,0.5,0.0,65535.0,0.11784542610818646,0.0,65535.0,0.06018158236057069,0.0,0.0,0.0,0.0,0.0,0.0,0.0,0.0,0.0,0.0
44807.41,0.9465172576760192,0.0,30525.0,37.0,0.17184999999937817,31.0,32.375,36.79000000000002,0.0,0.0,0.0,0.0,0.0,20.0,0.3,0.1,0.2,0.1,0.4,0.1,0.1,0.1,0.5,0.0,65535.0,0.117265583276112,0.0,65535.0,0.06009002822919051,0.0,0.0,0.0,0.0,0.0,0.0,0.0,0.0,0.0,0.0
44867.48,0.9920866275033964,0.0,30525.0,37.0,0.1088499999993752,30.9375,32.375,36.93000000000001,0.0,0.0,0.0,0.0,0.0,20.0,0.3,0.1,0.2,0.1,0.4,0.1,0.1,0.1,0.5,0.0,65535.0,0.11792172121766994,0.0,65535.0,0.06063935301747158,0.0,0.0,0.0,0.0,0.0,0.0,0.0,0.0,0.0,0.0
44927.54,0.9779707079544944,0.0,30525.0,37.0,0.1827499999993674,30.9375,32.375,36.93000000000001,0.0,0.0,0.0,0.0,0.0,20.0,0.3,0.1,0.2,0.1,0.4,0.1,0.1,0.1,0.5,0.0,65535.0,0.11749446860456245,0.0,65535.0,0.05999847409781033,0.0,0.0,0.0,0.0,0.0,0.0,0.0,0.0,0.0,0.0
44987.58,0.957528269313906,0.0,30525.0,37.0,0.1624499999993708,30.875,32.4375,36.950000000000045,0.0,0.0,0.0,0.0,0.0,20.0,0.3,0.1,0.2,0.1,0.4,0.1,0.1,0.1,0.5,0.0,65535.0,0.11721980621042191,0.0,65535.0,0.060532539864194705,0.0,0.0,0.0,0.0,0.0,0.0,0.0,0.0,0.0,0.0
45047.65,0.9484421297107551,0.0,30525.0,37.0,0.14654999999936932,31.0,32.375,36.93000000000001,0.0,0.0,0.0,0.0,0.0,20.0,0.3,0.1,0.2,0.1,0.4,0.1,0.1,0.1,0.5,0.0,65535.0,0.11868467231250476,0.0,65535.0,0.06085297932402533,0.0,0.0,0.0,0.0,0.0,0.0,0.0,0.0,0.0,0.0
45107.73,0.9561440968978496,0.0,30525.0,37.0,0.15184999999936366,30.9375,32.4375,36.81,0.0,0.0,0.0,0.0,0.0,20.0,0.3,0.1,0.2,0.1,0.4,0.1,0.1,0.1,0.5,0.0,65535.0,0.11819638361181048,0.0,65535.0,0.06105134660868238,0.0,0.0,0.0,0.0,0.0,0.0,0.0,0.0,0.0,0.0
45167.8,0.9734342083126175,0.0,30525.0,37.0,0.16594999999936333,30.8125,32.4375,36.77000000000004,0.0,0.0,0.0,0.0,0.0,20.0,0.3,0.1,0.2,0.1,0.4,0.1,0.1,0.1,0.5,0.0,65535.0,0.11758602273594262,0.0,65535.0,0.06094453345540551,0.0,0.0,0.0,0.0,0.0,0.0,0.0,0.0,0.0,0.0
45227.87,0.9921567271254791,0.0,30525.0,37.0,0.16534999999936215,31.125,32.375,36.85000000000002,0.0,0.0,0.0,0.0,0.0,20.0,0.3,0.1,0.2,0.1,0.4,0.1,0.1,0.1,0.5,0.0,65535.0,0.11805905241474021,0.0,65535.0,0.061036087586785685,0.0,0.0,0.0,0.0,0.0,0.0,0.0,0.0,0.0,0.0
45287.95,0.9490967676679473,0.0,30525.0,37.0,0.14564999999936498,31.1875,32.375,37.01000000000005,0.0,0.0,0.0,0.0,0.0,20.0,0.3,0.1,0.2,0.1,0.4,0.1,0.1,0.1,0.5,0.0,65535.0,0.11815060654612039,0.0,65535.0,0.06102082856488899,0.0,0.0,0.0,0.0,0.0,0.0,0.0,0.0,0.0,0.0
45348.02,0.9603919610352392,0.0,30525.0,37.0,0.13854999999936887,30.875,32.375,36.89000000000004,0.0,0.0,0.0,0.0,0.0,20.0,0.3,0.1,0.2,0.1,0.4,0.1,0.1,0.1,0.5,0.0,65535.0,0.11764705882352941,0.0,65535.0,0.06109712367437247,0.0,0.0,0.0,0.0,0.0,0.0,0.0,0.0,0.0,0.0
45408.09,0.962923248991648,0.0,30525.0,37.0,0.1638499999993592,30.875,32.4375,36.81,0.0,0.0,0.0,0.0,0.0,20.0,0.3,0.1,0.2,0.1,0.4,0.1,0.1,0.1,0.5,0.0,65535.0,0.11947814145113299,0.0,65535.0,0.06144808117799649,0.0,0.0,0.0,0.0,0.0,0.0,0.0,0.0,0.0,0.0
45468.17,0.959603990144247,0.0,30525.0,37.0,0.161549999999363,30.875,32.4375,36.85000000000002,0.0,0.0,0.0,0.0,0.0,20.0,0.3,0.1,0.2,0.1,0.4,0.1,0.1,0.1,0.5,0.0,65535.0,0.11804379339284352,0.0,65535.0,0.06144808117799649,0.0,0.0,0.0,0.0,0.0,0.0,0.0,0.0,0.0,0.0
45528.25,0.9748492484387925,0.0,30525.0,37.0,0.12234999999936597,30.8125,32.375,36.93000000000001,0.0,0.0,0.0,0.0,0.0,20.0,0.3,0.1,0.2,0.1,0.4,0.1,0.1,0.1,0.5,0.0,65535.0,0.11879148546578164,0.0,65535.0,0.06160067139696346,0.0,0.0,0.0,0.0,0.0,0.0,0.0,0.0,0.0,0.0
45588.32,0.9770943078137112,0.0,30525.0,37.0,0.11824999999935548,30.875,32.375,36.97000000000003,0.0,0.0,0.0,0.0,0.0,20.0,0.3,0.1,0.2,0.1,0.4,0.1,0.1,0.1,0.5,0.0,65535.0,0.11874570840009155,0.0,65535.0,0.061524376287479976,0.0,0.0,0.0,0.0,0.0,0.0,0.0,0.0,0.0,0.0
45648.39,0.9563467444674305,0.0,30525.0,37.0,0.1647499999993558,30.9375,32.4375,36.710000000000036,0.0,0.0,0.0,0.0,0.0,20.0,0.3,0.1,0.2,0.1,0.4,0.1,0.1,0.1,0.5,0.0,65535.0,0.11847104600595101,0.0,65535.0,0.06147859922178988,0.0,0.0,0.0,0.0,0.0,0.0,0.0,0.0,0.0,0.0
45708.46,1.0002431277728925,0.0,30525.0,37.0,0.1638499999993549,30.8125,32.4375,36.79000000000002,0.0,0.0,0.0,0.0,0.0,20.0,0.3,0.1,0.2,0.1,0.4,0.1,0.1,0.1,0.5,0.0,65535.0,0.11841000991836423,0.0,65535.0,0.06204318303196765,0.0,0.0,0.0,0.0,0.0,0.0,0.0,0.0,0.0,0.0
45768.52,0.9811926334456351,0.0,30525.0,37.0,0.2036499999993656,30.8125,32.375,36.870000000000005,0.0,0.0,0.0,0.0,0.0,20.0,0.3,0.1,0.2,0.1,0.4,0.1,0.1,0.1,0.5,0.0,65535.0,0.11834897383077744,0.0,65535.0,0.06158541237506676,0.0,0.0,0.0,0.0,0.0,0.0,0.0,0.0,0.0,0.0
45828.58,0.9612248317754425,0.0,30525.0,37.0,0.1215499999993516,30.875,32.4375,36.93000000000001,0.0,0.0,0.0,0.0,0.0,20.0,0.3,0.1,0.2,0.1,0.4,0.1,0.1,0.1,0.5,0.0,65535.0,0.11955443656061647,0.0,65535.0,0.06198214694438087,0.0,0.0,0.0,0.0,0.0,0.0,0.0,0.0,0.0,0.0
45888.65,0.9590048341284529,0.0,30525.0,37.0,0.17334999999936215,30.8125,32.4375,36.93000000000001,0.0,0.0,0.0,0.0,0.0,20.0,0.3,0.1,0.2,0.1,0.4,0.1,0.1,0.1,0.5,0.0,65535.0,0.1185473411154345,0.0,65535.0,0.06176852063782712,0.0,0.0,0.0,0.0,0.0,0.0,0.0,0.0,0.0,0.0
45948.72,1.0005301012230097,0.0,30525.0,37.0,0.1477499999993553,30.875,32.375,36.85000000000002,0.0,0.0,0.0,0.0,0.0,20.0,0.3,0.1,0.2,0.1,0.4,0.1,0.1,0.1,0.5,0.0,65535.0,0.1189593347066453,0.0,65535.0,0.06172274357213703,0.0,0.0,0.0,0.0,0.0,0.0,0.0,0.0,0.0,0.0
46008.79,0.9718125747993567,0.0,30525.0,37.0,0.18004999999935095,30.9375,32.375,37.09000000000003,0.0,0.0,0.0,0.0,0.0,20.0,0.3,0.1,0.2,0.1,0.4,0.1,0.1,0.1,0.5,0.0,65535.0,0.11927977416647594,0.0,65535.0,0.0622720683604181,0.0,0.0,0.0,0.0,0.0,0.0,0.0,0.0,0.0,0.0
46068.87,0.9864126046237467,0.0,30525.0,37.0,0.2251499999993568,30.8125,32.4375,37.03000000000003,0.0,0.0,0.0,0.0,0.0,20.0,0.3,0.1,0.2,0.1,0.4,0.1,0.1,0.1,0.5,0.0,65535.0,0.11903562981612878,0.0,65535.0,0.06221103227283131,0.0,0.0,0.0,0.0,0.0,0.0,0.0,0.0,0.0,0.0
46128.95,0.9494791481499909,0.0,30525.0,37.0,0.11244999999935643,30.75,32.375,37.01000000000005,0.0,0.0,0.0,0.0,0.0,20.0,0.3,0.1,0.2,0.1,0.4,0.1,0.1,0.1,0.5,0.0,65535.0,0.11923399710078585,0.0,65535.0,0.06271457999542229,0.0,0.0,0.0,0.0,0.0,0.0,0.0,0.0,0.0,0.0
46189.02,0.9709115724779418,0.0,30525.0,37.0,0.12294999999935596,30.8125,32.375,36.870000000000005,0.0,0.0,0.0,0.0,0.0,20.0,0.3,0.1,0.2,0.1,0.4,0.1,0.1,0.1,0.5,0.0,65535.0,0.11914244296940567,0.0,65535.0,0.062363622491798276,0.0,0.0,0.0,0.0,0.0,0.0,0.0,0.0,0.0,0.0
46249.1,1.0086046523012513,0.0,30525.0,37.0,0.13524999999935558,30.875,32.375,36.93000000000001,0.0,0.0,0.0,0.0,0.0,20.0,0.3,0.1,0.2,0.1,0.4,0.1,0.1,0.1,0.5,0.0,65535.0,0.11979858091096361,0.0,65535.0,0.06230258640421149,0.0,0.0,0.0,0.0,0.0,0.0,0.0,0.0,0.0,0.0
46309.16,0.9745649647548236,0.0,30525.0,37.0,0.16854999999935627,30.875,32.4375,36.79000000000002,0.0,0.0,0.0,0.0,0.0,20.0,0.3,0.1,0.2,0.1,0.4,0.1,0.1,0.1,0.5,0.0,65535.0,0.11929503318837263,0.0,65535.0,0.06234836346990158,0.0,0.0,0.0,0.0,0.0,0.0,0.0,0.0,0.0,0.0
46369.22,0.965866962374101,0.0,30525.0,37.0,0.19154999999935127,30.875,32.375,36.710000000000036,0.0,0.0,0.0,0.0,0.0,20.0,0.3,0.1,0.2,0.1,0.4,0.1,0.1,0.1,0.5,0.0,65535.0,0.11981383993286031,0.0,65535.0,0.06286717021438926,0.0,0.0,0.0,0.0,0.0,0.0,0.0,0.0,0.0,0.0
46429.3,0.9391830720597336,0.0,30525.0,37.0,0.1630499999993496,30.8125,32.4375,36.81,0.0,0.0,0.0,0.0,0.0,20.0,0.3,0.1,0.2,0.1,0.4,0.1,0.1,0.1,0.5,0.0,65535.0,0.11924925612268254,0.0,65535.0,0.06259250782024872,0.0,0.0,0.0,0.0,0.0,0.0,0.0,0.0,0.0,0.0
46489.37,0.9630109414837863,0.0,30525.0,37.0,0.16274999999934903,30.75,32.375,36.93000000000001,0.0,0.0,0.0,0.0,0.0,20.0,0.3,0.1,0.2,0.1,0.4,0.1,0.1,0.1,0.5,0.0,65535.0,0.11869993133440146,0.0,65535.0,0.06301976043335622,0.0,0.0,0.0,0.0,0.0,0.0,0.0,0.0,0.0,0.0
46549.44,0.9977080391610649,0.0,30525.0,37.0,0.11004999999935092,30.875,32.375,36.85000000000002,0.0,0.0,0.0,0.0,0.0,20.0,0.3,0.1,0.2,0.1,0.4,0.1,0.1,0.1,0.5,0.0,65535.0,0.12040894178683147,0.0,65535.0,0.06295872434576943,0.0,0.0,0.0,0.0,0.0,0.0,0.0,0.0,0.0,0.0
46609.52,0.9526461292348918,0.0,30525.0,37.0,0.16154999999934755,30.75,32.375,36.650000000000034,0.0,0.0,0.0,0.0,0.0,20.0,0.3,0.1,0.2,0.1,0.4,0.1,0.1,0.1,0.5,0.0,65535.0,0.12030212863355459,0.0,65535.0,0.06297398336766613,0.0,0.0,0.0,0.0,0.0,0.0,0.0,0.0,0.0,0.0
46669.59,1.0028759215598166,0.0,30525.0,37.0,0.14654999999934612,30.875,32.4375,36.950000000000045,0.0,0.0,0.0,0.0,0.0,20.0,0.3,0.1,0.2,0.1,0.4,0.1,0.1,0.1,0.5,0.0,65535.0,0.1198443579766537,0.0,65535.0,0.06297398336766613,0.0,0.0,0.0,0.0,0.0,0.0,0.0,0.0,0.0,0.0
46729.65,0.9677044853843757,0.0,30525.0,37.0,0.16654999999934128,30.8125,32.375,36.870000000000005,0.0,0.0,0.0,0.0,0.0,20.0,0.3,0.1,0.2,0.1,0.4,0.1,0.1,0.1,0.5,0.0,65535.0,0.12040894178683147,0.0,65535.0,0.06315709163042649,0.0,0.0,0.0,0.0,0.0,0.0,0.0,0.0,0.0,0.0
46789.73,0.9777836069828698,0.0,30525.0,37.0,0.12114999999934817,30.9375,32.4375,36.870000000000005,0.0,0.0,0.0,0.0,0.0,20.0,0.3,0.1,0.2,0.1,0.4,0.1,0.1,0.1,0.5,0.0,65535.0,0.12075989929045548,0.0,65535.0,0.06306553749904631,0.0,0.0,0.0,0.0,0.0,0.0,0.0,0.0,0.0,0.0
46849.79,0.9655377865653728,0.0,30525.0,37.0,0.18414999999935025,30.875,32.4375,36.79000000000002,0.0,0.0,0.0,0.0,0.0,20.0,0.3,0.1,0.2,0.1,0.4,0.1,0.1,0.1,0.5,0.0,65535.0,0.12042420080872816,0.0,65535.0,0.06323338673990997,0.0,0.0,0.0,0.0,0.0,0.0,0.0,0.0,0.0,0.0
46909.85,1.0177730591510068,0.0,30525.0,37.0,0.1659499999993392,30.875,32.375,36.85000000000002,0.0,0.0,0.0,0.0,0.0,20.0,0.3,0.1,0.2,0.1,0.4,0.1,0.1,0.1,0.5,0.0,65535.0,0.12056153200579843,0.0,65535.0,0.06359960326543068,0.0,0.0,0.0,0.0,0.0,0.0,0.0,0.0,0.0,0.0
46969.93,0.9856061096791568,0.0,30525.0,37.0,0.10624999999933579,30.875,32.375,37.110000000000014,0.0,0.0,0.0,0.0,0.0,20.0,0.3,0.1,0.2,0.1,0.4,0.1,0.1,0.1,0.5,0.0,65535.0,0.12060730907148852,0.0,65535.0,0.06340123598077363,0.0,0.0,0.0,0.0,0.0,0.0,0.0,0.0,0.0,0.0
47030.01,0.9857028358793295,0.0,30525.0,37.0,0.1250499999993454,30.9375,32.375,36.950000000000045,0.0,0.0,0.0,0.0,0.0,20.0,0.3,0.1,0.2,0.1,0.4,0.1,0.1,0.1,0.5,0.0,65535.0,0.12036316472114138,0.0,65535.0,0.0635385671778439,0.0,0.0,0.0,0.0,0.0,0.0,0.0,0.0,0.0,0.0
47090.08,1.0054639219216142,0.0,30525.0,37.0,0.1927499999993424,30.8125,32.4375,36.85000000000002,0.0,0.0,0.0,0.0,0.0,20.0,0.3,0.1,0.2,0.1,0.4,0.1,0.1,0.1,0.5,0.0,65535.0,0.12114137483787289,0.0,65535.0,0.063935301747158,0.0,0.0,0.0,0.0,0.0,0.0,0.0,0.0,0.0,0.0
47150.12,0.9786827498682698,0.0,30525.0,37.0,0.21134999999934223,30.8125,32.375,36.85000000000002,0.0,0.0,0.0,0.0,0.0,20.0,0.3,0.1,0.2,0.1,0.4,0.1,0.1,0.1,0.5,0.0,65535.0,0.12042420080872816,0.0,65535.0,0.06358434424353399,0.0,0.0,0.0,0.0,0.0,0.0,0.0,0.0,0.0,0.0
47210.16,0.9908410278725,0.0,30525.0,37.0,0.13724999999933857,30.9375,32.375,37.01000000000005,0.0,0.0,0.0,0.0,0.0,20.0,0.3,0.1,0.2,0.1,0.4,0.1,0.1,0.1,0.5,0.0,65535.0,0.12086671244373236,0.0,65535.0,0.06416418707560845,0.0,0.0,0.0,0.0,0.0,0.0,0.0,0.0,0.0,0.0
47270.21,0.9501487038298169,0.0,30525.0,37.0,0.12274999999933242,31.0625,32.3125,36.89000000000004,0.0,0.0,0.0,0.0,0.0,20.0,0.3,0.1,0.2,0.1,0.4,0.1,0.1,0.1,0.5,0.0,65535.0,0.12295719844357976,0.0,65535.0,0.0639505607690547,0.0,0.0,0.0,0.0,0.0,0.0,0.0,0.0,0.0,0.0
47330.25,0.9471205023724899,0.0,30525.0,37.0,0.16064999999933802,30.9375,32.4375,36.73000000000002,0.0,0.0,0.0,0.0,0.0,20.0,0.3,0.1,0.2,0.1,0.4,0.1,0.1,0.1,0.5,0.0,65535.0,0.12123292896925307,0.0,65535.0,0.06408789196612497,0.0,0.0,0.0,0.0,0.0,0.0,0.0,0.0,0.0,0.0
47390.3,0.9824181362113644,0.0,30525.0,37.0,0.18744999999934292,30.875,32.375,36.97000000000003,0.0,0.0,0.0,0.0,0.0,20.0,0.3,0.1,0.2,0.1,0.4,0.1,0.1,0.1,0.5,0.0,65535.0,0.12156862745098039,0.0,65535.0,0.063935301747158,0.0,0.0,0.0,0.0,0.0,0.0,0.0,0.0,0.0,0.0
47450.34,0.9533413768585804,0.0,30525.0,37.0,0.1824499999993324,31.0625,32.375,36.97000000000003,0.0,0.0,0.0,0.0,0.0,20.0,0.3,0.1,0.2,0.1,0.4,0.1,0.1,0.1,0.5,0.0,65535.0,0.12205691615167467,0.0,65535.0,0.06382848859388113,0.0,0.0,0.0,0.0,0.0,0.0,0.0,0.0,0.0,0.0
47510.39,0.9983107986316733,0.0,30525.0,37.0,0.1397499999993394,30.875,32.375,36.89000000000004,0.0,0.0,0.0,0.0,0.0,20.0,0.3,0.1,0.2,0.1,0.4,0.1,0.1,0.1,0.5,0.0,65535.0,0.12210269321736476,0.0,65535.0,0.06384374761577782,0.0,0.0,0.0,0.0,0.0,0.0,0.0,0.0,0.0,0.0
47570.43,0.977028661304783,0.0,30525.0,37.0,0.12794999999933335,30.875,32.3125,36.85000000000002,0.0,0.0,0.0,0.0,0.0,20.0,0.3,0.1,0.2,0.1,0.4,0.1,0.1,0.1,0.5,0.0,65535.0,0.12103456168459602,0.0,65535.0,0.06398107881284809,0.0,0.0,0.0,0.0,0.0,0.0,0.0,0.0,0.0,0.0
47630.5,0.9804794130067557,0.0,30525.0,37.0,0.15914999999933338,30.8125,32.375,36.77000000000004,0.0,0.0,0.0,0.0,0.0,20.0,0.3,0.1,0.2,0.1,0.4,0.1,0.1,0.1,0.5,0.0,65535.0,0.12143129625391012,0.0,65535.0,0.06442359044785229,0.0,0.0,0.0,0.0,0.0,0.0,0.0,0.0,0.0,0.0
47690.57,0.9814544186969621,0.0,30525.0,37.0,0.17004999999933768,30.875,32.375,36.85000000000002,0.0,0.0,0.0,0.0,0.0,20.0,0.3,0.1,0.2,0.1,0.4,0.1,0.1,0.1,0.5,0.0,65535.0,0.12179751277943084,0.0,65535.0,0.06454566262302587,0.0,0.0,0.0,0.0,0.0,0.0,0.0,0.0,0.0,0.0
47750.61,0.9623157654104174,0.0,30525.0,37.0,0.1226499999993356,30.8125,32.375,36.81,0.0,0.0,0.0,0.0,0.0,20.0,0.3,0.1,0.2,0.1,0.4,0.1,0.1,0.1,0.5,0.0,65535.0,0.12256046387426565,0.0,65535.0,0.06433203631647211,0.0,0.0,0.0,0.0,0.0,0.0,0.0,0.0,0.0,0.0
47810.68,0.9667174503828263,0.0,30525.0,37.0,0.18654999999933772,30.875,32.375,36.89000000000004,0.0,0.0,0.0,0.0,0.0,20.0,0.3,0.1,0.2,0.1,0.4,0.1,0.1,0.1,0.5,0.0,65535.0,0.12254520485236896,0.0,65535.0,0.06454566262302587,0.0,0.0,0.0,0.0,0.0,0.0,0.0,0.0,0.0,0.0
47870.74,0.993197975425125,0.0,30525.0,37.0,0.16154999999933117,30.9375,32.4375,36.870000000000005,0.0,0.0,0.0,0.0,0.0,20.0,0.3,0.1,0.2,0.1,0.4,0.1,0.1,0.1,0.5,0.0,65535.0,0.12166018158236057,0.0,65535.0,0.06465247577630275,0.0,0.0,0.0,0.0,0.0,0.0,0.0,0.0,0.0,0.0
47930.78,0.9679902979993564,0.0,30525.0,37.0,0.16804999999932524,30.8125,32.4375,36.870000000000005,0.0,0.0,0.0,0.0,0.0,20.0,0.3,0.1,0.2,0.1,0.4,0.1,0.1,0.1,0.5,0.0,65535.0,0.12265201800564583,0.0,65535.0,0.06465247577630275,0.0,0.0,0.0,0.0,0.0,0.0,0.0,0.0,0.0,0.0
47990.84,0.970075834336716,0.0,30525.0,37.0,0.1468499999993286,30.9375,32.4375,37.13000000000005,0.0,0.0,0.0,0.0,0.0,20.0,0.3,0.1,0.2,0.1,0.4,0.1,0.1,0.1,0.5,0.0,65535.0,0.12300297550926985,0.0,65535.0,0.06512550545510033,0.0,0.0,0.0,0.0,0.0,0.0,0.0,0.0,0.0,0.0
48050.88,0.9636741717940086,0.0,30525.0,37.0,0.09004999999932084,30.9375,32.375,36.89000000000004,0.0,0.0,0.0,0.0,0.0,20.0,0.3,0.1,0.2,0.1,0.4,0.1,0.1,0.1,0.5,0.0,65535.0,0.12246890974288548,0.0,65535.0,0.0643930724040589,0.0,0.0,0.0,0.0,0.0,0.0,0.0,0.0,0.0,0.0
48110.94,0.9733254065736192,0.0,30525.0,37.0,0.14414999999932676,30.875,32.4375,37.03000000000003,0.0,0.0,0.0,0.0,0.0,20.0,0.3,0.1,0.2,0.1,0.4,0.1,0.1,0.1,0.5,0.0,65535.0,0.12283512626840619,0.0,65535.0,0.06492713817044328,0.0,0.0,0.0,0.0,0.0,0.0,0.0,0.0,0.0,0.0
48171.01,0.9890121890643258,0.0,30525.0,37.0,0.15884999999932675,30.875,32.375,37.01000000000005,0.0,0.0,0.0,0.0,0.0,20.0,0.3,0.1,0.2,0.1,0.4,0.1,0.1,0.1,0.5,0.0,65535.0,0.12257572289616235,0.0,65535.0,0.06489662012664989,0.0,0.0,0.0,0.0,0.0,0.0,0.0,0.0,0.0,0.0
48231.08,0.9900185936224786,0.0,30525.0,37.0,0.1400499999993305,30.875,32.375,36.85000000000002,0.0,0.0,0.0,0.0,0.0,20.0,0.3,0.1,0.2,0.1,0.4,0.1,0.1,0.1,0.5,0.0,65535.0,0.12295719844357976,0.0,65535.0,0.06457618066681926,0.0,0.0,0.0,0.0,0.0,0.0,0.0,0.0,0.0,0.0
48291.16,0.9612643909549841,0.0,30525.0,37.0,0.1612499999993254,30.875,32.375,36.79000000000002,0.0,0.0,0.0,0.0,0.0,20.0,0.3,0.1,0.2,0.1,0.4,0.1,0.1,0.1,0.5,0.0,65535.0,0.12314030670634013,0.0,65535.0,0.06463721675440605,0.0,0.0,0.0,0.0,0.0,0.0,0.0,0.0,0.0,0.0
48351.23,1.002266050786369,0.0,30525.0,37.0,0.16364999999932492,30.8125,32.375,36.77000000000004,0.0,0.0,0.0,0.0,0.0,20.0,0.3,0.1,0.2,0.1,0.4,0.1,0.1,0.1,0.5,0.0,65535.0,0.1240863660639353,0.0,65535.0,0.06480506599526971,0.0,0.0,0.0,0.0,0.0,0.0,0.0,0.0,0.0,0.0
48411.3,0.9809501300111628,0.0,30525.0,37.0,0.1833499999993195,30.875,32.3125,36.93000000000001,0.0,0.0,0.0,0.0,0.0,20.0,0.3,0.1,0.2,0.1,0.4,0.1,0.1,0.1,0.5,0.0,65535.0,0.12249942778667887,0.0,65535.0,0.06494239719233998,0.0,0.0,0.0,0.0,0.0,0.0,0.0,0.0,0.0,0.0
48471.33,1.0389022098231355,0.0,30525.0,37.0,0.12834999999932603,30.8125,32.375,36.870000000000005,0.0,0.0,0.0,0.0,0.0,20.0,0.3,0.1,0.2,0.1,0.4,0.1,0.1,0.1,0.5,0.0,65535.0,0.12396429388876173,0.0,65535.0,0.06538490882734417,0.0,0.0,0.0,0.0,0.0,0.0,0.0,0.0,0.0,0.0
48531.36,1.0089126026413802,0.0,30525.0,37.0,0.14984999999932153,30.6875,32.375,36.950000000000045,0.0,0.0,0.0,0.0,0.0,20.0,0.3,0.1,0.2,0.1,0.4,0.1,0.1,0.1,0.5,0.0,65535.0,0.12318608377203022,0.0,65535.0,0.06511024643320364,0.0,0.0,0.0,0.0,0.0,0.0,0.0,0.0,0.0,0.0
48591.43,0.988808600127103,0.0,30525.0,37.0,0.11424999999932461,30.9375,32.375,37.13000000000005,0.0,0.0,0.0,0.0,0.0,20.0,0.3,0.1,0.2,0.1,0.4,0.1,0.1,0.1,0.5,0.0,65535.0,0.12358281834134432,0.0,65535.0,0.06549172198062105,0.0,0.0,0.0,0.0,0.0,0.0,0.0,0.0,0.0,0.0
48651.5,0.9745481524017163,0.0,30525.0,37.0,0.20544999999932778,30.9375,32.4375,36.870000000000005,0.0,0.0,0.0,0.0,0.0,20.0,0.3,0.1,0.2,0.1,0.4,0.1,0.1,0.1,0.5,0.0,65535.0,0.12297245746547646,0.0,65535.0,0.06511024643320364,0.0,0.0,0.0,0.0,0.0,0.0,0.0,0.0,0.0,0.0
48711.55,0.9788699497809595,0.0,30525.0,37.0,0.16334999999932087,30.75,32.3125,36.950000000000045,0.0,0.0,0.0,0.0,0.0,20.0,0.3,0.1,0.2,0.1,0.4,0.1,0.1,0.1,0.5,0.0,65535.0,0.12333867399099718,0.0,65535.0,0.06547646295872435,0.0,0.0,0.0,0.0,0.0,0.0,0.0,0.0,0.0,0.0
48771.62,1.0034904304117804,0.0,30525.0,37.0,0.2069499999993264,30.875,32.3125,36.870000000000005,0.0,0.0,0.0,0.0,0.0,20.0,0.3,0.1,0.2,0.1,0.4,0.1,0.1,0.1,0.5,0.0,65535.0,0.12375066758220798,0.0,65535.0,0.06529335469596399,0.0,0.0,0.0,0.0,0.0,0.0,0.0,0.0,0.0,0.0
48831.7,1.0095231474634816,0.0,30525.0,37.0,0.09364999999931148,30.9375,32.375,37.01000000000005,0.0,0.0,0.0,0.0,0.0,20.0,0.3,0.1,0.2,0.1,0.4,0.1,0.1,0.1,0.5,0.0,65535.0,0.12483405813687343,0.0,65535.0,0.06498817425803007,0.0,0.0,0.0,0.0,0.0,0.0,0.0,0.0,0.0,0.0
48891.78,0.9955277227116275,0.0,30525.0,37.0,0.189249999999324,30.8125,32.375,36.950000000000045,0.0,0.0,0.0,0.0,0.0,20.0,0.3,0.1,0.2,0.1,0.4,0.1,0.1,0.1,0.5,0.0,65535.0,0.12469672693980316,0.0,65535.0,0.0656748302433814,0.0,0.0,0.0,0.0,0.0,0.0,0.0,0.0,0.0,0.0
48951.81,0.9964773290899727,0.0,30525.0,37.0,0.10504999999931017,30.9375,32.375,37.09000000000003,0.0,0.0,0.0,0.0,0.0,20.0,0.3,0.1,0.2,0.1,0.4,0.1,0.1,0.1,0.5,0.0,65535.0,0.12484931715877012,0.0,65535.0,0.06579690241855497,0.0,0.0,0.0,0.0,0.0,0.0,0.0,0.0,0.0,0.0
49011.85,1.0091704490919824,0.0,30525.0,37.0,0.1868499999993219,30.875,32.375,36.81,0.0,0.0,0.0,0.0,0.0,20.0,0.3,0.1,0.2,0.1,0.4,0.1,0.1,0.1,0.5,0.0,65535.0,0.12520027466239414,0.0,65535.0,0.0652628366521706,0.0,0.0,0.0,0.0,0.0,0.0,0.0,0.0,0.0,0.0
49071.9,1.006401216482101,0.0,30525.0,37.0,0.11854999999930868,30.875,32.375,37.03000000000003,0.0,0.0,0.0,0.0,0.0,20.0,0.3,0.1,0.2,0.1,0.4,0.1,0.1,0.1,0.5,0.0,65535.0,0.12552071412222476,0.0,65535.0,0.06558327611200122,0.0,0.0,0.0,0.0,0.0,0.0,0.0,0.0,0.0,0.0
49131.94,0.9990298816778087,0.0,30525.0,37.0,0.20124999999932044,30.8125,32.375,36.81,0.0,0.0,0.0,0.0,0.0,20.0,0.3,0.1,0.2,0.1,0.4,0.1,0.1,0.1,0.5,0.0,65535.0,0.12481879911497673,0.0,65535.0,0.06552224002441444,0.0,0.0,0.0,0.0,0.0,0.0,0.0,0.0,0.0,0.0
49191.98,0.9997403790293533,0.0,30525.0,37.0,0.12944999999931212,30.875,32.375,36.870000000000005,0.0,0.0,0.0,0.0,0.0,20.0,0.3,0.1,0.2,0.1,0.4,0.1,0.1,0.1,0.5,0.0,65535.0,0.12608529793240253,0.0,65535.0,0.0656748302433814,0.0,0.0,0.0,0.0,0.0,0.0,0.0,0.0,0.0,0.0
49252.03,0.9763956992707884,0.0,30525.0,37.0,0.12674999999931114,30.875,32.375,36.89000000000004,0.0,0.0,0.0,0.0,0.0,20.0,0.3,0.1,0.2,0.1,0.4,0.1,0.1,0.1,0.5,0.0,65535.0,0.12556649118791485,0.0,65535.0,0.06576638437476158,0.0,0.0,0.0,0.0,0.0,0.0,0.0,0.0,0.0,0.0
49312.07,0.9909064386029112,0.0,30525.0,37.0,0.14174999999931084,30.9375,32.375,36.89000000000004,0.0,0.0,0.0,0.0,0.0,20.0,0.3,0.1,0.2,0.1,0.4,0.1,0.1,0.1,0.5,0.0,65535.0,0.1258258945601587,0.0,65535.0,0.06604104676890211,0.0,0.0,0.0,0.0,0.0,0.0,0.0,0.0,0.0,0.0
49372.12,1.020618630334448,0.0,30525.0,37.0,0.16234999999930547,30.875,32.375,36.89000000000004,0.0,0.0,0.0,0.0,0.0,20.0,0.3,0.1,0.2,0.1,0.4,0.1,0.1,0.1,0.5,0.0,65535.0,0.12632944228274967,0.0,65535.0,0.06550698100251774,0.0,0.0,0.0,0.0,0.0,0.0,0.0,0.0,0.0,0.0
49432.17,1.0175877979901509,0.0,30525.0,37.0,0.17544999999931457,30.75,32.375,36.89000000000004,0.0,0.0,0.0,0.0,0.0,20.0,0.3,0.1,0.2,0.1,0.4,0.1,0.1,0.1,0.5,0.0,65535.0,0.1253681239032578,0.0,65535.0,0.0661173418783856,0.0,0.0,0.0,0.0,0.0,0.0,0.0,0.0,0.0,0.0
49492.25,1.0139851927679442,0.0,30525.0,37.0,0.12684999999931187,30.875,32.375,36.81,0.0,0.0,0.0,0.0,0.0,20.0,0.3,0.1,0.2,0.1,0.4,0.1,0.1,0.1,0.5,0.0,65535.0,0.12642099641412985,0.0,65535.0,0.06607156481269551,0.0,0.0,0.0,0.0,0.0,0.0,0.0,0.0,0.0,0.0
49552.32,0.9824066524452569,0.0,30525.0,37.0,0.1903499999993084,30.8125,32.3125,36.79000000000002,0.0,0.0,0.0,0.0,0.0,20.0,0.3,0.1,0.2,0.1,0.4,0.1,0.1,0.1,0.5,0.0,65535.0,0.126161593041886,0.0,65535.0,0.06575112535286488,0.0,0.0,0.0,0.0,0.0,0.0,0.0,0.0,0.0,0.0
49612.4,0.9835843859502382,0.0,30525.0,37.0,0.130649999999305,30.875,32.3125,36.85000000000002,0.0,0.0,0.0,0.0,0.0,20.0,0.3,0.1,0.2,0.1,0.4,0.1,0.1,0.1,0.5,0.0,65535.0,0.12654306858930342,0.0,65535.0,0.0665293354695964,0.0,0.0,0.0,0.0,0.0,0.0,0.0,0.0,0.0,0.0
49672.45,1.017034655577129,0.0,30525.0,37.0,0.12594999999930925,30.8125,32.375,36.93000000000001,0.0,0.0,0.0,0.0,0.0,20.0,0.3,0.1,0.2,0.1,0.4,0.1,0.1,0.1,0.5,0.0,65535.0,0.1262073701075761,0.0,65535.0,0.06591897459372854,0.0,0.0,0.0,0.0,0.0,0.0,0.0,0.0,0.0,0.0
49732.5,0.9907282652404603,0.0,30525.0,37.0,0.17004999999931006,30.875,32.375,36.97000000000003,0.0,0.0,0.0,0.0,0.0,20.0,0.3,0.1,0.2,0.1,0.4,0.1,0.1,0.1,0.5,0.0,65535.0,0.1265888456549935,0.0,65535.0,0.06573586633096819,0.0,0.0,0.0,0.0,0.0,0.0,0.0,0.0,0.0,0.0
49792.57,1.0129905508704016,0.0,30525.0,37.0,0.14534999999930323,30.8125,32.375,36.93000000000001,0.0,0.0,0.0,0.0,0.0,20.0,0.3,0.1,0.2,0.1,0.4,0.1,0.1,0.1,0.5,0.0,65535.0,0.12730601968413824,0.0,65535.0,0.0660868238345922,0.0,0.0,0.0,0.0,0.0,0.0,0.0,0.0,0.0,0.0
49852.61,0.9994349194589742,0.0,30525.0,37.0,0.1427499999993073,30.875,32.375,36.710000000000036,0.0,0.0,0.0,0.0,0.0,20.0,0.3,0.1,0.2,0.1,0.4,0.1,0.1,0.1,0.5,0.0,65535.0,0.12692454413672083,0.0,65535.0,0.06634622720683604,0.0,0.0,0.0,0.0,0.0,0.0,0.0,0.0,0.0,0.0
49912.69,0.9909491419908345,0.0,30525.0,37.0,0.19454999999930367,30.8125,32.3125,36.870000000000005,0.0,0.0,0.0,0.0,0.0,20.0,0.3,0.1,0.2,0.1,0.4,0.1,0.1,0.1,0.5,0.0,65535.0,0.1274280918593118,0.0,65535.0,0.06590371557183185,0.0,0.0,0.0,0.0,0.0,0.0,0.0,0.0,0.0,0.0
49972.74,0.9894880087861806,0.0,30525.0,37.0,0.19014999999930765,30.9375,32.375,36.870000000000005,0.0,0.0,0.0,0.0,0.0,20.0,0.3,0.1,0.2,0.1,0.4,0.1,0.1,0.1,0.5,0.0,65535.0,0.12758068207827877,0.0,65535.0,0.06655985351338979,0.0,0.0,0.0,0.0,0.0,0.0,0.0,0.0,0.0,0.0
50032.82,1.0161929335177398,0.0,30525.0,37.0,0.12684999999930496,30.9375,32.375,36.89000000000004,0.0,0.0,0.0,0.0,0.0,20.0,0.3,0.1,0.2,0.1,0.4,0.1,0.1,0.1,0.5,0.0,65535.0,0.12779430838483252,0.0,65535.0,0.06604104676890211,0.0,0.0,0.0,0.0,0.0,0.0,0.0,0.0,0.0,0.0
50092.87,1.0104333163710775,0.0,30525.0,37.0,0.15124999999929528,30.9375,32.375,36.710000000000036,0.0,0.0,0.0,0.0,0.0,20.0,0.3,0.1,0.2,0.1,0.4,0.1,0.1,0.1,0.5,0.0,65535.0,0.12774853131914243,0.0,65535.0,0.06678873884184024,0.0,0.0,0.0,0.0,0.0,0.0,0.0,0.0,0.0,0.0
50152.91,1.0169301542588516,0.0,30525.0,37.0,0.1921499999993007,30.8125,32.3125,36.93000000000001,0.0,0.0,0.0,0.0,0.0,20.0,0.3,0.1,0.2,0.1,0.4,0.1,0.1,0.1,0.5,0.0,65535.0,0.12841992828259707,0.0,65535.0,0.0661173418783856,0.0,0.0,0.0,0.0,0.0,0.0,0.0,0.0,0.0,0.0
50212.98,1.023478643153724,0.0,30525.0,37.0,0.16654999999929385,30.875,32.375,36.89000000000004,0.0,0.0,0.0,0.0,0.0,20.0,0.3,0.1,0.2,0.1,0.4,0.1,0.1,0.1,0.5,0.0,65535.0,0.12729076066224154,0.0,65535.0,0.06666666666666667,0.0,0.0,0.0,0.0,0.0,0.0,0.0,0.0,0.0,0.0
50273.04,0.999435972159195,0.0,30525.0,37.0,0.1936499999992985,30.8125,32.375,36.73000000000002,0.0,0.0,0.0,0.0,0.0,20.0,0.3,0.1,0.2,0.1,0.4,0.1,0.1,0.1,0.5,0.0,65535.0,0.12944228274967576,0.0,65535.0,0.066498817425803,0.0,0.0,0.0,0.0,0.0,0.0,0.0,0.0,0.0,0.0
50333.12,1.0194246964551479,0.0,30525.0,37.0,0.1062499999992893,30.875,32.375,36.710000000000036,0.0,0.0,0.0,0.0,0.0,20.0,0.3,0.1,0.2,0.1,0.4,0.1,0.1,0.1,0.5,0.0,65535.0,0.12840466926070038,0.0,65535.0,0.06659037155718318,0.0,0.0,0.0,0.0,0.0,0.0,0.0,0.0,0.0,0.0
50393.19,1.0119644541139787,0.0,30525.0,37.0,0.14094999999929952,30.9375,32.375,36.81,0.0,0.0,0.0,0.0,0.0,20.0,0.3,0.1,0.2,0.1,0.4,0.1,0.1,0.1,0.5,0.0,65535.0,0.1286793316548409,0.0,65535.0,0.06684977492942702,0.0,0.0,0.0,0.0,0.0,0.0,0.0,0.0,0.0,0.0
50453.22,1.0166846320427139,0.0,30525.0,37.0,0.14124999999929924,30.8125,32.375,36.93000000000001,0.0,0.0,0.0,0.0,0.0,20.0,0.3,0.1,0.2,0.1,0.4,0.1,0.1,0.1,0.5,0.0,65535.0,0.12901503013656826,0.0,65535.0,0.066498817425803,0.0,0.0,0.0,0.0,0.0,0.0,0.0,0.0,0.0,0.0
50513.29,1.0018490202769128,0.0,30525.0,37.0,0.16154999999929415,30.875,32.375,36.89000000000004,0.0,0.0046,0.25,0.0,0.0,20.0,0.3,0.1,0.2,0.1,0.4,0.1,0.1,0.1,0.5,0.0,65535.0,0.12945754177157245,0.0,65535.0,0.06709391927977416,0.0,0.0,0.0,0.0,0.0,0.0,0.0,0.0,0.0,0.0
50573.33,0.9762667514214473,0.0,30525.0,37.0,0.2651999999992962,30.75,32.375,36.610000000000014,0.0,0.0,0.0,0.0,0.0,20.0,0.3,0.1,0.2,0.1,0.4,0.1,0.1,0.1,0.5,0.0,65535.0,0.12611581597619592,0.0,65535.0,0.06535439078355078,0.0,0.0,0.0,0.0,0.0,0.0,0.0,0.0,0.0,0.0
50633.4,0.9777185970645526,0.0,30525.0,37.0,0.20744999999929364,30.75,32.375,36.870000000000005,0.0,0.0,0.0,0.0,0.0,20.0,0.3,0.1,0.2,0.1,0.4,0.1,0.1,0.1,0.5,0.0,65535.0,0.12628366521705958,0.0,65535.0,0.06509498741130694,0.0,0.0,0.0,0.0,0.0,0.0,0.0,0.0,0.0,0.0
50693.5,0.9535792371554321,0.0,30525.0,37.0,0.16354999999928582,30.875,32.375,36.870000000000005,0.0,0.0,0.0,0.0,0.0,20.0,0.3,0.1,0.2,0.1,0.4,0.1,0.1,0.1,0.5,0.0,65535.0,0.1262226291294728,0.0,65535.0,0.06530861371786069,0.0,0.0,0.0,0.0,0.0,0.0,0.0,0.0,0.0,0.0
50753.54,0.9570624992709972,0.0,30525.0,37.0,0.14174999999928886,30.8125,32.375,36.950000000000045,0.0,0.0,0.0,0.0,0.0,20.0,0.3,0.1,0.2,0.1,0.4,0.1,0.1,0.1,0.5,0.0,65535.0,0.12719920653086136,0.0,65535.0,0.06504921034561685,0.0,0.0,0.0,0.0,0.0,0.0,0.0,0.0,0.0,0.0
50813.58,0.9503735609649413,0.0,30525.0,37.0,0.14114999999928768,30.875,32.375,36.85000000000002,0.0,0.0,0.0,0.0,0.0,20.0,0.3,0.1,0.2,0.1,0.4,0.1,0.1,0.1,0.5,0.0,65535.0,0.12686350804913404,0.0,65535.0,0.06517128252079042,0.0,0.0,0.0,0.0,0.0,0.0,0.0,0.0,0.0,0.0
50873.64,0.9460435613017205,0.0,30525.0,37.0,0.21384999999929433,30.9375,32.375,36.870000000000005,0.0,0.0,0.0,0.0,0.0,20.0,0.3,0.1,0.2,0.1,0.4,0.1,0.1,0.1,0.5,0.0,65535.0,0.1283588921950103,0.0,65535.0,0.0656595712214847,0.0,0.0,0.0,0.0,0.0,0.0,0.0,0.0,0.0,0.0
50933.69,0.9737990320070304,0.0,30525.0,37.0,0.13434999999929045,30.9375,32.375,37.01000000000005,0.0,0.0,0.0,0.0,0.0,20.0,0.3,0.1,0.2,0.1,0.4,0.1,0.1,0.1,0.5,0.0,65535.0,0.12733653772793163,0.0,65535.0,0.06578164339665828,0.0,0.0,0.0,0.0,0.0,0.0,0.0,0.0,0.0,0.0
50993.73,0.971724455971344,0.0,30525.0,37.0,0.13134999999928976,31.0,32.375,36.93000000000001,0.0,0.0,0.0,0.0,0.0,20.0,0.3,0.1,0.2,0.1,0.4,0.1,0.1,0.1,0.5,0.0,65535.0,0.1278400854505226,0.0,65535.0,0.06556801709010453,0.0,0.0,0.0,0.0,0.0,0.0,0.0,0.0,0.0,0.0
51053.78,0.983449414430588,0.0,30525.0,37.0,0.15574999999928008,30.9375,32.375,36.950000000000045,0.0,0.0,0.0,0.0,0.0,20.0,0.3,0.1,0.2,0.1,0.4,0.1,0.1,0.1,0.5,0.0,65535.0,0.12724498359655145,0.0,65535.0,0.06552224002441444,0.0,0.0,0.0,0.0,0.0,0.0,0.0,0.0,0.0,0.0
51113.82,1.0017332514505142,0.0,30525.0,37.0,0.1669499999992841,30.875,32.375,36.81,0.0,0.0,0.0,0.0,0.0,20.0,0.3,0.1,0.2,0.1,0.4,0.1,0.1,0.1,0.5,0.0,65535.0,0.12773327229724574,0.0,65535.0,0.06562905317769131,0.0,0.0,0.0,0.0,0.0,0.0,0.0,0.0,0.0,0.0
51173.86,0.9876273163774834,0.0,30525.0,37.0,0.12604999999927693,30.9375,32.375,36.97000000000003,0.0,0.0,0.0,0.0,0.0,20.0,0.3,0.1,0.2,0.1,0.4,0.1,0.1,0.1,0.5,0.0,65535.0,0.1279011215381094,0.0,65535.0,0.06593423361562524,0.0,0.0,0.0,0.0,0.0,0.0,0.0,0.0,0.0,0.0
51233.95,0.9570850416798656,0.0,30525.0,37.0,0.15284999999928184,30.8125,32.375,37.03000000000003,0.0,0.0,0.0,0.0,0.0,20.0,0.3,0.1,0.2,0.1,0.4,0.1,0.1,0.1,0.5,0.0,65535.0,0.12864881361104752,0.0,65535.0,0.06572060730907149,0.0,0.0,0.0,0.0,0.0,0.0,0.0,0.0,0.0,0.0
51294.02,1.0005921317929967,0.0,30525.0,37.0,0.15194999999928094,30.9375,32.375,36.93000000000001,0.0,0.0,0.0,0.0,0.0,20.0,0.3,0.1,0.2,0.1,0.4,0.1,0.1,0.1,0.5,0.0,65535.0,0.128725108720531,0.0,65535.0,0.06547646295872435,0.0,0.0,0.0,0.0,0.0,0.0,0.0,0.0,0.0,0.0
51354.08,0.9697199671850585,0.0,30525.0,37.0,0.1657499999992809,30.8125,32.4375,37.01000000000005,0.0,0.0,0.0,0.0,0.0,20.0,0.3,0.1,0.2,0.1,0.4,0.1,0.1,0.1,0.5,0.0,65535.0,0.12883192187380788,0.0,65535.0,0.06584267948424506,0.0,0.0,0.0,0.0,0.0,0.0,0.0,0.0,0.0,0.0
51414.13,0.9646438084073446,0.0,30525.0,37.0,0.17074999999927548,30.8125,32.4375,36.93000000000001,0.0,0.0,0.0,0.0,0.0,20.0,0.3,0.1,0.2,0.1,0.4,0.1,0.1,0.1,0.5,0.0,65535.0,0.12886243991760127,0.0,65535.0,0.06585793850614176,0.0,0.0,0.0,0.0,0.0,0.0,0.0,0.0,0.0,0.0
51474.2,1.0228350907476695,0.0,30525.0,37.0,0.1633499999992788,30.9375,32.4375,36.89000000000004,0.0,0.0,0.0,0.0,0.0,20.0,0.3,0.1,0.2,0.1,0.4,0.1,0.1,0.1,0.5,0.0,65535.0,0.12822156099794002,0.0,65535.0,0.06587319752803845,0.0,0.0,0.0,0.0,0.0,0.0,0.0,0.0,0.0,0.0
51534.24,0.9770426137202276,0.0,30525.0,37.0,0.16744999999927335,30.9375,32.375,36.85000000000002,0.0,0.0,0.0,0.0,0.0,20.0,0.3,0.1,0.2,0.1,0.4,0.1,0.1,0.1,0.5,0.0,65535.0,0.1305409323262379,0.0,65535.0,0.06631570916304265,0.0,0.0,0.0,0.0,0.0,0.0,0.0,0.0,0.0,0.0
51594.3,0.9847148722268521,0.0,30525.0,37.0,0.20894999999927907,30.9375,32.3125,36.79000000000002,0.0,0.0,0.0,0.0,0.0,20.0,0.3,0.1,0.2,0.1,0.4,0.1,0.1,0.1,0.5,0.0,65535.0,0.12959487296864272,0.0,65535.0,0.0665140764476997,0.0,0.0,0.0,0.0,0.0,0.0,0.0,0.0,0.0,0.0
51654.38,0.9912337639020196,0.0,30525.0,37.0,0.13334999999927505,30.875,32.375,36.79000000000002,0.0,0.0,0.0,0.0,0.0,20.0,0.3,0.1,0.2,0.1,0.4,0.1,0.1,0.1,0.5,0.0,65535.0,0.12976272220950638,0.0,65535.0,0.06601052872510872,0.0,0.0,0.0,0.0,0.0,0.0,0.0,0.0,0.0,0.0
51714.45,0.968881447801679,0.0,30525.0,37.0,0.12364999999926882,30.9375,32.4375,36.870000000000005,0.0,0.0,0.0,0.0,0.0,20.0,0.3,0.1,0.2,0.1,0.4,0.1,0.1,0.1,0.5,0.0,65535.0,0.12974746318760969,0.0,65535.0,0.06602578774700542,0.0,0.0,0.0,0.0,0.0,0.0,0.0,0.0,0.0,0.0
51774.51,0.9779804898724418,0.0,30525.0,37.0,0.16454999999927425,30.8125,32.375,37.09000000000003,0.0,0.0,0.0,0.0,0.0,20.0,0.3,0.1,0.2,0.1,0.4,0.1,0.1,0.1,0.5,0.0,65535.0,0.1304951552605478,0.0,65535.0,0.06655985351338979,0.0,0.0,0.0,0.0,0.0,0.0,0.0,0.0,0.0,0.0
51834.58,1.0032224489678572,0.0,30525.0,37.0,0.18984999999927965,30.9375,32.375,37.01000000000005,0.0,0.0,0.0,0.0,0.0,20.0,0.3,0.1,0.2,0.1,0.4,0.1,0.1,0.1,0.5,0.0,65535.0,0.1301594567788205,0.0,65535.0,0.06674296177615015,0.0,0.0,0.0,0.0,0.0,0.0,0.0,0.0,0.0,0.0
51894.65,0.9790178706149157,0.0,30525.0,37.0,0.14724999999927746,30.8125,32.375,37.01000000000005,0.0,0.0,0.0,0.0,0.0,20.0,0.3,0.1,0.2,0.1,0.4,0.1,0.1,0.1,0.5,0.0,65535.0,0.13061722743572138,0.0,65535.0,0.06636148622873274,0.0,0.0,0.0,0.0,0.0,0.0,0.0,0.0,0.0,0.0
51954.72,0.97993048385199,0.0,30525.0,37.0,0.1227499999992662,30.75,32.375,37.05000000000001,0.0,0.0,0.0,0.0,0.0,20.0,0.3,0.1,0.2,0.1,0.4,0.1,0.1,0.1,0.5,0.0,65535.0,0.13066300450141147,0.0,65535.0,0.06663614862287327,0.0,0.0,0.0,0.0,0.0,0.0,0.0,0.0,0.0,0.0
52014.77,1.0220045872341532,0.0,30525.0,37.0,0.15454999999926655,30.8125,32.375,36.950000000000045,0.0,0.0,0.0,0.0,0.0,20.0,0.3,0.1,0.2,0.1,0.4,0.1,0.1,0.1,0.5,0.0,65535.0,0.1300984206912337,0.0,65535.0,0.06671244373235675,0.0,0.0,0.0,0.0,0.0,0.0,0.0,0.0,0.0,0.0
52074.83,0.9942922263495504,0.0,30525.0,37.0,0.15104999999927057,30.9375,32.375,37.110000000000014,0.0,0.0,0.0,0.0,0.0,20.0,0.3,0.1,0.2,0.1,0.4,0.1,0.1,0.1,0.5,0.0,65535.0,0.13032730601968415,0.0,65535.0,0.06684977492942702,0.0,0.0,0.0,0.0,0.0,0.0,0.0,0.0,0.0,0.0
52134.91,1.0231055299413316,0.0,30525.0,37.0,0.10334999999926792,30.75,32.375,37.110000000000014,0.0,0.0,0.0,0.0,0.0,20.0,0.3,0.1,0.2,0.1,0.4,0.1,0.1,0.1,0.5,0.0,65535.0,0.1317769130998703,0.0,65535.0,0.06642252231631952,0.0,0.0,0.0,0.0,0.0,0.0,0.0,0.0,0.0,0.0
52194.97,0.9873988823239644,0.0,30525.0,37.0,0.16364999999926907,31.1875,32.375,36.79000000000002,0.0,0.0,0.0,0.0,0.0,20.0,0.3,0.1,0.2,0.1,0.4,0.1,0.1,0.1,0.5,0.0,65535.0,0.13199053940642405,0.0,65535.0,0.06684977492942702,0.0,0.0,0.0,0.0,0.0,0.0,0.0,0.0,0.0,0.0
52255.01,0.9850791775979093,0.0,30525.0,37.0,0.14534999999926723,30.8125,32.375,36.79000000000002,0.0,0.0,0.0,0.0,0.0,20.0,0.3,0.1,0.2,0.1,0.4,0.1,0.1,0.1,0.5,0.0,65535.0,0.13194476234073396,0.0,65535.0,0.06703288319218738,0.0,0.0,0.0,0.0,0.0,0.0,0.0,0.0,0.0,0.0
52315.05,0.9942721340738631,0.0,30525.0,37.0,0.18184999999926246,30.875,32.375,36.85000000000002,0.0,0.0,0.0,0.0,0.0,20.0,0.3,0.1,0.2,0.1,0.4,0.1,0.1,0.1,0.5,0.0,65535.0,0.13142595559624629,0.0,65535.0,0.06666666666666667,0.0,0.0,0.0,0.0,0.0,0.0,0.0,0.0,0.0,0.0
52375.09,0.9873379096643908,0.0,30525.0,37.0,0.10184999999926331,30.875,32.375,36.97000000000003,0.0,0.0,0.0,0.0,0.0,20.0,0.3,0.1,0.2,0.1,0.4,0.1,0.1,0.1,0.5,0.0,65535.0,0.13253986419470512,0.0,65535.0,0.06720073243305104,0.0,0.0,0.0,0.0,0.0,0.0,0.0,0.0,0.0,0.0
52435.16,0.9905947646660451,0.0,30525.0,37.0,0.14214999999926928,30.9375,32.375,37.09000000000003,0.0,0.0,0.0,0.0,0.0,20.0,0.3,0.1,0.2,0.1,0.4,0.1,0.1,0.1,0.5,0.0,65535.0,0.1325703822384985,0.0,65535.0,0.0673380636301213,0.0,0.0,0.0,0.0,0.0,0.0,0.0,0.0,0.0,0.0
52495.2,0.9919037994875564,0.0,30525.0,37.0,0.10944999999926719,30.8125,32.375,36.85000000000002,0.0,0.0,0.0,0.0,0.0,20.0,0.3,0.1,0.2,0.1,0.4,0.1,0.1,0.1,0.5,0.0,65535.0,0.13281452658884565,0.0,65535.0,0.0669260700389105,0.0,0.0,0.0,0.0,0.0,0.0,0.0,0.0,0.0,0.0
52555.24,1.0113603979554717,0.0,30525.0,37.0,0.16884999999926914,30.8125,32.375,36.79000000000002,0.0,0.0,0.0,0.0,0.0,20.0,0.3,0.1,0.2,0.1,0.4,0.1,0.1,0.1,0.5,0.0,65535.0,0.13368429083695735,0.0,65535.0,0.0669565880827039,0.0,0.0,0.0,0.0,0.0,0.0,0.0,0.0,0.0,0.0
52615.29,0.995532996412408,0.0,30525.0,37.0,0.18774999999926956,30.875,32.375,36.93000000000001,0.0,0.0,0.0,0.0,0.0,20.0,0.3,0.1,0.2,0.1,0.4,0.1,0.1,0.1,0.5,0.0,65535.0,0.13333333333333333,0.0,65535.0,0.06703288319218738,0.0,0.0,0.0,0.0,0.0,0.0,0.0,0.0,0.0,0.0
52675.33,0.9812404513826585,0.0,30525.0,37.0,0.1521499999992576,30.8125,32.3125,37.05000000000001,0.0,0.0,0.0,0.0,0.0,20.0,0.3,0.1,0.2,0.1,0.4,0.1,0.1,0.1,0.5,0.0,65535.0,0.13360799572747387,0.0,65535.0,0.06811627374685282,0.0,0.0,0.0,0.0,0.0,0.0,0.0,0.0,0.0,0.0
52735.41,0.9953035779461471,0.0,30525.0,37.0,0.1630499999992619,30.875,32.3125,36.85000000000002,0.0,0.0,0.0,0.0,0.0,20.0,0.3,0.1,0.2,0.1,0.4,0.1,0.1,0.1,0.5,0.0,65535.0,0.13395895323109788,0.0,65535.0,0.06746013580529488,0.0,0.0,0.0,0.0,0.0,0.0,0.0,0.0,0.0,0.0
52795.48,0.9927303074667783,0.0,30525.0,37.0,0.1462499999992604,30.8125,32.375,36.97000000000003,0.0,0.0,0.0,0.0,0.0,20.0,0.3,0.1,0.2,0.1,0.4,0.1,0.1,0.1,0.5,0.0,65535.0,0.13377584496833753,0.0,65535.0,0.06741435873960479,0.0,0.0,0.0,0.0,0.0,0.0,0.0,0.0,0.0,0.0
52855.55,0.9792649343579394,0.0,30525.0,37.0,0.11974999999925351,30.875,32.375,36.870000000000005,0.0,0.0,0.0,0.0,0.0,20.0,0.3,0.1,0.2,0.1,0.4,0.1,0.1,0.1,0.5,0.0,65535.0,0.13414206149385824,0.0,65535.0,0.06742961776150148,0.0,0.0,0.0,0.0,0.0,0.0,0.0,0.0,0.0,0.0
52915.63,1.002119374388118,0.0,30525.0,37.0,0.18184999999925472,30.8125,32.3125,36.97000000000003,0.0,0.0,0.0,0.0,0.0,20.0,0.3,0.1,0.2,0.1,0.4,0.1,0.1,0.1,0.5,0.0,65535.0,0.13395895323109788,0.0,65535.0,0.06770428015564202,0.0,0.0,0.0,0.0,0.0,0.0,0.0,0.0,0.0,0.0
52975.67,1.0155102884639513,0.0,30525.0,37.0,0.16454999999925796,30.75,32.375,37.01000000000005,0.0,0.0,0.0,0.0,0.0,20.0,0.3,0.1,0.2,0.1,0.4,0.1,0.1,0.1,0.5,0.0,65535.0,0.13406576638437476,0.0,65535.0,0.06771953917753872,0.0,0.0,0.0,0.0,0.0,0.0,0.0,0.0,0.0,0.0
53035.71,1.0120842571426654,0.0,30525.0,37.0,0.14184999999926098,31.125,32.3125,36.81,0.0,0.0,0.0,0.0,0.0,20.0,0.3,0.1,0.2,0.1,0.4,0.1,0.1,0.1,0.5,0.0,65535.0,0.13501182574196993,0.0,65535.0,0.06787212939650568,0.0,0.0,0.0,0.0,0.0,0.0,0.0,0.0,0.0,0.0
53095.79,1.0107469474705455,0.0,30525.0,37.0,0.14184999999926012,30.75,32.3125,36.85000000000002,0.0,0.0,0.0,0.0,0.0,20.0,0.3,0.1,0.2,0.1,0.4,0.1,0.1,0.1,0.5,0.0,65535.0,0.13409628442816815,0.0,65535.0,0.06732280460822461,0.0,0.0,0.0,0.0,0.0,0.0,0.0,0.0,0.0,0.0
53155.82,1.0332203065468186,0.0,30525.0,37.0,0.14684999999925472,31.0625,32.375,36.93000000000001,0.0,0.0,0.0,0.0,0.0,20.0,0.3,0.1,0.2,0.1,0.4,0.1,0.1,0.1,0.5,0.0,65535.0,0.1347219043259327,0.0,65535.0,0.06808575570305943,0.0,0.0,0.0,0.0,0.0,0.0,0.0,0.0,0.0,0.0
53215.86,1.0127883098495702,0.0,30525.0,37.0,0.13094999999925325,31.0625,32.375,36.97000000000003,0.0,0.0,0.0,0.0,0.0,20.0,0.3,0.1,0.2,0.1,0.4,0.1,0.1,0.1,0.5,0.0,65535.0,0.13583581292439154,0.0,65535.0,0.06784161135271229,0.0,0.0,0.0,0.0,0.0,0.0,0.0,0.0,0.0,0.0
53275.94,0.9907556701548341,0.0,30525.0,37.0,0.14834999999925333,30.8125,32.375,36.81,0.0,0.0,0.0,0.0,0.0,20.0,0.3,0.1,0.2,0.1,0.4,0.1,0.1,0.1,0.5,0.0,65535.0,0.13662928206301975,0.0,65535.0,0.06787212939650568,0.0,0.0,0.0,0.0,0.0,0.0,0.0,0.0,0.0,0.0
53336.0,0.991233819411439,0.0,30525.0,37.0,0.16744999999924845,30.8125,32.3125,36.690000000000055,0.0,0.0,0.0,0.0,0.0,20.0,0.3,0.1,0.2,0.1,0.4,0.1,0.1,0.1,0.5,0.0,65535.0,0.13583581292439154,0.0,65535.0,0.0681925688563363,0.0,0.0,0.0,0.0,0.0,0.0,0.0,0.0,0.0,0.0
53396.05,1.0022221088259962,0.0,30525.0,37.0,0.20484999999925876,31.0,32.375,36.85000000000002,0.0,0.0,0.0,0.0,0.0,20.0,0.3,0.1,0.2,0.1,0.4,0.1,0.1,0.1,0.5,0.0,65535.0,0.13606469825284198,0.0,65535.0,0.0677958342870222,0.0,0.0,0.0,0.0,0.0,0.0,0.0,0.0,0.0,0.0
53456.12,1.0276123128295716,0.0,30525.0,37.0,0.14214999999925554,30.8125,32.3125,36.870000000000005,0.0,0.0,0.0,0.0,0.0,20.0,0.3,0.1,0.2,0.1,0.4,0.1,0.1,0.1,0.5,0.0,65535.0,0.13675135423819335,0.0,65535.0,0.06802471961547264,0.0,0.0,0.0,0.0,0.0,0.0,0.0,0.0,0.0,0.0
53516.19,1.0171497668307898,0.0,30525.0,37.0,0.18984999999925647,30.9375,32.3125,36.93000000000001,0.0,0.0,0.0,0.0,0.0,20.0,0.3,0.1,0.2,0.1,0.4,0.1,0.1,0.1,0.5,0.0,65535.0,0.1359426260776684,0.0,65535.0,0.06791790646219577,0.0,0.0,0.0,0.0,0.0,0.0,0.0,0.0,0.0,0.0
53576.26,1.0128081529628723,0.0,30525.0,37.0,0.18754999999924604,30.875,32.375,36.93000000000001,0.0,0.0,0.0,0.0,0.0,20.0,0.3,0.1,0.2,0.1,0.4,0.1,0.1,0.1,0.5,0.0,65535.0,0.13591210803387502,0.0,65535.0,0.06787212939650568,0.0,0.0,0.0,0.0,0.0,0.0,0.0,0.0,0.0,0.0
53636.33,1.0098144112087255,0.0,30525.0,37.0,0.13724999999924828,30.875,32.375,37.170000000000016,0.0,0.0,0.0,0.0,0.0,20.0,0.3,0.1,0.2,0.1,0.4,0.1,0.1,0.1,0.5,0.0,65535.0,0.1373159380483711,0.0,65535.0,0.06796368352788586,0.0,0.0,0.0,0.0,0.0,0.0,0.0,0.0,0.0,0.0
53696.36,1.0066273667768497,0.0,30525.0,37.0,0.15454999999924335,31.0,32.3125,37.01000000000005,0.0,0.0,0.0,0.0,0.0,20.0,0.3,0.1,0.2,0.1,0.4,0.1,0.1,0.1,0.5,0.0,65535.0,0.13672083619439995,0.0,65535.0,0.06813153276874952,0.0,0.0,0.0,0.0,0.0,0.0,0.0,0.0,0.0,0.0
53756.42,1.0419000946179484,0.0,30525.0,37.0,0.11124999999925089,30.875,32.375,36.870000000000005,0.0,0.0,0.0,0.0,0.0,20.0,0.3,0.1,0.2,0.1,0.4,0.1,0.1,0.1,0.5,0.0,65535.0,0.13788052185854888,0.0,65535.0,0.06810101472495612,0.0,0.0,0.0,0.0,0.0,0.0,0.0,0.0,0.0,0.0
53816.5,1.0337963939396126,0.0,30525.0,37.0,0.1480499999992467,30.75,32.375,36.950000000000045,0.0,0.0,0.0,0.0,0.0,20.0,0.3,0.1,0.2,0.1,0.4,0.1,0.1,0.1,0.5,0.0,65535.0,0.13914702067597468,0.0,65535.0,0.06892500190737774,0.0,0.0,0.0,0.0,0.0,0.0,0.0,0.0,0.0,0.0
53876.57,0.9998116827115129,0.0,30525.0,37.0,0.1919499999992528,30.875,32.3125,36.97000000000003,0.0,0.0,0.0,0.0,0.0,20.0,0.3,0.1,0.2,0.1,0.4,0.1,0.1,0.1,0.5,0.0,65535.0,0.1374074921797513,0.0,65535.0,0.06855878538185703,0.0,0.0,0.0,0.0,0.0,0.0,0.0,0.0,0.0,0.0
53936.64,1.0206565848244167,0.0,30525.0,37.0,0.1866499999992417,31.0,32.375,36.950000000000045,0.0,0.0,0.0,0.0,0.0,20.0,0.3,0.1,0.2,0.1,0.4,0.1,0.1,0.1,0.5,0.0,65535.0,0.13788052185854888,0.0,65535.0,0.06872663462272069,0.0,0.0,0.0,0.0,0.0,0.0,0.0,0.0,0.0,0.0
53996.72,0.9922780181497406,0.0,30525.0,37.0,0.14514999999924932,31.0625,32.3125,37.13000000000005,0.0,0.0,0.0,0.0,0.0,20.0,0.3,0.1,0.2,0.1,0.4,0.1,0.1,0.1,0.5,0.0,65535.0,0.13803311207751584,0.0,65535.0,0.06823834592202639,0.0,0.0,0.0,0.0,0.0,0.0,0.0,0.0,0.0,0.0
54056.8,1.0244212794832932,0.0,30525.0,37.0,0.18304999999923985,30.875,32.3125,36.93000000000001,0.0,0.0,0.0,0.0,0.0,20.0,0.3,0.1,0.2,0.1,0.4,0.1,0.1,0.1,0.5,0.0,65535.0,0.13813992523079272,0.0,65535.0,0.0686655985351339,0.0,0.0,0.0,0.0,0.0,0.0,0.0,0.0,0.0,0.0
54116.87,1.035819576065967,0.0,30525.0,37.0,0.14094999999924715,30.875,32.375,36.97000000000003,0.0,0.0,0.0,0.0,0.0,20.0,0.3,0.1,0.2,0.1,0.4,0.1,0.1,0.1,0.5,0.0,65535.0,0.13868925001907378,0.0,65535.0,0.06858930342565042,0.0,0.0,0.0,0.0,0.0,0.0,0.0,0.0,0.0,0.0
54176.93,0.9948912117485829,0.0,30525.0,37.0,0.12504999999924568,30.875,32.375,36.85000000000002,0.0,0.0,0.0,0.0,0.0,20.0,0.3,0.1,0.2,0.1,0.4,0.1,0.1,0.1,0.5,0.0,65535.0,0.13832303349355307,0.0,65535.0,0.06845197222858015,0.0,0.0,0.0,0.0,0.0,0.0,0.0,0.0,0.0,0.0
54237.0,0.995620883397122,0.0,30525.0,37.0,0.19454999999924275,30.9375,32.375,36.870000000000005,0.0,0.0,0.0,0.0,0.0,20.0,0.3,0.1,0.2,0.1,0.4,0.1,0.1,0.1,0.5,0.0,65535.0,0.13884184023804075,0.0,65535.0,0.06858930342565042,0.0,0.0,0.0,0.0,0.0,0.0,0.0,0.0,0.0,0.0
54297.05,1.0239591667424723,0.0,30525.0,37.0,0.12304999999923416,30.9375,32.375,36.89000000000004,0.0,0.0,0.0,0.0,0.0,20.0,0.3,0.1,0.2,0.1,0.4,0.1,0.1,0.1,0.5,0.0,65535.0,0.13978789959563592,0.0,65535.0,0.06863508049134051,0.0,0.0,0.0,0.0,0.0,0.0,0.0,0.0,0.0,0.0
54357.11,1.0113443495980614,0.0,30525.0,37.0,0.18744999999924578,30.9375,32.3125,36.81,0.0,0.0,0.0,0.0,0.0,20.0,0.3,0.1,0.2,0.1,0.4,0.1,0.1,0.1,0.5,0.0,65535.0,0.14000152590218967,0.0,65535.0,0.06857404440375373,0.0,0.0,0.0,0.0,0.0,0.0,0.0,0.0,0.0,0.0
54417.18,1.0349941626316053,0.0,30525.0,37.0,0.13154999999923805,31.0625,32.375,36.85000000000002,0.0,0.0,0.0,0.0,0.0,20.0,0.3,0.1,0.2,0.1,0.4,0.1,0.1,0.1,0.5,0.0,65535.0,0.14128328374151217,0.0,65535.0,0.06883344777599756,0.0,0.0,0.0,0.0,0.0,0.0,0.0,0.0,0.0,0.0
54477.25,1.0400226030575543,0.0,30525.0,37.0,0.14654999999923776,30.8125,32.375,36.870000000000005,0.0,0.0,0.0,0.0,0.0,20.0,0.3,0.1,0.2,0.1,0.4,0.1,0.1,0.1,0.5,0.0,65535.0,0.14082551308461128,0.0,65535.0,0.06942854962996872,0.0,0.0,0.0,0.0,0.0,0.0,0.0,0.0,0.0,0.0
54537.32,1.0217467529610094,0.0,30525.0,37.0,0.15424999999923247,30.8125,32.375,36.97000000000003,0.0,0.0,0.0,0.0,0.0,20.0,0.3,0.1,0.2,0.1,0.4,0.1,0.1,0.1,0.5,0.0,65535.0,0.14062714579995422,0.0,65535.0,0.06884870679789426,0.0,0.0,0.0,0.0,0.0,0.0,0.0,0.0,0.0,0.0
54597.39,1.0266626444989742,0.0,30525.0,37.0,0.12214999999922985,30.875,32.3125,36.950000000000045,0.0,0.0,0.0,0.0,0.0,20.0,0.3,0.1,0.2,0.1,0.4,0.1,0.1,0.1,0.5,0.0,65535.0,0.140337224383917,0.0,65535.0,0.06913862821393149,0.0,0.0,0.0,0.0,0.0,0.0,0.0,0.0,0.0,0.0
54657.46,1.0222024977052735,0.0,30525.0,37.0,0.12004999999922836,30.875,32.375,36.97000000000003,0.0,0.0,0.0,0.0,0.0,20.0,0.3,0.1,0.2,0.1,0.4,0.1,0.1,0.1,0.5,0.0,65535.0,0.14132906080720226,0.0,65535.0,0.06926070038910506,0.0,0.0,0.0,0.0,0.0,0.0,0.0,0.0,0.0,0.0
54717.54,1.005912253199485,0.0,30525.0,37.0,0.18504999999923943,30.875,32.375,36.85000000000002,0.0,0.0,0.0,0.0,0.0,20.0,0.3,0.1,0.2,0.1,0.4,0.1,0.1,0.1,0.5,0.0,65535.0,0.14090180819409476,0.0,65535.0,0.06921492332341497,0.0,0.0,0.0,0.0,0.0,0.0,0.0,0.0,0.0,0.0
54777.61,1.024491765975598,0.0,30525.0,37.0,0.1668499999992284,30.75,32.375,36.79000000000002,0.0,0.0,0.0,0.0,0.0,20.0,0.3,0.1,0.2,0.1,0.4,0.1,0.1,0.1,0.5,0.0,65535.0,0.14143587396047913,0.0,65535.0,0.06924544136720837,0.0,0.0,0.0,0.0,0.0,0.0,0.0,0.0,0.0,0.0
54837.68,1.0112357796685854,0.0,30525.0,37.0,0.16424999999923245,30.9375,32.3125,36.81,0.0,0.0,0.0,0.0,0.0,20.0,0.3,0.1,0.2,0.1,0.4,0.1,0.1,0.1,0.5,0.0,65535.0,0.1419394216830701,0.0,65535.0,0.06894026092927444,0.0,0.0,0.0,0.0,0.0,0.0,0.0,0.0,0.0,0.0
54897.76,1.0062040934643357,0.0,30525.0,37.0,0.12564999999923487,30.875,32.375,36.79000000000002,0.0,0.0,0.0,0.0,0.0,20.0,0.3,0.1,0.2,0.1,0.4,0.1,0.1,0.1,0.5,0.0,65535.0,0.14064240482185092,0.0,65535.0,0.06921492332341497,0.0,0.0,0.0,0.0,0.0,0.0,0.0,0.0,0.0,0.0
54957.84,1.0121917829250804,0.0,30525.0,37.0,0.22334999999923297,30.9375,32.375,36.81,0.0,0.0,0.0,0.0,0.0,20.0,0.3,0.1,0.2,0.1,0.4,0.1,0.1,0.1,0.5,0.0,65535.0,0.14222934309910734,0.0,65535.0,0.06929121843289845,0.0,0.0,0.0,0.0,0.0,0.0,0.0,0.0,0.0,0.0
55017.91,1.0359939475198103,0.0,30525.0,37.0,0.16954999999922504,30.8125,32.3125,36.870000000000005,0.0,0.0,0.0,0.0,0.0,20.0,0.3,0.1,0.2,0.1,0.4,0.1,0.1,0.1,0.5,0.0,65535.0,0.14225986114290073,0.0,65535.0,0.06915388723582819,0.0,0.0,0.0,0.0,0.0,0.0,0.0,0.0,0.0,0.0
55077.98,1.0126284748718963,0.0,30525.0,37.0,0.20664999999923564,30.875,32.375,36.93000000000001,0.0,0.0,0.0,0.0,0.0,20.0,0.3,0.1,0.2,0.1,0.4,0.1,0.1,0.1,0.5,0.0,65535.0,0.14135957885099565,0.0,65535.0,0.0695201037613489,0.0,0.0,0.0,0.0,0.0,0.0,0.0,0.0,0.0,0.0
55138.06,1.01623696124431,0.0,30525.0,37.0,0.1657499999992285,30.875,32.3125,36.950000000000045,0.0,0.0,0.0,0.0,0.0,20.0,0.3,0.1,0.2,0.1,0.4,0.1,0.1,0.1,0.5,0.0,65535.0,0.14383154039826046,0.0,65535.0,0.07006942854962997,0.0,0.0,0.0,0.0,0.0,0.0,0.0,0.0,0.0,0.0
55198.13,1.0014698477282535,0.0,30525.0,37.0,0.13634999999922678,30.875,32.375,37.110000000000014,0.0,0.0,0.0,0.0,0.0,20.0,0.3,0.1,0.2,0.1,0.4,0.1,0.1,0.1,0.5,0.0,65535.0,0.1424429694056611,0.0,65535.0,0.06962691691462577,0.0,0.0,0.0,0.0,0.0,0.0,0.0,0.0,0.0,0.0
55258.2,1.0069676233059703,0.0,30525.0,37.0,0.12364999999922072,31.125,32.375,37.03000000000003,0.0,0.0,0.0,0.0,0.0,20.0,0.3,0.1,0.2,0.1,0.4,0.1,0.1,0.1,0.5,0.0,65535.0,0.1423666742961776,0.0,65535.0,0.0695506218051423,0.0,0.0,0.0,0.0,0.0,0.0,0.0,0.0,0.0,0.0
55318.27,1.034594314728602,0.0,30525.0,37.0,0.14334999999923037,30.875,32.375,36.89000000000004,0.0,0.0,0.0,0.0,0.0,20.0,0.3,0.1,0.2,0.1,0.4,0.1,0.1,0.1,0.5,0.0,65535.0,0.14346532387273975,0.0,65535.0,0.06990157930876631,0.0,0.0,0.0,0.0,0.0,0.0,0.0,0.0,0.0,0.0
55378.34,1.0382298497443783,0.0,30525.0,37.0,0.17364999999923122,30.875,32.375,37.01000000000005,0.0,0.0,0.0,0.0,0.0,20.0,0.3,0.1,0.2,0.1,0.4,0.1,0.1,0.1,0.5,0.0,65535.0,0.1436789501792935,0.0,65535.0,0.06987106126497292,0.0,0.0,0.0,0.0,0.0,0.0,0.0,0.0,0.0,0.0
55438.39,1.0094018557971742,0.0,30525.0,37.0,0.18514999999922077,30.8125,32.375,37.01000000000005,0.0,0.0,0.0,0.0,0.0,20.0,0.3,0.1,0.2,0.1,0.4,0.1,0.1,0.1,0.5,0.0,65535.0,0.14528114747844664,0.0,65535.0,0.07011520561532006,0.0,0.0,0.0,0.0,0.0,0.0,0.0,0.0,0.0,0.0
55498.43,1.055579724104162,0.0,30525.0,37.0,0.12124999999921693,30.8125,32.375,36.97000000000003,0.0,0.0,0.0,0.0,0.0,20.0,0.3,0.1,0.2,0.1,0.4,0.1,0.1,0.1,0.5,0.0,65535.0,0.14436560616464483,0.0,65535.0,0.06936751354238194,0.0,0.0,0.0,0.0,0.0,0.0,0.0,0.0,0.0,0.0
55558.48,1.0266671826539322,0.0,30525.0,37.0,0.1485499999992171,30.9375,32.3125,36.57000000000005,0.0,0.0,0.0,0.0,0.0,20.0,0.3,0.1,0.2,0.1,0.4,0.1,0.1,0.1,0.5,0.0,65535.0,0.14416723887998778,0.0,65535.0,0.07020675974670024,0.0,0.0,0.0,0.0,0.0,0.0,0.0,0.0,0.0,0.0
55618.56,1.0449771008660467,0.0,30525.0,37.0,0.21634999999921828,30.8125,32.375,36.89000000000004,0.0,0.0,0.0,0.0,0.0,20.0,0.3,0.1,0.2,0.1,0.4,0.1,0.1,0.1,0.5,0.0,65535.0,0.14470130464637218,0.0,65535.0,0.0703440909437705,0.0,0.0,0.0,0.0,0.0,0.0,0.0,0.0,0.0,0.0
55678.63,1.0337051101571806,0.0,30525.0,37.0,0.1507499999992194,30.9375,32.375,36.93000000000001,0.0,0.0,0.0,0.0,0.0,20.0,0.3,0.1,0.2,0.1,0.4,0.1,0.1,0.1,0.5,0.0,65535.0,0.144106202792401,0.0,65535.0,0.06984054322117952,0.0,0.0,0.0,0.0,0.0,0.0,0.0,0.0,0.0,0.0
55738.68,1.0230380010905713,0.0,30525.0,37.0,0.12244999999921244,30.9375,32.375,36.97000000000003,0.0,0.0,0.0,0.0,0.0,20.0,0.3,0.1,0.2,0.1,0.4,0.1,0.1,0.1,0.5,0.0,65535.0,0.14488441290913254,0.0,65535.0,0.07017624170290684,0.0,0.0,0.0,0.0,0.0,0.0,0.0,0.0,0.0,0.0
55798.76,0.9941359147037636,0.0,30525.0,37.0,0.12984999999922162,30.8125,32.375,36.85000000000002,0.0,0.0,0.0,0.0,0.0,20.0,0.3,0.1,0.2,0.1,0.4,0.1,0.1,0.1,0.5,0.0,65535.0,0.14576943617914093,0.0,65535.0,0.07049668116273747,0.0,0.0,0.0,0.0,0.0,0.0,0.0,0.0,0.0,0.0
55858.8,1.0137069281204396,0.0,30525.0,37.0,0.19134999999922336,30.875,32.3125,37.05000000000001,0.0,0.0,0.0,0.0,0.0,20.0,0.3,0.1,0.2,0.1,0.4,0.1,0.1,0.1,0.5,0.0,65535.0,0.1454184786755169,0.0,65535.0,0.0703440909437705,0.0,0.0,0.0,0.0,0.0,0.0,0.0,0.0,0.0,0.0
55918.86,1.031762364900563,0.0,30525.0,37.0,0.14894999999921588,30.875,32.375,36.870000000000005,0.0,0.0,0.0,0.0,0.0,20.0,0.3,0.1,0.2,0.1,0.4,0.1,0.1,0.1,0.5,0.0,65535.0,0.1454489967193103,0.0,65535.0,0.07057297627222095,0.0,0.0,0.0,0.0,0.0,0.0,0.0,0.0,0.0,0.0
55978.93,1.0165251386994487,0.0,30525.0,37.0,0.18514999999921136,30.8125,32.375,37.01000000000005,0.0,0.0,0.0,0.0,0.0,20.0,0.3,0.1,0.2,0.1,0.4,0.1,0.1,0.1,0.5,0.0,65535.0,0.14558632791638057,0.0,65535.0,0.0708018616006714,0.0,0.0,0.0,0.0,0.0,0.0,0.0,0.0,0.0,0.0
56038.97,1.0385137385305647,0.0,30525.0,37.0,0.14034999999921857,30.875,32.375,36.89000000000004,0.0,0.0,0.0,0.0,0.0,20.0,0.3,0.1,0.2,0.1,0.4,0.1,0.1,0.1,0.5,0.0,65535.0,0.146318760967422,0.0,65535.0,0.07031357289997711,0.0,0.0,0.0,0.0,0.0,0.0,0.0,0.0,0.0,0.0
56099.02,1.0546341044721719,0.0,30525.0,37.0,0.18064999999920947,30.75,32.375,36.97000000000003,0.0,0.0,0.0,0.0,0.0,20.0,0.3,0.1,0.2,0.1,0.4,0.1,0.1,0.1,0.5,0.0,65535.0,0.14724956130312047,0.0,65535.0,0.07116807812619211,0.0,0.0,0.0,0.0,0.0,0.0,0.0,0.0,0.0,0.0
56159.06,1.0494019276490016,0.0,30525.0,37.0,0.14094999999921715,30.9375,32.3125,36.89000000000004,0.0,0.0,0.0,0.0,0.0,20.0,0.3,0.1,0.2,0.1,0.4,0.1,0.1,0.1,0.5,0.0,65535.0,0.1467765316243229,0.0,65535.0,0.07002365148393988,0.0,0.0,0.0,0.0,0.0,0.0,0.0,0.0,0.0,0.0
56219.1,1.022439804755816,0.0,30525.0,37.0,0.1739499999992181,30.875,32.3125,36.89000000000004,0.0,0.0,0.0,0.0,0.0,20.0,0.3,0.1,0.2,0.1,0.4,0.1,0.1,0.1,0.5,0.0,65535.0,0.14828717479209583,0.0,65535.0,0.0712138551918822,0.0,0.0,0.0,0.0,0.0,0.0,0.0,0.0,0.0,0.0
56279.15,1.02212554531984,0.0,30525.0,37.0,0.1533499999992067,30.875,32.375,36.950000000000045,0.0,0.0,0.0,0.0,0.0,20.0,0.3,0.1,0.2,0.1,0.4,0.1,0.1,0.1,0.5,0.0,65535.0,0.14651712825207905,0.0,65535.0,0.07057297627222095,0.0,0.0,0.0,0.0,0.0,0.0,0.0,0.0,0.0,0.0
56339.19,1.060573076772502,0.0,30525.0,37.0,0.1327499999992095,30.875,32.3125,37.01000000000005,0.0,0.0,0.0,0.0,0.0,20.0,0.3,0.1,0.2,0.1,0.4,0.1,0.1,0.1,0.5,0.0,65535.0,0.14766155489433128,0.0,65535.0,0.0707866025787747,0.0,0.0,0.0,0.0,0.0,0.0,0.0,0.0,0.0,0.0
56399.24,1.0022382745685634,0.0,30525.0,37.0,0.16944999999921534,30.875,32.375,37.01000000000005,0.0,0.0,0.0,0.0,0.0,20.0,0.3,0.1,0.2,0.1,0.4,0.1,0.1,0.1,0.5,0.0,65535.0,0.1471427481498436,0.0,65535.0,0.07103074692912184,0.0,0.0,0.0,0.0,0.0,0.0,0.0,0.0,0.0,0.0
56459.28,1.0349681938643869,0.0,30525.0,37.0,0.13974999999921392,30.8125,32.375,36.93000000000001,0.0,0.0,0.0,0.0,0.0,20.0,0.3,0.1,0.2,0.1,0.4,0.1,0.1,0.1,0.5,0.0,65535.0,0.14830243381399252,0.0,65535.0,0.07064927138170443,0.0,0.0,0.0,0.0,0.0,0.0,0.0,0.0,0.0,0.0
56519.32,1.0125373879817585,0.0,30525.0,37.0,0.19184999999921004,30.875,32.375,36.870000000000005,0.0,0.0,0.0,0.0,0.0,20.0,0.3,0.1,0.2,0.1,0.4,0.1,0.1,0.1,0.5,0.0,65535.0,0.14814984359502556,0.0,65535.0,0.07095445181963836,0.0,0.0,0.0,0.0,0.0,0.0,0.0,0.0,0.0,0.0
56579.4,1.0338569852232866,0.0,30525.0,37.0,0.14184999999921202,30.8125,32.375,36.97000000000003,0.0,0.0,0.0,0.0,0.0,20.0,0.3,0.1,0.2,0.1,0.4,0.1,0.1,0.1,0.5,0.0,65535.0,0.14726482032501717,0.0,65535.0,0.07141222247653925,0.0,0.0,0.0,0.0,0.0,0.0,0.0,0.0,0.0,0.0
56639.47,1.031161215210508,0.0,30525.0,37.0,0.1527499999992021,30.875,32.375,36.950000000000045,0.0,0.0,0.0,0.0,0.0,20.0,0.3,0.1,0.2,0.1,0.4,0.1,0.1,0.1,0.5,0.0,65535.0,0.1479362172884718,0.0,65535.0,0.07150377660791943,0.0,0.0,0.0,0.0,0.0,0.0,0.0,0.0,0.0,0.0
56699.54,1.0221130916885492,0.0,30525.0,37.0,0.1671499999992015,30.9375,32.375,36.79000000000002,0.0,0.0,0.0,0.0,0.0,20.0,0.3,0.1,0.2,0.1,0.4,0.1,0.1,0.1,0.5,0.0,65535.0,0.1487754634927901,0.0,65535.0,0.07132066834515907,0.0,0.0,0.0,0.0,0.0,0.0,0.0,0.0,0.0,0.0
56759.61,1.070599988051747,0.0,30525.0,37.0,0.17244999999921087,30.75,32.375,36.79000000000002,0.0,0.0,0.0,0.0,0.0,20.0,0.3,0.1,0.2,0.1,0.4,0.1,0.1,0.1,0.5,0.0,65535.0,0.1496910048065919,0.0,65535.0,0.07176317998016327,0.0,0.0,0.0,0.0,0.0,0.0,0.0,0.0,0.0,0.0
56819.69,1.0507634499397251,0.0,30525.0,37.0,0.13274999999920348,30.875,32.375,36.89000000000004,0.0,0.0,0.0,0.0,0.0,20.0,0.3,0.1,0.2,0.1,0.4,0.1,0.1,0.1,0.5,0.0,65535.0,0.1509269855802243,0.0,65535.0,0.0716411078049897,0.0,0.0,0.0,0.0,0.0,0.0,0.0,0.0,0.0,0.0
56879.73,1.0630150596184313,0.0,30525.0,37.0,0.1933499999992052,30.8125,32.3125,36.89000000000004,0.0,0.0,0.0,0.0,0.0,20.0,0.3,0.1,0.2,0.1,0.4,0.1,0.1,0.1,0.5,0.0,65535.0,0.15068284122987716,0.0,65535.0,0.07177843900205996,0.0,0.0,0.0,0.0,0.0,0.0,0.0,0.0,0.0,0.0
56939.81,1.068024747674246,0.0,30525.0,37.0,0.18544999999919903,30.875,32.375,37.01000000000005,0.0,0.0,0.0,0.0,0.0,20.0,0.3,0.1,0.2,0.1,0.4,0.1,0.1,0.1,0.5,0.0,65535.0,0.14937056534676127,0.0,65535.0,0.07127489127946898,0.0,0.0,0.0,0.0,0.0,0.0,0.0,0.0,0.0,0.0
56999.89,1.051710151466758,0.0,30525.0,37.0,0.13454999999920098,30.9375,32.3125,36.870000000000005,0.0,0.0,0.0,0.0,0.0,20.0,0.3,0.1,0.2,0.1,0.4,0.1,0.1,0.1,0.5,0.0,65535.0,0.1504997329671168,0.0,65535.0,0.07194628824292362,0.0,0.0,0.0,0.0,0.0,0.0,0.0,0.0,0.0,0.0
57059.93,1.046216693966074,0.0,30525.0,37.0,0.12984999999920524,30.875,32.3125,36.950000000000045,0.0,0.0,0.0,0.0,0.0,20.0,0.3,0.1,0.2,0.1,0.4,0.1,0.1,0.1,0.5,0.0,65535.0,0.14937056534676127,0.0,65535.0,0.071625848783093,0.0,0.0,0.0,0.0,0.0,0.0,0.0,0.0,0.0,0.0
57119.99,1.040374245352544,0.0,30525.0,37.0,0.1050499999991934,30.8125,32.375,36.85000000000002,0.0,0.0,0.0,0.0,0.0,20.0,0.3,0.1,0.2,0.1,0.4,0.1,0.1,0.1,0.5,0.0,65535.0,0.14991989013504234,0.0,65535.0,0.07138170443274586,0.0,0.0,0.0,0.0,0.0,0.0,0.0,0.0,0.0,0.0
57180.03,1.0791710752339154,0.0,30525.0,37.0,0.1450499999991988,30.9375,32.375,36.73000000000002,0.0,0.0,0.0,0.0,0.0,20.0,0.3,0.1,0.2,0.1,0.4,0.1,0.1,0.1,0.5,0.0,65535.0,0.1505302510109102,0.0,65535.0,0.0711833371480888,0.0,0.0,0.0,0.0,0.0,0.0,0.0,0.0,0.0,0.0
57240.11,1.0339757191880186,0.0,30525.0,37.0,0.15064999999919285,30.875,32.375,36.73000000000002,0.0,0.0,0.0,0.0,0.0,20.0,0.3,0.1,0.2,0.1,0.4,0.1,0.1,0.1,0.5,0.0,65535.0,0.1514000152590219,0.0,65535.0,0.07180895704585336,0.0,0.0,0.0,0.0,0.0,0.0,0.0,0.0,0.0,0.0
57300.17,1.0477102371207654,0.0,30525.0,37.0,0.16304999999919748,30.8125,32.3125,36.85000000000002,0.0,0.0,0.0,0.0,0.0,20.0,0.3,0.1,0.2,0.1,0.4,0.1,0.1,0.1,0.5,0.0,65535.0,0.1509117265583276,0.0,65535.0,0.07147325856412604,0.0,0.0,0.0,0.0,0.0,0.0,0.0,0.0,0.0,0.0
57360.24,1.0426751506753908,0.0,30525.0,37.0,0.12624999999919997,30.875,32.375,36.89000000000004,0.0,0.0,0.0,0.0,0.0,20.0,0.3,0.1,0.2,0.1,0.4,0.1,0.1,0.1,0.5,0.0,65535.0,0.15106431677729457,0.0,65535.0,0.07158007171740291,0.0,0.0,0.0,0.0,0.0,0.0,0.0,0.0,0.0,0.0
57420.31,1.0478399570817865,0.0,30525.0,37.0,0.14624999999919513,30.875,32.375,36.93000000000001,0.0,0.0,0.0,0.0,0.0,20.0,0.3,0.1,0.2,0.1,0.4,0.1,0.1,0.1,0.5,0.0,65535.0,0.1517051956969558,0.0,65535.0,0.07193102922102693,0.0,0.0,0.0,0.0,0.0,0.0,0.0,0.0,0.0,0.0
57480.39,1.0565745666990831,0.0,30525.0,37.0,0.14294999999919386,30.875,32.375,37.01000000000005,0.0,0.0,0.0,0.0,0.0,20.0,0.3,0.1,0.2,0.1,0.4,0.1,0.1,0.1,0.5,0.0,65535.0,0.15149156939040206,0.0,65535.0,0.07158007171740291,0.0,0.0,0.0,0.0,0.0,0.0,0.0,0.0,0.0,0.0
57540.46,1.0699211934608437,0.0,30525.0,37.0,0.18804999999919972,30.875,32.375,36.89000000000004,0.0,0.0,0.0,0.0,0.0,20.0,0.3,0.1,0.2,0.1,0.4,0.1,0.1,0.1,0.5,0.0,65535.0,0.1517662317845426,0.0,65535.0,0.0725261310749981,0.0,0.0,0.0,0.0,0.0,0.0,0.0,0.0,0.0,0.0
57600.54,1.0685285701948968,0.0,30525.0,37.0,0.13094999999919224,30.8125,32.375,36.73000000000002,0.0,0.0,0.0,0.0,0.0,20.0,0.3,0.1,0.2,0.1,0.4,0.1,0.1,0.1,0.5,0.0,65535.0,0.1517509727626459,0.0,65535.0,0.07228198672465096,0.0,0.0,0.0,0.0,0.0,0.0,0.0,0.0,0.0,0.0
57660.57,1.0649309950906407,0.0,30525.0,37.0,0.12654999999919625,30.75,32.3125,37.03000000000003,0.0,0.0,0.0,0.0,0.0,20.0,0.3,0.1,0.2,0.1,0.4,0.1,0.1,0.1,0.5,0.0,65535.0,0.15194934004730296,0.0,65535.0,0.07219043259327076,0.0,0.0,0.0,0.0,0.0,0.0,0.0,0.0,0.0,0.0
57720.63,1.0658880428435895,0.0,30525.0,37.0,0.127749999999196,30.875,32.375,36.97000000000003,0.0,0.0046,0.25,0.0,0.0,20.0,0.3,0.1,0.2,0.1,0.4,0.1,0.1,0.1,0.5,0.0,65535.0,0.15239185168230718,0.0,65535.0,0.07188525215533684,0.0,0.0,0.0,0.0,0.0,0.0,0.0,0.0,0.0,0.0
57780.68,1.005738730128733,0.0,30525.0,37.0,0.24609999999918472,30.8125,32.375,36.690000000000055,0.0,0.0,0.0,0.0,0.0,20.0,0.3,0.1,0.2,0.1,0.4,0.1,0.1,0.1,0.5,0.0,65535.0,0.14865339131761654,0.0,65535.0,0.07096971084153506,0.0,0.0,0.0,0.0,0.0,0.0,0.0,0.0,0.0,0.0
57840.72,0.99648018450757,0.0,30525.0,37.0,0.18714999999919654,30.75,32.375,36.93000000000001,0.0,0.0,0.0,0.0,0.0,20.0,0.3,0.1,0.2,0.1,0.4,0.1,0.1,0.1,0.5,0.0,65535.0,0.14973678187228198,0.0,65535.0,0.07125963225757229,0.0,0.0,0.0,0.0,0.0,0.0,0.0,0.0,0.0,0.0
57900.76,1.0211790983798756,0.0,30525.0,37.0,0.14124999999919394,30.9375,32.375,36.89000000000004,0.0,0.0,0.0,0.0,0.0,20.0,0.3,0.1,0.2,0.1,0.4,0.1,0.1,0.1,0.5,0.0,65535.0,0.14941634241245136,0.0,65535.0,0.07101548790722514,0.0,0.0,0.0,0.0,0.0,0.0,0.0,0.0,0.0,0.0
57960.79,1.0123526977352162,0.0,30525.0,37.0,0.11054999999918746,30.875,32.3125,36.85000000000002,0.0,0.0,0.0,0.0,0.0,20.0,0.3,0.1,0.2,0.1,0.4,0.1,0.1,0.1,0.5,0.0,65535.0,0.14934004730296788,0.0,65535.0,0.07051194018463416,0.0,0.0,0.0,0.0,0.0,0.0,0.0,0.0,0.0,0.0
58020.85,0.9837449570407044,0.0,30525.0,37.0,0.17144999999918892,31.0,32.375,36.870000000000005,0.0,0.0,0.0,0.0,0.0,20.0,0.3,0.1,0.2,0.1,0.4,0.1,0.1,0.1,0.5,0.0,65535.0,0.1505149919890135,0.0,65535.0,0.07150377660791943,0.0,0.0,0.0,0.0,0.0,0.0,0.0,0.0,0.0,0.0
58080.93,1.0292002278289143,0.0,30525.0,37.0,0.13964999999918684,30.8125,32.375,36.89000000000004,0.0,0.0,0.0,0.0,0.0,20.0,0.3,0.1,0.2,0.1,0.4,0.1,0.1,0.1,0.5,0.0,65535.0,0.1496452277409018,0.0,65535.0,0.07051194018463416,0.0,0.0,0.0,0.0,0.0,0.0,0.0,0.0,0.0,0.0
58140.98,1.032692568855088,0.0,30525.0,37.0,0.14634999999919154,30.875,32.375,36.97000000000003,0.0,0.0,0.0,0.0,0.0,20.0,0.3,0.1,0.2,0.1,0.4,0.1,0.1,0.1,0.5,0.0,65535.0,0.14982833600366216,0.0,65535.0,0.0711985961699855,0.0,0.0,0.0,0.0,0.0,0.0,0.0,0.0,0.0,0.0
58201.05,1.0027181112017698,0.0,30525.0,37.0,0.13544999999918553,30.9375,32.375,36.97000000000003,0.0,0.0,0.0,0.0,0.0,20.0,0.3,0.1,0.2,0.1,0.4,0.1,0.1,0.1,0.5,0.0,65535.0,0.15141527428091858,0.0,65535.0,0.07107652399481193,0.0,0.0,0.0,0.0,0.0,0.0,0.0,0.0,0.0,0.0
58261.09,0.9778647993024046,0.0,30525.0,37.0,0.15044999999918524,30.875,32.375,36.81,0.0,0.0,0.0,0.0,0.0,20.0,0.3,0.1,0.2,0.1,0.4,0.1,0.1,0.1,0.5,0.0,65535.0,0.15063706416418707,0.0,65535.0,0.07158007171740291,0.0,0.0,0.0,0.0,0.0,0.0,0.0,0.0,0.0,0.0
58321.14,0.995606613222366,0.0,30525.0,37.0,0.20694999999919153,30.875,32.375,37.09000000000003,0.0,0.0,0.0,0.0,0.0,20.0,0.3,0.1,0.2,0.1,0.4,0.1,0.1,0.1,0.5,0.0,65535.0,0.1504997329671168,0.0,65535.0,0.07106126497291523,0.0,0.0,0.0,0.0,0.0,0.0,0.0,0.0,0.0,0.0
58381.21,0.98832339097414,0.0,30525.0,37.0,0.1351499999991832,30.75,32.3125,36.89000000000004,0.0,0.0,0.0,0.0,0.0,20.0,0.3,0.1,0.2,0.1,0.4,0.1,0.1,0.1,0.5,0.0,65535.0,0.1517662317845426,0.0,65535.0,0.07158007171740291,0.0,0.0,0.0,0.0,0.0,0.0,0.0,0.0,0.0,0.0
58441.29,1.020733288311849,0.0,30525.0,37.0,0.12034999999917648,30.875,32.375,36.97000000000003,0.0,0.0,0.0,0.0,0.0,20.0,0.3,0.1,0.2,0.1,0.4,0.1,0.1,0.1,0.5,0.0,65535.0,0.15156786449988555,0.0,65535.0,0.07199206530861371,0.0,0.0,0.0,0.0,0.0,0.0,0.0,0.0,0.0,0.0
58501.35,1.001783736435538,0.0,30525.0,37.0,0.18834999999918822,30.8125,32.3125,36.77000000000004,0.0,0.0,0.0,0.0,0.0,20.0,0.3,0.1,0.2,0.1,0.4,0.1,0.1,0.1,0.5,0.0,65535.0,0.1517357137407492,0.0,65535.0,0.0720531013962005,0.0,0.0,0.0,0.0,0.0,0.0,0.0,0.0,0.0,0.0
58561.41,1.0076397612260142,0.0,30525.0,37.0,0.19134999999918803,30.9375,32.375,36.79000000000002,0.0,0.0,0.0,0.0,0.0,20.0,0.3,0.1,0.2,0.1,0.4,0.1,0.1,0.1,0.5,0.0,65535.0,0.1531700617990387,0.0,65535.0,0.07194628824292362,0.0,0.0,0.0,0.0,0.0,0.0,0.0,0.0,0.0,0.0
58621.46,1.0114387491061736,0.0,30525.0,37.0,0.12724999999917527,30.8125,32.375,37.03000000000003,0.0,0.0,0.0,0.0,0.0,20.0,0.3,0.1,0.2,0.1,0.4,0.1,0.1,0.1,0.5,0.0,65535.0,0.15210193026626992,0.0,65535.0,0.07212939650568398,0.0,0.0,0.0,0.0,0.0,0.0,0.0,0.0,0.0,0.0
58681.52,1.0097876588216335,0.0,30525.0,37.0,0.1233499999991737,30.875,32.375,37.01000000000005,0.0,0.0,0.0,0.0,0.0,20.0,0.3,0.1,0.2,0.1,0.4,0.1,0.1,0.1,0.5,0.0,65535.0,0.15365835049973298,0.0,65535.0,0.0716105897611963,0.0,0.0,0.0,0.0,0.0,0.0,0.0,0.0,0.0,0.0
58741.6,1.0221998927775036,0.0,30525.0,37.0,0.19134999999918545,30.8125,32.375,36.97000000000003,0.0,0.0,0.0,0.0,0.0,20.0,0.3,0.1,0.2,0.1,0.4,0.1,0.1,0.1,0.5,0.0,65535.0,0.15306324864576182,0.0,65535.0,0.07180895704585336,0.0,0.0,0.0,0.0,0.0,0.0,0.0,0.0,0.0,0.0
58801.65,1.002993877312409,0.0,30525.0,37.0,0.15074999999917804,30.875,32.375,36.870000000000005,0.0,0.0,0.0,0.0,0.0,20.0,0.3,0.1,0.2,0.1,0.4,0.1,0.1,0.1,0.5,0.0,65535.0,0.15208667124437322,0.0,65535.0,0.07197680628671702,0.0,0.0,0.0,0.0,0.0,0.0,0.0,0.0,0.0,0.0
58861.69,1.0264898261870097,0.0,30525.0,37.0,0.16244999999917734,30.8125,32.375,37.03000000000003,0.0,0.0,0.0,0.0,0.0,20.0,0.3,0.1,0.2,0.1,0.4,0.1,0.1,0.1,0.5,0.0,65535.0,0.15324635690852217,0.0,65535.0,0.07232776379034105,0.0,0.0,0.0,0.0,0.0,0.0,0.0,0.0,0.0,0.0
58921.74,0.994003692187831,0.0,30525.0,37.0,0.1657499999991769,30.8125,32.4375,36.73000000000002,0.0,0.0,0.0,0.0,0.0,20.0,0.3,0.1,0.2,0.1,0.4,0.1,0.1,0.1,0.5,0.0,65535.0,0.1536125734340429,0.0,65535.0,0.07191577019913023,0.0,0.0,0.0,0.0,0.0,0.0,0.0,0.0,0.0,0.0
58981.81,1.0101430447540525,0.0,30525.0,37.0,0.13424999999917456,30.875,32.375,37.03000000000003,0.0,0.0,0.0,0.0,0.0,20.0,0.3,0.1,0.2,0.1,0.4,0.1,0.1,0.1,0.5,0.0,65535.0,0.1530937666895552,0.0,65535.0,0.07229724574654765,0.0,0.0,0.0,0.0,0.0,0.0,0.0,0.0,0.0,0.0
59041.85,0.988145070779772,0.0,30525.0,37.0,0.16304999999917508,30.8125,32.375,36.93000000000001,0.0,0.0,0.0,0.0,0.0,20.0,0.3,0.1,0.2,0.1,0.4,0.1,0.1,0.1,0.5,0.0,65535.0,0.15378042267490655,0.0,65535.0,0.0724956130312047,0.0,0.0,0.0,0.0,0.0,0.0,0.0,0.0,0.0,0.0
59101.92,0.9925072341777864,0.0,30525.0,37.0,0.16334999999917396,30.8125,32.375,36.950000000000045,0.0,0.0,0.0,0.0,0.0,20.0,0.3,0.1,0.2,0.1,0.4,0.1,0.1,0.1,0.5,0.0,65535.0,0.15374990463111315,0.0,65535.0,0.07211413748378728,0.0,0.0,0.0,0.0,0.0,0.0,0.0,0.0,0.0,0.0
59161.99,1.0335234748839903,0.0,30525.0,37.0,0.12304999999916627,30.875,32.3125,36.81,0.0,0.0,0.0,0.0,0.0,20.0,0.3,0.1,0.2,0.1,0.4,0.1,0.1,0.1,0.5,0.0,65535.0,0.15345998321507592,0.0,65535.0,0.07231250476844435,0.0,0.0,0.0,0.0,0.0,0.0,0.0,0.0,0.0,0.0
59222.06,1.0012889378585677,0.0,30525.0,37.0,0.18924999999917796,31.0,32.375,36.79000000000002,0.0,0.0,0.0,0.0,0.0,20.0,0.3,0.1,0.2,0.1,0.4,0.1,0.1,0.1,0.5,0.0,65535.0,0.1548180361638819,0.0,65535.0,0.07246509498741131,0.0,0.0,0.0,0.0,0.0,0.0,0.0,0.0,0.0,0.0
59282.14,1.0037293621880248,0.0,30525.0,37.0,0.19164999999917748,30.8125,32.375,37.05000000000001,0.0,0.0,0.0,0.0,0.0,20.0,0.3,0.1,0.2,0.1,0.4,0.1,0.1,0.1,0.5,0.0,65535.0,0.15452811474784467,0.0,65535.0,0.07258716716258488,0.0,0.0,0.0,0.0,0.0,0.0,0.0,0.0,0.0,0.0
59342.21,1.0265660440950977,0.0,30525.0,37.0,0.11364999999917394,30.875,32.375,37.01000000000005,0.0,0.0,0.0,0.0,0.0,20.0,0.3,0.1,0.2,0.1,0.4,0.1,0.1,0.1,0.5,0.0,65535.0,0.1544213015945678,0.0,65535.0,0.0729381246662089,0.0,0.0,0.0,0.0,0.0,0.0,0.0,0.0,0.0,0.0
59402.29,1.001475897707295,0.0,30525.0,37.0,0.15394999999916487,30.9375,32.375,37.01000000000005,0.0,0.0,0.0,0.0,0.0,20.0,0.3,0.1,0.2,0.1,0.4,0.1,0.1,0.1,0.5,0.0,65535.0,0.1544060425726711,0.0,65535.0,0.07289234760051881,0.0,0.0,0.0,0.0,0.0,0.0,0.0,0.0,0.0,0.0
59462.36,0.9947640827774142,0.0,30525.0,37.0,0.1480499999991685,30.8125,32.4375,36.870000000000005,0.0,0.0,0.0,0.0,0.0,20.0,0.3,0.1,0.2,0.1,0.4,0.1,0.1,0.1,0.5,0.0,65535.0,0.15494010833905547,0.0,65535.0,0.07284657053482872,0.0,0.0,0.0,0.0,0.0,0.0,0.0,0.0,0.0,0.0
59522.42,1.0081511116319195,0.0,30525.0,37.0,0.18334999999916396,30.9375,32.375,36.79000000000002,0.0,0.0,0.0,0.0,0.0,20.0,0.3,0.1,0.2,0.1,0.4,0.1,0.1,0.1,0.5,0.0,65535.0,0.155214770733196,0.0,65535.0,0.07324330510414283,0.0,0.0,0.0,0.0,0.0,0.0,0.0,0.0,0.0,0.0
59582.49,1.010208648149698,0.0,30525.0,37.0,0.1262499999991707,30.8125,32.375,36.950000000000045,0.0,0.0,0.0,0.0,0.0,20.0,0.3,0.1,0.2,0.1,0.4,0.1,0.1,0.1,0.5,0.0,65535.0,0.15616083009079118,0.0,65535.0,0.07304493781948578,0.0,0.0,0.0,0.0,0.0,0.0,0.0,0.0,0.0,0.0
59642.57,0.9901854843964901,0.0,30525.0,37.0,0.14564999999916556,30.875,32.375,36.97000000000003,0.0,0.0,0.0,0.0,0.0,20.0,0.3,0.1,0.2,0.1,0.4,0.1,0.1,0.1,0.5,0.0,65535.0,0.15500114442664226,0.0,65535.0,0.07360952162966354,0.0,0.0,0.0,0.0,0.0,0.0,0.0,0.0,0.0,0.0
59702.61,1.0328270094525345,0.0,30525.0,37.0,0.17364999999917105,30.8125,32.3125,37.05000000000001,0.0,0.0,0.0,0.0,0.0,20.0,0.3,0.1,0.2,0.1,0.4,0.1,0.1,0.1,0.5,0.0,65535.0,0.15640497444113832,0.0,65535.0,0.07382314793621729,0.0,0.0,0.0,0.0,0.0,0.0,0.0,0.0,0.0,0.0
59762.66,0.9965108267834077,0.0,30525.0,37.0,0.15104999999916488,31.125,32.375,36.950000000000045,0.0,0.0,0.0,0.0,0.0,20.0,0.3,0.1,0.2,0.1,0.4,0.1,0.1,0.1,0.5,0.0,65535.0,0.15593194476234074,0.0,65535.0,0.07374685282673381,0.0,0.0,0.0,0.0,0.0,0.0,0.0,0.0,0.0,0.0
59822.7,1.0045362287829465,0.0,30525.0,37.0,0.1569499999991595,30.875,32.375,37.03000000000003,0.0,0.0,0.0,0.0,0.0,20.0,0.3,0.1,0.2,0.1,0.4,0.1,0.1,0.1,0.5,0.0,65535.0,0.15585564965285725,0.0,65535.0,0.07298390173189899,0.0,0.0,0.0,0.0,0.0,0.0,0.0,0.0,0.0,0.0
59882.77,1.0191851658092057,0.0,30525.0,37.0,0.1042499999991614,30.9375,32.3125,37.27000000000004,0.0,0.0,0.0,0.0,0.0,20.0,0.3,0.1,0.2,0.1,0.4,0.1,0.1,0.1,0.5,0.0,65535.0,0.15657282368200198,0.0,65535.0,0.07356374456397345,0.0,0.0,0.0,0.0,0.0,0.0,0.0,0.0,0.0,0.0
59942.83,1.017003848786663,0.0,30525.0,37.0,0.1671499999991576,30.875,32.3125,36.85000000000002,0.0,0.0,0.0,0.0,0.0,20.0,0.3,0.1,0.2,0.1,0.4,0.1,0.1,0.1,0.5,0.0,65535.0,0.1573205157549401,0.0,65535.0,0.07362478065156024,0.0,0.0,0.0,0.0,0.0,0.0,0.0,0.0,0.0,0.0
60002.87,1.018165527773718,0.0,30525.0,37.0,0.16244999999916104,30.875,32.3125,37.01000000000005,0.0,0.0,0.0,0.0,0.0,20.0,0.3,0.1,0.2,0.1,0.4,0.1,0.1,0.1,0.5,0.0,65535.0,0.158632791638056,0.0,65535.0,0.07400625619897765,0.0,0.0,0.0,0.0,0.0,0.0,0.0,0.0,0.0,0.0
60062.94,1.0072219298625809,0.0,30525.0,37.0,0.14744999999915961,30.9375,32.3125,36.89000000000004,0.0,0.0,0.0,0.0,0.0,20.0,0.3,0.1,0.2,0.1,0.4,0.1,0.1,0.1,0.5,0.0,65535.0,0.1569085221637293,0.0,65535.0,0.07408255130846113,0.0,0.0,0.0,0.0,0.0,0.0,0.0,0.0,0.0,0.0
60123.01,1.0228922582597555,0.0,30525.0,37.0,0.10124999999915729,31.125,32.375,36.950000000000045,0.0,0.0,0.0,0.0,0.0,20.0,0.3,0.1,0.2,0.1,0.4,0.1,0.1,0.1,0.5,0.0,65535.0,0.15678644998855573,0.0,65535.0,0.07408255130846113,0.0,0.0,0.0,0.0,0.0,0.0,0.0,0.0,0.0,0.0
60183.08,1.01109161709787,0.0,30525.0,37.0,0.18154999999915444,30.875,32.375,36.93000000000001,0.0,0.0,0.0,0.0,0.0,20.0,0.3,0.1,0.2,0.1,0.4,0.1,0.1,0.1,0.5,0.0,65535.0,0.1585717555504692,0.0,65535.0,0.07397573815518425,0.0,0.0,0.0,0.0,0.0,0.0,0.0,0.0,0.0,0.0
60243.13,1.028814092000447,0.0,30525.0,37.0,0.10824999999916085,30.875,32.3125,36.950000000000045,0.0,0.0,0.0,0.0,0.0,20.0,0.3,0.1,0.2,0.1,0.4,0.1,0.1,0.1,0.5,0.0,65535.0,0.15765621423666742,0.0,65535.0,0.07396047913328756,0.0,0.0,0.0,0.0,0.0,0.0,0.0,0.0,0.0,0.0
60303.16,1.0452102191681725,0.0,30525.0,37.0,0.1591499999991572,30.9375,32.375,36.97000000000003,0.0,0.0,0.0,0.0,0.0,20.0,0.3,0.1,0.2,0.1,0.4,0.1,0.1,0.1,0.5,0.0,65535.0,0.157778286411841,0.0,65535.0,0.07440299076829175,0.0,0.0,0.0,0.0,0.0,0.0,0.0,0.0,0.0,0.0
60363.2,1.0227671653019295,0.0,30525.0,37.0,0.18304999999915222,30.8125,32.375,36.85000000000002,0.0,0.0,0.0,0.0,0.0,20.0,0.3,0.1,0.2,0.1,0.4,0.1,0.1,0.1,0.5,0.0,65535.0,0.159487296864271,0.0,65535.0,0.07455558098725872,0.0,0.0,0.0,0.0,0.0,0.0,0.0,0.0,0.0,0.0
60423.25,1.046772691711456,0.0,30525.0,37.0,0.1683499999991505,30.875,32.375,36.870000000000005,0.0,0.0,0.0,0.0,0.0,20.0,0.3,0.1,0.2,0.1,0.4,0.1,0.1,0.1,0.5,0.0,65535.0,0.15829709315632867,0.0,65535.0,0.07449454489967193,0.0,0.0,0.0,0.0,0.0,0.0,0.0,0.0,0.0,0.0
60483.29,1.0336793020618134,0.0,30525.0,37.0,0.14294999999915342,30.9375,32.375,36.79000000000002,0.0,0.0,0.0,0.0,0.0,20.0,0.3,0.1,0.2,0.1,0.4,0.1,0.1,0.1,0.5,0.0,65535.0,0.15878538185702296,0.0,65535.0,0.07449454489967193,0.0,0.0,0.0,0.0,0.0,0.0,0.0,0.0,0.0,0.0
60543.33,1.0284516479855954,0.0,30525.0,37.0,0.17944999999914865,30.75,32.4375,36.77000000000004,0.0,0.0,0.0,0.0,0.0,20.0,0.3,0.1,0.2,0.1,0.4,0.1,0.1,0.1,0.5,0.0,65535.0,0.1598229953459983,0.0,65535.0,0.07441824979018845,0.0,0.0,0.0,0.0,0.0,0.0,0.0,0.0,0.0,0.0
60603.38,1.038865613690613,0.0,30525.0,37.0,0.16154999999915157,30.875,32.375,36.85000000000002,0.0,0.0,0.0,0.0,0.0,20.0,0.3,0.1,0.2,0.1,0.4,0.1,0.1,0.1,0.5,0.0,65535.0,0.16113527122911422,0.0,65535.0,0.07539482719157702,0.0,0.0,0.0,0.0,0.0,0.0,0.0,0.0,0.0,0.0
60663.42,1.0418233486292072,0.0,30525.0,37.0,0.13094999999914925,31.0625,32.375,36.97000000000003,0.0,0.0,0.0,0.0,0.0,20.0,0.3,0.1,0.2,0.1,0.4,0.1,0.1,0.1,0.5,0.0,65535.0,0.15960936903944456,0.0,65535.0,0.07481498435950255,0.0,0.0,0.0,0.0,0.0,0.0,0.0,0.0,0.0,0.0
60723.47,1.0329826901915138,0.0,30525.0,37.0,0.14944999999914407,30.875,32.375,36.85000000000002,0.0,0.0,0.0,0.0,0.0,20.0,0.3,0.1,0.2,0.1,0.4,0.1,0.1,0.1,0.5,0.0,65535.0,0.16006713969634545,0.0,65535.0,0.07473868925001907,0.0,0.0,0.0,0.0,0.0,0.0,0.0,0.0,0.0,0.0
60783.52,1.0464939944749752,0.0,30525.0,37.0,0.16444999999914378,30.8125,32.375,36.77000000000004,0.0,0.0,0.0,0.0,0.0,20.0,0.3,0.1,0.2,0.1,0.4,0.1,0.1,0.1,0.5,0.0,65535.0,0.16046387426565958,0.0,65535.0,0.07483024338139925,0.0,0.0,0.0,0.0,0.0,0.0,0.0,0.0,0.0,0.0
60843.59,1.0233065559522836,0.0,30525.0,37.0,0.22544999999915025,30.75,32.375,36.870000000000005,0.0,0.0,0.0,0.0,0.0,20.0,0.3,0.1,0.2,0.1,0.4,0.1,0.1,0.1,0.5,0.0,65535.0,0.1603875791561761,0.0,65535.0,0.07495231555657282,0.0,0.0,0.0,0.0,0.0,0.0,0.0,0.0,0.0,0.0
60903.66,1.030834233880454,0.0,30525.0,37.0,0.16814999999914723,30.875,32.375,37.09000000000003,0.0,0.0,0.0,0.0,0.0,20.0,0.3,0.1,0.2,0.1,0.4,0.1,0.1,0.1,0.5,0.0,65535.0,0.16032654306858932,0.0,65535.0,0.07496757457846952,0.0,0.0,0.0,0.0,0.0,0.0,0.0,0.0,0.0,0.0
60963.69,1.0734357985058023,0.0,30525.0,37.0,0.15154999999914132,30.8125,32.375,36.85000000000002,0.0,0.0,0.0,0.0,0.0,20.0,0.3,0.1,0.2,0.1,0.4,0.1,0.1,0.1,0.5,0.0,65535.0,0.1612878614480812,0.0,65535.0,0.07513542381933318,0.0,0.0,0.0,0.0,0.0,0.0,0.0,0.0,0.0,0.0
61023.73,1.0119048987616281,0.0,30525.0,37.0,0.1424499999991496,31.0625,32.375,37.01000000000005,0.0,0.0,0.0,0.0,0.0,20.0,0.3,0.1,0.2,0.1,0.4,0.1,0.1,0.1,0.5,0.0,65535.0,0.16130312046997788,0.0,65535.0,0.07530327306019684,0.0,0.0,0.0,0.0,0.0,0.0,0.0,0.0,0.0,0.0
61083.8,1.0298912277472685,0.0,30525.0,37.0,0.16864999999913996,30.75,32.4375,36.79000000000002,0.0,0.0,0.0,0.0,0.0,20.0,0.3,0.1,0.2,0.1,0.4,0.1,0.1,0.1,0.5,0.0,65535.0,0.16092164492256048,0.0,65535.0,0.07524223697261005,0.0,0.0,0.0,0.0,0.0,0.0,0.0,0.0,0.0,0.0
61143.88,1.036083489918556,0.0,30525.0,37.0,0.1621499999991433,30.875,32.375,37.170000000000016,0.0,0.0,0.0,0.0,0.0,20.0,0.3,0.1,0.2,0.1,0.4,0.1,0.1,0.1,0.5,0.0,65535.0,0.16177615014877547,0.0,65535.0,0.07556267643244068,0.0,0.0,0.0,0.0,0.0,0.0,0.0,0.0,0.0,0.0
61203.96,1.0289160012348693,0.0,30525.0,37.0,0.14064999999914696,30.9375,32.375,36.89000000000004,0.0,0.0,0.0,0.0,0.0,20.0,0.3,0.1,0.2,0.1,0.4,0.1,0.1,0.1,0.5,0.0,65535.0,0.16192874036774244,0.0,65535.0,0.07528801403830014,0.0,0.0,0.0,0.0,0.0,0.0,0.0,0.0,0.0,0.0
61264.03,1.0266343875205832,0.0,30525.0,37.0,0.20834999999914391,30.875,32.4375,36.77000000000004,0.0,0.0,0.0,0.0,0.0,20.0,0.3,0.1,0.2,0.1,0.4,0.1,0.1,0.1,0.5,0.0,65535.0,0.16148622873273824,0.0,65535.0,0.07508964675364309,0.0,0.0,0.0,0.0,0.0,0.0,0.0,0.0,0.0,0.0
61324.09,1.0625345708603404,0.0,30525.0,37.0,0.16864999999913652,31.125,32.375,36.950000000000045,0.0,0.0,0.0,0.0,0.0,20.0,0.3,0.1,0.2,0.1,0.4,0.1,0.1,0.1,0.5,0.0,65535.0,0.162554360265507,0.0,65535.0,0.07541008621347371,0.0,0.0,0.0,0.0,0.0,0.0,0.0,0.0,0.0,0.0
61384.15,1.0300174562175466,0.0,30525.0,37.0,0.15214999999913476,30.875,32.375,36.85000000000002,0.0,0.0,0.0,0.0,0.0,20.0,0.3,0.1,0.2,0.1,0.4,0.1,0.1,0.1,0.5,0.0,65535.0,0.1607843137254902,0.0,65535.0,0.07557793545433737,0.0,0.0,0.0,0.0,0.0,0.0,0.0,0.0,0.0,0.0
61444.22,1.0180382543942799,0.0,30525.0,37.0,0.17484999999914422,30.9375,32.4375,36.79000000000002,0.0,0.0,0.0,0.0,0.0,20.0,0.3,0.1,0.2,0.1,0.4,0.1,0.1,0.1,0.5,0.0,65535.0,0.16263065537499047,0.0,65535.0,0.07641718165865569,0.0,0.0,0.0,0.0,0.0,0.0,0.0,0.0,0.0,0.0
61504.28,1.0500884201963379,0.0,30525.0,37.0,0.16364999999913848,30.8125,32.375,36.93000000000001,0.0,0.0,0.0,0.0,0.0,20.0,0.3,0.1,0.2,0.1,0.4,0.1,0.1,0.1,0.5,0.0,65535.0,0.1616235599298085,0.0,65535.0,0.07614251926451514,0.0,0.0,0.0,0.0,0.0,0.0,0.0,0.0,0.0,0.0
61564.34,1.0277258946723271,0.0,30525.0,37.0,0.12244999999913075,31.0,32.375,36.79000000000002,0.0,0.0,0.0,0.0,0.0,20.0,0.3,0.1,0.2,0.1,0.4,0.1,0.1,0.1,0.5,0.0,65535.0,0.16256961928740368,0.0,65535.0,0.07580682078278782,0.0,0.0,0.0,0.0,0.0,0.0,0.0,0.0,0.0,0.0
61624.38,1.0613477297816203,0.0,30525.0,37.0,0.16454999999913594,30.75,32.375,37.110000000000014,0.0,0.0,0.0,0.0,0.0,20.0,0.3,0.1,0.2,0.1,0.4,0.1,0.1,0.1,0.5,0.0,65535.0,0.16353093766689555,0.0,65535.0,0.07598992904554817,0.0,0.0,0.0,0.0,0.0,0.0,0.0,0.0,0.0,0.0
61684.43,1.03512783232881,0.0,30525.0,37.0,0.16604999999913542,30.9375,32.375,37.01000000000005,0.0,0.0,0.0,0.0,0.0,20.0,0.3,0.1,0.2,0.1,0.4,0.1,0.1,0.1,0.5,0.0,65535.0,0.16365300984206912,0.0,65535.0,0.07598992904554817,0.0,0.0,0.0,0.0,0.0,0.0,0.0,0.0,0.0,0.0
61744.46,1.0425592556879235,0.0,30525.0,37.0,0.19104999999914024,30.9375,32.375,36.93000000000001,0.0,0.0,0.0,0.0,0.0,20.0,0.3,0.1,0.2,0.1,0.4,0.1,0.1,0.1,0.5,0.0,65535.0,0.16359197375448234,0.0,65535.0,0.07560845349813076,0.0,0.0,0.0,0.0,0.0,0.0,0.0,0.0,0.0,0.0
61804.5,1.0143599526709086,0.0,30525.0,37.0,0.10854999999913653,30.9375,32.375,36.93000000000001,0.0,0.0,0.0,0.0,0.0,20.0,0.3,0.1,0.2,0.1,0.4,0.1,0.1,0.1,0.5,0.0,65535.0,0.16359197375448234,0.0,65535.0,0.07631036850537881,0.0,0.0,0.0,0.0,0.0,0.0,0.0,0.0,0.0,0.0
61864.57,1.058179912151711,0.0,30525.0,37.0,0.1423499999991325,31.0,32.375,36.79000000000002,0.0,0.0,0.0,0.0,0.0,20.0,0.3,0.1,0.2,0.1,0.4,0.1,0.1,0.1,0.5,0.0,65535.0,0.16362249179827573,0.0,65535.0,0.07605096513313496,0.0,0.0,0.0,0.0,0.0,0.0,0.0,0.0,0.0,0.0
61924.65,1.0713969106432224,0.0,30525.0,37.0,0.19004999999913347,30.8125,32.4375,36.85000000000002,0.0,0.0,0.0,0.0,0.0,20.0,0.3,0.1,0.2,0.1,0.4,0.1,0.1,0.1,0.5,0.0,65535.0,0.16435492484931716,0.0,65535.0,0.07621881437399863,0.0,0.0,0.0,0.0,0.0,0.0,0.0,0.0,0.0,0.0
61984.7,1.0454561149716823,0.0,30525.0,37.0,0.16124999999913123,31.125,32.375,36.85000000000002,0.0,0.0,0.0,0.0,0.0,20.0,0.3,0.1,0.2,0.1,0.4,0.1,0.1,0.1,0.5,0.0,65535.0,0.16408026245517662,0.0,65535.0,0.07615777828641183,0.0,0.0,0.0,0.0,0.0,0.0,0.0,0.0,0.0,0.0
62044.74,1.070030837656835,0.0,30525.0,37.0,0.11974999999912378,30.9375,32.375,36.870000000000005,0.0,0.0,0.0,0.0,0.0,20.0,0.3,0.1,0.2,0.1,0.4,0.1,0.1,0.1,0.5,0.0,65535.0,0.16438544289311055,0.0,65535.0,0.0767681391622797,0.0,0.0,0.0,0.0,0.0,0.0,0.0,0.0,0.0,0.0
62104.81,1.0383394216803925,0.0,30525.0,37.0,0.14774999999912844,31.0625,32.375,36.93000000000001,0.0,0.0,0.0,0.0,0.0,20.0,0.3,0.1,0.2,0.1,0.4,0.1,0.1,0.1,0.5,0.0,65535.0,0.16438544289311055,0.0,65535.0,0.07656977187762265,0.0,0.0,0.0,0.0,0.0,0.0,0.0,0.0,0.0,0.0
62164.85,1.0633958850938945,0.0,30525.0,37.0,0.16894999999912336,30.875,32.4375,37.09000000000003,0.0,0.0,0.0,0.0,0.0,20.0,0.3,0.1,0.2,0.1,0.4,0.1,0.1,0.1,0.5,0.0,65535.0,0.16443121995880064,0.0,65535.0,0.07689021133745327,0.0,0.0,0.0,0.0,0.0,0.0,0.0,0.0,0.0,0.0
62224.92,1.0520193961169313,0.0,30525.0,37.0,0.19284999999913344,30.9375,32.375,37.05000000000001,0.0,0.0,0.0,0.0,0.0,20.0,0.3,0.1,0.2,0.1,0.4,0.1,0.1,0.1,0.5,0.0,65535.0,0.1654383154039826,0.0,65535.0,0.07667658503089952,0.0,0.0,0.0,0.0,0.0,0.0,0.0,0.0,0.0,0.0
62284.98,1.0197985859472412,0.0,30525.0,37.0,0.1678499999991269,31.125,32.375,37.33000000000004,0.0,0.0,0.0,0.0,0.0,20.0,0.3,0.1,0.2,0.1,0.4,0.1,0.1,0.1,0.5,0.0,65535.0,0.16475165941863126,0.0,65535.0,0.07707331960021363,0.0,0.0,0.0,0.0,0.0,0.0,0.0,0.0,0.0,0.0
62345.02,1.0448384767644316,0.0,30525.0,37.0,0.14454999999913046,30.9375,32.4375,36.950000000000045,0.0,0.0,0.0,0.0,0.0,20.0,0.3,0.1,0.2,0.1,0.4,0.1,0.1,0.1,0.5,0.0,65535.0,0.16650644693675135,0.0,65535.0,0.0763866636148623,0.0,0.0,0.0,0.0,0.0,0.0,0.0,0.0,0.0,0.0
62405.07,1.0600334974833838,0.0,30525.0,37.0,0.14714999999912468,30.9375,32.375,36.85000000000002,0.0,0.0,0.0,0.0,0.0,20.0,0.3,0.1,0.2,0.1,0.4,0.1,0.1,0.1,0.5,0.0,65535.0,0.1658197909514,0.0,65535.0,0.07672236209658961,0.0,0.0,0.0,0.0,0.0,0.0,0.0,0.0,0.0,0.0
62465.11,1.063212264008689,0.0,30525.0,37.0,0.16714999999911984,30.9375,32.375,36.79000000000002,0.0,0.0,0.0,0.0,0.0,20.0,0.3,0.1,0.2,0.1,0.4,0.1,0.1,0.1,0.5,0.0,65535.0,0.1670710307469291,0.0,65535.0,0.07692072938124667,0.0,0.0,0.0,0.0,0.0,0.0,0.0,0.0,0.0,0.0
62525.17,1.065018716305377,0.0,30525.0,37.0,0.16714999999911898,31.0,32.375,36.93000000000001,0.0,0.0,0.0,0.0,0.0,20.0,0.3,0.1,0.2,0.1,0.4,0.1,0.1,0.1,0.5,0.0,65535.0,0.1671320668345159,0.0,65535.0,0.07673762111848631,0.0,0.0,0.0,0.0,0.0,0.0,0.0,0.0,0.0,0.0
62585.24,1.0619117830350326,0.0,30525.0,37.0,0.1503499999991175,30.9375,32.4375,37.05000000000001,0.0,0.0,0.0,0.0,0.0,20.0,0.3,0.1,0.2,0.1,0.4,0.1,0.1,0.1,0.5,0.0,65535.0,0.16728465705348286,0.0,65535.0,0.07692072938124667,0.0,0.0,0.0,0.0,0.0,0.0,0.0,0.0,0.0,0.0
62645.32,1.0428988276611726,0.0,30525.0,37.0,0.23334999999911477,30.9375,32.375,36.89000000000004,0.0,0.0,0.0,0.0,0.0,20.0,0.3,0.1,0.2,0.1,0.4,0.1,0.1,0.1,0.5,0.0,65535.0,0.16768139162279697,0.0,65535.0,0.07725642786297399,0.0,0.0,0.0,0.0,0.0,0.0,0.0,0.0,0.0,0.0
62705.39,1.046786176775376,0.0,30525.0,37.0,0.12334999999911447,31.1875,32.375,37.01000000000005,0.0,0.0,0.0,0.0,0.0,20.0,0.3,0.1,0.2,0.1,0.4,0.1,0.1,0.1,0.5,0.0,65535.0,0.16742198825055313,0.0,65535.0,0.07696650644693676,0.0,0.0,0.0,0.0,0.0,0.0,0.0,0.0,0.0,0.0
62765.46,1.0623435552939333,0.0,30525.0,37.0,0.15484999999911425,31.1875,32.4375,36.93000000000001,0.0,0.0,0.0,0.0,0.0,20.0,0.3,0.1,0.2,0.1,0.4,0.1,0.1,0.1,0.5,0.0,65535.0,0.16562142366674296,0.0,65535.0,0.0763866636148623,0.0,0.0,0.0,0.0,0.0,0.0,0.0,0.0,0.0,0.0
62825.53,1.0388927381368576,0.0,30525.0,37.0,0.09064999999911066,30.9375,32.375,37.01000000000005,0.0,0.0,0.0,0.0,0.0,20.0,0.3,0.1,0.2,0.1,0.4,0.1,0.1,0.1,0.5,0.0,65535.0,0.16650644693675135,0.0,65535.0,0.0767986572060731,0.0,0.0,0.0,0.0,0.0,0.0,0.0,0.0,0.0,0.0
62885.6,1.064634222934684,0.0,30525.0,37.0,0.1997499999991234,30.8125,32.4375,37.03000000000003,0.0,0.0,0.0,0.0,0.0,20.0,0.3,0.1,0.2,0.1,0.4,0.1,0.1,0.1,0.5,0.0,65535.0,0.1697108415350576,0.0,65535.0,0.07792782482642863,0.0,0.0,0.0,0.0,0.0,0.0,0.0,0.0,0.0,0.0
62945.67,1.0697384333536701,0.0,30525.0,37.0,0.18334999999911245,30.8125,32.4375,36.93000000000001,0.0,0.0,0.0,0.0,0.0,20.0,0.3,0.1,0.2,0.1,0.4,0.1,0.1,0.1,0.5,0.0,65535.0,0.16874952315556574,0.0,65535.0,0.07772945754177157,0.0,0.0,0.0,0.0,0.0,0.0,0.0,0.0,0.0,0.0
63005.74,1.0529285945921434,0.0,30525.0,37.0,0.12094999999910894,30.875,32.4375,37.110000000000014,0.0,0.0,0.0,0.0,0.0,20.0,0.3,0.1,0.2,0.1,0.4,0.1,0.1,0.1,0.5,0.0,65535.0,0.16903944457160297,0.0,65535.0,0.07766842145418479,0.0,0.0,0.0,0.0,0.0,0.0,0.0,0.0,0.0,0.0
63065.82,1.0762171935059301,0.0,30525.0,37.0,0.1865499999991203,30.875,32.4375,36.870000000000005,0.0,0.0,0.0,0.0,0.0,20.0,0.3,0.1,0.2,0.1,0.4,0.1,0.1,0.1,0.5,0.0,65535.0,0.1693446250095369,0.0,65535.0,0.07769893949797818,0.0,0.0,0.0,0.0,0.0,0.0,0.0,0.0,0.0,0.0
63125.9,1.0917663274758957,0.0,30525.0,37.0,0.18424999999910988,30.9375,32.4375,36.89000000000004,0.0,0.0,0.0,0.0,0.0,20.0,0.3,0.1,0.2,0.1,0.4,0.1,0.1,0.1,0.5,0.0,65535.0,0.16906996261539636,0.0,65535.0,0.07757686732280461,0.0,0.0,0.0,0.0,0.0,0.0,0.0,0.0,0.0,0.0
63185.94,1.0797353506424816,0.0,30525.0,37.0,0.16304999999911324,30.875,32.4375,37.05000000000001,0.0,0.0,0.0,0.0,0.0,20.0,0.3,0.1,0.2,0.1,0.4,0.1,0.1,0.1,0.5,0.0,65535.0,0.16903944457160297,0.0,65535.0,0.07798886091401541,0.0,0.0,0.0,0.0,0.0,0.0,0.0,0.0,0.0,0.0
63246.01,1.0425956135643901,0.0,30525.0,37.0,0.1480499999991118,30.8125,32.4375,36.81,0.0,0.0,0.0,0.0,0.0,20.0,0.3,0.1,0.2,0.1,0.4,0.1,0.1,0.1,0.5,0.0,65535.0,0.17074845502403296,0.0,65535.0,0.07785152971694514,0.0,0.0,0.0,0.0,0.0,0.0,0.0,0.0,0.0,0.0
63306.08,1.0520737863212593,0.0,30525.0,37.0,0.17044999999910648,30.8125,32.4375,36.97000000000003,0.0,0.0,0.0,0.0,0.0,20.0,0.3,0.1,0.2,0.1,0.4,0.1,0.1,0.1,0.5,0.0,65535.0,0.17032120241092547,0.0,65535.0,0.0775921263447013,0.0,0.0,0.0,0.0,0.0,0.0,0.0,0.0,0.0,0.0
63366.11,1.0726494771120327,0.0,30525.0,37.0,0.17454999999911525,31.0,32.4375,36.950000000000045,0.0,0.0,0.0,0.0,0.0,20.0,0.3,0.1,0.2,0.1,0.4,0.1,0.1,0.1,0.5,0.0,65535.0,0.16900892652780958,0.0,65535.0,0.07786678873884184,0.0,0.0,0.0,0.0,0.0,0.0,0.0,0.0,0.0,0.0
63426.16,1.0779183175535807,0.0,30525.0,37.0,0.09974999999910711,30.9375,32.4375,36.93000000000001,0.0,0.0,0.0,0.0,0.0,20.0,0.3,0.1,0.2,0.1,0.4,0.1,0.1,0.1,0.5,0.0,65535.0,0.17001602197299154,0.0,65535.0,0.078461890592813,0.0,0.0,0.0,0.0,0.0,0.0,0.0,0.0,0.0,0.0
63486.2,1.068079793791154,0.0,30525.0,37.0,0.12884999999910735,30.875,32.4375,36.870000000000005,0.0,0.0,0.0,0.0,0.0,20.0,0.3,0.1,0.2,0.1,0.4,0.1,0.1,0.1,0.5,0.0,65535.0,0.17048905165178913,0.0,65535.0,0.07838559548332952,0.0,0.0,0.0,0.0,0.0,0.0,0.0,0.0,0.0,0.0
63546.25,1.0815036974876975,0.0,30525.0,37.0,0.1838499999991133,30.875,32.4375,36.85000000000002,0.0,0.0,0.0,0.0,0.0,20.0,0.3,0.1,0.2,0.1,0.4,0.1,0.1,0.1,0.5,0.0,65535.0,0.17027542534523538,0.0,65535.0,0.07817196917677577,0.0,0.0,0.0,0.0,0.0,0.0,0.0,0.0,0.0,0.0
63606.28,1.0391431971288672,0.0,30525.0,37.0,0.20244999999911314,30.9375,32.4375,36.93000000000001,0.0,0.0,0.0,0.0,0.0,20.0,0.3,0.1,0.2,0.1,0.4,0.1,0.1,0.1,0.5,0.0,65535.0,0.17094682230869002,0.0,65535.0,0.0780193789578088,0.0,0.0,0.0,0.0,0.0,0.0,0.0,0.0,0.0,0.0
63666.34,1.049397978981748,0.0,30525.0,37.0,0.15184999999910062,30.875,32.4375,37.03000000000003,0.0,0.0,0.0,0.0,0.0,20.0,0.3,0.1,0.2,0.1,0.4,0.1,0.1,0.1,0.5,0.0,65535.0,0.17084000915541314,0.0,65535.0,0.07837033646143282,0.0,0.0,0.0,0.0,0.0,0.0,0.0,0.0,0.0,0.0
63726.41,1.0405128431998576,0.0,30525.0,37.0,0.0997499999991028,31.0625,32.375,37.09000000000003,0.0,0.0,0.0,0.0,0.0,20.0,0.3,0.1,0.2,0.1,0.4,0.1,0.1,0.1,0.5,0.0,65535.0,0.17079423208972305,0.0,65535.0,0.07812619211108568,0.0,0.0,0.0,0.0,0.0,0.0,0.0,0.0,0.0,0.0
63786.49,1.0514540188645576,0.0,30525.0,37.0,0.16064999999910426,30.875,32.375,36.81,0.0,0.0,0.0,0.0,0.0,20.0,0.3,0.1,0.2,0.1,0.4,0.1,0.1,0.1,0.5,0.0,65535.0,0.17119096665903716,0.0,65535.0,0.07765316243228809,0.0,0.0,0.0,0.0,0.0,0.0,0.0,0.0,0.0,0.0
63846.56,1.0574303776076805,0.0,30525.0,37.0,0.14064999999910738,31.125,32.4375,37.03000000000003,0.0,0.0,0.0,0.0,0.0,20.0,0.3,0.1,0.2,0.1,0.4,0.1,0.1,0.1,0.5,0.0,65535.0,0.17242694743266956,0.0,65535.0,0.07859922178988327,0.0,0.0,0.0,0.0,0.0,0.0,0.0,0.0,0.0,0.0
63906.63,1.0751317647070344,0.0,30525.0,37.0,0.17364999999910832,30.8125,32.4375,37.01000000000005,0.0,0.0,0.0,0.0,0.0,20.0,0.3,0.1,0.2,0.1,0.4,0.1,0.1,0.1,0.5,0.0,65535.0,0.1718776226443885,0.0,65535.0,0.07891966124971389,0.0,0.0,0.0,0.0,0.0,0.0,0.0,0.0,0.0,0.0
63966.71,1.072721854086763,0.0,30525.0,37.0,0.1745499999991075,30.9375,32.4375,36.950000000000045,0.0,0.0,0.0,0.0,0.0,20.0,0.3,0.1,0.2,0.1,0.4,0.1,0.1,0.1,0.5,0.0,65535.0,0.17091630426489662,0.0,65535.0,0.07899595635919737,0.0,0.0,0.0,0.0,0.0,0.0,0.0,0.0,0.0,0.0
64026.76,1.0766565750167112,0.0,30525.0,37.0,0.12534999999910534,30.875,32.4375,37.05000000000001,0.0,0.0,0.0,0.0,0.0,20.0,0.3,0.1,0.2,0.1,0.4,0.1,0.1,0.1,0.5,0.0,65535.0,0.17212176699473564,0.0,65535.0,0.07811093308918898,0.0,0.0,0.0,0.0,0.0,0.0,0.0,0.0,0.0,0.0
64086.84,1.0549452168977416,0.0,30525.0,37.0,0.20394999999910746,30.8125,32.5,37.03000000000003,0.0,0.0,0.0,0.0,0.0,20.0,0.3,0.1,0.2,0.1,0.4,0.1,0.1,0.1,0.5,0.0,65535.0,0.17112993057145037,0.0,65535.0,0.07815671015487907,0.0,0.0,0.0,0.0,0.0,0.0,0.0,0.0,0.0,0.0
64146.89,1.0821576492836005,0.0,30525.0,37.0,0.14564999999909936,30.875,32.4375,37.03000000000003,0.0,0.0,0.0,0.0,0.0,20.0,0.3,0.1,0.2,0.1,0.4,0.1,0.1,0.1,0.5,0.0,65535.0,0.17245746547646296,0.0,65535.0,0.07924010070954451,0.0,0.0,0.0,0.0,0.0,0.0,0.0,0.0,0.0,0.0
64206.96,1.08119497803472,0.0,30525.0,37.0,0.18684999999910537,30.8125,32.4375,36.81,0.0,0.0,0.0,0.0,0.0,20.0,0.3,0.1,0.2,0.1,0.4,0.1,0.1,0.1,0.5,0.0,65535.0,0.17248798352025635,0.0,65535.0,0.07924010070954451,0.0,0.0,0.0,0.0,0.0,0.0,0.0,0.0,0.0,0.0
64267.02,1.0510260516421341,0.0,30525.0,37.0,0.16804999999909404,31.0,32.4375,36.85000000000002,0.0,0.0,0.0,0.0,0.0,20.0,0.3,0.1,0.2,0.1,0.4,0.1,0.1,0.1,0.5,0.0,65535.0,0.17210650797283894,0.0,65535.0,0.07876707103074693,0.0,0.0,0.0,0.0,0.0,0.0,0.0,0.0,0.0,0.0
64327.06,1.0758094210741072,0.0,30525.0,37.0,0.18924999999910402,30.8125,32.4375,36.870000000000005,0.0,0.0,0.0,0.0,0.0,20.0,0.3,0.1,0.2,0.1,0.4,0.1,0.1,0.1,0.5,0.0,65535.0,0.173159380483711,0.0,65535.0,0.0789044022278172,0.0,0.0,0.0,0.0,0.0,0.0,0.0,0.0,0.0,0.0
64387.13,1.0707552819056252,0.0,30525.0,37.0,0.151049999999097,31.0,32.4375,37.190000000000055,0.0,0.0,0.0,0.0,0.0,20.0,0.3,0.1,0.2,0.1,0.4,0.1,0.1,0.1,0.5,0.0,65535.0,0.17367818722819867,0.0,65535.0,0.07910276951247425,0.0,0.0,0.0,0.0,0.0,0.0,0.0,0.0,0.0,0.0
64447.22,1.0777765076981725,0.0,30525.0,37.0,0.10004999999909392,30.875,32.4375,37.03000000000003,0.0,0.0,0.0,0.0,0.0,20.0,0.3,0.1,0.2,0.1,0.4,0.1,0.1,0.1,0.5,0.0,65535.0,0.173159380483711,0.0,65535.0,0.07902647440299077,0.0,0.0,0.0,0.0,0.0,0.0,0.0,0.0,0.0,0.0
64507.3,1.0702012830902978,0.0,30525.0,37.0,0.14094999999909935,30.875,32.375,36.93000000000001,0.0,0.0,0.0,0.0,0.0,20.0,0.3,0.1,0.2,0.1,0.4,0.1,0.1,0.1,0.5,0.0,65535.0,0.17340352483405813,0.0,65535.0,0.07937743190661478,0.0,0.0,0.0,0.0,0.0,0.0,0.0,0.0,0.0,0.0
64567.36,1.1028797038192033,0.0,30525.0,37.0,0.13974999999909873,30.9375,32.4375,36.93000000000001,0.0,0.0,0.0,0.0,0.0,20.0,0.3,0.1,0.2,0.1,0.4,0.1,0.1,0.1,0.5,0.0,65535.0,0.17421225299458304,0.0,65535.0,0.07936217288471809,0.0,0.0,0.0,0.0,0.0,0.0,0.0,0.0,0.0,0.0
64627.44,1.056643729665797,0.0,30525.0,37.0,0.18894999999910003,31.0625,32.4375,36.89000000000004,0.0,0.0,0.0,0.0,0.0,20.0,0.3,0.1,0.2,0.1,0.4,0.1,0.1,0.1,0.5,0.0,65535.0,0.17430380712596322,0.0,65535.0,0.07937743190661478,0.0,0.0,0.0,0.0,0.0,0.0,0.0,0.0,0.0,0.0
64687.51,1.0573853389226362,0.0,30525.0,37.0,0.14804999999909288,30.75,32.4375,37.05000000000001,0.0,0.0,0.0,0.0,0.0,20.0,0.3,0.1,0.2,0.1,0.4,0.1,0.1,0.1,0.5,0.0,65535.0,0.17529564354924848,0.0,65535.0,0.0793011367971313,0.0,0.0,0.0,0.0,0.0,0.0,0.0,0.0,0.0,0.0
64747.59,1.0787323618653106,0.0,30525.0,37.0,0.18034999999908852,30.9375,32.4375,37.05000000000001,0.0,0.0,0.0,0.0,0.0,20.0,0.3,0.1,0.2,0.1,0.4,0.1,0.1,0.1,0.5,0.0,65535.0,0.17500572213321125,0.0,65535.0,0.07983520256351567,0.0,0.0,0.0,0.0,0.0,0.0,0.0,0.0,0.0,0.0
64807.65,1.0555107022719386,0.0,30525.0,37.0,0.18654999999909794,31.0625,32.4375,36.79000000000002,0.0,0.0,0.0,0.0,0.0,20.0,0.3,0.1,0.2,0.1,0.4,0.1,0.1,0.1,0.5,0.0,65535.0,0.17688258182650493,0.0,65535.0,0.07989623865110246,0.0,0.0,0.0,0.0,0.0,0.0,0.0,0.0,0.0,0.0
64867.72,1.0871675168444301,0.0,30525.0,37.0,0.13944999999909558,30.875,32.4375,36.97000000000003,0.0,0.0,0.0,0.0,0.0,20.0,0.3,0.1,0.2,0.1,0.4,0.1,0.1,0.1,0.5,0.0,65535.0,0.1755855649652857,0.0,65535.0,0.08015564202334631,0.0,0.0,0.0,0.0,0.0,0.0,0.0,0.0,0.0,0.0
64927.79,1.0642461753894261,0.0,30525.0,37.0,0.18504999999909671,30.8125,32.5,36.97000000000003,0.0,0.0046,0.25,0.0,0.0,20.0,0.3,0.1,0.2,0.1,0.4,0.1,0.1,0.1,0.5,0.0,65535.0,0.1769588769359884,0.0,65535.0,0.08033875028610667,0.0,0.0,0.0,0.0,0.0,0.0,0.0,0.0,0.0,0.0
64987.86,1.027861336762863,0.0,30525.0,37.0,0.24724999999908873,30.875,32.375,36.690000000000055,0.0,0.0,0.0,0.0,0.0,20.0,0.3,0.1,0.2,0.1,0.4,0.1,0.1,0.1,0.5,0.0,65535.0,0.1722285801480125,0.0,65535.0,0.07861448081177996,0.0,0.0,0.0,0.0,0.0,0.0,0.0,0.0,0.0,0.0
65047.92,1.0518784960252328,0.0,30525.0,37.0,0.17904999999909474,30.8125,32.4375,36.79000000000002,0.0,0.0,0.0,0.0,0.0,20.0,0.3,0.1,0.2,0.1,0.4,0.1,0.1,0.1,0.5,0.0,65535.0,0.171450370031281,0.0,65535.0,0.07830930037384604,0.0,0.0,0.0,0.0,0.0,0.0,0.0,0.0,0.0,0.0
65107.96,1.0202501216550743,0.0,30525.0,37.0,0.15554999999908853,30.8125,32.5,36.97000000000003,0.0,0.0,0.0,0.0,0.0,20.0,0.3,0.1,0.2,0.1,0.4,0.1,0.1,0.1,0.5,0.0,65535.0,0.17325093461509117,0.0,65535.0,0.07855344472419318,0.0,0.0,0.0,0.0,0.0,0.0,0.0,0.0,0.0,0.0
65168.0,1.0343594789526247,0.0,30525.0,37.0,0.1496499999990922,30.9375,32.4375,36.870000000000005,0.0,0.0,0.0,0.0,0.0,20.0,0.3,0.1,0.2,0.1,0.4,0.1,0.1,0.1,0.5,0.0,65535.0,0.1730983443961242,0.0,65535.0,0.0788891432059205,0.0,0.0,0.0,0.0,0.0,0.0,0.0,0.0,0.0,0.0
65228.04,1.01953756544896,0.0,30525.0,37.0,0.21704999999908944,30.875,32.5,36.93000000000001,0.0,0.0,0.0,0.0,0.0,20.0,0.3,0.1,0.2,0.1,0.4,0.1,0.1,0.1,0.5,0.0,65535.0,0.1734950789654383,0.0,65535.0,0.07867551689936675,0.0,0.0,0.0,0.0,0.0,0.0,0.0,0.0,0.0,0.0
65288.09,1.044610577468782,0.0,30525.0,37.0,0.1590499999990811,30.8125,32.4375,36.950000000000045,0.0,0.0,0.0,0.0,0.0,20.0,0.3,0.1,0.2,0.1,0.4,0.1,0.1,0.1,0.5,0.0,65535.0,0.17413595788509956,0.0,65535.0,0.07873655298695353,0.0,0.0,0.0,0.0,0.0,0.0,0.0,0.0,0.0,0.0
65348.17,1.0382432042281726,0.0,30525.0,37.0,0.14994999999908937,30.875,32.4375,37.03000000000003,0.0,0.0,0.0,0.0,0.0,20.0,0.3,0.1,0.2,0.1,0.4,0.1,0.1,0.1,0.5,0.0,65535.0,0.17421225299458304,0.0,65535.0,0.07876707103074693,0.0,0.0,0.0,0.0,0.0,0.0,0.0,0.0,0.0,0.0
65408.24,1.0384434935678843,0.0,30525.0,37.0,0.19144999999908005,30.875,32.4375,36.950000000000045,0.0,0.0,0.0,0.0,0.0,20.0,0.3,0.1,0.2,0.1,0.4,0.1,0.1,0.1,0.5,0.0,65535.0,0.1739528496223392,0.0,65535.0,0.07841611352712291,0.0,0.0,0.0,0.0,0.0,0.0,0.0,0.0,0.0,0.0
65468.31,1.0640625147389655,0.0,30525.0,37.0,0.17404999999907825,30.875,32.4375,37.05000000000001,0.0,0.0,0.0,0.0,0.0,20.0,0.3,0.1,0.2,0.1,0.4,0.1,0.1,0.1,0.5,0.0,65535.0,0.17416647592889295,0.0,65535.0,0.0784313725490196,0.0,0.0,0.0,0.0,0.0,0.0,0.0,0.0,0.0,0.0
65528.38,1.041383660498414,0.0,30525.0,37.0,0.17524999999907714,31.0,32.4375,37.03000000000003,0.0,0.0,0.0,0.0,0.0,20.0,0.3,0.1,0.2,0.1,0.4,0.1,0.1,0.1,0.5,0.0,65535.0,0.17341878385595483,0.0,65535.0,0.07824826428625925,0.0,0.0,0.0,0.0,0.0,0.0,0.0,0.0,0.0,0.0
65588.46,1.0328525726339095,0.0,30525.0,37.0,0.16694999999908042,31.0,32.4375,37.170000000000016,0.0,0.0,0.0,0.0,0.0,20.0,0.3,0.1,0.2,0.1,0.4,0.1,0.1,0.1,0.5,0.0,65535.0,0.17361715114061188,0.0,65535.0,0.07853818570229648,0.0,0.0,0.0,0.0,0.0,0.0,0.0,0.0,0.0,0.0
65648.54,1.042059883956592,0.0,30525.0,37.0,0.16954999999907464,31.125,32.4375,36.93000000000001,0.0,0.0,0.0,0.0,0.0,20.0,0.3,0.1,0.2,0.1,0.4,0.1,0.1,0.1,0.5,0.0,65535.0,0.1748226138704509,0.0,65535.0,0.07896543831540398,0.0,0.0,0.0,0.0,0.0,0.0,0.0,0.0,0.0,0.0
65708.6,1.0524846087305098,0.0,30525.0,37.0,0.14894999999907746,31.0,32.5,36.950000000000045,0.0,0.0,0.0,0.0,0.0,20.0,0.3,0.1,0.2,0.1,0.4,0.1,0.1,0.1,0.5,0.0,65535.0,0.17537193865873196,0.0,65535.0,0.07933165484092469,0.0,0.0,0.0,0.0,0.0,0.0,0.0,0.0,0.0,0.0
65768.68,1.0316993943286605,0.0,30525.0,37.0,0.12774999999908082,31.0,32.4375,36.93000000000001,0.0,0.0,0.0,0.0,0.0,20.0,0.3,0.1,0.2,0.1,0.4,0.1,0.1,0.1,0.5,0.0,65535.0,0.17470054169527732,0.0,65535.0,0.0796978713664454,0.0,0.0,0.0,0.0,0.0,0.0,0.0,0.0,0.0,0.0
65828.75,1.0760075971576375,0.0,30525.0,37.0,0.1265499999990802,31.0625,32.4375,36.97000000000003,0.0,0.0,0.0,0.0,0.0,20.0,0.3,0.1,0.2,0.1,0.4,0.1,0.1,0.1,0.5,0.0,65535.0,0.1747920958266575,0.0,65535.0,0.07924010070954451,0.0,0.0,0.0,0.0,0.0,0.0,0.0,0.0,0.0,0.0
65888.82,1.0699757829874779,0.0,30525.0,37.0,0.16364999999907573,30.8125,32.4375,36.81,0.0,0.0,0.0,0.0,0.0,20.0,0.3,0.1,0.2,0.1,0.4,0.1,0.1,0.1,0.5,0.0,65535.0,0.17651636530098422,0.0,65535.0,0.08004882887006942,0.0,0.0,0.0,0.0,0.0,0.0,0.0,0.0,0.0,0.0
65948.88,1.0494902643864141,0.0,30525.0,37.0,0.1309499999990736,30.9375,32.5,36.81,0.0,0.0,0.0,0.0,0.0,20.0,0.3,0.1,0.2,0.1,0.4,0.1,0.1,0.1,0.5,0.0,65535.0,0.17488364995803768,0.0,65535.0,0.07959105821316853,0.0,0.0,0.0,0.0,0.0,0.0,0.0,0.0,0.0,0.0
66008.92,1.0845950099915531,0.0,30525.0,37.0,0.14594999999907332,30.875,32.5,36.93000000000001,0.0,0.0,0.0,0.0,0.0,20.0,0.3,0.1,0.2,0.1,0.4,0.1,0.1,0.1,0.5,0.0,65535.0,0.17810330357824064,0.0,65535.0,0.08000305180437933,0.0,0.0,0.0,0.0,0.0,0.0,0.0,0.0,0.0,0.0
66068.96,1.0667450130226144,0.0,30525.0,37.0,0.1633499999990734,30.9375,32.4375,36.97000000000003,0.0,0.0,0.0,0.0,0.0,20.0,0.3,0.1,0.2,0.1,0.4,0.1,0.1,0.1,0.5,0.0,65535.0,0.17708094911116198,0.0,65535.0,0.07962157625696192,0.0,0.0,0.0,0.0,0.0,0.0,0.0,0.0,0.0,0.0
66129.01,1.0901439756128064,0.0,30525.0,37.0,0.10654999999906564,31.0625,32.4375,37.05000000000001,0.0,0.0,0.0,0.0,0.0,20.0,0.3,0.1,0.2,0.1,0.4,0.1,0.1,0.1,0.5,0.0,65535.0,0.17737087052719921,0.0,65535.0,0.07925535973144121,0.0,0.0,0.0,0.0,0.0,0.0,0.0,0.0,0.0,0.0
66189.05,1.0488408309057105,0.0,30525.0,37.0,0.1957499999990732,31.25,32.5,37.05000000000001,0.0,0.0,0.0,0.0,0.0,20.0,0.3,0.1,0.2,0.1,0.4,0.1,0.1,0.1,0.5,0.0,65535.0,0.17642481116960404,0.0,65535.0,0.08039978637369345,0.0,0.0,0.0,0.0,0.0,0.0,0.0,0.0,0.0,0.0
66249.12,1.0601914872091007,0.0,30525.0,37.0,0.14604999999907575,30.9375,32.4375,37.210000000000036,0.0,0.0,0.0,0.0,0.0,20.0,0.3,0.1,0.2,0.1,0.4,0.1,0.1,0.1,0.5,0.0,65535.0,0.1756923781185626,0.0,65535.0,0.07951476310368505,0.0,0.0,0.0,0.0,0.0,0.0,0.0,0.0,0.0,0.0
66309.2,1.0747580161975563,0.0,30525.0,37.0,0.1321499999990699,31.0625,32.5,37.01000000000005,0.0,0.0,0.0,0.0,0.0,20.0,0.3,0.1,0.2,0.1,0.4,0.1,0.1,0.1,0.5,0.0,65535.0,0.17669947356374457,0.0,65535.0,0.07991149767299915,0.0,0.0,0.0,0.0,0.0,0.0,0.0,0.0,0.0,0.0
66369.26,1.0703056307781722,0.0,30525.0,37.0,0.17364999999907563,30.8125,32.4375,37.01000000000005,0.0,0.0,0.0,0.0,0.0,20.0,0.3,0.1,0.2,0.1,0.4,0.1,0.1,0.1,0.5,0.0,65535.0,0.17680628671702145,0.0,65535.0,0.08007934691386283,0.0,0.0,0.0,0.0,0.0,0.0,0.0,0.0,0.0,0.0
66429.32,1.0631949412862691,0.0,30525.0,37.0,0.16504999999906497,30.875,32.5,37.09000000000003,0.0,0.0,0.0,0.0,0.0,20.0,0.3,0.1,0.2,0.1,0.4,0.1,0.1,0.1,0.5,0.0,65535.0,0.17761501487754636,0.0,65535.0,0.07988097962920576,0.0,0.0,0.0,0.0,0.0,0.0,0.0,0.0,0.0,0.0
66489.37,1.0856828550255146,0.0,30525.0,37.0,0.149749999999063,31.0,32.4375,36.97000000000003,0.0,0.0,0.0,0.0,0.0,20.0,0.3,0.1,0.2,0.1,0.4,0.1,0.1,0.1,0.5,0.0,65535.0,0.17842374303807126,0.0,65535.0,0.08047608148317693,0.0,0.0,0.0,0.0,0.0,0.0,0.0,0.0,0.0,0.0
66549.43,1.0693983382082906,0.0,30525.0,37.0,0.1394499999990715,30.8125,32.5,36.89000000000004,0.0,0.0,0.0,0.0,0.0,20.0,0.3,0.1,0.2,0.1,0.4,0.1,0.1,0.1,0.5,0.0,65535.0,0.1778744182497902,0.0,65535.0,0.08079652094300756,0.0,0.0,0.0,0.0,0.0,0.0,0.0,0.0,0.0,0.0
66609.48,1.0671052962060956,0.0,30525.0,37.0,0.19214999999906793,30.8125,32.5,37.01000000000005,0.0,0.0,0.0,0.0,0.0,20.0,0.3,0.1,0.2,0.1,0.4,0.1,0.1,0.1,0.5,0.0,65535.0,0.17836270695048448,0.0,65535.0,0.08087281605249104,0.0,0.0,0.0,0.0,0.0,0.0,0.0,0.0,0.0,0.0
66669.52,1.0625391350575315,0.0,30525.0,37.0,0.15064999999906048,30.8125,32.4375,36.93000000000001,0.0,0.0,0.0,0.0,0.0,20.0,0.3,0.1,0.2,0.1,0.4,0.1,0.1,0.1,0.5,0.0,65535.0,0.17949187457084,0.0,65535.0,0.08036926832990006,0.0,0.0,0.0,0.0,0.0,0.0,0.0,0.0,0.0,0.0
66729.55,1.0877013649043876,0.0,30525.0,37.0,0.1715499999990699,30.9375,32.5,36.77000000000004,0.0,0.0,0.0,0.0,0.0,20.0,0.3,0.1,0.2,0.1,0.4,0.1,0.1,0.1,0.5,0.0,65535.0,0.17846952010376135,0.0,65535.0,0.08094911116197452,0.0,0.0,0.0,0.0,0.0,0.0,0.0,0.0,0.0,0.0
66789.6,1.0624283091865128,0.0,30525.0,37.0,0.14294999999906322,30.75,32.4375,36.93000000000001,0.0,0.0,0.0,0.0,0.0,20.0,0.3,0.1,0.2,0.1,0.4,0.1,0.1,0.1,0.5,0.0,65535.0,0.18089570458533608,0.0,65535.0,0.08149843595025559,0.0,0.0,0.0,0.0,0.0,0.0,0.0,0.0,0.0,0.0
66849.64,1.0591452502451306,0.0,30525.0,37.0,0.17884999999905898,30.9375,32.4375,36.950000000000045,0.0,0.0,0.0,0.0,0.0,20.0,0.3,0.1,0.2,0.1,0.4,0.1,0.1,0.1,0.5,0.0,65535.0,0.17859159227893492,0.0,65535.0,0.08123903257801175,0.0,0.0,0.0,0.0,0.0,0.0,0.0,0.0,0.0,0.0
66909.68,1.0529912507332877,0.0,30525.0,37.0,0.17034999999906755,30.9375,32.4375,36.93000000000001,0.0,0.0,0.0,0.0,0.0,20.0,0.3,0.1,0.2,0.1,0.4,0.1,0.1,0.1,0.5,0.0,65535.0,0.17921721217669948,0.0,65535.0,0.08068970778973068,0.0,0.0,0.0,0.0,0.0,0.0,0.0,0.0,0.0,0.0
66969.73,1.0780802613122096,0.0,30525.0,37.0,0.19244999999906254,31.0,32.5,36.81,0.0,0.0,0.0,0.0,0.0,20.0,0.3,0.1,0.2,0.1,0.4,0.1,0.1,0.1,0.5,0.0,65535.0,0.18011749446860456,0.0,65535.0,0.08117799649042497,0.0,0.0,0.0,0.0,0.0,0.0,0.0,0.0,0.0,0.0
67029.8,1.0626361541048208,0.0,30525.0,37.0,0.20334999999906683,30.8125,32.5,36.81,0.0,0.0,0.0,0.0,0.0,20.0,0.3,0.1,0.2,0.1,0.4,0.1,0.1,0.1,0.5,0.0,65535.0,0.1791256580453193,0.0,65535.0,0.0814373998626688,0.0,0.0,0.0,0.0,0.0,0.0,0.0,0.0,0.0,0.0
67089.87,1.0997216240882617,0.0,30525.0,37.0,0.11244999999906252,31.0,32.5,37.170000000000016,0.0,0.0,0.0,0.0,0.0,20.0,0.3,0.1,0.2,0.1,0.4,0.1,0.1,0.1,0.5,0.0,65535.0,0.1811703669794766,0.0,65535.0,0.08204776073853666,0.0,0.0,0.0,0.0,0.0,0.0,0.0,0.0,0.0,0.0
67149.95,1.0610347998453897,0.0,30525.0,37.0,0.14274999999906338,31.0,32.4375,37.05000000000001,0.0,0.0,0.0,0.0,0.0,20.0,0.3,0.1,0.2,0.1,0.4,0.1,0.1,0.1,0.5,0.0,65535.0,0.17976653696498054,0.0,65535.0,0.08160524910353247,0.0,0.0,0.0,0.0,0.0,0.0,0.0,0.0,0.0,0.0
67210.03,1.096358592813405,0.0,30525.0,37.0,0.1424499999990628,30.9375,32.4375,37.05000000000001,0.0,0.0,0.0,0.0,0.0,20.0,0.3,0.1,0.2,0.1,0.4,0.1,0.1,0.1,0.5,0.0,65535.0,0.17944609750514992,0.0,65535.0,0.081879911497673,0.0,0.0,0.0,0.0,0.0,0.0,0.0,0.0,0.0,0.0
67270.1,1.113927030680291,0.0,30525.0,37.0,0.14624999999905763,31.0,32.5,37.03000000000003,0.0,0.0,0.0,0.0,0.0,20.0,0.3,0.1,0.2,0.1,0.4,0.1,0.1,0.1,0.5,0.0,65535.0,0.18010223544670786,0.0,65535.0,0.08207827878233005,0.0,0.0,0.0,0.0,0.0,0.0,0.0,0.0,0.0,0.0
67330.15,1.1039537210913903,0.0,30525.0,37.0,0.14414999999905698,30.9375,32.4375,37.03000000000003,0.0,0.0,0.0,0.0,0.0,20.0,0.3,0.1,0.2,0.1,0.4,0.1,0.1,0.1,0.5,0.0,65535.0,0.18049897001602197,0.0,65535.0,0.08172732127870604,0.0,0.0,0.0,0.0,0.0,0.0,0.0,0.0,0.0,0.0
67390.18,1.0852307626725541,0.0,30525.0,37.0,0.15914999999905668,31.0,32.5,36.97000000000003,0.0,0.0,0.0,0.0,0.0,20.0,0.3,0.1,0.2,0.1,0.4,0.1,0.1,0.1,0.5,0.0,65535.0,0.18097199969481956,0.0,65535.0,0.08180361638818952,0.0,0.0,0.0,0.0,0.0,0.0,0.0,0.0,0.0,0.0
67450.25,1.1040541478404078,0.0,30525.0,37.0,0.1803499999990516,30.9375,32.5,36.89000000000004,0.0,0.0,0.0,0.0,0.0,20.0,0.3,0.1,0.2,0.1,0.4,0.1,0.1,0.1,0.5,0.0,65535.0,0.1803921568627451,0.0,65535.0,0.08183413443198291,0.0,0.0,0.0,0.0,0.0,0.0,0.0,0.0,0.0,0.0
67510.34,1.0890823694518883,0.0,30525.0,37.0,0.15064999999904935,30.9375,32.5,37.01000000000005,0.0,0.0,0.0,0.0,0.0,20.0,0.3,0.1,0.2,0.1,0.4,0.1,0.1,0.1,0.5,0.0,65535.0,0.180849927519646,0.0,65535.0,0.08265812161440451,0.0,0.0,0.0,0.0,0.0,0.0,0.0,0.0,0.0,0.0
67570.42,1.088279575395942,0.0,30525.0,37.0,0.18334999999904972,30.9375,32.5,36.89000000000004,0.0,0.0,0.0,0.0,0.0,20.0,0.3,0.1,0.2,0.1,0.4,0.1,0.1,0.1,0.5,0.0,65535.0,0.18097199969481956,0.0,65535.0,0.08267338063630121,0.0,0.0,0.0,0.0,0.0,0.0,0.0,0.0,0.0,0.0
67630.46,1.1180604596905244,0.0,30525.0,37.0,0.16424999999905288,31.0,32.5,36.97000000000003,0.0,0.0,0.0,0.0,0.0,20.0,0.3,0.1,0.2,0.1,0.4,0.1,0.1,0.1,0.5,0.0,65535.0,0.18089570458533608,0.0,65535.0,0.0827191577019913,0.0,0.0,0.0,0.0,0.0,0.0,0.0,0.0,0.0,0.0
67690.54,1.0952781269810414,0.0,30525.0,37.0,0.1421499999990562,30.9375,32.5,37.05000000000001,0.0,0.0,0.0,0.0,0.0,20.0,0.3,0.1,0.2,0.1,0.4,0.1,0.1,0.1,0.5,0.0,65535.0,0.18139925230792706,0.0,65535.0,0.08177309834439613,0.0,0.0,0.0,0.0,0.0,0.0,0.0,0.0,0.0,0.0
67750.6,1.1126396008268316,0.0,30525.0,37.0,0.1294499999990501,30.875,32.5,37.09000000000003,0.0,0.0,0.0,0.0,0.0,20.0,0.3,0.1,0.2,0.1,0.4,0.1,0.1,0.1,0.5,0.0,65535.0,0.1824673838406958,0.0,65535.0,0.08274967574578469,0.0,0.0,0.0,0.0,0.0,0.0,0.0,0.0,0.0,0.0
67810.68,1.0506355008849801,0.0,30525.0,37.0,0.15794999999905004,30.9375,32.5625,36.97000000000003,0.0,0.0,0.0,0.0,0.0,20.0,0.3,0.1,0.2,0.1,0.4,0.1,0.1,0.1,0.5,0.0,65535.0,0.18315403982604714,0.0,65535.0,0.0835431448844129,0.0,0.0,0.0,0.0,0.0,0.0,0.0,0.0,0.0,0.0
67870.75,1.0685260604198947,0.0,30525.0,37.0,0.1635499999990441,30.875,32.5,36.950000000000045,0.0,0.0,0.0,0.0,0.0,20.0,0.3,0.1,0.2,0.1,0.4,0.1,0.1,0.1,0.5,0.0,65535.0,0.18268101014724955,0.0,65535.0,0.08287174792095826,0.0,0.0,0.0,0.0,0.0,0.0,0.0,0.0,0.0,0.0
67930.82,1.0941823246240434,0.0,30525.0,37.0,0.17184999999905332,31.0,32.5,36.93000000000001,0.0,0.0,0.0,0.0,0.0,20.0,0.3,0.1,0.2,0.1,0.4,0.1,0.1,0.1,0.5,0.0,65535.0,0.18304722667277026,0.0,65535.0,0.08303959716182192,0.0,0.0,0.0,0.0,0.0,0.0,0.0,0.0,0.0,0.0
67990.89,1.1159977748089986,0.0,30525.0,37.0,0.13154999999904646,30.875,32.5625,37.09000000000003,0.0,0.0,0.0,0.0,0.0,20.0,0.3,0.1,0.2,0.1,0.4,0.1,0.1,0.1,0.5,0.0,65535.0,0.18319981689173723,0.0,65535.0,0.08265812161440451,0.0,0.0,0.0,0.0,0.0,0.0,0.0,0.0,0.0,0.0
68050.96,1.0979225665581387,0.0,30525.0,37.0,0.1441499999990458,30.8125,32.5,37.03000000000003,0.0,0.0,0.0,0.0,0.0,20.0,0.3,0.1,0.2,0.1,0.4,0.1,0.1,0.1,0.5,0.0,65535.0,0.18323033493553062,0.0,65535.0,0.08255130846112764,0.0,0.0,0.0,0.0,0.0,0.0,0.0,0.0,0.0,0.0
68111.04,1.1041396691988896,0.0,30525.0,37.0,0.1697499999990509,30.8125,32.5,36.93000000000001,0.0,0.0,0.0,0.0,0.0,20.0,0.3,0.1,0.2,0.1,0.4,0.1,0.1,0.1,0.5,0.0,65535.0,0.18300144960708017,0.0,65535.0,0.08374151216906996,0.0,0.0,0.0,0.0,0.0,0.0,0.0,0.0,0.0,0.0
68171.11,1.0927834792678732,0.0,30525.0,37.0,0.16414999999904006,31.0,32.5,36.950000000000045,0.0,0.0,0.0,0.0,0.0,20.0,0.3,0.1,0.2,0.1,0.4,0.1,0.1,0.1,0.5,0.0,65535.0,0.18376440070191502,0.0,65535.0,0.08279545281147478,0.0,0.0,0.0,0.0,0.0,0.0,0.0,0.0,0.0,0.0
68231.19,1.096055904879554,0.0,30525.0,37.0,0.14564999999904352,30.9375,32.5,37.03000000000003,0.0,0.0,0.0,0.0,0.0,20.0,0.3,0.1,0.2,0.1,0.4,0.1,0.1,0.1,0.5,0.0,65535.0,0.18368810559243154,0.0,65535.0,0.08320744640268558,0.0,0.0,0.0,0.0,0.0,0.0,0.0,0.0,0.0,0.0
68291.26,1.1083908794951505,0.0,30525.0,37.0,0.2068499999990447,30.9375,32.5,36.79000000000002,0.0,0.0,0.0,0.0,0.0,20.0,0.3,0.1,0.2,0.1,0.4,0.1,0.1,0.1,0.5,0.0,65535.0,0.18445105668726636,0.0,65535.0,0.08371099412527656,0.0,0.0,0.0,0.0,0.0,0.0,0.0,0.0,0.0,0.0
68351.33,1.0991609325573757,0.0,30525.0,37.0,0.17244999999904753,30.9375,32.5625,36.93000000000001,0.0,0.0,0.0,0.0,0.0,20.0,0.3,0.1,0.2,0.1,0.4,0.1,0.1,0.1,0.5,0.0,65535.0,0.18348973830777446,0.0,65535.0,0.08363469901579308,0.0,0.0,0.0,0.0,0.0,0.0,0.0,0.0,0.0,0.0
68411.41,1.1323477084458937,0.0,30525.0,37.0,0.167449999999037,30.9375,32.5625,36.950000000000045,0.0,0.0,0.0,0.0,0.0,20.0,0.3,0.1,0.2,0.1,0.4,0.1,0.1,0.1,0.5,0.0,65535.0,0.18373388265812163,0.0,65535.0,0.0835736629282063,0.0,0.0,0.0,0.0,0.0,0.0,0.0,0.0,0.0,0.0
68471.48,1.121582966796588,0.0,30525.0,37.0,0.17394999999904615,31.0,32.5,36.93000000000001,0.0,0.0,0.0,0.0,0.0,20.0,0.3,0.1,0.2,0.1,0.4,0.1,0.1,0.1,0.5,0.0,65535.0,0.1842374303807126,0.0,65535.0,0.0840466926070039,0.0,0.0,0.0,0.0,0.0,0.0,0.0,0.0,0.0,0.0
68531.56,1.118899071195758,0.0,30525.0,37.0,0.21074999999904193,31.0625,32.5625,36.79000000000002,0.0,0.0,0.0,0.0,0.0,20.0,0.3,0.1,0.2,0.1,0.4,0.1,0.1,0.1,0.5,0.0,65535.0,0.18460364690623332,0.0,65535.0,0.08334477759975585,0.0,0.0,0.0,0.0,0.0,0.0,0.0,0.0,0.0,0.0
68591.63,1.1016200641857474,0.0,30525.0,37.0,0.12744999999904322,31.0625,32.5,37.110000000000014,0.0,0.0,0.0,0.0,0.0,20.0,0.3,0.1,0.2,0.1,0.4,0.1,0.1,0.1,0.5,0.0,65535.0,0.1851529716945144,0.0,65535.0,0.0840314335851072,0.0,0.0,0.0,0.0,0.0,0.0,0.0,0.0,0.0,0.0
68651.71,1.0898586960364343,0.0,30525.0,37.0,0.14034999999904313,31.0,32.5,37.05000000000001,0.0,0.0,0.0,0.0,0.0,20.0,0.3,0.1,0.2,0.1,0.4,0.1,0.1,0.1,0.5,0.0,65535.0,0.18489356832227055,0.0,65535.0,0.08415350576028077,0.0,0.0,0.0,0.0,0.0,0.0,0.0,0.0,0.0,0.0
68711.78,1.0849333525369353,0.0,30525.0,37.0,0.16974999999904394,30.9375,32.5,36.93000000000001,0.0,0.0,0.0,0.0,0.0,20.0,0.3,0.1,0.2,0.1,0.4,0.1,0.1,0.1,0.5,0.0,65535.0,0.18478675516899368,0.0,65535.0,0.08398565651941711,0.0,0.0,0.0,0.0,0.0,0.0,0.0,0.0,0.0,0.0
68771.88,1.0968039491410506,0.0,30525.0,37.0,0.213649999999035,31.0625,32.5625,36.77000000000004,0.0,0.0,0.0,0.0,0.0,20.0,0.3,0.1,0.2,0.1,0.4,0.1,0.1,0.1,0.5,0.0,65535.0,0.18490882734416725,0.0,65535.0,0.08372625314717326,0.0,0.0,0.0,0.0,0.0,0.0,0.0,0.0,0.0,0.0
68831.96,1.1267005377368813,0.0,30525.0,37.0,0.13154999999903605,30.9375,32.5625,37.09000000000003,0.0,0.0,0.0,0.0,0.0,20.0,0.3,0.1,0.2,0.1,0.4,0.1,0.1,0.1,0.5,0.0,65535.0,0.18632791638056,0.0,65535.0,0.08442816815442131,0.0,0.0,0.0,0.0,0.0,0.0,0.0,0.0,0.0,0.0
68892.04,1.112467227015384,0.0,30525.0,37.0,0.17184999999904202,31.0,32.5625,36.93000000000001,0.0,0.0,0.0,0.0,0.0,20.0,0.3,0.1,0.2,0.1,0.4,0.1,0.1,0.1,0.5,0.0,65535.0,0.18496986343175403,0.0,65535.0,0.08407721065079729,0.0,0.0,0.0,0.0,0.0,0.0,0.0,0.0,0.0,0.0
68952.12,1.079217830240736,0.0,30525.0,37.0,0.17244999999904145,30.9375,32.5625,36.93000000000001,0.0,0.0,0.0,0.0,0.0,20.0,0.3,0.1,0.2,0.1,0.4,0.1,0.1,0.1,0.5,0.0,65535.0,0.18619058518348974,0.0,65535.0,0.08473334859235523,0.0,0.0,0.0,0.0,0.0,0.0,0.0,0.0,0.0,0.0
69012.19,1.1171409482927532,0.0,30525.0,37.0,0.22574999999903816,30.9375,32.5,36.73000000000002,0.0,0.0,0.0,0.0,0.0,20.0,0.3,0.1,0.2,0.1,0.4,0.1,0.1,0.1,0.5,0.0,65535.0,0.1855649652857252,0.0,65535.0,0.08482490272373541,0.0,0.0,0.0,0.0,0.0,0.0,0.0,0.0,0.0,0.0
69072.27,1.0935283262523305,0.0,30525.0,37.0,0.19424999999903583,31.0,32.5625,36.85000000000002,0.0,0.0,0.0,0.0,0.0,20.0,0.3,0.1,0.2,0.1,0.4,0.1,0.1,0.1,0.5,0.0,65535.0,0.18573281452658885,0.0,65535.0,0.08459601739528497,0.0,0.0,0.0,0.0,0.0,0.0,0.0,0.0,0.0,0.0
69132.33,1.1311645322079786,0.0,30525.0,37.0,0.17574999999903929,31.125,32.5625,36.93000000000001,0.0,0.0,0.0,0.0,0.0,20.0,0.3,0.1,0.2,0.1,0.4,0.1,0.1,0.1,0.5,0.0,65535.0,0.18652628366521706,0.0,65535.0,0.08442816815442131,0.0,0.0,0.0,0.0,0.0,0.0,0.0,0.0,0.0,0.0
69192.39,1.110028591496357,0.0,30525.0,37.0,0.16534999999902855,31.25,32.5625,36.950000000000045,0.0,0.0,0.0,0.0,0.0,20.0,0.3,0.1,0.2,0.1,0.4,0.1,0.1,0.1,0.5,0.0,65535.0,0.1867551689936675,0.0,65535.0,0.08503852903028916,0.0,0.0,0.0,0.0,0.0,0.0,0.0,0.0,0.0,0.0
69252.45,1.0898184815936778,0.0,30525.0,37.0,0.25134999999902563,31.1875,32.5625,36.63000000000005,0.0,0.0,0.0,0.0,0.0,20.0,0.3,0.1,0.2,0.1,0.4,0.1,0.1,0.1,0.5,0.0,65535.0,0.1859464408331426,0.0,65535.0,0.08502327000839247,0.0,0.0,0.0,0.0,0.0,0.0,0.0,0.0,0.0,0.0
69312.52,1.1171803030255787,0.0,30525.0,37.0,0.11794999999902478,31.0625,32.5625,37.13000000000005,0.0,0.0,0.0,0.0,0.0,20.0,0.3,0.1,0.2,0.1,0.4,0.1,0.1,0.1,0.5,0.0,65535.0,0.18707560845349813,0.0,65535.0,0.08473334859235523,0.0,0.0,0.0,0.0,0.0,0.0,0.0,0.0,0.0,0.0
69372.6,1.10385795628703,0.0,30525.0,37.0,0.18414999999903647,30.9375,32.5625,36.870000000000005,0.0,0.0,0.0,0.0,0.0,20.0,0.3,0.1,0.2,0.1,0.4,0.1,0.1,0.1,0.5,0.0,65535.0,0.18699931334401465,0.0,65535.0,0.08516060120546273,0.0,0.0,0.0,0.0,0.0,0.0,0.0,0.0,0.0,0.0
69432.68,1.1112532264062596,0.0,30525.0,37.0,0.18274999999902608,30.9375,32.5625,36.89000000000004,0.0,0.0,0.0,0.0,0.0,20.0,0.3,0.1,0.2,0.1,0.4,0.1,0.1,0.1,0.5,0.0,65535.0,0.1880064087891966,0.0,65535.0,0.08516060120546273,0.0,0.0,0.0,0.0,0.0,0.0,0.0,0.0,0.0,0.0
69492.75,1.1308102401985147,0.0,30525.0,37.0,0.10064999999902713,30.9375,32.5,37.210000000000036,0.0,0.0,0.0,0.0,0.0,20.0,0.3,0.1,0.2,0.1,0.4,0.1,0.1,0.1,0.5,0.0,65535.0,0.1884336614023041,0.0,65535.0,0.08480964370183872,0.0,0.0,0.0,0.0,0.0,0.0,0.0,0.0,0.0,0.0
69552.83,1.0981578707013298,0.0,30525.0,37.0,0.18924999999903436,31.125,32.5,36.870000000000005,0.0,0.0,0.0,0.0,0.0,20.0,0.3,0.1,0.2,0.1,0.4,0.1,0.1,0.1,0.5,0.0,65535.0,0.18751812008850233,0.0,65535.0,0.08513008316166934,0.0,0.0,0.0,0.0,0.0,0.0,0.0,0.0,0.0,0.0
69612.89,1.113729211603828,0.0,30525.0,37.0,0.1450499999990268,31.0625,32.5,37.03000000000003,0.0,0.0,0.0,0.0,0.0,20.0,0.3,0.1,0.2,0.1,0.4,0.1,0.1,0.1,0.5,0.0,65535.0,0.18780804150453956,0.0,65535.0,0.08537422751201648,0.0,0.0,0.0,0.0,0.0,0.0,0.0,0.0,0.0,0.0
69672.97,1.0884999526684913,0.0,30525.0,37.0,0.20334999999903317,31.125,32.5,36.81,0.0,0.0,0.0,0.0,0.0,20.0,0.3,0.1,0.2,0.1,0.4,0.1,0.1,0.1,0.5,0.0,65535.0,0.187685969329366,0.0,65535.0,0.08545052262149996,0.0,0.0,0.0,0.0,0.0,0.0,0.0,0.0,0.0,0.0
69733.05,1.1253632245586302,0.0,30525.0,37.0,0.1748499999990315,31.0625,32.5625,36.93000000000001,0.0,0.0,0.0,0.0,0.0,20.0,0.3,0.1,0.2,0.1,0.4,0.1,0.1,0.1,0.5,0.0,65535.0,0.18811322194247349,0.0,65535.0,0.08519111924925613,0.0,0.0,0.0,0.0,0.0,0.0,0.0,0.0,0.0,0.0
69793.12,1.1127291588728778,0.0,30525.0,37.0,0.16774999999902032,31.0625,32.5,36.950000000000045,0.0,0.0,0.0,0.0,0.0,20.0,0.3,0.1,0.2,0.1,0.4,0.1,0.1,0.1,0.5,0.0,65535.0,0.18912031738765545,0.0,65535.0,0.08563363088426032,0.0,0.0,0.0,0.0,0.0,0.0,0.0,0.0,0.0,0.0
69853.19,1.117011162454097,0.0,30525.0,37.0,0.1253499999990279,31.125,32.5625,37.110000000000014,0.0,0.0,0.0,0.0,0.0,20.0,0.3,0.1,0.2,0.1,0.4,0.1,0.1,0.1,0.5,0.0,65535.0,0.18857099259937438,0.0,65535.0,0.08638132295719844,0.0,0.0,0.0,0.0,0.0,0.0,0.0,0.0,0.0,0.0
69913.22,1.1174295961757896,0.0,30525.0,37.0,0.1656499999990188,31.3125,32.5625,36.950000000000045,0.0,0.0,0.0,0.0,0.0,20.0,0.3,0.1,0.2,0.1,0.4,0.1,0.1,0.1,0.5,0.0,65535.0,0.1885252155336843,0.0,65535.0,0.08587777523460746,0.0,0.0,0.0,0.0,0.0,0.0,0.0,0.0,0.0,0.0
69973.29,1.1077375005479102,0.0,30525.0,37.0,0.18184999999901827,31.0625,32.5,36.89000000000004,0.0,0.0,0.0,0.0,0.0,20.0,0.3,0.1,0.2,0.1,0.4,0.1,0.1,0.1,0.5,0.0,65535.0,0.18864728770885786,0.0,65535.0,0.08596932936598764,0.0,0.0,0.0,0.0,0.0,0.0,0.0,0.0,0.0,0.0
70033.36,1.1153004814323602,0.0,30525.0,37.0,0.1862499999990276,30.9375,32.5625,36.870000000000005,0.0,0.0,0.0,0.0,0.0,20.0,0.3,0.1,0.2,0.1,0.4,0.1,0.1,0.1,0.5,0.0,65535.0,0.19026474402990767,0.0,65535.0,0.08647287708857862,0.0,0.0,0.0,0.0,0.0,0.0,0.0,0.0,0.0,0.0
70093.39,1.1048544603283608,0.0,30525.0,37.0,0.12294999999902492,31.0625,32.5625,37.110000000000014,0.0,0.0,0.0,0.0,0.0,20.0,0.3,0.1,0.2,0.1,0.4,0.1,0.1,0.1,0.5,0.0,65535.0,0.18875410086213473,0.0,65535.0,0.08589303425650416,0.0,0.0,0.0,0.0,0.0,0.0,0.0,0.0,0.0,0.0
70153.44,1.0850058632343629,0.0,30525.0,37.0,0.21184999999901769,30.9375,32.5,36.77000000000004,0.0,0.0,0.0,0.0,0.0,20.0,0.3,0.1,0.2,0.1,0.4,0.1,0.1,0.1,0.5,0.0,65535.0,0.18983749141680017,0.0,65535.0,0.08619821469443809,0.0,0.0,0.0,0.0,0.0,0.0,0.0,0.0,0.0,0.0
70213.5,1.095266736928322,0.0,30525.0,37.0,0.1291499999990184,31.125,32.5625,37.09000000000003,0.0,0.0,0.0,0.0,0.0,20.0,0.3,0.1,0.2,0.1,0.4,0.1,0.1,0.1,0.5,0.0,65535.0,0.19162279697871368,0.0,65535.0,0.08709849698634317,0.0,0.0,0.0,0.0,0.0,0.0,0.0,0.0,0.0,0.0
70273.57,1.1085724436930164,0.0,30525.0,37.0,0.20534999999902015,31.0,32.5625,36.79000000000002,0.0,0.0,0.0,0.0,0.0,20.0,0.3,0.1,0.2,0.1,0.4,0.1,0.1,0.1,0.5,0.0,65535.0,0.18916609445334553,0.0,65535.0,0.08633554589150835,0.0,0.0,0.0,0.0,0.0,0.0,0.0,0.0,0.0,0.0
70333.63,1.0829669356262608,0.0,30525.0,37.0,0.16564999999901275,31.125,32.5625,36.950000000000045,0.0,0.0,0.0,0.0,0.0,20.0,0.3,0.1,0.2,0.1,0.4,0.1,0.1,0.1,0.5,0.0,65535.0,0.19038681620508124,0.0,65535.0,0.08680857557030594,0.0,0.0,0.0,0.0,0.0,0.0,0.0,0.0,0.0,0.0
70393.67,1.0965521317451108,0.0,30525.0,37.0,0.16354999999901124,31.0,32.5625,36.950000000000045,0.0,0.0,0.0,0.0,0.0,20.0,0.3,0.1,0.2,0.1,0.4,0.1,0.1,0.1,0.5,0.0,65535.0,0.18983749141680017,0.0,65535.0,0.08667124437323567,0.0,0.0,0.0,0.0,0.0,0.0,0.0,0.0,0.0,0.0
70453.74,1.1309504671609507,0.0,30525.0,37.0,0.20624999999901672,31.3125,32.5,36.79000000000002,0.0,0.0,0.0,0.0,0.0,20.0,0.3,0.1,0.2,0.1,0.4,0.1,0.1,0.1,0.5,0.0,65535.0,0.19125658045319294,0.0,65535.0,0.08667124437323567,0.0,0.0,0.0,0.0,0.0,0.0,0.0,0.0,0.0,0.0
70513.8,1.099409459659139,0.0,30525.0,37.0,0.14534999999901355,31.0,32.5625,37.03000000000003,0.0,0.0,0.0,0.0,0.0,20.0,0.3,0.1,0.2,0.1,0.4,0.1,0.1,0.1,0.5,0.0,65535.0,0.19070725566491187,0.0,65535.0,0.08665598535133898,0.0,0.0,0.0,0.0,0.0,0.0,0.0,0.0,0.0,0.0
70573.84,1.0950176540784242,0.0,30525.0,37.0,0.16474999999900838,31.25,32.5625,36.950000000000045,0.0,0.0,0.0,0.0,0.0,20.0,0.3,0.1,0.2,0.1,0.4,0.1,0.1,0.1,0.5,0.0,65535.0,0.1910429541466392,0.0,65535.0,0.08761730373083085,0.0,0.0,0.0,0.0,0.0,0.0,0.0,0.0,0.0,0.0
70633.92,1.093743015306284,0.0,30525.0,37.0,0.13764999999901625,30.9375,32.5625,37.05000000000001,0.0,0.0,0.0,0.0,0.0,20.0,0.3,0.1,0.2,0.1,0.4,0.1,0.1,0.1,0.5,0.0,65535.0,0.19183642328526743,0.0,65535.0,0.08709849698634317,0.0,0.0,0.0,0.0,0.0,0.0,0.0,0.0,0.0,0.0
70693.97,1.0974625616579006,0.0,30525.0,37.0,0.20564999999901296,31.0,32.5625,36.79000000000002,0.0,0.0,0.0,0.0,0.0,20.0,0.3,0.1,0.2,0.1,0.4,0.1,0.1,0.1,0.5,0.0,65535.0,0.19075303273060196,0.0,65535.0,0.08726634622720683,0.0,0.0,0.0,0.0,0.0,0.0,0.0,0.0,0.0,0.0
70754.0,1.1047593384993915,0.0,30525.0,37.0,0.12324999999901429,31.0,32.5,37.110000000000014,0.0,0.0,0.0,0.0,0.0,20.0,0.3,0.1,0.2,0.1,0.4,0.1,0.1,0.1,0.5,0.0,65535.0,0.19105821316853588,0.0,65535.0,0.08691538872358281,0.0,0.0,0.0,0.0,0.0,0.0,0.0,0.0,0.0,0.0
70814.08,1.097203059678483,0.0,30525.0,37.0,0.1997499999990166,30.9375,32.5625,36.81,0.0,0.0,0.0,0.0,0.0,20.0,0.3,0.1,0.2,0.1,0.4,0.1,0.1,0.1,0.5,0.0,65535.0,0.19174486915388725,0.0,65535.0,0.08680857557030594,0.0,0.0,0.0,0.0,0.0,0.0,0.0,0.0,0.0,0.0
70874.13,1.1061508860937543,0.0,30525.0,37.0,0.20094999999901636,31.0,32.5625,36.81,0.0,0.0,0.0,0.0,0.0,20.0,0.3,0.1,0.2,0.1,0.4,0.1,0.1,0.1,0.5,0.0,65535.0,0.19111924925612267,0.0,65535.0,0.0873731593804837,0.0,0.0,0.0,0.0,0.0,0.0,0.0,0.0,0.0,0.0
70934.19,1.0832679279880923,0.0,30525.0,37.0,0.12944999999900778,30.9375,32.5625,37.09000000000003,0.0,0.0,0.0,0.0,0.0,20.0,0.3,0.1,0.2,0.1,0.4,0.1,0.1,0.1,0.5,0.0,65535.0,0.19179064621957734,0.0,65535.0,0.08776989394979781,0.0,0.0,0.0,0.0,0.0,0.0,0.0,0.0,0.0,0.0
70994.26,1.1003019930251376,0.0,30525.0,37.0,0.1420499999990071,31.0625,32.5625,37.03000000000003,0.0,0.0,0.0,0.0,0.0,20.0,0.3,0.1,0.2,0.1,0.4,0.1,0.1,0.1,0.5,0.0,65535.0,0.19119554436560615,0.0,65535.0,0.08731212329289692,0.0,0.0,0.0,0.0,0.0,0.0,0.0,0.0,0.0,0.0
71054.33,1.1189049707814762,0.0,30525.0,37.0,0.14674999999900115,31.0625,32.5625,37.01000000000005,0.0,0.0,0.0,0.0,0.0,20.0,0.3,0.1,0.2,0.1,0.4,0.1,0.1,0.1,0.5,0.0,65535.0,0.19185168230716412,0.0,65535.0,0.08743419546807049,0.0,0.0,0.0,0.0,0.0,0.0,0.0,0.0,0.0,0.0
71114.38,1.1075446951015697,0.0,30525.0,37.0,0.19184999999900704,31.0625,32.5625,36.85000000000002,0.0,0.0,0.0,0.0,0.0,20.0,0.3,0.1,0.2,0.1,0.4,0.1,0.1,0.1,0.5,0.0,65535.0,0.19230945296406501,0.0,65535.0,0.08822766460669872,0.0,0.0,0.0,0.0,0.0,0.0,0.0,0.0,0.0,0.0
71174.43,1.1521602498038122,0.0,30525.0,37.0,0.13124999999900358,31.0625,32.5625,37.09000000000003,0.0,0.0,0.0,0.0,0.0,20.0,0.3,0.1,0.2,0.1,0.4,0.1,0.1,0.1,0.5,0.0,65535.0,0.19308766308079653,0.0,65535.0,0.08795300221255818,0.0,0.0,0.0,0.0,0.0,0.0,0.0,0.0,0.0,0.0
71234.5,1.1291864351451464,0.0,30525.0,37.0,0.18124999999899988,31.0,32.5625,36.89000000000004,0.0,0.0,0.0,0.0,0.0,20.0,0.3,0.1,0.2,0.1,0.4,0.1,0.1,0.1,0.5,0.0,65535.0,0.19209582665751126,0.0,65535.0,0.0878461890592813,0.0,0.0,0.0,0.0,0.0,0.0,0.0,0.0,0.0,0.0
71294.56,1.127362942625487,0.0,30525.0,37.0,0.10794999999900629,31.0,32.5625,37.170000000000016,0.0,0.0,0.0,0.0,0.0,20.0,0.3,0.1,0.2,0.1,0.4,0.1,0.1,0.1,0.5,0.0,65535.0,0.1923247119859617,0.0,65535.0,0.08773937590600442,0.0,0.0,0.0,0.0,0.0,0.0,0.0,0.0,0.0,0.0
71354.6,1.1135780098984285,0.0,30525.0,37.0,0.14779999999899762,31.125,32.5625,36.93000000000001,0.0,0.0,0.0,0.0,0.0,20.0,0.3,0.1,0.2,0.1,0.4,0.1,0.1,0.1,0.5,0.0,65535.0,0.1940794995040818,0.0,65535.0,0.08860914015411613,0.0,0.0,0.0,0.0,0.0,0.0,0.0,0.0,0.0,0.0
71414.67,1.1226335383313022,0.0,30525.0,37.0,0.17869999999899794,31.0,32.625,36.93000000000001,0.0,0.0,0.0,0.0,0.0,20.0,0.3,0.1,0.2,0.1,0.4,0.1,0.1,0.1,0.5,0.0,65535.0,0.19272144655527582,0.0,65535.0,0.0883192187380789,0.0,0.0,0.0,0.0,0.0,0.0,0.0,0.0,0.0,0.0
71474.75,1.1288792011939905,0.0,30525.0,37.0,0.1065999999990041,31.0,32.625,36.950000000000045,0.0,0.0,0.0,0.0,0.0,20.0,0.3,0.1,0.2,0.1,0.4,0.1,0.1,0.1,0.5,0.0,65535.0,0.19186694132906082,0.0,65535.0,0.0882734416723888,0.0,0.0,0.0,0.0,0.0,0.0,0.0,0.0,0.0,0.0
71534.81,1.096972471470052,0.0,30525.0,37.0,0.14839999999899536,31.1875,32.5625,36.89000000000004,0.0,0.0,0.0,0.0,0.0,20.0,0.3,0.1,0.2,0.1,0.4,0.1,0.1,0.1,0.5,0.0,65535.0,0.19244678416113528,0.0,65535.0,0.08825818265049211,0.0,0.0,0.0,0.0,0.0,0.0,0.0,0.0,0.0,0.0
71594.88,1.0937978271332376,0.0,30525.0,37.0,0.14689999999899417,31.0625,32.5625,36.870000000000005,0.0,0.0,0.0,0.0,0.0,20.0,0.3,0.1,0.2,0.1,0.4,0.1,0.1,0.1,0.5,0.0,65535.0,0.19288929579613948,0.0,65535.0,0.08796826123445488,0.0,0.0,0.0,0.0,0.0,0.0,0.0,0.0,0.0,0.0
71654.96,1.106196839509922,0.0,30525.0,37.0,0.17079999999900425,31.375,32.5,36.93000000000001,0.0,0.0,0.0,0.0,0.0,20.0,0.3,0.1,0.2,0.1,0.4,0.1,0.1,0.1,0.5,0.0,65535.0,0.19287403677424278,0.0,65535.0,0.0887312123292897,0.0,0.0,0.0,0.0,0.0,0.0,0.0,0.0,0.0,0.0
71715.03,1.1330173672235264,0.0,30525.0,37.0,0.10779999999900128,31.375,32.5625,36.77000000000004,0.0,0.0,0.0,0.0,0.0,20.0,0.3,0.1,0.2,0.1,0.4,0.1,0.1,0.1,0.5,0.0,65535.0,0.19314869916838331,0.0,65535.0,0.08848706797894255,0.0,0.0,0.0,0.0,0.0,0.0,0.0,0.0,0.0,0.0
71775.07,1.1154380543921958,0.0,30525.0,37.0,0.142799999998997,31.3125,32.5625,36.77000000000004,0.0,0.0,0.0,0.0,0.0,20.0,0.3,0.1,0.2,0.1,0.4,0.1,0.1,0.1,0.5,0.0,65535.0,0.19168383306630046,0.0,65535.0,0.08778515297169451,0.0,0.0,0.0,0.0,0.0,0.0,0.0,0.0,0.0,0.0
71835.12,1.1073792372533824,0.0,30525.0,37.0,0.14219999999899585,31.3125,32.5,36.89000000000004,0.0,0.0,0.0,0.0,0.0,20.0,0.3,0.1,0.2,0.1,0.4,0.1,0.1,0.1,0.5,0.0,65535.0,0.19246204318303198,0.0,65535.0,0.08857862211032273,0.0,0.0,0.0,0.0,0.0,0.0,0.0,0.0,0.0,0.0
71895.16,1.0972698458825871,0.0,30525.0,37.0,0.12279999999899929,31.0625,32.5625,36.97000000000003,0.0,0.0,0.0,0.0,0.0,20.0,0.3,0.1,0.2,0.1,0.4,0.1,0.1,0.1,0.5,0.0,65535.0,0.19374380102235447,0.0,65535.0,0.08984512092774853,0.0,0.0,0.0,0.0,0.0,0.0,0.0,0.0,0.0,0.0
71955.22,1.113701818355382,0.0,30525.0,37.0,0.1822999999989912,31.125,32.5,36.97000000000003,0.0,0.0,0.0,0.0,0.0,20.0,0.3,0.1,0.2,0.1,0.4,0.1,0.1,0.1,0.5,0.0,65535.0,0.19392690928511483,0.0,65535.0,0.08906691081101702,0.0,0.0,0.0,0.0,0.0,0.0,0.0,0.0,0.0,0.0
72015.31,1.1360391579454043,0.0,30525.0,37.0,0.13899999999899876,31.1875,32.5625,36.81,0.0,0.0,0.0,0.0,0.0,20.0,0.3,0.1,0.2,0.1,0.4,0.1,0.1,0.1,0.5,0.0,65535.0,0.1935912108033875,0.0,65535.0,0.08920424200808728,0.0,0.0,0.0,0.0,0.0,0.0,0.0,0.0,0.0,0.0
72075.38,1.139029745988349,0.0,30525.0,37.0,0.16749999999899953,31.3125,32.625,36.81,0.0,0.0,0.0,0.0,0.0,20.0,0.3,0.1,0.2,0.1,0.4,0.1,0.1,0.1,0.5,0.0,65535.0,0.19635309376668955,0.0,65535.0,0.08967727168688487,0.0,0.0,0.0,0.0,0.0,0.0,0.0,0.0,0.0,0.0
72135.48,1.129813130892234,0.0,30525.0,37.0,0.12519999999899709,30.9375,32.5625,36.77000000000004,0.0,0.0046,0.25,0.0,0.0,20.0,0.3,0.1,0.2,0.1,0.4,0.1,0.1,0.1,0.5,0.0,65535.0,0.19383535515373465,0.0,65535.0,0.08931105516136416,0.0,0.0,0.0,0.0,0.0,0.0,0.0,0.0,0.0,0.0
72195.52,1.0785096088628545,0.0,30525.0,37.0,0.24934999999899046,31.0,32.5625,36.650000000000034,0.0,0.0,0.0,0.0,0.0,20.0,0.3,0.1,0.2,0.1,0.4,0.1,0.1,0.1,0.5,0.0,65535.0,0.19079880979629205,0.0,65535.0,0.08729686427100022,0.0,0.0,0.0,0.0,0.0,0.0,0.0,0.0,0.0,0.0
72255.57,1.1038466851997122,0.0,30525.0,37.0,0.16979999999899176,31.0,32.625,36.89000000000004,0.0,0.0,0.0,0.0,0.0,20.0,0.3,0.1,0.2,0.1,0.4,0.1,0.1,0.1,0.5,0.0,65535.0,0.19043259327077133,0.0,65535.0,0.08747997253376058,0.0,0.0,0.0,0.0,0.0,0.0,0.0,0.0,0.0,0.0
72315.64,1.1213486820096443,0.0,30525.0,37.0,0.17949999999899627,30.9375,32.5625,36.73000000000002,0.0,0.0,0.0,0.0,0.0,20.0,0.3,0.1,0.2,0.1,0.4,0.1,0.1,0.1,0.5,0.0,65535.0,0.18960860608834973,0.0,65535.0,0.08676279850461585,0.0,0.0,0.0,0.0,0.0,0.0,0.0,0.0,0.0,0.0
72375.72,1.0849011138728955,0.0,30525.0,37.0,0.10739999999898822,31.1875,32.5625,36.950000000000045,0.0,0.0,0.0,0.0,0.0,20.0,0.3,0.1,0.2,0.1,0.4,0.1,0.1,0.1,0.5,0.0,65535.0,0.19169909208819716,0.0,65535.0,0.08809033340962845,0.0,0.0,0.0,0.0,0.0,0.0,0.0,0.0,0.0,0.0
72435.8,1.0791821914903643,0.0,30525.0,37.0,0.10499999999898699,31.3125,32.5625,36.93000000000001,0.0,0.0,0.0,0.0,0.0,20.0,0.3,0.1,0.2,0.1,0.4,0.1,0.1,0.1,0.5,0.0,65535.0,0.1901426718547341,0.0,65535.0,0.08729686427100022,0.0,0.0,0.0,0.0,0.0,0.0,0.0,0.0,0.0,0.0
72495.87,1.0790998117180017,0.0,30525.0,37.0,0.21239999999899048,31.0625,32.5625,36.81,0.0,0.0,0.0,0.0,0.0,20.0,0.3,0.1,0.2,0.1,0.4,0.1,0.1,0.1,0.5,0.0,65535.0,0.18982223239490348,0.0,65535.0,0.08776989394979781,0.0,0.0,0.0,0.0,0.0,0.0,0.0,0.0,0.0,0.0
72555.98,1.1033887787952121,0.0,30525.0,37.0,0.15769999999898254,30.9375,32.625,37.05000000000001,0.0,0.0,0.0,0.0,0.0,20.0,0.3,0.1,0.2,0.1,0.4,0.1,0.1,0.1,0.5,0.0,65535.0,0.19172961013199055,0.0,65535.0,0.08798352025635157,0.0,0.0,0.0,0.0,0.0,0.0,0.0,0.0,0.0,0.0
72616.01,1.0839089948716372,0.0,30525.0,37.0,0.18919999999898232,31.25,32.625,37.110000000000014,0.0,0.0,0.0,0.0,0.0,20.0,0.3,0.1,0.2,0.1,0.4,0.1,0.1,0.1,0.5,0.0,65535.0,0.18965438315403982,0.0,65535.0,0.08760204470893415,0.0,0.0,0.0,0.0,0.0,0.0,0.0,0.0,0.0,0.0
72676.06,1.1145750354809105,0.0,30525.0,37.0,0.11179999999897824,31.0625,32.625,37.03000000000003,0.0,0.0,0.0,0.0,0.0,20.0,0.3,0.1,0.2,0.1,0.4,0.1,0.1,0.1,0.5,0.0,65535.0,0.1905851834897383,0.0,65535.0,0.0878004119935912,0.0,0.0,0.0,0.0,0.0,0.0,0.0,0.0,0.0,0.0
72736.1,1.0841538677850466,0.0,30525.0,37.0,0.16439999999898383,31.125,32.625,36.93000000000001,0.0,0.0,0.0,0.0,0.0,20.0,0.3,0.1,0.2,0.1,0.4,0.1,0.1,0.1,0.5,0.0,65535.0,0.19070725566491187,0.0,65535.0,0.08816662851911193,0.0,0.0,0.0,0.0,0.0,0.0,0.0,0.0,0.0,0.0
72796.14,1.113131133737777,0.0,30525.0,37.0,0.1472999999989826,31.0,32.5625,36.81,0.0,0.0,0.0,0.0,0.0,20.0,0.3,0.1,0.2,0.1,0.4,0.1,0.1,0.1,0.5,0.0,65535.0,0.19089036392767222,0.0,65535.0,0.08754100862134737,0.0,0.0,0.0,0.0,0.0,0.0,0.0,0.0,0.0,0.0
72856.19,1.117825673022836,0.0,30525.0,37.0,0.09779999999897987,31.0625,32.625,36.89000000000004,0.0,0.0,0.0,0.0,0.0,20.0,0.3,0.1,0.2,0.1,0.4,0.1,0.1,0.1,0.5,0.0,65535.0,0.19212634470130466,0.0,65535.0,0.08845654993514916,0.0,0.0,0.0,0.0,0.0,0.0,0.0,0.0,0.0,0.0
72916.26,1.1051437519191896,0.0,30525.0,37.0,0.14599999999897612,31.0,32.625,36.710000000000036,0.0,0.0,0.0,0.0,0.0,20.0,0.3,0.1,0.2,0.1,0.4,0.1,0.1,0.1,0.5,0.0,65535.0,0.1915312428473335,0.0,65535.0,0.08792248416876479,0.0,0.0,0.0,0.0,0.0,0.0,0.0,0.0,0.0,0.0
72976.33,1.088810616173035,0.0,30525.0,37.0,0.21379999999897728,31.0625,32.625,37.03000000000003,0.0,0.0,0.0,0.0,0.0,20.0,0.3,0.1,0.2,0.1,0.4,0.1,0.1,0.1,0.5,0.0,65535.0,0.19211108567940796,0.0,65535.0,0.08883802548256657,0.0,0.0,0.0,0.0,0.0,0.0,0.0,0.0,0.0,0.0
73036.38,1.064646098287989,0.0,30525.0,37.0,0.1714999999989748,31.0625,32.625,36.97000000000003,0.0,0.0,0.0,0.0,0.0,20.0,0.3,0.1,0.2,0.1,0.4,0.1,0.1,0.1,0.5,0.0,65535.0,0.19182116426337073,0.0,65535.0,0.08897535667963684,0.0,0.0,0.0,0.0,0.0,0.0,0.0,0.0,0.0,0.0
73096.44,1.0837938939134828,0.0,30525.0,37.0,0.11199999999898116,31.3125,32.625,36.97000000000003,0.0,0.0,0.0,0.0,0.0,20.0,0.3,0.1,0.2,0.1,0.4,0.1,0.1,0.1,0.5,0.0,65535.0,0.19229419394216832,0.0,65535.0,0.0882734416723888,0.0,0.0,0.0,0.0,0.0,0.0,0.0,0.0,0.0,0.0
73156.51,1.0700538348901523,0.0,30525.0,37.0,0.14609999999897685,31.375,32.5625,36.85000000000002,0.0,0.0,0.0,0.0,0.0,20.0,0.3,0.1,0.2,0.1,0.4,0.1,0.1,0.1,0.5,0.0,65535.0,0.19247730220492867,0.0,65535.0,0.0882887006942855,0.0,0.0,0.0,0.0,0.0,0.0,0.0,0.0,0.0,0.0
73216.59,1.08225470453957,0.0,30525.0,37.0,0.146099999998976,31.125,32.625,36.97000000000003,0.0,0.0,0.0,0.0,0.0,20.0,0.3,0.1,0.2,0.1,0.4,0.1,0.1,0.1,0.5,0.0,65535.0,0.19258411535820555,0.0,65535.0,0.08854810406652934,0.0,0.0,0.0,0.0,0.0,0.0,0.0,0.0,0.0,0.0
73276.66,1.126492107566812,0.0,30525.0,37.0,0.17049999999898136,31.0625,32.625,37.01000000000005,0.0,0.0,0.0,0.0,0.0,20.0,0.3,0.1,0.2,0.1,0.4,0.1,0.1,0.1,0.5,0.0,65535.0,0.19185168230716412,0.0,65535.0,0.08868543526359961,0.0,0.0,0.0,0.0,0.0,0.0,0.0,0.0,0.0,0.0
73336.74,1.115542995621732,0.0,30525.0,37.0,0.1183999999989685,31.3125,32.625,36.89000000000004,0.0,0.0,0.0,0.0,0.0,20.0,0.3,0.1,0.2,0.1,0.4,0.1,0.1,0.1,0.5,0.0,65535.0,0.1923704890516518,0.0,65535.0,0.08886854352635996,0.0,0.0,0.0,0.0,0.0,0.0,0.0,0.0,0.0,0.0
73396.79,1.122080773018631,0.0,30525.0,37.0,0.12659999999897267,31.375,32.625,36.710000000000036,0.0,0.0,0.0,0.0,0.0,20.0,0.3,0.1,0.2,0.1,0.4,0.1,0.1,0.1,0.5,0.0,65535.0,0.19250782024872207,0.0,65535.0,0.08909742885481041,0.0,0.0,0.0,0.0,0.0,0.0,0.0,0.0,0.0,0.0
73456.87,1.124057087325506,0.0,30525.0,37.0,0.1680999999989784,31.0,32.5625,36.97000000000003,0.0,0.0,0.0,0.0,0.0,20.0,0.3,0.1,0.2,0.1,0.4,0.1,0.1,0.1,0.5,0.0,65535.0,0.1924162661173419,0.0,65535.0,0.08925001907377737,0.0,0.0,0.0,0.0,0.0,0.0,0.0,0.0,0.0,0.0
73516.9,1.1181931747583576,0.0,30525.0,37.0,0.1857999999989782,31.0,32.625,36.89000000000004,0.0,0.0,0.0,0.0,0.0,20.0,0.3,0.1,0.2,0.1,0.4,0.1,0.1,0.1,0.5,0.0,65535.0,0.1924162661173419,0.0,65535.0,0.0891432059205005,0.0,0.0,0.0,0.0,0.0,0.0,0.0,0.0,0.0,0.0
73576.94,1.1030877326994522,0.0,30525.0,37.0,0.14689999999896583,31.25,32.5625,36.79000000000002,0.0,0.0,0.0,0.0,0.0,20.0,0.3,0.1,0.2,0.1,0.4,0.1,0.1,0.1,0.5,0.0,65535.0,0.1932249942778668,0.0,65535.0,0.08978408484016175,0.0,0.0,0.0,0.0,0.0,0.0,0.0,0.0,0.0,0.0
73636.98,1.096565828949804,0.0,30525.0,37.0,0.15839999999897042,31.125,32.625,36.89000000000004,0.0,0.0,0.0,0.0,0.0,20.0,0.3,0.1,0.2,0.1,0.4,0.1,0.1,0.1,0.5,0.0,65535.0,0.1919279774166476,0.0,65535.0,0.08978408484016175,0.0,0.0,0.0,0.0,0.0,0.0,0.0,0.0,0.0,0.0
73697.02,1.1113487991263038,0.0,30525.0,37.0,0.1586999999989693,31.125,32.5625,36.79000000000002,0.0,0.0,0.0,0.0,0.0,20.0,0.3,0.1,0.2,0.1,0.4,0.1,0.1,0.1,0.5,0.0,65535.0,0.19134813458457312,0.0,65535.0,0.08885328450446327,0.0,0.0,0.0,0.0,0.0,0.0,0.0,0.0,0.0,0.0
73757.05,1.1048338427469566,0.0,30525.0,37.0,0.16929999999897385,31.0,32.625,36.77000000000004,0.0,0.0,0.0,0.0,0.0,20.0,0.3,0.1,0.2,0.1,0.4,0.1,0.1,0.1,0.5,0.0,65535.0,0.19226367589837492,0.0,65535.0,0.08979934386205844,0.0,0.0,0.0,0.0,0.0,0.0,0.0,0.0,0.0,0.0
73817.1,1.0860905245889643,0.0,30525.0,37.0,0.09689999999896523,31.0,32.5625,36.93000000000001,0.0,0.0,0.0,0.0,0.0,20.0,0.3,0.1,0.2,0.1,0.4,0.1,0.1,0.1,0.5,0.0,65535.0,0.19227893492027162,0.0,65535.0,0.089570458533608,0.0,0.0,0.0,0.0,0.0,0.0,0.0,0.0,0.0,0.0
73877.18,1.1159603218912895,0.0,30525.0,37.0,0.1421999999989658,31.0625,32.625,36.870000000000005,0.0,0.0,0.0,0.0,0.0,20.0,0.3,0.1,0.2,0.1,0.4,0.1,0.1,0.1,0.5,0.0,65535.0,0.19305714503700314,0.0,65535.0,0.08975356679636835,0.0,0.0,0.0,0.0,0.0,0.0,0.0,0.0,0.0,0.0
73937.24,1.1017477701068326,0.0,30525.0,37.0,0.14629999999896037,31.0,32.625,36.710000000000036,0.0,0.0,0.0,0.0,0.0,20.0,0.3,0.1,0.2,0.1,0.4,0.1,0.1,0.1,0.5,0.0,65535.0,0.19215686274509805,0.0,65535.0,0.08925001907377737,0.0,0.0,0.0,0.0,0.0,0.0,0.0,0.0,0.0,0.0
73997.32,1.0605842741181346,0.0,30525.0,37.0,0.14249999999896382,30.9375,32.625,36.870000000000005,0.0,0.0,0.0,0.0,0.0,20.0,0.3,0.1,0.2,0.1,0.4,0.1,0.1,0.1,0.5,0.0,65535.0,0.1927977416647593,0.0,65535.0,0.08934157320515755,0.0,0.0,0.0,0.0,0.0,0.0,0.0,0.0,0.0,0.0
74057.38,1.0993998673444216,0.0,30525.0,37.0,0.17989999999895906,31.0625,32.625,36.870000000000005,0.0,0.0,0.0,0.0,0.0,20.0,0.3,0.1,0.2,0.1,0.4,0.1,0.1,0.1,0.5,0.0,65535.0,0.19256885633630885,0.0,65535.0,0.08978408484016175,0.0,0.0,0.0,0.0,0.0,0.0,0.0,0.0,0.0,0.0
74117.45,1.1078578324495572,0.0,30525.0,37.0,0.1501999999989568,31.125,32.625,36.870000000000005,0.0,0.0,0.0,0.0,0.0,20.0,0.3,0.1,0.2,0.1,0.4,0.1,0.1,0.1,0.5,0.0,65535.0,0.19290455481803617,0.0,65535.0,0.09031815060654612,0.0,0.0,0.0,0.0,0.0,0.0,0.0,0.0,0.0,0.0
74177.52,1.0947472198765063,0.0,30525.0,37.0,0.14109999999896508,31.125,32.5625,36.950000000000045,0.0,0.0,0.0,0.0,0.0,20.0,0.3,0.1,0.2,0.1,0.4,0.1,0.1,0.1,0.5,0.0,65535.0,0.19327077134355689,0.0,65535.0,0.0904097047379263,0.0,0.0,0.0,0.0,0.0,0.0,0.0,0.0,0.0,0.0
74237.6,1.120151048299791,0.0,30525.0,37.0,0.1442999999989596,31.0625,32.625,36.950000000000045,0.0,0.0,0.0,0.0,0.0,20.0,0.3,0.1,0.2,0.1,0.4,0.1,0.1,0.1,0.5,0.0,65535.0,0.19226367589837492,0.0,65535.0,0.09033340962844282,0.0,0.0,0.0,0.0,0.0,0.0,0.0,0.0,0.0,0.0
74297.64,1.1050581677305322,0.0,30525.0,37.0,0.12369999999896325,31.0,32.625,36.950000000000045,0.0,0.0,0.0,0.0,0.0,20.0,0.3,0.1,0.2,0.1,0.4,0.1,0.1,0.1,0.5,0.0,65535.0,0.19349965667200733,0.0,65535.0,0.0908064393072404,0.0,0.0,0.0,0.0,0.0,0.0,0.0,0.0,0.0,0.0
74357.69,1.0759938699097853,0.0,30525.0,37.0,0.12539999999895743,31.125,32.5625,36.79000000000002,0.0,0.0,0.0,0.0,0.0,20.0,0.3,0.1,0.2,0.1,0.4,0.1,0.1,0.1,0.5,0.0,65535.0,0.19388113221942474,0.0,65535.0,0.0903944457160296,0.0,0.0,0.0,0.0,0.0,0.0,0.0,0.0,0.0,0.0
74417.72,1.1097424664424036,0.0,30525.0,37.0,0.20689999999895436,31.1875,32.625,36.63000000000005,0.0,0.0,0.0,0.0,0.0,20.0,0.3,0.1,0.2,0.1,0.4,0.1,0.1,0.1,0.5,0.0,65535.0,0.19420157167925536,0.0,65535.0,0.09063859006637674,0.0,0.0,0.0,0.0,0.0,0.0,0.0,0.0,0.0,0.0
74477.81,1.081050264174621,0.0,30525.0,37.0,0.16959999999896155,31.1875,32.5625,36.85000000000002,0.0,0.0,0.0,0.0,0.0,20.0,0.3,0.1,0.2,0.1,0.4,0.1,0.1,0.1,0.5,0.0,65535.0,0.19385061417563135,0.0,65535.0,0.09118791485465781,0.0,0.0,0.0,0.0,0.0,0.0,0.0,0.0,0.0,0.0
74537.88,1.106739527487924,0.0,30525.0,37.0,0.16079999999895533,31.0,32.625,36.81,0.0,0.0,0.0,0.0,0.0,20.0,0.3,0.1,0.2,0.1,0.4,0.1,0.1,0.1,0.5,0.0,65535.0,0.19392690928511483,0.0,65535.0,0.09086747539482719,0.0,0.0,0.0,0.0,0.0,0.0,0.0,0.0,0.0,0.0
74597.95,1.1318523615581184,0.0,30525.0,37.0,0.14279999999895407,31.0625,32.625,36.73000000000002,0.0,0.0,0.0,0.0,0.0,20.0,0.3,0.1,0.2,0.1,0.4,0.1,0.1,0.1,0.5,0.0,65535.0,0.19313344014648662,0.0,65535.0,0.09065384908827344,0.0,0.0,0.0,0.0,0.0,0.0,0.0,0.0,0.0,0.0
74658.0,1.092187585131966,0.0,30525.0,37.0,0.14839999999894812,31.0,32.625,36.77000000000004,0.0,0.0,0.0,0.0,0.0,20.0,0.3,0.1,0.2,0.1,0.4,0.1,0.1,0.1,0.5,0.0,65535.0,0.1935759517814908,0.0,65535.0,0.09077592126344701,0.0,0.0,0.0,0.0,0.0,0.0,0.0,0.0,0.0,0.0
74718.04,1.0846924034342666,0.0,30525.0,37.0,0.14899999999894672,31.0625,32.5625,36.93000000000001,0.0,0.0,0.0,0.0,0.0,20.0,0.3,0.1,0.2,0.1,0.4,0.1,0.1,0.1,0.5,0.0,65535.0,0.19510185397116045,0.0,65535.0,0.09140154116121156,0.0,0.0,0.0,0.0,0.0,0.0,0.0,0.0,0.0,0.0
74778.08,1.0863938529814858,0.0,30525.0,37.0,0.1218999999989546,31.375,32.625,36.81,0.0,0.0,0.0,0.0,0.0,20.0,0.3,0.1,0.2,0.1,0.4,0.1,0.1,0.1,0.5,0.0,65535.0,0.19429312581063554,0.0,65535.0,0.09158464942397192,0.0,0.0,0.0,0.0,0.0,0.0,0.0,0.0,0.0,0.0
74838.13,1.0996910641194133,0.0,30525.0,37.0,0.16839999999895577,31.125,32.625,36.85000000000002,0.0,0.0,0.0,0.0,0.0,20.0,0.3,0.1,0.2,0.1,0.4,0.1,0.1,0.1,0.5,0.0,65535.0,0.19548332951857786,0.0,65535.0,0.09170672159914549,0.0,0.0,0.0,0.0,0.0,0.0,0.0,0.0,0.0,0.0
74898.17,1.095089359239265,0.0,30525.0,37.0,0.11809999999894297,31.125,32.625,36.73000000000002,0.0,0.0,0.0,0.0,0.0,20.0,0.3,0.1,0.2,0.1,0.4,0.1,0.1,0.1,0.5,0.0,65535.0,0.1940947585259785,0.0,65535.0,0.09195086594949264,0.0,0.0,0.0,0.0,0.0,0.0,0.0,0.0,0.0,0.0
74958.26,1.1087434967311993,0.0,30525.0,37.0,0.14899999999894328,31.0,32.5625,36.870000000000005,0.0,0.0,0.0,0.0,0.0,20.0,0.3,0.1,0.2,0.1,0.4,0.1,0.1,0.1,0.5,0.0,65535.0,0.1940794995040818,0.0,65535.0,0.09140154116121156,0.0,0.0,0.0,0.0,0.0,0.0,0.0,0.0,0.0,0.0
75018.3,1.1206572855476518,0.0,30525.0,37.0,0.12749999999894607,31.125,32.5625,36.97000000000003,0.0,0.0,0.0,0.0,0.0,20.0,0.3,0.1,0.2,0.1,0.4,0.1,0.1,0.1,0.5,0.0,65535.0,0.19456778820477608,0.0,65535.0,0.09158464942397192,0.0,0.0,0.0,0.0,0.0,0.0,0.0,0.0,0.0,0.0
75078.37,1.1031014016234237,0.0,30525.0,37.0,0.16569999999895138,31.0,32.625,36.93000000000001,0.0,0.0,0.0,0.0,0.0,20.0,0.3,0.1,0.2,0.1,0.4,0.1,0.1,0.1,0.5,0.0,65535.0,0.19388113221942474,0.0,65535.0,0.09193560692759595,0.0,0.0,0.0,0.0,0.0,0.0,0.0,0.0,0.0,0.0
75138.43,1.0920273748718128,0.0,30525.0,37.0,0.15959999999894528,31.125,32.625,36.870000000000005,0.0,0.0,0.0,0.0,0.0,20.0,0.3,0.1,0.2,0.1,0.4,0.1,0.1,0.1,0.5,0.0,65535.0,0.19386587319752804,0.0,65535.0,0.09140154116121156,0.0,0.0,0.0,0.0,0.0,0.0,0.0,0.0,0.0,0.0
75198.49,1.1026094859628233,0.0,30525.0,37.0,0.17169999999895016,31.0625,32.5625,36.950000000000045,0.0,0.0,0.0,0.0,0.0,20.0,0.3,0.1,0.2,0.1,0.4,0.1,0.1,0.1,0.5,0.0,65535.0,0.19501029983978027,0.0,65535.0,0.09190508888380255,0.0,0.0,0.0,0.0,0.0,0.0,0.0,0.0,0.0,0.0
75258.57,1.0967243040131773,0.0,30525.0,37.0,0.18669999999894987,31.125,32.625,37.01000000000005,0.0,0.0,0.0,0.0,0.0,20.0,0.3,0.1,0.2,0.1,0.4,0.1,0.1,0.1,0.5,0.0,65535.0,0.19519340810254063,0.0,65535.0,0.09134050507362478,0.0,0.0,0.0,0.0,0.0,0.0,0.0,0.0,0.0,0.0
75318.6,1.0970446932519249,0.0,30525.0,37.0,0.1257999999989467,31.125,32.625,36.97000000000003,0.0,0.0,0.0,0.0,0.0,20.0,0.3,0.1,0.2,0.1,0.4,0.1,0.1,0.1,0.5,0.0,65535.0,0.19496452277409018,0.0,65535.0,0.0916762035553521,0.0,0.0,0.0,0.0,0.0,0.0,0.0,0.0,0.0,0.0
75378.65,1.1135958519925115,0.0,30525.0,37.0,0.1289999999989412,31.3125,32.625,37.01000000000005,0.0,0.0,0.0,0.0,0.0,20.0,0.3,0.1,0.2,0.1,0.4,0.1,0.1,0.1,0.5,0.0,65535.0,0.19453727016098268,0.0,65535.0,0.09230182345311666,0.0,0.0,0.0,0.0,0.0,0.0,0.0,0.0,0.0,0.0
75438.68,1.0831743572806563,0.0,30525.0,37.0,0.17989999999893755,31.0625,32.625,36.950000000000045,0.0,0.0,0.0,0.0,0.0,20.0,0.3,0.1,0.2,0.1,0.4,0.1,0.1,0.1,0.5,0.0,65535.0,0.19342336156252385,0.0,65535.0,0.09250019073777371,0.0,0.0,0.0,0.0,0.0,0.0,0.0,0.0,0.0,0.0
75498.75,1.112941008434299,0.0,30525.0,37.0,0.1159999999989337,31.125,32.625,36.97000000000003,0.0,0.0,0.0,0.0,0.0,20.0,0.3,0.1,0.2,0.1,0.4,0.1,0.1,0.1,0.5,0.0,65535.0,0.19433890287632563,0.0,65535.0,0.09239337758449684,0.0,0.0,0.0,0.0,0.0,0.0,0.0,0.0,0.0,0.0
75558.82,1.1063966948425183,0.0,30525.0,37.0,0.1804999999989353,31.25,32.625,36.89000000000004,0.0,0.0,0.0,0.0,0.0,20.0,0.3,0.1,0.2,0.1,0.4,0.1,0.1,0.1,0.5,0.0,65535.0,0.1952849622339208,0.0,65535.0,0.09268329900053407,0.0,0.0,0.0,0.0,0.0,0.0,0.0,0.0,0.0,0.0
75618.9,1.1358620951402552,0.0,30525.0,37.0,0.10309999999893121,31.125,32.6875,36.89000000000004,0.0,0.0,0.0,0.0,0.0,20.0,0.3,0.1,0.2,0.1,0.4,0.1,0.1,0.1,0.5,0.0,65535.0,0.19472037842374304,0.0,65535.0,0.0925612268253605,0.0,0.0,0.0,0.0,0.0,0.0,0.0,0.0,0.0,0.0
75678.99,1.1093592307353546,0.0,30525.0,37.0,0.18549999999894323,31.3125,32.625,36.97000000000003,0.0,0.0,0.0,0.0,0.0,20.0,0.3,0.1,0.2,0.1,0.4,0.1,0.1,0.1,0.5,0.0,65535.0,0.19505607690547036,0.0,65535.0,0.0925459678034638,0.0,0.0,0.0,0.0,0.0,0.0,0.0,0.0,0.0,0.0
75739.03,1.1266089627177327,0.0,30525.0,37.0,0.1189999999989301,31.125,32.625,36.85000000000002,0.0,0.0,0.0,0.0,0.0,20.0,0.3,0.1,0.2,0.1,0.4,0.1,0.1,0.1,0.5,0.0,65535.0,0.19589532310978866,0.0,65535.0,0.09309529259174487,0.0,0.0,0.0,0.0,0.0,0.0,0.0,0.0,0.0,0.0
75799.12,1.120796070812228,0.0,30525.0,37.0,0.18429999999894175,31.0,32.625,36.950000000000045,0.0,0.0,0.0,0.0,0.0,20.0,0.3,0.1,0.2,0.1,0.4,0.1,0.1,0.1,0.5,0.0,65535.0,0.19662775616083009,0.0,65535.0,0.09308003356984818,0.0,0.0,0.0,0.0,0.0,0.0,0.0,0.0,0.0,0.0
75859.16,1.1311051480798704,0.0,30525.0,37.0,0.12099999999893907,31.0,32.625,36.870000000000005,0.0,0.0,0.0,0.0,0.0,20.0,0.3,0.1,0.2,0.1,0.4,0.1,0.1,0.1,0.5,0.0,65535.0,0.19505607690547036,0.0,65535.0,0.09292744335088121,0.0,0.0,0.0,0.0,0.0,0.0,0.0,0.0,0.0,0.0
75919.23,1.100297830399436,0.0,30525.0,37.0,0.16369999999893034,31.125,32.625,36.97000000000003,0.0,0.0,0.0,0.0,0.0,20.0,0.3,0.1,0.2,0.1,0.4,0.1,0.1,0.1,0.5,0.0,65535.0,0.19494926375219349,0.0,65535.0,0.09260700389105059,0.0,0.0,0.0,0.0,0.0,0.0,0.0,0.0,0.0,0.0
75979.29,1.0892873607244276,0.0,30525.0,37.0,0.16489999999892924,31.25,32.625,36.97000000000003,0.0,0.0,0.0,0.0,0.0,20.0,0.3,0.1,0.2,0.1,0.4,0.1,0.1,0.1,0.5,0.0,65535.0,0.1961394674601358,0.0,65535.0,0.09312581063553826,0.0,0.0,0.0,0.0,0.0,0.0,0.0,0.0,0.0,0.0
76039.36,1.0907012077238647,0.0,30525.0,37.0,0.16079999999893296,31.1875,32.625,36.81,0.0,0.0,0.0,0.0,0.0,20.0,0.3,0.1,0.2,0.1,0.4,0.1,0.1,0.1,0.5,0.0,65535.0,0.19598687724116884,0.0,65535.0,0.09262226291294728,0.0,0.0,0.0,0.0,0.0,0.0,0.0,0.0,0.0,0.0
76099.44,1.1079073618311703,0.0,30525.0,37.0,0.14399999999893145,31.25,32.6875,36.85000000000002,0.0,0.0,0.0,0.0,0.0,20.0,0.3,0.1,0.2,0.1,0.4,0.1,0.1,0.1,0.5,0.0,65535.0,0.19513237201495384,0.0,65535.0,0.09292744335088121,0.0,0.0,0.0,0.0,0.0,0.0,0.0,0.0,0.0,0.0
76159.51,1.1328570501809954,0.0,30525.0,37.0,0.15749999999893083,31.375,32.625,36.89000000000004,0.0,0.0,0.0,0.0,0.0,20.0,0.3,0.1,0.2,0.1,0.4,0.1,0.1,0.1,0.5,0.0,65535.0,0.19586480506599527,0.0,65535.0,0.092988479438468,0.0,0.0,0.0,0.0,0.0,0.0,0.0,0.0,0.0,0.0
76219.58,1.0876551413822084,0.0,30525.0,37.0,0.18019999999892608,31.3125,32.6875,36.73000000000002,0.0,0.0,0.0,0.0,0.0,20.0,0.3,0.1,0.2,0.1,0.4,0.1,0.1,0.1,0.5,0.0,65535.0,0.19559014267185473,0.0,65535.0,0.09285114824139773,0.0,0.0,0.0,0.0,0.0,0.0,0.0,0.0,0.0,0.0
76279.64,1.1005360267816748,0.0,30525.0,37.0,0.12159999999893248,31.3125,32.6875,36.85000000000002,0.0,0.0,0.0,0.0,0.0,20.0,0.3,0.1,0.2,0.1,0.4,0.1,0.1,0.1,0.5,0.0,65535.0,0.19688715953307392,0.0,65535.0,0.09376668955519951,0.0,0.0,0.0,0.0,0.0,0.0,0.0,0.0,0.0,0.0
76339.7,1.0728153933220896,0.0,30525.0,37.0,0.1980999999989348,31.3125,32.6875,37.03000000000003,0.0,0.0,0.0,0.0,0.0,20.0,0.3,0.1,0.2,0.1,0.4,0.1,0.1,0.1,0.5,0.0,65535.0,0.19514763103685054,0.0,65535.0,0.09317158770122835,0.0,0.0,0.0,0.0,0.0,0.0,0.0,0.0,0.0,0.0
76399.76,1.090601159018359,0.0,30525.0,37.0,0.14429999999892687,31.3125,32.625,36.89000000000004,0.0,0.0,0.0,0.0,0.0,20.0,0.3,0.1,0.2,0.1,0.4,0.1,0.1,0.1,0.5,0.0,65535.0,0.19566643778133821,0.0,65535.0,0.09343099107347219,0.0,0.0,0.0,0.0,0.0,0.0,0.0,0.0,0.0,0.0
76459.8,1.11165835650806,0.0,30525.0,37.0,0.1819999999989227,30.9375,32.625,36.89000000000004,0.0,0.0,0.0,0.0,0.0,20.0,0.3,0.1,0.2,0.1,0.4,0.1,0.1,0.1,0.5,0.0,65535.0,0.19583428702220188,0.0,65535.0,0.09349202716105898,0.0,0.0,0.0,0.0,0.0,0.0,0.0,0.0,0.0,0.0
76519.9,1.0811675215221488,0.0,30525.0,37.0,0.15109999999892068,31.375,32.625,36.950000000000045,0.0,0.0,0.0,0.0,0.0,20.0,0.3,0.1,0.2,0.1,0.4,0.1,0.1,0.1,0.5,0.0,65535.0,0.19548332951857786,0.0,65535.0,0.09344625009536889,0.0,0.0,0.0,0.0,0.0,0.0,0.0,0.0,0.0,0.0
76579.96,1.1057303781091252,0.0,30525.0,37.0,0.12779999999892339,31.0625,32.6875,36.85000000000002,0.0,0.0,0.0,0.0,0.0,20.0,0.3,0.1,0.2,0.1,0.4,0.1,0.1,0.1,0.5,0.0,65535.0,0.1953307392996109,0.0,65535.0,0.0933852140077821,0.0,0.0,0.0,0.0,0.0,0.0,0.0,0.0,0.0,0.0
76640.04,1.0916457227525276,0.0,30525.0,37.0,0.14689999999891853,31.125,32.6875,36.93000000000001,0.0,0.0,0.0,0.0,0.0,20.0,0.3,0.1,0.2,0.1,0.4,0.1,0.1,0.1,0.5,0.0,65535.0,0.19551384756237125,0.0,65535.0,0.0942549782558938,0.0,0.0,0.0,0.0,0.0,0.0,0.0,0.0,0.0,0.0
76700.08,1.0962649611751005,0.0,30525.0,37.0,0.14659999999891712,31.0625,32.6875,36.89000000000004,0.0,0.0,0.0,0.0,0.0,20.0,0.3,0.1,0.2,0.1,0.4,0.1,0.1,0.1,0.5,0.0,65535.0,0.19803158617532615,0.0,65535.0,0.09398031586175326,0.0,0.0,0.0,0.0,0.0,0.0,0.0,0.0,0.0,0.0
76760.15,1.0655477396484938,0.0,30525.0,37.0,0.12039999999892503,31.375,32.6875,36.89000000000004,0.0,0.0,0.0,0.0,0.0,20.0,0.3,0.1,0.2,0.1,0.4,0.1,0.1,0.1,0.5,0.0,65535.0,0.19688715953307392,0.0,65535.0,0.09419394216830701,0.0,0.0,0.0,0.0,0.0,0.0,0.0,0.0,0.0,0.0
76820.23,1.0793354278346743,0.0,30525.0,37.0,0.13949999999892015,31.0625,32.625,36.79000000000002,0.0,0.0,0.0,0.0,0.0,20.0,0.3,0.1,0.2,0.1,0.4,0.1,0.1,0.1,0.5,0.0,65535.0,0.1965362020294499,0.0,65535.0,0.09431601434348058,0.0,0.0,0.0,0.0,0.0,0.0,0.0,0.0,0.0,0.0
76880.31,1.0916408160834092,0.0,30525.0,37.0,0.1677999999989254,31.1875,32.625,36.97000000000003,0.0,0.0,0.0,0.0,0.0,20.0,0.3,0.1,0.2,0.1,0.4,0.1,0.1,0.1,0.5,0.0,65535.0,0.1974059662775616,0.0,65535.0,0.09427023727779049,0.0,0.0,0.0,0.0,0.0,0.0,0.0,0.0,0.0,0.0
76940.38,1.1082680855453524,0.0,30525.0,37.0,0.11539999999891279,31.25,32.6875,37.01000000000005,0.0,0.0,0.0,0.0,0.0,20.0,0.3,0.1,0.2,0.1,0.4,0.1,0.1,0.1,0.5,0.0,65535.0,0.1974517433432517,0.0,65535.0,0.09445334554055085,0.0,0.0,0.0,0.0,0.0,0.0,0.0,0.0,0.0,0.0
77000.41,1.0895160578396315,0.0,30525.0,37.0,0.1659999999989236,31.0625,32.6875,36.81,0.0,0.0,0.0,0.0,0.0,20.0,0.3,0.1,0.2,0.1,0.4,0.1,0.1,0.1,0.5,0.0,65535.0,0.1978027008468757,0.0,65535.0,0.09448386358434424,0.0,0.0,0.0,0.0,0.0,0.0,0.0,0.0,0.0,0.0
77060.47,1.0899941959621255,0.0,30525.0,37.0,0.16929999999892315,31.0625,32.625,36.85000000000002,0.0,0.0,0.0,0.0,0.0,20.0,0.3,0.1,0.2,0.1,0.4,0.1,0.1,0.1,0.5,0.0,65535.0,0.19748226138704508,0.0,65535.0,0.09449912260624094,0.0,0.0,0.0,0.0,0.0,0.0,0.0,0.0,0.0,0.0
77120.53,1.1069218182800467,0.0,30525.0,37.0,0.16839999999892225,31.0625,32.6875,36.870000000000005,0.0,0.0,0.0,0.0,0.0,20.0,0.3,0.1,0.2,0.1,0.4,0.1,0.1,0.1,0.5,0.0,65535.0,0.19717708094911116,0.0,65535.0,0.09459067673762112,0.0,0.0,0.0,0.0,0.0,0.0,0.0,0.0,0.0,0.0
77180.58,1.0765098615704585,0.0,30525.0,37.0,0.16169999999891668,31.25,32.6875,36.93000000000001,0.0,0.0,0.0,0.0,0.0,20.0,0.3,0.1,0.2,0.1,0.4,0.1,0.1,0.1,0.5,0.0,65535.0,0.19728389410238803,0.0,65535.0,0.09428549629968719,0.0,0.0,0.0,0.0,0.0,0.0,0.0,0.0,0.0,0.0
77240.64,1.1092454616418264,0.0,30525.0,37.0,0.14189999999891537,31.0625,32.625,36.85000000000002,0.0,0.0,0.0,0.0,0.0,20.0,0.3,0.1,0.2,0.1,0.4,0.1,0.1,0.1,0.5,0.0,65535.0,0.19874876020447088,0.0,65535.0,0.09500267032883192,0.0,0.0,0.0,0.0,0.0,0.0,0.0,0.0,0.0,0.0
77300.69,1.109749201403866,0.0,30525.0,37.0,0.18579999999892147,31.0625,32.6875,37.01000000000005,0.0,0.0,0.0,0.0,0.0,20.0,0.3,0.1,0.2,0.1,0.4,0.1,0.1,0.1,0.5,0.0,65535.0,0.19705500877393758,0.0,65535.0,0.09556725413900968,0.0,0.0,0.0,0.0,0.0,0.0,0.0,0.0,0.0,0.0
77360.73,1.0801617995960855,0.0,30525.0,37.0,0.1386999999989191,31.375,32.625,36.93000000000001,0.0,0.0,0.0,0.0,0.0,20.0,0.3,0.1,0.2,0.1,0.4,0.1,0.1,0.1,0.5,0.0,65535.0,0.19795529106584267,0.0,65535.0,0.09514000152590218,0.0,0.0,0.0,0.0,0.0,0.0,0.0,0.0,0.0,0.0
77420.77,1.0791126688491586,0.0,30525.0,37.0,0.14189999999891362,31.0625,32.6875,36.870000000000005,0.0,0.0,0.0,0.0,0.0,20.0,0.3,0.1,0.2,0.1,0.4,0.1,0.1,0.1,0.5,0.0,65535.0,0.1970092317082475,0.0,65535.0,0.09536888685435263,0.0,0.0,0.0,0.0,0.0,0.0,0.0,0.0,0.0,0.0
77480.82,1.0894563779116706,0.0,30525.0,37.0,0.12539999999891185,31.375,32.6875,36.73000000000002,0.0,0.0,0.0,0.0,0.0,20.0,0.3,0.1,0.2,0.1,0.4,0.1,0.1,0.1,0.5,0.0,65535.0,0.199145494773785,0.0,65535.0,0.09491111619745174,0.0,0.0,0.0,0.0,0.0,0.0,0.0,0.0,0.0,0.0
77540.86,1.0844644795637999,0.0,30525.0,37.0,0.30649999999891286,30.9375,32.6875,36.710000000000036,0.0,0.0,0.0,0.0,0.0,20.0,0.3,0.1,0.2,0.1,0.4,0.1,0.1,0.1,0.5,0.0,65535.0,0.19932860303654537,0.0,65535.0,0.09738307774471656,0.0,0.0,0.0,0.0,0.0,0.0,0.0,0.0,0.0,0.0
77600.92,1.101140952585437,0.0,30525.0,37.0,0.14939999999891107,31.125,32.625,37.13000000000005,0.0,0.0,0.0,0.0,0.0,20.0,0.3,0.1,0.2,0.1,0.4,0.1,0.1,0.1,0.5,0.0,65535.0,0.1978789959563592,0.0,65535.0,0.09526207370107576,0.0,0.0,0.0,0.0,0.0,0.0,0.0,0.0,0.0,0.0
77660.99,1.0749162709189453,0.0,30525.0,37.0,0.10609999999890354,31.4375,32.6875,36.89000000000004,0.0,0.0,0.0,0.0,0.0,20.0,0.3,0.1,0.2,0.1,0.4,0.1,0.1,0.1,0.5,0.0,65535.0,0.19729915312428473,0.0,65535.0,0.09555199511711299,0.0,0.0,0.0,0.0,0.0,0.0,0.0,0.0,0.0,0.0
77721.07,1.0830850282848958,0.0,30525.0,37.0,0.1913999999989104,31.25,32.6875,36.870000000000005,0.0,0.0,0.0,0.0,0.0,20.0,0.3,0.1,0.2,0.1,0.4,0.1,0.1,0.1,0.5,0.0,65535.0,0.19884031433585106,0.0,65535.0,0.09565880827038986,0.0,0.0,0.0,0.0,0.0,0.0,0.0,0.0,0.0,0.0
77781.14,1.111577004281257,0.0,30525.0,37.0,0.12929999999890746,31.3125,32.6875,37.210000000000036,0.0,0.0,0.0,0.0,0.0,20.0,0.3,0.1,0.2,0.1,0.4,0.1,0.1,0.1,0.5,0.0,65535.0,0.19855039291981383,0.0,65535.0,0.0950942244602121,0.0,0.0,0.0,0.0,0.0,0.0,0.0,0.0,0.0,0.0
77841.22,1.1035653306149726,0.0,30525.0,37.0,0.12629999999890676,31.125,32.6875,36.81,0.0,0.0,0.0,0.0,0.0,20.0,0.3,0.1,0.2,0.1,0.4,0.1,0.1,0.1,0.5,0.0,65535.0,0.19801632715342946,0.0,65535.0,0.09614709697108416,0.0,0.0,0.0,0.0,0.0,0.0,0.0,0.0,0.0,0.0
77901.3,1.113608306505922,0.0,30525.0,37.0,0.15629999999890704,31.3125,32.6875,36.870000000000005,0.0,0.0,0.0,0.0,0.0,20.0,0.3,0.1,0.2,0.1,0.4,0.1,0.1,0.1,0.5,0.0,65535.0,0.19807736324101624,0.0,65535.0,0.09536888685435263,0.0,0.0,0.0,0.0,0.0,0.0,0.0,0.0,0.0,0.0
77961.37,1.0871058504125963,0.0,30525.0,37.0,0.16249999999890138,31.25,32.625,36.89000000000004,0.0,0.0,0.0,0.0,0.0,20.0,0.3,0.1,0.2,0.1,0.4,0.1,0.1,0.1,0.5,0.0,65535.0,0.197787441824979,0.0,65535.0,0.09608606088349737,0.0,0.0,0.0,0.0,0.0,0.0,0.0,0.0,0.0,0.0
78021.44,1.0793329758459467,0.0,30525.0,37.0,0.1789999999989006,31.0,32.6875,36.97000000000003,0.0,0.0,0.0,0.0,0.0,20.0,0.3,0.1,0.2,0.1,0.4,0.1,0.1,0.1,0.5,0.0,65535.0,0.19766536964980544,0.0,65535.0,0.09575036240177005,0.0,0.0,0.0,0.0,0.0,0.0,0.0,0.0,0.0,0.0
78081.5,1.1120165073320998,0.0,30525.0,37.0,0.18139999999889925,31.125,32.6875,37.01000000000005,0.0,0.0,0.0,0.0,0.0,20.0,0.3,0.1,0.2,0.1,0.4,0.1,0.1,0.1,0.5,0.0,65535.0,0.19934386205844207,0.0,65535.0,0.09617761501487755,0.0,0.0,0.0,0.0,0.0,0.0,0.0,0.0,0.0,0.0
78141.57,1.0803190174056325,0.0,30525.0,37.0,0.10839999999890537,31.3125,32.625,37.01000000000005,0.0,0.0,0.0,0.0,0.0,20.0,0.3,0.1,0.2,0.1,0.4,0.1,0.1,0.1,0.5,0.0,65535.0,0.19769588769359883,0.0,65535.0,0.09605554283970398,0.0,0.0,0.0,0.0,0.0,0.0,0.0,0.0,0.0,0.0
78201.61,1.1068763368836552,0.0,30525.0,37.0,0.1400999999989007,31.0625,32.6875,37.01000000000005,0.0,0.0,0.0,0.0,0.0,20.0,0.3,0.1,0.2,0.1,0.4,0.1,0.1,0.1,0.5,0.0,65535.0,0.1992217898832685,0.0,65535.0,0.09582665751125354,0.0,0.0,0.0,0.0,0.0,0.0,0.0,0.0,0.0,0.0
78261.65,1.0779134641796821,0.0,30525.0,37.0,0.136299999998905,31.0625,32.75,36.89000000000004,0.0,0.0,0.0,0.0,0.0,20.0,0.3,0.1,0.2,0.1,0.4,0.1,0.1,0.1,0.5,0.0,65535.0,0.19848935683222704,0.0,65535.0,0.09604028381780728,0.0,0.0,0.0,0.0,0.0,0.0,0.0,0.0,0.0,0.0
78321.7,1.0972329434374417,0.0,30525.0,37.0,0.18809999999890137,31.125,32.6875,36.89000000000004,0.0,0.0,0.0,0.0,0.0,20.0,0.3,0.1,0.2,0.1,0.4,0.1,0.1,0.1,0.5,0.0,65535.0,0.19917601281757838,0.0,65535.0,0.09629968719005112,0.0,0.0,0.0,0.0,0.0,0.0,0.0,0.0,0.0,0.0
78381.74,1.094516197895272,0.0,30525.0,37.0,0.1424999999988985,31.25,32.75,36.77000000000004,0.0,0.0,0.0,0.0,0.0,20.0,0.3,0.1,0.2,0.1,0.4,0.1,0.1,0.1,0.5,0.0,65535.0,0.19876401922636758,0.0,65535.0,0.09623865110246434,0.0,0.0,0.0,0.0,0.0,0.0,0.0,0.0,0.0,0.0
78441.81,1.1153499354051306,0.0,30525.0,37.0,0.10479999999890097,31.3125,32.75,36.97000000000003,0.0,0.0,0.0,0.0,0.0,20.0,0.3,0.1,0.2,0.1,0.4,0.1,0.1,0.1,0.5,0.0,65535.0,0.19891660944533454,0.0,65535.0,0.09620813305867094,0.0,0.0,0.0,0.0,0.0,0.0,0.0,0.0,0.0,0.0
78501.89,1.1138169789217724,0.0,30525.0,37.0,0.14419999999889185,31.375,32.75,36.81,0.0,0.0,0.0,0.0,0.0,20.0,0.3,0.1,0.2,0.1,0.4,0.1,0.1,0.1,0.5,0.0,65535.0,0.20099183642328527,0.0,65535.0,0.09669642175936523,0.0,0.0,0.0,0.0,0.0,0.0,0.0,0.0,0.0,0.0
78561.95,1.1137980443136017,0.0,30525.0,37.0,0.19869999999890253,31.25,32.75,36.85000000000002,0.0,0.0,0.0,0.0,0.0,20.0,0.3,0.1,0.2,0.1,0.4,0.1,0.1,0.1,0.5,0.0,65535.0,0.19833676661326008,0.0,65535.0,0.09625391012436103,0.0,0.0,0.0,0.0,0.0,0.0,0.0,0.0,0.0,0.0
78622.02,1.1411289501973134,0.0,30525.0,37.0,0.15899999999889516,31.4375,32.75,37.09000000000003,0.0,0.0,0.0,0.0,0.0,20.0,0.3,0.1,0.2,0.1,0.4,0.1,0.1,0.1,0.5,0.0,65535.0,0.19861142900740061,0.0,65535.0,0.09732204165712978,0.0,0.0,0.0,0.0,0.0,0.0,0.0,0.0,0.0,0.0
78682.09,1.1297391951473306,0.0,30525.0,37.0,0.12219999999889766,31.4375,32.75,36.93000000000001,0.0,0.0,0.0,0.0,0.0,20.0,0.3,0.1,0.2,0.1,0.4,0.1,0.1,0.1,0.5,0.0,65535.0,0.1995727473868925,0.0,65535.0,0.09713893339436942,0.0,0.0,0.0,0.0,0.0,0.0,0.0,0.0,0.0,0.0
78742.17,1.099420214488917,0.0,30525.0,37.0,0.16219999999888884,31.25,32.8125,36.79000000000002,0.0,0.0,0.0,0.0,0.0,20.0,0.3,0.1,0.2,0.1,0.4,0.1,0.1,0.1,0.5,0.0,65535.0,0.19929808499275198,0.0,65535.0,0.09652857251850157,0.0,0.0,0.0,0.0,0.0,0.0,0.0,0.0,0.0,0.0
78802.25,1.096684485429768,0.0,30525.0,37.0,0.12569999999889106,31.4375,32.75,36.89000000000004,0.0,0.0,0.0,0.0,0.0,20.0,0.3,0.1,0.2,0.1,0.4,0.1,0.1,0.1,0.5,0.0,65535.0,0.19972533760585948,0.0,65535.0,0.09692530708781567,0.0,0.0,0.0,0.0,0.0,0.0,0.0,0.0,0.0,0.0
78862.32,1.0843427965881507,0.0,30525.0,37.0,0.13419999999889584,31.3125,32.8125,36.77000000000004,0.0,0.0,0.0,0.0,0.0,20.0,0.3,0.1,0.2,0.1,0.4,0.1,0.1,0.1,0.5,0.0,65535.0,0.20025940337224385,0.0,65535.0,0.09733730067902648,0.0,0.0,0.0,0.0,0.0,0.0,0.0,0.0,0.0,0.0
78922.39,1.1177302351699534,0.0,30525.0,37.0,0.146899999998886,31.3125,32.8125,36.97000000000003,0.0,0.0,0.0,0.0,0.0,20.0,0.3,0.1,0.2,0.1,0.4,0.1,0.1,0.1,0.5,0.0,65535.0,0.19986266880292974,0.0,65535.0,0.09729152361333639,0.0,0.0,0.0,0.0,0.0,0.0,0.0,0.0,0.0,0.0
78982.47,1.1134527930830798,0.0,30525.0,37.0,0.16249999999888518,31.25,32.8125,36.93000000000001,0.0,0.0,0.0,0.0,0.0,20.0,0.3,0.1,0.2,0.1,0.4,0.1,0.1,0.1,0.5,0.0,65535.0,0.19900816357671472,0.0,65535.0,0.0968184939345388,0.0,0.0,0.0,0.0,0.0,0.0,0.0,0.0,0.0,0.0
79042.54,1.1280814093687253,0.0,30525.0,37.0,0.13629999999889308,31.3125,32.75,37.09000000000003,0.0,0.0,0.0,0.0,0.0,20.0,0.3,0.1,0.2,0.1,0.4,0.1,0.1,0.1,0.5,0.0,65535.0,0.20012207217517358,0.0,65535.0,0.09733730067902648,0.0,0.0,0.0,0.0,0.0,0.0,0.0,0.0,0.0,0.0
79102.62,1.1138237059059588,0.0,30525.0,37.0,0.12039999999889162,31.3125,32.6875,36.97000000000003,0.0,0.0,0.0,0.0,0.0,20.0,0.3,0.1,0.2,0.1,0.4,0.1,0.1,0.1,0.5,0.0,65535.0,0.2004882887006943,0.0,65535.0,0.09736781872281987,0.0,0.0,0.0,0.0,0.0,0.0,0.0,0.0,0.0,0.0
79162.69,1.1184745900312971,0.0,30525.0,37.0,0.18959999999888894,31.125,32.8125,36.89000000000004,0.0,0.0,0.0,0.0,0.0,20.0,0.3,0.1,0.2,0.1,0.4,0.1,0.1,0.1,0.5,0.0,65535.0,0.20105287251087206,0.0,65535.0,0.09738307774471656,0.0,0.0,0.0,0.0,0.0,0.0,0.0,0.0,0.0,0.0
79222.76,1.1197057013147047,0.0,30525.0,37.0,0.20109999999889352,31.375,32.8125,36.85000000000002,0.0,0.0,0.0,0.0,0.0,20.0,0.3,0.1,0.2,0.1,0.4,0.1,0.1,0.1,0.5,0.0,65535.0,0.20010681315327689,0.0,65535.0,0.09742885481040665,0.0,0.0,0.0,0.0,0.0,0.0,0.0,0.0,0.0,0.0
79282.84,1.118411017978317,0.0,30525.0,37.0,0.1077999999988897,31.3125,32.75,36.93000000000001,0.0,0.0,0.0,0.0,0.0,20.0,0.3,0.1,0.2,0.1,0.4,0.1,0.1,0.1,0.5,0.0,65535.0,0.20030518043793394,0.0,65535.0,0.0972304875257496,0.0,0.0,0.0,0.0,0.0,0.0,0.0,0.0,0.0,0.0
79342.91,1.0806517786441416,0.0,30525.0,37.0,0.18719999999888684,31.375,32.75,37.01000000000005,0.0,0.0046,0.25,0.0,0.0,20.0,0.3,0.1,0.2,0.1,0.4,0.1,0.1,0.1,0.5,0.0,65535.0,0.20115968566414894,0.0,65535.0,0.09744411383230335,0.0,0.0,0.0,0.0,0.0,0.0,0.0,0.0,0.0,0.0
79402.98,1.0833946824043432,0.0,30525.0,37.0,0.26054999999888806,31.25,32.8125,36.610000000000014,0.0,0.0,0.0,0.0,0.0,20.0,0.3,0.1,0.2,0.1,0.4,0.1,0.1,0.1,0.5,0.0,65535.0,0.19565117875944152,0.0,65535.0,0.09623865110246434,0.0,0.0,0.0,0.0,0.0,0.0,0.0,0.0,0.0,0.0
79463.05,1.0598651844000193,0.0,30525.0,37.0,0.13389999999888785,31.125,32.8125,36.870000000000005,0.0,0.0,0.0,0.0,0.0,20.0,0.3,0.1,0.2,0.1,0.4,0.1,0.1,0.1,0.5,0.0,65535.0,0.1970397497520409,0.0,65535.0,0.0954757000076295,0.0,0.0,0.0,0.0,0.0,0.0,0.0,0.0,0.0,0.0
79523.13,1.0325289056543414,0.0,30525.0,37.0,0.09499999999887548,31.25,32.8125,36.79000000000002,0.0,0.0,0.0,0.0,0.0,20.0,0.3,0.1,0.2,0.1,0.4,0.1,0.1,0.1,0.5,0.0,65535.0,0.19668879224841687,0.0,65535.0,0.09568932631418325,0.0,0.0,0.0,0.0,0.0,0.0,0.0,0.0,0.0,0.0
79583.19,1.0590458110289047,0.0,30525.0,37.0,0.13059999999888575,31.125,32.8125,36.81,0.0,0.0,0.0,0.0,0.0,20.0,0.3,0.1,0.2,0.1,0.4,0.1,0.1,0.1,0.5,0.0,65535.0,0.19522392614633402,0.0,65535.0,0.09517051956969558,0.0,0.0,0.0,0.0,0.0,0.0,0.0,0.0,0.0,0.0
79985.48,1.0496405576513816,0.0,30525.0,37.0,1.0,27.6875,32.8125,31.53000000000003,0.0,0.0,0.0,0.0,0.0,20.0,0.3,0.1,0.2,0.1,0.4,0.1,0.1,0.1,0.5,0.0,65535.0,0.20610360875867856,0.0,65535.0,0.10162508583199817,0.0,0.0,0.0,0.0,0.0,0.0,0.0,0.0,0.0,0.0
80045.53,1.0016600180938826,0.0,30525.0,37.0,1.0,28.3125,32.75,34.13000000000005,0.0,0.0,0.0,0.0,0.0,20.0,0.3,0.1,0.2,0.1,0.4,0.1,0.1,0.1,0.5,0.0,65535.0,0.2021057450217441,0.0,65535.0,0.0998092622262913,0.0,0.0,0.0,0.0,0.0,0.0,0.0,0.0,0.0,0.0
80105.6,1.0150748907224285,0.0,30525.0,37.0,0.3609999999988783,28.75,32.75,36.01000000000005,0.0,0.0,0.0,0.0,0.0,20.0,0.3,0.1,0.2,0.1,0.4,0.1,0.1,0.1,0.5,0.0,65535.0,0.19772640573739222,0.0,65535.0,0.09602502479591059,0.0,0.0,0.0,0.0,0.0,0.0,0.0,0.0,0.0,0.0
80165.65,0.9866425812835201,0.0,30525.0,37.0,0.19199999999887993,29.1875,32.75,36.81,0.0,0.0,0.0,0.0,0.0,20.0,0.3,0.1,0.2,0.1,0.4,0.1,0.1,0.1,0.5,0.0,65535.0,0.19552910658426795,0.0,65535.0,0.09556725413900968,0.0,0.0,0.0,0.0,0.0,0.0,0.0,0.0,0.0,0.0
80225.72,0.9949786086384733,0.0,30525.0,37.0,0.18489999999888382,29.5,32.75,37.09000000000003,0.0,0.0,0.0,0.0,0.0,20.0,0.3,0.1,0.2,0.1,0.4,0.1,0.1,0.1,0.5,0.0,65535.0,0.1974670023651484,0.0,65535.0,0.09608606088349737,0.0,0.0,0.0,0.0,0.0,0.0,0.0,0.0,0.0,0.0
80285.8,0.9959239814100225,0.0,30525.0,37.0,0.1388999999988762,29.6875,32.6875,36.870000000000005,0.0,0.0,0.0,0.0,0.0,20.0,0.3,0.1,0.2,0.1,0.4,0.1,0.1,0.1,0.5,0.0,65535.0,0.19714656290531776,0.0,65535.0,0.09587243457694362,0.0,0.0,0.0,0.0,0.0,0.0,0.0,0.0,0.0,0.0
80345.89,0.9852524979932074,0.0,30525.0,37.0,0.14139999999888045,29.8125,32.625,37.03000000000003,0.0,0.0,0.0,0.0,0.0,20.0,0.3,0.1,0.2,0.1,0.4,0.1,0.1,0.1,0.5,0.0,65535.0,0.196932936598764,0.0,65535.0,0.09579613946746014,0.0,0.0,0.0,0.0,0.0,0.0,0.0,0.0,0.0,0.0
80405.97,1.0049224054135917,0.0,30525.0,37.0,0.1592999999988758,30.0,32.6875,36.97000000000003,0.0,0.0,0.0,0.0,0.0,20.0,0.3,0.1,0.2,0.1,0.4,0.1,0.1,0.1,0.5,0.0,65535.0,0.1987029831387808,0.0,65535.0,0.09665064469367514,0.0,0.0,0.0,0.0,0.0,0.0,0.0,0.0,0.0,0.0
80466.0,1.0018284416461372,0.0,30525.0,37.0,0.12949999999886852,30.0625,32.6875,36.81,0.0,0.0,0.0,0.0,0.0,20.0,0.3,0.1,0.2,0.1,0.4,0.1,0.1,0.1,0.5,0.0,65535.0,0.19713130388342107,0.0,65535.0,0.09663538567177844,0.0,0.0,0.0,0.0,0.0,0.0,0.0,0.0,0.0,0.0
80526.08,0.9716970643839562,0.0,30525.0,37.0,0.22449999999888073,30.125,32.75,36.79000000000002,0.0,0.0,0.0,0.0,0.0,20.0,0.3,0.1,0.2,0.1,0.4,0.1,0.1,0.1,0.5,0.0,65535.0,0.19769588769359883,0.0,65535.0,0.09668116273746853,0.0,0.0,0.0,0.0,0.0,0.0,0.0,0.0,0.0,0.0
80586.13,0.9306144850234606,0.0,30525.0,37.0,0.12589999999886667,30.25,32.6875,36.89000000000004,0.0,0.0,0.0,0.0,0.0,20.0,0.3,0.1,0.2,0.1,0.4,0.1,0.1,0.1,0.5,0.0,65535.0,0.19722285801480124,0.0,65535.0,0.09668116273746853,0.0,0.0,0.0,0.0,0.0,0.0,0.0,0.0,0.0,0.0
80646.17,0.9383008850263347,0.0,30525.0,37.0,0.1646999999988723,30.3125,32.6875,36.89000000000004,0.0,0.0,0.0,0.0,0.0,20.0,0.3,0.1,0.2,0.1,0.4,0.1,0.1,0.1,0.5,0.0,65535.0,0.19684138246738384,0.0,65535.0,0.09605554283970398,0.0,0.0,0.0,0.0,0.0,0.0,0.0,0.0,0.0,0.0
80706.2,0.9241092796029508,0.0,30525.0,37.0,0.15999999999887657,30.4375,32.6875,36.97000000000003,0.0,0.0,0.0,0.0,0.0,20.0,0.3,0.1,0.2,0.1,0.4,0.1,0.1,0.1,0.5,0.0,65535.0,0.19792477302204928,0.0,65535.0,0.09666590371557184,0.0,0.0,0.0,0.0,0.0,0.0,0.0,0.0,0.0,0.0
80766.23,0.9279570037764948,0.0,30525.0,37.0,0.12319999999886483,30.5,32.625,36.93000000000001,0.0,0.0,0.0,0.0,0.0,20.0,0.3,0.1,0.2,0.1,0.4,0.1,0.1,0.1,0.5,0.0,65535.0,0.19836728465705347,0.0,65535.0,0.09634546425574121,0.0,0.0,0.0,0.0,0.0,0.0,0.0,0.0,0.0,0.0
80826.27,0.9359770055441275,0.0,30525.0,37.0,0.16229999999887018,30.5625,32.625,36.93000000000001,0.0,0.0,0.0,0.0,0.0,20.0,0.3,0.1,0.2,0.1,0.4,0.1,0.1,0.1,0.5,0.0,65535.0,0.19755855649652856,0.0,65535.0,0.09735255970092317,0.0,0.0,0.0,0.0,0.0,0.0,0.0,0.0,0.0,0.0
80886.35,0.9396167414957982,0.0,30525.0,37.0,0.14109999999887354,30.5625,32.6875,37.01000000000005,0.0,0.0,0.0,0.0,0.0,20.0,0.3,0.1,0.2,0.1,0.4,0.1,0.1,0.1,0.5,0.0,65535.0,0.19664301518272678,0.0,65535.0,0.09658960860608835,0.0,0.0,0.0,0.0,0.0,0.0,0.0,0.0,0.0,0.0
80946.45,0.9249946418787186,0.0,30525.0,37.0,0.16399999999886353,30.5,32.6875,37.03000000000003,0.0,0.0,0.0,0.0,0.0,20.0,0.3,0.1,0.2,0.1,0.4,0.1,0.1,0.1,0.5,0.0,65535.0,0.1969787136644541,0.0,65535.0,0.09660486762798505,0.0,0.0,0.0,0.0,0.0,0.0,0.0,0.0,0.0,0.0
81006.55,0.9337807022821742,0.0,30525.0,37.0,0.13329999999887127,30.625,32.625,37.190000000000055,0.0,0.0,0.0,0.0,0.0,20.0,0.3,0.1,0.2,0.1,0.4,0.1,0.1,0.1,0.5,0.0,65535.0,0.19758907454032196,0.0,65535.0,0.09660486762798505,0.0,0.0,0.0,0.0,0.0,0.0,0.0,0.0,0.0,0.0
81066.6,0.9290341236743895,0.0,30525.0,37.0,0.15919999999886192,30.5625,32.6875,36.93000000000001,0.0,0.0,0.0,0.0,0.0,20.0,0.3,0.1,0.2,0.1,0.4,0.1,0.1,0.1,0.5,0.0,65535.0,0.19705500877393758,0.0,65535.0,0.09697108415350576,0.0,0.0,0.0,0.0,0.0,0.0,0.0,0.0,0.0,0.0
81126.67,0.9341862987460006,0.0,30525.0,37.0,0.15179999999886523,30.5625,32.6875,36.93000000000001,0.0,0.0,0.0,0.0,0.0,20.0,0.3,0.1,0.2,0.1,0.4,0.1,0.1,0.1,0.5,0.0,65535.0,0.1990997177080949,0.0,65535.0,0.09695582513160907,0.0,0.0,0.0,0.0,0.0,0.0,0.0,0.0,0.0,0.0
81186.76,0.9456876810317851,0.0,30525.0,37.0,0.13619999999886348,30.625,32.625,37.01000000000005,0.0,0.0,0.0,0.0,0.0,20.0,0.3,0.1,0.2,0.1,0.4,0.1,0.1,0.1,0.5,0.0,65535.0,0.19885557335774776,0.0,65535.0,0.09712367437247273,0.0,0.0,0.0,0.0,0.0,0.0,0.0,0.0,0.0,0.0
81246.8,0.9546437645628901,0.0,30525.0,37.0,0.1505999999988629,30.5,32.625,36.870000000000005,0.0,0.0,0.0,0.0,0.0,20.0,0.3,0.1,0.2,0.1,0.4,0.1,0.1,0.1,0.5,0.0,65535.0,0.19720759899290455,0.0,65535.0,0.09692530708781567,0.0,0.0,0.0,0.0,0.0,0.0,0.0,0.0,0.0,0.0
81306.84,0.9325320123198015,0.0,30525.0,37.0,0.14879999999886195,30.625,32.625,36.85000000000002,0.0,0.0,0.0,0.0,0.0,20.0,0.3,0.1,0.2,0.1,0.4,0.1,0.1,0.1,0.5,0.0,65535.0,0.19928282597085528,0.0,65535.0,0.09709315632867933,0.0,0.0,0.0,0.0,0.0,0.0,0.0,0.0,0.0,0.0
81366.95,0.9623855400325065,0.0,30525.0,37.0,0.12789999999886503,30.6875,32.625,37.03000000000003,0.0,0.0,0.0,0.0,0.0,20.0,0.3,0.1,0.2,0.1,0.4,0.1,0.1,0.1,0.5,0.0,65535.0,0.1978027008468757,0.0,65535.0,0.09788662546730754,0.0,0.0,0.0,0.0,0.0,0.0,0.0,0.0,0.0,0.0
81427.02,0.9370288913253094,0.0,30525.0,37.0,0.1513999999988553,30.625,32.6875,36.93000000000001,0.0,0.0,0.0,0.0,0.0,20.0,0.3,0.1,0.2,0.1,0.4,0.1,0.1,0.1,0.5,0.0,65535.0,0.197787441824979,0.0,65535.0,0.0972457465476463,0.0,0.0,0.0,0.0,0.0,0.0,0.0,0.0,0.0,0.0
81487.09,0.9582142949736427,0.0,30525.0,37.0,0.1201999999988527,30.625,32.6875,37.03000000000003,0.0,0.0,0.0,0.0,0.0,20.0,0.3,0.1,0.2,0.1,0.4,0.1,0.1,0.1,0.5,0.0,65535.0,0.19894712748912793,0.0,65535.0,0.09752040894178683,0.0,0.0,0.0,0.0,0.0,0.0,0.0,0.0,0.0,0.0
81547.16,0.9521186577321332,0.0,30525.0,37.0,0.1663999999988533,30.6875,32.625,36.89000000000004,0.0,0.0,0.0,0.0,0.0,20.0,0.3,0.1,0.2,0.1,0.4,0.1,0.1,0.1,0.5,0.0,65535.0,0.2004425116350042,0.0,65535.0,0.09738307774471656,0.0,0.0,0.0,0.0,0.0,0.0,0.0,0.0,0.0,0.0
81607.2,0.9427761046878214,0.0,30525.0,37.0,0.12549999999886036,30.625,32.6875,37.05000000000001,0.0,0.0,0.0,0.0,0.0,20.0,0.3,0.1,0.2,0.1,0.4,0.1,0.1,0.1,0.5,0.0,65535.0,0.1982299534599832,0.0,65535.0,0.09770351720454719,0.0,0.0,0.0,0.0,0.0,0.0,0.0,0.0,0.0,0.0
81667.31,0.9340062898742978,0.0,30525.0,37.0,0.18169999999885186,30.6875,32.6875,36.97000000000003,0.0,0.0,0.0,0.0,0.0,20.0,0.3,0.1,0.2,0.1,0.4,0.1,0.1,0.1,0.5,0.0,65535.0,0.1991302357518883,0.0,65535.0,0.09816128786144808,0.0,0.0,0.0,0.0,0.0,0.0,0.0,0.0,0.0,0.0
81727.4,0.9370719532960686,0.0,30525.0,37.0,0.12839999999885343,30.75,32.6875,37.09000000000003,0.0,0.0,0.0,0.0,0.0,20.0,0.3,0.1,0.2,0.1,0.4,0.1,0.1,0.1,0.5,0.0,65535.0,0.19882505531395436,0.0,65535.0,0.09742885481040665,0.0,0.0,0.0,0.0,0.0,0.0,0.0,0.0,0.0,0.0
81787.52,0.9589012159424652,0.0,30525.0,37.0,0.18699999999885952,30.75,32.6875,36.870000000000005,0.0,0.0,0.0,0.0,0.0,20.0,0.3,0.1,0.2,0.1,0.4,0.1,0.1,0.1,0.5,0.0,65535.0,0.19848935683222704,0.0,65535.0,0.0976424811169604,0.0,0.0,0.0,0.0,0.0,0.0,0.0,0.0,0.0,0.0
81847.63,0.9376282824171362,0.0,30525.0,37.0,0.16229999999885272,30.6875,32.75,37.01000000000005,0.0,0.0,0.0,0.0,0.0,20.0,0.3,0.1,0.2,0.1,0.4,0.1,0.1,0.1,0.5,0.0,65535.0,0.19977111467154957,0.0,65535.0,0.09863431754024567,0.0,0.0,0.0,0.0,0.0,0.0,0.0,0.0,0.0,0.0
81907.73,0.9533106427444221,0.0,30525.0,37.0,0.14019999999885605,30.6875,32.6875,36.93000000000001,0.0,0.0,0.0,0.0,0.0,20.0,0.3,0.1,0.2,0.1,0.4,0.1,0.1,0.1,0.5,0.0,65535.0,0.19900816357671472,0.0,65535.0,0.0976272220950637,0.0,0.0,0.0,0.0,0.0,0.0,0.0,0.0,0.0,0.0
81967.84,0.9592542978473491,0.0,30525.0,37.0,0.1374999999988551,30.6875,32.75,37.01000000000005,0.0,0.0,0.0,0.0,0.0,20.0,0.3,0.1,0.2,0.1,0.4,0.1,0.1,0.1,0.5,0.0,65535.0,0.19972533760585948,0.0,65535.0,0.09803921568627451,0.0,0.0,0.0,0.0,0.0,0.0,0.0,0.0,0.0,0.0
82027.96,0.9504842289922539,0.0,30525.0,37.0,0.15749999999885025,30.75,32.6875,36.870000000000005,0.0,0.0,0.0,0.0,0.0,20.0,0.3,0.1,0.2,0.1,0.4,0.1,0.1,0.1,0.5,0.0,65535.0,0.20016784924086367,0.0,65535.0,0.09790188448920424,0.0,0.0,0.0,0.0,0.0,0.0,0.0,0.0,0.0,0.0
82088.04,0.953096351130873,0.0,30525.0,37.0,0.09709999999884236,30.6875,32.75,37.03000000000003,0.0,0.0,0.0,0.0,0.0,20.0,0.3,0.1,0.2,0.1,0.4,0.1,0.1,0.1,0.5,0.0,65535.0,0.19873350118257418,0.0,65535.0,0.09779507133592737,0.0,0.0,0.0,0.0,0.0,0.0,0.0,0.0,0.0,0.0
82148.11,0.9410969401622971,0.0,30525.0,37.0,0.1732999999988441,30.6875,32.75,36.79000000000002,0.0,0.0,0.0,0.0,0.0,20.0,0.3,0.1,0.2,0.1,0.4,0.1,0.1,0.1,0.5,0.0,65535.0,0.199649042496376,0.0,65535.0,0.0993362325474937,0.0,0.0,0.0,0.0,0.0,0.0,0.0,0.0,0.0,0.0
82208.19,0.9619951429736873,0.0,30525.0,37.0,0.18659999999884877,30.8125,32.6875,37.01000000000005,0.0,0.0,0.0,0.0,0.0,20.0,0.3,0.1,0.2,0.1,0.4,0.1,0.1,0.1,0.5,0.0,65535.0,0.2000610360875868,0.0,65535.0,0.09820706492713817,0.0,0.0,0.0,0.0,0.0,0.0,0.0,0.0,0.0,0.0
82268.3,0.9274929526774125,0.0,30525.0,37.0,0.1259999999988453,30.6875,32.6875,36.870000000000005,0.0,0.0,0.0,0.0,0.0,20.0,0.3,0.1,0.2,0.1,0.4,0.1,0.1,0.1,0.5,0.0,65535.0,0.2,0.0,65535.0,0.09918364232852674,0.0,0.0,0.0,0.0,0.0,0.0,0.0,0.0,0.0,0.0
82328.37,0.9570395150118358,0.0,30525.0,37.0,0.14629999999884022,30.8125,32.75,36.89000000000004,0.0,0.0,0.0,0.0,0.0,20.0,0.3,0.1,0.2,0.1,0.4,0.1,0.1,0.1,0.5,0.0,65535.0,0.2012512397955291,0.0,65535.0,0.09903105210955977,0.0,0.0,0.0,0.0,0.0,0.0,0.0,0.0,0.0,0.0
82388.45,0.9622165997185677,0.0,30525.0,37.0,0.14779999999883886,30.75,32.75,37.09000000000003,0.0,0.0,0.0,0.0,0.0,20.0,0.3,0.1,0.2,0.1,0.4,0.1,0.1,0.1,0.5,0.0,65535.0,0.20059510185397117,0.0,65535.0,0.09790188448920424,0.0,0.0,0.0,0.0,0.0,0.0,0.0,0.0,0.0,0.0
82448.52,0.9496213383025667,0.0,30525.0,37.0,0.11859999999884693,30.875,32.75,36.870000000000005,0.0,0.0,0.0,0.0,0.0,20.0,0.3,0.1,0.2,0.1,0.4,0.1,0.1,0.1,0.5,0.0,65535.0,0.20039673456931412,0.0,65535.0,0.09869535362783245,0.0,0.0,0.0,0.0,0.0,0.0,0.0,0.0,0.0,0.0
82508.6,0.9539913965843397,0.0,30525.0,37.0,0.12209999999884119,30.75,32.8125,37.01000000000005,0.0,0.0,0.0,0.0,0.0,20.0,0.3,0.1,0.2,0.1,0.4,0.1,0.1,0.1,0.5,0.0,65535.0,0.19978637369344626,0.0,65535.0,0.09895475700007629,0.0,0.0,0.0,0.0,0.0,0.0,0.0,0.0,0.0,0.0
82568.65,0.9582761638970314,0.0,30525.0,37.0,0.1329999999988455,31.0,32.8125,36.870000000000005,0.0,0.0,0.0,0.0,0.0,20.0,0.3,0.1,0.2,0.1,0.4,0.1,0.1,0.1,0.5,0.0,65535.0,0.20158693827725643,0.0,65535.0,0.09878690775921263,0.0,0.0,0.0,0.0,0.0,0.0,0.0,0.0,0.0,0.0
82628.74,0.9824651059545336,0.0,30525.0,37.0,0.1332999999988452,30.75,32.75,36.89000000000004,0.0,0.0,0.0,0.0,0.0,20.0,0.3,0.1,0.2,0.1,0.4,0.1,0.1,0.1,0.5,0.0,65535.0,0.20115968566414894,0.0,65535.0,0.09887846189059281,0.0,0.0,0.0,0.0,0.0,0.0,0.0,0.0,0.0,0.0
82688.81,0.9550399864355628,0.0,30525.0,37.0,0.12509999999883928,30.6875,32.75,36.89000000000004,0.0,0.0,0.0,0.0,0.0,20.0,0.3,0.1,0.2,0.1,0.4,0.1,0.1,0.1,0.5,0.0,65535.0,0.2004730296787976,0.0,65535.0,0.09909208819714656,0.0,0.0,0.0,0.0,0.0,0.0,0.0,0.0,0.0,0.0
82748.88,0.9478087334410306,0.0,30525.0,37.0,0.17419999999883554,30.75,32.6875,37.03000000000003,0.0,0.0,0.0,0.0,0.0,20.0,0.3,0.1,0.2,0.1,0.4,0.1,0.1,0.1,0.5,0.0,65535.0,0.20331120775158312,0.0,65535.0,0.09961089494163425,0.0,0.0,0.0,0.0,0.0,0.0,0.0,0.0,0.0,0.0
82808.96,0.9626131714804447,0.0,30525.0,37.0,0.17509999999883472,30.875,32.75,36.79000000000002,0.0,0.0,0.0,0.0,0.0,20.0,0.3,0.1,0.2,0.1,0.4,0.1,0.1,0.1,0.5,0.0,65535.0,0.2017700465400168,0.0,65535.0,0.09906157015335317,0.0,0.0,0.0,0.0,0.0,0.0,0.0,0.0,0.0,0.0
82869.05,0.9652265431815868,0.0,30525.0,37.0,0.16359999999884345,30.75,32.75,36.89000000000004,0.0,0.0,0.0,0.0,0.0,20.0,0.3,0.1,0.2,0.1,0.4,0.1,0.1,0.1,0.5,0.0,65535.0,0.20334172579537652,0.0,65535.0,0.10009918364232853,0.0,0.0,0.0,0.0,0.0,0.0,0.0,0.0,0.0,0.0
82929.12,0.9377039774991043,0.0,30525.0,37.0,0.08179999999883,30.75,32.75,36.81,0.0,0.0,0.0,0.0,0.0,20.0,0.3,0.1,0.2,0.1,0.4,0.1,0.1,0.1,0.5,0.0,65535.0,0.2012664988174258,0.0,65535.0,0.09912260624093995,0.0,0.0,0.0,0.0,0.0,0.0,0.0,0.0,0.0,0.0
82989.16,0.950515394512218,0.0,30525.0,37.0,0.1750999999988321,30.8125,32.75,36.89000000000004,0.0,0.0,0.0,0.0,0.0,20.0,0.3,0.1,0.2,0.1,0.4,0.1,0.1,0.1,0.5,0.0,65535.0,0.20152590218966965,0.0,65535.0,0.09945830472266727,0.0,0.0,0.0,0.0,0.0,0.0,0.0,0.0,0.0,0.0
83049.2,0.9586014477148624,0.0,30525.0,37.0,0.14449999999882981,30.75,32.75,37.01000000000005,0.0,0.0,0.0,0.0,0.0,20.0,0.3,0.1,0.2,0.1,0.4,0.1,0.1,0.1,0.5,0.0,65535.0,0.20396734569314107,0.0,65535.0,0.09996185244525826,0.0,0.0,0.0,0.0,0.0,0.0,0.0,0.0,0.0,0.0
83109.23,0.9577449470545125,0.0,30525.0,37.0,0.1332999999988383,30.75,32.8125,36.89000000000004,0.0,0.0,0.0,0.0,0.0,20.0,0.3,0.1,0.2,0.1,0.4,0.1,0.1,0.1,0.5,0.0,65535.0,0.20164797436484322,0.0,65535.0,0.09964141298542764,0.0,0.0,0.0,0.0,0.0,0.0,0.0,0.0,0.0,0.0
83169.27,0.9729747497629776,0.0,30525.0,37.0,0.17979999999883947,30.875,32.6875,36.870000000000005,0.0,0.0,0.0,0.0,0.0,20.0,0.3,0.1,0.2,0.1,0.4,0.1,0.1,0.1,0.5,0.0,65535.0,0.2012970168612192,0.0,65535.0,0.10002288853284505,0.0,0.0,0.0,0.0,0.0,0.0,0.0,0.0,0.0,0.0
83229.37,0.971596493574678,0.0,30525.0,37.0,0.13979999999883236,30.875,32.8125,36.89000000000004,0.0,0.0,0.0,0.0,0.0,20.0,0.3,0.1,0.2,0.1,0.4,0.1,0.1,0.1,0.5,0.0,65535.0,0.20178530556191349,0.0,65535.0,0.09991607537956818,0.0,0.0,0.0,0.0,0.0,0.0,0.0,0.0,0.0,0.0
83289.47,0.9809420960034344,0.0,30525.0,37.0,0.11969999999883044,30.9375,32.75,36.79000000000002,0.0,0.0,0.0,0.0,0.0,20.0,0.3,0.1,0.2,0.1,0.4,0.1,0.1,0.1,0.5,0.0,65535.0,0.20103761348897536,0.0,65535.0,0.09965667200732434,0.0,0.0,0.0,0.0,0.0,0.0,0.0,0.0,0.0,0.0
83349.56,0.9727832976126018,0.0,30525.0,37.0,0.13999999999882534,30.9375,32.8125,37.01000000000005,0.0,0.0,0.0,0.0,0.0,20.0,0.3,0.1,0.2,0.1,0.4,0.1,0.1,0.1,0.5,0.0,65535.0,0.20230411230640116,0.0,65535.0,0.10038910505836576,0.0,0.0,0.0,0.0,0.0,0.0,0.0,0.0,0.0,0.0
83409.67,0.983612004765871,0.0,30525.0,37.0,0.16179999999883476,30.9375,32.8125,36.81,0.0,0.0,0.0,0.0,0.0,20.0,0.3,0.1,0.2,0.1,0.4,0.1,0.1,0.1,0.5,0.0,65535.0,0.20250247959105822,0.0,65535.0,0.10002288853284505,0.0,0.0,0.0,0.0,0.0,0.0,0.0,0.0,0.0,0.0
83469.75,0.9716192912683881,0.0,30525.0,37.0,0.16149999999883416,31.125,32.8125,36.81,0.0,0.0,0.0,0.0,0.0,20.0,0.3,0.1,0.2,0.1,0.4,0.1,0.1,0.1,0.5,0.0,65535.0,0.2025482566567483,0.0,65535.0,0.10086213473716335,0.0,0.0,0.0,0.0,0.0,0.0,0.0,0.0,0.0,0.0
83529.84,0.9830109672361119,0.0,30525.0,37.0,0.14119999999882252,30.875,32.8125,36.93000000000001,0.0,0.0,0.0,0.0,0.0,20.0,0.3,0.1,0.2,0.1,0.4,0.1,0.1,0.1,0.5,0.0,65535.0,0.2025787747005417,0.0,65535.0,0.10081635767147326,0.0,0.0,0.0,0.0,0.0,0.0,0.0,0.0,0.0,0.0
83589.95,0.9795890013132738,0.0,30525.0,37.0,0.1968999999988338,31.0,32.8125,36.93000000000001,0.0,0.0,0.0,0.0,0.0,20.0,0.3,0.1,0.2,0.1,0.4,0.1,0.1,0.1,0.5,0.0,65535.0,0.20366216525520714,0.0,65535.0,0.1010452429999237,0.0,0.0,0.0,0.0,0.0,0.0,0.0,0.0,0.0,0.0
83650.02,0.9749222694340207,0.0,30525.0,37.0,0.11889999999883027,31.0625,32.75,37.03000000000003,0.0,0.0,0.0,0.0,0.0,20.0,0.3,0.1,0.2,0.1,0.4,0.1,0.1,0.1,0.5,0.0,65535.0,0.20328068970778973,0.0,65535.0,0.10005340657663844,0.0,0.0,0.0,0.0,0.0,0.0,0.0,0.0,0.0,0.0
83710.1,0.9800466162243504,0.0,30525.0,37.0,0.12089999999882503,30.9375,32.8125,37.01000000000005,0.0,0.0,0.0,0.0,0.0,20.0,0.3,0.1,0.2,0.1,0.4,0.1,0.1,0.1,0.5,0.0,65535.0,0.20195315480277715,0.0,65535.0,0.10081635767147326,0.0,0.0,0.0,0.0,0.0,0.0,0.0,0.0,0.0,0.0
83770.2,0.9775764696806213,0.0,30525.0,37.0,0.16059999999883068,31.0,32.8125,36.870000000000005,0.0,0.0,0.0,0.0,0.0,20.0,0.3,0.1,0.2,0.1,0.4,0.1,0.1,0.1,0.5,0.0,65535.0,0.20396734569314107,0.0,65535.0,0.10055695429922942,0.0,0.0,0.0,0.0,0.0,0.0,0.0,0.0,0.0,0.0
83830.29,0.9873358899808269,0.0,30525.0,37.0,0.16239999999882987,30.75,32.8125,36.93000000000001,0.0,0.0,0.0,0.0,0.0,20.0,0.3,0.1,0.2,0.1,0.4,0.1,0.1,0.1,0.5,0.0,65535.0,0.20271610589761196,0.0,65535.0,0.10124361028458076,0.0,0.0,0.0,0.0,0.0,0.0,0.0,0.0,0.0,0.0
83890.38,0.9914699265692998,0.0,30525.0,37.0,0.17479999999881943,30.875,32.8125,36.89000000000004,0.0,0.0,0.0,0.0,0.0,20.0,0.3,0.1,0.2,0.1,0.4,0.1,0.1,0.1,0.5,0.0,65535.0,0.2034637979705501,0.0,65535.0,0.10043488212405585,0.0,0.0,0.0,0.0,0.0,0.0,0.0,0.0,0.0,0.0
83950.5,0.9550725343035389,0.0,30525.0,37.0,0.14419999999881714,30.8125,32.8125,36.89000000000004,0.0,0.0,0.0,0.0,0.0,20.0,0.3,0.1,0.2,0.1,0.4,0.1,0.1,0.1,0.5,0.0,65535.0,0.20205996795605402,0.0,65535.0,0.10012970168612192,0.0,0.0,0.0,0.0,0.0,0.0,0.0,0.0,0.0,0.0
84010.6,0.982894196695217,0.0,30525.0,37.0,0.162699999998827,30.8125,32.875,37.01000000000005,0.0,0.0,0.0,0.0,0.0,20.0,0.3,0.1,0.2,0.1,0.4,0.1,0.1,0.1,0.5,0.0,65535.0,0.20238040741588464,0.0,65535.0,0.10128938735027085,0.0,0.0,0.0,0.0,0.0,0.0,0.0,0.0,0.0,0.0
84070.7,0.9592159871331762,0.0,30525.0,37.0,0.13709999999882017,31.0625,32.8125,37.01000000000005,0.0,0.0,0.0,0.0,0.0,20.0,0.3,0.1,0.2,0.1,0.4,0.1,0.1,0.1,0.5,0.0,65535.0,0.2038605325398642,0.0,65535.0,0.10090791180285344,0.0,0.0,0.0,0.0,0.0,0.0,0.0,0.0,0.0,0.0
84130.74,0.9752947616801072,0.0,30525.0,37.0,0.1349999999988195,31.0,32.8125,37.05000000000001,0.0,0.0,0.0,0.0,0.0,20.0,0.3,0.1,0.2,0.1,0.4,0.1,0.1,0.1,0.5,0.0,65535.0,0.20404364080262455,0.0,65535.0,0.10138094148165103,0.0,0.0,0.0,0.0,0.0,0.0,0.0,0.0,0.0,0.0
84190.81,0.9850427383034603,0.0,30525.0,37.0,0.1829999999988202,30.9375,32.875,36.93000000000001,0.0,0.0,0.0,0.0,0.0,20.0,0.3,0.1,0.2,0.1,0.4,0.1,0.1,0.1,0.5,0.0,65535.0,0.2034485389486534,0.0,65535.0,0.1010452429999237,0.0,0.0,0.0,0.0,0.0,0.0,0.0,0.0,0.0,0.0
84250.87,1.0024141802424809,0.0,30525.0,37.0,0.1591999999988134,30.8125,32.875,37.13000000000005,0.0,0.0,0.0,0.0,0.0,20.0,0.3,0.1,0.2,0.1,0.4,0.1,0.1,0.1,0.5,0.0,65535.0,0.20317387655451286,0.0,65535.0,0.10083161669336996,0.0,0.0,0.0,0.0,0.0,0.0,0.0,0.0,0.0,0.0
84310.9,0.9840219773115287,0.0,30525.0,37.0,0.13089999999882151,30.8125,32.875,36.950000000000045,0.0,0.0,0.0,0.0,0.0,20.0,0.3,0.1,0.2,0.1,0.4,0.1,0.1,0.1,0.5,0.0,65535.0,0.20277714198519875,0.0,65535.0,0.10159456778820478,0.0,0.0,0.0,0.0,0.0,0.0,0.0,0.0,0.0,0.0
84370.94,0.9889329019503268,0.0,30525.0,37.0,0.15209999999881643,30.75,32.875,37.01000000000005,0.0,0.0,0.0,0.0,0.0,20.0,0.3,0.1,0.2,0.1,0.4,0.1,0.1,0.1,0.5,0.0,65535.0,0.20402838178072785,0.0,65535.0,0.10130464637216754,0.0,0.0,0.0,0.0,0.0,0.0,0.0,0.0,0.0,0.0
84431.0,0.9729456952580567,0.0,30525.0,37.0,0.16179999999882094,30.875,32.875,36.950000000000045,0.0,0.0,0.0,0.0,0.0,20.0,0.3,0.1,0.2,0.1,0.4,0.1,0.1,0.1,0.5,0.0,65535.0,0.20323491264209964,0.0,65535.0,0.1014724956130312,0.0,0.0,0.0,0.0,0.0,0.0,0.0,0.0,0.0,0.0
84491.07,0.9889271084247295,0.0,30525.0,37.0,0.19949999999881676,30.875,32.875,36.93000000000001,0.0,0.0,0.0,0.0,0.0,20.0,0.3,0.1,0.2,0.1,0.4,0.1,0.1,0.1,0.5,0.0,65535.0,0.20483710994125276,0.0,65535.0,0.10115205615320058,0.0,0.0,0.0,0.0,0.0,0.0,0.0,0.0,0.0,0.0
84551.13,0.9909279653867835,0.0,30525.0,37.0,0.13239999999881838,30.8125,32.8125,36.950000000000045,0.0,0.0,0.0,0.0,0.0,20.0,0.3,0.1,0.2,0.1,0.4,0.1,0.1,0.1,0.5,0.0,65535.0,0.2054932478828107,0.0,65535.0,0.10156404974441138,0.0,0.0,0.0,0.0,0.0,0.0,0.0,0.0,0.0,0.0
84611.22,1.0209654227908433,0.0,30525.0,37.0,0.17119999999880894,30.9375,32.8125,37.01000000000005,0.0,0.0,0.0,0.0,0.0,20.0,0.3,0.1,0.2,0.1,0.4,0.1,0.1,0.1,0.5,0.0,65535.0,0.20520332646677347,0.0,65535.0,0.10226596475165942,0.0,0.0,0.0,0.0,0.0,0.0,0.0,0.0,0.0,0.0
84671.26,0.9945535188025754,0.0,30525.0,37.0,0.09199999999880479,30.8125,32.8125,36.93000000000001,0.0,0.0,0.0,0.0,0.0,20.0,0.3,0.1,0.2,0.1,0.4,0.1,0.1,0.1,0.5,0.0,65535.0,0.204623483634699,0.0,65535.0,0.10197604333562219,0.0,0.0,0.0,0.0,0.0,0.0,0.0,0.0,0.0,0.0
84731.34,0.9919654659078971,0.0,30525.0,37.0,0.17879999999881196,30.875,32.8125,36.93000000000001,0.0,0.0,0.0,0.0,0.0,20.0,0.3,0.1,0.2,0.1,0.4,0.1,0.1,0.1,0.5,0.0,65535.0,0.20370794232089723,0.0,65535.0,0.1023575188830396,0.0,0.0,0.0,0.0,0.0,0.0,0.0,0.0,0.0,0.0
84791.46,0.9910149555258974,0.0,30525.0,37.0,0.1711999999988055,30.8125,32.875,36.710000000000036,0.0,0.0,0.0,0.0,0.0,20.0,0.3,0.1,0.2,0.1,0.4,0.1,0.1,0.1,0.5,0.0,65535.0,0.20485236896314946,0.0,65535.0,0.10159456778820478,0.0,0.0,0.0,0.0,0.0,0.0,0.0,0.0,0.0,0.0
84851.53,0.9759372963181451,0.0,30525.0,37.0,0.15679999999880354,30.75,32.875,36.85000000000002,0.0,0.0,0.0,0.0,0.0,20.0,0.3,0.1,0.2,0.1,0.4,0.1,0.1,0.1,0.5,0.0,65535.0,0.20369268329900053,0.0,65535.0,0.10164034485389487,0.0,0.0,0.0,0.0,0.0,0.0,0.0,0.0,0.0,0.0
84911.59,0.9823022156564764,0.0,30525.0,37.0,0.15739999999880214,30.875,32.8125,36.93000000000001,0.0,0.0,0.0,0.0,0.0,20.0,0.3,0.1,0.2,0.1,0.4,0.1,0.1,0.1,0.5,0.0,65535.0,0.20517280842298008,0.0,65535.0,0.10183871213855192,0.0,0.0,0.0,0.0,0.0,0.0,0.0,0.0,0.0,0.0
84971.67,0.9866535139220798,0.0,30525.0,37.0,0.17239999999880185,30.8125,32.8125,37.01000000000005,0.0,0.0,0.0,0.0,0.0,20.0,0.3,0.1,0.2,0.1,0.4,0.1,0.1,0.1,0.5,0.0,65535.0,0.20766002899214162,0.0,65535.0,0.10270847638666361,0.0,0.0,0.0,0.0,0.0,0.0,0.0,0.0,0.0,0.0
85031.76,1.0017545716614555,0.0,30525.0,37.0,0.11619999999880862,30.75,32.875,36.97000000000003,0.0,0.0,0.0,0.0,0.0,20.0,0.3,0.1,0.2,0.1,0.4,0.1,0.1,0.1,0.5,0.0,65535.0,0.20563057907988097,0.0,65535.0,0.10240329594872968,0.0,0.0,0.0,0.0,0.0,0.0,0.0,0.0,0.0,0.0
85091.83,0.986482162323029,0.0,30525.0,37.0,0.1561999999987998,31.0625,32.875,36.81,0.0,0.0,0.0,0.0,0.0,20.0,0.3,0.1,0.2,0.1,0.4,0.1,0.1,0.1,0.5,0.0,65535.0,0.20643930724040588,0.0,65535.0,0.1027542534523537,0.0,0.0,0.0,0.0,0.0,0.0,0.0,0.0,0.0,0.0
85151.88,0.9842942369784604,0.0,30525.0,37.0,0.14149999999879811,30.8125,32.8125,36.85000000000002,0.0,0.0,0.0,0.0,0.0,20.0,0.3,0.1,0.2,0.1,0.4,0.1,0.1,0.1,0.5,0.0,65535.0,0.20497444113832303,0.0,65535.0,0.10237277790493629,0.0,0.0,0.0,0.0,0.0,0.0,0.0,0.0,0.0,0.0
85211.94,0.9917539357383396,0.0,30525.0,37.0,0.1967999999988038,30.8125,32.8125,36.85000000000002,0.0,0.0,0.0,0.0,0.0,20.0,0.3,0.1,0.2,0.1,0.4,0.1,0.1,0.1,0.5,0.0,65535.0,0.2063477531090257,0.0,65535.0,0.10266269932097352,0.0,0.0,0.0,0.0,0.0,0.0,0.0,0.0,0.0,0.0
85272.01,1.0068915878482267,0.0,30525.0,37.0,0.19389999999880814,30.875,32.875,36.73000000000002,0.0,0.0,0.0,0.0,0.0,20.0,0.3,0.1,0.2,0.1,0.4,0.1,0.1,0.1,0.5,0.0,65535.0,0.20654612039368275,0.0,65535.0,0.10264744029907683,0.0,0.0,0.0,0.0,0.0,0.0,0.0,0.0,0.0,0.0
85332.05,0.9957549737733675,0.0,30525.0,37.0,0.1311999999988049,30.875,32.8125,37.03000000000003,0.0,0.0,0.0,0.0,0.0,20.0,0.3,0.1,0.2,0.1,0.4,0.1,0.1,0.1,0.5,0.0,65535.0,0.20662241550316623,0.0,65535.0,0.10266269932097352,0.0,0.0,0.0,0.0,0.0,0.0,0.0,0.0,0.0,0.0
85392.12,1.0133861749093853,0.0,30525.0,37.0,0.1520999999988001,30.8125,32.875,37.01000000000005,0.0,0.0,0.0,0.0,0.0,20.0,0.3,0.1,0.2,0.1,0.4,0.1,0.1,0.1,0.5,0.0,65535.0,0.20531013962005035,0.0,65535.0,0.10283054856183718,0.0,0.0,0.0,0.0,0.0,0.0,0.0,0.0,0.0,0.0
85452.18,0.9881981196770866,0.0,30525.0,37.0,0.1399999999987935,30.875,32.875,36.950000000000045,0.0,0.0,0.0,0.0,0.0,20.0,0.3,0.1,0.2,0.1,0.4,0.1,0.1,0.1,0.5,0.0,65535.0,0.20581368734264133,0.0,65535.0,0.10244907301441977,0.0,0.0,0.0,0.0,0.0,0.0,0.0,0.0,0.0,0.0
85512.25,1.0095895993679136,0.0,30525.0,37.0,0.148799999998798,30.8125,32.8125,36.950000000000045,0.0,0.0,0.0,0.0,0.0,20.0,0.3,0.1,0.2,0.1,0.4,0.1,0.1,0.1,0.5,0.0,65535.0,0.2055237659266041,0.0,65535.0,0.10339513237201495,0.0,0.0,0.0,0.0,0.0,0.0,0.0,0.0,0.0,0.0
85572.32,0.9772672125857068,0.0,30525.0,37.0,0.19619999999879922,30.75,32.8125,36.89000000000004,0.0,0.0,0.0,0.0,0.0,20.0,0.3,0.1,0.2,0.1,0.4,0.1,0.1,0.1,0.5,0.0,65535.0,0.20642404821850918,0.0,65535.0,0.10264744029907683,0.0,0.0,0.0,0.0,0.0,0.0,0.0,0.0,0.0,0.0
85632.38,0.9816744750515658,0.0,30525.0,37.0,0.1514999999987964,30.75,32.875,36.870000000000005,0.0,0.0,0.0,0.0,0.0,20.0,0.3,0.1,0.2,0.1,0.4,0.1,0.1,0.1,0.5,0.0,65535.0,0.2080872816052491,0.0,65535.0,0.10333409628442816,0.0,0.0,0.0,0.0,0.0,0.0,0.0,0.0,0.0,0.0
85692.42,1.0025644145808252,0.0,30525.0,37.0,0.13589999999879468,30.8125,32.8125,37.01000000000005,0.0,0.0,0.0,0.0,0.0,20.0,0.3,0.1,0.2,0.1,0.4,0.1,0.1,0.1,0.5,0.0,65535.0,0.20556954299229419,0.0,65535.0,0.1031967650873579,0.0,0.0,0.0,0.0,0.0,0.0,0.0,0.0,0.0,0.0
85752.46,0.9966781829066143,0.0,30525.0,37.0,0.17619999999880065,30.8125,32.875,37.03000000000003,0.0,0.0,0.0,0.0,0.0,20.0,0.3,0.1,0.2,0.1,0.4,0.1,0.1,0.1,0.5,0.0,65535.0,0.20711070420386055,0.0,65535.0,0.10293736171511406,0.0,0.0,0.0,0.0,0.0,0.0,0.0,0.0,0.0,0.0
85812.54,1.0269025930716735,0.0,30525.0,37.0,0.15149999999879385,30.75,32.875,36.97000000000003,0.0,0.0,0.0,0.0,0.0,20.0,0.3,0.1,0.2,0.1,0.4,0.1,0.1,0.1,0.5,0.0,65535.0,0.2068207827878233,0.0,65535.0,0.10286106660563057,0.0,0.0,0.0,0.0,0.0,0.0,0.0,0.0,0.0,0.0
85872.62,0.987004369642318,0.0,30525.0,37.0,0.13939999999878724,30.8125,32.8125,37.03000000000003,0.0,0.0,0.0,0.0,0.0,20.0,0.3,0.1,0.2,0.1,0.4,0.1,0.1,0.1,0.5,0.0,65535.0,0.20845349813076983,0.0,65535.0,0.10322728313115129,0.0,0.0,0.0,0.0,0.0,0.0,0.0,0.0,0.0,0.0
85932.65,1.007370702136026,0.0,30525.0,37.0,0.15059999999879126,30.75,32.875,36.93000000000001,0.0,0.0,0.0,0.0,0.0,20.0,0.3,0.1,0.2,0.1,0.4,0.1,0.1,0.1,0.5,0.0,65535.0,0.20628671702143891,0.0,65535.0,0.10307469291218432,0.0,0.0,0.0,0.0,0.0,0.0,0.0,0.0,0.0,0.0
85992.73,0.9776249926379428,0.0,30525.0,37.0,0.18329999999879165,30.8125,32.875,36.85000000000002,0.0,0.0,0.0,0.0,0.0,20.0,0.3,0.1,0.2,0.1,0.4,0.1,0.1,0.1,0.5,0.0,65535.0,0.20759899290455483,0.0,65535.0,0.10334935530632486,0.0,0.0,0.0,0.0,0.0,0.0,0.0,0.0,0.0,0.0
86052.82,1.0244432071651877,0.0,30525.0,37.0,0.1729999999987851,30.75,32.875,36.97000000000003,0.0,0.0,0.0,0.0,0.0,20.0,0.3,0.1,0.2,0.1,0.4,0.1,0.1,0.1,0.5,0.0,65535.0,0.2085145342183566,0.0,65535.0,0.10386816205081255,0.0,0.0,0.0,0.0,0.0,0.0,0.0,0.0,0.0,0.0
86112.9,1.0148957060749284,0.0,30525.0,37.0,0.13269999999879248,30.9375,32.8125,36.97000000000003,0.0,0.0,0.0,0.0,0.0,20.0,0.3,0.1,0.2,0.1,0.4,0.1,0.1,0.1,0.5,0.0,65535.0,0.2085908293278401,0.0,65535.0,0.10351720454718853,0.0,0.0,0.0,0.0,0.0,0.0,0.0,0.0,0.0,0.0
86172.95,0.9769207958578312,0.0,30525.0,37.0,0.15149999999878788,30.875,32.875,36.870000000000005,0.0,0.0,0.0,0.0,0.0,20.0,0.3,0.1,0.2,0.1,0.4,0.1,0.1,0.1,0.5,0.0,65535.0,0.20848401617456322,0.0,65535.0,0.10443274586099031,0.0,0.0,0.0,0.0,0.0,0.0,0.0,0.0,0.0,0.0
86233.03,1.0049167980172584,0.0,30525.0,37.0,0.1375999999987812,30.9375,32.8125,36.950000000000045,0.0,0.0,0.0,0.0,0.0,20.0,0.3,0.1,0.2,0.1,0.4,0.1,0.1,0.1,0.5,0.0,65535.0,0.20787365529869536,0.0,65535.0,0.10337987335011825,0.0,0.0,0.0,0.0,0.0,0.0,0.0,0.0,0.0,0.0
86293.08,1.009695271067911,0.0,30525.0,37.0,0.12729999999878971,30.9375,32.875,36.870000000000005,0.0,0.0,0.0,0.0,0.0,20.0,0.3,0.1,0.2,0.1,0.4,0.1,0.1,0.1,0.5,0.0,65535.0,0.20906385900663768,0.0,65535.0,0.10457007705806058,0.0,0.0,0.0,0.0,0.0,0.0,0.0,0.0,0.0,0.0
86353.14,1.007893234612727,0.0,30525.0,37.0,0.17529999999879123,30.75,32.8125,36.89000000000004,0.0,0.0,0.0,0.0,0.0,20.0,0.3,0.1,0.2,0.1,0.4,0.1,0.1,0.1,0.5,0.0,65535.0,0.20923170824750134,0.0,65535.0,0.10527199206530861,0.0,0.0,0.0,0.0,0.0,0.0,0.0,0.0,0.0,0.0
86413.18,0.9877030615425211,0.0,30525.0,37.0,0.13559999999878383,30.6875,32.8125,36.93000000000001,0.0,0.0,0.0,0.0,0.0,20.0,0.3,0.1,0.2,0.1,0.4,0.1,0.1,0.1,0.5,0.0,65535.0,0.20952162966353857,0.0,65535.0,0.10402075226977951,0.0,0.0,0.0,0.0,0.0,0.0,0.0,0.0,0.0,0.0
86473.23,1.0251951470280332,0.0,30525.0,37.0,0.1517999999987833,30.6875,32.8125,36.85000000000002,0.0,0.0,0.0,0.0,0.0,20.0,0.3,0.1,0.2,0.1,0.4,0.1,0.1,0.1,0.5,0.0,65535.0,0.2081483176928359,0.0,65535.0,0.10418860151064317,0.0,0.0,0.0,0.0,0.0,0.0,0.0,0.0,0.0,0.0
86533.31,1.011382036592462,0.0,30525.0,37.0,0.11029999999877585,30.8125,32.875,36.950000000000045,0.0,0.0,0.0,0.0,0.0,20.0,0.3,0.1,0.2,0.1,0.4,0.1,0.1,0.1,0.5,0.0,65535.0,0.20840772106507974,0.0,65535.0,0.10435645075150683,0.0,0.0,0.0,0.0,0.0,0.0,0.0,0.0,0.0,0.0
86593.39,1.0253024145300087,0.0,30525.0,37.0,0.17799999999878702,30.6875,32.8125,36.870000000000005,0.0,0.0046,0.25,0.0,0.0,20.0,0.3,0.1,0.2,0.1,0.4,0.1,0.1,0.1,0.5,0.0,65535.0,0.20781261921110858,0.0,65535.0,0.10443274586099031,0.0,0.0,0.0,0.0,0.0,0.0,0.0,0.0,0.0,0.0
86653.47,0.9965100910065527,0.0,30525.0,37.0,0.20839999999877784,30.625,32.8125,36.47000000000003,0.0,0.0,0.0,0.0,0.0,20.0,0.3,0.1,0.2,0.1,0.4,0.1,0.1,0.1,0.5,0.0,65535.0,0.2029297322041657,0.0,65535.0,0.10121309224078737,0.0,0.0,0.0,0.0,0.0,0.0,0.0,0.0,0.0,0.0
86713.52,0.9591025430798543,0.0,30525.0,37.0,0.1643999999987795,30.625,32.8125,36.870000000000005,0.0,0.0,0.0,0.0,0.0,20.0,0.3,0.1,0.2,0.1,0.4,0.1,0.1,0.1,0.5,0.0,65535.0,0.2021820401312276,0.0,65535.0,0.10113679713130388,0.0,0.0,0.0,0.0,0.0,0.0,0.0,0.0,0.0,0.0
86773.6,0.989682694200086,0.0,30525.0,37.0,0.17119999999877414,30.8125,32.875,36.85000000000002,0.0,0.0,0.0,0.0,0.0,20.0,0.3,0.1,0.2,0.1,0.4,0.1,0.1,0.1,0.5,0.0,65535.0,0.20372320134279392,0.0,65535.0,0.10135042343785763,0.0,0.0,0.0,0.0,0.0,0.0,0.0,0.0,0.0,0.0
86833.68,1.0022111597228323,0.0,30525.0,37.0,0.19679999999877928,30.8125,32.8125,36.85000000000002,0.0,0.0,0.0,0.0,0.0,20.0,0.3,0.1,0.2,0.1,0.4,0.1,0.1,0.1,0.5,0.0,65535.0,0.20459296559090562,0.0,65535.0,0.10199130235751888,0.0,0.0,0.0,0.0,0.0,0.0,0.0,0.0,0.0,0.0
86893.76,1.0061557337795868,0.0,30525.0,37.0,0.1640999999987772,30.875,32.8125,36.950000000000045,0.0,0.0,0.0,0.0,0.0,20.0,0.3,0.1,0.2,0.1,0.4,0.1,0.1,0.1,0.5,0.0,65535.0,0.20312809948882277,0.0,65535.0,0.10220492866407263,0.0,0.0,0.0,0.0,0.0,0.0,0.0,0.0,0.0,0.0
86953.8,0.9991351735535683,0.0,30525.0,37.0,0.14849999999877547,31.0,32.875,37.01000000000005,0.0,0.0,0.0,0.0,0.0,20.0,0.3,0.1,0.2,0.1,0.4,0.1,0.1,0.1,0.5,0.0,65535.0,0.2025787747005417,0.0,65535.0,0.10096894789044022,0.0,0.0,0.0,0.0,0.0,0.0,0.0,0.0,0.0,0.0
87013.88,0.9722562324108643,0.0,30525.0,37.0,0.18439999999877124,31.0625,32.8125,37.190000000000055,0.0,0.0,0.0,0.0,0.0,20.0,0.3,0.1,0.2,0.1,0.4,0.1,0.1,0.1,0.5,0.0,65535.0,0.2025787747005417,0.0,65535.0,0.10131990539406424,0.0,0.0,0.0,0.0,0.0,0.0,0.0,0.0,0.0,0.0
87073.95,0.974416014810716,0.0,30525.0,37.0,0.1204999999987674,30.875,32.875,36.870000000000005,0.0,0.0,0.0,0.0,0.0,20.0,0.3,0.1,0.2,0.1,0.4,0.1,0.1,0.1,0.5,0.0,65535.0,0.2029602502479591,0.0,65535.0,0.10160982681010147,0.0,0.0,0.0,0.0,0.0,0.0,0.0,0.0,0.0,0.0
87134.0,0.9791984592746191,0.0,30525.0,37.0,0.16079999999877254,30.8125,32.8125,36.950000000000045,0.0,0.0,0.0,0.0,0.0,20.0,0.3,0.1,0.2,0.1,0.4,0.1,0.1,0.1,0.5,0.0,65535.0,0.20280766002899214,0.0,65535.0,0.10167086289768826,0.0,0.0,0.0,0.0,0.0,0.0,0.0,0.0,0.0,0.0
87194.04,0.9731561309146558,0.0,30525.0,37.0,0.13989999999877564,30.75,32.8125,37.05000000000001,0.0,0.0,0.0,0.0,0.0,20.0,0.3,0.1,0.2,0.1,0.4,0.1,0.1,0.1,0.5,0.0,65535.0,0.20393682764934767,0.0,65535.0,0.10183871213855192,0.0,0.0,0.0,0.0,0.0,0.0,0.0,0.0,0.0,0.0
87254.09,0.998983209431702,0.0,30525.0,37.0,0.15839999999877047,30.75,32.8125,37.03000000000003,0.0,0.0,0.0,0.0,0.0,20.0,0.3,0.1,0.2,0.1,0.4,0.1,0.1,0.1,0.5,0.0,65535.0,0.20488288700694285,0.0,65535.0,0.10199130235751888,0.0,0.0,0.0,0.0,0.0,0.0,0.0,0.0,0.0,0.0
87314.21,0.9930977747689543,0.0,30525.0,37.0,0.13809999999877387,30.9375,32.8125,37.05000000000001,0.0,0.0,0.0,0.0,0.0,20.0,0.3,0.1,0.2,0.1,0.4,0.1,0.1,0.1,0.5,0.0,65535.0,0.20285343709468223,0.0,65535.0,0.10203707942320897,0.0,0.0,0.0,0.0,0.0,0.0,0.0,0.0,0.0,0.0
87374.3,0.9898503126203948,0.0,30525.0,37.0,0.1612999999987644,30.9375,32.875,36.89000000000004,0.0,0.0,0.0,0.0,0.0,20.0,0.3,0.1,0.2,0.1,0.4,0.1,0.1,0.1,0.5,0.0,65535.0,0.20442511635004196,0.0,65535.0,0.10247959105821317,0.0,0.0,0.0,0.0,0.0,0.0,0.0,0.0,0.0,0.0
87434.38,0.9851267359338025,0.0,30525.0,37.0,0.1541999999987683,30.875,32.8125,36.79000000000002,0.0,0.0,0.0,0.0,0.0,20.0,0.3,0.1,0.2,0.1,0.4,0.1,0.1,0.1,0.5,0.0,65535.0,0.20413519493400473,0.0,65535.0,0.1023422598611429,0.0,0.0,0.0,0.0,0.0,0.0,0.0,0.0,0.0,0.0
87494.42,1.008770484393567,0.0,30525.0,37.0,0.16479999999877284,31.0,32.8125,36.81,0.0,0.0,0.0,0.0,0.0,20.0,0.3,0.1,0.2,0.1,0.4,0.1,0.1,0.1,0.5,0.0,65535.0,0.20454718852521553,0.0,65535.0,0.10254062714579995,0.0,0.0,0.0,0.0,0.0,0.0,0.0,0.0,0.0,0.0
87554.49,0.9790449264395296,0.0,30525.0,37.0,0.16569999999877202,30.875,32.875,36.73000000000002,0.0,0.0,0.0,0.0,0.0,20.0,0.3,0.1,0.2,0.1,0.4,0.1,0.1,0.1,0.5,0.0,65535.0,0.20395208667124437,0.0,65535.0,0.10211337453269245,0.0,0.0,0.0,0.0,0.0,0.0,0.0,0.0,0.0,0.0
87614.56,0.9907001078801643,0.0,30525.0,37.0,0.11449999999875918,30.8125,32.875,36.950000000000045,0.0,0.0,0.0,0.0,0.0,20.0,0.3,0.1,0.2,0.1,0.4,0.1,0.1,0.1,0.5,0.0,65535.0,0.20410467689021133,0.0,65535.0,0.10281528953994049,0.0,0.0,0.0,0.0,0.0,0.0,0.0,0.0,0.0,0.0
87674.67,0.9858701557218092,0.0,30525.0,37.0,0.13299999999876908,30.875,32.8125,36.85000000000002,0.0,0.0,0.0,0.0,0.0,20.0,0.3,0.1,0.2,0.1,0.4,0.1,0.1,0.1,0.5,0.0,65535.0,0.20602731364919508,0.0,65535.0,0.10254062714579995,0.0,0.0,0.0,0.0,0.0,0.0,0.0,0.0,0.0,0.0
87734.77,1.0037659291461978,0.0,30525.0,37.0,0.14269999999875857,30.875,32.875,36.81,0.0,0.0,0.0,0.0,0.0,20.0,0.3,0.1,0.2,0.1,0.4,0.1,0.1,0.1,0.5,0.0,65535.0,0.20476081483176928,0.0,65535.0,0.10289158464942397,0.0,0.0,0.0,0.0,0.0,0.0,0.0,0.0,0.0,0.0
87794.83,1.0095234818201255,0.0,30525.0,37.0,0.1441999999987572,30.75,32.8125,36.81,0.0,0.0,0.0,0.0,0.0,20.0,0.3,0.1,0.2,0.1,0.4,0.1,0.1,0.1,0.5,0.0,65535.0,0.20445563439383535,0.0,65535.0,0.10307469291218432,0.0,0.0,0.0,0.0,0.0,0.0,0.0,0.0,0.0,0.0
87854.9,1.0331090505721727,0.0,30525.0,37.0,0.175699999998757,30.6875,32.8125,36.77000000000004,0.0,0.0,0.0,0.0,0.0,20.0,0.3,0.1,0.2,0.1,0.4,0.1,0.1,0.1,0.5,0.0,65535.0,0.20520332646677347,0.0,65535.0,0.10264744029907683,0.0,0.0,0.0,0.0,0.0,0.0,0.0,0.0,0.0,0.0
87914.97,1.0255106906400782,0.0,30525.0,37.0,0.12239999999875856,30.8125,32.875,37.09000000000003,0.0,0.0,0.0,0.0,0.0,20.0,0.3,0.1,0.2,0.1,0.4,0.1,0.1,0.1,0.5,0.0,65535.0,0.20564583810177767,0.0,65535.0,0.10290684367132066,0.0,0.0,0.0,0.0,0.0,0.0,0.0,0.0,0.0,0.0
87975.04,1.0092521937824657,0.0,30525.0,37.0,0.15389999999875917,30.875,32.875,37.03000000000003,0.0,0.0,0.0,0.0,0.0,20.0,0.3,0.1,0.2,0.1,0.4,0.1,0.1,0.1,0.5,0.0,65535.0,0.205981536583505,0.0,65535.0,0.10334935530632486,0.0,0.0,0.0,0.0,0.0,0.0,0.0,0.0,0.0,0.0
88035.12,1.0271179441257536,0.0,30525.0,37.0,0.1953999999987649,30.75,32.8125,36.89000000000004,0.0,0.0,0.0,0.0,0.0,20.0,0.3,0.1,0.2,0.1,0.4,0.1,0.1,0.1,0.5,0.0,65535.0,0.20433356221866178,0.0,65535.0,0.10337987335011825,0.0,0.0,0.0,0.0,0.0,0.0,0.0,0.0,0.0,0.0
88095.19,1.034586722464284,0.0,30525.0,37.0,0.15539999999875778,30.875,32.875,36.97000000000003,0.0,0.0,0.0,0.0,0.0,20.0,0.3,0.1,0.2,0.1,0.4,0.1,0.1,0.1,0.5,0.0,65535.0,0.20614938582436865,0.0,65535.0,0.10280003051804379,0.0,0.0,0.0,0.0,0.0,0.0,0.0,0.0,0.0,0.0
88155.27,0.9912273526746878,0.0,30525.0,37.0,0.1108999999987505,30.875,32.8125,36.89000000000004,0.0,0.0,0.0,0.0,0.0,20.0,0.3,0.1,0.2,0.1,0.4,0.1,0.1,0.1,0.5,0.0,65535.0,0.20585946440833142,0.0,65535.0,0.10301365682459754,0.0,0.0,0.0,0.0,0.0,0.0,0.0,0.0,0.0,0.0
88215.31,1.0429909258158587,0.0,30525.0,37.0,0.17769999999876165,30.875,32.8125,36.79000000000002,0.0,0.0,0.0,0.0,0.0,20.0,0.3,0.1,0.2,0.1,0.4,0.1,0.1,0.1,0.5,0.0,65535.0,0.2047150377660792,0.0,65535.0,0.10292210269321736,0.0,0.0,0.0,0.0,0.0,0.0,0.0,0.0,0.0,0.0
88275.37,0.9964724139162641,0.0,30525.0,37.0,0.18329999999875657,30.875,32.875,36.77000000000004,0.0,0.0,0.0,0.0,0.0,20.0,0.3,0.1,0.2,0.1,0.4,0.1,0.1,0.1,0.5,0.0,65535.0,0.20611886778057525,0.0,65535.0,0.10386816205081255,0.0,0.0,0.0,0.0,0.0,0.0,0.0,0.0,0.0,0.0
88335.45,1.0458468222892974,0.0,30525.0,37.0,0.15299999999875485,30.8125,32.8125,37.05000000000001,0.0,0.0,0.0,0.0,0.0,20.0,0.3,0.1,0.2,0.1,0.4,0.1,0.1,0.1,0.5,0.0,65535.0,0.20657663843747615,0.0,65535.0,0.10307469291218432,0.0,0.0,0.0,0.0,0.0,0.0,0.0,0.0,0.0,0.0
88395.52,1.0135151916218788,0.0,30525.0,37.0,0.1314999999987585,30.8125,32.875,36.85000000000002,0.0,0.0,0.0,0.0,0.0,20.0,0.3,0.1,0.2,0.1,0.4,0.1,0.1,0.1,0.5,0.0,65535.0,0.20560006103608758,0.0,65535.0,0.10342565041580834,0.0,0.0,0.0,0.0,0.0,0.0,0.0,0.0,0.0,0.0
88455.59,1.00560398293341,0.0,30525.0,37.0,0.21419999999875602,30.8125,32.875,36.870000000000005,0.0,0.0,0.0,0.0,0.0,20.0,0.3,0.1,0.2,0.1,0.4,0.1,0.1,0.1,0.5,0.0,65535.0,0.20611886778057525,0.0,65535.0,0.1036392767223621,0.0,0.0,0.0,0.0,0.0,0.0,0.0,0.0,0.0,0.0
88515.64,1.0344398887972641,0.0,30525.0,37.0,0.19749999999875956,30.9375,32.875,36.85000000000002,0.0,0.0,0.0,0.0,0.0,20.0,0.3,0.1,0.2,0.1,0.4,0.1,0.1,0.1,0.5,0.0,65535.0,0.20616464484626534,0.0,65535.0,0.10402075226977951,0.0,0.0,0.0,0.0,0.0,0.0,0.0,0.0,0.0,0.0
88575.72,1.022545857060074,0.0,30525.0,37.0,0.18839999999875362,30.875,32.8125,37.05000000000001,0.0,0.0,0.0,0.0,0.0,20.0,0.3,0.1,0.2,0.1,0.4,0.1,0.1,0.1,0.5,0.0,65535.0,0.20622568093385213,0.0,65535.0,0.10411230640115969,0.0,0.0,0.0,0.0,0.0,0.0,0.0,0.0,0.0,0.0
88635.81,1.0425172919417636,0.0,30525.0,37.0,0.14689999999874617,30.875,32.875,36.950000000000045,0.0,0.0,0.0,0.0,0.0,20.0,0.3,0.1,0.2,0.1,0.4,0.1,0.1,0.1,0.5,0.0,65535.0,0.20457770656900892,0.0,65535.0,0.10371557183184558,0.0,0.0,0.0,0.0,0.0,0.0,0.0,0.0,0.0,0.0
88695.87,1.0396066769783714,0.0,30525.0,37.0,0.16309999999874564,30.9375,32.875,36.950000000000045,0.0,0.0,0.0,0.0,0.0,20.0,0.3,0.1,0.2,0.1,0.4,0.1,0.1,0.1,0.5,0.0,65535.0,0.20563057907988097,0.0,65535.0,0.10385290302891585,0.0,0.0,0.0,0.0,0.0,0.0,0.0,0.0,0.0,0.0
88755.94,1.0200713837574868,0.0,30525.0,37.0,0.1129999999987426,30.8125,32.8125,36.93000000000001,0.0,0.0,0.0,0.0,0.0,20.0,0.3,0.1,0.2,0.1,0.4,0.1,0.1,0.1,0.5,0.0,65535.0,0.20544747081712061,0.0,65535.0,0.10411230640115969,0.0,0.0,0.0,0.0,0.0,0.0,0.0,0.0,0.0,0.0
88816.02,1.0207706515976254,0.0,30525.0,37.0,0.1341999999987526,30.75,32.875,36.950000000000045,0.0,0.0,0.0,0.0,0.0,20.0,0.3,0.1,0.2,0.1,0.4,0.1,0.1,0.1,0.5,0.0,65535.0,0.20643930724040588,0.0,65535.0,0.10373083085374228,0.0,0.0,0.0,0.0,0.0,0.0,0.0,0.0,0.0,0.0
88876.06,1.0407298207217726,0.0,30525.0,37.0,0.13559999999874706,30.8125,32.875,36.93000000000001,0.0,0.0,0.0,0.0,0.0,20.0,0.3,0.1,0.2,0.1,0.4,0.1,0.1,0.1,0.5,0.0,65535.0,0.20656137941557945,0.0,65535.0,0.10417334248874648,0.0,0.0,0.0,0.0,0.0,0.0,0.0,0.0,0.0,0.0
88936.1,1.00944858252734,0.0,30525.0,37.0,0.18239999999874798,30.9375,32.875,36.950000000000045,0.0,0.0,0.0,0.0,0.0,20.0,0.3,0.1,0.2,0.1,0.4,0.1,0.1,0.1,0.5,0.0,65535.0,0.207339589532311,0.0,65535.0,0.10432593270771344,0.0,0.0,0.0,0.0,0.0,0.0,0.0,0.0,0.0,0.0
88996.15,1.0641709090277447,0.0,30525.0,37.0,0.16449999999875173,30.875,32.875,36.93000000000001,0.0,0.0,0.0,0.0,0.0,20.0,0.3,0.1,0.2,0.1,0.4,0.1,0.1,0.1,0.5,0.0,65535.0,0.2063782711528191,0.0,65535.0,0.10467689021133746,0.0,0.0,0.0,0.0,0.0,0.0,0.0,0.0,0.0,0.0
89056.19,1.0215685371420977,0.0,30525.0,37.0,0.1594999999987412,30.875,32.875,37.110000000000014,0.0,0.0,0.0,0.0,0.0,20.0,0.3,0.1,0.2,0.1,0.4,0.1,0.1,0.1,0.5,0.0,65535.0,0.2085297932402533,0.0,65535.0,0.10482948043030442,0.0,0.0,0.0,0.0,0.0,0.0,0.0,0.0,0.0,0.0
89116.24,1.048023524685204,0.0,30525.0,37.0,0.15419999999874517,30.875,32.875,36.85000000000002,0.0,0.0,0.0,0.0,0.0,20.0,0.3,0.1,0.2,0.1,0.4,0.1,0.1,0.1,0.5,0.0,65535.0,0.20791943236438545,0.0,65535.0,0.10485999847409781,0.0,0.0,0.0,0.0,0.0,0.0,0.0,0.0,0.0,0.0
89176.32,1.042237151505912,0.0,30525.0,37.0,0.18929999999874594,30.875,32.875,36.97000000000003,0.0,0.0,0.0,0.0,0.0,20.0,0.3,0.1,0.2,0.1,0.4,0.1,0.1,0.1,0.5,0.0,65535.0,0.20650034332799266,0.0,65535.0,0.1048905165178912,0.0,0.0,0.0,0.0,0.0,0.0,0.0,0.0,0.0,0.0
89236.39,1.0436206275093538,0.0,30525.0,37.0,0.14749999999873878,30.8125,32.875,36.97000000000003,0.0,0.0,0.0,0.0,0.0,20.0,0.3,0.1,0.2,0.1,0.4,0.1,0.1,0.1,0.5,0.0,65535.0,0.20695811398489355,0.0,65535.0,0.10469214923323415,0.0,0.0,0.0,0.0,0.0,0.0,0.0,0.0,0.0,0.0
89296.47,1.0410392094407364,0.0,30525.0,37.0,0.17749999999873906,30.875,32.875,37.190000000000055,0.0,0.0,0.0,0.0,0.0,20.0,0.3,0.1,0.2,0.1,0.4,0.1,0.1,0.1,0.5,0.0,65535.0,0.20692759594110016,0.0,65535.0,0.10481422140840772,0.0,0.0,0.0,0.0,0.0,0.0,0.0,0.0,0.0,0.0
89356.57,1.0151224634223994,0.0,30525.0,37.0,0.04119999999874252,30.875,32.875,36.93000000000001,0.0,0.0,0.0,0.0,0.0,20.0,0.3,0.1,0.2,0.1,0.4,0.1,0.1,0.1,0.5,0.0,65535.0,0.20869764248111697,0.0,65535.0,0.10475318532082094,0.0,0.0,0.0,0.0,0.0,0.0,0.0,0.0,0.0,0.0
89416.62,1.0392149666399875,0.0,30525.0,37.0,0.17209999999873715,30.8125,32.875,36.93000000000001,0.0,0.0,0.0,0.0,0.0,20.0,0.3,0.1,0.2,0.1,0.4,0.1,0.1,0.1,0.5,0.0,65535.0,0.20885023270008393,0.0,65535.0,0.10650797283894102,0.0,0.0,0.0,0.0,0.0,0.0,0.0,0.0,0.0,0.0
89476.67,1.0467249532093112,0.0,30525.0,37.0,0.14119999999873514,30.875,32.875,36.81,0.0,0.0,0.0,0.0,0.0,20.0,0.3,0.1,0.2,0.1,0.4,0.1,0.1,0.1,0.5,0.0,65535.0,0.20888075074387732,0.0,65535.0,0.10508888380254826,0.0,0.0,0.0,0.0,0.0,0.0,0.0,0.0,0.0,0.0
89536.71,1.0335383188953553,0.0,30525.0,37.0,0.15359999999873977,30.875,32.875,36.77000000000004,0.0,0.0,0.0,0.0,0.0,20.0,0.3,0.1,0.2,0.1,0.4,0.1,0.1,0.1,0.5,0.0,65535.0,0.20872816052491036,0.0,65535.0,0.10507362478065156,0.0,0.0,0.0,0.0,0.0,0.0,0.0,0.0,0.0,0.0
89596.75,1.0562740795206291,0.0,30525.0,37.0,0.14209999999873346,30.9375,32.9375,36.97000000000003,0.0,0.0,0.0,0.0,0.0,20.0,0.3,0.1,0.2,0.1,0.4,0.1,0.1,0.1,0.5,0.0,65535.0,0.20799572747386894,0.0,65535.0,0.10518043793392844,0.0,0.0,0.0,0.0,0.0,0.0,0.0,0.0,0.0,0.0
89656.8,1.0504985972415013,0.0,30525.0,37.0,0.17829999999874402,30.8125,32.875,36.77000000000004,0.0,0.0,0.0,0.0,0.0,20.0,0.3,0.1,0.2,0.1,0.4,0.1,0.1,0.1,0.5,0.0,65535.0,0.20794995040817885,0.0,65535.0,0.10539406424048219,0.0,0.0,0.0,0.0,0.0,0.0,0.0,0.0,0.0,0.0
89716.86,1.0625501968294357,0.0,30525.0,37.0,0.15649999999873285,30.75,32.875,36.89000000000004,0.0,0.0,0.0,0.0,0.0,20.0,0.3,0.1,0.2,0.1,0.4,0.1,0.1,0.1,0.5,0.0,65535.0,0.2086060883497368,0.0,65535.0,0.1053177691309987,0.0,0.0,0.0,0.0,0.0,0.0,0.0,0.0,0.0,0.0
89776.93,1.0761956612858237,0.0,30525.0,37.0,0.13709999999873626,30.8125,32.875,37.01000000000005,0.0,0.0,0.0,0.0,0.0,20.0,0.3,0.1,0.2,0.1,0.4,0.1,0.1,0.1,0.5,0.0,65535.0,0.20965896086060884,0.0,65535.0,0.10521095597772183,0.0,0.0,0.0,0.0,0.0,0.0,0.0,0.0,0.0,0.0
89836.99,1.0618515829907718,0.0,30525.0,37.0,0.1723999999987317,31.0,32.9375,36.73000000000002,0.0,0.0,0.0,0.0,0.0,20.0,0.3,0.1,0.2,0.1,0.4,0.1,0.1,0.1,0.5,0.0,65535.0,0.20956740672922866,0.0,65535.0,0.10525673304341192,0.0,0.0,0.0,0.0,0.0,0.0,0.0,0.0,0.0,0.0
89897.05,1.0495204710300727,0.0,30525.0,37.0,0.14299999999872917,30.8125,32.9375,36.97000000000003,0.0,0.0,0.0,0.0,0.0,20.0,0.3,0.1,0.2,0.1,0.4,0.1,0.1,0.1,0.5,0.0,65535.0,0.20840772106507974,0.0,65535.0,0.10611123826962691,0.0,0.0,0.0,0.0,0.0,0.0,0.0,0.0,0.0,0.0
89957.12,1.0699423231918057,0.0,30525.0,37.0,0.17509999999872924,30.75,32.875,37.13000000000005,0.0,0.0,0.0,0.0,0.0,20.0,0.3,0.1,0.2,0.1,0.4,0.1,0.1,0.1,0.5,0.0,65535.0,0.20888075074387732,0.0,65535.0,0.10598916609445334,0.0,0.0,0.0,0.0,0.0,0.0,0.0,0.0,0.0,0.0
90017.18,1.049720683524264,0.0,30525.0,37.0,0.1588999999987272,30.8125,32.9375,36.93000000000001,0.0,0.0,0.0,0.0,0.0,20.0,0.3,0.1,0.2,0.1,0.4,0.1,0.1,0.1,0.5,0.0,65535.0,0.2085297932402533,0.0,65535.0,0.10585183489738308,0.0,0.0,0.0,0.0,0.0,0.0,0.0,0.0,0.0,0.0
90077.25,1.0434733113584003,0.0,30525.0,37.0,0.15829999999872602,30.875,32.875,36.85000000000002,0.0,0.0,0.0,0.0,0.0,20.0,0.3,0.1,0.2,0.1,0.4,0.1,0.1,0.1,0.5,0.0,65535.0,0.20976577401388571,0.0,65535.0,0.10676737621118486,0.0,0.0,0.0,0.0,0.0,0.0,0.0,0.0,0.0,0.0
90137.33,1.0567026628391034,0.0,30525.0,37.0,0.15859999999872487,30.9375,32.875,37.03000000000003,0.0,0.0,0.0,0.0,0.0,20.0,0.3,0.1,0.2,0.1,0.4,0.1,0.1,0.1,0.5,0.0,65535.0,0.20926222629129473,0.0,65535.0,0.10579079880979629,0.0,0.0,0.0,0.0,0.0,0.0,0.0,0.0,0.0,0.0
90197.4,1.0751157962509148,0.0,30525.0,37.0,0.1550999999987289,30.9375,32.875,36.97000000000003,0.0,0.0,0.0,0.0,0.0,20.0,0.3,0.1,0.2,0.1,0.4,0.1,0.1,0.1,0.5,0.0,65535.0,0.20967421988250554,0.0,65535.0,0.10632486457618066,0.0,0.0,0.0,0.0,0.0,0.0,0.0,0.0,0.0,0.0
90257.46,1.0564021251077196,0.0,30525.0,37.0,0.14359999999872258,31.0,32.9375,37.05000000000001,0.0,0.0,0.0,0.0,0.0,20.0,0.3,0.1,0.2,0.1,0.4,0.1,0.1,0.1,0.5,0.0,65535.0,0.20976577401388571,0.0,65535.0,0.10666056305790798,0.0,0.0,0.0,0.0,0.0,0.0,0.0,0.0,0.0,0.0
90317.54,1.0362310655467746,0.0,30525.0,37.0,0.17599999999872237,30.9375,32.875,37.03000000000003,0.0,0.0,0.0,0.0,0.0,20.0,0.3,0.1,0.2,0.1,0.4,0.1,0.1,0.1,0.5,0.0,65535.0,0.21000991836423286,0.0,65535.0,0.10666056305790798,0.0,0.0,0.0,0.0,0.0,0.0,0.0,0.0,0.0,0.0
90377.59,1.0674123434684424,0.0,30525.0,37.0,0.14509999999872036,30.875,32.9375,37.03000000000003,0.0,0.0,0.0,0.0,0.0,20.0,0.3,0.1,0.2,0.1,0.4,0.1,0.1,0.1,0.5,0.0,65535.0,0.2102388036926833,0.0,65535.0,0.10608072022583352,0.0,0.0,0.0,0.0,0.0,0.0,0.0,0.0,0.0,0.0
90437.65,1.0481892351297413,0.0,30525.0,37.0,0.17829999999873022,30.875,32.9375,37.110000000000014,0.0,0.0,0.0,0.0,0.0,20.0,0.3,0.1,0.2,0.1,0.4,0.1,0.1,0.1,0.5,0.0,65535.0,0.2101930266269932,0.0,65535.0,0.10675211718928816,0.0,0.0,0.0,0.0,0.0,0.0,0.0,0.0,0.0,0.0
90497.72,1.0690839386982716,0.0,30525.0,37.0,0.11939999999872267,30.875,32.875,36.93000000000001,0.0,0.0,0.0,0.0,0.0,20.0,0.3,0.1,0.2,0.1,0.4,0.1,0.1,0.1,0.5,0.0,65535.0,0.20929274433508813,0.0,65535.0,0.1061722743572137,0.0,0.0,0.0,0.0,0.0,0.0,0.0,0.0,0.0,0.0
90557.8,1.0554697687592574,0.0,30525.0,37.0,0.20209999999872022,30.875,32.9375,36.85000000000002,0.0,0.0,0.0,0.0,0.0,20.0,0.3,0.1,0.2,0.1,0.4,0.1,0.1,0.1,0.5,0.0,65535.0,0.20993362325474937,0.0,65535.0,0.10650797283894102,0.0,0.0,0.0,0.0,0.0,0.0,0.0,0.0,0.0,0.0
90617.87,1.0512111104668203,0.0,30525.0,37.0,0.15479999999872232,30.9375,32.9375,37.05000000000001,0.0,0.0,0.0,0.0,0.0,20.0,0.3,0.1,0.2,0.1,0.4,0.1,0.1,0.1,0.5,0.0,65535.0,0.21010147249561303,0.0,65535.0,0.10647745479514763,0.0,0.0,0.0,0.0,0.0,0.0,0.0,0.0,0.0,0.0
90677.93,1.0529001961724522,0.0,30525.0,37.0,0.1032999999987248,30.8125,32.875,36.93000000000001,0.0,0.0,0.0,0.0,0.0,20.0,0.3,0.1,0.2,0.1,0.4,0.1,0.1,0.1,0.5,0.0,65535.0,0.2114747844663157,0.0,65535.0,0.10714885175860227,0.0,0.0,0.0,0.0,0.0,0.0,0.0,0.0,0.0,0.0
90738.0,1.0665372358109495,0.0,30525.0,37.0,0.16269999999872675,30.875,32.9375,36.870000000000005,0.0,0.0,0.0,0.0,0.0,20.0,0.3,0.1,0.2,0.1,0.4,0.1,0.1,0.1,0.5,0.0,65535.0,0.2102235446707866,0.0,65535.0,0.10678263523308155,0.0,0.0,0.0,0.0,0.0,0.0,0.0,0.0,0.0,0.0
90798.06,1.0524135119870888,0.0,30525.0,37.0,0.16009999999871574,30.875,32.875,36.81,0.0,0.0,0.0,0.0,0.0,20.0,0.3,0.1,0.2,0.1,0.4,0.1,0.1,0.1,0.5,0.0,65535.0,0.21165789272907606,0.0,65535.0,0.10638590066376745,0.0,0.0,0.0,0.0,0.0,0.0,0.0,0.0,0.0,0.0
90858.13,1.0607730803044575,0.0,30525.0,37.0,0.12329999999871821,31.0,33.0,36.97000000000003,0.0,0.0,0.0,0.0,0.0,20.0,0.3,0.1,0.2,0.1,0.4,0.1,0.1,0.1,0.5,0.0,65535.0,0.21301594567788204,0.0,65535.0,0.10811017013809415,0.0,0.0,0.0,0.0,0.0,0.0,0.0,0.0,0.0,0.0
90918.2,1.0593333567136993,0.0,30525.0,37.0,0.14879999999871832,31.1875,32.9375,36.950000000000045,0.0,0.0,0.0,0.0,0.0,20.0,0.3,0.1,0.2,0.1,0.4,0.1,0.1,0.1,0.5,0.0,65535.0,0.21374837872892347,0.0,65535.0,0.10727092393377584,0.0,0.0,0.0,0.0,0.0,0.0,0.0,0.0,0.0,0.0
90978.26,1.061626823889706,0.0,30525.0,37.0,0.15439999999871237,31.1875,32.875,36.73000000000002,0.0,0.0,0.0,0.0,0.0,20.0,0.3,0.1,0.2,0.1,0.4,0.1,0.1,0.1,0.5,0.0,65535.0,0.21184100099183642,0.0,65535.0,0.10778973067826353,0.0,0.0,0.0,0.0,0.0,0.0,0.0,0.0,0.0,0.0
91038.32,1.037910056568827,0.0,30525.0,37.0,0.1614999999987218,30.75,32.875,36.85000000000002,0.0,0.0,0.0,0.0,0.0,20.0,0.3,0.1,0.2,0.1,0.4,0.1,0.1,0.1,0.5,0.0,65535.0,0.21222247653925383,0.0,65535.0,0.10800335698481728,0.0,0.0,0.0,0.0,0.0,0.0,0.0,0.0,0.0,0.0
91098.4,1.0480412151547323,0.0,30525.0,37.0,0.1405999999987107,30.9375,32.9375,36.89000000000004,0.0,0.0,0.0,0.0,0.0,20.0,0.3,0.1,0.2,0.1,0.4,0.1,0.1,0.1,0.5,0.0,65535.0,0.21094071869993133,0.0,65535.0,0.1074692912184329,0.0,0.0,0.0,0.0,0.0,0.0,0.0,0.0,0.0,0.0
91158.47,1.0539251533205178,0.0,30525.0,37.0,0.1746999999987206,30.9375,32.9375,36.870000000000005,0.0,0.0,0.0,0.0,0.0,20.0,0.3,0.1,0.2,0.1,0.4,0.1,0.1,0.1,0.5,0.0,65535.0,0.21095597772182803,0.0,65535.0,0.10727092393377584,0.0,0.0,0.0,0.0,0.0,0.0,0.0,0.0,0.0,0.0
91218.55,1.032049872647434,0.0,30525.0,37.0,0.18179999999871502,30.875,32.9375,36.870000000000005,0.0,0.0,0.0,0.0,0.0,20.0,0.3,0.1,0.2,0.1,0.4,0.1,0.1,0.1,0.5,0.0,65535.0,0.21210040436408026,0.0,65535.0,0.10722514686808575,0.0,0.0,0.0,0.0,0.0,0.0,0.0,0.0,0.0,0.0
91278.62,1.0404329636305434,0.0,30525.0,37.0,0.17449999999870913,30.875,32.9375,36.77000000000004,0.0,0.0,0.0,0.0,0.0,20.0,0.3,0.1,0.2,0.1,0.4,0.1,0.1,0.1,0.5,0.0,65535.0,0.21182574196993972,0.0,65535.0,0.10849164568551156,0.0,0.0,0.0,0.0,0.0,0.0,0.0,0.0,0.0,0.0
91338.7,1.056841241379787,0.0,30525.0,37.0,0.13619999999871127,30.875,32.9375,37.110000000000014,0.0,0.0,0.0,0.0,0.0,20.0,0.3,0.1,0.2,0.1,0.4,0.1,0.1,0.1,0.5,0.0,65535.0,0.21248187991149767,0.0,65535.0,0.10798809796292058,0.0,0.0,0.0,0.0,0.0,0.0,0.0,0.0,0.0,0.0
91398.74,1.0244300674785143,0.0,30525.0,37.0,0.2068999999987081,30.9375,32.875,36.77000000000004,0.0,0.0,0.0,0.0,0.0,20.0,0.3,0.1,0.2,0.1,0.4,0.1,0.1,0.1,0.5,0.0,65535.0,0.2102845807583734,0.0,65535.0,0.10765239948119326,0.0,0.0,0.0,0.0,0.0,0.0,0.0,0.0,0.0,0.0
91458.78,1.0619688554138178,0.0,30525.0,37.0,0.1335999999987145,30.9375,32.9375,36.950000000000045,0.0,0.0,0.0,0.0,0.0,20.0,0.3,0.1,0.2,0.1,0.4,0.1,0.1,0.1,0.5,0.0,65535.0,0.21118486305027848,0.0,65535.0,0.10704203860532539,0.0,0.0,0.0,0.0,0.0,0.0,0.0,0.0,0.0,0.0
91518.83,1.0572036939126033,0.0,30525.0,37.0,0.20449999999870686,30.875,32.875,36.93000000000001,0.0,0.0,0.0,0.0,0.0,20.0,0.3,0.1,0.2,0.1,0.4,0.1,0.1,0.1,0.5,0.0,65535.0,0.2119478141451133,0.0,65535.0,0.10885786221103227,0.0,0.0,0.0,0.0,0.0,0.0,0.0,0.0,0.0,0.0
91578.87,1.0300551232846833,0.0,30525.0,37.0,0.11739999999871245,30.9375,32.875,37.05000000000001,0.0,0.0,0.0,0.0,0.0,20.0,0.3,0.1,0.2,0.1,0.4,0.1,0.1,0.1,0.5,0.0,65535.0,0.21210040436408026,0.0,65535.0,0.10829327840085451,0.0,0.0,0.0,0.0,0.0,0.0,0.0,0.0,0.0,0.0
91638.92,1.0407964044534974,0.0,30525.0,37.0,0.17329999999870424,30.8125,32.875,36.77000000000004,0.0,0.0,0.0,0.0,0.0,20.0,0.3,0.1,0.2,0.1,0.4,0.1,0.1,0.1,0.5,0.0,65535.0,0.21345845731288624,0.0,65535.0,0.10800335698481728,0.0,0.0,0.0,0.0,0.0,0.0,0.0,0.0,0.0,0.0
91698.96,1.0665089431645076,0.0,30525.0,37.0,0.16069999999870233,30.8125,32.9375,36.93000000000001,0.0,0.0,0.0,0.0,0.0,20.0,0.3,0.1,0.2,0.1,0.4,0.1,0.1,0.1,0.5,0.0,65535.0,0.21336690318150606,0.0,65535.0,0.10849164568551156,0.0,0.0,0.0,0.0,0.0,0.0,0.0,0.0,0.0,0.0
91759.0,1.0599770704030937,0.0,30525.0,37.0,0.16069999999870146,30.75,32.9375,36.950000000000045,0.0,0.0,0.0,0.0,0.0,20.0,0.3,0.1,0.2,0.1,0.4,0.1,0.1,0.1,0.5,0.0,65535.0,0.21283283741512168,0.0,65535.0,0.10843060959792478,0.0,0.0,0.0,0.0,0.0,0.0,0.0,0.0,0.0,0.0
91819.08,1.0364655554622522,0.0,30525.0,37.0,0.16129999999870007,30.875,32.875,37.01000000000005,0.0,0.0,0.0,0.0,0.0,20.0,0.3,0.1,0.2,0.1,0.4,0.1,0.1,0.1,0.5,0.0,65535.0,0.21211566338597695,0.0,65535.0,0.10846112764171817,0.0,0.0,0.0,0.0,0.0,0.0,0.0,0.0,0.0,0.0
91879.14,1.084501515559498,0.0,30525.0,37.0,0.1444999999986986,30.8125,32.9375,36.97000000000003,0.0,0.0,0.0,0.0,0.0,20.0,0.3,0.1,0.2,0.1,0.4,0.1,0.1,0.1,0.5,0.0,65535.0,0.21326009002822918,0.0,65535.0,0.10782024872205692,0.0,0.0,0.0,0.0,0.0,0.0,0.0,0.0,0.0,0.0
91939.18,1.0334795413524063,0.0,30525.0,37.0,0.17659999999869866,30.875,32.875,36.950000000000045,0.0,0.0,0.0,0.0,0.0,20.0,0.3,0.1,0.2,0.1,0.4,0.1,0.1,0.1,0.5,0.0,65535.0,0.2144350347142748,0.0,65535.0,0.10899519340810254,0.0,0.0,0.0,0.0,0.0,0.0,0.0,0.0,0.0,0.0
91999.23,1.0761127970168722,0.0,30525.0,37.0,0.1609999999986969,30.9375,32.8125,37.27000000000004,0.0,0.0,0.0,0.0,0.0,20.0,0.3,0.1,0.2,0.1,0.4,0.1,0.1,0.1,0.5,0.0,65535.0,0.21474021515220873,0.0,65535.0,0.10891889829861906,0.0,0.0,0.0,0.0,0.0,0.0,0.0,0.0,0.0,0.0
92059.26,1.0484590518706196,0.0,30525.0,37.0,0.11739999999870387,31.125,32.9375,37.03000000000003,0.0,0.0,0.0,0.0,0.0,20.0,0.3,0.1,0.2,0.1,0.4,0.1,0.1,0.1,0.5,0.0,65535.0,0.21327534905012588,0.0,65535.0,0.10826276035706112,0.0,0.0,0.0,0.0,0.0,0.0,0.0,0.0,0.0,0.0
92119.34,1.0842931879553936,0.0,30525.0,37.0,0.1938999999987062,30.8125,32.875,37.25000000000006,0.0,0.0,0.0,0.0,0.0,20.0,0.3,0.1,0.2,0.1,0.4,0.1,0.1,0.1,0.5,0.0,65535.0,0.21470969710841534,0.0,65535.0,0.10926985580224308,0.0,0.0,0.0,0.0,0.0,0.0,0.0,0.0,0.0,0.0
92179.38,1.0436590084652972,0.0,30525.0,37.0,0.16329999999870473,30.875,32.875,36.93000000000001,0.0,0.0,0.0,0.0,0.0,20.0,0.3,0.1,0.2,0.1,0.4,0.1,0.1,0.1,0.5,0.0,65535.0,0.21434348058289462,0.0,65535.0,0.10869001297016861,0.0,0.0,0.0,0.0,0.0,0.0,0.0,0.0,0.0,0.0
92239.42,1.0823866915313785,0.0,30525.0,37.0,0.15329999999869875,30.9375,32.875,36.97000000000003,0.0,0.0,0.0,0.0,0.0,20.0,0.3,0.1,0.2,0.1,0.4,0.1,0.1,0.1,0.5,0.0,65535.0,0.21467917906462194,0.0,65535.0,0.10907148851758602,0.0,0.0,0.0,0.0,0.0,0.0,0.0,0.0,0.0,0.0
92299.48,1.055125015587399,0.0,30525.0,37.0,0.1588999999986928,30.8125,32.8125,36.950000000000045,0.0,0.0,0.0,0.0,0.0,20.0,0.3,0.1,0.2,0.1,0.4,0.1,0.1,0.1,0.5,0.0,65535.0,0.21332112611581597,0.0,65535.0,0.10812542915999085,0.0,0.0,0.0,0.0,0.0,0.0,0.0,0.0,0.0,0.0
92359.53,1.086157784149394,0.0,30525.0,37.0,0.16299999999870157,30.9375,32.875,36.93000000000001,0.0,0.0,0.0,0.0,0.0,20.0,0.3,0.1,0.2,0.1,0.4,0.1,0.1,0.1,0.5,0.0,65535.0,0.21336690318150606,0.0,65535.0,0.10870527199206531,0.0,0.0,0.0,0.0,0.0,0.0,0.0,0.0,0.0,0.0
92419.57,1.0531988993791672,0.0,30525.0,37.0,0.12029999999869434,30.8125,32.875,37.09000000000003,0.0,0.0,0.0,0.0,0.0,20.0,0.3,0.1,0.2,0.1,0.4,0.1,0.1,0.1,0.5,0.0,65535.0,0.21293965056839856,0.0,65535.0,0.10870527199206531,0.0,0.0,0.0,0.0,0.0,0.0,0.0,0.0,0.0,0.0
92479.64,1.0429021087283985,0.0,30525.0,37.0,0.17709999999870038,30.8125,32.875,36.870000000000005,0.0,0.0,0.0,0.0,0.0,20.0,0.3,0.1,0.2,0.1,0.4,0.1,0.1,0.1,0.5,0.0,65535.0,0.21560997940032045,0.0,65535.0,0.10934615091172656,0.0,0.0,0.0,0.0,0.0,0.0,0.0,0.0,0.0,0.0
92539.68,1.0532864717414332,0.0,30525.0,37.0,0.16509999999869962,30.8125,32.875,36.93000000000001,0.0,0.0,0.0,0.0,0.0,20.0,0.3,0.1,0.2,0.1,0.4,0.1,0.1,0.1,0.5,0.0,65535.0,0.21409933623254748,0.0,65535.0,0.1091935606927596,0.0,0.0,0.0,0.0,0.0,0.0,0.0,0.0,0.0,0.0
92599.72,1.0547510290763666,0.0,30525.0,37.0,0.14479999999868798,30.875,32.9375,37.01000000000005,0.0,0.0,0.0,0.0,0.0,20.0,0.3,0.1,0.2,0.1,0.4,0.1,0.1,0.1,0.5,0.0,65535.0,0.21452658884565498,0.0,65535.0,0.11020065613794156,0.0,0.0,0.0,0.0,0.0,0.0,0.0,0.0,0.0,0.0
92659.77,1.0652832358913407,0.0,30525.0,37.0,0.1323999999986967,30.8125,32.875,37.05000000000001,0.0,0.0,0.0,0.0,0.0,20.0,0.3,0.1,0.2,0.1,0.4,0.1,0.1,0.1,0.5,0.0,65535.0,0.21380941481651025,0.0,65535.0,0.10948348210879683,0.0,0.0,0.0,0.0,0.0,0.0,0.0,0.0,0.0,0.0
92719.84,1.0593820923879038,0.0,30525.0,37.0,0.16419999999869703,30.8125,32.875,36.93000000000001,0.0,0.0,0.0,0.0,0.0,20.0,0.3,0.1,0.2,0.1,0.4,0.1,0.1,0.1,0.5,0.0,65535.0,0.21484702830548563,0.0,65535.0,0.10946822308690013,0.0,0.0,0.0,0.0,0.0,0.0,0.0,0.0,0.0,0.0
92779.94,1.0398454119049458,0.0,30525.0,37.0,0.1214999999986898,30.8125,32.9375,37.09000000000003,0.0,0.0,0.0,0.0,0.0,20.0,0.3,0.1,0.2,0.1,0.4,0.1,0.1,0.1,0.5,0.0,65535.0,0.21394674601358052,0.0,65535.0,0.10939192797741665,0.0,0.0,0.0,0.0,0.0,0.0,0.0,0.0,0.0,0.0
92840.03,1.0810120639037866,0.0,30525.0,37.0,0.28969999999869,30.75,32.9375,36.47000000000003,0.0,0.0,0.0,0.0,0.0,20.0,0.3,0.1,0.2,0.1,0.4,0.1,0.1,0.1,0.5,0.0,65535.0,0.21930266269932097,0.0,65535.0,0.11271839475089647,0.0,0.0,0.0,0.0,0.0,0.0,0.0,0.0,0.0,0.0
92900.08,1.0741279371662524,0.0,30525.0,37.0,0.12189999999869283,30.75,32.875,37.110000000000014,0.0,0.0,0.0,0.0,0.0,20.0,0.3,0.1,0.2,0.1,0.4,0.1,0.1,0.1,0.5,0.0,65535.0,0.2135500114442664,0.0,65535.0,0.10937666895551995,0.0,0.0,0.0,0.0,0.0,0.0,0.0,0.0,0.0,0.0
92960.16,1.0592245184903923,0.0,30525.0,37.0,0.09649999999868153,30.9375,32.9375,37.190000000000055,0.0,0.0,0.0,0.0,0.0,20.0,0.3,0.1,0.2,0.1,0.4,0.1,0.1,0.1,0.5,0.0,65535.0,0.21345845731288624,0.0,65535.0,0.11015487907225147,0.0,0.0,0.0,0.0,0.0,0.0,0.0,0.0,0.0,0.0
93020.22,1.0655025006308745,0.0,30525.0,37.0,0.18209999999868895,30.875,32.875,36.85000000000002,0.0,0.0,0.0,0.0,0.0,20.0,0.3,0.1,0.2,0.1,0.4,0.1,0.1,0.1,0.5,0.0,65535.0,0.21519798580910965,0.0,65535.0,0.10965133134966049,0.0,0.0,0.0,0.0,0.0,0.0,0.0,0.0,0.0,0.0
93080.26,1.075144579356627,0.0,30525.0,37.0,0.08879999999868429,30.875,32.875,37.210000000000036,0.0,0.0,0.0,0.0,0.0,20.0,0.3,0.1,0.2,0.1,0.4,0.1,0.1,0.1,0.5,0.0,65535.0,0.21593041886015107,0.0,65535.0,0.10975814450293736,0.0,0.0,0.0,0.0,0.0,0.0,0.0,0.0,0.0,0.0
93140.3,1.0796848346799808,0.0,30525.0,37.0,0.17089999999868152,30.875,32.875,36.89000000000004,0.0,0.0,0.0,0.0,0.0,20.0,0.3,0.1,0.2,0.1,0.4,0.1,0.1,0.1,0.5,0.0,65535.0,0.21519798580910965,0.0,65535.0,0.11027695124742504,0.0,0.0,0.0,0.0,0.0,0.0,0.0,0.0,0.0,0.0
93200.37,1.0420969137701128,0.0,30525.0,37.0,0.19449999999869103,30.875,32.8125,36.81,0.0,0.0,0.0,0.0,0.0,20.0,0.3,0.1,0.2,0.1,0.4,0.1,0.1,0.1,0.5,0.0,65535.0,0.21867704280155642,0.0,65535.0,0.11076523994811932,0.0,0.0,0.0,0.0,0.0,0.0,0.0,0.0,0.0,0.0
93260.45,1.0807763034882931,0.0,30525.0,37.0,0.12179999999868266,31.0,32.875,37.09000000000003,0.0,0.0,0.0,0.0,0.0,20.0,0.3,0.1,0.2,0.1,0.4,0.1,0.1,0.1,0.5,0.0,65535.0,0.2158693827725643,0.0,65535.0,0.11038376440070191,0.0,0.0,0.0,0.0,0.0,0.0,0.0,0.0,0.0,0.0
93320.5,1.0714989673310271,0.0,30525.0,37.0,0.1794999999986887,30.875,32.875,36.870000000000005,0.0,0.0,0.0,0.0,0.0,20.0,0.3,0.1,0.2,0.1,0.4,0.1,0.1,0.1,0.5,0.0,65535.0,0.2170901045243,0.0,65535.0,0.11018539711604486,0.0,0.0,0.0,0.0,0.0,0.0,0.0,0.0,0.0,0.0
93380.56,1.0868736680691125,0.0,30525.0,37.0,0.17329999999867757,30.875,32.875,36.89000000000004,0.0,0.0,0.0,0.0,0.0,20.0,0.3,0.1,0.2,0.1,0.4,0.1,0.1,0.1,0.5,0.0,65535.0,0.2154116121156634,0.0,65535.0,0.11026169222552834,0.0,0.0,0.0,0.0,0.0,0.0,0.0,0.0,0.0,0.0
93440.63,1.0792924290261008,0.0,30525.0,37.0,0.1638999999986861,30.875,32.875,36.93000000000001,0.0,0.0,0.0,0.0,0.0,20.0,0.3,0.1,0.2,0.1,0.4,0.1,0.1,0.1,0.5,0.0,65535.0,0.21651026169222554,0.0,65535.0,0.110429541466392,0.0,0.0,0.0,0.0,0.0,0.0,0.0,0.0,0.0,0.0
93500.69,1.0721128752880595,0.0,30525.0,37.0,0.19629999999868675,30.8125,32.875,36.81,0.0,0.0,0.0,0.0,0.0,20.0,0.3,0.1,0.2,0.1,0.4,0.1,0.1,0.1,0.5,0.0,65535.0,0.21571679255359733,0.0,65535.0,0.11047531853208209,0.0,0.0,0.0,0.0,0.0,0.0,0.0,0.0,0.0,0.0
93560.75,1.0818042047365126,0.0,30525.0,37.0,0.1441999999986739,30.875,32.875,37.01000000000005,0.0,0.0,0.0,0.0,0.0,20.0,0.3,0.1,0.2,0.1,0.4,0.1,0.1,0.1,0.5,0.0,65535.0,0.21725795376516366,0.0,65535.0,0.1104142824444953,0.0,0.0,0.0,0.0,0.0,0.0,0.0,0.0,0.0,0.0
93620.78,1.0789050654061743,0.0,30525.0,37.0,0.12029999999867713,30.875,32.875,37.09000000000003,0.0,0.0,0.0,0.0,0.0,20.0,0.3,0.1,0.2,0.1,0.4,0.1,0.1,0.1,0.5,0.0,65535.0,0.2166475928892958,0.0,65535.0,0.110429541466392,0.0,0.0,0.0,0.0,0.0,0.0,0.0,0.0,0.0,0.0
93680.83,1.0818387249446495,0.0,30525.0,37.0,0.15999999999868278,30.8125,32.875,36.93000000000001,0.0,0.0,0.0,0.0,0.0,20.0,0.3,0.1,0.2,0.1,0.4,0.1,0.1,0.1,0.5,0.0,65535.0,0.21683070115205616,0.0,65535.0,0.11065842679484245,0.0,0.0,0.0,0.0,0.0,0.0,0.0,0.0,0.0,0.0
93740.91,1.055165400303132,0.0,30525.0,37.0,0.17529999999868306,30.875,32.875,36.870000000000005,0.0,0.0,0.0,0.0,0.0,20.0,0.3,0.1,0.2,0.1,0.4,0.1,0.1,0.1,0.5,0.0,65535.0,0.21701380941481652,0.0,65535.0,0.11154345006485085,0.0,0.0,0.0,0.0,0.0,0.0,0.0,0.0,0.0,0.0
93800.99,1.0565856190573264,0.0,30525.0,37.0,0.1917999999986831,30.75,32.875,36.81,0.0,0.0046,0.25,0.0,0.0,20.0,0.3,0.1,0.2,0.1,0.4,0.1,0.1,0.1,0.5,0.0,65535.0,0.21777676050965133,0.0,65535.0,0.11116197451743343,0.0,0.0,0.0,0.0,0.0,0.0,0.0,0.0,0.0,0.0
93861.07,1.0404136730251405,0.0,30525.0,37.0,0.26379999999866965,30.75,32.875,36.57000000000005,0.0,0.0,0.0,0.0,0.0,20.0,0.3,0.1,0.2,0.1,0.4,0.1,0.1,0.1,0.5,0.0,65535.0,0.21376363775082016,0.0,65535.0,0.10843060959792478,0.0,0.0,0.0,0.0,0.0,0.0,0.0,0.0,0.0,0.0
93921.12,1.0320566179179602,0.0,30525.0,37.0,0.18709999999867005,30.75,32.875,36.89000000000004,0.0,0.0,0.0,0.0,0.0,20.0,0.3,0.1,0.2,0.1,0.4,0.1,0.1,0.1,0.5,0.0,65535.0,0.21138323033493553,0.0,65535.0,0.10780498970016023,0.0,0.0,0.0,0.0,0.0,0.0,0.0,0.0,0.0,0.0
93981.25,1.023176712630948,0.0,30525.0,37.0,0.19209999999867886,30.8125,32.875,36.870000000000005,0.0,0.0,0.0,0.0,0.0,20.0,0.3,0.1,0.2,0.1,0.4,0.1,0.1,0.1,0.5,0.0,65535.0,0.21206988632028687,0.0,65535.0,0.10734721904325932,0.0,0.0,0.0,0.0,0.0,0.0,0.0,0.0,0.0,0.0
94041.36,1.0614358339776864,0.0,30525.0,37.0,0.17679999999867768,30.75,32.875,36.93000000000001,0.0,0.0,0.0,0.0,0.0,20.0,0.3,0.1,0.2,0.1,0.4,0.1,0.1,0.1,0.5,0.0,65535.0,0.21127641718165865,0.0,65535.0,0.107515068284123,0.0,0.0,0.0,0.0,0.0,0.0,0.0,0.0,0.0,0.0
94101.46,1.0733950140386166,0.0,30525.0,37.0,0.148199999998671,31.0625,32.8125,37.03000000000003,0.0,0.0,0.0,0.0,0.0,20.0,0.3,0.1,0.2,0.1,0.4,0.1,0.1,0.1,0.5,0.0,65535.0,0.21179522392614633,0.0,65535.0,0.10882734416723888,0.0,0.0,0.0,0.0,0.0,0.0,0.0,0.0,0.0,0.0
94161.55,1.061125428086421,0.0,30525.0,37.0,0.14899999999866517,30.8125,32.875,37.01000000000005,0.0,0.0,0.0,0.0,0.0,20.0,0.3,0.1,0.2,0.1,0.4,0.1,0.1,0.1,0.5,0.0,65535.0,0.21249713893339436,0.0,65535.0,0.10869001297016861,0.0,0.0,0.0,0.0,0.0,0.0,0.0,0.0,0.0,0.0
94221.6,1.0512702768516353,0.0,30525.0,37.0,0.2016999999986758,30.875,32.9375,36.81,0.0,0.0,0.0,0.0,0.0,20.0,0.3,0.1,0.2,0.1,0.4,0.1,0.1,0.1,0.5,0.0,65535.0,0.2119325551232166,0.0,65535.0,0.10771343556878005,0.0,0.0,0.0,0.0,0.0,0.0,0.0,0.0,0.0,0.0
94281.67,1.0373998590240154,0.0,30525.0,37.0,0.14079999999867265,30.875,32.875,37.05000000000001,0.0,0.0,0.0,0.0,0.0,20.0,0.3,0.1,0.2,0.1,0.4,0.1,0.1,0.1,0.5,0.0,65535.0,0.21248187991149767,0.0,65535.0,0.10815594720378424,0.0,0.0,0.0,0.0,0.0,0.0,0.0,0.0,0.0,0.0
94341.74,1.057244927520866,0.0,30525.0,37.0,0.1501999999986624,30.875,32.875,37.01000000000005,0.0,0.0,0.0,0.0,0.0,20.0,0.3,0.1,0.2,0.1,0.4,0.1,0.1,0.1,0.5,0.0,65535.0,0.2115205615320058,0.0,65535.0,0.10870527199206531,0.0,0.0,0.0,0.0,0.0,0.0,0.0,0.0,0.0,0.0
94401.8,1.056997787813539,0.0,30525.0,37.0,0.14719999999866087,30.9375,32.875,37.01000000000005,0.0,0.0,0.0,0.0,0.0,20.0,0.3,0.1,0.2,0.1,0.4,0.1,0.1,0.1,0.5,0.0,65535.0,0.2118715190356298,0.0,65535.0,0.10882734416723888,0.0,0.0,0.0,0.0,0.0,0.0,0.0,0.0,0.0,0.0
94461.85,1.055665385615641,0.0,30525.0,37.0,0.17749999999866087,30.875,32.875,36.89000000000004,0.0,0.0,0.0,0.0,0.0,20.0,0.3,0.1,0.2,0.1,0.4,0.1,0.1,0.1,0.5,0.0,65535.0,0.21344319829098954,0.0,65535.0,0.10869001297016861,0.0,0.0,0.0,0.0,0.0,0.0,0.0,0.0,0.0,0.0
94521.92,1.0248754448023103,0.0,30525.0,37.0,0.18549999999867034,30.75,32.8125,36.870000000000005,0.0,0.0,0.0,0.0,0.0,20.0,0.3,0.1,0.2,0.1,0.4,0.1,0.1,0.1,0.5,0.0,65535.0,0.2119172961013199,0.0,65535.0,0.10795757991912719,0.0,0.0,0.0,0.0,0.0,0.0,0.0,0.0,0.0,0.0
94581.98,1.0657523168193446,0.0,30525.0,37.0,0.13659999999866793,30.9375,32.875,37.05000000000001,0.0,0.0,0.0,0.0,0.0,20.0,0.3,0.1,0.2,0.1,0.4,0.1,0.1,0.1,0.5,0.0,65535.0,0.2110780498970016,0.0,65535.0,0.10780498970016023,0.0,0.0,0.0,0.0,0.0,0.0,0.0,0.0,0.0,0.0
94642.06,1.0529612701295066,0.0,30525.0,37.0,0.11859999999866666,30.8125,32.875,37.110000000000014,0.0,0.0,0.0,0.0,0.0,20.0,0.3,0.1,0.2,0.1,0.4,0.1,0.1,0.1,0.5,0.0,65535.0,0.21512169069962617,0.0,65535.0,0.10951400015259022,0.0,0.0,0.0,0.0,0.0,0.0,0.0,0.0,0.0,0.0
94702.11,1.0653742634386256,0.0,30525.0,37.0,0.16569999999866813,30.875,32.875,36.93000000000001,0.0,0.0,0.0,0.0,0.0,20.0,0.3,0.1,0.2,0.1,0.4,0.1,0.1,0.1,0.5,0.0,65535.0,0.21298542763408865,0.0,65535.0,0.10879682612344549,0.0,0.0,0.0,0.0,0.0,0.0,0.0,0.0,0.0,0.0
94762.16,1.0677498968250017,0.0,30525.0,37.0,0.2036999999986637,30.875,32.875,36.79000000000002,0.0,0.0,0.0,0.0,0.0,20.0,0.3,0.1,0.2,0.1,0.4,0.1,0.1,0.1,0.5,0.0,65535.0,0.21469443808651864,0.0,65535.0,0.1095902952620737,0.0,0.0,0.0,0.0,0.0,0.0,0.0,0.0,0.0,0.0
94822.2,1.0697968780838867,0.0,30525.0,37.0,0.16309999999865626,30.8125,32.875,36.950000000000045,0.0,0.0,0.0,0.0,0.0,20.0,0.3,0.1,0.2,0.1,0.4,0.1,0.1,0.1,0.5,0.0,65535.0,0.21383993286030364,0.0,65535.0,0.10907148851758602,0.0,0.0,0.0,0.0,0.0,0.0,0.0,0.0,0.0,0.0
94882.25,1.0170854305461667,0.0,30525.0,37.0,0.18189999999866588,30.875,32.875,36.870000000000005,0.0,0.0,0.0,0.0,0.0,20.0,0.3,0.1,0.2,0.1,0.4,0.1,0.1,0.1,0.5,0.0,65535.0,0.21417563134203096,0.0,65535.0,0.109575036240177,0.0,0.0,0.0,0.0,0.0,0.0,0.0,0.0,0.0,0.0
94942.29,1.0403616197681176,0.0,30525.0,37.0,0.11059999999865286,30.875,32.9375,37.13000000000005,0.0,0.0,0.0,0.0,0.0,20.0,0.3,0.1,0.2,0.1,0.4,0.1,0.1,0.1,0.5,0.0,65535.0,0.21463340199893186,0.0,65535.0,0.1091783016708629,0.0,0.0,0.0,0.0,0.0,0.0,0.0,0.0,0.0,0.0
95002.34,1.0699050919966915,0.0,30525.0,37.0,0.20119999999865487,30.8125,32.875,36.77000000000004,0.0,0.0,0.0,0.0,0.0,20.0,0.3,0.1,0.2,0.1,0.4,0.1,0.1,0.1,0.5,0.0,65535.0,0.21434348058289462,0.0,65535.0,0.10972762645914397,0.0,0.0,0.0,0.0,0.0,0.0,0.0,0.0,0.0,0.0
95062.38,1.0634589560296768,0.0,30525.0,37.0,0.2000999999986584,30.75,32.875,36.79000000000002,0.0,0.0,0.0,0.0,0.0,20.0,0.3,0.1,0.2,0.1,0.4,0.1,0.1,0.1,0.5,0.0,65535.0,0.21370260166323338,0.0,65535.0,0.1100022888532845,0.0,0.0,0.0,0.0,0.0,0.0,0.0,0.0,0.0,0.0
95122.42,1.0292606479367008,0.0,30525.0,37.0,0.1347999999986601,30.875,32.875,37.05000000000001,0.0,0.0,0.0,0.0,0.0,20.0,0.3,0.1,0.2,0.1,0.4,0.1,0.1,0.1,0.5,0.0,65535.0,0.2162966353856718,0.0,65535.0,0.10977340352483406,0.0,0.0,0.0,0.0,0.0,0.0,0.0,0.0,0.0,0.0
95182.45,1.0589748249905802,0.0,30525.0,37.0,0.11939999999865392,30.8125,32.875,37.09000000000003,0.0,0.0,0.0,0.0,0.0,20.0,0.3,0.1,0.2,0.1,0.4,0.1,0.1,0.1,0.5,0.0,65535.0,0.21435873960479132,0.0,65535.0,0.10972762645914397,0.0,0.0,0.0,0.0,0.0,0.0,0.0,0.0,0.0,0.0
95242.48,1.0354748832440603,0.0,30525.0,37.0,0.15469999999864936,30.8125,32.875,36.950000000000045,0.0,0.0,0.0,0.0,0.0,20.0,0.3,0.1,0.2,0.1,0.4,0.1,0.1,0.1,0.5,0.0,65535.0,0.21379415579461356,0.0,65535.0,0.10951400015259022,0.0,0.0,0.0,0.0,0.0,0.0,0.0,0.0,0.0,0.0
95302.55,1.0442352556416126,0.0,30525.0,37.0,0.17299999999864862,30.875,32.875,36.89000000000004,0.0,0.0,0.0,0.0,0.0,20.0,0.3,0.1,0.2,0.1,0.4,0.1,0.1,0.1,0.5,0.0,65535.0,0.21527428091859313,0.0,65535.0,0.11039902342259861,0.0,0.0,0.0,0.0,0.0,0.0,0.0,0.0,0.0,0.0
95362.62,1.0515076596829775,0.0,30525.0,37.0,0.14329999999864637,30.8125,32.875,37.01000000000005,0.0,0.0,0.0,0.0,0.0,20.0,0.3,0.1,0.2,0.1,0.4,0.1,0.1,0.1,0.5,0.0,65535.0,0.21475547417410543,0.0,65535.0,0.10975814450293736,0.0,0.0,0.0,0.0,0.0,0.0,0.0,0.0,0.0,0.0
95422.7,1.043293103968109,0.0,30525.0,37.0,0.171199999998646,30.8125,32.9375,36.89000000000004,0.0,0.0,0.0,0.0,0.0,20.0,0.3,0.1,0.2,0.1,0.4,0.1,0.1,0.1,0.5,0.0,65535.0,0.2144960708018616,0.0,65535.0,0.10984969863431754,0.0,0.0,0.0,0.0,0.0,0.0,0.0,0.0,0.0,0.0
95482.78,1.0284695281074547,0.0,30525.0,37.0,0.13439999999864846,30.8125,32.875,37.03000000000003,0.0,0.0,0.0,0.0,0.0,20.0,0.3,0.1,0.2,0.1,0.4,0.1,0.1,0.1,0.5,0.0,65535.0,0.21564049744411384,0.0,65535.0,0.11029221026932173,0.0,0.0,0.0,0.0,0.0,0.0,0.0,0.0,0.0,0.0
95542.85,1.0452808781775964,0.0,30525.0,37.0,0.18239999999864914,30.75,32.9375,36.85000000000002,0.0,0.0,0.0,0.0,0.0,20.0,0.3,0.1,0.2,0.1,0.4,0.1,0.1,0.1,0.5,0.0,65535.0,0.2161898222323949,0.0,65535.0,0.11056687266346227,0.0,0.0,0.0,0.0,0.0,0.0,0.0,0.0,0.0,0.0
95602.92,1.0377100621679116,0.0,30525.0,37.0,0.14449999999864185,30.8125,32.875,37.01000000000005,0.0,0.0,0.0,0.0,0.0,20.0,0.3,0.1,0.2,0.1,0.4,0.1,0.1,0.1,0.5,0.0,65535.0,0.2149996185244526,0.0,65535.0,0.10975814450293736,0.0,0.0,0.0,0.0,0.0,0.0,0.0,0.0,0.0,0.0
95663.0,1.052541781495825,0.0,30525.0,37.0,0.1197999999986501,30.8125,32.875,37.110000000000014,0.0,0.0,0.0,0.0,0.0,20.0,0.3,0.1,0.2,0.1,0.4,0.1,0.1,0.1,0.5,0.0,65535.0,0.21568627450980393,0.0,65535.0,0.1113298237582971,0.0,0.0,0.0,0.0,0.0,0.0,0.0,0.0,0.0,0.0
95723.07,1.0787564591248513,0.0,30525.0,37.0,0.185699999998647,30.875,32.8125,36.85000000000002,0.0,0.0,0.0,0.0,0.0,20.0,0.3,0.1,0.2,0.1,0.4,0.1,0.1,0.1,0.5,0.0,65535.0,0.21469443808651864,0.0,65535.0,0.10978866254673075,0.0,0.0,0.0,0.0,0.0,0.0,0.0,0.0,0.0,0.0
95783.15,1.0532848463722988,0.0,30525.0,37.0,0.15829999999864008,30.8125,32.875,36.950000000000045,0.0,0.0,0.0,0.0,0.0,20.0,0.3,0.1,0.2,0.1,0.4,0.1,0.1,0.1,0.5,0.0,65535.0,0.21532005798428322,0.0,65535.0,0.11026169222552834,0.0,0.0,0.0,0.0,0.0,0.0,0.0,0.0,0.0,0.0
95843.22,1.035303005134106,0.0,30525.0,37.0,0.1956999999986504,30.75,32.875,36.81,0.0,0.0,0.0,0.0,0.0,20.0,0.3,0.1,0.2,0.1,0.4,0.1,0.1,0.1,0.5,0.0,65535.0,0.2153505760280766,0.0,65535.0,0.11117723353933012,0.0,0.0,0.0,0.0,0.0,0.0,0.0,0.0,0.0,0.0
95903.33,1.0584947876835225,0.0,30525.0,37.0,0.13179999999864742,30.9375,32.875,37.05000000000001,0.0,0.0,0.0,0.0,0.0,20.0,0.3,0.1,0.2,0.1,0.4,0.1,0.1,0.1,0.5,0.0,65535.0,0.21554894331273367,0.0,65535.0,0.11047531853208209,0.0,0.0,0.0,0.0,0.0,0.0,0.0,0.0,0.0,0.0
95963.43,1.0592792790183427,0.0,30525.0,37.0,0.19449999999864895,30.9375,32.875,36.81,0.0,0.0,0.0,0.0,0.0,20.0,0.3,0.1,0.2,0.1,0.4,0.1,0.1,0.1,0.5,0.0,65535.0,0.21617456321049822,0.0,65535.0,0.11137560082398719,0.0,0.0,0.0,0.0,0.0,0.0,0.0,0.0,0.0,0.0
96023.54,1.0819825964334724,0.0,30525.0,37.0,0.18009999999864781,30.75,32.8125,36.870000000000005,0.0,0.0,0.0,0.0,0.0,20.0,0.3,0.1,0.2,0.1,0.4,0.1,0.1,0.1,0.5,0.0,65535.0,0.2170748455024033,0.0,65535.0,0.11097886625467307,0.0,0.0,0.0,0.0,0.0,0.0,0.0,0.0,0.0,0.0
96083.61,1.0559359285910281,0.0,30525.0,37.0,0.16419999999864635,30.875,32.875,36.93000000000001,0.0,0.0,0.0,0.0,0.0,20.0,0.3,0.1,0.2,0.1,0.4,0.1,0.1,0.1,0.5,0.0,65535.0,0.2162813763637751,0.0,65535.0,0.11116197451743343,0.0,0.0,0.0,0.0,0.0,0.0,0.0,0.0,0.0,0.0
96143.73,1.0495197353287127,0.0,30525.0,37.0,0.13829999999863976,30.9375,32.875,37.03000000000003,0.0,0.0,0.0,0.0,0.0,20.0,0.3,0.1,0.2,0.1,0.4,0.1,0.1,0.1,0.5,0.0,65535.0,0.21635767147325857,0.0,65535.0,0.11160448615243763,0.0,0.0,0.0,0.0,0.0,0.0,0.0,0.0,0.0,0.0
96203.78,1.0540559540879575,0.0,30525.0,37.0,0.1732999999986355,30.875,32.875,36.89000000000004,0.0,0.0,0.0,0.0,0.0,20.0,0.3,0.1,0.2,0.1,0.4,0.1,0.1,0.1,0.5,0.0,65535.0,0.21484702830548563,0.0,65535.0,0.11184863050278478,0.0,0.0,0.0,0.0,0.0,0.0,0.0,0.0,0.0,0.0
96263.85,1.0796742427317583,0.0,30525.0,37.0,0.1788999999986446,30.8125,32.875,36.870000000000005,0.0,0.0,0.0,0.0,0.0,20.0,0.3,0.1,0.2,0.1,0.4,0.1,0.1,0.1,0.5,0.0,65535.0,0.2166475928892958,0.0,65535.0,0.11140611886778058,0.0,0.0,0.0,0.0,0.0,0.0,0.0,0.0,0.0,0.0
96323.92,1.0659843915242087,0.0,30525.0,37.0,0.15949999999863296,30.8125,32.75,36.950000000000045,0.0,0.0,0.0,0.0,0.0,20.0,0.3,0.1,0.2,0.1,0.4,0.1,0.1,0.1,0.5,0.0,65535.0,0.21565575646601054,0.0,65535.0,0.11200122072175174,0.0,0.0,0.0,0.0,0.0,0.0,0.0,0.0,0.0,0.0
96384.0,1.0859247749346932,0.0,30525.0,37.0,0.1797999999986429,30.75,32.875,36.870000000000005,0.0,0.0,0.0,0.0,0.0,20.0,0.3,0.1,0.2,0.1,0.4,0.1,0.1,0.1,0.5,0.0,65535.0,0.2162661173418784,0.0,65535.0,0.11194018463416495,0.0,0.0,0.0,0.0,0.0,0.0,0.0,0.0,0.0,0.0
96444.04,1.07922022381295,0.0,30525.0,37.0,0.1446499999986314,30.75,32.8125,36.93000000000001,0.0,0.0,0.0,0.0,0.0,20.0,0.3,0.1,0.2,0.1,0.4,0.1,0.1,0.1,0.5,0.0,65535.0,0.21884489204242008,0.0,65535.0,0.11366445410849164,0.0,0.0,0.0,0.0,0.0,0.0,0.0,0.0,0.0,0.0
96504.09,1.0692731369373947,0.0,30525.0,37.0,0.12314999999863419,30.8125,32.8125,37.05000000000001,0.0,0.0,0.0,0.0,0.0,20.0,0.3,0.1,0.2,0.1,0.4,0.1,0.1,0.1,0.5,0.0,65535.0,0.2196383611810483,0.0,65535.0,0.11226062409399558,0.0,0.0,0.0,0.0,0.0,0.0,0.0,0.0,0.0,0.0
96564.12,1.0673728530184174,0.0,30525.0,37.0,0.1428499999986288,30.875,32.875,36.97000000000003,0.0,0.0,0.0,0.0,0.0,20.0,0.3,0.1,0.2,0.1,0.4,0.1,0.1,0.1,0.5,0.0,65535.0,0.21760891126878767,0.0,65535.0,0.11194018463416495,0.0,0.0,0.0,0.0,0.0,0.0,0.0,0.0,0.0,0.0
96624.19,1.076897826771844,0.0,30525.0,37.0,0.16134999999863867,30.8125,32.875,36.85000000000002,0.0,0.0,0.0,0.0,0.0,20.0,0.3,0.1,0.2,0.1,0.4,0.1,0.1,0.1,0.5,0.0,65535.0,0.21725795376516366,0.0,65535.0,0.11143663691157397,0.0,0.0,0.0,0.0,0.0,0.0,0.0,0.0,0.0,0.0
96684.26,1.085823261791309,0.0,30525.0,37.0,0.1778499999986387,30.8125,32.8125,36.950000000000045,0.0,0.0,0.0,0.0,0.0,20.0,0.3,0.1,0.2,0.1,0.4,0.1,0.1,0.1,0.5,0.0,65535.0,0.2187685969329366,0.0,65535.0,0.11239795529106585,0.0,0.0,0.0,0.0,0.0,0.0,0.0,0.0,0.0,0.0
96744.34,1.0877247154881202,0.0,30525.0,37.0,0.09664999999862472,30.8125,32.875,36.93000000000001,0.0,0.0,0.0,0.0,0.0,20.0,0.3,0.1,0.2,0.1,0.4,0.1,0.1,0.1,0.5,0.0,65535.0,0.21850919356069276,0.0,65535.0,0.11198596169985504,0.0,0.0,0.0,0.0,0.0,0.0,0.0,0.0,0.0,0.0
96804.41,1.0830310917177652,0.0,30525.0,37.0,0.19919999999863178,30.8125,32.8125,36.79000000000002,0.0,0.0,0.0,0.0,0.0,20.0,0.3,0.1,0.2,0.1,0.4,0.1,0.1,0.1,0.5,0.0,65535.0,0.21722743572137027,0.0,65535.0,0.11227588311589227,0.0,0.0,0.0,0.0,0.0,0.0,0.0,0.0,0.0,0.0
96864.47,1.0830895198193917,0.0,30525.0,37.0,0.15464999999862966,30.75,32.8125,36.950000000000045,0.0,0.0,0.0,0.0,0.0,20.0,0.3,0.1,0.2,0.1,0.4,0.1,0.1,0.1,0.5,0.0,65535.0,0.21846341649500267,0.0,65535.0,0.11171129930571451,0.0,0.0,0.0,0.0,0.0,0.0,0.0,0.0,0.0,0.0
96924.5,1.0475249850834483,0.0,30525.0,37.0,0.15224999999862843,30.75,32.875,36.85000000000002,0.0,0.0,0.0,0.0,0.0,20.0,0.3,0.1,0.2,0.1,0.4,0.1,0.1,0.1,0.5,0.0,65535.0,0.21724269474326696,0.0,65535.0,0.11265735866330968,0.0,0.0,0.0,0.0,0.0,0.0,0.0,0.0,0.0,0.0
96984.58,1.0717965478629978,0.0,30525.0,37.0,0.181949999998629,30.75,32.875,36.93000000000001,0.0,0.0,0.0,0.0,0.0,20.0,0.3,0.1,0.2,0.1,0.4,0.1,0.1,0.1,0.5,0.0,65535.0,0.2178835736629282,0.0,65535.0,0.11210803387502861,0.0,0.0,0.0,0.0,0.0,0.0,0.0,0.0,0.0,0.0
97044.66,1.0497458766946108,0.0,30525.0,37.0,0.13724999999862614,30.8125,32.8125,36.710000000000036,0.0,0.0,0.0,0.0,0.0,20.0,0.3,0.1,0.2,0.1,0.4,0.1,0.1,0.1,0.5,0.0,65535.0,0.217944609750515,0.0,65535.0,0.11279468986037995,0.0,0.0,0.0,0.0,0.0,0.0,0.0,0.0,0.0,0.0
97104.74,1.0752751626474413,0.0,30525.0,37.0,0.11104999999861898,30.8125,32.8125,36.870000000000005,0.0,0.0,0.0,0.0,0.0,20.0,0.3,0.1,0.2,0.1,0.4,0.1,0.1,0.1,0.5,0.0,65535.0,0.21806668192568857,0.0,65535.0,0.1130388342107271,0.0,0.0,0.0,0.0,0.0,0.0,0.0,0.0,0.0,0.0
97164.77,1.051176211589729,0.0,30525.0,37.0,0.11514999999862774,30.8125,32.8125,36.73000000000002,0.0,0.0,0.0,0.0,0.0,20.0,0.3,0.1,0.2,0.1,0.4,0.1,0.1,0.1,0.5,0.0,65535.0,0.21806668192568857,0.0,65535.0,0.11236743724727245,0.0,0.0,0.0,0.0,0.0,0.0,0.0,0.0,0.0,0.0
97224.83,1.050798146992273,0.0,30525.0,37.0,0.14194999999861843,30.8125,32.8125,36.85000000000002,0.0,0.0,0.0,0.0,0.0,20.0,0.3,0.1,0.2,0.1,0.4,0.1,0.1,0.1,0.5,0.0,65535.0,0.21930266269932097,0.0,65535.0,0.1130235751888304,0.0,0.0,0.0,0.0,0.0,0.0,0.0,0.0,0.0,0.0
97284.91,1.0676264628502246,0.0,30525.0,37.0,0.14164999999861702,30.8125,32.8125,36.79000000000002,0.0,0.0,0.0,0.0,0.0,20.0,0.3,0.1,0.2,0.1,0.4,0.1,0.1,0.1,0.5,0.0,65535.0,0.21867704280155642,0.0,65535.0,0.1130388342107271,0.0,0.0,0.0,0.0,0.0,0.0,0.0,0.0,0.0,0.0
97344.94,1.0652835923106971,0.0,30525.0,37.0,0.14344999999861624,30.8125,32.8125,36.93000000000001,0.0,0.0,0.0,0.0,0.0,20.0,0.3,0.1,0.2,0.1,0.4,0.1,0.1,0.1,0.5,0.0,65535.0,0.22015716792553597,0.0,65535.0,0.11398489356832227,0.0,0.0,0.0,0.0,0.0,0.0,0.0,0.0,0.0,0.0
97404.99,1.046221921916957,0.0,30525.0,37.0,0.12314999999861961,30.8125,32.8125,36.870000000000005,0.0,0.0,0.0,0.0,0.0,20.0,0.3,0.1,0.2,0.1,0.4,0.1,0.1,0.1,0.5,0.0,65535.0,0.21673914702067598,0.0,65535.0,0.11285572594796674,0.0,0.0,0.0,0.0,0.0,0.0,0.0,0.0,0.0,0.0
97465.03,1.0771665884505661,0.0,30525.0,37.0,0.08134999999861242,30.75,32.8125,36.85000000000002,0.0,0.0,0.0,0.0,0.0,20.0,0.3,0.1,0.2,0.1,0.4,0.1,0.1,0.1,0.5,0.0,65535.0,0.21974517433432517,0.0,65535.0,0.11337453269245441,0.0,0.0,0.0,0.0,0.0,0.0,0.0,0.0,0.0,0.0
97525.07,1.095950322546318,0.0,30525.0,37.0,0.15454999999861432,30.75,32.8125,36.81,0.0,0.0,0.0,0.0,0.0,20.0,0.3,0.1,0.2,0.1,0.4,0.1,0.1,0.1,0.5,0.0,65535.0,0.22032501716639963,0.0,65535.0,0.11319142442969406,0.0,0.0,0.0,0.0,0.0,0.0,0.0,0.0,0.0,0.0
97585.12,1.0637964654235788,0.0,30525.0,37.0,0.12984999999862257,30.6875,32.875,36.93000000000001,0.0,0.0,0.0,0.0,0.0,20.0,0.3,0.1,0.2,0.1,0.4,0.1,0.1,0.1,0.5,0.0,65535.0,0.22020294499122606,0.0,65535.0,0.1142442969405661,0.0,0.0,0.0,0.0,0.0,0.0,0.0,0.0,0.0,0.0
97645.16,1.0557073781362787,0.0,30525.0,37.0,0.15254999999861785,30.6875,32.8125,36.79000000000002,0.0,0.0,0.0,0.0,0.0,20.0,0.3,0.1,0.2,0.1,0.4,0.1,0.1,0.1,0.5,0.0,65535.0,0.21934843976501106,0.0,65535.0,0.11352712291142138,0.0,0.0,0.0,0.0,0.0,0.0,0.0,0.0,0.0,0.0
97705.24,1.031329597226551,0.0,30525.0,37.0,0.13694999999861612,30.8125,32.75,36.81,0.0,0.0,0.0,0.0,0.0,20.0,0.3,0.1,0.2,0.1,0.4,0.1,0.1,0.1,0.5,0.0,65535.0,0.21840238040741589,0.0,65535.0,0.11305409323262379,0.0,0.0,0.0,0.0,0.0,0.0,0.0,0.0,0.0,0.0
97765.29,1.076186843581988,0.0,30525.0,37.0,0.1849499999986168,30.75,32.875,36.79000000000002,0.0,0.0,0.0,0.0,0.0,20.0,0.3,0.1,0.2,0.1,0.4,0.1,0.1,0.1,0.5,0.0,65535.0,0.21892118715190356,0.0,65535.0,0.113847562371252,0.0,0.0,0.0,0.0,0.0,0.0,0.0,0.0,0.0,0.0
97825.36,1.0699202130532621,0.0,30525.0,37.0,0.15874999999860964,30.6875,32.8125,37.01000000000005,0.0,0.0,0.0,0.0,0.0,20.0,0.3,0.1,0.2,0.1,0.4,0.1,0.1,0.1,0.5,0.0,65535.0,0.22107270923933775,0.0,65535.0,0.11494621194781414,0.0,0.0,0.0,0.0,0.0,0.0,0.0,0.0,0.0,0.0
97885.43,1.0593685622789502,0.0,30525.0,37.0,0.1316499999986175,30.875,32.75,36.81,0.0,0.0,0.0,0.0,0.0,20.0,0.3,0.1,0.2,0.1,0.4,0.1,0.1,0.1,0.5,0.0,65535.0,0.21988250553139543,0.0,65535.0,0.11447318226901655,0.0,0.0,0.0,0.0,0.0,0.0,0.0,0.0,0.0,0.0
97945.48,1.06487952384038,0.0,30525.0,37.0,0.11014999999860609,30.8125,32.8125,36.85000000000002,0.0,0.0,0.0,0.0,0.0,20.0,0.3,0.1,0.2,0.1,0.4,0.1,0.1,0.1,0.5,0.0,65535.0,0.22113374532692454,0.0,65535.0,0.1142442969405661,0.0,0.0,0.0,0.0,0.0,0.0,0.0,0.0,0.0,0.0
98005.54,1.0743922333582172,0.0,30525.0,37.0,0.15224999999861127,30.8125,32.8125,36.85000000000002,0.0,0.0,0.0,0.0,0.0,20.0,0.3,0.1,0.2,0.1,0.4,0.1,0.1,0.1,0.5,0.0,65535.0,0.2200198367284657,0.0,65535.0,0.11416800183108262,0.0,0.0,0.0,0.0,0.0,0.0,0.0,0.0,0.0,0.0
98065.62,1.0682100852916419,0.0,30525.0,37.0,0.17584999999860657,30.75,32.875,36.950000000000045,0.0,0.0,0.0,0.0,0.0,20.0,0.3,0.1,0.2,0.1,0.4,0.1,0.1,0.1,0.5,0.0,65535.0,0.21982146944380865,0.0,65535.0,0.11360341802090486,0.0,0.0,0.0,0.0,0.0,0.0,0.0,0.0,0.0,0.0
98125.72,1.0601737125341582,0.0,30525.0,37.0,0.16024999999860481,30.75,32.8125,37.03000000000003,0.0,0.0,0.0,0.0,0.0,20.0,0.3,0.1,0.2,0.1,0.4,0.1,0.1,0.1,0.5,0.0,65535.0,0.21948577096208133,0.0,65535.0,0.11334401464866102,0.0,0.0,0.0,0.0,0.0,0.0,0.0,0.0,0.0,0.0
98185.79,1.0791173512156913,0.0,30525.0,37.0,0.14554999999860313,30.75,32.75,36.97000000000003,0.0,0.0,0.0,0.0,0.0,20.0,0.3,0.1,0.2,0.1,0.4,0.1,0.1,0.1,0.5,0.0,65535.0,0.2200198367284657,0.0,65535.0,0.11421377889677271,0.0,0.0,0.0,0.0,0.0,0.0,0.0,0.0,0.0,0.0
98245.85,1.0868243020951434,0.0,30525.0,37.0,0.12104999999860608,30.75,32.75,36.85000000000002,0.0,0.0,0.0,0.0,0.0,20.0,0.3,0.1,0.2,0.1,0.4,0.1,0.1,0.1,0.5,0.0,65535.0,0.2199893186846723,0.0,65535.0,0.11421377889677271,0.0,0.0,0.0,0.0,0.0,0.0,0.0,0.0,0.0,0.0
98305.91,1.067533886419792,0.0,30525.0,37.0,0.17994999999861275,30.75,32.8125,36.85000000000002,0.0,0.0,0.0,0.0,0.0,20.0,0.3,0.1,0.2,0.1,0.4,0.1,0.1,0.1,0.5,0.0,65535.0,0.22014190890363927,0.0,65535.0,0.11461051346608682,0.0,0.0,0.0,0.0,0.0,0.0,0.0,0.0,0.0,0.0
98365.96,1.074849639274135,0.0,30525.0,37.0,0.15614999999860596,30.8125,32.8125,36.79000000000002,0.0,0.0,0.0,0.0,0.0,20.0,0.3,0.1,0.2,0.1,0.4,0.1,0.1,0.1,0.5,0.0,65535.0,0.21934843976501106,0.0,65535.0,0.11441214618142977,0.0,0.0,0.0,0.0,0.0,0.0,0.0,0.0,0.0,0.0
98426.03,1.091303608367041,0.0,30525.0,37.0,0.13374999999860956,30.8125,32.75,36.85000000000002,0.0,0.0,0.0,0.0,0.0,20.0,0.3,0.1,0.2,0.1,0.4,0.1,0.1,0.1,0.5,0.0,65535.0,0.2203860532539864,0.0,65535.0,0.11499198901350423,0.0,0.0,0.0,0.0,0.0,0.0,0.0,0.0,0.0,0.0
98486.08,1.078383518664624,0.0,30525.0,37.0,0.1628499999986098,30.6875,32.8125,36.950000000000045,0.0,0.0,0.0,0.0,0.0,20.0,0.3,0.1,0.2,0.1,0.4,0.1,0.1,0.1,0.5,0.0,65535.0,0.22053864347295338,0.0,65535.0,0.11453421835660334,0.0,0.0,0.0,0.0,0.0,0.0,0.0,0.0,0.0,0.0
98546.18,1.0765467795004584,0.0,30525.0,37.0,0.15374999999860386,30.6875,32.75,36.93000000000001,0.0,0.0,0.0,0.0,0.0,20.0,0.3,0.1,0.2,0.1,0.4,0.1,0.1,0.1,0.5,0.0,65535.0,0.22156099794003203,0.0,65535.0,0.11552605477988862,0.0,0.0,0.0,0.0,0.0,0.0,0.0,0.0,0.0,0.0
98606.21,1.052941052087726,0.0,30525.0,37.0,0.15614999999860338,30.75,32.8125,36.950000000000045,0.0,0.0,0.0,0.0,0.0,20.0,0.3,0.1,0.2,0.1,0.4,0.1,0.1,0.1,0.5,0.0,65535.0,0.22272068360418099,0.0,65535.0,0.11461051346608682,0.0,0.0,0.0,0.0,0.0,0.0,0.0,0.0,0.0,0.0
98666.26,1.0678082023135465,0.0,30525.0,37.0,0.16704999999860767,30.6875,32.8125,36.97000000000003,0.0,0.0,0.0,0.0,0.0,20.0,0.3,0.1,0.2,0.1,0.4,0.1,0.1,0.1,0.5,0.0,65535.0,0.22180514229037918,0.0,65535.0,0.11457999542229343,0.0,0.0,0.0,0.0,0.0,0.0,0.0,0.0,0.0,0.0
98726.3,1.0911542466393405,0.0,30525.0,37.0,0.1040499999986047,30.75,32.875,36.870000000000005,0.0,0.0,0.0,0.0,0.0,20.0,0.3,0.1,0.2,0.1,0.4,0.1,0.1,0.1,0.5,0.0,65535.0,0.22220187685969328,0.0,65535.0,0.11485465781643396,0.0,0.0,0.0,0.0,0.0,0.0,0.0,0.0,0.0,0.0
98786.38,1.0856941549644232,0.0,30525.0,37.0,0.1413499999985958,30.8125,32.75,36.77000000000004,0.0,0.0,0.0,0.0,0.0,20.0,0.3,0.1,0.2,0.1,0.4,0.1,0.1,0.1,0.5,0.0,65535.0,0.2208743419546807,0.0,65535.0,0.11534294651712826,0.0,0.0,0.0,0.0,0.0,0.0,0.0,0.0,0.0,0.0
98846.45,1.0948108749765357,0.0,30525.0,37.0,0.11164999999859354,30.75,32.8125,36.870000000000005,0.0,0.0,0.0,0.0,0.0,20.0,0.3,0.1,0.2,0.1,0.4,0.1,0.1,0.1,0.5,0.0,65535.0,0.2213168535896849,0.0,65535.0,0.1156023498893721,0.0,0.0,0.0,0.0,0.0,0.0,0.0,0.0,0.0,0.0
98906.53,1.076663230090137,0.0,30525.0,37.0,0.15194999999859868,30.875,32.75,36.690000000000055,0.0,0.0,0.0,0.0,0.0,20.0,0.3,0.1,0.2,0.1,0.4,0.1,0.1,0.1,0.5,0.0,65535.0,0.22061493858243686,0.0,65535.0,0.11537346456092165,0.0,0.0,0.0,0.0,0.0,0.0,0.0,0.0,0.0,0.0
98966.6,1.1023410679830568,0.0,30525.0,37.0,0.1543499999985982,30.5625,32.75,36.81,0.0,0.0,0.0,0.0,0.0,20.0,0.3,0.1,0.2,0.1,0.4,0.1,0.1,0.1,0.5,0.0,65535.0,0.22339208056763563,0.0,65535.0,0.11477836270695048,0.0,0.0,0.0,0.0,0.0,0.0,0.0,0.0,0.0,0.0
99026.68,1.0692211114977115,0.0,30525.0,37.0,0.15524999999859737,30.8125,32.75,36.89000000000004,0.0,0.0,0.0,0.0,0.0,20.0,0.3,0.1,0.2,0.1,0.4,0.1,0.1,0.1,0.5,0.0,65535.0,0.22375829709315634,0.0,65535.0,0.1146868085755703,0.0,0.0,0.0,0.0,0.0,0.0,0.0,0.0,0.0,0.0
99086.71,1.1077599246877743,0.0,30525.0,37.0,0.14054999999859566,30.75,32.8125,36.85000000000002,0.0,0.0,0.0,0.0,0.0,20.0,0.3,0.1,0.2,0.1,0.4,0.1,0.1,0.1,0.5,0.0,65535.0,0.22192721446555275,0.0,65535.0,0.11496147096971084,0.0,0.0,0.0,0.0,0.0,0.0,0.0,0.0,0.0,0.0
99146.75,1.073851409816224,0.0,30525.0,37.0,0.1543499999985956,30.75,32.75,37.03000000000003,0.0,0.0,0.0,0.0,0.0,20.0,0.3,0.1,0.2,0.1,0.4,0.1,0.1,0.1,0.5,0.0,65535.0,0.2231326771953918,0.0,65535.0,0.11596856641489281,0.0,0.0,0.0,0.0,0.0,0.0,0.0,0.0,0.0,0.0
99206.8,1.0956459203762634,0.0,30525.0,37.0,0.11724999999859836,30.6875,32.8125,36.97000000000003,0.0,0.0,0.0,0.0,0.0,20.0,0.3,0.1,0.2,0.1,0.4,0.1,0.1,0.1,0.5,0.0,65535.0,0.22114900434882123,0.0,65535.0,0.11633478294041352,0.0,0.0,0.0,0.0,0.0,0.0,0.0,0.0,0.0,0.0
99266.83,1.0659711474225333,0.0,30525.0,37.0,0.15964999999858906,30.8125,32.8125,36.73000000000002,0.0,0.0,0.0,0.0,0.0,20.0,0.3,0.1,0.2,0.1,0.4,0.1,0.1,0.1,0.5,0.0,65535.0,0.2224917982757305,0.0,65535.0,0.11615167467765317,0.0,0.0,0.0,0.0,0.0,0.0,0.0,0.0,0.0,0.0
99326.86,1.101928180610981,0.0,30525.0,37.0,0.1661499999985982,30.8125,32.8125,36.85000000000002,0.0,0.0,0.0,0.0,0.0,20.0,0.3,0.1,0.2,0.1,0.4,0.1,0.1,0.1,0.5,0.0,65535.0,0.22317845426108188,0.0,65535.0,0.11592278934920272,0.0,0.0,0.0,0.0,0.0,0.0,0.0,0.0,0.0,0.0
99386.91,1.0484536775219568,0.0,30525.0,37.0,0.07904999999858958,30.8125,32.8125,36.97000000000003,0.0,0.0,0.0,0.0,0.0,20.0,0.3,0.1,0.2,0.1,0.4,0.1,0.1,0.1,0.5,0.0,65535.0,0.2221255817502098,0.0,65535.0,0.11657892729076066,0.0,0.0,0.0,0.0,0.0,0.0,0.0,0.0,0.0,0.0
99446.98,1.0952529835749063,0.0,30525.0,37.0,0.18554999999859306,30.6875,32.8125,36.77000000000004,0.0,0.0,0.0,0.0,0.0,20.0,0.3,0.1,0.2,0.1,0.4,0.1,0.1,0.1,0.5,0.0,65535.0,0.22407873655298696,0.0,65535.0,0.11610589761196308,0.0,0.0,0.0,0.0,0.0,0.0,0.0,0.0,0.0,0.0
99507.08,1.0768413896482956,0.0,30525.0,37.0,0.18294999999859712,30.75,32.8125,36.97000000000003,0.0,0.0,0.0,0.0,0.0,20.0,0.3,0.1,0.2,0.1,0.4,0.1,0.1,0.1,0.5,0.0,65535.0,0.22490272373540857,0.0,65535.0,0.11635004196231022,0.0,0.0,0.0,0.0,0.0,0.0,0.0,0.0,0.0,0.0
99567.16,1.065779022912498,0.0,30525.0,37.0,0.1187499999985944,30.875,32.8125,36.93000000000001,0.0,0.0,0.0,0.0,0.0,20.0,0.3,0.1,0.2,0.1,0.4,0.1,0.1,0.1,0.5,0.0,65535.0,0.2251926451514458,0.0,65535.0,0.11688410772869459,0.0,0.0,0.0,0.0,0.0,0.0,0.0,0.0,0.0,0.0
99627.24,1.0649304847644905,0.0,30525.0,37.0,0.1313499999985946,30.75,32.8125,36.79000000000002,0.0,0.0,0.0,0.0,0.0,20.0,0.3,0.1,0.2,0.1,0.4,0.1,0.1,0.1,0.5,0.0,65535.0,0.22439917601281759,0.0,65535.0,0.1168383306630045,0.0,0.0,0.0,0.0,0.0,0.0,0.0,0.0,0.0,0.0
99687.32,1.078379578393556,0.0,30525.0,37.0,0.18314999999859097,30.8125,32.75,36.79000000000002,0.0,0.0,0.0,0.0,0.0,20.0,0.3,0.1,0.2,0.1,0.4,0.1,0.1,0.1,0.5,0.0,65535.0,0.2252384222171359,0.0,65535.0,0.11692988479438468,0.0,0.0,0.0,0.0,0.0,0.0,0.0,0.0,0.0,0.0
99747.38,1.0856418334847344,0.0,30525.0,37.0,0.2017499999985908,30.8125,32.75,36.870000000000005,0.0,0.0,0.0,0.0,0.0,20.0,0.3,0.1,0.2,0.1,0.4,0.1,0.1,0.1,0.5,0.0,65535.0,0.22314793621728848,0.0,65535.0,0.11593804837109942,0.0,0.0,0.0,0.0,0.0,0.0,0.0,0.0,0.0,0.0
99807.45,1.0766799768892605,0.0,30525.0,37.0,0.0846499999985802,30.75,32.8125,36.97000000000003,0.0,0.0,0.0,0.0,0.0,20.0,0.3,0.1,0.2,0.1,0.4,0.1,0.1,0.1,0.5,0.0,65535.0,0.22355992980849929,0.0,65535.0,0.1181048294804303,0.0,0.0,0.0,0.0,0.0,0.0,0.0,0.0,0.0,0.0
99867.5,1.1032625782157972,0.0,30525.0,37.0,0.13634999999858574,30.8125,32.8125,36.73000000000002,0.0,0.0,0.0,0.0,0.0,20.0,0.3,0.1,0.2,0.1,0.4,0.1,0.1,0.1,0.5,0.0,65535.0,0.2234683756771191,0.0,65535.0,0.11711299305714504,0.0,0.0,0.0,0.0,0.0,0.0,0.0,0.0,0.0,0.0
99927.56,1.0865374992948005,0.0,30525.0,37.0,0.14344999999858016,30.8125,32.8125,36.870000000000005,0.0,0.0,0.0,0.0,0.0,20.0,0.3,0.1,0.2,0.1,0.4,0.1,0.1,0.1,0.5,0.0,65535.0,0.22294956893263143,0.0,65535.0,0.11606012054627299,0.0,0.0,0.0,0.0,0.0,0.0,0.0,0.0,0.0,0.0
99987.61,1.067878169671362,0.0,30525.0,37.0,0.1334499999985884,30.8125,32.875,36.97000000000003,0.0,0.0,0.0,0.0,0.0,20.0,0.3,0.1,0.2,0.1,0.4,0.1,0.1,0.1,0.5,0.0,65535.0,0.22264438849469748,0.0,65535.0,0.11663996337834745,0.0,0.0,0.0,0.0,0.0,0.0,0.0,0.0,0.0,0.0
100047.69,1.0873075777447152,0.0,30525.0,37.0,0.17904999999858953,30.75,32.75,36.93000000000001,0.0,0.0,0.0,0.0,0.0,20.0,0.3,0.1,0.2,0.1,0.4,0.1,0.1,0.1,0.5,0.0,65535.0,0.22502479591058214,0.0,65535.0,0.11734187838559548,0.0,0.0,0.0,0.0,0.0,0.0,0.0,0.0,0.0,0.0
100107.74,1.1058360862613075,0.0,30525.0,37.0,0.09694999999857551,30.8125,32.8125,36.81,0.0,0.0,0.0,0.0,0.0,20.0,0.3,0.1,0.2,0.1,0.4,0.1,0.1,0.1,0.5,0.0,65535.0,0.22375829709315634,0.0,65535.0,0.11758602273594262,0.0,0.0,0.0,0.0,0.0,0.0,0.0,0.0,0.0,0.0
100167.79,1.0603909724441793,0.0,30525.0,37.0,0.17104999999857745,30.8125,32.75,36.77000000000004,0.0,0.0,0.0,0.0,0.0,20.0,0.3,0.1,0.2,0.1,0.4,0.1,0.1,0.1,0.5,0.0,65535.0,0.2255893797207599,0.0,65535.0,0.11692988479438468,0.0,0.0,0.0,0.0,0.0,0.0,0.0,0.0,0.0,0.0
100227.83,1.0786599876401413,0.0,30525.0,37.0,0.10954999999857398,30.6875,32.8125,36.89000000000004,0.0,0.0,0.0,0.0,0.0,20.0,0.3,0.1,0.2,0.1,0.4,0.1,0.1,0.1,0.5,0.0,65535.0,0.22629129472800794,0.0,65535.0,0.11738765545128557,0.0,0.0,0.0,0.0,0.0,0.0,0.0,0.0,0.0,0.0
100287.87,1.0787076843358578,0.0,30525.0,37.0,0.1834499999985804,30.75,32.8125,36.89000000000004,0.0,0.0,0.0,0.0,0.0,20.0,0.3,0.1,0.2,0.1,0.4,0.1,0.1,0.1,0.5,0.0,65535.0,0.2260624093995575,0.0,65535.0,0.11760128175783932,0.0,0.0,0.0,0.0,0.0,0.0,0.0,0.0,0.0,0.0
100347.92,1.0894469475020796,0.0,30525.0,37.0,0.13374999999858295,30.6875,32.75,36.85000000000002,0.0,0.0,0.0,0.0,0.0,20.0,0.3,0.1,0.2,0.1,0.4,0.1,0.1,0.1,0.5,0.0,65535.0,0.22442969405661098,0.0,65535.0,0.11700617990386816,0.0,0.0,0.0,0.0,0.0,0.0,0.0,0.0,0.0,0.0
100407.96,1.0739669098822384,0.0,30525.0,37.0,0.14404999999857274,30.6875,32.8125,36.950000000000045,0.0,0.0,0.0,0.0,0.0,20.0,0.3,0.1,0.2,0.1,0.4,0.1,0.1,0.1,0.5,0.0,65535.0,0.22465857938506142,0.0,65535.0,0.11677729457541772,0.0,0.0,0.0,0.0,0.0,0.0,0.0,0.0,0.0,0.0
100468.0,1.087684015800662,0.0,30525.0,37.0,0.11934999999858098,30.6875,32.8125,36.93000000000001,0.0,0.0,0.0,0.0,0.0,20.0,0.3,0.1,0.2,0.1,0.4,0.1,0.1,0.1,0.5,0.0,65535.0,0.22568093385214008,0.0,65535.0,0.11659418631265736,0.0,0.0,0.0,0.0,0.0,0.0,0.0,0.0,0.0,0.0
100528.08,1.0935845987029391,0.0,30525.0,37.0,0.16054999999857192,30.6875,32.75,36.950000000000045,0.0,0.0,0.0,0.0,0.0,20.0,0.3,0.1,0.2,0.1,0.4,0.1,0.1,0.1,0.5,0.0,65535.0,0.22510109102006562,0.0,65535.0,0.11700617990386816,0.0,0.0,0.0,0.0,0.0,0.0,0.0,0.0,0.0,0.0
100588.16,1.1262138125092187,0.0,30525.0,37.0,0.15584999999857535,30.6875,32.75,37.01000000000005,0.0,0.0,0.0,0.0,0.0,20.0,0.3,0.1,0.2,0.1,0.4,0.1,0.1,0.1,0.5,0.0,65535.0,0.22465857938506142,0.0,65535.0,0.11760128175783932,0.0,0.0,0.0,0.0,0.0,0.0,0.0,0.0,0.0,0.0
100648.23,1.0887311444392884,0.0,30525.0,37.0,0.134349999998579,30.8125,32.75,36.85000000000002,0.0,0.0,0.0,0.0,0.0,20.0,0.3,0.1,0.2,0.1,0.4,0.1,0.1,0.1,0.5,0.0,65535.0,0.22572671091783017,0.0,65535.0,0.11778439002059968,0.0,0.0,0.0,0.0,0.0,0.0,0.0,0.0,0.0,0.0
100708.28,1.107771402032131,0.0,30525.0,37.0,0.11194999999856753,30.875,32.75,36.85000000000002,0.0,0.0,0.0,0.0,0.0,20.0,0.3,0.1,0.2,0.1,0.4,0.1,0.1,0.1,0.5,0.0,65535.0,0.22572671091783017,0.0,65535.0,0.11763179980163271,0.0,0.0,0.0,0.0,0.0,0.0,0.0,0.0,0.0,0.0
100768.33,1.1123839819716697,0.0,30525.0,37.0,0.1946499999985793,30.75,32.8125,37.05000000000001,0.0,0.0,0.0,0.0,0.0,20.0,0.3,0.1,0.2,0.1,0.4,0.1,0.1,0.1,0.5,0.0,65535.0,0.22546730754558633,0.0,65535.0,0.11755550469214923,0.0,0.0,0.0,0.0,0.0,0.0,0.0,0.0,0.0,0.0
100828.4,1.0905112769261338,0.0,30525.0,37.0,0.15494999999857192,30.8125,32.75,36.93000000000001,0.0,0.0,0.0,0.0,0.0,20.0,0.3,0.1,0.2,0.1,0.4,0.1,0.1,0.1,0.5,0.0,65535.0,0.22507057297627223,0.0,65535.0,0.1172961013199054,0.0,0.0,0.0,0.0,0.0,0.0,0.0,0.0,0.0,0.0
100888.46,1.1222093925474799,0.0,30525.0,37.0,0.12404999999856989,30.75,32.875,36.950000000000045,0.0,0.0,0.0,0.0,0.0,20.0,0.3,0.1,0.2,0.1,0.4,0.1,0.1,0.1,0.5,0.0,65535.0,0.2272373540856031,0.0,65535.0,0.11760128175783932,0.0,0.0,0.0,0.0,0.0,0.0,0.0,0.0,0.0,0.0
100948.53,1.1302447369138506,0.0,30525.0,37.0,0.09164999999856752,30.8125,32.8125,37.05000000000001,0.0,0.0,0.0,0.0,0.0,20.0,0.3,0.1,0.2,0.1,0.4,0.1,0.1,0.1,0.5,0.0,65535.0,0.22595559624628062,0.0,65535.0,0.11792172121766994,0.0,0.0,0.0,0.0,0.0,0.0,0.0,0.0,0.0,0.0
101008.61,1.0758136477663762,0.0,30525.0,37.0,0.13724999999856866,30.625,32.8125,36.81,0.0,0.0046,0.25,0.0,0.0,20.0,0.3,0.1,0.2,0.1,0.4,0.1,0.1,0.1,0.5,0.0,65535.0,0.22829022659647516,0.0,65535.0,0.11778439002059968,0.0,0.0,0.0,0.0,0.0,0.0,0.0,0.0,0.0,0.0
101068.69,1.0536563839250341,0.0,30525.0,37.0,0.32099999999857404,30.6875,32.75,36.370000000000005,0.0,0.0,0.0,0.0,0.0,20.0,0.3,0.1,0.2,0.1,0.4,0.1,0.1,0.1,0.5,0.0,65535.0,0.220004577706569,0.0,65535.0,0.11486991683833066,0.0,0.0,0.0,0.0,0.0,0.0,0.0,0.0,0.0,0.0
101128.74,1.0631892466707829,0.0,30525.0,37.0,0.1767499999985631,30.75,32.8125,37.110000000000014,0.0,0.0,0.0,0.0,0.0,20.0,0.3,0.1,0.2,0.1,0.4,0.1,0.1,0.1,0.5,0.0,65535.0,0.21864652475776303,0.0,65535.0,0.11355764095521477,0.0,0.0,0.0,0.0,0.0,0.0,0.0,0.0,0.0,0.0
101188.8,1.0571293860583006,0.0,30525.0,37.0,0.10724999999856435,30.8125,32.8125,36.950000000000045,0.0,0.0,0.0,0.0,0.0,20.0,0.3,0.1,0.2,0.1,0.4,0.1,0.1,0.1,0.5,0.0,65535.0,0.2199740596627756,0.0,65535.0,0.11416800183108262,0.0,0.0,0.0,0.0,0.0,0.0,0.0,0.0,0.0,0.0
101248.84,1.0697727170656197,0.0,30525.0,37.0,0.14514999999856995,30.6875,32.75,36.870000000000005,0.0,0.0,0.0,0.0,0.0,20.0,0.3,0.1,0.2,0.1,0.4,0.1,0.1,0.1,0.5,0.0,65535.0,0.2196231021591516,0.0,65535.0,0.1142748149843595,0.0,0.0,0.0,0.0,0.0,0.0,0.0,0.0,0.0,0.0
101308.88,1.0853014231584375,0.0,30525.0,37.0,0.11544999999856853,30.75,32.8125,36.81,0.0,0.0,0.0,0.0,0.0,20.0,0.3,0.1,0.2,0.1,0.4,0.1,0.1,0.1,0.5,0.0,65535.0,0.21985198748760204,0.0,65535.0,0.11462577248798352,0.0,0.0,0.0,0.0,0.0,0.0,0.0,0.0,0.0,0.0
101368.97,1.0454746307235028,0.0,30525.0,37.0,0.16954999999856024,30.75,32.8125,37.05000000000001,0.0,0.0,0.0,0.0,0.0,20.0,0.3,0.1,0.2,0.1,0.4,0.1,0.1,0.1,0.5,0.0,65535.0,0.21945525291828794,0.0,65535.0,0.1146868085755703,0.0,0.0,0.0,0.0,0.0,0.0,0.0,0.0,0.0,0.0
101429.04,1.048866535299759,0.0,30525.0,37.0,0.17394999999856958,30.75,32.75,36.93000000000001,0.0,0.0,0.0,0.0,0.0,20.0,0.3,0.1,0.2,0.1,0.4,0.1,0.1,0.1,0.5,0.0,65535.0,0.2191958495460441,0.0,65535.0,0.11416800183108262,0.0,0.0,0.0,0.0,0.0,0.0,0.0,0.0,0.0,0.0
101489.09,1.092840727568709,0.0,30525.0,37.0,0.13184999999856267,30.6875,32.75,37.03000000000003,0.0,0.0,0.0,0.0,0.0,20.0,0.3,0.1,0.2,0.1,0.4,0.1,0.1,0.1,0.5,0.0,65535.0,0.22194247348744944,0.0,65535.0,0.11462577248798352,0.0,0.0,0.0,0.0,0.0,0.0,0.0,0.0,0.0,0.0
101549.17,1.0814129184447714,0.0,30525.0,37.0,0.1621499999985627,30.8125,32.8125,37.13000000000005,0.0,0.0,0.0,0.0,0.0,20.0,0.3,0.1,0.2,0.1,0.4,0.1,0.1,0.1,0.5,0.0,65535.0,0.2200656137941558,0.0,65535.0,0.11457999542229343,0.0,0.0,0.0,0.0,0.0,0.0,0.0,0.0,0.0,0.0
101609.25,1.0885788489782788,0.0,30525.0,37.0,0.1300499999985609,30.875,32.75,37.01000000000005,0.0,0.0,0.0,0.0,0.0,20.0,0.3,0.1,0.2,0.1,0.4,0.1,0.1,0.1,0.5,0.0,65535.0,0.21943999389639124,0.0,65535.0,0.11526665140764478,0.0,0.0,0.0,0.0,0.0,0.0,0.0,0.0,0.0,0.0
101669.33,1.0908448804910305,0.0,30525.0,37.0,0.18094999999855724,30.8125,32.75,36.870000000000005,0.0,0.0,0.0,0.0,0.0,20.0,0.3,0.1,0.2,0.1,0.4,0.1,0.1,0.1,0.5,0.0,65535.0,0.2204623483634699,0.0,65535.0,0.11433585107194628,0.0,0.0,0.0,0.0,0.0,0.0,0.0,0.0,0.0,0.0
101729.36,1.1120926885135134,0.0,30525.0,37.0,0.10114999999855279,30.6875,32.75,37.01000000000005,0.0,0.0,0.0,0.0,0.0,20.0,0.3,0.1,0.2,0.1,0.4,0.1,0.1,0.1,0.5,0.0,65535.0,0.22160677500572212,0.0,65535.0,0.11500724803540092,0.0,0.0,0.0,0.0,0.0,0.0,0.0,0.0,0.0,0.0
101789.4,1.0830713448569922,0.0,30525.0,37.0,0.20884999999855602,30.8125,32.75,36.89000000000004,0.0,0.0,0.0,0.0,0.0,20.0,0.3,0.1,0.2,0.1,0.4,0.1,0.1,0.1,0.5,0.0,65535.0,0.22221713588158998,0.0,65535.0,0.11621271076523995,0.0,0.0,0.0,0.0,0.0,0.0,0.0,0.0,0.0,0.0
101849.44,1.0882093875096435,0.0,30525.0,37.0,0.18034999999855353,30.75,32.8125,37.03000000000003,0.0,0.0,0.0,0.0,0.0,20.0,0.3,0.1,0.2,0.1,0.4,0.1,0.1,0.1,0.5,0.0,65535.0,0.22070649271381704,0.0,65535.0,0.1155718318455787,0.0,0.0,0.0,0.0,0.0,0.0,0.0,0.0,0.0,0.0
101909.49,1.0742291558174326,0.0,30525.0,37.0,0.12174999999855993,30.8125,32.75,36.950000000000045,0.0,0.0,0.0,0.0,0.0,20.0,0.3,0.1,0.2,0.1,0.4,0.1,0.1,0.1,0.5,0.0,65535.0,0.22137788967727168,0.0,65535.0,0.11549553673609522,0.0,0.0,0.0,0.0,0.0,0.0,0.0,0.0,0.0,0.0
101969.53,1.1004108010495746,0.0,30525.0,37.0,0.20734999999855228,30.8125,32.75,36.950000000000045,0.0,0.0,0.0,0.0,0.0,20.0,0.3,0.1,0.2,0.1,0.4,0.1,0.1,0.1,0.5,0.0,65535.0,0.2216678110933089,0.0,65535.0,0.11563286793316549,0.0,0.0,0.0,0.0,0.0,0.0,0.0,0.0,0.0,0.0
102029.58,1.0784881587223194,0.0,30525.0,37.0,0.1452499999985485,30.6875,32.75,36.870000000000005,0.0,0.0,0.0,0.0,0.0,20.0,0.3,0.1,0.2,0.1,0.4,0.1,0.1,0.1,0.5,0.0,65535.0,0.2217288471808957,0.0,65535.0,0.11540398260471504,0.0,0.0,0.0,0.0,0.0,0.0,0.0,0.0,0.0,0.0
102089.65,1.082833558074182,0.0,30525.0,37.0,0.17734999999854859,30.8125,32.8125,36.97000000000003,0.0,0.0,0.0,0.0,0.0,20.0,0.3,0.1,0.2,0.1,0.4,0.1,0.1,0.1,0.5,0.0,65535.0,0.2231174181734951,0.0,65535.0,0.11622796978713665,0.0,0.0,0.0,0.0,0.0,0.0,0.0,0.0,0.0,0.0
102149.71,1.0804999293642683,0.0,30525.0,37.0,0.13904999999855072,30.8125,32.8125,36.85000000000002,0.0,0.0,0.0,0.0,0.0,20.0,0.3,0.1,0.2,0.1,0.4,0.1,0.1,0.1,0.5,0.0,65535.0,0.2217441062027924,0.0,65535.0,0.11575494010833906,0.0,0.0,0.0,0.0,0.0,0.0,0.0,0.0,0.0,0.0
102209.78,1.0775300618915988,0.0,30525.0,37.0,0.16174999999854597,30.6875,32.75,37.03000000000003,0.0,0.0,0.0,0.0,0.0,20.0,0.3,0.1,0.2,0.1,0.4,0.1,0.1,0.1,0.5,0.0,65535.0,0.22105745021744105,0.0,65535.0,0.11548027771419853,0.0,0.0,0.0,0.0,0.0,0.0,0.0,0.0,0.0,0.0
102269.82,1.0826864317778346,0.0,30525.0,37.0,0.14614999999854425,30.75,32.75,36.870000000000005,0.0,0.0,0.0,0.0,0.0,20.0,0.3,0.1,0.2,0.1,0.4,0.1,0.1,0.1,0.5,0.0,65535.0,0.22076752880140382,0.0,65535.0,0.11548027771419853,0.0,0.0,0.0,0.0,0.0,0.0,0.0,0.0,0.0,0.0
102329.9,1.0900134502878727,0.0,30525.0,37.0,0.16144999999854368,30.75,32.75,37.05000000000001,0.0,0.0,0.0,0.0,0.0,20.0,0.3,0.1,0.2,0.1,0.4,0.1,0.1,0.1,0.5,0.0,65535.0,0.2213168535896849,0.0,65535.0,0.11624322880903334,0.0,0.0,0.0,0.0,0.0,0.0,0.0,0.0,0.0,0.0
102389.96,1.1060013977060914,0.0,30525.0,37.0,0.12494999999854589,30.75,32.8125,37.03000000000003,0.0,0.0,0.0,0.0,0.0,20.0,0.3,0.1,0.2,0.1,0.4,0.1,0.1,0.1,0.5,0.0,65535.0,0.2213168535896849,0.0,65535.0,0.11606012054627299,0.0,0.0,0.0,0.0,0.0,0.0,0.0,0.0,0.0,0.0
102450.04,1.0829572312811426,0.0,30525.0,37.0,0.0922499999985438,30.6875,32.6875,36.93000000000001,0.0,0.0,0.0,0.0,0.0,20.0,0.3,0.1,0.2,0.1,0.4,0.1,0.1,0.1,0.5,0.0,65535.0,0.2217441062027924,0.0,65535.0,0.11596856641489281,0.0,0.0,0.0,0.0,0.0,0.0,0.0,0.0,0.0,0.0
102510.11,1.0880317178636678,0.0,30525.0,37.0,0.16374999999855067,30.75,32.8125,37.05000000000001,0.0,0.0,0.0,0.0,0.0,20.0,0.3,0.1,0.2,0.1,0.4,0.1,0.1,0.1,0.5,0.0,65535.0,0.223071641107805,0.0,65535.0,0.11595330739299611,0.0,0.0,0.0,0.0,0.0,0.0,0.0,0.0,0.0,0.0
102570.18,1.0943622578946757,0.0,30525.0,37.0,0.13664999999854432,30.75,32.75,36.870000000000005,0.0,0.0,0.0,0.0,0.0,20.0,0.3,0.1,0.2,0.1,0.4,0.1,0.1,0.1,0.5,0.0,65535.0,0.22241550316624703,0.0,65535.0,0.1160296025024796,0.0,0.0,0.0,0.0,0.0,0.0,0.0,0.0,0.0,0.0
102630.24,1.1037697291264323,0.0,30525.0,37.0,0.1728499999985398,30.6875,32.75,36.950000000000045,0.0,0.0,0.0,0.0,0.0,20.0,0.3,0.1,0.2,0.1,0.4,0.1,0.1,0.1,0.5,0.0,65535.0,0.22360570687418937,0.0,65535.0,0.11612115663385977,0.0,0.0,0.0,0.0,0.0,0.0,0.0,0.0,0.0,0.0
102690.28,1.10120749181834,0.0,30525.0,37.0,0.10074999999854597,30.75,32.75,36.710000000000036,0.0,0.0,0.0,0.0,0.0,20.0,0.3,0.1,0.2,0.1,0.4,0.1,0.1,0.1,0.5,0.0,65535.0,0.22412451361867705,0.0,65535.0,0.11692988479438468,0.0,0.0,0.0,0.0,0.0,0.0,0.0,0.0,0.0,0.0
102750.33,1.116115796528101,0.0,30525.0,37.0,0.14984999999854223,30.75,32.75,36.79000000000002,0.0,0.0,0.0,0.0,0.0,20.0,0.3,0.1,0.2,0.1,0.4,0.1,0.1,0.1,0.5,0.0,65535.0,0.22262912947280078,0.0,65535.0,0.11790646219577325,0.0,0.0,0.0,0.0,0.0,0.0,0.0,0.0,0.0,0.0
102810.4,1.094972965080487,0.0,30525.0,37.0,0.18284999999854235,30.6875,32.6875,36.870000000000005,0.0,0.0,0.0,0.0,0.0,20.0,0.3,0.1,0.2,0.1,0.4,0.1,0.1,0.1,0.5,0.0,65535.0,0.22206454566262301,0.0,65535.0,0.11744869153887236,0.0,0.0,0.0,0.0,0.0,0.0,0.0,0.0,0.0,0.0
102870.46,1.120602827753903,0.0,30525.0,37.0,0.16024999999853531,30.6875,32.75,37.01000000000005,0.0,0.0,0.0,0.0,0.0,20.0,0.3,0.1,0.2,0.1,0.4,0.1,0.1,0.1,0.5,0.0,65535.0,0.22505531395437553,0.0,65535.0,0.118120088502327,0.0,0.0,0.0,0.0,0.0,0.0,0.0,0.0,0.0,0.0
102930.5,1.0914396188803819,0.0,30525.0,37.0,0.15494999999853928,30.75,32.75,36.81,0.0,0.0,0.0,0.0,0.0,20.0,0.3,0.1,0.2,0.1,0.4,0.1,0.1,0.1,0.5,0.0,65535.0,0.22371252002746625,0.0,65535.0,0.11691462577248798,0.0,0.0,0.0,0.0,0.0,0.0,0.0,0.0,0.0,0.0
102990.54,1.0963540515274737,0.0,30525.0,37.0,0.12344999999853695,30.6875,32.75,36.93000000000001,0.0,0.0,0.0,0.0,0.0,20.0,0.3,0.1,0.2,0.1,0.4,0.1,0.1,0.1,0.5,0.0,65535.0,0.22233920805676355,0.0,65535.0,0.11714351110093843,0.0,0.0,0.0,0.0,0.0,0.0,0.0,0.0,0.0,0.0
103050.63,1.1130171614462205,0.0,30525.0,37.0,0.15994999999853216,30.75,32.6875,36.93000000000001,0.0,0.0,0.0,0.0,0.0,20.0,0.3,0.1,0.2,0.1,0.4,0.1,0.1,0.1,0.5,0.0,65535.0,0.22342259861142902,0.0,65535.0,0.11775387197680628,0.0,0.0,0.0,0.0,0.0,0.0,0.0,0.0,0.0,0.0
103110.69,1.1239579613452846,0.0,30525.0,37.0,0.1381499999985352,30.6875,32.6875,37.01000000000005,0.0,0.0,0.0,0.0,0.0,20.0,0.3,0.1,0.2,0.1,0.4,0.1,0.1,0.1,0.5,0.0,65535.0,0.22287327382314795,0.0,65535.0,0.11720454718852522,0.0,0.0,0.0,0.0,0.0,0.0,0.0,0.0,0.0,0.0
103170.77,1.076274601782356,0.0,30525.0,37.0,0.09804999999853811,30.75,32.75,36.79000000000002,0.0,0.0,0.0,0.0,0.0,20.0,0.3,0.1,0.2,0.1,0.4,0.1,0.1,0.1,0.5,0.0,65535.0,0.2243381399252308,0.0,65535.0,0.11749446860456245,0.0,0.0,0.0,0.0,0.0,0.0,0.0,0.0,0.0,0.0
103230.85,1.094460253476759,0.0,30525.0,37.0,0.18254999999853574,30.6875,32.75,36.85000000000002,0.0,0.0,0.0,0.0,0.0,20.0,0.3,0.1,0.2,0.1,0.4,0.1,0.1,0.1,0.5,0.0,65535.0,0.22510109102006562,0.0,65535.0,0.11731136034180209,0.0,0.0,0.0,0.0,0.0,0.0,0.0,0.0,0.0,0.0
103290.93,1.11790286047286,0.0,30525.0,37.0,0.12194999999853229,30.6875,32.75,36.81,0.0,0.0,0.0,0.0,0.0,20.0,0.3,0.1,0.2,0.1,0.4,0.1,0.1,0.1,0.5,0.0,65535.0,0.2239719233997101,0.0,65535.0,0.11741817349507896,0.0,0.0,0.0,0.0,0.0,0.0,0.0,0.0,0.0,0.0
103351.0,1.0920132707010723,0.0,30525.0,37.0,0.17964999999853834,30.75,32.6875,36.81,0.0,0.0,0.0,0.0,0.0,20.0,0.3,0.1,0.2,0.1,0.4,0.1,0.1,0.1,0.5,0.0,65535.0,0.22366674296177616,0.0,65535.0,0.11754024567025254,0.0,0.0,0.0,0.0,0.0,0.0,0.0,0.0,0.0,0.0
103411.07,1.1084244926271212,0.0,30525.0,37.0,0.14524999999852614,30.6875,32.75,36.73000000000002,0.0,0.0,0.0,0.0,0.0,20.0,0.3,0.1,0.2,0.1,0.4,0.1,0.1,0.1,0.5,0.0,65535.0,0.22580300602731365,0.0,65535.0,0.11760128175783932,0.0,0.0,0.0,0.0,0.0,0.0,0.0,0.0,0.0,0.0
103471.15,1.0946023403896328,0.0,30525.0,37.0,0.13554999999853495,30.6875,32.6875,37.05000000000001,0.0,0.0,0.0,0.0,0.0,20.0,0.3,0.1,0.2,0.1,0.4,0.1,0.1,0.1,0.5,0.0,65535.0,0.22392614633402,0.0,65535.0,0.11863889524681467,0.0,0.0,0.0,0.0,0.0,0.0,0.0,0.0,0.0,0.0
103531.22,1.104065902403895,0.0,30525.0,37.0,0.16494999999853577,30.6875,32.6875,36.73000000000002,0.0,0.0,0.0,0.0,0.0,20.0,0.3,0.1,0.2,0.1,0.4,0.1,0.1,0.1,0.5,0.0,65535.0,0.22525368123903258,0.0,65535.0,0.11839475089646753,0.0,0.0,0.0,0.0,0.0,0.0,0.0,0.0,0.0,0.0
103591.27,1.0868895395799618,0.0,30525.0,37.0,0.161149999998525,30.625,32.6875,36.950000000000045,0.0,0.0,0.0,0.0,0.0,20.0,0.3,0.1,0.2,0.1,0.4,0.1,0.1,0.1,0.5,0.0,65535.0,0.22327000839246205,0.0,65535.0,0.11796749828336003,0.0,0.0,0.0,0.0,0.0,0.0,0.0,0.0,0.0,0.0
103651.31,1.1270326374730961,0.0,30525.0,37.0,0.16054999999852382,30.75,32.6875,36.89000000000004,0.0,0.0,0.0,0.0,0.0,20.0,0.3,0.1,0.2,0.1,0.4,0.1,0.1,0.1,0.5,0.0,65535.0,0.22415503166247044,0.0,65535.0,0.11822690165560387,0.0,0.0,0.0,0.0,0.0,0.0,0.0,0.0,0.0,0.0
103711.35,1.1067210534734384,0.0,30525.0,37.0,0.12494999999852605,30.6875,32.6875,36.97000000000003,0.0,0.0,0.0,0.0,0.0,20.0,0.3,0.1,0.2,0.1,0.4,0.1,0.1,0.1,0.5,0.0,65535.0,0.2256046387426566,0.0,65535.0,0.11863889524681467,0.0,0.0,0.0,0.0,0.0,0.0,0.0,0.0,0.0,0.0
103771.4,1.127683250604766,0.0,30525.0,37.0,0.1761499999985221,30.6875,32.6875,36.85000000000002,0.0,0.0,0.0,0.0,0.0,20.0,0.3,0.1,0.2,0.1,0.4,0.1,0.1,0.1,0.5,0.0,65535.0,0.2247501335164416,0.0,65535.0,0.11871519035629816,0.0,0.0,0.0,0.0,0.0,0.0,0.0,0.0,0.0,0.0
103831.45,1.1021930790835635,0.0,30525.0,37.0,0.1402499999985246,30.5625,32.75,36.870000000000005,0.0,0.0,0.0,0.0,0.0,20.0,0.3,0.1,0.2,0.1,0.4,0.1,0.1,0.1,0.5,0.0,65535.0,0.22467383840695812,0.0,65535.0,0.11932555123216602,0.0,0.0,0.0,0.0,0.0,0.0,0.0,0.0,0.0,0.0
103891.52,1.0931770813395536,0.0,30525.0,37.0,0.11194999999851765,30.6875,32.6875,37.09000000000003,0.0,0.0,0.0,0.0,0.0,20.0,0.3,0.1,0.2,0.1,0.4,0.1,0.1,0.1,0.5,0.0,65535.0,0.22546730754558633,0.0,65535.0,0.11966124971389334,0.0,0.0,0.0,0.0,0.0,0.0,0.0,0.0,0.0,0.0
103951.55,1.0912297267661701,0.0,30525.0,37.0,0.15634999999851817,30.625,32.75,36.77000000000004,0.0,0.0,0.0,0.0,0.0,20.0,0.3,0.1,0.2,0.1,0.4,0.1,0.1,0.1,0.5,0.0,65535.0,0.22633707179369802,0.0,65535.0,0.11905088883802548,0.0,0.0,0.0,0.0,0.0,0.0,0.0,0.0,0.0,0.0
104011.6,1.0978819505756348,0.0,30525.0,37.0,0.1578499999985168,30.625,32.6875,36.77000000000004,0.0,0.0,0.0,0.0,0.0,20.0,0.3,0.1,0.2,0.1,0.4,0.1,0.1,0.1,0.5,0.0,65535.0,0.22508583199816892,0.0,65535.0,0.1185473411154345,0.0,0.0,0.0,0.0,0.0,0.0,0.0,0.0,0.0,0.0
104071.66,1.0895813501671798,0.0,30525.0,37.0,0.1584499999985154,30.6875,32.6875,36.81,0.0,0.0,0.0,0.0,0.0,20.0,0.3,0.1,0.2,0.1,0.4,0.1,0.1,0.1,0.5,0.0,65535.0,0.22539101243610285,0.0,65535.0,0.11883726253147173,0.0,0.0,0.0,0.0,0.0,0.0,0.0,0.0,0.0,0.0
104131.74,1.0869419212787044,0.0,30525.0,37.0,0.15254999999851904,30.6875,32.75,36.870000000000005,0.0,0.0,0.0,0.0,0.0,20.0,0.3,0.1,0.2,0.1,0.4,0.1,0.1,0.1,0.5,0.0,65535.0,0.22714579995422293,0.0,65535.0,0.12040894178683147,0.0,0.0,0.0,0.0,0.0,0.0,0.0,0.0,0.0,0.0
104191.78,1.0859776592476151,0.0,30525.0,37.0,0.17284999999851391,30.625,32.75,36.73000000000002,0.0,0.0,0.0,0.0,0.0,20.0,0.3,0.1,0.2,0.1,0.4,0.1,0.1,0.1,0.5,0.0,65535.0,0.2252384222171359,0.0,65535.0,0.1198596169985504,0.0,0.0,0.0,0.0,0.0,0.0,0.0,0.0,0.0,0.0
104251.83,1.0944907281237968,0.0,30525.0,37.0,0.14054999999851656,30.6875,32.6875,36.93000000000001,0.0,0.0,0.0,0.0,0.0,20.0,0.3,0.1,0.2,0.1,0.4,0.1,0.1,0.1,0.5,0.0,65535.0,0.22786297398336766,0.0,65535.0,0.1210955977721828,0.0,0.0,0.0,0.0,0.0,0.0,0.0,0.0,0.0,0.0
104311.87,1.1054870881126608,0.0,30525.0,37.0,0.12344999999851533,30.625,32.6875,36.81,0.0,0.0,0.0,0.0,0.0,20.0,0.3,0.1,0.2,0.1,0.4,0.1,0.1,0.1,0.5,0.0,65535.0,0.22592507820248722,0.0,65535.0,0.11844052796215762,0.0,0.0,0.0,0.0,0.0,0.0,0.0,0.0,0.0,0.0
104371.92,1.0955928510100046,0.0,30525.0,37.0,0.1637499999985213,30.625,32.6875,36.93000000000001,0.0,0.0,0.0,0.0,0.0,20.0,0.3,0.1,0.2,0.1,0.4,0.1,0.1,0.1,0.5,0.0,65535.0,0.226840619516289,0.0,65535.0,0.11956969558251317,0.0,0.0,0.0,0.0,0.0,0.0,0.0,0.0,0.0,0.0
104431.99,1.1299208542640575,0.0,30525.0,37.0,0.1611499999985103,30.625,32.6875,36.950000000000045,0.0,0.0,0.0,0.0,0.0,20.0,0.3,0.1,0.2,0.1,0.4,0.1,0.1,0.1,0.5,0.0,65535.0,0.22545204852368964,0.0,65535.0,0.11914244296940567,0.0,0.0,0.0,0.0,0.0,0.0,0.0,0.0,0.0,0.0
104492.06,1.0877137811540951,0.0,30525.0,37.0,0.14054999999851311,30.625,32.6875,36.93000000000001,0.0,0.0,0.0,0.0,0.0,20.0,0.3,0.1,0.2,0.1,0.4,0.1,0.1,0.1,0.5,0.0,65535.0,0.22717631799801632,0.0,65535.0,0.11955443656061647,0.0,0.0,0.0,0.0,0.0,0.0,0.0,0.0,0.0,0.0
104552.12,1.0980680814500314,0.0,30525.0,37.0,0.13764999999851746,30.75,32.6875,36.97000000000003,0.0,0.0,0.0,0.0,0.0,20.0,0.3,0.1,0.2,0.1,0.4,0.1,0.1,0.1,0.5,0.0,65535.0,0.22542153047989624,0.0,65535.0,0.11918822003509576,0.0,0.0,0.0,0.0,0.0,0.0,0.0,0.0,0.0,0.0
104612.15,1.1157956645580551,0.0,30525.0,37.0,0.09934999999850538,30.6875,32.625,36.93000000000001,0.0,0.0,0.0,0.0,0.0,20.0,0.3,0.1,0.2,0.1,0.4,0.1,0.1,0.1,0.5,0.0,65535.0,0.22624551766231785,0.0,65535.0,0.11898985275043869,0.0,0.0,0.0,0.0,0.0,0.0,0.0,0.0,0.0,0.0
104672.19,1.0863199171306008,0.0,30525.0,37.0,0.12404999999851046,30.6875,32.6875,36.93000000000001,0.0,0.0,0.0,0.0,0.0,20.0,0.3,0.1,0.2,0.1,0.4,0.1,0.1,0.1,0.5,0.0,65535.0,0.22571145189593347,0.0,65535.0,0.12016479743648432,0.0,0.0,0.0,0.0,0.0,0.0,0.0,0.0,0.0,0.0
104732.23,1.0864721334435594,0.0,30525.0,37.0,0.1316499999985152,30.75,32.6875,36.89000000000004,0.0,0.0,0.0,0.0,0.0,20.0,0.3,0.1,0.2,0.1,0.4,0.1,0.1,0.1,0.5,0.0,65535.0,0.22664225223163195,0.0,65535.0,0.11950865949492638,0.0,0.0,0.0,0.0,0.0,0.0,0.0,0.0,0.0,0.0
104792.26,1.0935376843723763,0.0,30525.0,37.0,0.18224999999851182,30.75,32.6875,36.610000000000014,0.0,0.0,0.0,0.0,0.0,20.0,0.3,0.1,0.2,0.1,0.4,0.1,0.1,0.1,0.5,0.0,65535.0,0.2285648889906157,0.0,65535.0,0.12037842374303807,0.0,0.0,0.0,0.0,0.0,0.0,0.0,0.0,0.0,0.0
104852.32,1.116282308782384,0.0,30525.0,37.0,0.1799499999985156,30.75,32.625,36.89000000000004,0.0,0.0,0.0,0.0,0.0,20.0,0.3,0.1,0.2,0.1,0.4,0.1,0.1,0.1,0.5,0.0,65535.0,0.22780193789578088,0.0,65535.0,0.12021057450217441,0.0,0.0,0.0,0.0,0.0,0.0,0.0,0.0,0.0,0.0
104912.39,1.093133427960936,0.0,30525.0,37.0,0.18054999999851504,30.75,32.625,36.870000000000005,0.0,0.0,0.0,0.0,0.0,20.0,0.3,0.1,0.2,0.1,0.4,0.1,0.1,0.1,0.5,0.0,65535.0,0.2277103837644007,0.0,65535.0,0.12056153200579843,0.0,0.0,0.0,0.0,0.0,0.0,0.0,0.0,0.0,0.0
104972.47,1.129618893019296,0.0,30525.0,37.0,0.14524999999850283,30.625,32.625,37.05000000000001,0.0,0.0,0.0,0.0,0.0,20.0,0.3,0.1,0.2,0.1,0.4,0.1,0.1,0.1,0.5,0.0,65535.0,0.22839703974975203,0.0,65535.0,0.11966124971389334,0.0,0.0,0.0,0.0,0.0,0.0,0.0,0.0,0.0,0.0
105032.54,1.0825891718624736,0.0,30525.0,37.0,0.1249499999985062,30.6875,32.75,36.89000000000004,0.0,0.0,0.0,0.0,0.0,20.0,0.3,0.1,0.2,0.1,0.4,0.1,0.1,0.1,0.5,0.0,65535.0,0.22801556420233463,0.0,65535.0,0.12054627298390173,0.0,0.0,0.0,0.0,0.0,0.0,0.0,0.0,0.0,0.0
105092.61,1.0848962649877196,0.0,30525.0,37.0,0.13524999999851103,30.75,32.6875,36.93000000000001,0.0,0.0,0.0,0.0,0.0,20.0,0.3,0.1,0.2,0.1,0.4,0.1,0.1,0.1,0.5,0.0,65535.0,0.22780193789578088,0.0,65535.0,0.12072938124666209,0.0,0.0,0.0,0.0,0.0,0.0,0.0,0.0,0.0,0.0
105152.68,1.092308108080166,0.0,30525.0,37.0,0.24034999999850412,30.6875,32.6875,36.73000000000002,0.0,0.0,0.0,0.0,0.0,20.0,0.3,0.1,0.2,0.1,0.4,0.1,0.1,0.1,0.5,0.0,65535.0,0.22803082322423132,0.0,65535.0,0.12033264667734798,0.0,0.0,0.0,0.0,0.0,0.0,0.0,0.0,0.0,0.0
105212.76,1.095333415624848,0.0,30525.0,37.0,0.1418499999985093,30.75,32.6875,37.05000000000001,0.0,0.0,0.0,0.0,0.0,20.0,0.3,0.1,0.2,0.1,0.4,0.1,0.1,0.1,0.5,0.0,65535.0,0.22819867246509498,0.0,65535.0,0.12123292896925307,0.0,0.0,0.0,0.0,0.0,0.0,0.0,0.0,0.0,0.0
105272.83,1.0884221505874319,0.0,30525.0,37.0,0.09674999999850173,30.75,32.6875,37.01000000000005,0.0,0.0,0.0,0.0,0.0,20.0,0.3,0.1,0.2,0.1,0.4,0.1,0.1,0.1,0.5,0.0,65535.0,0.22885481040665293,0.0,65535.0,0.12170595864805066,0.0,0.0,0.0,0.0,0.0,0.0,0.0,0.0,0.0,0.0
105332.87,1.1063607422325101,0.0,30525.0,37.0,0.12524999999850167,30.75,32.6875,36.950000000000045,0.0,0.0,0.0,0.0,0.0,20.0,0.3,0.1,0.2,0.1,0.4,0.1,0.1,0.1,0.5,0.0,65535.0,0.22914473182269016,0.0,65535.0,0.12077515831235218,0.0,0.0,0.0,0.0,0.0,0.0,0.0,0.0,0.0,0.0
105392.92,1.115399396286272,0.0,30525.0,37.0,0.16144999999849716,30.75,32.6875,37.05000000000001,0.0,0.0,0.0,0.0,0.0,20.0,0.3,0.1,0.2,0.1,0.4,0.1,0.1,0.1,0.5,0.0,65535.0,0.22868696116578927,0.0,65535.0,0.12089723048752575,0.0,0.0,0.0,0.0,0.0,0.0,0.0,0.0,0.0,0.0
105452.96,1.098585351185723,0.0,30525.0,37.0,0.14614999999849518,30.75,32.6875,36.93000000000001,0.0,0.0,0.0,0.0,0.0,20.0,0.3,0.1,0.2,0.1,0.4,0.1,0.1,0.1,0.5,0.0,65535.0,0.22806134126802471,0.0,65535.0,0.12094300755321584,0.0,0.0,0.0,0.0,0.0,0.0,0.0,0.0,0.0,0.0
105513.0,1.0939161905776436,0.0,30525.0,37.0,0.1358499999985037,30.75,32.6875,36.870000000000005,0.0,0.0,0.0,0.0,0.0,20.0,0.3,0.1,0.2,0.1,0.4,0.1,0.1,0.1,0.5,0.0,65535.0,0.22885481040665293,0.0,65535.0,0.12091248950942245,0.0,0.0,0.0,0.0,0.0,0.0,0.0,0.0,0.0,0.0
105573.04,1.0692722096455594,0.0,30525.0,37.0,0.11874999999850247,30.6875,32.625,37.01000000000005,0.0,0.0,0.0,0.0,0.0,20.0,0.3,0.1,0.2,0.1,0.4,0.1,0.1,0.1,0.5,0.0,65535.0,0.22693217364766918,0.0,65535.0,0.12042420080872816,0.0,0.0,0.0,0.0,0.0,0.0,0.0,0.0,0.0,0.0
105633.09,1.0812503327380907,0.0,30525.0,37.0,0.12314999999849674,30.75,32.6875,36.93000000000001,0.0,0.0,0.0,0.0,0.0,20.0,0.3,0.1,0.2,0.1,0.4,0.1,0.1,0.1,0.5,0.0,65535.0,0.22905317769130998,0.0,65535.0,0.12135500114442664,0.0,0.0,0.0,0.0,0.0,0.0,0.0,0.0,0.0,0.0
105693.14,1.1174900538562733,0.0,30525.0,37.0,0.17584999999849313,30.6875,32.6875,37.09000000000003,0.0,0.0,0.0,0.0,0.0,20.0,0.3,0.1,0.2,0.1,0.4,0.1,0.1,0.1,0.5,0.0,65535.0,0.22992294193942167,0.0,65535.0,0.12188906691081101,0.0,0.0,0.0,0.0,0.0,0.0,0.0,0.0,0.0,0.0
105753.2,1.116192925669712,0.0,30525.0,37.0,0.11374999999848937,30.75,32.6875,36.710000000000036,0.0,0.0,0.0,0.0,0.0,20.0,0.3,0.1,0.2,0.1,0.4,0.1,0.1,0.1,0.5,0.0,65535.0,0.2289921416037232,0.0,65535.0,0.12175173571374075,0.0,0.0,0.0,0.0,0.0,0.0,0.0,0.0,0.0,0.0
105813.27,1.126551561334361,0.0,30525.0,37.0,0.17644999999849087,30.5625,32.6875,36.89000000000004,0.0,0.0,0.0,0.0,0.0,20.0,0.3,0.1,0.2,0.1,0.4,0.1,0.1,0.1,0.5,0.0,65535.0,0.2289921416037232,0.0,65535.0,0.1219501029983978,0.0,0.0,0.0,0.0,0.0,0.0,0.0,0.0,0.0,0.0
105873.34,1.1013091943591238,0.0,30525.0,37.0,0.13314999999849841,30.6875,32.6875,36.85000000000002,0.0,0.0,0.0,0.0,0.0,20.0,0.3,0.1,0.2,0.1,0.4,0.1,0.1,0.1,0.5,0.0,65535.0,0.22836652170595864,0.0,65535.0,0.12123292896925307,0.0,0.0,0.0,0.0,0.0,0.0,0.0,0.0,0.0,0.0
105933.39,1.1096767153732308,0.0,30525.0,37.0,0.15994999999848908,30.6875,32.6875,36.97000000000003,0.0,0.0,0.0,0.0,0.0,20.0,0.3,0.1,0.2,0.1,0.4,0.1,0.1,0.1,0.5,0.0,65535.0,0.23085374227512018,0.0,65535.0,0.12170595864805066,0.0,0.0,0.0,0.0,0.0,0.0,0.0,0.0,0.0,0.0
105993.44,1.1048845606050515,0.0,30525.0,37.0,0.1234499999984913,30.625,32.6875,36.93000000000001,0.0,0.0,0.0,0.0,0.0,20.0,0.3,0.1,0.2,0.1,0.4,0.1,0.1,0.1,0.5,0.0,65535.0,0.22887006942854962,0.0,65535.0,0.12089723048752575,0.0,0.0,0.0,0.0,0.0,0.0,0.0,0.0,0.0,0.0
106053.51,1.0871527635666118,0.0,30525.0,37.0,0.14044999999848579,30.6875,32.6875,36.63000000000005,0.0,0.0,0.0,0.0,0.0,20.0,0.3,0.1,0.2,0.1,0.4,0.1,0.1,0.1,0.5,0.0,65535.0,0.23184557869840544,0.0,65535.0,0.12202639810788128,0.0,0.0,0.0,0.0,0.0,0.0,0.0,0.0,0.0,0.0
106113.59,1.0933089411142303,0.0,30525.0,37.0,0.15724999999848555,30.6875,32.6875,36.77000000000004,0.0,0.0,0.0,0.0,0.0,20.0,0.3,0.1,0.2,0.1,0.4,0.1,0.1,0.1,0.5,0.0,65535.0,0.22903791866941328,0.0,65535.0,0.12144655527580682,0.0,0.0,0.0,0.0,0.0,0.0,0.0,0.0,0.0,0.0
106173.64,1.0936334563621533,0.0,30525.0,37.0,0.146149999998484,30.6875,32.6875,36.690000000000055,0.0,0.0,0.0,0.0,0.0,20.0,0.3,0.1,0.2,0.1,0.4,0.1,0.1,0.1,0.5,0.0,65535.0,0.22960250247959105,0.0,65535.0,0.12225528343633173,0.0,0.0,0.0,0.0,0.0,0.0,0.0,0.0,0.0,0.0
106233.68,1.1001005154156211,0.0,30525.0,37.0,0.16354999999848321,30.6875,32.6875,36.97000000000003,0.0,0.0,0.0,0.0,0.0,20.0,0.3,0.1,0.2,0.1,0.4,0.1,0.1,0.1,0.5,0.0,65535.0,0.23007553215838863,0.0,65535.0,0.12173647669184405,0.0,0.0,0.0,0.0,0.0,0.0,0.0,0.0,0.0,0.0
106293.72,1.1106101090262286,0.0,30525.0,37.0,0.09754999999847958,30.625,32.625,36.97000000000003,0.0,0.0,0.0,0.0,0.0,20.0,0.3,0.1,0.2,0.1,0.4,0.1,0.1,0.1,0.5,0.0,65535.0,0.2293888761730373,0.0,65535.0,0.12175173571374075,0.0,0.0,0.0,0.0,0.0,0.0,0.0,0.0,0.0,0.0
106353.77,1.105146705478851,0.0,30525.0,37.0,0.15464999999848533,30.5625,32.625,36.89000000000004,0.0,0.0,0.0,0.0,0.0,20.0,0.3,0.1,0.2,0.1,0.4,0.1,0.1,0.1,0.5,0.0,65535.0,0.2311436636911574,0.0,65535.0,0.12170595864805066,0.0,0.0,0.0,0.0,0.0,0.0,0.0,0.0,0.0,0.0
106413.81,1.1153512528199332,0.0,30525.0,37.0,0.17614999999848,30.625,32.6875,36.93000000000001,0.0,0.0,0.0,0.0,0.0,20.0,0.3,0.1,0.2,0.1,0.4,0.1,0.1,0.1,0.5,0.0,65535.0,0.23028915846494238,0.0,65535.0,0.12217898832684825,0.0,0.0,0.0,0.0,0.0,0.0,0.0,0.0,0.0,0.0
106473.85,1.1137423574963385,0.0,30525.0,37.0,0.09994999999847567,30.6875,32.625,36.89000000000004,0.0,0.0,0.0,0.0,0.0,20.0,0.3,0.1,0.2,0.1,0.4,0.1,0.1,0.1,0.5,0.0,65535.0,0.23082322423132678,0.0,65535.0,0.12275883115892271,0.0,0.0,0.0,0.0,0.0,0.0,0.0,0.0,0.0,0.0
106533.9,1.1111562858577178,0.0,30525.0,37.0,0.18114999999848794,30.625,32.6875,36.93000000000001,0.0,0.0,0.0,0.0,0.0,20.0,0.3,0.1,0.2,0.1,0.4,0.1,0.1,0.1,0.5,0.0,65535.0,0.23076218814374,0.0,65535.0,0.12172121766994735,0.0,0.0,0.0,0.0,0.0,0.0,0.0,0.0,0.0,0.0
106593.97,1.1407162619375535,0.0,30525.0,37.0,0.14524999999847626,30.625,32.625,37.09000000000003,0.0,0.0,0.0,0.0,0.0,20.0,0.3,0.1,0.2,0.1,0.4,0.1,0.1,0.1,0.5,0.0,65535.0,0.2293278400854505,0.0,65535.0,0.12161440451667048,0.0,0.0,0.0,0.0,0.0,0.0,0.0,0.0,0.0,0.0
106654.03,1.1293658927959902,0.0,30525.0,37.0,0.1591499999984804,30.6875,32.6875,37.03000000000003,0.0,0.0,0.0,0.0,0.0,20.0,0.3,0.1,0.2,0.1,0.4,0.1,0.1,0.1,0.5,0.0,65535.0,0.2311894407568475,0.0,65535.0,0.12175173571374075,0.0,0.0,0.0,0.0,0.0,0.0,0.0,0.0,0.0,0.0
106714.1,1.1398882794324354,0.0,30525.0,37.0,0.06614999999847629,30.6875,32.625,37.09000000000003,0.0,0.0,0.0,0.0,0.0,20.0,0.3,0.1,0.2,0.1,0.4,0.1,0.1,0.1,0.5,0.0,65535.0,0.23181506065461205,0.0,65535.0,0.12295719844357976,0.0,0.0,0.0,0.0,0.0,0.0,0.0,0.0,0.0,0.0
106774.17,1.1129360498733283,0.0,30525.0,37.0,0.1240499999984779,30.625,32.625,36.89000000000004,0.0,0.0,0.0,0.0,0.0,20.0,0.3,0.1,0.2,0.1,0.4,0.1,0.1,0.1,0.5,0.0,65535.0,0.23317311360341803,0.0,65535.0,0.12274357213702601,0.0,0.0,0.0,0.0,0.0,0.0,0.0,0.0,0.0,0.0
106834.25,1.14068892308011,0.0,30525.0,37.0,0.17934999999848444,30.6875,32.6875,36.89000000000004,0.0,0.0,0.0,0.0,0.0,20.0,0.3,0.1,0.2,0.1,0.4,0.1,0.1,0.1,0.5,0.0,65535.0,0.2311589227130541,0.0,65535.0,0.12231631952391851,0.0,0.0,0.0,0.0,0.0,0.0,0.0,0.0,0.0,0.0
106894.32,1.1235447498247537,0.0,30525.0,37.0,0.12254999999847668,30.75,32.6875,37.01000000000005,0.0,0.0,0.0,0.0,0.0,20.0,0.3,0.1,0.2,0.1,0.4,0.1,0.1,0.1,0.5,0.0,65535.0,0.2316014343480583,0.0,65535.0,0.12260624093995574,0.0,0.0,0.0,0.0,0.0,0.0,0.0,0.0,0.0,0.0
106954.39,1.1323520971492558,0.0,30525.0,37.0,0.206449999998474,30.625,32.6875,36.710000000000036,0.0,0.0,0.0,0.0,0.0,20.0,0.3,0.1,0.2,0.1,0.4,0.1,0.1,0.1,0.5,0.0,65535.0,0.23169298847943848,0.0,65535.0,0.12281986724650949,0.0,0.0,0.0,0.0,0.0,0.0,0.0,0.0,0.0,0.0
107014.47,1.1059766303058614,0.0,30525.0,37.0,0.14704999999847032,30.625,32.625,36.950000000000045,0.0,0.0,0.0,0.0,0.0,20.0,0.3,0.1,0.2,0.1,0.4,0.1,0.1,0.1,0.5,0.0,65535.0,0.23009079118028533,0.0,65535.0,0.12297245746547646,0.0,0.0,0.0,0.0,0.0,0.0,0.0,0.0,0.0,0.0
107074.52,1.1365852180144744,0.0,30525.0,37.0,0.09254999999847213,30.5625,32.6875,36.79000000000002,0.0,0.0,0.0,0.0,0.0,20.0,0.3,0.1,0.2,0.1,0.4,0.1,0.1,0.1,0.5,0.0,65535.0,0.23035019455252917,0.0,65535.0,0.1232623788815137,0.0,0.0,0.0,0.0,0.0,0.0,0.0,0.0,0.0,0.0
107134.6,1.1638103849761021,0.0,30525.0,37.0,0.20554999999847054,30.625,32.625,36.950000000000045,0.0,0.0,0.0,0.0,0.0,20.0,0.3,0.1,0.2,0.1,0.4,0.1,0.1,0.1,0.5,0.0,65535.0,0.23273060196841383,0.0,65535.0,0.1232623788815137,0.0,0.0,0.0,0.0,0.0,0.0,0.0,0.0,0.0,0.0
107194.66,1.1323234199926242,0.0,30525.0,37.0,0.15764999999847232,30.6875,32.625,36.77000000000004,0.0,0.0,0.0,0.0,0.0,20.0,0.3,0.1,0.2,0.1,0.4,0.1,0.1,0.1,0.5,0.0,65535.0,0.23303578240634776,0.0,65535.0,0.12387273975738156,0.0,0.0,0.0,0.0,0.0,0.0,0.0,0.0,0.0,0.0
107254.7,1.1590444713011263,0.0,30525.0,37.0,0.09404999999846905,30.5625,32.6875,36.950000000000045,0.0,0.0,0.0,0.0,0.0,20.0,0.3,0.1,0.2,0.1,0.4,0.1,0.1,0.1,0.5,0.0,65535.0,0.23132677195391776,0.0,65535.0,0.12375066758220798,0.0,0.0,0.0,0.0,0.0,0.0,0.0,0.0,0.0,0.0
107314.75,1.1280344020548279,0.0,30525.0,37.0,0.1743499999984662,30.5625,32.6875,36.63000000000005,0.0,0.0,0.0,0.0,0.0,20.0,0.3,0.1,0.2,0.1,0.4,0.1,0.1,0.1,0.5,0.0,65535.0,0.23190661478599223,0.0,65535.0,0.12335393301289388,0.0,0.0,0.0,0.0,0.0,0.0,0.0,0.0,0.0,0.0
107374.8,1.1238038832841397,0.0,30525.0,37.0,0.10284999999847266,30.6875,32.625,37.13000000000005,0.0,0.0,0.0,0.0,0.0,20.0,0.3,0.1,0.2,0.1,0.4,0.1,0.1,0.1,0.5,0.0,65535.0,0.23221179522392615,0.0,65535.0,0.12352178225375754,0.0,0.0,0.0,0.0,0.0,0.0,0.0,0.0,0.0,0.0
107434.84,1.1227830905890708,0.0,30525.0,37.0,0.18704999999847055,30.625,32.6875,36.870000000000005,0.0,0.0,0.0,0.0,0.0,20.0,0.3,0.1,0.2,0.1,0.4,0.1,0.1,0.1,0.5,0.0,65535.0,0.23311207751583124,0.0,65535.0,0.12393377584496834,0.0,0.0,0.0,0.0,0.0,0.0,0.0,0.0,0.0,0.0
107494.88,1.1597791731117313,0.0,30525.0,37.0,0.13584999999847278,30.6875,32.625,36.97000000000003,0.0,0.0,0.0,0.0,0.0,20.0,0.3,0.1,0.2,0.1,0.4,0.1,0.1,0.1,0.5,0.0,65535.0,0.23317311360341803,0.0,65535.0,0.12394903486686504,0.0,0.0,0.0,0.0,0.0,0.0,0.0,0.0,0.0,0.0
107554.92,1.1263370456363724,0.0,30525.0,37.0,0.1652499999984736,30.625,32.625,36.870000000000005,0.0,0.0,0.0,0.0,0.0,20.0,0.3,0.1,0.2,0.1,0.4,0.1,0.1,0.1,0.5,0.0,65535.0,0.23294422827496758,0.0,65535.0,0.12341496910048066,0.0,0.0,0.0,0.0,0.0,0.0,0.0,0.0,0.0,0.0
107615.0,1.1577835992991523,0.0,30525.0,37.0,0.1967499999984742,30.6875,32.625,37.09000000000003,0.0,0.0,0.0,0.0,0.0,20.0,0.3,0.1,0.2,0.1,0.4,0.1,0.1,0.1,0.5,0.0,65535.0,0.23306630045014115,0.0,65535.0,0.12283512626840619,0.0,0.0,0.0,0.0,0.0,0.0,0.0,0.0,0.0,0.0
107675.04,1.1407693045495733,0.0,30525.0,37.0,0.12114999999847104,30.6875,32.625,36.870000000000005,0.0,0.0,0.0,0.0,0.0,20.0,0.3,0.1,0.2,0.1,0.4,0.1,0.1,0.1,0.5,0.0,65535.0,0.2341344319829099,0.0,65535.0,0.12407110704203861,0.0,0.0,0.0,0.0,0.0,0.0,0.0,0.0,0.0,0.0
107735.11,1.1502890372551902,0.0,30525.0,37.0,0.13464999999847127,30.5625,32.625,37.01000000000005,0.0,0.0,0.0,0.0,0.0,20.0,0.3,0.1,0.2,0.1,0.4,0.1,0.1,0.1,0.5,0.0,65535.0,0.23300526436255437,0.0,65535.0,0.12489509422446021,0.0,0.0,0.0,0.0,0.0,0.0,0.0,0.0,0.0,0.0
107795.16,1.1450956615463435,0.0,30525.0,37.0,0.13904999999846557,30.625,32.625,36.85000000000002,0.0,0.0,0.0,0.0,0.0,20.0,0.3,0.1,0.2,0.1,0.4,0.1,0.1,0.1,0.5,0.0,65535.0,0.23521782253757534,0.0,65535.0,0.12477302204928664,0.0,0.0,0.0,0.0,0.0,0.0,0.0,0.0,0.0,0.0
107855.26,1.1233294374140086,0.0,30525.0,37.0,0.13194999999846946,30.5,32.625,36.81,0.0,0.0,0.0,0.0,0.0,20.0,0.3,0.1,0.2,0.1,0.4,0.1,0.1,0.1,0.5,0.0,65535.0,0.2332951857785916,0.0,65535.0,0.12372014953841459,0.0,0.0,0.0,0.0,0.0,0.0,0.0,0.0,0.0,0.0
107915.33,1.1304553441521044,0.0,30525.0,37.0,0.16044999999847023,30.6875,32.625,36.710000000000036,0.0,0.0,0.0,0.0,0.0,20.0,0.3,0.1,0.2,0.1,0.4,0.1,0.1,0.1,0.5,0.0,65535.0,0.23460746166170748,0.0,65535.0,0.12391851682307164,0.0,0.0,0.0,0.0,0.0,0.0,0.0,0.0,0.0,0.0
107975.38,1.1339862782305146,0.0,30525.0,37.0,0.15494999999846443,30.625,32.625,36.85000000000002,0.0,0.0,0.0,0.0,0.0,20.0,0.3,0.1,0.2,0.1,0.4,0.1,0.1,0.1,0.5,0.0,65535.0,0.23378347447928588,0.0,65535.0,0.12436102845807584,0.0,0.0,0.0,0.0,0.0,0.0,0.0,0.0,0.0,0.0
108035.43,1.1212523932284368,0.0,30525.0,37.0,0.18354999999846938,30.6875,32.625,36.93000000000001,0.0,0.0,0.0,0.0,0.0,20.0,0.3,0.1,0.2,0.1,0.4,0.1,0.1,0.1,0.5,0.0,65535.0,0.2354314488441291,0.0,65535.0,0.12388799877927825,0.0,0.0,0.0,0.0,0.0,0.0,0.0,0.0,0.0,0.0
108095.46,1.1229759820869154,0.0,30525.0,37.0,0.17974999999845861,30.6875,32.625,37.03000000000003,0.0,0.0,0.0,0.0,0.0,20.0,0.3,0.1,0.2,0.1,0.4,0.1,0.1,0.1,0.5,0.0,65535.0,0.2337376974135958,0.0,65535.0,0.12416266117341879,0.0,0.0,0.0,0.0,0.0,0.0,0.0,0.0,0.0,0.0
108155.49,1.1419159374655368,0.0,30525.0,37.0,0.21434999999846324,30.6875,32.625,36.81,0.0,0.0,0.0,0.0,0.0,20.0,0.3,0.1,0.2,0.1,0.4,0.1,0.1,0.1,0.5,0.0,65535.0,0.23935301747158008,0.0,65535.0,0.12755016403448538,0.0,0.0,0.0,0.0,0.0,0.0,0.0,0.0,0.0,0.0
108215.54,1.1604769947738958,0.0,30525.0,37.0,0.08594999999845782,30.6875,32.625,37.25000000000006,0.0,0.0046,0.25,0.0,0.0,20.0,0.3,0.1,0.2,0.1,0.4,0.1,0.1,0.1,0.5,0.0,65535.0,0.2341649500267033,0.0,65535.0,0.12402532997634852,0.0,0.0,0.0,0.0,0.0,0.0,0.0,0.0,0.0,0.0
108275.58,1.138180454610199,0.0,30525.0,37.0,0.2765999999984643,30.625,32.625,36.55000000000001,0.0,0.0,0.0,0.0,0.0,20.0,0.3,0.1,0.2,0.1,0.4,0.1,0.1,0.1,0.5,0.0,65535.0,0.22914473182269016,0.0,65535.0,0.1223620965896086,0.0,0.0,0.0,0.0,0.0,0.0,0.0,0.0,0.0,0.0
108335.62,1.115307069241481,0.0,30525.0,37.0,0.14024999999845872,30.5,32.625,37.110000000000014,0.0,0.0,0.0,0.0,0.0,20.0,0.3,0.1,0.2,0.1,0.4,0.1,0.1,0.1,0.5,0.0,65535.0,0.2277409018081941,0.0,65535.0,0.12046997787441825,0.0,0.0,0.0,0.0,0.0,0.0,0.0,0.0,0.0,0.0
108395.7,1.1141895467887264,0.0,30525.0,37.0,0.1193499999984618,30.625,32.625,37.05000000000001,0.0,0.0,0.0,0.0,0.0,20.0,0.3,0.1,0.2,0.1,0.4,0.1,0.1,0.1,0.5,0.0,65535.0,0.22873273823147935,0.0,65535.0,0.12202639810788128,0.0,0.0,0.0,0.0,0.0,0.0,0.0,0.0,0.0,0.0
108455.75,1.1316081069111372,0.0,30525.0,37.0,0.10864999999845049,30.5625,32.625,36.89000000000004,0.0,0.0,0.0,0.0,0.0,20.0,0.3,0.1,0.2,0.1,0.4,0.1,0.1,0.1,0.5,0.0,65535.0,0.22819867246509498,0.0,65535.0,0.12086671244373236,0.0,0.0,0.0,0.0,0.0,0.0,0.0,0.0,0.0,0.0
108515.83,1.1478288126395066,0.0,30525.0,37.0,0.12944999999845486,30.6875,32.625,36.77000000000004,0.0,0.0,0.0,0.0,0.0,20.0,0.3,0.1,0.2,0.1,0.4,0.1,0.1,0.1,0.5,0.0,65535.0,0.2285801480125124,0.0,65535.0,0.12127870603494316,0.0,0.0,0.0,0.0,0.0,0.0,0.0,0.0,0.0,0.0
108575.91,1.1409768209625657,0.0,30525.0,37.0,0.17244999999846092,30.5625,32.625,36.97000000000003,0.0,0.0,0.0,0.0,0.0,20.0,0.3,0.1,0.2,0.1,0.4,0.1,0.1,0.1,0.5,0.0,65535.0,0.2298161287861448,0.0,65535.0,0.12144655527580682,0.0,0.0,0.0,0.0,0.0,0.0,0.0,0.0,0.0,0.0
108635.97,1.1174363338684625,0.0,30525.0,37.0,0.1345499999984536,30.625,32.5625,36.81,0.0,0.0,0.0,0.0,0.0,20.0,0.3,0.1,0.2,0.1,0.4,0.1,0.1,0.1,0.5,0.0,65535.0,0.2307011520561532,0.0,65535.0,0.12135500114442664,0.0,0.0,0.0,0.0,0.0,0.0,0.0,0.0,0.0,0.0
108696.05,1.154367151149775,0.0,30525.0,37.0,0.13944999999845825,30.625,32.625,36.89000000000004,0.0,0.0,0.0,0.0,0.0,20.0,0.3,0.1,0.2,0.1,0.4,0.1,0.1,0.1,0.5,0.0,65535.0,0.22890058747234301,0.0,65535.0,0.12095826657511254,0.0,0.0,0.0,0.0,0.0,0.0,0.0,0.0,0.0,0.0
108756.13,1.1107856021810154,0.0,30525.0,37.0,0.12384999999845736,30.6875,32.625,36.93000000000001,0.0,0.0,0.0,0.0,0.0,20.0,0.3,0.1,0.2,0.1,0.4,0.1,0.1,0.1,0.5,0.0,65535.0,0.22870222018768596,0.0,65535.0,0.12224002441443503,0.0,0.0,0.0,0.0,0.0,0.0,0.0,0.0,0.0,0.0
108816.2,1.1475922484452719,0.0,30525.0,37.0,0.10414999999844599,30.75,32.5625,36.85000000000002,0.0,0.0,0.0,0.0,0.0,20.0,0.3,0.1,0.2,0.1,0.4,0.1,0.1,0.1,0.5,0.0,65535.0,0.23041123064011595,0.0,65535.0,0.12170595864805066,0.0,0.0,0.0,0.0,0.0,0.0,0.0,0.0,0.0,0.0
108876.28,1.1134352258418645,0.0,30525.0,37.0,0.14854999999844654,30.6875,32.625,36.97000000000003,0.0,0.0,0.0,0.0,0.0,20.0,0.3,0.1,0.2,0.1,0.4,0.1,0.1,0.1,0.5,0.0,65535.0,0.23013656824597542,0.0,65535.0,0.12135500114442664,0.0,0.0,0.0,0.0,0.0,0.0,0.0,0.0,0.0,0.0
108936.36,1.1316754001250662,0.0,30525.0,37.0,0.16884999999845648,30.6875,32.625,36.89000000000004,0.0,0.0,0.0,0.0,0.0,20.0,0.3,0.1,0.2,0.1,0.4,0.1,0.1,0.1,0.5,0.0,65535.0,0.23056382085908295,0.0,65535.0,0.12179751277943084,0.0,0.0,0.0,0.0,0.0,0.0,0.0,0.0,0.0,0.0
108996.43,1.134761337279892,0.0,30525.0,37.0,0.16504999999844572,30.625,32.625,36.81,0.0,0.0,0.0,0.0,0.0,20.0,0.3,0.1,0.2,0.1,0.4,0.1,0.1,0.1,0.5,0.0,65535.0,0.2311284046692607,0.0,65535.0,0.12257572289616235,0.0,0.0,0.0,0.0,0.0,0.0,0.0,0.0,0.0,0.0
109056.51,1.1207434580564382,0.0,30525.0,37.0,0.16244999999844978,30.625,32.625,37.03000000000003,0.0,0.0,0.0,0.0,0.0,20.0,0.3,0.1,0.2,0.1,0.4,0.1,0.1,0.1,0.5,0.0,65535.0,0.23134203097581446,0.0,65535.0,0.12252994583047226,0.0,0.0,0.0,0.0,0.0,0.0,0.0,0.0,0.0,0.0
109116.58,1.1371502160052112,0.0,30525.0,37.0,0.09884999999844651,30.625,32.625,36.85000000000002,0.0,0.0,0.0,0.0,0.0,20.0,0.3,0.1,0.2,0.1,0.4,0.1,0.1,0.1,0.5,0.0,65535.0,0.23106736858167393,0.0,65535.0,0.12184328984512093,0.0,0.0,0.0,0.0,0.0,0.0,0.0,0.0,0.0,0.0
109176.66,1.1190258306292273,0.0,30525.0,37.0,0.1585499999984482,30.6875,32.625,37.03000000000003,0.0,0.0,0.0,0.0,0.0,20.0,0.3,0.1,0.2,0.1,0.4,0.1,0.1,0.1,0.5,0.0,65535.0,0.2311741817349508,0.0,65535.0,0.12210269321736476,0.0,0.0,0.0,0.0,0.0,0.0,0.0,0.0,0.0,0.0
109236.73,1.120457397036415,0.0,30525.0,37.0,0.13944999999845137,30.5,32.5625,37.01000000000005,0.0,0.0,0.0,0.0,0.0,20.0,0.3,0.1,0.2,0.1,0.4,0.1,0.1,0.1,0.5,0.0,65535.0,0.22996871900511176,0.0,65535.0,0.12274357213702601,0.0,0.0,0.0,0.0,0.0,0.0,0.0,0.0,0.0,0.0
109296.8,1.135662839593396,0.0,30525.0,37.0,0.16354999999844194,30.6875,32.5625,37.01000000000005,0.0,0.0,0.0,0.0,0.0,20.0,0.3,0.1,0.2,0.1,0.4,0.1,0.1,0.1,0.5,0.0,65535.0,0.2311436636911574,0.0,65535.0,0.12182803082322423,0.0,0.0,0.0,0.0,0.0,0.0,0.0,0.0,0.0,0.0
109356.87,1.1290245006218087,0.0,30525.0,37.0,0.14024999999844465,30.5625,32.5625,36.93000000000001,0.0,0.0,0.0,0.0,0.0,20.0,0.3,0.1,0.2,0.1,0.4,0.1,0.1,0.1,0.5,0.0,65535.0,0.23170824750133517,0.0,65535.0,0.12286564431219958,0.0,0.0,0.0,0.0,0.0,0.0,0.0,0.0,0.0,0.0
109416.95,1.14006388932266,0.0,30525.0,37.0,0.20264999999844643,30.5625,32.5625,36.85000000000002,0.0,0.0,0.0,0.0,0.0,20.0,0.3,0.1,0.2,0.1,0.4,0.1,0.1,0.1,0.5,0.0,65535.0,0.2307469291218433,0.0,65535.0,0.12252994583047226,0.0,0.0,0.0,0.0,0.0,0.0,0.0,0.0,0.0,0.0
109477.02,1.1409459865762932,0.0,30525.0,37.0,0.18654999999845026,30.625,32.5625,36.85000000000002,0.0,0.0,0.0,0.0,0.0,20.0,0.3,0.1,0.2,0.1,0.4,0.1,0.1,0.1,0.5,0.0,65535.0,0.23341725795376517,0.0,65535.0,0.12347600518806745,0.0,0.0,0.0,0.0,0.0,0.0,0.0,0.0,0.0,0.0
109537.1,1.101640802522608,0.0,30525.0,37.0,0.11914999999843709,30.625,32.625,36.950000000000045,0.0,0.0,0.0,0.0,0.0,20.0,0.3,0.1,0.2,0.1,0.4,0.1,0.1,0.1,0.5,0.0,65535.0,0.2307164110780499,0.0,65535.0,0.12231631952391851,0.0,0.0,0.0,0.0,0.0,0.0,0.0,0.0,0.0,0.0
109597.16,1.1523485532236846,0.0,30525.0,37.0,0.09524999999844036,30.625,32.5625,36.81,0.0,0.0,0.0,0.0,0.0,20.0,0.3,0.1,0.2,0.1,0.4,0.1,0.1,0.1,0.5,0.0,65535.0,0.23167772945754178,0.0,65535.0,0.12315556572823683,0.0,0.0,0.0,0.0,0.0,0.0,0.0,0.0,0.0,0.0
109657.21,1.1232858890552846,0.0,30525.0,37.0,0.13844999999844113,30.625,32.625,36.97000000000003,0.0,0.0,0.0,0.0,0.0,20.0,0.3,0.1,0.2,0.1,0.4,0.1,0.1,0.1,0.5,0.0,65535.0,0.23125047684443428,0.0,65535.0,0.123247119859617,0.0,0.0,0.0,0.0,0.0,0.0,0.0,0.0,0.0,0.0
109717.28,1.1465779630083401,0.0,30525.0,37.0,0.19794999999844726,30.5625,32.5625,36.89000000000004,0.0,0.0,0.0,0.0,0.0,20.0,0.3,0.1,0.2,0.1,0.4,0.1,0.1,0.1,0.5,0.0,65535.0,0.23340199893186847,0.0,65535.0,0.12281986724650949,0.0,0.0,0.0,0.0,0.0,0.0,0.0,0.0,0.0,0.0
109777.37,1.1085076411493544,0.0,30525.0,37.0,0.14764999999843448,30.625,32.625,36.950000000000045,0.0,0.0,0.0,0.0,0.0,20.0,0.3,0.1,0.2,0.1,0.4,0.1,0.1,0.1,0.5,0.0,65535.0,0.2312046997787442,0.0,65535.0,0.12294193942168306,0.0,0.0,0.0,0.0,0.0,0.0,0.0,0.0,0.0,0.0
109837.41,1.1490787286252162,0.0,30525.0,37.0,0.13554999999844292,30.6875,32.5625,36.89000000000004,0.0,0.0,0.0,0.0,0.0,20.0,0.3,0.1,0.2,0.1,0.4,0.1,0.1,0.1,0.5,0.0,65535.0,0.23105210955977723,0.0,65535.0,0.12355230029755093,0.0,0.0,0.0,0.0,0.0,0.0,0.0,0.0,0.0,0.0
109897.46,1.12750730354295,0.0,30525.0,37.0,0.16524999999844345,30.625,32.5625,36.97000000000003,0.0,0.0,0.0,0.0,0.0,20.0,0.3,0.1,0.2,0.1,0.4,0.1,0.1,0.1,0.5,0.0,65535.0,0.2316319523918517,0.0,65535.0,0.12309452964065004,0.0,0.0,0.0,0.0,0.0,0.0,0.0,0.0,0.0,0.0
109957.5,1.1259301130956607,0.0,30525.0,37.0,0.16054999999843264,30.625,32.5625,36.81,0.0,0.0,0.0,0.0,0.0,20.0,0.3,0.1,0.2,0.1,0.4,0.1,0.1,0.1,0.5,0.0,65535.0,0.23234912642099642,0.0,65535.0,0.12390325780117495,0.0,0.0,0.0,0.0,0.0,0.0,0.0,0.0,0.0,0.0
110017.55,1.109429288170767,0.0,30525.0,37.0,0.20944999999843336,30.5625,32.5625,36.85000000000002,0.0,0.0,0.0,0.0,0.0,20.0,0.3,0.1,0.2,0.1,0.4,0.1,0.1,0.1,0.5,0.0,65535.0,0.23358510719462883,0.0,65535.0,0.12448310063324941,0.0,0.0,0.0,0.0,0.0,0.0,0.0,0.0,0.0,0.0
110077.59,1.1496643000396038,0.0,30525.0,37.0,0.14854999999843022,30.6875,32.5625,37.09000000000003,0.0,0.0,0.0,0.0,0.0,20.0,0.3,0.1,0.2,0.1,0.4,0.1,0.1,0.1,0.5,0.0,65535.0,0.23172350652323187,0.0,65535.0,0.12394903486686504,0.0,0.0,0.0,0.0,0.0,0.0,0.0,0.0,0.0,0.0
110137.63,1.125022980691255,0.0,30525.0,37.0,0.1373499999984387,30.625,32.625,36.93000000000001,0.0,0.0,0.0,0.0,0.0,20.0,0.3,0.1,0.2,0.1,0.4,0.1,0.1,0.1,0.5,0.0,65535.0,0.23170824750133517,0.0,65535.0,0.12361333638513772,0.0,0.0,0.0,0.0,0.0,0.0,0.0,0.0,0.0,0.0
110197.68,1.1397467939136015,0.0,30525.0,37.0,0.16764999999843955,30.6875,32.5625,36.950000000000045,0.0,0.0,0.0,0.0,0.0,20.0,0.3,0.1,0.2,0.1,0.4,0.1,0.1,0.1,0.5,0.0,65535.0,0.2332646677347982,0.0,65535.0,0.12404058899824522,0.0,0.0,0.0,0.0,0.0,0.0,0.0,0.0,0.0,0.0
110257.72,1.1579843506352512,0.0,30525.0,37.0,0.10054999999842609,30.625,32.5625,36.97000000000003,0.0,0.0,0.0,0.0,0.0,20.0,0.3,0.1,0.2,0.1,0.4,0.1,0.1,0.1,0.5,0.0,65535.0,0.2312199588006409,0.0,65535.0,0.12417792019531548,0.0,0.0,0.0,0.0,0.0,0.0,0.0,0.0,0.0,0.0
110317.78,1.1351854720662289,0.0,30525.0,37.0,0.09574999999842448,30.6875,32.5625,36.89000000000004,0.0,0.0,0.0,0.0,0.0,20.0,0.3,0.1,0.2,0.1,0.4,0.1,0.1,0.1,0.5,0.0,65535.0,0.23295948729686428,0.0,65535.0,0.12463569085221637,0.0,0.0,0.0,0.0,0.0,0.0,0.0,0.0,0.0,0.0
110377.86,1.1355342922681813,0.0,30525.0,37.0,0.18734999999843158,30.625,32.5625,36.79000000000002,0.0,0.0,0.0,0.0,0.0,20.0,0.3,0.1,0.2,0.1,0.4,0.1,0.1,0.1,0.5,0.0,65535.0,0.23227283131151294,0.0,65535.0,0.1245136186770428,0.0,0.0,0.0,0.0,0.0,0.0,0.0,0.0,0.0,0.0
110437.94,1.1446971953109895,0.0,30525.0,37.0,0.16064999999843,30.6875,32.5625,37.01000000000005,0.0,0.0,0.0,0.0,0.0,20.0,0.3,0.1,0.2,0.1,0.4,0.1,0.1,0.1,0.5,0.0,65535.0,0.23305104142824445,0.0,65535.0,0.12510872053101396,0.0,0.0,0.0,0.0,0.0,0.0,0.0,0.0,0.0,0.0
110498.01,1.12420180414342,0.0,30525.0,37.0,0.13734999999843356,30.6875,32.5625,36.89000000000004,0.0,0.0,0.0,0.0,0.0,20.0,0.3,0.1,0.2,0.1,0.4,0.1,0.1,0.1,0.5,0.0,65535.0,0.23279163805600062,0.0,65535.0,0.1240863660639353,0.0,0.0,0.0,0.0,0.0,0.0,0.0,0.0,0.0,0.0
110558.07,1.1227754965069385,0.0,30525.0,37.0,0.13404999999843314,30.75,32.625,36.81,0.0,0.0,0.0,0.0,0.0,20.0,0.3,0.1,0.2,0.1,0.4,0.1,0.1,0.1,0.5,0.0,65535.0,0.23385976958876936,0.0,65535.0,0.12484931715877012,0.0,0.0,0.0,0.0,0.0,0.0,0.0,0.0,0.0,0.0
110618.15,1.1565880170749414,0.0,30525.0,37.0,0.1325499999984328,30.625,32.5625,36.73000000000002,0.0,0.0,0.0,0.0,0.0,20.0,0.3,0.1,0.2,0.1,0.4,0.1,0.1,0.1,0.5,0.0,65535.0,0.2345922026398108,0.0,65535.0,0.12445258258945602,0.0,0.0,0.0,0.0,0.0,0.0,0.0,0.0,0.0,0.0
110678.22,1.1766684309190016,0.0,30525.0,37.0,0.17584999999842355,30.625,32.625,37.03000000000003,0.0,0.0,0.0,0.0,0.0,20.0,0.3,0.1,0.2,0.1,0.4,0.1,0.1,0.1,0.5,0.0,65535.0,0.2332799267566949,0.0,65535.0,0.12503242542153048,0.0,0.0,0.0,0.0,0.0,0.0,0.0,0.0,0.0,0.0
110738.26,1.160913272995983,0.0,30525.0,37.0,0.14204999999842585,30.625,32.625,36.73000000000002,0.0,0.0,0.0,0.0,0.0,20.0,0.3,0.1,0.2,0.1,0.4,0.1,0.1,0.1,0.5,0.0,65535.0,0.23259327077134356,0.0,65535.0,0.12469672693980316,0.0,0.0,0.0,0.0,0.0,0.0,0.0,0.0,0.0,0.0
110798.36,1.1613812452502799,0.0,30525.0,37.0,0.12674999999842468,30.6875,32.5625,36.93000000000001,0.0,0.0,0.0,0.0,0.0,20.0,0.3,0.1,0.2,0.1,0.4,0.1,0.1,0.1,0.5,0.0,65535.0,0.23440909437705043,0.0,65535.0,0.12486457618066682,0.0,0.0,0.0,0.0,0.0,0.0,0.0,0.0,0.0,0.0
110858.43,1.1657646971268973,0.0,30525.0,37.0,0.16704999999843065,30.6875,32.625,36.93000000000001,0.0,0.0,0.0,0.0,0.0,20.0,0.3,0.1,0.2,0.1,0.4,0.1,0.1,0.1,0.5,0.0,65535.0,0.23421072709239338,0.0,65535.0,0.12506294346532387,0.0,0.0,0.0,0.0,0.0,0.0,0.0,0.0,0.0,0.0
110918.5,1.1436300159117923,0.0,30525.0,37.0,0.1626499999984196,30.6875,32.5625,37.05000000000001,0.0,0.0,0.0,0.0,0.0,20.0,0.3,0.1,0.2,0.1,0.4,0.1,0.1,0.1,0.5,0.0,65535.0,0.2362706950484474,0.0,65535.0,0.12613107499809262,0.0,0.0,0.0,0.0,0.0,0.0,0.0,0.0,0.0,0.0
110978.53,1.1498831618084866,0.0,30525.0,37.0,0.16004999999842365,30.625,32.625,36.89000000000004,0.0,0.0,0.0,0.0,0.0,20.0,0.3,0.1,0.2,0.1,0.4,0.1,0.1,0.1,0.5,0.0,65535.0,0.2340733958953231,0.0,65535.0,0.12530708781567101,0.0,0.0,0.0,0.0,0.0,0.0,0.0,0.0,0.0,0.0
111038.6,1.1421474301470436,0.0,30525.0,37.0,0.13914999999842675,30.6875,32.625,36.89000000000004,0.0,0.0,0.0,0.0,0.0,20.0,0.3,0.1,0.2,0.1,0.4,0.1,0.1,0.1,0.5,0.0,65535.0,0.23308155947203785,0.0,65535.0,0.12593270771343557,0.0,0.0,0.0,0.0,0.0,0.0,0.0,0.0,0.0,0.0
111098.66,1.1537116605211075,0.0,30525.0,37.0,0.11824999999841562,30.6875,32.625,36.79000000000002,0.0,0.0,0.0,0.0,0.0,20.0,0.3,0.1,0.2,0.1,0.4,0.1,0.1,0.1,0.5,0.0,65535.0,0.234531166552224,0.0,65535.0,0.12486457618066682,0.0,0.0,0.0,0.0,0.0,0.0,0.0,0.0,0.0,0.0
111158.74,1.1817897103104693,0.0,30525.0,37.0,0.1794499999984168,30.75,32.625,37.05000000000001,0.0,0.0,0.0,0.0,0.0,20.0,0.3,0.1,0.2,0.1,0.4,0.1,0.1,0.1,0.5,0.0,65535.0,0.23485160601205463,0.0,65535.0,0.12516975661860075,0.0,0.0,0.0,0.0,0.0,0.0,0.0,0.0,0.0,0.0
111218.82,1.1755811301942969,0.0,30525.0,37.0,0.09734999999841784,30.5625,32.5625,37.05000000000001,0.0,0.0,0.0,0.0,0.0,20.0,0.3,0.1,0.2,0.1,0.4,0.1,0.1,0.1,0.5,0.0,65535.0,0.23476005188067445,0.0,65535.0,0.1258411535820554,0.0,0.0,0.0,0.0,0.0,0.0,0.0,0.0,0.0,0.0
111278.9,1.1345950080693825,0.0,30525.0,37.0,0.14114999999841893,30.625,32.625,36.93000000000001,0.0,0.0,0.0,0.0,0.0,20.0,0.3,0.1,0.2,0.1,0.4,0.1,0.1,0.1,0.5,0.0,65535.0,0.23424124513618677,0.0,65535.0,0.12626840619516289,0.0,0.0,0.0,0.0,0.0,0.0,0.0,0.0,0.0,0.0
111338.97,1.1814073921524217,0.0,30525.0,37.0,0.1158499999984118,30.625,32.625,36.93000000000001,0.0,0.0,0.0,0.0,0.0,20.0,0.3,0.1,0.2,0.1,0.4,0.1,0.1,0.1,0.5,0.0,65535.0,0.23694209201190203,0.0,65535.0,0.12594796673533226,0.0,0.0,0.0,0.0,0.0,0.0,0.0,0.0,0.0,0.0
111399.01,1.143971405590586,0.0,30525.0,37.0,0.15964999999841203,30.4375,32.5625,36.89000000000004,0.0,0.0,0.0,0.0,0.0,20.0,0.3,0.1,0.2,0.1,0.4,0.1,0.1,0.1,0.5,0.0,65535.0,0.23559929808499275,0.0,65535.0,0.12654306858930342,0.0,0.0,0.0,0.0,0.0,0.0,0.0,0.0,0.0,0.0
111459.1,1.180806362925761,0.0,30525.0,37.0,0.12434999999841484,30.6875,32.625,37.03000000000003,0.0,0.0,0.0,0.0,0.0,20.0,0.3,0.1,0.2,0.1,0.4,0.1,0.1,0.1,0.5,0.0,65535.0,0.2344853894865339,0.0,65535.0,0.12527656977187762,0.0,0.0,0.0,0.0,0.0,0.0,0.0,0.0,0.0,0.0
111519.22,1.1559687327872092,0.0,30525.0,37.0,0.1225499999984139,30.625,32.5625,36.870000000000005,0.0,0.0,0.0,0.0,0.0,20.0,0.3,0.1,0.2,0.1,0.4,0.1,0.1,0.1,0.5,0.0,65535.0,0.23486686503395132,0.0,65535.0,0.12628366521705958,0.0,0.0,0.0,0.0,0.0,0.0,0.0,0.0,0.0,0.0
111579.3,1.14844784096118,0.0,30525.0,37.0,0.14434999999840914,30.6875,32.5625,36.650000000000034,0.0,0.0,0.0,0.0,0.0,20.0,0.3,0.1,0.2,0.1,0.4,0.1,0.1,0.1,0.5,0.0,65535.0,0.23512626840619516,0.0,65535.0,0.1257495994506752,0.0,0.0,0.0,0.0,0.0,0.0,0.0,0.0,0.0,0.0
111639.37,1.1735079090420797,0.0,30525.0,37.0,0.1605499999984086,30.75,32.5625,36.870000000000005,0.0,0.0,0.0,0.0,0.0,20.0,0.3,0.1,0.2,0.1,0.4,0.1,0.1,0.1,0.5,0.0,65535.0,0.23680476081483176,0.0,65535.0,0.12603952086671244,0.0,0.0,0.0,0.0,0.0,0.0,0.0,0.0,0.0,0.0
111699.42,1.1643417376550165,0.0,30525.0,37.0,0.1661499999984177,30.625,32.625,36.870000000000005,0.0,0.0,0.0,0.0,0.0,20.0,0.3,0.1,0.2,0.1,0.4,0.1,0.1,0.1,0.5,0.0,65535.0,0.23735408560311283,0.0,65535.0,0.12729076066224154,0.0,0.0,0.0,0.0,0.0,0.0,0.0,0.0,0.0,0.0
111759.47,1.1672688691011257,0.0,30525.0,37.0,0.11644999999840522,30.5625,32.5,36.79000000000002,0.0,0.0,0.0,0.0,0.0,20.0,0.3,0.1,0.2,0.1,0.4,0.1,0.1,0.1,0.5,0.0,65535.0,0.23550774395361257,0.0,65535.0,0.12654306858930342,0.0,0.0,0.0,0.0,0.0,0.0,0.0,0.0,0.0,0.0
111819.53,1.1565864226523694,0.0,30525.0,37.0,0.1593499999984054,30.5625,32.625,37.01000000000005,0.0,0.0,0.0,0.0,0.0,20.0,0.3,0.1,0.2,0.1,0.4,0.1,0.1,0.1,0.5,0.0,65535.0,0.23595025558861676,0.0,65535.0,0.12680247196154726,0.0,0.0,0.0,0.0,0.0,0.0,0.0,0.0,0.0,0.0
111879.58,1.171509312222514,0.0,30525.0,37.0,0.1770499999984052,30.5625,32.5625,36.81,0.0,0.0,0.0,0.0,0.0,20.0,0.3,0.1,0.2,0.1,0.4,0.1,0.1,0.1,0.5,0.0,65535.0,0.23514152742809186,0.0,65535.0,0.12635996032654306,0.0,0.0,0.0,0.0,0.0,0.0,0.0,0.0,0.0,0.0
111939.62,1.177430499451884,0.0,30525.0,37.0,0.09494999999840625,30.5,32.5,37.01000000000005,0.0,0.0,0.0,0.0,0.0,20.0,0.3,0.1,0.2,0.1,0.4,0.1,0.1,0.1,0.5,0.0,65535.0,0.23630121309224078,0.0,65535.0,0.12724498359655145,0.0,0.0,0.0,0.0,0.0,0.0,0.0,0.0,0.0,0.0
111999.7,1.1767750268959518,0.0,30525.0,37.0,0.1558499999984077,30.5625,32.5625,36.77000000000004,0.0,0.0,0.0,0.0,0.0,20.0,0.3,0.1,0.2,0.1,0.4,0.1,0.1,0.1,0.5,0.0,65535.0,0.23598077363241016,0.0,65535.0,0.12692454413672083,0.0,0.0,0.0,0.0,0.0,0.0,0.0,0.0,0.0,0.0
112059.76,1.186591735415772,0.0,30525.0,37.0,0.11844999999841074,30.625,32.5625,36.81,0.0,0.0,0.0,0.0,0.0,20.0,0.3,0.1,0.2,0.1,0.4,0.1,0.1,0.1,0.5,0.0,65535.0,0.23598077363241016,0.0,65535.0,0.12637521934843976,0.0,0.0,0.0,0.0,0.0,0.0,0.0,0.0,0.0,0.0
112119.84,1.1839629385951924,0.0,30525.0,37.0,0.16554999999841222,30.625,32.5625,36.85000000000002,0.0,0.0,0.0,0.0,0.0,20.0,0.3,0.1,0.2,0.1,0.4,0.1,0.1,0.1,0.5,0.0,65535.0,0.23695735103379872,0.0,65535.0,0.1274433508812085,0.0,0.0,0.0,0.0,0.0,0.0,0.0,0.0,0.0,0.0
112179.91,1.1666128753966967,0.0,30525.0,37.0,0.156749999998406,30.625,32.5625,36.93000000000001,0.0,0.0,0.0,0.0,0.0,20.0,0.3,0.1,0.2,0.1,0.4,0.1,0.1,0.1,0.5,0.0,65535.0,0.23479056992446784,0.0,65535.0,0.1270466163118944,0.0,0.0,0.0,0.0,0.0,0.0,0.0,0.0,0.0,0.0
112239.97,1.1569123356323456,0.0,30525.0,37.0,0.1676499999984103,30.625,32.5625,36.870000000000005,0.0,0.0,0.0,0.0,0.0,20.0,0.3,0.1,0.2,0.1,0.4,0.1,0.1,0.1,0.5,0.0,65535.0,0.23637750820172426,0.0,65535.0,0.12721446555275806,0.0,0.0,0.0,0.0,0.0,0.0,0.0,0.0,0.0,0.0
112300.02,1.15636147798528,0.0,30525.0,37.0,0.14734999999839865,30.625,32.5625,36.950000000000045,0.0,0.0,0.0,0.0,0.0,20.0,0.3,0.1,0.2,0.1,0.4,0.1,0.1,0.1,0.5,0.0,65535.0,0.23715571831845578,0.0,65535.0,0.1270008392462043,0.0,0.0,0.0,0.0,0.0,0.0,0.0,0.0,0.0,0.0
112360.05,1.1894830545939172,0.0,30525.0,37.0,0.1276499999984015,30.5625,32.5625,36.950000000000045,0.0,0.0,0.0,0.0,0.0,20.0,0.3,0.1,0.2,0.1,0.4,0.1,0.1,0.1,0.5,0.0,65535.0,0.23599603265430685,0.0,65535.0,0.12687876707103074,0.0,0.0,0.0,0.0,0.0,0.0,0.0,0.0,0.0,0.0
112420.1,1.17919061224064,0.0,30525.0,37.0,0.16824999999840717,30.625,32.5,36.870000000000005,0.0,0.0,0.0,0.0,0.0,20.0,0.3,0.1,0.2,0.1,0.4,0.1,0.1,0.1,0.5,0.0,65535.0,0.24003967345693142,0.0,65535.0,0.12901503013656826,0.0,0.0,0.0,0.0,0.0,0.0,0.0,0.0,0.0,0.0
112480.14,1.2036097547253932,0.0,30525.0,37.0,0.21944999999840323,30.5625,32.5625,36.93000000000001,0.0,0.0,0.0,0.0,0.0,20.0,0.3,0.1,0.2,0.1,0.4,0.1,0.1,0.1,0.5,0.0,65535.0,0.2370031280994888,0.0,65535.0,0.12739757381551842,0.0,0.0,0.0,0.0,0.0,0.0,0.0,0.0,0.0,0.0
112540.2,1.1618181040192415,0.0,30525.0,37.0,0.09704999999839745,30.6875,32.5625,37.05000000000001,0.0,0.0,0.0,0.0,0.0,20.0,0.3,0.1,0.2,0.1,0.4,0.1,0.1,0.1,0.5,0.0,65535.0,0.23866636148622875,0.0,65535.0,0.12755016403448538,0.0,0.0,0.0,0.0,0.0,0.0,0.0,0.0,0.0,0.0
112600.3,1.1820393842017682,0.0,30525.0,37.0,0.16884999999840403,30.625,32.5625,36.89000000000004,0.0,0.0,0.0,0.0,0.0,20.0,0.3,0.1,0.2,0.1,0.4,0.1,0.1,0.1,0.5,0.0,65535.0,0.23805600061036086,0.0,65535.0,0.1274738689250019,0.0,0.0,0.0,0.0,0.0,0.0,0.0,0.0,0.0,0.0
112660.35,1.205032777231119,0.0,30525.0,37.0,0.11554999999839138,30.75,32.5625,36.85000000000002,0.0,0.0,0.0,0.0,0.0,20.0,0.3,0.1,0.2,0.1,0.4,0.1,0.1,0.1,0.5,0.0,65535.0,0.23726253147173265,0.0,65535.0,0.12767223620965895,0.0,0.0,0.0,0.0,0.0,0.0,0.0,0.0,0.0,0.0
112720.48,1.1754248229427116,0.0,30525.0,37.0,0.1452499999983911,30.6875,32.5625,36.79000000000002,0.0,0.0,0.0,0.0,0.0,20.0,0.3,0.1,0.2,0.1,0.4,0.1,0.1,0.1,0.5,0.0,65535.0,0.23608758678568703,0.0,65535.0,0.12854200045777064,0.0,0.0,0.0,0.0,0.0,0.0,0.0,0.0,0.0,0.0
112780.52,1.1744156808297237,0.0,30525.0,37.0,0.1776499999983909,30.5,32.5625,37.05000000000001,0.0,0.0,0.0,0.0,0.0,20.0,0.3,0.1,0.2,0.1,0.4,0.1,0.1,0.1,0.5,0.0,65535.0,0.237949187457084,0.0,65535.0,0.12759594110017547,0.0,0.0,0.0,0.0,0.0,0.0,0.0,0.0,0.0,0.0
112840.59,1.183994838223648,0.0,30525.0,37.0,0.16854999999839917,30.625,32.5625,36.93000000000001,0.0,0.0,0.0,0.0,0.0,20.0,0.3,0.1,0.2,0.1,0.4,0.1,0.1,0.1,0.5,0.0,65535.0,0.23816281376363774,0.0,65535.0,0.1283436331731136,0.0,0.0,0.0,0.0,0.0,0.0,0.0,0.0,0.0,0.0
112900.64,1.174293472131964,0.0,30525.0,37.0,0.14114999999839226,30.625,32.5625,36.93000000000001,0.0,0.0,0.0,0.0,0.0,20.0,0.3,0.1,0.2,0.1,0.4,0.1,0.1,0.1,0.5,0.0,65535.0,0.23828488593881134,0.0,65535.0,0.12886243991760127,0.0,0.0,0.0,0.0,0.0,0.0,0.0,0.0,0.0,0.0
112960.72,1.1753640486056045,0.0,30525.0,37.0,0.1446499999983865,30.5625,32.5,36.950000000000045,0.0,0.0,0.0,0.0,0.0,20.0,0.3,0.1,0.2,0.1,0.4,0.1,0.1,0.1,0.5,0.0,65535.0,0.2384069581139849,0.0,65535.0,0.12854200045777064,0.0,0.0,0.0,0.0,0.0,0.0,0.0,0.0,0.0,0.0
113020.79,1.1955400938104401,0.0,30525.0,37.0,0.1991499999983972,30.625,32.5625,36.950000000000045,0.0,0.0,0.0,0.0,0.0,20.0,0.3,0.1,0.2,0.1,0.4,0.1,0.1,0.1,0.5,0.0,65535.0,0.23831540398260473,0.0,65535.0,0.12803845273517966,0.0,0.0,0.0,0.0,0.0,0.0,0.0,0.0,0.0,0.0
113080.87,1.1744527587361655,0.0,30525.0,37.0,0.12854999999838862,30.5625,32.5625,36.93000000000001,0.0,0.0,0.0,0.0,0.0,20.0,0.3,0.1,0.2,0.1,0.4,0.1,0.1,0.1,0.5,0.0,65535.0,0.23920042725261312,0.0,65535.0,0.12858777752346073,0.0,0.0,0.0,0.0,0.0,0.0,0.0,0.0,0.0,0.0
113140.94,1.199962315851262,0.0,30525.0,37.0,0.18594999999839495,30.5625,32.5,36.870000000000005,0.0,0.0,0.0,0.0,0.0,20.0,0.3,0.1,0.2,0.1,0.4,0.1,0.1,0.1,0.5,0.0,65535.0,0.23868162050812544,0.0,65535.0,0.1287861448081178,0.0,0.0,0.0,0.0,0.0,0.0,0.0,0.0,0.0,0.0
113200.98,1.1925713809660108,0.0,30525.0,37.0,0.16944999999839402,30.6875,32.5625,36.870000000000005,0.0,0.0,0.0,0.0,0.0,20.0,0.3,0.1,0.2,0.1,0.4,0.1,0.1,0.1,0.5,0.0,65535.0,0.23955138475623713,0.0,65535.0,0.12913710231174183,0.0,0.0,0.0,0.0,0.0,0.0,0.0,0.0,0.0,0.0
113261.02,1.1849399600919392,0.0,30525.0,37.0,0.1288499999983866,30.6875,32.5,37.05000000000001,0.0,0.0,0.0,0.0,0.0,20.0,0.3,0.1,0.2,0.1,0.4,0.1,0.1,0.1,0.5,0.0,65535.0,0.23863584344243535,0.0,65535.0,0.1296864271000229,0.0,0.0,0.0,0.0,0.0,0.0,0.0,0.0,0.0,0.0
113321.06,1.1544588872012365,0.0,30525.0,37.0,0.11854999999838003,30.625,32.5625,36.77000000000004,0.0,0.0,0.0,0.0,0.0,20.0,0.3,0.1,0.2,0.1,0.4,0.1,0.1,0.1,0.5,0.0,65535.0,0.24075684748607615,0.0,65535.0,0.12861829556725413,0.0,0.0,0.0,0.0,0.0,0.0,0.0,0.0,0.0,0.0
113381.1,1.2110210741335876,0.0,30525.0,37.0,0.16004999999838576,30.625,32.5625,36.89000000000004,0.0,0.0,0.0,0.0,0.0,20.0,0.3,0.1,0.2,0.1,0.4,0.1,0.1,0.1,0.5,0.0,65535.0,0.23915465018692303,0.0,65535.0,0.12892347600518808,0.0,0.0,0.0,0.0,0.0,0.0,0.0,0.0,0.0,0.0
113441.15,1.191124570268701,0.0,30525.0,37.0,0.14654999999838467,30.625,32.5625,36.93000000000001,0.0,0.0,0.0,0.0,0.0,20.0,0.3,0.1,0.2,0.1,0.4,0.1,0.1,0.1,0.5,0.0,65535.0,0.23956664377813383,0.0,65535.0,0.12886243991760127,0.0,0.0,0.0,0.0,0.0,0.0,0.0,0.0,0.0,0.0
113501.19,1.1822849442593029,0.0,30525.0,37.0,0.14004999999838888,30.6875,32.5625,37.170000000000016,0.0,0.0,0.0,0.0,0.0,20.0,0.3,0.1,0.2,0.1,0.4,0.1,0.1,0.1,0.5,0.0,65535.0,0.23949034866865035,0.0,65535.0,0.1293202105745022,0.0,0.0,0.0,0.0,0.0,0.0,0.0,0.0,0.0,0.0
113561.23,1.2200585122399403,0.0,30525.0,37.0,0.14174999999838306,30.625,32.5,36.89000000000004,0.0,0.0,0.0,0.0,0.0,20.0,0.3,0.1,0.2,0.1,0.4,0.1,0.1,0.1,0.5,0.0,65535.0,0.240161745632105,0.0,65535.0,0.12887769893949796,0.0,0.0,0.0,0.0,0.0,0.0,0.0,0.0,0.0,0.0
113621.28,1.1920706119719533,0.0,30525.0,37.0,0.1470499999983774,30.6875,32.5,36.81,0.0,0.0,0.0,0.0,0.0,20.0,0.3,0.1,0.2,0.1,0.4,0.1,0.1,0.1,0.5,0.0,65535.0,0.23820859082932783,0.0,65535.0,0.1287403677424277,0.0,0.0,0.0,0.0,0.0,0.0,0.0,0.0,0.0,0.0
113681.36,1.1700375186916798,0.0,30525.0,37.0,0.15964999999837673,30.75,32.5,36.89000000000004,0.0,0.0,0.0,0.0,0.0,20.0,0.3,0.1,0.2,0.1,0.4,0.1,0.1,0.1,0.5,0.0,65535.0,0.23985656519417106,0.0,65535.0,0.12886243991760127,0.0,0.0,0.0,0.0,0.0,0.0,0.0,0.0,0.0,0.0
113741.39,1.1919015346315547,0.0,30525.0,37.0,0.13554999999838444,30.6875,32.5625,36.89000000000004,0.0,0.0,0.0,0.0,0.0,20.0,0.3,0.1,0.2,0.1,0.4,0.1,0.1,0.1,0.5,0.0,65535.0,0.24002441443503472,0.0,65535.0,0.12953383688105594,0.0,0.0,0.0,0.0,0.0,0.0,0.0,0.0,0.0,0.0
113801.43,1.1966688804548433,0.0,30525.0,37.0,0.1817499999983859,30.6875,32.5625,36.950000000000045,0.0,0.0,0.0,0.0,0.0,20.0,0.3,0.1,0.2,0.1,0.4,0.1,0.1,0.1,0.5,0.0,65535.0,0.23979552910658428,0.0,65535.0,0.12866407263294422,0.0,0.0,0.0,0.0,0.0,0.0,0.0,0.0,0.0,0.0
113861.5,1.1828396532410927,0.0,30525.0,37.0,0.13584999999838332,30.625,32.5625,36.870000000000005,0.0,0.0,0.0,0.0,0.0,20.0,0.3,0.1,0.2,0.1,0.4,0.1,0.1,0.1,0.5,0.0,65535.0,0.24028381780727856,0.0,65535.0,0.12890821698329138,0.0,0.0,0.0,0.0,0.0,0.0,0.0,0.0,0.0,0.0
113921.6,1.1601723625868148,0.0,30525.0,37.0,0.1249499999983773,30.6875,32.5,36.93000000000001,0.0,0.0,0.0,0.0,0.0,20.0,0.3,0.1,0.2,0.1,0.4,0.1,0.1,0.1,0.5,0.0,65535.0,0.2392614633401999,0.0,65535.0,0.12916762035553522,0.0,0.0,0.0,0.0,0.0,0.0,0.0,0.0,0.0,0.0
113981.67,1.187242062371602,0.0,30525.0,37.0,0.16794999999838336,30.5625,32.5625,36.89000000000004,0.0,0.0,0.0,0.0,0.0,20.0,0.3,0.1,0.2,0.1,0.4,0.1,0.1,0.1,0.5,0.0,65535.0,0.2388189517051957,0.0,65535.0,0.12858777752346073,0.0,0.0,0.0,0.0,0.0,0.0,0.0,0.0,0.0,0.0
114041.74,1.1718583368055633,0.0,30525.0,37.0,0.1620499999983728,30.6875,32.5,36.89000000000004,0.0,0.0,0.0,0.0,0.0,20.0,0.3,0.1,0.2,0.1,0.4,0.1,0.1,0.1,0.5,0.0,65535.0,0.23898680094605937,0.0,65535.0,0.12944228274967576,0.0,0.0,0.0,0.0,0.0,0.0,0.0,0.0,0.0,0.0
114101.82,1.1822772499028427,0.0,30525.0,37.0,0.12434999999837523,30.5625,32.5,37.110000000000014,0.0,0.0,0.0,0.0,0.0,20.0,0.3,0.1,0.2,0.1,0.4,0.1,0.1,0.1,0.5,0.0,65535.0,0.24046692607003892,0.0,65535.0,0.12950331883726254,0.0,0.0,0.0,0.0,0.0,0.0,0.0,0.0,0.0,0.0
114161.88,1.1840880327768337,0.0,30525.0,37.0,0.25004999999837885,30.625,32.5,36.81,0.0,0.0,0.0,0.0,0.0,20.0,0.3,0.1,0.2,0.1,0.4,0.1,0.1,0.1,0.5,0.0,65535.0,0.24191653315022507,0.0,65535.0,0.13044937819485772,0.0,0.0,0.0,0.0,0.0,0.0,0.0,0.0,0.0,0.0
114221.97,1.1740029559004654,0.0,30525.0,37.0,0.15064999999836895,30.5625,32.5625,37.13000000000005,0.0,0.0,0.0,0.0,0.0,20.0,0.3,0.1,0.2,0.1,0.4,0.1,0.1,0.1,0.5,0.0,65535.0,0.24162661173418784,0.0,65535.0,0.12906080720225835,0.0,0.0,0.0,0.0,0.0,0.0,0.0,0.0,0.0,0.0
114282.04,1.1691435062040685,0.0,30525.0,37.0,0.14144999999837218,30.625,32.5,36.870000000000005,0.0,0.0,0.0,0.0,0.0,20.0,0.3,0.1,0.2,0.1,0.4,0.1,0.1,0.1,0.5,0.0,65535.0,0.24151979858091097,0.0,65535.0,0.13035782406347754,0.0,0.0,0.0,0.0,0.0,0.0,0.0,0.0,0.0,0.0
114342.07,1.1838116689009692,0.0,30525.0,37.0,0.1564499999983719,30.625,32.5625,36.950000000000045,0.0,0.0,0.0,0.0,0.0,20.0,0.3,0.1,0.2,0.1,0.4,0.1,0.1,0.1,0.5,0.0,65535.0,0.24118410009918365,0.0,65535.0,0.12974746318760969,0.0,0.0,0.0,0.0,0.0,0.0,0.0,0.0,0.0,0.0
114402.14,1.176666305708474,0.0,30525.0,37.0,0.14794999999836542,30.625,32.5,37.13000000000005,0.0,0.0,0.0,0.0,0.0,20.0,0.3,0.1,0.2,0.1,0.4,0.1,0.1,0.1,0.5,0.0,65535.0,0.24080262455176624,0.0,65535.0,0.12962539101243611,0.0,0.0,0.0,0.0,0.0,0.0,0.0,0.0,0.0,0.0
114462.2,1.187007338593823,0.0,30525.0,37.0,0.13914999999837427,30.625,32.5625,37.13000000000005,0.0,0.0,0.0,0.0,0.0,20.0,0.3,0.1,0.2,0.1,0.4,0.1,0.1,0.1,0.5,0.0,65535.0,0.24068055237659267,0.0,65535.0,0.12957961394674603,0.0,0.0,0.0,0.0,0.0,0.0,0.0,0.0,0.0,0.0
114522.25,1.2038605396588102,0.0,30525.0,37.0,0.1370499999983736,30.625,32.5,36.870000000000005,0.0,0.0,0.0,0.0,0.0,20.0,0.3,0.1,0.2,0.1,0.4,0.1,0.1,0.1,0.5,0.0,65535.0,0.23993286030365454,0.0,65535.0,0.12950331883726254,0.0,0.0,0.0,0.0,0.0,0.0,0.0,0.0,0.0,0.0
114582.29,1.170247966982253,0.0,30525.0,37.0,0.1473499999983634,30.625,32.5625,36.89000000000004,0.0,0.0,0.0,0.0,0.0,20.0,0.3,0.1,0.2,0.1,0.4,0.1,0.1,0.1,0.5,0.0,65535.0,0.24071107042038606,0.0,65535.0,0.12962539101243611,0.0,0.0,0.0,0.0,0.0,0.0,0.0,0.0,0.0,0.0
114642.35,1.1631497281107168,0.0,30525.0,37.0,0.1561499999983679,30.6875,32.5,36.950000000000045,0.0,0.0,0.0,0.0,0.0,20.0,0.3,0.1,0.2,0.1,0.4,0.1,0.1,0.1,0.5,0.0,65535.0,0.2422674906538491,0.0,65535.0,0.1309987029831388,0.0,0.0,0.0,0.0,0.0,0.0,0.0,0.0,0.0,0.0
114702.44,1.2205492184519076,0.0,30525.0,37.0,0.1593499999983624,30.6875,32.625,36.85000000000002,0.0,0.0,0.0,0.0,0.0,20.0,0.3,0.1,0.2,0.1,0.4,0.1,0.1,0.1,0.5,0.0,65535.0,0.24190127412832838,0.0,65535.0,0.1300679026474403,0.0,0.0,0.0,0.0,0.0,0.0,0.0,0.0,0.0,0.0
114762.51,1.1688016544096838,0.0,30525.0,37.0,0.17674999999836163,30.625,32.5625,36.93000000000001,0.0,0.0,0.0,0.0,0.0,20.0,0.3,0.1,0.2,0.1,0.4,0.1,0.1,0.1,0.5,0.0,65535.0,0.24292362859540703,0.0,65535.0,0.13063248645761807,0.0,0.0,0.0,0.0,0.0,0.0,0.0,0.0,0.0,0.0
114822.59,1.1933489915932585,0.0,30525.0,37.0,0.15884999999836455,30.6875,32.5625,36.77000000000004,0.0,0.0,0.0,0.0,0.0,20.0,0.3,0.1,0.2,0.1,0.4,0.1,0.1,0.1,0.5,0.0,65535.0,0.24069581139848936,0.0,65535.0,0.1305104142824445,0.0,0.0,0.0,0.0,0.0,0.0,0.0,0.0,0.0,0.0
114882.66,1.224310477612487,0.0,30525.0,37.0,0.16704999999836873,30.625,32.5625,36.950000000000045,0.0,0.0,0.0,0.0,0.0,20.0,0.3,0.1,0.2,0.1,0.4,0.1,0.1,0.1,0.5,0.0,65535.0,0.24103150988021668,0.0,65535.0,0.13066300450141147,0.0,0.0,0.0,0.0,0.0,0.0,0.0,0.0,0.0,0.0
114942.74,1.2125961070392077,0.0,30525.0,37.0,0.17094999999836857,30.625,32.5,36.89000000000004,0.0,0.0,0.0,0.0,0.0,20.0,0.3,0.1,0.2,0.1,0.4,0.1,0.1,0.1,0.5,0.0,65535.0,0.24214541847867552,0.0,65535.0,0.13122758831158923,0.0,0.0,0.0,0.0,0.0,0.0,0.0,0.0,0.0,0.0
115002.8,1.210561641171095,0.0,30525.0,37.0,0.14004999999836656,30.625,32.5625,37.01000000000005,0.0,0.0,0.0,0.0,0.0,20.0,0.3,0.1,0.2,0.1,0.4,0.1,0.1,0.1,0.5,0.0,65535.0,0.24228274967574578,0.0,65535.0,0.13069352254520486,0.0,0.0,0.0,0.0,0.0,0.0,0.0,0.0,0.0,0.0
115062.86,1.1925383171865875,0.0,30525.0,37.0,0.1391499999983657,30.6875,32.5,36.950000000000045,0.0,0.0,0.0,0.0,0.0,20.0,0.3,0.1,0.2,0.1,0.4,0.1,0.1,0.1,0.5,0.0,65535.0,0.24286259250782025,0.0,65535.0,0.13028152895399406,0.0,0.0,0.0,0.0,0.0,0.0,0.0,0.0,0.0,0.0
115122.93,1.2410763285809103,0.0,30525.0,37.0,0.10734999999836362,30.625,32.5,36.97000000000003,0.0,0.0,0.0,0.0,0.0,20.0,0.3,0.1,0.2,0.1,0.4,0.1,0.1,0.1,0.5,0.0,65535.0,0.24191653315022507,0.0,65535.0,0.13109025711451897,0.0,0.0,0.0,0.0,0.0,0.0,0.0,0.0,0.0,0.0
115183.0,1.202692123352126,0.0,30525.0,37.0,0.15884999999836025,30.625,32.5625,36.710000000000036,0.0,0.0,0.0,0.0,0.0,20.0,0.3,0.1,0.2,0.1,0.4,0.1,0.1,0.1,0.5,0.0,65535.0,0.2426642252231632,0.0,65535.0,0.13160906385900664,0.0,0.0,0.0,0.0,0.0,0.0,0.0,0.0,0.0,0.0
115243.09,1.2499418003841936,0.0,30525.0,37.0,0.1373499999983639,30.6875,32.5625,36.81,0.0,0.0,0.0,0.0,0.0,20.0,0.3,0.1,0.2,0.1,0.4,0.1,0.1,0.1,0.5,0.0,65535.0,0.24423590447852292,0.0,65535.0,0.13041886015106433,0.0,0.0,0.0,0.0,0.0,0.0,0.0,0.0,0.0,0.0
115303.14,1.1751067170710705,0.0,30525.0,37.0,0.13734999999836303,30.6875,32.5625,36.870000000000005,0.0,0.0,0.0,0.0,0.0,20.0,0.3,0.1,0.2,0.1,0.4,0.1,0.1,0.1,0.5,0.0,65535.0,0.2426489662012665,0.0,65535.0,0.13160906385900664,0.0,0.0,0.0,0.0,0.0,0.0,0.0,0.0,0.0,0.0
115363.18,1.2019515749582625,0.0,30525.0,37.0,0.17644999999835417,30.6875,32.5,36.950000000000045,0.0,0.0,0.0,0.0,0.0,20.0,0.3,0.1,0.2,0.1,0.4,0.1,0.1,0.1,0.5,0.0,65535.0,0.2426031891355764,0.0,65535.0,0.1309834439612421,0.0,0.0,0.0,0.0,0.0,0.0,0.0,0.0,0.0,0.0
115423.23,1.2160619055336268,0.0,30525.0,37.0,0.18624999999836372,30.625,32.5625,36.89000000000004,0.0,0.0046,0.25,0.0,0.0,20.0,0.3,0.1,0.2,0.1,0.4,0.1,0.1,0.1,0.5,0.0,65535.0,0.2435187304493782,0.0,65535.0,0.13086137178606852,0.0,0.0,0.0,0.0,0.0,0.0,0.0,0.0,0.0,0.0
115483.3,1.1746391377911896,0.0,30525.0,37.0,0.24024999999834987,30.625,32.5,36.610000000000014,0.0,0.0,0.0,0.0,0.0,20.0,0.3,0.1,0.2,0.1,0.4,0.1,0.1,0.1,0.5,0.0,65535.0,0.23430228122377356,0.0,65535.0,0.12765697718776225,0.0,0.0,0.0,0.0,0.0,0.0,0.0,0.0,0.0,0.0
115543.36,1.1525756904968918,0.0,30525.0,37.0,0.20414999999835684,30.5625,32.5625,36.85000000000002,0.0,0.0,0.0,0.0,0.0,20.0,0.3,0.1,0.2,0.1,0.4,0.1,0.1,0.1,0.5,0.0,65535.0,0.2345616845960174,0.0,65535.0,0.12681773098344395,0.0,0.0,0.0,0.0,0.0,0.0,0.0,0.0,0.0,0.0
115603.46,1.15558483518912,0.0,30525.0,37.0,0.11584999999834761,30.5625,32.5,36.870000000000005,0.0,0.0,0.0,0.0,0.0,20.0,0.3,0.1,0.2,0.1,0.4,0.1,0.1,0.1,0.5,0.0,65535.0,0.23715571831845578,0.0,65535.0,0.12797741664759288,0.0,0.0,0.0,0.0,0.0,0.0,0.0,0.0,0.0,0.0
115663.53,1.1451427732103658,0.0,30525.0,37.0,0.1711499999983533,30.625,32.5625,36.870000000000005,0.0,0.0,0.0,0.0,0.0,20.0,0.3,0.1,0.2,0.1,0.4,0.1,0.1,0.1,0.5,0.0,65535.0,0.2353551537346456,0.0,65535.0,0.12640573739223315,0.0,0.0,0.0,0.0,0.0,0.0,0.0,0.0,0.0,0.0
115723.61,1.1467504394225727,0.0,30525.0,37.0,0.13024999999834616,30.6875,32.5,37.05000000000001,0.0,0.0,0.0,0.0,0.0,20.0,0.3,0.1,0.2,0.1,0.4,0.1,0.1,0.1,0.5,0.0,65535.0,0.23562981612878614,0.0,65535.0,0.1274280918593118,0.0,0.0,0.0,0.0,0.0,0.0,0.0,0.0,0.0,0.0
115783.67,1.144679440803026,0.0,30525.0,37.0,0.19114999999834761,30.6875,32.5,37.09000000000003,0.0,0.0,0.0,0.0,0.0,20.0,0.3,0.1,0.2,0.1,0.4,0.1,0.1,0.1,0.5,0.0,65535.0,0.23463797970550088,0.0,65535.0,0.1274128328374151,0.0,0.0,0.0,0.0,0.0,0.0,0.0,0.0,0.0,0.0
115843.75,1.1618933239061873,0.0,30525.0,37.0,0.11574999999835336,30.6875,32.5,36.81,0.0,0.0,0.0,0.0,0.0,20.0,0.3,0.1,0.2,0.1,0.4,0.1,0.1,0.1,0.5,0.0,65535.0,0.23431754024567025,0.0,65535.0,0.12735179674982833,0.0,0.0,0.0,0.0,0.0,0.0,0.0,0.0,0.0,0.0
115903.82,1.1391668246159674,0.0,30525.0,37.0,0.12774999999835324,30.6875,32.4375,36.79000000000002,0.0,0.0,0.0,0.0,0.0,20.0,0.3,0.1,0.2,0.1,0.4,0.1,0.1,0.1,0.5,0.0,65535.0,0.23688105592431524,0.0,65535.0,0.12758068207827877,0.0,0.0,0.0,0.0,0.0,0.0,0.0,0.0,0.0,0.0
115963.87,1.165248787178502,0.0,30525.0,37.0,0.18954999999835473,30.6875,32.5625,36.81,0.0,0.0,0.0,0.0,0.0,20.0,0.3,0.1,0.2,0.1,0.4,0.1,0.1,0.1,0.5,0.0,65535.0,0.23569085221637293,0.0,65535.0,0.12780956740672922,0.0,0.0,0.0,0.0,0.0,0.0,0.0,0.0,0.0,0.0
116023.91,1.147525006181192,0.0,30525.0,37.0,0.15184999999834298,30.6875,32.5,37.110000000000014,0.0,0.0,0.0,0.0,0.0,20.0,0.3,0.1,0.2,0.1,0.4,0.1,0.1,0.1,0.5,0.0,65535.0,0.23572137026016632,0.0,65535.0,0.1275043869687953,0.0,0.0,0.0,0.0,0.0,0.0,0.0,0.0,0.0,0.0
116083.95,1.1637292945728532,0.0,30525.0,37.0,0.14334999999835157,30.6875,32.5,36.950000000000045,0.0,0.0,0.0,0.0,0.0,20.0,0.3,0.1,0.2,0.1,0.4,0.1,0.1,0.1,0.5,0.0,65535.0,0.23613336385137712,0.0,65535.0,0.1275043869687953,0.0,0.0,0.0,0.0,0.0,0.0,0.0,0.0,0.0,0.0
116144.0,1.154833866420405,0.0,30525.0,37.0,0.18954999999835304,30.6875,32.5625,37.13000000000005,0.0,0.0,0.0,0.0,0.0,20.0,0.3,0.1,0.2,0.1,0.4,0.1,0.1,0.1,0.5,0.0,65535.0,0.23610284580758373,0.0,65535.0,0.12823682001983672,0.0,0.0,0.0,0.0,0.0,0.0,0.0,0.0,0.0,0.0
116204.04,1.1577795885467903,0.0,30525.0,37.0,0.18834999999835242,30.6875,32.5625,37.03000000000003,0.0,0.0,0.0,0.0,0.0,20.0,0.3,0.1,0.2,0.1,0.4,0.1,0.1,0.1,0.5,0.0,65535.0,0.23656061646448462,0.0,65535.0,0.12816052491035324,0.0,0.0,0.0,0.0,0.0,0.0,0.0,0.0,0.0,0.0
116264.09,1.1781509135291908,0.0,30525.0,37.0,0.18894999999835185,30.5625,32.5625,36.89000000000004,0.0,0.0,0.0,0.0,0.0,20.0,0.3,0.1,0.2,0.1,0.4,0.1,0.1,0.1,0.5,0.0,65535.0,0.23797970550087738,0.0,65535.0,0.12805371175707636,0.0,0.0,0.0,0.0,0.0,0.0,0.0,0.0,0.0,0.0
116324.13,1.1397004451471164,0.0,30525.0,37.0,0.1827499999983407,30.625,32.5,37.05000000000001,0.0,0.0,0.0,0.0,0.0,20.0,0.3,0.1,0.2,0.1,0.4,0.1,0.1,0.1,0.5,0.0,65535.0,0.23765926604104676,0.0,65535.0,0.12864881361104752,0.0,0.0,0.0,0.0,0.0,0.0,0.0,0.0,0.0,0.0
116384.21,1.1706390630617394,0.0,30525.0,37.0,0.1836499999983399,30.625,32.5,37.05000000000001,0.0,0.0,0.0,0.0,0.0,20.0,0.3,0.1,0.2,0.1,0.4,0.1,0.1,0.1,0.5,0.0,65535.0,0.2358281834134432,0.0,65535.0,0.12813000686655984,0.0,0.0,0.0,0.0,0.0,0.0,0.0,0.0,0.0,0.0
116444.29,1.1535139167258013,0.0,30525.0,37.0,0.19334999999834443,30.75,32.5,36.870000000000005,0.0,0.0,0.0,0.0,0.0,20.0,0.3,0.1,0.2,0.1,0.4,0.1,0.1,0.1,0.5,0.0,65535.0,0.23778133821622033,0.0,65535.0,0.12840466926070038,0.0,0.0,0.0,0.0,0.0,0.0,0.0,0.0,0.0,0.0
116504.36,1.1498395242141484,0.0,30525.0,37.0,0.13244999999834126,30.6875,32.5625,37.170000000000016,0.0,0.0,0.0,0.0,0.0,20.0,0.3,0.1,0.2,0.1,0.4,0.1,0.1,0.1,0.5,0.0,65535.0,0.23509575036240177,0.0,65535.0,0.1283283741512169,0.0,0.0,0.0,0.0,0.0,0.0,0.0,0.0,0.0,0.0
116564.41,1.161266328450155,0.0,30525.0,37.0,0.14564999999834088,30.6875,32.5,37.09000000000003,0.0,0.0,0.0,0.0,0.0,20.0,0.3,0.1,0.2,0.1,0.4,0.1,0.1,0.1,0.5,0.0,65535.0,0.23587396047913328,0.0,65535.0,0.12809948882276645,0.0,0.0,0.0,0.0,0.0,0.0,0.0,0.0,0.0,0.0
116624.45,1.1719044200899196,0.0,30525.0,37.0,0.10204999999833364,30.625,32.5,36.81,0.0,0.0,0.0,0.0,0.0,20.0,0.3,0.1,0.2,0.1,0.4,0.1,0.1,0.1,0.5,0.0,65535.0,0.23608758678568703,0.0,65535.0,0.1287708857862211,0.0,0.0,0.0,0.0,0.0,0.0,0.0,0.0,0.0,0.0
116684.51,1.1751116594706519,0.0,30525.0,37.0,0.12024999999834296,30.625,32.5625,36.950000000000045,0.0,0.0,0.0,0.0,0.0,20.0,0.3,0.1,0.2,0.1,0.4,0.1,0.1,0.1,0.5,0.0,65535.0,0.23938353551537347,0.0,65535.0,0.1297016861219196,0.0,0.0,0.0,0.0,0.0,0.0,0.0,0.0,0.0,0.0
116744.57,1.1867019288863736,0.0,30525.0,37.0,0.16734999999834443,30.6875,32.5,37.05000000000001,0.0,0.0,0.0,0.0,0.0,20.0,0.3,0.1,0.2,0.1,0.4,0.1,0.1,0.1,0.5,0.0,65535.0,0.2384679942015717,0.0,65535.0,0.12947280079346915,0.0,0.0,0.0,0.0,0.0,0.0,0.0,0.0,0.0,0.0
116804.64,1.2118977954121215,0.0,30525.0,37.0,0.14144999999833785,30.6875,32.5625,36.89000000000004,0.0,0.0,0.0,0.0,0.0,20.0,0.3,0.1,0.2,0.1,0.4,0.1,0.1,0.1,0.5,0.0,65535.0,0.23675898374914167,0.0,65535.0,0.12979324025329977,0.0,0.0,0.0,0.0,0.0,0.0,0.0,0.0,0.0,0.0
116864.69,1.175939859820296,0.0,30525.0,37.0,0.14534999999833687,30.625,32.5625,36.81,0.0,0.0,0.0,0.0,0.0,20.0,0.3,0.1,0.2,0.1,0.4,0.1,0.1,0.1,0.5,0.0,65535.0,0.23654535744258792,0.0,65535.0,0.12974746318760969,0.0,0.0,0.0,0.0,0.0,0.0,0.0,0.0,0.0,0.0
116924.74,1.1280535716501157,0.0,30525.0,37.0,0.1620499999983316,30.625,32.5625,36.81,0.0,0.0,0.0,0.0,0.0,20.0,0.3,0.1,0.2,0.1,0.4,0.1,0.1,0.1,0.5,0.0,65535.0,0.23797970550087738,0.0,65535.0,0.12959487296864272,0.0,0.0,0.0,0.0,0.0,0.0,0.0,0.0,0.0,0.0
116984.78,1.1467170368475852,0.0,30525.0,37.0,0.18794999999833648,30.625,32.5625,36.81,0.0,0.0,0.0,0.0,0.0,20.0,0.3,0.1,0.2,0.1,0.4,0.1,0.1,0.1,0.5,0.0,65535.0,0.23933775844968339,0.0,65535.0,0.12977798123140308,0.0,0.0,0.0,0.0,0.0,0.0,0.0,0.0,0.0,0.0
117044.83,1.2004134615134352,0.0,30525.0,37.0,0.16974999999833965,30.6875,32.5,36.85000000000002,0.0,0.0,0.0,0.0,0.0,20.0,0.3,0.1,0.2,0.1,0.4,0.1,0.1,0.1,0.5,0.0,65535.0,0.2392462043183032,0.0,65535.0,0.1301594567788205,0.0,0.0,0.0,0.0,0.0,0.0,0.0,0.0,0.0,0.0
117104.89,1.1747515880190273,0.0,30525.0,37.0,0.16884999999833875,30.625,32.5,36.89000000000004,0.0,0.0,0.0,0.0,0.0,20.0,0.3,0.1,0.2,0.1,0.4,0.1,0.1,0.1,0.5,0.0,65535.0,0.2374608987563897,0.0,65535.0,0.12983901731898986,0.0,0.0,0.0,0.0,0.0,0.0,0.0,0.0,0.0,0.0
117164.95,1.1733840098646473,0.0,30525.0,37.0,0.1653499999983277,30.6875,32.5,37.01000000000005,0.0,0.0,0.0,0.0,0.0,20.0,0.3,0.1,0.2,0.1,0.4,0.1,0.1,0.1,0.5,0.0,65535.0,0.23820859082932783,0.0,65535.0,0.12959487296864272,0.0,0.0,0.0,0.0,0.0,0.0,0.0,0.0,0.0,0.0
117225.0,1.142925767424778,0.0,30525.0,37.0,0.16564999999832655,30.625,32.5625,37.09000000000003,0.0,0.0,0.0,0.0,0.0,20.0,0.3,0.1,0.2,0.1,0.4,0.1,0.1,0.1,0.5,0.0,65535.0,0.2378576333257038,0.0,65535.0,0.1297016861219196,0.0,0.0,0.0,0.0,0.0,0.0,0.0,0.0,0.0,0.0
117285.02,1.1482282357090912,0.0,30525.0,37.0,0.16444999999832507,30.6875,32.5,37.03000000000003,0.0,0.0,0.0,0.0,0.0,20.0,0.3,0.1,0.2,0.1,0.4,0.1,0.1,0.1,0.5,0.0,65535.0,0.23901731898985276,0.0,65535.0,0.13020523384451058,0.0,0.0,0.0,0.0,0.0,0.0,0.0,0.0,0.0,0.0
117345.06,1.1530961311661416,0.0,30525.0,37.0,0.12494999999832745,30.5625,32.5,36.89000000000004,0.0,0.0,0.0,0.0,0.0,20.0,0.3,0.1,0.2,0.1,0.4,0.1,0.1,0.1,0.5,0.0,65535.0,0.23875791561760892,0.0,65535.0,0.13043411917296102,0.0,0.0,0.0,0.0,0.0,0.0,0.0,0.0,0.0,0.0
117405.11,1.1160861903182626,0.0,30525.0,37.0,0.16554999999833314,30.625,32.5,36.73000000000002,0.0,0.0,0.0,0.0,0.0,20.0,0.3,0.1,0.2,0.1,0.4,0.1,0.1,0.1,0.5,0.0,65535.0,0.23778133821622033,0.0,65535.0,0.13067826352330816,0.0,0.0,0.0,0.0,0.0,0.0,0.0,0.0,0.0,0.0
117465.19,1.1733543202443717,0.0,30525.0,37.0,0.1853499999983336,30.6875,32.5,37.01000000000005,0.0,0.0,0.0,0.0,0.0,20.0,0.3,0.1,0.2,0.1,0.4,0.1,0.1,0.1,0.5,0.0,65535.0,0.23866636148622875,0.0,65535.0,0.13084611276417182,0.0,0.0,0.0,0.0,0.0,0.0,0.0,0.0,0.0,0.0
117525.23,1.156294375307386,0.0,30525.0,37.0,0.18154999999832283,30.625,32.5,36.81,0.0,0.0,0.0,0.0,0.0,20.0,0.3,0.1,0.2,0.1,0.4,0.1,0.1,0.1,0.5,0.0,65535.0,0.2388799877927825,0.0,65535.0,0.13127336537727932,0.0,0.0,0.0,0.0,0.0,0.0,0.0,0.0,0.0,0.0
117585.31,1.168317565299502,0.0,30525.0,37.0,0.13884999999832984,30.625,32.5,37.03000000000003,0.0,0.0,0.0,0.0,0.0,20.0,0.3,0.1,0.2,0.1,0.4,0.1,0.1,0.1,0.5,0.0,65535.0,0.24034485389486535,0.0,65535.0,0.13232623788815137,0.0,0.0,0.0,0.0,0.0,0.0,0.0,0.0,0.0,0.0
117645.38,1.18019465479434,0.0,30525.0,37.0,0.11884999999831874,30.625,32.5625,36.93000000000001,0.0,0.0,0.0,0.0,0.0,20.0,0.3,0.1,0.2,0.1,0.4,0.1,0.1,0.1,0.5,0.0,65535.0,0.23851377126726178,0.0,65535.0,0.1304798962386511,0.0,0.0,0.0,0.0,0.0,0.0,0.0,0.0,0.0,0.0
117705.41,1.1809234913331168,0.0,30525.0,37.0,0.11434999999831771,30.6875,32.5,37.05000000000001,0.0,0.0,0.0,0.0,0.0,20.0,0.3,0.1,0.2,0.1,0.4,0.1,0.1,0.1,0.5,0.0,65535.0,0.23930724040589,0.0,65535.0,0.1313344014648661,0.0,0.0,0.0,0.0,0.0,0.0,0.0,0.0,0.0,0.0
117765.49,1.1724595698084552,0.0,30525.0,37.0,0.15964999999831828,30.625,32.5,36.85000000000002,0.0,0.0,0.0,0.0,0.0,20.0,0.3,0.1,0.2,0.1,0.4,0.1,0.1,0.1,0.5,0.0,65535.0,0.2401007095445182,0.0,65535.0,0.13163958190280003,0.0,0.0,0.0,0.0,0.0,0.0,0.0,0.0,0.0,0.0
117825.54,1.2119566013713567,0.0,30525.0,37.0,0.18494999999832284,30.625,32.5,36.710000000000036,0.0,0.0,0.0,0.0,0.0,20.0,0.3,0.1,0.2,0.1,0.4,0.1,0.1,0.1,0.5,0.0,65535.0,0.2392309452964065,0.0,65535.0,0.13171587701228352,0.0,0.0,0.0,0.0,0.0,0.0,0.0,0.0,0.0,0.0
117885.58,1.1794342281927932,0.0,30525.0,37.0,0.14464999999831518,30.6875,32.5,36.93000000000001,0.0,0.0,0.0,0.0,0.0,20.0,0.3,0.1,0.2,0.1,0.4,0.1,0.1,0.1,0.5,0.0,65535.0,0.24168764782177463,0.0,65535.0,0.13298237582970932,0.0,0.0,0.0,0.0,0.0,0.0,0.0,0.0,0.0,0.0
117945.61,1.179405627054757,0.0,30525.0,37.0,0.1814499999983252,30.5625,32.5,36.710000000000036,0.0,0.0,0.0,0.0,0.0,20.0,0.3,0.1,0.2,0.1,0.4,0.1,0.1,0.1,0.5,0.0,65535.0,0.24025329976348517,0.0,65535.0,0.13160906385900664,0.0,0.0,0.0,0.0,0.0,0.0,0.0,0.0,0.0,0.0
118005.65,1.1602712816655287,0.0,30525.0,37.0,0.14674999999831329,30.625,32.5625,36.710000000000036,0.0,0.0,0.0,0.0,0.0,20.0,0.3,0.1,0.2,0.1,0.4,0.1,0.1,0.1,0.5,0.0,65535.0,0.2409399557488365,0.0,65535.0,0.13186846723125048,0.0,0.0,0.0,0.0,0.0,0.0,0.0,0.0,0.0,0.0
118065.7,1.188791920235642,0.0,30525.0,37.0,0.17674999999831356,30.625,32.5,36.85000000000002,0.0,0.0,0.0,0.0,0.0,20.0,0.3,0.1,0.2,0.1,0.4,0.1,0.1,0.1,0.5,0.0,65535.0,0.2401007095445182,0.0,65535.0,0.1317463950560769,0.0,0.0,0.0,0.0,0.0,0.0,0.0,0.0,0.0,0.0
118125.77,1.2009264657258494,0.0,30525.0,37.0,0.16644999999832205,30.625,32.5,36.81,0.0,0.0,0.0,0.0,0.0,20.0,0.3,0.1,0.2,0.1,0.4,0.1,0.1,0.1,0.5,0.0,65535.0,0.24214541847867552,0.0,65535.0,0.13284504463263905,0.0,0.0,0.0,0.0,0.0,0.0,0.0,0.0,0.0,0.0
118185.82,1.1986924208696477,0.0,30525.0,37.0,0.19914999999832245,30.5625,32.5,36.85000000000002,0.0,0.0,0.0,0.0,0.0,20.0,0.3,0.1,0.2,0.1,0.4,0.1,0.1,0.1,0.5,0.0,65535.0,0.2443427176317998,0.0,65535.0,0.13356221866178378,0.0,0.0,0.0,0.0,0.0,0.0,0.0,0.0,0.0,0.0
118245.89,1.2011618773246329,0.0,30525.0,37.0,0.1709499999983205,30.625,32.5,36.89000000000004,0.0,0.0,0.0,0.0,0.0,20.0,0.3,0.1,0.2,0.1,0.4,0.1,0.1,0.1,0.5,0.0,65535.0,0.23994811932555124,0.0,65535.0,0.13235675593194476,0.0,0.0,0.0,0.0,0.0,0.0,0.0,0.0,0.0,0.0
118305.97,1.217553609665392,0.0,30525.0,37.0,0.16474999999830936,30.5,32.5625,36.85000000000002,0.0,0.0,0.0,0.0,0.0,20.0,0.3,0.1,0.2,0.1,0.4,0.1,0.1,0.1,0.5,0.0,65535.0,0.2405889982452125,0.0,65535.0,0.13362325474937056,0.0,0.0,0.0,0.0,0.0,0.0,0.0,0.0,0.0,0.0
118366.03,1.1897777497706148,0.0,30525.0,37.0,0.22504999999831052,30.625,32.5,36.89000000000004,0.0,0.0,0.0,0.0,0.0,20.0,0.3,0.1,0.2,0.1,0.4,0.1,0.1,0.1,0.5,0.0,65535.0,0.24112306401159686,0.0,65535.0,0.13272297245746548,0.0,0.0,0.0,0.0,0.0,0.0,0.0,0.0,0.0,0.0
118426.1,1.1668525680206598,0.0,30525.0,37.0,0.16444999999830706,30.625,32.5,36.89000000000004,0.0,0.0,0.0,0.0,0.0,20.0,0.3,0.1,0.2,0.1,0.4,0.1,0.1,0.1,0.5,0.0,65535.0,0.24072632944228275,0.0,65535.0,0.13226520180056459,0.0,0.0,0.0,0.0,0.0,0.0,0.0,0.0,0.0,0.0
118486.18,1.1519976389087636,0.0,30525.0,37.0,0.1479499999983053,30.625,32.5625,36.710000000000036,0.0,0.0,0.0,0.0,0.0,20.0,0.3,0.1,0.2,0.1,0.4,0.1,0.1,0.1,0.5,0.0,65535.0,0.24168764782177463,0.0,65535.0,0.13275349050125887,0.0,0.0,0.0,0.0,0.0,0.0,0.0,0.0,0.0,0.0
118546.23,1.1774928414976729,0.0,30525.0,37.0,0.14494999999830377,30.625,32.4375,36.85000000000002,0.0,0.0,0.0,0.0,0.0,20.0,0.3,0.1,0.2,0.1,0.4,0.1,0.1,0.1,0.5,0.0,65535.0,0.23994811932555124,0.0,65535.0,0.1330586709391928,0.0,0.0,0.0,0.0,0.0,0.0,0.0,0.0,0.0,0.0
118606.3,1.1635829978985668,0.0,30525.0,37.0,0.15994999999830348,30.6875,32.5,36.57000000000005,0.0,0.0,0.0,0.0,0.0,20.0,0.3,0.1,0.2,0.1,0.4,0.1,0.1,0.1,0.5,0.0,65535.0,0.24231326771953918,0.0,65535.0,0.13371480888075074,0.0,0.0,0.0,0.0,0.0,0.0,0.0,0.0,0.0,0.0
118666.37,1.1857567942521625,0.0,30525.0,37.0,0.18704999999830813,30.625,32.5,36.610000000000014,0.0,0.0,0.0,0.0,0.0,20.0,0.3,0.1,0.2,0.1,0.4,0.1,0.1,0.1,0.5,0.0,65535.0,0.2410009918364233,0.0,65535.0,0.13333333333333333,0.0,0.0,0.0,0.0,0.0,0.0,0.0,0.0,0.0,0.0
118726.45,1.1751136928960093,0.0,30525.0,37.0,0.1900499999983071,30.625,32.4375,36.97000000000003,0.0,0.0,0.0,0.0,0.0,20.0,0.3,0.1,0.2,0.1,0.4,0.1,0.1,0.1,0.5,0.0,65535.0,0.24188601510643168,0.0,65535.0,0.1326161593041886,0.0,0.0,0.0,0.0,0.0,0.0,0.0,0.0,0.0,0.0
118786.52,1.172857433504071,0.0,30525.0,37.0,0.1579499999983053,30.5625,32.5,36.81,0.0,0.0,0.0,0.0,0.0,20.0,0.3,0.1,0.2,0.1,0.4,0.1,0.1,0.1,0.5,0.0,65535.0,0.24203860532539864,0.0,65535.0,0.1326314183260853,0.0,0.0,0.0,0.0,0.0,0.0,0.0,0.0,0.0,0.0
118846.55,1.1843005266836772,0.0,30525.0,37.0,0.1582499999983042,30.5625,32.5,37.01000000000005,0.0,0.0,0.0,0.0,0.0,20.0,0.3,0.1,0.2,0.1,0.4,0.1,0.1,0.1,0.5,0.0,65535.0,0.2418402380407416,0.0,65535.0,0.13354695963988708,0.0,0.0,0.0,0.0,0.0,0.0,0.0,0.0,0.0,0.0
118906.6,1.1688853454078783,0.0,30525.0,37.0,0.1679499999983087,30.5625,32.5,36.81,0.0,0.0,0.0,0.0,0.0,20.0,0.3,0.1,0.2,0.1,0.4,0.1,0.1,0.1,0.5,0.0,65535.0,0.24403753719386587,0.0,65535.0,0.1347676813916228,0.0,0.0,0.0,0.0,0.0,0.0,0.0,0.0,0.0,0.0
118966.64,1.1697877160450676,0.0,30525.0,37.0,0.16884999999830788,30.5625,32.4375,36.85000000000002,0.0,0.0,0.0,0.0,0.0,20.0,0.3,0.1,0.2,0.1,0.4,0.1,0.1,0.1,0.5,0.0,65535.0,0.24164187075608454,0.0,65535.0,0.1326314183260853,0.0,0.0,0.0,0.0,0.0,0.0,0.0,0.0,0.0,0.0
119026.69,1.1802275097515291,0.0,30525.0,37.0,0.1903499999983034,30.5625,32.5,36.85000000000002,0.0,0.0,0.0,0.0,0.0,20.0,0.3,0.1,0.2,0.1,0.4,0.1,0.1,0.1,0.5,0.0,65535.0,0.24286259250782025,0.0,65535.0,0.13377584496833753,0.0,0.0,0.0,0.0,0.0,0.0,0.0,0.0,0.0,0.0
119086.75,1.195813861614515,0.0,30525.0,37.0,0.13704999999830583,30.625,32.4375,37.05000000000001,0.0,0.0,0.0,0.0,0.0,20.0,0.3,0.1,0.2,0.1,0.4,0.1,0.1,0.1,0.5,0.0,65535.0,0.24194705119401846,0.0,65535.0,0.1334859235523003,0.0,0.0,0.0,0.0,0.0,0.0,0.0,0.0,0.0,0.0
119146.79,1.1673519031311934,0.0,30525.0,37.0,0.15854999999830133,30.6875,32.4375,36.93000000000001,0.0,0.0,0.0,0.0,0.0,20.0,0.3,0.1,0.2,0.1,0.4,0.1,0.1,0.1,0.5,0.0,65535.0,0.24380865186541542,0.0,65535.0,0.13421835660334172,0.0,0.0,0.0,0.0,0.0,0.0,0.0,0.0,0.0,0.0
119206.88,1.167819903406552,0.0,30525.0,37.0,0.13944999999830449,30.5625,32.5,36.89000000000004,0.0,0.0,0.0,0.0,0.0,20.0,0.3,0.1,0.2,0.1,0.4,0.1,0.1,0.1,0.5,0.0,65535.0,0.2401464866102083,0.0,65535.0,0.13286030365453574,0.0,0.0,0.0,0.0,0.0,0.0,0.0,0.0,0.0,0.0
119266.97,1.191146345677716,0.0,30525.0,37.0,0.14384999999829878,30.625,32.4375,37.03000000000003,0.0,0.0,0.0,0.0,0.0,20.0,0.3,0.1,0.2,0.1,0.4,0.1,0.1,0.1,0.5,0.0,65535.0,0.2417944609750515,0.0,65535.0,0.1339284351873045,0.0,0.0,0.0,0.0,0.0,0.0,0.0,0.0,0.0,0.0
119327.03,1.2031978229452553,0.0,30525.0,37.0,0.1397499999983025,30.625,32.5,36.93000000000001,0.0,0.0,0.0,0.0,0.0,20.0,0.3,0.1,0.2,0.1,0.4,0.1,0.1,0.1,0.5,0.0,65535.0,0.24271000228885328,0.0,65535.0,0.13420309758144502,0.0,0.0,0.0,0.0,0.0,0.0,0.0,0.0,0.0,0.0
119387.1,1.1797804279865791,0.0,30525.0,37.0,0.17064999999830283,30.625,32.4375,36.85000000000002,0.0,0.0,0.0,0.0,0.0,20.0,0.3,0.1,0.2,0.1,0.4,0.1,0.1,0.1,0.5,0.0,65535.0,0.24458686198214694,0.0,65535.0,0.13456931410696574,0.0,0.0,0.0,0.0,0.0,0.0,0.0,0.0,0.0,0.0
119447.14,1.1880960061519075,0.0,30525.0,37.0,0.14744999999829636,30.625,32.5,36.97000000000003,0.0,0.0,0.0,0.0,0.0,20.0,0.3,0.1,0.2,0.1,0.4,0.1,0.1,0.1,0.5,0.0,65535.0,0.2417792019531548,0.0,65535.0,0.13371480888075074,0.0,0.0,0.0,0.0,0.0,0.0,0.0,0.0,0.0,0.0
119507.23,1.2053826307101536,0.0,30525.0,37.0,0.1453499999982957,30.625,32.5,37.01000000000005,0.0,0.0,0.0,0.0,0.0,20.0,0.3,0.1,0.2,0.1,0.4,0.1,0.1,0.1,0.5,0.0,65535.0,0.2430151827267872,0.0,65535.0,0.13395895323109788,0.0,0.0,0.0,0.0,0.0,0.0,0.0,0.0,0.0,0.0
119567.33,1.1906628378469448,0.0,30525.0,37.0,0.16564999999829058,30.6875,32.4375,36.950000000000045,0.0,0.0,0.0,0.0,0.0,20.0,0.3,0.1,0.2,0.1,0.4,0.1,0.1,0.1,0.5,0.0,65535.0,0.24199282825970855,0.0,65535.0,0.13368429083695735,0.0,0.0,0.0,0.0,0.0,0.0,0.0,0.0,0.0,0.0
119627.37,1.221845694253879,0.0,30525.0,37.0,0.1303499999982934,30.6875,32.5,37.03000000000003,0.0,0.0,0.0,0.0,0.0,20.0,0.3,0.1,0.2,0.1,0.4,0.1,0.1,0.1,0.5,0.0,65535.0,0.2435187304493782,0.0,65535.0,0.13504234378576332,0.0,0.0,0.0,0.0,0.0,0.0,0.0,0.0,0.0,0.0
119687.43,1.2002586625746092,0.0,30525.0,37.0,0.1579499999982933,30.6875,32.4375,36.870000000000005,0.0,0.0,0.0,0.0,0.0,20.0,0.3,0.1,0.2,0.1,0.4,0.1,0.1,0.1,0.5,0.0,65535.0,0.243076218814374,0.0,65535.0,0.1347371633478294,0.0,0.0,0.0,0.0,0.0,0.0,0.0,0.0,0.0,0.0
119747.51,1.1938925478869422,0.0,30525.0,37.0,0.20034999999829906,30.625,32.4375,36.89000000000004,0.0,0.0,0.0,0.0,0.0,20.0,0.3,0.1,0.2,0.1,0.4,0.1,0.1,0.1,0.5,0.0,65535.0,0.24319829098954757,0.0,65535.0,0.13496604867627984,0.0,0.0,0.0,0.0,0.0,0.0,0.0,0.0,0.0,0.0
119807.59,1.1711924687122508,0.0,30525.0,37.0,0.18534999999829763,30.6875,32.4375,36.93000000000001,0.0,0.0,0.0,0.0,0.0,20.0,0.3,0.1,0.2,0.1,0.4,0.1,0.1,0.1,0.5,0.0,65535.0,0.2443732356755932,0.0,65535.0,0.13579003585870145,0.0,0.0,0.0,0.0,0.0,0.0,0.0,0.0,0.0,0.0
119867.68,1.216000904193548,0.0,30525.0,37.0,0.18564999999829734,30.625,32.4375,36.89000000000004,0.0,0.0,0.0,0.0,0.0,20.0,0.3,0.1,0.2,0.1,0.4,0.1,0.1,0.1,0.5,0.0,65535.0,0.2426337071793698,0.0,65535.0,0.13449301899748226,0.0,0.0,0.0,0.0,0.0,0.0,0.0,0.0,0.0,0.0
119927.75,1.214697907538866,0.0,30525.0,37.0,0.18854999999829217,30.625,32.5,37.09000000000003,0.0,0.0,0.0,0.0,0.0,20.0,0.3,0.1,0.2,0.1,0.4,0.1,0.1,0.1,0.5,0.0,65535.0,0.24408331425955596,0.0,65535.0,0.1347371633478294,0.0,0.0,0.0,0.0,0.0,0.0,0.0,0.0,0.0,0.0
119987.79,1.2206130556109165,0.0,30525.0,37.0,0.12674999999828895,30.625,32.5,36.97000000000003,0.0,0.0,0.0,0.0,0.0,20.0,0.3,0.1,0.2,0.1,0.4,0.1,0.1,0.1,0.5,0.0,65535.0,0.2439002059967956,0.0,65535.0,0.13527122911421377,0.0,0.0,0.0,0.0,0.0,0.0,0.0,0.0,0.0,0.0
120047.83,1.2166305381971716,0.0,30525.0,37.0,0.22654999999828687,30.6875,32.5,36.93000000000001,0.0,0.0,0.0,0.0,0.0,20.0,0.3,0.1,0.2,0.1,0.4,0.1,0.1,0.1,0.5,0.0,65535.0,0.2442969405661097,0.0,65535.0,0.13583581292439154,0.0,0.0,0.0,0.0,0.0,0.0,0.0,0.0,0.0,0.0
120107.91,1.2105377702165652,0.0,30525.0,37.0,0.15704999999828811,30.625,32.4375,37.01000000000005,0.0,0.0,0.0,0.0,0.0,20.0,0.3,0.1,0.2,0.1,0.4,0.1,0.1,0.1,0.5,0.0,65535.0,0.24325932707713435,0.0,65535.0,0.1351033798733501,0.0,0.0,0.0,0.0,0.0,0.0,0.0,0.0,0.0,0.0
120168.0,1.1951455379527693,0.0,30525.0,37.0,0.18594999999829365,30.625,32.5,37.03000000000003,0.0,0.0,0.0,0.0,0.0,20.0,0.3,0.1,0.2,0.1,0.4,0.1,0.1,0.1,0.5,0.0,65535.0,0.24165712977798123,0.0,65535.0,0.13495078965438315,0.0,0.0,0.0,0.0,0.0,0.0,0.0,0.0,0.0,0.0
120228.1,1.2018394669646437,0.0,30525.0,37.0,0.1677499999982826,30.6875,32.4375,37.09000000000003,0.0,0.0,0.0,0.0,0.0,20.0,0.3,0.1,0.2,0.1,0.4,0.1,0.1,0.1,0.5,0.0,65535.0,0.24495307850766765,0.0,65535.0,0.1347676813916228,0.0,0.0,0.0,0.0,0.0,0.0,0.0,0.0,0.0,0.0
120288.18,1.2019373428898823,0.0,30525.0,37.0,0.16444999999828133,30.625,32.4375,37.01000000000005,0.0,0.0,0.0,0.0,0.0,20.0,0.3,0.1,0.2,0.1,0.4,0.1,0.1,0.1,0.5,0.0,65535.0,0.24438849469748988,0.0,65535.0,0.1351949340047303,0.0,0.0,0.0,0.0,0.0,0.0,0.0,0.0,0.0,0.0
120348.25,1.2419196760505251,0.0,30525.0,37.0,0.15854999999828498,30.625,32.4375,36.950000000000045,0.0,0.0,0.0,0.0,0.0,20.0,0.3,0.1,0.2,0.1,0.4,0.1,0.1,0.1,0.5,0.0,65535.0,0.24356450751506828,0.0,65535.0,0.13438620584420538,0.0,0.0,0.0,0.0,0.0,0.0,0.0,0.0,0.0,0.0
120408.28,1.2337655644720282,0.0,30525.0,37.0,0.16944999999828927,30.6875,32.5,36.93000000000001,0.0,0.0,0.0,0.0,0.0,20.0,0.3,0.1,0.2,0.1,0.4,0.1,0.1,0.1,0.5,0.0,65535.0,0.24373235675593194,0.0,65535.0,0.13495078965438315,0.0,0.0,0.0,0.0,0.0,0.0,0.0,0.0,0.0,0.0
120468.33,1.20858926148548,0.0,30525.0,37.0,0.1700499999982887,30.6875,32.4375,36.950000000000045,0.0,0.0,0.0,0.0,0.0,20.0,0.3,0.1,0.2,0.1,0.4,0.1,0.1,0.1,0.5,0.0,65535.0,0.24315251392385748,0.0,65535.0,0.13488975356679636,0.0,0.0,0.0,0.0,0.0,0.0,0.0,0.0,0.0,0.0
120528.37,1.24892572145223,0.0,30525.0,37.0,0.13734999999828662,30.6875,32.5,37.05000000000001,0.0,0.0,0.0,0.0,0.0,20.0,0.3,0.1,0.2,0.1,0.4,0.1,0.1,0.1,0.5,0.0,65535.0,0.24287785152971694,0.0,65535.0,0.1346913862821393,0.0,0.0,0.0,0.0,0.0,0.0,0.0,0.0,0.0,0.0
120588.44,1.214000928686943,0.0,30525.0,37.0,0.16914999999828695,30.6875,32.5,36.93000000000001,0.0,0.0,0.0,0.0,0.0,20.0,0.3,0.1,0.2,0.1,0.4,0.1,0.1,0.1,0.5,0.0,65535.0,0.24411383230334935,0.0,65535.0,0.13624780651560234,0.0,0.0,0.0,0.0,0.0,0.0,0.0,0.0,0.0,0.0
120648.48,1.2162282043293127,0.0,30525.0,37.0,0.14444999999828012,30.625,32.4375,37.03000000000003,0.0,0.0,0.0,0.0,0.0,20.0,0.3,0.1,0.2,0.1,0.4,0.1,0.1,0.1,0.5,0.0,65535.0,0.24451056687266345,0.0,65535.0,0.13621728847180894,0.0,0.0,0.0,0.0,0.0,0.0,0.0,0.0,0.0,0.0
120708.56,1.2518419496507507,0.0,30525.0,37.0,0.09964999999827226,30.625,32.5,37.190000000000055,0.0,0.0,0.0,0.0,0.0,20.0,0.3,0.1,0.2,0.1,0.4,0.1,0.1,0.1,0.5,0.0,65535.0,0.24422064545662622,0.0,65535.0,0.1355306324864576,0.0,0.0,0.0,0.0,0.0,0.0,0.0,0.0,0.0,0.0
120768.63,1.2319842331162747,0.0,30525.0,37.0,0.19854999999828518,30.6875,32.5,36.81,0.0,0.0,0.0,0.0,0.0,20.0,0.3,0.1,0.2,0.1,0.4,0.1,0.1,0.1,0.5,0.0,65535.0,0.2435187304493782,0.0,65535.0,0.13586633096818493,0.0,0.0,0.0,0.0,0.0,0.0,0.0,0.0,0.0,0.0
120828.69,1.213403227639996,0.0,30525.0,37.0,0.1588499999982778,30.625,32.5,36.97000000000003,0.0,0.0,0.0,0.0,0.0,20.0,0.3,0.1,0.2,0.1,0.4,0.1,0.1,0.1,0.5,0.0,65535.0,0.2439459830624857,0.0,65535.0,0.13659876401922635,0.0,0.0,0.0,0.0,0.0,0.0,0.0,0.0,0.0,0.0
120888.74,1.2153075465673613,0.0,30525.0,37.0,0.16944999999828236,30.625,32.5,36.93000000000001,0.0,0.0,0.0,0.0,0.0,20.0,0.3,0.1,0.2,0.1,0.4,0.1,0.1,0.1,0.5,0.0,65535.0,0.244281681544213,0.0,65535.0,0.13649195086594948,0.0,0.0,0.0,0.0,0.0,0.0,0.0,0.0,0.0,0.0
120948.81,1.2470964700554812,0.0,30525.0,37.0,0.18064999999827216,30.625,32.5,36.89000000000004,0.0,0.0,0.0,0.0,0.0,20.0,0.3,0.1,0.2,0.1,0.4,0.1,0.1,0.1,0.5,0.0,65535.0,0.24454108491645685,0.0,65535.0,0.13675135423819335,0.0,0.0,0.0,0.0,0.0,0.0,0.0,0.0,0.0,0.0
121008.88,1.2340480879187927,0.0,30525.0,37.0,0.12324999999827918,30.6875,32.4375,37.110000000000014,0.0,0.0,0.0,0.0,0.0,20.0,0.3,0.1,0.2,0.1,0.4,0.1,0.1,0.1,0.5,0.0,65535.0,0.24623483634699017,0.0,65535.0,0.13649195086594948,0.0,0.0,0.0,0.0,0.0,0.0,0.0,0.0,0.0,0.0
121068.96,1.256380048886174,0.0,30525.0,37.0,0.1582499999982749,30.625,32.4375,36.97000000000003,0.0,0.0,0.0,0.0,0.0,20.0,0.3,0.1,0.2,0.1,0.4,0.1,0.1,0.1,0.5,0.0,65535.0,0.24707408255130847,0.0,65535.0,0.13708705271992067,0.0,0.0,0.0,0.0,0.0,0.0,0.0,0.0,0.0,0.0
121129.02,1.264043949620413,0.0,30525.0,37.0,0.11854999999826754,30.625,32.4375,37.13000000000005,0.0,0.0,0.0,0.0,0.0,20.0,0.3,0.1,0.2,0.1,0.4,0.1,0.1,0.1,0.5,0.0,65535.0,0.24481574731059738,0.0,65535.0,0.13675135423819335,0.0,0.0,0.0,0.0,0.0,0.0,0.0,0.0,0.0,0.0
121189.06,1.2122420682623585,0.0,30525.0,37.0,0.1894499999982741,30.6875,32.4375,36.85000000000002,0.0,0.0,0.0,0.0,0.0,20.0,0.3,0.1,0.2,0.1,0.4,0.1,0.1,0.1,0.5,0.0,65535.0,0.24524299992370488,0.0,65535.0,0.13713282978561075,0.0,0.0,0.0,0.0,0.0,0.0,0.0,0.0,0.0,0.0
121249.1,1.2394841429789973,0.0,30525.0,37.0,0.1591499999982724,30.625,32.5,36.97000000000003,0.0,0.0,0.0,0.0,0.0,20.0,0.3,0.1,0.2,0.1,0.4,0.1,0.1,0.1,0.5,0.0,65535.0,0.24444953078507667,0.0,65535.0,0.1364461738002594,0.0,0.0,0.0,0.0,0.0,0.0,0.0,0.0,0.0,0.0
121309.13,1.240212861132288,0.0,30525.0,37.0,0.1423499999982709,30.6875,32.4375,37.03000000000003,0.0,0.0,0.0,0.0,0.0,20.0,0.3,0.1,0.2,0.1,0.4,0.1,0.1,0.1,0.5,0.0,65535.0,0.24745555809872588,0.0,65535.0,0.136919203479057,0.0,0.0,0.0,0.0,0.0,0.0,0.0,0.0,0.0,0.0
121369.17,1.2379893245046,0.0,30525.0,37.0,0.17884999999826612,30.625,32.4375,36.89000000000004,0.0,0.0,0.0,0.0,0.0,20.0,0.3,0.1,0.2,0.1,0.4,0.1,0.1,0.1,0.5,0.0,65535.0,0.24711985961699856,0.0,65535.0,0.13707179369802397,0.0,0.0,0.0,0.0,0.0,0.0,0.0,0.0,0.0,0.0
121429.22,1.2257070310226545,0.0,30525.0,37.0,0.1579499999982692,30.625,32.4375,36.97000000000003,0.0,0.0,0.0,0.0,0.0,20.0,0.3,0.1,0.2,0.1,0.4,0.1,0.1,0.1,0.5,0.0,65535.0,0.24847791256580454,0.0,65535.0,0.1373769741359579,0.0,0.0,0.0,0.0,0.0,0.0,0.0,0.0,0.0,0.0
121489.26,1.2364615258667615,0.0,30525.0,37.0,0.201249999998275,30.625,32.5,36.81,0.0,0.0,0.0,0.0,0.0,20.0,0.3,0.1,0.2,0.1,0.4,0.1,0.1,0.1,0.5,0.0,65535.0,0.24675364309147785,0.0,65535.0,0.1368886854352636,0.0,0.0,0.0,0.0,0.0,0.0,0.0,0.0,0.0,0.0
121549.31,1.231515657311803,0.0,30525.0,37.0,0.12974999999826642,30.625,32.5,37.09000000000003,0.0,0.0,0.0,0.0,0.0,20.0,0.3,0.1,0.2,0.1,0.4,0.1,0.1,0.1,0.5,0.0,65535.0,0.2465247577630274,0.0,65535.0,0.13653772793163957,0.0,0.0,0.0,0.0,0.0,0.0,0.0,0.0,0.0,0.0
121609.35,1.2073126159741747,0.0,30525.0,37.0,0.16884999999827177,30.6875,32.4375,36.93000000000001,0.0,0.0,0.0,0.0,0.0,20.0,0.3,0.1,0.2,0.1,0.4,0.1,0.1,0.1,0.5,0.0,65535.0,0.2460975051499199,0.0,65535.0,0.13701075761043718,0.0,0.0,0.0,0.0,0.0,0.0,0.0,0.0,0.0,0.0
121669.39,1.2276717625774465,0.0,30525.0,37.0,0.1008499999982583,30.625,32.4375,37.190000000000055,0.0,0.0,0.0,0.0,0.0,20.0,0.3,0.1,0.2,0.1,0.4,0.1,0.1,0.1,0.5,0.0,65535.0,0.24721141374837874,0.0,65535.0,0.13769741359578852,0.0,0.0,0.0,0.0,0.0,0.0,0.0,0.0,0.0,0.0
121729.44,1.2037817456726625,0.0,30525.0,37.0,0.16734999999826972,30.625,32.4375,36.93000000000001,0.0,0.0,0.0,0.0,0.0,20.0,0.3,0.1,0.2,0.1,0.4,0.1,0.1,0.1,0.5,0.0,65535.0,0.24670786602578776,0.0,65535.0,0.1369039444571603,0.0,0.0,0.0,0.0,0.0,0.0,0.0,0.0,0.0,0.0
121789.51,1.2437285012630144,0.0,30525.0,37.0,0.16944999999826948,30.6875,32.4375,36.93000000000001,0.0,0.0,0.0,0.0,0.0,20.0,0.3,0.1,0.2,0.1,0.4,0.1,0.1,0.1,0.5,0.0,65535.0,0.24786755168993668,0.0,65535.0,0.13844510566872664,0.0,0.0,0.0,0.0,0.0,0.0,0.0,0.0,0.0,0.0
121849.59,1.238078265780392,0.0,30525.0,37.0,0.16594999999825844,30.625,32.5,36.950000000000045,0.0,0.0,0.0,0.0,0.0,20.0,0.3,0.1,0.2,0.1,0.4,0.1,0.1,0.1,0.5,0.0,65535.0,0.24769970244907302,0.0,65535.0,0.1378042267490654,0.0,0.0,0.0,0.0,0.0,0.0,0.0,0.0,0.0,0.0
121909.64,1.2593550476308062,0.0,30525.0,37.0,0.14144999999826138,30.6875,32.5,37.03000000000003,0.0,0.0,0.0,0.0,0.0,20.0,0.3,0.1,0.2,0.1,0.4,0.1,0.1,0.1,0.5,0.0,65535.0,0.250263218127718,0.0,65535.0,0.13876554512855727,0.0,0.0,0.0,0.0,0.0,0.0,0.0,0.0,0.0,0.0
121969.69,1.2435681899508015,0.0,30525.0,37.0,0.1903499999982621,30.625,32.5,36.85000000000002,0.0,0.0,0.0,0.0,0.0,20.0,0.3,0.1,0.2,0.1,0.4,0.1,0.1,0.1,0.5,0.0,65535.0,0.24620431830319678,0.0,65535.0,0.13765163653009843,0.0,0.0,0.0,0.0,0.0,0.0,0.0,0.0,0.0,0.0
122029.76,1.2129403152237093,0.0,30525.0,37.0,0.12884999999825864,30.6875,32.4375,37.09000000000003,0.0,0.0,0.0,0.0,0.0,20.0,0.3,0.1,0.2,0.1,0.4,0.1,0.1,0.1,0.5,0.0,65535.0,0.24710460059510186,0.0,65535.0,0.136919203479057,0.0,0.0,0.0,0.0,0.0,0.0,0.0,0.0,0.0,0.0
122089.86,1.2406543121375622,0.0,30525.0,37.0,0.167949999998264,30.6875,32.4375,36.93000000000001,0.0,0.0,0.0,0.0,0.0,20.0,0.3,0.1,0.2,0.1,0.4,0.1,0.1,0.1,0.5,0.0,65535.0,0.24576180666819256,0.0,65535.0,0.1373769741359579,0.0,0.0,0.0,0.0,0.0,0.0,0.0,0.0,0.0,0.0
122149.91,1.2302474205466074,0.0,30525.0,37.0,0.12524999999825676,30.625,32.5,37.09000000000003,0.0,0.0,0.0,0.0,0.0,20.0,0.3,0.1,0.2,0.1,0.4,0.1,0.1,0.1,0.5,0.0,65535.0,0.2469062333104448,0.0,65535.0,0.13765163653009843,0.0,0.0,0.0,0.0,0.0,0.0,0.0,0.0,0.0,0.0
122209.95,1.2621794629362353,0.0,30525.0,37.0,0.16584999999826244,30.625,32.4375,36.93000000000001,0.0,0.0,0.0,0.0,0.0,20.0,0.3,0.1,0.2,0.1,0.4,0.1,0.1,0.1,0.5,0.0,65535.0,0.24791332875562677,0.0,65535.0,0.13791103990234227,0.0,0.0,0.0,0.0,0.0,0.0,0.0,0.0,0.0,0.0
122270.0,1.2345317060290935,0.0,30525.0,37.0,0.15704999999825622,30.625,32.4375,36.97000000000003,0.0,0.0,0.0,0.0,0.0,20.0,0.3,0.1,0.2,0.1,0.4,0.1,0.1,0.1,0.5,0.0,65535.0,0.24795910582131686,0.0,65535.0,0.1381551842526894,0.0,0.0,0.0,0.0,0.0,0.0,0.0,0.0,0.0,0.0
122330.04,1.2137677090502974,0.0,30525.0,37.0,0.18034999999825094,30.5625,32.4375,36.89000000000004,0.0,0.0,0.0,0.0,0.0,20.0,0.3,0.1,0.2,0.1,0.4,0.1,0.1,0.1,0.5,0.0,65535.0,0.245990691996643,0.0,65535.0,0.13791103990234227,0.0,0.0,0.0,0.0,0.0,0.0,0.0,0.0,0.0,0.0
122390.08,1.2621945748026795,0.0,30525.0,37.0,0.1806499999982498,30.5625,32.4375,36.89000000000004,0.0,0.0,0.0,0.0,0.0,20.0,0.3,0.1,0.2,0.1,0.4,0.1,0.1,0.1,0.5,0.0,65535.0,0.24766918440527963,0.0,65535.0,0.13748378728923477,0.0,0.0,0.0,0.0,0.0,0.0,0.0,0.0,0.0,0.0
122450.15,1.2339212750769555,0.0,30525.0,37.0,0.10794999999825566,30.6875,32.4375,37.170000000000016,0.0,0.0,0.0,0.0,0.0,20.0,0.3,0.1,0.2,0.1,0.4,0.1,0.1,0.1,0.5,0.0,65535.0,0.24760814831769284,0.0,65535.0,0.13852140077821012,0.0,0.0,0.0,0.0,0.0,0.0,0.0,0.0,0.0,0.0
122510.26,1.233129957171881,0.0,30525.0,37.0,0.17704999999824794,30.625,32.4375,36.89000000000004,0.0,0.0,0.0,0.0,0.0,20.0,0.3,0.1,0.2,0.1,0.4,0.1,0.1,0.1,0.5,0.0,65535.0,0.2511635004196231,0.0,65535.0,0.13884184023804075,0.0,0.0,0.0,0.0,0.0,0.0,0.0,0.0,0.0,0.0
122570.34,1.245397219414261,0.0,30525.0,37.0,0.1579499999982511,30.625,32.5,36.97000000000003,0.0,0.0,0.0,0.0,0.0,20.0,0.3,0.1,0.2,0.1,0.4,0.1,0.1,0.1,0.5,0.0,65535.0,0.24762340733958954,0.0,65535.0,0.13807888914320593,0.0,0.0,0.0,0.0,0.0,0.0,0.0,0.0,0.0,0.0
122630.41,1.2433048506040667,0.0,30525.0,37.0,0.18034999999824577,30.625,32.4375,36.89000000000004,0.0,0.0046,0.25,0.0,0.0,20.0,0.3,0.1,0.2,0.1,0.4,0.1,0.1,0.1,0.5,0.0,65535.0,0.2464789806973373,0.0,65535.0,0.13827725642786298,0.0,0.0,0.0,0.0,0.0,0.0,0.0,0.0,0.0,0.0
122690.46,1.2030044809556792,0.0,30525.0,37.0,0.2720499999982428,30.625,32.5,36.57000000000005,0.0,0.0,0.0,0.0,0.0,20.0,0.3,0.1,0.2,0.1,0.4,0.1,0.1,0.1,0.5,0.0,65535.0,0.2413214312962539,0.0,65535.0,0.13456931410696574,0.0,0.0,0.0,0.0,0.0,0.0,0.0,0.0,0.0,0.0
122750.52,1.2012061688234732,0.0,30525.0,37.0,0.1585499999982474,30.5625,32.5,37.03000000000003,0.0,0.0,0.0,0.0,0.0,20.0,0.3,0.1,0.2,0.1,0.4,0.1,0.1,0.1,0.5,0.0,65535.0,0.24277103837644007,0.0,65535.0,0.13505760280766002,0.0,0.0,0.0,0.0,0.0,0.0,0.0,0.0,0.0,0.0
122810.58,1.2125137191639097,0.0,30525.0,37.0,0.15324999999825137,30.625,32.5,37.05000000000001,0.0,0.0,0.0,0.0,0.0,20.0,0.3,0.1,0.2,0.1,0.4,0.1,0.1,0.1,0.5,0.0,65535.0,0.24121461814297704,0.0,65535.0,0.13453879606317234,0.0,0.0,0.0,0.0,0.0,0.0,0.0,0.0,0.0,0.0
122870.65,1.220704198335558,0.0,30525.0,37.0,0.1717499999982462,30.5625,32.4375,36.97000000000003,0.0,0.0,0.0,0.0,0.0,20.0,0.3,0.1,0.2,0.1,0.4,0.1,0.1,0.1,0.5,0.0,65535.0,0.24165712977798123,0.0,65535.0,0.1343404287785153,0.0,0.0,0.0,0.0,0.0,0.0,0.0,0.0,0.0,0.0
122930.71,1.2407120375498308,0.0,30525.0,37.0,0.1926499999982414,30.5625,32.5,36.89000000000004,0.0,0.0,0.0,0.0,0.0,20.0,0.3,0.1,0.2,0.1,0.4,0.1,0.1,0.1,0.5,0.0,65535.0,0.24275577935454337,0.0,65535.0,0.13501182574196993,0.0,0.0,0.0,0.0,0.0,0.0,0.0,0.0,0.0,0.0
122990.74,1.1817063491031023,0.0,30525.0,37.0,0.1534499999982435,30.6875,32.4375,37.03000000000003,0.0,0.0,0.0,0.0,0.0,20.0,0.3,0.1,0.2,0.1,0.4,0.1,0.1,0.1,0.5,0.0,65535.0,0.24110780498970016,0.0,65535.0,0.13498130769817654,0.0,0.0,0.0,0.0,0.0,0.0,0.0,0.0,0.0,0.0
123050.79,1.2107259744185876,0.0,30525.0,37.0,0.14334999999824757,30.6875,32.5,37.05000000000001,0.0,0.0,0.0,0.0,0.0,20.0,0.3,0.1,0.2,0.1,0.4,0.1,0.1,0.1,0.5,0.0,65535.0,0.24464789806973372,0.0,65535.0,0.13569848172732127,0.0,0.0,0.0,0.0,0.0,0.0,0.0,0.0,0.0,0.0
123110.86,1.2326519337134494,0.0,30525.0,37.0,0.1913499999982491,30.625,32.4375,36.870000000000005,0.0,0.0,0.0,0.0,0.0,20.0,0.3,0.1,0.2,0.1,0.4,0.1,0.1,0.1,0.5,0.0,65535.0,0.2409094377050431,0.0,65535.0,0.13493553063248645,0.0,0.0,0.0,0.0,0.0,0.0,0.0,0.0,0.0,0.0
123170.93,1.2229939237398328,0.0,30525.0,37.0,0.15544999999823741,30.625,32.4375,37.01000000000005,0.0,0.0,0.0,0.0,0.0,20.0,0.3,0.1,0.2,0.1,0.4,0.1,0.1,0.1,0.5,0.0,65535.0,0.24101625085831999,0.0,65535.0,0.13545433737697413,0.0,0.0,0.0,0.0,0.0,0.0,0.0,0.0,0.0,0.0
123231.0,1.2040725576670515,0.0,30525.0,37.0,0.17484999999824732,30.6875,32.4375,36.93000000000001,0.0,0.0,0.0,0.0,0.0,20.0,0.3,0.1,0.2,0.1,0.4,0.1,0.1,0.1,0.5,0.0,65535.0,0.2422522316319524,0.0,65535.0,0.1351033798733501,0.0,0.0,0.0,0.0,0.0,0.0,0.0,0.0,0.0,0.0
123291.07,1.2058496035291228,0.0,30525.0,37.0,0.19094999999824264,30.6875,32.4375,36.85000000000002,0.0,0.0,0.0,0.0,0.0,20.0,0.3,0.1,0.2,0.1,0.4,0.1,0.1,0.1,0.5,0.0,65535.0,0.24399176012817578,0.0,65535.0,0.1363698786907759,0.0,0.0,0.0,0.0,0.0,0.0,0.0,0.0,0.0,0.0
123351.14,1.2236606913945076,0.0,30525.0,37.0,0.17364999999824585,30.625,32.5,36.93000000000001,0.0,0.0,0.0,0.0,0.0,20.0,0.3,0.1,0.2,0.1,0.4,0.1,0.1,0.1,0.5,0.0,65535.0,0.24400701915007247,0.0,65535.0,0.13662928206301975,0.0,0.0,0.0,0.0,0.0,0.0,0.0,0.0,0.0,0.0
123411.18,1.228382828256298,0.0,30525.0,37.0,0.18654999999824576,30.6875,32.4375,36.870000000000005,0.0,0.0,0.0,0.0,0.0,20.0,0.3,0.1,0.2,0.1,0.4,0.1,0.1,0.1,0.5,0.0,65535.0,0.2417944609750515,0.0,65535.0,0.1347219043259327,0.0,0.0,0.0,0.0,0.0,0.0,0.0,0.0,0.0,0.0
123471.25,1.2344849009425038,0.0,30525.0,37.0,0.14064999999824318,30.625,32.4375,37.05000000000001,0.0,0.0,0.0,0.0,0.0,20.0,0.3,0.1,0.2,0.1,0.4,0.1,0.1,0.1,0.5,0.0,65535.0,0.24332036316472114,0.0,65535.0,0.13569848172732127,0.0,0.0,0.0,0.0,0.0,0.0,0.0,0.0,0.0,0.0
123531.32,1.241371682968238,0.0,30525.0,37.0,0.16094999999823809,30.625,32.4375,36.97000000000003,0.0,0.0,0.0,0.0,0.0,20.0,0.3,0.1,0.2,0.1,0.4,0.1,0.1,0.1,0.5,0.0,65535.0,0.24408331425955596,0.0,65535.0,0.13649195086594948,0.0,0.0,0.0,0.0,0.0,0.0,0.0,0.0,0.0,0.0
123591.4,1.2323860274626648,0.0,30525.0,37.0,0.17154999999824264,30.6875,32.5,36.93000000000001,0.0,0.0,0.0,0.0,0.0,20.0,0.3,0.1,0.2,0.1,0.4,0.1,0.1,0.1,0.5,0.0,65535.0,0.24119935912108034,0.0,65535.0,0.1364309147783627,0.0,0.0,0.0,0.0,0.0,0.0,0.0,0.0,0.0,0.0
123651.45,1.2463267684207713,0.0,30525.0,37.0,0.2095499999982382,30.5,32.4375,36.79000000000002,0.0,0.0,0.0,0.0,0.0,20.0,0.3,0.1,0.2,0.1,0.4,0.1,0.1,0.1,0.5,0.0,65535.0,0.242221713588159,0.0,65535.0,0.13621728847180894,0.0,0.0,0.0,0.0,0.0,0.0,0.0,0.0,0.0,0.0
123711.52,1.2092794280902774,0.0,30525.0,37.0,0.14864999999823503,30.5625,32.4375,37.03000000000003,0.0,0.0,0.0,0.0,0.0,20.0,0.3,0.1,0.2,0.1,0.4,0.1,0.1,0.1,0.5,0.0,65535.0,0.24147402151522088,0.0,65535.0,0.13607995727473868,0.0,0.0,0.0,0.0,0.0,0.0,0.0,0.0,0.0,0.0
123771.56,1.226411745062883,0.0,30525.0,37.0,0.19304999999823558,30.6875,32.375,36.85000000000002,0.0,0.0,0.0,0.0,0.0,20.0,0.3,0.1,0.2,0.1,0.4,0.1,0.1,0.1,0.5,0.0,65535.0,0.24312199588006408,0.0,65535.0,0.1369039444571603,0.0,0.0,0.0,0.0,0.0,0.0,0.0,0.0,0.0,0.0
123831.63,1.2195215262585155,0.0,30525.0,37.0,0.14034999999823747,30.6875,32.4375,37.05000000000001,0.0,0.0,0.0,0.0,0.0,20.0,0.3,0.1,0.2,0.1,0.4,0.1,0.1,0.1,0.5,0.0,65535.0,0.24576180666819256,0.0,65535.0,0.13652246890974287,0.0,0.0,0.0,0.0,0.0,0.0,0.0,0.0,0.0,0.0
123891.67,1.2405261965297079,0.0,30525.0,37.0,0.17094999999823804,30.6875,32.4375,36.93000000000001,0.0,0.0,0.0,0.0,0.0,20.0,0.3,0.1,0.2,0.1,0.4,0.1,0.1,0.1,0.5,0.0,65535.0,0.2430151827267872,0.0,65535.0,0.13728542000457772,0.0,0.0,0.0,0.0,0.0,0.0,0.0,0.0,0.0,0.0
123951.74,1.2310912291452656,0.0,30525.0,37.0,0.16764999999823763,30.625,32.5,36.93000000000001,0.0,0.0,0.0,0.0,0.0,20.0,0.3,0.1,0.2,0.1,0.4,0.1,0.1,0.1,0.5,0.0,65535.0,0.24341191729610132,0.0,65535.0,0.13604943923094528,0.0,0.0,0.0,0.0,0.0,0.0,0.0,0.0,0.0,0.0
124011.78,1.2154083348432374,0.0,30525.0,37.0,0.13884999999823625,30.6875,32.4375,37.05000000000001,0.0,0.0,0.0,0.0,0.0,20.0,0.3,0.1,0.2,0.1,0.4,0.1,0.1,0.1,0.5,0.0,65535.0,0.24312199588006408,0.0,65535.0,0.13762111848630504,0.0,0.0,0.0,0.0,0.0,0.0,0.0,0.0,0.0,0.0
124071.82,1.2289340535332087,0.0,30525.0,37.0,0.13644999999823587,30.6875,32.4375,37.05000000000001,0.0,0.0,0.0,0.0,0.0,20.0,0.3,0.1,0.2,0.1,0.4,0.1,0.1,0.1,0.5,0.0,65535.0,0.24354924849317158,0.0,65535.0,0.13717860685130084,0.0,0.0,0.0,0.0,0.0,0.0,0.0,0.0,0.0,0.0
124131.87,1.238091231109897,0.0,30525.0,37.0,0.14734999999822596,30.625,32.4375,37.01000000000005,0.0,0.0,0.0,0.0,0.0,20.0,0.3,0.1,0.2,0.1,0.4,0.1,0.1,0.1,0.5,0.0,65535.0,0.24536507209887845,0.0,65535.0,0.13676661326009004,0.0,0.0,0.0,0.0,0.0,0.0,0.0,0.0,0.0,0.0
124191.91,1.227951751516776,0.0,30525.0,37.0,0.11524999999822333,30.625,32.4375,37.13000000000005,0.0,0.0,0.0,0.0,0.0,20.0,0.3,0.1,0.2,0.1,0.4,0.1,0.1,0.1,0.5,0.0,65535.0,0.24409857328145265,0.0,65535.0,0.13771267261768522,0.0,0.0,0.0,0.0,0.0,0.0,0.0,0.0,0.0,0.0
124251.96,1.2327059890472463,0.0,30525.0,37.0,0.14584999999822307,30.625,32.4375,37.01000000000005,0.0,0.0,0.0,0.0,0.0,20.0,0.3,0.1,0.2,0.1,0.4,0.1,0.1,0.1,0.5,0.0,65535.0,0.24420538643472953,0.0,65535.0,0.13803311207751584,0.0,0.0,0.0,0.0,0.0,0.0,0.0,0.0,0.0,0.0
124312.0,1.2082306754392311,0.0,30525.0,37.0,0.17734999999822285,30.625,32.4375,36.89000000000004,0.0,0.0,0.0,0.0,0.0,20.0,0.3,0.1,0.2,0.1,0.4,0.1,0.1,0.1,0.5,0.0,65535.0,0.24576180666819256,0.0,65535.0,0.13835355153734646,0.0,0.0,0.0,0.0,0.0,0.0,0.0,0.0,0.0,0.0
124372.05,1.2097515522609,0.0,30525.0,37.0,0.20019999999823304,30.5625,32.4375,36.93000000000001,0.0,0.0,0.0,0.0,0.0,20.0,0.3,0.1,0.2,0.1,0.4,0.1,0.1,0.1,0.5,0.0,65535.0,0.24272526131074998,0.0,65535.0,0.13727016098268102,0.0,0.0,0.0,0.0,0.0,0.0,0.0,0.0,0.0,0.0
124432.12,1.2286330250913144,0.0,30525.0,37.0,0.1198999999982191,30.5625,32.4375,36.93000000000001,0.0,0.0,0.0,0.0,0.0,20.0,0.3,0.1,0.2,0.1,0.4,0.1,0.1,0.1,0.5,0.0,65535.0,0.24641794460975053,0.0,65535.0,0.13826199740596629,0.0,0.0,0.0,0.0,0.0,0.0,0.0,0.0,0.0,0.0
124492.19,1.2453947171743043,0.0,30525.0,37.0,0.12129999999822777,30.5625,32.4375,37.05000000000001,0.0,0.0,0.0,0.0,0.0,20.0,0.3,0.1,0.2,0.1,0.4,0.1,0.1,0.1,0.5,0.0,65535.0,0.24467841611352711,0.0,65535.0,0.13806363012130923,0.0,0.0,0.0,0.0,0.0,0.0,0.0,0.0,0.0,0.0
124552.24,1.2377269571689928,0.0,30525.0,37.0,0.12449999999822228,30.625,32.4375,36.950000000000045,0.0,0.0,0.0,0.0,0.0,20.0,0.3,0.1,0.2,0.1,0.4,0.1,0.1,0.1,0.5,0.0,65535.0,0.2447394522011139,0.0,65535.0,0.13826199740596629,0.0,0.0,0.0,0.0,0.0,0.0,0.0,0.0,0.0,0.0
124612.3,1.2346832129592886,0.0,30525.0,37.0,0.16749999999822834,30.625,32.4375,36.85000000000002,0.0,0.0,0.0,0.0,0.0,20.0,0.3,0.1,0.2,0.1,0.4,0.1,0.1,0.1,0.5,0.0,65535.0,0.243427176317998,0.0,65535.0,0.1377584496833753,0.0,0.0,0.0,0.0,0.0,0.0,0.0,0.0,0.0,0.0
124672.38,1.2191285890519974,0.0,30525.0,37.0,0.17659999999821835,30.5625,32.4375,36.93000000000001,0.0,0.0,0.0,0.0,0.0,20.0,0.3,0.1,0.2,0.1,0.4,0.1,0.1,0.1,0.5,0.0,65535.0,0.24455634393835354,0.0,65535.0,0.13800259403372245,0.0,0.0,0.0,0.0,0.0,0.0,0.0,0.0,0.0,0.0
124732.46,1.2428955472807175,0.0,30525.0,37.0,0.14599999999821606,30.5625,32.4375,36.89000000000004,0.0,0.0,0.0,0.0,0.0,20.0,0.3,0.1,0.2,0.1,0.4,0.1,0.1,0.1,0.5,0.0,65535.0,0.24483100633249408,0.0,65535.0,0.13807888914320593,0.0,0.0,0.0,0.0,0.0,0.0,0.0,0.0,0.0,0.0
124792.5,1.2337594784551698,0.0,30525.0,37.0,0.16779999999822548,30.625,32.4375,36.97000000000003,0.0,0.0,0.0,0.0,0.0,20.0,0.3,0.1,0.2,0.1,0.4,0.1,0.1,0.1,0.5,0.0,65535.0,0.24422064545662622,0.0,65535.0,0.13850614175631343,0.0,0.0,0.0,0.0,0.0,0.0,0.0,0.0,0.0,0.0
124852.54,1.2482521181300328,0.0,30525.0,37.0,0.11389999999821254,30.625,32.375,36.79000000000002,0.0,0.0,0.0,0.0,0.0,20.0,0.3,0.1,0.2,0.1,0.4,0.1,0.1,0.1,0.5,0.0,65535.0,0.2451819638361181,0.0,65535.0,0.13995574883649958,0.0,0.0,0.0,0.0,0.0,0.0,0.0,0.0,0.0,0.0
124912.58,1.2436143920784226,0.0,30525.0,37.0,0.15829999999821306,30.5625,32.4375,36.97000000000003,0.0,0.0,0.0,0.0,0.0,20.0,0.3,0.1,0.2,0.1,0.4,0.1,0.1,0.1,0.5,0.0,65535.0,0.24563973449301899,0.0,65535.0,0.138628213931487,0.0,0.0,0.0,0.0,0.0,0.0,0.0,0.0,0.0,0.0
124972.63,1.2293142688277003,0.0,30525.0,37.0,0.12119999999821582,30.5625,32.4375,36.81,0.0,0.0,0.0,0.0,0.0,20.0,0.3,0.1,0.2,0.1,0.4,0.1,0.1,0.1,0.5,0.0,65535.0,0.2474250400549325,0.0,65535.0,0.13838406958113986,0.0,0.0,0.0,0.0,0.0,0.0,0.0,0.0,0.0,0.0
125032.67,1.2373785577134286,0.0,30525.0,37.0,0.22659999999820862,30.5,32.4375,36.690000000000055,0.0,0.0,0.0,0.0,0.0,20.0,0.3,0.1,0.2,0.1,0.4,0.1,0.1,0.1,0.5,0.0,65535.0,0.245136186770428,0.0,65535.0,0.13870450904097048,0.0,0.0,0.0,0.0,0.0,0.0,0.0,0.0,0.0,0.0
125092.75,1.2405851788184754,0.0,30525.0,37.0,0.16579999999820963,30.5625,32.375,37.05000000000001,0.0,0.0,0.0,0.0,0.0,20.0,0.3,0.1,0.2,0.1,0.4,0.1,0.1,0.1,0.5,0.0,65535.0,0.24495307850766765,0.0,65535.0,0.1389944304570077,0.0,0.0,0.0,0.0,0.0,0.0,0.0,0.0,0.0,0.0
125152.82,1.257418321484579,0.0,30525.0,37.0,0.13049999999821243,30.5625,32.4375,36.950000000000045,0.0,0.0,0.0,0.0,0.0,20.0,0.3,0.1,0.2,0.1,0.4,0.1,0.1,0.1,0.5,0.0,65535.0,0.2474250400549325,0.0,65535.0,0.13934538796063173,0.0,0.0,0.0,0.0,0.0,0.0,0.0,0.0,0.0,0.0
125212.9,1.2447940697549096,0.0,30525.0,37.0,0.16369999999820808,30.625,32.375,37.09000000000003,0.0,0.0,0.0,0.0,0.0,20.0,0.3,0.1,0.2,0.1,0.4,0.1,0.1,0.1,0.5,0.0,65535.0,0.24585336079957273,0.0,65535.0,0.13965056839856566,0.0,0.0,0.0,0.0,0.0,0.0,0.0,0.0,0.0,0.0
125272.97,1.2538350468644497,0.0,30525.0,37.0,0.1624999999982066,30.5625,32.4375,36.950000000000045,0.0,0.0,0.0,0.0,0.0,20.0,0.3,0.1,0.2,0.1,0.4,0.1,0.1,0.1,0.5,0.0,65535.0,0.24643320363164722,0.0,65535.0,0.13980315861753262,0.0,0.0,0.0,0.0,0.0,0.0,0.0,0.0,0.0,0.0
125333.05,1.238752851975367,0.0,30525.0,37.0,0.11949999999821387,30.5625,32.4375,36.93000000000001,0.0,0.0,0.0,0.0,0.0,20.0,0.3,0.1,0.2,0.1,0.4,0.1,0.1,0.1,0.5,0.0,65535.0,0.24631113145647365,0.0,65535.0,0.13954375524528878,0.0,0.0,0.0,0.0,0.0,0.0,0.0,0.0,0.0,0.0
125393.13,1.2605055475805764,0.0,30525.0,37.0,0.15599999999820993,30.5625,32.4375,36.97000000000003,0.0,0.0,0.0,0.0,0.0,20.0,0.3,0.1,0.2,0.1,0.4,0.1,0.1,0.1,0.5,0.0,65535.0,0.2455939574273289,0.0,65535.0,0.13980315861753262,0.0,0.0,0.0,0.0,0.0,0.0,0.0,0.0,0.0,0.0
125453.2,1.2512590136488644,0.0,30525.0,37.0,0.14389999999820333,30.5625,32.375,36.710000000000036,0.0,0.0,0.0,0.0,0.0,20.0,0.3,0.1,0.2,0.1,0.4,0.1,0.1,0.1,0.5,0.0,65535.0,0.24724193179217213,0.0,65535.0,0.14007782101167315,0.0,0.0,0.0,0.0,0.0,0.0,0.0,0.0,0.0,0.0
125513.24,1.24809693811739,0.0,30525.0,37.0,0.20189999999820912,30.5625,32.4375,36.950000000000045,0.0,0.0,0.0,0.0,0.0,20.0,0.3,0.1,0.2,0.1,0.4,0.1,0.1,0.1,0.5,0.0,65535.0,0.24490730144197756,0.0,65535.0,0.1399099717708095,0.0,0.0,0.0,0.0,0.0,0.0,0.0,0.0,0.0,0.0
125573.3,1.2819530257412133,0.0,30525.0,37.0,0.16079999999820643,30.5625,32.375,36.89000000000004,0.0,0.0,0.0,0.0,0.0,20.0,0.3,0.1,0.2,0.1,0.4,0.1,0.1,0.1,0.5,0.0,65535.0,0.24666208896009767,0.0,65535.0,0.13888761730373084,0.0,0.0,0.0,0.0,0.0,0.0,0.0,0.0,0.0,0.0
125633.37,1.2668341729221329,0.0,30525.0,37.0,0.16609999999820074,30.5625,32.4375,37.09000000000003,0.0,0.0,0.0,0.0,0.0,20.0,0.3,0.1,0.2,0.1,0.4,0.1,0.1,0.1,0.5,0.0,65535.0,0.24585336079957273,0.0,65535.0,0.13954375524528878,0.0,0.0,0.0,0.0,0.0,0.0,0.0,0.0,0.0,0.0
125693.44,1.2621950720361714,0.0,30525.0,37.0,0.12399999999820804,30.5625,32.375,36.93000000000001,0.0,0.0,0.0,0.0,0.0,20.0,0.3,0.1,0.2,0.1,0.4,0.1,0.1,0.1,0.5,0.0,65535.0,0.24626535439078356,0.0,65535.0,0.1395132372014954,0.0,0.0,0.0,0.0,0.0,0.0,0.0,0.0,0.0,0.0
125753.48,1.2580721790417617,0.0,30525.0,37.0,0.1645999999981987,30.625,32.5,36.870000000000005,0.0,0.0,0.0,0.0,0.0,20.0,0.3,0.1,0.2,0.1,0.4,0.1,0.1,0.1,0.5,0.0,65535.0,0.24773022049286642,0.0,65535.0,0.13922331578545816,0.0,0.0,0.0,0.0,0.0,0.0,0.0,0.0,0.0,0.0
125813.53,1.2489103197152651,0.0,30525.0,37.0,0.14339999999820205,30.5,32.4375,36.950000000000045,0.0,0.0,0.0,0.0,0.0,20.0,0.3,0.1,0.2,0.1,0.4,0.1,0.1,0.1,0.5,0.0,65535.0,0.24551766231784541,0.0,65535.0,0.13929961089494164,0.0,0.0,0.0,0.0,0.0,0.0,0.0,0.0,0.0,0.0
125873.57,1.2416943054416363,0.0,30525.0,37.0,0.15629999999820196,30.625,32.4375,36.93000000000001,0.0,0.0,0.0,0.0,0.0,20.0,0.3,0.1,0.2,0.1,0.4,0.1,0.1,0.1,0.5,0.0,65535.0,0.24827954528114748,0.0,65535.0,0.14052033264667735,0.0,0.0,0.0,0.0,0.0,0.0,0.0,0.0,0.0,0.0
125933.64,1.2425346159950985,0.0,30525.0,37.0,0.12689999999820026,30.5625,32.4375,37.03000000000003,0.0,0.0,0.0,0.0,0.0,20.0,0.3,0.1,0.2,0.1,0.4,0.1,0.1,0.1,0.5,0.0,65535.0,0.24640268558785383,0.0,65535.0,0.14096284428168154,0.0,0.0,0.0,0.0,0.0,0.0,0.0,0.0,0.0,0.0
125993.7,1.2483724884130036,0.0,30525.0,37.0,0.14779999999819546,30.625,32.4375,37.05000000000001,0.0,0.0,0.0,0.0,0.0,20.0,0.3,0.1,0.2,0.1,0.4,0.1,0.1,0.1,0.5,0.0,65535.0,0.24713511863889526,0.0,65535.0,0.14064240482185092,0.0,0.0,0.0,0.0,0.0,0.0,0.0,0.0,0.0,0.0
126053.73,1.245371467741865,0.0,30525.0,37.0,0.12099999999820307,30.5625,32.375,36.950000000000045,0.0,0.0,0.0,0.0,0.0,20.0,0.3,0.1,0.2,0.1,0.4,0.1,0.1,0.1,0.5,0.0,65535.0,0.2459449149309529,0.0,65535.0,0.14016937514305333,0.0,0.0,0.0,0.0,0.0,0.0,0.0,0.0,0.0,0.0
126113.78,1.2554237533139778,0.0,30525.0,37.0,0.10299999999820181,30.5,32.375,36.81,0.0,0.0,0.0,0.0,0.0,20.0,0.3,0.1,0.2,0.1,0.4,0.1,0.1,0.1,0.5,0.0,65535.0,0.24744029907682918,0.0,65535.0,0.14087129015030136,0.0,0.0,0.0,0.0,0.0,0.0,0.0,0.0,0.0,0.0
126173.86,1.2520397217128818,0.0,30525.0,37.0,0.18599999999819908,30.5625,32.375,36.73000000000002,0.0,0.0,0.0,0.0,0.0,20.0,0.3,0.1,0.2,0.1,0.4,0.1,0.1,0.1,0.5,0.0,65535.0,0.24588387884336613,0.0,65535.0,0.14019989318684672,0.0,0.0,0.0,0.0,0.0,0.0,0.0,0.0,0.0,0.0
126233.94,1.234717185640975,0.0,30525.0,37.0,0.1686999999982023,30.5625,32.375,36.85000000000002,0.0,0.0,0.0,0.0,0.0,20.0,0.3,0.1,0.2,0.1,0.4,0.1,0.1,0.1,0.5,0.0,65535.0,0.24702830548561838,0.0,65535.0,0.14148165102616922,0.0,0.0,0.0,0.0,0.0,0.0,0.0,0.0,0.0,0.0
126293.98,1.253737015508785,0.0,30525.0,37.0,0.1583999999981966,30.5625,32.375,37.05000000000001,0.0,0.0,0.0,0.0,0.0,20.0,0.3,0.1,0.2,0.1,0.4,0.1,0.1,0.1,0.5,0.0,65535.0,0.24873731593804838,0.0,65535.0,0.14126802471961547,0.0,0.0,0.0,0.0,0.0,0.0,0.0,0.0,0.0,0.0
126354.03,1.227852709487846,0.0,30525.0,37.0,0.19019999999819695,30.625,32.375,36.870000000000005,0.0,0.0,0.0,0.0,0.0,20.0,0.3,0.1,0.2,0.1,0.4,0.1,0.1,0.1,0.5,0.0,65535.0,0.24568551155870907,0.0,65535.0,0.1402609292744335,0.0,0.0,0.0,0.0,0.0,0.0,0.0,0.0,0.0,0.0
126414.1,1.2255434607840736,0.0,30525.0,37.0,0.13689999999819938,30.625,32.375,36.97000000000003,0.0,0.0,0.0,0.0,0.0,20.0,0.3,0.1,0.2,0.1,0.4,0.1,0.1,0.1,0.5,0.0,65535.0,0.24849317158770123,0.0,65535.0,0.14166475928892958,0.0,0.0,0.0,0.0,0.0,0.0,0.0,0.0,0.0,0.0
126474.18,1.2345035026979536,0.0,30525.0,37.0,0.1247999999981936,30.5,32.4375,36.79000000000002,0.0,0.0,0.0,0.0,0.0,20.0,0.3,0.1,0.2,0.1,0.4,0.1,0.1,0.1,0.5,0.0,65535.0,0.24765392538338293,0.0,65535.0,0.14091706721599145,0.0,0.0,0.0,0.0,0.0,0.0,0.0,0.0,0.0,0.0
126534.22,1.2244000103427608,0.0,30525.0,37.0,0.16509999999819958,30.5625,32.4375,36.690000000000055,0.0,0.0,0.0,0.0,0.0,20.0,0.3,0.1,0.2,0.1,0.4,0.1,0.1,0.1,0.5,0.0,65535.0,0.24684519722285803,0.0,65535.0,0.14061188677805753,0.0,0.0,0.0,0.0,0.0,0.0,0.0,0.0,0.0,0.0
126594.28,1.2462922063253443,0.0,30525.0,37.0,0.15749999999819397,30.5625,32.4375,36.85000000000002,0.0,0.0,0.0,0.0,0.0,20.0,0.3,0.1,0.2,0.1,0.4,0.1,0.1,0.1,0.5,0.0,65535.0,0.2469825284199283,0.0,65535.0,0.14093232623788815,0.0,0.0,0.0,0.0,0.0,0.0,0.0,0.0,0.0,0.0
126654.33,1.2174029138460805,0.0,30525.0,37.0,0.16429999999818862,30.5625,32.375,36.85000000000002,0.0,0.0,0.0,0.0,0.0,20.0,0.3,0.1,0.2,0.1,0.4,0.1,0.1,0.1,0.5,0.0,65535.0,0.24930189974822614,0.0,65535.0,0.14103913939116502,0.0,0.0,0.0,0.0,0.0,0.0,0.0,0.0,0.0,0.0
126714.37,1.2377569875973706,0.0,30525.0,37.0,0.11659999999818596,30.5625,32.4375,36.950000000000045,0.0,0.0,0.0,0.0,0.0,20.0,0.3,0.1,0.2,0.1,0.4,0.1,0.1,0.1,0.5,0.0,65535.0,0.24727244983596552,0.0,65535.0,0.14084077210650797,0.0,0.0,0.0,0.0,0.0,0.0,0.0,0.0,0.0,0.0
126774.42,1.2505519400570035,0.0,30525.0,37.0,0.1680999999981968,30.5625,32.4375,37.01000000000005,0.0,0.0,0.0,0.0,0.0,20.0,0.3,0.1,0.2,0.1,0.4,0.1,0.1,0.1,0.5,0.0,65535.0,0.24766918440527963,0.0,65535.0,0.14093232623788815,0.0,0.0,0.0,0.0,0.0,0.0,0.0,0.0,0.0,0.0
126834.46,1.2298674739127593,0.0,30525.0,37.0,0.17809999999818685,30.625,32.4375,36.97000000000003,0.0,0.0,0.0,0.0,0.0,20.0,0.3,0.1,0.2,0.1,0.4,0.1,0.1,0.1,0.5,0.0,65535.0,0.24728770885786222,0.0,65535.0,0.1415732051575494,0.0,0.0,0.0,0.0,0.0,0.0,0.0,0.0,0.0,0.0
126894.52,1.2692038108887653,0.0,30525.0,37.0,0.1489999999981849,30.5625,32.4375,36.93000000000001,0.0,0.0,0.0,0.0,0.0,20.0,0.3,0.1,0.2,0.1,0.4,0.1,0.1,0.1,0.5,0.0,65535.0,0.24664682993820097,0.0,65535.0,0.14100862134737163,0.0,0.0,0.0,0.0,0.0,0.0,0.0,0.0,0.0,0.0
126954.59,1.2608252087964638,0.0,30525.0,37.0,0.16549999999818407,30.5625,32.4375,36.950000000000045,0.0,0.0,0.0,0.0,0.0,20.0,0.3,0.1,0.2,0.1,0.4,0.1,0.1,0.1,0.5,0.0,65535.0,0.24811169604028382,0.0,65535.0,0.1406729228656443,0.0,0.0,0.0,0.0,0.0,0.0,0.0,0.0,0.0,0.0
127014.66,1.2589175185578956,0.0,30525.0,37.0,0.1607999999981875,30.625,32.4375,36.81,0.0,0.0,0.0,0.0,0.0,20.0,0.3,0.1,0.2,0.1,0.4,0.1,0.1,0.1,0.5,0.0,65535.0,0.2495002670328832,0.0,65535.0,0.14146639200427252,0.0,0.0,0.0,0.0,0.0,0.0,0.0,0.0,0.0,0.0
127074.74,1.248666180830854,0.0,30525.0,37.0,0.16489999999818206,30.625,32.4375,37.03000000000003,0.0,0.0,0.0,0.0,0.0,20.0,0.3,0.1,0.2,0.1,0.4,0.1,0.1,0.1,0.5,0.0,65535.0,0.247348744945449,0.0,65535.0,0.14055085069047074,0.0,0.0,0.0,0.0,0.0,0.0,0.0,0.0,0.0,0.0
127134.81,1.2499657692944783,0.0,30525.0,37.0,0.14079999999818976,30.5625,32.375,36.93000000000001,0.0,0.0,0.0,0.0,0.0,20.0,0.3,0.1,0.2,0.1,0.4,0.1,0.1,0.1,0.5,0.0,65535.0,0.25018692301823453,0.0,65535.0,0.14164950026703288,0.0,0.0,0.0,0.0,0.0,0.0,0.0,0.0,0.0,0.0
127194.88,1.2597598646818238,0.0,30525.0,37.0,0.12809999999818367,30.625,32.4375,36.93000000000001,0.0,0.0,0.0,0.0,0.0,20.0,0.3,0.1,0.2,0.1,0.4,0.1,0.1,0.1,0.5,0.0,65535.0,0.2477454795147631,0.0,65535.0,0.1415579461356527,0.0,0.0,0.0,0.0,0.0,0.0,0.0,0.0,0.0,0.0
127254.95,1.26288124073059,0.0,30525.0,37.0,0.09889999999817667,30.625,32.4375,36.97000000000003,0.0,0.0,0.0,0.0,0.0,20.0,0.3,0.1,0.2,0.1,0.4,0.1,0.1,0.1,0.5,0.0,65535.0,0.2477912565804532,0.0,65535.0,0.14273289082169832,0.0,0.0,0.0,0.0,0.0,0.0,0.0,0.0,0.0,0.0
127315.03,1.260740452914292,0.0,30525.0,37.0,0.16009999999817784,30.5625,32.375,36.81,0.0,0.0,0.0,0.0,0.0,20.0,0.3,0.1,0.2,0.1,0.4,0.1,0.1,0.1,0.5,0.0,65535.0,0.2478065156023499,0.0,65535.0,0.1415732051575494,0.0,0.0,0.0,0.0,0.0,0.0,0.0,0.0,0.0,0.0
127375.11,1.2825663481380187,0.0,30525.0,37.0,0.16899999999818735,30.5625,32.4375,36.93000000000001,0.0,0.0,0.0,0.0,0.0,20.0,0.3,0.1,0.2,0.1,0.4,0.1,0.1,0.1,0.5,0.0,65535.0,0.2490119783321889,0.0,65535.0,0.14209201190203707,0.0,0.0,0.0,0.0,0.0,0.0,0.0,0.0,0.0,0.0
127435.18,1.262527317810655,0.0,30525.0,37.0,0.15049999999817576,30.625,32.375,37.170000000000016,0.0,0.0,0.0,0.0,0.0,20.0,0.3,0.1,0.2,0.1,0.4,0.1,0.1,0.1,0.5,0.0,65535.0,0.24750133516441597,0.0,65535.0,0.1407034409094377,0.0,0.0,0.0,0.0,0.0,0.0,0.0,0.0,0.0,0.0
127495.28,1.2658154461600026,0.0,30525.0,37.0,0.16549999999817547,30.625,32.4375,36.89000000000004,0.0,0.0,0.0,0.0,0.0,20.0,0.3,0.1,0.2,0.1,0.4,0.1,0.1,0.1,0.5,0.0,65535.0,0.2504310673685817,0.0,65535.0,0.14192416266117341,0.0,0.0,0.0,0.0,0.0,0.0,0.0,0.0,0.0,0.0
127555.35,1.2380992674238613,0.0,30525.0,37.0,0.12429999999818281,30.625,32.4375,36.79000000000002,0.0,0.0,0.0,0.0,0.0,20.0,0.3,0.1,0.2,0.1,0.4,0.1,0.1,0.1,0.5,0.0,65535.0,0.24934767681391623,0.0,65535.0,0.14297703517204546,0.0,0.0,0.0,0.0,0.0,0.0,0.0,0.0,0.0,0.0
127615.42,1.2532616355489699,0.0,30525.0,37.0,0.1604999999981783,30.5625,32.4375,36.93000000000001,0.0,0.0,0.0,0.0,0.0,20.0,0.3,0.1,0.2,0.1,0.4,0.1,0.1,0.1,0.5,0.0,65535.0,0.2498970016021973,0.0,65535.0,0.14311436636911573,0.0,0.0,0.0,0.0,0.0,0.0,0.0,0.0,0.0,0.0
127675.5,1.2443885453129584,0.0,30525.0,37.0,0.16459999999817285,30.625,32.375,36.950000000000045,0.0,0.0,0.0,0.0,0.0,20.0,0.3,0.1,0.2,0.1,0.4,0.1,0.1,0.1,0.5,0.0,65535.0,0.24834058136873427,0.0,65535.0,0.14224460212100404,0.0,0.0,0.0,0.0,0.0,0.0,0.0,0.0,0.0,0.0
127735.57,1.253822015978892,0.0,30525.0,37.0,0.16579999999817174,30.6875,32.4375,36.89000000000004,0.0,0.0,0.0,0.0,0.0,20.0,0.3,0.1,0.2,0.1,0.4,0.1,0.1,0.1,0.5,0.0,65535.0,0.24834058136873427,0.0,65535.0,0.14103913939116502,0.0,0.0,0.0,0.0,0.0,0.0,0.0,0.0,0.0,0.0
127795.64,1.2672033019703082,0.0,30525.0,37.0,0.12249999999817929,30.5625,32.375,36.950000000000045,0.0,0.0,0.0,0.0,0.0,20.0,0.3,0.1,0.2,0.1,0.4,0.1,0.1,0.1,0.5,0.0,65535.0,0.24928664072632944,0.0,65535.0,0.14168001831082627,0.0,0.0,0.0,0.0,0.0,0.0,0.0,0.0,0.0,0.0
127855.71,1.2652158264620692,0.0,30525.0,37.0,0.16189999999817015,30.625,32.4375,36.97000000000003,0.0,0.0,0.0,0.0,0.0,20.0,0.3,0.1,0.2,0.1,0.4,0.1,0.1,0.1,0.5,0.0,65535.0,0.2528419928282597,0.0,65535.0,0.14248874647135118,0.0,0.0,0.0,0.0,0.0,0.0,0.0,0.0,0.0,0.0
127915.79,1.2758793224600904,0.0,30525.0,37.0,0.10479999999817688,30.625,32.4375,36.93000000000001,0.0,0.0,0.0,0.0,0.0,20.0,0.3,0.1,0.2,0.1,0.4,0.1,0.1,0.1,0.5,0.0,65535.0,0.2507972838941024,0.0,65535.0,0.1424277103837644,0.0,0.0,0.0,0.0,0.0,0.0,0.0,0.0,0.0,0.0
127975.83,1.2744906144372132,0.0,30525.0,37.0,0.18329999999817398,30.5625,32.375,36.73000000000002,0.0,0.0,0.0,0.0,0.0,20.0,0.3,0.1,0.2,0.1,0.4,0.1,0.1,0.1,0.5,0.0,65535.0,0.25018692301823453,0.0,65535.0,0.142397192339971,0.0,0.0,0.0,0.0,0.0,0.0,0.0,0.0,0.0,0.0
128035.91,1.26820096279204,0.0,30525.0,37.0,0.20339999999817415,30.5625,32.375,36.77000000000004,0.0,0.0,0.0,0.0,0.0,20.0,0.3,0.1,0.2,0.1,0.4,0.1,0.1,0.1,0.5,0.0,65535.0,0.24831006332494088,0.0,65535.0,0.141542687113756,0.0,0.0,0.0,0.0,0.0,0.0,0.0,0.0,0.0,0.0
128095.98,1.2540045459996105,0.0,30525.0,37.0,0.123399999998175,30.625,32.375,36.81,0.0,0.0,0.0,0.0,0.0,20.0,0.3,0.1,0.2,0.1,0.4,0.1,0.1,0.1,0.5,0.0,65535.0,0.2486762798504616,0.0,65535.0,0.14189364461738002,0.0,0.0,0.0,0.0,0.0,0.0,0.0,0.0,0.0,0.0
128156.03,1.2523454555035536,0.0,30525.0,37.0,0.14049999999817536,30.5625,32.375,36.93000000000001,0.0,0.0,0.0,0.0,0.0,20.0,0.3,0.1,0.2,0.1,0.4,0.1,0.1,0.1,0.5,0.0,65535.0,0.2489967193102922,0.0,65535.0,0.1420004577706569,0.0,0.0,0.0,0.0,0.0,0.0,0.0,0.0,0.0,0.0
128216.11,1.2793904340973503,0.0,30525.0,37.0,0.05299999999817623,30.625,32.375,36.97000000000003,0.0,0.0,0.0,0.0,0.0,20.0,0.3,0.1,0.2,0.1,0.4,0.1,0.1,0.1,0.5,0.0,65535.0,0.2490424963759823,0.0,65535.0,0.14183260852979324,0.0,0.0,0.0,0.0,0.0,0.0,0.0,0.0,0.0,0.0
128276.18,1.2782026341106703,0.0,30525.0,37.0,0.20719999999816643,30.5625,32.375,36.93000000000001,0.0,0.0,0.0,0.0,0.0,20.0,0.3,0.1,0.2,0.1,0.4,0.1,0.1,0.1,0.5,0.0,65535.0,0.25088883802548256,0.0,65535.0,0.14268711375600823,0.0,0.0,0.0,0.0,0.0,0.0,0.0,0.0,0.0,0.0
128336.23,1.2921258611375435,0.0,30525.0,37.0,0.13749999999817297,30.625,32.375,36.870000000000005,0.0,0.0,0.0,0.0,0.0,20.0,0.3,0.1,0.2,0.1,0.4,0.1,0.1,0.1,0.5,0.0,65535.0,0.24956130312046998,0.0,65535.0,0.14212252994583047,0.0,0.0,0.0,0.0,0.0,0.0,0.0,0.0,0.0,0.0
128396.29,1.2851262621581125,0.0,30525.0,37.0,0.12069999999817149,30.5625,32.4375,36.79000000000002,0.0,0.0,0.0,0.0,0.0,20.0,0.3,0.1,0.2,0.1,0.4,0.1,0.1,0.1,0.5,0.0,65535.0,0.24939345387960632,0.0,65535.0,0.14212252994583047,0.0,0.0,0.0,0.0,0.0,0.0,0.0,0.0,0.0,0.0
128456.34,1.2747642527295489,0.0,30525.0,37.0,0.17779999999816304,30.625,32.375,36.97000000000003,0.0,0.0,0.0,0.0,0.0,20.0,0.3,0.1,0.2,0.1,0.4,0.1,0.1,0.1,0.5,0.0,65535.0,0.25174334325169756,0.0,65535.0,0.14187838559548333,0.0,0.0,0.0,0.0,0.0,0.0,0.0,0.0,0.0,0.0
128516.38,1.2708209634336518,0.0,30525.0,37.0,0.14689999999816103,30.625,32.4375,37.01000000000005,0.0,0.0,0.0,0.0,0.0,20.0,0.3,0.1,0.2,0.1,0.4,0.1,0.1,0.1,0.5,0.0,65535.0,0.24931715877012284,0.0,65535.0,0.14171053635461967,0.0,0.0,0.0,0.0,0.0,0.0,0.0,0.0,0.0,0.0
128576.42,1.2972612688979395,0.0,30525.0,37.0,0.1265999999981644,30.5625,32.375,36.81,0.0,0.0,0.0,0.0,0.0,20.0,0.3,0.1,0.2,0.1,0.4,0.1,0.1,0.1,0.5,0.0,65535.0,0.2514991989013504,0.0,65535.0,0.14186312657358663,0.0,0.0,0.0,0.0,0.0,0.0,0.0,0.0,0.0,0.0
128636.47,1.2807481359913628,0.0,30525.0,37.0,0.14069999999816407,30.5625,32.4375,36.77000000000004,0.0,0.0,0.0,0.0,0.0,20.0,0.3,0.1,0.2,0.1,0.4,0.1,0.1,0.1,0.5,0.0,65535.0,0.2535744258793011,0.0,65535.0,0.14221408407721065,0.0,0.0,0.0,0.0,0.0,0.0,0.0,0.0,0.0,0.0
128696.51,1.2562531930711842,0.0,30525.0,37.0,0.1980999999981704,30.5625,32.375,36.89000000000004,0.0,0.0,0.0,0.0,0.0,20.0,0.3,0.1,0.2,0.1,0.4,0.1,0.1,0.1,0.5,0.0,65535.0,0.2516823071641108,0.0,65535.0,0.1423514152742809,0.0,0.0,0.0,0.0,0.0,0.0,0.0,0.0,0.0,0.0
128756.56,1.27871759014376,0.0,30525.0,37.0,0.1801999999981591,30.625,32.375,36.89000000000004,0.0,0.0,0.0,0.0,0.0,20.0,0.3,0.1,0.2,0.1,0.4,0.1,0.1,0.1,0.5,0.0,65535.0,0.25130083161669337,0.0,65535.0,0.14274814984359502,0.0,0.0,0.0,0.0,0.0,0.0,0.0,0.0,0.0,0.0
128816.6,1.2508672377932235,0.0,30525.0,37.0,0.15809999999816243,30.625,32.375,36.97000000000003,0.0,0.0,0.0,0.0,0.0,20.0,0.3,0.1,0.2,0.1,0.4,0.1,0.1,0.1,0.5,0.0,65535.0,0.25091935606927596,0.0,65535.0,0.14297703517204546,0.0,0.0,0.0,0.0,0.0,0.0,0.0,0.0,0.0,0.0
128876.67,1.243697522346139,0.0,30525.0,37.0,0.07769999999815852,30.5625,32.375,36.93000000000001,0.0,0.0,0.0,0.0,0.0,20.0,0.3,0.1,0.2,0.1,0.4,0.1,0.1,0.1,0.5,0.0,65535.0,0.25098039215686274,0.0,65535.0,0.14187838559548333,0.0,0.0,0.0,0.0,0.0,0.0,0.0,0.0,0.0,0.0
128936.74,1.26449245503491,0.0,30525.0,37.0,0.17509999999815604,30.5625,32.375,36.85000000000002,0.0,0.0,0.0,0.0,0.0,20.0,0.3,0.1,0.2,0.1,0.4,0.1,0.1,0.1,0.5,0.0,65535.0,0.2511024643320363,0.0,65535.0,0.14262607766842145,0.0,0.0,0.0,0.0,0.0,0.0,0.0,0.0,0.0,0.0
128996.82,1.2490303412585855,0.0,30525.0,37.0,0.16839999999816468,30.5625,32.375,36.81,0.0,0.0,0.0,0.0,0.0,20.0,0.3,0.1,0.2,0.1,0.4,0.1,0.1,0.1,0.5,0.0,65535.0,0.2512550545510033,0.0,65535.0,0.14227512016479743,0.0,0.0,0.0,0.0,0.0,0.0,0.0,0.0,0.0,0.0
129056.89,1.2730343087535285,0.0,30525.0,37.0,0.14899999999815305,30.625,32.375,37.03000000000003,0.0,0.0,0.0,0.0,0.0,20.0,0.3,0.1,0.2,0.1,0.4,0.1,0.1,0.1,0.5,0.0,65535.0,0.2528419928282597,0.0,65535.0,0.14206149385824368,0.0,0.0,0.0,0.0,0.0,0.0,0.0,0.0,0.0,0.0
129116.97,1.2819246122926935,0.0,30525.0,37.0,0.17869999999815275,30.5625,32.375,37.05000000000001,0.0,0.0,0.0,0.0,0.0,20.0,0.3,0.1,0.2,0.1,0.4,0.1,0.1,0.1,0.5,0.0,65535.0,0.2511787594415198,0.0,65535.0,0.1419394216830701,0.0,0.0,0.0,0.0,0.0,0.0,0.0,0.0,0.0,0.0
129177.04,1.2425409279518247,0.0,30525.0,37.0,0.16549999999815138,30.6875,32.375,36.950000000000045,0.0,0.0,0.0,0.0,0.0,20.0,0.3,0.1,0.2,0.1,0.4,0.1,0.1,0.1,0.5,0.0,65535.0,0.25093461509117265,0.0,65535.0,0.14168001831082627,0.0,0.0,0.0,0.0,0.0,0.0,0.0,0.0,0.0,0.0
129237.11,1.2521990466429118,0.0,30525.0,37.0,0.13839999999815925,30.625,32.375,37.09000000000003,0.0,0.0,0.0,0.0,0.0,20.0,0.3,0.1,0.2,0.1,0.4,0.1,0.1,0.1,0.5,0.0,65535.0,0.2520790417334249,0.0,65535.0,0.14276340886549171,0.0,0.0,0.0,0.0,0.0,0.0,0.0,0.0,0.0,0.0
129297.18,1.2612135762050363,0.0,30525.0,37.0,0.15989999999815474,30.5625,32.375,36.870000000000005,0.0,0.0,0.0,0.0,0.0,20.0,0.3,0.1,0.2,0.1,0.4,0.1,0.1,0.1,0.5,0.0,65535.0,0.25099565117875944,0.0,65535.0,0.14209201190203707,0.0,0.0,0.0,0.0,0.0,0.0,0.0,0.0,0.0,0.0
129357.25,1.2523515115450392,0.0,30525.0,37.0,0.10659999999815717,30.5625,32.375,36.93000000000001,0.0,0.0,0.0,0.0,0.0,20.0,0.3,0.1,0.2,0.1,0.4,0.1,0.1,0.1,0.5,0.0,65535.0,0.25174334325169756,0.0,65535.0,0.14105439841306172,0.0,0.0,0.0,0.0,0.0,0.0,0.0,0.0,0.0,0.0
129417.3,1.2780331681390718,0.0,30525.0,37.0,0.14309999999815323,30.625,32.375,36.81,0.0,0.0,0.0,0.0,0.0,20.0,0.3,0.1,0.2,0.1,0.4,0.1,0.1,0.1,0.5,0.0,65535.0,0.2525062943465324,0.0,65535.0,0.14122224765392538,0.0,0.0,0.0,0.0,0.0,0.0,0.0,0.0,0.0,0.0
129477.35,1.2415476516214992,0.0,30525.0,37.0,0.1371999999981569,30.5625,32.375,36.93000000000001,0.0,0.0,0.0,0.0,0.0,20.0,0.3,0.1,0.2,0.1,0.4,0.1,0.1,0.1,0.5,0.0,65535.0,0.25171282520790417,0.0,65535.0,0.1419546807049668,0.0,0.0,0.0,0.0,0.0,0.0,0.0,0.0,0.0,0.0
129537.39,1.2686293131509536,0.0,30525.0,37.0,0.14659999999814666,30.5625,32.375,37.01000000000005,0.0,0.0,0.0,0.0,0.0,20.0,0.3,0.1,0.2,0.1,0.4,0.1,0.1,0.1,0.5,0.0,65535.0,0.25050736247806515,0.0,65535.0,0.1416037232013428,0.0,0.0,0.0,0.0,0.0,0.0,0.0,0.0,0.0,0.0
129597.44,1.2802513381987695,0.0,30525.0,37.0,0.1821999999981569,30.625,32.375,36.950000000000045,0.0,0.0,0.0,0.0,0.0,20.0,0.3,0.1,0.2,0.1,0.4,0.1,0.1,0.1,0.5,0.0,65535.0,0.25017166399633783,0.0,65535.0,0.1411764705882353,0.0,0.0,0.0,0.0,0.0,0.0,0.0,0.0,0.0,0.0
129657.49,1.2386176759568148,0.0,30525.0,37.0,0.14279999999815007,30.625,32.375,36.870000000000005,0.0,0.0,0.0,0.0,0.0,20.0,0.3,0.1,0.2,0.1,0.4,0.1,0.1,0.1,0.5,0.0,65535.0,0.2507972838941024,0.0,65535.0,0.14131380178530556,0.0,0.0,0.0,0.0,0.0,0.0,0.0,0.0,0.0,0.0
129717.55,1.2402391815862384,0.0,30525.0,37.0,0.1604999999981499,30.5,32.375,37.09000000000003,0.0,0.0,0.0,0.0,0.0,20.0,0.3,0.1,0.2,0.1,0.4,0.1,0.1,0.1,0.5,0.0,65535.0,0.2508278019378958,0.0,65535.0,0.141191729610132,0.0,0.0,0.0,0.0,0.0,0.0,0.0,0.0,0.0,0.0
129777.63,1.2466978510202311,0.0,30525.0,37.0,0.1489999999981436,30.5625,32.4375,37.01000000000005,0.0,0.0,0.0,0.0,0.0,20.0,0.3,0.1,0.2,0.1,0.4,0.1,0.1,0.1,0.5,0.0,65535.0,0.25133134966048676,0.0,65535.0,0.14209201190203707,0.0,0.0,0.0,0.0,0.0,0.0,0.0,0.0,0.0,0.0
129837.7,1.2493440490092405,0.0,30525.0,37.0,0.15869999999814813,30.5625,32.375,36.89000000000004,0.0,0.0046,0.25,0.0,0.0,20.0,0.3,0.1,0.2,0.1,0.4,0.1,0.1,0.1,0.5,0.0,65535.0,0.25308613717860684,0.0,65535.0,0.14140535591668574,0.0,0.0,0.0,0.0,0.0,0.0,0.0,0.0,0.0,0.0
129897.74,1.1934003759406626,0.0,30525.0,37.0,0.30124999999814667,30.5625,32.375,36.47000000000003,0.0,0.0,0.0,0.0,0.0,20.0,0.3,0.1,0.2,0.1,0.4,0.1,0.1,0.1,0.5,0.0,65535.0,0.24620431830319678,0.0,65535.0,0.13792629892423897,0.0,0.0,0.0,0.0,0.0,0.0,0.0,0.0,0.0,0.0
129957.8,1.2204859079170693,0.0,30525.0,37.0,0.11839999999813902,30.5625,32.375,37.03000000000003,0.0,0.0,0.0,0.0,0.0,20.0,0.3,0.1,0.2,0.1,0.4,0.1,0.1,0.1,0.5,0.0,65535.0,0.2443121995880064,0.0,65535.0,0.13800259403372245,0.0,0.0,0.0,0.0,0.0,0.0,0.0,0.0,0.0,0.0
130017.85,1.2167376165975508,0.0,30525.0,37.0,0.15129999999814917,30.625,32.375,36.93000000000001,0.0,0.0,0.0,0.0,0.0,20.0,0.3,0.1,0.2,0.1,0.4,0.1,0.1,0.1,0.5,0.0,65535.0,0.24533455405508506,0.0,65535.0,0.13720912489509424,0.0,0.0,0.0,0.0,0.0,0.0,0.0,0.0,0.0,0.0
130077.89,1.2127758170538254,0.0,30525.0,37.0,0.169799999998144,30.5625,32.375,36.710000000000036,0.0,0.0,0.0,0.0,0.0,20.0,0.3,0.1,0.2,0.1,0.4,0.1,0.1,0.1,0.5,0.0,65535.0,0.244785229266804,0.0,65535.0,0.13745326924544138,0.0,0.0,0.0,0.0,0.0,0.0,0.0,0.0,0.0,0.0
130137.94,1.209132378284142,0.0,30525.0,37.0,0.1497999999981471,30.5625,32.375,36.73000000000002,0.0,0.0,0.0,0.0,0.0,20.0,0.3,0.1,0.2,0.1,0.4,0.1,0.1,0.1,0.5,0.0,65535.0,0.24382391088731212,0.0,65535.0,0.1369344625009537,0.0,0.0,0.0,0.0,0.0,0.0,0.0,0.0,0.0,0.0
130197.98,1.2010156152459106,0.0,30525.0,37.0,0.14709999999814616,30.625,32.375,36.97000000000003,0.0,0.0,0.0,0.0,0.0,20.0,0.3,0.1,0.2,0.1,0.4,0.1,0.1,0.1,0.5,0.0,65535.0,0.2443274586099031,0.0,65535.0,0.13798733501182575,0.0,0.0,0.0,0.0,0.0,0.0,0.0,0.0,0.0,0.0
130258.02,1.2175058714819187,0.0,30525.0,37.0,0.16879999999813636,30.625,32.375,36.81,0.0,0.0,0.0,0.0,0.0,20.0,0.3,0.1,0.2,0.1,0.4,0.1,0.1,0.1,0.5,0.0,65535.0,0.24679942015716794,0.0,65535.0,0.1369344625009537,0.0,0.0,0.0,0.0,0.0,0.0,0.0,0.0,0.0,0.0
130318.07,1.2326507950453491,0.0,30525.0,37.0,0.13289999999813887,30.5,32.375,36.97000000000003,0.0,0.0,0.0,0.0,0.0,20.0,0.3,0.1,0.2,0.1,0.4,0.1,0.1,0.1,0.5,0.0,65535.0,0.24663157091630428,0.0,65535.0,0.13710231174181736,0.0,0.0,0.0,0.0,0.0,0.0,0.0,0.0,0.0,0.0
130378.13,1.2083973458983759,0.0,30525.0,37.0,0.17179999999813445,30.625,32.375,37.05000000000001,0.0,0.0,0.0,0.0,0.0,20.0,0.3,0.1,0.2,0.1,0.4,0.1,0.1,0.1,0.5,0.0,65535.0,0.24637216754406044,0.0,65535.0,0.13702601663233388,0.0,0.0,0.0,0.0,0.0,0.0,0.0,0.0,0.0,0.0
130438.2,1.2221717502293263,0.0,30525.0,37.0,0.15529999999813268,30.5625,32.375,36.950000000000045,0.0,0.0,0.0,0.0,0.0,20.0,0.3,0.1,0.2,0.1,0.4,0.1,0.1,0.1,0.5,0.0,65535.0,0.2451667048142214,0.0,65535.0,0.13707179369802397,0.0,0.0,0.0,0.0,0.0,0.0,0.0,0.0,0.0,0.0
130498.26,1.2185570858913324,0.0,30525.0,37.0,0.1069999999981297,30.625,32.375,36.85000000000002,0.0,0.0,0.0,0.0,0.0,20.0,0.3,0.1,0.2,0.1,0.4,0.1,0.1,0.1,0.5,0.0,65535.0,0.24585336079957273,0.0,65535.0,0.13727016098268102,0.0,0.0,0.0,0.0,0.0,0.0,0.0,0.0,0.0,0.0
130558.34,1.2079747008994395,0.0,30525.0,37.0,0.1684999999981306,30.625,32.375,36.89000000000004,0.0,0.0,0.0,0.0,0.0,20.0,0.3,0.1,0.2,0.1,0.4,0.1,0.1,0.1,0.5,0.0,65535.0,0.24481574731059738,0.0,65535.0,0.1369802395666438,0.0,0.0,0.0,0.0,0.0,0.0,0.0,0.0,0.0,0.0
130618.41,1.2051050782106536,0.0,30525.0,37.0,0.1531999999981286,30.625,32.4375,36.950000000000045,0.0,0.0,0.0,0.0,0.0,20.0,0.3,0.1,0.2,0.1,0.4,0.1,0.1,0.1,0.5,0.0,65535.0,0.24525825894560158,0.0,65535.0,0.13667505912870984,0.0,0.0,0.0,0.0,0.0,0.0,0.0,0.0,0.0,0.0
130678.49,1.2102378218527408,0.0,30525.0,37.0,0.10699999999812543,30.5625,32.375,36.870000000000005,0.0,0.0,0.0,0.0,0.0,20.0,0.3,0.1,0.2,0.1,0.4,0.1,0.1,0.1,0.5,0.0,65535.0,0.2461585412375067,0.0,65535.0,0.13661402304112305,0.0,0.0,0.0,0.0,0.0,0.0,0.0,0.0,0.0,0.0
130738.57,1.2310470215053095,0.0,30525.0,37.0,0.1807999999981268,30.5625,32.4375,36.870000000000005,0.0,0.0,0.0,0.0,0.0,20.0,0.3,0.1,0.2,0.1,0.4,0.1,0.1,0.1,0.5,0.0,65535.0,0.24608224612802318,0.0,65535.0,0.137773708705272,0.0,0.0,0.0,0.0,0.0,0.0,0.0,0.0,0.0,0.0
130798.65,1.2075799012740793,0.0,30525.0,37.0,0.1501999999981245,30.625,32.375,36.950000000000045,0.0,0.0,0.0,0.0,0.0,20.0,0.3,0.1,0.2,0.1,0.4,0.1,0.1,0.1,0.5,0.0,65535.0,0.24634164950026705,0.0,65535.0,0.13752956435492486,0.0,0.0,0.0,0.0,0.0,0.0,0.0,0.0,0.0,0.0
130858.73,1.214039888882267,0.0,30525.0,37.0,0.10519999999812193,30.5625,32.375,37.01000000000005,0.0,0.0,0.0,0.0,0.0,20.0,0.3,0.1,0.2,0.1,0.4,0.1,0.1,0.1,0.5,0.0,65535.0,0.2469062333104448,0.0,65535.0,0.13748378728923477,0.0,0.0,0.0,0.0,0.0,0.0,0.0,0.0,0.0,0.0
130918.79,1.2112042587125993,0.0,30525.0,37.0,0.12809999999812696,30.625,32.375,36.89000000000004,0.0,0.0,0.0,0.0,0.0,20.0,0.3,0.1,0.2,0.1,0.4,0.1,0.1,0.1,0.5,0.0,65535.0,0.24628061341268026,0.0,65535.0,0.13766689555199513,0.0,0.0,0.0,0.0,0.0,0.0,0.0,0.0,0.0,0.0
130978.84,1.191762525190142,0.0,30525.0,37.0,0.20669999999812907,30.625,32.375,36.89000000000004,0.0,0.0,0.0,0.0,0.0,20.0,0.3,0.1,0.2,0.1,0.4,0.1,0.1,0.1,0.5,0.0,65535.0,0.24635690852216374,0.0,65535.0,0.13800259403372245,0.0,0.0,0.0,0.0,0.0,0.0,0.0,0.0,0.0,0.0
131038.88,1.2071858560786084,0.0,30525.0,37.0,0.11959999999811963,30.625,32.4375,36.870000000000005,0.0,0.0,0.0,0.0,0.0,20.0,0.3,0.1,0.2,0.1,0.4,0.1,0.1,0.1,0.5,0.0,65535.0,0.24620431830319678,0.0,65535.0,0.13789578088044557,0.0,0.0,0.0,0.0,0.0,0.0,0.0,0.0,0.0,0.0
131098.92,1.2168720938936817,0.0,30525.0,37.0,0.11749999999811814,30.5625,32.375,36.79000000000002,0.0,0.0,0.0,0.0,0.0,20.0,0.3,0.1,0.2,0.1,0.4,0.1,0.1,0.1,0.5,0.0,65535.0,0.24753185320820936,0.0,65535.0,0.1374074921797513,0.0,0.0,0.0,0.0,0.0,0.0,0.0,0.0,0.0,0.0
131158.97,1.2358535245207247,0.0,30525.0,37.0,0.14839999999811845,30.625,32.4375,36.93000000000001,0.0,0.0,0.0,0.0,0.0,20.0,0.3,0.1,0.2,0.1,0.4,0.1,0.1,0.1,0.5,0.0,65535.0,0.24635690852216374,0.0,65535.0,0.1373922331578546,0.0,0.0,0.0,0.0,0.0,0.0,0.0,0.0,0.0,0.0
131219.04,1.256928244605982,0.0,30525.0,37.0,0.1362999999981269,30.5625,32.3125,36.79000000000002,0.0,0.0,0.0,0.0,0.0,20.0,0.3,0.1,0.2,0.1,0.4,0.1,0.1,0.1,0.5,0.0,65535.0,0.24914930952925918,0.0,65535.0,0.13798733501182575,0.0,0.0,0.0,0.0,0.0,0.0,0.0,0.0,0.0,0.0
131279.08,1.2433897209250213,0.0,30525.0,37.0,0.14719999999811698,30.625,32.375,36.85000000000002,0.0,0.0,0.0,0.0,0.0,20.0,0.3,0.1,0.2,0.1,0.4,0.1,0.1,0.1,0.5,0.0,65535.0,0.2491035324635691,0.0,65535.0,0.13826199740596629,0.0,0.0,0.0,0.0,0.0,0.0,0.0,0.0,0.0,0.0
131339.12,1.2480730995643792,0.0,30525.0,37.0,0.14809999999811616,30.5625,32.4375,36.93000000000001,0.0,0.0,0.0,0.0,0.0,20.0,0.3,0.1,0.2,0.1,0.4,0.1,0.1,0.1,0.5,0.0,65535.0,0.24834058136873427,0.0,65535.0,0.13832303349355307,0.0,0.0,0.0,0.0,0.0,0.0,0.0,0.0,0.0,0.0
131399.19,1.231661488331506,0.0,30525.0,37.0,0.16049999999812078,30.625,32.375,37.01000000000005,0.0,0.0,0.0,0.0,0.0,20.0,0.3,0.1,0.2,0.1,0.4,0.1,0.1,0.1,0.5,0.0,65535.0,0.24870679789425498,0.0,65535.0,0.13809414816510263,0.0,0.0,0.0,0.0,0.0,0.0,0.0,0.0,0.0,0.0
131459.22,1.238692496251371,0.0,30525.0,37.0,0.1098999999981233,30.5625,32.375,36.950000000000045,0.0,0.0,0.0,0.0,0.0,20.0,0.3,0.1,0.2,0.1,0.4,0.1,0.1,0.1,0.5,0.0,65535.0,0.24847791256580454,0.0,65535.0,0.13752956435492486,0.0,0.0,0.0,0.0,0.0,0.0,0.0,0.0,0.0,0.0
131519.3,1.2683564534160352,0.0,30525.0,37.0,0.11839999999811301,30.5625,32.375,36.93000000000001,0.0,0.0,0.0,0.0,0.0,20.0,0.3,0.1,0.2,0.1,0.4,0.1,0.1,0.1,0.5,0.0,65535.0,0.24841687647821775,0.0,65535.0,0.13813992523079272,0.0,0.0,0.0,0.0,0.0,0.0,0.0,0.0,0.0,0.0
131579.35,1.2731500608949209,0.0,30525.0,37.0,0.1050999999981217,30.5625,32.375,36.950000000000045,0.0,0.0,0.0,0.0,0.0,20.0,0.3,0.1,0.2,0.1,0.4,0.1,0.1,0.1,0.5,0.0,65535.0,0.2486610208285649,0.0,65535.0,0.13766689555199513,0.0,0.0,0.0,0.0,0.0,0.0,0.0,0.0,0.0,0.0
131639.4,1.2379427849839093,0.0,30525.0,37.0,0.155099999998118,30.5625,32.375,36.870000000000005,0.0,0.0,0.0,0.0,0.0,20.0,0.3,0.1,0.2,0.1,0.4,0.1,0.1,0.1,0.5,0.0,65535.0,0.250263218127718,0.0,65535.0,0.13875028610666057,0.0,0.0,0.0,0.0,0.0,0.0,0.0,0.0,0.0,0.0
131699.48,1.2534505452307603,0.0,30525.0,37.0,0.1483999999981116,30.5625,32.375,36.85000000000002,0.0,0.0,0.0,0.0,0.0,20.0,0.3,0.1,0.2,0.1,0.4,0.1,0.1,0.1,0.5,0.0,65535.0,0.24852368963149463,0.0,65535.0,0.13763637750820173,0.0,0.0,0.0,0.0,0.0,0.0,0.0,0.0,0.0,0.0
131759.56,1.2643847785226063,0.0,30525.0,37.0,0.16459999999811106,30.625,32.375,37.03000000000003,0.0,0.0,0.0,0.0,0.0,20.0,0.3,0.1,0.2,0.1,0.4,0.1,0.1,0.1,0.5,0.0,65535.0,0.24931715877012284,0.0,65535.0,0.13788052185854888,0.0,0.0,0.0,0.0,0.0,0.0,0.0,0.0,0.0,0.0
131819.64,1.2524623931300147,0.0,30525.0,37.0,0.13839999999811897,30.5,32.4375,36.950000000000045,0.0,0.0,0.0,0.0,0.0,20.0,0.3,0.1,0.2,0.1,0.4,0.1,0.1,0.1,0.5,0.0,65535.0,0.24872205691615168,0.0,65535.0,0.1378347447928588,0.0,0.0,0.0,0.0,0.0,0.0,0.0,0.0,0.0,0.0
131879.68,1.2655733147657802,0.0,30525.0,37.0,0.14989999999810852,30.5625,32.4375,36.97000000000003,0.0,0.0,0.0,0.0,0.0,20.0,0.3,0.1,0.2,0.1,0.4,0.1,0.1,0.1,0.5,0.0,65535.0,0.24911879148546578,0.0,65535.0,0.13806363012130923,0.0,0.0,0.0,0.0,0.0,0.0,0.0,0.0,0.0,0.0
131939.75,1.2618091850249118,0.0,30525.0,37.0,0.1448999999981122,30.5625,32.375,36.950000000000045,0.0,0.0,0.0,0.0,0.0,20.0,0.3,0.1,0.2,0.1,0.4,0.1,0.1,0.1,0.5,0.0,65535.0,0.24757763027389945,0.0,65535.0,0.1385976958876936,0.0,0.0,0.0,0.0,0.0,0.0,0.0,0.0,0.0,0.0
131999.83,1.302041298067022,0.0,30525.0,37.0,0.1065999999981152,30.5,32.4375,37.110000000000014,0.0,0.0,0.0,0.0,0.0,20.0,0.3,0.1,0.2,0.1,0.4,0.1,0.1,0.1,0.5,0.0,65535.0,0.2490730144197757,0.0,65535.0,0.1377584496833753,0.0,0.0,0.0,0.0,0.0,0.0,0.0,0.0,0.0,0.0
132059.9,1.2665475171956224,0.0,30525.0,37.0,0.12039999999811515,30.5625,32.4375,36.77000000000004,0.0,0.0,0.0,0.0,0.0,20.0,0.3,0.1,0.2,0.1,0.4,0.1,0.1,0.1,0.5,0.0,65535.0,0.25136186770428015,0.0,65535.0,0.1385671778439002,0.0,0.0,0.0,0.0,0.0,0.0,0.0,0.0,0.0,0.0
132119.97,1.2498509037295378,0.0,30525.0,37.0,0.1615999999981061,30.625,32.4375,36.77000000000004,0.0,0.0,0.0,0.0,0.0,20.0,0.3,0.1,0.2,0.1,0.4,0.1,0.1,0.1,0.5,0.0,65535.0,0.2499427786678874,0.0,65535.0,0.13791103990234227,0.0,0.0,0.0,0.0,0.0,0.0,0.0,0.0,0.0,0.0
132180.05,1.2666832901647382,0.0,30525.0,37.0,0.14839999999810474,30.5625,32.375,36.950000000000045,0.0,0.0,0.0,0.0,0.0,20.0,0.3,0.1,0.2,0.1,0.4,0.1,0.1,0.1,0.5,0.0,65535.0,0.2519111924925612,0.0,65535.0,0.1390859845883879,0.0,0.0,0.0,0.0,0.0,0.0,0.0,0.0,0.0,0.0
132240.12,1.2744756251666196,0.0,30525.0,37.0,0.12899999999810816,30.625,32.375,36.85000000000002,0.0,0.0,0.0,0.0,0.0,20.0,0.3,0.1,0.2,0.1,0.4,0.1,0.1,0.1,0.5,0.0,65535.0,0.2519111924925612,0.0,65535.0,0.13844510566872664,0.0,0.0,0.0,0.0,0.0,0.0,0.0,0.0,0.0,0.0
132300.19,1.262198447985634,0.0,30525.0,37.0,0.12279999999811209,30.5625,32.4375,36.89000000000004,0.0,0.0,0.0,0.0,0.0,20.0,0.3,0.1,0.2,0.1,0.4,0.1,0.1,0.1,0.5,0.0,65535.0,0.25055313954375524,0.0,65535.0,0.1377889677271687,0.0,0.0,0.0,0.0,0.0,0.0,0.0,0.0,0.0,0.0
132360.27,1.2714201297914003,0.0,30525.0,37.0,0.17809999999810355,30.625,32.375,37.01000000000005,0.0,0.0,0.0,0.0,0.0,20.0,0.3,0.1,0.2,0.1,0.4,0.1,0.1,0.1,0.5,0.0,65535.0,0.24930189974822614,0.0,65535.0,0.13795681696803236,0.0,0.0,0.0,0.0,0.0,0.0,0.0,0.0,0.0,0.0
132420.35,1.270221636036667,0.0,30525.0,37.0,0.1624999999981018,30.5625,32.4375,36.89000000000004,0.0,0.0,0.0,0.0,0.0,20.0,0.3,0.1,0.2,0.1,0.4,0.1,0.1,0.1,0.5,0.0,65535.0,0.25003433279926757,0.0,65535.0,0.1382314793621729,0.0,0.0,0.0,0.0,0.0,0.0,0.0,0.0,0.0,0.0
132480.42,1.2877642860268288,0.0,30525.0,37.0,0.16069999999810086,30.5625,32.375,36.650000000000034,0.0,0.0,0.0,0.0,0.0,20.0,0.3,0.1,0.2,0.1,0.4,0.1,0.1,0.1,0.5,0.0,65535.0,0.2481574731059739,0.0,65535.0,0.13891813534752423,0.0,0.0,0.0,0.0,0.0,0.0,0.0,0.0,0.0,0.0
132540.5,1.2457152748406424,0.0,30525.0,37.0,0.16539999999810992,30.5,32.375,37.05000000000001,0.0,0.0,0.0,0.0,0.0,20.0,0.3,0.1,0.2,0.1,0.4,0.1,0.1,0.1,0.5,0.0,65535.0,0.2503852903028916,0.0,65535.0,0.1382162203402762,0.0,0.0,0.0,0.0,0.0,0.0,0.0,0.0,0.0,0.0
132600.57,1.2757074953244838,0.0,30525.0,37.0,0.14039999999810338,30.625,32.375,36.93000000000001,0.0,0.0,0.0,0.0,0.0,20.0,0.3,0.1,0.2,0.1,0.4,0.1,0.1,0.1,0.5,0.0,65535.0,0.2504310673685817,0.0,65535.0,0.13827725642786298,0.0,0.0,0.0,0.0,0.0,0.0,0.0,0.0,0.0,0.0
132660.62,1.265518744000699,0.0,30525.0,37.0,0.15689999999810342,30.625,32.375,36.950000000000045,0.0,0.0,0.0,0.0,0.0,20.0,0.3,0.1,0.2,0.1,0.4,0.1,0.1,0.1,0.5,0.0,65535.0,0.2503395132372015,0.0,65535.0,0.13788052185854888,0.0,0.0,0.0,0.0,0.0,0.0,0.0,0.0,0.0,0.0
132720.66,1.2763449224657366,0.0,30525.0,37.0,0.14249999999810228,30.5625,32.375,36.93000000000001,0.0,0.0,0.0,0.0,0.0,20.0,0.3,0.1,0.2,0.1,0.4,0.1,0.1,0.1,0.5,0.0,65535.0,0.2486457618066682,0.0,65535.0,0.13702601663233388,0.0,0.0,0.0,0.0,0.0,0.0,0.0,0.0,0.0,0.0
132780.71,1.2809676891150619,0.0,30525.0,37.0,0.15989999999810237,30.5625,32.375,36.81,0.0,0.0,0.0,0.0,0.0,20.0,0.3,0.1,0.2,0.1,0.4,0.1,0.1,0.1,0.5,0.0,65535.0,0.2502479591058213,0.0,65535.0,0.13769741359578852,0.0,0.0,0.0,0.0,0.0,0.0,0.0,0.0,0.0,0.0
132840.74,1.292988460873641,0.0,30525.0,37.0,0.11749999999809488,30.5625,32.375,36.97000000000003,0.0,0.0,0.0,0.0,0.0,20.0,0.3,0.1,0.2,0.1,0.4,0.1,0.1,0.1,0.5,0.0,65535.0,0.25101091020065613,0.0,65535.0,0.1378194857709621,0.0,0.0,0.0,0.0,0.0,0.0,0.0,0.0,0.0,0.0
132900.79,1.2704705427544396,0.0,30525.0,37.0,0.16069999999809564,30.5,32.375,37.03000000000003,0.0,0.0,0.0,0.0,0.0,20.0,0.3,0.1,0.2,0.1,0.4,0.1,0.1,0.1,0.5,0.0,65535.0,0.25267414358739604,0.0,65535.0,0.13785000381475548,0.0,0.0,0.0,0.0,0.0,0.0,0.0,0.0,0.0,0.0
132960.84,1.2806317112147876,0.0,30525.0,37.0,0.16189999999809454,30.5625,32.375,36.77000000000004,0.0,0.0,0.0,0.0,0.0,20.0,0.3,0.1,0.2,0.1,0.4,0.1,0.1,0.1,0.5,0.0,65535.0,0.2515754940108339,0.0,65535.0,0.1377889677271687,0.0,0.0,0.0,0.0,0.0,0.0,0.0,0.0,0.0,0.0
133020.91,1.2646405884011604,0.0,30525.0,37.0,0.1083999999981014,30.5625,32.375,37.05000000000001,0.0,0.0,0.0,0.0,0.0,20.0,0.3,0.1,0.2,0.1,0.4,0.1,0.1,0.1,0.5,0.0,65535.0,0.25268940260929273,0.0,65535.0,0.13833829251544977,0.0,0.0,0.0,0.0,0.0,0.0,0.0,0.0,0.0,0.0
133080.99,1.2552365528405478,0.0,30525.0,37.0,0.16079999999809808,30.5625,32.4375,36.93000000000001,0.0,0.0,0.0,0.0,0.0,20.0,0.3,0.1,0.2,0.1,0.4,0.1,0.1,0.1,0.5,0.0,65535.0,0.2499275196459907,0.0,65535.0,0.13720912489509424,0.0,0.0,0.0,0.0,0.0,0.0,0.0,0.0,0.0,0.0
133141.06,1.266034232741009,0.0,30525.0,37.0,0.1698999999981023,30.5625,32.4375,36.950000000000045,0.0,0.0,0.0,0.0,0.0,20.0,0.3,0.1,0.2,0.1,0.4,0.1,0.1,0.1,0.5,0.0,65535.0,0.25177386129549095,0.0,65535.0,0.1381704432745861,0.0,0.0,0.0,0.0,0.0,0.0,0.0,0.0,0.0,0.0
133201.14,1.2648288805754275,0.0,30525.0,37.0,0.12929999999809486,30.625,32.375,36.89000000000004,0.0,0.0,0.0,0.0,0.0,20.0,0.3,0.1,0.2,0.1,0.4,0.1,0.1,0.1,0.5,0.0,65535.0,0.2516517891203174,0.0,65535.0,0.137773708705272,0.0,0.0,0.0,0.0,0.0,0.0,0.0,0.0,0.0,0.0
133261.18,1.2444789331558304,0.0,30525.0,37.0,0.1683999999981002,30.5625,32.4375,37.01000000000005,0.0,0.0,0.0,0.0,0.0,20.0,0.3,0.1,0.2,0.1,0.4,0.1,0.1,0.1,0.5,0.0,65535.0,0.2507972838941024,0.0,65535.0,0.13719386587319754,0.0,0.0,0.0,0.0,0.0,0.0,0.0,0.0,0.0,0.0
133321.21,1.2663917510243563,0.0,30525.0,37.0,0.14539999999808845,30.5625,32.375,36.950000000000045,0.0,0.0,0.0,0.0,0.0,20.0,0.3,0.1,0.2,0.1,0.4,0.1,0.1,0.1,0.5,0.0,65535.0,0.2532387273975738,0.0,65535.0,0.13794155794613566,0.0,0.0,0.0,0.0,0.0,0.0,0.0,0.0,0.0,0.0
133381.27,1.2716018484024527,0.0,30525.0,37.0,0.10239999999809571,30.5625,32.4375,36.650000000000034,0.0,0.0,0.0,0.0,0.0,20.0,0.3,0.1,0.2,0.1,0.4,0.1,0.1,0.1,0.5,0.0,65535.0,0.251972228580148,0.0,65535.0,0.13786526283665218,0.0,0.0,0.0,0.0,0.0,0.0,0.0,0.0,0.0,0.0
133441.3,1.2728586832955582,0.0,30525.0,37.0,0.1674999999980976,30.5625,32.4375,36.870000000000005,0.0,0.0,0.0,0.0,0.0,20.0,0.3,0.1,0.2,0.1,0.4,0.1,0.1,0.1,0.5,0.0,65535.0,0.2531624322880903,0.0,65535.0,0.13829251544975968,0.0,0.0,0.0,0.0,0.0,0.0,0.0,0.0,0.0,0.0
133501.38,1.252734602201354,0.0,30525.0,37.0,0.18399999999809763,30.5,32.375,36.85000000000002,0.0,0.0,0.0,0.0,0.0,20.0,0.3,0.1,0.2,0.1,0.4,0.1,0.1,0.1,0.5,0.0,65535.0,0.2520180056458381,0.0,65535.0,0.13788052185854888,0.0,0.0,0.0,0.0,0.0,0.0,0.0,0.0,0.0,0.0
133561.42,1.2630636386599092,0.0,30525.0,37.0,0.14429999999809023,30.5625,32.4375,36.950000000000045,0.0,0.0,0.0,0.0,0.0,20.0,0.3,0.1,0.2,0.1,0.4,0.1,0.1,0.1,0.5,0.0,65535.0,0.251117723353933,0.0,65535.0,0.13760585946440834,0.0,0.0,0.0,0.0,0.0,0.0,0.0,0.0,0.0,0.0
133621.5,1.2523324581772648,0.0,30525.0,37.0,0.12659999999808869,30.5625,32.4375,36.93000000000001,0.0,0.0,0.0,0.0,0.0,20.0,0.3,0.1,0.2,0.1,0.4,0.1,0.1,0.1,0.5,0.0,65535.0,0.25175860227359426,0.0,65535.0,0.13850614175631343,0.0,0.0,0.0,0.0,0.0,0.0,0.0,0.0,0.0,0.0
133681.57,1.2491050722214099,0.0,30525.0,37.0,0.32009999999809513,30.5625,32.375,36.31,0.0,0.0,0.0,0.0,0.0,20.0,0.3,0.1,0.2,0.1,0.4,0.1,0.1,0.1,0.5,0.0,65535.0,0.256244754711223,0.0,65535.0,0.1403524834058137,0.0,0.0,0.0,0.0,0.0,0.0,0.0,0.0,0.0,0.0
133741.65,1.2478973008509375,0.0,30525.0,37.0,0.10259999999808636,30.5625,32.375,36.97000000000003,0.0,0.0,0.0,0.0,0.0,20.0,0.3,0.1,0.2,0.1,0.4,0.1,0.1,0.1,0.5,0.0,65535.0,0.25128557259479667,0.0,65535.0,0.13681239032578013,0.0,0.0,0.0,0.0,0.0,0.0,0.0,0.0,0.0,0.0
133801.7,1.2680510274579055,0.0,30525.0,37.0,0.14519999999808683,30.5625,32.375,37.110000000000014,0.0,0.0,0.0,0.0,0.0,20.0,0.3,0.1,0.2,0.1,0.4,0.1,0.1,0.1,0.5,0.0,65535.0,0.2529182879377432,0.0,65535.0,0.13804837109941254,0.0,0.0,0.0,0.0,0.0,0.0,0.0,0.0,0.0,0.0
133861.74,1.2436441569284422,0.0,30525.0,37.0,0.11629999999807958,30.625,32.375,36.97000000000003,0.0,0.0,0.0,0.0,0.0,20.0,0.3,0.1,0.2,0.1,0.4,0.1,0.1,0.1,0.5,0.0,65535.0,0.25145342183566033,0.0,65535.0,0.13675135423819335,0.0,0.0,0.0,0.0,0.0,0.0,0.0,0.0,0.0,0.0
133921.78,1.2364757448476706,0.0,30525.0,37.0,0.13539999999808894,30.5,32.375,36.77000000000004,0.0,0.0,0.0,0.0,0.0,20.0,0.3,0.1,0.2,0.1,0.4,0.1,0.1,0.1,0.5,0.0,65535.0,0.25262836652170595,0.0,65535.0,0.1377584496833753,0.0,0.0,0.0,0.0,0.0,0.0,0.0,0.0,0.0,0.0
133981.83,1.2483807898562822,0.0,30525.0,37.0,0.13419999999808832,30.625,32.375,36.85000000000002,0.0,0.0,0.0,0.0,0.0,20.0,0.3,0.1,0.2,0.1,0.4,0.1,0.1,0.1,0.5,0.0,65535.0,0.25265888456549934,0.0,65535.0,0.13871976806286718,0.0,0.0,0.0,0.0,0.0,0.0,0.0,0.0,0.0,0.0
134041.87,1.2538298951896696,0.0,30525.0,37.0,0.11679999999808738,30.5625,32.4375,36.870000000000005,0.0,0.0,0.0,0.0,0.0,20.0,0.3,0.1,0.2,0.1,0.4,0.1,0.1,0.1,0.5,0.0,65535.0,0.2523689631494621,0.0,65535.0,0.13728542000457772,0.0,0.0,0.0,0.0,0.0,0.0,0.0,0.0,0.0,0.0
134101.91,1.2519145621887398,0.0,30525.0,37.0,0.18189999999808926,30.5625,32.375,37.01000000000005,0.0,0.0,0.0,0.0,0.0,20.0,0.3,0.1,0.2,0.1,0.4,0.1,0.1,0.1,0.5,0.0,65535.0,0.2525215533684291,0.0,65535.0,0.13785000381475548,0.0,0.0,0.0,0.0,0.0,0.0,0.0,0.0,0.0,0.0
134161.98,1.2310828217423906,0.0,30525.0,37.0,0.14219999999808186,30.625,32.375,36.870000000000005,0.0,0.0,0.0,0.0,0.0,20.0,0.3,0.1,0.2,0.1,0.4,0.1,0.1,0.1,0.5,0.0,65535.0,0.2516670481422141,0.0,65535.0,0.1369954985885405,0.0,0.0,0.0,0.0,0.0,0.0,0.0,0.0,0.0,0.0
134222.06,1.2510193575071749,0.0,30525.0,37.0,0.16869999999808702,30.5625,32.375,36.85000000000002,0.0,0.0,0.0,0.0,0.0,20.0,0.3,0.1,0.2,0.1,0.4,0.1,0.1,0.1,0.5,0.0,65535.0,0.2532082093537804,0.0,65535.0,0.1381551842526894,0.0,0.0,0.0,0.0,0.0,0.0,0.0,0.0,0.0,0.0
134282.12,1.2350642782590926,0.0,30525.0,37.0,0.1068999999980838,30.5625,32.375,37.01000000000005,0.0,0.0,0.0,0.0,0.0,20.0,0.3,0.1,0.2,0.1,0.4,0.1,0.1,0.1,0.5,0.0,65535.0,0.25180437933928435,0.0,65535.0,0.13714808880750745,0.0,0.0,0.0,0.0,0.0,0.0,0.0,0.0,0.0,0.0
134342.19,1.2152809216259792,0.0,30525.0,37.0,0.13659999999808436,30.5625,32.375,36.89000000000004,0.0,0.0,0.0,0.0,0.0,20.0,0.3,0.1,0.2,0.1,0.4,0.1,0.1,0.1,0.5,0.0,65535.0,0.25438315403982603,0.0,65535.0,0.13763637750820173,0.0,0.0,0.0,0.0,0.0,0.0,0.0,0.0,0.0,0.0
134402.26,1.2429736924050532,0.0,30525.0,37.0,0.1344999999980837,30.5625,32.375,36.89000000000004,0.0,0.0,0.0,0.0,0.0,20.0,0.3,0.1,0.2,0.1,0.4,0.1,0.1,0.1,0.5,0.0,65535.0,0.25302510109102005,0.0,65535.0,0.13705653467612727,0.0,0.0,0.0,0.0,0.0,0.0,0.0,0.0,0.0,0.0
134462.3,1.2294956504366374,0.0,30525.0,37.0,0.1394999999980783,30.5,32.375,36.79000000000002,0.0,0.0,0.0,0.0,0.0,20.0,0.3,0.1,0.2,0.1,0.4,0.1,0.1,0.1,0.5,0.0,65535.0,0.25305561913481345,0.0,65535.0,0.13728542000457772,0.0,0.0,0.0,0.0,0.0,0.0,0.0,0.0,0.0,0.0
134522.35,1.2402446287912126,0.0,30525.0,37.0,0.16659999999808375,30.5625,32.375,36.870000000000005,0.0,0.0,0.0,0.0,0.0,20.0,0.3,0.1,0.2,0.1,0.4,0.1,0.1,0.1,0.5,0.0,65535.0,0.25551232166018156,0.0,65535.0,0.13713282978561075,0.0,0.0,0.0,0.0,0.0,0.0,0.0,0.0,0.0,0.0
134582.42,1.2275047752734671,0.0,30525.0,37.0,0.20049999999808474,30.5625,32.375,36.950000000000045,0.0,0.0,0.0,0.0,0.0,20.0,0.3,0.1,0.2,0.1,0.4,0.1,0.1,0.1,0.5,0.0,65535.0,0.25305561913481345,0.0,65535.0,0.13885709925993744,0.0,0.0,0.0,0.0,0.0,0.0,0.0,0.0,0.0,0.0
134642.48,1.2294051365253025,0.0,30525.0,37.0,0.1630999999980727,30.5625,32.375,36.89000000000004,0.0,0.0,0.0,0.0,0.0,20.0,0.3,0.1,0.2,0.1,0.4,0.1,0.1,0.1,0.5,0.0,65535.0,0.2532234683756771,0.0,65535.0,0.13766689555199513,0.0,0.0,0.0,0.0,0.0,0.0,0.0,0.0,0.0,0.0
134702.52,1.22186778472836,0.0,30525.0,37.0,0.20049999999808302,30.5625,32.375,36.85000000000002,0.0,0.0,0.0,0.0,0.0,20.0,0.3,0.1,0.2,0.1,0.4,0.1,0.1,0.1,0.5,0.0,65535.0,0.2571450370031281,0.0,65535.0,0.1381551842526894,0.0,0.0,0.0,0.0,0.0,0.0,0.0,0.0,0.0,0.0
134762.57,1.244184586631978,0.0,30525.0,37.0,0.13959999999807987,30.5625,32.375,36.81,0.0,0.0,0.0,0.0,0.0,20.0,0.3,0.1,0.2,0.1,0.4,0.1,0.1,0.1,0.5,0.0,65535.0,0.2540016784924086,0.0,65535.0,0.13743801022354468,0.0,0.0,0.0,0.0,0.0,0.0,0.0,0.0,0.0,0.0
134822.61,1.2136911734320852,0.0,30525.0,37.0,0.12929999999807415,30.625,32.4375,37.03000000000003,0.0,0.0,0.0,0.0,0.0,20.0,0.3,0.1,0.2,0.1,0.4,0.1,0.1,0.1,0.5,0.0,65535.0,0.2557564660105287,0.0,65535.0,0.1377889677271687,0.0,0.0,0.0,0.0,0.0,0.0,0.0,0.0,0.0,0.0
134882.65,1.2117653372758483,0.0,30525.0,37.0,0.1371999999980786,30.625,32.4375,36.85000000000002,0.0,0.0,0.0,0.0,0.0,20.0,0.3,0.1,0.2,0.1,0.4,0.1,0.1,0.1,0.5,0.0,65535.0,0.2549019607843137,0.0,65535.0,0.13727016098268102,0.0,0.0,0.0,0.0,0.0,0.0,0.0,0.0,0.0,0.0
134942.73,1.187689637500796,0.0,30525.0,37.0,0.1400999999980734,30.5625,32.4375,36.93000000000001,0.0,0.0,0.0,0.0,0.0,20.0,0.3,0.1,0.2,0.1,0.4,0.1,0.1,0.1,0.5,0.0,65535.0,0.2545662623025864,0.0,65535.0,0.13632410162508582,0.0,0.0,0.0,0.0,0.0,0.0,0.0,0.0,0.0,0.0
135002.8,1.2119354956933865,0.0,30525.0,37.0,0.16689999999807828,30.5,32.4375,36.89000000000004,0.0,0.0,0.0,0.0,0.0,20.0,0.3,0.1,0.2,0.1,0.4,0.1,0.1,0.1,0.5,0.0,65535.0,0.25464255741206987,0.0,65535.0,0.1369649805447471,0.0,0.0,0.0,0.0,0.0,0.0,0.0,0.0,0.0,0.0
135062.87,1.233183076372845,0.0,30525.0,37.0,0.20219999999807373,30.5625,32.375,36.950000000000045,0.0,0.0,0.0,0.0,0.0,20.0,0.3,0.1,0.2,0.1,0.4,0.1,0.1,0.1,0.5,0.0,65535.0,0.25548180361638817,0.0,65535.0,0.13615625238422216,0.0,0.0,0.0,0.0,0.0,0.0,0.0,0.0,0.0,0.0
135122.95,1.199946675071221,0.0,30525.0,37.0,0.14129999999807055,30.5,32.375,36.79000000000002,0.0,0.0,0.0,0.0,0.0,20.0,0.3,0.1,0.2,0.1,0.4,0.1,0.1,0.1,0.5,0.0,65535.0,0.25473411154345005,0.0,65535.0,0.13714808880750745,0.0,0.0,0.0,0.0,0.0,0.0,0.0,0.0,0.0,0.0
135183.02,1.1876728902166902,0.0,30525.0,37.0,0.19839999999807717,30.5,32.3125,36.870000000000005,0.0,0.0,0.0,0.0,0.0,20.0,0.3,0.1,0.2,0.1,0.4,0.1,0.1,0.1,0.5,0.0,65535.0,0.2557869840543221,0.0,65535.0,0.1377584496833753,0.0,0.0,0.0,0.0,0.0,0.0,0.0,0.0,0.0,0.0
135243.05,1.2276088887252325,0.0,30525.0,37.0,0.17959999999806583,30.5,32.375,37.01000000000005,0.0,0.0,0.0,0.0,0.0,20.0,0.3,0.1,0.2,0.1,0.4,0.1,0.1,0.1,0.5,0.0,65535.0,0.25598535133897915,0.0,65535.0,0.13727016098268102,0.0,0.0,0.0,0.0,0.0,0.0,0.0,0.0,0.0,0.0
135303.13,1.1878094763867584,0.0,30525.0,37.0,0.18809999999806976,30.5625,32.375,37.03000000000003,0.0,0.0,0.0,0.0,0.0,20.0,0.3,0.1,0.2,0.1,0.4,0.1,0.1,0.1,0.5,0.0,65535.0,0.2577706569008926,0.0,65535.0,0.13807888914320593,0.0,0.0,0.0,0.0,0.0,0.0,0.0,0.0,0.0,0.0
135363.16,1.2083456347633894,0.0,30525.0,37.0,0.14749999999806235,30.5625,32.3125,37.01000000000005,0.0,0.0,0.0,0.0,0.0,20.0,0.3,0.1,0.2,0.1,0.4,0.1,0.1,0.1,0.5,0.0,65535.0,0.2577859159227893,0.0,65535.0,0.13701075761043718,0.0,0.0,0.0,0.0,0.0,0.0,0.0,0.0,0.0,0.0
135423.21,1.2059903249949016,0.0,30525.0,37.0,0.18609999999807242,30.5625,32.4375,36.81,0.0,0.0,0.0,0.0,0.0,20.0,0.3,0.1,0.2,0.1,0.4,0.1,0.1,0.1,0.5,0.0,65535.0,0.2557564660105287,0.0,65535.0,0.136415655756466,0.0,0.0,0.0,0.0,0.0,0.0,0.0,0.0,0.0,0.0
135483.26,1.2065443545448722,0.0,30525.0,37.0,0.13749999999806972,30.5625,32.3125,37.01000000000005,0.0,0.0,0.0,0.0,0.0,20.0,0.3,0.1,0.2,0.1,0.4,0.1,0.1,0.1,0.5,0.0,65535.0,0.2558480201419089,0.0,65535.0,0.13846036469062334,0.0,0.0,0.0,0.0,0.0,0.0,0.0,0.0,0.0,0.0
135543.33,1.1962060578768112,0.0,30525.0,37.0,0.1003999999980574,30.625,32.375,36.870000000000005,0.0,0.0,0.0,0.0,0.0,20.0,0.3,0.1,0.2,0.1,0.4,0.1,0.1,0.1,0.5,0.0,65535.0,0.2539864194705119,0.0,65535.0,0.13667505912870984,0.0,0.0,0.0,0.0,0.0,0.0,0.0,0.0,0.0,0.0
135603.41,1.2375116592756736,0.0,30525.0,37.0,0.17749999999805918,30.5625,32.375,36.79000000000002,0.0,0.0,0.0,0.0,0.0,20.0,0.3,0.1,0.2,0.1,0.4,0.1,0.1,0.1,0.5,0.0,65535.0,0.2571145189593347,0.0,65535.0,0.13682764934767683,0.0,0.0,0.0,0.0,0.0,0.0,0.0,0.0,0.0,0.0
135663.47,1.2241006334675002,0.0,30525.0,37.0,0.17049999999806809,30.6875,32.375,36.93000000000001,0.0,0.0,0.0,0.0,0.0,20.0,0.3,0.1,0.2,0.1,0.4,0.1,0.1,0.1,0.5,0.0,65535.0,0.2553139543755245,0.0,65535.0,0.13633936064698252,0.0,0.0,0.0,0.0,0.0,0.0,0.0,0.0,0.0,0.0
135723.51,1.205683496172488,0.0,30525.0,37.0,0.10749999999806512,30.625,32.375,36.85000000000002,0.0,0.0,0.0,0.0,0.0,20.0,0.3,0.1,0.2,0.1,0.4,0.1,0.1,0.1,0.5,0.0,65535.0,0.2569619287403677,0.0,65535.0,0.1369344625009537,0.0,0.0,0.0,0.0,0.0,0.0,0.0,0.0,0.0,0.0
135783.56,1.188640369156647,0.0,30525.0,37.0,0.12659999999806024,30.5625,32.375,36.81,0.0,0.0,0.0,0.0,0.0,20.0,0.3,0.1,0.2,0.1,0.4,0.1,0.1,0.1,0.5,0.0,65535.0,0.25676356145571066,0.0,65535.0,0.13678187228198674,0.0,0.0,0.0,0.0,0.0,0.0,0.0,0.0,0.0,0.0
135843.6,1.2368619436262953,0.0,30525.0,37.0,0.16929999999806572,30.625,32.375,36.870000000000005,0.0,0.0,0.0,0.0,0.0,20.0,0.3,0.1,0.2,0.1,0.4,0.1,0.1,0.1,0.5,0.0,65535.0,0.2574196993972686,0.0,65535.0,0.1369649805447471,0.0,0.0,0.0,0.0,0.0,0.0,0.0,0.0,0.0,0.0
135903.66,1.203450167701985,0.0,30525.0,37.0,0.1710999999980649,30.5625,32.4375,36.870000000000005,0.0,0.0,0.0,0.0,0.0,20.0,0.3,0.1,0.2,0.1,0.4,0.1,0.1,0.1,0.5,0.0,65535.0,0.2553444724193179,0.0,65535.0,0.13708705271992067,0.0,0.0,0.0,0.0,0.0,0.0,0.0,0.0,0.0,0.0
135963.73,1.2076546300267226,0.0,30525.0,37.0,0.12129999999806246,30.6875,32.375,36.870000000000005,0.0,0.0,0.0,0.0,0.0,20.0,0.3,0.1,0.2,0.1,0.4,0.1,0.1,0.1,0.5,0.0,65535.0,0.25865568017090107,0.0,65535.0,0.1369039444571603,0.0,0.0,0.0,0.0,0.0,0.0,0.0,0.0,0.0,0.0
136023.8,1.2411967235932637,0.0,30525.0,37.0,0.1762999999980542,30.625,32.375,36.870000000000005,0.0,0.0,0.0,0.0,0.0,20.0,0.3,0.1,0.2,0.1,0.4,0.1,0.1,0.1,0.5,0.0,65535.0,0.256244754711223,0.0,65535.0,0.13704127565423058,0.0,0.0,0.0,0.0,0.0,0.0,0.0,0.0,0.0,0.0
136083.88,1.2233903701170583,0.0,30525.0,37.0,0.20399999999805912,30.6875,32.375,36.79000000000002,0.0,0.0,0.0,0.0,0.0,20.0,0.3,0.1,0.2,0.1,0.4,0.1,0.1,0.1,0.5,0.0,65535.0,0.2573739223315785,0.0,65535.0,0.13762111848630504,0.0,0.0,0.0,0.0,0.0,0.0,0.0,0.0,0.0,0.0
136143.95,1.2256229973926163,0.0,30525.0,37.0,0.12189999999806017,30.625,32.3125,36.79000000000002,0.0,0.0,0.0,0.0,0.0,20.0,0.3,0.1,0.2,0.1,0.4,0.1,0.1,0.1,0.5,0.0,65535.0,0.25517662317845424,0.0,65535.0,0.13652246890974287,0.0,0.0,0.0,0.0,0.0,0.0,0.0,0.0,0.0,0.0
136204.03,1.2264908280581415,0.0,30525.0,37.0,0.15659999999805618,30.625,32.375,36.93000000000001,0.0,0.0,0.0,0.0,0.0,20.0,0.3,0.1,0.2,0.1,0.4,0.1,0.1,0.1,0.5,0.0,65535.0,0.2561074235141527,0.0,65535.0,0.1377889677271687,0.0,0.0,0.0,0.0,0.0,0.0,0.0,0.0,0.0,0.0
136264.1,1.2474145801077445,0.0,30525.0,37.0,0.2186999999980574,30.5625,32.375,36.89000000000004,0.0,0.0,0.0,0.0,0.0,20.0,0.3,0.1,0.2,0.1,0.4,0.1,0.1,0.1,0.5,0.0,65535.0,0.2580453192950332,0.0,65535.0,0.1363851377126726,0.0,0.0,0.0,0.0,0.0,0.0,0.0,0.0,0.0,0.0
136324.14,1.2457191067607392,0.0,30525.0,37.0,0.18429999999806024,30.5625,32.3125,37.01000000000005,0.0,0.0,0.0,0.0,0.0,20.0,0.3,0.1,0.2,0.1,0.4,0.1,0.1,0.1,0.5,0.0,65535.0,0.25676356145571066,0.0,65535.0,0.136415655756466,0.0,0.0,0.0,0.0,0.0,0.0,0.0,0.0,0.0,0.0
136384.18,1.2470152202437976,0.0,30525.0,37.0,0.12749999999805248,30.625,32.375,37.01000000000005,0.0,0.0,0.0,0.0,0.0,20.0,0.3,0.1,0.2,0.1,0.4,0.1,0.1,0.1,0.5,0.0,65535.0,0.25522240024414433,0.0,65535.0,0.1360036621652552,0.0,0.0,0.0,0.0,0.0,0.0,0.0,0.0,0.0,0.0
136444.22,1.208866836788403,0.0,30525.0,37.0,0.12599999999805128,30.5625,32.375,37.01000000000005,0.0,0.0,0.0,0.0,0.0,20.0,0.3,0.1,0.2,0.1,0.4,0.1,0.1,0.1,0.5,0.0,65535.0,0.25822842755779357,0.0,65535.0,0.1364461738002594,0.0,0.0,0.0,0.0,0.0,0.0,0.0,0.0,0.0,0.0
136504.27,1.205718542780784,0.0,30525.0,37.0,0.1574999999980519,30.5625,32.375,36.85000000000002,0.0,0.0,0.0,0.0,0.0,20.0,0.3,0.1,0.2,0.1,0.4,0.1,0.1,0.1,0.5,0.0,65535.0,0.25769436179140914,0.0,65535.0,0.1364461738002594,0.0,0.0,0.0,0.0,0.0,0.0,0.0,0.0,0.0,0.0
136564.31,1.2205978841215208,0.0,30525.0,37.0,0.11899999999804428,30.5625,32.375,36.85000000000002,0.0,0.0,0.0,0.0,0.0,20.0,0.3,0.1,0.2,0.1,0.4,0.1,0.1,0.1,0.5,0.0,65535.0,0.25954070344090946,0.0,65535.0,0.13745326924544138,0.0,0.0,0.0,0.0,0.0,0.0,0.0,0.0,0.0,0.0
136624.36,1.2620604755903546,0.0,30525.0,37.0,0.14309999999804907,30.5625,32.375,36.93000000000001,0.0,0.0,0.0,0.0,0.0,20.0,0.3,0.1,0.2,0.1,0.4,0.1,0.1,0.1,0.5,0.0,65535.0,0.2575112535286488,0.0,65535.0,0.1363851377126726,0.0,0.0,0.0,0.0,0.0,0.0,0.0,0.0,0.0,0.0
136684.4,1.2352347529795409,0.0,30525.0,37.0,0.15809999999804877,30.5625,32.375,36.93000000000001,0.0,0.0,0.0,0.0,0.0,20.0,0.3,0.1,0.2,0.1,0.4,0.1,0.1,0.1,0.5,0.0,65535.0,0.25770962081330584,0.0,65535.0,0.13701075761043718,0.0,0.0,0.0,0.0,0.0,0.0,0.0,0.0,0.0,0.0
136744.44,1.2211910824633951,0.0,30525.0,37.0,0.17019999999805366,30.5625,32.375,37.09000000000003,0.0,0.0,0.0,0.0,0.0,20.0,0.3,0.1,0.2,0.1,0.4,0.1,0.1,0.1,0.5,0.0,65535.0,0.2585946440833143,0.0,65535.0,0.13656824597543296,0.0,0.0,0.0,0.0,0.0,0.0,0.0,0.0,0.0,0.0
136804.52,1.2508537608698524,0.0,30525.0,37.0,0.1659999999980532,30.5625,32.375,36.93000000000001,0.0,0.0,0.0,0.0,0.0,20.0,0.3,0.1,0.2,0.1,0.4,0.1,0.1,0.1,0.5,0.0,65535.0,0.25868619821469446,0.0,65535.0,0.13789578088044557,0.0,0.0,0.0,0.0,0.0,0.0,0.0,0.0,0.0,0.0
136864.59,1.263260138783752,0.0,30525.0,37.0,0.16279999999804273,30.5625,32.375,36.950000000000045,0.0,0.0,0.0,0.0,0.0,20.0,0.3,0.1,0.2,0.1,0.4,0.1,0.1,0.1,0.5,0.0,65535.0,0.2570229648279545,0.0,65535.0,0.13765163653009843,0.0,0.0,0.0,0.0,0.0,0.0,0.0,0.0,0.0,0.0
136924.67,1.2400677399666993,0.0,30525.0,37.0,0.18429999999805244,30.5625,32.375,36.85000000000002,0.0,0.0,0.0,0.0,0.0,20.0,0.3,0.1,0.2,0.1,0.4,0.1,0.1,0.1,0.5,0.0,65535.0,0.25790798809796295,0.0,65535.0,0.1369954985885405,0.0,0.0,0.0,0.0,0.0,0.0,0.0,0.0,0.0,0.0
136984.73,1.2623535908375365,0.0,30525.0,37.0,0.13689999999805036,30.625,32.375,37.05000000000001,0.0,0.0,0.0,0.0,0.0,20.0,0.3,0.1,0.2,0.1,0.4,0.1,0.1,0.1,0.5,0.0,65535.0,0.2593575951781491,0.0,65535.0,0.136415655756466,0.0,0.0,0.0,0.0,0.0,0.0,0.0,0.0,0.0,0.0
137044.81,1.252030380120794,0.0,30525.0,37.0,0.08359999999803772,30.5625,32.375,37.01000000000005,0.0,0.0046,0.25,0.0,0.0,20.0,0.3,0.1,0.2,0.1,0.4,0.1,0.1,0.1,0.5,0.0,65535.0,0.25981536583505,0.0,65535.0,0.13713282978561075,0.0,0.0,0.0,0.0,0.0,0.0,0.0,0.0,0.0,0.0
137104.87,1.2393402652284558,0.0,30525.0,37.0,0.34004999999805063,30.5625,32.375,36.31,0.0,0.0,0.0,0.0,0.0,20.0,0.3,0.1,0.2,0.1,0.4,0.1,0.1,0.1,0.5,0.0,65535.0,0.25258258945601586,0.0,65535.0,0.1347829404135195,0.0,0.0,0.0,0.0,0.0,0.0,0.0,0.0,0.0,0.0
137164.92,1.2405321264836278,0.0,30525.0,37.0,0.19669999999803972,30.5,32.375,36.89000000000004,0.0,0.0,0.0,0.0,0.0,20.0,0.3,0.1,0.2,0.1,0.4,0.1,0.1,0.1,0.5,0.0,65535.0,0.25140764476997024,0.0,65535.0,0.13353170061799038,0.0,0.0,0.0,0.0,0.0,0.0,0.0,0.0,0.0,0.0
137224.98,1.2430049928702316,0.0,30525.0,37.0,0.1227999999980458,30.5625,32.375,36.89000000000004,0.0,0.0,0.0,0.0,0.0,20.0,0.3,0.1,0.2,0.1,0.4,0.1,0.1,0.1,0.5,0.0,65535.0,0.25175860227359426,0.0,65535.0,0.13156328679331655,0.0,0.0,0.0,0.0,0.0,0.0,0.0,0.0,0.0,0.0
137285.06,1.2776732622148,0.0,30525.0,37.0,0.14919999999804595,30.625,32.375,37.03000000000003,0.0,0.0,0.0,0.0,0.0,20.0,0.3,0.1,0.2,0.1,0.4,0.1,0.1,0.1,0.5,0.0,65535.0,0.25256733043411916,0.0,65535.0,0.13229571984435798,0.0,0.0,0.0,0.0,0.0,0.0,0.0,0.0,0.0,0.0
137345.11,1.2684426736755645,0.0,30525.0,37.0,0.16949999999804086,30.625,32.375,36.93000000000001,0.0,0.0,0.0,0.0,0.0,20.0,0.3,0.1,0.2,0.1,0.4,0.1,0.1,0.1,0.5,0.0,65535.0,0.2532692454413672,0.0,65535.0,0.13243305104142825,0.0,0.0,0.0,0.0,0.0,0.0,0.0,0.0,0.0,0.0
137405.18,1.2839112861432305,0.0,30525.0,37.0,0.12949999999803374,30.625,32.375,36.89000000000004,0.0,0.0,0.0,0.0,0.0,20.0,0.3,0.1,0.2,0.1,0.4,0.1,0.1,0.1,0.5,0.0,65535.0,0.2500038147554742,0.0,65535.0,0.13185320820935378,0.0,0.0,0.0,0.0,0.0,0.0,0.0,0.0,0.0,0.0
137465.26,1.2639390730001052,0.0,30525.0,37.0,0.1373999999980382,30.625,32.375,36.97000000000003,0.0,0.0,0.0,0.0,0.0,20.0,0.3,0.1,0.2,0.1,0.4,0.1,0.1,0.1,0.5,0.0,65535.0,0.2515144579232471,0.0,65535.0,0.13319600213626306,0.0,0.0,0.0,0.0,0.0,0.0,0.0,0.0,0.0,0.0
137525.33,1.272655862669123,0.0,30525.0,37.0,0.19239999999804416,30.6875,32.375,36.97000000000003,0.0,0.0,0.0,0.0,0.0,20.0,0.3,0.1,0.2,0.1,0.4,0.1,0.1,0.1,0.5,0.0,65535.0,0.25087357900358587,0.0,65535.0,0.13255512321660182,0.0,0.0,0.0,0.0,0.0,0.0,0.0,0.0,0.0,0.0
137585.38,1.2711639830374737,0.0,30525.0,37.0,0.10469999999803525,30.625,32.4375,37.09000000000003,0.0,0.0,0.0,0.0,0.0,20.0,0.3,0.1,0.2,0.1,0.4,0.1,0.1,0.1,0.5,0.0,65535.0,0.25470359349965666,0.0,65535.0,0.13154802777141986,0.0,0.0,0.0,0.0,0.0,0.0,0.0,0.0,0.0,0.0
137645.47,1.282880469559444,0.0,30525.0,37.0,0.1528999999980315,30.625,32.375,37.09000000000003,0.0,0.0,0.0,0.0,0.0,20.0,0.3,0.1,0.2,0.1,0.4,0.1,0.1,0.1,0.5,0.0,65535.0,0.251972228580148,0.0,65535.0,0.13151750972762646,0.0,0.0,0.0,0.0,0.0,0.0,0.0,0.0,0.0,0.0
137705.54,1.2675058579403025,0.0,30525.0,37.0,0.08989999999802767,30.625,32.375,36.73000000000002,0.0,0.0,0.0,0.0,0.0,20.0,0.3,0.1,0.2,0.1,0.4,0.1,0.1,0.1,0.5,0.0,65535.0,0.2544289311055161,0.0,65535.0,0.13191424429694057,0.0,0.0,0.0,0.0,0.0,0.0,0.0,0.0,0.0,0.0
137765.58,1.2778062255173488,0.0,30525.0,37.0,0.21199999999803115,30.625,32.375,36.81,0.0,0.0,0.0,0.0,0.0,20.0,0.3,0.1,0.2,0.1,0.4,0.1,0.1,0.1,0.5,0.0,65535.0,0.2519111924925612,0.0,65535.0,0.1314106965743496,0.0,0.0,0.0,0.0,0.0,0.0,0.0,0.0,0.0,0.0
137825.64,1.272757749545331,0.0,30525.0,37.0,0.1713999999980388,30.625,32.375,36.97000000000003,0.0,0.0,0.0,0.0,0.0,20.0,0.3,0.1,0.2,0.1,0.4,0.1,0.1,0.1,0.5,0.0,65535.0,0.25310139620050354,0.0,65535.0,0.13202105745021744,0.0,0.0,0.0,0.0,0.0,0.0,0.0,0.0,0.0,0.0
137885.71,1.266229520935804,0.0,30525.0,37.0,0.19319999999803403,30.625,32.375,36.97000000000003,0.0,0.0,0.0,0.0,0.0,20.0,0.3,0.1,0.2,0.1,0.4,0.1,0.1,0.1,0.5,0.0,65535.0,0.2531471732661936,0.0,65535.0,0.13205157549401084,0.0,0.0,0.0,0.0,0.0,0.0,0.0,0.0,0.0,0.0
137945.79,1.289762295663589,0.0,30525.0,37.0,0.1511999999980313,30.625,32.375,36.950000000000045,0.0,0.0,0.0,0.0,0.0,20.0,0.3,0.1,0.2,0.1,0.4,0.1,0.1,0.1,0.5,0.0,65535.0,0.25424582284275576,0.0,65535.0,0.1318074311436637,0.0,0.0,0.0,0.0,0.0,0.0,0.0,0.0,0.0,0.0
138005.86,1.3140144629979065,0.0,30525.0,37.0,0.09049999999802283,30.625,32.375,36.93000000000001,0.0,0.0,0.0,0.0,0.0,20.0,0.3,0.1,0.2,0.1,0.4,0.1,0.1,0.1,0.5,0.0,65535.0,0.2520790417334249,0.0,65535.0,0.13202105745021744,0.0,0.0,0.0,0.0,0.0,0.0,0.0,0.0,0.0,0.0
138065.93,1.2521983741001388,0.0,30525.0,37.0,0.11899999999802277,30.625,32.375,36.93000000000001,0.0,0.0,0.0,0.0,0.0,20.0,0.3,0.1,0.2,0.1,0.4,0.1,0.1,0.1,0.5,0.0,65535.0,0.25270466163118943,0.0,65535.0,0.13185320820935378,0.0,0.0,0.0,0.0,0.0,0.0,0.0,0.0,0.0,0.0
138126.01,1.2835944844740426,0.0,30525.0,37.0,0.1598999999980282,30.625,32.375,37.01000000000005,0.0,0.0,0.0,0.0,0.0,20.0,0.3,0.1,0.2,0.1,0.4,0.1,0.1,0.1,0.5,0.0,65535.0,0.25386434729533836,0.0,65535.0,0.13249408712901503,0.0,0.0,0.0,0.0,0.0,0.0,0.0,0.0,0.0,0.0
138186.05,1.266806533346467,0.0,30525.0,37.0,0.16079999999802738,30.5625,32.375,36.81,0.0,0.0,0.0,0.0,0.0,20.0,0.3,0.1,0.2,0.1,0.4,0.1,0.1,0.1,0.5,0.0,65535.0,0.25384908827344166,0.0,65535.0,0.13107499809262227,0.0,0.0,0.0,0.0,0.0,0.0,0.0,0.0,0.0,0.0
138246.09,1.3050770378787209,0.0,30525.0,37.0,0.1286999999980256,30.625,32.375,36.950000000000045,0.0,0.0,0.0,0.0,0.0,20.0,0.3,0.1,0.2,0.1,0.4,0.1,0.1,0.1,0.5,0.0,65535.0,0.2541237506675822,0.0,65535.0,0.13188372625314718,0.0,0.0,0.0,0.0,0.0,0.0,0.0,0.0,0.0,0.0
138306.17,1.308127094480734,0.0,30525.0,37.0,0.15869999999802586,30.5625,32.375,36.79000000000002,0.0,0.0,0.0,0.0,0.0,20.0,0.3,0.1,0.2,0.1,0.4,0.1,0.1,0.1,0.5,0.0,65535.0,0.25340657663843746,0.0,65535.0,0.13185320820935378,0.0,0.0,0.0,0.0,0.0,0.0,0.0,0.0,0.0,0.0
138366.24,1.2948214245191396,0.0,30525.0,37.0,0.15779999999802496,30.6875,32.375,36.950000000000045,0.0,0.0,0.0,0.0,0.0,20.0,0.3,0.1,0.2,0.1,0.4,0.1,0.1,0.1,0.5,0.0,65535.0,0.2541695277332723,0.0,65535.0,0.13148699168383307,0.0,0.0,0.0,0.0,0.0,0.0,0.0,0.0,0.0,0.0
138426.28,1.291890769358676,0.0,30525.0,37.0,0.08359999999801626,30.625,32.4375,36.870000000000005,0.0,0.0,0.0,0.0,0.0,20.0,0.3,0.1,0.2,0.1,0.4,0.1,0.1,0.1,0.5,0.0,65535.0,0.2541390096894789,0.0,65535.0,0.1321736476691844,0.0,0.0,0.0,0.0,0.0,0.0,0.0,0.0,0.0,0.0
138486.35,1.2996984377281446,0.0,30525.0,37.0,0.18689999999802434,30.625,32.375,36.77000000000004,0.0,0.0,0.0,0.0,0.0,20.0,0.3,0.1,0.2,0.1,0.4,0.1,0.1,0.1,0.5,0.0,65535.0,0.2561989776455329,0.0,65535.0,0.13153276874952316,0.0,0.0,0.0,0.0,0.0,0.0,0.0,0.0,0.0,0.0
138546.43,1.3230733232841225,0.0,30525.0,37.0,0.16369999999801785,30.625,32.375,36.950000000000045,0.0,0.0,0.0,0.0,0.0,20.0,0.3,0.1,0.2,0.1,0.4,0.1,0.1,0.1,0.5,0.0,65535.0,0.2561226825360494,0.0,65535.0,0.13322652018005646,0.0,0.0,0.0,0.0,0.0,0.0,0.0,0.0,0.0,0.0
138606.49,1.3174880396690851,0.0,30525.0,37.0,0.1677999999980266,30.625,32.375,36.79000000000002,0.0,0.0,0.0,0.0,0.0,20.0,0.3,0.1,0.2,0.1,0.4,0.1,0.1,0.1,0.5,0.0,65535.0,0.2544747081712062,0.0,65535.0,0.13121232928969254,0.0,0.0,0.0,0.0,0.0,0.0,0.0,0.0,0.0,0.0
138666.53,1.290490165431301,0.0,30525.0,37.0,0.17749999999801608,30.5625,32.3125,36.93000000000001,0.0,0.0,0.0,0.0,0.0,20.0,0.3,0.1,0.2,0.1,0.4,0.1,0.1,0.1,0.5,0.0,65535.0,0.257450217441062,0.0,65535.0,0.13147173266193637,0.0,0.0,0.0,0.0,0.0,0.0,0.0,0.0,0.0,0.0
138726.61,1.301714850820612,0.0,30525.0,37.0,0.14839999999801412,30.5625,32.375,36.93000000000001,0.0,0.0,0.0,0.0,0.0,20.0,0.3,0.1,0.2,0.1,0.4,0.1,0.1,0.1,0.5,0.0,65535.0,0.2566414892805371,0.0,65535.0,0.13200579842832075,0.0,0.0,0.0,0.0,0.0,0.0,0.0,0.0,0.0,0.0
138786.68,1.3116978076012553,0.0,30525.0,37.0,0.17929999999801444,30.5625,32.4375,36.93000000000001,0.0,0.0,0.0,0.0,0.0,20.0,0.3,0.1,0.2,0.1,0.4,0.1,0.1,0.1,0.5,0.0,65535.0,0.25513084611276415,0.0,65535.0,0.13171587701228352,0.0,0.0,0.0,0.0,0.0,0.0,0.0,0.0,0.0,0.0
138846.72,1.3239626742487793,0.0,30525.0,37.0,0.12959999999801614,30.5625,32.375,36.950000000000045,0.0,0.0,0.0,0.0,0.0,20.0,0.3,0.1,0.2,0.1,0.4,0.1,0.1,0.1,0.5,0.0,65535.0,0.25770962081330584,0.0,65535.0,0.13243305104142825,0.0,0.0,0.0,0.0,0.0,0.0,0.0,0.0,0.0,0.0
138906.8,1.3521408939952955,0.0,30525.0,37.0,0.148999999998011,30.625,32.375,37.110000000000014,0.0,0.0,0.0,0.0,0.0,20.0,0.3,0.1,0.2,0.1,0.4,0.1,0.1,0.1,0.5,0.0,65535.0,0.2558785381857023,0.0,65535.0,0.13194476234073396,0.0,0.0,0.0,0.0,0.0,0.0,0.0,0.0,0.0,0.0
138966.85,1.307244689229088,0.0,30525.0,37.0,0.11809999999800896,30.625,32.375,36.950000000000045,0.0,0.0,0.0,0.0,0.0,20.0,0.3,0.1,0.2,0.1,0.4,0.1,0.1,0.1,0.5,0.0,65535.0,0.25760280766002897,0.0,65535.0,0.13197528038452735,0.0,0.0,0.0,0.0,0.0,0.0,0.0,0.0,0.0,0.0
139026.91,1.3396650651919257,0.0,30525.0,37.0,0.14369999999801408,30.625,32.3125,37.05000000000001,0.0,0.0,0.0,0.0,0.0,20.0,0.3,0.1,0.2,0.1,0.4,0.1,0.1,0.1,0.5,0.0,65535.0,0.25687037460898754,0.0,65535.0,0.13246356908522164,0.0,0.0,0.0,0.0,0.0,0.0,0.0,0.0,0.0,0.0
139086.95,1.323329334322277,0.0,30525.0,37.0,0.13779999999801776,30.5625,32.375,36.79000000000002,0.0,0.0,0.0,0.0,0.0,20.0,0.3,0.1,0.2,0.1,0.4,0.1,0.1,0.1,0.5,0.0,65535.0,0.2567025253681239,0.0,65535.0,0.13168535896849012,0.0,0.0,0.0,0.0,0.0,0.0,0.0,0.0,0.0,0.0
139147.02,1.3359413906482445,0.0,30525.0,37.0,0.22259999999801508,30.5625,32.375,36.870000000000005,0.0,0.0,0.0,0.0,0.0,20.0,0.3,0.1,0.2,0.1,0.4,0.1,0.1,0.1,0.5,0.0,65535.0,0.2561684596017395,0.0,65535.0,0.130937666895552,0.0,0.0,0.0,0.0,0.0,0.0,0.0,0.0,0.0,0.0
139207.06,1.3055883890673128,0.0,30525.0,37.0,0.1198999999980056,30.6875,32.375,37.09000000000003,0.0,0.0,0.0,0.0,0.0,20.0,0.3,0.1,0.2,0.1,0.4,0.1,0.1,0.1,0.5,0.0,65535.0,0.2584725719081407,0.0,65535.0,0.13150225070572977,0.0,0.0,0.0,0.0,0.0,0.0,0.0,0.0,0.0,0.0
139267.1,1.3339132912916165,0.0,30525.0,37.0,0.1725999999980162,30.625,32.375,36.97000000000003,0.0,0.0,0.0,0.0,0.0,20.0,0.3,0.1,0.2,0.1,0.4,0.1,0.1,0.1,0.5,0.0,65535.0,0.2589913786526284,0.0,65535.0,0.131792172121767,0.0,0.0,0.0,0.0,0.0,0.0,0.0,0.0,0.0,0.0
139327.18,1.3315445681198772,0.0,30525.0,37.0,0.08839999999800238,30.5625,32.375,37.110000000000014,0.0,0.0,0.0,0.0,0.0,20.0,0.3,0.1,0.2,0.1,0.4,0.1,0.1,0.1,0.5,0.0,65535.0,0.25761806668192566,0.0,65535.0,0.13157854581521325,0.0,0.0,0.0,0.0,0.0,0.0,0.0,0.0,0.0,0.0
139387.22,1.32362899504471,0.0,30525.0,37.0,0.14869999999800354,30.6875,32.375,36.97000000000003,0.0,0.0,0.0,0.0,0.0,20.0,0.3,0.1,0.2,0.1,0.4,0.1,0.1,0.1,0.5,0.0,65535.0,0.2571145189593347,0.0,65535.0,0.13159380483710995,0.0,0.0,0.0,0.0,0.0,0.0,0.0,0.0,0.0,0.0
139447.26,1.3323694180699692,0.0,30525.0,37.0,0.12719999999800632,30.625,32.375,37.13000000000005,0.0,0.0,0.0,0.0,0.0,20.0,0.3,0.1,0.2,0.1,0.4,0.1,0.1,0.1,0.5,0.0,65535.0,0.25673304341191727,0.0,65535.0,0.13203631647211414,0.0,0.0,0.0,0.0,0.0,0.0,0.0,0.0,0.0,0.0
139507.3,1.345669907993585,0.0,30525.0,37.0,0.14569999999800115,30.5625,32.375,36.93000000000001,0.0,0.0,0.0,0.0,0.0,20.0,0.3,0.1,0.2,0.1,0.4,0.1,0.1,0.1,0.5,0.0,65535.0,0.26218051422903793,0.0,65535.0,0.13275349050125887,0.0,0.0,0.0,0.0,0.0,0.0,0.0,0.0,0.0,0.0
139567.38,1.318646778986591,0.0,30525.0,37.0,0.14359999999799966,30.625,32.4375,36.93000000000001,0.0,0.0,0.0,0.0,0.0,20.0,0.3,0.1,0.2,0.1,0.4,0.1,0.1,0.1,0.5,0.0,65535.0,0.25952544441901276,0.0,65535.0,0.13241779201953155,0.0,0.0,0.0,0.0,0.0,0.0,0.0,0.0,0.0,0.0
139627.45,1.3299421536724951,0.0,30525.0,37.0,0.16249999999799922,30.625,32.375,36.870000000000005,0.0,0.0,0.0,0.0,0.0,20.0,0.3,0.1,0.2,0.1,0.4,0.1,0.1,0.1,0.5,0.0,65535.0,0.26089875638971544,0.0,65535.0,0.13191424429694057,0.0,0.0,0.0,0.0,0.0,0.0,0.0,0.0,0.0,0.0
139687.53,1.3289915359851205,0.0,30525.0,37.0,0.12599999999800143,30.625,32.375,36.97000000000003,0.0,0.0,0.0,0.0,0.0,20.0,0.3,0.1,0.2,0.1,0.4,0.1,0.1,0.1,0.5,0.0,65535.0,0.25798428320744643,0.0,65535.0,0.1326161593041886,0.0,0.0,0.0,0.0,0.0,0.0,0.0,0.0,0.0,0.0
139747.6,1.3259212802411477,0.0,30525.0,37.0,0.16219999999799692,30.625,32.375,37.01000000000005,0.0,0.0,0.0,0.0,0.0,20.0,0.3,0.1,0.2,0.1,0.4,0.1,0.1,0.1,0.5,0.0,65535.0,0.26077668421454187,0.0,65535.0,0.1325856412603952,0.0,0.0,0.0,0.0,0.0,0.0,0.0,0.0,0.0,0.0
139807.67,1.3357477712863164,0.0,30525.0,37.0,0.15959999999800098,30.625,32.375,36.870000000000005,0.0,0.0,0.0,0.0,0.0,20.0,0.3,0.1,0.2,0.1,0.4,0.1,0.1,0.1,0.5,0.0,65535.0,0.25796902418554973,0.0,65535.0,0.13244831006332494,0.0,0.0,0.0,0.0,0.0,0.0,0.0,0.0,0.0,0.0
139867.74,1.3284470463810738,0.0,30525.0,37.0,0.15019999999799447,30.5625,32.4375,36.89000000000004,0.0,0.0,0.0,0.0,0.0,20.0,0.3,0.1,0.2,0.1,0.4,0.1,0.1,0.1,0.5,0.0,65535.0,0.2580910963607233,0.0,65535.0,0.1309224078736553,0.0,0.0,0.0,0.0,0.0,0.0,0.0,0.0,0.0,0.0
139927.79,1.354000274249209,0.0,30525.0,37.0,0.08389999999799108,30.5625,32.375,36.81,0.0,0.0,0.0,0.0,0.0,20.0,0.3,0.1,0.2,0.1,0.4,0.1,0.1,0.1,0.5,0.0,65535.0,0.259311818112459,0.0,65535.0,0.1317616540779736,0.0,0.0,0.0,0.0,0.0,0.0,0.0,0.0,0.0,0.0
139987.84,1.36259395764819,0.0,30525.0,37.0,0.14299999999799248,30.625,32.375,36.89000000000004,0.0,0.0,0.0,0.0,0.0,20.0,0.3,0.1,0.2,0.1,0.4,0.1,0.1,0.1,0.5,0.0,65535.0,0.2593881132219425,0.0,65535.0,0.13203631647211414,0.0,0.0,0.0,0.0,0.0,0.0,0.0,0.0,0.0,0.0
140047.88,1.3394979828725875,0.0,30525.0,37.0,0.22159999999799462,30.5625,32.375,36.950000000000045,0.0,0.0,0.0,0.0,0.0,20.0,0.3,0.1,0.2,0.1,0.4,0.1,0.1,0.1,0.5,0.0,65535.0,0.2610055695429923,0.0,65535.0,0.1326314183260853,0.0,0.0,0.0,0.0,0.0,0.0,0.0,0.0,0.0,0.0
140107.92,1.3474371003372778,0.0,30525.0,37.0,0.14869999999799074,30.5,32.375,36.85000000000002,0.0,0.0,0.0,0.0,0.0,20.0,0.3,0.1,0.2,0.1,0.4,0.1,0.1,0.1,0.5,0.0,65535.0,0.26002899214160374,0.0,65535.0,0.13162432288090334,0.0,0.0,0.0,0.0,0.0,0.0,0.0,0.0,0.0,0.0
140167.97,1.3582181927451598,0.0,30525.0,37.0,0.1813999999979911,30.625,32.375,37.03000000000003,0.0,0.0,0.0,0.0,0.0,20.0,0.3,0.1,0.2,0.1,0.4,0.1,0.1,0.1,0.5,0.0,65535.0,0.259464408331426,0.0,65535.0,0.1318074311436637,0.0,0.0,0.0,0.0,0.0,0.0,0.0,0.0,0.0,0.0
140228.02,1.3357741071251967,0.0,30525.0,37.0,0.14309999999799325,30.5625,32.375,36.97000000000003,0.0,0.0,0.0,0.0,0.0,20.0,0.3,0.1,0.2,0.1,0.4,0.1,0.1,0.1,0.5,0.0,65535.0,0.2614785992217899,0.0,65535.0,0.13188372625314718,0.0,0.0,0.0,0.0,0.0,0.0,0.0,0.0,0.0,0.0
140288.1,1.3459851038033126,0.0,30525.0,37.0,0.1409999999979926,30.5,32.375,37.01000000000005,0.0,0.0,0.0,0.0,0.0,20.0,0.3,0.1,0.2,0.1,0.4,0.1,0.1,0.1,0.5,0.0,65535.0,0.26204318303196766,0.0,65535.0,0.13208209353780423,0.0,0.0,0.0,0.0,0.0,0.0,0.0,0.0,0.0,0.0
140348.17,1.3508556165500636,0.0,30525.0,37.0,0.16899999999799808,30.5625,32.375,36.870000000000005,0.0,0.0,0.0,0.0,0.0,20.0,0.3,0.1,0.2,0.1,0.4,0.1,0.1,0.1,0.5,0.0,65535.0,0.25882352941176473,0.0,65535.0,0.13130388342107271,0.0,0.0,0.0,0.0,0.0,0.0,0.0,0.0,0.0,0.0
140408.25,1.341786280032156,0.0,30525.0,37.0,0.09509999999798999,30.625,32.375,36.93000000000001,0.0,0.0,0.0,0.0,0.0,20.0,0.3,0.1,0.2,0.1,0.4,0.1,0.1,0.1,0.5,0.0,65535.0,0.25790798809796295,0.0,65535.0,0.13145647364003968,0.0,0.0,0.0,0.0,0.0,0.0,0.0,0.0,0.0,0.0
140468.32,1.3345055525177099,0.0,30525.0,37.0,0.19839999999799807,30.625,32.375,36.93000000000001,0.0,0.0,0.0,0.0,0.0,20.0,0.3,0.1,0.2,0.1,0.4,0.1,0.1,0.1,0.5,0.0,65535.0,0.2602426184481575,0.0,65535.0,0.13246356908522164,0.0,0.0,0.0,0.0,0.0,0.0,0.0,0.0,0.0,0.0
140528.4,1.3603264311119923,0.0,30525.0,37.0,0.1436999999979901,30.625,32.4375,36.870000000000005,0.0,0.0,0.0,0.0,0.0,20.0,0.3,0.1,0.2,0.1,0.4,0.1,0.1,0.1,0.5,0.0,65535.0,0.26092927443350883,0.0,65535.0,0.13287556267643244,0.0,0.0,0.0,0.0,0.0,0.0,0.0,0.0,0.0,0.0
140588.47,1.3618544894596862,0.0,30525.0,37.0,0.1777999999979858,30.625,32.375,36.93000000000001,0.0,0.0,0.0,0.0,0.0,20.0,0.3,0.1,0.2,0.1,0.4,0.1,0.1,0.1,0.5,0.0,65535.0,0.26004425116350044,0.0,65535.0,0.1322041657129778,0.0,0.0,0.0,0.0,0.0,0.0,0.0,0.0,0.0,0.0
140648.55,1.3662532966034957,0.0,30525.0,37.0,0.15869999999798895,30.6875,32.4375,36.870000000000005,0.0,0.0,0.0,0.0,0.0,20.0,0.3,0.1,0.2,0.1,0.4,0.1,0.1,0.1,0.5,0.0,65535.0,0.26037994964522776,0.0,65535.0,0.13192950331883727,0.0,0.0,0.0,0.0,0.0,0.0,0.0,0.0,0.0,0.0
140708.62,1.341759289604544,0.0,30525.0,37.0,0.16519999999798302,30.5625,32.4375,36.97000000000003,0.0,0.0,0.0,0.0,0.0,20.0,0.3,0.1,0.2,0.1,0.4,0.1,0.1,0.1,0.5,0.0,65535.0,0.26080720225833526,0.0,65535.0,0.13109025711451897,0.0,0.0,0.0,0.0,0.0,0.0,0.0,0.0,0.0,0.0
140768.65,1.3334360321529943,0.0,30525.0,37.0,0.12639999999799073,30.625,32.375,36.89000000000004,0.0,0.0,0.0,0.0,0.0,20.0,0.3,0.1,0.2,0.1,0.4,0.1,0.1,0.1,0.5,0.0,65535.0,0.2626382848859388,0.0,65535.0,0.1309834439612421,0.0,0.0,0.0,0.0,0.0,0.0,0.0,0.0,0.0,0.0
140828.7,1.3439421835329117,0.0,30525.0,37.0,0.12399999999799036,30.5625,32.375,36.73000000000002,0.0,0.0,0.0,0.0,0.0,20.0,0.3,0.1,0.2,0.1,0.4,0.1,0.1,0.1,0.5,0.0,65535.0,0.25923552300297553,0.0,65535.0,0.13026626993209736,0.0,0.0,0.0,0.0,0.0,0.0,0.0,0.0,0.0,0.0
140888.74,1.3692258032528002,0.0,30525.0,37.0,0.14339999999798522,30.625,32.4375,37.03000000000003,0.0,0.0,0.0,0.0,0.0,20.0,0.3,0.1,0.2,0.1,0.4,0.1,0.1,0.1,0.5,0.0,65535.0,0.2614328221560998,0.0,65535.0,0.13076981765468834,0.0,0.0,0.0,0.0,0.0,0.0,0.0,0.0,0.0,0.0
140948.78,1.3867559763017367,0.0,30525.0,37.0,0.1203999999979885,30.625,32.4375,36.97000000000003,0.0,0.0,0.0,0.0,0.0,20.0,0.3,0.1,0.2,0.1,0.4,0.1,0.1,0.1,0.5,0.0,65535.0,0.2631113145647364,0.0,65535.0,0.13188372625314718,0.0,0.0,0.0,0.0,0.0,0.0,0.0,0.0,0.0,0.0
141008.83,1.342303742427901,0.0,30525.0,37.0,0.11299999999797761,30.625,32.375,36.93000000000001,0.0,0.0,0.0,0.0,0.0,20.0,0.3,0.1,0.2,0.1,0.4,0.1,0.1,0.1,0.5,0.0,65535.0,0.2628366521705959,0.0,65535.0,0.13118181124589914,0.0,0.0,0.0,0.0,0.0,0.0,0.0,0.0,0.0,0.0
141068.87,1.3621729332202206,0.0,30525.0,37.0,0.17299999999797902,30.5625,32.375,36.73000000000002,0.0,0.0,0.0,0.0,0.0,20.0,0.3,0.1,0.2,0.1,0.4,0.1,0.1,0.1,0.5,0.0,65535.0,0.262378881513695,0.0,65535.0,0.13145647364003968,0.0,0.0,0.0,0.0,0.0,0.0,0.0,0.0,0.0,0.0
141128.92,1.3826677364385327,0.0,30525.0,37.0,0.1762999999979777,30.625,32.375,36.89000000000004,0.0,0.0,0.0,0.0,0.0,20.0,0.3,0.1,0.2,0.1,0.4,0.1,0.1,0.1,0.5,0.0,65535.0,0.25958648050659955,0.0,65535.0,0.13076981765468834,0.0,0.0,0.0,0.0,0.0,0.0,0.0,0.0,0.0,0.0
141189.0,1.3604530280751086,0.0,30525.0,37.0,0.14659999999797546,30.5625,32.375,36.93000000000001,0.0,0.0,0.0,0.0,0.0,20.0,0.3,0.1,0.2,0.1,0.4,0.1,0.1,0.1,0.5,0.0,65535.0,0.2611581597619593,0.0,65535.0,0.13168535896849012,0.0,0.0,0.0,0.0,0.0,0.0,0.0,0.0,0.0,0.0
141249.05,1.3401720304518343,0.0,30525.0,37.0,0.17899999999797525,30.625,32.375,37.13000000000005,0.0,0.0,0.0,0.0,0.0,20.0,0.3,0.1,0.2,0.1,0.4,0.1,0.1,0.1,0.5,0.0,65535.0,0.26245517662317847,0.0,65535.0,0.1322041657129778,0.0,0.0,0.0,0.0,0.0,0.0,0.0,0.0,0.0,0.0
141309.09,1.3852388704659884,0.0,30525.0,37.0,0.17049999999798382,30.5625,32.375,36.85000000000002,0.0,0.0,0.0,0.0,0.0,20.0,0.3,0.1,0.2,0.1,0.4,0.1,0.1,0.1,0.5,0.0,65535.0,0.2632181277180133,0.0,65535.0,0.13105973907072557,0.0,0.0,0.0,0.0,0.0,0.0,0.0,0.0,0.0,0.0
141369.16,1.370397392301624,0.0,30525.0,37.0,0.12309999999798174,30.625,32.375,37.01000000000005,0.0,0.0,0.0,0.0,0.0,20.0,0.3,0.1,0.2,0.1,0.4,0.1,0.1,0.1,0.5,0.0,65535.0,0.2627756160830091,0.0,65535.0,0.13153276874952316,0.0,0.0,0.0,0.0,0.0,0.0,0.0,0.0,0.0,0.0
141429.22,1.3584747058763713,0.0,30525.0,37.0,0.18609999999798382,30.5625,32.375,36.79000000000002,0.0,0.0,0.0,0.0,0.0,20.0,0.3,0.1,0.2,0.1,0.4,0.1,0.1,0.1,0.5,0.0,65535.0,0.2631723506523232,0.0,65535.0,0.1309987029831388,0.0,0.0,0.0,0.0,0.0,0.0,0.0,0.0,0.0,0.0
141489.25,1.3687797913535038,0.0,30525.0,37.0,0.10809999999798028,30.5625,32.375,36.870000000000005,0.0,0.0,0.0,0.0,0.0,20.0,0.3,0.1,0.2,0.1,0.4,0.1,0.1,0.1,0.5,0.0,65535.0,0.2644541084916457,0.0,65535.0,0.1322194247348745,0.0,0.0,0.0,0.0,0.0,0.0,0.0,0.0,0.0,0.0
141549.29,1.381311691208691,0.0,30525.0,37.0,0.14959999999797097,30.625,32.375,37.09000000000003,0.0,0.0,0.0,0.0,0.0,20.0,0.3,0.1,0.2,0.1,0.4,0.1,0.1,0.1,0.5,0.0,65535.0,0.26092927443350883,0.0,65535.0,0.1313344014648661,0.0,0.0,0.0,0.0,0.0,0.0,0.0,0.0,0.0,0.0
141609.35,1.359330657344302,0.0,30525.0,37.0,0.1368999999979791,30.625,32.375,36.97000000000003,0.0,0.0,0.0,0.0,0.0,20.0,0.3,0.1,0.2,0.1,0.4,0.1,0.1,0.1,0.5,0.0,65535.0,0.26416418707560846,0.0,65535.0,0.13163958190280003,0.0,0.0,0.0,0.0,0.0,0.0,0.0,0.0,0.0,0.0
141669.42,1.3510479060995442,0.0,30525.0,37.0,0.15689999999797427,30.5,32.4375,36.93000000000001,0.0,0.0,0.0,0.0,0.0,20.0,0.3,0.1,0.2,0.1,0.4,0.1,0.1,0.1,0.5,0.0,65535.0,0.2626840619516289,0.0,65535.0,0.1313954375524529,0.0,0.0,0.0,0.0,0.0,0.0,0.0,0.0,0.0,0.0
141729.46,1.3831553441085287,0.0,30525.0,37.0,0.16659999999797878,30.5625,32.375,36.81,0.0,0.0,0.0,0.0,0.0,20.0,0.3,0.1,0.2,0.1,0.4,0.1,0.1,0.1,0.5,0.0,65535.0,0.2628061341268025,0.0,65535.0,0.1313191424429694,0.0,0.0,0.0,0.0,0.0,0.0,0.0,0.0,0.0,0.0
141789.5,1.3804275619564574,0.0,30525.0,37.0,0.2013999999979798,30.625,32.375,36.690000000000055,0.0,0.0,0.0,0.0,0.0,20.0,0.3,0.1,0.2,0.1,0.4,0.1,0.1,0.1,0.5,0.0,65535.0,0.2631113145647364,0.0,65535.0,0.1313801785305562,0.0,0.0,0.0,0.0,0.0,0.0,0.0,0.0,0.0,0.0
141849.55,1.3792967638505478,0.0,30525.0,37.0,0.12159999999797622,30.625,32.375,36.79000000000002,0.0,0.0,0.0,0.0,0.0,20.0,0.3,0.1,0.2,0.1,0.4,0.1,0.1,0.1,0.5,0.0,65535.0,0.265644312199588,0.0,65535.0,0.1318074311436637,0.0,0.0,0.0,0.0,0.0,0.0,0.0,0.0,0.0,0.0
141909.61,1.348511522786292,0.0,30525.0,37.0,0.177499999997968,30.5625,32.375,36.93000000000001,0.0,0.0,0.0,0.0,0.0,20.0,0.3,0.1,0.2,0.1,0.4,0.1,0.1,0.1,0.5,0.0,65535.0,0.2626382848859388,0.0,65535.0,0.1300984206912337,0.0,0.0,0.0,0.0,0.0,0.0,0.0,0.0,0.0,0.0
141969.66,1.4050972227029594,0.0,30525.0,37.0,0.13779999999797568,30.5625,32.375,36.85000000000002,0.0,0.0,0.0,0.0,0.0,20.0,0.3,0.1,0.2,0.1,0.4,0.1,0.1,0.1,0.5,0.0,65535.0,0.26341649500267034,0.0,65535.0,0.13101396200503548,0.0,0.0,0.0,0.0,0.0,0.0,0.0,0.0,0.0,0.0
142029.73,1.3749553140964057,0.0,30525.0,37.0,0.13659999999797506,30.5625,32.375,36.93000000000001,0.0,0.0,0.0,0.0,0.0,20.0,0.3,0.1,0.2,0.1,0.4,0.1,0.1,0.1,0.5,0.0,65535.0,0.2657053482871748,0.0,65535.0,0.13118181124589914,0.0,0.0,0.0,0.0,0.0,0.0,0.0,0.0,0.0,0.0
142089.77,1.3804223852522768,0.0,30525.0,37.0,0.15659999999797022,30.5625,32.3125,36.77000000000004,0.0,0.0,0.0,0.0,0.0,20.0,0.3,0.1,0.2,0.1,0.4,0.1,0.1,0.1,0.5,0.0,65535.0,0.2697795071335927,0.0,65535.0,0.13208209353780423,0.0,0.0,0.0,0.0,0.0,0.0,0.0,0.0,0.0,0.0
142149.84,1.3594977539821267,0.0,30525.0,37.0,0.16159999999796482,30.5625,32.3125,36.690000000000055,0.0,0.0,0.0,0.0,0.0,20.0,0.3,0.1,0.2,0.1,0.4,0.1,0.1,0.1,0.5,0.0,65535.0,0.2643778133821622,0.0,65535.0,0.1322499427786679,0.0,0.0,0.0,0.0,0.0,0.0,0.0,0.0,0.0,0.0
142209.92,1.3459875815823206,0.0,30525.0,37.0,0.14719999999796285,30.5625,32.3125,36.93000000000001,0.0,0.0,0.0,0.0,0.0,20.0,0.3,0.1,0.2,0.1,0.4,0.1,0.1,0.1,0.5,0.0,65535.0,0.26463721675440605,0.0,65535.0,0.1309071488517586,0.0,0.0,0.0,0.0,0.0,0.0,0.0,0.0,0.0,0.0
142269.97,1.3695797283398545,0.0,30525.0,37.0,0.20689999999796369,30.5625,32.375,36.870000000000005,0.0,0.0,0.0,0.0,0.0,20.0,0.3,0.1,0.2,0.1,0.4,0.1,0.1,0.1,0.5,0.0,65535.0,0.26756694895857175,0.0,65535.0,0.13151750972762646,0.0,0.0,0.0,0.0,0.0,0.0,0.0,0.0,0.0,0.0
142330.04,1.3837866900326616,0.0,30525.0,37.0,0.10599999999796847,30.625,32.375,36.89000000000004,0.0,0.0,0.0,0.0,0.0,20.0,0.3,0.1,0.2,0.1,0.4,0.1,0.1,0.1,0.5,0.0,65535.0,0.26498817425803006,0.0,65535.0,0.1325703822384985,0.0,0.0,0.0,0.0,0.0,0.0,0.0,0.0,0.0,0.0
142390.1,1.381450389939804,0.0,30525.0,37.0,0.20609999999796694,30.5625,32.375,37.01000000000005,0.0,0.0,0.0,0.0,0.0,20.0,0.3,0.1,0.2,0.1,0.4,0.1,0.1,0.1,0.5,0.0,65535.0,0.2648508430609598,0.0,65535.0,0.1309987029831388,0.0,0.0,0.0,0.0,0.0,0.0,0.0,0.0,0.0,0.0
142450.17,1.3640985580694485,0.0,30525.0,37.0,0.17289999999796954,30.5625,32.375,37.03000000000003,0.0,0.0,0.0,0.0,0.0,20.0,0.3,0.1,0.2,0.1,0.4,0.1,0.1,0.1,0.5,0.0,65535.0,0.2636606393530175,0.0,65535.0,0.13147173266193637,0.0,0.0,0.0,0.0,0.0,0.0,0.0,0.0,0.0,0.0
142510.22,1.3810771249456677,0.0,30525.0,37.0,0.16259999999796385,30.5625,32.375,37.110000000000014,0.0,0.0,0.0,0.0,0.0,20.0,0.3,0.1,0.2,0.1,0.4,0.1,0.1,0.1,0.5,0.0,65535.0,0.2652170595864805,0.0,65535.0,0.1314106965743496,0.0,0.0,0.0,0.0,0.0,0.0,0.0,0.0,0.0,0.0
142570.26,1.3890092918062007,0.0,30525.0,37.0,0.10839999999796623,30.5625,32.375,36.870000000000005,0.0,0.0,0.0,0.0,0.0,20.0,0.3,0.1,0.2,0.1,0.4,0.1,0.1,0.1,0.5,0.0,65535.0,0.26553749904631113,0.0,65535.0,0.1313344014648661,0.0,0.0,0.0,0.0,0.0,0.0,0.0,0.0,0.0,0.0
142630.3,1.380672335019192,0.0,30525.0,37.0,0.1860999999979683,30.625,32.375,36.950000000000045,0.0,0.0,0.0,0.0,0.0,20.0,0.3,0.1,0.2,0.1,0.4,0.1,0.1,0.1,0.5,0.0,65535.0,0.26378271152819105,0.0,65535.0,0.13037308308537424,0.0,0.0,0.0,0.0,0.0,0.0,0.0,0.0,0.0,0.0
142690.35,1.4036758318402804,0.0,30525.0,37.0,0.1254999999979657,30.5625,32.375,36.81,0.0,0.0,0.0,0.0,0.0,20.0,0.3,0.1,0.2,0.1,0.4,0.1,0.1,0.1,0.5,0.0,65535.0,0.26497291523613337,0.0,65535.0,0.13081559472037843,0.0,0.0,0.0,0.0,0.0,0.0,0.0,0.0,0.0,0.0
142750.39,1.3759232635096694,0.0,30525.0,37.0,0.15199999999795583,30.6875,32.375,36.93000000000001,0.0,0.0,0.0,0.0,0.0,20.0,0.3,0.1,0.2,0.1,0.4,0.1,0.1,0.1,0.5,0.0,65535.0,0.2656900892652781,0.0,65535.0,0.1304798962386511,0.0,0.0,0.0,0.0,0.0,0.0,0.0,0.0,0.0,0.0
142810.44,1.3914397279704298,0.0,30525.0,37.0,0.16489999999795488,30.5625,32.375,36.89000000000004,0.0,0.0,0.0,0.0,0.0,20.0,0.3,0.1,0.2,0.1,0.4,0.1,0.1,0.1,0.5,0.0,65535.0,0.26628519111924925,0.0,65535.0,0.1317311360341802,0.0,0.0,0.0,0.0,0.0,0.0,0.0,0.0,0.0,0.0
142870.48,1.405388103447757,0.0,30525.0,37.0,0.14659999999795306,30.5625,32.375,36.870000000000005,0.0,0.0,0.0,0.0,0.0,20.0,0.3,0.1,0.2,0.1,0.4,0.1,0.1,0.1,0.5,0.0,65535.0,0.26587319752803845,0.0,65535.0,0.13076981765468834,0.0,0.0,0.0,0.0,0.0,0.0,0.0,0.0,0.0,0.0
142930.56,1.3809709438398976,0.0,30525.0,37.0,0.1239999999979611,30.5,32.375,36.89000000000004,0.0,0.0,0.0,0.0,0.0,20.0,0.3,0.1,0.2,0.1,0.4,0.1,0.1,0.1,0.5,0.0,65535.0,0.26756694895857175,0.0,65535.0,0.1317463950560769,0.0,0.0,0.0,0.0,0.0,0.0,0.0,0.0,0.0,0.0
142990.61,1.376070206896785,0.0,30525.0,37.0,0.1389999999979608,30.625,32.375,36.93000000000001,0.0,0.0,0.0,0.0,0.0,20.0,0.3,0.1,0.2,0.1,0.4,0.1,0.1,0.1,0.5,0.0,65535.0,0.26758220798046845,0.0,65535.0,0.13087663080796522,0.0,0.0,0.0,0.0,0.0,0.0,0.0,0.0,0.0,0.0
143050.65,1.3917120621777406,0.0,30525.0,37.0,0.1433999999979551,30.5,32.375,37.01000000000005,0.0,0.0,0.0,0.0,0.0,20.0,0.3,0.1,0.2,0.1,0.4,0.1,0.1,0.1,0.5,0.0,65535.0,0.26848249027237353,0.0,65535.0,0.1300984206912337,0.0,0.0,0.0,0.0,0.0,0.0,0.0,0.0,0.0,0.0
143110.73,1.364476575312753,0.0,30525.0,37.0,0.14809999999794915,30.5625,32.375,37.01000000000005,0.0,0.0,0.0,0.0,0.0,20.0,0.3,0.1,0.2,0.1,0.4,0.1,0.1,0.1,0.5,0.0,65535.0,0.26471351186388953,0.0,65535.0,0.13072404058899825,0.0,0.0,0.0,0.0,0.0,0.0,0.0,0.0,0.0,0.0
143170.8,1.3791460449995316,0.0,30525.0,37.0,0.1883999999979543,30.5625,32.4375,36.81,0.0,0.0,0.0,0.0,0.0,20.0,0.3,0.1,0.2,0.1,0.4,0.1,0.1,0.1,0.5,0.0,65535.0,0.2681162737468528,0.0,65535.0,0.1317616540779736,0.0,0.0,0.0,0.0,0.0,0.0,0.0,0.0,0.0,0.0
143230.83,1.4300339128209065,0.0,30525.0,37.0,0.1845999999979586,30.6875,32.375,36.950000000000045,0.0,0.0,0.0,0.0,0.0,20.0,0.3,0.1,0.2,0.1,0.4,0.1,0.1,0.1,0.5,0.0,65535.0,0.2672922865644312,0.0,65535.0,0.13102922102693218,0.0,0.0,0.0,0.0,0.0,0.0,0.0,0.0,0.0,0.0
143290.89,1.3674075207108936,0.0,30525.0,37.0,0.20229999999795842,30.5625,32.375,36.89000000000004,0.0,0.0,0.0,0.0,0.0,20.0,0.3,0.1,0.2,0.1,0.4,0.1,0.1,0.1,0.5,0.0,65535.0,0.2680857557030594,0.0,65535.0,0.13118181124589914,0.0,0.0,0.0,0.0,0.0,0.0,0.0,0.0,0.0,0.0
143350.95,1.4057981272993803,0.0,30525.0,37.0,0.14729999999795074,30.5625,32.375,37.09000000000003,0.0,0.0,0.0,0.0,0.0,20.0,0.3,0.1,0.2,0.1,0.4,0.1,0.1,0.1,0.5,0.0,65535.0,0.26552224002441444,0.0,65535.0,0.13080033569848173,0.0,0.0,0.0,0.0,0.0,0.0,0.0,0.0,0.0,0.0
143411.0,1.4003722345644196,0.0,30525.0,37.0,0.10839999999795341,30.625,32.375,37.03000000000003,0.0,0.0,0.0,0.0,0.0,20.0,0.3,0.1,0.2,0.1,0.4,0.1,0.1,0.1,0.5,0.0,65535.0,0.2690775921263447,0.0,65535.0,0.13244831006332494,0.0,0.0,0.0,0.0,0.0,0.0,0.0,0.0,0.0,0.0
143471.04,1.387662810675057,0.0,30525.0,37.0,0.2057999999979518,30.5625,32.4375,36.89000000000004,0.0,0.0,0.0,0.0,0.0,20.0,0.3,0.1,0.2,0.1,0.4,0.1,0.1,0.1,0.5,0.0,65535.0,0.2690470740825513,0.0,65535.0,0.13199053940642405,0.0,0.0,0.0,0.0,0.0,0.0,0.0,0.0,0.0,0.0
143531.13,1.387479305470413,0.0,30525.0,37.0,0.14899999999794405,30.625,32.375,36.89000000000004,0.0,0.0,0.0,0.0,0.0,20.0,0.3,0.1,0.2,0.1,0.4,0.1,0.1,0.1,0.5,0.0,65535.0,0.2698558022430762,0.0,65535.0,0.13240253299763485,0.0,0.0,0.0,0.0,0.0,0.0,0.0,0.0,0.0,0.0
143591.21,1.385925975531665,0.0,30525.0,37.0,0.12629999999794705,30.625,32.375,36.89000000000004,0.0,0.0,0.0,0.0,0.0,20.0,0.3,0.1,0.2,0.1,0.4,0.1,0.1,0.1,0.5,0.0,65535.0,0.2699015793087663,0.0,65535.0,0.13116655222400245,0.0,0.0,0.0,0.0,0.0,0.0,0.0,0.0,0.0,0.0
143651.28,1.404419009247317,0.0,30525.0,37.0,0.16549999999794238,30.5625,32.375,37.05000000000001,0.0,0.0,0.0,0.0,0.0,20.0,0.3,0.1,0.2,0.1,0.4,0.1,0.1,0.1,0.5,0.0,65535.0,0.2685282673380636,0.0,65535.0,0.1317311360341802,0.0,0.0,0.0,0.0,0.0,0.0,0.0,0.0,0.0,0.0
143711.34,1.3978833812989424,0.0,30525.0,37.0,0.18139999999794212,30.5625,32.375,36.93000000000001,0.0,0.0,0.0,0.0,0.0,20.0,0.3,0.1,0.2,0.1,0.4,0.1,0.1,0.1,0.5,0.0,65535.0,0.26747539482719157,0.0,65535.0,0.1301594567788205,0.0,0.0,0.0,0.0,0.0,0.0,0.0,0.0,0.0,0.0
143771.41,1.3902421182314968,0.0,30525.0,37.0,0.17169999999795094,30.625,32.375,37.09000000000003,0.0,0.0,0.0,0.0,0.0,20.0,0.3,0.1,0.2,0.1,0.4,0.1,0.1,0.1,0.5,0.0,65535.0,0.26919966430151826,0.0,65535.0,0.1309987029831388,0.0,0.0,0.0,0.0,0.0,0.0,0.0,0.0,0.0,0.0
143831.48,1.4079677950478091,0.0,30525.0,37.0,0.12459999999794857,30.625,32.375,36.89000000000004,0.0,0.0,0.0,0.0,0.0,20.0,0.3,0.1,0.2,0.1,0.4,0.1,0.1,0.1,0.5,0.0,65535.0,0.26622415503166247,0.0,65535.0,0.13031204699778745,0.0,0.0,0.0,0.0,0.0,0.0,0.0,0.0,0.0,0.0
143891.56,1.417552924694302,0.0,30525.0,37.0,0.16369999999793972,30.5625,32.375,36.97000000000003,0.0,0.0,0.0,0.0,0.0,20.0,0.3,0.1,0.2,0.1,0.4,0.1,0.1,0.1,0.5,0.0,65535.0,0.2719615472648203,0.0,65535.0,0.13235675593194476,0.0,0.0,0.0,0.0,0.0,0.0,0.0,0.0,0.0,0.0
143951.64,1.4177222431451337,0.0,30525.0,37.0,0.13539999999794783,30.625,32.375,37.09000000000003,0.0,0.0,0.0,0.0,0.0,20.0,0.3,0.1,0.2,0.1,0.4,0.1,0.1,0.1,0.5,0.0,65535.0,0.26961165789272906,0.0,65535.0,0.13199053940642405,0.0,0.0,0.0,0.0,0.0,0.0,0.0,0.0,0.0,0.0
144011.67,1.3935203320297842,0.0,30525.0,37.0,0.11709999999794685,30.5625,32.4375,36.93000000000001,0.0,0.0,0.0,0.0,0.0,20.0,0.3,0.1,0.2,0.1,0.4,0.1,0.1,0.1,0.5,0.0,65535.0,0.2676890211337453,0.0,65535.0,0.13041886015106433,0.0,0.0,0.0,0.0,0.0,0.0,0.0,0.0,0.0,0.0
144071.75,1.4082462901618793,0.0,30525.0,37.0,0.15329999999794233,30.625,32.375,36.81,0.0,0.0,0.0,0.0,0.0,20.0,0.3,0.1,0.2,0.1,0.4,0.1,0.1,0.1,0.5,0.0,65535.0,0.2697947661554894,0.0,65535.0,0.13153276874952316,0.0,0.0,0.0,0.0,0.0,0.0,0.0,0.0,0.0,0.0
144131.79,1.4225436759446666,0.0,30525.0,37.0,0.2024999999979436,30.5625,32.375,36.73000000000002,0.0,0.0,0.0,0.0,0.0,20.0,0.3,0.1,0.2,0.1,0.4,0.1,0.1,0.1,0.5,0.0,65535.0,0.26878767071030746,0.0,65535.0,0.13060196841382468,0.0,0.0,0.0,0.0,0.0,0.0,0.0,0.0,0.0,0.0
144191.87,1.4159602231328516,0.0,30525.0,37.0,0.15719999999794132,30.5,32.4375,36.97000000000003,0.0,0.0,0.0,0.0,0.0,20.0,0.3,0.1,0.2,0.1,0.4,0.1,0.1,0.1,0.5,0.0,65535.0,0.27141222247653923,0.0,65535.0,0.13130388342107271,0.0,0.0,0.0,0.0,0.0,0.0,0.0,0.0,0.0,0.0
144251.95,1.401886016697853,0.0,30525.0,37.0,0.1421999999979399,30.5625,32.375,37.03000000000003,0.0,0.0,0.0,0.0,0.0,20.0,0.3,0.1,0.2,0.1,0.4,0.1,0.1,0.1,0.5,0.0,65535.0,0.26970321202410924,0.0,65535.0,0.13130388342107271,0.0,0.0,0.0,0.0,0.0,0.0,0.0,0.0,0.0,0.0
144312.03,1.4209621606761773,0.0,30525.0,37.0,0.14629999999793447,30.5625,32.375,36.97000000000003,0.0,0.0,0.0,0.0,0.0,20.0,0.3,0.1,0.2,0.1,0.4,0.1,0.1,0.1,0.5,0.0,65535.0,0.27051194018463415,0.0,65535.0,0.13038834210727093,0.0,0.0,0.0,0.0,0.0,0.0,0.0,0.0,0.0,0.0
144372.11,1.3999754147611037,0.0,30525.0,37.0,0.14839999999793343,30.5625,32.375,36.81,0.0,0.0046,0.25,0.0,0.0,20.0,0.3,0.1,0.2,0.1,0.4,0.1,0.1,0.1,0.5,0.0,65535.0,0.2699320973525597,0.0,65535.0,0.13032730601968415,0.0,0.0,0.0,0.0,0.0,0.0,0.0,0.0,0.0,0.0
144432.15,1.3639062533786424,0.0,30525.0,37.0,0.23949999999793017,30.4375,32.4375,36.57000000000005,0.0,0.0,0.0,0.0,0.0,20.0,0.3,0.1,0.2,0.1,0.4,0.1,0.1,0.1,0.5,0.0,65535.0,0.26669718471046006,0.0,65535.0,0.12765697718776225,0.0,0.0,0.0,0.0,0.0,0.0,0.0,0.0,0.0,0.0
144492.2,1.3559277347459335,0.0,30525.0,37.0,0.2183999999979377,30.5625,32.375,36.93000000000001,0.0,0.0,0.0,0.0,0.0,20.0,0.3,0.1,0.2,0.1,0.4,0.1,0.1,0.1,0.5,0.0,65535.0,0.26381322957198444,0.0,65535.0,0.12796215762569618,0.0,0.0,0.0,0.0,0.0,0.0,0.0,0.0,0.0,0.0
144552.26,1.369083644383902,0.0,30525.0,37.0,0.19609999999793123,30.5625,32.4375,37.05000000000001,0.0,0.0,0.0,0.0,0.0,20.0,0.3,0.1,0.2,0.1,0.4,0.1,0.1,0.1,0.5,0.0,65535.0,0.26453040360112917,0.0,65535.0,0.12753490501258868,0.0,0.0,0.0,0.0,0.0,0.0,0.0,0.0,0.0,0.0
144612.3,1.4037977143811264,0.0,30525.0,37.0,0.17869999999792943,30.5625,32.4375,37.03000000000003,0.0,0.0,0.07,0.0,0.0,20.0,0.3,0.1,0.2,0.1,0.4,0.1,0.1,0.1,0.5,0.0,65535.0,0.2638895246814679,0.0,65535.0,0.127519645990692,0.0,0.0,0.0,0.0,0.0,0.0,0.0,0.0,0.0,0.0
144672.35,1.3872129780803035,0.0,30525.0,37.0,0.16159999999792737,30.5625,32.4375,37.01000000000005,0.0,0.0,0.0,0.0,0.0,20.0,0.3,0.1,0.2,0.1,0.4,0.1,0.1,0.1,0.5,0.0,65535.0,0.26332494087129016,0.0,65535.0,0.12559700923170825,0.0,0.0,0.0,0.0,0.0,0.0,0.0,0.0,0.0,0.0
144732.39,1.3842643293015877,0.0,30525.0,37.0,0.17189999999793137,30.5625,32.375,37.03000000000003,0.0,0.0,0.0,0.0,0.0,20.0,0.3,0.1,0.2,0.1,0.4,0.1,0.1,0.1,0.5,0.0,65535.0,0.2643015182726787,0.0,65535.0,0.12726024261844815,0.0,0.0,0.0,0.0,0.0,0.0,0.0,0.0,0.0,0.0
144792.46,1.3894281063394205,0.0,30525.0,37.0,0.17629999999792564,30.6875,32.375,37.05000000000001,0.0,0.0,0.0,0.0,0.0,20.0,0.3,0.1,0.2,0.1,0.4,0.1,0.1,0.1,0.5,0.0,65535.0,0.26620889600976577,0.0,65535.0,0.1270618753337911,0.0,0.0,0.0,0.0,0.0,0.0,0.0,0.0,0.0,0.0
144852.51,1.3929625927165863,0.0,30525.0,37.0,0.1255999999979223,30.5625,32.375,37.13000000000005,0.0,0.0,0.0,0.0,0.0,20.0,0.3,0.1,0.2,0.1,0.4,0.1,0.1,0.1,0.5,0.0,65535.0,0.26411841000991837,0.0,65535.0,0.12671091783016708,0.0,0.0,0.0,0.0,0.0,0.0,0.0,0.0,0.0,0.0
144912.55,1.3742184825236754,0.0,30525.0,37.0,0.1870999999979232,30.6875,32.375,36.93000000000001,0.0,0.0,0.0,0.0,0.0,20.0,0.3,0.1,0.2,0.1,0.4,0.1,0.1,0.1,0.5,0.0,65535.0,0.2644693675135424,0.0,65535.0,0.12773327229724574,0.0,0.0,0.0,0.0,0.0,0.0,0.0,0.0,0.0,0.0
144972.62,1.378884468778272,0.0,30525.0,37.0,0.10879999999791909,30.5,32.375,36.97000000000003,0.0,0.0,0.0,0.0,0.0,20.0,0.3,0.1,0.2,0.1,0.4,0.1,0.1,0.1,0.5,0.0,65535.0,0.2656748302433814,0.0,65535.0,0.12764171816586556,0.0,0.0,0.0,0.0,0.0,0.0,0.0,0.0,0.0,0.0
145032.67,1.3701916682279265,0.0,30525.0,37.0,0.16649999999792517,30.625,32.375,37.05000000000001,0.0,0.0,0.0,0.0,0.0,20.0,0.3,0.1,0.2,0.1,0.4,0.1,0.1,0.1,0.5,0.0,65535.0,0.26880292973220415,0.0,65535.0,0.1279316395819028,0.0,0.0,0.0,0.0,0.0,0.0,0.0,0.0,0.0,0.0
145092.75,1.3965822569808117,0.0,30525.0,37.0,0.1537999999979191,30.5625,32.375,37.03000000000003,0.0,0.0,0.0,0.0,0.0,20.0,0.3,0.1,0.2,0.1,0.4,0.1,0.1,0.1,0.5,0.0,65535.0,0.2651865415426871,0.0,65535.0,0.12587167162584878,0.0,0.0,0.0,0.0,0.0,0.0,0.0,0.0,0.0,0.0
145152.8,1.3872358582304873,0.0,30525.0,37.0,0.18529999999791888,30.625,32.375,36.81,0.0,0.0,0.0,0.0,0.0,20.0,0.3,0.1,0.2,0.1,0.4,0.1,0.1,0.1,0.5,0.0,65535.0,0.2649118791485466,0.0,65535.0,0.1266346227206836,0.0,0.0,0.0,0.0,0.0,0.0,0.0,0.0,0.0,0.0
145212.85,1.3987623411819143,0.0,30525.0,37.0,0.1631999999979222,30.625,32.375,37.05000000000001,0.0,0.0,0.0,0.0,0.0,20.0,0.3,0.1,0.2,0.1,0.4,0.1,0.1,0.1,0.5,0.0,65535.0,0.2639658197909514,0.0,65535.0,0.12693980315861753,0.0,0.0,0.0,0.0,0.0,0.0,0.0,0.0,0.0,0.0
145272.89,1.3722337037101062,0.0,30525.0,37.0,0.17019999999792662,30.5,32.375,36.89000000000004,0.0,0.0,0.0,0.0,0.0,20.0,0.3,0.1,0.2,0.1,0.4,0.1,0.1,0.1,0.5,0.0,65535.0,0.26625467307545586,0.0,65535.0,0.12729076066224154,0.0,0.0,0.0,0.0,0.0,0.0,0.0,0.0,0.0,0.0
145332.94,1.3797485607238764,0.0,30525.0,37.0,0.1519999999979156,30.5625,32.375,36.870000000000005,0.0,0.0,0.0,0.0,0.0,20.0,0.3,0.1,0.2,0.1,0.4,0.1,0.1,0.1,0.5,0.0,65535.0,0.26500343327992676,0.0,65535.0,0.12753490501258868,0.0,0.0,0.0,0.0,0.0,0.0,0.0,0.0,0.0,0.0
145392.98,1.3907977903906914,0.0,30525.0,37.0,0.16759999999791478,30.5625,32.375,37.110000000000014,0.0,0.0,0.0,0.0,0.0,20.0,0.3,0.1,0.2,0.1,0.4,0.1,0.1,0.1,0.5,0.0,65535.0,0.26631570916304265,0.0,65535.0,0.1278400854505226,0.0,0.0,0.0,0.0,0.0,0.0,0.0,0.0,0.0,0.0
145453.02,1.3850547772143933,0.0,30525.0,37.0,0.12169999999791217,30.625,32.375,36.93000000000001,0.0,0.0,0.0,0.0,0.0,20.0,0.3,0.1,0.2,0.1,0.4,0.1,0.1,0.1,0.5,0.0,65535.0,0.2661326009002823,0.0,65535.0,0.12736705577172502,0.0,0.0,0.0,0.0,0.0,0.0,0.0,0.0,0.0,0.0
145513.07,1.4031727313855966,0.0,30525.0,37.0,0.14899999999791236,30.625,32.4375,36.93000000000001,0.0,0.0,0.0,0.0,0.0,20.0,0.3,0.1,0.2,0.1,0.4,0.1,0.1,0.1,0.5,0.0,65535.0,0.26832990005340657,0.0,65535.0,0.12738231479362172,0.0,0.0,0.0,0.0,0.0,0.0,0.0,0.0,0.0,0.0
145573.13,1.3522381359106692,0.0,30525.0,37.0,0.16309999999791203,30.5625,32.375,36.89000000000004,0.0,0.0,0.0,0.0,0.0,20.0,0.3,0.1,0.2,0.1,0.4,0.1,0.1,0.1,0.5,0.0,65535.0,0.2684977492942702,0.0,65535.0,0.1270313572899977,0.0,0.0,0.0,0.0,0.0,0.0,0.0,0.0,0.0,0.0
145633.21,1.368023303731681,0.0,30525.0,37.0,0.12189999999791937,30.5,32.3125,36.85000000000002,0.0,0.0,0.0,0.0,0.0,20.0,0.3,0.1,0.2,0.1,0.4,0.1,0.1,0.1,0.5,0.0,65535.0,0.26923018234531165,0.0,65535.0,0.12722972457465476,0.0,0.0,0.0,0.0,0.0,0.0,0.0,0.0,0.0,0.0
145693.28,1.376057099588949,0.0,30525.0,37.0,0.16339999999791002,30.625,32.375,36.77000000000004,0.0,0.0,0.0,0.0,0.0,20.0,0.3,0.1,0.2,0.1,0.4,0.1,0.1,0.1,0.5,0.0,65535.0,0.26747539482719157,0.0,65535.0,0.12719920653086136,0.0,0.0,0.0,0.0,0.0,0.0,0.0,0.0,0.0,0.0
145753.35,1.4022399109742039,0.0,30525.0,37.0,0.13889999999791297,30.6875,32.375,36.950000000000045,0.0,0.0,0.0,0.0,0.0,20.0,0.3,0.1,0.2,0.1,0.4,0.1,0.1,0.1,0.5,0.0,65535.0,0.2678263523308156,0.0,65535.0,0.12710765239948119,0.0,0.0,0.0,0.0,0.0,0.0,0.0,0.0,0.0,0.0
145813.42,1.3784503510548316,0.0,30525.0,37.0,0.22809999999790545,30.5,32.375,36.950000000000045,0.0,0.0,0.0,0.0,0.0,20.0,0.3,0.1,0.2,0.1,0.4,0.1,0.1,0.1,0.5,0.0,65535.0,0.267704280155642,0.0,65535.0,0.12729076066224154,0.0,0.0,0.0,0.0,0.0,0.0,0.0,0.0,0.0,0.0
145873.5,1.3737729844363598,0.0,30525.0,37.0,0.17199999999791724,30.625,32.375,37.05000000000001,0.0,0.0,0.0,0.0,0.0,20.0,0.3,0.1,0.2,0.1,0.4,0.1,0.1,0.1,0.5,0.0,65535.0,0.266849774929427,0.0,65535.0,0.12607003891050583,0.0,0.0,0.0,0.0,0.0,0.0,0.0,0.0,0.0,0.0
145933.58,1.3809317045697926,0.0,30525.0,37.0,0.16519999999790663,30.5625,32.375,36.97000000000003,0.0,0.0,0.0,0.0,0.0,20.0,0.3,0.1,0.2,0.1,0.4,0.1,0.1,0.1,0.5,0.0,65535.0,0.2690165560387579,0.0,65535.0,0.12768749523155565,0.0,0.0,0.0,0.0,0.0,0.0,0.0,0.0,0.0,0.0
145993.64,1.3809199198348387,0.0,30525.0,37.0,0.14689999999790482,30.5625,32.3125,36.85000000000002,0.0,0.0,0.0,0.0,0.0,20.0,0.3,0.1,0.2,0.1,0.4,0.1,0.1,0.1,0.5,0.0,65535.0,0.27138170443274584,0.0,65535.0,0.12697032120241092,0.0,0.0,0.0,0.0,0.0,0.0,0.0,0.0,0.0,0.0
146053.69,1.3789340222319681,0.0,30525.0,37.0,0.18019999999790465,30.5625,32.375,37.03000000000003,0.0,0.0,0.0,0.0,0.0,20.0,0.3,0.1,0.2,0.1,0.4,0.1,0.1,0.1,0.5,0.0,65535.0,0.2698863202868696,0.0,65535.0,0.1274738689250019,0.0,0.0,0.0,0.0,0.0,0.0,0.0,0.0,0.0,0.0
146113.73,1.3774485950139974,0.0,30525.0,37.0,0.12429999999791114,30.5625,32.375,36.950000000000045,0.0,0.0,0.0,0.0,0.0,20.0,0.3,0.1,0.2,0.1,0.4,0.1,0.1,0.1,0.5,0.0,65535.0,0.2685435263599603,0.0,65535.0,0.1270771343556878,0.0,0.0,0.0,0.0,0.0,0.0,0.0,0.0,0.0,0.0
146173.8,1.3610180003107015,0.0,30525.0,37.0,0.17839999999790285,30.625,32.375,37.03000000000003,0.0,0.0,0.0,0.0,0.0,20.0,0.3,0.1,0.2,0.1,0.4,0.1,0.1,0.1,0.5,0.0,65535.0,0.26756694895857175,0.0,65535.0,0.12768749523155565,0.0,0.0,0.0,0.0,0.0,0.0,0.0,0.0,0.0,0.0
146233.88,1.364576532766812,0.0,30525.0,37.0,0.16249999999790138,30.5625,32.375,36.81,0.0,0.0,0.0,0.0,0.0,20.0,0.3,0.1,0.2,0.1,0.4,0.1,0.1,0.1,0.5,0.0,65535.0,0.26881818875410085,0.0,65535.0,0.12849622339208056,0.0,0.0,0.0,0.0,0.0,0.0,0.0,0.0,0.0,0.0
146293.92,1.3698935281255342,0.0,30525.0,37.0,0.19899999999791165,30.5625,32.375,36.79000000000002,0.0,0.0,0.0,0.0,0.0,20.0,0.3,0.1,0.2,0.1,0.4,0.1,0.1,0.1,0.5,0.0,65535.0,0.2701915007248035,0.0,65535.0,0.1279011215381094,0.0,0.0,0.0,0.0,0.0,0.0,0.0,0.0,0.0,0.0
146353.97,1.3808619419453743,0.0,30525.0,37.0,0.22229999999790723,30.625,32.375,36.950000000000045,0.0,0.0,0.0,0.0,0.0,20.0,0.3,0.1,0.2,0.1,0.4,0.1,0.1,0.1,0.5,0.0,65535.0,0.2701915007248035,0.0,65535.0,0.12599374380102235,0.0,0.0,0.0,0.0,0.0,0.0,0.0,0.0,0.0,0.0
146414.01,1.3663751720305854,0.0,30525.0,37.0,0.13289999999790325,30.625,32.375,36.950000000000045,0.0,0.0,0.0,0.0,0.0,20.0,0.3,0.1,0.2,0.1,0.4,0.1,0.1,0.1,0.5,0.0,65535.0,0.2706034943160143,0.0,65535.0,0.12716868848706797,0.0,0.0,0.0,0.0,0.0,0.0,0.0,0.0,0.0,0.0
146474.06,1.3757543380727244,0.0,30525.0,37.0,0.1260999999979069,30.625,32.375,37.05000000000001,0.0,0.0,0.0,0.0,0.0,20.0,0.3,0.1,0.2,0.1,0.4,0.1,0.1,0.1,0.5,0.0,65535.0,0.27045090409704736,0.0,65535.0,0.12776379034103913,0.0,0.0,0.0,0.0,0.0,0.0,0.0,0.0,0.0,0.0
146534.1,1.3917228906752444,0.0,30525.0,37.0,0.10659999999790529,30.625,32.375,37.03000000000003,0.0,0.0,0.0,0.0,0.0,20.0,0.3,0.1,0.2,0.1,0.4,0.1,0.1,0.1,0.5,0.0,65535.0,0.26834515907530326,0.0,65535.0,0.12565804531929503,0.0,0.0,0.0,0.0,0.0,0.0,0.0,0.0,0.0,0.0
146594.17,1.3770724832222034,0.0,30525.0,37.0,0.20519999999790342,30.625,32.375,37.01000000000005,0.0,0.0,0.0,0.0,0.0,20.0,0.3,0.1,0.2,0.1,0.4,0.1,0.1,0.1,0.5,0.0,65535.0,0.26970321202410924,0.0,65535.0,0.12771801327534904,0.0,0.0,0.0,0.0,0.0,0.0,0.0,0.0,0.0,0.0
146654.21,1.3773097491236868,0.0,30525.0,37.0,0.18669999999790687,30.625,32.375,36.950000000000045,0.0,0.0,0.0,0.0,0.0,20.0,0.3,0.1,0.2,0.1,0.4,0.1,0.1,0.1,0.5,0.0,65535.0,0.2724498359655146,0.0,65535.0,0.12782482642862592,0.0,0.0,0.0,0.0,0.0,0.0,0.0,0.0,0.0,0.0
146714.28,1.3903828213208829,0.0,30525.0,37.0,0.10249999999789305,30.625,32.375,36.97000000000003,0.0,0.0,0.0,0.0,0.0,20.0,0.3,0.1,0.2,0.1,0.4,0.1,0.1,0.1,0.5,0.0,65535.0,0.2710154879072251,0.0,65535.0,0.12626840619516289,0.0,0.0,0.0,0.0,0.0,0.0,0.0,0.0,0.0,0.0
146774.4,1.3863688836875923,0.0,30525.0,37.0,0.1786999999978948,30.625,32.375,36.93000000000001,0.0,0.0,0.0,0.0,0.0,20.0,0.3,0.1,0.2,0.1,0.4,0.1,0.1,0.1,0.5,0.0,65535.0,0.27258716716258485,0.0,65535.0,0.1279316395819028,0.0,0.0,0.0,0.0,0.0,0.0,0.0,0.0,0.0,0.0
146834.48,1.3637719393502215,0.0,30525.0,37.0,0.15989999999789767,30.625,32.4375,37.05000000000001,0.0,0.0,0.0,0.0,0.0,20.0,0.3,0.1,0.2,0.1,0.4,0.1,0.1,0.1,0.5,0.0,65535.0,0.2715190356298161,0.0,65535.0,0.1274891279468986,0.0,0.0,0.0,0.0,0.0,0.0,0.0,0.0,0.0,0.0
146894.53,1.3969113129043047,0.0,30525.0,37.0,0.10599999999789977,30.5625,32.4375,36.93000000000001,0.0,0.0,0.0,0.0,0.0,20.0,0.3,0.1,0.2,0.1,0.4,0.1,0.1,0.1,0.5,0.0,65535.0,0.2735332265201801,0.0,65535.0,0.1270923933775845,0.0,0.0,0.0,0.0,0.0,0.0,0.0,0.0,0.0,0.0
146954.57,1.3544488285931418,0.0,30525.0,37.0,0.15599999999789607,30.625,32.375,36.81,0.0,0.0,0.0,0.0,0.0,20.0,0.3,0.1,0.2,0.1,0.4,0.1,0.1,0.1,0.5,0.0,65535.0,0.2711375600823987,0.0,65535.0,0.1275043869687953,0.0,0.0,0.0,0.0,0.0,0.0,0.0,0.0,0.0,0.0
147014.62,1.3819338204034373,0.0,30525.0,37.0,0.22249999999789244,30.5625,32.4375,36.79000000000002,0.0,0.0,0.0,0.0,0.0,20.0,0.3,0.1,0.2,0.1,0.4,0.1,0.1,0.1,0.5,0.0,65535.0,0.2706034943160143,0.0,65535.0,0.12600900282291905,0.0,0.0,0.0,0.0,0.0,0.0,0.0,0.0,0.0,0.0
147074.68,1.3612218284152247,0.0,30525.0,37.0,0.16779999999789955,30.5,32.4375,36.89000000000004,0.0,0.0,0.0,0.0,0.0,20.0,0.3,0.1,0.2,0.1,0.4,0.1,0.1,0.1,0.5,0.0,65535.0,0.27411306935225455,0.0,65535.0,0.12634470130464637,0.0,0.0,0.0,0.0,0.0,0.0,0.0,0.0,0.0,0.0
147134.75,1.3608038333012211,0.0,30525.0,37.0,0.14189999999789296,30.625,32.375,36.93000000000001,0.0,0.0,0.0,0.0,0.0,20.0,0.3,0.1,0.2,0.1,0.4,0.1,0.1,0.1,0.5,0.0,65535.0,0.2739299610894942,0.0,65535.0,0.1274891279468986,0.0,0.0,0.0,0.0,0.0,0.0,0.0,0.0,0.0,0.0
147194.82,1.3794268955037228,0.0,30525.0,37.0,0.18749999999789413,30.5,32.375,36.93000000000001,0.0,0.0,0.0,0.0,0.0,20.0,0.3,0.1,0.2,0.1,0.4,0.1,0.1,0.1,0.5,0.0,65535.0,0.27177843900205995,0.0,65535.0,0.12677195391775387,0.0,0.0,0.0,0.0,0.0,0.0,0.0,0.0,0.0,0.0
147254.92,1.3608088576609296,0.0,30525.0,37.0,0.1895999999978931,30.625,32.375,36.89000000000004,0.0,0.0,0.0,0.0,0.0,20.0,0.3,0.1,0.2,0.1,0.4,0.1,0.1,0.1,0.5,0.0,65535.0,0.27298390173189896,0.0,65535.0,0.12640573739223315,0.0,0.0,0.0,0.0,0.0,0.0,0.0,0.0,0.0,0.0
147315.0,1.3489437090270455,0.0,30525.0,37.0,0.17959999999788712,30.6875,32.375,36.93000000000001,0.0,0.0,0.0,0.0,0.0,20.0,0.3,0.1,0.2,0.1,0.4,0.1,0.1,0.1,0.5,0.0,65535.0,0.27139696345464254,0.0,65535.0,0.12697032120241092,0.0,0.0,0.0,0.0,0.0,0.0,0.0,0.0,0.0,0.0
147375.12,1.3596425715575275,0.0,30525.0,37.0,0.180799999997886,30.625,32.4375,36.950000000000045,0.0,0.0,0.0,0.0,0.0,20.0,0.3,0.1,0.2,0.1,0.4,0.1,0.1,0.1,0.5,0.0,65535.0,0.2710307469291218,0.0,65535.0,0.1278400854505226,0.0,0.0,0.0,0.0,0.0,0.0,0.0,0.0,0.0,0.0
147435.16,1.3721140795324431,0.0,30525.0,37.0,0.18879999999789548,30.5625,32.375,36.950000000000045,0.0,0.0,0.0,0.0,0.0,20.0,0.3,0.1,0.2,0.1,0.4,0.1,0.1,0.1,0.5,0.0,65535.0,0.2706645304036011,0.0,65535.0,0.12759594110017547,0.0,0.0,0.0,0.0,0.0,0.0,0.0,0.0,0.0,0.0
147495.22,1.3601292932452038,0.0,30525.0,37.0,0.1442999999978882,30.625,32.375,36.93000000000001,0.0,0.0,0.0,0.0,0.0,20.0,0.3,0.1,0.2,0.1,0.4,0.1,0.1,0.1,0.5,0.0,65535.0,0.2724650949874113,0.0,65535.0,0.12651255054551003,0.0,0.0,0.0,0.0,0.0,0.0,0.0,0.0,0.0,0.0
147555.29,1.3815976987294785,0.0,30525.0,37.0,0.14219999999788754,30.5625,32.375,37.190000000000055,0.0,0.0,0.0,0.0,0.0,20.0,0.3,0.1,0.2,0.1,0.4,0.1,0.1,0.1,0.5,0.0,65535.0,0.27170214389257646,0.0,65535.0,0.12712291142137788,0.0,0.0,0.0,0.0,0.0,0.0,0.0,0.0,0.0,0.0
147615.37,1.3224323397415079,0.0,30525.0,37.0,0.19809999999789354,30.5625,32.375,36.950000000000045,0.0,0.0,0.0,0.0,0.0,20.0,0.3,0.1,0.2,0.1,0.4,0.1,0.1,0.1,0.5,0.0,65535.0,0.2706492713817044,0.0,65535.0,0.12677195391775387,0.0,0.0,0.0,0.0,0.0,0.0,0.0,0.0,0.0,0.0
147675.41,1.3836151351612191,0.0,30525.0,37.0,0.18309999999789212,30.625,32.4375,36.85000000000002,0.0,0.0,0.0,0.0,0.0,20.0,0.3,0.1,0.2,0.1,0.4,0.1,0.1,0.1,0.5,0.0,65535.0,0.2724193179217212,0.0,65535.0,0.12611581597619592,0.0,0.0,0.0,0.0,0.0,0.0,0.0,0.0,0.0,0.0
147735.45,1.3788091893052947,0.0,30525.0,37.0,0.1483999999978802,30.625,32.4375,36.79000000000002,0.0,0.0,0.0,0.0,0.0,20.0,0.3,0.1,0.2,0.1,0.4,0.1,0.1,0.1,0.5,0.0,65535.0,0.27348744945449,0.0,65535.0,0.12645151445792324,0.0,0.0,0.0,0.0,0.0,0.0,0.0,0.0,0.0,0.0
147795.52,1.3771105485180402,0.0,30525.0,37.0,0.15629999999788466,30.5625,32.4375,36.870000000000005,0.0,0.0,0.0,0.0,0.0,20.0,0.3,0.1,0.2,0.1,0.4,0.1,0.1,0.1,0.5,0.0,65535.0,0.27304493781948574,0.0,65535.0,0.12697032120241092,0.0,0.0,0.0,0.0,0.0,0.0,0.0,0.0,0.0,0.0
147855.6,1.358407161127222,0.0,30525.0,37.0,0.15899999999788392,30.6875,32.4375,36.97000000000003,0.0,0.0,0.0,0.0,0.0,20.0,0.3,0.1,0.2,0.1,0.4,0.1,0.1,0.1,0.5,0.0,65535.0,0.2755016403448539,0.0,65535.0,0.12730601968413824,0.0,0.0,0.0,0.0,0.0,0.0,0.0,0.0,0.0,0.0
147915.66,1.3390028390186988,0.0,30525.0,37.0,0.18169999999787917,30.625,32.375,37.01000000000005,0.0,0.0,0.0,0.0,0.0,20.0,0.3,0.1,0.2,0.1,0.4,0.1,0.1,0.1,0.5,0.0,65535.0,0.2767986572060731,0.0,65535.0,0.12716868848706797,0.0,0.0,0.0,0.0,0.0,0.0,0.0,0.0,0.0,0.0
147975.72,1.3611134564210483,0.0,30525.0,37.0,0.12369999999788586,30.625,32.4375,36.79000000000002,0.0,0.0,0.0,0.0,0.0,20.0,0.3,0.1,0.2,0.1,0.4,0.1,0.1,0.1,0.5,0.0,65535.0,0.27447928587777526,0.0,65535.0,0.12773327229724574,0.0,0.0,0.0,0.0,0.0,0.0,0.0,0.0,0.0,0.0
148035.77,1.3443063102631254,0.0,30525.0,37.0,0.20489999999788305,30.625,32.4375,36.950000000000045,0.0,0.0,0.0,0.0,0.0,20.0,0.3,0.1,0.2,0.1,0.4,0.1,0.1,0.1,0.5,0.0,65535.0,0.273990997177081,0.0,65535.0,0.12730601968413824,0.0,0.0,0.0,0.0,0.0,0.0,0.0,0.0,0.0,0.0
148095.81,1.3250723178319412,0.0,30525.0,37.0,0.1295999999978796,30.625,32.4375,37.05000000000001,0.0,0.0,0.0,0.0,0.0,20.0,0.3,0.1,0.2,0.1,0.4,0.1,0.1,0.1,0.5,0.0,65535.0,0.27261768520637825,0.0,65535.0,0.1274280918593118,0.0,0.0,0.0,0.0,0.0,0.0,0.0,0.0,0.0,0.0
148155.88,1.2990004069098127,0.0,30525.0,37.0,0.1498999999978745,30.625,32.4375,37.01000000000005,0.0,0.0,0.0,0.0,0.0,20.0,0.3,0.1,0.2,0.1,0.4,0.1,0.1,0.1,0.5,0.0,65535.0,0.2729228656443122,0.0,65535.0,0.12585641260395208,0.0,0.0,0.0,0.0,0.0,0.0,0.0,0.0,0.0,0.0
148215.94,1.3510095980848709,0.0,30525.0,37.0,0.20609999999788023,30.625,32.4375,36.79000000000002,0.0,0.0,0.0,0.0,0.0,20.0,0.3,0.1,0.2,0.1,0.4,0.1,0.1,0.1,0.5,0.0,65535.0,0.2738536659800107,0.0,65535.0,0.12762645914396886,0.0,0.0,0.0,0.0,0.0,0.0,0.0,0.0,0.0,0.0
148276.01,1.3497677093054725,0.0,30525.0,37.0,0.18259999999787319,30.625,32.4375,36.89000000000004,0.0,0.0,0.0,0.0,0.0,20.0,0.3,0.1,0.2,0.1,0.4,0.1,0.1,0.1,0.5,0.0,65535.0,0.2760204470893416,0.0,65535.0,0.12764171816586556,0.0,0.0,0.0,0.0,0.0,0.0,0.0,0.0,0.0,0.0
148336.08,1.3654339616980553,0.0,30525.0,37.0,0.12629999999787492,30.625,32.4375,37.09000000000003,0.0,0.0,0.0,0.0,0.0,20.0,0.3,0.1,0.2,0.1,0.4,0.1,0.1,0.1,0.5,0.0,65535.0,0.27450980392156865,0.0,65535.0,0.12758068207827877,0.0,0.0,0.0,0.0,0.0,0.0,0.0,0.0,0.0,0.0
148396.17,1.3488272800075023,0.0,30525.0,37.0,0.18839999999787616,30.5625,32.4375,36.85000000000002,0.0,0.0,0.0,0.0,0.0,20.0,0.3,0.1,0.2,0.1,0.4,0.1,0.1,0.1,0.5,0.0,65535.0,0.27661554894331275,0.0,65535.0,0.12765697718776225,0.0,0.0,0.0,0.0,0.0,0.0,0.0,0.0,0.0,0.0
148456.23,1.333835647516867,0.0,30525.0,37.0,0.1436999999978733,30.625,32.375,37.03000000000003,0.0,0.0,0.0,0.0,0.0,20.0,0.3,0.1,0.2,0.1,0.4,0.1,0.1,0.1,0.5,0.0,65535.0,0.2780498970016022,0.0,65535.0,0.12753490501258868,0.0,0.0,0.0,0.0,0.0,0.0,0.0,0.0,0.0,0.0
148516.28,1.3362399715150404,0.0,30525.0,37.0,0.14309999999787215,30.5625,32.375,37.03000000000003,0.0,0.0,0.0,0.0,0.0,20.0,0.3,0.1,0.2,0.1,0.4,0.1,0.1,0.1,0.5,0.0,65535.0,0.27745479514763105,0.0,65535.0,0.12738231479362172,0.0,0.0,0.0,0.0,0.0,0.0,0.0,0.0,0.0,0.0
148576.36,1.3581359647552378,0.0,30525.0,37.0,0.20219999999787353,30.625,32.4375,36.79000000000002,0.0,0.0,0.0,0.0,0.0,20.0,0.3,0.1,0.2,0.1,0.4,0.1,0.1,0.1,0.5,0.0,65535.0,0.2773174639505608,0.0,65535.0,0.12756542305638208,0.0,0.0,0.0,0.0,0.0,0.0,0.0,0.0,0.0,0.0
148636.41,1.3662190799379674,0.0,30525.0,37.0,0.2269999999978686,30.5625,32.4375,36.710000000000036,0.0,0.0,0.0,0.0,0.0,20.0,0.3,0.1,0.2,0.1,0.4,0.1,0.1,0.1,0.5,0.0,65535.0,0.2759288929579614,0.0,65535.0,0.12782482642862592,0.0,0.0,0.0,0.0,0.0,0.0,0.0,0.0,0.0,0.0
148696.46,1.3301754667744146,0.0,30525.0,37.0,0.12249999999787325,30.625,32.4375,37.110000000000014,0.0,0.0,0.0,0.0,0.0,20.0,0.3,0.1,0.2,0.1,0.4,0.1,0.1,0.1,0.5,0.0,65535.0,0.27415884641794463,0.0,65535.0,0.12681773098344395,0.0,0.0,0.0,0.0,0.0,0.0,0.0,0.0,0.0,0.0
148756.5,1.3260991791446255,0.0,30525.0,37.0,0.1477999999978636,30.5625,32.4375,37.01000000000005,0.0,0.0,0.0,0.0,0.0,20.0,0.3,0.1,0.2,0.1,0.4,0.1,0.1,0.1,0.5,0.0,65535.0,0.2785687037460899,0.0,65535.0,0.12866407263294422,0.0,0.0,0.0,0.0,0.0,0.0,0.0,0.0,0.0,0.0
148816.57,1.3224960942717425,0.0,30525.0,37.0,0.17659999999786327,30.625,32.4375,36.89000000000004,0.0,0.0,0.0,0.0,0.0,20.0,0.3,0.1,0.2,0.1,0.4,0.1,0.1,0.1,0.5,0.0,65535.0,0.2751049057755398,0.0,65535.0,0.12732127870603493,0.0,0.0,0.0,0.0,0.0,0.0,0.0,0.0,0.0,0.0
148876.64,1.3156973860812688,0.0,30525.0,37.0,0.1830999999978724,30.5625,32.4375,36.870000000000005,0.0,0.0,0.0,0.0,0.0,20.0,0.3,0.1,0.2,0.1,0.4,0.1,0.1,0.1,0.5,0.0,65535.0,0.2781872281986725,0.0,65535.0,0.1278553444724193,0.0,0.0,0.0,0.0,0.0,0.0,0.0,0.0,0.0,0.0
148936.69,1.328221571182483,0.0,30525.0,37.0,0.16989999999787103,30.625,32.375,36.93000000000001,0.0,0.0,0.0,0.0,0.0,20.0,0.3,0.1,0.2,0.1,0.4,0.1,0.1,0.1,0.5,0.0,65535.0,0.27658503089951936,0.0,65535.0,0.12629892423895628,0.0,0.0,0.0,0.0,0.0,0.0,0.0,0.0,0.0,0.0
148996.77,1.3369059283987808,0.0,30525.0,37.0,0.16639999999785998,30.5625,32.4375,36.950000000000045,0.0,0.0,0.0,0.0,0.0,20.0,0.3,0.1,0.2,0.1,0.4,0.1,0.1,0.1,0.5,0.0,65535.0,0.2755626764324407,0.0,65535.0,0.12693980315861753,0.0,0.0,0.0,0.0,0.0,0.0,0.0,0.0,0.0,0.0
149056.85,1.3602075133324405,0.0,30525.0,37.0,0.12339999999786724,30.625,32.4375,37.110000000000014,0.0,0.0,0.0,0.0,0.0,20.0,0.3,0.1,0.2,0.1,0.4,0.1,0.1,0.1,0.5,0.0,65535.0,0.275547417410544,0.0,65535.0,0.12753490501258868,0.0,0.0,0.0,0.0,0.0,0.0,0.0,0.0,0.0,0.0
149116.88,1.3248321387697106,0.0,30525.0,37.0,0.14779999999785756,30.6875,32.375,37.01000000000005,0.0,0.0,0.0,0.0,0.0,20.0,0.3,0.1,0.2,0.1,0.4,0.1,0.1,0.1,0.5,0.0,65535.0,0.2777752346074617,0.0,65535.0,0.12724498359655145,0.0,0.0,0.0,0.0,0.0,0.0,0.0,0.0,0.0,0.0
149176.96,1.3187766172695075,0.0,30525.0,37.0,0.18019999999785735,30.625,32.4375,36.89000000000004,0.0,0.0,0.0,0.0,0.0,20.0,0.3,0.1,0.2,0.1,0.4,0.1,0.1,0.1,0.5,0.0,65535.0,0.278461890592813,0.0,65535.0,0.12843518730449377,0.0,0.0,0.0,0.0,0.0,0.0,0.0,0.0,0.0,0.0
149237.03,1.3687204587478454,0.0,30525.0,37.0,0.1292999999978593,30.5625,32.375,37.09000000000003,0.0,0.0,0.0,0.0,0.0,20.0,0.3,0.1,0.2,0.1,0.4,0.1,0.1,0.1,0.5,0.0,65535.0,0.27869077592126346,0.0,65535.0,0.12692454413672083,0.0,0.0,0.0,0.0,0.0,0.0,0.0,0.0,0.0,0.0
149297.11,1.3483707587667841,0.0,30525.0,37.0,0.18459999999786583,30.625,32.4375,36.870000000000005,0.0,0.0,0.0,0.0,0.0,20.0,0.3,0.1,0.2,0.1,0.4,0.1,0.1,0.1,0.5,0.0,65535.0,0.2801403830014496,0.0,65535.0,0.12637521934843976,0.0,0.0,0.0,0.0,0.0,0.0,0.0,0.0,0.0,0.0
149357.19,1.3019168575083784,0.0,30525.0,37.0,0.07919999999785624,30.6875,32.375,37.27000000000004,0.0,0.0,0.0,0.0,0.0,20.0,0.3,0.1,0.2,0.1,0.4,0.1,0.1,0.1,0.5,0.0,65535.0,0.2788738841840238,0.0,65535.0,0.12779430838483252,0.0,0.0,0.0,0.0,0.0,0.0,0.0,0.0,0.0,0.0
149417.25,1.3526219163662296,0.0,30525.0,37.0,0.15449999999785796,30.6875,32.4375,36.97000000000003,0.0,0.0,0.0,0.0,0.0,20.0,0.3,0.1,0.2,0.1,0.4,0.1,0.1,0.1,0.5,0.0,65535.0,0.27779049362935837,0.0,65535.0,0.12883192187380788,0.0,0.0,0.0,0.0,0.0,0.0,0.0,0.0,0.0,0.0
149477.32,1.3147798783824973,0.0,30525.0,37.0,0.18249999999786345,30.5625,32.4375,36.870000000000005,0.0,0.0,0.0,0.0,0.0,20.0,0.3,0.1,0.2,0.1,0.4,0.1,0.1,0.1,0.5,0.0,65535.0,0.28078126192111086,0.0,65535.0,0.12803845273517966,0.0,0.0,0.0,0.0,0.0,0.0,0.0,0.0,0.0,0.0
149537.36,1.3671621703593417,0.0,30525.0,37.0,0.14659999999785178,30.625,32.4375,37.01000000000005,0.0,0.0,0.0,0.0,0.0,20.0,0.3,0.1,0.2,0.1,0.4,0.1,0.1,0.1,0.5,0.0,65535.0,0.27911802853437095,0.0,65535.0,0.12845044632639047,0.0,0.0,0.0,0.0,0.0,0.0,0.0,0.0,0.0,0.0
149597.4,1.3197795805495733,0.0,30525.0,37.0,0.15539999999785628,30.5625,32.4375,36.97000000000003,0.0,0.0,0.0,0.0,0.0,20.0,0.3,0.1,0.2,0.1,0.4,0.1,0.1,0.1,0.5,0.0,65535.0,0.28046082246128023,0.0,65535.0,0.12799267566948958,0.0,0.0,0.0,0.0,0.0,0.0,0.0,0.0,0.0,0.0
149657.47,1.349104823188761,0.0,30525.0,37.0,0.18049999999785107,30.5625,32.4375,36.89000000000004,0.0,0.0,0.0,0.0,0.0,20.0,0.3,0.1,0.2,0.1,0.4,0.1,0.1,0.1,0.5,0.0,65535.0,0.27779049362935837,0.0,65535.0,0.12780956740672922,0.0,0.0,0.0,0.0,0.0,0.0,0.0,0.0,0.0,0.0
149717.53,1.3505270917921648,0.0,30525.0,37.0,0.16789999999784916,30.625,32.4375,36.950000000000045,0.0,0.0,0.0,0.0,0.0,20.0,0.3,0.1,0.2,0.1,0.4,0.1,0.1,0.1,0.5,0.0,65535.0,0.2779736018921187,0.0,65535.0,0.1283436331731136,0.0,0.0,0.0,0.0,0.0,0.0,0.0,0.0,0.0,0.0
149777.73,1.366634604760617,0.0,30525.0,37.0,0.1433999999978521,30.625,32.4375,37.03000000000003,0.0,0.0,0.0,0.0,0.0,20.0,0.3,0.1,0.2,0.1,0.4,0.1,0.1,0.1,0.5,0.0,65535.0,0.2801251239795529,0.0,65535.0,0.12803845273517966,0.0,0.0,0.0,0.0,0.0,0.0,0.0,0.0,0.0,0.0
149837.78,1.340862581955986,0.0,30525.0,37.0,0.16009999999784685,30.5625,32.4375,36.950000000000045,0.0,0.0,0.0,0.0,0.0,20.0,0.3,0.1,0.2,0.1,0.4,0.1,0.1,0.1,0.5,0.0,65535.0,0.28041504539559015,0.0,65535.0,0.1282825970855268,0.0,0.0,0.0,0.0,0.0,0.0,0.0,0.0,0.0,0.0
149897.81,1.3877376880379775,0.0,30525.0,37.0,0.1818999999978563,30.625,32.4375,36.870000000000005,0.0,0.0,0.0,0.0,0.0,20.0,0.3,0.1,0.2,0.1,0.4,0.1,0.1,0.1,0.5,0.0,65535.0,0.2797436484321355,0.0,65535.0,0.1278400854505226,0.0,0.0,0.0,0.0,0.0,0.0,0.0,0.0,0.0,0.0
149957.85,1.3928816608826442,0.0,30525.0,37.0,0.15599999999784972,30.625,32.4375,36.97000000000003,0.0,0.0,0.0,0.0,0.0,20.0,0.3,0.1,0.2,0.1,0.4,0.1,0.1,0.1,0.5,0.0,65535.0,0.2796826123445487,0.0,65535.0,0.12712291142137788,0.0,0.0,0.0,0.0,0.0,0.0,0.0,0.0,0.0,0.0
150017.91,1.3570952552195117,0.0,30525.0,37.0,0.2048999999978504,30.5625,32.4375,36.79000000000002,0.0,0.0,0.0,0.0,0.0,20.0,0.3,0.1,0.2,0.1,0.4,0.1,0.1,0.1,0.5,0.0,65535.0,0.2810559243152514,0.0,65535.0,0.12809948882276645,0.0,0.0,0.0,0.0,0.0,0.0,0.0,0.0,0.0,0.0
150077.99,1.3931221767860649,0.0,30525.0,37.0,0.16429999999784298,30.625,32.4375,36.950000000000045,0.0,0.0,0.0,0.0,0.0,20.0,0.3,0.1,0.2,0.1,0.4,0.1,0.1,0.1,0.5,0.0,65535.0,0.28114747844663157,0.0,65535.0,0.1270313572899977,0.0,0.0,0.0,0.0,0.0,0.0,0.0,0.0,0.0,0.0
150138.04,1.3540928825314549,0.0,30525.0,37.0,0.20669999999784874,30.5625,32.4375,36.79000000000002,0.0,0.0,0.0,0.0,0.0,20.0,0.3,0.1,0.2,0.1,0.4,0.1,0.1,0.1,0.5,0.0,65535.0,0.28206301976043335,0.0,65535.0,0.12732127870603493,0.0,0.0,0.0,0.0,0.0,0.0,0.0,0.0,0.0,0.0
150198.12,1.3812088075818063,0.0,30525.0,37.0,0.14489999999784553,30.5625,32.4375,37.03000000000003,0.0,0.0,0.0,0.0,0.0,20.0,0.3,0.1,0.2,0.1,0.4,0.1,0.1,0.1,0.5,0.0,65535.0,0.28200198367284657,0.0,65535.0,0.12881666285191118,0.0,0.0,0.0,0.0,0.0,0.0,0.0,0.0,0.0,0.0
150258.18,1.3439062803333206,0.0,30525.0,37.0,0.12189999999784881,30.625,32.4375,37.110000000000014,0.0,0.0,0.0,0.0,0.0,20.0,0.3,0.1,0.2,0.1,0.4,0.1,0.1,0.1,0.5,0.0,65535.0,0.2823682001983673,0.0,65535.0,0.12710765239948119,0.0,0.0,0.0,0.0,0.0,0.0,0.0,0.0,0.0,0.0
150318.24,1.4123854775565936,0.0,30525.0,37.0,0.1889999999978455,30.625,32.4375,36.85000000000002,0.0,0.0,0.0,0.0,0.0,20.0,0.3,0.1,0.2,0.1,0.4,0.1,0.1,0.1,0.5,0.0,65535.0,0.281528953994049,0.0,65535.0,0.12823682001983672,0.0,0.0,0.0,0.0,0.0,0.0,0.0,0.0,0.0,0.0
150378.3,1.3963116902411115,0.0,30525.0,37.0,0.16219999999783888,30.625,32.4375,36.950000000000045,0.0,0.0,0.0,0.0,0.0,20.0,0.3,0.1,0.2,0.1,0.4,0.1,0.1,0.1,0.5,0.0,65535.0,0.2814831769283589,0.0,65535.0,0.12774853131914243,0.0,0.0,0.0,0.0,0.0,0.0,0.0,0.0,0.0,0.0
150438.34,1.380295518529668,0.0,30525.0,37.0,0.1615999999978377,30.5625,32.4375,36.950000000000045,0.0,0.0,0.0,0.0,0.0,20.0,0.3,0.1,0.2,0.1,0.4,0.1,0.1,0.1,0.5,0.0,65535.0,0.2802777141985199,0.0,65535.0,0.12762645914396886,0.0,0.0,0.0,0.0,0.0,0.0,0.0,0.0,0.0,0.0
150498.42,1.431495378255547,0.0,30525.0,37.0,0.2953999999978416,30.5625,32.4375,36.47000000000003,0.0,0.0,0.0,0.0,0.0,20.0,0.3,0.1,0.2,0.1,0.4,0.1,0.1,0.1,0.5,0.0,65535.0,0.2884870679789425,0.0,65535.0,0.13109025711451897,0.0,0.0,0.0,0.0,0.0,0.0,0.0,0.0,0.0,0.0
150558.47,1.4299713610604419,0.0,30525.0,37.0,0.06639999999784157,30.625,32.4375,37.35000000000002,0.0,0.0,0.0,0.0,0.0,20.0,0.3,0.1,0.2,0.1,0.4,0.1,0.1,0.1,0.5,0.0,65535.0,0.27910276951247426,0.0,65535.0,0.12683299000534065,0.0,0.0,0.0,0.0,0.0,0.0,0.0,0.0,0.0,0.0
150618.53,1.4036065303529333,0.0,30525.0,37.0,0.15809999999783916,30.625,32.4375,36.97000000000003,0.0,0.0,0.0,0.0,0.0,20.0,0.3,0.1,0.2,0.1,0.4,0.1,0.1,0.1,0.5,0.0,65535.0,0.28288700694285496,0.0,65535.0,0.12721446555275806,0.0,0.0,0.0,0.0,0.0,0.0,0.0,0.0,0.0,0.0
150678.61,1.4168441230864277,0.0,30525.0,37.0,0.18369999999784428,30.5625,32.4375,36.870000000000005,0.0,0.0,0.0,0.0,0.0,20.0,0.3,0.1,0.2,0.1,0.4,0.1,0.1,0.1,0.5,0.0,65535.0,0.281879911497673,0.0,65535.0,0.12837415121690698,0.0,0.0,0.0,0.0,0.0,0.0,0.0,0.0,0.0,0.0
150738.69,1.4130047274546587,0.0,30525.0,37.0,0.1704999999978429,30.5625,32.4375,36.93000000000001,0.0,0.0,0.0,0.0,0.0,20.0,0.3,0.1,0.2,0.1,0.4,0.1,0.1,0.1,0.5,0.0,65535.0,0.28287174792095826,0.0,65535.0,0.12780956740672922,0.0,0.0,0.0,0.0,0.0,0.0,0.0,0.0,0.0,0.0
150798.74,1.428282107772199,0.0,30525.0,37.0,0.14749999999783114,30.625,32.4375,37.01000000000005,0.0,0.0,0.0,0.0,0.0,20.0,0.3,0.1,0.2,0.1,0.4,0.1,0.1,0.1,0.5,0.0,65535.0,0.2842755779354543,0.0,65535.0,0.1270618753337911,0.0,0.0,0.0,0.0,0.0,0.0,0.0,0.0,0.0,0.0
150858.79,1.4254498829574702,0.0,30525.0,37.0,0.17869999999783118,30.625,32.4375,36.89000000000004,0.0,0.0,0.0,0.0,0.0,20.0,0.3,0.1,0.2,0.1,0.4,0.1,0.1,0.1,0.5,0.0,65535.0,0.2847791256580453,0.0,65535.0,0.12729076066224154,0.0,0.0,0.0,0.0,0.0,0.0,0.0,0.0,0.0,0.0
150918.83,1.426540201590547,0.0,30525.0,37.0,0.13779999999783826,30.625,32.4375,37.05000000000001,0.0,0.0,0.0,0.0,0.0,20.0,0.3,0.1,0.2,0.1,0.4,0.1,0.1,0.1,0.5,0.0,65535.0,0.2826886396581979,0.0,65535.0,0.12678721293965056,0.0,0.0,0.0,0.0,0.0,0.0,0.0,0.0,0.0,0.0
150978.88,1.396185302033485,0.0,30525.0,37.0,0.16599999999783846,30.625,32.375,36.93000000000001,0.0,0.0,0.0,0.0,0.0,20.0,0.3,0.1,0.2,0.1,0.4,0.1,0.1,0.1,0.5,0.0,65535.0,0.28421454184786754,0.0,65535.0,0.12843518730449377,0.0,0.0,0.0,0.0,0.0,0.0,0.0,0.0,0.0,0.0
151038.93,1.4472858180613608,0.0,30525.0,37.0,0.18219999999783879,30.625,32.375,36.870000000000005,0.0,0.0,0.0,0.0,0.0,20.0,0.3,0.1,0.2,0.1,0.4,0.1,0.1,0.1,0.5,0.0,65535.0,0.2840772106507973,0.0,65535.0,0.1282825970855268,0.0,0.0,0.0,0.0,0.0,0.0,0.0,0.0,0.0,0.0
151098.98,1.4284097490320915,0.0,30525.0,37.0,0.17929999999782806,30.625,32.4375,36.89000000000004,0.0,0.0,0.0,0.0,0.0,20.0,0.3,0.1,0.2,0.1,0.4,0.1,0.1,0.1,0.5,0.0,65535.0,0.28459601739528495,0.0,65535.0,0.12736705577172502,0.0,0.0,0.0,0.0,0.0,0.0,0.0,0.0,0.0,0.0
151159.05,1.42913411493435,0.0,30525.0,37.0,0.17959999999782691,30.6875,32.4375,36.89000000000004,0.0,0.0,0.0,0.0,0.0,20.0,0.3,0.1,0.2,0.1,0.4,0.1,0.1,0.1,0.5,0.0,65535.0,0.2809643701838712,0.0,65535.0,0.12655832761120012,0.0,0.0,0.0,0.0,0.0,0.0,0.0,0.0,0.0,0.0
151219.13,1.4516815493749111,0.0,30525.0,37.0,0.10419999999783267,30.6875,32.4375,37.170000000000016,0.0,0.0,0.0,0.0,0.0,20.0,0.3,0.1,0.2,0.1,0.4,0.1,0.1,0.1,0.5,0.0,65535.0,0.28799877927824824,0.0,65535.0,0.12857251850156404,0.0,0.0,0.0,0.0,0.0,0.0,0.0,0.0,0.0,0.0
151279.2,1.4498319238155641,0.0,30525.0,37.0,0.16389999999783433,30.625,32.375,36.93000000000001,0.0,0.0,0.0,0.0,0.0,20.0,0.3,0.1,0.2,0.1,0.4,0.1,0.1,0.1,0.5,0.0,65535.0,0.28664072632944226,0.0,65535.0,0.12846570534828716,0.0,0.0,0.0,0.0,0.0,0.0,0.0,0.0,0.0,0.0
151339.27,1.4751777911732138,0.0,30525.0,37.0,0.24259999999782642,30.6875,32.4375,36.650000000000034,0.0,0.0,0.0,0.0,0.0,20.0,0.3,0.1,0.2,0.1,0.4,0.1,0.1,0.1,0.5,0.0,65535.0,0.2839093614099336,0.0,65535.0,0.126665140764477,0.0,0.0,0.0,0.0,0.0,0.0,0.0,0.0,0.0,0.0
151399.38,1.441667175409238,0.0,30525.0,37.0,0.18929999999782887,30.625,32.4375,36.85000000000002,0.0,0.0,0.0,0.0,0.0,20.0,0.3,0.1,0.2,0.1,0.4,0.1,0.1,0.1,0.5,0.0,65535.0,0.28453498130769816,0.0,65535.0,0.12780956740672922,0.0,0.0,0.0,0.0,0.0,0.0,0.0,0.0,0.0,0.0
151459.41,1.4706538410453645,0.0,30525.0,37.0,0.19139999999782784,30.625,32.4375,36.85000000000002,0.0,0.0,0.0,0.0,0.0,20.0,0.3,0.1,0.2,0.1,0.4,0.1,0.1,0.1,0.5,0.0,65535.0,0.2856336308842603,0.0,65535.0,0.12776379034103913,0.0,0.0,0.0,0.0,0.0,0.0,0.0,0.0,0.0,0.0
151519.49,1.4596081687573026,0.0,30525.0,37.0,0.1259999999978245,30.6875,32.4375,37.09000000000003,0.0,0.0,0.0,0.0,0.0,20.0,0.3,0.1,0.2,0.1,0.4,0.1,0.1,0.1,0.5,0.0,65535.0,0.28633554589150834,0.0,65535.0,0.1274128328374151,0.0,0.0,0.0,0.0,0.0,0.0,0.0,0.0,0.0,0.0
151579.64,1.4729454008811944,0.0,30525.0,37.0,0.18749999999782627,30.625,32.4375,36.85000000000002,0.0,0.0,0.0,0.0,0.0,20.0,0.3,0.1,0.2,0.1,0.4,0.1,0.1,0.1,0.5,0.0,65535.0,0.2885175860227359,0.0,65535.0,0.12907606622415504,0.0,0.0,0.0,0.0,0.0,0.0,0.0,0.0,0.0,0.0
151639.7,1.4791754062129228,0.0,30525.0,37.0,0.1839999999978303,30.625,32.375,36.870000000000005,0.0,0.0,0.0,0.0,0.0,20.0,0.3,0.1,0.2,0.1,0.4,0.1,0.1,0.1,0.5,0.0,65535.0,0.2863813229571984,0.0,65535.0,0.12800793469138627,0.0,0.0,0.0,0.0,0.0,0.0,0.0,0.0,0.0,0.0
151699.75,1.468025341910055,0.0,30525.0,37.0,0.11169999999782668,30.625,32.4375,37.170000000000016,0.0,0.0,0.0,0.0,0.0,20.0,0.3,0.1,0.2,0.1,0.4,0.1,0.1,0.1,0.5,0.0,65535.0,0.2890516517891203,0.0,65535.0,0.12779430838483252,0.0,0.0,0.0,0.0,0.0,0.0,0.0,0.0,0.0,0.0
151759.83,1.463082997895289,0.0,30525.0,37.0,0.12489999999782633,30.625,32.4375,37.110000000000014,0.0,0.0,0.0,0.0,0.0,20.0,0.3,0.1,0.2,0.1,0.4,0.1,0.1,0.1,0.5,0.0,65535.0,0.28674753948271914,0.0,65535.0,0.12634470130464637,0.0,0.0,0.0,0.0,0.0,0.0,0.0,0.0,0.0,0.0
151819.88,1.4585636422551516,0.0,30525.0,37.0,0.16929999999782772,30.6875,32.4375,36.93000000000001,0.0,0.0,0.0,0.0,0.0,20.0,0.3,0.1,0.2,0.1,0.4,0.1,0.1,0.1,0.5,0.0,65535.0,0.2882581826504921,0.0,65535.0,0.12887769893949796,0.0,0.0,0.0,0.0,0.0,0.0,0.0,0.0,0.0,0.0
151879.96,1.4191464747873896,0.0,30525.0,37.0,0.16959999999782743,30.625,32.4375,36.93000000000001,0.0,0.0,0.0,0.0,0.0,20.0,0.3,0.1,0.2,0.1,0.4,0.1,0.1,0.1,0.5,0.0,65535.0,0.2897535667963684,0.0,65535.0,0.1286793316548409,0.0,0.0,0.0,0.0,0.0,0.0,0.0,0.0,0.0,0.0
151940.04,1.4593641093163818,0.0,30525.0,37.0,0.1424999999978211,30.625,32.4375,37.03000000000003,0.0,0.0,0.0,0.0,0.0,20.0,0.3,0.1,0.2,0.1,0.4,0.1,0.1,0.1,0.5,0.0,65535.0,0.28751049057755396,0.0,65535.0,0.12695506218051422,0.0,0.0,0.0,0.0,0.0,0.0,0.0,0.0,0.0,0.0
152000.11,1.4403719426272974,0.0,30525.0,37.0,0.1200999999978247,30.625,32.4375,37.110000000000014,0.0,0.0,0.0,0.0,0.0,20.0,0.3,0.1,0.2,0.1,0.4,0.1,0.1,0.1,0.5,0.0,65535.0,0.28947890440222784,0.0,65535.0,0.12880140383001448,0.0,0.0,0.0,0.0,0.0,0.0,0.0,0.0,0.0,0.0
152060.16,1.4913016781225814,0.0,30525.0,37.0,0.16599999999782558,30.625,32.4375,36.93000000000001,0.0,0.0,0.0,0.0,0.0,20.0,0.3,0.1,0.2,0.1,0.4,0.1,0.1,0.1,0.5,0.0,65535.0,0.2873426413366903,0.0,65535.0,0.1266346227206836,0.0,0.0,0.0,0.0,0.0,0.0,0.0,0.0,0.0,0.0
152120.22,1.4443952819877783,0.0,30525.0,37.0,0.12389999999781867,30.625,32.4375,37.09000000000003,0.0,0.0,0.0,0.0,0.0,20.0,0.3,0.1,0.2,0.1,0.4,0.1,0.1,0.1,0.5,0.0,65535.0,0.2877546349279011,0.0,65535.0,0.127016098268101,0.0,0.0,0.0,0.0,0.0,0.0,0.0,0.0,0.0,0.0
152180.26,1.475187785654875,0.0,30525.0,37.0,0.19629999999782557,30.5625,32.4375,36.81,0.0,0.0,0.0,0.0,0.0,20.0,0.3,0.1,0.2,0.1,0.4,0.1,0.1,0.1,0.5,0.0,65535.0,0.2926985580224308,0.0,65535.0,0.12889295796139466,0.0,0.0,0.0,0.0,0.0,0.0,0.0,0.0,0.0,0.0
152240.31,1.5035175639179796,0.0,30525.0,37.0,0.16204999999781408,30.5625,32.4375,36.93000000000001,0.0,0.0,0.0,0.0,0.0,20.0,0.3,0.1,0.2,0.1,0.4,0.1,0.1,0.1,0.5,0.0,65535.0,0.2893568322270543,0.0,65535.0,0.12852674143587395,0.0,0.0,0.0,0.0,0.0,0.0,0.0,0.0,0.0,0.0
152300.35,1.4428029833736684,0.0,30525.0,37.0,0.15824999999781753,30.5625,32.375,36.85000000000002,0.0,0.0,0.0,0.0,0.0,20.0,0.3,0.1,0.2,0.1,0.4,0.1,0.1,0.1,0.5,0.0,65535.0,0.2896772716868849,0.0,65535.0,0.12889295796139466,0.0,0.0,0.0,0.0,0.0,0.0,0.0,0.0,0.0,0.0
152360.4,1.4426107143966531,0.0,30525.0,37.0,0.15944999999781642,30.625,32.4375,36.950000000000045,0.0,0.0,0.0,0.0,0.0,20.0,0.3,0.1,0.2,0.1,0.4,0.1,0.1,0.1,0.5,0.0,65535.0,0.28874647135118636,0.0,65535.0,0.12727550164034485,0.0,0.0,0.0,0.0,0.0,0.0,0.0,0.0,0.0,0.0
152420.44,1.4326663254690155,0.0,30525.0,37.0,0.10644999999781857,30.5625,32.4375,37.110000000000014,0.0,0.0,0.0,0.0,0.0,20.0,0.3,0.1,0.2,0.1,0.4,0.1,0.1,0.1,0.5,0.0,65535.0,0.29239337758449685,0.0,65535.0,0.12761120012207217,0.0,0.0,0.0,0.0,0.0,0.0,0.0,0.0,0.0,0.0
152480.48,1.4360988880587522,0.0,30525.0,37.0,0.14054999999781426,30.625,32.4375,36.870000000000005,0.0,0.0,0.0,0.0,0.0,20.0,0.3,0.1,0.2,0.1,0.4,0.1,0.1,0.1,0.5,0.0,65535.0,0.29242389562829024,0.0,65535.0,0.12837415121690698,0.0,0.0,0.0,0.0,0.0,0.0,0.0,0.0,0.0,0.0
152540.53,1.4715634220903797,0.0,30525.0,37.0,0.18324999999781974,30.5625,32.4375,36.870000000000005,0.0,0.0,0.0,0.0,0.0,20.0,0.3,0.1,0.2,0.1,0.4,0.1,0.1,0.1,0.5,0.0,65535.0,0.29030289158464945,0.0,65535.0,0.12809948882276645,0.0,0.0,0.0,0.0,0.0,0.0,0.0,0.0,0.0,0.0
152600.57,1.4394469937336318,0.0,30525.0,37.0,0.1367499999978177,30.5625,32.4375,36.81,0.0,0.0,0.0,0.0,0.0,20.0,0.3,0.1,0.2,0.1,0.4,0.1,0.1,0.1,0.5,0.0,65535.0,0.2896772716868849,0.0,65535.0,0.1274280918593118,0.0,0.0,0.0,0.0,0.0,0.0,0.0,0.0,0.0,0.0
152660.63,1.4392366983447862,0.0,30525.0,37.0,0.20564999999781441,30.625,32.4375,36.950000000000045,0.0,0.0,0.0,0.0,0.0,20.0,0.3,0.1,0.2,0.1,0.4,0.1,0.1,0.1,0.5,0.0,65535.0,0.29105058365758757,0.0,65535.0,0.1279011215381094,0.0,0.0,0.0,0.0,0.0,0.0,0.0,0.0,0.0,0.0
152720.7,1.4518422411041836,0.0,30525.0,37.0,0.15914999999781151,30.5625,32.4375,37.01000000000005,0.0,0.0,0.0,0.0,0.0,20.0,0.3,0.1,0.2,0.1,0.4,0.1,0.1,0.1,0.5,0.0,65535.0,0.2901503013656825,0.0,65535.0,0.12861829556725413,0.0,0.0,0.0,0.0,0.0,0.0,0.0,0.0,0.0,0.0
152780.78,1.4490659803914752,0.0,30525.0,37.0,0.14854999999780524,30.625,32.375,37.13000000000005,0.0,0.0,0.0,0.0,0.0,20.0,0.3,0.1,0.2,0.1,0.4,0.1,0.1,0.1,0.5,0.0,65535.0,0.2913405050736248,0.0,65535.0,0.12753490501258868,0.0,0.0,0.0,0.0,0.0,0.0,0.0,0.0,0.0,0.0
152840.83,1.4719829019434145,0.0,30525.0,37.0,0.18004999999780502,30.5625,32.375,36.89000000000004,0.0,0.0,0.0,0.0,0.0,20.0,0.3,0.1,0.2,0.1,0.4,0.1,0.1,0.1,0.5,0.0,65535.0,0.2904707408255131,0.0,65535.0,0.1274128328374151,0.0,0.0,0.0,0.0,0.0,0.0,0.0,0.0,0.0,0.0
152900.87,1.4444005261196178,0.0,30525.0,37.0,0.0879499999978001,30.6875,32.4375,37.01000000000005,0.0,0.0,0.0,0.0,0.0,20.0,0.3,0.1,0.2,0.1,0.4,0.1,0.1,0.1,0.5,0.0,65535.0,0.29246967269398033,0.0,65535.0,0.12776379034103913,0.0,0.0,0.0,0.0,0.0,0.0,0.0,0.0,0.0,0.0
152960.94,1.437888653032278,0.0,30525.0,37.0,0.14374999999780108,30.5,32.375,36.77000000000004,0.0,0.0,0.0,0.0,0.0,20.0,0.3,0.1,0.2,0.1,0.4,0.1,0.1,0.1,0.5,0.0,65535.0,0.29030289158464945,0.0,65535.0,0.12736705577172502,0.0,0.0,0.0,0.0,0.0,0.0,0.0,0.0,0.0,0.0
153020.98,1.509110578764978,0.0,30525.0,37.0,0.16294999999780038,30.625,32.4375,36.93000000000001,0.0,0.0,0.0,0.0,0.0,20.0,0.3,0.1,0.2,0.1,0.4,0.1,0.1,0.1,0.5,0.0,65535.0,0.29152361333638516,0.0,65535.0,0.1274738689250019,0.0,0.0,0.0,0.0,0.0,0.0,0.0,0.0,0.0,0.0
153081.03,1.4639723022998925,0.0,30525.0,37.0,0.12584999999780314,30.5625,32.4375,36.93000000000001,0.0,0.0,0.0,0.0,0.0,20.0,0.3,0.1,0.2,0.1,0.4,0.1,0.1,0.1,0.5,0.0,65535.0,0.291783016708629,0.0,65535.0,0.12840466926070038,0.0,0.0,0.0,0.0,0.0,0.0,0.0,0.0,0.0,0.0
153141.07,1.4552617781910788,0.0,30525.0,37.0,0.16504999999779846,30.625,32.375,37.13000000000005,0.0,0.0,0.0,0.0,0.0,20.0,0.3,0.1,0.2,0.1,0.4,0.1,0.1,0.1,0.5,0.0,65535.0,0.29204242008087283,0.0,65535.0,0.12845044632639047,0.0,0.0,0.0,0.0,0.0,0.0,0.0,0.0,0.0,0.0
153201.12,1.4391952309951337,0.0,30525.0,37.0,0.1709499999978073,30.625,32.375,37.05000000000001,0.0,0.0,0.0,0.0,0.0,20.0,0.3,0.1,0.2,0.1,0.4,0.1,0.1,0.1,0.5,0.0,65535.0,0.29620813305867094,0.0,65535.0,0.12848096437018386,0.0,0.0,0.0,0.0,0.0,0.0,0.0,0.0,0.0,0.0
153261.16,1.4514158478634895,0.0,30525.0,37.0,0.16384999999779612,30.625,32.4375,36.85000000000002,0.0,0.0,0.0,0.0,0.0,20.0,0.3,0.1,0.2,0.1,0.4,0.1,0.1,0.1,0.5,0.0,65535.0,0.2909742885481041,0.0,65535.0,0.12680247196154726,0.0,0.0,0.0,0.0,0.0,0.0,0.0,0.0,0.0,0.0
