exp_time,od_measured,od_setpoint,od_zero_setpoint,thermostat_setpoint,heating_rate,internal_air_temp,external_air_temp,media_temp,opt_gen_act_int,pump_1_rate,pump_2_rate,pump_3_rate,pump_4_rate,media_vol,stirring_rate,LED_395nm_setpoint,LED_457nm_setpoint,LED_500nm_setpoint,LED_523nm_setpoint,LED_595nm_setpoint,LED_623nm_setpoint,LED_6500K_setpoint,laser_setpoint,LED_UV_int,FP1_base,FP1_emit1,FP1_emit2,FP2_base,FP2_emit1,FP2_emit2,FP3_base,FP3_emit1,FP3_emit2,custom_prog_param1,custom_prog_param2,custom_prog_param3,custom_prog_status,zigzag_target,growth_rate
0.23,0.8083707034774862,0.0,17421.0,37.0,1.0,23.1875,32.0625,22.470000000000027,0.0,0.0,0.0,0.0,0.0,20.0,0.3,0.1,0.2,0.1,0.4,0.1,0.1,0.1,0.5,0.0,65535.0,0.061738002594033725,0.0,65535.0,0.051926451514457926,0.0,0.0,0.0,0.0,0.0,0.0,0.0,0.0,0.0,0.0
60.27,0.7963614780180484,0.0,17421.0,37.0,1.0,23.5,32.0625,24.230000000000018,0.0,0.0,0.0,0.0,0.0,20.0,0.3,0.1,0.2,0.1,0.4,0.1,0.1,0.1,0.5,0.0,65535.0,0.061203936827649345,0.0,65535.0,0.051651789120317385,0.0,0.0,0.0,0.0,0.0,0.0,0.0,0.0,0.0,0.0
120.35,0.8044923318949511,0.0,17421.0,37.0,1.0,24.25,32.0625,26.29000000000002,0.0,0.0,0.0,0.0,0.0,20.0,0.3,0.1,0.2,0.1,0.4,0.1,0.1,0.1,0.5,0.0,65535.0,0.06060883497367819,0.0,65535.0,0.051026169222552833,0.0,0.0,0.0,0.0,0.0,0.0,0.0,0.0,0.0,0.0
180.43,0.8001803457807659,0.0,17421.0,37.0,1.0,25.125,32.0625,28.33000000000004,0.0,0.0,0.0,0.0,0.0,20.0,0.3,0.1,0.2,0.1,0.4,0.1,0.1,0.1,0.5,0.0,65535.0,0.05955596246280613,0.0,65535.0,0.05154497596704051,0.0,0.0,0.0,0.0,0.0,0.0,0.0,0.0,0.0,0.0
240.48,0.7978216075618378,0.0,17421.0,37.0,1.0,25.875,32.0625,30.190000000000055,0.0,0.0,0.0,0.0,0.0,20.0,0.3,0.1,0.2,0.1,0.4,0.1,0.1,0.1,0.5,0.0,65535.0,0.05909819180590524,0.0,65535.0,0.05166704814221408,0.0,0.0,0.0,0.0,0.0,0.0,0.0,0.0,0.0,0.0
300.54,0.8071027533971311,0.0,17421.0,37.0,1.0,26.75,32.0625,32.110000000000014,0.0,0.0,0.0,0.0,0.0,20.0,0.3,0.1,0.2,0.1,0.4,0.1,0.1,0.1,0.5,0.0,65535.0,0.058777752346074616,0.0,65535.0,0.05123979552910658,0.0,0.0,0.0,0.0,0.0,0.0,0.0,0.0,0.0,0.0
360.6,0.8919119451519535,0.0,17421.0,37.0,1.0,27.75,32.125,33.650000000000034,0.0,0.0,0.0,0.0,0.0,20.0,0.3,0.1,0.2,0.1,0.4,0.1,0.1,0.1,0.5,0.0,65535.0,0.05822842755779355,0.0,65535.0,0.05154497596704051,0.0,0.0,0.0,0.0,0.0,0.0,0.0,0.0,0.0,0.0
420.68,0.8017864793921072,0.0,17421.0,37.0,0.37364999999999154,28.625,32.125,35.450000000000045,0.0,0.0,0.0,0.0,0.0,20.0,0.3,0.1,0.2,0.1,0.4,0.1,0.1,0.1,0.5,0.0,65535.0,0.05696192874036774,0.0,65535.0,0.05003433279926757,0.0,0.0,0.0,0.0,0.0,0.0,0.0,0.0,0.0,0.0
480.75,0.8136089750703933,0.0,17421.0,37.0,0.20234999999999814,29.3125,32.125,36.31,0.0,0.0,0.0,0.0,0.0,20.0,0.3,0.1,0.2,0.1,0.4,0.1,0.1,0.1,0.5,0.0,65535.0,0.05758754863813229,0.0,65535.0,0.05012588693064775,0.0,0.0,0.0,0.0,0.0,0.0,0.0,0.0,0.0,0.0
540.79,0.7635194601683797,0.0,17421.0,37.0,0.2165499999999872,29.625,32.1875,36.23000000000002,0.0,0.0,0.0,0.0,0.0,20.0,0.3,0.1,0.2,0.1,0.4,0.1,0.1,0.1,0.5,0.0,65535.0,0.05720607309071488,0.0,65535.0,0.05058365758754864,0.0,0.0,0.0,0.0,0.0,0.0,0.0,0.0,0.0,0.0
600.86,0.7621357767222445,0.0,17421.0,37.0,0.2524499999999966,29.875,32.1875,36.29000000000002,0.0,0.0,0.0,0.0,0.0,20.0,0.3,0.1,0.2,0.1,0.4,0.1,0.1,0.1,0.5,0.0,65535.0,0.05696192874036774,0.0,65535.0,0.05044632639047837,0.0,0.0,0.0,0.0,0.0,0.0,0.0,0.0,0.0,0.0
660.94,0.8688712909904363,0.0,17421.0,37.0,0.26424999999998616,30.0625,32.1875,36.170000000000016,0.0,0.0,0.0,0.0,0.0,20.0,0.3,0.1,0.2,0.1,0.4,0.1,0.1,0.1,0.5,0.0,65535.0,0.057770656900892656,0.0,65535.0,0.050888838025482566,0.0,0.0,0.0,0.0,0.0,0.0,0.0,0.0,0.0,0.0
720.98,0.8110618076870453,0.0,17421.0,37.0,0.22074999999998252,30.25,32.1875,36.31,0.0,0.0,0.0,0.0,0.0,20.0,0.3,0.1,0.2,0.1,0.4,0.1,0.1,0.1,0.5,0.0,65535.0,0.05758754863813229,0.0,65535.0,0.05046158541237507,0.0,0.0,0.0,0.0,0.0,0.0,0.0,0.0,0.0,0.0
781.05,0.8115433242727228,0.0,17421.0,37.0,0.3117499999999896,30.3125,32.1875,36.170000000000016,0.0,0.0,0.0,0.0,0.0,20.0,0.3,0.1,0.2,0.1,0.4,0.1,0.1,0.1,0.5,0.0,65535.0,0.058197909514000154,0.0,65535.0,0.051224536507209886,0.0,0.0,0.0,0.0,0.0,0.0,0.0,0.0,0.0,0.0
841.09,0.8142018159253595,0.0,17421.0,37.0,0.2776499999999916,30.4375,32.25,36.31,0.0,0.0,0.0,0.0,0.0,20.0,0.3,0.1,0.2,0.1,0.4,0.1,0.1,0.1,0.5,0.0,65535.0,0.05821316853589685,0.0,65535.0,0.051926451514457926,0.0,0.0,0.0,0.0,0.0,0.0,0.0,0.0,0.0,0.0
901.13,0.81196896018176,0.0,17421.0,37.0,0.2122499999999877,30.5,32.25,36.31,0.0,0.0,0.0,0.0,0.0,20.0,0.3,0.1,0.2,0.1,0.4,0.1,0.1,0.1,0.5,0.0,65535.0,0.05828946364538033,0.0,65535.0,0.051148241397726404,0.0,0.0,0.0,0.0,0.0,0.0,0.0,0.0,0.0,0.0
961.18,0.7994394579347357,0.0,17421.0,37.0,0.28364999999998897,30.625,32.25,36.53000000000003,0.0,0.0,0.0,0.0,0.0,20.0,0.3,0.1,0.2,0.1,0.4,0.1,0.1,0.1,0.5,0.0,65535.0,0.05809109636072328,0.0,65535.0,0.051316090638590064,0.0,0.0,0.0,0.0,0.0,0.0,0.0,0.0,0.0,0.0
1021.22,0.8115821745294158,0.0,17421.0,37.0,0.23144999999998558,30.625,32.25,36.63000000000005,0.0,0.0,0.0,0.0,0.0,20.0,0.3,0.1,0.2,0.1,0.4,0.1,0.1,0.1,0.5,0.0,65535.0,0.05828946364538033,0.0,65535.0,0.051316090638590064,0.0,0.0,0.0,0.0,0.0,0.0,0.0,0.0,0.0,0.0
1081.3,0.8125424932203273,0.0,17421.0,37.0,0.24634999999997972,30.75,32.25,36.49000000000001,0.0,0.0,0.0,0.0,0.0,20.0,0.3,0.1,0.2,0.1,0.4,0.1,0.1,0.1,0.5,0.0,65535.0,0.05862516212710765,0.0,65535.0,0.05134660868238346,0.0,0.0,0.0,0.0,0.0,0.0,0.0,0.0,0.0,0.0
1141.37,0.800820722179536,0.0,17421.0,37.0,0.23294999999998284,30.75,32.25,36.690000000000055,0.0,0.0,0.0,0.0,0.0,20.0,0.3,0.1,0.2,0.1,0.4,0.1,0.1,0.1,0.5,0.0,65535.0,0.0584115358205539,0.0,65535.0,0.05181963836118105,0.0,0.0,0.0,0.0,0.0,0.0,0.0,0.0,0.0,0.0
1201.45,0.8086045562763867,0.0,17421.0,37.0,0.25714999999997756,30.8125,32.3125,36.690000000000055,0.0,0.0,0.0,0.0,0.0,20.0,0.3,0.1,0.2,0.1,0.4,0.1,0.1,0.1,0.5,0.0,65535.0,0.05879301136797131,0.0,65535.0,0.05149919890135042,0.0,0.0,0.0,0.0,0.0,0.0,0.0,0.0,0.0,0.0
1261.53,0.8001933463000819,0.0,17421.0,37.0,0.26174999999998105,30.875,32.25,36.79000000000002,0.0,0.0,0.0,0.0,0.0,20.0,0.3,0.1,0.2,0.1,0.4,0.1,0.1,0.1,0.5,0.0,65535.0,0.05871671625848783,0.0,65535.0,0.051697566186007474,0.0,0.0,0.0,0.0,0.0,0.0,0.0,0.0,0.0,0.0
1321.61,0.8117897531943201,0.0,17421.0,37.0,0.2400499999999741,30.9375,32.25,36.93000000000001,0.0,0.0,0.0,0.0,0.0,20.0,0.3,0.1,0.2,0.1,0.4,0.1,0.1,0.1,0.5,0.0,65535.0,0.058823529411764705,0.0,65535.0,0.051483939879453725,0.0,0.0,0.0,0.0,0.0,0.0,0.0,0.0,0.0,0.0
1381.69,0.8015169640959428,0.0,17421.0,37.0,0.2439499999999731,31.0,32.3125,36.57000000000005,0.0,0.0,0.0,0.0,0.0,20.0,0.3,0.1,0.2,0.1,0.4,0.1,0.1,0.1,0.5,0.0,65535.0,0.05888456549935149,0.0,65535.0,0.05223163195239185,0.0,0.0,0.0,0.0,0.0,0.0,0.0,0.0,0.0,0.0
1441.75,0.8016954735257625,0.0,17421.0,37.0,0.24664999999997234,31.125,32.25,36.81,0.0,0.0,0.0,0.0,0.0,20.0,0.3,0.1,0.2,0.1,0.4,0.1,0.1,0.1,0.5,0.0,65535.0,0.05891508354314488,0.0,65535.0,0.051606012054627295,0.0,0.0,0.0,0.0,0.0,0.0,0.0,0.0,0.0,0.0
1501.78,0.7984501047944572,0.0,17421.0,37.0,0.2463499999999709,31.125,32.25,36.73000000000002,0.0,0.0,0.0,0.0,0.0,20.0,0.3,0.1,0.2,0.1,0.4,0.1,0.1,0.1,0.5,0.0,65535.0,0.059372854200045774,0.0,65535.0,0.05232318608377203,0.0,0.0,0.0,0.0,0.0,0.0,0.0,0.0,0.0,0.0
1561.82,0.8311454149795369,0.0,17421.0,37.0,0.2540499999999798,31.1875,32.3125,36.870000000000005,0.0,0.0,0.0,0.0,0.0,20.0,0.3,0.1,0.2,0.1,0.4,0.1,0.1,0.1,0.5,0.0,65535.0,0.05941863126573586,0.0,65535.0,0.052140077821011675,0.0,0.0,0.0,0.0,0.0,0.0,0.0,0.0,0.0,0.0
1621.85,0.8293010539184841,0.0,17421.0,37.0,0.23144999999997362,31.1875,32.3125,36.870000000000005,0.0,0.0,0.0,0.0,0.0,20.0,0.3,0.1,0.2,0.1,0.4,0.1,0.1,0.1,0.5,0.0,65535.0,0.05940337224383917,0.0,65535.0,0.052140077821011675,0.0,0.0,0.0,0.0,0.0,0.0,0.0,0.0,0.0,0.0
1681.89,0.8132360188946866,0.0,17421.0,37.0,0.21794999999997253,31.1875,32.3125,36.77000000000004,0.0,0.0,0.0,0.0,0.0,20.0,0.3,0.1,0.2,0.1,0.4,0.1,0.1,0.1,0.5,0.0,65535.0,0.06033417257953765,0.0,65535.0,0.05238422217135882,0.0,0.0,0.0,0.0,0.0,0.0,0.0,0.0,0.0,0.0
1741.94,0.8080259797258742,0.0,17421.0,37.0,0.1926499999999654,31.25,32.3125,36.81,0.0,0.0,0.0,0.0,0.0,20.0,0.3,0.1,0.2,0.1,0.4,0.1,0.1,0.1,0.5,0.0,65535.0,0.06030365453574426,0.0,65535.0,0.05171282520790417,0.0,0.0,0.0,0.0,0.0,0.0,0.0,0.0,0.0,0.0
1802.01,0.8135929705610515,0.0,17421.0,37.0,0.23414999999997113,31.25,32.3125,36.79000000000002,0.0,0.0,0.0,0.0,0.0,20.0,0.3,0.1,0.2,0.1,0.4,0.1,0.1,0.1,0.5,0.0,65535.0,0.06005951018539712,0.0,65535.0,0.05345235370412756,0.0,0.0,0.0,0.0,0.0,0.0,0.0,0.0,0.0,0.0
1862.07,0.808672028420256,0.0,17421.0,37.0,0.19534999999996377,31.3125,32.375,36.77000000000004,0.0,0.0,0.0,0.0,0.0,20.0,0.3,0.1,0.2,0.1,0.4,0.1,0.1,0.1,0.5,0.0,65535.0,0.06030365453574426,0.0,65535.0,0.05258258945601587,0.0,0.0,0.0,0.0,0.0,0.0,0.0,0.0,0.0,0.0
1922.15,0.8045384154764876,0.0,17421.0,37.0,0.2380499999999693,31.3125,32.375,36.870000000000005,0.0,0.0,0.0,0.0,0.0,20.0,0.3,0.1,0.2,0.1,0.4,0.1,0.1,0.1,0.5,0.0,65535.0,0.0605630579079881,0.0,65535.0,0.05206378271152819,0.0,0.0,0.0,0.0,0.0,0.0,0.0,0.0,0.0,0.0
1982.23,0.8096980150599948,0.0,17421.0,37.0,0.28044999999997505,31.375,32.375,37.09000000000003,0.0,0.0,0.0,0.0,0.0,20.0,0.3,0.1,0.2,0.1,0.4,0.1,0.1,0.1,0.5,0.0,65535.0,0.06118867780575265,0.0,65535.0,0.052857251850156405,0.0,0.0,0.0,0.0,0.0,0.0,0.0,0.0,0.0,0.0
2042.31,0.8106643238841396,0.0,17421.0,37.0,0.20334999999997155,31.375,32.3125,36.89000000000004,0.0,0.0,0.0,0.0,0.0,20.0,0.3,0.1,0.2,0.1,0.4,0.1,0.1,0.1,0.5,0.0,65535.0,0.06083772030212863,0.0,65535.0,0.052429999237048906,0.0,0.0,0.0,0.0,0.0,0.0,0.0,0.0,0.0,0.0
2102.38,0.8024925514764643,0.0,17421.0,37.0,0.23624999999996749,31.4375,32.4375,36.89000000000004,0.0,0.0,0.0,0.0,0.0,20.0,0.3,0.1,0.2,0.1,0.4,0.1,0.1,0.1,0.5,0.0,65535.0,0.06143282215609979,0.0,65535.0,0.05227740901808194,0.0,0.0,0.0,0.0,0.0,0.0,0.0,0.0,0.0,0.0
2162.42,0.8056742561656435,0.0,17421.0,37.0,0.24424999999996191,31.4375,32.375,36.81,0.0,0.0,0.0,0.0,0.0,20.0,0.3,0.1,0.2,0.1,0.4,0.1,0.1,0.1,0.5,0.0,65535.0,0.06155489433127337,0.0,65535.0,0.05262836652170596,0.0,0.0,0.0,0.0,0.0,0.0,0.0,0.0,0.0,0.0
2222.51,0.8043355418737438,0.0,17421.0,37.0,0.2807499999999722,31.375,32.375,37.05000000000001,0.0,0.0,0.0,0.0,0.0,20.0,0.3,0.1,0.2,0.1,0.4,0.1,0.1,0.1,0.5,0.0,65535.0,0.06155489433127337,0.0,65535.0,0.052429999237048906,0.0,0.0,0.0,0.0,0.0,0.0,0.0,0.0,0.0,0.0
2282.58,0.8062360853873632,0.0,17421.0,37.0,0.1974499999999584,31.4375,32.375,36.870000000000005,0.0,0.0,0.0,0.0,0.0,20.0,0.3,0.1,0.2,0.1,0.4,0.1,0.1,0.1,0.5,0.0,65535.0,0.0618448157473106,0.0,65535.0,0.053025101091020065,0.0,0.0,0.0,0.0,0.0,0.0,0.0,0.0,0.0,0.0
2342.62,0.8199288639308949,0.0,17421.0,37.0,0.3104499999999568,31.4375,32.4375,37.09000000000003,0.0,0.0,0.0,0.0,0.0,20.0,0.3,0.1,0.2,0.1,0.4,0.1,0.1,0.1,0.5,0.0,65535.0,0.06205844205386435,0.0,65535.0,0.05265888456549935,0.0,0.0,0.0,0.0,0.0,0.0,0.0,0.0,0.0,0.0
2402.66,0.8130329357145416,0.0,17421.0,37.0,0.20044999999995652,31.5625,32.4375,36.950000000000045,0.0,0.0,0.0,0.0,0.0,20.0,0.3,0.1,0.2,0.1,0.4,0.1,0.1,0.1,0.5,0.0,65535.0,0.06257724879835203,0.0,65535.0,0.05305561913481346,0.0,0.0,0.0,0.0,0.0,0.0,0.0,0.0,0.0,0.0
2462.71,0.7903551609093118,0.0,17421.0,37.0,0.23924999999996216,31.4375,32.4375,36.85000000000002,0.0,0.0,0.0,0.0,0.0,20.0,0.3,0.1,0.2,0.1,0.4,0.1,0.1,0.1,0.5,0.0,65535.0,0.06271457999542229,0.0,65535.0,0.052765697718776226,0.0,0.0,0.0,0.0,0.0,0.0,0.0,0.0,0.0,0.0
2522.78,0.8043914453404962,0.0,17421.0,37.0,0.20894999999996042,31.5,32.5,36.81,0.0,0.0,0.0,0.0,0.0,20.0,0.3,0.1,0.2,0.1,0.4,0.1,0.1,0.1,0.5,0.0,65535.0,0.06292820630197604,0.0,65535.0,0.05282673380636301,0.0,0.0,0.0,0.0,0.0,0.0,0.0,0.0,0.0,0.0
2582.86,0.7958078742244789,0.0,17421.0,37.0,0.19444999999995427,31.5,32.5,36.950000000000045,0.0,0.0,0.0,0.0,0.0,20.0,0.3,0.1,0.2,0.1,0.4,0.1,0.1,0.1,0.5,0.0,65535.0,0.06280613412680247,0.0,65535.0,0.0528877698939498,0.0,0.0,0.0,0.0,0.0,0.0,0.0,0.0,0.0,0.0
2642.9,0.7965465099903783,0.0,17421.0,37.0,0.23354999999995962,31.5625,32.4375,36.950000000000045,0.0,0.0,0.0,0.0,0.0,20.0,0.3,0.1,0.2,0.1,0.4,0.1,0.1,0.1,0.5,0.0,65535.0,0.06321812771801327,0.0,65535.0,0.0532845044632639,0.0,0.0,0.0,0.0,0.0,0.0,0.0,0.0,0.0,0.0
2702.94,0.8061247000699393,0.0,17421.0,37.0,0.2338499999999585,31.5,32.5,37.01000000000005,0.0,0.0,0.0,0.0,0.0,20.0,0.3,0.1,0.2,0.1,0.4,0.1,0.1,0.1,0.5,0.0,65535.0,0.0639200427252613,0.0,65535.0,0.05333028152895399,0.0,0.0,0.0,0.0,0.0,0.0,0.0,0.0,0.0,0.0
2762.99,0.7949992434470525,0.0,17421.0,37.0,0.2668499999999586,31.5,32.5,36.870000000000005,0.0,0.0,0.0,0.0,0.0,20.0,0.3,0.1,0.2,0.1,0.4,0.1,0.1,0.1,0.5,0.0,65535.0,0.06363012130922407,0.0,65535.0,0.053147173266193636,0.0,0.0,0.0,0.0,0.0,0.0,0.0,0.0,0.0,0.0
2823.03,0.8000041086123482,0.0,17421.0,37.0,0.2047499999999557,31.5,32.5,37.13000000000005,0.0,0.0,0.0,0.0,0.0,20.0,0.3,0.1,0.2,0.1,0.4,0.1,0.1,0.1,0.5,0.0,65535.0,0.06414892805371175,0.0,65535.0,0.0532997634851606,0.0,0.0,0.0,0.0,0.0,0.0,0.0,0.0,0.0,0.0
2883.1,0.7989225791427631,0.0,17421.0,37.0,0.2135499999999602,31.5625,32.5,36.93000000000001,0.0,0.0,0.0,0.0,0.0,20.0,0.3,0.1,0.2,0.1,0.4,0.1,0.1,0.1,0.5,0.0,65535.0,0.06460669871061266,0.0,65535.0,0.05304036011291676,0.0,0.0,0.0,0.0,0.0,0.0,0.0,0.0,0.0,0.0
2943.2,0.7924245528835518,0.0,17421.0,37.0,0.2253499999999503,31.5625,32.4375,37.110000000000014,0.0,0.0,0.0,0.0,0.0,20.0,0.3,0.1,0.2,0.1,0.4,0.1,0.1,0.1,0.5,0.0,65535.0,0.06503395132372015,0.0,65535.0,0.05360494392309453,0.0,0.0,0.0,0.0,0.0,0.0,0.0,0.0,0.0,0.0
3003.3,0.8100521252691633,0.0,17421.0,37.0,0.2174499999999592,31.625,32.5625,36.97000000000003,0.0,0.0,0.0,0.0,0.0,20.0,0.3,0.1,0.2,0.1,0.4,0.1,0.1,0.1,0.5,0.0,65535.0,0.06469825284199283,0.0,65535.0,0.05325398641947051,0.0,0.0,0.0,0.0,0.0,0.0,0.0,0.0,0.0,0.0
3063.37,0.8012860146316582,0.0,17421.0,37.0,0.18414999999995765,31.625,32.5625,37.01000000000005,0.0,0.0,0.0,0.0,0.0,20.0,0.3,0.1,0.2,0.1,0.4,0.1,0.1,0.1,0.5,0.0,65535.0,0.06541542687113756,0.0,65535.0,0.05362020294499122,0.0,0.0,0.0,0.0,0.0,0.0,0.0,0.0,0.0,0.0
3123.46,0.7981136832986543,0.0,17421.0,37.0,0.21794999999995363,31.5625,32.5,36.89000000000004,0.0,0.0,0.0,0.0,0.0,20.0,0.3,0.1,0.2,0.1,0.4,0.1,0.1,0.1,0.5,0.0,65535.0,0.06582742046234837,0.0,65535.0,0.05407797360189212,0.0,0.0,0.0,0.0,0.0,0.0,0.0,0.0,0.0,0.0
3183.52,0.8153679364840433,0.0,17421.0,37.0,0.15724999999994516,31.5,32.5625,36.950000000000045,0.0,0.0,0.0,0.0,0.0,20.0,0.3,0.1,0.2,0.1,0.4,0.1,0.1,0.1,0.5,0.0,65535.0,0.06598001068131533,0.0,65535.0,0.05412375066758221,0.0,0.0,0.0,0.0,0.0,0.0,0.0,0.0,0.0,0.0
3243.6,0.8161564692673478,0.0,17421.0,37.0,0.21014999999995132,31.5625,32.5625,36.93000000000001,0.0,0.0,0.0,0.0,0.0,20.0,0.3,0.1,0.2,0.1,0.4,0.1,0.1,0.1,0.5,0.0,65535.0,0.06626993209735256,0.0,65535.0,0.053696498054474705,0.0,0.0,0.0,0.0,0.0,0.0,0.0,0.0,0.0,0.0
3303.64,0.8018346257974569,0.0,17421.0,37.0,0.24874999999994718,31.5625,32.625,36.73000000000002,0.0,0.0,0.0,0.0,0.0,20.0,0.3,0.1,0.2,0.1,0.4,0.1,0.1,0.1,0.5,0.0,65535.0,0.0661173418783856,0.0,65535.0,0.05360494392309453,0.0,0.0,0.0,0.0,0.0,0.0,0.0,0.0,0.0,0.0
3363.67,0.8085049232961888,0.0,17421.0,37.0,0.27674999999995187,31.5,32.5625,36.710000000000036,0.0,0.0,0.0,0.0,0.0,20.0,0.3,0.1,0.2,0.1,0.4,0.1,0.1,0.1,0.5,0.0,65535.0,0.06672770275425345,0.0,65535.0,0.053315022507057296,0.0,0.0,0.0,0.0,0.0,0.0,0.0,0.0,0.0,0.0
3423.72,0.8050367110904707,0.0,17421.0,37.0,0.25204999999994504,31.625,32.625,36.950000000000045,0.0,0.0,0.0,0.0,0.0,20.0,0.3,0.1,0.2,0.1,0.4,0.1,0.1,0.1,0.5,0.0,65535.0,0.0669260700389105,0.0,65535.0,0.054306858930342566,0.0,0.0,0.0,0.0,0.0,0.0,0.0,0.0,0.0,0.0
3483.76,0.8112412108165665,0.0,17421.0,37.0,0.22054999999994268,31.5625,32.5625,36.81,0.0,0.0,0.0,0.0,0.0,20.0,0.3,0.1,0.2,0.1,0.4,0.1,0.1,0.1,0.5,0.0,65535.0,0.06720073243305104,0.0,65535.0,0.05381857022964828,0.0,0.0,0.0,0.0,0.0,0.0,0.0,0.0,0.0,0.0
3543.82,0.7925419946824503,0.0,17421.0,37.0,0.21464999999994633,31.5625,32.5625,36.89000000000004,0.0,0.0,0.0,0.0,0.0,20.0,0.3,0.1,0.2,0.1,0.4,0.1,0.1,0.1,0.5,0.0,65535.0,0.06805523765926604,0.0,65535.0,0.053803311207751586,0.0,0.0,0.0,0.0,0.0,0.0,0.0,0.0,0.0,0.0
3603.87,0.811805385158203,0.0,17421.0,37.0,0.15694999999993853,31.625,32.5625,36.85000000000002,0.0,0.0,0.0,0.0,0.0,20.0,0.3,0.1,0.2,0.1,0.4,0.1,0.1,0.1,0.5,0.0,65535.0,0.068207827878233,0.0,65535.0,0.054184786755168995,0.0,0.0,0.0,0.0,0.0,0.0,0.0,0.0,0.0,0.0
3663.91,0.8281197216012572,0.0,17421.0,37.0,0.25604999999994615,31.5625,32.625,36.79000000000002,0.0,0.0,0.0,0.0,0.0,20.0,0.3,0.1,0.2,0.1,0.4,0.1,0.1,0.1,0.5,0.0,65535.0,0.06805523765926604,0.0,65535.0,0.053772793163958194,0.0,0.0,0.0,0.0,0.0,0.0,0.0,0.0,0.0,0.0
3723.98,0.8114195462158157,0.0,17421.0,37.0,0.25994999999994517,31.5625,32.625,36.870000000000005,0.0,0.0,0.0,0.0,0.0,20.0,0.3,0.1,0.2,0.1,0.4,0.1,0.1,0.1,0.5,0.0,65535.0,0.06848249027237355,0.0,65535.0,0.054306858930342566,0.0,0.0,0.0,0.0,0.0,0.0,0.0,0.0,0.0,0.0
3784.06,0.8205296577581089,0.0,17421.0,37.0,0.23524999999993837,31.5625,32.5625,37.03000000000003,0.0,0.0,0.0,0.0,0.0,20.0,0.3,0.1,0.2,0.1,0.4,0.1,0.1,0.1,0.5,0.0,65535.0,0.06894026092927444,0.0,65535.0,0.05433737697413596,0.0,0.0,0.0,0.0,0.0,0.0,0.0,0.0,0.0,0.0
3844.14,0.8096859799363301,0.0,17421.0,37.0,0.2152499999999415,31.5625,32.625,36.93000000000001,0.0,0.0,0.0,0.0,0.0,20.0,0.3,0.1,0.2,0.1,0.4,0.1,0.1,0.1,0.5,0.0,65535.0,0.06897077897306783,0.0,65535.0,0.05448996719310292,0.0,0.0,0.0,0.0,0.0,0.0,0.0,0.0,0.0,0.0
3904.22,0.8108627067649068,0.0,17421.0,37.0,0.217549999999936,31.625,32.625,36.870000000000005,0.0,0.0,0.0,0.0,0.0,20.0,0.3,0.1,0.2,0.1,0.4,0.1,0.1,0.1,0.5,0.0,65535.0,0.06964217593652247,0.0,65535.0,0.05412375066758221,0.0,0.0,0.0,0.0,0.0,0.0,0.0,0.0,0.0,0.0
3964.29,0.8181202323725141,0.0,17421.0,37.0,0.2128499999999394,31.5625,32.625,36.73000000000002,0.0,0.0,0.0,0.0,0.0,20.0,0.3,0.1,0.2,0.1,0.4,0.1,0.1,0.1,0.5,0.0,65535.0,0.07023727779049363,0.0,65535.0,0.05420004577706569,0.0,0.0,0.0,0.0,0.0,0.0,0.0,0.0,0.0,0.0
4024.33,0.8007658487650328,0.0,17421.0,37.0,0.2543499999999451,31.5625,32.625,36.93000000000001,0.0,0.0,0.0,0.0,0.0,20.0,0.3,0.1,0.2,0.1,0.4,0.1,0.1,0.1,0.5,0.0,65535.0,0.06981002517738613,0.0,65535.0,0.05420004577706569,0.0,0.0,0.0,0.0,0.0,0.0,0.0,0.0,0.0,0.0
4084.36,0.8108131545172682,0.0,17421.0,37.0,0.22844999999993854,31.625,32.625,36.870000000000005,0.0,0.0,0.0,0.0,0.0,20.0,0.3,0.1,0.2,0.1,0.4,0.1,0.1,0.1,0.5,0.0,65535.0,0.07064927138170443,0.0,65535.0,0.05403219653620203,0.0,0.0,0.0,0.0,0.0,0.0,0.0,0.0,0.0,0.0
4144.44,0.8170608355341769,0.0,17421.0,37.0,0.26874999999994453,31.5625,32.625,36.79000000000002,0.0,0.0,0.0,0.0,0.0,20.0,0.3,0.1,0.2,0.1,0.4,0.1,0.1,0.1,0.5,0.0,65535.0,0.07048142214084077,0.0,65535.0,0.054444190127412834,0.0,0.0,0.0,0.0,0.0,0.0,0.0,0.0,0.0,0.0
4204.47,0.8173680971606692,0.0,17421.0,37.0,0.25554999999994316,31.625,32.625,36.85000000000002,0.0,0.0,0.0,0.0,0.0,20.0,0.3,0.1,0.2,0.1,0.4,0.1,0.1,0.1,0.5,0.0,65535.0,0.07115281910429541,0.0,65535.0,0.054352635996032655,0.0,0.0,0.0,0.0,0.0,0.0,0.0,0.0,0.0,0.0
4264.52,0.8236490902839488,0.0,17421.0,37.0,0.26114999999993804,31.5625,32.6875,36.79000000000002,0.0,0.0,0.0,0.0,0.0,20.0,0.3,0.1,0.2,0.1,0.4,0.1,0.1,0.1,0.5,0.0,65535.0,0.0712291142137789,0.0,65535.0,0.054306858930342566,0.0,0.0,0.0,0.0,0.0,0.0,0.0,0.0,0.0,0.0
4324.56,0.81013515335214,0.0,17421.0,37.0,0.2756499999999425,31.625,32.625,37.01000000000005,0.0,0.0,0.0,0.0,0.0,20.0,0.3,0.1,0.2,0.1,0.4,0.1,0.1,0.1,0.5,0.0,65535.0,0.07125963225757229,0.0,65535.0,0.05398641947051194,0.0,0.0,0.0,0.0,0.0,0.0,0.0,0.0,0.0,0.0
4384.62,0.8132630445770888,0.0,17421.0,37.0,0.22094999999993453,31.625,32.6875,37.210000000000036,0.0,0.0,0.0,0.0,0.0,20.0,0.3,0.1,0.2,0.1,0.4,0.1,0.1,0.1,0.5,0.0,65535.0,0.07258716716258488,0.0,65535.0,0.0550087739375906,0.0,0.0,0.0,0.0,0.0,0.0,0.0,0.0,0.0,0.0
4444.69,0.81276490361925,0.0,17421.0,37.0,0.1976499999999381,31.6875,32.625,36.93000000000001,0.0,0.0,0.0,0.0,0.0,20.0,0.3,0.1,0.2,0.1,0.4,0.1,0.1,0.1,0.5,0.0,65535.0,0.07188525215533684,0.0,65535.0,0.05429159990844587,0.0,0.0,0.0,0.0,0.0,0.0,0.0,0.0,0.0,0.0
4504.76,0.8103289800270194,0.0,17421.0,37.0,0.2005499999999329,31.625,32.625,37.03000000000003,0.0,0.0,0.0,0.0,0.0,20.0,0.3,0.1,0.2,0.1,0.4,0.1,0.1,0.1,0.5,0.0,65535.0,0.07267872129396506,0.0,65535.0,0.0545815213244831,0.0,0.0,0.0,0.0,0.0,0.0,0.0,0.0,0.0,0.0
4564.84,0.8167258438273729,0.0,17421.0,37.0,0.22784999999993308,31.625,32.6875,36.97000000000003,0.0,0.0,0.0,0.0,0.0,20.0,0.3,0.1,0.2,0.1,0.4,0.1,0.1,0.1,0.5,0.0,65535.0,0.07273975738155185,0.0,65535.0,0.054688334477759976,0.0,0.0,0.0,0.0,0.0,0.0,0.0,0.0,0.0,0.0
4624.91,0.8205157031175188,0.0,17421.0,37.0,0.23994999999993796,31.6875,32.6875,36.79000000000002,0.0,0.0,0.0,0.0,0.0,20.0,0.3,0.1,0.2,0.1,0.4,0.1,0.1,0.1,0.5,0.0,65535.0,0.07328908216983292,0.0,65535.0,0.0541542687113756,0.0,0.0,0.0,0.0,0.0,0.0,0.0,0.0,0.0,0.0
4684.99,0.8158446615879013,0.0,17421.0,37.0,0.21314999999993134,31.6875,32.625,36.93000000000001,0.0,0.0,0.0,0.0,0.0,20.0,0.3,0.1,0.2,0.1,0.4,0.1,0.1,0.1,0.5,0.0,65535.0,0.07396047913328756,0.0,65535.0,0.05510032806897078,0.0,0.0,0.0,0.0,0.0,0.0,0.0,0.0,0.0,0.0
4745.05,0.8239050581471056,0.0,17421.0,37.0,0.23994999999993621,31.6875,32.6875,36.81,0.0,0.0,0.0,0.0,0.0,20.0,0.3,0.1,0.2,0.1,0.4,0.1,0.1,0.1,0.5,0.0,65535.0,0.074189364461738,0.0,65535.0,0.054856183718623636,0.0,0.0,0.0,0.0,0.0,0.0,0.0,0.0,0.0,0.0
4805.12,0.8127319522420209,0.0,17421.0,37.0,0.2184499999999248,31.625,32.6875,36.93000000000001,0.0,0.0,0.0,0.0,0.0,20.0,0.3,0.1,0.2,0.1,0.4,0.1,0.1,0.1,0.5,0.0,65535.0,0.07423514152742809,0.0,65535.0,0.05474937056534676,0.0,0.0,0.0,0.0,0.0,0.0,0.0,0.0,0.0,0.0
4865.2,0.8282030156156677,0.0,17421.0,37.0,0.2399499999999345,31.6875,32.6875,36.93000000000001,0.0,0.0,0.0,0.0,0.0,20.0,0.3,0.1,0.2,0.1,0.4,0.1,0.1,0.1,0.5,0.0,65535.0,0.07428091859311818,0.0,65535.0,0.05497825589379721,0.0,0.0,0.0,0.0,0.0,0.0,0.0,0.0,0.0,0.0
4925.27,0.8233102172568176,0.0,17421.0,37.0,0.13544999999992494,31.6875,32.6875,37.01000000000005,0.0,0.0,0.0,0.0,0.0,20.0,0.3,0.1,0.2,0.1,0.4,0.1,0.1,0.1,0.5,0.0,65535.0,0.07444876783398184,0.0,65535.0,0.05488670176241703,0.0,0.0,0.0,0.0,0.0,0.0,0.0,0.0,0.0,0.0
4985.33,0.8082739034137219,0.0,17421.0,37.0,0.25074999999993375,31.6875,32.6875,36.950000000000045,0.0,0.0,0.0,0.0,0.0,20.0,0.3,0.1,0.2,0.1,0.4,0.1,0.1,0.1,0.5,0.0,65535.0,0.07533379110399023,0.0,65535.0,0.05564965285725185,0.0,0.0,0.0,0.0,0.0,0.0,0.0,0.0,0.0,0.0
5045.37,0.8121754364334993,0.0,17421.0,37.0,0.22724999999992754,31.6875,32.6875,36.89000000000004,0.0,0.0,0.0,0.0,0.0,20.0,0.3,0.1,0.2,0.1,0.4,0.1,0.1,0.1,0.5,0.0,65535.0,0.07525749599450675,0.0,65535.0,0.054779888609140154,0.0,0.0,0.0,0.0,0.0,0.0,0.0,0.0,0.0,0.0
5105.44,0.8258790009932185,0.0,17421.0,37.0,0.21104999999992635,31.625,32.6875,36.79000000000002,0.0,0.0,0.0,0.0,0.0,20.0,0.3,0.1,0.2,0.1,0.4,0.1,0.1,0.1,0.5,0.0,65535.0,0.07531853208209353,0.0,65535.0,0.0549935149156939,0.0,0.0,0.0,0.0,0.0,0.0,0.0,0.0,0.0,0.0
5165.48,0.8232185188735666,0.0,17421.0,37.0,0.2113499999999252,31.625,32.6875,37.01000000000005,0.0,0.0,0.0,0.0,0.0,20.0,0.3,0.1,0.2,0.1,0.4,0.1,0.1,0.1,0.5,0.0,65535.0,0.07573052567330434,0.0,65535.0,0.05505455100328069,0.0,0.0,0.0,0.0,0.0,0.0,0.0,0.0,0.0,0.0
5225.52,0.8188445556998957,0.0,17421.0,37.0,0.24604999999992036,31.625,32.6875,36.93000000000001,0.0,0.0,0.0,0.0,0.0,20.0,0.3,0.1,0.2,0.1,0.4,0.1,0.1,0.1,0.5,0.0,65535.0,0.0763714045929656,0.0,65535.0,0.05493247882810712,0.0,0.0,0.0,0.0,0.0,0.0,0.0,0.0,0.0,0.0
5285.57,0.8205268791639512,0.0,17421.0,37.0,0.2316499999999184,31.6875,32.6875,36.81,0.0,0.0,0.0,0.0,0.0,20.0,0.3,0.1,0.2,0.1,0.4,0.1,0.1,0.1,0.5,0.0,65535.0,0.07663080796520944,0.0,65535.0,0.055237659266041045,0.0,0.0,0.0,0.0,0.0,0.0,0.0,0.0,0.0,0.0
5345.61,0.8149471513073543,0.0,17421.0,37.0,0.27754999999991925,31.6875,32.625,37.05000000000001,0.0,0.0,0.0,0.0,0.0,20.0,0.3,0.1,0.2,0.1,0.4,0.1,0.1,0.1,0.5,0.0,65535.0,0.07707331960021363,0.0,65535.0,0.05484092469672694,0.0,0.0,0.0,0.0,0.0,0.0,0.0,0.0,0.0,0.0
5405.68,0.8178634996663547,0.0,17421.0,37.0,0.23284999999991643,31.6875,32.6875,37.05000000000001,0.0,0.0,0.0,0.0,0.0,20.0,0.3,0.1,0.2,0.1,0.4,0.1,0.1,0.1,0.5,0.0,65535.0,0.07708857862211033,0.0,65535.0,0.05563439383535515,0.0,0.0,0.0,0.0,0.0,0.0,0.0,0.0,0.0,0.0
5465.75,0.8081313138249084,0.0,17421.0,37.0,0.23844999999992553,31.625,32.6875,36.77000000000004,0.0,0.0,0.0,0.0,0.0,20.0,0.3,0.1,0.2,0.1,0.4,0.1,0.1,0.1,0.5,0.0,65535.0,0.07751583123521782,0.0,65535.0,0.05537499046311131,0.0,0.0,0.0,0.0,0.0,0.0,0.0,0.0,0.0,0.0
5525.78,0.82164373811559,0.0,17421.0,37.0,0.24964999999991533,31.6875,32.6875,36.79000000000002,0.0,0.0,0.0,0.0,0.0,20.0,0.3,0.1,0.2,0.1,0.4,0.1,0.1,0.1,0.5,0.0,65535.0,0.07815671015487907,0.0,65535.0,0.055893797207598996,0.0,0.0,0.0,0.0,0.0,0.0,0.0,0.0,0.0,0.0
5585.83,0.818895055814913,0.0,17421.0,37.0,0.27784999999991555,31.6875,32.6875,36.81,0.0,0.0,0.0,0.0,0.0,20.0,0.3,0.1,0.2,0.1,0.4,0.1,0.1,0.1,0.5,0.0,65535.0,0.07835507743953612,0.0,65535.0,0.0558632791638056,0.0,0.0,0.0,0.0,0.0,0.0,0.0,0.0,0.0,0.0
5645.9,0.8233328144916552,0.0,17421.0,37.0,0.25584999999992386,31.6875,32.6875,36.870000000000005,0.0,0.0,0.0,0.0,0.0,20.0,0.3,0.1,0.2,0.1,0.4,0.1,0.1,0.1,0.5,0.0,65535.0,0.07875181200885023,0.0,65535.0,0.056153200579842834,0.0,0.0,0.0,0.0,0.0,0.0,0.0,0.0,0.0,0.0
5705.96,0.817579253896091,0.0,17421.0,37.0,0.24354999999992255,31.6875,32.75,37.03000000000003,0.0,0.0,0.0,0.0,0.0,20.0,0.3,0.1,0.2,0.1,0.4,0.1,0.1,0.1,0.5,0.0,65535.0,0.0784466315709163,0.0,65535.0,0.05522240024414435,0.0,0.0,0.0,0.0,0.0,0.0,0.0,0.0,0.0,0.0
5766.04,0.8149988652167903,0.0,17421.0,37.0,0.2576499999999222,31.6875,32.75,37.03000000000003,0.0,0.0,0.0,0.0,0.0,20.0,0.3,0.1,0.2,0.1,0.4,0.1,0.1,0.1,0.5,0.0,65535.0,0.078461890592813,0.0,65535.0,0.055619134813458454,0.0,0.0,0.0,0.0,0.0,0.0,0.0,0.0,0.0,0.0
5826.11,0.826237880591543,0.0,17421.0,37.0,0.1769499999999186,31.75,32.75,37.01000000000005,0.0,0.0,0.0,0.0,0.0,20.0,0.3,0.1,0.2,0.1,0.4,0.1,0.1,0.1,0.5,0.0,65535.0,0.07913328755626764,0.0,65535.0,0.05612268253604944,0.0,0.0,0.0,0.0,0.0,0.0,0.0,0.0,0.0,0.0
5886.17,0.8173229143537468,0.0,17421.0,37.0,0.1698499999999074,31.625,32.75,36.97000000000003,0.0,0.0,0.0,0.0,0.0,20.0,0.3,0.1,0.2,0.1,0.4,0.1,0.1,0.1,0.5,0.0,65535.0,0.07981994354161898,0.0,65535.0,0.05667200732433051,0.0,0.0,0.0,0.0,0.0,0.0,0.0,0.0,0.0,0.0
5946.24,0.8200712970738808,0.0,17421.0,37.0,0.22984999999990882,31.6875,32.75,36.97000000000003,0.0,0.0,0.0,0.0,0.0,20.0,0.3,0.1,0.2,0.1,0.4,0.1,0.1,0.1,0.5,0.0,65535.0,0.07980468451972228,0.0,65535.0,0.05621423666742962,0.0,0.0,0.0,0.0,0.0,0.0,0.0,0.0,0.0,0.0
6006.28,0.8339921702027397,0.0,17421.0,37.0,0.2949499999999099,31.6875,32.6875,36.81,0.0,0.0,0.0,0.0,0.0,20.0,0.3,0.1,0.2,0.1,0.4,0.1,0.1,0.1,0.5,0.0,65535.0,0.0802166781109331,0.0,65535.0,0.05595483329518578,0.0,0.0,0.0,0.0,0.0,0.0,0.0,0.0,0.0,0.0
6066.32,0.8254707744140388,0.0,17421.0,37.0,0.21784999999990554,31.625,32.75,36.89000000000004,0.0,0.0,0.0,0.0,0.0,20.0,0.3,0.1,0.2,0.1,0.4,0.1,0.1,0.1,0.5,0.0,65535.0,0.08010986495765622,0.0,65535.0,0.05607690547035935,0.0,0.0,0.0,0.0,0.0,0.0,0.0,0.0,0.0,0.0
6126.37,0.8297995890645178,0.0,17421.0,37.0,0.2384499999999152,31.625,32.75,36.950000000000045,0.0,0.0,0.0,0.0,0.0,20.0,0.3,0.1,0.2,0.1,0.4,0.1,0.1,0.1,0.5,0.0,65535.0,0.0806286717021439,0.0,65535.0,0.05616845960173953,0.0,0.0,0.0,0.0,0.0,0.0,0.0,0.0,0.0,0.0
6186.41,0.8212669047414928,0.0,17421.0,37.0,0.2269499999999089,31.6875,32.6875,36.85000000000002,0.0,0.0,0.0,0.0,0.0,20.0,0.3,0.1,0.2,0.1,0.4,0.1,0.1,0.1,0.5,0.0,65535.0,0.08128480964370184,0.0,65535.0,0.05636682688639658,0.0,0.0,0.0,0.0,0.0,0.0,0.0,0.0,0.0,0.0
6246.46,0.8355448252210164,0.0,17421.0,37.0,0.21544999999990258,31.625,32.6875,36.79000000000002,0.0,0.0,0.0,0.0,0.0,20.0,0.3,0.1,0.2,0.1,0.4,0.1,0.1,0.1,0.5,0.0,65535.0,0.08119325551232166,0.0,65535.0,0.05612268253604944,0.0,0.0,0.0,0.0,0.0,0.0,0.0,0.0,0.0,0.0
6306.5,0.8222545340636689,0.0,17421.0,37.0,0.24574999999990257,31.625,32.75,36.89000000000004,0.0,0.0,0.0,0.0,0.0,20.0,0.3,0.1,0.2,0.1,0.4,0.1,0.1,0.1,0.5,0.0,65535.0,0.08151369497215229,0.0,65535.0,0.05600061036087587,0.0,0.0,0.0,0.0,0.0,0.0,0.0,0.0,0.0,0.0
6366.54,0.8197233681493836,0.0,17421.0,37.0,0.22544999999990598,31.6875,32.75,37.210000000000036,0.0,0.0,0.0,0.0,0.0,20.0,0.3,0.1,0.2,0.1,0.4,0.1,0.1,0.1,0.5,0.0,65535.0,0.0814526588845655,0.0,65535.0,0.0567177843900206,0.0,0.0,0.0,0.0,0.0,0.0,0.0,0.0,0.0,0.0
6426.61,0.8170474070506765,0.0,17421.0,37.0,0.24954999999991076,31.6875,32.75,36.89000000000004,0.0,0.0,0.0,0.0,0.0,20.0,0.3,0.1,0.2,0.1,0.4,0.1,0.1,0.1,0.5,0.0,65535.0,0.08209353780422675,0.0,65535.0,0.0563057907988098,0.0,0.0,0.0,0.0,0.0,0.0,0.0,0.0,0.0,0.0
6486.68,0.8279166756866884,0.0,17421.0,37.0,0.24604999999989974,31.625,32.75,36.97000000000003,0.0,0.0,0.0,0.0,0.0,20.0,0.3,0.1,0.2,0.1,0.4,0.1,0.1,0.1,0.5,0.0,65535.0,0.08249027237354085,0.0,65535.0,0.05667200732433051,0.0,0.0,0.0,0.0,0.0,0.0,0.0,0.0,0.0,0.0
6546.77,0.8344446571058356,0.0,17421.0,37.0,0.23664999999990827,31.6875,32.75,36.79000000000002,0.0,0.0,0.0,0.0,0.0,20.0,0.3,0.1,0.2,0.1,0.4,0.1,0.1,0.1,0.5,0.0,65535.0,0.08320744640268558,0.0,65535.0,0.05680933852140078,0.0,0.0,0.0,0.0,0.0,0.0,0.0,0.0,0.0,0.0
6606.85,0.831316273367269,0.0,17421.0,37.0,0.2669499999999091,31.75,32.75,36.85000000000002,0.0,0.0,0.0,0.0,0.0,20.0,0.3,0.1,0.2,0.1,0.4,0.1,0.1,0.1,0.5,0.0,65535.0,0.08265812161440451,0.0,65535.0,0.05703822384985122,0.0,0.0,0.0,0.0,0.0,0.0,0.0,0.0,0.0,0.0
6666.94,0.8393636734178481,0.0,17421.0,37.0,0.259949999999903,31.6875,32.6875,36.870000000000005,0.0,0.0,0.0,0.0,0.0,20.0,0.3,0.1,0.2,0.1,0.4,0.1,0.1,0.1,0.5,0.0,65535.0,0.08300907911802853,0.0,65535.0,0.056153200579842834,0.0,0.0,0.0,0.0,0.0,0.0,0.0,0.0,0.0,0.0
6727.03,0.8230535136938897,0.0,17421.0,37.0,0.25734999999990704,31.6875,32.75,37.03000000000003,0.0,0.0,0.0,0.0,0.0,20.0,0.3,0.1,0.2,0.1,0.4,0.1,0.1,0.1,0.5,0.0,65535.0,0.08332951857785915,0.0,65535.0,0.05654993514915694,0.0,0.0,0.0,0.0,0.0,0.0,0.0,0.0,0.0,0.0
6787.07,0.8308801875196272,0.0,17421.0,37.0,0.1793499999999035,31.6875,32.75,37.03000000000003,0.0,0.0,0.0,0.0,0.0,20.0,0.3,0.1,0.2,0.1,0.4,0.1,0.1,0.1,0.5,0.0,65535.0,0.08368047608148317,0.0,65535.0,0.05746547646295872,0.0,0.0,0.0,0.0,0.0,0.0,0.0,0.0,0.0,0.0
6847.12,0.832655678375137,0.0,17421.0,37.0,0.1954499999998988,31.6875,32.8125,37.110000000000014,0.0,0.0,0.0,0.0,0.0,20.0,0.3,0.1,0.2,0.1,0.4,0.1,0.1,0.1,0.5,0.0,65535.0,0.08381780727855344,0.0,65535.0,0.057495994506752114,0.0,0.0,0.0,0.0,0.0,0.0,0.0,0.0,0.0,0.0
6907.16,0.8367709836227801,0.0,17421.0,37.0,0.25844999999990004,31.75,32.8125,37.01000000000005,0.0,0.0,0.0,0.0,0.0,20.0,0.3,0.1,0.2,0.1,0.4,0.1,0.1,0.1,0.5,0.0,65535.0,0.08421454184786756,0.0,65535.0,0.05722133211261158,0.0,0.0,0.0,0.0,0.0,0.0,0.0,0.0,0.0,0.0
6967.21,0.8428601036434806,0.0,17421.0,37.0,0.2142499999998925,31.6875,32.75,37.110000000000014,0.0,0.0,0.0,0.0,0.0,20.0,0.3,0.1,0.2,0.1,0.4,0.1,0.1,0.1,0.5,0.0,65535.0,0.08473334859235523,0.0,65535.0,0.057114518959334705,0.0,0.0,0.0,0.0,0.0,0.0,0.0,0.0,0.0,0.0
7027.25,0.8317655057968022,0.0,17421.0,37.0,0.28574999999989936,31.6875,32.8125,37.03000000000003,0.0,0.0,0.0,0.0,0.0,20.0,0.3,0.1,0.2,0.1,0.4,0.1,0.1,0.1,0.5,0.0,65535.0,0.08464179446097506,0.0,65535.0,0.05729762722209506,0.0,0.0,0.0,0.0,0.0,0.0,0.0,0.0,0.0,0.0
7087.3,0.8258806180220547,0.0,17421.0,37.0,0.2466499999998923,31.6875,32.8125,36.77000000000004,0.0,0.0,0.0,0.0,0.0,20.0,0.3,0.1,0.2,0.1,0.4,0.1,0.1,0.1,0.5,0.0,65535.0,0.08522163729304952,0.0,65535.0,0.05729762722209506,0.0,0.0,0.0,0.0,0.0,0.0,0.0,0.0,0.0,0.0
7147.34,0.8260458901843126,0.0,17421.0,37.0,0.2555499999999018,31.6875,32.75,37.170000000000016,0.0,0.0,0.0,0.0,0.0,20.0,0.3,0.1,0.2,0.1,0.4,0.1,0.1,0.1,0.5,0.0,65535.0,0.0857404440375372,0.0,65535.0,0.05741969939726863,0.0,0.0,0.0,0.0,0.0,0.0,0.0,0.0,0.0,0.0
7207.41,0.8291780198927541,0.0,17421.0,37.0,0.2481499999998909,31.6875,32.8125,37.01000000000005,0.0,0.0,0.0,0.0,0.0,20.0,0.3,0.1,0.2,0.1,0.4,0.1,0.1,0.1,0.5,0.0,65535.0,0.08520637827115282,0.0,65535.0,0.05737392233157854,0.0,0.0,0.0,0.0,0.0,0.0,0.0,0.0,0.0,0.0
7267.47,0.8455195267214062,0.0,17421.0,37.0,0.22904999999989406,31.8125,32.6875,36.93000000000001,0.0,0.0045,0.25,0.0,0.0,20.0,0.3,0.1,0.2,0.1,0.4,0.1,0.1,0.1,0.5,0.0,65535.0,0.08560311284046693,0.0,65535.0,0.057328145265888454,0.0,0.0,0.0,0.0,0.0,0.0,0.0,0.0,0.0,0.0
7327.53,0.8122725672374586,0.0,17421.0,37.0,0.3218499999998867,31.6875,32.75,36.690000000000055,0.0,0.0,0.0,0.0,0.0,20.0,0.3,0.1,0.2,0.1,0.4,0.1,0.1,0.1,0.5,0.0,65535.0,0.08433661402304113,0.0,65535.0,0.056015869382772566,0.0,0.0,0.0,0.0,0.0,0.0,0.0,0.0,0.0,0.0
7387.57,0.8185157535880913,0.0,17421.0,37.0,0.30814999999989007,31.6875,32.8125,36.93000000000001,0.0,0.0,0.0,0.0,0.0,20.0,0.3,0.1,0.2,0.1,0.4,0.1,0.1,0.1,0.5,0.0,65535.0,0.08467231250476845,0.0,65535.0,0.056397344930189976,0.0,0.0,0.0,0.0,0.0,0.0,0.0,0.0,0.0,0.0
7447.64,0.8263506922292804,0.0,17421.0,37.0,0.21164999999989,31.6875,32.75,36.870000000000005,0.0,0.0,0.0,0.0,0.0,20.0,0.3,0.1,0.2,0.1,0.4,0.1,0.1,0.1,0.5,0.0,65535.0,0.08430609597924774,0.0,65535.0,0.05642786297398337,0.0,0.0,0.0,0.0,0.0,0.0,0.0,0.0,0.0,0.0
7507.72,0.8173978862864976,0.0,17421.0,37.0,0.25074999999989533,31.8125,32.75,36.870000000000005,0.0,0.0,0.0,0.0,0.0,20.0,0.3,0.1,0.2,0.1,0.4,0.1,0.1,0.1,0.5,0.0,65535.0,0.08453498130769818,0.0,65535.0,0.05687037460898756,0.0,0.0,0.0,0.0,0.0,0.0,0.0,0.0,0.0,0.0
7567.8,0.8149770696511368,0.0,17421.0,37.0,0.26194999999988516,31.8125,32.8125,36.97000000000003,0.0,0.0,0.0,0.0,0.0,20.0,0.3,0.1,0.2,0.1,0.4,0.1,0.1,0.1,0.5,0.0,65535.0,0.08505378805218586,0.0,65535.0,0.05679407949950408,0.0,0.0,0.0,0.0,0.0,0.0,0.0,0.0,0.0,0.0
7627.89,0.8161314979682671,0.0,17421.0,37.0,0.19804999999988132,31.8125,32.75,36.870000000000005,0.0,0.0,0.0,0.0,0.0,20.0,0.3,0.1,0.2,0.1,0.4,0.1,0.1,0.1,0.5,0.0,65535.0,0.08496223392080568,0.0,65535.0,0.05709925993743801,0.0,0.0,0.0,0.0,0.0,0.0,0.0,0.0,0.0,0.0
7687.96,0.8140208985143552,0.0,17421.0,37.0,0.20264999999988537,31.75,32.75,37.13000000000005,0.0,0.0,0.0,0.0,0.0,20.0,0.3,0.1,0.2,0.1,0.4,0.1,0.1,0.1,0.5,0.0,65535.0,0.08508430609597925,0.0,65535.0,0.05658045319295033,0.0,0.0,0.0,0.0,0.0,0.0,0.0,0.0,0.0,0.0
7748.03,0.8134772876432231,0.0,17421.0,37.0,0.2005499999998847,31.75,32.8125,37.05000000000001,0.0,0.0,0.0,0.0,0.0,20.0,0.3,0.1,0.2,0.1,0.4,0.1,0.1,0.1,0.5,0.0,65535.0,0.08519111924925613,0.0,65535.0,0.05722133211261158,0.0,0.0,0.0,0.0,0.0,0.0,0.0,0.0,0.0,0.0
7808.06,0.8214312448591133,0.0,17421.0,37.0,0.2526499999998808,31.75,32.8125,36.85000000000002,0.0,0.0,0.0,0.0,0.0,20.0,0.3,0.1,0.2,0.1,0.4,0.1,0.1,0.1,0.5,0.0,65535.0,0.08577096208133059,0.0,65535.0,0.05775539787899596,0.0,0.0,0.0,0.0,0.0,0.0,0.0,0.0,0.0,0.0
7868.11,0.8174655223183,0.0,17421.0,37.0,0.21144999999988814,31.8125,32.75,36.93000000000001,0.0,0.0,0.0,0.0,0.0,20.0,0.3,0.1,0.2,0.1,0.4,0.1,0.1,0.1,0.5,0.0,65535.0,0.08601510643167773,0.0,65535.0,0.05761806668192569,0.0,0.0,0.0,0.0,0.0,0.0,0.0,0.0,0.0,0.0
7928.18,0.8143939367515347,0.0,17421.0,37.0,0.2314499999998833,31.75,32.75,36.93000000000001,0.0,0.0,0.0,0.0,0.0,20.0,0.3,0.1,0.2,0.1,0.4,0.1,0.1,0.1,0.5,0.0,65535.0,0.08627450980392157,0.0,65535.0,0.0575417715724422,0.0,0.0,0.0,0.0,0.0,0.0,0.0,0.0,0.0,0.0
7988.22,0.8127034298535746,0.0,17421.0,37.0,0.23114999999988273,31.75,32.8125,36.97000000000003,0.0,0.0,0.0,0.0,0.0,20.0,0.3,0.1,0.2,0.1,0.4,0.1,0.1,0.1,0.5,0.0,65535.0,0.0865796902418555,0.0,65535.0,0.05766384374761578,0.0,0.0,0.0,0.0,0.0,0.0,0.0,0.0,0.0,0.0
8048.24,0.8140609297718227,0.0,17421.0,37.0,0.23374999999987695,31.75,32.8125,36.89000000000004,0.0,0.0,0.0,0.0,0.0,20.0,0.3,0.1,0.2,0.1,0.4,0.1,0.1,0.1,0.5,0.0,65535.0,0.08677805752651255,0.0,65535.0,0.0584267948424506,0.0,0.0,0.0,0.0,0.0,0.0,0.0,0.0,0.0,0.0
8108.29,0.822382191403591,0.0,17421.0,37.0,0.27084999999988757,31.75,32.8125,36.81,0.0,0.0,0.0,0.0,0.0,20.0,0.3,0.1,0.2,0.1,0.4,0.1,0.1,0.1,0.5,0.0,65535.0,0.08732738231479362,0.0,65535.0,0.05868619821469444,0.0,0.0,0.0,0.0,0.0,0.0,0.0,0.0,0.0,0.0
8168.33,0.8211379557514222,0.0,17421.0,37.0,0.2382499999998754,31.75,32.75,36.950000000000045,0.0,0.0,0.0,0.0,0.0,20.0,0.3,0.1,0.2,0.1,0.4,0.1,0.1,0.1,0.5,0.0,65535.0,0.08729686427100022,0.0,65535.0,0.05812161440451667,0.0,0.0,0.0,0.0,0.0,0.0,0.0,0.0,0.0,0.0
8228.4,0.8241858764222572,0.0,17421.0,37.0,0.2623499999998802,31.75,32.75,36.85000000000002,0.0,0.0,0.0,0.0,0.0,20.0,0.3,0.1,0.2,0.1,0.4,0.1,0.1,0.1,0.5,0.0,65535.0,0.08677805752651255,0.0,65535.0,0.05888456549935149,0.0,0.0,0.0,0.0,0.0,0.0,0.0,0.0,0.0,0.0
8288.48,0.8273399501313448,0.0,17421.0,37.0,0.1755499999998713,31.75,32.75,37.190000000000055,0.0,0.0,0.0,0.0,0.0,20.0,0.3,0.1,0.2,0.1,0.4,0.1,0.1,0.1,0.5,0.0,65535.0,0.08725108720531013,0.0,65535.0,0.058365758754863814,0.0,0.0,0.0,0.0,0.0,0.0,0.0,0.0,0.0,0.0
8348.56,0.8157257433619367,0.0,17421.0,37.0,0.19844999999987634,31.75,32.8125,37.09000000000003,0.0,0.0,0.0,0.0,0.0,20.0,0.3,0.1,0.2,0.1,0.4,0.1,0.1,0.1,0.5,0.0,65535.0,0.08712901503013656,0.0,65535.0,0.05880827038986801,0.0,0.0,0.0,0.0,0.0,0.0,0.0,0.0,0.0,0.0
8408.64,0.8248606474686944,0.0,17421.0,37.0,0.23934999999988177,31.8125,32.75,36.93000000000001,0.0,0.0,0.0,0.0,0.0,20.0,0.3,0.1,0.2,0.1,0.4,0.1,0.1,0.1,0.5,0.0,65535.0,0.08744945448996719,0.0,65535.0,0.059327077134355685,0.0,0.0,0.0,0.0,0.0,0.0,0.0,0.0,0.0,0.0
8468.71,0.8301812054985579,0.0,17421.0,37.0,0.2514499999998716,31.75,32.8125,36.89000000000004,0.0,0.0,0.0,0.0,0.0,20.0,0.3,0.1,0.2,0.1,0.4,0.1,0.1,0.1,0.5,0.0,65535.0,0.08734264133669031,0.0,65535.0,0.0592507820248722,0.0,0.0,0.0,0.0,0.0,0.0,0.0,0.0,0.0,0.0
8528.78,0.8187201906888277,0.0,17421.0,37.0,0.2299499999998744,31.75,32.75,36.97000000000003,0.0,0.0,0.0,0.0,0.0,20.0,0.3,0.1,0.2,0.1,0.4,0.1,0.1,0.1,0.5,0.0,65535.0,0.08752574959945067,0.0,65535.0,0.05992217898832685,0.0,0.0,0.0,0.0,0.0,0.0,0.0,0.0,0.0,0.0
8588.86,0.8190925532712326,0.0,17421.0,37.0,0.21934999999986812,31.8125,32.75,37.01000000000005,0.0,0.0,0.0,0.0,0.0,20.0,0.3,0.1,0.2,0.1,0.4,0.1,0.1,0.1,0.5,0.0,65535.0,0.08804455634393836,0.0,65535.0,0.05992217898832685,0.0,0.0,0.0,0.0,0.0,0.0,0.0,0.0,0.0,0.0
8648.89,0.8331078195049428,0.0,17421.0,37.0,0.25434999999987806,31.75,32.8125,36.870000000000005,0.0,0.0,0.0,0.0,0.0,20.0,0.3,0.1,0.2,0.1,0.4,0.1,0.1,0.1,0.5,0.0,65535.0,0.08801403830014497,0.0,65535.0,0.05967803463797971,0.0,0.0,0.0,0.0,0.0,0.0,0.0,0.0,0.0,0.0
8708.95,0.8331578714963805,0.0,17421.0,37.0,0.19194999999987541,31.75,32.8125,37.110000000000014,0.0,0.0,0.0,0.0,0.0,20.0,0.3,0.1,0.2,0.1,0.4,0.1,0.1,0.1,0.5,0.0,65535.0,0.08833447775997559,0.0,65535.0,0.06042572671091783,0.0,0.0,0.0,0.0,0.0,0.0,0.0,0.0,0.0,0.0
8769.02,0.8216559105416137,0.0,17421.0,37.0,0.23054999999987127,31.8125,32.75,36.97000000000003,0.0,0.0,0.0,0.0,0.0,20.0,0.3,0.1,0.2,0.1,0.4,0.1,0.1,0.1,0.5,0.0,65535.0,0.08867017624170291,0.0,65535.0,0.06028839551384756,0.0,0.0,0.0,0.0,0.0,0.0,0.0,0.0,0.0,0.0
8829.09,0.8321169254414943,0.0,17421.0,37.0,0.26234999999987163,31.75,32.8125,36.85000000000002,0.0,0.0,0.0,0.0,0.0,20.0,0.3,0.1,0.2,0.1,0.4,0.1,0.1,0.1,0.5,0.0,65535.0,0.0883192187380789,0.0,65535.0,0.06071564812695506,0.0,0.0,0.0,0.0,0.0,0.0,0.0,0.0,0.0,0.0
8889.16,0.8307099186148512,0.0,17421.0,37.0,0.2564499999998753,31.75,32.75,36.870000000000005,0.0,0.0,0.0,0.0,0.0,20.0,0.3,0.1,0.2,0.1,0.4,0.1,0.1,0.1,0.5,0.0,65535.0,0.08857862211032273,0.0,65535.0,0.06085297932402533,0.0,0.0,0.0,0.0,0.0,0.0,0.0,0.0,0.0,0.0
8949.24,0.8289662276127636,0.0,17421.0,37.0,0.21584999999986787,31.8125,32.8125,37.03000000000003,0.0,0.0,0.0,0.0,0.0,20.0,0.3,0.1,0.2,0.1,0.4,0.1,0.1,0.1,0.5,0.0,65535.0,0.08880750743877318,0.0,65535.0,0.06131074998092622,0.0,0.0,0.0,0.0,0.0,0.0,0.0,0.0,0.0,0.0
9009.27,0.8338204783726446,0.0,17421.0,37.0,0.25614999999987387,31.8125,32.8125,36.870000000000005,0.0,0.0,0.0,0.0,0.0,20.0,0.3,0.1,0.2,0.1,0.4,0.1,0.1,0.1,0.5,0.0,65535.0,0.08928053711757077,0.0,65535.0,0.061326009002822916,0.0,0.0,0.0,0.0,0.0,0.0,0.0,0.0,0.0,0.0
9069.35,0.8449968555480596,0.0,17421.0,37.0,0.21664999999986204,31.8125,32.875,37.01000000000005,0.0,0.0,0.0,0.0,0.0,20.0,0.3,0.1,0.2,0.1,0.4,0.1,0.1,0.1,0.5,0.0,65535.0,0.08920424200808728,0.0,65535.0,0.06121919584954604,0.0,0.0,0.0,0.0,0.0,0.0,0.0,0.0,0.0,0.0
9129.43,0.8274724655848996,0.0,17421.0,37.0,0.23404999999986126,31.75,32.8125,36.950000000000045,0.0,0.0,0.0,0.0,0.0,20.0,0.3,0.1,0.2,0.1,0.4,0.1,0.1,0.1,0.5,0.0,65535.0,0.08940260929274434,0.0,65535.0,0.06181429770351721,0.0,0.0,0.0,0.0,0.0,0.0,0.0,0.0,0.0,0.0
9189.5,0.8289743697168843,0.0,17421.0,37.0,0.2275499999998646,31.75,32.875,36.97000000000003,0.0,0.0,0.0,0.0,0.0,20.0,0.3,0.1,0.2,0.1,0.4,0.1,0.1,0.1,0.5,0.0,65535.0,0.0899977111467155,0.0,65535.0,0.061951628900587474,0.0,0.0,0.0,0.0,0.0,0.0,0.0,0.0,0.0,0.0
9249.57,0.8294868496492829,0.0,17421.0,37.0,0.2325499999998592,31.75,32.875,36.950000000000045,0.0,0.0,0.0,0.0,0.0,20.0,0.3,0.1,0.2,0.1,0.4,0.1,0.1,0.1,0.5,0.0,65535.0,0.09021133745326924,0.0,65535.0,0.06192111085679408,0.0,0.0,0.0,0.0,0.0,0.0,0.0,0.0,0.0,0.0
9309.64,0.816092514399617,0.0,17421.0,37.0,0.22664999999986285,31.75,32.8125,36.97000000000003,0.0,0.0,0.0,0.0,0.0,20.0,0.3,0.1,0.2,0.1,0.4,0.1,0.1,0.1,0.5,0.0,65535.0,0.08987563897154192,0.0,65535.0,0.06213473716334783,0.0,0.0,0.0,0.0,0.0,0.0,0.0,0.0,0.0,0.0
9369.69,0.8288832556977179,0.0,17421.0,37.0,0.23164999999985744,31.75,32.8125,36.950000000000045,0.0,0.0,0.0,0.0,0.0,20.0,0.3,0.1,0.2,0.1,0.4,0.1,0.1,0.1,0.5,0.0,65535.0,0.08970778973067826,0.0,65535.0,0.06153963530937667,0.0,0.0,0.0,0.0,0.0,0.0,0.0,0.0,0.0,0.0
9429.74,0.8318704569669898,0.0,17421.0,37.0,0.2555499999998675,31.75,32.8125,36.870000000000005,0.0,0.0,0.0,0.0,0.0,20.0,0.3,0.1,0.2,0.1,0.4,0.1,0.1,0.1,0.5,0.0,65535.0,0.09019607843137255,0.0,65535.0,0.06221103227283131,0.0,0.0,0.0,0.0,0.0,0.0,0.0,0.0,0.0,0.0
9489.79,0.8207074027953346,0.0,17421.0,37.0,0.2526499999998568,31.75,32.8125,36.89000000000004,0.0,0.0,0.0,0.0,0.0,20.0,0.3,0.1,0.2,0.1,0.4,0.1,0.1,0.1,0.5,0.0,65535.0,0.09018081940947585,0.0,65535.0,0.06263828488593881,0.0,0.0,0.0,0.0,0.0,0.0,0.0,0.0,0.0,0.0
9549.83,0.8388597778672395,0.0,17421.0,37.0,0.2656499999998609,31.75,32.8125,36.85000000000002,0.0,0.0,0.0,0.0,0.0,20.0,0.3,0.1,0.2,0.1,0.4,0.1,0.1,0.1,0.5,0.0,65535.0,0.09069962615396353,0.0,65535.0,0.062287327382314794,0.0,0.0,0.0,0.0,0.0,0.0,0.0,0.0,0.0,0.0
9609.88,0.8440641328393612,0.0,17421.0,37.0,0.21474999999986286,31.8125,32.75,37.05000000000001,0.0,0.0,0.0,0.0,0.0,20.0,0.3,0.1,0.2,0.1,0.4,0.1,0.1,0.1,0.5,0.0,65535.0,0.09044022278171969,0.0,65535.0,0.06247043564507515,0.0,0.0,0.0,0.0,0.0,0.0,0.0,0.0,0.0,0.0
9669.91,0.8321424821487047,0.0,17421.0,37.0,0.2220499999998528,31.8125,32.75,37.01000000000005,0.0,0.0,0.0,0.0,0.0,20.0,0.3,0.1,0.2,0.1,0.4,0.1,0.1,0.1,0.5,0.0,65535.0,0.09025711451895933,0.0,65535.0,0.06216525520714122,0.0,0.0,0.0,0.0,0.0,0.0,0.0,0.0,0.0,0.0
9729.96,0.8456155741063625,0.0,17421.0,37.0,0.23174999999985735,31.75,32.875,36.97000000000003,0.0,0.0,0.0,0.0,0.0,20.0,0.3,0.1,0.2,0.1,0.4,0.1,0.1,0.1,0.5,0.0,65535.0,0.09059281300068665,0.0,65535.0,0.06279087510490577,0.0,0.0,0.0,0.0,0.0,0.0,0.0,0.0,0.0,0.0
9790.01,0.8280296325872742,0.0,17421.0,37.0,0.18844999999984982,31.8125,32.8125,37.13000000000005,0.0,0.0,0.0,0.0,0.0,20.0,0.3,0.1,0.2,0.1,0.4,0.1,0.1,0.1,0.5,0.0,65535.0,0.09024185549706264,0.0,65535.0,0.06250095368886854,0.0,0.0,0.0,0.0,0.0,0.0,0.0,0.0,0.0,0.0
9850.05,0.8317359495727642,0.0,17421.0,37.0,0.2146499999998544,31.75,32.8125,37.03000000000003,0.0,0.0,0.0,0.0,0.0,20.0,0.3,0.1,0.2,0.1,0.4,0.1,0.1,0.1,0.5,0.0,65535.0,0.09063859006637674,0.0,65535.0,0.06282139314869917,0.0,0.0,0.0,0.0,0.0,0.0,0.0,0.0,0.0,0.0
9910.1,0.8518796671154337,0.0,17421.0,37.0,0.18814999999984752,31.75,32.8125,37.13000000000005,0.0,0.0,0.0,0.0,0.0,20.0,0.3,0.1,0.2,0.1,0.4,0.1,0.1,0.1,0.5,0.0,65535.0,0.09103532463569085,0.0,65535.0,0.06286717021438926,0.0,0.0,0.0,0.0,0.0,0.0,0.0,0.0,0.0,0.0
9970.14,0.8327835110407675,0.0,17421.0,37.0,0.22574999999985254,31.6875,32.8125,36.97000000000003,0.0,0.0,0.0,0.0,0.0,20.0,0.3,0.1,0.2,0.1,0.4,0.1,0.1,0.1,0.5,0.0,65535.0,0.09109636072327763,0.0,65535.0,0.06318760967421988,0.0,0.0,0.0,0.0,0.0,0.0,0.0,0.0,0.0,0.0
10030.22,0.8426277168205585,0.0,17421.0,37.0,0.19184999999985067,31.75,32.75,37.09000000000003,0.0,0.0,0.0,0.0,0.0,20.0,0.3,0.1,0.2,0.1,0.4,0.1,0.1,0.1,0.5,0.0,65535.0,0.09102006561379415,0.0,65535.0,0.06317235065232318,0.0,0.0,0.0,0.0,0.0,0.0,0.0,0.0,0.0,0.0
10090.27,0.8284588391112717,0.0,17421.0,37.0,0.23154999999985632,31.75,32.75,36.93000000000001,0.0,0.0,0.0,0.0,0.0,20.0,0.3,0.1,0.2,0.1,0.4,0.1,0.1,0.1,0.5,0.0,65535.0,0.0916456855115587,0.0,65535.0,0.06408789196612497,0.0,0.0,0.0,0.0,0.0,0.0,0.0,0.0,0.0,0.0
10150.33,0.8419353881336625,0.0,17421.0,37.0,0.2654499999998573,31.75,32.75,36.81,0.0,0.0,0.0,0.0,0.0,20.0,0.3,0.1,0.2,0.1,0.4,0.1,0.1,0.1,0.5,0.0,65535.0,0.09105058365758754,0.0,65535.0,0.06332494087129015,0.0,0.0,0.0,0.0,0.0,0.0,0.0,0.0,0.0,0.0
10210.38,0.8323217477604398,0.0,17421.0,37.0,0.2678499999998568,31.6875,32.8125,36.81,0.0,0.0,0.0,0.0,0.0,20.0,0.3,0.1,0.2,0.1,0.4,0.1,0.1,0.1,0.5,0.0,65535.0,0.09120317387655451,0.0,65535.0,0.06315709163042649,0.0,0.0,0.0,0.0,0.0,0.0,0.0,0.0,0.0,0.0
10270.41,0.8263556977282286,0.0,17421.0,37.0,0.23964999999985487,31.75,32.75,36.93000000000001,0.0,0.0,0.0,0.0,0.0,20.0,0.3,0.1,0.2,0.1,0.4,0.1,0.1,0.1,0.5,0.0,65535.0,0.09097428854810406,0.0,65535.0,0.0643472953383688,0.0,0.0,0.0,0.0,0.0,0.0,0.0,0.0,0.0,0.0
10330.49,0.8310556283020116,0.0,17421.0,37.0,0.22814999999984856,31.6875,32.75,36.97000000000003,0.0,0.0,0.0,0.0,0.0,20.0,0.3,0.1,0.2,0.1,0.4,0.1,0.1,0.1,0.5,0.0,65535.0,0.09144731822690165,0.0,65535.0,0.06382848859388113,0.0,0.0,0.0,0.0,0.0,0.0,0.0,0.0,0.0,0.0
10390.53,0.844070441984648,0.0,17421.0,37.0,0.29324999999985046,31.6875,32.75,36.73000000000002,0.0,0.0,0.0,0.0,0.0,20.0,0.3,0.1,0.2,0.1,0.4,0.1,0.1,0.1,0.5,0.0,65535.0,0.09132524605172808,0.0,65535.0,0.06341649500267033,0.0,0.0,0.0,0.0,0.0,0.0,0.0,0.0,0.0,0.0
10450.58,0.8365801502254944,0.0,17421.0,37.0,0.25294999999984275,31.75,32.75,36.89000000000004,0.0,0.0,0.0,0.0,0.0,20.0,0.3,0.1,0.2,0.1,0.4,0.1,0.1,0.1,0.5,0.0,65535.0,0.09172198062104218,0.0,65535.0,0.06347753109025711,0.0,0.0,0.0,0.0,0.0,0.0,0.0,0.0,0.0,0.0
10510.65,0.8453490688406549,0.0,17421.0,37.0,0.2750499999998528,31.8125,32.75,36.81,0.0,0.0,0.0,0.0,0.0,20.0,0.3,0.1,0.2,0.1,0.4,0.1,0.1,0.1,0.5,0.0,65535.0,0.09159990844586861,0.0,65535.0,0.06335545891508354,0.0,0.0,0.0,0.0,0.0,0.0,0.0,0.0,0.0,0.0
10570.68,0.8493396121355314,0.0,17421.0,37.0,0.19264999999983903,31.75,32.75,37.13000000000005,0.0,0.0,0.0,0.0,0.0,20.0,0.3,0.1,0.2,0.1,0.4,0.1,0.1,0.1,0.5,0.0,65535.0,0.09216449225604639,0.0,65535.0,0.06402685587853818,0.0,0.0,0.0,0.0,0.0,0.0,0.0,0.0,0.0,0.0
10630.76,0.8319391681211381,0.0,17421.0,37.0,0.23404999999983975,31.75,32.8125,36.950000000000045,0.0,0.0,0.0,0.0,0.0,20.0,0.3,0.1,0.2,0.1,0.4,0.1,0.1,0.1,0.5,0.0,65535.0,0.09178301670862897,0.0,65535.0,0.06382848859388113,0.0,0.0,0.0,0.0,0.0,0.0,0.0,0.0,0.0,0.0
10690.84,0.8369501511400562,0.0,17421.0,37.0,0.2128499999998431,31.8125,32.8125,37.03000000000003,0.0,0.0,0.0,0.0,0.0,20.0,0.3,0.1,0.2,0.1,0.4,0.1,0.1,0.1,0.5,0.0,65535.0,0.09190508888380255,0.0,65535.0,0.06364538033112077,0.0,0.0,0.0,0.0,0.0,0.0,0.0,0.0,0.0,0.0
10750.9,0.8439933992928654,0.0,17421.0,37.0,0.21634999999983737,31.6875,32.6875,37.01000000000005,0.0,0.0,0.0,0.0,0.0,20.0,0.3,0.1,0.2,0.1,0.4,0.1,0.1,0.1,0.5,0.0,65535.0,0.09173723964293888,0.0,65535.0,0.06472877088578623,0.0,0.0,0.0,0.0,0.0,0.0,0.0,0.0,0.0,0.0
10810.94,0.8298317049870914,0.0,17421.0,37.0,0.28844999999984366,31.75,32.75,36.73000000000002,0.0,0.0,0.0,0.0,0.0,20.0,0.3,0.1,0.2,0.1,0.4,0.1,0.1,0.1,0.5,0.0,65535.0,0.09268329900053407,0.0,65535.0,0.06413366903181505,0.0,0.0,0.0,0.0,0.0,0.0,0.0,0.0,0.0,0.0
10871.01,0.8344302854893203,0.0,17421.0,37.0,0.2287499999998403,31.75,32.75,36.97000000000003,0.0,0.0,0.0,0.0,0.0,20.0,0.3,0.1,0.2,0.1,0.4,0.1,0.1,0.1,0.5,0.0,65535.0,0.09222552834363318,0.0,65535.0,0.06359960326543068,0.0,0.0,0.0,0.0,0.0,0.0,0.0,0.0,0.0,0.0
10931.09,0.8520224452283908,0.0,17421.0,37.0,0.22874999999983944,31.75,32.75,36.97000000000003,0.0,0.0,0.0,0.0,0.0,20.0,0.3,0.1,0.2,0.1,0.4,0.1,0.1,0.1,0.5,0.0,65535.0,0.09274433508812086,0.0,65535.0,0.06417944609750514,0.0,0.0,0.0,0.0,0.0,0.0,0.0,0.0,0.0,0.0
10991.15,0.8397061834504205,0.0,17421.0,37.0,0.247549999999834,31.75,32.8125,36.89000000000004,0.0,0.0,0.0,0.0,0.0,20.0,0.3,0.1,0.2,0.1,0.4,0.1,0.1,0.1,0.5,0.0,65535.0,0.0929579613946746,0.0,65535.0,0.06405737392233157,0.0,0.0,0.0,0.0,0.0,0.0,0.0,0.0,0.0,0.0
11051.19,0.8388021503868066,0.0,17421.0,37.0,0.23074999999983248,31.8125,32.8125,36.950000000000045,0.0,0.0,0.0,0.0,0.0,20.0,0.3,0.1,0.2,0.1,0.4,0.1,0.1,0.1,0.5,0.0,65535.0,0.09321736476691844,0.0,65535.0,0.06443884946974898,0.0,0.0,0.0,0.0,0.0,0.0,0.0,0.0,0.0,0.0
11111.27,0.833839728923842,0.0,17421.0,37.0,0.2681499999998428,31.75,32.8125,36.81,0.0,0.0,0.0,0.0,0.0,20.0,0.3,0.1,0.2,0.1,0.4,0.1,0.1,0.1,0.5,0.0,65535.0,0.0933699549858854,0.0,65535.0,0.06407263294422827,0.0,0.0,0.0,0.0,0.0,0.0,0.0,0.0,0.0,0.0
11171.31,0.8584482209203959,0.0,17421.0,37.0,0.17544999999983843,31.6875,32.8125,37.170000000000016,0.0,0.0,0.0,0.0,0.0,20.0,0.3,0.1,0.2,0.1,0.4,0.1,0.1,0.1,0.5,0.0,65535.0,0.09355306324864576,0.0,65535.0,0.06488136110475319,0.0,0.0,0.0,0.0,0.0,0.0,0.0,0.0,0.0,0.0
11231.37,0.8376383317231174,0.0,17421.0,37.0,0.2239499999998344,31.75,32.75,36.97000000000003,0.0,0.0,0.0,0.0,0.0,20.0,0.3,0.1,0.2,0.1,0.4,0.1,0.1,0.1,0.5,0.0,65535.0,0.09326314183260853,0.0,65535.0,0.06501869230182346,0.0,0.0,0.0,0.0,0.0,0.0,0.0,0.0,0.0,0.0
11291.42,0.8403596639685613,0.0,17421.0,37.0,0.2766499999998308,31.6875,32.8125,36.77000000000004,0.0,0.0,0.0,0.0,0.0,20.0,0.3,0.1,0.2,0.1,0.4,0.1,0.1,0.1,0.5,0.0,65535.0,0.0942397192339971,0.0,65535.0,0.06511024643320364,0.0,0.0,0.0,0.0,0.0,0.0,0.0,0.0,0.0,0.0
11351.46,0.8362159572820504,0.0,17421.0,37.0,0.24994999999982837,31.6875,32.8125,36.89000000000004,0.0,0.0,0.0,0.0,0.0,20.0,0.3,0.1,0.2,0.1,0.4,0.1,0.1,0.1,0.5,0.0,65535.0,0.09356832227054246,0.0,65535.0,0.06472877088578623,0.0,0.0,0.0,0.0,0.0,0.0,0.0,0.0,0.0,0.0
11411.5,0.8441374951387611,0.0,17421.0,37.0,0.21904999999982636,31.6875,32.8125,37.01000000000005,0.0,0.0,0.0,0.0,0.0,20.0,0.3,0.1,0.2,0.1,0.4,0.1,0.1,0.1,0.5,0.0,65535.0,0.09359884031433585,0.0,65535.0,0.0643472953383688,0.0,0.0,0.0,0.0,0.0,0.0,0.0,0.0,0.0,0.0
11471.55,0.8433551568392831,0.0,17421.0,37.0,0.23024999999983037,31.6875,32.8125,36.97000000000003,0.0,0.0,0.0,0.0,0.0,20.0,0.3,0.1,0.2,0.1,0.4,0.1,0.1,0.1,0.5,0.0,65535.0,0.09414816510261692,0.0,65535.0,0.0648508430609598,0.0,0.0,0.0,0.0,0.0,0.0,0.0,0.0,0.0,0.0
11531.59,0.8486874438088183,0.0,17421.0,37.0,0.1916499999998328,31.6875,32.8125,37.110000000000014,0.0,0.0,0.0,0.0,0.0,20.0,0.3,0.1,0.2,0.1,0.4,0.1,0.1,0.1,0.5,0.0,65535.0,0.09358358129243916,0.0,65535.0,0.06559853513389792,0.0,0.0,0.0,0.0,0.0,0.0,0.0,0.0,0.0,0.0
11591.64,0.8398169334271364,0.0,17421.0,37.0,0.2233499999998281,31.625,32.75,36.97000000000003,0.0,0.0,0.0,0.0,0.0,20.0,0.3,0.1,0.2,0.1,0.4,0.1,0.1,0.1,0.5,0.0,65535.0,0.09488059815365835,0.0,65535.0,0.06533913176165408,0.0,0.0,0.0,0.0,0.0,0.0,0.0,0.0,0.0,0.0
11651.68,0.84728283615323,0.0,17421.0,37.0,0.2343999999998331,31.6875,32.75,36.77000000000004,0.0,0.0,0.0,0.0,0.0,20.0,0.3,0.1,0.2,0.1,0.4,0.1,0.1,0.1,0.5,0.0,65535.0,0.09419394216830701,0.0,65535.0,0.06561379415579462,0.0,0.0,0.0,0.0,0.0,0.0,0.0,0.0,0.0,0.0
11711.72,0.8438937629100403,0.0,17421.0,37.0,0.2520999999998329,31.6875,32.75,36.870000000000005,0.0,0.0,0.0,0.0,0.0,20.0,0.3,0.1,0.2,0.1,0.4,0.1,0.1,0.1,0.5,0.0,65535.0,0.09452964065003433,0.0,65535.0,0.06509498741130694,0.0,0.0,0.0,0.0,0.0,0.0,0.0,0.0,0.0,0.0
11771.77,0.8409919395380828,0.0,17421.0,37.0,0.2494999999998219,31.6875,32.75,36.870000000000005,0.0,0.0,0.0,0.0,0.0,20.0,0.3,0.1,0.2,0.1,0.4,0.1,0.1,0.1,0.5,0.0,65535.0,0.09443808651865415,0.0,65535.0,0.06462195773250935,0.0,0.0,0.0,0.0,0.0,0.0,0.0,0.0,0.0,0.0
11831.8,0.8318562501511191,0.0,17421.0,37.0,0.22799999999982468,31.6875,32.8125,36.89000000000004,0.0,0.0,0.0,0.0,0.0,20.0,0.3,0.1,0.2,0.1,0.4,0.1,0.1,0.1,0.5,0.0,65535.0,0.09442282749675746,0.0,65535.0,0.06494239719233998,0.0,0.0,0.0,0.0,0.0,0.0,0.0,0.0,0.0,0.0
11891.88,0.8403340042008567,0.0,17421.0,37.0,0.25979999999982506,31.75,32.8125,36.870000000000005,0.0,0.0,0.0,0.0,0.0,20.0,0.3,0.1,0.2,0.1,0.4,0.1,0.1,0.1,0.5,0.0,65535.0,0.09477378500038147,0.0,65535.0,0.06561379415579462,0.0,0.0,0.0,0.0,0.0,0.0,0.0,0.0,0.0,0.0
11951.94,0.8519624653061137,0.0,17421.0,37.0,0.2783999999998249,31.75,32.75,36.870000000000005,0.0,0.0,0.0,0.0,0.0,20.0,0.3,0.1,0.2,0.1,0.4,0.1,0.1,0.1,0.5,0.0,65535.0,0.0946669718471046,0.0,65535.0,0.06498817425803007,0.0,0.0,0.0,0.0,0.0,0.0,0.0,0.0,0.0,0.0
12012.01,0.8488687015982885,0.0,17421.0,37.0,0.23069999999982221,31.75,32.75,36.93000000000001,0.0,0.0,0.0,0.0,0.0,20.0,0.3,0.1,0.2,0.1,0.4,0.1,0.1,0.1,0.5,0.0,65535.0,0.09459067673762112,0.0,65535.0,0.06535439078355078,0.0,0.0,0.0,0.0,0.0,0.0,0.0,0.0,0.0,0.0
12072.09,0.8604506335841935,0.0,17421.0,37.0,0.21629999999982108,31.75,32.75,36.89000000000004,0.0,0.0,0.0,0.0,0.0,20.0,0.3,0.1,0.2,0.1,0.4,0.1,0.1,0.1,0.5,0.0,65535.0,0.09486533913176165,0.0,65535.0,0.06533913176165408,0.0,0.0,0.0,0.0,0.0,0.0,0.0,0.0,0.0,0.0
12132.16,0.8636587387440249,0.0,17421.0,37.0,0.22069999999981538,31.75,32.75,37.01000000000005,0.0,0.0,0.0,0.0,0.0,20.0,0.3,0.1,0.2,0.1,0.4,0.1,0.1,0.1,0.5,0.0,65535.0,0.09486533913176165,0.0,65535.0,0.0656595712214847,0.0,0.0,0.0,0.0,0.0,0.0,0.0,0.0,0.0,0.0
12192.23,0.8543730315915303,0.0,17421.0,37.0,0.1564999999998118,31.6875,32.875,36.870000000000005,0.0,0.0,0.0,0.0,0.0,20.0,0.3,0.1,0.2,0.1,0.4,0.1,0.1,0.1,0.5,0.0,65535.0,0.09489585717555504,0.0,65535.0,0.06544594491493096,0.0,0.0,0.0,0.0,0.0,0.0,0.0,0.0,0.0,0.0
12252.31,0.8567514178099276,0.0,17421.0,37.0,0.20819999999981734,31.75,32.75,36.650000000000034,0.0,0.0,0.0,0.0,0.0,20.0,0.3,0.1,0.2,0.1,0.4,0.1,0.1,0.1,0.5,0.0,65535.0,0.09500267032883192,0.0,65535.0,0.06509498741130694,0.0,0.0,0.0,0.0,0.0,0.0,0.0,0.0,0.0,0.0
12312.38,0.8489911965115347,0.0,17421.0,37.0,0.214999999999812,31.6875,32.75,37.09000000000003,0.0,0.0,0.0,0.0,0.0,20.0,0.3,0.1,0.2,0.1,0.4,0.1,0.1,0.1,0.5,0.0,65535.0,0.09489585717555504,0.0,65535.0,0.06637674525062943,0.0,0.0,0.0,0.0,0.0,0.0,0.0,0.0,0.0,0.0
12372.45,0.8525850622073465,0.0,17421.0,37.0,0.21799999999981098,31.6875,32.75,36.79000000000002,0.0,0.0,0.0,0.0,0.0,20.0,0.3,0.1,0.2,0.1,0.4,0.1,0.1,0.1,0.5,0.0,65535.0,0.09520103761348897,0.0,65535.0,0.06538490882734417,0.0,0.0,0.0,0.0,0.0,0.0,0.0,0.0,0.0,0.0
12432.52,0.8550117014334283,0.0,17421.0,37.0,0.19769999999981436,31.6875,32.75,36.93000000000001,0.0,0.0,0.0,0.0,0.0,20.0,0.3,0.1,0.2,0.1,0.4,0.1,0.1,0.1,0.5,0.0,65535.0,0.09573510337987336,0.0,65535.0,0.06619363698786908,0.0,0.0,0.0,0.0,0.0,0.0,0.0,0.0,0.0,0.0
12492.56,0.8494714255106951,0.0,17421.0,37.0,0.2134999999998091,31.6875,32.8125,36.81,0.0,0.0,0.0,0.0,0.0,20.0,0.3,0.1,0.2,0.1,0.4,0.1,0.1,0.1,0.5,0.0,65535.0,0.09602502479591059,0.0,65535.0,0.06655985351338979,0.0,0.0,0.0,0.0,0.0,0.0,0.0,0.0,0.0,0.0
12552.6,0.8637510731056337,0.0,17421.0,37.0,0.22789999999980848,31.6875,32.8125,36.73000000000002,0.0,0.0,0.0,0.0,0.0,20.0,0.3,0.1,0.2,0.1,0.4,0.1,0.1,0.1,0.5,0.0,65535.0,0.09607080186160068,0.0,65535.0,0.06642252231631952,0.0,0.0,0.0,0.0,0.0,0.0,0.0,0.0,0.0,0.0
12612.65,0.8499794647574903,0.0,17421.0,37.0,0.2131999999998068,31.625,32.8125,36.89000000000004,0.0,0.0,0.0,0.0,0.0,20.0,0.3,0.1,0.2,0.1,0.4,0.1,0.1,0.1,0.5,0.0,65535.0,0.09619287403677425,0.0,65535.0,0.06558327611200122,0.0,0.0,0.0,0.0,0.0,0.0,0.0,0.0,0.0,0.0
12672.72,0.8586495478103884,0.0,17421.0,37.0,0.21349999999980568,31.75,32.8125,36.79000000000002,0.0,0.0,0.0,0.0,0.0,20.0,0.3,0.1,0.2,0.1,0.4,0.1,0.1,0.1,0.5,0.0,65535.0,0.09668116273746853,0.0,65535.0,0.06599526970321203,0.0,0.0,0.0,0.0,0.0,0.0,0.0,0.0,0.0,0.0
12732.8,0.8469814772785503,0.0,17421.0,37.0,0.19379999999980851,31.6875,32.8125,36.81,0.0,0.0,0.0,0.0,0.0,20.0,0.3,0.1,0.2,0.1,0.4,0.1,0.1,0.1,0.5,0.0,65535.0,0.09633020523384452,0.0,65535.0,0.06689555199511711,0.0,0.0,0.0,0.0,0.0,0.0,0.0,0.0,0.0,0.0
12792.87,0.8511145660494379,0.0,17421.0,37.0,0.18139999999980216,31.6875,32.8125,36.870000000000005,0.0,0.0,0.0,0.0,0.0,20.0,0.3,0.1,0.2,0.1,0.4,0.1,0.1,0.1,0.5,0.0,65535.0,0.09602502479591059,0.0,65535.0,0.06588845654993515,0.0,0.0,0.0,0.0,0.0,0.0,0.0,0.0,0.0,0.0
12852.95,0.8427195098013285,0.0,17421.0,37.0,0.24259999999980333,31.6875,32.75,36.710000000000036,0.0,0.0,0.0,0.0,0.0,20.0,0.3,0.1,0.2,0.1,0.4,0.1,0.1,0.1,0.5,0.0,65535.0,0.09616235599298086,0.0,65535.0,0.06590371557183185,0.0,0.0,0.0,0.0,0.0,0.0,0.0,0.0,0.0,0.0
12913.02,0.8540963729614011,0.0,17421.0,37.0,0.2782999999998036,31.625,32.75,36.73000000000002,0.0,0.0,0.0,0.0,0.0,20.0,0.3,0.1,0.2,0.1,0.4,0.1,0.1,0.1,0.5,0.0,65535.0,0.09643701838712139,0.0,65535.0,0.06602578774700542,0.0,0.0,0.0,0.0,0.0,0.0,0.0,0.0,0.0,0.0
12973.07,0.8558673806589457,0.0,17421.0,37.0,0.20949999999981014,31.75,32.8125,36.950000000000045,0.0,0.0,0.0,0.0,0.0,20.0,0.3,0.1,0.2,0.1,0.4,0.1,0.1,0.1,0.5,0.0,65535.0,0.09636072327763791,0.0,65535.0,0.06578164339665828,0.0,0.0,0.0,0.0,0.0,0.0,0.0,0.0,0.0,0.0
13033.12,0.8630783998026474,0.0,17421.0,37.0,0.1976999999998041,31.75,32.875,36.85000000000002,0.0,0.0,0.0,0.0,0.0,20.0,0.3,0.1,0.2,0.1,0.4,0.1,0.1,0.1,0.5,0.0,65535.0,0.09660486762798505,0.0,65535.0,0.06617837796597238,0.0,0.0,0.0,0.0,0.0,0.0,0.0,0.0,0.0,0.0
13093.16,0.8435557194007061,0.0,17421.0,37.0,0.20739999999980863,31.75,32.8125,36.89000000000004,0.0,0.0,0.0,0.0,0.0,20.0,0.3,0.1,0.2,0.1,0.4,0.1,0.1,0.1,0.5,0.0,65535.0,0.09697108415350576,0.0,65535.0,0.06637674525062943,0.0,0.0,0.0,0.0,0.0,0.0,0.0,0.0,0.0,0.0
13153.23,0.8492630619445076,0.0,17421.0,37.0,0.2803999999998008,31.6875,32.8125,36.93000000000001,0.0,0.0,0.0,0.0,0.0,20.0,0.3,0.1,0.2,0.1,0.4,0.1,0.1,0.1,0.5,0.0,65535.0,0.0967879758907454,0.0,65535.0,0.0661020828564889,0.0,0.0,0.0,0.0,0.0,0.0,0.0,0.0,0.0,0.0
13213.29,0.8501871526303701,0.0,17421.0,37.0,0.23719999999979827,31.75,32.8125,37.05000000000001,0.0,0.0,0.0,0.0,0.0,20.0,0.3,0.1,0.2,0.1,0.4,0.1,0.1,0.1,0.5,0.0,65535.0,0.09701686121919585,0.0,65535.0,0.0665293354695964,0.0,0.0,0.0,0.0,0.0,0.0,0.0,0.0,0.0,0.0
13273.37,0.8546194790325368,0.0,17421.0,37.0,0.22159999999979654,31.75,32.8125,36.89000000000004,0.0,0.0,0.0,0.0,0.0,20.0,0.3,0.1,0.2,0.1,0.4,0.1,0.1,0.1,0.5,0.0,65535.0,0.09698634317540246,0.0,65535.0,0.06636148622873274,0.0,0.0,0.0,0.0,0.0,0.0,0.0,0.0,0.0,0.0
13333.42,0.847294145215881,0.0,17421.0,37.0,0.21449999999980043,31.75,32.8125,36.97000000000003,0.0,0.0,0.0,0.0,0.0,20.0,0.3,0.1,0.2,0.1,0.4,0.1,0.1,0.1,0.5,0.0,65535.0,0.09730678263523308,0.0,65535.0,0.06721599145494773,0.0,0.0,0.0,0.0,0.0,0.0,0.0,0.0,0.0,0.0
13393.46,0.8653766169530392,0.0,17421.0,37.0,0.19149999999980372,31.8125,32.8125,36.97000000000003,0.0,0.0,0.0,0.0,0.0,20.0,0.3,0.1,0.2,0.1,0.4,0.1,0.1,0.1,0.5,0.0,65535.0,0.09732204165712978,0.0,65535.0,0.06671244373235675,0.0,0.0,0.0,0.0,0.0,0.0,0.0,0.0,0.0,0.0
13453.51,0.8651762501482427,0.0,17421.0,37.0,0.2558999999998003,31.75,32.8125,36.81,0.0,0.0,0.0,0.0,0.0,20.0,0.3,0.1,0.2,0.1,0.4,0.1,0.1,0.1,0.5,0.0,65535.0,0.09729152361333639,0.0,65535.0,0.0669260700389105,0.0,0.0,0.0,0.0,0.0,0.0,0.0,0.0,0.0,0.0
13513.55,0.866643562205137,0.0,17421.0,37.0,0.2126999999997978,31.75,32.75,36.77000000000004,0.0,0.0,0.0,0.0,0.0,20.0,0.3,0.1,0.2,0.1,0.4,0.1,0.1,0.1,0.5,0.0,65535.0,0.09796292057679103,0.0,65535.0,0.06741435873960479,0.0,0.0,0.0,0.0,0.0,0.0,0.0,0.0,0.0,0.0
13573.61,0.8603037557686221,0.0,17421.0,37.0,0.23829999999980292,31.6875,32.8125,36.93000000000001,0.0,0.0,0.0,0.0,0.0,20.0,0.3,0.1,0.2,0.1,0.4,0.1,0.1,0.1,0.5,0.0,65535.0,0.09813076981765469,0.0,65535.0,0.06746013580529488,0.0,0.0,0.0,0.0,0.0,0.0,0.0,0.0,0.0,0.0
13633.69,0.8554274179774538,0.0,17421.0,37.0,0.21119999999979658,31.75,32.8125,36.89000000000004,0.0,0.0,0.0,0.0,0.0,20.0,0.3,0.1,0.2,0.1,0.4,0.1,0.1,0.1,0.5,0.0,65535.0,0.09771877622644388,0.0,65535.0,0.06732280460822461,0.0,0.0,0.0,0.0,0.0,0.0,0.0,0.0,0.0,0.0
13693.76,0.8450724308060531,0.0,17421.0,37.0,0.21649999999979092,31.75,32.8125,36.85000000000002,0.0,0.0,0.0,0.0,0.0,20.0,0.3,0.1,0.2,0.1,0.4,0.1,0.1,0.1,0.5,0.0,65535.0,0.09842069123369192,0.0,65535.0,0.06788738841840238,0.0,0.0,0.0,0.0,0.0,0.0,0.0,0.0,0.0,0.0
13753.83,0.8604588892378662,0.0,17421.0,37.0,0.2308999999997903,31.6875,32.8125,36.81,0.0,0.0,0.0,0.0,0.0,20.0,0.3,0.1,0.2,0.1,0.4,0.1,0.1,0.1,0.5,0.0,65535.0,0.09837491416800183,0.0,65535.0,0.06742961776150148,0.0,0.0,0.0,0.0,0.0,0.0,0.0,0.0,0.0,0.0
13813.89,0.8541650517704361,0.0,17421.0,37.0,0.2897999999997961,31.6875,32.8125,36.97000000000003,0.0,0.0,0.0,0.0,0.0,20.0,0.3,0.1,0.2,0.1,0.4,0.1,0.1,0.1,0.5,0.0,65535.0,0.09828336003662165,0.0,65535.0,0.0677805752651255,0.0,0.0,0.0,0.0,0.0,0.0,0.0,0.0,0.0,0.0
13873.93,0.8590073301095469,0.0,17421.0,37.0,0.22009999999978763,31.75,32.8125,36.950000000000045,0.0,0.0,0.0,0.0,0.0,20.0,0.3,0.1,0.2,0.1,0.4,0.1,0.1,0.1,0.5,0.0,65535.0,0.0985122453650721,0.0,65535.0,0.06834515907530327,0.0,0.0,0.0,0.0,0.0,0.0,0.0,0.0,0.0,0.0
13933.98,0.8565566117096725,0.0,17421.0,37.0,0.1864999999997855,31.75,32.8125,36.870000000000005,0.0,0.0,0.0,0.0,0.0,20.0,0.3,0.1,0.2,0.1,0.4,0.1,0.1,0.1,0.5,0.0,65535.0,0.09843595025558861,0.0,65535.0,0.0681773098344396,0.0,0.0,0.0,0.0,0.0,0.0,0.0,0.0,0.0,0.0
13994.05,0.8557670431883949,0.0,17421.0,37.0,0.18849999999979447,31.75,32.8125,36.79000000000002,0.0,0.0,0.0,0.0,0.0,20.0,0.3,0.1,0.2,0.1,0.4,0.1,0.1,0.1,0.5,0.0,65535.0,0.0985122453650721,0.0,65535.0,0.06782635233081559,0.0,0.0,0.0,0.0,0.0,0.0,0.0,0.0,0.0,0.0
14054.11,0.8603332103328932,0.0,17421.0,37.0,0.2473999999997861,31.6875,32.8125,36.73000000000002,0.0,0.0,0.0,0.0,0.0,20.0,0.3,0.1,0.2,0.1,0.4,0.1,0.1,0.1,0.5,0.0,65535.0,0.09842069123369192,0.0,65535.0,0.06837567711909667,0.0,0.0,0.0,0.0,0.0,0.0,0.0,0.0,0.0,0.0
14114.16,0.8604214992912211,0.0,17421.0,37.0,0.2167999999997838,31.6875,32.8125,36.650000000000034,0.0,0.0,0.0,0.0,0.0,20.0,0.3,0.1,0.2,0.1,0.4,0.1,0.1,0.1,0.5,0.0,65535.0,0.09898527504386968,0.0,65535.0,0.06895551995117113,0.0,0.0,0.0,0.0,0.0,0.0,0.0,0.0,0.0,0.0
14174.2,0.8590710389040608,0.0,17421.0,37.0,0.2388999999997938,31.75,32.75,36.73000000000002,0.0,0.0,0.0,0.0,0.0,20.0,0.3,0.1,0.2,0.1,0.4,0.1,0.1,0.1,0.5,0.0,65535.0,0.09938200961318379,0.0,65535.0,0.0690928511482414,0.0,0.0,0.0,0.0,0.0,0.0,0.0,0.0,0.0,0.0
14234.24,0.8668626609808847,0.0,17421.0,37.0,0.19739999999978636,31.6875,32.8125,37.170000000000016,0.0,0.0,0.0,0.0,0.0,20.0,0.3,0.1,0.2,0.1,0.4,0.1,0.1,0.1,0.5,0.0,65535.0,0.09939726863508049,0.0,65535.0,0.06942854962996872,0.0,0.0,0.0,0.0,0.0,0.0,0.0,0.0,0.0,0.0
14294.29,0.8554535883443217,0.0,17421.0,37.0,0.23099999999978676,31.6875,32.8125,36.950000000000045,0.0,0.0,0.0,0.0,0.0,20.0,0.3,0.1,0.2,0.1,0.4,0.1,0.1,0.1,0.5,0.0,65535.0,0.09959563591973754,0.0,65535.0,0.06926070038910506,0.0,0.0,0.0,0.0,0.0,0.0,0.0,0.0,0.0,0.0
14354.33,0.8682941998779508,0.0,17421.0,37.0,0.2129999999997855,31.75,32.8125,36.870000000000005,0.0,0.0,0.0,0.0,0.0,20.0,0.3,0.1,0.2,0.1,0.4,0.1,0.1,0.1,0.5,0.0,65535.0,0.09909208819714656,0.0,65535.0,0.06878767071030747,0.0,0.0,0.0,0.0,0.0,0.0,0.0,0.0,0.0,0.0
14414.38,0.8629539631624646,0.0,17421.0,37.0,0.25039999999978074,31.6875,32.8125,36.89000000000004,0.0,0.0,0.0,0.0,0.0,20.0,0.3,0.1,0.2,0.1,0.4,0.1,0.1,0.1,0.5,0.0,65535.0,0.10002288853284505,0.0,65535.0,0.06985580224307622,0.0,0.0,0.0,0.0,0.0,0.0,0.0,0.0,0.0,0.0
14474.46,0.8689047891634731,0.0,17421.0,37.0,0.23979999999978951,31.6875,32.75,36.950000000000045,0.0,0.0045,0.25,0.0,0.0,20.0,0.3,0.1,0.2,0.1,0.4,0.1,0.1,0.1,0.5,0.0,65535.0,0.09973296711680782,0.0,65535.0,0.0695353627832456,0.0,0.0,0.0,0.0,0.0,0.0,0.0,0.0,0.0,0.0
14534.52,0.8563289894596369,0.0,17421.0,37.0,0.32284999999978103,31.6875,32.875,36.650000000000034,0.0,0.0,0.0,0.0,0.0,20.0,0.3,0.1,0.2,0.1,0.4,0.1,0.1,0.1,0.5,0.0,65535.0,0.09820706492713817,0.0,65535.0,0.06813153276874952,0.0,0.0,0.0,0.0,0.0,0.0,0.0,0.0,0.0,0.0
14594.58,0.843625170159527,0.0,17421.0,37.0,0.2485999999997775,31.6875,32.8125,36.85000000000002,0.0,0.0,0.0,0.0,0.0,20.0,0.3,0.1,0.2,0.1,0.4,0.1,0.1,0.1,0.5,0.0,65535.0,0.09800869764248112,0.0,65535.0,0.0686961165789273,0.0,0.0,0.0,0.0,0.0,0.0,0.0,0.0,0.0,0.0
14654.65,0.8400157230369317,0.0,17421.0,37.0,0.20559999999978476,31.8125,32.75,36.89000000000004,0.0,0.0,0.0,0.0,0.0,20.0,0.3,0.1,0.2,0.1,0.4,0.1,0.1,0.1,0.5,0.0,65535.0,0.0980849927519646,0.0,65535.0,0.06883344777599756,0.0,0.0,0.0,0.0,0.0,0.0,0.0,0.0,0.0,0.0
14714.68,0.8471397409806364,0.0,17421.0,37.0,0.22439999999978016,31.75,32.8125,37.05000000000001,0.0,0.0,0.0,0.0,0.0,20.0,0.3,0.1,0.2,0.1,0.4,0.1,0.1,0.1,0.5,0.0,65535.0,0.09782558937972076,0.0,65535.0,0.06894026092927444,0.0,0.0,0.0,0.0,0.0,0.0,0.0,0.0,0.0,0.0
14774.73,0.8496540873114141,0.0,17421.0,37.0,0.22349999999977926,31.8125,32.75,36.93000000000001,0.0,0.0,0.0,0.0,0.0,20.0,0.3,0.1,0.2,0.1,0.4,0.1,0.1,0.1,0.5,0.0,65535.0,0.09822232394903486,0.0,65535.0,0.06839093614099337,0.0,0.0,0.0,0.0,0.0,0.0,0.0,0.0,0.0,0.0
14834.78,0.8447688309597319,0.0,17421.0,37.0,0.2078999999997775,31.75,32.8125,36.93000000000001,0.0,0.0,0.0,0.0,0.0,20.0,0.3,0.1,0.2,0.1,0.4,0.1,0.1,0.1,0.5,0.0,65535.0,0.0985122453650721,0.0,65535.0,0.06915388723582819,0.0,0.0,0.0,0.0,0.0,0.0,0.0,0.0,0.0,0.0
14894.83,0.8508628744468322,0.0,17421.0,37.0,0.2036999999997762,31.75,32.8125,36.89000000000004,0.0,0.0,0.0,0.0,0.0,20.0,0.3,0.1,0.2,0.1,0.4,0.1,0.1,0.1,0.5,0.0,65535.0,0.09877164873731593,0.0,65535.0,0.06961165789272908,0.0,0.0,0.0,0.0,0.0,0.0,0.0,0.0,0.0,0.0
14954.88,0.850233110649934,0.0,17421.0,37.0,0.23279999999977644,31.75,32.8125,36.77000000000004,0.0,0.0,0.0,0.0,0.0,20.0,0.3,0.1,0.2,0.1,0.4,0.1,0.1,0.1,0.5,0.0,65535.0,0.09871061264972915,0.0,65535.0,0.06945906767376211,0.0,0.0,0.0,0.0,0.0,0.0,0.0,0.0,0.0,0.0
15014.92,0.8620492531723952,0.0,17421.0,37.0,0.23159999999977582,31.75,32.75,36.85000000000002,0.0,0.0,0.0,0.0,0.0,20.0,0.3,0.1,0.2,0.1,0.4,0.1,0.1,0.1,0.5,0.0,65535.0,0.09906157015335317,0.0,65535.0,0.06961165789272908,0.0,0.0,0.0,0.0,0.0,0.0,0.0,0.0,0.0,0.0
15074.96,0.8588155405445261,0.0,17421.0,37.0,0.21719999999977468,31.75,32.8125,36.81,0.0,0.0,0.0,0.0,0.0,20.0,0.3,0.1,0.2,0.1,0.4,0.1,0.1,0.1,0.5,0.0,65535.0,0.09878690775921263,0.0,65535.0,0.06962691691462577,0.0,0.0,0.0,0.0,0.0,0.0,0.0,0.0,0.0,0.0
15135.01,0.8509779010249041,0.0,17421.0,37.0,0.23959999999976936,31.75,32.75,36.93000000000001,0.0,0.0,0.0,0.0,0.0,20.0,0.3,0.1,0.2,0.1,0.4,0.1,0.1,0.1,0.5,0.0,65535.0,0.09884794384679942,0.0,65535.0,0.07026779583428702,0.0,0.0,0.0,0.0,0.0,0.0,0.0,0.0,0.0,0.0
15195.05,0.8602399959115159,0.0,17421.0,37.0,0.22489999999976767,31.75,32.8125,36.950000000000045,0.0,0.0,0.0,0.0,0.0,20.0,0.3,0.1,0.2,0.1,0.4,0.1,0.1,0.1,0.5,0.0,65535.0,0.09938200961318379,0.0,65535.0,0.07028305485618372,0.0,0.0,0.0,0.0,0.0,0.0,0.0,0.0,0.0,0.0
15255.1,0.8518197756969634,0.0,17421.0,37.0,0.20579999999977083,31.75,32.8125,36.85000000000002,0.0,0.0,0.0,0.0,0.0,20.0,0.3,0.1,0.2,0.1,0.4,0.1,0.1,0.1,0.5,0.0,65535.0,0.09903105210955977,0.0,65535.0,0.06973373006790265,0.0,0.0,0.0,0.0,0.0,0.0,0.0,0.0,0.0,0.0
15315.13,0.8539573648485884,0.0,17421.0,37.0,0.24639999999977652,31.75,32.75,37.03000000000003,0.0,0.0,0.0,0.0,0.0,20.0,0.3,0.1,0.2,0.1,0.4,0.1,0.1,0.1,0.5,0.0,65535.0,0.09954985885404745,0.0,65535.0,0.07017624170290684,0.0,0.0,0.0,0.0,0.0,0.0,0.0,0.0,0.0,0.0
15375.21,0.8570660757911926,0.0,17421.0,37.0,0.18099999999977318,31.8125,32.8125,36.97000000000003,0.0,0.0,0.0,0.0,0.0,20.0,0.3,0.1,0.2,0.1,0.4,0.1,0.1,0.1,0.5,0.0,65535.0,0.09909208819714656,0.0,65535.0,0.07022201876859693,0.0,0.0,0.0,0.0,0.0,0.0,0.0,0.0,0.0,0.0
15435.28,0.8536534179764788,0.0,17421.0,37.0,0.2138999999997691,31.8125,32.8125,36.85000000000002,0.0,0.0,0.0,0.0,0.0,20.0,0.3,0.1,0.2,0.1,0.4,0.1,0.1,0.1,0.5,0.0,65535.0,0.0998092622262913,0.0,65535.0,0.07176317998016327,0.0,0.0,0.0,0.0,0.0,0.0,0.0,0.0,0.0,0.0
15495.34,0.8578861875190499,0.0,17421.0,37.0,0.23389999999976427,31.75,32.8125,36.85000000000002,0.0,0.0,0.0,0.0,0.0,20.0,0.3,0.1,0.2,0.1,0.4,0.1,0.1,0.1,0.5,0.0,65535.0,0.099320973525597,0.0,65535.0,0.07147325856412604,0.0,0.0,0.0,0.0,0.0,0.0,0.0,0.0,0.0,0.0
15555.4,0.8455199585298231,0.0,17421.0,37.0,0.255399999999774,31.6875,32.875,37.01000000000005,0.0,0.0,0.0,0.0,0.0,20.0,0.3,0.1,0.2,0.1,0.4,0.1,0.1,0.1,0.5,0.0,65535.0,0.10016021972991532,0.0,65535.0,0.07243457694361792,0.0,0.0,0.0,0.0,0.0,0.0,0.0,0.0,0.0,0.0
15615.47,0.8596378196351694,0.0,17421.0,37.0,0.24189999999977288,31.6875,32.8125,36.89000000000004,0.0,0.0,0.0,0.0,0.0,20.0,0.3,0.1,0.2,0.1,0.4,0.1,0.1,0.1,0.5,0.0,65535.0,0.09977874418249791,0.0,65535.0,0.07113756008239872,0.0,0.0,0.0,0.0,0.0,0.0,0.0,0.0,0.0,0.0
15675.54,0.8514127857936359,0.0,17421.0,37.0,0.21219999999977146,31.75,32.75,37.03000000000003,0.0,0.0,0.0,0.0,0.0,20.0,0.3,0.1,0.2,0.1,0.4,0.1,0.1,0.1,0.5,0.0,65535.0,0.0997940032043946,0.0,65535.0,0.07115281910429541,0.0,0.0,0.0,0.0,0.0,0.0,0.0,0.0,0.0,0.0
15735.62,0.8481824918286585,0.0,17421.0,37.0,0.21659999999976576,31.75,32.75,37.03000000000003,0.0,0.0,0.0,0.0,0.0,20.0,0.3,0.1,0.2,0.1,0.4,0.1,0.1,0.1,0.5,0.0,65535.0,0.09987029831387809,0.0,65535.0,0.07177843900205996,0.0,0.0,0.0,0.0,0.0,0.0,0.0,0.0,0.0,0.0
15795.7,0.8546655238743824,0.0,17421.0,37.0,0.1985999999997645,31.6875,32.75,36.89000000000004,0.0,0.0,0.0,0.0,0.0,20.0,0.3,0.1,0.2,0.1,0.4,0.1,0.1,0.1,0.5,0.0,65535.0,0.10070954451819639,0.0,65535.0,0.07185473411154344,0.0,0.0,0.0,0.0,0.0,0.0,0.0,0.0,0.0,0.0
15855.76,0.8512248470638214,0.0,17421.0,37.0,0.20999999999976407,31.6875,32.75,37.13000000000005,0.0,0.0,0.0,0.0,0.0,20.0,0.3,0.1,0.2,0.1,0.4,0.1,0.1,0.1,0.5,0.0,65535.0,0.10046540016784924,0.0,65535.0,0.07261768520637828,0.0,0.0,0.0,0.0,0.0,0.0,0.0,0.0,0.0,0.0
15915.84,0.8535621742817843,0.0,17421.0,37.0,0.2070999999997684,31.6875,32.8125,36.870000000000005,0.0,0.0,0.0,0.0,0.0,20.0,0.3,0.1,0.2,0.1,0.4,0.1,0.1,0.1,0.5,0.0,65535.0,0.10110627908751049,0.0,65535.0,0.07269398031586176,0.0,0.0,0.0,0.0,0.0,0.0,0.0,0.0,0.0,0.0
15975.91,0.8698334617240039,0.0,17421.0,37.0,0.212099999999763,31.6875,32.8125,36.77000000000004,0.0,0.0,0.0,0.0,0.0,20.0,0.3,0.1,0.2,0.1,0.4,0.1,0.1,0.1,0.5,0.0,65535.0,0.1006485084306096,0.0,65535.0,0.07244983596551462,0.0,0.0,0.0,0.0,0.0,0.0,0.0,0.0,0.0,0.0
16035.95,0.8554096348945701,0.0,17421.0,37.0,0.19649999999976125,31.6875,32.8125,36.97000000000003,0.0,0.0,0.0,0.0,0.0,20.0,0.3,0.1,0.2,0.1,0.4,0.1,0.1,0.1,0.5,0.0,65535.0,0.10055695429922942,0.0,65535.0,0.07235828183413444,0.0,0.0,0.0,0.0,0.0,0.0,0.0,0.0,0.0,0.0
16096.0,0.85404877166927,0.0,17421.0,37.0,0.1970999999997607,31.75,32.8125,36.950000000000045,0.0,0.0,0.0,0.0,0.0,20.0,0.3,0.1,0.2,0.1,0.4,0.1,0.1,0.1,0.5,0.0,65535.0,0.10078583962767987,0.0,65535.0,0.07246509498741131,0.0,0.0,0.0,0.0,0.0,0.0,0.0,0.0,0.0,0.0
16156.04,0.8667230137081193,0.0,17421.0,37.0,0.21119999999976036,31.625,32.75,36.81,0.0,0.0,0.0,0.0,0.0,20.0,0.3,0.1,0.2,0.1,0.4,0.1,0.1,0.1,0.5,0.0,65535.0,0.10110627908751049,0.0,65535.0,0.07318226901655604,0.0,0.0,0.0,0.0,0.0,0.0,0.0,0.0,0.0,0.0
16216.08,0.8623369078636677,0.0,17421.0,37.0,0.25919999999976107,31.6875,32.8125,36.710000000000036,0.0,0.0,0.0,0.0,0.0,20.0,0.3,0.1,0.2,0.1,0.4,0.1,0.1,0.1,0.5,0.0,65535.0,0.1010757610437171,0.0,65535.0,0.07321278706034944,0.0,0.0,0.0,0.0,0.0,0.0,0.0,0.0,0.0,0.0
16276.16,0.8665473864956842,0.0,17421.0,37.0,0.23979999999976445,31.6875,32.75,36.89000000000004,0.0,0.0,0.0,0.0,0.0,20.0,0.3,0.1,0.2,0.1,0.4,0.1,0.1,0.1,0.5,0.0,65535.0,0.1015182726787213,0.0,65535.0,0.07344167238879988,0.0,0.0,0.0,0.0,0.0,0.0,0.0,0.0,0.0,0.0
16336.24,0.8535129524634111,0.0,17421.0,37.0,0.24249999999976368,31.6875,32.75,37.03000000000003,0.0,0.0,0.0,0.0,0.0,20.0,0.3,0.1,0.2,0.1,0.4,0.1,0.1,0.1,0.5,0.0,65535.0,0.10144197756923781,0.0,65535.0,0.07310597390707256,0.0,0.0,0.0,0.0,0.0,0.0,0.0,0.0,0.0,0.0
16396.28,0.8608150406515949,0.0,17421.0,37.0,0.22309999999975205,31.6875,32.6875,36.950000000000045,0.0,0.0,0.0,0.0,0.0,20.0,0.3,0.1,0.2,0.1,0.4,0.1,0.1,0.1,0.5,0.0,65535.0,0.10102998397802701,0.0,65535.0,0.07365529869535363,0.0,0.0,0.0,0.0,0.0,0.0,0.0,0.0,0.0,0.0
16456.35,0.8592911104408947,0.0,17421.0,37.0,0.1991999999997553,31.6875,32.6875,37.05000000000001,0.0,0.0,0.0,0.0,0.0,20.0,0.3,0.1,0.2,0.1,0.4,0.1,0.1,0.1,0.5,0.0,65535.0,0.10144197756923781,0.0,65535.0,0.07388418402380408,0.0,0.0,0.0,0.0,0.0,0.0,0.0,0.0,0.0,0.0
16516.42,0.8520514449887002,0.0,17421.0,37.0,0.19209999999975919,31.75,32.75,37.05000000000001,0.0,0.0,0.0,0.0,0.0,20.0,0.3,0.1,0.2,0.1,0.4,0.1,0.1,0.1,0.5,0.0,65535.0,0.10145723659113451,0.0,65535.0,0.07518120088502327,0.0,0.0,0.0,0.0,0.0,0.0,0.0,0.0,0.0,0.0
16576.47,0.8489327519697956,0.0,17421.0,37.0,0.22589999999975516,31.625,32.8125,36.870000000000005,0.0,0.0,0.0,0.0,0.0,20.0,0.3,0.1,0.2,0.1,0.4,0.1,0.1,0.1,0.5,0.0,65535.0,0.10180819409475853,0.0,65535.0,0.07452506294346532,0.0,0.0,0.0,0.0,0.0,0.0,0.0,0.0,0.0,0.0
16636.54,0.8589133162007334,0.0,17421.0,37.0,0.20559999999975856,31.625,32.75,36.89000000000004,0.0,0.0,0.0,0.0,0.0,20.0,0.3,0.1,0.2,0.1,0.4,0.1,0.1,0.1,0.5,0.0,65535.0,0.10180819409475853,0.0,65535.0,0.07441824979018845,0.0,0.0,0.0,0.0,0.0,0.0,0.0,0.0,0.0,0.0
16696.58,0.8527585802080638,0.0,17421.0,37.0,0.2688999999997604,31.6875,32.75,36.870000000000005,0.0,0.0,0.0,0.0,0.0,20.0,0.3,0.1,0.2,0.1,0.4,0.1,0.1,0.1,0.5,0.0,65535.0,0.10168612191958495,0.0,65535.0,0.07455558098725872,0.0,0.0,0.0,0.0,0.0,0.0,0.0,0.0,0.0,0.0
16756.62,0.8566157243706246,0.0,17421.0,37.0,0.24069999999975844,31.6875,32.75,36.870000000000005,0.0,0.0,0.0,0.0,0.0,20.0,0.3,0.1,0.2,0.1,0.4,0.1,0.1,0.1,0.5,0.0,65535.0,0.1023575188830396,0.0,65535.0,0.07515068284122987,0.0,0.0,0.0,0.0,0.0,0.0,0.0,0.0,0.0,0.0
16816.66,0.8564024988146454,0.0,17421.0,37.0,0.1976999999997515,31.625,32.75,36.89000000000004,0.0,0.0,0.0,0.0,0.0,20.0,0.3,0.1,0.2,0.1,0.4,0.1,0.1,0.1,0.5,0.0,65535.0,0.10208285648889906,0.0,65535.0,0.07528801403830014,0.0,0.0,0.0,0.0,0.0,0.0,0.0,0.0,0.0,0.0
16876.71,0.8746491446869203,0.0,17421.0,37.0,0.2173999999997461,31.6875,32.75,36.93000000000001,0.0,0.0,0.0,0.0,0.0,20.0,0.3,0.1,0.2,0.1,0.4,0.1,0.1,0.1,0.5,0.0,65535.0,0.10214389257648585,0.0,65535.0,0.07515068284122987,0.0,0.0,0.0,0.0,0.0,0.0,0.0,0.0,0.0,0.0
16936.76,0.8563275210585567,0.0,17421.0,37.0,0.22859999999975011,31.625,32.75,36.81,0.0,0.0,0.0,0.0,0.0,20.0,0.3,0.1,0.2,0.1,0.4,0.1,0.1,0.1,0.5,0.0,65535.0,0.10264744029907683,0.0,65535.0,0.07646295872434578,0.0,0.0,0.0,0.0,0.0,0.0,0.0,0.0,0.0,0.0
16996.8,0.8578852645802003,0.0,17421.0,37.0,0.2335999999997447,31.6875,32.75,36.97000000000003,0.0,0.0,0.0,0.0,0.0,20.0,0.3,0.1,0.2,0.1,0.4,0.1,0.1,0.1,0.5,0.0,65535.0,0.10252536812390325,0.0,65535.0,0.07570000762951094,0.0,0.0,0.0,0.0,0.0,0.0,0.0,0.0,0.0,0.0
17056.84,0.8663131534617289,0.0,17421.0,37.0,0.24069999999975414,31.625,32.75,36.93000000000001,0.0,0.0,0.0,0.0,0.0,20.0,0.3,0.1,0.2,0.1,0.4,0.1,0.1,0.1,0.5,0.0,65535.0,0.10257114518959334,0.0,65535.0,0.07608148317692835,0.0,0.0,0.0,0.0,0.0,0.0,0.0,0.0,0.0,0.0
17116.89,0.8594312844392108,0.0,17421.0,37.0,0.21269999999974776,31.625,32.6875,36.93000000000001,0.0,0.0,0.0,0.0,0.0,20.0,0.3,0.1,0.2,0.1,0.4,0.1,0.1,0.1,0.5,0.0,65535.0,0.10220492866407263,0.0,65535.0,0.0754863813229572,0.0,0.0,0.0,0.0,0.0,0.0,0.0,0.0,0.0,0.0
17176.93,0.8677319357162259,0.0,17421.0,37.0,0.23449999999974297,31.625,32.6875,36.97000000000003,0.0,0.0,0.0,0.0,0.0,20.0,0.3,0.1,0.2,0.1,0.4,0.1,0.1,0.1,0.5,0.0,65535.0,0.10308995193408102,0.0,65535.0,0.07663080796520944,0.0,0.0,0.0,0.0,0.0,0.0,0.0,0.0,0.0,0.0
17236.96,0.8597288302747508,0.0,17421.0,37.0,0.23979999999975235,31.625,32.6875,36.870000000000005,0.0,0.0,0.0,0.0,0.0,20.0,0.3,0.1,0.2,0.1,0.4,0.1,0.1,0.1,0.5,0.0,65535.0,0.10310521095597772,0.0,65535.0,0.0763408865491722,0.0,0.0,0.0,0.0,0.0,0.0,0.0,0.0,0.0,0.0
17297.04,0.8613133340123968,0.0,17421.0,37.0,0.19919999999974491,31.625,32.75,36.93000000000001,0.0,0.0,0.0,0.0,0.0,20.0,0.3,0.1,0.2,0.1,0.4,0.1,0.1,0.1,0.5,0.0,65535.0,0.10328831921873807,0.0,65535.0,0.07663080796520944,0.0,0.0,0.0,0.0,0.0,0.0,0.0,0.0,0.0,0.0
17357.11,0.8841201621992196,0.0,17421.0,37.0,0.21979999999973954,31.6875,32.75,36.93000000000001,0.0,0.0,0.0,0.0,0.0,20.0,0.3,0.1,0.2,0.1,0.4,0.1,0.1,0.1,0.5,0.0,65535.0,0.10305943389028763,0.0,65535.0,0.07704280155642024,0.0,0.0,0.0,0.0,0.0,0.0,0.0,0.0,0.0,0.0
17417.17,0.8768663425683995,0.0,17421.0,37.0,0.24279999999974958,31.625,32.6875,36.97000000000003,0.0,0.0,0.0,0.0,0.0,20.0,0.3,0.1,0.2,0.1,0.4,0.1,0.1,0.1,0.5,0.0,65535.0,0.10333409628442816,0.0,65535.0,0.07644769970244908,0.0,0.0,0.0,0.0,0.0,0.0,0.0,0.0,0.0,0.0
17477.25,0.8571230763955497,0.0,17421.0,37.0,0.20129999999974213,31.6875,32.6875,36.870000000000005,0.0,0.0,0.0,0.0,0.0,20.0,0.3,0.1,0.2,0.1,0.4,0.1,0.1,0.1,0.5,0.0,65535.0,0.10376134889753567,0.0,65535.0,0.07791256580453193,0.0,0.0,0.0,0.0,0.0,0.0,0.0,0.0,0.0,0.0
17537.32,0.8726951263549988,0.0,17421.0,37.0,0.21009999999974663,31.625,32.75,36.81,0.0,0.0,0.0,0.0,0.0,20.0,0.3,0.1,0.2,0.1,0.4,0.1,0.1,0.1,0.5,0.0,65535.0,0.10370031280994889,0.0,65535.0,0.07684443427176318,0.0,0.0,0.0,0.0,0.0,0.0,0.0,0.0,0.0,0.0
17597.36,0.8658426177390747,0.0,17421.0,37.0,0.201599999999741,31.6875,32.75,36.93000000000001,0.0,0.0,0.0,0.0,0.0,20.0,0.3,0.1,0.2,0.1,0.4,0.1,0.1,0.1,0.5,0.0,65535.0,0.1036240177004654,0.0,65535.0,0.07731746395056077,0.0,0.0,0.0,0.0,0.0,0.0,0.0,0.0,0.0,0.0
17657.41,0.8738285536344268,0.0,17421.0,37.0,0.19299999999974454,31.6875,32.6875,36.97000000000003,0.0,0.0,0.0,0.0,0.0,20.0,0.3,0.1,0.2,0.1,0.4,0.1,0.1,0.1,0.5,0.0,65535.0,0.10344090943770504,0.0,65535.0,0.07743953612573434,0.0,0.0,0.0,0.0,0.0,0.0,0.0,0.0,0.0,0.0
17717.45,0.8757851809059453,0.0,17421.0,37.0,0.17709999999974307,31.6875,32.6875,36.870000000000005,0.0,0.0,0.0,0.0,0.0,20.0,0.3,0.1,0.2,0.1,0.4,0.1,0.1,0.1,0.5,0.0,65535.0,0.10388342107270924,0.0,65535.0,0.07798886091401541,0.0,0.0,0.0,0.0,0.0,0.0,0.0,0.0,0.0,0.0
17777.5,0.8775089726995262,0.0,17421.0,37.0,0.1967999999997385,31.625,32.6875,36.93000000000001,0.0,0.0,0.0,0.0,0.0,20.0,0.3,0.1,0.2,0.1,0.4,0.1,0.1,0.1,0.5,0.0,65535.0,0.10421911955443657,0.0,65535.0,0.07827878233005264,0.0,0.0,0.0,0.0,0.0,0.0,0.0,0.0,0.0,0.0
17837.56,0.8722382709562848,0.0,17421.0,37.0,0.2688999999997457,31.625,32.75,36.85000000000002,0.0,0.0,0.0,0.0,0.0,20.0,0.3,0.1,0.2,0.1,0.4,0.1,0.1,0.1,0.5,0.0,65535.0,0.10383764400701916,0.0,65535.0,0.0780498970016022,0.0,0.0,0.0,0.0,0.0,0.0,0.0,0.0,0.0,0.0
17897.6,0.8622943940145411,0.0,17421.0,37.0,0.2409999999997443,31.625,32.6875,36.63000000000005,0.0,0.0,0.0,0.0,0.0,20.0,0.3,0.1,0.2,0.1,0.4,0.1,0.1,0.1,0.5,0.0,65535.0,0.10435645075150683,0.0,65535.0,0.0780346379797055,0.0,0.0,0.0,0.0,0.0,0.0,0.0,0.0,0.0,0.0
17957.65,0.8607592322069716,0.0,17421.0,37.0,0.20009999999973715,31.6875,32.6875,37.01000000000005,0.0,0.0,0.0,0.0,0.0,20.0,0.3,0.1,0.2,0.1,0.4,0.1,0.1,0.1,0.5,0.0,65535.0,0.10397497520408942,0.0,65535.0,0.07815671015487907,0.0,0.0,0.0,0.0,0.0,0.0,0.0,0.0,0.0,0.0
18017.69,0.8701299679846832,0.0,17421.0,37.0,0.21209999999973703,31.625,32.6875,36.79000000000002,0.0,0.0,0.0,0.0,0.0,20.0,0.3,0.1,0.2,0.1,0.4,0.1,0.1,0.1,0.5,0.0,65535.0,0.1044937819485771,0.0,65535.0,0.07814145113298238,0.0,0.0,0.0,0.0,0.0,0.0,0.0,0.0,0.0,0.0
18077.74,0.8797856456084764,0.0,17421.0,37.0,0.2550999999997431,31.625,32.75,36.89000000000004,0.0,0.0,0.0,0.0,0.0,20.0,0.3,0.1,0.2,0.1,0.4,0.1,0.1,0.1,0.5,0.0,65535.0,0.10458533607995728,0.0,65535.0,0.07875181200885023,0.0,0.0,0.0,0.0,0.0,0.0,0.0,0.0,0.0,0.0
18137.81,0.865682934090879,0.0,17421.0,37.0,0.20859999999974105,31.625,32.6875,36.93000000000001,0.0,0.0,0.0,0.0,0.0,20.0,0.3,0.1,0.2,0.1,0.4,0.1,0.1,0.1,0.5,0.0,65535.0,0.10461585412375067,0.0,65535.0,0.07858396276798657,0.0,0.0,0.0,0.0,0.0,0.0,0.0,0.0,0.0,0.0
18197.89,0.8788709038238675,0.0,17421.0,37.0,0.23509999999973114,31.625,32.6875,36.97000000000003,0.0,0.0,0.0,0.0,0.0,20.0,0.3,0.1,0.2,0.1,0.4,0.1,0.1,0.1,0.5,0.0,65535.0,0.10475318532082094,0.0,65535.0,0.07862973983367666,0.0,0.0,0.0,0.0,0.0,0.0,0.0,0.0,0.0,0.0
18257.93,0.8718804787870604,0.0,17421.0,37.0,0.19949999999973336,31.625,32.75,36.950000000000045,0.0,0.0,0.0,0.0,0.0,20.0,0.3,0.1,0.2,0.1,0.4,0.1,0.1,0.1,0.5,0.0,65535.0,0.10484473945220112,0.0,65535.0,0.07975890745403219,0.0,0.0,0.0,0.0,0.0,0.0,0.0,0.0,0.0,0.0
18318.0,0.8754218343090793,0.0,17421.0,37.0,0.2091999999997379,31.625,32.6875,36.93000000000001,0.0,0.0,0.0,0.0,0.0,20.0,0.3,0.1,0.2,0.1,0.4,0.1,0.1,0.1,0.5,0.0,65535.0,0.1049210345616846,0.0,65535.0,0.07884336614023041,0.0,0.0,0.0,0.0,0.0,0.0,0.0,0.0,0.0,0.0
18378.07,0.888605468311885,0.0,17421.0,37.0,0.19179999999973696,31.625,32.75,36.97000000000003,0.0,0.0,0.0,0.0,0.0,20.0,0.3,0.1,0.2,0.1,0.4,0.1,0.1,0.1,0.5,0.0,65535.0,0.10525673304341192,0.0,65535.0,0.07934691386282139,0.0,0.0,0.0,0.0,0.0,0.0,0.0,0.0,0.0,0.0
18438.15,0.8653168566192783,0.0,17421.0,37.0,0.23449999999972823,31.625,32.6875,36.93000000000001,0.0,0.0,0.0,0.0,0.0,20.0,0.3,0.1,0.2,0.1,0.4,0.1,0.1,0.1,0.5,0.0,65535.0,0.10554665445944915,0.0,65535.0,0.07896543831540398,0.0,0.0,0.0,0.0,0.0,0.0,0.0,0.0,0.0,0.0
18498.19,0.8673290783814435,0.0,17421.0,37.0,0.18739999999972504,31.625,32.75,36.63000000000005,0.0,0.0,0.0,0.0,0.0,20.0,0.3,0.1,0.2,0.1,0.4,0.1,0.1,0.1,0.5,0.0,65535.0,0.10556191348134585,0.0,65535.0,0.07939269092851148,0.0,0.0,0.0,0.0,0.0,0.0,0.0,0.0,0.0,0.0
18558.23,0.8749023740465668,0.0,17421.0,37.0,0.23769999999973612,31.625,32.6875,36.870000000000005,0.0,0.0,0.0,0.0,0.0,20.0,0.3,0.1,0.2,0.1,0.4,0.1,0.1,0.1,0.5,0.0,65535.0,0.10585183489738308,0.0,65535.0,0.07989623865110246,0.0,0.0,0.0,0.0,0.0,0.0,0.0,0.0,0.0,0.0
18618.3,0.8846237101310416,0.0,17421.0,37.0,0.23569999999972543,31.5625,32.6875,36.870000000000005,0.0,0.0,0.0,0.0,0.0,20.0,0.3,0.1,0.2,0.1,0.4,0.1,0.1,0.1,0.5,0.0,65535.0,0.10646219577325093,0.0,65535.0,0.07966735332265201,0.0,0.0,0.0,0.0,0.0,0.0,0.0,0.0,0.0,0.0
18678.36,0.8778261615407184,0.0,17421.0,37.0,0.2527999999997249,31.6875,32.75,36.89000000000004,0.0,0.0,0.0,0.0,0.0,20.0,0.3,0.1,0.2,0.1,0.4,0.1,0.1,0.1,0.5,0.0,65535.0,0.10550087739375906,0.0,65535.0,0.07927061875333791,0.0,0.0,0.0,0.0,0.0,0.0,0.0,0.0,0.0,0.0
18738.4,0.8921337946064707,0.0,17421.0,37.0,0.2442999999997335,31.625,32.6875,37.01000000000005,0.0,0.0,0.0,0.0,0.0,20.0,0.3,0.1,0.2,0.1,0.4,0.1,0.1,0.1,0.5,0.0,65535.0,0.10655374990463111,0.0,65535.0,0.0802014190890364,0.0,0.0,0.0,0.0,0.0,0.0,0.0,0.0,0.0,0.0
18798.48,0.8766744610018962,0.0,17421.0,37.0,0.19869999999973148,31.625,32.6875,36.93000000000001,0.0,0.0,0.0,0.0,0.0,20.0,0.3,0.1,0.2,0.1,0.4,0.1,0.1,0.1,0.5,0.0,65535.0,0.10603494316014343,0.0,65535.0,0.08004882887006942,0.0,0.0,0.0,0.0,0.0,0.0,0.0,0.0,0.0,0.0
18858.55,0.8769354599548502,0.0,17421.0,37.0,0.21659999999972684,31.6875,32.75,36.89000000000004,0.0,0.0,0.0,0.0,0.0,20.0,0.3,0.1,0.2,0.1,0.4,0.1,0.1,0.1,0.5,0.0,65535.0,0.10585183489738308,0.0,65535.0,0.07948424505989166,0.0,0.0,0.0,0.0,0.0,0.0,0.0,0.0,0.0,0.0
18918.6,0.8830167344474482,0.0,17421.0,37.0,0.2318999999997263,31.625,32.625,37.01000000000005,0.0,0.0,0.0,0.0,0.0,20.0,0.3,0.1,0.2,0.1,0.4,0.1,0.1,0.1,0.5,0.0,65535.0,0.10653849088273441,0.0,65535.0,0.08050659952697033,0.0,0.0,0.0,0.0,0.0,0.0,0.0,0.0,0.0,0.0
18978.64,0.8778995148197826,0.0,17421.0,37.0,0.2645999999997267,31.625,32.6875,36.950000000000045,0.0,0.0,0.0,0.0,0.0,20.0,0.3,0.1,0.2,0.1,0.4,0.1,0.1,0.1,0.5,0.0,65535.0,0.10696574349584191,0.0,65535.0,0.08047608148317693,0.0,0.0,0.0,0.0,0.0,0.0,0.0,0.0,0.0,0.0
19038.71,0.8816276256033095,0.0,17421.0,37.0,0.17629999999971746,31.625,32.6875,36.89000000000004,0.0,0.0,0.0,0.0,0.0,20.0,0.3,0.1,0.2,0.1,0.4,0.1,0.1,0.1,0.5,0.0,65535.0,0.10672159914549477,0.0,65535.0,0.0805981536583505,0.0,0.0,0.0,0.0,0.0,0.0,0.0,0.0,0.0,0.0
19098.78,0.8844047833762485,0.0,17421.0,37.0,0.2721999999997297,31.625,32.75,36.610000000000014,0.0,0.0,0.0,0.0,0.0,20.0,0.3,0.1,0.2,0.1,0.4,0.1,0.1,0.1,0.5,0.0,65535.0,0.10676737621118486,0.0,65535.0,0.08094911116197452,0.0,0.0,0.0,0.0,0.0,0.0,0.0,0.0,0.0,0.0
19158.84,0.8848499804165322,0.0,17421.0,37.0,0.22039999999971743,31.625,32.6875,36.85000000000002,0.0,0.0,0.0,0.0,0.0,20.0,0.3,0.1,0.2,0.1,0.4,0.1,0.1,0.1,0.5,0.0,65535.0,0.10666056305790798,0.0,65535.0,0.08119325551232166,0.0,0.0,0.0,0.0,0.0,0.0,0.0,0.0,0.0,0.0
19218.91,0.8714828494302527,0.0,17421.0,37.0,0.18709999999971502,31.6875,32.6875,36.89000000000004,0.0,0.0,0.0,0.0,0.0,20.0,0.3,0.1,0.2,0.1,0.4,0.1,0.1,0.1,0.5,0.0,65535.0,0.1069962615396353,0.0,65535.0,0.08136110475318532,0.0,0.0,0.0,0.0,0.0,0.0,0.0,0.0,0.0,0.0
19278.98,0.8863681025460874,0.0,17421.0,37.0,0.2691999999997273,31.625,32.6875,36.870000000000005,0.0,0.0,0.0,0.0,0.0,20.0,0.3,0.1,0.2,0.1,0.4,0.1,0.1,0.1,0.5,0.0,65535.0,0.10739299610894941,0.0,65535.0,0.08130006866559854,0.0,0.0,0.0,0.0,0.0,0.0,0.0,0.0,0.0,0.0
19339.05,0.8946419228104499,0.0,17421.0,37.0,0.2070999999997244,31.625,32.75,36.870000000000005,0.0,0.0,0.0,0.0,0.0,20.0,0.3,0.1,0.2,0.1,0.4,0.1,0.1,0.1,0.5,0.0,65535.0,0.10769817654688335,0.0,65535.0,0.08158999008163577,0.0,0.0,0.0,0.0,0.0,0.0,0.0,0.0,0.0,0.0
19399.13,0.8873053884403912,0.0,17421.0,37.0,0.23739999999972525,31.625,32.6875,36.870000000000005,0.0,0.0,0.0,0.0,0.0,20.0,0.3,0.1,0.2,0.1,0.4,0.1,0.1,0.1,0.5,0.0,65535.0,0.10821698329137103,0.0,65535.0,0.08169680323491264,0.0,0.0,0.0,0.0,0.0,0.0,0.0,0.0,0.0,0.0
19459.21,0.8983914791481544,0.0,17421.0,37.0,0.20769999999972383,31.625,32.625,36.81,0.0,0.0,0.0,0.0,0.0,20.0,0.3,0.1,0.2,0.1,0.4,0.1,0.1,0.1,0.5,0.0,65535.0,0.10768291752498665,0.0,65535.0,0.08142214084077211,0.0,0.0,0.0,0.0,0.0,0.0,0.0,0.0,0.0,0.0
19519.28,0.8798979349401882,0.0,17421.0,37.0,0.16439999999971633,31.625,32.75,36.85000000000002,0.0,0.0,0.0,0.0,0.0,20.0,0.3,0.1,0.2,0.1,0.4,0.1,0.1,0.1,0.5,0.0,65535.0,0.10798809796292058,0.0,65535.0,0.0814526588845655,0.0,0.0,0.0,0.0,0.0,0.0,0.0,0.0,0.0,0.0
19579.34,0.884347206474408,0.0,17421.0,37.0,0.2894999999997205,31.625,32.6875,36.870000000000005,0.0,0.0,0.0,0.0,0.0,20.0,0.3,0.1,0.2,0.1,0.4,0.1,0.1,0.1,0.5,0.0,65535.0,0.10804913405050737,0.0,65535.0,0.08160524910353247,0.0,0.0,0.0,0.0,0.0,0.0,0.0,0.0,0.0,0.0
19639.39,0.8951224330957304,0.0,17421.0,37.0,0.14949999999971908,31.6875,32.6875,36.79000000000002,0.0,0.0,0.0,0.0,0.0,20.0,0.3,0.1,0.2,0.1,0.4,0.1,0.1,0.1,0.5,0.0,65535.0,0.10798809796292058,0.0,65535.0,0.08226138704509041,0.0,0.0,0.0,0.0,0.0,0.0,0.0,0.0,0.0,0.0
19699.45,0.8938832674495818,0.0,17421.0,37.0,0.2209999999997109,31.625,32.6875,36.93000000000001,0.0,0.0,0.0,0.0,0.0,20.0,0.3,0.1,0.2,0.1,0.4,0.1,0.1,0.1,0.5,0.0,65535.0,0.10853742275120165,0.0,65535.0,0.08256656748302434,0.0,0.0,0.0,0.0,0.0,0.0,0.0,0.0,0.0,0.0
19759.49,0.9015218331644006,0.0,17421.0,37.0,0.19009999999970886,31.625,32.75,36.97000000000003,0.0,0.0,0.0,0.0,0.0,20.0,0.3,0.1,0.2,0.1,0.4,0.1,0.1,0.1,0.5,0.0,65535.0,0.10852216372930495,0.0,65535.0,0.08236820019836728,0.0,0.0,0.0,0.0,0.0,0.0,0.0,0.0,0.0,0.0
19819.52,0.8836763313075979,0.0,17421.0,37.0,0.19799999999971332,31.6875,32.6875,36.950000000000045,0.0,0.0,0.0,0.0,0.0,20.0,0.3,0.1,0.2,0.1,0.4,0.1,0.1,0.1,0.5,0.0,65535.0,0.10910200656137942,0.0,65535.0,0.08233768215457389,0.0,0.0,0.0,0.0,0.0,0.0,0.0,0.0,0.0,0.0
19879.6,0.89691534123458,0.0,17421.0,37.0,0.21769999999970793,31.5625,32.6875,36.79000000000002,0.0,0.0,0.0,0.0,0.0,20.0,0.3,0.1,0.2,0.1,0.4,0.1,0.1,0.1,0.5,0.0,65535.0,0.1091935606927596,0.0,65535.0,0.08262760357061112,0.0,0.0,0.0,0.0,0.0,0.0,0.0,0.0,0.0,0.0
19939.67,0.8919888356512513,0.0,17421.0,37.0,0.2509999999997078,31.625,32.75,36.93000000000001,0.0,0.0,0.0,0.0,0.0,20.0,0.3,0.1,0.2,0.1,0.4,0.1,0.1,0.1,0.5,0.0,65535.0,0.10885786221103227,0.0,65535.0,0.08264286259250782,0.0,0.0,0.0,0.0,0.0,0.0,0.0,0.0,0.0,0.0
19999.73,0.89133245936477,0.0,17421.0,37.0,0.21719999999971007,31.625,32.6875,36.89000000000004,0.0,0.0,0.0,0.0,0.0,20.0,0.3,0.1,0.2,0.1,0.4,0.1,0.1,0.1,0.5,0.0,65535.0,0.10963607232776379,0.0,65535.0,0.08238345922026398,0.0,0.0,0.0,0.0,0.0,0.0,0.0,0.0,0.0,0.0
20059.81,0.8986431712981964,0.0,17421.0,37.0,0.1712999999997075,31.625,32.6875,36.93000000000001,0.0,0.0,0.0,0.0,0.0,20.0,0.3,0.1,0.2,0.1,0.4,0.1,0.1,0.1,0.5,0.0,65535.0,0.1095902952620737,0.0,65535.0,0.08238345922026398,0.0,0.0,0.0,0.0,0.0,0.0,0.0,0.0,0.0,0.0
20119.88,0.9026627222433733,0.0,17421.0,37.0,0.24099999999971428,31.6875,32.6875,36.97000000000003,0.0,0.0,0.0,0.0,0.0,20.0,0.3,0.1,0.2,0.1,0.4,0.1,0.1,0.1,0.5,0.0,65535.0,0.10997177080949111,0.0,65535.0,0.08278019378957809,0.0,0.0,0.0,0.0,0.0,0.0,0.0,0.0,0.0,0.0
20179.95,0.9023701169749703,0.0,17421.0,37.0,0.17829999999971105,31.625,32.6875,36.93000000000001,0.0,0.0,0.0,0.0,0.0,20.0,0.3,0.1,0.2,0.1,0.4,0.1,0.1,0.1,0.5,0.0,65535.0,0.11017013809414816,0.0,65535.0,0.08363469901579308,0.0,0.0,0.0,0.0,0.0,0.0,0.0,0.0,0.0,0.0
20239.99,0.8803427513850701,0.0,17421.0,37.0,0.23859999999971304,31.625,32.6875,36.81,0.0,0.0,0.0,0.0,0.0,20.0,0.3,0.1,0.2,0.1,0.4,0.1,0.1,0.1,0.5,0.0,65535.0,0.10939192797741665,0.0,65535.0,0.08238345922026398,0.0,0.0,0.0,0.0,0.0,0.0,0.0,0.0,0.0,0.0
20300.07,0.898155911289424,0.0,17421.0,37.0,0.2191999999997014,31.625,32.625,36.81,0.0,0.0,0.0,0.0,0.0,20.0,0.3,0.1,0.2,0.1,0.4,0.1,0.1,0.1,0.5,0.0,65535.0,0.11012436102845807,0.0,65535.0,0.08291752498664835,0.0,0.0,0.0,0.0,0.0,0.0,0.0,0.0,0.0,0.0
20360.16,0.898567165202833,0.0,17421.0,37.0,0.2500999999997017,31.625,32.6875,36.89000000000004,0.0,0.0,0.0,0.0,0.0,20.0,0.3,0.1,0.2,0.1,0.4,0.1,0.1,0.1,0.5,0.0,65535.0,0.11056687266346227,0.0,65535.0,0.08247501335164416,0.0,0.0,0.0,0.0,0.0,0.0,0.0,0.0,0.0,0.0
20420.22,0.9013730267572824,0.0,17421.0,37.0,0.2218999999996998,31.625,32.6875,36.93000000000001,0.0,0.0,0.0,0.0,0.0,20.0,0.3,0.1,0.2,0.1,0.4,0.1,0.1,0.1,0.5,0.0,65535.0,0.11076523994811932,0.0,65535.0,0.08264286259250782,0.0,0.0,0.0,0.0,0.0,0.0,0.0,0.0,0.0,0.0
20480.27,0.9094375909785795,0.0,17421.0,37.0,0.1906999999996972,31.5625,32.6875,36.93000000000001,0.0,0.0,0.0,0.0,0.0,20.0,0.3,0.1,0.2,0.1,0.4,0.1,0.1,0.1,0.5,0.0,65535.0,0.1108262760357061,0.0,65535.0,0.08291752498664835,0.0,0.0,0.0,0.0,0.0,0.0,0.0,0.0,0.0,0.0
20540.31,0.901062259581051,0.0,17421.0,37.0,0.25429999999969877,31.625,32.6875,36.73000000000002,0.0,0.0,0.0,0.0,0.0,20.0,0.3,0.1,0.2,0.1,0.4,0.1,0.1,0.1,0.5,0.0,65535.0,0.11119249256122682,0.0,65535.0,0.08328374151216907,0.0,0.0,0.0,0.0,0.0,0.0,0.0,0.0,0.0,0.0
20600.36,0.8870430547249235,0.0,17421.0,37.0,0.1980999999997055,31.625,32.6875,37.03000000000003,0.0,0.0,0.0,0.0,0.0,20.0,0.3,0.1,0.2,0.1,0.4,0.1,0.1,0.1,0.5,0.0,65535.0,0.11194018463416495,0.0,65535.0,0.08377203021286335,0.0,0.0,0.0,0.0,0.0,0.0,0.0,0.0,0.0,0.0
20660.4,0.9084390108879841,0.0,17421.0,37.0,0.22039999999969603,31.625,32.6875,36.79000000000002,0.0,0.0,0.0,0.0,0.0,20.0,0.3,0.1,0.2,0.1,0.4,0.1,0.1,0.1,0.5,0.0,65535.0,0.11165026321812772,0.0,65535.0,0.08364995803768978,0.0,0.0,0.0,0.0,0.0,0.0,0.0,0.0,0.0,0.0
20720.44,0.9021715137507517,0.0,17421.0,37.0,0.16799999999969764,31.625,32.6875,37.03000000000003,0.0,0.0,0.0,0.0,0.0,20.0,0.3,0.1,0.2,0.1,0.4,0.1,0.1,0.1,0.5,0.0,65535.0,0.11119249256122682,0.0,65535.0,0.08297856107423514,0.0,0.0,0.0,0.0,0.0,0.0,0.0,0.0,0.0,0.0
20780.51,0.8965615783685668,0.0,17421.0,37.0,0.24189999999970488,31.5625,32.625,37.05000000000001,0.0,0.0,0.0,0.0,0.0,20.0,0.3,0.1,0.2,0.1,0.4,0.1,0.1,0.1,0.5,0.0,65535.0,0.11152819104295415,0.0,65535.0,0.08342107270923933,0.0,0.0,0.0,0.0,0.0,0.0,0.0,0.0,0.0,0.0
20840.57,0.8874086591702055,0.0,17421.0,37.0,0.22949999999969853,31.625,32.6875,36.97000000000003,0.0,0.0,0.0,0.0,0.0,20.0,0.3,0.1,0.2,0.1,0.4,0.1,0.1,0.1,0.5,0.0,65535.0,0.11198596169985504,0.0,65535.0,0.08378728923476005,0.0,0.0,0.0,0.0,0.0,0.0,0.0,0.0,0.0,0.0
20900.62,0.9100903633056301,0.0,17421.0,37.0,0.257499999999704,31.625,32.625,36.89000000000004,0.0,0.0,0.0,0.0,0.0,20.0,0.3,0.1,0.2,0.1,0.4,0.1,0.1,0.1,0.5,0.0,65535.0,0.11221484702830549,0.0,65535.0,0.08424505989166095,0.0,0.0,0.0,0.0,0.0,0.0,0.0,0.0,0.0,0.0
20960.66,0.8923293263028467,0.0,17421.0,37.0,0.2153999999996971,31.625,32.625,37.170000000000016,0.0,0.0,0.0,0.0,0.0,20.0,0.3,0.1,0.2,0.1,0.4,0.1,0.1,0.1,0.5,0.0,65535.0,0.11223010605020219,0.0,65535.0,0.08384832532234683,0.0,0.0,0.0,0.0,0.0,0.0,0.0,0.0,0.0,0.0
21020.74,0.9078404331803414,0.0,17421.0,37.0,0.19769999999969556,31.625,32.6875,36.81,0.0,0.0,0.0,0.0,0.0,20.0,0.3,0.1,0.2,0.1,0.4,0.1,0.1,0.1,0.5,0.0,65535.0,0.11210803387502861,0.0,65535.0,0.08390936140993362,0.0,0.0,0.0,0.0,0.0,0.0,0.0,0.0,0.0,0.0
21080.78,0.9112847722805151,0.0,17421.0,37.0,0.2373999999997012,31.625,32.625,36.85000000000002,0.0,0.0,0.0,0.0,0.0,20.0,0.3,0.1,0.2,0.1,0.4,0.1,0.1,0.1,0.5,0.0,65535.0,0.11219958800640879,0.0,65535.0,0.08474860761425193,0.0,0.0,0.0,0.0,0.0,0.0,0.0,0.0,0.0,0.0
21140.81,0.903208919790844,0.0,17421.0,37.0,0.2297999999996956,31.5625,32.6875,36.85000000000002,0.0,0.0,0.0,0.0,0.0,20.0,0.3,0.1,0.2,0.1,0.4,0.1,0.1,0.1,0.5,0.0,65535.0,0.11273365377279317,0.0,65535.0,0.08433661402304113,0.0,0.0,0.0,0.0,0.0,0.0,0.0,0.0,0.0,0.0
21200.88,0.8981032689187787,0.0,17421.0,37.0,0.25539999999970076,31.625,32.625,36.93000000000001,0.0,0.0,0.0,0.0,0.0,20.0,0.3,0.1,0.2,0.1,0.4,0.1,0.1,0.1,0.5,0.0,65535.0,0.11274891279468986,0.0,65535.0,0.08462653543907836,0.0,0.0,0.0,0.0,0.0,0.0,0.0,0.0,0.0,0.0
21260.96,0.9162987854274192,0.0,17421.0,37.0,0.1953999999996976,31.625,32.6875,36.89000000000004,0.0,0.0,0.0,0.0,0.0,20.0,0.3,0.1,0.2,0.1,0.4,0.1,0.1,0.1,0.5,0.0,65535.0,0.1134050507362478,0.0,65535.0,0.08409246967269399,0.0,0.0,0.0,0.0,0.0,0.0,0.0,0.0,0.0,0.0
21320.99,0.9019389167101315,0.0,17421.0,37.0,0.2577999999996994,31.5625,32.625,36.93000000000001,0.0,0.0,0.0,0.0,0.0,20.0,0.3,0.1,0.2,0.1,0.4,0.1,0.1,0.1,0.5,0.0,65535.0,0.11328297856107424,0.0,65535.0,0.08418402380407417,0.0,0.0,0.0,0.0,0.0,0.0,0.0,0.0,0.0,0.0
21381.03,0.9187584864287549,0.0,17421.0,37.0,0.20949999999969726,31.625,32.625,36.870000000000005,0.0,0.0,0.0,0.0,0.0,20.0,0.3,0.1,0.2,0.1,0.4,0.1,0.1,0.1,0.5,0.0,65535.0,0.11346608682383459,0.0,65535.0,0.08491645685511559,0.0,0.0,0.0,0.0,0.0,0.0,0.0,0.0,0.0,0.0
21441.09,0.9034394754868109,0.0,17421.0,37.0,0.23099999999969276,31.5625,32.625,36.89000000000004,0.0,0.0,0.0,0.0,0.0,20.0,0.3,0.1,0.2,0.1,0.4,0.1,0.1,0.1,0.5,0.0,65535.0,0.11375600823987182,0.0,65535.0,0.08551155870908675,0.0,0.0,0.0,0.0,0.0,0.0,0.0,0.0,0.0,0.0
21501.14,0.9176849797286829,0.0,17421.0,37.0,0.21389999999969153,31.625,32.6875,36.710000000000036,0.0,0.0,0.0,0.0,0.0,20.0,0.3,0.1,0.2,0.1,0.4,0.1,0.1,0.1,0.5,0.0,65535.0,0.11416800183108262,0.0,65535.0,0.08522163729304952,0.0,0.0,0.0,0.0,0.0,0.0,0.0,0.0,0.0,0.0
21561.18,0.9112470726587076,0.0,17421.0,37.0,0.2141999999996904,31.625,32.625,36.89000000000004,0.0,0.0,0.0,0.0,0.0,20.0,0.3,0.1,0.2,0.1,0.4,0.1,0.1,0.1,0.5,0.0,65535.0,0.11430533302815289,0.0,65535.0,0.08517586022735943,0.0,0.0,0.0,0.0,0.0,0.0,0.0,0.0,0.0,0.0
21621.23,0.9045142856644794,0.0,17421.0,37.0,0.2103999999996947,31.625,32.6875,36.81,0.0,0.0,0.0,0.0,0.0,20.0,0.3,0.1,0.2,0.1,0.4,0.1,0.1,0.1,0.5,0.0,65535.0,0.11433585107194628,0.0,65535.0,0.08535896849011979,0.0,0.0,0.0,0.0,0.0,0.0,0.0,0.0,0.0,0.0
21681.27,0.9009104520254708,0.0,17421.0,37.0,0.25639999999968555,31.5625,32.625,37.01000000000005,0.0,0.0045,0.25,0.0,0.0,20.0,0.3,0.1,0.2,0.1,0.4,0.1,0.1,0.1,0.5,0.0,65535.0,0.11514457923247119,0.0,65535.0,0.08682383459220264,0.0,0.0,0.0,0.0,0.0,0.0,0.0,0.0,0.0,0.0
21741.35,0.8793615322058983,0.0,17421.0,37.0,0.3158499999996809,31.625,32.625,36.690000000000055,0.0,0.0,0.0,0.0,0.0,20.0,0.3,0.1,0.2,0.1,0.4,0.1,0.1,0.1,0.5,0.0,65535.0,0.11203173876554513,0.0,65535.0,0.08340581368734264,0.0,0.0,0.0,0.0,0.0,0.0,0.0,0.0,0.0,0.0
21801.41,0.8841860873586767,0.0,17421.0,37.0,0.27809999999968854,31.625,32.625,36.93000000000001,0.0,0.0,0.0,0.0,0.0,20.0,0.3,0.1,0.2,0.1,0.4,0.1,0.1,0.1,0.5,0.0,65535.0,0.11223010605020219,0.0,65535.0,0.08343633173113603,0.0,0.0,0.0,0.0,0.0,0.0,0.0,0.0,0.0,0.0
21861.49,0.8804808822460204,0.0,17421.0,37.0,0.21009999999969012,31.625,32.625,37.05000000000001,0.0,0.0,0.0,0.0,0.0,20.0,0.3,0.1,0.2,0.1,0.4,0.1,0.1,0.1,0.5,0.0,65535.0,0.11293202105745022,0.0,65535.0,0.0839703974975204,0.0,0.0,0.0,0.0,0.0,0.0,0.0,0.0,0.0,0.0
21921.53,0.8885863231138482,0.0,17421.0,37.0,0.20029999999967885,31.6875,32.6875,36.81,0.0,0.0,0.0,0.0,0.0,20.0,0.3,0.1,0.2,0.1,0.4,0.1,0.1,0.1,0.5,0.0,65535.0,0.11252002746623942,0.0,65535.0,0.08415350576028077,0.0,0.0,0.0,0.0,0.0,0.0,0.0,0.0,0.0,0.0
21981.61,0.8928186685061763,0.0,17421.0,37.0,0.25239999999969,31.625,32.6875,36.93000000000001,0.0,0.0,0.0,0.0,0.0,20.0,0.3,0.1,0.2,0.1,0.4,0.1,0.1,0.1,0.5,0.0,65535.0,0.11274891279468986,0.0,65535.0,0.08476386663614863,0.0,0.0,0.0,0.0,0.0,0.0,0.0,0.0,0.0,0.0
22041.67,0.8829007408318559,0.0,17421.0,37.0,0.29449999999968096,31.6875,32.625,36.89000000000004,0.0,0.0,0.0,0.0,0.0,20.0,0.3,0.1,0.2,0.1,0.4,0.1,0.1,0.1,0.5,0.0,65535.0,0.1126115815976196,0.0,65535.0,0.08413824673838408,0.0,0.0,0.0,0.0,0.0,0.0,0.0,0.0,0.0,0.0
22101.72,0.8823775467237414,0.0,17421.0,37.0,0.21479999999968152,31.625,32.625,37.09000000000003,0.0,0.0,0.0,0.0,0.0,20.0,0.3,0.1,0.2,0.1,0.4,0.1,0.1,0.1,0.5,0.0,65535.0,0.11306935225452049,0.0,65535.0,0.08442816815442131,0.0,0.0,0.0,0.0,0.0,0.0,0.0,0.0,0.0,0.0
22161.77,0.8885186940450285,0.0,17421.0,37.0,0.14789999999967784,31.6875,32.625,37.01000000000005,0.0,0.0,0.0,0.0,0.0,20.0,0.3,0.1,0.2,0.1,0.4,0.1,0.1,0.1,0.5,0.0,65535.0,0.11317616540779736,0.0,65535.0,0.0848554207675288,0.0,0.0,0.0,0.0,0.0,0.0,0.0,0.0,0.0,0.0
22221.81,0.8943630815519437,0.0,17421.0,37.0,0.2378999999996804,31.6875,32.625,36.77000000000004,0.0,0.0,0.0,0.0,0.0,20.0,0.3,0.1,0.2,0.1,0.4,0.1,0.1,0.1,0.5,0.0,65535.0,0.11374074921797513,0.0,65535.0,0.08549629968719005,0.0,0.0,0.0,0.0,0.0,0.0,0.0,0.0,0.0,0.0
22281.86,0.901018365120949,0.0,17421.0,37.0,0.2472999999996852,31.5625,32.625,36.97000000000003,0.0,0.0,0.0,0.0,0.0,20.0,0.3,0.1,0.2,0.1,0.4,0.1,0.1,0.1,0.5,0.0,65535.0,0.11305409323262379,0.0,65535.0,0.0848706797894255,0.0,0.0,0.0,0.0,0.0,0.0,0.0,0.0,0.0,0.0
22341.9,0.8958892371118745,0.0,17421.0,37.0,0.2184999999996838,31.625,32.6875,36.97000000000003,0.0,0.0,0.0,0.0,0.0,20.0,0.3,0.1,0.2,0.1,0.4,0.1,0.1,0.1,0.5,0.0,65535.0,0.11398489356832227,0.0,65535.0,0.08560311284046693,0.0,0.0,0.0,0.0,0.0,0.0,0.0,0.0,0.0,0.0
22401.97,0.8858317623318116,0.0,17421.0,37.0,0.17989999999967202,31.6875,32.625,36.93000000000001,0.0,0.0,0.0,0.0,0.0,20.0,0.3,0.1,0.2,0.1,0.4,0.1,0.1,0.1,0.5,0.0,65535.0,0.11433585107194628,0.0,65535.0,0.08545052262149996,0.0,0.0,0.0,0.0,0.0,0.0,0.0,0.0,0.0,0.0
22462.0,0.8892362313895088,0.0,17421.0,37.0,0.1727999999996759,31.5625,32.625,36.85000000000002,0.0,0.0,0.0,0.0,0.0,20.0,0.3,0.1,0.2,0.1,0.4,0.1,0.1,0.1,0.5,0.0,65535.0,0.11413748378728923,0.0,65535.0,0.08543526359960327,0.0,0.0,0.0,0.0,0.0,0.0,0.0,0.0,0.0,0.0
22522.03,0.884485624740284,0.0,17421.0,37.0,0.19129999999967073,31.6875,32.625,36.710000000000036,0.0,0.0,0.0,0.0,0.0,20.0,0.3,0.1,0.2,0.1,0.4,0.1,0.1,0.1,0.5,0.0,65535.0,0.11454947737850003,0.0,65535.0,0.08717479209582665,0.0,0.0,0.0,0.0,0.0,0.0,0.0,0.0,0.0,0.0
22582.1,0.8922612953466519,0.0,17421.0,37.0,0.22399999999967113,31.625,32.625,36.93000000000001,0.0,0.0,0.0,0.0,0.0,20.0,0.3,0.1,0.2,0.1,0.4,0.1,0.1,0.1,0.5,0.0,65535.0,0.11457999542229343,0.0,65535.0,0.08551155870908675,0.0,0.0,0.0,0.0,0.0,0.0,0.0,0.0,0.0,0.0
22642.14,0.89863332175842,0.0,17421.0,37.0,0.2057999999996743,31.6875,32.625,36.81,0.0,0.0,0.0,0.0,0.0,20.0,0.3,0.1,0.2,0.1,0.4,0.1,0.1,0.1,0.5,0.0,65535.0,0.11451895933470664,0.0,65535.0,0.08599984740978103,0.0,0.0,0.0,0.0,0.0,0.0,0.0,0.0,0.0,0.0
22702.22,0.8975190627265232,0.0,17421.0,37.0,0.21779999999967417,31.625,32.625,36.89000000000004,0.0,0.0,0.0,0.0,0.0,20.0,0.3,0.1,0.2,0.1,0.4,0.1,0.1,0.1,0.5,0.0,65535.0,0.114702067597467,0.0,65535.0,0.08610666056305791,0.0,0.0,0.0,0.0,0.0,0.0,0.0,0.0,0.0,0.0
22762.29,0.8921763980466241,0.0,17421.0,37.0,0.19539999999967778,31.625,32.625,36.79000000000002,0.0,0.0,0.0,0.0,0.0,20.0,0.3,0.1,0.2,0.1,0.4,0.1,0.1,0.1,0.5,0.0,65535.0,0.11473258564126039,0.0,65535.0,0.08595407034409094,0.0,0.0,0.0,0.0,0.0,0.0,0.0,0.0,0.0,0.0
22822.36,0.8935702935111018,0.0,17421.0,37.0,0.237199999999669,31.5,32.625,36.97000000000003,0.0,0.0,0.0,0.0,0.0,20.0,0.3,0.1,0.2,0.1,0.4,0.1,0.1,0.1,0.5,0.0,65535.0,0.11531242847333487,0.0,65535.0,0.08603036545357443,0.0,0.0,0.0,0.0,0.0,0.0,0.0,0.0,0.0,0.0
22882.43,0.8819584383839595,0.0,17421.0,37.0,0.24399999999967786,31.625,32.625,36.870000000000005,0.0,0.0,0.0,0.0,0.0,20.0,0.3,0.1,0.2,0.1,0.4,0.1,0.1,0.1,0.5,0.0,65535.0,0.11528191042954147,0.0,65535.0,0.08624399176012817,0.0,0.0,0.0,0.0,0.0,0.0,0.0,0.0,0.0,0.0
22942.51,0.8939209371238934,0.0,17421.0,37.0,0.21159999999967635,31.5625,32.625,36.93000000000001,0.0,0.0,0.0,0.0,0.0,20.0,0.3,0.1,0.2,0.1,0.4,0.1,0.1,0.1,0.5,0.0,65535.0,0.11552605477988862,0.0,65535.0,0.087006942854963,0.0,0.0,0.0,0.0,0.0,0.0,0.0,0.0,0.0,0.0
23002.58,0.873518567842015,0.0,17421.0,37.0,0.19009999999966493,31.5625,32.625,36.85000000000002,0.0,0.0,0.0,0.0,0.0,20.0,0.3,0.1,0.2,0.1,0.4,0.1,0.1,0.1,0.5,0.0,65535.0,0.11616693369954986,0.0,65535.0,0.08761730373083085,0.0,0.0,0.0,0.0,0.0,0.0,0.0,0.0,0.0,0.0
23062.66,0.8904186961115804,0.0,17421.0,37.0,0.2589999999996767,31.625,32.625,36.950000000000045,0.0,0.0,0.0,0.0,0.0,20.0,0.3,0.1,0.2,0.1,0.4,0.1,0.1,0.1,0.5,0.0,65535.0,0.11584649423971924,0.0,65535.0,0.08676279850461585,0.0,0.0,0.0,0.0,0.0,0.0,0.0,0.0,0.0,0.0
23122.74,0.8991212323214406,0.0,17421.0,37.0,0.26169999999967597,31.625,32.625,36.89000000000004,0.0,0.0,0.0,0.0,0.0,20.0,0.3,0.1,0.2,0.1,0.4,0.1,0.1,0.1,0.5,0.0,65535.0,0.11621271076523995,0.0,65535.0,0.08728160524910353,0.0,0.0,0.0,0.0,0.0,0.0,0.0,0.0,0.0,0.0
23182.81,0.892438485520382,0.0,17421.0,37.0,0.21749999999966838,31.625,32.625,36.950000000000045,0.0,0.0,0.0,0.0,0.0,20.0,0.3,0.1,0.2,0.1,0.4,0.1,0.1,0.1,0.5,0.0,65535.0,0.11636530098420692,0.0,65535.0,0.08758678568703746,0.0,0.0,0.0,0.0,0.0,0.0,0.0,0.0,0.0,0.0
23242.88,0.9084421266400858,0.0,17421.0,37.0,0.21249999999967206,31.625,32.625,37.01000000000005,0.0,0.0,0.0,0.0,0.0,20.0,0.3,0.1,0.2,0.1,0.4,0.1,0.1,0.1,0.5,0.0,65535.0,0.11616693369954986,0.0,65535.0,0.08734264133669031,0.0,0.0,0.0,0.0,0.0,0.0,0.0,0.0,0.0,0.0
23302.96,0.8937008880092241,0.0,17421.0,37.0,0.16219999999965926,31.5625,32.625,36.950000000000045,0.0,0.0,0.0,0.0,0.0,20.0,0.3,0.1,0.2,0.1,0.4,0.1,0.1,0.1,0.5,0.0,65535.0,0.11700617990386816,0.0,65535.0,0.08860914015411613,0.0,0.0,0.0,0.0,0.0,0.0,0.0,0.0,0.0,0.0
23363.03,0.8968649624238856,0.0,17421.0,37.0,0.22279999999966013,31.625,32.6875,37.01000000000005,0.0,0.0,0.0,0.0,0.0,20.0,0.3,0.1,0.2,0.1,0.4,0.1,0.1,0.1,0.5,0.0,65535.0,0.11702143892576486,0.0,65535.0,0.08805981536583506,0.0,0.0,0.0,0.0,0.0,0.0,0.0,0.0,0.0,0.0
23423.11,0.9115052422682,0.0,17421.0,37.0,0.23719999999965952,31.5625,32.625,36.81,0.0,0.0,0.0,0.0,0.0,20.0,0.3,0.1,0.2,0.1,0.4,0.1,0.1,0.1,0.5,0.0,65535.0,0.11674677653162432,0.0,65535.0,0.08813611047531854,0.0,0.0,0.0,0.0,0.0,0.0,0.0,0.0,0.0,0.0
23483.18,0.9064912388583757,0.0,17421.0,37.0,0.23779999999965812,31.625,32.625,36.77000000000004,0.0,0.0,0.0,0.0,0.0,20.0,0.3,0.1,0.2,0.1,0.4,0.1,0.1,0.1,0.5,0.0,65535.0,0.11677729457541772,0.0,65535.0,0.08880750743877318,0.0,0.0,0.0,0.0,0.0,0.0,0.0,0.0,0.0,0.0
23543.25,0.9053154602033926,0.0,17421.0,37.0,0.20339999999966096,31.625,32.625,36.97000000000003,0.0,0.0,0.0,0.0,0.0,20.0,0.3,0.1,0.2,0.1,0.4,0.1,0.1,0.1,0.5,0.0,65535.0,0.11680781261921111,0.0,65535.0,0.0878156710154879,0.0,0.0,0.0,0.0,0.0,0.0,0.0,0.0,0.0,0.0
23603.32,0.9070303501994379,0.0,17421.0,37.0,0.2124999999996652,31.5625,32.625,37.09000000000003,0.0,0.0,0.0,0.0,0.0,20.0,0.3,0.1,0.2,0.1,0.4,0.1,0.1,0.1,0.5,0.0,65535.0,0.11691462577248798,0.0,65535.0,0.08819714656290532,0.0,0.0,0.0,0.0,0.0,0.0,0.0,0.0,0.0,0.0
23663.39,0.9011869884374061,0.0,17421.0,37.0,0.1997999999996591,31.625,32.625,36.93000000000001,0.0,0.0,0.0,0.0,0.0,20.0,0.3,0.1,0.2,0.1,0.4,0.1,0.1,0.1,0.5,0.0,65535.0,0.11798275730525673,0.0,65535.0,0.08934157320515755,0.0,0.0,0.0,0.0,0.0,0.0,0.0,0.0,0.0,0.0
23723.45,0.8936317764708372,0.0,17421.0,37.0,0.25099999999965517,31.5625,32.625,36.93000000000001,0.0,0.0,0.0,0.0,0.0,20.0,0.3,0.1,0.2,0.1,0.4,0.1,0.1,0.1,0.5,0.0,65535.0,0.11801327534905012,0.0,65535.0,0.0891126878767071,0.0,0.0,0.0,0.0,0.0,0.0,0.0,0.0,0.0,0.0
23783.52,0.8989101752590833,0.0,17421.0,37.0,0.2598999999996647,31.5625,32.625,36.950000000000045,0.0,0.0,0.0,0.0,0.0,20.0,0.3,0.1,0.2,0.1,0.4,0.1,0.1,0.1,0.5,0.0,65535.0,0.11802853437094682,0.0,65535.0,0.08885328450446327,0.0,0.0,0.0,0.0,0.0,0.0,0.0,0.0,0.0,0.0
23843.59,0.9067260618780145,0.0,17421.0,37.0,0.2572999999996537,31.625,32.625,36.950000000000045,0.0,0.0,0.0,0.0,0.0,20.0,0.3,0.1,0.2,0.1,0.4,0.1,0.1,0.1,0.5,0.0,65535.0,0.11877622644388494,0.0,65535.0,0.08952468146791791,0.0,0.0,0.0,0.0,0.0,0.0,0.0,0.0,0.0,0.0
23903.67,0.9062039358612862,0.0,17421.0,37.0,0.18099999999965938,31.6875,32.625,37.110000000000014,0.0,0.0,0.0,0.0,0.0,20.0,0.3,0.1,0.2,0.1,0.4,0.1,0.1,0.1,0.5,0.0,65535.0,0.11816586556801709,0.0,65535.0,0.08941786831464103,0.0,0.0,0.0,0.0,0.0,0.0,0.0,0.0,0.0,0.0
23963.72,0.9085900883838358,0.0,17421.0,37.0,0.2353999999996508,31.625,32.625,36.79000000000002,0.0,0.0,0.0,0.0,0.0,20.0,0.3,0.1,0.2,0.1,0.4,0.1,0.1,0.1,0.5,0.0,65535.0,0.11848630502784771,0.0,65535.0,0.08981460288395514,0.0,0.0,0.0,0.0,0.0,0.0,0.0,0.0,0.0,0.0
24023.76,0.89948759955057,0.0,17421.0,37.0,0.19599999999965823,31.5625,32.625,36.950000000000045,0.0,0.0,0.0,0.0,0.0,20.0,0.3,0.1,0.2,0.1,0.4,0.1,0.1,0.1,0.5,0.0,65535.0,0.1189440756847486,0.0,65535.0,0.09008926527809567,0.0,0.0,0.0,0.0,0.0,0.0,0.0,0.0,0.0,0.0
24083.8,0.8939077446978572,0.0,17421.0,37.0,0.17799999999965696,31.5625,32.625,36.73000000000002,0.0,0.0,0.0,0.0,0.0,20.0,0.3,0.1,0.2,0.1,0.4,0.1,0.1,0.1,0.5,0.0,65535.0,0.11828793774319066,0.0,65535.0,0.08984512092774853,0.0,0.0,0.0,0.0,0.0,0.0,0.0,0.0,0.0,0.0
24143.85,0.9058096600699308,0.0,17421.0,37.0,0.21739999999964785,31.5625,32.625,36.79000000000002,0.0,0.0,0.0,0.0,0.0,20.0,0.3,0.1,0.2,0.1,0.4,0.1,0.1,0.1,0.5,0.0,65535.0,0.11908140688181887,0.0,65535.0,0.08986037994964523,0.0,0.0,0.0,0.0,0.0,0.0,0.0,0.0,0.0,0.0
24203.89,0.9155852139885768,0.0,17421.0,37.0,0.1941999999996556,31.5625,32.625,36.85000000000002,0.0,0.0,0.0,0.0,0.0,20.0,0.3,0.1,0.2,0.1,0.4,0.1,0.1,0.1,0.5,0.0,65535.0,0.11865415426871137,0.0,65535.0,0.09031815060654612,0.0,0.0,0.0,0.0,0.0,0.0,0.0,0.0,0.0,0.0
24263.94,0.9011648223758837,0.0,17421.0,37.0,0.1959999999996548,31.5625,32.5625,36.81,0.0,0.0,0.0,0.0,0.0,20.0,0.3,0.1,0.2,0.1,0.4,0.1,0.1,0.1,0.5,0.0,65535.0,0.11915770199130236,0.0,65535.0,0.08981460288395514,0.0,0.0,0.0,0.0,0.0,0.0,0.0,0.0,0.0,0.0
24323.98,0.9185030442107316,0.0,17421.0,37.0,0.24159999999965595,31.5625,32.625,36.97000000000003,0.0,0.0,0.0,0.0,0.0,20.0,0.3,0.1,0.2,0.1,0.4,0.1,0.1,0.1,0.5,0.0,65535.0,0.11950865949492638,0.0,65535.0,0.09018081940947585,0.0,0.0,0.0,0.0,0.0,0.0,0.0,0.0,0.0,0.0
24384.06,0.9113330617120357,0.0,17421.0,37.0,0.25839999999965574,31.5625,32.625,36.73000000000002,0.0,0.0,0.0,0.0,0.0,20.0,0.3,0.1,0.2,0.1,0.4,0.1,0.1,0.1,0.5,0.0,65535.0,0.11935606927595942,0.0,65535.0,0.09028763256275273,0.0,0.0,0.0,0.0,0.0,0.0,0.0,0.0,0.0,0.0
24444.14,0.9008688561704514,0.0,17421.0,37.0,0.20369999999964777,31.5625,32.625,36.870000000000005,0.0,0.0,0.0,0.0,0.0,20.0,0.3,0.1,0.2,0.1,0.4,0.1,0.1,0.1,0.5,0.0,65535.0,0.11953917753871977,0.0,65535.0,0.09069962615396353,0.0,0.0,0.0,0.0,0.0,0.0,0.0,0.0,0.0,0.0
24504.22,0.9111151297148894,0.0,17421.0,37.0,0.20279999999964687,31.625,32.625,36.81,0.0,0.0,0.0,0.0,0.0,20.0,0.3,0.1,0.2,0.1,0.4,0.1,0.1,0.1,0.5,0.0,65535.0,0.12056153200579843,0.0,65535.0,0.09065384908827344,0.0,0.0,0.0,0.0,0.0,0.0,0.0,0.0,0.0,0.0
24564.3,0.9126333857426193,0.0,17421.0,37.0,0.20069999999964622,31.625,32.625,36.79000000000002,0.0,0.0,0.0,0.0,0.0,20.0,0.3,0.1,0.2,0.1,0.4,0.1,0.1,0.1,0.5,0.0,65535.0,0.12040894178683147,0.0,65535.0,0.09120317387655451,0.0,0.0,0.0,0.0,0.0,0.0,0.0,0.0,0.0,0.0
24624.37,0.9074347800079747,0.0,17421.0,37.0,0.2433999999996517,31.5625,32.625,36.870000000000005,0.0,0.0,0.0,0.0,0.0,20.0,0.3,0.1,0.2,0.1,0.4,0.1,0.1,0.1,0.5,0.0,65535.0,0.11963073167009995,0.0,65535.0,0.0908369573510338,0.0,0.0,0.0,0.0,0.0,0.0,0.0,0.0,0.0,0.0
24684.45,0.9172180236309411,0.0,17421.0,37.0,0.19219999999963885,31.5625,32.625,36.89000000000004,0.0,0.0,0.0,0.0,0.0,20.0,0.3,0.1,0.2,0.1,0.4,0.1,0.1,0.1,0.5,0.0,65535.0,0.12083619439993896,0.0,65535.0,0.09216449225604639,0.0,0.0,0.0,0.0,0.0,0.0,0.0,0.0,0.0,0.0
24744.52,0.9078757904084185,0.0,17421.0,37.0,0.22189999999963858,31.625,32.625,37.03000000000003,0.0,0.0,0.0,0.0,0.0,20.0,0.3,0.1,0.2,0.1,0.4,0.1,0.1,0.1,0.5,0.0,65535.0,0.12046997787441825,0.0,65535.0,0.0907911802853437,0.0,0.0,0.0,0.0,0.0,0.0,0.0,0.0,0.0,0.0
24804.58,0.9083745331148727,0.0,17421.0,37.0,0.1950999999996462,31.5625,32.625,37.01000000000005,0.0,0.0,0.0,0.0,0.0,20.0,0.3,0.1,0.2,0.1,0.4,0.1,0.1,0.1,0.5,0.0,65535.0,0.12089723048752575,0.0,65535.0,0.09143205920500495,0.0,0.0,0.0,0.0,0.0,0.0,0.0,0.0,0.0,0.0
24864.62,0.907331174395369,0.0,17421.0,37.0,0.30459999999963444,31.625,32.5625,36.89000000000004,0.0,0.0,0.0,0.0,0.0,20.0,0.3,0.1,0.2,0.1,0.4,0.1,0.1,0.1,0.5,0.0,65535.0,0.12088197146562905,0.0,65535.0,0.09158464942397192,0.0,0.0,0.0,0.0,0.0,0.0,0.0,0.0,0.0,0.0
24924.66,0.9031708807718883,0.0,17421.0,37.0,0.2260999999996348,31.5625,32.625,37.09000000000003,0.0,0.0,0.0,0.0,0.0,20.0,0.3,0.1,0.2,0.1,0.4,0.1,0.1,0.1,0.5,0.0,65535.0,0.12147707331960021,0.0,65535.0,0.09184405279621577,0.0,0.0,0.0,0.0,0.0,0.0,0.0,0.0,0.0,0.0
24984.71,0.9124303530224683,0.0,17421.0,37.0,0.26759999999964057,31.5625,32.625,37.03000000000003,0.0,0.0,0.0,0.0,0.0,20.0,0.3,0.1,0.2,0.1,0.4,0.1,0.1,0.1,0.5,0.0,65535.0,0.12130922407873655,0.0,65535.0,0.09178301670862897,0.0,0.0,0.0,0.0,0.0,0.0,0.0,0.0,0.0,0.0
25044.75,0.9254714962045647,0.0,17421.0,37.0,0.21279999999964264,31.625,32.625,36.89000000000004,0.0,0.0,0.0,0.0,0.0,20.0,0.3,0.1,0.2,0.1,0.4,0.1,0.1,0.1,0.5,0.0,65535.0,0.1219501029983978,0.0,65535.0,0.09204242008087282,0.0,0.0,0.0,0.0,0.0,0.0,0.0,0.0,0.0,0.0
25104.8,0.9098923119445032,0.0,17421.0,37.0,0.1732999999996308,31.5625,32.625,36.85000000000002,0.0,0.0,0.0,0.0,0.0,20.0,0.3,0.1,0.2,0.1,0.4,0.1,0.1,0.1,0.5,0.0,65535.0,0.12167544060425727,0.0,65535.0,0.0912184328984512,0.0,0.0,0.0,0.0,0.0,0.0,0.0,0.0,0.0,0.0
25164.84,0.9116140928795968,0.0,17421.0,37.0,0.27599999999963853,31.5625,32.625,36.73000000000002,0.0,0.0,0.0,0.0,0.0,20.0,0.3,0.1,0.2,0.1,0.4,0.1,0.1,0.1,0.5,0.0,65535.0,0.12143129625391012,0.0,65535.0,0.09192034790569925,0.0,0.0,0.0,0.0,0.0,0.0,0.0,0.0,0.0,0.0
25224.91,0.8990381039956276,0.0,17421.0,37.0,0.22159999999963034,31.5625,32.5625,36.870000000000005,0.0,0.0,0.0,0.0,0.0,20.0,0.3,0.1,0.2,0.1,0.4,0.1,0.1,0.1,0.5,0.0,65535.0,0.1215075913633936,0.0,65535.0,0.09217975127794309,0.0,0.0,0.0,0.0,0.0,0.0,0.0,0.0,0.0,0.0
25284.99,0.9149128055998174,0.0,17421.0,37.0,0.23249999999963464,31.5625,32.625,36.85000000000002,0.0,0.0,0.0,0.0,0.0,20.0,0.3,0.1,0.2,0.1,0.4,0.1,0.1,0.1,0.5,0.0,65535.0,0.12225528343633173,0.0,65535.0,0.09176775768673227,0.0,0.0,0.0,0.0,0.0,0.0,0.0,0.0,0.0,0.0
25345.05,0.9125667926692109,0.0,17421.0,37.0,0.24549999999963956,31.5625,32.625,36.870000000000005,0.0,0.0,0.0,0.0,0.0,20.0,0.3,0.1,0.2,0.1,0.4,0.1,0.1,0.1,0.5,0.0,65535.0,0.12208743419546807,0.0,65535.0,0.09245441367208362,0.0,0.0,0.0,0.0,0.0,0.0,0.0,0.0,0.0,0.0
25405.12,0.9139328762203093,0.0,17421.0,37.0,0.1851999999996367,31.5625,32.5625,37.09000000000003,0.0,0.0,0.0,0.0,0.0,20.0,0.3,0.1,0.2,0.1,0.4,0.1,0.1,0.1,0.5,0.0,65535.0,0.12225528343633173,0.0,65535.0,0.09234760051880675,0.0,0.0,0.0,0.0,0.0,0.0,0.0,0.0,0.0,0.0
25465.2,0.9119488104531072,0.0,17421.0,37.0,0.215199999999637,31.5625,32.625,36.85000000000002,0.0,0.0,0.0,0.0,0.0,20.0,0.3,0.1,0.2,0.1,0.4,0.1,0.1,0.1,0.5,0.0,65535.0,0.12182803082322423,0.0,65535.0,0.09274433508812086,0.0,0.0,0.0,0.0,0.0,0.0,0.0,0.0,0.0,0.0
25525.28,0.9156657842591598,0.0,17421.0,37.0,0.2775999999996388,31.625,32.5625,36.870000000000005,0.0,0.0,0.0,0.0,0.0,20.0,0.3,0.1,0.2,0.1,0.4,0.1,0.1,0.1,0.5,0.0,65535.0,0.12201113908598459,0.0,65535.0,0.09205767910276952,0.0,0.0,0.0,0.0,0.0,0.0,0.0,0.0,0.0,0.0
25585.35,0.9170436393810643,0.0,17421.0,37.0,0.2048999999996304,31.625,32.5625,36.710000000000036,0.0,0.0,0.0,0.0,0.0,20.0,0.3,0.1,0.2,0.1,0.4,0.1,0.1,0.1,0.5,0.0,65535.0,0.1228046082246128,0.0,65535.0,0.09398031586175326,0.0,0.0,0.0,0.0,0.0,0.0,0.0,0.0,0.0,0.0
25645.42,0.9182026749324581,0.0,17421.0,37.0,0.19449999999963388,31.5625,32.625,36.81,0.0,0.0,0.0,0.0,0.0,20.0,0.3,0.1,0.2,0.1,0.4,0.1,0.1,0.1,0.5,0.0,65535.0,0.12269779507133592,0.0,65535.0,0.09330891889829862,0.0,0.0,0.0,0.0,0.0,0.0,0.0,0.0,0.0,0.0
25705.48,0.9194778620183539,0.0,17421.0,37.0,0.1809999999996328,31.5625,32.5625,36.870000000000005,0.0,0.0,0.0,0.0,0.0,20.0,0.3,0.1,0.2,0.1,0.4,0.1,0.1,0.1,0.5,0.0,65535.0,0.12312504768444343,0.0,65535.0,0.092133974212253,0.0,0.0,0.0,0.0,0.0,0.0,0.0,0.0,0.0,0.0
25765.52,0.9306568747961217,0.0,17421.0,37.0,0.21249999999963343,31.5625,32.5625,37.03000000000003,0.0,0.0,0.0,0.0,0.0,20.0,0.3,0.1,0.2,0.1,0.4,0.1,0.1,0.1,0.5,0.0,65535.0,0.12330815594720379,0.0,65535.0,0.09283588921950103,0.0,0.0,0.0,0.0,0.0,0.0,0.0,0.0,0.0,0.0
25825.57,0.9229235439649943,0.0,17421.0,37.0,0.1756999999996217,31.625,32.5625,36.81,0.0,0.0,0.0,0.0,0.0,20.0,0.3,0.1,0.2,0.1,0.4,0.1,0.1,0.1,0.5,0.0,65535.0,0.12401007095445182,0.0,65535.0,0.09333943694209201,0.0,0.0,0.0,0.0,0.0,0.0,0.0,0.0,0.0,0.0
25885.61,0.9253010544402283,0.0,17421.0,37.0,0.21689999999962684,31.5625,32.5625,36.950000000000045,0.0,0.0,0.0,0.0,0.0,20.0,0.3,0.1,0.2,0.1,0.4,0.1,0.1,0.1,0.5,0.0,65535.0,0.1236743724727245,0.0,65535.0,0.09344625009536889,0.0,0.0,0.0,0.0,0.0,0.0,0.0,0.0,0.0,0.0
25945.66,0.9127484453272686,0.0,17421.0,37.0,0.23839999999962147,31.625,32.5625,36.85000000000002,0.0,0.0,0.0,0.0,0.0,20.0,0.3,0.1,0.2,0.1,0.4,0.1,0.1,0.1,0.5,0.0,65535.0,0.124101625085832,0.0,65535.0,0.09394979781795987,0.0,0.0,0.0,0.0,0.0,0.0,0.0,0.0,0.0,0.0
26005.7,0.9246847448130846,0.0,17421.0,37.0,0.21459999999962975,31.5625,32.625,37.05000000000001,0.0,0.0,0.0,0.0,0.0,20.0,0.3,0.1,0.2,0.1,0.4,0.1,0.1,0.1,0.5,0.0,65535.0,0.12393377584496834,0.0,65535.0,0.0929732204165713,0.0,0.0,0.0,0.0,0.0,0.0,0.0,0.0,0.0,0.0
26065.74,0.9261789421092257,0.0,17421.0,37.0,0.21749999999962455,31.5625,32.5625,36.950000000000045,0.0,0.0,0.0,0.0,0.0,20.0,0.3,0.1,0.2,0.1,0.4,0.1,0.1,0.1,0.5,0.0,65535.0,0.12359807736324102,0.0,65535.0,0.09349202716105898,0.0,0.0,0.0,0.0,0.0,0.0,0.0,0.0,0.0,0.0
26125.79,0.9327530874512389,0.0,17421.0,37.0,0.19449999999962783,31.5625,32.5625,36.93000000000001,0.0,0.0,0.0,0.0,0.0,20.0,0.3,0.1,0.2,0.1,0.4,0.1,0.1,0.1,0.5,0.0,65535.0,0.12404058899824522,0.0,65535.0,0.09332417792019532,0.0,0.0,0.0,0.0,0.0,0.0,0.0,0.0,0.0,0.0
26185.87,0.9331046714815061,0.0,17421.0,37.0,0.21739999999961782,31.5,32.625,37.03000000000003,0.0,0.0,0.0,0.0,0.0,20.0,0.3,0.1,0.2,0.1,0.4,0.1,0.1,0.1,0.5,0.0,65535.0,0.12405584802014191,0.0,65535.0,0.09398031586175326,0.0,0.0,0.0,0.0,0.0,0.0,0.0,0.0,0.0,0.0
26245.94,0.9207275847030587,0.0,17421.0,37.0,0.2497999999996176,31.5625,32.625,36.77000000000004,0.0,0.0,0.0,0.0,0.0,20.0,0.3,0.1,0.2,0.1,0.4,0.1,0.1,0.1,0.5,0.0,65535.0,0.12471198596169986,0.0,65535.0,0.09352254520485237,0.0,0.0,0.0,0.0,0.0,0.0,0.0,0.0,0.0,0.0
26306.02,0.9236311827395159,0.0,17421.0,37.0,0.23249999999962084,31.5625,32.625,36.950000000000045,0.0,0.0,0.0,0.0,0.0,20.0,0.3,0.1,0.2,0.1,0.4,0.1,0.1,0.1,0.5,0.0,65535.0,0.12469672693980316,0.0,65535.0,0.09411764705882353,0.0,0.0,0.0,0.0,0.0,0.0,0.0,0.0,0.0,0.0
26366.1,0.9373542172885826,0.0,17421.0,37.0,0.2015999999996188,31.5,32.5625,36.93000000000001,0.0,0.0,0.0,0.0,0.0,20.0,0.3,0.1,0.2,0.1,0.4,0.1,0.1,0.1,0.5,0.0,65535.0,0.12468146791790646,0.0,65535.0,0.09439230945296406,0.0,0.0,0.0,0.0,0.0,0.0,0.0,0.0,0.0,0.0
26426.14,0.9276793342799416,0.0,17421.0,37.0,0.32729999999962245,31.5,32.5625,36.93000000000001,0.0,0.0,0.0,0.0,0.0,20.0,0.3,0.1,0.2,0.1,0.4,0.1,0.1,0.1,0.5,0.0,65535.0,0.1262531471732662,0.0,65535.0,0.0959945067521172,0.0,0.0,0.0,0.0,0.0,0.0,0.0,0.0,0.0,0.0
26486.18,0.9298560828118227,0.0,17421.0,37.0,0.1751999999996161,31.5625,32.5625,36.870000000000005,0.0,0.0,0.0,0.0,0.0,20.0,0.3,0.1,0.2,0.1,0.4,0.1,0.1,0.1,0.5,0.0,65535.0,0.12524605172808423,0.0,65535.0,0.09472800793469138,0.0,0.0,0.0,0.0,0.0,0.0,0.0,0.0,0.0,0.0
26546.21,0.929967490993689,0.0,17421.0,37.0,0.15949999999960934,31.5625,32.5625,36.950000000000045,0.0,0.0,0.0,0.0,0.0,20.0,0.3,0.1,0.2,0.1,0.4,0.1,0.1,0.1,0.5,0.0,65535.0,0.12524605172808423,0.0,65535.0,0.09440756847486076,0.0,0.0,0.0,0.0,0.0,0.0,0.0,0.0,0.0,0.0
26606.24,0.9255836838780147,0.0,17421.0,37.0,0.19269999999961923,31.5625,32.5625,36.870000000000005,0.0,0.0,0.0,0.0,0.0,20.0,0.3,0.1,0.2,0.1,0.4,0.1,0.1,0.1,0.5,0.0,65535.0,0.1254139009689479,0.0,65535.0,0.09491111619745174,0.0,0.0,0.0,0.0,0.0,0.0,0.0,0.0,0.0,0.0
26666.29,0.9205238284532481,0.0,17421.0,37.0,0.2721999999996214,31.5625,32.5625,36.89000000000004,0.0,0.0,0.0,0.0,0.0,20.0,0.3,0.1,0.2,0.1,0.4,0.1,0.1,0.1,0.5,0.0,65535.0,0.12605477988860914,0.0,65535.0,0.09567406729228656,0.0,0.0,0.0,0.0,0.0,0.0,0.0,0.0,0.0,0.0
26726.33,0.926627101244628,0.0,17421.0,37.0,0.2203999999996091,31.5625,32.5625,36.870000000000005,0.0,0.0,0.0,0.0,0.0,20.0,0.3,0.1,0.2,0.1,0.4,0.1,0.1,0.1,0.5,0.0,65535.0,0.12613107499809262,0.0,65535.0,0.09546044098573281,0.0,0.0,0.0,0.0,0.0,0.0,0.0,0.0,0.0,0.0
26786.37,0.9240117600682173,0.0,17421.0,37.0,0.2353999999996088,31.5625,32.5625,36.870000000000005,0.0,0.0,0.0,0.0,0.0,20.0,0.3,0.1,0.2,0.1,0.4,0.1,0.1,0.1,0.5,0.0,65535.0,0.12568856336308842,0.0,65535.0,0.09474326695658808,0.0,0.0,0.0,0.0,0.0,0.0,0.0,0.0,0.0,0.0
26846.46,0.9252594146406188,0.0,17421.0,37.0,0.18069999999961592,31.5,32.5625,36.870000000000005,0.0,0.0,0.0,0.0,0.0,20.0,0.3,0.1,0.2,0.1,0.4,0.1,0.1,0.1,0.5,0.0,65535.0,0.1262378881513695,0.0,65535.0,0.09558251316090638,0.0,0.0,0.0,0.0,0.0,0.0,0.0,0.0,0.0,0.0
26906.54,0.9291365955847464,0.0,17421.0,37.0,0.22859999999961242,31.5625,32.5625,36.81,0.0,0.0,0.0,0.0,0.0,20.0,0.3,0.1,0.2,0.1,0.4,0.1,0.1,0.1,0.5,0.0,65535.0,0.1266041046768902,0.0,65535.0,0.09605554283970398,0.0,0.0,0.0,0.0,0.0,0.0,0.0,0.0,0.0,0.0
26966.59,0.9351181761719543,0.0,17421.0,37.0,0.2754999999996184,31.5625,32.5625,36.73000000000002,0.0,0.0,0.0,0.0,0.0,20.0,0.3,0.1,0.2,0.1,0.4,0.1,0.1,0.1,0.5,0.0,65535.0,0.12686350804913404,0.0,65535.0,0.09584191653315023,0.0,0.0,0.0,0.0,0.0,0.0,0.0,0.0,0.0,0.0
27026.65,0.9254949059983355,0.0,17421.0,37.0,0.22819999999960625,31.5,32.5,36.89000000000004,0.0,0.0,0.0,0.0,0.0,20.0,0.3,0.1,0.2,0.1,0.4,0.1,0.1,0.1,0.5,0.0,65535.0,0.12695506218051422,0.0,65535.0,0.0950637064164187,0.0,0.0,0.0,0.0,0.0,0.0,0.0,0.0,0.0,0.0
27086.73,0.9311451107296113,0.0,17421.0,37.0,0.20789999999960962,31.5625,32.5625,37.05000000000001,0.0,0.0,0.0,0.0,0.0,20.0,0.3,0.1,0.2,0.1,0.4,0.1,0.1,0.1,0.5,0.0,65535.0,0.12719920653086136,0.0,65535.0,0.09614709697108416,0.0,0.0,0.0,0.0,0.0,0.0,0.0,0.0,0.0,0.0
27146.78,0.9231455004482509,0.0,17421.0,37.0,0.2646999999996157,31.625,32.5625,36.89000000000004,0.0,0.0,0.0,0.0,0.0,20.0,0.3,0.1,0.2,0.1,0.4,0.1,0.1,0.1,0.5,0.0,65535.0,0.12637521934843976,0.0,65535.0,0.09608606088349737,0.0,0.0,0.0,0.0,0.0,0.0,0.0,0.0,0.0,0.0
27206.86,0.932974168450231,0.0,17421.0,37.0,0.1851999999996118,31.5625,32.5625,37.09000000000003,0.0,0.0,0.0,0.0,0.0,20.0,0.3,0.1,0.2,0.1,0.4,0.1,0.1,0.1,0.5,0.0,65535.0,0.127016098268101,0.0,65535.0,0.09559777218280308,0.0,0.0,0.0,0.0,0.0,0.0,0.0,0.0,0.0,0.0
27266.94,0.9376817260749757,0.0,17421.0,37.0,0.19659999999961136,31.625,32.5625,37.01000000000005,0.0,0.0,0.0,0.0,0.0,20.0,0.3,0.1,0.2,0.1,0.4,0.1,0.1,0.1,0.5,0.0,65535.0,0.12738231479362172,0.0,65535.0,0.096406500343328,0.0,0.0,0.0,0.0,0.0,0.0,0.0,0.0,0.0,0.0
27326.99,0.9313193683065133,0.0,17421.0,37.0,0.23359999999960185,31.5625,32.5625,36.870000000000005,0.0,0.0,0.0,0.0,0.0,20.0,0.3,0.1,0.2,0.1,0.4,0.1,0.1,0.1,0.5,0.0,65535.0,0.127519645990692,0.0,65535.0,0.09623865110246434,0.0,0.0,0.0,0.0,0.0,0.0,0.0,0.0,0.0,0.0
27387.02,0.9298003527737866,0.0,17421.0,37.0,0.22829999999960582,31.5625,32.5,36.690000000000055,0.0,0.0,0.0,0.0,0.0,20.0,0.3,0.1,0.2,0.1,0.4,0.1,0.1,0.1,0.5,0.0,65535.0,0.12907606622415504,0.0,65535.0,0.09701686121919585,0.0,0.0,0.0,0.0,0.0,0.0,0.0,0.0,0.0,0.0
27447.06,0.9358575764419685,0.0,17421.0,37.0,0.22099999999959996,31.5625,32.5625,36.79000000000002,0.0,0.0,0.0,0.0,0.0,20.0,0.3,0.1,0.2,0.1,0.4,0.1,0.1,0.1,0.5,0.0,65535.0,0.1278858625162127,0.0,65535.0,0.09619287403677425,0.0,0.0,0.0,0.0,0.0,0.0,0.0,0.0,0.0,0.0
27507.14,0.9426682098912949,0.0,17421.0,37.0,0.24249999999960967,31.5,32.5625,36.89000000000004,0.0,0.0,0.0,0.0,0.0,20.0,0.3,0.1,0.2,0.1,0.4,0.1,0.1,0.1,0.5,0.0,65535.0,0.1278400854505226,0.0,65535.0,0.09666590371557184,0.0,0.0,0.0,0.0,0.0,0.0,0.0,0.0,0.0,0.0
27567.21,0.9406170373232563,0.0,17421.0,37.0,0.2745999999996106,31.5,32.5,36.97000000000003,0.0,0.0,0.0,0.0,0.0,20.0,0.3,0.1,0.2,0.1,0.4,0.1,0.1,0.1,0.5,0.0,65535.0,0.12840466926070038,0.0,65535.0,0.09643701838712139,0.0,0.0,0.0,0.0,0.0,0.0,0.0,0.0,0.0,0.0
27627.29,0.9327270364127863,0.0,17421.0,37.0,0.24199999999959845,31.5,32.5625,36.77000000000004,0.0,0.0,0.0,0.0,0.0,20.0,0.3,0.1,0.2,0.1,0.4,0.1,0.1,0.1,0.5,0.0,65535.0,0.12838941023880368,0.0,65535.0,0.09674219882505532,0.0,0.0,0.0,0.0,0.0,0.0,0.0,0.0,0.0,0.0
27687.35,0.9356100177473411,0.0,17421.0,37.0,0.25969999999959825,31.5,32.5625,36.81,0.0,0.0,0.0,0.0,0.0,20.0,0.3,0.1,0.2,0.1,0.4,0.1,0.1,0.1,0.5,0.0,65535.0,0.12852674143587395,0.0,65535.0,0.09691004806591898,0.0,0.0,0.0,0.0,0.0,0.0,0.0,0.0,0.0,0.0
27747.39,0.9387785731874646,0.0,17421.0,37.0,0.22049999999960035,31.5,32.5625,36.93000000000001,0.0,0.0,0.0,0.0,0.0,20.0,0.3,0.1,0.2,0.1,0.4,0.1,0.1,0.1,0.5,0.0,65535.0,0.12890821698329138,0.0,65535.0,0.09695582513160907,0.0,0.0,0.0,0.0,0.0,0.0,0.0,0.0,0.0,0.0
27807.46,0.9372659063638942,0.0,17421.0,37.0,0.22409999999959962,31.625,32.5625,36.97000000000003,0.0,0.0,0.0,0.0,0.0,20.0,0.3,0.1,0.2,0.1,0.4,0.1,0.1,0.1,0.5,0.0,65535.0,0.1287098496986343,0.0,65535.0,0.09689478904402228,0.0,0.0,0.0,0.0,0.0,0.0,0.0,0.0,0.0,0.0
27867.51,0.9336119890289276,0.0,17421.0,37.0,0.22109999999959892,31.625,32.5625,36.93000000000001,0.0,0.0,0.0,0.0,0.0,20.0,0.3,0.1,0.2,0.1,0.4,0.1,0.1,0.1,0.5,0.0,65535.0,0.12899977111467156,0.0,65535.0,0.09716945143816282,0.0,0.0,0.0,0.0,0.0,0.0,0.0,0.0,0.0,0.0
27927.56,0.9420696729454003,0.0,17421.0,37.0,0.253999999999594,31.5625,32.5625,37.01000000000005,0.0,0.0,0.0,0.0,0.0,20.0,0.3,0.1,0.2,0.1,0.4,0.1,0.1,0.1,0.5,0.0,65535.0,0.12935072861829558,0.0,65535.0,0.0968184939345388,0.0,0.0,0.0,0.0,0.0,0.0,0.0,0.0,0.0,0.0
27987.59,0.9265407319921055,0.0,17421.0,37.0,0.22459999999959146,31.625,32.5625,36.97000000000003,0.0,0.0,0.0,0.0,0.0,20.0,0.3,0.1,0.2,0.1,0.4,0.1,0.1,0.1,0.5,0.0,65535.0,0.12919813839932862,0.0,65535.0,0.0972152285038529,0.0,0.0,0.0,0.0,0.0,0.0,0.0,0.0,0.0,0.0
28047.64,0.9353821197878092,0.0,17421.0,37.0,0.21429999999959998,31.625,32.5625,36.73000000000002,0.0,0.0,0.0,0.0,0.0,20.0,0.3,0.1,0.2,0.1,0.4,0.1,0.1,0.1,0.5,0.0,65535.0,0.12950331883726254,0.0,65535.0,0.09820706492713817,0.0,0.0,0.0,0.0,0.0,0.0,0.0,0.0,0.0,0.0
28107.71,0.94095518192214,0.0,17421.0,37.0,0.26819999999959615,31.5,32.5625,36.710000000000036,0.0,0.0,0.0,0.0,0.0,20.0,0.3,0.1,0.2,0.1,0.4,0.1,0.1,0.1,0.5,0.0,65535.0,0.13035782406347754,0.0,65535.0,0.09744411383230335,0.0,0.0,0.0,0.0,0.0,0.0,0.0,0.0,0.0,0.0
28167.78,0.937787386913708,0.0,17421.0,37.0,0.1839999999995974,31.625,32.5625,37.05000000000001,0.0,0.0,0.0,0.0,0.0,20.0,0.3,0.1,0.2,0.1,0.4,0.1,0.1,0.1,0.5,0.0,65535.0,0.12947280079346915,0.0,65535.0,0.09774929427023728,0.0,0.0,0.0,0.0,0.0,0.0,0.0,0.0,0.0,0.0
28227.84,0.9333652269719892,0.0,17421.0,37.0,0.21569999999959272,31.5,32.5,36.85000000000002,0.0,0.0,0.0,0.0,0.0,20.0,0.3,0.1,0.2,0.1,0.4,0.1,0.1,0.1,0.5,0.0,65535.0,0.12994583047226674,0.0,65535.0,0.09776455329213397,0.0,0.0,0.0,0.0,0.0,0.0,0.0,0.0,0.0,0.0
28287.9,0.9375435092691742,0.0,17421.0,37.0,0.19279999999958597,31.5625,32.5625,36.97000000000003,0.0,0.0,0.0,0.0,0.0,20.0,0.3,0.1,0.2,0.1,0.4,0.1,0.1,0.1,0.5,0.0,65535.0,0.13034256504158084,0.0,65535.0,0.09781033035782406,0.0,0.0,0.0,0.0,0.0,0.0,0.0,0.0,0.0,0.0
28347.98,0.9328669275833177,0.0,17421.0,37.0,0.19599999999959472,31.5,32.5,36.73000000000002,0.0,0.0,0.0,0.0,0.0,20.0,0.3,0.1,0.2,0.1,0.4,0.1,0.1,0.1,0.5,0.0,65535.0,0.13046463721675441,0.0,65535.0,0.09906157015335317,0.0,0.0,0.0,0.0,0.0,0.0,0.0,0.0,0.0,0.0
28408.03,0.9382853588903788,0.0,17421.0,37.0,0.264299999999592,31.5625,32.5,36.89000000000004,0.0,0.0,0.0,0.0,0.0,20.0,0.3,0.1,0.2,0.1,0.4,0.1,0.1,0.1,0.5,0.0,65535.0,0.13078507667658504,0.0,65535.0,0.09842069123369192,0.0,0.0,0.0,0.0,0.0,0.0,0.0,0.0,0.0,0.0
28468.08,0.9440353279965843,0.0,17421.0,37.0,0.18249999999959277,31.5625,32.5,36.89000000000004,0.0,0.0,0.0,0.0,0.0,20.0,0.3,0.1,0.2,0.1,0.4,0.1,0.1,0.1,0.5,0.0,65535.0,0.13171587701228352,0.0,65535.0,0.0980849927519646,0.0,0.0,0.0,0.0,0.0,0.0,0.0,0.0,0.0,0.0
28528.14,0.9412206021566873,0.0,17421.0,37.0,0.23989999999958403,31.5625,32.5625,36.650000000000034,0.0,0.0,0.0,0.0,0.0,20.0,0.3,0.1,0.2,0.1,0.4,0.1,0.1,0.1,0.5,0.0,65535.0,0.13115129320210575,0.0,65535.0,0.09842069123369192,0.0,0.0,0.0,0.0,0.0,0.0,0.0,0.0,0.0,0.0
28588.18,0.9342318531257406,0.0,17421.0,37.0,0.261099999999594,31.5625,32.5,36.89000000000004,0.0,0.0,0.0,0.0,0.0,20.0,0.3,0.1,0.2,0.1,0.4,0.1,0.1,0.1,0.5,0.0,65535.0,0.13080033569848173,0.0,65535.0,0.09811551079575799,0.0,0.0,0.0,0.0,0.0,0.0,0.0,0.0,0.0,0.0
28648.23,0.9373434278233539,0.0,17421.0,37.0,0.24699999999959263,31.5625,32.5625,37.09000000000003,0.0,0.0,0.0,0.0,0.0,20.0,0.3,0.1,0.2,0.1,0.4,0.1,0.1,0.1,0.5,0.0,65535.0,0.1317616540779736,0.0,65535.0,0.09842069123369192,0.0,0.0,0.0,0.0,0.0,0.0,0.0,0.0,0.0,0.0
28708.27,0.9493280370644418,0.0,17421.0,37.0,0.22349999999958642,31.625,32.5,37.09000000000003,0.0,0.0,0.0,0.0,0.0,20.0,0.3,0.1,0.2,0.1,0.4,0.1,0.1,0.1,0.5,0.0,65535.0,0.13115129320210575,0.0,65535.0,0.09828336003662165,0.0,0.0,0.0,0.0,0.0,0.0,0.0,0.0,0.0,0.0
28768.31,0.9348759212035316,0.0,17421.0,37.0,0.22549999999958034,31.625,32.5625,37.13000000000005,0.0,0.0,0.0,0.0,0.0,20.0,0.3,0.1,0.2,0.1,0.4,0.1,0.1,0.1,0.5,0.0,65535.0,0.1314106965743496,0.0,65535.0,0.09843595025558861,0.0,0.0,0.0,0.0,0.0,0.0,0.0,0.0,0.0,0.0
28828.38,0.9413508935311654,0.0,17421.0,37.0,0.21929999999958427,31.5625,32.5625,37.03000000000003,0.0,0.0,0.0,0.0,0.0,20.0,0.3,0.1,0.2,0.1,0.4,0.1,0.1,0.1,0.5,0.0,65535.0,0.13214312962539101,0.0,65535.0,0.09950408178835736,0.0,0.0,0.0,0.0,0.0,0.0,0.0,0.0,0.0,0.0
28888.46,0.9576312992924418,0.0,17421.0,37.0,0.2563999999995798,31.5625,32.5625,36.870000000000005,0.0,0.0045,0.25,0.0,0.0,20.0,0.3,0.1,0.2,0.1,0.4,0.1,0.1,0.1,0.5,0.0,65535.0,0.1325856412603952,0.0,65535.0,0.09898527504386968,0.0,0.0,0.0,0.0,0.0,0.0,0.0,0.0,0.0,0.0
28948.52,0.9276721812693948,0.0,17421.0,37.0,0.3539999999995874,31.5625,32.5,36.81,0.0,0.0,0.0,0.0,0.0,20.0,0.3,0.1,0.2,0.1,0.4,0.1,0.1,0.1,0.5,0.0,65535.0,0.1297169451438163,0.0,65535.0,0.09742885481040665,0.0,0.0,0.0,0.0,0.0,0.0,0.0,0.0,0.0,0.0
29008.58,0.9076875601907406,0.0,17421.0,37.0,0.25519999999957776,31.5625,32.5,36.79000000000002,0.0,0.0,0.0,0.0,0.0,20.0,0.3,0.1,0.2,0.1,0.4,0.1,0.1,0.1,0.5,0.0,65535.0,0.12950331883726254,0.0,65535.0,0.09796292057679103,0.0,0.0,0.0,0.0,0.0,0.0,0.0,0.0,0.0,0.0
29068.65,0.9248439709625229,0.0,17421.0,37.0,0.2566999999995764,31.5625,32.5625,37.03000000000003,0.0,0.0,0.0,0.0,0.0,20.0,0.3,0.1,0.2,0.1,0.4,0.1,0.1,0.1,0.5,0.0,65535.0,0.12944228274967576,0.0,65535.0,0.09716945143816282,0.0,0.0,0.0,0.0,0.0,0.0,0.0,0.0,0.0,0.0
29128.71,0.9275972363773246,0.0,17421.0,37.0,0.2104999999995732,31.625,32.5,37.03000000000003,0.0,0.0,0.0,0.0,0.0,20.0,0.3,0.1,0.2,0.1,0.4,0.1,0.1,0.1,0.5,0.0,65535.0,0.12942702372777906,0.0,65535.0,0.0967879758907454,0.0,0.0,0.0,0.0,0.0,0.0,0.0,0.0,0.0,0.0
29188.75,0.9201459487221516,0.0,17421.0,37.0,0.2259999999995824,31.6875,32.5625,36.89000000000004,0.0,0.0,0.0,0.0,0.0,20.0,0.3,0.1,0.2,0.1,0.4,0.1,0.1,0.1,0.5,0.0,65535.0,0.12999160753795683,0.0,65535.0,0.09736781872281987,0.0,0.0,0.0,0.0,0.0,0.0,0.0,0.0,0.0,0.0
29248.81,0.9261109856901593,0.0,17421.0,37.0,0.22119999999958165,31.625,32.5625,36.89000000000004,0.0,0.0,0.0,0.0,0.0,20.0,0.3,0.1,0.2,0.1,0.4,0.1,0.1,0.1,0.5,0.0,65535.0,0.13031204699778745,0.0,65535.0,0.09756618600747692,0.0,0.0,0.0,0.0,0.0,0.0,0.0,0.0,0.0,0.0
29308.88,0.9199146212571344,0.0,17421.0,37.0,0.24529999999957222,31.6875,32.5625,36.93000000000001,0.0,0.0,0.0,0.0,0.0,20.0,0.3,0.1,0.2,0.1,0.4,0.1,0.1,0.1,0.5,0.0,65535.0,0.1305714503700313,0.0,65535.0,0.09755092698558022,0.0,0.0,0.0,0.0,0.0,0.0,0.0,0.0,0.0,0.0
29368.92,0.9240744023433516,0.0,17421.0,37.0,0.2381999999995761,31.625,32.5,37.27000000000004,0.0,0.0,0.0,0.0,0.0,20.0,0.3,0.1,0.2,0.1,0.4,0.1,0.1,0.1,0.5,0.0,65535.0,0.13058670939192799,0.0,65535.0,0.09744411383230335,0.0,0.0,0.0,0.0,0.0,0.0,0.0,0.0,0.0,0.0
29428.99,0.9337668698409305,0.0,17421.0,37.0,0.2234999999995744,31.5625,32.5625,36.89000000000004,0.0,0.0,0.0,0.0,0.0,20.0,0.3,0.1,0.2,0.1,0.4,0.1,0.1,0.1,0.5,0.0,65535.0,0.13084611276417182,0.0,65535.0,0.09759670405127031,0.0,0.0,0.0,0.0,0.0,0.0,0.0,0.0,0.0,0.0
29489.03,0.9203773977878055,0.0,17421.0,37.0,0.22229999999957378,31.5625,32.5,36.81,0.0,0.0,0.0,0.0,0.0,20.0,0.3,0.1,0.2,0.1,0.4,0.1,0.1,0.1,0.5,0.0,65535.0,0.13101396200503548,0.0,65535.0,0.09811551079575799,0.0,0.0,0.0,0.0,0.0,0.0,0.0,0.0,0.0,0.0
29549.07,0.9196892671793839,0.0,17421.0,37.0,0.21729999999957747,31.625,32.5625,37.03000000000003,0.0,0.0,0.0,0.0,0.0,20.0,0.3,0.1,0.2,0.1,0.4,0.1,0.1,0.1,0.5,0.0,65535.0,0.13080033569848173,0.0,65535.0,0.09802395666437781,0.0,0.0,0.0,0.0,0.0,0.0,0.0,0.0,0.0,0.0
29609.12,0.92333111301591,0.0,17421.0,37.0,0.21609999999957685,31.5625,32.5625,36.73000000000002,0.0,0.0,0.0,0.0,0.0,20.0,0.3,0.1,0.2,0.1,0.4,0.1,0.1,0.1,0.5,0.0,65535.0,0.1317769130998703,0.0,65535.0,0.09828336003662165,0.0,0.0,0.0,0.0,0.0,0.0,0.0,0.0,0.0,0.0
29669.16,0.9246374475770299,0.0,17421.0,37.0,0.27849999999957864,31.5625,32.5,36.950000000000045,0.0,0.0,0.0,0.0,0.0,20.0,0.3,0.1,0.2,0.1,0.4,0.1,0.1,0.1,0.5,0.0,65535.0,0.13275349050125887,0.0,65535.0,0.0980697337300679,0.0,0.0,0.0,0.0,0.0,0.0,0.0,0.0,0.0,0.0
29729.24,0.9350459248965083,0.0,17421.0,37.0,0.22519999999956603,31.5625,32.5625,36.870000000000005,0.0,0.0,0.0,0.0,0.0,20.0,0.3,0.1,0.2,0.1,0.4,0.1,0.1,0.1,0.5,0.0,65535.0,0.13148699168383307,0.0,65535.0,0.0981002517738613,0.0,0.0,0.0,0.0,0.0,0.0,0.0,0.0,0.0,0.0
29789.32,0.9223516521162277,0.0,17421.0,37.0,0.28199999999957204,31.625,32.5625,36.89000000000004,0.0,0.0,0.0,0.0,0.0,20.0,0.3,0.1,0.2,0.1,0.4,0.1,0.1,0.1,0.5,0.0,65535.0,0.13203631647211414,0.0,65535.0,0.09875638971541924,0.0,0.0,0.0,0.0,0.0,0.0,0.0,0.0,0.0,0.0
29849.4,0.9237118182543066,0.0,17421.0,37.0,0.22379999999956898,31.5625,32.5625,36.77000000000004,0.0,0.0,0.0,0.0,0.0,20.0,0.3,0.1,0.2,0.1,0.4,0.1,0.1,0.1,0.5,0.0,65535.0,0.13154802777141986,0.0,65535.0,0.09929045548180361,0.0,0.0,0.0,0.0,0.0,0.0,0.0,0.0,0.0,0.0
29909.46,0.9295229203392678,0.0,17421.0,37.0,0.2172999999995732,31.5625,32.5625,37.09000000000003,0.0,0.0,0.0,0.0,0.0,20.0,0.3,0.1,0.2,0.1,0.4,0.1,0.1,0.1,0.5,0.0,65535.0,0.1318226901655604,0.0,65535.0,0.09822232394903486,0.0,0.0,0.0,0.0,0.0,0.0,0.0,0.0,0.0,0.0
29969.5,0.9427839426597109,0.0,17421.0,37.0,0.18399999999957165,31.5625,32.5625,37.03000000000003,0.0,0.0,0.0,0.0,0.0,20.0,0.3,0.1,0.2,0.1,0.4,0.1,0.1,0.1,0.5,0.0,65535.0,0.1326161593041886,0.0,65535.0,0.09906157015335317,0.0,0.0,0.0,0.0,0.0,0.0,0.0,0.0,0.0,0.0
30029.57,0.9338976013530685,0.0,17421.0,37.0,0.18249999999957128,31.5625,32.5,37.05000000000001,0.0,0.0,0.0,0.0,0.0,20.0,0.3,0.1,0.2,0.1,0.4,0.1,0.1,0.1,0.5,0.0,65535.0,0.13279926756694896,0.0,65535.0,0.09991607537956818,0.0,0.0,0.0,0.0,0.0,0.0,0.0,0.0,0.0,0.0
30089.61,0.935340746401558,0.0,17421.0,37.0,0.2745999999995745,31.5,32.5625,36.89000000000004,0.0,0.0,0.0,0.0,0.0,20.0,0.3,0.1,0.2,0.1,0.4,0.1,0.1,0.1,0.5,0.0,65535.0,0.13275349050125887,0.0,65535.0,0.09897001602197299,0.0,0.0,0.0,0.0,0.0,0.0,0.0,0.0,0.0,0.0
30149.65,0.9301828474590044,0.0,17421.0,37.0,0.2401999999995623,31.5625,32.5625,36.690000000000055,0.0,0.0,0.0,0.0,0.0,20.0,0.3,0.1,0.2,0.1,0.4,0.1,0.1,0.1,0.5,0.0,65535.0,0.13328755626764324,0.0,65535.0,0.099320973525597,0.0,0.0,0.0,0.0,0.0,0.0,0.0,0.0,0.0,0.0
30209.7,0.9326123279889762,0.0,17421.0,37.0,0.24669999999957143,31.5625,32.5,37.03000000000003,0.0,0.0,0.0,0.0,0.0,20.0,0.3,0.1,0.2,0.1,0.4,0.1,0.1,0.1,0.5,0.0,65535.0,0.13400473029678797,0.0,65535.0,0.09947356374456397,0.0,0.0,0.0,0.0,0.0,0.0,0.0,0.0,0.0,0.0
30269.77,0.9234471720548635,0.0,17421.0,37.0,0.22579999999956032,31.5625,32.5625,36.89000000000004,0.0,0.0,0.0,0.0,0.0,20.0,0.3,0.1,0.2,0.1,0.4,0.1,0.1,0.1,0.5,0.0,65535.0,0.1334248874647135,0.0,65535.0,0.09990081635767148,0.0,0.0,0.0,0.0,0.0,0.0,0.0,0.0,0.0,0.0
30329.85,0.9298431355972087,0.0,17421.0,37.0,0.220799999999564,31.5,32.5625,36.85000000000002,0.0,0.0,0.0,0.0,0.0,20.0,0.3,0.1,0.2,0.1,0.4,0.1,0.1,0.1,0.5,0.0,65535.0,0.13417257953765163,0.0,65535.0,0.09877164873731593,0.0,0.0,0.0,0.0,0.0,0.0,0.0,0.0,0.0,0.0
30389.93,0.9330356516229077,0.0,17421.0,37.0,0.1933999999995571,31.5625,32.5,36.73000000000002,0.0,0.0,0.0,0.0,0.0,20.0,0.3,0.1,0.2,0.1,0.4,0.1,0.1,0.1,0.5,0.0,65535.0,0.1334859235523003,0.0,65535.0,0.09948882276646066,0.0,0.0,0.0,0.0,0.0,0.0,0.0,0.0,0.0,0.0
30449.98,0.9442696522320224,0.0,17421.0,37.0,0.23779999999955762,31.5625,32.5625,36.950000000000045,0.0,0.0,0.0,0.0,0.0,20.0,0.3,0.1,0.2,0.1,0.4,0.1,0.1,0.1,0.5,0.0,65535.0,0.13406576638437476,0.0,65535.0,0.09973296711680782,0.0,0.0,0.0,0.0,0.0,0.0,0.0,0.0,0.0,0.0
30510.02,0.9332594257963257,0.0,17421.0,37.0,0.21929999999956107,31.5625,32.5,36.85000000000002,0.0,0.0,0.0,0.0,0.0,20.0,0.3,0.1,0.2,0.1,0.4,0.1,0.1,0.1,0.5,0.0,65535.0,0.133501182574197,0.0,65535.0,0.09901579308766308,0.0,0.0,0.0,0.0,0.0,0.0,0.0,0.0,0.0,0.0
30570.05,0.9351593121440616,0.0,17421.0,37.0,0.2033999999995596,31.5625,32.5,36.93000000000001,0.0,0.0,0.0,0.0,0.0,20.0,0.3,0.1,0.2,0.1,0.4,0.1,0.1,0.1,0.5,0.0,65535.0,0.13421835660334172,0.0,65535.0,0.10003814755474175,0.0,0.0,0.0,0.0,0.0,0.0,0.0,0.0,0.0,0.0
30630.11,0.9337644933336663,0.0,17421.0,37.0,0.2796999999995664,31.5625,32.5625,36.85000000000002,0.0,0.0,0.0,0.0,0.0,20.0,0.3,0.1,0.2,0.1,0.4,0.1,0.1,0.1,0.5,0.0,65535.0,0.1343099107347219,0.0,65535.0,0.10011444266422523,0.0,0.0,0.0,0.0,0.0,0.0,0.0,0.0,0.0,0.0
30690.18,0.9258640245649241,0.0,17421.0,37.0,0.17729999999955662,31.5625,32.5625,36.97000000000003,0.0,0.0,0.0,0.0,0.0,20.0,0.3,0.1,0.2,0.1,0.4,0.1,0.1,0.1,0.5,0.0,65535.0,0.13463035019455252,0.0,65535.0,0.09987029831387809,0.0,0.0,0.0,0.0,0.0,0.0,0.0,0.0,0.0,0.0
30750.26,0.9383862932264988,0.0,17421.0,37.0,0.2233999999995522,31.5625,32.4375,36.85000000000002,0.0,0.0,0.0,0.0,0.0,20.0,0.3,0.1,0.2,0.1,0.4,0.1,0.1,0.1,0.5,0.0,65535.0,0.13485923552300297,0.0,65535.0,0.10029755092698558,0.0,0.0,0.0,0.0,0.0,0.0,0.0,0.0,0.0,0.0
30810.33,0.9347665684492623,0.0,17421.0,37.0,0.3034999999995538,31.5,32.5,36.950000000000045,0.0,0.0,0.0,0.0,0.0,20.0,0.3,0.1,0.2,0.1,0.4,0.1,0.1,0.1,0.5,0.0,65535.0,0.13528648813611047,0.0,65535.0,0.10005340657663844,0.0,0.0,0.0,0.0,0.0,0.0,0.0,0.0,0.0,0.0
30870.38,0.9264679367674122,0.0,17421.0,37.0,0.2796999999995621,31.5625,32.5,36.85000000000002,0.0,0.0,0.0,0.0,0.0,20.0,0.3,0.1,0.2,0.1,0.4,0.1,0.1,0.1,0.5,0.0,65535.0,0.13528648813611047,0.0,65535.0,0.10057221332112612,0.0,0.0,0.0,0.0,0.0,0.0,0.0,0.0,0.0,0.0
30930.42,0.9426270732598571,0.0,17421.0,37.0,0.22699999999954978,31.5625,32.4375,36.950000000000045,0.0,0.0,0.0,0.0,0.0,20.0,0.3,0.1,0.2,0.1,0.4,0.1,0.1,0.1,0.5,0.0,65535.0,0.1351033798733501,0.0,65535.0,0.10115205615320058,0.0,0.0,0.0,0.0,0.0,0.0,0.0,0.0,0.0,0.0
30990.48,0.9425098713939227,0.0,17421.0,37.0,0.2651999999995551,31.5625,32.5625,36.79000000000002,0.0,0.0,0.0,0.0,0.0,20.0,0.3,0.1,0.2,0.1,0.4,0.1,0.1,0.1,0.5,0.0,65535.0,0.13522545204852368,0.0,65535.0,0.100679026474403,0.0,0.0,0.0,0.0,0.0,0.0,0.0,0.0,0.0,0.0
31050.55,0.9371288273327422,0.0,17421.0,37.0,0.259099999999549,31.5,32.5,36.89000000000004,0.0,0.0,0.0,0.0,0.0,20.0,0.3,0.1,0.2,0.1,0.4,0.1,0.1,0.1,0.5,0.0,65535.0,0.13521019302662698,0.0,65535.0,0.10096894789044022,0.0,0.0,0.0,0.0,0.0,0.0,0.0,0.0,0.0,0.0
31110.58,0.9446952273490055,0.0,17421.0,37.0,0.23909999999955214,31.5625,32.5,36.710000000000036,0.0,0.0,0.0,0.0,0.0,20.0,0.3,0.1,0.2,0.1,0.4,0.1,0.1,0.1,0.5,0.0,65535.0,0.13606469825284198,0.0,65535.0,0.1014877546349279,0.0,0.0,0.0,0.0,0.0,0.0,0.0,0.0,0.0,0.0
31170.65,0.9327658314979561,0.0,17421.0,37.0,0.17669999999954863,31.625,32.5,37.13000000000005,0.0,0.0,0.0,0.0,0.0,20.0,0.3,0.1,0.2,0.1,0.4,0.1,0.1,0.1,0.5,0.0,65535.0,0.13537804226749064,0.0,65535.0,0.10045014114595255,0.0,0.0,0.0,0.0,0.0,0.0,0.0,0.0,0.0,0.0
31230.72,0.9495011411558991,0.0,17421.0,37.0,0.18099999999955296,31.5625,32.5625,37.09000000000003,0.0,0.0,0.0,0.0,0.0,20.0,0.3,0.1,0.2,0.1,0.4,0.1,0.1,0.1,0.5,0.0,65535.0,0.13588158999008162,0.0,65535.0,0.10130464637216754,0.0,0.0,0.0,0.0,0.0,0.0,0.0,0.0,0.0,0.0
31290.8,0.9413337970325115,0.0,17421.0,37.0,0.25779999999955505,31.5625,32.5625,36.93000000000001,0.0,0.0,0.0,0.0,0.0,20.0,0.3,0.1,0.2,0.1,0.4,0.1,0.1,0.1,0.5,0.0,65535.0,0.13621728847180894,0.0,65535.0,0.10179293507286183,0.0,0.0,0.0,0.0,0.0,0.0,0.0,0.0,0.0,0.0
31350.87,0.9339011196305887,0.0,17421.0,37.0,0.2183999999995482,31.5,32.5,36.97000000000003,0.0,0.0,0.0,0.0,0.0,20.0,0.3,0.1,0.2,0.1,0.4,0.1,0.1,0.1,0.5,0.0,65535.0,0.1364003967345693,0.0,65535.0,0.10135042343785763,0.0,0.0,0.0,0.0,0.0,0.0,0.0,0.0,0.0,0.0
31410.94,0.9268517062264281,0.0,17421.0,37.0,0.24079999999954288,31.5625,32.5,36.950000000000045,0.0,0.0,0.0,0.0,0.0,20.0,0.3,0.1,0.2,0.1,0.4,0.1,0.1,0.1,0.5,0.0,65535.0,0.13611047531853207,0.0,65535.0,0.1023117418173495,0.0,0.0,0.0,0.0,0.0,0.0,0.0,0.0,0.0,0.0
31471.02,0.9361674376457501,0.0,17421.0,37.0,0.26139999999955255,31.5,32.5,36.870000000000005,0.0,0.0,0.0,0.0,0.0,20.0,0.3,0.1,0.2,0.1,0.4,0.1,0.1,0.1,0.5,0.0,65535.0,0.13661402304112305,0.0,65535.0,0.10130464637216754,0.0,0.0,0.0,0.0,0.0,0.0,0.0,0.0,0.0,0.0
31531.04,0.9519490777553603,0.0,17421.0,37.0,0.21899999999954506,31.5625,32.5625,36.79000000000002,0.0,0.0,0.0,0.0,0.0,20.0,0.3,0.1,0.2,0.1,0.4,0.1,0.1,0.1,0.5,0.0,65535.0,0.137773708705272,0.0,65535.0,0.10211337453269245,0.0,0.0,0.0,0.0,0.0,0.0,0.0,0.0,0.0,0.0
31591.12,0.9394231116686208,0.0,17421.0,37.0,0.19689999999954838,31.5,32.5,36.79000000000002,0.0,0.0,0.0,0.0,0.0,20.0,0.3,0.1,0.2,0.1,0.4,0.1,0.1,0.1,0.5,0.0,65535.0,0.136919203479057,0.0,65535.0,0.10243381399252308,0.0,0.0,0.0,0.0,0.0,0.0,0.0,0.0,0.0,0.0
31651.2,0.9523479618988429,0.0,17421.0,37.0,0.2386999999995396,31.5,32.5,36.690000000000055,0.0,0.0,0.0,0.0,0.0,20.0,0.3,0.1,0.2,0.1,0.4,0.1,0.1,0.1,0.5,0.0,65535.0,0.1377584496833753,0.0,65535.0,0.10304417486839093,0.0,0.0,0.0,0.0,0.0,0.0,0.0,0.0,0.0,0.0
31711.28,0.944446658052017,0.0,17421.0,37.0,0.2569999999995389,31.5625,32.5,36.870000000000005,0.0,0.0,0.0,0.0,0.0,20.0,0.3,0.1,0.2,0.1,0.4,0.1,0.1,0.1,0.5,0.0,65535.0,0.13830777447165638,0.0,65535.0,0.10225070572976272,0.0,0.0,0.0,0.0,0.0,0.0,0.0,0.0,0.0,0.0
31771.32,0.9467474664092457,0.0,17421.0,37.0,0.2631999999995483,31.5625,32.5,37.03000000000003,0.0,0.0,0.0,0.0,0.0,20.0,0.3,0.1,0.2,0.1,0.4,0.1,0.1,0.1,0.5,0.0,65535.0,0.13788052185854888,0.0,65535.0,0.10212863355458915,0.0,0.0,0.0,0.0,0.0,0.0,0.0,0.0,0.0,0.0
31831.39,0.9421053583637129,0.0,17421.0,37.0,0.22489999999953625,31.5,32.5,37.13000000000005,0.0,0.0,0.0,0.0,0.0,20.0,0.3,0.1,0.2,0.1,0.4,0.1,0.1,0.1,0.5,0.0,65535.0,0.1377584496833753,0.0,65535.0,0.10333409628442816,0.0,0.0,0.0,0.0,0.0,0.0,0.0,0.0,0.0,0.0
31891.44,0.9474774530056433,0.0,17421.0,37.0,0.29969999999954267,31.5625,32.5,36.950000000000045,0.0,0.0,0.0,0.0,0.0,20.0,0.3,0.1,0.2,0.1,0.4,0.1,0.1,0.1,0.5,0.0,65535.0,0.13852140077821012,0.0,65535.0,0.10328831921873807,0.0,0.0,0.0,0.0,0.0,0.0,0.0,0.0,0.0,0.0
31951.5,0.9452414771749571,0.0,17421.0,37.0,0.24819999999954515,31.5625,32.5,36.710000000000036,0.0,0.0,0.0,0.0,0.0,20.0,0.3,0.1,0.2,0.1,0.4,0.1,0.1,0.1,0.5,0.0,65535.0,0.13826199740596629,0.0,65535.0,0.1023575188830396,0.0,0.0,0.0,0.0,0.0,0.0,0.0,0.0,0.0,0.0
32011.55,0.9480732195891549,0.0,17421.0,37.0,0.1983999999995427,31.5625,32.5,37.01000000000005,0.0,0.0,0.0,0.0,0.0,20.0,0.3,0.1,0.2,0.1,0.4,0.1,0.1,0.1,0.5,0.0,65535.0,0.13846036469062334,0.0,65535.0,0.10305943389028763,0.0,0.0,0.0,0.0,0.0,0.0,0.0,0.0,0.0,0.0
32071.59,0.9501965207038963,0.0,17421.0,37.0,0.25669999999953397,31.5,32.5,36.950000000000045,0.0,0.0,0.0,0.0,0.0,20.0,0.3,0.1,0.2,0.1,0.4,0.1,0.1,0.1,0.5,0.0,65535.0,0.13833829251544977,0.0,65535.0,0.10296787975890745,0.0,0.0,0.0,0.0,0.0,0.0,0.0,0.0,0.0,0.0
32131.64,0.9434814299770005,0.0,17421.0,37.0,0.26559999999954353,31.5625,32.5,36.81,0.0,0.0,0.0,0.0,0.0,20.0,0.3,0.1,0.2,0.1,0.4,0.1,0.1,0.1,0.5,0.0,65535.0,0.13876554512855727,0.0,65535.0,0.10272373540856031,0.0,0.0,0.0,0.0,0.0,0.0,0.0,0.0,0.0,0.0
32191.68,0.9435657795244843,0.0,17421.0,37.0,0.24029999999953724,31.5625,32.5,36.870000000000005,0.0,0.0,0.0,0.0,0.0,20.0,0.3,0.1,0.2,0.1,0.4,0.1,0.1,0.1,0.5,0.0,65535.0,0.13871976806286718,0.0,65535.0,0.10308995193408102,0.0,0.0,0.0,0.0,0.0,0.0,0.0,0.0,0.0,0.0
32251.72,0.9603279307014454,0.0,17421.0,37.0,0.2381999999995366,31.5625,32.5,37.03000000000003,0.0,0.0,0.0,0.0,0.0,20.0,0.3,0.1,0.2,0.1,0.4,0.1,0.1,0.1,0.5,0.0,65535.0,0.13914702067597468,0.0,65535.0,0.10377660791943237,0.0,0.0,0.0,0.0,0.0,0.0,0.0,0.0,0.0,0.0
32311.77,0.9516266029505406,0.0,17421.0,37.0,0.2030999999995341,31.5625,32.5,36.950000000000045,0.0,0.0,0.0,0.0,0.0,20.0,0.3,0.1,0.2,0.1,0.4,0.1,0.1,0.1,0.5,0.0,65535.0,0.13929961089494164,0.0,65535.0,0.10328831921873807,0.0,0.0,0.0,0.0,0.0,0.0,0.0,0.0,0.0,0.0
32371.85,0.9452874478408222,0.0,17421.0,37.0,0.21339999999953893,31.5625,32.5,36.710000000000036,0.0,0.0,0.0,0.0,0.0,20.0,0.3,0.1,0.2,0.1,0.4,0.1,0.1,0.1,0.5,0.0,65535.0,0.1394369420920119,0.0,65535.0,0.10351720454718853,0.0,0.0,0.0,0.0,0.0,0.0,0.0,0.0,0.0,0.0
32431.91,0.9574695252149763,0.0,17421.0,37.0,0.21839999999953352,31.5,32.5625,37.01000000000005,0.0,0.0,0.0,0.0,0.0,20.0,0.3,0.1,0.2,0.1,0.4,0.1,0.1,0.1,0.5,0.0,65535.0,0.13957427328908217,0.0,65535.0,0.10403601129167621,0.0,0.0,0.0,0.0,0.0,0.0,0.0,0.0,0.0,0.0
32491.95,0.9489837161410075,0.0,17421.0,37.0,0.28909999999953034,31.5,32.5,36.77000000000004,0.0,0.0,0.0,0.0,0.0,20.0,0.3,0.1,0.2,0.1,0.4,0.1,0.1,0.1,0.5,0.0,65535.0,0.13958953231097887,0.0,65535.0,0.10371557183184558,0.0,0.0,0.0,0.0,0.0,0.0,0.0,0.0,0.0,0.0
32552.01,0.9569719047520406,0.0,17421.0,37.0,0.17429999999953016,31.5625,32.5,36.93000000000001,0.0,0.0,0.0,0.0,0.0,20.0,0.3,0.1,0.2,0.1,0.4,0.1,0.1,0.1,0.5,0.0,65535.0,0.14061188677805753,0.0,65535.0,0.10460059510185397,0.0,0.0,0.0,0.0,0.0,0.0,0.0,0.0,0.0,0.0
32612.09,0.9626353839697608,0.0,17421.0,37.0,0.23519999999953162,31.5625,32.5,36.950000000000045,0.0,0.0,0.0,0.0,0.0,20.0,0.3,0.1,0.2,0.1,0.4,0.1,0.1,0.1,0.5,0.0,65535.0,0.13972686350804914,0.0,65535.0,0.10357824063477532,0.0,0.0,0.0,0.0,0.0,0.0,0.0,0.0,0.0,0.0
32672.17,0.9597064508307059,0.0,17421.0,37.0,0.21519999999953474,31.5625,32.4375,36.870000000000005,0.0,0.0,0.0,0.0,0.0,20.0,0.3,0.1,0.2,0.1,0.4,0.1,0.1,0.1,0.5,0.0,65535.0,0.1402456702525368,0.0,65535.0,0.10434119172961014,0.0,0.0,0.0,0.0,0.0,0.0,0.0,0.0,0.0,0.0
32732.25,0.9482437851040153,0.0,17421.0,37.0,0.23489999999953018,31.5625,32.5,36.85000000000002,0.0,0.0,0.0,0.0,0.0,20.0,0.3,0.1,0.2,0.1,0.4,0.1,0.1,0.1,0.5,0.0,65535.0,0.14023041123064012,0.0,65535.0,0.10476844434271763,0.0,0.0,0.0,0.0,0.0,0.0,0.0,0.0,0.0,0.0
32792.32,0.9464860980778357,0.0,17421.0,37.0,0.2801999999995307,31.5625,32.5,36.79000000000002,0.0,0.0,0.0,0.0,0.0,20.0,0.3,0.1,0.2,0.1,0.4,0.1,0.1,0.1,0.5,0.0,65535.0,0.14064240482185092,0.0,65535.0,0.10458533607995728,0.0,0.0,0.0,0.0,0.0,0.0,0.0,0.0,0.0,0.0
32852.4,0.9680085235466982,0.0,17421.0,37.0,0.29849999999953086,31.5,32.5625,36.870000000000005,0.0,0.0,0.0,0.0,0.0,20.0,0.3,0.1,0.2,0.1,0.4,0.1,0.1,0.1,0.5,0.0,65535.0,0.14178683146410315,0.0,65535.0,0.10516517891203174,0.0,0.0,0.0,0.0,0.0,0.0,0.0,0.0,0.0,0.0
32912.45,0.9550921128508748,0.0,17421.0,37.0,0.24409999999952264,31.5625,32.4375,37.05000000000001,0.0,0.0,0.0,0.0,0.0,20.0,0.3,0.1,0.2,0.1,0.4,0.1,0.1,0.1,0.5,0.0,65535.0,0.1411764705882353,0.0,65535.0,0.1048905165178912,0.0,0.0,0.0,0.0,0.0,0.0,0.0,0.0,0.0,0.0
32972.53,0.9534715429463284,0.0,17421.0,37.0,0.22729999999952116,31.5625,32.5,36.950000000000045,0.0,0.0,0.0,0.0,0.0,20.0,0.3,0.1,0.2,0.1,0.4,0.1,0.1,0.1,0.5,0.0,65535.0,0.14062714579995422,0.0,65535.0,0.1045090409704738,0.0,0.0,0.0,0.0,0.0,0.0,0.0,0.0,0.0,0.0
33032.6,0.9548521798071598,0.0,17421.0,37.0,0.2881999999995226,31.5,32.4375,37.09000000000003,0.0,0.0,0.0,0.0,0.0,20.0,0.3,0.1,0.2,0.1,0.4,0.1,0.1,0.1,0.5,0.0,65535.0,0.14125276569771877,0.0,65535.0,0.10498207064927138,0.0,0.0,0.0,0.0,0.0,0.0,0.0,0.0,0.0,0.0
33092.64,0.9475742917694471,0.0,17421.0,37.0,0.20519999999952362,31.5625,32.5,36.950000000000045,0.0,0.0,0.0,0.0,0.0,20.0,0.3,0.1,0.2,0.1,0.4,0.1,0.1,0.1,0.5,0.0,65535.0,0.1419851987487602,0.0,65535.0,0.10635538261997406,0.0,0.0,0.0,0.0,0.0,0.0,0.0,0.0,0.0,0.0
33152.69,0.9539921098262765,0.0,17421.0,37.0,0.23779999999951898,31.5,32.5,36.710000000000036,0.0,0.0,0.0,0.0,0.0,20.0,0.3,0.1,0.2,0.1,0.4,0.1,0.1,0.1,0.5,0.0,65535.0,0.14174105439841306,0.0,65535.0,0.10516517891203174,0.0,0.0,0.0,0.0,0.0,0.0,0.0,0.0,0.0,0.0
33212.73,0.9585049154182201,0.0,17421.0,37.0,0.22219999999951726,31.5625,32.5,36.77000000000004,0.0,0.0,0.0,0.0,0.0,20.0,0.3,0.1,0.2,0.1,0.4,0.1,0.1,0.1,0.5,0.0,65535.0,0.14190890363927672,0.0,65535.0,0.10548561837186236,0.0,0.0,0.0,0.0,0.0,0.0,0.0,0.0,0.0,0.0
33272.8,0.9718573433644082,0.0,17421.0,37.0,0.19889999999951996,31.5625,32.5,36.89000000000004,0.0,0.0,0.0,0.0,0.0,20.0,0.3,0.1,0.2,0.1,0.4,0.1,0.1,0.1,0.5,0.0,65535.0,0.14166475928892958,0.0,65535.0,0.10539406424048219,0.0,0.0,0.0,0.0,0.0,0.0,0.0,0.0,0.0,0.0
33332.84,0.9626754580935716,0.0,17421.0,37.0,0.24799999999951622,31.5,32.4375,36.690000000000055,0.0,0.0,0.0,0.0,0.0,20.0,0.3,0.1,0.2,0.1,0.4,0.1,0.1,0.1,0.5,0.0,65535.0,0.14218356603341725,0.0,65535.0,0.10635538261997406,0.0,0.0,0.0,0.0,0.0,0.0,0.0,0.0,0.0,0.0
33392.92,0.9575562219226569,0.0,17421.0,37.0,0.27929999999952126,31.5,32.4375,36.73000000000002,0.0,0.0,0.0,0.0,0.0,20.0,0.3,0.1,0.2,0.1,0.4,0.1,0.1,0.1,0.5,0.0,65535.0,0.14262607766842145,0.0,65535.0,0.10562294956893263,0.0,0.0,0.0,0.0,0.0,0.0,0.0,0.0,0.0,0.0
33452.99,0.9625858926123885,0.0,17421.0,37.0,0.24849999999952424,31.5,32.5,37.01000000000005,0.0,0.0,0.0,0.0,0.0,20.0,0.3,0.1,0.2,0.1,0.4,0.1,0.1,0.1,0.5,0.0,65535.0,0.142397192339971,0.0,65535.0,0.10560769054703593,0.0,0.0,0.0,0.0,0.0,0.0,0.0,0.0,0.0,0.0
33513.04,0.9596773226636224,0.0,17421.0,37.0,0.23759999999951822,31.5,32.5,36.89000000000004,0.0,0.0,0.0,0.0,0.0,20.0,0.3,0.1,0.2,0.1,0.4,0.1,0.1,0.1,0.5,0.0,65535.0,0.1436789501792935,0.0,65535.0,0.10727092393377584,0.0,0.0,0.0,0.0,0.0,0.0,0.0,0.0,0.0,0.0
33573.08,0.9553650910769379,0.0,17421.0,37.0,0.28769999999951956,31.5625,32.5,37.190000000000055,0.0,0.0,0.0,0.0,0.0,20.0,0.3,0.1,0.2,0.1,0.4,0.1,0.1,0.1,0.5,0.0,65535.0,0.1428397039749752,0.0,65535.0,0.10589761196307317,0.0,0.0,0.0,0.0,0.0,0.0,0.0,0.0,0.0,0.0
33633.14,0.9661842613054529,0.0,17421.0,37.0,0.24269999999951697,31.625,32.5,37.03000000000003,0.0,0.0,0.0,0.0,0.0,20.0,0.3,0.1,0.2,0.1,0.4,0.1,0.1,0.1,0.5,0.0,65535.0,0.14306858930342564,0.0,65535.0,0.10586709391927977,0.0,0.0,0.0,0.0,0.0,0.0,0.0,0.0,0.0,0.0
33693.24,0.9664601207406354,0.0,17421.0,37.0,0.2293999999995106,31.5625,32.4375,36.89000000000004,0.0,0.0,0.0,0.0,0.0,20.0,0.3,0.1,0.2,0.1,0.4,0.1,0.1,0.1,0.5,0.0,65535.0,0.14351110093842984,0.0,65535.0,0.10664530403601129,0.0,0.0,0.0,0.0,0.0,0.0,0.0,0.0,0.0,0.0
33753.27,0.9648958161090646,0.0,17421.0,37.0,0.24499999999950978,31.625,32.5,37.03000000000003,0.0,0.0,0.0,0.0,0.0,20.0,0.3,0.1,0.2,0.1,0.4,0.1,0.1,0.1,0.5,0.0,65535.0,0.14486915388723584,0.0,65535.0,0.10743877317463951,0.0,0.0,0.0,0.0,0.0,0.0,0.0,0.0,0.0,0.0
33813.33,0.9558768452738049,0.0,17421.0,37.0,0.21519999999951755,31.625,32.5,36.97000000000003,0.0,0.0,0.0,0.0,0.0,20.0,0.3,0.1,0.2,0.1,0.4,0.1,0.1,0.1,0.5,0.0,65535.0,0.14387731746395055,0.0,65535.0,0.10664530403601129,0.0,0.0,0.0,0.0,0.0,0.0,0.0,0.0,0.0,0.0
33873.43,0.9565106296246109,0.0,17421.0,37.0,0.23639999999951247,31.5625,32.4375,37.01000000000005,0.0,0.0,0.0,0.0,0.0,20.0,0.3,0.1,0.2,0.1,0.4,0.1,0.1,0.1,0.5,0.0,65535.0,0.14523537041275655,0.0,65535.0,0.10698100251773861,0.0,0.0,0.0,0.0,0.0,0.0,0.0,0.0,0.0,0.0
33933.5,0.9736596606805716,0.0,17421.0,37.0,0.28199999999951364,31.625,32.5,37.110000000000014,0.0,0.0,0.0,0.0,0.0,20.0,0.3,0.1,0.2,0.1,0.4,0.1,0.1,0.1,0.5,0.0,65535.0,0.14454871442740522,0.0,65535.0,0.10627908751049057,0.0,0.0,0.0,0.0,0.0,0.0,0.0,0.0,0.0,0.0
33993.57,0.9562258508664175,0.0,17421.0,37.0,0.21899999999951064,31.5625,32.4375,36.93000000000001,0.0,0.0,0.0,0.0,0.0,20.0,0.3,0.1,0.2,0.1,0.4,0.1,0.1,0.1,0.5,0.0,65535.0,0.14431982909895474,0.0,65535.0,0.10705729762722209,0.0,0.0,0.0,0.0,0.0,0.0,0.0,0.0,0.0,0.0
34053.61,0.952000608370494,0.0,17421.0,37.0,0.26579999999951154,31.5625,32.5,36.79000000000002,0.0,0.0,0.0,0.0,0.0,20.0,0.3,0.1,0.2,0.1,0.4,0.1,0.1,0.1,0.5,0.0,65535.0,0.14512855725947968,0.0,65535.0,0.10771343556878005,0.0,0.0,0.0,0.0,0.0,0.0,0.0,0.0,0.0,0.0
34113.66,0.9752882602571135,0.0,17421.0,37.0,0.23579999999950957,31.5625,32.5,36.870000000000005,0.0,0.0,0.0,0.0,0.0,20.0,0.3,0.1,0.2,0.1,0.4,0.1,0.1,0.1,0.5,0.0,65535.0,0.14441138323033492,0.0,65535.0,0.1078965438315404,0.0,0.0,0.0,0.0,0.0,0.0,0.0,0.0,0.0,0.0
34173.74,0.9572694371467841,0.0,17421.0,37.0,0.21959999999950838,31.5625,32.4375,37.09000000000003,0.0,0.0,0.0,0.0,0.0,20.0,0.3,0.1,0.2,0.1,0.4,0.1,0.1,0.1,0.5,0.0,65535.0,0.1450675211718929,0.0,65535.0,0.10708781567101548,0.0,0.0,0.0,0.0,0.0,0.0,0.0,0.0,0.0,0.0
34233.81,0.9610252488664756,0.0,17421.0,37.0,0.24229999999950363,31.5625,32.5,36.77000000000004,0.0,0.0,0.0,0.0,0.0,20.0,0.3,0.1,0.2,0.1,0.4,0.1,0.1,0.1,0.5,0.0,65535.0,0.14497596704051272,0.0,65535.0,0.10678263523308155,0.0,0.0,0.0,0.0,0.0,0.0,0.0,0.0,0.0,0.0
34293.88,0.9698789489200832,0.0,17421.0,37.0,0.27119999999950833,31.5625,32.4375,36.89000000000004,0.0,0.0,0.0,0.0,0.0,20.0,0.3,0.1,0.2,0.1,0.4,0.1,0.1,0.1,0.5,0.0,65535.0,0.14561684596017396,0.0,65535.0,0.10783550774395362,0.0,0.0,0.0,0.0,0.0,0.0,0.0,0.0,0.0,0.0
34353.92,0.9685492500507749,0.0,17421.0,37.0,0.2602999999995023,31.5625,32.4375,36.79000000000002,0.0,0.0,0.0,0.0,0.0,20.0,0.3,0.1,0.2,0.1,0.4,0.1,0.1,0.1,0.5,0.0,65535.0,0.14520485236896316,0.0,65535.0,0.10780498970016023,0.0,0.0,0.0,0.0,0.0,0.0,0.0,0.0,0.0,0.0
34414.0,0.9690424851209108,0.0,17421.0,37.0,0.2069999999995039,31.5625,32.5,37.03000000000003,0.0,0.0,0.0,0.0,0.0,20.0,0.3,0.1,0.2,0.1,0.4,0.1,0.1,0.1,0.5,0.0,65535.0,0.14576943617914093,0.0,65535.0,0.10780498970016023,0.0,0.0,0.0,0.0,0.0,0.0,0.0,0.0,0.0,0.0
34474.06,0.9757190470501765,0.0,17421.0,37.0,0.23549999999950383,31.5625,32.5,36.85000000000002,0.0,0.0,0.0,0.0,0.0,20.0,0.3,0.1,0.2,0.1,0.4,0.1,0.1,0.1,0.5,0.0,65535.0,0.146669718471046,0.0,65535.0,0.10865949492637522,0.0,0.0,0.0,0.0,0.0,0.0,0.0,0.0,0.0,0.0
34534.13,0.9737852740215922,0.0,17421.0,37.0,0.27639999999950926,31.625,32.4375,36.77000000000004,0.0,0.0,0.0,0.0,0.0,20.0,0.3,0.1,0.2,0.1,0.4,0.1,0.1,0.1,0.5,0.0,65535.0,0.14602883955138476,0.0,65535.0,0.10815594720378424,0.0,0.0,0.0,0.0,0.0,0.0,0.0,0.0,0.0,0.0
34594.17,0.9734175849953534,0.0,17421.0,37.0,0.2440999999994977,31.5,32.5,36.85000000000002,0.0,0.0,0.0,0.0,0.0,20.0,0.3,0.1,0.2,0.1,0.4,0.1,0.1,0.1,0.5,0.0,65535.0,0.14608987563897155,0.0,65535.0,0.10719462882429236,0.0,0.0,0.0,0.0,0.0,0.0,0.0,0.0,0.0,0.0
34654.22,0.9639298626216704,0.0,17421.0,37.0,0.21909999999950536,31.5625,32.5,36.870000000000005,0.0,0.0,0.0,0.0,0.0,20.0,0.3,0.1,0.2,0.1,0.4,0.1,0.1,0.1,0.5,0.0,65535.0,0.14702067597467003,0.0,65535.0,0.10858319981689174,0.0,0.0,0.0,0.0,0.0,0.0,0.0,0.0,0.0,0.0
34714.26,0.9755603691981326,0.0,17421.0,37.0,0.21519999999950465,31.625,32.5,37.190000000000055,0.0,0.0,0.0,0.0,0.0,20.0,0.3,0.1,0.2,0.1,0.4,0.1,0.1,0.1,0.5,0.0,65535.0,0.14636453803311208,0.0,65535.0,0.10814068818188755,0.0,0.0,0.0,0.0,0.0,0.0,0.0,0.0,0.0,0.0
34774.3,0.9662427699088771,0.0,17421.0,37.0,0.2778999999995062,31.625,32.5,36.870000000000005,0.0,0.0,0.0,0.0,0.0,20.0,0.3,0.1,0.2,0.1,0.4,0.1,0.1,0.1,0.5,0.0,65535.0,0.14689860379949646,0.0,65535.0,0.10922407873655299,0.0,0.0,0.0,0.0,0.0,0.0,0.0,0.0,0.0,0.0
34834.35,0.9685267294955588,0.0,17421.0,37.0,0.20609999999949785,31.5625,32.5,36.89000000000004,0.0,0.0,0.0,0.0,0.0,20.0,0.3,0.1,0.2,0.1,0.4,0.1,0.1,0.1,0.5,0.0,65535.0,0.147524223697261,0.0,65535.0,0.1091935606927596,0.0,0.0,0.0,0.0,0.0,0.0,0.0,0.0,0.0,0.0
34894.39,0.97156401818724,0.0,17421.0,37.0,0.22139999999949728,31.5625,32.4375,36.89000000000004,0.0,0.0,0.0,0.0,0.0,20.0,0.3,0.1,0.2,0.1,0.4,0.1,0.1,0.1,0.5,0.0,65535.0,0.1471274891279469,0.0,65535.0,0.10894941634241245,0.0,0.0,0.0,0.0,0.0,0.0,0.0,0.0,0.0,0.0
34954.44,0.988987731835852,0.0,17421.0,37.0,0.23669999999949673,31.5625,32.5,36.870000000000005,0.0,0.0,0.0,0.0,0.0,20.0,0.3,0.1,0.2,0.1,0.4,0.1,0.1,0.1,0.5,0.0,65535.0,0.14738689250019074,0.0,65535.0,0.10899519340810254,0.0,0.0,0.0,0.0,0.0,0.0,0.0,0.0,0.0,0.0
35014.48,0.9679791187197119,0.0,17421.0,37.0,0.23519999999949553,31.5625,32.5,36.79000000000002,0.0,0.0,0.0,0.0,0.0,20.0,0.3,0.1,0.2,0.1,0.4,0.1,0.1,0.1,0.5,0.0,65535.0,0.14811932555123217,0.0,65535.0,0.10949874113069352,0.0,0.0,0.0,0.0,0.0,0.0,0.0,0.0,0.0,0.0
35074.52,0.9843209435943057,0.0,17421.0,37.0,0.22579999999948902,31.5625,32.4375,36.81,0.0,0.0,0.0,0.0,0.0,20.0,0.3,0.1,0.2,0.1,0.4,0.1,0.1,0.1,0.5,0.0,65535.0,0.1488517586022736,0.0,65535.0,0.1108262760357061,0.0,0.0,0.0,0.0,0.0,0.0,0.0,0.0,0.0,0.0
35134.59,0.9805805675727743,0.0,17421.0,37.0,0.21599999999949282,31.5,32.4375,37.05000000000001,0.0,0.0,0.0,0.0,0.0,20.0,0.3,0.1,0.2,0.1,0.4,0.1,0.1,0.1,0.5,0.0,65535.0,0.1480125123979553,0.0,65535.0,0.10890363927672236,0.0,0.0,0.0,0.0,0.0,0.0,0.0,0.0,0.0,0.0
35194.67,0.9868469587242291,0.0,17421.0,37.0,0.2542999999994881,31.5,32.5,36.89000000000004,0.0,0.0,0.0,0.0,0.0,20.0,0.3,0.1,0.2,0.1,0.4,0.1,0.1,0.1,0.5,0.0,65535.0,0.1483939879453727,0.0,65535.0,0.11030746929121843,0.0,0.0,0.0,0.0,0.0,0.0,0.0,0.0,0.0,0.0
35254.71,0.9686588067879767,0.0,17421.0,37.0,0.25579999999948677,31.5,32.4375,36.85000000000002,0.0,0.0,0.0,0.0,0.0,20.0,0.3,0.1,0.2,0.1,0.4,0.1,0.1,0.1,0.5,0.0,65535.0,0.14814984359502556,0.0,65535.0,0.10972762645914397,0.0,0.0,0.0,0.0,0.0,0.0,0.0,0.0,0.0,0.0
35314.78,0.9777419436176307,0.0,17421.0,37.0,0.2366999999994899,31.5,32.4375,37.210000000000036,0.0,0.0,0.0,0.0,0.0,20.0,0.3,0.1,0.2,0.1,0.4,0.1,0.1,0.1,0.5,0.0,65535.0,0.14897383077744716,0.0,65535.0,0.11030746929121843,0.0,0.0,0.0,0.0,0.0,0.0,0.0,0.0,0.0,0.0
35374.82,0.9616416821934733,0.0,17421.0,37.0,0.21759999999949306,31.5,32.5,37.01000000000005,0.0,0.0,0.0,0.0,0.0,20.0,0.3,0.1,0.2,0.1,0.4,0.1,0.1,0.1,0.5,0.0,65535.0,0.14827191577019913,0.0,65535.0,0.10988021667811093,0.0,0.0,0.0,0.0,0.0,0.0,0.0,0.0,0.0,0.0
35434.86,0.9776943926084114,0.0,17421.0,37.0,0.23489999999948813,31.5625,32.5,36.97000000000003,0.0,0.0,0.0,0.0,0.0,20.0,0.3,0.1,0.2,0.1,0.4,0.1,0.1,0.1,0.5,0.0,65535.0,0.1497062638284886,0.0,65535.0,0.11033798733501182,0.0,0.0,0.0,0.0,0.0,0.0,0.0,0.0,0.0,0.0
35494.9,0.9725946620234002,0.0,17421.0,37.0,0.19809999999949063,31.5625,32.5,37.110000000000014,0.0,0.0,0.0,0.0,0.0,20.0,0.3,0.1,0.2,0.1,0.4,0.1,0.1,0.1,0.5,0.0,65535.0,0.14996566720073243,0.0,65535.0,0.11100938429846646,0.0,0.0,0.0,0.0,0.0,0.0,0.0,0.0,0.0,0.0
35554.94,0.9659825469642915,0.0,17421.0,37.0,0.22519999999948107,31.5625,32.5,37.01000000000005,0.0,0.0,0.0,0.0,0.0,20.0,0.3,0.1,0.2,0.1,0.4,0.1,0.1,0.1,0.5,0.0,65535.0,0.1501029983978027,0.0,65535.0,0.11155870908674755,0.0,0.0,0.0,0.0,0.0,0.0,0.0,0.0,0.0,0.0
35614.98,0.9804381334376198,0.0,17421.0,37.0,0.233699999999485,31.5,32.4375,36.97000000000003,0.0,0.0,0.0,0.0,0.0,20.0,0.3,0.1,0.2,0.1,0.4,0.1,0.1,0.1,0.5,0.0,65535.0,0.1505302510109102,0.0,65535.0,0.11123826962691691,0.0,0.0,0.0,0.0,0.0,0.0,0.0,0.0,0.0,0.0
35675.03,0.9800294676735033,0.0,17421.0,37.0,0.26549999999948537,31.5,32.4375,36.85000000000002,0.0,0.0,0.0,0.0,0.0,20.0,0.3,0.1,0.2,0.1,0.4,0.1,0.1,0.1,0.5,0.0,65535.0,0.14984359502555886,0.0,65535.0,0.1104448004882887,0.0,0.0,0.0,0.0,0.0,0.0,0.0,0.0,0.0,0.0
35735.07,0.9685893938836367,0.0,17421.0,37.0,0.26559999999948947,31.5,32.5,36.870000000000005,0.0,0.0,0.0,0.0,0.0,20.0,0.3,0.1,0.2,0.1,0.4,0.1,0.1,0.1,0.5,0.0,65535.0,0.15062180514229037,0.0,65535.0,0.11111619745174334,0.0,0.0,0.0,0.0,0.0,0.0,0.0,0.0,0.0,0.0
35795.12,0.9861360137625776,0.0,17421.0,37.0,0.22789999999947774,31.5,32.5,37.01000000000005,0.0,0.0,0.0,0.0,0.0,20.0,0.3,0.1,0.2,0.1,0.4,0.1,0.1,0.1,0.5,0.0,65535.0,0.15040817883573662,0.0,65535.0,0.11030746929121843,0.0,0.0,0.0,0.0,0.0,0.0,0.0,0.0,0.0,0.0
35855.16,0.9686073111008198,0.0,17421.0,37.0,0.22579999999947625,31.5625,32.5,37.01000000000005,0.0,0.0,0.0,0.0,0.0,20.0,0.3,0.1,0.2,0.1,0.4,0.1,0.1,0.1,0.5,0.0,65535.0,0.15031662470435644,0.0,65535.0,0.11068894483863584,0.0,0.0,0.0,0.0,0.0,0.0,0.0,0.0,0.0,0.0
35915.2,0.9998775487763342,0.0,17421.0,37.0,0.2386999999994753,31.5625,32.5,36.950000000000045,0.0,0.0,0.0,0.0,0.0,20.0,0.3,0.1,0.2,0.1,0.4,0.1,0.1,0.1,0.5,0.0,65535.0,0.15036240177004653,0.0,65535.0,0.11137560082398719,0.0,0.0,0.0,0.0,0.0,0.0,0.0,0.0,0.0,0.0
35975.25,0.9841657735664291,0.0,17421.0,37.0,0.24459999999948415,31.5,32.5,36.93000000000001,0.0,0.0,0.0,0.0,0.0,20.0,0.3,0.1,0.2,0.1,0.4,0.1,0.1,0.1,0.5,0.0,65535.0,0.1509727626459144,0.0,65535.0,0.11163500419623103,0.0,0.0,0.0,0.0,0.0,0.0,0.0,0.0,0.0,0.0
36035.3,0.9663665882742944,0.0,17421.0,37.0,0.23579999999947793,31.5625,32.5,36.97000000000003,0.0,0.0,0.0,0.0,0.0,20.0,0.3,0.1,0.2,0.1,0.4,0.1,0.1,0.1,0.5,0.0,65535.0,0.1504844739452201,0.0,65535.0,0.11052109559777218,0.0,0.0,0.0,0.0,0.0,0.0,0.0,0.0,0.0,0.0
36095.37,0.9848827381024265,0.0,17421.0,37.0,0.2360999999994768,31.5,32.5,36.97000000000003,0.0,0.0045,0.25,0.0,0.0,20.0,0.3,0.1,0.2,0.1,0.4,0.1,0.1,0.1,0.5,0.0,65535.0,0.15117112993057144,0.0,65535.0,0.1121538109407187,0.0,0.0,0.0,0.0,0.0,0.0,0.0,0.0,0.0,0.0
36155.44,0.9468747856189578,0.0,17421.0,37.0,0.3483999999994702,31.4375,32.5,36.57000000000005,0.0,0.0,0.0,0.0,0.0,20.0,0.3,0.1,0.2,0.1,0.4,0.1,0.1,0.1,0.5,0.0,65535.0,0.1475089646753643,0.0,65535.0,0.10844586861982147,0.0,0.0,0.0,0.0,0.0,0.0,0.0,0.0,0.0,0.0
36215.49,0.9605209111138526,0.0,17421.0,37.0,0.28109999999947627,31.5,32.5,36.85000000000002,0.0,0.0,0.0,0.0,0.0,20.0,0.3,0.1,0.2,0.1,0.4,0.1,0.1,0.1,0.5,0.0,65535.0,0.1475700007629511,0.0,65535.0,0.10840009155413138,0.0,0.0,0.0,0.0,0.0,0.0,0.0,0.0,0.0,0.0
36275.54,0.9503542565294313,0.0,17421.0,37.0,0.27609999999948,31.625,32.5,36.870000000000005,0.0,0.0,0.0,0.0,0.0,20.0,0.3,0.1,0.2,0.1,0.4,0.1,0.1,0.1,0.5,0.0,65535.0,0.14782940413519494,0.0,65535.0,0.10885786221103227,0.0,0.0,0.0,0.0,0.0,0.0,0.0,0.0,0.0,0.0
36335.62,0.9646726219497759,0.0,17421.0,37.0,0.27109999999946943,31.5625,32.5,36.89000000000004,0.0,0.0,0.0,0.0,0.0,20.0,0.3,0.1,0.2,0.1,0.4,0.1,0.1,0.1,0.5,0.0,65535.0,0.14773785000381476,0.0,65535.0,0.10862897688258183,0.0,0.0,0.0,0.0,0.0,0.0,0.0,0.0,0.0,0.0
36395.66,0.9523539098136705,0.0,17421.0,37.0,0.22959999999947706,31.5625,32.4375,37.05000000000001,0.0,0.0,0.0,0.0,0.0,20.0,0.3,0.1,0.2,0.1,0.4,0.1,0.1,0.1,0.5,0.0,65535.0,0.14789044022278172,0.0,65535.0,0.10847638666361487,0.0,0.0,0.0,0.0,0.0,0.0,0.0,0.0,0.0,0.0
36455.7,0.9443898414120617,0.0,17421.0,37.0,0.23129999999947123,31.5625,32.5,37.03000000000003,0.0,0.0,0.0,0.0,0.0,20.0,0.3,0.1,0.2,0.1,0.4,0.1,0.1,0.1,0.5,0.0,65535.0,0.14772259098191806,0.0,65535.0,0.10896467536430915,0.0,0.0,0.0,0.0,0.0,0.0,0.0,0.0,0.0,0.0
36515.75,0.9631996893755308,0.0,17421.0,37.0,0.25249999999946615,31.5625,32.4375,36.950000000000045,0.0,0.0,0.0,0.0,0.0,20.0,0.3,0.1,0.2,0.1,0.4,0.1,0.1,0.1,0.5,0.0,65535.0,0.14853131914244297,0.0,65535.0,0.10920881971465629,0.0,0.0,0.0,0.0,0.0,0.0,0.0,0.0,0.0,0.0
36575.79,0.9554497522630963,0.0,17421.0,37.0,0.2217999999994739,31.5625,32.5,37.05000000000001,0.0,0.0,0.0,0.0,0.0,20.0,0.3,0.1,0.2,0.1,0.4,0.1,0.1,0.1,0.5,0.0,65535.0,0.148027771419852,0.0,65535.0,0.10931563286793317,0.0,0.0,0.0,0.0,0.0,0.0,0.0,0.0,0.0,0.0
36635.87,0.9629156028847532,0.0,17421.0,37.0,0.22029999999947356,31.5625,32.5,37.05000000000001,0.0,0.0,0.0,0.0,0.0,20.0,0.3,0.1,0.2,0.1,0.4,0.1,0.1,0.1,0.5,0.0,65535.0,0.14814984359502556,0.0,65535.0,0.10949874113069352,0.0,0.0,0.0,0.0,0.0,0.0,0.0,0.0,0.0,0.0
36695.94,0.9645327647644584,0.0,17421.0,37.0,0.26829999999947507,31.5625,32.5,36.870000000000005,0.0,0.0,0.0,0.0,0.0,20.0,0.3,0.1,0.2,0.1,0.4,0.1,0.1,0.1,0.5,0.0,65535.0,0.14810406652933547,0.0,65535.0,0.10948348210879683,0.0,0.0,0.0,0.0,0.0,0.0,0.0,0.0,0.0,0.0
36755.98,0.9628660375797884,0.0,17421.0,37.0,0.26979999999947457,31.625,32.4375,36.870000000000005,0.0,0.0,0.0,0.0,0.0,20.0,0.3,0.1,0.2,0.1,0.4,0.1,0.1,0.1,0.5,0.0,65535.0,0.14856183718623636,0.0,65535.0,0.10936140993362325,0.0,0.0,0.0,0.0,0.0,0.0,0.0,0.0,0.0,0.0
36816.03,0.9591242552573956,0.0,17421.0,37.0,0.22979999999946743,31.625,32.5,37.03000000000003,0.0,0.0,0.0,0.0,0.0,20.0,0.3,0.1,0.2,0.1,0.4,0.1,0.1,0.1,0.5,0.0,65535.0,0.14947737850003814,0.0,65535.0,0.10980392156862745,0.0,0.0,0.0,0.0,0.0,0.0,0.0,0.0,0.0,0.0
36876.07,0.9655547625088909,0.0,17421.0,37.0,0.22209999999947103,31.6875,32.5,37.05000000000001,0.0,0.0,0.0,0.0,0.0,20.0,0.3,0.1,0.2,0.1,0.4,0.1,0.1,0.1,0.5,0.0,65535.0,0.14917219806210422,0.0,65535.0,0.10986495765621423,0.0,0.0,0.0,0.0,0.0,0.0,0.0,0.0,0.0,0.0
36936.13,0.955523494619278,0.0,17421.0,37.0,0.20259999999946943,31.625,32.4375,37.110000000000014,0.0,0.0,0.0,0.0,0.0,20.0,0.3,0.1,0.2,0.1,0.4,0.1,0.1,0.1,0.5,0.0,65535.0,0.14891279468986038,0.0,65535.0,0.10946822308690013,0.0,0.0,0.0,0.0,0.0,0.0,0.0,0.0,0.0,0.0
36996.2,0.9591430911314671,0.0,17421.0,37.0,0.2254999999994594,31.5625,32.4375,37.01000000000005,0.0,0.0,0.0,0.0,0.0,20.0,0.3,0.1,0.2,0.1,0.4,0.1,0.1,0.1,0.5,0.0,65535.0,0.15019455252918287,0.0,65535.0,0.11023117418173495,0.0,0.0,0.0,0.0,0.0,0.0,0.0,0.0,0.0,0.0
37056.28,0.9614473235396735,0.0,17421.0,37.0,0.20339999999946273,31.5625,32.4375,37.09000000000003,0.0,0.0,0.0,0.0,0.0,20.0,0.3,0.1,0.2,0.1,0.4,0.1,0.1,0.1,0.5,0.0,65535.0,0.14972152285038529,0.0,65535.0,0.10997177080949111,0.0,0.0,0.0,0.0,0.0,0.0,0.0,0.0,0.0,0.0
37116.35,0.9536074771015856,0.0,17421.0,37.0,0.28229999999946453,31.5625,32.5,36.79000000000002,0.0,0.0,0.0,0.0,0.0,20.0,0.3,0.1,0.2,0.1,0.4,0.1,0.1,0.1,0.5,0.0,65535.0,0.14998092622262912,0.0,65535.0,0.11021591515983825,0.0,0.0,0.0,0.0,0.0,0.0,0.0,0.0,0.0,0.0
37176.41,0.9596706108796986,0.0,17421.0,37.0,0.23879999999946233,31.5,32.4375,36.97000000000003,0.0,0.0,0.0,0.0,0.0,20.0,0.3,0.1,0.2,0.1,0.4,0.1,0.1,0.1,0.5,0.0,65535.0,0.15187304493781947,0.0,65535.0,0.11122301060502021,0.0,0.0,0.0,0.0,0.0,0.0,0.0,0.0,0.0,0.0
37236.48,0.9521677592383623,0.0,17421.0,37.0,0.22289999999946086,31.5625,32.4375,37.03000000000003,0.0,0.0,0.0,0.0,0.0,20.0,0.3,0.1,0.2,0.1,0.4,0.1,0.1,0.1,0.5,0.0,65535.0,0.14973678187228198,0.0,65535.0,0.1104600595101854,0.0,0.0,0.0,0.0,0.0,0.0,0.0,0.0,0.0,0.0
37296.56,0.9648791023991383,0.0,17421.0,37.0,0.28439999999946264,31.5625,32.4375,36.79000000000002,0.0,0.0,0.0,0.0,0.0,20.0,0.3,0.1,0.2,0.1,0.4,0.1,0.1,0.1,0.5,0.0,65535.0,0.15114061188677805,0.0,65535.0,0.11155870908674755,0.0,0.0,0.0,0.0,0.0,0.0,0.0,0.0,0.0,0.0
37356.61,0.9765956732669003,0.0,17421.0,37.0,0.24029999999946008,31.5625,32.4375,36.97000000000003,0.0,0.0,0.0,0.0,0.0,20.0,0.3,0.1,0.2,0.1,0.4,0.1,0.1,0.1,0.5,0.0,65535.0,0.15066758220798046,0.0,65535.0,0.11119249256122682,0.0,0.0,0.0,0.0,0.0,0.0,0.0,0.0,0.0,0.0
37416.65,0.9664266394457461,0.0,17421.0,37.0,0.2455999999994544,31.5625,32.4375,36.950000000000045,0.0,0.0,0.0,0.0,0.0,20.0,0.3,0.1,0.2,0.1,0.4,0.1,0.1,0.1,0.5,0.0,65535.0,0.1504844739452201,0.0,65535.0,0.11026169222552834,0.0,0.0,0.0,0.0,0.0,0.0,0.0,0.0,0.0,0.0
37476.7,0.9577974719798115,0.0,17421.0,37.0,0.20199999999946136,31.5625,32.4375,37.110000000000014,0.0,0.0,0.0,0.0,0.0,20.0,0.3,0.1,0.2,0.1,0.4,0.1,0.1,0.1,0.5,0.0,65535.0,0.15014877546349278,0.0,65535.0,0.1104142824444953,0.0,0.0,0.0,0.0,0.0,0.0,0.0,0.0,0.0,0.0
37536.74,0.9643029624873243,0.0,17421.0,37.0,0.22489999999945134,31.625,32.4375,37.01000000000005,0.0,0.0,0.0,0.0,0.0,20.0,0.3,0.1,0.2,0.1,0.4,0.1,0.1,0.1,0.5,0.0,65535.0,0.15168993667505912,0.0,65535.0,0.11209277485313192,0.0,0.0,0.0,0.0,0.0,0.0,0.0,0.0,0.0,0.0
37596.78,0.9513269131041259,0.0,17421.0,37.0,0.2242999999994502,31.5625,32.4375,37.01000000000005,0.0,0.0,0.0,0.0,0.0,20.0,0.3,0.1,0.2,0.1,0.4,0.1,0.1,0.1,0.5,0.0,65535.0,0.15127794308384832,0.0,65535.0,0.11187914854657817,0.0,0.0,0.0,0.0,0.0,0.0,0.0,0.0,0.0,0.0
37656.83,0.9613933990711049,0.0,17421.0,37.0,0.2754999999994613,31.5,32.5,36.81,0.0,0.0,0.0,0.0,0.0,20.0,0.3,0.1,0.2,0.1,0.4,0.1,0.1,0.1,0.5,0.0,65535.0,0.151293202105745,0.0,65535.0,0.11152819104295415,0.0,0.0,0.0,0.0,0.0,0.0,0.0,0.0,0.0,0.0
37716.87,0.9580479348926092,0.0,17421.0,37.0,0.22879999999944867,31.5625,32.4375,37.01000000000005,0.0,0.0,0.0,0.0,0.0,20.0,0.3,0.1,0.2,0.1,0.4,0.1,0.1,0.1,0.5,0.0,65535.0,0.15104905775539787,0.0,65535.0,0.11116197451743343,0.0,0.0,0.0,0.0,0.0,0.0,0.0,0.0,0.0,0.0
37776.92,0.9774103182960693,0.0,17421.0,37.0,0.24939999999945833,31.5,32.4375,36.93000000000001,0.0,0.0,0.0,0.0,0.0,20.0,0.3,0.1,0.2,0.1,0.4,0.1,0.1,0.1,0.5,0.0,65535.0,0.1517357137407492,0.0,65535.0,0.11227588311589227,0.0,0.0,0.0,0.0,0.0,0.0,0.0,0.0,0.0,0.0
37837.0,0.9726822838607833,0.0,17421.0,37.0,0.248799999999458,31.5625,32.4375,36.93000000000001,0.0,0.0,0.0,0.0,0.0,20.0,0.3,0.1,0.2,0.1,0.4,0.1,0.1,0.1,0.5,0.0,65535.0,0.15120164797436483,0.0,65535.0,0.1117265583276112,0.0,0.0,0.0,0.0,0.0,0.0,0.0,0.0,0.0,0.0
37897.07,0.9765238738487317,0.0,17421.0,37.0,0.2278999999994469,31.5625,32.4375,37.01000000000005,0.0,0.0,0.0,0.0,0.0,20.0,0.3,0.1,0.2,0.1,0.4,0.1,0.1,0.1,0.5,0.0,65535.0,0.15182726787212938,0.0,65535.0,0.11213855191882201,0.0,0.0,0.0,0.0,0.0,0.0,0.0,0.0,0.0,0.0
37957.13,0.9633133079870635,0.0,17421.0,37.0,0.2275999999994455,31.5625,32.4375,37.01000000000005,0.0,0.0,0.0,0.0,0.0,20.0,0.3,0.1,0.2,0.1,0.4,0.1,0.1,0.1,0.5,0.0,65535.0,0.1526665140764477,0.0,65535.0,0.11348134584573129,0.0,0.0,0.0,0.0,0.0,0.0,0.0,0.0,0.0,0.0
38017.16,0.9730067874087651,0.0,17421.0,37.0,0.17929999999944252,31.5625,32.4375,37.190000000000055,0.0,0.0,0.0,0.0,0.0,20.0,0.3,0.1,0.2,0.1,0.4,0.1,0.1,0.1,0.5,0.0,65535.0,0.1526970321202411,0.0,65535.0,0.11207751583123522,0.0,0.0,0.0,0.0,0.0,0.0,0.0,0.0,0.0,0.0
38077.24,0.9711936434116519,0.0,17421.0,37.0,0.273999999999455,31.5625,32.4375,36.81,0.0,0.0,0.0,0.0,0.0,20.0,0.3,0.1,0.2,0.1,0.4,0.1,0.1,0.1,0.5,0.0,65535.0,0.15249866483558405,0.0,65535.0,0.11195544365606165,0.0,0.0,0.0,0.0,0.0,0.0,0.0,0.0,0.0,0.0
38137.27,0.9641491297724052,0.0,17421.0,37.0,0.25489999999944396,31.5,32.4375,36.89000000000004,0.0,0.0,0.0,0.0,0.0,20.0,0.3,0.1,0.2,0.1,0.4,0.1,0.1,0.1,0.5,0.0,65535.0,0.15335317006179905,0.0,65535.0,0.11194018463416495,0.0,0.0,0.0,0.0,0.0,0.0,0.0,0.0,0.0,0.0
38197.35,0.9694876363550207,0.0,17421.0,37.0,0.19824999999945114,31.5,32.4375,36.73000000000002,0.0,0.0,0.0,0.0,0.0,20.0,0.3,0.1,0.2,0.1,0.4,0.1,0.1,0.1,0.5,0.0,65535.0,0.15292591744869155,0.0,65535.0,0.11270313572899977,0.0,0.0,0.0,0.0,0.0,0.0,0.0,0.0,0.0,0.0
38257.39,0.9677551171858062,0.0,17421.0,37.0,0.24384999999945228,31.5625,32.5,36.950000000000045,0.0,0.0,0.0,0.0,0.0,20.0,0.3,0.1,0.2,0.1,0.4,0.1,0.1,0.1,0.5,0.0,65535.0,0.1535667963683528,0.0,65535.0,0.11197070267795835,0.0,0.0,0.0,0.0,0.0,0.0,0.0,0.0,0.0,0.0
38317.47,0.9696425796690009,0.0,17421.0,37.0,0.2803499999994483,31.5625,32.4375,36.79000000000002,0.0,0.0,0.0,0.0,0.0,20.0,0.3,0.1,0.2,0.1,0.4,0.1,0.1,0.1,0.5,0.0,65535.0,0.1540245670252537,0.0,65535.0,0.11253528648813611,0.0,0.0,0.0,0.0,0.0,0.0,0.0,0.0,0.0,0.0
38377.54,0.9734696874151616,0.0,17421.0,37.0,0.2044499999994446,31.5,32.4375,37.03000000000003,0.0,0.0,0.0,0.0,0.0,20.0,0.3,0.1,0.2,0.1,0.4,0.1,0.1,0.1,0.5,0.0,65535.0,0.15335317006179905,0.0,65535.0,0.11314564736400397,0.0,0.0,0.0,0.0,0.0,0.0,0.0,0.0,0.0,0.0
38437.61,0.9674429273008904,0.0,17421.0,37.0,0.22414999999943921,31.5,32.5,37.03000000000003,0.0,0.0,0.0,0.0,0.0,20.0,0.3,0.1,0.2,0.1,0.4,0.1,0.1,0.1,0.5,0.0,65535.0,0.15423819333180744,0.0,65535.0,0.11398489356832227,0.0,0.0,0.0,0.0,0.0,0.0,0.0,0.0,0.0,0.0
38497.69,0.9654640174516159,0.0,17421.0,37.0,0.22324999999943834,31.5,32.4375,36.950000000000045,0.0,0.0,0.0,0.0,0.0,20.0,0.3,0.1,0.2,0.1,0.4,0.1,0.1,0.1,0.5,0.0,65535.0,0.15281910429541468,0.0,65535.0,0.11229114213778897,0.0,0.0,0.0,0.0,0.0,0.0,0.0,0.0,0.0,0.0
38557.77,0.9694005565319196,0.0,17421.0,37.0,0.23444999999944235,31.5,32.375,36.89000000000004,0.0,0.0,0.0,0.0,0.0,20.0,0.3,0.1,0.2,0.1,0.4,0.1,0.1,0.1,0.5,0.0,65535.0,0.15469596398870833,0.0,65535.0,0.11380178530556191,0.0,0.0,0.0,0.0,0.0,0.0,0.0,0.0,0.0,0.0
38617.84,0.9855178675533347,0.0,17421.0,37.0,0.2594499999994472,31.5625,32.4375,36.93000000000001,0.0,0.0,0.0,0.0,0.0,20.0,0.3,0.1,0.2,0.1,0.4,0.1,0.1,0.1,0.5,0.0,65535.0,0.15468070496681163,0.0,65535.0,0.11367971313038834,0.0,0.0,0.0,0.0,0.0,0.0,0.0,0.0,0.0,0.0
38677.9,0.9743965775012008,0.0,17421.0,37.0,0.20114999999943908,31.4375,32.4375,37.01000000000005,0.0,0.0,0.0,0.0,0.0,20.0,0.3,0.1,0.2,0.1,0.4,0.1,0.1,0.1,0.5,0.0,65535.0,0.15449759670405128,0.0,65535.0,0.11401541161211566,0.0,0.0,0.0,0.0,0.0,0.0,0.0,0.0,0.0,0.0
38737.98,0.9759752103940667,0.0,17421.0,37.0,0.25434999999944496,31.5,32.375,36.81,0.0,0.0,0.0,0.0,0.0,20.0,0.3,0.1,0.2,0.1,0.4,0.1,0.1,0.1,0.5,0.0,65535.0,0.15507743953612574,0.0,65535.0,0.11363393606469825,0.0,0.0,0.0,0.0,0.0,0.0,0.0,0.0,0.0,0.0
38798.05,0.9739497530015362,0.0,17421.0,37.0,0.21704999999943794,31.375,32.4375,36.79000000000002,0.0,0.0,0.0,0.0,0.0,20.0,0.3,0.1,0.2,0.1,0.4,0.1,0.1,0.1,0.5,0.0,65535.0,0.1547722590981918,0.0,65535.0,0.11422903791866941,0.0,0.0,0.0,0.0,0.0,0.0,0.0,0.0,0.0,0.0
38858.12,0.9682540620306198,0.0,17421.0,37.0,0.2806499999994395,31.5,32.4375,37.03000000000003,0.0,0.0,0.0,0.0,0.0,20.0,0.3,0.1,0.2,0.1,0.4,0.1,0.1,0.1,0.5,0.0,65535.0,0.15504692149233235,0.0,65535.0,0.11406118867780575,0.0,0.0,0.0,0.0,0.0,0.0,0.0,0.0,0.0,0.0
38918.19,0.9768475072347627,0.0,17421.0,37.0,0.19414999999943033,31.4375,32.4375,36.77000000000004,0.0,0.0,0.0,0.0,0.0,20.0,0.3,0.1,0.2,0.1,0.4,0.1,0.1,0.1,0.5,0.0,65535.0,0.1544213015945678,0.0,65535.0,0.11419851987487602,0.0,0.0,0.0,0.0,0.0,0.0,0.0,0.0,0.0,0.0
38978.26,0.9735546953549491,0.0,17421.0,37.0,0.26714999999943667,31.5,32.4375,36.85000000000002,0.0,0.0,0.0,0.0,0.0,20.0,0.3,0.1,0.2,0.1,0.4,0.1,0.1,0.1,0.5,0.0,65535.0,0.15544365606164645,0.0,65535.0,0.11393911650263218,0.0,0.0,0.0,0.0,0.0,0.0,0.0,0.0,0.0,0.0
39038.34,0.983674411166276,0.0,17421.0,37.0,0.22484999999943422,31.5625,32.4375,37.01000000000005,0.0,0.0,0.0,0.0,0.0,20.0,0.3,0.1,0.2,0.1,0.4,0.1,0.1,0.1,0.5,0.0,65535.0,0.1552452887769894,0.0,65535.0,0.11355764095521477,0.0,0.0,0.0,0.0,0.0,0.0,0.0,0.0,0.0,0.0
39098.41,0.9694840348278024,0.0,17421.0,37.0,0.1853499999994366,31.5625,32.5,36.81,0.0,0.0,0.0,0.0,0.0,20.0,0.3,0.1,0.2,0.1,0.4,0.1,0.1,0.1,0.5,0.0,65535.0,0.1557030594338903,0.0,65535.0,0.11396963454642557,0.0,0.0,0.0,0.0,0.0,0.0,0.0,0.0,0.0,0.0
39158.49,0.9738155449766341,0.0,17421.0,37.0,0.2353499999994329,31.5,32.4375,37.05000000000001,0.0,0.0,0.0,0.0,0.0,20.0,0.3,0.1,0.2,0.1,0.4,0.1,0.1,0.1,0.5,0.0,65535.0,0.15629816128786145,0.0,65535.0,0.11451895933470664,0.0,0.0,0.0,0.0,0.0,0.0,0.0,0.0,0.0,0.0
39218.55,0.9757692459123652,0.0,17421.0,37.0,0.15994999999942444,31.5625,32.4375,36.79000000000002,0.0,0.0,0.0,0.0,0.0,20.0,0.3,0.1,0.2,0.1,0.4,0.1,0.1,0.1,0.5,0.0,65535.0,0.1556878004119936,0.0,65535.0,0.11404592965590905,0.0,0.0,0.0,0.0,0.0,0.0,0.0,0.0,0.0,0.0
39278.63,0.9654905502345259,0.0,17421.0,37.0,0.25324999999942654,31.5,32.4375,36.870000000000005,0.0,0.0,0.0,0.0,0.0,20.0,0.3,0.1,0.2,0.1,0.4,0.1,0.1,0.1,0.5,0.0,65535.0,0.1556267643244068,0.0,65535.0,0.11378652628366522,0.0,0.0,0.0,0.0,0.0,0.0,0.0,0.0,0.0,0.0
39338.7,0.9854800788589512,0.0,17421.0,37.0,0.23474999999943,31.5,32.4375,36.81,0.0,0.0,0.0,0.0,0.0,20.0,0.3,0.1,0.2,0.1,0.4,0.1,0.1,0.1,0.5,0.0,65535.0,0.15678644998855573,0.0,65535.0,0.11540398260471504,0.0,0.0,0.0,0.0,0.0,0.0,0.0,0.0,0.0,0.0
39398.77,0.9825967026648893,0.0,17421.0,37.0,0.17794999999942224,31.5,32.4375,36.85000000000002,0.0,0.0,0.0,0.0,0.0,20.0,0.3,0.1,0.2,0.1,0.4,0.1,0.1,0.1,0.5,0.0,65535.0,0.1568780041199359,0.0,65535.0,0.11473258564126039,0.0,0.0,0.0,0.0,0.0,0.0,0.0,0.0,0.0,0.0
39458.85,0.9553052377174864,0.0,17421.0,37.0,0.21294999999943218,31.5,32.4375,37.03000000000003,0.0,0.0,0.0,0.0,0.0,20.0,0.3,0.1,0.2,0.1,0.4,0.1,0.1,0.1,0.5,0.0,65535.0,0.1572899977111467,0.0,65535.0,0.11593804837109942,0.0,0.0,0.0,0.0,0.0,0.0,0.0,0.0,0.0,0.0
39518.92,0.9750385396392983,0.0,17421.0,37.0,0.23914999999942255,31.5,32.4375,36.93000000000001,0.0,0.0,0.0,0.0,0.0,20.0,0.3,0.1,0.2,0.1,0.4,0.1,0.1,0.1,0.5,0.0,65535.0,0.15634393835355154,0.0,65535.0,0.11520561532005798,0.0,0.0,0.0,0.0,0.0,0.0,0.0,0.0,0.0,0.0
39579.0,0.9766408221393879,0.0,17421.0,37.0,0.26274999999943205,31.5,32.4375,37.01000000000005,0.0,0.0,0.0,0.0,0.0,20.0,0.3,0.1,0.2,0.1,0.4,0.1,0.1,0.1,0.5,0.0,65535.0,0.15794613565270466,0.0,65535.0,0.11543450064850844,0.0,0.0,0.0,0.0,0.0,0.0,0.0,0.0,0.0,0.0
39639.04,0.9798593137428873,0.0,17421.0,37.0,0.18324999999942818,31.5,32.4375,36.93000000000001,0.0,0.0,0.0,0.0,0.0,20.0,0.3,0.1,0.2,0.1,0.4,0.1,0.1,0.1,0.5,0.0,65535.0,0.15724422064545662,0.0,65535.0,0.11485465781643396,0.0,0.0,0.0,0.0,0.0,0.0,0.0,0.0,0.0,0.0
39699.1,0.9645844107781547,0.0,17421.0,37.0,0.22264999999941906,31.5,32.4375,36.950000000000045,0.0,0.0,0.0,0.0,0.0,20.0,0.3,0.1,0.2,0.1,0.4,0.1,0.1,0.1,0.5,0.0,65535.0,0.15701533531700618,0.0,65535.0,0.11580071717402915,0.0,0.0,0.0,0.0,0.0,0.0,0.0,0.0,0.0,0.0
39759.16,0.9769550739649068,0.0,17421.0,37.0,0.21384999999942791,31.5,32.4375,36.77000000000004,0.0,0.0,0.0,0.0,0.0,20.0,0.3,0.1,0.2,0.1,0.4,0.1,0.1,0.1,0.5,0.0,65535.0,0.1577172503242542,0.0,65535.0,0.11660944533455406,0.0,0.0,0.0,0.0,0.0,0.0,0.0,0.0,0.0,0.0
39819.2,0.9714700173620858,0.0,17421.0,37.0,0.24324999999942873,31.4375,32.4375,36.77000000000004,0.0,0.0,0.0,0.0,0.0,20.0,0.3,0.1,0.2,0.1,0.4,0.1,0.1,0.1,0.5,0.0,65535.0,0.15786984054322117,0.0,65535.0,0.11526665140764478,0.0,0.0,0.0,0.0,0.0,0.0,0.0,0.0,0.0,0.0
39879.28,0.9841358252011071,0.0,17421.0,37.0,0.28954999999942016,31.5,32.4375,36.93000000000001,0.0,0.0,0.0,0.0,0.0,20.0,0.3,0.1,0.2,0.1,0.4,0.1,0.1,0.1,0.5,0.0,65535.0,0.1573815518425269,0.0,65535.0,0.11532768749523156,0.0,0.0,0.0,0.0,0.0,0.0,0.0,0.0,0.0,0.0
39939.33,0.9760193146748135,0.0,17421.0,37.0,0.24514999999941706,31.5625,32.4375,36.89000000000004,0.0,0.0,0.0,0.0,0.0,20.0,0.3,0.1,0.2,0.1,0.4,0.1,0.1,0.1,0.5,0.0,65535.0,0.15800717174029144,0.0,65535.0,0.116411078049897,0.0,0.0,0.0,0.0,0.0,0.0,0.0,0.0,0.0,0.0
39999.4,0.9714471822001681,0.0,17421.0,37.0,0.18504999999942395,31.5625,32.5,36.79000000000002,0.0,0.0,0.0,0.0,0.0,20.0,0.3,0.1,0.2,0.1,0.4,0.1,0.1,0.1,0.5,0.0,65535.0,0.15790035858701457,0.0,65535.0,0.11595330739299611,0.0,0.0,0.0,0.0,0.0,0.0,0.0,0.0,0.0,0.0
40059.44,0.9670237612452103,0.0,17421.0,37.0,0.24414999999942533,31.4375,32.4375,36.73000000000002,0.0,0.0,0.0,0.0,0.0,20.0,0.3,0.1,0.2,0.1,0.4,0.1,0.1,0.1,0.5,0.0,65535.0,0.158129243915465,0.0,65535.0,0.11534294651712826,0.0,0.0,0.0,0.0,0.0,0.0,0.0,0.0,0.0,0.0
40119.48,0.9652880278593345,0.0,17421.0,37.0,0.2827499999994212,31.4375,32.4375,36.79000000000002,0.0,0.0,0.0,0.0,0.0,20.0,0.3,0.1,0.2,0.1,0.4,0.1,0.1,0.1,0.5,0.0,65535.0,0.1593957427328908,0.0,65535.0,0.11663996337834745,0.0,0.0,0.0,0.0,0.0,0.0,0.0,0.0,0.0,0.0
40179.53,0.9830588401066789,0.0,17421.0,37.0,0.20924999999941782,31.5,32.4375,36.97000000000003,0.0,0.0,0.0,0.0,0.0,20.0,0.3,0.1,0.2,0.1,0.4,0.1,0.1,0.1,0.5,0.0,65535.0,0.15892271305409322,0.0,65535.0,0.11656366826886397,0.0,0.0,0.0,0.0,0.0,0.0,0.0,0.0,0.0,0.0
40239.57,0.9876647365147508,0.0,17421.0,37.0,0.20714999999941716,31.5,32.4375,37.01000000000005,0.0,0.0,0.0,0.0,0.0,20.0,0.3,0.1,0.2,0.1,0.4,0.1,0.1,0.1,0.5,0.0,65535.0,0.1589990081635767,0.0,65535.0,0.11807431143663691,0.0,0.0,0.0,0.0,0.0,0.0,0.0,0.0,0.0,0.0
40299.62,0.9764773933194679,0.0,17421.0,37.0,0.23884999999941248,31.5625,32.4375,36.85000000000002,0.0,0.0,0.0,0.0,0.0,20.0,0.3,0.1,0.2,0.1,0.4,0.1,0.1,0.1,0.5,0.0,65535.0,0.15957885099565117,0.0,65535.0,0.11740291447318227,0.0,0.0,0.0,0.0,0.0,0.0,0.0,0.0,0.0,0.0
40359.66,0.9944537413509184,0.0,17421.0,37.0,0.18204999999941893,31.5625,32.4375,37.170000000000016,0.0,0.0,0.0,0.0,0.0,20.0,0.3,0.1,0.2,0.1,0.4,0.1,0.1,0.1,0.5,0.0,65535.0,0.1594415197985809,0.0,65535.0,0.11714351110093843,0.0,0.0,0.0,0.0,0.0,0.0,0.0,0.0,0.0,0.0
40419.74,0.9879251953462973,0.0,17421.0,37.0,0.22054999999940977,31.5,32.5,36.710000000000036,0.0,0.0,0.0,0.0,0.0,20.0,0.3,0.1,0.2,0.1,0.4,0.1,0.1,0.1,0.5,0.0,65535.0,0.16026550698100253,0.0,65535.0,0.11804379339284352,0.0,0.0,0.0,0.0,0.0,0.0,0.0,0.0,0.0,0.0
40479.8,0.9814423597408409,0.0,17421.0,37.0,0.2738499999994207,31.4375,32.375,36.85000000000002,0.0,0.0,0.0,0.0,0.0,20.0,0.3,0.1,0.2,0.1,0.4,0.1,0.1,0.1,0.5,0.0,65535.0,0.15962462806134126,0.0,65535.0,0.11749446860456245,0.0,0.0,0.0,0.0,0.0,0.0,0.0,0.0,0.0,0.0
40539.86,0.9861368751414565,0.0,17421.0,37.0,0.26364999999942,31.4375,32.4375,36.950000000000045,0.0,0.0,0.0,0.0,0.0,20.0,0.3,0.1,0.2,0.1,0.4,0.1,0.1,0.1,0.5,0.0,65535.0,0.15956359197375447,0.0,65535.0,0.1172503242542153,0.0,0.0,0.0,0.0,0.0,0.0,0.0,0.0,0.0,0.0
40599.94,0.9807652462005373,0.0,17421.0,37.0,0.21654999999941765,31.5,32.4375,37.210000000000036,0.0,0.0,0.0,0.0,0.0,20.0,0.3,0.1,0.2,0.1,0.4,0.1,0.1,0.1,0.5,0.0,65535.0,0.16021972991531244,0.0,65535.0,0.1172808422980087,0.0,0.0,0.0,0.0,0.0,0.0,0.0,0.0,0.0,0.0
40659.99,0.975507587192498,0.0,17421.0,37.0,0.21324999999941724,31.4375,32.4375,36.79000000000002,0.0,0.0,0.0,0.0,0.0,20.0,0.3,0.1,0.2,0.1,0.4,0.1,0.1,0.1,0.5,0.0,65535.0,0.16006713969634545,0.0,65535.0,0.11717402914473182,0.0,0.0,0.0,0.0,0.0,0.0,0.0,0.0,0.0,0.0
40720.07,0.987505138606461,0.0,17421.0,37.0,0.2412499999994077,31.5,32.4375,36.950000000000045,0.0,0.0,0.0,0.0,0.0,20.0,0.3,0.1,0.2,0.1,0.4,0.1,0.1,0.1,0.5,0.0,65535.0,0.16058594644083315,0.0,65535.0,0.11709773403524834,0.0,0.0,0.0,0.0,0.0,0.0,0.0,0.0,0.0,0.0
40780.14,0.9805244589210858,0.0,17421.0,37.0,0.26394999999941715,31.5,32.4375,36.93000000000001,0.0,0.0,0.0,0.0,0.0,20.0,0.3,0.1,0.2,0.1,0.4,0.1,0.1,0.1,0.5,0.0,65535.0,0.16073853665980012,0.0,65535.0,0.11783016708628977,0.0,0.0,0.0,0.0,0.0,0.0,0.0,0.0,0.0,0.0
40840.22,0.9825185718308979,0.0,17421.0,37.0,0.24274999999940544,31.5,32.4375,36.870000000000005,0.0,0.0,0.0,0.0,0.0,20.0,0.3,0.1,0.2,0.1,0.4,0.1,0.1,0.1,0.5,0.0,65535.0,0.16049439230945298,0.0,65535.0,0.11834897383077744,0.0,0.0,0.0,0.0,0.0,0.0,0.0,0.0,0.0,0.0
40900.28,0.999337678518035,0.0,17421.0,37.0,0.2059499999994079,31.5,32.4375,36.89000000000004,0.0,0.0,0.0,0.0,0.0,20.0,0.3,0.1,0.2,0.1,0.4,0.1,0.1,0.1,0.5,0.0,65535.0,0.1612420843823911,0.0,65535.0,0.1181048294804303,0.0,0.0,0.0,0.0,0.0,0.0,0.0,0.0,0.0,0.0
40960.34,0.995242554080302,0.0,17421.0,37.0,0.24244999999940312,31.5,32.4375,36.950000000000045,0.0,0.0,0.0,0.0,0.0,20.0,0.3,0.1,0.2,0.1,0.4,0.1,0.1,0.1,0.5,0.0,65535.0,0.16112001220721753,0.0,65535.0,0.1181048294804303,0.0,0.0,0.0,0.0,0.0,0.0,0.0,0.0,0.0,0.0
41020.39,0.9857125911931934,0.0,17421.0,37.0,0.2583499999994029,31.5,32.4375,37.03000000000003,0.0,0.0,0.0,0.0,0.0,20.0,0.3,0.1,0.2,0.1,0.4,0.1,0.1,0.1,0.5,0.0,65535.0,0.1611810482948043,0.0,65535.0,0.11805905241474021,0.0,0.0,0.0,0.0,0.0,0.0,0.0,0.0,0.0,0.0
41080.45,0.9839049842710712,0.0,17421.0,37.0,0.22094999999940504,31.5,32.4375,36.97000000000003,0.0,0.0,0.0,0.0,0.0,20.0,0.3,0.1,0.2,0.1,0.4,0.1,0.1,0.1,0.5,0.0,65535.0,0.16179140917067217,0.0,65535.0,0.11932555123216602,0.0,0.0,0.0,0.0,0.0,0.0,0.0,0.0,0.0,0.0
41140.5,0.9870800497798387,0.0,17421.0,37.0,0.23564999999940503,31.5625,32.5,36.89000000000004,0.0,0.0,0.0,0.0,0.0,20.0,0.3,0.1,0.2,0.1,0.4,0.1,0.1,0.1,0.5,0.0,65535.0,0.1612573434042878,0.0,65535.0,0.11885252155336842,0.0,0.0,0.0,0.0,0.0,0.0,0.0,0.0,0.0,0.0
41200.54,0.9879936331396986,0.0,17421.0,37.0,0.28954999999940123,31.5,32.4375,36.79000000000002,0.0,0.0,0.0,0.0,0.0,20.0,0.3,0.1,0.2,0.1,0.4,0.1,0.1,0.1,0.5,0.0,65535.0,0.1620355535210193,0.0,65535.0,0.12018005645838102,0.0,0.0,0.0,0.0,0.0,0.0,0.0,0.0,0.0,0.0
41260.58,0.9758437435173084,0.0,17421.0,37.0,0.20444999999940155,31.5,32.4375,36.89000000000004,0.0,0.0,0.0,0.0,0.0,20.0,0.3,0.1,0.2,0.1,0.4,0.1,0.1,0.1,0.5,0.0,65535.0,0.16186770428015565,0.0,65535.0,0.11842526894026092,0.0,0.0,0.0,0.0,0.0,0.0,0.0,0.0,0.0,0.0
41320.66,0.9953644630449552,0.0,17421.0,37.0,0.24094999999939676,31.5,32.4375,36.950000000000045,0.0,0.0,0.0,0.0,0.0,20.0,0.3,0.1,0.2,0.1,0.4,0.1,0.1,0.1,0.5,0.0,65535.0,0.16232547493705654,0.0,65535.0,0.11862363622491798,0.0,0.0,0.0,0.0,0.0,0.0,0.0,0.0,0.0,0.0
41380.74,0.9851689594363545,0.0,17421.0,37.0,0.18034999999939333,31.5625,32.4375,36.93000000000001,0.0,0.0,0.0,0.0,0.0,20.0,0.3,0.1,0.2,0.1,0.4,0.1,0.1,0.1,0.5,0.0,65535.0,0.16226443884946976,0.0,65535.0,0.11848630502784771,0.0,0.0,0.0,0.0,0.0,0.0,0.0,0.0,0.0,0.0
41440.82,0.9841479799557797,0.0,17421.0,37.0,0.21504999999940355,31.4375,32.375,36.79000000000002,0.0,0.0,0.0,0.0,0.0,20.0,0.3,0.1,0.2,0.1,0.4,0.1,0.1,0.1,0.5,0.0,65535.0,0.1637445639734493,0.0,65535.0,0.12019531548027772,0.0,0.0,0.0,0.0,0.0,0.0,0.0,0.0,0.0,0.0
41500.87,0.9870911552175323,0.0,17421.0,37.0,0.21714999999940335,31.5,32.4375,36.77000000000004,0.0,0.0,0.0,0.0,0.0,20.0,0.3,0.1,0.2,0.1,0.4,0.1,0.1,0.1,0.5,0.0,65535.0,0.1624933241779202,0.0,65535.0,0.11889829861905851,0.0,0.0,0.0,0.0,0.0,0.0,0.0,0.0,0.0,0.0
41560.91,0.9970534471003438,0.0,17421.0,37.0,0.2689499999993997,31.4375,32.4375,36.93000000000001,0.0,0.0,0.0,0.0,0.0,20.0,0.3,0.1,0.2,0.1,0.4,0.1,0.1,0.1,0.5,0.0,65535.0,0.16243228809033342,0.0,65535.0,0.11935606927595942,0.0,0.0,0.0,0.0,0.0,0.0,0.0,0.0,0.0,0.0
41620.95,0.9808173502308071,0.0,17421.0,37.0,0.18354999999940036,31.5,32.375,36.89000000000004,0.0,0.0,0.0,0.0,0.0,20.0,0.3,0.1,0.2,0.1,0.4,0.1,0.1,0.1,0.5,0.0,65535.0,0.16284428168154422,0.0,65535.0,0.11886778057526512,0.0,0.0,0.0,0.0,0.0,0.0,0.0,0.0,0.0,0.0
41681.02,0.986192257446605,0.0,17421.0,37.0,0.2738499999994035,31.5,32.4375,36.77000000000004,0.0,0.0,0.0,0.0,0.0,20.0,0.3,0.1,0.2,0.1,0.4,0.1,0.1,0.1,0.5,0.0,65535.0,0.1633783474479286,0.0,65535.0,0.1194476234073396,0.0,0.0,0.0,0.0,0.0,0.0,0.0,0.0,0.0,0.0
41741.06,0.9973886450203512,0.0,17421.0,37.0,0.28474999999939354,31.4375,32.4375,36.950000000000045,0.0,0.0,0.0,0.0,0.0,20.0,0.3,0.1,0.2,0.1,0.4,0.1,0.1,0.1,0.5,0.0,65535.0,0.16360723277637904,0.0,65535.0,0.12034790569924468,0.0,0.0,0.0,0.0,0.0,0.0,0.0,0.0,0.0,0.0
41801.1,0.9831398361892623,0.0,17421.0,37.0,0.24534999999940096,31.4375,32.4375,36.79000000000002,0.0,0.0,0.0,0.0,0.0,20.0,0.3,0.1,0.2,0.1,0.4,0.1,0.1,0.1,0.5,0.0,65535.0,0.1629510948348211,0.0,65535.0,0.11967650873579004,0.0,0.0,0.0,0.0,0.0,0.0,0.0,0.0,0.0,0.0
41861.15,0.9940713958244304,0.0,17421.0,37.0,0.19944999999939836,31.5,32.4375,36.870000000000005,0.0,0.0,0.0,0.0,0.0,20.0,0.3,0.1,0.2,0.1,0.4,0.1,0.1,0.1,0.5,0.0,65535.0,0.16343938353551538,0.0,65535.0,0.11970702677958343,0.0,0.0,0.0,0.0,0.0,0.0,0.0,0.0,0.0,0.0
41921.19,1.0060690505666716,0.0,17421.0,37.0,0.2371499999993942,31.5,32.5,36.950000000000045,0.0,0.0,0.0,0.0,0.0,20.0,0.3,0.1,0.2,0.1,0.4,0.1,0.1,0.1,0.5,0.0,65535.0,0.16411078049897002,0.0,65535.0,0.12005798428320745,0.0,0.0,0.0,0.0,0.0,0.0,0.0,0.0,0.0,0.0
41981.24,0.9839205347915162,0.0,17421.0,37.0,0.24684999999939872,31.5,32.375,36.79000000000002,0.0,0.0,0.0,0.0,0.0,20.0,0.3,0.1,0.2,0.1,0.4,0.1,0.1,0.1,0.5,0.0,65535.0,0.16395819028000305,0.0,65535.0,0.12010376134889754,0.0,0.0,0.0,0.0,0.0,0.0,0.0,0.0,0.0,0.0
42041.32,0.9988393286839474,0.0,17421.0,37.0,0.17974999999938526,31.5,32.4375,37.03000000000003,0.0,0.0,0.0,0.0,0.0,20.0,0.3,0.1,0.2,0.1,0.4,0.1,0.1,0.1,0.5,0.0,65535.0,0.16408026245517662,0.0,65535.0,0.11961547264820326,0.0,0.0,0.0,0.0,0.0,0.0,0.0,0.0,0.0,0.0
42101.38,0.986545188069413,0.0,17421.0,37.0,0.22204999999938602,31.5,32.4375,36.870000000000005,0.0,0.0,0.0,0.0,0.0,20.0,0.3,0.1,0.2,0.1,0.4,0.1,0.1,0.1,0.5,0.0,65535.0,0.16481269550621805,0.0,65535.0,0.12050049591821164,0.0,0.0,0.0,0.0,0.0,0.0,0.0,0.0,0.0,0.0
42161.45,1.0016095468816695,0.0,17421.0,37.0,0.25884999999939606,31.4375,32.5,36.89000000000004,0.0,0.0,0.0,0.0,0.0,20.0,0.3,0.1,0.2,0.1,0.4,0.1,0.1,0.1,0.5,0.0,65535.0,0.1645685511558709,0.0,65535.0,0.12118715190356298,0.0,0.0,0.0,0.0,0.0,0.0,0.0,0.0,0.0,0.0
42221.52,0.9905700895216029,0.0,17421.0,37.0,0.26684999999939046,31.5625,32.5,36.870000000000005,0.0,0.0,0.0,0.0,0.0,20.0,0.3,0.1,0.2,0.1,0.4,0.1,0.1,0.1,0.5,0.0,65535.0,0.16530098420691233,0.0,65535.0,0.1211108567940795,0.0,0.0,0.0,0.0,0.0,0.0,0.0,0.0,0.0,0.0
42281.59,0.9870110480261536,0.0,17421.0,37.0,0.20064999999939212,31.4375,32.375,36.950000000000045,0.0,0.0,0.0,0.0,0.0,20.0,0.3,0.1,0.2,0.1,0.4,0.1,0.1,0.1,0.5,0.0,65535.0,0.16549935149156939,0.0,65535.0,0.12098878461890593,0.0,0.0,0.0,0.0,0.0,0.0,0.0,0.0,0.0,0.0
42341.66,0.9912673029197978,0.0,17421.0,37.0,0.23534999999938813,31.4375,32.4375,36.93000000000001,0.0,0.0,0.0,0.0,0.0,20.0,0.3,0.1,0.2,0.1,0.4,0.1,0.1,0.1,0.5,0.0,65535.0,0.16533150225070573,0.0,65535.0,0.1211261158159762,0.0,0.0,0.0,0.0,0.0,0.0,0.0,0.0,0.0,0.0
42401.75,0.9864679408632232,0.0,17421.0,37.0,0.1917499999993809,31.4375,32.4375,36.710000000000036,0.0,0.0,0.0,0.0,0.0,20.0,0.3,0.1,0.2,0.1,0.4,0.1,0.1,0.1,0.5,0.0,65535.0,0.16530098420691233,0.0,65535.0,0.12060730907148852,0.0,0.0,0.0,0.0,0.0,0.0,0.0,0.0,0.0,0.0
42461.82,0.9773067005717082,0.0,17421.0,37.0,0.25734999999939223,31.5,32.375,36.81,0.0,0.0,0.0,0.0,0.0,20.0,0.3,0.1,0.2,0.1,0.4,0.1,0.1,0.1,0.5,0.0,65535.0,0.165468833447776,0.0,65535.0,0.12088197146562905,0.0,0.0,0.0,0.0,0.0,0.0,0.0,0.0,0.0,0.0
42521.87,0.9816479262391855,0.0,17421.0,37.0,0.20324999999938462,31.4375,32.4375,36.81,0.0,0.0,0.0,0.0,0.0,20.0,0.3,0.1,0.2,0.1,0.4,0.1,0.1,0.1,0.5,0.0,65535.0,0.16592660410467688,0.0,65535.0,0.12124818799114977,0.0,0.0,0.0,0.0,0.0,0.0,0.0,0.0,0.0,0.0
42581.92,1.0010372756568247,0.0,17421.0,37.0,0.25444999999938067,31.5,32.4375,36.77000000000004,0.0,0.0,0.0,0.0,0.0,20.0,0.3,0.1,0.2,0.1,0.4,0.1,0.1,0.1,0.5,0.0,65535.0,0.1662623025864042,0.0,65535.0,0.1219653620202945,0.0,0.0,0.0,0.0,0.0,0.0,0.0,0.0,0.0,0.0
42642.0,0.9944456433756133,0.0,17421.0,37.0,0.2274499999993785,31.5,32.4375,36.81,0.0,0.0,0.0,0.0,0.0,20.0,0.3,0.1,0.2,0.1,0.4,0.1,0.1,0.1,0.5,0.0,65535.0,0.16571297779812313,0.0,65535.0,0.12224002441443503,0.0,0.0,0.0,0.0,0.0,0.0,0.0,0.0,0.0,0.0
42702.05,0.9822420258820035,0.0,17421.0,37.0,0.28074999999938943,31.5625,32.4375,36.81,0.0,0.0,0.0,0.0,0.0,20.0,0.3,0.1,0.2,0.1,0.4,0.1,0.1,0.1,0.5,0.0,65535.0,0.16603341725795376,0.0,65535.0,0.12169069962615396,0.0,0.0,0.0,0.0,0.0,0.0,0.0,0.0,0.0,0.0
42762.09,0.9971680275854442,0.0,17421.0,37.0,0.18774999999938533,31.5625,32.4375,36.85000000000002,0.0,0.0,0.0,0.0,0.0,20.0,0.3,0.1,0.2,0.1,0.4,0.1,0.1,0.1,0.5,0.0,65535.0,0.16659800106813152,0.0,65535.0,0.12179751277943084,0.0,0.0,0.0,0.0,0.0,0.0,0.0,0.0,0.0,0.0
42822.16,1.0024168250392267,0.0,17421.0,37.0,0.18804999999938504,31.5,32.4375,36.97000000000003,0.0,0.0,0.0,0.0,0.0,20.0,0.3,0.1,0.2,0.1,0.4,0.1,0.1,0.1,0.5,0.0,65535.0,0.16719310292210268,0.0,65535.0,0.12187380788891432,0.0,0.0,0.0,0.0,0.0,0.0,0.0,0.0,0.0,0.0
42882.2,0.9960953209652016,0.0,17421.0,37.0,0.23804999999938134,31.5,32.4375,36.870000000000005,0.0,0.0,0.0,0.0,0.0,20.0,0.3,0.1,0.2,0.1,0.4,0.1,0.1,0.1,0.5,0.0,65535.0,0.1666590371557183,0.0,65535.0,0.12088197146562905,0.0,0.0,0.0,0.0,0.0,0.0,0.0,0.0,0.0,0.0
42942.24,0.995266413562832,0.0,17421.0,37.0,0.22864999999937483,31.5,32.4375,36.870000000000005,0.0,0.0,0.0,0.0,0.0,20.0,0.3,0.1,0.2,0.1,0.4,0.1,0.1,0.1,0.5,0.0,65535.0,0.16681162737468527,0.0,65535.0,0.12135500114442664,0.0,0.0,0.0,0.0,0.0,0.0,0.0,0.0,0.0,0.0
43002.28,0.9847386454000825,0.0,17421.0,37.0,0.19834999999937225,31.5,32.4375,36.93000000000001,0.0,0.0,0.0,0.0,0.0,20.0,0.3,0.1,0.2,0.1,0.4,0.1,0.1,0.1,0.5,0.0,65535.0,0.1671320668345159,0.0,65535.0,0.12259098191805905,0.0,0.0,0.0,0.0,0.0,0.0,0.0,0.0,0.0,0.0
43062.33,0.9988573192350026,0.0,17421.0,37.0,0.22574999999937745,31.5625,32.4375,37.01000000000005,0.0,0.0,0.0,0.0,0.0,20.0,0.3,0.1,0.2,0.1,0.4,0.1,0.1,0.1,0.5,0.0,65535.0,0.16725413900968947,0.0,65535.0,0.1223620965896086,0.0,0.0,0.0,0.0,0.0,0.0,0.0,0.0,0.0,0.0
43122.39,0.9923949843586978,0.0,17421.0,37.0,0.24484999999937257,31.5,32.375,36.79000000000002,0.0,0.0,0.0,0.0,0.0,20.0,0.3,0.1,0.2,0.1,0.4,0.1,0.1,0.1,0.5,0.0,65535.0,0.1674982833600366,0.0,65535.0,0.1223773556115053,0.0,0.0,0.0,0.0,0.0,0.0,0.0,0.0,0.0,0.0
43182.44,0.9974014938388124,0.0,17421.0,37.0,0.24394999999937167,31.5,32.375,36.97000000000003,0.0,0.0,0.0,0.0,0.0,20.0,0.3,0.1,0.2,0.1,0.4,0.1,0.1,0.1,0.5,0.0,65535.0,0.16731517509727625,0.0,65535.0,0.1219653620202945,0.0,0.0,0.0,0.0,0.0,0.0,0.0,0.0,0.0,0.0
43242.5,1.0071425154207094,0.0,17421.0,37.0,0.1606499999993721,31.5625,32.4375,36.97000000000003,0.0,0.0,0.0,0.0,0.0,20.0,0.3,0.1,0.2,0.1,0.4,0.1,0.1,0.1,0.5,0.0,65535.0,0.16827649347676815,0.0,65535.0,0.12335393301289388,0.0,0.0,0.0,0.0,0.0,0.0,0.0,0.0,0.0,0.0
43302.56,0.9939072638027976,0.0,17421.0,37.0,0.22534999999936842,31.5,32.375,37.09000000000003,0.0,0.0045,0.25,0.0,0.0,20.0,0.3,0.1,0.2,0.1,0.4,0.1,0.1,0.1,0.5,0.0,65535.0,0.16736095216296634,0.0,65535.0,0.12211795223926146,0.0,0.0,0.0,0.0,0.0,0.0,0.0,0.0,0.0,0.0
43362.61,0.9704598895592897,0.0,17421.0,37.0,0.3831999999993681,31.5,32.375,36.450000000000045,0.0,0.0,0.0,0.0,0.0,20.0,0.3,0.1,0.2,0.1,0.4,0.1,0.1,0.1,0.5,0.0,65535.0,0.16406500343327993,0.0,65535.0,0.12080567635614557,0.0,0.0,0.0,0.0,0.0,0.0,0.0,0.0,0.0,0.0
43422.67,0.9645668230952856,0.0,17421.0,37.0,0.2536499999993722,31.5,32.4375,36.79000000000002,0.0,0.0,0.0,0.0,0.0,20.0,0.3,0.1,0.2,0.1,0.4,0.1,0.1,0.1,0.5,0.0,65535.0,0.16522468909742885,0.0,65535.0,0.11918822003509576,0.0,0.0,0.0,0.0,0.0,0.0,0.0,0.0,0.0,0.0
43482.74,0.9699506494970985,0.0,17421.0,37.0,0.23394999999937593,31.5625,32.375,36.97000000000003,0.0,0.0,0.0,0.0,0.0,20.0,0.3,0.1,0.2,0.1,0.4,0.1,0.1,0.1,0.5,0.0,65535.0,0.16430914778362707,0.0,65535.0,0.12054627298390173,0.0,0.0,0.0,0.0,0.0,0.0,0.0,0.0,0.0,0.0
43542.79,0.980698791355738,0.0,17421.0,37.0,0.17974999999936325,31.5625,32.375,37.170000000000016,0.0,0.0,0.0,0.0,0.0,20.0,0.3,0.1,0.2,0.1,0.4,0.1,0.1,0.1,0.5,0.0,65535.0,0.16385137712672618,0.0,65535.0,0.12030212863355459,0.0,0.0,0.0,0.0,0.0,0.0,0.0,0.0,0.0,0.0
43602.86,0.9694265919637031,0.0,17421.0,37.0,0.22764999999937396,31.5625,32.4375,37.05000000000001,0.0,0.0,0.0,0.0,0.0,20.0,0.3,0.1,0.2,0.1,0.4,0.1,0.1,0.1,0.5,0.0,65535.0,0.1642328526741436,0.0,65535.0,0.11996643015182727,0.0,0.0,0.0,0.0,0.0,0.0,0.0,0.0,0.0,0.0
43662.91,0.9540682720117298,0.0,17421.0,37.0,0.24764999999936912,31.5625,32.4375,36.81,0.0,0.0,0.0,0.0,0.0,20.0,0.3,0.1,0.2,0.1,0.4,0.1,0.1,0.1,0.5,0.0,65535.0,0.16531624322880903,0.0,65535.0,0.12075989929045548,0.0,0.0,0.0,0.0,0.0,0.0,0.0,0.0,0.0,0.0
43722.96,0.9618475019846069,0.0,17421.0,37.0,0.24884999999936802,31.5625,32.375,37.09000000000003,0.0,0.0,0.0,0.0,0.0,20.0,0.3,0.1,0.2,0.1,0.4,0.1,0.1,0.1,0.5,0.0,65535.0,0.16490424963759823,0.0,65535.0,0.12045471885252156,0.0,0.0,0.0,0.0,0.0,0.0,0.0,0.0,0.0,0.0
43783.05,0.9823550879337466,0.0,17421.0,37.0,0.2385499999993615,31.625,32.4375,36.97000000000003,0.0,0.0,0.0,0.0,0.0,20.0,0.3,0.1,0.2,0.1,0.4,0.1,0.1,0.1,0.5,0.0,65535.0,0.16508735790035858,0.0,65535.0,0.12040894178683147,0.0,0.0,0.0,0.0,0.0,0.0,0.0,0.0,0.0,0.0
43843.09,0.9887613379654474,0.0,17421.0,37.0,0.22404999999936956,31.625,32.4375,36.89000000000004,0.0,0.0,0.0,0.0,0.0,20.0,0.3,0.1,0.2,0.1,0.4,0.1,0.1,0.1,0.5,0.0,65535.0,0.16511787594415198,0.0,65535.0,0.12138551918822003,0.0,0.0,0.0,0.0,0.0,0.0,0.0,0.0,0.0,0.0
43903.13,0.9750440242410426,0.0,17421.0,37.0,0.22014999999936885,31.5625,32.4375,36.93000000000001,0.0,0.0,0.0,0.0,0.0,20.0,0.3,0.1,0.2,0.1,0.4,0.1,0.1,0.1,0.5,0.0,65535.0,0.16603341725795376,0.0,65535.0,0.12075989929045548,0.0,0.0,0.0,0.0,0.0,0.0,0.0,0.0,0.0,0.0
43963.21,0.9789573199642831,0.0,17421.0,37.0,0.24514999999935946,31.5625,32.375,36.93000000000001,0.0,0.0,0.0,0.0,0.0,20.0,0.3,0.1,0.2,0.1,0.4,0.1,0.1,0.1,0.5,0.0,65535.0,0.16656748302433813,0.0,65535.0,0.12120241092545968,0.0,0.0,0.0,0.0,0.0,0.0,0.0,0.0,0.0,0.0
44023.28,0.984993940654656,0.0,17421.0,37.0,0.2692499999993643,31.5,32.4375,36.81,0.0,0.0,0.0,0.0,0.0,20.0,0.3,0.1,0.2,0.1,0.4,0.1,0.1,0.1,0.5,0.0,65535.0,0.16641489280537117,0.0,65535.0,0.12181277180132753,0.0,0.0,0.0,0.0,0.0,0.0,0.0,0.0,0.0,0.0
44083.35,0.9835669280177864,0.0,17421.0,37.0,0.2630499999993682,31.5,32.4375,36.93000000000001,0.0,0.0,0.0,0.0,0.0,20.0,0.3,0.1,0.2,0.1,0.4,0.1,0.1,0.1,0.5,0.0,65535.0,0.16699473563744563,0.0,65535.0,0.12127870603494316,0.0,0.0,0.0,0.0,0.0,0.0,0.0,0.0,0.0,0.0
44143.43,0.9765054384074963,0.0,17421.0,37.0,0.1780499999993594,31.5,32.4375,36.79000000000002,0.0,0.0,0.0,0.0,0.0,20.0,0.3,0.1,0.2,0.1,0.4,0.1,0.1,0.1,0.5,0.0,65535.0,0.16549935149156939,0.0,65535.0,0.12213321126115816,0.0,0.0,0.0,0.0,0.0,0.0,0.0,0.0,0.0,0.0
44203.51,0.9636113635596072,0.0,17421.0,37.0,0.20714999999935962,31.5625,32.375,36.85000000000002,0.0,0.0,0.0,0.0,0.0,20.0,0.3,0.1,0.2,0.1,0.4,0.1,0.1,0.1,0.5,0.0,65535.0,0.1658350499732967,0.0,65535.0,0.1211261158159762,0.0,0.0,0.0,0.0,0.0,0.0,0.0,0.0,0.0,0.0
44263.58,0.9656134101755148,0.0,17421.0,37.0,0.21684999999936416,31.5,32.4375,36.81,0.0,0.0,0.0,0.0,0.0,20.0,0.3,0.1,0.2,0.1,0.4,0.1,0.1,0.1,0.5,0.0,65535.0,0.16691844052796215,0.0,65535.0,0.12132448310063325,0.0,0.0,0.0,0.0,0.0,0.0,0.0,0.0,0.0,0.0
44323.67,0.9814892597722024,0.0,17421.0,37.0,0.2577499999993554,31.5,32.375,37.01000000000005,0.0,0.0,0.0,0.0,0.0,20.0,0.3,0.1,0.2,0.1,0.4,0.1,0.1,0.1,0.5,0.0,65535.0,0.16678110933089188,0.0,65535.0,0.12181277180132753,0.0,0.0,0.0,0.0,0.0,0.0,0.0,0.0,0.0,0.0
44383.73,0.9840034608191741,0.0,17421.0,37.0,0.24334999999935342,31.5,32.375,36.81,0.0,0.0,0.0,0.0,0.0,20.0,0.3,0.1,0.2,0.1,0.4,0.1,0.1,0.1,0.5,0.0,65535.0,0.1675135423819333,0.0,65535.0,0.12252994583047226,0.0,0.0,0.0,0.0,0.0,0.0,0.0,0.0,0.0,0.0
44443.77,0.9709635037403543,0.0,17421.0,37.0,0.26574999999936316,31.5,32.375,36.89000000000004,0.0,0.0,0.0,0.0,0.0,20.0,0.3,0.1,0.2,0.1,0.4,0.1,0.1,0.1,0.5,0.0,65535.0,0.16760509651331348,0.0,65535.0,0.122392614633402,0.0,0.0,0.0,0.0,0.0,0.0,0.0,0.0,0.0,0.0
44503.82,0.9727068401303114,0.0,17421.0,37.0,0.18394999999934972,31.5,32.375,37.05000000000001,0.0,0.0,0.0,0.0,0.0,20.0,0.3,0.1,0.2,0.1,0.4,0.1,0.1,0.1,0.5,0.0,65535.0,0.1675135423819333,0.0,65535.0,0.12243839169909208,0.0,0.0,0.0,0.0,0.0,0.0,0.0,0.0,0.0,0.0
44563.86,0.9830041246998668,0.0,17421.0,37.0,0.23744999999935534,31.5,32.4375,37.110000000000014,0.0,0.0,0.0,0.0,0.0,20.0,0.3,0.1,0.2,0.1,0.4,0.1,0.1,0.1,0.5,0.0,65535.0,0.16816968032349128,0.0,65535.0,0.12358281834134432,0.0,0.0,0.0,0.0,0.0,0.0,0.0,0.0,0.0,0.0
44623.9,0.9729460080508681,0.0,17421.0,37.0,0.21654999999935845,31.5625,32.375,36.950000000000045,0.0,0.0,0.0,0.0,0.0,20.0,0.3,0.1,0.2,0.1,0.4,0.1,0.1,0.1,0.5,0.0,65535.0,0.16826123445487146,0.0,65535.0,0.1219348439765011,0.0,0.0,0.0,0.0,0.0,0.0,0.0,0.0,0.0,0.0
44683.95,0.9613736939281856,0.0,17421.0,37.0,0.2468499999993593,31.5,32.375,36.77000000000004,0.0,0.0,0.0,0.0,0.0,20.0,0.3,0.1,0.2,0.1,0.4,0.1,0.1,0.1,0.5,0.0,65535.0,0.16820019836728467,0.0,65535.0,0.12256046387426565,0.0,0.0,0.0,0.0,0.0,0.0,0.0,0.0,0.0,0.0
44743.99,0.9776542425103787,0.0,17421.0,37.0,0.23774999999935337,31.5,32.375,36.97000000000003,0.0,0.0,0.0,0.0,0.0,20.0,0.3,0.1,0.2,0.1,0.4,0.1,0.1,0.1,0.5,0.0,65535.0,0.16816968032349128,0.0,65535.0,0.12233157854581521,0.0,0.0,0.0,0.0,0.0,0.0,0.0,0.0,0.0,0.0
44804.03,0.9756764792949996,0.0,17421.0,37.0,0.18064999999934503,31.5,32.4375,36.97000000000003,0.0,0.0,0.0,0.0,0.0,20.0,0.3,0.1,0.2,0.1,0.4,0.1,0.1,0.1,0.5,0.0,65535.0,0.168032349126421,0.0,65535.0,0.12288090333409628,0.0,0.0,0.0,0.0,0.0,0.0,0.0,0.0,0.0,0.0
44864.08,0.9826106308711602,0.0,17421.0,37.0,0.21564999999935497,31.5,32.375,36.870000000000005,0.0,0.0,0.0,0.0,0.0,20.0,0.3,0.1,0.2,0.1,0.4,0.1,0.1,0.1,0.5,0.0,65535.0,0.1685511558709087,0.0,65535.0,0.12401007095445182,0.0,0.0,0.0,0.0,0.0,0.0,0.0,0.0,0.0,0.0
44924.13,0.9849332529215531,0.0,17421.0,37.0,0.19414999999934354,31.5,32.375,36.85000000000002,0.0,0.0,0.0,0.0,0.0,20.0,0.3,0.1,0.2,0.1,0.4,0.1,0.1,0.1,0.5,0.0,65535.0,0.16862745098039217,0.0,65535.0,0.12336919203479058,0.0,0.0,0.0,0.0,0.0,0.0,0.0,0.0,0.0,0.0
44984.2,0.9692397395829275,0.0,17421.0,37.0,0.23504999999934897,31.4375,32.375,36.650000000000034,0.0,0.0,0.0,0.0,0.0,20.0,0.3,0.1,0.2,0.1,0.4,0.1,0.1,0.1,0.5,0.0,65535.0,0.16879530022125583,0.0,65535.0,0.12359807736324102,0.0,0.0,0.0,0.0,0.0,0.0,0.0,0.0,0.0,0.0
45044.27,0.9750263765177618,0.0,17421.0,37.0,0.2212499999993473,31.5,32.375,36.950000000000045,0.0,0.0,0.0,0.0,0.0,20.0,0.3,0.1,0.2,0.1,0.4,0.1,0.1,0.1,0.5,0.0,65535.0,0.16906996261539636,0.0,65535.0,0.12445258258945602,0.0,0.0,0.0,0.0,0.0,0.0,0.0,0.0,0.0,0.0
45104.31,0.9741642004437446,0.0,17421.0,37.0,0.22184999999934674,31.5,32.4375,36.89000000000004,0.0,0.0,0.0,0.0,0.0,20.0,0.3,0.1,0.2,0.1,0.4,0.1,0.1,0.1,0.5,0.0,65535.0,0.16800183108262762,0.0,65535.0,0.12205691615167467,0.0,0.0,0.0,0.0,0.0,0.0,0.0,0.0,0.0,0.0
45164.35,0.9913774492052241,0.0,17421.0,37.0,0.19764999999935026,31.4375,32.4375,36.97000000000003,0.0,0.0,0.0,0.0,0.0,20.0,0.3,0.1,0.2,0.1,0.4,0.1,0.1,0.1,0.5,0.0,65535.0,0.16990920881971466,0.0,65535.0,0.12320134279392692,0.0,0.0,0.0,0.0,0.0,0.0,0.0,0.0,0.0,0.0
45224.39,0.9883481889773987,0.0,17421.0,37.0,0.19644999999934964,31.5,32.375,36.79000000000002,0.0,0.0,0.0,0.0,0.0,20.0,0.3,0.1,0.2,0.1,0.4,0.1,0.1,0.1,0.5,0.0,65535.0,0.16963454642557413,0.0,65535.0,0.12330815594720379,0.0,0.0,0.0,0.0,0.0,0.0,0.0,0.0,0.0,0.0
45284.46,0.9846245373053697,0.0,17421.0,37.0,0.2323499999993454,31.5,32.4375,36.93000000000001,0.0,0.0,0.0,0.0,0.0,20.0,0.3,0.1,0.2,0.1,0.4,0.1,0.1,0.1,0.5,0.0,65535.0,0.1698023956664378,0.0,65535.0,0.12489509422446021,0.0,0.0,0.0,0.0,0.0,0.0,0.0,0.0,0.0,0.0
45344.53,0.9902635105119754,0.0,17421.0,37.0,0.2444499999993503,31.4375,32.375,36.870000000000005,0.0,0.0,0.0,0.0,0.0,20.0,0.3,0.1,0.2,0.1,0.4,0.1,0.1,0.1,0.5,0.0,65535.0,0.16955825131609065,0.0,65535.0,0.12437628747997254,0.0,0.0,0.0,0.0,0.0,0.0,0.0,0.0,0.0,0.0
45404.6,0.9821900301426696,0.0,17421.0,37.0,0.2441499999993497,31.4375,32.4375,36.77000000000004,0.0,0.0,0.0,0.0,0.0,20.0,0.3,0.1,0.2,0.1,0.4,0.1,0.1,0.1,0.5,0.0,65535.0,0.16961928740367743,0.0,65535.0,0.12381170366979477,0.0,0.0,0.0,0.0,0.0,0.0,0.0,0.0,0.0,0.0
45464.66,0.9764940072556019,0.0,17421.0,37.0,0.19914999999934713,31.5,32.375,36.77000000000004,0.0,0.0,0.0,0.0,0.0,20.0,0.3,0.1,0.2,0.1,0.4,0.1,0.1,0.1,0.5,0.0,65535.0,0.16925307087815672,0.0,65535.0,0.12419317921721218,0.0,0.0,0.0,0.0,0.0,0.0,0.0,0.0,0.0,0.0
45524.71,0.9904116314388467,0.0,17421.0,37.0,0.23324999999934282,31.4375,32.375,36.89000000000004,0.0,0.0,0.0,0.0,0.0,20.0,0.3,0.1,0.2,0.1,0.4,0.1,0.1,0.1,0.5,0.0,65535.0,0.17045853360799573,0.0,65535.0,0.12404058899824522,0.0,0.0,0.0,0.0,0.0,0.0,0.0,0.0,0.0,0.0
45584.75,0.9868151278453707,0.0,17421.0,37.0,0.24714999999934778,31.5,32.375,36.81,0.0,0.0,0.0,0.0,0.0,20.0,0.3,0.1,0.2,0.1,0.4,0.1,0.1,0.1,0.5,0.0,65535.0,0.1705653467612726,0.0,65535.0,0.12639047837033646,0.0,0.0,0.0,0.0,0.0,0.0,0.0,0.0,0.0,0.0
45644.79,0.9815657514802816,0.0,17421.0,37.0,0.2183499999993464,31.5,32.3125,36.79000000000002,0.0,0.0,0.0,0.0,0.0,20.0,0.3,0.1,0.2,0.1,0.4,0.1,0.1,0.1,0.5,0.0,65535.0,0.170595864805066,0.0,65535.0,0.12547493705653467,0.0,0.0,0.0,0.0,0.0,0.0,0.0,0.0,0.0,0.0
45704.84,0.9720621713943932,0.0,17421.0,37.0,0.2448499999993365,31.5,32.375,36.77000000000004,0.0,0.0,0.0,0.0,0.0,20.0,0.3,0.1,0.2,0.1,0.4,0.1,0.1,0.1,0.5,0.0,65535.0,0.1706416418707561,0.0,65535.0,0.12426947432669566,0.0,0.0,0.0,0.0,0.0,0.0,0.0,0.0,0.0,0.0
45764.88,0.9748690424553843,0.0,17421.0,37.0,0.20184999999934375,31.5,32.3125,36.81,0.0,0.0,0.0,0.0,0.0,20.0,0.3,0.1,0.2,0.1,0.4,0.1,0.1,0.1,0.5,0.0,65535.0,0.17155718318455787,0.0,65535.0,0.12544441901274128,0.0,0.0,0.0,0.0,0.0,0.0,0.0,0.0,0.0,0.0
45824.97,0.98027233130429,0.0,17421.0,37.0,0.1953499999993329,31.5,32.375,36.77000000000004,0.0,0.0,0.0,0.0,0.0,20.0,0.3,0.1,0.2,0.1,0.4,0.1,0.1,0.1,0.5,0.0,65535.0,0.17087052719920653,0.0,65535.0,0.12510872053101396,0.0,0.0,0.0,0.0,0.0,0.0,0.0,0.0,0.0,0.0
45885.04,0.9652533141226866,0.0,17421.0,37.0,0.2459499999993437,31.4375,32.375,37.03000000000003,0.0,0.0,0.0,0.0,0.0,20.0,0.3,0.1,0.2,0.1,0.4,0.1,0.1,0.1,0.5,0.0,65535.0,0.17149614709697109,0.0,65535.0,0.1244983596551461,0.0,0.0,0.0,0.0,0.0,0.0,0.0,0.0,0.0,0.0
45945.11,0.9868086453630505,0.0,17421.0,37.0,0.22564999999933205,31.4375,32.375,36.81,0.0,0.0,0.0,0.0,0.0,20.0,0.3,0.1,0.2,0.1,0.4,0.1,0.1,0.1,0.5,0.0,65535.0,0.17219806210421912,0.0,65535.0,0.12507820248722057,0.0,0.0,0.0,0.0,0.0,0.0,0.0,0.0,0.0,0.0
46005.19,0.9955088890675239,0.0,17421.0,37.0,0.22384999999933114,31.4375,32.4375,36.870000000000005,0.0,0.0,0.0,0.0,0.0,20.0,0.3,0.1,0.2,0.1,0.4,0.1,0.1,0.1,0.5,0.0,65535.0,0.1718165865568017,0.0,65535.0,0.12556649118791485,0.0,0.0,0.0,0.0,0.0,0.0,0.0,0.0,0.0,0.0
46065.24,0.9733612131589652,0.0,17421.0,37.0,0.2444499999993408,31.5,32.375,36.81,0.0,0.0,0.0,0.0,0.0,20.0,0.3,0.1,0.2,0.1,0.4,0.1,0.1,0.1,0.5,0.0,65535.0,0.17256427862973983,0.0,65535.0,0.12738231479362172,0.0,0.0,0.0,0.0,0.0,0.0,0.0,0.0,0.0,0.0
46125.31,0.9775317812984051,0.0,17421.0,37.0,0.2047499999993334,31.5,32.375,36.870000000000005,0.0,0.0,0.0,0.0,0.0,20.0,0.3,0.1,0.2,0.1,0.4,0.1,0.1,0.1,0.5,0.0,65535.0,0.171450370031281,0.0,65535.0,0.12509346150911727,0.0,0.0,0.0,0.0,0.0,0.0,0.0,0.0,0.0,0.0
46185.36,0.9968614791100852,0.0,17421.0,37.0,0.30104999999933624,31.4375,32.4375,36.85000000000002,0.0,0.0,0.0,0.0,0.0,20.0,0.3,0.1,0.2,0.1,0.4,0.1,0.1,0.1,0.5,0.0,65535.0,0.17238117036697947,0.0,65535.0,0.12726024261844815,0.0,0.0,0.0,0.0,0.0,0.0,0.0,0.0,0.0,0.0
46245.43,0.9784859076195725,0.0,17421.0,37.0,0.1974499999993267,31.5,32.4375,36.85000000000002,0.0,0.0,0.0,0.0,0.0,20.0,0.3,0.1,0.2,0.1,0.4,0.1,0.1,0.1,0.5,0.0,65535.0,0.1714656290531777,0.0,65535.0,0.12605477988860914,0.0,0.0,0.0,0.0,0.0,0.0,0.0,0.0,0.0,0.0
46305.48,0.978952599846743,0.0,17421.0,37.0,0.2191499999993311,31.4375,32.375,36.77000000000004,0.0,0.0,0.0,0.0,0.0,20.0,0.3,0.1,0.2,0.1,0.4,0.1,0.1,0.1,0.5,0.0,65535.0,0.17216754406042573,0.0,65535.0,0.12553597314412146,0.0,0.0,0.0,0.0,0.0,0.0,0.0,0.0,0.0,0.0
46365.55,0.9849498219371878,0.0,17421.0,37.0,0.26714999999933176,31.4375,32.375,36.79000000000002,0.0,0.0,0.0,0.0,0.0,20.0,0.3,0.1,0.2,0.1,0.4,0.1,0.1,0.1,0.5,0.0,65535.0,0.17300679026474403,0.0,65535.0,0.12521553368429084,0.0,0.0,0.0,0.0,0.0,0.0,0.0,0.0,0.0,0.0
46425.61,0.9897319255867605,0.0,17421.0,37.0,0.1771499999993275,31.5,32.375,36.79000000000002,0.0,0.0,0.0,0.0,0.0,20.0,0.3,0.1,0.2,0.1,0.4,0.1,0.1,0.1,0.5,0.0,65535.0,0.17195391775387198,0.0,65535.0,0.1258411535820554,0.0,0.0,0.0,0.0,0.0,0.0,0.0,0.0,0.0,0.0
46485.68,0.9945775516560844,0.0,17421.0,37.0,0.24334999999932413,31.5,32.375,36.79000000000002,0.0,0.0,0.0,0.0,0.0,20.0,0.3,0.1,0.2,0.1,0.4,0.1,0.1,0.1,0.5,0.0,65535.0,0.17338826581216144,0.0,65535.0,0.12602426184481574,0.0,0.0,0.0,0.0,0.0,0.0,0.0,0.0,0.0,0.0
46545.72,0.9809289099994856,0.0,17421.0,37.0,0.20774999999932636,31.5,32.375,36.79000000000002,0.0,0.0,0.0,0.0,0.0,20.0,0.3,0.1,0.2,0.1,0.4,0.1,0.1,0.1,0.5,0.0,65535.0,0.17236591134508278,0.0,65535.0,0.1274280918593118,0.0,0.0,0.0,0.0,0.0,0.0,0.0,0.0,0.0,0.0
46605.76,0.9809125958656901,0.0,17421.0,37.0,0.1950499999993203,31.5,32.4375,37.05000000000001,0.0,0.0,0.0,0.0,0.0,20.0,0.3,0.1,0.2,0.1,0.4,0.1,0.1,0.1,0.5,0.0,65535.0,0.17253376058594644,0.0,65535.0,0.12724498359655145,0.0,0.0,0.0,0.0,0.0,0.0,0.0,0.0,0.0,0.0
46665.81,0.9746728885900904,0.0,17421.0,37.0,0.2586499999993218,31.5,32.375,36.93000000000001,0.0,0.0,0.0,0.0,0.0,20.0,0.3,0.1,0.2,0.1,0.4,0.1,0.1,0.1,0.5,0.0,65535.0,0.1739375906004425,0.0,65535.0,0.12555123216601816,0.0,0.0,0.0,0.0,0.0,0.0,0.0,0.0,0.0,0.0
46725.86,0.98018356133585,0.0,17421.0,37.0,0.1859499999993277,31.4375,32.4375,36.79000000000002,0.0,0.0,0.0,0.0,0.0,20.0,0.3,0.1,0.2,0.1,0.4,0.1,0.1,0.1,0.5,0.0,65535.0,0.17322041657129778,0.0,65535.0,0.1265735866330968,0.0,0.0,0.0,0.0,0.0,0.0,0.0,0.0,0.0,0.0
46785.89,0.9679578315300961,0.0,17421.0,37.0,0.19764999999932786,31.4375,32.375,37.01000000000005,0.0,0.0,0.0,0.0,0.0,20.0,0.3,0.1,0.2,0.1,0.4,0.1,0.1,0.1,0.5,0.0,65535.0,0.17380025940337224,0.0,65535.0,0.12628366521705958,0.0,0.0,0.0,0.0,0.0,0.0,0.0,0.0,0.0,0.0
46845.96,0.9732183053381948,0.0,17421.0,37.0,0.2818499999993257,31.5,32.375,36.85000000000002,0.0,0.0,0.0,0.0,0.0,20.0,0.3,0.1,0.2,0.1,0.4,0.1,0.1,0.1,0.5,0.0,65535.0,0.17370870527199206,0.0,65535.0,0.12674143587396047,0.0,0.0,0.0,0.0,0.0,0.0,0.0,0.0,0.0,0.0
46906.03,0.9970680903618498,0.0,17421.0,37.0,0.2445499999993187,31.5,32.4375,36.79000000000002,0.0,0.0,0.0,0.0,0.0,20.0,0.3,0.1,0.2,0.1,0.4,0.1,0.1,0.1,0.5,0.0,65535.0,0.17448691538872357,0.0,65535.0,0.12719920653086136,0.0,0.0,0.0,0.0,0.0,0.0,0.0,0.0,0.0,0.0
46966.11,0.9748643392466366,0.0,17421.0,37.0,0.27224999999932364,31.5625,32.375,36.93000000000001,0.0,0.0,0.0,0.0,0.0,20.0,0.3,0.1,0.2,0.1,0.4,0.1,0.1,0.1,0.5,0.0,65535.0,0.1734798199435416,0.0,65535.0,0.12686350804913404,0.0,0.0,0.0,0.0,0.0,0.0,0.0,0.0,0.0,0.0
47026.19,0.9850634143992751,0.0,17421.0,37.0,0.18774999999932432,31.5,32.4375,36.950000000000045,0.0,0.0,0.0,0.0,0.0,20.0,0.3,0.1,0.2,0.1,0.4,0.1,0.1,0.1,0.5,0.0,65535.0,0.17373922331578545,0.0,65535.0,0.1278553444724193,0.0,0.0,0.0,0.0,0.0,0.0,0.0,0.0,0.0,0.0
47086.26,0.9778565760090758,0.0,17421.0,37.0,0.21534999999932508,31.5,32.375,36.870000000000005,0.0,0.0,0.0,0.0,0.0,20.0,0.3,0.1,0.2,0.1,0.4,0.1,0.1,0.1,0.5,0.0,65535.0,0.17360189211871518,0.0,65535.0,0.12680247196154726,0.0,0.0,0.0,0.0,0.0,0.0,0.0,0.0,0.0,0.0
47146.33,0.9764462629567785,0.0,17421.0,37.0,0.2789499999993266,31.5,32.375,37.03000000000003,0.0,0.0,0.0,0.0,0.0,20.0,0.3,0.1,0.2,0.1,0.4,0.1,0.1,0.1,0.5,0.0,65535.0,0.17384603646906233,0.0,65535.0,0.127519645990692,0.0,0.0,0.0,0.0,0.0,0.0,0.0,0.0,0.0,0.0
47206.36,0.9908785861006848,0.0,17421.0,37.0,0.18354999999932214,31.4375,32.375,36.93000000000001,0.0,0.0,0.0,0.0,0.0,20.0,0.3,0.1,0.2,0.1,0.4,0.1,0.1,0.1,0.5,0.0,65535.0,0.17494468604562446,0.0,65535.0,0.12765697718776225,0.0,0.0,0.0,0.0,0.0,0.0,0.0,0.0,0.0,0.0
47266.39,0.9849390230955756,0.0,17421.0,37.0,0.2126499999993224,31.5,32.375,36.81,0.0,0.0,0.0,0.0,0.0,20.0,0.3,0.1,0.2,0.1,0.4,0.1,0.1,0.1,0.5,0.0,65535.0,0.17428854810406652,0.0,65535.0,0.1283283741512169,0.0,0.0,0.0,0.0,0.0,0.0,0.0,0.0,0.0,0.0
47326.43,0.9937825170259089,0.0,17421.0,37.0,0.2353499999993177,31.4375,32.375,36.77000000000004,0.0,0.0,0.0,0.0,0.0,20.0,0.3,0.1,0.2,0.1,0.4,0.1,0.1,0.1,0.5,0.0,65535.0,0.17495994506752116,0.0,65535.0,0.1274738689250019,0.0,0.0,0.0,0.0,0.0,0.0,0.0,0.0,0.0,0.0
47386.48,0.9815267102291934,0.0,17421.0,37.0,0.1985499999993202,31.5,32.375,36.870000000000005,0.0,0.0,0.0,0.0,0.0,20.0,0.3,0.1,0.2,0.1,0.4,0.1,0.1,0.1,0.5,0.0,65535.0,0.17572289616235598,0.0,65535.0,0.12866407263294422,0.0,0.0,0.0,0.0,0.0,0.0,0.0,0.0,0.0,0.0
47446.52,0.9858375006664737,0.0,17421.0,37.0,0.2624499999993223,31.4375,32.375,36.97000000000003,0.0,0.0,0.0,0.0,0.0,20.0,0.3,0.1,0.2,0.1,0.4,0.1,0.1,0.1,0.5,0.0,65535.0,0.17514305333028152,0.0,65535.0,0.1282520790417334,0.0,0.0,0.0,0.0,0.0,0.0,0.0,0.0,0.0,0.0
47506.57,0.9847325064248007,0.0,17421.0,37.0,0.22064999999931512,31.4375,32.375,36.710000000000036,0.0,0.0,0.0,0.0,0.0,20.0,0.3,0.1,0.2,0.1,0.4,0.1,0.1,0.1,0.5,0.0,65535.0,0.17492942702372777,0.0,65535.0,0.12909132524605174,0.0,0.0,0.0,0.0,0.0,0.0,0.0,0.0,0.0,0.0
47566.61,0.9938828904901132,0.0,17421.0,37.0,0.3066499999993122,31.5,32.375,36.93000000000001,0.0,0.0,0.0,0.0,0.0,20.0,0.3,0.1,0.2,0.1,0.4,0.1,0.1,0.1,0.5,0.0,65535.0,0.17492942702372777,0.0,65535.0,0.12816052491035324,0.0,0.0,0.0,0.0,0.0,0.0,0.0,0.0,0.0,0.0
47626.68,0.9955226580616899,0.0,17421.0,37.0,0.19194999999931706,31.5,32.4375,37.01000000000005,0.0,0.0,0.0,0.0,0.0,20.0,0.3,0.1,0.2,0.1,0.4,0.1,0.1,0.1,0.5,0.0,65535.0,0.17534142061493857,0.0,65535.0,0.12840466926070038,0.0,0.0,0.0,0.0,0.0,0.0,0.0,0.0,0.0,0.0
47686.73,0.9889135946718374,0.0,17421.0,37.0,0.1877499999993166,31.5,32.3125,37.03000000000003,0.0,0.0,0.0,0.0,0.0,20.0,0.3,0.1,0.2,0.1,0.4,0.1,0.1,0.1,0.5,0.0,65535.0,0.17505149919890134,0.0,65535.0,0.12779430838483252,0.0,0.0,0.0,0.0,0.0,0.0,0.0,0.0,0.0,0.0
47746.81,0.9676645794029048,0.0,17421.0,37.0,0.23864999999931294,31.5,32.375,36.85000000000002,0.0,0.0,0.0,0.0,0.0,20.0,0.3,0.1,0.2,0.1,0.4,0.1,0.1,0.1,0.5,0.0,65535.0,0.17552452887769893,0.0,65535.0,0.12950331883726254,0.0,0.0,0.0,0.0,0.0,0.0,0.0,0.0,0.0,0.0
47806.88,0.9798515880181432,0.0,17421.0,37.0,0.1971499999993055,31.5,32.375,36.97000000000003,0.0,0.0,0.0,0.0,0.0,20.0,0.3,0.1,0.2,0.1,0.4,0.1,0.1,0.1,0.5,0.0,65535.0,0.17590600442511636,0.0,65535.0,0.12950331883726254,0.0,0.0,0.0,0.0,0.0,0.0,0.0,0.0,0.0,0.0
47866.94,0.9756178920167041,0.0,17421.0,37.0,0.22214999999931032,31.5625,32.3125,36.97000000000003,0.0,0.0,0.0,0.0,0.0,20.0,0.3,0.1,0.2,0.1,0.4,0.1,0.1,0.1,0.5,0.0,65535.0,0.17633325703822386,0.0,65535.0,0.12895399404898147,0.0,0.0,0.0,0.0,0.0,0.0,0.0,0.0,0.0,0.0
47927.01,0.991265785365981,0.0,17421.0,37.0,0.26364999999931604,31.5625,32.375,37.05000000000001,0.0,0.0,0.0,0.0,0.0,20.0,0.3,0.1,0.2,0.1,0.4,0.1,0.1,0.1,0.5,0.0,65535.0,0.17680628671702145,0.0,65535.0,0.12886243991760127,0.0,0.0,0.0,0.0,0.0,0.0,0.0,0.0,0.0,0.0
47987.06,0.9909003994675813,0.0,17421.0,37.0,0.2492499999993149,31.5,32.375,36.81,0.0,0.0,0.0,0.0,0.0,20.0,0.3,0.1,0.2,0.1,0.4,0.1,0.1,0.1,0.5,0.0,65535.0,0.17665369649805449,0.0,65535.0,0.12889295796139466,0.0,0.0,0.0,0.0,0.0,0.0,0.0,0.0,0.0,0.0
48047.11,0.9892971145865254,0.0,17421.0,37.0,0.24254999999930935,31.5625,32.375,36.97000000000003,0.0,0.0,0.0,0.0,0.0,20.0,0.3,0.1,0.2,0.1,0.4,0.1,0.1,0.1,0.5,0.0,65535.0,0.176577401388571,0.0,65535.0,0.12814526588845654,0.0,0.0,0.0,0.0,0.0,0.0,0.0,0.0,0.0,0.0
48107.15,0.9988761963950676,0.0,17421.0,37.0,0.2004499999993016,31.5,32.375,36.93000000000001,0.0,0.0,0.0,0.0,0.0,20.0,0.3,0.1,0.2,0.1,0.4,0.1,0.1,0.1,0.5,0.0,65535.0,0.1766384374761578,0.0,65535.0,0.12903028915846496,0.0,0.0,0.0,0.0,0.0,0.0,0.0,0.0,0.0,0.0
48167.2,0.986390637328634,0.0,17421.0,37.0,0.2619499999993025,31.5,32.4375,36.950000000000045,0.0,0.0,0.0,0.0,0.0,20.0,0.3,0.1,0.2,0.1,0.4,0.1,0.1,0.1,0.5,0.0,65535.0,0.17737087052719921,0.0,65535.0,0.12944228274967576,0.0,0.0,0.0,0.0,0.0,0.0,0.0,0.0,0.0,0.0
48227.24,1.0047142992041198,0.0,17421.0,37.0,0.21924999999930952,31.5625,32.4375,37.01000000000005,0.0,0.0,0.0,0.0,0.0,20.0,0.3,0.1,0.2,0.1,0.4,0.1,0.1,0.1,0.5,0.0,65535.0,0.17770656900892653,0.0,65535.0,0.13046463721675441,0.0,0.0,0.0,0.0,0.0,0.0,0.0,0.0,0.0,0.0
48287.31,0.9854555385318704,0.0,17421.0,37.0,0.1956499999992983,31.5,32.375,36.89000000000004,0.0,0.0,0.0,0.0,0.0,20.0,0.3,0.1,0.2,0.1,0.4,0.1,0.1,0.1,0.5,0.0,65535.0,0.17680628671702145,0.0,65535.0,0.1300526436255436,0.0,0.0,0.0,0.0,0.0,0.0,0.0,0.0,0.0,0.0
48347.36,0.9894923925114962,0.0,17421.0,37.0,0.25684999999929947,31.5,32.375,36.97000000000003,0.0,0.0,0.0,0.0,0.0,20.0,0.3,0.1,0.2,0.1,0.4,0.1,0.1,0.1,0.5,0.0,65535.0,0.17734035248340582,0.0,65535.0,0.12979324025329977,0.0,0.0,0.0,0.0,0.0,0.0,0.0,0.0,0.0,0.0
48407.43,0.9966909769500587,0.0,17421.0,37.0,0.20624999999930113,31.5,32.4375,36.77000000000004,0.0,0.0,0.0,0.0,0.0,20.0,0.3,0.1,0.2,0.1,0.4,0.1,0.1,0.1,0.5,0.0,65535.0,0.17764553292133975,0.0,65535.0,0.12985427634088656,0.0,0.0,0.0,0.0,0.0,0.0,0.0,0.0,0.0,0.0
48467.49,0.9947511675089262,0.0,17421.0,37.0,0.20534999999930023,31.5625,32.4375,36.81,0.0,0.0,0.0,0.0,0.0,20.0,0.3,0.1,0.2,0.1,0.4,0.1,0.1,0.1,0.5,0.0,65535.0,0.1774624246585794,0.0,65535.0,0.12997634851606013,0.0,0.0,0.0,0.0,0.0,0.0,0.0,0.0,0.0,0.0
48527.58,0.9865840818307399,0.0,17421.0,37.0,0.23624999999930055,31.5,32.375,36.79000000000002,0.0,0.0,0.0,0.0,0.0,20.0,0.3,0.1,0.2,0.1,0.4,0.1,0.1,0.1,0.5,0.0,65535.0,0.17763027389944305,0.0,65535.0,0.13000686655985352,0.0,0.0,0.0,0.0,0.0,0.0,0.0,0.0,0.0,0.0
48587.64,0.9956154461753375,0.0,17421.0,37.0,0.21774999999930403,31.5,32.375,36.93000000000001,0.0,0.0,0.0,0.0,0.0,20.0,0.3,0.1,0.2,0.1,0.4,0.1,0.1,0.1,0.5,0.0,65535.0,0.17834744792858778,0.0,65535.0,0.13041886015106433,0.0,0.0,0.0,0.0,0.0,0.0,0.0,0.0,0.0,0.0
48647.72,0.985853401198946,0.0,17421.0,37.0,0.23894999999929895,31.5,32.375,36.81,0.0,0.0,0.0,0.0,0.0,20.0,0.3,0.1,0.2,0.1,0.4,0.1,0.1,0.1,0.5,0.0,65535.0,0.1791103990234226,0.0,65535.0,0.13023575188830397,0.0,0.0,0.0,0.0,0.0,0.0,0.0,0.0,0.0,0.0
48707.8,1.003854963527287,0.0,17421.0,37.0,0.2080499999992969,31.5,32.375,36.93000000000001,0.0,0.0,0.0,0.0,0.0,20.0,0.3,0.1,0.2,0.1,0.4,0.1,0.1,0.1,0.5,0.0,65535.0,0.1782558937972076,0.0,65535.0,0.13029678797589075,0.0,0.0,0.0,0.0,0.0,0.0,0.0,0.0,0.0,0.0
48767.84,0.9871321831590953,0.0,17421.0,37.0,0.20124999999930054,31.4375,32.375,36.85000000000002,0.0,0.0,0.0,0.0,0.0,20.0,0.3,0.1,0.2,0.1,0.4,0.1,0.1,0.1,0.5,0.0,65535.0,0.17857633325703823,0.0,65535.0,0.13023575188830397,0.0,0.0,0.0,0.0,0.0,0.0,0.0,0.0,0.0,0.0
48827.88,0.9851455122797382,0.0,17421.0,37.0,0.24594999999930164,31.5,32.375,36.950000000000045,0.0,0.0,0.0,0.0,0.0,20.0,0.3,0.1,0.2,0.1,0.4,0.1,0.1,0.1,0.5,0.0,65535.0,0.17897306782635233,0.0,65535.0,0.13151750972762646,0.0,0.0,0.0,0.0,0.0,0.0,0.0,0.0,0.0,0.0
48887.93,0.9931539476012918,0.0,17421.0,37.0,0.21794999999929526,31.5,32.4375,36.950000000000045,0.0,0.0,0.0,0.0,0.0,20.0,0.3,0.1,0.2,0.1,0.4,0.1,0.1,0.1,0.5,0.0,65535.0,0.17967498283360037,0.0,65535.0,0.13163958190280003,0.0,0.0,0.0,0.0,0.0,0.0,0.0,0.0,0.0,0.0
48947.97,0.9944240379847844,0.0,17421.0,37.0,0.2468499999993008,31.4375,32.375,36.950000000000045,0.0,0.0,0.0,0.0,0.0,20.0,0.3,0.1,0.2,0.1,0.4,0.1,0.1,0.1,0.5,0.0,65535.0,0.18027008468757152,0.0,65535.0,0.13142595559624629,0.0,0.0,0.0,0.0,0.0,0.0,0.0,0.0,0.0,0.0
49008.02,0.9904685054965149,0.0,17421.0,37.0,0.2666499999993013,31.5,32.375,36.870000000000005,0.0,0.0,0.0,0.0,0.0,20.0,0.3,0.1,0.2,0.1,0.4,0.1,0.1,0.1,0.5,0.0,65535.0,0.1790798809796292,0.0,65535.0,0.13113603418020905,0.0,0.0,0.0,0.0,0.0,0.0,0.0,0.0,0.0,0.0
49068.06,0.989712559528161,0.0,17421.0,37.0,0.2289499999992895,31.5,32.375,36.97000000000003,0.0,0.0,0.0,0.0,0.0,20.0,0.3,0.1,0.2,0.1,0.4,0.1,0.1,0.1,0.5,0.0,65535.0,0.17949187457084,0.0,65535.0,0.13107499809262227,0.0,0.0,0.0,0.0,0.0,0.0,0.0,0.0,0.0,0.0
49128.1,1.0011106762130404,0.0,17421.0,37.0,0.20984999999929266,31.5,32.4375,37.05000000000001,0.0,0.0,0.0,0.0,0.0,20.0,0.3,0.1,0.2,0.1,0.4,0.1,0.1,0.1,0.5,0.0,65535.0,0.17972075989929046,0.0,65535.0,0.1317769130998703,0.0,0.0,0.0,0.0,0.0,0.0,0.0,0.0,0.0,0.0
49188.15,0.9936841811846646,0.0,17421.0,37.0,0.21774999999929712,31.5,32.375,36.97000000000003,0.0,0.0,0.0,0.0,0.0,20.0,0.3,0.1,0.2,0.1,0.4,0.1,0.1,0.1,0.5,0.0,65535.0,0.18011749446860456,0.0,65535.0,0.1322041657129778,0.0,0.0,0.0,0.0,0.0,0.0,0.0,0.0,0.0,0.0
49248.18,0.9866545096429962,0.0,17421.0,37.0,0.20034999999929617,31.5,32.375,36.950000000000045,0.0,0.0,0.0,0.0,0.0,20.0,0.3,0.1,0.2,0.1,0.4,0.1,0.1,0.1,0.5,0.0,65535.0,0.18062104219119554,0.0,65535.0,0.13212787060349432,0.0,0.0,0.0,0.0,0.0,0.0,0.0,0.0,0.0,0.0
49308.24,0.9864431537831775,0.0,17421.0,37.0,0.20234999999929093,31.5,32.375,36.79000000000002,0.0,0.0,0.0,0.0,0.0,20.0,0.3,0.1,0.2,0.1,0.4,0.1,0.1,0.1,0.5,0.0,65535.0,0.1799038681620508,0.0,65535.0,0.13199053940642405,0.0,0.0,0.0,0.0,0.0,0.0,0.0,0.0,0.0,0.0
49368.28,0.975466392696873,0.0,17421.0,37.0,0.21764999999929036,31.5,32.3125,36.89000000000004,0.0,0.0,0.0,0.0,0.0,20.0,0.3,0.1,0.2,0.1,0.4,0.1,0.1,0.1,0.5,0.0,65535.0,0.1808194094758526,0.0,65535.0,0.13232623788815137,0.0,0.0,0.0,0.0,0.0,0.0,0.0,0.0,0.0,0.0
49428.35,0.978386488405776,0.0,17421.0,37.0,0.23474999999928986,31.4375,32.375,36.950000000000045,0.0,0.0,0.0,0.0,0.0,20.0,0.3,0.1,0.2,0.1,0.4,0.1,0.1,0.1,0.5,0.0,65535.0,0.18095674067292286,0.0,65535.0,0.13209735255970093,0.0,0.0,0.0,0.0,0.0,0.0,0.0,0.0,0.0,0.0
49488.41,0.9901862596162265,0.0,17421.0,37.0,0.22264999999928325,31.4375,32.375,36.950000000000045,0.0,0.0,0.0,0.0,0.0,20.0,0.3,0.1,0.2,0.1,0.4,0.1,0.1,0.1,0.5,0.0,65535.0,0.1807431143663691,0.0,65535.0,0.13316548409246967,0.0,0.0,0.0,0.0,0.0,0.0,0.0,0.0,0.0,0.0
49548.47,0.9916704443877483,0.0,17421.0,37.0,0.19824999999929124,31.4375,32.375,36.710000000000036,0.0,0.0,0.0,0.0,0.0,20.0,0.3,0.1,0.2,0.1,0.4,0.1,0.1,0.1,0.5,0.0,65535.0,0.18049897001602197,0.0,65535.0,0.13310444800488289,0.0,0.0,0.0,0.0,0.0,0.0,0.0,0.0,0.0,0.0
49608.54,0.990613396002897,0.0,17421.0,37.0,0.23234999999928693,31.5,32.4375,36.97000000000003,0.0,0.0,0.0,0.0,0.0,20.0,0.3,0.1,0.2,0.1,0.4,0.1,0.1,0.1,0.5,0.0,65535.0,0.1803921568627451,0.0,65535.0,0.1330586709391928,0.0,0.0,0.0,0.0,0.0,0.0,0.0,0.0,0.0,0.0
49668.57,0.9945533906473545,0.0,17421.0,37.0,0.22384999999928046,31.4375,32.375,36.85000000000002,0.0,0.0,0.0,0.0,0.0,20.0,0.3,0.1,0.2,0.1,0.4,0.1,0.1,0.1,0.5,0.0,65535.0,0.18175020981155107,0.0,65535.0,0.13290608072022583,0.0,0.0,0.0,0.0,0.0,0.0,0.0,0.0,0.0,0.0
49728.65,0.9908224578205447,0.0,17421.0,37.0,0.2889499999992815,31.4375,32.375,36.690000000000055,0.0,0.0,0.0,0.0,0.0,20.0,0.3,0.1,0.2,0.1,0.4,0.1,0.1,0.1,0.5,0.0,65535.0,0.18220798046845196,0.0,65535.0,0.13373006790264744,0.0,0.0,0.0,0.0,0.0,0.0,0.0,0.0,0.0,0.0
49788.73,0.9846185039380023,0.0,17421.0,37.0,0.261349999999279,31.5,32.3125,37.09000000000003,0.0,0.0,0.0,0.0,0.0,20.0,0.3,0.1,0.2,0.1,0.4,0.1,0.1,0.1,0.5,0.0,65535.0,0.1816128786144808,0.0,65535.0,0.13281452658884565,0.0,0.0,0.0,0.0,0.0,0.0,0.0,0.0,0.0,0.0
49848.78,0.9900729123399155,0.0,17421.0,37.0,0.20044999999927585,31.5,32.375,36.93000000000001,0.0,0.0,0.0,0.0,0.0,20.0,0.3,0.1,0.2,0.1,0.4,0.1,0.1,0.1,0.5,0.0,65535.0,0.18181124589913786,0.0,65535.0,0.13272297245746548,0.0,0.0,0.0,0.0,0.0,0.0,0.0,0.0,0.0,0.0
49908.85,0.9859559121782058,0.0,17421.0,37.0,0.2654499999992869,31.5,32.375,36.81,0.0,0.0,0.0,0.0,0.0,20.0,0.3,0.1,0.2,0.1,0.4,0.1,0.1,0.1,0.5,0.0,65535.0,0.18225375753414205,0.0,65535.0,0.13232623788815137,0.0,0.0,0.0,0.0,0.0,0.0,0.0,0.0,0.0,0.0
49968.92,0.994946052419204,0.0,17421.0,37.0,0.16214999999927712,31.5,32.3125,36.89000000000004,0.0,0.0,0.0,0.0,0.0,20.0,0.3,0.1,0.2,0.1,0.4,0.1,0.1,0.1,0.5,0.0,65535.0,0.18280308232242312,0.0,65535.0,0.13336385137712672,0.0,0.0,0.0,0.0,0.0,0.0,0.0,0.0,0.0,0.0
50028.99,0.9857691828953672,0.0,17421.0,37.0,0.26924999999928007,31.5,32.375,36.870000000000005,0.0,0.0,0.0,0.0,0.0,20.0,0.3,0.1,0.2,0.1,0.4,0.1,0.1,0.1,0.5,0.0,65535.0,0.1815823605706874,0.0,65535.0,0.13359273670557717,0.0,0.0,0.0,0.0,0.0,0.0,0.0,0.0,0.0,0.0
50089.05,0.9791251936888903,0.0,17421.0,37.0,0.20214999999928168,31.4375,32.375,37.05000000000001,0.0,0.0,0.0,0.0,0.0,20.0,0.3,0.1,0.2,0.1,0.4,0.1,0.1,0.1,0.5,0.0,65535.0,0.18191805905241473,0.0,65535.0,0.1334401464866102,0.0,0.0,0.0,0.0,0.0,0.0,0.0,0.0,0.0,0.0
50149.1,0.9935391878788333,0.0,17421.0,37.0,0.20504999999927648,31.5625,32.375,36.77000000000004,0.0,0.0,0.0,0.0,0.0,20.0,0.3,0.1,0.2,0.1,0.4,0.1,0.1,0.1,0.5,0.0,65535.0,0.1824979018844892,0.0,65535.0,0.13284504463263905,0.0,0.0,0.0,0.0,0.0,0.0,0.0,0.0,0.0,0.0
50209.14,0.9928978662290835,0.0,17421.0,37.0,0.24154999999927168,31.5,32.375,36.77000000000004,0.0,0.0,0.0,0.0,0.0,20.0,0.3,0.1,0.2,0.1,0.4,0.1,0.1,0.1,0.5,0.0,65535.0,0.1833218890669108,0.0,65535.0,0.13447775997558556,0.0,0.0,0.0,0.0,0.0,0.0,0.0,0.0,0.0,0.0
50269.22,0.993219360610484,0.0,17421.0,37.0,0.19504999999926878,31.5,32.375,36.710000000000036,0.0,0.0,0.0,0.0,0.0,20.0,0.3,0.1,0.2,0.1,0.4,0.1,0.1,0.1,0.5,0.0,65535.0,0.18376440070191502,0.0,65535.0,0.13423361562523842,0.0,0.0,0.0,0.0,0.0,0.0,0.0,0.0,0.0,0.0
50329.27,0.9961226421757904,0.0,17421.0,37.0,0.21534999999927873,31.4375,32.375,36.97000000000003,0.0,0.0,0.0,0.0,0.0,20.0,0.3,0.1,0.2,0.1,0.4,0.1,0.1,0.1,0.5,0.0,65535.0,0.18371862363622493,0.0,65535.0,0.13488975356679636,0.0,0.0,0.0,0.0,0.0,0.0,0.0,0.0,0.0,0.0
50389.35,0.9838382649962112,0.0,17421.0,37.0,0.24514999999926923,31.5,32.3125,36.97000000000003,0.0,0.0,0.0,0.0,0.0,20.0,0.3,0.1,0.2,0.1,0.4,0.1,0.1,0.1,0.5,0.0,65535.0,0.18295567254139009,0.0,65535.0,0.13409628442816815,0.0,0.0,0.0,0.0,0.0,0.0,0.0,0.0,0.0,0.0
50449.42,0.9779324734130007,0.0,17421.0,37.0,0.19744999999926657,31.5,32.375,36.950000000000045,0.0,0.0,0.0,0.0,0.0,20.0,0.3,0.1,0.2,0.1,0.4,0.1,0.1,0.1,0.5,0.0,65535.0,0.18295567254139009,0.0,65535.0,0.13492027161058975,0.0,0.0,0.0,0.0,0.0,0.0,0.0,0.0,0.0,0.0
50509.49,0.9960473657226365,0.0,17421.0,37.0,0.1753499999992699,31.4375,32.375,36.93000000000001,0.0,0.0045,0.25,0.0,0.0,20.0,0.3,0.1,0.2,0.1,0.4,0.1,0.1,0.1,0.5,0.0,65535.0,0.18304722667277026,0.0,65535.0,0.1347676813916228,0.0,0.0,0.0,0.0,0.0,0.0,0.0,0.0,0.0,0.0
50569.57,0.9680526584673301,0.0,17421.0,37.0,0.2512999999992662,31.5,32.375,36.950000000000045,0.0,0.0,0.0,0.0,0.0,20.0,0.3,0.1,0.2,0.1,0.4,0.1,0.1,0.1,0.5,0.0,65535.0,0.1804074158846418,0.0,65535.0,0.13192950331883727,0.0,0.0,0.0,0.0,0.0,0.0,0.0,0.0,0.0,0.0
50629.63,0.9641901195481984,0.0,17421.0,37.0,0.25734999999927577,31.4375,32.375,36.710000000000036,0.0,0.0,0.0,0.0,0.0,20.0,0.3,0.1,0.2,0.1,0.4,0.1,0.1,0.1,0.5,0.0,65535.0,0.17923247119859617,0.0,65535.0,0.1313649195086595,0.0,0.0,0.0,0.0,0.0,0.0,0.0,0.0,0.0,0.0
50689.67,0.9703088578187226,0.0,17421.0,37.0,0.29864999999927166,31.4375,32.375,36.89000000000004,0.0,0.0,0.0,0.0,0.0,20.0,0.3,0.1,0.2,0.1,0.4,0.1,0.1,0.1,0.5,0.0,65535.0,0.17900358587014573,0.0,65535.0,0.13234149691004807,0.0,0.0,0.0,0.0,0.0,0.0,0.0,0.0,0.0,0.0
50749.7,0.9631482398439937,0.0,17421.0,37.0,0.2645499999992743,31.4375,32.375,36.950000000000045,0.0,0.0,0.0,0.0,0.0,20.0,0.3,0.1,0.2,0.1,0.4,0.1,0.1,0.1,0.5,0.0,65535.0,0.1795681696803235,0.0,65535.0,0.13148699168383307,0.0,0.0,0.0,0.0,0.0,0.0,0.0,0.0,0.0,0.0
50809.74,0.9772755542651665,0.0,17421.0,37.0,0.23484999999927286,31.5625,32.375,36.89000000000004,0.0,0.0,0.0,0.0,0.0,20.0,0.3,0.1,0.2,0.1,0.4,0.1,0.1,0.1,0.5,0.0,65535.0,0.1799343862058442,0.0,65535.0,0.13116655222400245,0.0,0.0,0.0,0.0,0.0,0.0,0.0,0.0,0.0,0.0
50869.78,0.9622092615284034,0.0,17421.0,37.0,0.17384999999926468,31.5625,32.375,36.89000000000004,0.0,0.0,0.0,0.0,0.0,20.0,0.3,0.1,0.2,0.1,0.4,0.1,0.1,0.1,0.5,0.0,65535.0,0.18065156023498893,0.0,65535.0,0.13249408712901503,0.0,0.0,0.0,0.0,0.0,0.0,0.0,0.0,0.0,0.0
50929.81,0.9727399099891916,0.0,17421.0,37.0,0.23794999999926153,31.5625,32.375,37.09000000000003,0.0,0.0,0.0,0.0,0.0,20.0,0.3,0.1,0.2,0.1,0.4,0.1,0.1,0.1,0.5,0.0,65535.0,0.17970550087739376,0.0,65535.0,0.1322499427786679,0.0,0.0,0.0,0.0,0.0,0.0,0.0,0.0,0.0,0.0
50989.86,0.9723574585518618,0.0,17421.0,37.0,0.25704999999927086,31.5625,32.375,37.01000000000005,0.0,0.0,0.0,0.0,0.0,20.0,0.3,0.1,0.2,0.1,0.4,0.1,0.1,0.1,0.5,0.0,65535.0,0.17961394674601358,0.0,65535.0,0.13162432288090334,0.0,0.0,0.0,0.0,0.0,0.0,0.0,0.0,0.0,0.0
51049.9,0.9656536881995014,0.0,17421.0,37.0,0.2532499999992601,31.5625,32.3125,36.89000000000004,0.0,0.0,0.0,0.0,0.0,20.0,0.3,0.1,0.2,0.1,0.4,0.1,0.1,0.1,0.5,0.0,65535.0,0.1804226749065385,0.0,65535.0,0.1318379491874571,0.0,0.0,0.0,0.0,0.0,0.0,0.0,0.0,0.0,0.0
51109.94,0.9675364196648442,0.0,17421.0,37.0,0.22464999999926763,31.5,32.375,36.79000000000002,0.0,0.0,0.0,0.0,0.0,20.0,0.3,0.1,0.2,0.1,0.4,0.1,0.1,0.1,0.5,0.0,65535.0,0.18103303578240634,0.0,65535.0,0.13212787060349432,0.0,0.0,0.0,0.0,0.0,0.0,0.0,0.0,0.0,0.0
51169.99,0.9650656608584317,0.0,17421.0,37.0,0.2031499999992562,31.5,32.4375,36.950000000000045,0.0,0.0,0.0,0.0,0.0,20.0,0.3,0.1,0.2,0.1,0.4,0.1,0.1,0.1,0.5,0.0,65535.0,0.18066681925688563,0.0,65535.0,0.13292133974212253,0.0,0.0,0.0,0.0,0.0,0.0,0.0,0.0,0.0,0.0
51230.03,0.9567606094963186,0.0,17421.0,37.0,0.24814999999925705,31.5625,32.3125,37.01000000000005,0.0,0.0,0.0,0.0,0.0,20.0,0.3,0.1,0.2,0.1,0.4,0.1,0.1,0.1,0.5,0.0,65535.0,0.18141451132982375,0.0,65535.0,0.13273823147936217,0.0,0.0,0.0,0.0,0.0,0.0,0.0,0.0,0.0,0.0
51290.08,0.9627218756310156,0.0,17421.0,37.0,0.24524999999926053,31.5625,32.375,36.950000000000045,0.0,0.0,0.0,0.0,0.0,20.0,0.3,0.1,0.2,0.1,0.4,0.1,0.1,0.1,0.5,0.0,65535.0,0.1808194094758526,0.0,65535.0,0.13226520180056459,0.0,0.0,0.0,0.0,0.0,0.0,0.0,0.0,0.0,0.0
51350.15,0.9723927663345107,0.0,17421.0,37.0,0.24494999999925995,31.5,32.375,36.97000000000003,0.0,0.0,0.0,0.0,0.0,20.0,0.3,0.1,0.2,0.1,0.4,0.1,0.1,0.1,0.5,0.0,65535.0,0.18141451132982375,0.0,65535.0,0.13295185778591592,0.0,0.0,0.0,0.0,0.0,0.0,0.0,0.0,0.0,0.0
51410.24,0.9671114047769026,0.0,17421.0,37.0,0.14984999999925522,31.5,32.375,36.97000000000003,0.0,0.0,0.0,0.0,0.0,20.0,0.3,0.1,0.2,0.1,0.4,0.1,0.1,0.1,0.5,0.0,65535.0,0.18112458991378652,0.0,65535.0,0.1318074311436637,0.0,0.0,0.0,0.0,0.0,0.0,0.0,0.0,0.0,0.0
51470.32,0.9788507655476548,0.0,17421.0,37.0,0.1765499999992551,31.5,32.375,36.97000000000003,0.0,0.0,0.0,0.0,0.0,20.0,0.3,0.1,0.2,0.1,0.4,0.1,0.1,0.1,0.5,0.0,65535.0,0.18223849851224536,0.0,65535.0,0.13324177920195315,0.0,0.0,0.0,0.0,0.0,0.0,0.0,0.0,0.0,0.0
51530.39,0.9702869943238602,0.0,17421.0,37.0,0.26744999999925767,31.5,32.375,36.79000000000002,0.0,0.0,0.0,0.0,0.0,20.0,0.3,0.1,0.2,0.1,0.4,0.1,0.1,0.1,0.5,0.0,65535.0,0.18138399328603036,0.0,65535.0,0.13418783855954833,0.0,0.0,0.0,0.0,0.0,0.0,0.0,0.0,0.0,0.0
51590.46,0.9609935586522339,0.0,17421.0,37.0,0.22304999999925543,31.4375,32.375,36.710000000000036,0.0,0.0,0.0,0.0,0.0,20.0,0.3,0.1,0.2,0.1,0.4,0.1,0.1,0.1,0.5,0.0,65535.0,0.18226901655603875,0.0,65535.0,0.1330739299610895,0.0,0.0,0.0,0.0,0.0,0.0,0.0,0.0,0.0,0.0
51650.5,0.9589303059749348,0.0,17421.0,37.0,0.2601499999992509,31.5,32.3125,36.77000000000004,0.0,0.0,0.0,0.0,0.0,20.0,0.3,0.1,0.2,0.1,0.4,0.1,0.1,0.1,0.5,0.0,65535.0,0.18263523308155946,0.0,65535.0,0.1339131761654078,0.0,0.0,0.0,0.0,0.0,0.0,0.0,0.0,0.0,0.0
51710.55,0.9958552514728803,0.0,17421.0,37.0,0.1898499999992572,31.5,32.375,36.79000000000002,0.0,0.0,0.0,0.0,0.0,20.0,0.3,0.1,0.2,0.1,0.4,0.1,0.1,0.1,0.5,0.0,65535.0,0.18402380407415886,0.0,65535.0,0.13438620584420538,0.0,0.0,0.0,0.0,0.0,0.0,0.0,0.0,0.0,0.0
51770.62,0.9722378133320587,0.0,17421.0,37.0,0.18564999999925674,31.4375,32.375,36.79000000000002,0.0,0.0,0.0,0.0,0.0,20.0,0.3,0.1,0.2,0.1,0.4,0.1,0.1,0.1,0.5,0.0,65535.0,0.18277256427862973,0.0,65535.0,0.133501182574197,0.0,0.0,0.0,0.0,0.0,0.0,0.0,0.0,0.0,0.0
51830.68,0.9738278228192165,0.0,17421.0,37.0,0.23564999999925304,31.5,32.375,36.81,0.0,0.0,0.0,0.0,0.0,20.0,0.3,0.1,0.2,0.1,0.4,0.1,0.1,0.1,0.5,0.0,65535.0,0.18316929884794383,0.0,65535.0,0.13354695963988708,0.0,0.0,0.0,0.0,0.0,0.0,0.0,0.0,0.0,0.0
51890.75,0.9790746856612759,0.0,17421.0,37.0,0.20354999999925125,31.5,32.375,36.93000000000001,0.0,0.0,0.0,0.0,0.0,20.0,0.3,0.1,0.2,0.1,0.4,0.1,0.1,0.1,0.5,0.0,65535.0,0.18362706950484475,0.0,65535.0,0.1339284351873045,0.0,0.0,0.0,0.0,0.0,0.0,0.0,0.0,0.0,0.0
51950.8,0.9725044564967634,0.0,17421.0,37.0,0.2580499999992477,31.5,32.4375,36.85000000000002,0.0,0.0,0.0,0.0,0.0,20.0,0.3,0.1,0.2,0.1,0.4,0.1,0.1,0.1,0.5,0.0,65535.0,0.18364232852674145,0.0,65535.0,0.13411154345006485,0.0,0.0,0.0,0.0,0.0,0.0,0.0,0.0,0.0,0.0
52010.87,0.9595545789712154,0.0,17421.0,37.0,0.2156499999992553,31.4375,32.375,36.97000000000003,0.0,0.0,0.0,0.0,0.0,20.0,0.3,0.1,0.2,0.1,0.4,0.1,0.1,0.1,0.5,0.0,65535.0,0.18307774471656366,0.0,65535.0,0.13313496604867628,0.0,0.0,0.0,0.0,0.0,0.0,0.0,0.0,0.0,0.0
52070.9,0.9683022820839107,0.0,17421.0,37.0,0.21974999999924985,31.5,32.375,36.85000000000002,0.0,0.0,0.0,0.0,0.0,20.0,0.3,0.1,0.2,0.1,0.4,0.1,0.1,0.1,0.5,0.0,65535.0,0.183260852979324,0.0,65535.0,0.13441672388799877,0.0,0.0,0.0,0.0,0.0,0.0,0.0,0.0,0.0,0.0
52130.94,0.9713752519382689,0.0,17421.0,37.0,0.26624999999925103,31.4375,32.375,36.79000000000002,0.0,0.0,0.0,0.0,0.0,20.0,0.3,0.1,0.2,0.1,0.4,0.1,0.1,0.1,0.5,0.0,65535.0,0.1843137254901961,0.0,65535.0,0.13479819943541618,0.0,0.0,0.0,0.0,0.0,0.0,0.0,0.0,0.0,0.0
52191.0,0.9888783749222825,0.0,17421.0,37.0,0.2586499999992446,31.5,32.375,36.97000000000003,0.0,0.0,0.0,0.0,0.0,20.0,0.3,0.1,0.2,0.1,0.4,0.1,0.1,0.1,0.5,0.0,65535.0,0.18411535820553904,0.0,65535.0,0.13488975356679636,0.0,0.0,0.0,0.0,0.0,0.0,0.0,0.0,0.0,0.0
52251.08,0.9882800185944768,0.0,17421.0,37.0,0.23074999999924242,31.5,32.375,36.870000000000005,0.0,0.0,0.0,0.0,0.0,20.0,0.3,0.1,0.2,0.1,0.4,0.1,0.1,0.1,0.5,0.0,65535.0,0.18411535820553904,0.0,65535.0,0.13463035019455252,0.0,0.0,0.0,0.0,0.0,0.0,0.0,0.0,0.0,0.0
52311.15,0.964714589852962,0.0,17421.0,37.0,0.2256499999992411,31.5,32.375,36.950000000000045,0.0,0.0,0.0,0.0,0.0,20.0,0.3,0.1,0.2,0.1,0.4,0.1,0.1,0.1,0.5,0.0,65535.0,0.18478675516899368,0.0,65535.0,0.1342641336690318,0.0,0.0,0.0,0.0,0.0,0.0,0.0,0.0,0.0,0.0
52371.23,0.9728037191034979,0.0,17421.0,37.0,0.2792499999992517,31.4375,32.375,37.05000000000001,0.0,0.0,0.0,0.0,0.0,20.0,0.3,0.1,0.2,0.1,0.4,0.1,0.1,0.1,0.5,0.0,65535.0,0.1842526894026093,0.0,65535.0,0.13461509117265583,0.0,0.0,0.0,0.0,0.0,0.0,0.0,0.0,0.0,0.0
52431.31,0.9867299308303494,0.0,17421.0,37.0,0.2045499999992486,31.5,32.3125,37.170000000000016,0.0,0.0,0.0,0.0,0.0,20.0,0.3,0.1,0.2,0.1,0.4,0.1,0.1,0.1,0.5,0.0,65535.0,0.18396276798657207,0.0,65535.0,0.13550011444266422,0.0,0.0,0.0,0.0,0.0,0.0,0.0,0.0,0.0,0.0
52491.38,0.9802295817187379,0.0,17421.0,37.0,0.23924999999924462,31.5,32.375,36.89000000000004,0.0,0.0,0.0,0.0,0.0,20.0,0.3,0.1,0.2,0.1,0.4,0.1,0.1,0.1,0.5,0.0,65535.0,0.18460364690623332,0.0,65535.0,0.13525597009231707,0.0,0.0,0.0,0.0,0.0,0.0,0.0,0.0,0.0,0.0
52551.43,0.9910442274683703,0.0,17421.0,37.0,0.18474999999924643,31.5,32.3125,37.05000000000001,0.0,0.0,0.0,0.0,0.0,20.0,0.3,0.1,0.2,0.1,0.4,0.1,0.1,0.1,0.5,0.0,65535.0,0.18481727321278707,0.0,65535.0,0.13585107194628823,0.0,0.0,0.0,0.0,0.0,0.0,0.0,0.0,0.0,0.0
52611.47,0.981792782574993,0.0,17421.0,37.0,0.20024999999924142,31.5,32.375,36.85000000000002,0.0,0.0,0.0,0.0,0.0,20.0,0.3,0.1,0.2,0.1,0.4,0.1,0.1,0.1,0.5,0.0,65535.0,0.18574807354848555,0.0,65535.0,0.13589684901197832,0.0,0.0,0.0,0.0,0.0,0.0,0.0,0.0,0.0,0.0
52671.52,0.9768004263013732,0.0,17421.0,37.0,0.2517499999992372,31.5,32.3125,36.870000000000005,0.0,0.0,0.0,0.0,0.0,20.0,0.3,0.1,0.2,0.1,0.4,0.1,0.1,0.1,0.5,0.0,65535.0,0.1855497062638285,0.0,65535.0,0.13676661326009004,0.0,0.0,0.0,0.0,0.0,0.0,0.0,0.0,0.0,0.0
52731.56,0.9851217870701889,0.0,17421.0,37.0,0.19994999999923913,31.4375,32.3125,36.870000000000005,0.0,0.0,0.0,0.0,0.0,20.0,0.3,0.1,0.2,0.1,0.4,0.1,0.1,0.1,0.5,0.0,65535.0,0.18570229648279546,0.0,65535.0,0.13543907835507743,0.0,0.0,0.0,0.0,0.0,0.0,0.0,0.0,0.0,0.0
52791.64,0.9741838419881573,0.0,17421.0,37.0,0.25264999999923554,31.4375,32.375,36.73000000000002,0.0,0.0,0.0,0.0,0.0,20.0,0.3,0.1,0.2,0.1,0.4,0.1,0.1,0.1,0.5,0.0,65535.0,0.18489356832227055,0.0,65535.0,0.13607995727473868,0.0,0.0,0.0,0.0,0.0,0.0,0.0,0.0,0.0,0.0
52851.71,0.9749857306986675,0.0,17421.0,37.0,0.24594999999924416,31.5,32.375,36.73000000000002,0.0,0.0,0.0,0.0,0.0,20.0,0.3,0.1,0.2,0.1,0.4,0.1,0.1,0.1,0.5,0.0,65535.0,0.18620584420538644,0.0,65535.0,0.13575951781490805,0.0,0.0,0.0,0.0,0.0,0.0,0.0,0.0,0.0,0.0
52911.79,0.9734795762073406,0.0,17421.0,37.0,0.3004499999992406,31.4375,32.375,36.81,0.0,0.0,0.0,0.0,0.0,20.0,0.3,0.1,0.2,0.1,0.4,0.1,0.1,0.1,0.5,0.0,65535.0,0.18518348973830778,0.0,65535.0,0.13617151140611886,0.0,0.0,0.0,0.0,0.0,0.0,0.0,0.0,0.0,0.0
52971.86,0.980514434842506,0.0,17421.0,37.0,0.18624999999924075,31.4375,32.3125,36.85000000000002,0.0,0.0,0.0,0.0,0.0,20.0,0.3,0.1,0.2,0.1,0.4,0.1,0.1,0.1,0.5,0.0,65535.0,0.18611429007400626,0.0,65535.0,0.13611047531853207,0.0,0.0,0.0,0.0,0.0,0.0,0.0,0.0,0.0,0.0
53031.9,0.9886545791558938,0.0,17421.0,37.0,0.2003499999992404,31.4375,32.375,36.870000000000005,0.0,0.0,0.0,0.0,0.0,20.0,0.3,0.1,0.2,0.1,0.4,0.1,0.1,0.1,0.5,0.0,65535.0,0.18617532616159305,0.0,65535.0,0.13685816739147022,0.0,0.0,0.0,0.0,0.0,0.0,0.0,0.0,0.0,0.0
53091.97,0.9689133072570204,0.0,17421.0,37.0,0.2589499999992323,31.5,32.3125,36.950000000000045,0.0,0.0,0.0,0.0,0.0,20.0,0.3,0.1,0.2,0.1,0.4,0.1,0.1,0.1,0.5,0.0,65535.0,0.18616006713969635,0.0,65535.0,0.1364309147783627,0.0,0.0,0.0,0.0,0.0,0.0,0.0,0.0,0.0,0.0
53152.0,0.9694103538265216,0.0,17421.0,37.0,0.2071499999992342,31.5,32.3125,36.93000000000001,0.0,0.0,0.0,0.0,0.0,20.0,0.3,0.1,0.2,0.1,0.4,0.1,0.1,0.1,0.5,0.0,65535.0,0.1859159227893492,0.0,65535.0,0.13659876401922635,0.0,0.0,0.0,0.0,0.0,0.0,0.0,0.0,0.0,0.0
53212.09,0.9709470040669758,0.0,17421.0,37.0,0.24894999999923964,31.5,32.375,36.950000000000045,0.0,0.0,0.0,0.0,0.0,20.0,0.3,0.1,0.2,0.1,0.4,0.1,0.1,0.1,0.5,0.0,65535.0,0.18692301823453117,0.0,65535.0,0.1368886854352636,0.0,0.0,0.0,0.0,0.0,0.0,0.0,0.0,0.0,0.0
53272.14,0.9750830072824782,0.0,17421.0,37.0,0.24454999999922858,31.5,32.3125,37.01000000000005,0.0,0.0,0.0,0.0,0.0,20.0,0.3,0.1,0.2,0.1,0.4,0.1,0.1,0.1,0.5,0.0,65535.0,0.18658731975280385,0.0,65535.0,0.13727016098268102,0.0,0.0,0.0,0.0,0.0,0.0,0.0,0.0,0.0,0.0
53332.18,0.9758295678878617,0.0,17421.0,37.0,0.2183499999992365,31.5,32.375,36.89000000000004,0.0,0.0,0.0,0.0,0.0,20.0,0.3,0.1,0.2,0.1,0.4,0.1,0.1,0.1,0.5,0.0,65535.0,0.18619058518348974,0.0,65535.0,0.13687342641336692,0.0,0.0,0.0,0.0,0.0,0.0,0.0,0.0,0.0,0.0
53392.25,0.9745270478078986,0.0,17421.0,37.0,0.24894999999923706,31.5,32.375,37.05000000000001,0.0,0.0,0.0,0.0,0.0,20.0,0.3,0.1,0.2,0.1,0.4,0.1,0.1,0.1,0.5,0.0,65535.0,0.18672465094987412,0.0,65535.0,0.1369802395666438,0.0,0.0,0.0,0.0,0.0,0.0,0.0,0.0,0.0,0.0
53452.31,0.9877107380400398,0.0,17421.0,37.0,0.21894999999923506,31.5,32.3125,37.01000000000005,0.0,0.0,0.0,0.0,0.0,20.0,0.3,0.1,0.2,0.1,0.4,0.1,0.1,0.1,0.5,0.0,65535.0,0.18654154268711376,0.0,65535.0,0.1369344625009537,0.0,0.0,0.0,0.0,0.0,0.0,0.0,0.0,0.0,0.0
53512.36,0.9766717796770501,0.0,17421.0,37.0,0.23774999999923047,31.5,32.3125,36.97000000000003,0.0,0.0,0.0,0.0,0.0,20.0,0.3,0.1,0.2,0.1,0.4,0.1,0.1,0.1,0.5,0.0,65535.0,0.18735027084763867,0.0,65535.0,0.13745326924544138,0.0,0.0,0.0,0.0,0.0,0.0,0.0,0.0,0.0,0.0
53572.4,0.9822379267064064,0.0,17421.0,37.0,0.2271499999992242,31.5,32.3125,36.690000000000055,0.0,0.0,0.0,0.0,0.0,20.0,0.3,0.1,0.2,0.1,0.4,0.1,0.1,0.1,0.5,0.0,65535.0,0.1872281986724651,0.0,65535.0,0.13878080415045396,0.0,0.0,0.0,0.0,0.0,0.0,0.0,0.0,0.0,0.0
53632.44,0.9885862532116052,0.0,17421.0,37.0,0.17324999999922633,31.4375,32.3125,36.79000000000002,0.0,0.0,0.0,0.0,0.0,20.0,0.3,0.1,0.2,0.1,0.4,0.1,0.1,0.1,0.5,0.0,65535.0,0.1880064087891966,0.0,65535.0,0.13797207598992905,0.0,0.0,0.0,0.0,0.0,0.0,0.0,0.0,0.0,0.0
53692.52,0.9778098976939408,0.0,17421.0,37.0,0.2385499999992229,31.4375,32.375,36.73000000000002,0.0,0.0,0.0,0.0,0.0,20.0,0.3,0.1,0.2,0.1,0.4,0.1,0.1,0.1,0.5,0.0,65535.0,0.18866254673075455,0.0,65535.0,0.13841458762493325,0.0,0.0,0.0,0.0,0.0,0.0,0.0,0.0,0.0,0.0
53752.57,0.9701270786989973,0.0,17421.0,37.0,0.26094999999923263,31.4375,32.375,36.79000000000002,0.0,0.0,0.0,0.0,0.0,20.0,0.3,0.1,0.2,0.1,0.4,0.1,0.1,0.1,0.5,0.0,65535.0,0.18777752346074617,0.0,65535.0,0.13813992523079272,0.0,0.0,0.0,0.0,0.0,0.0,0.0,0.0,0.0,0.0
53812.62,0.9766923544262869,0.0,17421.0,37.0,0.2792499999992328,31.4375,32.375,36.85000000000002,0.0,0.0,0.0,0.0,0.0,20.0,0.3,0.1,0.2,0.1,0.4,0.1,0.1,0.1,0.5,0.0,65535.0,0.18687724116884108,0.0,65535.0,0.13791103990234227,0.0,0.0,0.0,0.0,0.0,0.0,0.0,0.0,0.0,0.0
53872.66,0.97845234694125,0.0,17421.0,37.0,0.2077499999992242,31.4375,32.375,36.870000000000005,0.0,0.0,0.0,0.0,0.0,20.0,0.3,0.1,0.2,0.1,0.4,0.1,0.1,0.1,0.5,0.0,65535.0,0.1884641794460975,0.0,65535.0,0.13785000381475548,0.0,0.0,0.0,0.0,0.0,0.0,0.0,0.0,0.0,0.0
53932.73,0.9702929237560751,0.0,17421.0,37.0,0.2353499999992241,31.5,32.375,37.03000000000003,0.0,0.0,0.0,0.0,0.0,20.0,0.3,0.1,0.2,0.1,0.4,0.1,0.1,0.1,0.5,0.0,65535.0,0.18866254673075455,0.0,65535.0,0.13798733501182575,0.0,0.0,0.0,0.0,0.0,0.0,0.0,0.0,0.0,0.0
53992.83,0.9785885306194434,0.0,17421.0,37.0,0.23504999999922352,31.4375,32.3125,36.81,0.0,0.0,0.0,0.0,0.0,20.0,0.3,0.1,0.2,0.1,0.4,0.1,0.1,0.1,0.5,0.0,65535.0,0.18896772716868848,0.0,65535.0,0.13879606317235066,0.0,0.0,0.0,0.0,0.0,0.0,0.0,0.0,0.0,0.0
54052.88,0.989438137942883,0.0,17421.0,37.0,0.27714999999922957,31.4375,32.375,36.97000000000003,0.0,0.0,0.0,0.0,0.0,20.0,0.3,0.1,0.2,0.1,0.4,0.1,0.1,0.1,0.5,0.0,65535.0,0.18919661249713893,0.0,65535.0,0.13878080415045396,0.0,0.0,0.0,0.0,0.0,0.0,0.0,0.0,0.0,0.0
54112.94,0.9920073276333318,0.0,17421.0,37.0,0.23954999999922283,31.4375,32.375,36.81,0.0,0.0,0.0,0.0,0.0,20.0,0.3,0.1,0.2,0.1,0.4,0.1,0.1,0.1,0.5,0.0,65535.0,0.18902876325627527,0.0,65535.0,0.1382009613183795,0.0,0.0,0.0,0.0,0.0,0.0,0.0,0.0,0.0,0.0
54173.0,0.9625498963126953,0.0,17421.0,37.0,0.22624999999921647,31.5,32.375,36.97000000000003,0.0,0.0,0.0,0.0,0.0,20.0,0.3,0.1,0.2,0.1,0.4,0.1,0.1,0.1,0.5,0.0,65535.0,0.18822003509575036,0.0,65535.0,0.13785000381475548,0.0,0.0,0.0,0.0,0.0,0.0,0.0,0.0,0.0,0.0
54233.05,0.9724265876802383,0.0,17421.0,37.0,0.2253499999992156,31.4375,32.375,36.97000000000003,0.0,0.0,0.0,0.0,0.0,20.0,0.3,0.1,0.2,0.1,0.4,0.1,0.1,0.1,0.5,0.0,65535.0,0.1897611963073167,0.0,65535.0,0.13925383382925155,0.0,0.0,0.0,0.0,0.0,0.0,0.0,0.0,0.0,0.0
54293.11,0.9701609990147015,0.0,17421.0,37.0,0.24154999999921506,31.4375,32.3125,36.73000000000002,0.0,0.0,0.0,0.0,0.0,20.0,0.3,0.1,0.2,0.1,0.4,0.1,0.1,0.1,0.5,0.0,65535.0,0.18908979934386205,0.0,65535.0,0.13833829251544977,0.0,0.0,0.0,0.0,0.0,0.0,0.0,0.0,0.0,0.0
54353.18,0.9751753814062898,0.0,17421.0,37.0,0.2377499999992185,31.4375,32.375,36.870000000000005,0.0,0.0,0.0,0.0,0.0,20.0,0.3,0.1,0.2,0.1,0.4,0.1,0.1,0.1,0.5,0.0,65535.0,0.1897306782635233,0.0,65535.0,0.13966582742046235,0.0,0.0,0.0,0.0,0.0,0.0,0.0,0.0,0.0,0.0
54413.26,0.9843783660155254,0.0,17421.0,37.0,0.200949999999221,31.4375,32.375,36.950000000000045,0.0,0.0,0.0,0.0,0.0,20.0,0.3,0.1,0.2,0.1,0.4,0.1,0.1,0.1,0.5,0.0,65535.0,0.1897154192416266,0.0,65535.0,0.13962005035477226,0.0,0.0,0.0,0.0,0.0,0.0,0.0,0.0,0.0,0.0
54473.33,0.9734861527790728,0.0,17421.0,37.0,0.22414999999921156,31.5,32.3125,36.93000000000001,0.0,0.0,0.0,0.0,0.0,20.0,0.3,0.1,0.2,0.1,0.4,0.1,0.1,0.1,0.5,0.0,65535.0,0.1897611963073167,0.0,65535.0,0.1386739909971771,0.0,0.0,0.0,0.0,0.0,0.0,0.0,0.0,0.0,0.0
54533.41,0.9730380629539026,0.0,17421.0,37.0,0.20354999999921436,31.4375,32.3125,36.650000000000034,0.0,0.0,0.0,0.0,0.0,20.0,0.3,0.1,0.2,0.1,0.4,0.1,0.1,0.1,0.5,0.0,65535.0,0.1897306782635233,0.0,65535.0,0.13923857480735485,0.0,0.0,0.0,0.0,0.0,0.0,0.0,0.0,0.0,0.0
54593.45,0.9790586906974466,0.0,17421.0,37.0,0.21914999999921436,31.375,32.375,36.93000000000001,0.0,0.0,0.0,0.0,0.0,20.0,0.3,0.1,0.2,0.1,0.4,0.1,0.1,0.1,0.5,0.0,65535.0,0.19073777370870526,0.0,65535.0,0.13876554512855727,0.0,0.0,0.0,0.0,0.0,0.0,0.0,0.0,0.0,0.0
54653.5,0.9839554218237503,0.0,17421.0,37.0,0.240649999999209,31.4375,32.375,36.77000000000004,0.0,0.0,0.0,0.0,0.0,20.0,0.3,0.1,0.2,0.1,0.4,0.1,0.1,0.1,0.5,0.0,65535.0,0.1905699244678416,0.0,65535.0,0.14085603112840467,0.0,0.0,0.0,0.0,0.0,0.0,0.0,0.0,0.0,0.0
54713.54,0.9653467428442289,0.0,17421.0,37.0,0.24654999999921784,31.4375,32.375,36.73000000000002,0.0,0.0,0.0,0.0,0.0,20.0,0.3,0.1,0.2,0.1,0.4,0.1,0.1,0.1,0.5,0.0,65535.0,0.1901731898985275,0.0,65535.0,0.13974212252994583,0.0,0.0,0.0,0.0,0.0,0.0,0.0,0.0,0.0,0.0
54773.58,0.9661475508001567,0.0,17421.0,37.0,0.19914999999921576,31.4375,32.375,36.77000000000004,0.0,0.0,0.0,0.0,0.0,20.0,0.3,0.1,0.2,0.1,0.4,0.1,0.1,0.1,0.5,0.0,65535.0,0.1905546654459449,0.0,65535.0,0.13962005035477226,0.0,0.0,0.0,0.0,0.0,0.0,0.0,0.0,0.0,0.0
54833.63,0.9821289668153178,0.0,17421.0,37.0,0.22264999999920604,31.4375,32.3125,36.93000000000001,0.0,0.0,0.0,0.0,0.0,20.0,0.3,0.1,0.2,0.1,0.4,0.1,0.1,0.1,0.5,0.0,65535.0,0.19119554436560615,0.0,65535.0,0.14000152590218967,0.0,0.0,0.0,0.0,0.0,0.0,0.0,0.0,0.0,0.0
54893.71,0.9763737906660421,0.0,17421.0,37.0,0.24034999999920584,31.375,32.375,36.73000000000002,0.0,0.0,0.0,0.0,0.0,20.0,0.3,0.1,0.2,0.1,0.4,0.1,0.1,0.1,0.5,0.0,65535.0,0.1915770199130236,0.0,65535.0,0.14013885709925994,0.0,0.0,0.0,0.0,0.0,0.0,0.0,0.0,0.0,0.0
54953.78,0.9697975191461154,0.0,17421.0,37.0,0.21654999999921412,31.4375,32.375,36.77000000000004,0.0,0.0,0.0,0.0,0.0,20.0,0.3,0.1,0.2,0.1,0.4,0.1,0.1,0.1,0.5,0.0,65535.0,0.19023422598611428,0.0,65535.0,0.14050507362478065,0.0,0.0,0.0,0.0,0.0,0.0,0.0,0.0,0.0,0.0
55013.85,0.9681155245295486,0.0,17421.0,37.0,0.2392499999992094,31.5,32.375,36.650000000000034,0.0,0.0,0.0,0.0,0.0,20.0,0.3,0.1,0.2,0.1,0.4,0.1,0.1,0.1,0.5,0.0,65535.0,0.19185168230716412,0.0,65535.0,0.14055085069047074,0.0,0.0,0.0,0.0,0.0,0.0,0.0,0.0,0.0,0.0
55073.91,0.9730841955156888,0.0,17421.0,37.0,0.24164999999920891,31.5,32.3125,36.950000000000045,0.0,0.0,0.0,0.0,0.0,20.0,0.3,0.1,0.2,0.1,0.4,0.1,0.1,0.1,0.5,0.0,65535.0,0.1909666590371557,0.0,65535.0,0.13971160448615244,0.0,0.0,0.0,0.0,0.0,0.0,0.0,0.0,0.0,0.0
55133.99,0.9873481279972767,0.0,17421.0,37.0,0.24894999999921305,31.5,32.375,37.110000000000014,0.0,0.0,0.0,0.0,0.0,20.0,0.3,0.1,0.2,0.1,0.4,0.1,0.1,0.1,0.5,0.0,65535.0,0.1915007248035401,0.0,65535.0,0.1411001754787518,0.0,0.0,0.0,0.0,0.0,0.0,0.0,0.0,0.0,0.0
55194.04,0.9768259671467305,0.0,17421.0,37.0,0.2286499999992014,31.5,32.375,36.93000000000001,0.0,0.0,0.0,0.0,0.0,20.0,0.3,0.1,0.2,0.1,0.4,0.1,0.1,0.1,0.5,0.0,65535.0,0.19176012817578394,0.0,65535.0,0.1411459525444419,0.0,0.0,0.0,0.0,0.0,0.0,0.0,0.0,0.0,0.0
55254.08,0.9713503505738497,0.0,17421.0,37.0,0.24714999999921128,31.5,32.375,36.79000000000002,0.0,0.0,0.0,0.0,0.0,20.0,0.3,0.1,0.2,0.1,0.4,0.1,0.1,0.1,0.5,0.0,65535.0,0.19177538719768064,0.0,65535.0,0.14062714579995422,0.0,0.0,0.0,0.0,0.0,0.0,0.0,0.0,0.0,0.0
55314.12,0.9757479783604363,0.0,17421.0,37.0,0.1974499999991988,31.5,32.375,36.79000000000002,0.0,0.0,0.0,0.0,0.0,20.0,0.3,0.1,0.2,0.1,0.4,0.1,0.1,0.1,0.5,0.0,65535.0,0.19124132143129624,0.0,65535.0,0.14108491645685511,0.0,0.0,0.0,0.0,0.0,0.0,0.0,0.0,0.0,0.0
55374.17,0.9764713606345901,0.0,17421.0,37.0,0.21954999999920882,31.4375,32.375,36.85000000000002,0.0,0.0,0.0,0.0,0.0,20.0,0.3,0.1,0.2,0.1,0.4,0.1,0.1,0.1,0.5,0.0,65535.0,0.19244678416113528,0.0,65535.0,0.14129854276340886,0.0,0.0,0.0,0.0,0.0,0.0,0.0,0.0,0.0,0.0
55434.21,0.9663562205944587,0.0,17421.0,37.0,0.21954999999920796,31.5,32.375,36.89000000000004,0.0,0.0,0.0,0.0,0.0,20.0,0.3,0.1,0.2,0.1,0.4,0.1,0.1,0.1,0.5,0.0,65535.0,0.19208056763561457,0.0,65535.0,0.1411764705882353,0.0,0.0,0.0,0.0,0.0,0.0,0.0,0.0,0.0,0.0
55494.28,0.9801834958715734,0.0,17421.0,37.0,0.22244999999920276,31.4375,32.3125,36.77000000000004,0.0,0.0,0.0,0.0,0.0,20.0,0.3,0.1,0.2,0.1,0.4,0.1,0.1,0.1,0.5,0.0,65535.0,0.19288929579613948,0.0,65535.0,0.14097810330357824,0.0,0.0,0.0,0.0,0.0,0.0,0.0,0.0,0.0,0.0
55554.34,0.9860339531920351,0.0,17421.0,37.0,0.22894999999919685,31.5,32.375,36.97000000000003,0.0,0.0,0.0,0.0,0.0,20.0,0.3,0.1,0.2,0.1,0.4,0.1,0.1,0.1,0.5,0.0,65535.0,0.19299610894941635,0.0,65535.0,0.14108491645685511,0.0,0.0,0.0,0.0,0.0,0.0,0.0,0.0,0.0,0.0
55614.4,0.9824481173863564,0.0,17421.0,37.0,0.24544999999919603,31.5,32.375,36.89000000000004,0.0,0.0,0.0,0.0,0.0,20.0,0.3,0.1,0.2,0.1,0.4,0.1,0.1,0.1,0.5,0.0,65535.0,0.19227893492027162,0.0,65535.0,0.14065766384374762,0.0,0.0,0.0,0.0,0.0,0.0,0.0,0.0,0.0,0.0
55674.47,0.9735939022284545,0.0,17421.0,37.0,0.20664999999920375,31.5,32.3125,36.97000000000003,0.0,0.0,0.0,0.0,0.0,20.0,0.3,0.1,0.2,0.1,0.4,0.1,0.1,0.1,0.5,0.0,65535.0,0.19310292210269323,0.0,65535.0,0.1416037232013428,0.0,0.0,0.0,0.0,0.0,0.0,0.0,0.0,0.0,0.0
55734.54,0.9782003978713989,0.0,17421.0,37.0,0.2107499999991983,31.5,32.375,36.950000000000045,0.0,0.0,0.0,0.0,0.0,20.0,0.3,0.1,0.2,0.1,0.4,0.1,0.1,0.1,0.5,0.0,65535.0,0.1924162661173419,0.0,65535.0,0.14132906080720226,0.0,0.0,0.0,0.0,0.0,0.0,0.0,0.0,0.0,0.0
55794.62,0.9770364129606405,0.0,17421.0,37.0,0.1974499999991919,31.5625,32.375,37.09000000000003,0.0,0.0,0.0,0.0,0.0,20.0,0.3,0.1,0.2,0.1,0.4,0.1,0.1,0.1,0.5,0.0,65535.0,0.19330128938735028,0.0,65535.0,0.14250400549324788,0.0,0.0,0.0,0.0,0.0,0.0,0.0,0.0,0.0,0.0
55854.69,0.9888742221690648,0.0,17421.0,37.0,0.26424999999920307,31.5,32.375,36.81,0.0,0.0,0.0,0.0,0.0,20.0,0.3,0.1,0.2,0.1,0.4,0.1,0.1,0.1,0.5,0.0,65535.0,0.19369802395666438,0.0,65535.0,0.14186312657358663,0.0,0.0,0.0,0.0,0.0,0.0,0.0,0.0,0.0,0.0
55914.73,0.9800549983068457,0.0,17421.0,37.0,0.24044999999919628,31.5,32.375,36.89000000000004,0.0,0.0,0.0,0.0,0.0,20.0,0.3,0.1,0.2,0.1,0.4,0.1,0.1,0.1,0.5,0.0,65535.0,0.1935759517814908,0.0,65535.0,0.14297703517204546,0.0,0.0,0.0,0.0,0.0,0.0,0.0,0.0,0.0,0.0
55974.78,0.975990077848539,0.0,17421.0,37.0,0.24774999999920042,31.4375,32.375,36.950000000000045,0.0,0.0,0.0,0.0,0.0,20.0,0.3,0.1,0.2,0.1,0.4,0.1,0.1,0.1,0.5,0.0,65535.0,0.1931792172121767,0.0,65535.0,0.14129854276340886,0.0,0.0,0.0,0.0,0.0,0.0,0.0,0.0,0.0,0.0
56034.87,0.9789200439499135,0.0,17421.0,37.0,0.24424999999918937,31.5,32.375,36.870000000000005,0.0,0.0,0.0,0.0,0.0,20.0,0.3,0.1,0.2,0.1,0.4,0.1,0.1,0.1,0.5,0.0,65535.0,0.19414053559166858,0.0,65535.0,0.1420157167925536,0.0,0.0,0.0,0.0,0.0,0.0,0.0,0.0,0.0,0.0
56094.92,0.9728251280919102,0.0,17421.0,37.0,0.21894999999919731,31.4375,32.375,36.97000000000003,0.0,0.0,0.0,0.0,0.0,20.0,0.3,0.1,0.2,0.1,0.4,0.1,0.1,0.1,0.5,0.0,65535.0,0.19375906004425117,0.0,65535.0,0.1436636911573968,0.0,0.0,0.0,0.0,0.0,0.0,0.0,0.0,0.0,0.0
56154.98,0.968010834320878,0.0,17421.0,37.0,0.2177499999991967,31.5,32.3125,36.85000000000002,0.0,0.0,0.0,0.0,0.0,20.0,0.3,0.1,0.2,0.1,0.4,0.1,0.1,0.1,0.5,0.0,65535.0,0.19340810254062715,0.0,65535.0,0.1427939269092851,0.0,0.0,0.0,0.0,0.0,0.0,0.0,0.0,0.0,0.0
56215.05,0.9723983375873477,0.0,17421.0,37.0,0.22714999999918645,31.5,32.375,36.85000000000002,0.0,0.0,0.0,0.0,0.0,20.0,0.3,0.1,0.2,0.1,0.4,0.1,0.1,0.1,0.5,0.0,65535.0,0.19418631265735867,0.0,65535.0,0.1411764705882353,0.0,0.0,0.0,0.0,0.0,0.0,0.0,0.0,0.0,0.0
56275.09,0.979350537710246,0.0,17421.0,37.0,0.24864999999919615,31.5,32.375,36.870000000000005,0.0,0.0,0.0,0.0,0.0,20.0,0.3,0.1,0.2,0.1,0.4,0.1,0.1,0.1,0.5,0.0,65535.0,0.19504081788357366,0.0,65535.0,0.1440451667048142,0.0,0.0,0.0,0.0,0.0,0.0,0.0,0.0,0.0,0.0
56335.16,0.980381809855766,0.0,17421.0,37.0,0.2713499999991914,31.5,32.3125,36.950000000000045,0.0,0.0,0.0,0.0,0.0,20.0,0.3,0.1,0.2,0.1,0.4,0.1,0.1,0.1,0.5,0.0,65535.0,0.19473563744563974,0.0,65535.0,0.14273289082169832,0.0,0.0,0.0,0.0,0.0,0.0,0.0,0.0,0.0,0.0
56395.23,0.9705415536849867,0.0,17421.0,37.0,0.19924999999918255,31.5,32.375,37.05000000000001,0.0,0.0,0.0,0.0,0.0,20.0,0.3,0.1,0.2,0.1,0.4,0.1,0.1,0.1,0.5,0.0,65535.0,0.19455252918287938,0.0,65535.0,0.1440604257267109,0.0,0.0,0.0,0.0,0.0,0.0,0.0,0.0,0.0,0.0
56455.29,0.983701502873288,0.0,17421.0,37.0,0.20214999999919156,31.5,32.375,36.950000000000045,0.0,0.0,0.0,0.0,0.0,20.0,0.3,0.1,0.2,0.1,0.4,0.1,0.1,0.1,0.5,0.0,65535.0,0.1952697032120241,0.0,65535.0,0.14435034714274814,0.0,0.0,0.0,0.0,0.0,0.0,0.0,0.0,0.0,0.0
56515.37,0.9827666200436007,0.0,17421.0,37.0,0.23924999999918709,31.5,32.375,36.89000000000004,0.0,0.0,0.0,0.0,0.0,20.0,0.3,0.1,0.2,0.1,0.4,0.1,0.1,0.1,0.5,0.0,65535.0,0.1944304570077058,0.0,65535.0,0.14262607766842145,0.0,0.0,0.0,0.0,0.0,0.0,0.0,0.0,0.0,0.0
56575.44,0.9711010268357938,0.0,17421.0,37.0,0.22364999999918536,31.5625,32.375,37.05000000000001,0.0,0.0,0.0,0.0,0.0,20.0,0.3,0.1,0.2,0.1,0.4,0.1,0.1,0.1,0.5,0.0,65535.0,0.1956816968032349,0.0,65535.0,0.14372472724498359,0.0,0.0,0.0,0.0,0.0,0.0,0.0,0.0,0.0,0.0
56635.52,0.9800554207543445,0.0,17421.0,37.0,0.2236499999991845,31.4375,32.375,37.01000000000005,0.0,0.0,0.0,0.0,0.0,20.0,0.3,0.1,0.2,0.1,0.4,0.1,0.1,0.1,0.5,0.0,65535.0,0.19629205767910277,0.0,65535.0,0.14384679942015716,0.0,0.0,0.0,0.0,0.0,0.0,0.0,0.0,0.0,0.0
56695.58,0.9894303169546409,0.0,17421.0,37.0,0.22154999999918384,31.5,32.375,36.85000000000002,0.0,0.0,0.0,0.0,0.0,20.0,0.3,0.1,0.2,0.1,0.4,0.1,0.1,0.1,0.5,0.0,65535.0,0.19600213626306554,0.0,65535.0,0.14444190127412831,0.0,0.0,0.0,0.0,0.0,0.0,0.0,0.0,0.0,0.0
56755.64,0.981698735772421,0.0,17421.0,37.0,0.2374499999991836,31.5,32.375,36.950000000000045,0.0,0.0,0.0,0.0,0.0,20.0,0.3,0.1,0.2,0.1,0.4,0.1,0.1,0.1,0.5,0.0,65535.0,0.19537651636530098,0.0,65535.0,0.14299229419394216,0.0,0.0,0.0,0.0,0.0,0.0,0.0,0.0,0.0,0.0
56815.72,0.9886561282818953,0.0,17421.0,37.0,0.24014999999918285,31.5,32.375,37.01000000000005,0.0,0.0,0.0,0.0,0.0,20.0,0.3,0.1,0.2,0.1,0.4,0.1,0.1,0.1,0.5,0.0,65535.0,0.19600213626306554,0.0,65535.0,0.1441214618142977,0.0,0.0,0.0,0.0,0.0,0.0,0.0,0.0,0.0,0.0
56875.76,0.9641617333178878,0.0,17421.0,37.0,0.19414999999917523,31.5625,32.3125,36.97000000000003,0.0,0.0,0.0,0.0,0.0,20.0,0.3,0.1,0.2,0.1,0.4,0.1,0.1,0.1,0.5,0.0,65535.0,0.1953154802777142,0.0,65535.0,0.1432669565880827,0.0,0.0,0.0,0.0,0.0,0.0,0.0,0.0,0.0,0.0
56935.84,0.9951919564586325,0.0,17421.0,37.0,0.22234999999917546,31.5,32.375,36.77000000000004,0.0,0.0,0.0,0.0,0.0,20.0,0.3,0.1,0.2,0.1,0.4,0.1,0.1,0.1,0.5,0.0,65535.0,0.19685664148928053,0.0,65535.0,0.1445792324711986,0.0,0.0,0.0,0.0,0.0,0.0,0.0,0.0,0.0,0.0
56995.9,0.9875899864927637,0.0,17421.0,37.0,0.2453499999991855,31.4375,32.375,37.01000000000005,0.0,0.0,0.0,0.0,0.0,20.0,0.3,0.1,0.2,0.1,0.4,0.1,0.1,0.1,0.5,0.0,65535.0,0.1965209430075532,0.0,65535.0,0.14358739604791332,0.0,0.0,0.0,0.0,0.0,0.0,0.0,0.0,0.0,0.0
57055.97,0.981011170202986,0.0,17421.0,37.0,0.19854999999918288,31.4375,32.375,36.93000000000001,0.0,0.0,0.0,0.0,0.0,20.0,0.3,0.1,0.2,0.1,0.4,0.1,0.1,0.1,0.5,0.0,65535.0,0.1965514610513466,0.0,65535.0,0.1440451667048142,0.0,0.0,0.0,0.0,0.0,0.0,0.0,0.0,0.0,0.0
57116.01,0.9859264695177762,0.0,17421.0,37.0,0.21734999999917828,31.4375,32.3125,36.79000000000002,0.0,0.0,0.0,0.0,0.0,20.0,0.3,0.1,0.2,0.1,0.4,0.1,0.1,0.1,0.5,0.0,65535.0,0.19627679865720607,0.0,65535.0,0.1444876783398184,0.0,0.0,0.0,0.0,0.0,0.0,0.0,0.0,0.0,0.0
57176.06,0.9881549416564264,0.0,17421.0,37.0,0.2791499999991798,31.4375,32.375,36.89000000000004,0.0,0.0,0.0,0.0,0.0,20.0,0.3,0.1,0.2,0.1,0.4,0.1,0.1,0.1,0.5,0.0,65535.0,0.19752803845273517,0.0,65535.0,0.1446555275806821,0.0,0.0,0.0,0.0,0.0,0.0,0.0,0.0,0.0,0.0
57236.13,0.9788182531284728,0.0,17421.0,37.0,0.2565499999991727,31.4375,32.375,36.85000000000002,0.0,0.0,0.0,0.0,0.0,20.0,0.3,0.1,0.2,0.1,0.4,0.1,0.1,0.1,0.5,0.0,65535.0,0.19761959258411535,0.0,65535.0,0.14566262302586405,0.0,0.0,0.0,0.0,0.0,0.0,0.0,0.0,0.0,0.0
57296.18,0.9788706375251156,0.0,17421.0,37.0,0.25654999999917183,31.4375,32.375,36.950000000000045,0.0,0.0,0.0,0.0,0.0,20.0,0.3,0.1,0.2,0.1,0.4,0.1,0.1,0.1,0.5,0.0,65535.0,0.19645990691996643,0.0,65535.0,0.14567788204776075,0.0,0.0,0.0,0.0,0.0,0.0,0.0,0.0,0.0,0.0
57356.25,0.9944013161491208,0.0,17421.0,37.0,0.2592499999991711,31.4375,32.375,36.93000000000001,0.0,0.0,0.0,0.0,0.0,20.0,0.3,0.1,0.2,0.1,0.4,0.1,0.1,0.1,0.5,0.0,65535.0,0.19797055008773937,0.0,65535.0,0.14491493095292593,0.0,0.0,0.0,0.0,0.0,0.0,0.0,0.0,0.0,0.0
57416.31,0.9912399373154849,0.0,17421.0,37.0,0.2819499999991806,31.4375,32.375,36.950000000000045,0.0,0.0,0.0,0.0,0.0,20.0,0.3,0.1,0.2,0.1,0.4,0.1,0.1,0.1,0.5,0.0,65535.0,0.19763485160601205,0.0,65535.0,0.14425879301136796,0.0,0.0,0.0,0.0,0.0,0.0,0.0,0.0,0.0,0.0
57476.39,0.9902560234865183,0.0,17421.0,37.0,0.2407499999991737,31.5,32.3125,36.85000000000002,0.0,0.0,0.0,0.0,0.0,20.0,0.3,0.1,0.2,0.1,0.4,0.1,0.1,0.1,0.5,0.0,65535.0,0.1978789959563592,0.0,65535.0,0.1445029373617151,0.0,0.0,0.0,0.0,0.0,0.0,0.0,0.0,0.0,0.0
57536.47,0.975827653085183,0.0,17421.0,37.0,0.25254999999917804,31.5625,32.3125,36.89000000000004,0.0,0.0,0.0,0.0,0.0,20.0,0.3,0.1,0.2,0.1,0.4,0.1,0.1,0.1,0.5,0.0,65535.0,0.19812314030670633,0.0,65535.0,0.1458457312886244,0.0,0.0,0.0,0.0,0.0,0.0,0.0,0.0,0.0,0.0
57596.53,0.9661592312644026,0.0,17421.0,37.0,0.26254999999916806,31.5625,32.3125,36.950000000000045,0.0,0.0,0.0,0.0,0.0,20.0,0.3,0.1,0.2,0.1,0.4,0.1,0.1,0.1,0.5,0.0,65535.0,0.19766536964980544,0.0,65535.0,0.1454032196536202,0.0,0.0,0.0,0.0,0.0,0.0,0.0,0.0,0.0,0.0
57656.59,0.9882086946876498,0.0,17421.0,37.0,0.166849999999163,31.5,32.375,36.81,0.0,0.0,0.0,0.0,0.0,20.0,0.3,0.1,0.2,0.1,0.4,0.1,0.1,0.1,0.5,0.0,65535.0,0.19734493018997482,0.0,65535.0,0.1450980392156863,0.0,0.0,0.0,0.0,0.0,0.0,0.0,0.0,0.0,0.0
57716.66,0.9790011090767705,0.0,17421.0,37.0,0.20064999999917318,31.5,32.375,36.93000000000001,0.0,0.0045,0.25,0.0,0.0,20.0,0.3,0.1,0.2,0.1,0.4,0.1,0.1,0.1,0.5,0.0,65535.0,0.19897764553292133,0.0,65535.0,0.14476234073395897,0.0,0.0,0.0,0.0,0.0,0.0,0.0,0.0,0.0,0.0
57776.72,0.9555822510336478,0.0,17421.0,37.0,0.332649999999162,31.4375,32.375,36.55000000000001,0.0,0.0,0.0,0.0,0.0,20.0,0.3,0.1,0.2,0.1,0.4,0.1,0.1,0.1,0.5,0.0,65535.0,0.1944457160296025,0.0,65535.0,0.14219882505531395,0.0,0.0,0.0,0.0,0.0,0.0,0.0,0.0,0.0,0.0
57836.78,0.972081407553634,0.0,17421.0,37.0,0.2739499999991628,31.4375,32.375,36.77000000000004,0.0,0.0,0.0,0.0,0.0,20.0,0.3,0.1,0.2,0.1,0.4,0.1,0.1,0.1,0.5,0.0,65535.0,0.1940642404821851,0.0,65535.0,0.14213778896772716,0.0,0.0,0.0,0.0,0.0,0.0,0.0,0.0,0.0,0.0
57896.83,0.9661809401935193,0.0,17421.0,37.0,0.2778499999991618,31.5,32.4375,36.950000000000045,0.0,0.0,0.0,0.0,0.0,20.0,0.3,0.1,0.2,0.1,0.4,0.1,0.1,0.1,0.5,0.0,65535.0,0.19374380102235447,0.0,65535.0,0.14206149385824368,0.0,0.0,0.0,0.0,0.0,0.0,0.0,0.0,0.0,0.0
57956.87,0.9681143724201151,0.0,17421.0,37.0,0.22634999999916347,31.625,32.375,37.03000000000003,0.0,0.0,0.0,0.0,0.0,20.0,0.3,0.1,0.2,0.1,0.4,0.1,0.1,0.1,0.5,0.0,65535.0,0.19349965667200733,0.0,65535.0,0.1428702220187686,0.0,0.0,0.0,0.0,0.0,0.0,0.0,0.0,0.0,0.0
58016.92,0.9571941769218952,0.0,17421.0,37.0,0.21774999999916703,31.625,32.375,37.01000000000005,0.0,0.0,0.0,0.0,0.0,20.0,0.3,0.1,0.2,0.1,0.4,0.1,0.1,0.1,0.5,0.0,65535.0,0.1940642404821851,0.0,65535.0,0.14250400549324788,0.0,0.0,0.0,0.0,0.0,0.0,0.0,0.0,0.0,0.0
58076.96,0.9678913603495604,0.0,17421.0,37.0,0.206749999999156,31.5625,32.4375,37.05000000000001,0.0,0.0,0.0,0.0,0.0,20.0,0.3,0.1,0.2,0.1,0.4,0.1,0.1,0.1,0.5,0.0,65535.0,0.19427786678873885,0.0,65535.0,0.14227512016479743,0.0,0.0,0.0,0.0,0.0,0.0,0.0,0.0,0.0,0.0
58137.0,0.9611728049569191,0.0,17421.0,37.0,0.21404999999916013,31.5625,32.375,37.05000000000001,0.0,0.0,0.0,0.0,0.0,20.0,0.3,0.1,0.2,0.1,0.4,0.1,0.1,0.1,0.5,0.0,65535.0,0.19418631265735867,0.0,65535.0,0.14383154039826046,0.0,0.0,0.0,0.0,0.0,0.0,0.0,0.0,0.0,0.0
58197.05,0.9629694795153845,0.0,17421.0,37.0,0.22784999999916009,31.5625,32.375,37.01000000000005,0.0,0.0,0.0,0.0,0.0,20.0,0.3,0.1,0.2,0.1,0.4,0.1,0.1,0.1,0.5,0.0,65535.0,0.19539177538719768,0.0,65535.0,0.14354161898222323,0.0,0.0,0.0,0.0,0.0,0.0,0.0,0.0,0.0,0.0
58257.09,0.9558626607295075,0.0,17421.0,37.0,0.22194999999916376,31.5625,32.3125,36.89000000000004,0.0,0.0,0.0,0.0,0.0,20.0,0.3,0.1,0.2,0.1,0.4,0.1,0.1,0.1,0.5,0.0,65535.0,0.19473563744563974,0.0,65535.0,0.1423666742961776,0.0,0.0,0.0,0.0,0.0,0.0,0.0,0.0,0.0,0.0
58317.14,0.9742771794066563,0.0,17421.0,37.0,0.2899499999991605,31.5,32.375,36.93000000000001,0.0,0.0,0.0,0.0,0.0,20.0,0.3,0.1,0.2,0.1,0.4,0.1,0.1,0.1,0.5,0.0,65535.0,0.1957427328908217,0.0,65535.0,0.14360265506981001,0.0,0.0,0.0,0.0,0.0,0.0,0.0,0.0,0.0,0.0
58377.19,0.9523848212836095,0.0,17421.0,37.0,0.22994999999915733,31.5625,32.375,36.89000000000004,0.0,0.0,0.0,0.0,0.0,20.0,0.3,0.1,0.2,0.1,0.4,0.1,0.1,0.1,0.5,0.0,65535.0,0.1957732509346151,0.0,65535.0,0.1432059205004959,0.0,0.0,0.0,0.0,0.0,0.0,0.0,0.0,0.0,0.0
58437.26,0.9469030174062415,0.0,17421.0,37.0,0.2225499999991615,31.5625,32.3125,36.97000000000003,0.0,0.0,0.0,0.0,0.0,20.0,0.3,0.1,0.2,0.1,0.4,0.1,0.1,0.1,0.5,0.0,65535.0,0.19543755245288777,0.0,65535.0,0.14290074006256198,0.0,0.0,0.0,0.0,0.0,0.0,0.0,0.0,0.0,0.0
58497.3,0.9605730677929574,0.0,17421.0,37.0,0.2613499999991521,31.5625,32.375,36.77000000000004,0.0,0.0,0.0,0.0,0.0,20.0,0.3,0.1,0.2,0.1,0.4,0.1,0.1,0.1,0.5,0.0,65535.0,0.19436942092011902,0.0,65535.0,0.14352635996032653,0.0,0.0,0.0,0.0,0.0,0.0,0.0,0.0,0.0,0.0
58557.38,0.9564711431617474,0.0,17421.0,37.0,0.22334999999915478,31.5625,32.375,37.170000000000016,0.0,0.0,0.0,0.0,0.0,20.0,0.3,0.1,0.2,0.1,0.4,0.1,0.1,0.1,0.5,0.0,65535.0,0.1952849622339208,0.0,65535.0,0.14312962539101243,0.0,0.0,0.0,0.0,0.0,0.0,0.0,0.0,0.0,0.0
58617.43,0.9545880237892549,0.0,17421.0,37.0,0.2424499999991499,31.5625,32.375,36.950000000000045,0.0,0.0,0.0,0.0,0.0,20.0,0.3,0.1,0.2,0.1,0.4,0.1,0.1,0.1,0.5,0.0,65535.0,0.19594110017547875,0.0,65535.0,0.14360265506981001,0.0,0.0,0.0,0.0,0.0,0.0,0.0,0.0,0.0,0.0
58677.5,0.9658300693076964,0.0,17421.0,37.0,0.19414999999914692,31.5,32.375,36.93000000000001,0.0,0.0,0.0,0.0,0.0,20.0,0.3,0.1,0.2,0.1,0.4,0.1,0.1,0.1,0.5,0.0,65535.0,0.1961394674601358,0.0,65535.0,0.14352635996032653,0.0,0.0,0.0,0.0,0.0,0.0,0.0,0.0,0.0,0.0
58737.57,0.9643081053564972,0.0,17421.0,37.0,0.26274999999915816,31.4375,32.375,36.870000000000005,0.0,0.0,0.0,0.0,0.0,20.0,0.3,0.1,0.2,0.1,0.4,0.1,0.1,0.1,0.5,0.0,65535.0,0.19621576256961928,0.0,65535.0,0.14380102235446707,0.0,0.0,0.0,0.0,0.0,0.0,0.0,0.0,0.0,0.0
58797.61,0.9652928455905609,0.0,17421.0,37.0,0.27104999999915314,31.4375,32.375,36.97000000000003,0.0,0.0,0.0,0.0,0.0,20.0,0.3,0.1,0.2,0.1,0.4,0.1,0.1,0.1,0.5,0.0,65535.0,0.19566643778133821,0.0,65535.0,0.14312962539101243,0.0,0.0,0.0,0.0,0.0,0.0,0.0,0.0,0.0,0.0
58857.66,0.9615778705907407,0.0,17421.0,37.0,0.2042499999991545,31.5,32.375,37.05000000000001,0.0,0.0,0.0,0.0,0.0,20.0,0.3,0.1,0.2,0.1,0.4,0.1,0.1,0.1,0.5,0.0,65535.0,0.19687190051117723,0.0,65535.0,0.14454871442740522,0.0,0.0,0.0,0.0,0.0,0.0,0.0,0.0,0.0,0.0
58917.7,0.9538563582866113,0.0,17421.0,37.0,0.2171499999991544,31.5,32.3125,36.870000000000005,0.0,0.0,0.0,0.0,0.0,20.0,0.3,0.1,0.2,0.1,0.4,0.1,0.1,0.1,0.5,0.0,65535.0,0.19623102159151598,0.0,65535.0,0.14393835355153733,0.0,0.0,0.0,0.0,0.0,0.0,0.0,0.0,0.0,0.0
58977.74,0.9563342723295203,0.0,17421.0,37.0,0.23624999999914953,31.5,32.375,36.85000000000002,0.0,0.0,0.0,0.0,0.0,20.0,0.3,0.1,0.2,0.1,0.4,0.1,0.1,0.1,0.5,0.0,65535.0,0.19629205767910277,0.0,65535.0,0.1450675211718929,0.0,0.0,0.0,0.0,0.0,0.0,0.0,0.0,0.0,0.0
59037.79,0.949946135303263,0.0,17421.0,37.0,0.246049999999144,31.5,32.375,36.950000000000045,0.0,0.0,0.0,0.0,0.0,20.0,0.3,0.1,0.2,0.1,0.4,0.1,0.1,0.1,0.5,0.0,65535.0,0.19682612344548714,0.0,65535.0,0.14482337682154575,0.0,0.0,0.0,0.0,0.0,0.0,0.0,0.0,0.0,0.0
59097.83,0.9466143570423045,0.0,17421.0,37.0,0.2666499999991537,31.5,32.375,36.870000000000005,0.0,0.0,0.0,0.0,0.0,20.0,0.3,0.1,0.2,0.1,0.4,0.1,0.1,0.1,0.5,0.0,65535.0,0.19691767757686732,0.0,65535.0,0.14430457007705805,0.0,0.0,0.0,0.0,0.0,0.0,0.0,0.0,0.0,0.0
59157.88,0.9458892448150675,0.0,17421.0,37.0,0.2631499999991427,31.5625,32.375,37.170000000000016,0.0,0.0,0.0,0.0,0.0,20.0,0.3,0.1,0.2,0.1,0.4,0.1,0.1,0.1,0.5,0.0,65535.0,0.19720759899290455,0.0,65535.0,0.1446402685587854,0.0,0.0,0.0,0.0,0.0,0.0,0.0,0.0,0.0,0.0
59217.92,0.9596302663562675,0.0,17421.0,37.0,0.25374999999915115,31.4375,32.375,36.97000000000003,0.0,0.0,0.0,0.0,0.0,20.0,0.3,0.1,0.2,0.1,0.4,0.1,0.1,0.1,0.5,0.0,65535.0,0.19687190051117723,0.0,65535.0,0.14378576333257037,0.0,0.0,0.0,0.0,0.0,0.0,0.0,0.0,0.0,0.0
59277.97,0.9697404553291994,0.0,17421.0,37.0,0.25284999999915025,31.5,32.375,37.13000000000005,0.0,0.0,0.0,0.0,0.0,20.0,0.3,0.1,0.2,0.1,0.4,0.1,0.1,0.1,0.5,0.0,65535.0,0.19748226138704508,0.0,65535.0,0.1445792324711986,0.0,0.0,0.0,0.0,0.0,0.0,0.0,0.0,0.0,0.0
59338.03,0.9497922612307772,0.0,17421.0,37.0,0.22724999999914344,31.5625,32.375,36.97000000000003,0.0,0.0,0.0,0.0,0.0,20.0,0.3,0.1,0.2,0.1,0.4,0.1,0.1,0.1,0.5,0.0,65535.0,0.1974517433432517,0.0,65535.0,0.146318760967422,0.0,0.0,0.0,0.0,0.0,0.0,0.0,0.0,0.0,0.0
59398.1,0.9655526896277541,0.0,17421.0,37.0,0.27314999999914436,31.5625,32.375,37.210000000000036,0.0,0.0,0.0,0.0,0.0,20.0,0.3,0.1,0.2,0.1,0.4,0.1,0.1,0.1,0.5,0.0,65535.0,0.19729915312428473,0.0,65535.0,0.14570840009155414,0.0,0.0,0.0,0.0,0.0,0.0,0.0,0.0,0.0,0.0
59458.14,0.9502983799842336,0.0,17421.0,37.0,0.21744999999914638,31.5625,32.3125,36.85000000000002,0.0,0.0,0.0,0.0,0.0,20.0,0.3,0.1,0.2,0.1,0.4,0.1,0.1,0.1,0.5,0.0,65535.0,0.19803158617532615,0.0,65535.0,0.1445181963836118,0.0,0.0,0.0,0.0,0.0,0.0,0.0,0.0,0.0,0.0
59518.22,0.9490126006649842,0.0,17421.0,37.0,0.22654999999913641,31.5625,32.375,36.81,0.0,0.0,0.0,0.0,0.0,20.0,0.3,0.1,0.2,0.1,0.4,0.1,0.1,0.1,0.5,0.0,65535.0,0.19855039291981383,0.0,65535.0,0.145464255741207,0.0,0.0,0.0,0.0,0.0,0.0,0.0,0.0,0.0,0.0
59578.28,0.9497511305860342,0.0,17421.0,37.0,0.30454999999913823,31.5,32.375,36.950000000000045,0.0,0.0,0.0,0.0,0.0,20.0,0.3,0.1,0.2,0.1,0.4,0.1,0.1,0.1,0.5,0.0,65535.0,0.19877927824826427,0.0,65535.0,0.1450827801937896,0.0,0.0,0.0,0.0,0.0,0.0,0.0,0.0,0.0,0.0
59638.36,0.9624199954933452,0.0,17421.0,37.0,0.2407499999991394,31.5625,32.375,36.73000000000002,0.0,0.0,0.0,0.0,0.0,20.0,0.3,0.1,0.2,0.1,0.4,0.1,0.1,0.1,0.5,0.0,65535.0,0.1978637369344625,0.0,65535.0,0.14489967193102923,0.0,0.0,0.0,0.0,0.0,0.0,0.0,0.0,0.0,0.0
59698.42,0.9573257498150941,0.0,17421.0,37.0,0.22274999999913814,31.5,32.375,36.89000000000004,0.0,0.0,0.0,0.0,0.0,20.0,0.3,0.1,0.2,0.1,0.4,0.1,0.1,0.1,0.5,0.0,65535.0,0.19807736324101624,0.0,65535.0,0.14578469520103762,0.0,0.0,0.0,0.0,0.0,0.0,0.0,0.0,0.0,0.0
59758.49,0.964997910594191,0.0,17421.0,37.0,0.2810499999991445,31.5,32.375,37.01000000000005,0.0,0.0,0.0,0.0,0.0,20.0,0.3,0.1,0.2,0.1,0.4,0.1,0.1,0.1,0.5,0.0,65535.0,0.19884031433585106,0.0,65535.0,0.14489967193102923,0.0,0.0,0.0,0.0,0.0,0.0,0.0,0.0,0.0,0.0
59818.56,0.9605488074640913,0.0,17421.0,37.0,0.2625499999991329,31.625,32.375,36.870000000000005,0.0,0.0,0.0,0.0,0.0,20.0,0.3,0.1,0.2,0.1,0.4,0.1,0.1,0.1,0.5,0.0,65535.0,0.19851987487602044,0.0,65535.0,0.1462882429236286,0.0,0.0,0.0,0.0,0.0,0.0,0.0,0.0,0.0,0.0
59878.61,0.9677201561272781,0.0,17421.0,37.0,0.17894999999913364,31.5625,32.375,36.97000000000003,0.0,0.0,0.0,0.0,0.0,20.0,0.3,0.1,0.2,0.1,0.4,0.1,0.1,0.1,0.5,0.0,65535.0,0.19954222934309912,0.0,65535.0,0.14648661020828566,0.0,0.0,0.0,0.0,0.0,0.0,0.0,0.0,0.0,0.0
59938.67,0.9566030807995682,0.0,17421.0,37.0,0.2792499999991419,31.5625,32.375,37.05000000000001,0.0,0.0,0.0,0.0,0.0,20.0,0.3,0.1,0.2,0.1,0.4,0.1,0.1,0.1,0.5,0.0,65535.0,0.19897764553292133,0.0,65535.0,0.14528114747844664,0.0,0.0,0.0,0.0,0.0,0.0,0.0,0.0,0.0,0.0
59998.74,0.9667716091405589,0.0,17421.0,37.0,0.23834999999913473,31.5625,32.375,36.950000000000045,0.0,0.0,0.0,0.0,0.0,20.0,0.3,0.1,0.2,0.1,0.4,0.1,0.1,0.1,0.5,0.0,65535.0,0.2004882887006943,0.0,65535.0,0.14663920042725262,0.0,0.0,0.0,0.0,0.0,0.0,0.0,0.0,0.0,0.0
60058.78,0.9503310775328595,0.0,17421.0,37.0,0.19974999999913715,31.5,32.375,36.950000000000045,0.0,0.0,0.0,0.0,0.0,20.0,0.3,0.1,0.2,0.1,0.4,0.1,0.1,0.1,0.5,0.0,65535.0,0.20025940337224385,0.0,65535.0,0.14732585641260396,0.0,0.0,0.0,0.0,0.0,0.0,0.0,0.0,0.0,0.0
60118.82,0.9571953494107627,0.0,17421.0,37.0,0.2665499999991341,31.5625,32.3125,36.97000000000003,0.0,0.0,0.0,0.0,0.0,20.0,0.3,0.1,0.2,0.1,0.4,0.1,0.1,0.1,0.5,0.0,65535.0,0.19978637369344626,0.0,65535.0,0.14790569924467842,0.0,0.0,0.0,0.0,0.0,0.0,0.0,0.0,0.0,0.0
60178.9,0.9610911939811617,0.0,17421.0,37.0,0.27984999999913873,31.5625,32.3125,36.950000000000045,0.0,0.0,0.0,0.0,0.0,20.0,0.3,0.1,0.2,0.1,0.4,0.1,0.1,0.1,0.5,0.0,65535.0,0.20138857099259938,0.0,65535.0,0.14749370565346762,0.0,0.0,0.0,0.0,0.0,0.0,0.0,0.0,0.0,0.0
60238.96,0.9568998282249206,0.0,17421.0,37.0,0.20804999999913043,31.5,32.375,36.89000000000004,0.0,0.0,0.0,0.0,0.0,20.0,0.3,0.1,0.2,0.1,0.4,0.1,0.1,0.1,0.5,0.0,65535.0,0.1990539406424048,0.0,65535.0,0.14703593499656673,0.0,0.0,0.0,0.0,0.0,0.0,0.0,0.0,0.0,0.0
60299.02,0.944316557438005,0.0,17421.0,37.0,0.2359499999991309,31.4375,32.375,36.85000000000002,0.0,0.0,0.0,0.0,0.0,20.0,0.3,0.1,0.2,0.1,0.4,0.1,0.1,0.1,0.5,0.0,65535.0,0.2000305180437934,0.0,65535.0,0.14744792858777753,0.0,0.0,0.0,0.0,0.0,0.0,0.0,0.0,0.0,0.0
60359.11,0.9450267489469313,0.0,17421.0,37.0,0.2633499999991361,31.4375,32.3125,36.79000000000002,0.0,0.0,0.0,0.0,0.0,20.0,0.3,0.1,0.2,0.1,0.4,0.1,0.1,0.1,0.5,0.0,65535.0,0.20021362630655376,0.0,65535.0,0.14686808575570307,0.0,0.0,0.0,0.0,0.0,0.0,0.0,0.0,0.0,0.0
60419.18,0.9606771023583178,0.0,17421.0,37.0,0.2289499999991239,31.5,32.3125,36.950000000000045,0.0,0.0,0.0,0.0,0.0,20.0,0.3,0.1,0.2,0.1,0.4,0.1,0.1,0.1,0.5,0.0,65535.0,0.20077821011673153,0.0,65535.0,0.14734111543450065,0.0,0.0,0.0,0.0,0.0,0.0,0.0,0.0,0.0,0.0
60479.26,0.9609449045277212,0.0,17421.0,37.0,0.1868499999991312,31.5625,32.375,36.870000000000005,0.0,0.0,0.0,0.0,0.0,20.0,0.3,0.1,0.2,0.1,0.4,0.1,0.1,0.1,0.5,0.0,65535.0,0.20115968566414894,0.0,65535.0,0.14773785000381476,0.0,0.0,0.0,0.0,0.0,0.0,0.0,0.0,0.0,0.0
60539.29,0.9608840414936415,0.0,17421.0,37.0,0.2842499999991296,31.5625,32.375,36.89000000000004,0.0,0.0,0.0,0.0,0.0,20.0,0.3,0.1,0.2,0.1,0.4,0.1,0.1,0.1,0.5,0.0,65535.0,0.20137331197070268,0.0,65535.0,0.14769207293812467,0.0,0.0,0.0,0.0,0.0,0.0,0.0,0.0,0.0,0.0
60599.32,0.9450860148901157,0.0,17421.0,37.0,0.2828499999991334,31.5,32.375,36.81,0.0,0.0,0.0,0.0,0.0,20.0,0.3,0.1,0.2,0.1,0.4,0.1,0.1,0.1,0.5,0.0,65535.0,0.20114442664225224,0.0,65535.0,0.14784466315709163,0.0,0.0,0.0,0.0,0.0,0.0,0.0,0.0,0.0,0.0
60659.36,0.9548211116946651,0.0,17421.0,37.0,0.21224999999912483,31.5,32.375,37.05000000000001,0.0,0.0,0.0,0.0,0.0,20.0,0.3,0.1,0.2,0.1,0.4,0.1,0.1,0.1,0.5,0.0,65535.0,0.20082398718242161,0.0,65535.0,0.14735637445639735,0.0,0.0,0.0,0.0,0.0,0.0,0.0,0.0,0.0,0.0
60719.41,0.9554410374768891,0.0,17421.0,37.0,0.23194999999911944,31.5625,32.375,37.01000000000005,0.0,0.0,0.0,0.0,0.0,20.0,0.3,0.1,0.2,0.1,0.4,0.1,0.1,0.1,0.5,0.0,65535.0,0.20195315480277715,0.0,65535.0,0.14723430228122378,0.0,0.0,0.0,0.0,0.0,0.0,0.0,0.0,0.0,0.0
60779.45,0.9644756258460832,0.0,17421.0,37.0,0.23044999999911825,31.625,32.375,37.110000000000014,0.0,0.0,0.0,0.0,0.0,20.0,0.3,0.1,0.2,0.1,0.4,0.1,0.1,0.1,0.5,0.0,65535.0,0.20057984283207447,0.0,65535.0,0.14720378423743039,0.0,0.0,0.0,0.0,0.0,0.0,0.0,0.0,0.0,0.0
60839.5,0.9480019968820166,0.0,17421.0,37.0,0.20424999999912616,31.5625,32.375,36.79000000000002,0.0,0.0,0.0,0.0,0.0,20.0,0.3,0.1,0.2,0.1,0.4,0.1,0.1,0.1,0.5,0.0,65535.0,0.2025482566567483,0.0,65535.0,0.14833295185778592,0.0,0.0,0.0,0.0,0.0,0.0,0.0,0.0,0.0,0.0
60899.57,0.9685934448906587,0.0,17421.0,37.0,0.2248499999991216,31.5625,32.375,37.190000000000055,0.0,0.0,0.0,0.0,0.0,20.0,0.3,0.1,0.2,0.1,0.4,0.1,0.1,0.1,0.5,0.0,65535.0,0.2029602502479591,0.0,65535.0,0.14811932555123217,0.0,0.0,0.0,0.0,0.0,0.0,0.0,0.0,0.0,0.0
60959.64,0.9593099618299505,0.0,17421.0,37.0,0.2189499999991253,31.5625,32.3125,37.03000000000003,0.0,0.0,0.0,0.0,0.0,20.0,0.3,0.1,0.2,0.1,0.4,0.1,0.1,0.1,0.5,0.0,65535.0,0.20233463035019456,0.0,65535.0,0.14909590295262073,0.0,0.0,0.0,0.0,0.0,0.0,0.0,0.0,0.0,0.0
61019.72,0.9533450746018914,0.0,17421.0,37.0,0.24864999999912582,31.5625,32.4375,37.03000000000003,0.0,0.0,0.0,0.0,0.0,20.0,0.3,0.1,0.2,0.1,0.4,0.1,0.1,0.1,0.5,0.0,65535.0,0.2021820401312276,0.0,65535.0,0.14869916838330663,0.0,0.0,0.0,0.0,0.0,0.0,0.0,0.0,0.0,0.0
61079.78,0.96566969336679,0.0,17421.0,37.0,0.22774999999911472,31.5625,32.375,36.950000000000045,0.0,0.0,0.0,0.0,0.0,20.0,0.3,0.1,0.2,0.1,0.4,0.1,0.1,0.1,0.5,0.0,65535.0,0.20196841382467384,0.0,65535.0,0.14828717479209583,0.0,0.0,0.0,0.0,0.0,0.0,0.0,0.0,0.0,0.0
61139.85,0.9543742180153628,0.0,17421.0,37.0,0.2704499999991202,31.5625,32.375,36.85000000000002,0.0,0.0,0.0,0.0,0.0,20.0,0.3,0.1,0.2,0.1,0.4,0.1,0.1,0.1,0.5,0.0,65535.0,0.20273136491950866,0.0,65535.0,0.14895857175555047,0.0,0.0,0.0,0.0,0.0,0.0,0.0,0.0,0.0,0.0
61199.93,0.9701223947476328,0.0,17421.0,37.0,0.22334999999911787,31.5,32.375,37.03000000000003,0.0,0.0,0.0,0.0,0.0,20.0,0.3,0.1,0.2,0.1,0.4,0.1,0.1,0.1,0.5,0.0,65535.0,0.20306706340123598,0.0,65535.0,0.14900434882124056,0.0,0.0,0.0,0.0,0.0,0.0,0.0,0.0,0.0,0.0
61259.98,0.9682788215693194,0.0,17421.0,37.0,0.24364999999911274,31.5625,32.375,36.89000000000004,0.0,0.0,0.0,0.0,0.0,20.0,0.3,0.1,0.2,0.1,0.4,0.1,0.1,0.1,0.5,0.0,65535.0,0.2026092927443351,0.0,65535.0,0.1483634699015793,0.0,0.0,0.0,0.0,0.0,0.0,0.0,0.0,0.0,0.0
61320.02,0.9788510325808789,0.0,17421.0,37.0,0.22154999999911607,31.5,32.375,36.870000000000005,0.0,0.0,0.0,0.0,0.0,20.0,0.3,0.1,0.2,0.1,0.4,0.1,0.1,0.1,0.5,0.0,65535.0,0.20332646677347982,0.0,65535.0,0.1479972533760586,0.0,0.0,0.0,0.0,0.0,0.0,0.0,0.0,0.0,0.0
61380.1,0.9625260246766474,0.0,17421.0,37.0,0.23384999999911568,31.4375,32.375,36.81,0.0,0.0,0.0,0.0,0.0,20.0,0.3,0.1,0.2,0.1,0.4,0.1,0.1,0.1,0.5,0.0,65535.0,0.20349431601434348,0.0,65535.0,0.14892805371175707,0.0,0.0,0.0,0.0,0.0,0.0,0.0,0.0,0.0,0.0
61440.16,0.9679086124604215,0.0,17421.0,37.0,0.20114999999911357,31.5,32.375,36.79000000000002,0.0,0.0,0.0,0.0,0.0,20.0,0.3,0.1,0.2,0.1,0.4,0.1,0.1,0.1,0.5,0.0,65535.0,0.20323491264209964,0.0,65535.0,0.15156786449988555,0.0,0.0,0.0,0.0,0.0,0.0,0.0,0.0,0.0,0.0
61500.22,0.958932864101396,0.0,17421.0,37.0,0.2532499999991097,31.4375,32.4375,36.77000000000004,0.0,0.0,0.0,0.0,0.0,20.0,0.3,0.1,0.2,0.1,0.4,0.1,0.1,0.1,0.5,0.0,65535.0,0.20331120775158312,0.0,65535.0,0.14905012588693065,0.0,0.0,0.0,0.0,0.0,0.0,0.0,0.0,0.0,0.0
61560.27,0.9803427854114688,0.0,17421.0,37.0,0.23824999999910823,31.5,32.375,36.97000000000003,0.0,0.0,0.0,0.0,0.0,20.0,0.3,0.1,0.2,0.1,0.4,0.1,0.1,0.1,0.5,0.0,65535.0,0.2038300144960708,0.0,65535.0,0.15022507057297627,0.0,0.0,0.0,0.0,0.0,0.0,0.0,0.0,0.0,0.0
61620.31,0.9630960938137393,0.0,17421.0,37.0,0.25834999999910757,31.5,32.375,36.89000000000004,0.0,0.0,0.0,0.0,0.0,20.0,0.3,0.1,0.2,0.1,0.4,0.1,0.1,0.1,0.5,0.0,65535.0,0.2037994964522774,0.0,65535.0,0.15057602807660028,0.0,0.0,0.0,0.0,0.0,0.0,0.0,0.0,0.0,0.0
61680.36,0.9739116999360562,0.0,17421.0,37.0,0.264549999999117,31.5,32.375,36.81,0.0,0.0,0.0,0.0,0.0,20.0,0.3,0.1,0.2,0.1,0.4,0.1,0.1,0.1,0.5,0.0,65535.0,0.2038452735179675,0.0,65535.0,0.1491874570840009,0.0,0.0,0.0,0.0,0.0,0.0,0.0,0.0,0.0,0.0
61740.4,0.9712548835106999,0.0,17421.0,37.0,0.2386499999991104,31.5625,32.4375,36.950000000000045,0.0,0.0,0.0,0.0,0.0,20.0,0.3,0.1,0.2,0.1,0.4,0.1,0.1,0.1,0.5,0.0,65535.0,0.20416571297779812,0.0,65535.0,0.15063706416418707,0.0,0.0,0.0,0.0,0.0,0.0,0.0,0.0,0.0,0.0
61800.44,0.9638792275474344,0.0,17421.0,37.0,0.2660499999991156,31.5625,32.375,36.870000000000005,0.0,0.0,0.0,0.0,0.0,20.0,0.3,0.1,0.2,0.1,0.4,0.1,0.1,0.1,0.5,0.0,65535.0,0.20357061112382696,0.0,65535.0,0.15043869687953002,0.0,0.0,0.0,0.0,0.0,0.0,0.0,0.0,0.0,0.0
61860.49,0.972705703195559,0.0,17421.0,37.0,0.24724999999910427,31.5,32.375,37.01000000000005,0.0,0.0,0.0,0.0,0.0,20.0,0.3,0.1,0.2,0.1,0.4,0.1,0.1,0.1,0.5,0.0,65535.0,0.20404364080262455,0.0,65535.0,0.14999618524452582,0.0,0.0,0.0,0.0,0.0,0.0,0.0,0.0,0.0,0.0
61920.57,0.9714505274895342,0.0,17421.0,37.0,0.2425499999991077,31.5,32.375,37.110000000000014,0.0,0.0,0.0,0.0,0.0,20.0,0.3,0.1,0.2,0.1,0.4,0.1,0.1,0.1,0.5,0.0,65535.0,0.2042420080872816,0.0,65535.0,0.14932478828107118,0.0,0.0,0.0,0.0,0.0,0.0,0.0,0.0,0.0,0.0
61980.64,0.9587006448146401,0.0,17421.0,37.0,0.23744999999910724,31.5,32.375,36.97000000000003,0.0,0.0,0.0,0.0,0.0,20.0,0.3,0.1,0.2,0.1,0.4,0.1,0.1,0.1,0.5,0.0,65535.0,0.20434882124055848,0.0,65535.0,0.15034714274814984,0.0,0.0,0.0,0.0,0.0,0.0,0.0,0.0,0.0,0.0
62040.7,0.9753760158986942,0.0,17421.0,37.0,0.2283499999991013,31.5625,32.375,36.85000000000002,0.0,0.0,0.0,0.0,0.0,20.0,0.3,0.1,0.2,0.1,0.4,0.1,0.1,0.1,0.5,0.0,65535.0,0.20473029678797589,0.0,65535.0,0.14993514915693903,0.0,0.0,0.0,0.0,0.0,0.0,0.0,0.0,0.0,0.0
62100.78,0.9748720058312319,0.0,17421.0,37.0,0.2922499999991026,31.5625,32.375,36.77000000000004,0.0,0.0,0.0,0.0,0.0,20.0,0.3,0.1,0.2,0.1,0.4,0.1,0.1,0.1,0.5,0.0,65535.0,0.20477607385366597,0.0,65535.0,0.15066758220798046,0.0,0.0,0.0,0.0,0.0,0.0,0.0,0.0,0.0,0.0
62160.86,0.9656939164085738,0.0,17421.0,37.0,0.2713499999991057,31.5625,32.375,37.03000000000003,0.0,0.0,0.0,0.0,0.0,20.0,0.3,0.1,0.2,0.1,0.4,0.1,0.1,0.1,0.5,0.0,65535.0,0.20477607385366597,0.0,65535.0,0.1513084611276417,0.0,0.0,0.0,0.0,0.0,0.0,0.0,0.0,0.0,0.0
62220.93,0.97899477565494,0.0,17421.0,37.0,0.20924999999910276,31.5625,32.4375,36.93000000000001,0.0,0.0,0.0,0.0,0.0,20.0,0.3,0.1,0.2,0.1,0.4,0.1,0.1,0.1,0.5,0.0,65535.0,0.20543221179522392,0.0,65535.0,0.1504844739452201,0.0,0.0,0.0,0.0,0.0,0.0,0.0,0.0,0.0,0.0
62281.0,0.9824281391487516,0.0,17421.0,37.0,0.2489499999991084,31.5625,32.375,37.09000000000003,0.0,0.0,0.0,0.0,0.0,20.0,0.3,0.1,0.2,0.1,0.4,0.1,0.1,0.1,0.5,0.0,65535.0,0.20534065766384374,0.0,65535.0,0.1504997329671168,0.0,0.0,0.0,0.0,0.0,0.0,0.0,0.0,0.0,0.0
62341.07,0.9624353445942739,0.0,17421.0,37.0,0.19564999999909577,31.5625,32.375,37.170000000000016,0.0,0.0,0.0,0.0,0.0,20.0,0.3,0.1,0.2,0.1,0.4,0.1,0.1,0.1,0.5,0.0,65535.0,0.20627145799954222,0.0,65535.0,0.1509727626459144,0.0,0.0,0.0,0.0,0.0,0.0,0.0,0.0,0.0,0.0
62401.14,0.979466369076728,0.0,17421.0,37.0,0.27684999999910803,31.5,32.4375,37.05000000000001,0.0,0.0,0.0,0.0,0.0,20.0,0.3,0.1,0.2,0.1,0.4,0.1,0.1,0.1,0.5,0.0,65535.0,0.20624093995574883,0.0,65535.0,0.15043869687953002,0.0,0.0,0.0,0.0,0.0,0.0,0.0,0.0,0.0,0.0
62461.21,0.9779478776723048,0.0,17421.0,37.0,0.20124999999910487,31.5625,32.4375,36.85000000000002,0.0,0.0,0.0,0.0,0.0,20.0,0.3,0.1,0.2,0.1,0.4,0.1,0.1,0.1,0.5,0.0,65535.0,0.20608834973678186,0.0,65535.0,0.15150682841229876,0.0,0.0,0.0,0.0,0.0,0.0,0.0,0.0,0.0,0.0
62521.29,0.972937546143138,0.0,17421.0,37.0,0.28014999999910756,31.5625,32.375,37.09000000000003,0.0,0.0,0.0,0.0,0.0,20.0,0.3,0.1,0.2,0.1,0.4,0.1,0.1,0.1,0.5,0.0,65535.0,0.20611886778057525,0.0,65535.0,0.15146105134660867,0.0,0.0,0.0,0.0,0.0,0.0,0.0,0.0,0.0,0.0
62581.36,0.9721384620190745,0.0,17421.0,37.0,0.23804999999910065,31.5,32.3125,37.01000000000005,0.0,0.0,0.0,0.0,0.0,20.0,0.3,0.1,0.2,0.1,0.4,0.1,0.1,0.1,0.5,0.0,65535.0,0.20706492713817046,0.0,65535.0,0.15150682841229876,0.0,0.0,0.0,0.0,0.0,0.0,0.0,0.0,0.0,0.0
62641.43,0.9733574922470296,0.0,17421.0,37.0,0.1982499999991033,31.5625,32.375,36.79000000000002,0.0,0.0,0.0,0.0,0.0,20.0,0.3,0.1,0.2,0.1,0.4,0.1,0.1,0.1,0.5,0.0,65535.0,0.20582894636453802,0.0,65535.0,0.15187304493781947,0.0,0.0,0.0,0.0,0.0,0.0,0.0,0.0,0.0,0.0
62701.51,0.9572370092827918,0.0,17421.0,37.0,0.2624499999991052,31.5625,32.4375,36.79000000000002,0.0,0.0,0.0,0.0,0.0,20.0,0.3,0.1,0.2,0.1,0.4,0.1,0.1,0.1,0.5,0.0,65535.0,0.20643930724040588,0.0,65535.0,0.15153734645609215,0.0,0.0,0.0,0.0,0.0,0.0,0.0,0.0,0.0,0.0
62761.59,0.9742231801453431,0.0,17421.0,37.0,0.2589499999990942,31.5,32.375,37.03000000000003,0.0,0.0,0.0,0.0,0.0,20.0,0.3,0.1,0.2,0.1,0.4,0.1,0.1,0.1,0.5,0.0,65535.0,0.2067902647440299,0.0,65535.0,0.1513084611276417,0.0,0.0,0.0,0.0,0.0,0.0,0.0,0.0,0.0,0.0
62821.66,0.9656992346954536,0.0,17421.0,37.0,0.1974499999990907,31.5625,32.375,37.01000000000005,0.0,0.0,0.0,0.0,0.0,20.0,0.3,0.1,0.2,0.1,0.4,0.1,0.1,0.1,0.5,0.0,65535.0,0.20611886778057525,0.0,65535.0,0.15143053330281528,0.0,0.0,0.0,0.0,0.0,0.0,0.0,0.0,0.0,0.0
62881.73,0.9779912736028973,0.0,17421.0,37.0,0.3066499999990934,31.5,32.375,36.73000000000002,0.0,0.0,0.0,0.0,0.0,20.0,0.3,0.1,0.2,0.1,0.4,0.1,0.1,0.1,0.5,0.0,65535.0,0.2081483176928359,0.0,65535.0,0.15295643549248494,0.0,0.0,0.0,0.0,0.0,0.0,0.0,0.0,0.0,0.0
62941.8,0.9629785373414577,0.0,17421.0,37.0,0.22604999999909398,31.5,32.375,36.97000000000003,0.0,0.0,0.0,0.0,0.0,20.0,0.3,0.1,0.2,0.1,0.4,0.1,0.1,0.1,0.5,0.0,65535.0,0.2081177996490425,0.0,65535.0,0.15150682841229876,0.0,0.0,0.0,0.0,0.0,0.0,0.0,0.0,0.0,0.0
63001.87,0.9729317421279257,0.0,17421.0,37.0,0.24634999999908885,31.5625,32.375,36.950000000000045,0.0,0.0,0.0,0.0,0.0,20.0,0.3,0.1,0.2,0.1,0.4,0.1,0.1,0.1,0.5,0.0,65535.0,0.20691233691920347,0.0,65535.0,0.15303273060196843,0.0,0.0,0.0,0.0,0.0,0.0,0.0,0.0,0.0,0.0
63061.95,0.9714150496959305,0.0,17421.0,37.0,0.218949999999097,31.5625,32.375,37.05000000000001,0.0,0.0,0.0,0.0,0.0,20.0,0.3,0.1,0.2,0.1,0.4,0.1,0.1,0.1,0.5,0.0,65535.0,0.20738536659800108,0.0,65535.0,0.15191882200350956,0.0,0.0,0.0,0.0,0.0,0.0,0.0,0.0,0.0,0.0
63122.02,0.9644517106855562,0.0,17421.0,37.0,0.2580499999990882,31.5625,32.375,36.89000000000004,0.0,0.0,0.0,0.0,0.0,20.0,0.3,0.1,0.2,0.1,0.4,0.1,0.1,0.1,0.5,0.0,65535.0,0.2081635767147326,0.0,65535.0,0.15242236972610057,0.0,0.0,0.0,0.0,0.0,0.0,0.0,0.0,0.0,0.0
63182.09,0.9738978166689704,0.0,17421.0,37.0,0.24834999999909696,31.5625,32.375,36.93000000000001,0.0,0.0,0.0,0.0,0.0,20.0,0.3,0.1,0.2,0.1,0.4,0.1,0.1,0.1,0.5,0.0,65535.0,0.20787365529869536,0.0,65535.0,0.1521629663538567,0.0,0.0,0.0,0.0,0.0,0.0,0.0,0.0,0.0,0.0
63242.16,0.9698359269469876,0.0,17421.0,37.0,0.18414999999909423,31.5625,32.4375,37.170000000000016,0.0,0.0,0.0,0.0,0.0,20.0,0.3,0.1,0.2,0.1,0.4,0.1,0.1,0.1,0.5,0.0,65535.0,0.20805676356145572,0.0,65535.0,0.15246814679179066,0.0,0.0,0.0,0.0,0.0,0.0,0.0,0.0,0.0,0.0
63302.19,0.9770499803433358,0.0,17421.0,37.0,0.2862499999990875,31.5,32.4375,36.77000000000004,0.0,0.0,0.0,0.0,0.0,20.0,0.3,0.1,0.2,0.1,0.4,0.1,0.1,0.1,0.5,0.0,65535.0,0.20846875715266652,0.0,65535.0,0.15323109788662548,0.0,0.0,0.0,0.0,0.0,0.0,0.0,0.0,0.0,0.0
63362.24,0.9865229025899912,0.0,17421.0,37.0,0.26654999999909035,31.5625,32.4375,36.85000000000002,0.0,0.0,0.0,0.0,0.0,20.0,0.3,0.1,0.2,0.1,0.4,0.1,0.1,0.1,0.5,0.0,65535.0,0.20779736018921188,0.0,65535.0,0.15332265201800566,0.0,0.0,0.0,0.0,0.0,0.0,0.0,0.0,0.0,0.0
63422.3,0.9737327271336194,0.0,17421.0,37.0,0.2250499999990829,31.5,32.4375,37.01000000000005,0.0,0.0,0.0,0.0,0.0,20.0,0.3,0.1,0.2,0.1,0.4,0.1,0.1,0.1,0.5,0.0,65535.0,0.20843823910887313,0.0,65535.0,0.1527122911421378,0.0,0.0,0.0,0.0,0.0,0.0,0.0,0.0,0.0,0.0
63482.34,0.9672323066964965,0.0,17421.0,37.0,0.28244999999908926,31.625,32.4375,36.79000000000002,0.0,0.0,0.0,0.0,0.0,20.0,0.3,0.1,0.2,0.1,0.4,0.1,0.1,0.1,0.5,0.0,65535.0,0.20827038986800947,0.0,65535.0,0.15324635690852217,0.0,0.0,0.0,0.0,0.0,0.0,0.0,0.0,0.0,0.0
63542.39,0.9813649434181411,0.0,17421.0,37.0,0.25044999999909245,31.5,32.4375,36.93000000000001,0.0,0.0,0.0,0.0,0.0,20.0,0.3,0.1,0.2,0.1,0.4,0.1,0.1,0.1,0.5,0.0,65535.0,0.20923170824750134,0.0,65535.0,0.15516899366750592,0.0,0.0,0.0,0.0,0.0,0.0,0.0,0.0,0.0,0.0
63602.43,0.9728606604661826,0.0,17421.0,37.0,0.2233499999990861,31.5625,32.375,37.03000000000003,0.0,0.0,0.0,0.0,0.0,20.0,0.3,0.1,0.2,0.1,0.4,0.1,0.1,0.1,0.5,0.0,65535.0,0.20871290150301366,0.0,65535.0,0.15492484931715877,0.0,0.0,0.0,0.0,0.0,0.0,0.0,0.0,0.0,0.0
63662.47,0.973579934687416,0.0,17421.0,37.0,0.2607499999990813,31.5625,32.4375,36.89000000000004,0.0,0.0,0.0,0.0,0.0,20.0,0.3,0.1,0.2,0.1,0.4,0.1,0.1,0.1,0.5,0.0,65535.0,0.20871290150301366,0.0,65535.0,0.15333791103990235,0.0,0.0,0.0,0.0,0.0,0.0,0.0,0.0,0.0,0.0
63722.54,0.9712060639329507,0.0,17421.0,37.0,0.18214999999907752,31.5625,32.4375,37.190000000000055,0.0,0.0,0.0,0.0,0.0,20.0,0.3,0.1,0.2,0.1,0.4,0.1,0.1,0.1,0.5,0.0,65535.0,0.21010147249561303,0.0,65535.0,0.15364309147783628,0.0,0.0,0.0,0.0,0.0,0.0,0.0,0.0,0.0,0.0
63782.6,0.9877947372773275,0.0,17421.0,37.0,0.27864999999909007,31.5625,32.4375,36.81,0.0,0.0,0.0,0.0,0.0,20.0,0.3,0.1,0.2,0.1,0.4,0.1,0.1,0.1,0.5,0.0,65535.0,0.20971999694819562,0.0,65535.0,0.15349050125886932,0.0,0.0,0.0,0.0,0.0,0.0,0.0,0.0,0.0,0.0
63842.65,0.9817315364622287,0.0,17421.0,37.0,0.2424499999990778,31.5625,32.4375,36.950000000000045,0.0,0.0,0.0,0.0,0.0,20.0,0.3,0.1,0.2,0.1,0.4,0.1,0.1,0.1,0.5,0.0,65535.0,0.21005569542992295,0.0,65535.0,0.1539940489814603,0.0,0.0,0.0,0.0,0.0,0.0,0.0,0.0,0.0,0.0
63902.72,0.973625340820507,0.0,17421.0,37.0,0.2230499999990812,31.5625,32.4375,37.03000000000003,0.0,0.0,0.0,0.0,0.0,20.0,0.3,0.1,0.2,0.1,0.4,0.1,0.1,0.1,0.5,0.0,65535.0,0.2102845807583734,0.0,65535.0,0.15405508506904708,0.0,0.0,0.0,0.0,0.0,0.0,0.0,0.0,0.0,0.0
63962.76,0.9771360453510053,0.0,17421.0,37.0,0.23974999999907595,31.5,32.4375,36.950000000000045,0.0,0.0,0.0,0.0,0.0,20.0,0.3,0.1,0.2,0.1,0.4,0.1,0.1,0.1,0.5,0.0,65535.0,0.21036087586785687,0.0,65535.0,0.15466544594491494,0.0,0.0,0.0,0.0,0.0,0.0,0.0,0.0,0.0,0.0
64022.81,0.9696953065353321,0.0,17421.0,37.0,0.2624499999990854,31.5625,32.4375,36.870000000000005,0.0,0.0,0.0,0.0,0.0,20.0,0.3,0.1,0.2,0.1,0.4,0.1,0.1,0.1,0.5,0.0,65535.0,0.20949111161974518,0.0,65535.0,0.15465018692301824,0.0,0.0,0.0,0.0,0.0,0.0,0.0,0.0,0.0,0.0
64082.85,0.970866470982149,0.0,17421.0,37.0,0.196249999999072,31.5625,32.4375,37.13000000000005,0.0,0.0,0.0,0.0,0.0,20.0,0.3,0.1,0.2,0.1,0.4,0.1,0.1,0.1,0.5,0.0,65535.0,0.211108567940795,0.0,65535.0,0.15385671778439003,0.0,0.0,0.0,0.0,0.0,0.0,0.0,0.0,0.0,0.0
64142.89,0.9887122351291124,0.0,17421.0,37.0,0.25714999999907345,31.5625,32.4375,36.89000000000004,0.0,0.0,0.0,0.0,0.0,20.0,0.3,0.1,0.2,0.1,0.4,0.1,0.1,0.1,0.5,0.0,65535.0,0.21057450217441062,0.0,65535.0,0.15416189822232396,0.0,0.0,0.0,0.0,0.0,0.0,0.0,0.0,0.0,0.0
64202.94,0.9746733615737964,0.0,17421.0,37.0,0.23624999999907653,31.5625,32.4375,36.97000000000003,0.0,0.0,0.0,0.0,0.0,20.0,0.3,0.1,0.2,0.1,0.4,0.1,0.1,0.1,0.5,0.0,65535.0,0.21225299458304722,0.0,65535.0,0.15544365606164645,0.0,0.0,0.0,0.0,0.0,0.0,0.0,0.0,0.0,0.0
64262.98,0.9707401389731775,0.0,17421.0,37.0,0.2753499999990819,31.5625,32.375,36.81,0.0,0.0,0.0,0.0,0.0,20.0,0.3,0.1,0.2,0.1,0.4,0.1,0.1,0.1,0.5,0.0,65535.0,0.21144426642252231,0.0,65535.0,0.1560234988937209,0.0,0.0,0.0,0.0,0.0,0.0,0.0,0.0,0.0,0.0
64323.06,0.9724442216345872,0.0,17421.0,37.0,0.22474999999906936,31.5625,32.4375,37.01000000000005,0.0,0.0,0.0,0.0,0.0,20.0,0.3,0.1,0.2,0.1,0.4,0.1,0.1,0.1,0.5,0.0,65535.0,0.21136797131303883,0.0,65535.0,0.15503166247043565,0.0,0.0,0.0,0.0,0.0,0.0,0.0,0.0,0.0,0.0
64383.09,0.9875757829895048,0.0,17421.0,37.0,0.2386499999990735,31.5625,32.4375,36.97000000000003,0.0,0.0,0.0,0.0,0.0,20.0,0.3,0.1,0.2,0.1,0.4,0.1,0.1,0.1,0.5,0.0,65535.0,0.21081864652475776,0.0,65535.0,0.15512321660181583,0.0,0.0,0.0,0.0,0.0,0.0,0.0,0.0,0.0,0.0
64443.13,0.9605802643001866,0.0,17421.0,37.0,0.2798499999990795,31.5625,32.4375,36.81,0.0,0.0,0.0,0.0,0.0,20.0,0.3,0.1,0.2,0.1,0.4,0.1,0.1,0.1,0.5,0.0,65535.0,0.2111390859845884,0.0,65535.0,0.15489433127336538,0.0,0.0,0.0,0.0,0.0,0.0,0.0,0.0,0.0,0.0
64503.18,0.9752796616805904,0.0,17421.0,37.0,0.23954999999907267,31.5625,32.4375,36.97000000000003,0.0,0.0,0.0,0.0,0.0,20.0,0.3,0.1,0.2,0.1,0.4,0.1,0.1,0.1,0.5,0.0,65535.0,0.21165789272907606,0.0,65535.0,0.1560540169375143,0.0,0.0,0.0,0.0,0.0,0.0,0.0,0.0,0.0,0.0
64563.22,0.9866095668964225,0.0,17421.0,37.0,0.2289499999990664,31.5625,32.4375,37.01000000000005,0.0,0.0,0.0,0.0,0.0,20.0,0.3,0.1,0.2,0.1,0.4,0.1,0.1,0.1,0.5,0.0,65535.0,0.21179522392614633,0.0,65535.0,0.15620660715648127,0.0,0.0,0.0,0.0,0.0,0.0,0.0,0.0,0.0,0.0
64623.28,0.9711830329643375,0.0,17421.0,37.0,0.2654499999990767,31.625,32.4375,36.870000000000005,0.0,0.0,0.0,0.0,0.0,20.0,0.3,0.1,0.2,0.1,0.4,0.1,0.1,0.1,0.5,0.0,65535.0,0.2119478141451133,0.0,65535.0,0.1560234988937209,0.0,0.0,0.0,0.0,0.0,0.0,0.0,0.0,0.0,0.0
64683.35,0.991512212894878,0.0,17421.0,37.0,0.19444999999906337,31.5625,32.4375,37.13000000000005,0.0,0.0,0.0,0.0,0.0,20.0,0.3,0.1,0.2,0.1,0.4,0.1,0.1,0.1,0.5,0.0,65535.0,0.21211566338597695,0.0,65535.0,0.15535210193026627,0.0,0.0,0.0,0.0,0.0,0.0,0.0,0.0,0.0,0.0
64743.4,0.969988687529879,0.0,17421.0,37.0,0.28714999999906604,31.625,32.4375,36.77000000000004,0.0,0.0,0.0,0.0,0.0,20.0,0.3,0.1,0.2,0.1,0.4,0.1,0.1,0.1,0.5,0.0,65535.0,0.21329060807202257,0.0,65535.0,0.15681696803234912,0.0,0.0,0.0,0.0,0.0,0.0,0.0,0.0,0.0,0.0
64803.45,0.9875929956326048,0.0,17421.0,37.0,0.2798499999990744,31.625,32.4375,36.81,0.0,0.0,0.0,0.0,0.0,20.0,0.3,0.1,0.2,0.1,0.4,0.1,0.1,0.1,0.5,0.0,65535.0,0.21266498817425802,0.0,65535.0,0.15535210193026627,0.0,0.0,0.0,0.0,0.0,0.0,0.0,0.0,0.0,0.0
64863.48,0.9630259046595676,0.0,17421.0,37.0,0.30194999999906935,31.5625,32.4375,36.73000000000002,0.0,0.0,0.0,0.0,0.0,20.0,0.3,0.1,0.2,0.1,0.4,0.1,0.1,0.1,0.5,0.0,65535.0,0.21228351262684061,0.0,65535.0,0.1560845349813077,0.0,0.0,0.0,0.0,0.0,0.0,0.0,0.0,0.0,0.0
64923.51,0.9684604305810496,0.0,17421.0,37.0,0.19834999999905983,31.625,32.4375,37.13000000000005,0.0,0.0045,0.25,0.0,0.0,20.0,0.3,0.1,0.2,0.1,0.4,0.1,0.1,0.1,0.5,0.0,65535.0,0.21263447013046463,0.0,65535.0,0.15638971541924163,0.0,0.0,0.0,0.0,0.0,0.0,0.0,0.0,0.0,0.0
64983.55,0.9623380286262491,0.0,17421.0,37.0,0.28964999999906715,31.5,32.4375,36.79000000000002,0.0,0.0,0.0,0.0,0.0,20.0,0.3,0.1,0.2,0.1,0.4,0.1,0.1,0.1,0.5,0.0,65535.0,0.2093842984664683,0.0,65535.0,0.15254444190127414,0.0,0.0,0.0,0.0,0.0,0.0,0.0,0.0,0.0,0.0
65043.6,0.9624103834314878,0.0,17421.0,37.0,0.2646499999990606,31.5625,32.4375,36.89000000000004,0.0,0.0,0.0,0.0,0.0,20.0,0.3,0.1,0.2,0.1,0.4,0.1,0.1,0.1,0.5,0.0,65535.0,0.20836194399938965,0.0,65535.0,0.15458915083543145,0.0,0.0,0.0,0.0,0.0,0.0,0.0,0.0,0.0,0.0
65103.68,0.9471356228811402,0.0,17421.0,37.0,0.29264999999906527,31.5625,32.4375,36.79000000000002,0.0,0.0,0.0,0.0,0.0,20.0,0.3,0.1,0.2,0.1,0.4,0.1,0.1,0.1,0.5,0.0,65535.0,0.20837720302128634,0.0,65535.0,0.15349050125886932,0.0,0.0,0.0,0.0,0.0,0.0,0.0,0.0,0.0,0.0
65163.74,0.9448008251642026,0.0,17421.0,37.0,0.27124999999905886,31.5625,32.4375,36.89000000000004,0.0,0.0,0.0,0.0,0.0,20.0,0.3,0.1,0.2,0.1,0.4,0.1,0.1,0.1,0.5,0.0,65535.0,0.20918593118181125,0.0,65535.0,0.1531853208209354,0.0,0.0,0.0,0.0,0.0,0.0,0.0,0.0,0.0,0.0
65223.78,0.9453386006825166,0.0,17421.0,37.0,0.2394499999990568,31.625,32.4375,37.01000000000005,0.0,0.0,0.0,0.0,0.0,20.0,0.3,0.1,0.2,0.1,0.4,0.1,0.1,0.1,0.5,0.0,65535.0,0.2085603112840467,0.0,65535.0,0.15259021896696423,0.0,0.0,0.0,0.0,0.0,0.0,0.0,0.0,0.0,0.0
65283.83,0.9567539431520571,0.0,17421.0,37.0,0.2379499999990556,31.625,32.4375,37.01000000000005,0.0,0.0,0.0,0.0,0.0,20.0,0.3,0.1,0.2,0.1,0.4,0.1,0.1,0.1,0.5,0.0,65535.0,0.20961318379491875,0.0,65535.0,0.1539330128938735,0.0,0.0,0.0,0.0,0.0,0.0,0.0,0.0,0.0,0.0
65343.88,0.9639463673140449,0.0,17421.0,37.0,0.27234999999906606,31.6875,32.4375,36.870000000000005,0.0,0.0,0.0,0.0,0.0,20.0,0.3,0.1,0.2,0.1,0.4,0.1,0.1,0.1,0.5,0.0,65535.0,0.21058976119630732,0.0,65535.0,0.15510795757991913,0.0,0.0,0.0,0.0,0.0,0.0,0.0,0.0,0.0,0.0
65403.92,0.9534527729447239,0.0,17421.0,37.0,0.20374999999905316,31.625,32.5,37.13000000000005,0.0,0.0,0.0,0.0,0.0,20.0,0.3,0.1,0.2,0.1,0.4,0.1,0.1,0.1,0.5,0.0,65535.0,0.20999465934233616,0.0,65535.0,0.15291065842679485,0.0,0.0,0.0,0.0,0.0,0.0,0.0,0.0,0.0,0.0
65463.96,0.9599129469242332,0.0,17421.0,37.0,0.22514999999905785,31.625,32.4375,37.03000000000003,0.0,0.0,0.0,0.0,0.0,20.0,0.3,0.1,0.2,0.1,0.4,0.1,0.1,0.1,0.5,0.0,65535.0,0.21002517738612955,0.0,65535.0,0.1544518196383612,0.0,0.0,0.0,0.0,0.0,0.0,0.0,0.0,0.0,0.0
65524.03,0.9713344166759437,0.0,17421.0,37.0,0.18714999999906057,31.625,32.4375,37.170000000000016,0.0,0.0,0.0,0.0,0.0,20.0,0.3,0.1,0.2,0.1,0.4,0.1,0.1,0.1,0.5,0.0,65535.0,0.2102388036926833,0.0,65535.0,0.15432974746318762,0.0,0.0,0.0,0.0,0.0,0.0,0.0,0.0,0.0,0.0
65584.1,0.9642861709670956,0.0,17421.0,37.0,0.20124999999906024,31.625,32.4375,37.110000000000014,0.0,0.0,0.0,0.0,0.0,20.0,0.3,0.1,0.2,0.1,0.4,0.1,0.1,0.1,0.5,0.0,65535.0,0.21074235141527428,0.0,65535.0,0.1539635309376669,0.0,0.0,0.0,0.0,0.0,0.0,0.0,0.0,0.0,0.0
65644.17,0.9578139491772103,0.0,17421.0,37.0,0.24354999999906096,31.5625,32.4375,36.93000000000001,0.0,0.0,0.0,0.0,0.0,20.0,0.3,0.1,0.2,0.1,0.4,0.1,0.1,0.1,0.5,0.0,65535.0,0.21039139391165027,0.0,65535.0,0.1556420233463035,0.0,0.0,0.0,0.0,0.0,0.0,0.0,0.0,0.0,0.0
65704.25,0.952722554926835,0.0,17421.0,37.0,0.260049999999061,31.5625,32.4375,36.870000000000005,0.0,0.0,0.0,0.0,0.0,20.0,0.3,0.1,0.2,0.1,0.4,0.1,0.1,0.1,0.5,0.0,65535.0,0.21173418783855955,0.0,65535.0,0.15625238422217136,0.0,0.0,0.0,0.0,0.0,0.0,0.0,0.0,0.0,0.0
65764.3,0.9601676006998977,0.0,17421.0,37.0,0.23474999999905474,31.5625,32.4375,36.97000000000003,0.0,0.0,0.0,0.0,0.0,20.0,0.3,0.1,0.2,0.1,0.4,0.1,0.1,0.1,0.5,0.0,65535.0,0.20993362325474937,0.0,65535.0,0.1547722590981918,0.0,0.0,0.0,0.0,0.0,0.0,0.0,0.0,0.0,0.0
65824.38,0.9631034445767446,0.0,17421.0,37.0,0.24214999999904885,31.625,32.5,36.950000000000045,0.0,0.0,0.0,0.0,0.0,20.0,0.3,0.1,0.2,0.1,0.4,0.1,0.1,0.1,0.5,0.0,65535.0,0.212314030670634,0.0,65535.0,0.1552605477988861,0.0,0.0,0.0,0.0,0.0,0.0,0.0,0.0,0.0,0.0
65884.45,0.9789359672422913,0.0,17421.0,37.0,0.2236499999990523,31.625,32.4375,37.03000000000003,0.0,0.0,0.0,0.0,0.0,20.0,0.3,0.1,0.2,0.1,0.4,0.1,0.1,0.1,0.5,0.0,65535.0,0.21116960402838178,0.0,65535.0,0.15510795757991913,0.0,0.0,0.0,0.0,0.0,0.0,0.0,0.0,0.0,0.0
65944.53,0.9632505176308637,0.0,17421.0,37.0,0.2391499999990473,31.625,32.5,36.950000000000045,0.0,0.0,0.0,0.0,0.0,20.0,0.3,0.1,0.2,0.1,0.4,0.1,0.1,0.1,0.5,0.0,65535.0,0.21243610284580758,0.0,65535.0,0.15510795757991913,0.0,0.0,0.0,0.0,0.0,0.0,0.0,0.0,0.0,0.0
66004.6,0.9586246569183537,0.0,17421.0,37.0,0.24564999999905643,31.5,32.5,36.93000000000001,0.0,0.0,0.0,0.0,0.0,20.0,0.3,0.1,0.2,0.1,0.4,0.1,0.1,0.1,0.5,0.0,65535.0,0.2119783321889067,0.0,65535.0,0.15512321660181583,0.0,0.0,0.0,0.0,0.0,0.0,0.0,0.0,0.0,0.0
66064.67,0.967230605204108,0.0,17421.0,37.0,0.27714999999905704,31.5625,32.5,36.81,0.0,0.0,0.0,0.0,0.0,20.0,0.3,0.1,0.2,0.1,0.4,0.1,0.1,0.1,0.5,0.0,65535.0,0.21213092240787365,0.0,65535.0,0.15448233768215458,0.0,0.0,0.0,0.0,0.0,0.0,0.0,0.0,0.0,0.0
66124.74,0.9405677334494684,0.0,17421.0,37.0,0.20384999999904838,31.5625,32.5,37.09000000000003,0.0,0.0,0.0,0.0,0.0,20.0,0.3,0.1,0.2,0.1,0.4,0.1,0.1,0.1,0.5,0.0,65535.0,0.21199359121080338,0.0,65535.0,0.1552300297550927,0.0,0.0,0.0,0.0,0.0,0.0,0.0,0.0,0.0,0.0
66184.82,0.9419145258968047,0.0,17421.0,37.0,0.21794999999904804,31.5625,32.5,37.03000000000003,0.0,0.0,0.0,0.0,0.0,20.0,0.3,0.1,0.2,0.1,0.4,0.1,0.1,0.1,0.5,0.0,65535.0,0.21168841077286946,0.0,65535.0,0.15515373464560922,0.0,0.0,0.0,0.0,0.0,0.0,0.0,0.0,0.0,0.0
66244.88,0.9522915436564915,0.0,17421.0,37.0,0.2439999999990536,31.5625,32.5,36.79000000000002,0.0,0.0,0.0,0.0,0.0,20.0,0.3,0.1,0.2,0.1,0.4,0.1,0.1,0.1,0.5,0.0,65535.0,0.21242084382391088,0.0,65535.0,0.15620660715648127,0.0,0.0,0.0,0.0,0.0,0.0,0.0,0.0,0.0,0.0
66304.92,0.9429976811052959,0.0,17421.0,37.0,0.21929999999904679,31.5625,32.5,36.93000000000001,0.0,0.0,0.0,0.0,0.0,20.0,0.3,0.1,0.2,0.1,0.4,0.1,0.1,0.1,0.5,0.0,65535.0,0.21226825360494392,0.0,65535.0,0.15471122301060503,0.0,0.0,0.0,0.0,0.0,0.0,0.0,0.0,0.0,0.0
66364.97,0.9536955576789024,0.0,17421.0,37.0,0.17309999999904446,31.5625,32.5,36.870000000000005,0.0,0.0,0.0,0.0,0.0,20.0,0.3,0.1,0.2,0.1,0.4,0.1,0.1,0.1,0.5,0.0,65535.0,0.21298542763408865,0.0,65535.0,0.15516899366750592,0.0,0.0,0.0,0.0,0.0,0.0,0.0,0.0,0.0,0.0
66425.05,0.9591667402847152,0.0,17421.0,37.0,0.2227999999990402,31.5,32.4375,36.870000000000005,0.0,0.0,0.0,0.0,0.0,20.0,0.3,0.1,0.2,0.1,0.4,0.1,0.1,0.1,0.5,0.0,65535.0,0.2119478141451133,0.0,65535.0,0.15512321660181583,0.0,0.0,0.0,0.0,0.0,0.0,0.0,0.0,0.0,0.0
66485.11,0.9454685140717048,0.0,17421.0,37.0,0.24459999999904963,31.5625,32.4375,36.97000000000003,0.0,0.0,0.0,0.0,0.0,20.0,0.3,0.1,0.2,0.1,0.4,0.1,0.1,0.1,0.5,0.0,65535.0,0.2135957885099565,0.0,65535.0,0.15683222705424582,0.0,0.0,0.0,0.0,0.0,0.0,0.0,0.0,0.0,0.0
66545.18,0.9527787820239433,0.0,17421.0,37.0,0.18159999999904666,31.625,32.4375,36.710000000000036,0.0,0.0,0.0,0.0,0.0,20.0,0.3,0.1,0.2,0.1,0.4,0.1,0.1,0.1,0.5,0.0,65535.0,0.21332112611581597,0.0,65535.0,0.15704585336079957,0.0,0.0,0.0,0.0,0.0,0.0,0.0,0.0,0.0,0.0
66605.26,0.9714631546154322,0.0,17421.0,37.0,0.21009999999904747,31.5625,32.5,36.93000000000001,0.0,0.0,0.0,0.0,0.0,20.0,0.3,0.1,0.2,0.1,0.4,0.1,0.1,0.1,0.5,0.0,65535.0,0.21388570992599373,0.0,65535.0,0.1564660105287251,0.0,0.0,0.0,0.0,0.0,0.0,0.0,0.0,0.0,0.0
66665.34,0.9472855786453204,0.0,17421.0,37.0,0.21949999999903722,31.5625,32.5,36.81,0.0,0.0,0.0,0.0,0.0,20.0,0.3,0.1,0.2,0.1,0.4,0.1,0.1,0.1,0.5,0.0,65535.0,0.2136263065537499,0.0,65535.0,0.15716792553597314,0.0,0.0,0.0,0.0,0.0,0.0,0.0,0.0,0.0,0.0
66725.42,0.9661599322300282,0.0,17421.0,37.0,0.22919999999904175,31.5,32.5,36.85000000000002,0.0,0.0,0.0,0.0,0.0,20.0,0.3,0.1,0.2,0.1,0.4,0.1,0.1,0.1,0.5,0.0,65535.0,0.2127107652399481,0.0,65535.0,0.15663385976958877,0.0,0.0,0.0,0.0,0.0,0.0,0.0,0.0,0.0,0.0
66785.5,0.9575541537927409,0.0,17421.0,37.0,0.2807999999990426,31.5,32.4375,36.85000000000002,0.0,0.0,0.0,0.0,0.0,20.0,0.3,0.1,0.2,0.1,0.4,0.1,0.1,0.1,0.5,0.0,65535.0,0.21367208361943998,0.0,65535.0,0.15628290226596475,0.0,0.0,0.0,0.0,0.0,0.0,0.0,0.0,0.0,0.0
66845.58,0.9640888399844708,0.0,17421.0,37.0,0.22669999999903492,31.5625,32.5,37.05000000000001,0.0,0.0,0.0,0.0,0.0,20.0,0.3,0.1,0.2,0.1,0.4,0.1,0.1,0.1,0.5,0.0,65535.0,0.21417563134203096,0.0,65535.0,0.1569390402075227,0.0,0.0,0.0,0.0,0.0,0.0,0.0,0.0,0.0,0.0
66905.63,0.9662503043905522,0.0,17421.0,37.0,0.20609999999903772,31.5625,32.4375,37.01000000000005,0.0,0.0,0.0,0.0,0.0,20.0,0.3,0.1,0.2,0.1,0.4,0.1,0.1,0.1,0.5,0.0,65535.0,0.2140077821011673,0.0,65535.0,0.15667963683527886,0.0,0.0,0.0,0.0,0.0,0.0,0.0,0.0,0.0,0.0
66965.67,0.9550986338789161,0.0,17421.0,37.0,0.20339999999903674,31.5,32.4375,36.950000000000045,0.0,0.0,0.0,0.0,0.0,20.0,0.3,0.1,0.2,0.1,0.4,0.1,0.1,0.1,0.5,0.0,65535.0,0.21504539559014269,0.0,65535.0,0.1564812695506218,0.0,0.0,0.0,0.0,0.0,0.0,0.0,0.0,0.0,0.0
67025.72,0.9695968685577554,0.0,17421.0,37.0,0.18979999999903063,31.5625,32.4375,36.97000000000003,0.0,0.0,0.0,0.0,0.0,20.0,0.3,0.1,0.2,0.1,0.4,0.1,0.1,0.1,0.5,0.0,65535.0,0.21463340199893186,0.0,65535.0,0.1581597619592584,0.0,0.0,0.0,0.0,0.0,0.0,0.0,0.0,0.0,0.0
67085.76,0.9477394685332906,0.0,17421.0,37.0,0.21389999999903542,31.5625,32.5,36.81,0.0,0.0,0.0,0.0,0.0,20.0,0.3,0.1,0.2,0.1,0.4,0.1,0.1,0.1,0.5,0.0,65535.0,0.21506065461203938,0.0,65535.0,0.1581750209811551,0.0,0.0,0.0,0.0,0.0,0.0,0.0,0.0,0.0,0.0
67145.8,0.9557619934646479,0.0,17421.0,37.0,0.23829999999904078,31.5625,32.5,36.73000000000002,0.0,0.0,0.0,0.0,0.0,20.0,0.3,0.1,0.2,0.1,0.4,0.1,0.1,0.1,0.5,0.0,65535.0,0.21408407721065079,0.0,65535.0,0.1577325093461509,0.0,0.0,0.0,0.0,0.0,0.0,0.0,0.0,0.0,0.0
67205.85,0.970330990032092,0.0,17421.0,37.0,0.28369999999903217,31.5,32.5,36.710000000000036,0.0,0.0,0.0,0.0,0.0,20.0,0.3,0.1,0.2,0.1,0.4,0.1,0.1,0.1,0.5,0.0,65535.0,0.2150148775463493,0.0,65535.0,0.15747310597390707,0.0,0.0,0.0,0.0,0.0,0.0,0.0,0.0,0.0,0.0
67265.89,0.9661188793737316,0.0,17421.0,37.0,0.23609999999903453,31.5,32.5,36.870000000000005,0.0,0.0,0.0,0.0,0.0,20.0,0.3,0.1,0.2,0.1,0.4,0.1,0.1,0.1,0.5,0.0,65535.0,0.21515220874341956,0.0,65535.0,0.15811398489356832,0.0,0.0,0.0,0.0,0.0,0.0,0.0,0.0,0.0,0.0
67325.97,0.9548376099616336,0.0,17421.0,37.0,0.24409999999902895,31.5625,32.5,36.950000000000045,0.0,0.0,0.0,0.0,0.0,20.0,0.3,0.1,0.2,0.1,0.4,0.1,0.1,0.1,0.5,0.0,65535.0,0.21560997940032045,0.0,65535.0,0.15751888303959716,0.0,0.0,0.0,0.0,0.0,0.0,0.0,0.0,0.0,0.0
67386.03,0.9403092601821151,0.0,17421.0,37.0,0.21519999999903677,31.5625,32.5,36.870000000000005,0.0,0.0,0.0,0.0,0.0,20.0,0.3,0.1,0.2,0.1,0.4,0.1,0.1,0.1,0.5,0.0,65535.0,0.21475547417410543,0.0,65535.0,0.1578088044556344,0.0,0.0,0.0,0.0,0.0,0.0,0.0,0.0,0.0,0.0
67446.08,0.97010926599769,0.0,17421.0,37.0,0.26579999999903337,31.5625,32.5,36.79000000000002,0.0,0.0,0.0,0.0,0.0,20.0,0.3,0.1,0.2,0.1,0.4,0.1,0.1,0.1,0.5,0.0,65535.0,0.2158541237506676,0.0,65535.0,0.15765621423666742,0.0,0.0,0.0,0.0,0.0,0.0,0.0,0.0,0.0,0.0
67506.13,0.9503986177531443,0.0,17421.0,37.0,0.19779999999903497,31.5625,32.4375,36.85000000000002,0.0,0.0,0.0,0.0,0.0,20.0,0.3,0.1,0.2,0.1,0.4,0.1,0.1,0.1,0.5,0.0,65535.0,0.21571679255359733,0.0,65535.0,0.1594110017547875,0.0,0.0,0.0,0.0,0.0,0.0,0.0,0.0,0.0,0.0
67566.21,0.9509722481902414,0.0,17421.0,37.0,0.2327999999990307,31.5625,32.5,36.85000000000002,0.0,0.0,0.0,0.0,0.0,20.0,0.3,0.1,0.2,0.1,0.4,0.1,0.1,0.1,0.5,0.0,65535.0,0.21490806439307242,0.0,65535.0,0.1589990081635767,0.0,0.0,0.0,0.0,0.0,0.0,0.0,0.0,0.0,0.0
67626.28,0.9597245347698504,0.0,17421.0,37.0,0.23659999999902467,31.5625,32.4375,36.97000000000003,0.0,0.0,0.0,0.0,0.0,20.0,0.3,0.1,0.2,0.1,0.4,0.1,0.1,0.1,0.5,0.0,65535.0,0.21574731059739072,0.0,65535.0,0.15951781490806438,0.0,0.0,0.0,0.0,0.0,0.0,0.0,0.0,0.0,0.0
67686.32,0.9681761479003334,0.0,17421.0,37.0,0.21359999999902796,31.5625,32.5,36.97000000000003,0.0,0.0,0.0,0.0,0.0,20.0,0.3,0.1,0.2,0.1,0.4,0.1,0.1,0.1,0.5,0.0,65535.0,0.21594567788204777,0.0,65535.0,0.15828183413443198,0.0,0.0,0.0,0.0,0.0,0.0,0.0,0.0,0.0,0.0
67746.37,0.9668967096669245,0.0,17421.0,37.0,0.23419999999902258,31.5,32.5,36.89000000000004,0.0,0.0,0.0,0.0,0.0,20.0,0.3,0.1,0.2,0.1,0.4,0.1,0.1,0.1,0.5,0.0,65535.0,0.2158388647287709,0.0,65535.0,0.16069275959411003,0.0,0.0,0.0,0.0,0.0,0.0,0.0,0.0,0.0,0.0
67806.41,0.9622371137657039,0.0,17421.0,37.0,0.25809999999903266,31.5,32.5,36.81,0.0,0.0,0.0,0.0,0.0,20.0,0.3,0.1,0.2,0.1,0.4,0.1,0.1,0.1,0.5,0.0,65535.0,0.21553368429083697,0.0,65535.0,0.15835812924391546,0.0,0.0,0.0,0.0,0.0,0.0,0.0,0.0,0.0,0.0
67866.46,0.9603761417242481,0.0,17421.0,37.0,0.23039999999902602,31.5625,32.5,36.950000000000045,0.0,0.0,0.0,0.0,0.0,20.0,0.3,0.1,0.2,0.1,0.4,0.1,0.1,0.1,0.5,0.0,65535.0,0.2170748455024033,0.0,65535.0,0.16046387426565958,0.0,0.0,0.0,0.0,0.0,0.0,0.0,0.0,0.0,0.0
67926.53,0.9558617784266654,0.0,17421.0,37.0,0.2418999999990306,31.5625,32.4375,36.85000000000002,0.0,0.0,0.0,0.0,0.0,20.0,0.3,0.1,0.2,0.1,0.4,0.1,0.1,0.1,0.5,0.0,65535.0,0.2170290684367132,0.0,65535.0,0.15951781490806438,0.0,0.0,0.0,0.0,0.0,0.0,0.0,0.0,0.0,0.0
67986.58,0.9493923983183696,0.0,17421.0,37.0,0.2542999999990202,31.5625,32.5625,36.710000000000036,0.0,0.0,0.0,0.0,0.0,20.0,0.3,0.1,0.2,0.1,0.4,0.1,0.1,0.1,0.5,0.0,65535.0,0.21649500267032884,0.0,65535.0,0.15834287022201876,0.0,0.0,0.0,0.0,0.0,0.0,0.0,0.0,0.0,0.0
68046.65,0.9662116001095534,0.0,17421.0,37.0,0.2569999999990194,31.625,32.5,36.79000000000002,0.0,0.0,0.0,0.0,0.0,20.0,0.3,0.1,0.2,0.1,0.4,0.1,0.1,0.1,0.5,0.0,65535.0,0.21779201953154803,0.0,65535.0,0.15971618219272143,0.0,0.0,0.0,0.0,0.0,0.0,0.0,0.0,0.0,0.0
68106.71,0.9500176224194705,0.0,17421.0,37.0,0.21459999999902699,31.5625,32.5,36.93000000000001,0.0,0.0,0.0,0.0,0.0,20.0,0.3,0.1,0.2,0.1,0.4,0.1,0.1,0.1,0.5,0.0,65535.0,0.21741054398413062,0.0,65535.0,0.16046387426565958,0.0,0.0,0.0,0.0,0.0,0.0,0.0,0.0,0.0,0.0
68166.78,0.9538218233051471,0.0,17421.0,37.0,0.24159999999902743,31.5625,32.5,36.93000000000001,0.0,0.0,0.0,0.0,0.0,20.0,0.3,0.1,0.2,0.1,0.4,0.1,0.1,0.1,0.5,0.0,65535.0,0.21724269474326696,0.0,65535.0,0.1598229953459983,0.0,0.0,0.0,0.0,0.0,0.0,0.0,0.0,0.0,0.0
68226.86,0.9496894985149767,0.0,17421.0,37.0,0.20069999999902027,31.5625,32.5,36.870000000000005,0.0,0.0,0.0,0.0,0.0,20.0,0.3,0.1,0.2,0.1,0.4,0.1,0.1,0.1,0.5,0.0,65535.0,0.21773098344396125,0.0,65535.0,0.15931944762340733,0.0,0.0,0.0,0.0,0.0,0.0,0.0,0.0,0.0,0.0
68286.91,0.9627701672835185,0.0,17421.0,37.0,0.28579999999901734,31.625,32.5,36.710000000000036,0.0,0.0,0.0,0.0,0.0,20.0,0.3,0.1,0.2,0.1,0.4,0.1,0.1,0.1,0.5,0.0,65535.0,0.21780727855344473,0.0,65535.0,0.16028076600289923,0.0,0.0,0.0,0.0,0.0,0.0,0.0,0.0,0.0,0.0
68346.98,0.96520142295708,0.0,17421.0,37.0,0.22669999999901425,31.5625,32.5,37.03000000000003,0.0,0.0,0.0,0.0,0.0,20.0,0.3,0.1,0.2,0.1,0.4,0.1,0.1,0.1,0.5,0.0,65535.0,0.2188143739986267,0.0,65535.0,0.1603570611123827,0.0,0.0,0.0,0.0,0.0,0.0,0.0,0.0,0.0,0.0
68407.03,0.9520983930960201,0.0,17421.0,37.0,0.22699999999901313,31.5625,32.5,36.870000000000005,0.0,0.0,0.0,0.0,0.0,20.0,0.3,0.1,0.2,0.1,0.4,0.1,0.1,0.1,0.5,0.0,65535.0,0.21757839322499428,0.0,65535.0,0.1593957427328908,0.0,0.0,0.0,0.0,0.0,0.0,0.0,0.0,0.0,0.0
68467.11,0.9606023598823712,0.0,17421.0,37.0,0.22079999999901706,31.625,32.5,36.89000000000004,0.0,0.0,0.0,0.0,0.0,20.0,0.3,0.1,0.2,0.1,0.4,0.1,0.1,0.1,0.5,0.0,65535.0,0.21808194094758526,0.0,65535.0,0.16115053025101092,0.0,0.0,0.0,0.0,0.0,0.0,0.0,0.0,0.0,0.0
68527.19,0.959350619957378,0.0,17421.0,37.0,0.2422999999990117,31.625,32.5,37.05000000000001,0.0,0.0,0.0,0.0,0.0,20.0,0.3,0.1,0.2,0.1,0.4,0.1,0.1,0.1,0.5,0.0,65535.0,0.21765468833447776,0.0,65535.0,0.16011291676203554,0.0,0.0,0.0,0.0,0.0,0.0,0.0,0.0,0.0,0.0
68587.23,0.9458044597718959,0.0,17421.0,37.0,0.24699999999902075,31.625,32.5625,37.170000000000016,0.0,0.0,0.0,0.0,0.0,20.0,0.3,0.1,0.2,0.1,0.4,0.1,0.1,0.1,0.5,0.0,65535.0,0.21815823605706874,0.0,65535.0,0.1598535133897917,0.0,0.0,0.0,0.0,0.0,0.0,0.0,0.0,0.0,0.0
68647.27,0.9638618635038388,0.0,17421.0,37.0,0.2451999999990198,31.6875,32.5,37.13000000000005,0.0,0.0,0.0,0.0,0.0,20.0,0.3,0.1,0.2,0.1,0.4,0.1,0.1,0.1,0.5,0.0,65535.0,0.21892118715190356,0.0,65535.0,0.16063172350652324,0.0,0.0,0.0,0.0,0.0,0.0,0.0,0.0,0.0,0.0
68707.32,0.9559421708800844,0.0,17421.0,37.0,0.23729999999901363,31.625,32.5,37.05000000000001,0.0,0.0,0.0,0.0,0.0,20.0,0.3,0.1,0.2,0.1,0.4,0.1,0.1,0.1,0.5,0.0,65535.0,0.2192111085679408,0.0,65535.0,0.1604486152437629,0.0,0.0,0.0,0.0,0.0,0.0,0.0,0.0,0.0,0.0
68767.36,0.9640752598333155,0.0,17421.0,37.0,0.1774999999990052,31.6875,32.5625,36.93000000000001,0.0,0.0,0.0,0.0,0.0,20.0,0.3,0.1,0.2,0.1,0.4,0.1,0.1,0.1,0.5,0.0,65535.0,0.2203860532539864,0.0,65535.0,0.16116578927290762,0.0,0.0,0.0,0.0,0.0,0.0,0.0,0.0,0.0,0.0
68827.4,0.9601559117664824,0.0,17421.0,37.0,0.22099999999900571,31.5625,32.5625,36.89000000000004,0.0,0.0,0.0,0.0,0.0,20.0,0.3,0.1,0.2,0.1,0.4,0.1,0.1,0.1,0.5,0.0,65535.0,0.21945525291828794,0.0,65535.0,0.16092164492256048,0.0,0.0,0.0,0.0,0.0,0.0,0.0,0.0,0.0,0.0
68887.45,0.969912291354866,0.0,17421.0,37.0,0.20129999999900855,31.625,32.5,36.79000000000002,0.0,0.0,0.0,0.0,0.0,20.0,0.3,0.1,0.2,0.1,0.4,0.1,0.1,0.1,0.5,0.0,65535.0,0.22014190890363927,0.0,65535.0,0.16108949416342414,0.0,0.0,0.0,0.0,0.0,0.0,0.0,0.0,0.0,0.0
68947.49,0.9429531443843328,0.0,17421.0,37.0,0.2303999999990088,31.625,32.5625,36.93000000000001,0.0,0.0,0.0,0.0,0.0,20.0,0.3,0.1,0.2,0.1,0.4,0.1,0.1,0.1,0.5,0.0,65535.0,0.22014190890363927,0.0,65535.0,0.16174563210498208,0.0,0.0,0.0,0.0,0.0,0.0,0.0,0.0,0.0,0.0
69007.56,0.9584946336233223,0.0,17421.0,37.0,0.1594999999990005,31.5625,32.5625,37.03000000000003,0.0,0.0,0.0,0.0,0.0,20.0,0.3,0.1,0.2,0.1,0.4,0.1,0.1,0.1,0.5,0.0,65535.0,0.220859082932784,0.0,65535.0,0.16115053025101092,0.0,0.0,0.0,0.0,0.0,0.0,0.0,0.0,0.0,0.0
69067.62,0.9595462966371053,0.0,17421.0,37.0,0.21889999999900162,31.5,32.625,36.950000000000045,0.0,0.0,0.0,0.0,0.0,20.0,0.3,0.1,0.2,0.1,0.4,0.1,0.1,0.1,0.5,0.0,65535.0,0.2212863355458915,0.0,65535.0,0.16151674677653163,0.0,0.0,0.0,0.0,0.0,0.0,0.0,0.0,0.0,0.0
69127.7,0.9761659154114838,0.0,17421.0,37.0,0.23979999999901103,31.5625,32.5625,36.79000000000002,0.0,0.0,0.0,0.0,0.0,20.0,0.3,0.1,0.2,0.1,0.4,0.1,0.1,0.1,0.5,0.0,65535.0,0.22029449912260624,0.0,65535.0,0.1629663538567178,0.0,0.0,0.0,0.0,0.0,0.0,0.0,0.0,0.0,0.0
69187.78,0.9674564611584395,0.0,17421.0,37.0,0.2562999999990111,31.5625,32.5625,36.81,0.0,0.0,0.0,0.0,0.0,20.0,0.3,0.1,0.2,0.1,0.4,0.1,0.1,0.1,0.5,0.0,65535.0,0.2221255817502098,0.0,65535.0,0.16226443884946976,0.0,0.0,0.0,0.0,0.0,0.0,0.0,0.0,0.0,0.0
69247.85,0.9681933648659671,0.0,17421.0,37.0,0.1991999999990036,31.5625,32.5,36.870000000000005,0.0,0.0,0.0,0.0,0.0,20.0,0.3,0.1,0.2,0.1,0.4,0.1,0.1,0.1,0.5,0.0,65535.0,0.22023346303501945,0.0,65535.0,0.1621118486305028,0.0,0.0,0.0,0.0,0.0,0.0,0.0,0.0,0.0,0.0
69307.91,0.9655429071786621,0.0,17421.0,37.0,0.20069999999900306,31.625,32.5625,36.85000000000002,0.0,0.0,0.0,0.0,0.0,20.0,0.3,0.1,0.2,0.1,0.4,0.1,0.1,0.1,0.5,0.0,65535.0,0.2204165712977798,0.0,65535.0,0.16137941557946137,0.0,0.0,0.0,0.0,0.0,0.0,0.0,0.0,0.0,0.0
69367.94,0.9733104472077385,0.0,17421.0,37.0,0.2542999999989995,31.5625,32.5625,37.01000000000005,0.0,0.0,0.0,0.0,0.0,20.0,0.3,0.1,0.2,0.1,0.4,0.1,0.1,0.1,0.5,0.0,65535.0,0.22229343099107346,0.0,65535.0,0.16148622873273824,0.0,0.0,0.0,0.0,0.0,0.0,0.0,0.0,0.0,0.0
69427.99,0.9647520628632681,0.0,17421.0,37.0,0.23459999999900236,31.5625,32.5,36.89000000000004,0.0,0.0,0.0,0.0,0.0,20.0,0.3,0.1,0.2,0.1,0.4,0.1,0.1,0.1,0.5,0.0,65535.0,0.22063019760433356,0.0,65535.0,0.16191348134584574,0.0,0.0,0.0,0.0,0.0,0.0,0.0,0.0,0.0,0.0
69488.05,0.9542443911296201,0.0,17421.0,37.0,0.1909999999989951,31.625,32.5625,36.93000000000001,0.0,0.0,0.0,0.0,0.0,20.0,0.3,0.1,0.2,0.1,0.4,0.1,0.1,0.1,0.5,0.0,65535.0,0.22072175173571373,0.0,65535.0,0.16270695048447395,0.0,0.0,0.0,0.0,0.0,0.0,0.0,0.0,0.0,0.0
69548.13,0.9434496539069717,0.0,17421.0,37.0,0.19829999999899925,31.625,32.5625,37.03000000000003,0.0,0.0,0.0,0.0,0.0,20.0,0.3,0.1,0.2,0.1,0.4,0.1,0.1,0.1,0.5,0.0,65535.0,0.22154573891813534,0.0,65535.0,0.16281376363775082,0.0,0.0,0.0,0.0,0.0,0.0,0.0,0.0,0.0,0.0
69608.18,0.961966909129831,0.0,17421.0,37.0,0.2267999999989992,31.5625,32.5625,36.73000000000002,0.0,0.0,0.0,0.0,0.0,20.0,0.3,0.1,0.2,0.1,0.4,0.1,0.1,0.1,0.5,0.0,65535.0,0.22247653925383382,0.0,65535.0,0.1628900587472343,0.0,0.0,0.0,0.0,0.0,0.0,0.0,0.0,0.0,0.0
69668.22,0.9740947371601452,0.0,17421.0,37.0,0.26069999999899934,31.5625,32.5625,36.73000000000002,0.0,0.0,0.0,0.0,0.0,20.0,0.3,0.1,0.2,0.1,0.4,0.1,0.1,0.1,0.5,0.0,65535.0,0.22139314869916837,0.0,65535.0,0.16226443884946976,0.0,0.0,0.0,0.0,0.0,0.0,0.0,0.0,0.0,0.0
69728.29,0.964530141876767,0.0,17421.0,37.0,0.19099999999899084,31.5625,32.5625,36.77000000000004,0.0,0.0,0.0,0.0,0.0,20.0,0.3,0.1,0.2,0.1,0.4,0.1,0.1,0.1,0.5,0.0,65535.0,0.2221713588158999,0.0,65535.0,0.16467536430914778,0.0,0.0,0.0,0.0,0.0,0.0,0.0,0.0,0.0,0.0
69788.33,0.9744996698177096,0.0,17421.0,37.0,0.2227999999989912,31.5625,32.5,36.89000000000004,0.0,0.0,0.0,0.0,0.0,20.0,0.3,0.1,0.2,0.1,0.4,0.1,0.1,0.1,0.5,0.0,65535.0,0.2216983291371023,0.0,65535.0,0.16267643244068056,0.0,0.0,0.0,0.0,0.0,0.0,0.0,0.0,0.0,0.0
69848.38,0.9654358856608012,0.0,17421.0,37.0,0.22429999999898984,31.5625,32.5,37.01000000000005,0.0,0.0,0.0,0.0,0.0,20.0,0.3,0.1,0.2,0.1,0.4,0.1,0.1,0.1,0.5,0.0,65535.0,0.2225528343633173,0.0,65535.0,0.16360723277637904,0.0,0.0,0.0,0.0,0.0,0.0,0.0,0.0,0.0,0.0
69908.43,0.9570964410096757,0.0,17421.0,37.0,0.19189999999898746,31.5625,32.5,36.93000000000001,0.0,0.0,0.0,0.0,0.0,20.0,0.3,0.1,0.2,0.1,0.4,0.1,0.1,0.1,0.5,0.0,65535.0,0.22188143739986266,0.0,65535.0,0.16241702906843672,0.0,0.0,0.0,0.0,0.0,0.0,0.0,0.0,0.0,0.0
69968.5,0.9818835095186642,0.0,17421.0,37.0,0.23599999999898827,31.5625,32.5,36.89000000000004,0.0,0.0,0.0,0.0,0.0,20.0,0.3,0.1,0.2,0.1,0.4,0.1,0.1,0.1,0.5,0.0,65535.0,0.22287327382314795,0.0,65535.0,0.16473640039673457,0.0,0.0,0.0,0.0,0.0,0.0,0.0,0.0,0.0,0.0
70028.57,0.9709951744399701,0.0,17421.0,37.0,0.2191999999989868,31.5625,32.5625,36.89000000000004,0.0,0.0,0.0,0.0,0.0,20.0,0.3,0.1,0.2,0.1,0.4,0.1,0.1,0.1,0.5,0.0,65535.0,0.22293430991073473,0.0,65535.0,0.1637750820172427,0.0,0.0,0.0,0.0,0.0,0.0,0.0,0.0,0.0,0.0
70088.65,0.9752990850162584,0.0,17421.0,37.0,0.25959999999899697,31.5625,32.5625,36.89000000000004,0.0,0.0,0.0,0.0,0.0,20.0,0.3,0.1,0.2,0.1,0.4,0.1,0.1,0.1,0.5,0.0,65535.0,0.22380407415884643,0.0,65535.0,0.16354619668879225,0.0,0.0,0.0,0.0,0.0,0.0,0.0,0.0,0.0,0.0
70148.72,0.964469819077573,0.0,17421.0,37.0,0.1936999999989841,31.625,32.5625,36.97000000000003,0.0,0.0,0.0,0.0,0.0,20.0,0.3,0.1,0.2,0.1,0.4,0.1,0.1,0.1,0.5,0.0,65535.0,0.22340733958953232,0.0,65535.0,0.16408026245517662,0.0,0.0,0.0,0.0,0.0,0.0,0.0,0.0,0.0,0.0
70208.79,0.9599498138269529,0.0,17421.0,37.0,0.212199999998994,31.625,32.5625,36.89000000000004,0.0,0.0,0.0,0.0,0.0,20.0,0.3,0.1,0.2,0.1,0.4,0.1,0.1,0.1,0.5,0.0,65535.0,0.22299534599832152,0.0,65535.0,0.16429388876173037,0.0,0.0,0.0,0.0,0.0,0.0,0.0,0.0,0.0,0.0
70268.84,0.9682849273530747,0.0,17421.0,37.0,0.25339999999898494,31.5625,32.5625,36.81,0.0,0.0,0.0,0.0,0.0,20.0,0.3,0.1,0.2,0.1,0.4,0.1,0.1,0.1,0.5,0.0,65535.0,0.22359044785229268,0.0,65535.0,0.16345464255741207,0.0,0.0,0.0,0.0,0.0,0.0,0.0,0.0,0.0,0.0
70328.91,0.981132649914928,0.0,17421.0,37.0,0.2442999999989932,31.625,32.5,36.870000000000005,0.0,0.0,0.0,0.0,0.0,20.0,0.3,0.1,0.2,0.1,0.4,0.1,0.1,0.1,0.5,0.0,65535.0,0.22227817196917676,0.0,65535.0,0.16433966582742046,0.0,0.0,0.0,0.0,0.0,0.0,0.0,0.0,0.0,0.0
70388.99,0.9632838046240482,0.0,17421.0,37.0,0.1918999999989806,31.625,32.5625,36.950000000000045,0.0,0.0,0.0,0.0,0.0,20.0,0.3,0.1,0.2,0.1,0.4,0.1,0.1,0.1,0.5,0.0,65535.0,0.22340733958953232,0.0,65535.0,0.16325627527275502,0.0,0.0,0.0,0.0,0.0,0.0,0.0,0.0,0.0,0.0
70449.06,0.9799599247714618,0.0,17421.0,37.0,0.23219999999898575,31.5625,32.5625,36.950000000000045,0.0,0.0,0.0,0.0,0.0,20.0,0.3,0.1,0.2,0.1,0.4,0.1,0.1,0.1,0.5,0.0,65535.0,0.22539101243610285,0.0,65535.0,0.165468833447776,0.0,0.0,0.0,0.0,0.0,0.0,0.0,0.0,0.0,0.0
70509.12,0.9709919943007419,0.0,17421.0,37.0,0.2362999999989803,31.5625,32.5625,37.03000000000003,0.0,0.0,0.0,0.0,0.0,20.0,0.3,0.1,0.2,0.1,0.4,0.1,0.1,0.1,0.5,0.0,65535.0,0.2239108873121233,0.0,65535.0,0.1641565575646601,0.0,0.0,0.0,0.0,0.0,0.0,0.0,0.0,0.0,0.0
70569.17,0.975631712933994,0.0,17421.0,37.0,0.2792999999989855,31.5625,32.5625,36.870000000000005,0.0,0.0,0.0,0.0,0.0,20.0,0.3,0.1,0.2,0.1,0.4,0.1,0.1,0.1,0.5,0.0,65535.0,0.2239414053559167,0.0,65535.0,0.16722362096589607,0.0,0.0,0.0,0.0,0.0,0.0,0.0,0.0,0.0,0.0
70629.21,0.9856771066424439,0.0,17421.0,37.0,0.21519999999898698,31.5625,32.5625,37.01000000000005,0.0,0.0,0.0,0.0,0.0,20.0,0.3,0.1,0.2,0.1,0.4,0.1,0.1,0.1,0.5,0.0,65535.0,0.22275120164797438,0.0,65535.0,0.16510261692225528,0.0,0.0,0.0,0.0,0.0,0.0,0.0,0.0,0.0,0.0
70689.28,0.9848805156612008,0.0,17421.0,37.0,0.1927999999989755,31.5625,32.5625,36.81,0.0,0.0,0.0,0.0,0.0,20.0,0.3,0.1,0.2,0.1,0.4,0.1,0.1,0.1,0.5,0.0,65535.0,0.22485694666971848,0.0,65535.0,0.16621652552071411,0.0,0.0,0.0,0.0,0.0,0.0,0.0,0.0,0.0,0.0
70749.32,0.964861280609191,0.0,17421.0,37.0,0.19979999999897993,31.5625,32.5625,36.870000000000005,0.0,0.0,0.0,0.0,0.0,20.0,0.3,0.1,0.2,0.1,0.4,0.1,0.1,0.1,0.5,0.0,65535.0,0.22505531395437553,0.0,65535.0,0.16519417105363546,0.0,0.0,0.0,0.0,0.0,0.0,0.0,0.0,0.0,0.0
70809.36,0.9634622538275355,0.0,17421.0,37.0,0.23539999999897512,31.625,32.5625,36.870000000000005,0.0,0.0,0.0,0.0,0.0,20.0,0.3,0.1,0.2,0.1,0.4,0.1,0.1,0.1,0.5,0.0,65535.0,0.22444495307850768,0.0,65535.0,0.16575875486381322,0.0,0.0,0.0,0.0,0.0,0.0,0.0,0.0,0.0,0.0
70869.39,0.9727612703741794,0.0,17421.0,37.0,0.20919999999898303,31.625,32.5625,36.81,0.0,0.0,0.0,0.0,0.0,20.0,0.3,0.1,0.2,0.1,0.4,0.1,0.1,0.1,0.5,0.0,65535.0,0.22574196993972687,0.0,65535.0,0.16562142366674296,0.0,0.0,0.0,0.0,0.0,0.0,0.0,0.0,0.0,0.0
70929.47,0.9728260940058183,0.0,17421.0,37.0,0.2359999999989737,31.5625,32.5625,36.85000000000002,0.0,0.0,0.0,0.0,0.0,20.0,0.3,0.1,0.2,0.1,0.4,0.1,0.1,0.1,0.5,0.0,65535.0,0.22546730754558633,0.0,65535.0,0.16520943007553215,0.0,0.0,0.0,0.0,0.0,0.0,0.0,0.0,0.0,0.0
70989.54,0.9647537381101684,0.0,17421.0,37.0,0.24069999999898276,31.5625,32.5625,37.05000000000001,0.0,0.0,0.0,0.0,0.0,20.0,0.3,0.1,0.2,0.1,0.4,0.1,0.1,0.1,0.5,0.0,65535.0,0.22494850080109866,0.0,65535.0,0.16568245975432974,0.0,0.0,0.0,0.0,0.0,0.0,0.0,0.0,0.0,0.0
71049.59,0.9907895318684455,0.0,17421.0,37.0,0.1894999999989699,31.5625,32.5625,36.73000000000002,0.0,0.0,0.0,0.0,0.0,20.0,0.3,0.1,0.2,0.1,0.4,0.1,0.1,0.1,0.5,0.0,65535.0,0.22505531395437553,0.0,65535.0,0.1654230563820859,0.0,0.0,0.0,0.0,0.0,0.0,0.0,0.0,0.0,0.0
71109.66,0.9970386094205794,0.0,17421.0,37.0,0.28169999999897727,31.5,32.5625,36.870000000000005,0.0,0.0,0.0,0.0,0.0,20.0,0.3,0.1,0.2,0.1,0.4,0.1,0.1,0.1,0.5,0.0,65535.0,0.22679484245059892,0.0,65535.0,0.16560616464484626,0.0,0.0,0.0,0.0,0.0,0.0,0.0,0.0,0.0,0.0
71169.72,1.0033931267137195,0.0,17421.0,37.0,0.2646999999989811,31.5625,32.5625,37.01000000000005,0.0,0.0,0.0,0.0,0.0,20.0,0.3,0.1,0.2,0.1,0.4,0.1,0.1,0.1,0.5,0.0,65535.0,0.22664225223163195,0.0,65535.0,0.16649118791485465,0.0,0.0,0.0,0.0,0.0,0.0,0.0,0.0,0.0,0.0
71229.78,0.9912734812249444,0.0,17421.0,37.0,0.2210999999989738,31.625,32.5,36.93000000000001,0.0,0.0,0.0,0.0,0.0,20.0,0.3,0.1,0.2,0.1,0.4,0.1,0.1,0.1,0.5,0.0,65535.0,0.2276798657206073,0.0,65535.0,0.16636911573968108,0.0,0.0,0.0,0.0,0.0,0.0,0.0,0.0,0.0,0.0
71289.84,0.9840798102982884,0.0,17421.0,37.0,0.20279999999897197,31.625,32.5,36.97000000000003,0.0,0.0,0.0,0.0,0.0,20.0,0.3,0.1,0.2,0.1,0.4,0.1,0.1,0.1,0.5,0.0,65535.0,0.22571145189593347,0.0,65535.0,0.165468833447776,0.0,0.0,0.0,0.0,0.0,0.0,0.0,0.0,0.0,0.0
71349.88,0.9797274540200908,0.0,17421.0,37.0,0.25249999999896766,31.625,32.5625,37.09000000000003,0.0,0.0,0.0,0.0,0.0,20.0,0.3,0.1,0.2,0.1,0.4,0.1,0.1,0.1,0.5,0.0,65535.0,0.22748149843595025,0.0,65535.0,0.16652170595864804,0.0,0.0,0.0,0.0,0.0,0.0,0.0,0.0,0.0,0.0
71409.93,0.9771067776853123,0.0,17421.0,37.0,0.23369999999897056,31.625,32.5625,36.85000000000002,0.0,0.0,0.0,0.0,0.0,20.0,0.3,0.1,0.2,0.1,0.4,0.1,0.1,0.1,0.5,0.0,65535.0,0.2268863965819791,0.0,65535.0,0.16717784390020599,0.0,0.0,0.0,0.0,0.0,0.0,0.0,0.0,0.0,0.0
71469.97,0.988883755698021,0.0,17421.0,37.0,0.24519999999897515,31.625,32.5625,36.93000000000001,0.0,0.0,0.0,0.0,0.0,20.0,0.3,0.1,0.2,0.1,0.4,0.1,0.1,0.1,0.5,0.0,65535.0,0.22705424582284275,0.0,65535.0,0.16653696498054474,0.0,0.0,0.0,0.0,0.0,0.0,0.0,0.0,0.0,0.0
71530.01,0.9836801936435295,0.0,17421.0,37.0,0.2207999999989689,31.5625,32.5625,37.09000000000003,0.0,0.0,0.0,0.0,0.0,20.0,0.3,0.1,0.2,0.1,0.4,0.1,0.1,0.1,0.5,0.0,65535.0,0.22627603570611124,0.0,65535.0,0.16621652552071411,0.0,0.0,0.0,0.0,0.0,0.0,0.0,0.0,0.0,0.0
71590.06,0.9716130767620758,0.0,17421.0,37.0,0.2230999999989634,31.625,32.5625,36.870000000000005,0.0,0.0,0.0,0.0,0.0,20.0,0.3,0.1,0.2,0.1,0.4,0.1,0.1,0.1,0.5,0.0,65535.0,0.22581826504921035,0.0,65535.0,0.16577401388570992,0.0,0.0,0.0,0.0,0.0,0.0,0.0,0.0,0.0,0.0
71650.1,0.9881843077738224,0.0,17421.0,37.0,0.16679999999896516,31.5625,32.5625,36.870000000000005,0.0,0.0,0.0,0.0,0.0,20.0,0.3,0.1,0.2,0.1,0.4,0.1,0.1,0.1,0.5,0.0,65535.0,0.22792401007095445,0.0,65535.0,0.1675745784695201,0.0,0.0,0.0,0.0,0.0,0.0,0.0,0.0,0.0,0.0
71710.15,0.9883843682704839,0.0,17421.0,37.0,0.22679999999896658,31.5625,32.5625,36.870000000000005,0.0,0.0,0.0,0.0,0.0,20.0,0.3,0.1,0.2,0.1,0.4,0.1,0.1,0.1,0.5,0.0,65535.0,0.2277256427862974,0.0,65535.0,0.16765087357900357,0.0,0.0,0.0,0.0,0.0,0.0,0.0,0.0,0.0,0.0
71770.19,0.990603880862076,0.0,17421.0,37.0,0.2597999999989667,31.5625,32.5625,36.73000000000002,0.0,0.0,0.0,0.0,0.0,20.0,0.3,0.1,0.2,0.1,0.4,0.1,0.1,0.1,0.5,0.0,65535.0,0.22821393148699168,0.0,65535.0,0.1679407949950408,0.0,0.0,0.0,0.0,0.0,0.0,0.0,0.0,0.0,0.0
71830.23,0.9833901228474505,0.0,17421.0,37.0,0.22039999999895904,31.5625,32.5625,36.85000000000002,0.0,0.0,0.0,0.0,0.0,20.0,0.3,0.1,0.2,0.1,0.4,0.1,0.1,0.1,0.5,0.0,65535.0,0.2285954070344091,0.0,65535.0,0.1667353322652018,0.0,0.0,0.0,0.0,0.0,0.0,0.0,0.0,0.0,0.0
71890.31,0.9675791032350781,0.0,17421.0,37.0,0.2559999999989693,31.625,32.5,36.93000000000001,0.0,0.0,0.0,0.0,0.0,20.0,0.3,0.1,0.2,0.1,0.4,0.1,0.1,0.1,0.5,0.0,65535.0,0.22763408865491722,0.0,65535.0,0.16833752956435494,0.0,0.0,0.0,0.0,0.0,0.0,0.0,0.0,0.0,0.0
71950.39,0.9903991245029857,0.0,17421.0,37.0,0.21509999999896212,31.5625,32.5625,37.03000000000003,0.0,0.0,0.0,0.0,0.0,20.0,0.3,0.1,0.2,0.1,0.4,0.1,0.1,0.1,0.5,0.0,65535.0,0.22960250247959105,0.0,65535.0,0.16762035553521018,0.0,0.0,0.0,0.0,0.0,0.0,0.0,0.0,0.0,0.0
72010.43,0.9769268964715611,0.0,17421.0,37.0,0.2642999999989634,31.5625,32.5625,36.93000000000001,0.0,0.0,0.0,0.0,0.0,20.0,0.3,0.1,0.2,0.1,0.4,0.1,0.1,0.1,0.5,0.0,65535.0,0.22836652170595864,0.0,65535.0,0.16813916227969788,0.0,0.0,0.0,0.0,0.0,0.0,0.0,0.0,0.0,0.0
72070.52,0.9894037538209263,0.0,17421.0,37.0,0.2660999999989626,31.5625,32.5,36.85000000000002,0.0,0.0,0.0,0.0,0.0,20.0,0.3,0.1,0.2,0.1,0.4,0.1,0.1,0.1,0.5,0.0,65535.0,0.2280918593118181,0.0,65535.0,0.1666895551995117,0.0,0.0,0.0,0.0,0.0,0.0,0.0,0.0,0.0,0.0
72130.56,0.9798525294708986,0.0,17421.0,37.0,0.22019999999896003,31.625,32.5625,36.93000000000001,0.0,0.0045,0.25,0.0,0.0,20.0,0.3,0.1,0.2,0.1,0.4,0.1,0.1,0.1,0.5,0.0,65535.0,0.22839703974975203,0.0,65535.0,0.16838330663004503,0.0,0.0,0.0,0.0,0.0,0.0,0.0,0.0,0.0,0.0
72190.62,0.9486762888419448,0.0,17421.0,37.0,0.3096499999989574,31.5625,32.5625,36.710000000000036,0.0,0.0,0.0,0.0,0.0,20.0,0.3,0.1,0.2,0.1,0.4,0.1,0.1,0.1,0.5,0.0,65535.0,0.22529945830472267,0.0,65535.0,0.16527046616311894,0.0,0.0,0.0,0.0,0.0,0.0,0.0,0.0,0.0,0.0
72250.67,0.9652903304418518,0.0,17421.0,37.0,0.21329999999895807,31.625,32.5625,36.73000000000002,0.0,0.0,0.0,0.0,0.0,20.0,0.3,0.1,0.2,0.1,0.4,0.1,0.1,0.1,0.5,0.0,65535.0,0.22575722896162356,0.0,65535.0,0.16552986953536278,0.0,0.0,0.0,0.0,0.0,0.0,0.0,0.0,0.0,0.0
72310.71,0.9736700469496787,0.0,17421.0,37.0,0.2712999999989647,31.625,32.5,36.93000000000001,0.0,0.0,0.0,0.0,0.0,20.0,0.3,0.1,0.2,0.1,0.4,0.1,0.1,0.1,0.5,0.0,65535.0,0.22462806134126803,0.0,65535.0,0.164614328221561,0.0,0.0,0.0,0.0,0.0,0.0,0.0,0.0,0.0,0.0
72370.76,0.9611800116918197,0.0,17421.0,37.0,0.24869999999895853,31.6875,32.5625,37.05000000000001,0.0,0.0,0.0,0.0,0.0,20.0,0.3,0.1,0.2,0.1,0.4,0.1,0.1,0.1,0.5,0.0,65535.0,0.22322423132677197,0.0,65535.0,0.16472114137483787,0.0,0.0,0.0,0.0,0.0,0.0,0.0,0.0,0.0,0.0
72430.8,0.9585344646309799,0.0,17421.0,37.0,0.16679999999895428,31.6875,32.5625,37.110000000000014,0.0,0.0,0.0,0.0,0.0,20.0,0.3,0.1,0.2,0.1,0.4,0.1,0.1,0.1,0.5,0.0,65535.0,0.22459754329747464,0.0,65535.0,0.1658350499732967,0.0,0.0,0.0,0.0,0.0,0.0,0.0,0.0,0.0,0.0
72490.87,0.9601720052505505,0.0,17421.0,37.0,0.19669999999894955,31.625,32.625,36.85000000000002,0.0,0.0,0.0,0.0,0.0,20.0,0.3,0.1,0.2,0.1,0.4,0.1,0.1,0.1,0.5,0.0,65535.0,0.22456702525368125,0.0,65535.0,0.164614328221561,0.0,0.0,0.0,0.0,0.0,0.0,0.0,0.0,0.0,0.0
72550.91,0.9638884148283938,0.0,17421.0,37.0,0.2622999999989609,31.6875,32.5625,36.89000000000004,0.0,0.0,0.0,0.0,0.0,20.0,0.3,0.1,0.2,0.1,0.4,0.1,0.1,0.1,0.5,0.0,65535.0,0.22569619287403678,0.0,65535.0,0.16557564660105287,0.0,0.0,0.0,0.0,0.0,0.0,0.0,0.0,0.0,0.0
72610.95,0.957734457361657,0.0,17421.0,37.0,0.22139999999895377,31.6875,32.5625,36.93000000000001,0.0,0.0,0.0,0.0,0.0,20.0,0.3,0.1,0.2,0.1,0.4,0.1,0.1,0.1,0.5,0.0,65535.0,0.22543678950179294,0.0,65535.0,0.16574349584191653,0.0,0.0,0.0,0.0,0.0,0.0,0.0,0.0,0.0,0.0
72671.02,0.9658845502948052,0.0,17421.0,37.0,0.2266999999989481,31.6875,32.5625,36.77000000000004,0.0,0.0,0.0,0.0,0.0,20.0,0.3,0.1,0.2,0.1,0.4,0.1,0.1,0.1,0.5,0.0,65535.0,0.22580300602731365,0.0,65535.0,0.16687266346227206,0.0,0.0,0.0,0.0,0.0,0.0,0.0,0.0,0.0,0.0
72731.09,0.957802562306842,0.0,17421.0,37.0,0.2033999999989508,31.625,32.625,36.81,0.0,0.0,0.0,0.0,0.0,20.0,0.3,0.1,0.2,0.1,0.4,0.1,0.1,0.1,0.5,0.0,65535.0,0.22490272373540857,0.0,65535.0,0.16523994811932555,0.0,0.0,0.0,0.0,0.0,0.0,0.0,0.0,0.0,0.0
72791.13,0.9566287699957805,0.0,17421.0,37.0,0.20519999999895,31.5625,32.5625,37.09000000000003,0.0,0.0,0.0,0.0,0.0,20.0,0.3,0.1,0.2,0.1,0.4,0.1,0.1,0.1,0.5,0.0,65535.0,0.22574196993972687,0.0,65535.0,0.16607919432364385,0.0,0.0,0.0,0.0,0.0,0.0,0.0,0.0,0.0,0.0
72851.2,0.9573160009515834,0.0,17421.0,37.0,0.2160999999989543,31.6875,32.625,37.09000000000003,0.0,0.0,0.0,0.0,0.0,20.0,0.3,0.1,0.2,0.1,0.4,0.1,0.1,0.1,0.5,0.0,65535.0,0.2252384222171359,0.0,65535.0,0.16520943007553215,0.0,0.0,0.0,0.0,0.0,0.0,0.0,0.0,0.0,0.0
72911.26,0.9676887561183489,0.0,17421.0,37.0,0.21579999999895372,31.6875,32.625,37.01000000000005,0.0,0.0,0.0,0.0,0.0,20.0,0.3,0.1,0.2,0.1,0.4,0.1,0.1,0.1,0.5,0.0,65535.0,0.2277256427862974,0.0,65535.0,0.16781872281986723,0.0,0.0,0.0,0.0,0.0,0.0,0.0,0.0,0.0,0.0
72971.32,0.95684038557042,0.0,17421.0,37.0,0.21489999999895285,31.6875,32.625,36.950000000000045,0.0,0.0,0.0,0.0,0.0,20.0,0.3,0.1,0.2,0.1,0.4,0.1,0.1,0.1,0.5,0.0,65535.0,0.22783245593957427,0.0,65535.0,0.16694895857175554,0.0,0.0,0.0,0.0,0.0,0.0,0.0,0.0,0.0,0.0
73031.4,0.9519189182349956,0.0,17421.0,37.0,0.20399999999894683,31.625,32.5625,36.950000000000045,0.0,0.0,0.0,0.0,0.0,20.0,0.3,0.1,0.2,0.1,0.4,0.1,0.1,0.1,0.5,0.0,65535.0,0.22653543907835508,0.0,65535.0,0.16610971236743724,0.0,0.0,0.0,0.0,0.0,0.0,0.0,0.0,0.0,0.0
73091.47,0.9569327603739576,0.0,17421.0,37.0,0.23839999999894224,31.625,32.5625,36.97000000000003,0.0,0.0,0.0,0.0,0.0,20.0,0.3,0.1,0.2,0.1,0.4,0.1,0.1,0.1,0.5,0.0,65535.0,0.22748149843595025,0.0,65535.0,0.1654077973601892,0.0,0.0,0.0,0.0,0.0,0.0,0.0,0.0,0.0,0.0
73151.55,0.975959831596377,0.0,17421.0,37.0,0.23249999999894588,31.625,32.5625,36.93000000000001,0.0,0.0,0.0,0.0,0.0,20.0,0.3,0.1,0.2,0.1,0.4,0.1,0.1,0.1,0.5,0.0,65535.0,0.22719157701991302,0.0,65535.0,0.1667048142214084,0.0,0.0,0.0,0.0,0.0,0.0,0.0,0.0,0.0,0.0
73211.63,0.9745896977643025,0.0,17421.0,37.0,0.2421999999989504,31.625,32.625,36.79000000000002,0.0,0.0,0.0,0.0,0.0,20.0,0.3,0.1,0.2,0.1,0.4,0.1,0.1,0.1,0.5,0.0,65535.0,0.22795452811474784,0.0,65535.0,0.1671320668345159,0.0,0.0,0.0,0.0,0.0,0.0,0.0,0.0,0.0,0.0
73271.67,0.9567064071533943,0.0,17421.0,37.0,0.23959999999893938,31.5625,32.625,36.81,0.0,0.0,0.0,0.0,0.0,20.0,0.3,0.1,0.2,0.1,0.4,0.1,0.1,0.1,0.5,0.0,65535.0,0.2272983901731899,0.0,65535.0,0.16731517509727625,0.0,0.0,0.0,0.0,0.0,0.0,0.0,0.0,0.0,0.0
73331.75,0.9684355282428188,0.0,17421.0,37.0,0.2042999999989422,31.625,32.5625,37.01000000000005,0.0,0.0,0.0,0.0,0.0,20.0,0.3,0.1,0.2,0.1,0.4,0.1,0.1,0.1,0.5,0.0,65535.0,0.22761882963302052,0.0,65535.0,0.16760509651331348,0.0,0.0,0.0,0.0,0.0,0.0,0.0,0.0,0.0,0.0
73391.79,0.949600684589222,0.0,17421.0,37.0,0.20249999999894125,31.625,32.625,36.93000000000001,0.0,0.0,0.0,0.0,0.0,20.0,0.3,0.1,0.2,0.1,0.4,0.1,0.1,0.1,0.5,0.0,65535.0,0.22847333485923552,0.0,65535.0,0.16771190966659036,0.0,0.0,0.0,0.0,0.0,0.0,0.0,0.0,0.0,0.0
73451.83,0.9547693937931305,0.0,17421.0,37.0,0.21569999999894088,31.6875,32.5625,36.97000000000003,0.0,0.0,0.0,0.0,0.0,20.0,0.3,0.1,0.2,0.1,0.4,0.1,0.1,0.1,0.5,0.0,65535.0,0.22778667887388418,0.0,65535.0,0.16762035553521018,0.0,0.0,0.0,0.0,0.0,0.0,0.0,0.0,0.0,0.0
73511.9,0.9589294617490177,0.0,17421.0,37.0,0.241299999998946,31.625,32.625,36.93000000000001,0.0,0.0,0.0,0.0,0.0,20.0,0.3,0.1,0.2,0.1,0.4,0.1,0.1,0.1,0.5,0.0,65535.0,0.2284885938811322,0.0,65535.0,0.16694895857175554,0.0,0.0,0.0,0.0,0.0,0.0,0.0,0.0,0.0,0.0
73571.96,0.9842968523948128,0.0,17421.0,37.0,0.27929999999894156,31.6875,32.5625,36.89000000000004,0.0,0.0,0.0,0.0,0.0,20.0,0.3,0.1,0.2,0.1,0.4,0.1,0.1,0.1,0.5,0.0,65535.0,0.2285801480125124,0.0,65535.0,0.16766613260090027,0.0,0.0,0.0,0.0,0.0,0.0,0.0,0.0,0.0,0.0
73632.04,0.9712607499597669,0.0,17421.0,37.0,0.17159999999893663,31.625,32.625,36.870000000000005,0.0,0.0,0.0,0.0,0.0,20.0,0.3,0.1,0.2,0.1,0.4,0.1,0.1,0.1,0.5,0.0,65535.0,0.22838178072785534,0.0,65535.0,0.1679255359731441,0.0,0.0,0.0,0.0,0.0,0.0,0.0,0.0,0.0,0.0
73692.1,0.9672887062980272,0.0,17421.0,37.0,0.24219999999894345,31.6875,32.625,36.950000000000045,0.0,0.0,0.0,0.0,0.0,20.0,0.3,0.1,0.2,0.1,0.4,0.1,0.1,0.1,0.5,0.0,65535.0,0.22902265964751659,0.0,65535.0,0.16826123445487146,0.0,0.0,0.0,0.0,0.0,0.0,0.0,0.0,0.0,0.0
73752.18,0.9709653783461273,0.0,17421.0,37.0,0.19479999999894138,31.625,32.625,36.85000000000002,0.0,0.0,0.0,0.0,0.0,20.0,0.3,0.1,0.2,0.1,0.4,0.1,0.1,0.1,0.5,0.0,65535.0,0.2297703517204547,0.0,65535.0,0.16725413900968947,0.0,0.0,0.0,0.0,0.0,0.0,0.0,0.0,0.0,0.0
73812.25,0.9729387444457996,0.0,17421.0,37.0,0.23299999999893248,31.625,32.625,37.03000000000003,0.0,0.0,0.0,0.0,0.0,20.0,0.3,0.1,0.2,0.1,0.4,0.1,0.1,0.1,0.5,0.0,65535.0,0.22868696116578927,0.0,65535.0,0.16903944457160297,0.0,0.0,0.0,0.0,0.0,0.0,0.0,0.0,0.0,0.0
73872.32,0.9709479446904999,0.0,17421.0,37.0,0.28069999999893347,31.625,32.625,36.710000000000036,0.0,0.0,0.0,0.0,0.0,20.0,0.3,0.1,0.2,0.1,0.4,0.1,0.1,0.1,0.5,0.0,65535.0,0.22819867246509498,0.0,65535.0,0.16823071641107806,0.0,0.0,0.0,0.0,0.0,0.0,0.0,0.0,0.0,0.0
73932.39,0.9839711461441818,0.0,17421.0,37.0,0.24279999999894117,31.6875,32.625,36.97000000000003,0.0,0.0,0.0,0.0,0.0,20.0,0.3,0.1,0.2,0.1,0.4,0.1,0.1,0.1,0.5,0.0,65535.0,0.22954146639200426,0.0,65535.0,0.16919203479056993,0.0,0.0,0.0,0.0,0.0,0.0,0.0,0.0,0.0,0.0
73992.47,0.9780117117310229,0.0,17421.0,37.0,0.2395999999989307,31.625,32.625,36.950000000000045,0.0,0.0,0.0,0.0,0.0,20.0,0.3,0.1,0.2,0.1,0.4,0.1,0.1,0.1,0.5,0.0,65535.0,0.23053330281528955,0.0,65535.0,0.1693598840314336,0.0,0.0,0.0,0.0,0.0,0.0,0.0,0.0,0.0,0.0
74052.54,0.9857279187993314,0.0,17421.0,37.0,0.19489999999892788,31.625,32.625,36.81,0.0,0.0,0.0,0.0,0.0,20.0,0.3,0.1,0.2,0.1,0.4,0.1,0.1,0.1,0.5,0.0,65535.0,0.23102159151598384,0.0,65535.0,0.16864271000228886,0.0,0.0,0.0,0.0,0.0,0.0,0.0,0.0,0.0,0.0
74112.62,0.9713903243540408,0.0,17421.0,37.0,0.23489999999893327,31.625,32.5625,37.01000000000005,0.0,0.0,0.0,0.0,0.0,20.0,0.3,0.1,0.2,0.1,0.4,0.1,0.1,0.1,0.5,0.0,65535.0,0.22989242389562828,0.0,65535.0,0.16836804760814833,0.0,0.0,0.0,0.0,0.0,0.0,0.0,0.0,0.0,0.0
74172.68,0.9788719460497688,0.0,17421.0,37.0,0.23369999999893265,31.6875,32.625,36.89000000000004,0.0,0.0,0.0,0.0,0.0,20.0,0.3,0.1,0.2,0.1,0.4,0.1,0.1,0.1,0.5,0.0,65535.0,0.2301823453116655,0.0,65535.0,0.1693141069657435,0.0,0.0,0.0,0.0,0.0,0.0,0.0,0.0,0.0,0.0
74232.75,0.9781278710352355,0.0,17421.0,37.0,0.21989999999893098,31.6875,32.625,36.89000000000004,0.0,0.0,0.0,0.0,0.0,20.0,0.3,0.1,0.2,0.1,0.4,0.1,0.1,0.1,0.5,0.0,65535.0,0.23044174868390935,0.0,65535.0,0.16916151674677654,0.0,0.0,0.0,0.0,0.0,0.0,0.0,0.0,0.0,0.0
74292.83,0.9703770670349375,0.0,17421.0,37.0,0.2551999999989264,31.6875,32.625,36.81,0.0,0.0,0.0,0.0,0.0,20.0,0.3,0.1,0.2,0.1,0.4,0.1,0.1,0.1,0.5,0.0,65535.0,0.23048752574959946,0.0,65535.0,0.16836804760814833,0.0,0.0,0.0,0.0,0.0,0.0,0.0,0.0,0.0,0.0
74352.9,0.9713043510877402,0.0,17421.0,37.0,0.21899999999892922,31.625,32.625,36.79000000000002,0.0,0.0,0.0,0.0,0.0,20.0,0.3,0.1,0.2,0.1,0.4,0.1,0.1,0.1,0.5,0.0,65535.0,0.23035019455252917,0.0,65535.0,0.16968032349126422,0.0,0.0,0.0,0.0,0.0,0.0,0.0,0.0,0.0,0.0
74412.98,0.9836165732324489,0.0,17421.0,37.0,0.19189999999892204,31.6875,32.625,36.950000000000045,0.0,0.0,0.0,0.0,0.0,20.0,0.3,0.1,0.2,0.1,0.4,0.1,0.1,0.1,0.5,0.0,65535.0,0.22923628595407033,0.0,65535.0,0.16919203479056993,0.0,0.0,0.0,0.0,0.0,0.0,0.0,0.0,0.0,0.0
74473.05,0.9618494192233714,0.0,17421.0,37.0,0.17979999999893048,31.6875,32.625,37.05000000000001,0.0,0.0,0.0,0.0,0.0,20.0,0.3,0.1,0.2,0.1,0.4,0.1,0.1,0.1,0.5,0.0,65535.0,0.23134203097581446,0.0,65535.0,0.16919203479056993,0.0,0.0,0.0,0.0,0.0,0.0,0.0,0.0,0.0,0.0
74533.13,0.9655632788574724,0.0,17421.0,37.0,0.22859999999892702,31.6875,32.625,37.01000000000005,0.0,0.0,0.0,0.0,0.0,20.0,0.3,0.1,0.2,0.1,0.4,0.1,0.1,0.1,0.5,0.0,65535.0,0.2319981689173724,0.0,65535.0,0.16957351033798734,0.0,0.0,0.0,0.0,0.0,0.0,0.0,0.0,0.0,0.0
74593.2,0.9885475809979006,0.0,17421.0,37.0,0.2288999999989259,31.6875,32.625,36.85000000000002,0.0,0.0,0.0,0.0,0.0,20.0,0.3,0.1,0.2,0.1,0.4,0.1,0.1,0.1,0.5,0.0,65535.0,0.23233386739909972,0.0,65535.0,0.16838330663004503,0.0,0.0,0.0,0.0,0.0,0.0,0.0,0.0,0.0,0.0
74653.28,0.9758076638348209,0.0,17421.0,37.0,0.2541999999989313,31.6875,32.625,36.710000000000036,0.0,0.0,0.0,0.0,0.0,20.0,0.3,0.1,0.2,0.1,0.4,0.1,0.1,0.1,0.5,0.0,65535.0,0.231967650873579,0.0,65535.0,0.17007705806057832,0.0,0.0,0.0,0.0,0.0,0.0,0.0,0.0,0.0,0.0
74713.35,0.9711993855717441,0.0,17421.0,37.0,0.23979999999893017,31.625,32.625,36.81,0.0,0.0,0.0,0.0,0.0,20.0,0.3,0.1,0.2,0.1,0.4,0.1,0.1,0.1,0.5,0.0,65535.0,0.23143358510719464,0.0,65535.0,0.1697566186007477,0.0,0.0,0.0,0.0,0.0,0.0,0.0,0.0,0.0,0.0
74773.42,0.9621992002192301,0.0,17421.0,37.0,0.24159999999892937,31.6875,32.5625,36.81,0.0,0.0,0.0,0.0,0.0,20.0,0.3,0.1,0.2,0.1,0.4,0.1,0.1,0.1,0.5,0.0,65535.0,0.23103685053788053,0.0,65535.0,0.17088578622110323,0.0,0.0,0.0,0.0,0.0,0.0,0.0,0.0,0.0,0.0
74833.49,0.956979643316121,0.0,17421.0,37.0,0.21659999999892282,31.625,32.5625,37.09000000000003,0.0,0.0,0.0,0.0,0.0,20.0,0.3,0.1,0.2,0.1,0.4,0.1,0.1,0.1,0.5,0.0,65535.0,0.23216601815823606,0.0,65535.0,0.17109941252765698,0.0,0.0,0.0,0.0,0.0,0.0,0.0,0.0,0.0,0.0
74893.55,0.9700299799961047,0.0,17421.0,37.0,0.19009999999891594,31.6875,32.5625,36.81,0.0,0.0,0.0,0.0,0.0,20.0,0.3,0.1,0.2,0.1,0.4,0.1,0.1,0.1,0.5,0.0,65535.0,0.23097581445029375,0.0,65535.0,0.17067215991454948,0.0,0.0,0.0,0.0,0.0,0.0,0.0,0.0,0.0,0.0
74953.6,0.9697739431080867,0.0,17421.0,37.0,0.2097999999989256,31.625,32.5625,36.93000000000001,0.0,0.0,0.0,0.0,0.0,20.0,0.3,0.1,0.2,0.1,0.4,0.1,0.1,0.1,0.5,0.0,65535.0,0.23091477836270696,0.0,65535.0,0.1701838712138552,0.0,0.0,0.0,0.0,0.0,0.0,0.0,0.0,0.0,0.0
75013.64,0.9776567309771031,0.0,17421.0,37.0,0.20739999999892522,31.625,32.625,36.93000000000001,0.0,0.0,0.0,0.0,0.0,20.0,0.3,0.1,0.2,0.1,0.4,0.1,0.1,0.1,0.5,0.0,65535.0,0.23317311360341803,0.0,65535.0,0.1710688944838636,0.0,0.0,0.0,0.0,0.0,0.0,0.0,0.0,0.0,0.0
75073.72,0.9744400171630305,0.0,17421.0,37.0,0.27919999999891765,31.625,32.625,36.85000000000002,0.0,0.0,0.0,0.0,0.0,20.0,0.3,0.1,0.2,0.1,0.4,0.1,0.1,0.1,0.5,0.0,65535.0,0.23276112001220722,0.0,65535.0,0.1719081406881819,0.0,0.0,0.0,0.0,0.0,0.0,0.0,0.0,0.0,0.0
75133.78,0.9821126659474151,0.0,17421.0,37.0,0.23159999999891998,31.625,32.5625,37.01000000000005,0.0,0.0,0.0,0.0,0.0,20.0,0.3,0.1,0.2,0.1,0.4,0.1,0.1,0.1,0.5,0.0,65535.0,0.23266956588082705,0.0,65535.0,0.17048905165178913,0.0,0.0,0.0,0.0,0.0,0.0,0.0,0.0,0.0,0.0
75193.84,0.9663805011469728,0.0,17421.0,37.0,0.22919999999891874,31.6875,32.6875,36.85000000000002,0.0,0.0,0.0,0.0,0.0,20.0,0.3,0.1,0.2,0.1,0.4,0.1,0.1,0.1,0.5,0.0,65535.0,0.2324864576180667,0.0,65535.0,0.17172503242542153,0.0,0.0,0.0,0.0,0.0,0.0,0.0,0.0,0.0,0.0
75253.91,0.9717743103554355,0.0,17421.0,37.0,0.2347999999989128,31.625,32.625,36.89000000000004,0.0,0.0,0.0,0.0,0.0,20.0,0.3,0.1,0.2,0.1,0.4,0.1,0.1,0.1,0.5,0.0,65535.0,0.23433279926756695,0.0,65535.0,0.17213702601663233,0.0,0.0,0.0,0.0,0.0,0.0,0.0,0.0,0.0,0.0
75313.99,0.9586904021495438,0.0,17421.0,37.0,0.24069999999892164,31.6875,32.625,36.77000000000004,0.0,0.0,0.0,0.0,0.0,20.0,0.3,0.1,0.2,0.1,0.4,0.1,0.1,0.1,0.5,0.0,65535.0,0.2328068970778973,0.0,65535.0,0.17047379262989243,0.0,0.0,0.0,0.0,0.0,0.0,0.0,0.0,0.0,0.0
75374.04,0.9747070438933059,0.0,17421.0,37.0,0.2000999999989142,31.625,32.625,37.01000000000005,0.0,0.0,0.0,0.0,0.0,20.0,0.3,0.1,0.2,0.1,0.4,0.1,0.1,0.1,0.5,0.0,65535.0,0.2341344319829099,0.0,65535.0,0.17238117036697947,0.0,0.0,0.0,0.0,0.0,0.0,0.0,0.0,0.0,0.0
75434.11,0.9539668324381365,0.0,17421.0,37.0,0.21799999999890873,31.625,32.5625,36.870000000000005,0.0,0.0,0.0,0.0,0.0,20.0,0.3,0.1,0.2,0.1,0.4,0.1,0.1,0.1,0.5,0.0,65535.0,0.23256275272755017,0.0,65535.0,0.17117570763714046,0.0,0.0,0.0,0.0,0.0,0.0,0.0,0.0,0.0,0.0
75494.19,0.9632687453844884,0.0,17421.0,37.0,0.2556999999989188,31.625,32.625,36.950000000000045,0.0,0.0,0.0,0.0,0.0,20.0,0.3,0.1,0.2,0.1,0.4,0.1,0.1,0.1,0.5,0.0,65535.0,0.232822156099794,0.0,65535.0,0.17053482871747921,0.0,0.0,0.0,0.0,0.0,0.0,0.0,0.0,0.0,0.0
75554.25,0.9686866894798223,0.0,17421.0,37.0,0.25069999999890824,31.625,32.625,36.93000000000001,0.0,0.0,0.0,0.0,0.0,20.0,0.3,0.1,0.2,0.1,0.4,0.1,0.1,0.1,0.5,0.0,65535.0,0.23398184176394293,0.0,65535.0,0.17137407492179751,0.0,0.0,0.0,0.0,0.0,0.0,0.0,0.0,0.0,0.0
75614.29,0.9868996797653261,0.0,17421.0,37.0,0.2138999999989107,31.625,32.625,36.89000000000004,0.0,0.0,0.0,0.0,0.0,20.0,0.3,0.1,0.2,0.1,0.4,0.1,0.1,0.1,0.5,0.0,65535.0,0.2336919203479057,0.0,65535.0,0.1722285801480125,0.0,0.0,0.0,0.0,0.0,0.0,0.0,0.0,0.0,0.0
75674.35,0.975874869483857,0.0,17421.0,37.0,0.28339999999890775,31.625,32.625,36.89000000000004,0.0,0.0,0.0,0.0,0.0,20.0,0.3,0.1,0.2,0.1,0.4,0.1,0.1,0.1,0.5,0.0,65535.0,0.2349889372091249,0.0,65535.0,0.1719081406881819,0.0,0.0,0.0,0.0,0.0,0.0,0.0,0.0,0.0,0.0
75734.4,0.9862629389261076,0.0,17421.0,37.0,0.23339999999890973,31.6875,32.625,37.05000000000001,0.0,0.0,0.0,0.0,0.0,20.0,0.3,0.1,0.2,0.1,0.4,0.1,0.1,0.1,0.5,0.0,65535.0,0.23418020904859999,0.0,65535.0,0.17219806210421912,0.0,0.0,0.0,0.0,0.0,0.0,0.0,0.0,0.0,0.0
75794.44,0.9936645008303298,0.0,17421.0,37.0,0.2018999999989074,31.625,32.625,36.97000000000003,0.0,0.0,0.0,0.0,0.0,20.0,0.3,0.1,0.2,0.1,0.4,0.1,0.1,0.1,0.5,0.0,65535.0,0.23511100938429846,0.0,65535.0,0.1726405737392233,0.0,0.0,0.0,0.0,0.0,0.0,0.0,0.0,0.0,0.0
75854.48,0.9821379874699121,0.0,17421.0,37.0,0.23189999999890767,31.625,32.625,37.01000000000005,0.0,0.0,0.0,0.0,0.0,20.0,0.3,0.1,0.2,0.1,0.4,0.1,0.1,0.1,0.5,0.0,65535.0,0.23476005188067445,0.0,65535.0,0.17085526817730984,0.0,0.0,0.0,0.0,0.0,0.0,0.0,0.0,0.0,0.0
75914.51,0.984837875658192,0.0,17421.0,37.0,0.20949999999891128,31.6875,32.6875,36.950000000000045,0.0,0.0,0.0,0.0,0.0,20.0,0.3,0.1,0.2,0.1,0.4,0.1,0.1,0.1,0.5,0.0,65535.0,0.23550774395361257,0.0,65535.0,0.17259479667353322,0.0,0.0,0.0,0.0,0.0,0.0,0.0,0.0,0.0,0.0
75974.55,0.990818427703673,0.0,17421.0,37.0,0.21979999999890107,31.6875,32.625,36.85000000000002,0.0,0.0,0.0,0.0,0.0,20.0,0.3,0.1,0.2,0.1,0.4,0.1,0.1,0.1,0.5,0.0,65535.0,0.23648432135500114,0.0,65535.0,0.17175555046921492,0.0,0.0,0.0,0.0,0.0,0.0,0.0,0.0,0.0,0.0
76034.6,1.0005794144222568,0.0,17421.0,37.0,0.2073999999989098,31.625,32.625,36.85000000000002,0.0,0.0,0.0,0.0,0.0,20.0,0.3,0.1,0.2,0.1,0.4,0.1,0.1,0.1,0.5,0.0,65535.0,0.23556878004119935,0.0,65535.0,0.17322041657129778,0.0,0.0,0.0,0.0,0.0,0.0,0.0,0.0,0.0,0.0
76094.64,0.9918738130351709,0.0,17421.0,37.0,0.24009999999891016,31.625,32.625,36.870000000000005,0.0,0.0,0.0,0.0,0.0,20.0,0.3,0.1,0.2,0.1,0.4,0.1,0.1,0.1,0.5,0.0,65535.0,0.23553826199740596,0.0,65535.0,0.1730983443961242,0.0,0.0,0.0,0.0,0.0,0.0,0.0,0.0,0.0,0.0
76154.68,0.9914626847003434,0.0,17421.0,37.0,0.25869999999891,31.625,32.625,36.870000000000005,0.0,0.0,0.0,0.0,0.0,20.0,0.3,0.1,0.2,0.1,0.4,0.1,0.1,0.1,0.5,0.0,65535.0,0.23564507515068284,0.0,65535.0,0.17199969481956207,0.0,0.0,0.0,0.0,0.0,0.0,0.0,0.0,0.0,0.0
76214.74,0.9856134058462708,0.0,17421.0,37.0,0.20219999999890198,31.6875,32.625,36.81,0.0,0.0,0.0,0.0,0.0,20.0,0.3,0.1,0.2,0.1,0.4,0.1,0.1,0.1,0.5,0.0,65535.0,0.23573662928206301,0.0,65535.0,0.1743953612573434,0.0,0.0,0.0,0.0,0.0,0.0,0.0,0.0,0.0,0.0
76274.81,0.9885251451135071,0.0,17421.0,37.0,0.2574999999989085,31.625,32.625,37.01000000000005,0.0,0.0,0.0,0.0,0.0,20.0,0.3,0.1,0.2,0.1,0.4,0.1,0.1,0.1,0.5,0.0,65535.0,0.2370031280994888,0.0,65535.0,0.172304875257496,0.0,0.0,0.0,0.0,0.0,0.0,0.0,0.0,0.0,0.0
76334.89,0.9937476340190641,0.0,17421.0,37.0,0.2009999999989005,31.625,32.6875,36.89000000000004,0.0,0.0,0.0,0.0,0.0,20.0,0.3,0.1,0.2,0.1,0.4,0.1,0.1,0.1,0.5,0.0,65535.0,0.23608758678568703,0.0,65535.0,0.17444113832303348,0.0,0.0,0.0,0.0,0.0,0.0,0.0,0.0,0.0,0.0
76394.95,0.9776890808687656,0.0,17421.0,37.0,0.24189999999890593,31.625,32.6875,36.73000000000002,0.0,0.0,0.0,0.0,0.0,20.0,0.3,0.1,0.2,0.1,0.4,0.1,0.1,0.1,0.5,0.0,65535.0,0.23585870145723659,0.0,65535.0,0.17596704051270315,0.0,0.0,0.0,0.0,0.0,0.0,0.0,0.0,0.0,0.0
76455.01,0.993309911172936,0.0,17421.0,37.0,0.2804999999989018,31.6875,32.625,37.03000000000003,0.0,0.0,0.0,0.0,0.0,20.0,0.3,0.1,0.2,0.1,0.4,0.1,0.1,0.1,0.5,0.0,65535.0,0.23732356755931944,0.0,65535.0,0.17450217441062027,0.0,0.0,0.0,0.0,0.0,0.0,0.0,0.0,0.0,0.0
76515.06,0.9921322675288275,0.0,17421.0,37.0,0.24369999999890427,31.625,32.6875,36.79000000000002,0.0,0.0,0.0,0.0,0.0,20.0,0.3,0.1,0.2,0.1,0.4,0.1,0.1,0.1,0.5,0.0,65535.0,0.2374914168001831,0.0,65535.0,0.1734950789654383,0.0,0.0,0.0,0.0,0.0,0.0,0.0,0.0,0.0,0.0
76575.12,0.9797614184461206,0.0,17421.0,37.0,0.2592999999989043,31.625,32.625,37.03000000000003,0.0,0.0,0.0,0.0,0.0,20.0,0.3,0.1,0.2,0.1,0.4,0.1,0.1,0.1,0.5,0.0,65535.0,0.2361791409170672,0.0,65535.0,0.1731441214618143,0.0,0.0,0.0,0.0,0.0,0.0,0.0,0.0,0.0,0.0
76635.18,0.9974866349282334,0.0,17421.0,37.0,0.22519999999889265,31.6875,32.6875,36.93000000000001,0.0,0.0,0.0,0.0,0.0,20.0,0.3,0.1,0.2,0.1,0.4,0.1,0.1,0.1,0.5,0.0,65535.0,0.23691157396810864,0.0,65535.0,0.17460898756389714,0.0,0.0,0.0,0.0,0.0,0.0,0.0,0.0,0.0,0.0
76695.22,0.9651176259786713,0.0,17421.0,37.0,0.1977999999989008,31.6875,32.625,36.870000000000005,0.0,0.0,0.0,0.0,0.0,20.0,0.3,0.1,0.2,0.1,0.4,0.1,0.1,0.1,0.5,0.0,65535.0,0.237949187457084,0.0,65535.0,0.17419699397268634,0.0,0.0,0.0,0.0,0.0,0.0,0.0,0.0,0.0,0.0
76755.27,0.99877465891289,0.0,17421.0,37.0,0.2192999999988963,31.6875,32.625,37.05000000000001,0.0,0.0,0.0,0.0,0.0,20.0,0.3,0.1,0.2,0.1,0.4,0.1,0.1,0.1,0.5,0.0,65535.0,0.23933775844968339,0.0,65535.0,0.17405966277561608,0.0,0.0,0.0,0.0,0.0,0.0,0.0,0.0,0.0,0.0
76815.34,0.9701404579598636,0.0,17421.0,37.0,0.23309999999889625,31.6875,32.6875,36.81,0.0,0.0,0.0,0.0,0.0,20.0,0.3,0.1,0.2,0.1,0.4,0.1,0.1,0.1,0.5,0.0,65535.0,0.23646906233310444,0.0,65535.0,0.174013885709926,0.0,0.0,0.0,0.0,0.0,0.0,0.0,0.0,0.0,0.0
76875.38,0.9982813434581637,0.0,17421.0,37.0,0.1779999999988986,31.625,32.6875,36.89000000000004,0.0,0.0,0.0,0.0,0.0,20.0,0.3,0.1,0.2,0.1,0.4,0.1,0.1,0.1,0.5,0.0,65535.0,0.23723201342793926,0.0,65535.0,0.1743343251697566,0.0,0.0,0.0,0.0,0.0,0.0,0.0,0.0,0.0,0.0
76935.42,0.9905620364946438,0.0,17421.0,37.0,0.20529999999889878,31.6875,32.625,36.85000000000002,0.0,0.0,0.0,0.0,0.0,20.0,0.3,0.1,0.2,0.1,0.4,0.1,0.1,0.1,0.5,0.0,65535.0,0.23852903028915848,0.0,65535.0,0.17534142061493857,0.0,0.0,0.0,0.0,0.0,0.0,0.0,0.0,0.0,0.0
76995.46,0.9888477187963444,0.0,17421.0,37.0,0.2264999999988937,31.6875,32.625,36.950000000000045,0.0,0.0,0.0,0.0,0.0,20.0,0.3,0.1,0.2,0.1,0.4,0.1,0.1,0.1,0.5,0.0,65535.0,0.23782711528191042,0.0,65535.0,0.17460898756389714,0.0,0.0,0.0,0.0,0.0,0.0,0.0,0.0,0.0,0.0
77055.54,0.987157299645214,0.0,17421.0,37.0,0.24799999999888836,31.6875,32.625,36.89000000000004,0.0,0.0,0.0,0.0,0.0,20.0,0.3,0.1,0.2,0.1,0.4,0.1,0.1,0.1,0.5,0.0,65535.0,0.2388342107270924,0.0,65535.0,0.17467002365148393,0.0,0.0,0.0,0.0,0.0,0.0,0.0,0.0,0.0,0.0
77115.62,0.9976596282299629,0.0,17421.0,37.0,0.24009999999889722,31.6875,32.625,36.710000000000036,0.0,0.0,0.0,0.0,0.0,20.0,0.3,0.1,0.2,0.1,0.4,0.1,0.1,0.1,0.5,0.0,65535.0,0.2384069581139849,0.0,65535.0,0.1743190661478599,0.0,0.0,0.0,0.0,0.0,0.0,0.0,0.0,0.0,0.0
77175.66,1.0117315756853509,0.0,17421.0,37.0,0.1761999999988942,31.625,32.625,36.89000000000004,0.0,0.0,0.0,0.0,0.0,20.0,0.3,0.1,0.2,0.1,0.4,0.1,0.1,0.1,0.5,0.0,65535.0,0.23819333180743113,0.0,65535.0,0.17602807660028993,0.0,0.0,0.0,0.0,0.0,0.0,0.0,0.0,0.0,0.0
77235.73,0.9825642981299401,0.0,17421.0,37.0,0.23359999999888548,31.625,32.625,36.950000000000045,0.0,0.0,0.0,0.0,0.0,20.0,0.3,0.1,0.2,0.1,0.4,0.1,0.1,0.1,0.5,0.0,65535.0,0.23920042725261312,0.0,65535.0,0.17413595788509956,0.0,0.0,0.0,0.0,0.0,0.0,0.0,0.0,0.0,0.0
77295.8,0.9950047277700151,0.0,17421.0,37.0,0.23269999999888458,31.625,32.625,36.89000000000004,0.0,0.0,0.0,0.0,0.0,20.0,0.3,0.1,0.2,0.1,0.4,0.1,0.1,0.1,0.5,0.0,65535.0,0.23962767986572062,0.0,65535.0,0.17495994506752116,0.0,0.0,0.0,0.0,0.0,0.0,0.0,0.0,0.0,0.0
77355.87,1.001618657987759,0.0,17421.0,37.0,0.23659999999888356,31.6875,32.6875,36.950000000000045,0.0,0.0,0.0,0.0,0.0,20.0,0.3,0.1,0.2,0.1,0.4,0.1,0.1,0.1,0.5,0.0,65535.0,0.24194705119401846,0.0,65535.0,0.17651636530098422,0.0,0.0,0.0,0.0,0.0,0.0,0.0,0.0,0.0,0.0
77415.9,0.9898827090207786,0.0,17421.0,37.0,0.23779999999888246,31.6875,32.6875,36.870000000000005,0.0,0.0,0.0,0.0,0.0,20.0,0.3,0.1,0.2,0.1,0.4,0.1,0.1,0.1,0.5,0.0,65535.0,0.2392309452964065,0.0,65535.0,0.17677576867322806,0.0,0.0,0.0,0.0,0.0,0.0,0.0,0.0,0.0,0.0
77475.96,0.9904599187254676,0.0,17421.0,37.0,0.2130999999988907,31.6875,32.625,36.97000000000003,0.0,0.0,0.0,0.0,0.0,20.0,0.3,0.1,0.2,0.1,0.4,0.1,0.1,0.1,0.5,0.0,65535.0,0.23942931258106356,0.0,65535.0,0.17595178149080645,0.0,0.0,0.0,0.0,0.0,0.0,0.0,0.0,0.0,0.0
77536.0,0.9925446395981474,0.0,17421.0,37.0,0.21159999999889037,31.75,32.6875,37.01000000000005,0.0,0.0,0.0,0.0,0.0,20.0,0.3,0.1,0.2,0.1,0.4,0.1,0.1,0.1,0.5,0.0,65535.0,0.2400701915007248,0.0,65535.0,0.17642481116960404,0.0,0.0,0.0,0.0,0.0,0.0,0.0,0.0,0.0,0.0
77596.05,0.9796099631959599,0.0,17421.0,37.0,0.2312999999988858,31.6875,32.6875,36.870000000000005,0.0,0.0,0.0,0.0,0.0,20.0,0.3,0.1,0.2,0.1,0.4,0.1,0.1,0.1,0.5,0.0,65535.0,0.2401007095445182,0.0,65535.0,0.17598229953459985,0.0,0.0,0.0,0.0,0.0,0.0,0.0,0.0,0.0,0.0
77656.12,1.0019302993987922,0.0,17421.0,37.0,0.1985999999988837,31.6875,32.6875,37.01000000000005,0.0,0.0,0.0,0.0,0.0,20.0,0.3,0.1,0.2,0.1,0.4,0.1,0.1,0.1,0.5,0.0,65535.0,0.2396734569314107,0.0,65535.0,0.17668421454184788,0.0,0.0,0.0,0.0,0.0,0.0,0.0,0.0,0.0,0.0
77716.2,0.9972862658652759,0.0,17421.0,37.0,0.25889999999888486,31.6875,32.6875,36.85000000000002,0.0,0.0,0.0,0.0,0.0,20.0,0.3,0.1,0.2,0.1,0.4,0.1,0.1,0.1,0.5,0.0,65535.0,0.2400701915007248,0.0,65535.0,0.17645532921339743,0.0,0.0,0.0,0.0,0.0,0.0,0.0,0.0,0.0,0.0
77776.27,0.9962296798005978,0.0,17421.0,37.0,0.20679999999888704,31.6875,32.6875,36.89000000000004,0.0,0.0,0.0,0.0,0.0,20.0,0.3,0.1,0.2,0.1,0.4,0.1,0.1,0.1,0.5,0.0,65535.0,0.2397039749752041,0.0,65535.0,0.17602807660028993,0.0,0.0,0.0,0.0,0.0,0.0,0.0,0.0,0.0,0.0
77836.33,0.9968017650048017,0.0,17421.0,37.0,0.23329999999887713,31.6875,32.6875,36.950000000000045,0.0,0.0,0.0,0.0,0.0,20.0,0.3,0.1,0.2,0.1,0.4,0.1,0.1,0.1,0.5,0.0,65535.0,0.24031433585107195,0.0,65535.0,0.1766384374761578,0.0,0.0,0.0,0.0,0.0,0.0,0.0,0.0,0.0,0.0
77896.4,1.0010456970326769,0.0,17421.0,37.0,0.23509999999887632,31.625,32.6875,36.77000000000004,0.0,0.0,0.0,0.0,0.0,20.0,0.3,0.1,0.2,0.1,0.4,0.1,0.1,0.1,0.5,0.0,65535.0,0.24162661173418784,0.0,65535.0,0.177431906614786,0.0,0.0,0.0,0.0,0.0,0.0,0.0,0.0,0.0,0.0
77956.45,0.9966962368508955,0.0,17421.0,37.0,0.20889999999888423,31.6875,32.625,36.85000000000002,0.0,0.0,0.0,0.0,0.0,20.0,0.3,0.1,0.2,0.1,0.4,0.1,0.1,0.1,0.5,0.0,65535.0,0.24145876249332418,0.0,65535.0,0.1766079194323644,0.0,0.0,0.0,0.0,0.0,0.0,0.0,0.0,0.0,0.0
78016.48,0.9986138993135127,0.0,17421.0,37.0,0.2315999999988795,31.625,32.6875,37.01000000000005,0.0,0.0,0.0,0.0,0.0,20.0,0.3,0.1,0.2,0.1,0.4,0.1,0.1,0.1,0.5,0.0,65535.0,0.24127565423056382,0.0,65535.0,0.1766231784542611,0.0,0.0,0.0,0.0,0.0,0.0,0.0,0.0,0.0,0.0
78076.52,1.0113431191041196,0.0,17421.0,37.0,0.23949999999888397,31.6875,32.6875,36.93000000000001,0.0,0.0,0.0,0.0,0.0,20.0,0.3,0.1,0.2,0.1,0.4,0.1,0.1,0.1,0.5,0.0,65535.0,0.24173342488746472,0.0,65535.0,0.17756923781185627,0.0,0.0,0.0,0.0,0.0,0.0,0.0,0.0,0.0,0.0
78136.6,1.0108194786985727,0.0,17421.0,37.0,0.23099999999887832,31.625,32.625,36.79000000000002,0.0,0.0,0.0,0.0,0.0,20.0,0.3,0.1,0.2,0.1,0.4,0.1,0.1,0.1,0.5,0.0,65535.0,0.2422369726100557,0.0,65535.0,0.17880521858548867,0.0,0.0,0.0,0.0,0.0,0.0,0.0,0.0,0.0,0.0
78196.67,1.0042940434801262,0.0,17421.0,37.0,0.25249999999887296,31.6875,32.625,36.950000000000045,0.0,0.0,0.0,0.0,0.0,20.0,0.3,0.1,0.2,0.1,0.4,0.1,0.1,0.1,0.5,0.0,65535.0,0.24110780498970016,0.0,65535.0,0.17892729076066224,0.0,0.0,0.0,0.0,0.0,0.0,0.0,0.0,0.0,0.0
78256.75,1.0061502218165177,0.0,17421.0,37.0,0.22159999999887098,31.625,32.6875,36.89000000000004,0.0,0.0,0.0,0.0,0.0,20.0,0.3,0.1,0.2,0.1,0.4,0.1,0.1,0.1,0.5,0.0,65535.0,0.24148928053711757,0.0,65535.0,0.17669947356374457,0.0,0.0,0.0,0.0,0.0,0.0,0.0,0.0,0.0,0.0
78316.82,1.0002941077225027,0.0,17421.0,37.0,0.2339999999988756,31.6875,32.6875,37.03000000000003,0.0,0.0,0.0,0.0,0.0,20.0,0.3,0.1,0.2,0.1,0.4,0.1,0.1,0.1,0.5,0.0,65535.0,0.24159609369039445,0.0,65535.0,0.17763027389944305,0.0,0.0,0.0,0.0,0.0,0.0,0.0,0.0,0.0,0.0
78376.89,1.0051374480251838,0.0,17421.0,37.0,0.23189999999887495,31.6875,32.6875,37.09000000000003,0.0,0.0,0.0,0.0,0.0,20.0,0.3,0.1,0.2,0.1,0.4,0.1,0.1,0.1,0.5,0.0,65535.0,0.2418249790188449,0.0,65535.0,0.1777981231403067,0.0,0.0,0.0,0.0,0.0,0.0,0.0,0.0,0.0,0.0
78436.96,1.0125227143100575,0.0,17421.0,37.0,0.22249999999886844,31.6875,32.6875,36.950000000000045,0.0,0.0,0.0,0.0,0.0,20.0,0.3,0.1,0.2,0.1,0.4,0.1,0.1,0.1,0.5,0.0,65535.0,0.24155031662470436,0.0,65535.0,0.17854581521324484,0.0,0.0,0.0,0.0,0.0,0.0,0.0,0.0,0.0,0.0
78497.03,1.0056313953844351,0.0,17421.0,37.0,0.22039999999886695,31.6875,32.6875,36.79000000000002,0.0,0.0,0.0,0.0,0.0,20.0,0.3,0.1,0.2,0.1,0.4,0.1,0.1,0.1,0.5,0.0,65535.0,0.24371709773403524,0.0,65535.0,0.17798123140306707,0.0,0.0,0.0,0.0,0.0,0.0,0.0,0.0,0.0,0.0
78557.1,1.0112339267092985,0.0,17421.0,37.0,0.2488999999988669,31.6875,32.6875,36.97000000000003,0.0,0.0,0.0,0.0,0.0,20.0,0.3,0.1,0.2,0.1,0.4,0.1,0.1,0.1,0.5,0.0,65535.0,0.24229800869764248,0.0,65535.0,0.178637369344625,0.0,0.0,0.0,0.0,0.0,0.0,0.0,0.0,0.0,0.0
78617.18,0.9908923086208664,0.0,17421.0,37.0,0.22769999999887025,31.625,32.6875,36.89000000000004,0.0,0.0,0.0,0.0,0.0,20.0,0.3,0.1,0.2,0.1,0.4,0.1,0.1,0.1,0.5,0.0,65535.0,0.24214541847867552,0.0,65535.0,0.17756923781185627,0.0,0.0,0.0,0.0,0.0,0.0,0.0,0.0,0.0,0.0
78677.25,0.9987681639218533,0.0,17421.0,37.0,0.24799999999886513,31.625,32.75,37.03000000000003,0.0,0.0,0.0,0.0,0.0,20.0,0.3,0.1,0.2,0.1,0.4,0.1,0.1,0.1,0.5,0.0,65535.0,0.2429999237048905,0.0,65535.0,0.17776760509651332,0.0,0.0,0.0,0.0,0.0,0.0,0.0,0.0,0.0,0.0
78737.32,1.0073505441386346,0.0,17421.0,37.0,0.23329999999886342,31.6875,32.6875,36.85000000000002,0.0,0.0,0.0,0.0,0.0,20.0,0.3,0.1,0.2,0.1,0.4,0.1,0.1,0.1,0.5,0.0,65535.0,0.24338139925230792,0.0,65535.0,0.17973601892118715,0.0,0.0,0.0,0.0,0.0,0.0,0.0,0.0,0.0,0.0
78797.4,1.0176588259399724,0.0,17421.0,37.0,0.23479999999886203,31.6875,32.75,36.870000000000005,0.0,0.0,0.0,0.0,0.0,20.0,0.3,0.1,0.2,0.1,0.4,0.1,0.1,0.1,0.5,0.0,65535.0,0.24414435034714274,0.0,65535.0,0.17959868772411688,0.0,0.0,0.0,0.0,0.0,0.0,0.0,0.0,0.0,0.0
78857.48,1.0264485965294554,0.0,17421.0,37.0,0.2097999999988697,31.6875,32.75,36.870000000000005,0.0,0.0,0.0,0.0,0.0,20.0,0.3,0.1,0.2,0.1,0.4,0.1,0.1,0.1,0.5,0.0,65535.0,0.24371709773403524,0.0,65535.0,0.1795681696803235,0.0,0.0,0.0,0.0,0.0,0.0,0.0,0.0,0.0,0.0
78917.55,1.0075985692926595,0.0,17421.0,37.0,0.22979999999886486,31.75,32.75,36.81,0.0,0.0,0.0,0.0,0.0,20.0,0.3,0.1,0.2,0.1,0.4,0.1,0.1,0.1,0.5,0.0,65535.0,0.24454108491645685,0.0,65535.0,0.18019378957808804,0.0,0.0,0.0,0.0,0.0,0.0,0.0,0.0,0.0,0.0
78977.62,1.019103278816539,0.0,17421.0,37.0,0.23949999999886937,31.6875,32.8125,36.93000000000001,0.0,0.0,0.0,0.0,0.0,20.0,0.3,0.1,0.2,0.1,0.4,0.1,0.1,0.1,0.5,0.0,65535.0,0.24495307850766765,0.0,65535.0,0.18106355382619974,0.0,0.0,0.0,0.0,0.0,0.0,0.0,0.0,0.0,0.0
79037.7,1.0080591657482254,0.0,17421.0,37.0,0.21359999999886278,31.6875,32.75,37.01000000000005,0.0,0.0,0.0,0.0,0.0,20.0,0.3,0.1,0.2,0.1,0.4,0.1,0.1,0.1,0.5,0.0,65535.0,0.24481574731059738,0.0,65535.0,0.1799343862058442,0.0,0.0,0.0,0.0,0.0,0.0,0.0,0.0,0.0,0.0
79097.78,1.0118399171109411,0.0,17421.0,37.0,0.2700999999988691,31.6875,32.75,36.97000000000003,0.0,0.0,0.0,0.0,0.0,20.0,0.3,0.1,0.2,0.1,0.4,0.1,0.1,0.1,0.5,0.0,65535.0,0.24415960936903944,0.0,65535.0,0.1795223926146334,0.0,0.0,0.0,0.0,0.0,0.0,0.0,0.0,0.0,0.0
79157.85,0.9982670718435405,0.0,17421.0,37.0,0.23629999999885717,31.6875,32.75,37.01000000000005,0.0,0.0,0.0,0.0,0.0,20.0,0.3,0.1,0.2,0.1,0.4,0.1,0.1,0.1,0.5,0.0,65535.0,0.24466315709163042,0.0,65535.0,0.17962920576791028,0.0,0.0,0.0,0.0,0.0,0.0,0.0,0.0,0.0,0.0
79217.92,1.0178791064363983,0.0,17421.0,37.0,0.20919999999886504,31.6875,32.75,36.63000000000005,0.0,0.0,0.0,0.0,0.0,20.0,0.3,0.1,0.2,0.1,0.4,0.1,0.1,0.1,0.5,0.0,65535.0,0.24446478980697336,0.0,65535.0,0.18046845197222858,0.0,0.0,0.0,0.0,0.0,0.0,0.0,0.0,0.0,0.0
79277.99,1.0177394120821988,0.0,17421.0,37.0,0.18679999999885358,31.75,32.75,36.870000000000005,0.0,0.0,0.0,0.0,0.0,20.0,0.3,0.1,0.2,0.1,0.4,0.1,0.1,0.1,0.5,0.0,65535.0,0.2456244754711223,0.0,65535.0,0.18197909514000152,0.0,0.0,0.0,0.0,0.0,0.0,0.0,0.0,0.0,0.0
79338.07,1.0281759381606566,0.0,17421.0,37.0,0.2149999999988538,31.6875,32.8125,36.77000000000004,0.0,0.0045,0.25,0.0,0.0,20.0,0.3,0.1,0.2,0.1,0.4,0.1,0.1,0.1,0.5,0.0,65535.0,0.2451972228580148,0.0,65535.0,0.18226901655603875,0.0,0.0,0.0,0.0,0.0,0.0,0.0,0.0,0.0,0.0
79398.15,0.995537654586759,0.0,17421.0,37.0,0.39224999999886423,31.625,32.75,36.370000000000005,0.0,0.0,0.0,0.0,0.0,20.0,0.3,0.1,0.2,0.1,0.4,0.1,0.1,0.1,0.5,0.0,65535.0,0.23869687953002214,0.0,65535.0,0.1752498664835584,0.0,0.0,0.0,0.0,0.0,0.0,0.0,0.0,0.0,0.0
79458.21,0.9853975551813738,0.0,17421.0,37.0,0.2850999999988648,31.625,32.75,36.710000000000036,0.0,0.0,0.0,0.0,0.0,20.0,0.3,0.1,0.2,0.1,0.4,0.1,0.1,0.1,0.5,0.0,65535.0,0.24032959487296865,0.0,65535.0,0.17712672617685207,0.0,0.0,0.0,0.0,0.0,0.0,0.0,0.0,0.0,0.0
79518.3,0.9892108403869497,0.0,17421.0,37.0,0.23659999999885206,31.6875,32.75,36.85000000000002,0.0,0.0,0.0,0.0,0.0,20.0,0.3,0.1,0.2,0.1,0.4,0.1,0.1,0.1,0.5,0.0,65535.0,0.23999389639124133,0.0,65535.0,0.17553978789959562,0.0,0.0,0.0,0.0,0.0,0.0,0.0,0.0,0.0,0.0
79578.36,0.9789304745787211,0.0,17421.0,37.0,0.2527999999988515,31.75,32.75,37.03000000000003,0.0,0.0,0.0,0.0,0.0,20.0,0.3,0.1,0.2,0.1,0.4,0.1,0.1,0.1,0.5,0.0,65535.0,0.2378728923476005,0.0,65535.0,0.17593652246890976,0.0,0.0,0.0,0.0,0.0,0.0,0.0,0.0,0.0,0.0
79638.45,0.9982995798921372,0.0,17421.0,37.0,0.2733999999988612,31.875,32.75,37.05000000000001,0.0,0.0,0.0,0.0,0.0,20.0,0.3,0.1,0.2,0.1,0.4,0.1,0.1,0.1,0.5,0.0,65535.0,0.24083314259555963,0.0,65535.0,0.17767605096513314,0.0,0.0,0.0,0.0,0.0,0.0,0.0,0.0,0.0,0.0
79698.52,1.0051501984025337,0.0,17421.0,37.0,0.19449999999885761,31.8125,32.8125,37.05000000000001,0.0,0.0,0.0,0.0,0.0,20.0,0.3,0.1,0.2,0.1,0.4,0.1,0.1,0.1,0.5,0.0,65535.0,0.2401007095445182,0.0,65535.0,0.1748378728923476,0.0,0.0,0.0,0.0,0.0,0.0,0.0,0.0,0.0,0.0
79758.6,0.9892270297887189,0.0,17421.0,37.0,0.14669999999884992,31.8125,32.75,36.97000000000003,0.0,0.0,0.0,0.0,0.0,20.0,0.3,0.1,0.2,0.1,0.4,0.1,0.1,0.1,0.5,0.0,65535.0,0.24019226367589838,0.0,65535.0,0.17590600442511636,0.0,0.0,0.0,0.0,0.0,0.0,0.0,0.0,0.0,0.0
79818.68,0.9951616744705395,0.0,17421.0,37.0,0.22519999999884702,31.6875,32.8125,36.89000000000004,0.0,0.0,0.0,0.0,0.0,20.0,0.3,0.1,0.2,0.1,0.4,0.1,0.1,0.1,0.5,0.0,65535.0,0.23831540398260473,0.0,65535.0,0.17640955214770734,0.0,0.0,0.0,0.0,0.0,0.0,0.0,0.0,0.0,0.0
79878.74,0.9977904122589678,0.0,17421.0,37.0,0.2254999999988459,31.6875,32.75,36.950000000000045,0.0,0.0,0.0,0.0,0.0,20.0,0.3,0.1,0.2,0.1,0.4,0.1,0.1,0.1,0.5,0.0,65535.0,0.23942931258106356,0.0,65535.0,0.17750820172426948,0.0,0.0,0.0,0.0,0.0,0.0,0.0,0.0,0.0,0.0
79938.82,0.9953371296267056,0.0,17421.0,37.0,0.2404999999988456,31.6875,32.8125,36.89000000000004,0.0,0.0,0.0,0.0,0.0,20.0,0.3,0.1,0.2,0.1,0.4,0.1,0.1,0.1,0.5,0.0,65535.0,0.2392767223620966,0.0,65535.0,0.17680628671702145,0.0,0.0,0.0,0.0,0.0,0.0,0.0,0.0,0.0,0.0
79998.89,0.9853919202304451,0.0,17421.0,37.0,0.19309999999884267,31.5,32.8125,36.79000000000002,0.0,0.0,0.0,0.0,0.0,20.0,0.3,0.1,0.2,0.1,0.4,0.1,0.1,0.1,0.5,0.0,65535.0,0.24084840161745633,0.0,65535.0,0.1770504310673686,0.0,0.0,0.0,0.0,0.0,0.0,0.0,0.0,0.0,0.0
80058.97,0.9859954263154199,0.0,17421.0,37.0,0.1732999999988405,31.5,32.8125,36.950000000000045,0.0,0.0,0.0,0.0,0.0,20.0,0.3,0.1,0.2,0.1,0.4,0.1,0.1,0.1,0.5,0.0,65535.0,0.24019226367589838,0.0,65535.0,0.1774624246585794,0.0,0.0,0.0,0.0,0.0,0.0,0.0,0.0,0.0,0.0
80119.07,0.9691657319864386,0.0,17421.0,37.0,0.24979999999884198,31.5,32.6875,36.93000000000001,0.0,0.0,0.0,0.0,0.0,20.0,0.3,0.1,0.2,0.1,0.4,0.1,0.1,0.1,0.5,0.0,65535.0,0.24037537193865874,0.0,65535.0,0.1766231784542611,0.0,0.0,0.0,0.0,0.0,0.0,0.0,0.0,0.0,0.0
80179.14,0.9966307200205585,0.0,17421.0,37.0,0.2403999999988505,31.4375,32.75,36.93000000000001,0.0,0.0,0.0,0.0,0.0,20.0,0.3,0.1,0.2,0.1,0.4,0.1,0.1,0.1,0.5,0.0,65535.0,0.240161745632105,0.0,65535.0,0.17734035248340582,0.0,0.0,0.0,0.0,0.0,0.0,0.0,0.0,0.0,0.0
80239.21,0.9916423171578742,0.0,17421.0,37.0,0.2242999999988393,31.4375,32.75,36.690000000000055,0.0,0.0,0.0,0.0,0.0,20.0,0.3,0.1,0.2,0.1,0.4,0.1,0.1,0.1,0.5,0.0,65535.0,0.24130617227435722,0.0,65535.0,0.1774471656366827,0.0,0.0,0.0,0.0,0.0,0.0,0.0,0.0,0.0,0.0
80299.27,1.0087395263649148,0.0,17421.0,37.0,0.2436999999988492,31.4375,32.75,36.79000000000002,0.0,0.0,0.0,0.0,0.0,20.0,0.3,0.1,0.2,0.1,0.4,0.1,0.1,0.1,0.5,0.0,65535.0,0.2430304417486839,0.0,65535.0,0.17666895551995118,0.0,0.0,0.0,0.0,0.0,0.0,0.0,0.0,0.0,0.0
80359.34,0.9903752266413898,0.0,17421.0,37.0,0.2669999999988448,31.4375,32.75,37.09000000000003,0.0,0.0,0.0,0.0,0.0,20.0,0.3,0.1,0.2,0.1,0.4,0.1,0.1,0.1,0.5,0.0,65535.0,0.2426337071793698,0.0,65535.0,0.17901884489204242,0.0,0.0,0.0,0.0,0.0,0.0,0.0,0.0,0.0,0.0
80419.42,0.9970737198698126,0.0,17421.0,37.0,0.24319999999883798,31.4375,32.75,37.110000000000014,0.0,0.0,0.0,0.0,0.0,20.0,0.3,0.1,0.2,0.1,0.4,0.1,0.1,0.1,0.5,0.0,65535.0,0.24235904478522927,0.0,65535.0,0.17798123140306707,0.0,0.0,0.0,0.0,0.0,0.0,0.0,0.0,0.0,0.0
80536.03,1.0435266499285627,0.0,17421.0,37.0,1.0,29.75,32.6875,35.01000000000005,0.0,0.0,0.0,0.0,0.0,20.0,0.3,0.1,0.2,0.1,0.4,0.1,0.1,0.1,0.5,0.0,65535.0,0.24547188525215533,0.0,65535.0,0.18176546883344777,0.0,0.0,0.0,0.0,0.0,0.0,0.0,0.0,0.0,0.0
80596.1,1.043928190592111,0.0,17421.0,37.0,0.431249999998848,30.5625,32.6875,36.370000000000005,0.0,0.0,0.0,0.0,0.0,20.0,0.3,0.1,0.2,0.1,0.4,0.1,0.1,0.1,0.5,0.0,65535.0,0.24161135271229114,0.0,65535.0,0.17810330357824064,0.0,0.0,0.0,0.0,0.0,0.0,0.0,0.0,0.0,0.0
80656.14,1.0310863644415693,0.0,17421.0,37.0,0.29464999999883695,31.0,32.625,36.710000000000036,0.0,0.0,0.0,0.0,0.0,20.0,0.3,0.1,0.2,0.1,0.4,0.1,0.1,0.1,0.5,0.0,65535.0,0.24202334630350195,0.0,65535.0,0.17724879835202564,0.0,0.0,0.0,0.0,0.0,0.0,0.0,0.0,0.0,0.0
80716.21,0.9858342666791284,0.0,17421.0,37.0,0.20014999999883248,31.125,32.6875,36.93000000000001,0.0,0.0,0.0,0.0,0.0,20.0,0.3,0.1,0.2,0.1,0.4,0.1,0.1,0.1,0.5,0.0,65535.0,0.24168764782177463,0.0,65535.0,0.17735561150530252,0.0,0.0,0.0,0.0,0.0,0.0,0.0,0.0,0.0,0.0
80776.28,1.0029637295968623,0.0,17421.0,37.0,0.21804999999884211,31.25,32.6875,36.97000000000003,0.0,0.0,0.0,0.0,0.0,20.0,0.3,0.1,0.2,0.1,0.4,0.1,0.1,0.1,0.5,0.0,65535.0,0.24208438239108873,0.0,65535.0,0.17921721217669948,0.0,0.0,0.0,0.0,0.0,0.0,0.0,0.0,0.0,0.0
80836.33,1.0094763149070045,0.0,17421.0,37.0,0.2294499999988417,31.3125,32.6875,37.09000000000003,0.0,0.0,0.0,0.0,0.0,20.0,0.3,0.1,0.2,0.1,0.4,0.1,0.1,0.1,0.5,0.0,65535.0,0.24188601510643168,0.0,65535.0,0.17819485770962082,0.0,0.0,0.0,0.0,0.0,0.0,0.0,0.0,0.0,0.0
80896.4,0.9959255530061524,0.0,17421.0,37.0,0.2193499999988307,31.3125,32.6875,36.93000000000001,0.0,0.0,0.0,0.0,0.0,20.0,0.3,0.1,0.2,0.1,0.4,0.1,0.1,0.1,0.5,0.0,65535.0,0.2401159685664149,0.0,65535.0,0.1782253757534142,0.0,0.0,0.0,0.0,0.0,0.0,0.0,0.0,0.0,0.0
80956.48,1.0230487575967975,0.0,17421.0,37.0,0.19424999999883336,31.3125,32.625,36.89000000000004,0.0,0.0,0.0,0.0,0.0,20.0,0.3,0.1,0.2,0.1,0.4,0.1,0.1,0.1,0.5,0.0,65535.0,0.24324406805523766,0.0,65535.0,0.17792019531548028,0.0,0.0,0.0,0.0,0.0,0.0,0.0,0.0,0.0,0.0
81016.55,1.0190701209665292,0.0,17421.0,37.0,0.2398499999988345,31.4375,32.6875,36.89000000000004,0.0,0.0,0.0,0.0,0.0,20.0,0.3,0.1,0.2,0.1,0.4,0.1,0.1,0.1,0.5,0.0,65535.0,0.2421759365224689,0.0,65535.0,0.17930876630807965,0.0,0.0,0.0,0.0,0.0,0.0,0.0,0.0,0.0,0.0
81076.6,1.0264264866751196,0.0,17421.0,37.0,0.21684999999883778,31.4375,32.6875,37.01000000000005,0.0,0.0,0.0,0.0,0.0,20.0,0.3,0.1,0.2,0.1,0.4,0.1,0.1,0.1,0.5,0.0,65535.0,0.2414282444495308,0.0,65535.0,0.1783016708628977,0.0,0.0,0.0,0.0,0.0,0.0,0.0,0.0,0.0,0.0
81136.66,1.0057827686734782,0.0,17421.0,37.0,0.24944999999883313,31.5,32.625,36.85000000000002,0.0,0.0,0.0,0.0,0.0,20.0,0.3,0.1,0.2,0.1,0.4,0.1,0.1,0.1,0.5,0.0,65535.0,0.24292362859540703,0.0,65535.0,0.17877470054169528,0.0,0.0,0.0,0.0,0.0,0.0,0.0,0.0,0.0,0.0
81196.73,1.0072086225006625,0.0,17421.0,37.0,0.25324999999882714,31.5,32.625,37.01000000000005,0.0,0.0,0.0,0.0,0.0,20.0,0.3,0.1,0.2,0.1,0.4,0.1,0.1,0.1,0.5,0.0,65535.0,0.24452582589456015,0.0,65535.0,0.18014801251239795,0.0,0.0,0.0,0.0,0.0,0.0,0.0,0.0,0.0,0.0
81256.8,0.994604293247229,0.0,17421.0,37.0,0.1743499999988227,31.5,32.625,36.97000000000003,0.0,0.0,0.0,0.0,0.0,20.0,0.3,0.1,0.2,0.1,0.4,0.1,0.1,0.1,0.5,0.0,65535.0,0.2426489662012665,0.0,65535.0,0.17840848401617457,0.0,0.0,0.0,0.0,0.0,0.0,0.0,0.0,0.0,0.0
81316.87,1.0050253829503941,0.0,17421.0,37.0,0.19134999999883223,31.4375,32.6875,36.79000000000002,0.0,0.0,0.0,0.0,0.0,20.0,0.3,0.1,0.2,0.1,0.4,0.1,0.1,0.1,0.5,0.0,65535.0,0.24280155642023346,0.0,65535.0,0.17862211032272832,0.0,0.0,0.0,0.0,0.0,0.0,0.0,0.0,0.0,0.0
81376.96,1.0209832590584815,0.0,17421.0,37.0,0.22424999999882816,31.5625,32.625,36.89000000000004,0.0,0.0,0.0,0.0,0.0,20.0,0.3,0.1,0.2,0.1,0.4,0.1,0.1,0.1,0.5,0.0,65535.0,0.2443427176317998,0.0,65535.0,0.17979705500877394,0.0,0.0,0.0,0.0,0.0,0.0,0.0,0.0,0.0,0.0
81437.05,1.007734640437252,0.0,17421.0,37.0,0.27104999999882906,31.5,32.625,36.870000000000005,0.0,0.0,0.0,0.0,0.0,20.0,0.3,0.1,0.2,0.1,0.4,0.1,0.1,0.1,0.5,0.0,65535.0,0.24414435034714274,0.0,65535.0,0.18054474708171206,0.0,0.0,0.0,0.0,0.0,0.0,0.0,0.0,0.0,0.0
81497.13,1.0148183015686223,0.0,17421.0,37.0,0.2955499999988244,31.5625,32.6875,37.03000000000003,0.0,0.0,0.0,0.0,0.0,20.0,0.3,0.1,0.2,0.1,0.4,0.1,0.1,0.1,0.5,0.0,65535.0,0.24380865186541542,0.0,65535.0,0.1799038681620508,0.0,0.0,0.0,0.0,0.0,0.0,0.0,0.0,0.0,0.0
81557.2,1.0171380297651096,0.0,17421.0,37.0,0.20224999999881974,31.625,32.625,36.93000000000001,0.0,0.0,0.0,0.0,0.0,20.0,0.3,0.1,0.2,0.1,0.4,0.1,0.1,0.1,0.5,0.0,65535.0,0.2443121995880064,0.0,65535.0,0.17969024185549706,0.0,0.0,0.0,0.0,0.0,0.0,0.0,0.0,0.0,0.0
81617.27,1.025857982084389,0.0,17421.0,37.0,0.22074999999882963,31.625,32.6875,36.93000000000001,0.0,0.0,0.0,0.0,0.0,20.0,0.3,0.1,0.2,0.1,0.4,0.1,0.1,0.1,0.5,0.0,65535.0,0.2438849469748989,0.0,65535.0,0.1795834287022202,0.0,0.0,0.0,0.0,0.0,0.0,0.0,0.0,0.0,0.0
81677.33,0.9996934194978493,0.0,17421.0,37.0,0.20564999999882316,31.625,32.6875,36.89000000000004,0.0,0.0,0.0,0.0,0.0,20.0,0.3,0.1,0.2,0.1,0.4,0.1,0.1,0.1,0.5,0.0,65535.0,0.24451056687266345,0.0,65535.0,0.1795071335927367,0.0,0.0,0.0,0.0,0.0,0.0,0.0,0.0,0.0,0.0
81737.41,1.0059358254911102,0.0,17421.0,37.0,0.22594999999881807,31.625,32.6875,36.870000000000005,0.0,0.0,0.0,0.0,0.0,20.0,0.3,0.1,0.2,0.1,0.4,0.1,0.1,0.1,0.5,0.0,65535.0,0.24504463263904783,0.0,65535.0,0.18171969176775768,0.0,0.0,0.0,0.0,0.0,0.0,0.0,0.0,0.0,0.0
81797.49,0.9985092724889142,0.0,17421.0,37.0,0.2239499999988216,31.625,32.6875,36.89000000000004,0.0,0.0,0.0,0.0,0.0,20.0,0.3,0.1,0.2,0.1,0.4,0.1,0.1,0.1,0.5,0.0,65535.0,0.24396124208438238,0.0,65535.0,0.18005645838101778,0.0,0.0,0.0,0.0,0.0,0.0,0.0,0.0,0.0,0.0
81857.6,0.9952507096989618,0.0,17421.0,37.0,0.20594999999882033,31.625,32.6875,37.05000000000001,0.0,0.0,0.0,0.0,0.0,20.0,0.3,0.1,0.2,0.1,0.4,0.1,0.1,0.1,0.5,0.0,65535.0,0.243930724040589,0.0,65535.0,0.17949187457084,0.0,0.0,0.0,0.0,0.0,0.0,0.0,0.0,0.0,0.0
81917.68,0.9792895929263725,0.0,17421.0,37.0,0.19234999999881422,31.625,32.625,36.93000000000001,0.0,0.0,0.0,0.0,0.0,20.0,0.3,0.1,0.2,0.1,0.4,0.1,0.1,0.1,0.5,0.0,65535.0,0.24451056687266345,0.0,65535.0,0.18010223544670786,0.0,0.0,0.0,0.0,0.0,0.0,0.0,0.0,0.0,0.0
81977.77,1.001017027183472,0.0,17421.0,37.0,0.24294999999882502,31.625,32.6875,36.89000000000004,0.0,0.0,0.0,0.0,0.0,20.0,0.3,0.1,0.2,0.1,0.4,0.1,0.1,0.1,0.5,0.0,65535.0,0.24451056687266345,0.0,65535.0,0.18088044556343938,0.0,0.0,0.0,0.0,0.0,0.0,0.0,0.0,0.0,0.0
82037.83,0.9975207400418802,0.0,17421.0,37.0,0.21084999999882323,31.6875,32.75,36.93000000000001,0.0,0.0,0.0,0.0,0.0,20.0,0.3,0.1,0.2,0.1,0.4,0.1,0.1,0.1,0.5,0.0,65535.0,0.24499885557335774,0.0,65535.0,0.18005645838101778,0.0,0.0,0.0,0.0,0.0,0.0,0.0,0.0,0.0,0.0
82097.88,0.9974957002167386,0.0,17421.0,37.0,0.21584999999881782,31.6875,32.75,36.870000000000005,0.0,0.0,0.0,0.0,0.0,20.0,0.3,0.1,0.2,0.1,0.4,0.1,0.1,0.1,0.5,0.0,65535.0,0.24618905928130008,0.0,65535.0,0.18171969176775768,0.0,0.0,0.0,0.0,0.0,0.0,0.0,0.0,0.0,0.0
82157.95,0.9796996913804651,0.0,17421.0,37.0,0.25944999999882334,31.6875,32.6875,36.73000000000002,0.0,0.0,0.0,0.0,0.0,20.0,0.3,0.1,0.2,0.1,0.4,0.1,0.1,0.1,0.5,0.0,65535.0,0.2456244754711223,0.0,65535.0,0.182055390249485,0.0,0.0,0.0,0.0,0.0,0.0,0.0,0.0,0.0,0.0
82218.03,0.9944669052377471,0.0,17421.0,37.0,0.21354999999882077,31.75,32.6875,36.870000000000005,0.0,0.0,0.0,0.0,0.0,20.0,0.3,0.1,0.2,0.1,0.4,0.1,0.1,0.1,0.5,0.0,65535.0,0.24646372167544062,0.0,65535.0,0.18142977035172045,0.0,0.0,0.0,0.0,0.0,0.0,0.0,0.0,0.0,0.0
82278.1,1.0094606256068281,0.0,17421.0,37.0,0.23554999999881068,31.6875,32.6875,36.950000000000045,0.0,0.0,0.0,0.0,0.0,20.0,0.3,0.1,0.2,0.1,0.4,0.1,0.1,0.1,0.5,0.0,65535.0,0.24724193179217213,0.0,65535.0,0.1824368657969024,0.0,0.0,0.0,0.0,0.0,0.0,0.0,0.0,0.0,0.0
82338.17,1.0030400887150295,0.0,17421.0,37.0,0.2320499999988147,31.6875,32.6875,36.73000000000002,0.0,0.0,0.0,0.0,0.0,20.0,0.3,0.1,0.2,0.1,0.4,0.1,0.1,0.1,0.5,0.0,65535.0,0.24621957732509347,0.0,65535.0,0.1820401312275883,0.0,0.0,0.0,0.0,0.0,0.0,0.0,0.0,0.0,0.0
82398.22,0.9918199006543632,0.0,17421.0,37.0,0.22024999999880868,31.75,32.6875,36.950000000000045,0.0,0.0,0.0,0.0,0.0,20.0,0.3,0.1,0.2,0.1,0.4,0.1,0.1,0.1,0.5,0.0,65535.0,0.2460212100404364,0.0,65535.0,0.18234531166552223,0.0,0.0,0.0,0.0,0.0,0.0,0.0,0.0,0.0,0.0
82458.27,1.0052125340907785,0.0,17421.0,37.0,0.2552499999988186,31.6875,32.75,36.81,0.0,0.0,0.0,0.0,0.0,20.0,0.3,0.1,0.2,0.1,0.4,0.1,0.1,0.1,0.5,0.0,65535.0,0.24786755168993668,0.0,65535.0,0.18138399328603036,0.0,0.0,0.0,0.0,0.0,0.0,0.0,0.0,0.0,0.0
82518.31,1.0085447859810053,0.0,17421.0,37.0,0.20234999999881073,31.6875,32.6875,36.950000000000045,0.0,0.0,0.0,0.0,0.0,20.0,0.3,0.1,0.2,0.1,0.4,0.1,0.1,0.1,0.5,0.0,65535.0,0.2461280231937133,0.0,65535.0,0.18176546883344777,0.0,0.0,0.0,0.0,0.0,0.0,0.0,0.0,0.0,0.0
82578.38,0.9853200285206394,0.0,17421.0,37.0,0.21144999999881497,31.6875,32.6875,36.97000000000003,0.0,0.0,0.0,0.0,0.0,20.0,0.3,0.1,0.2,0.1,0.4,0.1,0.1,0.1,0.5,0.0,65535.0,0.24718089570458535,0.0,65535.0,0.18255893797207598,0.0,0.0,0.0,0.0,0.0,0.0,0.0,0.0,0.0,0.0
82638.42,1.0061739029626848,0.0,17421.0,37.0,0.20994999999881464,31.75,32.75,37.03000000000003,0.0,0.0,0.0,0.0,0.0,20.0,0.3,0.1,0.2,0.1,0.4,0.1,0.1,0.1,0.5,0.0,65535.0,0.2465552758068208,0.0,65535.0,0.18196383611810482,0.0,0.0,0.0,0.0,0.0,0.0,0.0,0.0,0.0,0.0
82698.49,1.0147492541286363,0.0,17421.0,37.0,0.20904999999881377,31.6875,32.6875,37.05000000000001,0.0,0.0,0.0,0.0,0.0,20.0,0.3,0.1,0.2,0.1,0.4,0.1,0.1,0.1,0.5,0.0,65535.0,0.24534981307698175,0.0,65535.0,0.18176546883344777,0.0,0.0,0.0,0.0,0.0,0.0,0.0,0.0,0.0,0.0
82758.57,1.0045459131015113,0.0,17421.0,37.0,0.19604999999880796,31.6875,32.75,36.85000000000002,0.0,0.0,0.0,0.0,0.0,20.0,0.3,0.1,0.2,0.1,0.4,0.1,0.1,0.1,0.5,0.0,65535.0,0.24585336079957273,0.0,65535.0,0.18181124589913786,0.0,0.0,0.0,0.0,0.0,0.0,0.0,0.0,0.0,0.0
82818.64,1.00724918761525,0.0,17421.0,37.0,0.2525499999988142,31.625,32.8125,36.85000000000002,0.0,0.0,0.0,0.0,0.0,20.0,0.3,0.1,0.2,0.1,0.4,0.1,0.1,0.1,0.5,0.0,65535.0,0.2469214923323415,0.0,65535.0,0.1829098954757,0.0,0.0,0.0,0.0,0.0,0.0,0.0,0.0,0.0,0.0
82878.71,1.0035178150684916,0.0,17421.0,37.0,0.21784999999880234,31.6875,32.75,36.950000000000045,0.0,0.0,0.0,0.0,0.0,20.0,0.3,0.1,0.2,0.1,0.4,0.1,0.1,0.1,0.5,0.0,65535.0,0.24968337529564355,0.0,65535.0,0.1838254367895018,0.0,0.0,0.0,0.0,0.0,0.0,0.0,0.0,0.0,0.0
82938.79,1.0072142511101543,0.0,17421.0,37.0,0.25554999999881234,31.6875,32.75,36.950000000000045,0.0,0.0,0.0,0.0,0.0,20.0,0.3,0.1,0.2,0.1,0.4,0.1,0.1,0.1,0.5,0.0,65535.0,0.24814221408407722,0.0,65535.0,0.18318455786984053,0.0,0.0,0.0,0.0,0.0,0.0,0.0,0.0,0.0,0.0
82998.87,1.0056154613701938,0.0,17421.0,37.0,0.23994999999881148,31.6875,32.75,36.79000000000002,0.0,0.0,0.0,0.0,0.0,20.0,0.3,0.1,0.2,0.1,0.4,0.1,0.1,0.1,0.5,0.0,65535.0,0.24917982757305257,0.0,65535.0,0.18367284657053484,0.0,0.0,0.0,0.0,0.0,0.0,0.0,0.0,0.0,0.0
83058.91,1.0037907706303026,0.0,17421.0,37.0,0.23114999999880526,31.75,32.75,37.03000000000003,0.0,0.0,0.0,0.0,0.0,20.0,0.3,0.1,0.2,0.1,0.4,0.1,0.1,0.1,0.5,0.0,65535.0,0.24747081712062258,0.0,65535.0,0.18255893797207598,0.0,0.0,0.0,0.0,0.0,0.0,0.0,0.0,0.0,0.0
83118.96,1.023543551689399,0.0,17421.0,37.0,0.23904999999880971,31.75,32.75,36.97000000000003,0.0,0.0,0.0,0.0,0.0,20.0,0.3,0.1,0.2,0.1,0.4,0.1,0.1,0.1,0.5,0.0,65535.0,0.24756237125200276,0.0,65535.0,0.18266575112535285,0.0,0.0,0.0,0.0,0.0,0.0,0.0,0.0,0.0,0.0
83179.0,1.017983304315534,0.0,17421.0,37.0,0.17814999999880654,31.6875,32.8125,36.89000000000004,0.0,0.0,0.0,0.0,0.0,20.0,0.3,0.1,0.2,0.1,0.4,0.1,0.1,0.1,0.5,0.0,65535.0,0.24968337529564355,0.0,65535.0,0.18359655146105136,0.0,0.0,0.0,0.0,0.0,0.0,0.0,0.0,0.0,0.0
83239.04,1.0030867732513133,0.0,17421.0,37.0,0.17484999999880613,31.6875,32.75,36.79000000000002,0.0,0.0,0.0,0.0,0.0,20.0,0.3,0.1,0.2,0.1,0.4,0.1,0.1,0.1,0.5,0.0,65535.0,0.2473334859235523,0.0,65535.0,0.1833676661326009,0.0,0.0,0.0,0.0,0.0,0.0,0.0,0.0,0.0,0.0
83299.09,1.0248540030900248,0.0,17421.0,37.0,0.24694999999879824,31.75,32.75,36.81,0.0,0.0,0.0,0.0,0.0,20.0,0.3,0.1,0.2,0.1,0.4,0.1,0.1,0.1,0.5,0.0,65535.0,0.24887464713511864,0.0,65535.0,0.1846341649500267,0.0,0.0,0.0,0.0,0.0,0.0,0.0,0.0,0.0,0.0
83359.15,1.0096289274905237,0.0,17421.0,37.0,0.22904999999880116,31.75,32.75,36.97000000000003,0.0,0.0,0.0,0.0,0.0,20.0,0.3,0.1,0.2,0.1,0.4,0.1,0.1,0.1,0.5,0.0,65535.0,0.24916456855115587,0.0,65535.0,0.18486305027847716,0.0,0.0,0.0,0.0,0.0,0.0,0.0,0.0,0.0,0.0
83419.2,1.0184592038813176,0.0,17421.0,37.0,0.21694999999879455,31.8125,32.75,36.950000000000045,0.0,0.0,0.0,0.0,0.0,20.0,0.3,0.1,0.2,0.1,0.4,0.1,0.1,0.1,0.5,0.0,65535.0,0.24853894865339132,0.0,65535.0,0.18373388265812163,0.0,0.0,0.0,0.0,0.0,0.0,0.0,0.0,0.0,0.0
83479.24,1.0163125460384679,0.0,17421.0,37.0,0.1883499999988021,31.75,32.75,36.79000000000002,0.0,0.0,0.0,0.0,0.0,20.0,0.3,0.1,0.2,0.1,0.4,0.1,0.1,0.1,0.5,0.0,65535.0,0.2498817425803006,0.0,65535.0,0.1833371480888075,0.0,0.0,0.0,0.0,0.0,0.0,0.0,0.0,0.0,0.0
83539.3,0.9999069810170821,0.0,17421.0,37.0,0.22244999999879778,31.75,32.8125,36.79000000000002,0.0,0.0,0.0,0.0,0.0,20.0,0.3,0.1,0.2,0.1,0.4,0.1,0.1,0.1,0.5,0.0,65535.0,0.24969863431754025,0.0,65535.0,0.1842221713588159,0.0,0.0,0.0,0.0,0.0,0.0,0.0,0.0,0.0,0.0
83599.37,1.011081471663011,0.0,17421.0,37.0,0.2987499999987895,31.625,32.75,36.85000000000002,0.0,0.0,0.0,0.0,0.0,20.0,0.3,0.1,0.2,0.1,0.4,0.1,0.1,0.1,0.5,0.0,65535.0,0.25090409704737926,0.0,65535.0,0.1859006637674525,0.0,0.0,0.0,0.0,0.0,0.0,0.0,0.0,0.0,0.0
83659.44,1.0183830681133506,0.0,17421.0,37.0,0.21554999999879496,31.75,32.8125,37.09000000000003,0.0,0.0,0.0,0.0,0.0,20.0,0.3,0.1,0.2,0.1,0.4,0.1,0.1,0.1,0.5,0.0,65535.0,0.25047684443427176,0.0,65535.0,0.18454261081864654,0.0,0.0,0.0,0.0,0.0,0.0,0.0,0.0,0.0,0.0
83719.51,1.017335615960536,0.0,17421.0,37.0,0.23264999999879446,31.75,32.75,37.110000000000014,0.0,0.0,0.0,0.0,0.0,20.0,0.3,0.1,0.2,0.1,0.4,0.1,0.1,0.1,0.5,0.0,65535.0,0.24980544747081712,0.0,65535.0,0.18532082093537805,0.0,0.0,0.0,0.0,0.0,0.0,0.0,0.0,0.0,0.0
83779.59,1.0066891394695452,0.0,17421.0,37.0,0.2326499999987936,31.75,32.75,37.05000000000001,0.0,0.0,0.0,0.0,0.0,20.0,0.3,0.1,0.2,0.1,0.4,0.1,0.1,0.1,0.5,0.0,65535.0,0.2502937361715114,0.0,65535.0,0.18669413290608072,0.0,0.0,0.0,0.0,0.0,0.0,0.0,0.0,0.0,0.0
83839.63,1.0160212705218024,0.0,17421.0,37.0,0.2152499999987918,31.75,32.8125,36.870000000000005,0.0,0.0,0.0,0.0,0.0,20.0,0.3,0.1,0.2,0.1,0.4,0.1,0.1,0.1,0.5,0.0,65535.0,0.2503395132372015,0.0,65535.0,0.18457312886243993,0.0,0.0,0.0,0.0,0.0,0.0,0.0,0.0,0.0,0.0
83899.67,1.0074284130147553,0.0,17421.0,37.0,0.21344999999879086,31.8125,32.8125,37.05000000000001,0.0,0.0,0.0,0.0,0.0,20.0,0.3,0.1,0.2,0.1,0.4,0.1,0.1,0.1,0.5,0.0,65535.0,0.24879835202563516,0.0,65535.0,0.18564126039520867,0.0,0.0,0.0,0.0,0.0,0.0,0.0,0.0,0.0,0.0
83959.74,1.019328456571074,0.0,17421.0,37.0,0.17214999999879316,31.75,32.8125,36.93000000000001,0.0,0.0,0.0,0.0,0.0,20.0,0.3,0.1,0.2,0.1,0.4,0.1,0.1,0.1,0.5,0.0,65535.0,0.248203250171664,0.0,65535.0,0.18527504386968796,0.0,0.0,0.0,0.0,0.0,0.0,0.0,0.0,0.0,0.0
84019.78,1.0006147192592643,0.0,17421.0,37.0,0.22484999999878957,31.75,32.8125,36.77000000000004,0.0,0.0,0.0,0.0,0.0,20.0,0.3,0.1,0.2,0.1,0.4,0.1,0.1,0.1,0.5,0.0,65535.0,0.25011062790875105,0.0,65535.0,0.1867551689936675,0.0,0.0,0.0,0.0,0.0,0.0,0.0,0.0,0.0,0.0
84079.85,1.0325537949803925,0.0,17421.0,37.0,0.23134999999878364,31.75,32.8125,36.89000000000004,0.0,0.0,0.0,0.0,0.0,20.0,0.3,0.1,0.2,0.1,0.4,0.1,0.1,0.1,0.5,0.0,65535.0,0.2507209887846189,0.0,65535.0,0.18492408636606394,0.0,0.0,0.0,0.0,0.0,0.0,0.0,0.0,0.0,0.0
84139.93,1.017170171049209,0.0,17421.0,37.0,0.20514999999879155,31.75,32.8125,36.93000000000001,0.0,0.0,0.0,0.0,0.0,20.0,0.3,0.1,0.2,0.1,0.4,0.1,0.1,0.1,0.5,0.0,65535.0,0.2508278019378958,0.0,65535.0,0.18616006713969635,0.0,0.0,0.0,0.0,0.0,0.0,0.0,0.0,0.0,0.0
84199.97,1.0342015362394275,0.0,17421.0,37.0,0.20394999999879093,31.75,32.8125,36.85000000000002,0.0,0.0,0.0,0.0,0.0,20.0,0.3,0.1,0.2,0.1,0.4,0.1,0.1,0.1,0.5,0.0,65535.0,0.2502479591058213,0.0,65535.0,0.1847104600595102,0.0,0.0,0.0,0.0,0.0,0.0,0.0,0.0,0.0,0.0
84260.05,1.021455694069573,0.0,17421.0,37.0,0.2427499999987815,31.6875,32.8125,36.93000000000001,0.0,0.0,0.0,0.0,0.0,20.0,0.3,0.1,0.2,0.1,0.4,0.1,0.1,0.1,0.5,0.0,65535.0,0.2507515068284123,0.0,65535.0,0.18672465094987412,0.0,0.0,0.0,0.0,0.0,0.0,0.0,0.0,0.0,0.0
84320.1,1.0303773016681628,0.0,17421.0,37.0,0.23454999999878978,31.75,32.8125,36.81,0.0,0.0,0.0,0.0,0.0,20.0,0.3,0.1,0.2,0.1,0.4,0.1,0.1,0.1,0.5,0.0,65535.0,0.2516060120546273,0.0,65535.0,0.18826581216144045,0.0,0.0,0.0,0.0,0.0,0.0,0.0,0.0,0.0,0.0
84380.18,1.0283469845339441,0.0,17421.0,37.0,0.22544999999878385,31.75,32.8125,36.79000000000002,0.0,0.0,0.0,0.0,0.0,20.0,0.3,0.1,0.2,0.1,0.4,0.1,0.1,0.1,0.5,0.0,65535.0,0.24997329671168078,0.0,65535.0,0.18524452582589457,0.0,0.0,0.0,0.0,0.0,0.0,0.0,0.0,0.0,0.0
84440.26,1.017332404855454,0.0,17421.0,37.0,0.2522499999987887,31.6875,32.8125,36.93000000000001,0.0,0.0,0.0,0.0,0.0,20.0,0.3,0.1,0.2,0.1,0.4,0.1,0.1,0.1,0.5,0.0,65535.0,0.2519417105363546,0.0,65535.0,0.18698405432211795,0.0,0.0,0.0,0.0,0.0,0.0,0.0,0.0,0.0,0.0
84500.33,1.0357886098434166,0.0,17421.0,37.0,0.21784999999877655,31.75,32.875,36.97000000000003,0.0,0.0,0.0,0.0,0.0,20.0,0.3,0.1,0.2,0.1,0.4,0.1,0.1,0.1,0.5,0.0,65535.0,0.25098039215686274,0.0,65535.0,0.18616006713969635,0.0,0.0,0.0,0.0,0.0,0.0,0.0,0.0,0.0,0.0
84560.4,1.0252424390651789,0.0,17421.0,37.0,0.21874999999877573,31.75,32.8125,37.01000000000005,0.0,0.0,0.0,0.0,0.0,20.0,0.3,0.1,0.2,0.1,0.4,0.1,0.1,0.1,0.5,0.0,65535.0,0.2519264515144579,0.0,65535.0,0.18660257877470054,0.0,0.0,0.0,0.0,0.0,0.0,0.0,0.0,0.0,0.0
84620.49,1.0356711025465124,0.0,17421.0,37.0,0.18544999999877332,31.75,32.8125,36.870000000000005,0.0,0.0,0.0,0.0,0.0,20.0,0.3,0.1,0.2,0.1,0.4,0.1,0.1,0.1,0.5,0.0,65535.0,0.25297932402532997,0.0,65535.0,0.18707560845349813,0.0,0.0,0.0,0.0,0.0,0.0,0.0,0.0,0.0,0.0
84680.59,1.0261198648255956,0.0,17421.0,37.0,0.2575499999987797,31.75,32.875,36.77000000000004,0.0,0.0,0.0,0.0,0.0,20.0,0.3,0.1,0.2,0.1,0.4,0.1,0.1,0.1,0.5,0.0,65535.0,0.2507209887846189,0.0,65535.0,0.1876401922636759,0.0,0.0,0.0,0.0,0.0,0.0,0.0,0.0,0.0,0.0
84740.68,1.0403445017251651,0.0,17421.0,37.0,0.22754999999877767,31.75,32.875,36.870000000000005,0.0,0.0,0.0,0.0,0.0,20.0,0.3,0.1,0.2,0.1,0.4,0.1,0.1,0.1,0.5,0.0,65535.0,0.25383382925154496,0.0,65535.0,0.1863431754024567,0.0,0.0,0.0,0.0,0.0,0.0,0.0,0.0,0.0,0.0
84800.77,1.0226470917978356,0.0,17421.0,37.0,0.20784999999878137,31.8125,32.875,36.870000000000005,0.0,0.0,0.0,0.0,0.0,20.0,0.3,0.1,0.2,0.1,0.4,0.1,0.1,0.1,0.5,0.0,65535.0,0.25299458304722666,0.0,65535.0,0.18742656595712215,0.0,0.0,0.0,0.0,0.0,0.0,0.0,0.0,0.0,0.0
84860.86,1.0380072946972656,0.0,17421.0,37.0,0.19364999999877494,31.6875,32.875,37.03000000000003,0.0,0.0,0.0,0.0,0.0,20.0,0.3,0.1,0.2,0.1,0.4,0.1,0.1,0.1,0.5,0.0,65535.0,0.2525062943465324,0.0,65535.0,0.18699931334401465,0.0,0.0,0.0,0.0,0.0,0.0,0.0,0.0,0.0,0.0
84920.93,1.0322367287268344,0.0,17421.0,37.0,0.244849999998771,31.6875,32.8125,36.85000000000002,0.0,0.0,0.0,0.0,0.0,20.0,0.3,0.1,0.2,0.1,0.4,0.1,0.1,0.1,0.5,0.0,65535.0,0.2523079270618753,0.0,65535.0,0.18867780575265125,0.0,0.0,0.0,0.0,0.0,0.0,0.0,0.0,0.0,0.0
84980.99,1.0157520010262808,0.0,17421.0,37.0,0.2089499999987735,31.75,32.875,36.950000000000045,0.0,0.0,0.0,0.0,0.0,20.0,0.3,0.1,0.2,0.1,0.4,0.1,0.1,0.1,0.5,0.0,65535.0,0.25346761272602425,0.0,65535.0,0.18995956359197375,0.0,0.0,0.0,0.0,0.0,0.0,0.0,0.0,0.0,0.0
85041.05,1.0344149943599856,0.0,17421.0,37.0,0.236949999998779,31.75,32.875,36.870000000000005,0.0,0.0,0.0,0.0,0.0,20.0,0.3,0.1,0.2,0.1,0.4,0.1,0.1,0.1,0.5,0.0,65535.0,0.25262836652170595,0.0,65535.0,0.1876249332417792,0.0,0.0,0.0,0.0,0.0,0.0,0.0,0.0,0.0,0.0
85101.12,1.0264325687256555,0.0,17421.0,37.0,0.20864999999877204,31.8125,32.875,37.01000000000005,0.0,0.0,0.0,0.0,0.0,20.0,0.3,0.1,0.2,0.1,0.4,0.1,0.1,0.1,0.5,0.0,65535.0,0.25348287174792095,0.0,65535.0,0.18751812008850233,0.0,0.0,0.0,0.0,0.0,0.0,0.0,0.0,0.0,0.0
85161.2,1.0222649005147992,0.0,17421.0,37.0,0.20274999999877572,31.75,32.875,36.950000000000045,0.0,0.0,0.0,0.0,0.0,20.0,0.3,0.1,0.2,0.1,0.4,0.1,0.1,0.1,0.5,0.0,65535.0,0.2545204852368963,0.0,65535.0,0.18879987792782482,0.0,0.0,0.0,0.0,0.0,0.0,0.0,0.0,0.0,0.0
85221.28,1.0477567481837178,0.0,17421.0,37.0,0.24894999999877718,31.75,32.8125,36.81,0.0,0.0,0.0,0.0,0.0,20.0,0.3,0.1,0.2,0.1,0.4,0.1,0.1,0.1,0.5,0.0,65535.0,0.2546120393682765,0.0,65535.0,0.1888761730373083,0.0,0.0,0.0,0.0,0.0,0.0,0.0,0.0,0.0,0.0
85281.36,1.0418952503508545,0.0,17421.0,37.0,0.22664999999877075,31.75,32.8125,36.89000000000004,0.0,0.0,0.0,0.0,0.0,20.0,0.3,0.1,0.2,0.1,0.4,0.1,0.1,0.1,0.5,0.0,65535.0,0.2536354619668879,0.0,65535.0,0.1905394064240482,0.0,0.0,0.0,0.0,0.0,0.0,0.0,0.0,0.0,0.0
85341.43,1.0310187602930574,0.0,17421.0,37.0,0.2307499999987653,31.75,32.8125,36.93000000000001,0.0,0.0,0.0,0.0,0.0,20.0,0.3,0.1,0.2,0.1,0.4,0.1,0.1,0.1,0.5,0.0,65535.0,0.2536354619668879,0.0,65535.0,0.18771648737315938,0.0,0.0,0.0,0.0,0.0,0.0,0.0,0.0,0.0,0.0
85401.51,1.038471371373045,0.0,17421.0,37.0,0.18894999999877235,31.8125,32.875,36.85000000000002,0.0,0.0,0.0,0.0,0.0,20.0,0.3,0.1,0.2,0.1,0.4,0.1,0.1,0.1,0.5,0.0,65535.0,0.25590905622949567,0.0,65535.0,0.190096894789044,0.0,0.0,0.0,0.0,0.0,0.0,0.0,0.0,0.0,0.0
85461.57,1.0664042253540817,0.0,17421.0,37.0,0.23574999999877325,31.75,32.8125,36.85000000000002,0.0,0.0,0.0,0.0,0.0,20.0,0.3,0.1,0.2,0.1,0.4,0.1,0.1,0.1,0.5,0.0,65535.0,0.2540169375143053,0.0,65535.0,0.18864728770885786,0.0,0.0,0.0,0.0,0.0,0.0,0.0,0.0,0.0,0.0
85521.64,1.0320826050461565,0.0,17421.0,37.0,0.2101499999987664,31.75,32.875,36.93000000000001,0.0,0.0,0.0,0.0,0.0,20.0,0.3,0.1,0.2,0.1,0.4,0.1,0.1,0.1,0.5,0.0,65535.0,0.25511558709086746,0.0,65535.0,0.18899824521248187,0.0,0.0,0.0,0.0,0.0,0.0,0.0,0.0,0.0,0.0
85581.67,1.032786018153058,0.0,17421.0,37.0,0.24724999999876193,31.75,32.8125,36.89000000000004,0.0,0.0,0.0,0.0,0.0,20.0,0.3,0.1,0.2,0.1,0.4,0.1,0.1,0.1,0.5,0.0,65535.0,0.2545967803463798,0.0,65535.0,0.18904402227817196,0.0,0.0,0.0,0.0,0.0,0.0,0.0,0.0,0.0,0.0
85641.71,1.0346448189330215,0.0,17421.0,37.0,0.1624499999987629,31.75,32.875,36.79000000000002,0.0,0.0,0.0,0.0,0.0,20.0,0.3,0.1,0.2,0.1,0.4,0.1,0.1,0.1,0.5,0.0,65535.0,0.2540779736018921,0.0,65535.0,0.1893186846723125,0.0,0.0,0.0,0.0,0.0,0.0,0.0,0.0,0.0,0.0
85701.78,1.0386896729140038,0.0,17421.0,37.0,0.25694999999876567,31.6875,32.8125,36.85000000000002,0.0,0.0,0.0,0.0,0.0,20.0,0.3,0.1,0.2,0.1,0.4,0.1,0.1,0.1,0.5,0.0,65535.0,0.2542000457770657,0.0,65535.0,0.18895246814679179,0.0,0.0,0.0,0.0,0.0,0.0,0.0,0.0,0.0,0.0
85761.82,1.0421552921590747,0.0,17421.0,37.0,0.27904999999876057,31.75,32.875,36.77000000000004,0.0,0.0,0.0,0.0,0.0,20.0,0.3,0.1,0.2,0.1,0.4,0.1,0.1,0.1,0.5,0.0,65535.0,0.25563439383535513,0.0,65535.0,0.19034103913939115,0.0,0.0,0.0,0.0,0.0,0.0,0.0,0.0,0.0,0.0
85821.88,1.0316936671948427,0.0,17421.0,37.0,0.22784999999876282,31.75,32.875,36.79000000000002,0.0,0.0,0.0,0.0,0.0,20.0,0.3,0.1,0.2,0.1,0.4,0.1,0.1,0.1,0.5,0.0,65535.0,0.25560387579156174,0.0,65535.0,0.19047837033646142,0.0,0.0,0.0,0.0,0.0,0.0,0.0,0.0,0.0,0.0
85881.95,1.028517732213015,0.0,17421.0,37.0,0.20574999999876614,31.8125,32.8125,36.89000000000004,0.0,0.0,0.0,0.0,0.0,20.0,0.3,0.1,0.2,0.1,0.4,0.1,0.1,0.1,0.5,0.0,65535.0,0.25598535133897915,0.0,65535.0,0.1913633936064698,0.0,0.0,0.0,0.0,0.0,0.0,0.0,0.0,0.0,0.0
85942.03,1.0313785985226707,0.0,17421.0,37.0,0.21394999999875614,31.75,32.875,36.81,0.0,0.0,0.0,0.0,0.0,20.0,0.3,0.1,0.2,0.1,0.4,0.1,0.1,0.1,0.5,0.0,65535.0,0.25638208590829326,0.0,65535.0,0.19128709849698633,0.0,0.0,0.0,0.0,0.0,0.0,0.0,0.0,0.0,0.0
86002.11,1.0527185799507413,0.0,17421.0,37.0,0.21244999999875494,31.75,32.8125,36.79000000000002,0.0,0.0,0.0,0.0,0.0,20.0,0.3,0.1,0.2,0.1,0.4,0.1,0.1,0.1,0.5,0.0,65535.0,0.2567177843900206,0.0,65535.0,0.19227893492027162,0.0,0.0,0.0,0.0,0.0,0.0,0.0,0.0,0.0,0.0
86062.19,1.0481394877535233,0.0,17421.0,37.0,0.24744999999876488,31.75,32.875,36.93000000000001,0.0,0.0,0.0,0.0,0.0,20.0,0.3,0.1,0.2,0.1,0.4,0.1,0.1,0.1,0.5,0.0,65535.0,0.255741206988632,0.0,65535.0,0.19166857404440377,0.0,0.0,0.0,0.0,0.0,0.0,0.0,0.0,0.0,0.0
86122.25,1.0405758823031035,0.0,17421.0,37.0,0.22624999999875317,31.6875,32.875,36.77000000000004,0.0,0.0,0.0,0.0,0.0,20.0,0.3,0.1,0.2,0.1,0.4,0.1,0.1,0.1,0.5,0.0,65535.0,0.2561684596017395,0.0,65535.0,0.19121080338750285,0.0,0.0,0.0,0.0,0.0,0.0,0.0,0.0,0.0,0.0
86182.31,1.052475716900414,0.0,17421.0,37.0,0.24724999999875255,31.75,32.875,36.93000000000001,0.0,0.0,0.0,0.0,0.0,20.0,0.3,0.1,0.2,0.1,0.4,0.1,0.1,0.1,0.5,0.0,65535.0,0.25590905622949567,0.0,65535.0,0.18966964217593651,0.0,0.0,0.0,0.0,0.0,0.0,0.0,0.0,0.0,0.0
86242.39,1.0539064874860022,0.0,17421.0,37.0,0.23874999999876112,31.75,32.875,36.89000000000004,0.0,0.0,0.0,0.0,0.0,20.0,0.3,0.1,0.2,0.1,0.4,0.1,0.1,0.1,0.5,0.0,65535.0,0.2570382238498512,0.0,65535.0,0.19085984588387883,0.0,0.0,0.0,0.0,0.0,0.0,0.0,0.0,0.0,0.0
86302.46,1.0489907404082044,0.0,17421.0,37.0,0.2605499999987564,31.75,32.875,36.85000000000002,0.0,0.0,0.0,0.0,0.0,20.0,0.3,0.1,0.2,0.1,0.4,0.1,0.1,0.1,0.5,0.0,65535.0,0.2562905317769131,0.0,65535.0,0.19072251468680856,0.0,0.0,0.0,0.0,0.0,0.0,0.0,0.0,0.0,0.0
86362.54,1.0445590055336487,0.0,17421.0,37.0,0.2623499999987556,31.8125,32.8125,36.870000000000005,0.0,0.0,0.0,0.0,0.0,20.0,0.3,0.1,0.2,0.1,0.4,0.1,0.1,0.1,0.5,0.0,65535.0,0.2570840009155413,0.0,65535.0,0.19110399023422597,0.0,0.0,0.0,0.0,0.0,0.0,0.0,0.0,0.0,0.0
86422.6,1.0435043050083044,0.0,17421.0,37.0,0.18784999999874716,31.75,32.8125,37.03000000000003,0.0,0.0,0.0,0.0,0.0,20.0,0.3,0.1,0.2,0.1,0.4,0.1,0.1,0.1,0.5,0.0,65535.0,0.25552758068207826,0.0,65535.0,0.19050888838025481,0.0,0.0,0.0,0.0,0.0,0.0,0.0,0.0,0.0,0.0
86482.67,1.0539030128959195,0.0,17421.0,37.0,0.2587499999987537,31.8125,32.875,36.89000000000004,0.0,0.0,0.0,0.0,0.0,20.0,0.3,0.1,0.2,0.1,0.4,0.1,0.1,0.1,0.5,0.0,65535.0,0.2566567483024338,0.0,65535.0,0.190951400015259,0.0,0.0,0.0,0.0,0.0,0.0,0.0,0.0,0.0,0.0
86542.74,1.050453640487564,0.0,17421.0,37.0,0.22874999999875173,31.75,32.75,37.01000000000005,0.0,0.0045,0.25,0.0,0.0,20.0,0.3,0.1,0.2,0.1,0.4,0.1,0.1,0.1,0.5,0.0,65535.0,0.2570382238498512,0.0,65535.0,0.1932249942778668,0.0,0.0,0.0,0.0,0.0,0.0,0.0,0.0,0.0,0.0
86602.8,1.0292093128797604,0.0,17421.0,37.0,0.2974499999987529,31.6875,32.875,36.79000000000002,0.0,0.0,0.0,0.0,0.0,20.0,0.3,0.1,0.2,0.1,0.4,0.1,0.1,0.1,0.5,0.0,65535.0,0.2524299992370489,0.0,65535.0,0.18707560845349813,0.0,0.0,0.0,0.0,0.0,0.0,0.0,0.0,0.0,0.0
86662.86,1.013386659956256,0.0,17421.0,37.0,0.28424999999875156,31.75,32.875,36.710000000000036,0.0,0.0,0.0,0.0,0.0,20.0,0.3,0.1,0.2,0.1,0.4,0.1,0.1,0.1,0.5,0.0,65535.0,0.2523689631494621,0.0,65535.0,0.18854047455558098,0.0,0.0,0.0,0.0,0.0,0.0,0.0,0.0,0.0,0.0
86722.91,1.0301422426635272,0.0,17421.0,37.0,0.22834999999874384,31.8125,32.8125,36.97000000000003,0.0,0.0,0.0,0.0,0.0,20.0,0.3,0.1,0.2,0.1,0.4,0.1,0.1,0.1,0.5,0.0,65535.0,0.25261310749980925,0.0,65535.0,0.1875791561760891,0.0,0.0,0.0,0.0,0.0,0.0,0.0,0.0,0.0,0.0
86782.99,1.035918079832847,0.0,17421.0,37.0,0.22244999999874748,31.75,32.8125,36.89000000000004,0.0,0.0,0.0,0.0,0.0,20.0,0.3,0.1,0.2,0.1,0.4,0.1,0.1,0.1,0.5,0.0,65535.0,0.25389486533913175,0.0,65535.0,0.18748760204470893,0.0,0.0,0.0,0.0,0.0,0.0,0.0,0.0,0.0,0.0
86843.05,1.025733410957368,0.0,17421.0,37.0,0.2695499999987482,31.8125,32.8125,36.93000000000001,0.0,0.0,0.0,0.0,0.0,20.0,0.3,0.1,0.2,0.1,0.4,0.1,0.1,0.1,0.5,0.0,65535.0,0.2528877698939498,0.0,65535.0,0.18783855954833295,0.0,0.0,0.0,0.0,0.0,0.0,0.0,0.0,0.0,0.0
86903.14,1.0349044423829026,0.0,17421.0,37.0,0.2253499999987406,31.8125,32.875,36.97000000000003,0.0,0.0,0.0,0.0,0.0,20.0,0.3,0.1,0.2,0.1,0.4,0.1,0.1,0.1,0.5,0.0,65535.0,0.2529335469596399,0.0,65535.0,0.1876401922636759,0.0,0.0,0.0,0.0,0.0,0.0,0.0,0.0,0.0,0.0
86963.21,1.0459639073920712,0.0,17421.0,37.0,0.21384999999874937,31.875,32.875,36.97000000000003,0.0,0.0,0.0,0.0,0.0,20.0,0.3,0.1,0.2,0.1,0.4,0.1,0.1,0.1,0.5,0.0,65535.0,0.2519264515144579,0.0,65535.0,0.18896772716868848,0.0,0.0,0.0,0.0,0.0,0.0,0.0,0.0,0.0,0.0
87023.29,1.0381521128326103,0.0,17421.0,37.0,0.21234999999874904,31.875,32.875,36.950000000000045,0.0,0.0,0.0,0.0,0.0,20.0,0.3,0.1,0.2,0.1,0.4,0.1,0.1,0.1,0.5,0.0,65535.0,0.2544289311055161,0.0,65535.0,0.18875410086213473,0.0,0.0,0.0,0.0,0.0,0.0,0.0,0.0,0.0,0.0
87083.37,1.0432638439396893,0.0,17421.0,37.0,0.2296499999987441,31.8125,32.8125,36.93000000000001,0.0,0.0,0.0,0.0,0.0,20.0,0.3,0.1,0.2,0.1,0.4,0.1,0.1,0.1,0.5,0.0,65535.0,0.25436789501792934,0.0,65535.0,0.19079880979629205,0.0,0.0,0.0,0.0,0.0,0.0,0.0,0.0,0.0,0.0
87143.44,1.0553359556866801,0.0,17421.0,37.0,0.2782499999987451,31.8125,32.875,36.870000000000005,0.0,0.0,0.0,0.0,0.0,20.0,0.3,0.1,0.2,0.1,0.4,0.1,0.1,0.1,0.5,0.0,65535.0,0.253330281528954,0.0,65535.0,0.18883039597161821,0.0,0.0,0.0,0.0,0.0,0.0,0.0,0.0,0.0,0.0
87203.49,1.0445057080044222,0.0,17421.0,37.0,0.22414999999873744,31.8125,32.8125,37.13000000000005,0.0,0.0,0.0,0.0,0.0,20.0,0.3,0.1,0.2,0.1,0.4,0.1,0.1,0.1,0.5,0.0,65535.0,0.25436789501792934,0.0,65535.0,0.1876401922636759,0.0,0.0,0.0,0.0,0.0,0.0,0.0,0.0,0.0,0.0
87263.56,1.043718012849617,0.0,17421.0,37.0,0.2591499999987474,31.75,32.8125,37.05000000000001,0.0,0.0,0.0,0.0,0.0,20.0,0.3,0.1,0.2,0.1,0.4,0.1,0.1,0.1,0.5,0.0,65535.0,0.25256733043411916,0.0,65535.0,0.18875410086213473,0.0,0.0,0.0,0.0,0.0,0.0,0.0,0.0,0.0,0.0
87323.6,1.0391946169732202,0.0,17421.0,37.0,0.27914999999874257,31.75,32.8125,36.89000000000004,0.0,0.0,0.0,0.0,0.0,20.0,0.3,0.1,0.2,0.1,0.4,0.1,0.1,0.1,0.5,0.0,65535.0,0.2537270160982681,0.0,65535.0,0.1893186846723125,0.0,0.0,0.0,0.0,0.0,0.0,0.0,0.0,0.0,0.0
87383.64,1.0520961601960637,0.0,17421.0,37.0,0.2108499999987444,31.8125,32.8125,37.13000000000005,0.0,0.0,0.0,0.0,0.0,20.0,0.3,0.1,0.2,0.1,0.4,0.1,0.1,0.1,0.5,0.0,65535.0,0.2549019607843137,0.0,65535.0,0.18857099259937438,0.0,0.0,0.0,0.0,0.0,0.0,0.0,0.0,0.0,0.0
87443.68,1.0498742163729458,0.0,17421.0,37.0,0.1981499999987383,31.75,32.8125,37.03000000000003,0.0,0.0,0.0,0.0,0.0,20.0,0.3,0.1,0.2,0.1,0.4,0.1,0.1,0.1,0.5,0.0,65535.0,0.25392538338292514,0.0,65535.0,0.18883039597161821,0.0,0.0,0.0,0.0,0.0,0.0,0.0,0.0,0.0,0.0
87503.73,1.034955080563519,0.0,17421.0,37.0,0.19074999999874248,31.75,32.875,36.710000000000036,0.0,0.0,0.0,0.0,0.0,20.0,0.3,0.1,0.2,0.1,0.4,0.1,0.1,0.1,0.5,0.0,65535.0,0.2552529182879377,0.0,65535.0,0.18980697337300678,0.0,0.0,0.0,0.0,0.0,0.0,0.0,0.0,0.0,0.0
87563.77,1.0463076763991825,0.0,17421.0,37.0,0.2522499999987442,31.75,32.8125,36.89000000000004,0.0,0.0,0.0,0.0,0.0,20.0,0.3,0.1,0.2,0.1,0.4,0.1,0.1,0.1,0.5,0.0,65535.0,0.2549782558937972,0.0,65535.0,0.1892729076066224,0.0,0.0,0.0,0.0,0.0,0.0,0.0,0.0,0.0,0.0
87623.85,1.0409733827048226,0.0,17421.0,37.0,0.20694999999874195,31.75,32.875,36.870000000000005,0.0,0.0,0.0,0.0,0.0,20.0,0.3,0.1,0.2,0.1,0.4,0.1,0.1,0.1,0.5,0.0,65535.0,0.2541695277332723,0.0,65535.0,0.1905241474021515,0.0,0.0,0.0,0.0,0.0,0.0,0.0,0.0,0.0,0.0
87683.89,1.048334717859874,0.0,17421.0,37.0,0.24664999999873255,31.8125,32.8125,36.950000000000045,0.0,0.0,0.0,0.0,0.0,20.0,0.3,0.1,0.2,0.1,0.4,0.1,0.1,0.1,0.5,0.0,65535.0,0.25603112840466924,0.0,65535.0,0.1915770199130236,0.0,0.0,0.0,0.0,0.0,0.0,0.0,0.0,0.0,0.0
87743.97,1.045697628295075,0.0,17421.0,37.0,0.27434999999873744,31.75,32.8125,37.01000000000005,0.0,0.0,0.0,0.0,0.0,20.0,0.3,0.1,0.2,0.1,0.4,0.1,0.1,0.1,0.5,0.0,65535.0,0.25601586938277254,0.0,65535.0,0.19049362935835812,0.0,0.0,0.0,0.0,0.0,0.0,0.0,0.0,0.0,0.0
87804.02,1.0603299531942356,0.0,17421.0,37.0,0.2746499999987363,31.8125,32.8125,36.950000000000045,0.0,0.0,0.0,0.0,0.0,20.0,0.3,0.1,0.2,0.1,0.4,0.1,0.1,0.1,0.5,0.0,65535.0,0.25516136415655755,0.0,65535.0,0.19203479056992448,0.0,0.0,0.0,0.0,0.0,0.0,0.0,0.0,0.0,0.0
87864.11,1.052481585485102,0.0,17421.0,37.0,0.2316499999987285,31.8125,32.8125,37.01000000000005,0.0,0.0,0.0,0.0,0.0,20.0,0.3,0.1,0.2,0.1,0.4,0.1,0.1,0.1,0.5,0.0,65535.0,0.256946669718471,0.0,65535.0,0.19223315785458153,0.0,0.0,0.0,0.0,0.0,0.0,0.0,0.0,0.0,0.0
87924.18,1.0420418695113567,0.0,17421.0,37.0,0.1927499999987312,31.8125,32.8125,36.870000000000005,0.0,0.0,0.0,0.0,0.0,20.0,0.3,0.1,0.2,0.1,0.4,0.1,0.1,0.1,0.5,0.0,65535.0,0.2566262302586404,0.0,65535.0,0.19107347219043258,0.0,0.0,0.0,0.0,0.0,0.0,0.0,0.0,0.0,0.0
87984.25,1.0487031281138315,0.0,17421.0,37.0,0.22834999999872638,31.8125,32.875,36.950000000000045,0.0,0.0,0.0,0.0,0.0,20.0,0.3,0.1,0.2,0.1,0.4,0.1,0.1,0.1,0.5,0.0,65535.0,0.2574349584191653,0.0,65535.0,0.19092088197146562,0.0,0.0,0.0,0.0,0.0,0.0,0.0,0.0,0.0,0.0
88044.31,1.0513204747050735,0.0,17421.0,37.0,0.2784499999987269,31.6875,32.875,36.950000000000045,0.0,0.0,0.0,0.0,0.0,20.0,0.3,0.1,0.2,0.1,0.4,0.1,0.1,0.1,0.5,0.0,65535.0,0.2574807354848554,0.0,65535.0,0.19082932784008544,0.0,0.0,0.0,0.0,0.0,0.0,0.0,0.0,0.0,0.0
88104.39,1.0526999495558054,0.0,17421.0,37.0,0.23904999999873425,31.75,32.875,36.81,0.0,0.0,0.0,0.0,0.0,20.0,0.3,0.1,0.2,0.1,0.4,0.1,0.1,0.1,0.5,0.0,65535.0,0.25554283970397496,0.0,65535.0,0.19345387960631724,0.0,0.0,0.0,0.0,0.0,0.0,0.0,0.0,0.0,0.0
88164.47,1.0537089819318364,0.0,17421.0,37.0,0.17074999999872104,31.75,32.8125,36.93000000000001,0.0,0.0,0.0,0.0,0.0,20.0,0.3,0.1,0.2,0.1,0.4,0.1,0.1,0.1,0.5,0.0,65535.0,0.25732814526588843,0.0,65535.0,0.19085984588387883,0.0,0.0,0.0,0.0,0.0,0.0,0.0,0.0,0.0,0.0
88224.54,1.06359782117773,0.0,17421.0,37.0,0.17364999999873004,31.75,32.8125,36.81,0.0,0.0,0.0,0.0,0.0,20.0,0.3,0.1,0.2,0.1,0.4,0.1,0.1,0.1,0.5,0.0,65535.0,0.2565651941710536,0.0,65535.0,0.19038681620508124,0.0,0.0,0.0,0.0,0.0,0.0,0.0,0.0,0.0,0.0
88284.58,1.069150681652457,0.0,17421.0,37.0,0.2227499999987263,31.8125,32.875,36.950000000000045,0.0,0.0,0.0,0.0,0.0,20.0,0.3,0.1,0.2,0.1,0.4,0.1,0.1,0.1,0.5,0.0,65535.0,0.25841153582055393,0.0,65535.0,0.1924162661173419,0.0,0.0,0.0,0.0,0.0,0.0,0.0,0.0,0.0,0.0
88344.63,1.0563392064216308,0.0,17421.0,37.0,0.2557499999987264,31.75,32.875,36.79000000000002,0.0,0.0,0.0,0.0,0.0,20.0,0.3,0.1,0.2,0.1,0.4,0.1,0.1,0.1,0.5,0.0,65535.0,0.2580300602731365,0.0,65535.0,0.19041733424887464,0.0,0.0,0.0,0.0,0.0,0.0,0.0,0.0,0.0,0.0
88404.66,1.0590675111205583,0.0,17421.0,37.0,0.23664999999872957,31.75,32.875,36.870000000000005,0.0,0.0,0.0,0.0,0.0,20.0,0.3,0.1,0.2,0.1,0.4,0.1,0.1,0.1,0.5,0.0,65535.0,0.25716029602502477,0.0,65535.0,0.1932249942778668,0.0,0.0,0.0,0.0,0.0,0.0,0.0,0.0,0.0,0.0
88464.69,1.0524040239212133,0.0,17421.0,37.0,0.1895499999987272,31.8125,32.8125,36.77000000000004,0.0,0.0,0.0,0.0,0.0,20.0,0.3,0.1,0.2,0.1,0.4,0.1,0.1,0.1,0.5,0.0,65535.0,0.2597085526817731,0.0,65535.0,0.19377431906614787,0.0,0.0,0.0,0.0,0.0,0.0,0.0,0.0,0.0,0.0
88524.73,1.0634436593880234,0.0,17421.0,37.0,0.23724999999872814,31.75,32.875,36.650000000000034,0.0,0.0,0.0,0.0,0.0,20.0,0.3,0.1,0.2,0.1,0.4,0.1,0.1,0.1,0.5,0.0,65535.0,0.25726710917830165,0.0,65535.0,0.19208056763561457,0.0,0.0,0.0,0.0,0.0,0.0,0.0,0.0,0.0,0.0
88584.78,1.053518308116837,0.0,17421.0,37.0,0.25374999999872816,31.75,32.8125,37.01000000000005,0.0,0.0,0.0,0.0,0.0,20.0,0.3,0.1,0.2,0.1,0.4,0.1,0.1,0.1,0.5,0.0,65535.0,0.25731288624399173,0.0,65535.0,0.19070725566491187,0.0,0.0,0.0,0.0,0.0,0.0,0.0,0.0,0.0,0.0
88644.85,1.0571390567099361,0.0,17421.0,37.0,0.2590499999987225,31.75,32.875,36.870000000000005,0.0,0.0,0.0,0.0,0.0,20.0,0.3,0.1,0.2,0.1,0.4,0.1,0.1,0.1,0.5,0.0,65535.0,0.2581826504921035,0.0,65535.0,0.19435416189822233,0.0,0.0,0.0,0.0,0.0,0.0,0.0,0.0,0.0,0.0
88704.91,1.0544557700574533,0.0,17421.0,37.0,0.2505499999987161,31.75,32.8125,36.85000000000002,0.0,0.0,0.0,0.0,0.0,20.0,0.3,0.1,0.2,0.1,0.4,0.1,0.1,0.1,0.5,0.0,65535.0,0.25830472266727705,0.0,65535.0,0.1918974593728542,0.0,0.0,0.0,0.0,0.0,0.0,0.0,0.0,0.0,0.0
88764.98,1.0749026307459548,0.0,17421.0,37.0,0.21374999999871852,31.75,32.875,37.01000000000005,0.0,0.0,0.0,0.0,0.0,20.0,0.3,0.1,0.2,0.1,0.4,0.1,0.1,0.1,0.5,0.0,65535.0,0.2580453192950332,0.0,65535.0,0.1915159838254368,0.0,0.0,0.0,0.0,0.0,0.0,0.0,0.0,0.0,0.0
88825.06,1.0512303034253763,0.0,17421.0,37.0,0.23904999999872392,31.75,32.875,36.870000000000005,0.0,0.0,0.0,0.0,0.0,20.0,0.3,0.1,0.2,0.1,0.4,0.1,0.1,0.1,0.5,0.0,65535.0,0.2584420538643473,0.0,65535.0,0.192813000686656,0.0,0.0,0.0,0.0,0.0,0.0,0.0,0.0,0.0,0.0
88885.13,1.0677759255770856,0.0,17421.0,37.0,0.23964999999872336,31.8125,32.875,36.73000000000002,0.0,0.0,0.0,0.0,0.0,20.0,0.3,0.1,0.2,0.1,0.4,0.1,0.1,0.1,0.5,0.0,65535.0,0.25766384374761575,0.0,65535.0,0.19256885633630885,0.0,0.0,0.0,0.0,0.0,0.0,0.0,0.0,0.0,0.0
88945.18,1.073470436085037,0.0,17421.0,37.0,0.2761499999987194,31.8125,32.875,36.870000000000005,0.0,0.0,0.0,0.0,0.0,20.0,0.3,0.1,0.2,0.1,0.4,0.1,0.1,0.1,0.5,0.0,65535.0,0.2580910963607233,0.0,65535.0,0.1924010070954452,0.0,0.0,0.0,0.0,0.0,0.0,0.0,0.0,0.0,0.0
89005.24,1.0487826929977995,0.0,17421.0,37.0,0.24144999999872255,31.8125,32.875,37.01000000000005,0.0,0.0,0.0,0.0,0.0,20.0,0.3,0.1,0.2,0.1,0.4,0.1,0.1,0.1,0.5,0.0,65535.0,0.25822842755779357,0.0,65535.0,0.19339284351873046,0.0,0.0,0.0,0.0,0.0,0.0,0.0,0.0,0.0,0.0
89065.3,1.0711107518599718,0.0,17421.0,37.0,0.19284999999871985,31.8125,32.8125,37.01000000000005,0.0,0.0,0.0,0.0,0.0,20.0,0.3,0.1,0.2,0.1,0.4,0.1,0.1,0.1,0.5,0.0,65535.0,0.2593728542000458,0.0,65535.0,0.19304188601510644,0.0,0.0,0.0,0.0,0.0,0.0,0.0,0.0,0.0,0.0
89125.34,1.0641372250092334,0.0,17421.0,37.0,0.21724999999871017,31.75,32.875,37.05000000000001,0.0,0.0,0.0,0.0,0.0,20.0,0.3,0.1,0.2,0.1,0.4,0.1,0.1,0.1,0.5,0.0,65535.0,0.2588845654993515,0.0,65535.0,0.19427786678873885,0.0,0.0,0.0,0.0,0.0,0.0,0.0,0.0,0.0,0.0
89185.39,1.0699098870748414,0.0,17421.0,37.0,0.23664999999872008,31.8125,32.8125,37.13000000000005,0.0,0.0,0.0,0.0,0.0,20.0,0.3,0.1,0.2,0.1,0.4,0.1,0.1,0.1,0.5,0.0,65535.0,0.2590218966964218,0.0,65535.0,0.19345387960631724,0.0,0.0,0.0,0.0,0.0,0.0,0.0,0.0,0.0,0.0
89245.43,1.0687263466597883,0.0,17421.0,37.0,0.22754999999871414,31.75,32.8125,37.05000000000001,0.0,0.0,0.0,0.0,0.0,20.0,0.3,0.1,0.2,0.1,0.4,0.1,0.1,0.1,0.5,0.0,65535.0,0.258960860608835,0.0,65535.0,0.19542229343099107,0.0,0.0,0.0,0.0,0.0,0.0,0.0,0.0,0.0,0.0
89305.47,1.0871365332925147,0.0,17421.0,37.0,0.2502499999987094,31.75,32.875,36.97000000000003,0.0,0.0,0.0,0.0,0.0,20.0,0.3,0.1,0.2,0.1,0.4,0.1,0.1,0.1,0.5,0.0,65535.0,0.258609903105211,0.0,65535.0,0.1936064698252842,0.0,0.0,0.0,0.0,0.0,0.0,0.0,0.0,0.0,0.0
89365.55,1.0808662918916447,0.0,17421.0,37.0,0.2493499999987085,31.875,32.9375,37.190000000000055,0.0,0.0,0.0,0.0,0.0,20.0,0.3,0.1,0.2,0.1,0.4,0.1,0.1,0.1,0.5,0.0,65535.0,0.25999847409781035,0.0,65535.0,0.1927672236209659,0.0,0.0,0.0,0.0,0.0,0.0,0.0,0.0,0.0,0.0
89425.62,1.052728045498549,0.0,17421.0,37.0,0.22844999999871157,31.75,32.875,36.97000000000003,0.0,0.0,0.0,0.0,0.0,20.0,0.3,0.1,0.2,0.1,0.4,0.1,0.1,0.1,0.5,0.0,65535.0,0.25758754863813227,0.0,65535.0,0.19418631265735867,0.0,0.0,0.0,0.0,0.0,0.0,0.0,0.0,0.0,0.0
89485.7,1.056929694597137,0.0,17421.0,37.0,0.21104999999870977,31.8125,32.875,36.85000000000002,0.0,0.0,0.0,0.0,0.0,20.0,0.3,0.1,0.2,0.1,0.4,0.1,0.1,0.1,0.5,0.0,65535.0,0.2605630579079881,0.0,65535.0,0.19385061417563135,0.0,0.0,0.0,0.0,0.0,0.0,0.0,0.0,0.0,0.0
89545.77,1.0811280636252296,0.0,17421.0,37.0,0.25874999999871073,31.875,32.875,37.05000000000001,0.0,0.0,0.0,0.0,0.0,20.0,0.3,0.1,0.2,0.1,0.4,0.1,0.1,0.1,0.5,0.0,65535.0,0.26292820630197605,0.0,65535.0,0.19522392614633402,0.0,0.0,0.0,0.0,0.0,0.0,0.0,0.0,0.0,0.0
89605.89,1.0755598208894264,0.0,17421.0,37.0,0.19314999999871268,31.8125,32.875,37.09000000000003,0.0,0.0,0.0,0.0,0.0,20.0,0.3,0.1,0.2,0.1,0.4,0.1,0.1,0.1,0.5,0.0,65535.0,0.2622415503166247,0.0,65535.0,0.19224841687647823,0.0,0.0,0.0,0.0,0.0,0.0,0.0,0.0,0.0,0.0
89665.93,1.0683643303440014,0.0,17421.0,37.0,0.1833499999987014,31.875,32.875,36.89000000000004,0.0,0.0,0.0,0.0,0.0,20.0,0.3,0.1,0.2,0.1,0.4,0.1,0.1,0.1,0.5,0.0,65535.0,0.26080720225833526,0.0,65535.0,0.19479667353322652,0.0,0.0,0.0,0.0,0.0,0.0,0.0,0.0,0.0,0.0
89725.99,1.0828334055257445,0.0,17421.0,37.0,0.22184999999870647,31.8125,32.875,36.81,0.0,0.0,0.0,0.0,0.0,20.0,0.3,0.1,0.2,0.1,0.4,0.1,0.1,0.1,0.5,0.0,65535.0,0.2597390707255665,0.0,65535.0,0.1944151979858091,0.0,0.0,0.0,0.0,0.0,0.0,0.0,0.0,0.0,0.0
89786.08,1.0729527274562245,0.0,17421.0,37.0,0.28664999999870777,31.75,32.9375,36.73000000000002,0.0,0.0,0.0,0.0,0.0,20.0,0.3,0.1,0.2,0.1,0.4,0.1,0.1,0.1,0.5,0.0,65535.0,0.2597848477912566,0.0,65535.0,0.19430838483253224,0.0,0.0,0.0,0.0,0.0,0.0,0.0,0.0,0.0,0.0
89846.16,1.0810844175837206,0.0,17421.0,37.0,0.26574999999871085,31.75,32.875,36.81,0.0,0.0,0.0,0.0,0.0,20.0,0.3,0.1,0.2,0.1,0.4,0.1,0.1,0.1,0.5,0.0,65535.0,0.25995269703212026,0.0,65535.0,0.19468986037994965,0.0,0.0,0.0,0.0,0.0,0.0,0.0,0.0,0.0,0.0
89906.23,1.0764263157276508,0.0,17421.0,37.0,0.25904999999870526,31.75,32.875,36.85000000000002,0.0,0.0,0.0,0.0,0.0,20.0,0.3,0.1,0.2,0.1,0.4,0.1,0.1,0.1,0.5,0.0,65535.0,0.2613870450904097,0.0,65535.0,0.1952849622339208,0.0,0.0,0.0,0.0,0.0,0.0,0.0,0.0,0.0,0.0
89966.29,1.0739177255939494,0.0,17421.0,37.0,0.22934999999870304,31.8125,32.875,36.97000000000003,0.0,0.0,0.0,0.0,0.0,20.0,0.3,0.1,0.2,0.1,0.4,0.1,0.1,0.1,0.5,0.0,65535.0,0.26033417257953767,0.0,65535.0,0.1953612573434043,0.0,0.0,0.0,0.0,0.0,0.0,0.0,0.0,0.0,0.0
90026.36,1.069643045170663,0.0,17421.0,37.0,0.23994999999870759,31.8125,32.875,36.93000000000001,0.0,0.0,0.0,0.0,0.0,20.0,0.3,0.1,0.2,0.1,0.4,0.1,0.1,0.1,0.5,0.0,65535.0,0.260318913557641,0.0,65535.0,0.19626153963530937,0.0,0.0,0.0,0.0,0.0,0.0,0.0,0.0,0.0,0.0
90086.44,1.0802496629506377,0.0,17421.0,37.0,0.17454999999870424,31.75,32.875,37.170000000000016,0.0,0.0,0.0,0.0,0.0,20.0,0.3,0.1,0.2,0.1,0.4,0.1,0.1,0.1,0.5,0.0,65535.0,0.26207370107576106,0.0,65535.0,0.19517814908064393,0.0,0.0,0.0,0.0,0.0,0.0,0.0,0.0,0.0,0.0
90146.51,1.0842426535873493,0.0,17421.0,37.0,0.2454499999986966,31.8125,32.875,36.89000000000004,0.0,0.0,0.0,0.0,0.0,20.0,0.3,0.1,0.2,0.1,0.4,0.1,0.1,0.1,0.5,0.0,65535.0,0.26077668421454187,0.0,65535.0,0.19592584115358205,0.0,0.0,0.0,0.0,0.0,0.0,0.0,0.0,0.0,0.0
90206.59,1.0853319374864159,0.0,17421.0,37.0,0.23604999999870513,31.8125,32.875,36.93000000000001,0.0,0.0,0.0,0.0,0.0,20.0,0.3,0.1,0.2,0.1,0.4,0.1,0.1,0.1,0.5,0.0,65535.0,0.2614633401998932,0.0,65535.0,0.1961242084382391,0.0,0.0,0.0,0.0,0.0,0.0,0.0,0.0,0.0,0.0
90266.66,1.0959403188091605,0.0,17421.0,37.0,0.22814999999869895,31.8125,32.9375,36.97000000000003,0.0,0.0,0.0,0.0,0.0,20.0,0.3,0.1,0.2,0.1,0.4,0.1,0.1,0.1,0.5,0.0,65535.0,0.26253147173266195,0.0,65535.0,0.19552910658426795,0.0,0.0,0.0,0.0,0.0,0.0,0.0,0.0,0.0,0.0
90326.73,1.0822448684352926,0.0,17421.0,37.0,0.22844999999869783,31.75,32.875,36.97000000000003,0.0,0.0,0.0,0.0,0.0,20.0,0.3,0.1,0.2,0.1,0.4,0.1,0.1,0.1,0.5,0.0,65535.0,0.2643472953383688,0.0,65535.0,0.19588006408789196,0.0,0.0,0.0,0.0,0.0,0.0,0.0,0.0,0.0,0.0
90386.8,1.073488057612001,0.0,17421.0,37.0,0.2540499999987029,31.8125,32.875,36.870000000000005,0.0,0.0,0.0,0.0,0.0,20.0,0.3,0.1,0.2,0.1,0.4,0.1,0.1,0.1,0.5,0.0,65535.0,0.26254673075455864,0.0,65535.0,0.19638361181048294,0.0,0.0,0.0,0.0,0.0,0.0,0.0,0.0,0.0,0.0
90446.88,1.1039886320357724,0.0,17421.0,37.0,0.210249999998701,31.8125,32.9375,37.05000000000001,0.0,0.0,0.0,0.0,0.0,20.0,0.3,0.1,0.2,0.1,0.4,0.1,0.1,0.1,0.5,0.0,65535.0,0.26208896009765775,0.0,65535.0,0.19513237201495384,0.0,0.0,0.0,0.0,0.0,0.0,0.0,0.0,0.0,0.0
90506.96,1.0830763075672991,0.0,17421.0,37.0,0.21754999999869096,31.8125,32.875,37.01000000000005,0.0,0.0,0.0,0.0,0.0,20.0,0.3,0.1,0.2,0.1,0.4,0.1,0.1,0.1,0.5,0.0,65535.0,0.26167696650644695,0.0,65535.0,0.19676508735790035,0.0,0.0,0.0,0.0,0.0,0.0,0.0,0.0,0.0,0.0
90567.03,1.0873428495697937,0.0,17421.0,37.0,0.2513499999987011,31.8125,32.9375,36.870000000000005,0.0,0.0,0.0,0.0,0.0,20.0,0.3,0.1,0.2,0.1,0.4,0.1,0.1,0.1,0.5,0.0,65535.0,0.26205844205386436,0.0,65535.0,0.19543755245288777,0.0,0.0,0.0,0.0,0.0,0.0,0.0,0.0,0.0,0.0
90627.11,1.0974944113946952,0.0,17421.0,37.0,0.2590499999986958,31.8125,32.9375,36.85000000000002,0.0,0.0,0.0,0.0,0.0,20.0,0.3,0.1,0.2,0.1,0.4,0.1,0.1,0.1,0.5,0.0,65535.0,0.2638742656595712,0.0,65535.0,0.19548332951857786,0.0,0.0,0.0,0.0,0.0,0.0,0.0,0.0,0.0,0.0
90687.19,1.085780496757306,0.0,17421.0,37.0,0.2119499999986935,31.75,32.875,37.03000000000003,0.0,0.0,0.0,0.0,0.0,20.0,0.3,0.1,0.2,0.1,0.4,0.1,0.1,0.1,0.5,0.0,65535.0,0.26216525520714123,0.0,65535.0,0.19629205767910277,0.0,0.0,0.0,0.0,0.0,0.0,0.0,0.0,0.0,0.0
90747.26,1.0685323866414431,0.0,17421.0,37.0,0.23224999999868837,31.75,32.9375,36.950000000000045,0.0,0.0,0.0,0.0,0.0,20.0,0.3,0.1,0.2,0.1,0.4,0.1,0.1,0.1,0.5,0.0,65535.0,0.2627603570611124,0.0,65535.0,0.19751277943083848,0.0,0.0,0.0,0.0,0.0,0.0,0.0,0.0,0.0,0.0
90807.33,1.0946309691002336,0.0,17421.0,37.0,0.18924999999869563,31.8125,32.9375,37.110000000000014,0.0,0.0,0.0,0.0,0.0,20.0,0.3,0.1,0.2,0.1,0.4,0.1,0.1,0.1,0.5,0.0,65535.0,0.2615091172655833,0.0,65535.0,0.19691767757686732,0.0,0.0,0.0,0.0,0.0,0.0,0.0,0.0,0.0,0.0
90867.4,1.0682164470734017,0.0,17421.0,37.0,0.22954999999868653,31.75,32.875,36.950000000000045,0.0,0.0,0.0,0.0,0.0,20.0,0.3,0.1,0.2,0.1,0.4,0.1,0.1,0.1,0.5,0.0,65535.0,0.26210421911955445,0.0,65535.0,0.19844357976653695,0.0,0.0,0.0,0.0,0.0,0.0,0.0,0.0,0.0,0.0
90927.47,1.0995372068041205,0.0,17421.0,37.0,0.22454999999869021,31.75,32.875,36.97000000000003,0.0,0.0,0.0,0.0,0.0,20.0,0.3,0.1,0.2,0.1,0.4,0.1,0.1,0.1,0.5,0.0,65535.0,0.2631570916304265,0.0,65535.0,0.1965209430075532,0.0,0.0,0.0,0.0,0.0,0.0,0.0,0.0,0.0,0.0
90987.55,1.0842502001295162,0.0,17421.0,37.0,0.3170499999986831,31.8125,32.875,36.63000000000005,0.0,0.0,0.0,0.0,0.0,20.0,0.3,0.1,0.2,0.1,0.4,0.1,0.1,0.1,0.5,0.0,65535.0,0.2628061341268025,0.0,65535.0,0.19687190051117723,0.0,0.0,0.0,0.0,0.0,0.0,0.0,0.0,0.0,0.0
91047.63,1.0945706097392414,0.0,17421.0,37.0,0.1916499999986917,31.8125,32.875,37.110000000000014,0.0,0.0,0.0,0.0,0.0,20.0,0.3,0.1,0.2,0.1,0.4,0.1,0.1,0.1,0.5,0.0,65535.0,0.2645151445792325,0.0,65535.0,0.19713130388342107,0.0,0.0,0.0,0.0,0.0,0.0,0.0,0.0,0.0,0.0
91107.7,1.0917993460606903,0.0,17421.0,37.0,0.2319499999986826,31.8125,32.9375,36.950000000000045,0.0,0.0,0.0,0.0,0.0,20.0,0.3,0.1,0.2,0.1,0.4,0.1,0.1,0.1,0.5,0.0,65535.0,0.26417944609750516,0.0,65535.0,0.19717708094911116,0.0,0.0,0.0,0.0,0.0,0.0,0.0,0.0,0.0,0.0
91167.76,1.0815345089321133,0.0,17421.0,37.0,0.25254999999869227,31.8125,32.9375,36.870000000000005,0.0,0.0,0.0,0.0,0.0,20.0,0.3,0.1,0.2,0.1,0.4,0.1,0.1,0.1,0.5,0.0,65535.0,0.2651865415426871,0.0,65535.0,0.1981994354161898,0.0,0.0,0.0,0.0,0.0,0.0,0.0,0.0,0.0,0.0
91227.84,1.0907065230666846,0.0,17421.0,37.0,0.20394999999868957,31.8125,32.875,37.05000000000001,0.0,0.0,0.0,0.0,0.0,20.0,0.3,0.1,0.2,0.1,0.4,0.1,0.1,0.1,0.5,0.0,65535.0,0.26382848859388114,0.0,65535.0,0.1969939726863508,0.0,0.0,0.0,0.0,0.0,0.0,0.0,0.0,0.0,0.0
91287.92,1.1047732538373491,0.0,17421.0,37.0,0.255749999998686,31.8125,32.875,36.85000000000002,0.0,0.0,0.0,0.0,0.0,20.0,0.3,0.1,0.2,0.1,0.4,0.1,0.1,0.1,0.5,0.0,65535.0,0.26375219348439766,0.0,65535.0,0.19748226138704508,0.0,0.0,0.0,0.0,0.0,0.0,0.0,0.0,0.0,0.0
91347.99,1.1018243033956527,0.0,17421.0,37.0,0.23104999999867912,31.75,32.875,36.950000000000045,0.0,0.0,0.0,0.0,0.0,20.0,0.3,0.1,0.2,0.1,0.4,0.1,0.1,0.1,0.5,0.0,65535.0,0.2648813611047532,0.0,65535.0,0.19836728465705347,0.0,0.0,0.0,0.0,0.0,0.0,0.0,0.0,0.0,0.0
91408.06,1.0953666174540349,0.0,17421.0,37.0,0.21424999999867764,31.75,32.9375,37.01000000000005,0.0,0.0,0.0,0.0,0.0,20.0,0.3,0.1,0.2,0.1,0.4,0.1,0.1,0.1,0.5,0.0,65535.0,0.2656595712214847,0.0,65535.0,0.19955748836499582,0.0,0.0,0.0,0.0,0.0,0.0,0.0,0.0,0.0,0.0
91468.14,1.0986830565391816,0.0,17421.0,37.0,0.2746499999986838,31.75,32.9375,36.79000000000002,0.0,0.0,0.0,0.0,0.0,20.0,0.3,0.1,0.2,0.1,0.4,0.1,0.1,0.1,0.5,0.0,65535.0,0.2628366521705959,0.0,65535.0,0.19769588769359883,0.0,0.0,0.0,0.0,0.0,0.0,0.0,0.0,0.0,0.0
91528.22,1.0922742655060373,0.0,17421.0,37.0,0.26054999999868245,31.8125,32.9375,36.85000000000002,0.0,0.0,0.0,0.0,0.0,20.0,0.3,0.1,0.2,0.1,0.4,0.1,0.1,0.1,0.5,0.0,65535.0,0.2661631189440757,0.0,65535.0,0.19887083237964445,0.0,0.0,0.0,0.0,0.0,0.0,0.0,0.0,0.0,0.0
91588.3,1.1022429898376387,0.0,17421.0,37.0,0.2167499999986796,31.8125,32.875,37.03000000000003,0.0,0.0,0.0,0.0,0.0,20.0,0.3,0.1,0.2,0.1,0.4,0.1,0.1,0.1,0.5,0.0,65535.0,0.26420996414129855,0.0,65535.0,0.19766536964980544,0.0,0.0,0.0,0.0,0.0,0.0,0.0,0.0,0.0,0.0
91648.37,1.0915004461262654,0.0,17421.0,37.0,0.23734999999867423,31.8125,32.9375,36.950000000000045,0.0,0.0,0.0,0.0,0.0,20.0,0.3,0.1,0.2,0.1,0.4,0.1,0.1,0.1,0.5,0.0,65535.0,0.2640115968566415,0.0,65535.0,0.19771114671549553,0.0,0.0,0.0,0.0,0.0,0.0,0.0,0.0,0.0,0.0
91708.45,1.1051244188272227,0.0,17421.0,37.0,0.21784999999867266,31.875,32.875,37.01000000000005,0.0,0.0,0.0,0.0,0.0,20.0,0.3,0.1,0.2,0.1,0.4,0.1,0.1,0.1,0.5,0.0,65535.0,0.26541542687113756,0.0,65535.0,0.19839780270084686,0.0,0.0,0.0,0.0,0.0,0.0,0.0,0.0,0.0,0.0
91768.54,1.1202718276974752,0.0,17421.0,37.0,0.23724999999868257,31.8125,32.875,36.93000000000001,0.0,0.0,0.0,0.0,0.0,20.0,0.3,0.1,0.2,0.1,0.4,0.1,0.1,0.1,0.5,0.0,65535.0,0.2640726329442283,0.0,65535.0,0.19768062867170214,0.0,0.0,0.0,0.0,0.0,0.0,0.0,0.0,0.0,0.0
91828.61,1.09311715526233,0.0,17421.0,37.0,0.22694999999867688,31.8125,32.875,36.97000000000003,0.0,0.0,0.0,0.0,0.0,20.0,0.3,0.1,0.2,0.1,0.4,0.1,0.1,0.1,0.5,0.0,65535.0,0.26536964980544747,0.0,65535.0,0.1986724650949874,0.0,0.0,0.0,0.0,0.0,0.0,0.0,0.0,0.0,0.0
91888.7,1.0995181296638894,0.0,17421.0,37.0,0.23104999999867143,31.6875,32.9375,36.950000000000045,0.0,0.0,0.0,0.0,0.0,20.0,0.3,0.1,0.2,0.1,0.4,0.1,0.1,0.1,0.5,0.0,65535.0,0.2645151445792325,0.0,65535.0,0.20028992141603724,0.0,0.0,0.0,0.0,0.0,0.0,0.0,0.0,0.0,0.0
91948.78,1.1076971857747062,0.0,17421.0,37.0,0.25014999999868076,31.75,32.9375,36.870000000000005,0.0,0.0,0.0,0.0,0.0,20.0,0.3,0.1,0.2,0.1,0.4,0.1,0.1,0.1,0.5,0.0,65535.0,0.26471351186388953,0.0,65535.0,0.19946593423361564,0.0,0.0,0.0,0.0,0.0,0.0,0.0,0.0,0.0,0.0
92008.84,1.1157334585815954,0.0,17421.0,37.0,0.2030499999986784,31.8125,32.9375,37.05000000000001,0.0,0.0,0.0,0.0,0.0,20.0,0.3,0.1,0.2,0.1,0.4,0.1,0.1,0.1,0.5,0.0,65535.0,0.26723125047684443,0.0,65535.0,0.19835202563515678,0.0,0.0,0.0,0.0,0.0,0.0,0.0,0.0,0.0,0.0
92068.88,1.108426344051129,0.0,17421.0,37.0,0.23484999999867873,31.75,32.9375,36.93000000000001,0.0,0.0,0.0,0.0,0.0,20.0,0.3,0.1,0.2,0.1,0.4,0.1,0.1,0.1,0.5,0.0,65535.0,0.2659800106813153,0.0,65535.0,0.19792477302204928,0.0,0.0,0.0,0.0,0.0,0.0,0.0,0.0,0.0,0.0
92128.96,1.0943957316969608,0.0,17421.0,37.0,0.25104999999867905,31.75,32.9375,36.870000000000005,0.0,0.0,0.0,0.0,0.0,20.0,0.3,0.1,0.2,0.1,0.4,0.1,0.1,0.1,0.5,0.0,65535.0,0.26509498741130694,0.0,65535.0,0.2000915541313802,0.0,0.0,0.0,0.0,0.0,0.0,0.0,0.0,0.0,0.0
92189.0,1.0997096286280676,0.0,17421.0,37.0,0.2340499999986678,31.8125,32.875,36.950000000000045,0.0,0.0,0.0,0.0,0.0,20.0,0.3,0.1,0.2,0.1,0.4,0.1,0.1,0.1,0.5,0.0,65535.0,0.2661783779659724,0.0,65535.0,0.1982452124818799,0.0,0.0,0.0,0.0,0.0,0.0,0.0,0.0,0.0,0.0
92249.05,1.1258988871927313,0.0,17421.0,37.0,0.1854499999986651,31.75,32.875,37.13000000000005,0.0,0.0,0.0,0.0,0.0,20.0,0.3,0.1,0.2,0.1,0.4,0.1,0.1,0.1,0.5,0.0,65535.0,0.2665293354695964,0.0,65535.0,0.20100709544518197,0.0,0.0,0.0,0.0,0.0,0.0,0.0,0.0,0.0,0.0
92309.12,1.113610302104537,0.0,17421.0,37.0,0.26664999999867733,31.8125,32.8125,36.81,0.0,0.0,0.0,0.0,0.0,20.0,0.3,0.1,0.2,0.1,0.4,0.1,0.1,0.1,0.5,0.0,65535.0,0.26665140764476997,0.0,65535.0,0.19989318684672314,0.0,0.0,0.0,0.0,0.0,0.0,0.0,0.0,0.0,0.0
92369.19,1.1056067630858917,0.0,17421.0,37.0,0.21634999999866458,31.8125,32.875,37.01000000000005,0.0,0.0,0.0,0.0,0.0,20.0,0.3,0.1,0.2,0.1,0.4,0.1,0.1,0.1,0.5,0.0,65535.0,0.2664835584039063,0.0,65535.0,0.19861142900740061,0.0,0.0,0.0,0.0,0.0,0.0,0.0,0.0,0.0,0.0
92429.27,1.1196510184850785,0.0,17421.0,37.0,0.22514999999866908,31.8125,32.875,36.97000000000003,0.0,0.0,0.0,0.0,0.0,20.0,0.3,0.1,0.2,0.1,0.4,0.1,0.1,0.1,0.5,0.0,65535.0,0.266849774929427,0.0,65535.0,0.2012512397955291,0.0,0.0,0.0,0.0,0.0,0.0,0.0,0.0,0.0,0.0
92489.3,1.1031431579351447,0.0,17421.0,37.0,0.23134999999866343,31.75,32.875,36.950000000000045,0.0,0.0,0.0,0.0,0.0,20.0,0.3,0.1,0.2,0.1,0.4,0.1,0.1,0.1,0.5,0.0,65535.0,0.267353322652018,0.0,65535.0,0.19851987487602044,0.0,0.0,0.0,0.0,0.0,0.0,0.0,0.0,0.0,0.0
92549.35,1.1087317077110992,0.0,17421.0,37.0,0.23724999999867227,31.6875,32.875,36.93000000000001,0.0,0.0,0.0,0.0,0.0,20.0,0.3,0.1,0.2,0.1,0.4,0.1,0.1,0.1,0.5,0.0,65535.0,0.26680399786373693,0.0,65535.0,0.19794003204394597,0.0,0.0,0.0,0.0,0.0,0.0,0.0,0.0,0.0,0.0
92609.42,1.1025779153753898,0.0,17421.0,37.0,0.24724999999866232,31.8125,32.9375,36.89000000000004,0.0,0.0,0.0,0.0,0.0,20.0,0.3,0.1,0.2,0.1,0.4,0.1,0.1,0.1,0.5,0.0,65535.0,0.26671244373235675,0.0,65535.0,0.20065613794155795,0.0,0.0,0.0,0.0,0.0,0.0,0.0,0.0,0.0,0.0
92669.49,1.1036157138346172,0.0,17421.0,37.0,0.2758499999986673,31.75,32.875,36.79000000000002,0.0,0.0,0.0,0.0,0.0,20.0,0.3,0.1,0.2,0.1,0.4,0.1,0.1,0.1,0.5,0.0,65535.0,0.26671244373235675,0.0,65535.0,0.19954222934309912,0.0,0.0,0.0,0.0,0.0,0.0,0.0,0.0,0.0,0.0
92729.56,1.1222927933070623,0.0,17421.0,37.0,0.2605499999986661,31.75,32.875,36.85000000000002,0.0,0.0,0.0,0.0,0.0,20.0,0.3,0.1,0.2,0.1,0.4,0.1,0.1,0.1,0.5,0.0,65535.0,0.26634622720683604,0.0,65535.0,0.2021820401312276,0.0,0.0,0.0,0.0,0.0,0.0,0.0,0.0,0.0,0.0
92789.64,1.1149691251215232,0.0,17421.0,37.0,0.20724999999866855,31.8125,32.875,37.05000000000001,0.0,0.0,0.0,0.0,0.0,20.0,0.3,0.1,0.2,0.1,0.4,0.1,0.1,0.1,0.5,0.0,65535.0,0.2682536049439231,0.0,65535.0,0.2012512397955291,0.0,0.0,0.0,0.0,0.0,0.0,0.0,0.0,0.0,0.0
92849.7,1.1130320657979071,0.0,17421.0,37.0,0.21164999999866285,31.8125,32.875,37.03000000000003,0.0,0.0,0.0,0.0,0.0,20.0,0.3,0.1,0.2,0.1,0.4,0.1,0.1,0.1,0.5,0.0,65535.0,0.2685130083161669,0.0,65535.0,0.20244144350347143,0.0,0.0,0.0,0.0,0.0,0.0,0.0,0.0,0.0,0.0
92909.78,1.1182345848853283,0.0,17421.0,37.0,0.21604999999865715,31.8125,32.875,37.01000000000005,0.0,0.0,0.0,0.0,0.0,20.0,0.3,0.1,0.2,0.1,0.4,0.1,0.1,0.1,0.5,0.0,65535.0,0.2659800106813153,0.0,65535.0,0.20039673456931412,0.0,0.0,0.0,0.0,0.0,0.0,0.0,0.0,0.0,0.0
92969.85,1.1102025148074266,0.0,17421.0,37.0,0.25014999999866705,31.8125,32.875,36.870000000000005,0.0,0.0,0.0,0.0,0.0,20.0,0.3,0.1,0.2,0.1,0.4,0.1,0.1,0.1,0.5,0.0,65535.0,0.2672617685206378,0.0,65535.0,0.20230411230640116,0.0,0.0,0.0,0.0,0.0,0.0,0.0,0.0,0.0,0.0
93029.92,1.1170353670154851,0.0,17421.0,37.0,0.2749499999986621,31.75,32.875,36.79000000000002,0.0,0.0,0.0,0.0,0.0,20.0,0.3,0.1,0.2,0.1,0.4,0.1,0.1,0.1,0.5,0.0,65535.0,0.26678873884184023,0.0,65535.0,0.2009308003356985,0.0,0.0,0.0,0.0,0.0,0.0,0.0,0.0,0.0,0.0
93090.0,1.122220053931287,0.0,17421.0,37.0,0.2508499999986556,31.75,32.875,36.89000000000004,0.0,0.0,0.0,0.0,0.0,20.0,0.3,0.1,0.2,0.1,0.4,0.1,0.1,0.1,0.5,0.0,65535.0,0.2668192568856336,0.0,65535.0,0.20013733119707028,0.0,0.0,0.0,0.0,0.0,0.0,0.0,0.0,0.0,0.0
93150.07,1.1152136661726408,0.0,17421.0,37.0,0.26964999999866524,31.8125,32.875,36.81,0.0,0.0,0.0,0.0,0.0,20.0,0.3,0.1,0.2,0.1,0.4,0.1,0.1,0.1,0.5,0.0,65535.0,0.26878767071030746,0.0,65535.0,0.20094605935759519,0.0,0.0,0.0,0.0,0.0,0.0,0.0,0.0,0.0,0.0
93210.15,1.1126411606633029,0.0,17421.0,37.0,0.23084999999865785,31.8125,32.875,36.97000000000003,0.0,0.0,0.0,0.0,0.0,20.0,0.3,0.1,0.2,0.1,0.4,0.1,0.1,0.1,0.5,0.0,65535.0,0.26848249027237353,0.0,65535.0,0.20416571297779812,0.0,0.0,0.0,0.0,0.0,0.0,0.0,0.0,0.0,0.0
93270.22,1.1249732943026551,0.0,17421.0,37.0,0.21664999999865145,31.8125,32.875,37.01000000000005,0.0,0.0,0.0,0.0,0.0,20.0,0.3,0.1,0.2,0.1,0.4,0.1,0.1,0.1,0.5,0.0,65535.0,0.2686350804913405,0.0,65535.0,0.20103761348897536,0.0,0.0,0.0,0.0,0.0,0.0,0.0,0.0,0.0,0.0
93330.36,1.1039218349696451,0.0,17421.0,37.0,0.252849999998662,31.8125,32.9375,36.870000000000005,0.0,0.0,0.0,0.0,0.0,20.0,0.3,0.1,0.2,0.1,0.4,0.1,0.1,0.1,0.5,0.0,65535.0,0.2677958342870222,0.0,65535.0,0.20180056458381018,0.0,0.0,0.0,0.0,0.0,0.0,0.0,0.0,0.0,0.0
93390.45,1.1216011937485617,0.0,17421.0,37.0,0.23724999999866112,31.8125,32.9375,36.93000000000001,0.0,0.0,0.0,0.0,0.0,20.0,0.3,0.1,0.2,0.1,0.4,0.1,0.1,0.1,0.5,0.0,65535.0,0.2674448767833982,0.0,65535.0,0.20106813153276876,0.0,0.0,0.0,0.0,0.0,0.0,0.0,0.0,0.0,0.0
93450.51,1.1299142791656616,0.0,17421.0,37.0,0.22814999999865518,31.75,32.9375,36.97000000000003,0.0,0.0,0.0,0.0,0.0,20.0,0.3,0.1,0.2,0.1,0.4,0.1,0.1,0.1,0.5,0.0,65535.0,0.2694743266956588,0.0,65535.0,0.2021057450217441,0.0,0.0,0.0,0.0,0.0,0.0,0.0,0.0,0.0,0.0
93510.58,1.1249325347740728,0.0,17421.0,37.0,0.22814999999865432,31.6875,32.875,36.97000000000003,0.0,0.0,0.0,0.0,0.0,20.0,0.3,0.1,0.2,0.1,0.4,0.1,0.1,0.1,0.5,0.0,65535.0,0.26970321202410924,0.0,65535.0,0.20563057907988097,0.0,0.0,0.0,0.0,0.0,0.0,0.0,0.0,0.0,0.0
93570.66,1.1282294786543805,0.0,17421.0,37.0,0.2325499999986486,31.75,32.875,36.950000000000045,0.0,0.0,0.0,0.0,0.0,20.0,0.3,0.1,0.2,0.1,0.4,0.1,0.1,0.1,0.5,0.0,65535.0,0.26916914625772487,0.0,65535.0,0.2021667811093309,0.0,0.0,0.0,0.0,0.0,0.0,0.0,0.0,0.0,0.0
93630.74,1.1468617082794117,0.0,17421.0,37.0,0.23694999999865793,31.75,32.875,36.93000000000001,0.0,0.0,0.0,0.0,0.0,20.0,0.3,0.1,0.2,0.1,0.4,0.1,0.1,0.1,0.5,0.0,65535.0,0.2694895857175555,0.0,65535.0,0.20271610589761196,0.0,0.0,0.0,0.0,0.0,0.0,0.0,0.0,0.0,0.0
93690.81,1.115922440396872,0.0,17421.0,37.0,0.1963499999986505,31.8125,32.875,37.09000000000003,0.0,0.0,0.0,0.0,0.0,20.0,0.3,0.1,0.2,0.1,0.4,0.1,0.1,0.1,0.5,0.0,65535.0,0.26886396581979094,0.0,65535.0,0.2030365453574426,0.0,0.0,0.0,0.0,0.0,0.0,0.0,0.0,0.0,0.0
93750.84,1.12663568268952,0.0,17421.0,37.0,0.23164999999864594,31.75,32.875,36.950000000000045,0.0,0.0045,0.25,0.0,0.0,20.0,0.3,0.1,0.2,0.1,0.4,0.1,0.1,0.1,0.5,0.0,65535.0,0.27048142214084075,0.0,65535.0,0.20186160067139697,0.0,0.0,0.0,0.0,0.0,0.0,0.0,0.0,0.0,0.0
93810.91,1.1031402509164496,0.0,17421.0,37.0,0.3065499999986423,31.6875,32.875,36.690000000000055,0.0,0.0,0.0,0.0,0.0,20.0,0.3,0.1,0.2,0.1,0.4,0.1,0.1,0.1,0.5,0.0,65535.0,0.2648508430609598,0.0,65535.0,0.199145494773785,0.0,0.0,0.0,0.0,0.0,0.0,0.0,0.0,0.0,0.0
93870.95,1.1052234615932859,0.0,17421.0,37.0,0.3066499999986456,31.75,32.9375,36.710000000000036,0.0,0.0,0.0,0.0,0.0,20.0,0.3,0.1,0.2,0.1,0.4,0.1,0.1,0.1,0.5,0.0,65535.0,0.26427100022888533,0.0,65535.0,0.19836728465705347,0.0,0.0,0.0,0.0,0.0,0.0,0.0,0.0,0.0,0.0
93931.02,1.0960189094591963,0.0,17421.0,37.0,0.26784999999865333,31.75,32.9375,36.870000000000005,0.0,0.0,0.0,0.0,0.0,20.0,0.3,0.1,0.2,0.1,0.4,0.1,0.1,0.1,0.5,0.0,65535.0,0.26372167544060426,0.0,65535.0,0.20096131837949188,0.0,0.0,0.0,0.0,0.0,0.0,0.0,0.0,0.0,0.0
93991.11,1.1186523872072458,0.0,17421.0,37.0,0.18744999999864945,31.8125,32.875,37.170000000000016,0.0,0.0,0.0,0.0,0.0,20.0,0.3,0.1,0.2,0.1,0.4,0.1,0.1,0.1,0.5,0.0,65535.0,0.2653543907835508,0.0,65535.0,0.19838254367895017,0.0,0.0,0.0,0.0,0.0,0.0,0.0,0.0,0.0,0.0
94051.2,1.0944338571324022,0.0,17421.0,37.0,0.20444999999864477,31.875,32.9375,37.09000000000003,0.0,0.0,0.0,0.0,0.0,20.0,0.3,0.1,0.2,0.1,0.4,0.1,0.1,0.1,0.5,0.0,65535.0,0.26553749904631113,0.0,65535.0,0.19935912108033876,0.0,0.0,0.0,0.0,0.0,0.0,0.0,0.0,0.0,0.0
94111.26,1.1020149701737514,0.0,17421.0,37.0,0.2629499999986459,31.8125,32.9375,36.85000000000002,0.0,0.0,0.0,0.0,0.0,20.0,0.3,0.1,0.2,0.1,0.4,0.1,0.1,0.1,0.5,0.0,65535.0,0.2657511253528649,0.0,65535.0,0.19929808499275198,0.0,0.0,0.0,0.0,0.0,0.0,0.0,0.0,0.0,0.0
94171.34,1.121080938404153,0.0,17421.0,37.0,0.2161499999986432,31.8125,32.9375,37.03000000000003,0.0,0.0,0.0,0.0,0.0,20.0,0.3,0.1,0.2,0.1,0.4,0.1,0.1,0.1,0.5,0.0,65535.0,0.26509498741130694,0.0,65535.0,0.19833676661326008,0.0,0.0,0.0,0.0,0.0,0.0,0.0,0.0,0.0,0.0
94231.43,1.1021470322546678,0.0,17421.0,37.0,0.23204999999864295,31.8125,32.875,36.97000000000003,0.0,0.0,0.0,0.0,0.0,20.0,0.3,0.1,0.2,0.1,0.4,0.1,0.1,0.1,0.5,0.0,65535.0,0.26298924238956284,0.0,65535.0,0.19876401922636758,0.0,0.0,0.0,0.0,0.0,0.0,0.0,0.0,0.0,0.0
94291.52,1.1125899322223127,0.0,17421.0,37.0,0.24144999999864775,31.8125,32.9375,36.93000000000001,0.0,0.0,0.0,0.0,0.0,20.0,0.3,0.1,0.2,0.1,0.4,0.1,0.1,0.1,0.5,0.0,65535.0,0.26459143968871596,0.0,65535.0,0.19807736324101624,0.0,0.0,0.0,0.0,0.0,0.0,0.0,0.0,0.0,0.0
94351.61,1.1223613786391635,0.0,17421.0,37.0,0.25794999999864776,31.8125,32.875,36.870000000000005,0.0,0.0,0.0,0.0,0.0,20.0,0.3,0.1,0.2,0.1,0.4,0.1,0.1,0.1,0.5,0.0,65535.0,0.26462195773250935,0.0,65535.0,0.20016784924086367,0.0,0.0,0.0,0.0,0.0,0.0,0.0,0.0,0.0,0.0
94411.69,1.1161395782357237,0.0,17421.0,37.0,0.21464999999864026,31.8125,32.875,37.03000000000003,0.0,0.0,0.0,0.0,0.0,20.0,0.3,0.1,0.2,0.1,0.4,0.1,0.1,0.1,0.5,0.0,65535.0,0.26369115739681087,0.0,65535.0,0.1986877241168841,0.0,0.0,0.0,0.0,0.0,0.0,0.0,0.0,0.0,0.0
94471.76,1.1019984352590386,0.0,17421.0,37.0,0.22934999999864025,31.8125,32.875,36.97000000000003,0.0,0.0,0.0,0.0,0.0,20.0,0.3,0.1,0.2,0.1,0.4,0.1,0.1,0.1,0.5,0.0,65535.0,0.2661936369878691,0.0,65535.0,0.19981689173723965,0.0,0.0,0.0,0.0,0.0,0.0,0.0,0.0,0.0,0.0
94531.85,1.1292957083865949,0.0,17421.0,37.0,0.1878499999986328,31.8125,32.8125,37.13000000000005,0.0,0.0,0.0,0.0,0.0,20.0,0.3,0.1,0.2,0.1,0.4,0.1,0.1,0.1,0.5,0.0,65535.0,0.26594949263752193,0.0,65535.0,0.19902342259861142,0.0,0.0,0.0,0.0,0.0,0.0,0.0,0.0,0.0,0.0
94591.93,1.121161519486689,0.0,17421.0,37.0,0.1748499999986412,31.8125,32.875,37.170000000000016,0.0,0.0,0.0,0.0,0.0,20.0,0.3,0.1,0.2,0.1,0.4,0.1,0.1,0.1,0.5,0.0,65535.0,0.26471351186388953,0.0,65535.0,0.19792477302204928,0.0,0.0,0.0,0.0,0.0,0.0,0.0,0.0,0.0,0.0
94652.0,1.109609355487367,0.0,17421.0,37.0,0.18244999999863087,31.75,32.875,37.13000000000005,0.0,0.0,0.0,0.0,0.0,20.0,0.3,0.1,0.2,0.1,0.4,0.1,0.1,0.1,0.5,0.0,65535.0,0.2652018005645838,0.0,65535.0,0.19992370489051653,0.0,0.0,0.0,0.0,0.0,0.0,0.0,0.0,0.0,0.0
94712.05,1.1053223526149143,0.0,17421.0,37.0,0.22864999999863148,31.8125,32.875,36.950000000000045,0.0,0.0,0.0,0.0,0.0,20.0,0.3,0.1,0.2,0.1,0.4,0.1,0.1,0.1,0.5,0.0,65535.0,0.26459143968871596,0.0,65535.0,0.19940489814602885,0.0,0.0,0.0,0.0,0.0,0.0,0.0,0.0,0.0,0.0
94772.11,1.1287698234691188,0.0,17421.0,37.0,0.24924999999864114,31.75,32.875,36.870000000000005,0.0,0.0,0.0,0.0,0.0,20.0,0.3,0.1,0.2,0.1,0.4,0.1,0.1,0.1,0.5,0.0,65535.0,0.2647592889295796,0.0,65535.0,0.20067139696345465,0.0,0.0,0.0,0.0,0.0,0.0,0.0,0.0,0.0,0.0
94832.17,1.1237696823285308,0.0,17421.0,37.0,0.25724999999863557,31.6875,32.875,36.85000000000002,0.0,0.0,0.0,0.0,0.0,20.0,0.3,0.1,0.2,0.1,0.4,0.1,0.1,0.1,0.5,0.0,65535.0,0.2665140764476997,0.0,65535.0,0.20019836728465706,0.0,0.0,0.0,0.0,0.0,0.0,0.0,0.0,0.0,0.0
94892.24,1.1191184713403435,0.0,17421.0,37.0,0.21344999999863276,31.75,32.875,37.03000000000003,0.0,0.0,0.0,0.0,0.0,20.0,0.3,0.1,0.2,0.1,0.4,0.1,0.1,0.1,0.5,0.0,65535.0,0.26752117189288166,0.0,65535.0,0.20039673456931412,0.0,0.0,0.0,0.0,0.0,0.0,0.0,0.0,0.0,0.0
94952.3,1.121340894775528,0.0,17421.0,37.0,0.23054999999863227,31.8125,32.875,36.79000000000002,0.0,0.0,0.0,0.0,0.0,20.0,0.3,0.1,0.2,0.1,0.4,0.1,0.1,0.1,0.5,0.0,65535.0,0.2647592889295796,0.0,65535.0,0.2000762951094835,0.0,0.0,0.0,0.0,0.0,0.0,0.0,0.0,0.0,0.0
95012.38,1.1154556694319262,0.0,17421.0,37.0,0.17799999999863486,31.75,32.875,36.85000000000002,0.0,0.0,0.0,0.0,0.0,20.0,0.3,0.1,0.2,0.1,0.4,0.1,0.1,0.1,0.5,0.0,65535.0,0.26411841000991837,0.0,65535.0,0.19850461585412374,0.0,0.0,0.0,0.0,0.0,0.0,0.0,0.0,0.0,0.0
95072.45,1.109465933181911,0.0,17421.0,37.0,0.22529999999863107,31.75,32.875,36.93000000000001,0.0,0.0,0.0,0.0,0.0,20.0,0.3,0.1,0.2,0.1,0.4,0.1,0.1,0.1,0.5,0.0,65535.0,0.26631570916304265,0.0,65535.0,0.20242618448157473,0.0,0.0,0.0,0.0,0.0,0.0,0.0,0.0,0.0,0.0
95132.52,1.123932643333741,0.0,17421.0,37.0,0.2249999999986305,31.6875,32.875,36.89000000000004,0.0,0.0,0.0,0.0,0.0,20.0,0.3,0.1,0.2,0.1,0.4,0.1,0.1,0.1,0.5,0.0,65535.0,0.2685130083161669,0.0,65535.0,0.20151064316777295,0.0,0.0,0.0,0.0,0.0,0.0,0.0,0.0,0.0,0.0
95192.6,1.1324675801546134,0.0,17421.0,37.0,0.20909999999862902,31.75,32.875,37.01000000000005,0.0,0.0,0.0,0.0,0.0,20.0,0.3,0.1,0.2,0.1,0.4,0.1,0.1,0.1,0.5,0.0,65535.0,0.26668192568856336,0.0,65535.0,0.20064087891966126,0.0,0.0,0.0,0.0,0.0,0.0,0.0,0.0,0.0,0.0
95252.67,1.119625134251533,0.0,17421.0,37.0,0.203799999998633,31.75,32.875,36.73000000000002,0.0,0.0,0.0,0.0,0.0,20.0,0.3,0.1,0.2,0.1,0.4,0.1,0.1,0.1,0.5,0.0,65535.0,0.2669413290608072,0.0,65535.0,0.200854505226215,0.0,0.0,0.0,0.0,0.0,0.0,0.0,0.0,0.0,0.0
95312.74,1.12775428550712,0.0,17421.0,37.0,0.2673999999986345,31.75,32.875,36.89000000000004,0.0,0.0,0.0,0.0,0.0,20.0,0.3,0.1,0.2,0.1,0.4,0.1,0.1,0.1,0.5,0.0,65535.0,0.2689707789730678,0.0,65535.0,0.2021667811093309,0.0,0.0,0.0,0.0,0.0,0.0,0.0,0.0,0.0,0.0
95372.81,1.1073873061202306,0.0,17421.0,37.0,0.21239999999862685,31.6875,32.875,37.01000000000005,0.0,0.0,0.0,0.0,0.0,20.0,0.3,0.1,0.2,0.1,0.4,0.1,0.1,0.1,0.5,0.0,65535.0,0.2681162737468528,0.0,65535.0,0.20160219729915313,0.0,0.0,0.0,0.0,0.0,0.0,0.0,0.0,0.0,0.0
95432.88,1.1134645170112756,0.0,17421.0,37.0,0.2547999999986326,31.75,32.875,36.79000000000002,0.0,0.0,0.0,0.0,0.0,20.0,0.3,0.1,0.2,0.1,0.4,0.1,0.1,0.1,0.5,0.0,65535.0,0.2664835584039063,0.0,65535.0,0.19989318684672314,0.0,0.0,0.0,0.0,0.0,0.0,0.0,0.0,0.0,0.0
95492.95,1.1254303249909772,0.0,17421.0,37.0,0.23299999999862145,31.75,32.9375,37.09000000000003,0.0,0.0,0.0,0.0,0.0,20.0,0.3,0.1,0.2,0.1,0.4,0.1,0.1,0.1,0.5,0.0,65535.0,0.2672617685206378,0.0,65535.0,0.19845883878843365,0.0,0.0,0.0,0.0,0.0,0.0,0.0,0.0,0.0,0.0
95553.02,1.1060450349178768,0.0,17421.0,37.0,0.1752999999986279,31.75,32.875,36.97000000000003,0.0,0.0,0.0,0.0,0.0,20.0,0.3,0.1,0.2,0.1,0.4,0.1,0.1,0.1,0.5,0.0,65535.0,0.26720073243305104,0.0,65535.0,0.20148012512397956,0.0,0.0,0.0,0.0,0.0,0.0,0.0,0.0,0.0,0.0
95613.1,1.1197613664011956,0.0,17421.0,37.0,0.23029999999861964,31.6875,32.875,36.93000000000001,0.0,0.0,0.0,0.0,0.0,20.0,0.3,0.1,0.2,0.1,0.4,0.1,0.1,0.1,0.5,0.0,65535.0,0.2669871061264973,0.0,65535.0,0.2017700465400168,0.0,0.0,0.0,0.0,0.0,0.0,0.0,0.0,0.0,0.0
95673.13,1.1477322968941326,0.0,17421.0,37.0,0.23349999999862836,31.6875,32.8125,36.79000000000002,0.0,0.0,0.0,0.0,0.0,20.0,0.3,0.1,0.2,0.1,0.4,0.1,0.1,0.1,0.5,0.0,65535.0,0.2695201037613489,0.0,65535.0,0.20271610589761196,0.0,0.0,0.0,0.0,0.0,0.0,0.0,0.0,0.0,0.0
95733.18,1.1151765517023993,0.0,17421.0,37.0,0.21079999999861718,31.75,32.8125,36.870000000000005,0.0,0.0,0.0,0.0,0.0,20.0,0.3,0.1,0.2,0.1,0.4,0.1,0.1,0.1,0.5,0.0,65535.0,0.26579690241855497,0.0,65535.0,0.20155642023346304,0.0,0.0,0.0,0.0,0.0,0.0,0.0,0.0,0.0,0.0
95793.21,1.1422077509607997,0.0,17421.0,37.0,0.22999999999861648,31.625,32.875,36.89000000000004,0.0,0.0,0.0,0.0,0.0,20.0,0.3,0.1,0.2,0.1,0.4,0.1,0.1,0.1,0.5,0.0,65535.0,0.2699320973525597,0.0,65535.0,0.20141908903639277,0.0,0.0,0.0,0.0,0.0,0.0,0.0,0.0,0.0,0.0
95853.27,1.134125839463274,0.0,17421.0,37.0,0.20349999999862467,31.75,32.875,36.89000000000004,0.0,0.0,0.0,0.0,0.0,20.0,0.3,0.1,0.2,0.1,0.4,0.1,0.1,0.1,0.5,0.0,65535.0,0.2678263523308156,0.0,65535.0,0.2016784924086366,0.0,0.0,0.0,0.0,0.0,0.0,0.0,0.0,0.0,0.0
95913.34,1.134778496000216,0.0,17421.0,37.0,0.22999999999861476,31.6875,32.875,36.77000000000004,0.0,0.0,0.0,0.0,0.0,20.0,0.3,0.1,0.2,0.1,0.4,0.1,0.1,0.1,0.5,0.0,65535.0,0.26805523765926603,0.0,65535.0,0.20064087891966126,0.0,0.0,0.0,0.0,0.0,0.0,0.0,0.0,0.0,0.0
95973.39,1.1235082444344335,0.0,17421.0,37.0,0.21709999999861315,31.6875,32.875,36.93000000000001,0.0,0.0,0.0,0.0,0.0,20.0,0.3,0.1,0.2,0.1,0.4,0.1,0.1,0.1,0.5,0.0,65535.0,0.2672465094987411,0.0,65535.0,0.20181582360570688,0.0,0.0,0.0,0.0,0.0,0.0,0.0,0.0,0.0,0.0
96033.44,1.1222413194465561,0.0,17421.0,37.0,0.24829999999861319,31.6875,32.875,36.950000000000045,0.0,0.0,0.0,0.0,0.0,20.0,0.3,0.1,0.2,0.1,0.4,0.1,0.1,0.1,0.5,0.0,65535.0,0.26755168993667505,0.0,65535.0,0.20117494468604563,0.0,0.0,0.0,0.0,0.0,0.0,0.0,0.0,0.0,0.0
96093.51,1.1296383789364903,0.0,17421.0,37.0,0.24039999999862205,31.75,32.8125,36.85000000000002,0.0,0.0,0.0,0.0,0.0,20.0,0.3,0.1,0.2,0.1,0.4,0.1,0.1,0.1,0.5,0.0,65535.0,0.26797894254978255,0.0,65535.0,0.20201419089036393,0.0,0.0,0.0,0.0,0.0,0.0,0.0,0.0,0.0,0.0
96153.57,1.1408698158878763,0.0,17421.0,37.0,0.21009999999862033,31.75,32.875,36.81,0.0,0.0,0.0,0.0,0.0,20.0,0.3,0.1,0.2,0.1,0.4,0.1,0.1,0.1,0.5,0.0,65535.0,0.2686350804913405,0.0,65535.0,0.20155642023346304,0.0,0.0,0.0,0.0,0.0,0.0,0.0,0.0,0.0,0.0
96213.62,1.1341962201770446,0.0,17421.0,37.0,0.25689999999862123,31.75,32.8125,37.09000000000003,0.0,0.0,0.0,0.0,0.0,20.0,0.3,0.1,0.2,0.1,0.4,0.1,0.1,0.1,0.5,0.0,65535.0,0.2666056305790799,0.0,65535.0,0.19929808499275198,0.0,0.0,0.0,0.0,0.0,0.0,0.0,0.0,0.0,0.0
96273.7,1.1336746947940561,0.0,17421.0,37.0,0.21099999999861868,31.8125,32.875,37.110000000000014,0.0,0.0,0.0,0.0,0.0,20.0,0.3,0.1,0.2,0.1,0.4,0.1,0.1,0.1,0.5,0.0,65535.0,0.267353322652018,0.0,65535.0,0.2005188067444877,0.0,0.0,0.0,0.0,0.0,0.0,0.0,0.0,0.0,0.0
96333.78,1.1255304455899429,0.0,17421.0,37.0,0.19239999999861712,31.75,32.8125,36.73000000000002,0.0,0.0,0.0,0.0,0.0,20.0,0.3,0.1,0.2,0.1,0.4,0.1,0.1,0.1,0.5,0.0,65535.0,0.26723125047684443,0.0,65535.0,0.2000915541313802,0.0,0.0,0.0,0.0,0.0,0.0,0.0,0.0,0.0,0.0
96393.83,1.13608794643062,0.0,17421.0,37.0,0.21679999999860744,31.75,32.875,36.950000000000045,0.0,0.0,0.0,0.0,0.0,20.0,0.3,0.1,0.2,0.1,0.4,0.1,0.1,0.1,0.5,0.0,65535.0,0.26723125047684443,0.0,65535.0,0.20070191500724804,0.0,0.0,0.0,0.0,0.0,0.0,0.0,0.0,0.0,0.0
96453.87,1.1488489463073133,0.0,17421.0,37.0,0.23979999999861748,31.6875,32.875,36.77000000000004,0.0,0.0,0.0,0.0,0.0,20.0,0.3,0.1,0.2,0.1,0.4,0.1,0.1,0.1,0.5,0.0,65535.0,0.2689860379949645,0.0,65535.0,0.20250247959105822,0.0,0.0,0.0,0.0,0.0,0.0,0.0,0.0,0.0,0.0
96513.93,1.1335206862925578,0.0,17421.0,37.0,0.18829999999860492,31.75,32.8125,36.97000000000003,0.0,0.0,0.0,0.0,0.0,20.0,0.3,0.1,0.2,0.1,0.4,0.1,0.1,0.1,0.5,0.0,65535.0,0.2677195391775387,0.0,65535.0,0.20367742427710384,0.0,0.0,0.0,0.0,0.0,0.0,0.0,0.0,0.0,0.0
96574.0,1.14095658119285,0.0,17421.0,37.0,0.1896999999986136,31.6875,32.875,36.85000000000002,0.0,0.0,0.0,0.0,0.0,20.0,0.3,0.1,0.2,0.1,0.4,0.1,0.1,0.1,0.5,0.0,65535.0,0.2682993820096132,0.0,65535.0,0.20181582360570688,0.0,0.0,0.0,0.0,0.0,0.0,0.0,0.0,0.0,0.0
96634.04,1.1440492537760918,0.0,17421.0,37.0,0.24469999999860534,31.75,32.875,36.85000000000002,0.0,0.0,0.0,0.0,0.0,20.0,0.3,0.1,0.2,0.1,0.4,0.1,0.1,0.1,0.5,0.0,65535.0,0.26916914625772487,0.0,65535.0,0.20141908903639277,0.0,0.0,0.0,0.0,0.0,0.0,0.0,0.0,0.0,0.0
96694.08,1.138939337418385,0.0,17421.0,37.0,0.21559999999860338,31.6875,32.8125,36.73000000000002,0.0,0.0,0.0,0.0,0.0,20.0,0.3,0.1,0.2,0.1,0.4,0.1,0.1,0.1,0.5,0.0,65535.0,0.26761272602426184,0.0,65535.0,0.2017242694743267,0.0,0.0,0.0,0.0,0.0,0.0,0.0,0.0,0.0,0.0
96754.13,1.15424703485396,0.0,17421.0,37.0,0.2723999999986094,31.75,32.8125,36.77000000000004,0.0,0.0,0.0,0.0,0.0,20.0,0.3,0.1,0.2,0.1,0.4,0.1,0.1,0.1,0.5,0.0,65535.0,0.2710917830167086,0.0,65535.0,0.20402838178072785,0.0,0.0,0.0,0.0,0.0,0.0,0.0,0.0,0.0,0.0
96814.17,1.1540117625723365,0.0,17421.0,37.0,0.2812999999986039,31.75,32.8125,36.97000000000003,0.0,0.0,0.0,0.0,0.0,20.0,0.3,0.1,0.2,0.1,0.4,0.1,0.1,0.1,0.5,0.0,65535.0,0.2681010147249561,0.0,65535.0,0.20099183642328527,0.0,0.0,0.0,0.0,0.0,0.0,0.0,0.0,0.0,0.0
96874.22,1.143671948833587,0.0,17421.0,37.0,0.19659999999860983,31.75,32.875,37.01000000000005,0.0,0.0,0.0,0.0,0.0,20.0,0.3,0.1,0.2,0.1,0.4,0.1,0.1,0.1,0.5,0.0,65535.0,0.268711375600824,0.0,65535.0,0.20163271534294652,0.0,0.0,0.0,0.0,0.0,0.0,0.0,0.0,0.0,0.0
96934.26,1.1376488949186505,0.0,17421.0,37.0,0.22949999999860576,31.75,32.875,36.870000000000005,0.0,0.0,0.0,0.0,0.0,20.0,0.3,0.1,0.2,0.1,0.4,0.1,0.1,0.1,0.5,0.0,65535.0,0.26924544136720835,0.0,65535.0,0.20070191500724804,0.0,0.0,0.0,0.0,0.0,0.0,0.0,0.0,0.0,0.0
96994.3,1.1321588265016942,0.0,17421.0,37.0,0.16679999999860254,31.6875,32.75,36.950000000000045,0.0,0.0,0.0,0.0,0.0,20.0,0.3,0.1,0.2,0.1,0.4,0.1,0.1,0.1,0.5,0.0,65535.0,0.2674601358052949,0.0,65535.0,0.20053406576638438,0.0,0.0,0.0,0.0,0.0,0.0,0.0,0.0,0.0,0.0
97054.35,1.1504389148198026,0.0,17421.0,37.0,0.20439999999860842,31.75,32.8125,36.81,0.0,0.0,0.0,0.0,0.0,20.0,0.3,0.1,0.2,0.1,0.4,0.1,0.1,0.1,0.5,0.0,65535.0,0.26803997863736934,0.0,65535.0,0.20119020370794233,0.0,0.0,0.0,0.0,0.0,0.0,0.0,0.0,0.0,0.0
97114.39,1.1600467599911557,0.0,17421.0,37.0,0.2458999999985991,31.6875,32.8125,36.97000000000003,0.0,0.0,0.0,0.0,0.0,20.0,0.3,0.1,0.2,0.1,0.4,0.1,0.1,0.1,0.5,0.0,65535.0,0.26886396581979094,0.0,65535.0,0.19983215075913635,0.0,0.0,0.0,0.0,0.0,0.0,0.0,0.0,0.0,0.0
97174.45,1.151912652825184,0.0,17421.0,37.0,0.25149999999860817,31.6875,32.8125,36.89000000000004,0.0,0.0,0.0,0.0,0.0,20.0,0.3,0.1,0.2,0.1,0.4,0.1,0.1,0.1,0.5,0.0,65535.0,0.2694438086518654,0.0,65535.0,0.20190737773708706,0.0,0.0,0.0,0.0,0.0,0.0,0.0,0.0,0.0,0.0
97234.53,1.1559859549753435,0.0,17421.0,37.0,0.21679999999859628,31.75,32.875,36.79000000000002,0.0,0.0,0.0,0.0,0.0,20.0,0.3,0.1,0.2,0.1,0.4,0.1,0.1,0.1,0.5,0.0,65535.0,0.26793316548409246,0.0,65535.0,0.20180056458381018,0.0,0.0,0.0,0.0,0.0,0.0,0.0,0.0,0.0,0.0
97294.57,1.1450303067914946,0.0,17421.0,37.0,0.238299999998606,31.6875,32.8125,37.09000000000003,0.0,0.0,0.0,0.0,0.0,20.0,0.3,0.1,0.2,0.1,0.4,0.1,0.1,0.1,0.5,0.0,65535.0,0.2682841229877165,0.0,65535.0,0.20076295109483483,0.0,0.0,0.0,0.0,0.0,0.0,0.0,0.0,0.0,0.0
97354.65,1.1617824300256878,0.0,17421.0,37.0,0.21119999999859965,31.75,32.8125,36.81,0.0,0.0,0.0,0.0,0.0,20.0,0.3,0.1,0.2,0.1,0.4,0.1,0.1,0.1,0.5,0.0,65535.0,0.26971847104600594,0.0,65535.0,0.2033875028610666,0.0,0.0,0.0,0.0,0.0,0.0,0.0,0.0,0.0,0.0
97414.72,1.1545933149937355,0.0,17421.0,37.0,0.22619999999859935,31.6875,32.8125,36.85000000000002,0.0,0.0,0.0,0.0,0.0,20.0,0.3,0.1,0.2,0.1,0.4,0.1,0.1,0.1,0.5,0.0,65535.0,0.2699626153963531,0.0,65535.0,0.20233463035019456,0.0,0.0,0.0,0.0,0.0,0.0,0.0,0.0,0.0,0.0
97474.76,1.140861607402083,0.0,17421.0,37.0,0.24949999999859407,31.6875,32.8125,36.950000000000045,0.0,0.0,0.0,0.0,0.0,20.0,0.3,0.1,0.2,0.1,0.4,0.1,0.1,0.1,0.5,0.0,65535.0,0.26961165789272906,0.0,65535.0,0.20192263675898375,0.0,0.0,0.0,0.0,0.0,0.0,0.0,0.0,0.0,0.0
97534.8,1.1560167316999805,0.0,17421.0,37.0,0.23069999999859694,31.75,32.8125,36.97000000000003,0.0,0.0,0.0,0.0,0.0,20.0,0.3,0.1,0.2,0.1,0.4,0.1,0.1,0.1,0.5,0.0,65535.0,0.26926070038910505,0.0,65535.0,0.20239566643778134,0.0,0.0,0.0,0.0,0.0,0.0,0.0,0.0,0.0,0.0
97594.85,1.1523788826893777,0.0,17421.0,37.0,0.21599999999859523,31.625,32.8125,36.97000000000003,0.0,0.0,0.0,0.0,0.0,20.0,0.3,0.1,0.2,0.1,0.4,0.1,0.1,0.1,0.5,0.0,65535.0,0.27043564507515067,0.0,65535.0,0.20143434805828947,0.0,0.0,0.0,0.0,0.0,0.0,0.0,0.0,0.0,0.0
97654.91,1.144258538168693,0.0,17421.0,37.0,0.17769999999859823,31.6875,32.8125,36.85000000000002,0.0,0.0,0.0,0.0,0.0,20.0,0.3,0.1,0.2,0.1,0.4,0.1,0.1,0.1,0.5,0.0,65535.0,0.2703288319218738,0.0,65535.0,0.20141908903639277,0.0,0.0,0.0,0.0,0.0,0.0,0.0,0.0,0.0,0.0
97714.96,1.1480645777264282,0.0,17421.0,37.0,0.23569999999858982,31.75,32.75,36.81,0.0,0.0,0.0,0.0,0.0,20.0,0.3,0.1,0.2,0.1,0.4,0.1,0.1,0.1,0.5,0.0,65535.0,0.27219043259327075,0.0,65535.0,0.20352483405813687,0.0,0.0,0.0,0.0,0.0,0.0,0.0,0.0,0.0,0.0
97775.04,1.1532082513398796,0.0,17421.0,37.0,0.2120999999985928,31.6875,32.8125,36.85000000000002,0.0,0.0,0.0,0.0,0.0,20.0,0.3,0.1,0.2,0.1,0.4,0.1,0.1,0.1,0.5,0.0,65535.0,0.2701762417029068,0.0,65535.0,0.19952697032120242,0.0,0.0,0.0,0.0,0.0,0.0,0.0,0.0,0.0,0.0
97835.1,1.1560402674591133,0.0,17421.0,37.0,0.2270999999985925,31.75,32.75,36.79000000000002,0.0,0.0,0.0,0.0,0.0,20.0,0.3,0.1,0.2,0.1,0.4,0.1,0.1,0.1,0.5,0.0,65535.0,0.2694743266956588,0.0,65535.0,0.2021362630655375,0.0,0.0,0.0,0.0,0.0,0.0,0.0,0.0,0.0,0.0
97895.19,1.1585699643727847,0.0,17421.0,37.0,0.18349999999858527,31.6875,32.75,36.89000000000004,0.0,0.0,0.0,0.0,0.0,20.0,0.3,0.1,0.2,0.1,0.4,0.1,0.1,0.1,0.5,0.0,65535.0,0.2704051270313573,0.0,65535.0,0.20189211871519036,0.0,0.0,0.0,0.0,0.0,0.0,0.0,0.0,0.0,0.0
97955.22,1.1697090066068763,0.0,17421.0,37.0,0.2349999999985961,31.75,32.8125,36.870000000000005,0.0,0.0,0.0,0.0,0.0,20.0,0.3,0.1,0.2,0.1,0.4,0.1,0.1,0.1,0.5,0.0,65535.0,0.2716105897611963,0.0,65535.0,0.20280766002899214,0.0,0.0,0.0,0.0,0.0,0.0,0.0,0.0,0.0,0.0
98015.31,1.1648182401868437,0.0,17421.0,37.0,0.22649999999859047,31.6875,32.8125,36.77000000000004,0.0,0.0,0.0,0.0,0.0,20.0,0.3,0.1,0.2,0.1,0.4,0.1,0.1,0.1,0.5,0.0,65535.0,0.2727855344472419,0.0,65535.0,0.2026245517662318,0.0,0.0,0.0,0.0,0.0,0.0,0.0,0.0,0.0,0.0
98075.38,1.1589511047738696,0.0,17421.0,37.0,0.23829999999859477,31.6875,32.8125,36.85000000000002,0.0,0.0,0.0,0.0,0.0,20.0,0.3,0.1,0.2,0.1,0.4,0.1,0.1,0.1,0.5,0.0,65535.0,0.27127489127946897,0.0,65535.0,0.20373846036469062,0.0,0.0,0.0,0.0,0.0,0.0,0.0,0.0,0.0,0.0
98135.46,1.165846450957619,0.0,17421.0,37.0,0.2559999999985946,31.8125,32.8125,36.79000000000002,0.0,0.0,0.0,0.0,0.0,20.0,0.3,0.1,0.2,0.1,0.4,0.1,0.1,0.1,0.5,0.0,65535.0,0.27222095063706414,0.0,65535.0,0.20401312275883116,0.0,0.0,0.0,0.0,0.0,0.0,0.0,0.0,0.0,0.0
98195.5,1.1562503160915383,0.0,17421.0,37.0,0.2200999999985829,31.75,32.8125,37.03000000000003,0.0,0.0,0.0,0.0,0.0,20.0,0.3,0.1,0.2,0.1,0.4,0.1,0.1,0.1,0.5,0.0,65535.0,0.27046616311894406,0.0,65535.0,0.20375371938658732,0.0,0.0,0.0,0.0,0.0,0.0,0.0,0.0,0.0,0.0
98255.55,1.1649112513294866,0.0,17421.0,37.0,0.1861999999985802,31.6875,32.8125,36.85000000000002,0.0,0.0,0.0,0.0,0.0,20.0,0.3,0.1,0.2,0.1,0.4,0.1,0.1,0.1,0.5,0.0,65535.0,0.2729076066224155,0.0,65535.0,0.20410467689021133,0.0,0.0,0.0,0.0,0.0,0.0,0.0,0.0,0.0,0.0
98315.63,1.186542204880207,0.0,17421.0,37.0,0.23059999999858072,31.6875,32.8125,37.01000000000005,0.0,0.0,0.0,0.0,0.0,20.0,0.3,0.1,0.2,0.1,0.4,0.1,0.1,0.1,0.5,0.0,65535.0,0.27168688487067977,0.0,65535.0,0.2021362630655375,0.0,0.0,0.0,0.0,0.0,0.0,0.0,0.0,0.0,0.0
98375.7,1.1654430391451163,0.0,17421.0,37.0,0.23619999999858982,31.75,32.75,36.89000000000004,0.0,0.0,0.0,0.0,0.0,20.0,0.3,0.1,0.2,0.1,0.4,0.1,0.1,0.1,0.5,0.0,65535.0,0.27051194018463415,0.0,65535.0,0.20289921416037232,0.0,0.0,0.0,0.0,0.0,0.0,0.0,0.0,0.0,0.0
98435.77,1.1742374591011275,0.0,17421.0,37.0,0.1902999999985872,31.625,32.8125,37.09000000000003,0.0,0.0,0.0,0.0,0.0,20.0,0.3,0.1,0.2,0.1,0.4,0.1,0.1,0.1,0.5,0.0,65535.0,0.2715648126955062,0.0,65535.0,0.2025482566567483,0.0,0.0,0.0,0.0,0.0,0.0,0.0,0.0,0.0,0.0
98495.81,1.170654765602414,0.0,17421.0,37.0,0.22499999999858322,31.6875,32.8125,36.81,0.0,0.0,0.0,0.0,0.0,20.0,0.3,0.1,0.2,0.1,0.4,0.1,0.1,0.1,0.5,0.0,65535.0,0.27411306935225455,0.0,65535.0,0.20476081483176928,0.0,0.0,0.0,0.0,0.0,0.0,0.0,0.0,0.0,0.0
98555.88,1.177221693154177,0.0,17421.0,37.0,0.1816999999985757,31.6875,32.8125,36.77000000000004,0.0,0.0,0.0,0.0,0.0,20.0,0.3,0.1,0.2,0.1,0.4,0.1,0.1,0.1,0.5,0.0,65535.0,0.2735179674982834,0.0,65535.0,0.20202944991226063,0.0,0.0,0.0,0.0,0.0,0.0,0.0,0.0,0.0,0.0
98615.92,1.177847766207807,0.0,17421.0,37.0,0.24939999999858686,31.75,32.8125,36.870000000000005,0.0,0.0,0.0,0.0,0.0,20.0,0.3,0.1,0.2,0.1,0.4,0.1,0.1,0.1,0.5,0.0,65535.0,0.2724956130312047,0.0,65535.0,0.20282291905088884,0.0,0.0,0.0,0.0,0.0,0.0,0.0,0.0,0.0,0.0
98675.96,1.188428374236826,0.0,17421.0,37.0,0.21209999999857984,31.6875,32.8125,36.97000000000003,0.0,0.0,0.0,0.0,0.0,20.0,0.3,0.1,0.2,0.1,0.4,0.1,0.1,0.1,0.5,0.0,65535.0,0.2751506828412299,0.0,65535.0,0.20402838178072785,0.0,0.0,0.0,0.0,0.0,0.0,0.0,0.0,0.0,0.0
98736.01,1.1684647828440824,0.0,17421.0,37.0,0.238599999998585,31.6875,32.8125,36.85000000000002,0.0,0.0,0.0,0.0,0.0,20.0,0.3,0.1,0.2,0.1,0.4,0.1,0.1,0.1,0.5,0.0,65535.0,0.2732280460822461,0.0,65535.0,0.2017242694743267,0.0,0.0,0.0,0.0,0.0,0.0,0.0,0.0,0.0,0.0
98796.05,1.184093710567576,0.0,17421.0,37.0,0.19709999999857755,31.75,32.8125,36.870000000000005,0.0,0.0,0.0,0.0,0.0,20.0,0.3,0.1,0.2,0.1,0.4,0.1,0.1,0.1,0.5,0.0,65535.0,0.271976806286717,0.0,65535.0,0.20115968566414894,0.0,0.0,0.0,0.0,0.0,0.0,0.0,0.0,0.0,0.0
98856.1,1.1834697835601646,0.0,17421.0,37.0,0.2703999999985845,31.6875,32.75,36.950000000000045,0.0,0.0,0.0,0.0,0.0,20.0,0.3,0.1,0.2,0.1,0.4,0.1,0.1,0.1,0.5,0.0,65535.0,0.2728923476005188,0.0,65535.0,0.20247196154726482,0.0,0.0,0.0,0.0,0.0,0.0,0.0,0.0,0.0,0.0
98916.17,1.1674769438353463,0.0,17421.0,37.0,0.193299999998581,31.6875,32.75,36.93000000000001,0.0,0.0,0.0,0.0,0.0,20.0,0.3,0.1,0.2,0.1,0.4,0.1,0.1,0.1,0.5,0.0,65535.0,0.2732127870603494,0.0,65535.0,0.2005188067444877,0.0,0.0,0.0,0.0,0.0,0.0,0.0,0.0,0.0,0.0
98976.25,1.1793038204773443,0.0,17421.0,37.0,0.2727999999985832,31.6875,32.75,36.950000000000045,0.0,0.0,0.0,0.0,0.0,20.0,0.3,0.1,0.2,0.1,0.4,0.1,0.1,0.1,0.5,0.0,65535.0,0.2735179674982834,0.0,65535.0,0.20622568093385213,0.0,0.0,0.0,0.0,0.0,0.0,0.0,0.0,0.0,0.0
99036.32,1.1806949377271798,0.0,17421.0,37.0,0.1917999999985798,31.6875,32.75,37.09000000000003,0.0,0.0,0.0,0.0,0.0,20.0,0.3,0.1,0.2,0.1,0.4,0.1,0.1,0.1,0.5,0.0,65535.0,0.2746623941405356,0.0,65535.0,0.20392156862745098,0.0,0.0,0.0,0.0,0.0,0.0,0.0,0.0,0.0,0.0
99096.38,1.181133312291821,0.0,17421.0,37.0,0.23299999999857074,31.75,32.8125,36.81,0.0,0.0,0.0,0.0,0.0,20.0,0.3,0.1,0.2,0.1,0.4,0.1,0.1,0.1,0.5,0.0,65535.0,0.2738689250019074,0.0,65535.0,0.2046387426565957,0.0,0.0,0.0,0.0,0.0,0.0,0.0,0.0,0.0,0.0
99156.46,1.198444455790017,0.0,17421.0,37.0,0.23859999999857984,31.6875,32.75,36.93000000000001,0.0,0.0,0.0,0.0,0.0,20.0,0.3,0.1,0.2,0.1,0.4,0.1,0.1,0.1,0.5,0.0,65535.0,0.2743724727244984,0.0,65535.0,0.20361638818951705,0.0,0.0,0.0,0.0,0.0,0.0,0.0,0.0,0.0,0.0
99216.5,1.1826658546281195,0.0,17421.0,37.0,0.17559999999857687,31.75,32.75,36.950000000000045,0.0,0.0,0.0,0.0,0.0,20.0,0.3,0.1,0.2,0.1,0.4,0.1,0.1,0.1,0.5,0.0,65535.0,0.27359426260776687,0.0,65535.0,0.20148012512397956,0.0,0.0,0.0,0.0,0.0,0.0,0.0,0.0,0.0,0.0
99276.55,1.168754813549978,0.0,17421.0,37.0,0.25009999999856936,31.6875,32.8125,36.81,0.0,0.0,0.0,0.0,0.0,20.0,0.3,0.1,0.2,0.1,0.4,0.1,0.1,0.1,0.5,0.0,65535.0,0.27373159380483714,0.0,65535.0,0.2021667811093309,0.0,0.0,0.0,0.0,0.0,0.0,0.0,0.0,0.0,0.0
99336.59,1.1889315722555647,0.0,17421.0,37.0,0.21629999999857166,31.75,32.8125,37.05000000000001,0.0,0.0,0.0,0.0,0.0,20.0,0.3,0.1,0.2,0.1,0.4,0.1,0.1,0.1,0.5,0.0,65535.0,0.2748302433813993,0.0,65535.0,0.20363164721141375,0.0,0.0,0.0,0.0,0.0,0.0,0.0,0.0,0.0,0.0
99396.64,1.1843783938873846,0.0,17421.0,37.0,0.19249999999856487,31.75,32.8125,36.81,0.0,0.0,0.0,0.0,0.0,20.0,0.3,0.1,0.2,0.1,0.4,0.1,0.1,0.1,0.5,0.0,65535.0,0.273182269016556,0.0,65535.0,0.20376897840848401,0.0,0.0,0.0,0.0,0.0,0.0,0.0,0.0,0.0,0.0
99456.68,1.1816504797047955,0.0,17421.0,37.0,0.19799999999856896,31.75,32.75,36.81,0.0,0.0,0.0,0.0,0.0,20.0,0.3,0.1,0.2,0.1,0.4,0.1,0.1,0.1,0.5,0.0,65535.0,0.27449454489967196,0.0,65535.0,0.20355535210193026,0.0,0.0,0.0,0.0,0.0,0.0,0.0,0.0,0.0,0.0
99516.72,1.2009300732940358,0.0,17421.0,37.0,0.22799999999856924,31.75,32.8125,37.03000000000003,0.0,0.0,0.0,0.0,0.0,20.0,0.3,0.1,0.2,0.1,0.4,0.1,0.1,0.1,0.5,0.0,65535.0,0.2756237125200275,0.0,65535.0,0.20524910353246356,0.0,0.0,0.0,0.0,0.0,0.0,0.0,0.0,0.0,0.0
99576.77,1.1713911845294265,0.0,17421.0,37.0,0.20709999999857234,31.6875,32.8125,36.85000000000002,0.0,0.0,0.0,0.0,0.0,20.0,0.3,0.1,0.2,0.1,0.4,0.1,0.1,0.1,0.5,0.0,65535.0,0.2750591287098497,0.0,65535.0,0.20152590218966965,0.0,0.0,0.0,0.0,0.0,0.0,0.0,0.0,0.0,0.0
99636.81,1.199344277181538,0.0,17421.0,37.0,0.21679999999856184,31.6875,32.8125,36.97000000000003,0.0,0.0,0.0,0.0,0.0,20.0,0.3,0.1,0.2,0.1,0.4,0.1,0.1,0.1,0.5,0.0,65535.0,0.27582207980468454,0.0,65535.0,0.20408941786831464,0.0,0.0,0.0,0.0,0.0,0.0,0.0,0.0,0.0,0.0
99696.86,1.2150678012219633,0.0,17421.0,37.0,0.17529999999856943,31.75,32.75,36.93000000000001,0.0,0.0,0.0,0.0,0.0,20.0,0.3,0.1,0.2,0.1,0.4,0.1,0.1,0.1,0.5,0.0,65535.0,0.2777447165636683,0.0,65535.0,0.20360112916762035,0.0,0.0,0.0,0.0,0.0,0.0,0.0,0.0,0.0,0.0
99756.9,1.1887470952085093,0.0,17421.0,37.0,0.23679999999857118,31.75,32.8125,36.81,0.0,0.0,0.0,0.0,0.0,20.0,0.3,0.1,0.2,0.1,0.4,0.1,0.1,0.1,0.5,0.0,65535.0,0.2742504005493248,0.0,65535.0,0.20526436255436026,0.0,0.0,0.0,0.0,0.0,0.0,0.0,0.0,0.0,0.0
99816.93,1.1989208571343701,0.0,17421.0,37.0,0.239799999998571,31.625,32.75,36.950000000000045,0.0,0.0,0.0,0.0,0.0,20.0,0.3,0.1,0.2,0.1,0.4,0.1,0.1,0.1,0.5,0.0,65535.0,0.274341954680705,0.0,65535.0,0.20399786373693446,0.0,0.0,0.0,0.0,0.0,0.0,0.0,0.0,0.0,0.0
99876.98,1.1889996455828353,0.0,17421.0,37.0,0.24979999999856103,31.75,32.8125,36.97000000000003,0.0,0.0,0.0,0.0,0.0,20.0,0.3,0.1,0.2,0.1,0.4,0.1,0.1,0.1,0.5,0.0,65535.0,0.2728618295567254,0.0,65535.0,0.20567635614557106,0.0,0.0,0.0,0.0,0.0,0.0,0.0,0.0,0.0,0.0
99937.06,1.1975061257797102,0.0,17421.0,37.0,0.2309999999985639,31.6875,32.8125,37.09000000000003,0.0,0.0,0.0,0.0,0.0,20.0,0.3,0.1,0.2,0.1,0.4,0.1,0.1,0.1,0.5,0.0,65535.0,0.27447928587777526,0.0,65535.0,0.20392156862745098,0.0,0.0,0.0,0.0,0.0,0.0,0.0,0.0,0.0,0.0
99997.14,1.2007221657181233,0.0,17421.0,37.0,0.18769999999855638,31.6875,32.8125,36.870000000000005,0.0,0.0,0.0,0.0,0.0,20.0,0.3,0.1,0.2,0.1,0.4,0.1,0.1,0.1,0.5,0.0,65535.0,0.27406729228656446,0.0,65535.0,0.20396734569314107,0.0,0.0,0.0,0.0,0.0,0.0,0.0,0.0,0.0,0.0
100057.19,1.1986921934887786,0.0,17421.0,37.0,0.22799999999856152,31.6875,32.8125,36.97000000000003,0.0,0.0,0.0,0.0,0.0,20.0,0.3,0.1,0.2,0.1,0.4,0.1,0.1,0.1,0.5,0.0,65535.0,0.2756084534981308,0.0,65535.0,0.20315861753261616,0.0,0.0,0.0,0.0,0.0,0.0,0.0,0.0,0.0,0.0
100117.25,1.2190236249853388,0.0,17421.0,37.0,0.19329999999856465,31.75,32.875,36.81,0.0,0.0,0.0,0.0,0.0,20.0,0.3,0.1,0.2,0.1,0.4,0.1,0.1,0.1,0.5,0.0,65535.0,0.2776989394979782,0.0,65535.0,0.2021210040436408,0.0,0.0,0.0,0.0,0.0,0.0,0.0,0.0,0.0,0.0
100177.29,1.1919184037397188,0.0,17421.0,37.0,0.21559999999855517,31.75,32.8125,36.85000000000002,0.0,0.0,0.0,0.0,0.0,20.0,0.3,0.1,0.2,0.1,0.4,0.1,0.1,0.1,0.5,0.0,65535.0,0.27499809262226294,0.0,65535.0,0.2025940337224384,0.0,0.0,0.0,0.0,0.0,0.0,0.0,0.0,0.0,0.0
100237.34,1.2132033090719123,0.0,17421.0,37.0,0.22939999999855426,31.6875,32.8125,36.690000000000055,0.0,0.0,0.0,0.0,0.0,20.0,0.3,0.1,0.2,0.1,0.4,0.1,0.1,0.1,0.5,0.0,65535.0,0.27750057221332114,0.0,65535.0,0.20204470893415732,0.0,0.0,0.0,0.0,0.0,0.0,0.0,0.0,0.0,0.0
100297.38,1.2158161059088628,0.0,17421.0,37.0,0.23119999999855345,31.625,32.75,36.97000000000003,0.0,0.0,0.0,0.0,0.0,20.0,0.3,0.1,0.2,0.1,0.4,0.1,0.1,0.1,0.5,0.0,65535.0,0.2764171816586557,0.0,65535.0,0.20460822461280231,0.0,0.0,0.0,0.0,0.0,0.0,0.0,0.0,0.0,0.0
100357.44,1.201848340476321,0.0,17421.0,37.0,0.23419999999855243,31.6875,32.75,36.870000000000005,0.0,0.0,0.0,0.0,0.0,20.0,0.3,0.1,0.2,0.1,0.4,0.1,0.1,0.1,0.5,0.0,65535.0,0.277759975585565,0.0,65535.0,0.20627145799954222,0.0,0.0,0.0,0.0,0.0,0.0,0.0,0.0,0.0,0.0
100417.49,1.20705899128806,0.0,17421.0,37.0,0.22009999999855104,31.6875,32.8125,37.110000000000014,0.0,0.0,0.0,0.0,0.0,20.0,0.3,0.1,0.2,0.1,0.4,0.1,0.1,0.1,0.5,0.0,65535.0,0.2767986572060731,0.0,65535.0,0.20207522697795072,0.0,0.0,0.0,0.0,0.0,0.0,0.0,0.0,0.0,0.0
100477.53,1.2037769686028392,0.0,17421.0,37.0,0.20739999999855918,31.6875,32.75,36.950000000000045,0.0,0.0,0.0,0.0,0.0,20.0,0.3,0.1,0.2,0.1,0.4,0.1,0.1,0.1,0.5,0.0,65535.0,0.27544060425726713,0.0,65535.0,0.20476081483176928,0.0,0.0,0.0,0.0,0.0,0.0,0.0,0.0,0.0,0.0
100537.58,1.2217787620638463,0.0,17421.0,37.0,0.2591999999985556,31.625,32.75,36.85000000000002,0.0,0.0,0.0,0.0,0.0,20.0,0.3,0.1,0.2,0.1,0.4,0.1,0.1,0.1,0.5,0.0,65535.0,0.2764782177462425,0.0,65535.0,0.20291447318226902,0.0,0.0,0.0,0.0,0.0,0.0,0.0,0.0,0.0,0.0
100597.62,1.217583119885202,0.0,17421.0,37.0,0.2194999999985482,31.75,32.8125,36.85000000000002,0.0,0.0,0.0,0.0,0.0,20.0,0.3,0.1,0.2,0.1,0.4,0.1,0.1,0.1,0.5,0.0,65535.0,0.2772106507972839,0.0,65535.0,0.20248722056916152,0.0,0.0,0.0,0.0,0.0,0.0,0.0,0.0,0.0,0.0
100657.69,1.221946882768972,0.0,17421.0,37.0,0.2388999999985581,31.625,32.75,36.870000000000005,0.0,0.0,0.0,0.0,0.0,20.0,0.3,0.1,0.2,0.1,0.4,0.1,0.1,0.1,0.5,0.0,65535.0,0.278110933089189,0.0,65535.0,0.20500495918211642,0.0,0.0,0.0,0.0,0.0,0.0,0.0,0.0,0.0,0.0
100717.76,1.2102395306252713,0.0,17421.0,37.0,0.2153999999985519,31.625,32.8125,36.870000000000005,0.0,0.0,0.0,0.0,0.0,20.0,0.3,0.1,0.2,0.1,0.4,0.1,0.1,0.1,0.5,0.0,65535.0,0.2772716868848707,0.0,65535.0,0.2026092927443351,0.0,0.0,0.0,0.0,0.0,0.0,0.0,0.0,0.0,0.0
100777.82,1.2250488349239725,0.0,17421.0,37.0,0.19739999999855062,31.75,32.8125,36.950000000000045,0.0,0.0,0.0,0.0,0.0,20.0,0.3,0.1,0.2,0.1,0.4,0.1,0.1,0.1,0.5,0.0,65535.0,0.2773327229724575,0.0,65535.0,0.20398260471503776,0.0,0.0,0.0,0.0,0.0,0.0,0.0,0.0,0.0,0.0
100837.89,1.2060699376092598,0.0,17421.0,37.0,0.19119999999855455,31.625,32.75,36.710000000000036,0.0,0.0,0.0,0.0,0.0,20.0,0.3,0.1,0.2,0.1,0.4,0.1,0.1,0.1,0.5,0.0,65535.0,0.27785152971694516,0.0,65535.0,0.2059052414740215,0.0,0.0,0.0,0.0,0.0,0.0,0.0,0.0,0.0,0.0
100897.97,1.207694810276126,0.0,17421.0,37.0,0.1890999999985539,31.625,32.75,36.93000000000001,0.0,0.0,0.0,0.0,0.0,20.0,0.3,0.1,0.2,0.1,0.4,0.1,0.1,0.1,0.5,0.0,65535.0,0.2789349202716106,0.0,65535.0,0.20491340505073624,0.0,0.0,0.0,0.0,0.0,0.0,0.0,0.0,0.0,0.0
100958.04,1.2312483781727026,0.0,17421.0,37.0,0.26619999999855654,31.625,32.75,36.81,0.0,0.0045,0.25,0.0,0.0,20.0,0.3,0.1,0.2,0.1,0.4,0.1,0.1,0.1,0.5,0.0,65535.0,0.2805676356145571,0.0,65535.0,0.20614938582436865,0.0,0.0,0.0,0.0,0.0,0.0,0.0,0.0,0.0,0.0
101018.12,1.1911088241283951,0.0,17421.0,37.0,0.32984999999855236,31.625,32.75,36.610000000000014,0.0,0.0,0.0,0.0,0.0,20.0,0.3,0.1,0.2,0.1,0.4,0.1,0.1,0.1,0.5,0.0,65535.0,0.2722972457465476,0.0,65535.0,0.199145494773785,0.0,0.0,0.0,0.0,0.0,0.0,0.0,0.0,0.0,0.0
101078.16,1.1961611027676393,0.0,17421.0,37.0,0.22439999999854796,31.625,32.75,36.85000000000002,0.0,0.0,0.0,0.0,0.0,20.0,0.3,0.1,0.2,0.1,0.4,0.1,0.1,0.1,0.5,0.0,65535.0,0.2732280460822461,0.0,65535.0,0.199145494773785,0.0,0.0,0.0,0.0,0.0,0.0,0.0,0.0,0.0,0.0
101138.2,1.196481022850109,0.0,17421.0,37.0,0.21939999999855164,31.6875,32.75,37.03000000000003,0.0,0.0,0.0,0.0,0.0,20.0,0.3,0.1,0.2,0.1,0.4,0.1,0.1,0.1,0.5,0.0,65535.0,0.27298390173189896,0.0,65535.0,0.20071717402914474,0.0,0.0,0.0,0.0,0.0,0.0,0.0,0.0,0.0,0.0
101198.24,1.2104307543252757,0.0,17421.0,37.0,0.22229999999854644,31.75,32.8125,36.950000000000045,0.0,0.0,0.0,0.0,0.0,20.0,0.3,0.1,0.2,0.1,0.4,0.1,0.1,0.1,0.5,0.0,65535.0,0.2734721904325933,0.0,65535.0,0.1990844586861982,0.0,0.0,0.0,0.0,0.0,0.0,0.0,0.0,0.0,0.0
101258.29,1.2043422303642908,0.0,17421.0,37.0,0.24259999999854132,31.625,32.75,36.79000000000002,0.0,0.0,0.0,0.0,0.0,20.0,0.3,0.1,0.2,0.1,0.4,0.1,0.1,0.1,0.5,0.0,65535.0,0.2738841840238041,0.0,65535.0,0.2012817578393225,0.0,0.0,0.0,0.0,0.0,0.0,0.0,0.0,0.0,0.0
101318.36,1.199155947043952,0.0,17421.0,37.0,0.22079999999854436,31.6875,32.875,36.950000000000045,0.0,0.0,0.0,0.0,0.0,20.0,0.3,0.1,0.2,0.1,0.4,0.1,0.1,0.1,0.5,0.0,65535.0,0.27370107576104374,0.0,65535.0,0.2017700465400168,0.0,0.0,0.0,0.0,0.0,0.0,0.0,0.0,0.0,0.0
101378.4,1.2003460897448124,0.0,17421.0,37.0,0.22789999999853877,31.75,32.8125,36.950000000000045,0.0,0.0,0.0,0.0,0.0,20.0,0.3,0.1,0.2,0.1,0.4,0.1,0.1,0.1,0.5,0.0,65535.0,0.27457084000915544,0.0,65535.0,0.19885557335774776,0.0,0.0,0.0,0.0,0.0,0.0,0.0,0.0,0.0,0.0
101438.47,1.2207767139648782,0.0,17421.0,37.0,0.23909999999854278,31.75,32.8125,37.09000000000003,0.0,0.0,0.0,0.0,0.0,20.0,0.3,0.1,0.2,0.1,0.4,0.1,0.1,0.1,0.5,0.0,65535.0,0.2724650949874113,0.0,65535.0,0.19833676661326008,0.0,0.0,0.0,0.0,0.0,0.0,0.0,0.0,0.0,0.0
101498.5,1.2146200676025543,0.0,17421.0,37.0,0.2251999999985361,31.75,32.75,36.97000000000003,0.0,0.0,0.0,0.0,0.0,20.0,0.3,0.1,0.2,0.1,0.4,0.1,0.1,0.1,0.5,0.0,65535.0,0.2752269779507134,0.0,65535.0,0.19856565194171052,0.0,0.0,0.0,0.0,0.0,0.0,0.0,0.0,0.0,0.0
101558.55,1.2254570989480726,0.0,17421.0,37.0,0.21309999999854454,31.6875,32.8125,36.85000000000002,0.0,0.0,0.0,0.0,0.0,20.0,0.3,0.1,0.2,0.1,0.4,0.1,0.1,0.1,0.5,0.0,65535.0,0.27403677424277106,0.0,65535.0,0.19748226138704508,0.0,0.0,0.0,0.0,0.0,0.0,0.0,0.0,0.0,0.0
101618.62,1.228820745096206,0.0,17421.0,37.0,0.22159999999853425,31.75,32.8125,37.01000000000005,0.0,0.0,0.0,0.0,0.0,20.0,0.3,0.1,0.2,0.1,0.4,0.1,0.1,0.1,0.5,0.0,65535.0,0.2734416723887999,0.0,65535.0,0.19844357976653695,0.0,0.0,0.0,0.0,0.0,0.0,0.0,0.0,0.0,0.0
101678.69,1.2067630889555088,0.0,17421.0,37.0,0.19449999999854212,31.6875,32.8125,36.93000000000001,0.0,0.0,0.0,0.0,0.0,20.0,0.3,0.1,0.2,0.1,0.4,0.1,0.1,0.1,0.5,0.0,65535.0,0.2762951094834821,0.0,65535.0,0.20013733119707028,0.0,0.0,0.0,0.0,0.0,0.0,0.0,0.0,0.0,0.0
101738.77,1.2123168323008608,0.0,17421.0,37.0,0.1926999999985412,31.6875,32.8125,36.77000000000004,0.0,0.0,0.0,0.0,0.0,20.0,0.3,0.1,0.2,0.1,0.4,0.1,0.1,0.1,0.5,0.0,65535.0,0.27531853208209356,0.0,65535.0,0.1986266880292973,0.0,0.0,0.0,0.0,0.0,0.0,0.0,0.0,0.0,0.0
101798.81,1.2294689075574412,0.0,17421.0,37.0,0.22769999999853693,31.6875,32.75,36.97000000000003,0.0,0.0,0.0,0.0,0.0,20.0,0.3,0.1,0.2,0.1,0.4,0.1,0.1,0.1,0.5,0.0,65535.0,0.2759288929579614,0.0,65535.0,0.20059510185397117,0.0,0.0,0.0,0.0,0.0,0.0,0.0,0.0,0.0,0.0
101858.89,1.217597361143397,0.0,17421.0,37.0,0.23949999999854124,31.6875,32.75,36.81,0.0,0.0,0.0,0.0,0.0,20.0,0.3,0.1,0.2,0.1,0.4,0.1,0.1,0.1,0.5,0.0,65535.0,0.2739757381551843,0.0,65535.0,0.19929808499275198,0.0,0.0,0.0,0.0,0.0,0.0,0.0,0.0,0.0,0.0
101918.95,1.2186293351557933,0.0,17421.0,37.0,0.22249999999852998,31.625,32.75,36.85000000000002,0.0,0.0,0.0,0.0,0.0,20.0,0.3,0.1,0.2,0.1,0.4,0.1,0.1,0.1,0.5,0.0,65535.0,0.2763256275272755,0.0,65535.0,0.20201419089036393,0.0,0.0,0.0,0.0,0.0,0.0,0.0,0.0,0.0,0.0
101979.0,1.2243844242666118,0.0,17421.0,37.0,0.19559999999853342,31.6875,32.75,36.93000000000001,0.0,0.0,0.0,0.0,0.0,20.0,0.3,0.1,0.2,0.1,0.4,0.1,0.1,0.1,0.5,0.0,65535.0,0.27667658503089954,0.0,65535.0,0.20016784924086367,0.0,0.0,0.0,0.0,0.0,0.0,0.0,0.0,0.0,0.0
102039.04,1.2101230801233118,0.0,17421.0,37.0,0.2323999999985292,31.6875,32.8125,36.77000000000004,0.0,0.0,0.0,0.0,0.0,20.0,0.3,0.1,0.2,0.1,0.4,0.1,0.1,0.1,0.5,0.0,65535.0,0.27534905012588695,0.0,65535.0,0.19888609140154115,0.0,0.0,0.0,0.0,0.0,0.0,0.0,0.0,0.0,0.0
102099.12,1.220380609496325,0.0,17421.0,37.0,0.23479999999852785,31.6875,32.75,36.89000000000004,0.0,0.0,0.0,0.0,0.0,20.0,0.3,0.1,0.2,0.1,0.4,0.1,0.1,0.1,0.5,0.0,65535.0,0.27542534523537043,0.0,65535.0,0.20097657740138858,0.0,0.0,0.0,0.0,0.0,0.0,0.0,0.0,0.0,0.0
102159.19,1.2277094615779847,0.0,17421.0,37.0,0.2094999999985358,31.6875,32.8125,36.93000000000001,0.0,0.0,0.0,0.0,0.0,20.0,0.3,0.1,0.2,0.1,0.4,0.1,0.1,0.1,0.5,0.0,65535.0,0.27876707103074694,0.0,65535.0,0.20196841382467384,0.0,0.0,0.0,0.0,0.0,0.0,0.0,0.0,0.0,0.0
102219.26,1.230103853822744,0.0,17421.0,37.0,0.1702999999985237,31.6875,32.75,37.09000000000003,0.0,0.0,0.0,0.0,0.0,20.0,0.3,0.1,0.2,0.1,0.4,0.1,0.1,0.1,0.5,0.0,65535.0,0.277759975585565,0.0,65535.0,0.20094605935759519,0.0,0.0,0.0,0.0,0.0,0.0,0.0,0.0,0.0,0.0
102279.34,1.2168959393141183,0.0,17421.0,37.0,0.19559999999852823,31.6875,32.75,36.89000000000004,0.0,0.0,0.0,0.0,0.0,20.0,0.3,0.1,0.2,0.1,0.4,0.1,0.1,0.1,0.5,0.0,65535.0,0.2763103685053788,0.0,65535.0,0.19989318684672314,0.0,0.0,0.0,0.0,0.0,0.0,0.0,0.0,0.0,0.0
102339.4,1.2318996514537683,0.0,17421.0,37.0,0.27859999999852547,31.625,32.8125,36.85000000000002,0.0,0.0,0.0,0.0,0.0,20.0,0.3,0.1,0.2,0.1,0.4,0.1,0.1,0.1,0.5,0.0,65535.0,0.27580682078278784,0.0,65535.0,0.1995880064087892,0.0,0.0,0.0,0.0,0.0,0.0,0.0,0.0,0.0,0.0
102399.47,1.2372076234970575,0.0,17421.0,37.0,0.21919999999852183,31.6875,32.8125,36.93000000000001,0.0,0.0,0.0,0.0,0.0,20.0,0.3,0.1,0.2,0.1,0.4,0.1,0.1,0.1,0.5,0.0,65535.0,0.27866025787747006,0.0,65535.0,0.20022888532845046,0.0,0.0,0.0,0.0,0.0,0.0,0.0,0.0,0.0,0.0
102459.51,1.239686490955606,0.0,17421.0,37.0,0.22799999999852633,31.6875,32.8125,37.01000000000005,0.0,0.0,0.0,0.0,0.0,20.0,0.3,0.1,0.2,0.1,0.4,0.1,0.1,0.1,0.5,0.0,65535.0,0.276050965133135,0.0,65535.0,0.1990386816205081,0.0,0.0,0.0,0.0,0.0,0.0,0.0,0.0,0.0,0.0
102519.59,1.2453989182213543,0.0,17421.0,37.0,0.20829999999853002,31.6875,32.75,36.93000000000001,0.0,0.0,0.0,0.0,0.0,20.0,0.3,0.1,0.2,0.1,0.4,0.1,0.1,0.1,0.5,0.0,65535.0,0.2784924086366064,0.0,65535.0,0.20148012512397956,0.0,0.0,0.0,0.0,0.0,0.0,0.0,0.0,0.0,0.0
102579.67,1.2381833312699018,0.0,17421.0,37.0,0.19889999999852434,31.6875,32.8125,36.89000000000004,0.0,0.0,0.0,0.0,0.0,20.0,0.3,0.1,0.2,0.1,0.4,0.1,0.1,0.1,0.5,0.0,65535.0,0.2776684214541848,0.0,65535.0,0.19996948195620662,0.0,0.0,0.0,0.0,0.0,0.0,0.0,0.0,0.0,0.0
102639.74,1.235220925235281,0.0,17421.0,37.0,0.1885999999985178,31.6875,32.75,36.89000000000004,0.0,0.0,0.0,0.0,0.0,20.0,0.3,0.1,0.2,0.1,0.4,0.1,0.1,0.1,0.5,0.0,65535.0,0.27748531319142444,0.0,65535.0,0.1990386816205081,0.0,0.0,0.0,0.0,0.0,0.0,0.0,0.0,0.0,0.0
102699.81,1.2297399035585073,0.0,17421.0,37.0,0.20589999999852707,31.625,32.75,36.93000000000001,0.0,0.0,0.0,0.0,0.0,20.0,0.3,0.1,0.2,0.1,0.4,0.1,0.1,0.1,0.5,0.0,65535.0,0.2789349202716106,0.0,65535.0,0.20373846036469062,0.0,0.0,0.0,0.0,0.0,0.0,0.0,0.0,0.0,0.0
102759.89,1.2351228764298787,0.0,17421.0,37.0,0.24799999999851804,31.6875,32.75,36.77000000000004,0.0,0.0,0.0,0.0,0.0,20.0,0.3,0.1,0.2,0.1,0.4,0.1,0.1,0.1,0.5,0.0,65535.0,0.28116273746852827,0.0,65535.0,0.2029907682917525,0.0,0.0,0.0,0.0,0.0,0.0,0.0,0.0,0.0,0.0
102819.96,1.2195521236808702,0.0,17421.0,37.0,0.1952999999985199,31.625,32.75,36.97000000000003,0.0,0.0,0.0,0.0,0.0,20.0,0.3,0.1,0.2,0.1,0.4,0.1,0.1,0.1,0.5,0.0,65535.0,0.28047608148317693,0.0,65535.0,0.20192263675898375,0.0,0.0,0.0,0.0,0.0,0.0,0.0,0.0,0.0,0.0
102879.99,1.2467337498888538,0.0,17421.0,37.0,0.19179999999852393,31.6875,32.75,36.93000000000001,0.0,0.0,0.0,0.0,0.0,20.0,0.3,0.1,0.2,0.1,0.4,0.1,0.1,0.1,0.5,0.0,65535.0,0.27949950408178836,0.0,65535.0,0.2025940337224384,0.0,0.0,0.0,0.0,0.0,0.0,0.0,0.0,0.0,0.0
102940.02,1.2408839175101065,0.0,17421.0,37.0,0.175299999998523,31.625,32.75,36.81,0.0,0.0,0.0,0.0,0.0,20.0,0.3,0.1,0.2,0.1,0.4,0.1,0.1,0.1,0.5,0.0,65535.0,0.2806439307240406,0.0,65535.0,0.20321965362020294,0.0,0.0,0.0,0.0,0.0,0.0,0.0,0.0,0.0,0.0
103000.07,1.2340706605842549,0.0,17421.0,37.0,0.23979999999852458,31.6875,32.6875,37.13000000000005,0.0,0.0,0.0,0.0,0.0,20.0,0.3,0.1,0.2,0.1,0.4,0.1,0.1,0.1,0.5,0.0,65535.0,0.281376363775082,0.0,65535.0,0.20222781719691768,0.0,0.0,0.0,0.0,0.0,0.0,0.0,0.0,0.0,0.0
103060.12,1.2479323329952896,0.0,17421.0,37.0,0.273399999998525,31.625,32.75,36.93000000000001,0.0,0.0,0.0,0.0,0.0,20.0,0.3,0.1,0.2,0.1,0.4,0.1,0.1,0.1,0.5,0.0,65535.0,0.2792401007095445,0.0,65535.0,0.202563515678645,0.0,0.0,0.0,0.0,0.0,0.0,0.0,0.0,0.0,0.0
103120.16,1.2579783751698783,0.0,17421.0,37.0,0.21249999999852184,31.625,32.75,36.950000000000045,0.0,0.0,0.0,0.0,0.0,20.0,0.3,0.1,0.2,0.1,0.4,0.1,0.1,0.1,0.5,0.0,65535.0,0.2789501792935073,0.0,65535.0,0.20054932478828108,0.0,0.0,0.0,0.0,0.0,0.0,0.0,0.0,0.0,0.0
103180.24,1.2477111274139512,0.0,17421.0,37.0,0.2006999999985158,31.6875,32.6875,36.93000000000001,0.0,0.0,0.0,0.0,0.0,20.0,0.3,0.1,0.2,0.1,0.4,0.1,0.1,0.1,0.5,0.0,65535.0,0.28075074387731747,0.0,65535.0,0.20166323338673992,0.0,0.0,0.0,0.0,0.0,0.0,0.0,0.0,0.0,0.0
103240.31,1.2199456892333145,0.0,17421.0,37.0,0.272799999998523,31.6875,32.6875,36.79000000000002,0.0,0.0,0.0,0.0,0.0,20.0,0.3,0.1,0.2,0.1,0.4,0.1,0.1,0.1,0.5,0.0,65535.0,0.2805676356145571,0.0,65535.0,0.20112916762035554,0.0,0.0,0.0,0.0,0.0,0.0,0.0,0.0,0.0,0.0
103300.37,1.2494261517444913,0.0,17421.0,37.0,0.2336999999985159,31.6875,32.75,36.97000000000003,0.0,0.0,0.0,0.0,0.0,20.0,0.3,0.1,0.2,0.1,0.4,0.1,0.1,0.1,0.5,0.0,65535.0,0.2813305867093919,0.0,65535.0,0.20033569848172733,0.0,0.0,0.0,0.0,0.0,0.0,0.0,0.0,0.0,0.0
103360.4,1.2616123594929503,0.0,17421.0,37.0,0.22069999999850926,31.6875,32.6875,36.950000000000045,0.0,0.0,0.0,0.0,0.0,20.0,0.3,0.1,0.2,0.1,0.4,0.1,0.1,0.1,0.5,0.0,65535.0,0.28201724269474326,0.0,65535.0,0.20010681315327689,0.0,0.0,0.0,0.0,0.0,0.0,0.0,0.0,0.0,0.0
103420.46,1.23284886436256,0.0,17421.0,37.0,0.2739999999985202,31.625,32.6875,36.950000000000045,0.0,0.0,0.0,0.0,0.0,20.0,0.3,0.1,0.2,0.1,0.4,0.1,0.1,0.1,0.5,0.0,65535.0,0.28242923628595407,0.0,65535.0,0.20077821011673153,0.0,0.0,0.0,0.0,0.0,0.0,0.0,0.0,0.0,0.0
103480.53,1.2624682672161636,0.0,17421.0,37.0,0.22069999999850756,31.625,32.75,36.85000000000002,0.0,0.0,0.0,0.0,0.0,20.0,0.3,0.1,0.2,0.1,0.4,0.1,0.1,0.1,0.5,0.0,65535.0,0.28418402380407415,0.0,65535.0,0.2025940337224384,0.0,0.0,0.0,0.0,0.0,0.0,0.0,0.0,0.0,0.0
103540.57,1.2682099654519343,0.0,17421.0,37.0,0.1926999999985154,31.6875,32.75,36.85000000000002,0.0,0.0,0.0,0.0,0.0,20.0,0.3,0.1,0.2,0.1,0.4,0.1,0.1,0.1,0.5,0.0,65535.0,0.2806591897459373,0.0,65535.0,0.20094605935759519,0.0,0.0,0.0,0.0,0.0,0.0,0.0,0.0,0.0,0.0
103600.65,1.2682308855004765,0.0,17421.0,37.0,0.23589999999851616,31.6875,32.6875,36.85000000000002,0.0,0.0,0.0,0.0,0.0,20.0,0.3,0.1,0.2,0.1,0.4,0.1,0.1,0.1,0.5,0.0,65535.0,0.2831311512932021,0.0,65535.0,0.2030212863355459,0.0,0.0,0.0,0.0,0.0,0.0,0.0,0.0,0.0,0.0
103660.73,1.2525560459770746,0.0,17421.0,37.0,0.16969999999850274,31.625,32.75,36.85000000000002,0.0,0.0,0.0,0.0,0.0,20.0,0.3,0.1,0.2,0.1,0.4,0.1,0.1,0.1,0.5,0.0,65535.0,0.2801556420233463,0.0,65535.0,0.19978637369344626,0.0,0.0,0.0,0.0,0.0,0.0,0.0,0.0,0.0,0.0
103720.79,1.2745123528281657,0.0,17421.0,37.0,0.22559999999850874,31.6875,32.75,36.89000000000004,0.0,0.0,0.0,0.0,0.0,20.0,0.3,0.1,0.2,0.1,0.4,0.1,0.1,0.1,0.5,0.0,65535.0,0.2801556420233463,0.0,65535.0,0.2000457770656901,0.0,0.0,0.0,0.0,0.0,0.0,0.0,0.0,0.0,0.0
103780.85,1.261266950530088,0.0,17421.0,37.0,0.21059999999850731,31.625,32.6875,36.89000000000004,0.0,0.0,0.0,0.0,0.0,20.0,0.3,0.1,0.2,0.1,0.4,0.1,0.1,0.1,0.5,0.0,65535.0,0.28212405584802014,0.0,65535.0,0.2004882887006943,0.0,0.0,0.0,0.0,0.0,0.0,0.0,0.0,0.0,0.0
103840.91,1.2584561403088175,0.0,17421.0,37.0,0.25039999999850293,31.6875,32.6875,36.870000000000005,0.0,0.0,0.0,0.0,0.0,20.0,0.3,0.1,0.2,0.1,0.4,0.1,0.1,0.1,0.5,0.0,65535.0,0.28252079041733424,0.0,65535.0,0.20160219729915313,0.0,0.0,0.0,0.0,0.0,0.0,0.0,0.0,0.0,0.0
103900.98,1.2597628993684544,0.0,17421.0,37.0,0.19299999999850995,31.625,32.6875,36.97000000000003,0.0,0.0,0.0,0.0,0.0,20.0,0.3,0.1,0.2,0.1,0.4,0.1,0.1,0.1,0.5,0.0,65535.0,0.2810101472495613,0.0,65535.0,0.20138857099259938,0.0,0.0,0.0,0.0,0.0,0.0,0.0,0.0,0.0,0.0
103961.04,1.2631788910534876,0.0,17421.0,37.0,0.2783999999985076,31.625,32.75,36.93000000000001,0.0,0.0,0.0,0.0,0.0,20.0,0.3,0.1,0.2,0.1,0.4,0.1,0.1,0.1,0.5,0.0,65535.0,0.28369573510337986,0.0,65535.0,0.20070191500724804,0.0,0.0,0.0,0.0,0.0,0.0,0.0,0.0,0.0,0.0
104021.08,1.2687593412227056,0.0,17421.0,37.0,0.19599999999850892,31.6875,32.75,36.97000000000003,0.0,0.0,0.0,0.0,0.0,20.0,0.3,0.1,0.2,0.1,0.4,0.1,0.1,0.1,0.5,0.0,65535.0,0.2832074464026856,0.0,65535.0,0.20163271534294652,0.0,0.0,0.0,0.0,0.0,0.0,0.0,0.0,0.0,0.0
104081.12,1.2555083339804969,0.0,17421.0,37.0,0.20129999999850323,31.6875,32.6875,37.03000000000003,0.0,0.0,0.0,0.0,0.0,20.0,0.3,0.1,0.2,0.1,0.4,0.1,0.1,0.1,0.5,0.0,65535.0,0.28207827878233005,0.0,65535.0,0.2034332799267567,0.0,0.0,0.0,0.0,0.0,0.0,0.0,0.0,0.0,0.0
104141.17,1.2877633419875762,0.0,17421.0,37.0,0.21569999999850265,31.625,32.6875,37.01000000000005,0.0,0.0,0.0,0.0,0.0,20.0,0.3,0.1,0.2,0.1,0.4,0.1,0.1,0.1,0.5,0.0,65535.0,0.28418402380407415,0.0,65535.0,0.20193789578088045,0.0,0.0,0.0,0.0,0.0,0.0,0.0,0.0,0.0,0.0
104201.22,1.2906487072737538,0.0,17421.0,37.0,0.24249999999850752,31.625,32.6875,36.81,0.0,0.0,0.0,0.0,0.0,20.0,0.3,0.1,0.2,0.1,0.4,0.1,0.1,0.1,0.5,0.0,65535.0,0.2836041809719997,0.0,65535.0,0.2005188067444877,0.0,0.0,0.0,0.0,0.0,0.0,0.0,0.0,0.0,0.0
104261.26,1.2853662722404635,0.0,17421.0,37.0,0.19329999999850536,31.6875,32.6875,36.89000000000004,0.0,0.0,0.0,0.0,0.0,20.0,0.3,0.1,0.2,0.1,0.4,0.1,0.1,0.1,0.5,0.0,65535.0,0.282734416723888,0.0,65535.0,0.2012664988174258,0.0,0.0,0.0,0.0,0.0,0.0,0.0,0.0,0.0,0.0
104321.34,1.269675465639767,0.0,17421.0,37.0,0.20259999999850514,31.625,32.6875,36.89000000000004,0.0,0.0,0.0,0.0,0.0,20.0,0.3,0.1,0.2,0.1,0.4,0.1,0.1,0.1,0.5,0.0,65535.0,0.2848706797894255,0.0,65535.0,0.20067139696345465,0.0,0.0,0.0,0.0,0.0,0.0,0.0,0.0,0.0,0.0
104381.42,1.2761101690665155,0.0,17421.0,37.0,0.27649999999849734,31.625,32.6875,36.710000000000036,0.0,0.0,0.0,0.0,0.0,20.0,0.3,0.1,0.2,0.1,0.4,0.1,0.1,0.1,0.5,0.0,65535.0,0.2881513694972152,0.0,65535.0,0.20607309071488517,0.0,0.0,0.0,0.0,0.0,0.0,0.0,0.0,0.0,0.0
104441.47,1.2835407402991927,0.0,17421.0,37.0,0.24799999999849484,31.5,32.6875,36.81,0.0,0.0,0.0,0.0,0.0,20.0,0.3,0.1,0.2,0.1,0.4,0.1,0.1,0.1,0.5,0.0,65535.0,0.28451972228580147,0.0,65535.0,0.2008850232700084,0.0,0.0,0.0,0.0,0.0,0.0,0.0,0.0,0.0,0.0
104501.55,1.2713234382302345,0.0,17421.0,37.0,0.1764999999985013,31.625,32.6875,36.85000000000002,0.0,0.0,0.0,0.0,0.0,20.0,0.3,0.1,0.2,0.1,0.4,0.1,0.1,0.1,0.5,0.0,65535.0,0.28503852903028915,0.0,65535.0,0.20375371938658732,0.0,0.0,0.0,0.0,0.0,0.0,0.0,0.0,0.0,0.0
104561.61,1.2894927987492304,0.0,17421.0,37.0,0.23419999999849314,31.625,32.6875,36.77000000000004,0.0,0.0,0.0,0.0,0.0,20.0,0.3,0.1,0.2,0.1,0.4,0.1,0.1,0.1,0.5,0.0,65535.0,0.285297932402533,0.0,65535.0,0.20122072175173572,0.0,0.0,0.0,0.0,0.0,0.0,0.0,0.0,0.0,0.0
104621.68,1.273373381907672,0.0,17421.0,37.0,0.23539999999849204,31.625,32.6875,36.79000000000002,0.0,0.0,0.0,0.0,0.0,20.0,0.3,0.1,0.2,0.1,0.4,0.1,0.1,0.1,0.5,0.0,65535.0,0.2869916838330663,0.0,65535.0,0.2017700465400168,0.0,0.0,0.0,0.0,0.0,0.0,0.0,0.0,0.0,0.0
104681.73,1.2975513362866633,0.0,17421.0,37.0,0.17769999999849848,31.5625,32.625,36.77000000000004,0.0,0.0,0.0,0.0,0.0,20.0,0.3,0.1,0.2,0.1,0.4,0.1,0.1,0.1,0.5,0.0,65535.0,0.28508430609597923,0.0,65535.0,0.20106813153276876,0.0,0.0,0.0,0.0,0.0,0.0,0.0,0.0,0.0,0.0
104741.77,1.2982967340015594,0.0,17421.0,37.0,0.2206999999984895,31.6875,32.6875,36.870000000000005,0.0,0.0,0.0,0.0,0.0,20.0,0.3,0.1,0.2,0.1,0.4,0.1,0.1,0.1,0.5,0.0,65535.0,0.2840466926070039,0.0,65535.0,0.2013275349050126,0.0,0.0,0.0,0.0,0.0,0.0,0.0,0.0,0.0,0.0
104801.86,1.2899003831820754,0.0,17421.0,37.0,0.21069999999849773,31.625,32.6875,36.77000000000004,0.0,0.0,0.0,0.0,0.0,20.0,0.3,0.1,0.2,0.1,0.4,0.1,0.1,0.1,0.5,0.0,65535.0,0.2852063782711528,0.0,65535.0,0.20341802090486,0.0,0.0,0.0,0.0,0.0,0.0,0.0,0.0,0.0,0.0
104861.92,1.3031589178858234,0.0,17421.0,37.0,0.23569999999848834,31.6875,32.6875,37.03000000000003,0.0,0.0,0.0,0.0,0.0,20.0,0.3,0.1,0.2,0.1,0.4,0.1,0.1,0.1,0.5,0.0,65535.0,0.28326848249027237,0.0,65535.0,0.20309758144502937,0.0,0.0,0.0,0.0,0.0,0.0,0.0,0.0,0.0,0.0
104922.0,1.2826208982882272,0.0,17421.0,37.0,0.2270999999984919,31.6875,32.6875,36.77000000000004,0.0,0.0,0.0,0.0,0.0,20.0,0.3,0.1,0.2,0.1,0.4,0.1,0.1,0.1,0.5,0.0,65535.0,0.2904097047379263,0.0,65535.0,0.20320439459830625,0.0,0.0,0.0,0.0,0.0,0.0,0.0,0.0,0.0,0.0
104982.07,1.2942297424428775,0.0,17421.0,37.0,0.23039999999849145,31.6875,32.6875,36.870000000000005,0.0,0.0,0.0,0.0,0.0,20.0,0.3,0.1,0.2,0.1,0.4,0.1,0.1,0.1,0.5,0.0,65535.0,0.2840161745632105,0.0,65535.0,0.2021210040436408,0.0,0.0,0.0,0.0,0.0,0.0,0.0,0.0,0.0,0.0
105042.14,1.2849399379798772,0.0,17421.0,37.0,0.3069999999984837,31.625,32.6875,36.93000000000001,0.0,0.0,0.0,0.0,0.0,20.0,0.3,0.1,0.2,0.1,0.4,0.1,0.1,0.1,0.5,0.0,65535.0,0.2860608834973678,0.0,65535.0,0.2037994964522774,0.0,0.0,0.0,0.0,0.0,0.0,0.0,0.0,0.0,0.0
105102.18,1.2911361006855766,0.0,17421.0,37.0,0.18669999999849282,31.6875,32.625,36.93000000000001,0.0,0.0,0.0,0.0,0.0,20.0,0.3,0.1,0.2,0.1,0.4,0.1,0.1,0.1,0.5,0.0,65535.0,0.28456549935149156,0.0,65535.0,0.20492866407263294,0.0,0.0,0.0,0.0,0.0,0.0,0.0,0.0,0.0,0.0
105162.26,1.2952663390938723,0.0,17421.0,37.0,0.23429999999848874,31.6875,32.6875,36.97000000000003,0.0,0.0,0.0,0.0,0.0,20.0,0.3,0.1,0.2,0.1,0.4,0.1,0.1,0.1,0.5,0.0,65535.0,0.28752574959945065,0.0,65535.0,0.20404364080262455,0.0,0.0,0.0,0.0,0.0,0.0,0.0,0.0,0.0,0.0
105222.33,1.280450642263094,0.0,17421.0,37.0,0.22399999999848222,31.625,32.6875,36.85000000000002,0.0,0.0,0.0,0.0,0.0,20.0,0.3,0.1,0.2,0.1,0.4,0.1,0.1,0.1,0.5,0.0,65535.0,0.2855420767528801,0.0,65535.0,0.20238040741588464,0.0,0.0,0.0,0.0,0.0,0.0,0.0,0.0,0.0,0.0
105282.4,1.3071230421281508,0.0,17421.0,37.0,0.1947999999984903,31.625,32.6875,36.690000000000055,0.0,0.0,0.0,0.0,0.0,20.0,0.3,0.1,0.2,0.1,0.4,0.1,0.1,0.1,0.5,0.0,65535.0,0.2859845883878843,0.0,65535.0,0.20267032883192188,0.0,0.0,0.0,0.0,0.0,0.0,0.0,0.0,0.0,0.0
105342.47,1.2815974252440654,0.0,17421.0,37.0,0.19889999999848484,31.625,32.6875,36.950000000000045,0.0,0.0,0.0,0.0,0.0,20.0,0.3,0.1,0.2,0.1,0.4,0.1,0.1,0.1,0.5,0.0,65535.0,0.28548104066529334,0.0,65535.0,0.20170901045243,0.0,0.0,0.0,0.0,0.0,0.0,0.0,0.0,0.0,0.0
105402.54,1.313284498156229,0.0,17421.0,37.0,0.21039999999848946,31.6875,32.6875,36.97000000000003,0.0,0.0,0.0,0.0,0.0,20.0,0.3,0.1,0.2,0.1,0.4,0.1,0.1,0.1,0.5,0.0,65535.0,0.28717479209582664,0.0,65535.0,0.2050659952697032,0.0,0.0,0.0,0.0,0.0,0.0,0.0,0.0,0.0,0.0
105462.64,1.2964929660014726,0.0,17421.0,37.0,0.24009999999849,31.625,32.6875,36.77000000000004,0.0,0.0,0.0,0.0,0.0,20.0,0.3,0.1,0.2,0.1,0.4,0.1,0.1,0.1,0.5,0.0,65535.0,0.2888990615701533,0.0,65535.0,0.20291447318226902,0.0,0.0,0.0,0.0,0.0,0.0,0.0,0.0,0.0,0.0
105522.73,1.3048740242895573,0.0,17421.0,37.0,0.22069999999847836,31.5625,32.75,36.97000000000003,0.0,0.0,0.0,0.0,0.0,20.0,0.3,0.1,0.2,0.1,0.4,0.1,0.1,0.1,0.5,0.0,65535.0,0.287861448081178,0.0,65535.0,0.20315861753261616,0.0,0.0,0.0,0.0,0.0,0.0,0.0,0.0,0.0,0.0
105582.79,1.3015496450593742,0.0,17421.0,37.0,0.1773999999984859,31.625,32.6875,36.89000000000004,0.0,0.0,0.0,0.0,0.0,20.0,0.3,0.1,0.2,0.1,0.4,0.1,0.1,0.1,0.5,0.0,65535.0,0.288212405584802,0.0,65535.0,0.20271610589761196,0.0,0.0,0.0,0.0,0.0,0.0,0.0,0.0,0.0,0.0
105642.87,1.3098432586801496,0.0,17421.0,37.0,0.23799999999848762,31.625,32.6875,36.870000000000005,0.0,0.0,0.0,0.0,0.0,20.0,0.3,0.1,0.2,0.1,0.4,0.1,0.1,0.1,0.5,0.0,65535.0,0.2874189364461738,0.0,65535.0,0.2034027618829633,0.0,0.0,0.0,0.0,0.0,0.0,0.0,0.0,0.0,0.0
105702.94,1.3118021198363317,0.0,17421.0,37.0,0.255999999998488,31.625,32.6875,36.870000000000005,0.0,0.0,0.0,0.0,0.0,20.0,0.3,0.1,0.2,0.1,0.4,0.1,0.1,0.1,0.5,0.0,65535.0,0.28789196612497137,0.0,65535.0,0.20363164721141375,0.0,0.0,0.0,0.0,0.0,0.0,0.0,0.0,0.0,0.0
105763.01,1.3110586751805644,0.0,17421.0,37.0,0.22039999999847604,31.625,32.625,36.77000000000004,0.0,0.0,0.0,0.0,0.0,20.0,0.3,0.1,0.2,0.1,0.4,0.1,0.1,0.1,0.5,0.0,65535.0,0.28673228046082244,0.0,65535.0,0.20314335851071946,0.0,0.0,0.0,0.0,0.0,0.0,0.0,0.0,0.0,0.0
105823.09,1.3063614254659843,0.0,17421.0,37.0,0.25779999999848635,31.625,32.6875,36.85000000000002,0.0,0.0,0.0,0.0,0.0,20.0,0.3,0.1,0.2,0.1,0.4,0.1,0.1,0.1,0.5,0.0,65535.0,0.2899977111467155,0.0,65535.0,0.20560006103608758,0.0,0.0,0.0,0.0,0.0,0.0,0.0,0.0,0.0,0.0
105883.19,1.3187128175251295,0.0,17421.0,37.0,0.23449999999847485,31.5625,32.6875,36.77000000000004,0.0,0.0,0.0,0.0,0.0,20.0,0.3,0.1,0.2,0.1,0.4,0.1,0.1,0.1,0.5,0.0,65535.0,0.2901960784313726,0.0,65535.0,0.2067597467002365,0.0,0.0,0.0,0.0,0.0,0.0,0.0,0.0,0.0,0.0
105943.25,1.3171117763087419,0.0,17421.0,37.0,0.23099999999847887,31.625,32.6875,36.690000000000055,0.0,0.0,0.0,0.0,0.0,20.0,0.3,0.1,0.2,0.1,0.4,0.1,0.1,0.1,0.5,0.0,65535.0,0.29120317387655453,0.0,65535.0,0.20320439459830625,0.0,0.0,0.0,0.0,0.0,0.0,0.0,0.0,0.0,0.0
106003.3,1.3028858464479132,0.0,17421.0,37.0,0.20769999999848243,31.625,32.6875,36.81,0.0,0.0,0.0,0.0,0.0,20.0,0.3,0.1,0.2,0.1,0.4,0.1,0.1,0.1,0.5,0.0,65535.0,0.29021133745326927,0.0,65535.0,0.2038147554741741,0.0,0.0,0.0,0.0,0.0,0.0,0.0,0.0,0.0,0.0
106063.34,1.3304862139343911,0.0,17421.0,37.0,0.2533999999984735,31.625,32.6875,36.870000000000005,0.0,0.0,0.0,0.0,0.0,20.0,0.3,0.1,0.2,0.1,0.4,0.1,0.1,0.1,0.5,0.0,65535.0,0.28993667505912873,0.0,65535.0,0.20193789578088045,0.0,0.0,0.0,0.0,0.0,0.0,0.0,0.0,0.0,0.0
106123.39,1.3157831095055204,0.0,17421.0,37.0,0.16009999999846886,31.625,32.6875,36.81,0.0,0.0,0.0,0.0,0.0,20.0,0.3,0.1,0.2,0.1,0.4,0.1,0.1,0.1,0.5,0.0,65535.0,0.28950942244602124,0.0,65535.0,0.20312809948882277,0.0,0.0,0.0,0.0,0.0,0.0,0.0,0.0,0.0,0.0
106183.46,1.3145741758234664,0.0,17421.0,37.0,0.22679999999847497,31.5625,32.6875,36.690000000000055,0.0,0.0,0.0,0.0,0.0,20.0,0.3,0.1,0.2,0.1,0.4,0.1,0.1,0.1,0.5,0.0,65535.0,0.29028763256275275,0.0,65535.0,0.2050812542915999,0.0,0.0,0.0,0.0,0.0,0.0,0.0,0.0,0.0,0.0
106243.5,1.3261684804264207,0.0,17421.0,37.0,0.197699999998473,31.625,32.6875,36.870000000000005,0.0,0.0,0.0,0.0,0.0,20.0,0.3,0.1,0.2,0.1,0.4,0.1,0.1,0.1,0.5,0.0,65535.0,0.29073014419775695,0.0,65535.0,0.2017242694743267,0.0,0.0,0.0,0.0,0.0,0.0,0.0,0.0,0.0,0.0
106303.58,1.3331322034174609,0.0,17421.0,37.0,0.21389999999847248,31.5625,32.6875,36.870000000000005,0.0,0.0,0.0,0.0,0.0,20.0,0.3,0.1,0.2,0.1,0.4,0.1,0.1,0.1,0.5,0.0,65535.0,0.2930495155260548,0.0,65535.0,0.20500495918211642,0.0,0.0,0.0,0.0,0.0,0.0,0.0,0.0,0.0,0.0
106363.63,1.3302907365420167,0.0,17421.0,37.0,0.24039999999847764,31.5625,32.6875,36.79000000000002,0.0,0.0,0.0,0.0,0.0,20.0,0.3,0.1,0.2,0.1,0.4,0.1,0.1,0.1,0.5,0.0,65535.0,0.2914473182269017,0.0,65535.0,0.20396734569314107,0.0,0.0,0.0,0.0,0.0,0.0,0.0,0.0,0.0,0.0
106423.68,1.3294079350385013,0.0,17421.0,37.0,0.2159999999984714,31.5625,32.6875,36.79000000000002,0.0,0.0,0.0,0.0,0.0,20.0,0.3,0.1,0.2,0.1,0.4,0.1,0.1,0.1,0.5,0.0,65535.0,0.2921492332341497,0.0,65535.0,0.20437933928435187,0.0,0.0,0.0,0.0,0.0,0.0,0.0,0.0,0.0,0.0
106483.72,1.3405120789687937,0.0,17421.0,37.0,0.22039999999846568,31.5625,32.625,36.93000000000001,0.0,0.0,0.0,0.0,0.0,20.0,0.3,0.1,0.2,0.1,0.4,0.1,0.1,0.1,0.5,0.0,65535.0,0.292637521934844,0.0,65535.0,0.2055085069047074,0.0,0.0,0.0,0.0,0.0,0.0,0.0,0.0,0.0,0.0
106543.76,1.331479509133069,0.0,17421.0,37.0,0.23039999999846994,31.625,32.6875,36.89000000000004,0.0,0.0,0.0,0.0,0.0,20.0,0.3,0.1,0.2,0.1,0.4,0.1,0.1,0.1,0.5,0.0,65535.0,0.29199664301518274,0.0,65535.0,0.20198367284657054,0.0,0.0,0.0,0.0,0.0,0.0,0.0,0.0,0.0,0.0
106603.81,1.3256047134839135,0.0,17421.0,37.0,0.22949999999846904,31.625,32.6875,36.79000000000002,0.0,0.0,0.0,0.0,0.0,20.0,0.3,0.1,0.2,0.1,0.4,0.1,0.1,0.1,0.5,0.0,65535.0,0.29066910811017016,0.0,65535.0,0.2033875028610666,0.0,0.0,0.0,0.0,0.0,0.0,0.0,0.0,0.0,0.0
106663.85,1.3469267995137142,0.0,17421.0,37.0,0.2171999999984677,31.5625,32.6875,36.89000000000004,0.0,0.0,0.0,0.0,0.0,20.0,0.3,0.1,0.2,0.1,0.4,0.1,0.1,0.1,0.5,0.0,65535.0,0.294193942168307,0.0,65535.0,0.2050659952697032,0.0,0.0,0.0,0.0,0.0,0.0,0.0,0.0,0.0,0.0
106723.92,1.3573749461446427,0.0,17421.0,37.0,0.2347999999984625,31.625,32.6875,36.89000000000004,0.0,0.0,0.0,0.0,0.0,20.0,0.3,0.1,0.2,0.1,0.4,0.1,0.1,0.1,0.5,0.0,65535.0,0.2934462500953689,0.0,65535.0,0.20373846036469062,0.0,0.0,0.0,0.0,0.0,0.0,0.0,0.0,0.0,0.0
106783.96,1.3411076481338282,0.0,17421.0,37.0,0.20829999999847068,31.5625,32.6875,36.81,0.0,0.0,0.0,0.0,0.0,20.0,0.3,0.1,0.2,0.1,0.4,0.1,0.1,0.1,0.5,0.0,65535.0,0.2926832990005341,0.0,65535.0,0.20402838178072785,0.0,0.0,0.0,0.0,0.0,0.0,0.0,0.0,0.0,0.0
106844.0,1.3329579462073564,0.0,17421.0,37.0,0.2273999999984658,31.5625,32.625,36.63000000000005,0.0,0.0,0.0,0.0,0.0,20.0,0.3,0.1,0.2,0.1,0.4,0.1,0.1,0.1,0.5,0.0,65535.0,0.29277485313191426,0.0,65535.0,0.20411993591210803,0.0,0.0,0.0,0.0,0.0,0.0,0.0,0.0,0.0,0.0
106904.05,1.3584614328413895,0.0,17421.0,37.0,0.1938999999984687,31.5,32.6875,36.93000000000001,0.0,0.0,0.0,0.0,0.0,20.0,0.3,0.1,0.2,0.1,0.4,0.1,0.1,0.1,0.5,0.0,65535.0,0.29364461738002595,0.0,65535.0,0.20317387655451286,0.0,0.0,0.0,0.0,0.0,0.0,0.0,0.0,0.0,0.0
106964.1,1.3631318184915222,0.0,17421.0,37.0,0.263099999998466,31.5625,32.625,36.85000000000002,0.0,0.0,0.0,0.0,0.0,20.0,0.3,0.1,0.2,0.1,0.4,0.1,0.1,0.1,0.5,0.0,65535.0,0.29359884031433586,0.0,65535.0,0.20440985732814526,0.0,0.0,0.0,0.0,0.0,0.0,0.0,0.0,0.0,0.0
107024.18,1.3432186809556197,0.0,17421.0,37.0,0.2033999999984626,31.5,32.625,37.05000000000001,0.0,0.0,0.0,0.0,0.0,20.0,0.3,0.1,0.2,0.1,0.4,0.1,0.1,0.1,0.5,0.0,65535.0,0.29416342412451363,0.0,65535.0,0.2050507362478065,0.0,0.0,0.0,0.0,0.0,0.0,0.0,0.0,0.0,0.0
107084.25,1.3614547881913541,0.0,17421.0,37.0,0.20309999999846198,31.5625,32.625,36.77000000000004,0.0,0.0,0.0,0.0,0.0,20.0,0.3,0.1,0.2,0.1,0.4,0.1,0.1,0.1,0.5,0.0,65535.0,0.29192034790569926,0.0,65535.0,0.2029602502479591,0.0,0.0,0.0,0.0,0.0,0.0,0.0,0.0,0.0,0.0
107144.29,1.3488915552626723,0.0,17421.0,37.0,0.21689999999846193,31.625,32.625,36.870000000000005,0.0,0.0,0.0,0.0,0.0,20.0,0.3,0.1,0.2,0.1,0.4,0.1,0.1,0.1,0.5,0.0,65535.0,0.2942854962996872,0.0,65535.0,0.2033722438391699,0.0,0.0,0.0,0.0,0.0,0.0,0.0,0.0,0.0,0.0
107204.35,1.348461722928577,0.0,17421.0,37.0,0.2627999999984628,31.625,32.6875,37.01000000000005,0.0,0.0,0.0,0.0,0.0,20.0,0.3,0.1,0.2,0.1,0.4,0.1,0.1,0.1,0.5,0.0,65535.0,0.29440756847486077,0.0,65535.0,0.20663767452506293,0.0,0.0,0.0,0.0,0.0,0.0,0.0,0.0,0.0,0.0
107264.43,1.3599978365364567,0.0,17421.0,37.0,0.17979999999846383,31.5625,32.6875,36.870000000000005,0.0,0.0,0.0,0.0,0.0,20.0,0.3,0.1,0.2,0.1,0.4,0.1,0.1,0.1,0.5,0.0,65535.0,0.29625391012436103,0.0,65535.0,0.20410467689021133,0.0,0.0,0.0,0.0,0.0,0.0,0.0,0.0,0.0,0.0
107324.5,1.3477734002298378,0.0,17421.0,37.0,0.2806999999984573,31.5625,32.625,36.610000000000014,0.0,0.0,0.0,0.0,0.0,20.0,0.3,0.1,0.2,0.1,0.4,0.1,0.1,0.1,0.5,0.0,65535.0,0.29526207370107577,0.0,65535.0,0.2054627298390173,0.0,0.0,0.0,0.0,0.0,0.0,0.0,0.0,0.0,0.0
107384.59,1.3562886934542353,0.0,17421.0,37.0,0.22129999999845365,31.5625,32.625,36.93000000000001,0.0,0.0,0.0,0.0,0.0,20.0,0.3,0.1,0.2,0.1,0.4,0.1,0.1,0.1,0.5,0.0,65535.0,0.29567406729228657,0.0,65535.0,0.20454718852521553,0.0,0.0,0.0,0.0,0.0,0.0,0.0,0.0,0.0,0.0
107444.68,1.3616969169108855,0.0,17421.0,37.0,0.20889999999846237,31.5625,32.6875,36.73000000000002,0.0,0.0,0.0,0.0,0.0,20.0,0.3,0.1,0.2,0.1,0.4,0.1,0.1,0.1,0.5,0.0,65535.0,0.2963607232776379,0.0,65535.0,0.20560006103608758,0.0,0.0,0.0,0.0,0.0,0.0,0.0,0.0,0.0,0.0
107504.73,1.3441183584416172,0.0,17421.0,37.0,0.2300999999984573,31.5625,32.6875,36.870000000000005,0.0,0.0,0.0,0.0,0.0,20.0,0.3,0.1,0.2,0.1,0.4,0.1,0.1,0.1,0.5,0.0,65535.0,0.2968337529564355,0.0,65535.0,0.20541695277332722,0.0,0.0,0.0,0.0,0.0,0.0,0.0,0.0,0.0,0.0
107564.81,1.3593279884688565,0.0,17421.0,37.0,0.23129999999845618,31.5625,32.625,36.81,0.0,0.0,0.0,0.0,0.0,20.0,0.3,0.1,0.2,0.1,0.4,0.1,0.1,0.1,0.5,0.0,65535.0,0.29498741130693523,0.0,65535.0,0.20527962157625695,0.0,0.0,0.0,0.0,0.0,0.0,0.0,0.0,0.0,0.0
107624.88,1.3541585606169362,0.0,17421.0,37.0,0.2386999999984503,31.5625,32.625,36.870000000000005,0.0,0.0,0.0,0.0,0.0,20.0,0.3,0.1,0.2,0.1,0.4,0.1,0.1,0.1,0.5,0.0,65535.0,0.2963759822995346,0.0,65535.0,0.20537117570763713,0.0,0.0,0.0,0.0,0.0,0.0,0.0,0.0,0.0,0.0
107684.95,1.3752582700325662,0.0,17421.0,37.0,0.2380999999984491,31.5625,32.625,36.950000000000045,0.0,0.0,0.0,0.0,0.0,20.0,0.3,0.1,0.2,0.1,0.4,0.1,0.1,0.1,0.5,0.0,65535.0,0.29625391012436103,0.0,65535.0,0.2055237659266041,0.0,0.0,0.0,0.0,0.0,0.0,0.0,0.0,0.0,0.0
107744.99,1.3746814649994872,0.0,17421.0,37.0,0.23279999999845308,31.5625,32.625,36.93000000000001,0.0,0.0,0.0,0.0,0.0,20.0,0.3,0.1,0.2,0.1,0.4,0.1,0.1,0.1,0.5,0.0,65535.0,0.2963759822995346,0.0,65535.0,0.20616464484626534,0.0,0.0,0.0,0.0,0.0,0.0,0.0,0.0,0.0,0.0
107805.04,1.3766366107064576,0.0,17421.0,37.0,0.24019999999844718,31.5625,32.625,36.870000000000005,0.0,0.0,0.0,0.0,0.0,20.0,0.3,0.1,0.2,0.1,0.4,0.1,0.1,0.1,0.5,0.0,65535.0,0.297611963073167,0.0,65535.0,0.20355535210193026,0.0,0.0,0.0,0.0,0.0,0.0,0.0,0.0,0.0,0.0
107865.08,1.37296076182416,0.0,17421.0,37.0,0.21309999999845505,31.625,32.625,36.85000000000002,0.0,0.0,0.0,0.0,0.0,20.0,0.3,0.1,0.2,0.1,0.4,0.1,0.1,0.1,0.5,0.0,65535.0,0.2964675364309148,0.0,65535.0,0.20451667048142214,0.0,0.0,0.0,0.0,0.0,0.0,0.0,0.0,0.0,0.0
107925.13,1.369239912327222,0.0,17421.0,37.0,0.22219999999844509,31.625,32.625,37.05000000000001,0.0,0.0,0.0,0.0,0.0,20.0,0.3,0.1,0.2,0.1,0.4,0.1,0.1,0.1,0.5,0.0,65535.0,0.29582665751125353,0.0,65535.0,0.20450141145952544,0.0,0.0,0.0,0.0,0.0,0.0,0.0,0.0,0.0,0.0
107985.18,1.381169364206371,0.0,17421.0,37.0,0.2586999999984554,31.5625,32.5625,36.870000000000005,0.0,0.0,0.0,0.0,0.0,20.0,0.3,0.1,0.2,0.1,0.4,0.1,0.1,0.1,0.5,0.0,65535.0,0.296910048065919,0.0,65535.0,0.20576791027695124,0.0,0.0,0.0,0.0,0.0,0.0,0.0,0.0,0.0,0.0
108045.25,1.3680131016832724,0.0,17421.0,37.0,0.22159999999844307,31.625,32.625,37.01000000000005,0.0,0.0,0.0,0.0,0.0,20.0,0.3,0.1,0.2,0.1,0.4,0.1,0.1,0.1,0.5,0.0,65535.0,0.29707789730678263,0.0,65535.0,0.2054627298390173,0.0,0.0,0.0,0.0,0.0,0.0,0.0,0.0,0.0,0.0
108105.31,1.3671657843520768,0.0,17421.0,37.0,0.19159999999844107,31.625,32.6875,36.79000000000002,0.0,0.0,0.0,0.0,0.0,20.0,0.3,0.1,0.2,0.1,0.4,0.1,0.1,0.1,0.5,0.0,65535.0,0.29823758297093156,0.0,65535.0,0.20665293354695963,0.0,0.0,0.0,0.0,0.0,0.0,0.0,0.0,0.0,0.0
108165.38,1.396474574494148,0.0,17421.0,37.0,0.21069999999845043,31.5,32.625,36.870000000000005,0.0,0.0045,0.25,0.0,0.0,20.0,0.3,0.1,0.2,0.1,0.4,0.1,0.1,0.1,0.5,0.0,65535.0,0.29709315632867933,0.0,65535.0,0.20398260471503776,0.0,0.0,0.0,0.0,0.0,0.0,0.0,0.0,0.0,0.0
108225.45,1.3541587405508606,0.0,17421.0,37.0,0.2692499999984467,31.5,32.625,36.85000000000002,0.0,0.0,0.0,0.0,0.0,20.0,0.3,0.1,0.2,0.1,0.4,0.1,0.1,0.1,0.5,0.0,65535.0,0.29285114824139774,0.0,65535.0,0.2012817578393225,0.0,0.0,0.0,0.0,0.0,0.0,0.0,0.0,0.0,0.0
108285.49,1.3219784237458687,0.0,17421.0,37.0,0.24499999999844027,31.625,32.5625,36.79000000000002,0.0,0.0,0.0,0.0,0.0,20.0,0.3,0.1,0.2,0.1,0.4,0.1,0.1,0.1,0.5,0.0,65535.0,0.29414816510261693,0.0,65535.0,0.19986266880292974,0.0,0.0,0.0,0.0,0.0,0.0,0.0,0.0,0.0,0.0
108345.53,1.3575260464985308,0.0,17421.0,37.0,0.24859999999843954,31.5625,32.625,36.85000000000002,0.0,0.0,0.0,0.0,0.0,20.0,0.3,0.1,0.2,0.1,0.4,0.1,0.1,0.1,0.5,0.0,65535.0,0.2933699549858854,0.0,65535.0,0.19942015716792555,0.0,0.0,0.0,0.0,0.0,0.0,0.0,0.0,0.0,0.0
108405.6,1.3393172148883683,0.0,17421.0,37.0,0.22389999999844779,31.6875,32.625,37.09000000000003,0.0,0.0,0.0,0.0,0.0,20.0,0.3,0.1,0.2,0.1,0.4,0.1,0.1,0.1,0.5,0.0,65535.0,0.29105058365758757,0.0,65535.0,0.2000762951094835,0.0,0.0,0.0,0.0,0.0,0.0,0.0,0.0,0.0,0.0
108465.64,1.3469783520512262,0.0,17421.0,37.0,0.18059999999844029,31.625,32.625,36.89000000000004,0.0,0.0,0.0,0.0,0.0,20.0,0.3,0.1,0.2,0.1,0.4,0.1,0.1,0.1,0.5,0.0,65535.0,0.29288166628519113,0.0,65535.0,0.20038147554741742,0.0,0.0,0.0,0.0,0.0,0.0,0.0,0.0,0.0,0.0
108525.68,1.3581074205902013,0.0,17421.0,37.0,0.2617999999984375,31.625,32.625,36.85000000000002,0.0,0.0,0.0,0.0,0.0,20.0,0.3,0.1,0.2,0.1,0.4,0.1,0.1,0.1,0.5,0.0,65535.0,0.2939345387960632,0.0,65535.0,0.20621042191195543,0.0,0.0,0.0,0.0,0.0,0.0,0.0,0.0,0.0,0.0
108585.73,1.3714472796072399,0.0,17421.0,37.0,0.20709999999844458,31.6875,32.625,36.950000000000045,0.0,0.0,0.0,0.0,0.0,20.0,0.3,0.1,0.2,0.1,0.4,0.1,0.1,0.1,0.5,0.0,65535.0,0.29318684672312506,0.0,65535.0,0.20025940337224385,0.0,0.0,0.0,0.0,0.0,0.0,0.0,0.0,0.0,0.0
108645.77,1.3532336688516413,0.0,17421.0,37.0,0.22529999999843967,31.625,32.625,36.93000000000001,0.0,0.0,0.0,0.0,0.0,20.0,0.3,0.1,0.2,0.1,0.4,0.1,0.1,0.1,0.5,0.0,65535.0,0.29163042648966203,0.0,65535.0,0.19771114671549553,0.0,0.0,0.0,0.0,0.0,0.0,0.0,0.0,0.0,0.0
108705.83,1.3723658740025062,0.0,17421.0,37.0,0.237899999998439,31.625,32.625,36.950000000000045,0.0,0.0,0.0,0.0,0.0,20.0,0.3,0.1,0.2,0.1,0.4,0.1,0.1,0.1,0.5,0.0,65535.0,0.2946517128252079,0.0,65535.0,0.20288395513847562,0.0,0.0,0.0,0.0,0.0,0.0,0.0,0.0,0.0,0.0
108765.91,1.3573930612400813,0.0,17421.0,37.0,0.20759999999843726,31.625,32.625,37.09000000000003,0.0,0.0,0.0,0.0,0.0,20.0,0.3,0.1,0.2,0.1,0.4,0.1,0.1,0.1,0.5,0.0,65535.0,0.2942854962996872,0.0,65535.0,0.1990997177080949,0.0,0.0,0.0,0.0,0.0,0.0,0.0,0.0,0.0,0.0
108825.98,1.3721292507996559,0.0,17421.0,37.0,0.2175999999984415,31.625,32.625,36.950000000000045,0.0,0.0,0.0,0.0,0.0,20.0,0.3,0.1,0.2,0.1,0.4,0.1,0.1,0.1,0.5,0.0,65535.0,0.2950942244602121,0.0,65535.0,0.20263981078812848,0.0,0.0,0.0,0.0,0.0,0.0,0.0,0.0,0.0,0.0
108886.06,1.3599223773841658,0.0,17421.0,37.0,0.22609999999843122,31.625,32.625,36.81,0.0,0.0,0.0,0.0,0.0,20.0,0.3,0.1,0.2,0.1,0.4,0.1,0.1,0.1,0.5,0.0,65535.0,0.2947585259784848,0.0,65535.0,0.200503547722591,0.0,0.0,0.0,0.0,0.0,0.0,0.0,0.0,0.0,0.0
108946.12,1.365301186074181,0.0,17421.0,37.0,0.2127999999984399,31.625,32.5625,36.93000000000001,0.0,0.0,0.0,0.0,0.0,20.0,0.3,0.1,0.2,0.1,0.4,0.1,0.1,0.1,0.5,0.0,65535.0,0.29709315632867933,0.0,65535.0,0.19971007858396278,0.0,0.0,0.0,0.0,0.0,0.0,0.0,0.0,0.0,0.0
109006.2,1.3567860534046694,0.0,17421.0,37.0,0.2775999999984421,31.625,32.625,36.85000000000002,0.0,0.0,0.0,0.0,0.0,20.0,0.3,0.1,0.2,0.1,0.4,0.1,0.1,0.1,0.5,0.0,65535.0,0.29568932631418327,0.0,65535.0,0.20035095750362403,0.0,0.0,0.0,0.0,0.0,0.0,0.0,0.0,0.0,0.0
109066.22,1.3604903955219776,0.0,17421.0,37.0,0.24459999999844023,31.625,32.625,37.03000000000003,0.0,0.0,0.0,0.0,0.0,20.0,0.3,0.1,0.2,0.1,0.4,0.1,0.1,0.1,0.5,0.0,65535.0,0.29707789730678263,0.0,65535.0,0.2042572671091783,0.0,0.0,0.0,0.0,0.0,0.0,0.0,0.0,0.0,0.0
109126.29,1.3824239266820006,0.0,17421.0,37.0,0.17629999999842702,31.625,32.625,37.110000000000014,0.0,0.0,0.0,0.0,0.0,20.0,0.3,0.1,0.2,0.1,0.4,0.1,0.1,0.1,0.5,0.0,65535.0,0.2964980544747082,0.0,65535.0,0.20224307621881438,0.0,0.0,0.0,0.0,0.0,0.0,0.0,0.0,0.0,0.0
109186.33,1.3635098526325176,0.0,17421.0,37.0,0.2221999999984279,31.5625,32.625,36.97000000000003,0.0,0.0,0.0,0.0,0.0,20.0,0.3,0.1,0.2,0.1,0.4,0.1,0.1,0.1,0.5,0.0,65535.0,0.29652857251850157,0.0,65535.0,0.2008850232700084,0.0,0.0,0.0,0.0,0.0,0.0,0.0,0.0,0.0,0.0
109246.4,1.382635099747985,0.0,17421.0,37.0,0.2442999999984379,31.625,32.625,37.05000000000001,0.0,0.0,0.0,0.0,0.0,20.0,0.3,0.1,0.2,0.1,0.4,0.1,0.1,0.1,0.5,0.0,65535.0,0.2979476615548943,0.0,65535.0,0.2017700465400168,0.0,0.0,0.0,0.0,0.0,0.0,0.0,0.0,0.0,0.0
109306.47,1.3564320450257517,0.0,17421.0,37.0,0.23869999999842706,31.625,32.5625,36.85000000000002,0.0,0.0,0.0,0.0,0.0,20.0,0.3,0.1,0.2,0.1,0.4,0.1,0.1,0.1,0.5,0.0,65535.0,0.29535362783245594,0.0,65535.0,0.20054932478828108,0.0,0.0,0.0,0.0,0.0,0.0,0.0,0.0,0.0,0.0
109366.54,1.3566372514812148,0.0,17421.0,37.0,0.20069999999842977,31.5625,32.625,36.870000000000005,0.0,0.0,0.0,0.0,0.0,20.0,0.3,0.1,0.2,0.1,0.4,0.1,0.1,0.1,0.5,0.0,65535.0,0.2990005340657664,0.0,65535.0,0.20061036087586787,0.0,0.0,0.0,0.0,0.0,0.0,0.0,0.0,0.0,0.0
109426.61,1.3551669050449484,0.0,17421.0,37.0,0.25719999999843607,31.625,32.625,36.870000000000005,0.0,0.0,0.0,0.0,0.0,20.0,0.3,0.1,0.2,0.1,0.4,0.1,0.1,0.1,0.5,0.0,65535.0,0.29745937285420004,0.0,65535.0,0.20349431601434348,0.0,0.0,0.0,0.0,0.0,0.0,0.0,0.0,0.0,0.0
109486.65,1.361339098144935,0.0,17421.0,37.0,0.23309999999842956,31.625,32.625,37.05000000000001,0.0,0.0,0.0,0.0,0.0,20.0,0.3,0.1,0.2,0.1,0.4,0.1,0.1,0.1,0.5,0.0,65535.0,0.29776455329213397,0.0,65535.0,0.20415045395590142,0.0,0.0,0.0,0.0,0.0,0.0,0.0,0.0,0.0,0.0
109546.71,1.368472306184674,0.0,17421.0,37.0,0.17219999999842642,31.625,32.5625,36.85000000000002,0.0,0.0,0.0,0.0,0.0,20.0,0.3,0.1,0.2,0.1,0.4,0.1,0.1,0.1,0.5,0.0,65535.0,0.298115510795758,0.0,65535.0,0.20361638818951705,0.0,0.0,0.0,0.0,0.0,0.0,0.0,0.0,0.0,0.0
109606.79,1.375778139028816,0.0,17421.0,37.0,0.2542999999984237,31.5625,32.5625,36.85000000000002,0.0,0.0,0.0,0.0,0.0,20.0,0.3,0.1,0.2,0.1,0.4,0.1,0.1,0.1,0.5,0.0,65535.0,0.2977035172045472,0.0,65535.0,0.20056458381017778,0.0,0.0,0.0,0.0,0.0,0.0,0.0,0.0,0.0,0.0
109666.86,1.3893377174592711,0.0,17421.0,37.0,0.20099999999842522,31.625,32.5625,36.870000000000005,0.0,0.0,0.0,0.0,0.0,20.0,0.3,0.1,0.2,0.1,0.4,0.1,0.1,0.1,0.5,0.0,65535.0,0.2972457465476463,0.0,65535.0,0.20068665598535135,0.0,0.0,0.0,0.0,0.0,0.0,0.0,0.0,0.0,0.0
109726.94,1.3844218380567517,0.0,17421.0,37.0,0.25219999999842124,31.5625,32.5625,37.01000000000005,0.0,0.0,0.0,0.0,0.0,20.0,0.3,0.1,0.2,0.1,0.4,0.1,0.1,0.1,0.5,0.0,65535.0,0.29750514991989013,0.0,65535.0,0.2055542839703975,0.0,0.0,0.0,0.0,0.0,0.0,0.0,0.0,0.0,0.0
109787.0,1.381071131469744,0.0,17421.0,37.0,0.23369999999842472,31.5625,32.625,36.89000000000004,0.0,0.0,0.0,0.0,0.0,20.0,0.3,0.1,0.2,0.1,0.4,0.1,0.1,0.1,0.5,0.0,65535.0,0.29871061264972915,0.0,65535.0,0.200503547722591,0.0,0.0,0.0,0.0,0.0,0.0,0.0,0.0,0.0,0.0
109847.08,1.3863126436014404,0.0,17421.0,37.0,0.24049999999841937,31.5625,32.5625,36.89000000000004,0.0,0.0,0.0,0.0,0.0,20.0,0.3,0.1,0.2,0.1,0.4,0.1,0.1,0.1,0.5,0.0,65535.0,0.2993972686350805,0.0,65535.0,0.20283817807278554,0.0,0.0,0.0,0.0,0.0,0.0,0.0,0.0,0.0,0.0
109907.16,1.3872283321292744,0.0,17421.0,37.0,0.18249999999842606,31.625,32.625,36.89000000000004,0.0,0.0,0.0,0.0,0.0,20.0,0.3,0.1,0.2,0.1,0.4,0.1,0.1,0.1,0.5,0.0,65535.0,0.3013656824597543,0.0,65535.0,0.20329594872968643,0.0,0.0,0.0,0.0,0.0,0.0,0.0,0.0,0.0,0.0
109967.21,1.3853319043993577,0.0,17421.0,37.0,0.3069999999984149,31.625,32.625,36.85000000000002,0.0,0.0,0.0,0.0,0.0,20.0,0.3,0.1,0.2,0.1,0.4,0.1,0.1,0.1,0.5,0.0,65535.0,0.29776455329213397,0.0,65535.0,0.20268558785381857,0.0,0.0,0.0,0.0,0.0,0.0,0.0,0.0,0.0,0.0
110027.25,1.3914117282942042,0.0,17421.0,37.0,0.18609999999842364,31.625,32.5625,37.110000000000014,0.0,0.0,0.0,0.0,0.0,20.0,0.3,0.1,0.2,0.1,0.4,0.1,0.1,0.1,0.5,0.0,65535.0,0.29735255970092317,0.0,65535.0,0.20369268329900053,0.0,0.0,0.0,0.0,0.0,0.0,0.0,0.0,0.0,0.0
110087.32,1.3914522128903763,0.0,17421.0,37.0,0.21249999999842378,31.625,32.625,36.89000000000004,0.0,0.0,0.0,0.0,0.0,20.0,0.3,0.1,0.2,0.1,0.4,0.1,0.1,0.1,0.5,0.0,65535.0,0.30086213473716333,0.0,65535.0,0.20436408026245517,0.0,0.0,0.0,0.0,0.0,0.0,0.0,0.0,0.0,0.0
110147.36,1.3942631291828758,0.0,17421.0,37.0,0.21399999999842328,31.5625,32.625,36.79000000000002,0.0,0.0,0.0,0.0,0.0,20.0,0.3,0.1,0.2,0.1,0.4,0.1,0.1,0.1,0.5,0.0,65535.0,0.30125886930647744,0.0,65535.0,0.20178530556191349,0.0,0.0,0.0,0.0,0.0,0.0,0.0,0.0,0.0,0.0
110207.4,1.407059013688321,0.0,17421.0,37.0,0.21249999999842295,31.625,32.625,36.870000000000005,0.0,0.0,0.0,0.0,0.0,20.0,0.3,0.1,0.2,0.1,0.4,0.1,0.1,0.1,0.5,0.0,65535.0,0.30031280994888226,0.0,65535.0,0.20283817807278554,0.0,0.0,0.0,0.0,0.0,0.0,0.0,0.0,0.0,0.0
110267.45,1.4109040421130485,0.0,17421.0,37.0,0.19629999999842176,31.5625,32.625,36.950000000000045,0.0,0.0,0.0,0.0,0.0,20.0,0.3,0.1,0.2,0.1,0.4,0.1,0.1,0.1,0.5,0.0,65535.0,0.29945830472266727,0.0,65535.0,0.20350957503624018,0.0,0.0,0.0,0.0,0.0,0.0,0.0,0.0,0.0,0.0
110327.49,1.3929530790480993,0.0,17421.0,37.0,0.22219999999841242,31.625,32.5625,36.73000000000002,0.0,0.0,0.0,0.0,0.0,20.0,0.3,0.1,0.2,0.1,0.4,0.1,0.1,0.1,0.5,0.0,65535.0,0.3005111772335393,0.0,65535.0,0.2038147554741741,0.0,0.0,0.0,0.0,0.0,0.0,0.0,0.0,0.0,0.0
110387.54,1.3722043392105887,0.0,17421.0,37.0,0.23899999999841218,31.625,32.5625,37.09000000000003,0.0,0.0,0.0,0.0,0.0,20.0,0.3,0.1,0.2,0.1,0.4,0.1,0.1,0.1,0.5,0.0,65535.0,0.2997940032043946,0.0,65535.0,0.20624093995574883,0.0,0.0,0.0,0.0,0.0,0.0,0.0,0.0,0.0,0.0
110447.58,1.405171094650826,0.0,17421.0,37.0,0.17659999999840867,31.625,32.625,36.97000000000003,0.0,0.0,0.0,0.0,0.0,20.0,0.3,0.1,0.2,0.1,0.4,0.1,0.1,0.1,0.5,0.0,65535.0,0.30112153810940717,0.0,65535.0,0.20308232242313268,0.0,0.0,0.0,0.0,0.0,0.0,0.0,0.0,0.0,0.0
110507.66,1.4130956340041614,0.0,17421.0,37.0,0.20799999999841848,31.5625,32.5625,36.89000000000004,0.0,0.0,0.0,0.0,0.0,20.0,0.3,0.1,0.2,0.1,0.4,0.1,0.1,0.1,0.5,0.0,65535.0,0.3019455252918288,0.0,65535.0,0.2005188067444877,0.0,0.0,0.0,0.0,0.0,0.0,0.0,0.0,0.0,0.0
110567.73,1.432984150617042,0.0,17421.0,37.0,0.230399999998414,31.5625,32.5625,36.73000000000002,0.0,0.0,0.0,0.0,0.0,20.0,0.3,0.1,0.2,0.1,0.4,0.1,0.1,0.1,0.5,0.0,65535.0,0.30072480354009307,0.0,65535.0,0.20103761348897536,0.0,0.0,0.0,0.0,0.0,0.0,0.0,0.0,0.0,0.0
110627.78,1.426127212851411,0.0,17421.0,37.0,0.19889999999841168,31.5625,32.5625,36.79000000000002,0.0,0.0,0.0,0.0,0.0,20.0,0.3,0.1,0.2,0.1,0.4,0.1,0.1,0.1,0.5,0.0,65535.0,0.3008926527809567,0.0,65535.0,0.2041962310215915,0.0,0.0,0.0,0.0,0.0,0.0,0.0,0.0,0.0,0.0
110687.86,1.4081158126710152,0.0,17421.0,37.0,0.23919999999841765,31.5,32.5625,36.97000000000003,0.0,0.0,0.0,0.0,0.0,20.0,0.3,0.1,0.2,0.1,0.4,0.1,0.1,0.1,0.5,0.0,65535.0,0.3027542534523537,0.0,65535.0,0.20221255817502098,0.0,0.0,0.0,0.0,0.0,0.0,0.0,0.0,0.0,0.0
110747.96,1.3924240700618062,0.0,17421.0,37.0,0.21659999999841148,31.625,32.5625,36.85000000000002,0.0,0.0,0.0,0.0,0.0,20.0,0.3,0.1,0.2,0.1,0.4,0.1,0.1,0.1,0.5,0.0,65535.0,0.3042496375982299,0.0,65535.0,0.20361638818951705,0.0,0.0,0.0,0.0,0.0,0.0,0.0,0.0,0.0,0.0
110808.06,1.4091737410257326,0.0,17421.0,37.0,0.21599999999841032,31.5625,32.5625,36.950000000000045,0.0,0.0,0.0,0.0,0.0,20.0,0.3,0.1,0.2,0.1,0.4,0.1,0.1,0.1,0.5,0.0,65535.0,0.303089951934081,0.0,65535.0,0.2051117723353933,0.0,0.0,0.0,0.0,0.0,0.0,0.0,0.0,0.0,0.0
110868.17,1.4006956711779401,0.0,17421.0,37.0,0.23249999999841037,31.5625,32.625,36.73000000000002,0.0,0.0,0.0,0.0,0.0,20.0,0.3,0.1,0.2,0.1,0.4,0.1,0.1,0.1,0.5,0.0,65535.0,0.30243381399252306,0.0,65535.0,0.20192263675898375,0.0,0.0,0.0,0.0,0.0,0.0,0.0,0.0,0.0,0.0
110928.25,1.405148210548893,0.0,17421.0,37.0,0.2772999999984165,31.5625,32.5625,36.85000000000002,0.0,0.0,0.0,0.0,0.0,20.0,0.3,0.1,0.2,0.1,0.4,0.1,0.1,0.1,0.5,0.0,65535.0,0.30296787975890743,0.0,65535.0,0.2034332799267567,0.0,0.0,0.0,0.0,0.0,0.0,0.0,0.0,0.0,0.0
110988.32,1.3832438156570395,0.0,17421.0,37.0,0.24699999999841477,31.625,32.625,36.870000000000005,0.0,0.0,0.0,0.0,0.0,20.0,0.3,0.1,0.2,0.1,0.4,0.1,0.1,0.1,0.5,0.0,65535.0,0.30255588616769663,0.0,65535.0,0.2008392462043183,0.0,0.0,0.0,0.0,0.0,0.0,0.0,0.0,0.0,0.0
111048.39,1.4088081597788429,0.0,17421.0,37.0,0.20549999999840732,31.5625,32.625,36.81,0.0,0.0,0.0,0.0,0.0,20.0,0.3,0.1,0.2,0.1,0.4,0.1,0.1,0.1,0.5,0.0,65535.0,0.3017776760509651,0.0,65535.0,0.20669871061264972,0.0,0.0,0.0,0.0,0.0,0.0,0.0,0.0,0.0,0.0
111108.44,1.403168780791637,0.0,17421.0,37.0,0.2171999999984066,31.5625,32.5625,36.690000000000055,0.0,0.0,0.0,0.0,0.0,20.0,0.3,0.1,0.2,0.1,0.4,0.1,0.1,0.1,0.5,0.0,65535.0,0.3039139391165026,0.0,65535.0,0.20320439459830625,0.0,0.0,0.0,0.0,0.0,0.0,0.0,0.0,0.0,0.0
111168.51,1.4164653788826085,0.0,17421.0,37.0,0.1714999999983987,31.5625,32.625,36.93000000000001,0.0,0.0,0.0,0.0,0.0,20.0,0.3,0.1,0.2,0.1,0.4,0.1,0.1,0.1,0.5,0.0,65535.0,0.30206759746700235,0.0,65535.0,0.2009308003356985,0.0,0.0,0.0,0.0,0.0,0.0,0.0,0.0,0.0,0.0
111228.58,1.3946325148257055,0.0,17421.0,37.0,0.27329999999840643,31.5,32.625,36.85000000000002,0.0,0.0,0.0,0.0,0.0,20.0,0.3,0.1,0.2,0.1,0.4,0.1,0.1,0.1,0.5,0.0,65535.0,0.3042801556420233,0.0,65535.0,0.2030060273136492,0.0,0.0,0.0,0.0,0.0,0.0,0.0,0.0,0.0,0.0
111288.65,1.4108857736444023,0.0,17421.0,37.0,0.23239999999839928,31.5625,32.625,36.690000000000055,0.0,0.0,0.0,0.0,0.0,20.0,0.3,0.1,0.2,0.1,0.4,0.1,0.1,0.1,0.5,0.0,65535.0,0.30458533607995725,0.0,65535.0,0.20205996795605402,0.0,0.0,0.0,0.0,0.0,0.0,0.0,0.0,0.0,0.0
111348.69,1.405154991860076,0.0,17421.0,37.0,0.26249999999840457,31.4375,32.625,37.03000000000003,0.0,0.0,0.0,0.0,0.0,20.0,0.3,0.1,0.2,0.1,0.4,0.1,0.1,0.1,0.5,0.0,65535.0,0.3026321812771801,0.0,65535.0,0.20196841382467384,0.0,0.0,0.0,0.0,0.0,0.0,0.0,0.0,0.0,0.0
111408.81,1.4101461121693957,0.0,17421.0,37.0,0.21279999999840715,31.5,32.625,36.710000000000036,0.0,0.0,0.0,0.0,0.0,20.0,0.3,0.1,0.2,0.1,0.4,0.1,0.1,0.1,0.5,0.0,65535.0,0.30530251010910203,0.0,65535.0,0.2026245517662318,0.0,0.0,0.0,0.0,0.0,0.0,0.0,0.0,0.0,0.0
111468.93,1.4320997677471226,0.0,17421.0,37.0,0.29519999999840496,31.5625,32.625,36.650000000000034,0.0,0.0,0.0,0.0,0.0,20.0,0.3,0.1,0.2,0.1,0.4,0.1,0.1,0.1,0.5,0.0,65535.0,0.3044174868390936,0.0,65535.0,0.20411993591210803,0.0,0.0,0.0,0.0,0.0,0.0,0.0,0.0,0.0,0.0
111529.04,1.4268182859671565,0.0,17421.0,37.0,0.22549999999839646,31.5625,32.5625,36.870000000000005,0.0,0.0,0.0,0.0,0.0,20.0,0.3,0.1,0.2,0.1,0.4,0.1,0.1,0.1,0.5,0.0,65535.0,0.303089951934081,0.0,65535.0,0.2016937514305333,0.0,0.0,0.0,0.0,0.0,0.0,0.0,0.0,0.0,0.0
111589.18,1.4098263303595953,0.0,17421.0,37.0,0.28469999999840284,31.5625,32.625,37.03000000000003,0.0,0.0,0.0,0.0,0.0,20.0,0.3,0.1,0.2,0.1,0.4,0.1,0.1,0.1,0.5,0.0,65535.0,0.3038376440070191,0.0,65535.0,0.20790417334248876,0.0,0.0,0.0,0.0,0.0,0.0,0.0,0.0,0.0,0.0
111649.25,1.4301153892913505,0.0,17421.0,37.0,0.2278999999983951,31.5625,32.5625,36.950000000000045,0.0,0.0,0.0,0.0,0.0,20.0,0.3,0.1,0.2,0.1,0.4,0.1,0.1,0.1,0.5,0.0,65535.0,0.30452429999237046,0.0,65535.0,0.20236514839398795,0.0,0.0,0.0,0.0,0.0,0.0,0.0,0.0,0.0,0.0
111709.33,1.4162847190483885,0.0,17421.0,37.0,0.18289999999839254,31.625,32.5625,37.05000000000001,0.0,0.0,0.0,0.0,0.0,20.0,0.3,0.1,0.2,0.1,0.4,0.1,0.1,0.1,0.5,0.0,65535.0,0.30600442511635007,0.0,65535.0,0.20418097199969482,0.0,0.0,0.0,0.0,0.0,0.0,0.0,0.0,0.0,0.0
111769.4,1.4481326934436507,0.0,17421.0,37.0,0.2351999999983984,31.625,32.5625,37.01000000000005,0.0,0.0,0.0,0.0,0.0,20.0,0.3,0.1,0.2,0.1,0.4,0.1,0.1,0.1,0.5,0.0,65535.0,0.30519569695582516,0.0,65535.0,0.20097657740138858,0.0,0.0,0.0,0.0,0.0,0.0,0.0,0.0,0.0,0.0
111829.46,1.4227488319991592,0.0,17421.0,37.0,0.2183999999983969,31.625,32.625,36.93000000000001,0.0,0.0,0.0,0.0,0.0,20.0,0.3,0.1,0.2,0.1,0.4,0.1,0.1,0.1,0.5,0.0,65535.0,0.3053940642404822,0.0,65535.0,0.2021210040436408,0.0,0.0,0.0,0.0,0.0,0.0,0.0,0.0,0.0,0.0
111889.5,1.443954718116625,0.0,17421.0,37.0,0.22249999999839148,31.625,32.625,36.93000000000001,0.0,0.0,0.0,0.0,0.0,20.0,0.3,0.1,0.2,0.1,0.4,0.1,0.1,0.1,0.5,0.0,65535.0,0.30685893034256506,0.0,65535.0,0.20225833524071107,0.0,0.0,0.0,0.0,0.0,0.0,0.0,0.0,0.0,0.0
111949.55,1.4542181277676107,0.0,17421.0,37.0,0.22919999999839533,31.5625,32.5625,36.85000000000002,0.0,0.0,0.0,0.0,0.0,20.0,0.3,0.1,0.2,0.1,0.4,0.1,0.1,0.1,0.5,0.0,65535.0,0.3065995269703212,0.0,65535.0,0.20473029678797589,0.0,0.0,0.0,0.0,0.0,0.0,0.0,0.0,0.0,0.0
112009.59,1.4191004450827343,0.0,17421.0,37.0,0.2642999999983961,31.5625,32.5,36.79000000000002,0.0,0.0,0.0,0.0,0.0,20.0,0.3,0.1,0.2,0.1,0.4,0.1,0.1,0.1,0.5,0.0,65535.0,0.3067978942549783,0.0,65535.0,0.20148012512397956,0.0,0.0,0.0,0.0,0.0,0.0,0.0,0.0,0.0,0.0
112069.65,1.4328455011080865,0.0,17421.0,37.0,0.22279999999838865,31.625,32.5625,36.870000000000005,0.0,0.0,0.0,0.0,0.0,20.0,0.3,0.1,0.2,0.1,0.4,0.1,0.1,0.1,0.5,0.0,65535.0,0.3066453040360113,0.0,65535.0,0.20654612039368275,0.0,0.0,0.0,0.0,0.0,0.0,0.0,0.0,0.0,0.0
112129.73,1.445826863472221,0.0,17421.0,37.0,0.28019999999839496,31.625,32.5625,36.89000000000004,0.0,0.0,0.0,0.0,0.0,20.0,0.3,0.1,0.2,0.1,0.4,0.1,0.1,0.1,0.5,0.0,65535.0,0.30463111314564734,0.0,65535.0,0.20225833524071107,0.0,0.0,0.0,0.0,0.0,0.0,0.0,0.0,0.0,0.0
112189.77,1.4320879850939143,0.0,17421.0,37.0,0.2454999999983981,31.625,32.5625,36.950000000000045,0.0,0.0,0.0,0.0,0.0,20.0,0.3,0.1,0.2,0.1,0.4,0.1,0.1,0.1,0.5,0.0,65535.0,0.30811017013809416,0.0,65535.0,0.20201419089036393,0.0,0.0,0.0,0.0,0.0,0.0,0.0,0.0,0.0,0.0
112249.81,1.4236057537970768,0.0,17421.0,37.0,0.24109999999838705,31.5625,32.5625,36.870000000000005,0.0,0.0,0.0,0.0,0.0,20.0,0.3,0.1,0.2,0.1,0.4,0.1,0.1,0.1,0.5,0.0,65535.0,0.3050278477149615,0.0,65535.0,0.20323491264209964,0.0,0.0,0.0,0.0,0.0,0.0,0.0,0.0,0.0,0.0
112309.86,1.4425165610632176,0.0,17421.0,37.0,0.2066999999983899,31.5625,32.5625,36.950000000000045,0.0,0.0,0.0,0.0,0.0,20.0,0.3,0.1,0.2,0.1,0.4,0.1,0.1,0.1,0.5,0.0,65535.0,0.30943770504310675,0.0,65535.0,0.20358587014572366,0.0,0.0,0.0,0.0,0.0,0.0,0.0,0.0,0.0,0.0
112369.92,1.4585176490792247,0.0,17421.0,37.0,0.20399999999838891,31.5625,32.5625,37.01000000000005,0.0,0.0,0.0,0.0,0.0,20.0,0.3,0.1,0.2,0.1,0.4,0.1,0.1,0.1,0.5,0.0,65535.0,0.3074692912184329,0.0,65535.0,0.20366216525520714,0.0,0.0,0.0,0.0,0.0,0.0,0.0,0.0,0.0,0.0
112430.03,1.4436795846108974,0.0,17421.0,37.0,0.20249999999838772,31.5625,32.5,36.97000000000003,0.0,0.0,0.0,0.0,0.0,20.0,0.3,0.1,0.2,0.1,0.4,0.1,0.1,0.1,0.5,0.0,65535.0,0.3074845502403296,0.0,65535.0,0.20431830319676508,0.0,0.0,0.0,0.0,0.0,0.0,0.0,0.0,0.0,0.0
112490.09,1.4155223720553294,0.0,17421.0,37.0,0.22039999999838225,31.5625,32.5625,36.89000000000004,0.0,0.0,0.0,0.0,0.0,20.0,0.3,0.1,0.2,0.1,0.4,0.1,0.1,0.1,0.5,0.0,65535.0,0.3067215991454948,0.0,65535.0,0.20372320134279392,0.0,0.0,0.0,0.0,0.0,0.0,0.0,0.0,0.0,0.0
112550.16,1.4374716359818982,0.0,17421.0,37.0,0.18889999999837992,31.5625,32.5625,36.89000000000004,0.0,0.0,0.0,0.0,0.0,20.0,0.3,0.1,0.2,0.1,0.4,0.1,0.1,0.1,0.5,0.0,65535.0,0.310078583962768,0.0,65535.0,0.20485236896314946,0.0,0.0,0.0,0.0,0.0,0.0,0.0,0.0,0.0,0.0
112610.2,1.4421044052858811,0.0,17421.0,37.0,0.2368999999983806,31.625,32.5625,36.710000000000036,0.0,0.0,0.0,0.0,0.0,20.0,0.3,0.1,0.2,0.1,0.4,0.1,0.1,0.1,0.5,0.0,65535.0,0.3101396200503548,0.0,65535.0,0.20454718852521553,0.0,0.0,0.0,0.0,0.0,0.0,0.0,0.0,0.0,0.0
112670.23,1.4607910132353046,0.0,17421.0,37.0,0.22249999999837863,31.5,32.5625,36.950000000000045,0.0,0.0,0.0,0.0,0.0,20.0,0.3,0.1,0.2,0.1,0.4,0.1,0.1,0.1,0.5,0.0,65535.0,0.3074845502403296,0.0,65535.0,0.2034027618829633,0.0,0.0,0.0,0.0,0.0,0.0,0.0,0.0,0.0,0.0
112730.26,1.444914126001208,0.0,17421.0,37.0,0.2586999999983892,31.5625,32.5625,36.89000000000004,0.0,0.0,0.0,0.0,0.0,20.0,0.3,0.1,0.2,0.1,0.4,0.1,0.1,0.1,0.5,0.0,65535.0,0.30734721904325935,0.0,65535.0,0.20431830319676508,0.0,0.0,0.0,0.0,0.0,0.0,0.0,0.0,0.0,0.0
112790.37,1.4355454857489531,0.0,17421.0,37.0,0.2816999999983842,31.5625,32.5625,36.81,0.0,0.0,0.0,0.0,0.0,20.0,0.3,0.1,0.2,0.1,0.4,0.1,0.1,0.1,0.5,0.0,65535.0,0.3083237964446479,0.0,65535.0,0.2009308003356985,0.0,0.0,0.0,0.0,0.0,0.0,0.0,0.0,0.0,0.0
112850.44,1.4542158842839559,0.0,17421.0,37.0,0.25879999999837744,31.625,32.5625,37.110000000000014,0.0,0.0,0.0,0.0,0.0,20.0,0.3,0.1,0.2,0.1,0.4,0.1,0.1,0.1,0.5,0.0,65535.0,0.30862897688258184,0.0,65535.0,0.20355535210193026,0.0,0.0,0.0,0.0,0.0,0.0,0.0,0.0,0.0,0.0
112910.52,1.4703632173161785,0.0,17421.0,37.0,0.243799999998376,31.625,32.5625,37.05000000000001,0.0,0.0,0.0,0.0,0.0,20.0,0.3,0.1,0.2,0.1,0.4,0.1,0.1,0.1,0.5,0.0,65535.0,0.30855268177309836,0.0,65535.0,0.20527962157625695,0.0,0.0,0.0,0.0,0.0,0.0,0.0,0.0,0.0,0.0
112970.59,1.4552370316438474,0.0,17421.0,37.0,0.21759999999838392,31.625,32.5,37.03000000000003,0.0,0.0,0.0,0.0,0.0,20.0,0.3,0.1,0.2,0.1,0.4,0.1,0.1,0.1,0.5,0.0,65535.0,0.31160448615243763,0.0,65535.0,0.20289921416037232,0.0,0.0,0.0,0.0,0.0,0.0,0.0,0.0,0.0,0.0
113030.65,1.4713873171760352,0.0,17421.0,37.0,0.19519999999837245,31.5625,32.5625,37.01000000000005,0.0,0.0,0.0,0.0,0.0,20.0,0.3,0.1,0.2,0.1,0.4,0.1,0.1,0.1,0.5,0.0,65535.0,0.3099717708094911,0.0,65535.0,0.20582894636453802,0.0,0.0,0.0,0.0,0.0,0.0,0.0,0.0,0.0,0.0
113090.69,1.4615014417519636,0.0,17421.0,37.0,0.25369999999837356,31.5625,32.5625,36.97000000000003,0.0,0.0,0.0,0.0,0.0,20.0,0.3,0.1,0.2,0.1,0.4,0.1,0.1,0.1,0.5,0.0,65535.0,0.31241321431296254,0.0,65535.0,0.20566109712367436,0.0,0.0,0.0,0.0,0.0,0.0,0.0,0.0,0.0,0.0
113150.73,1.4714084631075126,0.0,17421.0,37.0,0.2162999999983757,31.5625,32.625,37.170000000000016,0.0,0.0,0.0,0.0,0.0,20.0,0.3,0.1,0.2,0.1,0.4,0.1,0.1,0.1,0.5,0.0,65535.0,0.311284046692607,0.0,65535.0,0.2072785534447242,0.0,0.0,0.0,0.0,0.0,0.0,0.0,0.0,0.0,0.0
113210.77,1.4660445482136053,0.0,17421.0,37.0,0.24069999999838107,31.5625,32.5625,36.97000000000003,0.0,0.0,0.0,0.0,0.0,20.0,0.3,0.1,0.2,0.1,0.4,0.1,0.1,0.1,0.5,0.0,65535.0,0.3103990234225986,0.0,65535.0,0.2055390249485008,0.0,0.0,0.0,0.0,0.0,0.0,0.0,0.0,0.0,0.0
113270.84,1.4855460081690457,0.0,17421.0,37.0,0.2333999999983752,31.5625,32.5625,36.81,0.0,0.0,0.0,0.0,0.0,20.0,0.3,0.1,0.2,0.1,0.4,0.1,0.1,0.1,0.5,0.0,65535.0,0.3087968261234455,0.0,65535.0,0.2042420080872816,0.0,0.0,0.0,0.0,0.0,0.0,0.0,0.0,0.0,0.0
113330.89,1.449222658332794,0.0,17421.0,37.0,0.23899999999836927,31.5625,32.5,36.81,0.0,0.0,0.0,0.0,0.0,20.0,0.3,0.1,0.2,0.1,0.4,0.1,0.1,0.1,0.5,0.0,65535.0,0.3105363546196689,0.0,65535.0,0.20646982528419927,0.0,0.0,0.0,0.0,0.0,0.0,0.0,0.0,0.0,0.0
113390.96,1.4633781559052814,0.0,17421.0,37.0,0.2342999999983727,31.625,32.5,36.81,0.0,0.0,0.0,0.0,0.0,20.0,0.3,0.1,0.2,0.1,0.4,0.1,0.1,0.1,0.5,0.0,65535.0,0.31244373235675593,0.0,65535.0,0.20440985732814526,0.0,0.0,0.0,0.0,0.0,0.0,0.0,0.0,0.0,0.0
113451.02,1.463055299993372,0.0,17421.0,37.0,0.2831999999983734,31.5625,32.5,36.89000000000004,0.0,0.0,0.0,0.0,0.0,20.0,0.3,0.1,0.2,0.1,0.4,0.1,0.1,0.1,0.5,0.0,65535.0,0.3105668726634623,0.0,65535.0,0.20312809948882277,0.0,0.0,0.0,0.0,0.0,0.0,0.0,0.0,0.0,0.0
113511.08,1.4581738960718509,0.0,17421.0,37.0,0.2172999999983748,31.5625,32.5625,37.03000000000003,0.0,0.0,0.0,0.0,0.0,20.0,0.3,0.1,0.2,0.1,0.4,0.1,0.1,0.1,0.5,0.0,65535.0,0.30978866254673076,0.0,65535.0,0.20402838178072785,0.0,0.0,0.0,0.0,0.0,0.0,0.0,0.0,0.0,0.0
113571.12,1.4828977523970086,0.0,17421.0,37.0,0.2675999999983708,31.625,32.5,37.09000000000003,0.0,0.0,0.0,0.0,0.0,20.0,0.3,0.1,0.2,0.1,0.4,0.1,0.1,0.1,0.5,0.0,65535.0,0.3107957579919127,0.0,65535.0,0.20320439459830625,0.0,0.0,0.0,0.0,0.0,0.0,0.0,0.0,0.0,0.0
113631.17,1.4688002596324825,0.0,17421.0,37.0,0.24969999999837458,31.625,32.5,36.870000000000005,0.0,0.0,0.0,0.0,0.0,20.0,0.3,0.1,0.2,0.1,0.4,0.1,0.1,0.1,0.5,0.0,65535.0,0.3150988021667811,0.0,65535.0,0.2073243305104143,0.0,0.0,0.0,0.0,0.0,0.0,0.0,0.0,0.0,0.0
113691.23,1.4784827021018538,0.0,17421.0,37.0,0.29119999999836527,31.625,32.5625,37.01000000000005,0.0,0.0,0.0,0.0,0.0,20.0,0.3,0.1,0.2,0.1,0.4,0.1,0.1,0.1,0.5,0.0,65535.0,0.3117418173495079,0.0,65535.0,0.2055237659266041,0.0,0.0,0.0,0.0,0.0,0.0,0.0,0.0,0.0,0.0
113751.28,1.4804518156355249,0.0,17421.0,37.0,0.163699999998359,31.6875,32.5,37.05000000000001,0.0,0.0,0.0,0.0,0.0,20.0,0.3,0.1,0.2,0.1,0.4,0.1,0.1,0.1,0.5,0.0,65535.0,0.3134203097581445,0.0,65535.0,0.20610360875867856,0.0,0.0,0.0,0.0,0.0,0.0,0.0,0.0,0.0,0.0
113811.32,1.4919513402750815,0.0,17421.0,37.0,0.21389999999836506,31.625,32.5625,36.950000000000045,0.0,0.0,0.0,0.0,0.0,20.0,0.3,0.1,0.2,0.1,0.4,0.1,0.1,0.1,0.5,0.0,65535.0,0.31203173876554513,0.0,65535.0,0.20393682764934767,0.0,0.0,0.0,0.0,0.0,0.0,0.0,0.0,0.0,0.0
113871.38,1.4886597261808316,0.0,17421.0,37.0,0.2745999999983718,31.5,32.5625,36.650000000000034,0.0,0.0,0.0,0.0,0.0,20.0,0.3,0.1,0.2,0.1,0.4,0.1,0.1,0.1,0.5,0.0,65535.0,0.31119249256122683,0.0,65535.0,0.2073090714885176,0.0,0.0,0.0,0.0,0.0,0.0,0.0,0.0,0.0,0.0
113931.46,1.4948167203272784,0.0,17421.0,37.0,0.20369999999836352,31.5,32.5625,36.950000000000045,0.0,0.0,0.0,0.0,0.0,20.0,0.3,0.1,0.2,0.1,0.4,0.1,0.1,0.1,0.5,0.0,65535.0,0.3137560082398718,0.0,65535.0,0.20433356221866178,0.0,0.0,0.0,0.0,0.0,0.0,0.0,0.0,0.0,0.0
113991.49,1.4760716488539107,0.0,17421.0,37.0,0.25779999999836944,31.5625,32.5625,37.03000000000003,0.0,0.0,0.0,0.0,0.0,20.0,0.3,0.1,0.2,0.1,0.4,0.1,0.1,0.1,0.5,0.0,65535.0,0.3126573586633097,0.0,65535.0,0.20607309071488517,0.0,0.0,0.0,0.0,0.0,0.0,0.0,0.0,0.0,0.0
114051.57,1.4700325585222496,0.0,17421.0,37.0,0.23309999999836264,31.5625,32.5,37.05000000000001,0.0,0.0,0.0,0.0,0.0,20.0,0.3,0.1,0.2,0.1,0.4,0.1,0.1,0.1,0.5,0.0,65535.0,0.315205615320058,0.0,65535.0,0.20683604180971998,0.0,0.0,0.0,0.0,0.0,0.0,0.0,0.0,0.0,0.0
114111.64,1.4772511943609725,0.0,17421.0,37.0,0.1800999999983648,31.5625,32.5,37.03000000000003,0.0,0.0,0.0,0.0,0.0,20.0,0.3,0.1,0.2,0.1,0.4,0.1,0.1,0.1,0.5,0.0,65535.0,0.3129472800793469,0.0,65535.0,0.20650034332799266,0.0,0.0,0.0,0.0,0.0,0.0,0.0,0.0,0.0,0.0
114171.71,1.4902929316876068,0.0,17421.0,37.0,0.235699999998356,31.5625,32.5625,36.81,0.0,0.0,0.0,0.0,0.0,20.0,0.3,0.1,0.2,0.1,0.4,0.1,0.1,0.1,0.5,0.0,65535.0,0.31273365377279316,0.0,65535.0,0.20532539864194704,0.0,0.0,0.0,0.0,0.0,0.0,0.0,0.0,0.0,0.0
114231.78,1.4897857444252711,0.0,17421.0,37.0,0.21919999999835424,31.5625,32.5625,36.79000000000002,0.0,0.0,0.0,0.0,0.0,20.0,0.3,0.1,0.2,0.1,0.4,0.1,0.1,0.1,0.5,0.0,65535.0,0.3143358510719463,0.0,65535.0,0.20845349813076983,0.0,0.0,0.0,0.0,0.0,0.0,0.0,0.0,0.0,0.0
114291.82,1.484235023314655,0.0,17421.0,37.0,0.20889999999836276,31.5625,32.5625,36.950000000000045,0.0,0.0,0.0,0.0,0.0,20.0,0.3,0.1,0.2,0.1,0.4,0.1,0.1,0.1,0.5,0.0,65535.0,0.3150835431448844,0.0,65535.0,0.20576791027695124,0.0,0.0,0.0,0.0,0.0,0.0,0.0,0.0,0.0,0.0
114351.86,1.5047548008618041,0.0,17421.0,37.0,0.25779999999836434,31.5,32.5,36.73000000000002,0.0,0.0,0.0,0.0,0.0,20.0,0.3,0.1,0.2,0.1,0.4,0.1,0.1,0.1,0.5,0.0,65535.0,0.3145647364003967,0.0,65535.0,0.2059662775616083,0.0,0.0,0.0,0.0,0.0,0.0,0.0,0.0,0.0,0.0
114411.93,1.4844897925754856,0.0,17421.0,37.0,0.2763999999983642,31.625,32.5625,36.81,0.0,0.0,0.0,0.0,0.0,20.0,0.3,0.1,0.2,0.1,0.4,0.1,0.1,0.1,0.5,0.0,65535.0,0.31235217822537575,0.0,65535.0,0.2059357595178149,0.0,0.0,0.0,0.0,0.0,0.0,0.0,0.0,0.0,0.0
114472.0,1.5086433437883318,0.0,17421.0,37.0,0.24289999999835196,31.5,32.5,37.09000000000003,0.0,0.0,0.0,0.0,0.0,20.0,0.3,0.1,0.2,0.1,0.4,0.1,0.1,0.1,0.5,0.0,65535.0,0.31746395056076904,0.0,65535.0,0.2059510185397116,0.0,0.0,0.0,0.0,0.0,0.0,0.0,0.0,0.0,0.0
114532.05,1.5151268683020223,0.0,17421.0,37.0,0.22519999999835044,31.5625,32.5625,37.13000000000005,0.0,0.0,0.0,0.0,0.0,20.0,0.3,0.1,0.2,0.1,0.4,0.1,0.1,0.1,0.5,0.0,65535.0,0.3175249866483558,0.0,65535.0,0.20701915007248034,0.0,0.0,0.0,0.0,0.0,0.0,0.0,0.0,0.0,0.0
114592.12,1.4957608994024665,0.0,17421.0,37.0,0.22429999999834957,31.5625,32.5,36.85000000000002,0.0,0.0,0.0,0.0,0.0,20.0,0.3,0.1,0.2,0.1,0.4,0.1,0.1,0.1,0.5,0.0,65535.0,0.31482413977264057,0.0,65535.0,0.20700389105058364,0.0,0.0,0.0,0.0,0.0,0.0,0.0,0.0,0.0,0.0
114652.19,1.4945230763486386,0.0,17421.0,37.0,0.23339999999835379,31.5625,32.5,36.950000000000045,0.0,0.0,0.0,0.0,0.0,20.0,0.3,0.1,0.2,0.1,0.4,0.1,0.1,0.1,0.5,0.0,65535.0,0.31525139238574806,0.0,65535.0,0.2101930266269932,0.0,0.0,0.0,0.0,0.0,0.0,0.0,0.0,0.0,0.0
114712.25,1.5093983351051512,0.0,17421.0,37.0,0.23899999999834784,31.5625,32.5,36.81,0.0,0.0,0.0,0.0,0.0,20.0,0.3,0.1,0.2,0.1,0.4,0.1,0.1,0.1,0.5,0.0,65535.0,0.3147325856412604,0.0,65535.0,0.20489814602883955,0.0,0.0,0.0,0.0,0.0,0.0,0.0,0.0,0.0,0.0
114772.32,1.4894240850937401,0.0,17421.0,37.0,0.19659999999835542,31.5625,32.5,36.73000000000002,0.0,0.0,0.0,0.0,0.0,20.0,0.3,0.1,0.2,0.1,0.4,0.1,0.1,0.1,0.5,0.0,65535.0,0.31656366826886395,0.0,65535.0,0.20448615243762874,0.0,0.0,0.0,0.0,0.0,0.0,0.0,0.0,0.0,0.0
114832.42,1.5095624695884649,0.0,17421.0,37.0,0.25719999999835713,31.5625,32.5625,36.79000000000002,0.0,0.0,0.0,0.0,0.0,20.0,0.3,0.1,0.2,0.1,0.4,0.1,0.1,0.1,0.5,0.0,65535.0,0.3163195239185168,0.0,65535.0,0.20444037537193865,0.0,0.0,0.0,0.0,0.0,0.0,0.0,0.0,0.0,0.0
114892.49,1.5071717740815542,0.0,17421.0,37.0,0.2839999999983478,31.5625,32.5,36.89000000000004,0.0,0.0,0.0,0.0,0.0,20.0,0.3,0.1,0.2,0.1,0.4,0.1,0.1,0.1,0.5,0.0,65535.0,0.3159685664148928,0.0,65535.0,0.20494392309452963,0.0,0.0,0.0,0.0,0.0,0.0,0.0,0.0,0.0,0.0
114952.57,1.515934711657821,0.0,17421.0,37.0,0.18009999999835277,31.5,32.5625,36.93000000000001,0.0,0.0,0.0,0.0,0.0,20.0,0.3,0.1,0.2,0.1,0.4,0.1,0.1,0.1,0.5,0.0,65535.0,0.31532768749523155,0.0,65535.0,0.20642404821850918,0.0,0.0,0.0,0.0,0.0,0.0,0.0,0.0,0.0,0.0
115012.65,1.517595327707142,0.0,17421.0,37.0,0.2789999999983506,31.5625,32.5625,36.89000000000004,0.0,0.0,0.0,0.0,0.0,20.0,0.3,0.1,0.2,0.1,0.4,0.1,0.1,0.1,0.5,0.0,65535.0,0.3164263370717937,0.0,65535.0,0.20929274433508813,0.0,0.0,0.0,0.0,0.0,0.0,0.0,0.0,0.0,0.0
115072.69,1.4997177544766056,0.0,17421.0,37.0,0.27759999999835444,31.5625,32.5625,36.690000000000055,0.0,0.0,0.0,0.0,0.0,20.0,0.3,0.1,0.2,0.1,0.4,0.1,0.1,0.1,0.5,0.0,65535.0,0.3175402456702525,0.0,65535.0,0.20291447318226902,0.0,0.0,0.0,0.0,0.0,0.0,0.0,0.0,0.0,0.0
115132.74,1.524213688202309,0.0,17421.0,37.0,0.1995999999983509,31.5,32.5625,36.89000000000004,0.0,0.0,0.0,0.0,0.0,20.0,0.3,0.1,0.2,0.1,0.4,0.1,0.1,0.1,0.5,0.0,65535.0,0.3176470588235294,0.0,65535.0,0.20480659189745937,0.0,0.0,0.0,0.0,0.0,0.0,0.0,0.0,0.0,0.0
115192.81,1.5108982433743643,0.0,17421.0,37.0,0.25189999999834256,31.5625,32.5625,36.89000000000004,0.0,0.0,0.0,0.0,0.0,20.0,0.3,0.1,0.2,0.1,0.4,0.1,0.1,0.1,0.5,0.0,65535.0,0.31694514381628136,0.0,65535.0,0.20669871061264972,0.0,0.0,0.0,0.0,0.0,0.0,0.0,0.0,0.0,0.0
115252.89,1.4995252933046108,0.0,17421.0,37.0,0.2239999999983404,31.5625,32.5,36.650000000000034,0.0,0.0,0.0,0.0,0.0,20.0,0.3,0.1,0.2,0.1,0.4,0.1,0.1,0.1,0.5,0.0,65535.0,0.31952391851682305,0.0,65535.0,0.20440985732814526,0.0,0.0,0.0,0.0,0.0,0.0,0.0,0.0,0.0,0.0
115312.95,1.5209037671863626,0.0,17421.0,37.0,0.23369999999834493,31.5625,32.5,36.870000000000005,0.0,0.0,0.0,0.0,0.0,20.0,0.3,0.1,0.2,0.1,0.4,0.1,0.1,0.1,0.5,0.0,65535.0,0.3176775768673228,0.0,65535.0,0.20666819256885632,0.0,0.0,0.0,0.0,0.0,0.0,0.0,0.0,0.0,0.0
115373.03,1.533603199445996,0.0,17421.0,37.0,0.2772999999983504,31.4375,32.5625,36.870000000000005,0.0,0.0,0.0,0.0,0.0,20.0,0.3,0.1,0.2,0.1,0.4,0.1,0.1,0.1,0.5,0.0,65535.0,0.3193865873197528,0.0,65535.0,0.20341802090486,0.0,0.0,0.0,0.0,0.0,0.0,0.0,0.0,0.0,0.0
115433.08,1.5156608157399545,0.0,17421.0,37.0,0.23819999999834338,31.5,32.5625,36.950000000000045,0.0,0.0,0.0,0.0,0.0,20.0,0.3,0.1,0.2,0.1,0.4,0.1,0.1,0.1,0.5,0.0,65535.0,0.32094300755321586,0.0,65535.0,0.20827038986800947,0.0,0.0,0.0,0.0,0.0,0.0,0.0,0.0,0.0,0.0
115493.12,1.526520839502105,0.0,17421.0,37.0,0.24999999999834768,31.625,32.5625,37.01000000000005,0.0,0.0,0.0,0.0,0.0,20.0,0.3,0.1,0.2,0.1,0.4,0.1,0.1,0.1,0.5,0.0,65535.0,0.3187762264438849,0.0,65535.0,0.20648508430609597,0.0,0.0,0.0,0.0,0.0,0.0,0.0,0.0,0.0,0.0
115553.16,1.5068793000110472,0.0,17421.0,37.0,0.24029999999834145,31.5625,32.5625,36.85000000000002,0.0,0.0,0.0,0.0,0.0,20.0,0.3,0.1,0.2,0.1,0.4,0.1,0.1,0.1,0.5,0.0,65535.0,0.3189288166628519,0.0,65535.0,0.20608834973678186,0.0,0.0,0.0,0.0,0.0,0.0,0.0,0.0,0.0,0.0
115613.24,1.5207217019763644,0.0,17421.0,37.0,0.23059999999833522,31.625,32.5625,36.870000000000005,0.0,0.0,0.0,0.0,0.0,20.0,0.3,0.1,0.2,0.1,0.4,0.1,0.1,0.1,0.5,0.0,65535.0,0.31953917753871974,0.0,65535.0,0.20611886778057525,0.0,0.0,0.0,0.0,0.0,0.0,0.0,0.0,0.0,0.0
115673.32,1.520390669096293,0.0,17421.0,37.0,0.2449999999983346,31.625,32.5625,36.950000000000045,0.0,0.0,0.0,0.0,0.0,20.0,0.3,0.1,0.2,0.1,0.4,0.1,0.1,0.1,0.5,0.0,65535.0,0.3224536507209888,0.0,65535.0,0.2106813153276875,0.0,0.0,0.0,0.0,0.0,0.0,0.0,0.0,0.0,0.0
115733.39,1.5514049177439952,0.0,17421.0,37.0,0.2269999999983325,31.625,32.5625,37.190000000000055,0.0,0.0,0.0,0.0,0.0,20.0,0.3,0.1,0.2,0.1,0.4,0.1,0.1,0.1,0.5,0.0,65535.0,0.3219806210421912,0.0,65535.0,0.20801098649576563,0.0,0.0,0.0,0.0,0.0,0.0,0.0,0.0,0.0,0.0
115793.46,1.513008189475297,0.0,17421.0,37.0,0.2036999999983352,31.5625,32.5625,36.870000000000005,0.0,0.0,0.0,0.0,0.0,20.0,0.3,0.1,0.2,0.1,0.4,0.1,0.1,0.1,0.5,0.0,65535.0,0.3225146868085756,0.0,65535.0,0.20691233691920347,0.0,0.0,0.0,0.0,0.0,0.0,0.0,0.0,0.0,0.0
115853.54,1.5182614584046714,0.0,17421.0,37.0,0.24189999999834053,31.625,32.5,37.01000000000005,0.0,0.0,0.0,0.0,0.0,20.0,0.3,0.1,0.2,0.1,0.4,0.1,0.1,0.1,0.5,0.0,65535.0,0.3180895704585336,0.0,65535.0,0.20575265125505454,0.0,0.0,0.0,0.0,0.0,0.0,0.0,0.0,0.0,0.0
115913.59,1.540008553611294,0.0,17421.0,37.0,0.21989999999833382,31.5625,32.5,36.89000000000004,0.0,0.0,0.0,0.0,0.0,20.0,0.3,0.1,0.2,0.1,0.4,0.1,0.1,0.1,0.5,0.0,65535.0,0.3229571984435798,0.0,65535.0,0.20840772106507974,0.0,0.0,0.0,0.0,0.0,0.0,0.0,0.0,0.0,0.0
115973.66,1.532193603241881,0.0,17421.0,37.0,0.1968999999983371,31.5625,32.5,36.81,0.0,0.0,0.0,0.0,0.0,20.0,0.3,0.1,0.2,0.1,0.4,0.1,0.1,0.1,0.5,0.0,65535.0,0.3267109178301671,0.0,65535.0,0.20830090791180286,0.0,0.0,0.0,0.0,0.0,0.0,0.0,0.0,0.0,0.0
116033.7,1.5257830484490793,0.0,17421.0,37.0,0.24579999999833865,31.5625,32.5625,36.77000000000004,0.0,0.0,0.0,0.0,0.0,20.0,0.3,0.1,0.2,0.1,0.4,0.1,0.1,0.1,0.5,0.0,65535.0,0.3223620965896086,0.0,65535.0,0.2073548485542077,0.0,0.0,0.0,0.0,0.0,0.0,0.0,0.0,0.0,0.0
116093.77,1.5425771816066813,0.0,17421.0,37.0,0.21579999999833666,31.5625,32.5,36.85000000000002,0.0,0.0,0.0,0.0,0.0,20.0,0.3,0.1,0.2,0.1,0.4,0.1,0.1,0.1,0.5,0.0,65535.0,0.3241168841077287,0.0,65535.0,0.20556954299229419,0.0,0.0,0.0,0.0,0.0,0.0,0.0,0.0,0.0,0.0
116153.85,1.5266878368395078,0.0,17421.0,37.0,0.20639999999833097,31.5625,32.5625,37.01000000000005,0.0,0.0,0.0,0.0,0.0,20.0,0.3,0.1,0.2,0.1,0.4,0.1,0.1,0.1,0.5,0.0,65535.0,0.3203631647211414,0.0,65535.0,0.20700389105058364,0.0,0.0,0.0,0.0,0.0,0.0,0.0,0.0,0.0,0.0
116213.93,1.5265108422510614,0.0,17421.0,37.0,0.21809999999833027,31.625,32.5625,36.97000000000003,0.0,0.0,0.0,0.0,0.0,20.0,0.3,0.1,0.2,0.1,0.4,0.1,0.1,0.1,0.5,0.0,65535.0,0.32303349355306327,0.0,65535.0,0.20787365529869536,0.0,0.0,0.0,0.0,0.0,0.0,0.0,0.0,0.0,0.0
116273.98,1.542488385363252,0.0,17421.0,37.0,0.2727999999983365,31.5625,32.5,37.03000000000003,0.0,0.00024702599027005487,0.25,0.0,0.0,20.0,0.3,0.1,0.2,0.1,0.4,0.1,0.1,0.1,0.5,0.0,65535.0,0.32555123216601817,0.0,65535.0,0.20996414129854277,0.0,0.0,0.0,0.0,0.0,0.0,0.0,0.0,0.0,0.0
116334.02,1.534842468733602,0.0,17421.0,37.0,0.29789999999833217,31.5625,32.5,36.870000000000005,0.0,0.003790881971446204,0.08516352788578482,0.0,0.0,20.0,0.3,0.1,0.2,0.1,0.4,0.1,0.1,0.1,0.5,0.0,65535.0,0.3208209353780423,0.0,65535.0,0.207690547035935,0.0,0.0,0.0,0.0,0.0,0.0,0.0,0.0,0.0,0.0
116394.06,1.5137364702137224,0.0,17421.0,37.0,0.2679999999983351,31.5,32.5625,36.610000000000014,0.0,0.0031212851986431936,0.08248514079457278,0.0,0.0,20.0,0.3,0.1,0.2,0.1,0.4,0.1,0.1,0.1,0.5,0.0,65535.0,0.31407644769970244,0.0,65535.0,0.2016937514305333,0.0,0.0,0.0,0.0,0.0,0.0,0.0,0.0,0.0,0.0
116454.11,1.468858429180552,0.0,17421.0,37.0,0.31169999999833065,31.5,32.5,36.53000000000003,0.0,0.0,0.07,0.0,0.0,20.0,0.3,0.1,0.2,0.1,0.4,0.1,0.1,0.1,0.5,0.0,65535.0,0.3129167620355535,0.0,65535.0,0.19644464789806973,0.0,0.0,0.0,0.0,0.0,0.0,0.0,0.0,0.0,0.0
116514.18,1.4786850659228141,0.0,17421.0,37.0,0.29739999999833455,31.5625,32.5,36.81,0.0,0.0,0.07,0.0,0.0,20.0,0.3,0.1,0.2,0.1,0.4,0.1,0.1,0.1,0.5,0.0,65535.0,0.31198596169985504,0.0,65535.0,0.1982452124818799,0.0,0.0,0.0,0.0,0.0,0.0,0.0,0.0,0.0,0.0
116574.25,1.4811456110577543,0.0,17421.0,37.0,0.279799999998323,31.5625,32.5625,36.870000000000005,0.0,0.0,0.25,0.0,0.0,20.0,0.3,0.1,0.2,0.1,0.4,0.1,0.1,0.1,0.5,0.0,65535.0,0.312138551918822,0.0,65535.0,0.19717708094911116,0.0,0.0,0.0,0.0,0.0,0.0,0.0,0.0,0.0,0.0
116634.3,1.4798699691176709,0.0,17421.0,37.0,0.2082999999983295,31.625,32.5,37.01000000000005,0.0,0.0,0.07,0.0,0.0,20.0,0.3,0.1,0.2,0.1,0.4,0.1,0.1,0.1,0.5,0.0,65535.0,0.30986495765621425,0.0,65535.0,0.1965209430075532,0.0,0.0,0.0,0.0,0.0,0.0,0.0,0.0,0.0,0.0
116694.36,1.4906705349666942,0.0,17421.0,37.0,0.24529999999832,31.625,32.5,36.97000000000003,0.0,0.0,0.07,0.0,0.0,20.0,0.3,0.1,0.2,0.1,0.4,0.1,0.1,0.1,0.5,0.0,65535.0,0.3118486305027848,0.0,65535.0,0.1978484779125658,0.0,0.0,0.0,0.0,0.0,0.0,0.0,0.0,0.0,0.0
116754.43,1.4881940887016896,0.0,17421.0,37.0,0.222599999998323,31.625,32.5,36.93000000000001,0.0,0.0,0.07,0.0,0.0,20.0,0.3,0.1,0.2,0.1,0.4,0.1,0.1,0.1,0.5,0.0,65535.0,0.31313038834210727,0.0,65535.0,0.2012664988174258,0.0,0.0,0.0,0.0,0.0,0.0,0.0,0.0,0.0,0.0
116814.5,1.499113254457828,0.0,17421.0,37.0,0.25959999999832856,31.6875,32.5,37.01000000000005,0.0,0.0,0.07,0.0,0.0,20.0,0.3,0.1,0.2,0.1,0.4,0.1,0.1,0.1,0.5,0.0,65535.0,0.3131151293202106,0.0,65535.0,0.1969634546425574,0.0,0.0,0.0,0.0,0.0,0.0,0.0,0.0,0.0,0.0
116874.56,1.4949505048359597,0.0,17421.0,37.0,0.23249999999832222,31.625,32.5625,37.110000000000014,0.0,0.0,0.25,0.0,0.0,20.0,0.3,0.1,0.2,0.1,0.4,0.1,0.1,0.1,0.5,0.0,65535.0,0.31496147096971083,0.0,65535.0,0.2025940337224384,0.0,0.0,0.0,0.0,0.0,0.0,0.0,0.0,0.0,0.0
116934.62,1.5023244130451372,0.0,17421.0,37.0,0.25129999999831676,31.625,32.5,36.950000000000045,0.0,0.0,0.07,0.0,0.0,20.0,0.3,0.1,0.2,0.1,0.4,0.1,0.1,0.1,0.5,0.0,65535.0,0.3146257724879835,0.0,65535.0,0.19850461585412374,0.0,0.0,0.0,0.0,0.0,0.0,0.0,0.0,0.0,0.0
116994.71,1.493003256433189,0.0,17421.0,37.0,0.2135999999983192,31.5625,32.5,36.870000000000005,0.0,0.0,0.07,0.0,0.0,20.0,0.3,0.1,0.2,0.1,0.4,0.1,0.1,0.1,0.5,0.0,65535.0,0.3121995880064088,0.0,65535.0,0.19816891737239642,0.0,0.0,0.0,0.0,0.0,0.0,0.0,0.0,0.0,0.0
117054.79,1.4961282973390293,0.0,17421.0,37.0,0.23149999999831372,31.5625,32.5625,36.950000000000045,0.0,0.0,0.0,0.0,0.0,20.0,0.3,0.1,0.2,0.1,0.4,0.1,0.1,0.1,0.5,0.0,65535.0,0.3158922713054093,0.0,65535.0,0.1983062485694667,0.0,0.0,0.0,0.0,0.0,0.0,0.0,0.0,0.0,0.0
117114.87,1.4792172343273815,0.0,17421.0,37.0,0.22559999999831737,31.5625,32.5,36.870000000000005,0.0,0.0,0.0,0.0,0.0,20.0,0.3,0.1,0.2,0.1,0.4,0.1,0.1,0.1,0.5,0.0,65535.0,0.3130540932326238,0.0,65535.0,0.19884031433585106,0.0,0.0,0.0,0.0,0.0,0.0,0.0,0.0,0.0,0.0
117174.95,1.4973035236995893,0.0,17421.0,37.0,0.2446999999983125,31.5625,32.5625,36.85000000000002,0.0,0.0,0.0,0.0,0.0,20.0,0.3,0.1,0.2,0.1,0.4,0.1,0.1,0.1,0.5,0.0,65535.0,0.3139391165026322,0.0,65535.0,0.1953612573434043,0.0,0.0,0.0,0.0,0.0,0.0,0.0,0.0,0.0,0.0
117235.05,1.4961917124226356,0.0,17421.0,37.0,0.27059999999831735,31.625,32.5,36.97000000000003,0.0,0.0,0.0,0.0,0.0,20.0,0.3,0.1,0.2,0.1,0.4,0.1,0.1,0.1,0.5,0.0,65535.0,0.31326771953917754,0.0,65535.0,0.1956816968032349,0.0,0.0,0.0,0.0,0.0,0.0,0.0,0.0,0.0,0.0
117295.09,1.5043247004003433,0.0,17421.0,37.0,0.2711999999983168,31.625,32.5625,36.93000000000001,0.0,0.0,0.0,0.0,0.0,20.0,0.3,0.1,0.2,0.1,0.4,0.1,0.1,0.1,0.5,0.0,65535.0,0.31653315022507056,0.0,65535.0,0.1973754482337682,0.0,0.0,0.0,0.0,0.0,0.0,0.0,0.0,0.0,0.0
117355.13,1.491186942965523,0.0,17421.0,37.0,0.22679999999831454,31.5625,32.5,36.85000000000002,0.0,0.0,0.0,0.0,0.0,20.0,0.3,0.1,0.2,0.1,0.4,0.1,0.1,0.1,0.5,0.0,65535.0,0.3172350652323186,0.0,65535.0,0.19649042496375982,0.0,0.0,0.0,0.0,0.0,0.0,0.0,0.0,0.0,0.0
117415.19,1.4902415029152598,0.0,17421.0,37.0,0.26389999999831004,31.5625,32.5,37.05000000000001,0.0,0.0,0.0,0.0,0.0,20.0,0.3,0.1,0.2,0.1,0.4,0.1,0.1,0.1,0.5,0.0,65535.0,0.315556572823682,0.0,65535.0,0.19726863508049133,0.0,0.0,0.0,0.0,0.0,0.0,0.0,0.0,0.0,0.0
117475.25,1.507423595902202,0.0,17421.0,37.0,0.23209999999830802,31.5625,32.5625,37.05000000000001,0.0,0.0,0.0,0.0,0.0,20.0,0.3,0.1,0.2,0.1,0.4,0.1,0.1,0.1,0.5,0.0,65535.0,0.3183489738307774,0.0,65535.0,0.20096131837949188,0.0,0.0,0.0,0.0,0.0,0.0,0.0,0.0,0.0,0.0
117535.32,1.514896807868352,0.0,17421.0,37.0,0.18759999999831495,31.5625,32.5625,37.13000000000005,0.0,0.0,0.0,0.0,0.0,20.0,0.3,0.1,0.2,0.1,0.4,0.1,0.1,0.1,0.5,0.0,65535.0,0.31995117112993054,0.0,65535.0,0.19847409781033035,0.0,0.0,0.0,0.0,0.0,0.0,0.0,0.0,0.0,0.0
117595.35,1.5110364369822407,0.0,17421.0,37.0,0.24609999999831686,31.5625,32.5,36.85000000000002,0.0,0.0,0.0,0.0,0.0,20.0,0.3,0.1,0.2,0.1,0.4,0.1,0.1,0.1,0.5,0.0,65535.0,0.321187151903563,0.0,65535.0,0.19731441214618142,0.0,0.0,0.0,0.0,0.0,0.0,0.0,0.0,0.0,0.0
117655.4,1.5040601341616768,0.0,17421.0,37.0,0.25939999999830643,31.5625,32.5625,37.03000000000003,0.0,0.0,0.0,0.0,0.0,20.0,0.3,0.1,0.2,0.1,0.4,0.1,0.1,0.1,0.5,0.0,65535.0,0.316411078049897,0.0,65535.0,0.197436484321355,0.0,0.0,0.0,0.0,0.0,0.0,0.0,0.0,0.0,0.0
117715.48,1.5183078026936334,0.0,17421.0,37.0,0.2449999999983045,31.5625,32.5,36.79000000000002,0.0,0.0,0.0,0.0,0.0,20.0,0.3,0.1,0.2,0.1,0.4,0.1,0.1,0.1,0.5,0.0,65535.0,0.31773861295490957,0.0,65535.0,0.19877927824826427,0.0,0.0,0.0,0.0,0.0,0.0,0.0,0.0,0.0,0.0
117775.54,1.5199912083853109,0.0,17421.0,37.0,0.1963999999983018,31.5625,32.5,36.93000000000001,0.0,0.0,0.0,0.0,0.0,20.0,0.3,0.1,0.2,0.1,0.4,0.1,0.1,0.1,0.5,0.0,65535.0,0.3197375448233768,0.0,65535.0,0.20231937132829786,0.0,0.0,0.0,0.0,0.0,0.0,0.0,0.0,0.0,0.0
117835.62,1.5231549409154852,0.0,17421.0,37.0,0.2628999999983132,31.5625,32.5625,37.13000000000005,0.0,0.0,0.0,0.0,0.0,20.0,0.3,0.1,0.2,0.1,0.4,0.1,0.1,0.1,0.5,0.0,65535.0,0.3204242008087282,0.0,65535.0,0.1965514610513466,0.0,0.0,0.0,0.0,0.0,0.0,0.0,0.0,0.0,0.0
117895.67,1.5225808160848167,0.0,17421.0,37.0,0.27209999999830825,31.5625,32.5625,36.89000000000004,0.0,0.0,0.0,0.0,0.0,20.0,0.3,0.1,0.2,0.1,0.4,0.1,0.1,0.1,0.5,0.0,65535.0,0.3196917677576867,0.0,65535.0,0.2042267490653849,0.0,0.0,0.0,0.0,0.0,0.0,0.0,0.0,0.0,0.0
117955.72,1.5132719820725482,0.0,17421.0,37.0,0.2264999999983054,31.625,32.5,37.03000000000003,0.0,0.0,0.0,0.0,0.0,20.0,0.3,0.1,0.2,0.1,0.4,0.1,0.1,0.1,0.5,0.0,65535.0,0.31696040283817806,0.0,65535.0,0.19690241855497062,0.0,0.0,0.0,0.0,0.0,0.0,0.0,0.0,0.0,0.0
118015.76,1.5229275086357914,0.0,17421.0,37.0,0.20169999999830862,31.625,32.5625,37.110000000000014,0.0,0.0,0.0,0.0,0.0,20.0,0.3,0.1,0.2,0.1,0.4,0.1,0.1,0.1,0.5,0.0,65535.0,0.315907530327306,0.0,65535.0,0.19774166475928892,0.0,0.0,0.0,0.0,0.0,0.0,0.0,0.0,0.0,0.0
118075.8,1.5282246269593796,0.0,17421.0,37.0,0.2598999999983099,31.5625,32.5,36.870000000000005,0.0,0.0,0.0,0.0,0.0,20.0,0.3,0.1,0.2,0.1,0.4,0.1,0.1,0.1,0.5,0.0,65535.0,0.3224383916990921,0.0,65535.0,0.19794003204394597,0.0,0.0,0.0,0.0,0.0,0.0,0.0,0.0,0.0,0.0
118135.88,1.5161622397032648,0.0,17421.0,37.0,0.2345999999983037,31.5625,32.5625,36.97000000000003,0.0,0.0,0.0,0.0,0.0,20.0,0.3,0.1,0.2,0.1,0.4,0.1,0.1,0.1,0.5,0.0,65535.0,0.3192645151445792,0.0,65535.0,0.19928282597085528,0.0,0.0,0.0,0.0,0.0,0.0,0.0,0.0,0.0,0.0
118195.94,1.5472889382742967,0.0,17421.0,37.0,0.2595999999983085,31.625,32.5,36.870000000000005,0.0,0.0,0.0,0.0,0.0,20.0,0.3,0.1,0.2,0.1,0.4,0.1,0.1,0.1,0.5,0.0,65535.0,0.3230029755092699,0.0,65535.0,0.20096131837949188,0.0,0.0,0.0,0.0,0.0,0.0,0.0,0.0,0.0,0.0
118255.97,1.527065310897779,0.0,17421.0,37.0,0.2215999999982962,31.5625,32.5,37.01000000000005,0.0,0.0,0.0,0.0,0.0,20.0,0.3,0.1,0.2,0.1,0.4,0.1,0.1,0.1,0.5,0.0,65535.0,0.3241321431296254,0.0,65535.0,0.19993896391241323,0.0,0.0,0.0,0.0,0.0,0.0,0.0,0.0,0.0,0.0
118316.05,1.5157444024671045,0.0,17421.0,37.0,0.27609999999830687,31.5,32.5,36.81,0.0,0.0,0.0,0.0,0.0,20.0,0.3,0.1,0.2,0.1,0.4,0.1,0.1,0.1,0.5,0.0,65535.0,0.32184328984512095,0.0,65535.0,0.2009002822919051,0.0,0.0,0.0,0.0,0.0,0.0,0.0,0.0,0.0,0.0
118376.11,1.527737251978659,0.0,17421.0,37.0,0.28759999999829644,31.5625,32.5,36.77000000000004,0.0,0.0,0.0,0.0,0.0,20.0,0.3,0.1,0.2,0.1,0.4,0.1,0.1,0.1,0.5,0.0,65535.0,0.3196154726482032,0.0,65535.0,0.19859616998550392,0.0,0.0,0.0,0.0,0.0,0.0,0.0,0.0,0.0,0.0
118436.17,1.5112275125821073,0.0,17421.0,37.0,0.28319999999830037,31.5625,32.5,36.79000000000002,0.0,0.0,0.0,0.0,0.0,20.0,0.3,0.1,0.2,0.1,0.4,0.1,0.1,0.1,0.5,0.0,65535.0,0.32137026016632336,0.0,65535.0,0.1995880064087892,0.0,0.0,0.0,0.0,0.0,0.0,0.0,0.0,0.0,0.0
118496.21,1.5348397076112232,0.0,17421.0,37.0,0.23579999999829745,31.5625,32.5,36.97000000000003,0.0,0.0,0.0,0.0,0.0,20.0,0.3,0.1,0.2,0.1,0.4,0.1,0.1,0.1,0.5,0.0,65535.0,0.3201495384145876,0.0,65535.0,0.19848935683222704,0.0,0.0,0.0,0.0,0.0,0.0,0.0,0.0,0.0,0.0
118556.28,1.5224523292481853,0.0,17421.0,37.0,0.239899999998292,31.5625,32.5,36.950000000000045,0.0,0.0,0.0,0.0,0.0,20.0,0.3,0.1,0.2,0.1,0.4,0.1,0.1,0.1,0.5,0.0,65535.0,0.32596322575722897,0.0,65535.0,0.20790417334248876,0.0,0.0,0.0,0.0,0.0,0.0,0.0,0.0,0.0,0.0
118616.32,1.529595487081497,0.0,17421.0,37.0,0.25459999999829114,31.5625,32.5,36.89000000000004,0.0,0.0,0.0,0.0,0.0,20.0,0.3,0.1,0.2,0.1,0.4,0.1,0.1,0.1,0.5,0.0,65535.0,0.3234302281223774,0.0,65535.0,0.19899290455481802,0.0,0.0,0.0,0.0,0.0,0.0,0.0,0.0,0.0,0.0
118676.4,1.5597769396567667,0.0,17421.0,37.0,0.2666999999982952,31.5,32.5625,36.85000000000002,0.0,0.0011627819776577758,0.25,0.0,0.0,20.0,0.3,0.1,0.2,0.1,0.4,0.1,0.1,0.1,0.5,0.0,65535.0,0.323399710078584,0.0,65535.0,0.19893186846723124,0.0,0.0,0.0,0.0,0.0,0.0,0.0,0.0,0.0,0.0
118736.43,1.5250270695702857,0.0,17421.0,37.0,0.2805999999983002,31.5625,32.5,36.81,0.0,0.0026017043410412853,0.08040681736416515,0.0,0.0,20.0,0.3,0.1,0.2,0.1,0.4,0.1,0.1,0.1,0.5,0.0,65535.0,0.32135500114442667,0.0,65535.0,0.19885557335774776,0.0,0.0,0.0,0.0,0.0,0.0,0.0,0.0,0.0,0.0
118796.48,1.4850111475944134,0.0,17421.0,37.0,0.3339999999982869,31.5,32.5,36.63000000000005,0.0,0.0,0.07,0.0,0.0,20.0,0.3,0.1,0.2,0.1,0.4,0.1,0.1,0.1,0.5,0.0,65535.0,0.31537346456092163,0.0,65535.0,0.19182116426337073,0.0,0.0,0.0,0.0,0.0,0.0,0.0,0.0,0.0,0.0
118856.54,1.4693068079307066,0.0,17421.0,37.0,0.2951999999982937,31.5,32.5,36.79000000000002,0.0,0.0,0.07,0.0,0.0,20.0,0.3,0.1,0.2,0.1,0.4,0.1,0.1,0.1,0.5,0.0,65535.0,0.31573968108644235,0.0,65535.0,0.1952544441901274,0.0,0.0,0.0,0.0,0.0,0.0,0.0,0.0,0.0,0.0
118916.58,1.5112489593119187,0.0,17421.0,37.0,0.2551999999982866,31.5625,32.5,36.950000000000045,0.0,0.0,0.07,0.0,0.0,20.0,0.3,0.1,0.2,0.1,0.4,0.1,0.1,0.1,0.5,0.0,65535.0,0.3171587701228351,0.0,65535.0,0.1953307392996109,0.0,0.0,0.0,0.0,0.0,0.0,0.0,0.0,0.0,0.0
118976.65,1.517962879482699,0.0,17421.0,37.0,0.25759999999828526,31.625,32.4375,36.950000000000045,0.0,0.0,0.25,0.0,0.0,20.0,0.3,0.1,0.2,0.1,0.4,0.1,0.1,0.1,0.5,0.0,65535.0,0.31448844129091325,0.0,65535.0,0.19482719157701991,0.0,0.0,0.0,0.0,0.0,0.0,0.0,0.0,0.0,0.0
119036.71,1.4861785520416653,0.0,17421.0,37.0,0.254299999998284,31.5625,32.4375,36.950000000000045,0.0,0.0,0.07,0.0,0.0,20.0,0.3,0.1,0.2,0.1,0.4,0.1,0.1,0.1,0.5,0.0,65535.0,0.31285572594796673,0.0,65535.0,0.19645990691996643,0.0,0.0,0.0,0.0,0.0,0.0,0.0,0.0,0.0,0.0
119096.79,1.4893231794161121,0.0,17421.0,37.0,0.2468999999982873,31.625,32.5,36.97000000000003,0.0,0.0,0.07,0.0,0.0,20.0,0.3,0.1,0.2,0.1,0.4,0.1,0.1,0.1,0.5,0.0,65535.0,0.3193865873197528,0.0,65535.0,0.19378957808804456,0.0,0.0,0.0,0.0,0.0,0.0,0.0,0.0,0.0,0.0
119156.86,1.4947848756464739,0.0,17421.0,37.0,0.2680999999982822,31.625,32.4375,36.89000000000004,0.0,0.0,0.07,0.0,0.0,20.0,0.3,0.1,0.2,0.1,0.4,0.1,0.1,0.1,0.5,0.0,65535.0,0.3185015640497444,0.0,65535.0,0.19201953154802778,0.0,0.0,0.0,0.0,0.0,0.0,0.0,0.0,0.0,0.0
119216.93,1.5116466193152958,0.0,17421.0,37.0,0.18739999999827772,31.625,32.5,37.190000000000055,0.0,0.0,0.07,0.0,0.0,20.0,0.3,0.1,0.2,0.1,0.4,0.1,0.1,0.1,0.5,0.0,65535.0,0.31570916304264895,0.0,65535.0,0.1978332188906691,0.0,0.0,0.0,0.0,0.0,0.0,0.0,0.0,0.0,0.0
119277.01,1.5071544550348914,0.0,17421.0,37.0,0.21059999999828247,31.5,32.5,37.09000000000003,0.0,0.0,0.25,0.0,0.0,20.0,0.3,0.1,0.2,0.1,0.4,0.1,0.1,0.1,0.5,0.0,65535.0,0.31610589761196306,0.0,65535.0,0.19221789883268484,0.0,0.0,0.0,0.0,0.0,0.0,0.0,0.0,0.0,0.0
119337.08,1.5211220151771672,0.0,17421.0,37.0,0.22059999999828672,31.5625,32.5,37.05000000000001,0.0,0.0,0.07,0.0,0.0,20.0,0.3,0.1,0.2,0.1,0.4,0.1,0.1,0.1,0.5,0.0,65535.0,0.31796749828336,0.0,65535.0,0.1923399710078584,0.0,0.0,0.0,0.0,0.0,0.0,0.0,0.0,0.0,0.0
119397.16,1.5067854926752977,0.0,17421.0,37.0,0.26709999999828793,31.5625,32.4375,36.870000000000005,0.0,0.0,0.0,0.0,0.0,20.0,0.3,0.1,0.2,0.1,0.4,0.1,0.1,0.1,0.5,0.0,65535.0,0.31833371480888073,0.0,65535.0,0.19392690928511483,0.0,0.0,0.0,0.0,0.0,0.0,0.0,0.0,0.0,0.0
119457.24,1.5347170766551672,0.0,17421.0,37.0,0.26419999999827715,31.5625,32.5,36.89000000000004,0.0,0.0,0.0,0.0,0.0,20.0,0.3,0.1,0.2,0.1,0.4,0.1,0.1,0.1,0.5,0.0,65535.0,0.31860837720302126,0.0,65535.0,0.1949340047302968,0.0,0.0,0.0,0.0,0.0,0.0,0.0,0.0,0.0,0.0
119517.31,1.5122565377376744,0.0,17421.0,37.0,0.18729999999828345,31.625,32.5,37.170000000000016,0.0,0.0,0.0,0.0,0.0,20.0,0.3,0.1,0.2,0.1,0.4,0.1,0.1,0.1,0.5,0.0,65535.0,0.31787594415197984,0.0,65535.0,0.1949187457084001,0.0,0.0,0.0,0.0,0.0,0.0,0.0,0.0,0.0,0.0
119577.35,1.4904165769786009,0.0,17421.0,37.0,0.28259999999828117,31.5625,32.5,36.79000000000002,0.0,0.0,0.0,0.0,0.0,20.0,0.3,0.1,0.2,0.1,0.4,0.1,0.1,0.1,0.5,0.0,65535.0,0.3211566338597696,0.0,65535.0,0.19731441214618142,0.0,0.0,0.0,0.0,0.0,0.0,0.0,0.0,0.0,0.0
119637.4,1.5229743623303487,0.0,17421.0,37.0,0.256399999998274,31.5,32.5,36.89000000000004,0.0,0.0,0.0,0.0,0.0,20.0,0.3,0.1,0.2,0.1,0.4,0.1,0.1,0.1,0.5,0.0,65535.0,0.32175173571374077,0.0,65535.0,0.19578850995651179,0.0,0.0,0.0,0.0,0.0,0.0,0.0,0.0,0.0,0.0
119697.44,1.5309325652163253,0.0,17421.0,37.0,0.2799999999982835,31.5625,32.5,36.81,0.0,0.0,0.0,0.0,0.0,20.0,0.3,0.1,0.2,0.1,0.4,0.1,0.1,0.1,0.5,0.0,65535.0,0.31987487602044706,0.0,65535.0,0.19510185397116045,0.0,0.0,0.0,0.0,0.0,0.0,0.0,0.0,0.0,0.0
119757.48,1.5093475010415007,0.0,17421.0,37.0,0.20849999999827493,31.5625,32.4375,37.09000000000003,0.0,0.0,0.0,0.0,0.0,20.0,0.3,0.1,0.2,0.1,0.4,0.1,0.1,0.1,0.5,0.0,65535.0,0.31960021362630653,0.0,65535.0,0.19249256122682537,0.0,0.0,0.0,0.0,0.0,0.0,0.0,0.0,0.0,0.0
119817.52,1.5101695908879027,0.0,17421.0,37.0,0.25639999999827057,31.5625,32.5,36.89000000000004,0.0,0.0,0.0,0.0,0.0,20.0,0.3,0.1,0.2,0.1,0.4,0.1,0.1,0.1,0.5,0.0,65535.0,0.3223620965896086,0.0,65535.0,0.19751277943083848,0.0,0.0,0.0,0.0,0.0,0.0,0.0,0.0,0.0,0.0
119877.55,1.5087161607732356,0.0,17421.0,37.0,0.2584999999982695,31.5,32.5,36.89000000000004,0.0,0.0,0.0,0.0,0.0,20.0,0.3,0.1,0.2,0.1,0.4,0.1,0.1,0.1,0.5,0.0,65535.0,0.3211718928816663,0.0,65535.0,0.19707026779583428,0.0,0.0,0.0,0.0,0.0,0.0,0.0,0.0,0.0,0.0
119937.6,1.5382167886680527,0.0,17421.0,37.0,0.2245999999982668,31.5625,32.5,37.01000000000005,0.0,0.0,0.0,0.0,0.0,20.0,0.3,0.1,0.2,0.1,0.4,0.1,0.1,0.1,0.5,0.0,65535.0,0.3221484702830549,0.0,65535.0,0.19681086442359044,0.0,0.0,0.0,0.0,0.0,0.0,0.0,0.0,0.0,0.0
119997.66,1.5247159297685196,0.0,17421.0,37.0,0.319699999998269,31.625,32.4375,36.650000000000034,0.0,0.0,0.0,0.0,0.0,20.0,0.3,0.1,0.2,0.1,0.4,0.1,0.1,0.1,0.5,0.0,65535.0,0.32140077821011676,0.0,65535.0,0.19377431906614787,0.0,0.0,0.0,0.0,0.0,0.0,0.0,0.0,0.0,0.0
120057.74,1.5229248304871847,0.0,17421.0,37.0,0.24739999999826537,31.5625,32.4375,36.950000000000045,0.0,0.0,0.0,0.0,0.0,20.0,0.3,0.1,0.2,0.1,0.4,0.1,0.1,0.1,0.5,0.0,65535.0,0.32228580148012514,0.0,65535.0,0.19540703440909438,0.0,0.0,0.0,0.0,0.0,0.0,0.0,0.0,0.0,0.0
120117.79,1.5380407333398698,0.0,17421.0,37.0,0.22649999999826845,31.625,32.4375,37.03000000000003,0.0,0.0,0.0,0.0,0.0,20.0,0.3,0.1,0.2,0.1,0.4,0.1,0.1,0.1,0.5,0.0,65535.0,0.321538109407187,0.0,65535.0,0.1965362020294499,0.0,0.0,0.0,0.0,0.0,0.0,0.0,0.0,0.0,0.0
120177.84,1.5313196094449026,0.0,17421.0,37.0,0.21999999999827266,31.625,32.5,37.05000000000001,0.0,0.0,0.0,0.0,0.0,20.0,0.3,0.1,0.2,0.1,0.4,0.1,0.1,0.1,0.5,0.0,65535.0,0.3220874341954681,0.0,65535.0,0.1944304570077058,0.0,0.0,0.0,0.0,0.0,0.0,0.0,0.0,0.0,0.0
120237.9,1.5035123854641768,0.0,17421.0,37.0,0.23879999999826806,31.5625,32.4375,36.97000000000003,0.0,0.0,0.0,0.0,0.0,20.0,0.3,0.1,0.2,0.1,0.4,0.1,0.1,0.1,0.5,0.0,65535.0,0.32100404364080265,0.0,65535.0,0.19479667353322652,0.0,0.0,0.0,0.0,0.0,0.0,0.0,0.0,0.0,0.0
120297.98,1.536937346516025,0.0,17421.0,37.0,0.1792999999982602,31.5625,32.4375,37.190000000000055,0.0,0.0,0.0,0.0,0.0,20.0,0.3,0.1,0.2,0.1,0.4,0.1,0.1,0.1,0.5,0.0,65535.0,0.3223773556115053,0.0,65535.0,0.1948577096208133,0.0,0.0,0.0,0.0,0.0,0.0,0.0,0.0,0.0,0.0
120358.03,1.5430582698267927,0.0,17421.0,37.0,0.26489999999826763,31.5625,32.5,36.85000000000002,0.0,0.0,0.0,0.0,0.0,20.0,0.3,0.1,0.2,0.1,0.4,0.1,0.1,0.1,0.5,0.0,65535.0,0.3237354085603113,0.0,65535.0,0.1996032654306859,0.0,0.0,0.0,0.0,0.0,0.0,0.0,0.0,0.0,0.0
120418.07,1.5496484266209252,0.0,17421.0,37.0,0.24309999999827067,31.5625,32.4375,36.93000000000001,0.0,0.0,0.0,0.0,0.0,20.0,0.3,0.1,0.2,0.1,0.4,0.1,0.1,0.1,0.5,0.0,65535.0,0.3263599603265431,0.0,65535.0,0.19725337605859464,0.0,0.0,0.0,0.0,0.0,0.0,0.0,0.0,0.0,0.0
120478.12,1.5479085212351518,0.0,17421.0,37.0,0.2330999999982647,31.5,32.4375,36.97000000000003,0.0,0.0,0.0,0.0,0.0,20.0,0.3,0.1,0.2,0.1,0.4,0.1,0.1,0.1,0.5,0.0,65535.0,0.323750667582208,0.0,65535.0,0.19647516594186312,0.0,0.0,0.0,0.0,0.0,0.0,0.0,0.0,0.0,0.0
120538.16,1.5566351281321715,0.0,17421.0,37.0,0.24459999999826929,31.5625,32.4375,36.93000000000001,0.0,0.0043908299220579705,0.08756331968823189,0.0,0.0,20.0,0.3,0.1,0.2,0.1,0.4,0.1,0.1,0.1,0.5,0.0,65535.0,0.3266956588082704,0.0,65535.0,0.19832150759136338,0.0,0.0,0.0,0.0,0.0,0.0,0.0,0.0,0.0,0.0
120598.2,1.5042915278196414,0.0,17421.0,37.0,0.3123999999982562,31.5,32.4375,36.690000000000055,0.0,0.0,0.0,0.0,0.0,20.0,0.3,0.1,0.2,0.1,0.4,0.1,0.1,0.1,0.5,0.0,65535.0,0.31665522240024413,0.0,65535.0,0.19134813458457312,0.0,0.0,0.0,0.0,0.0,0.0,0.0,0.0,0.0,0.0
120658.25,1.4974570412984614,0.0,17421.0,37.0,0.2956999999982589,31.5,32.5,36.77000000000004,0.0,0.0,0.07,0.0,0.0,20.0,0.3,0.1,0.2,0.1,0.4,0.1,0.1,0.1,0.5,0.0,65535.0,0.3240863660639353,0.0,65535.0,0.19662775616083009,0.0,0.0,0.0,0.0,0.0,0.0,0.0,0.0,0.0,0.0
120718.29,1.4794515065256564,0.0,17421.0,37.0,0.28599999999826775,31.5625,32.4375,36.81,0.0,0.0,0.07,0.0,0.0,20.0,0.3,0.1,0.2,0.1,0.4,0.1,0.1,0.1,0.5,0.0,65535.0,0.32108033875028613,0.0,65535.0,0.19174486915388725,0.0,0.0,0.0,0.0,0.0,0.0,0.0,0.0,0.0,0.0
120778.33,1.518456973985361,0.0,17421.0,37.0,0.2733999999982667,31.5625,32.4375,36.870000000000005,0.0,0.0,0.25,0.0,0.0,20.0,0.3,0.1,0.2,0.1,0.4,0.1,0.1,0.1,0.5,0.0,65535.0,0.3197985809109636,0.0,65535.0,0.1915312428473335,0.0,0.0,0.0,0.0,0.0,0.0,0.0,0.0,0.0,0.0
120838.38,1.524231379633643,0.0,17421.0,37.0,0.23509999999825462,31.625,32.4375,37.01000000000005,0.0,0.0,0.07,0.0,0.0,20.0,0.3,0.1,0.2,0.1,0.4,0.1,0.1,0.1,0.5,0.0,65535.0,0.31865415426871135,0.0,65535.0,0.1953154802777142,0.0,0.0,0.0,0.0,0.0,0.0,0.0,0.0,0.0,0.0
120898.42,1.5224059073310703,0.0,17421.0,37.0,0.27009999999826456,31.5625,32.4375,36.870000000000005,0.0,0.0,0.07,0.0,0.0,20.0,0.3,0.1,0.2,0.1,0.4,0.1,0.1,0.1,0.5,0.0,65535.0,0.321538109407187,0.0,65535.0,0.19290455481803617,0.0,0.0,0.0,0.0,0.0,0.0,0.0,0.0,0.0,0.0
120958.49,1.5251768697346582,0.0,17421.0,37.0,0.28749999999826464,31.625,32.4375,36.81,0.0,0.0,0.07,0.0,0.0,20.0,0.3,0.1,0.2,0.1,0.4,0.1,0.1,0.1,0.5,0.0,65535.0,0.3208667124437324,0.0,65535.0,0.19185168230716412,0.0,0.0,0.0,0.0,0.0,0.0,0.0,0.0,0.0,0.0
121018.56,1.5341124607688936,0.0,17421.0,37.0,0.2739999999982635,31.5625,32.5,36.870000000000005,0.0,0.0,0.07,0.0,0.0,20.0,0.3,0.1,0.2,0.1,0.4,0.1,0.1,0.1,0.5,0.0,65535.0,0.3180743114366369,0.0,65535.0,0.1944457160296025,0.0,0.0,0.0,0.0,0.0,0.0,0.0,0.0,0.0,0.0
121078.62,1.5448567343809718,0.0,17421.0,37.0,0.20949999999826024,31.5625,32.5,37.110000000000014,0.0,0.0,0.25,0.0,0.0,20.0,0.3,0.1,0.2,0.1,0.4,0.1,0.1,0.1,0.5,0.0,65535.0,0.3192492561226825,0.0,65535.0,0.19185168230716412,0.0,0.0,0.0,0.0,0.0,0.0,0.0,0.0,0.0,0.0
121138.68,1.5319833771300526,0.0,17421.0,37.0,0.24239999999825618,31.625,32.4375,36.97000000000003,0.0,0.0,0.07,0.0,0.0,20.0,0.3,0.1,0.2,0.1,0.4,0.1,0.1,0.1,0.5,0.0,65535.0,0.319829098954757,0.0,65535.0,0.19293507286182957,0.0,0.0,0.0,0.0,0.0,0.0,0.0,0.0,0.0,0.0
121198.71,1.5360295532218065,0.0,17421.0,37.0,0.2614999999982513,31.5625,32.5,36.89000000000004,0.0,0.0,0.0,0.0,0.0,20.0,0.3,0.1,0.2,0.1,0.4,0.1,0.1,0.1,0.5,0.0,65535.0,0.322041657129778,0.0,65535.0,0.19496452277409018,0.0,0.0,0.0,0.0,0.0,0.0,0.0,0.0,0.0,0.0
121258.78,1.5304384585350566,0.0,17421.0,37.0,0.24149999999825442,31.5,32.5,36.97000000000003,0.0,0.0027318902780208605,0.08092756111208345,0.0,0.0,20.0,0.3,0.1,0.2,0.1,0.4,0.1,0.1,0.1,0.5,0.0,65535.0,0.3224231326771954,0.0,65535.0,0.19223315785458153,0.0,0.0,0.0,0.0,0.0,0.0,0.0,0.0,0.0,0.0
121318.84,1.5267863793442094,0.0,17421.0,37.0,0.3404999999982573,31.5,32.4375,36.610000000000014,0.0,0.005538407514084694,0.09215363005633878,0.0,0.0,20.0,0.3,0.1,0.2,0.1,0.4,0.1,0.1,0.1,0.5,0.0,65535.0,0.3160296025024796,0.0,65535.0,0.1901731898985275,0.0,0.0,0.0,0.0,0.0,0.0,0.0,0.0,0.0,0.0
121378.9,1.4684910953766317,0.0,17421.0,37.0,0.3450999999982466,31.5625,32.4375,36.63000000000005,0.0,0.0,0.25,0.0,0.0,20.0,0.3,0.1,0.2,0.1,0.4,0.1,0.1,0.1,0.5,0.0,65535.0,0.31227588311589227,0.0,65535.0,0.18626688029297322,0.0,0.0,0.0,0.0,0.0,0.0,0.0,0.0,0.0,0.0
121438.94,1.474991968316596,0.0,17421.0,37.0,0.3101999999982542,31.5625,32.4375,36.79000000000002,0.0,0.0,0.07,0.0,0.0,20.0,0.3,0.1,0.2,0.1,0.4,0.1,0.1,0.1,0.5,0.0,65535.0,0.30824750133516443,0.0,65535.0,0.18071259632257572,0.0,0.0,0.0,0.0,0.0,0.0,0.0,0.0,0.0,0.0
121498.99,1.4680583403749927,0.0,17421.0,37.0,0.22309999999824476,31.625,32.4375,37.13000000000005,0.0,0.0,0.07,0.0,0.0,20.0,0.3,0.1,0.2,0.1,0.4,0.1,0.1,0.1,0.5,0.0,65535.0,0.3116960402838178,0.0,65535.0,0.18113984893568322,0.0,0.0,0.0,0.0,0.0,0.0,0.0,0.0,0.0,0.0
121559.06,1.4741215285267342,0.0,17421.0,37.0,0.26069999999824983,31.6875,32.5,36.97000000000003,0.0,0.0,0.07,0.0,0.0,20.0,0.3,0.1,0.2,0.1,0.4,0.1,0.1,0.1,0.5,0.0,65535.0,0.31029221026932174,0.0,65535.0,0.18373388265812163,0.0,0.0,0.0,0.0,0.0,0.0,0.0,0.0,0.0,0.0
121619.1,1.4584298415065704,0.0,17421.0,37.0,0.24979999999824382,31.625,32.375,37.01000000000005,0.0,0.0,0.07,0.0,0.0,20.0,0.3,0.1,0.2,0.1,0.4,0.1,0.1,0.1,0.5,0.0,65535.0,0.3109941252765698,0.0,65535.0,0.18443579766536966,0.0,0.0,0.0,0.0,0.0,0.0,0.0,0.0,0.0,0.0
121679.14,1.4597617147479112,0.0,17421.0,37.0,0.24589999999824225,31.5625,32.5,37.01000000000005,0.0,0.0,0.25,0.0,0.0,20.0,0.3,0.1,0.2,0.1,0.4,0.1,0.1,0.1,0.5,0.0,65535.0,0.30948348210879684,0.0,65535.0,0.18341344319829098,0.0,0.0,0.0,0.0,0.0,0.0,0.0,0.0,0.0,0.0
121739.17,1.4825526599362617,0.0,17421.0,37.0,0.2219999999982455,31.625,32.4375,37.09000000000003,0.0,0.0,0.07,0.0,0.0,20.0,0.3,0.1,0.2,0.1,0.4,0.1,0.1,0.1,0.5,0.0,65535.0,0.31279468986037995,0.0,65535.0,0.18538185702296484,0.0,0.0,0.0,0.0,0.0,0.0,0.0,0.0,0.0,0.0
121799.21,1.4744407702772104,0.0,17421.0,37.0,0.2769999999982514,31.625,32.5,36.870000000000005,0.0,0.0,0.07,0.0,0.0,20.0,0.3,0.1,0.2,0.1,0.4,0.1,0.1,0.1,0.5,0.0,65535.0,0.31313038834210727,0.0,65535.0,0.18315403982604714,0.0,0.0,0.0,0.0,0.0,0.0,0.0,0.0,0.0,0.0
121859.26,1.4810743113844953,0.0,17421.0,37.0,0.22169999999824402,31.625,32.4375,37.09000000000003,0.0,0.0,0.07,0.0,0.0,20.0,0.3,0.1,0.2,0.1,0.4,0.1,0.1,0.1,0.5,0.0,65535.0,0.3129015030136568,0.0,65535.0,0.18411535820553904,0.0,0.0,0.0,0.0,0.0,0.0,0.0,0.0,0.0,0.0
121919.33,1.4817073722018972,0.0,17421.0,37.0,0.28109999999824514,31.625,32.4375,36.85000000000002,0.0,0.0,0.07,0.0,0.0,20.0,0.3,0.1,0.2,0.1,0.4,0.1,0.1,0.1,0.5,0.0,65535.0,0.31198596169985504,0.0,65535.0,0.18301670862897687,0.0,0.0,0.0,0.0,0.0,0.0,0.0,0.0,0.0,0.0
121979.4,1.4915955438022577,0.0,17421.0,37.0,0.2389999999982374,31.625,32.4375,37.01000000000005,0.0,0.0,0.0,0.0,0.0,20.0,0.3,0.1,0.2,0.1,0.4,0.1,0.1,0.1,0.5,0.0,65535.0,0.31326771953917754,0.0,65535.0,0.18648050659952697,0.0,0.0,0.0,0.0,0.0,0.0,0.0,0.0,0.0,0.0
122039.45,1.4706667322551623,0.0,17421.0,37.0,0.17524999999823426,31.625,32.5,37.09000000000003,0.0,0.0,0.0,0.0,0.0,20.0,0.3,0.1,0.2,0.1,0.4,0.1,0.1,0.1,0.5,0.0,65535.0,0.31157396810864424,0.0,65535.0,0.1838864728770886,0.0,0.0,0.0,0.0,0.0,0.0,0.0,0.0,0.0,0.0
122099.5,1.4809175655918354,0.0,17421.0,37.0,0.18864999999824367,31.625,32.5,37.13000000000005,0.0,0.0,0.0,0.0,0.0,20.0,0.3,0.1,0.2,0.1,0.4,0.1,0.1,0.1,0.5,0.0,65535.0,0.3141832608529793,0.0,65535.0,0.1825131609063859,0.0,0.0,0.0,0.0,0.0,0.0,0.0,0.0,0.0,0.0
122159.58,1.4693185226761258,0.0,17421.0,37.0,0.21594999999824385,31.625,32.4375,36.85000000000002,0.0,0.0,0.0,0.0,0.0,20.0,0.3,0.1,0.2,0.1,0.4,0.1,0.1,0.1,0.5,0.0,65535.0,0.3124742504005493,0.0,65535.0,0.18501564049744412,0.0,0.0,0.0,0.0,0.0,0.0,0.0,0.0,0.0,0.0
122219.64,1.48658697705476,0.0,17421.0,37.0,0.22444999999823356,31.5625,32.4375,36.79000000000002,0.0,0.0,0.0,0.0,0.0,20.0,0.3,0.1,0.2,0.1,0.4,0.1,0.1,0.1,0.5,0.0,65535.0,0.3134355687800412,0.0,65535.0,0.18690775921263447,0.0,0.0,0.0,0.0,0.0,0.0,0.0,0.0,0.0,0.0
122279.68,1.489787675573961,0.0,17421.0,37.0,0.23774999999823823,31.5,32.4375,36.950000000000045,0.0,0.0,0.0,0.0,0.0,20.0,0.3,0.1,0.2,0.1,0.4,0.1,0.1,0.1,0.5,0.0,65535.0,0.31442740520332646,0.0,65535.0,0.18338292515449758,0.0,0.0,0.0,0.0,0.0,0.0,0.0,0.0,0.0,0.0
122339.76,1.5110009939473517,0.0,17421.0,37.0,0.228049999998232,31.5625,32.5,36.81,0.0,0.0,0.0,0.0,0.0,20.0,0.3,0.1,0.2,0.1,0.4,0.1,0.1,0.1,0.5,0.0,65535.0,0.3151750972762646,0.0,65535.0,0.18652628366521706,0.0,0.0,0.0,0.0,0.0,0.0,0.0,0.0,0.0,0.0
122399.81,1.5020271240454475,0.0,17421.0,37.0,0.2589499999982323,31.5,32.4375,36.93000000000001,0.0,0.0,0.0,0.0,0.0,20.0,0.3,0.1,0.2,0.1,0.4,0.1,0.1,0.1,0.5,0.0,65535.0,0.3164721141374838,0.0,65535.0,0.18358129243915464,0.0,0.0,0.0,0.0,0.0,0.0,0.0,0.0,0.0,0.0
122459.86,1.5102607314102683,0.0,17421.0,37.0,0.2463499999982304,31.5625,32.5,36.97000000000003,0.0,0.0,0.0,0.0,0.0,20.0,0.3,0.1,0.2,0.1,0.4,0.1,0.1,0.1,0.5,0.0,65535.0,0.3158922713054093,0.0,65535.0,0.18298619058518348,0.0,0.0,0.0,0.0,0.0,0.0,0.0,0.0,0.0,0.0
122519.9,1.516513485269996,0.0,17421.0,37.0,0.2413499999982341,31.5625,32.4375,36.97000000000003,0.0,0.0,0.0,0.0,0.0,20.0,0.3,0.1,0.2,0.1,0.4,0.1,0.1,0.1,0.5,0.0,65535.0,0.3179827573052567,0.0,65535.0,0.18457312886243993,0.0,0.0,0.0,0.0,0.0,0.0,0.0,0.0,0.0,0.0
122579.94,1.4929290838885116,0.0,17421.0,37.0,0.2162499999982376,31.5625,32.4375,36.97000000000003,0.0,0.0,0.0,0.0,0.0,20.0,0.3,0.1,0.2,0.1,0.4,0.1,0.1,0.1,0.5,0.0,65535.0,0.31738765545128556,0.0,65535.0,0.18695353627832456,0.0,0.0,0.0,0.0,0.0,0.0,0.0,0.0,0.0,0.0
122639.99,1.496990727399066,0.0,17421.0,37.0,0.22304999999823227,31.625,32.4375,36.870000000000005,0.0,0.0,0.0,0.0,0.0,20.0,0.3,0.1,0.2,0.1,0.4,0.1,0.1,0.1,0.5,0.0,65535.0,0.31663996337834743,0.0,65535.0,0.1846341649500267,0.0,0.0,0.0,0.0,0.0,0.0,0.0,0.0,0.0,0.0
122700.03,1.5076750184161969,0.0,17421.0,37.0,0.22594999999822624,31.5625,32.4375,37.03000000000003,0.0,0.0,0.0,0.0,0.0,20.0,0.3,0.1,0.2,0.1,0.4,0.1,0.1,0.1,0.5,0.0,65535.0,0.3162890058747234,0.0,65535.0,0.18606851300831617,0.0,0.0,0.0,0.0,0.0,0.0,0.0,0.0,0.0,0.0
122760.08,1.4850964119574368,0.0,17421.0,37.0,0.23714999999823025,31.5625,32.5,36.81,0.0,0.0,0.0,0.0,0.0,20.0,0.3,0.1,0.2,0.1,0.4,0.1,0.1,0.1,0.5,0.0,65535.0,0.31573968108644235,0.0,65535.0,0.18521400778210118,0.0,0.0,0.0,0.0,0.0,0.0,0.0,0.0,0.0,0.0
122820.16,1.499823020285642,0.0,17421.0,37.0,0.20564999999822792,31.5625,32.5,36.870000000000005,0.0,0.0,0.0,0.0,0.0,20.0,0.3,0.1,0.2,0.1,0.4,0.1,0.1,0.1,0.5,0.0,65535.0,0.31776913099870296,0.0,65535.0,0.1876401922636759,0.0,0.0,0.0,0.0,0.0,0.0,0.0,0.0,0.0,0.0
122880.24,1.472540040274331,0.0,17421.0,37.0,0.2418499999982234,31.5625,32.5625,36.950000000000045,0.0,0.0,0.0,0.0,0.0,20.0,0.3,0.1,0.2,0.1,0.4,0.1,0.1,0.1,0.5,0.0,65535.0,0.31564812695506217,0.0,65535.0,0.1838406958113985,0.0,0.0,0.0,0.0,0.0,0.0,0.0,0.0,0.0,0.0
122940.3,1.5057396877327878,0.0,17421.0,37.0,0.20414999999822583,31.5625,32.5,36.870000000000005,0.0,0.0,0.0,0.0,0.0,20.0,0.3,0.1,0.2,0.1,0.4,0.1,0.1,0.1,0.5,0.0,65535.0,0.31692988479438466,0.0,65535.0,0.186831464103151,0.0,0.0,0.0,0.0,0.0,0.0,0.0,0.0,0.0,0.0
123000.34,1.5182041264793038,0.0,17421.0,37.0,0.22154999999822592,31.5625,32.5,37.03000000000003,0.0,0.0,0.0,0.0,0.0,20.0,0.3,0.1,0.2,0.1,0.4,0.1,0.1,0.1,0.5,0.0,65535.0,0.3215686274509804,0.0,65535.0,0.19000534065766383,0.0,0.0,0.0,0.0,0.0,0.0,0.0,0.0,0.0,0.0
123060.42,1.505261911779596,0.0,17421.0,37.0,0.2018499999982296,31.625,32.4375,36.97000000000003,0.0,0.0,0.0,0.0,0.0,20.0,0.3,0.1,0.2,0.1,0.4,0.1,0.1,0.1,0.5,0.0,65535.0,0.317112993057145,0.0,65535.0,0.1850766765850309,0.0,0.0,0.0,0.0,0.0,0.0,0.0,0.0,0.0,0.0
123120.48,1.5007713559804585,0.0,17421.0,37.0,0.2804499999982317,31.5625,32.5,36.93000000000001,0.0,0.0,0.0,0.0,0.0,20.0,0.3,0.1,0.2,0.1,0.4,0.1,0.1,0.1,0.5,0.0,65535.0,0.3185168230716411,0.0,65535.0,0.18533607995727475,0.0,0.0,0.0,0.0,0.0,0.0,0.0,0.0,0.0,0.0
123180.53,1.543476669096143,0.0,17421.0,37.0,0.18214999999821738,31.5625,32.4375,36.950000000000045,0.0,0.0,0.0,0.0,0.0,20.0,0.3,0.1,0.2,0.1,0.4,0.1,0.1,0.1,0.5,0.0,65535.0,0.3200579842832074,0.0,65535.0,0.1859159227893492,0.0,0.0,0.0,0.0,0.0,0.0,0.0,0.0,0.0,0.0
123240.57,1.52694367124637,0.0,17421.0,37.0,0.21444999999822723,31.5625,32.4375,36.97000000000003,0.0,0.0,0.0,0.0,0.0,20.0,0.3,0.1,0.2,0.1,0.4,0.1,0.1,0.1,0.5,0.0,65535.0,0.3208514534218357,0.0,65535.0,0.1868009460593576,0.0,0.0,0.0,0.0,0.0,0.0,0.0,0.0,0.0,0.0
123300.61,1.5299215023503325,0.0,17421.0,37.0,0.20174999999822113,31.625,32.4375,36.81,0.0,0.0,0.0,0.0,0.0,20.0,0.3,0.1,0.2,0.1,0.4,0.1,0.1,0.1,0.5,0.0,65535.0,0.32053101396200506,0.0,65535.0,0.1855649652857252,0.0,0.0,0.0,0.0,0.0,0.0,0.0,0.0,0.0,0.0
123360.66,1.5137729763066146,0.0,17421.0,37.0,0.20024999999821994,31.5,32.4375,36.81,0.0,0.0,0.0,0.0,0.0,20.0,0.3,0.1,0.2,0.1,0.4,0.1,0.1,0.1,0.5,0.0,65535.0,0.3203173876554513,0.0,65535.0,0.18835736629282063,0.0,0.0,0.0,0.0,0.0,0.0,0.0,0.0,0.0,0.0
123420.69,1.5172694894498346,0.0,17421.0,37.0,0.23434999999821562,31.5,32.4375,36.77000000000004,0.0,0.0,0.0,0.0,0.0,20.0,0.3,0.1,0.2,0.1,0.4,0.1,0.1,0.1,0.5,0.0,65535.0,0.3223773556115053,0.0,65535.0,0.18803692683299,0.0,0.0,0.0,0.0,0.0,0.0,0.0,0.0,0.0,0.0
123480.75,1.5064404993734974,0.0,17421.0,37.0,0.2502499999982154,31.4375,32.4375,36.93000000000001,0.0,0.0,0.0,0.0,0.0,20.0,0.3,0.1,0.2,0.1,0.4,0.1,0.1,0.1,0.5,0.0,65535.0,0.32391851682307166,0.0,65535.0,0.18503089951934082,0.0,0.0,0.0,0.0,0.0,0.0,0.0,0.0,0.0,0.0
123540.79,1.53305899549343,0.0,17421.0,37.0,0.2794499999982206,31.5,32.5,36.89000000000004,0.0,0.0,0.0,0.0,0.0,20.0,0.3,0.1,0.2,0.1,0.4,0.1,0.1,0.1,0.5,0.0,65535.0,0.31952391851682305,0.0,65535.0,0.1884946974898909,0.0,0.0,0.0,0.0,0.0,0.0,0.0,0.0,0.0,0.0
123600.84,1.5430534200413617,0.0,17421.0,37.0,0.28364999999822016,31.5,32.4375,36.870000000000005,0.0,0.0,0.0,0.0,0.0,20.0,0.3,0.1,0.2,0.1,0.4,0.1,0.1,0.1,0.5,0.0,65535.0,0.3237659266041047,0.0,65535.0,0.18786907759212634,0.0,0.0,0.0,0.0,0.0,0.0,0.0,0.0,0.0,0.0
123660.9,1.5315874973862684,0.0,17421.0,37.0,0.22684999999821245,31.5,32.4375,37.09000000000003,0.0,0.0,0.0,0.0,0.0,20.0,0.3,0.1,0.2,0.1,0.4,0.1,0.1,0.1,0.5,0.0,65535.0,0.321690699626154,0.0,65535.0,0.18487830930037386,0.0,0.0,0.0,0.0,0.0,0.0,0.0,0.0,0.0,0.0
123720.97,1.5400175366154791,0.0,17421.0,37.0,0.21114999999822076,31.4375,32.4375,37.09000000000003,0.0,0.0,0.0,0.0,0.0,20.0,0.3,0.1,0.2,0.1,0.4,0.1,0.1,0.1,0.5,0.0,65535.0,0.321690699626154,0.0,65535.0,0.18420691233691922,0.0,0.0,0.0,0.0,0.0,0.0,0.0,0.0,0.0,0.0
123781.05,1.5492291806262601,0.0,17421.0,37.0,0.2744499999982226,31.5625,32.4375,36.79000000000002,0.0,0.002865995425203865,0.25,0.0,0.0,20.0,0.3,0.1,0.2,0.1,0.4,0.1,0.1,0.1,0.5,0.0,65535.0,0.32135500114442667,0.0,65535.0,0.18658731975280385,0.0,0.0,0.0,0.0,0.0,0.0,0.0,0.0,0.0,0.0
123841.12,1.5161433459659057,0.0,17421.0,37.0,0.32569999999821375,31.5,32.4375,36.650000000000034,0.0,0.001769511986583705,0.07707804794633483,0.0,0.0,20.0,0.3,0.1,0.2,0.1,0.4,0.1,0.1,0.1,0.5,0.0,65535.0,0.31657892729076065,0.0,65535.0,0.1855039291981384,0.0,0.0,0.0,0.0,0.0,0.0,0.0,0.0,0.0,0.0
123901.16,1.4809842653749452,0.0,17421.0,37.0,0.38619999999820986,31.5,32.4375,36.450000000000045,0.0,0.0,0.07,0.0,0.0,20.0,0.3,0.1,0.2,0.1,0.4,0.1,0.1,0.1,0.5,0.0,65535.0,0.31366445410849164,0.0,65535.0,0.17976653696498054,0.0,0.0,0.0,0.0,0.0,0.0,0.0,0.0,0.0,0.0
123961.23,1.4902047632831228,0.0,17421.0,37.0,0.2826999999982196,31.5625,32.4375,36.870000000000005,0.0,0.0,0.07,0.0,0.0,20.0,0.3,0.1,0.2,0.1,0.4,0.1,0.1,0.1,0.5,0.0,65535.0,0.31235217822537575,0.0,65535.0,0.18002594033722438,0.0,0.0,0.0,0.0,0.0,0.0,0.0,0.0,0.0,0.0
124021.3,1.4998210006113286,0.0,17421.0,37.0,0.2752999999982087,31.5625,32.4375,36.89000000000004,0.0,0.0,0.07,0.0,0.0,20.0,0.3,0.1,0.2,0.1,0.4,0.1,0.1,0.1,0.5,0.0,65535.0,0.3126726176852064,0.0,65535.0,0.17834744792858778,0.0,0.0,0.0,0.0,0.0,0.0,0.0,0.0,0.0,0.0
124081.33,1.5035403646268466,0.0,17421.0,37.0,0.30709999999820903,31.625,32.4375,36.77000000000004,0.0,0.0,0.25,0.0,0.0,20.0,0.3,0.1,0.2,0.1,0.4,0.1,0.1,0.1,0.5,0.0,65535.0,0.3139238574807355,0.0,65535.0,0.18405432211795225,0.0,0.0,0.0,0.0,0.0,0.0,0.0,0.0,0.0,0.0
124141.37,1.5002163892051845,0.0,17421.0,37.0,0.21789999999821485,31.625,32.4375,37.110000000000014,0.0,0.0,0.07,0.0,0.0,20.0,0.3,0.1,0.2,0.1,0.4,0.1,0.1,0.1,0.5,0.0,65535.0,0.31615167467765315,0.0,65535.0,0.1824673838406958,0.0,0.0,0.0,0.0,0.0,0.0,0.0,0.0,0.0,0.0
124201.43,1.487613518524016,0.0,17421.0,37.0,0.218699999998209,31.625,32.375,37.09000000000003,0.0,0.0,0.07,0.0,0.0,20.0,0.3,0.1,0.2,0.1,0.4,0.1,0.1,0.1,0.5,0.0,65535.0,0.3121690699626154,0.0,65535.0,0.18025482566567483,0.0,0.0,0.0,0.0,0.0,0.0,0.0,0.0,0.0,0.0
124261.48,1.4971649416837598,0.0,17421.0,37.0,0.28749999999821574,31.5625,32.4375,36.81,0.0,0.0,0.07,0.0,0.0,20.0,0.3,0.1,0.2,0.1,0.4,0.1,0.1,0.1,0.5,0.0,65535.0,0.3150988021667811,0.0,65535.0,0.1842832074464027,0.0,0.0,0.0,0.0,0.0,0.0,0.0,0.0,0.0,0.0
124321.55,1.5103388708545773,0.0,17421.0,37.0,0.2939999999982107,31.5625,32.4375,36.79000000000002,0.0,0.0,0.07,0.0,0.0,20.0,0.3,0.1,0.2,0.1,0.4,0.1,0.1,0.1,0.5,0.0,65535.0,0.3146715495536736,0.0,65535.0,0.1791714351110094,0.0,0.0,0.0,0.0,0.0,0.0,0.0,0.0,0.0,0.0
124381.65,1.4820320204346462,0.0,17421.0,37.0,0.21069999999821198,31.625,32.4375,37.110000000000014,0.0,0.0,0.25,0.0,0.0,20.0,0.3,0.1,0.2,0.1,0.4,0.1,0.1,0.1,0.5,0.0,65535.0,0.3129472800793469,0.0,65535.0,0.18171969176775768,0.0,0.0,0.0,0.0,0.0,0.0,0.0,0.0,0.0,0.0
124441.71,1.5153954833997942,0.0,17421.0,37.0,0.2665999999982038,31.5625,32.4375,36.89000000000004,0.0,0.0,0.07,0.0,0.0,20.0,0.3,0.1,0.2,0.1,0.4,0.1,0.1,0.1,0.5,0.0,65535.0,0.31573968108644235,0.0,65535.0,0.17889677271686885,0.0,0.0,0.0,0.0,0.0,0.0,0.0,0.0,0.0,0.0
124501.76,1.500190865251148,0.0,17421.0,37.0,0.2662999999982023,31.5625,32.4375,36.89000000000004,0.0,0.0,0.0,0.0,0.0,20.0,0.3,0.1,0.2,0.1,0.4,0.1,0.1,0.1,0.5,0.0,65535.0,0.3163500419623102,0.0,65535.0,0.17850003814755475,0.0,0.0,0.0,0.0,0.0,0.0,0.0,0.0,0.0,0.0
124561.83,1.491861883797535,0.0,17421.0,37.0,0.16194999999820772,31.5625,32.4375,37.03000000000003,0.0,0.0,0.0,0.0,0.0,20.0,0.3,0.1,0.2,0.1,0.4,0.1,0.1,0.1,0.5,0.0,65535.0,0.3142900740062562,0.0,65535.0,0.18057526512550545,0.0,0.0,0.0,0.0,0.0,0.0,0.0,0.0,0.0,0.0
124621.88,1.5030958528732306,0.0,17421.0,37.0,0.18864999999820845,31.5625,32.4375,36.81,0.0,0.0,0.0,0.0,0.0,20.0,0.3,0.1,0.2,0.1,0.4,0.1,0.1,0.1,0.5,0.0,65535.0,0.31538872358281833,0.0,65535.0,0.180849927519646,0.0,0.0,0.0,0.0,0.0,0.0,0.0,0.0,0.0,0.0
124681.95,1.5050352507240057,0.0,17421.0,37.0,0.1382499999982057,31.5625,32.4375,37.09000000000003,0.0,0.0,0.0,0.0,0.0,20.0,0.3,0.1,0.2,0.1,0.4,0.1,0.1,0.1,0.5,0.0,65535.0,0.3159990844586862,0.0,65535.0,0.1820096131837949,0.0,0.0,0.0,0.0,0.0,0.0,0.0,0.0,0.0,0.0
124742.04,1.516978265363725,0.0,17421.0,37.0,0.22504999999819866,31.5625,32.4375,36.79000000000002,0.0,0.0,0.0,0.0,0.0,20.0,0.3,0.1,0.2,0.1,0.4,0.1,0.1,0.1,0.5,0.0,65535.0,0.3185015640497444,0.0,65535.0,0.17755397878995957,0.0,0.0,0.0,0.0,0.0,0.0,0.0,0.0,0.0,0.0
124802.13,1.4943416252558848,0.0,17421.0,37.0,0.1991499999982063,31.5,32.4375,36.77000000000004,0.0,0.0,0.0,0.0,0.0,20.0,0.3,0.1,0.2,0.1,0.4,0.1,0.1,0.1,0.5,0.0,65535.0,0.3167467765316243,0.0,65535.0,0.18261997405966277,0.0,0.0,0.0,0.0,0.0,0.0,0.0,0.0,0.0,0.0
124862.22,1.5120286021718676,0.0,17421.0,37.0,0.18114999999820502,31.5,32.4375,36.950000000000045,0.0,0.0,0.0,0.0,0.0,20.0,0.3,0.1,0.2,0.1,0.4,0.1,0.1,0.1,0.5,0.0,65535.0,0.3172045471885252,0.0,65535.0,0.18155184252689402,0.0,0.0,0.0,0.0,0.0,0.0,0.0,0.0,0.0,0.0
124922.29,1.509818349121605,0.0,17421.0,37.0,0.17024999999819904,31.5,32.4375,36.870000000000005,0.0,0.0,0.0,0.0,0.0,20.0,0.3,0.1,0.2,0.1,0.4,0.1,0.1,0.1,0.5,0.0,65535.0,0.31703669794766154,0.0,65535.0,0.18104829480430304,0.0,0.0,0.0,0.0,0.0,0.0,0.0,0.0,0.0,0.0
124982.34,1.5195096567017352,0.0,17421.0,37.0,0.252649999998196,31.5,32.4375,36.93000000000001,0.0,0.0,0.0,0.0,0.0,20.0,0.3,0.1,0.2,0.1,0.4,0.1,0.1,0.1,0.5,0.0,65535.0,0.31699092088197145,0.0,65535.0,0.18298619058518348,0.0,0.0,0.0,0.0,0.0,0.0,0.0,0.0,0.0,0.0
125042.4,1.5278808636244023,0.0,17421.0,37.0,0.23594999999819952,31.5,32.4375,36.79000000000002,0.0,0.0,0.0,0.0,0.0,20.0,0.3,0.1,0.2,0.1,0.4,0.1,0.1,0.1,0.5,0.0,65535.0,0.31905088883802546,0.0,65535.0,0.1828488593881132,0.0,0.0,0.0,0.0,0.0,0.0,0.0,0.0,0.0,0.0
125102.47,1.5103545081626415,0.0,17421.0,37.0,0.2668499999981998,31.5625,32.4375,36.870000000000005,0.0,0.0,0.0,0.0,0.0,20.0,0.3,0.1,0.2,0.1,0.4,0.1,0.1,0.1,0.5,0.0,65535.0,0.31908140688181885,0.0,65535.0,0.18399328603036547,0.0,0.0,0.0,0.0,0.0,0.0,0.0,0.0,0.0,0.0
125162.53,1.5277853139919544,0.0,17421.0,37.0,0.22774999999819276,31.5,32.4375,36.93000000000001,0.0,0.0,0.0,0.0,0.0,20.0,0.3,0.1,0.2,0.1,0.4,0.1,0.1,0.1,0.5,0.0,65535.0,0.3187914854657816,0.0,65535.0,0.18062104219119554,0.0,0.0,0.0,0.0,0.0,0.0,0.0,0.0,0.0,0.0
125222.59,1.5399322678676484,0.0,17421.0,37.0,0.24394999999819222,31.5625,32.4375,36.79000000000002,0.0,0.0,0.0,0.0,0.0,20.0,0.3,0.1,0.2,0.1,0.4,0.1,0.1,0.1,0.5,0.0,65535.0,0.3212481879911498,0.0,65535.0,0.1842984664682994,0.0,0.0,0.0,0.0,0.0,0.0,0.0,0.0,0.0,0.0
125282.65,1.5280562635609507,0.0,17421.0,37.0,0.19654999999818928,31.5625,32.375,36.950000000000045,0.0,0.0,0.0,0.0,0.0,20.0,0.3,0.1,0.2,0.1,0.4,0.1,0.1,0.1,0.5,0.0,65535.0,0.32027161058976117,0.0,65535.0,0.1816586556801709,0.0,0.0,0.0,0.0,0.0,0.0,0.0,0.0,0.0,0.0
125342.72,1.5399774204673213,0.0,17421.0,37.0,0.1558499999981919,31.5,32.4375,36.93000000000001,0.0,0.0012888251260264917,0.07515530050410597,0.0,0.0,20.0,0.3,0.1,0.2,0.1,0.4,0.1,0.1,0.1,0.5,0.0,65535.0,0.32097352559700926,0.0,65535.0,0.18402380407415886,0.0,0.0,0.0,0.0,0.0,0.0,0.0,0.0,0.0,0.0
125402.77,1.5136472678432273,0.0,17421.0,37.0,0.31909999999819233,31.4375,32.4375,36.650000000000034,0.0,0.00042022120488182865,0.07168088481952732,0.0,0.0,20.0,0.3,0.1,0.2,0.1,0.4,0.1,0.1,0.1,0.5,0.0,65535.0,0.31699092088197145,0.0,65535.0,0.17808804455634394,0.0,0.0,0.0,0.0,0.0,0.0,0.0,0.0,0.0,0.0
125462.84,1.5024215692304232,0.0,17421.0,37.0,0.3595999999981925,31.5,32.4375,36.53000000000003,0.0,0.0,0.07,0.0,0.0,20.0,0.3,0.1,0.2,0.1,0.4,0.1,0.1,0.1,0.5,0.0,65535.0,0.31564812695506217,0.0,65535.0,0.17834744792858778,0.0,0.0,0.0,0.0,0.0,0.0,0.0,0.0,0.0,0.0
125522.92,1.5055459453337017,0.0,17421.0,37.0,0.2401999999981865,31.4375,32.4375,37.01000000000005,0.0,0.0,0.07,0.0,0.0,20.0,0.3,0.1,0.2,0.1,0.4,0.1,0.1,0.1,0.5,0.0,65535.0,0.3146105134660868,0.0,65535.0,0.17749294270237279,0.0,0.0,0.0,0.0,0.0,0.0,0.0,0.0,0.0,0.0
125583.0,1.5208259178410133,0.0,17421.0,37.0,0.22079999999818992,31.5625,32.4375,37.09000000000003,0.0,0.0,0.25,0.0,0.0,20.0,0.3,0.1,0.2,0.1,0.4,0.1,0.1,0.1,0.5,0.0,65535.0,0.3151750972762646,0.0,65535.0,0.18023956664377813,0.0,0.0,0.0,0.0,0.0,0.0,0.0,0.0,0.0,0.0
125643.04,1.5162768735149925,0.0,17421.0,37.0,0.2816999999981914,31.5625,32.4375,36.85000000000002,0.0,0.0,0.07,0.0,0.0,20.0,0.3,0.1,0.2,0.1,0.4,0.1,0.1,0.1,0.5,0.0,65535.0,0.3154497596704051,0.0,65535.0,0.1790951400015259,0.0,0.0,0.0,0.0,0.0,0.0,0.0,0.0,0.0,0.0
125703.09,1.4982492831184493,0.0,17421.0,37.0,0.23309999999818867,31.5625,32.375,37.03000000000003,0.0,0.0,0.07,0.0,0.0,20.0,0.3,0.1,0.2,0.1,0.4,0.1,0.1,0.1,0.5,0.0,65535.0,0.31578545815213244,0.0,65535.0,0.17885099565117876,0.0,0.0,0.0,0.0,0.0,0.0,0.0,0.0,0.0,0.0
125763.17,1.5103750824604816,0.0,17421.0,37.0,0.1723999999981802,31.5625,32.375,37.25000000000006,0.0,0.0,0.07,0.0,0.0,20.0,0.3,0.1,0.2,0.1,0.4,0.1,0.1,0.1,0.5,0.0,65535.0,0.31702143892576484,0.0,65535.0,0.18234531166552223,0.0,0.0,0.0,0.0,0.0,0.0,0.0,0.0,0.0,0.0
125823.24,1.519647580407503,0.0,17421.0,37.0,0.24799999999818165,31.5625,32.4375,36.950000000000045,0.0,0.0,0.07,0.0,0.0,20.0,0.3,0.1,0.2,0.1,0.4,0.1,0.1,0.1,0.5,0.0,65535.0,0.3151140611886778,0.0,65535.0,0.1782711528191043,0.0,0.0,0.0,0.0,0.0,0.0,0.0,0.0,0.0,0.0
125883.31,1.513916623283066,0.0,17421.0,37.0,0.19149999999818867,31.5625,32.4375,37.170000000000016,0.0,0.0,0.25,0.0,0.0,20.0,0.3,0.1,0.2,0.1,0.4,0.1,0.1,0.1,0.5,0.0,65535.0,0.3159380483710994,0.0,65535.0,0.1778286411841001,0.0,0.0,0.0,0.0,0.0,0.0,0.0,0.0,0.0,0.0
125943.36,1.5088730158014858,0.0,17421.0,37.0,0.29039999999818655,31.5,32.375,36.79000000000002,0.0,0.0,0.07,0.0,0.0,20.0,0.3,0.1,0.2,0.1,0.4,0.1,0.1,0.1,0.5,0.0,65535.0,0.3172961013199054,0.0,65535.0,0.17940032043945983,0.0,0.0,0.0,0.0,0.0,0.0,0.0,0.0,0.0,0.0
126003.41,1.5250753064890994,0.0,17421.0,37.0,0.22464999999818863,31.5625,32.4375,37.03000000000003,0.0,0.0,0.07,0.0,0.0,20.0,0.3,0.1,0.2,0.1,0.4,0.1,0.1,0.1,0.5,0.0,65535.0,0.31773861295490957,0.0,65535.0,0.1787441824979019,0.0,0.0,0.0,0.0,0.0,0.0,0.0,0.0,0.0,0.0
126063.45,1.5057014551896808,0.0,17421.0,37.0,0.2517999999981889,31.5625,32.4375,36.93000000000001,0.0,0.0,0.0,0.0,0.0,20.0,0.3,0.1,0.2,0.1,0.4,0.1,0.1,0.1,0.5,0.0,65535.0,0.31694514381628136,0.0,65535.0,0.17979705500877394,0.0,0.0,0.0,0.0,0.0,0.0,0.0,0.0,0.0,0.0
126123.49,1.52339262265541,0.0,17421.0,37.0,0.2528499999981888,31.5,32.375,36.89000000000004,0.0,0.0,0.0,0.0,0.0,20.0,0.3,0.1,0.2,0.1,0.4,0.1,0.1,0.1,0.5,0.0,65535.0,0.31816586556801707,0.0,65535.0,0.1799038681620508,0.0,0.0,0.0,0.0,0.0,0.0,0.0,0.0,0.0,0.0
126183.54,1.5231953100244173,0.0,17421.0,37.0,0.23224999999817741,31.625,32.4375,36.97000000000003,0.0,0.0,0.0,0.0,0.0,20.0,0.3,0.1,0.2,0.1,0.4,0.1,0.1,0.1,0.5,0.0,65535.0,0.31952391851682305,0.0,65535.0,0.17895780880445564,0.0,0.0,0.0,0.0,0.0,0.0,0.0,0.0,0.0,0.0
126243.6,1.5214240287960086,0.0,17421.0,37.0,0.16834999999817357,31.5625,32.375,37.09000000000003,0.0,0.0,0.0,0.0,0.0,20.0,0.3,0.1,0.2,0.1,0.4,0.1,0.1,0.1,0.5,0.0,65535.0,0.3158617532616159,0.0,65535.0,0.1786526283665217,0.0,0.0,0.0,0.0,0.0,0.0,0.0,0.0,0.0,0.0
126303.63,1.5410702848236517,0.0,17421.0,37.0,0.23714999999818034,31.5625,32.4375,36.81,0.0,0.0,0.0,0.0,0.0,20.0,0.3,0.1,0.2,0.1,0.4,0.1,0.1,0.1,0.5,0.0,65535.0,0.3201647974364843,0.0,65535.0,0.17946135652704662,0.0,0.0,0.0,0.0,0.0,0.0,0.0,0.0,0.0,0.0
126363.7,1.5357379625571865,0.0,17421.0,37.0,0.22654999999817407,31.5625,32.375,36.81,0.0,0.0,0.0,0.0,0.0,20.0,0.3,0.1,0.2,0.1,0.4,0.1,0.1,0.1,0.5,0.0,65535.0,0.32057679102769515,0.0,65535.0,0.18072785534447242,0.0,0.0,0.0,0.0,0.0,0.0,0.0,0.0,0.0,0.0
126423.76,1.5432562303579493,0.0,17421.0,37.0,0.20304999999818207,31.5625,32.375,36.950000000000045,0.0,0.00034205093735899944,0.071368203749436,0.0,0.0,20.0,0.3,0.1,0.2,0.1,0.4,0.1,0.1,0.1,0.5,0.0,65535.0,0.3208514534218357,0.0,65535.0,0.18136873426413366,0.0,0.0,0.0,0.0,0.0,0.0,0.0,0.0,0.0,0.0
126483.83,1.546187958021127,0.0,17421.0,37.0,0.24894999999818296,31.4375,32.375,36.710000000000036,0.0,0.005533602371053119,0.25,0.0,0.0,20.0,0.3,0.1,0.2,0.1,0.4,0.1,0.1,0.1,0.5,0.0,65535.0,0.3179980163271534,0.0,65535.0,0.17967498283360037,0.0,0.0,0.0,0.0,0.0,0.0,0.0,0.0,0.0,0.0
126543.87,1.484802007728755,0.0,17421.0,37.0,0.396499999998177,31.5,32.375,36.410000000000025,0.0,0.0,0.07,0.0,0.0,20.0,0.3,0.1,0.2,0.1,0.4,0.1,0.1,0.1,0.5,0.0,65535.0,0.31064316777294576,0.0,65535.0,0.17341878385595483,0.0,0.0,0.0,0.0,0.0,0.0,0.0,0.0,0.0,0.0
126603.91,1.4741462710217272,0.0,17421.0,37.0,0.24104999999817536,31.4375,32.375,36.89000000000004,0.0,0.0,0.07,0.0,0.0,20.0,0.3,0.1,0.2,0.1,0.4,0.1,0.1,0.1,0.5,0.0,65535.0,0.31116197451743344,0.0,65535.0,0.17570763714045928,0.0,0.0,0.0,0.0,0.0,0.0,0.0,0.0,0.0,0.0
126663.95,1.4896495362948405,0.0,17421.0,37.0,0.2887499999981763,31.5625,32.4375,36.870000000000005,0.0,0.0,0.07,0.0,0.0,20.0,0.3,0.1,0.2,0.1,0.4,0.1,0.1,0.1,0.5,0.0,65535.0,0.3117418173495079,0.0,65535.0,0.1751583123521782,0.0,0.0,0.0,0.0,0.0,0.0,0.0,0.0,0.0,0.0
126724.02,1.481225465051084,0.0,17421.0,37.0,0.26524999999816923,31.5625,32.4375,36.79000000000002,0.0,0.0,0.07,0.0,0.0,20.0,0.3,0.1,0.2,0.1,0.4,0.1,0.1,0.1,0.5,0.0,65535.0,0.30991073472190434,0.0,65535.0,0.17289997711146715,0.0,0.0,0.0,0.0,0.0,0.0,0.0,0.0,0.0,0.0
126784.08,1.4905274155823096,0.0,17421.0,37.0,0.20104999999816567,31.625,32.375,36.950000000000045,0.0,0.0,0.25,0.0,0.0,20.0,0.3,0.1,0.2,0.1,0.4,0.1,0.1,0.1,0.5,0.0,65535.0,0.3105210955977722,0.0,65535.0,0.17375448233768215,0.0,0.0,0.0,0.0,0.0,0.0,0.0,0.0,0.0,0.0
126844.16,1.500926441479551,0.0,17421.0,37.0,0.26619999999817656,31.5625,32.375,36.93000000000001,0.0,0.0,0.07,0.0,0.0,20.0,0.3,0.1,0.2,0.1,0.4,0.1,0.1,0.1,0.5,0.0,65535.0,0.31143663691157397,0.0,65535.0,0.171801327534905,0.0,0.0,0.0,0.0,0.0,0.0,0.0,0.0,0.0,0.0
126904.2,1.487133484758512,0.0,17421.0,37.0,0.19304999999816866,31.5625,32.375,37.13000000000005,0.0,0.0,0.07,0.0,0.0,20.0,0.3,0.1,0.2,0.1,0.4,0.1,0.1,0.1,0.5,0.0,65535.0,0.3118333714808881,0.0,65535.0,0.17404440375371938,0.0,0.0,0.0,0.0,0.0,0.0,0.0,0.0,0.0,0.0
126964.26,1.4989702506420584,0.0,17421.0,37.0,0.20734999999816303,31.5625,32.4375,37.03000000000003,0.0,0.0,0.07,0.0,0.0,20.0,0.3,0.1,0.2,0.1,0.4,0.1,0.1,0.1,0.5,0.0,65535.0,0.31450370031280994,0.0,65535.0,0.1731136034180209,0.0,0.0,0.0,0.0,0.0,0.0,0.0,0.0,0.0,0.0
127024.3,1.5058475528549766,0.0,17421.0,37.0,0.24764999999816817,31.5625,32.4375,37.05000000000001,0.0,0.0,0.07,0.0,0.0,20.0,0.3,0.1,0.2,0.1,0.4,0.1,0.1,0.1,0.5,0.0,65535.0,0.3121080338750286,0.0,65535.0,0.17576867322804607,0.0,0.0,0.0,0.0,0.0,0.0,0.0,0.0,0.0,0.0
127084.34,1.4911445157155356,0.0,17421.0,37.0,0.22374999999817144,31.625,32.375,36.73000000000002,0.0,0.0,0.25,0.0,0.0,20.0,0.3,0.1,0.2,0.1,0.4,0.1,0.1,0.1,0.5,0.0,65535.0,0.31488517586022735,0.0,65535.0,0.17416647592889295,0.0,0.0,0.0,0.0,0.0,0.0,0.0,0.0,0.0,0.0
127144.38,1.4901847391667236,0.0,17421.0,37.0,0.29049999999817355,31.5625,32.4375,36.81,0.0,0.0,0.0,0.0,0.0,20.0,0.3,0.1,0.2,0.1,0.4,0.1,0.1,0.1,0.5,0.0,65535.0,0.3142290379186694,0.0,65535.0,0.17375448233768215,0.0,0.0,0.0,0.0,0.0,0.0,0.0,0.0,0.0,0.0
127204.41,1.493438951106949,0.0,17421.0,37.0,0.22974999999817108,31.5625,32.5,37.01000000000005,0.0,0.0,0.0,0.0,0.0,20.0,0.3,0.1,0.2,0.1,0.4,0.1,0.1,0.1,0.5,0.0,65535.0,0.3134355687800412,0.0,65535.0,0.17375448233768215,0.0,0.0,0.0,0.0,0.0,0.0,0.0,0.0,0.0,0.0
127264.48,1.5124563274416518,0.0,17421.0,37.0,0.18904999999815864,31.625,32.4375,37.01000000000005,0.0,0.0,0.0,0.0,0.0,20.0,0.3,0.1,0.2,0.1,0.4,0.1,0.1,0.1,0.5,0.0,65535.0,0.3134813458457313,0.0,65535.0,0.1762111848630503,0.0,0.0,0.0,0.0,0.0,0.0,0.0,0.0,0.0,0.0
127324.55,1.5063703172116791,0.0,17421.0,37.0,0.22784999999816427,31.5,32.4375,36.870000000000005,0.0,0.0,0.0,0.0,0.0,20.0,0.3,0.1,0.2,0.1,0.4,0.1,0.1,0.1,0.5,0.0,65535.0,0.3150988021667811,0.0,65535.0,0.17161821927214466,0.0,0.0,0.0,0.0,0.0,0.0,0.0,0.0,0.0,0.0
127384.65,1.5003619429412385,0.0,17421.0,37.0,0.18984999999816699,31.5625,32.375,36.89000000000004,0.0,0.0,0.0,0.0,0.0,20.0,0.3,0.1,0.2,0.1,0.4,0.1,0.1,0.1,0.5,0.0,65535.0,0.31575494010833904,0.0,65535.0,0.17625696192874038,0.0,0.0,0.0,0.0,0.0,0.0,0.0,0.0,0.0,0.0
127444.7,1.5182333260335004,0.0,17421.0,37.0,0.22774999999815754,31.5,32.4375,36.97000000000003,0.0,0.0,0.0,0.0,0.0,20.0,0.3,0.1,0.2,0.1,0.4,0.1,0.1,0.1,0.5,0.0,65535.0,0.31486991683833065,0.0,65535.0,0.1739223315785458,0.0,0.0,0.0,0.0,0.0,0.0,0.0,0.0,0.0,0.0
127504.77,1.489829331833438,0.0,17421.0,37.0,0.24014999999816217,31.5,32.375,36.85000000000002,0.0,0.0,0.0,0.0,0.0,20.0,0.3,0.1,0.2,0.1,0.4,0.1,0.1,0.1,0.5,0.0,65535.0,0.3150988021667811,0.0,65535.0,0.1756923781185626,0.0,0.0,0.0,0.0,0.0,0.0,0.0,0.0,0.0,0.0
127564.83,1.503010240803281,0.0,17421.0,37.0,0.2634499999981569,31.4375,32.4375,37.01000000000005,0.0,0.0,0.0,0.0,0.0,20.0,0.3,0.1,0.2,0.1,0.4,0.1,0.1,0.1,0.5,0.0,65535.0,0.3151903562981613,0.0,65535.0,0.17842374303807126,0.0,0.0,0.0,0.0,0.0,0.0,0.0,0.0,0.0,0.0
127624.92,1.5175948522892875,0.0,17421.0,37.0,0.2413499999981602,31.5,32.4375,36.97000000000003,0.0,0.0,0.0,0.0,0.0,20.0,0.3,0.1,0.2,0.1,0.4,0.1,0.1,0.1,0.5,0.0,65535.0,0.3168383306630045,0.0,65535.0,0.17331197070267795,0.0,0.0,0.0,0.0,0.0,0.0,0.0,0.0,0.0,0.0
127684.97,1.5081931817686067,0.0,17421.0,37.0,0.24014999999815959,31.5,32.4375,36.85000000000002,0.0,0.0,0.0,0.0,0.0,20.0,0.3,0.1,0.2,0.1,0.4,0.1,0.1,0.1,0.5,0.0,65535.0,0.3147478446631571,0.0,65535.0,0.17538719768062866,0.0,0.0,0.0,0.0,0.0,0.0,0.0,0.0,0.0,0.0
127745.05,1.5112059629595647,0.0,17421.0,37.0,0.22954999999815331,31.5625,32.4375,36.93000000000001,0.0,0.0,0.0,0.0,0.0,20.0,0.3,0.1,0.2,0.1,0.4,0.1,0.1,0.1,0.5,0.0,65535.0,0.3179980163271534,0.0,65535.0,0.1739833676661326,0.0,0.0,0.0,0.0,0.0,0.0,0.0,0.0,0.0,0.0
127805.13,1.5159076011722412,0.0,17421.0,37.0,0.16124999999815431,31.5625,32.375,37.03000000000003,0.0,0.0,0.0,0.0,0.0,20.0,0.3,0.1,0.2,0.1,0.4,0.1,0.1,0.1,0.5,0.0,65535.0,0.3142442969405661,0.0,65535.0,0.17724879835202564,0.0,0.0,0.0,0.0,0.0,0.0,0.0,0.0,0.0,0.0
127865.18,1.5219794159316873,0.0,17421.0,37.0,0.2553499999981523,31.5,32.375,36.950000000000045,0.0,0.0,0.0,0.0,0.0,20.0,0.3,0.1,0.2,0.1,0.4,0.1,0.1,0.1,0.5,0.0,65535.0,0.31538872358281833,0.0,65535.0,0.17456321049820706,0.0,0.0,0.0,0.0,0.0,0.0,0.0,0.0,0.0,0.0
127925.25,1.5363308229072175,0.0,17421.0,37.0,0.22564999999815002,31.5,32.4375,36.81,0.0,0.0,0.0,0.0,0.0,20.0,0.3,0.1,0.2,0.1,0.4,0.1,0.1,0.1,0.5,0.0,65535.0,0.3204699778744183,0.0,65535.0,0.17537193865873196,0.0,0.0,0.0,0.0,0.0,0.0,0.0,0.0,0.0,0.0
127985.31,1.519231382640041,0.0,17421.0,37.0,0.20504999999815282,31.5625,32.4375,36.73000000000002,0.0,0.0,0.0,0.0,0.0,20.0,0.3,0.1,0.2,0.1,0.4,0.1,0.1,0.1,0.5,0.0,65535.0,0.3189440756847486,0.0,65535.0,0.17894254978255894,0.0,0.0,0.0,0.0,0.0,0.0,0.0,0.0,0.0,0.0
128045.34,1.515810556088974,0.0,17421.0,37.0,0.23654999999815343,31.4375,32.375,36.97000000000003,0.0,0.0,0.0,0.0,0.0,20.0,0.3,0.1,0.2,0.1,0.4,0.1,0.1,0.1,0.5,0.0,65535.0,0.3179827573052567,0.0,65535.0,0.17753871976806287,0.0,0.0,0.0,0.0,0.0,0.0,0.0,0.0,0.0,0.0
128105.38,1.5232722668025933,0.0,17421.0,37.0,0.19824999999815643,31.5,32.4375,36.93000000000001,0.0,0.0,0.0,0.0,0.0,20.0,0.3,0.1,0.2,0.1,0.4,0.1,0.1,0.1,0.5,0.0,65535.0,0.32104982070649274,0.0,65535.0,0.1778591592278935,0.0,0.0,0.0,0.0,0.0,0.0,0.0,0.0,0.0,0.0
128165.45,1.53356481121208,0.0,17421.0,37.0,0.2556499999981477,31.5,32.4375,36.950000000000045,0.0,0.0,0.0,0.0,0.0,20.0,0.3,0.1,0.2,0.1,0.4,0.1,0.1,0.1,0.5,0.0,65535.0,0.3241779201953155,0.0,65535.0,0.17933928435187305,0.0,0.0,0.0,0.0,0.0,0.0,0.0,0.0,0.0,0.0
128225.53,1.5272798011618096,0.0,17421.0,37.0,0.25654999999814687,31.4375,32.375,36.81,0.0,0.0,0.0,0.0,0.0,20.0,0.3,0.1,0.2,0.1,0.4,0.1,0.1,0.1,0.5,0.0,65535.0,0.3200579842832074,0.0,65535.0,0.17721828030823225,0.0,0.0,0.0,0.0,0.0,0.0,0.0,0.0,0.0,0.0
128285.57,1.5414377116861913,0.0,17421.0,37.0,0.2015499999981534,31.4375,32.375,36.89000000000004,0.0,0.004490499685376978,0.25,0.0,0.0,20.0,0.3,0.1,0.2,0.1,0.4,0.1,0.1,0.1,0.5,0.0,65535.0,0.3201647974364843,0.0,65535.0,0.17923247119859617,0.0,0.0,0.0,0.0,0.0,0.0,0.0,0.0,0.0,0.0
128345.63,1.49920602524493,0.0,17421.0,37.0,0.35219999999815277,31.4375,32.375,36.55000000000001,0.0,0.0,0.0,0.0,0.0,20.0,0.3,0.1,0.2,0.1,0.4,0.1,0.1,0.1,0.5,0.0,65535.0,0.3116655222400244,0.0,65535.0,0.1748378728923476,0.0,0.0,0.0,0.0,0.0,0.0,0.0,0.0,0.0,0.0
128405.68,1.4840001304962571,0.0,17421.0,37.0,0.2317499999981478,31.4375,32.375,36.79000000000002,0.0,0.0,0.07,0.0,0.0,20.0,0.3,0.1,0.2,0.1,0.4,0.1,0.1,0.1,0.5,0.0,65535.0,0.31197070267795834,0.0,65535.0,0.17383077744716563,0.0,0.0,0.0,0.0,0.0,0.0,0.0,0.0,0.0,0.0
128465.75,1.4939346991546947,0.0,17421.0,37.0,0.23584999999814238,31.5,32.4375,36.93000000000001,0.0,0.0,0.07,0.0,0.0,20.0,0.3,0.1,0.2,0.1,0.4,0.1,0.1,0.1,0.5,0.0,65535.0,0.3139238574807355,0.0,65535.0,0.1743190661478599,0.0,0.0,0.0,0.0,0.0,0.0,0.0,0.0,0.0,0.0
128525.82,1.4977341374286723,0.0,17421.0,37.0,0.2470499999981464,31.5625,32.375,36.89000000000004,0.0,0.0,0.07,0.0,0.0,20.0,0.3,0.1,0.2,0.1,0.4,0.1,0.1,0.1,0.5,0.0,65535.0,0.31200122072175174,0.0,65535.0,0.1693141069657435,0.0,0.0,0.0,0.0,0.0,0.0,0.0,0.0,0.0,0.0
128585.89,1.4982212998718234,0.0,17421.0,37.0,0.20994999999814914,31.5,32.375,36.81,0.0,0.0,0.25,0.0,0.0,20.0,0.3,0.1,0.2,0.1,0.4,0.1,0.1,0.1,0.5,0.0,65535.0,0.3154345006485084,0.0,65535.0,0.17065690089265279,0.0,0.0,0.0,0.0,0.0,0.0,0.0,0.0,0.0,0.0
128645.94,1.5078480010153112,0.0,17421.0,37.0,0.2441999999981447,31.5625,32.4375,36.97000000000003,0.0,0.0,0.07,0.0,0.0,20.0,0.3,0.1,0.2,0.1,0.4,0.1,0.1,0.1,0.5,0.0,65535.0,0.31413748378728923,0.0,65535.0,0.1734798199435416,0.0,0.0,0.0,0.0,0.0,0.0,0.0,0.0,0.0,0.0
128705.99,1.5134938320703197,0.0,17421.0,37.0,0.23404999999813889,31.5,32.375,36.85000000000002,0.0,0.0,0.07,0.0,0.0,20.0,0.3,0.1,0.2,0.1,0.4,0.1,0.1,0.1,0.5,0.0,65535.0,0.31448844129091325,0.0,65535.0,0.17137407492179751,0.0,0.0,0.0,0.0,0.0,0.0,0.0,0.0,0.0,0.0
128766.04,1.4971707507561347,0.0,17421.0,37.0,0.18904999999813632,31.5,32.4375,36.77000000000004,0.0,0.0,0.07,0.0,0.0,20.0,0.3,0.1,0.2,0.1,0.4,0.1,0.1,0.1,0.5,0.0,65535.0,0.3138170443274586,0.0,65535.0,0.1709925993743801,0.0,0.0,0.0,0.0,0.0,0.0,0.0,0.0,0.0,0.0
128826.11,1.5281484347471408,0.0,17421.0,37.0,0.22434999999814684,31.4375,32.375,36.870000000000005,0.0,0.0,0.07,0.0,0.0,20.0,0.3,0.1,0.2,0.1,0.4,0.1,0.1,0.1,0.5,0.0,65535.0,0.31657892729076065,0.0,65535.0,0.17593652246890976,0.0,0.0,0.0,0.0,0.0,0.0,0.0,0.0,0.0,0.0
128886.15,1.5010086296605825,0.0,17421.0,37.0,0.24314999999814224,31.5,32.4375,37.03000000000003,0.0,0.0,0.25,0.0,0.0,20.0,0.3,0.1,0.2,0.1,0.4,0.1,0.1,0.1,0.5,0.0,65535.0,0.31232166018158236,0.0,65535.0,0.17405966277561608,0.0,0.0,0.0,0.0,0.0,0.0,0.0,0.0,0.0,0.0
128946.23,1.5048101559055325,0.0,17421.0,37.0,0.3073999999981381,31.5,32.4375,36.710000000000036,0.0,0.0,0.0,0.0,0.0,20.0,0.3,0.1,0.2,0.1,0.4,0.1,0.1,0.1,0.5,0.0,65535.0,0.3121232928969253,0.0,65535.0,0.1722590981918059,0.0,0.0,0.0,0.0,0.0,0.0,0.0,0.0,0.0,0.0
129006.26,1.5294738143392737,0.0,17421.0,37.0,0.2640499999981357,31.4375,32.375,36.93000000000001,0.0,0.0,0.0,0.0,0.0,20.0,0.3,0.1,0.2,0.1,0.4,0.1,0.1,0.1,0.5,0.0,65535.0,0.3155260547798886,0.0,65535.0,0.17329671168078126,0.0,0.0,0.0,0.0,0.0,0.0,0.0,0.0,0.0,0.0
129066.33,1.520533608017201,0.0,17421.0,37.0,0.19014999999814183,31.5,32.375,37.05000000000001,0.0,0.0,0.0,0.0,0.0,20.0,0.3,0.1,0.2,0.1,0.4,0.1,0.1,0.1,0.5,0.0,65535.0,0.31575494010833904,0.0,65535.0,0.17279316395819028,0.0,0.0,0.0,0.0,0.0,0.0,0.0,0.0,0.0,0.0
129126.38,1.5244632945942254,0.0,17421.0,37.0,0.2227499999981372,31.4375,32.375,36.870000000000005,0.0,0.0,0.0,0.0,0.0,20.0,0.3,0.1,0.2,0.1,0.4,0.1,0.1,0.1,0.5,0.0,65535.0,0.31615167467765315,0.0,65535.0,0.17261005569542992,0.0,0.0,0.0,0.0,0.0,0.0,0.0,0.0,0.0,0.0
129186.45,1.5284102260255383,0.0,17421.0,37.0,0.24154999999813173,31.5,32.375,36.870000000000005,0.0,0.0,0.0,0.0,0.0,20.0,0.3,0.1,0.2,0.1,0.4,0.1,0.1,0.1,0.5,0.0,65535.0,0.31396963454642557,0.0,65535.0,0.17409018081940947,0.0,0.0,0.0,0.0,0.0,0.0,0.0,0.0,0.0,0.0
129246.5,1.5353121687755764,0.0,17421.0,37.0,0.19914999999813932,31.4375,32.375,36.77000000000004,0.0,0.001354759377618888,0.07541903751047556,0.0,0.0,20.0,0.3,0.1,0.2,0.1,0.4,0.1,0.1,0.1,0.5,0.0,65535.0,0.3155870908674754,0.0,65535.0,0.17415121690699625,0.0,0.0,0.0,0.0,0.0,0.0,0.0,0.0,0.0,0.0
129306.56,1.4889223913092362,0.0,17421.0,37.0,0.26514999999814126,31.4375,32.375,36.650000000000034,0.0,0.0,0.0,0.0,0.0,20.0,0.3,0.1,0.2,0.1,0.4,0.1,0.1,0.1,0.5,0.0,65535.0,0.3117418173495079,0.0,65535.0,0.1709620813305867,0.0,0.0,0.0,0.0,0.0,0.0,0.0,0.0,0.0,0.0
129366.62,1.4913441259729776,0.0,17421.0,37.0,0.27224999999813565,31.5,32.375,36.81,0.0,0.0,0.07,0.0,0.0,20.0,0.3,0.1,0.2,0.1,0.4,0.1,0.1,0.1,0.5,0.0,65535.0,0.31407644769970244,0.0,65535.0,0.17003128099488823,0.0,0.0,0.0,0.0,0.0,0.0,0.0,0.0,0.0,0.0
129426.67,1.501418836456617,0.0,17421.0,37.0,0.2752499999981346,31.5,32.375,36.77000000000004,0.0,0.0,0.07,0.0,0.0,20.0,0.3,0.1,0.2,0.1,0.4,0.1,0.1,0.1,0.5,0.0,65535.0,0.3117570763714046,0.0,65535.0,0.17366292820630197,0.0,0.0,0.0,0.0,0.0,0.0,0.0,0.0,0.0,0.0
129486.74,1.5000372643847266,0.0,17421.0,37.0,0.2508499999981275,31.5,32.375,36.81,0.0,0.0,0.25,0.0,0.0,20.0,0.3,0.1,0.2,0.1,0.4,0.1,0.1,0.1,0.5,0.0,65535.0,0.312642099641413,0.0,65535.0,0.17093156328679332,0.0,0.0,0.0,0.0,0.0,0.0,0.0,0.0,0.0,0.0
129546.81,1.5052921736778955,0.0,17421.0,37.0,0.2995999999981276,31.4375,32.375,36.77000000000004,0.0,0.0,0.07,0.0,0.0,20.0,0.3,0.1,0.2,0.1,0.4,0.1,0.1,0.1,0.5,0.0,65535.0,0.3145647364003967,0.0,65535.0,0.1709925993743801,0.0,0.0,0.0,0.0,0.0,0.0,0.0,0.0,0.0,0.0
129606.84,1.5285610213029588,0.0,17421.0,37.0,0.26064999999813543,31.5625,32.375,36.79000000000002,0.0,0.0,0.07,0.0,0.0,20.0,0.3,0.1,0.2,0.1,0.4,0.1,0.1,0.1,0.5,0.0,65535.0,0.3137254901960784,0.0,65535.0,0.17053482871747921,0.0,0.0,0.0,0.0,0.0,0.0,0.0,0.0,0.0,0.0
129666.93,1.4990141924456133,0.0,17421.0,37.0,0.21114999999813266,31.5,32.3125,36.950000000000045,0.0,0.0,0.07,0.0,0.0,20.0,0.3,0.1,0.2,0.1,0.4,0.1,0.1,0.1,0.5,0.0,65535.0,0.31319142442969405,0.0,65535.0,0.17129777981231403,0.0,0.0,0.0,0.0,0.0,0.0,0.0,0.0,0.0,0.0
129726.97,1.5229346422003103,0.0,17421.0,37.0,0.19434999999813116,31.5,32.375,36.950000000000045,0.0,0.0,0.07,0.0,0.0,20.0,0.3,0.1,0.2,0.1,0.4,0.1,0.1,0.1,0.5,0.0,65535.0,0.3150072480354009,0.0,65535.0,0.17199969481956207,0.0,0.0,0.0,0.0,0.0,0.0,0.0,0.0,0.0,0.0
129787.02,1.5152306962917128,0.0,17421.0,37.0,0.18984999999813013,31.5,32.375,36.89000000000004,0.0,0.0,0.25,0.0,0.0,20.0,0.3,0.1,0.2,0.1,0.4,0.1,0.1,0.1,0.5,0.0,65535.0,0.3134813458457313,0.0,65535.0,0.171801327534905,0.0,0.0,0.0,0.0,0.0,0.0,0.0,0.0,0.0,0.0
129847.06,1.5130306606835908,0.0,17421.0,37.0,0.2935999999981236,31.5625,32.375,36.77000000000004,0.0,0.0,0.07,0.0,0.0,20.0,0.3,0.1,0.2,0.1,0.4,0.1,0.1,0.1,0.5,0.0,65535.0,0.3158312352178225,0.0,65535.0,0.16923781185626002,0.0,0.0,0.0,0.0,0.0,0.0,0.0,0.0,0.0,0.0
129907.11,1.5197584892874274,0.0,17421.0,37.0,0.2281499999981254,31.5,32.375,36.93000000000001,0.0,0.0,0.0,0.0,0.0,20.0,0.3,0.1,0.2,0.1,0.4,0.1,0.1,0.1,0.5,0.0,65535.0,0.3168841077286946,0.0,65535.0,0.17413595788509956,0.0,0.0,0.0,0.0,0.0,0.0,0.0,0.0,0.0,0.0
129967.18,1.5129244095925038,0.0,17421.0,37.0,0.16744999999811694,31.5625,32.375,36.97000000000003,0.0,0.0,0.0,0.0,0.0,20.0,0.3,0.1,0.2,0.1,0.4,0.1,0.1,0.1,0.5,0.0,65535.0,0.31610589761196306,0.0,65535.0,0.1722743572137026,0.0,0.0,0.0,0.0,0.0,0.0,0.0,0.0,0.0,0.0
130027.26,1.5200393097021339,0.0,17421.0,37.0,0.24924999999812864,31.5,32.375,36.97000000000003,0.0,0.0,0.0,0.0,0.0,20.0,0.3,0.1,0.2,0.1,0.4,0.1,0.1,0.1,0.5,0.0,65535.0,0.3146715495536736,0.0,65535.0,0.16998550392919815,0.0,0.0,0.0,0.0,0.0,0.0,0.0,0.0,0.0,0.0
130087.34,1.513280174647077,0.0,17421.0,37.0,0.18304999999811522,31.5,32.375,37.13000000000005,0.0,0.0,0.0,0.0,0.0,20.0,0.3,0.1,0.2,0.1,0.4,0.1,0.1,0.1,0.5,0.0,65535.0,0.31778439002059966,0.0,65535.0,0.1730983443961242,0.0,0.0,0.0,0.0,0.0,0.0,0.0,0.0,0.0,0.0
130147.38,1.505222950904019,0.0,17421.0,37.0,0.23894999999812122,31.5625,32.375,37.01000000000005,0.0,0.0,0.0,0.0,0.0,20.0,0.3,0.1,0.2,0.1,0.4,0.1,0.1,0.1,0.5,0.0,65535.0,0.3166857404440375,0.0,65535.0,0.17209124895094224,0.0,0.0,0.0,0.0,0.0,0.0,0.0,0.0,0.0,0.0
130207.46,1.5406264754033105,0.0,17421.0,37.0,0.21744999999812487,31.5625,32.375,37.09000000000003,0.0,0.0,0.0,0.0,0.0,20.0,0.3,0.1,0.2,0.1,0.4,0.1,0.1,0.1,0.5,0.0,65535.0,0.31491569390402074,0.0,65535.0,0.16948195620660716,0.0,0.0,0.0,0.0,0.0,0.0,0.0,0.0,0.0,0.0
130267.51,1.531526270804278,0.0,17421.0,37.0,0.25164999999812554,31.5,32.375,36.79000000000002,0.0,0.0011979993154467754,0.0747919972617871,0.0,0.0,20.0,0.3,0.1,0.2,0.1,0.4,0.1,0.1,0.1,0.5,0.0,65535.0,0.3172961013199054,0.0,65535.0,0.17415121690699625,0.0,0.0,0.0,0.0,0.0,0.0,0.0,0.0,0.0,0.0
130327.56,1.5097394507815483,0.0,17421.0,37.0,0.28524999999812595,31.5,32.375,36.97000000000003,0.0,0.0,0.0,0.0,0.0,20.0,0.3,0.1,0.2,0.1,0.4,0.1,0.1,0.1,0.5,0.0,65535.0,0.3172503242542153,0.0,65535.0,0.17323567559319447,0.0,0.0,0.0,0.0,0.0,0.0,0.0,0.0,0.0,0.0
130387.6,1.50856210761557,0.0,17421.0,37.0,0.2267499999981232,31.5,32.375,36.870000000000005,0.0,0.0,0.25,0.0,0.0,20.0,0.3,0.1,0.2,0.1,0.4,0.1,0.1,0.1,0.5,0.0,65535.0,0.3141832608529793,0.0,65535.0,0.17126726176852064,0.0,0.0,0.0,0.0,0.0,0.0,0.0,0.0,0.0,0.0
130447.62,1.5296260612691839,0.0,17421.0,37.0,0.2883999999981248,31.5,32.375,36.81,0.0,0.0,0.07,0.0,0.0,20.0,0.3,0.1,0.2,0.1,0.4,0.1,0.1,0.1,0.5,0.0,65535.0,0.31833371480888073,0.0,65535.0,0.17004654001678493,0.0,0.0,0.0,0.0,0.0,0.0,0.0,0.0,0.0,0.0
130507.65,1.5152783854588237,0.0,17421.0,37.0,0.23294999999811755,31.5625,32.375,36.950000000000045,0.0,0.0,0.07,0.0,0.0,20.0,0.3,0.1,0.2,0.1,0.4,0.1,0.1,0.1,0.5,0.0,65535.0,0.3133897917143511,0.0,65535.0,0.17068741893644618,0.0,0.0,0.0,0.0,0.0,0.0,0.0,0.0,0.0,0.0
130567.69,1.5344919054798591,0.0,17421.0,37.0,0.17104999999810933,31.5,32.3125,37.05000000000001,0.0,0.0014853002821708016,0.07594120112868322,0.0,0.0,20.0,0.3,0.1,0.2,0.1,0.4,0.1,0.1,0.1,0.5,0.0,65535.0,0.3160143434805829,0.0,65535.0,0.16882581826504922,0.0,0.0,0.0,0.0,0.0,0.0,0.0,0.0,0.0,0.0
130627.73,1.5112385836883484,0.0,17421.0,37.0,0.22104999999811983,31.4375,32.375,36.79000000000002,0.0,0.0007073232827298492,0.0728292931309194,0.0,0.0,20.0,0.3,0.1,0.2,0.1,0.4,0.1,0.1,0.1,0.5,0.0,65535.0,0.3126115815976196,0.0,65535.0,0.1705653467612726,0.0,0.0,0.0,0.0,0.0,0.0,0.0,0.0,0.0,0.0
130687.76,1.4769942991554084,0.0,17421.0,37.0,0.2761499999981166,31.4375,32.375,36.650000000000034,0.0,0.0,0.25,0.0,0.0,20.0,0.3,0.1,0.2,0.1,0.4,0.1,0.1,0.1,0.5,0.0,65535.0,0.3104600595101854,0.0,65535.0,0.16533150225070573,0.0,0.0,0.0,0.0,0.0,0.0,0.0,0.0,0.0,0.0
130747.8,1.4935248659892337,0.0,17421.0,37.0,0.3443999999981173,31.5,32.375,36.610000000000014,0.0,0.0,0.07,0.0,0.0,20.0,0.3,0.1,0.2,0.1,0.4,0.1,0.1,0.1,0.5,0.0,65535.0,0.3120775158312352,0.0,65535.0,0.1658350499732967,0.0,0.0,0.0,0.0,0.0,0.0,0.0,0.0,0.0,0.0
130807.87,1.4952251436570183,0.0,17421.0,37.0,0.1965499999981063,31.4375,32.375,36.97000000000003,0.0,0.0,0.07,0.0,0.0,20.0,0.3,0.1,0.2,0.1,0.4,0.1,0.1,0.1,0.5,0.0,65535.0,0.31273365377279316,0.0,65535.0,0.16700999465934233,0.0,0.0,0.0,0.0,0.0,0.0,0.0,0.0,0.0,0.0
130867.93,1.4786635810006794,0.0,17421.0,37.0,0.20944999999810537,31.5,32.375,37.03000000000003,0.0,0.0,0.07,0.0,0.0,20.0,0.3,0.1,0.2,0.1,0.4,0.1,0.1,0.1,0.5,0.0,65535.0,0.3091935606927596,0.0,65535.0,0.16577401388570992,0.0,0.0,0.0,0.0,0.0,0.0,0.0,0.0,0.0,0.0
130927.99,1.4776442850832787,0.0,17421.0,37.0,0.25384999999810587,31.5,32.4375,36.89000000000004,0.0,0.0,0.07,0.0,0.0,20.0,0.3,0.1,0.2,0.1,0.4,0.1,0.1,0.1,0.5,0.0,65535.0,0.31314564736400397,0.0,65535.0,0.17167925535973144,0.0,0.0,0.0,0.0,0.0,0.0,0.0,0.0,0.0,0.0
130988.06,1.496934248052807,0.0,17421.0,37.0,0.16964999999810632,31.5625,32.375,37.01000000000005,0.0,0.0,0.25,0.0,0.0,20.0,0.3,0.1,0.2,0.1,0.4,0.1,0.1,0.1,0.5,0.0,65535.0,0.31316090638590066,0.0,65535.0,0.1689173723964294,0.0,0.0,0.0,0.0,0.0,0.0,0.0,0.0,0.0,0.0
131048.09,1.5059300380489935,0.0,17421.0,37.0,0.3554999999981121,31.4375,32.375,36.55000000000001,0.0,0.0,0.07,0.0,0.0,20.0,0.3,0.1,0.2,0.1,0.4,0.1,0.1,0.1,0.5,0.0,65535.0,0.3129777981231403,0.0,65535.0,0.16607919432364385,0.0,0.0,0.0,0.0,0.0,0.0,0.0,0.0,0.0,0.0
131108.16,1.4991766981797126,0.0,17421.0,37.0,0.2827499999981089,31.5,32.375,37.05000000000001,0.0,0.0,0.07,0.0,0.0,20.0,0.3,0.1,0.2,0.1,0.4,0.1,0.1,0.1,0.5,0.0,65535.0,0.31277943083848325,0.0,65535.0,0.16824597543297476,0.0,0.0,0.0,0.0,0.0,0.0,0.0,0.0,0.0,0.0
131168.23,1.4893680110798029,0.0,17421.0,37.0,0.20914999999810052,31.5,32.375,37.03000000000003,0.0,0.0,0.07,0.0,0.0,20.0,0.3,0.1,0.2,0.1,0.4,0.1,0.1,0.1,0.5,0.0,65535.0,0.3128862439917601,0.0,65535.0,0.16572823682001983,0.0,0.0,0.0,0.0,0.0,0.0,0.0,0.0,0.0,0.0
131228.3,1.5118101430200417,0.0,17421.0,37.0,0.19164999999810875,31.5625,32.375,37.01000000000005,0.0,0.0,0.07,0.0,0.0,20.0,0.3,0.1,0.2,0.1,0.4,0.1,0.1,0.1,0.5,0.0,65535.0,0.3129015030136568,0.0,65535.0,0.16610971236743724,0.0,0.0,0.0,0.0,0.0,0.0,0.0,0.0,0.0,0.0
131288.37,1.5015657606894377,0.0,17421.0,37.0,0.2219499999981096,31.4375,32.375,37.05000000000001,0.0,0.0,0.0,0.0,0.0,20.0,0.3,0.1,0.2,0.1,0.4,0.1,0.1,0.1,0.5,0.0,65535.0,0.3155413138017853,0.0,65535.0,0.1675898374914168,0.0,0.0,0.0,0.0,0.0,0.0,0.0,0.0,0.0,0.0
131348.43,1.5057065951887343,0.0,17421.0,37.0,0.2651499999981104,31.5,32.375,36.85000000000002,0.0,0.0,0.0,0.0,0.0,20.0,0.3,0.1,0.2,0.1,0.4,0.1,0.1,0.1,0.5,0.0,65535.0,0.3142290379186694,0.0,65535.0,0.16687266346227206,0.0,0.0,0.0,0.0,0.0,0.0,0.0,0.0,0.0,0.0
131408.47,1.5098583103430556,0.0,17421.0,37.0,0.20954999999810237,31.4375,32.375,36.950000000000045,0.0,0.0,0.0,0.0,0.0,20.0,0.3,0.1,0.2,0.1,0.4,0.1,0.1,0.1,0.5,0.0,65535.0,0.3142595559624628,0.0,65535.0,0.1667353322652018,0.0,0.0,0.0,0.0,0.0,0.0,0.0,0.0,0.0,0.0
131468.52,1.515177969428962,0.0,17421.0,37.0,0.21804999999810715,31.5,32.375,36.870000000000005,0.0,0.0,0.0,0.0,0.0,20.0,0.3,0.1,0.2,0.1,0.4,0.1,0.1,0.1,0.5,0.0,65535.0,0.31538872358281833,0.0,65535.0,0.17114518959334707,0.0,0.0,0.0,0.0,0.0,0.0,0.0,0.0,0.0,0.0
131528.56,1.5302095454510658,0.0,17421.0,37.0,0.22894999999809723,31.5,32.375,37.09000000000003,0.0,0.0,0.0,0.0,0.0,20.0,0.3,0.1,0.2,0.1,0.4,0.1,0.1,0.1,0.5,0.0,65535.0,0.3125200274662394,0.0,65535.0,0.16745250629434652,0.0,0.0,0.0,0.0,0.0,0.0,0.0,0.0,0.0,0.0
131588.59,1.4912653227825807,0.0,17421.0,37.0,0.15794999999809814,31.4375,32.375,36.93000000000001,0.0,0.0,0.0,0.0,0.0,20.0,0.3,0.1,0.2,0.1,0.4,0.1,0.1,0.1,0.5,0.0,65535.0,0.315556572823682,0.0,65535.0,0.16820019836728467,0.0,0.0,0.0,0.0,0.0,0.0,0.0,0.0,0.0,0.0
131648.64,1.514826250895356,0.0,17421.0,37.0,0.23444999999810046,31.4375,32.375,36.79000000000002,0.0,0.0,0.0,0.0,0.0,20.0,0.3,0.1,0.2,0.1,0.4,0.1,0.1,0.1,0.5,0.0,65535.0,0.3166704814221408,0.0,65535.0,0.1692835889219501,0.0,0.0,0.0,0.0,0.0,0.0,0.0,0.0,0.0,0.0
131708.71,1.5077138368923433,0.0,17421.0,37.0,0.24594999999810505,31.4375,32.375,36.89000000000004,0.0,0.0,0.0,0.0,0.0,20.0,0.3,0.1,0.2,0.1,0.4,0.1,0.1,0.1,0.5,0.0,65535.0,0.3164263370717937,0.0,65535.0,0.16926832990005342,0.0,0.0,0.0,0.0,0.0,0.0,0.0,0.0,0.0,0.0
131768.78,1.5104774339596523,0.0,17421.0,37.0,0.22274999999809858,31.4375,32.375,36.85000000000002,0.0,0.0,0.0,0.0,0.0,20.0,0.3,0.1,0.2,0.1,0.4,0.1,0.1,0.1,0.5,0.0,65535.0,0.3175555046921492,0.0,65535.0,0.1697261005569543,0.0,0.0,0.0,0.0,0.0,0.0,0.0,0.0,0.0,0.0
131828.85,1.5320488311022125,0.0,17421.0,37.0,0.2162499999981028,31.4375,32.375,36.81,0.0,0.0,0.0,0.0,0.0,20.0,0.3,0.1,0.2,0.1,0.4,0.1,0.1,0.1,0.5,0.0,65535.0,0.3168230716411078,0.0,65535.0,0.1670862897688258,0.0,0.0,0.0,0.0,0.0,0.0,0.0,0.0,0.0,0.0
131888.93,1.5235224868362143,0.0,17421.0,37.0,0.2774499999981048,31.5,32.375,36.77000000000004,0.0,0.0,0.0,0.0,0.0,20.0,0.3,0.1,0.2,0.1,0.4,0.1,0.1,0.1,0.5,0.0,65535.0,0.31691462577248797,0.0,65535.0,0.16859693293659878,0.0,0.0,0.0,0.0,0.0,0.0,0.0,0.0,0.0,0.0
131949.01,1.519217105877953,0.0,17421.0,37.0,0.21834999999810173,31.4375,32.375,36.89000000000004,0.0,0.0,0.0,0.0,0.0,20.0,0.3,0.1,0.2,0.1,0.4,0.1,0.1,0.1,0.5,0.0,65535.0,0.3141680018310826,0.0,65535.0,0.16699473563744563,0.0,0.0,0.0,0.0,0.0,0.0,0.0,0.0,0.0,0.0
132009.04,1.5525097372156513,0.0,17421.0,37.0,0.2686499999980978,31.4375,32.375,36.93000000000001,0.0,0.0057143948262702695,0.09285757930508108,0.0,0.0,20.0,0.3,0.1,0.2,0.1,0.4,0.1,0.1,0.1,0.5,0.0,65535.0,0.31863889524681466,0.0,65535.0,0.16899366750591288,0.0,0.0,0.0,0.0,0.0,0.0,0.0,0.0,0.0,0.0
132069.09,1.5081379855950283,0.0,17421.0,37.0,0.3073499999980978,31.4375,32.375,36.63000000000005,0.0,0.0,0.0,0.0,0.0,20.0,0.3,0.1,0.2,0.1,0.4,0.1,0.1,0.1,0.5,0.0,65535.0,0.31076523994811933,0.0,65535.0,0.16386663614862287,0.0,0.0,0.0,0.0,0.0,0.0,0.0,0.0,0.0,0.0
132129.16,1.5002167447010681,0.0,17421.0,37.0,0.30134999999809675,31.4375,32.375,36.81,0.0,0.0,0.07,0.0,0.0,20.0,0.3,0.1,0.2,0.1,0.4,0.1,0.1,0.1,0.5,0.0,65535.0,0.31065842679484246,0.0,65535.0,0.16406500343327993,0.0,0.0,0.0,0.0,0.0,0.0,0.0,0.0,0.0,0.0
132189.23,1.4798370166033368,0.0,17421.0,37.0,0.3028499999980962,31.5,32.375,36.89000000000004,0.0,0.0,0.25,0.0,0.0,20.0,0.3,0.1,0.2,0.1,0.4,0.1,0.1,0.1,0.5,0.0,65535.0,0.31198596169985504,0.0,65535.0,0.16443121995880064,0.0,0.0,0.0,0.0,0.0,0.0,0.0,0.0,0.0,0.0
132249.3,1.4803944803451252,0.0,17421.0,37.0,0.2643999999980985,31.5,32.375,36.93000000000001,0.0,0.0,0.07,0.0,0.0,20.0,0.3,0.1,0.2,0.1,0.4,0.1,0.1,0.1,0.5,0.0,65535.0,0.3100175478751812,0.0,65535.0,0.16679636835278858,0.0,0.0,0.0,0.0,0.0,0.0,0.0,0.0,0.0,0.0
132309.36,1.4866892017641176,0.0,17421.0,37.0,0.24424999999808752,31.5625,32.375,37.03000000000003,0.0,0.0,0.07,0.0,0.0,20.0,0.3,0.1,0.2,0.1,0.4,0.1,0.1,0.1,0.5,0.0,65535.0,0.3138933394369421,0.0,65535.0,0.16261539635309377,0.0,0.0,0.0,0.0,0.0,0.0,0.0,0.0,0.0,0.0
132369.4,1.4741365324544529,0.0,17421.0,37.0,0.21744999999809514,31.5,32.375,36.93000000000001,0.0,0.0,0.07,0.0,0.0,20.0,0.3,0.1,0.2,0.1,0.4,0.1,0.1,0.1,0.5,0.0,65535.0,0.3125352864881361,0.0,65535.0,0.16264591439688716,0.0,0.0,0.0,0.0,0.0,0.0,0.0,0.0,0.0,0.0
132429.47,1.4973363879198156,0.0,17421.0,37.0,0.2379499999980856,31.5625,32.4375,36.81,0.0,0.0,0.07,0.0,0.0,20.0,0.3,0.1,0.2,0.1,0.4,0.1,0.1,0.1,0.5,0.0,65535.0,0.31201647974364843,0.0,65535.0,0.16450751506828412,0.0,0.0,0.0,0.0,0.0,0.0,0.0,0.0,0.0,0.0
132489.53,1.484136350314069,0.0,17421.0,37.0,0.23704999999808474,31.5,32.4375,36.81,0.0,0.0,0.25,0.0,0.0,20.0,0.3,0.1,0.2,0.1,0.4,0.1,0.1,0.1,0.5,0.0,65535.0,0.3146868085755703,0.0,65535.0,0.16408026245517662,0.0,0.0,0.0,0.0,0.0,0.0,0.0,0.0,0.0,0.0
132549.6,1.5103378178767706,0.0,17421.0,37.0,0.31759999999808597,31.5,32.375,36.710000000000036,0.0,0.0,0.07,0.0,0.0,20.0,0.3,0.1,0.2,0.1,0.4,0.1,0.1,0.1,0.5,0.0,65535.0,0.3138170443274586,0.0,65535.0,0.16443121995880064,0.0,0.0,0.0,0.0,0.0,0.0,0.0,0.0,0.0,0.0
132609.65,1.5029059046933584,0.0,17421.0,37.0,0.21064999999808118,31.5,32.4375,37.03000000000003,0.0,0.0,0.07,0.0,0.0,20.0,0.3,0.1,0.2,0.1,0.4,0.1,0.1,0.1,0.5,0.0,65535.0,0.3130083161669337,0.0,65535.0,0.16549935149156939,0.0,0.0,0.0,0.0,0.0,0.0,0.0,0.0,0.0,0.0
132669.75,1.5017387480071647,0.0,17421.0,37.0,0.19644999999808982,31.5625,32.4375,37.190000000000055,0.0,0.0,0.0,0.0,0.0,20.0,0.3,0.1,0.2,0.1,0.4,0.1,0.1,0.1,0.5,0.0,65535.0,0.3130388342107271,0.0,65535.0,0.16362249179827573,0.0,0.0,0.0,0.0,0.0,0.0,0.0,0.0,0.0,0.0
132729.78,1.5265356197304092,0.0,17421.0,37.0,0.19374999999808887,31.5625,32.375,37.03000000000003,0.0,0.0,0.0,0.0,0.0,20.0,0.3,0.1,0.2,0.1,0.4,0.1,0.1,0.1,0.5,0.0,65535.0,0.3133287556267643,0.0,65535.0,0.16537727931639581,0.0,0.0,0.0,0.0,0.0,0.0,0.0,0.0,0.0,0.0
132789.83,1.520878569874089,0.0,17421.0,37.0,0.2334499999980795,31.5,32.375,36.97000000000003,0.0,0.0,0.0,0.0,0.0,20.0,0.3,0.1,0.2,0.1,0.4,0.1,0.1,0.1,0.5,0.0,65535.0,0.3143358510719463,0.0,65535.0,0.16560616464484626,0.0,0.0,0.0,0.0,0.0,0.0,0.0,0.0,0.0,0.0
132849.9,1.50312064562628,0.0,17421.0,37.0,0.203949999998087,31.5,32.375,36.870000000000005,0.0,0.0,0.0,0.0,0.0,20.0,0.3,0.1,0.2,0.1,0.4,0.1,0.1,0.1,0.5,0.0,65535.0,0.3155107957579919,0.0,65535.0,0.16353093766689555,0.0,0.0,0.0,0.0,0.0,0.0,0.0,0.0,0.0,0.0
132909.97,1.5200371266746036,0.0,17421.0,37.0,0.24164999999808284,31.5,32.375,36.97000000000003,0.0,0.0,0.0,0.0,0.0,20.0,0.3,0.1,0.2,0.1,0.4,0.1,0.1,0.1,0.5,0.0,65535.0,0.31622796978713663,0.0,65535.0,0.16263065537499047,0.0,0.0,0.0,0.0,0.0,0.0,0.0,0.0,0.0,0.0
132970.04,1.5059712012916506,0.0,17421.0,37.0,0.24254999999808202,31.5625,32.4375,36.870000000000005,0.0,0.0,0.0,0.0,0.0,20.0,0.3,0.1,0.2,0.1,0.4,0.1,0.1,0.1,0.5,0.0,65535.0,0.3168535896849012,0.0,65535.0,0.16763561455710688,0.0,0.0,0.0,0.0,0.0,0.0,0.0,0.0,0.0,0.0
133030.11,1.5190512222312373,0.0,17421.0,37.0,0.2119499999980797,31.5,32.4375,37.03000000000003,0.0,0.0,0.0,0.0,0.0,20.0,0.3,0.1,0.2,0.1,0.4,0.1,0.1,0.1,0.5,0.0,65535.0,0.3183642328526741,0.0,65535.0,0.16610971236743724,0.0,0.0,0.0,0.0,0.0,0.0,0.0,0.0,0.0,0.0
133090.15,1.5324196964311856,0.0,17421.0,37.0,0.20244999999808322,31.5,32.4375,36.950000000000045,0.0,0.00028075807388550523,0.25,0.0,0.0,20.0,0.3,0.1,0.2,0.1,0.4,0.1,0.1,0.1,0.5,0.0,65535.0,0.31696040283817806,0.0,65535.0,0.1654383154039826,0.0,0.0,0.0,0.0,0.0,0.0,0.0,0.0,0.0,0.0
133150.18,1.507525088070423,0.0,17421.0,37.0,0.2888999999980799,31.5,32.4375,36.79000000000002,0.0,0.0,0.0,0.0,0.0,20.0,0.3,0.1,0.2,0.1,0.4,0.1,0.1,0.1,0.5,0.0,65535.0,0.31656366826886395,0.0,65535.0,0.16314946211947814,0.0,0.0,0.0,0.0,0.0,0.0,0.0,0.0,0.0,0.0
133210.22,1.4984855327069886,0.0,17421.0,37.0,0.22314999999808202,31.4375,32.375,36.85000000000002,0.0,0.0,0.07,0.0,0.0,20.0,0.3,0.1,0.2,0.1,0.4,0.1,0.1,0.1,0.5,0.0,65535.0,0.31522087434195467,0.0,65535.0,0.16440070191500725,0.0,0.0,0.0,0.0,0.0,0.0,0.0,0.0,0.0,0.0
133270.26,1.5310673939245323,0.0,17421.0,37.0,0.2216499999980817,31.5,32.375,36.79000000000002,0.0,0.0004654651158347957,0.07186186046333919,0.0,0.0,20.0,0.3,0.1,0.2,0.1,0.4,0.1,0.1,0.1,0.5,0.0,65535.0,0.315205615320058,0.0,65535.0,0.16395819028000305,0.0,0.0,0.0,0.0,0.0,0.0,0.0,0.0,0.0,0.0
133330.3,1.4810846100325439,0.0,17421.0,37.0,0.29794999999807426,31.5,32.375,36.93000000000001,0.0,0.0,0.07,0.0,0.0,20.0,0.3,0.1,0.2,0.1,0.4,0.1,0.1,0.1,0.5,0.0,65535.0,0.3131151293202106,0.0,65535.0,0.15883115892271304,0.0,0.0,0.0,0.0,0.0,0.0,0.0,0.0,0.0,0.0
133390.35,1.4997141336152822,0.0,17421.0,37.0,0.2255499999980807,31.5,32.4375,37.110000000000014,0.0,0.0,0.25,0.0,0.0,20.0,0.3,0.1,0.2,0.1,0.4,0.1,0.1,0.1,0.5,0.0,65535.0,0.3146562905317769,0.0,65535.0,0.16050965133134967,0.0,0.0,0.0,0.0,0.0,0.0,0.0,0.0,0.0,0.0
133450.41,1.5010762785946112,0.0,17421.0,37.0,0.321399999998068,31.5,32.375,36.690000000000055,0.0,0.0,0.07,0.0,0.0,20.0,0.3,0.1,0.2,0.1,0.4,0.1,0.1,0.1,0.5,0.0,65535.0,0.312993057145037,0.0,65535.0,0.16110475318532083,0.0,0.0,0.0,0.0,0.0,0.0,0.0,0.0,0.0,0.0
133510.47,1.5184856487243132,0.0,17421.0,37.0,0.22004999999807318,31.5625,32.375,36.79000000000002,0.0,0.0,0.07,0.0,0.0,20.0,0.3,0.1,0.2,0.1,0.4,0.1,0.1,0.1,0.5,0.0,65535.0,0.3142595559624628,0.0,65535.0,0.16157778286411842,0.0,0.0,0.0,0.0,0.0,0.0,0.0,0.0,0.0,0.0
133570.51,1.5086735325128773,0.0,17421.0,37.0,0.21344999999807235,31.5625,32.4375,36.950000000000045,0.0,0.0,0.07,0.0,0.0,20.0,0.3,0.1,0.2,0.1,0.4,0.1,0.1,0.1,0.5,0.0,65535.0,0.3130083161669337,0.0,65535.0,0.16453803311207751,0.0,0.0,0.0,0.0,0.0,0.0,0.0,0.0,0.0,0.0
133630.57,1.516096149524071,0.0,17421.0,37.0,0.21194999999807115,31.5,32.4375,36.97000000000003,0.0,0.0,0.07,0.0,0.0,20.0,0.3,0.1,0.2,0.1,0.4,0.1,0.1,0.1,0.5,0.0,65535.0,0.3137712672617685,0.0,65535.0,0.16224917982757306,0.0,0.0,0.0,0.0,0.0,0.0,0.0,0.0,0.0,0.0
133690.65,1.4947755147904616,0.0,17421.0,37.0,0.23044999999806598,31.5,32.375,36.93000000000001,0.0,0.0,0.25,0.0,0.0,20.0,0.3,0.1,0.2,0.1,0.4,0.1,0.1,0.1,0.5,0.0,65535.0,0.31776913099870296,0.0,65535.0,0.16488899061570153,0.0,0.0,0.0,0.0,0.0,0.0,0.0,0.0,0.0,0.0
133750.74,1.5104233302467955,0.0,17421.0,37.0,0.2938999999980668,31.5,32.4375,36.77000000000004,0.0,0.0,0.07,0.0,0.0,20.0,0.3,0.1,0.2,0.1,0.4,0.1,0.1,0.1,0.5,0.0,65535.0,0.31531242847333485,0.0,65535.0,0.16276798657206074,0.0,0.0,0.0,0.0,0.0,0.0,0.0,0.0,0.0,0.0
133810.79,1.5239096460417025,0.0,17421.0,37.0,0.23374999999806384,31.5,32.4375,36.950000000000045,0.0,0.0,0.07,0.0,0.0,20.0,0.3,0.1,0.2,0.1,0.4,0.1,0.1,0.1,0.5,0.0,65535.0,0.3177233539330129,0.0,65535.0,0.16099794003204396,0.0,0.0,0.0,0.0,0.0,0.0,0.0,0.0,0.0,0.0
133870.86,1.5207660037968338,0.0,17421.0,37.0,0.18814999999806098,31.5,32.4375,36.81,0.0,0.0,0.07,0.0,0.0,20.0,0.3,0.1,0.2,0.1,0.4,0.1,0.1,0.1,0.5,0.0,65535.0,0.3197680628671702,0.0,65535.0,0.16766613260090027,0.0,0.0,0.0,0.0,0.0,0.0,0.0,0.0,0.0,0.0
133930.9,1.5079980375446713,0.0,17421.0,37.0,0.15954999999806851,31.5,32.375,36.97000000000003,0.0,0.0,0.0,0.0,0.0,20.0,0.3,0.1,0.2,0.1,0.4,0.1,0.1,0.1,0.5,0.0,65535.0,0.3179980163271534,0.0,65535.0,0.16260013733119708,0.0,0.0,0.0,0.0,0.0,0.0,0.0,0.0,0.0,0.0
133990.95,1.524695686809644,0.0,17421.0,37.0,0.16624999999805815,31.5,32.375,36.89000000000004,0.0,0.0,0.0,0.0,0.0,20.0,0.3,0.1,0.2,0.1,0.4,0.1,0.1,0.1,0.5,0.0,65535.0,0.31692988479438466,0.0,65535.0,0.16269169146257725,0.0,0.0,0.0,0.0,0.0,0.0,0.0,0.0,0.0,0.0
134050.99,1.5130991879540425,0.0,17421.0,37.0,0.23744999999806443,31.4375,32.375,37.01000000000005,0.0,0.0,0.0,0.0,0.0,20.0,0.3,0.1,0.2,0.1,0.4,0.1,0.1,0.1,0.5,0.0,65535.0,0.31783016708628975,0.0,65535.0,0.16282902265964752,0.0,0.0,0.0,0.0,0.0,0.0,0.0,0.0,0.0,0.0
134111.02,1.5067539032124042,0.0,17421.0,37.0,0.2383499999980636,31.4375,32.375,36.93000000000001,0.0,0.0,0.0,0.0,0.0,20.0,0.3,0.1,0.2,0.1,0.4,0.1,0.1,0.1,0.5,0.0,65535.0,0.3204547188525216,0.0,65535.0,0.1645685511558709,0.0,0.0,0.0,0.0,0.0,0.0,0.0,0.0,0.0,0.0
134171.09,1.523610940687704,0.0,17421.0,37.0,0.23834999999806275,31.4375,32.375,36.81,0.0,0.0,0.0,0.0,0.0,20.0,0.3,0.1,0.2,0.1,0.4,0.1,0.1,0.1,0.5,0.0,65535.0,0.3171740291447318,0.0,65535.0,0.16227969787136645,0.0,0.0,0.0,0.0,0.0,0.0,0.0,0.0,0.0,0.0
134231.12,1.5387260426506484,0.0,17421.0,37.0,0.21474999999806574,31.5,32.375,36.950000000000045,0.0,0.0034203459231356864,0.08368138369254276,0.0,0.0,20.0,0.3,0.1,0.2,0.1,0.4,0.1,0.1,0.1,0.5,0.0,65535.0,0.31868467231250475,0.0,65535.0,0.1642175936522469,0.0,0.0,0.0,0.0,0.0,0.0,0.0,0.0,0.0,0.0
134291.17,1.4773393934030596,0.0,17421.0,37.0,0.2616499999980566,31.4375,32.4375,36.77000000000004,0.0,0.0,0.0,0.0,0.0,20.0,0.3,0.1,0.2,0.1,0.4,0.1,0.1,0.1,0.5,0.0,65535.0,0.3155107957579919,0.0,65535.0,0.16101319905394065,0.0,0.0,0.0,0.0,0.0,0.0,0.0,0.0,0.0,0.0
134351.24,1.4855247764508264,0.0,17421.0,37.0,0.27174999999806587,31.4375,32.375,36.73000000000002,0.0,0.0,0.07,0.0,0.0,20.0,0.3,0.1,0.2,0.1,0.4,0.1,0.1,0.1,0.5,0.0,65535.0,0.3138628213931487,0.0,65535.0,0.16308842603189136,0.0,0.0,0.0,0.0,0.0,0.0,0.0,0.0,0.0,0.0
134411.28,1.4912439001928797,0.0,17421.0,37.0,0.2400499999980538,31.5,32.375,36.950000000000045,0.0,0.0,0.07,0.0,0.0,20.0,0.3,0.1,0.2,0.1,0.4,0.1,0.1,0.1,0.5,0.0,65535.0,0.3171282520790417,0.0,65535.0,0.16195925841153583,0.0,0.0,0.0,0.0,0.0,0.0,0.0,0.0,0.0,0.0
134471.35,1.4981263554172133,0.0,17421.0,37.0,0.2406499999980524,31.5,32.375,36.81,0.0,0.0,0.07,0.0,0.0,20.0,0.3,0.1,0.2,0.1,0.4,0.1,0.1,0.1,0.5,0.0,65535.0,0.31578545815213244,0.0,65535.0,0.16134889753566797,0.0,0.0,0.0,0.0,0.0,0.0,0.0,0.0,0.0,0.0
134531.42,1.5011403794777505,0.0,17421.0,37.0,0.252149999998057,31.5625,32.375,37.210000000000036,0.0,0.0,0.07,0.0,0.0,20.0,0.3,0.1,0.2,0.1,0.4,0.1,0.1,0.1,0.5,0.0,65535.0,0.3151750972762646,0.0,65535.0,0.16388189517051957,0.0,0.0,0.0,0.0,0.0,0.0,0.0,0.0,0.0,0.0
134591.49,1.503714739959885,0.0,17421.0,37.0,0.21004999999804924,31.5,32.375,37.190000000000055,0.0,0.0,0.25,0.0,0.0,20.0,0.3,0.1,0.2,0.1,0.4,0.1,0.1,0.1,0.5,0.0,65535.0,0.3158464942397192,0.0,65535.0,0.16115053025101092,0.0,0.0,0.0,0.0,0.0,0.0,0.0,0.0,0.0,0.0
134651.57,1.5036267333356657,0.0,17421.0,37.0,0.3805999999980547,31.5,32.3125,36.47000000000003,0.0,0.0,0.07,0.0,0.0,20.0,0.3,0.1,0.2,0.1,0.4,0.1,0.1,0.1,0.5,0.0,65535.0,0.31654840924696726,0.0,65535.0,0.16066224155031664,0.0,0.0,0.0,0.0,0.0,0.0,0.0,0.0,0.0,0.0
134711.63,1.5432153656451764,0.0,17421.0,37.0,0.19774999999804707,31.5,32.4375,37.03000000000003,0.0,0.004078064287868724,0.0863122571514749,0.0,0.0,20.0,0.3,0.1,0.2,0.1,0.4,0.1,0.1,0.1,0.5,0.0,65535.0,0.3150682841229877,0.0,65535.0,0.1598229953459983,0.0,0.0,0.0,0.0,0.0,0.0,0.0,0.0,0.0,0.0
134771.69,1.4641276469978375,0.0,17421.0,37.0,0.2816499999980594,31.5625,32.375,36.89000000000004,0.0,0.0,0.07,0.0,0.0,20.0,0.3,0.1,0.2,0.1,0.4,0.1,0.1,0.1,0.5,0.0,65535.0,0.3099870298313878,0.0,65535.0,0.15724422064545662,0.0,0.0,0.0,0.0,0.0,0.0,0.0,0.0,0.0,0.0
134831.76,1.45666418329825,0.0,17421.0,37.0,0.261949999998048,31.5,32.4375,37.05000000000001,0.0,0.0,0.07,0.0,0.0,20.0,0.3,0.1,0.2,0.1,0.4,0.1,0.1,0.1,0.5,0.0,65535.0,0.3109483482108797,0.0,65535.0,0.15532158388647288,0.0,0.0,0.0,0.0,0.0,0.0,0.0,0.0,0.0,0.0
134891.83,1.4874419192307298,0.0,17421.0,37.0,0.29904999999805865,31.5,32.375,37.01000000000005,0.0,0.0,0.25,0.0,0.0,20.0,0.3,0.1,0.2,0.1,0.4,0.1,0.1,0.1,0.5,0.0,65535.0,0.3133592736705577,0.0,65535.0,0.15545891508354315,0.0,0.0,0.0,0.0,0.0,0.0,0.0,0.0,0.0,0.0
134951.91,1.4858029503214163,0.0,17421.0,37.0,0.2226999999980553,31.5,32.375,37.110000000000014,0.0,0.0,0.07,0.0,0.0,20.0,0.3,0.1,0.2,0.1,0.4,0.1,0.1,0.1,0.5,0.0,65535.0,0.31160448615243763,0.0,65535.0,0.15834287022201876,0.0,0.0,0.0,0.0,0.0,0.0,0.0,0.0,0.0,0.0
135011.96,1.4614794596805147,0.0,17421.0,37.0,0.19984999999804423,31.5625,32.375,37.110000000000014,0.0,0.0,0.07,0.0,0.0,20.0,0.3,0.1,0.2,0.1,0.4,0.1,0.1,0.1,0.5,0.0,65535.0,0.3125047684443427,0.0,65535.0,0.154863813229572,0.0,0.0,0.0,0.0,0.0,0.0,0.0,0.0,0.0,0.0
135072.03,1.4683587127097284,0.0,17421.0,37.0,0.19854999999805278,31.5625,32.4375,36.950000000000045,0.0,0.0,0.07,0.0,0.0,20.0,0.3,0.1,0.2,0.1,0.4,0.1,0.1,0.1,0.5,0.0,65535.0,0.31413748378728923,0.0,65535.0,0.15803768978408483,0.0,0.0,0.0,0.0,0.0,0.0,0.0,0.0,0.0,0.0
135132.11,1.4906383609576372,0.0,17421.0,37.0,0.254149999998044,31.5625,32.375,37.01000000000005,0.0,0.0,0.07,0.0,0.0,20.0,0.3,0.1,0.2,0.1,0.4,0.1,0.1,0.1,0.5,0.0,65535.0,0.3116960402838178,0.0,65535.0,0.15889219501029983,0.0,0.0,0.0,0.0,0.0,0.0,0.0,0.0,0.0,0.0
135192.16,1.484076611621338,0.0,17421.0,37.0,0.2532499999980431,31.5625,32.4375,36.73000000000002,0.0,0.0,0.25,0.0,0.0,20.0,0.3,0.1,0.2,0.1,0.4,0.1,0.1,0.1,0.5,0.0,65535.0,0.3130846112764172,0.0,65535.0,0.1590295262073701,0.0,0.0,0.0,0.0,0.0,0.0,0.0,0.0,0.0,0.0
135252.22,1.4903482703544049,0.0,17421.0,37.0,0.25449999999805106,31.5625,32.4375,36.93000000000001,0.0,0.0,0.07,0.0,0.0,20.0,0.3,0.1,0.2,0.1,0.4,0.1,0.1,0.1,0.5,0.0,65535.0,0.3131151293202106,0.0,65535.0,0.15672541390096895,0.0,0.0,0.0,0.0,0.0,0.0,0.0,0.0,0.0,0.0
135312.28,1.484503850997772,0.0,17421.0,37.0,0.2449499999980455,31.5,32.4375,37.01000000000005,0.0,0.0,0.07,0.0,0.0,20.0,0.3,0.1,0.2,0.1,0.4,0.1,0.1,0.1,0.5,0.0,65535.0,0.3129777981231403,0.0,65535.0,0.15873960479133287,0.0,0.0,0.0,0.0,0.0,0.0,0.0,0.0,0.0,0.0
135372.33,1.5045183275973053,0.0,17421.0,37.0,0.2066499999980485,31.5,32.375,37.05000000000001,0.0,0.0,0.0,0.0,0.0,20.0,0.3,0.1,0.2,0.1,0.4,0.1,0.1,0.1,0.5,0.0,65535.0,0.31453421835660333,0.0,65535.0,0.1565575646601053,0.0,0.0,0.0,0.0,0.0,0.0,0.0,0.0,0.0,0.0
135432.41,1.4945405278284807,0.0,17421.0,37.0,0.23954999999804444,31.4375,32.375,36.89000000000004,0.0,0.0,0.0,0.0,0.0,20.0,0.3,0.1,0.2,0.1,0.4,0.1,0.1,0.1,0.5,0.0,65535.0,0.3138933394369421,0.0,65535.0,0.15683222705424582,0.0,0.0,0.0,0.0,0.0,0.0,0.0,0.0,0.0,0.0
135492.47,1.5143678410319237,0.0,17421.0,37.0,0.216249999998048,31.5,32.375,36.85000000000002,0.0,0.0,0.0,0.0,0.0,20.0,0.3,0.1,0.2,0.1,0.4,0.1,0.1,0.1,0.5,0.0,65535.0,0.31454947737850003,0.0,65535.0,0.157778286411841,0.0,0.0,0.0,0.0,0.0,0.0,0.0,0.0,0.0,0.0
135552.56,1.500119157449329,0.0,17421.0,37.0,0.24564999999804882,31.4375,32.375,36.85000000000002,0.0,0.0,0.0,0.0,0.0,20.0,0.3,0.1,0.2,0.1,0.4,0.1,0.1,0.1,0.5,0.0,65535.0,0.3145799954222934,0.0,65535.0,0.15808346684977492,0.0,0.0,0.0,0.0,0.0,0.0,0.0,0.0,0.0,0.0
135612.63,1.480400335176157,0.0,17421.0,37.0,0.2777499999980497,31.5,32.375,36.77000000000004,0.0,0.0,0.0,0.0,0.0,20.0,0.3,0.1,0.2,0.1,0.4,0.1,0.1,0.1,0.5,0.0,65535.0,0.3150072480354009,0.0,65535.0,0.1586022735942626,0.0,0.0,0.0,0.0,0.0,0.0,0.0,0.0,0.0,0.0
135672.66,1.5259762773490628,0.0,17421.0,37.0,0.1997499999980462,31.4375,32.375,36.89000000000004,0.0,0.0,0.0,0.0,0.0,20.0,0.3,0.1,0.2,0.1,0.4,0.1,0.1,0.1,0.5,0.0,65535.0,0.3146410315098802,0.0,65535.0,0.15600823987182422,0.0,0.0,0.0,0.0,0.0,0.0,0.0,0.0,0.0,0.0
135732.7,1.5022768255179126,0.0,17421.0,37.0,0.28244999999804377,31.375,32.375,36.73000000000002,0.0,0.0,0.0,0.0,0.0,20.0,0.3,0.1,0.2,0.1,0.4,0.1,0.1,0.1,0.5,0.0,65535.0,0.31538872358281833,0.0,65535.0,0.15767147325856412,0.0,0.0,0.0,0.0,0.0,0.0,0.0,0.0,0.0,0.0
135792.74,1.5240102940312539,0.0,17421.0,37.0,0.2277499999980358,31.4375,32.375,36.89000000000004,0.0,0.0,0.0,0.0,0.0,20.0,0.3,0.1,0.2,0.1,0.4,0.1,0.1,0.1,0.5,0.0,65535.0,0.3192034790569924,0.0,65535.0,0.1569695582513161,0.0,0.0,0.0,0.0,0.0,0.0,0.0,0.0,0.0,0.0
135852.79,1.4947310995830012,0.0,17421.0,37.0,0.22864999999803498,31.4375,32.375,37.05000000000001,0.0,0.0,0.0,0.0,0.0,20.0,0.3,0.1,0.2,0.1,0.4,0.1,0.1,0.1,0.5,0.0,65535.0,0.31651789120317386,0.0,65535.0,0.1607995727473869,0.0,0.0,0.0,0.0,0.0,0.0,0.0,0.0,0.0,0.0
135912.85,1.509936573118274,0.0,17421.0,37.0,0.2577499999980352,31.4375,32.375,37.01000000000005,0.0,0.0,0.0,0.0,0.0,20.0,0.3,0.1,0.2,0.1,0.4,0.1,0.1,0.1,0.5,0.0,65535.0,0.3173113603418021,0.0,65535.0,0.1565575646601053,0.0,0.0,0.0,0.0,0.0,0.0,0.0,0.0,0.0,0.0
135972.92,1.5401556381124424,0.0,17421.0,37.0,0.24544999999803388,31.375,32.375,36.73000000000002,0.0,0.00230173471768779,0.07920693887075117,0.0,0.0,20.0,0.3,0.1,0.2,0.1,0.4,0.1,0.1,0.1,0.5,0.0,65535.0,0.3168535896849012,0.0,65535.0,0.1585564965285725,0.0,0.0,0.0,0.0,0.0,0.0,0.0,0.0,0.0,0.0
136032.98,1.4788731164155327,0.0,17421.0,37.0,0.2655499999980332,31.5,32.375,36.93000000000001,0.0,0.0,0.0,0.0,0.0,20.0,0.3,0.1,0.2,0.1,0.4,0.1,0.1,0.1,0.5,0.0,65535.0,0.3129320210574502,0.0,65535.0,0.1569390402075227,0.0,0.0,0.0,0.0,0.0,0.0,0.0,0.0,0.0,0.0
136093.04,1.4830147519135717,0.0,17421.0,37.0,0.2258499999980409,31.4375,32.375,36.77000000000004,0.0,0.0,0.25,0.0,0.0,20.0,0.3,0.1,0.2,0.1,0.4,0.1,0.1,0.1,0.5,0.0,65535.0,0.3129625391012436,0.0,65535.0,0.1560387579156176,0.0,0.0,0.0,0.0,0.0,0.0,0.0,0.0,0.0,0.0
136153.11,1.4887238133926557,0.0,17421.0,37.0,0.252349999998031,31.5,32.375,36.85000000000002,0.0,0.0,0.07,0.0,0.0,20.0,0.3,0.1,0.2,0.1,0.4,0.1,0.1,0.1,0.5,0.0,65535.0,0.3113145647364004,0.0,65535.0,0.1530937666895552,0.0,0.0,0.0,0.0,0.0,0.0,0.0,0.0,0.0,0.0
136213.17,1.5013866732342451,0.0,17421.0,37.0,0.25054999999803007,31.4375,32.3125,36.89000000000004,0.0,0.0,0.07,0.0,0.0,20.0,0.3,0.1,0.2,0.1,0.4,0.1,0.1,0.1,0.5,0.0,65535.0,0.31656366826886395,0.0,65535.0,0.1617151140611887,0.0,0.0,0.0,0.0,0.0,0.0,0.0,0.0,0.0,0.0
136273.25,1.5025940784208336,0.0,17421.0,37.0,0.206949999998037,31.4375,32.375,36.81,0.0,0.0,0.07,0.0,0.0,20.0,0.3,0.1,0.2,0.1,0.4,0.1,0.1,0.1,0.5,0.0,65535.0,0.31236743724727245,0.0,65535.0,0.15678644998855573,0.0,0.0,0.0,0.0,0.0,0.0,0.0,0.0,0.0,0.0
136333.32,1.4966707573074325,0.0,17421.0,37.0,0.2451499999980281,31.5,32.3125,36.89000000000004,0.0,0.0,0.07,0.0,0.0,20.0,0.3,0.1,0.2,0.1,0.4,0.1,0.1,0.1,0.5,0.0,65535.0,0.31653315022507056,0.0,65535.0,0.15783932249942778,0.0,0.0,0.0,0.0,0.0,0.0,0.0,0.0,0.0,0.0
136393.38,1.4789755962596072,0.0,17421.0,37.0,0.24104999999803184,31.5,32.375,36.870000000000005,0.0,0.0,0.25,0.0,0.0,20.0,0.3,0.1,0.2,0.1,0.4,0.1,0.1,0.1,0.5,0.0,65535.0,0.3142748149843595,0.0,65535.0,0.15532158388647288,0.0,0.0,0.0,0.0,0.0,0.0,0.0,0.0,0.0,0.0
136453.46,1.4906388927681133,0.0,17421.0,37.0,0.2340499999980257,31.4375,32.375,37.09000000000003,0.0,0.0,0.07,0.0,0.0,20.0,0.3,0.1,0.2,0.1,0.4,0.1,0.1,0.1,0.5,0.0,65535.0,0.3164263370717937,0.0,65535.0,0.15718318455786984,0.0,0.0,0.0,0.0,0.0,0.0,0.0,0.0,0.0,0.0
136513.51,1.49649699306278,0.0,17421.0,37.0,0.22494999999803397,31.5,32.375,36.870000000000005,0.0,0.0,0.07,0.0,0.0,20.0,0.3,0.1,0.2,0.1,0.4,0.1,0.1,0.1,0.5,0.0,65535.0,0.31610589761196306,0.0,65535.0,0.1585564965285725,0.0,0.0,0.0,0.0,0.0,0.0,0.0,0.0,0.0,0.0
136573.56,1.5066192293066816,0.0,17421.0,37.0,0.22374999999803336,31.5,32.375,36.85000000000002,0.0,0.0,0.07,0.0,0.0,20.0,0.3,0.1,0.2,0.1,0.4,0.1,0.1,0.1,0.5,0.0,65535.0,0.3150988021667811,0.0,65535.0,0.15489433127336538,0.0,0.0,0.0,0.0,0.0,0.0,0.0,0.0,0.0,0.0
136633.63,1.5123091031837526,0.0,17421.0,37.0,0.12624999999802908,31.4375,32.375,36.97000000000003,0.0,0.0,0.0,0.0,0.0,20.0,0.3,0.1,0.2,0.1,0.4,0.1,0.1,0.1,0.5,0.0,65535.0,0.31699092088197145,0.0,65535.0,0.15600823987182422,0.0,0.0,0.0,0.0,0.0,0.0,0.0,0.0,0.0,0.0
136693.67,1.493781177602544,0.0,17421.0,37.0,0.21474999999803215,31.4375,32.3125,36.81,0.0,0.0,0.0,0.0,0.0,20.0,0.3,0.1,0.2,0.1,0.4,0.1,0.1,0.1,0.5,0.0,65535.0,0.3168688487067979,0.0,65535.0,0.15559624628061342,0.0,0.0,0.0,0.0,0.0,0.0,0.0,0.0,0.0,0.0
136753.73,1.4945521415197447,0.0,17421.0,37.0,0.3122499999980205,31.4375,32.375,36.57000000000005,0.0,0.0,0.0,0.0,0.0,20.0,0.3,0.1,0.2,0.1,0.4,0.1,0.1,0.1,0.5,0.0,65535.0,0.3146257724879835,0.0,65535.0,0.1569390402075227,0.0,0.0,0.0,0.0,0.0,0.0,0.0,0.0,0.0,0.0
136813.78,1.5046068288320358,0.0,17421.0,37.0,0.2673499999980221,31.5,32.375,36.97000000000003,0.0,0.0,0.0,0.0,0.0,20.0,0.3,0.1,0.2,0.1,0.4,0.1,0.1,0.1,0.5,0.0,65535.0,0.31822690165560386,0.0,65535.0,0.1581750209811551,0.0,0.0,0.0,0.0,0.0,0.0,0.0,0.0,0.0,0.0
136873.85,1.522089479955416,0.0,17421.0,37.0,0.2028499999980188,31.5,32.375,36.89000000000004,0.0,0.0,0.0,0.0,0.0,20.0,0.3,0.1,0.2,0.1,0.4,0.1,0.1,0.1,0.5,0.0,65535.0,0.3220111390859846,0.0,65535.0,0.16093690394445717,0.0,0.0,0.0,0.0,0.0,0.0,0.0,0.0,0.0,0.0
136933.88,1.5129177753650553,0.0,17421.0,37.0,0.20364999999802802,31.5,32.375,36.93000000000001,0.0,0.0,0.0,0.0,0.0,20.0,0.3,0.1,0.2,0.1,0.4,0.1,0.1,0.1,0.5,0.0,65535.0,0.3180590524147402,0.0,65535.0,0.15638971541924163,0.0,0.0,0.0,0.0,0.0,0.0,0.0,0.0,0.0,0.0
136993.93,1.497508486058875,0.0,17421.0,37.0,0.2018499999980271,31.4375,32.375,36.97000000000003,0.0,0.0,0.0,0.0,0.0,20.0,0.3,0.1,0.2,0.1,0.4,0.1,0.1,0.1,0.5,0.0,65535.0,0.32001220721751733,0.0,65535.0,0.15765621423666742,0.0,0.0,0.0,0.0,0.0,0.0,0.0,0.0,0.0,0.0
137053.99,1.5144897135196622,0.0,17421.0,37.0,0.1944499999980162,31.4375,32.375,36.870000000000005,0.0,0.0,0.0,0.0,0.0,20.0,0.3,0.1,0.2,0.1,0.4,0.1,0.1,0.1,0.5,0.0,65535.0,0.31689936675059127,0.0,65535.0,0.1573357747768368,0.0,0.0,0.0,0.0,0.0,0.0,0.0,0.0,0.0,0.0
137114.04,1.5109426345040924,0.0,17421.0,37.0,0.27834999999802856,31.4375,32.375,36.870000000000005,0.0,0.0,0.0,0.0,0.0,20.0,0.3,0.1,0.2,0.1,0.4,0.1,0.1,0.1,0.5,0.0,65535.0,0.3216144045166705,0.0,65535.0,0.16174563210498208,0.0,0.0,0.0,0.0,0.0,0.0,0.0,0.0,0.0,0.0
137174.11,1.5022163209851607,0.0,17421.0,37.0,0.18334999999801463,31.4375,32.375,36.79000000000002,0.0,0.0,0.0,0.0,0.0,20.0,0.3,0.1,0.2,0.1,0.4,0.1,0.1,0.1,0.5,0.0,65535.0,0.32095826657511256,0.0,65535.0,0.15916685740444037,0.0,0.0,0.0,0.0,0.0,0.0,0.0,0.0,0.0,0.0
137234.18,1.5139501397508102,0.0,17421.0,37.0,0.22394999999802032,31.5,32.4375,36.97000000000003,0.0,0.0,0.0,0.0,0.0,20.0,0.3,0.1,0.2,0.1,0.4,0.1,0.1,0.1,0.5,0.0,65535.0,0.3192187380788891,0.0,65535.0,0.15826657511253528,0.0,0.0,0.0,0.0,0.0,0.0,0.0,0.0,0.0,0.0
137294.23,1.5204230647684507,0.0,17421.0,37.0,0.22384999999801444,31.5,32.375,36.870000000000005,0.0,0.0,0.0,0.0,0.0,20.0,0.3,0.1,0.2,0.1,0.4,0.1,0.1,0.1,0.5,0.0,65535.0,0.32027161058976117,0.0,65535.0,0.15579461356527047,0.0,0.0,0.0,0.0,0.0,0.0,0.0,0.0,0.0,0.0
137354.27,1.5168396845209453,0.0,17421.0,37.0,0.22474999999801362,31.4375,32.375,36.97000000000003,0.0,0.0,0.0,0.0,0.0,20.0,0.3,0.1,0.2,0.1,0.4,0.1,0.1,0.1,0.5,0.0,65535.0,0.3185168230716411,0.0,65535.0,0.15704585336079957,0.0,0.0,0.0,0.0,0.0,0.0,0.0,0.0,0.0,0.0
137414.35,1.5019567971840193,0.0,17421.0,37.0,0.2665499999980191,31.4375,32.375,36.89000000000004,0.0,0.0,0.0,0.0,0.0,20.0,0.3,0.1,0.2,0.1,0.4,0.1,0.1,0.1,0.5,0.0,65535.0,0.32104982070649274,0.0,65535.0,0.15587090867475395,0.0,0.0,0.0,0.0,0.0,0.0,0.0,0.0,0.0,0.0
137474.42,1.5308256396026076,0.0,17421.0,37.0,0.2206499999980165,31.5,32.375,36.77000000000004,0.0,0.0017482752340711358,0.07699310093628454,0.0,0.0,20.0,0.3,0.1,0.2,0.1,0.4,0.1,0.1,0.1,0.5,0.0,65535.0,0.31946288242923626,0.0,65535.0,0.1578088044556344,0.0,0.0,0.0,0.0,0.0,0.0,0.0,0.0,0.0,0.0
137534.47,1.5188352317579656,0.0,17421.0,37.0,0.30194999999801875,31.4375,32.3125,36.73000000000002,0.0,0.001478656511633146,0.0759146260465326,0.0,0.0,20.0,0.3,0.1,0.2,0.1,0.4,0.1,0.1,0.1,0.5,0.0,65535.0,0.31999694819562063,0.0,65535.0,0.15797665369649805,0.0,0.0,0.0,0.0,0.0,0.0,0.0,0.0,0.0,0.0
137594.51,1.480854188284677,0.0,17421.0,37.0,0.32914999999801414,31.4375,32.375,36.77000000000004,0.0,0.0,0.25,0.0,0.0,20.0,0.3,0.1,0.2,0.1,0.4,0.1,0.1,0.1,0.5,0.0,65535.0,0.3167467765316243,0.0,65535.0,0.15808346684977492,0.0,0.0,0.0,0.0,0.0,0.0,0.0,0.0,0.0,0.0
137654.56,1.4962458439918207,0.0,17421.0,37.0,0.26094999999802015,31.4375,32.375,36.93000000000001,0.0,0.0,0.07,0.0,0.0,20.0,0.3,0.1,0.2,0.1,0.4,0.1,0.1,0.1,0.5,0.0,65535.0,0.3159380483710994,0.0,65535.0,0.15683222705424582,0.0,0.0,0.0,0.0,0.0,0.0,0.0,0.0,0.0,0.0
137714.6,1.5090342086763018,0.0,17421.0,37.0,0.27624999999802047,31.4375,32.375,36.77000000000004,0.0,0.0,0.07,0.0,0.0,20.0,0.3,0.1,0.2,0.1,0.4,0.1,0.1,0.1,0.5,0.0,65535.0,0.315403982604715,0.0,65535.0,0.15367360952162967,0.0,0.0,0.0,0.0,0.0,0.0,0.0,0.0,0.0,0.0
137774.65,1.4894053894188877,0.0,17421.0,37.0,0.255649999998009,31.5,32.3125,36.950000000000045,0.0,0.0,0.07,0.0,0.0,20.0,0.3,0.1,0.2,0.1,0.4,0.1,0.1,0.1,0.5,0.0,65535.0,0.314351110093843,0.0,65535.0,0.15507743953612574,0.0,0.0,0.0,0.0,0.0,0.0,0.0,0.0,0.0,0.0
137834.69,1.5088316015272616,0.0,17421.0,37.0,0.252149999998013,31.625,32.375,36.97000000000003,0.0,0.0,0.07,0.0,0.0,20.0,0.3,0.1,0.2,0.1,0.4,0.1,0.1,0.1,0.5,0.0,65535.0,0.31787594415197984,0.0,65535.0,0.1551995117112993,0.0,0.0,0.0,0.0,0.0,0.0,0.0,0.0,0.0,0.0
137894.73,1.5004898311792003,0.0,17421.0,37.0,0.2512499999980121,31.5,32.375,36.93000000000001,0.0,0.0,0.25,0.0,0.0,20.0,0.3,0.1,0.2,0.1,0.4,0.1,0.1,0.1,0.5,0.0,65535.0,0.32066834515907533,0.0,65535.0,0.1573510337987335,0.0,0.0,0.0,0.0,0.0,0.0,0.0,0.0,0.0,0.0
137954.78,1.4891298970713034,0.0,17421.0,37.0,0.2091499999980044,31.5625,32.4375,36.81,0.0,0.0,0.07,0.0,0.0,20.0,0.3,0.1,0.2,0.1,0.4,0.1,0.1,0.1,0.5,0.0,65535.0,0.3193102922102693,0.0,65535.0,0.15512321660181583,0.0,0.0,0.0,0.0,0.0,0.0,0.0,0.0,0.0,0.0
138014.82,1.4971798282174056,0.0,17421.0,37.0,0.22704999999801398,31.625,32.375,36.93000000000001,0.0,0.0,0.07,0.0,0.0,20.0,0.3,0.1,0.2,0.1,0.4,0.1,0.1,0.1,0.5,0.0,65535.0,0.31950865949492635,0.0,65535.0,0.15342946517128253,0.0,0.0,0.0,0.0,0.0,0.0,0.0,0.0,0.0,0.0
138074.9,1.5089555790719573,0.0,17421.0,37.0,0.2585499999980146,31.5625,32.375,37.01000000000005,0.0,0.0,0.07,0.0,0.0,20.0,0.3,0.1,0.2,0.1,0.4,0.1,0.1,0.1,0.5,0.0,65535.0,0.32184328984512095,0.0,65535.0,0.1552758068207828,0.0,0.0,0.0,0.0,0.0,0.0,0.0,0.0,0.0,0.0
138134.96,1.5080573818506773,0.0,17421.0,37.0,0.23314999999800332,31.5,32.375,36.85000000000002,0.0,0.0,0.07,0.0,0.0,20.0,0.3,0.1,0.2,0.1,0.4,0.1,0.1,0.1,0.5,0.0,65535.0,0.3208819714656291,0.0,65535.0,0.15373464560921646,0.0,0.0,0.0,0.0,0.0,0.0,0.0,0.0,0.0,0.0
138195.02,1.4921081634232491,0.0,17421.0,37.0,0.23224999999800244,31.5,32.375,36.97000000000003,0.0,0.0,0.0,0.0,0.0,20.0,0.3,0.1,0.2,0.1,0.4,0.1,0.1,0.1,0.5,0.0,65535.0,0.3176775768673228,0.0,65535.0,0.15594720378423743,0.0,0.0,0.0,0.0,0.0,0.0,0.0,0.0,0.0,0.0
138255.09,1.5143139874175513,0.0,17421.0,37.0,0.2195499999980106,31.5625,32.375,37.170000000000016,0.0,0.0,0.0,0.0,0.0,20.0,0.3,0.1,0.2,0.1,0.4,0.1,0.1,0.1,0.5,0.0,65535.0,0.3213092240787366,0.0,65535.0,0.1539330128938735,0.0,0.0,0.0,0.0,0.0,0.0,0.0,0.0,0.0,0.0
138315.16,1.494760040841089,0.0,17421.0,37.0,0.2619499999980013,31.4375,32.375,36.81,0.0,0.0,0.0,0.0,0.0,20.0,0.3,0.1,0.2,0.1,0.4,0.1,0.1,0.1,0.5,0.0,65535.0,0.3197833218890669,0.0,65535.0,0.15571831845578699,0.0,0.0,0.0,0.0,0.0,0.0,0.0,0.0,0.0,0.0
138375.24,1.5281666099936497,0.0,17421.0,37.0,0.2192499999980083,31.5,32.375,36.950000000000045,0.0,0.0017449530059668694,0.07697981202386749,0.0,0.0,20.0,0.3,0.1,0.2,0.1,0.4,0.1,0.1,0.1,0.5,0.0,65535.0,0.3176623178454261,0.0,65535.0,0.15451285572594797,0.0,0.0,0.0,0.0,0.0,0.0,0.0,0.0,0.0,0.0
138435.27,1.4934038273644121,0.0,17421.0,37.0,0.25374999999800874,31.4375,32.375,36.950000000000045,0.0,0.0,0.0,0.0,0.0,20.0,0.3,0.1,0.2,0.1,0.4,0.1,0.1,0.1,0.5,0.0,65535.0,0.3167467765316243,0.0,65535.0,0.15257495994506753,0.0,0.0,0.0,0.0,0.0,0.0,0.0,0.0,0.0,0.0
138495.32,1.5046591125602728,0.0,17421.0,37.0,0.29794999999799954,31.5,32.375,36.89000000000004,0.0,0.0,0.25,0.0,0.0,20.0,0.3,0.1,0.2,0.1,0.4,0.1,0.1,0.1,0.5,0.0,65535.0,0.3171435111009384,0.0,65535.0,0.15242236972610057,0.0,0.0,0.0,0.0,0.0,0.0,0.0,0.0,0.0,0.0
138555.36,1.4949030847375875,0.0,17421.0,37.0,0.24884999999800153,31.5,32.375,36.89000000000004,0.0,0.0,0.07,0.0,0.0,20.0,0.3,0.1,0.2,0.1,0.4,0.1,0.1,0.1,0.5,0.0,65535.0,0.3163042648966201,0.0,65535.0,0.1518120088502327,0.0,0.0,0.0,0.0,0.0,0.0,0.0,0.0,0.0,0.0
138615.42,1.505020556404696,0.0,17421.0,37.0,0.197349999998004,31.5,32.375,37.09000000000003,0.0,0.0,0.07,0.0,0.0,20.0,0.3,0.1,0.2,0.1,0.4,0.1,0.1,0.1,0.5,0.0,65535.0,0.3163347829404135,0.0,65535.0,0.15422293430991074,0.0,0.0,0.0,0.0,0.0,0.0,0.0,0.0,0.0,0.0
138675.46,1.4946613172623606,0.0,17421.0,37.0,0.20814999999800413,31.5625,32.375,37.09000000000003,0.0,0.0,0.07,0.0,0.0,20.0,0.3,0.1,0.2,0.1,0.4,0.1,0.1,0.1,0.5,0.0,65535.0,0.31953917753871974,0.0,65535.0,0.15339894712748914,0.0,0.0,0.0,0.0,0.0,0.0,0.0,0.0,0.0,0.0
138735.55,1.50399428702378,0.0,17421.0,37.0,0.23464999999799424,31.5,32.375,37.110000000000014,0.0,0.0,0.07,0.0,0.0,20.0,0.3,0.1,0.2,0.1,0.4,0.1,0.1,0.1,0.5,0.0,65535.0,0.32028686961165787,0.0,65535.0,0.15201037613488974,0.0,0.0,0.0,0.0,0.0,0.0,0.0,0.0,0.0,0.0
138795.62,1.5116355378772393,0.0,17421.0,37.0,0.24554999999799854,31.5625,32.375,36.85000000000002,0.0,0.0,0.25,0.0,0.0,20.0,0.3,0.1,0.2,0.1,0.4,0.1,0.1,0.1,0.5,0.0,65535.0,0.31439688715953307,0.0,65535.0,0.1539482719157702,0.0,0.0,0.0,0.0,0.0,0.0,0.0,0.0,0.0,0.0
138855.67,1.4888031049900439,0.0,17421.0,37.0,0.2667499999979934,31.5625,32.375,36.85000000000002,0.0,0.0,0.07,0.0,0.0,20.0,0.3,0.1,0.2,0.1,0.4,0.1,0.1,0.1,0.5,0.0,65535.0,0.32053101396200506,0.0,65535.0,0.15504692149233235,0.0,0.0,0.0,0.0,0.0,0.0,0.0,0.0,0.0,0.0
138915.72,1.5244258358051506,0.0,17421.0,37.0,0.2075499999980004,31.5625,32.375,36.950000000000045,0.0,0.0,0.07,0.0,0.0,20.0,0.3,0.1,0.2,0.1,0.4,0.1,0.1,0.1,0.5,0.0,65535.0,0.3192339971007858,0.0,65535.0,0.15106431677729457,0.0,0.0,0.0,0.0,0.0,0.0,0.0,0.0,0.0,0.0
138975.79,1.5176145897983977,0.0,17421.0,37.0,0.1862499999979987,31.5625,32.3125,36.93000000000001,0.0,0.0,0.07,0.0,0.0,20.0,0.3,0.1,0.2,0.1,0.4,0.1,0.1,0.1,0.5,0.0,65535.0,0.31999694819562063,0.0,65535.0,0.1531090257114519,0.0,0.0,0.0,0.0,0.0,0.0,0.0,0.0,0.0,0.0
139035.86,1.4912906333239042,0.0,17421.0,37.0,0.23474999999799467,31.5625,32.375,36.93000000000001,0.0,0.0,0.0,0.0,0.0,20.0,0.3,0.1,0.2,0.1,0.4,0.1,0.1,0.1,0.5,0.0,65535.0,0.32318608377203023,0.0,65535.0,0.1578088044556344,0.0,0.0,0.0,0.0,0.0,0.0,0.0,0.0,0.0,0.0
139095.94,1.5335786632738235,0.0,17421.0,37.0,0.2262499999979882,31.4375,32.375,36.950000000000045,0.0,0.0,0.0,0.0,0.0,20.0,0.3,0.1,0.2,0.1,0.4,0.1,0.1,0.1,0.5,0.0,65535.0,0.3207598992904555,0.0,65535.0,0.15530632486457618,0.0,0.0,0.0,0.0,0.0,0.0,0.0,0.0,0.0,0.0
139155.98,1.5193293510037142,0.0,17421.0,37.0,0.19264999999798607,31.4375,32.375,36.97000000000003,0.0,0.0027813114855293137,0.08112524594211726,0.0,0.0,20.0,0.3,0.1,0.2,0.1,0.4,0.1,0.1,0.1,0.5,0.0,65535.0,0.32091248950942247,0.0,65535.0,0.1535820553902495,0.0,0.0,0.0,0.0,0.0,0.0,0.0,0.0,0.0,0.0
139216.01,1.4974703172200177,0.0,17421.0,37.0,0.299849999997994,31.4375,32.375,36.73000000000002,0.0,0.0,0.0,0.0,0.0,20.0,0.3,0.1,0.2,0.1,0.4,0.1,0.1,0.1,0.5,0.0,65535.0,0.31819638361181046,0.0,65535.0,0.15107957579919126,0.0,0.0,0.0,0.0,0.0,0.0,0.0,0.0,0.0,0.0
139276.09,1.5030364473116058,0.0,17421.0,37.0,0.28494999999799764,31.375,32.4375,36.81,0.0,0.0,0.07,0.0,0.0,20.0,0.3,0.1,0.2,0.1,0.4,0.1,0.1,0.1,0.5,0.0,65535.0,0.3166704814221408,0.0,65535.0,0.15291065842679485,0.0,0.0,0.0,0.0,0.0,0.0,0.0,0.0,0.0,0.0
139336.15,1.4873997944867758,0.0,17421.0,37.0,0.30184999999798734,31.4375,32.375,36.950000000000045,0.0,0.0,0.07,0.0,0.0,20.0,0.3,0.1,0.2,0.1,0.4,0.1,0.1,0.1,0.5,0.0,65535.0,0.3184405279621576,0.0,65535.0,0.15141527428091858,0.0,0.0,0.0,0.0,0.0,0.0,0.0,0.0,0.0,0.0
139396.22,1.4943270908323398,0.0,17421.0,37.0,0.22154999999798847,31.5,32.375,37.05000000000001,0.0,0.0,0.25,0.0,0.0,20.0,0.3,0.1,0.2,0.1,0.4,0.1,0.1,0.1,0.5,0.0,65535.0,0.3176623178454261,0.0,65535.0,0.1535210193026627,0.0,0.0,0.0,0.0,0.0,0.0,0.0,0.0,0.0,0.0
139456.29,1.491651274026862,0.0,17421.0,37.0,0.21294999999799202,31.5,32.4375,37.01000000000005,0.0,0.0,0.07,0.0,0.0,20.0,0.3,0.1,0.2,0.1,0.4,0.1,0.1,0.1,0.5,0.0,65535.0,0.3156023498893721,0.0,65535.0,0.1513694972152285,0.0,0.0,0.0,0.0,0.0,0.0,0.0,0.0,0.0,0.0
139516.35,1.4719026421708412,0.0,17421.0,37.0,0.23524999999798255,31.5,32.375,36.85000000000002,0.0,0.0,0.07,0.0,0.0,20.0,0.3,0.1,0.2,0.1,0.4,0.1,0.1,0.1,0.5,0.0,65535.0,0.3181048294804303,0.0,65535.0,0.15188830395971617,0.0,0.0,0.0,0.0,0.0,0.0,0.0,0.0,0.0,0.0
139576.42,1.5000066546411268,0.0,17421.0,37.0,0.24494999999798708,31.5625,32.4375,36.93000000000001,0.0,0.0,0.07,0.0,0.0,20.0,0.3,0.1,0.2,0.1,0.4,0.1,0.1,0.1,0.5,0.0,65535.0,0.32187380788891434,0.0,65535.0,0.1513542381933318,0.0,0.0,0.0,0.0,0.0,0.0,0.0,0.0,0.0,0.0
139636.48,1.5085281790950327,0.0,17421.0,37.0,0.24994999999798168,31.5625,32.375,36.89000000000004,0.0,0.0,0.07,0.0,0.0,20.0,0.3,0.1,0.2,0.1,0.4,0.1,0.1,0.1,0.5,0.0,65535.0,0.32109559777218283,0.0,65535.0,0.1548332951857786,0.0,0.0,0.0,0.0,0.0,0.0,0.0,0.0,0.0,0.0
139696.55,1.484917663658301,0.0,17421.0,37.0,0.24734999999798574,31.5625,32.4375,36.93000000000001,0.0,0.0,0.25,0.0,0.0,20.0,0.3,0.1,0.2,0.1,0.4,0.1,0.1,0.1,0.5,0.0,65535.0,0.3197375448233768,0.0,65535.0,0.15057602807660028,0.0,0.0,0.0,0.0,0.0,0.0,0.0,0.0,0.0,0.0
139756.63,1.4714382666444283,0.0,17421.0,37.0,0.2290499999979839,31.5625,32.375,37.03000000000003,0.0,0.0,0.07,0.0,0.0,20.0,0.3,0.1,0.2,0.1,0.4,0.1,0.1,0.1,0.5,0.0,65535.0,0.31865415426871135,0.0,65535.0,0.15080491340505073,0.0,0.0,0.0,0.0,0.0,0.0,0.0,0.0,0.0,0.0
139816.69,1.5014929672423813,0.0,17421.0,37.0,0.2440499999979836,31.5625,32.4375,36.85000000000002,0.0,0.0,0.0,0.0,0.0,20.0,0.3,0.1,0.2,0.1,0.4,0.1,0.1,0.1,0.5,0.0,65535.0,0.3185626001373312,0.0,65535.0,0.15242236972610057,0.0,0.0,0.0,0.0,0.0,0.0,0.0,0.0,0.0,0.0
139876.78,1.5196974906420868,0.0,17421.0,37.0,0.24694999999797754,31.5625,32.375,37.03000000000003,0.0,0.0,0.0,0.0,0.0,20.0,0.3,0.1,0.2,0.1,0.4,0.1,0.1,0.1,0.5,0.0,65535.0,0.3233081559472038,0.0,65535.0,0.15245288776989396,0.0,0.0,0.0,0.0,0.0,0.0,0.0,0.0,0.0,0.0
139936.86,1.5174704650589659,0.0,17421.0,37.0,0.20574999999798488,31.5625,32.375,36.950000000000045,0.0,0.0,0.0,0.0,0.0,20.0,0.3,0.1,0.2,0.1,0.4,0.1,0.1,0.1,0.5,0.0,65535.0,0.3229266803997864,0.0,65535.0,0.1513694972152285,0.0,0.0,0.0,0.0,0.0,0.0,0.0,0.0,0.0,0.0
139996.95,1.5062873548572135,0.0,17421.0,37.0,0.20274999999798418,31.5625,32.4375,36.97000000000003,0.0,0.0,0.0,0.0,0.0,20.0,0.3,0.1,0.2,0.1,0.4,0.1,0.1,0.1,0.5,0.0,65535.0,0.32469672693980317,0.0,65535.0,0.154009308003357,0.0,0.0,0.0,0.0,0.0,0.0,0.0,0.0,0.0,0.0
140057.01,1.4973943370594935,0.0,17421.0,37.0,0.22684999999797478,31.5625,32.375,37.03000000000003,0.0,0.0,0.0,0.0,0.0,20.0,0.3,0.1,0.2,0.1,0.4,0.1,0.1,0.1,0.5,0.0,65535.0,0.319829098954757,0.0,65535.0,0.15451285572594797,0.0,0.0,0.0,0.0,0.0,0.0,0.0,0.0,0.0,0.0
140117.09,1.525646412067637,0.0,17421.0,37.0,0.2206499999979787,31.5,32.375,37.170000000000016,0.0,0.002016801791352536,0.07806720716541016,0.0,0.0,20.0,0.3,0.1,0.2,0.1,0.4,0.1,0.1,0.1,0.5,0.0,65535.0,0.3238117036697948,0.0,65535.0,0.1527733272297246,0.0,0.0,0.0,0.0,0.0,0.0,0.0,0.0,0.0,0.0
140177.15,1.4877216464919971,0.0,17421.0,37.0,0.2878499999979804,31.5,32.375,36.77000000000004,0.0,0.0,0.0,0.0,0.0,20.0,0.3,0.1,0.2,0.1,0.4,0.1,0.1,0.1,0.5,0.0,65535.0,0.3193713282978561,0.0,65535.0,0.15371938658731976,0.0,0.0,0.0,0.0,0.0,0.0,0.0,0.0,0.0,0.0
140237.21,1.501384949961263,0.0,17421.0,37.0,0.2743499999979793,31.5,32.375,36.97000000000003,0.0,0.0,0.07,0.0,0.0,20.0,0.3,0.1,0.2,0.1,0.4,0.1,0.1,0.1,0.5,0.0,65535.0,0.32263675898374916,0.0,65535.0,0.15265125505455102,0.0,0.0,0.0,0.0,0.0,0.0,0.0,0.0,0.0,0.0
140297.29,1.5129452201917204,0.0,17421.0,37.0,0.22994999999797705,31.4375,32.375,36.93000000000001,0.0,0.0,0.25,0.0,0.0,20.0,0.3,0.1,0.2,0.1,0.4,0.1,0.1,0.1,0.5,0.0,65535.0,0.31917296101319903,0.0,65535.0,0.1552452887769894,0.0,0.0,0.0,0.0,0.0,0.0,0.0,0.0,0.0,0.0
140357.36,1.4781077500343474,0.0,17421.0,37.0,0.2355499999979711,31.5,32.375,36.81,0.0,0.0,0.07,0.0,0.0,20.0,0.3,0.1,0.2,0.1,0.4,0.1,0.1,0.1,0.5,0.0,65535.0,0.322545204852369,0.0,65535.0,0.14937056534676127,0.0,0.0,0.0,0.0,0.0,0.0,0.0,0.0,0.0,0.0
140417.42,1.4906892993386673,0.0,17421.0,37.0,0.2499499999979705,31.5,32.375,36.79000000000002,0.0,0.0,0.07,0.0,0.0,20.0,0.3,0.1,0.2,0.1,0.4,0.1,0.1,0.1,0.5,0.0,65535.0,0.320836194399939,0.0,65535.0,0.14979781795986877,0.0,0.0,0.0,0.0,0.0,0.0,0.0,0.0,0.0,0.0
140477.5,1.497922979998892,0.0,17421.0,37.0,0.22224999999797806,31.5,32.375,36.81,0.0,0.0,0.07,0.0,0.0,20.0,0.3,0.1,0.2,0.1,0.4,0.1,0.1,0.1,0.5,0.0,65535.0,0.320332646677348,0.0,65535.0,0.154009308003357,0.0,0.0,0.0,0.0,0.0,0.0,0.0,0.0,0.0,0.0
140537.57,1.4922927685222793,0.0,17421.0,37.0,0.2525499999979789,31.5,32.375,36.89000000000004,0.0,0.0,0.07,0.0,0.0,20.0,0.3,0.1,0.2,0.1,0.4,0.1,0.1,0.1,0.5,0.0,65535.0,0.3185015640497444,0.0,65535.0,0.14895857175555047,0.0,0.0,0.0,0.0,0.0,0.0,0.0,0.0,0.0,0.0
140597.6,1.4926036708041268,0.0,17421.0,37.0,0.2475499999979684,31.5625,32.375,37.03000000000003,0.0,0.0,0.25,0.0,0.0,20.0,0.3,0.1,0.2,0.1,0.4,0.1,0.1,0.1,0.5,0.0,65535.0,0.3204089417868315,0.0,65535.0,0.1517662317845426,0.0,0.0,0.0,0.0,0.0,0.0,0.0,0.0,0.0,0.0
140657.65,1.491971931184354,0.0,17421.0,37.0,0.20454999999797566,31.5625,32.375,36.950000000000045,0.0,0.0,0.07,0.0,0.0,20.0,0.3,0.1,0.2,0.1,0.4,0.1,0.1,0.1,0.5,0.0,65535.0,0.32356755931944764,0.0,65535.0,0.15259021896696423,0.0,0.0,0.0,0.0,0.0,0.0,0.0,0.0,0.0,0.0
140717.7,1.5180249317601366,0.0,17421.0,37.0,0.22334999999797106,31.5,32.375,36.93000000000001,0.0,0.0,0.07,0.0,0.0,20.0,0.3,0.1,0.2,0.1,0.4,0.1,0.1,0.1,0.5,0.0,65535.0,0.3211718928816663,0.0,65535.0,0.150087739375906,0.0,0.0,0.0,0.0,0.0,0.0,0.0,0.0,0.0,0.0
140777.79,1.5017552399992602,0.0,17421.0,37.0,0.2448499999979657,31.4375,32.375,36.85000000000002,0.0,0.0,0.0,0.0,0.0,20.0,0.3,0.1,0.2,0.1,0.4,0.1,0.1,0.1,0.5,0.0,65535.0,0.3254444190127413,0.0,65535.0,0.15707637140459296,0.0,0.0,0.0,0.0,0.0,0.0,0.0,0.0,0.0,0.0
140837.88,1.50662659128275,0.0,17421.0,37.0,0.25074999999797454,31.5,32.375,36.79000000000002,0.0,0.0,0.0,0.0,0.0,20.0,0.3,0.1,0.2,0.1,0.4,0.1,0.1,0.1,0.5,0.0,65535.0,0.3215533684290837,0.0,65535.0,0.15168993667505912,0.0,0.0,0.0,0.0,0.0,0.0,0.0,0.0,0.0,0.0
140897.94,1.5201509615105087,0.0,17421.0,37.0,0.2422499999979689,31.5625,32.375,37.09000000000003,0.0,0.0,0.0,0.0,0.0,20.0,0.3,0.1,0.2,0.1,0.4,0.1,0.1,0.1,0.5,0.0,65535.0,0.32442206454566264,0.0,65535.0,0.15043869687953002,0.0,0.0,0.0,0.0,0.0,0.0,0.0,0.0,0.0,0.0
140957.99,1.4912137089465833,0.0,17421.0,37.0,0.2227499999979673,31.4375,32.375,36.93000000000001,0.0,0.0,0.0,0.0,0.0,20.0,0.3,0.1,0.2,0.1,0.4,0.1,0.1,0.1,0.5,0.0,65535.0,0.3237659266041047,0.0,65535.0,0.15077439536125734,0.0,0.0,0.0,0.0,0.0,0.0,0.0,0.0,0.0,0.0
141018.06,1.4877810384984054,0.0,17421.0,37.0,0.20184999999797038,31.5,32.375,36.89000000000004,0.0,0.0,0.0,0.0,0.0,20.0,0.3,0.1,0.2,0.1,0.4,0.1,0.1,0.1,0.5,0.0,65535.0,0.32483405813687344,0.0,65535.0,0.15297169451438164,0.0,0.0,0.0,0.0,0.0,0.0,0.0,0.0,0.0,0.0
141078.11,1.5084394559635588,0.0,17421.0,37.0,0.24864999999797127,31.5,32.375,36.77000000000004,0.0,0.0,0.0,0.0,0.0,20.0,0.3,0.1,0.2,0.1,0.4,0.1,0.1,0.1,0.5,0.0,65535.0,0.32428473334859237,0.0,65535.0,0.15226977950713358,0.0,0.0,0.0,0.0,0.0,0.0,0.0,0.0,0.0,0.0
141138.16,1.5308326723573256,0.0,17421.0,37.0,0.24954999999797045,31.5,32.4375,37.01000000000005,0.0,0.002838036882936598,0.0813521475317464,0.0,0.0,20.0,0.3,0.1,0.2,0.1,0.4,0.1,0.1,0.1,0.5,0.0,65535.0,0.3224689097428855,0.0,65535.0,0.15156786449988555,0.0,0.0,0.0,0.0,0.0,0.0,0.0,0.0,0.0,0.0
141198.21,1.480841126544215,0.0,17421.0,37.0,0.28644999999797127,31.4375,32.4375,36.79000000000002,0.0,0.0,0.0,0.0,0.0,20.0,0.3,0.1,0.2,0.1,0.4,0.1,0.1,0.1,0.5,0.0,65535.0,0.3184863050278477,0.0,65535.0,0.14911116197451743,0.0,0.0,0.0,0.0,0.0,0.0,0.0,0.0,0.0,0.0
141258.25,1.4905577562884904,0.0,17421.0,37.0,0.25974999999796966,31.5,32.4375,36.870000000000005,0.0,0.0,0.07,0.0,0.0,20.0,0.3,0.1,0.2,0.1,0.4,0.1,0.1,0.1,0.5,0.0,65535.0,0.32149233234149693,0.0,65535.0,0.15281910429541468,0.0,0.0,0.0,0.0,0.0,0.0,0.0,0.0,0.0,0.0
141318.3,1.49127214832444,0.0,17421.0,37.0,0.2624499999979689,31.5,32.375,37.03000000000003,0.0,0.0,0.07,0.0,0.0,20.0,0.3,0.1,0.2,0.1,0.4,0.1,0.1,0.1,0.5,0.0,65535.0,0.31990539406424046,0.0,65535.0,0.14705119401846342,0.0,0.0,0.0,0.0,0.0,0.0,0.0,0.0,0.0,0.0
141378.34,1.499077327518331,0.0,17421.0,37.0,0.24974999999796285,31.5,32.375,37.170000000000016,0.0,0.0,0.07,0.0,0.0,20.0,0.3,0.1,0.2,0.1,0.4,0.1,0.1,0.1,0.5,0.0,65535.0,0.31946288242923626,0.0,65535.0,0.14741741054398413,0.0,0.0,0.0,0.0,0.0,0.0,0.0,0.0,0.0,0.0
141438.37,1.5053446768036438,0.0,17421.0,37.0,0.23234999999796105,31.5625,32.4375,36.97000000000003,0.0,0.0,0.07,0.0,0.0,20.0,0.3,0.1,0.2,0.1,0.4,0.1,0.1,0.1,0.5,0.0,65535.0,0.3201342793926909,0.0,65535.0,0.15153734645609215,0.0,0.0,0.0,0.0,0.0,0.0,0.0,0.0,0.0,0.0
141498.41,1.5004562635560643,0.0,17421.0,37.0,0.24644999999796072,31.5625,32.4375,37.01000000000005,0.0,0.0,0.25,0.0,0.0,20.0,0.3,0.1,0.2,0.1,0.4,0.1,0.1,0.1,0.5,0.0,65535.0,0.320332646677348,0.0,65535.0,0.14741741054398413,0.0,0.0,0.0,0.0,0.0,0.0,0.0,0.0,0.0,0.0
141558.48,1.5024358107169504,0.0,17421.0,37.0,0.24934999999795465,31.5625,32.375,36.97000000000003,0.0,0.0,0.07,0.0,0.0,20.0,0.3,0.1,0.2,0.1,0.4,0.1,0.1,0.1,0.5,0.0,65535.0,0.3212787060349432,0.0,65535.0,0.14827191577019913,0.0,0.0,0.0,0.0,0.0,0.0,0.0,0.0,0.0,0.0
141618.53,1.5056880396230095,0.0,17421.0,37.0,0.24314999999795858,31.5625,32.375,36.97000000000003,0.0,0.0,0.07,0.0,0.0,20.0,0.3,0.1,0.2,0.1,0.4,0.1,0.1,0.1,0.5,0.0,65535.0,0.32652780956740673,0.0,65535.0,0.15159838254367894,0.0,0.0,0.0,0.0,0.0,0.0,0.0,0.0,0.0,0.0
141678.58,1.5084599063531774,0.0,17421.0,37.0,0.2537499999979631,31.5625,32.375,36.89000000000004,0.0,0.0,0.07,0.0,0.0,20.0,0.3,0.1,0.2,0.1,0.4,0.1,0.1,0.1,0.5,0.0,65535.0,0.32179751277943086,0.0,65535.0,0.1543755245288777,0.0,0.0,0.0,0.0,0.0,0.0,0.0,0.0,0.0,0.0
141738.64,1.4994684465589212,0.0,17421.0,37.0,0.21074999999795618,31.4375,32.375,36.97000000000003,0.0,0.0,0.07,0.0,0.0,20.0,0.3,0.1,0.2,0.1,0.4,0.1,0.1,0.1,0.5,0.0,65535.0,0.3219501029983978,0.0,65535.0,0.1521629663538567,0.0,0.0,0.0,0.0,0.0,0.0,0.0,0.0,0.0,0.0
141798.71,1.5064751770122806,0.0,17421.0,37.0,0.28194999999796333,31.5,32.4375,36.97000000000003,0.0,0.0,0.0,0.0,0.0,20.0,0.3,0.1,0.2,0.1,0.4,0.1,0.1,0.1,0.5,0.0,65535.0,0.3257343404287785,0.0,65535.0,0.15155260547798885,0.0,0.0,0.0,0.0,0.0,0.0,0.0,0.0,0.0,0.0
141858.78,1.488812698919343,0.0,17421.0,37.0,0.23164999999795055,31.5,32.375,36.950000000000045,0.0,0.0,0.0,0.0,0.0,20.0,0.3,0.1,0.2,0.1,0.4,0.1,0.1,0.1,0.5,0.0,65535.0,0.32260624093995577,0.0,65535.0,0.1548485542076753,0.0,0.0,0.0,0.0,0.0,0.0,0.0,0.0,0.0,0.0
141918.87,1.5122099182044986,0.0,17421.0,37.0,0.26574999999796045,31.5625,32.375,36.950000000000045,0.0,0.0,0.0,0.0,0.0,20.0,0.3,0.1,0.2,0.1,0.4,0.1,0.1,0.1,0.5,0.0,65535.0,0.3233691920347906,0.0,65535.0,0.15263599603265432,0.0,0.0,0.0,0.0,0.0,0.0,0.0,0.0,0.0,0.0
141978.92,1.511241722245778,0.0,17421.0,37.0,0.18684999999795687,31.5625,32.3125,36.950000000000045,0.0,0.0,0.0,0.0,0.0,20.0,0.3,0.1,0.2,0.1,0.4,0.1,0.1,0.1,0.5,0.0,65535.0,0.3228656443121996,0.0,65535.0,0.15510795757991913,0.0,0.0,0.0,0.0,0.0,0.0,0.0,0.0,0.0,0.0
142038.96,1.5123641715734184,0.0,17421.0,37.0,0.19854999999795703,31.5625,32.375,36.93000000000001,0.0,0.0,0.0,0.0,0.0,20.0,0.3,0.1,0.2,0.1,0.4,0.1,0.1,0.1,0.5,0.0,65535.0,0.32469672693980317,0.0,65535.0,0.1522240024414435,0.0,0.0,0.0,0.0,0.0,0.0,0.0,0.0,0.0,0.0
142099.01,1.4943478598786677,0.0,17421.0,37.0,0.27714999999795914,31.5,32.375,36.89000000000004,0.0,0.0,0.0,0.0,0.0,20.0,0.3,0.1,0.2,0.1,0.4,0.1,0.1,0.1,0.5,0.0,65535.0,0.32687876707103075,0.0,65535.0,0.15074387731746394,0.0,0.0,0.0,0.0,0.0,0.0,0.0,0.0,0.0,0.0
142159.1,1.509574367023385,0.0,17421.0,37.0,0.22744999999794666,31.5,32.375,36.93000000000001,0.0,0.0,0.0,0.0,0.0,20.0,0.3,0.1,0.2,0.1,0.4,0.1,0.1,0.1,0.5,0.0,65535.0,0.32388799877927826,0.0,65535.0,0.14850080109864958,0.0,0.0,0.0,0.0,0.0,0.0,0.0,0.0,0.0,0.0
142219.14,1.500014934436922,0.0,17421.0,37.0,0.22124999999795059,31.5,32.375,37.01000000000005,0.0,0.0,0.0,0.0,0.0,20.0,0.3,0.1,0.2,0.1,0.4,0.1,0.1,0.1,0.5,0.0,65535.0,0.3237048905165179,0.0,65535.0,0.1509575036240177,0.0,0.0,0.0,0.0,0.0,0.0,0.0,0.0,0.0,0.0
142279.18,1.5153842760249794,0.0,17421.0,37.0,0.26364999999795635,31.5625,32.375,37.01000000000005,0.0,0.0,0.0,0.0,0.0,20.0,0.3,0.1,0.2,0.1,0.4,0.1,0.1,0.1,0.5,0.0,65535.0,0.3259327077134356,0.0,65535.0,0.1504539559014267,0.0,0.0,0.0,0.0,0.0,0.0,0.0,0.0,0.0,0.0
142339.23,1.5138322555541661,0.0,17421.0,37.0,0.22894999999794444,31.4375,32.375,36.950000000000045,0.0,0.0,0.0,0.0,0.0,20.0,0.3,0.1,0.2,0.1,0.4,0.1,0.1,0.1,0.5,0.0,65535.0,0.3237964446478981,0.0,65535.0,0.1501335164415961,0.0,0.0,0.0,0.0,0.0,0.0,0.0,0.0,0.0,0.0
142399.27,1.5108558534540026,0.0,17421.0,37.0,0.2018499999979523,31.5,32.375,37.09000000000003,0.0,0.0,0.0,0.0,0.0,20.0,0.3,0.1,0.2,0.1,0.4,0.1,0.1,0.1,0.5,0.0,65535.0,0.32610055695429924,0.0,65535.0,0.15065232318608376,0.0,0.0,0.0,0.0,0.0,0.0,0.0,0.0,0.0,0.0
142459.32,1.5012559347637344,0.0,17421.0,37.0,0.2418499999979435,31.5,32.375,37.03000000000003,0.0,0.0,0.0,0.0,0.0,20.0,0.3,0.1,0.2,0.1,0.4,0.1,0.1,0.1,0.5,0.0,65535.0,0.326665140764477,0.0,65535.0,0.15020981155107957,0.0,0.0,0.0,0.0,0.0,0.0,0.0,0.0,0.0,0.0
142519.36,1.5161213980378592,0.0,17421.0,37.0,0.22594999999794205,31.5,32.375,36.81,0.0,0.0,0.0,0.0,0.0,20.0,0.3,0.1,0.2,0.1,0.4,0.1,0.1,0.1,0.5,0.0,65535.0,0.3266498817425803,0.0,65535.0,0.1484092469672694,0.0,0.0,0.0,0.0,0.0,0.0,0.0,0.0,0.0,0.0
142579.39,1.5117856121757516,0.0,17421.0,37.0,0.2253499999979409,31.5,32.375,36.81,0.0,0.0,0.0,0.0,0.0,20.0,0.3,0.1,0.2,0.1,0.4,0.1,0.1,0.1,0.5,0.0,65535.0,0.32692454413672084,0.0,65535.0,0.15320057984283209,0.0,0.0,0.0,0.0,0.0,0.0,0.0,0.0,0.0,0.0
142639.43,1.5066942528669207,0.0,17421.0,37.0,0.2833499999979467,31.5,32.3125,36.79000000000002,0.0,0.0,0.0,0.0,0.0,20.0,0.3,0.1,0.2,0.1,0.4,0.1,0.1,0.1,0.5,0.0,65535.0,0.3307698176546883,0.0,65535.0,0.14985885404745555,0.0,0.0,0.0,0.0,0.0,0.0,0.0,0.0,0.0,0.0
142699.52,1.510121270051788,0.0,17421.0,37.0,0.19714999999793725,31.4375,32.375,37.09000000000003,0.0,7.820168990327553e-06,0.25,0.0,0.0,20.0,0.3,0.1,0.2,0.1,0.4,0.1,0.1,0.1,0.5,0.0,65535.0,0.32779430838483253,0.0,65535.0,0.15075913633936064,0.0,0.0,0.0,0.0,0.0,0.0,0.0,0.0,0.0,0.0
142759.58,1.5067793828028786,0.0,17421.0,37.0,0.28694999999794424,31.5,32.375,36.93000000000001,0.0,0.0,0.0,0.0,0.0,20.0,0.3,0.1,0.2,0.1,0.4,0.1,0.1,0.1,0.5,0.0,65535.0,0.32478828107118335,0.0,65535.0,0.15074387731746394,0.0,0.0,0.0,0.0,0.0,0.0,0.0,0.0,0.0,0.0
142819.62,1.5014833760103972,0.0,17421.0,37.0,0.22984999999793593,31.5,32.375,36.89000000000004,0.0,0.0,0.07,0.0,0.0,20.0,0.3,0.1,0.2,0.1,0.4,0.1,0.1,0.1,0.5,0.0,65535.0,0.32567330434119174,0.0,65535.0,0.14940108339055466,0.0,0.0,0.0,0.0,0.0,0.0,0.0,0.0,0.0,0.0
142879.7,1.4987089722039144,0.0,17421.0,37.0,0.26364999999794614,31.5,32.375,36.93000000000001,0.0,0.0,0.07,0.0,0.0,20.0,0.3,0.1,0.2,0.1,0.4,0.1,0.1,0.1,0.5,0.0,65535.0,0.3240405889982452,0.0,65535.0,0.15103379873350117,0.0,0.0,0.0,0.0,0.0,0.0,0.0,0.0,0.0,0.0
142939.77,1.5230325287172848,0.0,17421.0,37.0,0.2651499999979456,31.5,32.375,36.89000000000004,0.0,0.0008035597538867862,0.07321423901554715,0.0,0.0,20.0,0.3,0.1,0.2,0.1,0.4,0.1,0.1,0.1,0.5,0.0,65535.0,0.32889295796139467,0.0,65535.0,0.1552452887769894,0.0,0.0,0.0,0.0,0.0,0.0,0.0,0.0,0.0,0.0
142999.84,1.4956888092946234,0.0,17421.0,37.0,0.2558499999979441,31.5,32.3125,36.79000000000002,0.0,0.0,0.25,0.0,0.0,20.0,0.3,0.1,0.2,0.1,0.4,0.1,0.1,0.1,0.5,0.0,65535.0,0.3221637293049516,0.0,65535.0,0.14657816433966583,0.0,0.0,0.0,0.0,0.0,0.0,0.0,0.0,0.0,0.0
143059.91,1.4943947647704272,0.0,17421.0,37.0,0.24614999999793785,31.5,32.375,36.870000000000005,0.0,0.0,0.07,0.0,0.0,20.0,0.3,0.1,0.2,0.1,0.4,0.1,0.1,0.1,0.5,0.0,65535.0,0.3228503852903029,0.0,65535.0,0.15036240177004653,0.0,0.0,0.0,0.0,0.0,0.0,0.0,0.0,0.0,0.0
143119.99,1.4874108972197908,0.0,17421.0,37.0,0.2502499999979324,31.5625,32.375,36.81,0.0,0.0,0.07,0.0,0.0,20.0,0.3,0.1,0.2,0.1,0.4,0.1,0.1,0.1,0.5,0.0,65535.0,0.3263599603265431,0.0,65535.0,0.15111009384298466,0.0,0.0,0.0,0.0,0.0,0.0,0.0,0.0,0.0,0.0
143180.03,1.5011488325366122,0.0,17421.0,37.0,0.26494999999793156,31.5625,32.375,36.97000000000003,0.0,0.0,0.07,0.0,0.0,20.0,0.3,0.1,0.2,0.1,0.4,0.1,0.1,0.1,0.5,0.0,65535.0,0.32397955291065844,0.0,65535.0,0.15204089417868313,0.0,0.0,0.0,0.0,0.0,0.0,0.0,0.0,0.0,0.0
143240.07,1.4909957586291047,0.0,17421.0,37.0,0.2054499999979379,31.5,32.375,36.89000000000004,0.0,0.0,0.07,0.0,0.0,20.0,0.3,0.1,0.2,0.1,0.4,0.1,0.1,0.1,0.5,0.0,65535.0,0.32442206454566264,0.0,65535.0,0.1500419623102159,0.0,0.0,0.0,0.0,0.0,0.0,0.0,0.0,0.0,0.0
143300.11,1.5065895563544658,0.0,17421.0,37.0,0.25014999999793897,31.4375,32.375,36.93000000000001,0.0,0.0,0.25,0.0,0.0,20.0,0.3,0.1,0.2,0.1,0.4,0.1,0.1,0.1,0.5,0.0,65535.0,0.3245288776989395,0.0,65535.0,0.14866865033951324,0.0,0.0,0.0,0.0,0.0,0.0,0.0,0.0,0.0,0.0
143360.19,1.5004284353931232,0.0,17421.0,37.0,0.3119499999979254,31.5625,32.375,36.89000000000004,0.0,0.0,0.07,0.0,0.0,20.0,0.3,0.1,0.2,0.1,0.4,0.1,0.1,0.1,0.5,0.0,65535.0,0.32643625543602656,0.0,65535.0,0.14901960784313725,0.0,0.0,0.0,0.0,0.0,0.0,0.0,0.0,0.0,0.0
143420.23,1.4835193847063217,0.0,17421.0,37.0,0.2116499999979305,31.4375,32.375,37.110000000000014,0.0,0.0,0.07,0.0,0.0,20.0,0.3,0.1,0.2,0.1,0.4,0.1,0.1,0.1,0.5,0.0,65535.0,0.3250934615091173,0.0,65535.0,0.14778362706950485,0.0,0.0,0.0,0.0,0.0,0.0,0.0,0.0,0.0,0.0
143480.3,1.49708423659427,0.0,17421.0,37.0,0.29434999999792805,31.5,32.4375,36.870000000000005,0.0,0.0,0.07,0.0,0.0,20.0,0.3,0.1,0.2,0.1,0.4,0.1,0.1,0.1,0.5,0.0,65535.0,0.3246356908522164,0.0,65535.0,0.1492179751277943,0.0,0.0,0.0,0.0,0.0,0.0,0.0,0.0,0.0,0.0
143540.36,1.4947427446003316,0.0,17421.0,37.0,0.26644999999792585,31.5,32.375,36.97000000000003,0.0,0.0,0.07,0.0,0.0,20.0,0.3,0.1,0.2,0.1,0.4,0.1,0.1,0.1,0.5,0.0,65535.0,0.3244678416113527,0.0,65535.0,0.14917219806210422,0.0,0.0,0.0,0.0,0.0,0.0,0.0,0.0,0.0,0.0
143600.43,1.4898096173444835,0.0,17421.0,37.0,0.202549999997922,31.5,32.375,36.93000000000001,0.0,0.0,0.0,0.0,0.0,20.0,0.3,0.1,0.2,0.1,0.4,0.1,0.1,0.1,0.5,0.0,65535.0,0.3250171663996338,0.0,65535.0,0.1475852597848478,0.0,0.0,0.0,0.0,0.0,0.0,0.0,0.0,0.0,0.0
143660.51,1.5097984112517104,0.0,17421.0,37.0,0.24284999999792714,31.5,32.375,36.89000000000004,0.0,0.0,0.0,0.0,0.0,20.0,0.3,0.1,0.2,0.1,0.4,0.1,0.1,0.1,0.5,0.0,65535.0,0.3270771343556878,0.0,65535.0,0.14991989013504234,0.0,0.0,0.0,0.0,0.0,0.0,0.0,0.0,0.0,0.0
143720.54,1.4849208437322232,0.0,17421.0,37.0,0.18834999999792895,31.5,32.375,37.09000000000003,0.0,0.0,0.0,0.0,0.0,20.0,0.3,0.1,0.2,0.1,0.4,0.1,0.1,0.1,0.5,0.0,65535.0,0.32690928511482414,0.0,65535.0,0.15030136568245975,0.0,0.0,0.0,0.0,0.0,0.0,0.0,0.0,0.0,0.0
143780.58,1.504457542218688,0.0,17421.0,37.0,0.23624999999792545,31.5,32.4375,36.81,0.0,0.0,0.0,0.0,0.0,20.0,0.3,0.1,0.2,0.1,0.4,0.1,0.1,0.1,0.5,0.0,65535.0,0.32649729152361334,0.0,65535.0,0.15573357747768368,0.0,0.0,0.0,0.0,0.0,0.0,0.0,0.0,0.0,0.0
143840.66,1.5163992433482143,0.0,17421.0,37.0,0.21914999999792423,31.5,32.3125,36.77000000000004,0.0,0.00012359671336674037,0.07049438685346697,0.0,0.0,20.0,0.3,0.1,0.2,0.1,0.4,0.1,0.1,0.1,0.5,0.0,65535.0,0.3291828793774319,0.0,65535.0,0.14779888609140154,0.0,0.0,0.0,0.0,0.0,0.0,0.0,0.0,0.0,0.0
143900.73,1.5027363652798047,0.0,17421.0,37.0,0.2833499999979261,31.5,32.375,36.53000000000003,0.0,0.0,0.0,0.0,0.0,20.0,0.3,0.1,0.2,0.1,0.4,0.1,0.1,0.1,0.5,0.0,65535.0,0.32596322575722897,0.0,65535.0,0.14776836804760815,0.0,0.0,0.0,0.0,0.0,0.0,0.0,0.0,0.0,0.0
143960.76,1.5071158895908334,0.0,17421.0,37.0,0.29164999999792024,31.4375,32.375,36.73000000000002,0.0,0.0,0.07,0.0,0.0,20.0,0.3,0.1,0.2,0.1,0.4,0.1,0.1,0.1,0.5,0.0,65535.0,0.3240405889982452,0.0,65535.0,0.1483634699015793,0.0,0.0,0.0,0.0,0.0,0.0,0.0,0.0,0.0,0.0
144020.81,1.505645982751832,0.0,17421.0,37.0,0.2914499999979238,31.5,32.375,36.85000000000002,0.0,0.0,0.07,0.0,0.0,20.0,0.3,0.1,0.2,0.1,0.4,0.1,0.1,0.1,0.5,0.0,65535.0,0.3250171663996338,0.0,65535.0,0.1484550240329595,0.0,0.0,0.0,0.0,0.0,0.0,0.0,0.0,0.0,0.0
144080.85,1.5164285812836726,0.0,17421.0,37.0,0.25144999999791673,31.5,32.4375,36.950000000000045,0.0,0.0004438869767797829,0.07177554790711914,0.0,0.0,20.0,0.3,0.1,0.2,0.1,0.4,0.1,0.1,0.1,0.5,0.0,65535.0,0.3249103532463569,0.0,65535.0,0.15208667124437322,0.0,0.0,0.0,0.0,0.0,0.0,0.0,0.0,0.0,0.0
144140.91,1.4876765139967474,0.0,17421.0,37.0,0.21464999999791917,31.5,32.375,36.950000000000045,0.0,0.0,0.07,0.0,0.0,20.0,0.3,0.1,0.2,0.1,0.4,0.1,0.1,0.1,0.5,0.0,65535.0,0.32611581597619593,0.0,65535.0,0.15280384527351798,0.0,0.0,0.0,0.0,0.0,0.0,0.0,0.0,0.0,0.0
144200.98,1.5024770436318464,0.0,17421.0,37.0,0.22954999999791387,31.4375,32.4375,36.93000000000001,0.0,0.0,0.25,0.0,0.0,20.0,0.3,0.1,0.2,0.1,0.4,0.1,0.1,0.1,0.5,0.0,65535.0,0.3275043869687953,0.0,65535.0,0.14790569924467842,0.0,0.0,0.0,0.0,0.0,0.0,0.0,0.0,0.0,0.0
144261.05,1.4805858925321527,0.0,17421.0,37.0,0.23954999999791812,31.4375,32.375,36.690000000000055,0.0,0.0,0.07,0.0,0.0,20.0,0.3,0.1,0.2,0.1,0.4,0.1,0.1,0.1,0.5,0.0,65535.0,0.3266498817425803,0.0,65535.0,0.14724956130312047,0.0,0.0,0.0,0.0,0.0,0.0,0.0,0.0,0.0,0.0
144321.11,1.4814688112459165,0.0,17421.0,37.0,0.2622499999979134,31.4375,32.375,36.870000000000005,0.0,0.0,0.07,0.0,0.0,20.0,0.3,0.1,0.2,0.1,0.4,0.1,0.1,0.1,0.5,0.0,65535.0,0.32852674143587396,0.0,65535.0,0.14660868238345923,0.0,0.0,0.0,0.0,0.0,0.0,0.0,0.0,0.0,0.0
144381.18,1.5005397164948542,0.0,17421.0,37.0,0.26254999999791223,31.5,32.4375,36.89000000000004,0.0,0.0,0.07,0.0,0.0,20.0,0.3,0.1,0.2,0.1,0.4,0.1,0.1,0.1,0.5,0.0,65535.0,0.3258716716258488,0.0,65535.0,0.14659342336156253,0.0,0.0,0.0,0.0,0.0,0.0,0.0,0.0,0.0,0.0
144441.22,1.4971780865103488,0.0,17421.0,37.0,0.2558499999979209,31.5,32.4375,36.81,0.0,0.0,0.07,0.0,0.0,20.0,0.3,0.1,0.2,0.1,0.4,0.1,0.1,0.1,0.5,0.0,65535.0,0.3279316395819028,0.0,65535.0,0.14860761425192645,0.0,0.0,0.0,0.0,0.0,0.0,0.0,0.0,0.0,0.0
144501.3,1.4866170119734043,0.0,17421.0,37.0,0.2487499999979097,31.5625,32.375,36.950000000000045,0.0,0.0,0.25,0.0,0.0,20.0,0.3,0.1,0.2,0.1,0.4,0.1,0.1,0.1,0.5,0.0,65535.0,0.327016098268101,0.0,65535.0,0.15381094071869994,0.0,0.0,0.0,0.0,0.0,0.0,0.0,0.0,0.0,0.0
144561.36,1.4818608750339581,0.0,17421.0,37.0,0.2675499999979193,31.5625,32.375,36.870000000000005,0.0,0.0,0.07,0.0,0.0,20.0,0.3,0.1,0.2,0.1,0.4,0.1,0.1,0.1,0.5,0.0,65535.0,0.3266041046768902,0.0,65535.0,0.14863813229571984,0.0,0.0,0.0,0.0,0.0,0.0,0.0,0.0,0.0,0.0
144621.42,1.487194022652433,0.0,17421.0,37.0,0.24814999999790768,31.4375,32.375,36.950000000000045,0.0,0.0,0.07,0.0,0.0,20.0,0.3,0.1,0.2,0.1,0.4,0.1,0.1,0.1,0.5,0.0,65535.0,0.32817578393224994,0.0,65535.0,0.14723430228122378,0.0,0.0,0.0,0.0,0.0,0.0,0.0,0.0,0.0,0.0
144681.46,1.4796014714733947,0.0,17421.0,37.0,0.2546499999979168,31.5,32.4375,36.93000000000001,0.0,0.0,0.07,0.0,0.0,20.0,0.3,0.1,0.2,0.1,0.4,0.1,0.1,0.1,0.5,0.0,65535.0,0.3267414358739605,0.0,65535.0,0.14624246585793851,0.0,0.0,0.0,0.0,0.0,0.0,0.0,0.0,0.0,0.0
144741.5,1.4833988862341951,0.0,17421.0,37.0,0.2834499999979173,31.5,32.375,36.81,0.0,0.0,0.0,0.0,0.0,20.0,0.3,0.1,0.2,0.1,0.4,0.1,0.1,0.1,0.5,0.0,65535.0,0.3280384527351797,0.0,65535.0,0.14581521324483102,0.0,0.0,0.0,0.0,0.0,0.0,0.0,0.0,0.0,0.0
144801.54,1.5102110105051352,0.0,17421.0,37.0,0.2213499999979144,31.5,32.375,37.05000000000001,0.0,0.0,0.0,0.0,0.0,20.0,0.3,0.1,0.2,0.1,0.4,0.1,0.1,0.1,0.5,0.0,65535.0,0.3291065842679484,0.0,65535.0,0.14789044022278172,0.0,0.0,0.0,0.0,0.0,0.0,0.0,0.0,0.0,0.0
144861.59,1.5116315219506036,0.0,17421.0,37.0,0.24634999999790502,31.5,32.375,36.950000000000045,0.0,0.0,0.0,0.0,0.0,20.0,0.3,0.1,0.2,0.1,0.4,0.1,0.1,0.1,0.5,0.0,65535.0,0.330434119172961,0.0,65535.0,0.144609750514992,0.0,0.0,0.0,0.0,0.0,0.0,0.0,0.0,0.0,0.0
144921.63,1.5042002880949452,0.0,17421.0,37.0,0.241049999997909,31.5,32.375,36.97000000000003,0.0,0.0,0.0,0.0,0.0,20.0,0.3,0.1,0.2,0.1,0.4,0.1,0.1,0.1,0.5,0.0,65535.0,0.3304036011291676,0.0,65535.0,0.14999618524452582,0.0,0.0,0.0,0.0,0.0,0.0,0.0,0.0,0.0,0.0
144981.67,1.4964100359930568,0.0,17421.0,37.0,0.2663499999979144,31.5625,32.375,36.870000000000005,0.0,0.0,0.0,0.0,0.0,20.0,0.3,0.1,0.2,0.1,0.4,0.1,0.1,0.1,0.5,0.0,65535.0,0.33025101091020065,0.0,65535.0,0.15117112993057144,0.0,0.0,0.0,0.0,0.0,0.0,0.0,0.0,0.0,0.0
145041.72,1.5004090720098051,0.0,17421.0,37.0,0.24694999999790276,31.5625,32.375,36.950000000000045,0.0,0.0,0.0,0.0,0.0,20.0,0.3,0.1,0.2,0.1,0.4,0.1,0.1,0.1,0.5,0.0,65535.0,0.3311818112458991,0.0,65535.0,0.14868390936140993,0.0,0.0,0.0,0.0,0.0,0.0,0.0,0.0,0.0,0.0
145101.76,1.4783401121305415,0.0,17421.0,37.0,0.2298499999979007,31.5625,32.375,37.01000000000005,0.0,0.0,0.0,0.0,0.0,20.0,0.3,0.1,0.2,0.1,0.4,0.1,0.1,0.1,0.5,0.0,65535.0,0.33104448004882886,0.0,65535.0,0.14871442740520333,0.0,0.0,0.0,0.0,0.0,0.0,0.0,0.0,0.0,0.0
145161.81,1.482575785938954,0.0,17421.0,37.0,0.2639499999979106,31.5,32.375,36.870000000000005,0.0,0.0,0.0,0.0,0.0,20.0,0.3,0.1,0.2,0.1,0.4,0.1,0.1,0.1,0.5,0.0,65535.0,0.330434119172961,0.0,65535.0,0.14790569924467842,0.0,0.0,0.0,0.0,0.0,0.0,0.0,0.0,0.0,0.0
145221.9,1.4816950798657333,0.0,17421.0,37.0,0.24744999999790968,31.5,32.4375,36.93000000000001,0.0,0.0,0.0,0.0,0.0,20.0,0.3,0.1,0.2,0.1,0.4,0.1,0.1,0.1,0.5,0.0,65535.0,0.33186846723125046,0.0,65535.0,0.15001144426642252,0.0,0.0,0.0,0.0,0.0,0.0,0.0,0.0,0.0,0.0
145281.96,1.505374438443782,0.0,17421.0,37.0,0.19144999999789694,31.5625,32.375,37.13000000000005,0.0,0.0,0.0,0.0,0.0,20.0,0.3,0.1,0.2,0.1,0.4,0.1,0.1,0.1,0.5,0.0,65535.0,0.3324635690852216,0.0,65535.0,0.1508659494926375,0.0,0.0,0.0,0.0,0.0,0.0,0.0,0.0,0.0,0.0
145342.01,1.491209185626356,0.0,17421.0,37.0,0.2205499999978972,31.5,32.375,37.01000000000005,0.0,0.0,0.0,0.0,0.0,20.0,0.3,0.1,0.2,0.1,0.4,0.1,0.1,0.1,0.5,0.0,65535.0,0.3345693141069657,0.0,65535.0,0.14955367360952163,0.0,0.0,0.0,0.0,0.0,0.0,0.0,0.0,0.0,0.0
145402.08,1.48903000736951,0.0,17421.0,37.0,0.2847499999978982,31.4375,32.375,36.77000000000004,0.0,0.0,0.0,0.0,0.0,20.0,0.3,0.1,0.2,0.1,0.4,0.1,0.1,0.1,0.5,0.0,65535.0,0.3391775387197681,0.0,65535.0,0.1513847562371252,0.0,0.0,0.0,0.0,0.0,0.0,0.0,0.0,0.0,0.0
145462.16,1.492247164490034,0.0,17421.0,37.0,0.27744999999790654,31.5,32.375,36.81,0.0,0.0,0.0,0.0,0.0,20.0,0.3,0.1,0.2,0.1,0.4,0.1,0.1,0.1,0.5,0.0,65535.0,0.33270771343556876,0.0,65535.0,0.15019455252918287,0.0,0.0,0.0,0.0,0.0,0.0,0.0,0.0,0.0,0.0
145522.21,1.4961475553355883,0.0,17421.0,37.0,0.2271499999978938,31.5,32.375,37.01000000000005,0.0,0.0,0.0,0.0,0.0,20.0,0.3,0.1,0.2,0.1,0.4,0.1,0.1,0.1,0.5,0.0,65535.0,0.3309071488517586,0.0,65535.0,0.1467002365148394,0.0,0.0,0.0,0.0,0.0,0.0,0.0,0.0,0.0,0.0
145582.29,1.4951541685952394,0.0,17421.0,37.0,0.20534999999789683,31.5,32.375,37.09000000000003,0.0,0.0,0.0,0.0,0.0,20.0,0.3,0.1,0.2,0.1,0.4,0.1,0.1,0.1,0.5,0.0,65535.0,0.33525597009231706,0.0,65535.0,0.14940108339055466,0.0,0.0,0.0,0.0,0.0,0.0,0.0,0.0,0.0,0.0
145642.36,1.501394159615149,0.0,17421.0,37.0,0.26034999999790276,31.5,32.375,36.870000000000005,0.0,0.0,0.0,0.0,0.0,20.0,0.3,0.1,0.2,0.1,0.4,0.1,0.1,0.1,0.5,0.0,65535.0,0.3351491569390402,0.0,65535.0,0.15043869687953002,0.0,0.0,0.0,0.0,0.0,0.0,0.0,0.0,0.0,0.0
145702.41,1.4998307168021046,0.0,17421.0,37.0,0.24184999999789117,31.5,32.3125,36.950000000000045,0.0,0.0,0.0,0.0,0.0,20.0,0.3,0.1,0.2,0.1,0.4,0.1,0.1,0.1,0.5,0.0,65535.0,0.33354695963988706,0.0,65535.0,0.15016403448538948,0.0,0.0,0.0,0.0,0.0,0.0,0.0,0.0,0.0,0.0
145762.49,1.5063113082543111,0.0,17421.0,37.0,0.24124999999788999,31.5,32.375,36.950000000000045,0.0,0.0,0.0,0.0,0.0,20.0,0.3,0.1,0.2,0.1,0.4,0.1,0.1,0.1,0.5,0.0,65535.0,0.3316090638590066,0.0,65535.0,0.14847028305485618,0.0,0.0,0.0,0.0,0.0,0.0,0.0,0.0,0.0,0.0
145822.56,1.4994549915191766,0.0,17421.0,37.0,0.23504999999789392,31.4375,32.4375,36.97000000000003,0.0,0.0,0.0,0.0,0.0,20.0,0.3,0.1,0.2,0.1,0.4,0.1,0.1,0.1,0.5,0.0,65535.0,0.3373159380483711,0.0,65535.0,0.14995040817883573,0.0,0.0,0.0,0.0,0.0,0.0,0.0,0.0,0.0,0.0
145882.6,1.4820415989961906,0.0,17421.0,37.0,0.28184999999789484,31.5,32.375,36.79000000000002,0.0,0.0,0.0,0.0,0.0,20.0,0.3,0.1,0.2,0.1,0.4,0.1,0.1,0.1,0.5,0.0,65535.0,0.3342336156252384,0.0,65535.0,0.14851606012054627,0.0,0.0,0.0,0.0,0.0,0.0,0.0,0.0,0.0,0.0
145942.64,1.494159709584201,0.0,17421.0,37.0,0.3146499999978851,31.5,32.375,36.690000000000055,0.0,0.0,0.0,0.0,0.0,20.0,0.3,0.1,0.2,0.1,0.4,0.1,0.1,0.1,0.5,0.0,65535.0,0.3342183566033417,0.0,65535.0,0.1483482108796826,0.0,0.0,0.0,0.0,0.0,0.0,0.0,0.0,0.0,0.0
146002.69,1.4875922766419807,0.0,17421.0,37.0,0.2702499999978971,31.5,32.4375,36.870000000000005,0.0,0.0,0.0,0.0,0.0,20.0,0.3,0.1,0.2,0.1,0.4,0.1,0.1,0.1,0.5,0.0,65535.0,0.33937590600442513,0.0,65535.0,0.15022507057297627,0.0,0.0,0.0,0.0,0.0,0.0,0.0,0.0,0.0,0.0
146062.76,1.5111979237621227,0.0,17421.0,37.0,0.23254999999788534,31.5625,32.4375,37.01000000000005,0.0,0.0,0.0,0.0,0.0,20.0,0.3,0.1,0.2,0.1,0.4,0.1,0.1,0.1,0.5,0.0,65535.0,0.3351491569390402,0.0,65535.0,0.14766155489433128,0.0,0.0,0.0,0.0,0.0,0.0,0.0,0.0,0.0,0.0
146122.79,1.4951182190703,0.0,17421.0,37.0,0.2180499999978934,31.5,32.375,37.05000000000001,0.0,0.0,0.0,0.0,0.0,20.0,0.3,0.1,0.2,0.1,0.4,0.1,0.1,0.1,0.5,0.0,65535.0,0.3338216220340276,0.0,65535.0,0.14726482032501717,0.0,0.0,0.0,0.0,0.0,0.0,0.0,0.0,0.0,0.0
146182.87,1.4914721012571417,0.0,17421.0,37.0,0.24864999999789397,31.5,32.375,36.93000000000001,0.0,0.0,0.0,0.0,0.0,20.0,0.3,0.1,0.2,0.1,0.4,0.1,0.1,0.1,0.5,0.0,65535.0,0.33443198290989545,0.0,65535.0,0.1527580682078279,0.0,0.0,0.0,0.0,0.0,0.0,0.0,0.0,0.0,0.0
146242.94,1.488175287349428,0.0,17421.0,37.0,0.2598499999978838,31.5,32.375,36.89000000000004,0.0,0.0,0.0,0.0,0.0,20.0,0.3,0.1,0.2,0.1,0.4,0.1,0.1,0.1,0.5,0.0,65535.0,0.3355916685740444,0.0,65535.0,0.15297169451438164,0.0,0.0,0.0,0.0,0.0,0.0,0.0,0.0,0.0,0.0
146303.01,1.492213003546585,0.0,17421.0,37.0,0.22894999999788176,31.5,32.375,37.01000000000005,0.0,0.0,0.0,0.0,0.0,20.0,0.3,0.1,0.2,0.1,0.4,0.1,0.1,0.1,0.5,0.0,65535.0,0.33536278324559393,0.0,65535.0,0.14944686045624475,0.0,0.0,0.0,0.0,0.0,0.0,0.0,0.0,0.0,0.0
146363.08,1.4772617868492444,0.0,17421.0,37.0,0.2442499999978812,31.5,32.375,36.950000000000045,0.0,0.0,0.0,0.0,0.0,20.0,0.3,0.1,0.2,0.1,0.4,0.1,0.1,0.1,0.5,0.0,65535.0,0.33492027161058974,0.0,65535.0,0.14848554207675288,0.0,0.0,0.0,0.0,0.0,0.0,0.0,0.0,0.0,0.0
146423.12,1.4884402547104143,0.0,17421.0,37.0,0.23594999999788446,31.5,32.375,36.97000000000003,0.0,0.0,0.0,0.0,0.0,20.0,0.3,0.1,0.2,0.1,0.4,0.1,0.1,0.1,0.5,0.0,65535.0,0.3386892500190738,0.0,65535.0,0.1548485542076753,0.0,0.0,0.0,0.0,0.0,0.0,0.0,0.0,0.0,0.0
146483.16,1.4845443858810414,0.0,17421.0,37.0,0.2253499999978782,31.5,32.375,37.01000000000005,0.0,0.0,0.0,0.0,0.0,20.0,0.3,0.1,0.2,0.1,0.4,0.1,0.1,0.1,0.5,0.0,65535.0,0.33490501258869304,0.0,65535.0,0.14779888609140154,0.0,0.0,0.0,0.0,0.0,0.0,0.0,0.0,0.0,0.0
146543.2,1.504906614043009,0.0,17421.0,37.0,0.2756499999978893,31.5,32.3125,36.81,0.0,0.0,0.0,0.0,0.0,20.0,0.3,0.1,0.2,0.1,0.4,0.1,0.1,0.1,0.5,0.0,65535.0,0.3361715114061189,0.0,65535.0,0.1484245059891661,0.0,0.0,0.0,0.0,0.0,0.0,0.0,0.0,0.0,0.0
146603.29,1.4632114013827402,0.0,17421.0,37.0,0.2041499999978807,31.4375,32.375,37.09000000000003,0.0,0.0,0.0,0.0,0.0,20.0,0.3,0.1,0.2,0.1,0.4,0.1,0.1,0.1,0.5,0.0,65535.0,0.33568322270542456,0.0,65535.0,0.1484550240329595,0.0,0.0,0.0,0.0,0.0,0.0,0.0,0.0,0.0,0.0
146663.38,1.479124552644845,0.0,17421.0,37.0,0.27564999999788753,31.5,32.375,36.81,0.0,0.0,0.0,0.0,0.0,20.0,0.3,0.1,0.2,0.1,0.4,0.1,0.1,0.1,0.5,0.0,65535.0,0.335912108033875,0.0,65535.0,0.14830243381399252,0.0,0.0,0.0,0.0,0.0,0.0,0.0,0.0,0.0,0.0
146723.47,1.4979986528802032,0.0,17421.0,37.0,0.24354999999788576,31.4375,32.375,36.93000000000001,0.0,0.0,0.0,0.0,0.0,20.0,0.3,0.1,0.2,0.1,0.4,0.1,0.1,0.1,0.5,0.0,65535.0,0.3369039444571603,0.0,65535.0,0.15098802166781108,0.0,0.0,0.0,0.0,0.0,0.0,0.0,0.0,0.0,0.0
146783.55,1.488846943917093,0.0,17421.0,37.0,0.265349999997881,31.5,32.4375,36.85000000000002,0.0,0.0,0.0,0.0,0.0,20.0,0.3,0.1,0.2,0.1,0.4,0.1,0.1,0.1,0.5,0.0,65535.0,0.3374532692454414,0.0,65535.0,0.1471427481498436,0.0,0.0,0.0,0.0,0.0,0.0,0.0,0.0,0.0,0.0
146843.62,1.4793573895416938,0.0,17421.0,37.0,0.22594999999787335,31.5,32.375,37.01000000000005,0.0,0.0,0.0,0.0,0.0,20.0,0.3,0.1,0.2,0.1,0.4,0.1,0.1,0.1,0.5,0.0,65535.0,0.33725490196078434,0.0,65535.0,0.14782940413519494,0.0,0.0,0.0,0.0,0.0,0.0,0.0,0.0,0.0,0.0
146903.69,1.4811494415898996,0.0,17421.0,37.0,0.2980499999978797,31.5,32.4375,36.73000000000002,0.0,0.0,0.0,0.0,0.0,20.0,0.3,0.1,0.2,0.1,0.4,0.1,0.1,0.1,0.5,0.0,65535.0,0.3373769741359579,0.0,65535.0,0.14740215152208744,0.0,0.0,0.0,0.0,0.0,0.0,0.0,0.0,0.0,0.0
146963.74,1.4960950092452476,0.0,17421.0,37.0,0.2710499999978775,31.5625,32.375,36.85000000000002,0.0,0.0,0.0,0.0,0.0,20.0,0.3,0.1,0.2,0.1,0.4,0.1,0.1,0.1,0.5,0.0,65535.0,0.340337224383917,0.0,65535.0,0.15196459906919965,0.0,0.0,0.0,0.0,0.0,0.0,0.0,0.0,0.0,0.0
147023.82,1.4886589059126123,0.0,17421.0,37.0,0.26104999999787154,31.5,32.375,36.89000000000004,0.0,0.0,0.0,0.0,0.0,20.0,0.3,0.1,0.2,0.1,0.4,0.1,0.1,0.1,0.5,0.0,65535.0,0.33723964293888764,0.0,65535.0,0.14654764629587244,0.0,0.0,0.0,0.0,0.0,0.0,0.0,0.0,0.0,0.0
147083.88,1.486498152077334,0.0,17421.0,37.0,0.25834999999787056,31.5,32.4375,36.89000000000004,0.0,0.0,0.0,0.0,0.0,20.0,0.3,0.1,0.2,0.1,0.4,0.1,0.1,0.1,0.5,0.0,65535.0,0.3360952162966354,0.0,65535.0,0.1501029983978027,0.0,0.0,0.0,0.0,0.0,0.0,0.0,0.0,0.0,0.0
147143.93,1.4836962390713444,0.0,17421.0,37.0,0.27104999999787494,31.5625,32.375,36.85000000000002,0.0,0.0,0.0,0.0,0.0,20.0,0.3,0.1,0.2,0.1,0.4,0.1,0.1,0.1,0.5,0.0,65535.0,0.3394522011139086,0.0,65535.0,0.15056076905470359,0.0,0.0,0.0,0.0,0.0,0.0,0.0,0.0,0.0,0.0
147203.97,1.4807165894976193,0.0,17421.0,37.0,0.24104999999787297,31.5625,32.4375,36.97000000000003,0.0,0.0,0.0,0.0,0.0,20.0,0.3,0.1,0.2,0.1,0.4,0.1,0.1,0.1,0.5,0.0,65535.0,0.33643091477836273,0.0,65535.0,0.14874494544899672,0.0,0.0,0.0,0.0,0.0,0.0,0.0,0.0,0.0,0.0
147264.06,1.462766827061467,0.0,17421.0,37.0,0.22124999999787165,31.5625,32.4375,37.03000000000003,0.0,0.0,0.0,0.0,0.0,20.0,0.3,0.1,0.2,0.1,0.4,0.1,0.1,0.1,0.5,0.0,65535.0,0.3350270847638666,0.0,65535.0,0.14854657816433967,0.0,0.0,0.0,0.0,0.0,0.0,0.0,0.0,0.0,0.0
147324.14,1.4775522317836836,0.0,17421.0,37.0,0.26244999999787766,31.5,32.4375,36.870000000000005,0.0,0.0,0.0,0.0,0.0,20.0,0.3,0.1,0.2,0.1,0.4,0.1,0.1,0.1,0.5,0.0,65535.0,0.3386739909971771,0.0,65535.0,0.15187304493781947,0.0,0.0,0.0,0.0,0.0,0.0,0.0,0.0,0.0,0.0
147384.17,1.496214302210686,0.0,17421.0,37.0,0.19414999999786445,31.5,32.375,37.13000000000005,0.0,0.0,0.0,0.0,0.0,20.0,0.3,0.1,0.2,0.1,0.4,0.1,0.1,0.1,0.5,0.0,65535.0,0.3398489356832227,0.0,65535.0,0.15339894712748914,0.0,0.0,0.0,0.0,0.0,0.0,0.0,0.0,0.0,0.0
147444.25,1.4912306075751092,0.0,17421.0,37.0,0.24264999999787545,31.5,32.4375,36.93000000000001,0.0,0.0,0.0,0.0,0.0,20.0,0.3,0.1,0.2,0.1,0.4,0.1,0.1,0.1,0.5,0.0,65535.0,0.33714808880750746,0.0,65535.0,0.1492484931715877,0.0,0.0,0.0,0.0,0.0,0.0,0.0,0.0,0.0,0.0
147504.3,1.483910588150613,0.0,17421.0,37.0,0.2382499999978644,31.5625,32.375,36.950000000000045,0.0,0.0,0.0,0.0,0.0,20.0,0.3,0.1,0.2,0.1,0.4,0.1,0.1,0.1,0.5,0.0,65535.0,0.33846036469062335,0.0,65535.0,0.14891279468986038,0.0,0.0,0.0,0.0,0.0,0.0,0.0,0.0,0.0,0.0
147564.36,1.4728542586895,0.0,17421.0,37.0,0.22114999999786233,31.5625,32.375,37.01000000000005,0.0,0.0,0.0,0.0,0.0,20.0,0.3,0.1,0.2,0.1,0.4,0.1,0.1,0.1,0.5,0.0,65535.0,0.33627832455939577,0.0,65535.0,0.14695963988708324,0.0,0.0,0.0,0.0,0.0,0.0,0.0,0.0,0.0,0.0
147624.43,1.4794486302621068,0.0,17421.0,37.0,0.22084999999786092,31.5,32.4375,37.01000000000005,0.0,0.0,0.0,0.0,0.0,20.0,0.3,0.1,0.2,0.1,0.4,0.1,0.1,0.1,0.5,0.0,65535.0,0.3361562523842222,0.0,65535.0,0.1484245059891661,0.0,0.0,0.0,0.0,0.0,0.0,0.0,0.0,0.0,0.0
147684.5,1.465629771730041,0.0,17421.0,37.0,0.23614999999786035,31.4375,32.4375,36.950000000000045,0.0,0.0,0.0,0.0,0.0,20.0,0.3,0.1,0.2,0.1,0.4,0.1,0.1,0.1,0.5,0.0,65535.0,0.3387045090409705,0.0,65535.0,0.14860761425192645,0.0,0.0,0.0,0.0,0.0,0.0,0.0,0.0,0.0,0.0
147744.58,1.4764905993347277,0.0,17421.0,37.0,0.222949999997859,31.4375,32.4375,37.01000000000005,0.0,0.0,0.0,0.0,0.0,20.0,0.3,0.1,0.2,0.1,0.4,0.1,0.1,0.1,0.5,0.0,65535.0,0.33714808880750746,0.0,65535.0,0.15141527428091858,0.0,0.0,0.0,0.0,0.0,0.0,0.0,0.0,0.0,0.0
147804.64,1.471477930028022,0.0,17421.0,37.0,0.22234999999785784,31.4375,32.4375,37.01000000000005,0.0,0.0,0.0,0.0,0.0,20.0,0.3,0.1,0.2,0.1,0.4,0.1,0.1,0.1,0.5,0.0,65535.0,0.3399099717708095,0.0,65535.0,0.14738689250019074,0.0,0.0,0.0,0.0,0.0,0.0,0.0,0.0,0.0,0.0
147864.72,1.4751995443976293,0.0,17421.0,37.0,0.19554999999786546,31.5,32.4375,37.110000000000014,0.0,0.0,0.0,0.0,0.0,20.0,0.3,0.1,0.2,0.1,0.4,0.1,0.1,0.1,0.5,0.0,65535.0,0.33803311207751585,0.0,65535.0,0.14850080109864958,0.0,0.0,0.0,0.0,0.0,0.0,0.0,0.0,0.0,0.0
147924.79,1.4861262718922292,0.0,17421.0,37.0,0.25824999999786696,31.4375,32.4375,36.870000000000005,0.0,0.0,0.0,0.0,0.0,20.0,0.3,0.1,0.2,0.1,0.4,0.1,0.1,0.1,0.5,0.0,65535.0,0.33809414816510264,0.0,65535.0,0.14613565270466164,0.0,0.0,0.0,0.0,0.0,0.0,0.0,0.0,0.0,0.0
147984.86,1.4689505895596526,0.0,17421.0,37.0,0.21884999999786015,31.5,32.4375,37.03000000000003,0.0,0.0,0.0,0.0,0.0,20.0,0.3,0.1,0.2,0.1,0.4,0.1,0.1,0.1,0.5,0.0,65535.0,0.33882658121614406,0.0,65535.0,0.14898908979934386,0.0,0.0,0.0,0.0,0.0,0.0,0.0,0.0,0.0,0.0
148044.94,1.4764255879326829,0.0,17421.0,37.0,0.25294999999785583,31.5,32.4375,36.89000000000004,0.0,0.0,0.0,0.0,0.0,20.0,0.3,0.1,0.2,0.1,0.4,0.1,0.1,0.1,0.5,0.0,65535.0,0.34265659571221485,0.0,65535.0,0.14976729991607537,0.0,0.0,0.0,0.0,0.0,0.0,0.0,0.0,0.0,0.0
148105.01,1.47473431223616,0.0,17421.0,37.0,0.2815499999978608,31.5,32.4375,36.79000000000002,0.0,0.0,0.0,0.0,0.0,20.0,0.3,0.1,0.2,0.1,0.4,0.1,0.1,0.1,0.5,0.0,65535.0,0.3391927977416648,0.0,65535.0,0.15126268406195162,0.0,0.0,0.0,0.0,0.0,0.0,0.0,0.0,0.0,0.0
148165.1,1.4488975302813056,0.0,17421.0,37.0,0.22214999999785795,31.5,32.375,37.03000000000003,0.0,0.0,0.0,0.0,0.0,20.0,0.3,0.1,0.2,0.1,0.4,0.1,0.1,0.1,0.5,0.0,65535.0,0.34139009689478905,0.0,65535.0,0.15281910429541468,0.0,0.0,0.0,0.0,0.0,0.0,0.0,0.0,0.0,0.0
148225.2,1.501502088676347,0.0,17421.0,37.0,0.21594999999786188,31.5,32.4375,37.05000000000001,0.0,0.0,0.0,0.0,0.0,20.0,0.3,0.1,0.2,0.1,0.4,0.1,0.1,0.1,0.5,0.0,65535.0,0.3407492179751278,0.0,65535.0,0.15204089417868313,0.0,0.0,0.0,0.0,0.0,0.0,0.0,0.0,0.0,0.0
148285.29,1.4731591697009288,0.0,17421.0,37.0,0.19399999999785086,31.5,32.4375,36.950000000000045,0.0,0.0,0.0,0.0,0.0,20.0,0.3,0.1,0.2,0.1,0.4,0.1,0.1,0.1,0.5,0.0,65535.0,0.3402914473182269,0.0,65535.0,0.1462577248798352,0.0,0.0,0.0,0.0,0.0,0.0,0.0,0.0,0.0,0.0
148345.37,1.4514395004308156,0.0,17421.0,37.0,0.21159999999786072,31.5,32.4375,36.79000000000002,0.0,0.0,0.0,0.0,0.0,20.0,0.3,0.1,0.2,0.1,0.4,0.1,0.1,0.1,0.5,0.0,65535.0,0.34006256198977647,0.0,65535.0,0.147173266193637,0.0,0.0,0.0,0.0,0.0,0.0,0.0,0.0,0.0,0.0
148405.46,1.4748485843527175,0.0,17421.0,37.0,0.2654999999978569,31.5,32.4375,36.85000000000002,0.0,0.0,0.0,0.0,0.0,20.0,0.3,0.1,0.2,0.1,0.4,0.1,0.1,0.1,0.5,0.0,65535.0,0.3402761882963302,0.0,65535.0,0.14734111543450065,0.0,0.0,0.0,0.0,0.0,0.0,0.0,0.0,0.0,0.0
148465.54,1.4658093548520963,0.0,17421.0,37.0,0.25519999999785037,31.4375,32.4375,36.85000000000002,0.0,0.0,0.0,0.0,0.0,20.0,0.3,0.1,0.2,0.1,0.4,0.1,0.1,0.1,0.5,0.0,65535.0,0.33965056839856567,0.0,65535.0,0.14940108339055466,0.0,0.0,0.0,0.0,0.0,0.0,0.0,0.0,0.0,0.0
148525.61,1.4525824405968093,0.0,17421.0,37.0,0.21519999999785744,31.4375,32.4375,36.93000000000001,0.0,0.0,0.0,0.0,0.0,20.0,0.3,0.1,0.2,0.1,0.4,0.1,0.1,0.1,0.5,0.0,65535.0,0.34262607766842146,0.0,65535.0,0.14891279468986038,0.0,0.0,0.0,0.0,0.0,0.0,0.0,0.0,0.0,0.0
148585.69,1.45427696228566,0.0,17421.0,37.0,0.23549999999785234,31.5,32.4375,37.03000000000003,0.0,0.0,0.0,0.0,0.0,20.0,0.3,0.1,0.2,0.1,0.4,0.1,0.1,0.1,0.5,0.0,65535.0,0.34146639200427253,0.0,65535.0,0.14911116197451743,0.0,0.0,0.0,0.0,0.0,0.0,0.0,0.0,0.0,0.0
148645.75,1.458662295914658,0.0,17421.0,37.0,0.2460999999978569,31.5,32.375,36.79000000000002,0.0,0.0,0.0,0.0,0.0,20.0,0.3,0.1,0.2,0.1,0.4,0.1,0.1,0.1,0.5,0.0,65535.0,0.3411764705882353,0.0,65535.0,0.14821087968261235,0.0,0.0,0.0,0.0,0.0,0.0,0.0,0.0,0.0,0.0
148705.84,1.438079581739377,0.0,17421.0,37.0,0.20669999999785008,31.5,32.375,36.93000000000001,0.0,0.0,0.0,0.0,0.0,20.0,0.3,0.1,0.2,0.1,0.4,0.1,0.1,0.1,0.5,0.0,65535.0,0.34134431982909896,0.0,65535.0,0.14915693904020752,0.0,0.0,0.0,0.0,0.0,0.0,0.0,0.0,0.0,0.0
148765.93,1.4588572908960529,0.0,17421.0,37.0,0.22609999999784494,31.5,32.4375,37.110000000000014,0.0,0.0,0.0,0.0,0.0,20.0,0.3,0.1,0.2,0.1,0.4,0.1,0.1,0.1,0.5,0.0,65535.0,0.33975738155184254,0.0,65535.0,0.14772259098191806,0.0,0.0,0.0,0.0,0.0,0.0,0.0,0.0,0.0,0.0
148826.03,1.4673328843402613,0.0,17421.0,37.0,0.2422999999978444,31.5,32.4375,36.85000000000002,0.0,0.0,0.0,0.0,0.0,20.0,0.3,0.1,0.2,0.1,0.4,0.1,0.1,0.1,0.5,0.0,65535.0,0.3406576638437476,0.0,65535.0,0.1487907225146868,0.0,0.0,0.0,0.0,0.0,0.0,0.0,0.0,0.0,0.0
148886.09,1.4618880819590323,0.0,17421.0,37.0,0.19869999999785137,31.5,32.4375,37.01000000000005,0.0,0.0,0.0,0.0,0.0,20.0,0.3,0.1,0.2,0.1,0.4,0.1,0.1,0.1,0.5,0.0,65535.0,0.33881132219424737,0.0,65535.0,0.14869916838330663,0.0,0.0,0.0,0.0,0.0,0.0,0.0,0.0,0.0,0.0
148946.13,1.4573739922994395,0.0,17421.0,37.0,0.1700999999978447,31.4375,32.375,36.89000000000004,0.0,0.0,0.0,0.0,0.0,20.0,0.3,0.1,0.2,0.1,0.4,0.1,0.1,0.1,0.5,0.0,65535.0,0.3394216830701152,0.0,65535.0,0.14937056534676127,0.0,0.0,0.0,0.0,0.0,0.0,0.0,0.0,0.0,0.0
149006.23,1.435621956266702,0.0,17421.0,37.0,0.24279999999785132,31.5,32.4375,36.93000000000001,0.0,0.0,0.0,0.0,0.0,20.0,0.3,0.1,0.2,0.1,0.4,0.1,0.1,0.1,0.5,0.0,65535.0,0.3432364385442893,0.0,65535.0,0.148027771419852,0.0,0.0,0.0,0.0,0.0,0.0,0.0,0.0,0.0,0.0
149066.31,1.452769416497684,0.0,17421.0,37.0,0.2245999999978403,31.4375,32.375,36.85000000000002,0.0,0.0,0.0,0.0,0.0,20.0,0.3,0.1,0.2,0.1,0.4,0.1,0.1,0.1,0.5,0.0,65535.0,0.3407186999313344,0.0,65535.0,0.14560158693827727,0.0,0.0,0.0,0.0,0.0,0.0,0.0,0.0,0.0,0.0
149126.41,1.4312847986874222,0.0,17421.0,37.0,0.22639999999783952,31.5,32.375,37.01000000000005,0.0,0.0,0.0,0.0,0.0,20.0,0.3,0.1,0.2,0.1,0.4,0.1,0.1,0.1,0.5,0.0,65535.0,0.338979171435111,0.0,65535.0,0.1479667353322652,0.0,0.0,0.0,0.0,0.0,0.0,0.0,0.0,0.0,0.0
149186.49,1.444045779036927,0.0,17421.0,37.0,0.25849999999783957,31.5,32.4375,36.950000000000045,0.0,0.0,0.0,0.0,0.0,20.0,0.3,0.1,0.2,0.1,0.4,0.1,0.1,0.1,0.5,0.0,65535.0,0.33968108644235906,0.0,65535.0,0.147524223697261,0.0,0.0,0.0,0.0,0.0,0.0,0.0,0.0,0.0,0.0
149246.52,1.4603668522599318,0.0,17421.0,37.0,0.20549999999784174,31.5625,32.5,36.93000000000001,0.0,0.0,0.0,0.0,0.0,20.0,0.3,0.1,0.2,0.1,0.4,0.1,0.1,0.1,0.5,0.0,65535.0,0.3399099717708095,0.0,65535.0,0.1450064850843061,0.0,0.0,0.0,0.0,0.0,0.0,0.0,0.0,0.0,0.0
149306.56,1.4741039876669468,0.0,17421.0,37.0,0.18009999999784465,31.5,32.4375,36.85000000000002,0.0,0.0,0.0,0.0,0.0,20.0,0.3,0.1,0.2,0.1,0.4,0.1,0.1,0.1,0.5,0.0,65535.0,0.3415732051575494,0.0,65535.0,0.1458609903105211,0.0,0.0,0.0,0.0,0.0,0.0,0.0,0.0,0.0,0.0
149366.61,1.4254290896658866,0.0,17421.0,37.0,0.2786999999978428,31.5,32.4375,36.81,0.0,0.0,0.0,0.0,0.0,20.0,0.3,0.1,0.2,0.1,0.4,0.1,0.1,0.1,0.5,0.0,65535.0,0.3403830014496071,0.0,65535.0,0.1492790112153811,0.0,0.0,0.0,0.0,0.0,0.0,0.0,0.0,0.0,0.0
149426.69,1.437480046771635,0.0,17421.0,37.0,0.24639999999784543,31.5,32.4375,36.89000000000004,0.0,0.0,0.0,0.0,0.0,20.0,0.3,0.1,0.2,0.1,0.4,0.1,0.1,0.1,0.5,0.0,65535.0,0.3416037232013428,0.0,65535.0,0.14573891813534753,0.0,0.0,0.0,0.0,0.0,0.0,0.0,0.0,0.0,0.0
149486.77,1.4224436874479576,0.0,17421.0,37.0,0.22289999999783922,31.5,32.4375,36.950000000000045,0.0,0.0,0.0,0.0,0.0,20.0,0.3,0.1,0.2,0.1,0.4,0.1,0.1,0.1,0.5,0.0,65535.0,0.3433890287632563,0.0,65535.0,0.1500724803540093,0.0,0.0,0.0,0.0,0.0,0.0,0.0,0.0,0.0,0.0
149546.85,1.420138760060709,0.0,17421.0,37.0,0.26819999999783983,31.5,32.4375,36.950000000000045,0.0,0.0,0.0,0.0,0.0,20.0,0.3,0.1,0.2,0.1,0.4,0.1,0.1,0.1,0.5,0.0,65535.0,0.3420004577706569,0.0,65535.0,0.1527580682078279,0.0,0.0,0.0,0.0,0.0,0.0,0.0,0.0,0.0,0.0
149606.9,1.4414094326369904,0.0,17421.0,37.0,0.216099999997842,31.5625,32.4375,36.93000000000001,0.0,0.0,0.0,0.0,0.0,20.0,0.3,0.1,0.2,0.1,0.4,0.1,0.1,0.1,0.5,0.0,65535.0,0.34261081864652476,0.0,65535.0,0.14782940413519494,0.0,0.0,0.0,0.0,0.0,0.0,0.0,0.0,0.0,0.0
149666.96,1.4360210860693055,0.0,17421.0,37.0,0.22169999999783688,31.5625,32.375,36.870000000000005,0.0,0.0,0.0,0.0,0.0,20.0,0.3,0.1,0.2,0.1,0.4,0.1,0.1,0.1,0.5,0.0,65535.0,0.3427634088654917,0.0,65535.0,0.147524223697261,0.0,0.0,0.0,0.0,0.0,0.0,0.0,0.0,0.0,0.0
149727.03,1.4264017698104234,0.0,17421.0,37.0,0.2831999999978386,31.5625,32.4375,36.97000000000003,0.0,0.0,0.0,0.0,0.0,20.0,0.3,0.1,0.2,0.1,0.4,0.1,0.1,0.1,0.5,0.0,65535.0,0.34479285877775234,0.0,65535.0,0.15109483482108796,0.0,0.0,0.0,0.0,0.0,0.0,0.0,0.0,0.0,0.0
149787.08,1.4250812944409526,0.0,17421.0,37.0,0.2390999999978361,31.5625,32.4375,36.950000000000045,0.0,0.0,0.0,0.0,0.0,20.0,0.3,0.1,0.2,0.1,0.4,0.1,0.1,0.1,0.5,0.0,65535.0,0.34308384832532235,0.0,65535.0,0.15123216601815823,0.0,0.0,0.0,0.0,0.0,0.0,0.0,0.0,0.0,0.0
149847.12,1.4420837560505992,0.0,17421.0,37.0,0.22109999999783483,31.5625,32.375,37.05000000000001,0.0,0.0,0.0,0.0,0.0,20.0,0.3,0.1,0.2,0.1,0.4,0.1,0.1,0.1,0.5,0.0,65535.0,0.3433279926756695,0.0,65535.0,0.14612039368276494,0.0,0.0,0.0,0.0,0.0,0.0,0.0,0.0,0.0,0.0
149907.19,1.438348506940324,0.0,17421.0,37.0,0.24519999999783962,31.5625,32.4375,36.950000000000045,0.0,0.0,0.0,0.0,0.0,20.0,0.3,0.1,0.2,0.1,0.4,0.1,0.1,0.1,0.5,0.0,65535.0,0.34357213702601663,0.0,65535.0,0.14476234073395897,0.0,0.0,0.0,0.0,0.0,0.0,0.0,0.0,0.0,0.0
149967.25,1.4054254140738733,0.0,17421.0,37.0,0.21809999999783328,31.5,32.4375,36.870000000000005,0.0,0.0,0.0,0.0,0.0,20.0,0.3,0.1,0.2,0.1,0.4,0.1,0.1,0.1,0.5,0.0,65535.0,0.3425650415808347,0.0,65535.0,0.14442664225223162,0.0,0.0,0.0,0.0,0.0,0.0,0.0,0.0,0.0,0.0
150027.33,1.4404101177323856,0.0,17421.0,37.0,0.23279999999783327,31.5,32.4375,36.97000000000003,0.0,0.0,0.0,0.0,0.0,20.0,0.3,0.1,0.2,0.1,0.4,0.1,0.1,0.1,0.5,0.0,65535.0,0.3425650415808347,0.0,65535.0,0.1436484321355001,0.0,0.0,0.0,0.0,0.0,0.0,0.0,0.0,0.0,0.0
150087.4,1.4125401757247351,0.0,17421.0,37.0,0.2327999999978324,31.5625,32.375,36.89000000000004,0.0,0.0,0.0,0.0,0.0,20.0,0.3,0.1,0.2,0.1,0.4,0.1,0.1,0.1,0.5,0.0,65535.0,0.3407949950408179,0.0,65535.0,0.14743266956588083,0.0,0.0,0.0,0.0,0.0,0.0,0.0,0.0,0.0,0.0
150147.47,1.4205357360977948,0.0,17421.0,37.0,0.25899999999783785,31.5625,32.4375,36.93000000000001,0.0,0.0,0.0,0.0,0.0,20.0,0.3,0.1,0.2,0.1,0.4,0.1,0.1,0.1,0.5,0.0,65535.0,0.34145113298237584,0.0,65535.0,0.14653238727397574,0.0,0.0,0.0,0.0,0.0,0.0,0.0,0.0,0.0,0.0
150207.54,1.403509461027101,0.0,17421.0,37.0,0.2233999999978259,31.5,32.4375,36.710000000000036,0.0,0.0,0.0,0.0,0.0,20.0,0.3,0.1,0.2,0.1,0.4,0.1,0.1,0.1,0.5,0.0,65535.0,0.34227512016479744,0.0,65535.0,0.14656290531776914,0.0,0.0,0.0,0.0,0.0,0.0,0.0,0.0,0.0,0.0
150267.61,1.3984187665597385,0.0,17421.0,37.0,0.21339999999783413,31.5,32.4375,36.85000000000002,0.0,0.0045,0.25,0.0,0.0,20.0,0.3,0.1,0.2,0.1,0.4,0.1,0.1,0.1,0.5,0.0,65535.0,0.3412985427634089,0.0,65535.0,0.14656290531776914,0.0,0.0,0.0,0.0,0.0,0.0,0.0,0.0,0.0,0.0
150327.64,1.365759169102997,0.0,17421.0,37.0,0.32844999999782243,31.4375,32.4375,36.63000000000005,0.0,0.0,0.0,0.0,0.0,20.0,0.3,0.1,0.2,0.1,0.4,0.1,0.1,0.1,0.5,0.0,65535.0,0.336217288471809,0.0,65535.0,0.14453345540550852,0.0,0.0,0.0,0.0,0.0,0.0,0.0,0.0,0.0,0.0
150387.7,1.3633013058137005,0.0,17421.0,37.0,0.2544999999978337,31.4375,32.4375,36.89000000000004,0.0,0.0,0.0,0.0,0.0,20.0,0.3,0.1,0.2,0.1,0.4,0.1,0.1,0.1,0.5,0.0,65535.0,0.3350270847638666,0.0,65535.0,0.1441214618142977,0.0,0.0,0.0,0.0,0.0,0.0,0.0,0.0,0.0,0.0
150447.77,1.3761572445538197,0.0,17421.0,37.0,0.23779999999782217,31.5625,32.4375,36.79000000000002,0.0,0.0,0.0,0.0,0.0,20.0,0.3,0.1,0.2,0.1,0.4,0.1,0.1,0.1,0.5,0.0,65535.0,0.3360494392309453,0.0,65535.0,0.14552529182879378,0.0,0.0,0.0,0.0,0.0,0.0,0.0,0.0,0.0,0.0
150507.82,1.3607017885503079,0.0,17421.0,37.0,0.25689999999783153,31.625,32.4375,36.950000000000045,0.0,0.0,0.0,0.0,0.0,20.0,0.3,0.1,0.2,0.1,0.4,0.1,0.1,0.1,0.5,0.0,65535.0,0.3391165026321813,0.0,65535.0,0.14081025406271458,0.0,0.0,0.0,0.0,0.0,0.0,0.0,0.0,0.0,0.0
150567.88,1.3538235029270558,0.0,17421.0,37.0,0.2724999999978315,31.5625,32.4375,37.09000000000003,0.0,0.0,0.0,0.0,0.0,20.0,0.3,0.1,0.2,0.1,0.4,0.1,0.1,0.1,0.5,0.0,65535.0,0.3370107576104372,0.0,65535.0,0.1398641947051194,0.0,0.0,0.0,0.0,0.0,0.0,0.0,0.0,0.0,0.0
150627.95,1.3763065289937204,0.0,17421.0,37.0,0.1932999999978282,31.5625,32.4375,37.01000000000005,0.0,0.0,0.0,0.0,0.0,20.0,0.3,0.1,0.2,0.1,0.4,0.1,0.1,0.1,0.5,0.0,65535.0,0.3365987640192264,0.0,65535.0,0.1403524834058137,0.0,0.0,0.0,0.0,0.0,0.0,0.0,0.0,0.0,0.0
150688.02,1.3802910618990434,0.0,17421.0,37.0,0.2294999999978237,31.5625,32.4375,36.870000000000005,0.0,0.0,0.0,0.0,0.0,20.0,0.3,0.1,0.2,0.1,0.4,0.1,0.1,0.1,0.5,0.0,65535.0,0.340840772106508,0.0,65535.0,0.1445181963836118,0.0,0.0,0.0,0.0,0.0,0.0,0.0,0.0,0.0,0.0
150748.09,1.3650148354953267,0.0,17421.0,37.0,0.25359999999782845,31.625,32.4375,37.05000000000001,0.0,0.0,0.0,0.0,0.0,20.0,0.3,0.1,0.2,0.1,0.4,0.1,0.1,0.1,0.5,0.0,65535.0,0.33490501258869304,0.0,65535.0,0.1419546807049668,0.0,0.0,0.0,0.0,0.0,0.0,0.0,0.0,0.0,0.0
150808.13,1.3648686521189326,0.0,17421.0,37.0,0.21089999999782125,31.625,32.4375,36.870000000000005,0.0,0.0,0.0,0.0,0.0,20.0,0.3,0.1,0.2,0.1,0.4,0.1,0.1,0.1,0.5,0.0,65535.0,0.3398794537270161,0.0,65535.0,0.1440756847486076,0.0,0.0,0.0,0.0,0.0,0.0,0.0,0.0,0.0,0.0
150868.18,1.3599047633054826,0.0,17421.0,37.0,0.2478999999978268,31.625,32.4375,36.73000000000002,0.0,0.0,0.0,0.0,0.0,20.0,0.3,0.1,0.2,0.1,0.4,0.1,0.1,0.1,0.5,0.0,65535.0,0.33762111848630505,0.0,65535.0,0.1454947737850004,0.0,0.0,0.0,0.0,0.0,0.0,0.0,0.0,0.0,0.0
150928.22,1.3519415417635319,0.0,17421.0,37.0,0.22609999999781566,31.5625,32.4375,36.85000000000002,0.0,0.0,0.0,0.0,0.0,20.0,0.3,0.1,0.2,0.1,0.4,0.1,0.1,0.1,0.5,0.0,65535.0,0.3382009613183795,0.0,65535.0,0.13957427328908217,0.0,0.0,0.0,0.0,0.0,0.0,0.0,0.0,0.0,0.0
150988.26,1.3693499278773285,0.0,17421.0,37.0,0.22429999999781475,31.5,32.4375,36.81,0.0,0.0,0.0,0.0,0.0,20.0,0.3,0.1,0.2,0.1,0.4,0.1,0.1,0.1,0.5,0.0,65535.0,0.3370565346761273,0.0,65535.0,0.1415884641794461,0.0,0.0,0.0,0.0,0.0,0.0,0.0,0.0,0.0,0.0
151048.31,1.3556078068237258,0.0,17421.0,37.0,0.2216999999978188,31.5,32.5,36.73000000000002,0.0,0.0,0.0,0.0,0.0,20.0,0.3,0.1,0.2,0.1,0.4,0.1,0.1,0.1,0.5,0.0,65535.0,0.3379110399023423,0.0,65535.0,0.14264133669031814,0.0,0.0,0.0,0.0,0.0,0.0,0.0,0.0,0.0,0.0
151108.34,1.342926514274591,0.0,17421.0,37.0,0.23549999999781876,31.5,32.4375,37.13000000000005,0.0,0.0,0.0,0.0,0.0,20.0,0.3,0.1,0.2,0.1,0.4,0.1,0.1,0.1,0.5,0.0,65535.0,0.33714808880750746,0.0,65535.0,0.1398947127489128,0.0,0.0,0.0,0.0,0.0,0.0,0.0,0.0,0.0,0.0
151168.37,1.3481611333079804,0.0,17421.0,37.0,0.18159999999782087,31.5,32.4375,37.03000000000003,0.0,0.0,0.0,0.0,0.0,20.0,0.3,0.1,0.2,0.1,0.4,0.1,0.1,0.1,0.5,0.0,65535.0,0.33768215457389184,0.0,65535.0,0.14309910734721903,0.0,0.0,0.0,0.0,0.0,0.0,0.0,0.0,0.0,0.0
151228.45,1.3469197824064194,0.0,17421.0,37.0,0.21899999999781697,31.4375,32.4375,36.85000000000002,0.0,0.0,0.0,0.0,0.0,20.0,0.3,0.1,0.2,0.1,0.4,0.1,0.1,0.1,0.5,0.0,65535.0,0.3373922331578546,0.0,65535.0,0.14018463416495003,0.0,0.0,0.0,0.0,0.0,0.0,0.0,0.0,0.0,0.0
151288.51,1.3440016680532336,0.0,17421.0,37.0,0.223699999997811,31.4375,32.4375,36.89000000000004,0.0,0.0,0.0,0.0,0.0,20.0,0.3,0.1,0.2,0.1,0.4,0.1,0.1,0.1,0.5,0.0,65535.0,0.3369497215228504,0.0,65535.0,0.1432059205004959,0.0,0.0,0.0,0.0,0.0,0.0,0.0,0.0,0.0,0.0
151348.59,1.3546961096089913,0.0,17421.0,37.0,0.23369999999781527,31.5,32.375,36.93000000000001,0.0,0.0,0.0,0.0,0.0,20.0,0.3,0.1,0.2,0.1,0.4,0.1,0.1,0.1,0.5,0.0,65535.0,0.3364919508659495,0.0,65535.0,0.1419394216830701,0.0,0.0,0.0,0.0,0.0,0.0,0.0,0.0,0.0,0.0
151408.67,1.330953260993967,0.0,17421.0,37.0,0.2586999999978201,31.4375,32.4375,36.85000000000002,0.0,0.0,0.0,0.0,0.0,20.0,0.3,0.1,0.2,0.1,0.4,0.1,0.1,0.1,0.5,0.0,65535.0,0.3351338979171435,0.0,65535.0,0.14044403753719387,0.0,0.0,0.0,0.0,0.0,0.0,0.0,0.0,0.0,0.0
151468.73,1.316086379834523,0.0,17421.0,37.0,0.23459999999781359,31.5,32.4375,36.77000000000004,0.0,0.0,0.0,0.0,0.0,20.0,0.3,0.1,0.2,0.1,0.4,0.1,0.1,0.1,0.5,0.0,65535.0,0.33716334782940416,0.0,65535.0,0.14084077210650797,0.0,0.0,0.0,0.0,0.0,0.0,0.0,0.0,0.0,0.0
151528.79,1.3397456773589653,0.0,17421.0,37.0,0.17539999999780545,31.5,32.375,36.89000000000004,0.0,0.0,0.0,0.0,0.0,20.0,0.3,0.1,0.2,0.1,0.4,0.1,0.1,0.1,0.5,0.0,65535.0,0.3354695963988708,0.0,65535.0,0.13981841763942932,0.0,0.0,0.0,0.0,0.0,0.0,0.0,0.0,0.0,0.0
151588.85,1.3226039193249894,0.0,17421.0,37.0,0.2494999999978074,31.5,32.4375,36.79000000000002,0.0,0.0,0.0,0.0,0.0,20.0,0.3,0.1,0.2,0.1,0.4,0.1,0.1,0.1,0.5,0.0,65535.0,0.3382925154497597,0.0,65535.0,0.13768215457389182,0.0,0.0,0.0,0.0,0.0,0.0,0.0,0.0,0.0,0.0
151648.89,1.3120972121696586,0.0,17421.0,37.0,0.21449999999780994,31.5,32.375,36.79000000000002,0.0,0.0,0.0,0.0,0.0,20.0,0.3,0.1,0.2,0.1,0.4,0.1,0.1,0.1,0.5,0.0,65535.0,0.3378194857709621,0.0,65535.0,0.1416189822232395,0.0,0.0,0.0,0.0,0.0,0.0,0.0,0.0,0.0,0.0
151708.91,1.3175077978493297,0.0,17421.0,37.0,0.2436999999978152,31.5625,32.4375,36.89000000000004,0.0,0.0,0.0,0.0,0.0,20.0,0.3,0.1,0.2,0.1,0.4,0.1,0.1,0.1,0.5,0.0,65535.0,0.3377584496833753,0.0,65535.0,0.13965056839856566,0.0,0.0,0.0,0.0,0.0,0.0,0.0,0.0,0.0,0.0
151768.96,1.322028706294534,0.0,17421.0,37.0,0.25459999999780525,31.5,32.4375,36.77000000000004,0.0,0.0,0.0,0.0,0.0,20.0,0.3,0.1,0.2,0.1,0.4,0.1,0.1,0.1,0.5,0.0,65535.0,0.33803311207751585,0.0,65535.0,0.14094758525978485,0.0,0.0,0.0,0.0,0.0,0.0,0.0,0.0,0.0,0.0
151829.02,1.317422440211772,0.0,17421.0,37.0,0.24399999999781405,31.5,32.4375,36.89000000000004,0.0,0.0,0.0,0.0,0.0,20.0,0.3,0.1,0.2,0.1,0.4,0.1,0.1,0.1,0.5,0.0,65535.0,0.3360799572747387,0.0,65535.0,0.1399252307927062,0.0,0.0,0.0,0.0,0.0,0.0,0.0,0.0,0.0,0.0
151889.06,1.321741671834463,0.0,17421.0,37.0,0.25839999999781427,31.5,32.375,36.79000000000002,0.0,0.0,0.0,0.0,0.0,20.0,0.3,0.1,0.2,0.1,0.4,0.1,0.1,0.1,0.5,0.0,65535.0,0.3394979781795987,0.0,65535.0,0.14039826047150378,0.0,0.0,0.0,0.0,0.0,0.0,0.0,0.0,0.0,0.0
151949.09,1.3272770710349258,0.0,17421.0,37.0,0.24639999999781353,31.4375,32.4375,36.81,0.0,0.0,0.0,0.0,0.0,20.0,0.3,0.1,0.2,0.1,0.4,0.1,0.1,0.1,0.5,0.0,65535.0,0.339833676661326,0.0,65535.0,0.13968108644235905,0.0,0.0,0.0,0.0,0.0,0.0,0.0,0.0,0.0,0.0
152009.17,1.322108555662194,0.0,17421.0,37.0,0.2007999999978115,31.5625,32.375,37.01000000000005,0.0,0.0,0.0,0.0,0.0,20.0,0.3,0.1,0.2,0.1,0.4,0.1,0.1,0.1,0.5,0.0,65535.0,0.3404440375371939,0.0,65535.0,0.1419851987487602,0.0,0.0,0.0,0.0,0.0,0.0,0.0,0.0,0.0,0.0
152069.3,1.3006311607273235,0.0,17421.0,37.0,0.19369999999780035,31.5,32.4375,36.85000000000002,0.0,0.0,0.0,0.0,0.0,20.0,0.3,0.1,0.2,0.1,0.4,0.1,0.1,0.1,0.5,0.0,65535.0,0.3373311970702678,0.0,65535.0,0.1390554665445945,0.0,0.0,0.0,0.0,0.0,0.0,0.0,0.0,0.0,0.0
152129.39,1.2910461253290555,0.0,17421.0,37.0,0.19509999999780903,31.5,32.375,36.89000000000004,0.0,0.0,0.0,0.0,0.0,20.0,0.3,0.1,0.2,0.1,0.4,0.1,0.1,0.1,0.5,0.0,65535.0,0.33725490196078434,0.0,65535.0,0.1394674601358053,0.0,0.0,0.0,0.0,0.0,0.0,0.0,0.0,0.0,0.0
152189.47,1.3036253707641152,0.0,17421.0,37.0,0.2338999999977996,31.4375,32.4375,36.73000000000002,0.0,0.0,0.0,0.0,0.0,20.0,0.3,0.1,0.2,0.1,0.4,0.1,0.1,0.1,0.5,0.0,65535.0,0.3358205539024948,0.0,65535.0,0.13800259403372245,0.0,0.0,0.0,0.0,0.0,0.0,0.0,0.0,0.0,0.0
152249.53,1.29734345311056,0.0,17421.0,37.0,0.19149999999780717,31.5625,32.4375,36.710000000000036,0.0,0.0,0.0,0.0,0.0,20.0,0.3,0.1,0.2,0.1,0.4,0.1,0.1,0.1,0.5,0.0,65535.0,0.33752956435492487,0.0,65535.0,0.13934538796063173,0.0,0.0,0.0,0.0,0.0,0.0,0.0,0.0,0.0,0.0
152309.59,1.305852282454733,0.0,17421.0,37.0,0.2830999999978,31.5,32.375,36.89000000000004,0.0,0.0,0.0,0.0,0.0,20.0,0.3,0.1,0.2,0.1,0.4,0.1,0.1,0.1,0.5,0.0,65535.0,0.3358205539024948,0.0,65535.0,0.13873502708476387,0.0,0.0,0.0,0.0,0.0,0.0,0.0,0.0,0.0,0.0
152369.66,1.281931370619046,0.0,17421.0,37.0,0.2563999999977976,31.5,32.4375,36.85000000000002,0.0,0.0,0.0,0.0,0.0,20.0,0.3,0.1,0.2,0.1,0.4,0.1,0.1,0.1,0.5,0.0,65535.0,0.33533226520180054,0.0,65535.0,0.13878080415045396,0.0,0.0,0.0,0.0,0.0,0.0,0.0,0.0,0.0,0.0
152429.74,1.3102744789976999,0.0,17421.0,37.0,0.22199999999780043,31.5625,32.4375,37.190000000000055,0.0,0.0,0.0,0.0,0.0,20.0,0.3,0.1,0.2,0.1,0.4,0.1,0.1,0.1,0.5,0.0,65535.0,0.3364766918440528,0.0,65535.0,0.1382467383840696,0.0,0.0,0.0,0.0,0.0,0.0,0.0,0.0,0.0,0.0
152489.82,1.2958294400535937,0.0,17421.0,37.0,0.1924999999977937,31.5625,32.4375,36.73000000000002,0.0,0.0,0.0,0.0,0.0,20.0,0.3,0.1,0.2,0.1,0.4,0.1,0.1,0.1,0.5,0.0,65535.0,0.33636987869077595,0.0,65535.0,0.1390096894789044,0.0,0.0,0.0,0.0,0.0,0.0,0.0,0.0,0.0,0.0
152549.85,1.3032834541581493,0.0,17421.0,37.0,0.23339999999779915,31.5625,32.4375,36.79000000000002,0.0,0.0,0.0,0.0,0.0,20.0,0.3,0.1,0.2,0.1,0.4,0.1,0.1,0.1,0.5,0.0,65535.0,0.33636987869077595,0.0,65535.0,0.1385671778439002,0.0,0.0,0.0,0.0,0.0,0.0,0.0,0.0,0.0,0.0
152609.92,1.2737426428555652,0.0,17421.0,37.0,0.2312999999977985,31.5,32.375,36.79000000000002,0.0,0.0,0.0,0.0,0.0,20.0,0.3,0.1,0.2,0.1,0.4,0.1,0.1,0.1,0.5,0.0,65535.0,0.3366445410849165,0.0,65535.0,0.13855191882200352,0.0,0.0,0.0,0.0,0.0,0.0,0.0,0.0,0.0,0.0
152670.0,1.2853919504907598,0.0,17421.0,37.0,0.22159999999779226,31.4375,32.4375,36.85000000000002,0.0,0.0,0.0,0.0,0.0,20.0,0.3,0.1,0.2,0.1,0.4,0.1,0.1,0.1,0.5,0.0,65535.0,0.33714808880750746,0.0,65535.0,0.13934538796063173,0.0,0.0,0.0,0.0,0.0,0.0,0.0,0.0,0.0,0.0
152730.07,1.2975020494430063,0.0,17421.0,37.0,0.20219999999779567,31.5,32.4375,36.89000000000004,0.0,0.0,0.0,0.0,0.0,20.0,0.3,0.1,0.2,0.1,0.4,0.1,0.1,0.1,0.5,0.0,65535.0,0.3350423437857633,0.0,65535.0,0.13929961089494164,0.0,0.0,0.0,0.0,0.0,0.0,0.0,0.0,0.0,0.0
152790.14,1.2916219537812303,0.0,17421.0,37.0,0.22519999999779067,31.5,32.4375,36.950000000000045,0.0,0.0,0.0,0.0,0.0,20.0,0.3,0.1,0.2,0.1,0.4,0.1,0.1,0.1,0.5,0.0,65535.0,0.3347219043259327,0.0,65535.0,0.13618677042801555,0.0,0.0,0.0,0.0,0.0,0.0,0.0,0.0,0.0,0.0
152850.2,1.2859264584311907,0.0,17421.0,37.0,0.20669999999779412,31.5,32.4375,36.870000000000005,0.0,0.0,0.0,0.0,0.0,20.0,0.3,0.1,0.2,0.1,0.4,0.1,0.1,0.1,0.5,0.0,65535.0,0.33972686350804915,0.0,65535.0,0.1398641947051194,0.0,0.0,0.0,0.0,0.0,0.0,0.0,0.0,0.0,0.0
152910.27,1.269602611085094,0.0,17421.0,37.0,0.22489999999778923,31.5,32.4375,36.85000000000002,0.0,0.0,0.0,0.0,0.0,20.0,0.3,0.1,0.2,0.1,0.4,0.1,0.1,0.1,0.5,0.0,65535.0,0.3360952162966354,0.0,65535.0,0.13708705271992067,0.0,0.0,0.0,0.0,0.0,0.0,0.0,0.0,0.0,0.0
152970.32,1.298808119231385,0.0,17421.0,37.0,0.21749999999779254,31.5625,32.4375,36.81,0.0,0.0,0.0,0.0,0.0,20.0,0.3,0.1,0.2,0.1,0.4,0.1,0.1,0.1,0.5,0.0,65535.0,0.33638513771267264,0.0,65535.0,0.13847562371252004,0.0,0.0,0.0,0.0,0.0,0.0,0.0,0.0,0.0,0.0
153030.37,1.274205036481419,0.0,17421.0,37.0,0.27609999999779866,31.5625,32.375,36.89000000000004,0.0,0.0,0.0,0.0,0.0,20.0,0.3,0.1,0.2,0.1,0.4,0.1,0.1,0.1,0.5,0.0,65535.0,0.337926298924239,0.0,65535.0,0.1381551842526894,0.0,0.0,0.0,0.0,0.0,0.0,0.0,0.0,0.0,0.0
153090.4,1.2735999301166965,0.0,17421.0,37.0,0.17749999999778457,31.5,32.375,36.81,0.0,0.0,0.0,0.0,0.0,20.0,0.3,0.1,0.2,0.1,0.4,0.1,0.1,0.1,0.5,0.0,65535.0,0.3379415579461357,0.0,65535.0,0.13673609521629665,0.0,0.0,0.0,0.0,0.0,0.0,0.0,0.0,0.0,0.0
153150.48,1.2493667551008547,0.0,17421.0,37.0,0.2757999999977972,31.5625,32.375,36.77000000000004,0.0,0.0,0.0,0.0,0.0,20.0,0.3,0.1,0.2,0.1,0.4,0.1,0.1,0.1,0.5,0.0,65535.0,0.33728542000457773,0.0,65535.0,0.13812466620889602,0.0,0.0,0.0,0.0,0.0,0.0,0.0,0.0,0.0,0.0
153210.55,1.2736651403548902,0.0,17421.0,37.0,0.1986999999977937,31.5,32.375,37.01000000000005,0.0,0.0,0.0,0.0,0.0,20.0,0.3,0.1,0.2,0.1,0.4,0.1,0.1,0.1,0.5,0.0,65535.0,0.33713282978561077,0.0,65535.0,0.1373464560921645,0.0,0.0,0.0,0.0,0.0,0.0,0.0,0.0,0.0,0.0
153270.62,1.2644919404459491,0.0,17421.0,37.0,0.20429999999778858,31.5,32.375,36.93000000000001,0.0,0.0,0.0,0.0,0.0,20.0,0.3,0.1,0.2,0.1,0.4,0.1,0.1,0.1,0.5,0.0,65535.0,0.33635461966887925,0.0,65535.0,0.1377279316395819,0.0,0.0,0.0,0.0,0.0,0.0,0.0,0.0,0.0,0.0
153330.69,1.2676476980298272,0.0,17421.0,37.0,0.2345999999977886,31.5,32.4375,36.85000000000002,0.0,0.0,0.0,0.0,0.0,20.0,0.3,0.1,0.2,0.1,0.4,0.1,0.1,0.1,0.5,0.0,65535.0,0.33720912489509425,0.0,65535.0,0.13632410162508582,0.0,0.0,0.0,0.0,0.0,0.0,0.0,0.0,0.0,0.0
153390.74,1.2467577055283163,0.0,17421.0,37.0,0.17369999999778546,31.5625,32.4375,36.97000000000003,0.0,0.0,0.0,0.0,0.0,20.0,0.3,0.1,0.2,0.1,0.4,0.1,0.1,0.1,0.5,0.0,65535.0,0.3354238193331807,0.0,65535.0,0.13548485542076752,0.0,0.0,0.0,0.0,0.0,0.0,0.0,0.0,0.0,0.0
153450.77,1.2526271300036664,0.0,17421.0,37.0,0.1550999999977839,31.5,32.4375,36.81,0.0,0.0,0.0,0.0,0.0,20.0,0.3,0.1,0.2,0.1,0.4,0.1,0.1,0.1,0.5,0.0,65535.0,0.3351338979171435,0.0,65535.0,0.1377584496833753,0.0,0.0,0.0,0.0,0.0,0.0,0.0,0.0,0.0,0.0
153510.91,1.255977769344772,0.0,17421.0,37.0,0.23099999999778592,31.5625,32.4375,36.93000000000001,0.0,0.0,0.0,0.0,0.0,20.0,0.3,0.1,0.2,0.1,0.4,0.1,0.1,0.1,0.5,0.0,65535.0,0.3391775387197681,0.0,65535.0,0.13771267261768522,0.0,0.0,0.0,0.0,0.0,0.0,0.0,0.0,0.0,0.0
