replicate	vial	name	short	plasmid	drug	time	plate	strain	count	cfu_raw	per_colony_cfu	detection_limit	CFU/mL alt	CFU/mL
rep1	M0	TriComm KAN no drug	KAN no drug	KAN	0	2.0	AMP	LM	0.0	0.0		100.0	50.0	
rep1	M0	TriComm KAN no drug	KAN no drug	KAN	0	2.0	AMP	PL	0.0	0.0		100.0	50.0	
rep1	M0	TriComm KAN no drug	KAN no drug	KAN	0	2.0	AMP	PM	0.0	0.0		100.0	50.0	
rep1	M0	TriComm KAN no drug	KAN no drug	KAN	0	2.0	KAN	LM	55.0	54999999.99999999	999999.9999999999	999999.9999999999	54999999.99999999	54999999.99999999
rep1	M0	TriComm KAN no drug	KAN no drug	KAN	0	2.0	KAN	PL	60.0	59999999.99999999	999999.9999999999	999999.9999999999	59999999.99999999	59999999.99999999
rep1	M0	TriComm KAN no drug	KAN no drug	KAN	0	2.0	KAN	PM	50.0	49999999.99999999	999999.9999999999	999999.9999999999	49999999.99999999	49999999.99999999
rep1	M0	TriComm KAN no drug	KAN no drug	KAN	0	20.0	AMP	LM	0.0	0.0		100.0	50.0	
rep1	M0	TriComm KAN no drug	KAN no drug	KAN	0	20.0	AMP	PL	0.0	0.0		100.0	50.0	
rep1	M0	TriComm KAN no drug	KAN no drug	KAN	0	20.0	AMP	PM	0.0	0.0		100.0	50.0	
rep1	M0	TriComm KAN no drug	KAN no drug	KAN	0	20.0	KAN	LM	57.0	56999999.99999999	999999.9999999999	999999.9999999998	56999999.99999999	56999999.99999999
rep1	M0	TriComm KAN no drug	KAN no drug	KAN	0	20.0	KAN	PL	38.0	37999999.99999999	999999.9999999998	999999.9999999998	37999999.99999999	37999999.99999999
rep1	M0	TriComm KAN no drug	KAN no drug	KAN	0	20.0	KAN	PM	32.0	31999999.999999996	999999.9999999999	999999.9999999998	31999999.999999996	31999999.999999996
rep1	M0	TriComm KAN no drug	KAN no drug	KAN	0	44.0	AMP	LM	0.0	0.0		100.0	50.0	
rep1	M0	TriComm KAN no drug	KAN no drug	KAN	0	44.0	AMP	PL	0.0	0.0		100.0	50.0	
rep1	M0	TriComm KAN no drug	KAN no drug	KAN	0	44.0	AMP	PM	0.0	0.0		100.0	50.0	
rep1	M0	TriComm KAN no drug	KAN no drug	KAN	0	44.0	KAN	LM	20.0	19999999.999999996	999999.9999999998	999999.9999999998	19999999.999999996	19999999.999999996
rep1	M0	TriComm KAN no drug	KAN no drug	KAN	0	44.0	KAN	PL	24.0	23999999.999999996	999999.9999999999	999999.9999999998	23999999.999999996	23999999.999999996
rep1	M0	TriComm KAN no drug	KAN no drug	KAN	0	44.0	KAN	PM	32.0	31999999.999999996	999999.9999999999	999999.9999999998	31999999.999999996	31999999.999999996
rep1	M0	TriComm KAN no drug	KAN no drug	KAN	0	136.0	AMP	LM	0.0	0.0		100.0	50.0	
rep1	M0	TriComm KAN no drug	KAN no drug	KAN	0	136.0	AMP	PL	0.0	0.0		100.0	50.0	
rep1	M0	TriComm KAN no drug	KAN no drug	KAN	0	136.0	AMP	PM	0.0	0.0		100.0	50.0	
rep1	M1	TriComm KAN 16x MIC	KAN 16x MIC	KAN	16	2.0	AMP	LM	0.0	0.0		100.0	50.0	
rep1	M1	TriComm KAN 16x MIC	KAN 16x MIC	KAN	16	2.0	AMP	PL	0.0	0.0		100.0	50.0	
rep1	M1	TriComm KAN 16x MIC	KAN 16x MIC	KAN	16	2.0	AMP	PM	0.0	0.0		100.0	50.0	
rep1	M1	TriComm KAN 16x MIC	KAN 16x MIC	KAN	16	2.0	KAN	LM	32.0	31999999.999999996	999999.9999999999	999999.9999999999	31999999.999999996	31999999.999999996
rep1	M1	TriComm KAN 16x MIC	KAN 16x MIC	KAN	16	2.0	KAN	PL	28.0	27999999.999999996	999999.9999999999	999999.9999999999	27999999.999999996	27999999.999999996
rep1	M1	TriComm KAN 16x MIC	KAN 16x MIC	KAN	16	2.0	KAN	PM	24.0	23999999.999999996	999999.9999999999	999999.9999999999	23999999.999999996	23999999.999999996
rep1	M1	TriComm KAN 16x MIC	KAN 16x MIC	KAN	16	20.0	AMP	LM	1.0	1000.0	1000.0	1000.0	1000.0	1000.0
rep1	M1	TriComm KAN 16x MIC	KAN 16x MIC	KAN	16	20.0	AMP	PL	0.0	0.0		1000.0	500.0	
rep1	M1	TriComm KAN 16x MIC	KAN 16x MIC	KAN	16	20.0	AMP	PM	0.0	0.0		1000.0	500.0	
rep1	M1	TriComm KAN 16x MIC	KAN 16x MIC	KAN	16	20.0	KAN	LM	9.0	8999999.999999998	999999.9999999998	999999.9999999998	8999999.999999998	8999999.999999998
rep1	M1	TriComm KAN 16x MIC	KAN 16x MIC	KAN	16	20.0	KAN	PL	2.0	1999999.9999999998	999999.9999999999	999999.9999999998	1999999.9999999998	1999999.9999999998
rep1	M1	TriComm KAN 16x MIC	KAN 16x MIC	KAN	16	20.0	KAN	PM	40.0	39999999.99999999	999999.9999999998	999999.9999999998	39999999.99999999	39999999.99999999
rep1	M1	TriComm KAN 16x MIC	KAN 16x MIC	KAN	16	44.0	AMP	LM	1.0	1000.0	1000.0	1000.0	1000.0	1000.0
rep1	M1	TriComm KAN 16x MIC	KAN 16x MIC	KAN	16	44.0	AMP	PL	0.0	0.0		1000.0	500.0	
rep1	M1	TriComm KAN 16x MIC	KAN 16x MIC	KAN	16	44.0	AMP	PM	0.0	0.0		1000.0	500.0	
rep1	M1	TriComm KAN 16x MIC	KAN 16x MIC	KAN	16	44.0	KAN	LM	6.0	5999999.999999999	999999.9999999999	99999.99999999999	5999999.999999999	5999999.999999999
rep1	M1	TriComm KAN 16x MIC	KAN 16x MIC	KAN	16	44.0	KAN	PL	1.0	99999.99999999999	99999.99999999999	99999.99999999999	99999.99999999999	99999.99999999999
rep1	M1	TriComm KAN 16x MIC	KAN 16x MIC	KAN	16	44.0	KAN	PM	22.0	21999999.999999996	999999.9999999999	99999.99999999999	21999999.999999996	21999999.999999996
rep1	M1	TriComm KAN 16x MIC	KAN 16x MIC	KAN	16	64.0	AMP	LM	0.0	0.0		100.0	50.0	
rep1	M1	TriComm KAN 16x MIC	KAN 16x MIC	KAN	16	64.0	AMP	PL	0.0	0.0		100.0	50.0	
rep1	M1	TriComm KAN 16x MIC	KAN 16x MIC	KAN	16	64.0	AMP	PM	0.0	0.0		100.0	50.0	
rep1	M1	TriComm KAN 16x MIC	KAN 16x MIC	KAN	16	64.0	KAN	LM	2.0	1999999.9999999998	999999.9999999999	10000.0	1999999.9999999998	1999999.9999999998
rep1	M1	TriComm KAN 16x MIC	KAN 16x MIC	KAN	16	64.0	KAN	PL	6.0	60000.0	10000.0	10000.0	60000.0	60000.0
rep1	M1	TriComm KAN 16x MIC	KAN 16x MIC	KAN	16	64.0	KAN	PM	5.0	4999999.999999999	999999.9999999998	10000.0	4999999.999999999	4999999.999999999
rep1	M1	TriComm KAN 16x MIC	KAN 16x MIC	KAN	16	88.0	AMP	LM	0.0	0.0		100.0	50.0	
rep1	M1	TriComm KAN 16x MIC	KAN 16x MIC	KAN	16	88.0	AMP	PL	0.0	0.0		100.0	50.0	
rep1	M1	TriComm KAN 16x MIC	KAN 16x MIC	KAN	16	88.0	AMP	PM	0.0	0.0		100.0	50.0	
rep1	M1	TriComm KAN 16x MIC	KAN 16x MIC	KAN	16	88.0	KAN	LM	23.0	230000.0	10000.0	1000.0	230000.0	230000.0
rep1	M1	TriComm KAN 16x MIC	KAN 16x MIC	KAN	16	88.0	KAN	PL	3.0	3000.0	1000.0	1000.0	3000.0	3000.0
rep1	M1	TriComm KAN 16x MIC	KAN 16x MIC	KAN	16	88.0	KAN	PM	18.0	180000.0	10000.0	1000.0	180000.0	180000.0
rep1	M1	TriComm KAN 16x MIC	KAN 16x MIC	KAN	16	112.0	AMP	LM	0.0	0.0		100.0	50.0	
rep1	M1	TriComm KAN 16x MIC	KAN 16x MIC	KAN	16	112.0	AMP	PL	0.0	0.0		100.0	50.0	
rep1	M1	TriComm KAN 16x MIC	KAN 16x MIC	KAN	16	112.0	AMP	PM	0.0	0.0		100.0	50.0	
rep1	M1	TriComm KAN 16x MIC	KAN 16x MIC	KAN	16	112.0	KAN	LM	19.0	1900.0	100.0	100.0	1900.0	1900.0
rep1	M1	TriComm KAN 16x MIC	KAN 16x MIC	KAN	16	112.0	KAN	PL	3.0	300.0	100.0	100.0	300.0	300.0
rep1	M1	TriComm KAN 16x MIC	KAN 16x MIC	KAN	16	112.0	KAN	PM	3.0	300.0	100.0	100.0	300.0	300.0
rep1	M1	TriComm KAN 16x MIC	KAN 16x MIC	KAN	16	136.0	AMP	LM	0.0	0.0		100.0	50.0	
rep1	M1	TriComm KAN 16x MIC	KAN 16x MIC	KAN	16	136.0	AMP	PL	0.0	0.0		100.0	50.0	
rep1	M1	TriComm KAN 16x MIC	KAN 16x MIC	KAN	16	136.0	AMP	PM	0.0	0.0		100.0	50.0	
rep1	M1	TriComm KAN 16x MIC	KAN 16x MIC	KAN	16	136.0	KAN	LM	14.0	1400.0	100.0	100.0	1400.0	1400.0
rep1	M1	TriComm KAN 16x MIC	KAN 16x MIC	KAN	16	136.0	KAN	PL	1.0	100.0	100.0	100.0	100.0	100.0
rep1	M1	TriComm KAN 16x MIC	KAN 16x MIC	KAN	16	136.0	KAN	PM	5.0	500.0	100.0	100.0	500.0	500.0
rep1	M1	TriComm KAN 16x MIC	KAN 16x MIC	KAN	16	160.0	AMP	LM	0.0	0.0		100.0	50.0	
rep1	M1	TriComm KAN 16x MIC	KAN 16x MIC	KAN	16	160.0	AMP	PL	0.0	0.0		100.0	50.0	
rep1	M1	TriComm KAN 16x MIC	KAN 16x MIC	KAN	16	160.0	AMP	PM	0.0	0.0		100.0	50.0	
rep1	M1	TriComm KAN 16x MIC	KAN 16x MIC	KAN	16	160.0	KAN	LM	12.0	1200.0	100.0	100.0	1200.0	1200.0
rep1	M1	TriComm KAN 16x MIC	KAN 16x MIC	KAN	16	160.0	KAN	PL	1.0	100.0	100.0	100.0	100.0	100.0
rep1	M1	TriComm KAN 16x MIC	KAN 16x MIC	KAN	16	160.0	KAN	PM	46.0	4600.0	100.0	100.0	4600.0	4600.0
rep1	M1	TriComm KAN 16x MIC	KAN 16x MIC	KAN	16	184.0	AMP	LM	0.0	0.0		100.0	50.0	
rep1	M1	TriComm KAN 16x MIC	KAN 16x MIC	KAN	16	184.0	AMP	PL	0.0	0.0		100.0	50.0	
rep1	M1	TriComm KAN 16x MIC	KAN 16x MIC	KAN	16	184.0	AMP	PM	0.0	0.0		100.0	50.0	
rep1	M1	TriComm KAN 16x MIC	KAN 16x MIC	KAN	16	184.0	KAN	LM	1.0	100.0	100.0	100.0	100.0	100.0
rep1	M1	TriComm KAN 16x MIC	KAN 16x MIC	KAN	16	184.0	KAN	PL	0.0	0.0		100.0	50.0	
rep1	M1	TriComm KAN 16x MIC	KAN 16x MIC	KAN	16	184.0	KAN	PM	7.0	700.0	100.0	100.0	700.0	700.0
rep1	M1	TriComm KAN 16x MIC	KAN 16x MIC	KAN	16	208.0	AMP	LM	0.0	0.0		100.0	50.0	
rep1	M1	TriComm KAN 16x MIC	KAN 16x MIC	KAN	16	208.0	AMP	PL	0.0	0.0		100.0	50.0	
rep1	M1	TriComm KAN 16x MIC	KAN 16x MIC	KAN	16	208.0	AMP	PM	0.0	0.0		100.0	50.0	
rep1	M1	TriComm KAN 16x MIC	KAN 16x MIC	KAN	16	208.0	KAN	LM	1.0	100.0	100.0	100.0	100.0	100.0
rep1	M1	TriComm KAN 16x MIC	KAN 16x MIC	KAN	16	208.0	KAN	PL	0.0	0.0		100.0	50.0	
rep1	M1	TriComm KAN 16x MIC	KAN 16x MIC	KAN	16	208.0	KAN	PM	2.0	200.0	100.0	100.0	200.0	200.0
rep1	M2	TriComm KAN+PVI no drug	KAN+PVI no drug	KAN+PVI	0	2.0	AMP	LM	14.0	13999999.999999998	999999.9999999999	999999.9999999999	13999999.999999998	13999999.999999998
rep1	M2	TriComm KAN+PVI no drug	KAN+PVI no drug	KAN+PVI	0	2.0	AMP	PL	0.0	0.0		999999.9999999999	499999.99999999994	
rep1	M2	TriComm KAN+PVI no drug	KAN+PVI no drug	KAN+PVI	0	2.0	AMP	PM	0.0	0.0		999999.9999999999	499999.99999999994	
rep1	M2	TriComm KAN+PVI no drug	KAN+PVI no drug	KAN+PVI	0	2.0	KAN	LM	54.0	53999999.99999999	999999.9999999999	999999.9999999998	53999999.99999999	53999999.99999999
rep1	M2	TriComm KAN+PVI no drug	KAN+PVI no drug	KAN+PVI	0	2.0	KAN	PL	40.0	39999999.99999999	999999.9999999998	999999.9999999998	39999999.99999999	39999999.99999999
rep1	M2	TriComm KAN+PVI no drug	KAN+PVI no drug	KAN+PVI	0	2.0	KAN	PM	63.0	62999999.99999999	999999.9999999999	999999.9999999998	62999999.99999999	62999999.99999999
rep1	M2	TriComm KAN+PVI no drug	KAN+PVI no drug	KAN+PVI	0	20.0	AMP	LM	101.0	10100000.0	100000.0	100000.0	10100000.0	10100000.0
rep1	M2	TriComm KAN+PVI no drug	KAN+PVI no drug	KAN+PVI	0	20.0	AMP	PL	0.0	0.0		100000.0	50000.0	
rep1	M2	TriComm KAN+PVI no drug	KAN+PVI no drug	KAN+PVI	0	20.0	AMP	PM	0.0	0.0		100000.0	50000.0	
rep1	M2	TriComm KAN+PVI no drug	KAN+PVI no drug	KAN+PVI	0	20.0	KAN	LM	66.0	65999999.99999999	999999.9999999999	999999.9999999998	65999999.99999999	65999999.99999999
rep1	M2	TriComm KAN+PVI no drug	KAN+PVI no drug	KAN+PVI	0	20.0	KAN	PL	32.0	31999999.999999996	999999.9999999999	999999.9999999998	31999999.999999996	31999999.999999996
rep1	M2	TriComm KAN+PVI no drug	KAN+PVI no drug	KAN+PVI	0	20.0	KAN	PM	41.0	40999999.99999999	999999.9999999998	999999.9999999998	40999999.99999999	40999999.99999999
rep1	M2	TriComm KAN+PVI no drug	KAN+PVI no drug	KAN+PVI	0	44.0	AMP	LM	51.0	5100000.0	100000.0	100000.0	5100000.0	5100000.0
rep1	M2	TriComm KAN+PVI no drug	KAN+PVI no drug	KAN+PVI	0	44.0	AMP	PL	0.0	0.0		100000.0	50000.0	
rep1	M2	TriComm KAN+PVI no drug	KAN+PVI no drug	KAN+PVI	0	44.0	AMP	PM	0.0	0.0		100000.0	50000.0	
rep1	M2	TriComm KAN+PVI no drug	KAN+PVI no drug	KAN+PVI	0	44.0	KAN	LM	24.0	23999999.999999996	999999.9999999999	999999.9999999998	23999999.999999996	23999999.999999996
rep1	M2	TriComm KAN+PVI no drug	KAN+PVI no drug	KAN+PVI	0	44.0	KAN	PL	10.0	9999999.999999998	999999.9999999998	999999.9999999998	9999999.999999998	9999999.999999998
rep1	M2	TriComm KAN+PVI no drug	KAN+PVI no drug	KAN+PVI	0	44.0	KAN	PM	28.0	27999999.999999996	999999.9999999999	999999.9999999998	27999999.999999996	27999999.999999996
rep1	M2	TriComm KAN+PVI no drug	KAN+PVI no drug	KAN+PVI	0	64.0	AMP	LM	15.0	1499999.9999999998	99999.99999999999	99999.99999999999	1499999.9999999998	1499999.9999999998
rep1	M2	TriComm KAN+PVI no drug	KAN+PVI no drug	KAN+PVI	0	64.0	AMP	PL	0.0	0.0		99999.99999999999	49999.99999999999	
rep1	M2	TriComm KAN+PVI no drug	KAN+PVI no drug	KAN+PVI	0	64.0	AMP	PM	0.0	0.0		99999.99999999999	49999.99999999999	
rep1	M2	TriComm KAN+PVI no drug	KAN+PVI no drug	KAN+PVI	0	64.0	KAN	LM	2.0	1999999.9999999998	999999.9999999999	999999.9999999999	1999999.9999999998	1999999.9999999998
rep1	M2	TriComm KAN+PVI no drug	KAN+PVI no drug	KAN+PVI	0	64.0	KAN	PL	16.0	160000000.0	10000000.0	999999.9999999999	160000000.0	160000000.0
rep1	M2	TriComm KAN+PVI no drug	KAN+PVI no drug	KAN+PVI	0	64.0	KAN	PM	15.0	150000000.0	10000000.0	999999.9999999999	150000000.0	150000000.0
rep1	M2	TriComm KAN+PVI no drug	KAN+PVI no drug	KAN+PVI	0	88.0	AMP	LM	26.0	260000.0	10000.0	10000.0	260000.0	260000.0
rep1	M2	TriComm KAN+PVI no drug	KAN+PVI no drug	KAN+PVI	0	88.0	AMP	PL	0.0	0.0		10000.0	5000.0	
rep1	M2	TriComm KAN+PVI no drug	KAN+PVI no drug	KAN+PVI	0	88.0	AMP	PM	0.0	0.0		10000.0	5000.0	
rep1	M2	TriComm KAN+PVI no drug	KAN+PVI no drug	KAN+PVI	0	88.0	KAN	LM	0.0	0.0		9999999.999999998	4999999.999999999	
rep1	M2	TriComm KAN+PVI no drug	KAN+PVI no drug	KAN+PVI	0	88.0	KAN	PL	3.0	29999999.999999996	9999999.999999998	9999999.999999998	29999999.999999996	29999999.999999996
rep1	M2	TriComm KAN+PVI no drug	KAN+PVI no drug	KAN+PVI	0	88.0	KAN	PM	12.0	119999999.99999999	9999999.999999998	9999999.999999998	119999999.99999999	119999999.99999999
rep1	M2	TriComm KAN+PVI no drug	KAN+PVI no drug	KAN+PVI	0	112.0	AMP	LM	10.0	100000.0	10000.0	10000.0	100000.0	100000.0
rep1	M2	TriComm KAN+PVI no drug	KAN+PVI no drug	KAN+PVI	0	112.0	AMP	PL	0.0	0.0		10000.0	5000.0	
rep1	M2	TriComm KAN+PVI no drug	KAN+PVI no drug	KAN+PVI	0	112.0	AMP	PM	0.0	0.0		10000.0	5000.0	
rep1	M2	TriComm KAN+PVI no drug	KAN+PVI no drug	KAN+PVI	0	112.0	KAN	LM	10.0	999999.9999999999	99999.99999999999	99999.99999999999	999999.9999999999	999999.9999999999
rep1	M2	TriComm KAN+PVI no drug	KAN+PVI no drug	KAN+PVI	0	112.0	KAN	PL	9.0	89999999.99999999	9999999.999999998	99999.99999999999	89999999.99999999	89999999.99999999
rep1	M2	TriComm KAN+PVI no drug	KAN+PVI no drug	KAN+PVI	0	112.0	KAN	PM	18.0	179999999.99999997	9999999.999999998	99999.99999999999	179999999.99999997	179999999.99999997
rep1	M2	TriComm KAN+PVI no drug	KAN+PVI no drug	KAN+PVI	0	136.0	AMP	LM	11.0	1100.0	100.0	100.0	1100.0	1100.0
rep1	M2	TriComm KAN+PVI no drug	KAN+PVI no drug	KAN+PVI	0	136.0	AMP	PL	0.0	0.0		100.0	50.0	
rep1	M2	TriComm KAN+PVI no drug	KAN+PVI no drug	KAN+PVI	0	136.0	AMP	PM	0.0	0.0		100.0	50.0	
rep1	M2	TriComm KAN+PVI no drug	KAN+PVI no drug	KAN+PVI	0	136.0	KAN	LM	1.0	999999.9999999999	999999.9999999999	999999.9999999999	999999.9999999999	999999.9999999999
rep1	M2	TriComm KAN+PVI no drug	KAN+PVI no drug	KAN+PVI	0	136.0	KAN	PL	5.0	49999999.99999999	9999999.999999998	999999.9999999999	49999999.99999999	49999999.99999999
rep1	M2	TriComm KAN+PVI no drug	KAN+PVI no drug	KAN+PVI	0	136.0	KAN	PM	10.0	99999999.99999999	9999999.999999998	999999.9999999999	99999999.99999999	99999999.99999999
rep1	M2	TriComm KAN+PVI no drug	KAN+PVI no drug	KAN+PVI	0	160.0	AMP	LM	6.0	6000.0	1000.0	1000.0	6000.0	6000.0
rep1	M2	TriComm KAN+PVI no drug	KAN+PVI no drug	KAN+PVI	0	160.0	AMP	PL	0.0	0.0		1000.0	500.0	
rep1	M2	TriComm KAN+PVI no drug	KAN+PVI no drug	KAN+PVI	0	160.0	AMP	PM	0.0	0.0		1000.0	500.0	
rep1	M2	TriComm KAN+PVI no drug	KAN+PVI no drug	KAN+PVI	0	160.0	KAN	LM	0.0	0.0		999999.9999999999	499999.99999999994	
rep1	M2	TriComm KAN+PVI no drug	KAN+PVI no drug	KAN+PVI	0	160.0	KAN	PL	27.0	26999999.999999996	999999.9999999999	999999.9999999999	26999999.999999996	26999999.999999996
rep1	M2	TriComm KAN+PVI no drug	KAN+PVI no drug	KAN+PVI	0	160.0	KAN	PM	5.0	49999999.99999999	9999999.999999998	999999.9999999999	49999999.99999999	49999999.99999999
rep1	M2	TriComm KAN+PVI no drug	KAN+PVI no drug	KAN+PVI	0	184.0	AMP	LM	5.0	500.0	100.0	100.0	500.0	500.0
rep1	M2	TriComm KAN+PVI no drug	KAN+PVI no drug	KAN+PVI	0	184.0	AMP	PL	0.0	0.0		100.0	50.0	
rep1	M2	TriComm KAN+PVI no drug	KAN+PVI no drug	KAN+PVI	0	184.0	AMP	PM	0.0	0.0		100.0	50.0	
rep1	M2	TriComm KAN+PVI no drug	KAN+PVI no drug	KAN+PVI	0	184.0	KAN	LM	0.0	0.0		100000.0	50000.0	
rep1	M2	TriComm KAN+PVI no drug	KAN+PVI no drug	KAN+PVI	0	184.0	KAN	PL	20.0	19999999.999999996	999999.9999999998	100000.0	19999999.999999996	19999999.999999996
rep1	M2	TriComm KAN+PVI no drug	KAN+PVI no drug	KAN+PVI	0	184.0	KAN	PM	13.0	1300000.0	100000.0	100000.0	1300000.0	1300000.0
rep1	M2	TriComm KAN+PVI no drug	KAN+PVI no drug	KAN+PVI	0	208.0	AMP	LM	13.0	1300.0	100.0	100.0	1300.0	1300.0
rep1	M2	TriComm KAN+PVI no drug	KAN+PVI no drug	KAN+PVI	0	208.0	AMP	PL	0.0	0.0		100.0	50.0	
rep1	M2	TriComm KAN+PVI no drug	KAN+PVI no drug	KAN+PVI	0	208.0	AMP	PM	0.0	0.0		100.0	50.0	
rep1	M2	TriComm KAN+PVI no drug	KAN+PVI no drug	KAN+PVI	0	208.0	KAN	LM	1.0	999999.9999999999	999999.9999999999	999999.9999999999	999999.9999999999	999999.9999999999
rep1	M2	TriComm KAN+PVI no drug	KAN+PVI no drug	KAN+PVI	0	208.0	KAN	PL	24.0	23999999.999999996	999999.9999999999	999999.9999999999	23999999.999999996	23999999.999999996
rep1	M2	TriComm KAN+PVI no drug	KAN+PVI no drug	KAN+PVI	0	208.0	KAN	PM	8.0	7999999.999999999	999999.9999999999	999999.9999999999	7999999.999999999	7999999.999999999
rep1	M3	TriComm KAN+PVI 16x MIC	KAN+PVI 16x MIC	KAN+PVI	16	2.0	AMP	LM	12.0	11999999.999999998	999999.9999999999	999999.9999999999	11999999.999999998	11999999.999999998
rep1	M3	TriComm KAN+PVI 16x MIC	KAN+PVI 16x MIC	KAN+PVI	16	2.0	AMP	PL	0.0	0.0		999999.9999999999	499999.99999999994	
rep1	M3	TriComm KAN+PVI 16x MIC	KAN+PVI 16x MIC	KAN+PVI	16	2.0	AMP	PM	0.0	0.0		999999.9999999999	499999.99999999994	
rep1	M3	TriComm KAN+PVI 16x MIC	KAN+PVI 16x MIC	KAN+PVI	16	2.0	KAN	LM	51.0	50999999.99999999	999999.9999999999	999999.9999999998	50999999.99999999	50999999.99999999
rep1	M3	TriComm KAN+PVI 16x MIC	KAN+PVI 16x MIC	KAN+PVI	16	2.0	KAN	PL	36.0	35999999.99999999	999999.9999999998	999999.9999999998	35999999.99999999	35999999.99999999
rep1	M3	TriComm KAN+PVI 16x MIC	KAN+PVI 16x MIC	KAN+PVI	16	2.0	KAN	PM	42.0	41999999.99999999	999999.9999999998	999999.9999999998	41999999.99999999	41999999.99999999
rep1	M3	TriComm KAN+PVI 16x MIC	KAN+PVI 16x MIC	KAN+PVI	16	20.0	AMP	LM	131.0	13099999.999999998	99999.99999999999	99999.99999999999	13099999.999999998	13099999.999999998
rep1	M3	TriComm KAN+PVI 16x MIC	KAN+PVI 16x MIC	KAN+PVI	16	20.0	AMP	PL	0.0	0.0		99999.99999999999	49999.99999999999	
rep1	M3	TriComm KAN+PVI 16x MIC	KAN+PVI 16x MIC	KAN+PVI	16	20.0	AMP	PM	0.0	0.0		99999.99999999999	49999.99999999999	
rep1	M3	TriComm KAN+PVI 16x MIC	KAN+PVI 16x MIC	KAN+PVI	16	20.0	KAN	LM	34.0	33999999.99999999	999999.9999999998	999999.9999999998	33999999.99999999	33999999.99999999
rep1	M3	TriComm KAN+PVI 16x MIC	KAN+PVI 16x MIC	KAN+PVI	16	20.0	KAN	PL	13.0	12999999.999999998	999999.9999999999	999999.9999999998	12999999.999999998	12999999.999999998
rep1	M3	TriComm KAN+PVI 16x MIC	KAN+PVI 16x MIC	KAN+PVI	16	20.0	KAN	PM	39.0	38999999.99999999	999999.9999999998	999999.9999999998	38999999.99999999	38999999.99999999
rep1	M3	TriComm KAN+PVI 16x MIC	KAN+PVI 16x MIC	KAN+PVI	16	44.0	AMP	LM	32.0	3199999.9999999995	99999.99999999999	99999.99999999999	3199999.9999999995	3199999.9999999995
rep1	M3	TriComm KAN+PVI 16x MIC	KAN+PVI 16x MIC	KAN+PVI	16	44.0	AMP	PL	0.0	0.0		99999.99999999999	49999.99999999999	
rep1	M3	TriComm KAN+PVI 16x MIC	KAN+PVI 16x MIC	KAN+PVI	16	44.0	AMP	PM	0.0	0.0		99999.99999999999	49999.99999999999	
rep1	M3	TriComm KAN+PVI 16x MIC	KAN+PVI 16x MIC	KAN+PVI	16	44.0	KAN	LM	3.0	2999999.9999999995	999999.9999999999	999999.9999999998	2999999.9999999995	2999999.9999999995
rep1	M3	TriComm KAN+PVI 16x MIC	KAN+PVI 16x MIC	KAN+PVI	16	44.0	KAN	PL	37.0	36999999.99999999	999999.9999999998	999999.9999999998	36999999.99999999	36999999.99999999
rep1	M3	TriComm KAN+PVI 16x MIC	KAN+PVI 16x MIC	KAN+PVI	16	44.0	KAN	PM	86.0	85999999.99999999	999999.9999999999	999999.9999999998	85999999.99999999	85999999.99999999
rep1	M3	TriComm KAN+PVI 16x MIC	KAN+PVI 16x MIC	KAN+PVI	16	64.0	AMP	LM	4.0	399999.99999999994	99999.99999999999	99999.99999999999	399999.99999999994	399999.99999999994
rep1	M3	TriComm KAN+PVI 16x MIC	KAN+PVI 16x MIC	KAN+PVI	16	64.0	AMP	PL	0.0	0.0		99999.99999999999	49999.99999999999	
rep1	M3	TriComm KAN+PVI 16x MIC	KAN+PVI 16x MIC	KAN+PVI	16	64.0	AMP	PM	0.0	0.0		99999.99999999999	49999.99999999999	
rep1	M3	TriComm KAN+PVI 16x MIC	KAN+PVI 16x MIC	KAN+PVI	16	64.0	KAN	LM	1.0	99999.99999999999	99999.99999999999	99999.99999999999	99999.99999999999	99999.99999999999
rep1	M3	TriComm KAN+PVI 16x MIC	KAN+PVI 16x MIC	KAN+PVI	16	64.0	KAN	PL	7.0	6999999.999999999	999999.9999999999	99999.99999999999	6999999.999999999	6999999.999999999
rep1	M3	TriComm KAN+PVI 16x MIC	KAN+PVI 16x MIC	KAN+PVI	16	64.0	KAN	PM	60.0	59999999.99999999	999999.9999999999	99999.99999999999	59999999.99999999	59999999.99999999
rep1	M3	TriComm KAN+PVI 16x MIC	KAN+PVI 16x MIC	KAN+PVI	16	88.0	AMP	LM	11.0	1100000.0	100000.0	1000.0	1100000.0	1100000.0
rep1	M3	TriComm KAN+PVI 16x MIC	KAN+PVI 16x MIC	KAN+PVI	16	88.0	AMP	PL	3.0	3000.0	1000.0	1000.0	3000.0	3000.0
rep1	M3	TriComm KAN+PVI 16x MIC	KAN+PVI 16x MIC	KAN+PVI	16	88.0	AMP	PM	0.0	0.0		1000.0	500.0	
rep1	M3	TriComm KAN+PVI 16x MIC	KAN+PVI 16x MIC	KAN+PVI	16	88.0	KAN	LM	1.0	999999.9999999999	999999.9999999999	1000.0	999999.9999999999	999999.9999999999
rep1	M3	TriComm KAN+PVI 16x MIC	KAN+PVI 16x MIC	KAN+PVI	16	88.0	KAN	PL	4.0	4000.0	1000.0	1000.0	4000.0	4000.0
rep1	M3	TriComm KAN+PVI 16x MIC	KAN+PVI 16x MIC	KAN+PVI	16	88.0	KAN	PM	22.0	21999999.999999996	999999.9999999999	1000.0	21999999.999999996	21999999.999999996
rep1	M3	TriComm KAN+PVI 16x MIC	KAN+PVI 16x MIC	KAN+PVI	16	112.0	AMP	LM	0.0	0.0		100000.0	50000.0	
rep1	M3	TriComm KAN+PVI 16x MIC	KAN+PVI 16x MIC	KAN+PVI	16	112.0	AMP	PL	12.0	1200000.0	100000.0	100000.0	1200000.0	1200000.0
rep1	M3	TriComm KAN+PVI 16x MIC	KAN+PVI 16x MIC	KAN+PVI	16	112.0	AMP	PM	0.0	0.0		100000.0	50000.0	
rep1	M3	TriComm KAN+PVI 16x MIC	KAN+PVI 16x MIC	KAN+PVI	16	112.0	KAN	LM	0.0	0.0		99999.99999999999	49999.99999999999	
rep1	M3	TriComm KAN+PVI 16x MIC	KAN+PVI 16x MIC	KAN+PVI	16	112.0	KAN	PL	15.0	1499999.9999999998	99999.99999999999	99999.99999999999	1499999.9999999998	1499999.9999999998
rep1	M3	TriComm KAN+PVI 16x MIC	KAN+PVI 16x MIC	KAN+PVI	16	112.0	KAN	PM	16.0	15999999.999999998	999999.9999999999	99999.99999999999	15999999.999999998	15999999.999999998
rep1	M3	TriComm KAN+PVI 16x MIC	KAN+PVI 16x MIC	KAN+PVI	16	136.0	AMP	LM	1.0	99999.99999999999	99999.99999999999	99999.99999999999	99999.99999999999	99999.99999999999
rep1	M3	TriComm KAN+PVI 16x MIC	KAN+PVI 16x MIC	KAN+PVI	16	136.0	AMP	PL	34.0	3399999.9999999995	99999.99999999999	99999.99999999999	3399999.9999999995	3399999.9999999995
rep1	M3	TriComm KAN+PVI 16x MIC	KAN+PVI 16x MIC	KAN+PVI	16	136.0	AMP	PM	0.0	0.0		99999.99999999999	49999.99999999999	
rep1	M3	TriComm KAN+PVI 16x MIC	KAN+PVI 16x MIC	KAN+PVI	16	136.0	KAN	LM	0.0	0.0		100000.0	50000.0	
rep1	M3	TriComm KAN+PVI 16x MIC	KAN+PVI 16x MIC	KAN+PVI	16	136.0	KAN	PL	24.0	2400000.0	100000.0	100000.0	2400000.0	2400000.0
rep1	M3	TriComm KAN+PVI 16x MIC	KAN+PVI 16x MIC	KAN+PVI	16	136.0	KAN	PM	20.0	19999999.999999996	999999.9999999998	100000.0	19999999.999999996	19999999.999999996
rep1	M3	TriComm KAN+PVI 16x MIC	KAN+PVI 16x MIC	KAN+PVI	16	160.0	AMP	LM	2.0	20000.0	10000.0	10000.0	20000.0	20000.0
rep1	M3	TriComm KAN+PVI 16x MIC	KAN+PVI 16x MIC	KAN+PVI	16	160.0	AMP	PL	36.0	3599999.9999999995	99999.99999999999	10000.0	3599999.9999999995	3599999.9999999995
rep1	M3	TriComm KAN+PVI 16x MIC	KAN+PVI 16x MIC	KAN+PVI	16	160.0	AMP	PM	0.0	0.0		10000.0	5000.0	
rep1	M3	TriComm KAN+PVI 16x MIC	KAN+PVI 16x MIC	KAN+PVI	16	160.0	KAN	LM	0.0	0.0		100000.0	50000.0	
rep1	M3	TriComm KAN+PVI 16x MIC	KAN+PVI 16x MIC	KAN+PVI	16	160.0	KAN	PL	27.0	2700000.0	100000.0	100000.0	2700000.0	2700000.0
rep1	M3	TriComm KAN+PVI 16x MIC	KAN+PVI 16x MIC	KAN+PVI	16	160.0	KAN	PM	7.0	6999999.999999999	999999.9999999999	100000.0	6999999.999999999	6999999.999999999
rep1	M3	TriComm KAN+PVI 16x MIC	KAN+PVI 16x MIC	KAN+PVI	16	184.0	AMP	LM	0.0	0.0		100000.0	50000.0	
rep1	M3	TriComm KAN+PVI 16x MIC	KAN+PVI 16x MIC	KAN+PVI	16	184.0	AMP	PL	7.0	700000.0	100000.0	100000.0	700000.0	700000.0
rep1	M3	TriComm KAN+PVI 16x MIC	KAN+PVI 16x MIC	KAN+PVI	16	184.0	AMP	PM	0.0	0.0		100000.0	50000.0	
rep1	M3	TriComm KAN+PVI 16x MIC	KAN+PVI 16x MIC	KAN+PVI	16	184.0	KAN	LM	2.0	199999.99999999997	99999.99999999999	99999.99999999999	199999.99999999997	199999.99999999997
rep1	M3	TriComm KAN+PVI 16x MIC	KAN+PVI 16x MIC	KAN+PVI	16	184.0	KAN	PL	9.0	899999.9999999999	99999.99999999999	99999.99999999999	899999.9999999999	899999.9999999999
rep1	M3	TriComm KAN+PVI 16x MIC	KAN+PVI 16x MIC	KAN+PVI	16	184.0	KAN	PM	12.0	11999999.999999998	999999.9999999999	99999.99999999999	11999999.999999998	11999999.999999998
rep1	M3	TriComm KAN+PVI 16x MIC	KAN+PVI 16x MIC	KAN+PVI	16	208.0	AMP	LM	0.0	0.0		99999.99999999999	49999.99999999999	
rep1	M3	TriComm KAN+PVI 16x MIC	KAN+PVI 16x MIC	KAN+PVI	16	208.0	AMP	PL	9.0	899999.9999999999	99999.99999999999	99999.99999999999	899999.9999999999	899999.9999999999
rep1	M3	TriComm KAN+PVI 16x MIC	KAN+PVI 16x MIC	KAN+PVI	16	208.0	AMP	PM	0.0	0.0		99999.99999999999	49999.99999999999	
rep1	M3	TriComm KAN+PVI 16x MIC	KAN+PVI 16x MIC	KAN+PVI	16	208.0	KAN	LM	1.0	10000.0	10000.0	10000.0	10000.0	10000.0
rep1	M3	TriComm KAN+PVI 16x MIC	KAN+PVI 16x MIC	KAN+PVI	16	208.0	KAN	PL	11.0	1100000.0	100000.0	10000.0	1100000.0	1100000.0
rep1	M3	TriComm KAN+PVI 16x MIC	KAN+PVI 16x MIC	KAN+PVI	16	208.0	KAN	PM	30.0	2999999.9999999995	99999.99999999999	10000.0	2999999.9999999995	2999999.9999999995
rep1	M4	TriComm PVI no drug	PVI no drug	PVI	0	2.0	AMP	LM	18.0	179999999.99999997	9999999.999999998	9999999.999999998	179999999.99999997	179999999.99999997
rep1	M4	TriComm PVI no drug	PVI no drug	PVI	0	2.0	AMP	PL	0.0	0.0		9999999.999999998	4999999.999999999	
rep1	M4	TriComm PVI no drug	PVI no drug	PVI	0	2.0	AMP	PM	0.0	0.0		9999999.999999998	4999999.999999999	
rep1	M4	TriComm PVI no drug	PVI no drug	PVI	0	2.0	KAN	LM	11.0	109999999.99999999	9999999.999999998	9999999.999999998	109999999.99999999	109999999.99999999
rep1	M4	TriComm PVI no drug	PVI no drug	PVI	0	2.0	KAN	PL	3.0	29999999.999999996	9999999.999999998	9999999.999999998	29999999.999999996	29999999.999999996
rep1	M4	TriComm PVI no drug	PVI no drug	PVI	0	2.0	KAN	PM	11.0	109999999.99999999	9999999.999999998	9999999.999999998	109999999.99999999	109999999.99999999
rep1	M4	TriComm PVI no drug	PVI no drug	PVI	0	20.0	AMP	LM	90.0	89999999.99999999	999999.9999999999	999999.9999999999	89999999.99999999	89999999.99999999
rep1	M4	TriComm PVI no drug	PVI no drug	PVI	0	20.0	AMP	PL	0.0	0.0		999999.9999999999	499999.99999999994	
rep1	M4	TriComm PVI no drug	PVI no drug	PVI	0	20.0	AMP	PM	0.0	0.0		999999.9999999999	499999.99999999994	
rep1	M4	TriComm PVI no drug	PVI no drug	PVI	0	20.0	KAN	LM	92.0	91999999.99999999	999999.9999999999	999999.9999999998	91999999.99999999	91999999.99999999
rep1	M4	TriComm PVI no drug	PVI no drug	PVI	0	20.0	KAN	PL	41.0	40999999.99999999	999999.9999999998	999999.9999999998	40999999.99999999	40999999.99999999
rep1	M4	TriComm PVI no drug	PVI no drug	PVI	0	20.0	KAN	PM	30.0	29999999.999999996	999999.9999999999	999999.9999999998	29999999.999999996	29999999.999999996
rep1	M4	TriComm PVI no drug	PVI no drug	PVI	0	44.0	AMP	LM	43.0	42999999.99999999	999999.9999999999	999999.9999999999	42999999.99999999	42999999.99999999
rep1	M4	TriComm PVI no drug	PVI no drug	PVI	0	44.0	AMP	PL	0.0	0.0		999999.9999999999	499999.99999999994	
rep1	M4	TriComm PVI no drug	PVI no drug	PVI	0	44.0	AMP	PM	0.0	0.0		999999.9999999999	499999.99999999994	
rep1	M4	TriComm PVI no drug	PVI no drug	PVI	0	44.0	KAN	LM	22.0	21999999.999999996	999999.9999999999	999999.9999999999	21999999.999999996	21999999.999999996
rep1	M4	TriComm PVI no drug	PVI no drug	PVI	0	44.0	KAN	PL	23.0	22999999.999999996	999999.9999999999	999999.9999999999	22999999.999999996	22999999.999999996
rep1	M4	TriComm PVI no drug	PVI no drug	PVI	0	44.0	KAN	PM	51.0	50999999.99999999	999999.9999999999	999999.9999999999	50999999.99999999	50999999.99999999
rep1	M4	TriComm PVI no drug	PVI no drug	PVI	0	64.0	AMP	LM	9.0	8999999.999999998	999999.9999999998	999999.9999999998	8999999.999999998	8999999.999999998
rep1	M4	TriComm PVI no drug	PVI no drug	PVI	0	64.0	AMP	PL	0.0	0.0		999999.9999999998	499999.9999999999	
rep1	M4	TriComm PVI no drug	PVI no drug	PVI	0	64.0	AMP	PM	0.0	0.0		999999.9999999998	499999.9999999999	
rep1	M4	TriComm PVI no drug	PVI no drug	PVI	0	64.0	KAN	LM	1.0	10000000.0	10000000.0	9999999.999999998	10000000.0	10000000.0
rep1	M4	TriComm PVI no drug	PVI no drug	PVI	0	64.0	KAN	PL	21.0	209999999.99999997	9999999.999999998	9999999.999999998	209999999.99999997	209999999.99999997
rep1	M4	TriComm PVI no drug	PVI no drug	PVI	0	64.0	KAN	PM	16.0	160000000.0	10000000.0	9999999.999999998	160000000.0	160000000.0
rep1	M4	TriComm PVI no drug	PVI no drug	PVI	0	88.0	AMP	LM	24.0	2400000.0	100000.0	100000.0	2400000.0	2400000.0
rep1	M4	TriComm PVI no drug	PVI no drug	PVI	0	88.0	AMP	PL	0.0	0.0		100000.0	50000.0	
rep1	M4	TriComm PVI no drug	PVI no drug	PVI	0	88.0	AMP	PM	0.0	0.0		100000.0	50000.0	
rep1	M4	TriComm PVI no drug	PVI no drug	PVI	0	88.0	KAN	LM	2.0	1999999.9999999998	999999.9999999999	999999.9999999999	1999999.9999999998	1999999.9999999998
rep1	M4	TriComm PVI no drug	PVI no drug	PVI	0	88.0	KAN	PL	62.0	61999999.99999999	999999.9999999999	999999.9999999999	61999999.99999999	61999999.99999999
rep1	M4	TriComm PVI no drug	PVI no drug	PVI	0	88.0	KAN	PM	25.0	24999999.999999996	999999.9999999999	999999.9999999999	24999999.999999996	24999999.999999996
rep1	M4	TriComm PVI no drug	PVI no drug	PVI	0	112.0	AMP	LM	25.0	2500000.0	100000.0	100000.0	2500000.0	2500000.0
rep1	M4	TriComm PVI no drug	PVI no drug	PVI	0	112.0	AMP	PL	0.0	0.0		100000.0	50000.0	
rep1	M4	TriComm PVI no drug	PVI no drug	PVI	0	112.0	AMP	PM	0.0	0.0		100000.0	50000.0	
rep1	M4	TriComm PVI no drug	PVI no drug	PVI	0	112.0	KAN	LM	10.0	999999.9999999999	99999.99999999999	99999.99999999999	999999.9999999999	999999.9999999999
rep1	M4	TriComm PVI no drug	PVI no drug	PVI	0	112.0	KAN	PL	39.0	38999999.99999999	999999.9999999998	99999.99999999999	38999999.99999999	38999999.99999999
rep1	M4	TriComm PVI no drug	PVI no drug	PVI	0	112.0	KAN	PM	13.0	12999999.999999998	999999.9999999999	99999.99999999999	12999999.999999998	12999999.999999998
rep1	M4	TriComm PVI no drug	PVI no drug	PVI	0	136.0	AMP	LM	36.0	360000.0	10000.0	10000.0	360000.0	360000.0
rep1	M4	TriComm PVI no drug	PVI no drug	PVI	0	136.0	AMP	PL	0.0	0.0		10000.0	5000.0	
rep1	M4	TriComm PVI no drug	PVI no drug	PVI	0	136.0	AMP	PM	0.0	0.0		10000.0	5000.0	
rep1	M4	TriComm PVI no drug	PVI no drug	PVI	0	136.0	KAN	LM	1.0	999999.9999999999	999999.9999999999	999999.9999999998	999999.9999999999	999999.9999999999
rep1	M4	TriComm PVI no drug	PVI no drug	PVI	0	136.0	KAN	PL	22.0	21999999.999999996	999999.9999999999	999999.9999999998	21999999.999999996	21999999.999999996
rep1	M4	TriComm PVI no drug	PVI no drug	PVI	0	136.0	KAN	PM	5.0	4999999.999999999	999999.9999999998	999999.9999999998	4999999.999999999	4999999.999999999
rep1	M4	TriComm PVI no drug	PVI no drug	PVI	0	160.0	AMP	LM	7.0	70000.0	10000.0	10000.0	70000.0	70000.0
rep1	M4	TriComm PVI no drug	PVI no drug	PVI	0	160.0	AMP	PL	0.0	0.0		10000.0	5000.0	
rep1	M4	TriComm PVI no drug	PVI no drug	PVI	0	160.0	AMP	PM	0.0	0.0		10000.0	5000.0	
rep1	M4	TriComm PVI no drug	PVI no drug	PVI	0	160.0	KAN	LM	0.0	0.0		999999.9999999999	499999.99999999994	
rep1	M4	TriComm PVI no drug	PVI no drug	PVI	0	160.0	KAN	PL	8.0	7999999.999999999	999999.9999999999	999999.9999999999	7999999.999999999	7999999.999999999
rep1	M4	TriComm PVI no drug	PVI no drug	PVI	0	160.0	KAN	PM	23.0	22999999.999999996	999999.9999999999	999999.9999999999	22999999.999999996	22999999.999999996
rep1	M4	TriComm PVI no drug	PVI no drug	PVI	0	184.0	AMP	LM	14.0	14000.0	1000.0	1000.0	14000.0	14000.0
rep1	M4	TriComm PVI no drug	PVI no drug	PVI	0	184.0	AMP	PL	0.0	0.0		1000.0	500.0	
rep1	M4	TriComm PVI no drug	PVI no drug	PVI	0	184.0	AMP	PM	0.0	0.0		1000.0	500.0	
rep1	M4	TriComm PVI no drug	PVI no drug	PVI	0	184.0	KAN	LM	0.0	0.0		100000.0	50000.0	
rep1	M4	TriComm PVI no drug	PVI no drug	PVI	0	184.0	KAN	PL	12.0	11999999.999999998	999999.9999999999	100000.0	11999999.999999998	11999999.999999998
rep1	M4	TriComm PVI no drug	PVI no drug	PVI	0	184.0	KAN	PM	22.0	2200000.0	100000.0	100000.0	2200000.0	2200000.0
rep1	M4	TriComm PVI no drug	PVI no drug	PVI	0	208.0	AMP	LM	33.0	3300.0	100.0	100.0	3300.0	3300.0
rep1	M4	TriComm PVI no drug	PVI no drug	PVI	0	208.0	AMP	PL	0.0	0.0		100.0	50.0	
rep1	M4	TriComm PVI no drug	PVI no drug	PVI	0	208.0	AMP	PM	0.0	0.0		100.0	50.0	
rep1	M4	TriComm PVI no drug	PVI no drug	PVI	0	208.0	KAN	LM	0.0	0.0		999999.9999999999	499999.99999999994	
rep1	M4	TriComm PVI no drug	PVI no drug	PVI	0	208.0	KAN	PL	25.0	24999999.999999996	999999.9999999999	999999.9999999999	24999999.999999996	24999999.999999996
rep1	M4	TriComm PVI no drug	PVI no drug	PVI	0	208.0	KAN	PM	23.0	22999999.999999996	999999.9999999999	999999.9999999999	22999999.999999996	22999999.999999996
rep1	M5	TriComm PVI 16x MIC	PVI 16x MIC	PVI	16	2.0	AMP	LM	8.0	80000000.0	10000000.0	10000000.0	80000000.0	80000000.0
rep1	M5	TriComm PVI 16x MIC	PVI 16x MIC	PVI	16	2.0	AMP	PL	0.0	0.0		10000000.0	5000000.0	
rep1	M5	TriComm PVI 16x MIC	PVI 16x MIC	PVI	16	2.0	AMP	PM	0.0	0.0		10000000.0	5000000.0	
rep1	M5	TriComm PVI 16x MIC	PVI 16x MIC	PVI	16	2.0	KAN	LM	14.0	140000000.0	10000000.0	9999999.999999998	140000000.0	140000000.0
rep1	M5	TriComm PVI 16x MIC	PVI 16x MIC	PVI	16	2.0	KAN	PL	2.0	20000000.0	10000000.0	9999999.999999998	20000000.0	20000000.0
rep1	M5	TriComm PVI 16x MIC	PVI 16x MIC	PVI	16	2.0	KAN	PM	5.0	49999999.99999999	9999999.999999998	9999999.999999998	49999999.99999999	49999999.99999999
rep1	M5	TriComm PVI 16x MIC	PVI 16x MIC	PVI	16	20.0	AMP	LM	98.0	97999999.99999999	999999.9999999999	999999.9999999999	97999999.99999999	97999999.99999999
rep1	M5	TriComm PVI 16x MIC	PVI 16x MIC	PVI	16	20.0	AMP	PL	0.0	0.0		999999.9999999999	499999.99999999994	
rep1	M5	TriComm PVI 16x MIC	PVI 16x MIC	PVI	16	20.0	AMP	PM	0.0	0.0		999999.9999999999	499999.99999999994	
rep1	M5	TriComm PVI 16x MIC	PVI 16x MIC	PVI	16	20.0	KAN	LM	90.0	89999999.99999999	999999.9999999999	999999.9999999998	89999999.99999999	89999999.99999999
rep1	M5	TriComm PVI 16x MIC	PVI 16x MIC	PVI	16	20.0	KAN	PL	19.0	18999999.999999996	999999.9999999998	999999.9999999998	18999999.999999996	18999999.999999996
rep1	M5	TriComm PVI 16x MIC	PVI 16x MIC	PVI	16	20.0	KAN	PM	27.0	26999999.999999996	999999.9999999999	999999.9999999998	26999999.999999996	26999999.999999996
rep1	M5	TriComm PVI 16x MIC	PVI 16x MIC	PVI	16	44.0	AMP	LM	36.0	35999999.99999999	999999.9999999998	999999.9999999998	35999999.99999999	35999999.99999999
rep1	M5	TriComm PVI 16x MIC	PVI 16x MIC	PVI	16	44.0	AMP	PL	0.0	0.0		999999.9999999998	499999.9999999999	
rep1	M5	TriComm PVI 16x MIC	PVI 16x MIC	PVI	16	44.0	AMP	PM	0.0	0.0		999999.9999999998	499999.9999999999	
rep1	M5	TriComm PVI 16x MIC	PVI 16x MIC	PVI	16	44.0	KAN	LM	5.0	49999999.99999999	9999999.999999998	9999999.999999998	49999999.99999999	49999999.99999999
rep1	M5	TriComm PVI 16x MIC	PVI 16x MIC	PVI	16	44.0	KAN	PL	7.0	70000000.0	10000000.0	9999999.999999998	70000000.0	70000000.0
rep1	M5	TriComm PVI 16x MIC	PVI 16x MIC	PVI	16	44.0	KAN	PM	15.0	150000000.0	10000000.0	9999999.999999998	150000000.0	150000000.0
rep1	M5	TriComm PVI 16x MIC	PVI 16x MIC	PVI	16	64.0	AMP	LM	11.0	10999999.999999998	999999.9999999999	999999.9999999999	10999999.999999998	10999999.999999998
rep1	M5	TriComm PVI 16x MIC	PVI 16x MIC	PVI	16	64.0	AMP	PL	0.0	0.0		999999.9999999999	499999.99999999994	
rep1	M5	TriComm PVI 16x MIC	PVI 16x MIC	PVI	16	64.0	AMP	PM	0.0	0.0		999999.9999999999	499999.99999999994	
rep1	M5	TriComm PVI 16x MIC	PVI 16x MIC	PVI	16	64.0	KAN	LM	18.0	17999999.999999996	999999.9999999998	999999.9999999998	17999999.999999996	17999999.999999996
rep1	M5	TriComm PVI 16x MIC	PVI 16x MIC	PVI	16	64.0	KAN	PL	4.0	3999999.9999999995	999999.9999999999	999999.9999999998	3999999.9999999995	3999999.9999999995
rep1	M5	TriComm PVI 16x MIC	PVI 16x MIC	PVI	16	64.0	KAN	PM	64.0	63999999.99999999	999999.9999999999	999999.9999999998	63999999.99999999	63999999.99999999
rep1	M5	TriComm PVI 16x MIC	PVI 16x MIC	PVI	16	88.0	AMP	LM	60.0	5999999.999999999	99999.99999999999	10000.0	5999999.999999999	5999999.999999999
rep1	M5	TriComm PVI 16x MIC	PVI 16x MIC	PVI	16	88.0	AMP	PL	5.0	50000.0	10000.0	10000.0	50000.0	50000.0
rep1	M5	TriComm PVI 16x MIC	PVI 16x MIC	PVI	16	88.0	AMP	PM	0.0	0.0		10000.0	5000.0	
rep1	M5	TriComm PVI 16x MIC	PVI 16x MIC	PVI	16	88.0	KAN	LM	6.0	5999999.999999999	999999.9999999999	99999.99999999999	5999999.999999999	5999999.999999999
rep1	M5	TriComm PVI 16x MIC	PVI 16x MIC	PVI	16	88.0	KAN	PL	5.0	499999.99999999994	99999.99999999999	99999.99999999999	499999.99999999994	499999.99999999994
rep1	M5	TriComm PVI 16x MIC	PVI 16x MIC	PVI	16	88.0	KAN	PM	36.0	35999999.99999999	999999.9999999998	99999.99999999999	35999999.99999999	35999999.99999999
rep1	M5	TriComm PVI 16x MIC	PVI 16x MIC	PVI	16	112.0	AMP	LM	3.0	2999999.9999999995	999999.9999999999	999999.9999999999	2999999.9999999995	2999999.9999999995
rep1	M5	TriComm PVI 16x MIC	PVI 16x MIC	PVI	16	112.0	AMP	PL	27.0	26999999.999999996	999999.9999999999	999999.9999999999	26999999.999999996	26999999.999999996
rep1	M5	TriComm PVI 16x MIC	PVI 16x MIC	PVI	16	112.0	AMP	PM	0.0	0.0		999999.9999999999	499999.99999999994	
rep1	M5	TriComm PVI 16x MIC	PVI 16x MIC	PVI	16	112.0	KAN	LM	3.0	2999999.9999999995	999999.9999999999	999999.9999999999	2999999.9999999995	2999999.9999999995
rep1	M5	TriComm PVI 16x MIC	PVI 16x MIC	PVI	16	112.0	KAN	PL	29.0	28999999.999999996	999999.9999999999	999999.9999999999	28999999.999999996	28999999.999999996
rep1	M5	TriComm PVI 16x MIC	PVI 16x MIC	PVI	16	112.0	KAN	PM	7.0	6999999.999999999	999999.9999999999	999999.9999999999	6999999.999999999	6999999.999999999
rep1	M5	TriComm PVI 16x MIC	PVI 16x MIC	PVI	16	136.0	AMP	LM	0.0	0.0		999999.9999999998	499999.9999999999	
rep1	M5	TriComm PVI 16x MIC	PVI 16x MIC	PVI	16	136.0	AMP	PL	73.0	72999999.99999999	999999.9999999998	999999.9999999998	72999999.99999999	72999999.99999999
rep1	M5	TriComm PVI 16x MIC	PVI 16x MIC	PVI	16	136.0	AMP	PM	0.0	0.0		999999.9999999998	499999.9999999999	
rep1	M5	TriComm PVI 16x MIC	PVI 16x MIC	PVI	16	136.0	KAN	LM	0.0	0.0		9999999.999999998	4999999.999999999	
rep1	M5	TriComm PVI 16x MIC	PVI 16x MIC	PVI	16	136.0	KAN	PL	10.0	99999999.99999999	9999999.999999998	9999999.999999998	99999999.99999999	99999999.99999999
rep1	M5	TriComm PVI 16x MIC	PVI 16x MIC	PVI	16	136.0	KAN	PM	3.0	29999999.999999996	9999999.999999998	9999999.999999998	29999999.999999996	29999999.999999996
rep1	M5	TriComm PVI 16x MIC	PVI 16x MIC	PVI	16	160.0	AMP	LM	0.0	0.0		999999.9999999999	499999.99999999994	
rep1	M5	TriComm PVI 16x MIC	PVI 16x MIC	PVI	16	160.0	AMP	PL	14.0	13999999.999999998	999999.9999999999	999999.9999999999	13999999.999999998	13999999.999999998
rep1	M5	TriComm PVI 16x MIC	PVI 16x MIC	PVI	16	160.0	AMP	PM	0.0	0.0		999999.9999999999	499999.99999999994	
rep1	M5	TriComm PVI 16x MIC	PVI 16x MIC	PVI	16	160.0	KAN	LM	0.0	0.0		10000.0	5000.0	
rep1	M5	TriComm PVI 16x MIC	PVI 16x MIC	PVI	16	160.0	KAN	PL	20.0	19999999.999999996	999999.9999999998	10000.0	19999999.999999996	19999999.999999996
rep1	M5	TriComm PVI 16x MIC	PVI 16x MIC	PVI	16	160.0	KAN	PM	6.0	60000.0	10000.0	10000.0	60000.0	60000.0
rep1	M5	TriComm PVI 16x MIC	PVI 16x MIC	PVI	16	184.0	AMP	LM	0.0	0.0		1000.0	500.0	
rep1	M5	TriComm PVI 16x MIC	PVI 16x MIC	PVI	16	184.0	AMP	PL	70.0	6999999.999999999	99999.99999999999	1000.0	6999999.999999999	6999999.999999999
rep1	M5	TriComm PVI 16x MIC	PVI 16x MIC	PVI	16	184.0	AMP	PM	3.0	3000.0	1000.0	1000.0	3000.0	3000.0
rep1	M5	TriComm PVI 16x MIC	PVI 16x MIC	PVI	16	184.0	KAN	LM	0.0	0.0		100000.0	50000.0	
rep1	M5	TriComm PVI 16x MIC	PVI 16x MIC	PVI	16	184.0	KAN	PL	5.0	4999999.999999999	999999.9999999998	100000.0	4999999.999999999	4999999.999999999
rep1	M5	TriComm PVI 16x MIC	PVI 16x MIC	PVI	16	184.0	KAN	PM	13.0	1300000.0	100000.0	100000.0	1300000.0	1300000.0
rep1	M5	TriComm PVI 16x MIC	PVI 16x MIC	PVI	16	208.0	AMP	LM	0.0	0.0		999999.9999999999	499999.99999999994	
rep1	M5	TriComm PVI 16x MIC	PVI 16x MIC	PVI	16	208.0	AMP	PL	47.0	46999999.99999999	999999.9999999999	999999.9999999999	46999999.99999999	46999999.99999999
rep1	M5	TriComm PVI 16x MIC	PVI 16x MIC	PVI	16	208.0	AMP	PM	0.0	0.0		999999.9999999999	499999.99999999994	
rep1	M5	TriComm PVI 16x MIC	PVI 16x MIC	PVI	16	208.0	KAN	LM	0.0	0.0		999999.9999999999	499999.99999999994	
rep1	M5	TriComm PVI 16x MIC	PVI 16x MIC	PVI	16	208.0	KAN	PL	53.0	52999999.99999999	999999.9999999999	999999.9999999999	52999999.99999999	52999999.99999999
rep1	M5	TriComm PVI 16x MIC	PVI 16x MIC	PVI	16	208.0	KAN	PM	30.0	29999999.999999996	999999.9999999999	999999.9999999999	29999999.999999996	29999999.999999996
rep1	M6	TriComm PVB no drug	PVB no drug	PVB	0	2.0	AMP	LM	70.0	69999999.99999999	999999.9999999998	999999.9999999998	69999999.99999999	69999999.99999999
rep1	M6	TriComm PVB no drug	PVB no drug	PVB	0	2.0	AMP	PL	0.0	0.0		999999.9999999998	499999.9999999999	
rep1	M6	TriComm PVB no drug	PVB no drug	PVB	0	2.0	AMP	PM	0.0	0.0		999999.9999999998	499999.9999999999	
rep1	M6	TriComm PVB no drug	PVB no drug	PVB	0	2.0	KAN	LM	8.0	80000000.0	10000000.0	9999999.999999998	80000000.0	80000000.0
rep1	M6	TriComm PVB no drug	PVB no drug	PVB	0	2.0	KAN	PL	3.0	29999999.999999996	9999999.999999998	9999999.999999998	29999999.999999996	29999999.999999996
rep1	M6	TriComm PVB no drug	PVB no drug	PVB	0	2.0	KAN	PM	7.0	70000000.0	10000000.0	9999999.999999998	70000000.0	70000000.0
rep1	M6	TriComm PVB no drug	PVB no drug	PVB	0	20.0	AMP	LM	58.0	57999999.99999999	999999.9999999999	999999.9999999999	57999999.99999999	57999999.99999999
rep1	M6	TriComm PVB no drug	PVB no drug	PVB	0	20.0	AMP	PL	0.0	0.0		999999.9999999999	499999.99999999994	
rep1	M6	TriComm PVB no drug	PVB no drug	PVB	0	20.0	AMP	PM	0.0	0.0		999999.9999999999	499999.99999999994	
rep1	M6	TriComm PVB no drug	PVB no drug	PVB	0	20.0	KAN	LM	33.0	32999999.999999996	999999.9999999999	999999.9999999998	32999999.999999996	32999999.999999996
rep1	M6	TriComm PVB no drug	PVB no drug	PVB	0	20.0	KAN	PL	42.0	41999999.99999999	999999.9999999998	999999.9999999998	41999999.99999999	41999999.99999999
rep1	M6	TriComm PVB no drug	PVB no drug	PVB	0	20.0	KAN	PM	43.0	42999999.99999999	999999.9999999999	999999.9999999998	42999999.99999999	42999999.99999999
rep1	M6	TriComm PVB no drug	PVB no drug	PVB	0	44.0	AMP	LM	19.0	18999999.999999996	999999.9999999998	999999.9999999998	18999999.999999996	18999999.999999996
rep1	M6	TriComm PVB no drug	PVB no drug	PVB	0	44.0	AMP	PL	0.0	0.0		999999.9999999998	499999.9999999999	
rep1	M6	TriComm PVB no drug	PVB no drug	PVB	0	44.0	AMP	PM	0.0	0.0		999999.9999999998	499999.9999999999	
rep1	M6	TriComm PVB no drug	PVB no drug	PVB	0	44.0	KAN	LM	19.0	18999999.999999996	999999.9999999998	999999.9999999998	18999999.999999996	18999999.999999996
rep1	M6	TriComm PVB no drug	PVB no drug	PVB	0	44.0	KAN	PL	23.0	22999999.999999996	999999.9999999999	999999.9999999998	22999999.999999996	22999999.999999996
rep1	M6	TriComm PVB no drug	PVB no drug	PVB	0	44.0	KAN	PM	18.0	17999999.999999996	999999.9999999998	999999.9999999998	17999999.999999996	17999999.999999996
rep1	M6	TriComm PVB no drug	PVB no drug	PVB	0	64.0	AMP	LM	12.0	11999999.999999998	999999.9999999999	999999.9999999999	11999999.999999998	11999999.999999998
rep1	M6	TriComm PVB no drug	PVB no drug	PVB	0	64.0	AMP	PL	0.0	0.0		999999.9999999999	499999.99999999994	
rep1	M6	TriComm PVB no drug	PVB no drug	PVB	0	64.0	AMP	PM	0.0	0.0		999999.9999999999	499999.99999999994	
rep1	M6	TriComm PVB no drug	PVB no drug	PVB	0	64.0	KAN	LM	1.0	10000000.0	10000000.0	9999999.999999998	10000000.0	10000000.0
rep1	M6	TriComm PVB no drug	PVB no drug	PVB	0	64.0	KAN	PL	19.0	189999999.99999997	9999999.999999998	9999999.999999998	189999999.99999997	189999999.99999997
rep1	M6	TriComm PVB no drug	PVB no drug	PVB	0	64.0	KAN	PM	14.0	140000000.0	10000000.0	9999999.999999998	140000000.0	140000000.0
rep1	M6	TriComm PVB no drug	PVB no drug	PVB	0	88.0	AMP	LM	9.0	899999.9999999999	99999.99999999999	99999.99999999999	899999.9999999999	899999.9999999999
rep1	M6	TriComm PVB no drug	PVB no drug	PVB	0	88.0	AMP	PL	0.0	0.0		99999.99999999999	49999.99999999999	
rep1	M6	TriComm PVB no drug	PVB no drug	PVB	0	88.0	AMP	PM	0.0	0.0		99999.99999999999	49999.99999999999	
rep1	M6	TriComm PVB no drug	PVB no drug	PVB	0	88.0	KAN	PL	8.0	80000000.0	10000000.0	9999999.999999998	80000000.0	80000000.0
rep1	M6	TriComm PVB no drug	PVB no drug	PVB	0	88.0	KAN	PM	23.0	229999999.99999997	9999999.999999998	9999999.999999998	229999999.99999997	229999999.99999997
rep1	M6	TriComm PVB no drug	PVB no drug	PVB	0	112.0	AMP	LM	27.0	270000.0	10000.0	10000.0	270000.0	270000.0
rep1	M6	TriComm PVB no drug	PVB no drug	PVB	0	112.0	AMP	PL	0.0	0.0		10000.0	5000.0	
rep1	M6	TriComm PVB no drug	PVB no drug	PVB	0	112.0	AMP	PM	0.0	0.0		10000.0	5000.0	
rep1	M6	TriComm PVB no drug	PVB no drug	PVB	0	112.0	KAN	LM	1.0	99999.99999999999	99999.99999999999	99999.99999999999	99999.99999999999	99999.99999999999
rep1	M6	TriComm PVB no drug	PVB no drug	PVB	0	112.0	KAN	PL	20.0	19999999.999999996	999999.9999999998	99999.99999999999	19999999.999999996	19999999.999999996
rep1	M6	TriComm PVB no drug	PVB no drug	PVB	0	112.0	KAN	PM	20.0	1999999.9999999998	99999.99999999999	99999.99999999999	1999999.9999999998	1999999.9999999998
rep1	M6	TriComm PVB no drug	PVB no drug	PVB	0	136.0	AMP	LM	5.0	50000.0	10000.0	10000.0	50000.0	50000.0
rep1	M6	TriComm PVB no drug	PVB no drug	PVB	0	136.0	AMP	PL	0.0	0.0		10000.0	5000.0	
rep1	M6	TriComm PVB no drug	PVB no drug	PVB	0	136.0	AMP	PM	0.0	0.0		10000.0	5000.0	
rep1	M6	TriComm PVB no drug	PVB no drug	PVB	0	136.0	KAN	LM	1.0	999999.9999999999	999999.9999999999	999999.9999999999	999999.9999999999	999999.9999999999
rep1	M6	TriComm PVB no drug	PVB no drug	PVB	0	136.0	KAN	PL	11.0	109999999.99999999	9999999.999999998	999999.9999999999	109999999.99999999	109999999.99999999
rep1	M6	TriComm PVB no drug	PVB no drug	PVB	0	136.0	KAN	PM	11.0	10999999.999999998	999999.9999999999	999999.9999999999	10999999.999999998	10999999.999999998
rep1	M6	TriComm PVB no drug	PVB no drug	PVB	0	160.0	AMP	LM	17.0	17000.0	1000.0	1000.0	17000.0	17000.0
rep1	M6	TriComm PVB no drug	PVB no drug	PVB	0	160.0	AMP	PL	0.0	0.0		1000.0	500.0	
rep1	M6	TriComm PVB no drug	PVB no drug	PVB	0	160.0	AMP	PM	0.0	0.0		1000.0	500.0	
rep1	M6	TriComm PVB no drug	PVB no drug	PVB	0	160.0	KAN	LM	1.0	99999.99999999999	99999.99999999999	99999.99999999999	99999.99999999999	99999.99999999999
rep1	M6	TriComm PVB no drug	PVB no drug	PVB	0	160.0	KAN	PL	38.0	3799999.9999999995	99999.99999999999	99999.99999999999	3799999.9999999995	3799999.9999999995
rep1	M6	TriComm PVB no drug	PVB no drug	PVB	0	160.0	KAN	PM	6.0	600000.0	100000.0	99999.99999999999	600000.0	600000.0
rep1	M6	TriComm PVB no drug	PVB no drug	PVB	0	184.0	AMP	LM	36.0	3600.0	100.0	100.0	3600.0	3600.0
rep1	M6	TriComm PVB no drug	PVB no drug	PVB	0	184.0	AMP	PL	0.0	0.0		100.0	50.0	
rep1	M6	TriComm PVB no drug	PVB no drug	PVB	0	184.0	AMP	PM	0.0	0.0		100.0	50.0	
rep1	M6	TriComm PVB no drug	PVB no drug	PVB	0	184.0	KAN	LM	0.0	0.0		99999.99999999999	49999.99999999999	
rep1	M6	TriComm PVB no drug	PVB no drug	PVB	0	184.0	KAN	PL	9.0	899999.9999999999	99999.99999999999	99999.99999999999	899999.9999999999	899999.9999999999
rep1	M6	TriComm PVB no drug	PVB no drug	PVB	0	184.0	KAN	PM	4.0	399999.99999999994	99999.99999999999	99999.99999999999	399999.99999999994	399999.99999999994
rep1	M6	TriComm PVB no drug	PVB no drug	PVB	0	208.0	AMP	LM	20.0	2000.0	100.0	100.0	2000.0	2000.0
rep1	M6	TriComm PVB no drug	PVB no drug	PVB	0	208.0	AMP	PL	0.0	0.0		100.0	50.0	
rep1	M6	TriComm PVB no drug	PVB no drug	PVB	0	208.0	AMP	PM	0.0	0.0		100.0	50.0	
rep1	M6	TriComm PVB no drug	PVB no drug	PVB	0	208.0	KAN	LM	0.0	0.0		999999.9999999999	499999.99999999994	
rep1	M6	TriComm PVB no drug	PVB no drug	PVB	0	208.0	KAN	PL	6.0	5999999.999999999	999999.9999999999	999999.9999999999	5999999.999999999	5999999.999999999
rep1	M6	TriComm PVB no drug	PVB no drug	PVB	0	208.0	KAN	PM	7.0	6999999.999999999	999999.9999999999	999999.9999999999	6999999.999999999	6999999.999999999
rep1	M7	TriComm PVB 16x MIC	PVB 16x MIC	PVB	16	2.0	AMP	LM	89.0	88999999.99999999	999999.9999999999	999999.9999999999	88999999.99999999	88999999.99999999
rep1	M7	TriComm PVB 16x MIC	PVB 16x MIC	PVB	16	2.0	AMP	PL	0.0	0.0		999999.9999999999	499999.99999999994	
rep1	M7	TriComm PVB 16x MIC	PVB 16x MIC	PVB	16	2.0	AMP	PM	0.0	0.0		999999.9999999999	499999.99999999994	
rep1	M7	TriComm PVB 16x MIC	PVB 16x MIC	PVB	16	2.0	KAN	LM	9.0	89999999.99999999	9999999.999999998	9999999.999999998	89999999.99999999	89999999.99999999
rep1	M7	TriComm PVB 16x MIC	PVB 16x MIC	PVB	16	2.0	KAN	PL	4.0	40000000.0	10000000.0	9999999.999999998	40000000.0	40000000.0
rep1	M7	TriComm PVB 16x MIC	PVB 16x MIC	PVB	16	2.0	KAN	PM	5.0	49999999.99999999	9999999.999999998	9999999.999999998	49999999.99999999	49999999.99999999
rep1	M7	TriComm PVB 16x MIC	PVB 16x MIC	PVB	16	20.0	AMP	LM	52.0	51999999.99999999	999999.9999999999	999999.9999999999	51999999.99999999	51999999.99999999
rep1	M7	TriComm PVB 16x MIC	PVB 16x MIC	PVB	16	20.0	AMP	PL	0.0	0.0		999999.9999999999	499999.99999999994	
rep1	M7	TriComm PVB 16x MIC	PVB 16x MIC	PVB	16	20.0	AMP	PM	0.0	0.0		999999.9999999999	499999.99999999994	
rep1	M7	TriComm PVB 16x MIC	PVB 16x MIC	PVB	16	20.0	KAN	LM	29.0	28999999.999999996	999999.9999999999	999999.9999999999	28999999.999999996	28999999.999999996
rep1	M7	TriComm PVB 16x MIC	PVB 16x MIC	PVB	16	20.0	KAN	PL	26.0	25999999.999999996	999999.9999999999	999999.9999999999	25999999.999999996	25999999.999999996
rep1	M7	TriComm PVB 16x MIC	PVB 16x MIC	PVB	16	20.0	KAN	PM	27.0	26999999.999999996	999999.9999999999	999999.9999999999	26999999.999999996	26999999.999999996
rep1	M7	TriComm PVB 16x MIC	PVB 16x MIC	PVB	16	44.0	AMP	LM	23.0	22999999.999999996	999999.9999999999	999999.9999999999	22999999.999999996	22999999.999999996
rep1	M7	TriComm PVB 16x MIC	PVB 16x MIC	PVB	16	44.0	AMP	PL	0.0	0.0		999999.9999999999	499999.99999999994	
rep1	M7	TriComm PVB 16x MIC	PVB 16x MIC	PVB	16	44.0	AMP	PM	0.0	0.0		999999.9999999999	499999.99999999994	
rep1	M7	TriComm PVB 16x MIC	PVB 16x MIC	PVB	16	44.0	KAN	LM	19.0	18999999.999999996	999999.9999999998	999999.9999999998	18999999.999999996	18999999.999999996
rep1	M7	TriComm PVB 16x MIC	PVB 16x MIC	PVB	16	44.0	KAN	PL	20.0	19999999.999999996	999999.9999999998	999999.9999999998	19999999.999999996	19999999.999999996
rep1	M7	TriComm PVB 16x MIC	PVB 16x MIC	PVB	16	44.0	KAN	PM	18.0	17999999.999999996	999999.9999999998	999999.9999999998	17999999.999999996	17999999.999999996
rep1	M7	TriComm PVB 16x MIC	PVB 16x MIC	PVB	16	64.0	AMP	LM	17.0	16999999.999999996	999999.9999999998	999999.9999999998	16999999.999999996	16999999.999999996
rep1	M7	TriComm PVB 16x MIC	PVB 16x MIC	PVB	16	64.0	AMP	PL	0.0	0.0		999999.9999999998	499999.9999999999	
rep1	M7	TriComm PVB 16x MIC	PVB 16x MIC	PVB	16	64.0	AMP	PM	0.0	0.0		999999.9999999998	499999.9999999999	
rep1	M7	TriComm PVB 16x MIC	PVB 16x MIC	PVB	16	64.0	KAN	LM	1.0	10000000.0	10000000.0	10000000.0	10000000.0	10000000.0
rep1	M7	TriComm PVB 16x MIC	PVB 16x MIC	PVB	16	64.0	KAN	PL	15.0	150000000.0	10000000.0	10000000.0	150000000.0	150000000.0
rep1	M7	TriComm PVB 16x MIC	PVB 16x MIC	PVB	16	64.0	KAN	PM	14.0	140000000.0	10000000.0	10000000.0	140000000.0	140000000.0
rep1	M7	TriComm PVB 16x MIC	PVB 16x MIC	PVB	16	88.0	AMP	LM	67.0	6699999.999999999	99999.99999999999	99999.99999999999	6699999.999999999	6699999.999999999
rep1	M7	TriComm PVB 16x MIC	PVB 16x MIC	PVB	16	88.0	AMP	PL	0.0	0.0		99999.99999999999	49999.99999999999	
rep1	M7	TriComm PVB 16x MIC	PVB 16x MIC	PVB	16	88.0	AMP	PM	0.0	0.0		99999.99999999999	49999.99999999999	
rep1	M7	TriComm PVB 16x MIC	PVB 16x MIC	PVB	16	88.0	KAN	LM	3.0	2999999.9999999995	999999.9999999999	999999.9999999998	2999999.9999999995	2999999.9999999995
rep1	M7	TriComm PVB 16x MIC	PVB 16x MIC	PVB	16	88.0	KAN	PL	17.0	16999999.999999996	999999.9999999998	999999.9999999998	16999999.999999996	16999999.999999996
rep1	M7	TriComm PVB 16x MIC	PVB 16x MIC	PVB	16	88.0	KAN	PM	10.0	99999999.99999999	9999999.999999998	999999.9999999998	99999999.99999999	99999999.99999999
rep1	M7	TriComm PVB 16x MIC	PVB 16x MIC	PVB	16	112.0	AMP	LM	21.0	2100000.0	100000.0	100000.0	2100000.0	2100000.0
rep1	M7	TriComm PVB 16x MIC	PVB 16x MIC	PVB	16	112.0	AMP	PL	0.0	0.0		100000.0	50000.0	
rep1	M7	TriComm PVB 16x MIC	PVB 16x MIC	PVB	16	112.0	AMP	PM	0.0	0.0		100000.0	50000.0	
rep1	M7	TriComm PVB 16x MIC	PVB 16x MIC	PVB	16	112.0	KAN	LM	1.0	999999.9999999999	999999.9999999999	999999.9999999998	999999.9999999999	999999.9999999999
rep1	M7	TriComm PVB 16x MIC	PVB 16x MIC	PVB	16	112.0	KAN	PL	5.0	4999999.999999999	999999.9999999998	999999.9999999998	4999999.999999999	4999999.999999999
rep1	M7	TriComm PVB 16x MIC	PVB 16x MIC	PVB	16	112.0	KAN	PM	73.0	72999999.99999999	999999.9999999998	999999.9999999998	72999999.99999999	72999999.99999999
rep1	M7	TriComm PVB 16x MIC	PVB 16x MIC	PVB	16	136.0	AMP	LM	10.0	999999.9999999999	99999.99999999999	99999.99999999999	999999.9999999999	999999.9999999999
rep1	M7	TriComm PVB 16x MIC	PVB 16x MIC	PVB	16	136.0	AMP	PL	0.0	0.0		99999.99999999999	49999.99999999999	
rep1	M7	TriComm PVB 16x MIC	PVB 16x MIC	PVB	16	136.0	AMP	PM	0.0	0.0		99999.99999999999	49999.99999999999	
rep1	M7	TriComm PVB 16x MIC	PVB 16x MIC	PVB	16	136.0	KAN	LM	1.0	99999.99999999999	99999.99999999999	10000.0	99999.99999999999	99999.99999999999
rep1	M7	TriComm PVB 16x MIC	PVB 16x MIC	PVB	16	136.0	KAN	PL	34.0	3399999.9999999995	99999.99999999999	10000.0	3399999.9999999995	3399999.9999999995
rep1	M7	TriComm PVB 16x MIC	PVB 16x MIC	PVB	16	136.0	KAN	PM	3.0	30000.0	10000.0	10000.0	30000.0	30000.0
rep1	M7	TriComm PVB 16x MIC	PVB 16x MIC	PVB	16	160.0	AMP	LM	6.0	600000.0	100000.0	100000.0	600000.0	600000.0
rep1	M7	TriComm PVB 16x MIC	PVB 16x MIC	PVB	16	160.0	AMP	PL	0.0	0.0		100000.0	50000.0	
rep1	M7	TriComm PVB 16x MIC	PVB 16x MIC	PVB	16	160.0	AMP	PM	0.0	0.0		100000.0	50000.0	
rep1	M7	TriComm PVB 16x MIC	PVB 16x MIC	PVB	16	160.0	KAN	LM	0.0	0.0		999999.9999999999	499999.99999999994	
rep1	M7	TriComm PVB 16x MIC	PVB 16x MIC	PVB	16	160.0	KAN	PL	13.0	12999999.999999998	999999.9999999999	999999.9999999999	12999999.999999998	12999999.999999998
rep1	M7	TriComm PVB 16x MIC	PVB 16x MIC	PVB	16	160.0	KAN	PM	43.0	42999999.99999999	999999.9999999999	999999.9999999999	42999999.99999999	42999999.99999999
rep1	M7	TriComm PVB 16x MIC	PVB 16x MIC	PVB	16	184.0	AMP	LM	12.0	120000.0	10000.0	10000.0	120000.0	120000.0
rep1	M7	TriComm PVB 16x MIC	PVB 16x MIC	PVB	16	184.0	AMP	PL	0.0	0.0		10000.0	5000.0	
rep1	M7	TriComm PVB 16x MIC	PVB 16x MIC	PVB	16	184.0	AMP	PM	0.0	0.0		10000.0	5000.0	
rep1	M7	TriComm PVB 16x MIC	PVB 16x MIC	PVB	16	184.0	KAN	LM	1.0	999999.9999999999	999999.9999999999	999999.9999999999	999999.9999999999	999999.9999999999
rep1	M7	TriComm PVB 16x MIC	PVB 16x MIC	PVB	16	184.0	KAN	PL	6.0	5999999.999999999	999999.9999999999	999999.9999999999	5999999.999999999	5999999.999999999
rep1	M7	TriComm PVB 16x MIC	PVB 16x MIC	PVB	16	184.0	KAN	PM	7.0	6999999.999999999	999999.9999999999	999999.9999999999	6999999.999999999	6999999.999999999
rep1	M7	TriComm PVB 16x MIC	PVB 16x MIC	PVB	16	208.0	AMP	LM	28.0	28000.0	1000.0	1000.0	28000.0	28000.0
rep1	M7	TriComm PVB 16x MIC	PVB 16x MIC	PVB	16	208.0	AMP	PL	0.0	0.0		1000.0	500.0	
rep1	M7	TriComm PVB 16x MIC	PVB 16x MIC	PVB	16	208.0	AMP	PM	0.0	0.0		1000.0	500.0	
rep1	M7	TriComm PVB 16x MIC	PVB 16x MIC	PVB	16	208.0	KAN	LM	4.0	399999.99999999994	99999.99999999999	10000.0	399999.99999999994	399999.99999999994
rep1	M7	TriComm PVB 16x MIC	PVB 16x MIC	PVB	16	208.0	KAN	PL	8.0	799999.9999999999	99999.99999999999	10000.0	799999.9999999999	799999.9999999999
rep1	M7	TriComm PVB 16x MIC	PVB 16x MIC	PVB	16	208.0	KAN	PM	2.0	20000.0	10000.0	10000.0	20000.0	20000.0
rep2	M0	TriComm KAN no drug	KAN no drug	KAN	0	2.0	AMP	LM	0.0	0.0		100.0	50.0	
rep2	M0	TriComm KAN no drug	KAN no drug	KAN	0	2.0	AMP	PL	0.0	0.0		100.0	50.0	
rep2	M0	TriComm KAN no drug	KAN no drug	KAN	0	2.0	AMP	PM	0.0	0.0		100.0	50.0	
rep2	M0	TriComm KAN no drug	KAN no drug	KAN	0	2.0	KAN	LM	5.0	49999999.99999999	9999999.999999998	9999999.999999998	49999999.99999999	49999999.99999999
rep2	M0	TriComm KAN no drug	KAN no drug	KAN	0	2.0	KAN	PL	6.0	59999999.99999999	9999999.999999998	9999999.999999998	59999999.99999999	59999999.99999999
rep2	M0	TriComm KAN no drug	KAN no drug	KAN	0	2.0	KAN	PM	6.0	59999999.99999999	9999999.999999998	9999999.999999998	59999999.99999999	59999999.99999999
rep2	M0	TriComm KAN no drug	KAN no drug	KAN	0	20.0	AMP	LM	0.0	0.0		100.0	50.0	
rep2	M0	TriComm KAN no drug	KAN no drug	KAN	0	20.0	AMP	PL	0.0	0.0		100.0	50.0	
rep2	M0	TriComm KAN no drug	KAN no drug	KAN	0	20.0	AMP	PM	0.0	0.0		100.0	50.0	
rep2	M0	TriComm KAN no drug	KAN no drug	KAN	0	20.0	KAN	LM	5.0	49999999.99999999	9999999.999999998	999999.9999999999	49999999.99999999	49999999.99999999
rep2	M0	TriComm KAN no drug	KAN no drug	KAN	0	20.0	KAN	PL	5.0	49999999.99999999	9999999.999999998	999999.9999999999	49999999.99999999	49999999.99999999
rep2	M0	TriComm KAN no drug	KAN no drug	KAN	0	20.0	KAN	PM	58.0	57999999.99999999	999999.9999999999	999999.9999999999	57999999.99999999	57999999.99999999
rep2	M0	TriComm KAN no drug	KAN no drug	KAN	0	44.0	AMP	LM	0.0	0.0		100.0	50.0	
rep2	M0	TriComm KAN no drug	KAN no drug	KAN	0	44.0	AMP	PL	0.0	0.0		100.0	50.0	
rep2	M0	TriComm KAN no drug	KAN no drug	KAN	0	44.0	AMP	PM	0.0	0.0		100.0	50.0	
rep2	M0	TriComm KAN no drug	KAN no drug	KAN	0	44.0	KAN	LM	5.0	49999999.99999999	9999999.999999998	9999999.999999998	49999999.99999999	49999999.99999999
rep2	M0	TriComm KAN no drug	KAN no drug	KAN	0	44.0	KAN	PL	16.0	160000000.0	10000000.0	9999999.999999998	160000000.0	160000000.0
rep2	M0	TriComm KAN no drug	KAN no drug	KAN	0	44.0	KAN	PM	15.0	150000000.0	10000000.0	9999999.999999998	150000000.0	150000000.0
rep2	M0	TriComm KAN no drug	KAN no drug	KAN	0	68.0	AMP	LM	0.0	0.0		100.0	50.0	
rep2	M0	TriComm KAN no drug	KAN no drug	KAN	0	68.0	AMP	PL	0.0	0.0		100.0	50.0	
rep2	M0	TriComm KAN no drug	KAN no drug	KAN	0	68.0	AMP	PM	0.0	0.0		100.0	50.0	
rep2	M0	TriComm KAN no drug	KAN no drug	KAN	0	68.0	KAN	LM	1.0	999999.9999999999	999999.9999999999	999999.9999999999	999999.9999999999	999999.9999999999
rep2	M0	TriComm KAN no drug	KAN no drug	KAN	0	68.0	KAN	PL	11.0	109999999.99999999	9999999.999999998	999999.9999999999	109999999.99999999	109999999.99999999
rep2	M0	TriComm KAN no drug	KAN no drug	KAN	0	68.0	KAN	PM	21.0	209999999.99999997	9999999.999999998	999999.9999999999	209999999.99999997	209999999.99999997
rep2	M0	TriComm KAN no drug	KAN no drug	KAN	0	92.0	AMP	LM	0.0	0.0		100.0	50.0	
rep2	M0	TriComm KAN no drug	KAN no drug	KAN	0	92.0	AMP	PL	0.0	0.0		100.0	50.0	
rep2	M0	TriComm KAN no drug	KAN no drug	KAN	0	92.0	AMP	PM	0.0	0.0		100.0	50.0	
rep2	M0	TriComm KAN no drug	KAN no drug	KAN	0	92.0	KAN	LM	0.0	0.0		9999999.999999998	4999999.999999999	
rep2	M0	TriComm KAN no drug	KAN no drug	KAN	0	92.0	KAN	PL	7.0	70000000.0	10000000.0	9999999.999999998	70000000.0	70000000.0
rep2	M0	TriComm KAN no drug	KAN no drug	KAN	0	92.0	KAN	PM	13.0	129999999.99999999	9999999.999999998	9999999.999999998	129999999.99999999	129999999.99999999
rep2	M0	TriComm KAN no drug	KAN no drug	KAN	0	116.0	AMP	LM	0.0	0.0		100.0	50.0	
rep2	M0	TriComm KAN no drug	KAN no drug	KAN	0	116.0	AMP	PL	0.0	0.0		100.0	50.0	
rep2	M0	TriComm KAN no drug	KAN no drug	KAN	0	116.0	AMP	PM	0.0	0.0		100.0	50.0	
rep2	M0	TriComm KAN no drug	KAN no drug	KAN	0	116.0	KAN	LM	0.0	0.0		9999999.999999998	4999999.999999999	
rep2	M0	TriComm KAN no drug	KAN no drug	KAN	0	116.0	KAN	PL	9.0	89999999.99999999	9999999.999999998	9999999.999999998	89999999.99999999	89999999.99999999
rep2	M0	TriComm KAN no drug	KAN no drug	KAN	0	116.0	KAN	PM	8.0	80000000.0	10000000.0	9999999.999999998	80000000.0	80000000.0
rep2	M0	TriComm KAN no drug	KAN no drug	KAN	0	140.0	AMP	LM	0.0	0.0		100.0	50.0	
rep2	M0	TriComm KAN no drug	KAN no drug	KAN	0	140.0	AMP	PL	0.0	0.0		100.0	50.0	
rep2	M0	TriComm KAN no drug	KAN no drug	KAN	0	140.0	AMP	PM	0.0	0.0		100.0	50.0	
rep2	M0	TriComm KAN no drug	KAN no drug	KAN	0	140.0	KAN	LM	0.0	0.0		9999999.999999998	4999999.999999999	
rep2	M0	TriComm KAN no drug	KAN no drug	KAN	0	140.0	KAN	PL	5.0	49999999.99999999	9999999.999999998	9999999.999999998	49999999.99999999	49999999.99999999
rep2	M0	TriComm KAN no drug	KAN no drug	KAN	0	140.0	KAN	PM	2.0	20000000.0	10000000.0	9999999.999999998	20000000.0	20000000.0
rep2	M0	TriComm KAN no drug	KAN no drug	KAN	0	162.0	AMP	LM	0.0	0.0		100.0	50.0	
rep2	M0	TriComm KAN no drug	KAN no drug	KAN	0	162.0	AMP	PL	0.0	0.0		100.0	50.0	
rep2	M0	TriComm KAN no drug	KAN no drug	KAN	0	162.0	AMP	PM	0.0	0.0		100.0	50.0	
rep2	M0	TriComm KAN no drug	KAN no drug	KAN	0	162.0	KAN	LM	0.0	0.0		999999.9999999999	499999.99999999994	
rep2	M0	TriComm KAN no drug	KAN no drug	KAN	0	162.0	KAN	PL	25.0	24999999.999999996	999999.9999999999	999999.9999999999	24999999.999999996	24999999.999999996
rep2	M0	TriComm KAN no drug	KAN no drug	KAN	0	162.0	KAN	PM	13.0	12999999.999999998	999999.9999999999	999999.9999999999	12999999.999999998	12999999.999999998
rep2	M0	TriComm KAN no drug	KAN no drug	KAN	0	186.0	AMP	LM	0.0	0.0		100.0	50.0	
rep2	M0	TriComm KAN no drug	KAN no drug	KAN	0	186.0	AMP	PL	0.0	0.0		100.0	50.0	
rep2	M0	TriComm KAN no drug	KAN no drug	KAN	0	186.0	AMP	PM	0.0	0.0		100.0	50.0	
rep2	M0	TriComm KAN no drug	KAN no drug	KAN	0	186.0	KAN	LM	0.0	0.0		999999.9999999999	499999.99999999994	
rep2	M0	TriComm KAN no drug	KAN no drug	KAN	0	186.0	KAN	PL	23.0	22999999.999999996	999999.9999999999	999999.9999999999	22999999.999999996	22999999.999999996
rep2	M0	TriComm KAN no drug	KAN no drug	KAN	0	186.0	KAN	PM	13.0	12999999.999999998	999999.9999999999	999999.9999999999	12999999.999999998	12999999.999999998
rep2	M0	TriComm KAN no drug	KAN no drug	KAN	0	210.0	AMP	LM	0.0	0.0		100.0	50.0	
rep2	M0	TriComm KAN no drug	KAN no drug	KAN	0	210.0	AMP	PL	0.0	0.0		100.0	50.0	
rep2	M0	TriComm KAN no drug	KAN no drug	KAN	0	210.0	AMP	PM	0.0	0.0		100.0	50.0	
rep2	M0	TriComm KAN no drug	KAN no drug	KAN	0	210.0	KAN	LM	0.0	0.0		9999999.999999998	4999999.999999999	
rep2	M0	TriComm KAN no drug	KAN no drug	KAN	0	210.0	KAN	PL	17.0	170000000.0	10000000.0	9999999.999999998	170000000.0	170000000.0
rep2	M0	TriComm KAN no drug	KAN no drug	KAN	0	210.0	KAN	PM	13.0	129999999.99999999	9999999.999999998	9999999.999999998	129999999.99999999	129999999.99999999
rep2	M0	TriComm KAN no drug	KAN no drug	KAN	0	234.0	AMP	LM	0.0	0.0		100.0	50.0	
rep2	M0	TriComm KAN no drug	KAN no drug	KAN	0	234.0	AMP	PL	0.0	0.0		100.0	50.0	
rep2	M0	TriComm KAN no drug	KAN no drug	KAN	0	234.0	AMP	PM	0.0	0.0		100.0	50.0	
rep2	M0	TriComm KAN no drug	KAN no drug	KAN	0	234.0	KAN	LM	0.0	0.0		9999999.999999998	4999999.999999999	
rep2	M0	TriComm KAN no drug	KAN no drug	KAN	0	234.0	KAN	PL	5.0	49999999.99999999	9999999.999999998	9999999.999999998	49999999.99999999	49999999.99999999
rep2	M0	TriComm KAN no drug	KAN no drug	KAN	0	234.0	KAN	PM	4.0	40000000.0	10000000.0	9999999.999999998	40000000.0	40000000.0
rep2	M0	TriComm KAN no drug	KAN no drug	KAN	0	258.0	AMP	LM	0.0	0.0		100.0	50.0	
rep2	M0	TriComm KAN no drug	KAN no drug	KAN	0	258.0	AMP	PL	0.0	0.0		100.0	50.0	
rep2	M0	TriComm KAN no drug	KAN no drug	KAN	0	258.0	AMP	PM	0.0	0.0		100.0	50.0	
rep2	M0	TriComm KAN no drug	KAN no drug	KAN	0	258.0	KAN	LM	0.0	0.0		999999.9999999999	499999.99999999994	
rep2	M0	TriComm KAN no drug	KAN no drug	KAN	0	258.0	KAN	PL	62.0	61999999.99999999	999999.9999999999	999999.9999999999	61999999.99999999	61999999.99999999
rep2	M0	TriComm KAN no drug	KAN no drug	KAN	0	258.0	KAN	PM	23.0	22999999.999999996	999999.9999999999	999999.9999999999	22999999.999999996	22999999.999999996
rep2	M0	TriComm KAN no drug	KAN no drug	KAN	0	282.0	AMP	LM	0.0	0.0		100.0	50.0	
rep2	M0	TriComm KAN no drug	KAN no drug	KAN	0	282.0	AMP	PL	0.0	0.0		100.0	50.0	
rep2	M0	TriComm KAN no drug	KAN no drug	KAN	0	282.0	AMP	PM	0.0	0.0		100.0	50.0	
rep2	M0	TriComm KAN no drug	KAN no drug	KAN	0	282.0	KAN	LM	0.0	0.0		999999.9999999998	499999.9999999999	
rep2	M0	TriComm KAN no drug	KAN no drug	KAN	0	282.0	KAN	PL	37.0	36999999.99999999	999999.9999999998	999999.9999999998	36999999.99999999	36999999.99999999
rep2	M0	TriComm KAN no drug	KAN no drug	KAN	0	282.0	KAN	PM	18.0	17999999.999999996	999999.9999999998	999999.9999999998	17999999.999999996	17999999.999999996
rep2	M0	TriComm KAN no drug	KAN no drug	KAN	0	306.0	AMP	LM	0.0	0.0		100.0	50.0	
rep2	M0	TriComm KAN no drug	KAN no drug	KAN	0	306.0	AMP	PL	0.0	0.0		100.0	50.0	
rep2	M0	TriComm KAN no drug	KAN no drug	KAN	0	306.0	AMP	PM	0.0	0.0		100.0	50.0	
rep2	M0	TriComm KAN no drug	KAN no drug	KAN	0	306.0	KAN	LM	0.0	0.0		999999.9999999999	499999.99999999994	
rep2	M0	TriComm KAN no drug	KAN no drug	KAN	0	306.0	KAN	PL	25.0	24999999.999999996	999999.9999999999	999999.9999999999	24999999.999999996	24999999.999999996
rep2	M0	TriComm KAN no drug	KAN no drug	KAN	0	306.0	KAN	PM	7.0	6999999.999999999	999999.9999999999	999999.9999999999	6999999.999999999	6999999.999999999
rep2	M1	TriComm KAN 16x MIC	KAN 16x MIC	KAN	16	2.0	AMP	LM	0.0	0.0		100.0	50.0	
rep2	M1	TriComm KAN 16x MIC	KAN 16x MIC	KAN	16	2.0	AMP	PL	0.0	0.0		100.0	50.0	
rep2	M1	TriComm KAN 16x MIC	KAN 16x MIC	KAN	16	2.0	AMP	PM	0.0	0.0		100.0	50.0	
rep2	M1	TriComm KAN 16x MIC	KAN 16x MIC	KAN	16	2.0	KAN	LM	5.0	49999999.99999999	9999999.999999998	9999999.999999998	49999999.99999999	49999999.99999999
rep2	M1	TriComm KAN 16x MIC	KAN 16x MIC	KAN	16	2.0	KAN	PL	7.0	70000000.0	10000000.0	9999999.999999998	70000000.0	70000000.0
rep2	M1	TriComm KAN 16x MIC	KAN 16x MIC	KAN	16	2.0	KAN	PM	6.0	59999999.99999999	9999999.999999998	9999999.999999998	59999999.99999999	59999999.99999999
rep2	M1	TriComm KAN 16x MIC	KAN 16x MIC	KAN	16	20.0	AMP	LM	0.0	0.0		100.0	50.0	
rep2	M1	TriComm KAN 16x MIC	KAN 16x MIC	KAN	16	20.0	AMP	PL	0.0	0.0		100.0	50.0	
rep2	M1	TriComm KAN 16x MIC	KAN 16x MIC	KAN	16	20.0	AMP	PM	0.0	0.0		100.0	50.0	
rep2	M1	TriComm KAN 16x MIC	KAN 16x MIC	KAN	16	20.0	KAN	LM	19.0	18999999.999999996	999999.9999999998	999999.9999999998	18999999.999999996	18999999.999999996
rep2	M1	TriComm KAN 16x MIC	KAN 16x MIC	KAN	16	20.0	KAN	PL	38.0	37999999.99999999	999999.9999999998	999999.9999999998	37999999.99999999	37999999.99999999
rep2	M1	TriComm KAN 16x MIC	KAN 16x MIC	KAN	16	20.0	KAN	PM	37.0	36999999.99999999	999999.9999999998	999999.9999999998	36999999.99999999	36999999.99999999
rep2	M1	TriComm KAN 16x MIC	KAN 16x MIC	KAN	16	44.0	AMP	LM	0.0	0.0		100.0	50.0	
rep2	M1	TriComm KAN 16x MIC	KAN 16x MIC	KAN	16	44.0	AMP	PL	0.0	0.0		100.0	50.0	
rep2	M1	TriComm KAN 16x MIC	KAN 16x MIC	KAN	16	44.0	AMP	PM	0.0	0.0		100.0	50.0	
rep2	M1	TriComm KAN 16x MIC	KAN 16x MIC	KAN	16	44.0	KAN	LM	6.0	600000.0	100000.0	10000.0	600000.0	600000.0
rep2	M1	TriComm KAN 16x MIC	KAN 16x MIC	KAN	16	44.0	KAN	PL	6.0	60000.0	10000.0	10000.0	60000.0	60000.0
rep2	M1	TriComm KAN 16x MIC	KAN 16x MIC	KAN	16	44.0	KAN	PM	11.0	1100000.0	100000.0	10000.0	1100000.0	1100000.0
rep2	M1	TriComm KAN 16x MIC	KAN 16x MIC	KAN	16	68.0	AMP	LM	0.0	0.0		100.0	50.0	
rep2	M1	TriComm KAN 16x MIC	KAN 16x MIC	KAN	16	68.0	AMP	PL	0.0	0.0		100.0	50.0	
rep2	M1	TriComm KAN 16x MIC	KAN 16x MIC	KAN	16	68.0	AMP	PM	0.0	0.0		100.0	50.0	
rep2	M1	TriComm KAN 16x MIC	KAN 16x MIC	KAN	16	68.0	KAN	LM	68.0	6799999.999999999	99999.99999999999	10000.0	6799999.999999999	6799999.999999999
rep2	M1	TriComm KAN 16x MIC	KAN 16x MIC	KAN	16	68.0	KAN	PL	1.0	10000.0	10000.0	10000.0	10000.0	10000.0
rep2	M1	TriComm KAN 16x MIC	KAN 16x MIC	KAN	16	68.0	KAN	PM	1.0	99999.99999999999	99999.99999999999	10000.0	99999.99999999999	99999.99999999999
rep2	M1	TriComm KAN 16x MIC	KAN 16x MIC	KAN	16	92.0	AMP	LM	0.0	0.0		100.0	50.0	
rep2	M1	TriComm KAN 16x MIC	KAN 16x MIC	KAN	16	92.0	AMP	PL	0.0	0.0		100.0	50.0	
rep2	M1	TriComm KAN 16x MIC	KAN 16x MIC	KAN	16	92.0	AMP	PM	0.0	0.0		100.0	50.0	
rep2	M1	TriComm KAN 16x MIC	KAN 16x MIC	KAN	16	92.0	KAN	LM	4.0	3999999.9999999995	999999.9999999999	1000.0	3999999.9999999995	3999999.9999999995
rep2	M1	TriComm KAN 16x MIC	KAN 16x MIC	KAN	16	92.0	KAN	PL	1.0	1000.0	1000.0	1000.0	1000.0	1000.0
rep2	M1	TriComm KAN 16x MIC	KAN 16x MIC	KAN	16	92.0	KAN	PM	36.0	35999999.99999999	999999.9999999998	1000.0	35999999.99999999	35999999.99999999
rep2	M1	TriComm KAN 16x MIC	KAN 16x MIC	KAN	16	116.0	AMP	LM	0.0	0.0		100.0	50.0	
rep2	M1	TriComm KAN 16x MIC	KAN 16x MIC	KAN	16	116.0	AMP	PL	0.0	0.0		100.0	50.0	
rep2	M1	TriComm KAN 16x MIC	KAN 16x MIC	KAN	16	116.0	AMP	PM	0.0	0.0		100.0	50.0	
rep2	M1	TriComm KAN 16x MIC	KAN 16x MIC	KAN	16	116.0	KAN	LM	3.0	30000.0	10000.0	10000.0	30000.0	30000.0
rep2	M1	TriComm KAN 16x MIC	KAN 16x MIC	KAN	16	116.0	KAN	PL	0.0	0.0		10000.0	5000.0	
rep2	M1	TriComm KAN 16x MIC	KAN 16x MIC	KAN	16	116.0	KAN	PM	19.0	1899999.9999999998	99999.99999999999	10000.0	1899999.9999999998	1899999.9999999998
rep2	M1	TriComm KAN 16x MIC	KAN 16x MIC	KAN	16	140.0	AMP	LM	0.0	0.0		100.0	50.0	
rep2	M1	TriComm KAN 16x MIC	KAN 16x MIC	KAN	16	140.0	AMP	PL	0.0	0.0		100.0	50.0	
rep2	M1	TriComm KAN 16x MIC	KAN 16x MIC	KAN	16	140.0	AMP	PM	0.0	0.0		100.0	50.0	
rep2	M1	TriComm KAN 16x MIC	KAN 16x MIC	KAN	16	140.0	KAN	LM	0.0	0.0		100000.0	50000.0	
rep2	M1	TriComm KAN 16x MIC	KAN 16x MIC	KAN	16	140.0	KAN	PL	0.0	0.0		100000.0	50000.0	
rep2	M1	TriComm KAN 16x MIC	KAN 16x MIC	KAN	16	140.0	KAN	PM	7.0	700000.0	100000.0	100000.0	700000.0	700000.0
rep2	M1	TriComm KAN 16x MIC	KAN 16x MIC	KAN	16	162.0	AMP	LM	0.0	0.0		100.0	50.0	
rep2	M1	TriComm KAN 16x MIC	KAN 16x MIC	KAN	16	162.0	AMP	PL	0.0	0.0		100.0	50.0	
rep2	M1	TriComm KAN 16x MIC	KAN 16x MIC	KAN	16	162.0	AMP	PM	0.0	0.0		100.0	50.0	
rep2	M1	TriComm KAN 16x MIC	KAN 16x MIC	KAN	16	162.0	KAN	LM	1.0	1000.0	1000.0	1000.0	1000.0	1000.0
rep2	M1	TriComm KAN 16x MIC	KAN 16x MIC	KAN	16	162.0	KAN	PL	0.0	0.0		1000.0	500.0	
rep2	M1	TriComm KAN 16x MIC	KAN 16x MIC	KAN	16	162.0	KAN	PM	31.0	31000.0	1000.0	1000.0	31000.0	31000.0
rep2	M1	TriComm KAN 16x MIC	KAN 16x MIC	KAN	16	186.0	AMP	LM	0.0	0.0		100.0	50.0	
rep2	M1	TriComm KAN 16x MIC	KAN 16x MIC	KAN	16	186.0	AMP	PL	0.0	0.0		100.0	50.0	
rep2	M1	TriComm KAN 16x MIC	KAN 16x MIC	KAN	16	186.0	AMP	PM	0.0	0.0		100.0	50.0	
rep2	M1	TriComm KAN 16x MIC	KAN 16x MIC	KAN	16	186.0	KAN	LM	1.0	100.0	100.0	100.0	100.0	100.0
rep2	M1	TriComm KAN 16x MIC	KAN 16x MIC	KAN	16	186.0	KAN	PL	0.0	0.0		100.0	50.0	
rep2	M1	TriComm KAN 16x MIC	KAN 16x MIC	KAN	16	186.0	KAN	PM	9.0	900.0	100.0	100.0	900.0	900.0
rep2	M1	TriComm KAN 16x MIC	KAN 16x MIC	KAN	16	210.0	AMP	LM	0.0	0.0		100.0	50.0	
rep2	M1	TriComm KAN 16x MIC	KAN 16x MIC	KAN	16	210.0	AMP	PL	0.0	0.0		100.0	50.0	
rep2	M1	TriComm KAN 16x MIC	KAN 16x MIC	KAN	16	210.0	AMP	PM	0.0	0.0		100.0	50.0	
rep2	M1	TriComm KAN 16x MIC	KAN 16x MIC	KAN	16	210.0	KAN	LM	0.0	0.0		100.0	50.0	
rep2	M1	TriComm KAN 16x MIC	KAN 16x MIC	KAN	16	210.0	KAN	PL	2.0	200.0	100.0	100.0	200.0	200.0
rep2	M1	TriComm KAN 16x MIC	KAN 16x MIC	KAN	16	210.0	KAN	PM	8.0	800.0	100.0	100.0	800.0	800.0
rep2	M1	TriComm KAN 16x MIC	KAN 16x MIC	KAN	16	234.0	AMP	LM	0.0	0.0		100.0	50.0	
rep2	M1	TriComm KAN 16x MIC	KAN 16x MIC	KAN	16	234.0	AMP	PL	0.0	0.0		100.0	50.0	
rep2	M1	TriComm KAN 16x MIC	KAN 16x MIC	KAN	16	234.0	AMP	PM	0.0	0.0		100.0	50.0	
rep2	M1	TriComm KAN 16x MIC	KAN 16x MIC	KAN	16	234.0	KAN	LM	8.0	800.0	100.0	100.0	800.0	800.0
rep2	M1	TriComm KAN 16x MIC	KAN 16x MIC	KAN	16	234.0	KAN	PL	0.0	0.0		100.0	50.0	
rep2	M1	TriComm KAN 16x MIC	KAN 16x MIC	KAN	16	234.0	KAN	PM	5.0	500.0	100.0	100.0	500.0	500.0
rep2	M1	TriComm KAN 16x MIC	KAN 16x MIC	KAN	16	258.0	AMP	LM	0.0	0.0		100.0	50.0	
rep2	M1	TriComm KAN 16x MIC	KAN 16x MIC	KAN	16	258.0	AMP	PL	0.0	0.0		100.0	50.0	
rep2	M1	TriComm KAN 16x MIC	KAN 16x MIC	KAN	16	258.0	AMP	PM	0.0	0.0		100.0	50.0	
rep2	M1	TriComm KAN 16x MIC	KAN 16x MIC	KAN	16	258.0	KAN	LM	0.0	0.0		100.0	50.0	
rep2	M1	TriComm KAN 16x MIC	KAN 16x MIC	KAN	16	258.0	KAN	PL	0.0	0.0		100.0	50.0	
rep2	M1	TriComm KAN 16x MIC	KAN 16x MIC	KAN	16	258.0	KAN	PM	6.0	600.0	100.0	100.0	600.0	600.0
rep2	M1	TriComm KAN 16x MIC	KAN 16x MIC	KAN	16	282.0	AMP	LM	0.0	0.0		100.0	50.0	
rep2	M1	TriComm KAN 16x MIC	KAN 16x MIC	KAN	16	282.0	AMP	PL	0.0	0.0		100.0	50.0	
rep2	M1	TriComm KAN 16x MIC	KAN 16x MIC	KAN	16	282.0	AMP	PM	0.0	0.0		100.0	50.0	
rep2	M1	TriComm KAN 16x MIC	KAN 16x MIC	KAN	16	282.0	KAN	LM	2.0	200.0	100.0	100.0	200.0	200.0
rep2	M1	TriComm KAN 16x MIC	KAN 16x MIC	KAN	16	282.0	KAN	PL	0.0	0.0		100.0	50.0	
rep2	M1	TriComm KAN 16x MIC	KAN 16x MIC	KAN	16	282.0	KAN	PM	2.0	200.0	100.0	100.0	200.0	200.0
rep2	M1	TriComm KAN 16x MIC	KAN 16x MIC	KAN	16	306.0	AMP	LM	0.0	0.0		100.0	50.0	
rep2	M1	TriComm KAN 16x MIC	KAN 16x MIC	KAN	16	306.0	AMP	PL	0.0	0.0		100.0	50.0	
rep2	M1	TriComm KAN 16x MIC	KAN 16x MIC	KAN	16	306.0	AMP	PM	0.0	0.0		100.0	50.0	
rep2	M1	TriComm KAN 16x MIC	KAN 16x MIC	KAN	16	306.0	KAN	LM	1.0	100.0	100.0	100.0	100.0	100.0
rep2	M1	TriComm KAN 16x MIC	KAN 16x MIC	KAN	16	306.0	KAN	PL	0.0	0.0		100.0	50.0	
rep2	M1	TriComm KAN 16x MIC	KAN 16x MIC	KAN	16	306.0	KAN	PM	2.0	200.0	100.0	100.0	200.0	200.0
rep2	M2	TriComm KAN+PVI no drug	KAN+PVI no drug	KAN+PVI	0	2.0	AMP	LM	18.0	17999999.999999996	999999.9999999998	999999.9999999998	17999999.999999996	17999999.999999996
rep2	M2	TriComm KAN+PVI no drug	KAN+PVI no drug	KAN+PVI	0	2.0	AMP	PL	0.0	0.0		999999.9999999998	499999.9999999999	
rep2	M2	TriComm KAN+PVI no drug	KAN+PVI no drug	KAN+PVI	0	2.0	AMP	PM	0.0	0.0		999999.9999999998	499999.9999999999	
rep2	M2	TriComm KAN+PVI no drug	KAN+PVI no drug	KAN+PVI	0	2.0	KAN	LM	5.0	49999999.99999999	9999999.999999998	999999.9999999998	49999999.99999999	49999999.99999999
rep2	M2	TriComm KAN+PVI no drug	KAN+PVI no drug	KAN+PVI	0	2.0	KAN	PL	68.0	67999999.99999999	999999.9999999998	999999.9999999998	67999999.99999999	67999999.99999999
rep2	M2	TriComm KAN+PVI no drug	KAN+PVI no drug	KAN+PVI	0	2.0	KAN	PM	79.0	78999999.99999999	999999.9999999998	999999.9999999998	78999999.99999999	78999999.99999999
rep2	M2	TriComm KAN+PVI no drug	KAN+PVI no drug	KAN+PVI	0	20.0	AMP	LM	8.0	7999999.999999999	999999.9999999999	999999.9999999999	7999999.999999999	7999999.999999999
rep2	M2	TriComm KAN+PVI no drug	KAN+PVI no drug	KAN+PVI	0	20.0	AMP	PL	0.0	0.0		999999.9999999999	499999.99999999994	
rep2	M2	TriComm KAN+PVI no drug	KAN+PVI no drug	KAN+PVI	0	20.0	AMP	PM	0.0	0.0		999999.9999999999	499999.99999999994	
rep2	M2	TriComm KAN+PVI no drug	KAN+PVI no drug	KAN+PVI	0	20.0	KAN	LM	6.0	59999999.99999999	9999999.999999998	9999999.999999998	59999999.99999999	59999999.99999999
rep2	M2	TriComm KAN+PVI no drug	KAN+PVI no drug	KAN+PVI	0	20.0	KAN	PL	7.0	70000000.0	10000000.0	9999999.999999998	70000000.0	70000000.0
rep2	M2	TriComm KAN+PVI no drug	KAN+PVI no drug	KAN+PVI	0	20.0	KAN	PM	5.0	49999999.99999999	9999999.999999998	9999999.999999998	49999999.99999999	49999999.99999999
rep2	M2	TriComm KAN+PVI no drug	KAN+PVI no drug	KAN+PVI	0	44.0	AMP	LM	39.0	3899999.9999999995	99999.99999999999	99999.99999999999	3899999.9999999995	3899999.9999999995
rep2	M2	TriComm KAN+PVI no drug	KAN+PVI no drug	KAN+PVI	0	44.0	AMP	PL	0.0	0.0		99999.99999999999	49999.99999999999	
rep2	M2	TriComm KAN+PVI no drug	KAN+PVI no drug	KAN+PVI	0	44.0	AMP	PM	0.0	0.0		99999.99999999999	49999.99999999999	
rep2	M2	TriComm KAN+PVI no drug	KAN+PVI no drug	KAN+PVI	0	44.0	KAN	LM	1.0	10000000.0	10000000.0	9999999.999999998	10000000.0	10000000.0
rep2	M2	TriComm KAN+PVI no drug	KAN+PVI no drug	KAN+PVI	0	44.0	KAN	PL	20.0	199999999.99999997	9999999.999999998	9999999.999999998	199999999.99999997	199999999.99999997
rep2	M2	TriComm KAN+PVI no drug	KAN+PVI no drug	KAN+PVI	0	44.0	KAN	PM	19.0	189999999.99999997	9999999.999999998	9999999.999999998	189999999.99999997	189999999.99999997
rep2	M2	TriComm KAN+PVI no drug	KAN+PVI no drug	KAN+PVI	0	68.0	AMP	LM	39.0	390000.0	10000.0	1000.0	390000.0	390000.0
rep2	M2	TriComm KAN+PVI no drug	KAN+PVI no drug	KAN+PVI	0	68.0	AMP	PL	2.0	2000.0	1000.0	1000.0	2000.0	2000.0
rep2	M2	TriComm KAN+PVI no drug	KAN+PVI no drug	KAN+PVI	0	68.0	AMP	PM	5.0	5000.0	1000.0	1000.0	5000.0	5000.0
rep2	M2	TriComm KAN+PVI no drug	KAN+PVI no drug	KAN+PVI	0	68.0	KAN	LM	0.0	0.0		9999999.999999998	4999999.999999999	
rep2	M2	TriComm KAN+PVI no drug	KAN+PVI no drug	KAN+PVI	0	68.0	KAN	PL	7.0	70000000.0	10000000.0	9999999.999999998	70000000.0	70000000.0
rep2	M2	TriComm KAN+PVI no drug	KAN+PVI no drug	KAN+PVI	0	68.0	KAN	PM	20.0	199999999.99999997	9999999.999999998	9999999.999999998	199999999.99999997	199999999.99999997
rep2	M2	TriComm KAN+PVI no drug	KAN+PVI no drug	KAN+PVI	0	92.0	AMP	LM	37.0	370000.0	10000.0	1000.0	370000.0	370000.0
rep2	M2	TriComm KAN+PVI no drug	KAN+PVI no drug	KAN+PVI	0	92.0	AMP	PL	0.0	0.0		1000.0	500.0	
rep2	M2	TriComm KAN+PVI no drug	KAN+PVI no drug	KAN+PVI	0	92.0	AMP	PM	1.0	1000.0	1000.0	1000.0	1000.0	1000.0
rep2	M2	TriComm KAN+PVI no drug	KAN+PVI no drug	KAN+PVI	0	92.0	KAN	LM	1.0	999999.9999999999	999999.9999999999	999999.9999999999	999999.9999999999	999999.9999999999
rep2	M2	TriComm KAN+PVI no drug	KAN+PVI no drug	KAN+PVI	0	92.0	KAN	PL	11.0	109999999.99999999	9999999.999999998	999999.9999999999	109999999.99999999	109999999.99999999
rep2	M2	TriComm KAN+PVI no drug	KAN+PVI no drug	KAN+PVI	0	92.0	KAN	PM	10.0	99999999.99999999	9999999.999999998	999999.9999999999	99999999.99999999	99999999.99999999
rep2	M2	TriComm KAN+PVI no drug	KAN+PVI no drug	KAN+PVI	0	116.0	AMP	LM	14.0	140000.0	10000.0	1000.0	140000.0	140000.0
rep2	M2	TriComm KAN+PVI no drug	KAN+PVI no drug	KAN+PVI	0	116.0	AMP	PL	0.0	0.0		1000.0	500.0	
rep2	M2	TriComm KAN+PVI no drug	KAN+PVI no drug	KAN+PVI	0	116.0	AMP	PM	3.0	3000.0	1000.0	1000.0	3000.0	3000.0
rep2	M2	TriComm KAN+PVI no drug	KAN+PVI no drug	KAN+PVI	0	116.0	KAN	LM	0.0	0.0		9999999.999999998	4999999.999999999	
rep2	M2	TriComm KAN+PVI no drug	KAN+PVI no drug	KAN+PVI	0	116.0	KAN	PL	3.0	29999999.999999996	9999999.999999998	9999999.999999998	29999999.999999996	29999999.999999996
rep2	M2	TriComm KAN+PVI no drug	KAN+PVI no drug	KAN+PVI	0	116.0	KAN	PM	8.0	80000000.0	10000000.0	9999999.999999998	80000000.0	80000000.0
rep2	M2	TriComm KAN+PVI no drug	KAN+PVI no drug	KAN+PVI	0	140.0	AMP	LM	20.0	20000.0	1000.0	1000.0	20000.0	20000.0
rep2	M2	TriComm KAN+PVI no drug	KAN+PVI no drug	KAN+PVI	0	140.0	AMP	PL	0.0	0.0		1000.0	500.0	
rep2	M2	TriComm KAN+PVI no drug	KAN+PVI no drug	KAN+PVI	0	140.0	AMP	PM	1.0	1000.0	1000.0	1000.0	1000.0	1000.0
rep2	M2	TriComm KAN+PVI no drug	KAN+PVI no drug	KAN+PVI	0	140.0	KAN	LM	0.0	0.0		9999999.999999998	4999999.999999999	
rep2	M2	TriComm KAN+PVI no drug	KAN+PVI no drug	KAN+PVI	0	140.0	KAN	PL	2.0	20000000.0	10000000.0	9999999.999999998	20000000.0	20000000.0
rep2	M2	TriComm KAN+PVI no drug	KAN+PVI no drug	KAN+PVI	0	140.0	KAN	PM	6.0	59999999.99999999	9999999.999999998	9999999.999999998	59999999.99999999	59999999.99999999
rep2	M2	TriComm KAN+PVI no drug	KAN+PVI no drug	KAN+PVI	0	162.0	AMP	LM	6.0	6000.0	1000.0	1000.0	6000.0	6000.0
rep2	M2	TriComm KAN+PVI no drug	KAN+PVI no drug	KAN+PVI	0	162.0	AMP	PL	0.0	0.0		1000.0	500.0	
rep2	M2	TriComm KAN+PVI no drug	KAN+PVI no drug	KAN+PVI	0	162.0	AMP	PM	0.0	0.0		1000.0	500.0	
rep2	M2	TriComm KAN+PVI no drug	KAN+PVI no drug	KAN+PVI	0	162.0	KAN	LM	0.0	0.0		999999.9999999998	499999.9999999999	
rep2	M2	TriComm KAN+PVI no drug	KAN+PVI no drug	KAN+PVI	0	162.0	KAN	PL	27.0	26999999.999999996	999999.9999999999	999999.9999999998	26999999.999999996	26999999.999999996
rep2	M2	TriComm KAN+PVI no drug	KAN+PVI no drug	KAN+PVI	0	162.0	KAN	PM	10.0	9999999.999999998	999999.9999999998	999999.9999999998	9999999.999999998	9999999.999999998
rep2	M2	TriComm KAN+PVI no drug	KAN+PVI no drug	KAN+PVI	0	186.0	AMP	LM	5.0	5000.0	1000.0	100.0	5000.0	5000.0
rep2	M2	TriComm KAN+PVI no drug	KAN+PVI no drug	KAN+PVI	0	186.0	AMP	PL	5.0	500.0	100.0	100.0	500.0	500.0
rep2	M2	TriComm KAN+PVI no drug	KAN+PVI no drug	KAN+PVI	0	186.0	AMP	PM	2.0	200.0	100.0	100.0	200.0	200.0
rep2	M2	TriComm KAN+PVI no drug	KAN+PVI no drug	KAN+PVI	0	186.0	KAN	LM	0.0	0.0		999999.9999999999	499999.99999999994	
rep2	M2	TriComm KAN+PVI no drug	KAN+PVI no drug	KAN+PVI	0	186.0	KAN	PL	32.0	31999999.999999996	999999.9999999999	999999.9999999999	31999999.999999996	31999999.999999996
rep2	M2	TriComm KAN+PVI no drug	KAN+PVI no drug	KAN+PVI	0	186.0	KAN	PM	6.0	5999999.999999999	999999.9999999999	999999.9999999999	5999999.999999999	5999999.999999999
rep2	M2	TriComm KAN+PVI no drug	KAN+PVI no drug	KAN+PVI	0	210.0	AMP	LM	9.0	9000.0	1000.0	1000.0	9000.0	9000.0
rep2	M2	TriComm KAN+PVI no drug	KAN+PVI no drug	KAN+PVI	0	210.0	AMP	PL	0.0	0.0		1000.0	500.0	
rep2	M2	TriComm KAN+PVI no drug	KAN+PVI no drug	KAN+PVI	0	210.0	AMP	PM	0.0	0.0		1000.0	500.0	
rep2	M2	TriComm KAN+PVI no drug	KAN+PVI no drug	KAN+PVI	0	210.0	KAN	LM	0.0	0.0		10000000.0	5000000.0	
rep2	M2	TriComm KAN+PVI no drug	KAN+PVI no drug	KAN+PVI	0	210.0	KAN	PL	17.0	170000000.0	10000000.0	10000000.0	170000000.0	170000000.0
rep2	M2	TriComm KAN+PVI no drug	KAN+PVI no drug	KAN+PVI	0	210.0	KAN	PM	7.0	70000000.0	10000000.0	10000000.0	70000000.0	70000000.0
rep2	M2	TriComm KAN+PVI no drug	KAN+PVI no drug	KAN+PVI	0	234.0	AMP	LM	2.0	2000.0	1000.0	1000.0	2000.0	2000.0
rep2	M2	TriComm KAN+PVI no drug	KAN+PVI no drug	KAN+PVI	0	234.0	AMP	PL	0.0	0.0		1000.0	500.0	
rep2	M2	TriComm KAN+PVI no drug	KAN+PVI no drug	KAN+PVI	0	234.0	AMP	PM	0.0	0.0		1000.0	500.0	
rep2	M2	TriComm KAN+PVI no drug	KAN+PVI no drug	KAN+PVI	0	234.0	KAN	LM	0.0	0.0		9999999.999999998	4999999.999999999	
rep2	M2	TriComm KAN+PVI no drug	KAN+PVI no drug	KAN+PVI	0	234.0	KAN	PL	6.0	59999999.99999999	9999999.999999998	9999999.999999998	59999999.99999999	59999999.99999999
rep2	M2	TriComm KAN+PVI no drug	KAN+PVI no drug	KAN+PVI	0	234.0	KAN	PM	6.0	59999999.99999999	9999999.999999998	9999999.999999998	59999999.99999999	59999999.99999999
rep2	M2	TriComm KAN+PVI no drug	KAN+PVI no drug	KAN+PVI	0	258.0	AMP	LM	7.0	700.0	100.0	100.0	700.0	700.0
rep2	M2	TriComm KAN+PVI no drug	KAN+PVI no drug	KAN+PVI	0	258.0	AMP	PL	0.0	0.0		100.0	50.0	
rep2	M2	TriComm KAN+PVI no drug	KAN+PVI no drug	KAN+PVI	0	258.0	AMP	PM	1.0	100.0	100.0	100.0	100.0	100.0
rep2	M2	TriComm KAN+PVI no drug	KAN+PVI no drug	KAN+PVI	0	258.0	KAN	LM	0.0	0.0		999999.9999999999	499999.99999999994	
rep2	M2	TriComm KAN+PVI no drug	KAN+PVI no drug	KAN+PVI	0	258.0	KAN	PL	59.0	58999999.99999999	999999.9999999999	999999.9999999999	58999999.99999999	58999999.99999999
rep2	M2	TriComm KAN+PVI no drug	KAN+PVI no drug	KAN+PVI	0	258.0	KAN	PM	14.0	13999999.999999998	999999.9999999999	999999.9999999999	13999999.999999998	13999999.999999998
rep2	M2	TriComm KAN+PVI no drug	KAN+PVI no drug	KAN+PVI	0	282.0	AMP	LM	5.0	500.0	100.0	100.0	500.0	500.0
rep2	M2	TriComm KAN+PVI no drug	KAN+PVI no drug	KAN+PVI	0	282.0	AMP	PL	2.0	200.0	100.0	100.0	200.0	200.0
rep2	M2	TriComm KAN+PVI no drug	KAN+PVI no drug	KAN+PVI	0	282.0	AMP	PM	1.0	100.0	100.0	100.0	100.0	100.0
rep2	M2	TriComm KAN+PVI no drug	KAN+PVI no drug	KAN+PVI	0	282.0	KAN	LM	0.0	0.0		999999.9999999999	499999.99999999994	
rep2	M2	TriComm KAN+PVI no drug	KAN+PVI no drug	KAN+PVI	0	282.0	KAN	PL	26.0	25999999.999999996	999999.9999999999	999999.9999999999	25999999.999999996	25999999.999999996
rep2	M2	TriComm KAN+PVI no drug	KAN+PVI no drug	KAN+PVI	0	282.0	KAN	PM	12.0	11999999.999999998	999999.9999999999	999999.9999999999	11999999.999999998	11999999.999999998
rep2	M2	TriComm KAN+PVI no drug	KAN+PVI no drug	KAN+PVI	0	306.0	AMP	LM	0.0	0.0		100.0	50.0	
rep2	M2	TriComm KAN+PVI no drug	KAN+PVI no drug	KAN+PVI	0	306.0	AMP	PL	0.0	0.0		100.0	50.0	
rep2	M2	TriComm KAN+PVI no drug	KAN+PVI no drug	KAN+PVI	0	306.0	AMP	PM	0.0	0.0		100.0	50.0	
rep2	M2	TriComm KAN+PVI no drug	KAN+PVI no drug	KAN+PVI	0	306.0	KAN	LM	0.0	0.0		999999.9999999999	499999.99999999994	
rep2	M2	TriComm KAN+PVI no drug	KAN+PVI no drug	KAN+PVI	0	306.0	KAN	PL	7.0	6999999.999999999	999999.9999999999	999999.9999999999	6999999.999999999	6999999.999999999
rep2	M2	TriComm KAN+PVI no drug	KAN+PVI no drug	KAN+PVI	0	306.0	KAN	PM	2.0	1999999.9999999998	999999.9999999999	999999.9999999999	1999999.9999999998	1999999.9999999998
rep2	M3	TriComm KAN+PVI 16x MIC	KAN+PVI 16x MIC	KAN+PVI	16	2.0	AMP	LM	24.0	23999999.999999996	999999.9999999999	999999.9999999999	23999999.999999996	23999999.999999996
rep2	M3	TriComm KAN+PVI 16x MIC	KAN+PVI 16x MIC	KAN+PVI	16	2.0	AMP	PL	0.0	0.0		999999.9999999999	499999.99999999994	
rep2	M3	TriComm KAN+PVI 16x MIC	KAN+PVI 16x MIC	KAN+PVI	16	2.0	AMP	PM	0.0	0.0		999999.9999999999	499999.99999999994	
rep2	M3	TriComm KAN+PVI 16x MIC	KAN+PVI 16x MIC	KAN+PVI	16	2.0	KAN	LM	47.0	46999999.99999999	999999.9999999999	999999.9999999998	46999999.99999999	46999999.99999999
rep2	M3	TriComm KAN+PVI 16x MIC	KAN+PVI 16x MIC	KAN+PVI	16	2.0	KAN	PL	41.0	40999999.99999999	999999.9999999998	999999.9999999998	40999999.99999999	40999999.99999999
rep2	M3	TriComm KAN+PVI 16x MIC	KAN+PVI 16x MIC	KAN+PVI	16	2.0	KAN	PM	54.0	53999999.99999999	999999.9999999999	999999.9999999998	53999999.99999999	53999999.99999999
rep2	M3	TriComm KAN+PVI 16x MIC	KAN+PVI 16x MIC	KAN+PVI	16	20.0	AMP	LM	9.0	8999999.999999998	999999.9999999998	999999.9999999998	8999999.999999998	8999999.999999998
rep2	M3	TriComm KAN+PVI 16x MIC	KAN+PVI 16x MIC	KAN+PVI	16	20.0	AMP	PL	0.0	0.0		999999.9999999998	499999.9999999999	
rep2	M3	TriComm KAN+PVI 16x MIC	KAN+PVI 16x MIC	KAN+PVI	16	20.0	AMP	PM	0.0	0.0		999999.9999999998	499999.9999999999	
rep2	M3	TriComm KAN+PVI 16x MIC	KAN+PVI 16x MIC	KAN+PVI	16	20.0	KAN	LM	25.0	24999999.999999996	999999.9999999999	999999.9999999998	24999999.999999996	24999999.999999996
rep2	M3	TriComm KAN+PVI 16x MIC	KAN+PVI 16x MIC	KAN+PVI	16	20.0	KAN	PL	26.0	25999999.999999996	999999.9999999999	999999.9999999998	25999999.999999996	25999999.999999996
rep2	M3	TriComm KAN+PVI 16x MIC	KAN+PVI 16x MIC	KAN+PVI	16	20.0	KAN	PM	40.0	39999999.99999999	999999.9999999998	999999.9999999998	39999999.99999999	39999999.99999999
rep2	M3	TriComm KAN+PVI 16x MIC	KAN+PVI 16x MIC	KAN+PVI	16	44.0	AMP	LM	10.0	9999999.999999998	999999.9999999998	999999.9999999998	9999999.999999998	9999999.999999998
rep2	M3	TriComm KAN+PVI 16x MIC	KAN+PVI 16x MIC	KAN+PVI	16	44.0	AMP	PL	0.0	0.0		999999.9999999998	499999.9999999999	
rep2	M3	TriComm KAN+PVI 16x MIC	KAN+PVI 16x MIC	KAN+PVI	16	44.0	AMP	PM	0.0	0.0		999999.9999999998	499999.9999999999	
rep2	M3	TriComm KAN+PVI 16x MIC	KAN+PVI 16x MIC	KAN+PVI	16	44.0	KAN	LM	8.0	80000000.0	10000000.0	999999.9999999999	80000000.0	80000000.0
rep2	M3	TriComm KAN+PVI 16x MIC	KAN+PVI 16x MIC	KAN+PVI	16	44.0	KAN	PL	4.0	3999999.9999999995	999999.9999999999	999999.9999999999	3999999.9999999995	3999999.9999999995
rep2	M3	TriComm KAN+PVI 16x MIC	KAN+PVI 16x MIC	KAN+PVI	16	44.0	KAN	PM	13.0	129999999.99999999	9999999.999999998	999999.9999999999	129999999.99999999	129999999.99999999
rep2	M3	TriComm KAN+PVI 16x MIC	KAN+PVI 16x MIC	KAN+PVI	16	68.0	AMP	LM	17.0	1699999.9999999998	99999.99999999999	1000.0	1699999.9999999998	1699999.9999999998
rep2	M3	TriComm KAN+PVI 16x MIC	KAN+PVI 16x MIC	KAN+PVI	16	68.0	AMP	PL	0.0	0.0		1000.0	500.0	
rep2	M3	TriComm KAN+PVI 16x MIC	KAN+PVI 16x MIC	KAN+PVI	16	68.0	AMP	PM	1.0	1000.0	1000.0	1000.0	1000.0	1000.0
rep2	M3	TriComm KAN+PVI 16x MIC	KAN+PVI 16x MIC	KAN+PVI	16	68.0	KAN	LM	32.0	31999999.999999996	999999.9999999999	99999.99999999999	31999999.999999996	31999999.999999996
rep2	M3	TriComm KAN+PVI 16x MIC	KAN+PVI 16x MIC	KAN+PVI	16	68.0	KAN	PL	1.0	99999.99999999999	99999.99999999999	99999.99999999999	99999.99999999999	99999.99999999999
rep2	M3	TriComm KAN+PVI 16x MIC	KAN+PVI 16x MIC	KAN+PVI	16	68.0	KAN	PM	67.0	66999999.99999999	999999.9999999999	99999.99999999999	66999999.99999999	66999999.99999999
rep2	M3	TriComm KAN+PVI 16x MIC	KAN+PVI 16x MIC	KAN+PVI	16	92.0	AMP	LM	0.0	0.0		999999.9999999998	499999.9999999999	
rep2	M3	TriComm KAN+PVI 16x MIC	KAN+PVI 16x MIC	KAN+PVI	16	92.0	AMP	PL	36.0	35999999.99999999	999999.9999999998	999999.9999999998	35999999.99999999	35999999.99999999
rep2	M3	TriComm KAN+PVI 16x MIC	KAN+PVI 16x MIC	KAN+PVI	16	92.0	AMP	PM	0.0	0.0		999999.9999999998	499999.9999999999	
rep2	M3	TriComm KAN+PVI 16x MIC	KAN+PVI 16x MIC	KAN+PVI	16	92.0	KAN	LM	2.0	1999999.9999999998	999999.9999999999	999999.9999999998	1999999.9999999998	1999999.9999999998
rep2	M3	TriComm KAN+PVI 16x MIC	KAN+PVI 16x MIC	KAN+PVI	16	92.0	KAN	PL	30.0	29999999.999999996	999999.9999999999	999999.9999999998	29999999.999999996	29999999.999999996
rep2	M3	TriComm KAN+PVI 16x MIC	KAN+PVI 16x MIC	KAN+PVI	16	92.0	KAN	PM	37.0	36999999.99999999	999999.9999999998	999999.9999999998	36999999.99999999	36999999.99999999
rep2	M3	TriComm KAN+PVI 16x MIC	KAN+PVI 16x MIC	KAN+PVI	16	116.0	AMP	LM	0.0	0.0		9999999.999999998	4999999.999999999	
rep2	M3	TriComm KAN+PVI 16x MIC	KAN+PVI 16x MIC	KAN+PVI	16	116.0	AMP	PL	13.0	129999999.99999999	9999999.999999998	9999999.999999998	129999999.99999999	129999999.99999999
rep2	M3	TriComm KAN+PVI 16x MIC	KAN+PVI 16x MIC	KAN+PVI	16	116.0	AMP	PM	0.0	0.0		9999999.999999998	4999999.999999999	
rep2	M3	TriComm KAN+PVI 16x MIC	KAN+PVI 16x MIC	KAN+PVI	16	116.0	KAN	LM	0.0	0.0		9999999.999999998	4999999.999999999	
rep2	M3	TriComm KAN+PVI 16x MIC	KAN+PVI 16x MIC	KAN+PVI	16	116.0	KAN	PL	10.0	99999999.99999999	9999999.999999998	9999999.999999998	99999999.99999999	99999999.99999999
rep2	M3	TriComm KAN+PVI 16x MIC	KAN+PVI 16x MIC	KAN+PVI	16	116.0	KAN	PM	6.0	59999999.99999999	9999999.999999998	9999999.999999998	59999999.99999999	59999999.99999999
rep2	M3	TriComm KAN+PVI 16x MIC	KAN+PVI 16x MIC	KAN+PVI	16	140.0	AMP	LM	0.0	0.0		10000000.0	5000000.0	
rep2	M3	TriComm KAN+PVI 16x MIC	KAN+PVI 16x MIC	KAN+PVI	16	140.0	AMP	PL	8.0	80000000.0	10000000.0	10000000.0	80000000.0	80000000.0
rep2	M3	TriComm KAN+PVI 16x MIC	KAN+PVI 16x MIC	KAN+PVI	16	140.0	AMP	PM	0.0	0.0		10000000.0	5000000.0	
rep2	M3	TriComm KAN+PVI 16x MIC	KAN+PVI 16x MIC	KAN+PVI	16	140.0	KAN	LM	0.0	0.0		9999999.999999998	4999999.999999999	
rep2	M3	TriComm KAN+PVI 16x MIC	KAN+PVI 16x MIC	KAN+PVI	16	140.0	KAN	PL	12.0	119999999.99999999	9999999.999999998	9999999.999999998	119999999.99999999	119999999.99999999
rep2	M3	TriComm KAN+PVI 16x MIC	KAN+PVI 16x MIC	KAN+PVI	16	140.0	KAN	PM	15.0	150000000.0	10000000.0	9999999.999999998	150000000.0	150000000.0
rep2	M3	TriComm KAN+PVI 16x MIC	KAN+PVI 16x MIC	KAN+PVI	16	162.0	AMP	LM	0.0	0.0		9999999.999999998	4999999.999999999	
rep2	M3	TriComm KAN+PVI 16x MIC	KAN+PVI 16x MIC	KAN+PVI	16	162.0	AMP	PL	13.0	129999999.99999999	9999999.999999998	9999999.999999998	129999999.99999999	129999999.99999999
rep2	M3	TriComm KAN+PVI 16x MIC	KAN+PVI 16x MIC	KAN+PVI	16	162.0	AMP	PM	0.0	0.0		9999999.999999998	4999999.999999999	
rep2	M3	TriComm KAN+PVI 16x MIC	KAN+PVI 16x MIC	KAN+PVI	16	162.0	KAN	LM	0.0	0.0		10000000.0	5000000.0	
rep2	M3	TriComm KAN+PVI 16x MIC	KAN+PVI 16x MIC	KAN+PVI	16	162.0	KAN	PL	8.0	80000000.0	10000000.0	10000000.0	80000000.0	80000000.0
rep2	M3	TriComm KAN+PVI 16x MIC	KAN+PVI 16x MIC	KAN+PVI	16	162.0	KAN	PM	8.0	80000000.0	10000000.0	10000000.0	80000000.0	80000000.0
rep2	M3	TriComm KAN+PVI 16x MIC	KAN+PVI 16x MIC	KAN+PVI	16	186.0	AMP	LM	60.0	59999999.99999999	999999.9999999999	999999.9999999999	59999999.99999999	59999999.99999999
rep2	M3	TriComm KAN+PVI 16x MIC	KAN+PVI 16x MIC	KAN+PVI	16	186.0	AMP	PL	0.0	0.0		999999.9999999999	499999.99999999994	
rep2	M3	TriComm KAN+PVI 16x MIC	KAN+PVI 16x MIC	KAN+PVI	16	186.0	AMP	PM	0.0	0.0		999999.9999999999	499999.99999999994	
rep2	M3	TriComm KAN+PVI 16x MIC	KAN+PVI 16x MIC	KAN+PVI	16	186.0	KAN	LM	0.0	0.0		10000000.0	5000000.0	
rep2	M3	TriComm KAN+PVI 16x MIC	KAN+PVI 16x MIC	KAN+PVI	16	186.0	KAN	PL	4.0	40000000.0	10000000.0	10000000.0	40000000.0	40000000.0
rep2	M3	TriComm KAN+PVI 16x MIC	KAN+PVI 16x MIC	KAN+PVI	16	186.0	KAN	PM	2.0	20000000.0	10000000.0	10000000.0	20000000.0	20000000.0
rep2	M3	TriComm KAN+PVI 16x MIC	KAN+PVI 16x MIC	KAN+PVI	16	210.0	AMP	LM	0.0	0.0		9999999.999999998	4999999.999999999	
rep2	M3	TriComm KAN+PVI 16x MIC	KAN+PVI 16x MIC	KAN+PVI	16	210.0	AMP	PL	12.0	119999999.99999999	9999999.999999998	9999999.999999998	119999999.99999999	119999999.99999999
rep2	M3	TriComm KAN+PVI 16x MIC	KAN+PVI 16x MIC	KAN+PVI	16	210.0	AMP	PM	0.0	0.0		9999999.999999998	4999999.999999999	
rep2	M3	TriComm KAN+PVI 16x MIC	KAN+PVI 16x MIC	KAN+PVI	16	210.0	KAN	LM	0.0	0.0		9999999.999999998	4999999.999999999	
rep2	M3	TriComm KAN+PVI 16x MIC	KAN+PVI 16x MIC	KAN+PVI	16	210.0	KAN	PL	10.0	99999999.99999999	9999999.999999998	9999999.999999998	99999999.99999999	99999999.99999999
rep2	M3	TriComm KAN+PVI 16x MIC	KAN+PVI 16x MIC	KAN+PVI	16	210.0	KAN	PM	3.0	29999999.999999996	9999999.999999998	9999999.999999998	29999999.999999996	29999999.999999996
rep2	M3	TriComm KAN+PVI 16x MIC	KAN+PVI 16x MIC	KAN+PVI	16	234.0	AMP	LM	0.0	0.0		999999.9999999999	499999.99999999994	
rep2	M3	TriComm KAN+PVI 16x MIC	KAN+PVI 16x MIC	KAN+PVI	16	234.0	AMP	PL	62.0	61999999.99999999	999999.9999999999	999999.9999999999	61999999.99999999	61999999.99999999
rep2	M3	TriComm KAN+PVI 16x MIC	KAN+PVI 16x MIC	KAN+PVI	16	234.0	AMP	PM	0.0	0.0		999999.9999999999	499999.99999999994	
rep2	M3	TriComm KAN+PVI 16x MIC	KAN+PVI 16x MIC	KAN+PVI	16	234.0	KAN	LM	0.0	0.0		999999.9999999998	499999.9999999999	
rep2	M3	TriComm KAN+PVI 16x MIC	KAN+PVI 16x MIC	KAN+PVI	16	234.0	KAN	PL	54.0	53999999.99999999	999999.9999999999	999999.9999999998	53999999.99999999	53999999.99999999
rep2	M3	TriComm KAN+PVI 16x MIC	KAN+PVI 16x MIC	KAN+PVI	16	234.0	KAN	PM	9.0	8999999.999999998	999999.9999999998	999999.9999999998	8999999.999999998	8999999.999999998
rep2	M3	TriComm KAN+PVI 16x MIC	KAN+PVI 16x MIC	KAN+PVI	16	258.0	AMP	LM	0.0	0.0		10000.0	5000.0	
rep2	M3	TriComm KAN+PVI 16x MIC	KAN+PVI 16x MIC	KAN+PVI	16	258.0	AMP	PL	28.0	27999999.999999996	999999.9999999999	10000.0	27999999.999999996	27999999.999999996
rep2	M3	TriComm KAN+PVI 16x MIC	KAN+PVI 16x MIC	KAN+PVI	16	258.0	AMP	PM	3.0	30000.0	10000.0	10000.0	30000.0	30000.0
rep2	M3	TriComm KAN+PVI 16x MIC	KAN+PVI 16x MIC	KAN+PVI	16	258.0	KAN	LM	0.0	0.0		999999.9999999999	499999.99999999994	
rep2	M3	TriComm KAN+PVI 16x MIC	KAN+PVI 16x MIC	KAN+PVI	16	258.0	KAN	PL	22.0	21999999.999999996	999999.9999999999	999999.9999999999	21999999.999999996	21999999.999999996
rep2	M3	TriComm KAN+PVI 16x MIC	KAN+PVI 16x MIC	KAN+PVI	16	258.0	KAN	PM	7.0	6999999.999999999	999999.9999999999	999999.9999999999	6999999.999999999	6999999.999999999
rep2	M3	TriComm KAN+PVI 16x MIC	KAN+PVI 16x MIC	KAN+PVI	16	282.0	AMP	LM	0.0	0.0		1000.0	500.0	
rep2	M3	TriComm KAN+PVI 16x MIC	KAN+PVI 16x MIC	KAN+PVI	16	282.0	AMP	PL	9.0	8999999.999999998	999999.9999999998	1000.0	8999999.999999998	8999999.999999998
rep2	M3	TriComm KAN+PVI 16x MIC	KAN+PVI 16x MIC	KAN+PVI	16	282.0	AMP	PM	19.0	19000.0	1000.0	1000.0	19000.0	19000.0
rep2	M3	TriComm KAN+PVI 16x MIC	KAN+PVI 16x MIC	KAN+PVI	16	282.0	KAN	LM	0.0	0.0		99999.99999999999	49999.99999999999	
rep2	M3	TriComm KAN+PVI 16x MIC	KAN+PVI 16x MIC	KAN+PVI	16	282.0	KAN	PL	10.0	9999999.999999998	999999.9999999998	99999.99999999999	9999999.999999998	9999999.999999998
rep2	M3	TriComm KAN+PVI 16x MIC	KAN+PVI 16x MIC	KAN+PVI	16	282.0	KAN	PM	4.0	399999.99999999994	99999.99999999999	99999.99999999999	399999.99999999994	399999.99999999994
rep2	M3	TriComm KAN+PVI 16x MIC	KAN+PVI 16x MIC	KAN+PVI	16	306.0	AMP	LM	0.0	0.0		99999.99999999999	49999.99999999999	
rep2	M3	TriComm KAN+PVI 16x MIC	KAN+PVI 16x MIC	KAN+PVI	16	306.0	AMP	PL	4.0	3999999.9999999995	999999.9999999999	99999.99999999999	3999999.9999999995	3999999.9999999995
rep2	M3	TriComm KAN+PVI 16x MIC	KAN+PVI 16x MIC	KAN+PVI	16	306.0	AMP	PM	2.0	199999.99999999997	99999.99999999999	99999.99999999999	199999.99999999997	199999.99999999997
rep2	M3	TriComm KAN+PVI 16x MIC	KAN+PVI 16x MIC	KAN+PVI	16	306.0	KAN	LM	0.0	0.0		100000.0	50000.0	
rep2	M3	TriComm KAN+PVI 16x MIC	KAN+PVI 16x MIC	KAN+PVI	16	306.0	KAN	PL	29.0	28999999.999999996	999999.9999999999	100000.0	28999999.999999996	28999999.999999996
rep2	M3	TriComm KAN+PVI 16x MIC	KAN+PVI 16x MIC	KAN+PVI	16	306.0	KAN	PM	3.0	300000.0	100000.0	100000.0	300000.0	300000.0
rep2	M4	TriComm PVI no drug	PVI no drug	PVI	0	2.0	AMP	LM	12.0	119999999.99999999	9999999.999999998	9999999.999999998	119999999.99999999	119999999.99999999
rep2	M4	TriComm PVI no drug	PVI no drug	PVI	0	2.0	AMP	PL	0.0	0.0		9999999.999999998	4999999.999999999	
rep2	M4	TriComm PVI no drug	PVI no drug	PVI	0	2.0	AMP	PM	0.0	0.0		9999999.999999998	4999999.999999999	
rep2	M4	TriComm PVI no drug	PVI no drug	PVI	0	2.0	KAN	LM	20.0	199999999.99999997	9999999.999999998	9999999.999999998	199999999.99999997	199999999.99999997
rep2	M4	TriComm PVI no drug	PVI no drug	PVI	0	2.0	KAN	PL	9.0	89999999.99999999	9999999.999999998	9999999.999999998	89999999.99999999	89999999.99999999
rep2	M4	TriComm PVI no drug	PVI no drug	PVI	0	2.0	KAN	PM	9.0	89999999.99999999	9999999.999999998	9999999.999999998	89999999.99999999	89999999.99999999
rep2	M4	TriComm PVI no drug	PVI no drug	PVI	0	20.0	AMP	LM	11.0	109999999.99999999	9999999.999999998	9999999.999999998	109999999.99999999	109999999.99999999
rep2	M4	TriComm PVI no drug	PVI no drug	PVI	0	20.0	AMP	PL	0.0	0.0		9999999.999999998	4999999.999999999	
rep2	M4	TriComm PVI no drug	PVI no drug	PVI	0	20.0	AMP	PM	0.0	0.0		9999999.999999998	4999999.999999999	
rep2	M4	TriComm PVI no drug	PVI no drug	PVI	0	20.0	KAN	LM	21.0	209999999.99999997	9999999.999999998	9999999.999999998	209999999.99999997	209999999.99999997
rep2	M4	TriComm PVI no drug	PVI no drug	PVI	0	20.0	KAN	PL	5.0	49999999.99999999	9999999.999999998	9999999.999999998	49999999.99999999	49999999.99999999
rep2	M4	TriComm PVI no drug	PVI no drug	PVI	0	20.0	KAN	PM	6.0	59999999.99999999	9999999.999999998	9999999.999999998	59999999.99999999	59999999.99999999
rep2	M4	TriComm PVI no drug	PVI no drug	PVI	0	44.0	AMP	LM	58.0	57999999.99999999	999999.9999999999	999999.9999999999	57999999.99999999	57999999.99999999
rep2	M4	TriComm PVI no drug	PVI no drug	PVI	0	44.0	AMP	PL	0.0	0.0		999999.9999999999	499999.99999999994	
rep2	M4	TriComm PVI no drug	PVI no drug	PVI	0	44.0	AMP	PM	0.0	0.0		999999.9999999999	499999.99999999994	
rep2	M4	TriComm PVI no drug	PVI no drug	PVI	0	44.0	KAN	LM	4.0	40000000.0	10000000.0	9999999.999999998	40000000.0	40000000.0
rep2	M4	TriComm PVI no drug	PVI no drug	PVI	0	44.0	KAN	PL	11.0	109999999.99999999	9999999.999999998	9999999.999999998	109999999.99999999	109999999.99999999
rep2	M4	TriComm PVI no drug	PVI no drug	PVI	0	44.0	KAN	PM	19.0	189999999.99999997	9999999.999999998	9999999.999999998	189999999.99999997	189999999.99999997
rep2	M4	TriComm PVI no drug	PVI no drug	PVI	0	68.0	AMP	LM	29.0	2899999.9999999995	99999.99999999999	10000.0	2899999.9999999995	2899999.9999999995
rep2	M4	TriComm PVI no drug	PVI no drug	PVI	0	68.0	AMP	PL	0.0	0.0		10000.0	5000.0	
rep2	M4	TriComm PVI no drug	PVI no drug	PVI	0	68.0	AMP	PM	1.0	10000.0	10000.0	10000.0	10000.0	10000.0
rep2	M4	TriComm PVI no drug	PVI no drug	PVI	0	68.0	KAN	LM	1.0	10000000.0	10000000.0	9999999.999999998	10000000.0	10000000.0
rep2	M4	TriComm PVI no drug	PVI no drug	PVI	0	68.0	KAN	PL	19.0	189999999.99999997	9999999.999999998	9999999.999999998	189999999.99999997	189999999.99999997
rep2	M4	TriComm PVI no drug	PVI no drug	PVI	0	68.0	KAN	PM	19.0	189999999.99999997	9999999.999999998	9999999.999999998	189999999.99999997	189999999.99999997
rep2	M4	TriComm PVI no drug	PVI no drug	PVI	0	92.0	AMP	LM	66.0	660000.0	10000.0	1000.0	660000.0	660000.0
rep2	M4	TriComm PVI no drug	PVI no drug	PVI	0	92.0	AMP	PL	5.0	5000.0	1000.0	1000.0	5000.0	5000.0
rep2	M4	TriComm PVI no drug	PVI no drug	PVI	0	92.0	AMP	PM	2.0	2000.0	1000.0	1000.0	2000.0	2000.0
rep2	M4	TriComm PVI no drug	PVI no drug	PVI	0	92.0	KAN	LM	0.0	0.0		9999999.999999998	4999999.999999999	
rep2	M4	TriComm PVI no drug	PVI no drug	PVI	0	92.0	KAN	PL	9.0	89999999.99999999	9999999.999999998	9999999.999999998	89999999.99999999	89999999.99999999
rep2	M4	TriComm PVI no drug	PVI no drug	PVI	0	92.0	KAN	PM	3.0	29999999.999999996	9999999.999999998	9999999.999999998	29999999.999999996	29999999.999999996
rep2	M4	TriComm PVI no drug	PVI no drug	PVI	0	116.0	AMP	LM	29.0	290000.0	10000.0	1000.0	290000.0	290000.0
rep2	M4	TriComm PVI no drug	PVI no drug	PVI	0	116.0	AMP	PL	5.0	5000.0	1000.0	1000.0	5000.0	5000.0
rep2	M4	TriComm PVI no drug	PVI no drug	PVI	0	116.0	AMP	PM	3.0	3000.0	1000.0	1000.0	3000.0	3000.0
rep2	M4	TriComm PVI no drug	PVI no drug	PVI	0	116.0	KAN	LM	1.0	999999.9999999999	999999.9999999999	999999.9999999998	999999.9999999999	999999.9999999999
rep2	M4	TriComm PVI no drug	PVI no drug	PVI	0	116.0	KAN	PL	11.0	109999999.99999999	9999999.999999998	999999.9999999998	109999999.99999999	109999999.99999999
rep2	M4	TriComm PVI no drug	PVI no drug	PVI	0	116.0	KAN	PM	20.0	19999999.999999996	999999.9999999998	999999.9999999998	19999999.999999996	19999999.999999996
rep2	M4	TriComm PVI no drug	PVI no drug	PVI	0	140.0	AMP	LM	11.0	110000.0	10000.0	1000.0	110000.0	110000.0
rep2	M4	TriComm PVI no drug	PVI no drug	PVI	0	140.0	AMP	PL	3.0	3000.0	1000.0	1000.0	3000.0	3000.0
rep2	M4	TriComm PVI no drug	PVI no drug	PVI	0	140.0	AMP	PM	1.0	1000.0	1000.0	1000.0	1000.0	1000.0
rep2	M4	TriComm PVI no drug	PVI no drug	PVI	0	140.0	KAN	LM	0.0	0.0		999999.9999999999	499999.99999999994	
rep2	M4	TriComm PVI no drug	PVI no drug	PVI	0	140.0	KAN	PL	32.0	31999999.999999996	999999.9999999999	999999.9999999999	31999999.999999996	31999999.999999996
rep2	M4	TriComm PVI no drug	PVI no drug	PVI	0	140.0	KAN	PM	7.0	6999999.999999999	999999.9999999999	999999.9999999999	6999999.999999999	6999999.999999999
rep2	M4	TriComm PVI no drug	PVI no drug	PVI	0	162.0	AMP	LM	12.0	12000.0	1000.0	1000.0	12000.0	12000.0
rep2	M4	TriComm PVI no drug	PVI no drug	PVI	0	162.0	AMP	PL	3.0	3000.0	1000.0	1000.0	3000.0	3000.0
rep2	M4	TriComm PVI no drug	PVI no drug	PVI	0	162.0	AMP	PM	0.0	0.0		1000.0	500.0	
rep2	M4	TriComm PVI no drug	PVI no drug	PVI	0	162.0	KAN	LM	0.0	0.0		10000.0	5000.0	
rep2	M4	TriComm PVI no drug	PVI no drug	PVI	0	162.0	KAN	PL	25.0	24999999.999999996	999999.9999999999	10000.0	24999999.999999996	24999999.999999996
rep2	M4	TriComm PVI no drug	PVI no drug	PVI	0	162.0	KAN	PM	21.0	210000.0	10000.0	10000.0	210000.0	210000.0
rep2	M4	TriComm PVI no drug	PVI no drug	PVI	0	186.0	AMP	LM	4.0	4000.0	1000.0	1000.0	4000.0	4000.0
rep2	M4	TriComm PVI no drug	PVI no drug	PVI	0	186.0	AMP	PL	19.0	19000.0	1000.0	1000.0	19000.0	19000.0
rep2	M4	TriComm PVI no drug	PVI no drug	PVI	0	186.0	AMP	PM	4.0	4000.0	1000.0	1000.0	4000.0	4000.0
rep2	M4	TriComm PVI no drug	PVI no drug	PVI	0	186.0	KAN	LM	0.0	0.0		999999.9999999998	499999.9999999999	
rep2	M4	TriComm PVI no drug	PVI no drug	PVI	0	186.0	KAN	PL	41.0	40999999.99999999	999999.9999999998	999999.9999999998	40999999.99999999	40999999.99999999
rep2	M4	TriComm PVI no drug	PVI no drug	PVI	0	186.0	KAN	PM	9.0	8999999.999999998	999999.9999999998	999999.9999999998	8999999.999999998	8999999.999999998
rep2	M4	TriComm PVI no drug	PVI no drug	PVI	0	210.0	AMP	LM	2.0	20000.0	10000.0	1000.0	20000.0	20000.0
rep2	M4	TriComm PVI no drug	PVI no drug	PVI	0	210.0	AMP	PL	5.0	50000.0	10000.0	1000.0	50000.0	50000.0
rep2	M4	TriComm PVI no drug	PVI no drug	PVI	0	210.0	AMP	PM	6.0	6000.0	1000.0	1000.0	6000.0	6000.0
rep2	M4	TriComm PVI no drug	PVI no drug	PVI	0	210.0	KAN	LM	0.0	0.0		9999999.999999998	4999999.999999999	
rep2	M4	TriComm PVI no drug	PVI no drug	PVI	0	210.0	KAN	PL	10.0	99999999.99999999	9999999.999999998	9999999.999999998	99999999.99999999	99999999.99999999
rep2	M4	TriComm PVI no drug	PVI no drug	PVI	0	210.0	KAN	PM	4.0	40000000.0	10000000.0	9999999.999999998	40000000.0	40000000.0
rep2	M4	TriComm PVI no drug	PVI no drug	PVI	0	234.0	AMP	LM	2.0	2000.0	1000.0	1000.0	2000.0	2000.0
rep2	M4	TriComm PVI no drug	PVI no drug	PVI	0	234.0	AMP	PL	3.0	3000.0	1000.0	1000.0	3000.0	3000.0
rep2	M4	TriComm PVI no drug	PVI no drug	PVI	0	234.0	AMP	PM	0.0	0.0		1000.0	500.0	
rep2	M4	TriComm PVI no drug	PVI no drug	PVI	0	234.0	KAN	LM	0.0	0.0		999999.9999999999	499999.99999999994	
rep2	M4	TriComm PVI no drug	PVI no drug	PVI	0	234.0	KAN	PL	7.0	6999999.999999999	999999.9999999999	999999.9999999999	6999999.999999999	6999999.999999999
rep2	M4	TriComm PVI no drug	PVI no drug	PVI	0	234.0	KAN	PM	2.0	1999999.9999999998	999999.9999999999	999999.9999999999	1999999.9999999998	1999999.9999999998
rep2	M4	TriComm PVI no drug	PVI no drug	PVI	0	258.0	AMP	LM	5.0	5000.0	1000.0	1000.0	5000.0	5000.0
rep2	M4	TriComm PVI no drug	PVI no drug	PVI	0	258.0	AMP	PL	4.0	4000.0	1000.0	1000.0	4000.0	4000.0
rep2	M4	TriComm PVI no drug	PVI no drug	PVI	0	258.0	AMP	PM	0.0	0.0		1000.0	500.0	
rep2	M4	TriComm PVI no drug	PVI no drug	PVI	0	258.0	KAN	LM	0.0	0.0		999999.9999999999	499999.99999999994	
rep2	M4	TriComm PVI no drug	PVI no drug	PVI	0	258.0	KAN	PL	13.0	12999999.999999998	999999.9999999999	999999.9999999999	12999999.999999998	12999999.999999998
rep2	M4	TriComm PVI no drug	PVI no drug	PVI	0	258.0	KAN	PM	11.0	10999999.999999998	999999.9999999999	999999.9999999999	10999999.999999998	10999999.999999998
rep2	M4	TriComm PVI no drug	PVI no drug	PVI	0	282.0	AMP	LM	18.0	1800.0	100.0	100.0	1800.0	1800.0
rep2	M4	TriComm PVI no drug	PVI no drug	PVI	0	282.0	AMP	PL	2.0	200.0	100.0	100.0	200.0	200.0
rep2	M4	TriComm PVI no drug	PVI no drug	PVI	0	282.0	AMP	PM	0.0	0.0		100.0	50.0	
rep2	M4	TriComm PVI no drug	PVI no drug	PVI	0	282.0	KAN	LM	1.0	99999.99999999999	99999.99999999999	99999.99999999999	99999.99999999999	99999.99999999999
rep2	M4	TriComm PVI no drug	PVI no drug	PVI	0	282.0	KAN	PL	45.0	4500000.0	100000.0	99999.99999999999	4500000.0	4500000.0
rep2	M4	TriComm PVI no drug	PVI no drug	PVI	0	282.0	KAN	PM	9.0	899999.9999999999	99999.99999999999	99999.99999999999	899999.9999999999	899999.9999999999
rep2	M4	TriComm PVI no drug	PVI no drug	PVI	0	306.0	AMP	LM	7.0	700.0	100.0	100.0	700.0	700.0
rep2	M4	TriComm PVI no drug	PVI no drug	PVI	0	306.0	AMP	PL	1.0	100.0	100.0	100.0	100.0	100.0
rep2	M4	TriComm PVI no drug	PVI no drug	PVI	0	306.0	AMP	PM	7.0	700.0	100.0	100.0	700.0	700.0
rep2	M4	TriComm PVI no drug	PVI no drug	PVI	0	306.0	KAN	LM	0.0	0.0		10000000.0	5000000.0	
rep2	M4	TriComm PVI no drug	PVI no drug	PVI	0	306.0	KAN	PL	1.0	10000000.0	10000000.0	10000000.0	10000000.0	10000000.0
rep2	M4	TriComm PVI no drug	PVI no drug	PVI	0	306.0	KAN	PM	4.0	40000000.0	10000000.0	10000000.0	40000000.0	40000000.0
rep2	M5	TriComm PVI 16x MIC	PVI 16x MIC	PVI	16	2.0	AMP	LM	11.0	109999999.99999999	9999999.999999998	9999999.999999998	109999999.99999999	109999999.99999999
rep2	M5	TriComm PVI 16x MIC	PVI 16x MIC	PVI	16	2.0	AMP	PL	0.0	0.0		9999999.999999998	4999999.999999999	
rep2	M5	TriComm PVI 16x MIC	PVI 16x MIC	PVI	16	2.0	AMP	PM	0.0	0.0		9999999.999999998	4999999.999999999	
rep2	M5	TriComm PVI 16x MIC	PVI 16x MIC	PVI	16	2.0	KAN	LM	20.0	199999999.99999997	9999999.999999998	999999.9999999998	199999999.99999997	199999999.99999997
rep2	M5	TriComm PVI 16x MIC	PVI 16x MIC	PVI	16	2.0	KAN	PL	41.0	40999999.99999999	999999.9999999998	999999.9999999998	40999999.99999999	40999999.99999999
rep2	M5	TriComm PVI 16x MIC	PVI 16x MIC	PVI	16	2.0	KAN	PM	60.0	59999999.99999999	999999.9999999999	999999.9999999998	59999999.99999999	59999999.99999999
rep2	M5	TriComm PVI 16x MIC	PVI 16x MIC	PVI	16	20.0	AMP	LM	16.0	160000000.0	10000000.0	10000000.0	160000000.0	160000000.0
rep2	M5	TriComm PVI 16x MIC	PVI 16x MIC	PVI	16	20.0	AMP	PL	0.0	0.0		10000000.0	5000000.0	
rep2	M5	TriComm PVI 16x MIC	PVI 16x MIC	PVI	16	20.0	AMP	PM	0.0	0.0		10000000.0	5000000.0	
rep2	M5	TriComm PVI 16x MIC	PVI 16x MIC	PVI	16	20.0	KAN	LM	23.0	229999999.99999997	9999999.999999998	999999.9999999998	229999999.99999997	229999999.99999997
rep2	M5	TriComm PVI 16x MIC	PVI 16x MIC	PVI	16	20.0	KAN	PL	36.0	35999999.99999999	999999.9999999998	999999.9999999998	35999999.99999999	35999999.99999999
rep2	M5	TriComm PVI 16x MIC	PVI 16x MIC	PVI	16	20.0	KAN	PM	33.0	32999999.999999996	999999.9999999999	999999.9999999998	32999999.999999996	32999999.999999996
rep2	M5	TriComm PVI 16x MIC	PVI 16x MIC	PVI	16	44.0	AMP	LM	5.0	49999999.99999999	9999999.999999998	9999999.999999998	49999999.99999999	49999999.99999999
rep2	M5	TriComm PVI 16x MIC	PVI 16x MIC	PVI	16	44.0	AMP	PL	0.0	0.0		9999999.999999998	4999999.999999999	
rep2	M5	TriComm PVI 16x MIC	PVI 16x MIC	PVI	16	44.0	AMP	PM	0.0	0.0		9999999.999999998	4999999.999999999	
rep2	M5	TriComm PVI 16x MIC	PVI 16x MIC	PVI	16	44.0	KAN	LM	6.0	59999999.99999999	9999999.999999998	9999999.999999998	59999999.99999999	59999999.99999999
rep2	M5	TriComm PVI 16x MIC	PVI 16x MIC	PVI	16	44.0	KAN	PL	14.0	140000000.0	10000000.0	9999999.999999998	140000000.0	140000000.0
rep2	M5	TriComm PVI 16x MIC	PVI 16x MIC	PVI	16	44.0	KAN	PM	15.0	150000000.0	10000000.0	9999999.999999998	150000000.0	150000000.0
rep2	M5	TriComm PVI 16x MIC	PVI 16x MIC	PVI	16	68.0	AMP	LM	22.0	21999999.999999996	999999.9999999999	10000.0	21999999.999999996	21999999.999999996
rep2	M5	TriComm PVI 16x MIC	PVI 16x MIC	PVI	16	68.0	AMP	PL	0.0	0.0		10000.0	5000.0	
rep2	M5	TriComm PVI 16x MIC	PVI 16x MIC	PVI	16	68.0	AMP	PM	2.0	20000.0	10000.0	10000.0	20000.0	20000.0
rep2	M5	TriComm PVI 16x MIC	PVI 16x MIC	PVI	16	68.0	KAN	LM	3.0	29999999.999999996	9999999.999999998	999999.9999999999	29999999.999999996	29999999.999999996
rep2	M5	TriComm PVI 16x MIC	PVI 16x MIC	PVI	16	68.0	KAN	PL	33.0	32999999.999999996	999999.9999999999	999999.9999999999	32999999.999999996	32999999.999999996
rep2	M5	TriComm PVI 16x MIC	PVI 16x MIC	PVI	16	68.0	KAN	PM	15.0	150000000.0	10000000.0	999999.9999999999	150000000.0	150000000.0
rep2	M5	TriComm PVI 16x MIC	PVI 16x MIC	PVI	16	92.0	AMP	LM	27.0	26999999.999999996	999999.9999999999	999999.9999999999	26999999.999999996	26999999.999999996
rep2	M5	TriComm PVI 16x MIC	PVI 16x MIC	PVI	16	92.0	AMP	PL	0.0	0.0		999999.9999999999	499999.99999999994	
rep2	M5	TriComm PVI 16x MIC	PVI 16x MIC	PVI	16	92.0	AMP	PM	0.0	0.0		999999.9999999999	499999.99999999994	
rep2	M5	TriComm PVI 16x MIC	PVI 16x MIC	PVI	16	92.0	KAN	LM	3.0	29999999.999999996	9999999.999999998	9999999.999999998	29999999.999999996	29999999.999999996
rep2	M5	TriComm PVI 16x MIC	PVI 16x MIC	PVI	16	92.0	KAN	PL	4.0	40000000.0	10000000.0	9999999.999999998	40000000.0	40000000.0
rep2	M5	TriComm PVI 16x MIC	PVI 16x MIC	PVI	16	92.0	KAN	PM	8.0	80000000.0	10000000.0	9999999.999999998	80000000.0	80000000.0
rep2	M5	TriComm PVI 16x MIC	PVI 16x MIC	PVI	16	116.0	AMP	LM	6.0	5999999.999999999	999999.9999999999	10000.0	5999999.999999999	5999999.999999999
rep2	M5	TriComm PVI 16x MIC	PVI 16x MIC	PVI	16	116.0	AMP	PL	0.0	0.0		10000.0	5000.0	
rep2	M5	TriComm PVI 16x MIC	PVI 16x MIC	PVI	16	116.0	AMP	PM	1.0	10000.0	10000.0	10000.0	10000.0	10000.0
rep2	M5	TriComm PVI 16x MIC	PVI 16x MIC	PVI	16	116.0	KAN	LM	1.0	999999.9999999999	999999.9999999999	999999.9999999999	999999.9999999999	999999.9999999999
rep2	M5	TriComm PVI 16x MIC	PVI 16x MIC	PVI	16	116.0	KAN	PL	2.0	20000000.0	10000000.0	999999.9999999999	20000000.0	20000000.0
rep2	M5	TriComm PVI 16x MIC	PVI 16x MIC	PVI	16	116.0	KAN	PM	7.0	70000000.0	10000000.0	999999.9999999999	70000000.0	70000000.0
rep2	M5	TriComm PVI 16x MIC	PVI 16x MIC	PVI	16	140.0	AMP	LM	13.0	1300000.0	100000.0	10000.0	1300000.0	1300000.0
rep2	M5	TriComm PVI 16x MIC	PVI 16x MIC	PVI	16	140.0	AMP	PL	0.0	0.0		10000.0	5000.0	
rep2	M5	TriComm PVI 16x MIC	PVI 16x MIC	PVI	16	140.0	AMP	PM	1.0	10000.0	10000.0	10000.0	10000.0	10000.0
rep2	M5	TriComm PVI 16x MIC	PVI 16x MIC	PVI	16	140.0	KAN	LM	0.0	0.0		999999.9999999998	499999.9999999999	
rep2	M5	TriComm PVI 16x MIC	PVI 16x MIC	PVI	16	140.0	KAN	PL	17.0	16999999.999999996	999999.9999999998	999999.9999999998	16999999.999999996	16999999.999999996
rep2	M5	TriComm PVI 16x MIC	PVI 16x MIC	PVI	16	140.0	KAN	PM	5.0	49999999.99999999	9999999.999999998	999999.9999999998	49999999.99999999	49999999.99999999
rep2	M5	TriComm PVI 16x MIC	PVI 16x MIC	PVI	16	162.0	AMP	LM	24.0	240000.0	10000.0	10000.0	240000.0	240000.0
rep2	M5	TriComm PVI 16x MIC	PVI 16x MIC	PVI	16	162.0	AMP	PL	17.0	170000.0	10000.0	10000.0	170000.0	170000.0
rep2	M5	TriComm PVI 16x MIC	PVI 16x MIC	PVI	16	162.0	AMP	PM	0.0	0.0		10000.0	5000.0	
rep2	M5	TriComm PVI 16x MIC	PVI 16x MIC	PVI	16	162.0	KAN	LM	0.0	0.0		999999.9999999998	499999.9999999999	
rep2	M5	TriComm PVI 16x MIC	PVI 16x MIC	PVI	16	162.0	KAN	PL	9.0	8999999.999999998	999999.9999999998	999999.9999999998	8999999.999999998	8999999.999999998
rep2	M5	TriComm PVI 16x MIC	PVI 16x MIC	PVI	16	162.0	KAN	PM	7.0	6999999.999999999	999999.9999999999	999999.9999999998	6999999.999999999	6999999.999999999
rep2	M5	TriComm PVI 16x MIC	PVI 16x MIC	PVI	16	186.0	AMP	LM	0.0	0.0		999999.9999999999	499999.99999999994	
rep2	M5	TriComm PVI 16x MIC	PVI 16x MIC	PVI	16	186.0	AMP	PL	12.0	11999999.999999998	999999.9999999999	999999.9999999999	11999999.999999998	11999999.999999998
rep2	M5	TriComm PVI 16x MIC	PVI 16x MIC	PVI	16	186.0	AMP	PM	0.0	0.0		999999.9999999999	499999.99999999994	
rep2	M5	TriComm PVI 16x MIC	PVI 16x MIC	PVI	16	186.0	KAN	LM	0.0	0.0		999999.9999999999	499999.99999999994	
rep2	M5	TriComm PVI 16x MIC	PVI 16x MIC	PVI	16	186.0	KAN	PL	29.0	28999999.999999996	999999.9999999999	999999.9999999999	28999999.999999996	28999999.999999996
rep2	M5	TriComm PVI 16x MIC	PVI 16x MIC	PVI	16	186.0	KAN	PM	2.0	1999999.9999999998	999999.9999999999	999999.9999999999	1999999.9999999998	1999999.9999999998
rep2	M5	TriComm PVI 16x MIC	PVI 16x MIC	PVI	16	210.0	AMP	LM	0.0	0.0		10000000.0	5000000.0	
rep2	M5	TriComm PVI 16x MIC	PVI 16x MIC	PVI	16	210.0	AMP	PL	16.0	160000000.0	10000000.0	10000000.0	160000000.0	160000000.0
rep2	M5	TriComm PVI 16x MIC	PVI 16x MIC	PVI	16	210.0	AMP	PM	0.0	0.0		10000000.0	5000000.0	
rep2	M5	TriComm PVI 16x MIC	PVI 16x MIC	PVI	16	210.0	KAN	LM	0.0	1.0		10000000.0	5000000.0	
rep2	M5	TriComm PVI 16x MIC	PVI 16x MIC	PVI	16	210.0	KAN	PL	15.0	150000000.0	10000000.0	10000000.0	150000000.0	150000000.0
rep2	M5	TriComm PVI 16x MIC	PVI 16x MIC	PVI	16	210.0	KAN	PM	14.0	140000000.0	10000000.0	10000000.0	140000000.0	140000000.0
rep2	M5	TriComm PVI 16x MIC	PVI 16x MIC	PVI	16	234.0	AMP	LM	0.0	0.0		999999.9999999999	499999.99999999994	
rep2	M5	TriComm PVI 16x MIC	PVI 16x MIC	PVI	16	234.0	AMP	PL	57.0	56999999.99999999	999999.9999999999	999999.9999999999	56999999.99999999	56999999.99999999
rep2	M5	TriComm PVI 16x MIC	PVI 16x MIC	PVI	16	234.0	AMP	PM	0.0	0.0		999999.9999999999	499999.99999999994	
rep2	M5	TriComm PVI 16x MIC	PVI 16x MIC	PVI	16	234.0	KAN	LM	0.0	0.0		10000000.0	5000000.0	
rep2	M5	TriComm PVI 16x MIC	PVI 16x MIC	PVI	16	234.0	KAN	PL	7.0	70000000.0	10000000.0	10000000.0	70000000.0	70000000.0
rep2	M5	TriComm PVI 16x MIC	PVI 16x MIC	PVI	16	234.0	KAN	PM	2.0	20000000.0	10000000.0	10000000.0	20000000.0	20000000.0
rep2	M5	TriComm PVI 16x MIC	PVI 16x MIC	PVI	16	258.0	AMP	LM	0.0	0.0		999999.9999999998	499999.9999999999	
rep2	M5	TriComm PVI 16x MIC	PVI 16x MIC	PVI	16	258.0	AMP	PL	42.0	41999999.99999999	999999.9999999998	999999.9999999998	41999999.99999999	41999999.99999999
rep2	M5	TriComm PVI 16x MIC	PVI 16x MIC	PVI	16	258.0	AMP	PM	0.0	0.0		999999.9999999998	499999.9999999999	
rep2	M5	TriComm PVI 16x MIC	PVI 16x MIC	PVI	16	258.0	KAN	LM	0.0	0.0		999999.9999999998	499999.9999999999	
rep2	M5	TriComm PVI 16x MIC	PVI 16x MIC	PVI	16	258.0	KAN	PL	63.0	62999999.99999999	999999.9999999999	999999.9999999998	62999999.99999999	62999999.99999999
rep2	M5	TriComm PVI 16x MIC	PVI 16x MIC	PVI	16	258.0	KAN	PM	36.0	35999999.99999999	999999.9999999998	999999.9999999998	35999999.99999999	35999999.99999999
rep2	M5	TriComm PVI 16x MIC	PVI 16x MIC	PVI	16	282.0	AMP	LM	0.0	0.0		99999.99999999999	49999.99999999999	
rep2	M5	TriComm PVI 16x MIC	PVI 16x MIC	PVI	16	282.0	AMP	PL	21.0	20999999.999999996	999999.9999999998	99999.99999999999	20999999.999999996	20999999.999999996
rep2	M5	TriComm PVI 16x MIC	PVI 16x MIC	PVI	16	282.0	AMP	PM	1.0	99999.99999999999	99999.99999999999	99999.99999999999	99999.99999999999	99999.99999999999
rep2	M5	TriComm PVI 16x MIC	PVI 16x MIC	PVI	16	282.0	KAN	LM	0.0	0.0		999999.9999999998	499999.9999999999	
rep2	M5	TriComm PVI 16x MIC	PVI 16x MIC	PVI	16	282.0	KAN	PL	29.0	28999999.999999996	999999.9999999999	999999.9999999998	28999999.999999996	28999999.999999996
rep2	M5	TriComm PVI 16x MIC	PVI 16x MIC	PVI	16	282.0	KAN	PM	9.0	8999999.999999998	999999.9999999998	999999.9999999998	8999999.999999998	8999999.999999998
rep2	M5	TriComm PVI 16x MIC	PVI 16x MIC	PVI	16	306.0	AMP	LM	0.0	0.0		10000.0	5000.0	
rep2	M5	TriComm PVI 16x MIC	PVI 16x MIC	PVI	16	306.0	AMP	PL	46.0	45999999.99999999	999999.9999999999	10000.0	45999999.99999999	45999999.99999999
rep2	M5	TriComm PVI 16x MIC	PVI 16x MIC	PVI	16	306.0	AMP	PM	2.0	20000.0	10000.0	10000.0	20000.0	20000.0
rep2	M5	TriComm PVI 16x MIC	PVI 16x MIC	PVI	16	306.0	KAN	LM	0.0	0.0		100000.0	50000.0	
rep2	M5	TriComm PVI 16x MIC	PVI 16x MIC	PVI	16	306.0	KAN	PL	38.0	37999999.99999999	999999.9999999998	100000.0	37999999.99999999	37999999.99999999
rep2	M5	TriComm PVI 16x MIC	PVI 16x MIC	PVI	16	306.0	KAN	PM	3.0	300000.0	100000.0	100000.0	300000.0	300000.0
rep2	M6	TriComm PVB no drug	PVB no drug	PVB	0	2.0	AMP	LM	15.0	150000000.0	10000000.0	10000000.0	150000000.0	150000000.0
rep2	M6	TriComm PVB no drug	PVB no drug	PVB	0	2.0	AMP	PL	0.0	0.0		10000000.0	5000000.0	
rep2	M6	TriComm PVB no drug	PVB no drug	PVB	0	2.0	AMP	PM	0.0	0.0		10000000.0	5000000.0	
rep2	M6	TriComm PVB no drug	PVB no drug	PVB	0	2.0	KAN	LM	17.0	170000000.0	10000000.0	9999999.999999998	170000000.0	170000000.0
rep2	M6	TriComm PVB no drug	PVB no drug	PVB	0	2.0	KAN	PL	10.0	99999999.99999999	9999999.999999998	9999999.999999998	99999999.99999999	99999999.99999999
rep2	M6	TriComm PVB no drug	PVB no drug	PVB	0	2.0	KAN	PM	12.0	119999999.99999999	9999999.999999998	9999999.999999998	119999999.99999999	119999999.99999999
rep2	M6	TriComm PVB no drug	PVB no drug	PVB	0	20.0	AMP	LM	74.0	73999999.99999999	999999.9999999998	999999.9999999998	73999999.99999999	73999999.99999999
rep2	M6	TriComm PVB no drug	PVB no drug	PVB	0	20.0	AMP	PL	0.0	0.0		999999.9999999998	499999.9999999999	
rep2	M6	TriComm PVB no drug	PVB no drug	PVB	0	20.0	AMP	PM	0.0	0.0		999999.9999999998	499999.9999999999	
rep2	M6	TriComm PVB no drug	PVB no drug	PVB	0	20.0	KAN	LM	2.0	20000000.0	10000000.0	999999.9999999999	20000000.0	20000000.0
rep2	M6	TriComm PVB no drug	PVB no drug	PVB	0	20.0	KAN	PL	49.0	48999999.99999999	999999.9999999999	999999.9999999999	48999999.99999999	48999999.99999999
rep2	M6	TriComm PVB no drug	PVB no drug	PVB	0	20.0	KAN	PM	46.0	45999999.99999999	999999.9999999999	999999.9999999999	45999999.99999999	45999999.99999999
rep2	M6	TriComm PVB no drug	PVB no drug	PVB	0	44.0	AMP	LM	47.0	46999999.99999999	999999.9999999999	999999.9999999999	46999999.99999999	46999999.99999999
rep2	M6	TriComm PVB no drug	PVB no drug	PVB	0	44.0	AMP	PL	0.0	0.0		999999.9999999999	499999.99999999994	
rep2	M6	TriComm PVB no drug	PVB no drug	PVB	0	44.0	AMP	PM	0.0	0.0		999999.9999999999	499999.99999999994	
rep2	M6	TriComm PVB no drug	PVB no drug	PVB	0	44.0	KAN	LM	3.0	29999999.999999996	9999999.999999998	999999.9999999999	29999999.999999996	29999999.999999996
rep2	M6	TriComm PVB no drug	PVB no drug	PVB	0	44.0	KAN	PL	47.0	46999999.99999999	999999.9999999999	999999.9999999999	46999999.99999999	46999999.99999999
rep2	M6	TriComm PVB no drug	PVB no drug	PVB	0	44.0	KAN	PM	31.0	30999999.999999996	999999.9999999999	999999.9999999999	30999999.999999996	30999999.999999996
rep2	M6	TriComm PVB no drug	PVB no drug	PVB	0	68.0	AMP	LM	24.0	23999999.999999996	999999.9999999999	999999.9999999999	23999999.999999996	23999999.999999996
rep2	M6	TriComm PVB no drug	PVB no drug	PVB	0	68.0	AMP	PL	0.0	0.0		999999.9999999999	499999.99999999994	
rep2	M6	TriComm PVB no drug	PVB no drug	PVB	0	68.0	AMP	PM	0.0	0.0		999999.9999999999	499999.99999999994	
rep2	M6	TriComm PVB no drug	PVB no drug	PVB	0	68.0	KAN	LM	0.0	0.0		10000000.0	5000000.0	
rep2	M6	TriComm PVB no drug	PVB no drug	PVB	0	68.0	KAN	PL	8.0	80000000.0	10000000.0	10000000.0	80000000.0	80000000.0
rep2	M6	TriComm PVB no drug	PVB no drug	PVB	0	68.0	KAN	PM	16.0	160000000.0	10000000.0	10000000.0	160000000.0	160000000.0
rep2	M6	TriComm PVB no drug	PVB no drug	PVB	0	92.0	AMP	LM	4.0	3999999.9999999995	999999.9999999999	999999.9999999999	3999999.9999999995	3999999.9999999995
rep2	M6	TriComm PVB no drug	PVB no drug	PVB	0	92.0	AMP	PL	0.0	0.0		999999.9999999999	499999.99999999994	
rep2	M6	TriComm PVB no drug	PVB no drug	PVB	0	92.0	AMP	PM	0.0	0.0		999999.9999999999	499999.99999999994	
rep2	M6	TriComm PVB no drug	PVB no drug	PVB	0	92.0	KAN	LM	0.0	0.0		9999999.999999998	4999999.999999999	
rep2	M6	TriComm PVB no drug	PVB no drug	PVB	0	92.0	KAN	PL	5.0	49999999.99999999	9999999.999999998	9999999.999999998	49999999.99999999	49999999.99999999
rep2	M6	TriComm PVB no drug	PVB no drug	PVB	0	92.0	KAN	PM	3.0	29999999.999999996	9999999.999999998	9999999.999999998	29999999.999999996	29999999.999999996
rep2	M6	TriComm PVB no drug	PVB no drug	PVB	0	116.0	AMP	LM	25.0	2500000.0	100000.0	100000.0	2500000.0	2500000.0
rep2	M6	TriComm PVB no drug	PVB no drug	PVB	0	116.0	AMP	PL	0.0	0.0		100000.0	50000.0	
rep2	M6	TriComm PVB no drug	PVB no drug	PVB	0	116.0	AMP	PM	0.0	0.0		100000.0	50000.0	
rep2	M6	TriComm PVB no drug	PVB no drug	PVB	0	116.0	KAN	LM	1.0	999999.9999999999	999999.9999999999	999999.9999999999	999999.9999999999	999999.9999999999
rep2	M6	TriComm PVB no drug	PVB no drug	PVB	0	116.0	KAN	PL	8.0	7999999.999999999	999999.9999999999	999999.9999999999	7999999.999999999	7999999.999999999
rep2	M6	TriComm PVB no drug	PVB no drug	PVB	0	116.0	KAN	PM	1.0	999999.9999999999	999999.9999999999	999999.9999999999	999999.9999999999	999999.9999999999
rep2	M6	TriComm PVB no drug	PVB no drug	PVB	0	140.0	AMP	LM	3.0	300000.0	100000.0	100000.0	300000.0	300000.0
rep2	M6	TriComm PVB no drug	PVB no drug	PVB	0	140.0	AMP	PL	0.0	0.0		100000.0	50000.0	
rep2	M6	TriComm PVB no drug	PVB no drug	PVB	0	140.0	AMP	PM	0.0	0.0		100000.0	50000.0	
rep2	M6	TriComm PVB no drug	PVB no drug	PVB	0	140.0	KAN	LM	2.0	1999999.9999999998	999999.9999999999	99999.99999999999	1999999.9999999998	1999999.9999999998
rep2	M6	TriComm PVB no drug	PVB no drug	PVB	0	140.0	KAN	PL	30.0	2999999.9999999995	99999.99999999999	99999.99999999999	2999999.9999999995	2999999.9999999995
rep2	M6	TriComm PVB no drug	PVB no drug	PVB	0	140.0	KAN	PM	6.0	600000.0	100000.0	99999.99999999999	600000.0	600000.0
rep2	M6	TriComm PVB no drug	PVB no drug	PVB	0	162.0	AMP	LM	42.0	42000.0	1000.0	1000.0	42000.0	42000.0
rep2	M6	TriComm PVB no drug	PVB no drug	PVB	0	162.0	AMP	PL	0.0	0.0		1000.0	500.0	
rep2	M6	TriComm PVB no drug	PVB no drug	PVB	0	162.0	AMP	PM	0.0	0.0		1000.0	500.0	
rep2	M6	TriComm PVB no drug	PVB no drug	PVB	0	162.0	KAN	LM	0.0	0.0		99999.99999999999	49999.99999999999	
rep2	M6	TriComm PVB no drug	PVB no drug	PVB	0	162.0	KAN	PL	1.0	99999.99999999999	99999.99999999999	99999.99999999999	99999.99999999999	99999.99999999999
rep2	M6	TriComm PVB no drug	PVB no drug	PVB	0	162.0	KAN	PM	4.0	399999.99999999994	99999.99999999999	99999.99999999999	399999.99999999994	399999.99999999994
rep2	M6	TriComm PVB no drug	PVB no drug	PVB	0	186.0	AMP	LM	23.0	23000.0	1000.0	1000.0	23000.0	23000.0
rep2	M6	TriComm PVB no drug	PVB no drug	PVB	0	186.0	AMP	PL	0.0	0.0		1000.0	500.0	
rep2	M6	TriComm PVB no drug	PVB no drug	PVB	0	186.0	AMP	PM	0.0	0.0		1000.0	500.0	
rep2	M6	TriComm PVB no drug	PVB no drug	PVB	0	186.0	KAN	LM	0.0	0.0		999999.9999999999	499999.99999999994	
rep2	M6	TriComm PVB no drug	PVB no drug	PVB	0	186.0	KAN	PL	3.0	2999999.9999999995	999999.9999999999	999999.9999999999	2999999.9999999995	2999999.9999999995
rep2	M6	TriComm PVB no drug	PVB no drug	PVB	0	186.0	KAN	PM	7.0	6999999.999999999	999999.9999999999	999999.9999999999	6999999.999999999	6999999.999999999
rep2	M6	TriComm PVB no drug	PVB no drug	PVB	0	210.0	AMP	LM	2.0	2000.0	1000.0	1000.0	2000.0	2000.0
rep2	M6	TriComm PVB no drug	PVB no drug	PVB	0	210.0	AMP	PL	0.0	0.0		1000.0	500.0	
rep2	M6	TriComm PVB no drug	PVB no drug	PVB	0	210.0	AMP	PM	0.0	0.0		1000.0	500.0	
rep2	M6	TriComm PVB no drug	PVB no drug	PVB	0	210.0	KAN	LM	0.0	0.0		9999999.999999998	4999999.999999999	
rep2	M6	TriComm PVB no drug	PVB no drug	PVB	0	210.0	KAN	PL	5.0	49999999.99999999	9999999.999999998	9999999.999999998	49999999.99999999	49999999.99999999
rep2	M6	TriComm PVB no drug	PVB no drug	PVB	0	210.0	KAN	PM	7.0	70000000.0	10000000.0	9999999.999999998	70000000.0	70000000.0
rep2	M6	TriComm PVB no drug	PVB no drug	PVB	0	234.0	AMP	LM	2.0	2000.0	1000.0	1000.0	2000.0	2000.0
rep2	M6	TriComm PVB no drug	PVB no drug	PVB	0	234.0	AMP	PL	0.0	0.0		1000.0	500.0	
rep2	M6	TriComm PVB no drug	PVB no drug	PVB	0	234.0	AMP	PM	0.0	0.0		1000.0	500.0	
rep2	M6	TriComm PVB no drug	PVB no drug	PVB	0	234.0	KAN	LM	0.0	0.0		9999999.999999998	4999999.999999999	
rep2	M6	TriComm PVB no drug	PVB no drug	PVB	0	234.0	KAN	PL	7.0	70000000.0	10000000.0	9999999.999999998	70000000.0	70000000.0
rep2	M6	TriComm PVB no drug	PVB no drug	PVB	0	234.0	KAN	PM	25.0	249999999.99999997	9999999.999999998	9999999.999999998	249999999.99999997	249999999.99999997
rep2	M6	TriComm PVB no drug	PVB no drug	PVB	0	258.0	AMP	LM	0.0	0.0		100.0	50.0	
rep2	M6	TriComm PVB no drug	PVB no drug	PVB	0	258.0	AMP	PL	0.0	0.0		100.0	50.0	
rep2	M6	TriComm PVB no drug	PVB no drug	PVB	0	258.0	AMP	PM	0.0	0.0		100.0	50.0	
rep2	M6	TriComm PVB no drug	PVB no drug	PVB	0	258.0	KAN	LM	3.0	2999999.9999999995	999999.9999999999	999999.9999999999	2999999.9999999995	2999999.9999999995
rep2	M6	TriComm PVB no drug	PVB no drug	PVB	0	258.0	KAN	PL	2.0	1999999.9999999998	999999.9999999999	999999.9999999999	1999999.9999999998	1999999.9999999998
rep2	M6	TriComm PVB no drug	PVB no drug	PVB	0	258.0	KAN	PM	9.0	89999999.99999999	9999999.999999998	999999.9999999999	89999999.99999999	89999999.99999999
rep2	M6	TriComm PVB no drug	PVB no drug	PVB	0	282.0	AMP	LM	1.0	100.0	100.0	100.0	100.0	100.0
rep2	M6	TriComm PVB no drug	PVB no drug	PVB	0	282.0	AMP	PL	0.0	0.0		100.0	50.0	
rep2	M6	TriComm PVB no drug	PVB no drug	PVB	0	282.0	AMP	PM	0.0	0.0		100.0	50.0	
rep2	M6	TriComm PVB no drug	PVB no drug	PVB	0	282.0	KAN	LM	0.0	0.0		999999.9999999999	499999.99999999994	
rep2	M6	TriComm PVB no drug	PVB no drug	PVB	0	282.0	KAN	PL	3.0	2999999.9999999995	999999.9999999999	999999.9999999999	2999999.9999999995	2999999.9999999995
rep2	M6	TriComm PVB no drug	PVB no drug	PVB	0	282.0	KAN	PM	14.0	140000000.0	10000000.0	999999.9999999999	140000000.0	140000000.0
rep2	M6	TriComm PVB no drug	PVB no drug	PVB	0	306.0	AMP	LM	0.0	0.0		100.0	50.0	
rep2	M6	TriComm PVB no drug	PVB no drug	PVB	0	306.0	AMP	PL	0.0	0.0		100.0	50.0	
rep2	M6	TriComm PVB no drug	PVB no drug	PVB	0	306.0	AMP	PM	0.0	0.0		100.0	50.0	
rep2	M6	TriComm PVB no drug	PVB no drug	PVB	0	306.0	KAN	LM	0.0	0.0		999999.9999999999	499999.99999999994	
rep2	M6	TriComm PVB no drug	PVB no drug	PVB	0	306.0	KAN	PL	0.0	0.0		999999.9999999999	499999.99999999994	
rep2	M6	TriComm PVB no drug	PVB no drug	PVB	0	306.0	KAN	PM	47.0	46999999.99999999	999999.9999999999	999999.9999999999	46999999.99999999	46999999.99999999
rep2	M7	TriComm PVB 16x MIC	PVB 16x MIC	PVB	16	2.0	AMP	LM	20.0	199999999.99999997	9999999.999999998	9999999.999999998	199999999.99999997	199999999.99999997
rep2	M7	TriComm PVB 16x MIC	PVB 16x MIC	PVB	16	2.0	AMP	PL	0.0	0.0		9999999.999999998	4999999.999999999	
rep2	M7	TriComm PVB 16x MIC	PVB 16x MIC	PVB	16	2.0	AMP	PM	0.0	0.0		9999999.999999998	4999999.999999999	
rep2	M7	TriComm PVB 16x MIC	PVB 16x MIC	PVB	16	2.0	KAN	LM	10.0	99999999.99999999	9999999.999999998	9999999.999999998	99999999.99999999	99999999.99999999
rep2	M7	TriComm PVB 16x MIC	PVB 16x MIC	PVB	16	2.0	KAN	PL	8.0	80000000.0	10000000.0	9999999.999999998	80000000.0	80000000.0
rep2	M7	TriComm PVB 16x MIC	PVB 16x MIC	PVB	16	2.0	KAN	PM	9.0	89999999.99999999	9999999.999999998	9999999.999999998	89999999.99999999	89999999.99999999
rep2	M7	TriComm PVB 16x MIC	PVB 16x MIC	PVB	16	20.0	AMP	LM	65.0	64999999.99999999	999999.9999999999	999999.9999999999	64999999.99999999	64999999.99999999
rep2	M7	TriComm PVB 16x MIC	PVB 16x MIC	PVB	16	20.0	AMP	PL	0.0	0.0		999999.9999999999	499999.99999999994	
rep2	M7	TriComm PVB 16x MIC	PVB 16x MIC	PVB	16	20.0	AMP	PM	0.0	0.0		999999.9999999999	499999.99999999994	
rep2	M7	TriComm PVB 16x MIC	PVB 16x MIC	PVB	16	20.0	KAN	LM	6.0	59999999.99999999	9999999.999999998	999999.9999999998	59999999.99999999	59999999.99999999
rep2	M7	TriComm PVB 16x MIC	PVB 16x MIC	PVB	16	20.0	KAN	PL	46.0	45999999.99999999	999999.9999999999	999999.9999999998	45999999.99999999	45999999.99999999
rep2	M7	TriComm PVB 16x MIC	PVB 16x MIC	PVB	16	20.0	KAN	PM	21.0	20999999.999999996	999999.9999999998	999999.9999999998	20999999.999999996	20999999.999999996
rep2	M7	TriComm PVB 16x MIC	PVB 16x MIC	PVB	16	44.0	AMP	LM	35.0	34999999.99999999	999999.9999999998	999999.9999999998	34999999.99999999	34999999.99999999
rep2	M7	TriComm PVB 16x MIC	PVB 16x MIC	PVB	16	44.0	AMP	PL	0.0	0.0		999999.9999999998	499999.9999999999	
rep2	M7	TriComm PVB 16x MIC	PVB 16x MIC	PVB	16	44.0	AMP	PM	0.0	0.0		999999.9999999998	499999.9999999999	
rep2	M7	TriComm PVB 16x MIC	PVB 16x MIC	PVB	16	44.0	KAN	LM	2.0	20000000.0	10000000.0	999999.9999999998	20000000.0	20000000.0
rep2	M7	TriComm PVB 16x MIC	PVB 16x MIC	PVB	16	44.0	KAN	PL	32.0	31999999.999999996	999999.9999999999	999999.9999999998	31999999.999999996	31999999.999999996
rep2	M7	TriComm PVB 16x MIC	PVB 16x MIC	PVB	16	44.0	KAN	PM	19.0	18999999.999999996	999999.9999999998	999999.9999999998	18999999.999999996	18999999.999999996
rep2	M7	TriComm PVB 16x MIC	PVB 16x MIC	PVB	16	68.0	AMP	LM	20.0	19999999.999999996	999999.9999999998	999999.9999999998	19999999.999999996	19999999.999999996
rep2	M7	TriComm PVB 16x MIC	PVB 16x MIC	PVB	16	68.0	AMP	PL	0.0	0.0		999999.9999999998	499999.9999999999	
rep2	M7	TriComm PVB 16x MIC	PVB 16x MIC	PVB	16	68.0	AMP	PM	0.0	0.0		999999.9999999998	499999.9999999999	
rep2	M7	TriComm PVB 16x MIC	PVB 16x MIC	PVB	16	68.0	KAN	LM	26.0	259999999.99999997	9999999.999999998	9999999.999999998	259999999.99999997	259999999.99999997
rep2	M7	TriComm PVB 16x MIC	PVB 16x MIC	PVB	16	68.0	KAN	PL	15.0	150000000.0	10000000.0	9999999.999999998	150000000.0	150000000.0
rep2	M7	TriComm PVB 16x MIC	PVB 16x MIC	PVB	16	68.0	KAN	PM	2.0	20000000.0	10000000.0	9999999.999999998	20000000.0	20000000.0
rep2	M7	TriComm PVB 16x MIC	PVB 16x MIC	PVB	16	92.0	AMP	LM	7.0	6999999.999999999	999999.9999999999	999999.9999999999	6999999.999999999	6999999.999999999
rep2	M7	TriComm PVB 16x MIC	PVB 16x MIC	PVB	16	92.0	AMP	PL	0.0	0.0		999999.9999999999	499999.99999999994	
rep2	M7	TriComm PVB 16x MIC	PVB 16x MIC	PVB	16	92.0	AMP	PM	0.0	0.0		999999.9999999999	499999.99999999994	
rep2	M7	TriComm PVB 16x MIC	PVB 16x MIC	PVB	16	92.0	KAN	LM	0.0	0.0		9999999.999999998	4999999.999999999	
rep2	M7	TriComm PVB 16x MIC	PVB 16x MIC	PVB	16	92.0	KAN	PL	5.0	49999999.99999999	9999999.999999998	9999999.999999998	49999999.99999999	49999999.99999999
rep2	M7	TriComm PVB 16x MIC	PVB 16x MIC	PVB	16	92.0	KAN	PM	22.0	219999999.99999997	9999999.999999998	9999999.999999998	219999999.99999997	219999999.99999997
rep2	M7	TriComm PVB 16x MIC	PVB 16x MIC	PVB	16	116.0	AMP	LM	17.0	1699999.9999999998	99999.99999999999	99999.99999999999	1699999.9999999998	1699999.9999999998
rep2	M7	TriComm PVB 16x MIC	PVB 16x MIC	PVB	16	116.0	AMP	PL	0.0	0.0		99999.99999999999	49999.99999999999	
rep2	M7	TriComm PVB 16x MIC	PVB 16x MIC	PVB	16	116.0	AMP	PM	0.0	0.0		99999.99999999999	49999.99999999999	
rep2	M7	TriComm PVB 16x MIC	PVB 16x MIC	PVB	16	116.0	KAN	LM	0.0	0.0		9999999.999999998	4999999.999999999	
rep2	M7	TriComm PVB 16x MIC	PVB 16x MIC	PVB	16	116.0	KAN	PL	4.0	40000000.0	10000000.0	9999999.999999998	40000000.0	40000000.0
rep2	M7	TriComm PVB 16x MIC	PVB 16x MIC	PVB	16	116.0	KAN	PM	13.0	129999999.99999999	9999999.999999998	9999999.999999998	129999999.99999999	129999999.99999999
rep2	M7	TriComm PVB 16x MIC	PVB 16x MIC	PVB	16	140.0	AMP	LM	18.0	1799999.9999999998	99999.99999999999	99999.99999999999	1799999.9999999998	1799999.9999999998
rep2	M7	TriComm PVB 16x MIC	PVB 16x MIC	PVB	16	140.0	AMP	PL	0.0	0.0		99999.99999999999	49999.99999999999	
rep2	M7	TriComm PVB 16x MIC	PVB 16x MIC	PVB	16	140.0	AMP	PM	0.0	0.0		99999.99999999999	49999.99999999999	
rep2	M7	TriComm PVB 16x MIC	PVB 16x MIC	PVB	16	140.0	KAN	LM	1.0	10000000.0	10000000.0	9999999.999999998	10000000.0	10000000.0
rep2	M7	TriComm PVB 16x MIC	PVB 16x MIC	PVB	16	140.0	KAN	PL	6.0	59999999.99999999	9999999.999999998	9999999.999999998	59999999.99999999	59999999.99999999
rep2	M7	TriComm PVB 16x MIC	PVB 16x MIC	PVB	16	140.0	KAN	PM	12.0	119999999.99999999	9999999.999999998	9999999.999999998	119999999.99999999	119999999.99999999
rep2	M7	TriComm PVB 16x MIC	PVB 16x MIC	PVB	16	162.0	AMP	LM	20.0	200000.0	10000.0	10000.0	200000.0	200000.0
rep2	M7	TriComm PVB 16x MIC	PVB 16x MIC	PVB	16	162.0	AMP	PL	0.0	0.0		10000.0	5000.0	
rep2	M7	TriComm PVB 16x MIC	PVB 16x MIC	PVB	16	162.0	AMP	PM	0.0	0.0		10000.0	5000.0	
rep2	M7	TriComm PVB 16x MIC	PVB 16x MIC	PVB	16	162.0	KAN	LM	0.0	0.0		999999.9999999999	499999.99999999994	
rep2	M7	TriComm PVB 16x MIC	PVB 16x MIC	PVB	16	162.0	KAN	PL	8.0	7999999.999999999	999999.9999999999	999999.9999999999	7999999.999999999	7999999.999999999
rep2	M7	TriComm PVB 16x MIC	PVB 16x MIC	PVB	16	162.0	KAN	PM	48.0	47999999.99999999	999999.9999999999	999999.9999999999	47999999.99999999	47999999.99999999
rep2	M7	TriComm PVB 16x MIC	PVB 16x MIC	PVB	16	186.0	AMP	LM	32.0	32000.0	1000.0	1000.0	32000.0	32000.0
rep2	M7	TriComm PVB 16x MIC	PVB 16x MIC	PVB	16	186.0	AMP	PL	0.0	0.0		1000.0	500.0	
rep2	M7	TriComm PVB 16x MIC	PVB 16x MIC	PVB	16	186.0	AMP	PM	0.0	0.0		1000.0	500.0	
rep2	M7	TriComm PVB 16x MIC	PVB 16x MIC	PVB	16	186.0	KAN	LM	0.0	0.0		999999.9999999998	499999.9999999999	
rep2	M7	TriComm PVB 16x MIC	PVB 16x MIC	PVB	16	186.0	KAN	PL	15.0	14999999.999999998	999999.9999999999	999999.9999999998	14999999.999999998	14999999.999999998
rep2	M7	TriComm PVB 16x MIC	PVB 16x MIC	PVB	16	186.0	KAN	PM	21.0	20999999.999999996	999999.9999999998	999999.9999999998	20999999.999999996	20999999.999999996
rep2	M7	TriComm PVB 16x MIC	PVB 16x MIC	PVB	16	210.0	AMP	LM	4.0	4000.0	1000.0	1000.0	4000.0	4000.0
rep2	M7	TriComm PVB 16x MIC	PVB 16x MIC	PVB	16	210.0	AMP	PL	0.0	0.0		1000.0	500.0	
rep2	M7	TriComm PVB 16x MIC	PVB 16x MIC	PVB	16	210.0	AMP	PM	0.0	0.0		1000.0	500.0	
rep2	M7	TriComm PVB 16x MIC	PVB 16x MIC	PVB	16	210.0	KAN	LM	0.0	0.0		999999.9999999998	499999.9999999999	
rep2	M7	TriComm PVB 16x MIC	PVB 16x MIC	PVB	16	210.0	KAN	PL	10.0	9999999.999999998	999999.9999999998	999999.9999999998	9999999.999999998	9999999.999999998
rep2	M7	TriComm PVB 16x MIC	PVB 16x MIC	PVB	16	210.0	KAN	PM	11.0	10999999.999999998	999999.9999999999	999999.9999999998	10999999.999999998	10999999.999999998
rep2	M7	TriComm PVB 16x MIC	PVB 16x MIC	PVB	16	234.0	AMP	LM	2.0	2000.0	1000.0	1000.0	2000.0	2000.0
rep2	M7	TriComm PVB 16x MIC	PVB 16x MIC	PVB	16	234.0	AMP	PL	0.0	0.0		1000.0	500.0	
rep2	M7	TriComm PVB 16x MIC	PVB 16x MIC	PVB	16	234.0	AMP	PM	0.0	0.0		1000.0	500.0	
rep2	M7	TriComm PVB 16x MIC	PVB 16x MIC	PVB	16	234.0	KAN	LM	14.0	140000.0	10000.0	10000.0	140000.0	140000.0
rep2	M7	TriComm PVB 16x MIC	PVB 16x MIC	PVB	16	234.0	KAN	PL	3.0	300000.0	100000.0	10000.0	300000.0	300000.0
rep2	M7	TriComm PVB 16x MIC	PVB 16x MIC	PVB	16	234.0	KAN	PM	1.0	99999.99999999999	99999.99999999999	10000.0	99999.99999999999	99999.99999999999
rep2	M7	TriComm PVB 16x MIC	PVB 16x MIC	PVB	16	258.0	AMP	LM	15.0	1500.0	100.0	100.0	1500.0	1500.0
rep2	M7	TriComm PVB 16x MIC	PVB 16x MIC	PVB	16	258.0	AMP	PL	0.0	0.0		100.0	50.0	
rep2	M7	TriComm PVB 16x MIC	PVB 16x MIC	PVB	16	258.0	AMP	PM	0.0	0.0		100.0	50.0	
rep2	M7	TriComm PVB 16x MIC	PVB 16x MIC	PVB	16	258.0	KAN	LM	5.0	5000.0	1000.0	1000.0	5000.0	5000.0
rep2	M7	TriComm PVB 16x MIC	PVB 16x MIC	PVB	16	258.0	KAN	PL	4.0	4000.0	1000.0	1000.0	4000.0	4000.0
rep2	M7	TriComm PVB 16x MIC	PVB 16x MIC	PVB	16	258.0	KAN	PM	5.0	5000.0	1000.0	1000.0	5000.0	5000.0
rep2	M7	TriComm PVB 16x MIC	PVB 16x MIC	PVB	16	282.0	AMP	LM	9.0	900.0	100.0	100.0	900.0	900.0
rep2	M7	TriComm PVB 16x MIC	PVB 16x MIC	PVB	16	282.0	AMP	PL	0.0	0.0		100.0	50.0	
rep2	M7	TriComm PVB 16x MIC	PVB 16x MIC	PVB	16	282.0	AMP	PM	0.0	0.0		100.0	50.0	
rep2	M7	TriComm PVB 16x MIC	PVB 16x MIC	PVB	16	282.0	KAN	LM	7.0	700.0	100.0	100.0	700.0	700.0
rep2	M7	TriComm PVB 16x MIC	PVB 16x MIC	PVB	16	282.0	KAN	PL	7.0	700.0	100.0	100.0	700.0	700.0
rep2	M7	TriComm PVB 16x MIC	PVB 16x MIC	PVB	16	282.0	KAN	PM	24.0	2400.0	100.0	100.0	2400.0	2400.0
rep2	M7	TriComm PVB 16x MIC	PVB 16x MIC	PVB	16	306.0	AMP	LM	0.0	0.0		100.0	50.0	
rep2	M7	TriComm PVB 16x MIC	PVB 16x MIC	PVB	16	306.0	AMP	PL	0.0	0.0		100.0	50.0	
rep2	M7	TriComm PVB 16x MIC	PVB 16x MIC	PVB	16	306.0	AMP	PM	0.0	0.0		100.0	50.0	
rep2	M7	TriComm PVB 16x MIC	PVB 16x MIC	PVB	16	306.0	KAN	LM	4.0	400.0	100.0	100.0	400.0	400.0
rep2	M7	TriComm PVB 16x MIC	PVB 16x MIC	PVB	16	306.0	KAN	PL	3.0	300.0	100.0	100.0	300.0	300.0
rep2	M7	TriComm PVB 16x MIC	PVB 16x MIC	PVB	16	306.0	KAN	PM	27.0	2700.0	100.0	100.0	2700.0	2700.0
