run	epsilon	time	Ar	Bs	Br	Cs	Cr
run001	0.01	1	10	10	0	10	0
run001	0.01	5	7.607236953	8.140442629	0	7.790739767	0
run001	0.01	9	5.841417516	8.337899708	0	6.709770744	0
run001	0.01	13	4.501278227	9.568797162	0	6.368645345	0
run001	0.01	17	3.463499277	10.67374613	0	6.515097707	0
run001	0.01	21	2.659201329	11.28983329	0	6.988180693	0
run001	0.01	25	2.039376652	11.68094038	0	7.604174735	0
run001	0.01	29	1.563610249	12.09211709	0	8.19413431	0
run001	0.01	33	1.19914127	12.58364554	0	8.674876876	0
run001	0.01	37	0.9202994512	13.11389147	0	9.043830701	0
run001	0.01	41	0.7072232245	13.621924	0	9.326891674	0
run001	0.01	45	0.5445993811	14.06087693	0	9.541384352	0
run001	0.01	49	0.4206553014	14.39765381	0	9.685881578	0
run001	0.01	53	0.3263727691	14.60226704	0	9.743008899	0
run001	0.01	57	0.2548716819	14.63962929	0	9.685006233	0
run001	0.01	61	0.2009272729	14.46770655	0	9.479710711	0
run001	0.01	65	0.1605926562	14.04325339	0	9.098525675	0
run001	0.01	69	0.1309029045	13.33579211	0	8.527744614	0
run001	0.01	73	0.1096427236	12.34699629	0	7.78069497	0
run001	0.01	77	0.09516959525	11.12522342	0	6.902994588	0
run001	0.01	81	0.08629366499	9.761676658	0	5.963768552	0
run001	0.01	85	0.0822147224	8.365699263	0	5.035656301	0
run001	0.01	89	0.08250470012	7.03410678	0	4.175909656	0
run001	0.01	93	0.08711691332	5.832328638	0	3.418159706	0
run001	0.01	97	0.09641029563	4.792151286	0	2.774545946	0
run001	0.01	101	0.111188377	3.919563076	0	2.24250974	0
run001	0.01	105	0.1327566868	3.204857234	0	1.811546267	0
run001	0.01	109	0.1629967817	2.630841141	0	1.468052084	0
run001	0.01	113	0.2044423419	2.17824163	0	1.198221745	0
run001	0.01	117	0.2603223815	1.828838591	0	0.9895516334	0
run001	0.01	121	0.3345060117	1.567159883	0	0.8315194765	0
run001	0.01	125	0.431242219	1.381459823	0	0.7158596834	0
run001	0.01	129	0.5545467479	1.26455254	0	0.6367244567	0
run001	0.01	133	0.7070766	1.215012923	0	0.590956479	0
run001	0.01	137	0.8884061001	1.2393185	0	0.5787117087	0
run001	0.01	141	1.092836238	1.355598386	0	0.6047714352	0
run001	0.01	145	1.307234241	1.59927737	0	0.6810723148	0
run001	0.01	149	1.50982228	2.02820023	0	0.831159202	0
run001	0.01	153	1.671284261	2.715571659	0	1.096884936	0
run001	0.01	157	1.760238482	3.704171074	0	1.545076504	0
run001	0.01	161	1.755034278	4.915158566	0	2.264023223	0
run001	0.01	165	1.658059772	6.118596784	0	3.32624185	0
run001	0.01	169	1.498281823	7.093520296	0	4.696882519	0
run001	0.01	173	1.314570169	7.803291196	0	6.148241348	0
run001	0.01	177	1.136401707	8.347386995	0	7.339664998	0
run001	0.01	181	0.9785470576	8.808689611	0	8.039406052	0
run001	0.01	185	0.8459297684	9.185490064	0	8.22561885	0
run001	0.01	189	0.7389725641	9.417790465	0	8.007759706	0
run001	0.01	193	0.6563660169	9.443968054	0	7.522738978	0
run001	0.01	197	0.5962084514	9.241409082	0	6.886333325	0
run001	0.01	201	0.5565343285	8.83554287	0	6.185077408	0
run001	0.01	205	0.5356201869	8.285213262	0	5.480871872	0
run001	0.01	209	0.5321626474	7.660687983	0	4.816026195	0
run001	0.01	213	0.5453400334	7.026328474	0	4.217022239	0
run001	0.01	217	0.5747497791	6.431984688	0	3.697963981	0
run001	0.01	221	0.6202101282	5.911660094	0	3.26411531	0
run001	0.01	225	0.6814164123	5.486176402	0	2.915257811	0
run001	0.01	229	0.757454729	5.167053345	0	2.648530825	0
run001	0.01	233	0.8462125417	4.959928764	0	2.460630709	0
run001	0.01	237	0.9437973299	4.866685277	0	2.349429827	0
run001	0.01	241	1.044171959	4.88588199	0	2.315125522	0
run001	0.01	245	1.139293623	5.011380373	0	2.360947351	0
run001	0.01	249	1.22001643	5.229632684	0	2.493241364	0
run001	0.01	253	1.277793233	5.51724475	0	2.720409568	0
run001	0.01	257	1.306784929	5.841587457	0	3.04979489	0
run001	0.01	261	1.305552214	6.166650619	0	3.481601263	0
run001	0.01	265	1.277454861	6.462732046	0	4.000286663	0
run001	0.01	269	1.229466382	6.714289547	0	4.567266554	0
run001	0.01	273	1.170014402	6.920460207	0	5.121994116	0
run001	0.01	277	1.106939025	7.088315853	0	5.595801499	0
run001	0.01	281	1.046344289	7.224236037	0	5.932930193	0
run001	0.01	285	0.9924032704	7.328894135	0	6.106064755	0
run001	0.01	289	0.9477097953	7.397593588	0	6.118560361	0
run001	0.01	293	0.9137532963	7.424187234	0	5.996034315	0
run001	0.01	297	0.8912974385	7.405596718	0	5.774809753	0
run001	0.01	301	0.8806159483	7.344642846	0	5.492598131	0
run001	0.01	305	0.8816097135	7.250384176	0	5.18300571	0
run001	0.01	309	0.8938366965	7.136460356	0	4.873238108	0
run001	0.01	313	0.9164780273	7.018520942	0	4.583830465	0
run001	0.01	317	0.9482617396	6.911707333	0	4.329431376	0
run001	0.01	321	0.98737377	6.828708522	0	4.12000104	0
run001	0.01	325	1.031399545	6.778493046	0	3.962041149	0
run001	0.01	329	1.077350297	6.765610121	0	3.859635006	0
run001	0.01	333	1.12182516	6.789951107	0	3.815165238	0
run001	0.01	337	1.16133282	6.84697527	0	3.82962033	0
run001	0.01	341	1.192743075	6.928504481	0	3.902429255	0
run001	0.01	345	1.213773826	7.024159005	0	4.030814845	0
run001	0.01	349	1.223374818	7.123288671	0	4.208778173	0
run001	0.01	353	1.221879732	7.216943611	0	4.426040816	0
run001	0.01	357	1.210872113	7.299256495	0	4.667516004	0
run001	0.01	361	1.192815713	7.367774114	0	4.913959997	0
run001	0.01	365	1.170579314	7.422740882	0	5.144144244	0
run001	0.01	369	1.146999028	7.465809031	0	5.33818693	0
run001	0.01	373	1.124571416	7.498827876	0	5.480988516	0
run001	0.01	377	1.105298392	7.523180419	0	5.564566009	0
run001	0.01	381	1.09065076	7.539769549	0	5.588612559	0
run001	0.01	385	1.081597802	7.549443863	0	5.559415173	0
run001	0.01	389	1.078658005	7.553525231	0	5.487811175	0
run001	0.01	393	1.081944404	7.554150075	0	5.386949311	0
run001	0.01	397	1.091195523	7.554280834	0	5.270387997	0
run001	0.01	401	1.105795206	7.55739496	0	5.150755639	0
run001	0.01	405	1.124792055	7.566960201	0	5.038966495	0
run001	0.01	409	1.146932859	7.585843573	0	4.943867932	0
run001	0.01	413	1.170724368	7.615794103	0	4.872161004	0
run001	0.01	417	1.194533293	7.657107988	0	4.828452492	0
run001	0.01	421	1.216725169	7.708546537	0	4.815333021	0
run001	0.01	425	1.235829453	7.767531127	0	4.833420159	0
run001	0.01	429	1.250705334	7.830585903	0	4.881354236	0
run001	0.01	433	1.260675181	7.893938729	0	4.955783837	0
run001	0.01	437	1.265595319	7.954143017	0	5.051421355	0
run001	0.01	441	1.265847623	8.008571922	0	5.161271254	0
run001	0.01	445	1.26225572	8.055677443	0	5.277115636	0
run001	0.01	449	1.25594815	8.094988698	0	5.390274089	0
run001	0.01	453	1.248200569	8.126910375	0	5.492553235	0
run001	0.01	457	1.24028733	8.152434096	0	5.577209291	0
run001	0.01	461	1.233362626	8.172873213	0	5.639713923	0
run001	0.01	465	1.2283787	8.189686425	0	5.678161025	0
run001	0.01	469	1.226038516	8.204396631	0	5.693257715	0
run001	0.01	473	1.226775251	8.218567625	0	5.687954649	0
run001	0.01	477	1.230750488	8.233786108	0	5.666843914	0
run001	0.01	481	1.23786543	8.251607913	0	5.635470163	0
run001	0.01	485	1.247782675	8.273453289	0	5.599674199	0
run001	0.01	489	1.259958805	8.300463381	0	5.565041735	0
run001	0.01	493	1.273689235	8.333349387	0	5.536484931	0
run001	0.01	497	1.288166271	8.372273289	0	5.517952403	0
run001	0.01	501	1.302549008	8.416794573	0	5.512247244	0
run001	0.01	505	1.316040485	8.465904252	0	5.520931147	0
run001	0.01	509	1.327963973	8.518147264	0	5.544298881	0
run001	0.01	513	1.337828265	8.571814028	0	5.581419011	0
run001	0.01	517	1.345371986	8.625165047	0	5.630246169	0
run001	0.01	521	1.350579902	8.676645075	0	5.687814001	0
run001	0.01	525	1.353669221	8.725048241	0	5.750512467	0
run001	0.01	529	1.35504945	8.769611093	0	5.81443862	0
run001	0.01	533	1.355263793	8.810031094	0	5.875790159	0
run001	0.01	537	1.354922142	8.846425805	0	5.931253564	0
run001	0.01	541	1.354635277	8.879257086	0	5.978331264	0
run001	0.01	545	1.35495756	8.909243515	0	6.015559711	0
run001	0.01	549	1.356342401	8.937275885	0	6.042590567	0
run001	0.01	553	1.35911207	8.964340598	0	6.060133749	0
run001	0.01	557	1.363441631	8.991448584	0	6.069784968	0
run001	0.01	561	1.369355878	9.019565361	0	6.073775694	0
run001	0.01	565	1.37673793	9.049540469	0	6.074687627	0
run001	0.01	569	1.38534819	9.082039415	0	6.075169126	0
run001	0.01	573	1.39485224	9.117485836	0	6.077681477	0
run001	0.01	577	1.404855842	9.15602377	0	6.084292452	0
run001	0.01	581	1.414944487	9.197508607	0	6.096525855	0
run001	0.01	585	1.424724065	9.241531156	0	6.115270016	0
run001	0.01	589	1.433858614	9.287473339	0	6.14074544	0
run001	0.01	593	1.442100969	9.334587425	0	6.172529368	0
run001	0.01	597	1.449312756	9.382086667	0	6.209634208	0
run001	0.01	601	1.455471618	9.429233256	0	6.250633472	0
run001	0.01	605	1.460665248	9.475411378	0	6.293825183	0
run001	0.01	609	1.465073862	9.520177313	0	6.337417478	0
run001	0.01	613	1.468944073	9.563283859	0	6.379717175	0
run001	0.01	617	1.472558087	9.604681106	0	6.419299915	0
run001	0.01	621	1.476202162	9.64449843	0	6.45514214	0
run001	0.01	625	1.480137773	9.683013491	0	6.486700507	0
run001	0.01	629	1.484578071	9.720613244	0	6.513932058	0
run001	0.01	633	1.489671248	9.75775072	0	6.537257392	0
run001	0.01	637	1.495491567	9.79490031	0	6.557476353	0
run001	0.01	641	1.502038071	9.832513981	0	6.575650989	0
run001	0.01	645	1.509240457	9.870981175	0	6.592972317	0
run001	0.01	649	1.516971111	9.910595623	0	6.610626914	0
run001	0.01	653	1.525061894	9.951532391	0	6.629676851	0
run001	0.01	657	1.533323932	9.993837849	0	6.65096313	0
run001	0.01	661	1.541568353	10.03743383	0	6.675039271	0
run001	0.01	665	1.549625863	10.08213539	0	6.702138596	0
run001	0.01	669	1.557363086	10.1276794	0	6.732175508	0
run001	0.01	673	1.564694031	10.17375981	0	6.764778524	0
run001	0.01	677	1.571585643	10.22006458	0	6.799350149	0
run001	0.01	681	1.578057167	10.26630949	0	6.835146347	0
run001	0.01	685	1.584173801	10.31226521	0	6.871366575	0
run001	0.01	689	1.590035836	10.35777528	0	6.907244137	0
run001	0.01	693	1.59576488	10.40276429	0	6.942126816	0
run001	0.01	697	1.601488993	10.44723699	0	6.975539196	0
run001	0.01	701	1.607328455	10.49126952	0	7.007220528	0
run001	0.01	705	1.61338363	10.53499473	0	7.037135538	0
run001	0.01	709	1.619726048	10.57858351	0	7.065458965	0
run001	0.01	713	1.626393264	10.62222409	0	7.092538106	0
run001	0.01	717	1.633387775	10.66610137	0	7.118839213	0
run001	0.01	721	1.640679734	10.71037804	0	7.144885678	0
run001	0.01	725	1.648212874	10.7551795	0	7.171195549	0
run001	0.01	729	1.655912833	10.8005837	0	7.198225183	0
run001	0.01	733	1.663696793	10.84661701	0	7.226324659	0
run001	0.01	737	1.671483324	10.8932561	0	7.255708625	0
run001	0.01	741	1.679201332	10.94043536	0	7.286444408	0
run001	0.01	745	1.686797149	10.98805845	0	7.318457318	0
run001	0.01	749	1.694239091	11.03601228	0	7.351551221	0
run001	0.01	753	1.701519153	11.08418145	0	7.385441039	0
run001	0.01	757	1.708651851	11.13246156	0	7.419792706	0
run001	0.01	761	1.715670574	11.18076966	0	7.454265513	0
run001	0.01	765	1.722622091	11.22905129	0	7.488551798	0
run001	0.01	769	1.729560008	11.27728351	0	7.522409554	0
run001	0.01	773	1.736538024	11.32547423	0	7.555684612	0
run001	0.01	777	1.743603785	11.37365817	0	7.58832075	0
run001	0.01	781	1.750793983	11.42189037	0	7.620357322	0
run001	0.01	785	1.758131158	11.47023807	0	7.651915823	0
run001	0.01	789	1.765622415	11.51877207	0	7.683178119	0
run001	0.01	793	1.773260027	11.56755841	0	7.71435952	0
run001	0.01	797	1.78102371	11.61665147	0	7.745680389	0
run001	0.01	801	1.788884153	11.6660889	0	7.777339818	0
run001	0.01	805	1.796807309	11.71588906	0	7.809494202	0
run001	0.01	809	1.804758861	11.76605095	0	7.84224284	0
run001	0.01	813	1.812708339	11.81655639	0	7.875621578	0
run001	0.01	817	1.820632411	11.86737412	0	7.909604627	0
run001	0.01	821	1.828517022	11.91846496	0	7.944113546	0
run001	0.01	825	1.836358245	11.96978743	0	7.979031703	0
run001	0.01	829	1.844161805	12.02130304	0	8.014222144	0
run001	0.01	833	1.851941467	12.07298065	0	8.049546278	0
run001	0.01	837	1.859716624	12.12479949	0	8.084880979	0
run001	0.01	841	1.867509403	12.17675062	0	8.120132314	0
run001	0.01	845	1.87534171	12.22883683	0	8.155244295	0
run001	0.01	849	1.883232591	12.28107115	0	8.190202168	0
run001	0.01	853	1.891196184	12.33347433	0	8.225030259	0
run001	0.01	857	1.899240478	12.38607161	0	8.259785102	0
run001	0.01	861	1.907366941	12.43888934	0	8.294545283	0
run001	0.01	865	1.915571001	12.4919517	0	8.329399455	0
run001	0.01	869	1.923843226	12.54527817	0	8.364434282	0
run001	0.01	873	1.932171006	12.59888169	0	8.399723807	0
run001	0.01	877	1.940540469	12.6527679	0	8.435321469	0
run001	0.01	881	1.948938374	12.70693535	0	8.471255523	0
run001	0.01	885	1.95735375	12.76137657	0	8.507528001	0
run001	0.01	889	1.965779079	12.81607978	0	8.544117334	0
run001	0.01	893	1.974210938	12.87103096	0	8.580983547	0
run001	0.01	897	1.982650026	12.92621603	0	8.618075432	0
run001	0.01	901	1.991100688	12.9816227	0	8.655338391	0
run001	0.01	905	1.999569993	13.03724198	0	8.692721972	0
run001	0.01	909	2.008066564	13.09306907	0	8.730186104	0
run001	0.01	913	2.016599314	13.14910364	0	8.767705323	0
run001	0.01	917	2.025176278	13.20534951	0	8.805270669	0
run001	0.01	921	2.033803673	13.26181383	0	8.842889227	0
run001	0.01	925	2.042485292	13.31850591	0	8.880581588	0
run001	0.01	929	2.051222269	13.37543595	0	8.918377746	0
run001	0.01	933	2.060013245	13.43261371	0	8.956312148	0
run001	0.01	937	2.06885483	13.49004748	0	8.994418755	0
run001	0.01	941	2.07774228	13.54774326	0	9.03272663	0
run001	0.01	945	2.086670307	13.6057044	0	9.07125665	0
run001	0.01	949	2.095633859	13.66393158	0	9.11001968	0
run001	0.01	953	2.104628805	13.72242316	0	9.149016272	0
run001	0.01	957	2.113652408	13.78117583	0	9.188237843	0
run001	0.01	961	2.122703573	13.84018534	0	9.227668937	0
run001	0.01	965	2.131782839	13.89944733	0	9.267290187	0
run001	0.01	969	2.14089215	13.95895808	0	9.307081525	0
run001	0.01	973	2.150034461	14.01871507	0	9.347025119	0
run001	0.01	977	2.159213238	14.07871731	0	9.387107698	0
run001	0.01	981	2.168431957	14.13896545	0	9.427321963	0
run001	0.01	985	2.177693636	14.19946167	0	9.467667065	0
run001	0.01	989	2.187000492	14.26020933	0	9.508148119	0
run001	0.01	993	2.196353745	14.32121255	0	9.548774868	0
run001	0.01	997	2.205753581	14.3824757	0	9.589559885	0
run001	0.01	1001	2.215199271	14.44400292	0	9.630516586	0
run001	0.01	1005	2.2246894	14.50579774	0	9.671657347	0
run001	0.01	1009	2.234222163	14.56786283	0	9.712991959	0
run001	0.01	1013	2.243795697	14.63019988	0	9.754526638	0
run001	0.01	1017	2.253408371	14.69280965	0	9.796263652	0
run001	0.01	1021	2.263059023	14.7556921	0	9.838201595	0
run001	0.01	1025	2.272747093	14.81884671	0	9.880336091	0
run001	0.01	1029	2.282472665	14.88227269	0	9.922660881	0
run001	0.01	1033	2.292236404	14.94596936	0	9.965169081	0
run001	0.01	1037	2.302039419	15.00993637	0	10.00785441	0
run001	0.01	1041	2.311883071	15.07417385	0	10.05071214	0
run001	0.01	1045	2.321768775	15.13868255	0	10.09373968	0
run001	0.01	1049	2.331697814	15.20346376	0	10.13693686	0
run001	0.01	1053	2.34167119	15.26851931	0	10.18030575	0
run001	0.01	1057	2.351689536	15.33385132	0	10.22385024	0
run001	0.01	1061	2.361753091	15.39946211	0	10.26757531	0
run001	0.01	1065	2.371861747	15.46535396	0	10.3114863	0
run001	0.01	1069	2.382015129	15.531529	0	10.35558815	0
run001	0.01	1073	2.392212711	15.59798906	0	10.39988489	0
run001	0.01	1077	2.402453944	15.66473563	0	10.44437919	0
run001	0.01	1081	2.412738363	15.73176987	0	10.48907233	0
run001	0.01	1085	2.42306568	15.79909266	0	10.53396423	0
run001	0.01	1089	2.433435833	15.86670466	0	10.57905378	0
run001	0.01	1093	2.443848998	15.93460645	0	10.62433925	0
run001	0.01	1097	2.454305564	16.00279864	0	10.66981881	0
run001	0.01	1100	2.462176791	16.05413378	0	10.70405489	0
run002	0.01584893192	1	10	10	0	10	0
run002	0.01584893192	5	7.607233333	8.138563928	0	7.788964064	0
run002	0.01584893192	9	5.841398321	8.334009856	0	6.706722018	0
run002	0.01584893192	13	4.501247779	9.562409146	0	6.364307977	0
run002	0.01584893192	17	3.463466828	10.6649825	0	6.509247147	0
run002	0.01584893192	21	2.659168728	11.27880373	0	6.98058786	0
run002	0.01584893192	25	2.039342839	11.66742249	0	7.594777508	0
run002	0.01584893192	29	1.563574596	12.07586094	0	8.182997142	0
run002	0.01584893192	33	1.199103135	12.56455734	0	8.662047108	0
run002	0.01584893192	37	0.9202577785	13.09202412	0	9.029313241	0
run002	0.01584893192	41	0.707176615	13.59742611	0	9.310730714	0
run002	0.01584893192	45	0.5445460945	14.03400331	0	9.523751931	0
run002	0.01584893192	49	0.4205930739	14.36884549	0	9.667142958	0
run002	0.01584893192	53	0.326298499	14.57226556	0	9.723776713	0
run002	0.01584893192	57	0.2547810067	14.60958923	0	9.666183712	0
run002	0.01584893192	61	0.2008140401	14.43925655	0	9.462489337	0
run002	0.01584893192	65	0.1604483146	14.01841428	0	9.084268132	0
run002	0.01584893192	69	0.1307158826	13.31663794	0	8.517691829	0
run002	0.01584893192	73	0.1093978214	12.33504697	0	7.775545929	0
run002	0.01584893192	77	0.0948471705	11.12082733	0	6.902587631	0
run002	0.01584893192	81	0.0858680255	9.763822994	0	5.967122418	0
run002	0.01584893192	85	0.08165099888	8.372439309	0	5.041365892	0
run002	0.01584893192	89	0.08175370807	7.043266979	0	4.182611709	0
run002	0.01584893192	93	0.08610772092	5.842061821	0	3.424812288	0
run002	0.01584893192	97	0.09504006893	4.801149024	0	2.780485058	0
run002	0.01584893192	101	0.1093087666	3.927015796	0	2.247377216	0
run002	0.01584893192	105	0.130155952	3.210310823	0	1.815183532	0
run002	0.01584893192	109	0.1593773347	2.634044734	0	1.470406946	0
run002	0.01584893192	113	0.1993948418	2.179020184	0	1.199279532	0
run002	0.01584893192	117	0.2533006005	1.826988828	0	0.9892856265	0
run002	0.01584893192	121	0.3248122903	1.562352785	0	0.8298505336	0
run002	0.01584893192	125	0.4180420189	1.373123989	0	0.7126131966	0
run002	0.01584893192	129	0.5369415191	1.251700974	0	0.6315697735	0
run002	0.01584893192	133	0.6842718984	1.195954917	0	0.5833065769	0
run002	0.01584893192	137	0.8600058398	1.211166009	0	0.5675454745	0
run002	0.01584893192	141	1.059260071	1.313454406	0	0.5883124328	0
run002	0.01584893192	145	1.27018587	1.535110732	0	0.6562168082	0
run002	0.01584893192	149	1.472636327	1.930108676	0	0.7925209563	0
run002	0.01584893192	153	1.638837582	2.570232141	0	1.035455663	0
run002	0.01584893192	157	1.737919915	3.507470934	0	1.447175562	0
run002	0.01584893192	161	1.746429587	4.687820169	0	2.113006954	0
run002	0.01584893192	165	1.662554722	5.901390096	0	3.111857414	0
run002	0.01584893192	169	1.511363792	6.912985818	0	4.433719311	0
run002	0.01584893192	173	1.330945868	7.654197911	0	5.884599137	0
run002	0.01584893192	177	1.152470272	8.212045947	0	7.131396342	0
run002	0.01584893192	181	0.9925792941	8.678942307	0	7.913992657	0
run002	0.01584893192	185	0.8572552817	9.06726429	0	8.178194189	0
run002	0.01584893192	189	0.7473673348	9.32393003	0	8.018727947	0
run002	0.01584893192	193	0.6617804954	9.385064313	0	7.571715174	0
run002	0.01584893192	197	0.5986538206	9.220461251	0	6.956953811	0
run002	0.01584893192	201	0.5560189595	8.847700065	0	6.265162858	0
run002	0.01584893192	205	0.5321049549	8.320668115	0	5.561583504	0
run002	0.01584893192	209	0.5255311442	7.70814332	0	4.891188022	0
run002	0.01584893192	213	0.5353871393	7.07546053	0	4.282610781	0
run002	0.01584893192	217	0.5611946408	6.474540865	0	3.751604189	0
run002	0.01584893192	221	0.602741154	5.94153216	0	3.304552432	0
run002	0.01584893192	225	0.6597763918	5.498955123	0	2.94185357	0
run002	0.01584893192	229	0.7315708798	5.159461327	0	2.660825536	0
run002	0.01584893192	233	0.8163648408	4.929378439	0	2.457980171	0
run002	0.01584893192	237	0.910795292	4.811117287	0	2.330705286	0
run002	0.01584893192	241	1.009477755	4.803998956	0	2.278469814	0
run002	0.01584893192	245	1.10500217	4.903325186	0	2.303613942	0
run002	0.01584893192	249	1.188609252	5.097955943	0	2.411614432	0
run002	0.01584893192	253	1.251652952	5.367621005	0	2.610417685	0
run002	0.01584893192	257	1.287591245	5.682427833	0	2.908048471	0
run002	0.01584893192	261	1.293808501	6.007110354	0	3.307525851	0
run002	0.01584893192	265	1.27239265	6.309846016	0	3.79894449	0
run002	0.01584893192	269	1.229383408	6.571064009	0	4.351349938	0
run002	0.01584893192	273	1.172846155	6.786258532	0	4.910694128	0
run002	0.01584893192	277	1.110763057	6.961070168	0	5.409764693	0
run002	0.01584893192	281	1.049637508	7.102768518	0	5.787843737	0
run002	0.01584893192	285	0.9940672267	7.213963811	0	6.00875611	0
run002	0.01584893192	289	0.9469797067	7.291435669	0	6.06715256	0
run002	0.01584893192	293	0.9100915341	7.329179551	0	5.982738477	0
run002	0.01584893192	297	0.8843165012	7.322906747	0	5.789170512	0
run002	0.01584893192	301	0.8700374658	7.273453458	0	5.523921452	0
run002	0.01584893192	305	0.8672533629	7.187864392	0	5.22172187	0
run002	0.01584893192	309	0.8756330793	7.07829945	0	4.911439321	0
run002	0.01584893192	313	0.8945012729	6.959710292	0	4.615302587	0
run002	0.01584893192	317	0.922776249	6.847308884	0	4.349426616	0
run002	0.01584893192	321	0.9588845536	6.754479832	0	4.124913009	0
run002	0.01584893192	325	1.000688712	6.691347649	0	3.949082071	0
run002	0.01584893192	329	1.045476672	6.663935025	0	3.826579608	0
run002	0.01584893192	333	1.090064545	6.673785452	0	3.760208858	0
run002	0.01584893192	337	1.131047777	6.718006798	0	3.751392791	0
run002	0.01584893192	341	1.165194177	6.789810257	0	3.800199575	0
run002	0.01584893192	345	1.189912545	6.879650372	0	3.904897369	0
run002	0.01584893192	349	1.203677076	6.976932814	0	4.061086909	0
run002	0.01584893192	353	1.20627421	7.071974619	0	4.260629226	0
run002	0.01584893192	357	1.198785464	7.157651689	0	4.490823224	0
run002	0.01584893192	361	1.183312961	7.230179328	0	4.734462491	0
run002	0.01584893192	365	1.162546196	7.288817561	0	4.971286323	0
run002	0.01584893192	369	1.139309709	7.334783039	0	5.180806438	0
run002	0.01584893192	373	1.116206282	7.369964611	0	5.345753161	0
run002	0.01584893192	377	1.095405507	7.396005476	0	5.454955691	0
run002	0.01584893192	381	1.078564909	7.414012676	0	5.504706748	0
run002	0.01584893192	385	1.066837512	7.424809891	0	5.498386219	0
run002	0.01584893192	389	1.060917267	7.42944179	0	5.444809949	0
run002	0.01584893192	393	1.061088467	7.429615156	0	5.356057064	0
run002	0.01584893192	397	1.067263217	7.427869678	0	5.245419133	0
run002	0.01584893192	401	1.079005164	7.427420422	0	5.12582668	0
run002	0.01584893192	405	1.095546784	7.431737082	0	5.008839977	0
run002	0.01584893192	409	1.115812566	7.443989052	0	4.904125734	0
run002	0.01584893192	413	1.138462237	7.466496626	0	4.819275044	0
run002	0.01584893192	417	1.161966169	7.500307328	0	4.759813548	0
run002	0.01584893192	421	1.184718881	7.544983419	0	4.729282968	0
run002	0.01584893192	425	1.205185633	7.598647127	0	4.729311681	0
run002	0.01584893192	429	1.222064411	7.658285163	0	4.759637175	0
run002	0.01584893192	433	1.234434934	7.72025943	0	4.818089359	0
run002	0.01584893192	437	1.241863154	7.780916306	0	4.900589563	0
run002	0.01584893192	441	1.244437054	7.837153378	0	5.001255044	0
run002	0.01584893192	445	1.242725984	7.886812034	0	5.112706548	0
run002	0.01584893192	449	1.237675206	7.928822172	0	5.226640574	0
run002	0.01584893192	453	1.230462043	7.963109971	0	5.334647198	0
run002	0.01584893192	457	1.222344709	7.990352676	0	5.429154928	0
run002	0.01584893192	461	1.214529445	8.011694129	0	5.504312381	0
run002	0.01584893192	465	1.208070364	8.028513809	0	5.556613745	0
run002	0.01584893192	469	1.203804798	8.042290707	0	5.585145334	0
run002	0.01584893192	473	1.202319181	8.054549904	0	5.591439748	0
run002	0.01584893192	477	1.203937445	8.066847455	0	5.579021643	0
run002	0.01584893192	481	1.208724749	8.080744751	0	5.552780202	0
run002	0.01584893192	485	1.216502158	8.097740729	0	5.518303055	0
run002	0.01584893192	489	1.226870906	8.119156598	0	5.481271632	0
run002	0.01584893192	493	1.239247064	8.145991635	0	5.446971932	0
run002	0.01584893192	497	1.252908091	8.17878342	0	5.419934953	0
run002	0.01584893192	501	1.267051711	8.217509169	0	5.403695286	0
run002	0.01584893192	505	1.280865112	8.261557974	0	5.400646065	0
run002	0.01584893192	509	1.293599177	8.309788999	0	5.411969504	0
run002	0.01584893192	513	1.304639453	8.360671377	0	5.437630682	0
run002	0.01584893192	517	1.313564075	8.412482657	0	5.476433204	0
run002	0.01584893192	521	1.320179735	8.463528598	0	5.526143723	0
run002	0.01584893192	525	1.324530069	8.512342772	0	5.583694143	0
run002	0.01584893192	529	1.326875886	8.557831832	0	5.6454633	0
run002	0.01584893192	533	1.327651722	8.599348682	0	5.70762452	0
run002	0.01584893192	537	1.327406951	8.63669544	0	5.766526425	0
run002	0.01584893192	541	1.326741093	8.670073529	0	5.819058883	0
run002	0.01584893192	545	1.326242027	8.700004941	0	5.862951445	0
run002	0.01584893192	549	1.326433441	8.727245804	0	5.896961099	0
run002	0.01584893192	553	1.32773495	8.752704838	0	5.920927026	0
run002	0.01584893192	557	1.330435928	8.777369826	0	5.935695285	0
run002	0.01584893192	561	1.334682556	8.802239119	0	5.942938193	0
run002	0.01584893192	565	1.34047691	8.828254036	0	5.944905798	0
run002	0.01584893192	569	1.347686802	8.856230946	0	5.944149375	0
run002	0.01584893192	573	1.356065124	8.886796616	0	5.943251433	0
run002	0.01584893192	577	1.36527738	8.920334476	0	5.944587226	0
run002	0.01584893192	581	1.374935639	8.956951182	0	5.950132905	0
run002	0.01584893192	585	1.384636463	8.996471299	0	5.961327337	0
run002	0.01584893192	589	1.393999584	9.038464038	0	5.978990076	0
run002	0.01584893192	593	1.402703496	9.082299742	0	6.003294626	0
run002	0.01584893192	597	1.410514074	9.127228443	0	6.033795341	0
run002	0.01584893192	601	1.417302966	9.172468409	0	6.069504647	0
run002	0.01584893192	605	1.423053808	9.217291396	0	6.109014906	0
run002	0.01584893192	609	1.427856004	9.261092944	0	6.150655407	0
run002	0.01584893192	613	1.431887597	9.303440213	0	6.19267037	0
run002	0.01584893192	617	1.435390122	9.344094875	0	6.233399775	0
run002	0.01584893192	621	1.438639087	9.383013108	0	6.27144296	0
run002	0.01584893192	625	1.441913824	9.420327459	0	6.30578623	0
run002	0.01584893192	629	1.445469917	9.456316186	0	6.335880693	0
run002	0.01584893192	633	1.449516654	9.49136498	0	6.361663709	0
run002	0.01584893192	637	1.454200988	9.525924721	0	6.383525789	0
run002	0.01584893192	641	1.459598736	9.560467889	0	6.402231628	0
run002	0.01584893192	645	1.46571303	9.595445929	0	6.418809114	0
run002	0.01584893192	649	1.472479548	9.631250109	0	6.434421859	0
run002	0.01584893192	653	1.479777617	9.668178859	0	6.450240539	0
run002	0.01584893192	657	1.487445905	9.706414765	0	6.467325976	0
run002	0.01584893192	661	1.495301095	9.746013751	0	6.486533646	0
run002	0.01584893192	665	1.503157688	9.786907974	0	6.508446416	0
run002	0.01584893192	669	1.510846916	9.828921909	0	6.533338828	0
run002	0.01584893192	673	1.518232846	9.871799295	0	6.56117368	0
run002	0.01584893192	677	1.525224085	9.915237086	0	6.591629088	0
run002	0.01584893192	681	1.531779983	9.958921681	0	6.62415196	0
run002	0.01584893192	685	1.537910968	10.00256276	0	6.658031411	0
run002	0.01584893192	689	1.543673366	10.04592096	0	6.692483949	0
run002	0.01584893192	693	1.549159695	10.088827	0	6.726741015	0
run002	0.01584893192	697	1.554485896	10.13119134	0	6.760129341	0
run002	0.01584893192	701	1.559777177	10.17300467	0	6.792135518	0
run002	0.01584893192	705	1.565154137	10.2143306	0	6.822448472	0
run002	0.01584893192	709	1.570720602	10.25529224	0	6.850976458	0
run002	0.01584893192	713	1.576554271	10.2960545	0	6.877838625	0
run002	0.01584893192	717	1.58270087	10.33680403	0	6.903334123	0
run002	0.01584893192	721	1.589172107	10.37772884	0	6.927894174	0
run002	0.01584893192	725	1.59594729	10.41899923	0	6.952024218	0
run002	0.01584893192	729	1.602978192	10.46075187	0	6.976243156	0
run002	0.01584893192	733	1.610196408	10.50307854	0	7.001026583	0
run002	0.01584893192	737	1.617522308	10.54602031	0	7.026759641	0
run002	0.01584893192	741	1.624874506	10.58956773	0	7.053703573	0
run002	0.01584893192	745	1.632178825	10.63366657	0	7.081978249	0
run002	0.01584893192	749	1.639375799	10.67822804	0	7.111561273	0
run002	0.01584893192	753	1.646425977	10.72314197	0	7.142302456	0
run002	0.01584893192	757	1.653312594	10.76829113	0	7.173951039	0
run002	0.01584893192	761	1.66004149	10.81356488	0	7.206191814	0
run002	0.01584893192	765	1.6666385	10.85887058	0	7.238685568	0
run002	0.01584893192	769	1.673144832	10.90414189	0	7.271109038	0
run002	0.01584893192	773	1.67961111	10.94934323	0	7.303189876	0
run002	0.01584893192	777	1.686090893	10.99447048	0	7.334732983	0
run002	0.01584893192	781	1.692634436	11.03954828	0	7.365635915	0
run002	0.01584893192	785	1.69928337	11.08462445	0	7.395892223	0
run002	0.01584893192	789	1.706066827	11.12976262	0	7.425583587	0
run002	0.01584893192	793	1.712999313	11.17503372	0	7.454862507	0
run002	0.01584893192	797	1.720080394	11.22050761	0	7.483928414	0
run002	0.01584893192	801	1.727296109	11.26624544	0	7.513000561	0
run002	0.01584893192	805	1.734621778	11.31229379	0	7.542291097	0
run002	0.01584893192	809	1.742025803	11.35868089	0	7.571981399	0
run002	0.01584893192	813	1.749473931	11.40541529	0	7.60220409	0
run002	0.01584893192	817	1.756933465	11.45248699	0	7.633032281	0
run002	0.01584893192	821	1.764376922	11.49987052	0	7.664476693	0
run002	0.01584893192	825	1.771784777	11.5475296	0	7.69649017	0
run002	0.01584893192	829	1.779147045	11.59542253	0	7.728978646	0
run002	0.01584893192	833	1.786463565	11.64350775	0	7.76181671	0
run002	0.01584893192	837	1.793743127	11.6917487	0	7.794865332	0
run002	0.01584893192	841	1.801001606	11.74011766	0	7.827989754	0
run002	0.01584893192	845	1.808259422	11.78859811	0	7.861075172	0
run002	0.01584893192	849	1.815538697	11.83718553	0	7.894038681	0
run002	0.01584893192	853	1.822860467	11.8858868	0	7.926836245	0
run002	0.01584893192	857	1.830242289	11.93471827	0	7.959464297	0
run002	0.01584893192	861	1.837696484	11.98370293	0	7.991956353	0
run002	0.01584893192	865	1.845229167	12.03286713	0	8.024375352	0
run002	0.01584893192	869	1.852840131	12.0822372	0	8.056803195	0
run002	0.01584893192	873	1.860523492	12.1318364	0	8.089328963	0
run002	0.01584893192	877	1.868268967	12.18168258	0	8.12203736	0
run002	0.01584893192	881	1.876063574	12.2317867	0	8.154998838	0
run002	0.01584893192	885	1.883893499	12.28215231	0	8.188262407	0
run002	0.01584893192	889	1.891745889	12.33277601	0	8.221851766	0
run002	0.01584893192	893	1.899610371	12.3836487	0	8.255764934	0
run002	0.01584893192	897	1.907480104	12.43475744	0	8.2899772	0
run002	0.01584893192	901	1.915352306	12.48608754	0	8.324446522	0
run002	0.01584893192	905	1.923228205	12.53762465	0	8.359120644	0
run002	0.01584893192	909	1.93111251	12.58935658	0	8.393944766	0
run002	0.01584893192	913	1.939012481	12.64127474	0	8.428868817	0
run002	0.01584893192	917	1.946936774	12.69337483	0	8.463853425	0
run002	0.01584893192	921	1.954894222	12.74565708	0	8.498873853	0
run002	0.01584893192	925	1.962892715	12.7981258	0	8.533921762	0
run002	0.01584893192	929	1.970938313	12.85078853	0	8.569004635	0
run002	0.01584893192	933	1.979034661	12.90365486	0	8.604143329	0
run002	0.01584893192	937	1.987182797	12.95673508	0	8.639367967	0
run002	0.01584893192	941	1.995381306	13.01003896	0	8.674713154	0
run002	0.01584893192	945	2.003626768	13.06357468	0	8.710213112	0
run002	0.01584893192	949	2.011914426	13.11734806	0	8.745897321	0
run002	0.01584893192	953	2.020238971	13.17136221	0	8.781787263	0
run002	0.01584893192	957	2.028595296	13.22561755	0	8.817894498	0
run002	0.01584893192	961	2.036979176	13.28011215	0	8.854220304	0
run002	0.01584893192	965	2.045387736	13.3348424	0	8.890756704	0
run002	0.01584893192	969	2.05381972	13.38980375	0	8.927488556	0
run002	0.01584893192	973	2.062275496	13.44499153	0	8.964396467	0
run002	0.01584893192	977	2.070756852	13.5004017	0	9.00145992	0
run002	0.01584893192	981	2.079266631	13.55603142	0	9.038660216	0
run002	0.01584893192	985	2.087808254	13.61187939	0	9.075982889	0
run002	0.01584893192	989	2.096385218	13.667946	0	9.113419243	0
run002	0.01584893192	993	2.105000644	13.72423318	0	9.150967043	0
run002	0.01584893192	997	2.113656906	13.78074412	0	9.188630176	0
run002	0.01584893192	1001	2.122355414	13.83748284	0	9.226417511	0
run002	0.01584893192	1005	2.131096549	13.89445364	0	9.264341216	0
run002	0.01584893192	1009	2.139879742	13.95166067	0	9.302414813	0
run002	0.01584893192	1013	2.148703679	14.00910751	0	9.340651256	0
run002	0.01584893192	1017	2.157566582	14.06679689	0	9.379061284	0
run002	0.01584893192	1021	2.166466527	14.12473053	0	9.417652272	0
run002	0.01584893192	1025	2.175401746	14.18290919	0	9.456427681	0
run002	0.01584893192	1029	2.184370876	14.2413328	0	9.495387132	0
run002	0.01584893192	1033	2.193373123	14.30000069	0	9.534526937	0
run002	0.01584893192	1037	2.202408336	14.35891189	0	9.573841104	0
run002	0.01584893192	1041	2.211476975	14.41806543	0	9.613322567	0
run002	0.01584893192	1045	2.220579997	14.47746065	0	9.652964418	0
run002	0.01584893192	1049	2.229718681	14.53709732	0	9.692760949	0
run002	0.01584893192	1053	2.238894437	14.59697583	0	9.732708411	0
run002	0.01584893192	1057	2.248108612	14.65709714	0	9.772805421	0
run002	0.01584893192	1061	2.257362328	14.71746276	0	9.813052983	0
run002	0.01584893192	1065	2.266656371	14.77807462	0	9.853454163	0
run002	0.01584893192	1069	2.275991136	14.83893485	0	9.894013499	0
run002	0.01584893192	1073	2.285366643	14.90004564	0	9.93473626	0
run002	0.01584893192	1077	2.294782596	14.96140908	0	9.975627701	0
run002	0.01584893192	1081	2.304238493	15.02302696	0	10.01669239	0
run002	0.01584893192	1085	2.313733738	15.08490079	0	10.05793375	0
run002	0.01584893192	1089	2.32326777	15.1470317	0	10.09935376	0
run002	0.01584893192	1093	2.332840157	15.20942048	0	10.14095295	0
run002	0.01584893192	1097	2.342450673	15.27206772	0	10.18273062	0
run002	0.01584893192	1100	2.349683581	15.319223	0	10.21418006	0
run003	0.02511886432	1	10	10	0	10	0
run003	0.02511886432	5	7.607227599	8.135587313	0	7.786150602	0
run003	0.02511886432	9	5.841367907	8.327848559	0	6.701892963	0
run003	0.02511886432	13	4.501199534	9.552293197	0	6.357439707	0
run003	0.02511886432	17	3.463415419	10.65110748	0	6.499985044	0
run003	0.02511886432	21	2.659117096	11.26134569	0	6.968569912	0
run003	0.02511886432	25	2.039289308	11.64603124	0	7.579905958	0
run003	0.02511886432	29	1.563518176	12.05014187	0	8.165375075	0
run003	0.02511886432	33	1.199042817	12.5343626	0	8.641750732	0
run003	0.02511886432	37	0.9201919033	13.05743819	0	9.006350864	0
run003	0.02511886432	41	0.7071029865	13.55868401	0	9.285171647	0
run003	0.02511886432	45	0.5444619865	13.99150635	0	9.495866014	0
run003	0.02511886432	49	0.4204949466	14.32328621	0	9.637503243	0
run003	0.02511886432	53	0.3261815139	14.52480675	0	9.693344296	0
run003	0.02511886432	57	0.25463837	14.56204062	0	9.636375526	0
run003	0.02511886432	61	0.2006361861	14.39417187	0	9.435175775	0
run003	0.02511886432	65	0.1602219678	13.97896743	0	9.06159329	0
run003	0.02511886432	69	0.1304231046	13.28610034	0	8.501619777	0
run003	0.02511886432	73	0.1090150845	12.31584325	0	7.767204333	0
run003	0.02511886432	77	0.09434413568	11.11356176	0	6.901759671	0
run003	0.02511886432	81	0.08520513157	9.766961775	0	5.972294021	0
run003	0.02511886432	85	0.08077474902	8.382946556	0	5.050334599	0
run003	0.02511886432	89	0.08058890332	7.057717778	0	4.193219536	0
run003	0.02511886432	93	0.08454623122	5.85752264	0	3.435397303	0
run003	0.02511886432	97	0.09292552519	4.815528594	0	2.789980514	0
run003	0.02511886432	101	0.1064160953	3.939014341	0	2.255203789	0
run003	0.02511886432	105	0.1261645341	3.219199615	0	1.821083522	0
run003	0.02511886432	109	0.1538372358	2.639427777	0	1.474297107	0
run003	0.02511886432	113	0.1916876048	2.180633887	0	1.201141876	0
run003	0.02511886432	117	0.2426004471	1.824540092	0	0.9890894434	0
run003	0.02511886432	121	0.3100615371	1.555370887	0	0.8274903495	0
run003	0.02511886432	125	0.3979669864	1.360788444	0	0.7078448336	0
run003	0.02511886432	129	0.5101509685	1.232591254	0	0.623922809	0
run003	0.02511886432	133	0.6494925622	1.167638128	0	0.5719414605	0
run003	0.02511886432	137	0.8165041393	1.169490464	0	0.551002008	0
run003	0.02511886432	141	1.007455293	1.251373805	0	0.5640562096	0
run003	0.02511886432	145	1.212365174	1.440975751	0	0.6198278565	0
run003	0.02511886432	149	1.413541344	1.786198587	0	0.7363160469	0
run003	0.02511886432	153	1.585695237	2.355097952	0	0.9464624739	0
run003	0.02511886432	157	1.699195408	3.209732246	0	1.305198964	0
run003	0.02511886432	161	1.72860138	4.33129013	0	1.891946902	0
run003	0.02511886432	165	1.666104237	5.547671269	0	2.791362155	0
run003	0.02511886432	169	1.530139349	6.613141445	0	4.026314462	0
run003	0.02511886432	173	1.356465587	7.409400688	0	5.457041182	0
run003	0.02511886432	177	1.178392911	7.99494084	0	6.77527486	0
run003	0.02511886432	181	1.015659017	8.471819131	0	7.685246144	0
run003	0.02511886432	185	0.8761890996	8.87514785	0	8.078410745	0
run003	0.02511886432	189	0.7617092971	9.165914849	0	8.019523213	0
run003	0.02511886432	193	0.6714215152	9.279585423	0	7.639842569	0
run003	0.02511886432	197	0.6036090028	9.175171111	0	7.064729808	0
run003	0.02511886432	201	0.5563179509	8.857422741	0	6.391779897	0
run003	0.02511886432	205	0.5277172881	8.371200332	0	5.69188507	0
run003	0.02511886432	209	0.5163146541	7.781787902	0	5.01449665	0
run003	0.02511886432	213	0.5210630416	7.155367859	0	4.391867966	0
run003	0.02511886432	217	0.5413575403	6.546906798	0	3.842567321	0
run003	0.02511886432	221	0.5769146839	5.99601751	0	3.374956295	0
run003	0.02511886432	225	0.6275265183	5.52811199	0	2.990596954	0
run003	0.02511886432	229	0.6926860752	5.157840525	0	2.687255622	0
run003	0.02511886432	233	0.7710991989	4.892749503	0	2.461297941	0
run003	0.02511886432	237	0.8601414034	4.736062487	0	2.309476487	0
run003	0.02511886432	241	0.9553908408	4.68806898	0	2.230221808	0
run003	0.02511886432	245	1.050451026	4.745876084	0	2.224535878	0
run003	0.02511886432	249	1.137318095	4.9015642	0	2.296467241	0
run003	0.02511886432	253	1.207469017	5.139465059	0	2.452914837	0
run003	0.02511886432	257	1.253587033	5.434426998	0	2.702164876	0
run003	0.02511886432	261	1.271441034	5.753701883	0	3.050247412	0
run003	0.02511886432	265	1.261126029	6.063758099	0	3.494433784	0
run003	0.02511886432	269	1.2269879	6.339476477	0	4.014932208	0
run003	0.02511886432	273	1.17619955	6.57000965	0	4.56929281	0
run003	0.02511886432	277	1.11671254	6.757278293	0	5.096186719	0
run003	0.02511886432	281	1.055551282	6.908690266	0	5.530870886	0
run003	0.02511886432	285	0.9979927972	7.029523271	0	5.824948283	0
run003	0.02511886432	289	0.9475499263	7.119364259	0	5.95863945	0
run003	0.02511886432	293	0.9063554402	7.173333605	0	5.940352269	0
run003	0.02511886432	297	0.875597426	7.186048394	0	5.797575089	0
run003	0.02511886432	301	0.8558468823	7.155624699	0	5.566056983	0
run003	0.02511886432	305	0.8472552564	7.085879309	0	5.281609071	0
run003	0.02511886432	309	0.849648486	6.986260819	0	4.975498724	0
run003	0.02511886432	313	0.8625456086	6.870111109	0	4.672680215	0
run003	0.02511886432	317	0.8851224577	6.752259835	0	4.391768486	0
run003	0.02511886432	321	0.9161400283	6.646775562	0	4.145893226	0
run003	0.02511886432	325	0.9538645645	6.565279317	0	3.943875703	0
run003	0.02511886432	329	0.9960180609	6.515868893	0	3.79139888	0
run003	0.02511886432	333	1.039806404	6.502538176	0	3.69198326	0
run003	0.02511886432	337	1.082068845	6.524989034	0	3.647658251	0
run003	0.02511886432	341	1.11956848	6.57884104	0	3.659255716	0
run003	0.02511886432	345	1.149397604	6.656338551	0	3.72627368	0
run003	0.02511886432	349	1.169416293	6.747632422	0	3.846297834	0
run003	0.02511886432	353	1.178603786	6.842527219	0	4.014067983	0
run003	0.02511886432	357	1.1772086	6.932307356	0	4.220460001	0
run003	0.02511886432	361	1.166644112	7.011081805	0	4.45187725	0
run003	0.02511886432	365	1.149166801	7.07620149	0	4.690651133	0
run003	0.02511886432	369	1.127447328	7.12769663	0	4.91683002	0
run003	0.02511886432	373	1.104162583	7.167116518	0	5.1111427	0
run003	0.02511886432	377	1.081698843	7.196356734	0	5.258258933	0
run003	0.02511886432	381	1.061993158	7.216936913	0	5.349222037	0
run003	0.02511886432	385	1.04648877	7.229878089	0	5.382309983	0
run003	0.02511886432	389	1.036158354	7.236031899	0	5.36230377	0
run003	0.02511886432	393	1.031552445	7.236567823	0	5.298713704	0
run003	0.02511886432	397	1.032845829	7.233342089	0	5.203679826	0
run003	0.02511886432	401	1.039870753	7.228988699	0	5.090097021	0
run003	0.02511886432	405	1.0521376	7.226709632	0	4.970235377	0
run003	0.02511886432	409	1.068851071	7.229842351	0	4.854893216	0
run003	0.02511886432	413	1.088933779	7.241329374	0	4.752987222	0
run003	0.02511886432	417	1.111070276	7.263216233	0	4.671438196	0
run003	0.02511886432	421	1.133782061	7.296281611	0	4.615214239	0
run003	0.02511886432	425	1.155537756	7.339871784	0	4.587423303	0
run003	0.02511886432	429	1.174892569	7.391977566	0	4.589384139	0
run003	0.02511886432	433	1.190639385	7.449549368	0	4.620645635	0
run003	0.02511886432	437	1.201944839	7.50899694	0	4.678967361	0
run003	0.02511886432	441	1.208441675	7.566770765	0	4.760315614	0
run003	0.02511886432	445	1.210256182	7.619893337	0	4.85896071	0
run003	0.02511886432	449	1.207964903	7.666319999	0	4.967767146	0
run003	0.02511886432	453	1.202492469	7.705064264	0	5.078733806	0
run003	0.02511886432	457	1.194975341	7.736100995	0	5.18376591	0
run003	0.02511886432	461	1.186620139	7.760127737	0	5.275567732	0
run003	0.02511886432	465	1.178579868	7.778290346	0	5.348478582	0
run003	0.02511886432	469	1.171861023	7.791959815	0	5.399070718	0
run003	0.02511886432	473	1.167263954	7.802599132	0	5.42639239	0
run003	0.02511886432	477	1.165351706	7.811709666	0	5.431840384	0
run003	0.02511886432	481	1.166439789	7.820816137	0	5.418738183	0
run003	0.02511886432	485	1.170600042	7.831444433	0	5.391745443	0
run003	0.02511886432	489	1.177674324	7.845061543	0	5.356226037	0
run003	0.02511886432	493	1.187296606	7.862970783	0	5.317670657	0
run003	0.02511886432	497	1.198924122	7.886177739	0	5.281227132	0
run003	0.02511886432	501	1.211879036	7.915256592	0	5.25135361	0
run003	0.02511886432	505	1.225401358	7.95025069	0	5.231584693	0
run003	0.02511886432	509	1.238711738	7.990635964	0	5.22438941	0
run003	0.02511886432	513	1.251079905	8.035363433	0	5.23110012	0
run003	0.02511886432	517	1.26189169	8.082980295	0	5.251898861	0
run003	0.02511886432	521	1.27070579	8.131811112	0	5.285857633	0
run003	0.02511886432	525	1.277291844	8.180166754	0	5.33103826	0
run003	0.02511886432	529	1.281643894	8.226542603	0	5.38466102	0
run003	0.02511886432	533	1.283967566	8.26977164	0	5.443347134	0
run003	0.02511886432	537	1.284644077	8.309111587	0	5.503427892	0
run003	0.02511886432	541	1.284177955	8.344263279	0	5.561295832	0
run003	0.02511886432	545	1.283137154	8.375333319	0	5.613757406	0
run003	0.02511886432	549	1.282093968	8.402762766	0	5.658338457	0
run003	0.02511886432	553	1.281573188	8.427243472	0	5.693498271	0
run003	0.02511886432	557	1.282011374	8.449636738	0	5.718724253	0
run003	0.02511886432	561	1.283728705	8.470900038	0	5.734501764	0
run003	0.02511886432	565	1.286913211	8.492020443	0	5.742175925	0
run003	0.02511886432	569	1.291616368	8.513950656	0	5.743736802	0
run003	0.02511886432	573	1.297758826	8.537545029	0	5.741565172	0
run003	0.02511886432	577	1.305145114	8.563496901	0	5.738173295	0
run003	0.02511886432	581	1.31348618	8.592282857	0	5.735967269	0
run003	0.02511886432	585	1.322428459	8.624122144	0	5.737048132	0
run003	0.02511886432	589	1.331587608	8.658959462	0	5.743060695	0
run003	0.02511886432	593	1.340584346	8.696476571	0	5.755093237	0
run003	0.02511886432	597	1.349079247	8.736133461	0	5.773628034	0
run003	0.02511886432	601	1.356802899	8.777234535	0	5.798541585	0
run003	0.02511886432	605	1.363578145	8.819010176	0	5.829152005	0
run003	0.02511886432	609	1.369331963	8.86070175	0	5.864310124	0
run003	0.02511886432	613	1.37409585	8.901637968	0	5.902528161	0
run003	0.02511886432	617	1.377995276	8.941293273	0	5.942135798	0
run003	0.02511886432	621	1.381230124	8.979323172	0	5.981449599	0
run003	0.02511886432	625	1.384049165	9.015576203	0	6.018938299	0
run003	0.02511886432	629	1.386721942	9.050085691	0	6.053365792	0
run003	0.02511886432	633	1.389511338	9.083046409	0	6.083895854	0
run003	0.02511886432	637	1.392649459	9.114781378	0	6.110148058	0
run003	0.02511886432	641	1.396318737	9.145703019	0	6.132201171	0
run003	0.02511886432	645	1.400639275	9.176271787	0	6.150548012	0
run003	0.02511886432	649	1.40566287	9.206954471	0	6.166011212	0
run003	0.02511886432	653	1.41137353	9.23818428	0	6.179633416	0
run003	0.02511886432	657	1.417693938	9.270325102	0	6.192556208	0
run003	0.02511886432	661	1.424496963	9.303642694	0	6.20590122	0
run003	0.02511886432	665	1.431620992	9.338285613	0	6.220664466	0
run003	0.02511886432	669	1.438887611	9.374278116	0	6.237632104	0
run003	0.02511886432	673	1.44611994	9.411525875	0	6.25732271	0
run003	0.02511886432	677	1.453159831	9.449833873	0	6.279958764	0
run003	0.02511886432	681	1.459882262	9.488934024	0	6.305467644	0
run003	0.02511886432	685	1.466205509	9.528518617	0	6.333510035	0
run003	0.02511886432	689	1.472096228	9.568275252	0	6.363531959	0
run003	0.02511886432	693	1.47756918	9.607918914	0	6.39483454	0
run003	0.02511886432	697	1.482681965	9.647217813	0	6.426654104	0
run003	0.02511886432	701	1.487525708	9.686010853	0	6.458244109	0
run003	0.02511886432	705	1.492213059	9.724216014	0	6.488950213	0
run003	0.02511886432	709	1.496864989	9.761830112	0	6.518270857	0
run003	0.02511886432	713	1.501597898	9.798921157	0	6.545897501	0
run003	0.02511886432	717	1.506512305	9.835614995	0	6.571731378	0
run003	0.02511886432	721	1.511684114	9.872078021	0	6.595876658	0
run003	0.02511886432	725	1.517159074	9.908497781	0	6.618612672	0
run003	0.02511886432	729	1.522950685	9.94506321	0	6.640350042	0
run003	0.02511886432	733	1.529041477	9.981946197	0	6.661576901	0
run003	0.02511886432	737	1.535387276	10.01928607	0	6.682801769	0
run003	0.02511886432	741	1.541923837	10.05717836	0	6.704499372	0
run003	0.02511886432	745	1.548575014	10.09566873	0	6.727064578	0
run003	0.02511886432	749	1.555261576	10.13475258	0	6.750778416	0
run003	0.02511886432	753	1.561909711	10.17438003	0	6.775788582	0
run003	0.02511886432	757	1.568458329	10.21446529	0	6.802105163	0
run003	0.02511886432	761	1.574864491	10.2548992	0	6.829610902	0
run003	0.02511886432	765	1.581106484	10.29556308	0	6.858083932	0
run003	0.02511886432	769	1.587184381	10.33634233	0	6.887229775	0
run003	0.02511886432	773	1.5931182	10.37713814	0	6.916718651	0
run003	0.02511886432	777	1.598944063	10.41787632	0	6.946223763	0
run003	0.02511886432	781	1.60470894	10.45851259	0	6.975456288	0
run003	0.02511886432	785	1.610464665	10.49903423	0	7.00419354	0
run003	0.02511886432	789	1.616261949	10.5394582	0	7.032297589	0
run003	0.02511886432	793	1.622145032	10.57982653	0	7.059723074	0
run003	0.02511886432	797	1.628147493	10.62019951	0	7.086514162	0
run003	0.02511886432	801	1.634289569	10.66064762	0	7.112791779	0
run003	0.02511886432	805	1.640577153	10.70124322	0	7.13873354	0
run003	0.02511886432	809	1.647002411	10.74205268	0	7.164549202	0
run003	0.02511886432	813	1.653545847	10.78312995	0	7.190454726	0
run003	0.02511886432	817	1.660179461	10.82451185	0	7.21664793	0
run003	0.02511886432	821	1.666870588	10.86621584	0	7.243288312	0
run003	0.02511886432	825	1.673585921	10.90823995	0	7.270482902	0
run003	0.02511886432	829	1.68029528	10.95056503	0	7.298279104	0
run003	0.02511886432	833	1.68697472	10.99315858	0	7.326664811	0
run003	0.02511886432	837	1.693608671	11.03597982	0	7.35557513	0
run003	0.02511886432	841	1.700190956	11.07898516	0	7.384904492	0
run003	0.02511886432	845	1.706724653	11.12213343	0	7.414522278	0
run003	0.02511886432	849	1.713220918	11.1653903	0	7.444289965	0
run003	0.02511886432	853	1.719696991	11.20873149	0	7.474077688	0
run003	0.02511886432	857	1.726173687	11.25214451	0	7.503778364	0
run003	0.02511886432	861	1.732672698	11.29562896	0	7.533317978	0
run003	0.02511886432	865	1.739214037	11.33919535	0	7.562661101	0
run003	0.02511886432	869	1.745813905	11.3828629	0	7.591811447	0
run003	0.02511886432	873	1.752483203	11.42665656	0	7.620807758	0
run003	0.02511886432	877	1.759226765	11.47060367	0	7.649716096	0
run003	0.02511886432	881	1.766043385	11.51473068	0	7.678619548	0
run003	0.02511886432	885	1.772926531	11.55906028	0	7.707606948	0
run003	0.02511886432	889	1.779865614	11.60360926	0	7.736761953	0
run003	0.02511886432	893	1.78684762	11.64838721	0	7.766153756	0
run003	0.02511886432	897	1.793858882	11.69339623	0	7.795830349	0
run003	0.02511886432	901	1.800886765	11.73863155	0	7.825814958	0
run003	0.02511886432	905	1.807921071	11.78408283	0	7.856105717	0
run003	0.02511886432	909	1.814955045	11.82973606	0	7.886678291	0
run003	0.02511886432	913	1.821985857	11.87557569	0	7.917491126	0
run003	0.02511886432	917	1.829014577	11.92158668	0	7.948492155	0
run003	0.02511886432	921	1.83604568	11.96775632	0	7.979626125	0
run003	0.02511886432	925	1.843086191	12.01407555	0	8.010841661	0
run003	0.02511886432	929	1.850144603	12.06053977	0	8.042097203	0
run003	0.02511886432	933	1.857229716	12.10714895	0	8.073365114	0
run003	0.02511886432	937	1.864349547	12.15390726	0	8.104633785	0
run003	0.02511886432	941	1.871510452	12.20082222	0	8.135907473	0
run003	0.02511886432	945	1.878716515	12.24790349	0	8.167204258	0
run003	0.02511886432	949	1.885969293	12.29516161	0	8.198552486	0
run003	0.02511886432	953	1.893267888	12.34260669	0	8.229986255	0
run003	0.02511886432	957	1.900609309	12.39024732	0	8.261540678	0
run003	0.02511886432	961	1.907989073	12.4380898	0	8.293247452	0
run003	0.02511886432	965	1.915401917	12.48613766	0	8.3251313	0
run003	0.02511886432	969	1.922842554	12.53439165	0	8.357207674	0
run003	0.02511886432	973	1.930306343	12.58284998	0	8.389481784	0
run003	0.02511886432	977	1.937789825	12.63150898	0	8.421949042	0
run003	0.02511886432	981	1.945291056	12.68036376	0	8.45459676	0
run003	0.02511886432	985	1.952809704	12.72940914	0	8.487406663	0
run003	0.02511886432	989	1.960346948	12.77864032	0	8.520357834	0
run003	0.02511886432	993	1.967905184	12.82805357	0	8.553429754	0
run003	0.02511886432	997	1.975487605	12.8776467	0	8.586604953	0
run003	0.02511886432	1001	1.983097728	12.92741918	0	8.61987099	0
run003	0.02511886432	1005	1.990738921	12.97737219	0	8.653221616	0
run003	0.02511886432	1009	1.998414002	13.02750834	0	8.686656977	0
run003	0.02511886432	1013	2.006124945	13.07783128	0	8.720182975	0
run003	0.02511886432	1017	2.013872733	13.12834522	0	8.753809936	0
run003	0.02511886432	1021	2.021657339	13.17905444	0	8.78755092	0
run003	0.02511886432	1025	2.029477856	13.22996281	0	8.821419692	0
run003	0.02511886432	1029	2.037332725	13.28107346	0	8.855428955	0
run003	0.02511886432	1033	2.045220029	13.33238855	0	8.889588789	0
run003	0.02511886432	1037	2.053137797	13.38390917	0	8.923905701	0
run003	0.02511886432	1041	2.061084282	13.43563547	0	8.958382237	0
run003	0.02511886432	1045	2.069058187	13.48756684	0	8.99301714	0
run003	0.02511886432	1049	2.077058803	13.53970212	0	9.027805987	0
run003	0.02511886432	1053	2.08508606	13.59203999	0	9.06274221	0
run003	0.02511886432	1057	2.093140475	13.64457921	0	9.097818291	0
run003	0.02511886432	1061	2.101223041	13.6973189	0	9.133026955	0
run003	0.02511886432	1065	2.109335056	13.75025869	0	9.1683622	0
run003	0.02511886432	1069	2.117477926	13.80339886	0	9.203820039	0
run003	0.02511886432	1073	2.125652985	13.85674029	0	9.239398891	0
run003	0.02511886432	1077	2.133861336	13.91028438	0	9.275099595	0
run003	0.02511886432	1081	2.142103743	13.96403295	0	9.310925082	0
run003	0.02511886432	1085	2.150380581	14.01798802	0	9.346879846	0
run003	0.02511886432	1089	2.158691843	14.07215162	0	9.38296922	0
run003	0.02511886432	1093	2.167037198	14.12652565	0	9.419198577	0
run003	0.02511886432	1097	2.175416098	14.18111173	0	9.455572642	0
run003	0.02511886432	1100	2.181721896	14.22219123	0	9.482950379	0
run004	0.03981071706	1	10	10	0	10	0
run004	0.03981071706	5	7.607218512	8.130871863	0	7.781693634	0
run004	0.03981071706	9	5.841319726	8.318092789	0	6.694246563	0
run004	0.03981071706	13	4.501123104	9.536281485	0	6.346569273	0
run004	0.03981071706	17	3.463333992	10.62915308	0	6.485331699	0
run004	0.03981071706	21	2.659035358	11.23373312	0	6.949562513	0
run004	0.03981071706	25	2.039204614	11.61221143	0	7.556391378	0
run004	0.03981071706	29	1.563428969	12.00949309	0	8.137518992	0
run004	0.03981071706	33	1.198947523	12.48665261	0	8.609676908	0
run004	0.03981071706	37	0.9200879298	13.00280184	0	8.970074177	0
run004	0.03981071706	41	0.7069869034	13.49749331	0	9.244799779	0
run004	0.03981071706	45	0.5443295475	13.92439112	0	9.45181938	0
run004	0.03981071706	49	0.4203406632	14.25132784	0	9.590675777	0
run004	0.03981071706	53	0.3259979057	14.44981726	0	9.645234863	0
run004	0.03981071706	57	0.2544149656	14.4868383	0	9.589193623	0
run004	0.03981071706	61	0.2003582799	14.32273584	0	9.391841013	0
run004	0.03981071706	65	0.1598691996	13.91625581	0	9.025464468	0
run004	0.03981071706	69	0.1299680221	13.23725728	0	8.475801848	0
run004	0.03981071706	73	0.1084217702	12.28474733	0	7.753531772	0
run004	0.03981071706	77	0.09356642882	11.10129757	0	6.899985749	0
run004	0.03981071706	81	0.08418312895	9.771268261	0	5.980122501	0
run004	0.03981071706	85	0.07942791204	8.399146051	0	5.064337864	0
run004	0.03981071706	89	0.07880464419	7.080436784	0	4.209987176	0
run004	0.03981071706	93	0.08216341281	5.882098409	0	3.452269383	0
run004	0.03981071706	97	0.08971205506	4.838602864	0	2.805230196	0
run004	0.03981071706	101	0.1020390995	3.95848445	0	2.267883003	0
run004	0.03981071706	105	0.1201513263	3.233886127	0	1.830766853	0
run004	0.03981071706	109	0.1455261256	2.648703766	0	1.480849725	0
run004	0.03981071706	113	0.180170265	2.184111524	0	1.204546414	0
run004	0.03981071706	117	0.2266633139	1.821820474	0	0.989323485	0
run004	0.03981071706	121	0.2881442977	1.545823201	0	0.82443217	0
run004	0.03981071706	125	0.3681730304	1.343305169	0	0.7011813797	0
run004	0.03981071706	129	0.4703667209	1.205244766	0	0.613029425	0
run004	0.03981071706	133	0.5976923205	1.127125053	0	0.5556905556	0
run004	0.03981071706	137	0.7513161027	1.11018307	0	0.5274304	0
run004	0.03981071706	141	0.9290154672	1.163718274	0	0.5297678241	0
run004	0.03981071706	145	1.123367712	1.3090334	0	0.568920986	0
run004	0.03981071706	149	1.320210728	1.584935767	0	0.6585246505	0
run004	0.03981071706	153	1.498153379	2.051240333	0	0.8242599653	0
run004	0.03981071706	157	1.630292807	2.77651422	0	1.11042555	0
run004	0.03981071706	161	1.689975137	3.784838284	0	1.585353094	0
run004	0.03981071706	165	1.661920367	4.970803007	0	2.334179305	0
run004	0.03981071706	169	1.553737655	6.102641395	0	3.415489196	0
run004	0.03981071706	173	1.394890332	6.994491939	0	4.7694301	0
run004	0.03981071706	177	1.220173868	7.640516983	0	6.153184312	0
run004	0.03981071706	181	1.054198045	8.140018771	0	7.245338335	0
run004	0.03981071706	185	0.9086409449	8.561500628	0	7.851406219	0
run004	0.03981071706	189	0.787056771	8.894975837	0	7.971862497	0
run004	0.03981071706	193	0.689382541	9.082897892	0	7.718319621	0
run004	0.03981071706	197	0.6141835712	9.071733945	0	7.221178678	0
run004	0.03981071706	201	0.5595806669	8.845993527	0	6.589061927	0
run004	0.03981071706	205	0.5236876891	8.433619946	0	5.902741799	0
run004	0.03981071706	209	0.5048655644	7.891309266	0	5.219512546	0
run004	0.03981071706	213	0.5018664925	7.2844486	0	4.577929563	0
run004	0.03981071706	217	0.5138781618	6.671901375	0	4.001551222	0
run004	0.03981071706	221	0.5404644257	6.098746828	0	3.502395741	0
run004	0.03981071706	225	0.5813971511	5.595415664	0	3.084359927	0
run004	0.03981071706	229	0.6363751635	5.180269832	0	2.746354065	0
run004	0.03981071706	233	0.7046340234	4.863202839	0	2.484890781	0
run004	0.03981071706	237	0.7844744574	4.648838419	0	2.296055981	0
run004	0.03981071706	241	0.8727853842	4.538645106	0	2.176942354	0
run004	0.03981071706	245	0.9647059104	4.531649393	0	2.126670866	0
run004	0.03981071706	249	1.053633155	4.623614064	0	2.147070597	0
run004	0.03981071706	253	1.131786928	4.804877294	0	2.242941917	0
run004	0.03981071706	257	1.191421903	5.05781693	0	2.421580952	0
run004	0.03981071706	261	1.226501864	5.355971308	0	2.690910594	0
run004	0.03981071706	265	1.23430042	5.667130487	0	3.055344171	0
run004	0.03981071706	269	1.216208616	5.960742947	0	3.509001877	0
run004	0.03981071706	273	1.177276001	6.216222507	0	4.027975866	0
run004	0.03981071706	277	1.124660124	6.426806994	0	4.566637016	0
run004	0.03981071706	281	1.06575103	6.596451796	0	5.063891394	0
run004	0.03981071706	285	1.006786236	6.732455005	0	5.459613568	0
run004	0.03981071706	289	0.9523010419	6.838964505	0	5.712652542	0
run004	0.03981071706	293	0.9052381796	6.914691053	0	5.809997585	0
run004	0.03981071706	297	0.867340277	6.95477761	0	5.76421601	0
run004	0.03981071706	301	0.8395430885	6.954666553	0	5.604033471	0
run004	0.03981071706	305	0.8222574957	6.913578523	0	5.364336173	0
run004	0.03981071706	309	0.8155345641	6.836162565	0	5.079002916	0
run004	0.03981071706	313	0.8191404967	6.732108826	0	4.777070003	0
run004	0.03981071706	317	0.8325662749	6.614382645	0	4.48140209	0
run004	0.03981071706	321	0.8549900755	6.496994379	0	4.208860093	0
run004	0.03981071706	325	0.8852103314	6.392999594	0	3.971201738	0
run004	0.03981071706	329	0.9215740738	6.313039639	0	3.77622823	0
run004	0.03981071706	333	0.9619349683	6.264431284	0	3.62889413	0
run004	0.03981071706	337	1.003682239	6.250685013	0	3.532221632	0
run004	0.03981071706	341	1.043877871	6.271356817	0	3.487928483	0
run004	0.03981071706	345	1.079518542	6.322239792	0	3.496709296	0
run004	0.03981071706	349	1.107899433	6.395989874	0	3.558125898	0
run004	0.03981071706	353	1.127009541	6.48326658	0	3.670092281	0
run004	0.03981071706	357	1.135853934	6.574311071	0	3.828020144	0
run004	0.03981071706	361	1.134601586	6.660636031	0	4.023846791	0
run004	0.03981071706	365	1.12450715	6.736329622	0	4.245369158	0
run004	0.03981071706	369	1.107632579	6.798546701	0	4.476430125	0
run004	0.03981071706	373	1.086461146	6.84708918	0	4.69835843	0
run004	0.03981071706	377	1.063518161	6.883375188	0	4.892572569	0
run004	0.03981071706	381	1.041084506	6.909315405	0	5.043639569	0
run004	0.03981071706	385	1.021035134	6.926547482	0	5.141759329	0
run004	0.03981071706	389	1.004786414	6.936215265	0	5.183888474	0
run004	0.03981071706	393	0.9933124585	6.939201876	0	5.173344606	0
run004	0.03981071706	397	0.987190407	6.936566894	0	5.118310446	0
run004	0.03981071706	401	0.9866471644	6.929927275	0	5.029891342	0
run004	0.03981071706	405	0.9915946954	6.92161218	0	4.920283228	0
run004	0.03981071706	409	1.001652265	6.914543258	0	4.801362186	0
run004	0.03981071706	413	1.016161267	6.911890784	0	4.683776027	0
run004	0.03981071706	417	1.03420236	6.916608419	0	4.576473772	0
run004	0.03981071706	421	1.054626256	6.930959249	0	4.486548005	0
run004	0.03981071706	425	1.076108605	6.956130216	0	4.419259972	0
run004	0.03981071706	429	1.097235232	6.992006712	0	4.378137706	0
run004	0.03981071706	433	1.116616596	7.037152012	0	4.365070351	0
run004	0.03981071706	437	1.133020565	7.089004905	0	4.380356069	0
run004	0.03981071706	441	1.145503403	7.144270009	0	4.422697389	0
run004	0.03981071706	445	1.153513887	7.199430822	0	4.489174813	0
run004	0.03981071706	449	1.156947929	7.251278715	0	4.575262931	0
run004	0.03981071706	453	1.156141231	7.297340568	0	4.674972992	0
run004	0.03981071706	457	1.151802507	7.336116093	0	4.781197367	0
run004	0.03981071706	461	1.144903683	7.367096738	0	4.886285224	0
run004	0.03981071706	465	1.136551464	7.390606764	0	4.982802047	0
run004	0.03981071706	469	1.127864221	7.407553165	0	5.064347062	0
run004	0.03981071706	473	1.119871194	7.419177609	0	5.126260348	0
run004	0.03981071706	477	1.113441411	7.426874226	0	5.166070203	0
run004	0.03981071706	481	1.109241397	7.432091585	0	5.18360379	0
run004	0.03981071706	485	1.107715937	7.436298089	0	5.180775713	0
run004	0.03981071706	489	1.109084964	7.440970502	0	5.161141381	0
run004	0.03981071706	493	1.113350985	7.447567306	0	5.129333052	0
run004	0.03981071706	497	1.12031395	7.457464843	0	5.090487291	0
run004	0.03981071706	501	1.129592846	7.471855191	0	5.049740295	0
run004	0.03981071706	505	1.140654933	7.491622672	0	5.011828915	0
run004	0.03981071706	509	1.152853996	7.517226068	0	4.980803624	0
run004	0.03981071706	513	1.165478185	7.548615742	0	4.959840192	0
run004	0.03981071706	517	1.17780614	7.585209429	0	4.951129161	0
run004	0.03981071706	521	1.189167602	7.6259394	0	4.955823745	0
run004	0.03981071706	525	1.19900234	7.669369209	0	4.974034034	0
run004	0.03981071706	529	1.206909833	7.713863583	0	5.004864998	0
run004	0.03981071706	533	1.212682457	7.75778227	0	5.046503513	0
run004	0.03981071706	537	1.216317093	7.799663953	0	5.096363824	0
run004	0.03981071706	541	1.218003766	7.838369549	0	5.151297382	0
run004	0.03981071706	545	1.218093814	7.873165486	0	5.207863373	0
run004	0.03981071706	549	1.217053536	7.903743672	0	5.262640625	0
run004	0.03981071706	553	1.215410754	7.93018872	0	5.312547482	0
run004	0.03981071706	557	1.213701672	7.952911893	0	5.355127164	0
run004	0.03981071706	561	1.212423797	7.97257165	0	5.388758158	0
run004	0.03981071706	565	1.211998463	7.989995435	0	5.412761471	0
run004	0.03981071706	569	1.21274437	8.006109254	0	5.427396074	0
run004	0.03981071706	573	1.214862055	8.021874862	0	5.433753088	0
run004	0.03981071706	577	1.218428323	8.038230923	0	5.433574711	0
run004	0.03981071706	581	1.223399551	8.056035005	0	5.429030006	0
run004	0.03981071706	585	1.229622755	8.076006236	0	5.422479232	0
run004	0.03981071706	589	1.236853528	8.098672319	0	5.416252056	0
run004	0.03981071706	593	1.244779832	8.124327431	0	5.412456831	0
run004	0.03981071706	597	1.253050369	8.153008421	0	5.412830242	0
run004	0.03981071706	601	1.261305674	8.184495307	0	5.418630976	0
run004	0.03981071706	605	1.26920951	8.218338563	0	5.43057745	0
run004	0.03981071706	609	1.27647769	8.253911325	0	5.448828484	0
run004	0.03981071706	613	1.282901399	8.290479867	0	5.473004867	0
run004	0.03981071706	617	1.288362471	8.327282866	0	5.502250136	0
run004	0.03981071706	621	1.292839065	8.363608115	0	5.53532658	0
run004	0.03981071706	625	1.296401437	8.398857008	0	5.570740634	0
run004	0.03981071706	629	1.299198791	8.432589865	0	5.60688815	0
run004	0.03981071706	633	1.301439336	8.464549391	0	5.642206461	0
run004	0.03981071706	637	1.30336632	8.494663405	0	5.675317982	0
run004	0.03981071706	641	1.305232925	8.523030546	0	5.705149959	0
run004	0.03981071706	645	1.307278681	8.54989394	0	5.731017488	0
run004	0.03981071706	649	1.309709388	8.575607397	0	5.752662263	0
run004	0.03981071706	653	1.312681916	8.600597742	0	5.770245257	0
run004	0.03981071706	657	1.316294554	8.625325782	0	5.784297981	0
run004	0.03981071706	661	1.320583081	8.650247783	0	5.795641556	0
run004	0.03981071706	665	1.325522325	8.6757792	0	5.805285377	0
run004	0.03981071706	669	1.331032662	8.702262731	0	5.814317852	0
run004	0.03981071706	673	1.336990667	8.729943049	0	5.823800451	0
run004	0.03981071706	677	1.343242893	8.758950578	0	5.834674183	0
run004	0.03981071706	681	1.34962155	8.789296155	0	5.847685111	0
run004	0.03981071706	685	1.355960684	8.820877305	0	5.863333029	0
run004	0.03981071706	689	1.362111373	8.853495452	0	5.881845344	0
run004	0.03981071706	693	1.367954538	8.886881938	0	5.903176347	0
run004	0.03981071706	697	1.373410208	8.920729453	0	5.927030267	0
run004	0.03981071706	701	1.378442413	8.954725068	0	5.95290538	0
run004	0.03981071706	705	1.383059458	8.98858081	0	5.980154163	0
run004	0.03981071706	709	1.387309815	9.022058766	0	6.008053805	0
run004	0.03981071706	713	1.39127436	9.054988574	0	6.035880044	0
run004	0.03981071706	717	1.395056059	9.087276496	0	6.062976892	0
run004	0.03981071706	721	1.398768336	9.118906356	0	6.08881552	0
run004	0.03981071706	725	1.402523428	9.149933382	0	6.113036671	0
run004	0.03981071706	729	1.406421844	9.18047244	0	6.135473147	0
run004	0.03981071706	733	1.410543827	9.210682325	0	6.156151344	0
run004	0.03981071706	737	1.414943437	9.240747734	0	6.175273248	0
run004	0.03981071706	741	1.419645554	9.270860496	0	6.193182378	0
run004	0.03981071706	745	1.424645835	9.301201587	0	6.210318567	0
run004	0.03981071706	749	1.429913404	9.331925317	0	6.227167139	0
run004	0.03981071706	753	1.435395828	9.363146985	0	6.244208024	0
run004	0.03981071706	757	1.441025786	9.394934971	0	6.26186971	0
run004	0.03981071706	761	1.446728694	9.427307877	0	6.28049199	0
run004	0.03981071706	765	1.452430521	9.46023679	0	6.300300244	0
run004	0.03981071706	769	1.458065007	9.493652144	0	6.321392677	0
run004	0.03981071706	773	1.463579624	9.527454188	0	6.343740745	0
run004	0.03981071706	777	1.468939738	9.561525731	0	6.367201923	0
run004	0.03981071706	781	1.47413067	9.595745486	0	6.391542571	0
run004	0.03981071706	785	1.479157581	9.630000617	0	6.416468196	0
run004	0.03981071706	789	1.484043356	9.664197189	0	6.441657642	0
run004	0.03981071706	793	1.488824849	9.698267671	0	6.466797513	0
run004	0.03981071706	797	1.493548016	9.732175036	0	6.491613287	0
run004	0.03981071706	801	1.498262524	9.765913463	0	6.515894186	0
run004	0.03981071706	805	1.503016436	9.799505912	0	6.539509567	0
run004	0.03981071706	809	1.507851498	9.832999169	0	6.562415746	0
run004	0.03981071706	813	1.51279946	9.86645704	0	6.584653283	0
run004	0.03981071706	817	1.517879714	9.899952532	0	6.606335725	0
run004	0.03981071706	821	1.523098363	9.933559808	0	6.627631744	0
run004	0.03981071706	825	1.528448725	9.967346708	0	6.648743078	0
run004	0.03981071706	829	1.533913076	10.00136852	0	6.669880919	0
run004	0.03981071706	833	1.539465391	10.03566351	0	6.691243339	0
run004	0.03981071706	837	1.545074721	10.07025058	0	6.712995994	0
run004	0.03981071706	841	1.550708796	10.10512909	0	6.735257734	0
run004	0.03981071706	845	1.556337509	10.14028076	0	6.758092319	0
run004	0.03981071706	849	1.561935877	10.17567329	0	6.781506517	0
run004	0.03981071706	853	1.567486241	10.21126507	0	6.805454255	0
run004	0.03981071706	857	1.572979507	10.24701052	0	6.829845987	0
run004	0.03981071706	861	1.578415386	10.28286531	0	6.854561877	0
run004	0.03981071706	865	1.583801669	10.31879092	0	6.879467091	0
run004	0.03981071706	869	1.589152718	10.35475819	0	6.904427462	0
run004	0.03981071706	873	1.59448736	10.39074949	0	6.929323795	0
run004	0.03981071706	877	1.5998265	10.4267595	0	6.954063366	0
run004	0.03981071706	881	1.605190709	10.4627946	0	6.978587646	0
run004	0.03981071706	885	1.61059806	10.49887112	0	7.00287558	0
run004	0.03981071706	889	1.616062416	10.53501266	0	7.026942599	0
run004	0.03981071706	893	1.621592309	10.57124698	0	7.0508358	0
run004	0.03981071706	897	1.627190509	10.60760268	0	7.074625874	0
run004	0.03981071706	901	1.632854232	10.64410607	0	7.098397385	0
run004	0.03981071706	905	1.638575952	10.68077867	0	7.12223829	0
run004	0.03981071706	909	1.644344637	10.71763533	0	7.146230036	0
run004	0.03981071706	913	1.650147285	10.75468336	0	7.170439255	0
run004	0.03981071706	917	1.655970525	10.79192244	0	7.194911788	0
run004	0.03981071706	921	1.661802133	10.82934553	0	7.219669591	0
run004	0.03981071706	925	1.667632287	10.86694025	0	7.244710466	0
run004	0.03981071706	929	1.673454447	10.90469091	0	7.270010594	0
run004	0.03981071706	933	1.679265796	10.94258054	0	7.295529164	0
run004	0.03981071706	937	1.685067218	10.980593	0	7.321214564	0
run004	0.03981071706	941	1.690862872	11.0187147	0	7.347011173	0
run004	0.03981071706	945	1.696659433	11.05693591	0	7.372866048	0
run004	0.03981071706	949	1.702465119	11.09525151	0	7.398734688	0
run004	0.03981071706	953	1.708288625	11.13366114	0	7.424585329	0
run004	0.03981071706	957	1.714138108	11.17216882	0	7.450401375	0
run004	0.03981071706	961	1.72002032	11.2107821	0	7.476181939	0
run004	0.03981071706	965	1.725939974	11.24951095	0	7.501940519	0
run004	0.03981071706	969	1.73189941	11.28836639	0	7.52770205	0
run004	0.03981071706	973	1.737898556	11.32735926	0	7.553499008	0
run004	0.03981071706	977	1.743935168	11.36649901	0	7.579366995	0
run004	0.03981071706	981	1.750005308	11.40579286	0	7.605340346	0
run004	0.03981071706	985	1.756103961	11.44524523	0	7.631448297	0
run004	0.03981071706	989	1.76222573	11.48485757	0	7.657712103	0
run004	0.03981071706	993	1.768365504	11.52462859	0	7.6841434	0
run004	0.03981071706	997	1.774519034	11.5645547	0	7.7107438	0
run004	0.03981071706	1001	1.780683356	11.60463071	0	7.737505708	0
run004	0.03981071706	1005	1.786857027	11.64485069	0	7.764414144	0
run004	0.03981071706	1009	1.793040152	11.68520874	0	7.791449256	0
run004	0.03981071706	1013	1.799234239	11.72569978	0	7.818589214	0
run004	0.03981071706	1017	1.805441882	11.76632005	0	7.845813052	0
run004	0.03981071706	1021	1.811666366	11.80706754	0	7.873103092	0
run004	0.03981071706	1025	1.817911211	11.84794202	0	7.900446776	0
run004	0.03981071706	1029	1.824179742	11.88894501	0	7.927837701	0
run004	0.03981071706	1033	1.830474719	11.93007941	0	7.955275835	0
run004	0.03981071706	1037	1.83679807	11.97134914	0	7.982766902	0
run004	0.03981071706	1041	1.843150751	12.01275857	0	8.010321156	0
run004	0.03981071706	1045	1.849532737	12.05431204	0	8.037951719	0
run004	0.03981071706	1049	1.855943131	12.09601341	0	8.06567274	0
run004	0.03981071706	1053	1.86238037	12.1378657	0	8.093497592	0
run004	0.03981071706	1057	1.868842491	12.17987089	0	8.121437362	0
run004	0.03981071706	1061	1.87532742	12.22202984	0	8.149499785	0
run004	0.03981071706	1065	1.881833244	12.26434238	0	8.177688649	0
run004	0.03981071706	1069	1.888358442	12.30680749	0	8.206003781	0
run004	0.03981071706	1073	1.89490204	12.34942357	0	8.234441514	0
run004	0.03981071706	1077	1.901463689	12.39218879	0	8.26299555	0
run004	0.03981071706	1081	1.908043652	12.43510137	0	8.291658064	0
run004	0.03981071706	1085	1.914642717	12.47815985	0	8.320420882	0
run004	0.03981071706	1089	1.921262055	12.52136333	0	8.349276582	0
run004	0.03981071706	1093	1.927903046	12.56471154	0	8.378219391	0
run004	0.03981071706	1097	1.93456709	12.60820489	0	8.407245785	0
run004	0.03981071706	1100	1.939581019	12.64092075	0	8.429069726	0
run005	0.06309573445	1	10	10	0	10	0
run005	0.06309573445	5	7.607204119	8.123404059	0	7.774635069	0
run005	0.06309573445	9	5.841243418	8.302654196	0	6.682145766	0
run005	0.06309573445	13	4.50100205	9.510957308	0	6.329378519	0
run005	0.06309573445	17	3.463205061	10.59444806	0	6.462173144	0
run005	0.06309573445	21	2.658906045	11.19011214	0	6.919537551	0
run005	0.06309573445	25	2.039070751	11.55881878	0	7.519261704	0
run005	0.06309573445	29	1.563288116	11.94535257	0	8.093552965	0
run005	0.06309573445	33	1.198797248	12.41140134	0	8.559078067	0
run005	0.06309573445	37	0.9199242133	12.91665687	0	8.912869877	0
run005	0.06309573445	41	0.7068044338	13.40104207	0	9.181156034	0
run005	0.06309573445	45	0.5441217842	13.81861655	0	9.382385119	0
run005	0.06309573445	49	0.4200992004	14.13790455	0	9.516832386	0
run005	0.06309573445	53	0.3257113486	14.33154156	0	9.569297909	0
run005	0.06309573445	57	0.2540674351	14.36805435	0	9.514575832	0
run005	0.06309573445	61	0.1999275676	14.20958174	0	9.323058754	0
run005	0.06309573445	65	0.1593246731	13.81640918	0	8.967741513	0
run005	0.06309573445	69	0.1292685251	13.15876371	0	8.434034075	0
run005	0.06309573445	73	0.1075136589	12.23383096	0	7.730736334	0
run005	0.06309573445	77	0.09238111978	11.07998039	0	6.896006983	0
run005	0.06309573445	81	0.08263228798	9.776386283	0	5.99158023	0
run005	0.06309573445	85	0.07739385214	8.423628448	0	5.085965369	0
run005	0.06309573445	89	0.07612428799	7.115917026	0	4.236412247	0
run005	0.06309573445	93	0.07860510186	5.921163853	0	3.479216848	0
run005	0.06309573445	97	0.08494424515	4.875824878	0	2.82987346	0
run005	0.06309573445	101	0.09558898877	3.990420465	0	2.288642006	0
run005	0.06309573445	105	0.1113509458	3.258597456	0	1.846920291	0
run005	0.06309573445	109	0.1334442954	2.665186502	0	1.492170896	0
run005	0.06309573445	113	0.1635319401	2.191808657	0	1.211028209	0
run005	0.06309573445	117	0.2037646704	1.820238019	0	0.9909855739	0
run005	0.06309573445	121	0.2567845411	1.534207866	0	0.8211791865	0
run005	0.06309573445	125	0.3256444102	1.320312913	0	0.692675503	0
run005	0.06309573445	129	0.413572323	1.168504712	0	0.5985368041	0
run005	0.06309573445	133	0.5234899059	1.072558488	0	0.5338485174	0
run005	0.06309573445	137	0.6571963264	1.030854693	0	0.4958521536	0
run005	0.06309573445	141	0.8141819314	1.047875184	0	0.4843403347	0
run005	0.06309573445	145	0.9901630202	1.136923384	0	0.5025429961	0
run005	0.06309573445	149	1.175622957	1.32449502	0	0.5588763468	0
run005	0.06309573445	153	1.354851818	1.655467711	0	0.6701071986	0
run005	0.06309573445	157	1.506193446	2.193132812	0	0.8664577914	0
run005	0.06309573445	161	1.604650695	2.996428353	0	1.19804127	0
run005	0.06309573445	165	1.628620326	4.053938075	0	1.73770574	0
run005	0.06309573445	169	1.570837032	5.215191524	0	2.565735107	0
run005	0.06309573445	173	1.446202051	6.25046825	0	3.713147386	0
run005	0.06309573445	177	1.285574681	7.032097295	0	5.069533376	0
run005	0.06309573445	181	1.119204177	7.599582976	0	6.360379495	0
run005	0.06309573445	185	0.9659606513	8.049547979	0	7.2950311	0
run005	0.06309573445	189	0.8338191906	8.426425423	0	7.741941052	0
run005	0.06309573445	193	0.7246719191	8.704385313	0	7.741696199	0
run005	0.06309573445	197	0.6378524489	8.826562514	0	7.413538589	0
run005	0.06309573445	201	0.5717578839	8.750861659	0	6.880021157	0
run005	0.06309573445	205	0.5245256688	8.474468203	0	6.239367699	0
run005	0.06309573445	209	0.4943709493	8.032729151	0	5.563523105	0
run005	0.06309573445	213	0.4797851761	7.482973011	0	4.902725969	0
run005	0.06309573445	217	0.4796410008	6.886366921	0	4.289880249	0
run005	0.06309573445	221	0.4932089925	6.295546604	0	3.744184683	0
run005	0.06309573445	225	0.5200848377	5.749519606	0	3.274554157	0
run005	0.06309573445	229	0.5600253391	5.273856579	0	2.882890301	0
run005	0.06309573445	233	0.6126926682	4.883479587	0	2.56695537	0
run005	0.06309573445	237	0.6773129663	4.586045083	0	2.322666391	0
run005	0.06309573445	241	0.7522752268	4.384818652	0	2.145800075	0
run005	0.06309573445	245	0.8347345075	4.28054226	0	2.033214029	0
run005	0.06309573445	249	0.9203360101	4.272067756	0	1.98371259	0
run005	0.06309573445	253	1.003223848	4.35565352	0	1.998633084	0
run005	0.06309573445	257	1.076502182	4.523058227	0	2.082107075	0
run005	0.06309573445	261	1.133228712	4.759167765	0	2.240749069	0
run005	0.06309573445	265	1.167814099	5.040801173	0	2.482243072	0
run005	0.06309573445	269	1.177423826	5.338769462	0	2.812058257	0
run005	0.06309573445	273	1.162799401	5.623926388	0	3.227768117	0
run005	0.06309573445	277	1.128049546	5.874837568	0	3.711917455	0
run005	0.06309573445	281	1.079445668	6.082447329	0	4.227189234	0
run005	0.06309573445	285	1.023785256	6.248698269	0	4.71937502	0
run005	0.06309573445	289	0.9670414007	6.380459758	0	5.130270319	0
run005	0.06309573445	293	0.9137040568	6.483091098	0	5.414779971	0
run005	0.06309573445	297	0.8667593702	6.557202869	0	5.552413772	0
run005	0.06309573445	301	0.8280035523	6.599348138	0	5.548082041	0
run005	0.06309573445	305	0.7984128849	6.605129425	0	5.424840479	0
run005	0.06309573445	309	0.7784325377	6.572574902	0	5.214392076	0
run005	0.06309573445	313	0.7681582933	6.504220279	0	4.949430165	0
run005	0.06309573445	317	0.7674305277	6.407375298	0	4.659057719	0
run005	0.06309573445	321	0.7758644808	6.292935948	0	4.366826906	0
run005	0.06309573445	325	0.7928345065	6.173505411	0	4.09047944	0
run005	0.06309573445	329	0.8174266071	6.061522101	0	3.842596026	0
run005	0.06309573445	333	0.8483761567	5.967791191	0	3.631619687	0
run005	0.06309573445	337	0.8840143484	5.900513643	0	3.46293328	0
run005	0.06309573445	341	0.9222538116	5.864730253	0	3.339813014	0
run005	0.06309573445	345	0.9606461236	5.8620641	0	3.264162612	0
run005	0.06309573445	349	0.9965360309	5.890706742	0	3.236973718	0
run005	0.06309573445	353	1.027315442	5.945688449	0	3.258473659	0
run005	0.06309573445	357	1.050746279	6.019529824	0	3.327930629	0
run005	0.06309573445	361	1.065285413	6.10332993	0	3.443113866	0
run005	0.06309573445	365	1.070324833	6.188187466	0	3.599481438	0
run005	0.06309573445	369	1.066272028	6.266643855	0	3.789307329	0
run005	0.06309573445	373	1.05444174	6.333721999	0	4.001129297	0
run005	0.06309573445	377	1.036792618	6.387232398	0	4.219986336	0
run005	0.06309573445	381	1.015590218	6.427311015	0	4.428766638	0
run005	0.06309573445	385	0.9930888334	6.455474023	0	4.610554715	0
run005	0.06309573445	389	0.9712979292	6.473631579	0	4.751344716	0
run005	0.06309573445	393	0.9518549393	6.483427759	0	4.842231615	0
run005	0.06309573445	397	0.9359885747	6.486050626	0	4.880407229	0
run005	0.06309573445	401	0.9245388606	6.482429816	0	4.868822736	0
run005	0.06309573445	405	0.9180006616	6.47361214	0	4.814872948	0
run005	0.06309573445	409	0.9165677698	6.461097671	0	4.728666967	0
run005	0.06309573445	413	0.9201665178	6.446991995	0	4.621376895	0
run005	0.06309573445	417	0.9284771205	6.433929017	0	4.503949016	0
run005	0.06309573445	421	0.9409468657	6.424799992	0	4.3862611	0
run005	0.06309573445	425	0.9568026506	6.42236926	0	4.27667805	0
run005	0.06309573445	429	0.9750719054	6.428867157	0	4.181900736	0
run005	0.06309573445	433	0.994620641	6.445639398	0	4.106992557	0
run005	0.06309573445	437	1.014215024	6.472913456	0	4.055485918	0
run005	0.06309573445	441	1.032607831	6.50972264	0	4.02949514	0
run005	0.06309573445	445	1.048644204	6.554008241	0	4.029791041	0
run005	0.06309573445	449	1.061373503	6.602893995	0	4.05581996	0
run005	0.06309573445	453	1.070148486	6.653094085	0	4.105678882	0
run005	0.06309573445	457	1.074692098	6.70138153	0	4.176086853	0
run005	0.06309573445	461	1.075117303	6.745021896	0	4.262416312	0
run005	0.06309573445	465	1.071895559	6.782081715	0	4.358856569	0
run005	0.06309573445	469	1.065781447	6.811556397	0	4.458764408	0
run005	0.06309573445	473	1.057710194	6.833317174	0	4.555209183	0
run005	0.06309573445	477	1.04868843	6.847928295	0	4.641653013	0
run005	0.06309573445	481	1.039695889	6.856412972	0	4.712646852	0
run005	0.06309573445	485	1.031609095	6.860041369	0	4.764400015	0
run005	0.06309573445	489	1.025150485	6.860184229	0	4.795108052	0
run005	0.06309573445	493	1.020860495	6.858238515	0	4.804989886	0
run005	0.06309573445	497	1.019087168	6.855602759	0	4.796060173	0
run005	0.06309573445	501	1.019987491	6.853667807	0	4.77171709	0
run005	0.06309573445	505	1.023536087	6.853792621	0	4.736245735	0
run005	0.06309573445	509	1.029538905	6.857248751	0	4.69432616	0
run005	0.06309573445	513	1.037651505	6.865133529	0	4.650606519	0
run005	0.06309573445	517	1.047402773	6.878265592	0	4.609370004	0
run005	0.06309573445	521	1.058225325	6.89708416	0	4.574298591	0
run005	0.06309573445	525	1.069493314	6.921575093	0	4.548320491	0
run005	0.06309573445	529	1.080567073	6.95124344	0	4.533522582	0
run005	0.06309573445	533	1.090842079	6.985144068	0	4.531109218	0
run005	0.06309573445	537	1.099797888	7.021971701	0	4.541395354	0
run005	0.06309573445	541	1.107041366	7.060199984	0	4.563829479	0
run005	0.06309573445	545	1.112338328	7.098248754	0	4.597049476	0
run005	0.06309573445	549	1.115628965	7.134652513	0	4.638979454	0
run005	0.06309573445	553	1.11702482	7.168202917	0	4.686975991	0
run005	0.06309573445	557	1.11678821	7.198044939	0	4.738026676	0
run005	0.06309573445	561	1.115297767	7.223717883	0	4.788993547	0
run005	0.06309573445	565	1.11300565	7.245144996	0	4.836881283	0
run005	0.06309573445	569	1.110392483	7.262585196	0	4.879099355	0
run005	0.06309573445	573	1.107925255	7.276564279	0	4.913683325	0
run005	0.06309573445	577	1.106021907	7.287801156	0	4.93944481	0
run005	0.06309573445	581	1.105024506	7.29713905	0	4.956031977	0
run005	0.06309573445	585	1.105181419	7.305485012	0	4.963898455	0
run005	0.06309573445	589	1.106637953	7.313756315	0	4.964193438	0
run005	0.06309573445	593	1.109434466	7.322830328	0	4.958596181	0
run005	0.06309573445	597	1.113510984	7.333495392	0	4.949121629	0
run005	0.06309573445	601	1.118717453	7.346402767	0	4.937922025	0
run005	0.06309573445	605	1.124828999	7.362022711	0	4.927103663	0
run005	0.06309573445	609	1.131565473	7.380609908	0	4.918571254	0
run005	0.06309573445	613	1.138614384	7.402184075	0	4.91390594	0
run005	0.06309573445	617	1.145655964	7.426530594	0	4.914278741	0
run005	0.06309573445	621	1.152388615	7.453223357	0	4.92039853	0
run005	0.06309573445	625	1.15855264	7.481668791	0	4.932492968	0
run005	0.06309573445	629	1.163950032	7.511166347	0	4.95032074	0
run005	0.06309573445	633	1.168458323	7.540977957	0	4.973213616	0
run005	0.06309573445	637	1.172037084	7.570397561	0	5.000146598	0
run005	0.06309573445	641	1.174726575	7.598812133	0	5.029832745	0
run005	0.06309573445	645	1.176638994	7.625747599	0	5.060837234	0
run005	0.06309573445	649	1.177943726	7.650896188	0	5.091702059	0
run005	0.06309573445	653	1.178848558	7.674124983	0	5.121070522	0
run005	0.06309573445	657	1.179579132	7.695468105	0	5.147799301	0
run005	0.06309573445	661	1.180358741	7.715106535	0	5.171046725	0
run005	0.06309573445	665	1.181390281	7.733339777	0	5.190328435	0
run005	0.06309573445	669	1.18284158	7.750553031	0	5.205536157	0
run005	0.06309573445	673	1.184834874	7.767182532	0	5.216919855	0
run005	0.06309573445	677	1.187440722	7.783680845	0	5.225038241	0
run005	0.06309573445	681	1.190676305	7.80048347	0	5.230685659	0
run005	0.06309573445	685	1.194507823	7.817978061	0	5.234804964	0
run005	0.06309573445	689	1.198856551	7.836477833	0	5.238395941	0
run005	0.06309573445	693	1.20360792	7.85620096	0	5.242427782	0
run005	0.06309573445	697	1.208622864	7.877257753	0	5.247762311	0
run005	0.06309573445	701	1.213750568	7.899646998	0	5.255092563	0
run005	0.06309573445	705	1.218841581	7.923262041	0	5.264899647	0
run005	0.06309573445	709	1.223760242	7.947906125	0	5.277429241	0
run005	0.06309573445	713	1.228395362	7.973315325	0	5.292687832	0
run005	0.06309573445	717	1.23266826	7.999186501	0	5.310457806	0
run005	0.06309573445	721	1.236537507	8.025207067	0	5.330329408	0
run005	0.06309573445	725	1.24000006	8.05108334	0	5.35174661	0
run005	0.06309573445	729	1.243088883	8.076564647	0	5.374062895	0
run005	0.06309573445	733	1.245867479	8.101461185	0	5.396602097	0
run005	0.06309573445	737	1.248422091	8.125654617	0	5.418718867	0
run005	0.06309573445	741	1.25085247	8.14910133	0	5.439853291	0
run005	0.06309573445	745	1.253262196	8.171829059	0	5.459574781	0
run005	0.06309573445	749	1.255749457	8.193928055	0	5.477611543	0
run005	0.06309573445	753	1.258399049	8.215538196	0	5.493863651	0
run005	0.06309573445	757	1.261276171	8.236833399	0	5.508399324	0
run005	0.06309573445	761	1.264422384	8.258004777	0	5.52143622	0
run005	0.06309573445	765	1.267853851	8.279243743	0	5.533310635	0
run005	0.06309573445	769	1.271561843	8.300726239	0	5.544438509	0
run005	0.06309573445	773	1.275515294	8.322599198	0	5.555272592	0
run005	0.06309573445	777	1.279665057	8.344970171	0	5.566259892	0
run005	0.06309573445	781	1.283949427	8.367900877	0	5.577803113	0
run005	0.06309573445	785	1.288300377	8.391405103	0	5.590229006	0
run005	0.06309573445	789	1.292649965	8.415451001	0	5.603765705	0
run005	0.06309573445	793	1.296936323	8.439967376	0	5.618530222	0
run005	0.06309573445	797	1.301108737	8.464853175	0	5.634526378	0
run005	0.06309573445	801	1.305131391	8.489989053	0	5.651652671	0
run005	0.06309573445	805	1.308985522	8.515249729	0	5.66971872	0
run005	0.06309573445	809	1.312669871	8.540515882	0	5.688468518	0
run005	0.06309573445	813	1.316199483	8.565684432	0	5.707608035	0
run005	0.06309573445	817	1.319603118	8.590676385	0	5.726834392	0
run005	0.06309573445	821	1.322919587	8.615441744	0	5.745864	0
run005	0.06309573445	825	1.32619345	8.639961352	0	5.764457035	0
run005	0.06309573445	829	1.329470523	8.664245819	0	5.782436214	0
run005	0.06309573445	833	1.332793629	8.688331933	0	5.799698412	0
run005	0.06309573445	837	1.336198949	8.712277125	0	5.816218559	0
run005	0.06309573445	841	1.339713272	8.736152602	0	5.832045926	0
run005	0.06309573445	845	1.343352295	8.760035881	0	5.847293773	0
run005	0.06309573445	849	1.347120063	8.784003352	0	5.862123851	0
run005	0.06309573445	853	1.351009506	8.808123527	0	5.87672762	0
run005	0.06309573445	857	1.355003939	8.832451487	0	5.891306209	0
run005	0.06309573445	861	1.359079333	8.857024961	0	5.906051082	0
run005	0.06309573445	865	1.363207086	8.881862277	0	5.921127129	0
run005	0.06309573445	869	1.367357022	8.906962263	0	5.936659543	0
run005	0.06309573445	873	1.371500318	8.932305992	0	5.952725376	0
run005	0.06309573445	877	1.375612085	8.957860055	0	5.969350155	0
run005	0.06309573445	881	1.379673414	8.983580956	0	5.986509522	0
run005	0.06309573445	885	1.38367268	9.009420121	0	6.004135462	0
run005	0.06309573445	889	1.387606086	9.035328963	0	6.022126067	0
run005	0.06309573445	893	1.391477397	9.061263485	0	6.040357814	0
run005	0.06309573445	897	1.395296996	9.087188061	0	6.058698935	0
run005	0.06309573445	901	1.399080362	9.113078067	0	6.077022621	0
run005	0.06309573445	905	1.402846197	9.138921227	0	6.095218723	0
run005	0.06309573445	909	1.406614385	9.164717695	0	6.113203019	0
run005	0.06309573445	913	1.410403998	9.190478928	0	6.1309232	0
run005	0.06309573445	917	1.414231546	9.216225635	0	6.148361389	0
run005	0.06309573445	921	1.418109605	9.241985003	0	6.16553305	0
run005	0.06309573445	925	1.422045938	9.267787575	0	6.182482779	0
run005	0.06309573445	929	1.426043138	9.293664072	0	6.199277629	0
run005	0.06309573445	933	1.430098808	9.319642457	0	6.215998733	0
run005	0.06309573445	937	1.434206194	9.345745513	0	6.232732294	0
run005	0.06309573445	941	1.438355198	9.371989105	0	6.249560784	0
run005	0.06309573445	945	1.442533634	9.398381272	0	6.266555238	0
run005	0.06309573445	949	1.446728586	9.424922134	0	6.283769281	0
run005	0.06309573445	953	1.450927733	9.451604602	0	6.301235354	0
run005	0.06309573445	957	1.455120515	9.478415703	0	6.318963239	0
run005	0.06309573445	961	1.459299028	9.505338432	0	6.336941085	0
run005	0.06309573445	965	1.463458593	9.53235379	0	6.355138325	0
run005	0.06309573445	969	1.467597951	9.559442865	0	6.373510301	0
run005	0.06309573445	973	1.471719109	9.586588709	0	6.392003883	0
run005	0.06309573445	977	1.475826872	9.613777871	0	6.410563492	0
run005	0.06309573445	981	1.47992813	9.641001413	0	6.429136852	0
run005	0.06309573445	985	1.484031001	9.66825542	0	6.447679982	0
run005	0.06309573445	989	1.488143918	9.695540939	0	6.466160904	0
run005	0.06309573445	993	1.49227476	9.722863458	0	6.484561895	0
run005	0.06309573445	997	1.496430111	9.750231968	0	6.502880037	0
run005	0.06309573445	1001	1.500614714	9.777657767	0	6.521126261	0
run005	0.06309573445	1005	1.504831143	9.805153163	0	6.539323122	0
run005	0.06309573445	1009	1.509079739	9.832730151	0	6.557501461	0
run005	0.06309573445	1013	1.513358768	9.860399258	0	6.575696548	0
run005	0.06309573445	1017	1.517664773	9.888168642	0	6.593944142	0
run005	0.06309573445	1021	1.521993086	9.916043505	0	6.612276794	0
run005	0.06309573445	1025	1.526338404	9.944025859	0	6.630720815	0
run005	0.06309573445	1029	1.530695394	9.972114622	0	6.649294106	0
run005	0.06309573445	1033	1.535059248	10.00030605	0	6.668005074	0
run005	0.06309573445	1037	1.539426135	10.02859439	0	6.68685263	0
run005	0.06309573445	1041	1.543793516	10.05697265	0	6.705827138	0
run005	0.06309573445	1045	1.548160296	10.08543352	0	6.724912175	0
run005	0.06309573445	1049	1.552526818	10.11397009	0	6.744086868	0
run005	0.06309573445	1053	1.556894702	10.14257662	0	6.763328476	0
run005	0.06309573445	1057	1.561266571	10.17124902	0	6.782614953	0
run005	0.06309573445	1061	1.565645691	10.19998514	0	6.801927217	0
run005	0.06309573445	1065	1.570035572	10.22878482	0	6.821250907	0
run005	0.06309573445	1069	1.574439589	10.25764977	0	6.840577493	0
run005	0.06309573445	1073	1.578860636	10.28658323	0	6.859904666	0
run005	0.06309573445	1077	1.583300871	10.31558949	0	6.879236047	0
run005	0.06309573445	1081	1.587761555	10.34467341	0	6.898580304	0
run005	0.06309573445	1085	1.592243003	10.37383984	0	6.917949762	0
run005	0.06309573445	1089	1.596744637	10.40309315	0	6.937358773	0
run005	0.06309573445	1093	1.601265133	10.43243684	0	6.956822017	0
run005	0.06309573445	1097	1.605802638	10.46187327	0	6.976352898	0
run005	0.06309573445	1100	1.609215645	10.48401218	0	6.991052084	0
run006	0.1	1	10	10	0	10	0
run006	0.1	5	7.607181321	8.111582382	0	7.763461106	0
run006	0.1	9	5.841122602	8.27824376	0	6.663012164	0
run006	0.1	13	4.500810386	9.470953106	0	6.302227452	0
run006	0.1	17	3.46300103	10.53967024	0	6.425633078	0
run006	0.1	21	2.658701686	11.12133267	0	6.872200659	0
run006	0.1	25	2.038859516	11.4747174	0	7.460761139	0
run006	0.1	29	1.563066206	11.84440492	0	8.024328335	0
run006	0.1	33	1.198560961	12.29304513	0	8.47947046	0
run006	0.1	37	0.919667398	12.78124397	0	8.822932625	0
run006	0.1	41	0.7065189761	13.24949928	0	9.081140972	0
run006	0.1	45	0.5437977717	13.65246534	0	9.273278402	0
run006	0.1	49	0.4197240153	13.95970412	0	9.400737684	0
run006	0.1	53	0.3252680328	14.14554116	0	9.449739742	0
run006	0.1	57	0.2535325248	14.18084226	0	9.39674636	0
run006	0.1	61	0.1992684608	14.03047574	0	9.213843695	0
run006	0.1	65	0.1584966701	13.65712957	0	8.875168301	0
run006	0.1	69	0.1282119042	13.03177464	0	8.365780327	0
run006	0.1	73	0.1061510396	12.14914056	0	7.691823634	0
run006	0.1	77	0.0906143638	11.04149182	0	6.886746545	0
run006	0.1	81	0.08033645456	9.780106925	0	6.007260757	0
run006	0.1	85	0.07440485022	8.459233467	0	5.11868163	0
run006	0.1	89	0.07221792144	7.170573793	0	4.277767633	0
run006	0.1	93	0.07346670214	5.983111247	0	3.522309834	0
run006	0.1	97	0.07812804252	4.936210502	0	2.870004661	0
run006	0.1	101	0.08646506779	4.043504353	0	2.3231053	0
run006	0.1	105	0.09903671161	3.301106057	0	1.874438885	0
run006	0.1	109	0.1167180073	2.695460632	0	1.512332116	0
run006	0.1	113	0.1407289038	2.209049698	0	1.22384533	0
run006	0.1	117	0.172663469	1.823920396	0	0.9965916316	0
run006	0.1	121	0.2145033881	1.523615094	0	0.8196129831	0
run006	0.1	125	0.2685887631	1.29411164	0	0.6837106078	0
run006	0.1	129	0.3375053034	1.124245928	0	0.5815027289	0
run006	0.1	133	0.4238325886	1.005954904	0	0.5073849994	0
run006	0.1	137	0.5296906255	0.9346032887	0	0.4575124177	0
run006	0.1	141	0.6560350777	0.9096533099	0	0.4299039046	0
run006	0.1	145	0.8017020249	0.9360044957	0	0.4247925205	0
run006	0.1	149	0.9622994557	1.026435149	0	0.4454128899	0
run006	0.1	153	1.129166875	1.205515665	0	0.4995439928	0
run006	0.1	157	1.28873953	1.514321858	0	0.6022866329	0
run006	0.1	161	1.422785988	2.011028921	0	0.7805596546	0
run006	0.1	165	1.510348034	2.752620752	0	1.07893832	0
run006	0.1	169	1.532832779	3.738712691	0	1.563051133	0
run006	0.1	173	1.482769008	4.84500347	0	2.308818592	0
run006	0.1	177	1.3711402	5.858738431	0	3.357112387	0
run006	0.1	181	1.223951039	6.638307546	0	4.631413251	0
run006	0.1	185	1.068740378	7.198575563	0	5.897185774	0
run006	0.1	189	0.923966897	7.628661962	0	6.870871099	0
run006	0.1	193	0.7980226608	7.983481609	0	7.392519438	0
run006	0.1	197	0.6931707928	8.252343647	0	7.471213982	0
run006	0.1	201	0.6089630419	8.387393029	0	7.210049388	0
run006	0.1	205	0.5439418712	8.34576076	0	6.728007526	0
run006	0.1	209	0.4963501052	8.1165688	0	6.124838212	0
run006	0.1	213	0.4644616916	7.724843713	0	5.474856304	0
run006	0.1	217	0.4467687038	7.219349971	0	4.830302376	0
run006	0.1	221	0.4420849633	6.656062671	0	4.225710822	0
run006	0.1	225	0.4495774926	6.085512768	0	3.6816671	0
run006	0.1	229	0.4687281412	5.54658388	0	3.208220046	0
run006	0.1	233	0.499227413	5.065587246	0	2.808069191	0
run006	0.1	237	0.5408026278	4.658277752	0	2.479362534	0
run006	0.1	241	0.592983999	4.332855305	0	2.217943012	0
run006	0.1	245	0.6548195838	4.092792932	0	2.019019059	0
run006	0.1	249	0.7245678211	3.938957432	0	1.878347846	0
run006	0.1	253	0.7994252852	3.870812573	0	1.793061506	0
run006	0.1	257	0.8753815027	3.886604859	0	1.762249627	0
run006	0.1	261	0.9473170116	3.982487795	0	1.787351341	0
run006	0.1	265	1.009450194	4.150736049	0	1.872306477	0
run006	0.1	269	1.056164928	4.377697743	0	2.023251771	0
run006	0.1	273	1.083102251	4.642840888	0	2.247323089	0
run006	0.1	277	1.088211576	4.920529829	0	2.549930656	0
run006	0.1	281	1.072342694	5.185075776	0	2.93003964	0
run006	0.1	285	1.039059965	5.41718174	0	3.374085952	0
run006	0.1	289	0.993700113	5.608111678	0	3.851362382	0
run006	0.1	293	0.9420764378	5.758991351	0	4.315394471	0
run006	0.1	297	0.8893672354	5.876014132	0	4.713777051	0
run006	0.1	301	0.8395260451	5.964872488	0	5.002837188	0
run006	0.1	305	0.7952132469	6.027479791	0	5.159098262	0
run006	0.1	309	0.7580326295	6.06193825	0	5.182056235	0
run006	0.1	313	0.7288450808	6.06478874	0	5.089175	0
run006	0.1	317	0.7080302963	6.033855216	0	4.907725958	0
run006	0.1	321	0.6956612748	5.970298691	0	4.667473829	0
run006	0.1	325	0.6916023571	5.879263006	0	4.395876332	0
run006	0.1	329	0.6955511017	5.769233978	0	4.115733277	0
run006	0.1	333	0.7070401155	5.650652683	0	3.844564729	0
run006	0.1	337	0.7254104652	5.534371625	0	3.594985589	0
run006	0.1	341	0.7497676092	5.430351814	0	3.375543606	0
run006	0.1	345	0.7789336311	5.346752383	0	3.191687976	0
run006	0.1	349	0.8114140183	5.289384292	0	3.046681136	0
run006	0.1	353	0.8454007545	5.261425539	0	2.942357413	0
run006	0.1	357	0.8788331053	5.263308703	0	2.879681837	0
run006	0.1	361	0.9095300009	5.292755792	0	2.859084322	0
run006	0.1	365	0.9353918348	5.34500866	0	2.880549076	0
run006	0.1	369	0.9546464178	5.413341658	0	2.943440465	0
run006	0.1	373	0.9660908578	5.48990869	0	3.046060579	0
run006	0.1	377	0.9692688782	5.566858641	0	3.184982057	0
run006	0.1	381	0.9645314357	5.637497487	0	3.35429535	0
run006	0.1	385	0.9529590048	5.697177753	0	3.545038101	0
run006	0.1	389	0.9361659746	5.743645133	0	3.745165853	0
run006	0.1	393	0.9160423017	5.776769428	0	3.940368274	0
run006	0.1	397	0.8944993541	5.797830509	0	4.115763201	0
run006	0.1	401	0.8732726281	5.808680527	0	4.258099439	0
run006	0.1	405	0.8538045631	5.811091171	0	4.357804802	0
run006	0.1	409	0.8372019492	5.806452594	0	4.410245149	0
run006	0.1	413	0.8242452948	5.795815524	0	4.415900762	0
run006	0.1	417	0.8154241763	5.780145414	0	4.379590015	0
run006	0.1	421	0.810978148	5.760619902	0	4.309140455	0
run006	0.1	425	0.8109313851	5.738833798	0	4.2139448	0
run006	0.1	429	0.8151167741	5.716842667	0	4.10371607	0
run006	0.1	433	0.8231903739	5.697042428	0	3.987588551	0
run006	0.1	437	0.8346402603	5.681927384	0	3.873577663	0
run006	0.1	441	0.8487954389	5.6737881	0	3.7683356	0
run006	0.1	445	0.8648411563	5.67440933	0	3.677112738	0
run006	0.1	449	0.8818465264	5.6848171	0	3.603836914	0
run006	0.1	453	0.8988087268	5.705111411	0	3.551238919	0
run006	0.1	457	0.9147148525	5.734410118	0	3.520972257	0
run006	0.1	461	0.9286180175	5.770918665	0	3.513694724	0
run006	0.1	465	0.9397194442	5.812126349	0	3.529097847	0
run006	0.1	469	0.9474443101	5.855109257	0	3.565888614	0
run006	0.1	473	0.951497744	5.89689602	0	3.621746859	0
run006	0.1	477	0.9518896852	5.934832317	0	3.69329974	0
run006	0.1	481	0.9489231331	5.966874567	0	3.776166658	0
run006	0.1	485	0.9431480483	5.991758574	0	3.865126576	0
run006	0.1	489	0.9352903279	6.009022654	0	3.954438308	0
run006	0.1	493	0.9261694269	6.018904509	0	4.038303387	0
run006	0.1	497	0.9166184155	6.022161691	0	4.111411832	0
run006	0.1	501	0.9074169093	6.019875403	0	4.169473531	0
run006	0.1	505	0.8992422553	6.013286245	0	4.209630262	0
run006	0.1	509	0.8926394477	6.003686301	0	4.230670785	0
run006	0.1	513	0.8880068671	5.99236638	0	4.233022486	0
run006	0.1	517	0.8855934575	5.980599343	0	4.218546578	0
run006	0.1	521	0.8855031297	5.96963424	0	4.190200354	0
run006	0.1	525	0.8877032978	5.960679817	0	4.151641923	0
run006	0.1	529	0.8920359066	5.954865644	0	4.106843457	0
run006	0.1	533	0.8982306282	5.953180081	0	4.0597577	0
run006	0.1	537	0.9059208296	5.956393252	0	4.014059105	0
run006	0.1	541	0.9146633157	5.964978652	0	3.972961763	0
run006	0.1	545	0.9239627094	5.979048893	0	3.939104019	0
run006	0.1	549	0.9333006467	5.998319611	0	3.914484062	0
run006	0.1	553	0.9421689617	6.022112262	0	3.900430964	0
run006	0.1	557	0.9501047151	6.049400413	0	3.89759832	0
run006	0.1	561	0.956723888	6.0788976	0	3.905973602	0
run006	0.1	565	0.9617498947	6.109177197	0	3.924901882	0
run006	0.1	569	0.9650332005	6.138808545	0	3.953127966	0
run006	0.1	573	0.9665592812	6.166489844	0	3.988864239	0
run006	0.1	577	0.9664438308	6.19115881	0	4.029891786	0
run006	0.1	581	0.9649160401	6.212066813	0	4.073698928	0
run006	0.1	585	0.9622925849	6.228810329	0	4.117654274	0
run006	0.1	589	0.9589460436	6.24132205	0	4.159202726	0
run006	0.1	593	0.9552718275	6.249831329	0	4.196064563	0
run006	0.1	597	0.9516571902	6.254806708	0	4.226413326	0
run006	0.1	601	0.9484548795	6.256892925	0	4.249009288	0
run006	0.1	605	0.9459628321	6.256851148	0	4.263271706	0
run006	0.1	609	0.9444102227	6.255506575	0	4.26928374	0
run006	0.1	613	0.9439494971	6.253703476	0	4.267734551	0
run006	0.1	617	0.9446536123	6.252265395	0	4.259812257	0
run006	0.1	621	0.9465176844	6.251957847	0	4.247065926	0
run006	0.1	625	0.9494643459	6.253451981	0	4.231255528	0
run006	0.1	629	0.9533523001	6.257289543	0	4.214205868	0
run006	0.1	633	0.9579877248	6.263851375	0	4.197676024	0
run006	0.1	637	0.9631381604	6.273332955	0	4.183251044	0
run006	0.1	641	0.9685484253	6.285730882	0	4.172258366	0
run006	0.1	645	0.9739578839	6.300843505	0	4.165708709	0
run006	0.1	649	0.979118105	6.318287553	0	4.164259847	0
run006	0.1	653	0.9838096874	6.337530479	0	4.168201217	0
run006	0.1	657	0.9878569007	6.357935972	0	4.177457807	0
run006	0.1	661	0.9911388251	6.378818113	0	4.191612384	0
run006	0.1	665	0.9935959362	6.399498221	0	4.209945487	0
run006	0.1	669	0.9952315431	6.419358097	0	4.231492349	0
run006	0.1	673	0.9961080689	6.437884114	0	4.255114973	0
run006	0.1	677	0.9963387282	6.454698242	0	4.279585988	0
run006	0.1	681	0.9960756723	6.469574312	0	4.303678924	0
run006	0.1	685	0.9954959594	6.482440047	0	4.326257916	0
run006	0.1	689	0.9947867796	6.493367	0	4.346358937	0
run006	0.1	693	0.9941312635	6.502551558	0	4.363254947	0
run006	0.1	697	0.9936959264	6.510290236	0	4.376498983	0
run006	0.1	701	0.9936204766	6.516952045	0	4.385941802	0
run006	0.1	705	0.9940103975	6.522949939	0	4.391723764	0
run006	0.1	709	0.9949324382	6.5287127	0	4.394243653	0
run006	0.1	713	0.9964129405	6.534658104	0	4.394109402	0
run006	0.1	717	0.9984388245	6.541168111	0	4.392076873	0
run006	0.1	721	1.000960943	6.548566875	0	4.388983231	0
run006	0.1	725	1.003899467	6.557102557	0	4.385680813	0
run006	0.1	729	1.00715095	6.5669341	0	4.382976248	0
run006	0.1	733	1.010596576	6.578124013	0	4.381578443	0
run006	0.1	737	1.014111098	6.59063796	0	4.38205763	0
run006	0.1	741	1.017571899	6.60435143	0	4.384816699	0
run006	0.1	745	1.020867534	6.619063105	0	4.390075299	0
run006	0.1	749	1.023905165	6.634513793	0	4.397866526	0
run006	0.1	753	1.026616325	6.650409189	0	4.408045649	0
run006	0.1	757	1.028960615	6.666444311	0	4.420309868	0
run006	0.1	761	1.030927071	6.68232729	0	4.43422766	0
run006	0.1	765	1.032533211	6.697800426	0	4.449275724	0
run006	0.1	769	1.033821925	6.712656828	0	4.464881009	0
run006	0.1	773	1.034856622	6.726751611	0	4.480464805	0
run006	0.1	777	1.035715131	6.740007306	0	4.495485568	0
run006	0.1	781	1.036482957	6.752413721	0	4.509477163	0
run006	0.1	785	1.037246469	6.764022979	0	4.522079534	0
run006	0.1	789	1.038086558	6.774940695	0	4.53305954	0
run006	0.1	793	1.039073186	6.785314376	0	4.542320659	0
run006	0.1	797	1.040261149	6.795320087	0	4.549901381	0
run006	0.1	801	1.041687232	6.805148347	0	4.555963158	0
run006	0.1	805	1.043368836	6.814990127	0	4.560769697	0
run006	0.1	809	1.045304052	6.825023723	0	4.564660004	0
run006	0.1	813	1.047473059	6.835403208	0	4.568017834	0
run006	0.1	817	1.049840701	6.846249125	0	4.571240153	0
run006	0.1	821	1.052359966	6.857641921	0	4.574707175	0
run006	0.1	825	1.0549761	6.869618547	0	4.578755932	0
run006	0.1	829	1.057631059	6.882172361	0	4.583658903	0
run006	0.1	833	1.060267951	6.895256283	0	4.589608769	0
run006	0.1	837	1.062835159	6.908788865	0	4.596709836	0
run006	0.1	841	1.065289851	6.922662679	0	4.604976279	0
run006	0.1	845	1.067600642	6.936754232	0	4.614336847	0
run006	0.1	849	1.069749232	6.950934505	0	4.624645393	0
run006	0.1	853	1.071730954	6.965079193	0	4.635696205	0
run006	0.1	857	1.073554237	6.979077826	0	4.647242845	0
run006	0.1	861	1.075239101	6.992841091	0	4.659018981	0
run006	0.1	865	1.076814855	7.006305929	0	4.670759593	0
run006	0.1	869	1.078317243	7.019438192	0	4.68222091	0
run006	0.1	873	1.07978529	7.032232902	0	4.6931976	0
run006	0.1	877	1.08125813	7.044712306	0	4.70353598	0
run006	0.1	881	1.082772053	7.05692211	0	4.713142419	0
run006	0.1	885	1.084357968	7.068926312	0	4.72198659	0
run006	0.1	889	1.086039467	7.080801092	0	4.730099439	0
run006	0.1	893	1.087831563	7.092628316	0	4.737566614	0
run006	0.1	897	1.089740157	7.104489089	0	4.744518123	0
run006	0.1	901	1.091762221	7.116457795	0	4.751115229	0
run006	0.1	905	1.09388663	7.128597032	0	4.757535951	0
run006	0.1	909	1.096095543	7.140953712	0	4.763960309	0
run006	0.1	913	1.098366202	7.153556602	0	4.770556482	0
run006	0.1	917	1.100672985	7.166415372	0	4.777468892	0
run006	0.1	921	1.102989542	7.179521159	0	4.784808873	0
run006	0.1	925	1.105290863	7.192848547	0	4.792648519	0
run006	0.1	929	1.10755511	7.206358697	0	4.801017899	0
run006	0.1	933	1.10976509	7.220003333	0	4.809905606	0
run006	0.1	937	1.111909274	7.233729204	0	4.819262441	0
run006	0.1	941	1.11398231	7.247482616	0	4.829007719	0
run006	0.1	945	1.115985025	7.261213674	0	4.839037574	0
run006	0.1	949	1.11792393	7.274879906	0	4.84923455	0
run006	0.1	953	1.119810325	7.28844901	0	4.859477616	0
run006	0.1	957	1.121659078	7.301900598	0	4.869651839	0
run006	0.1	961	1.123487219	7.315226874	0	4.879656968	0
run006	0.1	965	1.125312459	7.328432277	0	4.889414297	0
run006	0.1	969	1.127151746	7.341532184	0	4.898871386	0
run006	0.1	973	1.129020007	7.354550894	0	4.908004363	0
run006	0.1	977	1.130929119	7.367519074	0	4.916817816	0
run006	0.1	981	1.132887198	7.380470894	0	4.925342426	0
run006	0.1	985	1.134898227	7.39344112	0	4.933630695	0
run006	0.1	989	1.13696204	7.406462357	0	4.941751241	0
run006	0.1	993	1.139074621	7.419562659	0	4.949782217	0
run006	0.1	997	1.141228694	7.432763659	0	4.957804457	0
run006	0.1	1001	1.143414521	7.446079331	0	4.965894886	0
run006	0.1	1005	1.145620844	7.459515444	0	4.974120725	0
run006	0.1	1009	1.147835886	7.473069694	0	4.982534852	0
run006	0.1	1013	1.150048318	7.486732491	0	4.991172647	0
run006	0.1	1017	1.152248134	7.500488256	0	5.000050427	0
run006	0.1	1021	1.154427353	7.514317124	0	5.009165529	0
run006	0.1	1025	1.156580523	7.528196854	0	5.018497819	0
run006	0.1	1029	1.158704979	7.542104803	0	5.028012542	0
run006	0.1	1033	1.160800856	7.5560198	0	5.037664205	0
run006	0.1	1037	1.162870883	7.569923736	0	5.047400934	0
run006	0.1	1041	1.164919979	7.583802793	0	5.057169125	0
run006	0.1	1045	1.166954696	7.597648228	0	5.066917889	0
run006	0.1	1049	1.168982576	7.61145671	0	5.07660299	0
run006	0.1	1053	1.17101147	7.625230161	0	5.086189958	0
run006	0.1	1057	1.173048878	7.6389752	0	5.095656163	0
run006	0.1	1061	1.175101369	7.652702266	0	5.104991848	0
run006	0.1	1065	1.177174115	7.666424476	0	5.114199965	0
run006	0.1	1069	1.179270576	7.680156362	0	5.123295006	0
run006	0.1	1073	1.181392336	7.693912596	0	5.132300997	0
run006	0.1	1077	1.18353912	7.707706788	0	5.14124882	0
run006	0.1	1081	1.185708946	7.721550466	0	5.150173184	0
run006	0.1	1085	1.187898413	7.735452289	0	5.159109508	0
run006	0.1	1089	1.190103082	7.749417568	0	5.168090954	0
run006	0.1	1093	1.192317915	7.763448082	0	5.177145881	0
run006	0.1	1097	1.194537735	7.777542201	0	5.186295855	0
run006	0.1	1100	1.196202916	7.78815184	0	5.193229171	0
run007	0.1584893192	1	10	10	0	10	0
run007	0.1584893192	5	7.607145257	8.092882148	0	7.745784675	0
run007	0.1584893192	9	5.840931485	8.239702201	0	6.632800158	0
run007	0.1584893192	13	4.500507124	9.407880928	0	6.2594323	0
run007	0.1584893192	17	3.462678423	10.45341874	0	6.368130147	0
run007	0.1584893192	21	2.658379229	11.01320958	0	6.797799466	0
run007	0.1584893192	25	2.038527003	11.34272147	0	7.368907084	0
run007	0.1584893192	29	1.562717774	11.6861772	0	7.915752801	0
run007	0.1584893192	33	1.198191108	12.10772564	0	8.354759804	0
run007	0.1584893192	37	0.9192669011	12.5694101	0	8.682197033	0
run007	0.1584893192	41	0.7060756985	13.01261109	0	8.924754174	0
run007	0.1584893192	45	0.5432970761	13.39284956	0	9.102703456	0
run007	0.1584893192	49	0.4191475528	13.68119387	0	9.219105064	0
run007	0.1584893192	53	0.3245914749	13.85443957	0	9.262289962	0
run007	0.1584893192	57	0.252722602	13.88688783	0	9.211191731	0
run007	0.1584893192	61	0.1982794242	13.7474548	0	9.040439231	0
run007	0.1584893192	65	0.1572663891	13.40251814	0	8.726002583	0
run007	0.1584893192	69	0.1266581011	12.82454881	0	8.252751261	0
run007	0.1584893192	73	0.1041680958	12.00534221	0	7.623357866	0
run007	0.1584893192	77	0.08806994886	10.96881746	0	6.864602713	0
run007	0.1584893192	81	0.07706504738	9.774646294	0	6.025555718	0
run007	0.1584893192	85	0.07019387263	8.506888522	0	5.166082461	0
run007	0.1584893192	89	0.06678343828	7.252266705	0	4.3413987	0
run007	0.1584893192	93	0.06641792387	6.080353867	0	3.591020009	0
run007	0.1584893192	97	0.06892039775	5.034442552	0	2.935831826	0
run007	0.1584893192	101	0.07434018999	4.132909971	0	2.381235766	0
run007	0.1584893192	105	0.0829462298	3.375911143	0	1.922462657	0
run007	0.1584893192	109	0.09522803408	2.75272692	0	1.549390454	0
run007	0.1584893192	113	0.1119042606	2.247527798	0	1.249932029	0
run007	0.1584893192	117	0.133935812	1.843144734	0	1.01205663	0
run007	0.1584893192	121	0.1625370541	1.523226668	0	0.8248282114	0
run007	0.1584893192	125	0.1991744547	1.273318846	0	0.6788358792	0
run007	0.1584893192	129	0.2455364565	1.081307803	0	0.566290248	0
run007	0.1584893192	133	0.3034517911	0.9375483902	0	0.4809621721	0
run007	0.1584893192	137	0.374727206	0.8348875072	0	0.4180726157	0
run007	0.1584893192	141	0.4608730937	0.7687431327	0	0.3742037091	0
run007	0.1584893192	145	0.56269244	0.7373872019	0	0.3472866735	0
run007	0.1584893192	149	0.6797314248	0.7426168848	0	0.3367300407	0
run007	0.1584893192	153	0.8096318744	0.7910793001	0	0.3437850901	0
run007	0.1584893192	157	0.9474792369	0.8965971313	0	0.3723132543	0
run007	0.1584893192	161	1.085285673	1.083712639	0	0.4302313374	0
run007	0.1584893192	165	1.211779609	1.391546132	0	0.5320367795	0
run007	0.1584893192	169	1.312761669	1.873071377	0	0.702778864	0
run007	0.1584893192	173	1.372622017	2.576759472	0	0.9830353796	0
run007	0.1584893192	177	1.378132251	3.496523934	0	1.431531226	0
run007	0.1584893192	181	1.324846552	4.517759731	0	2.115559767	0
run007	0.1584893192	185	1.222318654	5.45186899	0	3.072593586	0
run007	0.1584893192	189	1.091458295	6.171129673	0	4.240814418	0
run007	0.1584893192	193	0.9544893217	6.682619517	0	5.420258133	0
run007	0.1584893192	197	0.8266924141	7.063511246	0	6.355931582	0
run007	0.1584893192	201	0.7152331851	7.368184806	0	6.887502422	0
run007	0.1584893192	205	0.622070626	7.595924086	0	7.004834106	0
run007	0.1584893192	209	0.5467668006	7.710578758	0	6.792817126	0
run007	0.1584893192	213	0.4879861028	7.675147775	0	6.3603395	0
run007	0.1584893192	217	0.4441331673	7.476419659	0	5.802975747	0
run007	0.1584893192	221	0.4136353963	7.131230959	0	5.193383246	0
run007	0.1584893192	225	0.3950928816	6.678343872	0	4.582912781	0
run007	0.1584893192	229	0.3873608544	6.165055934	0	4.005543846	0
run007	0.1584893192	233	0.3895795909	5.635888119	0	3.481642923	0
run007	0.1584893192	237	0.4011567418	5.126305745	0	3.021340433	0
run007	0.1584893192	241	0.4217067176	4.661045817	0	2.627572592	0
run007	0.1584893192	245	0.4509517167	4.255292667	0	2.298692969	0
run007	0.1584893192	249	0.4885883024	3.917031655	0	2.030549757	0
run007	0.1584893192	253	0.5341241227	3.649507314	0	1.818018234	0
run007	0.1584893192	257	0.5866938473	3.453264087	0	1.656065577	0
run007	0.1584893192	261	0.6448729842	3.327582882	0	1.540465685	0
run007	0.1584893192	265	0.7065223801	3.271265332	0	1.468280028	0
run007	0.1584893192	269	0.7687118446	3.282740337	0	1.438195015	0
run007	0.1584893192	273	0.8277821573	3.359463127	0	1.450765421	0
run007	0.1584893192	277	0.8796010568	3.496647395	0	1.508554661	0
run007	0.1584893192	281	0.9200390718	3.685618861	0	1.616073993	0
run007	0.1584893192	285	0.9456263275	3.912519153	0	1.779291537	0
run007	0.1584893192	289	0.9542572762	4.158474335	0	2.004322612	0
run007	0.1584893192	293	0.9457237645	4.402110659	0	2.294837329	0
run007	0.1584893192	297	0.921846945	4.624072468	0	2.648008236	0
run007	0.1584893192	301	0.8861005643	4.811558335	0	3.049840728	0
run007	0.1584893192	305	0.8428381862	4.960360071	0	3.472344246	0
run007	0.1584893192	309	0.7964188207	5.073304731	0	3.87577613	0
run007	0.1584893192	313	0.7505393358	5.156284893	0	4.217103844	0
run007	0.1584893192	317	0.7079286827	5.21429013	0	4.461406888	0
run007	0.1584893192	321	0.67036513	5.24929878	0	4.590352745	0
run007	0.1584893192	325	0.6388705247	5.260431649	0	4.604061845	0
run007	0.1584893192	329	0.6139416105	5.245606523	0	4.517164716	0
run007	0.1584893192	333	0.5957406229	5.203552665	0	4.352414453	0
run007	0.1584893192	337	0.5842242044	5.135281522	0	4.134828759	0
run007	0.1584893192	341	0.5792183597	5.0446094	0	3.887706723	0
run007	0.1584893192	345	0.5804537957	4.937797435	0	3.630572262	0
run007	0.1584893192	349	0.5875735206	4.822649493	0	3.378540519	0
run007	0.1584893192	353	0.6001209777	4.707457396	0	3.142542217	0
run007	0.1584893192	357	0.617515238	4.600077255	0	2.929970244	0
run007	0.1584893192	361	0.6390200101	4.507265831	0	2.745466708	0
run007	0.1584893192	365	0.6637147504	4.434278405	0	2.591688879	0
run007	0.1584893192	369	0.6904779923	4.38466159	0	2.469972944	0
run007	0.1584893192	373	0.7179941483	4.360161492	0	2.380861575	0
run007	0.1584893192	377	0.7447942153	4.360692101	0	2.324485518	0
run007	0.1584893192	381	0.7693369309	4.38435286	0	2.300797434	0
run007	0.1584893192	385	0.790129244	4.427530511	0	2.309654893	0
run007	0.1584893192	389	0.8058741909	4.485150094	0	2.350744239	0
run007	0.1584893192	393	0.8156227802	4.551133708	0	2.423335893	0
run007	0.1584893192	397	0.818898601	4.619071641	0	2.525874293	0
run007	0.1584893192	401	0.8157641757	4.683019474	0	2.655442908	0
run007	0.1584893192	405	0.8068091035	4.738247635	0	2.807211186	0
run007	0.1584893192	409	0.7930595724	4.781741482	0	2.97405031	0
run007	0.1584893192	413	0.7758300475	4.812312998	0	3.146552629	0
run007	0.1584893192	417	0.7565521642	4.830318777	0	3.313641987	0
run007	0.1584893192	421	0.7366175953	4.837117169	0	3.463784993	0
run007	0.1584893192	425	0.7172614123	4.834470646	0	3.586561419	0
run007	0.1584893192	429	0.6994961122	4.824080155	0	3.674162741	0
run007	0.1584893192	433	0.6840914751	4.807351352	0	3.722388651	0
run007	0.1584893192	437	0.6715865142	4.785390008	0	3.7309084	0
run007	0.1584893192	441	0.6623179639	4.759150669	0	3.70282487	0
run007	0.1584893192	445	0.6564526783	4.729636357	0	3.643780044	0
run007	0.1584893192	449	0.6540161116	4.698061775	0	3.560900182	0
run007	0.1584893192	453	0.6549134503	4.665928249	0	3.461823242	0
run007	0.1584893192	457	0.6589431233	4.634997512	0	3.35394654	0
run007	0.1584893192	461	0.6658043392	4.607180503	0	3.243934364	0
run007	0.1584893192	465	0.6751013188	4.584372079	0	3.137460707	0
run007	0.1584893192	469	0.6863473947	4.568265072	0	3.039131678	0
run007	0.1584893192	473	0.6989722836	4.560172008	0	2.952525998	0
run007	0.1584893192	477	0.712335575	4.560875475	0	2.880298964	0
run007	0.1584893192	481	0.7257488336	4.570522345	0	2.824307654	0
run007	0.1584893192	485	0.7385073436	4.588573121	0	2.785726893	0
run007	0.1584893192	489	0.7499307256	4.613815648	0	2.765136844	0
run007	0.1584893192	493	0.7594094267	4.644449234	0	2.762571758	0
run007	0.1584893192	497	0.7664519186	4.678238479	0	2.777527669	0
run007	0.1584893192	501	0.7707260088	4.712725414	0	2.808934865	0
run007	0.1584893192	505	0.7720874557	4.745475349	0	2.855109782	0
run007	0.1584893192	509	0.7705905737	4.774320266	0	2.913710159	0
run007	0.1584893192	513	0.7664784375	4.797559758	0	2.981724384	0
run007	0.1584893192	517	0.7601540022	4.814086055	0	3.055527993	0
run007	0.1584893192	521	0.7521369821	4.82341683	0	3.131032768	0
run007	0.1584893192	525	0.7430135234	4.825641392	0	3.203935413	0
run007	0.1584893192	529	0.7333861464	4.821305012	0	3.270046336	0
run007	0.1584893192	533	0.7238301588	4.811266528	0	3.325652087	0
run007	0.1584893192	537	0.7148603318	4.796562766	0	3.36784897	0
run007	0.1584893192	541	0.7069090194	4.77830307	0	3.394787151	0
run007	0.1584893192	545	0.7003147525	4.757602814	0	3.405784354	0
run007	0.1584893192	549	0.6953190282	4.73555165	0	3.401299142	0
run007	0.1584893192	553	0.692068642	4.713204287	0	3.382783389	0
run007	0.1584893192	557	0.6906211842	4.691579182	0	3.352453386	0
run007	0.1584893192	561	0.6909519691	4.671652947	0	3.313025765	0
run007	0.1584893192	565	0.6929614394	4.65434318	0	3.26745869	0
run007	0.1584893192	569	0.6964827671	4.640477795	0	3.218726965	0
run007	0.1584893192	573	0.7012898952	4.630753499	0	3.169645856	0
run007	0.1584893192	577	0.7071065658	4.625688934	0	3.122746604	0
run007	0.1584893192	581	0.7136169791	4.625579476	0	3.080198479	0
run007	0.1584893192	585	0.7204786032	4.630460863	0	3.043767725	0
run007	0.1584893192	589	0.7273373358	4.640088035	0	3.014802354	0
run007	0.1584893192	593	0.7338448069	4.653934506	0	2.994232983	0
run007	0.1584893192	597	0.7396770053	4.671215212	0	2.98258148	0
run007	0.1584893192	601	0.7445529513	4.690933466	0	2.979972601	0
run007	0.1584893192	605	0.7482517181	4.711949375	0	2.986146644	0
run007	0.1584893192	609	0.7506259903	4.733063682	0	3.000474182	0
run007	0.1584893192	613	0.7516105155	4.753108245	0	3.021976441	0
run007	0.1584893192	617	0.7512243322	4.771032533	0	3.049356516	0
run007	0.1584893192	621	0.7495664401	4.785975911	0	3.081046857	0
run007	0.1584893192	625	0.7468054036	4.797317575	0	3.115277198	0
run007	0.1584893192	629	0.7431641981	4.804700067	0	3.150163926	0
run007	0.1584893192	633	0.7389021142	4.808026829	0	3.183817578	0
run007	0.1584893192	637	0.7342957082	4.80743823	0	3.214460524	0
run007	0.1584893192	641	0.7296206443	4.803273186	0	3.240543042	0
run007	0.1584893192	645	0.7251358302	4.796024068	0	3.260844509	0
run007	0.1584893192	649	0.7210707153	4.786291451	0	3.274547481	0
run007	0.1584893192	653	0.7176160596	4.774743096	0	3.281276344	0
run007	0.1584893192	657	0.7149180537	4.762079003	0	3.281097584	0
run007	0.1584893192	661	0.7130753958	4.74900237	0	3.274484303	0
run007	0.1584893192	665	0.7121388057	4.736194978	0	3.262252305	0
run007	0.1584893192	669	0.7121124762	4.724295259	0	3.245477579	0
run007	0.1584893192	673	0.7129570528	4.713877619	0	3.225405605	0
run007	0.1584893192	677	0.7145938529	4.705432436	0	3.203361701	0
run007	0.1584893192	681	0.7169101664	4.699347028	0	3.180669317	0
run007	0.1584893192	685	0.7197655288	4.695888696	0	3.158580633	0
run007	0.1584893192	689	0.722998906	4.695191438	0	3.138221257	0
run007	0.1584893192	693	0.7264366851	4.697248121	0	3.120548978	0
run007	0.1584893192	697	0.7299012815	4.701909739	0	3.106325339	0
run007	0.1584893192	701	0.7332200658	4.708892897	0	3.096098203	0
run007	0.1584893192	705	0.7362341878	4.717795956	0	3.090193542	0
run007	0.1584893192	709	0.7388067777	4.728123381	0	3.088715016	0
run007	0.1584893192	713	0.7408299618	4.739316816	0	3.091550462	0
run007	0.1584893192	717	0.7422301576	4.750790595	0	3.098384991	0
run007	0.1584893192	721	0.7429711838	4.761968796	0	3.108720945	0
run007	0.1584893192	725	0.7430549508	4.772320447	0	3.121904822	0
run007	0.1584893192	729	0.7425196772	4.781389983	0	3.137161382	0
run007	0.1584893192	733	0.7414358312	4.78882047	0	3.15363442	0
run007	0.1584893192	737	0.7399002114	4.79436817	0	3.170432863	0
run007	0.1584893192	741	0.7380287228	4.797908099	0	3.186679961	0
run007	0.1584893192	745	0.7359484863	4.799431271	0	3.201562419	0
run007	0.1584893192	749	0.7337899083	4.799035069	0	3.214375825	0
run007	0.1584893192	753	0.7316792554	4.79690861	0	3.224562705	0
run007	0.1584893192	757	0.7297321562	4.793315014	0	3.231740049	0
run007	0.1584893192	761	0.7280483085	4.788572228	0	3.23571423	0
run007	0.1584893192	765	0.7267075269	4.783033651	0	3.236482509	0
run007	0.1584893192	769	0.7257671598	4.777069397	0	3.23422178	0
run007	0.1584893192	773	0.7252608131	4.771048652	0	3.229266377	0
run007	0.1584893192	777	0.725198277	4.765323399	0	3.222077649	0
run007	0.1584893192	781	0.7255665246	4.76021368	0	3.213208385	0
run007	0.1584893192	785	0.7263316445	4.755994617	0	3.203265184	0
run007	0.1584893192	789	0.727441574	4.752885494	0	3.192871477	0
run007	0.1584893192	793	0.7288294971	4.751041292	0	3.182633363	0
run007	0.1584893192	797	0.7304177655	4.750547116	0	3.173109773	0
run007	0.1584893192	801	0.7321221889	4.751415937	0	3.164787886	0
run007	0.1584893192	805	0.7338565177	4.753589937	0	3.1580642	0
run007	0.1584893192	809	0.7355369207	4.756945577	0	3.153231336	0
run007	0.1584893192	813	0.7370862416	4.761302244	0	3.150470407	0
run007	0.1584893192	817	0.7384378104	4.766434035	0	3.149848692	0
run007	0.1584893192	821	0.7395385979	4.772083977	0	3.151322304	0
run007	0.1584893192	825	0.7403515271	4.777979731	0	3.154743534	0
run007	0.1584893192	829	0.7408568105	4.783849689	0	3.159872503	0
run007	0.1584893192	833	0.7410522443	4.789438337	0	3.166392697	0
run007	0.1584893192	837	0.7409524683	4.794519846	0	3.173929786	0
run007	0.1584893192	841	0.7405872772	4.798909034	0	3.182072955	0
run007	0.1584893192	845	0.7399991369	4.802469133	0	3.190397751	0
run007	0.1584893192	849	0.7392401086	4.805116115	0	3.198489253	0
run007	0.1584893192	853	0.738368414	4.806819594	0	3.205964243	0
run007	0.1584893192	857	0.7374448833	4.807600662	0	3.212491023	0
run007	0.1584893192	861	0.736529505	4.807527092	0	3.21780566	0
run007	0.1584893192	865	0.7356782726	4.806706492	0	3.221723636	0
run007	0.1584893192	869	0.7349404838	4.805278058	0	3.224146269	0
run007	0.1584893192	873	0.7343565896	4.803403461	0	3.225061716	0
run007	0.1584893192	877	0.7339566576	4.801257381	0	3.22454076	0
run007	0.1584893192	881	0.7337594687	4.799018124	0	3.222727992	0
run007	0.1584893192	885	0.73377224	4.796858675	0	3.219829262	0
run007	0.1584893192	889	0.7339909332	4.794938526	0	3.216096526	0
run007	0.1584893192	893	0.7344010931	4.793396515	0	3.21181122	0
run007	0.1584893192	897	0.7349791449	4.792344954	0	3.207267271	0
run007	0.1584893192	901	0.7356940703	4.791865236	0	3.20275473	0
run007	0.1584893192	905	0.7365093665	4.792005106	0	3.19854487	0
run007	0.1584893192	909	0.7373851875	4.792777693	0	3.194877349	0
run007	0.1584893192	913	0.7382805632	4.794162334	0	3.191949875	0
run007	0.1584893192	917	0.7391555854	4.79610716	0	3.189910662	0
run007	0.1584893192	921	0.7399734514	4.798533257	0	3.188853781	0
run007	0.1584893192	925	0.7407022631	4.801340166	0	3.188817398	0
run007	0.1584893192	929	0.7413164908	4.804412356	0	3.189784825	0
run007	0.1584893192	933	0.741798039	4.807626278	0	3.191688125	0
run007	0.1584893192	937	0.7421368488	4.810857555	0	3.194414132	0
run007	0.1584893192	941	0.7423310388	4.813987862	0	3.197812403	0
run007	0.1584893192	945	0.7423865779	4.816911059	0	3.20170476	0
run007	0.1584893192	949	0.7423165455	4.819538302	0	3.205895862	0
run007	0.1584893192	953	0.742140031	4.821801842	0	3.210184306	0
run007	0.1584893192	957	0.7418807613	4.823657382	0	3.214373615	0
run007	0.1584893192	961	0.7415655555	4.825085013	0	3.218282565	0
run007	0.1584893192	965	0.7412226984	4.826088703	0	3.221754229	0
run007	0.1584893192	969	0.7408803386	4.826694592	0	3.224663322	0
run007	0.1584893192	973	0.7405649929	4.826948198	0	3.226921435	0
run007	0.1584893192	977	0.7403002359	4.826910827	0	3.228479928	0
run007	0.1584893192	981	0.7401056242	4.826655429	0	3.22933049	0
run007	0.1584893192	985	0.7399959064	4.826262116	0	3.22950333	0
run007	0.1584893192	989	0.7399805259	4.825813622	0	3.229063384	0
run007	0.1584893192	993	0.7400634332	4.825390902	0	3.228104776	0
run007	0.1584893192	997	0.7402431905	4.825069061	0	3.226744024	0
run007	0.1584893192	1001	0.7405133431	4.824913802	0	3.225112462	0
run007	0.1584893192	1005	0.7408630343	4.82497853	0	3.223348331	0
run007	0.1584893192	1009	0.7412778048	4.8253022	0	3.221589031	0
run007	0.1584893192	1013	0.741740542	4.825908035	0	3.219963909	0
run007	0.1584893192	1017	0.7422325151	4.826803088	0	3.218587933	0
run007	0.1584893192	1021	0.7427344442	4.827978688	0	3.2175565	0
run007	0.1584893192	1025	0.7432275456	4.829411684	0	3.216941574	0
run007	0.1584893192	1029	0.7436945049	4.831066427	0	3.216789235	0
run007	0.1584893192	1033	0.7441203216	4.832897333	0	3.217118727	0
run007	0.1584893192	1037	0.7444929893	4.83485186	0	3.217922897	0
run007	0.1584893192	1041	0.7448039872	4.836873716	0	3.219169946	0
run007	0.1584893192	1045	0.7450485509	4.838906123	0	3.220806409	0
run007	0.1584893192	1049	0.7452257362	4.840894931	0	3.222761041	0
run007	0.1584893192	1053	0.7453382589	4.842791399	0	3.224949507	0
run007	0.1584893192	1057	0.7453921568	4.844554544	0	3.227279483	0
run007	0.1584893192	1061	0.7453962776	4.846152895	0	3.229655979	0
run007	0.1584893192	1065	0.7453616492	4.84756565	0	3.231986537	0
run007	0.1584893192	1069	0.7453007639	4.848783154	0	3.234186061	0
run007	0.1584893192	1073	0.7452268241	4.849806762	0	3.236181002	0
run007	0.1584893192	1077	0.7451529948	4.850648116	0	3.237912737	0
run007	0.1584893192	1081	0.745091701	4.851327905	0	3.239339925	0
run007	0.1584893192	1085	0.7450540054	4.851874253	0	3.240439845	0
run007	0.1584893192	1089	0.7450490983	4.852320781	0	3.241208582	0
run007	0.1584893192	1093	0.7450839112	4.852704527	0	3.241660238	0
run007	0.1584893192	1097	0.7451628797	4.853063788	0	3.241825145	0
run007	0.1584893192	1100	0.7452522877	4.853339795	0	3.2417867	0
run008	0.2511886432	1	10	10	0	10	0
run008	0.2511886432	5	7.607088214	8.063332897	0	7.717852006	0
run008	0.2511886432	9	5.84062942	8.178982377	0	6.585198573	0
run008	0.2511886432	13	4.500027723	9.308741878	0	6.192195856	0
run008	0.2511886432	17	3.462169029	10.31812589	0	6.278012899	0
run008	0.2511886432	21	2.657871752	10.84404557	0	6.681430006	0
run008	0.2511886432	25	2.038005642	11.13673729	0	7.225470834	0
run008	0.2511886432	29	1.562173609	11.43977371	0	7.746492404	0
run008	0.2511886432	33	1.197616281	11.81961523	0	8.16071747	0
run008	0.2511886432	37	0.9186480396	12.24055566	0	8.463614846	0
run008	0.2511886432	41	0.7053952374	12.64531304	0	8.682170477	0
run008	0.2511886432	45	0.5425342507	12.99060927	0	8.838208102	0
run008	0.2511886432	49	0.4182769825	13.24958164	0	8.937191695	0
run008	0.2511886432	53	0.3235802525	13.40246271	0	8.970470123	0
run008	0.2511886432	57	0.251526562	13.42837151	0	8.920495147	0
run008	0.2511886432	61	0.1968388311	13.30197529	0	8.76557076	0
run008	0.2511886432	65	0.1555013398	12.99513459	0	8.484545728	0
run008	0.2511886432	69	0.1244642707	12.48323094	0	8.062680857	0
run008	0.2511886432	73	0.1014134868	11.75536115	0	7.49872978	0
run008	0.2511886432	77	0.08459216388	10.82524133	0	6.810831535	0
run008	0.2511886432	81	0.07266620234	9.736654752	0	6.037043567	0
run008	0.2511886432	85	0.06462842236	8.557838116	0	5.228098099	0
run008	0.2511886432	89	0.05973520026	7.365712893	0	4.435125947	0
run008	0.2511886432	93	0.05746558791	6.228126799	0	3.698702307	0
run008	0.2511886432	97	0.05749244212	5.192619297	0	3.043783312	0
run008	0.2511886432	101	0.0596591384	4.284244925	0	2.4805124	0
run008	0.2511886432	105	0.0639603362	3.509597794	0	2.008133181	0
run008	0.2511886432	109	0.07052761299	2.862939649	0	1.61935867	0
run008	0.2511886432	113	0.07962062498	2.331762552	0	1.303845517	0
run008	0.2511886432	117	0.09162328172	1.900815878	0	1.050481887	0
run008	0.2511886432	121	0.1070432368	1.554620287	0	0.8486891968	0
run008	0.2511886432	125	0.1265119736	1.278842678	0	0.6890494801	0
run008	0.2511886432	129	0.1507817094	1.060927892	0	0.5635244661	0
run008	0.2511886432	133	0.180714071	0.8902939198	0	0.4654520581	0
run008	0.2511886432	137	0.217253964	0.7582988237	0	0.3894369467	0
run008	0.2511886432	141	0.2613805017	0.658112212	0	0.3312043864	0
run008	0.2511886432	145	0.3140257709	0.5845753164	0	0.2874566188	0
run008	0.2511886432	149	0.3759525732	0.5341080831	0	0.2557553754	0
run008	0.2511886432	153	0.4475852648	0.5047149999	0	0.2344473939	0
run008	0.2511886432	157	0.528794637	0.4961529347	0	0.2226512307	0
run008	0.2511886432	161	0.6186487108	0.5103557257	0	0.2203330528	0
run008	0.2511886432	165	0.7151541107	0.5522651948	0	0.2285198368	0
run008	0.2511886432	169	0.8150226233	0.6312839623	0	0.2497357472	0
run008	0.2511886432	173	0.9134983947	0.7635656875	0	0.2888088609	0
run008	0.2511886432	177	1.004275199	0.9749977442	0	0.3542794506	0
run008	0.2511886432	181	1.079550586	1.303188661	0	0.4607010032	0
run008	0.2511886432	185	1.130386775	1.792726273	0	0.6319661745	0
run008	0.2511886432	189	1.147858032	2.472766107	0	0.9048847048	0
run008	0.2511886432	193	1.125687566	3.313495385	0	1.329652445	0
run008	0.2511886432	197	1.064107824	4.19827804	0	1.959065302	0
run008	0.2511886432	201	0.9720812188	4.974326224	0	2.815144413	0
run008	0.2511886432	205	0.8645294683	5.555230246	0	3.836561362	0
run008	0.2511886432	209	0.75604493	5.957295459	0	4.856032936	0
run008	0.2511886432	213	0.6563455188	6.243681201	0	5.667326085	0
run008	0.2511886432	217	0.5698618882	6.458883509	0	6.13706905	0
run008	0.2511886432	221	0.4976038242	6.606958704	0	6.249862444	0
run008	0.2511886432	225	0.4389736177	6.665148672	0	6.071159593	0
run008	0.2511886432	229	0.392784532	6.607981062	0	5.692225952	0
run008	0.2511886432	233	0.3577083417	6.42520756	0	5.197037713	0
run008	0.2511886432	237	0.3324649058	6.127558438	0	4.651121233	0
run008	0.2511886432	241	0.3159125255	5.742279197	0	4.101176356	0
run008	0.2511886432	245	0.3070932169	5.304169039	0	3.578039502	0
run008	0.2511886432	249	0.3052478387	4.847275068	0	3.100118261	0
run008	0.2511886432	253	0.3098065778	4.399736081	0	2.676571688	0
run008	0.2511886432	257	0.3203593566	3.981896264	0	2.310085165	0
run008	0.2511886432	261	0.3366106311	3.606670038	0	1.999168018	0
run008	0.2511886432	265	0.3583222201	3.281011256	0	1.739937919	0
run008	0.2511886432	269	0.3852467484	3.007664368	0	1.527415966	0
run008	0.2511886432	273	0.4170538761	2.786753827	0	1.356407488	0
run008	0.2511886432	277	0.4532522432	2.617038744	0	1.222066193	0
run008	0.2511886432	281	0.4931121265	2.496804921	0	1.120237459	0
run008	0.2511886432	285	0.5355969758	2.424420311	0	1.047661528	0
run008	0.2511886432	289	0.5793157682	2.398580078	0	1.002098235	0
run008	0.2511886432	293	0.6225116392	2.418243355	0	0.9824161015	0
run008	0.2511886432	297	0.6631042959	2.482239664	0	0.9886701241	0
run008	0.2511886432	301	0.6988026349	2.588530043	0	1.022171491	0
run008	0.2511886432	305	0.7272973754	2.733185496	0	1.085523225	0
run008	0.2511886432	309	0.7465285198	2.909321642	0	1.182550576	0
run008	0.2511886432	313	0.7549972608	3.106465218	0	1.317988119	0
run008	0.2511886432	317	0.7520600215	3.3109549	0	1.496705826	0
run008	0.2511886432	321	0.7381176744	3.507742087	0	1.722212556	0
run008	0.2511886432	325	0.7146178121	3.683266871	0	1.994292168	0
run008	0.2511886432	329	0.6838376855	3.828294437	0	2.306078244	0
run008	0.2511886432	333	0.6484963925	3.939372407	0	2.641677949	0
run008	0.2511886432	337	0.6113139997	4.018236284	0	2.976127841	0
run008	0.2511886432	341	0.5746492416	4.069611982	0	3.279023231	0
run008	0.2511886432	345	0.5402992372	4.098613524	0	3.521200925	0
run008	0.2511886432	349	0.5094680461	4.108881919	0	3.68166845	0
run008	0.2511886432	353	0.4828518399	4.101979412	0	3.751656511	0
run008	0.2511886432	357	0.4607715639	4.077876744	0	3.734562518	0
run008	0.2511886432	361	0.4433009472	4.036004031	0	3.642820288	0
run008	0.2511886432	365	0.4303652562	3.976313747	0	3.493684752	0
run008	0.2511886432	369	0.4218069506	3.899988206	0	3.305511348	0
run008	0.2511886432	373	0.4174240604	3.809663016	0	3.09522323	0
run008	0.2511886432	377	0.41698895	3.709230756	0	2.876980528	0
run008	0.2511886432	381	0.4202537417	3.603391556	0	2.66175763	0
run008	0.2511886432	385	0.426946753	3.497129574	0	2.457487127	0
run008	0.2511886432	389	0.4367629705	3.395248544	0	2.269494136	0
run008	0.2511886432	393	0.4493509466	3.3020336	0	2.101035294	0
run008	0.2511886432	397	0.4642984032	3.221049339	0	1.95383232	0
run008	0.2511886432	401	0.481119029	3.155048364	0	1.828544359	0
run008	0.2511886432	405	0.4992432706	3.105949674	0	1.725157267	0
run008	0.2511886432	409	0.5180161645	3.074847497	0	1.643287303	0
run008	0.2511886432	413	0.5367052361	3.062021183	0	1.582405931	0
run008	0.2511886432	417	0.5545210067	3.066931869	0	1.541995217	0
run008	0.2511886432	421	0.5706514783	3.088208743	0	1.52164204	0
run008	0.2511886432	425	0.5843100332	3.123644803	0	1.521075752	0
run008	0.2511886432	429	0.5947935289	3.170235415	0	1.540149205	0
run008	0.2511886432	433	0.6015443627	3.224297555	0	1.578758647	0
run008	0.2511886432	437	0.6042076387	3.281697611	0	1.636695733	0
run008	0.2511886432	441	0.6026732681	3.338188426	0	1.71342759	0
run008	0.2511886432	445	0.5970938143	3.389817141	0	1.807812368	0
run008	0.2511886432	449	0.587872552	3.433328386	0	1.917780344	0
run008	0.2511886432	453	0.5756219914	3.466471239	0	2.040043137	0
run008	0.2511886432	457	0.5610994313	3.488135054	0	2.169925645	0
run008	0.2511886432	461	0.5451309494	3.498286274	0	2.301426966	0
run008	0.2511886432	465	0.5285369688	3.497736537	0	2.427586361	0
run008	0.2511886432	469	0.5120706883	3.487818605	0	2.54114763	0
run008	0.2511886432	473	0.4963762426	3.470060793	0	2.63541036	0
run008	0.2511886432	477	0.481968132	3.445935118	0	2.705071378	0
run008	0.2511886432	481	0.4692289735	3.416717391	0	2.74684861	0
run008	0.2511886432	485	0.4584200649	3.383457982	0	2.759749947	0
run008	0.2511886432	489	0.4496987617	3.347033651	0	2.744964823	0
run008	0.2511886432	493	0.4431376321	3.30823887	0	2.705460329	0
run008	0.2511886432	497	0.4387419886	3.267878058	0	2.645418477	0
run008	0.2511886432	501	0.436464019	3.22683203	0	2.569650124	0
run008	0.2511886432	505	0.4362129834	3.186086311	0	2.483084579	0
run008	0.2511886432	509	0.4378617635	3.146721486	0	2.390386122	0
run008	0.2511886432	513	0.4412504663	3.109873556	0	2.29570794	0
run008	0.2511886432	517	0.4461879847	3.076675579	0	2.20256793	0
run008	0.2511886432	521	0.4524524741	3.048191462	0	2.113818586	0
run008	0.2511886432	525	0.4597916989	3.025350349	0	2.031680889	0
run008	0.2511886432	529	0.4679241596	3.008887006	0	1.957815609	0
run008	0.2511886432	533	0.4765418475	2.999291118	0	1.893411245	0
run008	0.2511886432	537	0.4853153027	2.996766803	0	1.839273509	0
run008	0.2511886432	541	0.4939015117	3.001203715	0	1.795906616	0
run008	0.2511886432	545	0.5019548099	3.012161425	0	1.76358022	0
run008	0.2511886432	549	0.509140584	3.028870069	0	1.742378811	0
run008	0.2511886432	553	0.5151511022	3.050250956	0	1.732232038	0
run008	0.2511886432	557	0.5197222978	3.074960608	0	1.73292586	0
run008	0.2511886432	561	0.5226499199	3.101459945	0	1.744095425	0
run008	0.2511886432	565	0.5238032079	3.128106807	0	1.765202051	0
run008	0.2511886432	569	0.5231342753	3.153265357	0	1.79549835	0
run008	0.2511886432	573	0.520681739	3.175421224	0	1.833987844	0
run008	0.2511886432	577	0.516567805	3.193288096	0	1.879387949	0
run008	0.2511886432	581	0.5109888878	3.205891222	0	1.930107455	0
run008	0.2511886432	585	0.5042007356	3.212616148	0	1.984250818	0
run008	0.2511886432	589	0.4964998994	3.213218006	0	2.039659357	0
run008	0.2511886432	593	0.488203645	3.207793021	0	2.093995579	0
run008	0.2511886432	597	0.4796305427	3.196721158	0	2.144868489	0
run008	0.2511886432	601	0.4710835626	3.180592693	0	2.189988568	0
run008	0.2511886432	605	0.4628368991	3.160132252	0	2.227332724	0
run008	0.2511886432	609	0.4551270117	3.136131536	0	2.255295019	0
run008	0.2511886432	613	0.4481477414	3.109397627	0	2.272800256	0
run008	0.2511886432	617	0.442048886	3.080719153	0	2.279364227	0
run008	0.2511886432	621	0.4369373606	3.050848525	0	2.275094809	0
run008	0.2511886432	625	0.4328800307	3.020496016	0	2.260638789	0
run008	0.2511886432	629	0.4299074029	2.990330554	0	2.237087452	0
run008	0.2511886432	633	0.4280175475	2.960982513	0	2.205858359	0
run008	0.2511886432	637	0.4271798418	2.933045013	0	2.168570593	0
run008	0.2511886432	641	0.4273383224	2.907071718	0	2.126927833	0
run008	0.2511886432	645	0.4284145987	2.883570472	0	2.082619093	0
run008	0.2511886432	649	0.430310407	2.862993185	0	2.037241893	0
run008	0.2511886432	653	0.4329099542	2.845722938	0	1.992248823	0
run008	0.2511886432	657	0.4360822514	2.832059646	0	1.948915415	0
run008	0.2511886432	661	0.4396836392	2.822205604	0	1.908325556	0
run008	0.2511886432	665	0.4435606932	2.816252254	0	1.871370117	0
run008	0.2511886432	669	0.4475536519	2.814169397	0	1.838754363	0
run008	0.2511886432	673	0.4515004418	2.815798006	0	1.811010316	0
run008	0.2511886432	677	0.4552413051	2.820847858	0	1.788510999	0
run008	0.2511886432	681	0.4586239136	2.828900945	0	1.771484096	0
run008	0.2511886432	685	0.4615087755	2.839421565	0	1.760023554	0
run008	0.2511886432	689	0.4637746422	2.851773718	0	1.754098227	0
run008	0.2511886432	693	0.4653235422	2.86524559	0	1.753557405	0
run008	0.2511886432	697	0.4660850456	2.879080418	0	1.758133641	0
run008	0.2511886432	701	0.4660193695	2.892512028	0	1.767443864	0
run008	0.2511886432	705	0.4651190046	2.90480254	0	1.780990206	0
run008	0.2511886432	709	0.4634086456	2.91527918	0	1.798162393	0
run008	0.2511886432	713	0.4609433778	2.923366922	0	1.818243688	0
run008	0.2511886432	717	0.4578052327	2.928614004	0	1.840422317	0
run008	0.2511886432	721	0.4540983855	2.930708226	0	1.863809876	0
run008	0.2511886432	725	0.4499433919	2.929483062	0	1.887467486	0
run008	0.2511886432	729	0.4454709358	2.924913889	0	1.910439324	0
run008	0.2511886432	733	0.4408155635	2.917105798	0	1.931791997	0
run008	0.2511886432	737	0.4361098359	2.906275273	0	1.950656945	0
run008	0.2511886432	741	0.4314792324	2.89272838	0	1.966272235	0
run008	0.2511886432	745	0.4270380172	2.876837973	0	1.978019742	0
run008	0.2511886432	749	0.4228861634	2.859021973	0	1.985454001	0
run008	0.2511886432	753	0.4191073126	2.839724122	0	1.988319955	0
run008	0.2511886432	757	0.4157676734	2.819397864	0	1.986558164	0
run008	0.2511886432	761	0.4129157049	2.798493446	0	1.980297498	0
run008	0.2511886432	765	0.410582415	2.777447825	0	1.969836895	0
run008	0.2511886432	769	0.4087821057	2.756676796	0	1.955618621	0
run008	0.2511886432	773	0.4075134236	2.736568661	0	1.938196157	0
run008	0.2511886432	777	0.4067606012	2.717478838	0	1.918199846	0
run008	0.2511886432	781	0.4064948138	2.699724984	0	1.896303104	0
run008	0.2511886432	785	0.4066756084	2.683582352	0	1.873191427	0
run008	0.2511886432	789	0.4072523871	2.669279322	0	1.849535655	0
run008	0.2511886432	793	0.4081659498	2.656993144	0	1.825970272	0
run008	0.2511886432	797	0.4093501109	2.646846074	0	1.803076881	0
run008	0.2511886432	801	0.4107334076	2.638902148	0	1.781372542	0
run008	0.2511886432	805	0.4122409154	2.633164889	0	1.761302337	0
run008	0.2511886432	809	0.4137961726	2.629576251	0	1.743235395	0
run008	0.2511886432	813	0.4153232011	2.628017113	0	1.727463529	0
run008	0.2511886432	817	0.416748593	2.628309602	0	1.714201729	0
run008	0.2511886432	821	0.4180036083	2.630221431	0	1.703589853	0
run008	0.2511886432	825	0.4190262177	2.633472407	0	1.695695053	0
run008	0.2511886432	829	0.4197629998	2.63774312	0	1.690514601	0
run008	0.2511886432	833	0.4201708015	2.642685537	0	1.687978942	0
run008	0.2511886432	837	0.4202180701	2.647935247	0	1.687955033	0
run008	0.2511886432	841	0.4198857656	2.653124787	0	1.690250102	0
run008	0.2511886432	845	0.4191677984	2.657897359	0	1.694616061	0
run008	0.2511886432	849	0.4180709467	2.661920175	0	1.700754884	0
run008	0.2511886432	853	0.4166142488	2.664896613	0	1.708325271	0
run008	0.2511886432	857	0.4148279109	2.666576481	0	1.716950791	0
run008	0.2511886432	861	0.4127517801	2.666763766	0	1.726229694	0
run008	0.2511886432	865	0.4104334856	2.66532151	0	1.735746288	0
run008	0.2511886432	869	0.4079263565	2.662173721	0	1.745083668	0
run008	0.2511886432	873	0.4052872316	2.657304376	0	1.753837339	0
run008	0.2511886432	877	0.4025742851	2.650753917	0	1.761629071	0
run008	0.2511886432	881	0.3998449665	2.642613722	0	1.768120239	0
run008	0.2511886432	885	0.3971541455	2.633019091	0	1.773023787	0
run008	0.2511886432	889	0.3945525201	2.622141384	0	1.77611405	0
run008	0.2511886432	893	0.3920853214	2.610179812	0	1.777233812	0
run008	0.2511886432	897	0.3897913376	2.59735332	0	1.776298086	0
run008	0.2511886432	901	0.3877022376	2.583892889	0	1.773294529	0
run008	0.2511886432	905	0.3858421794	2.570034444	0	1.768280576	0
run008	0.2511886432	909	0.3842276749	2.556012494	0	1.761377569	0
run008	0.2511886432	913	0.382867666	2.54205449	0	1.752762542	0
run008	0.2511886432	917	0.381763785	2.528375904	0	1.742658239	0
run008	0.2511886432	921	0.3809107622	2.515175955	0	1.731322115	0
run008	0.2511886432	925	0.3802969512	2.502633925	0	1.71903501	0
run008	0.2511886432	929	0.379904951	2.490906026	0	1.70609008	0
run008	0.2511886432	933	0.3797123058	2.480122775	0	1.692782495	0
run008	0.2511886432	937	0.3796922674	2.47038687	0	1.679400224	0
run008	0.2511886432	941	0.3798146111	2.461771586	0	1.666216145	0
run008	0.2511886432	945	0.3800464939	2.454319717	0	1.653481558	0
run008	0.2511886432	949	0.3803533462	2.448043103	0	1.641421064	0
run008	0.2511886432	953	0.3806997864	2.4429228	0	1.63022878	0
run008	0.2511886432	957	0.3810505424	2.438909939	0	1.620065712	0
run008	0.2511886432	961	0.3813713666	2.435927298	0	1.611058138	0
run008	0.2511886432	965	0.3816299216	2.433871627	0	1.603296879	0
run008	0.2511886432	969	0.3817966166	2.432616703	0	1.596837274	0
run008	0.2511886432	973	0.3818453661	2.432017111	0	1.591699807	0
run008	0.2511886432	977	0.3817542511	2.431912611	0	1.587871227	0
run008	0.2511886432	981	0.3815060504	2.432133049	0	1.585306179	0
run008	0.2511886432	985	0.3810886318	2.432503584	0	1.583929269	0
run008	0.2511886432	989	0.3804951741	2.432850104	0	1.583637611	0
run008	0.2511886432	993	0.3797242236	2.43300458	0	1.584303809	0
run008	0.2511886432	997	0.3787795668	2.432810139	0	1.585779439	0
run008	0.2511886432	1001	0.3776699433	2.432125671	0	1.587898984	0
run008	0.2511886432	1005	0.3764085934	2.430829733	0	1.590484235	0
run008	0.2511886432	1009	0.3750126802	2.428823648	0	1.593349067	0
run008	0.2511886432	1013	0.3735025972	2.426033641	0	1.596304541	0
run008	0.2511886432	1017	0.3719012067	2.422412024	0	1.599164163	0
run008	0.2511886432	1021	0.3702330315	2.417937375	0	1.601749159	0
run008	0.2511886432	1025	0.3685234403	2.412613843	0	1.603893572	0
run008	0.2511886432	1029	0.3667978554	2.406469608	0	1.605448963	0
run008	0.2511886432	1033	0.3650810089	2.399554708	0	1.606288549	0
run008	0.2511886432	1037	0.3633962735	2.391938311	0	1.606310532	0
run008	0.2511886432	1041	0.361765078	2.383705649	0	1.605440563	0
run008	0.2511886432	1045	0.3602064273	2.374954717	0	1.603633129	0
run008	0.2511886432	1049	0.3587365222	2.3657929	0	1.600871945	0
run008	0.2511886432	1053	0.3573684899	2.356333624	0	1.597169242	0
run008	0.2511886432	1057	0.3561122107	2.346693115	0	1.592564145	0
run008	0.2511886432	1061	0.3549742478	2.336987361	0	1.58712015	0
run008	0.2511886432	1065	0.3539578582	2.327329286	0	1.580921959	0
run008	0.2511886432	1069	0.3530630881	2.317826208	0	1.57407177	0
run008	0.2511886432	1073	0.352286934	2.30857757	0	1.566685273	0
run008	0.2511886432	1077	0.3516235651	2.299672967	0	1.558887499	0
run008	0.2511886432	1081	0.3510645953	2.291190489	0	1.550808704	0
run008	0.2511886432	1085	0.3505993989	2.28319536	0	1.542580423	0
run008	0.2511886432	1089	0.3502154607	2.275738911	0	1.534331813	0
run008	0.2511886432	1093	0.3498987502	2.268857847	0	1.526186385	0
run008	0.2511886432	1097	0.3496341156	2.262573849	0	1.518259138	0
run008	0.2511886432	1100	0.3494602852	2.2582572	0	1.512519976	0
run009	0.3981071706	1	10	10	0	10	0
run009	0.3981071706	5	7.606998124	8.016722833	0	7.673788536	0
run009	0.3981071706	9	5.840152804	8.083657102	0	6.510456334	0
run009	0.3981071706	13	4.499271023	9.153664927	0	6.087097289	0
run009	0.3981071706	17	3.461366376	10.10718593	0	6.13771057	0
run009	0.3981071706	21	2.657076228	10.58136721	0	6.500825022	0
run009	0.3981071706	25	2.037193124	10.81819145	0	7.003423966	0
run009	0.3981071706	29	1.561330741	11.05999496	0	7.485167526	0
run009	0.3981071706	33	1.196732575	11.3767391	0	7.862040124	0
run009	0.3981071706	37	0.9177051107	11.73622232	0	8.128146515	0
run009	0.3981071706	41	0.7043689296	12.08315906	0	8.310665201	0
run009	0.3981071706	45	0.5413968778	12.3758056	0	8.433483428	0
run009	0.3981071706	49	0.4169960947	12.58988486	0	8.50534802	0
run009	0.3981071706	53	0.3221153372	12.71003702	0	8.521679893	0
run009	0.3981071706	57	0.2498248982	12.7216476	0	8.469622449	0
run009	0.3981071706	61	0.1948309831	12.60698684	0	8.332449063	0
run009	0.3981071706	65	0.1530966567	12.34554744	0	8.093267157	0
run009	0.3981071706	69	0.1215470549	11.91786202	0	7.739008867	0
run009	0.3981071706	73	0.09784063261	11.31211661	0	7.265187474	0
run009	0.3981071706	77	0.08019227193	10.53200286	0	6.680503615	0
run009	0.3981071706	81	0.06723810774	9.602524204	0	6.008961975	0
run009	0.3981071706	85	0.05793502036	8.569731266	0	5.287206916	0
run009	0.3981071706	89	0.05148867349	7.492767051	0	4.557171776	0
run009	0.3981071706	93	0.04730299724	6.431306773	0	3.857211513	0
run009	0.3981071706	97	0.04494340703	5.434269071	0	3.215672119	0
run009	0.3981071706	101	0.04410764018	4.5339964	0	2.648758933	0
run009	0.3981071706	105	0.0446011069	3.746200335	0	2.161938968	0
run009	0.3981071706	109	0.04631605256	3.073412675	0	1.752987007	0
run009	0.3981071706	113	0.04921469972	2.509445264	0	1.415116056	0
run009	0.3981071706	117	0.05331637348	2.043326418	0	1.139435158	0
run009	0.3981071706	121	0.05868817875	1.662166688	0	0.916585028	0
run009	0.3981071706	125	0.06543849749	1.352980365	0	0.7376869226	0
run009	0.3981071706	129	0.0737124651	1.103703281	0	0.5948098485	0
run009	0.3981071706	133	0.08368858383	0.9036682228	0	0.4811362288	0
run009	0.3981071706	137	0.09557565906	0.7437475117	0	0.3909562386	0
run009	0.3981071706	141	0.1096092535	0.6163093707	0	0.3195754929	0
run009	0.3981071706	145	0.1260468334	0.5150821916	0	0.2631871294	0
run009	0.3981071706	149	0.1451607401	0.4349837334	0	0.2187371546	0
run009	0.3981071706	153	0.1672280721	0.3719476026	0	0.1837980479	0
run009	0.3981071706	157	0.1925165697	0.3227644695	0	0.1564575377	0
run009	0.3981071706	161	0.2212656743	0.2849466911	0	0.1352249688	0
run009	0.3981071706	165	0.2536621731	0.2566206531	0	0.1189554579	0
run009	0.3981071706	169	0.2898102781	0.2364496135	0	0.1067911839	0
run009	0.3981071706	173	0.3296966578	0.2235906015	0	0.09811925111	0
run009	0.3981071706	177	0.3731518595	0.2176917326	0	0.09254629924	0
run009	0.3981071706	181	0.4198105259	0.2189420294	0	0.08989164682	0
run009	0.3981071706	185	0.4690736777	0.2281952032	0	0.09020328248	0
run009	0.3981071706	189	0.520076612	0.2472040631	0	0.09380529507	0
run009	0.3981071706	193	0.5716651663	0.2790250142	0	0.1013923564	0
run009	0.3981071706	197	0.6223807953	0.3286818319	0	0.114198511	0
run009	0.3981071706	201	0.670451046	0.40420023	0	0.1342861285	0
run009	0.3981071706	205	0.7137780337	0.5180833212	0	0.1650287344	0
run009	0.3981071706	209	0.7499181708	0.6890224656	0	0.2118959527	0
run009	0.3981071706	213	0.7760636783	0.9427442662	0	0.2836695571	0
run009	0.3981071706	217	0.7890920583	1.308918561	0	0.3941567621	0
run009	0.3981071706	221	0.7858573704	1.808819612	0	0.5641523099	0
run009	0.3981071706	225	0.7639797781	2.431495175	0	0.8225449832	0
run009	0.3981071706	229	0.7231704127	3.112921593	0	1.203799489	0
run009	0.3981071706	233	0.6664004826	3.749910905	0	1.736997762	0
run009	0.3981071706	237	0.5996985227	4.25465923	0	2.422500661	0
run009	0.3981071706	241	0.5302523556	4.60049565	0	3.204017818	0
run009	0.3981071706	245	0.4641006341	4.816061798	0	3.964710117	0
run009	0.3981071706	249	0.4049162579	4.946497707	0	4.570217191	0
run009	0.3981071706	253	0.3541560142	5.022193049	0	4.93060781	0
run009	0.3981071706	257	0.3118611443	5.050641695	0	5.028315404	0
run009	0.3981071706	261	0.2774027276	5.024099245	0	4.901726258	0
run009	0.3981071706	265	0.2499289071	4.931588014	0	4.613280909	0
run009	0.3981071706	269	0.2285731578	4.768071591	0	4.225669934	0
run009	0.3981071706	273	0.2125373747	4.538206694	0	3.790712862	0
run009	0.3981071706	277	0.2011218946	4.255260175	0	3.346638186	0
run009	0.3981071706	281	0.1937339558	3.937393833	0	2.919212388	0
run009	0.3981071706	285	0.189885778	3.603596837	0	2.5241278	0
run009	0.3981071706	289	0.1891862586	3.270673832	0	2.169524878	0
run009	0.3981071706	293	0.1913284149	2.951692552	0	1.858231972	0
run009	0.3981071706	297	0.1960742641	2.655651615	0	1.589590171	0
run009	0.3981071706	301	0.2032385128	2.387907039	0	1.360848353	0
run009	0.3981071706	305	0.2126720049	2.150938116	0	1.168169382	0
run009	0.3981071706	309	0.2242454691	1.945170572	0	1.007314552	0
run009	0.3981071706	313	0.2378338034	1.769707905	0	0.8740802711	0
run009	0.3981071706	317	0.2533009879	1.622915053	0	0.7645552004	0
run009	0.3981071706	321	0.2704857033	1.502851452	0	0.6752545778	0
run009	0.3981071706	325	0.2891878266	1.407574414	0	0.6031752354	0
run009	0.3981071706	329	0.3091561334	1.335340795	0	0.5458031671	0
run009	0.3981071706	333	0.3300777337	1.284732312	0	0.5010956866	0
run009	0.3981071706	337	0.3515699635	1.254723634	0	0.4674531225	0
run009	0.3981071706	341	0.373175652	1.244703908	0	0.4436898521	0
run009	0.3981071706	345	0.3943628467	1.254453399	0	0.4290110026	0
run009	0.3981071706	349	0.4145302349	1.284067402	0	0.4229987762	0
run009	0.3981071706	353	0.4330196406	1.333811044	0	0.4256106833	0
run009	0.3981071706	357	0.4491370854	1.403883867	0	0.4371904213	0
run009	0.3981071706	361	0.4621838773	1.494077902	0	0.4584901923	0
run009	0.3981071706	365	0.4714987908	1.603335802	0	0.4907000884	0
run009	0.3981071706	369	0.4765111855	1.729263278	0	0.5354747591	0
run009	0.3981071706	373	0.4768024117	1.867719926	0	0.5949383534	0
run009	0.3981071706	377	0.4721688165	2.012675116	0	0.6716347063	0
run009	0.3981071706	381	0.4626750489	2.156521276	0	0.7683701255	0
run009	0.3981071706	385	0.4486831583	2.290928296	0	0.887876682	0
run009	0.3981071706	389	0.4308440789	2.40811027	0	1.03221774	0
run009	0.3981071706	393	0.4100453162	2.502149149	0	1.201894932	0
run009	0.3981071706	397	0.3873204237	2.569930556	0	1.39473196	0
run009	0.3981071706	401	0.363737558	2.611373908	0	1.604814954	0
run009	0.3981071706	405	0.3402906682	2.628921707	0	1.821984648	0
run009	0.3981071706	409	0.3178150627	2.626531597	0	2.032416042	0
run009	0.3981071706	413	0.2969404369	2.608552075	0	2.220504073	0
run009	0.3981071706	417	0.2780829379	2.578822888	0	2.371653416	0
run009	0.3981071706	421	0.2614680093	2.540184136	0	2.475032597	0
run009	0.3981071706	425	0.2471707008	2.494400741	0	2.525321101	0
run009	0.3981071706	429	0.2351604173	2.442385704	0	2.522986175	0
run009	0.3981071706	433	0.2253409521	2.384562064	0	2.473286253	0
run009	0.3981071706	437	0.2175814517	2.321223675	0	2.38459503	0
run009	0.3981071706	441	0.2117377248	2.252806349	0	2.266657539	0
run009	0.3981071706	445	0.2076653453	2.180034834	0	2.129175602	0
run009	0.3981071706	449	0.2052266711	2.103953095	0	1.980870137	0
run009	0.3981071706	453	0.2042937259	2.025868861	0	1.828993583	0
run009	0.3981071706	457	0.2047484474	1.947251037	0	1.679185824	0
run009	0.3981071706	461	0.2064813459	1.869614695	0	1.535552464	0
run009	0.3981071706	465	0.2093892525	1.79441838	0	1.400863618	0
run009	0.3981071706	469	0.2133725916	1.72298727	0	1.276800206	0
run009	0.3981071706	473	0.2183324526	1.656466329	0	1.164201825	0
run009	0.3981071706	477	0.224167653	1.595800837	0	1.063290765	0
run009	0.3981071706	481	0.2307719323	1.541738383	0	0.9738612045	0
run009	0.3981071706	485	0.238031399	1.494845175	0	0.8954311661	0
run009	0.3981071706	489	0.2458223472	1.455529857	0	0.8273597705	0
run009	0.3981071706	493	0.2540095644	1.42406912	0	0.7689345457	0
run009	0.3981071706	497	0.262445256	1.400630671	0	0.7194342837	0
run009	0.3981071706	501	0.2709687233	1.385290303	0	0.6781727232	0
run009	0.3981071706	505	0.2794069313	1.378040866	0	0.6445277313	0
run009	0.3981071706	509	0.2875761004	1.378791732	0	0.6179597702	0
run009	0.3981071706	513	0.29528444	1.387358224	0	0.5980227197	0
run009	0.3981071706	517	0.3023361084	1.403441422	0	0.5843692413	0
run009	0.3981071706	521	0.3085364312	1.426599981	0	0.5767522054	0
run009	0.3981071706	525	0.3136983308	1.456217198	0	0.5750230236	0
run009	0.3981071706	529	0.3176498125	1.491468516	0	0.5791271084	0
run009	0.3981071706	533	0.3202421871	1.53129662	0	0.5890961285	0
run009	0.3981071706	537	0.321358563	1.574402672	0	0.6050360648	0
run009	0.3981071706	541	0.3209219428	1.619262337	0	0.6271095444	0
run009	0.3981071706	545	0.3189021207	1.664173143	0	0.655510433	0
run009	0.3981071706	549	0.3153204914	1.707335434	0	0.6904282989	0
run009	0.3981071706	553	0.3102519551	1.746961977	0	0.7320006153	0
run009	0.3981071706	557	0.3038233095	1.781404428	0	0.7802514084	0
run009	0.3981071706	561	0.2962078874	1.809278729	0	0.8350170782	0
run009	0.3981071706	565	0.2876166957	1.82956925	0	0.8958635962	0
run009	0.3981071706	569	0.2782868022	1.841694113	0	0.9620039989	0
run009	0.3981071706	573	0.2684681235	1.845521277	0	1.032230384	0
run009	0.3981071706	577	0.2584099832	1.841334613	0	1.104878785	0
run009	0.3981071706	581	0.2483487903	1.829758712	0	1.177846068	0
run009	0.3981071706	585	0.2384979477	1.811657836	0	1.248673013	0
run009	0.3981071706	589	0.2290407092	1.788027142	0	1.314696444	0
run009	0.3981071706	593	0.2201262351	1.759892737	0	1.373257193	0
run009	0.3981071706	597	0.2118686706	1.728232545	0	1.421934852	0
run009	0.3981071706	601	0.2043487369	1.693923939	0	1.458770426	0
run009	0.3981071706	605	0.1976171354	1.657718337	0	1.482438326	0
run009	0.3981071706	609	0.1916990193	1.620238529	0	1.492340162	0
run009	0.3981071706	613	0.186598855	1.581992127	0	1.48861056	0
run009	0.3981071706	617	0.1823051454	1.543393934	0	1.472043402	0
run009	0.3981071706	621	0.1787946576	1.504790932	0	1.443960353	0
run009	0.3981071706	625	0.1760359598	1.466485263	0	1.406049321	0
run009	0.3981071706	629	0.1739922113	1.428752475	0	1.360199195	0
run009	0.3981071706	633	0.1726232301	1.391853958	0	1.308351022	0
run009	0.3981071706	637	0.1718869278	1.356043821	0	1.252378019	0
run009	0.3981071706	641	0.1717402187	1.3215712	0	1.193999002	0
run009	0.3981071706	645	0.172139516	1.288679305	0	1.134724421	0
run009	0.3981071706	649	0.1730409173	1.257602538	0	1.075830494	0
run009	0.3981071706	653	0.1744001726	1.228562828	0	1.018355304	0
run009	0.3981071706	657	0.1761725078	1.201765988	0	0.9631105925	0
run009	0.3981071706	661	0.1783123659	1.177398627	0	0.9107035041	0
run009	0.3981071706	665	0.1807731161	1.155625818	0	0.8615636712	0
run009	0.3981071706	669	0.1835067712	1.13658955	0	0.8159721338	0
run009	0.3981071706	673	0.1864637447	1.120407789	0	0.7740897116	0
run009	0.3981071706	677	0.1895926786	1.107173905	0	0.735983218	0
run009	0.3981071706	681	0.1928403624	1.096956165	0	0.701648731	0
run009	0.3981071706	685	0.1961517663	1.089797007	0	0.671031548	0
run009	0.3981071706	689	0.1994702038	1.085711828	0	0.6440428059	0
run009	0.3981071706	693	0.2027376398	1.084687088	0	0.6205729613	0
run009	0.3981071706	697	0.205895155	1.086677606	0	0.6005024239	0
run009	0.3981071706	701	0.2088835718	1.091603045	0	0.5837096866	0
run009	0.3981071706	705	0.2116442447	1.099343683	0	0.5700772896	0
run009	0.3981071706	709	0.2141200087	1.109735739	0	0.5594959283	0
run009	0.3981071706	713	0.2162562715	1.12256666	0	0.5518669536	0
run009	0.3981071706	717	0.218002226	1.13757095	0	0.5471034798	0
run009	0.3981071706	721	0.2193121468	1.15442726	0	0.5451302402	0
run009	0.3981071706	725	0.2201467229	1.17275754	0	0.5458822856	0
run009	0.3981071706	729	0.2204743674	1.192129084	0	0.5493025767	0
run009	0.3981071706	733	0.2202724312	1.212060182	0	0.5553384846	0
run009	0.3981071706	737	0.2195282439	1.232029858	0	0.5639372021	0
run009	0.3981071706	741	0.2182399007	1.251491802	0	0.5750400725	0
run009	0.3981071706	745	0.2164167183	1.269892111	0	0.5885758751	0
run009	0.3981071706	749	0.2140792976	1.286689901	0	0.6044531859	0
run009	0.3981071706	753	0.2112591519	1.301379371	0	0.6225520241	0
run009	0.3981071706	757	0.2079978878	1.313511519	0	0.6427151555	0
run009	0.3981071706	761	0.2043459603	1.322713564	0	0.6647395904	0
run009	0.3981071706	765	0.2003610584	1.328704268	0	0.6883690025	0
run009	0.3981071706	769	0.1961062085	1.331303739	0	0.7132879634	0
run009	0.3981071706	773	0.1916477065	1.330436909	0	0.7391189986	0
run009	0.3981071706	777	0.1870530013	1.326130609	0	0.7654234653	0
run009	0.3981071706	781	0.1823886544	1.318504837	0	0.7917071096	0
run009	0.3981071706	785	0.1777184853	1.307759422	0	0.817430825	0
run009	0.3981071706	789	0.1731019925	1.294157623	0	0.8420266398	0
run009	0.3981071706	793	0.1685931118	1.27800835	0	0.8649183285	0
run009	0.3981071706	797	0.164239338	1.259648574	0	0.8855453899	0
run009	0.3981071706	801	0.160081213	1.239427236	0	0.9033885527	0
run009	0.3981071706	805	0.1561521512	1.217691563	0	0.9179946036	0
run009	0.3981071706	809	0.1524785562	1.194776308	0	0.9289982509	0
run009	0.3981071706	813	0.1490801733	1.170996033	0	0.9361389985	0
run009	0.3981071706	817	0.1459706123	1.146640254	0	0.9392715486	0
run009	0.3981071706	821	0.1431579814	1.121971046	0	0.9383690015	0
run009	0.3981071706	825	0.1406455754	1.097222608	0	0.9335189239	0
run009	0.3981071706	829	0.1384325728	1.072602227	0	0.9249130929	0
run009	0.3981071706	833	0.1365147058	1.048292167	0	0.9128323038	0
run009	0.3981071706	837	0.1348848768	1.024452023	0	0.8976278842	0
run009	0.3981071706	841	0.1335337076	1.001221246	0	0.879701684	0
run009	0.3981071706	845	0.1324500108	0.9787215738	0	0.8594861405	0
run009	0.3981071706	849	0.1316211869	0.9570592622	0	0.8374256845	0
run009	0.3981071706	853	0.131033543	0.936327016	0	0.8139605211	0
run009	0.3981071706	857	0.1306725477	0.9166056231	0	0.7895132482	0
run009	0.3981071706	861	0.1305230245	0.8979652949	0	0.7644786873	0
run009	0.3981071706	865	0.130569297	0.8804667646	0	0.7392166379	0
run009	0.3981071706	869	0.1307952933	0.8641621722	0	0.7140474907	0
run009	0.3981071706	873	0.131184618	0.8490957775	0	0.6892502757	0
run009	0.3981071706	877	0.1317206007	0.835304537	0	0.6650626486	0
run009	0.3981071706	881	0.1323863296	0.8228185653	0	0.6416824238	0
run009	0.3981071706	885	0.1331646745	0.811661496	0	0.6192701772	0
run009	0.3981071706	889	0.1340383063	0.8018507469	0	0.5979525889	0
run009	0.3981071706	893	0.1349897174	0.7933976855	0	0.5778261826	0
run009	0.3981071706	897	0.1360012477	0.7863076945	0	0.5589612017	0
run009	0.3981071706	901	0.1370551183	0.7805801231	0	0.5414054472	0
run009	0.3981071706	905	0.1381334771	0.7762081162	0	0.5251879419	0
run009	0.3981071706	909	0.1392184577	0.7731783112	0	0.5103223011	0
run009	0.3981071706	913	0.1402922546	0.7714704048	0	0.4968097562	0
run009	0.3981071706	917	0.1413372125	0.7710565955	0	0.4846418355	0
run009	0.3981071706	921	0.142335935	0.7719008994	0	0.4738026518	0
run009	0.3981071706	925	0.1432714085	0.7739583691	0	0.4642708182	0
run009	0.3981071706	929	0.1441271435	0.7771742488	0	0.4560210243	0
run009	0.3981071706	933	0.1448873298	0.7814831013	0	0.4490252681	0
run009	0.3981071706	937	0.1455370061	0.7868079699	0	0.4432537791	0
run009	0.3981071706	941	0.1460622383	0.7930596405	0	0.4386756682	0
run009	0.3981071706	945	0.1464503057	0.8001360823	0	0.4352593134	0
run009	0.3981071706	949	0.1466898888	0.807922163	0	0.4329725071	0
run009	0.3981071706	953	0.1467712544	0.8162897127	0	0.4317823994	0
run009	0.3981071706	957	0.1466864317	0.825098032	0	0.4316552459	0
run009	0.3981071706	961	0.1464293736	0.8341949255	0	0.432555983	0
run009	0.3981071706	965	0.1459960953	0.8434182981	0	0.4344476556	0
run009	0.3981071706	969	0.1453847854	0.852598342	0	0.4372907166	0
run009	0.3981071706	973	0.1445958798	0.861560323	0	0.4410422213	0
run009	0.3981071706	977	0.1436320953	0.8701278753	0	0.4456549531	0
run009	0.3981071706	981	0.1424984181	0.8781267175	0	0.4510765068	0
run009	0.3981071706	985	0.141202041	0.8853886631	0	0.4572483728	0
run009	0.3981071706	989	0.1397522517	0.8917557136	0	0.4641050707	0
run009	0.3981071706	993	0.1381602718	0.8970840525	0	0.47157338	0
run009	0.3981071706	997	0.1364390482	0.9012477225	0	0.4795717327	0
run009	0.3981071706	1001	0.1346030048	0.9041417812	0	0.4880098247	0
run009	0.3981071706	1005	0.1326677614	0.9056847859	0	0.4967885028	0
run009	0.3981071706	1009	0.1306498259	0.90582039	0	0.5058000182	0
run009	0.3981071706	1013	0.1285662775	0.9045181459	0	0.5149286278	0
run009	0.3981071706	1017	0.1264344446	0.9017733281	0	0.524051651	0
run009	0.3981071706	1021	0.1242715903	0.897605904	0	0.5330409586	0
run009	0.3981071706	1025	0.122094618	0.8920587415	0	0.5417648889	0
run009	0.3981071706	1029	0.1199198025	0.8851951726	0	0.5500905631	0
run009	0.3981071706	1033	0.1177625553	0.8770960964	0	0.5578865178	0
run009	0.3981071706	1037	0.1156372289	0.8678567781	0	0.5650255761	0
run009	0.3981071706	1041	0.1135569629	0.8575835367	0	0.5713878195	0
run009	0.3981071706	1045	0.1115335711	0.8463904649	0	0.5768635366	0
run009	0.3981071706	1049	0.1095774705	0.8343963167	0	0.5813560002	0
run009	0.3981071706	1053	0.1076976504	0.8217216798	0	0.5847839218	0
run009	0.3981071706	1057	0.1059016734	0.808486481	0	0.5870834792	0
run009	0.3981071706	1061	0.1041957075	0.7948078965	0	0.5882097794	0
run009	0.3981071706	1065	0.1025845826	0.7807986538	0	0.5881377173	0
run009	0.3981071706	1069	0.1010718654	0.7665657208	0	0.5868621974	0
run009	0.3981071706	1073	0.0996599493	0.7522093812	0	0.5843976782	0
run009	0.3981071706	1077	0.09835015191	0.737822608	0	0.5807771664	0
run009	0.3981071706	1081	0.09714281794	0.7234907417	0	0.5760506469	0
run009	0.3981071706	1085	0.096037423	0.7092913918	0	0.5702831009	0
run009	0.3981071706	1089	0.09503267513	0.6952945218	0	0.5635522164	0
run009	0.3981071706	1093	0.09412661201	0.6815626858	0	0.5559458885	0
run009	0.3981071706	1097	0.09331669227	0.6681513585	0	0.5475596558	0
run009	0.3981071706	1100	0.09277053619	0.6583327936	0	0.5408185878	0
run010	0.6309573445	1	10	10	0	10	0
run010	0.6309573445	5	7.606856133	7.94340584	0	7.604468966	0
run010	0.6309573445	9	5.83940273	7.934832851	0	6.393737777	0
run010	0.6309573445	13	4.498079441	8.912944896	0	5.924140344	0
run010	0.6309573445	17	3.460105649	9.781431429	0	5.921548338	0
run010	0.6309573445	21	2.655836623	10.17831109	0	6.223961453	0
run010	0.6309573445	25	2.035938564	10.33259806	0	6.664396746	0
run010	0.6309573445	29	1.560041545	10.48416709	0	7.087835512	0
run010	0.6309573445	33	1.195396283	10.70811406	0	7.410100545	0
run010	0.6309573445	37	0.9162985973	10.97765401	0	7.622959062	0
run010	0.6309573445	41	0.7028614324	11.24045741	0	7.753295712	0
run010	0.6309573445	45	0.5397547391	11.45650283	0	7.827421917	0
run010	0.6309573445	49	0.4151826031	11.60422271	0	7.858204903	0
run010	0.6309573445	53	0.3200876634	11.6731597	0	7.846096589	0
run010	0.6309573445	57	0.2475302314	11.6558896	0	7.783885961	0
run010	0.6309573445	61	0.1922027673	11.54358598	0	7.660834494	0
run010	0.6309573445	65	0.1500513464	11.32513942	0	7.465604393	0
run010	0.6309573445	69	0.1179818822	10.98877505	0	7.188635263	0
run010	0.6309573445	73	0.09363302796	10.52534775	0	6.824589376	0
run010	0.6309573445	77	0.07520123955	9.932583356	0	6.374908098	0
run010	0.6309573445	81	0.06130669179	9.219120657	0	5.849792466	0
run010	0.6309573445	85	0.05089144784	8.406662452	0	5.268479504	0
run010	0.6309573445	89	0.04314318433	7.528680841	0	4.65702636	0
run010	0.6309573445	93	0.03743875464	6.625461566	0	4.043973744	0
run010	0.6309573445	97	0.03330235977	5.737167626	0	3.455448607	0
run010	0.6309573445	101	0.03037376452	4.897576381	0	2.911492809	0
run010	0.6309573445	105	0.02838319934	4.130452547	0	2.424549038	0
run010	0.6309573445	109	0.02713097489	3.448929372	0	1.999905691	0
run010	0.6309573445	113	0.0264708758	2.85703756	0	1.637274961	0
run010	0.6309573445	117	0.02629687377	2.352174842	0	1.332673157	0
run010	0.6309573445	121	0.02653278392	1.927592185	0	1.080081489	0
run010	0.6309573445	125	0.02712442754	1.574422023	0	0.8726832708	0
run010	0.6309573445	129	0.02803382418	1.283121004	0	0.7036745004	0
run010	0.6309573445	133	0.02923495314	1.044385866	0	0.566731881	0
run010	0.6309573445	137	0.03071068693	0.8496666663	0	0.4562392465	0
run010	0.6309573445	141	0.03245057721	0.6914030946	0	0.367359266	0
run010	0.6309573445	145	0.03444924943	0.5630857083	0	0.2960146345	0
run010	0.6309573445	149	0.03670522602	0.4592156678	0	0.2388220908	0
run010	0.6309573445	153	0.03922004774	0.3752121737	0	0.1930065077	0
run010	0.6309573445	157	0.04199759962	0.3072985537	0	0.156311087	0
run010	0.6309573445	161	0.0450435756	0.2523851755	0	0.1269123407	0
run010	0.6309573445	165	0.04836503354	0.2079591837	0	0.1033439909	0
run010	0.6309573445	169	0.05197000717	0.1719857485	0	0.08443121712	0
run010	0.6309573445	173	0.05586714985	0.1428224681	0	0.06923518453	0
run010	0.6309573445	177	0.06006539249	0.119146834	0	0.05700704576	0
run010	0.6309573445	181	0.06457360206	0.09989569363	0	0.04715023331	0
run010	0.6309573445	185	0.06940023134	0.08421535269	0	0.03918985631	0
run010	0.6309573445	189	0.07455295306	0.07142078575	0	0.03274801901	0
run010	0.6309573445	193	0.08003827402	0.06096251944	0	0.02752402157	0
run010	0.6309573445	197	0.08586112716	0.05239987974	0	0.02327853838	0
run010	0.6309573445	201	0.09202444154	0.04537947061	0	0.01982101455	0
run010	0.6309573445	205	0.09852869249	0.0396179161	0	0.01699964797	0
run010	0.6309573445	209	0.1053714365	0.03488806323	0	0.01469344213	0
run010	0.6309573445	213	0.1125468382	0.03100798171	0	0.01280591042	0
run010	0.6309573445	217	0.1200451982	0.02783222212	0	0.01126009565	0
run010	0.6309573445	221	0.127852495	0.02524489927	0	0.009994636298	0
run010	0.6309573445	225	0.1359499551	0.02315425464	0	0.008960665009	0
run010	0.6309573445	229	0.1443136679	0.02148842775	0	0.008119370763	0
run010	0.6309573445	233	0.1529142636	0.02019223027	0	0.007440092732	0
run010	0.6309573445	237	0.1617166759	0.0192247692	0	0.006898841858	0
run010	0.6309573445	241	0.1706800051	0.01855781813	0	0.006477172335	0
run010	0.6309573445	245	0.1797575052	0.01817488217	0	0.006161344519	0
run010	0.6309573445	249	0.1888967064	0.01807095232	0	0.005941738825	0
run010	0.6309573445	253	0.1980396886	0.01825300167	0	0.005812496243	0
run010	0.6309573445	257	0.2071235103	0.01874134714	0	0.005771377324	0
run010	0.6309573445	261	0.2160807916	0.01957209196	0	0.005819848405	0
run010	0.6309573445	265	0.2248404406	0.0208009952	0	0.005963424546	0
run010	0.6309573445	269	0.2333285013	0.02250929815	0	0.006212324429	0
run010	0.6309573445	273	0.2414690854	0.02481230929	0	0.006582527878	0
run010	0.6309573445	277	0.2491853402	0.02787194966	0	0.007097376454	0
run010	0.6309573445	281	0.2564003818	0.03191505007	0	0.00778992906	0
run010	0.6309573445	285	0.2630381059	0.03726005944	0	0.008706389643	0
run010	0.6309573445	289	0.2690237627	0.04435609803	0	0.009911080924	0
run010	0.6309573445	293	0.2742841504	0.05384007613	0	0.01149366904	0
run010	0.6309573445	297	0.2787472432	0.06662002421	0	0.01357968914	0
run010	0.6309573445	301	0.2823410218	0.08399568177	0	0.01634592536	0
run010	0.6309573445	305	0.2849912168	0.1078301404	0	0.02004293638	0
run010	0.6309573445	309	0.2866176323	0.1407865184	0	0.02502804782	0
run010	0.6309573445	313	0.2871287263	0.1866355246	0	0.0318135158	0
run010	0.6309573445	317	0.2864142986	0.2506105124	0	0.04113625214	0
run010	0.6309573445	321	0.2843367053	0.3397124709	0	0.05405717507	0
run010	0.6309573445	325	0.2807223714	0.4627154262	0	0.07209906623	0
run010	0.6309573445	329	0.2753579954	0.6293812819	0	0.09742991891	0
run010	0.6309573445	333	0.267999792	0.8481686421	0	0.1330912096	0
run010	0.6309573445	337	0.2584076605	1.121907572	0	0.1832533013	0
run010	0.6309573445	341	0.2464139263	1.442170074	0	0.2534489071	0
run010	0.6309573445	345	0.2320207702	1.785452282	0	0.3506824614	0
run010	0.6309573445	349	0.2154920479	2.115679403	0	0.4832201329	0
run010	0.6309573445	353	0.1973852214	2.394543287	0	0.6597122239	0
run010	0.6309573445	357	0.1784872328	2.594637555	0	0.8871476429	0
run010	0.6309573445	361	0.1596714445	2.707299361	0	1.167273469	0
run010	0.6309573445	365	0.1417363388	2.741438247	0	1.491999912	0
run010	0.6309573445	369	0.1252861286	2.716177073	0	1.839992765	0
run010	0.6309573445	373	0.1106809196	2.652557049	0	2.177787035	0
run010	0.6309573445	377	0.09805079495	2.567836137	0	2.467096996	0
run010	0.6309573445	381	0.08734990367	2.473236881	0	2.675611936	0
run010	0.6309573445	385	0.07842317409	2.374319283	0	2.785538622	0
run010	0.6309573445	389	0.07106498332	2.272663519	0	2.795908334	0
run010	0.6309573445	393	0.06506021209	2.167783462	0	2.71912541	0
run010	0.6309573445	397	0.06020758385	2.058662648	0	2.574989563	0
run010	0.6309573445	401	0.05632990621	1.944707469	0	2.385172022	0
run010	0.6309573445	405	0.05327646052	1.826155775	0	2.169515948	0
run010	0.6309573445	409	0.05092147557	1.704086778	0	1.944211697	0
run010	0.6309573445	413	0.04916105975	1.58020088	0	1.721326622	0
run010	0.6309573445	417	0.04790981204	1.456514165	0	1.509112132	0
run010	0.6309573445	421	0.04709764954	1.33506788	0	1.312655861	0
run010	0.6309573445	425	0.04666704032	1.21770665	0	1.134614506	0
run010	0.6309573445	429	0.04657067166	1.105941991	0	0.9758901518	0
run010	0.6309573445	433	0.04676951962	1.000893541	0	0.8361936661	0
run010	0.6309573445	437	0.04723126606	0.9032893906	0	0.7144835627	0
run010	0.6309573445	441	0.04792900738	0.8135044962	0	0.6092906177	0
run010	0.6309573445	445	0.04884020361	0.7316189517	0	0.5189472317	0
run010	0.6309573445	449	0.04994582346	0.6574825569	0	0.4417420631	0
run010	0.6309573445	453	0.05122964774	0.590776896	0	0.3760186372	0
run010	0.6309573445	457	0.05267770014	0.5310700399	0	0.3202335223	0
run010	0.6309573445	461	0.05427778002	0.4778618143	0	0.2729863622	0
run010	0.6309573445	465	0.05601907648	0.4306193846	0	0.2330310419	0
run010	0.6309573445	469	0.05789184756	0.3888039562	0	0.1992747758	0
run010	0.6309573445	473	0.05988715164	0.3518898515	0	0.1707699128	0
run010	0.6309573445	477	0.06199662064	0.3193774007	0	0.1467017886	0
run010	0.6309573445	481	0.0642122674	0.2908009842	0	0.126374822	0
run010	0.6309573445	485	0.066526321	0.2657334341	0	0.1091982815	0
run010	0.6309573445	489	0.06893108532	0.2437877976	0	0.09467258237	0
run010	0.6309573445	493	0.07141881753	0.2246172424	0	0.08237660334	0
run010	0.6309573445	497	0.07398162352	0.2079137556	0	0.07195625612	0
run010	0.6309573445	501	0.07661136869	0.1934060883	0	0.06311438167	0
run010	0.6309573445	505	0.07929960224	0.1808573056	0	0.05560194437	0
run010	0.6309573445	509	0.08203749426	0.1700621869	0	0.04921044568	0
run010	0.6309573445	513	0.08481578461	0.1608446594	0	0.04376544106	0
run010	0.6309573445	517	0.08762474305	0.1530553844	0	0.03912103638	0
run010	0.6309573445	521	0.09045414013	0.1465695798	0	0.03515524382	0
run010	0.6309573445	525	0.09329322848	0.1412851331	0	0.03176607794	0
run010	0.6309573445	529	0.09613073375	0.1371210407	0	0.02886828534	0
run010	0.6309573445	533	0.09895485502	0.1340161974	0	0.02639061452	0
run010	0.6309573445	537	0.1017532737	0.1319285546	0	0.02427354206	0
run010	0.6309573445	541	0.1045131699	0.1308346603	0	0.02246738288	0
run010	0.6309573445	545	0.107221246	0.1307295982	0	0.02093072386	0
run010	0.6309573445	549	0.1098637552	0.1316273387	0	0.01962912949	0
run010	0.6309573445	553	0.1124265332	0.1335615189	0	0.01853407468	0
run010	0.6309573445	557	0.114895033	0.136586664	0	0.01762206915	0
run010	0.6309573445	561	0.1172543586	0.1407798583	0	0.0168739433	0
run010	0.6309573445	565	0.1194892963	0.1462428591	0	0.01627427034	0
run010	0.6309573445	569	0.1215843415	0.1531046197	0	0.01581090452	0
run010	0.6309573445	573	0.1235237181	0.1615241441	0	0.01547461923	0
run010	0.6309573445	577	0.1252913892	0.1716935241	0	0.01525883165	0
run010	0.6309573445	581	0.126871057	0.1838408984	0	0.01515940291	0
run010	0.6309573445	585	0.1282461526	0.1982329168	0	0.01517450705	0
run010	0.6309573445	589	0.129399817	0.2151760622	0	0.01530456136	0
run010	0.6309573445	593	0.1303148782	0.235015902	0	0.01555221364	0
run010	0.6309573445	597	0.1309738326	0.2581329115	0	0.01592238396	0
run010	0.6309573445	601	0.131358846	0.2849332153	0	0.01642235712	0
run010	0.6309573445	605	0.1314517925	0.3158320284	0	0.01706192612	0
run010	0.6309573445	609	0.1312343626	0.3512274097	0	0.01785358529	0
run010	0.6309573445	613	0.1306882753	0.3914620208	0	0.01881277428	0
run010	0.6309573445	617	0.1297956396	0.4367712647	0	0.01995817517	0
run010	0.6309573445	621	0.1285395092	0.4872180481	0	0.02131206743	0
run010	0.6309573445	625	0.1269046741	0.5426173845	0	0.02290074916	0
run010	0.6309573445	629	0.1248787088	0.6024584789	0	0.02475503662	0
run010	0.6309573445	633	0.1224532687	0.6658370642	0	0.02691086141	0
run010	0.6309573445	637	0.1196255703	0.7314149091	0	0.02940998652	0
run010	0.6309573445	641	0.1163999301	0.797425254	0	0.03230086841	0
run010	0.6309573445	645	0.1127891781	0.8617386444	0	0.03563968758	0
run010	0.6309573445	649	0.1088157192	0.9219944642	0	0.03949156339	0
run010	0.6309573445	653	0.104512015	0.9757882718	0	0.04393194958	0
run010	0.6309573445	657	0.0999203117	1.020889731	0	0.04904818093	0
run010	0.6309573445	661	0.09509154571	1.055455476	0	0.05494110647	0
run010	0.6309573445	665	0.09008346868	1.078199385	0	0.06172670546	0
run010	0.6309573445	669	0.08495819633	1.088492803	0	0.06953753482	0
run010	0.6309573445	673	0.07977943387	1.086382391	0	0.07852380755	0
run010	0.6309573445	677	0.07460969025	1.072531518	0	0.08885384035	0
run010	0.6309573445	681	0.06950775597	1.048104323	0	0.1007135394	0
run010	0.6309573445	685	0.06452665265	1.014618152	0	0.1143045124	0
run010	0.6309573445	689	0.0597121701	0.9737895665	0	0.1298403154	0
run010	0.6309573445	693	0.05510201996	0.9273936972	0	0.1475402615	0
run010	0.6309573445	697	0.05072555903	0.8771494093	0	0.1676201907	0
run010	0.6309573445	701	0.04660398929	0.8246353777	0	0.1902796363	0
run010	0.6309573445	705	0.04275091845	0.7712367026	0	0.2156849794	0
run010	0.6309573445	709	0.03917316268	0.7181181674	0	0.2439485142	0
run010	0.6309573445	713	0.0358716833	0.6662184849	0	0.2751039067	0
run010	0.6309573445	717	0.03284257	0.6162596696	0	0.3090793104	0
run010	0.6309573445	721	0.03007800434	0.5687661899	0	0.3456703843	0
run010	0.6309573445	725	0.02756715864	0.5240895164	0	0.3845164885	0
run010	0.6309573445	729	0.02529700326	0.4824348257	0	0.4250842311	0
run010	0.6309573445	733	0.0232530102	0.4438875165	0	0.4666628565	0
run010	0.6309573445	737	0.02141975019	0.4084381027	0	0.5083756521	0
run010	0.6309573445	741	0.01978138904	0.3760046609	0	0.5492097486	0
run010	0.6309573445	745	0.01832209026	0.3464524265	0	0.588064571	0
run010	0.6309573445	749	0.01702633456	0.3196104604	0	0.6238157089	0
run010	0.6309573445	753	0.01587916619	0.2952854781	0	0.6553879675	0
run010	0.6309573445	757	0.01486637541	0.2732730251	0	0.681829148	0
run010	0.6309573445	761	0.01397462605	0.2533662588	0	0.702375271	0
run010	0.6309573445	765	0.013191536	0.2353626038	0	0.7164992353	0
run010	0.6309573445	769	0.01250571781	0.2190685628	0	0.7239375155	0
run010	0.6309573445	773	0.01190678641	0.2043029655	0	0.7246931454	0
run010	0.6309573445	777	0.01138534055	0.1908989308	0	0.7190167895	0
run010	0.6309573445	781	0.01093292377	0.178704801	0	0.7073704988	0
run010	0.6309573445	785	0.01054197099	0.1675842857	0	0.6903803074	0
run010	0.6309573445	789	0.01020574538	0.1574160328	0	0.6687841118	0
run010	0.6309573445	793	0.009918269921	0.1480927979	0	0.643380461	0
run010	0.6309573445	797	0.009674257148	0.139520369	0	0.6149826134	0
run010	0.6309573445	801	0.009469039729	0.1316163612	0	0.5843804984	0
run010	0.6309573445	805	0.00929850388	0.1243089685	0	0.5523117533	0
run010	0.6309573445	809	0.009159026899	0.1175357375	0	0.5194418472	0
run010	0.6309573445	813	0.009047419621	0.1112424043	0	0.4863524126	0
run010	0.6309573445	817	0.008960874157	0.105381821	0	0.4535364515	0
run010	0.6309573445	821	0.008896916965	0.09991298436	0	0.4213989435	0
run010	0.6309573445	825	0.008853367104	0.09480017249	0	0.3902613493	0
run010	0.6309573445	829	0.008828299365	0.09001218568	0	0.360368695	0
run010	0.6309573445	833	0.008820011887	0.08552168721	0	0.331898136	0
run010	0.6309573445	837	0.008826997812	0.08130463435	0	0.3049681361	0
run010	0.6309573445	841	0.008847920621	0.07733979271	0	0.2796476431	0
run010	0.6309573445	845	0.008881592666	0.07360832243	0	0.2559648048	0
run010	0.6309573445	849	0.008926956505	0.07009342748	0	0.233914954	0
run010	0.6309573445	853	0.008983068725	0.06678005977	0	0.2134677303	0
run010	0.6309573445	857	0.009049085885	0.06365467002	0	0.1945732652	0
run010	0.6309573445	861	0.009124252319	0.06070499851	0	0.1771674485	0
run010	0.6309573445	865	0.009207889534	0.05791989943	0	0.1611763251	0
run010	0.6309573445	869	0.009299386987	0.05528919361	0	0.146519698	0
run010	0.6309573445	873	0.009398194043	0.05280354497	0	0.1331140273	0
run010	0.6309573445	877	0.009503812956	0.05045435685	0	0.1208747174	0
run010	0.6309573445	881	0.009615792736	0.04823368483	0	0.1097178824	0
run010	0.6309573445	885	0.009733723764	0.04613416337	0	0.09956167368	0
run010	0.6309573445	889	0.009857233064	0.04414894381	0	0.09032724677	0
run010	0.6309573445	893	0.009985980147	0.04227164185	0	0.0819394333	0
run010	0.6309573445	897	0.01011965333	0.04049629288	0	0.07432717739	0
run010	0.6309573445	901	0.01025796649	0.03881731379	0	0.0674237849	0
run010	0.6309573445	905	0.01040065619	0.03722947014	0	0.06116702778	0
run010	0.6309573445	909	0.0105474791	0.03572784783	0	0.05549913755	0
run010	0.6309573445	913	0.01069820976	0.0343078284	0	0.05036671727	0
run010	0.6309573445	917	0.01085263848	0.03296506745	0	0.0457205923	0
run010	0.6309573445	921	0.0110105696	0.03169547557	0	0.04151562014	0
run010	0.6309573445	925	0.01117181978	0.0304952015	0	0.03771047417	0
run010	0.6309573445	929	0.01133621661	0.02936061689	0	0.03426741093	0
run010	0.6309573445	933	0.01150359726	0.0282883028	0	0.03115203008	0
run010	0.6309573445	937	0.01167380728	0.02727503735	0	0.02833303411	0
run010	0.6309573445	941	0.0118466996	0.02631778448	0	0.02578199287	0
run010	0.6309573445	945	0.01202213348	0.02541368357	0	0.02347311452	0
run010	0.6309573445	949	0.01219997372	0.02456004005	0	0.02138302787	0
run010	0.6309573445	953	0.01238008982	0.02375431671	0	0.01949057705	0
run010	0.6309573445	957	0.01256235532	0.02299412544	0	0.01777662666	0
run010	0.6309573445	961	0.0127466471	0.0222772197	0	0.01622388126	0
run010	0.6309573445	965	0.01293284485	0.02160148748	0	0.01481671834	0
run010	0.6309573445	969	0.01312083049	0.02096494471	0	0.0135410332	0
run010	0.6309573445	973	0.01331048776	0.02036572907	0	0.0123840968	0
run010	0.6309573445	977	0.01350170173	0.01980209427	0	0.01133442548	0
run010	0.6309573445	981	0.01369435842	0.0192724046	0	0.01038166144	0
run010	0.6309573445	985	0.0138883445	0.01877512995	0	0.009516464403	0
run010	0.6309573445	989	0.01408354691	0.01830884104	0	0.008730412571	0
run010	0.6309573445	993	0.01427985258	0.01787220509	0	0.008015912751	0
run010	0.6309573445	997	0.01447714824	0.01746398169	0	0.007366119165	0
run010	0.6309573445	1001	0.01467532012	0.01708301908	0	0.006774859584	0
run010	0.6309573445	1005	0.01487425377	0.01672825059	0	0.006236568658	0
run010	0.6309573445	1009	0.01507383388	0.0163986915	0	0.005746227868	0
run010	0.6309573445	1013	0.01527394416	0.01609343607	0	0.005299310978	0
run010	0.6309573445	1017	0.01547446715	0.01581165491	0	0.004891735115	0
run010	0.6309573445	1021	0.0156752841	0.01555259262	0	0.00451981666	0
run010	0.6309573445	1025	0.01587627494	0.01531556562	0	0.004180231294	0
run010	0.6309573445	1029	0.0160773181	0.01509996041	0	0.003869978282	0
run010	0.6309573445	1033	0.01627829053	0.01490523192	0	0.003586348235	0
run010	0.6309573445	1037	0.0164790676	0.01473090226	0	0.003326893996	0
run010	0.6309573445	1041	0.01667952305	0.01457655973	0	0.003089404633	0
run010	0.6309573445	1045	0.016879529	0.01444185804	0	0.002871881943	0
run010	0.6309573445	1049	0.01707895591	0.01432651592	0	0.002672519291	0
run010	0.6309573445	1053	0.01727767262	0.01423031692	0	0.002489682703	0
run010	0.6309573445	1057	0.01747554627	0.01415310964	0	0.002321893765	0
run010	0.6309573445	1061	0.01767244244	0.01409480814	0	0.002167814263	0
run010	0.6309573445	1065	0.01786822506	0.01405539279	0	0.002026232432	0
run010	0.6309573445	1069	0.01806275655	0.01403491142	0	0.0018960505	0
run010	0.6309573445	1073	0.01825589778	0.01403348077	0	0.001776273554	0
run010	0.6309573445	1077	0.01844750819	0.01405128849	0	0.001665999522	0
run010	0.6309573445	1081	0.01863744582	0.01408859531	0	0.001564410104	0
run010	0.6309573445	1085	0.01882556735	0.01414573785	0	0.001470762679	0
run010	0.6309573445	1089	0.01901172826	0.01422313177	0	0.001384382999	0
run010	0.6309573445	1093	0.01919578279	0.01432127541	0	0.001304658585	0
run010	0.6309573445	1097	0.01937758413	0.01444075399	0	0.001231032827	0
run010	0.6309573445	1100	0.01951236757	0.01454476752	0	0.001179509549	0
run011	1	1	10	10	0	10	0
run011	1	5	7.606633062	7.828586436	0	7.495889161	0
run011	1	9	5.838227174	7.704521423	0	6.21303793	0
run011	1	13	4.496209975	8.543815025	0	5.674695929	0
run011	1	17	3.458134729	9.28591926	0	5.593998819	0
run011	1	21	2.653922157	9.571380785	0	5.807788175	0
run011	1	25	2.034028343	9.609007435	0	6.15800608	0
run011	1	29	1.55810638	9.633578321	0	6.49819767	0
run011	1	33	1.193424337	9.727264243	0	6.744513712	0
run011	1	37	0.9142649551	9.871539119	0	6.884797162	0
run011	1	41	0.7007310512	10.01853412	0	6.944277331	0
run011	1	45	0.5374914991	10.12984375	0	6.951424837	0
run011	1	49	0.4127518184	10.18576803	0	6.923626773	0
run011	1	53	0.3174540994	10.17993859	0	6.866813197	0
run011	1	57	0.2446550312	10.11153734	0	6.77960559	0
run011	1	61	0.1890408613	9.980235261	0	6.657236571	0
run011	1	65	0.1465498693	9.784262124	0	6.494108443	0
run011	1	69	0.1140797399	9.520524454	0	6.285288889	0
run011	1	73	0.08926176933	9.18577286	0	6.027481774	0
run011	1	77	0.07028730557	8.778203904	0	5.719826871	0
run011	1	81	0.05577478443	8.299111422	0	5.364611004	0
run011	1	85	0.04466818831	7.754239024	0	4.967747636	0
run011	1	89	0.03615975626	7.154455035	0	4.538774093	0
run011	1	93	0.02963134234	6.515430698	0	4.090175052	0
run011	1	97	0.02461000585	5.856243829	0	3.636056507	0
run011	1	101	0.02073433372	5.197194036	0	3.190458179	0
run011	1	105	0.01772875934	4.55740804	0	2.765745054	0
run011	1	109	0.0153838001	3.952857875	0	2.371468027	0
run011	1	113	0.01354071674	3.395195543	0	2.013874719	0
run011	1	117	0.01207955046	2.891478199	0	1.696019348	0
run011	1	121	0.01090980701	2.444594922	0	1.418275864	0
run011	1	125	0.00996325064	2.054095693	0	1.179029013	0
run011	1	129	0.00918838328	1.717145208	0	0.9753663926	0
run011	1	133	0.008546257591	1.429411148	0	0.8036681916	0
run011	1	137	0.008007328433	1.185790227	0	0.6600553872	0
run011	1	141	0.007549100103	0.9809456446	0	0.5406984989	0
run011	1	145	0.007154374435	0.8096707045	0	0.4420093959	0
run011	1	149	0.006809947585	0.6671113282	0	0.3607446582	0
run011	1	153	0.006505639505	0.5488836043	0	0.2940472184	0
run011	1	157	0.006233569143	0.4511186712	0	0.2394480474	0
run011	1	161	0.005987611012	0.3704606497	0	0.1948440963	0
run011	1	165	0.005762985957	0.3040366117	0	0.1584637897	0
run011	1	169	0.005555951377	0.2494118595	0	0.1288275201	0
run011	1	173	0.005363565687	0.204539253	0	0.1047077465	0
run011	1	177	0.00518350837	0.1677080827	0	0.08509134944	0
run011	1	181	0.005013941851	0.1374956694	0	0.06914558099	0
run011	1	185	0.0048534051	0.1127233497	0	0.05618813291	0
run011	1	189	0.00470073139	0.09241752608	0	0.04566134854	0
run011	1	193	0.004554984506	0.07577585989	0	0.03711032887	0
run011	1	197	0.004415409164	0.06213834461	0	0.03016454981	0
run011	1	201	0.004281392367	0.05096282022	0	0.02452255676	0
run011	1	205	0.004152433208	0.04180440036	0	0.01993929358	0
run011	1	209	0.004028119267	0.03429831381	0	0.01621567641	0
run011	1	213	0.003908108109	0.02814565144	0	0.01319004003	0
run011	1	217	0.003792112772	0.02310157456	0	0.01073114309	0
run011	1	221	0.003679890365	0.0189655879	0	0.008732461191	0
run011	1	225	0.003571233107	0.01557353373	0	0.007107538712	0
run011	1	229	0.003465961267	0.01279101495	0	0.005786208353	0
run011	1	233	0.003363917607	0.01050799859	0	0.004711519277	0
run011	1	237	0.003264962998	0.008634392924	0	0.003837242978	0
run011	1	241	0.00316897296	0.007096425223	0	0.003125849413	0
run011	1	245	0.003075834929	0.005833676613	0	0.002546865151	0
run011	1	249	0.002985446092	0.004796656062	0	0.002075541904	0
run011	1	253	0.00289771168	0.003944815756	0	0.001691776807	0
run011	1	257	0.002812543605	0.003244927779	0	0.001379236878	0
run011	1	261	0.002729859388	0.002669756464	0	0.001124649076	0
run011	1	265	0.0026495813	0.002196972441	0	0.0009172245309	0
run011	1	269	0.002571635679	0.001808264325	0	0.0007481915488	0
run011	1	273	0.002495952382	0.001488612018	0	0.000610416792	0
run011	1	277	0.002422464354	0.00122569206	0	0.000498097903	0
run011	1	281	0.002351107271	0.001009390937	0	0.0004065140375	0
run011	1	285	0.002281819256	0.0008314067506	0	0.0003318234066	0
run011	1	289	0.002214540656	0.0006849230248	0	0.0002708988696	0
run011	1	293	0.002149213844	0.0005643415695	0	0.0002211944215	0
run011	1	297	0.002085783072	0.0004650636493	0	0.0001806367428	0
run011	1	301	0.002024194341	0.0003833106278	0	0.000147537057	0
run011	1	305	0.001964395294	0.0003159770346	0	0.0001205195331	0
run011	1	309	0.001906335125	0.0002605100545	0	9.84630559e-05	0
run011	1	313	0.001849964503	0.0002148107163	0	8.045388521e-05	0
run011	1	317	0.001795235508	0.0001771528269	0	6.574714603e-05	0
run011	1	321	0.001742101569	0.0001461164619	0	5.373550115e-05	0
run011	1	325	0.001690517415	0.0001205334038	0	4.392367145e-05	0
run011	1	329	0.00164043903	9.944232461e-05	0	3.590768317e-05	0
run011	1	333	0.001591823609	8.205197696e-05	0	2.93579703e-05	0
run011	1	337	0.001544629523	6.771099082e-05	0	2.400562807e-05	0
run011	1	341	0.001498816281	5.588304883e-05	0	1.963121147e-05	0
run011	1	345	0.001454344502	4.612648781e-05	0	1.605561002e-05	0
run011	1	349	0.001411175877	3.807751257e-05	0	1.313260292e-05	0
run011	1	353	0.001369273147	3.143642683e-05	0	1.074280597e-05	0
run011	1	357	0.001328600068	2.595631001e-05	0	8.78873668e-06	0
run011	1	361	0.001289121392	2.14336676e-05	0	7.190774112e-06	0
run011	1	365	0.001250802835	1.770078134e-05	0	5.883883048e-06	0
run011	1	369	0.001213611054	1.461940336e-05	0	4.814936927e-06	0
run011	1	373	0.001177513625	1.207555287e-05	0	3.94052775e-06	0
run011	1	377	0.001142479017	9.975233874e-06	0	3.225179628e-06	0
run011	1	381	0.001108476568	8.240940104e-06	0	2.639904317e-06	0
run011	1	385	0.001075476468	6.808747279e-06	0	2.161009068e-06	0
run011	1	389	0.001043449731	5.625914881e-06	0	1.769122163e-06	0
run011	1	393	0.00101236818	4.648933868e-06	0	1.448407266e-06	0
run011	1	397	0.0009822044191	3.841907847e-06	0	1.185917348e-06	0
run011	1	401	0.0009529318209	3.175215839e-06	0	9.710656193e-07	0
run011	1	405	0.0009245245017	2.62440945e-06	0	7.951931469e-07	0
run011	1	409	0.0008969573036	2.169303282e-06	0	6.512154265e-07	0
run011	1	413	0.0008702057758	1.793238897e-06	0	5.333392822e-07	0
run011	1	417	0.0008442461562	1.48246709e-06	0	4.368269934e-07	0
run011	1	421	0.0008190553528	1.225634334e-06	0	3.57801879e-07	0
run011	1	425	0.0007946109266	1.013361433e-06	0	2.930903654e-07	0
run011	1	429	0.000770891074	8.379028095e-07	0	2.400955839e-07	0
run011	1	433	0.0007478746101	6.928638511e-07	0	1.966933673e-07	0
run011	1	437	0.0007255409521	5.729634504e-07	0	1.61145516e-07	0
run011	1	441	0.0007038701033	4.738407987e-07	0	1.320299406e-07	0
run011	1	445	0.0006828426374	3.918901125e-07	0	1.081813542e-07	0
run011	1	449	0.0006624396828	3.241304457e-07	0	0	0
run011	1	453	0.0006426429322	2.680915298e-07	0	0	0
run011	1	457	0.000623434541	2.217573393e-07	0	0	0
run011	1	461	0.0006047972242	1.83441152e-07	0	0	0
run011	1	465	0.0005867141939	1.517530257e-07	0	0	0
run011	1	469	0.0005691691098	1.255317901e-07	0	0	0
run011	1	473	0.0005521461407	1.038411258e-07	0	0	0
run011	1	477	0.0005356299111	0	0	0	0
run011	1	481	0.0005196055002	0	0	0	0
run011	1	485	0.0005040583606	0	0	0	0
run011	1	489	0.0004889744049	0	0	0	0
run011	1	493	0.0004743399727	0	0	0	0
run011	1	497	0.000460141744	0	0	0	0
run011	1	501	0.0004463668281	0	0	0	0
run011	1	505	0.0004330027171	0	0	0	0
run011	1	509	0.000420037257	0	0	0	0
run011	1	513	0.0004074586402	0	0	0	0
run011	1	517	0.0003952554037	0	0	0	0
run011	1	521	0.0003834164211	0	0	0	0
run011	1	525	0.0003719308907	0	0	0	0
run011	1	529	0.0003607883311	0	0	0	0
run011	1	533	0.0003499785657	0	0	0	0
run011	1	537	0.0003394917139	0	0	0	0
run011	1	541	0.000329318177	0	0	0	0
run011	1	545	0.0003194486622	0	0	0	0
run011	1	549	0.0003098741362	0	0	0	0
run011	1	553	0.0003005858301	0	0	0	0
run011	1	557	0.0002915752339	0	0	0	0
run011	1	561	0.0002828340901	0	0	0	0
run011	1	565	0.0002743543617	0	0	0	0
run011	1	569	0.000266128275	0	0	0	0
run011	1	573	0.00025814827	0	0	0	0
run011	1	577	0.0002504070213	0	0	0	0
run011	1	581	0.0002428974208	0	0	0	0
run011	1	585	0.0002356125654	0	0	0	0
run011	1	589	0.0002285457606	0	0	0	0
run011	1	593	0.0002216905048	0	0	0	0
run011	1	597	0.0002150404882	0	0	0	0
run011	1	601	0.0002085895894	0	0	0	0
run011	1	605	0.0002023318648	0	0	0	0
run011	1	609	0.0001962615512	0	0	0	0
run011	1	613	0.0001903730539	0	0	0	0
run011	1	617	0.0001846609458	0	0	0	0
run011	1	621	0.0001791199607	0	0	0	0
run011	1	625	0.0001737449881	0	0	0	0
run011	1	629	0.0001685310691	0	0	0	0
run011	1	633	0.0001634733929	0	0	0	0
run011	1	637	0.0001585672896	0	0	0	0
run011	1	641	0.0001538082294	0	0	0	0
run011	1	645	0.0001491918167	0	0	0	0
run011	1	649	0.000144713786	0	0	0	0
run011	1	653	0.0001403700003	0	0	0	0
run011	1	657	0.0001361564439	0	0	0	0
run011	1	661	0.0001320692227	0	0	0	0
run011	1	665	0.0001281045565	0	0	0	0
run011	1	669	0.0001242587806	0	0	0	0
run011	1	673	0.0001205283365	0	0	0	0
run011	1	677	0.0001169097713	0	0	0	0
run011	1	681	0.0001133997401	0	0	0	0
run011	1	685	0.0001099949915	0	0	0	0
run011	1	689	0.0001066923712	0	0	0	0
run011	1	693	0.0001034888263	0	0	0	0
run011	1	697	0.0001003813868	0	0	0	0
run011	1	701	9.736717248e-05	0	0	0	0
run011	1	705	9.444339562e-05	0	0	0	0
run011	1	709	9.160734448e-05	0	0	0	0
run011	1	713	8.885638963e-05	0	0	0	0
run011	1	717	8.618798522e-05	0	0	0	0
run011	1	721	8.359965568e-05	0	0	0	0
run011	1	725	8.10890005e-05	0	0	0	0
run011	1	729	7.865369496e-05	0	0	0	0
run011	1	733	7.629147886e-05	0	0	0	0
run011	1	737	7.400016044e-05	0	0	0	0
run011	1	741	7.177761754e-05	0	0	0	0
run011	1	745	6.962178644e-05	0	0	0	0
run011	1	749	6.753066616e-05	0	0	0	0
run011	1	753	6.55023193e-05	0	0	0	0
run011	1	757	6.353486175e-05	0	0	0	0
run011	1	761	6.162646684e-05	0	0	0	0
run011	1	765	5.977536585e-05	0	0	0	0
run011	1	769	5.797983882e-05	0	0	0	0
run011	1	773	5.623821829e-05	0	0	0	0
run011	1	777	5.454888957e-05	0	0	0	0
run011	1	781	5.291028259e-05	0	0	0	0
run011	1	785	5.132087531e-05	0	0	0	0
run011	1	789	4.977919369e-05	0	0	0	0
run011	1	793	4.828380452e-05	0	0	0	0
run011	1	797	4.68333185e-05	0	0	0	0
run011	1	801	4.542639006e-05	0	0	0	0
run011	1	805	4.406171094e-05	0	0	0	0
run011	1	809	4.273801322e-05	0	0	0	0
run011	1	813	4.145406914e-05	0	0	0	0
run011	1	817	4.020868415e-05	0	0	0	0
run011	1	821	3.900069988e-05	0	0	0	0
run011	1	825	3.782899666e-05	0	0	0	0
run011	1	829	3.669248429e-05	0	0	0	0
run011	1	833	3.559010528e-05	0	0	0	0
run011	1	837	3.452083564e-05	0	0	0	0
run011	1	841	3.348368308e-05	0	0	0	0
run011	1	845	3.247768173e-05	0	0	0	0
run011	1	849	3.150189565e-05	0	0	0	0
run011	1	853	3.055542053e-05	0	0	0	0
run011	1	857	2.963737476e-05	0	0	0	0
run011	1	861	2.874690407e-05	0	0	0	0
run011	1	865	2.788318192e-05	0	0	0	0
run011	1	869	2.704540533e-05	0	0	0	0
run011	1	873	2.623279433e-05	0	0	0	0
run011	1	877	2.544459326e-05	0	0	0	0
run011	1	881	2.468007073e-05	0	0	0	0
run011	1	885	2.393851453e-05	0	0	0	0
run011	1	889	2.321923423e-05	0	0	0	0
run011	1	893	2.252156362e-05	0	0	0	0
run011	1	897	2.184485234e-05	0	0	0	0
run011	1	901	2.118847027e-05	0	0	0	0
run011	1	905	2.055180654e-05	0	0	0	0
run011	1	909	1.993427155e-05	0	0	0	0
run011	1	913	1.933528901e-05	0	0	0	0
run011	1	917	1.875430089e-05	0	0	0	0
run011	1	921	1.819076733e-05	0	0	0	0
run011	1	925	1.764416558e-05	0	0	0	0
run011	1	929	1.711398559e-05	0	0	0	0
run011	1	933	1.659973336e-05	0	0	0	0
run011	1	937	1.610093202e-05	0	0	0	0
run011	1	941	1.56171175e-05	0	0	0	0
run011	1	945	1.514783878e-05	0	0	0	0
run011	1	949	1.469265858e-05	0	0	0	0
run011	1	953	1.425115565e-05	0	0	0	0
run011	1	957	1.382291793e-05	0	0	0	0
run011	1	961	1.340754657e-05	0	0	0	0
run011	1	965	1.300465495e-05	0	0	0	0
run011	1	969	1.261386972e-05	0	0	0	0
run011	1	973	1.223482615e-05	0	0	0	0
run011	1	977	1.186717106e-05	0	0	0	0
run011	1	981	1.151056305e-05	0	0	0	0
run011	1	985	1.116467109e-05	0	0	0	0
run011	1	989	1.082917221e-05	0	0	0	0
run011	1	993	1.050375358e-05	0	0	0	0
run011	1	997	1.018811263e-05	0	0	0	0
run011	1	1001	9.881957373e-06	0	0	0	0
run011	1	1005	9.585001373e-06	0	0	0	0
run011	1	1009	9.296967706e-06	0	0	0	0
run011	1	1013	9.017588115e-06	0	0	0	0
run011	1	1017	8.746604768e-06	0	0	0	0
run011	1	1021	8.483763965e-06	0	0	0	0
run011	1	1025	8.228820669e-06	0	0	0	0
run011	1	1029	7.981537142e-06	0	0	0	0
run011	1	1033	7.741685381e-06	0	0	0	0
run011	1	1037	7.509040869e-06	0	0	0	0
run011	1	1041	7.283386784e-06	0	0	0	0
run011	1	1045	7.064512607e-06	0	0	0	0
run011	1	1049	6.852216345e-06	0	0	0	0
run011	1	1053	6.646299577e-06	0	0	0	0
run011	1	1057	6.446570306e-06	0	0	0	0
run011	1	1061	6.252842208e-06	0	0	0	0
run011	1	1065	6.064936082e-06	0	0	0	0
run011	1	1069	5.882676847e-06	0	0	0	0
run011	1	1073	5.705894349e-06	0	0	0	0
run011	1	1077	5.53442366e-06	0	0	0	0
run011	1	1081	5.368106125e-06	0	0	0	0
run011	1	1085	5.206787251e-06	0	0	0	0
run011	1	1089	5.050316115e-06	0	0	0	0
run011	1	1093	4.898546694e-06	0	0	0	0
run011	1	1097	4.75133713e-06	0	0	0	0
run011	1	1100	4.643841478e-06	0	0	0	0
run012	1.584893192	1	10	10	0	10	0
run012	1.584893192	5	7.606284404	7.650022301	0	7.326978129	0
run012	1.584893192	9	5.836396861	7.353046117	0	5.937089978	0
run012	1.584893192	13	4.493293886	7.988641886	0	5.300556905	0
run012	1.584893192	17	3.45507417	8.549981417	0	5.110619474	0
run012	1.584893192	21	2.651002412	8.684094512	0	5.201525399	0
run012	1.584893192	25	2.031178204	8.568873178	0	5.427683244	0
run012	1.584893192	29	1.555279355	8.428320957	0	5.656195834	0
run012	1.584893192	33	1.190613313	8.35308139	0	5.805229774	0
run012	1.584893192	37	0.9114503898	8.336790282	0	5.856538145	0
run012	1.584893192	41	0.6978785194	8.338729096	0	5.830700765	0
run012	1.584893192	45	0.5345664491	8.322029134	0	5.756562146	0
run012	1.584893192	49	0.4097271132	8.266653503	0	5.65535168	0
run012	1.584893192	53	0.3143100419	8.16733083	0	5.538036363	0
run012	1.584893192	57	0.2413766949	8.026818326	0	5.408221377	0
run012	1.584893192	61	0.1856155518	7.85032766	0	5.265688616	0
run012	1.584893192	65	0.1429656229	7.642580469	0	5.108891399	0
run012	1.584893192	69	0.1103248979	7.406896947	0	4.93631196	0
run012	1.584893192	73	0.08532538051	7.145362734	0	4.747050102	0
run012	1.584893192	77	0.06616009576	6.859389036	0	4.541006502	0
run012	1.584893192	81	0.05145043971	6.550303736	0	4.318896445	0
run012	1.584893192	85	0.04014468813	6.219823498	0	4.082209379	0
run012	1.584893192	89	0.0314404678	5.870362993	0	3.83315058	0
run012	1.584893192	93	0.0247255946	5.505179785	0	3.574561448	0
run012	1.584893192	97	0.01953295556	5.128367534	0	3.309803467	0
run012	1.584893192	101	0.01550610747	4.744717212	0	3.04259668	0
run012	1.584893192	105	0.01237304658	4.359474373	0	2.776817081	0
run012	1.584893192	109	0.009926197821	3.978030621	0	2.516271425	0
run012	1.584893192	113	0.008007142016	3.605594612	0	2.264476778	0
run012	1.584893192	117	0.006494952527	3.246888538	0	2.024473144	0
run012	1.584893192	121	0.005297284987	2.905907905	0	1.798690934	0
run012	1.584893192	125	0.00434357038	2.585767766	0	1.588883795	0
run012	1.584893192	129	0.003579817541	2.288641393	0	1.396125298	0
run012	1.584893192	133	0.002964648489	2.015782304	0	1.220858538	0
run012	1.584893192	137	0.002466278566	1.767610589	0	1.062982492	0
run012	1.584893192	141	0.002060219947	1.543840417	0	0.9219580348	0
run012	1.584893192	145	0.00172753809	1.343626527	0	0.7969186895	0
run012	1.584893192	149	0.001453529985	1.165711701	0	0.6867750444	0
run012	1.584893192	153	0.001226723075	1.008562549	0	0.5903059353	0
run012	1.584893192	157	0.00103811763	0.8704862482	0	0.5062331106	0
run012	1.584893192	161	0.000880613101	0.7497251901	0	0.4332788651	0
run012	1.584893192	165	0.0007485734292	0.6445296179	0	0.3702078886	0
run012	1.584893192	169	0.0006374971419	0.5532102202	0	0.3158555264	0
run012	1.584893192	173	0.0005437663298	0.4741736611	0	0.2691450104	0
run012	1.584893192	177	0.0004644550935	0.4059442981	0	0.2290961604	0
run012	1.584893192	181	0.0003971828078	0.3471752245	0	0.1948277995	0
run012	1.584893192	185	0.0003400011933	0.2966514241	0	0.1655557713	0
run012	1.584893192	189	0.000291306966	0.2532873559	0	0.1405880568	0
run012	1.584893192	193	0.0002497739346	0.2161208177	0	0.1193181373	0
run012	1.584893192	197	0.0002142998823	0.1843045243	0	0.1012174557	0
run012	1.584893192	201	0.0001839647202	0.1570964675	0	0.08582757887	0
run012	1.584893192	205	0.0001579973965	0.1338498095	0	0.0727524668	0
run012	1.584893192	209	0.0001357494245	0.1140028489	0	0.06165111287	0
run012	1.584893192	213	0.0001166737066	0.0970693954	0	0.05223071134	0
run012	1.584893192	217	0.0001003073876	0.08262977142	0	0.04424043009	0
run012	1.584893192	221	8.62579213e-05	0.07032255139	0	0.03746581399	0
run012	1.584893192	225	7.41916782e-05	0.05983708678	0	0.03172381139	0
run012	1.584893192	229	6.382456828e-05	0.05090681435	0	0.02685839061	0
run012	1.584893192	233	5.491430477e-05	0.04330332783	0	0.02273671051	0
run012	1.584893192	237	4.725395287e-05	0.03683114562	0	0.0192457813	0
run012	1.584893192	241	4.066656389e-05	0.03132313765	0	0.01628957939	0
run012	1.584893192	245	3.500067171e-05	0.02663653656	0	0.0137865562	0
run012	1.584893192	249	3.012650928e-05	0.02264947713	0	0.01166749755	0
run012	1.584893192	253	2.593281495e-05	0.01925800116	0	0.009873686993	0
run012	1.584893192	257	2.232413193e-05	0.0163734739	0	0.008355334662	0
run012	1.584893192	261	1.921851787e-05	0.01392035996	0	0.007070235195	0
run012	1.584893192	265	1.654559822e-05	0.01183431227	0	0.005982622963	0
run012	1.584893192	269	1.424490914e-05	0.0100605333	0	0.005062197289	0
run012	1.584893192	273	1.226448398e-05	0.008552370954	0	0.004283292842	0
run012	1.584893192	277	1.055964617e-05	0.007270117391	0	0.003624174405	0
run012	1.584893192	281	9.091977113e-06	0.006179982412	0	0.003066437937	0
run012	1.584893192	285	7.828432689e-06	0.005253216547	0	0.002594501977	0
run012	1.584893192	289	6.74058635e-06	0.0044653628	0	0.002195176205	0
run012	1.584893192	293	5.803980206e-06	0.003795618443	0	0.00185729553	0
run012	1.584893192	297	4.997568231e-06	0.003226290899	0	0.001571409843	0
run012	1.584893192	301	4.303238387e-06	0.00274233421	0	0.001329521139	0
run012	1.584893192	305	3.705402158e-06	0.002330954127	0	0.001124860753	0
run012	1.584893192	309	3.190641894e-06	0.001981271864	0	0.0009517006624	0
run012	1.584893192	313	2.747407764e-06	0.001684037889	0	0.0008051936981	0
run012	1.584893192	317	2.365757161e-06	0.00143138829	0	0.0006812382132	0
run012	1.584893192	321	2.03713066e-06	0.001216637496	0	0.0005763635201	0
run012	1.584893192	325	1.754159298e-06	0.001034101919	0	0.0004876329006	0
run012	1.584893192	329	1.510498775e-06	0.000878949923	0	0.0004125614968	0
run012	1.584893192	333	1.300686835e-06	0.0007470742418	0	0.0003490468288	0
run012	1.584893192	337	1.120020514e-06	0.0006349834544	0	0.0002953099777	0
run012	1.584893192	341	9.644505024e-07	0.0005397096939	0	0.0002498458037	0
run012	1.584893192	345	8.304902282e-07	0.000458730172	0	0.0002113808203	0
run012	1.584893192	349	7.151376364e-07	0.0003899004908	0	0.0001788375658	0
run012	1.584893192	353	6.158077985e-07	0.0003313978846	0	0.0001513044223	0
run012	1.584893192	357	5.302749497e-07	0.0002816730128	0	0.0001280101033	0
run012	1.584893192	361	4.566225594e-07	0.0002394089483	0	0.0001083020504	0
run012	1.584893192	365	3.93200339e-07	0.0002034863073	0	9.162815217e-05	0
run012	1.584893192	369	3.385872744e-07	0.0001729536479	0	7.752129678e-05	0
run012	1.584893192	373	2.915597515e-07	0.0001470022646	0	6.558628042e-05	0
run012	1.584893192	377	2.510641331e-07	0.0001249447814	0	5.548874038e-05	0
run012	1.584893192	381	2.161931507e-07	0.0001061969571	0	4.69457923e-05	0
run012	1.584893192	385	1.861655478e-07	9.026219535e-05	0	3.971809596e-05	0
run012	1.584893192	389	1.603085875e-07	7.671840682e-05	0	3.360315777e-05	0
run012	1.584893192	393	1.380429861e-07	6.520683949e-05	0	2.842966259e-05	0
run012	1.584893192	397	1.188699216e-07	5.542256732e-05	0	2.405266924e-05	0
run012	1.584893192	401	1.023598628e-07	4.710641968e-05	0	2.034955278e-05	0
run012	1.584893192	405	0	4.003810477e-05	0	1.721656296e-05	0
run012	1.584893192	409	0	3.403038674e-05	0	1.456592282e-05	0
run012	1.584893192	413	0	2.892412972e-05	0	1.232337442e-05	0
run012	1.584893192	417	0	2.458401264e-05	0	1.042606051e-05	0
run012	1.584893192	421	0	2.089515935e-05	0	8.820868931e-06	0
run012	1.584893192	425	0	1.775981729e-05	0	7.462810092e-06	0
run012	1.584893192	429	0	1.509495419e-05	0	6.313846365e-06	0
run012	1.584893192	433	0	1.282994894e-05	0	5.341773133e-06	0
run012	1.584893192	437	0	1.0904805e-05	0	4.519357574e-06	0
run012	1.584893192	441	0	9.268539405e-06	0	3.823565024e-06	0
run012	1.584893192	445	0	7.87779914e-06	0	3.234897404e-06	0
run012	1.584893192	449	0	6.695734611e-06	0	2.73685774e-06	0
run012	1.584893192	453	0	5.691038424e-06	0	2.315495242e-06	0
run012	1.584893192	457	0	4.837103862e-06	0	1.959008407e-06	0
run012	1.584893192	461	0	4.111305792e-06	0	1.657407436e-06	0
run012	1.584893192	465	0	3.494411688e-06	0	1.402239435e-06	0
run012	1.584893192	469	0	2.97007971e-06	0	1.186355272e-06	0
run012	1.584893192	473	0	2.524423046e-06	0	1.003707921e-06	0
run012	1.584893192	477	0	2.145638923e-06	0	8.491814727e-07	0
run012	1.584893192	481	0	1.823692012e-06	0	7.184459409e-07	0
run012	1.584893192	485	0	1.550052129e-06	0	6.078376789e-07	0
run012	1.584893192	489	0	1.317470419e-06	0	5.142577536e-07	0
run012	1.584893192	493	0	1.119786914e-06	0	4.350849071e-07	0
run012	1.584893192	497	0	9.517657143e-07	0	3.681013248e-07	0
run012	1.584893192	501	0	8.089579722e-07	0	3.1143128e-07	0
run012	1.584893192	505	0	6.875797862e-07	0	2.634866273e-07	0
run012	1.584893192	509	0	5.844141809e-07	0	2.229233377e-07	0
run012	1.584893192	513	0	4.967274585e-07	0	1.886045758e-07	0
run012	1.584893192	517	0	4.221969546e-07	0	1.595689218e-07	0
run012	1.584893192	521	0	3.58849068e-07	0	1.35003227e-07	0
run012	1.584893192	525	0	3.050063385e-07	0	1.142195327e-07	0
run012	1.584893192	529	0	2.592450592e-07	0	0	0
run012	1.584893192	533	0	2.203225018e-07	0	0	0
run012	1.584893192	537	0	1.872672928e-07	0	0	0
run012	1.584893192	541	0	1.591779567e-07	0	0	0
run012	1.584893192	545	0	1.353012637e-07	0	0	0
run012	1.584893192	549	0	1.150076147e-07	0	0	0
run012	1.584893192	553	0	0	0	0	0
run012	1.584893192	557	0	0	0	0	0
run012	1.584893192	561	0	0	0	0	0
run012	1.584893192	565	0	0	0	0	0
run012	1.584893192	569	0	0	0	0	0
run012	1.584893192	573	0	0	0	0	0
run012	1.584893192	577	0	0	0	0	0
run012	1.584893192	581	0	0	0	0	0
run012	1.584893192	585	0	0	0	0	0
run012	1.584893192	589	0	0	0	0	0
run012	1.584893192	593	0	0	0	0	0
run012	1.584893192	597	0	0	0	0	0
run012	1.584893192	601	0	0	0	0	0
run012	1.584893192	605	0	0	0	0	0
run012	1.584893192	609	0	0	0	0	0
run012	1.584893192	613	0	0	0	0	0
run012	1.584893192	617	0	0	0	0	0
run012	1.584893192	621	0	0	0	0	0
run012	1.584893192	625	0	0	0	0	0
run012	1.584893192	629	0	0	0	0	0
run012	1.584893192	633	0	0	0	0	0
run012	1.584893192	637	0	0	0	0	0
run012	1.584893192	641	0	0	0	0	0
run012	1.584893192	645	0	0	0	0	0
run012	1.584893192	649	0	0	0	0	0
run012	1.584893192	653	0	0	0	0	0
run012	1.584893192	657	0	0	0	0	0
run012	1.584893192	661	0	0	0	0	0
run012	1.584893192	665	0	0	0	0	0
run012	1.584893192	669	0	0	0	0	0
run012	1.584893192	673	0	0	0	0	0
run012	1.584893192	677	0	0	0	0	0
run012	1.584893192	681	0	0	0	0	0
run012	1.584893192	685	0	0	0	0	0
run012	1.584893192	689	0	0	0	0	0
run012	1.584893192	693	0	0	0	0	0
run012	1.584893192	697	0	0	0	0	0
run012	1.584893192	701	0	0	0	0	0
run012	1.584893192	705	0	0	0	0	0
run012	1.584893192	709	0	0	0	0	0
run012	1.584893192	713	0	0	0	0	0
run012	1.584893192	717	0	0	0	0	0
run012	1.584893192	721	0	0	0	0	0
run012	1.584893192	725	0	0	0	0	0
run012	1.584893192	729	0	0	0	0	0
run012	1.584893192	733	0	0	0	0	0
run012	1.584893192	737	0	0	0	0	0
run012	1.584893192	741	0	0	0	0	0
run012	1.584893192	745	0	0	0	0	0
run012	1.584893192	749	0	0	0	0	0
run012	1.584893192	753	0	0	0	0	0
run012	1.584893192	757	0	0	0	0	0
run012	1.584893192	761	0	0	0	0	0
run012	1.584893192	765	0	0	0	0	0
run012	1.584893192	769	0	0	0	0	0
run012	1.584893192	773	0	0	0	0	0
run012	1.584893192	777	0	0	0	0	0
run012	1.584893192	781	0	0	0	0	0
run012	1.584893192	785	0	0	0	0	0
run012	1.584893192	789	0	0	0	0	0
run012	1.584893192	793	0	0	0	0	0
run012	1.584893192	797	0	0	0	0	0
run012	1.584893192	801	0	0	0	0	0
run012	1.584893192	805	0	0	0	0	0
run012	1.584893192	809	0	0	0	0	0
run012	1.584893192	813	0	0	0	0	0
run012	1.584893192	817	0	0	0	0	0
run012	1.584893192	821	0	0	0	0	0
run012	1.584893192	825	0	0	0	0	0
run012	1.584893192	829	0	0	0	0	0
run012	1.584893192	833	0	0	0	0	0
run012	1.584893192	837	0	0	0	0	0
run012	1.584893192	841	0	0	0	0	0
run012	1.584893192	845	0	0	0	0	0
run012	1.584893192	849	0	0	0	0	0
run012	1.584893192	853	0	0	0	0	0
run012	1.584893192	857	0	0	0	0	0
run012	1.584893192	861	0	0	0	0	0
run012	1.584893192	865	0	0	0	0	0
run012	1.584893192	869	0	0	0	0	0
run012	1.584893192	873	0	0	0	0	0
run012	1.584893192	877	0	0	0	0	0
run012	1.584893192	881	0	0	0	0	0
run012	1.584893192	885	0	0	0	0	0
run012	1.584893192	889	0	0	0	0	0
run012	1.584893192	893	0	0	0	0	0
run012	1.584893192	897	0	0	0	0	0
run012	1.584893192	901	0	0	0	0	0
run012	1.584893192	905	0	0	0	0	0
run012	1.584893192	909	0	0	0	0	0
run012	1.584893192	913	0	0	0	0	0
run012	1.584893192	917	0	0	0	0	0
run012	1.584893192	921	0	0	0	0	0
run012	1.584893192	925	0	0	0	0	0
run012	1.584893192	929	0	0	0	0	0
run012	1.584893192	933	0	0	0	0	0
run012	1.584893192	937	0	0	0	0	0
run012	1.584893192	941	0	0	0	0	0
run012	1.584893192	945	0	0	0	0	0
run012	1.584893192	949	0	0	0	0	0
run012	1.584893192	953	0	0	0	0	0
run012	1.584893192	957	0	0	0	0	0
run012	1.584893192	961	0	0	0	0	0
run012	1.584893192	965	0	0	0	0	0
run012	1.584893192	969	0	0	0	0	0
run012	1.584893192	973	0	0	0	0	0
run012	1.584893192	977	0	0	0	0	0
run012	1.584893192	981	0	0	0	0	0
run012	1.584893192	985	0	0	0	0	0
run012	1.584893192	989	0	0	0	0	0
run012	1.584893192	993	0	0	0	0	0
run012	1.584893192	997	0	0	0	0	0
run012	1.584893192	1001	0	0	0	0	0
run012	1.584893192	1005	0	0	0	0	0
run012	1.584893192	1009	0	0	0	0	0
run012	1.584893192	1013	0	0	0	0	0
run012	1.584893192	1017	0	0	0	0	0
run012	1.584893192	1021	0	0	0	0	0
run012	1.584893192	1025	0	0	0	0	0
run012	1.584893192	1029	0	0	0	0	0
run012	1.584893192	1033	0	0	0	0	0
run012	1.584893192	1037	0	0	0	0	0
run012	1.584893192	1041	0	0	0	0	0
run012	1.584893192	1045	0	0	0	0	0
run012	1.584893192	1049	0	0	0	0	0
run012	1.584893192	1053	0	0	0	0	0
run012	1.584893192	1057	0	0	0	0	0
run012	1.584893192	1061	0	0	0	0	0
run012	1.584893192	1065	0	0	0	0	0
run012	1.584893192	1069	0	0	0	0	0
run012	1.584893192	1073	0	0	0	0	0
run012	1.584893192	1077	0	0	0	0	0
run012	1.584893192	1081	0	0	0	0	0
run012	1.584893192	1085	0	0	0	0	0
run012	1.584893192	1089	0	0	0	0	0
run012	1.584893192	1093	0	0	0	0	0
run012	1.584893192	1097	0	0	0	0	0
run012	1.584893192	1100	0	0	0	0	0
run013	2.511886432	1	10	10	0	10	0
run013	2.511886432	5	7.60574388	7.375377707	0	7.067057626	0
run013	2.511886432	9	5.833576846	6.828407493	0	5.524726897	0
run013	2.511886432	13	4.488786109	7.179024621	0	4.757220872	0
run013	2.511886432	17	3.450363928	7.497421649	0	4.426728593	0
run013	2.511886432	21	2.646621116	7.445588287	0	4.361706229	0
run013	2.511886432	25	2.027042047	7.155986781	0	4.432045231	0
run013	2.511886432	29	1.551300854	6.830107445	0	4.525066097	0
run013	2.511886432	33	1.18678657	6.565185604	0	4.565387008	0
run013	2.511886432	37	0.9077706177	6.370877127	0	4.527181455	0
run013	2.511886432	41	0.6943175032	6.218411673	0	4.421325576	0
run013	2.511886432	45	0.5310890595	6.074323235	0	4.272378509	0
run013	2.511886432	49	0.4063068144	5.915984632	0	4.1025894	0
run013	2.511886432	53	0.3109334212	5.734274748	0	3.926379685	0
run013	2.511886432	57	0.2380414843	5.529846712	0	3.750998388	0
run013	2.511886432	61	0.1823268272	5.308136055	0	3.579061506	0
run013	2.511886432	65	0.1397324125	5.075667047	0	3.41086052	0
run013	2.511886432	69	0.1071578432	4.83812705	0	3.245866758	0
run013	2.511886432	73	0.08223536954	4.599740257	0	3.083514318	0
run013	2.511886432	77	0.06315757123	4.363337521	0	2.923506278	0
run013	2.511886432	81	0.0485451057	4.130689443	0	2.765862089	0
run013	2.511886432	85	0.0373454015	3.902867483	0	2.610852683	0
run013	2.511886432	89	0.02875518857	3.680535525	0	2.458905819	0
run013	2.511886432	93	0.02216133304	3.46414946	0	2.310520314	0
run013	2.511886432	97	0.01709569171	3.254075831	0	2.166202233	0
run013	2.511886432	101	0.01320068692	3.050650946	0	2.02642339	0
run013	2.511886432	105	0.01020306558	2.854201504	0	1.891597637	0
run013	2.511886432	109	0.007893900579	2.665043371	0	1.762069523	0
run013	2.511886432	113	0.006113350648	2.483470162	0	1.638110779	0
run013	2.511886432	117	0.004739045529	2.309738988	0	1.519921359	0
run013	2.511886432	121	0.003677232726	2.144057504	0	1.407632978	0
run013	2.511886432	125	0.002856027755	1.98657426	0	1.301313937	0
run013	2.511886432	129	0.002220266377	1.837372978	0	1.200974594	0
run013	2.511886432	133	0.001727577308	1.696470609	0	1.106573159	0
run013	2.511886432	137	0.001345384464	1.563818645	0	1.018021655	0
run013	2.511886432	141	0.001048617835	1.439306987	0	0.9351919291	0
run013	2.511886432	145	0.0008179642469	1.322769653	0	0.8579216386	0
run013	2.511886432	149	0.000638529824	1.213991706	0	0.7860201126	0
run013	2.511886432	153	0.0004988165386	1.112716817	0	0.719274002	0
run013	2.511886432	157	0.0003899383739	1.018655022	0	0.6574526258	0
run013	2.511886432	161	0.0003050206192	0.9314903249	0	0.6003129351	0
run013	2.511886432	165	0.0002387389449	0.8508878854	0	0.5476040307	0
run013	2.511886432	169	0.0001869653759	0.7765006152	0	0.4990711934	0
run013	2.511886432	173	0.0001464962082	0.7079750736	0	0.454459402	0
run013	2.511886432	177	0.0001148425637	0.6449566109	0	0.4135163361	0
run013	2.511886432	181	9.006897755e-05	0.5870937478	0	0.3759948787	0
run013	2.511886432	185	7.066896785e-05	0.5340418105	0	0.3416551415	0
run013	2.511886432	189	5.546889731e-05	0.485465867	0	0.3102660529	0
run013	2.511886432	193	4.355362528e-05	0.4410430232	0	0.2816065498	0
run013	2.511886432	197	3.420902815e-05	0.4004641418	0	0.2554664175	0
run013	2.511886432	201	2.687739204e-05	0.3634350606	0	0.231646828	0
run013	2.511886432	205	2.112285502e-05	0.3296773735	0	0.2099606191	0
run013	2.511886432	209	1.660455644e-05	0.2989288466	0	0.190232359	0
run013	2.511886432	213	1.305574099e-05	0.270943531	0	0.1722982374	0
run013	2.511886432	217	1.026754885e-05	0.2454916261	0	0.1560058156	0
run013	2.511886432	221	8.076353278e-06	0.2223591491	0	0.1412136697	0
run013	2.511886432	225	6.353884603e-06	0.2013474529	0	0.1277909548	0
run013	2.511886432	229	4.999564475e-06	0.182272629	0	0.11561691	0
run013	2.511886432	233	3.934486272e-06	0.1649648317	0	0.1045803278	0
run013	2.511886432	237	3.096712188e-06	0.1492675488	0	0.09457900127	0
run013	2.511886432	241	2.437614929e-06	0.1350368398	0	0.0855191633	0
run013	2.511886432	245	1.919008851e-06	0.1221405627	0	0.0773149274	0
run013	2.511886432	249	1.510890729e-06	0.1104576023	0	0.06988773915	0
run013	2.511886432	253	1.189671358e-06	0.09987711041	0	0.06316584312	0
run013	2.511886432	257	9.368196372e-07	0.0902977685	0	0.05708377161	0
run013	2.511886432	261	7.377624505e-07	0.08162707727	0	0.05158185599	0
run013	2.511886432	265	5.810399897e-07	0.07378067962	0	0.04660576514	0
run013	2.511886432	269	4.576368046e-07	0.06668171704	0	0.04210606958	0
run013	2.511886432	273	3.604623331e-07	0.06026022466	0	0.03803783442	0
run013	2.511886432	277	2.839356613e-07	0.05445256208	0	0.0343602384	0
run013	2.511886432	281	2.236655766e-07	0.04920088339	0	0.03103622087	0
run013	2.511886432	285	1.761957581e-07	0.04445264271	0	0.02803215394	0
run013	2.511886432	289	1.388057343e-07	0.04016013658	0	0.02531754019	0
run013	2.511886432	293	1.093537452e-07	0.03628008014	0	0.02286473377	0
run013	2.511886432	297	0	0.03277321641	0	0.02064868402	0
run013	2.511886432	301	0	0.02960395654	0	0.01864670016	0
run013	2.511886432	305	0	0.02674004962	0	0.01683823596	0
run013	2.511886432	309	0	0.02415228066	0	0.01520469316	0
run013	2.511886432	313	0	0.0218141921	0	0.01372924062	0
run013	2.511886432	317	0	0.01970183194	0	0.01239665119	0
run013	2.511886432	321	0	0.01779351799	0	0.01119314924	0
run013	2.511886432	325	0	0.01606963268	0	0.01010627819	0
run013	2.511886432	329	0	0.01451242666	0	0.009124773933	0
run013	2.511886432	333	0	0.01310584552	0	0.008238453366	0
run013	2.511886432	337	0	0.01183536972	0	0.007438111466	0
run013	2.511886432	341	0	0.01068787034	0	0.006715428765	0
run013	2.511886432	345	0	0.009651477281	0	0.00606288682	0
run013	2.511886432	349	0	0.008715460011	0	0.005473691885	0
run013	2.511886432	353	0	0.007870119431	0	0.00494170573	0
run013	2.511886432	357	0	0.00710668954	0	0.004461382797	0
run013	2.511886432	361	0	0.006417248385	0	0.004027713356	0
run013	2.511886432	365	0	0.005794637476	0	0.003636172088	0
run013	2.511886432	369	0	0.005232388685	0	0.003282671494	0
run013	2.511886432	373	0	0.004724658045	0	0.002963519723	0
run013	2.511886432	377	0	0.004266165895	0	0.002675382476	0
run013	2.511886432	381	0	0.003852142658	0	0.002415248515	0
run013	2.511886432	385	0	0.003478279752	0	0.002180398451	0
run013	2.511886432	389	0	0.003140685252	0	0.001968376577	0
run013	2.511886432	393	0	0.002835843739	0	0.001776965373	0
run013	2.511886432	397	0	0.002560579973	0	0.001604162445	0
run013	2.511886432	401	0	0.002312026108	0	0.001448159726	0
run013	2.511886432	405	0	0.002087592003	0	0.001307324656	0
run013	2.511886432	409	0	0.00188493838	0	0.001180183162	0
run013	2.511886432	413	0	0.001701952608	0	0.00106540432	0
run013	2.511886432	417	0	0.001536726777	0	0.0009617864657	0
run013	2.511886432	421	0	0.001387537885	0	0.0008682446543	0
run013	2.511886432	425	0	0.001252829965	0	0.0007837993485	0
run013	2.511886432	429	0	0.001131197909	0	0.0007075661842	0
run013	2.511886432	433	0	0.001021372854	0	0.0006387467288	0
run013	2.511886432	437	0	0.0009222089994	0	0.0005766201479	0
run013	2.511886432	441	0	0.0008326716786	0	0.0005205356646	0
run013	2.511886432	445	0	0.0007518265882	0	0.0004699057556	0
run013	2.511886432	449	0	0.0006788300747	0	0.0004242000155	0
run013	2.511886432	453	0	0.0006129203201	0	0.0003829395901	0
run013	2.511886432	457	0	0.0005534094332	0	0.0003456921843	0
run013	2.511886432	461	0	0.0004996762714	0	0.0003120675316	0
run013	2.511886432	465	0	0.0004511599746	0	0.0002817133139	0
run013	2.511886432	469	0	0.0004073541057	0	0.0002543114655	0
run013	2.511886432	473	0	0.0003678013857	0	0.0002295748529	0
run013	2.511886432	477	0	0.000332088913	0	0.0002072442603	0
run013	2.511886432	481	0	0.0002998438672	0	0.0001870856817	0
run013	2.511886432	485	0	0.0002707296128	0	0.0001688878652	0
run013	2.511886432	489	0	0.0002444421982	0	0.0001524601076	0
run013	2.511886432	493	0	0.0002207071668	0	0.0001376302449	0
run013	2.511886432	497	0	0.0001992767078	0	0.000124242859	0
run013	2.511886432	501	0	0.0001799270709	0	0.000112157649	0
run013	2.511886432	505	0	0.0001624562252	0	0.0001012479577	0
run013	2.511886432	509	0	0.0001466817542	0	9.139944727e-05	0
run013	2.511886432	513	0	0.0001324389515	0	8.250890038e-05	0
run013	2.511886432	517	0	0.0001195791001	0	7.448313786e-05	0
run013	2.511886432	521	0	0.0001079679231	0	6.723804461e-05	0
run013	2.511886432	525	0	9.74841833e-05	0	6.069768849e-05	0
run013	2.511886432	529	0	8.801840848e-05	0	5.479351919e-05	0
run013	2.511886432	533	0	7.947175468e-05	0	4.946365363e-05	0
run013	2.511886432	537	0	7.17549774e-05	0	4.465222936e-05	0
run013	2.511886432	541	0	6.478749863e-05	0	4.030881843e-05	0
run013	2.511886432	545	0	5.849656378e-05	0	3.638789774e-05	0
run013	2.511886432	549	0	5.281648042e-05	0	3.284837088e-05	0
run013	2.511886432	553	0	4.768793644e-05	0	2.965314001e-05	0
run013	2.511886432	557	0	4.30573793e-05	0	2.676871613e-05	0
run013	2.511886432	561	0	3.887645342e-05	0	2.416486589e-05	0
run013	2.511886432	565	0	3.510149823e-05	0	2.181429664e-05	0
run013	2.511886432	569	0	3.16930939e-05	0	1.969237132e-05	0
run013	2.511886432	573	0	2.861564892e-05	0	1.777684982e-05	0
run013	2.511886432	577	0	2.583702914e-05	0	1.604765624e-05	0
run013	2.511886432	581	0	2.332821826e-05	0	1.448666599e-05	0
run013	2.511886432	585	0	2.106301613e-05	0	1.307751668e-05	0
run013	2.511886432	589	0	1.901776717e-05	0	1.180543784e-05	0
run013	2.511886432	593	0	1.717111384e-05	0	1.065709642e-05	0
run013	2.511886432	597	0	1.550377285e-05	0	9.620456568e-06	0
run013	2.511886432	601	0	1.399833376e-05	0	8.684653468e-06	0
run013	2.511886432	605	0	1.263907582e-05	0	7.839878568e-06	0
run013	2.511886432	609	0	1.141180415e-05	0	7.077277054e-06	0
run013	2.511886432	613	0	1.030370223e-05	0	6.388855425e-06	0
run013	2.511886432	617	0	9.303198353e-06	0	5.76739794e-06	0
run013	2.511886432	621	0	8.399844243e-06	0	5.206390619e-06	0
run013	2.511886432	625	0	7.584207023e-06	0	4.699953654e-06	0
run013	2.511886432	629	0	6.847770108e-06	0	4.242779395e-06	0
run013	2.511886432	633	0	6.182843345e-06	0	3.830076143e-06	0
run013	2.511886432	637	0	5.582483467e-06	0	3.457518399e-06	0
run013	2.511886432	641	0	5.040419335e-06	0	3.121200114e-06	0
run013	2.511886432	645	0	4.550989229e-06	0	2.817595495e-06	0
run013	2.511886432	649	0	4.109082882e-06	0	2.54352277e-06	0
run013	2.511886432	653	0	3.710086125e-06	0	2.296109593e-06	0
run013	2.511886432	657	0	3.349833131e-06	0	2.072763206e-06	0
run013	2.511886432	661	0	3.024561896e-06	0	1.871142621e-06	0
run013	2.511886432	665	0	2.730875475e-06	0	1.689134422e-06	0
run013	2.511886432	669	0	2.465708324e-06	0	1.524831735e-06	0
run013	2.511886432	673	0	2.226288605e-06	0	1.376510694e-06	0
run013	2.511886432	677	0	2.010115912e-06	0	1.242616549e-06	0
run013	2.511886432	681	0	1.814933974e-06	0	1.121746617e-06	0
run013	2.511886432	685	0	1.638703701e-06	0	1.012633471e-06	0
run013	2.511886432	689	0	1.47958503e-06	0	9.141336102e-07	0
run013	2.511886432	693	0	1.335917355e-06	0	8.252152546e-07	0
run013	2.511886432	697	0	1.206201091e-06	0	7.449468463e-07	0
run013	2.511886432	701	0	1.089079847e-06	0	6.724859305e-07	0
run013	2.511886432	705	0	9.833331539e-07	0	6.070746343e-07	0
run013	2.511886432	709	0	8.878529573e-07	0	5.480249959e-07	0
run013	2.511886432	713	0	8.016444841e-07	0	4.947195266e-07	0
run013	2.511886432	717	0	7.238059611e-07	0	4.465985576e-07	0
run013	2.511886432	721	0	6.53524965e-07	0	4.031579761e-07	0
run013	2.511886432	725	0	5.900689357e-07	0	3.63943314e-07	0
run013	2.511886432	729	0	5.327737009e-07	0	3.285425973e-07	0
run013	2.511886432	733	0	4.810424963e-07	0	2.965857452e-07	0
run013	2.511886432	737	0	4.343346615e-07	0	2.677375254e-07	0
run013	2.511886432	741	0	3.9216338e-07	0	2.416961535e-07	0
run013	2.511886432	745	0	3.540869294e-07	0	2.181878424e-07	0
run013	2.511886432	749	0	3.197086536e-07	0	1.969667934e-07	0
run013	2.511886432	753	0	2.886676975e-07	0	1.778094235e-07	0
run013	2.511886432	757	0	2.606411957e-07	0	1.605157384e-07	0
run013	2.511886432	761	0	2.353350018e-07	0	1.449035567e-07	0
run013	2.511886432	765	0	2.124860989e-07	0	1.308100187e-07	0
run013	2.511886432	769	0	1.918550797e-07	0	1.180869038e-07	0
run013	2.511886432	773	0	1.732274539e-07	0	1.0660145e-07	0
run013	2.511886432	777	0	1.564081867e-07	0	0	0
run013	2.511886432	781	0	1.412088916e-07	0	0	0
run013	2.511886432	785	0	1.2748419e-07	0	0	0
run013	2.511886432	789	0	1.151054058e-07	0	0	0
run013	2.511886432	793	0	1.039359091e-07	0	0	0
run013	2.511886432	797	0	0	0	0	0
run013	2.511886432	801	0	0	0	0	0
run013	2.511886432	805	0	0	0	0	0
run013	2.511886432	809	0	0	0	0	0
run013	2.511886432	813	0	0	0	0	0
run013	2.511886432	817	0	0	0	0	0
run013	2.511886432	821	0	0	0	0	0
run013	2.511886432	825	0	0	0	0	0
run013	2.511886432	829	0	0	0	0	0
run013	2.511886432	833	0	0	0	0	0
run013	2.511886432	837	0	0	0	0	0
run013	2.511886432	841	0	0	0	0	0
run013	2.511886432	845	0	0	0	0	0
run013	2.511886432	849	0	0	0	0	0
run013	2.511886432	853	0	0	0	0	0
run013	2.511886432	857	0	0	0	0	0
run013	2.511886432	861	0	0	0	0	0
run013	2.511886432	865	0	0	0	0	0
run013	2.511886432	869	0	0	0	0	0
run013	2.511886432	873	0	0	0	0	0
run013	2.511886432	877	0	0	0	0	0
run013	2.511886432	881	0	0	0	0	0
run013	2.511886432	885	0	0	0	0	0
run013	2.511886432	889	0	0	0	0	0
run013	2.511886432	893	0	0	0	0	0
run013	2.511886432	897	0	0	0	0	0
run013	2.511886432	901	0	0	0	0	0
run013	2.511886432	905	0	0	0	0	0
run013	2.511886432	909	0	0	0	0	0
run013	2.511886432	913	0	0	0	0	0
run013	2.511886432	917	0	0	0	0	0
run013	2.511886432	921	0	0	0	0	0
run013	2.511886432	925	0	0	0	0	0
run013	2.511886432	929	0	0	0	0	0
run013	2.511886432	933	0	0	0	0	0
run013	2.511886432	937	0	0	0	0	0
run013	2.511886432	941	0	0	0	0	0
run013	2.511886432	945	0	0	0	0	0
run013	2.511886432	949	0	0	0	0	0
run013	2.511886432	953	0	0	0	0	0
run013	2.511886432	957	0	0	0	0	0
run013	2.511886432	961	0	0	0	0	0
run013	2.511886432	965	0	0	0	0	0
run013	2.511886432	969	0	0	0	0	0
run013	2.511886432	973	0	0	0	0	0
run013	2.511886432	977	0	0	0	0	0
run013	2.511886432	981	0	0	0	0	0
run013	2.511886432	985	0	0	0	0	0
run013	2.511886432	989	0	0	0	0	0
run013	2.511886432	993	0	0	0	0	0
run013	2.511886432	997	0	0	0	0	0
run013	2.511886432	1001	0	0	0	0	0
run013	2.511886432	1005	0	0	0	0	0
run013	2.511886432	1009	0	0	0	0	0
run013	2.511886432	1013	0	0	0	0	0
run013	2.511886432	1017	0	0	0	0	0
run013	2.511886432	1021	0	0	0	0	0
run013	2.511886432	1025	0	0	0	0	0
run013	2.511886432	1029	0	0	0	0	0
run013	2.511886432	1033	0	0	0	0	0
run013	2.511886432	1037	0	0	0	0	0
run013	2.511886432	1041	0	0	0	0	0
run013	2.511886432	1045	0	0	0	0	0
run013	2.511886432	1049	0	0	0	0	0
run013	2.511886432	1053	0	0	0	0	0
run013	2.511886432	1057	0	0	0	0	0
run013	2.511886432	1061	0	0	0	0	0
run013	2.511886432	1065	0	0	0	0	0
run013	2.511886432	1069	0	0	0	0	0
run013	2.511886432	1073	0	0	0	0	0
run013	2.511886432	1077	0	0	0	0	0
run013	2.511886432	1081	0	0	0	0	0
run013	2.511886432	1085	0	0	0	0	0
run013	2.511886432	1089	0	0	0	0	0
run013	2.511886432	1093	0	0	0	0	0
run013	2.511886432	1097	0	0	0	0	0
run013	2.511886432	1100	0	0	0	0	0
run014	3.981071706	1	10	10	0	10	0
run014	3.981071706	5	7.604916545	6.960278971	0	6.673921724	0
run014	3.981071706	9	5.82930412	6.072300995	0	4.929285957	0
run014	3.981071706	13	4.481916349	6.055076414	0	4.007555881	0
run014	3.981071706	17	3.443193316	6.079056074	0	3.522187033	0
run014	3.981071706	21	2.640156122	5.836243372	0	3.289265486	0
run014	3.981071706	25	2.021235633	5.398024619	0	3.193452442	0
run014	3.981071706	29	1.545963889	4.922154431	0	3.147582658	0
run014	3.981071706	33	1.181863976	4.501578218	0	3.090754353	0
run014	3.981071706	37	0.9032631666	4.160561547	0	2.992780419	0
run014	3.981071706	41	0.6902069124	3.8869785	0	2.850474929	0
run014	3.981071706	45	0.5273317556	3.65705304	0	2.676245091	0
run014	3.981071706	49	0.4028532321	3.448681161	0	2.486552086	0
run014	3.981071706	53	0.3077424154	3.246866932	0	2.295104079	0
run014	3.981071706	57	0.2350847258	3.044366477	0	2.110754772	0
run014	3.981071706	61	0.1795871825	2.839877288	0	1.938029577	0
run014	3.981071706	65	0.137200271	2.635532454	0	1.778487227	0
run014	3.981071706	69	0.1048275231	2.434764934	0	1.631997363	0
run014	3.981071706	73	0.08010241017	2.240930931	0	1.497645528	0
run014	3.981071706	77	0.06121703239	2.056641563	0	1.374273816	0
run014	3.981071706	81	0.04679070239	1.88358079	0	1.260756539	0
run014	3.981071706	85	0.03576923229	1.722586691	0	1.156111636	0
run014	3.981071706	89	0.02734783671	1.573837512	0	1.059522811	0
run014	3.981071706	93	0.02091216096	1.437051543	0	0.9703204841	0
run014	3.981071706	97	0.01599321366	1.311658976	0	0.8879490377	0
run014	3.981071706	101	0.01223294702	1.196932868	0	0.8119342819	0
run014	3.981071706	105	0.009357980972	1.092080753	0	0.7418569652	0
run014	3.981071706	109	0.007159551653	0.996304079	0	0.6773337193	0
run014	3.981071706	113	0.005478212336	0.9088337237	0	0.6180047354	0
run014	3.981071706	117	0.004192161273	0.828948922	0	0.563526687	0
run014	3.981071706	121	0.003208336757	0.7559853573	0	0.5135693291	0
run014	3.981071706	125	0.002455622531	0.6893366151	0	0.4678144288	0
run014	3.981071706	129	0.001879662808	0.6284518831	0	0.4259560002	0
run014	3.981071706	133	0.001438904922	0.5728317838	0	0.3877011327	0
run014	3.981071706	137	0.001101578286	0.5220235058	0	0.352770954	0
run014	3.981071706	141	0.0008433876024	0.4756159115	0	0.3209014683	0
run014	3.981071706	145	0.000645751282	0.4332349754	0	0.2918441378	0
run014	3.981071706	149	0.0004944556791	0.3945397077	0	0.2653661682	0
run014	3.981071706	153	0.0003786269017	0.3592186025	0	0.2412505075	0
run014	3.981071706	157	0.0002899450634	0.3269865811	0	0.2192955938	0
run014	3.981071706	161	0.0002220436564	0.2975823749	0	0.1993149011	0
run014	3.981071706	165	0.0001700504719	0.2707662825	0	0.1811363326	0
run014	3.981071706	169	0.0001302365005	0.2463182335	0	0.1646015071	0
run014	3.981071706	173	9.974741004e-05	0.2240361044	0	0.1495649777	0
run014	3.981071706	177	7.639823934e-05	0.2037342347	0	0.135893416	0
run014	3.981071706	181	5.851629621e-05	0.1852421072	0	0.1234647855	0
run014	3.981071706	185	4.482093906e-05	0.1684031592	0	0.1121675255	0
run014	3.981071706	189	3.433165918e-05	0.1530737024	0	0.1018997581	0
run014	3.981071706	193	2.629769309e-05	0.1391219334	0	0.09256852779	0
run014	3.981071706	197	2.014413374e-05	0.1264270216	0	0.08408908092	0
run014	3.981071706	201	1.543075061e-05	0.1148782647	0	0.0763841877	0
run014	3.981071706	205	1.182040762e-05	0.104374304	0	0.06938350878	0
run014	3.981071706	209	9.054904472e-06	0.09482239506	0	0.06302300649	0
run014	3.981071706	213	6.936513256e-06	0.08613772829	0	0.05724440015	0
run014	3.981071706	217	5.313781371e-06	0.07824279654	0	0.05199466315	0
run014	3.981071706	221	4.070715052e-06	0.07106680696	0	0.04722556078	0
run014	3.981071706	225	3.118479153e-06	0.06454513444	0	0.04289322595	0
run014	3.981071706	229	2.389015964e-06	0.05861881376	0	0.03895776997	0
run014	3.981071706	233	1.830199676e-06	0.05323406951	0	0.03538292708	0
run014	3.981071706	237	1.402107254e-06	0.04834188077	0	0.0321357294	0
run014	3.981071706	241	1.074154802e-06	0.04389757859	0	0.02918621001	0
run014	3.981071706	245	8.229180615e-07	0.03986047489	0	0.02650713238	0
run014	3.981071706	249	6.304476554e-07	0.03619351967	0	0.02407374313	0
run014	3.981071706	253	4.829958459e-07	0.03286298659	0	0.02186354751	0
run014	3.981071706	257	3.700324895e-07	0.02983818332	0	0.01985610453	0
run014	3.981071706	261	2.83489881e-07	0.02709118557	0	0.01803284029	0
run014	3.981071706	265	2.171886438e-07	0.02459659351	0	0.01637687846	0
run014	3.981071706	269	1.66394169e-07	0.02233130814	0	0.01487288561	0
run014	3.981071706	273	1.274794726e-07	0.02027432693	0	0.01350693079	0
run014	3.981071706	277	0	0.01840655682	0	0.01226635773	0
run014	3.981071706	281	0	0.01671064318	0	0.0111396685	0
run014	3.981071706	285	0	0.01517081335	0	0.01011641768	0
run014	3.981071706	289	0	0.01377273525	0	0.009187116862	0
run014	3.981071706	293	0	0.01250338613	0	0.008343146519	0
run014	3.981071706	297	0	0.01135093562	0	0.0075766776	0
run014	3.981071706	301	0	0.01030463439	0	0.006880597107	0
run014	3.981071706	305	0	0.009354720018	0	0.006248445331	0
run014	3.981071706	309	0	0.008492324394	0	0.005674354226	0
run014	3.981071706	313	0	0.007709393422	0	0.005152994037	0
run014	3.981071706	317	0	0.006998612328	0	0.004679523752	0
run014	3.981071706	321	0	0.006353338238	0	0.004249546427	0
run014	3.981071706	325	0	0.005767538796	0	0.003859068537	0
run014	3.981071706	329	0	0.005235736078	0	0.003504462891	0
run014	3.981071706	333	0	0.004752956027	0	0.003182435208	0
run014	3.981071706	337	0	0.004314682176	0	0.00288999354	0
run014	3.981071706	341	0	0.003916813648	0	0.00262442055	0
run014	3.981071706	345	0	0.003555627045	0	0.002383248348	0
run014	3.981071706	349	0	0.003227741746	0	0.002164235594	0
run014	3.981071706	353	0	0.00293008845	0	0.001965346744	0
run014	3.981071706	357	0	0.002659880516	0	0.001784733143	0
run014	3.981071706	361	0	0.002414588012	0	0.001620715903	0
run014	3.981071706	365	0	0.002191914071	0	0.001471770303	0
run014	3.981071706	369	0	0.001989773459	0	0.001336511655	0
run014	3.981071706	373	0	0.001806273102	0	0.00121368245	0
run014	3.981071706	377	0	0.001639694375	0	0.001102140673	0
run014	3.981071706	381	0	0.001488477068	0	0.001000849216	0
run014	3.981071706	385	0	0.001351204767	0	0.0009088662299	0
run014	3.981071706	389	0	0.001226591633	0	0.0008253363944	0
run014	3.981071706	393	0	0.001113470358	0	0.00074948296	0
run014	3.981071706	397	0	0.001010781249	0	0.0006806005379	0
run014	3.981071706	401	0	0.000917562315	0	0.0006180485488	0
run014	3.981071706	405	0	0.0008329402529	0	0.0005612452623	0
run014	3.981071706	409	0	0.0007561222871	0	0.0005096624022	0
run014	3.981071706	413	0	0.0006863887384	0	0.0004628202302	0
run014	3.981071706	417	0	0.0006230862887	0	0.0004202830889	0
run014	3.981071706	421	0	0.0005656218498	0	0.0003816553436	0
run014	3.981071706	425	0	0.0005134570383	0	0.0003465777236	0
run014	3.981071706	429	0	0.0004661031107	0	0.0003147239673	0
run014	3.981071706	433	0	0.0004231163962	0	0.0002857977956	0
run014	3.981071706	437	0	0.0003840941377	0	0.0002595301559	0
run014	3.981071706	441	0	0.0003486707175	0	0.0002356767182	0
run014	3.981071706	445	0	0.0003165142394	0	0.000214015609	0
run014	3.981071706	449	0	0.0002873234096	0	0.0001943453407	0
run014	3.981071706	453	0	0.0002608247252	0	0.0001764829458	0
run014	3.981071706	457	0	0.0002367699064	0	0.0001602622716	0
run014	3.981071706	461	0	0.0002149335639	0	0.0001455324307	0
run014	3.981071706	465	0	0.0001951110958	0	0.0001321564034	0
run014	3.981071706	469	0	0.0001771167736	0	0.0001200097653	0
run014	3.981071706	473	0	0.0001607819954	0	0.0001089795258	0
run014	3.981071706	477	0	0.0001459537079	0	9.896307808e-05	0
run014	3.981071706	481	0	0.0001324929742	0	8.986724622e-05	0
run014	3.981071706	485	0	0.0001202736709	0	8.160741773e-05	0
run014	3.981071706	489	0	0.0001091813056	0	7.410675592e-05	0
run014	3.981071706	493	0	9.911194755e-05	0	6.729548774e-05	0
run014	3.981071706	497	0	8.997124919e-05	0	6.11102514e-05	0
run014	3.981071706	501	0	8.1673562e-05	0	5.549350714e-05	0
run014	3.981071706	505	0	7.414113729e-05	0	5.039300407e-05	0
run014	3.981071706	509	0	6.730339791e-05	0	4.576129435e-05	0
run014	3.981071706	513	0	6.109627646e-05	0	4.155529144e-05	0
run014	3.981071706	517	0	5.546161339e-05	0	3.77358683e-05	0
run014	3.981071706	521	0	5.034661273e-05	0	3.426749388e-05	0
run014	3.981071706	525	0	4.570334957e-05	0	3.1117904e-05	0
run014	3.981071706	529	0	4.14883181e-05	0	2.825779934e-05	0
run014	3.981071706	533	0	3.766202284e-05	0	2.56605721e-05	0
run014	3.981071706	537	0	3.418861089e-05	0	2.330206006e-05	0
run014	3.981071706	541	0	3.103553702e-05	0	2.116032249e-05	0
run014	3.981071706	545	0	2.817325821e-05	0	1.921543569e-05	0
run014	3.981071706	549	0	2.557495692e-05	0	1.744930772e-05	0
run014	3.981071706	553	0	2.321628733e-05	0	1.584550844e-05	0
run014	3.981071706	557	0	2.107514838e-05	0	1.438911747e-05	0
run014	3.981071706	561	0	1.913147738e-05	0	1.306658579e-05	0
run014	3.981071706	565	0	1.736706257e-05	0	1.186561012e-05	0
run014	3.981071706	569	0	1.576537225e-05	0	1.07750183e-05	0
run014	3.981071706	573	0	1.431139967e-05	0	9.784665219e-06	0
run014	3.981071706	577	0	1.29915226e-05	0	8.885338531e-06	0
run014	3.981071706	581	0	1.179337289e-05	0	8.068671122e-06	0
run014	3.981071706	585	0	1.070572337e-05	0	7.327065141e-06	0
run014	3.981071706	589	0	9.718382719e-06	0	6.653621313e-06	0
run014	3.981071706	593	0	8.822099811e-06	0	6.042074697e-06	0
run014	3.981071706	597	0	8.008477579e-06	0	5.486736747e-06	0
run014	3.981071706	601	0	7.269891795e-06	0	4.982440697e-06	0
run014	3.981071706	605	0	6.599423264e-06	0	4.524495928e-06	0
run014	3.981071706	609	0	5.990789992e-06	0	4.108642321e-06	0
run014	3.981071706	613	0	5.438290175e-06	0	3.731011869e-06	0
run014	3.981071706	617	0	4.936744497e-06	0	3.388089823e-06	0
run014	3.981071706	621	0	4.481453134e-06	0	3.076685704e-06	0
run014	3.981071706	625	0	4.06815074e-06	0	2.793902968e-06	0
run014	3.981071706	629	0	3.692965811e-06	0	2.537111612e-06	0
run014	3.981071706	633	0	3.35238181e-06	0	2.303921961e-06	0
run014	3.981071706	637	0	3.043208453e-06	0	2.092165278e-06	0
run014	3.981071706	641	0	2.762550409e-06	0	1.899872654e-06	0
run014	3.981071706	645	0	2.507776195e-06	0	1.725254005e-06	0
run014	3.981071706	649	0	2.276498034e-06	0	1.566684464e-06	0
run014	3.981071706	653	0	2.066550546e-06	0	1.422689973e-06	0
run014	3.981071706	657	0	1.875964074e-06	0	1.291929282e-06	0
run014	3.981071706	661	0	1.702953994e-06	0	1.17318669e-06	0
run014	3.981071706	665	0	1.545900488e-06	0	1.065358381e-06	0
run014	3.981071706	669	0	1.403330481e-06	0	9.674402108e-07	0
run014	3.981071706	673	0	1.273909232e-06	0	8.785220001e-07	0
run014	3.981071706	677	0	1.156425402e-06	0	7.977774292e-07	0
run014	3.981071706	681	0	1.049776065e-06	0	7.24453901e-07	0
run014	3.981071706	685	0	9.529645402e-07	0	6.578710437e-07	0
run014	3.981071706	689	0	8.650800085e-07	0	5.974069344e-07	0
run014	3.981071706	693	0	7.85301578e-07	0	5.425008102e-07	0
run014	3.981071706	697	0	7.128792992e-07	0	4.926402329e-07	0
run014	3.981071706	701	0	6.471362639e-07	0	4.473624806e-07	0
run014	3.981071706	705	0	5.874557762e-07	0	4.062458645e-07	0
run014	3.981071706	709	0	5.332790373e-07	0	3.68908144e-07	0
run014	3.981071706	713	0	4.840990744e-07	0	3.350024081e-07	0
run014	3.981071706	717	0	4.394542465e-07	0	3.042126678e-07	0
run014	3.981071706	721	0	3.989285494e-07	0	2.762540492e-07	0
run014	3.981071706	725	0	3.621392135e-07	0	2.508643892e-07	0
run014	3.981071706	729	0	3.287445585e-07	0	2.278095383e-07	0
run014	3.981071706	733	0	2.98428635e-07	0	2.068729541e-07	0
run014	3.981071706	737	0	2.709088844e-07	0	1.878608774e-07	0
run014	3.981071706	741	0	2.459266016e-07	0	1.705958621e-07	0
run014	3.981071706	745	0	2.23247783e-07	0	1.549173434e-07	0
run014	3.981071706	749	0	2.026604225e-07	0	1.406797957e-07	0
run014	3.981071706	753	0	1.839711958e-07	0	1.277504786e-07	0
run014	3.981071706	757	0	1.670058101e-07	0	1.160096683e-07	0
run014	3.981071706	761	0	1.516046222e-07	0	1.053476774e-07	0
run014	3.981071706	765	0	1.376242431e-07	0	0	0
run014	3.981071706	769	0	1.249212258e-07	0	0	0
run014	3.981071706	773	0	1.133879226e-07	0	0	0
run014	3.981071706	777	0	1.029274658e-07	0	0	0
run014	3.981071706	781	0	0	0	0	0
run014	3.981071706	785	0	0	0	0	0
run014	3.981071706	789	0	0	0	0	0
run014	3.981071706	793	0	0	0	0	0
run014	3.981071706	797	0	0	0	0	0
run014	3.981071706	801	0	0	0	0	0
run014	3.981071706	805	0	0	0	0	0
run014	3.981071706	809	0	0	0	0	0
run014	3.981071706	813	0	0	0	0	0
run014	3.981071706	817	0	0	0	0	0
run014	3.981071706	821	0	0	0	0	0
run014	3.981071706	825	0	0	0	0	0
run014	3.981071706	829	0	0	0	0	0
run014	3.981071706	833	0	0	0	0	0
run014	3.981071706	837	0	0	0	0	0
run014	3.981071706	841	0	0	0	0	0
run014	3.981071706	845	0	0	0	0	0
run014	3.981071706	849	0	0	0	0	0
run014	3.981071706	853	0	0	0	0	0
run014	3.981071706	857	0	0	0	0	0
run014	3.981071706	861	0	0	0	0	0
run014	3.981071706	865	0	0	0	0	0
run014	3.981071706	869	0	0	0	0	0
run014	3.981071706	873	0	0	0	0	0
run014	3.981071706	877	0	0	0	0	0
run014	3.981071706	881	0	0	0	0	0
run014	3.981071706	885	0	0	0	0	0
run014	3.981071706	889	0	0	0	0	0
run014	3.981071706	893	0	0	0	0	0
run014	3.981071706	897	0	0	0	0	0
run014	3.981071706	901	0	0	0	0	0
run014	3.981071706	905	0	0	0	0	0
run014	3.981071706	909	0	0	0	0	0
run014	3.981071706	913	0	0	0	0	0
run014	3.981071706	917	0	0	0	0	0
run014	3.981071706	921	0	0	0	0	0
run014	3.981071706	925	0	0	0	0	0
run014	3.981071706	929	0	0	0	0	0
run014	3.981071706	933	0	0	0	0	0
run014	3.981071706	937	0	0	0	0	0
run014	3.981071706	941	0	0	0	0	0
run014	3.981071706	945	0	0	0	0	0
run014	3.981071706	949	0	0	0	0	0
run014	3.981071706	953	0	0	0	0	0
run014	3.981071706	957	0	0	0	0	0
run014	3.981071706	961	0	0	0	0	0
run014	3.981071706	965	0	0	0	0	0
run014	3.981071706	969	0	0	0	0	0
run014	3.981071706	973	0	0	0	0	0
run014	3.981071706	977	0	0	0	0	0
run014	3.981071706	981	0	0	0	0	0
run014	3.981071706	985	0	0	0	0	0
run014	3.981071706	989	0	0	0	0	0
run014	3.981071706	993	0	0	0	0	0
run014	3.981071706	997	0	0	0	0	0
run014	3.981071706	1001	0	0	0	0	0
run014	3.981071706	1005	0	0	0	0	0
run014	3.981071706	1009	0	0	0	0	0
run014	3.981071706	1013	0	0	0	0	0
run014	3.981071706	1017	0	0	0	0	0
run014	3.981071706	1021	0	0	0	0	0
run014	3.981071706	1025	0	0	0	0	0
run014	3.981071706	1029	0	0	0	0	0
run014	3.981071706	1033	0	0	0	0	0
run014	3.981071706	1037	0	0	0	0	0
run014	3.981071706	1041	0	0	0	0	0
run014	3.981071706	1045	0	0	0	0	0
run014	3.981071706	1049	0	0	0	0	0
run014	3.981071706	1053	0	0	0	0	0
run014	3.981071706	1057	0	0	0	0	0
run014	3.981071706	1061	0	0	0	0	0
run014	3.981071706	1065	0	0	0	0	0
run014	3.981071706	1069	0	0	0	0	0
run014	3.981071706	1073	0	0	0	0	0
run014	3.981071706	1077	0	0	0	0	0
run014	3.981071706	1081	0	0	0	0	0
run014	3.981071706	1085	0	0	0	0	0
run014	3.981071706	1089	0	0	0	0	0
run014	3.981071706	1093	0	0	0	0	0
run014	3.981071706	1097	0	0	0	0	0
run014	3.981071706	1100	0	0	0	0	0
run015	6.309573445	1	10	10	0	10	0
run015	6.309573445	5	7.603675483	6.350011204	0	6.095275386	0
run015	6.309573445	9	5.823002097	5.041560269	0	4.114813295	0
run015	6.309573445	13	4.471686574	4.613205492	0	3.053765344	0
run015	6.309573445	17	3.432412468	4.340187782	0	2.447990596	0
run015	6.309573445	21	2.630685492	3.961250367	0	2.089846472	0
run015	6.309573445	25	2.013273073	3.479669645	0	1.87040517	0
run015	6.309573445	29	1.539158359	2.982211853	0	1.723894254	0
run015	6.309573445	33	1.17594094	2.533870487	0	1.608663302	0
run015	6.309573445	37	0.8981041503	2.159475462	0	1.500022118	0
run015	6.309573445	41	0.6857595539	1.85806431	0	1.386302198	0
run015	6.309573445	45	0.523542595	1.617781806	0	1.265099607	0
run015	6.309573445	49	0.3996504881	1.424478927	0	1.139346836	0
run015	6.309573445	53	0.3050439478	1.265512115	0	1.013949562	0
run015	6.309573445	57	0.2328098696	1.130967408	0	0.8935787928	0
run015	6.309573445	61	0.1776643025	1.013711426	0	0.7816406427	0
run015	6.309573445	65	0.1355694972	0.9089768621	0	0.6800766467	0
run015	6.309573445	69	0.1034404348	0.8138093629	0	0.5895917316	0
run015	6.309573445	73	0.07892032583	0.7265254702	0	0.5100178224	0
run015	6.309573445	77	0.06020896958	0.6462504732	0	0.4406567617	0
run015	6.309573445	81	0.04593151526	0.5725630132	0	0.3805436277	0
run015	6.309573445	85	0.03503812306	0.505247582	0	0.3286243945	0
run015	6.309573445	89	0.02672725314	0.4441404762	0	0.2838634136	0
run015	6.309573445	93	0.02038702726	0.3890475481	0	0.24530087	0
run015	6.309573445	97	0.01555041217	0.3397113264	0	0.2120778518	0
run015	6.309573445	101	0.01186097452	0.295808276	0	0.1834421351	0
run015	6.309573445	105	0.009046718221	0.2569617476	0	0.1587435158	0
run015	6.309573445	109	0.006900101386	0.2227609433	0	0.137424216	0
run015	6.309573445	113	0.005262775619	0.1927801368	0	0.1190075994	0
run015	6.309573445	117	0.004013934291	0.1665952082	0	0.1030869488	0
run015	6.309573445	121	0.003061417423	0.143796384	0	0.0893151564	0
run015	6.309573445	125	0.002334922317	0.1239971227	0	0.07739565599	0
run015	6.309573445	129	0.001780821916	0.1068396188	0	0.0670746471	0
run015	6.309573445	133	0.001358210828	0.09199759375	0	0.05813452188	0
run015	6.309573445	137	0.001035888221	0.07917705479	0	0.05038835102	0
run015	6.309573445	141	0.0007900560407	0.06811562625	0	0.04367527174	0
run015	6.309573445	145	0.0006025629546	0.05858094425	0	0.03785663014	0
run015	6.309573445	149	0.0004595647016	0.05036849433	0	0.03281274791	0
run015	6.309573445	153	0.0003505022122	0.04329916917	0	0.02844020352	0
run015	6.309573445	157	0.0002673220677	0.0372167409	0	0.02464953723	0
run015	6.309573445	161	0.0002038819988	0.03198537814	0	0.02136330631	0
run015	6.309573445	165	0.0001554973778	0.02748728943	0	0.01851443007	0
run015	6.309573445	169	0.0001185952731	0.02362053961	0	0.01604477655	0
run015	6.309573445	173	9.045068068e-05	0.02029706209	0	0.01390395179	0
run015	6.309573445	177	6.898529466e-05	0.01744087272	0	0.01204825941	0
run015	6.309573445	181	5.261400668e-05	0.0149864808	0	0.0104398045	0
run015	6.309573445	185	4.012789821e-05	0.01287748677	0	0.009045720437	0
run015	6.309573445	189	3.060495388e-05	0.01106535161	0	0.007837500524	0
run015	6.309573445	193	2.334195484e-05	0.009508322161	0	0.006790419478	0
run015	6.309573445	197	1.780257696e-05	0.008170496437	0	0.005883032485	0
run015	6.309573445	201	1.357777605e-05	0.007021012626	0	0.005096740819	0
run015	6.309573445	205	1.035558364e-05	0.006033347301	0	0.00441541513	0
run015	6.309573445	209	7.898063849e-06	0.005184709103	0	0.003825068564	0
run015	6.309573445	213	6.023748981e-06	0.004455515839	0	0.003313573131	0
run015	6.309573445	217	4.594236907e-06	0.003828943846	0	0.002870413504	0
run015	6.309573445	221	3.503966531e-06	0.003290539963	0	0.00248647326	0
run015	6.309573445	225	2.672432056e-06	0.002827887968	0	0.002153849485	0
run015	6.309573445	229	2.038231154e-06	0.002430321464	0	0.001865691706	0
run015	6.309573445	233	1.554534189e-06	0.002088677286	0	0.0016160622	0
run015	6.309573445	237	1.185624587e-06	0.001795083498	0	0.001399814724	0
run015	6.309573445	241	9.042617663e-07	0.001542777304	0	0.001212489299	0
run015	6.309573445	245	6.896698195e-07	0.001325948625	0	0.001050220937	0
run015	6.309573445	249	5.260030958e-07	0.001139605736	0	0.0009096604413	0
run015	6.309573445	253	4.011764765e-07	0.0009794598789	0	0.0007879057342	0
run015	6.309573445	257	3.059726636e-07	0.0008418261444	0	0.0006824422736	0
run015	6.309573445	261	2.333618791e-07	0.0007235383697	0	0.0005910914071	0
run015	6.309573445	265	1.779826081e-07	0.0006218760247	0	0.0005119655746	0
run015	6.309573445	269	1.35745426e-07	0.0005345014	0	0.0004434294592	0
run015	6.309573445	273	1.035315891e-07	0.0004594057191	0	0.0003840663454	0
run015	6.309573445	277	0	0.0003948627963	0	0.0003326489244	0
run015	6.309573445	281	0	0.0003393892502	0	0.0002881140053	0
run015	6.309573445	285	0	0.0002917102734	0	0.0002495405453	0
run015	6.309573445	289	0	0.000250730402	0	0.0002161307578	0
run015	6.309573445	293	0	0.0002155081874	0	0.0001871935671	0
run015	6.309573445	297	0	0.0001852345403	0	0.0001621303562	0
run015	6.309573445	301	0	0.0001592139897	0	0.0001404225234	0
run015	6.309573445	305	0	0.0001368489967	0	0.0001216209772	0
run015	6.309573445	309	0	0.0001176258871	0	0.0001053366461	0
run015	6.309573445	313	0	0.0001011032249	0	9.123255751e-05	0
run015	6.309573445	317	0	8.690162113e-05	0	7.901684674e-05	0
run015	6.309573445	321	0	7.469497383e-05	0	6.843669756e-05	0
run015	6.309573445	325	0	6.420302438e-05	0	5.927314734e-05	0
run015	6.309573445	329	0	5.518488708e-05	0	5.133654005e-05	0
run015	6.309573445	333	0	4.743351381e-05	0	4.446260273e-05	0
run015	6.309573445	337	0	4.077094928e-05	0	3.850905537e-05	0
run015	6.309573445	341	0	3.504424599e-05	0	3.335266981e-05	0
run015	6.309573445	345	0	3.012193994e-05	0	2.888671269e-05	0
run015	6.309573445	349	0	2.58910373e-05	0	2.501874109e-05	0
run015	6.309573445	353	0	2.22544207e-05	0	2.166869072e-05	0
run015	6.309573445	357	0	1.912860669e-05	0	1.876721042e-05	0
run015	6.309573445	361	0	1.644184524e-05	0	1.625423855e-05	0
run015	6.309573445	365	0	1.413246814e-05	0	1.407775712e-05	0
run015	6.309573445	369	0	1.214746651e-05	0	1.219271058e-05	0
run015	6.309573445	373	0	1.044127608e-05	0	1.056007495e-05	0
run015	6.309573445	377	0	8.974733081e-06	0	9.146051466e-06	0
run015	6.309573445	381	0	7.714176847e-06	0	7.921368197e-06	0
run015	6.309573445	385	0	6.63067686e-06	0	6.860674153e-06	0
run015	6.309573445	389	0	5.699364653e-06	0	5.942011597e-06	0
run015	6.309573445	393	0	4.898861097e-06	0	5.146360102e-06	0
run015	6.309573445	397	0	4.210792054e-06	0	4.457247553e-06	0
run015	6.309573445	401	0	3.619366023e-06	0	3.860408773e-06	0
run015	6.309573445	405	0	3.111010644e-06	0	3.343489538e-06	0
run015	6.309573445	409	0	2.674057764e-06	0	2.895788234e-06	0
run015	6.309573445	413	0	2.298476946e-06	0	2.508035265e-06	0
run015	6.309573445	417	0	1.975647378e-06	0	2.172202822e-06	0
run015	6.309573445	421	0	1.698160282e-06	0	1.881338943e-06	0
run015	6.309573445	425	0	1.459647586e-06	0	1.629422629e-06	0
run015	6.309573445	429	0	1.254636942e-06	0	1.411240165e-06	0
run015	6.309573445	433	0	1.078422314e-06	0	1.222274098e-06	0
run015	6.309573445	437	0	9.269577718e-07	0	1.058611163e-06	0
run015	6.309573445	441	0	7.967661865e-07	0	9.168625051e-07	0
run015	6.309573445	445	0	6.848596436e-07	0	7.940937084e-07	0
run015	6.309573445	449	0	5.886703751e-07	0	6.877636686e-07	0
run015	6.309573445	453	0	5.059913156e-07	0	5.956715877e-07	0
run015	6.309573445	457	0	4.349267319e-07	0	5.159125215e-07	0
run015	6.309573445	461	0	3.738438537e-07	0	4.468338132e-07	0
run015	6.309573445	465	0	3.21339596e-07	0	3.87004383e-07	0
run015	6.309573445	469	0	2.762090358e-07	0	3.351857015e-07	0
run015	6.309573445	473	0	2.374168737e-07	0	2.903054218e-07	0
run015	6.309573445	477	0	2.040726628e-07	0	2.514342778e-07	0
run015	6.309573445	481	0	1.754114288e-07	0	2.17767795e-07	0
run015	6.309573445	485	0	1.507759497e-07	0	1.886095174e-07	0
run015	6.309573445	489	0	1.296024659e-07	0	1.633572796e-07	0
run015	6.309573445	493	0	1.114031964e-07	0	1.414866889e-07	0
run015	6.309573445	497	0	0	0	1.225444535e-07	0
run015	6.309573445	501	0	0	0	1.061232134e-07	0
run015	6.309573445	505	0	0	0	0	0
run015	6.309573445	509	0	0	0	0	0
run015	6.309573445	513	0	0	0	0	0
run015	6.309573445	517	0	0	0	0	0
run015	6.309573445	521	0	0	0	0	0
run015	6.309573445	525	0	0	0	0	0
run015	6.309573445	529	0	0	0	0	0
run015	6.309573445	533	0	0	0	0	0
run015	6.309573445	537	0	0	0	0	0
run015	6.309573445	541	0	0	0	0	0
run015	6.309573445	545	0	0	0	0	0
run015	6.309573445	549	0	0	0	0	0
run015	6.309573445	553	0	0	0	0	0
run015	6.309573445	557	0	0	0	0	0
run015	6.309573445	561	0	0	0	0	0
run015	6.309573445	565	0	0	0	0	0
run015	6.309573445	569	0	0	0	0	0
run015	6.309573445	573	0	0	0	0	0
run015	6.309573445	577	0	0	0	0	0
run015	6.309573445	581	0	0	0	0	0
run015	6.309573445	585	0	0	0	0	0
run015	6.309573445	589	0	0	0	0	0
run015	6.309573445	593	0	0	0	0	0
run015	6.309573445	597	0	0	0	0	0
run015	6.309573445	601	0	0	0	0	0
run015	6.309573445	605	0	0	0	0	0
run015	6.309573445	609	0	0	0	0	0
run015	6.309573445	613	0	0	0	0	0
run015	6.309573445	617	0	0	0	0	0
run015	6.309573445	621	0	0	0	0	0
run015	6.309573445	625	0	0	0	0	0
run015	6.309573445	629	0	0	0	0	0
run015	6.309573445	633	0	0	0	0	0
run015	6.309573445	637	0	0	0	0	0
run015	6.309573445	641	0	0	0	0	0
run015	6.309573445	645	0	0	0	0	0
run015	6.309573445	649	0	0	0	0	0
run015	6.309573445	653	0	0	0	0	0
run015	6.309573445	657	0	0	0	0	0
run015	6.309573445	661	0	0	0	0	0
run015	6.309573445	665	0	0	0	0	0
run015	6.309573445	669	0	0	0	0	0
run015	6.309573445	673	0	0	0	0	0
run015	6.309573445	677	0	0	0	0	0
run015	6.309573445	681	0	0	0	0	0
run015	6.309573445	685	0	0	0	0	0
run015	6.309573445	689	0	0	0	0	0
run015	6.309573445	693	0	0	0	0	0
run015	6.309573445	697	0	0	0	0	0
run015	6.309573445	701	0	0	0	0	0
run015	6.309573445	705	0	0	0	0	0
run015	6.309573445	709	0	0	0	0	0
run015	6.309573445	713	0	0	0	0	0
run015	6.309573445	717	0	0	0	0	0
run015	6.309573445	721	0	0	0	0	0
run015	6.309573445	725	0	0	0	0	0
run015	6.309573445	729	0	0	0	0	0
run015	6.309573445	733	0	0	0	0	0
run015	6.309573445	737	0	0	0	0	0
run015	6.309573445	741	0	0	0	0	0
run015	6.309573445	745	0	0	0	0	0
run015	6.309573445	749	0	0	0	0	0
run015	6.309573445	753	0	0	0	0	0
run015	6.309573445	757	0	0	0	0	0
run015	6.309573445	761	0	0	0	0	0
run015	6.309573445	765	0	0	0	0	0
run015	6.309573445	769	0	0	0	0	0
run015	6.309573445	773	0	0	0	0	0
run015	6.309573445	777	0	0	0	0	0
run015	6.309573445	781	0	0	0	0	0
run015	6.309573445	785	0	0	0	0	0
run015	6.309573445	789	0	0	0	0	0
run015	6.309573445	793	0	0	0	0	0
run015	6.309573445	797	0	0	0	0	0
run015	6.309573445	801	0	0	0	0	0
run015	6.309573445	805	0	0	0	0	0
run015	6.309573445	809	0	0	0	0	0
run015	6.309573445	813	0	0	0	0	0
run015	6.309573445	817	0	0	0	0	0
run015	6.309573445	821	0	0	0	0	0
run015	6.309573445	825	0	0	0	0	0
run015	6.309573445	829	0	0	0	0	0
run015	6.309573445	833	0	0	0	0	0
run015	6.309573445	837	0	0	0	0	0
run015	6.309573445	841	0	0	0	0	0
run015	6.309573445	845	0	0	0	0	0
run015	6.309573445	849	0	0	0	0	0
run015	6.309573445	853	0	0	0	0	0
run015	6.309573445	857	0	0	0	0	0
run015	6.309573445	861	0	0	0	0	0
run015	6.309573445	865	0	0	0	0	0
run015	6.309573445	869	0	0	0	0	0
run015	6.309573445	873	0	0	0	0	0
run015	6.309573445	877	0	0	0	0	0
run015	6.309573445	881	0	0	0	0	0
run015	6.309573445	885	0	0	0	0	0
run015	6.309573445	889	0	0	0	0	0
run015	6.309573445	893	0	0	0	0	0
run015	6.309573445	897	0	0	0	0	0
run015	6.309573445	901	0	0	0	0	0
run015	6.309573445	905	0	0	0	0	0
run015	6.309573445	909	0	0	0	0	0
run015	6.309573445	913	0	0	0	0	0
run015	6.309573445	917	0	0	0	0	0
run015	6.309573445	921	0	0	0	0	0
run015	6.309573445	925	0	0	0	0	0
run015	6.309573445	929	0	0	0	0	0
run015	6.309573445	933	0	0	0	0	0
run015	6.309573445	937	0	0	0	0	0
run015	6.309573445	941	0	0	0	0	0
run015	6.309573445	945	0	0	0	0	0
run015	6.309573445	949	0	0	0	0	0
run015	6.309573445	953	0	0	0	0	0
run015	6.309573445	957	0	0	0	0	0
run015	6.309573445	961	0	0	0	0	0
run015	6.309573445	965	0	0	0	0	0
run015	6.309573445	969	0	0	0	0	0
run015	6.309573445	973	0	0	0	0	0
run015	6.309573445	977	0	0	0	0	0
run015	6.309573445	981	0	0	0	0	0
run015	6.309573445	985	0	0	0	0	0
run015	6.309573445	989	0	0	0	0	0
run015	6.309573445	993	0	0	0	0	0
run015	6.309573445	997	0	0	0	0	0
run015	6.309573445	1001	0	0	0	0	0
run015	6.309573445	1005	0	0	0	0	0
run015	6.309573445	1009	0	0	0	0	0
run015	6.309573445	1013	0	0	0	0	0
run015	6.309573445	1017	0	0	0	0	0
run015	6.309573445	1021	0	0	0	0	0
run015	6.309573445	1025	0	0	0	0	0
run015	6.309573445	1029	0	0	0	0	0
run015	6.309573445	1033	0	0	0	0	0
run015	6.309573445	1037	0	0	0	0	0
run015	6.309573445	1041	0	0	0	0	0
run015	6.309573445	1045	0	0	0	0	0
run015	6.309573445	1049	0	0	0	0	0
run015	6.309573445	1053	0	0	0	0	0
run015	6.309573445	1057	0	0	0	0	0
run015	6.309573445	1061	0	0	0	0	0
run015	6.309573445	1065	0	0	0	0	0
run015	6.309573445	1069	0	0	0	0	0
run015	6.309573445	1073	0	0	0	0	0
run015	6.309573445	1077	0	0	0	0	0
run015	6.309573445	1081	0	0	0	0	0
run015	6.309573445	1085	0	0	0	0	0
run015	6.309573445	1089	0	0	0	0	0
run015	6.309573445	1093	0	0	0	0	0
run015	6.309573445	1097	0	0	0	0	0
run015	6.309573445	1100	0	0	0	0	0
run016	10	1	10	10	0	10	0
run016	10	5	7.601871605	5.491140212	0	5.279458007	0
run016	10	9	5.814101387	3.75476581	0	3.091821871	0
run016	10	13	4.457051008	2.98452593	0	1.985927787	0
run016	10	17	3.416518222	2.510986713	0	1.373391346	0
run016	10	21	2.616599165	2.112855066	0	1.009261969	0
run016	10	25	2.001947534	1.738505433	0	0.7794637567	0
run016	10	29	1.530346972	1.395103175	0	0.6258812405	0
run016	10	33	1.169064622	1.097737169	0	0.5171259883	0
run016	10	37	0.8926513284	0.8529235088	0	0.4356320168	0
run016	10	41	0.6813741042	0.6584425395	0	0.3713696479	0
run016	10	45	0.5199931226	0.5073820134	0	0.3185576892	0
run016	10	49	0.3967810777	0.3915108068	0	0.2738501744	0
run016	10	53	0.3027387605	0.3031213733	0	0.2352967785	0
run016	10	57	0.2309742409	0.235746584	0	0.2017336841	0
run016	10	61	0.1762166834	0.1842689008	0	0.1724262181	0
run016	10	65	0.1344387508	0.1447688981	0	0.1468635536	0
run016	10	69	0.1025650999	0.1142974737	0	0.124645896	0
run016	10	73	0.0782482566	0.09065425516	0	0.1054268669	0
run016	10	77	0.05969678299	0.07220147215	0	0.08888747147	0
run016	10	81	0.0455437773	0.05771823315	0	0.07472690999	0
run016	10	85	0.03474636011	0.04629065598	0	0.06266139993	0
run016	10	89	0.02650890546	0.03723072573	0	0.05242602859	0
run016	10	93	0.02022443578	0.03001699968	0	0.04377707078	0
run016	10	97	0.01542989698	0.02425145818	0	0.0364936388	0
run016	10	101	0.01177203249	0.01962810214	0	0.03037832139	0
run016	10	105	0.008981347665	0.01591002991	0	0.0252568594	0
run016	10	109	0.006852246807	0.01291261824	0	0.02097706584	0
run016	10	113	0.005227881591	0.01049110343	0	0.0174072334	0
run016	10	117	0.003988591674	0.00853134217	0	0.01443425003	0
run016	10	121	0.003043086931	0.00694288472	0	0.01196159763	0
run016	10	125	0.002321720582	0.005653739252	0	0.009907360843	0
run016	10	129	0.001771357581	0.004606382856	0	0.008202330454	0
run016	10	133	0.001351459781	0.003754698616	0	0.006788252109	0
run016	10	137	0.001031099367	0.003061606427	0	0.005616245928	0
run016	10	141	0.0007866804559	0.002497217876	0	0.004645405069	0
run016	10	145	0.0006002007963	0.002037390116	0	0.003841569692	0
run016	10	149	0.0004579257709	0.001662586204	0	0.003176265893	0
run016	10	153	0.0003493766425	0.001356972205	0	0.00262579511	0
run016	10	157	0.0002665587187	0.001107698785	0	0.002170458066	0
run016	10	161	0.0002033724458	0.0009043272774	0	0.001793896979	0
run016	10	165	0.0001551641875	0.0007383697122	0	0.001482540625	0
run016	10	169	0.0001183834557	0.0006029189977	0	0.0012251378	0
run016	10	173	9.032140534e-05	0.0004923508874	0	0.001012366347	0
run016	10	177	6.891130132e-05	0.0004020832469	0	0.0008365062671	0
run016	10	181	5.257633306e-05	0.0003283813134	0	0.0006911670596	0
run016	10	185	4.011347185e-05	0.0002681998522	0	0.0005710605968	0
run016	10	189	3.060485309e-05	0.0002190550651	0	0.0004718122076	0
run016	10	193	2.33501884e-05	0.0001789205617	0	0.0003898037668	0
run016	10	197	1.781519224e-05	0.0001461427711	0	0.0003220434626	0
run016	10	201	1.359223051e-05	0.0001193721059	0	0.0002660577881	0
run016	10	205	1.037029487e-05	9.750690999e-05	0	0.0002198020259	0
run016	10	209	7.912094799e-06	7.964779315e-05	0	0.0001815861	0
run016	10	213	6.036592773e-06	6.506043083e-05	0	0.0001500132178	0
run016	10	217	4.605666797e-06	5.314521604e-05	0	0.0001239290647	0
run016	10	221	3.513930324e-06	4.341249594e-05	0	0.0001023797525	0
run016	10	225	2.680981119e-06	3.546239819e-05	0	8.457708251e-05	0
run016	10	229	2.045476318e-06	2.896835048e-05	0	6.986979177e-05	0
run016	10	233	1.560614423e-06	2.366363264e-05	0	5.771978202e-05	0
run016	10	237	1.190684903e-06	1.933039202e-05	0	4.768245694e-05	0
run016	10	241	9.084437318e-07	1.579069418e-05	0	3.93904996e-05	0
run016	10	245	6.931054091e-07	1.289920332e-05	0	3.254044346e-05	0
run016	10	249	5.288118285e-07	1.053720823e-05	0	2.688157897e-05	0
run016	10	253	4.034630943e-07	8.607739221e-06	0	2.220677764e-05	0
run016	10	257	3.078264019e-07	7.031584358e-06	0	1.834491714e-05	0
run016	10	261	2.34859749e-07	5.744046049e-06	0	1.515463992e-05	0
run016	10	265	1.79189769e-07	4.692273629e-06	0	1.251916374e-05	0
run016	10	269	1.367153709e-07	3.833090223e-06	0	1.034200361e-05	0
run016	10	273	1.043089341e-07	3.131230757e-06	0	8.543460761e-06	0
run016	10	277	0	2.557888518e-06	0	7.057696035e-06	0
run016	10	281	0	2.089524521e-06	0	5.830305511e-06	0
run016	10	285	0	1.706931766e-06	0	4.816389901e-06	0
run016	10	289	0	1.394373469e-06	0	3.97875581e-06	0
run016	10	293	0	1.139047784e-06	0	3.286795148e-06	0
run016	10	297	0	9.304804392e-07	0	2.715187046e-06	0
run016	10	301	0	7.601016006e-07	0	2.242983432e-06	0
run016	10	305	0	6.209248438e-07	0	1.852910603e-06	0
run016	10	309	0	5.072346135e-07	0	1.530680608e-06	0
run016	10	313	0	4.143576073e-07	0	1.264480589e-06	0
run016	10	317	0	3.384874743e-07	0	1.044576522e-06	0
run016	10	321	0	2.765122371e-07	0	8.629217372e-07	0
run016	10	325	0	2.258852567e-07	0	7.128592005e-07	0
run016	10	329	0	1.845267577e-07	0	5.88890688e-07	0
run016	10	333	0	1.507401691e-07	0	4.864792931e-07	0
run016	10	337	0	1.231405287e-07	0	4.018792572e-07	0
run016	10	341	0	1.005964046e-07	0	3.319962166e-07	0
run016	10	345	0	0	0	2.742700401e-07	0
run016	10	349	0	0	0	2.265466661e-07	0
run016	10	353	0	0	0	1.871601428e-07	0
run016	10	357	0	0	0	1.546212171e-07	0
run016	10	361	0	0	0	1.277404486e-07	0
run016	10	365	0	0	0	1.055330943e-07	0
run016	10	369	0	0	0	0	0
run016	10	373	0	0	0	0	0
run016	10	377	0	0	0	0	0
run016	10	381	0	0	0	0	0
run016	10	385	0	0	0	0	0
run016	10	389	0	0	0	0	0
run016	10	393	0	0	0	0	0
run016	10	397	0	0	0	0	0
run016	10	401	0	0	0	0	0
run016	10	405	0	0	0	0	0
run016	10	409	0	0	0	0	0
run016	10	413	0	0	0	0	0
run016	10	417	0	0	0	0	0
run016	10	421	0	0	0	0	0
run016	10	425	0	0	0	0	0
run016	10	429	0	0	0	0	0
run016	10	433	0	0	0	0	0
run016	10	437	0	0	0	0	0
run016	10	441	0	0	0	0	0
run016	10	445	0	0	0	0	0
run016	10	449	0	0	0	0	0
run016	10	453	0	0	0	0	0
run016	10	457	0	0	0	0	0
run016	10	461	0	0	0	0	0
run016	10	465	0	0	0	0	0
run016	10	469	0	0	0	0	0
run016	10	473	0	0	0	0	0
run016	10	477	0	0	0	0	0
run016	10	481	0	0	0	0	0
run016	10	485	0	0	0	0	0
run016	10	489	0	0	0	0	0
run016	10	493	0	0	0	0	0
run016	10	497	0	0	0	0	0
run016	10	501	0	0	0	0	0
run016	10	505	0	0	0	0	0
run016	10	509	0	0	0	0	0
run016	10	513	0	0	0	0	0
run016	10	517	0	0	0	0	0
run016	10	521	0	0	0	0	0
run016	10	525	0	0	0	0	0
run016	10	529	0	0	0	0	0
run016	10	533	0	0	0	0	0
run016	10	537	0	0	0	0	0
run016	10	541	0	0	0	0	0
run016	10	545	0	0	0	0	0
run016	10	549	0	0	0	0	0
run016	10	553	0	0	0	0	0
run016	10	557	0	0	0	0	0
run016	10	561	0	0	0	0	0
run016	10	565	0	0	0	0	0
run016	10	569	0	0	0	0	0
run016	10	573	0	0	0	0	0
run016	10	577	0	0	0	0	0
run016	10	581	0	0	0	0	0
run016	10	585	0	0	0	0	0
run016	10	589	0	0	0	0	0
run016	10	593	0	0	0	0	0
run016	10	597	0	0	0	0	0
run016	10	601	0	0	0	0	0
run016	10	605	0	0	0	0	0
run016	10	609	0	0	0	0	0
run016	10	613	0	0	0	0	0
run016	10	617	0	0	0	0	0
run016	10	621	0	0	0	0	0
run016	10	625	0	0	0	0	0
run016	10	629	0	0	0	0	0
run016	10	633	0	0	0	0	0
run016	10	637	0	0	0	0	0
run016	10	641	0	0	0	0	0
run016	10	645	0	0	0	0	0
run016	10	649	0	0	0	0	0
run016	10	653	0	0	0	0	0
run016	10	657	0	0	0	0	0
run016	10	661	0	0	0	0	0
run016	10	665	0	0	0	0	0
run016	10	669	0	0	0	0	0
run016	10	673	0	0	0	0	0
run016	10	677	0	0	0	0	0
run016	10	681	0	0	0	0	0
run016	10	685	0	0	0	0	0
run016	10	689	0	0	0	0	0
run016	10	693	0	0	0	0	0
run016	10	697	0	0	0	0	0
run016	10	701	0	0	0	0	0
run016	10	705	0	0	0	0	0
run016	10	709	0	0	0	0	0
run016	10	713	0	0	0	0	0
run016	10	717	0	0	0	0	0
run016	10	721	0	0	0	0	0
run016	10	725	0	0	0	0	0
run016	10	729	0	0	0	0	0
run016	10	733	0	0	0	0	0
run016	10	737	0	0	0	0	0
run016	10	741	0	0	0	0	0
run016	10	745	0	0	0	0	0
run016	10	749	0	0	0	0	0
run016	10	753	0	0	0	0	0
run016	10	757	0	0	0	0	0
run016	10	761	0	0	0	0	0
run016	10	765	0	0	0	0	0
run016	10	769	0	0	0	0	0
run016	10	773	0	0	0	0	0
run016	10	777	0	0	0	0	0
run016	10	781	0	0	0	0	0
run016	10	785	0	0	0	0	0
run016	10	789	0	0	0	0	0
run016	10	793	0	0	0	0	0
run016	10	797	0	0	0	0	0
run016	10	801	0	0	0	0	0
run016	10	805	0	0	0	0	0
run016	10	809	0	0	0	0	0
run016	10	813	0	0	0	0	0
run016	10	817	0	0	0	0	0
run016	10	821	0	0	0	0	0
run016	10	825	0	0	0	0	0
run016	10	829	0	0	0	0	0
run016	10	833	0	0	0	0	0
run016	10	837	0	0	0	0	0
run016	10	841	0	0	0	0	0
run016	10	845	0	0	0	0	0
run016	10	849	0	0	0	0	0
run016	10	853	0	0	0	0	0
run016	10	857	0	0	0	0	0
run016	10	861	0	0	0	0	0
run016	10	865	0	0	0	0	0
run016	10	869	0	0	0	0	0
run016	10	873	0	0	0	0	0
run016	10	877	0	0	0	0	0
run016	10	881	0	0	0	0	0
run016	10	885	0	0	0	0	0
run016	10	889	0	0	0	0	0
run016	10	893	0	0	0	0	0
run016	10	897	0	0	0	0	0
run016	10	901	0	0	0	0	0
run016	10	905	0	0	0	0	0
run016	10	909	0	0	0	0	0
run016	10	913	0	0	0	0	0
run016	10	917	0	0	0	0	0
run016	10	921	0	0	0	0	0
run016	10	925	0	0	0	0	0
run016	10	929	0	0	0	0	0
run016	10	933	0	0	0	0	0
run016	10	937	0	0	0	0	0
run016	10	941	0	0	0	0	0
run016	10	945	0	0	0	0	0
run016	10	949	0	0	0	0	0
run016	10	953	0	0	0	0	0
run016	10	957	0	0	0	0	0
run016	10	961	0	0	0	0	0
run016	10	965	0	0	0	0	0
run016	10	969	0	0	0	0	0
run016	10	973	0	0	0	0	0
run016	10	977	0	0	0	0	0
run016	10	981	0	0	0	0	0
run016	10	985	0	0	0	0	0
run016	10	989	0	0	0	0	0
run016	10	993	0	0	0	0	0
run016	10	997	0	0	0	0	0
run016	10	1001	0	0	0	0	0
run016	10	1005	0	0	0	0	0
run016	10	1009	0	0	0	0	0
run016	10	1013	0	0	0	0	0
run016	10	1017	0	0	0	0	0
run016	10	1021	0	0	0	0	0
run016	10	1025	0	0	0	0	0
run016	10	1029	0	0	0	0	0
run016	10	1033	0	0	0	0	0
run016	10	1037	0	0	0	0	0
run016	10	1041	0	0	0	0	0
run016	10	1045	0	0	0	0	0
run016	10	1049	0	0	0	0	0
run016	10	1053	0	0	0	0	0
run016	10	1057	0	0	0	0	0
run016	10	1061	0	0	0	0	0
run016	10	1065	0	0	0	0	0
run016	10	1069	0	0	0	0	0
run016	10	1073	0	0	0	0	0
run016	10	1077	0	0	0	0	0
run016	10	1081	0	0	0	0	0
run016	10	1085	0	0	0	0	0
run016	10	1089	0	0	0	0	0
run016	10	1093	0	0	0	0	0
run016	10	1097	0	0	0	0	0
run016	10	1100	0	0	0	0	0
run017	15.84893192	1	10	10	0	10	0
run017	15.84893192	5	7.599375007	4.362719457	0	4.204720904	0
run017	15.84893192	9	5.802378517	2.355973697	0	1.967687343	0
run017	15.84893192	13	4.437593829	1.486299069	0	1.006851592	0
run017	15.84893192	17	3.394344273	1.022442047	0	0.5514239227	0
run017	15.84893192	21	2.595631212	0.734330831	0	0.3183634397	0
run017	15.84893192	25	1.984143215	0.5375693752	0	0.1916093336	0
run017	15.84893192	29	1.516202858	0.3962209049	0	0.119167568	0
run017	15.84893192	33	1.158296693	0.2923442586	0	0.07604704096	0
run017	15.84893192	37	0.8846781771	0.2154124395	0	0.04951264803	0
run017	15.84893192	41	0.6755780941	0.1583982612	0	0.0327402039	0
run017	15.84893192	45	0.5158320945	0.1162361768	0	0.02190859661	0
run017	15.84893192	49	0.3938199993	0.08514819301	0	0.01479428918	0
run017	15.84893192	53	0.3006454406	0.06228941305	0	0.01005946071	0
run017	15.84893192	57	0.2295023697	0.04552059977	0	0.006875913564	0
run017	15.84893192	61	0.175186906	0.03324155849	0	0.004718533162	0
run017	15.84893192	65	0.133721945	0.02426227794	0	0.003247754539	0
run017	15.84893192	69	0.1020689804	0.01770235613	0	0.002240473143	0
run017	15.84893192	73	0.07790718264	0.01291315317	0	0.001548229279	0
run017	15.84893192	77	0.05946422591	0.009418292237	0	0.001071242052	0
run017	15.84893192	81	0.04538684658	0.006868722631	0	0.0007419239574	0
run017	15.84893192	85	0.03464186524	0.005009111188	0	0.0005142177942	0
run017	15.84893192	89	0.02644054008	0.003652895084	0	0.0003565929622	0
run017	15.84893192	93	0.02018077072	0.002663866082	0	0.000247387477	0
run017	15.84893192	97	0.0154029523	0.00194263068	0	0.0001716792161	0
run017	15.84893192	101	0.01175626323	0.001416683715	0	0.0001191679617	0
run017	15.84893192	105	0.008972923667	0.001033145046	0	8.273285631e-05	0
run017	15.84893192	109	0.006848542539	0.0007534520503	0	5.744528286e-05	0
run017	15.84893192	113	0.005227114181	0.0005494847282	0	3.989095096e-05	0
run017	15.84893192	117	0.003989565034	0.0004007382666	0	2.77030328e-05	0
run017	15.84893192	121	0.003045011331	0.0002922608146	0	1.924000041e-05	0
run017	15.84893192	125	0.002324085656	0.0002131495073	0	1.336292655e-05	0
run017	15.84893192	129	0.001773843274	0.0001554538451	0	9.281374275e-06	0
run017	15.84893192	133	0.001353874112	0.000113376082	0	6.446644269e-06	0
run017	15.84893192	137	0.001033335291	8.268824378e-05	0	4.477784588e-06	0
run017	15.84893192	141	0.0007886861168	6.030704171e-05	0	3.110275063e-06	0
run017	15.84893192	145	0.0006019592635	4.398391385e-05	0	2.160424263e-06	0
run017	15.84893192	149	0.0004594412634	3.20790157e-05	0	1.500661967e-06	0
run017	15.84893192	153	0.0003506653662	2.339641021e-05	0	1.042387859e-06	0
run017	15.84893192	157	0.0002676429091	1.706389843e-05	0	7.240654585e-07	0
run017	15.84893192	161	0.0002042766013	1.244537583e-05	0	5.029536861e-07	0
run017	15.84893192	165	0.0001559127027	9.076915816e-06	0	3.493649388e-07	0
run017	15.84893192	169	0.0001189992891	6.620167936e-06	0	2.426785998e-07	0
run017	15.84893192	173	9.082539158e-05	4.828365858e-06	0	1.68571688e-07	0
run017	15.84893192	177	6.932186139e-05	3.521532253e-06	0	1.170950339e-07	0
run017	15.84893192	181	5.290943674e-05	2.568404011e-06	0	0	0
run017	15.84893192	185	4.038278806e-05	1.873248547e-06	0	0	0
run017	15.84893192	189	3.082183506e-05	1.36623612e-06	0	0	0
run017	15.84893192	193	2.352453512e-05	9.964533332e-07	0	0	0
run017	15.84893192	197	1.795494576e-05	7.267572652e-07	0	0	0
run017	15.84893192	201	1.370399213e-05	5.30056086e-07	0	0	0
run017	15.84893192	205	1.045949286e-05	3.865945072e-07	0	0	0
run017	15.84893192	209	7.983144723e-06	2.819610762e-07	0	0	0
run017	15.84893192	213	6.093100372e-06	2.056483992e-07	0	0	0
run017	15.84893192	217	4.650532298e-06	1.499897302e-07	0	0	0
run017	15.84893192	221	3.549498048e-06	1.093950283e-07	0	0	0
run017	15.84893192	225	2.709139581e-06	0	0	0	0
run017	15.84893192	229	2.067728885e-06	0	0	0	0
run017	15.84893192	233	1.578207098e-06	0	0	0	0
run017	15.84893192	237	1.204521887e-06	0	0	0	0
run017	15.84893192	241	9.193177785e-07	0	0	0	0
run017	15.84893192	245	7.016547108e-07	0	0	0	0
run017	15.84893192	249	5.355224262e-07	0	0	0	0
run017	15.84893192	253	4.087420897e-07	0	0	0	0
run017	15.84893192	257	3.119798908e-07	0	0	0	0
run017	15.84893192	261	2.381162993e-07	0	0	0	0
run017	15.84893192	265	1.817422823e-07	0	0	0	0
run017	15.84893192	269	1.387253399e-07	0	0	0	0
run017	15.84893192	273	1.05894818e-07	0	0	0	0
run017	15.84893192	277	0	0	0	0	0
run017	15.84893192	281	0	0	0	0	0
run017	15.84893192	285	0	0	0	0	0
run017	15.84893192	289	0	0	0	0	0
run017	15.84893192	293	0	0	0	0	0
run017	15.84893192	297	0	0	0	0	0
run017	15.84893192	301	0	0	0	0	0
run017	15.84893192	305	0	0	0	0	0
run017	15.84893192	309	0	0	0	0	0
run017	15.84893192	313	0	0	0	0	0
run017	15.84893192	317	0	0	0	0	0
run017	15.84893192	321	0	0	0	0	0
run017	15.84893192	325	0	0	0	0	0
run017	15.84893192	329	0	0	0	0	0
run017	15.84893192	333	0	0	0	0	0
run017	15.84893192	337	0	0	0	0	0
run017	15.84893192	341	0	0	0	0	0
run017	15.84893192	345	0	0	0	0	0
run017	15.84893192	349	0	0	0	0	0
run017	15.84893192	353	0	0	0	0	0
run017	15.84893192	357	0	0	0	0	0
run017	15.84893192	361	0	0	0	0	0
run017	15.84893192	365	0	0	0	0	0
run017	15.84893192	369	0	0	0	0	0
run017	15.84893192	373	0	0	0	0	0
run017	15.84893192	377	0	0	0	0	0
run017	15.84893192	381	0	0	0	0	0
run017	15.84893192	385	0	0	0	0	0
run017	15.84893192	389	0	0	0	0	0
run017	15.84893192	393	0	0	0	0	0
run017	15.84893192	397	0	0	0	0	0
run017	15.84893192	401	0	0	0	0	0
run017	15.84893192	405	0	0	0	0	0
run017	15.84893192	409	0	0	0	0	0
run017	15.84893192	413	0	0	0	0	0
run017	15.84893192	417	0	0	0	0	0
run017	15.84893192	421	0	0	0	0	0
run017	15.84893192	425	0	0	0	0	0
run017	15.84893192	429	0	0	0	0	0
run017	15.84893192	433	0	0	0	0	0
run017	15.84893192	437	0	0	0	0	0
run017	15.84893192	441	0	0	0	0	0
run017	15.84893192	445	0	0	0	0	0
run017	15.84893192	449	0	0	0	0	0
run017	15.84893192	453	0	0	0	0	0
run017	15.84893192	457	0	0	0	0	0
run017	15.84893192	461	0	0	0	0	0
run017	15.84893192	465	0	0	0	0	0
run017	15.84893192	469	0	0	0	0	0
run017	15.84893192	473	0	0	0	0	0
run017	15.84893192	477	0	0	0	0	0
run017	15.84893192	481	0	0	0	0	0
run017	15.84893192	485	0	0	0	0	0
run017	15.84893192	489	0	0	0	0	0
run017	15.84893192	493	0	0	0	0	0
run017	15.84893192	497	0	0	0	0	0
run017	15.84893192	501	0	0	0	0	0
run017	15.84893192	505	0	0	0	0	0
run017	15.84893192	509	0	0	0	0	0
run017	15.84893192	513	0	0	0	0	0
run017	15.84893192	517	0	0	0	0	0
run017	15.84893192	521	0	0	0	0	0
run017	15.84893192	525	0	0	0	0	0
run017	15.84893192	529	0	0	0	0	0
run017	15.84893192	533	0	0	0	0	0
run017	15.84893192	537	0	0	0	0	0
run017	15.84893192	541	0	0	0	0	0
run017	15.84893192	545	0	0	0	0	0
run017	15.84893192	549	0	0	0	0	0
run017	15.84893192	553	0	0	0	0	0
run017	15.84893192	557	0	0	0	0	0
run017	15.84893192	561	0	0	0	0	0
run017	15.84893192	565	0	0	0	0	0
run017	15.84893192	569	0	0	0	0	0
run017	15.84893192	573	0	0	0	0	0
run017	15.84893192	577	0	0	0	0	0
run017	15.84893192	581	0	0	0	0	0
run017	15.84893192	585	0	0	0	0	0
run017	15.84893192	589	0	0	0	0	0
run017	15.84893192	593	0	0	0	0	0
run017	15.84893192	597	0	0	0	0	0
run017	15.84893192	601	0	0	0	0	0
run017	15.84893192	605	0	0	0	0	0
run017	15.84893192	609	0	0	0	0	0
run017	15.84893192	613	0	0	0	0	0
run017	15.84893192	617	0	0	0	0	0
run017	15.84893192	621	0	0	0	0	0
run017	15.84893192	625	0	0	0	0	0
run017	15.84893192	629	0	0	0	0	0
run017	15.84893192	633	0	0	0	0	0
run017	15.84893192	637	0	0	0	0	0
run017	15.84893192	641	0	0	0	0	0
run017	15.84893192	645	0	0	0	0	0
run017	15.84893192	649	0	0	0	0	0
run017	15.84893192	653	0	0	0	0	0
run017	15.84893192	657	0	0	0	0	0
run017	15.84893192	661	0	0	0	0	0
run017	15.84893192	665	0	0	0	0	0
run017	15.84893192	669	0	0	0	0	0
run017	15.84893192	673	0	0	0	0	0
run017	15.84893192	677	0	0	0	0	0
run017	15.84893192	681	0	0	0	0	0
run017	15.84893192	685	0	0	0	0	0
run017	15.84893192	689	0	0	0	0	0
run017	15.84893192	693	0	0	0	0	0
run017	15.84893192	697	0	0	0	0	0
run017	15.84893192	701	0	0	0	0	0
run017	15.84893192	705	0	0	0	0	0
run017	15.84893192	709	0	0	0	0	0
run017	15.84893192	713	0	0	0	0	0
run017	15.84893192	717	0	0	0	0	0
run017	15.84893192	721	0	0	0	0	0
run017	15.84893192	725	0	0	0	0	0
run017	15.84893192	729	0	0	0	0	0
run017	15.84893192	733	0	0	0	0	0
run017	15.84893192	737	0	0	0	0	0
run017	15.84893192	741	0	0	0	0	0
run017	15.84893192	745	0	0	0	0	0
run017	15.84893192	749	0	0	0	0	0
run017	15.84893192	753	0	0	0	0	0
run017	15.84893192	757	0	0	0	0	0
run017	15.84893192	761	0	0	0	0	0
run017	15.84893192	765	0	0	0	0	0
run017	15.84893192	769	0	0	0	0	0
run017	15.84893192	773	0	0	0	0	0
run017	15.84893192	777	0	0	0	0	0
run017	15.84893192	781	0	0	0	0	0
run017	15.84893192	785	0	0	0	0	0
run017	15.84893192	789	0	0	0	0	0
run017	15.84893192	793	0	0	0	0	0
run017	15.84893192	797	0	0	0	0	0
run017	15.84893192	801	0	0	0	0	0
run017	15.84893192	805	0	0	0	0	0
run017	15.84893192	809	0	0	0	0	0
run017	15.84893192	813	0	0	0	0	0
run017	15.84893192	817	0	0	0	0	0
run017	15.84893192	821	0	0	0	0	0
run017	15.84893192	825	0	0	0	0	0
run017	15.84893192	829	0	0	0	0	0
run017	15.84893192	833	0	0	0	0	0
run017	15.84893192	837	0	0	0	0	0
run017	15.84893192	841	0	0	0	0	0
run017	15.84893192	845	0	0	0	0	0
run017	15.84893192	849	0	0	0	0	0
run017	15.84893192	853	0	0	0	0	0
run017	15.84893192	857	0	0	0	0	0
run017	15.84893192	861	0	0	0	0	0
run017	15.84893192	865	0	0	0	0	0
run017	15.84893192	869	0	0	0	0	0
run017	15.84893192	873	0	0	0	0	0
run017	15.84893192	877	0	0	0	0	0
run017	15.84893192	881	0	0	0	0	0
run017	15.84893192	885	0	0	0	0	0
run017	15.84893192	889	0	0	0	0	0
run017	15.84893192	893	0	0	0	0	0
run017	15.84893192	897	0	0	0	0	0
run017	15.84893192	901	0	0	0	0	0
run017	15.84893192	905	0	0	0	0	0
run017	15.84893192	909	0	0	0	0	0
run017	15.84893192	913	0	0	0	0	0
run017	15.84893192	917	0	0	0	0	0
run017	15.84893192	921	0	0	0	0	0
run017	15.84893192	925	0	0	0	0	0
run017	15.84893192	929	0	0	0	0	0
run017	15.84893192	933	0	0	0	0	0
run017	15.84893192	937	0	0	0	0	0
run017	15.84893192	941	0	0	0	0	0
run017	15.84893192	945	0	0	0	0	0
run017	15.84893192	949	0	0	0	0	0
run017	15.84893192	953	0	0	0	0	0
run017	15.84893192	957	0	0	0	0	0
run017	15.84893192	961	0	0	0	0	0
run017	15.84893192	965	0	0	0	0	0
run017	15.84893192	969	0	0	0	0	0
run017	15.84893192	973	0	0	0	0	0
run017	15.84893192	977	0	0	0	0	0
run017	15.84893192	981	0	0	0	0	0
run017	15.84893192	985	0	0	0	0	0
run017	15.84893192	989	0	0	0	0	0
run017	15.84893192	993	0	0	0	0	0
run017	15.84893192	997	0	0	0	0	0
run017	15.84893192	1001	0	0	0	0	0
run017	15.84893192	1005	0	0	0	0	0
run017	15.84893192	1009	0	0	0	0	0
run017	15.84893192	1013	0	0	0	0	0
run017	15.84893192	1017	0	0	0	0	0
run017	15.84893192	1021	0	0	0	0	0
run017	15.84893192	1025	0	0	0	0	0
run017	15.84893192	1029	0	0	0	0	0
run017	15.84893192	1033	0	0	0	0	0
run017	15.84893192	1037	0	0	0	0	0
run017	15.84893192	1041	0	0	0	0	0
run017	15.84893192	1045	0	0	0	0	0
run017	15.84893192	1049	0	0	0	0	0
run017	15.84893192	1053	0	0	0	0	0
run017	15.84893192	1057	0	0	0	0	0
run017	15.84893192	1061	0	0	0	0	0
run017	15.84893192	1065	0	0	0	0	0
run017	15.84893192	1069	0	0	0	0	0
run017	15.84893192	1073	0	0	0	0	0
run017	15.84893192	1077	0	0	0	0	0
run017	15.84893192	1081	0	0	0	0	0
run017	15.84893192	1085	0	0	0	0	0
run017	15.84893192	1089	0	0	0	0	0
run017	15.84893192	1093	0	0	0	0	0
run017	15.84893192	1097	0	0	0	0	0
run017	15.84893192	1100	0	0	0	0	0
run018	25.11886432	1	10	10	0	10	0
run018	25.11886432	5	7.596168538	3.03181322	0	2.932151762	0
run018	25.11886432	9	5.788548359	1.130041684	0	0.9641665875	0
run018	25.11886432	13	4.414916397	0.4908072917	0	0.3462184141	0
run018	25.11886432	17	3.367593404	0.2361306726	0	0.1324302969	0
run018	25.11886432	21	2.568562025	0.121929769	0	0.05302303892	0
run018	25.11886432	25	1.958959059	0.0662344273	0	0.02194722227	0
run018	25.11886432	29	1.493931499	0.03734473541	0	0.009307523915	0
run018	25.11886432	33	1.139233642	0.02164851269	0	0.004017891946	0
run018	25.11886432	37	0.8687153433	0.01281399302	0	0.001757163059	0
run018	25.11886432	41	0.662413559	0.007705097191	0	0.0007758439768	0
run018	25.11886432	45	0.5050929335	0.004688617872	0	0.0003449764315	0
run018	25.11886432	49	0.385128971	0.002878923086	0	0.0001541898457	0
run018	25.11886432	53	0.2936538647	0.001779856848	0	6.918088746e-05	0
run018	25.11886432	57	0.2239036809	0.001106092294	0	3.112784884e-05	0
run018	25.11886432	61	0.1707197344	0.0006900879142	0	1.403547319e-05	0
run018	25.11886432	65	0.1301679143	0.0004318286805	0	6.338488177e-06	0
run018	25.11886432	69	0.09924815701	0.0002708317993	0	2.865837363e-06	0
run018	25.11886432	73	0.07567277482	0.0001701499193	0	1.296868668e-06	0
run018	25.11886432	77	0.05769735278	0.000107035542	0	5.872524561e-07	0
run018	25.11886432	81	0.04399176372	6.739880019e-05	0	2.660523957e-07	0
run018	25.11886432	85	0.03354179476	4.2471819e-05	0	1.205781721e-07	0
run018	25.11886432	89	0.02557412577	2.677909527e-05	0	0	0
run018	25.11886432	93	0.01949911754	1.689185166e-05	0	0	0
run018	25.11886432	97	0.01486718945	1.06586136e-05	0	0	0
run018	25.11886432	101	0.01133555001	6.727157034e-06	0	0	0
run018	25.11886432	105	0.008642834614	4.246634237e-06	0	0	0
run018	25.11886432	109	0.006589761607	2.681145301e-06	0	0	0
run018	25.11886432	113	0.005024387448	1.692945506e-06	0	0	0
run018	25.11886432	117	0.003830861727	1.069058355e-06	0	0	0
run018	25.11886432	121	0.002920853554	6.751294619e-07	0	0	0
run018	25.11886432	125	0.00222701454	4.263766409e-07	0	0	0
run018	25.11886432	129	0.00169799456	2.692870581e-07	0	0	0
run018	25.11886432	133	0.001294641472	1.700785409e-07	0	0	0
run018	25.11886432	137	0.0009871035626	1.074218577e-07	0	0	0
run018	25.11886432	141	0.0007526202708	0	0	0	0
run018	25.11886432	145	0.0005738376885	0	0	0	0
run018	25.11886432	149	0.0004375242786	0	0	0	0
run018	25.11886432	153	0.0003335917859	0	0	0	0
run018	25.11886432	157	0.0002543481008	0	0	0	0
run018	25.11886432	161	0.0001939285102	0	0	0	0
run018	25.11886432	165	0.0001478614286	0	0	0	0
run018	25.11886432	169	0.0001127374291	0	0	0	0
run018	25.11886432	173	8.59570202e-05	0	0	0	0
run018	25.11886432	177	6.55382138e-05	0	0	0	0
run018	25.11886432	181	4.996983679e-05	0	0	0	0
run018	25.11886432	185	3.80996737e-05	0	0	0	0
run018	25.11886432	189	2.904922901e-05	0	0	0	0
run018	25.11886432	193	2.214869492e-05	0	0	0	0
run018	25.11886432	197	1.688735609e-05	0	0	0	0
run018	25.11886432	201	1.287583346e-05	0	0	0	0
run018	25.11886432	205	9.817234794e-06	0	0	0	0
run018	25.11886432	209	7.48519365e-06	0	0	0	0
run018	25.11886432	213	5.707127072e-06	0	0	0	0
run018	25.11886432	217	4.351430446e-06	0	0	0	0
run018	25.11886432	221	3.317772797e-06	0	0	0	0
run018	25.11886432	225	2.529659459e-06	0	0	0	0
run018	25.11886432	229	1.928756887e-06	0	0	0	0
run018	25.11886432	233	1.47059438e-06	0	0	0	0
run018	25.11886432	237	1.121269863e-06	0	0	0	0
run018	25.11886432	241	8.549280425e-07	0	0	0	0
run018	25.11886432	245	6.518506426e-07	0	0	0	0
run018	25.11886432	249	4.970114102e-07	0	0	0	0
run018	25.11886432	253	3.789568492e-07	0	0	0	0
run018	25.11886432	257	2.889465369e-07	0	0	0	0
run018	25.11886432	261	2.203141993e-07	0	0	0	0
run018	25.11886432	265	1.679831286e-07	0	0	0	0
run018	25.11886432	269	1.280843734e-07	0	0	0	0
run018	25.11886432	273	0	0	0	0	0
run018	25.11886432	277	0	0	0	0	0
run018	25.11886432	281	0	0	0	0	0
run018	25.11886432	285	0	0	0	0	0
run018	25.11886432	289	0	0	0	0	0
run018	25.11886432	293	0	0	0	0	0
run018	25.11886432	297	0	0	0	0	0
run018	25.11886432	301	0	0	0	0	0
run018	25.11886432	305	0	0	0	0	0
run018	25.11886432	309	0	0	0	0	0
run018	25.11886432	313	0	0	0	0	0
run018	25.11886432	317	0	0	0	0	0
run018	25.11886432	321	0	0	0	0	0
run018	25.11886432	325	0	0	0	0	0
run018	25.11886432	329	0	0	0	0	0
run018	25.11886432	333	0	0	0	0	0
run018	25.11886432	337	0	0	0	0	0
run018	25.11886432	341	0	0	0	0	0
run018	25.11886432	345	0	0	0	0	0
run018	25.11886432	349	0	0	0	0	0
run018	25.11886432	353	0	0	0	0	0
run018	25.11886432	357	0	0	0	0	0
run018	25.11886432	361	0	0	0	0	0
run018	25.11886432	365	0	0	0	0	0
run018	25.11886432	369	0	0	0	0	0
run018	25.11886432	373	0	0	0	0	0
run018	25.11886432	377	0	0	0	0	0
run018	25.11886432	381	0	0	0	0	0
run018	25.11886432	385	0	0	0	0	0
run018	25.11886432	389	0	0	0	0	0
run018	25.11886432	393	0	0	0	0	0
run018	25.11886432	397	0	0	0	0	0
run018	25.11886432	401	0	0	0	0	0
run018	25.11886432	405	0	0	0	0	0
run018	25.11886432	409	0	0	0	0	0
run018	25.11886432	413	0	0	0	0	0
run018	25.11886432	417	0	0	0	0	0
run018	25.11886432	421	0	0	0	0	0
run018	25.11886432	425	0	0	0	0	0
run018	25.11886432	429	0	0	0	0	0
run018	25.11886432	433	0	0	0	0	0
run018	25.11886432	437	0	0	0	0	0
run018	25.11886432	441	0	0	0	0	0
run018	25.11886432	445	0	0	0	0	0
run018	25.11886432	449	0	0	0	0	0
run018	25.11886432	453	0	0	0	0	0
run018	25.11886432	457	0	0	0	0	0
run018	25.11886432	461	0	0	0	0	0
run018	25.11886432	465	0	0	0	0	0
run018	25.11886432	469	0	0	0	0	0
run018	25.11886432	473	0	0	0	0	0
run018	25.11886432	477	0	0	0	0	0
run018	25.11886432	481	0	0	0	0	0
run018	25.11886432	485	0	0	0	0	0
run018	25.11886432	489	0	0	0	0	0
run018	25.11886432	493	0	0	0	0	0
run018	25.11886432	497	0	0	0	0	0
run018	25.11886432	501	0	0	0	0	0
run018	25.11886432	505	0	0	0	0	0
run018	25.11886432	509	0	0	0	0	0
run018	25.11886432	513	0	0	0	0	0
run018	25.11886432	517	0	0	0	0	0
run018	25.11886432	521	0	0	0	0	0
run018	25.11886432	525	0	0	0	0	0
run018	25.11886432	529	0	0	0	0	0
run018	25.11886432	533	0	0	0	0	0
run018	25.11886432	537	0	0	0	0	0
run018	25.11886432	541	0	0	0	0	0
run018	25.11886432	545	0	0	0	0	0
run018	25.11886432	549	0	0	0	0	0
run018	25.11886432	553	0	0	0	0	0
run018	25.11886432	557	0	0	0	0	0
run018	25.11886432	561	0	0	0	0	0
run018	25.11886432	565	0	0	0	0	0
run018	25.11886432	569	0	0	0	0	0
run018	25.11886432	573	0	0	0	0	0
run018	25.11886432	577	0	0	0	0	0
run018	25.11886432	581	0	0	0	0	0
run018	25.11886432	585	0	0	0	0	0
run018	25.11886432	589	0	0	0	0	0
run018	25.11886432	593	0	0	0	0	0
run018	25.11886432	597	0	0	0	0	0
run018	25.11886432	601	0	0	0	0	0
run018	25.11886432	605	0	0	0	0	0
run018	25.11886432	609	0	0	0	0	0
run018	25.11886432	613	0	0	0	0	0
run018	25.11886432	617	0	0	0	0	0
run018	25.11886432	621	0	0	0	0	0
run018	25.11886432	625	0	0	0	0	0
run018	25.11886432	629	0	0	0	0	0
run018	25.11886432	633	0	0	0	0	0
run018	25.11886432	637	0	0	0	0	0
run018	25.11886432	641	0	0	0	0	0
run018	25.11886432	645	0	0	0	0	0
run018	25.11886432	649	0	0	0	0	0
run018	25.11886432	653	0	0	0	0	0
run018	25.11886432	657	0	0	0	0	0
run018	25.11886432	661	0	0	0	0	0
run018	25.11886432	665	0	0	0	0	0
run018	25.11886432	669	0	0	0	0	0
run018	25.11886432	673	0	0	0	0	0
run018	25.11886432	677	0	0	0	0	0
run018	25.11886432	681	0	0	0	0	0
run018	25.11886432	685	0	0	0	0	0
run018	25.11886432	689	0	0	0	0	0
run018	25.11886432	693	0	0	0	0	0
run018	25.11886432	697	0	0	0	0	0
run018	25.11886432	701	0	0	0	0	0
run018	25.11886432	705	0	0	0	0	0
run018	25.11886432	709	0	0	0	0	0
run018	25.11886432	713	0	0	0	0	0
run018	25.11886432	717	0	0	0	0	0
run018	25.11886432	721	0	0	0	0	0
run018	25.11886432	725	0	0	0	0	0
run018	25.11886432	729	0	0	0	0	0
run018	25.11886432	733	0	0	0	0	0
run018	25.11886432	737	0	0	0	0	0
run018	25.11886432	741	0	0	0	0	0
run018	25.11886432	745	0	0	0	0	0
run018	25.11886432	749	0	0	0	0	0
run018	25.11886432	753	0	0	0	0	0
run018	25.11886432	757	0	0	0	0	0
run018	25.11886432	761	0	0	0	0	0
run018	25.11886432	765	0	0	0	0	0
run018	25.11886432	769	0	0	0	0	0
run018	25.11886432	773	0	0	0	0	0
run018	25.11886432	777	0	0	0	0	0
run018	25.11886432	781	0	0	0	0	0
run018	25.11886432	785	0	0	0	0	0
run018	25.11886432	789	0	0	0	0	0
run018	25.11886432	793	0	0	0	0	0
run018	25.11886432	797	0	0	0	0	0
run018	25.11886432	801	0	0	0	0	0
run018	25.11886432	805	0	0	0	0	0
run018	25.11886432	809	0	0	0	0	0
run018	25.11886432	813	0	0	0	0	0
run018	25.11886432	817	0	0	0	0	0
run018	25.11886432	821	0	0	0	0	0
run018	25.11886432	825	0	0	0	0	0
run018	25.11886432	829	0	0	0	0	0
run018	25.11886432	833	0	0	0	0	0
run018	25.11886432	837	0	0	0	0	0
run018	25.11886432	841	0	0	0	0	0
run018	25.11886432	845	0	0	0	0	0
run018	25.11886432	849	0	0	0	0	0
run018	25.11886432	853	0	0	0	0	0
run018	25.11886432	857	0	0	0	0	0
run018	25.11886432	861	0	0	0	0	0
run018	25.11886432	865	0	0	0	0	0
run018	25.11886432	869	0	0	0	0	0
run018	25.11886432	873	0	0	0	0	0
run018	25.11886432	877	0	0	0	0	0
run018	25.11886432	881	0	0	0	0	0
run018	25.11886432	885	0	0	0	0	0
run018	25.11886432	889	0	0	0	0	0
run018	25.11886432	893	0	0	0	0	0
run018	25.11886432	897	0	0	0	0	0
run018	25.11886432	901	0	0	0	0	0
run018	25.11886432	905	0	0	0	0	0
run018	25.11886432	909	0	0	0	0	0
run018	25.11886432	913	0	0	0	0	0
run018	25.11886432	917	0	0	0	0	0
run018	25.11886432	921	0	0	0	0	0
run018	25.11886432	925	0	0	0	0	0
run018	25.11886432	929	0	0	0	0	0
run018	25.11886432	933	0	0	0	0	0
run018	25.11886432	937	0	0	0	0	0
run018	25.11886432	941	0	0	0	0	0
run018	25.11886432	945	0	0	0	0	0
run018	25.11886432	949	0	0	0	0	0
run018	25.11886432	953	0	0	0	0	0
run018	25.11886432	957	0	0	0	0	0
run018	25.11886432	961	0	0	0	0	0
run018	25.11886432	965	0	0	0	0	0
run018	25.11886432	969	0	0	0	0	0
run018	25.11886432	973	0	0	0	0	0
run018	25.11886432	977	0	0	0	0	0
run018	25.11886432	981	0	0	0	0	0
run018	25.11886432	985	0	0	0	0	0
run018	25.11886432	989	0	0	0	0	0
run018	25.11886432	993	0	0	0	0	0
run018	25.11886432	997	0	0	0	0	0
run018	25.11886432	1001	0	0	0	0	0
run018	25.11886432	1005	0	0	0	0	0
run018	25.11886432	1009	0	0	0	0	0
run018	25.11886432	1013	0	0	0	0	0
run018	25.11886432	1017	0	0	0	0	0
run018	25.11886432	1021	0	0	0	0	0
run018	25.11886432	1025	0	0	0	0	0
run018	25.11886432	1029	0	0	0	0	0
run018	25.11886432	1033	0	0	0	0	0
run018	25.11886432	1037	0	0	0	0	0
run018	25.11886432	1041	0	0	0	0	0
run018	25.11886432	1045	0	0	0	0	0
run018	25.11886432	1049	0	0	0	0	0
run018	25.11886432	1053	0	0	0	0	0
run018	25.11886432	1057	0	0	0	0	0
run018	25.11886432	1061	0	0	0	0	0
run018	25.11886432	1065	0	0	0	0	0
run018	25.11886432	1069	0	0	0	0	0
run018	25.11886432	1073	0	0	0	0	0
run018	25.11886432	1077	0	0	0	0	0
run018	25.11886432	1081	0	0	0	0	0
run018	25.11886432	1085	0	0	0	0	0
run018	25.11886432	1089	0	0	0	0	0
run018	25.11886432	1093	0	0	0	0	0
run018	25.11886432	1097	0	0	0	0	0
run018	25.11886432	1100	0	0	0	0	0
run019	39.81071706	1	10	10	0	10	0
run019	39.81071706	5	7.592481591	1.705429774	0	1.65702793	0
run019	39.81071706	9	5.774677616	0.3568101041	0	0.3132600004	0
run019	39.81071706	13	4.393332069	0.08652761749	0	0.06511262814	0
run019	39.81071706	17	3.342410307	0.02328564847	0	0.01446701822	0
run019	39.81071706	21	2.542787303	0.006757374327	0	0.003370455282	0
run019	39.81071706	25	1.934398996	0.002072429075	0	0.0008123742639	0
run019	39.81071706	29	1.471535918	0.0006620110803	0	0.0002006534359	0
run019	39.81071706	33	1.119404696	0.0002179240084	0	5.044387885e-05	0
run019	39.81071706	37	0.8515240225	7.334972683e-05	0	1.284473912e-05	0
run019	39.81071706	41	0.6477415862	2.509819792e-05	0	3.30122564e-06	0
run019	39.81071706	45	0.4927231208	8.693439471e-06	0	8.542026351e-07	0
run019	39.81071706	49	0.3748014714	3.038676555e-06	0	2.221252549e-07	0
run019	39.81071706	53	0.2851001836	1.069339076e-06	0	0	0
run019	39.81071706	57	0.2168663126	3.781908055e-07	0	0	0
run019	39.81071706	61	0.1649625861	1.342683153e-07	0	0	0
run019	39.81071706	65	0.1254809752	0	0	0	0
run019	39.81071706	69	0.09544860589	0	0	0	0
run019	39.81071706	73	0.07260403516	0	0	0	0
run019	39.81071706	77	0.05522700727	0	0	0	0
run019	39.81071706	81	0.04200896259	0	0	0	0
run019	39.81071706	85	0.03195451146	0	0	0	0
run019	39.81071706	89	0.02430648877	0	0	0	0
run019	39.81071706	93	0.01848894516	0	0	0	0
run019	39.81071706	97	0.01406377589	0	0	0	0
run019	39.81071706	101	0.01069773066	0	0	0	0
run019	39.81071706	105	0.00813731864	0	0	0	0
run019	39.81071706	109	0.006189719083	0	0	0	0
run019	39.81071706	113	0.004708260899	0	0	0	0
run019	39.81071706	117	0.003581377288	0	0	0	0
run019	39.81071706	121	0.002724203899	0	0	0	0
run019	39.81071706	125	0.002072187881	0	0	0	0
run019	39.81071706	129	0.001576226542	0	0	0	0
run019	39.81071706	133	0.001198969499	0	0	0	0
run019	39.81071706	137	0.0009120058567	0	0	0	0
run019	39.81071706	141	0.0006937246404	0	0	0	0
run019	39.81071706	145	0.0005276872745	0	0	0	0
run019	39.81071706	149	0.0004013896027	0	0	0	0
run019	39.81071706	153	0.000305320253	0	0	0	0
run019	39.81071706	157	0.0002322443316	0	0	0	0
run019	39.81071706	161	0.000176658545	0	0	0	0
run019	39.81071706	165	0.0001343767619	0	0	0	0
run019	39.81071706	169	0.0001022147796	0	0	0	0
run019	39.81071706	173	7.775051874e-05	0	0	0	0
run019	39.81071706	177	5.914157552e-05	0	0	0	0
run019	39.81071706	181	4.498653049e-05	0	0	0	0
run019	39.81071706	185	3.42193862e-05	0	0	0	0
run019	39.81071706	189	2.602926601e-05	0	0	0	0
run019	39.81071706	193	1.979938996e-05	0	0	0	0
run019	39.81071706	197	1.506058156e-05	0	0	0	0
run019	39.81071706	201	1.14559668e-05	0	0	0	0
run019	39.81071706	205	8.71409213e-06	0	0	0	0
run019	39.81071706	209	6.628457223e-06	0	0	0	0
run019	39.81071706	213	5.042003707e-06	0	0	0	0
run019	39.81071706	217	3.835253852e-06	0	0	0	0
run019	39.81071706	221	2.917325621e-06	0	0	0	0
run019	39.81071706	225	2.219098135e-06	0	0	0	0
run019	39.81071706	229	1.687988761e-06	0	0	0	0
run019	39.81071706	233	1.283991577e-06	0	0	0	0
run019	39.81071706	237	9.766860436e-07	0	0	0	0
run019	39.81071706	241	7.429355454e-07	0	0	0	0
run019	39.81071706	245	5.651286814e-07	0	0	0	0
run019	39.81071706	249	4.2987587e-07	0	0	0	0
run019	39.81071706	253	3.269934339e-07	0	0	0	0
run019	39.81071706	257	2.487398321e-07	0	0	0	0
run019	39.81071706	261	1.892163893e-07	0	0	0	0
run019	39.81071706	265	1.439358916e-07	0	0	0	0
run019	39.81071706	269	1.094903437e-07	0	0	0	0
run019	39.81071706	273	0	0	0	0	0
run019	39.81071706	277	0	0	0	0	0
run019	39.81071706	281	0	0	0	0	0
run019	39.81071706	285	0	0	0	0	0
run019	39.81071706	289	0	0	0	0	0
run019	39.81071706	293	0	0	0	0	0
run019	39.81071706	297	0	0	0	0	0
run019	39.81071706	301	0	0	0	0	0
run019	39.81071706	305	0	0	0	0	0
run019	39.81071706	309	0	0	0	0	0
run019	39.81071706	313	0	0	0	0	0
run019	39.81071706	317	0	0	0	0	0
run019	39.81071706	321	0	0	0	0	0
run019	39.81071706	325	0	0	0	0	0
run019	39.81071706	329	0	0	0	0	0
run019	39.81071706	333	0	0	0	0	0
run019	39.81071706	337	0	0	0	0	0
run019	39.81071706	341	0	0	0	0	0
run019	39.81071706	345	0	0	0	0	0
run019	39.81071706	349	0	0	0	0	0
run019	39.81071706	353	0	0	0	0	0
run019	39.81071706	357	0	0	0	0	0
run019	39.81071706	361	0	0	0	0	0
run019	39.81071706	365	0	0	0	0	0
run019	39.81071706	369	0	0	0	0	0
run019	39.81071706	373	0	0	0	0	0
run019	39.81071706	377	0	0	0	0	0
run019	39.81071706	381	0	0	0	0	0
run019	39.81071706	385	0	0	0	0	0
run019	39.81071706	389	0	0	0	0	0
run019	39.81071706	393	0	0	0	0	0
run019	39.81071706	397	0	0	0	0	0
run019	39.81071706	401	0	0	0	0	0
run019	39.81071706	405	0	0	0	0	0
run019	39.81071706	409	0	0	0	0	0
run019	39.81071706	413	0	0	0	0	0
run019	39.81071706	417	0	0	0	0	0
run019	39.81071706	421	0	0	0	0	0
run019	39.81071706	425	0	0	0	0	0
run019	39.81071706	429	0	0	0	0	0
run019	39.81071706	433	0	0	0	0	0
run019	39.81071706	437	0	0	0	0	0
run019	39.81071706	441	0	0	0	0	0
run019	39.81071706	445	0	0	0	0	0
run019	39.81071706	449	0	0	0	0	0
run019	39.81071706	453	0	0	0	0	0
run019	39.81071706	457	0	0	0	0	0
run019	39.81071706	461	0	0	0	0	0
run019	39.81071706	465	0	0	0	0	0
run019	39.81071706	469	0	0	0	0	0
run019	39.81071706	473	0	0	0	0	0
run019	39.81071706	477	0	0	0	0	0
run019	39.81071706	481	0	0	0	0	0
run019	39.81071706	485	0	0	0	0	0
run019	39.81071706	489	0	0	0	0	0
run019	39.81071706	493	0	0	0	0	0
run019	39.81071706	497	0	0	0	0	0
run019	39.81071706	501	0	0	0	0	0
run019	39.81071706	505	0	0	0	0	0
run019	39.81071706	509	0	0	0	0	0
run019	39.81071706	513	0	0	0	0	0
run019	39.81071706	517	0	0	0	0	0
run019	39.81071706	521	0	0	0	0	0
run019	39.81071706	525	0	0	0	0	0
run019	39.81071706	529	0	0	0	0	0
run019	39.81071706	533	0	0	0	0	0
run019	39.81071706	537	0	0	0	0	0
run019	39.81071706	541	0	0	0	0	0
run019	39.81071706	545	0	0	0	0	0
run019	39.81071706	549	0	0	0	0	0
run019	39.81071706	553	0	0	0	0	0
run019	39.81071706	557	0	0	0	0	0
run019	39.81071706	561	0	0	0	0	0
run019	39.81071706	565	0	0	0	0	0
run019	39.81071706	569	0	0	0	0	0
run019	39.81071706	573	0	0	0	0	0
run019	39.81071706	577	0	0	0	0	0
run019	39.81071706	581	0	0	0	0	0
run019	39.81071706	585	0	0	0	0	0
run019	39.81071706	589	0	0	0	0	0
run019	39.81071706	593	0	0	0	0	0
run019	39.81071706	597	0	0	0	0	0
run019	39.81071706	601	0	0	0	0	0
run019	39.81071706	605	0	0	0	0	0
run019	39.81071706	609	0	0	0	0	0
run019	39.81071706	613	0	0	0	0	0
run019	39.81071706	617	0	0	0	0	0
run019	39.81071706	621	0	0	0	0	0
run019	39.81071706	625	0	0	0	0	0
run019	39.81071706	629	0	0	0	0	0
run019	39.81071706	633	0	0	0	0	0
run019	39.81071706	637	0	0	0	0	0
run019	39.81071706	641	0	0	0	0	0
run019	39.81071706	645	0	0	0	0	0
run019	39.81071706	649	0	0	0	0	0
run019	39.81071706	653	0	0	0	0	0
run019	39.81071706	657	0	0	0	0	0
run019	39.81071706	661	0	0	0	0	0
run019	39.81071706	665	0	0	0	0	0
run019	39.81071706	669	0	0	0	0	0
run019	39.81071706	673	0	0	0	0	0
run019	39.81071706	677	0	0	0	0	0
run019	39.81071706	681	0	0	0	0	0
run019	39.81071706	685	0	0	0	0	0
run019	39.81071706	689	0	0	0	0	0
run019	39.81071706	693	0	0	0	0	0
run019	39.81071706	697	0	0	0	0	0
run019	39.81071706	701	0	0	0	0	0
run019	39.81071706	705	0	0	0	0	0
run019	39.81071706	709	0	0	0	0	0
run019	39.81071706	713	0	0	0	0	0
run019	39.81071706	717	0	0	0	0	0
run019	39.81071706	721	0	0	0	0	0
run019	39.81071706	725	0	0	0	0	0
run019	39.81071706	729	0	0	0	0	0
run019	39.81071706	733	0	0	0	0	0
run019	39.81071706	737	0	0	0	0	0
run019	39.81071706	741	0	0	0	0	0
run019	39.81071706	745	0	0	0	0	0
run019	39.81071706	749	0	0	0	0	0
run019	39.81071706	753	0	0	0	0	0
run019	39.81071706	757	0	0	0	0	0
run019	39.81071706	761	0	0	0	0	0
run019	39.81071706	765	0	0	0	0	0
run019	39.81071706	769	0	0	0	0	0
run019	39.81071706	773	0	0	0	0	0
run019	39.81071706	777	0	0	0	0	0
run019	39.81071706	781	0	0	0	0	0
run019	39.81071706	785	0	0	0	0	0
run019	39.81071706	789	0	0	0	0	0
run019	39.81071706	793	0	0	0	0	0
run019	39.81071706	797	0	0	0	0	0
run019	39.81071706	801	0	0	0	0	0
run019	39.81071706	805	0	0	0	0	0
run019	39.81071706	809	0	0	0	0	0
run019	39.81071706	813	0	0	0	0	0
run019	39.81071706	817	0	0	0	0	0
run019	39.81071706	821	0	0	0	0	0
run019	39.81071706	825	0	0	0	0	0
run019	39.81071706	829	0	0	0	0	0
run019	39.81071706	833	0	0	0	0	0
run019	39.81071706	837	0	0	0	0	0
run019	39.81071706	841	0	0	0	0	0
run019	39.81071706	845	0	0	0	0	0
run019	39.81071706	849	0	0	0	0	0
run019	39.81071706	853	0	0	0	0	0
run019	39.81071706	857	0	0	0	0	0
run019	39.81071706	861	0	0	0	0	0
run019	39.81071706	865	0	0	0	0	0
run019	39.81071706	869	0	0	0	0	0
run019	39.81071706	873	0	0	0	0	0
run019	39.81071706	877	0	0	0	0	0
run019	39.81071706	881	0	0	0	0	0
run019	39.81071706	885	0	0	0	0	0
run019	39.81071706	889	0	0	0	0	0
run019	39.81071706	893	0	0	0	0	0
run019	39.81071706	897	0	0	0	0	0
run019	39.81071706	901	0	0	0	0	0
run019	39.81071706	905	0	0	0	0	0
run019	39.81071706	909	0	0	0	0	0
run019	39.81071706	913	0	0	0	0	0
run019	39.81071706	917	0	0	0	0	0
run019	39.81071706	921	0	0	0	0	0
run019	39.81071706	925	0	0	0	0	0
run019	39.81071706	929	0	0	0	0	0
run019	39.81071706	933	0	0	0	0	0
run019	39.81071706	937	0	0	0	0	0
run019	39.81071706	941	0	0	0	0	0
run019	39.81071706	945	0	0	0	0	0
run019	39.81071706	949	0	0	0	0	0
run019	39.81071706	953	0	0	0	0	0
run019	39.81071706	957	0	0	0	0	0
run019	39.81071706	961	0	0	0	0	0
run019	39.81071706	965	0	0	0	0	0
run019	39.81071706	969	0	0	0	0	0
run019	39.81071706	973	0	0	0	0	0
run019	39.81071706	977	0	0	0	0	0
run019	39.81071706	981	0	0	0	0	0
run019	39.81071706	985	0	0	0	0	0
run019	39.81071706	989	0	0	0	0	0
run019	39.81071706	993	0	0	0	0	0
run019	39.81071706	997	0	0	0	0	0
run019	39.81071706	1001	0	0	0	0	0
run019	39.81071706	1005	0	0	0	0	0
run019	39.81071706	1009	0	0	0	0	0
run019	39.81071706	1013	0	0	0	0	0
run019	39.81071706	1017	0	0	0	0	0
run019	39.81071706	1021	0	0	0	0	0
run019	39.81071706	1025	0	0	0	0	0
run019	39.81071706	1029	0	0	0	0	0
run019	39.81071706	1033	0	0	0	0	0
run019	39.81071706	1037	0	0	0	0	0
run019	39.81071706	1041	0	0	0	0	0
run019	39.81071706	1045	0	0	0	0	0
run019	39.81071706	1049	0	0	0	0	0
run019	39.81071706	1053	0	0	0	0	0
run019	39.81071706	1057	0	0	0	0	0
run019	39.81071706	1061	0	0	0	0	0
run019	39.81071706	1065	0	0	0	0	0
run019	39.81071706	1069	0	0	0	0	0
run019	39.81071706	1073	0	0	0	0	0
run019	39.81071706	1077	0	0	0	0	0
run019	39.81071706	1081	0	0	0	0	0
run019	39.81071706	1085	0	0	0	0	0
run019	39.81071706	1089	0	0	0	0	0
run019	39.81071706	1093	0	0	0	0	0
run019	39.81071706	1097	0	0	0	0	0
run019	39.81071706	1100	0	0	0	0	0
run020	63.09573445	1	10	10	0	10	0
run020	63.09573445	5	7.58884949	0.687194703	0	0.6714443187	0
run020	63.09573445	9	5.763400018	0.05882651234	0	0.05332939259	0
run020	63.09573445	13	4.377221945	0.005881435211	0	0.004766933858	0
run020	63.09573445	17	3.324385119	0.0006569368022	0	0.0004631842229	0
run020	63.09573445	21	2.524743816	7.948788468e-05	0	4.775536982e-05	0
run020	63.09573445	25	1.917423699	1.019140395e-05	0	5.136140596e-06	0
run020	63.09573445	29	1.456179553	1.362786897e-06	0	5.693154146e-07	0
run020	63.09573445	33	1.10588202	1.879018346e-07	0	0	0
run020	63.09573445	37	0.8398474862	0	0	0	0
run020	63.09573445	41	0.6378085854	0	0	0	0
run020	63.09573445	45	0.4843719746	0	0	0	0
run020	63.09573445	49	0.3678465421	0	0	0	0
run020	63.09573445	53	0.2793531794	0	0	0	0
run020	63.09573445	57	0.2121485235	0	0	0	0
run020	63.09573445	61	0.1611112934	0	0	0	0
run020	63.09573445	65	0.1223521574	0	0	0	0
run020	63.09573445	69	0.09291739709	0	0	0	0
run020	63.09573445	73	0.07056384756	0	0	0	0
run020	63.09573445	77	0.05358797298	0	0	0	0
run020	63.09573445	81	0.04069605392	0	0	0	0
run020	63.09573445	85	0.03090560061	0	0	0	0
run020	63.09573445	89	0.02347048237	0	0	0	0
run020	63.09573445	93	0.01782406658	0	0	0	0
run020	63.09573445	97	0.01353603722	0	0	0	0
run020	63.09573445	101	0.010279601	0	0	0	0
run020	63.09573445	105	0.007806582516	0	0	0	0
run020	63.09573445	109	0.005928511083	0	0	0	0
run020	63.09573445	113	0.00450225725	0	0	0	0
run020	63.09573445	117	0.003419124902	0	0	0	0
run020	63.09573445	121	0.002596567521	0	0	0	0
run020	63.09573445	125	0.001971897194	0	0	0	0
run020	63.09573445	129	0.001497507181	0	0	0	0
run020	63.09573445	133	0.001137243742	0	0	0	0
run020	63.09573445	137	0.0008636508295	0	0	0	0
run020	63.09573445	141	0.0006558776771	0	0	0	0
run020	63.09573445	145	0.0004980896352	0	0	0	0
run020	63.09573445	149	0.000378261514	0	0	0	0
run020	63.09573445	153	0.000287261095	0	0	0	0
run020	63.09573445	157	0.0002181531534	0	0	0	0
run020	63.09573445	161	0.0001656708803	0	0	0	0
run020	63.09573445	165	0.0001258145478	0	0	0	0
run020	63.09573445	169	9.554667714e-05	0	0	0	0
run020	63.09573445	173	7.256051019e-05	0	0	0	0
run020	63.09573445	177	5.510424681e-05	0	0	0	0
run020	63.09573445	181	4.184753769e-05	0	0	0	0
run020	63.09573445	185	3.178006395e-05	0	0	0	0
run020	63.09573445	189	2.41345807e-05	0	0	0	0
run020	63.09573445	193	1.832841167e-05	0	0	0	0
run020	63.09573445	197	1.391906103e-05	0	0	0	0
run020	63.09573445	201	1.057049409e-05	0	0	0	0
run020	63.09573445	205	8.027505807e-06	0	0	0	0
run020	63.09573445	209	6.096300103e-06	0	0	0	0
run020	63.09573445	213	4.629696409e-06	0	0	0	0
run020	63.09573445	217	3.515916172e-06	0	0	0	0
run020	63.09573445	221	2.670085379e-06	0	0	0	0
run020	63.09573445	225	2.027740532e-06	0	0	0	0
run020	63.09573445	229	1.539924509e-06	0	0	0	0
run020	63.09573445	233	1.16946498e-06	0	0	0	0
run020	63.09573445	237	8.881321112e-07	0	0	0	0
run020	63.09573445	241	6.744802517e-07	0	0	0	0
run020	63.09573445	245	5.1222314e-07	0	0	0	0
run020	63.09573445	249	3.890025864e-07	0	0	0	0
run020	63.09573445	253	2.954275072e-07	0	0	0	0
run020	63.09573445	257	2.243624097e-07	0	0	0	0
run020	63.09573445	261	1.703913494e-07	0	0	0	0
run020	63.09573445	265	1.294032232e-07	0	0	0	0
run020	63.09573445	269	0	0	0	0	0
run020	63.09573445	273	0	0	0	0	0
run020	63.09573445	277	0	0	0	0	0
run020	63.09573445	281	0	0	0	0	0
run020	63.09573445	285	0	0	0	0	0
run020	63.09573445	289	0	0	0	0	0
run020	63.09573445	293	0	0	0	0	0
run020	63.09573445	297	0	0	0	0	0
run020	63.09573445	301	0	0	0	0	0
run020	63.09573445	305	0	0	0	0	0
run020	63.09573445	309	0	0	0	0	0
run020	63.09573445	313	0	0	0	0	0
run020	63.09573445	317	0	0	0	0	0
run020	63.09573445	321	0	0	0	0	0
run020	63.09573445	325	0	0	0	0	0
run020	63.09573445	329	0	0	0	0	0
run020	63.09573445	333	0	0	0	0	0
run020	63.09573445	337	0	0	0	0	0
run020	63.09573445	341	0	0	0	0	0
run020	63.09573445	345	0	0	0	0	0
run020	63.09573445	349	0	0	0	0	0
run020	63.09573445	353	0	0	0	0	0
run020	63.09573445	357	0	0	0	0	0
run020	63.09573445	361	0	0	0	0	0
run020	63.09573445	365	0	0	0	0	0
run020	63.09573445	369	0	0	0	0	0
run020	63.09573445	373	0	0	0	0	0
run020	63.09573445	377	0	0	0	0	0
run020	63.09573445	381	0	0	0	0	0
run020	63.09573445	385	0	0	0	0	0
run020	63.09573445	389	0	0	0	0	0
run020	63.09573445	393	0	0	0	0	0
run020	63.09573445	397	0	0	0	0	0
run020	63.09573445	401	0	0	0	0	0
run020	63.09573445	405	0	0	0	0	0
run020	63.09573445	409	0	0	0	0	0
run020	63.09573445	413	0	0	0	0	0
run020	63.09573445	417	0	0	0	0	0
run020	63.09573445	421	0	0	0	0	0
run020	63.09573445	425	0	0	0	0	0
run020	63.09573445	429	0	0	0	0	0
run020	63.09573445	433	0	0	0	0	0
run020	63.09573445	437	0	0	0	0	0
run020	63.09573445	441	0	0	0	0	0
run020	63.09573445	445	0	0	0	0	0
run020	63.09573445	449	0	0	0	0	0
run020	63.09573445	453	0	0	0	0	0
run020	63.09573445	457	0	0	0	0	0
run020	63.09573445	461	0	0	0	0	0
run020	63.09573445	465	0	0	0	0	0
run020	63.09573445	469	0	0	0	0	0
run020	63.09573445	473	0	0	0	0	0
run020	63.09573445	477	0	0	0	0	0
run020	63.09573445	481	0	0	0	0	0
run020	63.09573445	485	0	0	0	0	0
run020	63.09573445	489	0	0	0	0	0
run020	63.09573445	493	0	0	0	0	0
run020	63.09573445	497	0	0	0	0	0
run020	63.09573445	501	0	0	0	0	0
run020	63.09573445	505	0	0	0	0	0
run020	63.09573445	509	0	0	0	0	0
run020	63.09573445	513	0	0	0	0	0
run020	63.09573445	517	0	0	0	0	0
run020	63.09573445	521	0	0	0	0	0
run020	63.09573445	525	0	0	0	0	0
run020	63.09573445	529	0	0	0	0	0
run020	63.09573445	533	0	0	0	0	0
run020	63.09573445	537	0	0	0	0	0
run020	63.09573445	541	0	0	0	0	0
run020	63.09573445	545	0	0	0	0	0
run020	63.09573445	549	0	0	0	0	0
run020	63.09573445	553	0	0	0	0	0
run020	63.09573445	557	0	0	0	0	0
run020	63.09573445	561	0	0	0	0	0
run020	63.09573445	565	0	0	0	0	0
run020	63.09573445	569	0	0	0	0	0
run020	63.09573445	573	0	0	0	0	0
run020	63.09573445	577	0	0	0	0	0
run020	63.09573445	581	0	0	0	0	0
run020	63.09573445	585	0	0	0	0	0
run020	63.09573445	589	0	0	0	0	0
run020	63.09573445	593	0	0	0	0	0
run020	63.09573445	597	0	0	0	0	0
run020	63.09573445	601	0	0	0	0	0
run020	63.09573445	605	0	0	0	0	0
run020	63.09573445	609	0	0	0	0	0
run020	63.09573445	613	0	0	0	0	0
run020	63.09573445	617	0	0	0	0	0
run020	63.09573445	621	0	0	0	0	0
run020	63.09573445	625	0	0	0	0	0
run020	63.09573445	629	0	0	0	0	0
run020	63.09573445	633	0	0	0	0	0
run020	63.09573445	637	0	0	0	0	0
run020	63.09573445	641	0	0	0	0	0
run020	63.09573445	645	0	0	0	0	0
run020	63.09573445	649	0	0	0	0	0
run020	63.09573445	653	0	0	0	0	0
run020	63.09573445	657	0	0	0	0	0
run020	63.09573445	661	0	0	0	0	0
run020	63.09573445	665	0	0	0	0	0
run020	63.09573445	669	0	0	0	0	0
run020	63.09573445	673	0	0	0	0	0
run020	63.09573445	677	0	0	0	0	0
run020	63.09573445	681	0	0	0	0	0
run020	63.09573445	685	0	0	0	0	0
run020	63.09573445	689	0	0	0	0	0
run020	63.09573445	693	0	0	0	0	0
run020	63.09573445	697	0	0	0	0	0
run020	63.09573445	701	0	0	0	0	0
run020	63.09573445	705	0	0	0	0	0
run020	63.09573445	709	0	0	0	0	0
run020	63.09573445	713	0	0	0	0	0
run020	63.09573445	717	0	0	0	0	0
run020	63.09573445	721	0	0	0	0	0
run020	63.09573445	725	0	0	0	0	0
run020	63.09573445	729	0	0	0	0	0
run020	63.09573445	733	0	0	0	0	0
run020	63.09573445	737	0	0	0	0	0
run020	63.09573445	741	0	0	0	0	0
run020	63.09573445	745	0	0	0	0	0
run020	63.09573445	749	0	0	0	0	0
run020	63.09573445	753	0	0	0	0	0
run020	63.09573445	757	0	0	0	0	0
run020	63.09573445	761	0	0	0	0	0
run020	63.09573445	765	0	0	0	0	0
run020	63.09573445	769	0	0	0	0	0
run020	63.09573445	773	0	0	0	0	0
run020	63.09573445	777	0	0	0	0	0
run020	63.09573445	781	0	0	0	0	0
run020	63.09573445	785	0	0	0	0	0
run020	63.09573445	789	0	0	0	0	0
run020	63.09573445	793	0	0	0	0	0
run020	63.09573445	797	0	0	0	0	0
run020	63.09573445	801	0	0	0	0	0
run020	63.09573445	805	0	0	0	0	0
run020	63.09573445	809	0	0	0	0	0
run020	63.09573445	813	0	0	0	0	0
run020	63.09573445	817	0	0	0	0	0
run020	63.09573445	821	0	0	0	0	0
run020	63.09573445	825	0	0	0	0	0
run020	63.09573445	829	0	0	0	0	0
run020	63.09573445	833	0	0	0	0	0
run020	63.09573445	837	0	0	0	0	0
run020	63.09573445	841	0	0	0	0	0
run020	63.09573445	845	0	0	0	0	0
run020	63.09573445	849	0	0	0	0	0
run020	63.09573445	853	0	0	0	0	0
run020	63.09573445	857	0	0	0	0	0
run020	63.09573445	861	0	0	0	0	0
run020	63.09573445	865	0	0	0	0	0
run020	63.09573445	869	0	0	0	0	0
run020	63.09573445	873	0	0	0	0	0
run020	63.09573445	877	0	0	0	0	0
run020	63.09573445	881	0	0	0	0	0
run020	63.09573445	885	0	0	0	0	0
run020	63.09573445	889	0	0	0	0	0
run020	63.09573445	893	0	0	0	0	0
run020	63.09573445	897	0	0	0	0	0
run020	63.09573445	901	0	0	0	0	0
run020	63.09573445	905	0	0	0	0	0
run020	63.09573445	909	0	0	0	0	0
run020	63.09573445	913	0	0	0	0	0
run020	63.09573445	917	0	0	0	0	0
run020	63.09573445	921	0	0	0	0	0
run020	63.09573445	925	0	0	0	0	0
run020	63.09573445	929	0	0	0	0	0
run020	63.09573445	933	0	0	0	0	0
run020	63.09573445	937	0	0	0	0	0
run020	63.09573445	941	0	0	0	0	0
run020	63.09573445	945	0	0	0	0	0
run020	63.09573445	949	0	0	0	0	0
run020	63.09573445	953	0	0	0	0	0
run020	63.09573445	957	0	0	0	0	0
run020	63.09573445	961	0	0	0	0	0
run020	63.09573445	965	0	0	0	0	0
run020	63.09573445	969	0	0	0	0	0
run020	63.09573445	973	0	0	0	0	0
run020	63.09573445	977	0	0	0	0	0
run020	63.09573445	981	0	0	0	0	0
run020	63.09573445	985	0	0	0	0	0
run020	63.09573445	989	0	0	0	0	0
run020	63.09573445	993	0	0	0	0	0
run020	63.09573445	997	0	0	0	0	0
run020	63.09573445	1001	0	0	0	0	0
run020	63.09573445	1005	0	0	0	0	0
run020	63.09573445	1009	0	0	0	0	0
run020	63.09573445	1013	0	0	0	0	0
run020	63.09573445	1017	0	0	0	0	0
run020	63.09573445	1021	0	0	0	0	0
run020	63.09573445	1025	0	0	0	0	0
run020	63.09573445	1029	0	0	0	0	0
run020	63.09573445	1033	0	0	0	0	0
run020	63.09573445	1037	0	0	0	0	0
run020	63.09573445	1041	0	0	0	0	0
run020	63.09573445	1045	0	0	0	0	0
run020	63.09573445	1049	0	0	0	0	0
run020	63.09573445	1053	0	0	0	0	0
run020	63.09573445	1057	0	0	0	0	0
run020	63.09573445	1061	0	0	0	0	0
run020	63.09573445	1065	0	0	0	0	0
run020	63.09573445	1069	0	0	0	0	0
run020	63.09573445	1073	0	0	0	0	0
run020	63.09573445	1077	0	0	0	0	0
run020	63.09573445	1081	0	0	0	0	0
run020	63.09573445	1085	0	0	0	0	0
run020	63.09573445	1089	0	0	0	0	0
run020	63.09573445	1093	0	0	0	0	0
run020	63.09573445	1097	0	0	0	0	0
run020	63.09573445	1100	0	0	0	0	0
run021	100	1	10	10	0	10	0
run021	100	5	7.5859081	0.1635197342	0	0.1607174919	0
run021	100	9	5.756060801	0.003504448022	0	0.003272039663	0
run021	100	13	4.36759054	9.089345633e-05	0	7.866625477e-05	0
run021	100	17	3.314024437	2.700693611e-06	0	2.127016442e-06	0
run021	100	21	2.514591199	0	0	0	0
run021	100	25	1.907996123	0	0	0	0
run021	100	29	1.447726071	0	0	0	0
run021	100	33	1.098485675	0	0	0	0
run021	100	37	0.8334925564	0	0	0	0
run021	100	41	0.6324243037	0	0	0	0
run021	100	45	0.479860481	0	0	0	0
run021	100	49	0.3641003717	0	0	0	0
run021	100	53	0.276265743	0	0	0	0
run021	100	57	0.2096200295	0	0	0	0
run021	100	61	0.159051728	0	0	0	0
run021	100	65	0.1206823914	0	0	0	0
run021	100	69	0.091569185	0	0	0	0
run021	100	73	0.06947918802	0	0	0	0
run021	100	77	0.05271813966	0	0	0	0
run021	100	81	0.04000049695	0	0	0	0
run021	100	85	0.03035083698	0	0	0	0
run021	100	89	0.02302904556	0	0	0	0
run021	100	93	0.0174735518	0	0	0	0
run021	100	97	0.013258257	0	0	0	0
run021	100	101	0.01005985376	0	0	0	0
run021	100	105	0.007633028691	0	0	0	0
run021	100	109	0.005791647455	0	0	0	0
run021	100	113	0.004394478434	0	0	0	0
run021	100	117	0.003334360509	0	0	0	0
run021	100	121	0.002529983966	0	0	0	0
run021	100	125	0.001919654102	0	0	0	0
run021	100	129	0.001456559377	0	0	0	0
run021	100	133	0.001105180986	0	0	0	0
run021	100	137	0.0008385686561	0	0	0	0
run021	100	141	0.000636273521	0	0	0	0
run021	100	145	0.0004827797828	0	0	0	0
run021	100	149	0.0003663146592	0	0	0	0
run021	100	153	0.0002779454371	0	0	0	0
run021	100	157	0.0002108942782	0	0	0	0
run021	100	161	0.0001600184463	0	0	0	0
run021	100	165	0.0001214158347	0	0	0	0
run021	100	169	9.212566646e-05	0	0	0	0
run021	100	173	6.990141136e-05	0	0	0	0
run021	100	177	5.303851074e-05	0	0	0	0
run021	100	181	4.024359004e-05	0	0	0	0
run021	100	185	3.053529478e-05	0	0	0	0
run021	100	189	2.316901935e-05	0	0	0	0
run021	100	193	1.757977488e-05	0	0	0	0
run021	100	197	1.333886911e-05	0	0	0	0
run021	100	201	1.012103493e-05	0	0	0	0
run021	100	205	7.679462249e-06	0	0	0	0
run021	100	209	5.826893506e-06	0	0	0	0
run021	100	213	4.421236702e-06	0	0	0	0
run021	100	217	3.354673689e-06	0	0	0	0
run021	100	221	2.545409456e-06	0	0	0	0
run021	100	225	1.93137316e-06	0	0	0	0
run021	100	229	1.465461962e-06	0	0	0	0
run021	100	233	1.111945312e-06	0	0	0	0
run021	100	237	8.437119304e-07	0	0	0	0
run021	100	241	6.401855299e-07	0	0	0	0
run021	100	245	4.857534098e-07	0	0	0	0
run021	100	249	3.68578027e-07	0	0	0	0
run021	100	253	2.796732755e-07	0	0	0	0
run021	100	257	2.12214299e-07	0	0	0	0
run021	100	261	1.610263835e-07	0	0	0	0
run021	100	265	1.221851069e-07	0	0	0	0
run021	100	269	0	0	0	0	0
run021	100	273	0	0	0	0	0
run021	100	277	0	0	0	0	0
run021	100	281	0	0	0	0	0
run021	100	285	0	0	0	0	0
run021	100	289	0	0	0	0	0
run021	100	293	0	0	0	0	0
run021	100	297	0	0	0	0	0
run021	100	301	0	0	0	0	0
run021	100	305	0	0	0	0	0
run021	100	309	0	0	0	0	0
run021	100	313	0	0	0	0	0
run021	100	317	0	0	0	0	0
run021	100	321	0	0	0	0	0
run021	100	325	0	0	0	0	0
run021	100	329	0	0	0	0	0
run021	100	333	0	0	0	0	0
run021	100	337	0	0	0	0	0
run021	100	341	0	0	0	0	0
run021	100	345	0	0	0	0	0
run021	100	349	0	0	0	0	0
run021	100	353	0	0	0	0	0
run021	100	357	0	0	0	0	0
run021	100	361	0	0	0	0	0
run021	100	365	0	0	0	0	0
run021	100	369	0	0	0	0	0
run021	100	373	0	0	0	0	0
run021	100	377	0	0	0	0	0
run021	100	381	0	0	0	0	0
run021	100	385	0	0	0	0	0
run021	100	389	0	0	0	0	0
run021	100	393	0	0	0	0	0
run021	100	397	0	0	0	0	0
run021	100	401	0	0	0	0	0
run021	100	405	0	0	0	0	0
run021	100	409	0	0	0	0	0
run021	100	413	0	0	0	0	0
run021	100	417	0	0	0	0	0
run021	100	421	0	0	0	0	0
run021	100	425	0	0	0	0	0
run021	100	429	0	0	0	0	0
run021	100	433	0	0	0	0	0
run021	100	437	0	0	0	0	0
run021	100	441	0	0	0	0	0
run021	100	445	0	0	0	0	0
run021	100	449	0	0	0	0	0
run021	100	453	0	0	0	0	0
run021	100	457	0	0	0	0	0
run021	100	461	0	0	0	0	0
run021	100	465	0	0	0	0	0
run021	100	469	0	0	0	0	0
run021	100	473	0	0	0	0	0
run021	100	477	0	0	0	0	0
run021	100	481	0	0	0	0	0
run021	100	485	0	0	0	0	0
run021	100	489	0	0	0	0	0
run021	100	493	0	0	0	0	0
run021	100	497	0	0	0	0	0
run021	100	501	0	0	0	0	0
run021	100	505	0	0	0	0	0
run021	100	509	0	0	0	0	0
run021	100	513	0	0	0	0	0
run021	100	517	0	0	0	0	0
run021	100	521	0	0	0	0	0
run021	100	525	0	0	0	0	0
run021	100	529	0	0	0	0	0
run021	100	533	0	0	0	0	0
run021	100	537	0	0	0	0	0
run021	100	541	0	0	0	0	0
run021	100	545	0	0	0	0	0
run021	100	549	0	0	0	0	0
run021	100	553	0	0	0	0	0
run021	100	557	0	0	0	0	0
run021	100	561	0	0	0	0	0
run021	100	565	0	0	0	0	0
run021	100	569	0	0	0	0	0
run021	100	573	0	0	0	0	0
run021	100	577	0	0	0	0	0
run021	100	581	0	0	0	0	0
run021	100	585	0	0	0	0	0
run021	100	589	0	0	0	0	0
run021	100	593	0	0	0	0	0
run021	100	597	0	0	0	0	0
run021	100	601	0	0	0	0	0
run021	100	605	0	0	0	0	0
run021	100	609	0	0	0	0	0
run021	100	613	0	0	0	0	0
run021	100	617	0	0	0	0	0
run021	100	621	0	0	0	0	0
run021	100	625	0	0	0	0	0
run021	100	629	0	0	0	0	0
run021	100	633	0	0	0	0	0
run021	100	637	0	0	0	0	0
run021	100	641	0	0	0	0	0
run021	100	645	0	0	0	0	0
run021	100	649	0	0	0	0	0
run021	100	653	0	0	0	0	0
run021	100	657	0	0	0	0	0
run021	100	661	0	0	0	0	0
run021	100	665	0	0	0	0	0
run021	100	669	0	0	0	0	0
run021	100	673	0	0	0	0	0
run021	100	677	0	0	0	0	0
run021	100	681	0	0	0	0	0
run021	100	685	0	0	0	0	0
run021	100	689	0	0	0	0	0
run021	100	693	0	0	0	0	0
run021	100	697	0	0	0	0	0
run021	100	701	0	0	0	0	0
run021	100	705	0	0	0	0	0
run021	100	709	0	0	0	0	0
run021	100	713	0	0	0	0	0
run021	100	717	0	0	0	0	0
run021	100	721	0	0	0	0	0
run021	100	725	0	0	0	0	0
run021	100	729	0	0	0	0	0
run021	100	733	0	0	0	0	0
run021	100	737	0	0	0	0	0
run021	100	741	0	0	0	0	0
run021	100	745	0	0	0	0	0
run021	100	749	0	0	0	0	0
run021	100	753	0	0	0	0	0
run021	100	757	0	0	0	0	0
run021	100	761	0	0	0	0	0
run021	100	765	0	0	0	0	0
run021	100	769	0	0	0	0	0
run021	100	773	0	0	0	0	0
run021	100	777	0	0	0	0	0
run021	100	781	0	0	0	0	0
run021	100	785	0	0	0	0	0
run021	100	789	0	0	0	0	0
run021	100	793	0	0	0	0	0
run021	100	797	0	0	0	0	0
run021	100	801	0	0	0	0	0
run021	100	805	0	0	0	0	0
run021	100	809	0	0	0	0	0
run021	100	813	0	0	0	0	0
run021	100	817	0	0	0	0	0
run021	100	821	0	0	0	0	0
run021	100	825	0	0	0	0	0
run021	100	829	0	0	0	0	0
run021	100	833	0	0	0	0	0
run021	100	837	0	0	0	0	0
run021	100	841	0	0	0	0	0
run021	100	845	0	0	0	0	0
run021	100	849	0	0	0	0	0
run021	100	853	0	0	0	0	0
run021	100	857	0	0	0	0	0
run021	100	861	0	0	0	0	0
run021	100	865	0	0	0	0	0
run021	100	869	0	0	0	0	0
run021	100	873	0	0	0	0	0
run021	100	877	0	0	0	0	0
run021	100	881	0	0	0	0	0
run021	100	885	0	0	0	0	0
run021	100	889	0	0	0	0	0
run021	100	893	0	0	0	0	0
run021	100	897	0	0	0	0	0
run021	100	901	0	0	0	0	0
run021	100	905	0	0	0	0	0
run021	100	909	0	0	0	0	0
run021	100	913	0	0	0	0	0
run021	100	917	0	0	0	0	0
run021	100	921	0	0	0	0	0
run021	100	925	0	0	0	0	0
run021	100	929	0	0	0	0	0
run021	100	933	0	0	0	0	0
run021	100	937	0	0	0	0	0
run021	100	941	0	0	0	0	0
run021	100	945	0	0	0	0	0
run021	100	949	0	0	0	0	0
run021	100	953	0	0	0	0	0
run021	100	957	0	0	0	0	0
run021	100	961	0	0	0	0	0
run021	100	965	0	0	0	0	0
run021	100	969	0	0	0	0	0
run021	100	973	0	0	0	0	0
run021	100	977	0	0	0	0	0
run021	100	981	0	0	0	0	0
run021	100	985	0	0	0	0	0
run021	100	989	0	0	0	0	0
run021	100	993	0	0	0	0	0
run021	100	997	0	0	0	0	0
run021	100	1001	0	0	0	0	0
run021	100	1005	0	0	0	0	0
run021	100	1009	0	0	0	0	0
run021	100	1013	0	0	0	0	0
run021	100	1017	0	0	0	0	0
run021	100	1021	0	0	0	0	0
run021	100	1025	0	0	0	0	0
run021	100	1029	0	0	0	0	0
run021	100	1033	0	0	0	0	0
run021	100	1037	0	0	0	0	0
run021	100	1041	0	0	0	0	0
run021	100	1045	0	0	0	0	0
run021	100	1049	0	0	0	0	0
run021	100	1053	0	0	0	0	0
run021	100	1057	0	0	0	0	0
run021	100	1061	0	0	0	0	0
run021	100	1065	0	0	0	0	0
run021	100	1069	0	0	0	0	0
run021	100	1073	0	0	0	0	0
run021	100	1077	0	0	0	0	0
run021	100	1081	0	0	0	0	0
run021	100	1085	0	0	0	0	0
run021	100	1089	0	0	0	0	0
run021	100	1093	0	0	0	0	0
run021	100	1097	0	0	0	0	0
run021	100	1100	0	0	0	0	0
